id,apollo_parent_id,atlas_entry_ids,mission,sample_type,lithology,description,atlas_detail_urls,atlas_pdf_urls,relab_measurement_count,coverage_status
1,10000,10000,Apollo 11,,,,https://www.lpi.usra.edu/lunar/samples/atlas/detail/?mission=Apollo%2011&sample=10000,,0,no_relab_spectrum_for_parent_or_children
2,10002,10002,Apollo 11,,,,https://www.lpi.usra.edu/lunar/samples/atlas/detail/?mission=Apollo%2011&sample=10002,,0,no_relab_spectrum_for_parent_or_children
3,10004,10004,Apollo 11,core,,,https://www.lpi.usra.edu/lunar/samples/atlas/detail/?mission=Apollo%2011&sample=10004,,0,no_relab_spectrum_for_parent_or_children
4,10005,10005,Apollo 11,core,,,https://www.lpi.usra.edu/lunar/samples/atlas/detail/?mission=Apollo%2011&sample=10005,,0,no_relab_spectrum_for_parent_or_children
5,10009,10009,Apollo 11,rock,breccia,Highly devitrified breccia with high glass clast content,https://www.lpi.usra.edu/lunar/samples/atlas/detail/?mission=Apollo%2011&sample=10009,,0,no_relab_spectrum_for_parent_or_children
6,10010,10010,Apollo 11,,soil,,https://www.lpi.usra.edu/lunar/samples/atlas/detail/?mission=Apollo%2011&sample=10010,,0,no_relab_spectrum_for_parent_or_children
7,10015,10015,Apollo 11,,,,https://www.lpi.usra.edu/lunar/samples/atlas/detail/?mission=Apollo%2011&sample=10015,,0,no_relab_spectrum_for_parent_or_children
8,10017,10017,Apollo 11,rock,basalt,"Fine-grained, poikilitic, vesicular basalt composed of clinopyroxene, plagioclase, two generations of ilmenite and subordinate opaques and mesostasis",https://www.lpi.usra.edu/lunar/samples/atlas/detail/?mission=Apollo%2011&sample=10017,,0,no_relab_spectrum_for_parent_or_children
9,10018,10018,Apollo 11,rock,breccia,Dark grey fine breccia,https://www.lpi.usra.edu/lunar/samples/atlas/detail/?mission=Apollo%2011&sample=10018,,0,no_relab_spectrum_for_parent_or_children
10,10019,10019,Apollo 11,rock,breccia,Partly devitrified breccia with low lithic clast content,https://www.lpi.usra.edu/lunar/samples/atlas/detail/?mission=Apollo%2011&sample=10019,,0,no_relab_spectrum_for_parent_or_children
11,10021,10021,Apollo 11,rock,breccia,Partly devitrified typical breccia with a relatively low amount of glass fragments,https://www.lpi.usra.edu/lunar/samples/atlas/detail/?mission=Apollo%2011&sample=10021,,0,no_relab_spectrum_for_parent_or_children
12,10022,10022,Apollo 11,,basalt,,https://www.lpi.usra.edu/lunar/samples/atlas/detail/?mission=Apollo%2011&sample=10022,,0,no_relab_spectrum_for_parent_or_children
13,10023,10023,Apollo 11,rock,breccia,"Sub-rounded, medium dark gray, fine breccia",https://www.lpi.usra.edu/lunar/samples/atlas/detail/?mission=Apollo%2011&sample=10023,,0,no_relab_spectrum_for_parent_or_children
14,10024,10024,Apollo 11,,basalt,,https://www.lpi.usra.edu/lunar/samples/atlas/detail/?mission=Apollo%2011&sample=10024,,0,no_relab_spectrum_for_parent_or_children
15,10025,10025,Apollo 11,,breccia,,https://www.lpi.usra.edu/lunar/samples/atlas/detail/?mission=Apollo%2011&sample=10025,,0,no_relab_spectrum_for_parent_or_children
16,10026,10026,Apollo 11,,regolith breccia,,https://www.lpi.usra.edu/lunar/samples/atlas/detail/?mission=Apollo%2011&sample=10026,,0,no_relab_spectrum_for_parent_or_children
17,10027,10027,Apollo 11,,breccia,,https://www.lpi.usra.edu/lunar/samples/atlas/detail/?mission=Apollo%2011&sample=10027,,0,no_relab_spectrum_for_parent_or_children
18,10028,10028,Apollo 11,,breccia,,https://www.lpi.usra.edu/lunar/samples/atlas/detail/?mission=Apollo%2011&sample=10028,,0,no_relab_spectrum_for_parent_or_children
19,10029,10029,Apollo 11,,basalt,,https://www.lpi.usra.edu/lunar/samples/atlas/detail/?mission=Apollo%2011&sample=10029,,0,no_relab_spectrum_for_parent_or_children
20,10030,10030,Apollo 11,,,,https://www.lpi.usra.edu/lunar/samples/atlas/detail/?mission=Apollo%2011&sample=10030,,0,no_relab_spectrum_for_parent_or_children
21,10031,10031,Apollo 11,,basalt,,https://www.lpi.usra.edu/lunar/samples/atlas/detail/?mission=Apollo%2011&sample=10031,,0,no_relab_spectrum_for_parent_or_children
22,10032,10032,Apollo 11,,basalt,,https://www.lpi.usra.edu/lunar/samples/atlas/detail/?mission=Apollo%2011&sample=10032,,0,no_relab_spectrum_for_parent_or_children
23,10044,10044,Apollo 11,,basalt,,https://www.lpi.usra.edu/lunar/samples/atlas/detail/?mission=Apollo%2011&sample=10044,,0,no_relab_spectrum_for_parent_or_children
24,10045,10045,Apollo 11,,basalt,,https://www.lpi.usra.edu/lunar/samples/atlas/detail/?mission=Apollo%2011&sample=10045,,0,no_relab_spectrum_for_parent_or_children
25,10046,10046,Apollo 11,,breccia,,https://www.lpi.usra.edu/lunar/samples/atlas/detail/?mission=Apollo%2011&sample=10046,,0,no_relab_spectrum_for_parent_or_children
26,10047,10047,Apollo 11,rock,basalt,"Medium-grained subophitic basalt composed of clinopyroxene, two generations of plagioclase, ilmenite with subordinate cristobalite pyroxferroite and mesostasis.",https://www.lpi.usra.edu/lunar/samples/atlas/detail/?mission=Apollo%2011&sample=10047,,0,no_relab_spectrum_for_parent_or_children
27,10048,10048,Apollo 11,rock,breccia,"Rounded to subrounded, medium light grey, fine breccia",https://www.lpi.usra.edu/lunar/samples/atlas/detail/?mission=Apollo%2011&sample=10048,,0,no_relab_spectrum_for_parent_or_children
28,10049,10049,Apollo 11,rock,basalt,Fine-grained vesicular intersertal basalt with a pyroxene-ilmenite network hosting smaller plagioclase crystals and abundant mesostasis.,https://www.lpi.usra.edu/lunar/samples/atlas/detail/?mission=Apollo%2011&sample=10049,,0,no_relab_spectrum_for_parent_or_children
29,10050,10050,Apollo 11,,basalt,,https://www.lpi.usra.edu/lunar/samples/atlas/detail/?mission=Apollo%2011&sample=10050,,0,no_relab_spectrum_for_parent_or_children
30,10056,10056,Apollo 11,rock,breccia,"Angular to sub-angular, medium dark grey microbreccia",https://www.lpi.usra.edu/lunar/samples/atlas/detail/?mission=Apollo%2011&sample=10056,,0,no_relab_spectrum_for_parent_or_children
31,10057,10057,Apollo 11,,basalt,,https://www.lpi.usra.edu/lunar/samples/atlas/detail/?mission=Apollo%2011&sample=10057,,0,no_relab_spectrum_for_parent_or_children
32,10058,10058,Apollo 11,,basalt,,https://www.lpi.usra.edu/lunar/samples/atlas/detail/?mission=Apollo%2011&sample=10058,,0,no_relab_spectrum_for_parent_or_children
33,10059,10059,Apollo 11,rock,breccia,Slightly devitrified typical breccia with relatively low lithic clast content,https://www.lpi.usra.edu/lunar/samples/atlas/detail/?mission=Apollo%2011&sample=10059,,0,no_relab_spectrum_for_parent_or_children
34,10060,10060,Apollo 11,,breccia,,https://www.lpi.usra.edu/lunar/samples/atlas/detail/?mission=Apollo%2011&sample=10060,,0,no_relab_spectrum_for_parent_or_children
35,10061,10061,Apollo 11,rock,breccia,"Partly devitrified, medium grey fine breccia with marked matrix differences between zones",https://www.lpi.usra.edu/lunar/samples/atlas/detail/?mission=Apollo%2011&sample=10061,,0,no_relab_spectrum_for_parent_or_children
36,10062,10062,Apollo 11,,basalt,,https://www.lpi.usra.edu/lunar/samples/atlas/detail/?mission=Apollo%2011&sample=10062,,0,no_relab_spectrum_for_parent_or_children
37,10063,10063,Apollo 11,rock,breccia,"Sub-angular, dark grey, partly devitrified typical breccia with relatively high glass clast content",https://www.lpi.usra.edu/lunar/samples/atlas/detail/?mission=Apollo%2011&sample=10063,,0,no_relab_spectrum_for_parent_or_children
38,10064,10064,Apollo 11,rock,breccia,"Angular, dark to light grey, highly devitrified fine breccia with high glass clast content",https://www.lpi.usra.edu/lunar/samples/atlas/detail/?mission=Apollo%2011&sample=10064,,0,no_relab_spectrum_for_parent_or_children
39,10065,10065,Apollo 11,,breccia,,https://www.lpi.usra.edu/lunar/samples/atlas/detail/?mission=Apollo%2011&sample=10065,,0,no_relab_spectrum_for_parent_or_children
40,10066,10066,Apollo 11,rock,breccia,"Rounded, dark grey, fine breccia",https://www.lpi.usra.edu/lunar/samples/atlas/detail/?mission=Apollo%2011&sample=10066,,0,no_relab_spectrum_for_parent_or_children
41,10067,10067,Apollo 11,rock,breccia,"Sub-angular, dark grey, partly devitrified microbreccia with low glass content",https://www.lpi.usra.edu/lunar/samples/atlas/detail/?mission=Apollo%2011&sample=10067,,0,no_relab_spectrum_for_parent_or_children
42,10069,10069,Apollo 11,,basalt,,https://www.lpi.usra.edu/lunar/samples/atlas/detail/?mission=Apollo%2011&sample=10069,,0,no_relab_spectrum_for_parent_or_children
43,10070,10070,Apollo 11,rock,breccia,"Subangular, dark grey, partly devitrified fine breccia with many small lithic clasts and few large clasts",https://www.lpi.usra.edu/lunar/samples/atlas/detail/?mission=Apollo%2011&sample=10070,,0,no_relab_spectrum_for_parent_or_children
44,10071,10071,Apollo 11,,basalt,,https://www.lpi.usra.edu/lunar/samples/atlas/detail/?mission=Apollo%2011&sample=10071,,0,no_relab_spectrum_for_parent_or_children
45,10072,10072;10072A;10072D,Apollo 11,,basalt,,https://www.lpi.usra.edu/lunar/samples/atlas/detail/?mission=Apollo%2011&sample=10072;https://www.lpi.usra.edu/lunar/samples/atlas/detail/?mission=Apollo%2011&sample=10072A;https://www.lpi.usra.edu/lunar/samples/atlas/detail/?mission=Apollo%2011&sample=10072D,,0,no_relab_spectrum_for_parent_or_children
46,10073,10073,Apollo 11,rock,breccia,"Rounded, medium dark grey, partly devitrified microbreccia with low lithic clast content",https://www.lpi.usra.edu/lunar/samples/atlas/detail/?mission=Apollo%2011&sample=10073,,0,no_relab_spectrum_for_parent_or_children
47,10074,10074,Apollo 11,rock,breccia,"Angular, medium dark grey, partly devitrified microbreccia with low lithic clast content",https://www.lpi.usra.edu/lunar/samples/atlas/detail/?mission=Apollo%2011&sample=10074,,0,no_relab_spectrum_for_parent_or_children
48,10075,10075,Apollo 11,rock,breccia,"Subangular, medium grey, partly devitrified fine breccia",https://www.lpi.usra.edu/lunar/samples/atlas/detail/?mission=Apollo%2011&sample=10075,,0,no_relab_spectrum_for_parent_or_children
49,10082,10082,Apollo 11,rock,breccia,"Rounded to subrounded, dark grey to black, partly devitrified microbreccia with no large lithic clasts",https://www.lpi.usra.edu/lunar/samples/atlas/detail/?mission=Apollo%2011&sample=10082,,0,no_relab_spectrum_for_parent_or_children
50,10085,10085,Apollo 11,,,,https://www.lpi.usra.edu/lunar/samples/atlas/detail/?mission=Apollo%2011&sample=10085,,0,no_relab_spectrum_for_parent_or_children
51,10092,10092,Apollo 11,,basalt,,https://www.lpi.usra.edu/lunar/samples/atlas/detail/?mission=Apollo%2011&sample=10092,,0,no_relab_spectrum_for_parent_or_children
52,10093,10093,Apollo 11,rock,breccia,"Subangular, medium dark grey, fine breccia",https://www.lpi.usra.edu/lunar/samples/atlas/detail/?mission=Apollo%2011&sample=10093,,0,no_relab_spectrum_for_parent_or_children
53,10094,10094,Apollo 11,rock,breccia,"Subangular to subrounded, medium dark grey breccia",https://www.lpi.usra.edu/lunar/samples/atlas/detail/?mission=Apollo%2011&sample=10094,,0,no_relab_spectrum_for_parent_or_children
54,10119,10119,Apollo 11,,,,https://www.lpi.usra.edu/lunar/samples/atlas/detail/?mission=Apollo%2011&sample=10119,,0,no_relab_spectrum_for_parent_or_children
55,12004,12004,Apollo 12,rock,basalt,olivine basalt,https://www.lpi.usra.edu/lunar/samples/atlas/detail/?mission=Apollo%2012&sample=12004,,0,no_relab_spectrum_for_parent_or_children
56,12005,12005,Apollo 12,rock,basalt,"holocrystalline, olivine basalt",https://www.lpi.usra.edu/lunar/samples/atlas/detail/?mission=Apollo%2012&sample=12005,,0,no_relab_spectrum_for_parent_or_children
57,12006,12006,Apollo 12,rock,basalt,"Oliving Basalt, holocrystalline",https://www.lpi.usra.edu/lunar/samples/atlas/detail/?mission=Apollo%2012&sample=12006,,0,no_relab_spectrum_for_parent_or_children
58,12007,12007,Apollo 12,rock,basalt,holocrystalline,https://www.lpi.usra.edu/lunar/samples/atlas/detail/?mission=Apollo%2012&sample=12007,,0,no_relab_spectrum_for_parent_or_children
59,12008,12008,Apollo 12,rock,basalt,cumulate (ilmenite) ?,https://www.lpi.usra.edu/lunar/samples/atlas/detail/?mission=Apollo%2012&sample=12008,,0,no_relab_spectrum_for_parent_or_children
60,12009,12009,Apollo 12,rock,basalt,,https://www.lpi.usra.edu/lunar/samples/atlas/detail/?mission=Apollo%2012&sample=12009,,0,no_relab_spectrum_for_parent_or_children
61,12010,12010,Apollo 12,,breccia,,https://www.lpi.usra.edu/lunar/samples/atlas/detail/?mission=Apollo%2012&sample=12010,,0,no_relab_spectrum_for_parent_or_children
62,12011,12011,Apollo 12,rock,basalt,holocrystalline,https://www.lpi.usra.edu/lunar/samples/atlas/detail/?mission=Apollo%2012&sample=12011,,0,no_relab_spectrum_for_parent_or_children
63,12012,12012,Apollo 12,rock,basalt,Olivine Pyroxenite; holocrystalline,https://www.lpi.usra.edu/lunar/samples/atlas/detail/?mission=Apollo%2012&sample=12012,,0,no_relab_spectrum_for_parent_or_children
64,12014,12014,Apollo 12,rock,basalt,porphyritic olivine microgabbro,https://www.lpi.usra.edu/lunar/samples/atlas/detail/?mission=Apollo%2012&sample=12014,,0,no_relab_spectrum_for_parent_or_children
65,12015,12015,Apollo 12,,basalt,,https://www.lpi.usra.edu/lunar/samples/atlas/detail/?mission=Apollo%2012&sample=12015,,0,no_relab_spectrum_for_parent_or_children
66,12016,12016,Apollo 12,,basalt,,https://www.lpi.usra.edu/lunar/samples/atlas/detail/?mission=Apollo%2012&sample=12016,,0,no_relab_spectrum_for_parent_or_children
67,12017,12017,Apollo 12,,basalt,,https://www.lpi.usra.edu/lunar/samples/atlas/detail/?mission=Apollo%2012&sample=12017,,0,no_relab_spectrum_for_parent_or_children
68,12018,12018,Apollo 12,rock,basalt,(terrestrial analogue) medium grained gabbro,https://www.lpi.usra.edu/lunar/samples/atlas/detail/?mission=Apollo%2012&sample=12018,,0,no_relab_spectrum_for_parent_or_children
69,12019,12019,Apollo 12,,basalt,,https://www.lpi.usra.edu/lunar/samples/atlas/detail/?mission=Apollo%2012&sample=12019,,0,no_relab_spectrum_for_parent_or_children
70,12020,12020,Apollo 12,,basalt,,https://www.lpi.usra.edu/lunar/samples/atlas/detail/?mission=Apollo%2012&sample=12020,,0,no_relab_spectrum_for_parent_or_children
71,12022,12022,Apollo 12,,basalt,,https://www.lpi.usra.edu/lunar/samples/atlas/detail/?mission=Apollo%2012&sample=12022,,0,no_relab_spectrum_for_parent_or_children
72,12025,12025,Apollo 12,,,,https://www.lpi.usra.edu/lunar/samples/atlas/detail/?mission=Apollo%2012&sample=12025,,0,no_relab_spectrum_for_parent_or_children
73,12027,12027,Apollo 12,core,,,https://www.lpi.usra.edu/lunar/samples/atlas/detail/?mission=Apollo%2012&sample=12027,,0,no_relab_spectrum_for_parent_or_children
74,12028,12028,Apollo 12,,,,https://www.lpi.usra.edu/lunar/samples/atlas/detail/?mission=Apollo%2012&sample=12028,,0,no_relab_spectrum_for_parent_or_children
75,12031,12031,Apollo 12,,basalt,,https://www.lpi.usra.edu/lunar/samples/atlas/detail/?mission=Apollo%2012&sample=12031,,0,no_relab_spectrum_for_parent_or_children
76,12034,12034,Apollo 12,,breccia,,https://www.lpi.usra.edu/lunar/samples/atlas/detail/?mission=Apollo%2012&sample=12034,,0,no_relab_spectrum_for_parent_or_children
77,12035,12035,Apollo 12,,basalt,,https://www.lpi.usra.edu/lunar/samples/atlas/detail/?mission=Apollo%2012&sample=12035,,0,no_relab_spectrum_for_parent_or_children
78,12036,12036,Apollo 12,,basalt,,https://www.lpi.usra.edu/lunar/samples/atlas/detail/?mission=Apollo%2012&sample=12036,,0,no_relab_spectrum_for_parent_or_children
79,12038,12038,Apollo 12,rock,basalt,holocrystalline; diabase (terrestrial analogue);,https://www.lpi.usra.edu/lunar/samples/atlas/detail/?mission=Apollo%2012&sample=12038,,0,no_relab_spectrum_for_parent_or_children
80,12039,12039,Apollo 12,,basalt,,https://www.lpi.usra.edu/lunar/samples/atlas/detail/?mission=Apollo%2012&sample=12039,,0,no_relab_spectrum_for_parent_or_children
81,12040,12040,Apollo 12,,basalt,,https://www.lpi.usra.edu/lunar/samples/atlas/detail/?mission=Apollo%2012&sample=12040,,0,no_relab_spectrum_for_parent_or_children
82,12041,12041,Apollo 12,soil-general,,Soil sample collected about 50 m east of the rim of Bench crater. Sample consists mostly of ine particles but includes a 6.4 mm glass sphere.,https://www.lpi.usra.edu/lunar/samples/atlas/detail/?mission=Apollo%2012&sample=12041,,0,no_relab_spectrum_for_parent_or_children
83,12042,12042,Apollo 12,,,"12042 is a surface soil taken on the outer flank of Surveyor crater rim, 50 m NW of Halo crater. The sample area is strewn with cohesive clods or aggregates showing a ""wrinkled texture"". Perhaps this indicates an area of secondary ejecta.",https://www.lpi.usra.edu/lunar/samples/atlas/detail/?mission=Apollo%2012&sample=12042,,0,no_relab_spectrum_for_parent_or_children
84,12043,12043,Apollo 12,,basalt,,https://www.lpi.usra.edu/lunar/samples/atlas/detail/?mission=Apollo%2012&sample=12043,,0,no_relab_spectrum_for_parent_or_children
85,12044,12044,Apollo 12,soil-general,,Soil 12044 and rock 12043 were collected from the south rim of Surveyor crater. Astronauts observed a prominent double glass bead on the surface.,https://www.lpi.usra.edu/lunar/samples/atlas/detail/?mission=Apollo%2012&sample=12044,,0,no_relab_spectrum_for_parent_or_children
86,12045,12045,Apollo 12,,basalt,,https://www.lpi.usra.edu/lunar/samples/atlas/detail/?mission=Apollo%2012&sample=12045,,0,no_relab_spectrum_for_parent_or_children
87,12046,12046,Apollo 12,,basalt,,https://www.lpi.usra.edu/lunar/samples/atlas/detail/?mission=Apollo%2012&sample=12046,,0,no_relab_spectrum_for_parent_or_children
88,12047,12047,Apollo 12,,basalt,,https://www.lpi.usra.edu/lunar/samples/atlas/detail/?mission=Apollo%2012&sample=12047,,0,no_relab_spectrum_for_parent_or_children
89,12051,12051,Apollo 12,,basalt,,https://www.lpi.usra.edu/lunar/samples/atlas/detail/?mission=Apollo%2012&sample=12051,,0,no_relab_spectrum_for_parent_or_children
90,12052,12052,Apollo 12,,basalt,,https://www.lpi.usra.edu/lunar/samples/atlas/detail/?mission=Apollo%2012&sample=12052,,0,no_relab_spectrum_for_parent_or_children
91,12053,12053,Apollo 12,,basalt,,https://www.lpi.usra.edu/lunar/samples/atlas/detail/?mission=Apollo%2012&sample=12053,,0,no_relab_spectrum_for_parent_or_children
92,12054,12054,Apollo 12,,basalt,,https://www.lpi.usra.edu/lunar/samples/atlas/detail/?mission=Apollo%2012&sample=12054,,0,no_relab_spectrum_for_parent_or_children
93,12055,12055,Apollo 12,,basalt,,https://www.lpi.usra.edu/lunar/samples/atlas/detail/?mission=Apollo%2012&sample=12055,,0,no_relab_spectrum_for_parent_or_children
94,12056,12056,Apollo 12,,basalt,,https://www.lpi.usra.edu/lunar/samples/atlas/detail/?mission=Apollo%2012&sample=12056,,0,no_relab_spectrum_for_parent_or_children
95,12062,12062,Apollo 12,,basalt,,https://www.lpi.usra.edu/lunar/samples/atlas/detail/?mission=Apollo%2012&sample=12062,,0,no_relab_spectrum_for_parent_or_children
96,12064,12064,Apollo 12,,basalt,,https://www.lpi.usra.edu/lunar/samples/atlas/detail/?mission=Apollo%2012&sample=12064,,0,no_relab_spectrum_for_parent_or_children
97,12065,12065,Apollo 12,rock,basalt,diabase (terrestrial analogue); holocrystalline,https://www.lpi.usra.edu/lunar/samples/atlas/detail/?mission=Apollo%2012&sample=12065,,0,no_relab_spectrum_for_parent_or_children
98,12072,12072,Apollo 12,,basalt,,https://www.lpi.usra.edu/lunar/samples/atlas/detail/?mission=Apollo%2012&sample=12072,,0,no_relab_spectrum_for_parent_or_children
99,12073,12073,Apollo 12,,breccia,,https://www.lpi.usra.edu/lunar/samples/atlas/detail/?mission=Apollo%2012&sample=12073,,0,no_relab_spectrum_for_parent_or_children
100,12075,12075,Apollo 12,,basalt,,https://www.lpi.usra.edu/lunar/samples/atlas/detail/?mission=Apollo%2012&sample=12075,,0,no_relab_spectrum_for_parent_or_children
101,12076,12076,Apollo 12,,basalt,,https://www.lpi.usra.edu/lunar/samples/atlas/detail/?mission=Apollo%2012&sample=12076,,0,no_relab_spectrum_for_parent_or_children
102,12077,12077,Apollo 12,,basalt,,https://www.lpi.usra.edu/lunar/samples/atlas/detail/?mission=Apollo%2012&sample=12077,,0,no_relab_spectrum_for_parent_or_children
103,14006,14006,Apollo 14,rock,breccia,Sample 14006 was collected as part of the contingency sample during the first EVA in the vicinity of the lunar module. It was returned in weigh bag 1039 along with the rest of the contingency sample;,https://www.lpi.usra.edu/lunar/samples/atlas/detail/?mission=Apollo%2014&sample=14006,,0,no_relab_spectrum_for_parent_or_children
104,14008,14008,Apollo 14,rock,,Sample 14008 was collected from the LM vicinity during the first EVA as part of the contingency sample. It was returned in weigh bag 1039 along with the rest of the contingency samples (14001-14012); sample is fine graned fragmental rock with avg grain size less than 0.1 mm; texturally and mineralogically homogeneous.,https://www.lpi.usra.edu/lunar/samples/atlas/detail/?mission=Apollo%2014&sample=14008,,0,no_relab_spectrum_for_parent_or_children
105,14035,14035,Apollo 14,,,,https://www.lpi.usra.edu/lunar/samples/atlas/detail/?mission=Apollo%2014&sample=14035,,0,no_relab_spectrum_for_parent_or_children
106,14041,14041,Apollo 14,,breccia,"Samples 14041-14046 are fragments from a fractured clod tht broke apart when it was collected by Astronaut Mitchell, collected from Station A, 150 m NW of LM and 90 m N of North Triplet Crater; samples 14041, 14042, 14043, and 14045 are large enough to be considered rocks; sample 14044 is residue and sample 14046 is composed of chips and fines; placed in documented bag 3N and returned in ALSRC 1006.",https://www.lpi.usra.edu/lunar/samples/atlas/detail/?mission=Apollo%2014&sample=14041,,0,no_relab_spectrum_for_parent_or_children
107,14042,14042,Apollo 14,rock,breccia,"Samples 14041-14046 are fragments from a fractured clod tht broke apart when it was collected by Astronaut Mitchell, collected from Station A, 150 m NW of LM and 90 m N of North Triplet Crater; samples 14041, 14042, 14043, and 14045 are large enough to be considered rocks; sample 14044 is residue and sample 14046 is composed of chips and fines; placed in documented bag 3N and returned in ALSRC 1006.",https://www.lpi.usra.edu/lunar/samples/atlas/detail/?mission=Apollo%2014&sample=14042,,0,no_relab_spectrum_for_parent_or_children
108,14045,14045,Apollo 14,,breccia,"Samples 14041-14046 are fragments from a fractured clod tht broke apart when it was collected by Astronaut Mitchell, collected from Station A, 150 m NW of LM and 90 m N of North Triplet Crater; samples 14041, 14042, 14043, and 14045 are large enough to be considered rocks; sample 14044 is residue and sample 14046 is composed of chips and fines; placed in documented bag 3N and returned in ALSRC 1006.",https://www.lpi.usra.edu/lunar/samples/atlas/detail/?mission=Apollo%2014&sample=14045,,0,no_relab_spectrum_for_parent_or_children
109,14046,14046,Apollo 14,,,,https://www.lpi.usra.edu/lunar/samples/atlas/detail/?mission=Apollo%2014&sample=14046,,0,no_relab_spectrum_for_parent_or_children
110,14047,14047,Apollo 14,rock,breccia,"Sample 14047 was collected at Station B, 330 m NE of LM and 65 m NNW of the rim of Weird Crater. It was placed in documented bag 5N and returned in ALSRC 1006.",https://www.lpi.usra.edu/lunar/samples/atlas/detail/?mission=Apollo%2014&sample=14047,,0,no_relab_spectrum_for_parent_or_children
111,14048,14048,Apollo 14,,,,https://www.lpi.usra.edu/lunar/samples/atlas/detail/?mission=Apollo%2014&sample=14048,,0,no_relab_spectrum_for_parent_or_children
112,14049,14049,Apollo 14,rock,breccia,Sample 14049 was collected during the second EVA from Station Bg; placed in bag 6N by the astronauts who said they collected it from a crater rim. The lunar location and orientation are not documented by lunar surface photographs. It is a fragmental rock and is extremely friable and soft.,https://www.lpi.usra.edu/lunar/samples/atlas/detail/?mission=Apollo%2014&sample=14049,,0,no_relab_spectrum_for_parent_or_children
113,14051,14051,Apollo 14,rock,breccia,Sample 14051 was collected at station C' which was located 1.29 km ENE of LM and approximately 95 m SE of the rim of Cone Crater. The sample was collected on a gentle southward slope and was partly buried. The area was characterized by abundant fragments ranging from the limit of resolution up to 1.5 m blocks. The sample was returned in documented bag 7N in ALSRC 1006.,https://www.lpi.usra.edu/lunar/samples/atlas/detail/?mission=Apollo%2014&sample=14051,,0,no_relab_spectrum_for_parent_or_children
114,14052,14052,Apollo 14,,,,https://www.lpi.usra.edu/lunar/samples/atlas/detail/?mission=Apollo%2014&sample=14052,,0,no_relab_spectrum_for_parent_or_children
115,14053,14053,Apollo 14,rock,basalt,"holocrystalline, fine-grained, equigranular mare basalt (Carlson and Walton 1978); basalt (Wilshire and Jackson 1972) and (Quaide and Wrigley 1972); and mare basalt (Simonds et al 1977)",https://www.lpi.usra.edu/lunar/samples/atlas/detail/?mission=Apollo%2014&sample=14053,,0,no_relab_spectrum_for_parent_or_children
116,14054,14054,Apollo 14,,,,https://www.lpi.usra.edu/lunar/samples/atlas/detail/?mission=Apollo%2014&sample=14054,,0,no_relab_spectrum_for_parent_or_children
117,14055,14055,Apollo 14,rock,regolith breccia,"F1 Breccia, friable with light clasts (Wilshire and Jackson 1972); porous unshocked regolith microbreccia (Chao et al. 1972); glass rich regolith with breccia (von Engelhardt et al. 1972); and vitric matrix breccia (VMB) (Simonds et al. 1977)",https://www.lpi.usra.edu/lunar/samples/atlas/detail/?mission=Apollo%2014&sample=14055,,0,no_relab_spectrum_for_parent_or_children
118,14056,14056,Apollo 14,soil-general,breccia,"Sample 14056 was collected from station E during the second EVA. It was returned in bag 15N along with samples 14055-14062; sample is extremely friable and appears to be coherent soil clod, medium brownish in color.",https://www.lpi.usra.edu/lunar/samples/atlas/detail/?mission=Apollo%2014&sample=14056,,0,no_relab_spectrum_for_parent_or_children
119,14057,14057,Apollo 14,,soil,Sample 14057 was collected from Station E during the second EVA. It was returned in bag 15N in ALSRC 1006 along with samples 14055-14062. Sample is very friable and is brownish gray in color.,https://www.lpi.usra.edu/lunar/samples/atlas/detail/?mission=Apollo%2014&sample=14057,,0,no_relab_spectrum_for_parent_or_children
120,14058,14058,Apollo 14,rock,,"Sample 14058 was collected from station E during the second EVA. It was placed in bag 15N and returned in ALSRC 1006 along with 14055-14062. Sample is subangular, elongate rock tapered at one end. It is olive gray in color and is fine-grained with fragments larger than 1 mm comprising 15% of the rock.",https://www.lpi.usra.edu/lunar/samples/atlas/detail/?mission=Apollo%2014&sample=14058,,0,no_relab_spectrum_for_parent_or_children
121,14059,14059,Apollo 14,,breccia,"Sample 14059 was collected during the second EVA from station E. It was placed in bag 15N by the astronauts, and returned in ALSRC 1006 along with samples 14055-14062. Sample consists of two pieces, larger being irregular in shap and smaller being subrounded.",https://www.lpi.usra.edu/lunar/samples/atlas/detail/?mission=Apollo%2014&sample=14059,,0,no_relab_spectrum_for_parent_or_children
122,14060,14060,Apollo 14,rock,breccia,"Sample 14060 was collected from station E during the second EVA. It was placed in bag 15N by the astronauts and returned in ALSRC 1006 along with 14055-14062. Sample is well rounded (almost spherical), friable, fragmental rock and is medium gray in color.",https://www.lpi.usra.edu/lunar/samples/atlas/detail/?mission=Apollo%2014&sample=14060,,0,no_relab_spectrum_for_parent_or_children
123,14061,14061,Apollo 14,,breccia,"Sample 14061 was collected druing the second EVA from station E. It was placed in bag 15N by the astronauts and returned in ALSRC 1006 along with 14055-14062. (Sample 14062 is residue). Sample is friable and appears grayish brown in color. It is an equidimensional, subrounded block.",https://www.lpi.usra.edu/lunar/samples/atlas/detail/?mission=Apollo%2014&sample=14061,,0,no_relab_spectrum_for_parent_or_children
124,14063,14063,Apollo 14,rock,breccia,"So-Called ""White Rocks""; friable with dark clasts (Wilshire and Jackson 1972); annealed or slightly annealed, feldspathic Fra Mauro breccia (Chao et al 1972); ""white rock breccia"" (Quaide and Wrigley 1972);",https://www.lpi.usra.edu/lunar/samples/atlas/detail/?mission=Apollo%2014&sample=14063,,0,no_relab_spectrum_for_parent_or_children
125,14064,14064,Apollo 14,rock,breccia,"Sample 14064 was collected in the White Rocks area at Station C1 and was returned in bag 16 along with 14063 and 14065 (residue) in ALSRC 1006. There was a strong feeling at the LRL that 14064 and 14063 are parts of the same rock because not only do they look very much alike, but 14064 has a protruding 1 cm clast, while 14063 has a 1 cm clast mold. Shepard stated that he had put ""a couple"" of hand specimens into bag 16, which is what was found. Sample 14064 is one of those studied by the Imbrium Consortium. Sample is pale gray with leucocratic matrix and contains approximately 40% clasts and 60% matrix. The sample is friable ""white rock"".",https://www.lpi.usra.edu/lunar/samples/atlas/detail/?mission=Apollo%2014&sample=14064,,0,no_relab_spectrum_for_parent_or_children
126,14066,14066,Apollo 14,rock,breccia,"Sample 14066 was collected at Station F on the second EVA. The sample was found in the vicinity of Weird Crater. Sample was returned in documented bay 17N in ALSRC 1006. It is essentally a grab sample and is moderately friable with a blocky subround to subangular surface. It is very light gray in color with some large, darker gray clasts.",https://www.lpi.usra.edu/lunar/samples/atlas/detail/?mission=Apollo%2014&sample=14066,,0,no_relab_spectrum_for_parent_or_children
127,14067,14067,Apollo 14,,,,https://www.lpi.usra.edu/lunar/samples/atlas/detail/?mission=Apollo%2014&sample=14067,,0,no_relab_spectrum_for_parent_or_children
128,14068,14068,Apollo 14,rock,breccia,"Sample 14068 was collected during the second EVA from station C1 and placed in bag number 10. It is one of the surface rocks collected while a gray layer, just under the surface, was samples 14140-14143; blocky, gray, coherent, holocrystalline, melt rock with less than 5% clasts.",https://www.lpi.usra.edu/lunar/samples/atlas/detail/?mission=Apollo%2014&sample=14068,,0,no_relab_spectrum_for_parent_or_children
129,14069,14069,Apollo 14,rock,breccia,"Sample 14069 was collected at Station C1, 1.28 km ENE of the LM and 100 m SE of the rim of Cone Crater during the second EVA. The material at C1 appears to be material originally ejected from Cone Crater and re-ejected from a 30 m crater just south of Station C1 (Swann et al., 1977). Sample is block, gray, finely crystalline breccia with a sugary texture.",https://www.lpi.usra.edu/lunar/samples/atlas/detail/?mission=Apollo%2014&sample=14069,,0,no_relab_spectrum_for_parent_or_children
130,14070,14070,Apollo 14,rock,breccia,"Sample 14070 was collected from Station C1, 1.28 km ENE of the LM, and 100 m SE of the rim of Cone Crater during the second EVA. It appears to have been ejected from Cone Crater that was later re-ejected from a 30 m crater in the vicinity (Swann et. al., 1977). This is a blocky, subangular, coherent, light gray, crystalline breccia that is similar to 14069.",https://www.lpi.usra.edu/lunar/samples/atlas/detail/?mission=Apollo%2014&sample=14070,,0,no_relab_spectrum_for_parent_or_children
131,14071,14071,Apollo 14,,breccia,Sample 14071 was collected at Station C1 approximately 1.28 km ENE of LM and 100 m SE of Cone Crater. The area is locally flat with a slight southerly slope. The sample was collected amongst abundant debris ranging in size from the limit of resoution up to 75 cm. The photo-documented area was too disturbed to be able to see any intact craters. The sample was returned in documented bay 10N in ALSRC 1006. All the samples collected in the vicinity of 14071 are blocky and angular to subrounded with very rough surfaces.,https://www.lpi.usra.edu/lunar/samples/atlas/detail/?mission=Apollo%2014&sample=14071,,0,no_relab_spectrum_for_parent_or_children
132,14072,14072,Apollo 14,rock,basalt,Sample 14072 was collected at Station C1 approximately 1.28 km ENE of LM and 100 m SE of Cone Crater. The area is locally flat but generally slopes slightly to the south. The area is strewn with debris which ranges in size from the limit of resoution up to 75 cm. The debris is mainly angular to subrounded. The entire area of photo documentation is too disturbed to see any intact craters. The sample was returned in documented bag 10N in ALSRC 1006. Sample is medium light gray basalt and is somewhat smooth in appearance. The shape is blocky to subrounded and the rock is extremely coherent.,https://www.lpi.usra.edu/lunar/samples/atlas/detail/?mission=Apollo%2014&sample=14072,,0,no_relab_spectrum_for_parent_or_children
133,14073,14073,Apollo 14,rock,basalt,"Samples 14073, 14074, 14078, and 14079 came from the bottome of a trench taken at Station G, 230 m ESE of LM and 50 m E of North Triplet Rim Crust. The are is marked by a nearly level terrain with sparse amount of debris scattered throughout. The debris ranges in size from the limit of resolution up to 60 cm. There is a moderate abundance of subdued 20 to 50 cm craters in the area. All samples were returned in documented bag 20N in ALSRC 1006 and are very light gray, very coherent, holocrystalline, melt rocks.",https://www.lpi.usra.edu/lunar/samples/atlas/detail/?mission=Apollo%2014&sample=14073,,0,no_relab_spectrum_for_parent_or_children
134,14074,14074,Apollo 14,rock,basalt,"Samples 14073, 14074, 14078, and 14079 came from the bottome of a trench taken at Station G, 230 m ESE of LM and 50 m E of North Triplet Rim Crust. The are is marked by a nearly level terrain with sparse amount of debris scattered throughout. The debris ranges in size from the limit of resolution up to 60 cm. There is a moderate abundance of subdued 20 to 50 cm craters in the area. All samples were returned in documented bag 20N in ALSRC 1006 and are very light gray, very coherent, holocrystalline, melt rocks.",https://www.lpi.usra.edu/lunar/samples/atlas/detail/?mission=Apollo%2014&sample=14074,,0,no_relab_spectrum_for_parent_or_children
135,14075,14075,Apollo 14,rock,,"Sample 14075 was collected at the bottom of the trench at Station G 230 m ESE of LM and 50 m E of North Triplet rim crust. The area is characterized by a nearly level regolith surface which is sparsely strewn by fragmental debris. The size of the debris varies from the limit of resolution to 60 cm. It is small, subangular, blocky rock chip of a moderately coherent fragmental rock with a moderately smooth surface. The color is a ight gray. The sample was returned I documented bag 20N in ALSRC 1006.",https://www.lpi.usra.edu/lunar/samples/atlas/detail/?mission=Apollo%2014&sample=14075,,0,no_relab_spectrum_for_parent_or_children
136,14076,14076,Apollo 14,rock,breccia,"Sample 14076 was collected at the bottom of the trench at Station G, 230 m ESE of LM and 50 m E of North Triplet rim crest. Area in general is nearly level and lightly strewn with debris. The size of the debris ranges from the limit of resolution up to 60 cm. There is a moderate amount of subhedral 20 to 50 cm craters. The sample was returned in documented bag 20N in ALSRC 1006 and is medium light gray in color.",https://www.lpi.usra.edu/lunar/samples/atlas/detail/?mission=Apollo%2014&sample=14076,,0,no_relab_spectrum_for_parent_or_children
137,14077,14077,Apollo 14,rock,basalt,Sample 14077 was collected at Station G locted 230 m ESE of LM and 50 m E of North Triplet rim crust. It was collected from the bottom of the trench sample. The general area is more or less level and sparsely covered with debris. The size of the debris ranges from limit of resolution of 60 cm. The area has a moderate abundance of 20 to 50 cm craters mot of which are subdued. It was returned in documented bag 20N in ALSRC 1006 and is a very light gray holocrystalline plagioclase-rich rock and is fine-grained and inequigranular.,https://www.lpi.usra.edu/lunar/samples/atlas/detail/?mission=Apollo%2014&sample=14077,,0,no_relab_spectrum_for_parent_or_children
138,14078,14078,Apollo 14,rock,basalt,"Samples 14073, 14074, 14078, and 14079 came from the bottome of a trench taken at Station G, 230 m ESE of LM and 50 m E of North Triplet Rim Crust. The are is marked by a nearly level terrain with sparse amount of debris scattered throughout. The debris ranges in size from the limit of resolution up to 60 cm. There is a moderate abundance of subdued 20 to 50 cm craters in the area. All samples were returned in documented bag 20N in ALSRC 1006 and are very light gray, very coherent, holocrystalline, melt rocks.",https://www.lpi.usra.edu/lunar/samples/atlas/detail/?mission=Apollo%2014&sample=14078,,0,no_relab_spectrum_for_parent_or_children
139,14079,14079,Apollo 14,rock,basalt,"Samples 14073, 14074, 14078, and 14079 came from the bottome of a trench taken at Station G, 230 m ESE of LM and 50 m E of North Triplet Rim Crust. The are is marked by a nearly level terrain with sparse amount of debris scattered throughout. The debris ranges in size from the limit of resolution up to 60 cm. There is a moderate abundance of subdued 20 to 50 cm craters in the area. All samples were returned in documented bag 20N in ALSRC 1006 and are very light gray, very coherent, holocrystalline, melt rocks.",https://www.lpi.usra.edu/lunar/samples/atlas/detail/?mission=Apollo%2014&sample=14079,,0,no_relab_spectrum_for_parent_or_children
140,14080,14080,Apollo 14,rock,,"Samples 14080 and 14081 were taken from the middle of the trench at Station G 230 m ESE of LM and 50 m E of the Triplet rim crust. The general area from where the sample was taken is characterized by a nearly level terrain sparsely scattered with debris. The size of the debris varies from the limit of resolution up to 60 cm. The area is also characterized by a moderate abundance of subdued 20 to 50 cm craters and were returned in documented bay 21N in ALSRC 1006. Both are light gray in color and very fine grained. The are both polymicts and contain abundant glass. Both are friable being made up of < 1 mm rock/soil fragments bonded by glass. They could be pieces of the sample but in their present state, they cannot be fitted together.",https://www.lpi.usra.edu/lunar/samples/atlas/detail/?mission=Apollo%2014&sample=14080,,0,no_relab_spectrum_for_parent_or_children
141,14081,14081,Apollo 14,rock,,"Samples 14080 and 14081 were taken from the middle of the trench at Station G 230 m ESE of LM and 50 m E of the Triplet rim crust. The general area from where the sample was taken is characterized by a nearly level terrain sparsely scattered with debris. The size of the debris varies from the limit of resolution up to 60 cm. The area is also characterized by a moderate abundance of subdued 20 to 50 cm craters and were returned in documented bay 21N in ALSRC 1006. Both are light gray in color and very fine grained. The are both polymicts and contain abundant glass. Both are friable being made up of < 1 mm rock/soil fragments bonded by glass. They could be pieces of the sample but in their present state, they cannot be fitted together.",https://www.lpi.usra.edu/lunar/samples/atlas/detail/?mission=Apollo%2014&sample=14081,,0,no_relab_spectrum_for_parent_or_children
142,14082,14082,Apollo 14,rock,breccia,"Samples 14082/14083 are white rocks collected at Station C1, 1.24 km ENE of the LM and 17 m SE of the rim of Cone Crater. They are representative of one of the major rock types as seen in lunar photo documentation. The sample was chipped from the top of White Rock, a 1 m breccia boulder with consipicous 1 cm dark and light clasts in a very light gray matrix. This sample was placed in bag 13N and returned in ALSRC 1006. By the time it had arrived at the LRL, it had broken into two pieces and these were numbered 14082 and 14083. Sample 14082 was studied extensively by the Ibrium Consortium, from which much of this information is derived. Sample 14082/14083 is one of the white rocks. It is a polymict breccia with a very light gray matrix and darker lithic clasts.",https://www.lpi.usra.edu/lunar/samples/atlas/detail/?mission=Apollo%2014&sample=14082,,0,no_relab_spectrum_for_parent_or_children
143,14083,14083,Apollo 14,rock,breccia,"Samples 14082/14083 are white rocks collected at Station C1, 1.24 km ENE of the LM and 17 m SE of the rim of Cone Crater. They are representative of one of the major rock types as seen in lunar photo documentation. The sample was chipped from the top of White Rock, a 1 m breccia boulder with consipicous 1 cm dark and light clasts in a very light gray matrix. This sample was placed in bag 13N and returned in ALSRC 1006. By the time it had arrived at the LRL, it had broken into two pieces and these were numbered 14082 and 14083. Sample 14082 was studied extensively by the Ibrium Consortium, from which much of this information is derived. Sample 14082/14083 is one of the white rocks. It is a polymict breccia with a very light gray matrix and darker lithic clasts.",https://www.lpi.usra.edu/lunar/samples/atlas/detail/?mission=Apollo%2014&sample=14083,,0,no_relab_spectrum_for_parent_or_children
144,14084,14084,Apollo 14,,,,https://www.lpi.usra.edu/lunar/samples/atlas/detail/?mission=Apollo%2014&sample=14084,,0,no_relab_spectrum_for_parent_or_children
145,14140,14140,Apollo 14,,,,https://www.lpi.usra.edu/lunar/samples/atlas/detail/?mission=Apollo%2014&sample=14140,,0,no_relab_spectrum_for_parent_or_children
146,14142,14142,Apollo 14,,,,https://www.lpi.usra.edu/lunar/samples/atlas/detail/?mission=Apollo%2014&sample=14142,,0,no_relab_spectrum_for_parent_or_children
147,14143,14143,Apollo 14,,,,https://www.lpi.usra.edu/lunar/samples/atlas/detail/?mission=Apollo%2014&sample=14143,,0,no_relab_spectrum_for_parent_or_children
148,14144,14144,Apollo 14,,,,https://www.lpi.usra.edu/lunar/samples/atlas/detail/?mission=Apollo%2014&sample=14144,,0,no_relab_spectrum_for_parent_or_children
149,14156,14156,Apollo 14,,soil,"Trench sample collected at Station G 30 m NE of North Triplet crater. 14145, 14146, 14147, and 14148 collected from the top of the rench, 14153, 14154, 14155, 14156 is mixed material from the middle two layers including a thin layer of glassy pebbles, 14080 and 14081 below that, and 14073, 14074, 14075, 14076, 14077, 14078, 14079, 14149, 14150, 14151, and 14152 from the bottom of the 40 cm trench. Astronaut Shepard reports the surface fines were so loose the trench walls kept falling in the layered materials mixed.",https://www.lpi.usra.edu/lunar/samples/atlas/detail/?mission=Apollo%2014&sample=14156,,0,no_relab_spectrum_for_parent_or_children
150,14165,14165,Apollo 14,,,,https://www.lpi.usra.edu/lunar/samples/atlas/detail/?mission=Apollo%2014&sample=14165,,0,no_relab_spectrum_for_parent_or_children
151,14166,14166,Apollo 14,,,,https://www.lpi.usra.edu/lunar/samples/atlas/detail/?mission=Apollo%2014&sample=14166,,0,no_relab_spectrum_for_parent_or_children
152,14167,14167,Apollo 14,,,,https://www.lpi.usra.edu/lunar/samples/atlas/detail/?mission=Apollo%2014&sample=14167,,0,no_relab_spectrum_for_parent_or_children
153,14168,14168,Apollo 14,,basalt,,https://www.lpi.usra.edu/lunar/samples/atlas/detail/?mission=Apollo%2014&sample=14168,,0,no_relab_spectrum_for_parent_or_children
154,14169,14169,Apollo 14,,breccia,The purpose of the Comprehensive Sample (14169-14188; 14250-14299) was to acquire a statistically significant set of small rock samples to petrographically characterize the distribution of rock types in the lunar regolith. The sample location was selected 100 to 125 m west of the LM. A two to three meter diameter circle was marked and all of the walnut sized rocks on the surface within the circle were collected with tongs. These samples (14169 - 14188) contain a seriate distribution of clasts as large as two centimeters across. The samples are all polymict breccias with fragmental matrices.,https://www.lpi.usra.edu/lunar/samples/atlas/detail/?mission=Apollo%2014&sample=14169,,0,no_relab_spectrum_for_parent_or_children
155,14170,14170,Apollo 14,,breccia,The purpose of the Comprehensive Sample (14169-14188; 14250-14299) was to acquire a statistically significant set of small rock samples to petrographically characterize the distribution of rock types in the lunar regolith. The sample location was selected 100 to 125 m west of the LM. A two to three meter diameter circle was marked and all of the walnut sized rocks on the surface within the circle were collected with tongs. These samples (14169 - 14188) contain a seriate distribution of clasts as large as two centimeters across. The samples are all polymict breccias with fragmental matrices.,https://www.lpi.usra.edu/lunar/samples/atlas/detail/?mission=Apollo%2014&sample=14170,,0,no_relab_spectrum_for_parent_or_children
156,14171,14171,Apollo 14,,breccia,The purpose of the Comprehensive Sample (14169-14188; 14250-14299) was to acquire a statistically significant set of small rock samples to petrographically characterize the distribution of rock types in the lunar regolith. The sample location was selected 100 to 125 m west of the LM. A two to three meter diameter circle was marked and all of the walnut sized rocks on the surface within the circle were collected with tongs. These samples (14169 - 14188) contain a seriate distribution of clasts as large as two centimeters across. The samples are all polymict breccias with fragmental matrices.,https://www.lpi.usra.edu/lunar/samples/atlas/detail/?mission=Apollo%2014&sample=14171,,0,no_relab_spectrum_for_parent_or_children
157,14172,14172,Apollo 14,,breccia,The purpose of the Comprehensive Sample (14169-14188; 14250-14299) was to acquire a statistically significant set of small rock samples to petrographically characterize the distribution of rock types in the lunar regolith. The sample location was selected 100 to 125 m west of the LM. A two to three meter diameter circle was marked and all of the walnut sized rocks on the surface within the circle were collected with tongs. These samples (14169 - 14188) contain a seriate distribution of clasts as large as two centimeters across. The samples are all polymict breccias with fragmental matrices.,https://www.lpi.usra.edu/lunar/samples/atlas/detail/?mission=Apollo%2014&sample=14172,,0,no_relab_spectrum_for_parent_or_children
158,14173,14173,Apollo 14,,breccia,The purpose of the Comprehensive Sample (14169-14188; 14250-14299) was to acquire a statistically significant set of small rock samples to petrographically characterize the distribution of rock types in the lunar regolith. The sample location was selected 100 to 125 m west of the LM. A two to three meter diameter circle was marked and all of the walnut sized rocks on the surface within the circle were collected with tongs. These samples (14169 - 14188) contain a seriate distribution of clasts as large as two centimeters across. The samples are all polymict breccias with fragmental matrices.,https://www.lpi.usra.edu/lunar/samples/atlas/detail/?mission=Apollo%2014&sample=14173,,0,no_relab_spectrum_for_parent_or_children
159,14174,14174,Apollo 14,,breccia,The purpose of the Comprehensive Sample (14169-14188; 14250-14299) was to acquire a statistically significant set of small rock samples to petrographically characterize the distribution of rock types in the lunar regolith. The sample location was selected 100 to 125 m west of the LM. A two to three meter diameter circle was marked and all of the walnut sized rocks on the surface within the circle were collected with tongs. These samples (14169 - 14188) contain a seriate distribution of clasts as large as two centimeters across. The samples are all polymict breccias with fragmental matrices.,https://www.lpi.usra.edu/lunar/samples/atlas/detail/?mission=Apollo%2014&sample=14174,,0,no_relab_spectrum_for_parent_or_children
160,14175,14175,Apollo 14,,breccia,The purpose of the Comprehensive Sample (14169-14188; 14250-14299) was to acquire a statistically significant set of small rock samples to petrographically characterize the distribution of rock types in the lunar regolith. The sample location was selected 100 to 125 m west of the LM. A two to three meter diameter circle was marked and all of the walnut sized rocks on the surface within the circle were collected with tongs. These samples (14169 - 14188) contain a seriate distribution of clasts as large as two centimeters across. The samples are all polymict breccias with fragmental matrices.,https://www.lpi.usra.edu/lunar/samples/atlas/detail/?mission=Apollo%2014&sample=14175,,0,no_relab_spectrum_for_parent_or_children
161,14176,14176,Apollo 14,,,The purpose of the Comprehensive Sample (14169-14188; 14250-14299) was to acquire a statistically significant set of small rock samples to petrographically characterize the distribution of rock types in the lunar regolith. The sample location was selected 100 to 125 m west of the LM. A two to three meter diameter circle was marked and all of the walnut sized rocks on the surface within the circle were collected with tongs. These samples (14169 - 14188) contain a seriate distribution of clasts as large as two centimeters across. The samples are all polymict breccias with fragmental matrices.,https://www.lpi.usra.edu/lunar/samples/atlas/detail/?mission=Apollo%2014&sample=14176,,0,no_relab_spectrum_for_parent_or_children
162,14177,14177,Apollo 14,,,The purpose of the Comprehensive Sample (14169-14188; 14250-14299) was to acquire a statistically significant set of small rock samples to petrographically characterize the distribution of rock types in the lunar regolith. The sample location was selected 100 to 125 m west of the LM. A two to three meter diameter circle was marked and all of the walnut sized rocks on the surface within the circle were collected with tongs. These samples (14169 - 14188) contain a seriate distribution of clasts as large as two centimeters across. The samples are all polymict breccias with fragmental matrices.,https://www.lpi.usra.edu/lunar/samples/atlas/detail/?mission=Apollo%2014&sample=14177,,0,no_relab_spectrum_for_parent_or_children
163,14178,14178,Apollo 14,,,The purpose of the Comprehensive Sample (14169-14188; 14250-14299) was to acquire a statistically significant set of small rock samples to petrographically characterize the distribution of rock types in the lunar regolith. The sample location was selected 100 to 125 m west of the LM. A two to three meter diameter circle was marked and all of the walnut sized rocks on the surface within the circle were collected with tongs. These samples (14169 - 14188) contain a seriate distribution of clasts as large as two centimeters across. The samples are all polymict breccias with fragmental matrices.,https://www.lpi.usra.edu/lunar/samples/atlas/detail/?mission=Apollo%2014&sample=14178,,0,no_relab_spectrum_for_parent_or_children
164,14179,14179,Apollo 14,,breccia,The purpose of the Comprehensive Sample (14169-14188; 14250-14299) was to acquire a statistically significant set of small rock samples to petrographically characterize the distribution of rock types in the lunar regolith. The sample location was selected 100 to 125 m west of the LM. A two to three meter diameter circle was marked and all of the walnut sized rocks on the surface within the circle were collected with tongs. These samples (14169 - 14188) contain a seriate distribution of clasts as large as two centimeters across. The samples are all polymict breccias with fragmental matrices.,https://www.lpi.usra.edu/lunar/samples/atlas/detail/?mission=Apollo%2014&sample=14179,,0,no_relab_spectrum_for_parent_or_children
165,14180,14180,Apollo 14,,,The purpose of the Comprehensive Sample (14169-14188; 14250-14299) was to acquire a statistically significant set of small rock samples to petrographically characterize the distribution of rock types in the lunar regolith. The sample location was selected 100 to 125 m west of the LM. A two to three meter diameter circle was marked and all of the walnut sized rocks on the surface within the circle were collected with tongs. These samples (14169 - 14188) contain a seriate distribution of clasts as large as two centimeters across. The samples are all polymict breccias with fragmental matrices.,https://www.lpi.usra.edu/lunar/samples/atlas/detail/?mission=Apollo%2014&sample=14180,,0,no_relab_spectrum_for_parent_or_children
166,14181,14181,Apollo 14,,basalt,The purpose of the Comprehensive Sample (14169-14188; 14250-14299) was to acquire a statistically significant set of small rock samples to petrographically characterize the distribution of rock types in the lunar regolith. The sample location was selected 100 to 125 m west of the LM. A two to three meter diameter circle was marked and all of the walnut sized rocks on the surface within the circle were collected with tongs. These samples (14169 - 14188) contain a seriate distribution of clasts as large as two centimeters across. The samples are all polymict breccias with fragmental matrices.,https://www.lpi.usra.edu/lunar/samples/atlas/detail/?mission=Apollo%2014&sample=14181,,0,no_relab_spectrum_for_parent_or_children
167,14182,14182,Apollo 14,,,The purpose of the Comprehensive Sample (14169-14188; 14250-14299) was to acquire a statistically significant set of small rock samples to petrographically characterize the distribution of rock types in the lunar regolith. The sample location was selected 100 to 125 m west of the LM. A two to three meter diameter circle was marked and all of the walnut sized rocks on the surface within the circle were collected with tongs. These samples (14169 - 14188) contain a seriate distribution of clasts as large as two centimeters across. The samples are all polymict breccias with fragmental matrices.,https://www.lpi.usra.edu/lunar/samples/atlas/detail/?mission=Apollo%2014&sample=14182,,0,no_relab_spectrum_for_parent_or_children
168,14183,14183,Apollo 14,,,The purpose of the Comprehensive Sample (14169-14188; 14250-14299) was to acquire a statistically significant set of small rock samples to petrographically characterize the distribution of rock types in the lunar regolith. The sample location was selected 100 to 125 m west of the LM. A two to three meter diameter circle was marked and all of the walnut sized rocks on the surface within the circle were collected with tongs. These samples (14169 - 14188) contain a seriate distribution of clasts as large as two centimeters across. The samples are all polymict breccias with fragmental matrices.,https://www.lpi.usra.edu/lunar/samples/atlas/detail/?mission=Apollo%2014&sample=14183,,0,no_relab_spectrum_for_parent_or_children
169,14184,14184,Apollo 14,,,The purpose of the Comprehensive Sample (14169-14188; 14250-14299) was to acquire a statistically significant set of small rock samples to petrographically characterize the distribution of rock types in the lunar regolith. The sample location was selected 100 to 125 m west of the LM. A two to three meter diameter circle was marked and all of the walnut sized rocks on the surface within the circle were collected with tongs. These samples (14169 - 14188) contain a seriate distribution of clasts as large as two centimeters across. The samples are all polymict breccias with fragmental matrices.,https://www.lpi.usra.edu/lunar/samples/atlas/detail/?mission=Apollo%2014&sample=14184,,0,no_relab_spectrum_for_parent_or_children
170,14185,14185,Apollo 14,,,The purpose of the Comprehensive Sample (14169-14188; 14250-14299) was to acquire a statistically significant set of small rock samples to petrographically characterize the distribution of rock types in the lunar regolith. The sample location was selected 100 to 125 m west of the LM. A two to three meter diameter circle was marked and all of the walnut sized rocks on the surface within the circle were collected with tongs. These samples (14169-14188) contain a seriate distribution of clasts as large as two centimeters across. The samples are all polymict breccias with fragmental matrices.,https://www.lpi.usra.edu/lunar/samples/atlas/detail/?mission=Apollo%2014&sample=14185,,0,no_relab_spectrum_for_parent_or_children
171,14186,14186,Apollo 14,,,The purpose of the Comprehensive Sample (14169-14188; 14250-14299) was to acquire a statistically significant set of small rock samples to petrographically characterize the distribution of rock types in the lunar regolith. The sample location was selected 100 to 125 m west of the LM. A two to three meter diameter circle was marked and all of the walnut sized rocks on the surface within the circle were collected with tongs. These samples (14169-14188) contain a seriate distribution of clasts as large as two centimeters across. The samples are all polymict breccias with fragmental matrices.,https://www.lpi.usra.edu/lunar/samples/atlas/detail/?mission=Apollo%2014&sample=14186,,0,no_relab_spectrum_for_parent_or_children
172,14187,14187,Apollo 14,,,The purpose of the Comprehensive Sample (14169-14188; 14250-14299) was to acquire a statistically significant set of small rock samples to petrographically characterize the distribution of rock types in the lunar regolith. The sample location was selected 100 to 125 m west of the LM. A two to three meter diameter circle was marked and all of the walnut sized rocks on the surface within the circle were collected with tongs. These samples ( 14169-14188) contain a seriate distribution of clasts as large as two centimeters across. The samples are all polymict breccias with fragmental matrices.,https://www.lpi.usra.edu/lunar/samples/atlas/detail/?mission=Apollo%2014&sample=14187,,0,no_relab_spectrum_for_parent_or_children
173,14188,14188,Apollo 14,,,The purpose of the Comprehensive Sample (14169-14188; 14250-14299) was to acquire a statistically significant set of small rock samples to petrographically characterize the distribution of rock types in the lunar regolith. The sample location was selected 100 to 125 m west of the LM. A two to three meter diameter circle was marked and all of the walnut sized rocks on the surface within the circle were collected with tongs. These samples (14169-14188) contain a seriate distribution of clasts as large as two centimeters across. The samples are all polymict breccias with fragmental matrices.,https://www.lpi.usra.edu/lunar/samples/atlas/detail/?mission=Apollo%2014&sample=14188,,0,no_relab_spectrum_for_parent_or_children
174,14189,14189,Apollo 14,,,,https://www.lpi.usra.edu/lunar/samples/atlas/detail/?mission=Apollo%2014&sample=14189,,0,no_relab_spectrum_for_parent_or_children
175,14194,14194,Apollo 14,rock,breccia,"Weigh bag 1031 was used on the traverse during the second EVA. Samples 14194-14201 are small rock fragments that were left in weight bag 1031 after samples 14306-14311 were removed. Their lunar location and orientation are unknown and there are no lunar surface photographs of these samples. Some of these are probably pieces broken off the larger rocks during transit. This sample is a light gray, moderately friable, polymict breccia which appears to be bounded by freshly broken surface.",https://www.lpi.usra.edu/lunar/samples/atlas/detail/?mission=Apollo%2014&sample=14194,,0,no_relab_spectrum_for_parent_or_children
176,14195,14195,Apollo 14,rock,,"Weigh bag 1031 was used on the traverse during the second EVA. Samples 14194-14201 are small rock fragments that were left in weight bag 1031 after samples 14306-14311 were removed. Their lunar location and orientation are unknown and there are no lunar surface photographs of these samples. Some of these are probably pieces broken off the larger rocks during transit. This sample is a coherent, medium to dark gray, fragmental rock.",https://www.lpi.usra.edu/lunar/samples/atlas/detail/?mission=Apollo%2014&sample=14195,,0,no_relab_spectrum_for_parent_or_children
177,14196,14196,Apollo 14,rock,,"Weigh bag 1031 was used on the traverse during the second EVA. Samples 14194-14201 are small rock fragments that were left in weight bag 1031 after samples 14306-14311 were removed. Their lunar location and orientation are unknown and there are no lunar surface photographs of these samples. Some of these are probably pieces broken off the larger rocks during transit. This sample is a friable, polymict breccia similar to 14051 or 14066.",https://www.lpi.usra.edu/lunar/samples/atlas/detail/?mission=Apollo%2014&sample=14196,,0,no_relab_spectrum_for_parent_or_children
178,14197,14197,Apollo 14,,,Weigh bag 1031 was used on the traverse during the second EVA. Samples 14194-14201 are small rock fragments that were left in weight bag 1031 after samples 14306-14311 were removed. Their lunar location and orientation are unknown and there are no lunar surface photographs of these samples. Some of these are probably pieces broken off the larger rocks during transit. This sample is very fine grained and appears to be completely recrystallized.,https://www.lpi.usra.edu/lunar/samples/atlas/detail/?mission=Apollo%2014&sample=14197,,0,no_relab_spectrum_for_parent_or_children
179,14198,14198,Apollo 14,,,Weigh bag 1031 was used on the traverse during the second EVA. Samples 14194-14201 are small rock fragments that were left in weight bag 1031 after samples 14306-14311 were removed. Their lunar location and orientation are unknown and there are no lunar surface photographs of these samples. Some of these are probably pieces broken off the larger rocks during transit. This sample is a crystalline rock.,https://www.lpi.usra.edu/lunar/samples/atlas/detail/?mission=Apollo%2014&sample=14198,,0,no_relab_spectrum_for_parent_or_children
180,14199,14199,Apollo 14,rock,basalt,"Weigh bag 1031 was used on the traverse during the second EVA. Samples 14194-14201 are small rock fragments that were left in weight bag 1031 after samples 14306-14311 were removed. Their lunar location and orientation are unknown and there are no lunar surface photographs of these samples. Some of these are probably pieces broken off the larger rocks during transit. This sample is a freshly fractured, polymict breccia.",https://www.lpi.usra.edu/lunar/samples/atlas/detail/?mission=Apollo%2014&sample=14199,,0,no_relab_spectrum_for_parent_or_children
181,14200,14200,Apollo 14,rock,basalt,Weigh bag 1031 was used on the traverse during the second EVA. Samples 14194-14201 are small rock fragments that were left in weight bag 1031 after samples 14306-14311 were removed. Their lunar location and orientation are unknown and there are no lunar surface photographs of these samples. Some of these are probably pieces broken off the larger rocks during transit. This sample is a fragment of very fine grained basaltic crystalline rock.,https://www.lpi.usra.edu/lunar/samples/atlas/detail/?mission=Apollo%2014&sample=14200,,0,no_relab_spectrum_for_parent_or_children
182,14201,14201,Apollo 14,rock,breccia,Weigh bag 1031 was used on the traverse during the second EVA. Samples 14194-14201 are small rock fragments that were left in weight bag 1031 after samples 14306-14311 were removed. Their lunar location and orientation are unknown and there are no lunar surface photographs of these samples. Some of these are probably pieces broken off the larger rocks during transit. This sample is a fine grained polymict breccia similar to 14042.,https://www.lpi.usra.edu/lunar/samples/atlas/detail/?mission=Apollo%2014&sample=14201,,0,no_relab_spectrum_for_parent_or_children
183,14210,14210,Apollo 14,core,,,https://www.lpi.usra.edu/lunar/samples/atlas/detail/?mission=Apollo%2014&sample=14210,,0,no_relab_spectrum_for_parent_or_children
184,14211,14211,Apollo 14,core,,,https://www.lpi.usra.edu/lunar/samples/atlas/detail/?mission=Apollo%2014&sample=14211,,0,no_relab_spectrum_for_parent_or_children
185,14220,14220,Apollo 14,core,,,https://www.lpi.usra.edu/lunar/samples/atlas/detail/?mission=Apollo%2014&sample=14220,,0,no_relab_spectrum_for_parent_or_children
186,14230,14230,Apollo 14,core,soil,"Intended to be a triple core tube, but driving became hard after a tube and a quarter, and material in the top tube fell out. Area generally level and free of large blocks. This sample from the top of three stratigraphic units of core.",https://www.lpi.usra.edu/lunar/samples/atlas/detail/?mission=Apollo%2014&sample=14230,,0,no_relab_spectrum_for_parent_or_children
187,14250,14250,Apollo 14,,,"The purpose of the Comprehensive Sample (14169-14188; 14250-14299) was to acquire a statistically significant set of small rock samples to petrographically characterize the distribution of rock types in the lunar regolith. The sample location was selected 100 to 125 m west of the LM. A two to three meter diameter circle was marked and all of the walnut sized rocks on the surface within the circle were collected with tongs. Sample 14250 is a medium gray, blocky, subangular, moderately friable, seriate fragmental rock.",https://www.lpi.usra.edu/lunar/samples/atlas/detail/?mission=Apollo%2014&sample=14250,,0,no_relab_spectrum_for_parent_or_children
188,14251,14251,Apollo 14,,,"The purpose of the Comprehensive Sample (14169-14188; 14250-14299) was to acquire a statistically significant set of small rock samples to petrographically characterize the distribution of rock types in the lunar regolith. The sample location was selected 100 to 125 m west of the LM. A two to three meter diameter circle was marked and all of the walnut sized rocks on the surface within the circle were collected with tongs. Sample 14251 is a medium gray, blocky, friable, fragmental rock.",https://www.lpi.usra.edu/lunar/samples/atlas/detail/?mission=Apollo%2014&sample=14251,,0,no_relab_spectrum_for_parent_or_children
189,14252,14252,Apollo 14,rock,,"The purpose of the Comprehensive Sample (14169-14188; 14250-14299) was to acquire a statistically significant set of small rock samples to petrographically characterize the distribution of rock types in the lunar regolith. The sample location was selected 100 to 125 m west of the LM. A two to three meter diameter circle was marked and all of the walnut sized rocks on the surface within the circle were collected with tongs. Sample 14252 is a medium gray, friable, fragmental rock. It is subround to angular, appearing to be 1/4 of a sphere.",https://www.lpi.usra.edu/lunar/samples/atlas/detail/?mission=Apollo%2014&sample=14252,,0,no_relab_spectrum_for_parent_or_children
190,14253,14253,Apollo 14,rock,breccia,"The purpose of the Comprehensive Sample (14169-14188; 14250-14299) was to acquire a statistically significant set of small rock samples to petrographically characterize the distribution of rock types in the lunar regolith. The sample location was selected 100 to 125 m west of the LM. A two to three meter diameter circle was marked and all of the walnut sized rocks on the surface within the circle were collected with tongs. Sample 14253 is a gray, angular, block, homogeneous, crystalline breccia.",https://www.lpi.usra.edu/lunar/samples/atlas/detail/?mission=Apollo%2014&sample=14253,,0,no_relab_spectrum_for_parent_or_children
191,14254,14254,Apollo 14,rock,soil,"The purpose of the Comprehensive Sample (14169-14188; 14250-14299) was to acquire a statistically significant set of small rock samples to petrographically characterize the distribution of rock types in the lunar regolith. The sample location was selected 100 to 125 m west of the LM. A two to three meter diameter circle was marked and all of the walnut sized rocks on the surface within the circle were collected with tongs. Sample 14254 is gray soil, adhering to frothy black glass and is highly irregular in shape.",https://www.lpi.usra.edu/lunar/samples/atlas/detail/?mission=Apollo%2014&sample=14254,,0,no_relab_spectrum_for_parent_or_children
192,14255,14255,Apollo 14,rock,breccia,"The purpose of the Comprehensive Sample (14169-14188; 14250-14299) was to acquire a statistically significant set of small rock samples to petrographically characterize the distribution of rock types in the lunar regolith. The sample location was selected 100 to 125 m west of the LM. A two to three meter diameter circle was marked and all of the walnut sized rocks on the surface within the circle were collected with tongs. Sample 14255 is a medium gray, subangular, blocky, friable fragmental rock.",https://www.lpi.usra.edu/lunar/samples/atlas/detail/?mission=Apollo%2014&sample=14255,,0,no_relab_spectrum_for_parent_or_children
193,14256,14256,Apollo 14,,,The purpose of the Comprehensive Sample (14169-14188; 14250-14299) was to acquire a statistically significant set of small rock samples to petrographically characterize the distribution of rock types in the lunar regolith. The sample location was selected 100 to 125 m west of the LM. A two to three meter diameter circle was marked and all of the walnut sized rocks on the surface within the circle were collected with tongs.,https://www.lpi.usra.edu/lunar/samples/atlas/detail/?mission=Apollo%2014&sample=14256,,0,no_relab_spectrum_for_parent_or_children
194,14257,14257,Apollo 14,,,The purpose of the Comprehensive Sample (14169-14188; 14250-14299) was to acquire a statistically significant set of small rock samples to petrographically characterize the distribution of rock types in the lunar regolith. The sample location was selected 100 to 125 m west of the LM. A two to three meter diameter circle was marked and all of the walnut sized rocks on the surface within the circle were collected with tongs.,https://www.lpi.usra.edu/lunar/samples/atlas/detail/?mission=Apollo%2014&sample=14257,,0,no_relab_spectrum_for_parent_or_children
195,14258,14258,Apollo 14,,,The purpose of the Comprehensive Sample (14169-14188; 14250-14299) was to acquire a statistically significant set of small rock samples to petrographically characterize the distribution of rock types in the lunar regolith. The sample location was selected 100 to 125 m west of the LM. A two to three meter diameter circle was marked and all of the walnut sized rocks on the surface within the circle were collected with tongs.,https://www.lpi.usra.edu/lunar/samples/atlas/detail/?mission=Apollo%2014&sample=14258,,0,no_relab_spectrum_for_parent_or_children
196,14261,14261,Apollo 14,,,The purpose of the Comprehensive Sample (14169-14188; 14250-14299) was to acquire a statistically significant set of small rock samples to petrographically characterize the distribution of rock types in the lunar regolith. The sample location was selected 100 to 125 m west of the LM. A two to three meter diameter circle was marked and all of the walnut sized rocks on the surface within the circle were collected with tongs.,https://www.lpi.usra.edu/lunar/samples/atlas/detail/?mission=Apollo%2014&sample=14261,,0,no_relab_spectrum_for_parent_or_children
197,14263,14263,Apollo 14,,,The purpose of the Comprehensive Sample (14169-14188; 14250-14299) was to acquire a statistically significant set of small rock samples to petrographically characterize the distribution of rock types in the lunar regolith. The sample location was selected 100 to 125 m west of the LM. A two to three meter diameter circle was marked and all of the walnut sized rocks on the surface within the circle were collected with tongs.,https://www.lpi.usra.edu/lunar/samples/atlas/detail/?mission=Apollo%2014&sample=14263,,0,no_relab_spectrum_for_parent_or_children
198,14264,14264,Apollo 14,rock,breccia,"The purpose of the Comprehensive Sample (14169-14188; 14250-14299) was to acquire a statistically significant set of small rock samples to petrographically characterize the distribution of rock types in the lunar regolith. The sample location was selected 100 to 125 m west of the LM. A two to three meter diameter circle was marked and all of the walnut sized rocks on the surface within the circle were collected with tongs. Sample 14264 is a dark gray, blocky, tough fragmental rock, described by Phinney et al. (1975) as a vitric (matrix) breccia.",https://www.lpi.usra.edu/lunar/samples/atlas/detail/?mission=Apollo%2014&sample=14264,,0,no_relab_spectrum_for_parent_or_children
199,14265,14265,Apollo 14,rock,breccia,"The purpose of the Comprehensive Sample (14169-14188; 14250-14299) was to acquire a statistically significant set of small rock samples to petrographically characterize the distribution of rock types in the lunar regolith. The sample location was selected 100 to 125 m west of the LM. A two to three meter diameter circle was marked and all of the walnut sized rocks on the surface within the circle were collected with tongs. Sample 14265 is angular, with half the surface coated with dark greenish gray to black glass. The rock is a medium dark gray, coherent fragmental rock.",https://www.lpi.usra.edu/lunar/samples/atlas/detail/?mission=Apollo%2014&sample=14265,,0,no_relab_spectrum_for_parent_or_children
200,14266,14266,Apollo 14,rock,breccia,"The purpose of the Comprehensive Sample (14169-14188; 14250-14299) was to acquire a statistically significant set of small rock samples to petrographically characterize the distribution of rock types in the lunar regolith. The sample location was selected 100 to 125 m west of the LM. A two to three meter diameter circle was marked and all of the walnut sized rocks on the surface within the circle were collected with tongs. Sample 14266 is a light medium gray, rounded, slabby, tough, fragmental matrix, polymict breccia.",https://www.lpi.usra.edu/lunar/samples/atlas/detail/?mission=Apollo%2014&sample=14266,,0,no_relab_spectrum_for_parent_or_children
201,14267,14267,Apollo 14,rock,breccia,"The purpose of the Comprehensive Sample (14169-14188; 14250-14299) was to acquire a statistically significant set of small rock samples to petrographically characterize the distribution of rock types in the lunar regolith. The sample location was selected 100 to 125 m west of the LM. A two to three meter diameter circle was marked and all of the walnut sized rocks on the surface within the circle were collected with tongs. Sample 14267 is a blocky, angular, dark gray, tough, vitric (matrix) breccia.",https://www.lpi.usra.edu/lunar/samples/atlas/detail/?mission=Apollo%2014&sample=14267,,0,no_relab_spectrum_for_parent_or_children
202,14268,14268,Apollo 14,rock,breccia,"The purpose of the Comprehensive Sample (14169-14188; 14250-14299) was to acquire a statistically significant set of small rock samples to petrographically characterize the distribution of rock types in the lunar regolith. The sample location was selected 100 to 125 m west of the LM. A two to three meter diameter circle was marked and all of the walnut sized rocks on the surface within the circle were collected with tongs. Sample 14268 is described by Phinney et al. (1975) as a blocky, medium dark gray, vitric (matrix) breccia.",https://www.lpi.usra.edu/lunar/samples/atlas/detail/?mission=Apollo%2014&sample=14268,,0,no_relab_spectrum_for_parent_or_children
203,14269,14269,Apollo 14,rock,breccia,"The purpose of the Comprehensive Sample (14169-14188; 14250-14299) was to acquire a statistically significant set of small rock samples to petrographically characterize the distribution of rock types in the lunar regolith. The sample location was selected 100 to 125 m west of the LM. A two to three meter diameter circle was marked and all of the walnut sized rocks on the surface within the circle were collected with tongs. Sample 14269 is a dark medium gray, frgmental microbreccia with one rounded side.",https://www.lpi.usra.edu/lunar/samples/atlas/detail/?mission=Apollo%2014&sample=14269,,0,no_relab_spectrum_for_parent_or_children
204,14270,14270,Apollo 14,rock,breccia,"The purpose of the Comprehensive Sample (14169-14188; 14250-14299) was to acquire a statistically significant set of small rock samples to petrographically characterize the distribution of rock types in the lunar regolith. The sample location was selected 100 to 125 m west of the LM. A two to three meter diameter circle was marked and all of the walnut sized rocks on the surface within the circle were collected with tongs. Sample 14270 is a blocky, medium greenish gray fine-grained crystalline breccia.",https://www.lpi.usra.edu/lunar/samples/atlas/detail/?mission=Apollo%2014&sample=14270,,0,no_relab_spectrum_for_parent_or_children
205,14271,14271,Apollo 14,rock,breccia,"The purpose of the Comprehensive Sample (14169-14188; 14250-14299) was to acquire a statistically significant set of small rock samples to petrographically characterize the distribution of rock types in the lunar regolith. The sample location was selected 100 to 125 m west of the LM. A two to three meter diameter circle was marked and all of the walnut sized rocks on the surface within the circle were collected with tongs. Sample 14271 is a blocky, dark medium vitric (matrix) breccia with light gray clasts.",https://www.lpi.usra.edu/lunar/samples/atlas/detail/?mission=Apollo%2014&sample=14271,,0,no_relab_spectrum_for_parent_or_children
206,14272,14272,Apollo 14,rock,breccia,The purpose of the Comprehensive Sample (14169-14188; 14250-14299) was to acquire a statistically significant set of small rock samples to petrographically characterize the distribution of rock types in the lunar regolith. The sample location was selected 100 to 125 m west of the LM. A two to three meter diameter circle was marked and all of the walnut sized rocks on the surface within the circle were collected with tongs. Sample 14272 is a blocky medium dark gray coherent vitric (matrix) breccia.,https://www.lpi.usra.edu/lunar/samples/atlas/detail/?mission=Apollo%2014&sample=14272,,0,no_relab_spectrum_for_parent_or_children
207,14273,14273,Apollo 14,rock,breccia,"The purpose of the Comprehensive Sample (14169-14188; 14250-14299) was to acquire a statistically significant set of small rock samples to petrographically characterize the distribution of rock types in the lunar regolith. The sample location was selected 100 to 125 m west of the LM. A two to three meter diameter circle was marked and all of the walnut sized rocks on the surface within the circle were collected with tongs. Sample 14273 is a medium dark gray, vitric (matrix) breccia.",https://www.lpi.usra.edu/lunar/samples/atlas/detail/?mission=Apollo%2014&sample=14273,,0,no_relab_spectrum_for_parent_or_children
208,14274,14274,Apollo 14,rock,breccia,"The purpose of the Comprehensive Sample (14169-14188; 14250-14299) was to acquire a statistically significant set of small rock samples to petrographically characterize the distribution of rock types in the lunar regolith. The sample location was selected 100 to 125 m west of the LM. A two to three meter diameter circle was marked and all of the walnut sized rocks on the surface within the circle were collected with tongs. Sample 14274 is a light medium gray, blocky, tough, crystalline, polymict breccia.",https://www.lpi.usra.edu/lunar/samples/atlas/detail/?mission=Apollo%2014&sample=14274,,0,no_relab_spectrum_for_parent_or_children
209,14275,14275,Apollo 14,rock,breccia,"The purpose of the Comprehensive Sample (14169-14188; 14250-14299) was to acquire a statistically significant set of small rock samples to petrographically characterize the distribution of rock types in the lunar regolith. The sample location was selected 100 to 125 m west of the LM. A two to three meter diameter circle was marked and all of the walnut sized rocks on the surface within the circle were collected with tongs. Sample 14275 is a medium light gray, blocky, polymict breccia.",https://www.lpi.usra.edu/lunar/samples/atlas/detail/?mission=Apollo%2014&sample=14275,,0,no_relab_spectrum_for_parent_or_children
210,14276,14276,Apollo 14,rock,basalt,"The purpose of the Comprehensive Sample (14169-14188; 14250-14299) was to acquire a statistically significant set of small rock samples to petrographically characterize the distribution of rock types in the lunar regolith. The sample location was selected 100 to 125 m west of the LM. A two to three meter diameter circle was marked and all of the walnut sized rocks on the surface within the circle were collected with tongs. Sample 14276 is a brownish-gray, blocky, coherent, medium-grained, crystalline rock.",https://www.lpi.usra.edu/lunar/samples/atlas/detail/?mission=Apollo%2014&sample=14276,,0,no_relab_spectrum_for_parent_or_children
211,14277,14277,Apollo 14,rock,breccia,"The purpose of the Comprehensive Sample (14169-14188; 14250-14299) was to acquire a statistically significant set of small rock samples to petrographically characterize the distribution of rock types in the lunar regolith. The sample location was selected 100 to 125 m west of the LM. A two to three meter diameter circle was marked and all of the walnut sized rocks on the surface within the circle were collected with tongs. Sample 14277 is a dark gray, blocky, coherent vitric (matrix) breccia.",https://www.lpi.usra.edu/lunar/samples/atlas/detail/?mission=Apollo%2014&sample=14277,,0,no_relab_spectrum_for_parent_or_children
212,14278,14278,Apollo 14,rock,breccia,"The purpose of the Comprehensive Sample (14169-14188; 14250-14299) was to acquire a statistically significant set of small rock samples to petrographically characterize the distribution of rock types in the lunar regolith. The sample location was selected 100 to 125 m west of the LM. A two to three meter diameter circle was marked and all of the walnut sized rocks on the surface within the circle were collected with tongs. Sample 14278 is a medium light gray, subrounded, coherent, low-grade, polymict breccia.",https://www.lpi.usra.edu/lunar/samples/atlas/detail/?mission=Apollo%2014&sample=14278,,0,no_relab_spectrum_for_parent_or_children
213,14279,14279,Apollo 14,rock,breccia,"The purpose of the Comprehensive Sample (14169-14188; 14250-14299) was to acquire a statistically significant set of small rock samples to petrographically characterize the distribution of rock types in the lunar regolith. The sample location was selected 100 to 125 m west of the LM. A two to three meter diameter circle was marked and all of the walnut sized rocks on the surface within the circle were collected with tongs. Sample 14279 is medium light gray in color, blocky, rounded to subrounded in shape, and is a coherent, polymict breccia with a fragmented matrix.",https://www.lpi.usra.edu/lunar/samples/atlas/detail/?mission=Apollo%2014&sample=14279,,0,no_relab_spectrum_for_parent_or_children
214,14280,14280,Apollo 14,rock,breccia,"The purpose of the Comprehensive Sample (14169-14188; 14250-14299) was to acquire a statistically significant set of small rock samples to petrographically characterize the distribution of rock types in the lunar regolith. The sample location was selected 100 to 125 m west of the LM. A two to three meter diameter circle was marked and all of the walnut sized rocks on the surface within the circle were collected with tongs. Sample 14280 is a medium dark gray, angular block of vitric (matrix) breccia.",https://www.lpi.usra.edu/lunar/samples/atlas/detail/?mission=Apollo%2014&sample=14280,,0,no_relab_spectrum_for_parent_or_children
215,14281,14281,Apollo 14,rock,breccia,"The purpose of the Comprehensive Sample (14169-14188; 14250-14299) was to acquire a statistically significant set of small rock samples to petrographically characterize the distribution of rock types in the lunar regolith. The sample location was selected 100 to 125 m west of the LM. A two to three meter diameter circle was marked and all of the walnut sized rocks on the surface within the circle were collected with tongs. Sample 14281 is a medium dark gray, subrounded to angular block of coherent, vitric (matrix) breccia.",https://www.lpi.usra.edu/lunar/samples/atlas/detail/?mission=Apollo%2014&sample=14281,,0,no_relab_spectrum_for_parent_or_children
216,14282,14282,Apollo 14,rock,breccia,"The purpose of the Comprehensive Sample (14169-14188; 14250-14299) was to acquire a statistically significant set of small rock samples to petrographically characterize the distribution of rock types in the lunar regolith. The sample location was selected 100 to 125 m west of the LM. A two to three meter diameter circle was marked and all of the walnut sized rocks on the surface within the circle were collected with tongs. Sample 14282 is a medium gray, friable, fragmental rock (soil breccia).",https://www.lpi.usra.edu/lunar/samples/atlas/detail/?mission=Apollo%2014&sample=14282,,0,no_relab_spectrum_for_parent_or_children
217,14283,14283,Apollo 14,rock,breccia,"The purpose of the Comprehensive Sample (14169-14188; 14250-14299) was to acquire a statistically significant set of small rock samples to petrographically characterize the distribution of rock types in the lunar regolith. The sample location was selected 100 to 125 m west of the LM. A two to three meter diameter circle was marked and all of the walnut sized rocks on the surface within the circle were collected with tongs. Sample 14283 is a light gray, slabby, angular, coherent, crystalline, polymict breccia.",https://www.lpi.usra.edu/lunar/samples/atlas/detail/?mission=Apollo%2014&sample=14283,,0,no_relab_spectrum_for_parent_or_children
218,14284,14284,Apollo 14,rock,,"The purpose of the Comprehensive Sample (14169-14188; 14250-14299) was to acquire a statistically significant set of small rock samples to petrographically characterize the distribution of rock types in the lunar regolith. The sample location was selected 100 to 125 m west of the LM. A two to three meter diameter circle was marked and all of the walnut sized rocks on the surface within the circle were collected with tongs. Sample 14284 is a subrounded, medium gray, coherent, fragmental rock.",https://www.lpi.usra.edu/lunar/samples/atlas/detail/?mission=Apollo%2014&sample=14284,,0,no_relab_spectrum_for_parent_or_children
219,14285,14285,Apollo 14,rock,breccia,"The purpose of the Comprehensive Sample (14169-14188; 14250-14299) was to acquire a statistically significant set of small rock samples to petrographically characterize the distribution of rock types in the lunar regolith. The sample location was selected 100 to 125 m west of the LM. A two to three meter diameter circle was marked and all of the walnut sized rocks on the surface within the circle were collected with tongs. Sample 14285 is a light medium gray, coherent, polymict breccia.",https://www.lpi.usra.edu/lunar/samples/atlas/detail/?mission=Apollo%2014&sample=14285,,0,no_relab_spectrum_for_parent_or_children
220,14286,14286,Apollo 14,rock,,The purpose of the Comprehensive Sample (14169-14188; 14250-14299) was to acquire a statistically significant set of small rock samples to petrographically characterize the distribution of rock types in the lunar regolith. The sample location was selected 100 to 125 m west of the LM. A two to three meter diameter circle was marked and all of the walnut sized rocks on the surface within the circle were collected with tongs. Sample 14286 is a medium brownish-gray fragmental rock.,https://www.lpi.usra.edu/lunar/samples/atlas/detail/?mission=Apollo%2014&sample=14286,,0,no_relab_spectrum_for_parent_or_children
221,14287,14287,Apollo 14,rock,,"The purpose of the Comprehensive Sample (14169-14188; 14250-14299) was to acquire a statistically significant set of small rock samples to petrographically characterize the distribution of rock types in the lunar regolith. The sample location was selected 100 to 125 m west of the LM. A two to three meter diameter circle was marked and all of the walnut sized rocks on the surface within the circle were collected with tongs. Sample 14287 is a medium brownish gray, coherent, fragmental rock that is blocky and angular in shape.",https://www.lpi.usra.edu/lunar/samples/atlas/detail/?mission=Apollo%2014&sample=14287,,0,no_relab_spectrum_for_parent_or_children
222,14288,14288,Apollo 14,rock,breccia,"The purpose of the Comprehensive Sample (14169-14188; 14250-14299) was to acquire a statistically significant set of small rock samples to petrographically characterize the distribution of rock types in the lunar regolith. The sample location was selected 100 to 125 m west of the LM. A two to three meter diameter circle was marked and all of the walnut sized rocks on the surface within the circle were collected with tongs. Sample 14288 is a medium dark gray, vitric (matrix) breccia. It is blocky and angular in shpe and is coherent.",https://www.lpi.usra.edu/lunar/samples/atlas/detail/?mission=Apollo%2014&sample=14288,,0,no_relab_spectrum_for_parent_or_children
223,14289,14289,Apollo 14,,,"The purpose of the Comprehensive Sample (14169-14188; 14250-14299) was to acquire a statistically significant set of small rock samples to petrographically characterize the distribution of rock types in the lunar regolith. The sample location was selected 100 to 125 m west of the LM. A two to three meter diameter circle was marked and all of the walnut sized rocks on the surface within the circle were collected with tongs. Sample 14288 is a medium dark gray, vitric (matrix) breccia. It is blocky and angular in shpe and is coherent.",https://www.lpi.usra.edu/lunar/samples/atlas/detail/?mission=Apollo%2014&sample=14289,,0,no_relab_spectrum_for_parent_or_children
224,14290,14290,Apollo 14,,soil,The purpose of the Comprehensive Sample (14169-14188; 14250-14299) was to acquire a statistically significant set of small rock samples to petrographically characterize the distribution of rock types in the lunar regolith. The sample location was selected 100 to 125 m west of the LM. A two to three meter diameter circle was marked and all of the walnut sized rocks on the surface within the circle were collected with tongs.,https://www.lpi.usra.edu/lunar/samples/atlas/detail/?mission=Apollo%2014&sample=14290,,0,no_relab_spectrum_for_parent_or_children
225,14291,14291,Apollo 14,,soil,The purpose of the Comprehensive Sample (14169-14188; 14250-14299) was to acquire a statistically significant set of small rock samples to petrographically characterize the distribution of rock types in the lunar regolith. The sample location was selected 100 to 125 m west of the LM. A two to three meter diameter circle was marked and all of the walnut sized rocks on the surface within the circle were collected with tongs.,https://www.lpi.usra.edu/lunar/samples/atlas/detail/?mission=Apollo%2014&sample=14291,,0,no_relab_spectrum_for_parent_or_children
226,14292,14292,Apollo 14,,soil,The purpose of the Comprehensive Sample (14169-14188; 14250-14299) was to acquire a statistically significant set of small rock samples to petrographically characterize the distribution of rock types in the lunar regolith. The sample location was selected 100 to 125 m west of the LM. A two to three meter diameter circle was marked and all of the walnut sized rocks on the surface within the circle were collected with tongs.,https://www.lpi.usra.edu/lunar/samples/atlas/detail/?mission=Apollo%2014&sample=14292,,0,no_relab_spectrum_for_parent_or_children
227,14293,14293,Apollo 14,,soil,The purpose of the Comprehensive Sample (14169-14188; 14250-14299) was to acquire a statistically significant set of small rock samples to petrographically characterize the distribution of rock types in the lunar regolith. The sample location was selected 100 to 125 m west of the LM. A two to three meter diameter circle was marked and all of the walnut sized rocks on the surface within the circle were collected with tongs.,https://www.lpi.usra.edu/lunar/samples/atlas/detail/?mission=Apollo%2014&sample=14293,,0,no_relab_spectrum_for_parent_or_children
228,14294,14294,Apollo 14,,breccia,"The purpose of the Comprehensive Sample (14169-14188; 14250-14299) was to acquire a statistically significant set of small rock samples to petrographically characterize the distribution of rock types in the lunar regolith. The sample location was selected 100 to 125 m west of the LM. A two to three meter diameter circle was marked and all of the walnut sized rocks on the surface within the circle were collected with tongs. Weigh bag 1038 was used to hold rocks and fragments from Station H, EVA-2. The largest samples are numbered 14312-14320 and the residue is 14290-14297. Samples 14294-14297 are the largest fragments of the residue. Sample 14294 is a breccia with one rounded side and one angular side. It is grayish brown on the rounded surface and light to medium gray on the fresh surface.",https://www.lpi.usra.edu/lunar/samples/atlas/detail/?mission=Apollo%2014&sample=14294,,0,no_relab_spectrum_for_parent_or_children
229,14295,14295,Apollo 14,rock,breccia,"The purpose of the Comprehensive Sample (14169-14188; 14250-14299) was to acquire a statistically significant set of small rock samples to petrographically characterize the distribution of rock types in the lunar regolith. The sample location was selected 100 to 125 m west of the LM. A two to three meter diameter circle was marked and all of the walnut sized rocks on the surface within the circle were collected with tongs. Weigh bag 1038 was used to hold rocks and fragments from Station H, EVA-2. The largest samples are numbered 14312-14320 and the residue is 14290-14297. Samples 14294-14297 are the largest fragments of the residue. Sample 14295 is a fine grained, polymict breccia with 5% clasts larger than 1 mm and 95% matrix grains smaller than 1 mm in size.",https://www.lpi.usra.edu/lunar/samples/atlas/detail/?mission=Apollo%2014&sample=14295,,0,no_relab_spectrum_for_parent_or_children
230,14296,14296,Apollo 14,rock,breccia,"The purpose of the Comprehensive Sample (14169-14188; 14250-14299) was to acquire a statistically significant set of small rock samples to petrographically characterize the distribution of rock types in the lunar regolith. The sample location was selected 100 to 125 m west of the LM. A two to three meter diameter circle was marked and all of the walnut sized rocks on the surface within the circle were collected with tongs. Weigh bag 1038 was used to hold rocks and fragments from Station H, EVA-2. The largest samples are numbered 14312-14320 and the residue is 14290-14297. Samples 14294-14297 are the largest fragments of the residue. Sample 14296 is a light ray, angular, flat, polymict breccia chip.",https://www.lpi.usra.edu/lunar/samples/atlas/detail/?mission=Apollo%2014&sample=14296,,0,no_relab_spectrum_for_parent_or_children
231,14297,14297,Apollo 14,rock,breccia,"The purpose of the Comprehensive Sample (14169-14188; 14250-14299) was to acquire a statistically significant set of small rock samples to petrographically characterize the distribution of rock types in the lunar regolith. The sample location was selected 100 to 125 m west of the LM. A two to three meter diameter circle was marked and all of the walnut sized rocks on the surface within the circle were collected with tongs. Weigh bag 1038 was used to hold rocks and fragments from Station H, EVA-2. The largest samples are numbered 14312-14320 and the residue is 14290-14297. Samples 14294-14297 are the largest fragments of the residue. Sample 14297 is a polymict breccia with an unusual clast mineralogy.",https://www.lpi.usra.edu/lunar/samples/atlas/detail/?mission=Apollo%2014&sample=14297,,0,no_relab_spectrum_for_parent_or_children
232,14298,14298,Apollo 14,,,The purpose of the Comprehensive Sample (14169-14188; 14250-14299) was to acquire a statistically significant set of small rock samples to petrographically characterize the distribution of rock types in the lunar regolith. The sample location was selected 100 to 125 m west of the LM. A two to three meter diameter circle was marked and all of the walnut sized rocks on the surface within the circle were collected with tongs.,https://www.lpi.usra.edu/lunar/samples/atlas/detail/?mission=Apollo%2014&sample=14298,,0,no_relab_spectrum_for_parent_or_children
233,14299,14299,Apollo 14,,,The purpose of the Comprehensive Sample (14169-14188; 14250-14299) was to acquire a statistically significant set of small rock samples to petrographically characterize the distribution of rock types in the lunar regolith. The sample location was selected 100 to 125 m west of the LM. A two to three meter diameter circle was marked and all of the walnut sized rocks on the surface within the circle were collected with tongs.,https://www.lpi.usra.edu/lunar/samples/atlas/detail/?mission=Apollo%2014&sample=14299,,0,no_relab_spectrum_for_parent_or_children
234,14300,14300,Apollo 14,,,,https://www.lpi.usra.edu/lunar/samples/atlas/detail/?mission=Apollo%2014&sample=14300,,0,no_relab_spectrum_for_parent_or_children
235,14301,14301,Apollo 14,rock,breccia,"Sample 14301 is one of two samples (14301 and 14313) collected at Station G1, 150 m east of the LM on the north rim crest of North Triplet Crater during the second EVA. According to the astronauts, the rock appeared to be similar to the other rocks in the area; these appear to be ejecta from North Triplet Crater. Except for samples dug from trenches, 14301 was the most deeply buried rock returned during the Apollo 14 mission (Swann et al., 1977). This sample was larger then anticipated, and was placed directly in weigh bag 1031 (?) by the astronauts. Sample 14301 is a moderately coherent, light medium gray, polymict breccia. It consists of at least 20% clasts larger than 1mm.",https://www.lpi.usra.edu/lunar/samples/atlas/detail/?mission=Apollo%2014&sample=14301,,0,no_relab_spectrum_for_parent_or_children
236,14302,14302,Apollo 14,rock,,,https://www.lpi.usra.edu/lunar/samples/atlas/detail/?mission=Apollo%2014&sample=14302,,0,no_relab_spectrum_for_parent_or_children
237,14303,14303,Apollo 14,rock,breccia,"These samples (14303 and 14304) are pieces of a football-size rock collected from a location 80 m NNW of the LM during EVA 1. This rock was almost completely buried in the regolith and its orientation is unknown. Both of these samples have freshly broken surfaces. They were first identified as pieces of the same rock in March, 1977, when the models of the rock were found to fit together along their freshly broken surfaces. They share a common lithology which is especially evident along the broken surfaces. These samples were returned together in weigh bag 1027 which also contained samples 14305/302 and various smaller chips (see Phinney et al., 1975). These samples were examined in the CRA and NNPL by the PET < and 14303 was extensively distributed for scientific experimentation. Sample 14304 has been designated a posterity sample. This rock (14303) is a coherent, gray, block to subrounded breccia.",https://www.lpi.usra.edu/lunar/samples/atlas/detail/?mission=Apollo%2014&sample=14303,,0,no_relab_spectrum_for_parent_or_children
238,14304,14304,Apollo 14,rock,breccia,"These samples (14303 and 14304) are pieces of a football-size rock collected from a location 80 m NNW of the LM during EVA 1. This rock was almost completely buried in the regolith and its orientation is unknown. Both of these samples have freshly broken surfaces. They were first identified as pieces of the same rock in March, 1977, when the models of the rock were found to fit together along their freshly broken surfaces. They share a common lithology which is especially evident along the broken surfaces. These samples were returned together in weigh bag 1027 which also contained samples 14305/302 and various smaller chips (see Phinney et al., 1975). These samples were examined in the CRA and NNPL by the PET, and 14303 was extensively distributed for scientific experimentation. Sample 14304 has been designated a posterity sample.",https://www.lpi.usra.edu/lunar/samples/atlas/detail/?mission=Apollo%2014&sample=14304,,0,no_relab_spectrum_for_parent_or_children
239,14305,14305,Apollo 14,rock,breccia,"broken apart during transit to LRL and numberd 14305 / 14302 and 14303 / 14304; sample 14302 was later renumbered 14305,18. The sample is a medium gray, holocrystalline, clast rich breccia which has been well-sintered together.",https://www.lpi.usra.edu/lunar/samples/atlas/detail/?mission=Apollo%2014&sample=14305,,0,no_relab_spectrum_for_parent_or_children
240,14306,14306,Apollo 14,rock,breccia,"Sample 14306 is a fragmental rock collected at station G, 230 meters ESE of the lunar module (LM), and 50 meters E of the rrim crest of North Triplet Crater. It is said to be somewhat more tabular and less irregular than 60 cm boulder but similar to it in color and albedo. The lunar location and orientation are well documented. This sample is gray with ~25% white clasts and is blocky in shape. The rock is a coherent breccia.",https://www.lpi.usra.edu/lunar/samples/atlas/detail/?mission=Apollo%2014&sample=14306,,0,no_relab_spectrum_for_parent_or_children
241,14307,14307,Apollo 14,rock,breccia,"Breccia sample 14307 was collected during the second EVA at station G. This sample was not well-documented because its position had already been changed by the time it was collected. There are no lunar surface photographs of 14307, and its lunar orientation is only known through surface pitting. The rock was placed in documented bag 25N and returned to weigh bag 1031. This is a block, subrounded rock with an irregular surface. The color varies from white to dark gray. The rock is friable, but suffieciently strong to prevent clasts from falling out.",https://www.lpi.usra.edu/lunar/samples/atlas/detail/?mission=Apollo%2014&sample=14307,,0,no_relab_spectrum_for_parent_or_children
242,14308,14308,Apollo 14,,,,https://www.lpi.usra.edu/lunar/samples/atlas/detail/?mission=Apollo%2014&sample=14308,,0,no_relab_spectrum_for_parent_or_children
243,14309,14309,Apollo 14,rock,breccia,"Sample 14309 was collected sometime during the second EVA. No lunar-surface photographs were made, nor are the location and orientation known. The sample was returned in weight bag 1031 with other grap samples from EVA 2. Sample 14309 is a moderately friable, vitric matrix breccia.",https://www.lpi.usra.edu/lunar/samples/atlas/detail/?mission=Apollo%2014&sample=14309,,0,no_relab_spectrum_for_parent_or_children
244,14310,14310,Apollo 14,rock,basalt,"Crystalline Sample 14310 was collected during the second EVA at Station G. The collection was not well documented -- no lunar-surface photographs were made, and the orientation is known only from surface pitting. This rock is a medium, gray, blocky melt rock, which is subrounded on the pitted sides. It is fine grained and homogeneous in mineralogy.",https://www.lpi.usra.edu/lunar/samples/atlas/detail/?mission=Apollo%2014&sample=14310,,0,no_relab_spectrum_for_parent_or_children
245,14311,14311,Apollo 14,rock,breccia,"Breccia sample 14311 was collected during EVA 2 at station Dg. Lunar surface photographs were not taken and the orientation is estimated from surface pitting. Sample 14308 consisted of 3 pieces which PET found to have been part of 14311 and are included herein. These three pieces were renumbered 14311,26; 14311,64; and 14311,65. This sample is a gray coherent breccia which is broken into pieces along fractures. There are only a few fragments >1 mm ( < 5%) and the rock is mostly (95%) crystalline matrix.",https://www.lpi.usra.edu/lunar/samples/atlas/detail/?mission=Apollo%2014&sample=14311,,0,no_relab_spectrum_for_parent_or_children
246,14312,14312,Apollo 14,rock,breccia,"Sample 14312 is a breccia collected from the top of Turtle Rock during EVA 2 at Station H. Its lunar orientation and location were well documented. Turkle Rock is the largest of several boulders at Station H, and the two rocks on it were nicknamed ""turtle eggs"", and collected as samples 14312 and 14319; rock is medium gray, coherent breccia which is partly covered with glass.",https://www.lpi.usra.edu/lunar/samples/atlas/detail/?mission=Apollo%2014&sample=14312,,0,no_relab_spectrum_for_parent_or_children
247,14313,14313,Apollo 14,rock,breccia,"Breccia sample 14313 was collected during the second EVA at Station G1, 150 m east of LM, on north rim crest of North Triplet Crater. It was placed in documented bag 27N. Its lunar location and orientation are well documented. This is a medium light gray, coherent, fragmental breccia with a distrinctive shape due to a prominent notch produced by spalling along two sets of fractures intersecting at an angle of 150 degrees.",https://www.lpi.usra.edu/lunar/samples/atlas/detail/?mission=Apollo%2014&sample=14313,,0,no_relab_spectrum_for_parent_or_children
248,14314,14314,Apollo 14,rock,breccia,"Sample 14314 is a breccia sample collected during the second EVA at Station H. It was collected from the fillet below Turtle Rock, 80 meters NW of the LM. The fillet slopes 2-3 degrees to the flat regolith and has abundant rocks up to 30 cm in size distributed in it. The rock is a friable breccia, medium to light gray on its fresh surface and dark brownish gray elsewhere. Approximately 40% of the surface is glass covered.",https://www.lpi.usra.edu/lunar/samples/atlas/detail/?mission=Apollo%2014&sample=14314,,0,no_relab_spectrum_for_parent_or_children
249,14315,14315,Apollo 14,,breccia,"Sample 14315 is a breccia collected from Station H (North Boulder Field) during EVA 2. Its lunar location is documented as bieing 15 m SE of Turtle Rock and 70 m NW of the LM, but the lunar orientation is tentative. It was returned in weight bag 1038. This coherent, gray breccia has a rounded surface and an angular flat underside.",https://www.lpi.usra.edu/lunar/samples/atlas/detail/?mission=Apollo%2014&sample=14315,,0,no_relab_spectrum_for_parent_or_children
250,14316,14316,Apollo 14,rock,breccia,"Sample 14316 is a breccia collected at Station H during EVA 2. It has not been identified in lunar surface photographs, so its exact lunar location and orientation are unknown. It was returned in weigh bag 1038. This rock is a medium gray, inhomogeneous, fragmental breccia with one flat face. There is a predominance of leucocratic clasts.",https://www.lpi.usra.edu/lunar/samples/atlas/detail/?mission=Apollo%2014&sample=14316,,0,no_relab_spectrum_for_parent_or_children
251,14317,14317,Apollo 14,rock,breccia,"Breccia sample 14317 was collected at Station H during the second EVA but has not been identified in the North Boulder Field photographs, so its lunar location is tentative, and lunar orientation, unknown. It was returned in weigh bag 1038. This rock is a medium gray, coherent breccia.",https://www.lpi.usra.edu/lunar/samples/atlas/detail/?mission=Apollo%2014&sample=14317,,0,no_relab_spectrum_for_parent_or_children
252,14318,14318,Apollo 14,rock,breccia,"Breccia sample 14318 was collected from the regolith near the south end of North Boulder Field at Station H during the second EVA. It was returned in weigh bag 1038. Sample 14318 is one of the specimens chosen for study by the Imbrium Consortium, who received 14318,0. A complete set of matched thin sections, across the entire specimen was made by the Consortium (1976); This sample is a very coherent, gray, polymict breccia consisting of light gray clasts in a medium gray matrix.",https://www.lpi.usra.edu/lunar/samples/atlas/detail/?mission=Apollo%2014&sample=14318,,0,no_relab_spectrum_for_parent_or_children
253,14319,14319,Apollo 14,rock,breccia,"Breccia sample 14319 is the western rock from the top of Turtle Rock (""turtle eggs""). This sample as well as 14312 were collected from Turtle Rock at Station H during the second EVA and returned in weigh bag 1038. Its lunar orientation and location have been well documented. It appears to be similar to Turtle Rock and the other rocks in the area. This is alight-medium gray coherent breccia which is flat on one side and rounded on the other side.",https://www.lpi.usra.edu/lunar/samples/atlas/detail/?mission=Apollo%2014&sample=14319,,0,no_relab_spectrum_for_parent_or_children
254,14320,14320,Apollo 14,,breccia,"This breccia was collected from North Boulder Field from Station h during EVA 2. The sample has not been identified in lunar surface photographs so the lunar location is only tentative and the lunar orientation is unknown. Sample 14320 was returned in weight bag 1038. This is a medium gray, coherent, polymict breccia.",https://www.lpi.usra.edu/lunar/samples/atlas/detail/?mission=Apollo%2014&sample=14320,,0,no_relab_spectrum_for_parent_or_children
255,14321,14321,Apollo 14,rock,breccia,"largest sample returned during Apollo 14 mission; also known as ""Big Bertha"". This sample is the third largest sample returned by any Apollo mission. This breccia was collected during the second EVA at Station C1, near the rim of Cone Crater. A voice transcript made during the collection, as well as a more detailed discussion of the lunar environment can be found in Geological Survey Professional Paper 880 (Swann et al., 1977). The sample was returned in bag 1038. This large sample is typical of the apparently dominent rock type in the Cone Crater ejecta blanket. It is a moderately well-indurated breccia, in which predominately dark clasts are set in a lighter matrix. The relative abundance of this rock type suggests that it is probalby representative of the Fra Mauro Formation. This rock, 14321, is a partly annealed, moderately coherent polymict breccia. The blocky surface is gray with patches of black and white.",https://www.lpi.usra.edu/lunar/samples/atlas/detail/?mission=Apollo%2014&sample=14321,,0,no_relab_spectrum_for_parent_or_children
256,14411,14411,Apollo 14,,,,https://www.lpi.usra.edu/lunar/samples/atlas/detail/?mission=Apollo%2014&sample=14411,,0,no_relab_spectrum_for_parent_or_children
257,14414,14414,Apollo 14,,,,https://www.lpi.usra.edu/lunar/samples/atlas/detail/?mission=Apollo%2014&sample=14414,,0,no_relab_spectrum_for_parent_or_children
258,14421,14421,Apollo 14,,,,https://www.lpi.usra.edu/lunar/samples/atlas/detail/?mission=Apollo%2014&sample=14421,,0,no_relab_spectrum_for_parent_or_children
259,14426,14426,Apollo 14,rock,breccia,"This sample is a polymict breccia which is broken into two pieces which are similar. The sample is a friable, fine grained, polymict breccia with textural and mineralogic homogeniety.",https://www.lpi.usra.edu/lunar/samples/atlas/detail/?mission=Apollo%2014&sample=14426,,0,no_relab_spectrum_for_parent_or_children
260,14427,14427,Apollo 14,rock,,This sample is a fine grained clastic rock composed of white feldspar and black glass.,https://www.lpi.usra.edu/lunar/samples/atlas/detail/?mission=Apollo%2014&sample=14427,,0,no_relab_spectrum_for_parent_or_children
261,14428,14428,Apollo 14,rock,breccia,Sample 14428 is a vesicular breccia with a crystalline matrix.,https://www.lpi.usra.edu/lunar/samples/atlas/detail/?mission=Apollo%2014&sample=14428,,0,no_relab_spectrum_for_parent_or_children
262,14429,14429,Apollo 14,rock,breccia,Sample 14429 is a slightly vesicular polymict breccia similar to 14428.,https://www.lpi.usra.edu/lunar/samples/atlas/detail/?mission=Apollo%2014&sample=14429,,0,no_relab_spectrum_for_parent_or_children
263,14430,14430,Apollo 14,,breccia,"Sample 14430 is a medium to light gray, polymict breccia",https://www.lpi.usra.edu/lunar/samples/atlas/detail/?mission=Apollo%2014&sample=14430,,0,no_relab_spectrum_for_parent_or_children
264,14431,14431,Apollo 14,rock,,"Sample 14431 is a light gray, crystalline rock",https://www.lpi.usra.edu/lunar/samples/atlas/detail/?mission=Apollo%2014&sample=14431,,0,no_relab_spectrum_for_parent_or_children
265,14434,14434,Apollo 14,,,,https://www.lpi.usra.edu/lunar/samples/atlas/detail/?mission=Apollo%2014&sample=14434,,0,no_relab_spectrum_for_parent_or_children
266,14435,14435,Apollo 14,rock,,"Sample 14435 is a holocrystalline, equigranular, coherent rock which appears to have been freshly broken.",https://www.lpi.usra.edu/lunar/samples/atlas/detail/?mission=Apollo%2014&sample=14435,,0,no_relab_spectrum_for_parent_or_children
267,14436,14436,Apollo 14,rock,,"Sample 14436 is a brownish gray sample which may be either an igneous rock or a dense, fine grained, fragmental rock.",https://www.lpi.usra.edu/lunar/samples/atlas/detail/?mission=Apollo%2014&sample=14436,,0,no_relab_spectrum_for_parent_or_children
268,14437,14437,Apollo 14,rock,,Sample 14437 is a fragmental rock with all grains smaller than 1 mm and no lithic fragments.,https://www.lpi.usra.edu/lunar/samples/atlas/detail/?mission=Apollo%2014&sample=14437,,0,no_relab_spectrum_for_parent_or_children
269,14438,14438,Apollo 14,rock,,"Sample 141438 is a medium to light brownish gray, fragmental rock.",https://www.lpi.usra.edu/lunar/samples/atlas/detail/?mission=Apollo%2014&sample=14438,,0,no_relab_spectrum_for_parent_or_children
270,14439,14439,Apollo 14,rock,,"This sample consists of two, small, subequal pieces of a fragmental rock.",https://www.lpi.usra.edu/lunar/samples/atlas/detail/?mission=Apollo%2014&sample=14439,,0,no_relab_spectrum_for_parent_or_children
271,14440,14440,Apollo 14,rock,,"This sample is a blocky, angular, medium gray, holocrystalline rock with smooth, unpitted surfaces.",https://www.lpi.usra.edu/lunar/samples/atlas/detail/?mission=Apollo%2014&sample=14440,,0,no_relab_spectrum_for_parent_or_children
272,14441,14441,Apollo 14,rock,,"This is a medium to dark gray, coherent, fragmental rock with a pronounced conical shape.",https://www.lpi.usra.edu/lunar/samples/atlas/detail/?mission=Apollo%2014&sample=14441,,0,no_relab_spectrum_for_parent_or_children
273,14442,14442,Apollo 14,rock,,"Sample 14442 is a small, blocky, friable, medium gray fragment which resembles siltstone in appearance.",https://www.lpi.usra.edu/lunar/samples/atlas/detail/?mission=Apollo%2014&sample=14442,,0,no_relab_spectrum_for_parent_or_children
274,14443,14443,Apollo 14,rock,,"The sample is a dust covered, slightly elongated, holocrystalline rock.",https://www.lpi.usra.edu/lunar/samples/atlas/detail/?mission=Apollo%2014&sample=14443,,0,no_relab_spectrum_for_parent_or_children
275,14444,14444,Apollo 14,rock,,"This is a very light gray, coherent, holocrystalline rock with 4% megacrysts.",https://www.lpi.usra.edu/lunar/samples/atlas/detail/?mission=Apollo%2014&sample=14444,,0,no_relab_spectrum_for_parent_or_children
276,14445,14445,Apollo 14,rock,breccia,"Sample 14445 is a blocky, subangular, medium gray, hackly, polymict breccia with moderate cohesiveness.",https://www.lpi.usra.edu/lunar/samples/atlas/detail/?mission=Apollo%2014&sample=14445,,0,no_relab_spectrum_for_parent_or_children
277,14446,14446,Apollo 14,rock,,This sample consists of four small chips of plagioclase-rich rock.,https://www.lpi.usra.edu/lunar/samples/atlas/detail/?mission=Apollo%2014&sample=14446,,0,no_relab_spectrum_for_parent_or_children
278,14447,14447,Apollo 14,rock,,"This small sample is blocky and angular in shape, it has a very hackly surface. It appears to be an agglometation of fine grained clastics that is held together with glass.",https://www.lpi.usra.edu/lunar/samples/atlas/detail/?mission=Apollo%2014&sample=14447,,0,no_relab_spectrum_for_parent_or_children
279,14448,14448,Apollo 14,rock,,"This sample is an agglomerate of fine grained, clastic rocks held together by spatter glass.",https://www.lpi.usra.edu/lunar/samples/atlas/detail/?mission=Apollo%2014&sample=14448,,0,no_relab_spectrum_for_parent_or_children
280,14449,14449,Apollo 14,rock,,"Sample 14449 is a gray, friable, freshly broken chip of clastic rock.",https://www.lpi.usra.edu/lunar/samples/atlas/detail/?mission=Apollo%2014&sample=14449,,0,no_relab_spectrum_for_parent_or_children
281,14450,14450,Apollo 14,rock,,"The sample is an agglomerate of friable, clastic clods bonded by dark gray to honey brown vesicular glass.",https://www.lpi.usra.edu/lunar/samples/atlas/detail/?mission=Apollo%2014&sample=14450,,0,no_relab_spectrum_for_parent_or_children
282,14451,14451,Apollo 14,rock,,"This sample is a very light gray, coherent, massive, inequigranular, holocrystalline rock.",https://www.lpi.usra.edu/lunar/samples/atlas/detail/?mission=Apollo%2014&sample=14451,,0,no_relab_spectrum_for_parent_or_children
283,14452,14452,Apollo 14,rock,,"Sample is a fine grained, gray, clastic rock.",https://www.lpi.usra.edu/lunar/samples/atlas/detail/?mission=Apollo%2014&sample=14452,,0,no_relab_spectrum_for_parent_or_children
284,14453,14453,Apollo 14,rock,breccia,"This is a banded, light gray, slightly flattened, breccia chip.",https://www.lpi.usra.edu/lunar/samples/atlas/detail/?mission=Apollo%2014&sample=14453,,0,no_relab_spectrum_for_parent_or_children
285,15000,15000,Apollo 15,rake,,,https://www.lpi.usra.edu/lunar/samples/atlas/detail/?mission=Apollo%2015&sample=15000,,0,no_relab_spectrum_for_parent_or_children
286,15001,15001,Apollo 15,core,,"Deep core 15001 through 15006 was taken at Station 8, 5 m southeast of the trench. Area has a smooth hummocky surface with fine grained material and rare cobble-sized fragments not visibly related to any particular crater. Astronauts report a hard layer at a depht of 35 cm at the trench; this layer may exist in the core as well.",https://www.lpi.usra.edu/lunar/samples/atlas/detail/?mission=Apollo%2015&sample=15001,,0,no_relab_spectrum_for_parent_or_children
287,15002,15002,Apollo 15,core,,"Deep core 15001 through 15006 was taken at Station 8, 5 m southeast of the trench. Area has a smooth hummocky surface with fine grained material and rare cobble-sized fragments not visibly related to any particular crater. Astronauts report a hard layer at a depht of 35 cm at the trench; this layer may exist in the core as well.",https://www.lpi.usra.edu/lunar/samples/atlas/detail/?mission=Apollo%2015&sample=15002,,0,no_relab_spectrum_for_parent_or_children
288,15003,15003,Apollo 15,core,,"Deep core 15001 through 15006 was taken at Station 8, 5 m southeast of the trench. Area has a smooth hummocky surface with fine grained material and rare cobble-sized fragments not visibly related to any particular crater. Astronauts report a hard layer at a depht of 35 cm at the trench; this layer may exist in the core as well.",https://www.lpi.usra.edu/lunar/samples/atlas/detail/?mission=Apollo%2015&sample=15003,,0,no_relab_spectrum_for_parent_or_children
289,15004,15004,Apollo 15,core,,"Deep core 15001 through 15006 was taken at Station 8, 5 m southeast of the trench. Area has a smooth hummocky surface with fine grained material and rare cobble-sized fragments not visibly related to any particular crater. Astronauts report a hard layer at a depht of 35 cm at the trench; this layer may exist in the core as well.",https://www.lpi.usra.edu/lunar/samples/atlas/detail/?mission=Apollo%2015&sample=15004,,0,no_relab_spectrum_for_parent_or_children
290,15005,15005,Apollo 15,core,,"Deep core 15001 through 15006 was taken at Station 8, 5 m southeast of the trench. Area has a smooth hummocky surface with fine grained material and rare cobble-sized fragments not visibly related to any particular crater. Astronauts report a hard layer at a depht of 35 cm at the trench; this layer may exist in the core as well.",https://www.lpi.usra.edu/lunar/samples/atlas/detail/?mission=Apollo%2015&sample=15005,,0,no_relab_spectrum_for_parent_or_children
291,15006,15006,Apollo 15,core,,"Deep core 15001 through 15006 was taken at Station 8, 5 m southeast of the trench. Area has a smooth hummocky surface with fine grained material and rare cobble-sized fragments not visibly related to any particular crater. Astronauts report a hard layer at a depht of 35 cm at the trench; this layer may exist in the core as well.",https://www.lpi.usra.edu/lunar/samples/atlas/detail/?mission=Apollo%2015&sample=15006,,0,no_relab_spectrum_for_parent_or_children
292,15007,15007,Apollo 15,core,,"Double core 15007 through 15008 was collected at Station 2, 5m SE of the large boulder on the rim of a 10m crater. Local concentrations of clods on the crater rim, but the site mostly has fine grained character. Lack of blocks suggests a mature, intensely gardened regolith.",https://www.lpi.usra.edu/lunar/samples/atlas/detail/?mission=Apollo%2015&sample=15007,,0,no_relab_spectrum_for_parent_or_children
293,15008,15008,Apollo 15,core,,"Double core 15007 through 15008 was collected at Station 2, 5m SE of the large boulder on the rim of a 10m crater. Local concentrations of clods on the crater rim, but the site mostly has fine grained character. Lack of blocks suggests a mature, intensely gardened regolith.",https://www.lpi.usra.edu/lunar/samples/atlas/detail/?mission=Apollo%2015&sample=15008,,0,no_relab_spectrum_for_parent_or_children
294,15009,15009,Apollo 15,core,,,https://www.lpi.usra.edu/lunar/samples/atlas/detail/?mission=Apollo%2015&sample=15009,,0,no_relab_spectrum_for_parent_or_children
295,15010,15010,Apollo 15,core,,"Double core 15010-15011 was collected at Station 9A 20 m N of the rim of Hadley Rille. The site is level with no fresh craters apparent; fragments < 20 cm are common, boulders >1m are scattered. Core area was undisturbed by footprings before sampling, even the uppermost part of the core should be undisturbed.",https://www.lpi.usra.edu/lunar/samples/atlas/detail/?mission=Apollo%2015&sample=15010,,0,no_relab_spectrum_for_parent_or_children
296,15011,15011,Apollo 15,core,soil,"Double core 15010-15011 was collected at Station 9A 20 m N of the rim of Hadley Rille. The site is level with no fresh craters apparent; fragments < 20 cm are common, boulders >1m are scattered. Core area was undisturbed by footprings before sampling, even the uppermost part of the core should be undisturbed.",https://www.lpi.usra.edu/lunar/samples/atlas/detail/?mission=Apollo%2015&sample=15011,,0,no_relab_spectrum_for_parent_or_children
297,15012,15012,Apollo 15,,soil,"Soil collected with rock fragments 15260 through 15264 from the bottom of a trench dug into the south rim of a 12 m cratr at Station 6. The rim of this crater is asymmetric; the north rim is hard, granular, and littered with fragments, and the south rim is softer and smoother.",https://www.lpi.usra.edu/lunar/samples/atlas/detail/?mission=Apollo%2015&sample=15012,,0,no_relab_spectrum_for_parent_or_children
298,15013,15013,Apollo 15,,soil,,https://www.lpi.usra.edu/lunar/samples/atlas/detail/?mission=Apollo%2015&sample=15013,,0,no_relab_spectrum_for_parent_or_children
299,15014,15014,Apollo 15,soil-general,,15014 was placed in a special environmental sample container (SESC) which has remained unopened to date (2010).,https://www.lpi.usra.edu/lunar/samples/atlas/detail/?mission=Apollo%2015&sample=15014,,0,no_relab_spectrum_for_parent_or_children
300,15015,15015,Apollo 15,rock,regolith breccia,"Coherent, glassy matrix breccia containing abundant glass balls, shards, and schlieren",https://www.lpi.usra.edu/lunar/samples/atlas/detail/?mission=Apollo%2015&sample=15015,,0,no_relab_spectrum_for_parent_or_children
301,15016,15016,Apollo 15,,basalt,"Lunar Sample 15016 is a highly vesicular, olivine-normative, basalt with a major element composition similar to that of non-vesicular basalt 15555. It is a medium-grained basalt with subhedral phenocrysts of zoned pyroxene (1-2 mm) and olivine (~1 mm) set in a matrix of subophitic intergrowths of pyroxene and plagioclase.",https://www.lpi.usra.edu/lunar/samples/atlas/detail/?mission=Apollo%2015&sample=15016,,0,no_relab_spectrum_for_parent_or_children
302,15017,15017,Apollo 15,,,"Ryder (1985) gives a description of 15017. It is a very vesicular glass with numerous included mineral grains. Only the outside surface was smooth and shiny. Some interior vesicles were open to the outside. There were a few zap pit on some of the surface, but little accretionary material.",https://www.lpi.usra.edu/lunar/samples/atlas/detail/?mission=Apollo%2015&sample=15017,,0,no_relab_spectrum_for_parent_or_children
303,15018,15018,Apollo 15,,,,https://www.lpi.usra.edu/lunar/samples/atlas/detail/?mission=Apollo%2015&sample=15018,,0,no_relab_spectrum_for_parent_or_children
304,15019,15019,Apollo 15,,,,https://www.lpi.usra.edu/lunar/samples/atlas/detail/?mission=Apollo%2015&sample=15019,,0,no_relab_spectrum_for_parent_or_children
305,15020,15020,Apollo 15,,soil,"This is the contingency sample collected 12 m west of the LM +Z footpad. The surface material here is soft and fine grained. The sample was taken on a small flat between two subdued 1 m craters. The sample sieved includes a 1.1g glass coated microbreccia, but excludes a 77 gm coherent breccia.",https://www.lpi.usra.edu/lunar/samples/atlas/detail/?mission=Apollo%2015&sample=15020,,0,no_relab_spectrum_for_parent_or_children
306,15021,15021,Apollo 15,,,,https://www.lpi.usra.edu/lunar/samples/atlas/detail/?mission=Apollo%2015&sample=15021,,0,no_relab_spectrum_for_parent_or_children
307,15024,15024,Apollo 15,,,,https://www.lpi.usra.edu/lunar/samples/atlas/detail/?mission=Apollo%2015&sample=15024,,0,no_relab_spectrum_for_parent_or_children
308,15025,15025,Apollo 15,soil-general,breccia,15025 was included in the collection of the contingency sample for Apollo 15. It is a typical soil breccia.,https://www.lpi.usra.edu/lunar/samples/atlas/detail/?mission=Apollo%2015&sample=15025,,0,no_relab_spectrum_for_parent_or_children
309,15026,15026,Apollo 15,,,,https://www.lpi.usra.edu/lunar/samples/atlas/detail/?mission=Apollo%2015&sample=15026,,0,no_relab_spectrum_for_parent_or_children
310,15027,15027,Apollo 15,,breccia,15027 and 15028 are both glass-coated breccias found together near the LM.,https://www.lpi.usra.edu/lunar/samples/atlas/detail/?mission=Apollo%2015&sample=15027,,0,no_relab_spectrum_for_parent_or_children
311,15028,15028,Apollo 15,,breccia,15027 and 15028 are both glass-coated breccias found together near the LM.,https://www.lpi.usra.edu/lunar/samples/atlas/detail/?mission=Apollo%2015&sample=15028,,0,no_relab_spectrum_for_parent_or_children
312,15030,15030,Apollo 15,soil-general,,"At Station 8, Astronaut Irwin dug the deep trench; samples 15030 through 15034 were taken from the bottom of the trench. The trench area is similar to the area near the ALSEP, a smooth, hummocky surface of fine grained material with rare, cobble sized fragments not visibly related to any particular crater. The trench wall was described by the astronauts as uniform, with perhaps a slight color darkening in the middle part, above a hard layer which was not penetrated, but just reached at a depth of about 35 cm.",https://www.lpi.usra.edu/lunar/samples/atlas/detail/?mission=Apollo%2015&sample=15030,,0,no_relab_spectrum_for_parent_or_children
313,15031,15031,Apollo 15,,,,https://www.lpi.usra.edu/lunar/samples/atlas/detail/?mission=Apollo%2015&sample=15031,,0,no_relab_spectrum_for_parent_or_children
314,15032,15032,Apollo 15,,,,https://www.lpi.usra.edu/lunar/samples/atlas/detail/?mission=Apollo%2015&sample=15032,,0,no_relab_spectrum_for_parent_or_children
315,15033,15033,Apollo 15,,,,https://www.lpi.usra.edu/lunar/samples/atlas/detail/?mission=Apollo%2015&sample=15033,,0,no_relab_spectrum_for_parent_or_children
316,15034,15034,Apollo 15,,,,https://www.lpi.usra.edu/lunar/samples/atlas/detail/?mission=Apollo%2015&sample=15034,,0,no_relab_spectrum_for_parent_or_children
317,15040,15040,Apollo 15,soil-general,,"At Station 8 Astronaut Irwin dug the deep trench; samples 15040 through 15044 were taken from the tope of the trench. The trench area is similar to the area near the ALSEP, a smooth, hummocky surface of fine grained material with rare, cobble sized fragments not visibly related to any particular crater. The trench wall was described by the astronauts as uniform, with perhaps a slight color darkening in the middle part, above a hard layer which was not penetrated, but just reached at a depth of about 35 cm. One small fresh crater occurs a few meters north of the trench, but it is too distant to add a significant layer of ejecta to the top of the trench area.",https://www.lpi.usra.edu/lunar/samples/atlas/detail/?mission=Apollo%2015&sample=15040,,0,no_relab_spectrum_for_parent_or_children
318,15042,15042,Apollo 15,,,,https://www.lpi.usra.edu/lunar/samples/atlas/detail/?mission=Apollo%2015&sample=15042,,0,no_relab_spectrum_for_parent_or_children
319,15043,15043,Apollo 15,,,,https://www.lpi.usra.edu/lunar/samples/atlas/detail/?mission=Apollo%2015&sample=15043,,0,no_relab_spectrum_for_parent_or_children
320,15044,15044,Apollo 15,,,,https://www.lpi.usra.edu/lunar/samples/atlas/detail/?mission=Apollo%2015&sample=15044,,0,no_relab_spectrum_for_parent_or_children
321,15059,15059,Apollo 15,,regolith breccia,"Ryder (1985) described 15059 as a ""tough regolith breccia containing mare basalt and KREEP basalt and abundant glass, in a glassy matrix. A thin very vesicular glass coat covers most of the sample and intrudes it along fractures.""",https://www.lpi.usra.edu/lunar/samples/atlas/detail/?mission=Apollo%2015&sample=15059,,0,no_relab_spectrum_for_parent_or_children
322,15065,15065,Apollo 15,,basalt,15065 is a coarse-grained mare basalt that is about 3.35 b.y. old.,https://www.lpi.usra.edu/lunar/samples/atlas/detail/?mission=Apollo%2015&sample=15065,,0,no_relab_spectrum_for_parent_or_children
323,15070,15070,Apollo 15,,soil,"Soil 15070, rock sample 15075, and rock sample 15076 were taken from a small area about 25 m east of the rim of Elbow crater at Station 1. The samples were taken as the middle part of a three part radial sample of the ejecta blanket of Elbow crater. The soil and two rock samples were placed in the same sample bag.",https://www.lpi.usra.edu/lunar/samples/atlas/detail/?mission=Apollo%2015&sample=15070,,0,no_relab_spectrum_for_parent_or_children
324,15072,15072,Apollo 15,,,,https://www.lpi.usra.edu/lunar/samples/atlas/detail/?mission=Apollo%2015&sample=15072,,0,no_relab_spectrum_for_parent_or_children
325,15073,15073,Apollo 15,,,,https://www.lpi.usra.edu/lunar/samples/atlas/detail/?mission=Apollo%2015&sample=15073,,0,no_relab_spectrum_for_parent_or_children
326,15074,15074,Apollo 15,rake,,,https://www.lpi.usra.edu/lunar/samples/atlas/detail/?mission=Apollo%2015&sample=15074,,0,no_relab_spectrum_for_parent_or_children
327,15075,15075,Apollo 15,,basalt,"15075 was one of several basalt samples collected as a radial sample near the rim of Elbow Crater (15065 through 15085). They all appear to be similar (Ryder 1985) . 15077 is interpreted as a ""sister"" sample to 15076.",https://www.lpi.usra.edu/lunar/samples/atlas/detail/?mission=Apollo%2015&sample=15075,,0,no_relab_spectrum_for_parent_or_children
328,15076,15076,Apollo 15,,basalt,"15076 is a coarse-grained, porphyritic pigeonite basalt with subophitic matrix. It has been dated at 3.35 b.y. and has been exposed on the lunar surface for ~300 m.y. (Elbow Crater ?). The top surface is rounded with numerous micrometeorite craters.",https://www.lpi.usra.edu/lunar/samples/atlas/detail/?mission=Apollo%2015&sample=15076,,0,no_relab_spectrum_for_parent_or_children
329,15080,15080,Apollo 15,,,,https://www.lpi.usra.edu/lunar/samples/atlas/detail/?mission=Apollo%2015&sample=15080,,0,no_relab_spectrum_for_parent_or_children
330,15081,15081,Apollo 15,,,,https://www.lpi.usra.edu/lunar/samples/atlas/detail/?mission=Apollo%2015&sample=15081,,0,no_relab_spectrum_for_parent_or_children
331,15082,15082,Apollo 15,,,,https://www.lpi.usra.edu/lunar/samples/atlas/detail/?mission=Apollo%2015&sample=15082,,0,no_relab_spectrum_for_parent_or_children
332,15083,15083,Apollo 15,,,,https://www.lpi.usra.edu/lunar/samples/atlas/detail/?mission=Apollo%2015&sample=15083,,0,no_relab_spectrum_for_parent_or_children
333,15084,15084,Apollo 15,,,,https://www.lpi.usra.edu/lunar/samples/atlas/detail/?mission=Apollo%2015&sample=15084,,0,no_relab_spectrum_for_parent_or_children
334,15085,15085,Apollo 15,,basalt,"It is one of the samples collected as a suite, from different distances from a small crater (15065 to 15085). It is a is about 3.4 b.y. old and is coarse-grained, quartz-normative mare basalt (catalog reports 5 mm) dominated by pigeonite.",https://www.lpi.usra.edu/lunar/samples/atlas/detail/?mission=Apollo%2015&sample=15085,,0,no_relab_spectrum_for_parent_or_children
335,15086,15086,Apollo 15,,regolith breccia,"Soil 15080 and two cobble-sized rocks, 15085 and 15086, were collected at Station 1 about 65 m east of the Elbow crater ejecta rim. This collection was the farthest from the rim of the three part radial sample of ejecta blanket. In the local area of this sample, the general ejecta blanket appears smooth with scattered cobble sized rocks. A chip from friable breccia 15086 was put through freeze-thaw cycling and ultrasonic vibration to disaggregate, then sieved.",https://www.lpi.usra.edu/lunar/samples/atlas/detail/?mission=Apollo%2015&sample=15086,,0,no_relab_spectrum_for_parent_or_children
336,15087,15087,Apollo 15,,,,https://www.lpi.usra.edu/lunar/samples/atlas/detail/?mission=Apollo%2015&sample=15087,,0,no_relab_spectrum_for_parent_or_children
337,15088,15088,Apollo 15,,,,https://www.lpi.usra.edu/lunar/samples/atlas/detail/?mission=Apollo%2015&sample=15088,,0,no_relab_spectrum_for_parent_or_children
338,15090,15090,Apollo 15,,soil,"Samples 15090 through 15093 and 15095 were collected near a large boulder at Station 2. The regolith is notable for its fine texture. Coherent fragments larger than a centimeter in diameter are scattered, and none larger than 10 cm in diameter occur within the immediate sample locality. The soil can be assumed representative of the mature, well gardened regolith composed of St. George crater ejecta plus whatever exotic components have been admixed since the St. George impact.",https://www.lpi.usra.edu/lunar/samples/atlas/detail/?mission=Apollo%2015&sample=15090,,0,no_relab_spectrum_for_parent_or_children
339,15091,15091,Apollo 15,,soil,15091 is a surface soil and should be compared with the top of the double drive tube 15008 collected nearby.,https://www.lpi.usra.edu/lunar/samples/atlas/detail/?mission=Apollo%2015&sample=15091,,0,no_relab_spectrum_for_parent_or_children
340,15092,15092,Apollo 15,,,,https://www.lpi.usra.edu/lunar/samples/atlas/detail/?mission=Apollo%2015&sample=15092,,0,no_relab_spectrum_for_parent_or_children
341,15093,15093,Apollo 15,,,,https://www.lpi.usra.edu/lunar/samples/atlas/detail/?mission=Apollo%2015&sample=15093,,0,no_relab_spectrum_for_parent_or_children
342,15095,15095,Apollo 15,,breccia,,https://www.lpi.usra.edu/lunar/samples/atlas/detail/?mission=Apollo%2015&sample=15095,,0,no_relab_spectrum_for_parent_or_children
343,15100,15100,Apollo 15,rake,soil,Sample was collected at the rake sample site 5m east of the large rock at Station 2. The mature fine grained regolith with a few scattered fragments up to about 10 cm in diameter is characteristic of the entire Station 2 area and presumably represents intensely gardened St. George ejecta to which some ejecta from impacts elsewhere in the Apennine Mountains and Imbrium basin have been added. This sample has not been studied.,https://www.lpi.usra.edu/lunar/samples/atlas/detail/?mission=Apollo%2015&sample=15100,,0,no_relab_spectrum_for_parent_or_children
344,15101,15101,Apollo 15,,,,https://www.lpi.usra.edu/lunar/samples/atlas/detail/?mission=Apollo%2015&sample=15101,,0,no_relab_spectrum_for_parent_or_children
345,15102,15102,Apollo 15,,,,https://www.lpi.usra.edu/lunar/samples/atlas/detail/?mission=Apollo%2015&sample=15102,,0,no_relab_spectrum_for_parent_or_children
346,15103,15103,Apollo 15,,,,https://www.lpi.usra.edu/lunar/samples/atlas/detail/?mission=Apollo%2015&sample=15103,,0,no_relab_spectrum_for_parent_or_children
347,15104,15104,Apollo 15,,,,https://www.lpi.usra.edu/lunar/samples/atlas/detail/?mission=Apollo%2015&sample=15104,,0,no_relab_spectrum_for_parent_or_children
348,15105,15105,Apollo 15,,basalt,"According to Swann et al. (1972), lunar basalt 15105 as a small rock (peanut) collected with soil from station 2 at Apollo 15. It is a fine-grained, olivine-normative mare basalt with relic olivine phenocrysts",https://www.lpi.usra.edu/lunar/samples/atlas/detail/?mission=Apollo%2015&sample=15105,,0,no_relab_spectrum_for_parent_or_children
349,15115,15115,Apollo 15,rake,basalt,"15115 is a relatively coarse basalt and was collected as a rake sample from station 2, Apollo 15..",https://www.lpi.usra.edu/lunar/samples/atlas/detail/?mission=Apollo%2015&sample=15115,,0,no_relab_spectrum_for_parent_or_children
350,15116,15116,Apollo 15,rake,basalt,"15116 was collected as part of a rake sample from station 2, Apollo 15 (Swann et al. 1972). It is a coarse grained pyroxene-rich mare basalt and has not been dated.",https://www.lpi.usra.edu/lunar/samples/atlas/detail/?mission=Apollo%2015&sample=15116,,0,no_relab_spectrum_for_parent_or_children
351,15117,15117,Apollo 15,rake,basalt,"Collected by rake as part of a comprehensive sample taken at station 2, Apollo 15 (near St. George Crater and the Hadley Rille); a coarse-grained pigeonite basalt similar to 15115 and 15116. It has been dated at 3.35 ± 0.04 b.y.",https://www.lpi.usra.edu/lunar/samples/atlas/detail/?mission=Apollo%2015&sample=15117,,0,no_relab_spectrum_for_parent_or_children
352,15118,15118,Apollo 15,rake,basalt,Lunar sample 15118 was collected by rake as part of a comprehensive sample; chemically it is a quartz-normative basalt with pyroxene phenocrysts set in a fine groundmass. It has not been dated.,https://www.lpi.usra.edu/lunar/samples/atlas/detail/?mission=Apollo%2015&sample=15118,,0,no_relab_spectrum_for_parent_or_children
353,15119,15119,Apollo 15,rake,basalt,"15119 is an olivine-normative mare basalt with a microporphyritic texture. The phenocrysts are small, sparse, and yellow-green olivines. A regolith breccia adheres to the basalt, hence the basalt is actually a clast. The basalt is tough; the regolith breccia is friable and brownish-gray. Zap pits occur on the regolith breccia, and the basalt has a few vugs.",https://www.lpi.usra.edu/lunar/samples/atlas/detail/?mission=Apollo%2015&sample=15119,,0,no_relab_spectrum_for_parent_or_children
354,15124,15124,Apollo 15,,,,https://www.lpi.usra.edu/lunar/samples/atlas/detail/?mission=Apollo%2015&sample=15124,,0,no_relab_spectrum_for_parent_or_children
355,15125,15125,Apollo 15,rake,basalt,"It is a pyroxene-phyric basalt, with numerous skeletal pyroxenes and some olivine embedded in a dark, cryptocrystalline matrix (quench texture). The composition and texture of 15125 are similar to that of larger sample 15597.",https://www.lpi.usra.edu/lunar/samples/atlas/detail/?mission=Apollo%2015&sample=15125,,0,no_relab_spectrum_for_parent_or_children
356,15135,15135,Apollo 15,,,,https://www.lpi.usra.edu/lunar/samples/atlas/detail/?mission=Apollo%2015&sample=15135,,0,no_relab_spectrum_for_parent_or_children
357,15145,15145,Apollo 15,rake,breccia,Olivine-normative mare basalt breccia,https://www.lpi.usra.edu/lunar/samples/atlas/detail/?mission=Apollo%2015&sample=15145,,0,no_relab_spectrum_for_parent_or_children
358,15146,15146,Apollo 15,,,,https://www.lpi.usra.edu/lunar/samples/atlas/detail/?mission=Apollo%2015&sample=15146,,0,no_relab_spectrum_for_parent_or_children
359,15147,15147,Apollo 15,,,,https://www.lpi.usra.edu/lunar/samples/atlas/detail/?mission=Apollo%2015&sample=15147,,0,no_relab_spectrum_for_parent_or_children
360,15148,15148,Apollo 15,,,,https://www.lpi.usra.edu/lunar/samples/atlas/detail/?mission=Apollo%2015&sample=15148,,0,no_relab_spectrum_for_parent_or_children
361,15200,15200,Apollo 15,,soil,Soil 15200 and fragments 15201 through 15206 were broken from the 1 m boulder at Station 2. The boulder appears to be an ejecta fragment from a relatively recent impact of another site. The boulder may have impacted at a low angle and rolled uphill onto the rim of its own secondary crater. Sample area is generally flat and free of fragments. Carrier notes that this is an unrepresenative collection of rock chips and loose soils found at the bootm of a sample bag.,https://www.lpi.usra.edu/lunar/samples/atlas/detail/?mission=Apollo%2015&sample=15200,,0,no_relab_spectrum_for_parent_or_children
362,15201,15201,Apollo 15,,soil,"These soil were collected adjacent to the small boulder at station 2, Apollo 15. 15205 and 15206 were chipped off of the boulder and when 15205 was picked up, some soil (19201) was placed in same bag. !5211 was collected as a “fillet” sample of the boulder",https://www.lpi.usra.edu/lunar/samples/atlas/detail/?mission=Apollo%2015&sample=15201,,0,no_relab_spectrum_for_parent_or_children
363,15202,15202,Apollo 15,,,,https://www.lpi.usra.edu/lunar/samples/atlas/detail/?mission=Apollo%2015&sample=15202,,0,no_relab_spectrum_for_parent_or_children
364,15203,15203,Apollo 15,,,,https://www.lpi.usra.edu/lunar/samples/atlas/detail/?mission=Apollo%2015&sample=15203,,0,no_relab_spectrum_for_parent_or_children
365,15204,15204,Apollo 15,,,,https://www.lpi.usra.edu/lunar/samples/atlas/detail/?mission=Apollo%2015&sample=15204,,0,no_relab_spectrum_for_parent_or_children
366,15205,15205,Apollo 15,,breccia,"15205 is noteworthy in that it contains a high percentage of KREEP basalt fragments as clasts, but also contains fragments of the mafic green glass, and mare basalt found in the Apollo 15 regolith. 15205 has not been dated, but it has an exposure age of 169 m.y. It has a thin coating of vesicular glass on most surfaces, such that it must have broke free from the boulder along an interior glass vein. Micormeteorite carters on an exposed surface have been carefully studied.",https://www.lpi.usra.edu/lunar/samples/atlas/detail/?mission=Apollo%2015&sample=15205,,0,no_relab_spectrum_for_parent_or_children
367,15206,15206,Apollo 15,,impact melt breccia,"It is a vesicular glassy breccia containing KREEP basalt and mare basalt clasts. Unlike 15205 the clasts are shocked and penetrated by glass and there is a higher proportion of matrix (figure 3). It is an impact melt rock, that was probably generated from a regolith. Unlike 15205 the clasts are shocked and penetrated by glass and there is a higher proportion of matrix. It is an impact melt rock, that was probably generated from a regolith.",https://www.lpi.usra.edu/lunar/samples/atlas/detail/?mission=Apollo%2015&sample=15206,,0,no_relab_spectrum_for_parent_or_children
368,15208,15208,Apollo 15,,,,https://www.lpi.usra.edu/lunar/samples/atlas/detail/?mission=Apollo%2015&sample=15208,,0,no_relab_spectrum_for_parent_or_children
369,15210,15210,Apollo 15,,soil,"Samples 15210 through 15214 are soil samples collected from the rim of the secondary impact crater made by the large rock at Station 2. Samples 15210 through 15214 lie on the south crater rim. 15210, 15220, and 15230 are all representative of the fine grained upper part of the regolith at Station 2. Except for the large boulder itself, the immediate sample area is underlain by sub-centimeter fines with a few scattered consolidated fragments no larger than 10 cm in diameter.",https://www.lpi.usra.edu/lunar/samples/atlas/detail/?mission=Apollo%2015&sample=15210,,0,no_relab_spectrum_for_parent_or_children
370,15211,15211,Apollo 15,,soil,"These soils were collected adjacent to the small boulder at station 2, Apollo 15. 15205 and 15206 were chipped off of the boulder and when 15205 was picked up, some soil (19201) was placed in same bag. 15211 was collected as a ""fillet"" sample of the boulder",https://www.lpi.usra.edu/lunar/samples/atlas/detail/?mission=Apollo%2015&sample=15211,,0,no_relab_spectrum_for_parent_or_children
371,15212,15212,Apollo 15,,soil,"Samples 15210 through 15214 are soil samples collected from the rim of the secondary impact crater made by the large rock at Station 2. Samples 15210 through 15214 lie on the south crater rim. 15210, 15220, and 15230 are all representative of the fine grained upper part of the regolith at Station 2. Except for the large boulder itself, the immediate sample area is underlain by sub-centimeter fines with a few scattered consolidated fragments no larger than 10 cm in diameter.",https://www.lpi.usra.edu/lunar/samples/atlas/detail/?mission=Apollo%2015&sample=15212,,0,no_relab_spectrum_for_parent_or_children
372,15213,15213,Apollo 15,,soil,"Samples 15210 through 15214 are soil samples collected from the rim of the secondary impact crater made by the large rock at Station 2. Samples 15210 through 15214 lie on the south crater rim. 15210, 15220, and 15230 are all representative of the fine grained upper part of the regolith at Station 2. Except for the large boulder itself, the immediate sample area is underlain by sub-centimeter fines with a few scattered consolidated fragments no larger than 10 cm in diameter.",https://www.lpi.usra.edu/lunar/samples/atlas/detail/?mission=Apollo%2015&sample=15213,,0,no_relab_spectrum_for_parent_or_children
373,15214,15214,Apollo 15,,soil,"Samples 15210 through 15214 are soil samples collected from the rim of the secondary impact crater made by the large rock at Station 2. Samples 15210 through 15214 lie on the south crater rim. 15210, 15220, and 15230 are all representative of the fine grained upper part of the regolith at Station 2. Except for the large boulder itself, the immediate sample area is underlain by sub-centimeter fines with a few scattered consolidated fragments no larger than 10 cm in diameter.",https://www.lpi.usra.edu/lunar/samples/atlas/detail/?mission=Apollo%2015&sample=15214,,0,no_relab_spectrum_for_parent_or_children
374,15220,15220,Apollo 15,,soil,"Sample 15220 was collected from the rim of the secondary impact crater made by the large rock at Station 2, about 1 meter northeast of the large rock. Samples 15210, 15220, and 15230 are all representative of the fine grained upper part of the regolith at Station 2. Except for the large boulder itself, the immediate sample area is underlain by sub-centimeter fines with a few scattered consolidated fragments no larger than 10 cm in diameter.",https://www.lpi.usra.edu/lunar/samples/atlas/detail/?mission=Apollo%2015&sample=15220,,0,no_relab_spectrum_for_parent_or_children
375,15221,15221,Apollo 15,,,,https://www.lpi.usra.edu/lunar/samples/atlas/detail/?mission=Apollo%2015&sample=15221,,0,no_relab_spectrum_for_parent_or_children
376,15222,15222,Apollo 15,,,,https://www.lpi.usra.edu/lunar/samples/atlas/detail/?mission=Apollo%2015&sample=15222,,0,no_relab_spectrum_for_parent_or_children
377,15223,15223,Apollo 15,,,,https://www.lpi.usra.edu/lunar/samples/atlas/detail/?mission=Apollo%2015&sample=15223,,0,no_relab_spectrum_for_parent_or_children
378,15224,15224,Apollo 15,,,,https://www.lpi.usra.edu/lunar/samples/atlas/detail/?mission=Apollo%2015&sample=15224,,0,no_relab_spectrum_for_parent_or_children
379,15230,15230,Apollo 15,,soil,"Sample 15230 was collected at Station 2 from underneath the boulder which was rolled over by the crew. All soil samples collected at Station 2, 15210, 15220, and 15230 are representative of the fine grained upper part of the regolith at Station 2. Except for the large boulder itself, the immediate sample area is underlain by the sub centermeter fines whith a few scattered consolidated fragments no longer than 10 cm in diameter.",https://www.lpi.usra.edu/lunar/samples/atlas/detail/?mission=Apollo%2015&sample=15230,,0,no_relab_spectrum_for_parent_or_children
380,15231,15231,Apollo 15,,soil,,https://www.lpi.usra.edu/lunar/samples/atlas/detail/?mission=Apollo%2015&sample=15231,,0,no_relab_spectrum_for_parent_or_children
381,15232,15232,Apollo 15,,,,https://www.lpi.usra.edu/lunar/samples/atlas/detail/?mission=Apollo%2015&sample=15232,,0,no_relab_spectrum_for_parent_or_children
382,15233,15233,Apollo 15,,,,https://www.lpi.usra.edu/lunar/samples/atlas/detail/?mission=Apollo%2015&sample=15233,,0,no_relab_spectrum_for_parent_or_children
383,15234,15234,Apollo 15,,,,https://www.lpi.usra.edu/lunar/samples/atlas/detail/?mission=Apollo%2015&sample=15234,,0,no_relab_spectrum_for_parent_or_children
384,15240,15240,Apollo 15,,soil,"Samples 15240 through 15245 and 15250 through 15255 were collected from the floor and rim respectively of a 1m crater 20m upslope of the LRV at Station 6. The crew described the crater as a ""fresh little crater"" and noted a concentration of clods up to 10 cm on an otherwise smooth, fine grained surface. Approximately half of the sample collected here are pieces of glassy breccia >1cm not included as part of the soil (15245). There are only a few fragments >1cm in the area surrounding the crater, and all other craters in the area are subdued. The general slope of the area dips 10 degrees to the north.",https://www.lpi.usra.edu/lunar/samples/atlas/detail/?mission=Apollo%2015&sample=15240,,0,no_relab_spectrum_for_parent_or_children
385,15241,15241,Apollo 15,,soil,"Samples 15240 through 15245 and 15250 through 15255 were collected from the floor and rim respectively of a 1m crater 20m upslope of the LRV at Station 6. The crew described the crater as a ""fresh little crater"" and noted a concentration of clods up to 10 cm on an otherwise smooth, fine grained surface. Approximately half of the sample collected here are pieces of glassy breccia >1cm not included as part of the soil (15245). There are only a few fragments >1cm in the area surrounding the crater, and all other craters in the area are subdued. The general slope of the area dips 10 degrees to the north.",https://www.lpi.usra.edu/lunar/samples/atlas/detail/?mission=Apollo%2015&sample=15241,,0,no_relab_spectrum_for_parent_or_children
386,15242,15242,Apollo 15,,soil,"Samples 15240 through 15245 and 15250 through 15255 were collected from the floor and rim respectively of a 1m crater 20m upslope of the LRV at Station 6. The crew described the crater as a ""fresh little crater"" and noted a concentration of clods up to 10 cm on an otherwise smooth, fine grained surface. Approximately half of the sample collected here are pieces of glassy breccia >1cm not included as part of the soil (15245). There are only a few fragments >1cm in the area surrounding the crater, and all other craters in the area are subdued. The general slope of the area dips 10 degrees to the north.",https://www.lpi.usra.edu/lunar/samples/atlas/detail/?mission=Apollo%2015&sample=15242,,0,no_relab_spectrum_for_parent_or_children
387,15243,15243,Apollo 15,,soil,"Samples 15240 through 15245 and 15250 through 15255 were collected from the floor and rim respectively of a 1m crater 20m upslope of the LRV at Station 6. The crew described the crater as a ""fresh little crater"" and noted a concentration of clods up to 10 cm on an otherwise smooth, fine grained surface. Approximately half of the sample collected here are pieces of glassy breccia >1cm not included as part of the soil (15245). There are only a few fragments >1cm in the area surrounding the crater, and all other craters in the area are subdued. The general slope of the area dips 10 degrees to the north.",https://www.lpi.usra.edu/lunar/samples/atlas/detail/?mission=Apollo%2015&sample=15243,,0,no_relab_spectrum_for_parent_or_children
388,15244,15244,Apollo 15,,soil,"Samples 15240 through 15245 and 15250 through 15255 were collected from the floor and rim respectively of a 1m crater 20m upslope of the LRV at Station 6. The crew described the crater as a ""fresh little crater"" and noted a concentration of clods up to 10 cm on an otherwise smooth, fine grained surface. Approximately half of the sample collected here are pieces of glassy breccia >1cm not included as part of the soil (15245). There are only a few fragments >1cm in the area surrounding the crater, and all other craters in the area are subdued. The general slope of the area dips 10 degrees to the north.",https://www.lpi.usra.edu/lunar/samples/atlas/detail/?mission=Apollo%2015&sample=15244,,0,no_relab_spectrum_for_parent_or_children
389,15245,15245,Apollo 15,soil-general,regolith breccia,"Samples 15240 through 15245 and 15250 through 15255 were collected from the floor and rim respectively of a 1m crater 20m upslope of the LRV at Station 6. The crew described the crater as a ""fresh little crater"" and noted a concentration of clods up to 10 cm on an otherwise smooth, fine grained surface. Approximately half of the sample collected here are pieces of glassy breccia >1cm not included as part of the soil (15245). There are only a few fragments >1cm in the area surrounding the crater, and all other craters in the area are subdued. The general slope of the area dips 10 degrees to the north.",https://www.lpi.usra.edu/lunar/samples/atlas/detail/?mission=Apollo%2015&sample=15245,,0,no_relab_spectrum_for_parent_or_children
390,15250,15250,Apollo 15,,soil,"Sample collected from the east rim of a 1m crater approximately 20 m southeast and upslope from the LRV at Station 6. The crater is marked by a concentration of fragments, primarily clods up to 10 cm in diameter, on an otherwise smooth, finely granular surface. It was described by the crew as a ""fresh little crater"" and it is superposed on the south wall of a subdued 3 m crater which has no visible ejecta material around it. Sample 15240 is collected from the floor of the same 1 m crater.",https://www.lpi.usra.edu/lunar/samples/atlas/detail/?mission=Apollo%2015&sample=15250,,0,no_relab_spectrum_for_parent_or_children
391,15251,15251,Apollo 15,,,,https://www.lpi.usra.edu/lunar/samples/atlas/detail/?mission=Apollo%2015&sample=15251,,0,no_relab_spectrum_for_parent_or_children
392,15252,15252,Apollo 15,,,,https://www.lpi.usra.edu/lunar/samples/atlas/detail/?mission=Apollo%2015&sample=15252,,0,no_relab_spectrum_for_parent_or_children
393,15253,15253,Apollo 15,,,,https://www.lpi.usra.edu/lunar/samples/atlas/detail/?mission=Apollo%2015&sample=15253,,0,no_relab_spectrum_for_parent_or_children
394,15254,15254,Apollo 15,,,,https://www.lpi.usra.edu/lunar/samples/atlas/detail/?mission=Apollo%2015&sample=15254,,0,no_relab_spectrum_for_parent_or_children
395,15255,15255,Apollo 15,,breccia,15257 is clearly part of 15255 that broke off of during transport. 15255 and 15257 are a coherent breccia with finegrained dark matrix. The texture and high content of rare gas confirms that it was a regolith sample.,https://www.lpi.usra.edu/lunar/samples/atlas/detail/?mission=Apollo%2015&sample=15255,,0,no_relab_spectrum_for_parent_or_children
396,15256,15256,Apollo 15,rock,breccia,"15256 is a rare type of lunar breccia, made up of mostly mare basalt fragments, that are welded together; is rounded, aphanitic, coherent and covered with micrometeorite craters on most sides. It is made up of fragments of olivine-normative basalt and lacks fragments of pyroxene basalt (the other main variety of Apollo 15 basalt). The sample lacks a signature of meteoritic siderophiles and was not a soil. This rock has not been dated.",https://www.lpi.usra.edu/lunar/samples/atlas/detail/?mission=Apollo%2015&sample=15256,,0,no_relab_spectrum_for_parent_or_children
397,15257,15257,Apollo 15,,breccia,These two samples were returned in a bag that also contained a large basalt (15256). They both contain a thin vesicular glass splash on one side. 15257 is clearly part of 15255 that broke off of during transport. This sample was collected at station 6 on the Apennine Front 15255 and 15257 are a coherent breccia with inegrained dark matrix. The texture and high content of rare gas confirms that it was a regolith sample..,https://www.lpi.usra.edu/lunar/samples/atlas/detail/?mission=Apollo%2015&sample=15257,,0,no_relab_spectrum_for_parent_or_children
398,15258,15258,Apollo 15,,,,https://www.lpi.usra.edu/lunar/samples/atlas/detail/?mission=Apollo%2015&sample=15258,,0,no_relab_spectrum_for_parent_or_children
399,15259,15259,Apollo 15,,,,https://www.lpi.usra.edu/lunar/samples/atlas/detail/?mission=Apollo%2015&sample=15259,,0,no_relab_spectrum_for_parent_or_children
400,15260,15260,Apollo 15,,soil,"Rock sample 15012 and soil 15260 were collected from the bottom of a trench dug into the south rim of a 12 meter diameter crater 10-15 meters downslope from the LRV at Station 6. Sample 15012 was also collected at the bottom of this trench and placed in a Special Environmental Sample Container. The surface where the trench was dug is littered with fragments ranging from .5 - 2 cm size, but distinctly fewer than on the north rim of the same crater. This may have prompted the astronaut's remarks that the south rim was softer and the north rim more granular.",https://www.lpi.usra.edu/lunar/samples/atlas/detail/?mission=Apollo%2015&sample=15260,,0,no_relab_spectrum_for_parent_or_children
401,15262,15262,Apollo 15,,,,https://www.lpi.usra.edu/lunar/samples/atlas/detail/?mission=Apollo%2015&sample=15262,,0,no_relab_spectrum_for_parent_or_children
402,15263,15263,Apollo 15,,,,https://www.lpi.usra.edu/lunar/samples/atlas/detail/?mission=Apollo%2015&sample=15263,,0,no_relab_spectrum_for_parent_or_children
403,15264,15264,Apollo 15,,,,https://www.lpi.usra.edu/lunar/samples/atlas/detail/?mission=Apollo%2015&sample=15264,,0,no_relab_spectrum_for_parent_or_children
404,15265,15265,Apollo 15,,regolith breccia,"Basalt fragment colected from the rim of a 12m, subdued crater at Station 6, the furthest point east sampled on the Appennine front during this mission. This basalt fragment is probaby exotic. Fragment was disaggregated with 4480 cycles of freeze/thaw and sonic disaggregation.",https://www.lpi.usra.edu/lunar/samples/atlas/detail/?mission=Apollo%2015&sample=15265,,0,no_relab_spectrum_for_parent_or_children
405,15266,15266,Apollo 15,,breccia,,https://www.lpi.usra.edu/lunar/samples/atlas/detail/?mission=Apollo%2015&sample=15266,,0,no_relab_spectrum_for_parent_or_children
406,15267,15267,Apollo 15,,breccia,,https://www.lpi.usra.edu/lunar/samples/atlas/detail/?mission=Apollo%2015&sample=15267,,0,no_relab_spectrum_for_parent_or_children
407,15268,15268,Apollo 15,,,,https://www.lpi.usra.edu/lunar/samples/atlas/detail/?mission=Apollo%2015&sample=15268,,0,no_relab_spectrum_for_parent_or_children
408,15269,15269,Apollo 15,,,,https://www.lpi.usra.edu/lunar/samples/atlas/detail/?mission=Apollo%2015&sample=15269,,0,no_relab_spectrum_for_parent_or_children
409,15270,15270,Apollo 15,,soil,"Sample was a large soil sample collected from the compressed wheel track behind the LRV which was parked on a slope of 10-15 degres toward the north. The adjacent undisturbed soil surface appears to be typical of the coarsely granular texture at Station 6. The immediate vicinity is 5-7% covered by centimeter size clods, and is lacking in fresh craters or coherent looking rock fragments.",https://www.lpi.usra.edu/lunar/samples/atlas/detail/?mission=Apollo%2015&sample=15270,,0,no_relab_spectrum_for_parent_or_children
410,15271,15271,Apollo 15,,soil,"Surface soil 15271 was collected from the rover track as part of the soil mechanics experiment and contains numerous friable ""soil breccias"" which may be compressed material from the rover track",https://www.lpi.usra.edu/lunar/samples/atlas/detail/?mission=Apollo%2015&sample=15271,,0,no_relab_spectrum_for_parent_or_children
411,15272,15272,Apollo 15,,,,https://www.lpi.usra.edu/lunar/samples/atlas/detail/?mission=Apollo%2015&sample=15272,,0,no_relab_spectrum_for_parent_or_children
412,15273,15273,Apollo 15,,,,https://www.lpi.usra.edu/lunar/samples/atlas/detail/?mission=Apollo%2015&sample=15273,,0,no_relab_spectrum_for_parent_or_children
413,15274,15274,Apollo 15,,,,https://www.lpi.usra.edu/lunar/samples/atlas/detail/?mission=Apollo%2015&sample=15274,,0,no_relab_spectrum_for_parent_or_children
414,15281,15281,Apollo 15,,,,https://www.lpi.usra.edu/lunar/samples/atlas/detail/?mission=Apollo%2015&sample=15281,,0,no_relab_spectrum_for_parent_or_children
415,15282,15282,Apollo 15,,,,https://www.lpi.usra.edu/lunar/samples/atlas/detail/?mission=Apollo%2015&sample=15282,,0,no_relab_spectrum_for_parent_or_children
416,15283,15283,Apollo 15,,,,https://www.lpi.usra.edu/lunar/samples/atlas/detail/?mission=Apollo%2015&sample=15283,,0,no_relab_spectrum_for_parent_or_children
417,15284,15284,Apollo 15,,,,https://www.lpi.usra.edu/lunar/samples/atlas/detail/?mission=Apollo%2015&sample=15284,,0,no_relab_spectrum_for_parent_or_children
418,15285,15285,Apollo 15,,regolith breccia,"Samples 15285 through 15288 (and 15268) were all collected from the rim of a small crater at station 6 and returned in the same bag. They are breccia fragments from the same location as 15265. Consist of all components of the soils in a fragmental, perhaps partly glassy matrix and contains, besides ophitic and intersertal basalts, plagioclase breccias, troctolites, noritic fragments, glass and individual mineral grains.",https://www.lpi.usra.edu/lunar/samples/atlas/detail/?mission=Apollo%2015&sample=15285,,0,no_relab_spectrum_for_parent_or_children
419,15286,15286,Apollo 15,,breccia,"It is a coherent glassmatrix soil breccia, similar to other samples collected at same time. Ryder (1985) even suggests that 15286 may be spalled from 15265-15267, but that seems impossible because glass wraps around the particle.",https://www.lpi.usra.edu/lunar/samples/atlas/detail/?mission=Apollo%2015&sample=15286,,0,no_relab_spectrum_for_parent_or_children
420,15287,15287,Apollo 15,,breccia,"a coherent regolith breccia with zap pits on one side. It is porous, with abundant glass particles including green glass. Lithic clasts include mare basalt and KREEP basalt.",https://www.lpi.usra.edu/lunar/samples/atlas/detail/?mission=Apollo%2015&sample=15287,,0,no_relab_spectrum_for_parent_or_children
421,15288,15288,Apollo 15,,breccia,"Lunar breccias 15288 and 15289 were collected from the rim of a small crater at station 6 on the Apennine Front - along with 15265, 15285 and 15286. All of these samples are similar regolith breccias. They are relatively coherent with glass-cemented matrix.",https://www.lpi.usra.edu/lunar/samples/atlas/detail/?mission=Apollo%2015&sample=15288,,0,no_relab_spectrum_for_parent_or_children
422,15289,15289,Apollo 15,,regolith breccia,"Lunar breccias 15288 and 15289 were collected from the rim of a small crater at station 6 on the Apennine Front - along with 15265, 15285 and 15286. All of these samples are similar regolith breccias. They are relatively coherent with glass-cemented matrix.",https://www.lpi.usra.edu/lunar/samples/atlas/detail/?mission=Apollo%2015&sample=15289,,0,no_relab_spectrum_for_parent_or_children
423,15290,15290,Apollo 15,,soil,Soil sample 15290 was collected with fine grained breccia 15295 10 to 15 meters south of the LRV. Soil 15290 includes soil from the immediate area and possible some fragments from 15295 which may have disintegrated in transit and handling into additional fines. This comminution of the breccia enriches the large size fractions of this soil and degrades the pristinity of the grain size distribution.,https://www.lpi.usra.edu/lunar/samples/atlas/detail/?mission=Apollo%2015&sample=15290,,0,no_relab_spectrum_for_parent_or_children
424,15291,15291,Apollo 15,,soil,coarse-fine particles; The grain size distribution indicates that some fragments may have broken off of the large rock.,https://www.lpi.usra.edu/lunar/samples/atlas/detail/?mission=Apollo%2015&sample=15291,,0,no_relab_spectrum_for_parent_or_children
425,15292,15292,Apollo 15,,,,https://www.lpi.usra.edu/lunar/samples/atlas/detail/?mission=Apollo%2015&sample=15292,,0,no_relab_spectrum_for_parent_or_children
426,15293,15293,Apollo 15,,,,https://www.lpi.usra.edu/lunar/samples/atlas/detail/?mission=Apollo%2015&sample=15293,,0,no_relab_spectrum_for_parent_or_children
427,15294,15294,Apollo 15,,,,https://www.lpi.usra.edu/lunar/samples/atlas/detail/?mission=Apollo%2015&sample=15294,,0,no_relab_spectrum_for_parent_or_children
428,15295,15295,Apollo 15,,regolith breccia,"Glassy matrix regolith breccia with conspicuous white clasts and vesicular glass veins. It was distinctive because of its large size and angularity, and because it had a fillet on its uphill side. It is medium light gray, tough, and penetrated with glass. It has a few zap pits on some surfaces.",https://www.lpi.usra.edu/lunar/samples/atlas/detail/?mission=Apollo%2015&sample=15295,,0,no_relab_spectrum_for_parent_or_children
429,15297,15297,Apollo 15,,regolith breccia,,https://www.lpi.usra.edu/lunar/samples/atlas/detail/?mission=Apollo%2015&sample=15297,,0,no_relab_spectrum_for_parent_or_children
430,15298,15298,Apollo 15,,regolith breccia,"Regolith breccia with a glassy matrix containing numerous small glass, mineral, and lithic fragments.",https://www.lpi.usra.edu/lunar/samples/atlas/detail/?mission=Apollo%2015&sample=15298,,0,no_relab_spectrum_for_parent_or_children
431,15299,15299,Apollo 15,rock,regolith breccia,"The bulk sample is brownish, with small white clasts. It is a coherent soil breccia with inclusions of glass found in the regolith (McKay et al. 1989). Fractures have slickensides.",https://www.lpi.usra.edu/lunar/samples/atlas/detail/?mission=Apollo%2015&sample=15299,,0,no_relab_spectrum_for_parent_or_children
432,15300,15300,Apollo 15,rake,soil,"15300 was collected at Spur crater at Station 7 to accompany the comprehensive rake sample; 15305 through 15308, and 15315 through 15312. The sample area has moderately abundant small fragments on and near the rim crest of Spur crater.",https://www.lpi.usra.edu/lunar/samples/atlas/detail/?mission=Apollo%2015&sample=15300,,0,no_relab_spectrum_for_parent_or_children
433,15302,15302,Apollo 15,,,,https://www.lpi.usra.edu/lunar/samples/atlas/detail/?mission=Apollo%2015&sample=15302,,0,no_relab_spectrum_for_parent_or_children
434,15303,15303,Apollo 15,,,,https://www.lpi.usra.edu/lunar/samples/atlas/detail/?mission=Apollo%2015&sample=15303,,0,no_relab_spectrum_for_parent_or_children
435,15304,15304,Apollo 15,,,,https://www.lpi.usra.edu/lunar/samples/atlas/detail/?mission=Apollo%2015&sample=15304,,0,no_relab_spectrum_for_parent_or_children
436,15305,15305,Apollo 15,,,,https://www.lpi.usra.edu/lunar/samples/atlas/detail/?mission=Apollo%2015&sample=15305,,0,no_relab_spectrum_for_parent_or_children
437,15306,15306,Apollo 15,rake,regolith breccia,,https://www.lpi.usra.edu/lunar/samples/atlas/detail/?mission=Apollo%2015&sample=15306,,0,no_relab_spectrum_for_parent_or_children
438,15307,15307,Apollo 15,,breccia,"The Apollo 15 catalog states: ""15307 is a fragile, hollow glass sphere, with a lip. It is dark green/black. Its surface is smooth with very few zap pits. One side is shiny; the other dusty. The sample is broken slightly, revealing its hollowness, and at least where it is broken the walls are thin. It has never been processed or allocated. It was observed by the astronauts on the lunar surface and put in the container with soil"".",https://www.lpi.usra.edu/lunar/samples/atlas/detail/?mission=Apollo%2015&sample=15307,,0,no_relab_spectrum_for_parent_or_children
439,15308,15308,Apollo 15,,impact melt breccia,It is a clast-rich impact melt rock with high content of trace elements. It has not been successfully dated.,https://www.lpi.usra.edu/lunar/samples/atlas/detail/?mission=Apollo%2015&sample=15308,,0,no_relab_spectrum_for_parent_or_children
440,15310,15310,Apollo 15,,,,https://www.lpi.usra.edu/lunar/samples/atlas/detail/?mission=Apollo%2015&sample=15310,,0,no_relab_spectrum_for_parent_or_children
441,15311,15311,Apollo 15,rake,,"Soil sample 15310 was collected as part of a large rake sample and may contain material rubbed off of the friable rocks collected by the rake. On the other hand, it is certain to also contain some soil collected by the rake and/or attached to the rocks. In any case 15311 is a large soil sample that goes along with 15301 and it has about the same composition.. The fines from this sample have not been characterized.",https://www.lpi.usra.edu/lunar/samples/atlas/detail/?mission=Apollo%2015&sample=15311,,0,no_relab_spectrum_for_parent_or_children
442,15312,15312,Apollo 15,,,,https://www.lpi.usra.edu/lunar/samples/atlas/detail/?mission=Apollo%2015&sample=15312,,0,no_relab_spectrum_for_parent_or_children
443,15313,15313,Apollo 15,,,,https://www.lpi.usra.edu/lunar/samples/atlas/detail/?mission=Apollo%2015&sample=15313,,0,no_relab_spectrum_for_parent_or_children
444,15314,15314,Apollo 15,,,,https://www.lpi.usra.edu/lunar/samples/atlas/detail/?mission=Apollo%2015&sample=15314,,0,no_relab_spectrum_for_parent_or_children
445,15315,15315,Apollo 15,rake,breccia,"15306 is a regolith breccia collected as part of a large soil (15300) and rake sample (15310) at Spur Crater. 15315, 15324, 15325 and 15330 are additional large soil breccias from the same rake sample, and there are many smaller fragments from the same sample (Butler 1972; Ryder and Sherman 1989). They all contain green glass spheres, distinctive of the soil and breccias samples at Spur Crater.",https://www.lpi.usra.edu/lunar/samples/atlas/detail/?mission=Apollo%2015&sample=15315,,0,no_relab_spectrum_for_parent_or_children
446,15316,15316,Apollo 15,,,,https://www.lpi.usra.edu/lunar/samples/atlas/detail/?mission=Apollo%2015&sample=15316,,0,no_relab_spectrum_for_parent_or_children
447,15317,15317,Apollo 15,,,,https://www.lpi.usra.edu/lunar/samples/atlas/detail/?mission=Apollo%2015&sample=15317,,0,no_relab_spectrum_for_parent_or_children
448,15318,15318,Apollo 15,,,,https://www.lpi.usra.edu/lunar/samples/atlas/detail/?mission=Apollo%2015&sample=15318,,0,no_relab_spectrum_for_parent_or_children
449,15319,15319,Apollo 15,,,,https://www.lpi.usra.edu/lunar/samples/atlas/detail/?mission=Apollo%2015&sample=15319,,0,no_relab_spectrum_for_parent_or_children
450,15320,15320,Apollo 15,,,,https://www.lpi.usra.edu/lunar/samples/atlas/detail/?mission=Apollo%2015&sample=15320,,0,no_relab_spectrum_for_parent_or_children
451,15321,15321,Apollo 15,,,,https://www.lpi.usra.edu/lunar/samples/atlas/detail/?mission=Apollo%2015&sample=15321,,0,no_relab_spectrum_for_parent_or_children
452,15322,15322,Apollo 15,,,,https://www.lpi.usra.edu/lunar/samples/atlas/detail/?mission=Apollo%2015&sample=15322,,0,no_relab_spectrum_for_parent_or_children
453,15323,15323,Apollo 15,,,,https://www.lpi.usra.edu/lunar/samples/atlas/detail/?mission=Apollo%2015&sample=15323,,0,no_relab_spectrum_for_parent_or_children
454,15324,15324,Apollo 15,rake,breccia,"15306 is a regolith breccia collected as part of a large soil (15300) and rake sample (15310) at Spur Crater. 15315, 15324, 15325 and 15330 are additional large soil breccias from the same rake sample, and there are many smaller fragments from the same sample (Butler 1972; Ryder and Sherman 1989). They all contain green glass spheres, distinctive of the soil and breccias samples at Spur Crater.",https://www.lpi.usra.edu/lunar/samples/atlas/detail/?mission=Apollo%2015&sample=15324,,0,no_relab_spectrum_for_parent_or_children
455,15325,15325,Apollo 15,rake,breccia,"15306 is a regolith breccia collected as part of a large soil (15300) and rake sample (15310) at Spur Crater. 15315, 15324, 15325 and 15330 are additional large soil breccias from the same rake sample, and there are many smaller fragments from the same sample (Butler 1972; Ryder and Sherman 1989). They all contain green glass spheres, distinctive of the soil and breccias samples at Spur Crater.",https://www.lpi.usra.edu/lunar/samples/atlas/detail/?mission=Apollo%2015&sample=15325,,0,no_relab_spectrum_for_parent_or_children
456,15326,15326,Apollo 15,,,,https://www.lpi.usra.edu/lunar/samples/atlas/detail/?mission=Apollo%2015&sample=15326,,0,no_relab_spectrum_for_parent_or_children
457,15327,15327,Apollo 15,,,,https://www.lpi.usra.edu/lunar/samples/atlas/detail/?mission=Apollo%2015&sample=15327,,0,no_relab_spectrum_for_parent_or_children
458,15328,15328,Apollo 15,,,,https://www.lpi.usra.edu/lunar/samples/atlas/detail/?mission=Apollo%2015&sample=15328,,0,no_relab_spectrum_for_parent_or_children
459,15329,15329,Apollo 15,,,,https://www.lpi.usra.edu/lunar/samples/atlas/detail/?mission=Apollo%2015&sample=15329,,0,no_relab_spectrum_for_parent_or_children
460,15330,15330,Apollo 15,rake,breccia,"15306 is a regolith breccia collected as part of a large soil (15300) and rake sample (15310) at Spur Crater. 15315, 15324, 15325 and 15330 are additional large soil breccias from the same rake sample, and there are many smaller fragments from the same sample (Butler 1972; Ryder and Sherman 1989). They all contain green glass spheres, distinctive of the soil and breccias samples at Spur Crater.",https://www.lpi.usra.edu/lunar/samples/atlas/detail/?mission=Apollo%2015&sample=15330,,0,no_relab_spectrum_for_parent_or_children
461,15331,15331,Apollo 15,,,,https://www.lpi.usra.edu/lunar/samples/atlas/detail/?mission=Apollo%2015&sample=15331,,0,no_relab_spectrum_for_parent_or_children
462,15332,15332,Apollo 15,,,,https://www.lpi.usra.edu/lunar/samples/atlas/detail/?mission=Apollo%2015&sample=15332,,0,no_relab_spectrum_for_parent_or_children
463,15333,15333,Apollo 15,,,,https://www.lpi.usra.edu/lunar/samples/atlas/detail/?mission=Apollo%2015&sample=15333,,0,no_relab_spectrum_for_parent_or_children
464,15334,15334,Apollo 15,,,,https://www.lpi.usra.edu/lunar/samples/atlas/detail/?mission=Apollo%2015&sample=15334,,0,no_relab_spectrum_for_parent_or_children
465,15335,15335,Apollo 15,,,,https://www.lpi.usra.edu/lunar/samples/atlas/detail/?mission=Apollo%2015&sample=15335,,0,no_relab_spectrum_for_parent_or_children
466,15336,15336,Apollo 15,,,,https://www.lpi.usra.edu/lunar/samples/atlas/detail/?mission=Apollo%2015&sample=15336,,0,no_relab_spectrum_for_parent_or_children
467,15337,15337,Apollo 15,,,,https://www.lpi.usra.edu/lunar/samples/atlas/detail/?mission=Apollo%2015&sample=15337,,0,no_relab_spectrum_for_parent_or_children
468,15338,15338,Apollo 15,,,,https://www.lpi.usra.edu/lunar/samples/atlas/detail/?mission=Apollo%2015&sample=15338,,0,no_relab_spectrum_for_parent_or_children
469,15339,15339,Apollo 15,,,,https://www.lpi.usra.edu/lunar/samples/atlas/detail/?mission=Apollo%2015&sample=15339,,0,no_relab_spectrum_for_parent_or_children
470,15340,15340,Apollo 15,,,,https://www.lpi.usra.edu/lunar/samples/atlas/detail/?mission=Apollo%2015&sample=15340,,0,no_relab_spectrum_for_parent_or_children
471,15341,15341,Apollo 15,,,,https://www.lpi.usra.edu/lunar/samples/atlas/detail/?mission=Apollo%2015&sample=15341,,0,no_relab_spectrum_for_parent_or_children
472,15342,15342,Apollo 15,,,,https://www.lpi.usra.edu/lunar/samples/atlas/detail/?mission=Apollo%2015&sample=15342,,0,no_relab_spectrum_for_parent_or_children
473,15343,15343,Apollo 15,,,,https://www.lpi.usra.edu/lunar/samples/atlas/detail/?mission=Apollo%2015&sample=15343,,0,no_relab_spectrum_for_parent_or_children
474,15344,15344,Apollo 15,,,,https://www.lpi.usra.edu/lunar/samples/atlas/detail/?mission=Apollo%2015&sample=15344,,0,no_relab_spectrum_for_parent_or_children
475,15345,15345,Apollo 15,,,,https://www.lpi.usra.edu/lunar/samples/atlas/detail/?mission=Apollo%2015&sample=15345,,0,no_relab_spectrum_for_parent_or_children
476,15346,15346,Apollo 15,,,,https://www.lpi.usra.edu/lunar/samples/atlas/detail/?mission=Apollo%2015&sample=15346,,0,no_relab_spectrum_for_parent_or_children
477,15347,15347,Apollo 15,,,,https://www.lpi.usra.edu/lunar/samples/atlas/detail/?mission=Apollo%2015&sample=15347,,0,no_relab_spectrum_for_parent_or_children
478,15348,15348,Apollo 15,,,,https://www.lpi.usra.edu/lunar/samples/atlas/detail/?mission=Apollo%2015&sample=15348,,0,no_relab_spectrum_for_parent_or_children
479,15349,15349,Apollo 15,,,,https://www.lpi.usra.edu/lunar/samples/atlas/detail/?mission=Apollo%2015&sample=15349,,0,no_relab_spectrum_for_parent_or_children
480,15350,15350,Apollo 15,,,,https://www.lpi.usra.edu/lunar/samples/atlas/detail/?mission=Apollo%2015&sample=15350,,0,no_relab_spectrum_for_parent_or_children
481,15351,15351,Apollo 15,,,,https://www.lpi.usra.edu/lunar/samples/atlas/detail/?mission=Apollo%2015&sample=15351,,0,no_relab_spectrum_for_parent_or_children
482,15352,15352,Apollo 15,,,,https://www.lpi.usra.edu/lunar/samples/atlas/detail/?mission=Apollo%2015&sample=15352,,0,no_relab_spectrum_for_parent_or_children
483,15353,15353,Apollo 15,,,,https://www.lpi.usra.edu/lunar/samples/atlas/detail/?mission=Apollo%2015&sample=15353,,0,no_relab_spectrum_for_parent_or_children
484,15354,15354,Apollo 15,,,,https://www.lpi.usra.edu/lunar/samples/atlas/detail/?mission=Apollo%2015&sample=15354,,0,no_relab_spectrum_for_parent_or_children
485,15355,15355,Apollo 15,,,,https://www.lpi.usra.edu/lunar/samples/atlas/detail/?mission=Apollo%2015&sample=15355,,0,no_relab_spectrum_for_parent_or_children
486,15356,15356,Apollo 15,rake,impact melt breccia,It is a very finegrained impact melt rock and has been dated at 3.84 b.y. (the apparent age of the Imbrium event). It should be compared with 15357 and 15359.,https://www.lpi.usra.edu/lunar/samples/atlas/detail/?mission=Apollo%2015&sample=15356,,0,no_relab_spectrum_for_parent_or_children
487,15357,15357,Apollo 15,rake,impact melt breccia,It has been dated at 3.85 b.y. and should be compared with 15356 and 15359. It may be a rare piece of the Imbrium melt sheet.,https://www.lpi.usra.edu/lunar/samples/atlas/detail/?mission=Apollo%2015&sample=15357,,0,no_relab_spectrum_for_parent_or_children
488,15358,15358,Apollo 15,rake,breccia,It is a glass-matrix breccia that contains clasts of KREEP basalt,https://www.lpi.usra.edu/lunar/samples/atlas/detail/?mission=Apollo%2015&sample=15358,,0,no_relab_spectrum_for_parent_or_children
489,15359,15359,Apollo 15,rake,impact melt breccia,"It is a fine-grained mciropoikilitic impact melt with mineral clasts, and has a KREEP-like chemical composition. It has been dated at ~3.86 b.y. and should be compared with impact melt rocks 15356 and 15357.",https://www.lpi.usra.edu/lunar/samples/atlas/detail/?mission=Apollo%2015&sample=15359,,0,no_relab_spectrum_for_parent_or_children
490,15360,15360,Apollo 15,,,,https://www.lpi.usra.edu/lunar/samples/atlas/detail/?mission=Apollo%2015&sample=15360,,0,no_relab_spectrum_for_parent_or_children
491,15361,15361,Apollo 15,,,,https://www.lpi.usra.edu/lunar/samples/atlas/detail/?mission=Apollo%2015&sample=15361,,0,no_relab_spectrum_for_parent_or_children
492,15362,15362,Apollo 15,rake,,It is a cataclastic ferroan anorthosite that proved difficult to date. It has an old exposure age (428 m.y.).,https://www.lpi.usra.edu/lunar/samples/atlas/detail/?mission=Apollo%2015&sample=15362,,0,no_relab_spectrum_for_parent_or_children
493,15363,15363,Apollo 15,,,,https://www.lpi.usra.edu/lunar/samples/atlas/detail/?mission=Apollo%2015&sample=15363,,0,no_relab_spectrum_for_parent_or_children
494,15364,15364,Apollo 15,,,,https://www.lpi.usra.edu/lunar/samples/atlas/detail/?mission=Apollo%2015&sample=15364,,0,no_relab_spectrum_for_parent_or_children
495,15365,15365,Apollo 15,,,,https://www.lpi.usra.edu/lunar/samples/atlas/detail/?mission=Apollo%2015&sample=15365,,0,no_relab_spectrum_for_parent_or_children
496,15366,15366,Apollo 15,,,,https://www.lpi.usra.edu/lunar/samples/atlas/detail/?mission=Apollo%2015&sample=15366,,0,no_relab_spectrum_for_parent_or_children
497,15367,15367,Apollo 15,,,,https://www.lpi.usra.edu/lunar/samples/atlas/detail/?mission=Apollo%2015&sample=15367,,0,no_relab_spectrum_for_parent_or_children
498,15368,15368,Apollo 15,,,,https://www.lpi.usra.edu/lunar/samples/atlas/detail/?mission=Apollo%2015&sample=15368,,0,no_relab_spectrum_for_parent_or_children
499,15369,15369,Apollo 15,,,,https://www.lpi.usra.edu/lunar/samples/atlas/detail/?mission=Apollo%2015&sample=15369,,0,no_relab_spectrum_for_parent_or_children
500,15370,15370,Apollo 15,,,,https://www.lpi.usra.edu/lunar/samples/atlas/detail/?mission=Apollo%2015&sample=15370,,0,no_relab_spectrum_for_parent_or_children
501,15371,15371,Apollo 15,,,,https://www.lpi.usra.edu/lunar/samples/atlas/detail/?mission=Apollo%2015&sample=15371,,0,no_relab_spectrum_for_parent_or_children
502,15372,15372,Apollo 15,,,,https://www.lpi.usra.edu/lunar/samples/atlas/detail/?mission=Apollo%2015&sample=15372,,0,no_relab_spectrum_for_parent_or_children
503,15373,15373,Apollo 15,,,,https://www.lpi.usra.edu/lunar/samples/atlas/detail/?mission=Apollo%2015&sample=15373,,0,no_relab_spectrum_for_parent_or_children
504,15374,15374,Apollo 15,,,,https://www.lpi.usra.edu/lunar/samples/atlas/detail/?mission=Apollo%2015&sample=15374,,0,no_relab_spectrum_for_parent_or_children
505,15375,15375,Apollo 15,,,,https://www.lpi.usra.edu/lunar/samples/atlas/detail/?mission=Apollo%2015&sample=15375,,0,no_relab_spectrum_for_parent_or_children
506,15376,15376,Apollo 15,,,,https://www.lpi.usra.edu/lunar/samples/atlas/detail/?mission=Apollo%2015&sample=15376,,0,no_relab_spectrum_for_parent_or_children
507,15377,15377,Apollo 15,,,,https://www.lpi.usra.edu/lunar/samples/atlas/detail/?mission=Apollo%2015&sample=15377,,0,no_relab_spectrum_for_parent_or_children
508,15378,15378,Apollo 15,,,,https://www.lpi.usra.edu/lunar/samples/atlas/detail/?mission=Apollo%2015&sample=15378,,0,no_relab_spectrum_for_parent_or_children
509,15379,15379,Apollo 15,,basalt,"finegrained mare basalt; Ryder (1985) states that: ""15379 is a finegrained mare basalt containing about 20% stubbyangular and partly ""hollow"" plagioclase, abundant brownish pyroxene, and at least some olivine and ilmenite"". Plagioclase is milky, but not maskelynite. Both plagioclase and pyroxene have deformed twinning. Veins of dark glass, containing bubbles, crosscut the sample and show evidence of flow. Ryder (1985) finds that sample 15380 is very similar to 15379. It also has shock features and glass veins.",https://www.lpi.usra.edu/lunar/samples/atlas/detail/?mission=Apollo%2015&sample=15379,,0,no_relab_spectrum_for_parent_or_children
510,15380,15380,Apollo 15,rake,basalt,"finegrained mare basalt; Ryder (1985) finds that sample 15380 is very similar to 15379. It also has shock features and glass veins. Ryder (1985) states that: ""15379 is a finegrained mare basalt containing about 20% stubbyangular and partly ""hollow"" plagioclase, abundant brownish pyroxene, and at least some olivine and ilmenite"". Plagioclase is milky, but not maskelynite. Both plagioclase and pyroxene have deformed twinning. Veins of dark glass, containing bubbles, crosscut the sample and show evidence of flow.",https://www.lpi.usra.edu/lunar/samples/atlas/detail/?mission=Apollo%2015&sample=15380,,0,no_relab_spectrum_for_parent_or_children
511,15381,15381,Apollo 15,,,,https://www.lpi.usra.edu/lunar/samples/atlas/detail/?mission=Apollo%2015&sample=15381,,0,no_relab_spectrum_for_parent_or_children
512,15382,15382,Apollo 15,rake,basalt,"pristine feldspathic basalt with high rare-earth-element content. Only a few pristine samples of this important rock type were returned from the moon, also including 15386 and fragments in 15434 and other Apollo 15 soils. These fragments were recognized as samples of chilled volcanic liquid and have been a source of much speculation",https://www.lpi.usra.edu/lunar/samples/atlas/detail/?mission=Apollo%2015&sample=15382,,0,no_relab_spectrum_for_parent_or_children
513,15383,15383,Apollo 15,,,,https://www.lpi.usra.edu/lunar/samples/atlas/detail/?mission=Apollo%2015&sample=15383,,0,no_relab_spectrum_for_parent_or_children
514,15384,15384,Apollo 15,,,,https://www.lpi.usra.edu/lunar/samples/atlas/detail/?mission=Apollo%2015&sample=15384,,0,no_relab_spectrum_for_parent_or_children
515,15385,15385,Apollo 15,rake,basalt,"These small samples are found to have high Mg content, probably due to olivine accumulation (another “picritic basalt” from Apollo 15 is found as a large clast in breccia sample 15459). The formation of 15385 has been dated at 3.4 b.y. with exposure to cosmic rays for about 280 m.y.",https://www.lpi.usra.edu/lunar/samples/atlas/detail/?mission=Apollo%2015&sample=15385,,0,no_relab_spectrum_for_parent_or_children
516,15386,15386,Apollo 15,,basalt,"15386 is the largest sample of pristine KREEP basalt in the collection. By pristine we mean that it is lacking in meteoritical siderophiles (Ir, Re, Au etc), and hence not contaminated by meteorite debris. Thus it is thought to represent an indogenous lunar volcanic melt derived from the lunar interior (see discussion in 15382).",https://www.lpi.usra.edu/lunar/samples/atlas/detail/?mission=Apollo%2015&sample=15386,,0,no_relab_spectrum_for_parent_or_children
517,15387,15387,Apollo 15,,basalt,"These small samples are found to have high Mg content, probably due to olivine accumulation (another ""picritic basalt"" from Apollo 15 is found as a large clast in breccia sample 15459). The formation of 15385 has been dated at 3.4 b.y. with exposure to cosmic rays for about 280 m.y.",https://www.lpi.usra.edu/lunar/samples/atlas/detail/?mission=Apollo%2015&sample=15387,,0,no_relab_spectrum_for_parent_or_children
518,15388,15388,Apollo 15,,basalt,a pigeonite basalt with long pyroxene crystals. It has not been dated.,https://www.lpi.usra.edu/lunar/samples/atlas/detail/?mission=Apollo%2015&sample=15388,,0,no_relab_spectrum_for_parent_or_children
519,15389,15389,Apollo 15,,,,https://www.lpi.usra.edu/lunar/samples/atlas/detail/?mission=Apollo%2015&sample=15389,,0,no_relab_spectrum_for_parent_or_children
520,15390,15390,Apollo 15,,,,https://www.lpi.usra.edu/lunar/samples/atlas/detail/?mission=Apollo%2015&sample=15390,,0,no_relab_spectrum_for_parent_or_children
521,15391,15391,Apollo 15,,,,https://www.lpi.usra.edu/lunar/samples/atlas/detail/?mission=Apollo%2015&sample=15391,,0,no_relab_spectrum_for_parent_or_children
522,15392,15392,Apollo 15,,,,https://www.lpi.usra.edu/lunar/samples/atlas/detail/?mission=Apollo%2015&sample=15392,,0,no_relab_spectrum_for_parent_or_children
523,15400,15400,Apollo 15,,soil,"Soil 15400 and green breccia 15405 were collected from the singular rounded 3 meter long boulder and from an apparent fillet developed high on the south side of the boulder. Relatively few fragments occur in the vicinity of the rock. Most are angular and lie on the fillet, but sparse fragments are found with random distribution in all directions. The samples are probably representative of the boulder and its disintegration products which may typify the composition of its fillet.",https://www.lpi.usra.edu/lunar/samples/atlas/detail/?mission=Apollo%2015&sample=15400,,0,no_relab_spectrum_for_parent_or_children
524,15402,15402,Apollo 15,,,,https://www.lpi.usra.edu/lunar/samples/atlas/detail/?mission=Apollo%2015&sample=15402,,0,no_relab_spectrum_for_parent_or_children
525,15403,15403,Apollo 15,,,,https://www.lpi.usra.edu/lunar/samples/atlas/detail/?mission=Apollo%2015&sample=15403,,0,no_relab_spectrum_for_parent_or_children
526,15404,15404,Apollo 15,,,,https://www.lpi.usra.edu/lunar/samples/atlas/detail/?mission=Apollo%2015&sample=15404,,0,no_relab_spectrum_for_parent_or_children
527,15405,15405,Apollo 15,rock,breccia,"clast-bearing impact-melt rock with a crystalline matrix made up of fine-grained intergrown pyroxene, plagioclase and ilmenite laths (figure 6). Prominent clasts include mineral fragments of plagioclase and pyroxene, along with lithic clasts of KREEP basalt, granite and quartz monzodiorite (QMD). Flow banding in the matrix includes small irregularly-shaped vugs.",https://www.lpi.usra.edu/lunar/samples/atlas/detail/?mission=Apollo%2015&sample=15405,,0,no_relab_spectrum_for_parent_or_children
528,15410,15410,Apollo 15,,soil,Collected at Station 7 from the summit of the subdued rim crest of Spur Crater. Local surface is moderately well populated with rock fragments up to tens of centimeters across. The sample area is characterized however by the abundance of less than 1 cm size fragments. Several large fragments in the sample have been excluded from the grain size analysis.,https://www.lpi.usra.edu/lunar/samples/atlas/detail/?mission=Apollo%2015&sample=15410,,0,no_relab_spectrum_for_parent_or_children
529,15412,15412,Apollo 15,,,,https://www.lpi.usra.edu/lunar/samples/atlas/detail/?mission=Apollo%2015&sample=15412,,0,no_relab_spectrum_for_parent_or_children
530,15413,15413,Apollo 15,,,,https://www.lpi.usra.edu/lunar/samples/atlas/detail/?mission=Apollo%2015&sample=15413,,0,no_relab_spectrum_for_parent_or_children
531,15414,15414,Apollo 15,,,,https://www.lpi.usra.edu/lunar/samples/atlas/detail/?mission=Apollo%2015&sample=15414,,0,no_relab_spectrum_for_parent_or_children
532,15416,15416,Apollo 15,,,,https://www.lpi.usra.edu/lunar/samples/atlas/detail/?mission=Apollo%2015&sample=15416,,0,no_relab_spectrum_for_parent_or_children
533,15417,15417,Apollo 15,,,,https://www.lpi.usra.edu/lunar/samples/atlas/detail/?mission=Apollo%2015&sample=15417,,0,no_relab_spectrum_for_parent_or_children
534,15418,15418,Apollo 15,,breccia,"is a highly-shocked, granulitic breccia that has a chemical composition of ""gabbroic anorthosite"" – and has, from time to time, been considered as representative of a portion of the original lunar crust. 15418 has been dated at 4.04 b.y., with an exposure age of 250 m.y. It has micrometeorite craters on all sides.",https://www.lpi.usra.edu/lunar/samples/atlas/detail/?mission=Apollo%2015&sample=15418,,0,no_relab_spectrum_for_parent_or_children
535,15419,15419,Apollo 15,,,,https://www.lpi.usra.edu/lunar/samples/atlas/detail/?mission=Apollo%2015&sample=15419,,0,no_relab_spectrum_for_parent_or_children
536,15421,15421,Apollo 15,,,,https://www.lpi.usra.edu/lunar/samples/atlas/detail/?mission=Apollo%2015&sample=15421,,0,no_relab_spectrum_for_parent_or_children
537,15422,15422,Apollo 15,,,,https://www.lpi.usra.edu/lunar/samples/atlas/detail/?mission=Apollo%2015&sample=15422,,0,no_relab_spectrum_for_parent_or_children
538,15423,15423,Apollo 15,,,,https://www.lpi.usra.edu/lunar/samples/atlas/detail/?mission=Apollo%2015&sample=15423,,0,no_relab_spectrum_for_parent_or_children
539,15424,15424,Apollo 15,,,,https://www.lpi.usra.edu/lunar/samples/atlas/detail/?mission=Apollo%2015&sample=15424,,0,no_relab_spectrum_for_parent_or_children
540,15425,15425,Apollo 15,soil-general,breccia,"The green glass clods (15425, 15426 and 15427) are partially light-greenish-gray and partly grayish-brown - it is the greener parts that have been studied.",https://www.lpi.usra.edu/lunar/samples/atlas/detail/?mission=Apollo%2015&sample=15425,,0,no_relab_spectrum_for_parent_or_children
541,15426,15426,Apollo 15,soil-general,breccia,"The green glass clods (15425, 15426 and 15427) are partially light-greenish-gray and partly grayish-brown - it is the greener parts that have been studied.",https://www.lpi.usra.edu/lunar/samples/atlas/detail/?mission=Apollo%2015&sample=15426,,0,no_relab_spectrum_for_parent_or_children
542,15427,15427,Apollo 15,soil-general,breccia,"The green glass clods (15425, 15426 and 15427) are partially light-greenish-gray and partly grayish-brown - it is the greener parts that have been studied.",https://www.lpi.usra.edu/lunar/samples/atlas/detail/?mission=Apollo%2015&sample=15427,,0,no_relab_spectrum_for_parent_or_children
543,15430,15430,Apollo 15,,soil,"Sample collected at Station 7, 5 meters inside of the north rim of Spur Crater. A clod and a soil were collected together as a surface sample. The clod tended to break down and degrade the size distribution for this soil. Station 7 was moderately well populated with rock fragments up to tens of centimeters across.",https://www.lpi.usra.edu/lunar/samples/atlas/detail/?mission=Apollo%2015&sample=15430,,0,no_relab_spectrum_for_parent_or_children
544,15431,15431,Apollo 15,,soil,,https://www.lpi.usra.edu/lunar/samples/atlas/detail/?mission=Apollo%2015&sample=15431,,0,no_relab_spectrum_for_parent_or_children
545,15432,15432,Apollo 15,,,,https://www.lpi.usra.edu/lunar/samples/atlas/detail/?mission=Apollo%2015&sample=15432,,0,no_relab_spectrum_for_parent_or_children
546,15433,15433,Apollo 15,,,,https://www.lpi.usra.edu/lunar/samples/atlas/detail/?mission=Apollo%2015&sample=15433,,0,no_relab_spectrum_for_parent_or_children
547,15434,15434,Apollo 15,,,,https://www.lpi.usra.edu/lunar/samples/atlas/detail/?mission=Apollo%2015&sample=15434,,0,no_relab_spectrum_for_parent_or_children
548,15435,15435,Apollo 15,,breccia,"This is probably the material from the ""pedestal"" that 15415 was perched on. After 15415 was picked off the top, the pedestal was broken up and several pieces collected from the soil. It was returned in the same bag as 15430 through 15437. This sample has not been studied.",https://www.lpi.usra.edu/lunar/samples/atlas/detail/?mission=Apollo%2015&sample=15435,,0,no_relab_spectrum_for_parent_or_children
549,15436,15436,Apollo 15,,impact melt breccia,"15436 is a vesicular, fine-grained melt which includes mineral grains and lithic fragments. It is a round black and white rock with a chalky white dust covering.",https://www.lpi.usra.edu/lunar/samples/atlas/detail/?mission=Apollo%2015&sample=15436,,0,no_relab_spectrum_for_parent_or_children
550,15437,15437,Apollo 15,,,,https://www.lpi.usra.edu/lunar/samples/atlas/detail/?mission=Apollo%2015&sample=15437,,0,no_relab_spectrum_for_parent_or_children
551,15459,15459,Apollo 15,,regolith breccia,"Lunar sample 15459 is a large, dense, regolith breccia from Spur Crater which has a mineral, glass and chemical composition like that of the local soil.",https://www.lpi.usra.edu/lunar/samples/atlas/detail/?mission=Apollo%2015&sample=15459,,0,no_relab_spectrum_for_parent_or_children
552,15465,15465,Apollo 15,,breccia,15465 and 15466 are a collection of breccia fragments cemented together with a vesicular black glass.,https://www.lpi.usra.edu/lunar/samples/atlas/detail/?mission=Apollo%2015&sample=15465,,0,no_relab_spectrum_for_parent_or_children
553,15466,15466,Apollo 15,,glassy impact melt breccia,15465 and 15466 are a collection of breccia fragments cemented together with a vesicular black glass.,https://www.lpi.usra.edu/lunar/samples/atlas/detail/?mission=Apollo%2015&sample=15466,,0,no_relab_spectrum_for_parent_or_children
554,15467,15467,Apollo 15,,breccia,,https://www.lpi.usra.edu/lunar/samples/atlas/detail/?mission=Apollo%2015&sample=15467,,0,no_relab_spectrum_for_parent_or_children
555,15468,15468,Apollo 15,,breccia,,https://www.lpi.usra.edu/lunar/samples/atlas/detail/?mission=Apollo%2015&sample=15468,,0,no_relab_spectrum_for_parent_or_children
556,15469,15469,Apollo 15,,,,https://www.lpi.usra.edu/lunar/samples/atlas/detail/?mission=Apollo%2015&sample=15469,,0,no_relab_spectrum_for_parent_or_children
557,15470,15470,Apollo 15,,soil,"Soil 15470 and basalts 15475, 15476 and gabbro 15495 were collected at Station 4, 28 m southeast of the rim crest of Dune crater. The surface surrounding the samples has a moderate cover of fragments, small craters in the sample area are sparse. Two large fragments in the sample were excluded from grain size analysis.",https://www.lpi.usra.edu/lunar/samples/atlas/detail/?mission=Apollo%2015&sample=15470,,0,no_relab_spectrum_for_parent_or_children
558,15471,15471,Apollo 15,,soil,coarse fine particles,https://www.lpi.usra.edu/lunar/samples/atlas/detail/?mission=Apollo%2015&sample=15471,,0,no_relab_spectrum_for_parent_or_children
559,15472,15472,Apollo 15,,,,https://www.lpi.usra.edu/lunar/samples/atlas/detail/?mission=Apollo%2015&sample=15472,,0,no_relab_spectrum_for_parent_or_children
560,15473,15473,Apollo 15,,,,https://www.lpi.usra.edu/lunar/samples/atlas/detail/?mission=Apollo%2015&sample=15473,,0,no_relab_spectrum_for_parent_or_children
561,15474,15474,Apollo 15,,,,https://www.lpi.usra.edu/lunar/samples/atlas/detail/?mission=Apollo%2015&sample=15474,,0,no_relab_spectrum_for_parent_or_children
562,15475,15475,Apollo 15,,basalt,"Soil 15470 and basalts 15475, 15476 and gabbro 15495 were collected at Station 4, 28 m southeast of the rim crest of Dune crater. The surface surrounding the samples has a moderate cover of fragments, small craters in the sample area are sparse. Two large fragments in the sample were excluded from grain size analysis.",https://www.lpi.usra.edu/lunar/samples/atlas/detail/?mission=Apollo%2015&sample=15475,,0,no_relab_spectrum_for_parent_or_children
563,15476,15476,Apollo 15,,basalt,"Soil 15470 and basalts 15475, 15476 and gabbro 15495 were collected at Station 4, 28 m southeast of the rim crest of Dune crater. The surface surrounding the samples has a moderate cover of fragments, small craters in the sample area are sparse. Two large fragments in the sample were excluded from grain size analysis.",https://www.lpi.usra.edu/lunar/samples/atlas/detail/?mission=Apollo%2015&sample=15476,,0,no_relab_spectrum_for_parent_or_children
564,15477,15477,Apollo 15,,,,https://www.lpi.usra.edu/lunar/samples/atlas/detail/?mission=Apollo%2015&sample=15477,,0,no_relab_spectrum_for_parent_or_children
565,15478,15478,Apollo 15,,,,https://www.lpi.usra.edu/lunar/samples/atlas/detail/?mission=Apollo%2015&sample=15478,,0,no_relab_spectrum_for_parent_or_children
566,15485,15485,Apollo 15,,basalt,"15485 and 15486 are samples of vitrophyric pigeonite basalt, a rapidly cooled variety of quartz-normative basalt found to be rather common at the Apollo 15 site. They are very vesicular with porphyritic, diktytaxitic texture. The age of this boulder is 3.4 b.y. and it has an exposure age of 114 m.y. (determined on 15499).",https://www.lpi.usra.edu/lunar/samples/atlas/detail/?mission=Apollo%2015&sample=15485,,0,no_relab_spectrum_for_parent_or_children
567,15486,15486,Apollo 15,,basalt,"15485 and 15486 are samples of vitrophyric pigeonite basalt, a rapidly cooled variety of quartz-normative basalt found to be rather common at the Apollo 15 site. They are very vesicular with porphyritic, diktytaxitic texture. The age of this boulder is 3.4 b.y. and it has an exposure age of 114 m.y. (determined on 15499).",https://www.lpi.usra.edu/lunar/samples/atlas/detail/?mission=Apollo%2015&sample=15486,,0,no_relab_spectrum_for_parent_or_children
568,15487,15487,Apollo 15,,,,https://www.lpi.usra.edu/lunar/samples/atlas/detail/?mission=Apollo%2015&sample=15487,,0,no_relab_spectrum_for_parent_or_children
569,15495,15495,Apollo 15,,basalt,"Soil 15470 and basalts 15475, 15476 and gabbro 15495 were collected at Station 4, 28 m southeast of the rim crest of Dune crater. The surface surrounding the samples has a moderate cover of fragments, small craters in the sample area are sparse. Two large fragments in the sample were excluded from grain size analysis. It has been studied for its magnetic properties, but has not been dated. The orientation of 15495 was documented by photographs, but there are micrometeorite craters on S, T, B and E surfaces indicating that the rock has rolled.",https://www.lpi.usra.edu/lunar/samples/atlas/detail/?mission=Apollo%2015&sample=15495,,0,no_relab_spectrum_for_parent_or_children
570,15498,15498,Apollo 15,rock,regolith breccia,"A coherent, glassy matrix breccia with components mainly of mare derivation, including basalt fragments and glass.",https://www.lpi.usra.edu/lunar/samples/atlas/detail/?mission=Apollo%2015&sample=15498,,0,no_relab_spectrum_for_parent_or_children
571,15499,15499,Apollo 15,,basalt,"top surface of 15499 is rounded with micrometeorite craters, whille the bottom suface is freshly broken. The radiometeric age of this boulder is ~3.4 b.y., with an exposure age of 114 m.y.",https://www.lpi.usra.edu/lunar/samples/atlas/detail/?mission=Apollo%2015&sample=15499,,0,no_relab_spectrum_for_parent_or_children
572,15500,15500,Apollo 15,,soil,"Collected at Station 9, Scarp crater. This surface sample was collected 10 m from the rim of a 10 meter diameter fresh crater. The surface is saturated with ""raindrop depressions"" and fragments less than 1 cm in diameter.",https://www.lpi.usra.edu/lunar/samples/atlas/detail/?mission=Apollo%2015&sample=15500,,0,no_relab_spectrum_for_parent_or_children
573,15501,15501,Apollo 15,rake,soil,,https://www.lpi.usra.edu/lunar/samples/atlas/detail/?mission=Apollo%2015&sample=15501,,0,no_relab_spectrum_for_parent_or_children
574,15502,15502,Apollo 15,,,,https://www.lpi.usra.edu/lunar/samples/atlas/detail/?mission=Apollo%2015&sample=15502,,0,no_relab_spectrum_for_parent_or_children
575,15503,15503,Apollo 15,,,,https://www.lpi.usra.edu/lunar/samples/atlas/detail/?mission=Apollo%2015&sample=15503,,0,no_relab_spectrum_for_parent_or_children
576,15504,15504,Apollo 15,,,,https://www.lpi.usra.edu/lunar/samples/atlas/detail/?mission=Apollo%2015&sample=15504,,0,no_relab_spectrum_for_parent_or_children
577,15505,15505,Apollo 15,,breccia,glass matrix breccia with an abundance for mare basalt clasts,https://www.lpi.usra.edu/lunar/samples/atlas/detail/?mission=Apollo%2015&sample=15505,,0,no_relab_spectrum_for_parent_or_children
578,15506,15506,Apollo 15,,regolith breccia,15506 and 15508 are glass-coated pieces of regolith breccia similar to 15505 in the same bag and may be pieces of the larger breccia - see also section on 15501. They have not been studied and there are no thin sections.,https://www.lpi.usra.edu/lunar/samples/atlas/detail/?mission=Apollo%2015&sample=15506,,0,no_relab_spectrum_for_parent_or_children
579,15507,15507,Apollo 15,,other,"15507 is made up of three glass particles that fit together as a hollow egg. It has not been subdivided nor studied. There is a zap pit on the interior wall of the large vesicle, proving that it was already broken on the lunar surface (Ryder 1985).",https://www.lpi.usra.edu/lunar/samples/atlas/detail/?mission=Apollo%2015&sample=15507,,0,no_relab_spectrum_for_parent_or_children
580,15508,15508,Apollo 15,,breccia,15506 and 15508 are glass-coated pieces of regolith breccia similar to 15505 in the same bag and may be pieces of the larger breccia – see also section on 15501. They have not been studied and there are no thin sections.,https://www.lpi.usra.edu/lunar/samples/atlas/detail/?mission=Apollo%2015&sample=15508,,0,no_relab_spectrum_for_parent_or_children
581,15514,15514,Apollo 15,,,,https://www.lpi.usra.edu/lunar/samples/atlas/detail/?mission=Apollo%2015&sample=15514,,0,no_relab_spectrum_for_parent_or_children
582,15515,15515,Apollo 15,,regolith breccia,"15515 is brown, very friable, porus and full of glass particles.",https://www.lpi.usra.edu/lunar/samples/atlas/detail/?mission=Apollo%2015&sample=15515,,0,no_relab_spectrum_for_parent_or_children
583,15528,15528,Apollo 15,,,,https://www.lpi.usra.edu/lunar/samples/atlas/detail/?mission=Apollo%2015&sample=15528,,0,no_relab_spectrum_for_parent_or_children
584,15529,15529,Apollo 15,,basalt,"Lunar sample 15529 is a very vesicular mare basalt that remains unstudied. Dirt fills some vesicles, but not all, and the sample has no obvious zap pits.The sample is light olive gray, rounded, tough, and very vesicular. It had a 3-cm high fillet, but has no zap pits.",https://www.lpi.usra.edu/lunar/samples/atlas/detail/?mission=Apollo%2015&sample=15529,,0,no_relab_spectrum_for_parent_or_children
585,15530,15530,Apollo 15,,soil,"15530 was collected with a suite of rocks, fragments, and cores at Station 9A. The soil sample was taken about 20 m east of the rim of Hadley Rille, its exact location has not been identified on the surface photographs. The ground slopes gently from the sample site toward the rim of Hadley Rille; rock fragments on the surface become increasingly abundant as the rille rim is approached.",https://www.lpi.usra.edu/lunar/samples/atlas/detail/?mission=Apollo%2015&sample=15530,,0,no_relab_spectrum_for_parent_or_children
586,15532,15532,Apollo 15,,,,https://www.lpi.usra.edu/lunar/samples/atlas/detail/?mission=Apollo%2015&sample=15532,,0,no_relab_spectrum_for_parent_or_children
587,15533,15533,Apollo 15,,,,https://www.lpi.usra.edu/lunar/samples/atlas/detail/?mission=Apollo%2015&sample=15533,,0,no_relab_spectrum_for_parent_or_children
588,15534,15534,Apollo 15,,,,https://www.lpi.usra.edu/lunar/samples/atlas/detail/?mission=Apollo%2015&sample=15534,,0,no_relab_spectrum_for_parent_or_children
589,15535,15535,Apollo 15,rock,basalt,"is a fine-grained, olivine-bearing mare basalt in which fine-grained pyroxenes are enclosed in poikilitic plagioclases and olivine phenocrysts are scattered. It is finer-grained than 15536, chipped from the same boulder.",https://www.lpi.usra.edu/lunar/samples/atlas/detail/?mission=Apollo%2015&sample=15535,,0,no_relab_spectrum_for_parent_or_children
590,15536,15536,Apollo 15,,basalt,"is a fine-grained, olivine-bearing mare basalt in which fine-grained pyroxenes are enclosed in poikilitic plagioclases and olivine phenocrysts are scattered. 15535 is finer-grained than 15536 chipped from the same boulder.",https://www.lpi.usra.edu/lunar/samples/atlas/detail/?mission=Apollo%2015&sample=15536,,0,no_relab_spectrum_for_parent_or_children
591,15537,15537,Apollo 15,,,,https://www.lpi.usra.edu/lunar/samples/atlas/detail/?mission=Apollo%2015&sample=15537,,0,no_relab_spectrum_for_parent_or_children
592,15538,15538,Apollo 15,,,,https://www.lpi.usra.edu/lunar/samples/atlas/detail/?mission=Apollo%2015&sample=15538,,0,no_relab_spectrum_for_parent_or_children
593,15545,15545,Apollo 15,rock,basalt,This potato-shaped rock has the remains of very large glass lining from micrometeorite impacts as well as prominent patina from glass splashes.,https://www.lpi.usra.edu/lunar/samples/atlas/detail/?mission=Apollo%2015&sample=15545,,0,no_relab_spectrum_for_parent_or_children
594,15546,15546,Apollo 15,rock,basalt,"The samples are similar, with a rather coarse-grained, granular texture. Olivine grains are found in the centers of pigeonite. Opaque minerals are found in groups.",https://www.lpi.usra.edu/lunar/samples/atlas/detail/?mission=Apollo%2015&sample=15546,,0,no_relab_spectrum_for_parent_or_children
595,15547,15547,Apollo 15,,basalt,"The samples are similar, with a rather coarse-grained, granular texture. Olivine grains are found in the centers of pigeonite. Opaque minerals are found in groups.",https://www.lpi.usra.edu/lunar/samples/atlas/detail/?mission=Apollo%2015&sample=15547,,0,no_relab_spectrum_for_parent_or_children
596,15548,15548,Apollo 15,,,,https://www.lpi.usra.edu/lunar/samples/atlas/detail/?mission=Apollo%2015&sample=15548,,0,no_relab_spectrum_for_parent_or_children
597,15556,15556,Apollo 15,rock,basalt,"medium-grained, extremely vesicular olivine-normative basalt containing small olivine phenocrysts.",https://www.lpi.usra.edu/lunar/samples/atlas/detail/?mission=Apollo%2015&sample=15556,,0,no_relab_spectrum_for_parent_or_children
598,15557,15557,Apollo 15,,basalt,,https://www.lpi.usra.edu/lunar/samples/atlas/detail/?mission=Apollo%2015&sample=15557,,0,no_relab_spectrum_for_parent_or_children
599,15558,15558,Apollo 15,rock,regolith breccia,Regolith breccia derived mainly from mare components.,https://www.lpi.usra.edu/lunar/samples/atlas/detail/?mission=Apollo%2015&sample=15558,,0,no_relab_spectrum_for_parent_or_children
600,15560,15560,Apollo 15,,,,https://www.lpi.usra.edu/lunar/samples/atlas/detail/?mission=Apollo%2015&sample=15560,,0,no_relab_spectrum_for_parent_or_children
601,15564,15564,Apollo 15,,,,https://www.lpi.usra.edu/lunar/samples/atlas/detail/?mission=Apollo%2015&sample=15564,,0,no_relab_spectrum_for_parent_or_children
602,15565,15565,Apollo 15,,regolith breccia,"Regolith breccia fragments ranging from friable to coherent. At the end of the third EVA during Apollo 15, the astronauts collected loose undocumented samples from the regolith as ‘grab’ samples and placed them in sample collection bag #2. The residue from this bag (about 38 pieces) was numbered together as 15565.",https://www.lpi.usra.edu/lunar/samples/atlas/detail/?mission=Apollo%2015&sample=15565,,0,no_relab_spectrum_for_parent_or_children
603,15577,15577,Apollo 15,,,,https://www.lpi.usra.edu/lunar/samples/atlas/detail/?mission=Apollo%2015&sample=15577,,0,no_relab_spectrum_for_parent_or_children
604,15595,15595,Apollo 15,,basalt,"a finegrained, porphyritic mare basalt with conspicuously irregularly distributed vugs",https://www.lpi.usra.edu/lunar/samples/atlas/detail/?mission=Apollo%2015&sample=15595,,0,no_relab_spectrum_for_parent_or_children
605,15596,15596,Apollo 15,,basalt,"a finegrained, porphyritic mare basalt with conspicuously irregularly distributed vugs. 15596 has the same texture but with somewhat larger pyroxenes, and a groundmass that is more crystalline.",https://www.lpi.usra.edu/lunar/samples/atlas/detail/?mission=Apollo%2015&sample=15596,,0,no_relab_spectrum_for_parent_or_children
606,15597,15597,Apollo 15,,basalt,"pyroxene vitrophyre consisting mainly of acicular pyroxene phenocrysts, typically with a glass core, set in a matrix of brown glass which shows incipient crystallization in only a few places.",https://www.lpi.usra.edu/lunar/samples/atlas/detail/?mission=Apollo%2015&sample=15597,,0,no_relab_spectrum_for_parent_or_children
607,15598,15598,Apollo 15,,basalt,"a fine-grained, olivine-phyric basalt consisting of scattered olivine phenocrysts 0.6 to 1.3 mm across, set in an intergranular matrix of plagioclase, pyroxene, and opaques",https://www.lpi.usra.edu/lunar/samples/atlas/detail/?mission=Apollo%2015&sample=15598,,0,no_relab_spectrum_for_parent_or_children
608,15600,15600,Apollo 15,,soil,"This comprehensive soil was collected at Station 9A to accompany the rake samples 20 m northeast of the rim of Hadley Rille. The surface around the sample is smoth, level, and locally free of rock fragments greater tha 5 cm across. The general vicinity is littered with fragments commonly up to 20 cm across and a few sparse scattered boulders greater than a meter across.",https://www.lpi.usra.edu/lunar/samples/atlas/detail/?mission=Apollo%2015&sample=15600,,0,no_relab_spectrum_for_parent_or_children
609,15602,15602,Apollo 15,,,,https://www.lpi.usra.edu/lunar/samples/atlas/detail/?mission=Apollo%2015&sample=15602,,0,no_relab_spectrum_for_parent_or_children
610,15603,15603,Apollo 15,,,,https://www.lpi.usra.edu/lunar/samples/atlas/detail/?mission=Apollo%2015&sample=15603,,0,no_relab_spectrum_for_parent_or_children
611,15604,15604,Apollo 15,,,,https://www.lpi.usra.edu/lunar/samples/atlas/detail/?mission=Apollo%2015&sample=15604,,0,no_relab_spectrum_for_parent_or_children
612,15605,15605,Apollo 15,,basalt,"15605, 15606 and 15607 are small fragments of Ferich mare basalt collected as >1 cm ""walnuts"" from largest soil sample 15600. 15605 is coarse-grained, 15606 is medium-grained and 15607 is fine-grained. 15606 is very vesicular. They are all examples of olivine-normative basalt with low silica content and with some olivine.",https://www.lpi.usra.edu/lunar/samples/atlas/detail/?mission=Apollo%2015&sample=15605,,0,no_relab_spectrum_for_parent_or_children
613,15606,15606,Apollo 15,,basalt,"15605, 15606 and 15607 are small fragments of Ferich mare basalt collected as >1 cm ""walnuts"" from largest soil sample 15600. 15605 is coarse-grained, 15606 is medium-grained and 15607 is fine-grained. 15606 is very vesicular. They are all examples of olivine-normative basalt with low silica content and with some olivine.",https://www.lpi.usra.edu/lunar/samples/atlas/detail/?mission=Apollo%2015&sample=15606,,0,no_relab_spectrum_for_parent_or_children
614,15607,15607,Apollo 15,,basalt,"15605, 15606 and 15607 are small fragments of Ferich mare basalt collected as >1 cm ""walnuts"" from largest soil sample 15600. 15605 is coarse-grained, 15606 is medium-grained and 15607 is fine-grained. 15606 is very vesicular. They are all examples of olivine-normative basalt with low silica content and with some olivine.",https://www.lpi.usra.edu/lunar/samples/atlas/detail/?mission=Apollo%2015&sample=15607,,0,no_relab_spectrum_for_parent_or_children
615,15608,15608,Apollo 15,rake,basalt,"consists of numerous skeletal pigeonite mcirophenocrysts in a finer-grained variolitic groundmass of pyroxene, plagioclase and opaque minerals",https://www.lpi.usra.edu/lunar/samples/atlas/detail/?mission=Apollo%2015&sample=15608,,0,no_relab_spectrum_for_parent_or_children
616,15609,15609,Apollo 15,,,,https://www.lpi.usra.edu/lunar/samples/atlas/detail/?mission=Apollo%2015&sample=15609,,0,no_relab_spectrum_for_parent_or_children
617,15610,15610,Apollo 15,rake,basalt,"Rake fragments 15610, 15633, 15641, 15643 and 15663 are grouped together because they are relatively coarse-grained samples of the abundant olivinenormative Apollo 15 basalt clan",https://www.lpi.usra.edu/lunar/samples/atlas/detail/?mission=Apollo%2015&sample=15610,,0,no_relab_spectrum_for_parent_or_children
618,15611,15611,Apollo 15,,,,https://www.lpi.usra.edu/lunar/samples/atlas/detail/?mission=Apollo%2015&sample=15611,,0,no_relab_spectrum_for_parent_or_children
619,15612,15612,Apollo 15,rake,,,https://www.lpi.usra.edu/lunar/samples/atlas/detail/?mission=Apollo%2015&sample=15612,,0,no_relab_spectrum_for_parent_or_children
620,15613,15613,Apollo 15,rake,,,https://www.lpi.usra.edu/lunar/samples/atlas/detail/?mission=Apollo%2015&sample=15613,,0,no_relab_spectrum_for_parent_or_children
621,15614,15614,Apollo 15,rake,basalt,"chemical composition is that of an olivine-normative basalt, but olivine does not form obvious phenocrysts.",https://www.lpi.usra.edu/lunar/samples/atlas/detail/?mission=Apollo%2015&sample=15614,,0,no_relab_spectrum_for_parent_or_children
622,15615,15615,Apollo 15,rake,,,https://www.lpi.usra.edu/lunar/samples/atlas/detail/?mission=Apollo%2015&sample=15615,,0,no_relab_spectrum_for_parent_or_children
623,15616,15616,Apollo 15,rake,basalt,"Their chemical composition is that of an olivine-normative basalt, but olivine does not form obvious phenocrysts.",https://www.lpi.usra.edu/lunar/samples/atlas/detail/?mission=Apollo%2015&sample=15616,,0,no_relab_spectrum_for_parent_or_children
624,15617,15617,Apollo 15,rake,,,https://www.lpi.usra.edu/lunar/samples/atlas/detail/?mission=Apollo%2015&sample=15617,,0,no_relab_spectrum_for_parent_or_children
625,15618,15618,Apollo 15,rake,,,https://www.lpi.usra.edu/lunar/samples/atlas/detail/?mission=Apollo%2015&sample=15618,,0,no_relab_spectrum_for_parent_or_children
626,15619,15619,Apollo 15,rake,,,https://www.lpi.usra.edu/lunar/samples/atlas/detail/?mission=Apollo%2015&sample=15619,,0,no_relab_spectrum_for_parent_or_children
627,15620,15620,Apollo 15,rake,basalt,"Pyroxene, olivine and plagioclase form an interlocking network that is ""peppered"" by minute opaque minerals; ilmenite and spinel",https://www.lpi.usra.edu/lunar/samples/atlas/detail/?mission=Apollo%2015&sample=15620,,0,no_relab_spectrum_for_parent_or_children
628,15621,15621,Apollo 15,rake,,,https://www.lpi.usra.edu/lunar/samples/atlas/detail/?mission=Apollo%2015&sample=15621,,0,no_relab_spectrum_for_parent_or_children
629,15622,15622,Apollo 15,rake,basalt,"chemical composition is that of an olivine-normative basalt, but olivine does not form obvious phenocrysts.",https://www.lpi.usra.edu/lunar/samples/atlas/detail/?mission=Apollo%2015&sample=15622,,0,no_relab_spectrum_for_parent_or_children
630,15623,15623,Apollo 15,rake,basalt,"Pyroxene, olivine and plagioclase form an interlocking network that is ""peppered"" by minute opaque minerals; ilmenite and spinel",https://www.lpi.usra.edu/lunar/samples/atlas/detail/?mission=Apollo%2015&sample=15623,,0,no_relab_spectrum_for_parent_or_children
631,15624,15624,Apollo 15,rake,,,https://www.lpi.usra.edu/lunar/samples/atlas/detail/?mission=Apollo%2015&sample=15624,,0,no_relab_spectrum_for_parent_or_children
632,15625,15625,Apollo 15,rake,,,https://www.lpi.usra.edu/lunar/samples/atlas/detail/?mission=Apollo%2015&sample=15625,,0,no_relab_spectrum_for_parent_or_children
633,15626,15626,Apollo 15,rake,,,https://www.lpi.usra.edu/lunar/samples/atlas/detail/?mission=Apollo%2015&sample=15626,,0,no_relab_spectrum_for_parent_or_children
634,15627,15627,Apollo 15,rake,,,https://www.lpi.usra.edu/lunar/samples/atlas/detail/?mission=Apollo%2015&sample=15627,,0,no_relab_spectrum_for_parent_or_children
635,15628,15628,Apollo 15,rake,,,https://www.lpi.usra.edu/lunar/samples/atlas/detail/?mission=Apollo%2015&sample=15628,,0,no_relab_spectrum_for_parent_or_children
636,15629,15629,Apollo 15,rake,,,https://www.lpi.usra.edu/lunar/samples/atlas/detail/?mission=Apollo%2015&sample=15629,,0,no_relab_spectrum_for_parent_or_children
637,15630,15630,Apollo 15,rake,basalt,"chemical composition is that of an olivine-normative basalt, but olivine does not form obvious phenocrysts.",https://www.lpi.usra.edu/lunar/samples/atlas/detail/?mission=Apollo%2015&sample=15630,,0,no_relab_spectrum_for_parent_or_children
638,15631,15631,Apollo 15,rake,,,https://www.lpi.usra.edu/lunar/samples/atlas/detail/?mission=Apollo%2015&sample=15631,,0,no_relab_spectrum_for_parent_or_children
639,15632,15632,Apollo 15,rake,,,https://www.lpi.usra.edu/lunar/samples/atlas/detail/?mission=Apollo%2015&sample=15632,,0,no_relab_spectrum_for_parent_or_children
640,15633,15633,Apollo 15,rake,basalt,"Rake fragments 15610, 15633, 15641, 15643 and 15663 are grouped together because they are relatively coarse-grained samples of the abundant olivinenormative Apollo 15 basalt clan",https://www.lpi.usra.edu/lunar/samples/atlas/detail/?mission=Apollo%2015&sample=15633,,0,no_relab_spectrum_for_parent_or_children
641,15634,15634,Apollo 15,rake,basalt,"Ryder (1985) provides the only description these particles. Although he calls them ""coarse grained"", the grain size is still less than 1 mm",https://www.lpi.usra.edu/lunar/samples/atlas/detail/?mission=Apollo%2015&sample=15634,,0,no_relab_spectrum_for_parent_or_children
642,15635,15635,Apollo 15,rake,,,https://www.lpi.usra.edu/lunar/samples/atlas/detail/?mission=Apollo%2015&sample=15635,,0,no_relab_spectrum_for_parent_or_children
643,15636,15636,Apollo 15,rake,basalt,At over 300 grams it is the largest of the rake samples. It is a coarse-grained olivine-normative basalt rather typical of Apollo 15. It has not been dated.,https://www.lpi.usra.edu/lunar/samples/atlas/detail/?mission=Apollo%2015&sample=15636,,0,no_relab_spectrum_for_parent_or_children
644,15637,15637,Apollo 15,rake,,,https://www.lpi.usra.edu/lunar/samples/atlas/detail/?mission=Apollo%2015&sample=15637,,0,no_relab_spectrum_for_parent_or_children
645,15638,15638,Apollo 15,rake,,,https://www.lpi.usra.edu/lunar/samples/atlas/detail/?mission=Apollo%2015&sample=15638,,0,no_relab_spectrum_for_parent_or_children
646,15639,15639,Apollo 15,rake,basalt,"Ryder (1985) provides the only description these particles. Although he calls them ""coarse grained"", the grain size is still less than 1 mm",https://www.lpi.usra.edu/lunar/samples/atlas/detail/?mission=Apollo%2015&sample=15639,,0,no_relab_spectrum_for_parent_or_children
647,15640,15640,Apollo 15,rake,,,https://www.lpi.usra.edu/lunar/samples/atlas/detail/?mission=Apollo%2015&sample=15640,,0,no_relab_spectrum_for_parent_or_children
648,15641,15641,Apollo 15,rake,basalt,"Rake fragments 15610, 15633, 15641, 15643 and 15663 are grouped together because they are relatively coarse-grained samples of the abundant olivinenormative Apollo 15 basalt clan",https://www.lpi.usra.edu/lunar/samples/atlas/detail/?mission=Apollo%2015&sample=15641,,0,no_relab_spectrum_for_parent_or_children
649,15642,15642,Apollo 15,rake,,,https://www.lpi.usra.edu/lunar/samples/atlas/detail/?mission=Apollo%2015&sample=15642,,0,no_relab_spectrum_for_parent_or_children
650,15643,15643,Apollo 15,rake,basalt,"Rake fragments 15610, 15633, 15641, 15643 and 15663 are grouped together because they are relatively coarse-grained samples of the abundant olivinenormative Apollo 15 basalt clan",https://www.lpi.usra.edu/lunar/samples/atlas/detail/?mission=Apollo%2015&sample=15643,,0,no_relab_spectrum_for_parent_or_children
651,15644,15644,Apollo 15,rake,,,https://www.lpi.usra.edu/lunar/samples/atlas/detail/?mission=Apollo%2015&sample=15644,,0,no_relab_spectrum_for_parent_or_children
652,15645,15645,Apollo 15,rake,,,https://www.lpi.usra.edu/lunar/samples/atlas/detail/?mission=Apollo%2015&sample=15645,,0,no_relab_spectrum_for_parent_or_children
653,15646,15646,Apollo 15,rake,,,https://www.lpi.usra.edu/lunar/samples/atlas/detail/?mission=Apollo%2015&sample=15646,,0,no_relab_spectrum_for_parent_or_children
654,15647,15647,Apollo 15,rake,basalt,"15647 is a relatively large, relatively coarse-grained olivine basalt.",https://www.lpi.usra.edu/lunar/samples/atlas/detail/?mission=Apollo%2015&sample=15647,,0,no_relab_spectrum_for_parent_or_children
655,15648,15648,Apollo 15,rake,basalt,15648 is brecciated and partially shock-melted and 15649 may also be shocked. They are members of the olivine-normative clan of Apollo 15 basalts.,https://www.lpi.usra.edu/lunar/samples/atlas/detail/?mission=Apollo%2015&sample=15648,,0,no_relab_spectrum_for_parent_or_children
656,15649,15649,Apollo 15,rake,basalt,15648 is brecciated and partially shock-melted and 15649 may also be shocked. They are members of the olivine-normative clan of Apollo 15 basalts.,https://www.lpi.usra.edu/lunar/samples/atlas/detail/?mission=Apollo%2015&sample=15649,,0,no_relab_spectrum_for_parent_or_children
657,15650,15650,Apollo 15,rake,,,https://www.lpi.usra.edu/lunar/samples/atlas/detail/?mission=Apollo%2015&sample=15650,,0,no_relab_spectrum_for_parent_or_children
658,15651,15651,Apollo 15,rake,basalt,a medium-grained olivine-bearing mare basalt with microgabbroic texture,https://www.lpi.usra.edu/lunar/samples/atlas/detail/?mission=Apollo%2015&sample=15651,,0,no_relab_spectrum_for_parent_or_children
659,15652,15652,Apollo 15,rake,,,https://www.lpi.usra.edu/lunar/samples/atlas/detail/?mission=Apollo%2015&sample=15652,,0,no_relab_spectrum_for_parent_or_children
660,15653,15653,Apollo 15,rake,,,https://www.lpi.usra.edu/lunar/samples/atlas/detail/?mission=Apollo%2015&sample=15653,,0,no_relab_spectrum_for_parent_or_children
661,15654,15654,Apollo 15,rake,,,https://www.lpi.usra.edu/lunar/samples/atlas/detail/?mission=Apollo%2015&sample=15654,,0,no_relab_spectrum_for_parent_or_children
662,15655,15655,Apollo 15,rake,,,https://www.lpi.usra.edu/lunar/samples/atlas/detail/?mission=Apollo%2015&sample=15655,,0,no_relab_spectrum_for_parent_or_children
663,15656,15656,Apollo 15,rake,,,https://www.lpi.usra.edu/lunar/samples/atlas/detail/?mission=Apollo%2015&sample=15656,,0,no_relab_spectrum_for_parent_or_children
664,15657,15657,Apollo 15,rake,,,https://www.lpi.usra.edu/lunar/samples/atlas/detail/?mission=Apollo%2015&sample=15657,,0,no_relab_spectrum_for_parent_or_children
665,15658,15658,Apollo 15,rake,basalt,"Ryder (1985) provides the only description: ""15658 is a medium-grained, olivine-bearing basalt. Pigeonites range from 1 to 2 mm long and are twinned and zoned. Most plagioclases for stubby crystals up to about 1 mm, some of which are hollow. Some radial growth of plagioclase and pyroxene is present. Olivine forms scattered anhedral phenocrysts, and smaller grains are present, many as inclusions in pigeonite. Cristobalite, fayalite, and a range of opaque phases are present."" No mode is given.",https://www.lpi.usra.edu/lunar/samples/atlas/detail/?mission=Apollo%2015&sample=15658,,0,no_relab_spectrum_for_parent_or_children
666,15659,15659,Apollo 15,rake,basalt,"vesicular, olivine-normative basalts with about medium grain size. The average grain size is about 1 mm. 15659 has been dated at 3.34 ± 0.04 b.y.",https://www.lpi.usra.edu/lunar/samples/atlas/detail/?mission=Apollo%2015&sample=15659,,0,no_relab_spectrum_for_parent_or_children
667,15660,15660,Apollo 15,rake,,,https://www.lpi.usra.edu/lunar/samples/atlas/detail/?mission=Apollo%2015&sample=15660,,0,no_relab_spectrum_for_parent_or_children
668,15661,15661,Apollo 15,rake,basalt,"rounded surface from micrometeorite bombardment (and is sort of shaped like a golf ball). However, it is vesicular, vuggy and has a few olivine phenocrysts; typical of olivine-normative basalts.",https://www.lpi.usra.edu/lunar/samples/atlas/detail/?mission=Apollo%2015&sample=15661,,0,no_relab_spectrum_for_parent_or_children
669,15662,15662,Apollo 15,rake,basalt,It is a vesicular olivine-normative basalt.,https://www.lpi.usra.edu/lunar/samples/atlas/detail/?mission=Apollo%2015&sample=15662,,0,no_relab_spectrum_for_parent_or_children
670,15663,15663,Apollo 15,rake,basalt,"Rake fragments 15610, 15633, 15641, 15643 and 15663 are grouped together because they are relatively coarse-grained samples of the abundant olivinenormative Apollo 15 basalt clan",https://www.lpi.usra.edu/lunar/samples/atlas/detail/?mission=Apollo%2015&sample=15663,,0,no_relab_spectrum_for_parent_or_children
671,15664,15664,Apollo 15,rake,,,https://www.lpi.usra.edu/lunar/samples/atlas/detail/?mission=Apollo%2015&sample=15664,,0,no_relab_spectrum_for_parent_or_children
672,15665,15665,Apollo 15,rake,basalt,"Lunar samples 15665 and 15669 are rake samples from the edge of Hadley Rille in an area called The Terrace . They are similar to the rest of the olivine-normative basalt samples from this location, except, perhaps, they contains abundant Fe-rich pyroxene rather than fayalite in the residuum. The habit of ilmenite is also unusual. They have not been dated.",https://www.lpi.usra.edu/lunar/samples/atlas/detail/?mission=Apollo%2015&sample=15665,,0,no_relab_spectrum_for_parent_or_children
673,15666,15666,Apollo 15,rake,basalt,pyroxene-phyric basalt with a variolitic groundmass. It also includes some olivine.,https://www.lpi.usra.edu/lunar/samples/atlas/detail/?mission=Apollo%2015&sample=15666,,0,no_relab_spectrum_for_parent_or_children
674,15667,15667,Apollo 15,rake,,,https://www.lpi.usra.edu/lunar/samples/atlas/detail/?mission=Apollo%2015&sample=15667,,0,no_relab_spectrum_for_parent_or_children
675,15668,15668,Apollo 15,rake,,,https://www.lpi.usra.edu/lunar/samples/atlas/detail/?mission=Apollo%2015&sample=15668,,0,no_relab_spectrum_for_parent_or_children
676,15669,15669,Apollo 15,rake,basalt,"Lunar samples 15665 and 15669 are rake samples from the edge of Hadley Rille in an area called The Terrace . They are similar to the rest of the olivine-normative basalt samples from this location, except, perhaps, they contains abundant Fe-rich pyroxene rather than fayalite in the residuum. The habit of ilmenite is also unusual. They have not been dated.",https://www.lpi.usra.edu/lunar/samples/atlas/detail/?mission=Apollo%2015&sample=15669,,0,no_relab_spectrum_for_parent_or_children
677,15670,15670,Apollo 15,rake,,,https://www.lpi.usra.edu/lunar/samples/atlas/detail/?mission=Apollo%2015&sample=15670,,0,no_relab_spectrum_for_parent_or_children
678,15671,15671,Apollo 15,rake,,,https://www.lpi.usra.edu/lunar/samples/atlas/detail/?mission=Apollo%2015&sample=15671,,0,no_relab_spectrum_for_parent_or_children
679,15672,15672,Apollo 15,rake,basalt,"vesicular, olivine-normative basalts with about medium grain size. The average grain size is about 1 mm.",https://www.lpi.usra.edu/lunar/samples/atlas/detail/?mission=Apollo%2015&sample=15672,,0,no_relab_spectrum_for_parent_or_children
680,15673,15673,Apollo 15,rake,,,https://www.lpi.usra.edu/lunar/samples/atlas/detail/?mission=Apollo%2015&sample=15673,,0,no_relab_spectrum_for_parent_or_children
681,15674,15674,Apollo 15,rake,basalt,fine-grained olivine-normative basalt and they include relict partially-resorbed phenocrysts of olivine.,https://www.lpi.usra.edu/lunar/samples/atlas/detail/?mission=Apollo%2015&sample=15674,,0,no_relab_spectrum_for_parent_or_children
682,15675,15675,Apollo 15,rake,basalt,fine-grained olivine-normative basalt and they include relict partially-resorbed phenocrysts of olivine.,https://www.lpi.usra.edu/lunar/samples/atlas/detail/?mission=Apollo%2015&sample=15675,,0,no_relab_spectrum_for_parent_or_children
683,15676,15676,Apollo 15,rake,basalt,fine-grained olivine-normative basalt and they include relict partially-resorbed phenocrysts of olivine.,https://www.lpi.usra.edu/lunar/samples/atlas/detail/?mission=Apollo%2015&sample=15676,,0,no_relab_spectrum_for_parent_or_children
684,15677,15677,Apollo 15,rake,,,https://www.lpi.usra.edu/lunar/samples/atlas/detail/?mission=Apollo%2015&sample=15677,,0,no_relab_spectrum_for_parent_or_children
685,15678,15678,Apollo 15,rake,basalt,fine-grained olivine-normative basalt and they include relict partially-resorbed phenocrysts of olivine.,https://www.lpi.usra.edu/lunar/samples/atlas/detail/?mission=Apollo%2015&sample=15678,,0,no_relab_spectrum_for_parent_or_children
686,15679,15679,Apollo 15,rake,,,https://www.lpi.usra.edu/lunar/samples/atlas/detail/?mission=Apollo%2015&sample=15679,,0,no_relab_spectrum_for_parent_or_children
687,15680,15680,Apollo 15,rake,,,https://www.lpi.usra.edu/lunar/samples/atlas/detail/?mission=Apollo%2015&sample=15680,,0,no_relab_spectrum_for_parent_or_children
688,15681,15681,Apollo 15,rake,,,https://www.lpi.usra.edu/lunar/samples/atlas/detail/?mission=Apollo%2015&sample=15681,,0,no_relab_spectrum_for_parent_or_children
689,15682,15682,Apollo 15,rake,basalt,"has a rounded top surface with well preserved micrometeorite craters. It is a typical Apollo 15 pigeonite basalt, and has been dated at 3.44 b.y.",https://www.lpi.usra.edu/lunar/samples/atlas/detail/?mission=Apollo%2015&sample=15682,,0,no_relab_spectrum_for_parent_or_children
690,15683,15683,Apollo 15,rake,basalt,fine-grained olivine-normative basalt and they include relict partially-resorbed phenocrysts of olivine.,https://www.lpi.usra.edu/lunar/samples/atlas/detail/?mission=Apollo%2015&sample=15683,,0,no_relab_spectrum_for_parent_or_children
691,15684,15684,Apollo 15,rake,,,https://www.lpi.usra.edu/lunar/samples/atlas/detail/?mission=Apollo%2015&sample=15684,,0,no_relab_spectrum_for_parent_or_children
692,15685,15685,Apollo 15,rake,,,https://www.lpi.usra.edu/lunar/samples/atlas/detail/?mission=Apollo%2015&sample=15685,,0,no_relab_spectrum_for_parent_or_children
693,15686,15686,Apollo 15,rake,,,https://www.lpi.usra.edu/lunar/samples/atlas/detail/?mission=Apollo%2015&sample=15686,,0,no_relab_spectrum_for_parent_or_children
694,15687,15687,Apollo 15,rake,,,https://www.lpi.usra.edu/lunar/samples/atlas/detail/?mission=Apollo%2015&sample=15687,,0,no_relab_spectrum_for_parent_or_children
695,15688,15688,Apollo 15,rake,,,https://www.lpi.usra.edu/lunar/samples/atlas/detail/?mission=Apollo%2015&sample=15688,,0,no_relab_spectrum_for_parent_or_children
696,15689,15689,Apollo 15,rake,,,https://www.lpi.usra.edu/lunar/samples/atlas/detail/?mission=Apollo%2015&sample=15689,,0,no_relab_spectrum_for_parent_or_children
697,15695,15695,Apollo 15,rake,basalt,"These three chips (15684, 15685, 15686) of mare basalt were split out of the station 9a rake sample in 1975 and have not been studied. There are no thin sections.",https://www.lpi.usra.edu/lunar/samples/atlas/detail/?mission=Apollo%2015&sample=15695,,0,no_relab_spectrum_for_parent_or_children
698,15696,15696,Apollo 15,rake,basalt,"These three chips (15684, 15685, 15686) of mare basalt were split out of the station 9a rake sample in 1975 and have not been studied. There are no thin sections.",https://www.lpi.usra.edu/lunar/samples/atlas/detail/?mission=Apollo%2015&sample=15696,,0,no_relab_spectrum_for_parent_or_children
699,15697,15697,Apollo 15,rake,basalt,"These three chips (15684, 15685, 15686) of mare basalt were split out of the station 9a rake sample in 1975 and have not been studied. There are no thin sections.",https://www.lpi.usra.edu/lunar/samples/atlas/detail/?mission=Apollo%2015&sample=15697,,0,no_relab_spectrum_for_parent_or_children
700,15698,15698,Apollo 15,rake,breccia,"It may be a glass covered ""bomb"" with a lithic fragment inside (Ryder 1985). It has not been studied.",https://www.lpi.usra.edu/lunar/samples/atlas/detail/?mission=Apollo%2015&sample=15698,,0,no_relab_spectrum_for_parent_or_children
701,15933,15933,Apollo 15,,,,https://www.lpi.usra.edu/lunar/samples/atlas/detail/?mission=Apollo%2015&sample=15933,,0,no_relab_spectrum_for_parent_or_children
702,15952,15952,Apollo 15,,,,https://www.lpi.usra.edu/lunar/samples/atlas/detail/?mission=Apollo%2015&sample=15952,,0,no_relab_spectrum_for_parent_or_children
703,17508,17508,,,,,https://www.lpi.usra.edu/lunar/samples/atlas/detail/?mission=Apollo%2017&sample=17508,,0,no_relab_spectrum_for_parent_or_children
704,60001,60001,Apollo 16,core,,"The deep drill string was separated into two sections of three stems each on the lunar surface (60007, 60006 and 60005) and (60004, 60003, 60002 and 60001bit).",https://www.lpi.usra.edu/lunar/samples/atlas/detail/?mission=Apollo%2016&sample=60001,,0,no_relab_spectrum_for_parent_or_children
705,60002,60002,Apollo 16,core,,"The deep drill string was separated into two sections of three stems each on the lunar surface (60007, 60006 and 60005) and (60004, 60003, 60002 and 60001bit).",https://www.lpi.usra.edu/lunar/samples/atlas/detail/?mission=Apollo%2016&sample=60002,,0,no_relab_spectrum_for_parent_or_children
706,60003,60003,Apollo 16,core,,"The deep drill string was separated into two sections of three stems each on the lunar surface (60007, 60006 and 60005) and (60004, 60003, 60002 and 60001bit).",https://www.lpi.usra.edu/lunar/samples/atlas/detail/?mission=Apollo%2016&sample=60003,,0,no_relab_spectrum_for_parent_or_children
707,60004,60004,Apollo 16,core,,"The deep drill string was separated into two sections of three stems each on the lunar surface (60007, 60006 and 60005) and (60004, 60003, 60002 and 60001bit).",https://www.lpi.usra.edu/lunar/samples/atlas/detail/?mission=Apollo%2016&sample=60004,,0,no_relab_spectrum_for_parent_or_children
708,60005,60005,Apollo 16,core,,"The deep drill string was separated into two sections of three stems each on the lunar surface (60007, 60006 and 60005) and (60004, 60003, 60002 and 60001bit).",https://www.lpi.usra.edu/lunar/samples/atlas/detail/?mission=Apollo%2016&sample=60005,,0,no_relab_spectrum_for_parent_or_children
709,60006,60006,Apollo 16,core,soil,Deep core contining samples 60001 through 60007 was drilled at the ALSEP site about 175 m southwest of the LM and 25 m south of the ALSEP central station. The sample area is generally flat with blocks up to 10-15 cm abundant. Deep drill area has the least compacted soil and the highest density of craters in the area. Core stems went easily into the surface.,https://www.lpi.usra.edu/lunar/samples/atlas/detail/?mission=Apollo%2016&sample=60006,,0,no_relab_spectrum_for_parent_or_children
710,60007,60007,Apollo 16,core,,Deep core contining samples 60001 through 60007 was drilled at the ALSEP site about 175 m southwest of the LM and 25 m south of the ALSEP central station. The sample area is generally flat with blocks up to 10-15 cm abundant. Deep drill area has the least compacted soil and the highest density of craters in the area. Core stems went easily into the surface.,https://www.lpi.usra.edu/lunar/samples/atlas/detail/?mission=Apollo%2016&sample=60007,,0,no_relab_spectrum_for_parent_or_children
711,60009,60009,Apollo 16,core,soil,Drive Tube 60009/60010 was taken at Station 10 bout 100 meters southwest of the LM. Samples were taken from the rim of a subdued 60 cm crater. Fragments on the surface are mostly pear sized; none are larger than a few cm. Grain sizes >1mm may have been handled less so friable fragments would be less likely to break apart.,https://www.lpi.usra.edu/lunar/samples/atlas/detail/?mission=Apollo%2016&sample=60009,,0,no_relab_spectrum_for_parent_or_children
712,60010,60010,Apollo 16,core,soil,Drive Tube 60009/60010 was taken at Station 10 bout 100 meters southwest of the LM. Samples were taken from the rim of a subdued 60 cm crater. Fragments on the surface are mostly pear sized; none are larger than a few cm. Grain sizes >1mm may have been handled less so friable fragments would be less likely to break apart.,https://www.lpi.usra.edu/lunar/samples/atlas/detail/?mission=Apollo%2016&sample=60010,,0,no_relab_spectrum_for_parent_or_children
713,60013,60013,Apollo 16,core,,,https://www.lpi.usra.edu/lunar/samples/atlas/detail/?mission=Apollo%2016&sample=60013,,0,no_relab_spectrum_for_parent_or_children
714,60014,60014,Apollo 16,core,,60014 - 60013 is one of the three cores that were collected close to one another (about 50 m apart) at the ALSEP site at Apollo 16,https://www.lpi.usra.edu/lunar/samples/atlas/detail/?mission=Apollo%2016&sample=60014,,0,no_relab_spectrum_for_parent_or_children
715,60016,60016,Apollo 16,,fragmental breccia,a friable breccia disaggregated with 1362 freeze - thaw cycles; surface is relatively unpitted and smooth.,https://www.lpi.usra.edu/lunar/samples/atlas/detail/?mission=Apollo%2016&sample=60016,,0,no_relab_spectrum_for_parent_or_children
716,60017,60017,Apollo 16,rock,impact melt breccia,"The outer surface has a thick patina, while the freshly broken surface is hackly",https://www.lpi.usra.edu/lunar/samples/atlas/detail/?mission=Apollo%2016&sample=60017,,0,no_relab_spectrum_for_parent_or_children
717,60018,60018,Apollo 16,rock,breccia,"relatively inhomogeneous and apparently not used for cosmic-ray-penetration studies. However, it was determined to have a cosmic ray exposure age of 2.1 m.y.",https://www.lpi.usra.edu/lunar/samples/atlas/detail/?mission=Apollo%2016&sample=60018,,0,no_relab_spectrum_for_parent_or_children
718,60030,60030,Apollo 16,,,,https://www.lpi.usra.edu/lunar/samples/atlas/detail/?mission=Apollo%2016&sample=60030,,0,no_relab_spectrum_for_parent_or_children
719,60031,60031,Apollo 16,,,,https://www.lpi.usra.edu/lunar/samples/atlas/detail/?mission=Apollo%2016&sample=60031,,0,no_relab_spectrum_for_parent_or_children
720,60032,60032,Apollo 16,,,,https://www.lpi.usra.edu/lunar/samples/atlas/detail/?mission=Apollo%2016&sample=60032,,0,no_relab_spectrum_for_parent_or_children
721,60033,60033,Apollo 16,,,,https://www.lpi.usra.edu/lunar/samples/atlas/detail/?mission=Apollo%2016&sample=60033,,0,no_relab_spectrum_for_parent_or_children
722,60034,60034,Apollo 16,,,,https://www.lpi.usra.edu/lunar/samples/atlas/detail/?mission=Apollo%2016&sample=60034,,0,no_relab_spectrum_for_parent_or_children
723,60050,60050,Apollo 16,rake,soil,"contains friable white breccias described by the crew as ""caliche - like"", and contains abundant fragments < 15cm.",https://www.lpi.usra.edu/lunar/samples/atlas/detail/?mission=Apollo%2016&sample=60050,,0,no_relab_spectrum_for_parent_or_children
724,60052,60052,Apollo 16,,,,https://www.lpi.usra.edu/lunar/samples/atlas/detail/?mission=Apollo%2016&sample=60052,,0,no_relab_spectrum_for_parent_or_children
725,60053,60053,Apollo 16,,,,https://www.lpi.usra.edu/lunar/samples/atlas/detail/?mission=Apollo%2016&sample=60053,,0,no_relab_spectrum_for_parent_or_children
726,60054,60054,Apollo 16,,,,https://www.lpi.usra.edu/lunar/samples/atlas/detail/?mission=Apollo%2016&sample=60054,,0,no_relab_spectrum_for_parent_or_children
727,60056,60056,Apollo 16,rake,soil,"walnut-sized particles from soil sample 60050 are what gave the soil a ""white"" appearance on the lunar surface.",https://www.lpi.usra.edu/lunar/samples/atlas/detail/?mission=Apollo%2016&sample=60056,,0,no_relab_spectrum_for_parent_or_children
728,60057,60057,Apollo 16,rake,soil,"walnut-sized particles from soil sample 60050 are what gave the soil a ""white"" appearance on the lunar surface.",https://www.lpi.usra.edu/lunar/samples/atlas/detail/?mission=Apollo%2016&sample=60057,,0,no_relab_spectrum_for_parent_or_children
729,60058,60058,Apollo 16,rake,soil,"walnut-sized particles from soil sample 60050 are what gave the soil a ""white"" appearance on the lunar surface.",https://www.lpi.usra.edu/lunar/samples/atlas/detail/?mission=Apollo%2016&sample=60058,,0,no_relab_spectrum_for_parent_or_children
730,60059,60059,Apollo 16,rake,soil,"walnut-sized particles from soil sample 60050 are what gave the soil a ""white"" appearance on the lunar surface.",https://www.lpi.usra.edu/lunar/samples/atlas/detail/?mission=Apollo%2016&sample=60059,,0,no_relab_spectrum_for_parent_or_children
731,60070,60070,Apollo 16,,,,https://www.lpi.usra.edu/lunar/samples/atlas/detail/?mission=Apollo%2016&sample=60070,,0,no_relab_spectrum_for_parent_or_children
732,60075,60075,Apollo 16,,fragmental breccia,"a friable, porous, feldspathic breccia. It has not been well-studied.",https://www.lpi.usra.edu/lunar/samples/atlas/detail/?mission=Apollo%2016&sample=60075,,0,no_relab_spectrum_for_parent_or_children
733,60095,60095,Apollo 16,rock,green glass vitrophyres,Fractured spheroid of yellow-green to light brown glass,https://www.lpi.usra.edu/lunar/samples/atlas/detail/?mission=Apollo%2016&sample=60095,,0,no_relab_spectrum_for_parent_or_children
734,60110,60110,Apollo 16,,,,https://www.lpi.usra.edu/lunar/samples/atlas/detail/?mission=Apollo%2016&sample=60110,,0,no_relab_spectrum_for_parent_or_children
735,60115,60115,Apollo 16,rock,breccia,Glass-bonded polymict breccia; It has not been studied.,https://www.lpi.usra.edu/lunar/samples/atlas/detail/?mission=Apollo%2016&sample=60115,,0,no_relab_spectrum_for_parent_or_children
736,60130,60130,Apollo 16,,,,https://www.lpi.usra.edu/lunar/samples/atlas/detail/?mission=Apollo%2016&sample=60130,,0,no_relab_spectrum_for_parent_or_children
737,60135,60135,Apollo 16,,breccia,"glass covered, round object with a coarsegrained, highly shocked cumulate interior",https://www.lpi.usra.edu/lunar/samples/atlas/detail/?mission=Apollo%2016&sample=60135,,0,no_relab_spectrum_for_parent_or_children
738,60210,60210,Apollo 16,,,,https://www.lpi.usra.edu/lunar/samples/atlas/detail/?mission=Apollo%2016&sample=60210,,0,no_relab_spectrum_for_parent_or_children
739,60230,60230,Apollo 16,,,,https://www.lpi.usra.edu/lunar/samples/atlas/detail/?mission=Apollo%2016&sample=60230,,0,no_relab_spectrum_for_parent_or_children
740,60235,60235,Apollo 16,rock,basalt,"coherent impact melt rock with a mostly basaltic texture; there are micrometeorite craters on all sides and some vesicles are obvious; otherwise, it has not been studied.",https://www.lpi.usra.edu/lunar/samples/atlas/detail/?mission=Apollo%2016&sample=60235,,0,no_relab_spectrum_for_parent_or_children
741,60250,60250,Apollo 16,,,,https://www.lpi.usra.edu/lunar/samples/atlas/detail/?mission=Apollo%2016&sample=60250,,0,no_relab_spectrum_for_parent_or_children
742,60255,60255,Apollo 16,rock,breccia,"coherent, dark-matrix soil breccia with abundant white clasts, partially coated with a frothy black glass and has few micrometeorite craters.",https://www.lpi.usra.edu/lunar/samples/atlas/detail/?mission=Apollo%2016&sample=60255,,0,no_relab_spectrum_for_parent_or_children
743,60270,60270,Apollo 16,,,,https://www.lpi.usra.edu/lunar/samples/atlas/detail/?mission=Apollo%2016&sample=60270,,0,no_relab_spectrum_for_parent_or_children
744,60275,60275,Apollo 16,,regolith breccia,glass coated regolith breccia. One side has had the glass coating chipped off by micrometeorite bombardment.,https://www.lpi.usra.edu/lunar/samples/atlas/detail/?mission=Apollo%2016&sample=60275,,0,no_relab_spectrum_for_parent_or_children
745,60310,60310,Apollo 16,,,,https://www.lpi.usra.edu/lunar/samples/atlas/detail/?mission=Apollo%2016&sample=60310,,0,no_relab_spectrum_for_parent_or_children
746,60315,60315,Apollo 16,,breccia,"flat rock, about 4 cm thick, top exposed surface covered with micrometeorite craters, bottom surface is freshly broken and free of zap pits, is 3.87 b.y. old and has been exposed on the surface to cosmic rays for only ~ 4.5 m.y.",https://www.lpi.usra.edu/lunar/samples/atlas/detail/?mission=Apollo%2016&sample=60315,,0,no_relab_spectrum_for_parent_or_children
747,60330,60330,Apollo 16,,,,https://www.lpi.usra.edu/lunar/samples/atlas/detail/?mission=Apollo%2016&sample=60330,,0,no_relab_spectrum_for_parent_or_children
748,60335,60335,Apollo 16,,impact melt breccia,"is aluminous in composition, with relative high trace element content; found to contain substantial Ni, Ir and Au. The Pb/Pb age of 60335 was determined to be 4.08 b.y.",https://www.lpi.usra.edu/lunar/samples/atlas/detail/?mission=Apollo%2016&sample=60335,,0,no_relab_spectrum_for_parent_or_children
749,60500,60500,Apollo 16,rake,soil,"The sample accompanies rake sample 60510. The sieved portion of 60500 did not include any walnut sized rocks (> 1 cm), however, a large portion remains unsieved.",https://www.lpi.usra.edu/lunar/samples/atlas/detail/?mission=Apollo%2016&sample=60500,,0,no_relab_spectrum_for_parent_or_children
750,60502,60502,Apollo 16,rake,soil,,https://www.lpi.usra.edu/lunar/samples/atlas/detail/?mission=Apollo%2016&sample=60502,,0,no_relab_spectrum_for_parent_or_children
751,60503,60503,Apollo 16,rake,soil,,https://www.lpi.usra.edu/lunar/samples/atlas/detail/?mission=Apollo%2016&sample=60503,,0,no_relab_spectrum_for_parent_or_children
752,60504,60504,Apollo 16,rake,soil,,https://www.lpi.usra.edu/lunar/samples/atlas/detail/?mission=Apollo%2016&sample=60504,,0,no_relab_spectrum_for_parent_or_children
753,60510,60510,Apollo 16,rake,,,https://www.lpi.usra.edu/lunar/samples/atlas/detail/?mission=Apollo%2016&sample=60510,,0,no_relab_spectrum_for_parent_or_children
754,60511,60511,Apollo 16,rake,,,https://www.lpi.usra.edu/lunar/samples/atlas/detail/?mission=Apollo%2016&sample=60511,,0,no_relab_spectrum_for_parent_or_children
755,60512,60512,Apollo 16,rake,,,https://www.lpi.usra.edu/lunar/samples/atlas/detail/?mission=Apollo%2016&sample=60512,,0,no_relab_spectrum_for_parent_or_children
756,60513,60513,Apollo 16,rake,,,https://www.lpi.usra.edu/lunar/samples/atlas/detail/?mission=Apollo%2016&sample=60513,,0,no_relab_spectrum_for_parent_or_children
757,60514,60514,Apollo 16,rake,,,https://www.lpi.usra.edu/lunar/samples/atlas/detail/?mission=Apollo%2016&sample=60514,,0,no_relab_spectrum_for_parent_or_children
758,60515,60515,Apollo 16,rake,,the surface is mostly coated with micrometeorite craters and is cataclastic anorthosite - of the ferroan variety.,https://www.lpi.usra.edu/lunar/samples/atlas/detail/?mission=Apollo%2016&sample=60515,,0,no_relab_spectrum_for_parent_or_children
759,60516,60516,Apollo 16,rake,,the surface is mostly coated with micrometeorite craters and is cataclastic anorthosite - of the ferroan variety.,https://www.lpi.usra.edu/lunar/samples/atlas/detail/?mission=Apollo%2016&sample=60516,,0,no_relab_spectrum_for_parent_or_children
760,60517,60517,Apollo 16,rake,,the surface is mostly coated with micrometeorite craters and is cataclastic anorthosite - of the ferroan variety.,https://www.lpi.usra.edu/lunar/samples/atlas/detail/?mission=Apollo%2016&sample=60517,,0,no_relab_spectrum_for_parent_or_children
761,60518,60518,Apollo 16,rake,,the surface is mostly coated with micrometeorite craters and is cataclastic anorthosite - of the ferroan variety.,https://www.lpi.usra.edu/lunar/samples/atlas/detail/?mission=Apollo%2016&sample=60518,,0,no_relab_spectrum_for_parent_or_children
762,60519,60519,Apollo 16,rake,,the surface is mostly coated with micrometeorite craters and is cataclastic anorthosite - of the ferroan variety.,https://www.lpi.usra.edu/lunar/samples/atlas/detail/?mission=Apollo%2016&sample=60519,,0,no_relab_spectrum_for_parent_or_children
763,60520,60520,Apollo 16,rake,,,https://www.lpi.usra.edu/lunar/samples/atlas/detail/?mission=Apollo%2016&sample=60520,,0,no_relab_spectrum_for_parent_or_children
764,60521,60521,Apollo 16,rake,,,https://www.lpi.usra.edu/lunar/samples/atlas/detail/?mission=Apollo%2016&sample=60521,,0,no_relab_spectrum_for_parent_or_children
765,60522,60522,Apollo 16,rake,,,https://www.lpi.usra.edu/lunar/samples/atlas/detail/?mission=Apollo%2016&sample=60522,,0,no_relab_spectrum_for_parent_or_children
766,60523,60523,Apollo 16,rake,,,https://www.lpi.usra.edu/lunar/samples/atlas/detail/?mission=Apollo%2016&sample=60523,,0,no_relab_spectrum_for_parent_or_children
767,60524,60524,Apollo 16,rake,,,https://www.lpi.usra.edu/lunar/samples/atlas/detail/?mission=Apollo%2016&sample=60524,,0,no_relab_spectrum_for_parent_or_children
768,60525,60525,Apollo 16,rake,impact melt breccia,"Warner et al. (1976) described 60525 as heterogeneous, with half of matrix with poikilitic texture and half with subophitic texture.",https://www.lpi.usra.edu/lunar/samples/atlas/detail/?mission=Apollo%2016&sample=60525,,0,no_relab_spectrum_for_parent_or_children
769,60526,60526,Apollo 16,rake,,"dense, aphanitic, coherent rock fragment. It has a high rare-earth-element and major element content characteristic of KREEP (Meyer 1974).",https://www.lpi.usra.edu/lunar/samples/atlas/detail/?mission=Apollo%2016&sample=60526,,0,no_relab_spectrum_for_parent_or_children
770,60527,60527,Apollo 16,rake,,,https://www.lpi.usra.edu/lunar/samples/atlas/detail/?mission=Apollo%2016&sample=60527,,0,no_relab_spectrum_for_parent_or_children
771,60528,60528,Apollo 16,rake,,,https://www.lpi.usra.edu/lunar/samples/atlas/detail/?mission=Apollo%2016&sample=60528,,0,no_relab_spectrum_for_parent_or_children
772,60529,60529,Apollo 16,rake,,,https://www.lpi.usra.edu/lunar/samples/atlas/detail/?mission=Apollo%2016&sample=60529,,0,no_relab_spectrum_for_parent_or_children
773,60530,60530,Apollo 16,rake,,,https://www.lpi.usra.edu/lunar/samples/atlas/detail/?mission=Apollo%2016&sample=60530,,0,no_relab_spectrum_for_parent_or_children
774,60531,60531,Apollo 16,rake,,,https://www.lpi.usra.edu/lunar/samples/atlas/detail/?mission=Apollo%2016&sample=60531,,0,no_relab_spectrum_for_parent_or_children
775,60532,60532,Apollo 16,rake,,,https://www.lpi.usra.edu/lunar/samples/atlas/detail/?mission=Apollo%2016&sample=60532,,0,no_relab_spectrum_for_parent_or_children
776,60533,60533,Apollo 16,rake,,,https://www.lpi.usra.edu/lunar/samples/atlas/detail/?mission=Apollo%2016&sample=60533,,0,no_relab_spectrum_for_parent_or_children
777,60534,60534,Apollo 16,rake,,,https://www.lpi.usra.edu/lunar/samples/atlas/detail/?mission=Apollo%2016&sample=60534,,0,no_relab_spectrum_for_parent_or_children
778,60535,60535,Apollo 16,rake,breccia,typical glass matrix regolith breccias,https://www.lpi.usra.edu/lunar/samples/atlas/detail/?mission=Apollo%2016&sample=60535,,0,no_relab_spectrum_for_parent_or_children
779,60600,60600,Apollo 16,rake,soil,typical Apollo 16 soil; coarse-fine particles,https://www.lpi.usra.edu/lunar/samples/atlas/detail/?mission=Apollo%2016&sample=60600,,0,no_relab_spectrum_for_parent_or_children
780,60601,60601,Apollo 16,rake,soil,,https://www.lpi.usra.edu/lunar/samples/atlas/detail/?mission=Apollo%2016&sample=60601,,0,no_relab_spectrum_for_parent_or_children
781,60602,60602,Apollo 16,rake,soil,,https://www.lpi.usra.edu/lunar/samples/atlas/detail/?mission=Apollo%2016&sample=60602,,0,no_relab_spectrum_for_parent_or_children
782,60603,60603,Apollo 16,rake,soil,,https://www.lpi.usra.edu/lunar/samples/atlas/detail/?mission=Apollo%2016&sample=60603,,0,no_relab_spectrum_for_parent_or_children
783,60604,60604,Apollo 16,rake,soil,,https://www.lpi.usra.edu/lunar/samples/atlas/detail/?mission=Apollo%2016&sample=60604,,0,no_relab_spectrum_for_parent_or_children
784,60610,60610,Apollo 16,rake,soil,"coarse-fine particles, contained 33 fragments larger than 1 cm",https://www.lpi.usra.edu/lunar/samples/atlas/detail/?mission=Apollo%2016&sample=60610,,0,no_relab_spectrum_for_parent_or_children
785,60611,60611,Apollo 16,rake,,,https://www.lpi.usra.edu/lunar/samples/atlas/detail/?mission=Apollo%2016&sample=60611,,0,no_relab_spectrum_for_parent_or_children
786,60612,60612,Apollo 16,rake,,,https://www.lpi.usra.edu/lunar/samples/atlas/detail/?mission=Apollo%2016&sample=60612,,0,no_relab_spectrum_for_parent_or_children
787,60613,60613,Apollo 16,rake,,,https://www.lpi.usra.edu/lunar/samples/atlas/detail/?mission=Apollo%2016&sample=60613,,0,no_relab_spectrum_for_parent_or_children
788,60614,60614,Apollo 16,rake,,,https://www.lpi.usra.edu/lunar/samples/atlas/detail/?mission=Apollo%2016&sample=60614,,0,no_relab_spectrum_for_parent_or_children
789,60615,60615,Apollo 16,rake,breccia,"basaltic impact melt with one large vesicle; coherent, mostly intergranular with olivine and pyroxene confined to intersticies between fine plagioclase laths",https://www.lpi.usra.edu/lunar/samples/atlas/detail/?mission=Apollo%2016&sample=60615,,0,no_relab_spectrum_for_parent_or_children
790,60616,60616,Apollo 16,rake,breccia,,https://www.lpi.usra.edu/lunar/samples/atlas/detail/?mission=Apollo%2016&sample=60616,,0,no_relab_spectrum_for_parent_or_children
791,60617,60617,Apollo 16,rake,breccia,,https://www.lpi.usra.edu/lunar/samples/atlas/detail/?mission=Apollo%2016&sample=60617,,0,no_relab_spectrum_for_parent_or_children
792,60618,60618,Apollo 16,rake,breccia,"tough, light gray rake sample consisting of basaltic impact melt and cataclastic anorthosite; found to be highly aluminous with an age about 4 b.y.",https://www.lpi.usra.edu/lunar/samples/atlas/detail/?mission=Apollo%2016&sample=60618,,0,no_relab_spectrum_for_parent_or_children
793,60619,60619,Apollo 16,rake,breccia,"light gray anorthosite, coherent, recrystallized, plagioclaserich rock with minor glass-splash and a few micrometeorite craters. It has not been well studied.",https://www.lpi.usra.edu/lunar/samples/atlas/detail/?mission=Apollo%2016&sample=60619,,0,no_relab_spectrum_for_parent_or_children
794,60620,60620,Apollo 16,rake,,,https://www.lpi.usra.edu/lunar/samples/atlas/detail/?mission=Apollo%2016&sample=60620,,0,no_relab_spectrum_for_parent_or_children
795,60621,60621,Apollo 16,rake,,,https://www.lpi.usra.edu/lunar/samples/atlas/detail/?mission=Apollo%2016&sample=60621,,0,no_relab_spectrum_for_parent_or_children
796,60622,60622,Apollo 16,rake,,,https://www.lpi.usra.edu/lunar/samples/atlas/detail/?mission=Apollo%2016&sample=60622,,0,no_relab_spectrum_for_parent_or_children
797,60623,60623,Apollo 16,rake,,,https://www.lpi.usra.edu/lunar/samples/atlas/detail/?mission=Apollo%2016&sample=60623,,0,no_relab_spectrum_for_parent_or_children
798,60624,60624,Apollo 16,rake,,,https://www.lpi.usra.edu/lunar/samples/atlas/detail/?mission=Apollo%2016&sample=60624,,0,no_relab_spectrum_for_parent_or_children
799,60625,60625,Apollo 16,rake,impact melt breccia,"plagioclase-rich, white rock, but it also has high content of REE",https://www.lpi.usra.edu/lunar/samples/atlas/detail/?mission=Apollo%2016&sample=60625,,0,no_relab_spectrum_for_parent_or_children
800,60626,60626,Apollo 16,rake,impact melt breccia,"poikilitic texture, but the plagioclase chadocrysts have indistinct boundaries.",https://www.lpi.usra.edu/lunar/samples/atlas/detail/?mission=Apollo%2016&sample=60626,,0,no_relab_spectrum_for_parent_or_children
801,60627,60627,Apollo 16,rake,breccia,"light colored and must be mostly plagioclase, because it seems large for its weight (low density) and has zap pits with transparent glass linings.",https://www.lpi.usra.edu/lunar/samples/atlas/detail/?mission=Apollo%2016&sample=60627,,0,no_relab_spectrum_for_parent_or_children
802,60628,60628,Apollo 16,rake,,,https://www.lpi.usra.edu/lunar/samples/atlas/detail/?mission=Apollo%2016&sample=60628,,0,no_relab_spectrum_for_parent_or_children
803,60629,60629,Apollo 16,rake,,"an anorthosite with attached black glass, cataclastic texture and the pyroxenes indicate that this sample is ferroan anorthosite",https://www.lpi.usra.edu/lunar/samples/atlas/detail/?mission=Apollo%2016&sample=60629,,0,no_relab_spectrum_for_parent_or_children
804,60630,60630,Apollo 16,rake,,,https://www.lpi.usra.edu/lunar/samples/atlas/detail/?mission=Apollo%2016&sample=60630,,0,no_relab_spectrum_for_parent_or_children
805,60631,60631,Apollo 16,rake,,,https://www.lpi.usra.edu/lunar/samples/atlas/detail/?mission=Apollo%2016&sample=60631,,0,no_relab_spectrum_for_parent_or_children
806,60632,60632,Apollo 16,rake,,,https://www.lpi.usra.edu/lunar/samples/atlas/detail/?mission=Apollo%2016&sample=60632,,0,no_relab_spectrum_for_parent_or_children
807,60633,60633,Apollo 16,rake,,,https://www.lpi.usra.edu/lunar/samples/atlas/detail/?mission=Apollo%2016&sample=60633,,0,no_relab_spectrum_for_parent_or_children
808,60634,60634,Apollo 16,rake,,,https://www.lpi.usra.edu/lunar/samples/atlas/detail/?mission=Apollo%2016&sample=60634,,0,no_relab_spectrum_for_parent_or_children
809,60635,60635,Apollo 16,rake,breccia,"igneous rock, basaltic texture.",https://www.lpi.usra.edu/lunar/samples/atlas/detail/?mission=Apollo%2016&sample=60635,,0,no_relab_spectrum_for_parent_or_children
810,60636,60636,Apollo 16,rake,breccia,"clast-rich impact melt, has one of the highest contents of trace elements in the Apollo 16 collection, and has been dated at 3.94 b.y.",https://www.lpi.usra.edu/lunar/samples/atlas/detail/?mission=Apollo%2016&sample=60636,,0,no_relab_spectrum_for_parent_or_children
811,60637,60637,Apollo 16,rake,breccia,"typical glass matrix regolith breccias, glass shards, lithic fragments and mineral fragments in a seriate grain size distribution",https://www.lpi.usra.edu/lunar/samples/atlas/detail/?mission=Apollo%2016&sample=60637,,0,no_relab_spectrum_for_parent_or_children
812,60638,60638,Apollo 16,rake,,,https://www.lpi.usra.edu/lunar/samples/atlas/detail/?mission=Apollo%2016&sample=60638,,0,no_relab_spectrum_for_parent_or_children
813,60639,60639,Apollo 16,rake,breccia,"fragmental polymict breccia with a low porosity. A wide variety of clasts is present, a mare basalt and a pristine anorthosite being of particular significance. One side of the subangular rock is covered with a smooth dark glass",https://www.lpi.usra.edu/lunar/samples/atlas/detail/?mission=Apollo%2016&sample=60639,,0,no_relab_spectrum_for_parent_or_children
814,60640,60640,Apollo 16,rake,,,https://www.lpi.usra.edu/lunar/samples/atlas/detail/?mission=Apollo%2016&sample=60640,,0,no_relab_spectrum_for_parent_or_children
815,60641,60641,Apollo 16,rake,,,https://www.lpi.usra.edu/lunar/samples/atlas/detail/?mission=Apollo%2016&sample=60641,,0,no_relab_spectrum_for_parent_or_children
816,60642,60642,Apollo 16,rake,,,https://www.lpi.usra.edu/lunar/samples/atlas/detail/?mission=Apollo%2016&sample=60642,,0,no_relab_spectrum_for_parent_or_children
817,60643,60643,Apollo 16,rake,,,https://www.lpi.usra.edu/lunar/samples/atlas/detail/?mission=Apollo%2016&sample=60643,,0,no_relab_spectrum_for_parent_or_children
818,60644,60644,Apollo 16,rake,,,https://www.lpi.usra.edu/lunar/samples/atlas/detail/?mission=Apollo%2016&sample=60644,,0,no_relab_spectrum_for_parent_or_children
819,60645,60645,Apollo 16,rake,impact melt breccia,vesicular fine-grained impact melt with an unusual coloration,https://www.lpi.usra.edu/lunar/samples/atlas/detail/?mission=Apollo%2016&sample=60645,,0,no_relab_spectrum_for_parent_or_children
820,60646,60646,Apollo 16,rake,,,https://www.lpi.usra.edu/lunar/samples/atlas/detail/?mission=Apollo%2016&sample=60646,,0,no_relab_spectrum_for_parent_or_children
821,60647,60647,Apollo 16,rake,,,https://www.lpi.usra.edu/lunar/samples/atlas/detail/?mission=Apollo%2016&sample=60647,,0,no_relab_spectrum_for_parent_or_children
822,60648,60648,Apollo 16,rake,,,https://www.lpi.usra.edu/lunar/samples/atlas/detail/?mission=Apollo%2016&sample=60648,,0,no_relab_spectrum_for_parent_or_children
823,60649,60649,Apollo 16,rake,,,https://www.lpi.usra.edu/lunar/samples/atlas/detail/?mission=Apollo%2016&sample=60649,,0,no_relab_spectrum_for_parent_or_children
824,60650,60650,Apollo 16,rake,,,https://www.lpi.usra.edu/lunar/samples/atlas/detail/?mission=Apollo%2016&sample=60650,,0,no_relab_spectrum_for_parent_or_children
825,60651,60651,Apollo 16,rake,,,https://www.lpi.usra.edu/lunar/samples/atlas/detail/?mission=Apollo%2016&sample=60651,,0,no_relab_spectrum_for_parent_or_children
826,60652,60652,Apollo 16,rake,,,https://www.lpi.usra.edu/lunar/samples/atlas/detail/?mission=Apollo%2016&sample=60652,,0,no_relab_spectrum_for_parent_or_children
827,60653,60653,Apollo 16,rake,,,https://www.lpi.usra.edu/lunar/samples/atlas/detail/?mission=Apollo%2016&sample=60653,,0,no_relab_spectrum_for_parent_or_children
828,60654,60654,Apollo 16,rake,,,https://www.lpi.usra.edu/lunar/samples/atlas/detail/?mission=Apollo%2016&sample=60654,,0,no_relab_spectrum_for_parent_or_children
829,60655,60655,Apollo 16,rake,,,https://www.lpi.usra.edu/lunar/samples/atlas/detail/?mission=Apollo%2016&sample=60655,,0,no_relab_spectrum_for_parent_or_children
830,60656,60656,Apollo 16,rake,,,https://www.lpi.usra.edu/lunar/samples/atlas/detail/?mission=Apollo%2016&sample=60656,,0,no_relab_spectrum_for_parent_or_children
831,60657,60657,Apollo 16,rake,,,https://www.lpi.usra.edu/lunar/samples/atlas/detail/?mission=Apollo%2016&sample=60657,,0,no_relab_spectrum_for_parent_or_children
832,60658,60658,Apollo 16,rake,,,https://www.lpi.usra.edu/lunar/samples/atlas/detail/?mission=Apollo%2016&sample=60658,,0,no_relab_spectrum_for_parent_or_children
833,60659,60659,Apollo 16,rake,breccia,"small polymict breccias, contains a number of feldspar-rich clasts in a coherent matrix",https://www.lpi.usra.edu/lunar/samples/atlas/detail/?mission=Apollo%2016&sample=60659,,0,no_relab_spectrum_for_parent_or_children
834,60660,60660,Apollo 16,rake,,,https://www.lpi.usra.edu/lunar/samples/atlas/detail/?mission=Apollo%2016&sample=60660,,0,no_relab_spectrum_for_parent_or_children
835,60661,60661,Apollo 16,rake,,,https://www.lpi.usra.edu/lunar/samples/atlas/detail/?mission=Apollo%2016&sample=60661,,0,no_relab_spectrum_for_parent_or_children
836,60662,60662,Apollo 16,rake,,,https://www.lpi.usra.edu/lunar/samples/atlas/detail/?mission=Apollo%2016&sample=60662,,0,no_relab_spectrum_for_parent_or_children
837,60663,60663,Apollo 16,rake,,,https://www.lpi.usra.edu/lunar/samples/atlas/detail/?mission=Apollo%2016&sample=60663,,0,no_relab_spectrum_for_parent_or_children
838,60664,60664,Apollo 16,rake,,,https://www.lpi.usra.edu/lunar/samples/atlas/detail/?mission=Apollo%2016&sample=60664,,0,no_relab_spectrum_for_parent_or_children
839,60665,60665,Apollo 16,rake,breccia,contains chalky white clasts loosely held by black vesicular glass; cataclastic anorthosite,https://www.lpi.usra.edu/lunar/samples/atlas/detail/?mission=Apollo%2016&sample=60665,,0,no_relab_spectrum_for_parent_or_children
840,60666,60666,Apollo 16,rake,glassy impact melt breccia,glass-coated impact-melt breccias,https://www.lpi.usra.edu/lunar/samples/atlas/detail/?mission=Apollo%2016&sample=60666,,0,no_relab_spectrum_for_parent_or_children
841,60667,60667,Apollo 16,rake,,,https://www.lpi.usra.edu/lunar/samples/atlas/detail/?mission=Apollo%2016&sample=60667,,0,no_relab_spectrum_for_parent_or_children
842,60668,60668,Apollo 16,rake,,,https://www.lpi.usra.edu/lunar/samples/atlas/detail/?mission=Apollo%2016&sample=60668,,0,no_relab_spectrum_for_parent_or_children
843,60669,60669,Apollo 16,rake,,,https://www.lpi.usra.edu/lunar/samples/atlas/detail/?mission=Apollo%2016&sample=60669,,0,no_relab_spectrum_for_parent_or_children
844,60670,60670,Apollo 16,rake,,,https://www.lpi.usra.edu/lunar/samples/atlas/detail/?mission=Apollo%2016&sample=60670,,0,no_relab_spectrum_for_parent_or_children
845,60671,60671,Apollo 16,rake,,,https://www.lpi.usra.edu/lunar/samples/atlas/detail/?mission=Apollo%2016&sample=60671,,0,no_relab_spectrum_for_parent_or_children
846,60672,60672,Apollo 16,rake,,,https://www.lpi.usra.edu/lunar/samples/atlas/detail/?mission=Apollo%2016&sample=60672,,0,no_relab_spectrum_for_parent_or_children
847,60673,60673,Apollo 16,rake,,,https://www.lpi.usra.edu/lunar/samples/atlas/detail/?mission=Apollo%2016&sample=60673,,0,no_relab_spectrum_for_parent_or_children
848,60674,60674,Apollo 16,rake,,,https://www.lpi.usra.edu/lunar/samples/atlas/detail/?mission=Apollo%2016&sample=60674,,0,no_relab_spectrum_for_parent_or_children
849,60675,60675,Apollo 16,rake,,,https://www.lpi.usra.edu/lunar/samples/atlas/detail/?mission=Apollo%2016&sample=60675,,0,no_relab_spectrum_for_parent_or_children
850,60676,60676,Apollo 16,rake,,,https://www.lpi.usra.edu/lunar/samples/atlas/detail/?mission=Apollo%2016&sample=60676,,0,no_relab_spectrum_for_parent_or_children
851,60677,60677,Apollo 16,rake,breccia,,https://www.lpi.usra.edu/lunar/samples/atlas/detail/?mission=Apollo%2016&sample=60677,,0,no_relab_spectrum_for_parent_or_children
852,60678,60678,Apollo 16,rake,,,https://www.lpi.usra.edu/lunar/samples/atlas/detail/?mission=Apollo%2016&sample=60678,,0,no_relab_spectrum_for_parent_or_children
853,60679,60679,Apollo 16,rake,,,https://www.lpi.usra.edu/lunar/samples/atlas/detail/?mission=Apollo%2016&sample=60679,,0,no_relab_spectrum_for_parent_or_children
854,61015,61015,Apollo 16,,breccia,coated with black glass on one side and is thought to be ejecta from South Ray Crater,https://www.lpi.usra.edu/lunar/samples/atlas/detail/?mission=Apollo%2016&sample=61015,,0,no_relab_spectrum_for_parent_or_children
855,61130,61130,Apollo 16,,,,https://www.lpi.usra.edu/lunar/samples/atlas/detail/?mission=Apollo%2016&sample=61130,,0,no_relab_spectrum_for_parent_or_children
856,61135,61135,Apollo 16,,regolith breccia,an ancient regolith breccia that became a closed system about 3.9 b.y. ago; and has a few zap pits,https://www.lpi.usra.edu/lunar/samples/atlas/detail/?mission=Apollo%2016&sample=61135,,0,no_relab_spectrum_for_parent_or_children
857,61140,61140,Apollo 16,,soil,,https://www.lpi.usra.edu/lunar/samples/atlas/detail/?mission=Apollo%2016&sample=61140,,0,no_relab_spectrum_for_parent_or_children
858,61142,61142,Apollo 16,,,,https://www.lpi.usra.edu/lunar/samples/atlas/detail/?mission=Apollo%2016&sample=61142,,0,no_relab_spectrum_for_parent_or_children
859,61143,61143,Apollo 16,,,,https://www.lpi.usra.edu/lunar/samples/atlas/detail/?mission=Apollo%2016&sample=61143,,0,no_relab_spectrum_for_parent_or_children
860,61144,61144,Apollo 16,,,,https://www.lpi.usra.edu/lunar/samples/atlas/detail/?mission=Apollo%2016&sample=61144,,0,no_relab_spectrum_for_parent_or_children
861,61150,61150,Apollo 16,,,,https://www.lpi.usra.edu/lunar/samples/atlas/detail/?mission=Apollo%2016&sample=61150,,0,no_relab_spectrum_for_parent_or_children
862,61155,61155,Apollo 16,rake,breccia,"clastrich ""glassy impact melt""; has abundant white clasts, thin glass veins and glassy mesostasis",https://www.lpi.usra.edu/lunar/samples/atlas/detail/?mission=Apollo%2016&sample=61155,,0,no_relab_spectrum_for_parent_or_children
863,61156,61156,Apollo 16,rock,impact melt breccia,"Tough, medium gray, poikilitic impact melt that has been thermally metamorphosed",https://www.lpi.usra.edu/lunar/samples/atlas/detail/?mission=Apollo%2016&sample=61156,,0,no_relab_spectrum_for_parent_or_children
864,61160,61160,Apollo 16,,soil,"This surface sample was collected 10 meters Northeast of the rim of Plum crater as part of a radial sample sequence (with 61180, 61500, and 61140). It was collected from a spot disturbed by a footprint. The site is level with fragments < 2 cm common and >2 cm sparse. A .75 m boulder is 2 meters north of the sample.",https://www.lpi.usra.edu/lunar/samples/atlas/detail/?mission=Apollo%2016&sample=61160,,0,no_relab_spectrum_for_parent_or_children
865,61162,61162,Apollo 16,,,,https://www.lpi.usra.edu/lunar/samples/atlas/detail/?mission=Apollo%2016&sample=61162,,0,no_relab_spectrum_for_parent_or_children
866,61163,61163,Apollo 16,,,,https://www.lpi.usra.edu/lunar/samples/atlas/detail/?mission=Apollo%2016&sample=61163,,0,no_relab_spectrum_for_parent_or_children
867,61164,61164,Apollo 16,,,,https://www.lpi.usra.edu/lunar/samples/atlas/detail/?mission=Apollo%2016&sample=61164,,0,no_relab_spectrum_for_parent_or_children
868,61170,61170,Apollo 16,,,,https://www.lpi.usra.edu/lunar/samples/atlas/detail/?mission=Apollo%2016&sample=61170,,0,no_relab_spectrum_for_parent_or_children
869,61175,61175,Apollo 16,rock,fragmental breccia,"contains a high percentage of glass, with some agglutinate. It also contains a small, but significant, mare component.",https://www.lpi.usra.edu/lunar/samples/atlas/detail/?mission=Apollo%2016&sample=61175,,0,no_relab_spectrum_for_parent_or_children
870,61180,61180,Apollo 16,,soil,"Innermost of a radial sample sequence with 61500, 61160, and 61140. The site is level until there is a break at Plum crater, fragments < 2 cm are common, >10 cm are sparse. Craters < 10 cm are dense and craters < 1 meter are common. Some of the larger craters are subdued and some are sharp.",https://www.lpi.usra.edu/lunar/samples/atlas/detail/?mission=Apollo%2016&sample=61180,,0,no_relab_spectrum_for_parent_or_children
871,61181,61181,Apollo 16,,,,https://www.lpi.usra.edu/lunar/samples/atlas/detail/?mission=Apollo%2016&sample=61181,,0,no_relab_spectrum_for_parent_or_children
872,61182,61182,Apollo 16,,,,https://www.lpi.usra.edu/lunar/samples/atlas/detail/?mission=Apollo%2016&sample=61182,,0,no_relab_spectrum_for_parent_or_children
873,61183,61183,Apollo 16,,,,https://www.lpi.usra.edu/lunar/samples/atlas/detail/?mission=Apollo%2016&sample=61183,,0,no_relab_spectrum_for_parent_or_children
874,61184,61184,Apollo 16,,,,https://www.lpi.usra.edu/lunar/samples/atlas/detail/?mission=Apollo%2016&sample=61184,,0,no_relab_spectrum_for_parent_or_children
875,61190,61190,Apollo 16,,,,https://www.lpi.usra.edu/lunar/samples/atlas/detail/?mission=Apollo%2016&sample=61190,,0,no_relab_spectrum_for_parent_or_children
876,61195,61195,Apollo 16,,breccia,"coherent, medium grey breccia with a glassy matrix and abundant clasts; zap pits are surrounded with wide spall zones",https://www.lpi.usra.edu/lunar/samples/atlas/detail/?mission=Apollo%2016&sample=61195,,0,no_relab_spectrum_for_parent_or_children
877,61220,61220,Apollo 16,rake,soil,"Soil color is listed as light olive gray but mission transcripts state, ""I just had a good scoopful, and I lost it. Let me dig out a little - another little trench. There she be. Coming up all white. That's all that's in there John.""",https://www.lpi.usra.edu/lunar/samples/atlas/detail/?mission=Apollo%2016&sample=61220,,0,no_relab_spectrum_for_parent_or_children
878,61222,61222,Apollo 16,,,,https://www.lpi.usra.edu/lunar/samples/atlas/detail/?mission=Apollo%2016&sample=61222,,0,no_relab_spectrum_for_parent_or_children
879,61223,61223,Apollo 16,,,,https://www.lpi.usra.edu/lunar/samples/atlas/detail/?mission=Apollo%2016&sample=61223,,0,no_relab_spectrum_for_parent_or_children
880,61224,61224,Apollo 16,rake,basalt,contained several white and off-white particles as well as 3 peppered black and white rock fragments that appeared to fit together as one,https://www.lpi.usra.edu/lunar/samples/atlas/detail/?mission=Apollo%2016&sample=61224,,0,no_relab_spectrum_for_parent_or_children
881,61225,61225,Apollo 16,,impact melt breccia,small chip of white material covered with chalky-white dust on most sides,https://www.lpi.usra.edu/lunar/samples/atlas/detail/?mission=Apollo%2016&sample=61225,,0,no_relab_spectrum_for_parent_or_children
882,61226,61226,Apollo 16,,,,https://www.lpi.usra.edu/lunar/samples/atlas/detail/?mission=Apollo%2016&sample=61226,,0,no_relab_spectrum_for_parent_or_children
883,61240,61240,Apollo 16,,soil,"Soil color is listed as light olive gray but mission transcripts state, ""I just had a good scoopful, and I lost it. Let me dig out a little - another little trench. There she be. Coming up all white. That's all that's in there John.""",https://www.lpi.usra.edu/lunar/samples/atlas/detail/?mission=Apollo%2016&sample=61240,,0,no_relab_spectrum_for_parent_or_children
884,61242,61242,Apollo 16,,,,https://www.lpi.usra.edu/lunar/samples/atlas/detail/?mission=Apollo%2016&sample=61242,,0,no_relab_spectrum_for_parent_or_children
885,61243,61243,Apollo 16,,,,https://www.lpi.usra.edu/lunar/samples/atlas/detail/?mission=Apollo%2016&sample=61243,,0,no_relab_spectrum_for_parent_or_children
886,61244,61244,Apollo 16,,,,https://www.lpi.usra.edu/lunar/samples/atlas/detail/?mission=Apollo%2016&sample=61244,,0,no_relab_spectrum_for_parent_or_children
887,61245,61245,Apollo 16,,,,https://www.lpi.usra.edu/lunar/samples/atlas/detail/?mission=Apollo%2016&sample=61245,,0,no_relab_spectrum_for_parent_or_children
888,61246,61246,Apollo 16,,,,https://www.lpi.usra.edu/lunar/samples/atlas/detail/?mission=Apollo%2016&sample=61246,,0,no_relab_spectrum_for_parent_or_children
889,61247,61247,Apollo 16,,,,https://www.lpi.usra.edu/lunar/samples/atlas/detail/?mission=Apollo%2016&sample=61247,,0,no_relab_spectrum_for_parent_or_children
890,61248,61248,Apollo 16,,,,https://www.lpi.usra.edu/lunar/samples/atlas/detail/?mission=Apollo%2016&sample=61248,,0,no_relab_spectrum_for_parent_or_children
891,61249,61249,Apollo 16,,,,https://www.lpi.usra.edu/lunar/samples/atlas/detail/?mission=Apollo%2016&sample=61249,,0,no_relab_spectrum_for_parent_or_children
892,61255,61255,Apollo 16,,,,https://www.lpi.usra.edu/lunar/samples/atlas/detail/?mission=Apollo%2016&sample=61255,,0,no_relab_spectrum_for_parent_or_children
893,61280,61280,Apollo 16,,,,https://www.lpi.usra.edu/lunar/samples/atlas/detail/?mission=Apollo%2016&sample=61280,,0,no_relab_spectrum_for_parent_or_children
894,61281,61281,Apollo 16,,,,https://www.lpi.usra.edu/lunar/samples/atlas/detail/?mission=Apollo%2016&sample=61281,,0,no_relab_spectrum_for_parent_or_children
895,61282,61282,Apollo 16,,,,https://www.lpi.usra.edu/lunar/samples/atlas/detail/?mission=Apollo%2016&sample=61282,,0,no_relab_spectrum_for_parent_or_children
896,61283,61283,Apollo 16,,,,https://www.lpi.usra.edu/lunar/samples/atlas/detail/?mission=Apollo%2016&sample=61283,,0,no_relab_spectrum_for_parent_or_children
897,61284,61284,Apollo 16,,,,https://www.lpi.usra.edu/lunar/samples/atlas/detail/?mission=Apollo%2016&sample=61284,,0,no_relab_spectrum_for_parent_or_children
898,61290,61290,Apollo 16,,,,https://www.lpi.usra.edu/lunar/samples/atlas/detail/?mission=Apollo%2016&sample=61290,,0,no_relab_spectrum_for_parent_or_children
899,61295,61295,Apollo 16,,breccia,friable light matrix breccia with both light and dark clasts; rounded and has many zap pits,https://www.lpi.usra.edu/lunar/samples/atlas/detail/?mission=Apollo%2016&sample=61295,,0,no_relab_spectrum_for_parent_or_children
900,61500,61500,Apollo 16,rake,soil,"This is part of a radial sample sequence with 61180, 61160, and 61140. The site is level with fragments 1-10 cm sparse and none larger in the area. Craters < 3 m are common; most are subdued but one has a sharp rim.",https://www.lpi.usra.edu/lunar/samples/atlas/detail/?mission=Apollo%2016&sample=61500,,0,no_relab_spectrum_for_parent_or_children
901,61502,61502,Apollo 16,,,,https://www.lpi.usra.edu/lunar/samples/atlas/detail/?mission=Apollo%2016&sample=61502,,0,no_relab_spectrum_for_parent_or_children
902,61503,61503,Apollo 16,,,,https://www.lpi.usra.edu/lunar/samples/atlas/detail/?mission=Apollo%2016&sample=61503,,0,no_relab_spectrum_for_parent_or_children
903,61504,61504,Apollo 16,,,,https://www.lpi.usra.edu/lunar/samples/atlas/detail/?mission=Apollo%2016&sample=61504,,0,no_relab_spectrum_for_parent_or_children
904,61505,61505,Apollo 16,,,,https://www.lpi.usra.edu/lunar/samples/atlas/detail/?mission=Apollo%2016&sample=61505,,0,no_relab_spectrum_for_parent_or_children
905,61510,61510,Apollo 16,rake,,"This is part of a radial sample sequence with 61180, 61160, and 61140. The site is level with fragments 1-10 cm sparse and none larger in the area. Craters < 3 m are common; most are subdued but one has a sharp rim.",https://www.lpi.usra.edu/lunar/samples/atlas/detail/?mission=Apollo%2016&sample=61510,,0,no_relab_spectrum_for_parent_or_children
906,61515,61515,Apollo 16,rake,breccia,"friable, clastic, seriate and ""very light-grey""",https://www.lpi.usra.edu/lunar/samples/atlas/detail/?mission=Apollo%2016&sample=61515,,0,no_relab_spectrum_for_parent_or_children
907,61516,61516,Apollo 16,rake,breccia,"friable, clastic, seriate and ""very light-grey""",https://www.lpi.usra.edu/lunar/samples/atlas/detail/?mission=Apollo%2016&sample=61516,,0,no_relab_spectrum_for_parent_or_children
908,61517,61517,Apollo 16,rake,breccia,"friable, clastic, seriate and ""very light-grey""",https://www.lpi.usra.edu/lunar/samples/atlas/detail/?mission=Apollo%2016&sample=61517,,0,no_relab_spectrum_for_parent_or_children
909,61518,61518,Apollo 16,rake,breccia,"friable, clastic, seriate and ""very light-grey""",https://www.lpi.usra.edu/lunar/samples/atlas/detail/?mission=Apollo%2016&sample=61518,,0,no_relab_spectrum_for_parent_or_children
910,61519,61519,Apollo 16,rake,breccia,"friable, clastic, seriate and ""very light-grey""",https://www.lpi.usra.edu/lunar/samples/atlas/detail/?mission=Apollo%2016&sample=61519,,0,no_relab_spectrum_for_parent_or_children
911,61525,61525,Apollo 16,,breccia,,https://www.lpi.usra.edu/lunar/samples/atlas/detail/?mission=Apollo%2016&sample=61525,,0,no_relab_spectrum_for_parent_or_children
912,61526,61526,Apollo 16,rake,breccia,As sorted and described by Phinney et al. (1973) they may all be the same material. Only 61525 has been studied.,https://www.lpi.usra.edu/lunar/samples/atlas/detail/?mission=Apollo%2016&sample=61526,,0,no_relab_spectrum_for_parent_or_children
913,61527,61527,Apollo 16,rake,breccia,As sorted and described by Phinney et al. (1973) they may all be the same material. Only 61525 has been studied.,https://www.lpi.usra.edu/lunar/samples/atlas/detail/?mission=Apollo%2016&sample=61527,,0,no_relab_spectrum_for_parent_or_children
914,61528,61528,Apollo 16,rake,breccia,As sorted and described by Phinney et al. (1973) they may all be the same material. Only 61525 has been studied.,https://www.lpi.usra.edu/lunar/samples/atlas/detail/?mission=Apollo%2016&sample=61528,,0,no_relab_spectrum_for_parent_or_children
915,61529,61529,Apollo 16,rake,breccia,As sorted and described by Phinney et al. (1973) they may all be the same material. Only 61525 has been studied.,https://www.lpi.usra.edu/lunar/samples/atlas/detail/?mission=Apollo%2016&sample=61529,,0,no_relab_spectrum_for_parent_or_children
916,61535,61535,Apollo 16,rake,basalt,,https://www.lpi.usra.edu/lunar/samples/atlas/detail/?mission=Apollo%2016&sample=61535,,0,no_relab_spectrum_for_parent_or_children
917,61536,61536,Apollo 16,rake,breccia,"contains a large white clast held within a glass matrix, and has a thin glass coating on surface",https://www.lpi.usra.edu/lunar/samples/atlas/detail/?mission=Apollo%2016&sample=61536,,0,no_relab_spectrum_for_parent_or_children
918,61537,61537,Apollo 16,rake,breccia,,https://www.lpi.usra.edu/lunar/samples/atlas/detail/?mission=Apollo%2016&sample=61537,,0,no_relab_spectrum_for_parent_or_children
919,61538,61538,Apollo 16,rake,breccia,,https://www.lpi.usra.edu/lunar/samples/atlas/detail/?mission=Apollo%2016&sample=61538,,0,no_relab_spectrum_for_parent_or_children
920,61539,61539,Apollo 16,rake,breccia,,https://www.lpi.usra.edu/lunar/samples/atlas/detail/?mission=Apollo%2016&sample=61539,,0,no_relab_spectrum_for_parent_or_children
921,61545,61545,Apollo 16,rake,breccia,,https://www.lpi.usra.edu/lunar/samples/atlas/detail/?mission=Apollo%2016&sample=61545,,0,no_relab_spectrum_for_parent_or_children
922,61546,61546,Apollo 16,rake,breccia,vesicular chunk of glass with numerous small white clast and micrometeorite craters on one side only.,https://www.lpi.usra.edu/lunar/samples/atlas/detail/?mission=Apollo%2016&sample=61546,,0,no_relab_spectrum_for_parent_or_children
923,61547,61547,Apollo 16,rake,breccia,devitrified glass containing small clasts of plagioclase and feldspathic impact melt breccia,https://www.lpi.usra.edu/lunar/samples/atlas/detail/?mission=Apollo%2016&sample=61547,,0,no_relab_spectrum_for_parent_or_children
924,61548,61548,Apollo 16,rake,breccia,devitrified glass containing small clasts of plagioclase and feldspathic impact melt breccia,https://www.lpi.usra.edu/lunar/samples/atlas/detail/?mission=Apollo%2016&sample=61548,,0,no_relab_spectrum_for_parent_or_children
925,61549,61549,Apollo 16,rake,breccia,coherent dense impact melt with microlites of mafic minerals in aphanitic matrix,https://www.lpi.usra.edu/lunar/samples/atlas/detail/?mission=Apollo%2016&sample=61549,,0,no_relab_spectrum_for_parent_or_children
926,61555,61555,Apollo 16,rake,breccia,,https://www.lpi.usra.edu/lunar/samples/atlas/detail/?mission=Apollo%2016&sample=61555,,0,no_relab_spectrum_for_parent_or_children
927,61556,61556,Apollo 16,rake,breccia,,https://www.lpi.usra.edu/lunar/samples/atlas/detail/?mission=Apollo%2016&sample=61556,,0,no_relab_spectrum_for_parent_or_children
928,61557,61557,Apollo 16,rake,breccia,,https://www.lpi.usra.edu/lunar/samples/atlas/detail/?mission=Apollo%2016&sample=61557,,0,no_relab_spectrum_for_parent_or_children
929,61558,61558,Apollo 16,rake,breccia,,https://www.lpi.usra.edu/lunar/samples/atlas/detail/?mission=Apollo%2016&sample=61558,,0,no_relab_spectrum_for_parent_or_children
930,61559,61559,Apollo 16,rake,breccia,,https://www.lpi.usra.edu/lunar/samples/atlas/detail/?mission=Apollo%2016&sample=61559,,0,no_relab_spectrum_for_parent_or_children
931,61565,61565,Apollo 16,rake,breccia,,https://www.lpi.usra.edu/lunar/samples/atlas/detail/?mission=Apollo%2016&sample=61565,,0,no_relab_spectrum_for_parent_or_children
932,61566,61566,Apollo 16,rake,breccia,,https://www.lpi.usra.edu/lunar/samples/atlas/detail/?mission=Apollo%2016&sample=61566,,0,no_relab_spectrum_for_parent_or_children
933,61567,61567,Apollo 16,rake,breccia,,https://www.lpi.usra.edu/lunar/samples/atlas/detail/?mission=Apollo%2016&sample=61567,,0,no_relab_spectrum_for_parent_or_children
934,61568,61568,Apollo 16,rake,impact melt breccia,"has two distinct textures (basalt and poikilitic), separated by a sharp boundary",https://www.lpi.usra.edu/lunar/samples/atlas/detail/?mission=Apollo%2016&sample=61568,,0,no_relab_spectrum_for_parent_or_children
935,61569,61569,Apollo 16,rake,impact melt breccia,"coherent impact melt breccia; appears to be different from most pokilitic melt rocks at Apollo 16 because the dominant oikocryst is olivine, rather than pyroxene",https://www.lpi.usra.edu/lunar/samples/atlas/detail/?mission=Apollo%2016&sample=61569,,0,no_relab_spectrum_for_parent_or_children
936,61575,61575,Apollo 16,rake,breccia,,https://www.lpi.usra.edu/lunar/samples/atlas/detail/?mission=Apollo%2016&sample=61575,,0,no_relab_spectrum_for_parent_or_children
937,61576,61576,Apollo 16,rake,breccia,,https://www.lpi.usra.edu/lunar/samples/atlas/detail/?mission=Apollo%2016&sample=61576,,0,no_relab_spectrum_for_parent_or_children
938,61577,61577,Apollo 16,rake,breccia,,https://www.lpi.usra.edu/lunar/samples/atlas/detail/?mission=Apollo%2016&sample=61577,,0,no_relab_spectrum_for_parent_or_children
939,62230,62230,Apollo 16,,,,https://www.lpi.usra.edu/lunar/samples/atlas/detail/?mission=Apollo%2016&sample=62230,,0,no_relab_spectrum_for_parent_or_children
940,62232,62232,Apollo 16,,,,https://www.lpi.usra.edu/lunar/samples/atlas/detail/?mission=Apollo%2016&sample=62232,,0,no_relab_spectrum_for_parent_or_children
941,62233,62233,Apollo 16,,,,https://www.lpi.usra.edu/lunar/samples/atlas/detail/?mission=Apollo%2016&sample=62233,,0,no_relab_spectrum_for_parent_or_children
942,62234,62234,Apollo 16,rake,,,https://www.lpi.usra.edu/lunar/samples/atlas/detail/?mission=Apollo%2016&sample=62234,,0,no_relab_spectrum_for_parent_or_children
943,62235,62235,Apollo 16,rake,breccia,"apparently homogeneous, coherent, hollocrystaline impact melt rock with classic poikilitic texture highly enriched in trace elements and siderophile elements and has been dated at 3.88 b.y., with an exposure history of 153 m.y.",https://www.lpi.usra.edu/lunar/samples/atlas/detail/?mission=Apollo%2016&sample=62235,,0,no_relab_spectrum_for_parent_or_children
944,62236,62236,Apollo 16,rake,soil,found to be a slowly-cooled plutonic rock (Takeda et al. 1979) with an age of ~4.3 b.y. (Borg et al. 1999).,https://www.lpi.usra.edu/lunar/samples/atlas/detail/?mission=Apollo%2016&sample=62236,,0,no_relab_spectrum_for_parent_or_children
945,62237,62237,Apollo 16,rock,anorthite,chalky white rock,https://www.lpi.usra.edu/lunar/samples/atlas/detail/?mission=Apollo%2016&sample=62237,,0,no_relab_spectrum_for_parent_or_children
946,62238,62238,Apollo 16,,,,https://www.lpi.usra.edu/lunar/samples/atlas/detail/?mission=Apollo%2016&sample=62238,,0,no_relab_spectrum_for_parent_or_children
947,62240,62240,Apollo 16,rake,,,https://www.lpi.usra.edu/lunar/samples/atlas/detail/?mission=Apollo%2016&sample=62240,,0,no_relab_spectrum_for_parent_or_children
948,62242,62242,Apollo 16,,,,https://www.lpi.usra.edu/lunar/samples/atlas/detail/?mission=Apollo%2016&sample=62242,,0,no_relab_spectrum_for_parent_or_children
949,62243,62243,Apollo 16,,,,https://www.lpi.usra.edu/lunar/samples/atlas/detail/?mission=Apollo%2016&sample=62243,,0,no_relab_spectrum_for_parent_or_children
950,62244,62244,Apollo 16,rake,breccia,,https://www.lpi.usra.edu/lunar/samples/atlas/detail/?mission=Apollo%2016&sample=62244,,0,no_relab_spectrum_for_parent_or_children
951,62245,62245,Apollo 16,,,,https://www.lpi.usra.edu/lunar/samples/atlas/detail/?mission=Apollo%2016&sample=62245,,0,no_relab_spectrum_for_parent_or_children
952,62246,62246,Apollo 16,,,,https://www.lpi.usra.edu/lunar/samples/atlas/detail/?mission=Apollo%2016&sample=62246,,0,no_relab_spectrum_for_parent_or_children
953,62247,62247,Apollo 16,,,,https://www.lpi.usra.edu/lunar/samples/atlas/detail/?mission=Apollo%2016&sample=62247,,0,no_relab_spectrum_for_parent_or_children
954,62248,62248,Apollo 16,,,,https://www.lpi.usra.edu/lunar/samples/atlas/detail/?mission=Apollo%2016&sample=62248,,0,no_relab_spectrum_for_parent_or_children
955,62249,62249,Apollo 16,,,,https://www.lpi.usra.edu/lunar/samples/atlas/detail/?mission=Apollo%2016&sample=62249,,0,no_relab_spectrum_for_parent_or_children
956,62250,62250,Apollo 16,,,,https://www.lpi.usra.edu/lunar/samples/atlas/detail/?mission=Apollo%2016&sample=62250,,0,no_relab_spectrum_for_parent_or_children
957,62255,62255,Apollo 16,rock,breccia,has been crushed and granulated by shock and is penetrated with patches and veins of mafic melt,https://www.lpi.usra.edu/lunar/samples/atlas/detail/?mission=Apollo%2016&sample=62255,,0,no_relab_spectrum_for_parent_or_children
958,62270,62270,Apollo 16,,,,https://www.lpi.usra.edu/lunar/samples/atlas/detail/?mission=Apollo%2016&sample=62270,,0,no_relab_spectrum_for_parent_or_children
959,62275,62275,Apollo 16,,anorthite,"very friable, chalky white rock that broke up into powder during handling in curatorial labs and has not been adequately studied.",https://www.lpi.usra.edu/lunar/samples/atlas/detail/?mission=Apollo%2016&sample=62275,,0,no_relab_spectrum_for_parent_or_children
960,62280,62280,Apollo 16,,soil,"The sample area is on the south slope of Buster crater, fragments are mostly 5 cm or less, and craters are mostly 5-10 cm. There was a light colored material on the surface of the soil, but none of this high albedo material was found below the surface.",https://www.lpi.usra.edu/lunar/samples/atlas/detail/?mission=Apollo%2016&sample=62280,,0,no_relab_spectrum_for_parent_or_children
961,62282,62282,Apollo 16,,,,https://www.lpi.usra.edu/lunar/samples/atlas/detail/?mission=Apollo%2016&sample=62282,,0,no_relab_spectrum_for_parent_or_children
962,62283,62283,Apollo 16,,,,https://www.lpi.usra.edu/lunar/samples/atlas/detail/?mission=Apollo%2016&sample=62283,,0,no_relab_spectrum_for_parent_or_children
963,62284,62284,Apollo 16,rake,breccia,,https://www.lpi.usra.edu/lunar/samples/atlas/detail/?mission=Apollo%2016&sample=62284,,0,no_relab_spectrum_for_parent_or_children
964,62285,62285,Apollo 16,,,,https://www.lpi.usra.edu/lunar/samples/atlas/detail/?mission=Apollo%2016&sample=62285,,0,no_relab_spectrum_for_parent_or_children
965,62286,62286,Apollo 16,,,,https://www.lpi.usra.edu/lunar/samples/atlas/detail/?mission=Apollo%2016&sample=62286,,0,no_relab_spectrum_for_parent_or_children
966,62287,62287,Apollo 16,,,,https://www.lpi.usra.edu/lunar/samples/atlas/detail/?mission=Apollo%2016&sample=62287,,0,no_relab_spectrum_for_parent_or_children
967,62288,62288,Apollo 16,,,,https://www.lpi.usra.edu/lunar/samples/atlas/detail/?mission=Apollo%2016&sample=62288,,0,no_relab_spectrum_for_parent_or_children
968,62289,62289,Apollo 16,,,,https://www.lpi.usra.edu/lunar/samples/atlas/detail/?mission=Apollo%2016&sample=62289,,0,no_relab_spectrum_for_parent_or_children
969,62290,62290,Apollo 16,,soil,is the residue from the bag that was used to return rock sample 62295 and may or may not be a proper soil sample,https://www.lpi.usra.edu/lunar/samples/atlas/detail/?mission=Apollo%2016&sample=62290,,0,no_relab_spectrum_for_parent_or_children
970,62295,62295,Apollo 16,rake,impact melt breccia,blocky coherent impact melt rock with numerous micrometeorite pits on one side and none on the other,https://www.lpi.usra.edu/lunar/samples/atlas/detail/?mission=Apollo%2016&sample=62295,,0,no_relab_spectrum_for_parent_or_children
971,62305,62305,Apollo 16,,,,https://www.lpi.usra.edu/lunar/samples/atlas/detail/?mission=Apollo%2016&sample=62305,,0,no_relab_spectrum_for_parent_or_children
972,62315,62315,Apollo 16,,,,https://www.lpi.usra.edu/lunar/samples/atlas/detail/?mission=Apollo%2016&sample=62315,,0,no_relab_spectrum_for_parent_or_children
973,62566,62566,Apollo 16,rake,,,https://www.lpi.usra.edu/lunar/samples/atlas/detail/?mission=Apollo%2016&sample=62566,,0,no_relab_spectrum_for_parent_or_children
974,62567,62567,Apollo 16,rake,,,https://www.lpi.usra.edu/lunar/samples/atlas/detail/?mission=Apollo%2016&sample=62567,,0,no_relab_spectrum_for_parent_or_children
975,63235,63235,Apollo 16,,,,https://www.lpi.usra.edu/lunar/samples/atlas/detail/?mission=Apollo%2016&sample=63235,,0,no_relab_spectrum_for_parent_or_children
976,63320,63320,Apollo 16,,soil,"63320 is probably the fine grained ejecta from North Ray crater. If Shadow Rock was ejected from North Ray crater, these samples have been virtually undisturbed since the North Ray event.",https://www.lpi.usra.edu/lunar/samples/atlas/detail/?mission=Apollo%2016&sample=63320,,0,no_relab_spectrum_for_parent_or_children
977,63321,63321,Apollo 16,,soil,,https://www.lpi.usra.edu/lunar/samples/atlas/detail/?mission=Apollo%2016&sample=63321,,0,no_relab_spectrum_for_parent_or_children
978,63322,63322,Apollo 16,,soil,,https://www.lpi.usra.edu/lunar/samples/atlas/detail/?mission=Apollo%2016&sample=63322,,0,no_relab_spectrum_for_parent_or_children
979,63323,63323,Apollo 16,,soil,,https://www.lpi.usra.edu/lunar/samples/atlas/detail/?mission=Apollo%2016&sample=63323,,0,no_relab_spectrum_for_parent_or_children
980,63324,63324,Apollo 16,rake,soil,,https://www.lpi.usra.edu/lunar/samples/atlas/detail/?mission=Apollo%2016&sample=63324,,0,no_relab_spectrum_for_parent_or_children
981,63335,63335,Apollo 16,rake,impact melt breccia,"dark grey microbreccia, cut by a light vein of devitrified glass",https://www.lpi.usra.edu/lunar/samples/atlas/detail/?mission=Apollo%2016&sample=63335,,0,no_relab_spectrum_for_parent_or_children
982,63340,63340,Apollo 16,,soil,,https://www.lpi.usra.edu/lunar/samples/atlas/detail/?mission=Apollo%2016&sample=63340,,0,no_relab_spectrum_for_parent_or_children
983,63342,63342,Apollo 16,,soil,,https://www.lpi.usra.edu/lunar/samples/atlas/detail/?mission=Apollo%2016&sample=63342,,0,no_relab_spectrum_for_parent_or_children
984,63343,63343,Apollo 16,,soil,,https://www.lpi.usra.edu/lunar/samples/atlas/detail/?mission=Apollo%2016&sample=63343,,0,no_relab_spectrum_for_parent_or_children
985,63344,63344,Apollo 16,rake,soil,,https://www.lpi.usra.edu/lunar/samples/atlas/detail/?mission=Apollo%2016&sample=63344,,0,no_relab_spectrum_for_parent_or_children
986,63355,63355,Apollo 16,rake,breccia,Pieces of 63355 have patina and micrometeorite craters,https://www.lpi.usra.edu/lunar/samples/atlas/detail/?mission=Apollo%2016&sample=63355,,0,no_relab_spectrum_for_parent_or_children
987,63500,63500,Apollo 16,rake,soil,"area contains small rocks (2-10 cm) which cover 5% of the surface, fines are less compacted than soil at North Ray crater. Random 1-2 meter fresh to subdued craters are found in the local area. No crater is recognizable in the immediate sample area.",https://www.lpi.usra.edu/lunar/samples/atlas/detail/?mission=Apollo%2016&sample=63500,,0,no_relab_spectrum_for_parent_or_children
988,63502,63502,Apollo 16,,,,https://www.lpi.usra.edu/lunar/samples/atlas/detail/?mission=Apollo%2016&sample=63502,,0,no_relab_spectrum_for_parent_or_children
989,63503,63503,Apollo 16,,,,https://www.lpi.usra.edu/lunar/samples/atlas/detail/?mission=Apollo%2016&sample=63503,,0,no_relab_spectrum_for_parent_or_children
990,63504,63504,Apollo 16,rake,,,https://www.lpi.usra.edu/lunar/samples/atlas/detail/?mission=Apollo%2016&sample=63504,,0,no_relab_spectrum_for_parent_or_children
991,63505,63505,Apollo 16,rake,,,https://www.lpi.usra.edu/lunar/samples/atlas/detail/?mission=Apollo%2016&sample=63505,,0,no_relab_spectrum_for_parent_or_children
992,63506,63506,Apollo 16,rake,breccia,round particle is coherent and appears to be mostly plagioclase,https://www.lpi.usra.edu/lunar/samples/atlas/detail/?mission=Apollo%2016&sample=63506,,0,no_relab_spectrum_for_parent_or_children
993,63507,63507,Apollo 16,rake,regolith breccia,friable breccias with a light brown color and is partially coated with black glass,https://www.lpi.usra.edu/lunar/samples/atlas/detail/?mission=Apollo%2016&sample=63507,,0,no_relab_spectrum_for_parent_or_children
994,63508,63508,Apollo 16,rake,breccia,,https://www.lpi.usra.edu/lunar/samples/atlas/detail/?mission=Apollo%2016&sample=63508,,0,no_relab_spectrum_for_parent_or_children
995,63509,63509,Apollo 16,rake,breccia,,https://www.lpi.usra.edu/lunar/samples/atlas/detail/?mission=Apollo%2016&sample=63509,,0,no_relab_spectrum_for_parent_or_children
996,63515,63515,Apollo 16,rake,breccia,,https://www.lpi.usra.edu/lunar/samples/atlas/detail/?mission=Apollo%2016&sample=63515,,0,no_relab_spectrum_for_parent_or_children
997,63520,63520,Apollo 16,rake,,,https://www.lpi.usra.edu/lunar/samples/atlas/detail/?mission=Apollo%2016&sample=63520,,0,no_relab_spectrum_for_parent_or_children
998,63521,63521,Apollo 16,rake,,,https://www.lpi.usra.edu/lunar/samples/atlas/detail/?mission=Apollo%2016&sample=63521,,0,no_relab_spectrum_for_parent_or_children
999,63522,63522,Apollo 16,rake,,,https://www.lpi.usra.edu/lunar/samples/atlas/detail/?mission=Apollo%2016&sample=63522,,0,no_relab_spectrum_for_parent_or_children
1000,63523,63523,Apollo 16,rake,,,https://www.lpi.usra.edu/lunar/samples/atlas/detail/?mission=Apollo%2016&sample=63523,,0,no_relab_spectrum_for_parent_or_children
1001,63524,63524,Apollo 16,rake,,,https://www.lpi.usra.edu/lunar/samples/atlas/detail/?mission=Apollo%2016&sample=63524,,0,no_relab_spectrum_for_parent_or_children
1002,63525,63525,Apollo 16,rake,breccia,"Phinney et al. (1976) describe these samples together as ""tough crystalline breccia"".",https://www.lpi.usra.edu/lunar/samples/atlas/detail/?mission=Apollo%2016&sample=63525,,0,no_relab_spectrum_for_parent_or_children
1003,63526,63526,Apollo 16,rake,breccia,"Phinney et al. (1976) describe these samples together as ""tough crystalline breccia"".",https://www.lpi.usra.edu/lunar/samples/atlas/detail/?mission=Apollo%2016&sample=63526,,0,no_relab_spectrum_for_parent_or_children
1004,63527,63527,Apollo 16,rake,,,https://www.lpi.usra.edu/lunar/samples/atlas/detail/?mission=Apollo%2016&sample=63527,,0,no_relab_spectrum_for_parent_or_children
1005,63528,63528,Apollo 16,rake,breccia,"Phinney et al. (1976) describe these samples together as ""tough crystalline breccia"".",https://www.lpi.usra.edu/lunar/samples/atlas/detail/?mission=Apollo%2016&sample=63528,,0,no_relab_spectrum_for_parent_or_children
1006,63529,63529,Apollo 16,rake,breccia,"dark, homogeneous, coherent finegrained impact melt breccias",https://www.lpi.usra.edu/lunar/samples/atlas/detail/?mission=Apollo%2016&sample=63529,,0,no_relab_spectrum_for_parent_or_children
1007,63530,63530,Apollo 16,rake,,,https://www.lpi.usra.edu/lunar/samples/atlas/detail/?mission=Apollo%2016&sample=63530,,0,no_relab_spectrum_for_parent_or_children
1008,63531,63531,Apollo 16,rake,,,https://www.lpi.usra.edu/lunar/samples/atlas/detail/?mission=Apollo%2016&sample=63531,,0,no_relab_spectrum_for_parent_or_children
1009,63532,63532,Apollo 16,rake,,,https://www.lpi.usra.edu/lunar/samples/atlas/detail/?mission=Apollo%2016&sample=63532,,0,no_relab_spectrum_for_parent_or_children
1010,63533,63533,Apollo 16,rake,,,https://www.lpi.usra.edu/lunar/samples/atlas/detail/?mission=Apollo%2016&sample=63533,,0,no_relab_spectrum_for_parent_or_children
1011,63534,63534,Apollo 16,rake,,,https://www.lpi.usra.edu/lunar/samples/atlas/detail/?mission=Apollo%2016&sample=63534,,0,no_relab_spectrum_for_parent_or_children
1012,63535,63535,Apollo 16,rake,breccia,small fragments of Impact Melt Rock - some with finegrained basaltic texture; there are numerous small relic clasts that are incorporated in the matrix,https://www.lpi.usra.edu/lunar/samples/atlas/detail/?mission=Apollo%2016&sample=63535,,0,no_relab_spectrum_for_parent_or_children
1013,63536,63536,Apollo 16,rake,breccia,small fragments of Impact Melt Rock - some with finegrained basaltic texture; there are numerous small relic clasts that are incorporated in the matrix,https://www.lpi.usra.edu/lunar/samples/atlas/detail/?mission=Apollo%2016&sample=63536,,0,no_relab_spectrum_for_parent_or_children
1014,63537,63537,Apollo 16,rake,breccia,small fragments of Impact Melt Rock - some with finegrained basaltic texture; there are numerous small relic clasts that are incorporated in the matrix,https://www.lpi.usra.edu/lunar/samples/atlas/detail/?mission=Apollo%2016&sample=63537,,0,no_relab_spectrum_for_parent_or_children
1015,63538,63538,Apollo 16,rake,breccia,glass-matrix breccia with abundant small clasts,https://www.lpi.usra.edu/lunar/samples/atlas/detail/?mission=Apollo%2016&sample=63538,,0,no_relab_spectrum_for_parent_or_children
1016,63539,63539,Apollo 16,rake,breccia,"Rake Sample 63548 contains 63539 and 63586 are fragments of fine-grained, coherent impact melt",https://www.lpi.usra.edu/lunar/samples/atlas/detail/?mission=Apollo%2016&sample=63539,,0,no_relab_spectrum_for_parent_or_children
1017,63540,63540,Apollo 16,rake,,,https://www.lpi.usra.edu/lunar/samples/atlas/detail/?mission=Apollo%2016&sample=63540,,0,no_relab_spectrum_for_parent_or_children
1018,63541,63541,Apollo 16,rake,,,https://www.lpi.usra.edu/lunar/samples/atlas/detail/?mission=Apollo%2016&sample=63541,,0,no_relab_spectrum_for_parent_or_children
1019,63542,63542,Apollo 16,rake,,,https://www.lpi.usra.edu/lunar/samples/atlas/detail/?mission=Apollo%2016&sample=63542,,0,no_relab_spectrum_for_parent_or_children
1020,63543,63543,Apollo 16,rake,,,https://www.lpi.usra.edu/lunar/samples/atlas/detail/?mission=Apollo%2016&sample=63543,,0,no_relab_spectrum_for_parent_or_children
1021,63544,63544,Apollo 16,rake,,,https://www.lpi.usra.edu/lunar/samples/atlas/detail/?mission=Apollo%2016&sample=63544,,0,no_relab_spectrum_for_parent_or_children
1022,63545,63545,Apollo 16,rake,breccia,coherent impact melt rock with numerous zap pits; has been dated at 3.9 b.y.,https://www.lpi.usra.edu/lunar/samples/atlas/detail/?mission=Apollo%2016&sample=63545,,0,no_relab_spectrum_for_parent_or_children
1023,63546,63546,Apollo 16,rake,,,https://www.lpi.usra.edu/lunar/samples/atlas/detail/?mission=Apollo%2016&sample=63546,,0,no_relab_spectrum_for_parent_or_children
1024,63547,63547,Apollo 16,rake,,,https://www.lpi.usra.edu/lunar/samples/atlas/detail/?mission=Apollo%2016&sample=63547,,0,no_relab_spectrum_for_parent_or_children
1025,63548,63548,Apollo 16,rake,breccia,"Rake Sample 63548 contains 63539 and 63586 are fragments of fine-grained, coherent impact melt",https://www.lpi.usra.edu/lunar/samples/atlas/detail/?mission=Apollo%2016&sample=63548,,0,no_relab_spectrum_for_parent_or_children
1026,63549,63549,Apollo 16,rake,breccia,rake sample with numerous micrometeorite cratrers; is coherent and appears to be a homogeneous impact melt rock. It has been dated at 3.84 b.y.,https://www.lpi.usra.edu/lunar/samples/atlas/detail/?mission=Apollo%2016&sample=63549,,0,no_relab_spectrum_for_parent_or_children
1027,63550,63550,Apollo 16,rake,,,https://www.lpi.usra.edu/lunar/samples/atlas/detail/?mission=Apollo%2016&sample=63550,,0,no_relab_spectrum_for_parent_or_children
1028,63551,63551,Apollo 16,rake,,,https://www.lpi.usra.edu/lunar/samples/atlas/detail/?mission=Apollo%2016&sample=63551,,0,no_relab_spectrum_for_parent_or_children
1029,63552,63552,Apollo 16,rake,,,https://www.lpi.usra.edu/lunar/samples/atlas/detail/?mission=Apollo%2016&sample=63552,,0,no_relab_spectrum_for_parent_or_children
1030,63553,63553,Apollo 16,rake,,,https://www.lpi.usra.edu/lunar/samples/atlas/detail/?mission=Apollo%2016&sample=63553,,0,no_relab_spectrum_for_parent_or_children
1031,63554,63554,Apollo 16,rake,,,https://www.lpi.usra.edu/lunar/samples/atlas/detail/?mission=Apollo%2016&sample=63554,,0,no_relab_spectrum_for_parent_or_children
1032,63555,63555,Apollo 16,rake,breccia,"Phinney et al. (1976) describe these samples together as ""tough crystalline breccia"".",https://www.lpi.usra.edu/lunar/samples/atlas/detail/?mission=Apollo%2016&sample=63555,,0,no_relab_spectrum_for_parent_or_children
1033,63556,63556,Apollo 16,rake,breccia,poikilitic impact melt with the bulk composition of KREEP. It has a few micrometeorite zap pits,https://www.lpi.usra.edu/lunar/samples/atlas/detail/?mission=Apollo%2016&sample=63556,,0,no_relab_spectrum_for_parent_or_children
1034,63557,63557,Apollo 16,rake,breccia,"dark, homogeneous, coherent finegrained impact melt breccias",https://www.lpi.usra.edu/lunar/samples/atlas/detail/?mission=Apollo%2016&sample=63557,,0,no_relab_spectrum_for_parent_or_children
1035,63558,63558,Apollo 16,rake,,,https://www.lpi.usra.edu/lunar/samples/atlas/detail/?mission=Apollo%2016&sample=63558,,0,no_relab_spectrum_for_parent_or_children
1036,63559,63559,Apollo 16,rake,breccia,"chunks of dark, vesicular glass with white inclusions",https://www.lpi.usra.edu/lunar/samples/atlas/detail/?mission=Apollo%2016&sample=63559,,0,no_relab_spectrum_for_parent_or_children
1037,63560,63560,Apollo 16,rake,,,https://www.lpi.usra.edu/lunar/samples/atlas/detail/?mission=Apollo%2016&sample=63560,,0,no_relab_spectrum_for_parent_or_children
1038,63561,63561,Apollo 16,rake,,,https://www.lpi.usra.edu/lunar/samples/atlas/detail/?mission=Apollo%2016&sample=63561,,0,no_relab_spectrum_for_parent_or_children
1039,63562,63562,Apollo 16,rake,,,https://www.lpi.usra.edu/lunar/samples/atlas/detail/?mission=Apollo%2016&sample=63562,,0,no_relab_spectrum_for_parent_or_children
1040,63563,63563,Apollo 16,rake,,,https://www.lpi.usra.edu/lunar/samples/atlas/detail/?mission=Apollo%2016&sample=63563,,0,no_relab_spectrum_for_parent_or_children
1041,63564,63564,Apollo 16,rake,,,https://www.lpi.usra.edu/lunar/samples/atlas/detail/?mission=Apollo%2016&sample=63564,,0,no_relab_spectrum_for_parent_or_children
1042,63565,63565,Apollo 16,rake,breccia,"chunks of dark, vesicular glass with white inclusions",https://www.lpi.usra.edu/lunar/samples/atlas/detail/?mission=Apollo%2016&sample=63565,,0,no_relab_spectrum_for_parent_or_children
1043,63566,63566,Apollo 16,rake,breccia,small glass sample has relatively large white inclusions,https://www.lpi.usra.edu/lunar/samples/atlas/detail/?mission=Apollo%2016&sample=63566,,0,no_relab_spectrum_for_parent_or_children
1044,63567,63567,Apollo 16,rake,breccia,"chunks of dark, vesicular glass with white inclusions",https://www.lpi.usra.edu/lunar/samples/atlas/detail/?mission=Apollo%2016&sample=63567,,0,no_relab_spectrum_for_parent_or_children
1045,63568,63568,Apollo 16,rake,breccia,"chunks of dark, vesicular glass with white inclusions",https://www.lpi.usra.edu/lunar/samples/atlas/detail/?mission=Apollo%2016&sample=63568,,0,no_relab_spectrum_for_parent_or_children
1046,63569,63569,Apollo 16,rake,,,https://www.lpi.usra.edu/lunar/samples/atlas/detail/?mission=Apollo%2016&sample=63569,,0,no_relab_spectrum_for_parent_or_children
1047,63570,63570,Apollo 16,rake,,,https://www.lpi.usra.edu/lunar/samples/atlas/detail/?mission=Apollo%2016&sample=63570,,0,no_relab_spectrum_for_parent_or_children
1048,63571,63571,Apollo 16,rake,,,https://www.lpi.usra.edu/lunar/samples/atlas/detail/?mission=Apollo%2016&sample=63571,,0,no_relab_spectrum_for_parent_or_children
1049,63572,63572,Apollo 16,rake,,,https://www.lpi.usra.edu/lunar/samples/atlas/detail/?mission=Apollo%2016&sample=63572,,0,no_relab_spectrum_for_parent_or_children
1050,63573,63573,Apollo 16,rake,,,https://www.lpi.usra.edu/lunar/samples/atlas/detail/?mission=Apollo%2016&sample=63573,,0,no_relab_spectrum_for_parent_or_children
1051,63574,63574,Apollo 16,rake,,,https://www.lpi.usra.edu/lunar/samples/atlas/detail/?mission=Apollo%2016&sample=63574,,0,no_relab_spectrum_for_parent_or_children
1052,63575,63575,Apollo 16,rake,breccia,small glass sample has relatively large white inclusions,https://www.lpi.usra.edu/lunar/samples/atlas/detail/?mission=Apollo%2016&sample=63575,,0,no_relab_spectrum_for_parent_or_children
1053,63576,63576,Apollo 16,rake,breccia,"chunks of dark, vesicular glass with white inclusions",https://www.lpi.usra.edu/lunar/samples/atlas/detail/?mission=Apollo%2016&sample=63576,,0,no_relab_spectrum_for_parent_or_children
1054,63577,63577,Apollo 16,rake,,,https://www.lpi.usra.edu/lunar/samples/atlas/detail/?mission=Apollo%2016&sample=63577,,0,no_relab_spectrum_for_parent_or_children
1055,63578,63578,Apollo 16,rake,breccia,a fragmental breccia with at least some glass in the matrix,https://www.lpi.usra.edu/lunar/samples/atlas/detail/?mission=Apollo%2016&sample=63578,,0,no_relab_spectrum_for_parent_or_children
1056,63579,63579,Apollo 16,rake,,,https://www.lpi.usra.edu/lunar/samples/atlas/detail/?mission=Apollo%2016&sample=63579,,0,no_relab_spectrum_for_parent_or_children
1057,63580,63580,Apollo 16,rake,,,https://www.lpi.usra.edu/lunar/samples/atlas/detail/?mission=Apollo%2016&sample=63580,,0,no_relab_spectrum_for_parent_or_children
1058,63581,63581,Apollo 16,rake,,,https://www.lpi.usra.edu/lunar/samples/atlas/detail/?mission=Apollo%2016&sample=63581,,0,no_relab_spectrum_for_parent_or_children
1059,63582,63582,Apollo 16,rake,,,https://www.lpi.usra.edu/lunar/samples/atlas/detail/?mission=Apollo%2016&sample=63582,,0,no_relab_spectrum_for_parent_or_children
1060,63583,63583,Apollo 16,rake,,,https://www.lpi.usra.edu/lunar/samples/atlas/detail/?mission=Apollo%2016&sample=63583,,0,no_relab_spectrum_for_parent_or_children
1061,63584,63584,Apollo 16,rake,,,https://www.lpi.usra.edu/lunar/samples/atlas/detail/?mission=Apollo%2016&sample=63584,,0,no_relab_spectrum_for_parent_or_children
1062,63585,63585,Apollo 16,rake,breccia,"impact melt breccia with regions that have basaltic texture and other areas that are poikilitic, and has numerous micrometeorite craters on the surface",https://www.lpi.usra.edu/lunar/samples/atlas/detail/?mission=Apollo%2016&sample=63585,,0,no_relab_spectrum_for_parent_or_children
1063,63586,63586,Apollo 16,rake,breccia,"Rake Sample 63548 contains 63539 and 63586 are fragments of fine-grained, coherent impact melt",https://www.lpi.usra.edu/lunar/samples/atlas/detail/?mission=Apollo%2016&sample=63586,,0,no_relab_spectrum_for_parent_or_children
1064,63587,63587,Apollo 16,rake,breccia,a coherent impact melt breccia with a poikilitic texture and numerous clasts and has numerous micrometeorite craters on its surface,https://www.lpi.usra.edu/lunar/samples/atlas/detail/?mission=Apollo%2016&sample=63587,,0,no_relab_spectrum_for_parent_or_children
1065,63588,63588,Apollo 16,rake,breccia,"polymict fragmental breccias, with angular clasts of plagioclase, brown glassy breccias, aphanitic melts and feldspathic granulite.",https://www.lpi.usra.edu/lunar/samples/atlas/detail/?mission=Apollo%2016&sample=63588,,0,no_relab_spectrum_for_parent_or_children
1066,63589,63589,Apollo 16,rake,,,https://www.lpi.usra.edu/lunar/samples/atlas/detail/?mission=Apollo%2016&sample=63589,,0,no_relab_spectrum_for_parent_or_children
1067,63590,63590,Apollo 16,rake,,,https://www.lpi.usra.edu/lunar/samples/atlas/detail/?mission=Apollo%2016&sample=63590,,0,no_relab_spectrum_for_parent_or_children
1068,63591,63591,Apollo 16,rake,,,https://www.lpi.usra.edu/lunar/samples/atlas/detail/?mission=Apollo%2016&sample=63591,,0,no_relab_spectrum_for_parent_or_children
1069,63592,63592,Apollo 16,rake,,,https://www.lpi.usra.edu/lunar/samples/atlas/detail/?mission=Apollo%2016&sample=63592,,0,no_relab_spectrum_for_parent_or_children
1070,63593,63593,Apollo 16,rake,,,https://www.lpi.usra.edu/lunar/samples/atlas/detail/?mission=Apollo%2016&sample=63593,,0,no_relab_spectrum_for_parent_or_children
1071,63594,63594,Apollo 16,rake,,,https://www.lpi.usra.edu/lunar/samples/atlas/detail/?mission=Apollo%2016&sample=63594,,0,no_relab_spectrum_for_parent_or_children
1072,63595,63595,Apollo 16,rake,breccia,"polymict fragmental breccias, with angular clasts of plagioclase, brown glassy breccias, aphanitic melts and feldspathic granulite.",https://www.lpi.usra.edu/lunar/samples/atlas/detail/?mission=Apollo%2016&sample=63595,,0,no_relab_spectrum_for_parent_or_children
1073,63596,63596,Apollo 16,rake,breccia,fine-grained poikilitic texture where pyroxene oikocrysts surround laths of plagioclase. It is clastic and vesicular.,https://www.lpi.usra.edu/lunar/samples/atlas/detail/?mission=Apollo%2016&sample=63596,,0,no_relab_spectrum_for_parent_or_children
1074,63597,63597,Apollo 16,rake,breccia,63597 and 63598 are extremely porous poikilitic impact melt breccias,https://www.lpi.usra.edu/lunar/samples/atlas/detail/?mission=Apollo%2016&sample=63597,,0,no_relab_spectrum_for_parent_or_children
1075,63598,63598,Apollo 16,rake,breccia,63597 and 63598 are extremely porous poikilitic impact melt breccias,https://www.lpi.usra.edu/lunar/samples/atlas/detail/?mission=Apollo%2016&sample=63598,,0,no_relab_spectrum_for_parent_or_children
1076,64001,64001,Apollo 16,core,soil,"Core drilled on Stone Mountain at Station 4, within one crater diameter of a 15 meter subdued doublet crater. The deep sections of the core may contain the best samples of typical Descartes material. The sample area has a 10-15 degree slope to the northwest. There are a few scattered cobbles 5-10 cm. Scattered craters .5 to several meters in diameter are common in the general area, there is a .5 meter crater just southwest of the drive tube.",https://www.lpi.usra.edu/lunar/samples/atlas/detail/?mission=Apollo%2016&sample=64001,,0,no_relab_spectrum_for_parent_or_children
1077,64002,64002,Apollo 16,core,soil,"Drive tube 64001 / 64002 collected on Stone Mountain at Station 4, within one crater diameter of a 15 meter subdued doublet crater. The deep sections of the core may contain the best samples of typical Descartes material. The sample area has a 10-15 degree slope to the northwest. There are a few scattered cobbles 5-10 cm. Scattered craters .5 to several meters in diameter are common in the general area, there is a .5 meter crater just southwest of the drive tube.",https://www.lpi.usra.edu/lunar/samples/atlas/detail/?mission=Apollo%2016&sample=64002,,0,no_relab_spectrum_for_parent_or_children
1078,64420,64420,Apollo 16,rake,soil,"Soil 64420 was collected with breccia 64475 at Station 4A near Cinco B crater, 5 meters from the LRV on the floor of a subdued 15 meter crater. The soil was taken from the bottom of a 25 cm trench. At the sample area, 5-10 cm pebbles are abundant, 20-40 cm cobbles are common and meter size blocks are sparsely scattered. Scattered craters up to several meters in size are common in the general area. This regolith is probably South Ray ejecta mixed with underlying Descartes material.",https://www.lpi.usra.edu/lunar/samples/atlas/detail/?mission=Apollo%2016&sample=64420,,0,no_relab_spectrum_for_parent_or_children
1079,64422,64422,Apollo 16,,,,https://www.lpi.usra.edu/lunar/samples/atlas/detail/?mission=Apollo%2016&sample=64422,,0,no_relab_spectrum_for_parent_or_children
1080,64423,64423,Apollo 16,,,,https://www.lpi.usra.edu/lunar/samples/atlas/detail/?mission=Apollo%2016&sample=64423,,0,no_relab_spectrum_for_parent_or_children
1081,64424,64424,Apollo 16,,,,https://www.lpi.usra.edu/lunar/samples/atlas/detail/?mission=Apollo%2016&sample=64424,,0,no_relab_spectrum_for_parent_or_children
1082,64425,64425,Apollo 16,,breccia,"part anorthosite and part impact melt; most surfaces have micrometeorite craters, indicating it had once been a surface sample",https://www.lpi.usra.edu/lunar/samples/atlas/detail/?mission=Apollo%2016&sample=64425,,0,no_relab_spectrum_for_parent_or_children
1083,64430,64430,Apollo 16,,,,https://www.lpi.usra.edu/lunar/samples/atlas/detail/?mission=Apollo%2016&sample=64430,,0,no_relab_spectrum_for_parent_or_children
1084,64435,64435,Apollo 16,,breccia,thick shiny black glass coat on one side and numerous micrometeorite pits on the other,https://www.lpi.usra.edu/lunar/samples/atlas/detail/?mission=Apollo%2016&sample=64435,,0,no_relab_spectrum_for_parent_or_children
1085,64450,64450,Apollo 16,,,,https://www.lpi.usra.edu/lunar/samples/atlas/detail/?mission=Apollo%2016&sample=64450,,0,no_relab_spectrum_for_parent_or_children
1086,64470,64470,Apollo 16,,,,https://www.lpi.usra.edu/lunar/samples/atlas/detail/?mission=Apollo%2016&sample=64470,,0,no_relab_spectrum_for_parent_or_children
1087,64475,64475,Apollo 16,rake,breccia,"numerous micrometeorite craters; ""black and white"" rocks with veins of dark impact melt rock intruding white cataclastic anorthosite",https://www.lpi.usra.edu/lunar/samples/atlas/detail/?mission=Apollo%2016&sample=64475,,0,no_relab_spectrum_for_parent_or_children
1088,64476,64476,Apollo 16,rake,breccia,"numerous micrometeorite craters; ""black and white"" rocks with veins of dark impact melt rock intruding white cataclastic anorthosite",https://www.lpi.usra.edu/lunar/samples/atlas/detail/?mission=Apollo%2016&sample=64476,,0,no_relab_spectrum_for_parent_or_children
1089,64477,64477,Apollo 16,rake,breccia,"Warner et al. (1973) termed 64477 ""cataclastic anorthosite to light matrix breccia plus mesostasis-rich basalt"".",https://www.lpi.usra.edu/lunar/samples/atlas/detail/?mission=Apollo%2016&sample=64477,,0,no_relab_spectrum_for_parent_or_children
1090,64478,64478,Apollo 16,rake,breccia,"Ryder and Norman (1980) term 64478 a ""glass-coated impact melt"". The interior has a poikilitic texture in places",https://www.lpi.usra.edu/lunar/samples/atlas/detail/?mission=Apollo%2016&sample=64478,,0,no_relab_spectrum_for_parent_or_children
1091,64500,64500,Apollo 16,rake,soil,"Soil 64500 and rake 64510 were collected at Station 4A in the vicinity of Cinco B crater,. The sample area slopes 10-15 degrees to the northwest off Stone Mountain, surface fragments up to 10 cm are abundant, up to 40 cm are common, up to 1 meter sparse. Scattered craters .5 to several meters are in the general area, very subdued and barely visible smaller craters are in the local area. The gray surface is underlain by a white layer.",https://www.lpi.usra.edu/lunar/samples/atlas/detail/?mission=Apollo%2016&sample=64500,,0,no_relab_spectrum_for_parent_or_children
1092,64501,64501,Apollo 16,rake,soil,large number of glass particles,https://www.lpi.usra.edu/lunar/samples/atlas/detail/?mission=Apollo%2016&sample=64501,,0,no_relab_spectrum_for_parent_or_children
1093,64502,64502,Apollo 16,rake,,,https://www.lpi.usra.edu/lunar/samples/atlas/detail/?mission=Apollo%2016&sample=64502,,0,no_relab_spectrum_for_parent_or_children
1094,64503,64503,Apollo 16,rake,,,https://www.lpi.usra.edu/lunar/samples/atlas/detail/?mission=Apollo%2016&sample=64503,,0,no_relab_spectrum_for_parent_or_children
1095,64504,64504,Apollo 16,rake,,,https://www.lpi.usra.edu/lunar/samples/atlas/detail/?mission=Apollo%2016&sample=64504,,0,no_relab_spectrum_for_parent_or_children
1096,64505,64505,Apollo 16,rake,,,https://www.lpi.usra.edu/lunar/samples/atlas/detail/?mission=Apollo%2016&sample=64505,,0,no_relab_spectrum_for_parent_or_children
1097,64506,64506,Apollo 16,rake,,,https://www.lpi.usra.edu/lunar/samples/atlas/detail/?mission=Apollo%2016&sample=64506,,0,no_relab_spectrum_for_parent_or_children
1098,64507,64507,Apollo 16,rake,,,https://www.lpi.usra.edu/lunar/samples/atlas/detail/?mission=Apollo%2016&sample=64507,,0,no_relab_spectrum_for_parent_or_children
1099,64508,64508,Apollo 16,rake,,,https://www.lpi.usra.edu/lunar/samples/atlas/detail/?mission=Apollo%2016&sample=64508,,0,no_relab_spectrum_for_parent_or_children
1100,64509,64509,Apollo 16,rake,,,https://www.lpi.usra.edu/lunar/samples/atlas/detail/?mission=Apollo%2016&sample=64509,,0,no_relab_spectrum_for_parent_or_children
1101,64510,64510,Apollo 16,rake,,,https://www.lpi.usra.edu/lunar/samples/atlas/detail/?mission=Apollo%2016&sample=64510,,0,no_relab_spectrum_for_parent_or_children
1102,64511,64511,Apollo 16,rake,,,https://www.lpi.usra.edu/lunar/samples/atlas/detail/?mission=Apollo%2016&sample=64511,,0,no_relab_spectrum_for_parent_or_children
1103,64512,64512,Apollo 16,rake,,,https://www.lpi.usra.edu/lunar/samples/atlas/detail/?mission=Apollo%2016&sample=64512,,0,no_relab_spectrum_for_parent_or_children
1104,64513,64513,Apollo 16,rake,,,https://www.lpi.usra.edu/lunar/samples/atlas/detail/?mission=Apollo%2016&sample=64513,,0,no_relab_spectrum_for_parent_or_children
1105,64514,64514,Apollo 16,rake,,,https://www.lpi.usra.edu/lunar/samples/atlas/detail/?mission=Apollo%2016&sample=64514,,0,no_relab_spectrum_for_parent_or_children
1106,64515,64515,Apollo 16,rake,,,https://www.lpi.usra.edu/lunar/samples/atlas/detail/?mission=Apollo%2016&sample=64515,,0,no_relab_spectrum_for_parent_or_children
1107,64516,64516,Apollo 16,rake,,,https://www.lpi.usra.edu/lunar/samples/atlas/detail/?mission=Apollo%2016&sample=64516,,0,no_relab_spectrum_for_parent_or_children
1108,64517,64517,Apollo 16,rake,,,https://www.lpi.usra.edu/lunar/samples/atlas/detail/?mission=Apollo%2016&sample=64517,,0,no_relab_spectrum_for_parent_or_children
1109,64518,64518,Apollo 16,rake,,,https://www.lpi.usra.edu/lunar/samples/atlas/detail/?mission=Apollo%2016&sample=64518,,0,no_relab_spectrum_for_parent_or_children
1110,64519,64519,Apollo 16,rake,,,https://www.lpi.usra.edu/lunar/samples/atlas/detail/?mission=Apollo%2016&sample=64519,,0,no_relab_spectrum_for_parent_or_children
1111,64520,64520,Apollo 16,rake,,,https://www.lpi.usra.edu/lunar/samples/atlas/detail/?mission=Apollo%2016&sample=64520,,0,no_relab_spectrum_for_parent_or_children
1112,64521,64521,Apollo 16,rake,,,https://www.lpi.usra.edu/lunar/samples/atlas/detail/?mission=Apollo%2016&sample=64521,,0,no_relab_spectrum_for_parent_or_children
1113,64522,64522,Apollo 16,rake,,,https://www.lpi.usra.edu/lunar/samples/atlas/detail/?mission=Apollo%2016&sample=64522,,0,no_relab_spectrum_for_parent_or_children
1114,64523,64523,Apollo 16,rake,,,https://www.lpi.usra.edu/lunar/samples/atlas/detail/?mission=Apollo%2016&sample=64523,,0,no_relab_spectrum_for_parent_or_children
1115,64525,64525,Apollo 16,rake,,,https://www.lpi.usra.edu/lunar/samples/atlas/detail/?mission=Apollo%2016&sample=64525,,0,no_relab_spectrum_for_parent_or_children
1116,64530,64530,Apollo 16,rake,,,https://www.lpi.usra.edu/lunar/samples/atlas/detail/?mission=Apollo%2016&sample=64530,,0,no_relab_spectrum_for_parent_or_children
1117,64531,64531,Apollo 16,rake,,,https://www.lpi.usra.edu/lunar/samples/atlas/detail/?mission=Apollo%2016&sample=64531,,0,no_relab_spectrum_for_parent_or_children
1118,64532,64532,Apollo 16,rake,,,https://www.lpi.usra.edu/lunar/samples/atlas/detail/?mission=Apollo%2016&sample=64532,,0,no_relab_spectrum_for_parent_or_children
1119,64533,64533,Apollo 16,rake,,,https://www.lpi.usra.edu/lunar/samples/atlas/detail/?mission=Apollo%2016&sample=64533,,0,no_relab_spectrum_for_parent_or_children
1120,64534,64534,Apollo 16,rake,,,https://www.lpi.usra.edu/lunar/samples/atlas/detail/?mission=Apollo%2016&sample=64534,,0,no_relab_spectrum_for_parent_or_children
1121,64535,64535,Apollo 16,rake,breccia,has a cosmic ray exposure age of 1.9 m.y; a mix of cataclastic ferroan anorthosite with impact melt. In some cases they also have a thick black glass coating,https://www.lpi.usra.edu/lunar/samples/atlas/detail/?mission=Apollo%2016&sample=64535,,0,no_relab_spectrum_for_parent_or_children
1122,64536,64536,Apollo 16,rake,breccia,a mix of cataclastic ferroan anorthosite with impact melt. In some cases they also have a thick black glass coating,https://www.lpi.usra.edu/lunar/samples/atlas/detail/?mission=Apollo%2016&sample=64536,,0,no_relab_spectrum_for_parent_or_children
1123,64537,64537,Apollo 16,rake,breccia,has zap pits on all surfaces; a mix of cataclastic ferroan anorthosite with impact melt. In some cases they also have a thick black glass coating,https://www.lpi.usra.edu/lunar/samples/atlas/detail/?mission=Apollo%2016&sample=64537,,0,no_relab_spectrum_for_parent_or_children
1124,64538,64538,Apollo 16,rake,breccia,"micrometeorite craters on all surfaces; majority of the sample is a coherent, medium grey, glassy matrix lithology",https://www.lpi.usra.edu/lunar/samples/atlas/detail/?mission=Apollo%2016&sample=64538,,0,no_relab_spectrum_for_parent_or_children
1125,64539,64539,Apollo 16,rake,breccia,chalky white portion and a dark aphanitic portion characteristic of the light and dark lithologies,https://www.lpi.usra.edu/lunar/samples/atlas/detail/?mission=Apollo%2016&sample=64539,,0,no_relab_spectrum_for_parent_or_children
1126,64540,64540,Apollo 16,rake,,,https://www.lpi.usra.edu/lunar/samples/atlas/detail/?mission=Apollo%2016&sample=64540,,0,no_relab_spectrum_for_parent_or_children
1127,64541,64541,Apollo 16,rake,,,https://www.lpi.usra.edu/lunar/samples/atlas/detail/?mission=Apollo%2016&sample=64541,,0,no_relab_spectrum_for_parent_or_children
1128,64542,64542,Apollo 16,rake,,,https://www.lpi.usra.edu/lunar/samples/atlas/detail/?mission=Apollo%2016&sample=64542,,0,no_relab_spectrum_for_parent_or_children
1129,64543,64543,Apollo 16,rake,,,https://www.lpi.usra.edu/lunar/samples/atlas/detail/?mission=Apollo%2016&sample=64543,,0,no_relab_spectrum_for_parent_or_children
1130,64544,64544,Apollo 16,rake,,,https://www.lpi.usra.edu/lunar/samples/atlas/detail/?mission=Apollo%2016&sample=64544,,0,no_relab_spectrum_for_parent_or_children
1131,64545,64545,Apollo 16,rake,breccia,chalky white portion and a dark aphanitic portion characteristic of the light and dark lithologies,https://www.lpi.usra.edu/lunar/samples/atlas/detail/?mission=Apollo%2016&sample=64545,,0,no_relab_spectrum_for_parent_or_children
1132,64546,64546,Apollo 16,rake,breccia,chalky white portion and a dark aphanitic portion characteristic of the light and dark lithologies,https://www.lpi.usra.edu/lunar/samples/atlas/detail/?mission=Apollo%2016&sample=64546,,0,no_relab_spectrum_for_parent_or_children
1133,64547,64547,Apollo 16,rake,breccia,chalky white portion and a dark aphanitic portion characteristic of the light and dark lithologies,https://www.lpi.usra.edu/lunar/samples/atlas/detail/?mission=Apollo%2016&sample=64547,,0,no_relab_spectrum_for_parent_or_children
1134,64548,64548,Apollo 16,rake,breccia,fine grain mix of chalky white anorthite and dark aphanitic impact melt,https://www.lpi.usra.edu/lunar/samples/atlas/detail/?mission=Apollo%2016&sample=64548,,0,no_relab_spectrum_for_parent_or_children
1135,64549,64549,Apollo 16,rake,breccia,chalky white portion and a dark aphanitic portion characteristic of the light and dark lithologies,https://www.lpi.usra.edu/lunar/samples/atlas/detail/?mission=Apollo%2016&sample=64549,,0,no_relab_spectrum_for_parent_or_children
1136,64550,64550,Apollo 16,rake,,,https://www.lpi.usra.edu/lunar/samples/atlas/detail/?mission=Apollo%2016&sample=64550,,0,no_relab_spectrum_for_parent_or_children
1137,64551,64551,Apollo 16,rake,,,https://www.lpi.usra.edu/lunar/samples/atlas/detail/?mission=Apollo%2016&sample=64551,,0,no_relab_spectrum_for_parent_or_children
1138,64552,64552,Apollo 16,rake,,,https://www.lpi.usra.edu/lunar/samples/atlas/detail/?mission=Apollo%2016&sample=64552,,0,no_relab_spectrum_for_parent_or_children
1139,64553,64553,Apollo 16,rake,,,https://www.lpi.usra.edu/lunar/samples/atlas/detail/?mission=Apollo%2016&sample=64553,,0,no_relab_spectrum_for_parent_or_children
1140,64554,64554,Apollo 16,rake,,,https://www.lpi.usra.edu/lunar/samples/atlas/detail/?mission=Apollo%2016&sample=64554,,0,no_relab_spectrum_for_parent_or_children
1141,64555,64555,Apollo 16,rake,breccia,chalky white portion and a dark aphanitic portion characteristic of the light and dark lithologies,https://www.lpi.usra.edu/lunar/samples/atlas/detail/?mission=Apollo%2016&sample=64555,,0,no_relab_spectrum_for_parent_or_children
1142,64556,64556,Apollo 16,rake,breccia,chalky white portion and a dark aphanitic portion characteristic of the light and dark lithologies,https://www.lpi.usra.edu/lunar/samples/atlas/detail/?mission=Apollo%2016&sample=64556,,0,no_relab_spectrum_for_parent_or_children
1143,64557,64557,Apollo 16,rake,breccia,chalky white portion and a dark aphanitic portion characteristic of the light and dark lithologies,https://www.lpi.usra.edu/lunar/samples/atlas/detail/?mission=Apollo%2016&sample=64557,,0,no_relab_spectrum_for_parent_or_children
1144,64558,64558,Apollo 16,rake,breccia,chalky white portion and a dark aphanitic portion characteristic of the light and dark lithologies,https://www.lpi.usra.edu/lunar/samples/atlas/detail/?mission=Apollo%2016&sample=64558,,0,no_relab_spectrum_for_parent_or_children
1145,64559,64559,Apollo 16,rake,breccia,"piece of the dark lithology that is part of the abundant dimict breccias from that location; texture is that of a basalt, but since it includes clasts of anorthite, it is an impact melt breccia",https://www.lpi.usra.edu/lunar/samples/atlas/detail/?mission=Apollo%2016&sample=64559,,0,no_relab_spectrum_for_parent_or_children
1146,64560,64560,Apollo 16,rake,,,https://www.lpi.usra.edu/lunar/samples/atlas/detail/?mission=Apollo%2016&sample=64560,,0,no_relab_spectrum_for_parent_or_children
1147,64561,64561,Apollo 16,rake,,,https://www.lpi.usra.edu/lunar/samples/atlas/detail/?mission=Apollo%2016&sample=64561,,0,no_relab_spectrum_for_parent_or_children
1148,64562,64562,Apollo 16,rake,,,https://www.lpi.usra.edu/lunar/samples/atlas/detail/?mission=Apollo%2016&sample=64562,,0,no_relab_spectrum_for_parent_or_children
1149,64563,64563,Apollo 16,rake,,,https://www.lpi.usra.edu/lunar/samples/atlas/detail/?mission=Apollo%2016&sample=64563,,0,no_relab_spectrum_for_parent_or_children
1150,64564,64564,Apollo 16,rake,,,https://www.lpi.usra.edu/lunar/samples/atlas/detail/?mission=Apollo%2016&sample=64564,,0,no_relab_spectrum_for_parent_or_children
1151,64565,64565,Apollo 16,rake,,,https://www.lpi.usra.edu/lunar/samples/atlas/detail/?mission=Apollo%2016&sample=64565,,0,no_relab_spectrum_for_parent_or_children
1152,64566,64566,Apollo 16,rake,breccia,complex mix of glass and impact melt,https://www.lpi.usra.edu/lunar/samples/atlas/detail/?mission=Apollo%2016&sample=64566,,0,no_relab_spectrum_for_parent_or_children
1153,64567,64567,Apollo 16,rake,breccia,dark coherent aphanitic sample with a few vesicles with abundant olivine oikocrysts and is relatively mafic,https://www.lpi.usra.edu/lunar/samples/atlas/detail/?mission=Apollo%2016&sample=64567,,0,no_relab_spectrum_for_parent_or_children
1154,64568,64568,Apollo 16,rake,breccia,poikilitic texture with a network of pyroxene phenocrysts surrounding small laths of plagioclase with zap pits,https://www.lpi.usra.edu/lunar/samples/atlas/detail/?mission=Apollo%2016&sample=64568,,0,no_relab_spectrum_for_parent_or_children
1155,64569,64569,Apollo 16,rake,breccia,dark coherent aphanitic sample with a few vesicles with abundant olivine oikocrysts and is relatively mafic,https://www.lpi.usra.edu/lunar/samples/atlas/detail/?mission=Apollo%2016&sample=64569,,0,no_relab_spectrum_for_parent_or_children
1156,64570,64570,Apollo 16,rake,,,https://www.lpi.usra.edu/lunar/samples/atlas/detail/?mission=Apollo%2016&sample=64570,,0,no_relab_spectrum_for_parent_or_children
1157,64571,64571,Apollo 16,rake,,,https://www.lpi.usra.edu/lunar/samples/atlas/detail/?mission=Apollo%2016&sample=64571,,0,no_relab_spectrum_for_parent_or_children
1158,64572,64572,Apollo 16,rake,,,https://www.lpi.usra.edu/lunar/samples/atlas/detail/?mission=Apollo%2016&sample=64572,,0,no_relab_spectrum_for_parent_or_children
1159,64573,64573,Apollo 16,rake,,,https://www.lpi.usra.edu/lunar/samples/atlas/detail/?mission=Apollo%2016&sample=64573,,0,no_relab_spectrum_for_parent_or_children
1160,64574,64574,Apollo 16,rake,,,https://www.lpi.usra.edu/lunar/samples/atlas/detail/?mission=Apollo%2016&sample=64574,,0,no_relab_spectrum_for_parent_or_children
1161,64575,64575,Apollo 16,rake,,,https://www.lpi.usra.edu/lunar/samples/atlas/detail/?mission=Apollo%2016&sample=64575,,0,no_relab_spectrum_for_parent_or_children
1162,64576,64576,Apollo 16,rake,breccia,fine-grained irregular basaltic texture with inclusions,https://www.lpi.usra.edu/lunar/samples/atlas/detail/?mission=Apollo%2016&sample=64576,,0,no_relab_spectrum_for_parent_or_children
1163,64577,64577,Apollo 16,rake,,,https://www.lpi.usra.edu/lunar/samples/atlas/detail/?mission=Apollo%2016&sample=64577,,0,no_relab_spectrum_for_parent_or_children
1164,64578,64578,Apollo 16,rake,,,https://www.lpi.usra.edu/lunar/samples/atlas/detail/?mission=Apollo%2016&sample=64578,,0,no_relab_spectrum_for_parent_or_children
1165,64579,64579,Apollo 16,rake,,,https://www.lpi.usra.edu/lunar/samples/atlas/detail/?mission=Apollo%2016&sample=64579,,0,no_relab_spectrum_for_parent_or_children
1166,64580,64580,Apollo 16,rake,,,https://www.lpi.usra.edu/lunar/samples/atlas/detail/?mission=Apollo%2016&sample=64580,,0,no_relab_spectrum_for_parent_or_children
1167,64581,64581,Apollo 16,rake,,,https://www.lpi.usra.edu/lunar/samples/atlas/detail/?mission=Apollo%2016&sample=64581,,0,no_relab_spectrum_for_parent_or_children
1168,64582,64582,Apollo 16,rake,,,https://www.lpi.usra.edu/lunar/samples/atlas/detail/?mission=Apollo%2016&sample=64582,,0,no_relab_spectrum_for_parent_or_children
1169,64583,64583,Apollo 16,rake,,,https://www.lpi.usra.edu/lunar/samples/atlas/detail/?mission=Apollo%2016&sample=64583,,0,no_relab_spectrum_for_parent_or_children
1170,64584,64584,Apollo 16,rake,,,https://www.lpi.usra.edu/lunar/samples/atlas/detail/?mission=Apollo%2016&sample=64584,,0,no_relab_spectrum_for_parent_or_children
1171,64585,64585,Apollo 16,rake,breccia,"old impact melt with unique texture, brownish color and a devitrified glass matrix",https://www.lpi.usra.edu/lunar/samples/atlas/detail/?mission=Apollo%2016&sample=64585,,0,no_relab_spectrum_for_parent_or_children
1172,64586,64586,Apollo 16,rake,,,https://www.lpi.usra.edu/lunar/samples/atlas/detail/?mission=Apollo%2016&sample=64586,,0,no_relab_spectrum_for_parent_or_children
1173,64587,64587,Apollo 16,rake,,,https://www.lpi.usra.edu/lunar/samples/atlas/detail/?mission=Apollo%2016&sample=64587,,0,no_relab_spectrum_for_parent_or_children
1174,64588,64588,Apollo 16,rake,,,https://www.lpi.usra.edu/lunar/samples/atlas/detail/?mission=Apollo%2016&sample=64588,,0,no_relab_spectrum_for_parent_or_children
1175,64589,64589,Apollo 16,rake,,,https://www.lpi.usra.edu/lunar/samples/atlas/detail/?mission=Apollo%2016&sample=64589,,0,no_relab_spectrum_for_parent_or_children
1176,64800,64800,Apollo 16,,soil,"Surface soil 64800 accompanies rake 64810, collected at Station 4B . Blocks and cobbles cover 80-90% of the northeast wall of the main crater, elsewhere the surface is relatively smooth with scattered cobbles. The fines are loose, numerous small crates are found in the sample area.",https://www.lpi.usra.edu/lunar/samples/atlas/detail/?mission=Apollo%2016&sample=64800,,0,no_relab_spectrum_for_parent_or_children
1177,64802,64802,Apollo 16,,,,https://www.lpi.usra.edu/lunar/samples/atlas/detail/?mission=Apollo%2016&sample=64802,,0,no_relab_spectrum_for_parent_or_children
1178,64803,64803,Apollo 16,,,,https://www.lpi.usra.edu/lunar/samples/atlas/detail/?mission=Apollo%2016&sample=64803,,0,no_relab_spectrum_for_parent_or_children
1179,64804,64804,Apollo 16,,,,https://www.lpi.usra.edu/lunar/samples/atlas/detail/?mission=Apollo%2016&sample=64804,,0,no_relab_spectrum_for_parent_or_children
1180,64810,64810,Apollo 16,rake,,relatively mature soil with average grain size 80 microns,https://www.lpi.usra.edu/lunar/samples/atlas/detail/?mission=Apollo%2016&sample=64810,,0,no_relab_spectrum_for_parent_or_children
1181,64811,64811,Apollo 16,rake,,,https://www.lpi.usra.edu/lunar/samples/atlas/detail/?mission=Apollo%2016&sample=64811,,0,no_relab_spectrum_for_parent_or_children
1182,64812,64812,Apollo 16,rake,,,https://www.lpi.usra.edu/lunar/samples/atlas/detail/?mission=Apollo%2016&sample=64812,,0,no_relab_spectrum_for_parent_or_children
1183,64813,64813,Apollo 16,rake,,,https://www.lpi.usra.edu/lunar/samples/atlas/detail/?mission=Apollo%2016&sample=64813,,0,no_relab_spectrum_for_parent_or_children
1184,64814,64814,Apollo 16,rake,,,https://www.lpi.usra.edu/lunar/samples/atlas/detail/?mission=Apollo%2016&sample=64814,,0,no_relab_spectrum_for_parent_or_children
1185,64815,64815,Apollo 16,rake,breccia,impact melt breccia with a coarse poikilitic texture and KREEP-like composition. The age has been determined to be 3.89 ± 0.01 b.y.,https://www.lpi.usra.edu/lunar/samples/atlas/detail/?mission=Apollo%2016&sample=64815,,0,no_relab_spectrum_for_parent_or_children
1186,64816,64816,Apollo 16,rake,breccia,holocrystalline poikilitic impact melt with a crystallization age of 3.85 b.y.,https://www.lpi.usra.edu/lunar/samples/atlas/detail/?mission=Apollo%2016&sample=64816,,0,no_relab_spectrum_for_parent_or_children
1187,64817,64817,Apollo 16,rake,basalt,aluminous basalt with prominent plagioclase laths and an age of 3.84 b.y.,https://www.lpi.usra.edu/lunar/samples/atlas/detail/?mission=Apollo%2016&sample=64817,,0,no_relab_spectrum_for_parent_or_children
1188,64818,64818,Apollo 16,rake,breccia,"Phinney et al. (1976) refer to 64818 as a ""tough crystalline breccia"" with 5% vugs and vesicles",https://www.lpi.usra.edu/lunar/samples/atlas/detail/?mission=Apollo%2016&sample=64818,,0,no_relab_spectrum_for_parent_or_children
1189,64819,64819,Apollo 16,rake,,,https://www.lpi.usra.edu/lunar/samples/atlas/detail/?mission=Apollo%2016&sample=64819,,0,no_relab_spectrum_for_parent_or_children
1190,64820,64820,Apollo 16,rake,,,https://www.lpi.usra.edu/lunar/samples/atlas/detail/?mission=Apollo%2016&sample=64820,,0,no_relab_spectrum_for_parent_or_children
1191,64821,64821,Apollo 16,rake,,,https://www.lpi.usra.edu/lunar/samples/atlas/detail/?mission=Apollo%2016&sample=64821,,0,no_relab_spectrum_for_parent_or_children
1192,64822,64822,Apollo 16,rake,,,https://www.lpi.usra.edu/lunar/samples/atlas/detail/?mission=Apollo%2016&sample=64822,,0,no_relab_spectrum_for_parent_or_children
1193,64823,64823,Apollo 16,rake,,,https://www.lpi.usra.edu/lunar/samples/atlas/detail/?mission=Apollo%2016&sample=64823,,0,no_relab_spectrum_for_parent_or_children
1194,64824,64824,Apollo 16,rake,,,https://www.lpi.usra.edu/lunar/samples/atlas/detail/?mission=Apollo%2016&sample=64824,,0,no_relab_spectrum_for_parent_or_children
1195,64825,64825,Apollo 16,rake,breccia,friable rake fragment,https://www.lpi.usra.edu/lunar/samples/atlas/detail/?mission=Apollo%2016&sample=64825,,0,no_relab_spectrum_for_parent_or_children
1196,64826,64826,Apollo 16,rake,breccia,friable rake fragment,https://www.lpi.usra.edu/lunar/samples/atlas/detail/?mission=Apollo%2016&sample=64826,,0,no_relab_spectrum_for_parent_or_children
1197,64827,64827,Apollo 16,rake,breccia,friable rake fragment,https://www.lpi.usra.edu/lunar/samples/atlas/detail/?mission=Apollo%2016&sample=64827,,0,no_relab_spectrum_for_parent_or_children
1198,64828,64828,Apollo 16,rake,breccia,friable rake fragment,https://www.lpi.usra.edu/lunar/samples/atlas/detail/?mission=Apollo%2016&sample=64828,,0,no_relab_spectrum_for_parent_or_children
1199,64829,64829,Apollo 16,rake,breccia,friable rake fragment,https://www.lpi.usra.edu/lunar/samples/atlas/detail/?mission=Apollo%2016&sample=64829,,0,no_relab_spectrum_for_parent_or_children
1200,64830,64830,Apollo 16,rake,,,https://www.lpi.usra.edu/lunar/samples/atlas/detail/?mission=Apollo%2016&sample=64830,,0,no_relab_spectrum_for_parent_or_children
1201,64831,64831,Apollo 16,rake,,,https://www.lpi.usra.edu/lunar/samples/atlas/detail/?mission=Apollo%2016&sample=64831,,0,no_relab_spectrum_for_parent_or_children
1202,64832,64832,Apollo 16,rake,,,https://www.lpi.usra.edu/lunar/samples/atlas/detail/?mission=Apollo%2016&sample=64832,,0,no_relab_spectrum_for_parent_or_children
1203,64833,64833,Apollo 16,rake,,,https://www.lpi.usra.edu/lunar/samples/atlas/detail/?mission=Apollo%2016&sample=64833,,0,no_relab_spectrum_for_parent_or_children
1204,64834,64834,Apollo 16,rake,,,https://www.lpi.usra.edu/lunar/samples/atlas/detail/?mission=Apollo%2016&sample=64834,,0,no_relab_spectrum_for_parent_or_children
1205,64835,64835,Apollo 16,rake,breccia,friable rake fragment,https://www.lpi.usra.edu/lunar/samples/atlas/detail/?mission=Apollo%2016&sample=64835,,0,no_relab_spectrum_for_parent_or_children
1206,64836,64836,Apollo 16,rake,breccia,friable rake fragment,https://www.lpi.usra.edu/lunar/samples/atlas/detail/?mission=Apollo%2016&sample=64836,,0,no_relab_spectrum_for_parent_or_children
1207,64837,64837,Apollo 16,rake,breccia,friable rake fragment,https://www.lpi.usra.edu/lunar/samples/atlas/detail/?mission=Apollo%2016&sample=64837,,0,no_relab_spectrum_for_parent_or_children
1208,65015,65015,Apollo 16,rock,impact melt breccia,Poikilitic Impact Melt,https://www.lpi.usra.edu/lunar/samples/atlas/detail/?mission=Apollo%2016&sample=65015,,0,no_relab_spectrum_for_parent_or_children
1209,65016,65016,Apollo 16,,breccia,"hollow, broken sphere or glass bubble about 3 - 4 cm in size. The glass surface is smooth and without zap pits, and has a green color.",https://www.lpi.usra.edu/lunar/samples/atlas/detail/?mission=Apollo%2016&sample=65016,,0,no_relab_spectrum_for_parent_or_children
1210,65030,65030,Apollo 16,,,,https://www.lpi.usra.edu/lunar/samples/atlas/detail/?mission=Apollo%2016&sample=65030,,0,no_relab_spectrum_for_parent_or_children
1211,65035,65035,Apollo 16,rock,breccia,large clasts of light-colored cataclastic anorthosite intermixed with dark-colored basaltic impact melt; covered or coated with a thick glass coat on one side. An age of 2.29 m.y. indicates that this rock was derived from South Ray Crater.,https://www.lpi.usra.edu/lunar/samples/atlas/detail/?mission=Apollo%2016&sample=65035,,0,no_relab_spectrum_for_parent_or_children
1212,65050,65050,Apollo 16,,,,https://www.lpi.usra.edu/lunar/samples/atlas/detail/?mission=Apollo%2016&sample=65050,,0,no_relab_spectrum_for_parent_or_children
1213,65055,65055,Apollo 16,rock,impact melt breccia,"aluminous, basaltic impact melt, is coherent and appears to be homogeneous throughout, and has been determined to be 3.96 b.y old by the Ar/Ar plateau technique",https://www.lpi.usra.edu/lunar/samples/atlas/detail/?mission=Apollo%2016&sample=65055,,0,no_relab_spectrum_for_parent_or_children
1214,65056,65056,Apollo 16,rake,breccia,large glass object that contains interesting white clasts,https://www.lpi.usra.edu/lunar/samples/atlas/detail/?mission=Apollo%2016&sample=65056,,0,no_relab_spectrum_for_parent_or_children
1215,65070,65070,Apollo 16,,,,https://www.lpi.usra.edu/lunar/samples/atlas/detail/?mission=Apollo%2016&sample=65070,,0,no_relab_spectrum_for_parent_or_children
1216,65075,65075,Apollo 16,rake,breccia,greenish gray breccia with a black glass coating,https://www.lpi.usra.edu/lunar/samples/atlas/detail/?mission=Apollo%2016&sample=65075,,0,no_relab_spectrum_for_parent_or_children
1217,65090,65090,Apollo 16,,,,https://www.lpi.usra.edu/lunar/samples/atlas/detail/?mission=Apollo%2016&sample=65090,,0,no_relab_spectrum_for_parent_or_children
1218,65095,65095,Apollo 16,,breccia,"""chalky white chunk"" neatly tucked between the regolith breccia and the black glass coat; friable white matrix with large grey breccia clasts",https://www.lpi.usra.edu/lunar/samples/atlas/detail/?mission=Apollo%2016&sample=65095,,0,no_relab_spectrum_for_parent_or_children
1219,65310,65310,Apollo 16,rake,,,https://www.lpi.usra.edu/lunar/samples/atlas/detail/?mission=Apollo%2016&sample=65310,,0,no_relab_spectrum_for_parent_or_children
1220,65325,65325,Apollo 16,rake,anorthite,white rocks with a thin coat of black glass; zap pits on the white surfaces where the black glass has apparently been eroded off,https://www.lpi.usra.edu/lunar/samples/atlas/detail/?mission=Apollo%2016&sample=65325,,0,no_relab_spectrum_for_parent_or_children
1221,65326,65326,Apollo 16,rake,anorthite,"Moderately coherent cataclastic anorthosite; has a ""bronze colored"" streak",https://www.lpi.usra.edu/lunar/samples/atlas/detail/?mission=Apollo%2016&sample=65326,,0,no_relab_spectrum_for_parent_or_children
1222,65327,65327,Apollo 16,rake,,white rocks with a thin coat of black glass; zap pits on the white surfaces where the black glass has apparently been eroded off,https://www.lpi.usra.edu/lunar/samples/atlas/detail/?mission=Apollo%2016&sample=65327,,0,no_relab_spectrum_for_parent_or_children
1223,65328,65328,Apollo 16,rake,,,https://www.lpi.usra.edu/lunar/samples/atlas/detail/?mission=Apollo%2016&sample=65328,,0,no_relab_spectrum_for_parent_or_children
1224,65329,65329,Apollo 16,rake,,,https://www.lpi.usra.edu/lunar/samples/atlas/detail/?mission=Apollo%2016&sample=65329,,0,no_relab_spectrum_for_parent_or_children
1225,65335,65335,Apollo 16,rake,,,https://www.lpi.usra.edu/lunar/samples/atlas/detail/?mission=Apollo%2016&sample=65335,,0,no_relab_spectrum_for_parent_or_children
1226,65336,65336,Apollo 16,rake,,,https://www.lpi.usra.edu/lunar/samples/atlas/detail/?mission=Apollo%2016&sample=65336,,0,no_relab_spectrum_for_parent_or_children
1227,65337,65337,Apollo 16,rake,,,https://www.lpi.usra.edu/lunar/samples/atlas/detail/?mission=Apollo%2016&sample=65337,,0,no_relab_spectrum_for_parent_or_children
1228,65338,65338,Apollo 16,rake,,,https://www.lpi.usra.edu/lunar/samples/atlas/detail/?mission=Apollo%2016&sample=65338,,0,no_relab_spectrum_for_parent_or_children
1229,65339,65339,Apollo 16,rake,,,https://www.lpi.usra.edu/lunar/samples/atlas/detail/?mission=Apollo%2016&sample=65339,,0,no_relab_spectrum_for_parent_or_children
1230,65345,65345,Apollo 16,rake,,,https://www.lpi.usra.edu/lunar/samples/atlas/detail/?mission=Apollo%2016&sample=65345,,0,no_relab_spectrum_for_parent_or_children
1231,65346,65346,Apollo 16,rake,,,https://www.lpi.usra.edu/lunar/samples/atlas/detail/?mission=Apollo%2016&sample=65346,,0,no_relab_spectrum_for_parent_or_children
1232,65347,65347,Apollo 16,rake,,,https://www.lpi.usra.edu/lunar/samples/atlas/detail/?mission=Apollo%2016&sample=65347,,0,no_relab_spectrum_for_parent_or_children
1233,65348,65348,Apollo 16,rake,,,https://www.lpi.usra.edu/lunar/samples/atlas/detail/?mission=Apollo%2016&sample=65348,,0,no_relab_spectrum_for_parent_or_children
1234,65349,65349,Apollo 16,rake,,,https://www.lpi.usra.edu/lunar/samples/atlas/detail/?mission=Apollo%2016&sample=65349,,0,no_relab_spectrum_for_parent_or_children
1235,65355,65355,Apollo 16,rake,,,https://www.lpi.usra.edu/lunar/samples/atlas/detail/?mission=Apollo%2016&sample=65355,,0,no_relab_spectrum_for_parent_or_children
1236,65356,65356,Apollo 16,rake,,,https://www.lpi.usra.edu/lunar/samples/atlas/detail/?mission=Apollo%2016&sample=65356,,0,no_relab_spectrum_for_parent_or_children
1237,65357,65357,Apollo 16,rake,impact melt breccia,"Light gray, coherent, poikilitic impact melt , and is rounded and covered with micrometeorite craters",https://www.lpi.usra.edu/lunar/samples/atlas/detail/?mission=Apollo%2016&sample=65357,,0,no_relab_spectrum_for_parent_or_children
1238,65358,65358,Apollo 16,rake,breccia,"coherent, but it is angular and more aluminous",https://www.lpi.usra.edu/lunar/samples/atlas/detail/?mission=Apollo%2016&sample=65358,,0,no_relab_spectrum_for_parent_or_children
1239,65359,65359,Apollo 16,rake,,,https://www.lpi.usra.edu/lunar/samples/atlas/detail/?mission=Apollo%2016&sample=65359,,0,no_relab_spectrum_for_parent_or_children
1240,65365,65365,Apollo 16,rake,,,https://www.lpi.usra.edu/lunar/samples/atlas/detail/?mission=Apollo%2016&sample=65365,,0,no_relab_spectrum_for_parent_or_children
1241,65366,65366,Apollo 16,rake,,,https://www.lpi.usra.edu/lunar/samples/atlas/detail/?mission=Apollo%2016&sample=65366,,0,no_relab_spectrum_for_parent_or_children
1242,65500,65500,Apollo 16,,soil,"Soil 65500 accompanies rake sample 65510. The sample area has no blocks larger tha 30 cm, it is a mostly sandy surface. The fines are loose with a gray surface and whitish subsurface. Numerous small craters are superposed on the 20 meter crater. Friable clods are included in the sample.",https://www.lpi.usra.edu/lunar/samples/atlas/detail/?mission=Apollo%2016&sample=65500,,0,no_relab_spectrum_for_parent_or_children
1243,65502,65502,Apollo 16,rake,,,https://www.lpi.usra.edu/lunar/samples/atlas/detail/?mission=Apollo%2016&sample=65502,,0,no_relab_spectrum_for_parent_or_children
1244,65503,65503,Apollo 16,rake,,,https://www.lpi.usra.edu/lunar/samples/atlas/detail/?mission=Apollo%2016&sample=65503,,0,no_relab_spectrum_for_parent_or_children
1245,65504,65504,Apollo 16,rake,,,https://www.lpi.usra.edu/lunar/samples/atlas/detail/?mission=Apollo%2016&sample=65504,,0,no_relab_spectrum_for_parent_or_children
1246,65510,65510,Apollo 16,rake,soil,soil clods,https://www.lpi.usra.edu/lunar/samples/atlas/detail/?mission=Apollo%2016&sample=65510,,0,no_relab_spectrum_for_parent_or_children
1247,65511,65511,Apollo 16,rake,,,https://www.lpi.usra.edu/lunar/samples/atlas/detail/?mission=Apollo%2016&sample=65511,,0,no_relab_spectrum_for_parent_or_children
1248,65512,65512,Apollo 16,rake,,,https://www.lpi.usra.edu/lunar/samples/atlas/detail/?mission=Apollo%2016&sample=65512,,0,no_relab_spectrum_for_parent_or_children
1249,65513,65513,Apollo 16,rake,,,https://www.lpi.usra.edu/lunar/samples/atlas/detail/?mission=Apollo%2016&sample=65513,,0,no_relab_spectrum_for_parent_or_children
1250,65514,65514,Apollo 16,rake,,,https://www.lpi.usra.edu/lunar/samples/atlas/detail/?mission=Apollo%2016&sample=65514,,0,no_relab_spectrum_for_parent_or_children
1251,65515,65515,Apollo 16,rake,breccia,"65515 to 65574 are a collection of very friable, rounded, brown-colored soil breccias, and have never been studied.",https://www.lpi.usra.edu/lunar/samples/atlas/detail/?mission=Apollo%2016&sample=65515,,0,no_relab_spectrum_for_parent_or_children
1252,65516,65516,Apollo 16,rake,breccia,"65515 to 65574 are a collection of very friable, rounded, brown-colored soil breccias, and have never been studied.",https://www.lpi.usra.edu/lunar/samples/atlas/detail/?mission=Apollo%2016&sample=65516,,0,no_relab_spectrum_for_parent_or_children
1253,65517,65517,Apollo 16,rake,breccia,"65515 to 65574 are a collection of very friable, rounded, brown-colored soil breccias, and have never been studied.",https://www.lpi.usra.edu/lunar/samples/atlas/detail/?mission=Apollo%2016&sample=65517,,0,no_relab_spectrum_for_parent_or_children
1254,65518,65518,Apollo 16,rake,breccia,"65515 to 65574 are a collection of very friable, rounded, brown-colored soil breccias, and have never been studied.",https://www.lpi.usra.edu/lunar/samples/atlas/detail/?mission=Apollo%2016&sample=65518,,0,no_relab_spectrum_for_parent_or_children
1255,65519,65519,Apollo 16,rake,breccia,"65515 to 65574 are a collection of very friable, rounded, brown-colored soil breccias, and have never been studied.",https://www.lpi.usra.edu/lunar/samples/atlas/detail/?mission=Apollo%2016&sample=65519,,0,no_relab_spectrum_for_parent_or_children
1256,65520,65520,Apollo 16,rake,,"65515 to 65574 are a collection of very friable, rounded, brown-colored soil breccias, and have never been studied.",https://www.lpi.usra.edu/lunar/samples/atlas/detail/?mission=Apollo%2016&sample=65520,,0,no_relab_spectrum_for_parent_or_children
1257,65521,65521,Apollo 16,rake,,"65515 to 65574 are a collection of very friable, rounded, brown-colored soil breccias, and have never been studied.",https://www.lpi.usra.edu/lunar/samples/atlas/detail/?mission=Apollo%2016&sample=65521,,0,no_relab_spectrum_for_parent_or_children
1258,65522,65522,Apollo 16,rake,,"65515 to 65574 are a collection of very friable, rounded, brown-colored soil breccias, and have never been studied.",https://www.lpi.usra.edu/lunar/samples/atlas/detail/?mission=Apollo%2016&sample=65522,,0,no_relab_spectrum_for_parent_or_children
1259,65523,65523,Apollo 16,rake,,"65515 to 65574 are a collection of very friable, rounded, brown-colored soil breccias, and have never been studied.",https://www.lpi.usra.edu/lunar/samples/atlas/detail/?mission=Apollo%2016&sample=65523,,0,no_relab_spectrum_for_parent_or_children
1260,65524,65524,Apollo 16,rake,,"65515 to 65574 are a collection of very friable, rounded, brown-colored soil breccias, and have never been studied.",https://www.lpi.usra.edu/lunar/samples/atlas/detail/?mission=Apollo%2016&sample=65524,,0,no_relab_spectrum_for_parent_or_children
1261,65525,65525,Apollo 16,rake,breccia,"65515 to 65574 are a collection of very friable, rounded, brown-colored soil breccias, and have never been studied.",https://www.lpi.usra.edu/lunar/samples/atlas/detail/?mission=Apollo%2016&sample=65525,,0,no_relab_spectrum_for_parent_or_children
1262,65526,65526,Apollo 16,rake,,"65515 to 65574 are a collection of very friable, rounded, brown-colored soil breccias, and have never been studied.",https://www.lpi.usra.edu/lunar/samples/atlas/detail/?mission=Apollo%2016&sample=65526,,0,no_relab_spectrum_for_parent_or_children
1263,65527,65527,Apollo 16,rake,,"65515 to 65574 are a collection of very friable, rounded, brown-colored soil breccias, and have never been studied.",https://www.lpi.usra.edu/lunar/samples/atlas/detail/?mission=Apollo%2016&sample=65527,,0,no_relab_spectrum_for_parent_or_children
1264,65528,65528,Apollo 16,rake,,"65515 to 65574 are a collection of very friable, rounded, brown-colored soil breccias, and have never been studied.",https://www.lpi.usra.edu/lunar/samples/atlas/detail/?mission=Apollo%2016&sample=65528,,0,no_relab_spectrum_for_parent_or_children
1265,65529,65529,Apollo 16,rake,,"65515 to 65574 are a collection of very friable, rounded, brown-colored soil breccias, and have never been studied.",https://www.lpi.usra.edu/lunar/samples/atlas/detail/?mission=Apollo%2016&sample=65529,,0,no_relab_spectrum_for_parent_or_children
1266,65530,65530,Apollo 16,rake,,"65515 to 65574 are a collection of very friable, rounded, brown-colored soil breccias, and have never been studied.",https://www.lpi.usra.edu/lunar/samples/atlas/detail/?mission=Apollo%2016&sample=65530,,0,no_relab_spectrum_for_parent_or_children
1267,65531,65531,Apollo 16,rake,,"65515 to 65574 are a collection of very friable, rounded, brown-colored soil breccias, and have never been studied.",https://www.lpi.usra.edu/lunar/samples/atlas/detail/?mission=Apollo%2016&sample=65531,,0,no_relab_spectrum_for_parent_or_children
1268,65532,65532,Apollo 16,rake,,"65515 to 65574 are a collection of very friable, rounded, brown-colored soil breccias, and have never been studied.",https://www.lpi.usra.edu/lunar/samples/atlas/detail/?mission=Apollo%2016&sample=65532,,0,no_relab_spectrum_for_parent_or_children
1269,65533,65533,Apollo 16,rake,,"65515 to 65574 are a collection of very friable, rounded, brown-colored soil breccias, and have never been studied.",https://www.lpi.usra.edu/lunar/samples/atlas/detail/?mission=Apollo%2016&sample=65533,,0,no_relab_spectrum_for_parent_or_children
1270,65534,65534,Apollo 16,rake,,"65515 to 65574 are a collection of very friable, rounded, brown-colored soil breccias, and have never been studied.",https://www.lpi.usra.edu/lunar/samples/atlas/detail/?mission=Apollo%2016&sample=65534,,0,no_relab_spectrum_for_parent_or_children
1271,65535,65535,Apollo 16,rake,,"65515 to 65574 are a collection of very friable, rounded, brown-colored soil breccias, and have never been studied.",https://www.lpi.usra.edu/lunar/samples/atlas/detail/?mission=Apollo%2016&sample=65535,,0,no_relab_spectrum_for_parent_or_children
1272,65536,65536,Apollo 16,rake,,"65515 to 65574 are a collection of very friable, rounded, brown-colored soil breccias, and have never been studied.",https://www.lpi.usra.edu/lunar/samples/atlas/detail/?mission=Apollo%2016&sample=65536,,0,no_relab_spectrum_for_parent_or_children
1273,65537,65537,Apollo 16,rake,,"65515 to 65574 are a collection of very friable, rounded, brown-colored soil breccias, and have never been studied.",https://www.lpi.usra.edu/lunar/samples/atlas/detail/?mission=Apollo%2016&sample=65537,,0,no_relab_spectrum_for_parent_or_children
1274,65538,65538,Apollo 16,rake,,"65515 to 65574 are a collection of very friable, rounded, brown-colored soil breccias, and have never been studied.",https://www.lpi.usra.edu/lunar/samples/atlas/detail/?mission=Apollo%2016&sample=65538,,0,no_relab_spectrum_for_parent_or_children
1275,65539,65539,Apollo 16,rake,,"65515 to 65574 are a collection of very friable, rounded, brown-colored soil breccias, and have never been studied.",https://www.lpi.usra.edu/lunar/samples/atlas/detail/?mission=Apollo%2016&sample=65539,,0,no_relab_spectrum_for_parent_or_children
1276,65540,65540,Apollo 16,rake,,"65515 to 65574 are a collection of very friable, rounded, brown-colored soil breccias, and have never been studied.",https://www.lpi.usra.edu/lunar/samples/atlas/detail/?mission=Apollo%2016&sample=65540,,0,no_relab_spectrum_for_parent_or_children
1277,65541,65541,Apollo 16,rake,,"65515 to 65574 are a collection of very friable, rounded, brown-colored soil breccias, and have never been studied.",https://www.lpi.usra.edu/lunar/samples/atlas/detail/?mission=Apollo%2016&sample=65541,,0,no_relab_spectrum_for_parent_or_children
1278,65542,65542,Apollo 16,rake,,"65515 to 65574 are a collection of very friable, rounded, brown-colored soil breccias, and have never been studied.",https://www.lpi.usra.edu/lunar/samples/atlas/detail/?mission=Apollo%2016&sample=65542,,0,no_relab_spectrum_for_parent_or_children
1279,65543,65543,Apollo 16,rake,,"65515 to 65574 are a collection of very friable, rounded, brown-colored soil breccias, and have never been studied.",https://www.lpi.usra.edu/lunar/samples/atlas/detail/?mission=Apollo%2016&sample=65543,,0,no_relab_spectrum_for_parent_or_children
1280,65544,65544,Apollo 16,rake,,"65515 to 65574 are a collection of very friable, rounded, brown-colored soil breccias, and have never been studied.",https://www.lpi.usra.edu/lunar/samples/atlas/detail/?mission=Apollo%2016&sample=65544,,0,no_relab_spectrum_for_parent_or_children
1281,65545,65545,Apollo 16,rake,,"65515 to 65574 are a collection of very friable, rounded, brown-colored soil breccias, and have never been studied.",https://www.lpi.usra.edu/lunar/samples/atlas/detail/?mission=Apollo%2016&sample=65545,,0,no_relab_spectrum_for_parent_or_children
1282,65546,65546,Apollo 16,rake,,"65515 to 65574 are a collection of very friable, rounded, brown-colored soil breccias, and have never been studied.",https://www.lpi.usra.edu/lunar/samples/atlas/detail/?mission=Apollo%2016&sample=65546,,0,no_relab_spectrum_for_parent_or_children
1283,65547,65547,Apollo 16,rake,,"65515 to 65574 are a collection of very friable, rounded, brown-colored soil breccias, and have never been studied.",https://www.lpi.usra.edu/lunar/samples/atlas/detail/?mission=Apollo%2016&sample=65547,,0,no_relab_spectrum_for_parent_or_children
1284,65548,65548,Apollo 16,rake,,"65515 to 65574 are a collection of very friable, rounded, brown-colored soil breccias, and have never been studied.",https://www.lpi.usra.edu/lunar/samples/atlas/detail/?mission=Apollo%2016&sample=65548,,0,no_relab_spectrum_for_parent_or_children
1285,65549,65549,Apollo 16,rake,,"65515 to 65574 are a collection of very friable, rounded, brown-colored soil breccias, and have never been studied.",https://www.lpi.usra.edu/lunar/samples/atlas/detail/?mission=Apollo%2016&sample=65549,,0,no_relab_spectrum_for_parent_or_children
1286,65550,65550,Apollo 16,rake,,"65515 to 65574 are a collection of very friable, rounded, brown-colored soil breccias, and have never been studied.",https://www.lpi.usra.edu/lunar/samples/atlas/detail/?mission=Apollo%2016&sample=65550,,0,no_relab_spectrum_for_parent_or_children
1287,65551,65551,Apollo 16,rake,,"65515 to 65574 are a collection of very friable, rounded, brown-colored soil breccias, and have never been studied.",https://www.lpi.usra.edu/lunar/samples/atlas/detail/?mission=Apollo%2016&sample=65551,,0,no_relab_spectrum_for_parent_or_children
1288,65552,65552,Apollo 16,rake,,"65515 to 65574 are a collection of very friable, rounded, brown-colored soil breccias, and have never been studied.",https://www.lpi.usra.edu/lunar/samples/atlas/detail/?mission=Apollo%2016&sample=65552,,0,no_relab_spectrum_for_parent_or_children
1289,65553,65553,Apollo 16,rake,,"65515 to 65574 are a collection of very friable, rounded, brown-colored soil breccias, and have never been studied.",https://www.lpi.usra.edu/lunar/samples/atlas/detail/?mission=Apollo%2016&sample=65553,,0,no_relab_spectrum_for_parent_or_children
1290,65554,65554,Apollo 16,rake,,"65515 to 65574 are a collection of very friable, rounded, brown-colored soil breccias, and have never been studied.",https://www.lpi.usra.edu/lunar/samples/atlas/detail/?mission=Apollo%2016&sample=65554,,0,no_relab_spectrum_for_parent_or_children
1291,65555,65555,Apollo 16,rake,,"65515 to 65574 are a collection of very friable, rounded, brown-colored soil breccias, and have never been studied.",https://www.lpi.usra.edu/lunar/samples/atlas/detail/?mission=Apollo%2016&sample=65555,,0,no_relab_spectrum_for_parent_or_children
1292,65556,65556,Apollo 16,rake,,"65515 to 65574 are a collection of very friable, rounded, brown-colored soil breccias, and have never been studied.",https://www.lpi.usra.edu/lunar/samples/atlas/detail/?mission=Apollo%2016&sample=65556,,0,no_relab_spectrum_for_parent_or_children
1293,65557,65557,Apollo 16,rake,,"65515 to 65574 are a collection of very friable, rounded, brown-colored soil breccias, and have never been studied.",https://www.lpi.usra.edu/lunar/samples/atlas/detail/?mission=Apollo%2016&sample=65557,,0,no_relab_spectrum_for_parent_or_children
1294,65558,65558,Apollo 16,rake,,"65515 to 65574 are a collection of very friable, rounded, brown-colored soil breccias, and have never been studied.",https://www.lpi.usra.edu/lunar/samples/atlas/detail/?mission=Apollo%2016&sample=65558,,0,no_relab_spectrum_for_parent_or_children
1295,65559,65559,Apollo 16,rake,,"65515 to 65574 are a collection of very friable, rounded, brown-colored soil breccias, and have never been studied.",https://www.lpi.usra.edu/lunar/samples/atlas/detail/?mission=Apollo%2016&sample=65559,,0,no_relab_spectrum_for_parent_or_children
1296,65560,65560,Apollo 16,rake,,"65515 to 65574 are a collection of very friable, rounded, brown-colored soil breccias, and have never been studied.",https://www.lpi.usra.edu/lunar/samples/atlas/detail/?mission=Apollo%2016&sample=65560,,0,no_relab_spectrum_for_parent_or_children
1297,65561,65561,Apollo 16,rake,,"65515 to 65574 are a collection of very friable, rounded, brown-colored soil breccias, and have never been studied.",https://www.lpi.usra.edu/lunar/samples/atlas/detail/?mission=Apollo%2016&sample=65561,,0,no_relab_spectrum_for_parent_or_children
1298,65562,65562,Apollo 16,rake,,"65515 to 65574 are a collection of very friable, rounded, brown-colored soil breccias, and have never been studied.",https://www.lpi.usra.edu/lunar/samples/atlas/detail/?mission=Apollo%2016&sample=65562,,0,no_relab_spectrum_for_parent_or_children
1299,65563,65563,Apollo 16,rake,,"65515 to 65574 are a collection of very friable, rounded, brown-colored soil breccias, and have never been studied.",https://www.lpi.usra.edu/lunar/samples/atlas/detail/?mission=Apollo%2016&sample=65563,,0,no_relab_spectrum_for_parent_or_children
1300,65564,65564,Apollo 16,rake,,"65515 to 65574 are a collection of very friable, rounded, brown-colored soil breccias, and have never been studied.",https://www.lpi.usra.edu/lunar/samples/atlas/detail/?mission=Apollo%2016&sample=65564,,0,no_relab_spectrum_for_parent_or_children
1301,65565,65565,Apollo 16,rake,,"65515 to 65574 are a collection of very friable, rounded, brown-colored soil breccias, and have never been studied.",https://www.lpi.usra.edu/lunar/samples/atlas/detail/?mission=Apollo%2016&sample=65565,,0,no_relab_spectrum_for_parent_or_children
1302,65566,65566,Apollo 16,rake,,"65515 to 65574 are a collection of very friable, rounded, brown-colored soil breccias, and have never been studied.",https://www.lpi.usra.edu/lunar/samples/atlas/detail/?mission=Apollo%2016&sample=65566,,0,no_relab_spectrum_for_parent_or_children
1303,65567,65567,Apollo 16,rake,,"65515 to 65574 are a collection of very friable, rounded, brown-colored soil breccias, and have never been studied.",https://www.lpi.usra.edu/lunar/samples/atlas/detail/?mission=Apollo%2016&sample=65567,,0,no_relab_spectrum_for_parent_or_children
1304,65568,65568,Apollo 16,rake,,"65515 to 65574 are a collection of very friable, rounded, brown-colored soil breccias, and have never been studied.",https://www.lpi.usra.edu/lunar/samples/atlas/detail/?mission=Apollo%2016&sample=65568,,0,no_relab_spectrum_for_parent_or_children
1305,65569,65569,Apollo 16,rake,,"65515 to 65574 are a collection of very friable, rounded, brown-colored soil breccias, and have never been studied.",https://www.lpi.usra.edu/lunar/samples/atlas/detail/?mission=Apollo%2016&sample=65569,,0,no_relab_spectrum_for_parent_or_children
1306,65570,65570,Apollo 16,rake,,"65515 to 65574 are a collection of very friable, rounded, brown-colored soil breccias, and have never been studied.",https://www.lpi.usra.edu/lunar/samples/atlas/detail/?mission=Apollo%2016&sample=65570,,0,no_relab_spectrum_for_parent_or_children
1307,65571,65571,Apollo 16,rake,,"65515 to 65574 are a collection of very friable, rounded, brown-colored soil breccias, and have never been studied.",https://www.lpi.usra.edu/lunar/samples/atlas/detail/?mission=Apollo%2016&sample=65571,,0,no_relab_spectrum_for_parent_or_children
1308,65572,65572,Apollo 16,rake,,"65515 to 65574 are a collection of very friable, rounded, brown-colored soil breccias, and have never been studied.",https://www.lpi.usra.edu/lunar/samples/atlas/detail/?mission=Apollo%2016&sample=65572,,0,no_relab_spectrum_for_parent_or_children
1309,65573,65573,Apollo 16,rake,,"65515 to 65574 are a collection of very friable, rounded, brown-colored soil breccias, and have never been studied.",https://www.lpi.usra.edu/lunar/samples/atlas/detail/?mission=Apollo%2016&sample=65573,,0,no_relab_spectrum_for_parent_or_children
1310,65574,65574,Apollo 16,rake,,"65515 to 65574 are a collection of very friable, rounded, brown-colored soil breccias, and have never been studied.",https://www.lpi.usra.edu/lunar/samples/atlas/detail/?mission=Apollo%2016&sample=65574,,0,no_relab_spectrum_for_parent_or_children
1311,65575,65575,Apollo 16,rake,,,https://www.lpi.usra.edu/lunar/samples/atlas/detail/?mission=Apollo%2016&sample=65575,,0,no_relab_spectrum_for_parent_or_children
1312,65576,65576,Apollo 16,rake,,,https://www.lpi.usra.edu/lunar/samples/atlas/detail/?mission=Apollo%2016&sample=65576,,0,no_relab_spectrum_for_parent_or_children
1313,65577,65577,Apollo 16,,,,https://www.lpi.usra.edu/lunar/samples/atlas/detail/?mission=Apollo%2016&sample=65577,,0,no_relab_spectrum_for_parent_or_children
1314,65578,65578,Apollo 16,rake,,,https://www.lpi.usra.edu/lunar/samples/atlas/detail/?mission=Apollo%2016&sample=65578,,0,no_relab_spectrum_for_parent_or_children
1315,65579,65579,Apollo 16,rake,,,https://www.lpi.usra.edu/lunar/samples/atlas/detail/?mission=Apollo%2016&sample=65579,,0,no_relab_spectrum_for_parent_or_children
1316,65580,65580,Apollo 16,rake,,,https://www.lpi.usra.edu/lunar/samples/atlas/detail/?mission=Apollo%2016&sample=65580,,0,no_relab_spectrum_for_parent_or_children
1317,65581,65581,Apollo 16,rake,,,https://www.lpi.usra.edu/lunar/samples/atlas/detail/?mission=Apollo%2016&sample=65581,,0,no_relab_spectrum_for_parent_or_children
1318,65582,65582,Apollo 16,rake,,,https://www.lpi.usra.edu/lunar/samples/atlas/detail/?mission=Apollo%2016&sample=65582,,0,no_relab_spectrum_for_parent_or_children
1319,65583,65583,Apollo 16,rake,,,https://www.lpi.usra.edu/lunar/samples/atlas/detail/?mission=Apollo%2016&sample=65583,,0,no_relab_spectrum_for_parent_or_children
1320,65584,65584,Apollo 16,rake,,,https://www.lpi.usra.edu/lunar/samples/atlas/detail/?mission=Apollo%2016&sample=65584,,0,no_relab_spectrum_for_parent_or_children
1321,65585,65585,Apollo 16,rake,,,https://www.lpi.usra.edu/lunar/samples/atlas/detail/?mission=Apollo%2016&sample=65585,,0,no_relab_spectrum_for_parent_or_children
1322,65586,65586,Apollo 16,rake,,,https://www.lpi.usra.edu/lunar/samples/atlas/detail/?mission=Apollo%2016&sample=65586,,0,no_relab_spectrum_for_parent_or_children
1323,65587,65587,Apollo 16,rake,,,https://www.lpi.usra.edu/lunar/samples/atlas/detail/?mission=Apollo%2016&sample=65587,,0,no_relab_spectrum_for_parent_or_children
1324,65588,65588,Apollo 16,rake,,,https://www.lpi.usra.edu/lunar/samples/atlas/detail/?mission=Apollo%2016&sample=65588,,0,no_relab_spectrum_for_parent_or_children
1325,65700,65700,Apollo 16,rake,soil,65700 and 65900 are surface soils to accompany the rake samples at Station 5. The sample area has a mostly sandy surface with no large blocks nearby. Fines in the area are extremely loose.,https://www.lpi.usra.edu/lunar/samples/atlas/detail/?mission=Apollo%2016&sample=65700,,0,no_relab_spectrum_for_parent_or_children
1326,65702,65702,Apollo 16,rake,,,https://www.lpi.usra.edu/lunar/samples/atlas/detail/?mission=Apollo%2016&sample=65702,,0,no_relab_spectrum_for_parent_or_children
1327,65703,65703,Apollo 16,rake,,,https://www.lpi.usra.edu/lunar/samples/atlas/detail/?mission=Apollo%2016&sample=65703,,0,no_relab_spectrum_for_parent_or_children
1328,65704,65704,Apollo 16,rake,,,https://www.lpi.usra.edu/lunar/samples/atlas/detail/?mission=Apollo%2016&sample=65704,,0,no_relab_spectrum_for_parent_or_children
1329,65710,65710,Apollo 16,rake,soil,"appears to be soil and rake residue from samples 65501, 65601 and 65701.",https://www.lpi.usra.edu/lunar/samples/atlas/detail/?mission=Apollo%2016&sample=65710,,0,no_relab_spectrum_for_parent_or_children
1330,65711,65711,Apollo 16,rake,,,https://www.lpi.usra.edu/lunar/samples/atlas/detail/?mission=Apollo%2016&sample=65711,,0,no_relab_spectrum_for_parent_or_children
1331,65712,65712,Apollo 16,rake,,,https://www.lpi.usra.edu/lunar/samples/atlas/detail/?mission=Apollo%2016&sample=65712,,0,no_relab_spectrum_for_parent_or_children
1332,65713,65713,Apollo 16,rake,,,https://www.lpi.usra.edu/lunar/samples/atlas/detail/?mission=Apollo%2016&sample=65713,,0,no_relab_spectrum_for_parent_or_children
1333,65714,65714,Apollo 16,rake,,,https://www.lpi.usra.edu/lunar/samples/atlas/detail/?mission=Apollo%2016&sample=65714,,0,no_relab_spectrum_for_parent_or_children
1334,65715,65715,Apollo 16,rake,breccia,Keil et al. (1972) and Ryder and Norman (1981) describe the sample as a friable grey and white breccia with abundant comminuted plagioclase.,https://www.lpi.usra.edu/lunar/samples/atlas/detail/?mission=Apollo%2016&sample=65715,,0,no_relab_spectrum_for_parent_or_children
1335,65716,65716,Apollo 16,rake,,,https://www.lpi.usra.edu/lunar/samples/atlas/detail/?mission=Apollo%2016&sample=65716,,0,no_relab_spectrum_for_parent_or_children
1336,65717,65717,Apollo 16,rake,,,https://www.lpi.usra.edu/lunar/samples/atlas/detail/?mission=Apollo%2016&sample=65717,,0,no_relab_spectrum_for_parent_or_children
1337,65718,65718,Apollo 16,rake,,,https://www.lpi.usra.edu/lunar/samples/atlas/detail/?mission=Apollo%2016&sample=65718,,0,no_relab_spectrum_for_parent_or_children
1338,65719,65719,Apollo 16,rake,,,https://www.lpi.usra.edu/lunar/samples/atlas/detail/?mission=Apollo%2016&sample=65719,,0,no_relab_spectrum_for_parent_or_children
1339,65720,65720,Apollo 16,rake,,,https://www.lpi.usra.edu/lunar/samples/atlas/detail/?mission=Apollo%2016&sample=65720,,0,no_relab_spectrum_for_parent_or_children
1340,65721,65721,Apollo 16,rake,,,https://www.lpi.usra.edu/lunar/samples/atlas/detail/?mission=Apollo%2016&sample=65721,,0,no_relab_spectrum_for_parent_or_children
1341,65722,65722,Apollo 16,rake,,,https://www.lpi.usra.edu/lunar/samples/atlas/detail/?mission=Apollo%2016&sample=65722,,0,no_relab_spectrum_for_parent_or_children
1342,65723,65723,Apollo 16,rake,,,https://www.lpi.usra.edu/lunar/samples/atlas/detail/?mission=Apollo%2016&sample=65723,,0,no_relab_spectrum_for_parent_or_children
1343,65724,65724,Apollo 16,rake,,,https://www.lpi.usra.edu/lunar/samples/atlas/detail/?mission=Apollo%2016&sample=65724,,0,no_relab_spectrum_for_parent_or_children
1344,65725,65725,Apollo 16,rake,,,https://www.lpi.usra.edu/lunar/samples/atlas/detail/?mission=Apollo%2016&sample=65725,,0,no_relab_spectrum_for_parent_or_children
1345,65726,65726,Apollo 16,rake,,,https://www.lpi.usra.edu/lunar/samples/atlas/detail/?mission=Apollo%2016&sample=65726,,0,no_relab_spectrum_for_parent_or_children
1346,65727,65727,Apollo 16,rake,,,https://www.lpi.usra.edu/lunar/samples/atlas/detail/?mission=Apollo%2016&sample=65727,,0,no_relab_spectrum_for_parent_or_children
1347,65728,65728,Apollo 16,rake,,,https://www.lpi.usra.edu/lunar/samples/atlas/detail/?mission=Apollo%2016&sample=65728,,0,no_relab_spectrum_for_parent_or_children
1348,65729,65729,Apollo 16,rake,,,https://www.lpi.usra.edu/lunar/samples/atlas/detail/?mission=Apollo%2016&sample=65729,,0,no_relab_spectrum_for_parent_or_children
1349,65730,65730,Apollo 16,rake,,,https://www.lpi.usra.edu/lunar/samples/atlas/detail/?mission=Apollo%2016&sample=65730,,0,no_relab_spectrum_for_parent_or_children
1350,65731,65731,Apollo 16,rake,,,https://www.lpi.usra.edu/lunar/samples/atlas/detail/?mission=Apollo%2016&sample=65731,,0,no_relab_spectrum_for_parent_or_children
1351,65732,65732,Apollo 16,rake,,,https://www.lpi.usra.edu/lunar/samples/atlas/detail/?mission=Apollo%2016&sample=65732,,0,no_relab_spectrum_for_parent_or_children
1352,65733,65733,Apollo 16,rake,,,https://www.lpi.usra.edu/lunar/samples/atlas/detail/?mission=Apollo%2016&sample=65733,,0,no_relab_spectrum_for_parent_or_children
1353,65734,65734,Apollo 16,rake,,,https://www.lpi.usra.edu/lunar/samples/atlas/detail/?mission=Apollo%2016&sample=65734,,0,no_relab_spectrum_for_parent_or_children
1354,65735,65735,Apollo 16,rake,,,https://www.lpi.usra.edu/lunar/samples/atlas/detail/?mission=Apollo%2016&sample=65735,,0,no_relab_spectrum_for_parent_or_children
1355,65736,65736,Apollo 16,rake,,,https://www.lpi.usra.edu/lunar/samples/atlas/detail/?mission=Apollo%2016&sample=65736,,0,no_relab_spectrum_for_parent_or_children
1356,65737,65737,Apollo 16,rake,,,https://www.lpi.usra.edu/lunar/samples/atlas/detail/?mission=Apollo%2016&sample=65737,,0,no_relab_spectrum_for_parent_or_children
1357,65738,65738,Apollo 16,rake,,,https://www.lpi.usra.edu/lunar/samples/atlas/detail/?mission=Apollo%2016&sample=65738,,0,no_relab_spectrum_for_parent_or_children
1358,65739,65739,Apollo 16,rake,,,https://www.lpi.usra.edu/lunar/samples/atlas/detail/?mission=Apollo%2016&sample=65739,,0,no_relab_spectrum_for_parent_or_children
1359,65740,65740,Apollo 16,rake,,,https://www.lpi.usra.edu/lunar/samples/atlas/detail/?mission=Apollo%2016&sample=65740,,0,no_relab_spectrum_for_parent_or_children
1360,65741,65741,Apollo 16,rake,,,https://www.lpi.usra.edu/lunar/samples/atlas/detail/?mission=Apollo%2016&sample=65741,,0,no_relab_spectrum_for_parent_or_children
1361,65742,65742,Apollo 16,rake,,,https://www.lpi.usra.edu/lunar/samples/atlas/detail/?mission=Apollo%2016&sample=65742,,0,no_relab_spectrum_for_parent_or_children
1362,65743,65743,Apollo 16,rake,,,https://www.lpi.usra.edu/lunar/samples/atlas/detail/?mission=Apollo%2016&sample=65743,,0,no_relab_spectrum_for_parent_or_children
1363,65744,65744,Apollo 16,rake,,,https://www.lpi.usra.edu/lunar/samples/atlas/detail/?mission=Apollo%2016&sample=65744,,0,no_relab_spectrum_for_parent_or_children
1364,65745,65745,Apollo 16,rake,breccia,"small brown soil breccia, seriate grain size distribution, with glass in the matrix",https://www.lpi.usra.edu/lunar/samples/atlas/detail/?mission=Apollo%2016&sample=65745,,0,no_relab_spectrum_for_parent_or_children
1365,65746,65746,Apollo 16,rake,,"small brown soil breccia, seriate grain size distribution, with glass in the matrix",https://www.lpi.usra.edu/lunar/samples/atlas/detail/?mission=Apollo%2016&sample=65746,,0,no_relab_spectrum_for_parent_or_children
1366,65747,65747,Apollo 16,rake,,"small brown soil breccia, seriate grain size distribution, with glass in the matrix",https://www.lpi.usra.edu/lunar/samples/atlas/detail/?mission=Apollo%2016&sample=65747,,0,no_relab_spectrum_for_parent_or_children
1367,65748,65748,Apollo 16,rake,,"small brown soil breccia, seriate grain size distribution, with glass in the matrix",https://www.lpi.usra.edu/lunar/samples/atlas/detail/?mission=Apollo%2016&sample=65748,,0,no_relab_spectrum_for_parent_or_children
1368,65749,65749,Apollo 16,rake,,"small brown soil breccia, seriate grain size distribution, with glass in the matrix",https://www.lpi.usra.edu/lunar/samples/atlas/detail/?mission=Apollo%2016&sample=65749,,0,no_relab_spectrum_for_parent_or_children
1369,65750,65750,Apollo 16,rake,,,https://www.lpi.usra.edu/lunar/samples/atlas/detail/?mission=Apollo%2016&sample=65750,,0,no_relab_spectrum_for_parent_or_children
1370,65751,65751,Apollo 16,rake,,,https://www.lpi.usra.edu/lunar/samples/atlas/detail/?mission=Apollo%2016&sample=65751,,0,no_relab_spectrum_for_parent_or_children
1371,65752,65752,Apollo 16,rake,,,https://www.lpi.usra.edu/lunar/samples/atlas/detail/?mission=Apollo%2016&sample=65752,,0,no_relab_spectrum_for_parent_or_children
1372,65753,65753,Apollo 16,rake,,,https://www.lpi.usra.edu/lunar/samples/atlas/detail/?mission=Apollo%2016&sample=65753,,0,no_relab_spectrum_for_parent_or_children
1373,65754,65754,Apollo 16,rake,,,https://www.lpi.usra.edu/lunar/samples/atlas/detail/?mission=Apollo%2016&sample=65754,,0,no_relab_spectrum_for_parent_or_children
1374,65755,65755,Apollo 16,rake,,"small brown soil breccia, seriate grain size distribution, with glass in the matrix",https://www.lpi.usra.edu/lunar/samples/atlas/detail/?mission=Apollo%2016&sample=65755,,0,no_relab_spectrum_for_parent_or_children
1375,65756,65756,Apollo 16,rake,,"small brown soil breccia, seriate grain size distribution, with glass in the matrix",https://www.lpi.usra.edu/lunar/samples/atlas/detail/?mission=Apollo%2016&sample=65756,,0,no_relab_spectrum_for_parent_or_children
1376,65757,65757,Apollo 16,rake,breccia,glassy object contains relatively large white clasts,https://www.lpi.usra.edu/lunar/samples/atlas/detail/?mission=Apollo%2016&sample=65757,,0,no_relab_spectrum_for_parent_or_children
1377,65758,65758,Apollo 16,rake,,,https://www.lpi.usra.edu/lunar/samples/atlas/detail/?mission=Apollo%2016&sample=65758,,0,no_relab_spectrum_for_parent_or_children
1378,65759,65759,Apollo 16,rake,,,https://www.lpi.usra.edu/lunar/samples/atlas/detail/?mission=Apollo%2016&sample=65759,,0,no_relab_spectrum_for_parent_or_children
1379,65760,65760,Apollo 16,rake,,,https://www.lpi.usra.edu/lunar/samples/atlas/detail/?mission=Apollo%2016&sample=65760,,0,no_relab_spectrum_for_parent_or_children
1380,65761,65761,Apollo 16,rake,,,https://www.lpi.usra.edu/lunar/samples/atlas/detail/?mission=Apollo%2016&sample=65761,,0,no_relab_spectrum_for_parent_or_children
1381,65762,65762,Apollo 16,rake,,,https://www.lpi.usra.edu/lunar/samples/atlas/detail/?mission=Apollo%2016&sample=65762,,0,no_relab_spectrum_for_parent_or_children
1382,65763,65763,Apollo 16,rake,,,https://www.lpi.usra.edu/lunar/samples/atlas/detail/?mission=Apollo%2016&sample=65763,,0,no_relab_spectrum_for_parent_or_children
1383,65764,65764,Apollo 16,rake,,,https://www.lpi.usra.edu/lunar/samples/atlas/detail/?mission=Apollo%2016&sample=65764,,0,no_relab_spectrum_for_parent_or_children
1384,65765,65765,Apollo 16,rake,,,https://www.lpi.usra.edu/lunar/samples/atlas/detail/?mission=Apollo%2016&sample=65765,,0,no_relab_spectrum_for_parent_or_children
1385,65766,65766,Apollo 16,rake,,,https://www.lpi.usra.edu/lunar/samples/atlas/detail/?mission=Apollo%2016&sample=65766,,0,no_relab_spectrum_for_parent_or_children
1386,65767,65767,Apollo 16,rake,breccia,glassy object contains relatively large white clasts,https://www.lpi.usra.edu/lunar/samples/atlas/detail/?mission=Apollo%2016&sample=65767,,0,no_relab_spectrum_for_parent_or_children
1387,65768,65768,Apollo 16,rake,,,https://www.lpi.usra.edu/lunar/samples/atlas/detail/?mission=Apollo%2016&sample=65768,,0,no_relab_spectrum_for_parent_or_children
1388,65769,65769,Apollo 16,rake,,,https://www.lpi.usra.edu/lunar/samples/atlas/detail/?mission=Apollo%2016&sample=65769,,0,no_relab_spectrum_for_parent_or_children
1389,65770,65770,Apollo 16,rake,,,https://www.lpi.usra.edu/lunar/samples/atlas/detail/?mission=Apollo%2016&sample=65770,,0,no_relab_spectrum_for_parent_or_children
1390,65771,65771,Apollo 16,rake,,,https://www.lpi.usra.edu/lunar/samples/atlas/detail/?mission=Apollo%2016&sample=65771,,0,no_relab_spectrum_for_parent_or_children
1391,65772,65772,Apollo 16,rake,,,https://www.lpi.usra.edu/lunar/samples/atlas/detail/?mission=Apollo%2016&sample=65772,,0,no_relab_spectrum_for_parent_or_children
1392,65773,65773,Apollo 16,rake,,,https://www.lpi.usra.edu/lunar/samples/atlas/detail/?mission=Apollo%2016&sample=65773,,0,no_relab_spectrum_for_parent_or_children
1393,65774,65774,Apollo 16,rake,,,https://www.lpi.usra.edu/lunar/samples/atlas/detail/?mission=Apollo%2016&sample=65774,,0,no_relab_spectrum_for_parent_or_children
1394,65775,65775,Apollo 16,rake,,,https://www.lpi.usra.edu/lunar/samples/atlas/detail/?mission=Apollo%2016&sample=65775,,0,no_relab_spectrum_for_parent_or_children
1395,65776,65776,Apollo 16,rake,,,https://www.lpi.usra.edu/lunar/samples/atlas/detail/?mission=Apollo%2016&sample=65776,,0,no_relab_spectrum_for_parent_or_children
1396,65777,65777,Apollo 16,rake,breccia,coherent crystalline impact melt breccia with poikilitic texture; has be dated at 3.7 b.y.,https://www.lpi.usra.edu/lunar/samples/atlas/detail/?mission=Apollo%2016&sample=65777,,0,no_relab_spectrum_for_parent_or_children
1397,65778,65778,Apollo 16,rake,breccia,coherent crystalline impact melt breccia with poikilitic texture,https://www.lpi.usra.edu/lunar/samples/atlas/detail/?mission=Apollo%2016&sample=65778,,0,no_relab_spectrum_for_parent_or_children
1398,65779,65779,Apollo 16,rake,breccia,"has a texture described as basaltic, rather than poikilitic; contains clasts of plagioclase, so it was a breccia before it crystallized",https://www.lpi.usra.edu/lunar/samples/atlas/detail/?mission=Apollo%2016&sample=65779,,0,no_relab_spectrum_for_parent_or_children
1399,65780,65780,Apollo 16,rake,,,https://www.lpi.usra.edu/lunar/samples/atlas/detail/?mission=Apollo%2016&sample=65780,,0,no_relab_spectrum_for_parent_or_children
1400,65781,65781,Apollo 16,rake,,,https://www.lpi.usra.edu/lunar/samples/atlas/detail/?mission=Apollo%2016&sample=65781,,0,no_relab_spectrum_for_parent_or_children
1401,65782,65782,Apollo 16,rake,,,https://www.lpi.usra.edu/lunar/samples/atlas/detail/?mission=Apollo%2016&sample=65782,,0,no_relab_spectrum_for_parent_or_children
1402,65783,65783,Apollo 16,rake,,,https://www.lpi.usra.edu/lunar/samples/atlas/detail/?mission=Apollo%2016&sample=65783,,0,no_relab_spectrum_for_parent_or_children
1403,65784,65784,Apollo 16,rake,,,https://www.lpi.usra.edu/lunar/samples/atlas/detail/?mission=Apollo%2016&sample=65784,,0,no_relab_spectrum_for_parent_or_children
1404,65785,65785,Apollo 16,rake,breccia,contains a coarse-grained pink spinel troctolite clast in a crystalline feldspathic impact melt rock; has been dated at 3.97 b.y. by one group and 3.83 b.y. by another.,https://www.lpi.usra.edu/lunar/samples/atlas/detail/?mission=Apollo%2016&sample=65785,,0,no_relab_spectrum_for_parent_or_children
1405,65786,65786,Apollo 16,rake,breccia,"a coherent, medium grey, polymict breccia with abundant glass in the matrix",https://www.lpi.usra.edu/lunar/samples/atlas/detail/?mission=Apollo%2016&sample=65786,,0,no_relab_spectrum_for_parent_or_children
1406,65787,65787,Apollo 16,rake,breccia,appears to have a ribbon of glass interior,https://www.lpi.usra.edu/lunar/samples/atlas/detail/?mission=Apollo%2016&sample=65787,,0,no_relab_spectrum_for_parent_or_children
1407,65788,65788,Apollo 16,rake,,,https://www.lpi.usra.edu/lunar/samples/atlas/detail/?mission=Apollo%2016&sample=65788,,0,no_relab_spectrum_for_parent_or_children
1408,65789,65789,Apollo 16,rake,breccia,chalky white rake sample,https://www.lpi.usra.edu/lunar/samples/atlas/detail/?mission=Apollo%2016&sample=65789,,0,no_relab_spectrum_for_parent_or_children
1409,65790,65790,Apollo 16,rake,,,https://www.lpi.usra.edu/lunar/samples/atlas/detail/?mission=Apollo%2016&sample=65790,,0,no_relab_spectrum_for_parent_or_children
1410,65791,65791,Apollo 16,rake,,,https://www.lpi.usra.edu/lunar/samples/atlas/detail/?mission=Apollo%2016&sample=65791,,0,no_relab_spectrum_for_parent_or_children
1411,65792,65792,Apollo 16,rake,,,https://www.lpi.usra.edu/lunar/samples/atlas/detail/?mission=Apollo%2016&sample=65792,,0,no_relab_spectrum_for_parent_or_children
1412,65793,65793,Apollo 16,rake,,,https://www.lpi.usra.edu/lunar/samples/atlas/detail/?mission=Apollo%2016&sample=65793,,0,no_relab_spectrum_for_parent_or_children
1413,65794,65794,Apollo 16,rake,,,https://www.lpi.usra.edu/lunar/samples/atlas/detail/?mission=Apollo%2016&sample=65794,,0,no_relab_spectrum_for_parent_or_children
1414,65795,65795,Apollo 16,rake,basalt,"basaltic texture, is highly aluminous; has been dated at 3.81 b.y.",https://www.lpi.usra.edu/lunar/samples/atlas/detail/?mission=Apollo%2016&sample=65795,,0,no_relab_spectrum_for_parent_or_children
1415,65900,65900,Apollo 16,,soil,a very mature soil with average grain size of 85 microns,https://www.lpi.usra.edu/lunar/samples/atlas/detail/?mission=Apollo%2016&sample=65900,,0,no_relab_spectrum_for_parent_or_children
1416,65903,65903,Apollo 16,,,,https://www.lpi.usra.edu/lunar/samples/atlas/detail/?mission=Apollo%2016&sample=65903,,0,no_relab_spectrum_for_parent_or_children
1417,65904,65904,Apollo 16,,,,https://www.lpi.usra.edu/lunar/samples/atlas/detail/?mission=Apollo%2016&sample=65904,,0,no_relab_spectrum_for_parent_or_children
1418,65905,65905,Apollo 16,,breccia,one of several dense particles found in soil sample 65901,https://www.lpi.usra.edu/lunar/samples/atlas/detail/?mission=Apollo%2016&sample=65905,,0,no_relab_spectrum_for_parent_or_children
1419,65906,65906,Apollo 16,,,,https://www.lpi.usra.edu/lunar/samples/atlas/detail/?mission=Apollo%2016&sample=65906,,0,no_relab_spectrum_for_parent_or_children
1420,65907,65907,Apollo 16,,,,https://www.lpi.usra.edu/lunar/samples/atlas/detail/?mission=Apollo%2016&sample=65907,,0,no_relab_spectrum_for_parent_or_children
1421,65915,65915,Apollo 16,,,,https://www.lpi.usra.edu/lunar/samples/atlas/detail/?mission=Apollo%2016&sample=65915,,0,no_relab_spectrum_for_parent_or_children
1422,65916,65916,Apollo 16,,,,https://www.lpi.usra.edu/lunar/samples/atlas/detail/?mission=Apollo%2016&sample=65916,,0,no_relab_spectrum_for_parent_or_children
1423,65920,65920,Apollo 16,rake,,65920 is the residue from a rake sample at the same location.,https://www.lpi.usra.edu/lunar/samples/atlas/detail/?mission=Apollo%2016&sample=65920,,0,no_relab_spectrum_for_parent_or_children
1424,65925,65925,Apollo 16,rake,breccia,"rounded, friable soil breccia",https://www.lpi.usra.edu/lunar/samples/atlas/detail/?mission=Apollo%2016&sample=65925,,0,no_relab_spectrum_for_parent_or_children
1425,65926,65926,Apollo 16,rake,breccia,"rounded, friable soil breccias",https://www.lpi.usra.edu/lunar/samples/atlas/detail/?mission=Apollo%2016&sample=65926,,0,no_relab_spectrum_for_parent_or_children
1426,65927,65927,Apollo 16,rake,breccia,"rounded, friable soil breccia",https://www.lpi.usra.edu/lunar/samples/atlas/detail/?mission=Apollo%2016&sample=65927,,0,no_relab_spectrum_for_parent_or_children
1427,66030,66030,Apollo 16,,soil,"66030 is a soil collected with an 8 cm breccia. It is supposed that the breccia is local ejecta, but the source crater is not obvious.",https://www.lpi.usra.edu/lunar/samples/atlas/detail/?mission=Apollo%2016&sample=66030,,0,no_relab_spectrum_for_parent_or_children
1428,66032,66032,Apollo 16,rake,,,https://www.lpi.usra.edu/lunar/samples/atlas/detail/?mission=Apollo%2016&sample=66032,,0,no_relab_spectrum_for_parent_or_children
1429,66033,66033,Apollo 16,rake,,,https://www.lpi.usra.edu/lunar/samples/atlas/detail/?mission=Apollo%2016&sample=66033,,0,no_relab_spectrum_for_parent_or_children
1430,66034,66034,Apollo 16,rake,,,https://www.lpi.usra.edu/lunar/samples/atlas/detail/?mission=Apollo%2016&sample=66034,,0,no_relab_spectrum_for_parent_or_children
1431,66035,66035,Apollo 16,rake,breccia,"regolith breccia, but has excess 40Ar and has been termed ""ancient regolith breccia"". 66035 has zap pits on all surfaces so it must have ""rolled or jumped"" on the regolith.",https://www.lpi.usra.edu/lunar/samples/atlas/detail/?mission=Apollo%2016&sample=66035,,0,no_relab_spectrum_for_parent_or_children
1432,66036,66036,Apollo 16,rake,breccia,"regolith breccia, but has excess 40Ar and has been termed ""ancient regolith breccia"".",https://www.lpi.usra.edu/lunar/samples/atlas/detail/?mission=Apollo%2016&sample=66036,,0,no_relab_spectrum_for_parent_or_children
1433,66037,66037,Apollo 16,,breccia,"regolith breccia, but has excess 40Ar and has been termed ""ancient regolith breccia"".",https://www.lpi.usra.edu/lunar/samples/atlas/detail/?mission=Apollo%2016&sample=66037,,0,no_relab_spectrum_for_parent_or_children
1434,66040,66040,Apollo 16,,soil,"Soils 66040 and 66030 and breccia 66055 were collected at the same location at Station 6. It is supposed that the breccia is local ejecta, but the source crater is not obvious. In the sample area 15-30 cm blocks are relatively common, soil is relatively firm compared to the looser regolith at Stations 4 and 5. Craters in the area are mostly < 5 meters.",https://www.lpi.usra.edu/lunar/samples/atlas/detail/?mission=Apollo%2016&sample=66040,,0,no_relab_spectrum_for_parent_or_children
1435,66042,66042,Apollo 16,,,,https://www.lpi.usra.edu/lunar/samples/atlas/detail/?mission=Apollo%2016&sample=66042,,0,no_relab_spectrum_for_parent_or_children
1436,66043,66043,Apollo 16,rake,,,https://www.lpi.usra.edu/lunar/samples/atlas/detail/?mission=Apollo%2016&sample=66043,,0,no_relab_spectrum_for_parent_or_children
1437,66044,66044,Apollo 16,rake,,,https://www.lpi.usra.edu/lunar/samples/atlas/detail/?mission=Apollo%2016&sample=66044,,0,no_relab_spectrum_for_parent_or_children
1438,66050,66050,Apollo 16,,,,https://www.lpi.usra.edu/lunar/samples/atlas/detail/?mission=Apollo%2016&sample=66050,,0,no_relab_spectrum_for_parent_or_children
1439,66055,66055,Apollo 16,rock,breccia,"complex polymict feldspathic breccia that appears to be intermediate between fragmental breccias and glassy melt breccias, with included abundant rounded patches of brown glass; is ~3.9 b.y. old, with an exposure to cosmic rays for 55 m.y.",https://www.lpi.usra.edu/lunar/samples/atlas/detail/?mission=Apollo%2016&sample=66055,,0,no_relab_spectrum_for_parent_or_children
1440,66070,66070,Apollo 16,,,,https://www.lpi.usra.edu/lunar/samples/atlas/detail/?mission=Apollo%2016&sample=66070,,0,no_relab_spectrum_for_parent_or_children
1441,66075,66075,Apollo 16,rock,fragmental breccia,"one of many coherent, light matrix breccias from Apollo 16 and has about equal amounts of both dark and light aphanitic clasts; has been dated at about 3.8 b.y.",https://www.lpi.usra.edu/lunar/samples/atlas/detail/?mission=Apollo%2016&sample=66075,,0,no_relab_spectrum_for_parent_or_children
1442,66080,66080,Apollo 16,,soil,an indurated clod of white impact ejecta; possibly from South Ray crater.,https://www.lpi.usra.edu/lunar/samples/atlas/detail/?mission=Apollo%2016&sample=66080,,0,no_relab_spectrum_for_parent_or_children
1443,66081,66081,Apollo 16,rake,soil,collected from a small subdued crater on the Cayley Plain near Stone Mountain,https://www.lpi.usra.edu/lunar/samples/atlas/detail/?mission=Apollo%2016&sample=66081,,0,no_relab_spectrum_for_parent_or_children
1444,66082,66082,Apollo 16,,,,https://www.lpi.usra.edu/lunar/samples/atlas/detail/?mission=Apollo%2016&sample=66082,,0,no_relab_spectrum_for_parent_or_children
1445,66083,66083,Apollo 16,rake,,,https://www.lpi.usra.edu/lunar/samples/atlas/detail/?mission=Apollo%2016&sample=66083,,0,no_relab_spectrum_for_parent_or_children
1446,66084,66084,Apollo 16,rake,,,https://www.lpi.usra.edu/lunar/samples/atlas/detail/?mission=Apollo%2016&sample=66084,,0,no_relab_spectrum_for_parent_or_children
1447,66085,66085,Apollo 16,,,,https://www.lpi.usra.edu/lunar/samples/atlas/detail/?mission=Apollo%2016&sample=66085,,0,no_relab_spectrum_for_parent_or_children
1448,66086,66086,Apollo 16,,,,https://www.lpi.usra.edu/lunar/samples/atlas/detail/?mission=Apollo%2016&sample=66086,,0,no_relab_spectrum_for_parent_or_children
1449,66090,66090,Apollo 16,,,,https://www.lpi.usra.edu/lunar/samples/atlas/detail/?mission=Apollo%2016&sample=66090,,0,no_relab_spectrum_for_parent_or_children
1450,66095,66095,Apollo 16,rock,breccia,"labeled ""Rusty Rock""; has abundant zap pits on one side, and is 3.8 b.y., and cosmic ray exposure is 40-80 m.y.",https://www.lpi.usra.edu/lunar/samples/atlas/detail/?mission=Apollo%2016&sample=66095,,0,no_relab_spectrum_for_parent_or_children
1451,66236,66236,Apollo 16,rake,,,https://www.lpi.usra.edu/lunar/samples/atlas/detail/?mission=Apollo%2016&sample=66236,,0,no_relab_spectrum_for_parent_or_children
1452,67015,67015,Apollo 16,rake,breccia,"fragmental matrix breccia, mostly feldspar, but with a wide range of highland lithologies represented as loose clasts in the matrix; have been dated at 3.9 b.y. and the breccias, itself, has had an exposure to cosmic ray of 51 m.y.",https://www.lpi.usra.edu/lunar/samples/atlas/detail/?mission=Apollo%2016&sample=67015,,0,no_relab_spectrum_for_parent_or_children
1453,67016,67016,Apollo 16,,breccia,"67016 is a feldspathic fragmental breccia with both light and dark clasts, and is 3.95 b.y. old with an exposure age of 50 m.y.",https://www.lpi.usra.edu/lunar/samples/atlas/detail/?mission=Apollo%2016&sample=67016,,0,no_relab_spectrum_for_parent_or_children
1454,67020,67020,Apollo 16,rake,,,https://www.lpi.usra.edu/lunar/samples/atlas/detail/?mission=Apollo%2016&sample=67020,,0,no_relab_spectrum_for_parent_or_children
1455,67025,67025,Apollo 16,rake,breccia,glass-coated crystalline rock with basaltic melt surrounding xenoliths of plagioclase.,https://www.lpi.usra.edu/lunar/samples/atlas/detail/?mission=Apollo%2016&sample=67025,,0,no_relab_spectrum_for_parent_or_children
1456,67035,67035,Apollo 16,rock,fragmental breccia,"Very friable, light matrix breccia; was found to be 3.95 b.y.",https://www.lpi.usra.edu/lunar/samples/atlas/detail/?mission=Apollo%2016&sample=67035,,0,no_relab_spectrum_for_parent_or_children
1457,67050,67050,Apollo 16,rake,,,https://www.lpi.usra.edu/lunar/samples/atlas/detail/?mission=Apollo%2016&sample=67050,,0,no_relab_spectrum_for_parent_or_children
1458,67055,67055,Apollo 16,rock,breccia,"black and white breccia; high trace element content, but has not been dated.",https://www.lpi.usra.edu/lunar/samples/atlas/detail/?mission=Apollo%2016&sample=67055,,0,no_relab_spectrum_for_parent_or_children
1459,67070,67070,Apollo 16,rake,,,https://www.lpi.usra.edu/lunar/samples/atlas/detail/?mission=Apollo%2016&sample=67070,,0,no_relab_spectrum_for_parent_or_children
1460,67075,67075,Apollo 16,rock,anorthite,"Lunar sample 67075 is very friable. Detailed petrographic description showed that the sample may be a mixture of closely related anorthositic rocks from a layered igneous intrusion, and it has been shown to be 4.47 b.y. old, with about 50 m.y. exposure to cosmic rays",https://www.lpi.usra.edu/lunar/samples/atlas/detail/?mission=Apollo%2016&sample=67075,,0,no_relab_spectrum_for_parent_or_children
1461,67090,67090,Apollo 16,,,,https://www.lpi.usra.edu/lunar/samples/atlas/detail/?mission=Apollo%2016&sample=67090,,0,no_relab_spectrum_for_parent_or_children
1462,67110,67110,Apollo 16,,,,https://www.lpi.usra.edu/lunar/samples/atlas/detail/?mission=Apollo%2016&sample=67110,,0,no_relab_spectrum_for_parent_or_children
1463,67115,67115,Apollo 16,,breccia,"glass coat is rather thick, but has been fractured and broken off by micrometeorite bombardment",https://www.lpi.usra.edu/lunar/samples/atlas/detail/?mission=Apollo%2016&sample=67115,,0,no_relab_spectrum_for_parent_or_children
1464,67215,67215,Apollo 16,rake,breccia,white polymict breccia made up of mostly calcic plagioclase and a few relict lithic clasts and has lots of zap pits on top and bottom,https://www.lpi.usra.edu/lunar/samples/atlas/detail/?mission=Apollo%2016&sample=67215,,0,no_relab_spectrum_for_parent_or_children
1465,67235,67235,Apollo 16,,impact melt breccia,67235 is a large special sample that was collected to study the outer surface of a lunar rock.,https://www.lpi.usra.edu/lunar/samples/atlas/detail/?mission=Apollo%2016&sample=67235,,0,no_relab_spectrum_for_parent_or_children
1466,67410,67410,Apollo 16,,,,https://www.lpi.usra.edu/lunar/samples/atlas/detail/?mission=Apollo%2016&sample=67410,,0,no_relab_spectrum_for_parent_or_children
1467,67415,67415,Apollo 16,rake,breccia,"According to Lindstrom and Lindstrom (1986), 67415 is a lightly-shocked, granulitic breccia with a cataclastic matrix.",https://www.lpi.usra.edu/lunar/samples/atlas/detail/?mission=Apollo%2016&sample=67415,,0,no_relab_spectrum_for_parent_or_children
1468,67430,67430,Apollo 16,,,,https://www.lpi.usra.edu/lunar/samples/atlas/detail/?mission=Apollo%2016&sample=67430,,0,no_relab_spectrum_for_parent_or_children
1469,67435,67435,Apollo 16,,breccia,grey matrix breccias with both dark and light clasts,https://www.lpi.usra.edu/lunar/samples/atlas/detail/?mission=Apollo%2016&sample=67435,,0,no_relab_spectrum_for_parent_or_children
1470,67438,67438,Apollo 16,rake,,,https://www.lpi.usra.edu/lunar/samples/atlas/detail/?mission=Apollo%2016&sample=67438,,0,no_relab_spectrum_for_parent_or_children
1471,67450,67450,Apollo 16,,,,https://www.lpi.usra.edu/lunar/samples/atlas/detail/?mission=Apollo%2016&sample=67450,,0,no_relab_spectrum_for_parent_or_children
1472,67460,67460,Apollo 16,,,,https://www.lpi.usra.edu/lunar/samples/atlas/detail/?mission=Apollo%2016&sample=67460,,0,no_relab_spectrum_for_parent_or_children
1473,67462,67462,Apollo 16,,,,https://www.lpi.usra.edu/lunar/samples/atlas/detail/?mission=Apollo%2016&sample=67462,,0,no_relab_spectrum_for_parent_or_children
1474,67463,67463,Apollo 16,,,,https://www.lpi.usra.edu/lunar/samples/atlas/detail/?mission=Apollo%2016&sample=67463,,0,no_relab_spectrum_for_parent_or_children
1475,67464,67464,Apollo 16,rake,,,https://www.lpi.usra.edu/lunar/samples/atlas/detail/?mission=Apollo%2016&sample=67464,,0,no_relab_spectrum_for_parent_or_children
1476,67480,67480,Apollo 16,rake,soil,"Reference soil 67840 accompanies rake sample 67510; sample area is in a local north-south swale, the surface is soft and fine; fragments greater than 10 cm are sparse and the crew reported ""sinking in on the slopes about 6 inches.""",https://www.lpi.usra.edu/lunar/samples/atlas/detail/?mission=Apollo%2016&sample=67480,,0,no_relab_spectrum_for_parent_or_children
1477,67482,67482,Apollo 16,,,,https://www.lpi.usra.edu/lunar/samples/atlas/detail/?mission=Apollo%2016&sample=67482,,0,no_relab_spectrum_for_parent_or_children
1478,67483,67483,Apollo 16,,,,https://www.lpi.usra.edu/lunar/samples/atlas/detail/?mission=Apollo%2016&sample=67483,,0,no_relab_spectrum_for_parent_or_children
1479,67484,67484,Apollo 16,rake,,,https://www.lpi.usra.edu/lunar/samples/atlas/detail/?mission=Apollo%2016&sample=67484,,0,no_relab_spectrum_for_parent_or_children
1480,67485,67485,Apollo 16,rake,impact melt breccia,crystalline impact melt,https://www.lpi.usra.edu/lunar/samples/atlas/detail/?mission=Apollo%2016&sample=67485,,0,no_relab_spectrum_for_parent_or_children
1481,67486,67486,Apollo 16,rake,,,https://www.lpi.usra.edu/lunar/samples/atlas/detail/?mission=Apollo%2016&sample=67486,,0,no_relab_spectrum_for_parent_or_children
1482,67487,67487,Apollo 16,rake,,,https://www.lpi.usra.edu/lunar/samples/atlas/detail/?mission=Apollo%2016&sample=67487,,0,no_relab_spectrum_for_parent_or_children
1483,67488,67488,Apollo 16,rake,impact melt breccia,crystalline impact melts,https://www.lpi.usra.edu/lunar/samples/atlas/detail/?mission=Apollo%2016&sample=67488,,0,no_relab_spectrum_for_parent_or_children
1484,67489,67489,Apollo 16,rake,,,https://www.lpi.usra.edu/lunar/samples/atlas/detail/?mission=Apollo%2016&sample=67489,,0,no_relab_spectrum_for_parent_or_children
1485,67495,67495,Apollo 16,rake,,,https://www.lpi.usra.edu/lunar/samples/atlas/detail/?mission=Apollo%2016&sample=67495,,0,no_relab_spectrum_for_parent_or_children
1486,67510,67510,Apollo 16,rake,soil,noticeably coarser grain size and less mature compared with other lunar soils probably due to the fact that NRC is only 50 m.y. old,https://www.lpi.usra.edu/lunar/samples/atlas/detail/?mission=Apollo%2016&sample=67510,,0,no_relab_spectrum_for_parent_or_children
1487,67512,67512,Apollo 16,rake,,,https://www.lpi.usra.edu/lunar/samples/atlas/detail/?mission=Apollo%2016&sample=67512,,0,no_relab_spectrum_for_parent_or_children
1488,67513,67513,Apollo 16,rake,,,https://www.lpi.usra.edu/lunar/samples/atlas/detail/?mission=Apollo%2016&sample=67513,,0,no_relab_spectrum_for_parent_or_children
1489,67514,67514,Apollo 16,rake,,,https://www.lpi.usra.edu/lunar/samples/atlas/detail/?mission=Apollo%2016&sample=67514,,0,no_relab_spectrum_for_parent_or_children
1490,67515,67515,Apollo 16,rake,breccia,"friable, chalky white rock containing lithic fragments of cataclastic anorthosite and feldspathic granulite",https://www.lpi.usra.edu/lunar/samples/atlas/detail/?mission=Apollo%2016&sample=67515,,0,no_relab_spectrum_for_parent_or_children
1491,67516,67516,Apollo 16,rake,breccia,"friable, chalky white rock containing lithic fragments of cataclastic anorthosite and feldspathic granulite",https://www.lpi.usra.edu/lunar/samples/atlas/detail/?mission=Apollo%2016&sample=67516,,0,no_relab_spectrum_for_parent_or_children
1492,67517,67517,Apollo 16,rake,breccia,"friable, chalky white rock containing lithic fragments of cataclastic anorthosite and feldspathic granulite",https://www.lpi.usra.edu/lunar/samples/atlas/detail/?mission=Apollo%2016&sample=67517,,0,no_relab_spectrum_for_parent_or_children
1493,67518,67518,Apollo 16,rake,breccia,"friable, chalky white rock containing lithic fragments of cataclastic anorthosite and feldspathic granulite",https://www.lpi.usra.edu/lunar/samples/atlas/detail/?mission=Apollo%2016&sample=67518,,0,no_relab_spectrum_for_parent_or_children
1494,67519,67519,Apollo 16,rake,breccia,"friable, chalky white rock containing lithic fragments of cataclastic anorthosite and feldspathic granulite",https://www.lpi.usra.edu/lunar/samples/atlas/detail/?mission=Apollo%2016&sample=67519,,0,no_relab_spectrum_for_parent_or_children
1495,67520,67520,Apollo 16,rake,,,https://www.lpi.usra.edu/lunar/samples/atlas/detail/?mission=Apollo%2016&sample=67520,,0,no_relab_spectrum_for_parent_or_children
1496,67521,67521,Apollo 16,rake,,,https://www.lpi.usra.edu/lunar/samples/atlas/detail/?mission=Apollo%2016&sample=67521,,0,no_relab_spectrum_for_parent_or_children
1497,67522,67522,Apollo 16,rake,,,https://www.lpi.usra.edu/lunar/samples/atlas/detail/?mission=Apollo%2016&sample=67522,,0,no_relab_spectrum_for_parent_or_children
1498,67523,67523,Apollo 16,rake,,,https://www.lpi.usra.edu/lunar/samples/atlas/detail/?mission=Apollo%2016&sample=67523,,0,no_relab_spectrum_for_parent_or_children
1499,67524,67524,Apollo 16,rake,,,https://www.lpi.usra.edu/lunar/samples/atlas/detail/?mission=Apollo%2016&sample=67524,,0,no_relab_spectrum_for_parent_or_children
1500,67525,67525,Apollo 16,rake,,,https://www.lpi.usra.edu/lunar/samples/atlas/detail/?mission=Apollo%2016&sample=67525,,0,no_relab_spectrum_for_parent_or_children
1501,67526,67526,Apollo 16,rake,,,https://www.lpi.usra.edu/lunar/samples/atlas/detail/?mission=Apollo%2016&sample=67526,,0,no_relab_spectrum_for_parent_or_children
1502,67527,67527,Apollo 16,rake,,,https://www.lpi.usra.edu/lunar/samples/atlas/detail/?mission=Apollo%2016&sample=67527,,0,no_relab_spectrum_for_parent_or_children
1503,67528,67528,Apollo 16,rake,,,https://www.lpi.usra.edu/lunar/samples/atlas/detail/?mission=Apollo%2016&sample=67528,,0,no_relab_spectrum_for_parent_or_children
1504,67529,67529,Apollo 16,rake,,cataclastic anorthosite,https://www.lpi.usra.edu/lunar/samples/atlas/detail/?mission=Apollo%2016&sample=67529,,0,no_relab_spectrum_for_parent_or_children
1505,67530,67530,Apollo 16,rake,,,https://www.lpi.usra.edu/lunar/samples/atlas/detail/?mission=Apollo%2016&sample=67530,,0,no_relab_spectrum_for_parent_or_children
1506,67531,67531,Apollo 16,rake,,,https://www.lpi.usra.edu/lunar/samples/atlas/detail/?mission=Apollo%2016&sample=67531,,0,no_relab_spectrum_for_parent_or_children
1507,67532,67532,Apollo 16,rake,,,https://www.lpi.usra.edu/lunar/samples/atlas/detail/?mission=Apollo%2016&sample=67532,,0,no_relab_spectrum_for_parent_or_children
1508,67533,67533,Apollo 16,rake,,,https://www.lpi.usra.edu/lunar/samples/atlas/detail/?mission=Apollo%2016&sample=67533,,0,no_relab_spectrum_for_parent_or_children
1509,67534,67534,Apollo 16,rake,,,https://www.lpi.usra.edu/lunar/samples/atlas/detail/?mission=Apollo%2016&sample=67534,,0,no_relab_spectrum_for_parent_or_children
1510,67535,67535,Apollo 16,rake,,,https://www.lpi.usra.edu/lunar/samples/atlas/detail/?mission=Apollo%2016&sample=67535,,0,no_relab_spectrum_for_parent_or_children
1511,67536,67536,Apollo 16,rake,,,https://www.lpi.usra.edu/lunar/samples/atlas/detail/?mission=Apollo%2016&sample=67536,,0,no_relab_spectrum_for_parent_or_children
1512,67537,67537,Apollo 16,rake,,,https://www.lpi.usra.edu/lunar/samples/atlas/detail/?mission=Apollo%2016&sample=67537,,0,no_relab_spectrum_for_parent_or_children
1513,67538,67538,Apollo 16,rake,,,https://www.lpi.usra.edu/lunar/samples/atlas/detail/?mission=Apollo%2016&sample=67538,,0,no_relab_spectrum_for_parent_or_children
1514,67539,67539,Apollo 16,rake,,,https://www.lpi.usra.edu/lunar/samples/atlas/detail/?mission=Apollo%2016&sample=67539,,0,no_relab_spectrum_for_parent_or_children
1515,67540,67540,Apollo 16,rake,,,https://www.lpi.usra.edu/lunar/samples/atlas/detail/?mission=Apollo%2016&sample=67540,,0,no_relab_spectrum_for_parent_or_children
1516,67541,67541,Apollo 16,rake,,,https://www.lpi.usra.edu/lunar/samples/atlas/detail/?mission=Apollo%2016&sample=67541,,0,no_relab_spectrum_for_parent_or_children
1517,67542,67542,Apollo 16,rake,,,https://www.lpi.usra.edu/lunar/samples/atlas/detail/?mission=Apollo%2016&sample=67542,,0,no_relab_spectrum_for_parent_or_children
1518,67543,67543,Apollo 16,rake,,,https://www.lpi.usra.edu/lunar/samples/atlas/detail/?mission=Apollo%2016&sample=67543,,0,no_relab_spectrum_for_parent_or_children
1519,67544,67544,Apollo 16,rake,,,https://www.lpi.usra.edu/lunar/samples/atlas/detail/?mission=Apollo%2016&sample=67544,,0,no_relab_spectrum_for_parent_or_children
1520,67545,67545,Apollo 16,rake,,"contains unusual clasts, some with abundant melt, some with abundant Fe-rich olivine and ferro-augite; zap pits on the outer surfaces",https://www.lpi.usra.edu/lunar/samples/atlas/detail/?mission=Apollo%2016&sample=67545,,0,no_relab_spectrum_for_parent_or_children
1521,67546,67546,Apollo 16,rake,breccia,porous and rounded with a light matrix and both light and dark clasts.,https://www.lpi.usra.edu/lunar/samples/atlas/detail/?mission=Apollo%2016&sample=67546,,0,no_relab_spectrum_for_parent_or_children
1522,67547,67547,Apollo 16,rake,,,https://www.lpi.usra.edu/lunar/samples/atlas/detail/?mission=Apollo%2016&sample=67547,,0,no_relab_spectrum_for_parent_or_children
1523,67548,67548,Apollo 16,rake,,,https://www.lpi.usra.edu/lunar/samples/atlas/detail/?mission=Apollo%2016&sample=67548,,0,no_relab_spectrum_for_parent_or_children
1524,67549,67549,Apollo 16,rake,breccia,porous and rounded with a light matrix and both light and dark clasts,https://www.lpi.usra.edu/lunar/samples/atlas/detail/?mission=Apollo%2016&sample=67549,,0,no_relab_spectrum_for_parent_or_children
1525,67550,67550,Apollo 16,rake,,,https://www.lpi.usra.edu/lunar/samples/atlas/detail/?mission=Apollo%2016&sample=67550,,0,no_relab_spectrum_for_parent_or_children
1526,67551,67551,Apollo 16,rake,,,https://www.lpi.usra.edu/lunar/samples/atlas/detail/?mission=Apollo%2016&sample=67551,,0,no_relab_spectrum_for_parent_or_children
1527,67552,67552,Apollo 16,rake,,,https://www.lpi.usra.edu/lunar/samples/atlas/detail/?mission=Apollo%2016&sample=67552,,0,no_relab_spectrum_for_parent_or_children
1528,67553,67553,Apollo 16,rake,,,https://www.lpi.usra.edu/lunar/samples/atlas/detail/?mission=Apollo%2016&sample=67553,,0,no_relab_spectrum_for_parent_or_children
1529,67554,67554,Apollo 16,rake,,,https://www.lpi.usra.edu/lunar/samples/atlas/detail/?mission=Apollo%2016&sample=67554,,0,no_relab_spectrum_for_parent_or_children
1530,67555,67555,Apollo 16,rake,,,https://www.lpi.usra.edu/lunar/samples/atlas/detail/?mission=Apollo%2016&sample=67555,,0,no_relab_spectrum_for_parent_or_children
1531,67556,67556,Apollo 16,rake,breccia,a friable micropoikilitic impact melt with intrusive glass veins. It has a micrometeorite crater.,https://www.lpi.usra.edu/lunar/samples/atlas/detail/?mission=Apollo%2016&sample=67556,,0,no_relab_spectrum_for_parent_or_children
1532,67557,67557,Apollo 16,rake,,,https://www.lpi.usra.edu/lunar/samples/atlas/detail/?mission=Apollo%2016&sample=67557,,0,no_relab_spectrum_for_parent_or_children
1533,67558,67558,Apollo 16,rake,,,https://www.lpi.usra.edu/lunar/samples/atlas/detail/?mission=Apollo%2016&sample=67558,,0,no_relab_spectrum_for_parent_or_children
1534,67559,67559,Apollo 16,rake,basalt,"igneous texture indicating that it cooled from a liquid, albeit, highly aluminous. It contains a trace of Ni, Ir and Au and has been dated at 3.76 ± 0.04 b.y., which makes it a critical sample.",https://www.lpi.usra.edu/lunar/samples/atlas/detail/?mission=Apollo%2016&sample=67559,,0,no_relab_spectrum_for_parent_or_children
1535,67560,67560,Apollo 16,rake,,,https://www.lpi.usra.edu/lunar/samples/atlas/detail/?mission=Apollo%2016&sample=67560,,0,no_relab_spectrum_for_parent_or_children
1536,67561,67561,Apollo 16,rake,,,https://www.lpi.usra.edu/lunar/samples/atlas/detail/?mission=Apollo%2016&sample=67561,,0,no_relab_spectrum_for_parent_or_children
1537,67562,67562,Apollo 16,rake,,,https://www.lpi.usra.edu/lunar/samples/atlas/detail/?mission=Apollo%2016&sample=67562,,0,no_relab_spectrum_for_parent_or_children
1538,67563,67563,Apollo 16,rake,,,https://www.lpi.usra.edu/lunar/samples/atlas/detail/?mission=Apollo%2016&sample=67563,,0,no_relab_spectrum_for_parent_or_children
1539,67564,67564,Apollo 16,rake,,,https://www.lpi.usra.edu/lunar/samples/atlas/detail/?mission=Apollo%2016&sample=67564,,0,no_relab_spectrum_for_parent_or_children
1540,67565,67565,Apollo 16,rake,breccia,micropoikitiic texture with interlocking oikocrysts of pyroxene surrounding chadocrysts of plagioclase. Ilmenite is concentrated at the boundaries of the pyroxene oikocysts.,https://www.lpi.usra.edu/lunar/samples/atlas/detail/?mission=Apollo%2016&sample=67565,,0,no_relab_spectrum_for_parent_or_children
1541,67566,67566,Apollo 16,rake,breccia,"glass-laden fragments; Ryder and Norman (1980) reported that 67566 had a ""granoblastic"" texture. The protolith was clearly a breccia.",https://www.lpi.usra.edu/lunar/samples/atlas/detail/?mission=Apollo%2016&sample=67566,,0,no_relab_spectrum_for_parent_or_children
1542,67567,67567,Apollo 16,rake,breccia,glass-laden fragments,https://www.lpi.usra.edu/lunar/samples/atlas/detail/?mission=Apollo%2016&sample=67567,,0,no_relab_spectrum_for_parent_or_children
1543,67568,67568,Apollo 16,rake,breccia,glass-laden fragments,https://www.lpi.usra.edu/lunar/samples/atlas/detail/?mission=Apollo%2016&sample=67568,,0,no_relab_spectrum_for_parent_or_children
1544,67569,67569,Apollo 16,rake,breccia,glass-laden fragments,https://www.lpi.usra.edu/lunar/samples/atlas/detail/?mission=Apollo%2016&sample=67569,,0,no_relab_spectrum_for_parent_or_children
1545,67570,67570,Apollo 16,rake,,,https://www.lpi.usra.edu/lunar/samples/atlas/detail/?mission=Apollo%2016&sample=67570,,0,no_relab_spectrum_for_parent_or_children
1546,67571,67571,Apollo 16,rake,,,https://www.lpi.usra.edu/lunar/samples/atlas/detail/?mission=Apollo%2016&sample=67571,,0,no_relab_spectrum_for_parent_or_children
1547,67572,67572,Apollo 16,rake,,,https://www.lpi.usra.edu/lunar/samples/atlas/detail/?mission=Apollo%2016&sample=67572,,0,no_relab_spectrum_for_parent_or_children
1548,67573,67573,Apollo 16,rake,,,https://www.lpi.usra.edu/lunar/samples/atlas/detail/?mission=Apollo%2016&sample=67573,,0,no_relab_spectrum_for_parent_or_children
1549,67574,67574,Apollo 16,rake,,,https://www.lpi.usra.edu/lunar/samples/atlas/detail/?mission=Apollo%2016&sample=67574,,0,no_relab_spectrum_for_parent_or_children
1550,67575,67575,Apollo 16,rake,,,https://www.lpi.usra.edu/lunar/samples/atlas/detail/?mission=Apollo%2016&sample=67575,,0,no_relab_spectrum_for_parent_or_children
1551,67576,67576,Apollo 16,rake,,,https://www.lpi.usra.edu/lunar/samples/atlas/detail/?mission=Apollo%2016&sample=67576,,0,no_relab_spectrum_for_parent_or_children
1552,67600,67600,Apollo 16,rake,soil,The soil is probably derived from North Ray crater ejecta,https://www.lpi.usra.edu/lunar/samples/atlas/detail/?mission=Apollo%2016&sample=67600,,0,no_relab_spectrum_for_parent_or_children
1553,67602,67602,Apollo 16,rake,soil,,https://www.lpi.usra.edu/lunar/samples/atlas/detail/?mission=Apollo%2016&sample=67602,,0,no_relab_spectrum_for_parent_or_children
1554,67603,67603,Apollo 16,rake,soil,,https://www.lpi.usra.edu/lunar/samples/atlas/detail/?mission=Apollo%2016&sample=67603,,0,no_relab_spectrum_for_parent_or_children
1555,67604,67604,Apollo 16,rake,soil,,https://www.lpi.usra.edu/lunar/samples/atlas/detail/?mission=Apollo%2016&sample=67604,,0,no_relab_spectrum_for_parent_or_children
1556,67605,67605,Apollo 16,rake,breccia,"relatively large friable, white particle about the size, shape and color of a golf ball",https://www.lpi.usra.edu/lunar/samples/atlas/detail/?mission=Apollo%2016&sample=67605,,0,no_relab_spectrum_for_parent_or_children
1557,67610,67610,Apollo 16,rake,soil,coarse-fine particles,https://www.lpi.usra.edu/lunar/samples/atlas/detail/?mission=Apollo%2016&sample=67610,,0,no_relab_spectrum_for_parent_or_children
1558,67611,67611,Apollo 16,rake,,,https://www.lpi.usra.edu/lunar/samples/atlas/detail/?mission=Apollo%2016&sample=67611,,0,no_relab_spectrum_for_parent_or_children
1559,67612,67612,Apollo 16,rake,,,https://www.lpi.usra.edu/lunar/samples/atlas/detail/?mission=Apollo%2016&sample=67612,,0,no_relab_spectrum_for_parent_or_children
1560,67613,67613,Apollo 16,rake,,,https://www.lpi.usra.edu/lunar/samples/atlas/detail/?mission=Apollo%2016&sample=67613,,0,no_relab_spectrum_for_parent_or_children
1561,67614,67614,Apollo 16,rake,,,https://www.lpi.usra.edu/lunar/samples/atlas/detail/?mission=Apollo%2016&sample=67614,,0,no_relab_spectrum_for_parent_or_children
1562,67615,67615,Apollo 16,rake,breccia,"has olivine as the main mafic mineral and it may have a high proportion of opaque phases, is rounded and has zap pits on all sides",https://www.lpi.usra.edu/lunar/samples/atlas/detail/?mission=Apollo%2016&sample=67615,,0,no_relab_spectrum_for_parent_or_children
1563,67616,67616,Apollo 16,rake,,,https://www.lpi.usra.edu/lunar/samples/atlas/detail/?mission=Apollo%2016&sample=67616,,0,no_relab_spectrum_for_parent_or_children
1564,67617,67617,Apollo 16,rake,breccia,moderately coherent impact melt breccia with zap pits on one surface,https://www.lpi.usra.edu/lunar/samples/atlas/detail/?mission=Apollo%2016&sample=67617,,0,no_relab_spectrum_for_parent_or_children
1565,67618,67618,Apollo 16,rake,,,https://www.lpi.usra.edu/lunar/samples/atlas/detail/?mission=Apollo%2016&sample=67618,,0,no_relab_spectrum_for_parent_or_children
1566,67619,67619,Apollo 16,rake,,,https://www.lpi.usra.edu/lunar/samples/atlas/detail/?mission=Apollo%2016&sample=67619,,0,no_relab_spectrum_for_parent_or_children
1567,67620,67620,Apollo 16,rake,,,https://www.lpi.usra.edu/lunar/samples/atlas/detail/?mission=Apollo%2016&sample=67620,,0,no_relab_spectrum_for_parent_or_children
1568,67621,67621,Apollo 16,rake,,,https://www.lpi.usra.edu/lunar/samples/atlas/detail/?mission=Apollo%2016&sample=67621,,0,no_relab_spectrum_for_parent_or_children
1569,67622,67622,Apollo 16,rake,,,https://www.lpi.usra.edu/lunar/samples/atlas/detail/?mission=Apollo%2016&sample=67622,,0,no_relab_spectrum_for_parent_or_children
1570,67623,67623,Apollo 16,rake,,,https://www.lpi.usra.edu/lunar/samples/atlas/detail/?mission=Apollo%2016&sample=67623,,0,no_relab_spectrum_for_parent_or_children
1571,67624,67624,Apollo 16,rake,,,https://www.lpi.usra.edu/lunar/samples/atlas/detail/?mission=Apollo%2016&sample=67624,,0,no_relab_spectrum_for_parent_or_children
1572,67625,67625,Apollo 16,rake,,,https://www.lpi.usra.edu/lunar/samples/atlas/detail/?mission=Apollo%2016&sample=67625,,0,no_relab_spectrum_for_parent_or_children
1573,67626,67626,Apollo 16,rake,breccia,"""partly devitrified glass bomb""",https://www.lpi.usra.edu/lunar/samples/atlas/detail/?mission=Apollo%2016&sample=67626,,0,no_relab_spectrum_for_parent_or_children
1574,67628,67628,Apollo 16,rake,breccia,"""glass bomb""",https://www.lpi.usra.edu/lunar/samples/atlas/detail/?mission=Apollo%2016&sample=67628,,0,no_relab_spectrum_for_parent_or_children
1575,67629,67629,Apollo 16,rake,breccia,glass-cemented aggregates,https://www.lpi.usra.edu/lunar/samples/atlas/detail/?mission=Apollo%2016&sample=67629,,0,no_relab_spectrum_for_parent_or_children
1576,67630,67630,Apollo 16,rake,,,https://www.lpi.usra.edu/lunar/samples/atlas/detail/?mission=Apollo%2016&sample=67630,,0,no_relab_spectrum_for_parent_or_children
1577,67631,67631,Apollo 16,rake,,,https://www.lpi.usra.edu/lunar/samples/atlas/detail/?mission=Apollo%2016&sample=67631,,0,no_relab_spectrum_for_parent_or_children
1578,67632,67632,Apollo 16,rake,,,https://www.lpi.usra.edu/lunar/samples/atlas/detail/?mission=Apollo%2016&sample=67632,,0,no_relab_spectrum_for_parent_or_children
1579,67633,67633,Apollo 16,rake,,,https://www.lpi.usra.edu/lunar/samples/atlas/detail/?mission=Apollo%2016&sample=67633,,0,no_relab_spectrum_for_parent_or_children
1580,67634,67634,Apollo 16,rake,,,https://www.lpi.usra.edu/lunar/samples/atlas/detail/?mission=Apollo%2016&sample=67634,,0,no_relab_spectrum_for_parent_or_children
1581,67635,67635,Apollo 16,rake,,"relatively unshocked ferroan anorthosite, but have not been dated; angular, chalky white, very homogeneous sample with very finely granular sugary texture",https://www.lpi.usra.edu/lunar/samples/atlas/detail/?mission=Apollo%2016&sample=67635,,0,no_relab_spectrum_for_parent_or_children
1582,67636,67636,Apollo 16,rake,,"Warren and Wasson (1980) describe 67635, 67636 and 67637 as mildly-shocked ""monomict breccia, perhaps slightly less cataclastic than is typical for ferroan anorthosite"".",https://www.lpi.usra.edu/lunar/samples/atlas/detail/?mission=Apollo%2016&sample=67636,,0,no_relab_spectrum_for_parent_or_children
1583,67637,67637,Apollo 16,rake,,"subrounded, chalky-white, homogeneous sample with apparent cataclastic texture and appears to be a piece of 67635.",https://www.lpi.usra.edu/lunar/samples/atlas/detail/?mission=Apollo%2016&sample=67637,,0,no_relab_spectrum_for_parent_or_children
1584,67638,67638,Apollo 16,rake,,,https://www.lpi.usra.edu/lunar/samples/atlas/detail/?mission=Apollo%2016&sample=67638,,0,no_relab_spectrum_for_parent_or_children
1585,67639,67639,Apollo 16,rake,,,https://www.lpi.usra.edu/lunar/samples/atlas/detail/?mission=Apollo%2016&sample=67639,,0,no_relab_spectrum_for_parent_or_children
1586,67640,67640,Apollo 16,rake,,,https://www.lpi.usra.edu/lunar/samples/atlas/detail/?mission=Apollo%2016&sample=67640,,0,no_relab_spectrum_for_parent_or_children
1587,67641,67641,Apollo 16,rake,,,https://www.lpi.usra.edu/lunar/samples/atlas/detail/?mission=Apollo%2016&sample=67641,,0,no_relab_spectrum_for_parent_or_children
1588,67642,67642,Apollo 16,rake,,,https://www.lpi.usra.edu/lunar/samples/atlas/detail/?mission=Apollo%2016&sample=67642,,0,no_relab_spectrum_for_parent_or_children
1589,67643,67643,Apollo 16,rake,,,https://www.lpi.usra.edu/lunar/samples/atlas/detail/?mission=Apollo%2016&sample=67643,,0,no_relab_spectrum_for_parent_or_children
1590,67644,67644,Apollo 16,rake,,,https://www.lpi.usra.edu/lunar/samples/atlas/detail/?mission=Apollo%2016&sample=67644,,0,no_relab_spectrum_for_parent_or_children
1591,67645,67645,Apollo 16,rake,,,https://www.lpi.usra.edu/lunar/samples/atlas/detail/?mission=Apollo%2016&sample=67645,,0,no_relab_spectrum_for_parent_or_children
1592,67646,67646,Apollo 16,rake,,,https://www.lpi.usra.edu/lunar/samples/atlas/detail/?mission=Apollo%2016&sample=67646,,0,no_relab_spectrum_for_parent_or_children
1593,67647,67647,Apollo 16,rake,breccia,"relatively coherent with lots of zap pits and has glass clasts, and glass in the matrix",https://www.lpi.usra.edu/lunar/samples/atlas/detail/?mission=Apollo%2016&sample=67647,,0,no_relab_spectrum_for_parent_or_children
1594,67648,67648,Apollo 16,rake,,,https://www.lpi.usra.edu/lunar/samples/atlas/detail/?mission=Apollo%2016&sample=67648,,0,no_relab_spectrum_for_parent_or_children
1595,67649,67649,Apollo 16,rake,,,https://www.lpi.usra.edu/lunar/samples/atlas/detail/?mission=Apollo%2016&sample=67649,,0,no_relab_spectrum_for_parent_or_children
1596,67650,67650,Apollo 16,rake,,,https://www.lpi.usra.edu/lunar/samples/atlas/detail/?mission=Apollo%2016&sample=67650,,0,no_relab_spectrum_for_parent_or_children
1597,67651,67651,Apollo 16,rake,,,https://www.lpi.usra.edu/lunar/samples/atlas/detail/?mission=Apollo%2016&sample=67651,,0,no_relab_spectrum_for_parent_or_children
1598,67652,67652,Apollo 16,rake,,,https://www.lpi.usra.edu/lunar/samples/atlas/detail/?mission=Apollo%2016&sample=67652,,0,no_relab_spectrum_for_parent_or_children
1599,67653,67653,Apollo 16,rake,,,https://www.lpi.usra.edu/lunar/samples/atlas/detail/?mission=Apollo%2016&sample=67653,,0,no_relab_spectrum_for_parent_or_children
1600,67654,67654,Apollo 16,rake,,,https://www.lpi.usra.edu/lunar/samples/atlas/detail/?mission=Apollo%2016&sample=67654,,0,no_relab_spectrum_for_parent_or_children
1601,67655,67655,Apollo 16,rake,,,https://www.lpi.usra.edu/lunar/samples/atlas/detail/?mission=Apollo%2016&sample=67655,,0,no_relab_spectrum_for_parent_or_children
1602,67656,67656,Apollo 16,rake,,,https://www.lpi.usra.edu/lunar/samples/atlas/detail/?mission=Apollo%2016&sample=67656,,0,no_relab_spectrum_for_parent_or_children
1603,67657,67657,Apollo 16,rake,,,https://www.lpi.usra.edu/lunar/samples/atlas/detail/?mission=Apollo%2016&sample=67657,,0,no_relab_spectrum_for_parent_or_children
1604,67658,67658,Apollo 16,rake,,,https://www.lpi.usra.edu/lunar/samples/atlas/detail/?mission=Apollo%2016&sample=67658,,0,no_relab_spectrum_for_parent_or_children
1605,67659,67659,Apollo 16,rake,,,https://www.lpi.usra.edu/lunar/samples/atlas/detail/?mission=Apollo%2016&sample=67659,,0,no_relab_spectrum_for_parent_or_children
1606,67660,67660,Apollo 16,rake,,,https://www.lpi.usra.edu/lunar/samples/atlas/detail/?mission=Apollo%2016&sample=67660,,0,no_relab_spectrum_for_parent_or_children
1607,67661,67661,Apollo 16,rake,,,https://www.lpi.usra.edu/lunar/samples/atlas/detail/?mission=Apollo%2016&sample=67661,,0,no_relab_spectrum_for_parent_or_children
1608,67662,67662,Apollo 16,rake,,,https://www.lpi.usra.edu/lunar/samples/atlas/detail/?mission=Apollo%2016&sample=67662,,0,no_relab_spectrum_for_parent_or_children
1609,67663,67663,Apollo 16,rake,,,https://www.lpi.usra.edu/lunar/samples/atlas/detail/?mission=Apollo%2016&sample=67663,,0,no_relab_spectrum_for_parent_or_children
1610,67664,67664,Apollo 16,rake,,,https://www.lpi.usra.edu/lunar/samples/atlas/detail/?mission=Apollo%2016&sample=67664,,0,no_relab_spectrum_for_parent_or_children
1611,67665,67665,Apollo 16,rake,,,https://www.lpi.usra.edu/lunar/samples/atlas/detail/?mission=Apollo%2016&sample=67665,,0,no_relab_spectrum_for_parent_or_children
1612,67666,67666,Apollo 16,rake,,,https://www.lpi.usra.edu/lunar/samples/atlas/detail/?mission=Apollo%2016&sample=67666,,0,no_relab_spectrum_for_parent_or_children
1613,67667,67667,Apollo 16,rake,,"is coherent and has a few micrometeorite craters on the surface, found to be chemically ""pristine"" and to have an old age (4.2 b.y.).",https://www.lpi.usra.edu/lunar/samples/atlas/detail/?mission=Apollo%2016&sample=67667,,0,no_relab_spectrum_for_parent_or_children
1614,67668,67668,Apollo 16,rake,breccia,has a micropoikitiic texture with interlocking oikocrysts of pyroxene surrounding chadocrysts of plagioclase,https://www.lpi.usra.edu/lunar/samples/atlas/detail/?mission=Apollo%2016&sample=67668,,0,no_relab_spectrum_for_parent_or_children
1615,67669,67669,Apollo 16,rake,,,https://www.lpi.usra.edu/lunar/samples/atlas/detail/?mission=Apollo%2016&sample=67669,,0,no_relab_spectrum_for_parent_or_children
1616,67670,67670,Apollo 16,rake,,,https://www.lpi.usra.edu/lunar/samples/atlas/detail/?mission=Apollo%2016&sample=67670,,0,no_relab_spectrum_for_parent_or_children
1617,67671,67671,Apollo 16,rake,,,https://www.lpi.usra.edu/lunar/samples/atlas/detail/?mission=Apollo%2016&sample=67671,,0,no_relab_spectrum_for_parent_or_children
1618,67672,67672,Apollo 16,rake,,,https://www.lpi.usra.edu/lunar/samples/atlas/detail/?mission=Apollo%2016&sample=67672,,0,no_relab_spectrum_for_parent_or_children
1619,67673,67673,Apollo 16,rake,,,https://www.lpi.usra.edu/lunar/samples/atlas/detail/?mission=Apollo%2016&sample=67673,,0,no_relab_spectrum_for_parent_or_children
1620,67674,67674,Apollo 16,rake,,,https://www.lpi.usra.edu/lunar/samples/atlas/detail/?mission=Apollo%2016&sample=67674,,0,no_relab_spectrum_for_parent_or_children
1621,67675,67675,Apollo 16,rake,,,https://www.lpi.usra.edu/lunar/samples/atlas/detail/?mission=Apollo%2016&sample=67675,,0,no_relab_spectrum_for_parent_or_children
1622,67676,67676,Apollo 16,rake,,,https://www.lpi.usra.edu/lunar/samples/atlas/detail/?mission=Apollo%2016&sample=67676,,0,no_relab_spectrum_for_parent_or_children
1623,67685,67685,Apollo 16,,breccia,"67628 was renumbered by Ryder and Norman (1980) when they made the catalog. It is a collection of four ""glass bombs"" that were collected as rake samples from just inside the rim of North Ray Crater. 67628 was originally cataloged as 4 glass particles, but Ryder and Norman (1980) treated them as separate particles - so they were renumbered.",https://www.lpi.usra.edu/lunar/samples/atlas/detail/?mission=Apollo%2016&sample=67685,,0,no_relab_spectrum_for_parent_or_children
1624,67686,67686,Apollo 16,,breccia,"67628 was renumbered by Ryder and Norman (1980) when they made the catalog. It is a collection of four ""glass bombs"" that were collected as rake samples from just inside the rim of North Ray Crater. 67628 was originally cataloged as 4 glass particles, but Ryder and Norman (1980) treated them as separate particles - so they were renumbered.",https://www.lpi.usra.edu/lunar/samples/atlas/detail/?mission=Apollo%2016&sample=67686,,0,no_relab_spectrum_for_parent_or_children
1625,67687,67687,Apollo 16,,breccia,"67628 was renumbered by Ryder and Norman (1980) when they made the catalog. It is a collection of four ""glass bombs"" that were collected as rake samples from just inside the rim of North Ray Crater. 67628 was originally cataloged as 4 glass particles, but Ryder and Norman (1980) treated them as separate particles - so they were renumbered.",https://www.lpi.usra.edu/lunar/samples/atlas/detail/?mission=Apollo%2016&sample=67687,,0,no_relab_spectrum_for_parent_or_children
1626,67688,67688,Apollo 16,,breccia,"67628 was renumbered by Ryder and Norman (1980) when they made the catalog. It is a collection of four ""glass bombs"" that were collected as rake samples from just inside the rim of North Ray Crater. 67628 was originally cataloged as 4 glass particles, but Ryder and Norman (1980) treated them as separate particles - so they were renumbered.",https://www.lpi.usra.edu/lunar/samples/atlas/detail/?mission=Apollo%2016&sample=67688,,0,no_relab_spectrum_for_parent_or_children
1627,67695,67695,Apollo 16,,breccia,"Borchardt et al. (1985) and Stoffler et al. (1985) studied glass particles from North Ray Crater and labeled these particles ""glass bombs"". 67629 was originally 4 pieces, which have since been relabeled 67629, 67695, 67696 and 67697",https://www.lpi.usra.edu/lunar/samples/atlas/detail/?mission=Apollo%2016&sample=67695,,0,no_relab_spectrum_for_parent_or_children
1628,67696,67696,Apollo 16,,breccia,"Borchardt et al. (1985) and Stoffler et al. (1985) studied glass particles from North Ray Crater and labeled these particles ""glass bombs"". 67629 was originally 4 pieces, which have since been relabeled 67629, 67695, 67696 and 67697",https://www.lpi.usra.edu/lunar/samples/atlas/detail/?mission=Apollo%2016&sample=67696,,0,no_relab_spectrum_for_parent_or_children
1629,67697,67697,Apollo 16,,breccia,"Borchardt et al. (1985) and Stoffler et al. (1985) studied glass particles from North Ray Crater and labeled these particles ""glass bombs"". 67629 was originally 4 pieces, which have since been relabeled 67629, 67695, 67696 and 67697",https://www.lpi.usra.edu/lunar/samples/atlas/detail/?mission=Apollo%2016&sample=67697,,0,no_relab_spectrum_for_parent_or_children
1630,67700,67700,Apollo 16,rake,soil,The soil samples from station 11 at North Ray Crater have noticeably coarser grain size and are less mature compared with other lunar soils probably due to the fact that NRC is only 50 m.y. old (Arvidson et al. 1975).,https://www.lpi.usra.edu/lunar/samples/atlas/detail/?mission=Apollo%2016&sample=67700,,0,no_relab_spectrum_for_parent_or_children
1631,67702,67702,Apollo 16,rake,soil,,https://www.lpi.usra.edu/lunar/samples/atlas/detail/?mission=Apollo%2016&sample=67702,,0,no_relab_spectrum_for_parent_or_children
1632,67703,67703,Apollo 16,rake,soil,,https://www.lpi.usra.edu/lunar/samples/atlas/detail/?mission=Apollo%2016&sample=67703,,0,no_relab_spectrum_for_parent_or_children
1633,67704,67704,Apollo 16,rake,soil,,https://www.lpi.usra.edu/lunar/samples/atlas/detail/?mission=Apollo%2016&sample=67704,,0,no_relab_spectrum_for_parent_or_children
1634,67705,67705,Apollo 16,rake,soil,,https://www.lpi.usra.edu/lunar/samples/atlas/detail/?mission=Apollo%2016&sample=67705,,0,no_relab_spectrum_for_parent_or_children
1635,67706,67706,Apollo 16,rake,soil,,https://www.lpi.usra.edu/lunar/samples/atlas/detail/?mission=Apollo%2016&sample=67706,,0,no_relab_spectrum_for_parent_or_children
1636,67707,67707,Apollo 16,rake,soil,,https://www.lpi.usra.edu/lunar/samples/atlas/detail/?mission=Apollo%2016&sample=67707,,0,no_relab_spectrum_for_parent_or_children
1637,67708,67708,Apollo 16,rake,soil,,https://www.lpi.usra.edu/lunar/samples/atlas/detail/?mission=Apollo%2016&sample=67708,,0,no_relab_spectrum_for_parent_or_children
1638,67710,67710,Apollo 16,rake,soil,coarse-fine particles,https://www.lpi.usra.edu/lunar/samples/atlas/detail/?mission=Apollo%2016&sample=67710,,0,no_relab_spectrum_for_parent_or_children
1639,67712,67712,Apollo 16,rake,soil,,https://www.lpi.usra.edu/lunar/samples/atlas/detail/?mission=Apollo%2016&sample=67712,,0,no_relab_spectrum_for_parent_or_children
1640,67713,67713,Apollo 16,rake,soil,,https://www.lpi.usra.edu/lunar/samples/atlas/detail/?mission=Apollo%2016&sample=67713,,0,no_relab_spectrum_for_parent_or_children
1641,67714,67714,Apollo 16,rake,soil,,https://www.lpi.usra.edu/lunar/samples/atlas/detail/?mission=Apollo%2016&sample=67714,,0,no_relab_spectrum_for_parent_or_children
1642,67715,67715,Apollo 16,rake,breccia,"coherent, fine-grained impact melt rock",https://www.lpi.usra.edu/lunar/samples/atlas/detail/?mission=Apollo%2016&sample=67715,,0,no_relab_spectrum_for_parent_or_children
1643,67716,67716,Apollo 16,rake,breccia,"coherent, fine-grained impact melt rock; reported to have pink spinel as a large clast and is probably more aluminous",https://www.lpi.usra.edu/lunar/samples/atlas/detail/?mission=Apollo%2016&sample=67716,,0,no_relab_spectrum_for_parent_or_children
1644,67717,67717,Apollo 16,rake,,,https://www.lpi.usra.edu/lunar/samples/atlas/detail/?mission=Apollo%2016&sample=67717,,0,no_relab_spectrum_for_parent_or_children
1645,67718,67718,Apollo 16,rake,breccia,abundant clasts of plagioclase set in an aphanitic matrix,https://www.lpi.usra.edu/lunar/samples/atlas/detail/?mission=Apollo%2016&sample=67718,,0,no_relab_spectrum_for_parent_or_children
1646,67719,67719,Apollo 16,rake,breccia,abundant clasts of plagioclase set in an aphanitic matrix,https://www.lpi.usra.edu/lunar/samples/atlas/detail/?mission=Apollo%2016&sample=67719,,0,no_relab_spectrum_for_parent_or_children
1647,67720,67720,Apollo 16,rake,,,https://www.lpi.usra.edu/lunar/samples/atlas/detail/?mission=Apollo%2016&sample=67720,,0,no_relab_spectrum_for_parent_or_children
1648,67721,67721,Apollo 16,rake,,,https://www.lpi.usra.edu/lunar/samples/atlas/detail/?mission=Apollo%2016&sample=67721,,0,no_relab_spectrum_for_parent_or_children
1649,67722,67722,Apollo 16,rake,,,https://www.lpi.usra.edu/lunar/samples/atlas/detail/?mission=Apollo%2016&sample=67722,,0,no_relab_spectrum_for_parent_or_children
1650,67723,67723,Apollo 16,rake,,,https://www.lpi.usra.edu/lunar/samples/atlas/detail/?mission=Apollo%2016&sample=67723,,0,no_relab_spectrum_for_parent_or_children
1651,67724,67724,Apollo 16,rake,,,https://www.lpi.usra.edu/lunar/samples/atlas/detail/?mission=Apollo%2016&sample=67724,,0,no_relab_spectrum_for_parent_or_children
1652,67725,67725,Apollo 16,rake,,,https://www.lpi.usra.edu/lunar/samples/atlas/detail/?mission=Apollo%2016&sample=67725,,0,no_relab_spectrum_for_parent_or_children
1653,67726,67726,Apollo 16,rake,,,https://www.lpi.usra.edu/lunar/samples/atlas/detail/?mission=Apollo%2016&sample=67726,,0,no_relab_spectrum_for_parent_or_children
1654,67727,67727,Apollo 16,rake,,,https://www.lpi.usra.edu/lunar/samples/atlas/detail/?mission=Apollo%2016&sample=67727,,0,no_relab_spectrum_for_parent_or_children
1655,67728,67728,Apollo 16,rake,breccia,glass (?) particles with zaps,https://www.lpi.usra.edu/lunar/samples/atlas/detail/?mission=Apollo%2016&sample=67728,,0,no_relab_spectrum_for_parent_or_children
1656,67730,67730,Apollo 16,rake,,,https://www.lpi.usra.edu/lunar/samples/atlas/detail/?mission=Apollo%2016&sample=67730,,0,no_relab_spectrum_for_parent_or_children
1657,67731,67731,Apollo 16,rake,,,https://www.lpi.usra.edu/lunar/samples/atlas/detail/?mission=Apollo%2016&sample=67731,,0,no_relab_spectrum_for_parent_or_children
1658,67732,67732,Apollo 16,rake,,,https://www.lpi.usra.edu/lunar/samples/atlas/detail/?mission=Apollo%2016&sample=67732,,0,no_relab_spectrum_for_parent_or_children
1659,67733,67733,Apollo 16,rake,,,https://www.lpi.usra.edu/lunar/samples/atlas/detail/?mission=Apollo%2016&sample=67733,,0,no_relab_spectrum_for_parent_or_children
1660,67734,67734,Apollo 16,rake,,,https://www.lpi.usra.edu/lunar/samples/atlas/detail/?mission=Apollo%2016&sample=67734,,0,no_relab_spectrum_for_parent_or_children
1661,67735,67735,Apollo 16,rake,,,https://www.lpi.usra.edu/lunar/samples/atlas/detail/?mission=Apollo%2016&sample=67735,,0,no_relab_spectrum_for_parent_or_children
1662,67736,67736,Apollo 16,rake,breccia,"It has zap pits; Stoffler et al. (1981) describe the matrix as ""micropoikilitic"". Photos of the exterior show what appears to be pink spinel (?) grains (not confirmed).",https://www.lpi.usra.edu/lunar/samples/atlas/detail/?mission=Apollo%2016&sample=67736,,0,no_relab_spectrum_for_parent_or_children
1663,67737,67737,Apollo 16,rake,,,https://www.lpi.usra.edu/lunar/samples/atlas/detail/?mission=Apollo%2016&sample=67737,,0,no_relab_spectrum_for_parent_or_children
1664,67738,67738,Apollo 16,rake,,,https://www.lpi.usra.edu/lunar/samples/atlas/detail/?mission=Apollo%2016&sample=67738,,0,no_relab_spectrum_for_parent_or_children
1665,67739,67739,Apollo 16,rake,breccia,"has a brown color, probably due to glass with abundant plagioclase (An98-90) and plagioclase-rich clasts.",https://www.lpi.usra.edu/lunar/samples/atlas/detail/?mission=Apollo%2016&sample=67739,,0,no_relab_spectrum_for_parent_or_children
1666,67740,67740,Apollo 16,rake,,,https://www.lpi.usra.edu/lunar/samples/atlas/detail/?mission=Apollo%2016&sample=67740,,0,no_relab_spectrum_for_parent_or_children
1667,67741,67741,Apollo 16,rake,,,https://www.lpi.usra.edu/lunar/samples/atlas/detail/?mission=Apollo%2016&sample=67741,,0,no_relab_spectrum_for_parent_or_children
1668,67742,67742,Apollo 16,rake,,,https://www.lpi.usra.edu/lunar/samples/atlas/detail/?mission=Apollo%2016&sample=67742,,0,no_relab_spectrum_for_parent_or_children
1669,67743,67743,Apollo 16,rake,,,https://www.lpi.usra.edu/lunar/samples/atlas/detail/?mission=Apollo%2016&sample=67743,,0,no_relab_spectrum_for_parent_or_children
1670,67744,67744,Apollo 16,rake,,,https://www.lpi.usra.edu/lunar/samples/atlas/detail/?mission=Apollo%2016&sample=67744,,0,no_relab_spectrum_for_parent_or_children
1671,67745,67745,Apollo 16,rake,,,https://www.lpi.usra.edu/lunar/samples/atlas/detail/?mission=Apollo%2016&sample=67745,,0,no_relab_spectrum_for_parent_or_children
1672,67746,67746,Apollo 16,rake,,"plagioclase with a granuliticpoikilitic texture, Large pyroxene grains completely surround rounded olivine and plagioclase with Ilmenite and metallic Ni-Fe grains found between pyroxene oikocrysts.",https://www.lpi.usra.edu/lunar/samples/atlas/detail/?mission=Apollo%2016&sample=67746,,0,no_relab_spectrum_for_parent_or_children
1673,67747,67747,Apollo 16,rake,basalt,small aluminous basalt with measured age of 3.86 b.y. Elongate plagioclase and pyroxene laths are poikilitically enclosed in large olivine. Glassy mesostasis is found adjacent to pyroxene.,https://www.lpi.usra.edu/lunar/samples/atlas/detail/?mission=Apollo%2016&sample=67747,,0,no_relab_spectrum_for_parent_or_children
1674,67748,67748,Apollo 16,rake,,,https://www.lpi.usra.edu/lunar/samples/atlas/detail/?mission=Apollo%2016&sample=67748,,0,no_relab_spectrum_for_parent_or_children
1675,67749,67749,Apollo 16,rake,granulite or granulite breccia,Granulitic Breccia with clast of KREEP basalt,https://www.lpi.usra.edu/lunar/samples/atlas/detail/?mission=Apollo%2016&sample=67749,,0,no_relab_spectrum_for_parent_or_children
1676,67750,67750,Apollo 16,rake,,,https://www.lpi.usra.edu/lunar/samples/atlas/detail/?mission=Apollo%2016&sample=67750,,0,no_relab_spectrum_for_parent_or_children
1677,67751,67751,Apollo 16,rake,,,https://www.lpi.usra.edu/lunar/samples/atlas/detail/?mission=Apollo%2016&sample=67751,,0,no_relab_spectrum_for_parent_or_children
1678,67752,67752,Apollo 16,rake,,,https://www.lpi.usra.edu/lunar/samples/atlas/detail/?mission=Apollo%2016&sample=67752,,0,no_relab_spectrum_for_parent_or_children
1679,67753,67753,Apollo 16,rake,,,https://www.lpi.usra.edu/lunar/samples/atlas/detail/?mission=Apollo%2016&sample=67753,,0,no_relab_spectrum_for_parent_or_children
1680,67754,67754,Apollo 16,rake,,,https://www.lpi.usra.edu/lunar/samples/atlas/detail/?mission=Apollo%2016&sample=67754,,0,no_relab_spectrum_for_parent_or_children
1681,67755,67755,Apollo 16,rake,,,https://www.lpi.usra.edu/lunar/samples/atlas/detail/?mission=Apollo%2016&sample=67755,,0,no_relab_spectrum_for_parent_or_children
1682,67756,67756,Apollo 16,rake,breccia,"small chalky white particle, plagioclase rich breccia, with minerals that seem to have equilibrated - hence it is called ""recrystallized"".",https://www.lpi.usra.edu/lunar/samples/atlas/detail/?mission=Apollo%2016&sample=67756,,0,no_relab_spectrum_for_parent_or_children
1683,67757,67757,Apollo 16,rake,breccia,"impact melt with fine-grained subophitic and poikilitic textures, with glass veins",https://www.lpi.usra.edu/lunar/samples/atlas/detail/?mission=Apollo%2016&sample=67757,,0,no_relab_spectrum_for_parent_or_children
1684,67758,67758,Apollo 16,rake,,,https://www.lpi.usra.edu/lunar/samples/atlas/detail/?mission=Apollo%2016&sample=67758,,0,no_relab_spectrum_for_parent_or_children
1685,67759,67759,Apollo 16,rake,breccia,"impact melt with fine-grained subophitic and poikilitic textures, with glass veins",https://www.lpi.usra.edu/lunar/samples/atlas/detail/?mission=Apollo%2016&sample=67759,,0,no_relab_spectrum_for_parent_or_children
1686,67760,67760,Apollo 16,rake,,,https://www.lpi.usra.edu/lunar/samples/atlas/detail/?mission=Apollo%2016&sample=67760,,0,no_relab_spectrum_for_parent_or_children
1687,67761,67761,Apollo 16,rake,,,https://www.lpi.usra.edu/lunar/samples/atlas/detail/?mission=Apollo%2016&sample=67761,,0,no_relab_spectrum_for_parent_or_children
1688,67762,67762,Apollo 16,rake,,,https://www.lpi.usra.edu/lunar/samples/atlas/detail/?mission=Apollo%2016&sample=67762,,0,no_relab_spectrum_for_parent_or_children
1689,67763,67763,Apollo 16,rake,,,https://www.lpi.usra.edu/lunar/samples/atlas/detail/?mission=Apollo%2016&sample=67763,,0,no_relab_spectrum_for_parent_or_children
1690,67764,67764,Apollo 16,rake,,,https://www.lpi.usra.edu/lunar/samples/atlas/detail/?mission=Apollo%2016&sample=67764,,0,no_relab_spectrum_for_parent_or_children
1691,67765,67765,Apollo 16,rake,,,https://www.lpi.usra.edu/lunar/samples/atlas/detail/?mission=Apollo%2016&sample=67765,,0,no_relab_spectrum_for_parent_or_children
1692,67766,67766,Apollo 16,rake,breccia,"a coherent, plagioclase-rich breccia with a granular matrix. It has a measured age of 3.82 b.y.",https://www.lpi.usra.edu/lunar/samples/atlas/detail/?mission=Apollo%2016&sample=67766,,0,no_relab_spectrum_for_parent_or_children
1693,67767,67767,Apollo 16,rake,,,https://www.lpi.usra.edu/lunar/samples/atlas/detail/?mission=Apollo%2016&sample=67767,,0,no_relab_spectrum_for_parent_or_children
1694,67768,67768,Apollo 16,rake,,,https://www.lpi.usra.edu/lunar/samples/atlas/detail/?mission=Apollo%2016&sample=67768,,0,no_relab_spectrum_for_parent_or_children
1695,67769,67769,Apollo 16,rake,impact melt breccia,has a micropoikilitic texture indicating that it is an impact melt breccia,https://www.lpi.usra.edu/lunar/samples/atlas/detail/?mission=Apollo%2016&sample=67769,,0,no_relab_spectrum_for_parent_or_children
1696,67770,67770,Apollo 16,rake,,,https://www.lpi.usra.edu/lunar/samples/atlas/detail/?mission=Apollo%2016&sample=67770,,0,no_relab_spectrum_for_parent_or_children
1697,67771,67771,Apollo 16,rake,,,https://www.lpi.usra.edu/lunar/samples/atlas/detail/?mission=Apollo%2016&sample=67771,,0,no_relab_spectrum_for_parent_or_children
1698,67772,67772,Apollo 16,rake,,,https://www.lpi.usra.edu/lunar/samples/atlas/detail/?mission=Apollo%2016&sample=67772,,0,no_relab_spectrum_for_parent_or_children
1699,67773,67773,Apollo 16,rake,,,https://www.lpi.usra.edu/lunar/samples/atlas/detail/?mission=Apollo%2016&sample=67773,,0,no_relab_spectrum_for_parent_or_children
1700,67774,67774,Apollo 16,rake,,,https://www.lpi.usra.edu/lunar/samples/atlas/detail/?mission=Apollo%2016&sample=67774,,0,no_relab_spectrum_for_parent_or_children
1701,67775,67775,Apollo 16,rake,breccia,has a KREEP like rare-earth-element pattern with micrometerorite craters. Reimold et al. (1985) noted it was rather unique among Apollo 16 samples in being the only sample with intergranular texture and containing a high amount of mafic mineral clasts.,https://www.lpi.usra.edu/lunar/samples/atlas/detail/?mission=Apollo%2016&sample=67775,,0,no_relab_spectrum_for_parent_or_children
1702,67776,67776,Apollo 16,rake,,,https://www.lpi.usra.edu/lunar/samples/atlas/detail/?mission=Apollo%2016&sample=67776,,0,no_relab_spectrum_for_parent_or_children
1703,67910,67910,Apollo 16,,,,https://www.lpi.usra.edu/lunar/samples/atlas/detail/?mission=Apollo%2016&sample=67910,,0,no_relab_spectrum_for_parent_or_children
1704,67915,67915,Apollo 16,rock,breccia,"composed of white and grey breccias; both are polymict (Taylor and Mosie 1979), cemented by shock-melted glass and is also cut with thin black glass veins.",https://www.lpi.usra.edu/lunar/samples/atlas/detail/?mission=Apollo%2016&sample=67915,,0,no_relab_spectrum_for_parent_or_children
1705,67930,67930,Apollo 16,,,,https://www.lpi.usra.edu/lunar/samples/atlas/detail/?mission=Apollo%2016&sample=67930,,0,no_relab_spectrum_for_parent_or_children
1706,67935,67935,Apollo 16,rock,basalt,"thin veins of black glass, texture of fine-grained subophitic basalt",https://www.lpi.usra.edu/lunar/samples/atlas/detail/?mission=Apollo%2016&sample=67935,,0,no_relab_spectrum_for_parent_or_children
1707,67937,67937,Apollo 16,rock,basalt,"thin veins of black glass, texture of fine-grained subophitic basalt",https://www.lpi.usra.edu/lunar/samples/atlas/detail/?mission=Apollo%2016&sample=67937,,0,no_relab_spectrum_for_parent_or_children
1708,67940,67940,Apollo 16,,breccia,shielded soil from E-W split in House Rock,https://www.lpi.usra.edu/lunar/samples/atlas/detail/?mission=Apollo%2016&sample=67940,,0,no_relab_spectrum_for_parent_or_children
1709,67942,67942,Apollo 16,,,,https://www.lpi.usra.edu/lunar/samples/atlas/detail/?mission=Apollo%2016&sample=67942,,0,no_relab_spectrum_for_parent_or_children
1710,67943,67943,Apollo 16,,,,https://www.lpi.usra.edu/lunar/samples/atlas/detail/?mission=Apollo%2016&sample=67943,,0,no_relab_spectrum_for_parent_or_children
1711,67944,67944,Apollo 16,,,,https://www.lpi.usra.edu/lunar/samples/atlas/detail/?mission=Apollo%2016&sample=67944,,0,no_relab_spectrum_for_parent_or_children
1712,67945,67945,Apollo 16,,breccia,micropoikilitic impact breccia,https://www.lpi.usra.edu/lunar/samples/atlas/detail/?mission=Apollo%2016&sample=67945,,0,no_relab_spectrum_for_parent_or_children
1713,67946,67946,Apollo 16,,breccia,are glass (?) particles with zaps,https://www.lpi.usra.edu/lunar/samples/atlas/detail/?mission=Apollo%2016&sample=67946,,0,no_relab_spectrum_for_parent_or_children
1714,67947,67947,Apollo 16,,breccia,"a ""walnut"" from soil 67941; Granulitic Breccia",https://www.lpi.usra.edu/lunar/samples/atlas/detail/?mission=Apollo%2016&sample=67947,,0,no_relab_spectrum_for_parent_or_children
1715,67948,67948,Apollo 16,,basalt,"plagioclase-rich, ophitic basalt with igneous texture",https://www.lpi.usra.edu/lunar/samples/atlas/detail/?mission=Apollo%2016&sample=67948,,0,no_relab_spectrum_for_parent_or_children
1716,67950,67950,Apollo 16,,,,https://www.lpi.usra.edu/lunar/samples/atlas/detail/?mission=Apollo%2016&sample=67950,,0,no_relab_spectrum_for_parent_or_children
1717,67955,67955,Apollo 16,rock,breccia,exterior surface has a thin brown patina with micrometeorite pits; has been dated at 4.2 b.y. with exposure to cosmic rays for ~ 50 m.y. (age of North Ray Crater).,https://www.lpi.usra.edu/lunar/samples/atlas/detail/?mission=Apollo%2016&sample=67955,,0,no_relab_spectrum_for_parent_or_children
1718,67956,67956,Apollo 16,,,,https://www.lpi.usra.edu/lunar/samples/atlas/detail/?mission=Apollo%2016&sample=67956,,0,no_relab_spectrum_for_parent_or_children
1719,67957,67957,Apollo 16,,,,https://www.lpi.usra.edu/lunar/samples/atlas/detail/?mission=Apollo%2016&sample=67957,,0,no_relab_spectrum_for_parent_or_children
1720,67975,67975,Apollo 16,rock,fragmental breccia,"Irregularly shaped rock with approximately equal amounts of pale gray, fragmental, friable breccia and a coating of frothy, clast-rich glass.",https://www.lpi.usra.edu/lunar/samples/atlas/detail/?mission=Apollo%2016&sample=67975,,0,no_relab_spectrum_for_parent_or_children
1721,67976,67976,Apollo 16,,,,https://www.lpi.usra.edu/lunar/samples/atlas/detail/?mission=Apollo%2016&sample=67976,,0,no_relab_spectrum_for_parent_or_children
1722,68001,68001,Apollo 16,core,,"very coarse grained; speculated that ""the top of this zone may represent a buried topographic surface"". However, this study was based on an interpretation of the Xradiograph, and was not confirmed by the study of the core after extrusion. Schwarz (1994) described the samples during dissection.",https://www.lpi.usra.edu/lunar/samples/atlas/detail/?mission=Apollo%2016&sample=68001,,0,no_relab_spectrum_for_parent_or_children
1723,68002,68002,Apollo 16,core,,,https://www.lpi.usra.edu/lunar/samples/atlas/detail/?mission=Apollo%2016&sample=68002,,0,no_relab_spectrum_for_parent_or_children
1724,68030,68030,Apollo 16,,,,https://www.lpi.usra.edu/lunar/samples/atlas/detail/?mission=Apollo%2016&sample=68030,,0,no_relab_spectrum_for_parent_or_children
1725,68035,68035,Apollo 16,rake,,glass-coated white anorthosite with a blue-green sheen,https://www.lpi.usra.edu/lunar/samples/atlas/detail/?mission=Apollo%2016&sample=68035,,0,no_relab_spectrum_for_parent_or_children
1726,68110,68110,Apollo 16,,,,https://www.lpi.usra.edu/lunar/samples/atlas/detail/?mission=Apollo%2016&sample=68110,,0,no_relab_spectrum_for_parent_or_children
1727,68115,68115,Apollo 16,,breccia,heterogeneous breccia which is welded together by flow-banded glass; appears to be an orange stain on the surface; unusual area of very vesicular melt on one end,https://www.lpi.usra.edu/lunar/samples/atlas/detail/?mission=Apollo%2016&sample=68115,,0,no_relab_spectrum_for_parent_or_children
1728,68120,68120,Apollo 16,,soil,,https://www.lpi.usra.edu/lunar/samples/atlas/detail/?mission=Apollo%2016&sample=68120,,0,no_relab_spectrum_for_parent_or_children
1729,68122,68122,Apollo 16,,soil,,https://www.lpi.usra.edu/lunar/samples/atlas/detail/?mission=Apollo%2016&sample=68122,,0,no_relab_spectrum_for_parent_or_children
1730,68123,68123,Apollo 16,,soil,,https://www.lpi.usra.edu/lunar/samples/atlas/detail/?mission=Apollo%2016&sample=68123,,0,no_relab_spectrum_for_parent_or_children
1731,68124,68124,Apollo 16,,soil,,https://www.lpi.usra.edu/lunar/samples/atlas/detail/?mission=Apollo%2016&sample=68124,,0,no_relab_spectrum_for_parent_or_children
1732,68410,68410,Apollo 16,,,,https://www.lpi.usra.edu/lunar/samples/atlas/detail/?mission=Apollo%2016&sample=68410,,0,no_relab_spectrum_for_parent_or_children
1733,68415,68415,Apollo 16,,impact melt breccia,"68415 and 68416 have an igneous has an intersertal texture characterized by a ""fret work"" of plagioclase laths with interstitial olivine and pyroxene and minor occurances of opaques, phosphates, residual glass and other minerals; is 3.76 b.y.",https://www.lpi.usra.edu/lunar/samples/atlas/detail/?mission=Apollo%2016&sample=68415,,0,no_relab_spectrum_for_parent_or_children
1734,68416,68416,Apollo 16,,impact melt breccia,"has an igneous has an intersertal texture characterized by a ""fret work"" of plagioclase laths with interstitial olivine and pyroxene and minor occurances of opaques, phosphates, residual glass and other minerals",https://www.lpi.usra.edu/lunar/samples/atlas/detail/?mission=Apollo%2016&sample=68416,,0,no_relab_spectrum_for_parent_or_children
1735,68500,68500,Apollo 16,,soil,"Soil 68500 accompanied rake sample 68510 at Station 8, on the north rim of a 10-15 meter crater in the vicinity of visible rays from South Ray crater. Astronauts reported several glass fragments scattered over the surface in this area, some reflecting red and green in the sunlight. The sample area is generally free of large rocks.",https://www.lpi.usra.edu/lunar/samples/atlas/detail/?mission=Apollo%2016&sample=68500,,0,no_relab_spectrum_for_parent_or_children
1736,68502,68502,Apollo 16,rake,,,https://www.lpi.usra.edu/lunar/samples/atlas/detail/?mission=Apollo%2016&sample=68502,,0,no_relab_spectrum_for_parent_or_children
1737,68503,68503,Apollo 16,rake,,,https://www.lpi.usra.edu/lunar/samples/atlas/detail/?mission=Apollo%2016&sample=68503,,0,no_relab_spectrum_for_parent_or_children
1738,68504,68504,Apollo 16,rake,,,https://www.lpi.usra.edu/lunar/samples/atlas/detail/?mission=Apollo%2016&sample=68504,,0,no_relab_spectrum_for_parent_or_children
1739,68505,68505,Apollo 16,rake,,,https://www.lpi.usra.edu/lunar/samples/atlas/detail/?mission=Apollo%2016&sample=68505,,0,no_relab_spectrum_for_parent_or_children
1740,68510,68510,Apollo 16,rake,,,https://www.lpi.usra.edu/lunar/samples/atlas/detail/?mission=Apollo%2016&sample=68510,,0,no_relab_spectrum_for_parent_or_children
1741,68511,68511,Apollo 16,rake,,,https://www.lpi.usra.edu/lunar/samples/atlas/detail/?mission=Apollo%2016&sample=68511,,0,no_relab_spectrum_for_parent_or_children
1742,68512,68512,Apollo 16,rake,,,https://www.lpi.usra.edu/lunar/samples/atlas/detail/?mission=Apollo%2016&sample=68512,,0,no_relab_spectrum_for_parent_or_children
1743,68513,68513,Apollo 16,rake,,,https://www.lpi.usra.edu/lunar/samples/atlas/detail/?mission=Apollo%2016&sample=68513,,0,no_relab_spectrum_for_parent_or_children
1744,68514,68514,Apollo 16,rake,,,https://www.lpi.usra.edu/lunar/samples/atlas/detail/?mission=Apollo%2016&sample=68514,,0,no_relab_spectrum_for_parent_or_children
1745,68515,68515,Apollo 16,rake,,"Steele and Smith (1973) refer to it as a ""complex, black and white breccia with some devitrified glass"".",https://www.lpi.usra.edu/lunar/samples/atlas/detail/?mission=Apollo%2016&sample=68515,,0,no_relab_spectrum_for_parent_or_children
1746,68516,68516,Apollo 16,rake,breccia,mix of dark glass and grey impact melt clasts; age has been determined - 3.8 b.y.,https://www.lpi.usra.edu/lunar/samples/atlas/detail/?mission=Apollo%2016&sample=68516,,0,no_relab_spectrum_for_parent_or_children
1747,68517,68517,Apollo 16,rake,,,https://www.lpi.usra.edu/lunar/samples/atlas/detail/?mission=Apollo%2016&sample=68517,,0,no_relab_spectrum_for_parent_or_children
1748,68518,68518,Apollo 16,rake,breccia,"described as a ""cinder"" by Smith and Steele (1972). Ryder and Norman (1980) noted that it may be a glass coated lithic fragment, but it has never been subdivided or studied.",https://www.lpi.usra.edu/lunar/samples/atlas/detail/?mission=Apollo%2016&sample=68518,,0,no_relab_spectrum_for_parent_or_children
1749,68519,68519,Apollo 16,rake,breccia,small lithic fragment had a glass coat that has been partially chipped away by micrometeorite bombardment.,https://www.lpi.usra.edu/lunar/samples/atlas/detail/?mission=Apollo%2016&sample=68519,,0,no_relab_spectrum_for_parent_or_children
1750,68520,68520,Apollo 16,rake,,,https://www.lpi.usra.edu/lunar/samples/atlas/detail/?mission=Apollo%2016&sample=68520,,0,no_relab_spectrum_for_parent_or_children
1751,68521,68521,Apollo 16,rake,,,https://www.lpi.usra.edu/lunar/samples/atlas/detail/?mission=Apollo%2016&sample=68521,,0,no_relab_spectrum_for_parent_or_children
1752,68522,68522,Apollo 16,rake,,,https://www.lpi.usra.edu/lunar/samples/atlas/detail/?mission=Apollo%2016&sample=68522,,0,no_relab_spectrum_for_parent_or_children
1753,68523,68523,Apollo 16,rake,,,https://www.lpi.usra.edu/lunar/samples/atlas/detail/?mission=Apollo%2016&sample=68523,,0,no_relab_spectrum_for_parent_or_children
1754,68524,68524,Apollo 16,rake,,,https://www.lpi.usra.edu/lunar/samples/atlas/detail/?mission=Apollo%2016&sample=68524,,0,no_relab_spectrum_for_parent_or_children
1755,68525,68525,Apollo 16,rake,breccia,"appears to be impact melt breccia, with poikilitic texture, but have not been studied.",https://www.lpi.usra.edu/lunar/samples/atlas/detail/?mission=Apollo%2016&sample=68525,,0,no_relab_spectrum_for_parent_or_children
1756,68526,68526,Apollo 16,rake,breccia,"appears to be impact melt breccia, with poikilitic texture, but have not been studied.",https://www.lpi.usra.edu/lunar/samples/atlas/detail/?mission=Apollo%2016&sample=68526,,0,no_relab_spectrum_for_parent_or_children
1757,68527,68527,Apollo 16,rake,breccia,"appears to be impact melt breccia, with poikilitic texture, but have not been studied.",https://www.lpi.usra.edu/lunar/samples/atlas/detail/?mission=Apollo%2016&sample=68527,,0,no_relab_spectrum_for_parent_or_children
1758,68528,68528,Apollo 16,rake,,,https://www.lpi.usra.edu/lunar/samples/atlas/detail/?mission=Apollo%2016&sample=68528,,0,no_relab_spectrum_for_parent_or_children
1759,68529,68529,Apollo 16,rake,,,https://www.lpi.usra.edu/lunar/samples/atlas/detail/?mission=Apollo%2016&sample=68529,,0,no_relab_spectrum_for_parent_or_children
1760,68530,68530,Apollo 16,rake,,,https://www.lpi.usra.edu/lunar/samples/atlas/detail/?mission=Apollo%2016&sample=68530,,0,no_relab_spectrum_for_parent_or_children
1761,68531,68531,Apollo 16,rake,,,https://www.lpi.usra.edu/lunar/samples/atlas/detail/?mission=Apollo%2016&sample=68531,,0,no_relab_spectrum_for_parent_or_children
1762,68532,68532,Apollo 16,rake,,,https://www.lpi.usra.edu/lunar/samples/atlas/detail/?mission=Apollo%2016&sample=68532,,0,no_relab_spectrum_for_parent_or_children
1763,68533,68533,Apollo 16,rake,,,https://www.lpi.usra.edu/lunar/samples/atlas/detail/?mission=Apollo%2016&sample=68533,,0,no_relab_spectrum_for_parent_or_children
1764,68534,68534,Apollo 16,rake,,,https://www.lpi.usra.edu/lunar/samples/atlas/detail/?mission=Apollo%2016&sample=68534,,0,no_relab_spectrum_for_parent_or_children
1765,68535,68535,Apollo 16,rake,breccia,impact melt fragments cemented by a black glass,https://www.lpi.usra.edu/lunar/samples/atlas/detail/?mission=Apollo%2016&sample=68535,,0,no_relab_spectrum_for_parent_or_children
1766,68536,68536,Apollo 16,rake,breccia,impact melt fragments cemented by a black glass,https://www.lpi.usra.edu/lunar/samples/atlas/detail/?mission=Apollo%2016&sample=68536,,0,no_relab_spectrum_for_parent_or_children
1767,68537,68537,Apollo 16,rake,,,https://www.lpi.usra.edu/lunar/samples/atlas/detail/?mission=Apollo%2016&sample=68537,,0,no_relab_spectrum_for_parent_or_children
1768,68820,68820,Apollo 16,,,,https://www.lpi.usra.edu/lunar/samples/atlas/detail/?mission=Apollo%2016&sample=68820,,0,no_relab_spectrum_for_parent_or_children
1769,68821,68821,Apollo 16,,soil,"mature soil and should be compared with sample 68841, collected nearby.",https://www.lpi.usra.edu/lunar/samples/atlas/detail/?mission=Apollo%2016&sample=68821,,0,no_relab_spectrum_for_parent_or_children
1770,68822,68822,Apollo 16,,,,https://www.lpi.usra.edu/lunar/samples/atlas/detail/?mission=Apollo%2016&sample=68822,,0,no_relab_spectrum_for_parent_or_children
1771,68823,68823,Apollo 16,,,,https://www.lpi.usra.edu/lunar/samples/atlas/detail/?mission=Apollo%2016&sample=68823,,0,no_relab_spectrum_for_parent_or_children
1772,68824,68824,Apollo 16,,,,https://www.lpi.usra.edu/lunar/samples/atlas/detail/?mission=Apollo%2016&sample=68824,,0,no_relab_spectrum_for_parent_or_children
1773,68825,68825,Apollo 16,,,,https://www.lpi.usra.edu/lunar/samples/atlas/detail/?mission=Apollo%2016&sample=68825,,0,no_relab_spectrum_for_parent_or_children
1774,68840,68840,Apollo 16,,soil,,https://www.lpi.usra.edu/lunar/samples/atlas/detail/?mission=Apollo%2016&sample=68840,,0,no_relab_spectrum_for_parent_or_children
1775,68841,68841,Apollo 16,,soil,coarse fine,https://www.lpi.usra.edu/lunar/samples/atlas/detail/?mission=Apollo%2016&sample=68841,,0,no_relab_spectrum_for_parent_or_children
1776,68842,68842,Apollo 16,,,,https://www.lpi.usra.edu/lunar/samples/atlas/detail/?mission=Apollo%2016&sample=68842,,0,no_relab_spectrum_for_parent_or_children
1777,68843,68843,Apollo 16,,,,https://www.lpi.usra.edu/lunar/samples/atlas/detail/?mission=Apollo%2016&sample=68843,,0,no_relab_spectrum_for_parent_or_children
1778,68844,68844,Apollo 16,,,,https://www.lpi.usra.edu/lunar/samples/atlas/detail/?mission=Apollo%2016&sample=68844,,0,no_relab_spectrum_for_parent_or_children
1779,68845,68845,Apollo 16,,breccia,"coherent, grey, aphanitic rocks",https://www.lpi.usra.edu/lunar/samples/atlas/detail/?mission=Apollo%2016&sample=68845,,0,no_relab_spectrum_for_parent_or_children
1780,68846,68846,Apollo 16,,breccia,"coherent, grey, aphanitic rocks",https://www.lpi.usra.edu/lunar/samples/atlas/detail/?mission=Apollo%2016&sample=68846,,0,no_relab_spectrum_for_parent_or_children
1781,68847,68847,Apollo 16,,breccia,"coherent, grey, aphanitic rocks",https://www.lpi.usra.edu/lunar/samples/atlas/detail/?mission=Apollo%2016&sample=68847,,0,no_relab_spectrum_for_parent_or_children
1782,68848,68848,Apollo 16,,,,https://www.lpi.usra.edu/lunar/samples/atlas/detail/?mission=Apollo%2016&sample=68848,,0,no_relab_spectrum_for_parent_or_children
1783,69001,69001,Apollo 16,,soil,Drive Tube is unopened and has been in vacuum since it was sealed in CSVC on the moon.,https://www.lpi.usra.edu/lunar/samples/atlas/detail/?mission=Apollo%2016&sample=69001,,0,no_relab_spectrum_for_parent_or_children
1784,69920,69920,Apollo 16,rake,soil,mature soil,https://www.lpi.usra.edu/lunar/samples/atlas/detail/?mission=Apollo%2016&sample=69920,,0,no_relab_spectrum_for_parent_or_children
1785,69922,69922,Apollo 16,,,,https://www.lpi.usra.edu/lunar/samples/atlas/detail/?mission=Apollo%2016&sample=69922,,0,no_relab_spectrum_for_parent_or_children
1786,69923,69923,Apollo 16,,,,https://www.lpi.usra.edu/lunar/samples/atlas/detail/?mission=Apollo%2016&sample=69923,,0,no_relab_spectrum_for_parent_or_children
1787,69924,69924,Apollo 16,,,,https://www.lpi.usra.edu/lunar/samples/atlas/detail/?mission=Apollo%2016&sample=69924,,0,no_relab_spectrum_for_parent_or_children
1788,69930,69930,Apollo 16,,,,https://www.lpi.usra.edu/lunar/samples/atlas/detail/?mission=Apollo%2016&sample=69930,,0,no_relab_spectrum_for_parent_or_children
1789,69940,69940,Apollo 16,,soil,"69940 is a ""scoop"" sample from several cm below the surface. Large fragments are relatively sparse at the sample site, surface is relatively firm, craters 5-30 cm are common but larger ones are sparse.",https://www.lpi.usra.edu/lunar/samples/atlas/detail/?mission=Apollo%2016&sample=69940,,0,no_relab_spectrum_for_parent_or_children
1790,69942,69942,Apollo 16,,,,https://www.lpi.usra.edu/lunar/samples/atlas/detail/?mission=Apollo%2016&sample=69942,,0,no_relab_spectrum_for_parent_or_children
1791,69943,69943,Apollo 16,,,,https://www.lpi.usra.edu/lunar/samples/atlas/detail/?mission=Apollo%2016&sample=69943,,0,no_relab_spectrum_for_parent_or_children
1792,69944,69944,Apollo 16,,,,https://www.lpi.usra.edu/lunar/samples/atlas/detail/?mission=Apollo%2016&sample=69944,,0,no_relab_spectrum_for_parent_or_children
1793,69945,69945,Apollo 16,,breccia,appears to be more mafic than most poikilitic Apollo 16 breccias and has only minor clasts,https://www.lpi.usra.edu/lunar/samples/atlas/detail/?mission=Apollo%2016&sample=69945,,0,no_relab_spectrum_for_parent_or_children
1794,69950,69950,Apollo 16,,,,https://www.lpi.usra.edu/lunar/samples/atlas/detail/?mission=Apollo%2016&sample=69950,,0,no_relab_spectrum_for_parent_or_children
1795,69960,69960,Apollo 16,,soil,"69960 was collected at Station 9 from under a .5 meter boulder after it had been rolled over. It is part of a ""surface sampler"" including soils 69920, 69940, and 69960 and fragments 69003, 69004, and 66935. Large fragments are relatively sparse at the sample site, surface is relatively firm, craters 5-30 cm are common but larger ones are sparse.",https://www.lpi.usra.edu/lunar/samples/atlas/detail/?mission=Apollo%2016&sample=69960,,0,no_relab_spectrum_for_parent_or_children
1796,69962,69962,Apollo 16,,soil,,https://www.lpi.usra.edu/lunar/samples/atlas/detail/?mission=Apollo%2016&sample=69962,,0,no_relab_spectrum_for_parent_or_children
1797,69963,69963,Apollo 16,,soil,,https://www.lpi.usra.edu/lunar/samples/atlas/detail/?mission=Apollo%2016&sample=69963,,0,no_relab_spectrum_for_parent_or_children
1798,69964,69964,Apollo 16,,soil,,https://www.lpi.usra.edu/lunar/samples/atlas/detail/?mission=Apollo%2016&sample=69964,,0,no_relab_spectrum_for_parent_or_children
1799,69965,69965,Apollo 16,,soil,,https://www.lpi.usra.edu/lunar/samples/atlas/detail/?mission=Apollo%2016&sample=69965,,0,no_relab_spectrum_for_parent_or_children
1800,70001,70001,Apollo 17,core,,,https://www.lpi.usra.edu/lunar/samples/atlas/detail/?mission=Apollo%2017&sample=70001,,0,no_relab_spectrum_for_parent_or_children
1801,70002,70002,Apollo 17,core,,,https://www.lpi.usra.edu/lunar/samples/atlas/detail/?mission=Apollo%2017&sample=70002,,0,no_relab_spectrum_for_parent_or_children
1802,70003,70003,Apollo 17,core,,,https://www.lpi.usra.edu/lunar/samples/atlas/detail/?mission=Apollo%2017&sample=70003,,0,no_relab_spectrum_for_parent_or_children
1803,70004,70004,Apollo 17,core,,,https://www.lpi.usra.edu/lunar/samples/atlas/detail/?mission=Apollo%2017&sample=70004,,0,no_relab_spectrum_for_parent_or_children
1804,70005,70005,Apollo 17,core,,,https://www.lpi.usra.edu/lunar/samples/atlas/detail/?mission=Apollo%2017&sample=70005,,0,no_relab_spectrum_for_parent_or_children
1805,70006,70006,Apollo 17,core,,,https://www.lpi.usra.edu/lunar/samples/atlas/detail/?mission=Apollo%2017&sample=70006,,0,no_relab_spectrum_for_parent_or_children
1806,70007,70007,Apollo 17,,soil,,https://www.lpi.usra.edu/lunar/samples/atlas/detail/?mission=Apollo%2017&sample=70007,,0,no_relab_spectrum_for_parent_or_children
1807,70008,70008,Apollo 17,core,soil,"70001-70009 are the segments of the deep core drilled at the ALSEP site 180 meters west of the LM. The sample area is flat, level and has 2-3% block cover. Craters 10 cm to 1 meter in size are common, fines are coherent below 3-4 cm. Drill penetration to 3.2 meters alternated between easy and difficult. The bottom 20 cm were very difficult to drill. The base material is cohesive, fragmental.",https://www.lpi.usra.edu/lunar/samples/atlas/detail/?mission=Apollo%2017&sample=70008,,0,no_relab_spectrum_for_parent_or_children
1808,70009,70009,Apollo 17,core,soil,,https://www.lpi.usra.edu/lunar/samples/atlas/detail/?mission=Apollo%2017&sample=70009,,0,no_relab_spectrum_for_parent_or_children
1809,70018,70018,Apollo 17,rock,breccia,Clastic Matrix Breccia; no research has been conducted upon this sample,https://www.lpi.usra.edu/lunar/samples/atlas/detail/?mission=Apollo%2017&sample=70018,,0,no_relab_spectrum_for_parent_or_children
1810,70019,70019,Apollo 17,rock,breccia,Soil Breccia - Agglutinate,https://www.lpi.usra.edu/lunar/samples/atlas/detail/?mission=Apollo%2017&sample=70019,,0,no_relab_spectrum_for_parent_or_children
1811,70075,70075,Apollo 17,rock,high-Ti mare basalt,High-Ti Mare Basalt,https://www.lpi.usra.edu/lunar/samples/atlas/detail/?mission=Apollo%2017&sample=70075,,0,no_relab_spectrum_for_parent_or_children
1812,70130,70130,Apollo 17,,,,https://www.lpi.usra.edu/lunar/samples/atlas/detail/?mission=Apollo%2017&sample=70130,,0,no_relab_spectrum_for_parent_or_children
1813,70131,70131,Apollo 17,,,,https://www.lpi.usra.edu/lunar/samples/atlas/detail/?mission=Apollo%2017&sample=70131,,0,no_relab_spectrum_for_parent_or_children
1814,70132,70132,Apollo 17,,,,https://www.lpi.usra.edu/lunar/samples/atlas/detail/?mission=Apollo%2017&sample=70132,,0,no_relab_spectrum_for_parent_or_children
1815,70133,70133,Apollo 17,,,,https://www.lpi.usra.edu/lunar/samples/atlas/detail/?mission=Apollo%2017&sample=70133,,0,no_relab_spectrum_for_parent_or_children
1816,70134,70134,Apollo 17,,,,https://www.lpi.usra.edu/lunar/samples/atlas/detail/?mission=Apollo%2017&sample=70134,,0,no_relab_spectrum_for_parent_or_children
1817,70135,70135,Apollo 17,rock,high-Ti mare basalt,"High-Ti Mare Basalt,",https://www.lpi.usra.edu/lunar/samples/atlas/detail/?mission=Apollo%2017&sample=70135,,0,no_relab_spectrum_for_parent_or_children
1818,70136,70136,Apollo 17,rock,high-Ti mare basalt,High-Ti Mare Basalt,https://www.lpi.usra.edu/lunar/samples/atlas/detail/?mission=Apollo%2017&sample=70136,,0,no_relab_spectrum_for_parent_or_children
1819,70137,70137,Apollo 17,rock,high-Ti mare basalt,High-Ti Mare Basalt,https://www.lpi.usra.edu/lunar/samples/atlas/detail/?mission=Apollo%2017&sample=70137,,0,no_relab_spectrum_for_parent_or_children
1820,70138,70138,Apollo 17,rock,high-Ti mare basalt,High-Ti Mare Basalt,https://www.lpi.usra.edu/lunar/samples/atlas/detail/?mission=Apollo%2017&sample=70138,,0,no_relab_spectrum_for_parent_or_children
1821,70139,70139,Apollo 17,rock,high-Ti mare basalt,High-Ti Mare Basalt,https://www.lpi.usra.edu/lunar/samples/atlas/detail/?mission=Apollo%2017&sample=70139,,0,no_relab_spectrum_for_parent_or_children
1822,70140,70140,Apollo 17,,,,https://www.lpi.usra.edu/lunar/samples/atlas/detail/?mission=Apollo%2017&sample=70140,,0,no_relab_spectrum_for_parent_or_children
1823,70141,70141,Apollo 17,,,,https://www.lpi.usra.edu/lunar/samples/atlas/detail/?mission=Apollo%2017&sample=70141,,0,no_relab_spectrum_for_parent_or_children
1824,70142,70142,Apollo 17,,,,https://www.lpi.usra.edu/lunar/samples/atlas/detail/?mission=Apollo%2017&sample=70142,,0,no_relab_spectrum_for_parent_or_children
1825,70143,70143,Apollo 17,,,,https://www.lpi.usra.edu/lunar/samples/atlas/detail/?mission=Apollo%2017&sample=70143,,0,no_relab_spectrum_for_parent_or_children
1826,70144,70144,Apollo 17,,,,https://www.lpi.usra.edu/lunar/samples/atlas/detail/?mission=Apollo%2017&sample=70144,,0,no_relab_spectrum_for_parent_or_children
1827,70145,70145,Apollo 17,rock,high-Ti mare basalt,High-Ti Mare Basalt,https://www.lpi.usra.edu/lunar/samples/atlas/detail/?mission=Apollo%2017&sample=70145,,0,no_relab_spectrum_for_parent_or_children
1828,70146,70146,Apollo 17,rock,high-Ti mare basalt,High-Ti Mare Basalt,https://www.lpi.usra.edu/lunar/samples/atlas/detail/?mission=Apollo%2017&sample=70146,,0,no_relab_spectrum_for_parent_or_children
1829,70147,70147,Apollo 17,rock,high-Ti mare basalt,Clast-Rich Impact Melt,https://www.lpi.usra.edu/lunar/samples/atlas/detail/?mission=Apollo%2017&sample=70147,,0,no_relab_spectrum_for_parent_or_children
1830,70148,70148,Apollo 17,rock,high-Ti mare basalt,High-Ti Mare Basalt,https://www.lpi.usra.edu/lunar/samples/atlas/detail/?mission=Apollo%2017&sample=70148,,0,no_relab_spectrum_for_parent_or_children
1831,70149,70149,Apollo 17,rock,high-Ti mare basalt,High-Ti Mare Basalt,https://www.lpi.usra.edu/lunar/samples/atlas/detail/?mission=Apollo%2017&sample=70149,,0,no_relab_spectrum_for_parent_or_children
1832,70150,70150,Apollo 17,,,,https://www.lpi.usra.edu/lunar/samples/atlas/detail/?mission=Apollo%2017&sample=70150,,0,no_relab_spectrum_for_parent_or_children
1833,70151,70151,Apollo 17,,,,https://www.lpi.usra.edu/lunar/samples/atlas/detail/?mission=Apollo%2017&sample=70151,,0,no_relab_spectrum_for_parent_or_children
1834,70152,70152,Apollo 17,,,,https://www.lpi.usra.edu/lunar/samples/atlas/detail/?mission=Apollo%2017&sample=70152,,0,no_relab_spectrum_for_parent_or_children
1835,70153,70153,Apollo 17,,,,https://www.lpi.usra.edu/lunar/samples/atlas/detail/?mission=Apollo%2017&sample=70153,,0,no_relab_spectrum_for_parent_or_children
1836,70154,70154,Apollo 17,,,,https://www.lpi.usra.edu/lunar/samples/atlas/detail/?mission=Apollo%2017&sample=70154,,0,no_relab_spectrum_for_parent_or_children
1837,70155,70155,Apollo 17,rock,high-Ti mare basalt,High-Ti Mare Basalt,https://www.lpi.usra.edu/lunar/samples/atlas/detail/?mission=Apollo%2017&sample=70155,,0,no_relab_spectrum_for_parent_or_children
1838,70156,70156,Apollo 17,rock,high-Ti mare basalt,High-Ti Mare Basalt,https://www.lpi.usra.edu/lunar/samples/atlas/detail/?mission=Apollo%2017&sample=70156,,0,no_relab_spectrum_for_parent_or_children
1839,70157,70157,Apollo 17,rock,high-Ti mare basalt,High-Ti Mare Basalt,https://www.lpi.usra.edu/lunar/samples/atlas/detail/?mission=Apollo%2017&sample=70157,,0,no_relab_spectrum_for_parent_or_children
1840,70160,70160,Apollo 17,,soil,"This is a fillet soil near the ALSEP central station, 180 meters west of the LM, at the base of a 1.5 meter boulder. Sample area has about 2-5% rock cover. Fines are darker when disturbed and compaction is greater in the fillet.",https://www.lpi.usra.edu/lunar/samples/atlas/detail/?mission=Apollo%2017&sample=70160,,0,no_relab_spectrum_for_parent_or_children
1841,70161,70161,Apollo 17,soil < 1 mm,soil,,https://www.lpi.usra.edu/lunar/samples/atlas/detail/?mission=Apollo%2017&sample=70161,,0,no_relab_spectrum_for_parent_or_children
1842,70165,70165,Apollo 17,rock,high-Ti mare basalt,High-Ti Mare Basalt,https://www.lpi.usra.edu/lunar/samples/atlas/detail/?mission=Apollo%2017&sample=70165,,0,no_relab_spectrum_for_parent_or_children
1843,70170,70170,Apollo 17,,,,https://www.lpi.usra.edu/lunar/samples/atlas/detail/?mission=Apollo%2017&sample=70170,,0,no_relab_spectrum_for_parent_or_children
1844,70175,70175,Apollo 17,rock,breccia,Glass-Rich Microbreccia,https://www.lpi.usra.edu/lunar/samples/atlas/detail/?mission=Apollo%2017&sample=70175,,0,no_relab_spectrum_for_parent_or_children
1845,70180,70180,Apollo 17,,soil,"This surface soil was collected 3 meters from the deep core site on the rim of an 8 meter blocky crater at the ALSEP. The sample area is flat and level with 2-3% block cover. Craters 10 cm to 1 meter in size are common, the fines are rather loose at the sample site on the rim of a .5 meter crater. This soil was collected with 70185, an 8 cm vuggy basalt.",https://www.lpi.usra.edu/lunar/samples/atlas/detail/?mission=Apollo%2017&sample=70180,,0,no_relab_spectrum_for_parent_or_children
1846,70182,70182,Apollo 17,,,,https://www.lpi.usra.edu/lunar/samples/atlas/detail/?mission=Apollo%2017&sample=70182,,0,no_relab_spectrum_for_parent_or_children
1847,70183,70183,Apollo 17,,,,https://www.lpi.usra.edu/lunar/samples/atlas/detail/?mission=Apollo%2017&sample=70183,,0,no_relab_spectrum_for_parent_or_children
1848,70184,70184,Apollo 17,,,,https://www.lpi.usra.edu/lunar/samples/atlas/detail/?mission=Apollo%2017&sample=70184,,0,no_relab_spectrum_for_parent_or_children
1849,70185,70185,Apollo 17,rock,high-Ti mare basalt,High-Ti Mare Basalt,https://www.lpi.usra.edu/lunar/samples/atlas/detail/?mission=Apollo%2017&sample=70185,,0,no_relab_spectrum_for_parent_or_children
1850,70250,70250,Apollo 17,,,,https://www.lpi.usra.edu/lunar/samples/atlas/detail/?mission=Apollo%2017&sample=70250,,0,no_relab_spectrum_for_parent_or_children
1851,70255,70255,Apollo 17,rock,high-Ti mare basalt,High-Ti Mare Basalt,https://www.lpi.usra.edu/lunar/samples/atlas/detail/?mission=Apollo%2017&sample=70255,,0,no_relab_spectrum_for_parent_or_children
1852,70270,70270,Apollo 17,,,,https://www.lpi.usra.edu/lunar/samples/atlas/detail/?mission=Apollo%2017&sample=70270,,0,no_relab_spectrum_for_parent_or_children
1853,70275,70275,Apollo 17,rock,high-Ti mare basalt,High-Ti Mare Basalt,https://www.lpi.usra.edu/lunar/samples/atlas/detail/?mission=Apollo%2017&sample=70275,,0,no_relab_spectrum_for_parent_or_children
1854,70295,70295,Apollo 17,rock,breccia,Dark Matrix Breccia,https://www.lpi.usra.edu/lunar/samples/atlas/detail/?mission=Apollo%2017&sample=70295,,0,no_relab_spectrum_for_parent_or_children
1855,70310,70310,Apollo 17,,,,https://www.lpi.usra.edu/lunar/samples/atlas/detail/?mission=Apollo%2017&sample=70310,,0,no_relab_spectrum_for_parent_or_children
1856,70311,70311,Apollo 17,,,,https://www.lpi.usra.edu/lunar/samples/atlas/detail/?mission=Apollo%2017&sample=70311,,0,no_relab_spectrum_for_parent_or_children
1857,70312,70312,Apollo 17,,,,https://www.lpi.usra.edu/lunar/samples/atlas/detail/?mission=Apollo%2017&sample=70312,,0,no_relab_spectrum_for_parent_or_children
1858,70313,70313,Apollo 17,,,,https://www.lpi.usra.edu/lunar/samples/atlas/detail/?mission=Apollo%2017&sample=70313,,0,no_relab_spectrum_for_parent_or_children
1859,70314,70314,Apollo 17,,,,https://www.lpi.usra.edu/lunar/samples/atlas/detail/?mission=Apollo%2017&sample=70314,,0,no_relab_spectrum_for_parent_or_children
1860,70315,70315,Apollo 17,rock,high-Ti mare basalt,High-Ti Mare Basalt,https://www.lpi.usra.edu/lunar/samples/atlas/detail/?mission=Apollo%2017&sample=70315,,0,no_relab_spectrum_for_parent_or_children
1861,70320,70320,Apollo 17,,,,https://www.lpi.usra.edu/lunar/samples/atlas/detail/?mission=Apollo%2017&sample=70320,,0,no_relab_spectrum_for_parent_or_children
1862,70321,70321,Apollo 17,,,,https://www.lpi.usra.edu/lunar/samples/atlas/detail/?mission=Apollo%2017&sample=70321,,0,no_relab_spectrum_for_parent_or_children
1863,70322,70322,Apollo 17,,,,https://www.lpi.usra.edu/lunar/samples/atlas/detail/?mission=Apollo%2017&sample=70322,,0,no_relab_spectrum_for_parent_or_children
1864,70323,70323,Apollo 17,,,,https://www.lpi.usra.edu/lunar/samples/atlas/detail/?mission=Apollo%2017&sample=70323,,0,no_relab_spectrum_for_parent_or_children
1865,70324,70324,Apollo 17,,,,https://www.lpi.usra.edu/lunar/samples/atlas/detail/?mission=Apollo%2017&sample=70324,,0,no_relab_spectrum_for_parent_or_children
1866,71030,71030,Apollo 17,,,,https://www.lpi.usra.edu/lunar/samples/atlas/detail/?mission=Apollo%2017&sample=71030,,0,no_relab_spectrum_for_parent_or_children
1867,71031,71031,Apollo 17,,,,https://www.lpi.usra.edu/lunar/samples/atlas/detail/?mission=Apollo%2017&sample=71031,,0,no_relab_spectrum_for_parent_or_children
1868,71032,71032,Apollo 17,,,,https://www.lpi.usra.edu/lunar/samples/atlas/detail/?mission=Apollo%2017&sample=71032,,0,no_relab_spectrum_for_parent_or_children
1869,71033,71033,Apollo 17,,,,https://www.lpi.usra.edu/lunar/samples/atlas/detail/?mission=Apollo%2017&sample=71033,,0,no_relab_spectrum_for_parent_or_children
1870,71034,71034,Apollo 17,,,,https://www.lpi.usra.edu/lunar/samples/atlas/detail/?mission=Apollo%2017&sample=71034,,0,no_relab_spectrum_for_parent_or_children
1871,71035,71035,Apollo 17,rock,high-Ti mare basalt,High-Ti Mare Basalt,https://www.lpi.usra.edu/lunar/samples/atlas/detail/?mission=Apollo%2017&sample=71035,,0,no_relab_spectrum_for_parent_or_children
1872,71036,71036,Apollo 17,rock,high-Ti mare basalt,High-Ti Mare Basalt,https://www.lpi.usra.edu/lunar/samples/atlas/detail/?mission=Apollo%2017&sample=71036,,0,no_relab_spectrum_for_parent_or_children
1873,71037,71037,Apollo 17,rock,high-Ti mare basalt,High-Ti Mare Basalt,https://www.lpi.usra.edu/lunar/samples/atlas/detail/?mission=Apollo%2017&sample=71037,,0,no_relab_spectrum_for_parent_or_children
1874,71040,71040,Apollo 17,,soil,"71040 is a surface soil that was collected along with 6 chips in the shadow of ""tombstone rock"" at Station 1A. Soil 71060 was collected at the same site at a depth of 5-6 cm. Tombstone Rock is on the inner side of the southwest rim of a 10 meter blocky crater. The sample area is broadly rolling and dominated by ejecta. Local craters up to 2 meters in size are common, and the fines are fairly compact.",https://www.lpi.usra.edu/lunar/samples/atlas/detail/?mission=Apollo%2017&sample=71040,,0,no_relab_spectrum_for_parent_or_children
1875,71042,71042,Apollo 17,,,,https://www.lpi.usra.edu/lunar/samples/atlas/detail/?mission=Apollo%2017&sample=71042,,0,no_relab_spectrum_for_parent_or_children
1876,71043,71043,Apollo 17,,,,https://www.lpi.usra.edu/lunar/samples/atlas/detail/?mission=Apollo%2017&sample=71043,,0,no_relab_spectrum_for_parent_or_children
1877,71044,71044,Apollo 17,,,,https://www.lpi.usra.edu/lunar/samples/atlas/detail/?mission=Apollo%2017&sample=71044,,0,no_relab_spectrum_for_parent_or_children
1878,71045,71045,Apollo 17,rock,high-Ti mare basalt,High-Ti Mare Basalt,https://www.lpi.usra.edu/lunar/samples/atlas/detail/?mission=Apollo%2017&sample=71045,,0,no_relab_spectrum_for_parent_or_children
1879,71046,71046,Apollo 17,rock,high-Ti mare basalt,High-Ti Mare Basalt,https://www.lpi.usra.edu/lunar/samples/atlas/detail/?mission=Apollo%2017&sample=71046,,0,no_relab_spectrum_for_parent_or_children
1880,71047,71047,Apollo 17,rock,high-Ti mare basalt,High-Ti Mare Basalt,https://www.lpi.usra.edu/lunar/samples/atlas/detail/?mission=Apollo%2017&sample=71047,,0,no_relab_spectrum_for_parent_or_children
1881,71048,71048,Apollo 17,rock,high-Ti mare basalt,High-Ti Mare Basalt,https://www.lpi.usra.edu/lunar/samples/atlas/detail/?mission=Apollo%2017&sample=71048,,0,no_relab_spectrum_for_parent_or_children
1882,71049,71049,Apollo 17,rock,high-Ti mare basalt,High-Ti Mare Basalt,https://www.lpi.usra.edu/lunar/samples/atlas/detail/?mission=Apollo%2017&sample=71049,,0,no_relab_spectrum_for_parent_or_children
1883,71050,71050,Apollo 17,,,,https://www.lpi.usra.edu/lunar/samples/atlas/detail/?mission=Apollo%2017&sample=71050,,0,no_relab_spectrum_for_parent_or_children
1884,71060,71060,Apollo 17,,soil,"71060 is a soil sample collected 5-6 cm below the surface in the shadow of ""tombstone rock"" at Station 1A. It was collected with 13 chips. Tombstone Rock is on the inner side of the southwest rim of a 10 meter blocky crater. The sample area is broadly rolling and dominated by ejecta. Local craters up to 2 meters in size are common, and the fines are faily compact.",https://www.lpi.usra.edu/lunar/samples/atlas/detail/?mission=Apollo%2017&sample=71060,,0,no_relab_spectrum_for_parent_or_children
1885,71062,71062,Apollo 17,,,,https://www.lpi.usra.edu/lunar/samples/atlas/detail/?mission=Apollo%2017&sample=71062,,0,no_relab_spectrum_for_parent_or_children
1886,71063,71063,Apollo 17,,,,https://www.lpi.usra.edu/lunar/samples/atlas/detail/?mission=Apollo%2017&sample=71063,,0,no_relab_spectrum_for_parent_or_children
1887,71064,71064,Apollo 17,,,,https://www.lpi.usra.edu/lunar/samples/atlas/detail/?mission=Apollo%2017&sample=71064,,0,no_relab_spectrum_for_parent_or_children
1888,71065,71065,Apollo 17,rock,high-Ti mare basalt,High-Ti Mare Basalt,https://www.lpi.usra.edu/lunar/samples/atlas/detail/?mission=Apollo%2017&sample=71065,,0,no_relab_spectrum_for_parent_or_children
1889,71066,71066,Apollo 17,rock,high-Ti mare basalt,High-Ti Mare Basalt,https://www.lpi.usra.edu/lunar/samples/atlas/detail/?mission=Apollo%2017&sample=71066,,0,no_relab_spectrum_for_parent_or_children
1890,71067,71067,Apollo 17,rock,high-Ti mare basalt,High-Ti Mare Basalt,https://www.lpi.usra.edu/lunar/samples/atlas/detail/?mission=Apollo%2017&sample=71067,,0,no_relab_spectrum_for_parent_or_children
1891,71068,71068,Apollo 17,rock,high-Ti mare basalt,High-Ti Mare Basalt,https://www.lpi.usra.edu/lunar/samples/atlas/detail/?mission=Apollo%2017&sample=71068,,0,no_relab_spectrum_for_parent_or_children
1892,71069,71069,Apollo 17,rock,high-Ti mare basalt,High-Ti Mare Basalt,https://www.lpi.usra.edu/lunar/samples/atlas/detail/?mission=Apollo%2017&sample=71069,,0,no_relab_spectrum_for_parent_or_children
1893,71075,71075,Apollo 17,rock,high-Ti mare basalt,High-Ti Mare Basalt,https://www.lpi.usra.edu/lunar/samples/atlas/detail/?mission=Apollo%2017&sample=71075,,0,no_relab_spectrum_for_parent_or_children
1894,71085,71085,Apollo 17,rock,high-Ti mare basalt,High-Ti Mare Basalt,https://www.lpi.usra.edu/lunar/samples/atlas/detail/?mission=Apollo%2017&sample=71085,,0,no_relab_spectrum_for_parent_or_children
1895,71086,71086,Apollo 17,rock,high-Ti mare basalt,High-Ti Mare Basalt,https://www.lpi.usra.edu/lunar/samples/atlas/detail/?mission=Apollo%2017&sample=71086,,0,no_relab_spectrum_for_parent_or_children
1896,71087,71087,Apollo 17,rock,high-Ti mare basalt,High-Ti Mare Basalt,https://www.lpi.usra.edu/lunar/samples/atlas/detail/?mission=Apollo%2017&sample=71087,,0,no_relab_spectrum_for_parent_or_children
1897,71088,71088,Apollo 17,rock,high-Ti mare basalt,High-Ti Mare Basalt,https://www.lpi.usra.edu/lunar/samples/atlas/detail/?mission=Apollo%2017&sample=71088,,0,no_relab_spectrum_for_parent_or_children
1898,71089,71089,Apollo 17,,,,https://www.lpi.usra.edu/lunar/samples/atlas/detail/?mission=Apollo%2017&sample=71089,,0,no_relab_spectrum_for_parent_or_children
1899,71090,71090,Apollo 17,,,,https://www.lpi.usra.edu/lunar/samples/atlas/detail/?mission=Apollo%2017&sample=71090,,0,no_relab_spectrum_for_parent_or_children
1900,71091,71091,Apollo 17,,,,https://www.lpi.usra.edu/lunar/samples/atlas/detail/?mission=Apollo%2017&sample=71091,,0,no_relab_spectrum_for_parent_or_children
1901,71092,71092,Apollo 17,,,,https://www.lpi.usra.edu/lunar/samples/atlas/detail/?mission=Apollo%2017&sample=71092,,0,no_relab_spectrum_for_parent_or_children
1902,71093,71093,Apollo 17,,,,https://www.lpi.usra.edu/lunar/samples/atlas/detail/?mission=Apollo%2017&sample=71093,,0,no_relab_spectrum_for_parent_or_children
1903,71094,71094,Apollo 17,,,,https://www.lpi.usra.edu/lunar/samples/atlas/detail/?mission=Apollo%2017&sample=71094,,0,no_relab_spectrum_for_parent_or_children
1904,71095,71095,Apollo 17,rock,high-Ti mare basalt,High-Ti Mare Basalt,https://www.lpi.usra.edu/lunar/samples/atlas/detail/?mission=Apollo%2017&sample=71095,,0,no_relab_spectrum_for_parent_or_children
1905,71096,71096,Apollo 17,rock,high-Ti mare basalt,High-Ti Mare Basalt,https://www.lpi.usra.edu/lunar/samples/atlas/detail/?mission=Apollo%2017&sample=71096,,0,no_relab_spectrum_for_parent_or_children
1906,71097,71097,Apollo 17,rock,high-Ti mare basalt,High-Ti Mare Basalt,https://www.lpi.usra.edu/lunar/samples/atlas/detail/?mission=Apollo%2017&sample=71097,,0,no_relab_spectrum_for_parent_or_children
1907,71130,71130,Apollo 17,,,,https://www.lpi.usra.edu/lunar/samples/atlas/detail/?mission=Apollo%2017&sample=71130,,0,no_relab_spectrum_for_parent_or_children
1908,71131,71131,Apollo 17,soil < 1 mm,,,https://www.lpi.usra.edu/lunar/samples/atlas/detail/?mission=Apollo%2017&sample=71131,,0,no_relab_spectrum_for_parent_or_children
1909,71135,71135,Apollo 17,rock,high-Ti mare basalt,High-Ti Mare Basalt,https://www.lpi.usra.edu/lunar/samples/atlas/detail/?mission=Apollo%2017&sample=71135,,0,no_relab_spectrum_for_parent_or_children
1910,71136,71136,Apollo 17,rock,high-Ti mare basalt,High-Ti Mare Basalt,https://www.lpi.usra.edu/lunar/samples/atlas/detail/?mission=Apollo%2017&sample=71136,,0,no_relab_spectrum_for_parent_or_children
1911,71150,71150,Apollo 17,,,,https://www.lpi.usra.edu/lunar/samples/atlas/detail/?mission=Apollo%2017&sample=71150,,0,no_relab_spectrum_for_parent_or_children
1912,71155,71155,Apollo 17,rock,high-Ti mare basalt,High-Ti Mare Basalt,https://www.lpi.usra.edu/lunar/samples/atlas/detail/?mission=Apollo%2017&sample=71155,,0,no_relab_spectrum_for_parent_or_children
1913,71156,71156,Apollo 17,rock,high-Ti mare basalt,High-Ti Mare Basalt,https://www.lpi.usra.edu/lunar/samples/atlas/detail/?mission=Apollo%2017&sample=71156,,0,no_relab_spectrum_for_parent_or_children
1914,71157,71157,Apollo 17,rock,high-Ti mare basalt,High-Ti Mare Basalt,https://www.lpi.usra.edu/lunar/samples/atlas/detail/?mission=Apollo%2017&sample=71157,,0,no_relab_spectrum_for_parent_or_children
1915,71170,71170,Apollo 17,,,,https://www.lpi.usra.edu/lunar/samples/atlas/detail/?mission=Apollo%2017&sample=71170,,0,no_relab_spectrum_for_parent_or_children
1916,71175,71175,Apollo 17,rock,high-Ti mare basalt,High-Ti Mare Basalt,https://www.lpi.usra.edu/lunar/samples/atlas/detail/?mission=Apollo%2017&sample=71175,,0,no_relab_spectrum_for_parent_or_children
1917,71500,71500,Apollo 17,,soil,"Soil 71500 and 6 rock fragments were collected at Station 1A 15 meters northeast of the rim of a blocky 10 meter crater. It was collected as the reference to rake sample 71520 - 71597. The sample area is flat and essentially free of large fragments. The fines are fairly compact, there are 3 .5 meter craters in the sample area. The soil is scooped from the edge of a subdued crater in an area mostly free of surface rocks and small craters.",https://www.lpi.usra.edu/lunar/samples/atlas/detail/?mission=Apollo%2017&sample=71500,,0,no_relab_spectrum_for_parent_or_children
1918,71502,71502,Apollo 17,,,,https://www.lpi.usra.edu/lunar/samples/atlas/detail/?mission=Apollo%2017&sample=71502,,0,no_relab_spectrum_for_parent_or_children
1919,71503,71503,Apollo 17,,,,https://www.lpi.usra.edu/lunar/samples/atlas/detail/?mission=Apollo%2017&sample=71503,,0,no_relab_spectrum_for_parent_or_children
1920,71504,71504,Apollo 17,,,,https://www.lpi.usra.edu/lunar/samples/atlas/detail/?mission=Apollo%2017&sample=71504,,0,no_relab_spectrum_for_parent_or_children
1921,71505,71505,Apollo 17,rock,high-Ti mare basalt,High-Ti Mare Basalt,https://www.lpi.usra.edu/lunar/samples/atlas/detail/?mission=Apollo%2017&sample=71505,,0,no_relab_spectrum_for_parent_or_children
1922,71506,71506,Apollo 17,rock,high-Ti mare basalt,High-Ti Mare Basalt,https://www.lpi.usra.edu/lunar/samples/atlas/detail/?mission=Apollo%2017&sample=71506,,0,no_relab_spectrum_for_parent_or_children
1923,71507,71507,Apollo 17,rock,high-Ti mare basalt,High-Ti Mare Basalt,https://www.lpi.usra.edu/lunar/samples/atlas/detail/?mission=Apollo%2017&sample=71507,,0,no_relab_spectrum_for_parent_or_children
1924,71508,71508,Apollo 17,rock,high-Ti mare basalt,High-Ti Mare Basalt,https://www.lpi.usra.edu/lunar/samples/atlas/detail/?mission=Apollo%2017&sample=71508,,0,no_relab_spectrum_for_parent_or_children
1925,71509,71509,Apollo 17,rock,high-Ti mare basalt,High-Ti Mare Basalt,https://www.lpi.usra.edu/lunar/samples/atlas/detail/?mission=Apollo%2017&sample=71509,,0,no_relab_spectrum_for_parent_or_children
1926,71515,71515,Apollo 17,rock,other,Glass-Bonded Agglutinate,https://www.lpi.usra.edu/lunar/samples/atlas/detail/?mission=Apollo%2017&sample=71515,,0,no_relab_spectrum_for_parent_or_children
1927,71520,71520,Apollo 17,,,,https://www.lpi.usra.edu/lunar/samples/atlas/detail/?mission=Apollo%2017&sample=71520,,0,no_relab_spectrum_for_parent_or_children
1928,71521,71521,Apollo 17,,,,https://www.lpi.usra.edu/lunar/samples/atlas/detail/?mission=Apollo%2017&sample=71521,,0,no_relab_spectrum_for_parent_or_children
1929,71522,71522,Apollo 17,,,,https://www.lpi.usra.edu/lunar/samples/atlas/detail/?mission=Apollo%2017&sample=71522,,0,no_relab_spectrum_for_parent_or_children
1930,71523,71523,Apollo 17,,,,https://www.lpi.usra.edu/lunar/samples/atlas/detail/?mission=Apollo%2017&sample=71523,,0,no_relab_spectrum_for_parent_or_children
1931,71524,71524,Apollo 17,,,,https://www.lpi.usra.edu/lunar/samples/atlas/detail/?mission=Apollo%2017&sample=71524,,0,no_relab_spectrum_for_parent_or_children
1932,71525,71525,Apollo 17,rock,high-Ti mare basalt,High-Ti Mare Basalt,https://www.lpi.usra.edu/lunar/samples/atlas/detail/?mission=Apollo%2017&sample=71525,,0,no_relab_spectrum_for_parent_or_children
1933,71526,71526,Apollo 17,rock,high-Ti mare basalt,High-Ti Mare Basalt,https://www.lpi.usra.edu/lunar/samples/atlas/detail/?mission=Apollo%2017&sample=71526,,0,no_relab_spectrum_for_parent_or_children
1934,71527,71527,Apollo 17,rock,high-Ti mare basalt,High-Ti Mare Basalt,https://www.lpi.usra.edu/lunar/samples/atlas/detail/?mission=Apollo%2017&sample=71527,,0,no_relab_spectrum_for_parent_or_children
1935,71528,71528,Apollo 17,rock,high-Ti mare basalt,High-Ti Mare Basalt,https://www.lpi.usra.edu/lunar/samples/atlas/detail/?mission=Apollo%2017&sample=71528,,0,no_relab_spectrum_for_parent_or_children
1936,71529,71529,Apollo 17,,,,https://www.lpi.usra.edu/lunar/samples/atlas/detail/?mission=Apollo%2017&sample=71529,,0,no_relab_spectrum_for_parent_or_children
1937,71530,71530,Apollo 17,,,,https://www.lpi.usra.edu/lunar/samples/atlas/detail/?mission=Apollo%2017&sample=71530,,0,no_relab_spectrum_for_parent_or_children
1938,71531,71531,Apollo 17,,,,https://www.lpi.usra.edu/lunar/samples/atlas/detail/?mission=Apollo%2017&sample=71531,,0,no_relab_spectrum_for_parent_or_children
1939,71532,71532,Apollo 17,,,,https://www.lpi.usra.edu/lunar/samples/atlas/detail/?mission=Apollo%2017&sample=71532,,0,no_relab_spectrum_for_parent_or_children
1940,71533,71533,Apollo 17,,,,https://www.lpi.usra.edu/lunar/samples/atlas/detail/?mission=Apollo%2017&sample=71533,,0,no_relab_spectrum_for_parent_or_children
1941,71534,71534,Apollo 17,,,,https://www.lpi.usra.edu/lunar/samples/atlas/detail/?mission=Apollo%2017&sample=71534,,0,no_relab_spectrum_for_parent_or_children
1942,71535,71535,Apollo 17,,,,https://www.lpi.usra.edu/lunar/samples/atlas/detail/?mission=Apollo%2017&sample=71535,,0,no_relab_spectrum_for_parent_or_children
1943,71536,71536,Apollo 17,,basalt,,https://www.lpi.usra.edu/lunar/samples/atlas/detail/?mission=Apollo%2017&sample=71536,,0,no_relab_spectrum_for_parent_or_children
1944,71537,71537,Apollo 17,,basalt,,https://www.lpi.usra.edu/lunar/samples/atlas/detail/?mission=Apollo%2017&sample=71537,,0,no_relab_spectrum_for_parent_or_children
1945,71538,71538,Apollo 17,,,,https://www.lpi.usra.edu/lunar/samples/atlas/detail/?mission=Apollo%2017&sample=71538,,0,no_relab_spectrum_for_parent_or_children
1946,71539,71539,Apollo 17,,basalt,,https://www.lpi.usra.edu/lunar/samples/atlas/detail/?mission=Apollo%2017&sample=71539,,0,no_relab_spectrum_for_parent_or_children
1947,71540,71540,Apollo 17,,,,https://www.lpi.usra.edu/lunar/samples/atlas/detail/?mission=Apollo%2017&sample=71540,,0,no_relab_spectrum_for_parent_or_children
1948,71541,71541,Apollo 17,,,,https://www.lpi.usra.edu/lunar/samples/atlas/detail/?mission=Apollo%2017&sample=71541,,0,no_relab_spectrum_for_parent_or_children
1949,71542,71542,Apollo 17,,,,https://www.lpi.usra.edu/lunar/samples/atlas/detail/?mission=Apollo%2017&sample=71542,,0,no_relab_spectrum_for_parent_or_children
1950,71543,71543,Apollo 17,,,,https://www.lpi.usra.edu/lunar/samples/atlas/detail/?mission=Apollo%2017&sample=71543,,0,no_relab_spectrum_for_parent_or_children
1951,71544,71544,Apollo 17,,,,https://www.lpi.usra.edu/lunar/samples/atlas/detail/?mission=Apollo%2017&sample=71544,,0,no_relab_spectrum_for_parent_or_children
1952,71545,71545,Apollo 17,,,,https://www.lpi.usra.edu/lunar/samples/atlas/detail/?mission=Apollo%2017&sample=71545,,0,no_relab_spectrum_for_parent_or_children
1953,71546,71546,Apollo 17,,basalt,,https://www.lpi.usra.edu/lunar/samples/atlas/detail/?mission=Apollo%2017&sample=71546,,0,no_relab_spectrum_for_parent_or_children
1954,71547,71547,Apollo 17,,,,https://www.lpi.usra.edu/lunar/samples/atlas/detail/?mission=Apollo%2017&sample=71547,,0,no_relab_spectrum_for_parent_or_children
1955,71548,71548,Apollo 17,,basalt,,https://www.lpi.usra.edu/lunar/samples/atlas/detail/?mission=Apollo%2017&sample=71548,,0,no_relab_spectrum_for_parent_or_children
1956,71549,71549,Apollo 17,,basalt,,https://www.lpi.usra.edu/lunar/samples/atlas/detail/?mission=Apollo%2017&sample=71549,,0,no_relab_spectrum_for_parent_or_children
1957,71550,71550,Apollo 17,,,,https://www.lpi.usra.edu/lunar/samples/atlas/detail/?mission=Apollo%2017&sample=71550,,0,no_relab_spectrum_for_parent_or_children
1958,71551,71551,Apollo 17,,,,https://www.lpi.usra.edu/lunar/samples/atlas/detail/?mission=Apollo%2017&sample=71551,,0,no_relab_spectrum_for_parent_or_children
1959,71552,71552,Apollo 17,,,,https://www.lpi.usra.edu/lunar/samples/atlas/detail/?mission=Apollo%2017&sample=71552,,0,no_relab_spectrum_for_parent_or_children
1960,71553,71553,Apollo 17,,,,https://www.lpi.usra.edu/lunar/samples/atlas/detail/?mission=Apollo%2017&sample=71553,,0,no_relab_spectrum_for_parent_or_children
1961,71554,71554,Apollo 17,,,,https://www.lpi.usra.edu/lunar/samples/atlas/detail/?mission=Apollo%2017&sample=71554,,0,no_relab_spectrum_for_parent_or_children
1962,71555,71555,Apollo 17,,basalt,,https://www.lpi.usra.edu/lunar/samples/atlas/detail/?mission=Apollo%2017&sample=71555,,0,no_relab_spectrum_for_parent_or_children
1963,71556,71556,Apollo 17,,basalt,,https://www.lpi.usra.edu/lunar/samples/atlas/detail/?mission=Apollo%2017&sample=71556,,0,no_relab_spectrum_for_parent_or_children
1964,71557,71557,Apollo 17,rock,high-Ti mare basalt,,https://www.lpi.usra.edu/lunar/samples/atlas/detail/?mission=Apollo%2017&sample=71557,,0,no_relab_spectrum_for_parent_or_children
1965,71558,71558,Apollo 17,,,,https://www.lpi.usra.edu/lunar/samples/atlas/detail/?mission=Apollo%2017&sample=71558,,0,no_relab_spectrum_for_parent_or_children
1966,71559,71559,Apollo 17,,basalt,,https://www.lpi.usra.edu/lunar/samples/atlas/detail/?mission=Apollo%2017&sample=71559,,0,no_relab_spectrum_for_parent_or_children
1967,71560,71560,Apollo 17,,,,https://www.lpi.usra.edu/lunar/samples/atlas/detail/?mission=Apollo%2017&sample=71560,,0,no_relab_spectrum_for_parent_or_children
1968,71561,71561,Apollo 17,,,,https://www.lpi.usra.edu/lunar/samples/atlas/detail/?mission=Apollo%2017&sample=71561,,0,no_relab_spectrum_for_parent_or_children
1969,71562,71562,Apollo 17,,,,https://www.lpi.usra.edu/lunar/samples/atlas/detail/?mission=Apollo%2017&sample=71562,,0,no_relab_spectrum_for_parent_or_children
1970,71563,71563,Apollo 17,,,,https://www.lpi.usra.edu/lunar/samples/atlas/detail/?mission=Apollo%2017&sample=71563,,0,no_relab_spectrum_for_parent_or_children
1971,71564,71564,Apollo 17,,,,https://www.lpi.usra.edu/lunar/samples/atlas/detail/?mission=Apollo%2017&sample=71564,,0,no_relab_spectrum_for_parent_or_children
1972,71565,71565,Apollo 17,,basalt,,https://www.lpi.usra.edu/lunar/samples/atlas/detail/?mission=Apollo%2017&sample=71565,,0,no_relab_spectrum_for_parent_or_children
1973,71566,71566,Apollo 17,,basalt,,https://www.lpi.usra.edu/lunar/samples/atlas/detail/?mission=Apollo%2017&sample=71566,,0,no_relab_spectrum_for_parent_or_children
1974,71567,71567,Apollo 17,,basalt,,https://www.lpi.usra.edu/lunar/samples/atlas/detail/?mission=Apollo%2017&sample=71567,,0,no_relab_spectrum_for_parent_or_children
1975,71568,71568,Apollo 17,,basalt,,https://www.lpi.usra.edu/lunar/samples/atlas/detail/?mission=Apollo%2017&sample=71568,,0,no_relab_spectrum_for_parent_or_children
1976,71569,71569,Apollo 17,,basalt,,https://www.lpi.usra.edu/lunar/samples/atlas/detail/?mission=Apollo%2017&sample=71569,,0,no_relab_spectrum_for_parent_or_children
1977,71570,71570,Apollo 17,,,,https://www.lpi.usra.edu/lunar/samples/atlas/detail/?mission=Apollo%2017&sample=71570,,0,no_relab_spectrum_for_parent_or_children
1978,71571,71571,Apollo 17,,,,https://www.lpi.usra.edu/lunar/samples/atlas/detail/?mission=Apollo%2017&sample=71571,,0,no_relab_spectrum_for_parent_or_children
1979,71572,71572,Apollo 17,,,,https://www.lpi.usra.edu/lunar/samples/atlas/detail/?mission=Apollo%2017&sample=71572,,0,no_relab_spectrum_for_parent_or_children
1980,71573,71573,Apollo 17,,,,https://www.lpi.usra.edu/lunar/samples/atlas/detail/?mission=Apollo%2017&sample=71573,,0,no_relab_spectrum_for_parent_or_children
1981,71574,71574,Apollo 17,,,,https://www.lpi.usra.edu/lunar/samples/atlas/detail/?mission=Apollo%2017&sample=71574,,0,no_relab_spectrum_for_parent_or_children
1982,71575,71575,Apollo 17,,,,https://www.lpi.usra.edu/lunar/samples/atlas/detail/?mission=Apollo%2017&sample=71575,,0,no_relab_spectrum_for_parent_or_children
1983,71576,71576,Apollo 17,,basalt,,https://www.lpi.usra.edu/lunar/samples/atlas/detail/?mission=Apollo%2017&sample=71576,,0,no_relab_spectrum_for_parent_or_children
1984,71577,71577,Apollo 17,,basalt,,https://www.lpi.usra.edu/lunar/samples/atlas/detail/?mission=Apollo%2017&sample=71577,,0,no_relab_spectrum_for_parent_or_children
1985,71578,71578,Apollo 17,,basalt,,https://www.lpi.usra.edu/lunar/samples/atlas/detail/?mission=Apollo%2017&sample=71578,,0,no_relab_spectrum_for_parent_or_children
1986,71579,71579,Apollo 17,,,,https://www.lpi.usra.edu/lunar/samples/atlas/detail/?mission=Apollo%2017&sample=71579,,0,no_relab_spectrum_for_parent_or_children
1987,71580,71580,Apollo 17,,,,https://www.lpi.usra.edu/lunar/samples/atlas/detail/?mission=Apollo%2017&sample=71580,,0,no_relab_spectrum_for_parent_or_children
1988,71581,71581,Apollo 17,,,,https://www.lpi.usra.edu/lunar/samples/atlas/detail/?mission=Apollo%2017&sample=71581,,0,no_relab_spectrum_for_parent_or_children
1989,71582,71582,Apollo 17,,,,https://www.lpi.usra.edu/lunar/samples/atlas/detail/?mission=Apollo%2017&sample=71582,,0,no_relab_spectrum_for_parent_or_children
1990,71583,71583,Apollo 17,,,,https://www.lpi.usra.edu/lunar/samples/atlas/detail/?mission=Apollo%2017&sample=71583,,0,no_relab_spectrum_for_parent_or_children
1991,71584,71584,Apollo 17,,,,https://www.lpi.usra.edu/lunar/samples/atlas/detail/?mission=Apollo%2017&sample=71584,,0,no_relab_spectrum_for_parent_or_children
1992,71585,71585,Apollo 17,,,,https://www.lpi.usra.edu/lunar/samples/atlas/detail/?mission=Apollo%2017&sample=71585,,0,no_relab_spectrum_for_parent_or_children
1993,71586,71586,Apollo 17,,basalt,,https://www.lpi.usra.edu/lunar/samples/atlas/detail/?mission=Apollo%2017&sample=71586,,0,no_relab_spectrum_for_parent_or_children
1994,71587,71587,Apollo 17,,basalt,,https://www.lpi.usra.edu/lunar/samples/atlas/detail/?mission=Apollo%2017&sample=71587,,0,no_relab_spectrum_for_parent_or_children
1995,71588,71588,Apollo 17,,basalt,,https://www.lpi.usra.edu/lunar/samples/atlas/detail/?mission=Apollo%2017&sample=71588,,0,no_relab_spectrum_for_parent_or_children
1996,71589,71589,Apollo 17,,,,https://www.lpi.usra.edu/lunar/samples/atlas/detail/?mission=Apollo%2017&sample=71589,,0,no_relab_spectrum_for_parent_or_children
1997,71590,71590,Apollo 17,,,,https://www.lpi.usra.edu/lunar/samples/atlas/detail/?mission=Apollo%2017&sample=71590,,0,no_relab_spectrum_for_parent_or_children
1998,71591,71591,Apollo 17,,,,https://www.lpi.usra.edu/lunar/samples/atlas/detail/?mission=Apollo%2017&sample=71591,,0,no_relab_spectrum_for_parent_or_children
1999,71592,71592,Apollo 17,,,,https://www.lpi.usra.edu/lunar/samples/atlas/detail/?mission=Apollo%2017&sample=71592,,0,no_relab_spectrum_for_parent_or_children
2000,71593,71593,Apollo 17,,,,https://www.lpi.usra.edu/lunar/samples/atlas/detail/?mission=Apollo%2017&sample=71593,,0,no_relab_spectrum_for_parent_or_children
2001,71594,71594,Apollo 17,,,,https://www.lpi.usra.edu/lunar/samples/atlas/detail/?mission=Apollo%2017&sample=71594,,0,no_relab_spectrum_for_parent_or_children
2002,71595,71595,Apollo 17,,basalt,,https://www.lpi.usra.edu/lunar/samples/atlas/detail/?mission=Apollo%2017&sample=71595,,0,no_relab_spectrum_for_parent_or_children
2003,71596,71596,Apollo 17,rake,high-Ti mare basalt,high-Ti mare basalt,https://www.lpi.usra.edu/lunar/samples/atlas/detail/?mission=Apollo%2017&sample=71596,,0,no_relab_spectrum_for_parent_or_children
2004,71597,71597,Apollo 17,,,,https://www.lpi.usra.edu/lunar/samples/atlas/detail/?mission=Apollo%2017&sample=71597,,0,no_relab_spectrum_for_parent_or_children
2005,72130,72130,Apollo 17,,,,https://www.lpi.usra.edu/lunar/samples/atlas/detail/?mission=Apollo%2017&sample=72130,,0,no_relab_spectrum_for_parent_or_children
2006,72131,72131,Apollo 17,,,,https://www.lpi.usra.edu/lunar/samples/atlas/detail/?mission=Apollo%2017&sample=72131,,0,no_relab_spectrum_for_parent_or_children
2007,72132,72132,Apollo 17,,,,https://www.lpi.usra.edu/lunar/samples/atlas/detail/?mission=Apollo%2017&sample=72132,,0,no_relab_spectrum_for_parent_or_children
2008,72133,72133,Apollo 17,,,,https://www.lpi.usra.edu/lunar/samples/atlas/detail/?mission=Apollo%2017&sample=72133,,0,no_relab_spectrum_for_parent_or_children
2009,72134,72134,Apollo 17,,,,https://www.lpi.usra.edu/lunar/samples/atlas/detail/?mission=Apollo%2017&sample=72134,,0,no_relab_spectrum_for_parent_or_children
2010,72135,72135,Apollo 17,rock,breccia,Microbreccia,https://www.lpi.usra.edu/lunar/samples/atlas/detail/?mission=Apollo%2017&sample=72135,,0,no_relab_spectrum_for_parent_or_children
2011,72140,72140,Apollo 17,,soil,"This soil was collected during the LRV traverse between Station 1 and 2 on the ""prong"" or very faint extension of the white mantle of a crater rim. The sample area is undulating, and fragments greater than 10 cm are rare. The ground surface is patterned in a ""raindrop"" texture. This sample is very cohesive.",https://www.lpi.usra.edu/lunar/samples/atlas/detail/?mission=Apollo%2017&sample=72140,,0,no_relab_spectrum_for_parent_or_children
2012,72141,72141,Apollo 17,soil < 1 mm,,,https://www.lpi.usra.edu/lunar/samples/atlas/detail/?mission=Apollo%2017&sample=72141,,0,no_relab_spectrum_for_parent_or_children
2013,72145,72145,Apollo 17,rock,breccia,Polymict Microbreccia; original all remains; no subsamples have been prepared and no work has been conducted in this Catalog (Oct 1993),https://www.lpi.usra.edu/lunar/samples/atlas/detail/?mission=Apollo%2017&sample=72145,,0,no_relab_spectrum_for_parent_or_children
2014,72150,72150,Apollo 17,,soil,"This sample is document bag residue left in the bag which contained 72155, a 420 gm basalt. The basalt and the residue were collected during an LRV traverse on Tortilla flat between SEP and Station 2. The sample area is flat with sparse fragments. The sampling and handling procedures make this data very suspect.",https://www.lpi.usra.edu/lunar/samples/atlas/detail/?mission=Apollo%2017&sample=72150,,0,no_relab_spectrum_for_parent_or_children
2015,72155,72155,Apollo 17,rock,basalt,Basalt,https://www.lpi.usra.edu/lunar/samples/atlas/detail/?mission=Apollo%2017&sample=72155,,0,no_relab_spectrum_for_parent_or_children
2016,72160,72160,Apollo 17,,,,https://www.lpi.usra.edu/lunar/samples/atlas/detail/?mission=Apollo%2017&sample=72160,,0,no_relab_spectrum_for_parent_or_children
2017,72161,72161,Apollo 17,,,,https://www.lpi.usra.edu/lunar/samples/atlas/detail/?mission=Apollo%2017&sample=72161,,0,no_relab_spectrum_for_parent_or_children
2018,72162,72162,Apollo 17,,,,https://www.lpi.usra.edu/lunar/samples/atlas/detail/?mission=Apollo%2017&sample=72162,,0,no_relab_spectrum_for_parent_or_children
2019,72163,72163,Apollo 17,,,,https://www.lpi.usra.edu/lunar/samples/atlas/detail/?mission=Apollo%2017&sample=72163,,0,no_relab_spectrum_for_parent_or_children
2020,72164,72164,Apollo 17,,,,https://www.lpi.usra.edu/lunar/samples/atlas/detail/?mission=Apollo%2017&sample=72164,,0,no_relab_spectrum_for_parent_or_children
2021,72210,72210,Apollo 17,,,,https://www.lpi.usra.edu/lunar/samples/atlas/detail/?mission=Apollo%2017&sample=72210,,0,no_relab_spectrum_for_parent_or_children
2022,72215,72215,Apollo 17,rock,impact melt breccia,aphanitic impact melt breccia,https://www.lpi.usra.edu/lunar/samples/atlas/detail/?mission=Apollo%2017&sample=72215,,0,no_relab_spectrum_for_parent_or_children
2023,72220,72220,Apollo 17,,,,https://www.lpi.usra.edu/lunar/samples/atlas/detail/?mission=Apollo%2017&sample=72220,,0,no_relab_spectrum_for_parent_or_children
2024,72221,72221,Apollo 17,,,,https://www.lpi.usra.edu/lunar/samples/atlas/detail/?mission=Apollo%2017&sample=72221,,0,no_relab_spectrum_for_parent_or_children
2025,72222,72222,Apollo 17,,,,https://www.lpi.usra.edu/lunar/samples/atlas/detail/?mission=Apollo%2017&sample=72222,,0,no_relab_spectrum_for_parent_or_children
2026,72223,72223,Apollo 17,,,,https://www.lpi.usra.edu/lunar/samples/atlas/detail/?mission=Apollo%2017&sample=72223,,0,no_relab_spectrum_for_parent_or_children
2027,72224,72224,Apollo 17,,,,https://www.lpi.usra.edu/lunar/samples/atlas/detail/?mission=Apollo%2017&sample=72224,,0,no_relab_spectrum_for_parent_or_children
2028,72230,72230,Apollo 17,,,,https://www.lpi.usra.edu/lunar/samples/atlas/detail/?mission=Apollo%2017&sample=72230,,0,no_relab_spectrum_for_parent_or_children
2029,72235,72235,Apollo 17,rock,impact melt breccia,"aphanitic impact melt breccia, sample was given name ""Dying Dog"" during processing, contains plutonic KREEP norite",https://www.lpi.usra.edu/lunar/samples/atlas/detail/?mission=Apollo%2017&sample=72235,,0,no_relab_spectrum_for_parent_or_children
2030,72240,72240,Apollo 17,,soil,"This soil was collected at Station 2, near the base of South Massif. The upper 4 cm of soil was collected from under a .7 meter breccia boulder which was rolled over by the crew. 72440 was from the upper 4 cm of the soil, and 72460 was a skim sample. The area was too disturbed after rolling the boulder over to compare well with the undisturbed fines, but generally it appears similar. The sample area is a strewn boulder field with loose fines.",https://www.lpi.usra.edu/lunar/samples/atlas/detail/?mission=Apollo%2017&sample=72240,,0,no_relab_spectrum_for_parent_or_children
2031,72241,72241,Apollo 17,,,,https://www.lpi.usra.edu/lunar/samples/atlas/detail/?mission=Apollo%2017&sample=72241,,0,no_relab_spectrum_for_parent_or_children
2032,72242,72242,Apollo 17,,,,https://www.lpi.usra.edu/lunar/samples/atlas/detail/?mission=Apollo%2017&sample=72242,,0,no_relab_spectrum_for_parent_or_children
2033,72243,72243,Apollo 17,,,,https://www.lpi.usra.edu/lunar/samples/atlas/detail/?mission=Apollo%2017&sample=72243,,0,no_relab_spectrum_for_parent_or_children
2034,72244,72244,Apollo 17,,,,https://www.lpi.usra.edu/lunar/samples/atlas/detail/?mission=Apollo%2017&sample=72244,,0,no_relab_spectrum_for_parent_or_children
2035,72250,72250,Apollo 17,,,,https://www.lpi.usra.edu/lunar/samples/atlas/detail/?mission=Apollo%2017&sample=72250,,0,no_relab_spectrum_for_parent_or_children
2036,72260,72260,Apollo 17,,,,https://www.lpi.usra.edu/lunar/samples/atlas/detail/?mission=Apollo%2017&sample=72260,,0,no_relab_spectrum_for_parent_or_children
2037,72261,72261,Apollo 17,,,,https://www.lpi.usra.edu/lunar/samples/atlas/detail/?mission=Apollo%2017&sample=72261,,0,no_relab_spectrum_for_parent_or_children
2038,72262,72262,Apollo 17,,,,https://www.lpi.usra.edu/lunar/samples/atlas/detail/?mission=Apollo%2017&sample=72262,,0,no_relab_spectrum_for_parent_or_children
2039,72263,72263,Apollo 17,,,,https://www.lpi.usra.edu/lunar/samples/atlas/detail/?mission=Apollo%2017&sample=72263,,0,no_relab_spectrum_for_parent_or_children
2040,72264,72264,Apollo 17,,,,https://www.lpi.usra.edu/lunar/samples/atlas/detail/?mission=Apollo%2017&sample=72264,,0,no_relab_spectrum_for_parent_or_children
2041,72270,72270,Apollo 17,,,,https://www.lpi.usra.edu/lunar/samples/atlas/detail/?mission=Apollo%2017&sample=72270,,0,no_relab_spectrum_for_parent_or_children
2042,72275,72275,Apollo 17,rock,breccia,"fragmental polymict breccia,",https://www.lpi.usra.edu/lunar/samples/atlas/detail/?mission=Apollo%2017&sample=72275,,0,no_relab_spectrum_for_parent_or_children
2043,72310,72310,Apollo 17,,,,https://www.lpi.usra.edu/lunar/samples/atlas/detail/?mission=Apollo%2017&sample=72310,,0,no_relab_spectrum_for_parent_or_children
2044,72315,72315,Apollo 17,rock,impact melt breccia,micropokilitic impact melt breccia,https://www.lpi.usra.edu/lunar/samples/atlas/detail/?mission=Apollo%2017&sample=72315,,0,no_relab_spectrum_for_parent_or_children
2045,72320,72320,Apollo 17,,soil,"72320 was collected at Station 2, near the base of the South Massif. This ""shadowed soil"" collected about 20 cm under the east - west overhang of a 2 meter diameter boulder. The sample area is a strewn boulder field with boulders up to 2 meters across common. Craters up to 10 cm are abundant in the immediate sample area. The soil probably does not have as complex an exposure history as rake sample 72500 because of the protection from the rock overhang.",https://www.lpi.usra.edu/lunar/samples/atlas/detail/?mission=Apollo%2017&sample=72320,,0,no_relab_spectrum_for_parent_or_children
2046,72322,72322,Apollo 17,,,,https://www.lpi.usra.edu/lunar/samples/atlas/detail/?mission=Apollo%2017&sample=72322,,0,no_relab_spectrum_for_parent_or_children
2047,72323,72323,Apollo 17,,,,https://www.lpi.usra.edu/lunar/samples/atlas/detail/?mission=Apollo%2017&sample=72323,,0,no_relab_spectrum_for_parent_or_children
2048,72324,72324,Apollo 17,,,,https://www.lpi.usra.edu/lunar/samples/atlas/detail/?mission=Apollo%2017&sample=72324,,0,no_relab_spectrum_for_parent_or_children
2049,72330,72330,Apollo 17,,,,https://www.lpi.usra.edu/lunar/samples/atlas/detail/?mission=Apollo%2017&sample=72330,,0,no_relab_spectrum_for_parent_or_children
2050,72335,72335,Apollo 17,rock,impact melt breccia,Micropoikilitic impact melt breccia,https://www.lpi.usra.edu/lunar/samples/atlas/detail/?mission=Apollo%2017&sample=72335,,0,no_relab_spectrum_for_parent_or_children
2051,72350,72350,Apollo 17,,,,https://www.lpi.usra.edu/lunar/samples/atlas/detail/?mission=Apollo%2017&sample=72350,,0,no_relab_spectrum_for_parent_or_children
2052,72355,72355,Apollo 17,rock,impact melt breccia,Micropoikilitic impact melt breccia,https://www.lpi.usra.edu/lunar/samples/atlas/detail/?mission=Apollo%2017&sample=72355,,0,no_relab_spectrum_for_parent_or_children
2053,72370,72370,Apollo 17,,,,https://www.lpi.usra.edu/lunar/samples/atlas/detail/?mission=Apollo%2017&sample=72370,,0,no_relab_spectrum_for_parent_or_children
2054,72375,72375,Apollo 17,rock,impact melt breccia,Micropoikilitic impact melt breccia,https://www.lpi.usra.edu/lunar/samples/atlas/detail/?mission=Apollo%2017&sample=72375,,0,no_relab_spectrum_for_parent_or_children
2055,72390,72390,Apollo 17,,,,https://www.lpi.usra.edu/lunar/samples/atlas/detail/?mission=Apollo%2017&sample=72390,,0,no_relab_spectrum_for_parent_or_children
2056,72395,72395,Apollo 17,rock,impact melt breccia,Micropoikilitic impact melt breccia,https://www.lpi.usra.edu/lunar/samples/atlas/detail/?mission=Apollo%2017&sample=72395,,0,no_relab_spectrum_for_parent_or_children
2057,72410,72410,Apollo 17,,,,https://www.lpi.usra.edu/lunar/samples/atlas/detail/?mission=Apollo%2017&sample=72410,,0,no_relab_spectrum_for_parent_or_children
2058,72416,72416,Apollo 17,rock,dunite,"Cataclastic Dunite, has never been dissected or allocated for study",https://www.lpi.usra.edu/lunar/samples/atlas/detail/?mission=Apollo%2017&sample=72416,,0,no_relab_spectrum_for_parent_or_children
2059,72417,72417,Apollo 17,rock,dunite,"Cataclastic Dunite, pale yellowish to greenish gray (5Y 8/1 to 5 GY 8/1)",https://www.lpi.usra.edu/lunar/samples/atlas/detail/?mission=Apollo%2017&sample=72417,,0,no_relab_spectrum_for_parent_or_children
2060,72418,72418,Apollo 17,rock,dunite,"Cataclastic Dunite, has never been dissected or allocated for study",https://www.lpi.usra.edu/lunar/samples/atlas/detail/?mission=Apollo%2017&sample=72418,,0,no_relab_spectrum_for_parent_or_children
2061,72430,72430,Apollo 17,,,,https://www.lpi.usra.edu/lunar/samples/atlas/detail/?mission=Apollo%2017&sample=72430,,0,no_relab_spectrum_for_parent_or_children
2062,72431,72431,Apollo 17,,,,https://www.lpi.usra.edu/lunar/samples/atlas/detail/?mission=Apollo%2017&sample=72431,,0,no_relab_spectrum_for_parent_or_children
2063,72432,72432,Apollo 17,,,,https://www.lpi.usra.edu/lunar/samples/atlas/detail/?mission=Apollo%2017&sample=72432,,0,no_relab_spectrum_for_parent_or_children
2064,72433,72433,Apollo 17,,,,https://www.lpi.usra.edu/lunar/samples/atlas/detail/?mission=Apollo%2017&sample=72433,,0,no_relab_spectrum_for_parent_or_children
2065,72434,72434,Apollo 17,,,,https://www.lpi.usra.edu/lunar/samples/atlas/detail/?mission=Apollo%2017&sample=72434,,0,no_relab_spectrum_for_parent_or_children
2066,72440,72440,Apollo 17,,soil,"This soil was collected at Station 2, near the base of South Massif. The upper 4 cm of soil was collected from a .7 meter breccia boulder which was rolled over by the crew. 72440 was from the upper 4 cm of the soil, and 72460 was a skim sample. The area was too disturbed after rolling the boulder over to compare well with the undisturbed fines, but generally it appears similar. The sample area is a strewn boulder field with loose fines.",https://www.lpi.usra.edu/lunar/samples/atlas/detail/?mission=Apollo%2017&sample=72440,,0,no_relab_spectrum_for_parent_or_children
2067,72441,72441,Apollo 17,,,,https://www.lpi.usra.edu/lunar/samples/atlas/detail/?mission=Apollo%2017&sample=72441,,0,no_relab_spectrum_for_parent_or_children
2068,72442,72442,Apollo 17,,,,https://www.lpi.usra.edu/lunar/samples/atlas/detail/?mission=Apollo%2017&sample=72442,,0,no_relab_spectrum_for_parent_or_children
2069,72443,72443,Apollo 17,,,,https://www.lpi.usra.edu/lunar/samples/atlas/detail/?mission=Apollo%2017&sample=72443,,0,no_relab_spectrum_for_parent_or_children
2070,72444,72444,Apollo 17,,,,https://www.lpi.usra.edu/lunar/samples/atlas/detail/?mission=Apollo%2017&sample=72444,,0,no_relab_spectrum_for_parent_or_children
2071,72460,72460,Apollo 17,,soil,"72460 was collected at Station 2, near the base of South Massif. It was a skim sample which was collected from under a .7 meter breccia boulder which was rolled over by the crew. 72440 was from the upper 4 cm of the soil, and 72460 was a skim sample. The area was too disturbed after rolling the boulder over to compare well with the undisturbed fines, but generally it appears similar. The sample area is a strewn boulder field with loose fines.",https://www.lpi.usra.edu/lunar/samples/atlas/detail/?mission=Apollo%2017&sample=72460,,0,no_relab_spectrum_for_parent_or_children
2072,72461,72461,Apollo 17,,,,https://www.lpi.usra.edu/lunar/samples/atlas/detail/?mission=Apollo%2017&sample=72461,,0,no_relab_spectrum_for_parent_or_children
2073,72462,72462,Apollo 17,,,,https://www.lpi.usra.edu/lunar/samples/atlas/detail/?mission=Apollo%2017&sample=72462,,0,no_relab_spectrum_for_parent_or_children
2074,72463,72463,Apollo 17,,,,https://www.lpi.usra.edu/lunar/samples/atlas/detail/?mission=Apollo%2017&sample=72463,,0,no_relab_spectrum_for_parent_or_children
2075,72464,72464,Apollo 17,,,,https://www.lpi.usra.edu/lunar/samples/atlas/detail/?mission=Apollo%2017&sample=72464,,0,no_relab_spectrum_for_parent_or_children
2076,72500,72500,Apollo 17,,soil,"Soil 72500 and rake sample 72530-72559 were collected at Station 2 near the base of South Massif a few meters from the rim of Nansen crater. Boulders up to 2 meters are common in the general area, but fragments larger than 25 cm are sparse in the raked area. The soil was sampled to a depth of 4 cm.",https://www.lpi.usra.edu/lunar/samples/atlas/detail/?mission=Apollo%2017&sample=72500,,0,no_relab_spectrum_for_parent_or_children
2077,72501,72501,Apollo 17,,,,https://www.lpi.usra.edu/lunar/samples/atlas/detail/?mission=Apollo%2017&sample=72501,,0,no_relab_spectrum_for_parent_or_children
2078,72502,72502,Apollo 17,,,,https://www.lpi.usra.edu/lunar/samples/atlas/detail/?mission=Apollo%2017&sample=72502,,0,no_relab_spectrum_for_parent_or_children
2079,72503,72503,Apollo 17,,,,https://www.lpi.usra.edu/lunar/samples/atlas/detail/?mission=Apollo%2017&sample=72503,,0,no_relab_spectrum_for_parent_or_children
2080,72504,72504,Apollo 17,,,,https://www.lpi.usra.edu/lunar/samples/atlas/detail/?mission=Apollo%2017&sample=72504,,0,no_relab_spectrum_for_parent_or_children
2081,72505,72505,Apollo 17,rock,impact melt breccia,Impact Melt Breccia (?),https://www.lpi.usra.edu/lunar/samples/atlas/detail/?mission=Apollo%2017&sample=72505,,0,no_relab_spectrum_for_parent_or_children
2082,72530,72530,Apollo 17,,,,https://www.lpi.usra.edu/lunar/samples/atlas/detail/?mission=Apollo%2017&sample=72530,,0,no_relab_spectrum_for_parent_or_children
2083,72531,72531,Apollo 17,,,,https://www.lpi.usra.edu/lunar/samples/atlas/detail/?mission=Apollo%2017&sample=72531,,0,no_relab_spectrum_for_parent_or_children
2084,72532,72532,Apollo 17,,,,https://www.lpi.usra.edu/lunar/samples/atlas/detail/?mission=Apollo%2017&sample=72532,,0,no_relab_spectrum_for_parent_or_children
2085,72533,72533,Apollo 17,,,,https://www.lpi.usra.edu/lunar/samples/atlas/detail/?mission=Apollo%2017&sample=72533,,0,no_relab_spectrum_for_parent_or_children
2086,72534,72534,Apollo 17,,,,https://www.lpi.usra.edu/lunar/samples/atlas/detail/?mission=Apollo%2017&sample=72534,,0,no_relab_spectrum_for_parent_or_children
2087,72535,72535,Apollo 17,rock,impact melt breccia,"Microsubophitic Impact Melt Breccia, its chemistry is similar to the common low-K Fra Mauro melts that dominate the Apollo 17 highlands samples",https://www.lpi.usra.edu/lunar/samples/atlas/detail/?mission=Apollo%2017&sample=72535,,0,no_relab_spectrum_for_parent_or_children
2088,72536,72536,Apollo 17,rock,impact melt breccia,"Microsubophitic Impact Melt Breccia, its chemistry is imilar to the common low-K Fra Mauro melts that dominate the Apollo 17 highlands samples",https://www.lpi.usra.edu/lunar/samples/atlas/detail/?mission=Apollo%2017&sample=72536,,0,no_relab_spectrum_for_parent_or_children
2089,72537,72537,Apollo 17,rock,impact melt breccia,"Impact Melt Breccia (?), identification is uncertain because it has never been allocated or dissected",https://www.lpi.usra.edu/lunar/samples/atlas/detail/?mission=Apollo%2017&sample=72537,,0,no_relab_spectrum_for_parent_or_children
2090,72538,72538,Apollo 17,rock,impact melt breccia,"Impact Melt Breccia (?), identification is uncertain because it has never been allocated or dissected",https://www.lpi.usra.edu/lunar/samples/atlas/detail/?mission=Apollo%2017&sample=72538,,0,no_relab_spectrum_for_parent_or_children
2091,72539,72539,Apollo 17,rock,breccia,"Microsubophitic Impact Melt Breccia (?), its chemistry is similar to te common low-K Fra Mauro melts that dominate the Apollo 17 highlands samples",https://www.lpi.usra.edu/lunar/samples/atlas/detail/?mission=Apollo%2017&sample=72539,,0,no_relab_spectrum_for_parent_or_children
2092,72540,72540,Apollo 17,,,,https://www.lpi.usra.edu/lunar/samples/atlas/detail/?mission=Apollo%2017&sample=72540,,0,no_relab_spectrum_for_parent_or_children
2093,72541,72541,Apollo 17,,,,https://www.lpi.usra.edu/lunar/samples/atlas/detail/?mission=Apollo%2017&sample=72541,,0,no_relab_spectrum_for_parent_or_children
2094,72542,72542,Apollo 17,,,,https://www.lpi.usra.edu/lunar/samples/atlas/detail/?mission=Apollo%2017&sample=72542,,0,no_relab_spectrum_for_parent_or_children
2095,72543,72543,Apollo 17,,,,https://www.lpi.usra.edu/lunar/samples/atlas/detail/?mission=Apollo%2017&sample=72543,,0,no_relab_spectrum_for_parent_or_children
2096,72544,72544,Apollo 17,,,,https://www.lpi.usra.edu/lunar/samples/atlas/detail/?mission=Apollo%2017&sample=72544,,0,no_relab_spectrum_for_parent_or_children
2097,72545,72545,Apollo 17,rock,breccia,"Impact Melt Breccia (?), sample has never been allocated or dissected",https://www.lpi.usra.edu/lunar/samples/atlas/detail/?mission=Apollo%2017&sample=72545,,0,no_relab_spectrum_for_parent_or_children
2098,72546,72546,Apollo 17,rock,breccia,"Impact Melt Breccia (?), sample has never been allocated or dissected",https://www.lpi.usra.edu/lunar/samples/atlas/detail/?mission=Apollo%2017&sample=72546,,0,no_relab_spectrum_for_parent_or_children
2099,72547,72547,Apollo 17,rock,impact melt breccia,"Impact Melt Breccia (?), sample has never been allocated or dissected",https://www.lpi.usra.edu/lunar/samples/atlas/detail/?mission=Apollo%2017&sample=72547,,0,no_relab_spectrum_for_parent_or_children
2100,72548,72548,Apollo 17,rock,impact melt breccia,"Micropoikilitic Impact Melt Breccia, its chemistry is similar to the common low-K Fra Mauro melts that dominate the Apollo 17 highlands samples",https://www.lpi.usra.edu/lunar/samples/atlas/detail/?mission=Apollo%2017&sample=72548,,0,no_relab_spectrum_for_parent_or_children
2101,72549,72549,Apollo 17,rock,impact melt breccia,"Micropoikilitic Impact Melt Breccia, chemistry is similar to the common low-K Fra Mauro melts that dominate the Apollo 17 highlands samples",https://www.lpi.usra.edu/lunar/samples/atlas/detail/?mission=Apollo%2017&sample=72549,,0,no_relab_spectrum_for_parent_or_children
2102,72550,72550,Apollo 17,,,,https://www.lpi.usra.edu/lunar/samples/atlas/detail/?mission=Apollo%2017&sample=72550,,0,no_relab_spectrum_for_parent_or_children
2103,72551,72551,Apollo 17,,,,https://www.lpi.usra.edu/lunar/samples/atlas/detail/?mission=Apollo%2017&sample=72551,,0,no_relab_spectrum_for_parent_or_children
2104,72552,72552,Apollo 17,,,,https://www.lpi.usra.edu/lunar/samples/atlas/detail/?mission=Apollo%2017&sample=72552,,0,no_relab_spectrum_for_parent_or_children
2105,72553,72553,Apollo 17,,,,https://www.lpi.usra.edu/lunar/samples/atlas/detail/?mission=Apollo%2017&sample=72553,,0,no_relab_spectrum_for_parent_or_children
2106,72554,72554,Apollo 17,,,,https://www.lpi.usra.edu/lunar/samples/atlas/detail/?mission=Apollo%2017&sample=72554,,0,no_relab_spectrum_for_parent_or_children
2107,72555,72555,Apollo 17,rock,impact melt breccia,"Impact Melt Breccia (?), has never been allocated or dissected",https://www.lpi.usra.edu/lunar/samples/atlas/detail/?mission=Apollo%2017&sample=72555,,0,no_relab_spectrum_for_parent_or_children
2108,72556,72556,Apollo 17,rock,impact melt breccia,"Impact Melt Breccia (?), has never been allocated or dissected",https://www.lpi.usra.edu/lunar/samples/atlas/detail/?mission=Apollo%2017&sample=72556,,0,no_relab_spectrum_for_parent_or_children
2109,72557,72557,Apollo 17,rock,impact melt breccia,"Impact Melt Breccia (?), has never been dissected or allocated",https://www.lpi.usra.edu/lunar/samples/atlas/detail/?mission=Apollo%2017&sample=72557,,0,no_relab_spectrum_for_parent_or_children
2110,72558,72558,Apollo 17,rock,impact melt breccia,Micropoikilitic Impact Melt Breccia,https://www.lpi.usra.edu/lunar/samples/atlas/detail/?mission=Apollo%2017&sample=72558,,0,no_relab_spectrum_for_parent_or_children
2111,72559,72559,Apollo 17,rock,other,Granoblastic Impactite,https://www.lpi.usra.edu/lunar/samples/atlas/detail/?mission=Apollo%2017&sample=72559,,0,no_relab_spectrum_for_parent_or_children
2112,72700,72700,Apollo 17,,soil,"Soil 72700 and rake samples 72735-38 were collected at Station 2 in a light mantle unit near the base of South Massif slightly upslope from Nansen crater. The area has an undulating slope towards the southeast, fragments up to 3 cm are sparsely distributed in the rake area, and craters up to 5 meters are common in the general area. The sample was collected to a depth of 5 cm.",https://www.lpi.usra.edu/lunar/samples/atlas/detail/?mission=Apollo%2017&sample=72700,,0,no_relab_spectrum_for_parent_or_children
2113,72702,72702,Apollo 17,,,,https://www.lpi.usra.edu/lunar/samples/atlas/detail/?mission=Apollo%2017&sample=72702,,0,no_relab_spectrum_for_parent_or_children
2114,72703,72703,Apollo 17,,,,https://www.lpi.usra.edu/lunar/samples/atlas/detail/?mission=Apollo%2017&sample=72703,,0,no_relab_spectrum_for_parent_or_children
2115,72704,72704,Apollo 17,,,,https://www.lpi.usra.edu/lunar/samples/atlas/detail/?mission=Apollo%2017&sample=72704,,0,no_relab_spectrum_for_parent_or_children
2116,72705,72705,Apollo 17,rock,impact melt breccia,Impact Melt Breccia,https://www.lpi.usra.edu/lunar/samples/atlas/detail/?mission=Apollo%2017&sample=72705,,0,no_relab_spectrum_for_parent_or_children
2117,72730,72730,Apollo 17,,,,https://www.lpi.usra.edu/lunar/samples/atlas/detail/?mission=Apollo%2017&sample=72730,,0,no_relab_spectrum_for_parent_or_children
2118,72735,72735,Apollo 17,rock,impact melt breccia,Impact Melt Breccia (High-K),https://www.lpi.usra.edu/lunar/samples/atlas/detail/?mission=Apollo%2017&sample=72735,,0,no_relab_spectrum_for_parent_or_children
2119,72736,72736,Apollo 17,rock,impact melt breccia,"Micropoikilitic Impact Melt Breccia, chemistry is similar to the common low-K Fra Mauro melts that dominate the Apollo 17 highlands samples,",https://www.lpi.usra.edu/lunar/samples/atlas/detail/?mission=Apollo%2017&sample=72736,,0,no_relab_spectrum_for_parent_or_children
2120,72737,72737,Apollo 17,rock,impact melt breccia,Impact Melt Breccia (?),https://www.lpi.usra.edu/lunar/samples/atlas/detail/?mission=Apollo%2017&sample=72737,,0,no_relab_spectrum_for_parent_or_children
2121,72738,72738,Apollo 17,rock,impact melt breccia,Microsubophitic Impact Melt Breccia,https://www.lpi.usra.edu/lunar/samples/atlas/detail/?mission=Apollo%2017&sample=72738,,0,no_relab_spectrum_for_parent_or_children
2122,73001,73001,Apollo 17,,,,https://www.lpi.usra.edu/lunar/samples/atlas/detail/?mission=Apollo%2017&sample=73001,,0,no_relab_spectrum_for_parent_or_children
2123,73002,73002,Apollo 17,,,,https://www.lpi.usra.edu/lunar/samples/atlas/detail/?mission=Apollo%2017&sample=73002,,0,no_relab_spectrum_for_parent_or_children
2124,73120,73120,Apollo 17,,soil,"Surface sample 73120 was collected near trench sample 73140 at Station 2A, about 750 meters north-northeast of Station 2 at the base of South Massif on the light mantle deposits. The site is generally level, with fragments >5cm sparse and craters >10 cm sparse.",https://www.lpi.usra.edu/lunar/samples/atlas/detail/?mission=Apollo%2017&sample=73120,,0,no_relab_spectrum_for_parent_or_children
2125,73124,73124,Apollo 17,,,,https://www.lpi.usra.edu/lunar/samples/atlas/detail/?mission=Apollo%2017&sample=73124,,0,no_relab_spectrum_for_parent_or_children
2126,73130,73130,Apollo 17,,,,https://www.lpi.usra.edu/lunar/samples/atlas/detail/?mission=Apollo%2017&sample=73130,,0,no_relab_spectrum_for_parent_or_children
2127,73132,73132,Apollo 17,,,,https://www.lpi.usra.edu/lunar/samples/atlas/detail/?mission=Apollo%2017&sample=73132,,0,no_relab_spectrum_for_parent_or_children
2128,73134,73134,Apollo 17,,,,https://www.lpi.usra.edu/lunar/samples/atlas/detail/?mission=Apollo%2017&sample=73134,,0,no_relab_spectrum_for_parent_or_children
2129,73140,73140,Apollo 17,,soil,"This is a trench sample collected to a depth of 15 cm near surface sample 73120 at Station 2A, about 750 meters north-northeast of Station 2 at the base of South Massif on the light mantle deposits. The site is generally level, with fragments >5cm sparse and craters >10 cm sparse.",https://www.lpi.usra.edu/lunar/samples/atlas/detail/?mission=Apollo%2017&sample=73140,,0,no_relab_spectrum_for_parent_or_children
2130,73141,73141,Apollo 17,,,,https://www.lpi.usra.edu/lunar/samples/atlas/detail/?mission=Apollo%2017&sample=73141,,0,no_relab_spectrum_for_parent_or_children
2131,73142,73142,Apollo 17,,,,https://www.lpi.usra.edu/lunar/samples/atlas/detail/?mission=Apollo%2017&sample=73142,,0,no_relab_spectrum_for_parent_or_children
2132,73143,73143,Apollo 17,,,,https://www.lpi.usra.edu/lunar/samples/atlas/detail/?mission=Apollo%2017&sample=73143,,0,no_relab_spectrum_for_parent_or_children
2133,73144,73144,Apollo 17,,,,https://www.lpi.usra.edu/lunar/samples/atlas/detail/?mission=Apollo%2017&sample=73144,,0,no_relab_spectrum_for_parent_or_children
2134,73145,73145,Apollo 17,rock,impact melt breccia,"Impact Melt Breccia (?), medium dark gray (N4), homogeneous",https://www.lpi.usra.edu/lunar/samples/atlas/detail/?mission=Apollo%2017&sample=73145,,0,no_relab_spectrum_for_parent_or_children
2135,73146,73146,Apollo 17,rock,anorthite,"Cataclastic Troctolitic Anorthosite, very light gray (N8), homogenous",https://www.lpi.usra.edu/lunar/samples/atlas/detail/?mission=Apollo%2017&sample=73146,,0,no_relab_spectrum_for_parent_or_children
2136,73150,73150,Apollo 17,,,,https://www.lpi.usra.edu/lunar/samples/atlas/detail/?mission=Apollo%2017&sample=73150,,0,no_relab_spectrum_for_parent_or_children
2137,73151,73151,Apollo 17,,,,https://www.lpi.usra.edu/lunar/samples/atlas/detail/?mission=Apollo%2017&sample=73151,,0,no_relab_spectrum_for_parent_or_children
2138,73153,73153,Apollo 17,,,,https://www.lpi.usra.edu/lunar/samples/atlas/detail/?mission=Apollo%2017&sample=73153,,0,no_relab_spectrum_for_parent_or_children
2139,73154,73154,Apollo 17,,,,https://www.lpi.usra.edu/lunar/samples/atlas/detail/?mission=Apollo%2017&sample=73154,,0,no_relab_spectrum_for_parent_or_children
2140,73156,73156,Apollo 17,rock,impact melt breccia,"Impact Melt Breccia or Granoblastic Impactite, light gray and homogeneous",https://www.lpi.usra.edu/lunar/samples/atlas/detail/?mission=Apollo%2017&sample=73156,,0,no_relab_spectrum_for_parent_or_children
2141,73210,73210,Apollo 17,,,,https://www.lpi.usra.edu/lunar/samples/atlas/detail/?mission=Apollo%2017&sample=73210,,0,no_relab_spectrum_for_parent_or_children
2142,73211,73211,Apollo 17,,,,https://www.lpi.usra.edu/lunar/samples/atlas/detail/?mission=Apollo%2017&sample=73211,,0,no_relab_spectrum_for_parent_or_children
2143,73212,73212,Apollo 17,,,,https://www.lpi.usra.edu/lunar/samples/atlas/detail/?mission=Apollo%2017&sample=73212,,0,no_relab_spectrum_for_parent_or_children
2144,73213,73213,Apollo 17,,,,https://www.lpi.usra.edu/lunar/samples/atlas/detail/?mission=Apollo%2017&sample=73213,,0,no_relab_spectrum_for_parent_or_children
2145,73214,73214,Apollo 17,,,,https://www.lpi.usra.edu/lunar/samples/atlas/detail/?mission=Apollo%2017&sample=73214,,0,no_relab_spectrum_for_parent_or_children
2146,73215,73215,Apollo 17,rock,impact melt breccia,"Aphanitic Impact Melt Breccia, polymict breccia,",https://www.lpi.usra.edu/lunar/samples/atlas/detail/?mission=Apollo%2017&sample=73215,,0,no_relab_spectrum_for_parent_or_children
2147,73216,73216,Apollo 17,rock,impact melt breccia,"Impact Melt Breccia, tan to olive gray (5Y 5/1)",https://www.lpi.usra.edu/lunar/samples/atlas/detail/?mission=Apollo%2017&sample=73216,,0,no_relab_spectrum_for_parent_or_children
2148,73218,73218,Apollo 17,rock,impact melt breccia,"Impact Melt Breccia, greenish-gray gray (5GY 6/1) angular breccia; its chemical composition might be similar to the common low-K Fra Mauro basalt impact melts common at the site, originally described as anorthositic.",https://www.lpi.usra.edu/lunar/samples/atlas/detail/?mission=Apollo%2017&sample=73218,,0,no_relab_spectrum_for_parent_or_children
2149,73219,73219,Apollo 17,rock,high-Ti mare basalt,"High-Ti Mare Basalt, medium dark gray (N4), the only mare basalt as an individual rock fragment from the South Massif or landslide",https://www.lpi.usra.edu/lunar/samples/atlas/detail/?mission=Apollo%2017&sample=73219,,0,no_relab_spectrum_for_parent_or_children
2150,73220,73220,Apollo 17,,soil,"This is a skim sample from the top 1 cm of trench (73240 is from the bottom). The trench is on the rim of a 10 meter crater in light mantle deposits at Station 3. The site slopes 7 degrees to the east, 1-10 cm fragments are common and >10 cm fragments are sparse.",https://www.lpi.usra.edu/lunar/samples/atlas/detail/?mission=Apollo%2017&sample=73220,,0,no_relab_spectrum_for_parent_or_children
2151,73221,73221,Apollo 17,,,,https://www.lpi.usra.edu/lunar/samples/atlas/detail/?mission=Apollo%2017&sample=73221,,0,no_relab_spectrum_for_parent_or_children
2152,73222,73222,Apollo 17,,,,https://www.lpi.usra.edu/lunar/samples/atlas/detail/?mission=Apollo%2017&sample=73222,,0,no_relab_spectrum_for_parent_or_children
2153,73223,73223,Apollo 17,,,,https://www.lpi.usra.edu/lunar/samples/atlas/detail/?mission=Apollo%2017&sample=73223,,0,no_relab_spectrum_for_parent_or_children
2154,73224,73224,Apollo 17,,,,https://www.lpi.usra.edu/lunar/samples/atlas/detail/?mission=Apollo%2017&sample=73224,,0,no_relab_spectrum_for_parent_or_children
2155,73225,73225,Apollo 17,rock,impact melt breccia,"Impact Melt Breccia (?), light gray (N5), contains plagioclases, possibly a ranoblastic impactite",https://www.lpi.usra.edu/lunar/samples/atlas/detail/?mission=Apollo%2017&sample=73225,,0,no_relab_spectrum_for_parent_or_children
2156,73230,73230,Apollo 17,,,,https://www.lpi.usra.edu/lunar/samples/atlas/detail/?mission=Apollo%2017&sample=73230,,0,no_relab_spectrum_for_parent_or_children
2157,73235,73235,Apollo 17,rock,impact melt breccia,"Aphanitic Impact Melt Brecia, medium light gray (N6) with mottling",https://www.lpi.usra.edu/lunar/samples/atlas/detail/?mission=Apollo%2017&sample=73235,,0,no_relab_spectrum_for_parent_or_children
2158,73240,73240,Apollo 17,,soil,"This is a trench sample from the upper part of a 15 cm deep trench containing a medium gray surface layer and a 3 cm light gray layer just below the surface. It was collected at Station 3 with skim sample 73220 on the rim of a 10 meter crater in the light mantle. The site slopes 7 degrees to the east, 1-10 cm fragments are common and >10 cm fragments are sparse.",https://www.lpi.usra.edu/lunar/samples/atlas/detail/?mission=Apollo%2017&sample=73240,,0,no_relab_spectrum_for_parent_or_children
2159,73242,73242,Apollo 17,,,,https://www.lpi.usra.edu/lunar/samples/atlas/detail/?mission=Apollo%2017&sample=73242,,0,no_relab_spectrum_for_parent_or_children
2160,73243,73243,Apollo 17,,,,https://www.lpi.usra.edu/lunar/samples/atlas/detail/?mission=Apollo%2017&sample=73243,,0,no_relab_spectrum_for_parent_or_children
2161,73244,73244,Apollo 17,,,,https://www.lpi.usra.edu/lunar/samples/atlas/detail/?mission=Apollo%2017&sample=73244,,0,no_relab_spectrum_for_parent_or_children
2162,73245,73245,Apollo 17,rock,other,"Granoblastic Impactite (?); medium gray (N6), probably feldspathic granulite with a little adhering light brownish gray regolith breccia",https://www.lpi.usra.edu/lunar/samples/atlas/detail/?mission=Apollo%2017&sample=73245,,0,no_relab_spectrum_for_parent_or_children
2163,73250,73250,Apollo 17,,,,https://www.lpi.usra.edu/lunar/samples/atlas/detail/?mission=Apollo%2017&sample=73250,,0,no_relab_spectrum_for_parent_or_children
2164,73255,73255,Apollo 17,rock,impact melt breccia,"Aphanitic Impact Melt Breccia, essentally an agglomeritic bomb with abundant clasts",https://www.lpi.usra.edu/lunar/samples/atlas/detail/?mission=Apollo%2017&sample=73255,,0,no_relab_spectrum_for_parent_or_children
2165,73260,73260,Apollo 17,,soil,"This is a trench sample from part of the ""marbled zone"" 5-10 cm below the surface. It may also include some material from the small patch of light material visible in the pre-sampling photographs. It was collected at Station 3 with skim sample 73220 on the rim of a 10 meter crater in the light mantle. The site slopes 7 degrees to the east, 1-10 cm fragments are common and >10 cm fragments are sparse.",https://www.lpi.usra.edu/lunar/samples/atlas/detail/?mission=Apollo%2017&sample=73260,,0,no_relab_spectrum_for_parent_or_children
2166,73262,73262,Apollo 17,,,,https://www.lpi.usra.edu/lunar/samples/atlas/detail/?mission=Apollo%2017&sample=73262,,0,no_relab_spectrum_for_parent_or_children
2167,73263,73263,Apollo 17,,,,https://www.lpi.usra.edu/lunar/samples/atlas/detail/?mission=Apollo%2017&sample=73263,,0,no_relab_spectrum_for_parent_or_children
2168,73264,73264,Apollo 17,,,,https://www.lpi.usra.edu/lunar/samples/atlas/detail/?mission=Apollo%2017&sample=73264,,0,no_relab_spectrum_for_parent_or_children
2169,73270,73270,Apollo 17,,,,https://www.lpi.usra.edu/lunar/samples/atlas/detail/?mission=Apollo%2017&sample=73270,,0,no_relab_spectrum_for_parent_or_children
2170,73275,73275,Apollo 17,rock,impact melt breccia,"Micropoikilitic Impact Melt Breccia, lclast-bearing, with chemical composition similar to the low-K Fra Mauro melts common at the site and generally presumed to represent the Serentatis impact melt, is light gray in color..",https://www.lpi.usra.edu/lunar/samples/atlas/detail/?mission=Apollo%2017&sample=73275,,0,no_relab_spectrum_for_parent_or_children
2171,73280,73280,Apollo 17,,soil,"This is a trench sample from about 5-10 cm below the surface. It appears to be similar to the light gray material just below the surface. It was collected at Station 3 with skim sample 73220 on the rim of a 10 meter crater in the light mantle. The site slopes 7 degrees to the east, 1-10 cm fragments are common and >10 cm fragments are sparse.",https://www.lpi.usra.edu/lunar/samples/atlas/detail/?mission=Apollo%2017&sample=73280,,0,no_relab_spectrum_for_parent_or_children
2172,73282,73282,Apollo 17,,,,https://www.lpi.usra.edu/lunar/samples/atlas/detail/?mission=Apollo%2017&sample=73282,,0,no_relab_spectrum_for_parent_or_children
2173,73283,73283,Apollo 17,,,,https://www.lpi.usra.edu/lunar/samples/atlas/detail/?mission=Apollo%2017&sample=73283,,0,no_relab_spectrum_for_parent_or_children
2174,73284,73284,Apollo 17,,,,https://www.lpi.usra.edu/lunar/samples/atlas/detail/?mission=Apollo%2017&sample=73284,,0,no_relab_spectrum_for_parent_or_children
2175,73285,73285,Apollo 17,rock,breccia,"Glass-Coated Polymict Breccia, medium light gray (N6),",https://www.lpi.usra.edu/lunar/samples/atlas/detail/?mission=Apollo%2017&sample=73285,,0,no_relab_spectrum_for_parent_or_children
2176,74110,74110,Apollo 17,,,,https://www.lpi.usra.edu/lunar/samples/atlas/detail/?mission=Apollo%2017&sample=74110,,0,no_relab_spectrum_for_parent_or_children
2177,74111,74111,Apollo 17,,,,https://www.lpi.usra.edu/lunar/samples/atlas/detail/?mission=Apollo%2017&sample=74111,,0,no_relab_spectrum_for_parent_or_children
2178,74112,74112,Apollo 17,,,,https://www.lpi.usra.edu/lunar/samples/atlas/detail/?mission=Apollo%2017&sample=74112,,0,no_relab_spectrum_for_parent_or_children
2179,74113,74113,Apollo 17,,,,https://www.lpi.usra.edu/lunar/samples/atlas/detail/?mission=Apollo%2017&sample=74113,,0,no_relab_spectrum_for_parent_or_children
2180,74114,74114,Apollo 17,,,,https://www.lpi.usra.edu/lunar/samples/atlas/detail/?mission=Apollo%2017&sample=74114,,0,no_relab_spectrum_for_parent_or_children
2181,74115,74115,Apollo 17,rock,regolith breccia,"Friable Regolith Breccia, light gray polymict breccia",https://www.lpi.usra.edu/lunar/samples/atlas/detail/?mission=Apollo%2017&sample=74115,,0,no_relab_spectrum_for_parent_or_children
2182,74116,74116,Apollo 17,rock,regolith breccia,"Friable Regolith Breccia, light gray polymict breccia",https://www.lpi.usra.edu/lunar/samples/atlas/detail/?mission=Apollo%2017&sample=74116,,0,no_relab_spectrum_for_parent_or_children
2183,74117,74117,Apollo 17,rock,regolith breccia,"Friable Regolith Breccia, light gray polymict breccia",https://www.lpi.usra.edu/lunar/samples/atlas/detail/?mission=Apollo%2017&sample=74117,,0,no_relab_spectrum_for_parent_or_children
2184,74118,74118,Apollo 17,rock,regolith breccia,"Friable Regolith Breccia, light gray polymict breccia",https://www.lpi.usra.edu/lunar/samples/atlas/detail/?mission=Apollo%2017&sample=74118,,0,no_relab_spectrum_for_parent_or_children
2185,74119,74119,Apollo 17,rock,regolith breccia,"Friable Regolith Breccia, light gray polymict breccia",https://www.lpi.usra.edu/lunar/samples/atlas/detail/?mission=Apollo%2017&sample=74119,,0,no_relab_spectrum_for_parent_or_children
2186,74120,74120,Apollo 17,,soil,"This surface soil was collected from the LRV while traversing over light mantle deposits between Stations 3 and 4. The site is undulating, yet regionally level with fragments >10 cm sparse. Craters < 1 meter are abundant, but craters >1 meter are sparse.",https://www.lpi.usra.edu/lunar/samples/atlas/detail/?mission=Apollo%2017&sample=74120,,0,no_relab_spectrum_for_parent_or_children
2187,74124,74124,Apollo 17,,,,https://www.lpi.usra.edu/lunar/samples/atlas/detail/?mission=Apollo%2017&sample=74124,,0,no_relab_spectrum_for_parent_or_children
2188,74221,74221,Apollo 17,,,,https://www.lpi.usra.edu/lunar/samples/atlas/detail/?mission=Apollo%2017&sample=74221,,0,no_relab_spectrum_for_parent_or_children
2189,74222,74222,Apollo 17,,,,https://www.lpi.usra.edu/lunar/samples/atlas/detail/?mission=Apollo%2017&sample=74222,,0,no_relab_spectrum_for_parent_or_children
2190,74223,74223,Apollo 17,,,,https://www.lpi.usra.edu/lunar/samples/atlas/detail/?mission=Apollo%2017&sample=74223,,0,no_relab_spectrum_for_parent_or_children
2191,74224,74224,Apollo 17,,,,https://www.lpi.usra.edu/lunar/samples/atlas/detail/?mission=Apollo%2017&sample=74224,,0,no_relab_spectrum_for_parent_or_children
2192,74235,74235,Apollo 17,rock,high-Ti mare basalt,High-Ti Mare Basalt,https://www.lpi.usra.edu/lunar/samples/atlas/detail/?mission=Apollo%2017&sample=74235,,0,no_relab_spectrum_for_parent_or_children
2193,74240,74240,Apollo 17,,soil,"This is gray soil that was bordering the meter wide band of reddish soil (74240 is southwest of the colored soil and 74260 is to the northeast) at Station 4 on the rim of Shorty crater. The site is near the low place in the crater rim crest. The fragment population is highly variable, and craters up to several meters in diameter are common.",https://www.lpi.usra.edu/lunar/samples/atlas/detail/?mission=Apollo%2017&sample=74240,,0,no_relab_spectrum_for_parent_or_children
2194,74245,74245,Apollo 17,rock,basalt,Aphanitic High-Ti Basalt,https://www.lpi.usra.edu/lunar/samples/atlas/detail/?mission=Apollo%2017&sample=74245,,0,no_relab_spectrum_for_parent_or_children
2195,74246,74246,Apollo 17,rock,breccia,Soil Breccia,https://www.lpi.usra.edu/lunar/samples/atlas/detail/?mission=Apollo%2017&sample=74246,,0,no_relab_spectrum_for_parent_or_children
2196,74247,74247,Apollo 17,rock,basalt,High-Ti Basalt,https://www.lpi.usra.edu/lunar/samples/atlas/detail/?mission=Apollo%2017&sample=74247,,0,no_relab_spectrum_for_parent_or_children
2197,74248,74248,Apollo 17,rock,basalt,High-Ti Basalt,https://www.lpi.usra.edu/lunar/samples/atlas/detail/?mission=Apollo%2017&sample=74248,,0,no_relab_spectrum_for_parent_or_children
2198,74249,74249,Apollo 17,rock,basalt,High-Ti Basalt,https://www.lpi.usra.edu/lunar/samples/atlas/detail/?mission=Apollo%2017&sample=74249,,0,no_relab_spectrum_for_parent_or_children
2199,74250,74250,Apollo 17,,,,https://www.lpi.usra.edu/lunar/samples/atlas/detail/?mission=Apollo%2017&sample=74250,,0,no_relab_spectrum_for_parent_or_children
2200,74255,74255,Apollo 17,rock,basalt,High-Ti Basalt,https://www.lpi.usra.edu/lunar/samples/atlas/detail/?mission=Apollo%2017&sample=74255,,0,no_relab_spectrum_for_parent_or_children
2201,74260,74260,Apollo 17,,soil,"This is gray soil that was bordering the meter wide band of reddish soil (74240 is southwest of the colored soil and 74260 is to the northeast) at Station 4 on the rim of Shorty crater. The site is near the low place in the crater rim crest. The fragment population is highly variable, and craters up to several meters in diameter are common.",https://www.lpi.usra.edu/lunar/samples/atlas/detail/?mission=Apollo%2017&sample=74260,,0,no_relab_spectrum_for_parent_or_children
2202,74285,74285,Apollo 17,rock,high-Ti mare basalt,High-Ti Mare Basalt,https://www.lpi.usra.edu/lunar/samples/atlas/detail/?mission=Apollo%2017&sample=74285,,0,no_relab_spectrum_for_parent_or_children
2203,74286,74286,Apollo 17,rock,high-Ti mare basalt,High-Ti Mare Basalt,https://www.lpi.usra.edu/lunar/samples/atlas/detail/?mission=Apollo%2017&sample=74286,,0,no_relab_spectrum_for_parent_or_children
2204,74287,74287,Apollo 17,rock,high-Ti mare basalt,High-It Mare Basalt,https://www.lpi.usra.edu/lunar/samples/atlas/detail/?mission=Apollo%2017&sample=74287,,0,no_relab_spectrum_for_parent_or_children
2205,75010,75010,Apollo 17,,,,https://www.lpi.usra.edu/lunar/samples/atlas/detail/?mission=Apollo%2017&sample=75010,,0,no_relab_spectrum_for_parent_or_children
2206,75015,75015,Apollo 17,rock,high-Ti mare basalt,High-Ti Mare Basalt,https://www.lpi.usra.edu/lunar/samples/atlas/detail/?mission=Apollo%2017&sample=75015,,0,no_relab_spectrum_for_parent_or_children
2207,75030,75030,Apollo 17,,,,https://www.lpi.usra.edu/lunar/samples/atlas/detail/?mission=Apollo%2017&sample=75030,,0,no_relab_spectrum_for_parent_or_children
2208,75050,75050,Apollo 17,,,,https://www.lpi.usra.edu/lunar/samples/atlas/detail/?mission=Apollo%2017&sample=75050,,0,no_relab_spectrum_for_parent_or_children
2209,75055,75055,Apollo 17,rock,high-Ti mare basalt,High-Ti Mare Basalt,https://www.lpi.usra.edu/lunar/samples/atlas/detail/?mission=Apollo%2017&sample=75055,,0,no_relab_spectrum_for_parent_or_children
2210,75060,75060,Apollo 17,,soil,"This is a mantling soil that was collected from a 1 cm depression on a 3 meter boulder, at Station 5, the southwest rim of Camelot crater. The site has an undulating slope with cobbles and boulders covering 30% of the surface. The soil contains two rock chips, 75065-66.",https://www.lpi.usra.edu/lunar/samples/atlas/detail/?mission=Apollo%2017&sample=75060,,0,no_relab_spectrum_for_parent_or_children
2211,75062,75062,Apollo 17,,,,https://www.lpi.usra.edu/lunar/samples/atlas/detail/?mission=Apollo%2017&sample=75062,,0,no_relab_spectrum_for_parent_or_children
2212,75063,75063,Apollo 17,,,,https://www.lpi.usra.edu/lunar/samples/atlas/detail/?mission=Apollo%2017&sample=75063,,0,no_relab_spectrum_for_parent_or_children
2213,75064,75064,Apollo 17,,,,https://www.lpi.usra.edu/lunar/samples/atlas/detail/?mission=Apollo%2017&sample=75064,,0,no_relab_spectrum_for_parent_or_children
2214,75065,75065,Apollo 17,rock,high-Ti mare basalt,High-Ti Mare Basalt,https://www.lpi.usra.edu/lunar/samples/atlas/detail/?mission=Apollo%2017&sample=75065,,0,no_relab_spectrum_for_parent_or_children
2215,75066,75066,Apollo 17,rock,breccia,Glassy Breccia,https://www.lpi.usra.edu/lunar/samples/atlas/detail/?mission=Apollo%2017&sample=75066,,0,no_relab_spectrum_for_parent_or_children
2216,75070,75070,Apollo 17,,,,https://www.lpi.usra.edu/lunar/samples/atlas/detail/?mission=Apollo%2017&sample=75070,,0,no_relab_spectrum_for_parent_or_children
2217,75081,75081,Apollo 17,,,,https://www.lpi.usra.edu/lunar/samples/atlas/detail/?mission=Apollo%2017&sample=75081,,0,no_relab_spectrum_for_parent_or_children
2218,75082,75082,Apollo 17,,,,https://www.lpi.usra.edu/lunar/samples/atlas/detail/?mission=Apollo%2017&sample=75082,,0,no_relab_spectrum_for_parent_or_children
2219,75083,75083,Apollo 17,,,,https://www.lpi.usra.edu/lunar/samples/atlas/detail/?mission=Apollo%2017&sample=75083,,0,no_relab_spectrum_for_parent_or_children
2220,75084,75084,Apollo 17,,,,https://www.lpi.usra.edu/lunar/samples/atlas/detail/?mission=Apollo%2017&sample=75084,,0,no_relab_spectrum_for_parent_or_children
2221,75085,75085,Apollo 17,rock,high-Ti mare basalt,High-Ti Mare Basalt,https://www.lpi.usra.edu/lunar/samples/atlas/detail/?mission=Apollo%2017&sample=75085,,0,no_relab_spectrum_for_parent_or_children
2222,75086,75086,Apollo 17,rock,high-Ti mare basalt,High-Ti Mare Basalt,https://www.lpi.usra.edu/lunar/samples/atlas/detail/?mission=Apollo%2017&sample=75086,,0,no_relab_spectrum_for_parent_or_children
2223,75087,75087,Apollo 17,rock,high-Ti mare basalt,High-Ti Mare Basalt,https://www.lpi.usra.edu/lunar/samples/atlas/detail/?mission=Apollo%2017&sample=75087,,0,no_relab_spectrum_for_parent_or_children
2224,75088,75088,Apollo 17,rock,high-Ti mare basalt,High-Ti Mare Basalt,https://www.lpi.usra.edu/lunar/samples/atlas/detail/?mission=Apollo%2017&sample=75088,,0,no_relab_spectrum_for_parent_or_children
2225,75089,75089,Apollo 17,rock,high-Ti mare basalt,High-Ti Mare Basalt,https://www.lpi.usra.edu/lunar/samples/atlas/detail/?mission=Apollo%2017&sample=75089,,0,no_relab_spectrum_for_parent_or_children
2226,75110,75110,Apollo 17,,soil,"This sample was collected during LRV traverse #7, from the apex of Victory crater on the inner slope of the crater rim. The site has pebbles to 1 meter size boulders covering 2-3% of the surface. The fragments appear to be randomly scattered, but there is a slight concentration on the rims of small craters.",https://www.lpi.usra.edu/lunar/samples/atlas/detail/?mission=Apollo%2017&sample=75110,,0,no_relab_spectrum_for_parent_or_children
2227,75111,75111,Apollo 17,,,,https://www.lpi.usra.edu/lunar/samples/atlas/detail/?mission=Apollo%2017&sample=75111,,0,no_relab_spectrum_for_parent_or_children
2228,75112,75112,Apollo 17,,,,https://www.lpi.usra.edu/lunar/samples/atlas/detail/?mission=Apollo%2017&sample=75112,,0,no_relab_spectrum_for_parent_or_children
2229,75113,75113,Apollo 17,,,,https://www.lpi.usra.edu/lunar/samples/atlas/detail/?mission=Apollo%2017&sample=75113,,0,no_relab_spectrum_for_parent_or_children
2230,75114,75114,Apollo 17,,,,https://www.lpi.usra.edu/lunar/samples/atlas/detail/?mission=Apollo%2017&sample=75114,,0,no_relab_spectrum_for_parent_or_children
2231,75115,75115,Apollo 17,rock,high-Ti mare basalt,"Light olive gray subrounded, fine-grained basalt, with an equigranular fabric and several penetrative fractures.",https://www.lpi.usra.edu/lunar/samples/atlas/detail/?mission=Apollo%2017&sample=75115,,0,no_relab_spectrum_for_parent_or_children
2232,75120,75120,Apollo 17,,,,https://www.lpi.usra.edu/lunar/samples/atlas/detail/?mission=Apollo%2017&sample=75120,,0,no_relab_spectrum_for_parent_or_children
2233,75121,75121,Apollo 17,,,,https://www.lpi.usra.edu/lunar/samples/atlas/detail/?mission=Apollo%2017&sample=75121,,0,no_relab_spectrum_for_parent_or_children
2234,75122,75122,Apollo 17,,,,https://www.lpi.usra.edu/lunar/samples/atlas/detail/?mission=Apollo%2017&sample=75122,,0,no_relab_spectrum_for_parent_or_children
2235,75123,75123,Apollo 17,,,,https://www.lpi.usra.edu/lunar/samples/atlas/detail/?mission=Apollo%2017&sample=75123,,0,no_relab_spectrum_for_parent_or_children
2236,75196,75196,Apollo 17,,,,https://www.lpi.usra.edu/lunar/samples/atlas/detail/?mission=Apollo%2017&sample=75196,,0,no_relab_spectrum_for_parent_or_children
2237,75210,75210,Apollo 17,,soil,"This soil was collected during LRV traverse #8, between Victory and Horatio craters in an area of dark mantle between the small craters. The area is flat with scattered craters less than 5 meters in diameter. Clods < 10 cm are found on the rims of fresh craters. ""Raindrops"" are present on the surface of the sample area.",https://www.lpi.usra.edu/lunar/samples/atlas/detail/?mission=Apollo%2017&sample=75210,,0,no_relab_spectrum_for_parent_or_children
2238,75224,75224,Apollo 17,,,,https://www.lpi.usra.edu/lunar/samples/atlas/detail/?mission=Apollo%2017&sample=75224,,0,no_relab_spectrum_for_parent_or_children
2239,75701,75701,Apollo 17,rake,,,https://www.lpi.usra.edu/lunar/samples/atlas/detail/?mission=Apollo%2017&sample=75701,,0,no_relab_spectrum_for_parent_or_children
2240,76001,76001,Apollo 17,,,,https://www.lpi.usra.edu/lunar/samples/atlas/detail/?mission=Apollo%2017&sample=76001,,0,no_relab_spectrum_for_parent_or_children
2241,76035,76035,Apollo 17,rock,impact melt breccia,Nonvesicular Impact Melt Breccia,https://www.lpi.usra.edu/lunar/samples/atlas/detail/?mission=Apollo%2017&sample=76035,,0,no_relab_spectrum_for_parent_or_children
2242,76036,76036,Apollo 17,rock,impact melt breccia,Impact Melt Breccia; sample has not been studied at time of this Catalog (Aug 1994) but is apparently similar to and probably piece of 76035.,https://www.lpi.usra.edu/lunar/samples/atlas/detail/?mission=Apollo%2017&sample=76036,,0,no_relab_spectrum_for_parent_or_children
2243,76037,76037,Apollo 17,soil-general,high-Ti mare basalt,High-Ti Mare Basalt,https://www.lpi.usra.edu/lunar/samples/atlas/detail/?mission=Apollo%2017&sample=76037,,0,no_relab_spectrum_for_parent_or_children
2244,76120,76120,Apollo 17,,,,https://www.lpi.usra.edu/lunar/samples/atlas/detail/?mission=Apollo%2017&sample=76120,,0,no_relab_spectrum_for_parent_or_children
2245,76121,76121,Apollo 17,,,,https://www.lpi.usra.edu/lunar/samples/atlas/detail/?mission=Apollo%2017&sample=76121,,0,no_relab_spectrum_for_parent_or_children
2246,76122,76122,Apollo 17,,,,https://www.lpi.usra.edu/lunar/samples/atlas/detail/?mission=Apollo%2017&sample=76122,,0,no_relab_spectrum_for_parent_or_children
2247,76123,76123,Apollo 17,,,,https://www.lpi.usra.edu/lunar/samples/atlas/detail/?mission=Apollo%2017&sample=76123,,0,no_relab_spectrum_for_parent_or_children
2248,76124,76124,Apollo 17,,,,https://www.lpi.usra.edu/lunar/samples/atlas/detail/?mission=Apollo%2017&sample=76124,,0,no_relab_spectrum_for_parent_or_children
2249,76130,76130,Apollo 17,,,,https://www.lpi.usra.edu/lunar/samples/atlas/detail/?mission=Apollo%2017&sample=76130,,0,no_relab_spectrum_for_parent_or_children
2250,76131,76131,Apollo 17,,,,https://www.lpi.usra.edu/lunar/samples/atlas/detail/?mission=Apollo%2017&sample=76131,,0,no_relab_spectrum_for_parent_or_children
2251,76132,76132,Apollo 17,,,,https://www.lpi.usra.edu/lunar/samples/atlas/detail/?mission=Apollo%2017&sample=76132,,0,no_relab_spectrum_for_parent_or_children
2252,76133,76133,Apollo 17,,,,https://www.lpi.usra.edu/lunar/samples/atlas/detail/?mission=Apollo%2017&sample=76133,,0,no_relab_spectrum_for_parent_or_children
2253,76134,76134,Apollo 17,,,,https://www.lpi.usra.edu/lunar/samples/atlas/detail/?mission=Apollo%2017&sample=76134,,0,no_relab_spectrum_for_parent_or_children
2254,76135,76135,Apollo 17,rake,impact melt breccia,Vesicular Poikilitic Impact Melt Breccia,https://www.lpi.usra.edu/lunar/samples/atlas/detail/?mission=Apollo%2017&sample=76135,,0,no_relab_spectrum_for_parent_or_children
2255,76136,76136,Apollo 17,rock,high-Ti mare basalt,High-Ti Mare Basalt,https://www.lpi.usra.edu/lunar/samples/atlas/detail/?mission=Apollo%2017&sample=76136,,0,no_relab_spectrum_for_parent_or_children
2256,76137,76137,Apollo 17,rock,impact melt breccia,Poikilitic Impacat Melt Breccia; sample has not been studied at time of this Catalog (Aug 1994),https://www.lpi.usra.edu/lunar/samples/atlas/detail/?mission=Apollo%2017&sample=76137,,0,no_relab_spectrum_for_parent_or_children
2257,76210,76210,Apollo 17,,,,https://www.lpi.usra.edu/lunar/samples/atlas/detail/?mission=Apollo%2017&sample=76210,,0,no_relab_spectrum_for_parent_or_children
2258,76230,76230,Apollo 17,,,,https://www.lpi.usra.edu/lunar/samples/atlas/detail/?mission=Apollo%2017&sample=76230,,0,no_relab_spectrum_for_parent_or_children
2259,76235,76235,Apollo 17,rock,other,"Feldspathic Granulitic Impactite; may have broken further in sample bag including samples 76230, 76235, 236, 237, 238, 239, 305, 306 and 307 (Heiken et al., 1973; Phinney, 1981)",https://www.lpi.usra.edu/lunar/samples/atlas/detail/?mission=Apollo%2017&sample=76235,,0,no_relab_spectrum_for_parent_or_children
2260,76236,76236,Apollo 17,rock,other,Feldspathic Granulitic Impactite; part of 76235,https://www.lpi.usra.edu/lunar/samples/atlas/detail/?mission=Apollo%2017&sample=76236,,0,no_relab_spectrum_for_parent_or_children
2261,76237,76237,Apollo 17,rock,other,"Feldspathic Granulitic Impactite, part of 76235",https://www.lpi.usra.edu/lunar/samples/atlas/detail/?mission=Apollo%2017&sample=76237,,0,no_relab_spectrum_for_parent_or_children
2262,76238,76238,Apollo 17,rake,other,Feldspathic Granulitic Impactite; part of 76235.,https://www.lpi.usra.edu/lunar/samples/atlas/detail/?mission=Apollo%2017&sample=76238,,0,no_relab_spectrum_for_parent_or_children
2263,76239,76239,Apollo 17,rock,other,Feldspathic Granulitic Impactite; part of 76235,https://www.lpi.usra.edu/lunar/samples/atlas/detail/?mission=Apollo%2017&sample=76239,,0,no_relab_spectrum_for_parent_or_children
2264,76240,76240,Apollo 17,,,,https://www.lpi.usra.edu/lunar/samples/atlas/detail/?mission=Apollo%2017&sample=76240,,0,no_relab_spectrum_for_parent_or_children
2265,76241,76241,Apollo 17,,,,https://www.lpi.usra.edu/lunar/samples/atlas/detail/?mission=Apollo%2017&sample=76241,,0,no_relab_spectrum_for_parent_or_children
2266,76242,76242,Apollo 17,,,,https://www.lpi.usra.edu/lunar/samples/atlas/detail/?mission=Apollo%2017&sample=76242,,0,no_relab_spectrum_for_parent_or_children
2267,76243,76243,Apollo 17,,,,https://www.lpi.usra.edu/lunar/samples/atlas/detail/?mission=Apollo%2017&sample=76243,,0,no_relab_spectrum_for_parent_or_children
2268,76244,76244,Apollo 17,,,,https://www.lpi.usra.edu/lunar/samples/atlas/detail/?mission=Apollo%2017&sample=76244,,0,no_relab_spectrum_for_parent_or_children
2269,76245,76245,Apollo 17,,impact melt breccia,Impact Melt Breccia,https://www.lpi.usra.edu/lunar/samples/atlas/detail/?mission=Apollo%2017&sample=76245,,0,no_relab_spectrum_for_parent_or_children
2270,76246,76246,Apollo 17,,impact melt breccia,Impact Melt Breccia,https://www.lpi.usra.edu/lunar/samples/atlas/detail/?mission=Apollo%2017&sample=76246,,0,no_relab_spectrum_for_parent_or_children
2271,76250,76250,Apollo 17,,,,https://www.lpi.usra.edu/lunar/samples/atlas/detail/?mission=Apollo%2017&sample=76250,,0,no_relab_spectrum_for_parent_or_children
2272,76260,76260,Apollo 17,,soil,This surface soil was collected at Station 6 on the south slope of the North Massif. It has a large boulder nearby which casts a permanent shadow on 76240: 76260 and 76280 are just outside the limit of the overhang. 76260 is a 2 cm skim and 76280 is a 5 cm scoop. The area slopes 11 degrees to the south with scattered fragments < 6cm.,https://www.lpi.usra.edu/lunar/samples/atlas/detail/?mission=Apollo%2017&sample=76260,,0,no_relab_spectrum_for_parent_or_children
2273,76261,76261,Apollo 17,,,,https://www.lpi.usra.edu/lunar/samples/atlas/detail/?mission=Apollo%2017&sample=76261,,0,no_relab_spectrum_for_parent_or_children
2274,76262,76262,Apollo 17,,,,https://www.lpi.usra.edu/lunar/samples/atlas/detail/?mission=Apollo%2017&sample=76262,,0,no_relab_spectrum_for_parent_or_children
2275,76263,76263,Apollo 17,,,,https://www.lpi.usra.edu/lunar/samples/atlas/detail/?mission=Apollo%2017&sample=76263,,0,no_relab_spectrum_for_parent_or_children
2276,76264,76264,Apollo 17,,,,https://www.lpi.usra.edu/lunar/samples/atlas/detail/?mission=Apollo%2017&sample=76264,,0,no_relab_spectrum_for_parent_or_children
2277,76265,76265,Apollo 17,rock,impact melt breccia,Impact Melt Breccia,https://www.lpi.usra.edu/lunar/samples/atlas/detail/?mission=Apollo%2017&sample=76265,,0,no_relab_spectrum_for_parent_or_children
2278,76270,76270,Apollo 17,,,,https://www.lpi.usra.edu/lunar/samples/atlas/detail/?mission=Apollo%2017&sample=76270,,0,no_relab_spectrum_for_parent_or_children
2279,76275,76275,Apollo 17,rock,impact melt breccia,Impact Melt Breccia; sample has not been well studied (Aug 1994),https://www.lpi.usra.edu/lunar/samples/atlas/detail/?mission=Apollo%2017&sample=76275,,0,no_relab_spectrum_for_parent_or_children
2280,76280,76280,Apollo 17,,soil,This surface soil was collected at Station 6 on the south slope of the North Massif. It has a large boulder nearby which casts a permanent shadow on 76240: 76260 and 76280 are just outside the limit of the overhang. 76260 is a 2 cm skim and 76280 is a 5 cm scoop. The area slopes 11 degrees to the south with scattered fragments < 6cm.,https://www.lpi.usra.edu/lunar/samples/atlas/detail/?mission=Apollo%2017&sample=76280,,0,no_relab_spectrum_for_parent_or_children
2281,76281,76281,Apollo 17,,,,https://www.lpi.usra.edu/lunar/samples/atlas/detail/?mission=Apollo%2017&sample=76281,,0,no_relab_spectrum_for_parent_or_children
2282,76282,76282,Apollo 17,,,,https://www.lpi.usra.edu/lunar/samples/atlas/detail/?mission=Apollo%2017&sample=76282,,0,no_relab_spectrum_for_parent_or_children
2283,76283,76283,Apollo 17,,,,https://www.lpi.usra.edu/lunar/samples/atlas/detail/?mission=Apollo%2017&sample=76283,,0,no_relab_spectrum_for_parent_or_children
2284,76284,76284,Apollo 17,,,,https://www.lpi.usra.edu/lunar/samples/atlas/detail/?mission=Apollo%2017&sample=76284,,0,no_relab_spectrum_for_parent_or_children
2285,76285,76285,Apollo 17,rock,breccia,"Agglutinate of Dark Matrix Breccia Fragments; soil in area was collected as comparison with 76245, which was permanently shadowed.",https://www.lpi.usra.edu/lunar/samples/atlas/detail/?mission=Apollo%2017&sample=76285,,0,no_relab_spectrum_for_parent_or_children
2286,76286,76286,Apollo 17,rock,impact melt breccia,Impact Melt Breccia,https://www.lpi.usra.edu/lunar/samples/atlas/detail/?mission=Apollo%2017&sample=76286,,0,no_relab_spectrum_for_parent_or_children
2287,76290,76290,Apollo 17,,,,https://www.lpi.usra.edu/lunar/samples/atlas/detail/?mission=Apollo%2017&sample=76290,,0,no_relab_spectrum_for_parent_or_children
2288,76305,76305,Apollo 17,rock,other,"Feldspathic Granulitic Impactites, part of 76235",https://www.lpi.usra.edu/lunar/samples/atlas/detail/?mission=Apollo%2017&sample=76305,,0,no_relab_spectrum_for_parent_or_children
2289,76306,76306,Apollo 17,rock,other,"Feldspathic Granulitic Impactites, part of 76235",https://www.lpi.usra.edu/lunar/samples/atlas/detail/?mission=Apollo%2017&sample=76306,,0,no_relab_spectrum_for_parent_or_children
2290,76307,76307,Apollo 17,rock,other,"Feldspathic Granulitic Impactites, part of 76235",https://www.lpi.usra.edu/lunar/samples/atlas/detail/?mission=Apollo%2017&sample=76307,,0,no_relab_spectrum_for_parent_or_children
2291,76310,76310,Apollo 17,,,,https://www.lpi.usra.edu/lunar/samples/atlas/detail/?mission=Apollo%2017&sample=76310,,0,no_relab_spectrum_for_parent_or_children
2292,76315,76315,Apollo 17,rock,impact melt breccia,Micropoikilitic Impact Melt Breccia,https://www.lpi.usra.edu/lunar/samples/atlas/detail/?mission=Apollo%2017&sample=76315,,0,no_relab_spectrum_for_parent_or_children
2293,76320,76320,Apollo 17,,soil,Surface soil collected at Station 6 on flat face of boulder 1. The site slopes 10 degrees to the north with fragments up to 5 cm scattered about. A few 5-10 cm crataers are found in the area.,https://www.lpi.usra.edu/lunar/samples/atlas/detail/?mission=Apollo%2017&sample=76320,,0,no_relab_spectrum_for_parent_or_children
2294,76335,76335,Apollo 17,rock,troctolite,Cataclastic Troctolite,https://www.lpi.usra.edu/lunar/samples/atlas/detail/?mission=Apollo%2017&sample=76335,,0,no_relab_spectrum_for_parent_or_children
2295,76500,76500,Apollo 17,,soil,"Reference soil 76500 and rake soil 76530-76577 were collected at Station 6, 25 meters west of the boulder cluster on the ejecta blanket of a 10 meter crater. The site slopes 11 degrees to the south with 1-10 cm fragments scattered randomly. One large 10 meter crater and many < 30 cm craters are found at the site.",https://www.lpi.usra.edu/lunar/samples/atlas/detail/?mission=Apollo%2017&sample=76500,,0,no_relab_spectrum_for_parent_or_children
2296,76501,76501,Apollo 17,,,,https://www.lpi.usra.edu/lunar/samples/atlas/detail/?mission=Apollo%2017&sample=76501,,0,no_relab_spectrum_for_parent_or_children
2297,76502,76502,Apollo 17,,,,https://www.lpi.usra.edu/lunar/samples/atlas/detail/?mission=Apollo%2017&sample=76502,,0,no_relab_spectrum_for_parent_or_children
2298,76503,76503,Apollo 17,,,,https://www.lpi.usra.edu/lunar/samples/atlas/detail/?mission=Apollo%2017&sample=76503,,0,no_relab_spectrum_for_parent_or_children
2299,76504,76504,Apollo 17,,,,https://www.lpi.usra.edu/lunar/samples/atlas/detail/?mission=Apollo%2017&sample=76504,,0,no_relab_spectrum_for_parent_or_children
2300,76505,76505,Apollo 17,,impact melt breccia,Micropoikilitic Impact Melt Breccia,https://www.lpi.usra.edu/lunar/samples/atlas/detail/?mission=Apollo%2017&sample=76505,,0,no_relab_spectrum_for_parent_or_children
2301,76506,76506,Apollo 17,,regolith breccia,Dark Matrix Regolith Breccia,https://www.lpi.usra.edu/lunar/samples/atlas/detail/?mission=Apollo%2017&sample=76506,,0,no_relab_spectrum_for_parent_or_children
2302,76530,76530,Apollo 17,,,,https://www.lpi.usra.edu/lunar/samples/atlas/detail/?mission=Apollo%2017&sample=76530,,0,no_relab_spectrum_for_parent_or_children
2303,76536,76536,Apollo 17,rake,troctolite,Crushed Troctolite,https://www.lpi.usra.edu/lunar/samples/atlas/detail/?mission=Apollo%2017&sample=76536,,0,no_relab_spectrum_for_parent_or_children
2304,76537,76537,Apollo 17,rake,high-Ti mare basalt,High-Ti Mare Basalt,https://www.lpi.usra.edu/lunar/samples/atlas/detail/?mission=Apollo%2017&sample=76537,,0,no_relab_spectrum_for_parent_or_children
2305,76538,76538,Apollo 17,rake,high-Ti mare basalt,High-Ti Mare Basalt,https://www.lpi.usra.edu/lunar/samples/atlas/detail/?mission=Apollo%2017&sample=76538,,0,no_relab_spectrum_for_parent_or_children
2306,76539,76539,Apollo 17,rake,high-Ti mare basalt,Aphanitic High-Ti Mare Basalt,https://www.lpi.usra.edu/lunar/samples/atlas/detail/?mission=Apollo%2017&sample=76539,,0,no_relab_spectrum_for_parent_or_children
2307,76540,76540,Apollo 17,,,,https://www.lpi.usra.edu/lunar/samples/atlas/detail/?mission=Apollo%2017&sample=76540,,0,no_relab_spectrum_for_parent_or_children
2308,76541,76541,Apollo 17,,,,https://www.lpi.usra.edu/lunar/samples/atlas/detail/?mission=Apollo%2017&sample=76541,,0,no_relab_spectrum_for_parent_or_children
2309,76542,76542,Apollo 17,,,,https://www.lpi.usra.edu/lunar/samples/atlas/detail/?mission=Apollo%2017&sample=76542,,0,no_relab_spectrum_for_parent_or_children
2310,76543,76543,Apollo 17,,,,https://www.lpi.usra.edu/lunar/samples/atlas/detail/?mission=Apollo%2017&sample=76543,,0,no_relab_spectrum_for_parent_or_children
2311,76544,76544,Apollo 17,,,,https://www.lpi.usra.edu/lunar/samples/atlas/detail/?mission=Apollo%2017&sample=76544,,0,no_relab_spectrum_for_parent_or_children
2312,76545,76545,Apollo 17,rake,regolith breccia,Dark Matrix Regolith Breccia,https://www.lpi.usra.edu/lunar/samples/atlas/detail/?mission=Apollo%2017&sample=76545,,0,no_relab_spectrum_for_parent_or_children
2313,76546,76546,Apollo 17,,,,https://www.lpi.usra.edu/lunar/samples/atlas/detail/?mission=Apollo%2017&sample=76546,,0,no_relab_spectrum_for_parent_or_children
2314,76547,76547,Apollo 17,,,,https://www.lpi.usra.edu/lunar/samples/atlas/detail/?mission=Apollo%2017&sample=76547,,0,no_relab_spectrum_for_parent_or_children
2315,76548,76548,Apollo 17,rake,regolith breccia,Dark Matrix Regolith Breccia,https://www.lpi.usra.edu/lunar/samples/atlas/detail/?mission=Apollo%2017&sample=76548,,0,no_relab_spectrum_for_parent_or_children
2316,76549,76549,Apollo 17,,,,https://www.lpi.usra.edu/lunar/samples/atlas/detail/?mission=Apollo%2017&sample=76549,,0,no_relab_spectrum_for_parent_or_children
2317,76550,76550,Apollo 17,,,,https://www.lpi.usra.edu/lunar/samples/atlas/detail/?mission=Apollo%2017&sample=76550,,0,no_relab_spectrum_for_parent_or_children
2318,76551,76551,Apollo 17,,,,https://www.lpi.usra.edu/lunar/samples/atlas/detail/?mission=Apollo%2017&sample=76551,,0,no_relab_spectrum_for_parent_or_children
2319,76552,76552,Apollo 17,,,,https://www.lpi.usra.edu/lunar/samples/atlas/detail/?mission=Apollo%2017&sample=76552,,0,no_relab_spectrum_for_parent_or_children
2320,76553,76553,Apollo 17,,,,https://www.lpi.usra.edu/lunar/samples/atlas/detail/?mission=Apollo%2017&sample=76553,,0,no_relab_spectrum_for_parent_or_children
2321,76554,76554,Apollo 17,,,,https://www.lpi.usra.edu/lunar/samples/atlas/detail/?mission=Apollo%2017&sample=76554,,0,no_relab_spectrum_for_parent_or_children
2322,76555,76555,Apollo 17,rake,impact melt breccia,Micropoikilitic Impact Melt Breccia,https://www.lpi.usra.edu/lunar/samples/atlas/detail/?mission=Apollo%2017&sample=76555,,0,no_relab_spectrum_for_parent_or_children
2323,76556,76556,Apollo 17,rake,impact melt breccia,Micropoikilitic Impact Melt Breccia,https://www.lpi.usra.edu/lunar/samples/atlas/detail/?mission=Apollo%2017&sample=76556,,0,no_relab_spectrum_for_parent_or_children
2324,76557,76557,Apollo 17,rake,impact melt breccia,Micropoikilitic Impact Melt Breccia,https://www.lpi.usra.edu/lunar/samples/atlas/detail/?mission=Apollo%2017&sample=76557,,0,no_relab_spectrum_for_parent_or_children
2325,76558,76558,Apollo 17,rake,impact melt breccia,Imact Melt Breccia,https://www.lpi.usra.edu/lunar/samples/atlas/detail/?mission=Apollo%2017&sample=76558,,0,no_relab_spectrum_for_parent_or_children
2326,76559,76559,Apollo 17,rake,impact melt breccia,Poikilitic Impact Melt Breccia,https://www.lpi.usra.edu/lunar/samples/atlas/detail/?mission=Apollo%2017&sample=76559,,0,no_relab_spectrum_for_parent_or_children
2327,76560,76560,Apollo 17,,,,https://www.lpi.usra.edu/lunar/samples/atlas/detail/?mission=Apollo%2017&sample=76560,,0,no_relab_spectrum_for_parent_or_children
2328,76561,76561,Apollo 17,,,,https://www.lpi.usra.edu/lunar/samples/atlas/detail/?mission=Apollo%2017&sample=76561,,0,no_relab_spectrum_for_parent_or_children
2329,76562,76562,Apollo 17,,,,https://www.lpi.usra.edu/lunar/samples/atlas/detail/?mission=Apollo%2017&sample=76562,,0,no_relab_spectrum_for_parent_or_children
2330,76563,76563,Apollo 17,,,,https://www.lpi.usra.edu/lunar/samples/atlas/detail/?mission=Apollo%2017&sample=76563,,0,no_relab_spectrum_for_parent_or_children
2331,76564,76564,Apollo 17,,,,https://www.lpi.usra.edu/lunar/samples/atlas/detail/?mission=Apollo%2017&sample=76564,,0,no_relab_spectrum_for_parent_or_children
2332,76565,76565,Apollo 17,rake,regolith breccia,Dark Matrix Regolith Breccia,https://www.lpi.usra.edu/lunar/samples/atlas/detail/?mission=Apollo%2017&sample=76565,,0,no_relab_spectrum_for_parent_or_children
2333,76566,76566,Apollo 17,rake,regolith breccia,Dark Matrix Regolith Breccia,https://www.lpi.usra.edu/lunar/samples/atlas/detail/?mission=Apollo%2017&sample=76566,,0,no_relab_spectrum_for_parent_or_children
2334,76567,76567,Apollo 17,rake,regolith breccia,Light Matrix Regolith Breccia,https://www.lpi.usra.edu/lunar/samples/atlas/detail/?mission=Apollo%2017&sample=76567,,0,no_relab_spectrum_for_parent_or_children
2335,76568,76568,Apollo 17,rake,high-Ti mare basalt,Aphanitic High-Ti Mare Basalt,https://www.lpi.usra.edu/lunar/samples/atlas/detail/?mission=Apollo%2017&sample=76568,,0,no_relab_spectrum_for_parent_or_children
2336,76569,76569,Apollo 17,rake,impact melt breccia,Aphanitic Impact Melt Breccia,https://www.lpi.usra.edu/lunar/samples/atlas/detail/?mission=Apollo%2017&sample=76569,,0,no_relab_spectrum_for_parent_or_children
2337,76570,76570,Apollo 17,,,,https://www.lpi.usra.edu/lunar/samples/atlas/detail/?mission=Apollo%2017&sample=76570,,0,no_relab_spectrum_for_parent_or_children
2338,76571,76571,Apollo 17,,,,https://www.lpi.usra.edu/lunar/samples/atlas/detail/?mission=Apollo%2017&sample=76571,,0,no_relab_spectrum_for_parent_or_children
2339,76572,76572,Apollo 17,,,,https://www.lpi.usra.edu/lunar/samples/atlas/detail/?mission=Apollo%2017&sample=76572,,0,no_relab_spectrum_for_parent_or_children
2340,76573,76573,Apollo 17,,,,https://www.lpi.usra.edu/lunar/samples/atlas/detail/?mission=Apollo%2017&sample=76573,,0,no_relab_spectrum_for_parent_or_children
2341,76574,76574,Apollo 17,,,,https://www.lpi.usra.edu/lunar/samples/atlas/detail/?mission=Apollo%2017&sample=76574,,0,no_relab_spectrum_for_parent_or_children
2342,76575,76575,Apollo 17,rake,impact melt breccia,Feldspathic Impact Melt Breccia,https://www.lpi.usra.edu/lunar/samples/atlas/detail/?mission=Apollo%2017&sample=76575,,0,no_relab_spectrum_for_parent_or_children
2343,76576,76576,Apollo 17,rake,impact melt breccia,Micropoikilitic Impact Melt Breccia,https://www.lpi.usra.edu/lunar/samples/atlas/detail/?mission=Apollo%2017&sample=76576,,0,no_relab_spectrum_for_parent_or_children
2344,76577,76577,Apollo 17,rake,impact melt breccia,Poikilitic Impact Melt Breccia,https://www.lpi.usra.edu/lunar/samples/atlas/detail/?mission=Apollo%2017&sample=76577,,0,no_relab_spectrum_for_parent_or_children
2345,77017,77017,Apollo 17,rock,other,"Poikilitic Anorthsitic Gabbo, annealed, feldspathic breccia",https://www.lpi.usra.edu/lunar/samples/atlas/detail/?mission=Apollo%2017&sample=77017,,0,no_relab_spectrum_for_parent_or_children
2346,77035,77035,Apollo 17,rock,impact melt breccia,Micropoikilitic Impact Melt Breccia,https://www.lpi.usra.edu/lunar/samples/atlas/detail/?mission=Apollo%2017&sample=77035,,0,no_relab_spectrum_for_parent_or_children
2347,77070,77070,Apollo 17,,,,https://www.lpi.usra.edu/lunar/samples/atlas/detail/?mission=Apollo%2017&sample=77070,,0,no_relab_spectrum_for_parent_or_children
2348,77076,77076,Apollo 17,,,,https://www.lpi.usra.edu/lunar/samples/atlas/detail/?mission=Apollo%2017&sample=77076,,0,no_relab_spectrum_for_parent_or_children
2349,77077,77077,Apollo 17,rock,norite,Cataclastic Norite with Black Veinlets,https://www.lpi.usra.edu/lunar/samples/atlas/detail/?mission=Apollo%2017&sample=77077,,0,no_relab_spectrum_for_parent_or_children
2350,77110,77110,Apollo 17,,,,https://www.lpi.usra.edu/lunar/samples/atlas/detail/?mission=Apollo%2017&sample=77110,,0,no_relab_spectrum_for_parent_or_children
2351,77115,77115,Apollo 17,rock,impact melt breccia,Micropoikilitic Impact Melt Breccia,https://www.lpi.usra.edu/lunar/samples/atlas/detail/?mission=Apollo%2017&sample=77115,,0,no_relab_spectrum_for_parent_or_children
2352,77130,77130,Apollo 17,,,,https://www.lpi.usra.edu/lunar/samples/atlas/detail/?mission=Apollo%2017&sample=77130,,0,no_relab_spectrum_for_parent_or_children
2353,77135,77135,Apollo 17,rock,impact melt breccia,Vesicular Poikilitic Impact Melt Rock,https://www.lpi.usra.edu/lunar/samples/atlas/detail/?mission=Apollo%2017&sample=77135,,0,no_relab_spectrum_for_parent_or_children
2354,77215,77215,Apollo 17,rock,norite,Cataclastic Norite (41 or more pieces),https://www.lpi.usra.edu/lunar/samples/atlas/detail/?mission=Apollo%2017&sample=77215,,0,no_relab_spectrum_for_parent_or_children
2355,77510,77510,Apollo 17,,,,https://www.lpi.usra.edu/lunar/samples/atlas/detail/?mission=Apollo%2017&sample=77510,,0,no_relab_spectrum_for_parent_or_children
2356,77511,77511,Apollo 17,,,,https://www.lpi.usra.edu/lunar/samples/atlas/detail/?mission=Apollo%2017&sample=77511,,0,no_relab_spectrum_for_parent_or_children
2357,77512,77512,Apollo 17,,,,https://www.lpi.usra.edu/lunar/samples/atlas/detail/?mission=Apollo%2017&sample=77512,,0,no_relab_spectrum_for_parent_or_children
2358,77513,77513,Apollo 17,,,,https://www.lpi.usra.edu/lunar/samples/atlas/detail/?mission=Apollo%2017&sample=77513,,0,no_relab_spectrum_for_parent_or_children
2359,77514,77514,Apollo 17,,,,https://www.lpi.usra.edu/lunar/samples/atlas/detail/?mission=Apollo%2017&sample=77514,,0,no_relab_spectrum_for_parent_or_children
2360,77515,77515,Apollo 17,rake,impact melt breccia,Poikilitic Impact Melt Breccia,https://www.lpi.usra.edu/lunar/samples/atlas/detail/?mission=Apollo%2017&sample=77515,,0,no_relab_spectrum_for_parent_or_children
2361,77516,77516,Apollo 17,rake,high-Ti mare basalt,High-Ti Mare Basalt,https://www.lpi.usra.edu/lunar/samples/atlas/detail/?mission=Apollo%2017&sample=77516,,0,no_relab_spectrum_for_parent_or_children
2362,77517,77517,Apollo 17,rake,breccia,"Unique Fragmental Breccia; sample 77517 is exotic to Apollo 17 site, contining mineral fragments of pink aluminous spinel, aluminous enstatite, and forsterite.",https://www.lpi.usra.edu/lunar/samples/atlas/detail/?mission=Apollo%2017&sample=77517,,0,no_relab_spectrum_for_parent_or_children
2363,77518,77518,Apollo 17,rake,impact melt breccia,Micropoikilitic Impact Melt Breccia,https://www.lpi.usra.edu/lunar/samples/atlas/detail/?mission=Apollo%2017&sample=77518,,0,no_relab_spectrum_for_parent_or_children
2364,77519,77519,Apollo 17,rake,impact melt breccia,Micropoikilitic Impact Melt Breccia,https://www.lpi.usra.edu/lunar/samples/atlas/detail/?mission=Apollo%2017&sample=77519,,0,no_relab_spectrum_for_parent_or_children
2365,77525,77525,Apollo 17,rake,impact melt breccia,Impact Melt Breccia,https://www.lpi.usra.edu/lunar/samples/atlas/detail/?mission=Apollo%2017&sample=77525,,0,no_relab_spectrum_for_parent_or_children
2366,77526,77526,Apollo 17,rake,impact melt breccia,Impact Melt Breccia,https://www.lpi.usra.edu/lunar/samples/atlas/detail/?mission=Apollo%2017&sample=77526,,0,no_relab_spectrum_for_parent_or_children
2367,77535,77535,Apollo 17,rake,high-Ti mare basalt,High-Ti Mare Basalt,https://www.lpi.usra.edu/lunar/samples/atlas/detail/?mission=Apollo%2017&sample=77535,,0,no_relab_spectrum_for_parent_or_children
2368,77536,77536,Apollo 17,rake,high-Ti mare basalt,High-Ti Mare Basalt,https://www.lpi.usra.edu/lunar/samples/atlas/detail/?mission=Apollo%2017&sample=77536,,0,no_relab_spectrum_for_parent_or_children
2369,77537,77537,Apollo 17,rake,impact melt breccia,Impact Melt Breccia,https://www.lpi.usra.edu/lunar/samples/atlas/detail/?mission=Apollo%2017&sample=77537,,0,no_relab_spectrum_for_parent_or_children
2370,77538,77538,Apollo 17,rake,breccia,Unusual Fragmental Breccia,https://www.lpi.usra.edu/lunar/samples/atlas/detail/?mission=Apollo%2017&sample=77538,,0,no_relab_spectrum_for_parent_or_children
2371,77539,77539,Apollo 17,rake,impact melt breccia,Poikilitic Impact Melt Breccia,https://www.lpi.usra.edu/lunar/samples/atlas/detail/?mission=Apollo%2017&sample=77539,,0,no_relab_spectrum_for_parent_or_children
2372,77545,77545,Apollo 17,rake,impact melt breccia,Poikilitic Impact Melt Breccia,https://www.lpi.usra.edu/lunar/samples/atlas/detail/?mission=Apollo%2017&sample=77545,,0,no_relab_spectrum_for_parent_or_children
2373,78120,78120,Apollo 17,,,,https://www.lpi.usra.edu/lunar/samples/atlas/detail/?mission=Apollo%2017&sample=78120,,0,no_relab_spectrum_for_parent_or_children
2374,78121,78121,Apollo 17,,,,https://www.lpi.usra.edu/lunar/samples/atlas/detail/?mission=Apollo%2017&sample=78121,,0,no_relab_spectrum_for_parent_or_children
2375,78122,78122,Apollo 17,,,,https://www.lpi.usra.edu/lunar/samples/atlas/detail/?mission=Apollo%2017&sample=78122,,0,no_relab_spectrum_for_parent_or_children
2376,78123,78123,Apollo 17,,,,https://www.lpi.usra.edu/lunar/samples/atlas/detail/?mission=Apollo%2017&sample=78123,,0,no_relab_spectrum_for_parent_or_children
2377,78124,78124,Apollo 17,,,,https://www.lpi.usra.edu/lunar/samples/atlas/detail/?mission=Apollo%2017&sample=78124,,0,no_relab_spectrum_for_parent_or_children
2378,78130,78130,Apollo 17,,,,https://www.lpi.usra.edu/lunar/samples/atlas/detail/?mission=Apollo%2017&sample=78130,,0,no_relab_spectrum_for_parent_or_children
2379,78135,78135,Apollo 17,rock,high-Ti mare basalt,High-Ti Mare Basalt,https://www.lpi.usra.edu/lunar/samples/atlas/detail/?mission=Apollo%2017&sample=78135,,0,no_relab_spectrum_for_parent_or_children
2380,78150,78150,Apollo 17,,,,https://www.lpi.usra.edu/lunar/samples/atlas/detail/?mission=Apollo%2017&sample=78150,,0,no_relab_spectrum_for_parent_or_children
2381,78155,78155,Apollo 17,rock,other,"Feldspathic Granulitic Impactite; sample itself may have been projectile that made ""pit crater""; may be exotic to site;",https://www.lpi.usra.edu/lunar/samples/atlas/detail/?mission=Apollo%2017&sample=78155,,0,no_relab_spectrum_for_parent_or_children
2382,78220,78220,Apollo 17,,soil,"Soil collected from beneath a .5 meter gabbroic boulder at Station 8, near the base of Sculptured Hills, south of Wessex Cleft. The site slopes moderately steeply to the southwest, with scattered pebbles, clods, small rocks and one boulder. The surface is saturated with 1 cm craters, larger craters are present but not abundant.",https://www.lpi.usra.edu/lunar/samples/atlas/detail/?mission=Apollo%2017&sample=78220,,0,no_relab_spectrum_for_parent_or_children
2383,78221,78221,Apollo 17,,,,https://www.lpi.usra.edu/lunar/samples/atlas/detail/?mission=Apollo%2017&sample=78221,,0,no_relab_spectrum_for_parent_or_children
2384,78222,78222,Apollo 17,,,,https://www.lpi.usra.edu/lunar/samples/atlas/detail/?mission=Apollo%2017&sample=78222,,0,no_relab_spectrum_for_parent_or_children
2385,78223,78223,Apollo 17,,,,https://www.lpi.usra.edu/lunar/samples/atlas/detail/?mission=Apollo%2017&sample=78223,,0,no_relab_spectrum_for_parent_or_children
2386,78224,78224,Apollo 17,,,,https://www.lpi.usra.edu/lunar/samples/atlas/detail/?mission=Apollo%2017&sample=78224,,0,no_relab_spectrum_for_parent_or_children
2387,78230,78230,Apollo 17,,,,https://www.lpi.usra.edu/lunar/samples/atlas/detail/?mission=Apollo%2017&sample=78230,,0,no_relab_spectrum_for_parent_or_children
2388,78231,78231,Apollo 17,,,,https://www.lpi.usra.edu/lunar/samples/atlas/detail/?mission=Apollo%2017&sample=78231,,0,no_relab_spectrum_for_parent_or_children
2389,78232,78232,Apollo 17,,,,https://www.lpi.usra.edu/lunar/samples/atlas/detail/?mission=Apollo%2017&sample=78232,,0,no_relab_spectrum_for_parent_or_children
2390,78233,78233,Apollo 17,,,,https://www.lpi.usra.edu/lunar/samples/atlas/detail/?mission=Apollo%2017&sample=78233,,0,no_relab_spectrum_for_parent_or_children
2391,78234,78234,Apollo 17,,,,https://www.lpi.usra.edu/lunar/samples/atlas/detail/?mission=Apollo%2017&sample=78234,,0,no_relab_spectrum_for_parent_or_children
2392,78236,78236,Apollo 17,rock,norite,"Shocked Norite, piece of norite 78235",https://www.lpi.usra.edu/lunar/samples/atlas/detail/?mission=Apollo%2017&sample=78236,,0,no_relab_spectrum_for_parent_or_children
2393,78237,78237,Apollo 17,,,,https://www.lpi.usra.edu/lunar/samples/atlas/detail/?mission=Apollo%2017&sample=78237,,0,no_relab_spectrum_for_parent_or_children
2394,78238,78238,Apollo 17,rock,norite,"Shocked Norite, piece from norite 78235",https://www.lpi.usra.edu/lunar/samples/atlas/detail/?mission=Apollo%2017&sample=78238,,0,no_relab_spectrum_for_parent_or_children
2395,78250,78250,Apollo 17,,,,https://www.lpi.usra.edu/lunar/samples/atlas/detail/?mission=Apollo%2017&sample=78250,,0,no_relab_spectrum_for_parent_or_children
2396,78255,78255,Apollo 17,rock,norite,Shocked Norite,https://www.lpi.usra.edu/lunar/samples/atlas/detail/?mission=Apollo%2017&sample=78255,,0,no_relab_spectrum_for_parent_or_children
2397,78420,78420,Apollo 17,,soil,"This is part of trench sequence at Station 8 at the base of Sculptured Hills south of Wessex Cleft. 78420 is at the bottom of a 25 cm trench, 78440 is at a depth of 6-15 cm, 78460 is at a depth of 1-6 cm, and 78480 is from the upper 1 cm. The site has a moderate slope to the southwest, a few pebbles and clods < 5 cm are found, and the area is saturated with 1 cm craters. There are a few larger craters in the area.",https://www.lpi.usra.edu/lunar/samples/atlas/detail/?mission=Apollo%2017&sample=78420,,0,no_relab_spectrum_for_parent_or_children
2398,78421,78421,Apollo 17,,,,https://www.lpi.usra.edu/lunar/samples/atlas/detail/?mission=Apollo%2017&sample=78421,,0,no_relab_spectrum_for_parent_or_children
2399,78422,78422,Apollo 17,,,,https://www.lpi.usra.edu/lunar/samples/atlas/detail/?mission=Apollo%2017&sample=78422,,0,no_relab_spectrum_for_parent_or_children
2400,78423,78423,Apollo 17,,,,https://www.lpi.usra.edu/lunar/samples/atlas/detail/?mission=Apollo%2017&sample=78423,,0,no_relab_spectrum_for_parent_or_children
2401,78424,78424,Apollo 17,,,,https://www.lpi.usra.edu/lunar/samples/atlas/detail/?mission=Apollo%2017&sample=78424,,0,no_relab_spectrum_for_parent_or_children
2402,78440,78440,Apollo 17,,,,https://www.lpi.usra.edu/lunar/samples/atlas/detail/?mission=Apollo%2017&sample=78440,,0,no_relab_spectrum_for_parent_or_children
2403,78441,78441,Apollo 17,,,,https://www.lpi.usra.edu/lunar/samples/atlas/detail/?mission=Apollo%2017&sample=78441,,0,no_relab_spectrum_for_parent_or_children
2404,78442,78442,Apollo 17,,,,https://www.lpi.usra.edu/lunar/samples/atlas/detail/?mission=Apollo%2017&sample=78442,,0,no_relab_spectrum_for_parent_or_children
2405,78443,78443,Apollo 17,,,,https://www.lpi.usra.edu/lunar/samples/atlas/detail/?mission=Apollo%2017&sample=78443,,0,no_relab_spectrum_for_parent_or_children
2406,78444,78444,Apollo 17,,,,https://www.lpi.usra.edu/lunar/samples/atlas/detail/?mission=Apollo%2017&sample=78444,,0,no_relab_spectrum_for_parent_or_children
2407,78460,78460,Apollo 17,,soil,"This is part of trench sequence at Station 8 at the base of Sculptured Hills south of Wessex Cleft. 78420 is at the bottom of a 25 cm trench, 78440 is at a depth of 6-15 cm, 78460 is at a depth of 1-6 cm, and 78480 is from the upper 1 cm. The site has a moderate slope to the southwest, a few pebbles and clods < 5 cm are found, and the area is saturated with 1 m craters. There are a few larger craters in the area.",https://www.lpi.usra.edu/lunar/samples/atlas/detail/?mission=Apollo%2017&sample=78460,,0,no_relab_spectrum_for_parent_or_children
2408,78461,78461,Apollo 17,,,,https://www.lpi.usra.edu/lunar/samples/atlas/detail/?mission=Apollo%2017&sample=78461,,0,no_relab_spectrum_for_parent_or_children
2409,78462,78462,Apollo 17,,,,https://www.lpi.usra.edu/lunar/samples/atlas/detail/?mission=Apollo%2017&sample=78462,,0,no_relab_spectrum_for_parent_or_children
2410,78463,78463,Apollo 17,,,,https://www.lpi.usra.edu/lunar/samples/atlas/detail/?mission=Apollo%2017&sample=78463,,0,no_relab_spectrum_for_parent_or_children
2411,78464,78464,Apollo 17,,,,https://www.lpi.usra.edu/lunar/samples/atlas/detail/?mission=Apollo%2017&sample=78464,,0,no_relab_spectrum_for_parent_or_children
2412,78465,78465,Apollo 17,rock,breccia,Soil Breccia,https://www.lpi.usra.edu/lunar/samples/atlas/detail/?mission=Apollo%2017&sample=78465,,0,no_relab_spectrum_for_parent_or_children
2413,78480,78480,Apollo 17,,soil,"This is part of trench sequence at Station 8 at the base of Sculptured Hills south of Wessex Cleft. 78420 is at the bottom of a 25 cm trench, 78440 is at a depth of 6-15 cm, 78460 is at a depth of 1-6 cm, and 78480 is from the upper 1 cm. The site has a moderate slope to the southwest, a few pebbles and clods < 5 cm are found, and the area is saturated with 1 cm craters. There are a few larger craters in the area.",https://www.lpi.usra.edu/lunar/samples/atlas/detail/?mission=Apollo%2017&sample=78480,,0,no_relab_spectrum_for_parent_or_children
2414,78481,78481,Apollo 17,,,,https://www.lpi.usra.edu/lunar/samples/atlas/detail/?mission=Apollo%2017&sample=78481,,0,no_relab_spectrum_for_parent_or_children
2415,78482,78482,Apollo 17,,,,https://www.lpi.usra.edu/lunar/samples/atlas/detail/?mission=Apollo%2017&sample=78482,,0,no_relab_spectrum_for_parent_or_children
2416,78483,78483,Apollo 17,,,,https://www.lpi.usra.edu/lunar/samples/atlas/detail/?mission=Apollo%2017&sample=78483,,0,no_relab_spectrum_for_parent_or_children
2417,78484,78484,Apollo 17,,,,https://www.lpi.usra.edu/lunar/samples/atlas/detail/?mission=Apollo%2017&sample=78484,,0,no_relab_spectrum_for_parent_or_children
2418,78500,78500,Apollo 17,,soil,"This is a surface sample to accompany rake sample 78525-599, collected near the rim of a subdued 15 meter crater at the base of Sculptured Hills, south of Wessex Cleft. The site has a moderate slope to the southwest with scattered pebbles, clods, and small rocks.",https://www.lpi.usra.edu/lunar/samples/atlas/detail/?mission=Apollo%2017&sample=78500,,0,no_relab_spectrum_for_parent_or_children
2419,78501,78501,Apollo 17,,,,https://www.lpi.usra.edu/lunar/samples/atlas/detail/?mission=Apollo%2017&sample=78501,,0,no_relab_spectrum_for_parent_or_children
2420,78502,78502,Apollo 17,,,,https://www.lpi.usra.edu/lunar/samples/atlas/detail/?mission=Apollo%2017&sample=78502,,0,no_relab_spectrum_for_parent_or_children
2421,78503,78503,Apollo 17,,,,https://www.lpi.usra.edu/lunar/samples/atlas/detail/?mission=Apollo%2017&sample=78503,,0,no_relab_spectrum_for_parent_or_children
2422,78504,78504,Apollo 17,,,,https://www.lpi.usra.edu/lunar/samples/atlas/detail/?mission=Apollo%2017&sample=78504,,0,no_relab_spectrum_for_parent_or_children
2423,78505,78505,Apollo 17,,high-Ti mare basalt,High-Ti Mare Basalt,https://www.lpi.usra.edu/lunar/samples/atlas/detail/?mission=Apollo%2017&sample=78505,,0,no_relab_spectrum_for_parent_or_children
2424,78506,78506,Apollo 17,,high-Ti mare basalt,High-Ti Mare Basalt,https://www.lpi.usra.edu/lunar/samples/atlas/detail/?mission=Apollo%2017&sample=78506,,0,no_relab_spectrum_for_parent_or_children
2425,78507,78507,Apollo 17,,high-Ti mare basalt,High-Ti Mare Basalt,https://www.lpi.usra.edu/lunar/samples/atlas/detail/?mission=Apollo%2017&sample=78507,,0,no_relab_spectrum_for_parent_or_children
2426,78508,78508,Apollo 17,,breccia,Light Matrix Soil Breccia,https://www.lpi.usra.edu/lunar/samples/atlas/detail/?mission=Apollo%2017&sample=78508,,0,no_relab_spectrum_for_parent_or_children
2427,78509,78509,Apollo 17,,high-Ti mare basalt,High-Ti Mare Basalt,https://www.lpi.usra.edu/lunar/samples/atlas/detail/?mission=Apollo%2017&sample=78509,,0,no_relab_spectrum_for_parent_or_children
2428,78510,78510,Apollo 17,,,,https://www.lpi.usra.edu/lunar/samples/atlas/detail/?mission=Apollo%2017&sample=78510,,0,no_relab_spectrum_for_parent_or_children
2429,78511,78511,Apollo 17,,,,https://www.lpi.usra.edu/lunar/samples/atlas/detail/?mission=Apollo%2017&sample=78511,,0,no_relab_spectrum_for_parent_or_children
2430,78512,78512,Apollo 17,,,,https://www.lpi.usra.edu/lunar/samples/atlas/detail/?mission=Apollo%2017&sample=78512,,0,no_relab_spectrum_for_parent_or_children
2431,78513,78513,Apollo 17,,,,https://www.lpi.usra.edu/lunar/samples/atlas/detail/?mission=Apollo%2017&sample=78513,,0,no_relab_spectrum_for_parent_or_children
2432,78514,78514,Apollo 17,,,,https://www.lpi.usra.edu/lunar/samples/atlas/detail/?mission=Apollo%2017&sample=78514,,0,no_relab_spectrum_for_parent_or_children
2433,78515,78515,Apollo 17,,breccia,Dark Matrix Breccia,https://www.lpi.usra.edu/lunar/samples/atlas/detail/?mission=Apollo%2017&sample=78515,,0,no_relab_spectrum_for_parent_or_children
2434,78516,78516,Apollo 17,,breccia,Dark Matrix Soil Breccia,https://www.lpi.usra.edu/lunar/samples/atlas/detail/?mission=Apollo%2017&sample=78516,,0,no_relab_spectrum_for_parent_or_children
2435,78517,78517,Apollo 17,,other,Friable White Cataclasite,https://www.lpi.usra.edu/lunar/samples/atlas/detail/?mission=Apollo%2017&sample=78517,,0,no_relab_spectrum_for_parent_or_children
2436,78518,78518,Apollo 17,,breccia,Dark Matrix Soil Breccia,https://www.lpi.usra.edu/lunar/samples/atlas/detail/?mission=Apollo%2017&sample=78518,,0,no_relab_spectrum_for_parent_or_children
2437,78525,78525,Apollo 17,rake,other,Agglutinate,https://www.lpi.usra.edu/lunar/samples/atlas/detail/?mission=Apollo%2017&sample=78525,,0,no_relab_spectrum_for_parent_or_children
2438,78526,78526,Apollo 17,rake,green glass vitrophyres,Green Glass Vitrophyre,https://www.lpi.usra.edu/lunar/samples/atlas/detail/?mission=Apollo%2017&sample=78526,,0,no_relab_spectrum_for_parent_or_children
2439,78527,78527,Apollo 17,rake,breccia,Granulitic Noritic Breccia,https://www.lpi.usra.edu/lunar/samples/atlas/detail/?mission=Apollo%2017&sample=78527,,0,no_relab_spectrum_for_parent_or_children
2440,78528,78528,Apollo 17,,basalt,Basalt,https://www.lpi.usra.edu/lunar/samples/atlas/detail/?mission=Apollo%2017&sample=78528,,0,no_relab_spectrum_for_parent_or_children
2441,78530,78530,Apollo 17,,,,https://www.lpi.usra.edu/lunar/samples/atlas/detail/?mission=Apollo%2017&sample=78530,,0,no_relab_spectrum_for_parent_or_children
2442,78535,78535,Apollo 17,rake,breccia,Dark Matrix Breccia,https://www.lpi.usra.edu/lunar/samples/atlas/detail/?mission=Apollo%2017&sample=78535,,0,no_relab_spectrum_for_parent_or_children
2443,78536,78536,Apollo 17,rake,breccia,Dark Matrix Breccia,https://www.lpi.usra.edu/lunar/samples/atlas/detail/?mission=Apollo%2017&sample=78536,,0,no_relab_spectrum_for_parent_or_children
2444,78537,78537,Apollo 17,rake,breccia,Dark Matrix Breccia,https://www.lpi.usra.edu/lunar/samples/atlas/detail/?mission=Apollo%2017&sample=78537,,0,no_relab_spectrum_for_parent_or_children
2445,78538,78538,Apollo 17,rake,breccia,Dark Matrix Breccia,https://www.lpi.usra.edu/lunar/samples/atlas/detail/?mission=Apollo%2017&sample=78538,,0,no_relab_spectrum_for_parent_or_children
2446,78539,78539,Apollo 17,rake,breccia,Dark Matrix Breccia,https://www.lpi.usra.edu/lunar/samples/atlas/detail/?mission=Apollo%2017&sample=78539,,0,no_relab_spectrum_for_parent_or_children
2447,78540,78540,Apollo 17,,,,https://www.lpi.usra.edu/lunar/samples/atlas/detail/?mission=Apollo%2017&sample=78540,,0,no_relab_spectrum_for_parent_or_children
2448,78541,78541,Apollo 17,,,,https://www.lpi.usra.edu/lunar/samples/atlas/detail/?mission=Apollo%2017&sample=78541,,0,no_relab_spectrum_for_parent_or_children
2449,78542,78542,Apollo 17,,,,https://www.lpi.usra.edu/lunar/samples/atlas/detail/?mission=Apollo%2017&sample=78542,,0,no_relab_spectrum_for_parent_or_children
2450,78543,78543,Apollo 17,,,,https://www.lpi.usra.edu/lunar/samples/atlas/detail/?mission=Apollo%2017&sample=78543,,0,no_relab_spectrum_for_parent_or_children
2451,78544,78544,Apollo 17,,,,https://www.lpi.usra.edu/lunar/samples/atlas/detail/?mission=Apollo%2017&sample=78544,,0,no_relab_spectrum_for_parent_or_children
2452,78545,78545,Apollo 17,rake,breccia,Dark Matrix Breccia,https://www.lpi.usra.edu/lunar/samples/atlas/detail/?mission=Apollo%2017&sample=78545,,0,no_relab_spectrum_for_parent_or_children
2453,78546,78546,Apollo 17,rake,breccia,Dark Matrix Breccia,https://www.lpi.usra.edu/lunar/samples/atlas/detail/?mission=Apollo%2017&sample=78546,,0,no_relab_spectrum_for_parent_or_children
2454,78547,78547,Apollo 17,rake,breccia,Dark Matrix Soil Breccia,https://www.lpi.usra.edu/lunar/samples/atlas/detail/?mission=Apollo%2017&sample=78547,,0,no_relab_spectrum_for_parent_or_children
2455,78548,78548,Apollo 17,rake,other,"Soil Clod, friable soil breccia",https://www.lpi.usra.edu/lunar/samples/atlas/detail/?mission=Apollo%2017&sample=78548,,0,no_relab_spectrum_for_parent_or_children
2456,78549,78549,Apollo 17,rake,other,"Soil Clod, friable soil breccia",https://www.lpi.usra.edu/lunar/samples/atlas/detail/?mission=Apollo%2017&sample=78549,,0,no_relab_spectrum_for_parent_or_children
2457,78550,78550,Apollo 17,,,,https://www.lpi.usra.edu/lunar/samples/atlas/detail/?mission=Apollo%2017&sample=78550,,0,no_relab_spectrum_for_parent_or_children
2458,78551,78551,Apollo 17,,,,https://www.lpi.usra.edu/lunar/samples/atlas/detail/?mission=Apollo%2017&sample=78551,,0,no_relab_spectrum_for_parent_or_children
2459,78552,78552,Apollo 17,,,,https://www.lpi.usra.edu/lunar/samples/atlas/detail/?mission=Apollo%2017&sample=78552,,0,no_relab_spectrum_for_parent_or_children
2460,78553,78553,Apollo 17,,,,https://www.lpi.usra.edu/lunar/samples/atlas/detail/?mission=Apollo%2017&sample=78553,,0,no_relab_spectrum_for_parent_or_children
2461,78554,78554,Apollo 17,,,,https://www.lpi.usra.edu/lunar/samples/atlas/detail/?mission=Apollo%2017&sample=78554,,0,no_relab_spectrum_for_parent_or_children
2462,78555,78555,Apollo 17,rake,breccia,Soil Breccia,https://www.lpi.usra.edu/lunar/samples/atlas/detail/?mission=Apollo%2017&sample=78555,,0,no_relab_spectrum_for_parent_or_children
2463,78556,78556,Apollo 17,rake,breccia,Dark Matrix Soil Breccia,https://www.lpi.usra.edu/lunar/samples/atlas/detail/?mission=Apollo%2017&sample=78556,,0,no_relab_spectrum_for_parent_or_children
2464,78557,78557,Apollo 17,rake,breccia,Dark Matrix Soil Breccia,https://www.lpi.usra.edu/lunar/samples/atlas/detail/?mission=Apollo%2017&sample=78557,,0,no_relab_spectrum_for_parent_or_children
2465,78558,78558,Apollo 17,rake,breccia,Dark Matrix Soil Breccia,https://www.lpi.usra.edu/lunar/samples/atlas/detail/?mission=Apollo%2017&sample=78558,,0,no_relab_spectrum_for_parent_or_children
2466,78559,78559,Apollo 17,rake,breccia,Dark Matrix Soil Breccia,https://www.lpi.usra.edu/lunar/samples/atlas/detail/?mission=Apollo%2017&sample=78559,,0,no_relab_spectrum_for_parent_or_children
2467,78560,78560,Apollo 17,,,,https://www.lpi.usra.edu/lunar/samples/atlas/detail/?mission=Apollo%2017&sample=78560,,0,no_relab_spectrum_for_parent_or_children
2468,78561,78561,Apollo 17,,,,https://www.lpi.usra.edu/lunar/samples/atlas/detail/?mission=Apollo%2017&sample=78561,,0,no_relab_spectrum_for_parent_or_children
2469,78563,78563,Apollo 17,,,,https://www.lpi.usra.edu/lunar/samples/atlas/detail/?mission=Apollo%2017&sample=78563,,0,no_relab_spectrum_for_parent_or_children
2470,78564,78564,Apollo 17,,,,https://www.lpi.usra.edu/lunar/samples/atlas/detail/?mission=Apollo%2017&sample=78564,,0,no_relab_spectrum_for_parent_or_children
2471,78565,78565,Apollo 17,rake,breccia,Dark Matrix Soil Breccia,https://www.lpi.usra.edu/lunar/samples/atlas/detail/?mission=Apollo%2017&sample=78565,,0,no_relab_spectrum_for_parent_or_children
2472,78566,78566,Apollo 17,rake,breccia,Dark Matrix Soil Breccia,https://www.lpi.usra.edu/lunar/samples/atlas/detail/?mission=Apollo%2017&sample=78566,,0,no_relab_spectrum_for_parent_or_children
2473,78567,78567,Apollo 17,rake,breccia,Dark Matrix Soil Breccia,https://www.lpi.usra.edu/lunar/samples/atlas/detail/?mission=Apollo%2017&sample=78567,,0,no_relab_spectrum_for_parent_or_children
2474,78568,78568,Apollo 17,rake,breccia,"Breccia, coherent soil breccia",https://www.lpi.usra.edu/lunar/samples/atlas/detail/?mission=Apollo%2017&sample=78568,,0,no_relab_spectrum_for_parent_or_children
2475,78569,78569,Apollo 17,rake,high-Ti mare basalt,High-Ti Mare Basalt,https://www.lpi.usra.edu/lunar/samples/atlas/detail/?mission=Apollo%2017&sample=78569,,0,no_relab_spectrum_for_parent_or_children
2476,78570,78570,Apollo 17,,,,https://www.lpi.usra.edu/lunar/samples/atlas/detail/?mission=Apollo%2017&sample=78570,,0,no_relab_spectrum_for_parent_or_children
2477,78571,78571,Apollo 17,,,,https://www.lpi.usra.edu/lunar/samples/atlas/detail/?mission=Apollo%2017&sample=78571,,0,no_relab_spectrum_for_parent_or_children
2478,78572,78572,Apollo 17,,,,https://www.lpi.usra.edu/lunar/samples/atlas/detail/?mission=Apollo%2017&sample=78572,,0,no_relab_spectrum_for_parent_or_children
2479,78573,78573,Apollo 17,,,,https://www.lpi.usra.edu/lunar/samples/atlas/detail/?mission=Apollo%2017&sample=78573,,0,no_relab_spectrum_for_parent_or_children
2480,78574,78574,Apollo 17,,,,https://www.lpi.usra.edu/lunar/samples/atlas/detail/?mission=Apollo%2017&sample=78574,,0,no_relab_spectrum_for_parent_or_children
2481,78575,78575,Apollo 17,rake,high-Ti mare basalt,High-Ti Mare Basalt,https://www.lpi.usra.edu/lunar/samples/atlas/detail/?mission=Apollo%2017&sample=78575,,0,no_relab_spectrum_for_parent_or_children
2482,78576,78576,Apollo 17,rake,high-Ti mare basalt,High-Ti Mare Basalt,https://www.lpi.usra.edu/lunar/samples/atlas/detail/?mission=Apollo%2017&sample=78576,,0,no_relab_spectrum_for_parent_or_children
2483,78577,78577,Apollo 17,rake,high-Ti mare basalt,High-Ti Mare Basalt,https://www.lpi.usra.edu/lunar/samples/atlas/detail/?mission=Apollo%2017&sample=78577,,0,no_relab_spectrum_for_parent_or_children
2484,78578,78578,Apollo 17,rake,high-Ti mare basalt,High-Ti Mare Basalt,https://www.lpi.usra.edu/lunar/samples/atlas/detail/?mission=Apollo%2017&sample=78578,,0,no_relab_spectrum_for_parent_or_children
2485,78579,78579,Apollo 17,rake,high-Ti mare basalt,High-Ti Mare Basalt,https://www.lpi.usra.edu/lunar/samples/atlas/detail/?mission=Apollo%2017&sample=78579,,0,no_relab_spectrum_for_parent_or_children
2486,78580,78580,Apollo 17,,,,https://www.lpi.usra.edu/lunar/samples/atlas/detail/?mission=Apollo%2017&sample=78580,,0,no_relab_spectrum_for_parent_or_children
2487,78581,78581,Apollo 17,,,,https://www.lpi.usra.edu/lunar/samples/atlas/detail/?mission=Apollo%2017&sample=78581,,0,no_relab_spectrum_for_parent_or_children
2488,78582,78582,Apollo 17,,,,https://www.lpi.usra.edu/lunar/samples/atlas/detail/?mission=Apollo%2017&sample=78582,,0,no_relab_spectrum_for_parent_or_children
2489,78583,78583,Apollo 17,,,,https://www.lpi.usra.edu/lunar/samples/atlas/detail/?mission=Apollo%2017&sample=78583,,0,no_relab_spectrum_for_parent_or_children
2490,78584,78584,Apollo 17,,,,https://www.lpi.usra.edu/lunar/samples/atlas/detail/?mission=Apollo%2017&sample=78584,,0,no_relab_spectrum_for_parent_or_children
2491,78585,78585,Apollo 17,rake,high-Ti mare basalt,High-Ti Mare Basalt,https://www.lpi.usra.edu/lunar/samples/atlas/detail/?mission=Apollo%2017&sample=78585,,0,no_relab_spectrum_for_parent_or_children
2492,78586,78586,Apollo 17,rake,high-Ti mare basalt,High-Ti Mare Basalt,https://www.lpi.usra.edu/lunar/samples/atlas/detail/?mission=Apollo%2017&sample=78586,,0,no_relab_spectrum_for_parent_or_children
2493,78587,78587,Apollo 17,rake,high-Ti mare basalt,High-Ti Mare Basalt,https://www.lpi.usra.edu/lunar/samples/atlas/detail/?mission=Apollo%2017&sample=78587,,0,no_relab_spectrum_for_parent_or_children
2494,78588,78588,Apollo 17,rake,high-Ti mare basalt,High-Ti Mare Basalt,https://www.lpi.usra.edu/lunar/samples/atlas/detail/?mission=Apollo%2017&sample=78588,,0,no_relab_spectrum_for_parent_or_children
2495,78589,78589,Apollo 17,rake,high-Ti mare basalt,High-Ti Mare Basalt,https://www.lpi.usra.edu/lunar/samples/atlas/detail/?mission=Apollo%2017&sample=78589,,0,no_relab_spectrum_for_parent_or_children
2496,78590,78590,Apollo 17,,,,https://www.lpi.usra.edu/lunar/samples/atlas/detail/?mission=Apollo%2017&sample=78590,,0,no_relab_spectrum_for_parent_or_children
2497,78591,78591,Apollo 17,,,,https://www.lpi.usra.edu/lunar/samples/atlas/detail/?mission=Apollo%2017&sample=78591,,0,no_relab_spectrum_for_parent_or_children
2498,78592,78592,Apollo 17,,,,https://www.lpi.usra.edu/lunar/samples/atlas/detail/?mission=Apollo%2017&sample=78592,,0,no_relab_spectrum_for_parent_or_children
2499,78593,78593,Apollo 17,,,,https://www.lpi.usra.edu/lunar/samples/atlas/detail/?mission=Apollo%2017&sample=78593,,0,no_relab_spectrum_for_parent_or_children
2500,78594,78594,Apollo 17,,,,https://www.lpi.usra.edu/lunar/samples/atlas/detail/?mission=Apollo%2017&sample=78594,,0,no_relab_spectrum_for_parent_or_children
2501,78595,78595,Apollo 17,rake,high-Ti mare basalt,High-Ti Mare Basalt,https://www.lpi.usra.edu/lunar/samples/atlas/detail/?mission=Apollo%2017&sample=78595,,0,no_relab_spectrum_for_parent_or_children
2502,78596,78596,Apollo 17,rake,high-Ti mare basalt,High-Ti Mare Basalt,https://www.lpi.usra.edu/lunar/samples/atlas/detail/?mission=Apollo%2017&sample=78596,,0,no_relab_spectrum_for_parent_or_children
2503,78597,78597,Apollo 17,rake,high-Ti mare basalt,High-Ti Mare Basalt,https://www.lpi.usra.edu/lunar/samples/atlas/detail/?mission=Apollo%2017&sample=78597,,0,no_relab_spectrum_for_parent_or_children
2504,78599,78599,Apollo 17,rake,high-Ti mare basalt,High-Ti Mare Basalt,https://www.lpi.usra.edu/lunar/samples/atlas/detail/?mission=Apollo%2017&sample=78599,,0,no_relab_spectrum_for_parent_or_children
2505,79001,79001,Apollo 17,core,soil,"Double drive tube 79001/79002 was taken 2 meters from two 1 meter craters on the southeast flank of the Van Serg crater ejecta blanket, at Station 9. The site has a gentle slope to the southeast away from Van Serg crater. Fragments 2-20 cm cover 3% of the surface. Astronauts report that driving the first core was easy. The second one was a little tougher, and then it got very hard at the end. >1mm particles were hand picked and not sieved, where they would have broken down, so there is a discontinuity in the size distribution caused by the lab procesures.",https://www.lpi.usra.edu/lunar/samples/atlas/detail/?mission=Apollo%2017&sample=79001,,0,no_relab_spectrum_for_parent_or_children
2506,79002,79002,Apollo 17,core,soil,"Double drive tube 79001/79002 was taken 2 meters from two 1 meter craters on the southeast flank of the Van Serg crater ejecta blanket, at Station 9. The site has a gentle slope to the southeast away from Van Serg crater. Fragments 2-20 cm cover 3% of the surface. Astronauts report that driving the first core was easy. The second one was a little tougher, and then it got very hard at the end. >1mm particles were hand picked and not sieved, where they would have broken down, so there is a discontinuity in the size distribution caused by the lab procesures.",https://www.lpi.usra.edu/lunar/samples/atlas/detail/?mission=Apollo%2017&sample=79002,,0,no_relab_spectrum_for_parent_or_children
2507,79035,79035,Apollo 17,rock,breccia,friable breccia,https://www.lpi.usra.edu/lunar/samples/atlas/detail/?mission=Apollo%2017&sample=79035,,0,no_relab_spectrum_for_parent_or_children
2508,79110,79110,Apollo 17,,,,https://www.lpi.usra.edu/lunar/samples/atlas/detail/?mission=Apollo%2017&sample=79110,,0,no_relab_spectrum_for_parent_or_children
2509,79115,79115,Apollo 17,rock,breccia,"Medium Gray Soil Breccia; described as a lumpy, generally fine-grained, friable basalt, with intense platy fracturing, particularly on the west face (Apollo 17 Lunar Sample Information Catalog, 1973)",https://www.lpi.usra.edu/lunar/samples/atlas/detail/?mission=Apollo%2017&sample=79115,,0,no_relab_spectrum_for_parent_or_children
2510,79120,79120,Apollo 17,,,,https://www.lpi.usra.edu/lunar/samples/atlas/detail/?mission=Apollo%2017&sample=79120,,0,no_relab_spectrum_for_parent_or_children
2511,79121,79121,Apollo 17,,,,https://www.lpi.usra.edu/lunar/samples/atlas/detail/?mission=Apollo%2017&sample=79121,,0,no_relab_spectrum_for_parent_or_children
2512,79122,79122,Apollo 17,,,,https://www.lpi.usra.edu/lunar/samples/atlas/detail/?mission=Apollo%2017&sample=79122,,0,no_relab_spectrum_for_parent_or_children
2513,79123,79123,Apollo 17,,,,https://www.lpi.usra.edu/lunar/samples/atlas/detail/?mission=Apollo%2017&sample=79123,,0,no_relab_spectrum_for_parent_or_children
2514,79124,79124,Apollo 17,,,,https://www.lpi.usra.edu/lunar/samples/atlas/detail/?mission=Apollo%2017&sample=79124,,0,no_relab_spectrum_for_parent_or_children
2515,79125,79125,Apollo 17,rock,breccia,"Microbreccia; As no work has been conducted on this sample, it is still intact as of this catalog (Oct 1993)",https://www.lpi.usra.edu/lunar/samples/atlas/detail/?mission=Apollo%2017&sample=79125,,0,no_relab_spectrum_for_parent_or_children
2516,79130,79130,Apollo 17,,,,https://www.lpi.usra.edu/lunar/samples/atlas/detail/?mission=Apollo%2017&sample=79130,,0,no_relab_spectrum_for_parent_or_children
2517,79135,79135,Apollo 17,rock,breccia,Polymict Matrix Breccia,https://www.lpi.usra.edu/lunar/samples/atlas/detail/?mission=Apollo%2017&sample=79135,,0,no_relab_spectrum_for_parent_or_children
2518,79155,79155,Apollo 17,rock,other,Partially Glass-Coated Gabbro,https://www.lpi.usra.edu/lunar/samples/atlas/detail/?mission=Apollo%2017&sample=79155,,0,no_relab_spectrum_for_parent_or_children
2519,79170,79170,Apollo 17,,,,https://www.lpi.usra.edu/lunar/samples/atlas/detail/?mission=Apollo%2017&sample=79170,,0,no_relab_spectrum_for_parent_or_children
2520,79175,79175,Apollo 17,rock,regolith breccia,Glass-Bonded Agglutinate,https://www.lpi.usra.edu/lunar/samples/atlas/detail/?mission=Apollo%2017&sample=79175,,0,no_relab_spectrum_for_parent_or_children
2521,79190,79190,Apollo 17,,,,https://www.lpi.usra.edu/lunar/samples/atlas/detail/?mission=Apollo%2017&sample=79190,,0,no_relab_spectrum_for_parent_or_children
2522,79195,79195,Apollo 17,rock,breccia,"Breccia, friable, basalt",https://www.lpi.usra.edu/lunar/samples/atlas/detail/?mission=Apollo%2017&sample=79195,,0,no_relab_spectrum_for_parent_or_children
2523,79215,79215,Apollo 17,rock,breccia,Metabreccia,https://www.lpi.usra.edu/lunar/samples/atlas/detail/?mission=Apollo%2017&sample=79215,,0,no_relab_spectrum_for_parent_or_children
2524,79220,79220,Apollo 17,,soil,"79220 is part of a trench sequence (79220 depth 0-2cm, 79240 depth 2-7 cm, 79260 depth 7-17 cm) taken from the southwest flank of the Van Serg crater ejecta blanket near Station 9. The uppermost 7 cm of the trench is gray, below that is a light gray or white layer. The site has a gently southeast slope away from Van Serg crater. Fragments 2-20 cm cover 3% of the surface. Two fresh 1 meter craters are found near the trench.",https://www.lpi.usra.edu/lunar/samples/atlas/detail/?mission=Apollo%2017&sample=79220,,0,no_relab_spectrum_for_parent_or_children
2525,79222,79222,Apollo 17,,,,https://www.lpi.usra.edu/lunar/samples/atlas/detail/?mission=Apollo%2017&sample=79222,,0,no_relab_spectrum_for_parent_or_children
2526,79223,79223,Apollo 17,,,,https://www.lpi.usra.edu/lunar/samples/atlas/detail/?mission=Apollo%2017&sample=79223,,0,no_relab_spectrum_for_parent_or_children
2527,79224,79224,Apollo 17,,,,https://www.lpi.usra.edu/lunar/samples/atlas/detail/?mission=Apollo%2017&sample=79224,,0,no_relab_spectrum_for_parent_or_children
2528,79225,79225,Apollo 17,rock,breccia,"Friable Microbreccia; As of this Catalog (Oct 1993), original sample remains intact; no work has been conducted.",https://www.lpi.usra.edu/lunar/samples/atlas/detail/?mission=Apollo%2017&sample=79225,,0,no_relab_spectrum_for_parent_or_children
2529,79226,79226,Apollo 17,rock,breccia,"Friable Microbreccia; as of this Catalog (Oct 1993), original sample remains intact; no work has been conducted.",https://www.lpi.usra.edu/lunar/samples/atlas/detail/?mission=Apollo%2017&sample=79226,,0,no_relab_spectrum_for_parent_or_children
2530,79227,79227,Apollo 17,,soil,"Clod; after separation from the soil sample, this sample disaggregated to soil-like material and was not described",https://www.lpi.usra.edu/lunar/samples/atlas/detail/?mission=Apollo%2017&sample=79227,,0,no_relab_spectrum_for_parent_or_children
2531,79228,79228,Apollo 17,,soil,"Clod; After separation from the soil sample, this sample disaggregated to soil-like material and was not described.",https://www.lpi.usra.edu/lunar/samples/atlas/detail/?mission=Apollo%2017&sample=79228,,0,no_relab_spectrum_for_parent_or_children
2532,79240,79240,Apollo 17,,soil,"79220 is part of a trench sequence (79220 depth 0-2cm, 79240 depth 2-7 cm, 79260 depth 7-17 cm) taken from the southwest flank of the Van Serg crater ejecta blanket near Station 9. The uppermost 7 cm of the trench is gray, below that is a light gray or white layer. The site has a gently southeast slope away from Van Serg crater. Fragments 2-20 cm cover 3% of the surface. Two fresh 1 meter craters are found near the trench.",https://www.lpi.usra.edu/lunar/samples/atlas/detail/?mission=Apollo%2017&sample=79240,,0,no_relab_spectrum_for_parent_or_children
2533,79241,79241,Apollo 17,,,,https://www.lpi.usra.edu/lunar/samples/atlas/detail/?mission=Apollo%2017&sample=79241,,0,no_relab_spectrum_for_parent_or_children
2534,79242,79242,Apollo 17,,,,https://www.lpi.usra.edu/lunar/samples/atlas/detail/?mission=Apollo%2017&sample=79242,,0,no_relab_spectrum_for_parent_or_children
2535,79243,79243,Apollo 17,,,,https://www.lpi.usra.edu/lunar/samples/atlas/detail/?mission=Apollo%2017&sample=79243,,0,no_relab_spectrum_for_parent_or_children
2536,79244,79244,Apollo 17,,,,https://www.lpi.usra.edu/lunar/samples/atlas/detail/?mission=Apollo%2017&sample=79244,,0,no_relab_spectrum_for_parent_or_children
2537,79245,79245,Apollo 17,rock,other,High Grade Metaclastic; The original sample remains intact at time of the Catalog (Oct 1993); no work has been conducted.,https://www.lpi.usra.edu/lunar/samples/atlas/detail/?mission=Apollo%2017&sample=79245,,0,no_relab_spectrum_for_parent_or_children
2538,79260,79260,Apollo 17,,soil,"79220 is part of a trench sequence (79220 depth 0-2cm, 79240 depth 2-7 cm, 79260 depth 7-17 cm) taken from the southwest flank of the Van Serg crater ejecta blanket near Station 9. The uppermost 7 cm of the trench is gray, below that is a light gray or white layer. The site has a gently southeast slope away from Van Serg crater. Fragments 2-20 cm cover 3% of the surface. Two fresh 1 meter craters are found near the trench.",https://www.lpi.usra.edu/lunar/samples/atlas/detail/?mission=Apollo%2017&sample=79260,,0,no_relab_spectrum_for_parent_or_children
2539,79261,79261,Apollo 17,,,,https://www.lpi.usra.edu/lunar/samples/atlas/detail/?mission=Apollo%2017&sample=79261,,0,no_relab_spectrum_for_parent_or_children
2540,79262,79262,Apollo 17,,,,https://www.lpi.usra.edu/lunar/samples/atlas/detail/?mission=Apollo%2017&sample=79262,,0,no_relab_spectrum_for_parent_or_children
2541,79263,79263,Apollo 17,,,,https://www.lpi.usra.edu/lunar/samples/atlas/detail/?mission=Apollo%2017&sample=79263,,0,no_relab_spectrum_for_parent_or_children
2542,79264,79264,Apollo 17,,,,https://www.lpi.usra.edu/lunar/samples/atlas/detail/?mission=Apollo%2017&sample=79264,,0,no_relab_spectrum_for_parent_or_children
2543,79265,79265,Apollo 17,rock,high-Ti mare basalt,High-Ti Mare Basalt,https://www.lpi.usra.edu/lunar/samples/atlas/detail/?mission=Apollo%2017&sample=79265,,0,no_relab_spectrum_for_parent_or_children
2544,79510,79510,Apollo 17,,soil,"This surface sample was collected 2 meters east of the large boulder where 79120 was collected. Both samples were taken from the southeast rim of Van Serg crater, Station 9. There is no slope at the rim crest, fragments 2-30 cm cover 10% of the surface, the largest boulder in the area is 1.5 meters. Craters are negligible on the Van Serg crater rim.",https://www.lpi.usra.edu/lunar/samples/atlas/detail/?mission=Apollo%2017&sample=79510,,0,no_relab_spectrum_for_parent_or_children
2545,79511,79511,Apollo 17,,,,https://www.lpi.usra.edu/lunar/samples/atlas/detail/?mission=Apollo%2017&sample=79511,,0,no_relab_spectrum_for_parent_or_children
2546,79512,79512,Apollo 17,,,,https://www.lpi.usra.edu/lunar/samples/atlas/detail/?mission=Apollo%2017&sample=79512,,0,no_relab_spectrum_for_parent_or_children
2547,79513,79513,Apollo 17,,,,https://www.lpi.usra.edu/lunar/samples/atlas/detail/?mission=Apollo%2017&sample=79513,,0,no_relab_spectrum_for_parent_or_children
2548,79514,79514,Apollo 17,,,,https://www.lpi.usra.edu/lunar/samples/atlas/detail/?mission=Apollo%2017&sample=79514,,0,no_relab_spectrum_for_parent_or_children
2549,79515,79515,Apollo 17,rock,high-Ti mare basalt,High-Ti Mare Basalt,https://www.lpi.usra.edu/lunar/samples/atlas/detail/?mission=Apollo%2017&sample=79515,,0,no_relab_spectrum_for_parent_or_children
2550,79516,79516,Apollo 17,rock,high-Ti mare basalt,High-Ti Mare Basalt,https://www.lpi.usra.edu/lunar/samples/atlas/detail/?mission=Apollo%2017&sample=79516,,0,no_relab_spectrum_for_parent_or_children
2551,79517,79517,Apollo 17,rock,breccia,Dark Matrix Breccia; the orignal sample remains intact as of the Catalog (Oct 1993) and no wrk has been conducted.,https://www.lpi.usra.edu/lunar/samples/atlas/detail/?mission=Apollo%2017&sample=79517,,0,no_relab_spectrum_for_parent_or_children
2552,79518,79518,Apollo 17,rock,breccia,Dark Matrix Breccia; original sample remains intact as of this Catalog (Oct 1993); no work has been conducted,https://www.lpi.usra.edu/lunar/samples/atlas/detail/?mission=Apollo%2017&sample=79518,,0,no_relab_spectrum_for_parent_or_children
2553,79519,79519,Apollo 17,rock,breccia,Dark Matrix Breccia; orignal sample remains intact as of this Catalog (Oct 1993); no work has been conducted,https://www.lpi.usra.edu/lunar/samples/atlas/detail/?mission=Apollo%2017&sample=79519,,0,no_relab_spectrum_for_parent_or_children
2554,79520,79520,Apollo 17,,,,https://www.lpi.usra.edu/lunar/samples/atlas/detail/?mission=Apollo%2017&sample=79520,,0,no_relab_spectrum_for_parent_or_children
2555,79521,79521,Apollo 17,,,,https://www.lpi.usra.edu/lunar/samples/atlas/detail/?mission=Apollo%2017&sample=79521,,0,no_relab_spectrum_for_parent_or_children
2556,79522,79522,Apollo 17,,,,https://www.lpi.usra.edu/lunar/samples/atlas/detail/?mission=Apollo%2017&sample=79522,,0,no_relab_spectrum_for_parent_or_children
2557,79523,79523,Apollo 17,,,,https://www.lpi.usra.edu/lunar/samples/atlas/detail/?mission=Apollo%2017&sample=79523,,0,no_relab_spectrum_for_parent_or_children
2558,79524,79524,Apollo 17,,,,https://www.lpi.usra.edu/lunar/samples/atlas/detail/?mission=Apollo%2017&sample=79524,,0,no_relab_spectrum_for_parent_or_children
2559,79525,79525,Apollo 17,rock,breccia,Dark Matrix Breccia; original sample remains intact as of this Catalog (Oct 1993); no work has been conducted,https://www.lpi.usra.edu/lunar/samples/atlas/detail/?mission=Apollo%2017&sample=79525,,0,no_relab_spectrum_for_parent_or_children
2560,79526,79526,Apollo 17,rock,breccia,Dark Matrix Breccia; original sample remains intack as of this Catalog (Oct 1993); no work has been conducted,https://www.lpi.usra.edu/lunar/samples/atlas/detail/?mission=Apollo%2017&sample=79526,,0,no_relab_spectrum_for_parent_or_children
2561,79527,79527,Apollo 17,rock,breccia,Dark Matrix Breccia; original sample remains intact as of this Catalog (Oct 1993); no work has been conducted,https://www.lpi.usra.edu/lunar/samples/atlas/detail/?mission=Apollo%2017&sample=79527,,0,no_relab_spectrum_for_parent_or_children
2562,79528,79528,Apollo 17,rock,breccia,Dark Matrix Breccia; original sample remains intact as of this Catalog (Oct 1993); no work has been conducted,https://www.lpi.usra.edu/lunar/samples/atlas/detail/?mission=Apollo%2017&sample=79528,,0,no_relab_spectrum_for_parent_or_children
2563,79529,79529,Apollo 17,rock,breccia,Dark Matrix Breccia; original sample remains intact as of this Catalog (Oct 1993); no work has been conducted,https://www.lpi.usra.edu/lunar/samples/atlas/detail/?mission=Apollo%2017&sample=79529,,0,no_relab_spectrum_for_parent_or_children
2564,79530,79530,Apollo 17,,,,https://www.lpi.usra.edu/lunar/samples/atlas/detail/?mission=Apollo%2017&sample=79530,,0,no_relab_spectrum_for_parent_or_children
2565,79531,79531,Apollo 17,,,,https://www.lpi.usra.edu/lunar/samples/atlas/detail/?mission=Apollo%2017&sample=79531,,0,no_relab_spectrum_for_parent_or_children
2566,79532,79532,Apollo 17,,,,https://www.lpi.usra.edu/lunar/samples/atlas/detail/?mission=Apollo%2017&sample=79532,,0,no_relab_spectrum_for_parent_or_children
2567,79533,79533,Apollo 17,,,,https://www.lpi.usra.edu/lunar/samples/atlas/detail/?mission=Apollo%2017&sample=79533,,0,no_relab_spectrum_for_parent_or_children
2568,79534,79534,Apollo 17,,,,https://www.lpi.usra.edu/lunar/samples/atlas/detail/?mission=Apollo%2017&sample=79534,,0,no_relab_spectrum_for_parent_or_children
2569,79535,79535,Apollo 17,rock,breccia,Dark Mtarix Breccia; original sample remains intact as of this Catalog (Oct 1993); no work has been conducted,https://www.lpi.usra.edu/lunar/samples/atlas/detail/?mission=Apollo%2017&sample=79535,,0,no_relab_spectrum_for_parent_or_children
2570,79536,79536,Apollo 17,rock,breccia,Dark Matrix Breccia; the original sample remains intact as of this Catalog (Oct 1993); no work has been conducted,https://www.lpi.usra.edu/lunar/samples/atlas/detail/?mission=Apollo%2017&sample=79536,,0,no_relab_spectrum_for_parent_or_children
2571,79537,79537,Apollo 17,rock,breccia,Dark Matrix Breccia; original sample remains intact as of this Catalog (Oct 1993); no work has been conducted,https://www.lpi.usra.edu/lunar/samples/atlas/detail/?mission=Apollo%2017&sample=79537,,0,no_relab_spectrum_for_parent_or_children
