candidate_parent_id,measurement_id,decision,assigned_sample_id,value_wt_percent,reference,analytical_method,sample_scope,document_id,pdf_page,table_heading,evidence_text,source_url,adjudication_reason
10068,170,accepted_parent_or_documented_fraction,10068,16.5,Goles70,,unspecified,10068__compendium__04e690555f,3,25 | Apollo soils,FeO 16.5 16.7 (a),https://www.lpi.usra.edu/lunar/samples/atlas/compendium/10068.pdf,Primary table or table column explicitly identifies this Apollo sample (or its labeled fraction).
10068,171,accepted_parent_or_documented_fraction,10068,16.7,Lindstrom99,INAA,unspecified,10068__compendium__04e690555f,3,25 | Apollo soils,FeO 16.5 16.7 (a),https://www.lpi.usra.edu/lunar/samples/atlas/compendium/10068.pdf,Primary table or table column explicitly identifies this Apollo sample (or its labeled fraction).
12001,250,rejected_parser_false_positive,,12001,,,unspecified,12001__compendium__37bc4e950a,3,,Mineralogical Mode for 12001 The maturity index (Is/FeO) for 12001 and 12003 are,https://www.lpi.usra.edu/lunar/samples/atlas/compendium/12001.pdf,Maturity/sample-number text was misread as an FeO concentration.
12001,251,rejected_parser_false_positive,,12001,,,unspecified,12001__compendium__37bc4e950a,3,,Mineralogical Mode for 12001 The maturity index (Is/FeO) for 12001 and 12003 are,https://www.lpi.usra.edu/lunar/samples/atlas/compendium/12001.pdf,Maturity/sample-number text was misread as an FeO concentration.
12001,252,rejected_parser_false_positive,,12003,,,unspecified,12001__compendium__37bc4e950a,3,,Mineralogical Mode for 12001 The maturity index (Is/FeO) for 12001 and 12003 are,https://www.lpi.usra.edu/lunar/samples/atlas/compendium/12001.pdf,Maturity/sample-number text was misread as an FeO concentration.
12001,253,accepted_parent_or_documented_fraction,12001,17.2,Papike 82,INAA,bulk_or_whole_sample,12001__compendium__37bc4e950a,5,Table 1. Chemical composition of 12001.,FeO 17.2 (a) 16.85 (a) 16.2 15.6 (d) 15.82 (c ),https://www.lpi.usra.edu/lunar/samples/atlas/compendium/12001.pdf,Primary table or table column explicitly identifies this Apollo sample (or its labeled fraction).
12001,254,accepted_parent_or_documented_fraction,12001,16.85,Wanke71,INAA,bulk_or_whole_sample,12001__compendium__37bc4e950a,5,Table 1. Chemical composition of 12001.,FeO 17.2 (a) 16.85 (a) 16.2 15.6 (d) 15.82 (c ),https://www.lpi.usra.edu/lunar/samples/atlas/compendium/12001.pdf,Primary table or table column explicitly identifies this Apollo sample (or its labeled fraction).
12001,255,accepted_parent_or_documented_fraction,12001,16.2,Frondel71,,bulk_or_whole_sample,12001__compendium__37bc4e950a,5,Table 1. Chemical composition of 12001.,FeO 17.2 (a) 16.85 (a) 16.2 15.6 (d) 15.82 (c ),https://www.lpi.usra.edu/lunar/samples/atlas/compendium/12001.pdf,Primary table or table column explicitly identifies this Apollo sample (or its labeled fraction).
12001,256,accepted_parent_or_documented_fraction,12001,15.6,Frondel71,wet,bulk_or_whole_sample,12001__compendium__37bc4e950a,5,Table 1. Chemical composition of 12001.,FeO 17.2 (a) 16.85 (a) 16.2 15.6 (d) 15.82 (c ),https://www.lpi.usra.edu/lunar/samples/atlas/compendium/12001.pdf,Primary table or table column explicitly identifies this Apollo sample (or its labeled fraction).
12001,257,accepted_parent_or_documented_fraction,12001,15.82,Kharkar71,IDMS,bulk_or_whole_sample,12001__compendium__37bc4e950a,5,Table 1. Chemical composition of 12001.,FeO 17.2 (a) 16.85 (a) 16.2 15.6 (d) 15.82 (c ),https://www.lpi.usra.edu/lunar/samples/atlas/compendium/12001.pdf,Primary table or table column explicitly identifies this Apollo sample (or its labeled fraction).
12003,250,rejected_parser_false_positive,,12001,,,unspecified,12001__compendium__37bc4e950a,3,,Mineralogical Mode for 12001 The maturity index (Is/FeO) for 12001 and 12003 are,https://www.lpi.usra.edu/lunar/samples/atlas/compendium/12001.pdf,Maturity/sample-number text was misread as an FeO concentration.
12003,251,rejected_parser_false_positive,,12001,,,unspecified,12001__compendium__37bc4e950a,3,,Mineralogical Mode for 12001 The maturity index (Is/FeO) for 12001 and 12003 are,https://www.lpi.usra.edu/lunar/samples/atlas/compendium/12001.pdf,Maturity/sample-number text was misread as an FeO concentration.
12003,252,rejected_parser_false_positive,,12003,,,unspecified,12001__compendium__37bc4e950a,3,,Mineralogical Mode for 12001 The maturity index (Is/FeO) for 12001 and 12003 are,https://www.lpi.usra.edu/lunar/samples/atlas/compendium/12001.pdf,Maturity/sample-number text was misread as an FeO concentration.
12003,253,reassigned_to_other_sample,12001,17.2,Papike 82,INAA,bulk_or_whole_sample,12001__compendium__37bc4e950a,5,Table 1. Chemical composition of 12001.,FeO 17.2 (a) 16.85 (a) 16.2 15.6 (d) 15.82 (c ),https://www.lpi.usra.edu/lunar/samples/atlas/compendium/12001.pdf,"Candidate came from a multi-sample document, but the table title/column belongs to another sample."
12003,254,reassigned_to_other_sample,12001,16.85,Wanke71,INAA,bulk_or_whole_sample,12001__compendium__37bc4e950a,5,Table 1. Chemical composition of 12001.,FeO 17.2 (a) 16.85 (a) 16.2 15.6 (d) 15.82 (c ),https://www.lpi.usra.edu/lunar/samples/atlas/compendium/12001.pdf,"Candidate came from a multi-sample document, but the table title/column belongs to another sample."
12003,255,reassigned_to_other_sample,12001,16.2,Frondel71,,bulk_or_whole_sample,12001__compendium__37bc4e950a,5,Table 1. Chemical composition of 12001.,FeO 17.2 (a) 16.85 (a) 16.2 15.6 (d) 15.82 (c ),https://www.lpi.usra.edu/lunar/samples/atlas/compendium/12001.pdf,"Candidate came from a multi-sample document, but the table title/column belongs to another sample."
12003,256,reassigned_to_other_sample,12001,15.6,Frondel71,wet,bulk_or_whole_sample,12001__compendium__37bc4e950a,5,Table 1. Chemical composition of 12001.,FeO 17.2 (a) 16.85 (a) 16.2 15.6 (d) 15.82 (c ),https://www.lpi.usra.edu/lunar/samples/atlas/compendium/12001.pdf,"Candidate came from a multi-sample document, but the table title/column belongs to another sample."
12003,257,reassigned_to_other_sample,12001,15.82,Kharkar71,IDMS,bulk_or_whole_sample,12001__compendium__37bc4e950a,5,Table 1. Chemical composition of 12001.,FeO 17.2 (a) 16.85 (a) 16.2 15.6 (d) 15.82 (c ),https://www.lpi.usra.edu/lunar/samples/atlas/compendium/12001.pdf,"Candidate came from a multi-sample document, but the table title/column belongs to another sample."
12023,332,rejected_parser_false_positive,,12023,,,unspecified,12023__compendium__64c902e985,2,,"12023 has a maturity index Is/FeO = 60 (mature), while",https://www.lpi.usra.edu/lunar/samples/atlas/compendium/12023.pdf,Maturity/sample-number text was misread as an FeO concentration.
12023,333,rejected_parser_false_positive,,12024,,,unspecified,12023__compendium__64c902e985,2,,12024 has Is/FeO = 30 (submature) (Morris 1978). The,https://www.lpi.usra.edu/lunar/samples/atlas/compendium/12023.pdf,Maturity/sample-number text was misread as an FeO concentration.
12023,334,rejected_parser_false_positive,,30,,,unspecified,12023__compendium__64c902e985,2,,12024 has Is/FeO = 30 (submature) (Morris 1978). The,https://www.lpi.usra.edu/lunar/samples/atlas/compendium/12023.pdf,Maturity/sample-number text was misread as an FeO concentration.
12023,335,rejected_parser_false_positive,,60,,,unspecified,12023__compendium__64c902e985,2,,"12023 has a maturity index Is/FeO = 60 (mature), while",https://www.lpi.usra.edu/lunar/samples/atlas/compendium/12023.pdf,Maturity/sample-number text was misread as an FeO concentration.
12023,336,rejected_parser_false_positive,,12,Survey of lunar carbon compounds.,,unspecified,12023__compendium__64c902e985,7,"References for 12023 | Abell P.I., Cadogen P.H., Eglinton G., Maxwell J.R. and",systematics of two Apollo 12 soils. Proc. 9th Lunar Planet. FeO 15.3 (a),https://www.lpi.usra.edu/lunar/samples/atlas/compendium/12023.pdf,Evidence does not assign this FeO value to the candidate parent sample.
12023,337,accepted_parent_or_documented_fraction,12023,15.3,Warren78,INAA,unspecified,12023__compendium__64c902e985,7,"References for 12023 | Abell P.I., Cadogen P.H., Eglinton G., Maxwell J.R. and",systematics of two Apollo 12 soils. Proc. 9th Lunar Planet. FeO 15.3 (a),https://www.lpi.usra.edu/lunar/samples/atlas/compendium/12023.pdf,Primary table or table column explicitly identifies this Apollo sample (or its labeled fraction).
12030,342,rejected_parser_false_positive,,12030,,,unspecified,12030__compendium__f04caf79ef,1,,The maturity index for 12030 is Is/FeO = 14 (very,https://www.lpi.usra.edu/lunar/samples/atlas/compendium/12030.pdf,Maturity/sample-number text was misread as an FeO concentration.
12030,343,rejected_parser_false_positive,,14,,,unspecified,12030__compendium__f04caf79ef,1,,The maturity index for 12030 is Is/FeO = 14 (very,https://www.lpi.usra.edu/lunar/samples/atlas/compendium/12030.pdf,Maturity/sample-number text was misread as an FeO concentration.
12030,344,rejected_parser_false_positive,,80,Frondel71,,unspecified,12030__compendium__f04caf79ef,2,200 | 180,80 FeO 14.3 (a),https://www.lpi.usra.edu/lunar/samples/atlas/compendium/12030.pdf,Evidence does not assign this FeO value to the candidate parent sample.
12030,345,accepted_parent_or_documented_fraction,12030,14.3,Frondel71,,unspecified,12030__compendium__f04caf79ef,2,200 | 180,80 FeO 14.3 (a),https://www.lpi.usra.edu/lunar/samples/atlas/compendium/12030.pdf,Primary table or table column explicitly identifies this Apollo sample (or its labeled fraction).
14149,603,rejected_parser_false_positive,,14148,,,unspecified,14149__compendium__2f7f95a291,2,,14148 from the top (Is/FeO = 70) or 14156 from the,https://www.lpi.usra.edu/lunar/samples/atlas/compendium/14149.pdf,Maturity/sample-number text was misread as an FeO concentration.
14149,604,rejected_parser_false_positive,,68,,,unspecified,14149__compendium__2f7f95a291,2,,"middle (Is/FeO = 68, Morris 1978). King et al. (1972)",https://www.lpi.usra.edu/lunar/samples/atlas/compendium/14149.pdf,Maturity/sample-number text was misread as an FeO concentration.
14149,605,rejected_parser_false_positive,,14156,,,unspecified,14149__compendium__2f7f95a291,2,,14148 from the top (Is/FeO = 70) or 14156 from the,https://www.lpi.usra.edu/lunar/samples/atlas/compendium/14149.pdf,Maturity/sample-number text was misread as an FeO concentration.
14149,606,accepted_parent_or_documented_fraction,14149,10.16,Lindstrom72,INAA,bulk_or_whole_sample,14149__compendium__2f7f95a291,7,Table 1. Chemical composition of 14149.,FeO 10.16 (a) 10 (a),https://www.lpi.usra.edu/lunar/samples/atlas/compendium/14149.pdf,Primary table or table column explicitly identifies this Apollo sample (or its labeled fraction).
14149,607,accepted_parent_or_documented_fraction,14149,10,Laul82,INAA,bulk_or_whole_sample,14149__compendium__2f7f95a291,7,Table 1. Chemical composition of 14149.,FeO 10.16 (a) 10 (a),https://www.lpi.usra.edu/lunar/samples/atlas/compendium/14149.pdf,Primary table or table column explicitly identifies this Apollo sample (or its labeled fraction).
14149,608,reassigned_to_other_sample,14148,10.3,Lindstrom72,INAA,bulk_or_whole_sample,14149__compendium__2f7f95a291,8,Table 2. Chemical composition of 14148.,FeO 10.3 (a) 12.2 (a),https://www.lpi.usra.edu/lunar/samples/atlas/compendium/14149.pdf,"Candidate came from a multi-sample document, but the table title/column belongs to another sample."
14149,609,reassigned_to_other_sample,14148,12.2,Laul82,INAA,bulk_or_whole_sample,14149__compendium__2f7f95a291,8,Table 2. Chemical composition of 14148.,FeO 10.3 (a) 12.2 (a),https://www.lpi.usra.edu/lunar/samples/atlas/compendium/14149.pdf,"Candidate came from a multi-sample document, but the table title/column belongs to another sample."
14149,610,reassigned_to_other_sample,14156,10.42,Lindstrom72,INAA,bulk_or_whole_sample,14149__compendium__2f7f95a291,9,Table 3. Chemical composition of 14156.,FeO 10.42 (a),https://www.lpi.usra.edu/lunar/samples/atlas/compendium/14149.pdf,"Candidate came from a multi-sample document, but the table title/column belongs to another sample."
14260,688,rejected_parser_false_positive,,14260,,,unspecified,14260__compendium__d945662a41,1,,14260 is mature with Is/FeO = 72 and with an average,https://www.lpi.usra.edu/lunar/samples/atlas/compendium/14260.pdf,Maturity/sample-number text was misread as an FeO concentration.
14260,689,rejected_parser_false_positive,,72,,,unspecified,14260__compendium__d945662a41,1,,14260 is mature with Is/FeO = 72 and with an average,https://www.lpi.usra.edu/lunar/samples/atlas/compendium/14260.pdf,Maturity/sample-number text was misread as an FeO concentration.
14260,690,retained_component_or_subsample_only,14260,8.52,Rhodes76,,unspecified,14260__compendium__d945662a41,2,Mineralogical Mode | Finkelman 1973,FeO 8.52 11.08 (b),https://www.lpi.usra.edu/lunar/samples/atlas/compendium/14260.pdf,"Valid FeO value, but evidence is for a component, lithology, magnetic fraction, coating/interior, or named subsample; not parent bulk FeO."
14260,691,retained_component_or_subsample_only,14260,11.08,Rhodes76,XRF,unspecified,14260__compendium__d945662a41,2,Mineralogical Mode | Finkelman 1973,FeO 8.52 11.08 (b),https://www.lpi.usra.edu/lunar/samples/atlas/compendium/14260.pdf,"Valid FeO value, but evidence is for a component, lithology, magnetic fraction, coating/interior, or named subsample; not parent bulk FeO."
15071,971,rejected_parser_false_positive,,52,,,unspecified,15071__compendium__4c43a9d6a8,1,,The maturity index (Is/FeO) is 52 for 15070 and 68 for,https://www.lpi.usra.edu/lunar/samples/atlas/compendium/15071.pdf,Maturity/sample-number text was misread as an FeO concentration.
15071,972,rejected_parser_false_positive,,15070,,,unspecified,15071__compendium__4c43a9d6a8,1,,The maturity index (Is/FeO) is 52 for 15070 and 68 for,https://www.lpi.usra.edu/lunar/samples/atlas/compendium/15071.pdf,Maturity/sample-number text was misread as an FeO concentration.
15071,973,rejected_parser_false_positive,,68,,,unspecified,15071__compendium__4c43a9d6a8,1,,The maturity index (Is/FeO) is 52 for 15070 and 68 for,https://www.lpi.usra.edu/lunar/samples/atlas/compendium/15071.pdf,Maturity/sample-number text was misread as an FeO concentration.
15071,974,accepted_parent_or_documented_fraction,15071,16.29,Duncan75,XRF,bulk_or_whole_sample,15071__compendium__4c43a9d6a8,3,Table 1. Chemical composition of 15071.,FeO 16.29 (a) 16.6 (b) 16.8 (b) 15.5 (b),https://www.lpi.usra.edu/lunar/samples/atlas/compendium/15071.pdf,Primary table or table column explicitly identifies this Apollo sample (or its labeled fraction).
15071,975,accepted_parent_or_documented_fraction,15071,16.6,Fruchter73,INAA,bulk_or_whole_sample,15071__compendium__4c43a9d6a8,3,Table 1. Chemical composition of 15071.,FeO 16.29 (a) 16.6 (b) 16.8 (b) 15.5 (b),https://www.lpi.usra.edu/lunar/samples/atlas/compendium/15071.pdf,Primary table or table column explicitly identifies this Apollo sample (or its labeled fraction).
15071,976,accepted_parent_or_documented_fraction,15071,16.8,Korotev87,INAA,bulk_or_whole_sample,15071__compendium__4c43a9d6a8,3,Table 1. Chemical composition of 15071.,FeO 16.29 (a) 16.6 (b) 16.8 (b) 15.5 (b),https://www.lpi.usra.edu/lunar/samples/atlas/compendium/15071.pdf,Primary table or table column explicitly identifies this Apollo sample (or its labeled fraction).
15071,977,accepted_parent_or_documented_fraction,15071,15.5,Chou75,INAA,bulk_or_whole_sample,15071__compendium__4c43a9d6a8,3,Table 1. Chemical composition of 15071.,FeO 16.29 (a) 16.6 (b) 16.8 (b) 15.5 (b),https://www.lpi.usra.edu/lunar/samples/atlas/compendium/15071.pdf,Primary table or table column explicitly identifies this Apollo sample (or its labeled fraction).
15071,978,reassigned_to_other_sample,15081,15.3,Wanke75,INAA (mostly),bulk_or_whole_sample,15071__compendium__4c43a9d6a8,4,Table 2. Chemical composition of 15081.,FeO 15.3 (a) 15.8 (a) 15.28 (b),https://www.lpi.usra.edu/lunar/samples/atlas/compendium/15071.pdf,"Candidate came from a multi-sample document, but the table title/column belongs to another sample."
15071,979,reassigned_to_other_sample,15081,15.8,Fruchter1973,INAA (mostly),bulk_or_whole_sample,15071__compendium__4c43a9d6a8,4,Table 2. Chemical composition of 15081.,FeO 15.3 (a) 15.8 (a) 15.28 (b),https://www.lpi.usra.edu/lunar/samples/atlas/compendium/15071.pdf,"Candidate came from a multi-sample document, but the table title/column belongs to another sample."
15071,980,reassigned_to_other_sample,15081,15.28,Duncan75,XRF,bulk_or_whole_sample,15071__compendium__4c43a9d6a8,4,Table 2. Chemical composition of 15081.,FeO 15.3 (a) 15.8 (a) 15.28 (b),https://www.lpi.usra.edu/lunar/samples/atlas/compendium/15071.pdf,"Candidate came from a multi-sample document, but the table title/column belongs to another sample."
15401,1258,rejected_parser_false_positive,,15401,,,unspecified,15401__compendium__62ee8cef7f,1,,15401 is very immature (Is/FeO = 5.6) (Morris 1978),https://www.lpi.usra.edu/lunar/samples/atlas/compendium/15401.pdf,Maturity/sample-number text was misread as an FeO concentration.
15445,1340,retained_component_or_subsample_only,15445,10,Blanchard,,unspecified,15445__compendium__72c922d60b,8,Ridley73 | unpub.,FeO 10 7.98 8.28 9.17 (d) 10.2 7.9 9.5 (e) 9.83 (f),https://www.lpi.usra.edu/lunar/samples/atlas/compendium/15445.pdf,"Valid FeO value, but evidence is for a component, lithology, magnetic fraction, coating/interior, or named subsample; not parent bulk FeO."
15445,1341,retained_component_or_subsample_only,15445,7.98,Lindstrom 88,,unspecified,15445__compendium__72c922d60b,8,Ridley73 | unpub.,FeO 10 7.98 8.28 9.17 (d) 10.2 7.9 9.5 (e) 9.83 (f),https://www.lpi.usra.edu/lunar/samples/atlas/compendium/15445.pdf,"Valid FeO value, but evidence is for a component, lithology, magnetic fraction, coating/interior, or named subsample; not parent bulk FeO."
15445,1342,retained_component_or_subsample_only,15445,8.28,Lindstrom 88,,unspecified,15445__compendium__72c922d60b,8,Ridley73 | unpub.,FeO 10 7.98 8.28 9.17 (d) 10.2 7.9 9.5 (e) 9.83 (f),https://www.lpi.usra.edu/lunar/samples/atlas/compendium/15445.pdf,"Valid FeO value, but evidence is for a component, lithology, magnetic fraction, coating/interior, or named subsample; not parent bulk FeO."
15445,1343,retained_component_or_subsample_only,15445,9.17,Lindstrom 88,INAA,unspecified,15445__compendium__72c922d60b,8,Ridley73 | unpub.,FeO 10 7.98 8.28 9.17 (d) 10.2 7.9 9.5 (e) 9.83 (f),https://www.lpi.usra.edu/lunar/samples/atlas/compendium/15445.pdf,"Valid FeO value, but evidence is for a component, lithology, magnetic fraction, coating/interior, or named subsample; not parent bulk FeO."
15445,1344,retained_component_or_subsample_only,15445,10.2,Wiesmann75,,unspecified,15445__compendium__72c922d60b,8,Ridley73 | unpub.,FeO 10 7.98 8.28 9.17 (d) 10.2 7.9 9.5 (e) 9.83 (f),https://www.lpi.usra.edu/lunar/samples/atlas/compendium/15445.pdf,"Valid FeO value, but evidence is for a component, lithology, magnetic fraction, coating/interior, or named subsample; not parent bulk FeO."
15445,1345,retained_component_or_subsample_only,15445,7.9,Ryder &,,unspecified,15445__compendium__72c922d60b,8,Ridley73 | unpub.,FeO 10 7.98 8.28 9.17 (d) 10.2 7.9 9.5 (e) 9.83 (f),https://www.lpi.usra.edu/lunar/samples/atlas/compendium/15445.pdf,"Valid FeO value, but evidence is for a component, lithology, magnetic fraction, coating/interior, or named subsample; not parent bulk FeO."
15445,1346,retained_component_or_subsample_only,15445,9.5,Bower 77,broad beam e. probe,unspecified,15445__compendium__72c922d60b,8,Ridley73 | unpub.,FeO 10 7.98 8.28 9.17 (d) 10.2 7.9 9.5 (e) 9.83 (f),https://www.lpi.usra.edu/lunar/samples/atlas/compendium/15445.pdf,"Valid FeO value, but evidence is for a component, lithology, magnetic fraction, coating/interior, or named subsample; not parent bulk FeO."
15445,1347,retained_component_or_subsample_only,15445,9.83,Bower 77,XRF?,unspecified,15445__compendium__72c922d60b,8,Ridley73 | unpub.,FeO 10 7.98 8.28 9.17 (d) 10.2 7.9 9.5 (e) 9.83 (f),https://www.lpi.usra.edu/lunar/samples/atlas/compendium/15445.pdf,"Valid FeO value, but evidence is for a component, lithology, magnetic fraction, coating/interior, or named subsample; not parent bulk FeO."
15445,1348,retained_component_or_subsample_only,15445,3.9,Blanchard,,unspecified,15445__compendium__72c922d60b,9,Ridley73 | clast,FeO 3.9 3.8 0.53 2.3 (c ) 6.4,https://www.lpi.usra.edu/lunar/samples/atlas/compendium/15445.pdf,"Valid FeO value, but evidence is for a component, lithology, magnetic fraction, coating/interior, or named subsample; not parent bulk FeO."
15445,1349,retained_component_or_subsample_only,15445,3.8,Hubbard 74,,unspecified,15445__compendium__72c922d60b,9,Ridley73 | clast,FeO 3.9 3.8 0.53 2.3 (c ) 6.4,https://www.lpi.usra.edu/lunar/samples/atlas/compendium/15445.pdf,"Valid FeO value, but evidence is for a component, lithology, magnetic fraction, coating/interior, or named subsample; not parent bulk FeO."
15445,1350,retained_component_or_subsample_only,15445,0.53,Blanchard,,unspecified,15445__compendium__72c922d60b,9,Ridley73 | clast,FeO 3.9 3.8 0.53 2.3 (c ) 6.4,https://www.lpi.usra.edu/lunar/samples/atlas/compendium/15445.pdf,"Valid FeO value, but evidence is for a component, lithology, magnetic fraction, coating/interior, or named subsample; not parent bulk FeO."
15445,1351,retained_component_or_subsample_only,15445,2.3,Warren 78,fuzed bead,unspecified,15445__compendium__72c922d60b,9,Ridley73 | clast,FeO 3.9 3.8 0.53 2.3 (c ) 6.4,https://www.lpi.usra.edu/lunar/samples/atlas/compendium/15445.pdf,"Valid FeO value, but evidence is for a component, lithology, magnetic fraction, coating/interior, or named subsample; not parent bulk FeO."
15445,1352,retained_component_or_subsample_only,15445,6.4,Blanchard,,unspecified,15445__compendium__72c922d60b,9,Ridley73 | clast,FeO 3.9 3.8 0.53 2.3 (c ) 6.4,https://www.lpi.usra.edu/lunar/samples/atlas/compendium/15445.pdf,"Valid FeO value, but evidence is for a component, lithology, magnetic fraction, coating/interior, or named subsample; not parent bulk FeO."
15455,1363,retained_component_or_subsample_only,15455,8.79,Taylor 73,ssms,unspecified,15455__compendium__ee06f606d1,8,black | dark ves dark mx,FeO 8.79 (f) 9.53 9.79 9.66 (a),https://www.lpi.usra.edu/lunar/samples/atlas/compendium/15455.pdf,"Valid FeO value, but evidence is for a component, lithology, magnetic fraction, coating/interior, or named subsample; not parent bulk FeO."
15455,1364,retained_component_or_subsample_only,15455,9.53,Lindstrom 1988,,unspecified,15455__compendium__ee06f606d1,8,black | dark ves dark mx,FeO 8.79 (f) 9.53 9.79 9.66 (a),https://www.lpi.usra.edu/lunar/samples/atlas/compendium/15455.pdf,"Valid FeO value, but evidence is for a component, lithology, magnetic fraction, coating/interior, or named subsample; not parent bulk FeO."
15455,1365,retained_component_or_subsample_only,15455,9.79,Lindstrom 1988,,unspecified,15455__compendium__ee06f606d1,8,black | dark ves dark mx,FeO 8.79 (f) 9.53 9.79 9.66 (a),https://www.lpi.usra.edu/lunar/samples/atlas/compendium/15455.pdf,"Valid FeO value, but evidence is for a component, lithology, magnetic fraction, coating/interior, or named subsample; not parent bulk FeO."
15455,1366,retained_component_or_subsample_only,15455,9.66,Lindstrom 1988,INAA,unspecified,15455__compendium__ee06f606d1,8,black | dark ves dark mx,FeO 8.79 (f) 9.53 9.79 9.66 (a),https://www.lpi.usra.edu/lunar/samples/atlas/compendium/15455.pdf,"Valid FeO value, but evidence is for a component, lithology, magnetic fraction, coating/interior, or named subsample; not parent bulk FeO."
15455,1367,retained_component_or_subsample_only,15455,4.2,Taylor73,SSMS,unspecified,15455__compendium__ee06f606d1,9,gabbro | white,FeO 4.2 (f) 2.91 (b),https://www.lpi.usra.edu/lunar/samples/atlas/compendium/15455.pdf,"Valid FeO value, but evidence is for a component, lithology, magnetic fraction, coating/interior, or named subsample; not parent bulk FeO."
15455,1368,retained_component_or_subsample_only,15455,2.91,Warren 80,fused bead,unspecified,15455__compendium__ee06f606d1,9,gabbro | white,FeO 4.2 (f) 2.91 (b),https://www.lpi.usra.edu/lunar/samples/atlas/compendium/15455.pdf,"Valid FeO value, but evidence is for a component, lithology, magnetic fraction, coating/interior, or named subsample; not parent bulk FeO."
15455,1369,retained_component_or_subsample_only,15455,5.79,Warren 79,fused bead,unspecified,15455__compendium__ee06f606d1,10,CTA | CTA,FeO 5.79 (b),https://www.lpi.usra.edu/lunar/samples/atlas/compendium/15455.pdf,"Valid FeO value, but evidence is for a component, lithology, magnetic fraction, coating/interior, or named subsample; not parent bulk FeO."
15531,1458,rejected_parser_false_positive,,15501,,,unspecified,15501__compendium__f961ba570d,1,,15501 15531 maturity (Is/FeO),https://www.lpi.usra.edu/lunar/samples/atlas/compendium/15501.pdf,Maturity/sample-number text was misread as an FeO concentration.
15531,1459,rejected_parser_false_positive,,15531,,,unspecified,15501__compendium__f961ba570d,1,,15501 15531 maturity (Is/FeO),https://www.lpi.usra.edu/lunar/samples/atlas/compendium/15501.pdf,Maturity/sample-number text was misread as an FeO concentration.
15531,1460,rejected_parser_false_positive,,25.6,,,unspecified,15501__compendium__f961ba570d,1,,Agglutinates 56.9% 25.6 The maturity index (Is/FeO) of 15501 is 51,https://www.lpi.usra.edu/lunar/samples/atlas/compendium/15501.pdf,Maturity/sample-number text was misread as an FeO concentration.
15531,1461,rejected_parser_false_positive,,15501,,,unspecified,15501__compendium__f961ba570d,1,,Agglutinates 56.9% 25.6 The maturity index (Is/FeO) of 15501 is 51,https://www.lpi.usra.edu/lunar/samples/atlas/compendium/15501.pdf,Maturity/sample-number text was misread as an FeO concentration.
15531,1462,rejected_parser_false_positive,,51,,,unspecified,15501__compendium__f961ba570d,1,,Agglutinates 56.9% 25.6 The maturity index (Is/FeO) of 15501 is 51,https://www.lpi.usra.edu/lunar/samples/atlas/compendium/15501.pdf,Maturity/sample-number text was misread as an FeO concentration.
15531,1463,reassigned_to_other_sample,15501,16.72,LSPET72,XRF,bulk_or_whole_sample,15501__compendium__f961ba570d,3,Table 1. Chemical composition of 15501.,FeO 16.72 (a) 16.5 (b) 16.7 (b) 16.61 (a) 16.8 (b),https://www.lpi.usra.edu/lunar/samples/atlas/compendium/15501.pdf,"Candidate came from a multi-sample document, but the table title/column belongs to another sample."
15531,1464,reassigned_to_other_sample,15501,16.5,Laul72,INAA,bulk_or_whole_sample,15501__compendium__f961ba570d,3,Table 1. Chemical composition of 15501.,FeO 16.72 (a) 16.5 (b) 16.7 (b) 16.61 (a) 16.8 (b),https://www.lpi.usra.edu/lunar/samples/atlas/compendium/15501.pdf,"Candidate came from a multi-sample document, but the table title/column belongs to another sample."
15531,1465,reassigned_to_other_sample,15501,16.7,Chou74,INAA,bulk_or_whole_sample,15501__compendium__f961ba570d,3,Table 1. Chemical composition of 15501.,FeO 16.72 (a) 16.5 (b) 16.7 (b) 16.61 (a) 16.8 (b),https://www.lpi.usra.edu/lunar/samples/atlas/compendium/15501.pdf,"Candidate came from a multi-sample document, but the table title/column belongs to another sample."
15531,1466,reassigned_to_other_sample,15501,16.61,Duncan75,XRF,bulk_or_whole_sample,15501__compendium__f961ba570d,3,Table 1. Chemical composition of 15501.,FeO 16.72 (a) 16.5 (b) 16.7 (b) 16.61 (a) 16.8 (b),https://www.lpi.usra.edu/lunar/samples/atlas/compendium/15501.pdf,"Candidate came from a multi-sample document, but the table title/column belongs to another sample."
15531,1467,reassigned_to_other_sample,15501,16.8,Korotev87,INAA,bulk_or_whole_sample,15501__compendium__f961ba570d,3,Table 1. Chemical composition of 15501.,FeO 16.72 (a) 16.5 (b) 16.7 (b) 16.61 (a) 16.8 (b),https://www.lpi.usra.edu/lunar/samples/atlas/compendium/15501.pdf,"Candidate came from a multi-sample document, but the table title/column belongs to another sample."
15531,1468,reassigned_to_other_sample,15511,17.4,Laul 73,INAA,bulk_or_whole_sample,15501__compendium__f961ba570d,4,Table 2. Chemical composition of 15511,FeO 17.4 (a) 15.8 (a) 16.79 (c ) 16.9 (a),https://www.lpi.usra.edu/lunar/samples/atlas/compendium/15501.pdf,"Candidate came from a multi-sample document, but the table title/column belongs to another sample."
15531,1469,reassigned_to_other_sample,15511,15.8,Chou74,INAA,bulk_or_whole_sample,15501__compendium__f961ba570d,4,Table 2. Chemical composition of 15511,FeO 17.4 (a) 15.8 (a) 16.79 (c ) 16.9 (a),https://www.lpi.usra.edu/lunar/samples/atlas/compendium/15501.pdf,"Candidate came from a multi-sample document, but the table title/column belongs to another sample."
15531,1470,reassigned_to_other_sample,15511,16.79,Duncan75,XRF,bulk_or_whole_sample,15501__compendium__f961ba570d,4,Table 2. Chemical composition of 15511,FeO 17.4 (a) 15.8 (a) 16.79 (c ) 16.9 (a),https://www.lpi.usra.edu/lunar/samples/atlas/compendium/15501.pdf,"Candidate came from a multi-sample document, but the table title/column belongs to another sample."
15531,1471,reassigned_to_other_sample,15511,16.9,Korotev87,INAA,bulk_or_whole_sample,15501__compendium__f961ba570d,4,Table 2. Chemical composition of 15511,FeO 17.4 (a) 15.8 (a) 16.79 (c ) 16.9 (a),https://www.lpi.usra.edu/lunar/samples/atlas/compendium/15501.pdf,"Candidate came from a multi-sample document, but the table title/column belongs to another sample."
15531,1472,accepted_parent_or_documented_fraction,15531,19.5,Laul 72,INAA,bulk_or_whole_sample,15501__compendium__f961ba570d,5,Table 3. Chemical composition of 15531.,FeO 19.5 (a) 20.9 (a) 20.7 (a) 20.7 (a),https://www.lpi.usra.edu/lunar/samples/atlas/compendium/15501.pdf,Primary table or table column explicitly identifies this Apollo sample (or its labeled fraction).
15531,1473,accepted_parent_or_documented_fraction,15531,20.9,Korotov87,INAA,bulk_or_whole_sample,15501__compendium__f961ba570d,5,Table 3. Chemical composition of 15531.,FeO 19.5 (a) 20.9 (a) 20.7 (a) 20.7 (a),https://www.lpi.usra.edu/lunar/samples/atlas/compendium/15501.pdf,Primary table or table column explicitly identifies this Apollo sample (or its labeled fraction).
15531,1474,accepted_parent_or_documented_fraction,15531,20.7,Fruchter73,INAA,bulk_or_whole_sample,15501__compendium__f961ba570d,5,Table 3. Chemical composition of 15531.,FeO 19.5 (a) 20.9 (a) 20.7 (a) 20.7 (a),https://www.lpi.usra.edu/lunar/samples/atlas/compendium/15501.pdf,Primary table or table column explicitly identifies this Apollo sample (or its labeled fraction).
15531,1475,accepted_parent_or_documented_fraction,15531,20.7,Wanke73,INAA,bulk_or_whole_sample,15501__compendium__f961ba570d,5,Table 3. Chemical composition of 15531.,FeO 19.5 (a) 20.9 (a) 20.7 (a) 20.7 (a),https://www.lpi.usra.edu/lunar/samples/atlas/compendium/15501.pdf,Primary table or table column explicitly identifies this Apollo sample (or its labeled fraction).
60025,1763,retained_component_or_subsample_only,60025,0.18,,,unspecified,60025__compendium__e6a8f43f53,5,,FeO 0.18 0.145 0.145 0.19 0.15 0.19 0.17 0.23,https://www.lpi.usra.edu/lunar/samples/atlas/compendium/60025.pdf,"Valid FeO value, but evidence is for a component, lithology, magnetic fraction, coating/interior, or named subsample; not parent bulk FeO."
60025,1764,retained_component_or_subsample_only,60025,0.145,,,unspecified,60025__compendium__e6a8f43f53,5,,FeO 0.18 0.145 0.145 0.19 0.15 0.19 0.17 0.23,https://www.lpi.usra.edu/lunar/samples/atlas/compendium/60025.pdf,"Valid FeO value, but evidence is for a component, lithology, magnetic fraction, coating/interior, or named subsample; not parent bulk FeO."
60025,1765,retained_component_or_subsample_only,60025,0.145,,,unspecified,60025__compendium__e6a8f43f53,5,,FeO 0.18 0.145 0.145 0.19 0.15 0.19 0.17 0.23,https://www.lpi.usra.edu/lunar/samples/atlas/compendium/60025.pdf,"Valid FeO value, but evidence is for a component, lithology, magnetic fraction, coating/interior, or named subsample; not parent bulk FeO."
60025,1766,retained_component_or_subsample_only,60025,0.19,,,unspecified,60025__compendium__e6a8f43f53,5,,FeO 0.18 0.145 0.145 0.19 0.15 0.19 0.17 0.23,https://www.lpi.usra.edu/lunar/samples/atlas/compendium/60025.pdf,"Valid FeO value, but evidence is for a component, lithology, magnetic fraction, coating/interior, or named subsample; not parent bulk FeO."
60025,1767,retained_component_or_subsample_only,60025,0.15,,,unspecified,60025__compendium__e6a8f43f53,5,,FeO 0.18 0.145 0.145 0.19 0.15 0.19 0.17 0.23,https://www.lpi.usra.edu/lunar/samples/atlas/compendium/60025.pdf,"Valid FeO value, but evidence is for a component, lithology, magnetic fraction, coating/interior, or named subsample; not parent bulk FeO."
60025,1768,retained_component_or_subsample_only,60025,0.19,,,unspecified,60025__compendium__e6a8f43f53,5,,FeO 0.18 0.145 0.145 0.19 0.15 0.19 0.17 0.23,https://www.lpi.usra.edu/lunar/samples/atlas/compendium/60025.pdf,"Valid FeO value, but evidence is for a component, lithology, magnetic fraction, coating/interior, or named subsample; not parent bulk FeO."
60025,1769,retained_component_or_subsample_only,60025,0.17,,,unspecified,60025__compendium__e6a8f43f53,5,,FeO 0.18 0.145 0.145 0.19 0.15 0.19 0.17 0.23,https://www.lpi.usra.edu/lunar/samples/atlas/compendium/60025.pdf,"Valid FeO value, but evidence is for a component, lithology, magnetic fraction, coating/interior, or named subsample; not parent bulk FeO."
60025,1770,retained_component_or_subsample_only,60025,0.23,,,unspecified,60025__compendium__e6a8f43f53,5,,FeO 0.18 0.145 0.145 0.19 0.15 0.19 0.17 0.23,https://www.lpi.usra.edu/lunar/samples/atlas/compendium/60025.pdf,"Valid FeO value, but evidence is for a component, lithology, magnetic fraction, coating/interior, or named subsample; not parent bulk FeO."
60025,1771,accepted_parent_or_documented_fraction,60025,0.67,Rose 73,,bulk_or_whole_sample,60025__compendium__e6a8f43f53,7,Table 1a. Chemical composition of 60025. | Ehmann 75,FeO 0.67 (b) 0.495 (c ) 0.35 (c ) 0.31 1.3,https://www.lpi.usra.edu/lunar/samples/atlas/compendium/60025.pdf,Primary table or table column explicitly identifies this Apollo sample (or its labeled fraction).
60025,1772,accepted_parent_or_documented_fraction,60025,0.495,Haskin 73,,bulk_or_whole_sample,60025__compendium__e6a8f43f53,7,Table 1a. Chemical composition of 60025. | Ehmann 75,FeO 0.67 (b) 0.495 (c ) 0.35 (c ) 0.31 1.3,https://www.lpi.usra.edu/lunar/samples/atlas/compendium/60025.pdf,Primary table or table column explicitly identifies this Apollo sample (or its labeled fraction).
60025,1773,accepted_parent_or_documented_fraction,60025,0.35,Laul 73,,bulk_or_whole_sample,60025__compendium__e6a8f43f53,7,Table 1a. Chemical composition of 60025. | Ehmann 75,FeO 0.67 (b) 0.495 (c ) 0.35 (c ) 0.31 1.3,https://www.lpi.usra.edu/lunar/samples/atlas/compendium/60025.pdf,Primary table or table column explicitly identifies this Apollo sample (or its labeled fraction).
60025,1774,accepted_parent_or_documented_fraction,60025,0.31,Nakamura 73,,bulk_or_whole_sample,60025__compendium__e6a8f43f53,7,Table 1a. Chemical composition of 60025. | Ehmann 75,FeO 0.67 (b) 0.495 (c ) 0.35 (c ) 0.31 1.3,https://www.lpi.usra.edu/lunar/samples/atlas/compendium/60025.pdf,Primary table or table column explicitly identifies this Apollo sample (or its labeled fraction).
60025,1775,accepted_parent_or_documented_fraction,60025,1.3,Janghorbani 73,,bulk_or_whole_sample,60025__compendium__e6a8f43f53,7,Table 1a. Chemical composition of 60025. | Ehmann 75,FeO 0.67 (b) 0.495 (c ) 0.35 (c ) 0.31 1.3,https://www.lpi.usra.edu/lunar/samples/atlas/compendium/60025.pdf,Primary table or table column explicitly identifies this Apollo sample (or its labeled fraction).
60035,1786,retained_component_or_subsample_only,60035,5.19,Morris 86,,unspecified,60035__compendium__5f175248eb,4,interior | interior,FeO 5.19 (b) 5.1 (b) 4.9 4 4.3 (a),https://www.lpi.usra.edu/lunar/samples/atlas/compendium/60035.pdf,"Valid FeO value, but evidence is for a component, lithology, magnetic fraction, coating/interior, or named subsample; not parent bulk FeO."
60035,1787,retained_component_or_subsample_only,60035,5.1,Warner 80 Ma 82 abs Ma 82 Ma 82,,unspecified,60035__compendium__5f175248eb,4,interior | interior,FeO 5.19 (b) 5.1 (b) 4.9 4 4.3 (a),https://www.lpi.usra.edu/lunar/samples/atlas/compendium/60035.pdf,"Valid FeO value, but evidence is for a component, lithology, magnetic fraction, coating/interior, or named subsample; not parent bulk FeO."
60035,1788,retained_component_or_subsample_only,60035,4.9,Warner 80 Ma 82 abs Ma 82 Ma 82,,unspecified,60035__compendium__5f175248eb,4,interior | interior,FeO 5.19 (b) 5.1 (b) 4.9 4 4.3 (a),https://www.lpi.usra.edu/lunar/samples/atlas/compendium/60035.pdf,"Valid FeO value, but evidence is for a component, lithology, magnetic fraction, coating/interior, or named subsample; not parent bulk FeO."
60035,1789,retained_component_or_subsample_only,60035,4,Warner 80 Ma 82 abs Ma 82 Ma 82,,unspecified,60035__compendium__5f175248eb,4,interior | interior,FeO 5.19 (b) 5.1 (b) 4.9 4 4.3 (a),https://www.lpi.usra.edu/lunar/samples/atlas/compendium/60035.pdf,"Valid FeO value, but evidence is for a component, lithology, magnetic fraction, coating/interior, or named subsample; not parent bulk FeO."
60035,1790,retained_component_or_subsample_only,60035,4.3,Warner 80 Ma 82 abs Ma 82 Ma 82,,unspecified,60035__compendium__5f175248eb,4,interior | interior,FeO 5.19 (b) 5.1 (b) 4.9 4 4.3 (a),https://www.lpi.usra.edu/lunar/samples/atlas/compendium/60035.pdf,"Valid FeO value, but evidence is for a component, lithology, magnetic fraction, coating/interior, or named subsample; not parent bulk FeO."
60055,1797,accepted_parent_or_documented_fraction,60055,0.33,Warren78,,unspecified,60055__compendium__36f5c359c8,3,60055 | 60056,FeO 0.33 1.7 (a),https://www.lpi.usra.edu/lunar/samples/atlas/compendium/60055.pdf,Primary table or table column explicitly identifies this Apollo sample (or its labeled fraction).
60055,1798,reassigned_to_other_sample,60056,1.7,Warren83,INAA,unspecified,60055__compendium__36f5c359c8,3,60055 | 60056,FeO 0.33 1.7 (a),https://www.lpi.usra.edu/lunar/samples/atlas/compendium/60055.pdf,"Candidate came from a multi-sample document, but the table title/column belongs to another sample."
61016,1941,retained_component_or_subsample_only,61016,5.1,Ryder 80,average value,unspecified,61016__compendium__49894d7fd5,8,Wiesmann 75 | matrix,FeO 5.1 (e) 5.31 5.4 5.16 (e) 4.97 5 (a),https://www.lpi.usra.edu/lunar/samples/atlas/compendium/61016.pdf,"Valid FeO value, but evidence is for a component, lithology, magnetic fraction, coating/interior, or named subsample; not parent bulk FeO."
61016,1942,retained_component_or_subsample_only,61016,5.31,Taylor 73,,unspecified,61016__compendium__49894d7fd5,8,Wiesmann 75 | matrix,FeO 5.1 (e) 5.31 5.4 5.16 (e) 4.97 5 (a),https://www.lpi.usra.edu/lunar/samples/atlas/compendium/61016.pdf,"Valid FeO value, but evidence is for a component, lithology, magnetic fraction, coating/interior, or named subsample; not parent bulk FeO."
61016,1943,retained_component_or_subsample_only,61016,5.4,Hubbard 73,,unspecified,61016__compendium__49894d7fd5,8,Wiesmann 75 | matrix,FeO 5.1 (e) 5.31 5.4 5.16 (e) 4.97 5 (a),https://www.lpi.usra.edu/lunar/samples/atlas/compendium/61016.pdf,"Valid FeO value, but evidence is for a component, lithology, magnetic fraction, coating/interior, or named subsample; not parent bulk FeO."
61016,1944,retained_component_or_subsample_only,61016,5.16,Wanke 74,average value,unspecified,61016__compendium__49894d7fd5,8,Wiesmann 75 | matrix,FeO 5.1 (e) 5.31 5.4 5.16 (e) 4.97 5 (a),https://www.lpi.usra.edu/lunar/samples/atlas/compendium/61016.pdf,"Valid FeO value, but evidence is for a component, lithology, magnetic fraction, coating/interior, or named subsample; not parent bulk FeO."
61016,1945,retained_component_or_subsample_only,61016,4.97,Rose 73,,unspecified,61016__compendium__49894d7fd5,8,Wiesmann 75 | matrix,FeO 5.1 (e) 5.31 5.4 5.16 (e) 4.97 5 (a),https://www.lpi.usra.edu/lunar/samples/atlas/compendium/61016.pdf,"Valid FeO value, but evidence is for a component, lithology, magnetic fraction, coating/interior, or named subsample; not parent bulk FeO."
61016,1946,retained_component_or_subsample_only,61016,5,Laul 73,INAA,unspecified,61016__compendium__49894d7fd5,8,Wiesmann 75 | matrix,FeO 5.1 (e) 5.31 5.4 5.16 (e) 4.97 5 (a),https://www.lpi.usra.edu/lunar/samples/atlas/compendium/61016.pdf,"Valid FeO value, but evidence is for a component, lithology, magnetic fraction, coating/interior, or named subsample; not parent bulk FeO."
61016,1947,retained_component_or_subsample_only,61016,5.11,Nakamura 73,,bulk_or_whole_sample,61016__compendium__49894d7fd5,9,Table 1b. Chemical composition of 61016 (melt rock).,FeO 5.11 4.82 (a) 4.63 4.5 (c ),https://www.lpi.usra.edu/lunar/samples/atlas/compendium/61016.pdf,"Valid FeO value, but evidence is for a component, lithology, magnetic fraction, coating/interior, or named subsample; not parent bulk FeO."
61016,1948,retained_component_or_subsample_only,61016,4.82,Garg 76,INAA,bulk_or_whole_sample,61016__compendium__49894d7fd5,9,Table 1b. Chemical composition of 61016 (melt rock).,FeO 5.11 4.82 (a) 4.63 4.5 (c ),https://www.lpi.usra.edu/lunar/samples/atlas/compendium/61016.pdf,"Valid FeO value, but evidence is for a component, lithology, magnetic fraction, coating/interior, or named subsample; not parent bulk FeO."
61016,1949,retained_component_or_subsample_only,61016,4.63,Brunfelt 73,,bulk_or_whole_sample,61016__compendium__49894d7fd5,9,Table 1b. Chemical composition of 61016 (melt rock).,FeO 5.11 4.82 (a) 4.63 4.5 (c ),https://www.lpi.usra.edu/lunar/samples/atlas/compendium/61016.pdf,"Valid FeO value, but evidence is for a component, lithology, magnetic fraction, coating/interior, or named subsample; not parent bulk FeO."
61016,1950,retained_component_or_subsample_only,61016,4.5,Juan 74,AAS and coloremetric,bulk_or_whole_sample,61016__compendium__49894d7fd5,9,Table 1b. Chemical composition of 61016 (melt rock).,FeO 5.11 4.82 (a) 4.63 4.5 (c ),https://www.lpi.usra.edu/lunar/samples/atlas/compendium/61016.pdf,"Valid FeO value, but evidence is for a component, lithology, magnetic fraction, coating/interior, or named subsample; not parent bulk FeO."
61016,1951,retained_component_or_subsample_only,61016,1.4,LSPET 73,,bulk_or_whole_sample,61016__compendium__49894d7fd5,10,Table 2a. Chemical composition of 61016 (anorthosite?). | Wiesmann 75,FeO 1.4 (a) 0.3 0.26 (c ),https://www.lpi.usra.edu/lunar/samples/atlas/compendium/61016.pdf,"Valid FeO value, but evidence is for a component, lithology, magnetic fraction, coating/interior, or named subsample; not parent bulk FeO."
61016,1952,retained_component_or_subsample_only,61016,0.3,Ryder 80,,bulk_or_whole_sample,61016__compendium__49894d7fd5,10,Table 2a. Chemical composition of 61016 (anorthosite?). | Wiesmann 75,FeO 1.4 (a) 0.3 0.26 (c ),https://www.lpi.usra.edu/lunar/samples/atlas/compendium/61016.pdf,"Valid FeO value, but evidence is for a component, lithology, magnetic fraction, coating/interior, or named subsample; not parent bulk FeO."
61016,1953,retained_component_or_subsample_only,61016,0.26,Fruchter 74,,bulk_or_whole_sample,61016__compendium__49894d7fd5,10,Table 2a. Chemical composition of 61016 (anorthosite?). | Wiesmann 75,FeO 1.4 (a) 0.3 0.26 (c ),https://www.lpi.usra.edu/lunar/samples/atlas/compendium/61016.pdf,"Valid FeO value, but evidence is for a component, lithology, magnetic fraction, coating/interior, or named subsample; not parent bulk FeO."
62281,2075,rejected_parser_false_positive,,62281,,,unspecified,62281__compendium__b6dd654678,1,,The maturity index for 62281 is high Is/FeO = 76,https://www.lpi.usra.edu/lunar/samples/atlas/compendium/62281.pdf,Maturity/sample-number text was misread as an FeO concentration.
62281,2076,rejected_parser_false_positive,,76,,,unspecified,62281__compendium__b6dd654678,1,,The maturity index for 62281 is high Is/FeO = 76,https://www.lpi.usra.edu/lunar/samples/atlas/compendium/62281.pdf,Maturity/sample-number text was misread as an FeO concentration.
62281,2077,accepted_parent_or_documented_fraction,62281,5.5,Laul73,,bulk_or_whole_sample,62281__compendium__b6dd654678,3,Table 1. Chemical composition of 62281. | ave. st. 2,FeO 5.5 5.5 (b) 5.25 (b) 5.5,https://www.lpi.usra.edu/lunar/samples/atlas/compendium/62281.pdf,Primary table or table column explicitly identifies this Apollo sample (or its labeled fraction).
62281,2078,accepted_parent_or_documented_fraction,62281,5.5,Laul73,,bulk_or_whole_sample,62281__compendium__b6dd654678,3,Table 1. Chemical composition of 62281. | ave. st. 2,FeO 5.5 5.5 (b) 5.25 (b) 5.5,https://www.lpi.usra.edu/lunar/samples/atlas/compendium/62281.pdf,Primary table or table column explicitly identifies this Apollo sample (or its labeled fraction).
62281,2079,accepted_parent_or_documented_fraction,62281,5.25,Boynton76,,bulk_or_whole_sample,62281__compendium__b6dd654678,3,Table 1. Chemical composition of 62281. | ave. st. 2,FeO 5.5 5.5 (b) 5.25 (b) 5.5,https://www.lpi.usra.edu/lunar/samples/atlas/compendium/62281.pdf,Primary table or table column explicitly identifies this Apollo sample (or its labeled fraction).
62281,2080,accepted_parent_or_documented_fraction,62281,5.5,Korotev81,,bulk_or_whole_sample,62281__compendium__b6dd654678,3,Table 1. Chemical composition of 62281. | ave. st. 2,FeO 5.5 5.5 (b) 5.25 (b) 5.5,https://www.lpi.usra.edu/lunar/samples/atlas/compendium/62281.pdf,Primary table or table column explicitly identifies this Apollo sample (or its labeled fraction).
64801,2255,rejected_parser_false_positive,,71,,,unspecified,64801__compendium__edfc0653df,2,,The maturity index Is/FeO = 71 for 64801 and 54 for,https://www.lpi.usra.edu/lunar/samples/atlas/compendium/64801.pdf,Maturity/sample-number text was misread as an FeO concentration.
64801,2256,rejected_parser_false_positive,,64801,,,unspecified,64801__compendium__edfc0653df,2,,The maturity index Is/FeO = 71 for 64801 and 54 for,https://www.lpi.usra.edu/lunar/samples/atlas/compendium/64801.pdf,Maturity/sample-number text was misread as an FeO concentration.
64801,2257,rejected_parser_false_positive,,54,,,unspecified,64801__compendium__edfc0653df,2,,The maturity index Is/FeO = 71 for 64801 and 54 for,https://www.lpi.usra.edu/lunar/samples/atlas/compendium/64801.pdf,Maturity/sample-number text was misread as an FeO concentration.
64801,2258,accepted_parent_or_documented_fraction,64801,5.36,Hubbard73,,bulk_or_whole_sample,64801__compendium__edfc0653df,4,Table 1. Chemical composition of 64801. | ave. st. 4,FeO 5.36 (e) 5.16 (e) 5.59 5.01 (b) 5.17 (a) 4.6,https://www.lpi.usra.edu/lunar/samples/atlas/compendium/64801.pdf,Primary table or table column explicitly identifies this Apollo sample (or its labeled fraction).
64801,2259,accepted_parent_or_documented_fraction,64801,5.16,Compston73,,bulk_or_whole_sample,64801__compendium__edfc0653df,4,Table 1. Chemical composition of 64801. | ave. st. 4,FeO 5.36 (e) 5.16 (e) 5.59 5.01 (b) 5.17 (a) 4.6,https://www.lpi.usra.edu/lunar/samples/atlas/compendium/64801.pdf,Primary table or table column explicitly identifies this Apollo sample (or its labeled fraction).
64801,2260,accepted_parent_or_documented_fraction,64801,5.59,Simkin73,,bulk_or_whole_sample,64801__compendium__edfc0653df,4,Table 1. Chemical composition of 64801. | ave. st. 4,FeO 5.36 (e) 5.16 (e) 5.59 5.01 (b) 5.17 (a) 4.6,https://www.lpi.usra.edu/lunar/samples/atlas/compendium/64801.pdf,Primary table or table column explicitly identifies this Apollo sample (or its labeled fraction).
64801,2261,accepted_parent_or_documented_fraction,64801,5.01,Taylor73,SSMS,bulk_or_whole_sample,64801__compendium__edfc0653df,4,Table 1. Chemical composition of 64801. | ave. st. 4,FeO 5.36 (e) 5.16 (e) 5.59 5.01 (b) 5.17 (a) 4.6,https://www.lpi.usra.edu/lunar/samples/atlas/compendium/64801.pdf,Primary table or table column explicitly identifies this Apollo sample (or its labeled fraction).
64801,2262,accepted_parent_or_documented_fraction,64801,5.17,Korotev91,INAA,bulk_or_whole_sample,64801__compendium__edfc0653df,4,Table 1. Chemical composition of 64801. | ave. st. 4,FeO 5.36 (e) 5.16 (e) 5.59 5.01 (b) 5.17 (a) 4.6,https://www.lpi.usra.edu/lunar/samples/atlas/compendium/64801.pdf,Primary table or table column explicitly identifies this Apollo sample (or its labeled fraction).
64801,2263,accepted_parent_or_documented_fraction,64801,4.6,Korotev81,,bulk_or_whole_sample,64801__compendium__edfc0653df,4,Table 1. Chemical composition of 64801. | ave. st. 4,FeO 5.36 (e) 5.16 (e) 5.59 5.01 (b) 5.17 (a) 4.6,https://www.lpi.usra.edu/lunar/samples/atlas/compendium/64801.pdf,Primary table or table column explicitly identifies this Apollo sample (or its labeled fraction).
64801,2264,reassigned_to_other_sample,64811,5.56,Korotev82,INAA,bulk_or_whole_sample,64801__compendium__edfc0653df,5,Table 2. Chemical composition of 64811. | References for 64801 and 64811.,FeO 5.56 (a) 5.59 (b),https://www.lpi.usra.edu/lunar/samples/atlas/compendium/64801.pdf,"Candidate came from a multi-sample document, but the table title/column belongs to another sample."
64801,2265,reassigned_to_other_sample,64811,5.59,Simkin73,fused bead e-probe,bulk_or_whole_sample,64801__compendium__edfc0653df,5,Table 2. Chemical composition of 64811. | References for 64801 and 64811.,FeO 5.56 (a) 5.59 (b),https://www.lpi.usra.edu/lunar/samples/atlas/compendium/64801.pdf,"Candidate came from a multi-sample document, but the table title/column belongs to another sample."
65501,2309,rejected_parser_false_positive,,65501,,,unspecified,65501__compendium__659551f114,2,,The maturity index for 65501 is low (Is/FeO = 38).,https://www.lpi.usra.edu/lunar/samples/atlas/compendium/65501.pdf,Maturity/sample-number text was misread as an FeO concentration.
65501,2310,reassigned_to_other_sample,65511,6.02,Korotev82,INAA,unspecified,65501__compendium__659551f114,4,65511 | ave. st. 5,FeO 6.02 (a) 5.65 (e) 6.05 (d) 5.85 5.82 (a),https://www.lpi.usra.edu/lunar/samples/atlas/compendium/65501.pdf,"Candidate came from a multi-sample document, but the table title/column belongs to another sample."
65501,2311,reassigned_to_other_sample,65511,5.65,Nava74,AA,unspecified,65501__compendium__659551f114,4,65511 | ave. st. 5,FeO 6.02 (a) 5.65 (e) 6.05 (d) 5.85 5.82 (a),https://www.lpi.usra.edu/lunar/samples/atlas/compendium/65501.pdf,"Candidate came from a multi-sample document, but the table title/column belongs to another sample."
65501,2312,reassigned_to_other_sample,65511,6.05,Duncan73,XRF,unspecified,65501__compendium__659551f114,4,65511 | ave. st. 5,FeO 6.02 (a) 5.65 (e) 6.05 (d) 5.85 5.82 (a),https://www.lpi.usra.edu/lunar/samples/atlas/compendium/65501.pdf,"Candidate came from a multi-sample document, but the table title/column belongs to another sample."
65501,2313,reassigned_to_other_sample,65511,5.85,Korotev81,,unspecified,65501__compendium__659551f114,4,65511 | ave. st. 5,FeO 6.02 (a) 5.65 (e) 6.05 (d) 5.85 5.82 (a),https://www.lpi.usra.edu/lunar/samples/atlas/compendium/65501.pdf,"Candidate came from a multi-sample document, but the table title/column belongs to another sample."
65501,2314,reassigned_to_other_sample,65511,5.82,Korotev82,INAA,unspecified,65501__compendium__659551f114,4,65511 | ave. st. 5,FeO 6.02 (a) 5.65 (e) 6.05 (d) 5.85 5.82 (a),https://www.lpi.usra.edu/lunar/samples/atlas/compendium/65501.pdf,"Candidate came from a multi-sample document, but the table title/column belongs to another sample."
65901,2343,rejected_parser_false_positive,,65901,,,unspecified,65901__compendium__065c90c3b4,2,,65901 is a very mature soil (Is/FeO = 99). It has an,https://www.lpi.usra.edu/lunar/samples/atlas/compendium/65901.pdf,Maturity/sample-number text was misread as an FeO concentration.
65901,2344,accepted_parent_or_documented_fraction,65901,5.8,Laul73,,bulk_or_whole_sample,65901__compendium__065c90c3b4,4,Table 1. Chemical composition of 65901. | ave. st. 5,FeO 5.8 (b) 5.85,https://www.lpi.usra.edu/lunar/samples/atlas/compendium/65901.pdf,Primary table or table column explicitly identifies this Apollo sample (or its labeled fraction).
65901,2345,accepted_parent_or_documented_fraction,65901,5.85,Korotev81,,bulk_or_whole_sample,65901__compendium__065c90c3b4,4,Table 1. Chemical composition of 65901. | ave. st. 5,FeO 5.8 (b) 5.85,https://www.lpi.usra.edu/lunar/samples/atlas/compendium/65901.pdf,Primary table or table column explicitly identifies this Apollo sample (or its labeled fraction).
66031,2350,accepted_parent_or_documented_fraction,66031,5.8,Korotev82,INAA,unspecified,66031__compendium__5ac98a2c52,2,Apollo soils | 20,FeO 5.8 (a) 5.47 (a),https://www.lpi.usra.edu/lunar/samples/atlas/compendium/66031.pdf,Primary table or table column explicitly identifies this Apollo sample (or its labeled fraction).
66031,2351,accepted_parent_or_documented_fraction,66031,5.47,Brunfeld73,INAA,unspecified,66031__compendium__5ac98a2c52,2,Apollo soils | 20,FeO 5.8 (a) 5.47 (a),https://www.lpi.usra.edu/lunar/samples/atlas/compendium/66031.pdf,Primary table or table column explicitly identifies this Apollo sample (or its labeled fraction).
66031,2352,rejected_parser_false_positive,,66031,Brunfeld73,,unspecified,66031__compendium__5ac98a2c52,2,Apollo soils | 20,66031 is a very mature soil with Is/FeO = 102 (Morris,https://www.lpi.usra.edu/lunar/samples/atlas/compendium/66031.pdf,Maturity/sample-number text was misread as an FeO concentration.
66031,2353,rejected_parser_false_positive,,102,Brunfeld73,,unspecified,66031__compendium__5ac98a2c52,2,Apollo soils | 20,66031 is a very mature soil with Is/FeO = 102 (Morris,https://www.lpi.usra.edu/lunar/samples/atlas/compendium/66031.pdf,Maturity/sample-number text was misread as an FeO concentration.
67461,2581,rejected_parser_false_positive,,67461,,,unspecified,67461__compendium__8018a3c4a3,2,,Lunar soil 67461 has a low maturity index Is/FeO = 25,https://www.lpi.usra.edu/lunar/samples/atlas/compendium/67461.pdf,Maturity/sample-number text was misread as an FeO concentration.
67461,2582,rejected_parser_false_positive,,25,,,unspecified,67461__compendium__8018a3c4a3,2,,Lunar soil 67461 has a low maturity index Is/FeO = 25,https://www.lpi.usra.edu/lunar/samples/atlas/compendium/67461.pdf,Maturity/sample-number text was misread as an FeO concentration.
67461,2583,accepted_parent_or_documented_fraction,67461,4.2,Laul80,INAA,unspecified,67461__compendium__8018a3c4a3,4,67460 | ave. st. 11,FeO 4.2 (d) 4.32 (a) 4.35 (b) 4.24 (d) 4.2,https://www.lpi.usra.edu/lunar/samples/atlas/compendium/67461.pdf,Primary table or table column explicitly identifies this Apollo sample (or its labeled fraction).
67461,2584,accepted_parent_or_documented_fraction,67461,4.32,Wanke73,multitech. (b) XRF,unspecified,67461__compendium__8018a3c4a3,4,67460 | ave. st. 11,FeO 4.2 (d) 4.32 (a) 4.35 (b) 4.24 (d) 4.2,https://www.lpi.usra.edu/lunar/samples/atlas/compendium/67461.pdf,Primary table or table column explicitly identifies this Apollo sample (or its labeled fraction).
67461,2585,accepted_parent_or_documented_fraction,67461,4.35,Compston73,,unspecified,67461__compendium__8018a3c4a3,4,67460 | ave. st. 11,FeO 4.2 (d) 4.32 (a) 4.35 (b) 4.24 (d) 4.2,https://www.lpi.usra.edu/lunar/samples/atlas/compendium/67461.pdf,Primary table or table column explicitly identifies this Apollo sample (or its labeled fraction).
67461,2586,accepted_parent_or_documented_fraction,67461,4.24,Boynton76,INAA,unspecified,67461__compendium__8018a3c4a3,4,67460 | ave. st. 11,FeO 4.2 (d) 4.32 (a) 4.35 (b) 4.24 (d) 4.2,https://www.lpi.usra.edu/lunar/samples/atlas/compendium/67461.pdf,Primary table or table column explicitly identifies this Apollo sample (or its labeled fraction).
67461,2587,accepted_parent_or_documented_fraction,67461,4.2,Korotev81,,unspecified,67461__compendium__8018a3c4a3,4,67460 | ave. st. 11,FeO 4.2 (d) 4.32 (a) 4.35 (b) 4.24 (d) 4.2,https://www.lpi.usra.edu/lunar/samples/atlas/compendium/67461.pdf,Primary table or table column explicitly identifies this Apollo sample (or its labeled fraction).
67481,2597,rejected_parser_false_positive,,67481,,,unspecified,67481__compendium__87a09f7dbf,2,,The maturity index for 67481 and 67510 is Is/FeO =,https://www.lpi.usra.edu/lunar/samples/atlas/compendium/67481.pdf,Maturity/sample-number text was misread as an FeO concentration.
67481,2598,rejected_parser_false_positive,,67510,,,unspecified,67481__compendium__87a09f7dbf,2,,The maturity index for 67481 and 67510 is Is/FeO =,https://www.lpi.usra.edu/lunar/samples/atlas/compendium/67481.pdf,Maturity/sample-number text was misread as an FeO concentration.
67481,2599,accepted_parent_or_documented_fraction,67481,4.66,LSPET72,XRF,bulk_or_whole_sample,67481__compendium__87a09f7dbf,4,Table . Chemical composition of 67481. | ave. st. 11,FeO 4.66 (a) 3.84 (c ) 4.2 (a) 4.09 (c ) 4.12 (c ) 4.2,https://www.lpi.usra.edu/lunar/samples/atlas/compendium/67481.pdf,Primary table or table column explicitly identifies this Apollo sample (or its labeled fraction).
67481,2600,accepted_parent_or_documented_fraction,67481,3.84,Korotev91,,bulk_or_whole_sample,67481__compendium__87a09f7dbf,4,Table . Chemical composition of 67481. | ave. st. 11,FeO 4.66 (a) 3.84 (c ) 4.2 (a) 4.09 (c ) 4.12 (c ) 4.2,https://www.lpi.usra.edu/lunar/samples/atlas/compendium/67481.pdf,Primary table or table column explicitly identifies this Apollo sample (or its labeled fraction).
67481,2601,accepted_parent_or_documented_fraction,67481,4.2,Duncan73,XRF,bulk_or_whole_sample,67481__compendium__87a09f7dbf,4,Table . Chemical composition of 67481. | ave. st. 11,FeO 4.66 (a) 3.84 (c ) 4.2 (a) 4.09 (c ) 4.12 (c ) 4.2,https://www.lpi.usra.edu/lunar/samples/atlas/compendium/67481.pdf,Primary table or table column explicitly identifies this Apollo sample (or its labeled fraction).
67481,2602,accepted_parent_or_documented_fraction,67481,4.09,Boynton76,,bulk_or_whole_sample,67481__compendium__87a09f7dbf,4,Table . Chemical composition of 67481. | ave. st. 11,FeO 4.66 (a) 3.84 (c ) 4.2 (a) 4.09 (c ) 4.12 (c ) 4.2,https://www.lpi.usra.edu/lunar/samples/atlas/compendium/67481.pdf,Primary table or table column explicitly identifies this Apollo sample (or its labeled fraction).
67481,2603,accepted_parent_or_documented_fraction,67481,4.12,Fruchter74,,bulk_or_whole_sample,67481__compendium__87a09f7dbf,4,Table . Chemical composition of 67481. | ave. st. 11,FeO 4.66 (a) 3.84 (c ) 4.2 (a) 4.09 (c ) 4.12 (c ) 4.2,https://www.lpi.usra.edu/lunar/samples/atlas/compendium/67481.pdf,Primary table or table column explicitly identifies this Apollo sample (or its labeled fraction).
67481,2604,accepted_parent_or_documented_fraction,67481,4.2,Korotev81,,bulk_or_whole_sample,67481__compendium__87a09f7dbf,4,Table . Chemical composition of 67481. | ave. st. 11,FeO 4.66 (a) 3.84 (c ) 4.2 (a) 4.09 (c ) 4.12 (c ) 4.2,https://www.lpi.usra.edu/lunar/samples/atlas/compendium/67481.pdf,Primary table or table column explicitly identifies this Apollo sample (or its labeled fraction).
67481,2605,reassigned_to_other_sample,67510,4.27,Korotev91,INAA,unspecified,67481__compendium__87a09f7dbf,5,"References for 67481 and 67510. | Arvidson R., Crozaz G., Drozd R.J., Hohenberg C.M. and","FeO 4.27 (a) 4.1 (a) Bhandari N., Goswami J. and Lal D. (1973) Surface",https://www.lpi.usra.edu/lunar/samples/atlas/compendium/67481.pdf,"Candidate came from a multi-sample document, but the table title/column belongs to another sample."
67481,2606,reassigned_to_other_sample,67510,4.1,Korotev82,INAA,unspecified,67481__compendium__87a09f7dbf,5,"References for 67481 and 67510. | Arvidson R., Crozaz G., Drozd R.J., Hohenberg C.M. and","FeO 4.27 (a) 4.1 (a) Bhandari N., Goswami J. and Lal D. (1973) Surface",https://www.lpi.usra.edu/lunar/samples/atlas/compendium/67481.pdf,"Candidate came from a multi-sample document, but the table title/column belongs to another sample."
67601,2626,rejected_parser_false_positive,,67601,,,unspecified,67601__compendium__6af12f2feb,1,,The maturity index for 67601 is Is/FeO = 45 and the,https://www.lpi.usra.edu/lunar/samples/atlas/compendium/67601.pdf,Maturity/sample-number text was misread as an FeO concentration.
67601,2627,rejected_parser_false_positive,,45,,,unspecified,67601__compendium__6af12f2feb,1,,The maturity index for 67601 is Is/FeO = 45 and the,https://www.lpi.usra.edu/lunar/samples/atlas/compendium/67601.pdf,Maturity/sample-number text was misread as an FeO concentration.
67601,2628,accepted_parent_or_documented_fraction,67601,4.09,LSPET72,XRF,bulk_or_whole_sample,67601__compendium__6af12f2feb,3,Table 1. Chemical composition of 67601. | ave. st. 11,FeO 4.09 (a) 4.23 (c ) 4.02 (c ) 4.24 (c ) 4.2,https://www.lpi.usra.edu/lunar/samples/atlas/compendium/67601.pdf,Primary table or table column explicitly identifies this Apollo sample (or its labeled fraction).
67601,2629,accepted_parent_or_documented_fraction,67601,4.23,Korotev91,,bulk_or_whole_sample,67601__compendium__6af12f2feb,3,Table 1. Chemical composition of 67601. | ave. st. 11,FeO 4.09 (a) 4.23 (c ) 4.02 (c ) 4.24 (c ) 4.2,https://www.lpi.usra.edu/lunar/samples/atlas/compendium/67601.pdf,Primary table or table column explicitly identifies this Apollo sample (or its labeled fraction).
67601,2630,accepted_parent_or_documented_fraction,67601,4.02,Haskin73,,bulk_or_whole_sample,67601__compendium__6af12f2feb,3,Table 1. Chemical composition of 67601. | ave. st. 11,FeO 4.09 (a) 4.23 (c ) 4.02 (c ) 4.24 (c ) 4.2,https://www.lpi.usra.edu/lunar/samples/atlas/compendium/67601.pdf,Primary table or table column explicitly identifies this Apollo sample (or its labeled fraction).
67601,2631,accepted_parent_or_documented_fraction,67601,4.24,Boynton75,,bulk_or_whole_sample,67601__compendium__6af12f2feb,3,Table 1. Chemical composition of 67601. | ave. st. 11,FeO 4.09 (a) 4.23 (c ) 4.02 (c ) 4.24 (c ) 4.2,https://www.lpi.usra.edu/lunar/samples/atlas/compendium/67601.pdf,Primary table or table column explicitly identifies this Apollo sample (or its labeled fraction).
67601,2632,accepted_parent_or_documented_fraction,67601,4.2,Korotev81,,bulk_or_whole_sample,67601__compendium__6af12f2feb,3,Table 1. Chemical composition of 67601. | ave. st. 11,FeO 4.09 (a) 4.23 (c ) 4.02 (c ) 4.24 (c ) 4.2,https://www.lpi.usra.edu/lunar/samples/atlas/compendium/67601.pdf,Primary table or table column explicitly identifies this Apollo sample (or its labeled fraction).
67627,2637,accepted_parent_or_documented_fraction,67627,5.5,Borchardt86,,bulk_or_whole_sample,67627__compendium__55c3e4b889,7,Table 1. Chemical composition of 67627 | Table 2. Chemical composition of 67629.,FeO 5.5 6.9 (a) 4.1 (b) FeO 5.29 (b) 5.24 (c ) 5.6 (d),https://www.lpi.usra.edu/lunar/samples/atlas/compendium/67627.pdf,Primary table or table column explicitly identifies this Apollo sample (or its labeled fraction).
67627,2638,rejected_duplicate_extraction,67627,5.5,Borchardt86,,bulk_or_whole_sample,67627__compendium__55c3e4b889,7,Table 1. Chemical composition of 67627 | Table 2. Chemical composition of 67629.,FeO 5.5 6.9 (a) 4.1 (b) FeO 5.29 (b) 5.24 (c ) 5.6 (d),https://www.lpi.usra.edu/lunar/samples/atlas/compendium/67627.pdf,Duplicate extraction of the same table value; a single corresponding measurement is retained.
67627,2639,accepted_parent_or_documented_fraction,67627,6.9,Borchardt86,INAA+RNAA,bulk_or_whole_sample,67627__compendium__55c3e4b889,7,Table 1. Chemical composition of 67627 | Table 2. Chemical composition of 67629.,FeO 5.5 6.9 (a) 4.1 (b) FeO 5.29 (b) 5.24 (c ) 5.6 (d),https://www.lpi.usra.edu/lunar/samples/atlas/compendium/67627.pdf,Primary table or table column explicitly identifies this Apollo sample (or its labeled fraction).
67627,2640,rejected_duplicate_extraction,67627,6.9,Borchardt86,INAA+RNAA,bulk_or_whole_sample,67627__compendium__55c3e4b889,7,Table 1. Chemical composition of 67627 | Table 2. Chemical composition of 67629.,FeO 5.5 6.9 (a) 4.1 (b) FeO 5.29 (b) 5.24 (c ) 5.6 (d),https://www.lpi.usra.edu/lunar/samples/atlas/compendium/67627.pdf,Duplicate extraction of the same table value; a single corresponding measurement is retained.
67627,2641,accepted_parent_or_documented_fraction,67627,4.1,Borchardt86,broad beam e probe,bulk_or_whole_sample,67627__compendium__55c3e4b889,7,Table 1. Chemical composition of 67627 | Table 2. Chemical composition of 67629.,FeO 5.5 6.9 (a) 4.1 (b) FeO 5.29 (b) 5.24 (c ) 5.6 (d),https://www.lpi.usra.edu/lunar/samples/atlas/compendium/67627.pdf,Primary table or table column explicitly identifies this Apollo sample (or its labeled fraction).
67627,2642,rejected_duplicate_extraction,67627,4.1,Borchardt86,broad beam e probe,bulk_or_whole_sample,67627__compendium__55c3e4b889,7,Table 1. Chemical composition of 67627 | Table 2. Chemical composition of 67629.,FeO 5.5 6.9 (a) 4.1 (b) FeO 5.29 (b) 5.24 (c ) 5.6 (d),https://www.lpi.usra.edu/lunar/samples/atlas/compendium/67627.pdf,Duplicate extraction of the same table value; a single corresponding measurement is retained.
67627,2643,reassigned_to_other_sample,67629,5.29,Haskin73 Bourchardt86Stoffler85,broad beam e probe,bulk_or_whole_sample,67627__compendium__55c3e4b889,7,Table 1. Chemical composition of 67627 | Table 2. Chemical composition of 67629.,FeO 5.5 6.9 (a) 4.1 (b) FeO 5.29 (b) 5.24 (c ) 5.6 (d),https://www.lpi.usra.edu/lunar/samples/atlas/compendium/67627.pdf,The same PDF page contains Table 2 for 67629 and Table 1 for 67627; this value belongs to Table 2.
67627,2644,reassigned_to_other_sample,67629,5.29,Haskin73 Bourchardt86Stoffler85,broad beam e probe,bulk_or_whole_sample,67627__compendium__55c3e4b889,7,Table 1. Chemical composition of 67627 | Table 2. Chemical composition of 67629.,FeO 5.5 6.9 (a) 4.1 (b) FeO 5.29 (b) 5.24 (c ) 5.6 (d),https://www.lpi.usra.edu/lunar/samples/atlas/compendium/67627.pdf,The same PDF page contains Table 2 for 67629 and Table 1 for 67627; this value belongs to Table 2.
67627,2645,reassigned_to_other_sample,67629,5.24,Haskin73 Bourchardt86Stoffler85,INAA,bulk_or_whole_sample,67627__compendium__55c3e4b889,7,Table 1. Chemical composition of 67627 | Table 2. Chemical composition of 67629.,FeO 5.5 6.9 (a) 4.1 (b) FeO 5.29 (b) 5.24 (c ) 5.6 (d),https://www.lpi.usra.edu/lunar/samples/atlas/compendium/67627.pdf,The same PDF page contains Table 2 for 67629 and Table 1 for 67627; this value belongs to Table 2.
67627,2646,reassigned_to_other_sample,67629,5.24,Haskin73 Bourchardt86Stoffler85,INAA,bulk_or_whole_sample,67627__compendium__55c3e4b889,7,Table 1. Chemical composition of 67627 | Table 2. Chemical composition of 67629.,FeO 5.5 6.9 (a) 4.1 (b) FeO 5.29 (b) 5.24 (c ) 5.6 (d),https://www.lpi.usra.edu/lunar/samples/atlas/compendium/67627.pdf,The same PDF page contains Table 2 for 67629 and Table 1 for 67627; this value belongs to Table 2.
67627,2647,reassigned_to_other_sample,67629,5.6,Haskin73 Bourchardt86Stoffler85,broad beam e probe,bulk_or_whole_sample,67627__compendium__55c3e4b889,7,Table 1. Chemical composition of 67627 | Table 2. Chemical composition of 67629.,FeO 5.5 6.9 (a) 4.1 (b) FeO 5.29 (b) 5.24 (c ) 5.6 (d),https://www.lpi.usra.edu/lunar/samples/atlas/compendium/67627.pdf,The same PDF page contains Table 2 for 67629 and Table 1 for 67627; this value belongs to Table 2.
67627,2648,reassigned_to_other_sample,67629,5.6,Haskin73 Bourchardt86Stoffler85,broad beam e probe,bulk_or_whole_sample,67627__compendium__55c3e4b889,7,Table 1. Chemical composition of 67627 | Table 2. Chemical composition of 67629.,FeO 5.5 6.9 (a) 4.1 (b) FeO 5.29 (b) 5.24 (c ) 5.6 (d),https://www.lpi.usra.edu/lunar/samples/atlas/compendium/67627.pdf,The same PDF page contains Table 2 for 67629 and Table 1 for 67627; this value belongs to Table 2.
67627,2649,reassigned_to_other_sample,67695,6.4,Borchardt86,INAA,unspecified,67627__compendium__55c3e4b889,8,"clast | Borchardt R., Stoffler D., Spettel B., Palme H., Wanke",FeO 6.4 (a) 6.2 7.3 (b) 5.85 (a) 0.15 (b),https://www.lpi.usra.edu/lunar/samples/atlas/compendium/67627.pdf,"The following table is explicitly for clast/sample 67695, not parent 67627."
67627,2650,reassigned_to_other_sample,67695,6.2,Stoffler85,,unspecified,67627__compendium__55c3e4b889,8,"clast | Borchardt R., Stoffler D., Spettel B., Palme H., Wanke",FeO 6.4 (a) 6.2 7.3 (b) 5.85 (a) 0.15 (b),https://www.lpi.usra.edu/lunar/samples/atlas/compendium/67627.pdf,"The following table is explicitly for clast/sample 67695, not parent 67627."
67627,2651,reassigned_to_other_sample,67695,7.3,Stoffler85,broad beam e. probe,unspecified,67627__compendium__55c3e4b889,8,"clast | Borchardt R., Stoffler D., Spettel B., Palme H., Wanke",FeO 6.4 (a) 6.2 7.3 (b) 5.85 (a) 0.15 (b),https://www.lpi.usra.edu/lunar/samples/atlas/compendium/67627.pdf,"The following table is explicitly for clast/sample 67695, not parent 67627."
67627,2652,reassigned_to_other_sample,67695,5.85,Morris86 See 86,INAA,unspecified,67627__compendium__55c3e4b889,8,"clast | Borchardt R., Stoffler D., Spettel B., Palme H., Wanke",FeO 6.4 (a) 6.2 7.3 (b) 5.85 (a) 0.15 (b),https://www.lpi.usra.edu/lunar/samples/atlas/compendium/67627.pdf,"The following table is explicitly for clast/sample 67695, not parent 67627."
67627,2653,reassigned_to_other_sample,67695,0.15,Morris86 See 86,broad beam e. probe,unspecified,67627__compendium__55c3e4b889,8,"clast | Borchardt R., Stoffler D., Spettel B., Palme H., Wanke",FeO 6.4 (a) 6.2 7.3 (b) 5.85 (a) 0.15 (b),https://www.lpi.usra.edu/lunar/samples/atlas/compendium/67627.pdf,"The following table is explicitly for clast/sample 67695, not parent 67627."
67701,2671,rejected_parser_false_positive,,67701,,,unspecified,67701__compendium__1a762b0146,2,,67701 has a low maturity index Is/FeO = 39 and few,https://www.lpi.usra.edu/lunar/samples/atlas/compendium/67701.pdf,Maturity/sample-number text was misread as an FeO concentration.
67701,2672,rejected_parser_false_positive,,39,,,unspecified,67701__compendium__1a762b0146,2,,67701 has a low maturity index Is/FeO = 39 and few,https://www.lpi.usra.edu/lunar/samples/atlas/compendium/67701.pdf,Maturity/sample-number text was misread as an FeO concentration.
67701,2673,accepted_parent_or_documented_fraction,67701,3.97,Taylor73,SSMS,bulk_or_whole_sample,67701__compendium__1a762b0146,5,Table 1. Chemical composition of 67701. | ave. st. 11,FeO 3.97 (b) 4.17 (f) 4.17 (d) 4.12 (d) 4.2,https://www.lpi.usra.edu/lunar/samples/atlas/compendium/67701.pdf,Primary table or table column explicitly identifies this Apollo sample (or its labeled fraction).
67701,2674,accepted_parent_or_documented_fraction,67701,4.17,Compston73,XRF,bulk_or_whole_sample,67701__compendium__1a762b0146,5,Table 1. Chemical composition of 67701. | ave. st. 11,FeO 3.97 (b) 4.17 (f) 4.17 (d) 4.12 (d) 4.2,https://www.lpi.usra.edu/lunar/samples/atlas/compendium/67701.pdf,Primary table or table column explicitly identifies this Apollo sample (or its labeled fraction).
67701,2675,accepted_parent_or_documented_fraction,67701,4.17,Korotev91,,bulk_or_whole_sample,67701__compendium__1a762b0146,5,Table 1. Chemical composition of 67701. | ave. st. 11,FeO 3.97 (b) 4.17 (f) 4.17 (d) 4.12 (d) 4.2,https://www.lpi.usra.edu/lunar/samples/atlas/compendium/67701.pdf,Primary table or table column explicitly identifies this Apollo sample (or its labeled fraction).
67701,2676,accepted_parent_or_documented_fraction,67701,4.12,Boynton76,,bulk_or_whole_sample,67701__compendium__1a762b0146,5,Table 1. Chemical composition of 67701. | ave. st. 11,FeO 3.97 (b) 4.17 (f) 4.17 (d) 4.12 (d) 4.2,https://www.lpi.usra.edu/lunar/samples/atlas/compendium/67701.pdf,Primary table or table column explicitly identifies this Apollo sample (or its labeled fraction).
67701,2677,accepted_parent_or_documented_fraction,67701,4.2,Korotev81,,bulk_or_whole_sample,67701__compendium__1a762b0146,5,Table 1. Chemical composition of 67701. | ave. st. 11,FeO 3.97 (b) 4.17 (f) 4.17 (d) 4.12 (d) 4.2,https://www.lpi.usra.edu/lunar/samples/atlas/compendium/67701.pdf,Primary table or table column explicitly identifies this Apollo sample (or its labeled fraction).
67701,2678,reassigned_to_other_sample,67711,2.96,Rose75,”microchemical”,bulk_or_whole_sample,67701__compendium__1a762b0146,6,Table 2. Chemical composition of 67711. | 67711,FeO 2.96 (a) 2.98 2.67 (b) 2.96,https://www.lpi.usra.edu/lunar/samples/atlas/compendium/67701.pdf,"Candidate came from a multi-sample document, but the table title/column belongs to another sample."
67701,2679,reassigned_to_other_sample,67711,2.98,Korotev81,,bulk_or_whole_sample,67701__compendium__1a762b0146,6,Table 2. Chemical composition of 67711. | 67711,FeO 2.96 (a) 2.98 2.67 (b) 2.96,https://www.lpi.usra.edu/lunar/samples/atlas/compendium/67701.pdf,"Candidate came from a multi-sample document, but the table title/column belongs to another sample."
67701,2680,reassigned_to_other_sample,67711,2.67,Korotev81,INAA,bulk_or_whole_sample,67701__compendium__1a762b0146,6,Table 2. Chemical composition of 67711. | 67711,FeO 2.96 (a) 2.98 2.67 (b) 2.96,https://www.lpi.usra.edu/lunar/samples/atlas/compendium/67701.pdf,"Candidate came from a multi-sample document, but the table title/column belongs to another sample."
67701,2681,reassigned_to_other_sample,67711,2.96,Simkin73,,bulk_or_whole_sample,67701__compendium__1a762b0146,6,Table 2. Chemical composition of 67711. | 67711,FeO 2.96 (a) 2.98 2.67 (b) 2.96,https://www.lpi.usra.edu/lunar/samples/atlas/compendium/67701.pdf,"Candidate came from a multi-sample document, but the table title/column belongs to another sample."
67936,2723,accepted_parent_or_documented_fraction,67936,7.52,Lindstrom and,,unspecified,67935__compendium__c89c0d9c26,5,67936 | 67937,FeO 7.52 2.53 (c ),https://www.lpi.usra.edu/lunar/samples/atlas/compendium/67935.pdf,Primary table or table column explicitly identifies this Apollo sample (or its labeled fraction).
67936,2724,rejected_parser_false_positive,,2.53,Lindstrom and,INAA,unspecified,67935__compendium__c89c0d9c26,5,67936 | 67937,FeO 7.52 2.53 (c ),https://www.lpi.usra.edu/lunar/samples/atlas/compendium/67935.pdf,Evidence does not assign this FeO value to the candidate parent sample.
67941,2725,rejected_parser_false_positive,,4,,,unspecified,67941rev__compendium__67e4c7a805,2,,Figure 4: Map of Apollo 16 site with North Ray maturity (Is/FeO),https://www.lpi.usra.edu/lunar/samples/atlas/compendium/67941rev.pdf,Maturity/sample-number text was misread as an FeO concentration.
67941,2726,rejected_parser_false_positive,,20.,,,unspecified,67941rev__compendium__67e4c7a805,2,,with Is/FeO = 20.,https://www.lpi.usra.edu/lunar/samples/atlas/compendium/67941rev.pdf,Maturity/sample-number text was misread as an FeO concentration.
67941,2727,rejected_parser_false_positive,,16,,,unspecified,67941rev__compendium__67e4c7a805,2,,Figure 4: Map of Apollo 16 site with North Ray maturity (Is/FeO),https://www.lpi.usra.edu/lunar/samples/atlas/compendium/67941rev.pdf,Maturity/sample-number text was misread as an FeO concentration.
67941,2728,rejected_parser_false_positive,,4.6,,,unspecified,67941rev__compendium__67e4c7a805,2,,low maturity index (Is/FeO = 29). The average grain Pyroxene 4.6,https://www.lpi.usra.edu/lunar/samples/atlas/compendium/67941rev.pdf,Maturity/sample-number text was misread as an FeO concentration.
67941,2729,accepted_parent_or_documented_fraction,67941,4.57,Korotev91,INAA,bulk_or_whole_sample,67941rev__compendium__67e4c7a805,4,Table 1. Chemical composition of 67941. | ave. st. 11,FeO 4.57 (a) 4.73 4.5 4.76 (a) 4.2,https://www.lpi.usra.edu/lunar/samples/atlas/compendium/67941rev.pdf,Primary table or table column explicitly identifies this Apollo sample (or its labeled fraction).
67941,2730,accepted_parent_or_documented_fraction,67941,4.73,Rose75,,bulk_or_whole_sample,67941rev__compendium__67e4c7a805,4,Table 1. Chemical composition of 67941. | ave. st. 11,FeO 4.57 (a) 4.73 4.5 4.76 (a) 4.2,https://www.lpi.usra.edu/lunar/samples/atlas/compendium/67941rev.pdf,Primary table or table column explicitly identifies this Apollo sample (or its labeled fraction).
67941,2731,accepted_parent_or_documented_fraction,67941,4.5,Boynton75,,bulk_or_whole_sample,67941rev__compendium__67e4c7a805,4,Table 1. Chemical composition of 67941. | ave. st. 11,FeO 4.57 (a) 4.73 4.5 4.76 (a) 4.2,https://www.lpi.usra.edu/lunar/samples/atlas/compendium/67941rev.pdf,Primary table or table column explicitly identifies this Apollo sample (or its labeled fraction).
67941,2732,accepted_parent_or_documented_fraction,67941,4.76,Boynton75,INAA,bulk_or_whole_sample,67941rev__compendium__67e4c7a805,4,Table 1. Chemical composition of 67941. | ave. st. 11,FeO 4.57 (a) 4.73 4.5 4.76 (a) 4.2,https://www.lpi.usra.edu/lunar/samples/atlas/compendium/67941rev.pdf,Primary table or table column explicitly identifies this Apollo sample (or its labeled fraction).
67941,2733,accepted_parent_or_documented_fraction,67941,4.2,Korotev81,,bulk_or_whole_sample,67941rev__compendium__67e4c7a805,4,Table 1. Chemical composition of 67941. | ave. st. 11,FeO 4.57 (a) 4.73 4.5 4.76 (a) 4.2,https://www.lpi.usra.edu/lunar/samples/atlas/compendium/67941rev.pdf,Primary table or table column explicitly identifies this Apollo sample (or its labeled fraction).
67941,2734,reassigned_to_other_sample,67960,4.56,Korotev82,INAA,bulk_or_whole_sample,67941rev__compendium__67e4c7a805,5,Table 2. Chemical composition of 67960.,FeO 4.56 (a),https://www.lpi.usra.edu/lunar/samples/atlas/compendium/67941rev.pdf,"Candidate came from a multi-sample document, but the table title/column belongs to another sample."
67960,2725,rejected_parser_false_positive,,4,,,unspecified,67941rev__compendium__67e4c7a805,2,,Figure 4: Map of Apollo 16 site with North Ray maturity (Is/FeO),https://www.lpi.usra.edu/lunar/samples/atlas/compendium/67941rev.pdf,Maturity/sample-number text was misread as an FeO concentration.
67960,2726,rejected_parser_false_positive,,20.,,,unspecified,67941rev__compendium__67e4c7a805,2,,with Is/FeO = 20.,https://www.lpi.usra.edu/lunar/samples/atlas/compendium/67941rev.pdf,Maturity/sample-number text was misread as an FeO concentration.
67960,2727,rejected_parser_false_positive,,16,,,unspecified,67941rev__compendium__67e4c7a805,2,,Figure 4: Map of Apollo 16 site with North Ray maturity (Is/FeO),https://www.lpi.usra.edu/lunar/samples/atlas/compendium/67941rev.pdf,Maturity/sample-number text was misread as an FeO concentration.
67960,2728,rejected_parser_false_positive,,4.6,,,unspecified,67941rev__compendium__67e4c7a805,2,,low maturity index (Is/FeO = 29). The average grain Pyroxene 4.6,https://www.lpi.usra.edu/lunar/samples/atlas/compendium/67941rev.pdf,Maturity/sample-number text was misread as an FeO concentration.
67960,2729,reassigned_to_other_sample,67941,4.57,Korotev91,INAA,bulk_or_whole_sample,67941rev__compendium__67e4c7a805,4,Table 1. Chemical composition of 67941. | ave. st. 11,FeO 4.57 (a) 4.73 4.5 4.76 (a) 4.2,https://www.lpi.usra.edu/lunar/samples/atlas/compendium/67941rev.pdf,"Candidate came from a multi-sample document, but the table title/column belongs to another sample."
67960,2730,reassigned_to_other_sample,67941,4.73,Rose75,,bulk_or_whole_sample,67941rev__compendium__67e4c7a805,4,Table 1. Chemical composition of 67941. | ave. st. 11,FeO 4.57 (a) 4.73 4.5 4.76 (a) 4.2,https://www.lpi.usra.edu/lunar/samples/atlas/compendium/67941rev.pdf,"Candidate came from a multi-sample document, but the table title/column belongs to another sample."
67960,2731,reassigned_to_other_sample,67941,4.5,Boynton75,,bulk_or_whole_sample,67941rev__compendium__67e4c7a805,4,Table 1. Chemical composition of 67941. | ave. st. 11,FeO 4.57 (a) 4.73 4.5 4.76 (a) 4.2,https://www.lpi.usra.edu/lunar/samples/atlas/compendium/67941rev.pdf,"Candidate came from a multi-sample document, but the table title/column belongs to another sample."
67960,2732,reassigned_to_other_sample,67941,4.76,Boynton75,INAA,bulk_or_whole_sample,67941rev__compendium__67e4c7a805,4,Table 1. Chemical composition of 67941. | ave. st. 11,FeO 4.57 (a) 4.73 4.5 4.76 (a) 4.2,https://www.lpi.usra.edu/lunar/samples/atlas/compendium/67941rev.pdf,"Candidate came from a multi-sample document, but the table title/column belongs to another sample."
67960,2733,reassigned_to_other_sample,67941,4.2,Korotev81,,bulk_or_whole_sample,67941rev__compendium__67e4c7a805,4,Table 1. Chemical composition of 67941. | ave. st. 11,FeO 4.57 (a) 4.73 4.5 4.76 (a) 4.2,https://www.lpi.usra.edu/lunar/samples/atlas/compendium/67941rev.pdf,"Candidate came from a multi-sample document, but the table title/column belongs to another sample."
67960,2734,accepted_parent_or_documented_fraction,67960,4.56,Korotev82,INAA,bulk_or_whole_sample,67941rev__compendium__67e4c7a805,5,Table 2. Chemical composition of 67960.,FeO 4.56 (a),https://www.lpi.usra.edu/lunar/samples/atlas/compendium/67941rev.pdf,Primary table or table column explicitly identifies this Apollo sample (or its labeled fraction).
68815,2820,rejected_parser_false_positive,,3.14,,,unspecified,68815__compendium__119f758385,3,,consistent results (FeO = 3.14 – 5.5; Al2O3 = 26.5 –,https://www.lpi.usra.edu/lunar/samples/atlas/compendium/68815.pdf,Evidence does not assign this FeO value to the candidate parent sample.
68815,2821,rejected_parser_false_positive,,5.5,,,unspecified,68815__compendium__119f758385,3,,consistent results (FeO = 3.14 – 5.5; Al2O3 = 26.5 –,https://www.lpi.usra.edu/lunar/samples/atlas/compendium/68815.pdf,Evidence does not assign this FeO value to the candidate parent sample.
68815,2822,rejected_parser_false_positive,,26.5,,,unspecified,68815__compendium__119f758385,3,,consistent results (FeO = 3.14 – 5.5; Al2O3 = 26.5 –,https://www.lpi.usra.edu/lunar/samples/atlas/compendium/68815.pdf,Evidence does not assign this FeO value to the candidate parent sample.
68815,2823,accepted_parent_or_documented_fraction,68815,4.97,Wanke 74,,bulk_or_whole_sample,68815__compendium__119f758385,4,Table 1. Chemical composition of 68815.,FeO 4.97 5.17 (b) 0.77 5.14 (a) 4.75 (e) 5.5 3.14 (f),https://www.lpi.usra.edu/lunar/samples/atlas/compendium/68815.pdf,Primary table or table column explicitly identifies this Apollo sample (or its labeled fraction).
68815,2824,accepted_parent_or_documented_fraction,68815,5.17,Scoon 74,,bulk_or_whole_sample,68815__compendium__119f758385,4,Table 1. Chemical composition of 68815.,FeO 4.97 5.17 (b) 0.77 5.14 (a) 4.75 (e) 5.5 3.14 (f),https://www.lpi.usra.edu/lunar/samples/atlas/compendium/68815.pdf,Primary table or table column explicitly identifies this Apollo sample (or its labeled fraction).
68815,2825,accepted_parent_or_documented_fraction,68815,0.77,Fruchter et al. 74,,bulk_or_whole_sample,68815__compendium__119f758385,4,Table 1. Chemical composition of 68815.,FeO 4.97 5.17 (b) 0.77 5.14 (a) 4.75 (e) 5.5 3.14 (f),https://www.lpi.usra.edu/lunar/samples/atlas/compendium/68815.pdf,Primary table or table column explicitly identifies this Apollo sample (or its labeled fraction).
68815,2826,accepted_parent_or_documented_fraction,68815,5.14,Fruchter et al. 74,,bulk_or_whole_sample,68815__compendium__119f758385,4,Table 1. Chemical composition of 68815.,FeO 4.97 5.17 (b) 0.77 5.14 (a) 4.75 (e) 5.5 3.14 (f),https://www.lpi.usra.edu/lunar/samples/atlas/compendium/68815.pdf,Primary table or table column explicitly identifies this Apollo sample (or its labeled fraction).
68815,2827,accepted_parent_or_documented_fraction,68815,4.75,LSPET 73,,bulk_or_whole_sample,68815__compendium__119f758385,4,Table 1. Chemical composition of 68815.,FeO 4.97 5.17 (b) 0.77 5.14 (a) 4.75 (e) 5.5 3.14 (f),https://www.lpi.usra.edu/lunar/samples/atlas/compendium/68815.pdf,Primary table or table column explicitly identifies this Apollo sample (or its labeled fraction).
68815,2828,accepted_parent_or_documented_fraction,68815,5.5,Kohl 78,,bulk_or_whole_sample,68815__compendium__119f758385,4,Table 1. Chemical composition of 68815.,FeO 4.97 5.17 (b) 0.77 5.14 (a) 4.75 (e) 5.5 3.14 (f),https://www.lpi.usra.edu/lunar/samples/atlas/compendium/68815.pdf,Primary table or table column explicitly identifies this Apollo sample (or its labeled fraction).
68815,2829,accepted_parent_or_documented_fraction,68815,3.14,Kohl 78,,bulk_or_whole_sample,68815__compendium__119f758385,4,Table 1. Chemical composition of 68815.,FeO 4.97 5.17 (b) 0.77 5.14 (a) 4.75 (e) 5.5 3.14 (f),https://www.lpi.usra.edu/lunar/samples/atlas/compendium/68815.pdf,Primary table or table column explicitly identifies this Apollo sample (or its labeled fraction).
69935,2860,accepted_parent_or_documented_fraction,69935,4,Laul 73,INAA,bulk_or_whole_sample,69935__compendium__764037a985,7,Table 1. Chemical composition of 69935.,FeO 4 (a) 2.34 (b),https://www.lpi.usra.edu/lunar/samples/atlas/compendium/69935.pdf,Primary table or table column explicitly identifies this Apollo sample (or its labeled fraction).
69935,2861,accepted_parent_or_documented_fraction,69935,2.34,Rose 1973,microchemical,bulk_or_whole_sample,69935__compendium__764037a985,7,Table 1. Chemical composition of 69935.,FeO 4 (a) 2.34 (b),https://www.lpi.usra.edu/lunar/samples/atlas/compendium/69935.pdf,Primary table or table column explicitly identifies this Apollo sample (or its labeled fraction).
69955,2862,accepted_parent_or_documented_fraction,69955,0.36,Rose 73,microchemical XRF,bulk_or_whole_sample,69955__compendium__b673fcba8a,4,Table 1. Chemical composition of 69955.,FeO 0.36 (b) 0.49 (c ),https://www.lpi.usra.edu/lunar/samples/atlas/compendium/69955.pdf,Primary table or table column explicitly identifies this Apollo sample (or its labeled fraction).
69955,2863,accepted_parent_or_documented_fraction,69955,0.49,Laul 73,INAA,bulk_or_whole_sample,69955__compendium__b673fcba8a,4,Table 1. Chemical composition of 69955.,FeO 0.36 (b) 0.49 (c ),https://www.lpi.usra.edu/lunar/samples/atlas/compendium/69955.pdf,Primary table or table column explicitly identifies this Apollo sample (or its labeled fraction).
71041,3002,rejected_parser_false_positive,,71041,,,unspecified,71041__compendium__728e9fe542,1,,Soil samples 71041 and 71061 were collected from The maturity of 71041 and 71061 is Is/FeO = 29 and,https://www.lpi.usra.edu/lunar/samples/atlas/compendium/71041.pdf,Maturity/sample-number text was misread as an FeO concentration.
71041,3003,rejected_parser_false_positive,,71061,,,unspecified,71041__compendium__728e9fe542,1,,Soil samples 71041 and 71061 were collected from The maturity of 71041 and 71061 is Is/FeO = 29 and,https://www.lpi.usra.edu/lunar/samples/atlas/compendium/71041.pdf,Maturity/sample-number text was misread as an FeO concentration.
71041,3004,rejected_parser_false_positive,,71041,,,unspecified,71041__compendium__728e9fe542,1,,Soil samples 71041 and 71061 were collected from The maturity of 71041 and 71061 is Is/FeO = 29 and,https://www.lpi.usra.edu/lunar/samples/atlas/compendium/71041.pdf,Maturity/sample-number text was misread as an FeO concentration.
71041,3005,rejected_parser_false_positive,,71061,,,unspecified,71041__compendium__728e9fe542,1,,Soil samples 71041 and 71061 were collected from The maturity of 71041 and 71061 is Is/FeO = 29 and,https://www.lpi.usra.edu/lunar/samples/atlas/compendium/71041.pdf,Maturity/sample-number text was misread as an FeO concentration.
71041,3006,rejected_parser_false_positive,,29,,,unspecified,71041__compendium__728e9fe542,1,,Soil samples 71041 and 71061 were collected from The maturity of 71041 and 71061 is Is/FeO = 29 and,https://www.lpi.usra.edu/lunar/samples/atlas/compendium/71041.pdf,Maturity/sample-number text was misread as an FeO concentration.
71041,3007,rejected_parser_false_positive,,120,,,unspecified,71041__compendium__728e9fe542,2,,FeO C 120,https://www.lpi.usra.edu/lunar/samples/atlas/compendium/71041.pdf,Evidence does not assign this FeO value to the candidate parent sample.
71041,3008,accepted_parent_or_documented_fraction,71041,18,Korotev92,INAA,unspecified,71041__compendium__728e9fe542,4,71061 | 71061,FeO 18 (a) 17.73 (b) 18 18.3 (a) 17.85 (b) 18.9 16.8 (a),https://www.lpi.usra.edu/lunar/samples/atlas/compendium/71041.pdf,Primary table or table column explicitly identifies this Apollo sample (or its labeled fraction).
71041,3009,accepted_parent_or_documented_fraction,71041,17.73,LSPET73,XRF,unspecified,71041__compendium__728e9fe542,4,71061 | 71061,FeO 18 (a) 17.73 (b) 18 18.3 (a) 17.85 (b) 18.9 16.8 (a),https://www.lpi.usra.edu/lunar/samples/atlas/compendium/71041.pdf,Primary table or table column explicitly identifies this Apollo sample (or its labeled fraction).
71041,3010,accepted_parent_or_documented_fraction,71041,18,Korotev92,,unspecified,71041__compendium__728e9fe542,4,71061 | 71061,FeO 18 (a) 17.73 (b) 18 18.3 (a) 17.85 (b) 18.9 16.8 (a),https://www.lpi.usra.edu/lunar/samples/atlas/compendium/71041.pdf,Primary table or table column explicitly identifies this Apollo sample (or its labeled fraction).
71041,3011,reassigned_to_other_sample,71061,18.3,Korotev92,INAA,unspecified,71041__compendium__728e9fe542,4,71061 | 71061,FeO 18 (a) 17.73 (b) 18 18.3 (a) 17.85 (b) 18.9 16.8 (a),https://www.lpi.usra.edu/lunar/samples/atlas/compendium/71041.pdf,"Candidate came from a multi-sample document, but the table title/column belongs to another sample."
71041,3012,reassigned_to_other_sample,71061,17.85,LSPET73,XRF,unspecified,71041__compendium__728e9fe542,4,71061 | 71061,FeO 18 (a) 17.73 (b) 18 18.3 (a) 17.85 (b) 18.9 16.8 (a),https://www.lpi.usra.edu/lunar/samples/atlas/compendium/71041.pdf,"Candidate came from a multi-sample document, but the table title/column belongs to another sample."
71041,3013,reassigned_to_other_sample,71061,18.9,Korotev76,,unspecified,71041__compendium__728e9fe542,4,71061 | 71061,FeO 18 (a) 17.73 (b) 18 18.3 (a) 17.85 (b) 18.9 16.8 (a),https://www.lpi.usra.edu/lunar/samples/atlas/compendium/71041.pdf,"Candidate came from a multi-sample document, but the table title/column belongs to another sample."
71041,3014,reassigned_to_other_sample,71061,16.8,Korotev76,INAA,unspecified,71041__compendium__728e9fe542,4,71061 | 71061,FeO 18 (a) 17.73 (b) 18 18.3 (a) 17.85 (b) 18.9 16.8 (a),https://www.lpi.usra.edu/lunar/samples/atlas/compendium/71041.pdf,"Candidate came from a multi-sample document, but the table title/column belongs to another sample."
71055,2992,accepted_parent_or_documented_fraction,71055,19.43,Miller74,INAA,bulk_or_whole_sample,71035__compendium__f5705aa0be,8,Table 1. Chemical composition of 71055.,FeO 19.43 (a) 19.04 (a) 18.52 (a) 19.2 (b) 21.07 16,https://www.lpi.usra.edu/lunar/samples/atlas/compendium/71035.pdf,Primary table or table column explicitly identifies this Apollo sample (or its labeled fraction).
71055,2993,accepted_parent_or_documented_fraction,71055,19.04,Brunfelt74,INAA,bulk_or_whole_sample,71035__compendium__f5705aa0be,8,Table 1. Chemical composition of 71055.,FeO 19.43 (a) 19.04 (a) 18.52 (a) 19.2 (b) 21.07 16,https://www.lpi.usra.edu/lunar/samples/atlas/compendium/71035.pdf,Primary table or table column explicitly identifies this Apollo sample (or its labeled fraction).
71055,2994,accepted_parent_or_documented_fraction,71055,18.52,Boynton75,INAA,bulk_or_whole_sample,71035__compendium__f5705aa0be,8,Table 1. Chemical composition of 71055.,FeO 19.43 (a) 19.04 (a) 18.52 (a) 19.2 (b) 21.07 16,https://www.lpi.usra.edu/lunar/samples/atlas/compendium/71035.pdf,Primary table or table column explicitly identifies this Apollo sample (or its labeled fraction).
71055,2995,accepted_parent_or_documented_fraction,71055,19.2,Rose 74,microchemical,bulk_or_whole_sample,71035__compendium__f5705aa0be,8,Table 1. Chemical composition of 71055.,FeO 19.43 (a) 19.04 (a) 18.52 (a) 19.2 (b) 21.07 16,https://www.lpi.usra.edu/lunar/samples/atlas/compendium/71035.pdf,Primary table or table column explicitly identifies this Apollo sample (or its labeled fraction).
71055,2996,accepted_parent_or_documented_fraction,71055,21.07,Baedecker74,,bulk_or_whole_sample,71035__compendium__f5705aa0be,8,Table 1. Chemical composition of 71055.,FeO 19.43 (a) 19.04 (a) 18.52 (a) 19.2 (b) 21.07 16,https://www.lpi.usra.edu/lunar/samples/atlas/compendium/71035.pdf,Primary table or table column explicitly identifies this Apollo sample (or its labeled fraction).
71055,2997,accepted_parent_or_documented_fraction,71055,16,Dickenson89,,bulk_or_whole_sample,71035__compendium__f5705aa0be,8,Table 1. Chemical composition of 71055.,FeO 19.43 (a) 19.04 (a) 18.52 (a) 19.2 (b) 21.07 16,https://www.lpi.usra.edu/lunar/samples/atlas/compendium/71035.pdf,Primary table or table column explicitly identifies this Apollo sample (or its labeled fraction).
71055,2998,reassigned_to_other_sample,71037,19.74,Rhodes76,INAA,bulk_or_whole_sample,71035__compendium__f5705aa0be,9,Table 3. Chemical composition of 71037. | Ma 1979,FeO 19.74 (a) FeO 19.4 (a),https://www.lpi.usra.edu/lunar/samples/atlas/compendium/71035.pdf,"Candidate came from a multi-sample document, but the table title/column belongs to another sample."
71055,2999,reassigned_to_other_sample,71037,19.74,Rhodes76,INAA,bulk_or_whole_sample,71035__compendium__f5705aa0be,9,Table 3. Chemical composition of 71037. | Ma 1979,FeO 19.74 (a) FeO 19.4 (a),https://www.lpi.usra.edu/lunar/samples/atlas/compendium/71035.pdf,"Candidate came from a multi-sample document, but the table title/column belongs to another sample."
71055,3000,reassigned_to_other_sample,71037,19.4,Warner79,INAA,bulk_or_whole_sample,71035__compendium__f5705aa0be,9,Table 3. Chemical composition of 71037. | Ma 1979,FeO 19.74 (a) FeO 19.4 (a),https://www.lpi.usra.edu/lunar/samples/atlas/compendium/71035.pdf,"Candidate came from a multi-sample document, but the table title/column belongs to another sample."
71055,3001,reassigned_to_other_sample,71037,19.4,Warner79,INAA,bulk_or_whole_sample,71035__compendium__f5705aa0be,9,Table 3. Chemical composition of 71037. | Ma 1979,FeO 19.74 (a) FeO 19.4 (a),https://www.lpi.usra.edu/lunar/samples/atlas/compendium/71035.pdf,"Candidate came from a multi-sample document, but the table title/column belongs to another sample."
71061,3002,rejected_parser_false_positive,,71041,,,unspecified,71041__compendium__728e9fe542,1,,Soil samples 71041 and 71061 were collected from The maturity of 71041 and 71061 is Is/FeO = 29 and,https://www.lpi.usra.edu/lunar/samples/atlas/compendium/71041.pdf,Maturity/sample-number text was misread as an FeO concentration.
71061,3003,rejected_parser_false_positive,,71061,,,unspecified,71041__compendium__728e9fe542,1,,Soil samples 71041 and 71061 were collected from The maturity of 71041 and 71061 is Is/FeO = 29 and,https://www.lpi.usra.edu/lunar/samples/atlas/compendium/71041.pdf,Maturity/sample-number text was misread as an FeO concentration.
71061,3004,rejected_parser_false_positive,,71041,,,unspecified,71041__compendium__728e9fe542,1,,Soil samples 71041 and 71061 were collected from The maturity of 71041 and 71061 is Is/FeO = 29 and,https://www.lpi.usra.edu/lunar/samples/atlas/compendium/71041.pdf,Maturity/sample-number text was misread as an FeO concentration.
71061,3005,rejected_parser_false_positive,,71061,,,unspecified,71041__compendium__728e9fe542,1,,Soil samples 71041 and 71061 were collected from The maturity of 71041 and 71061 is Is/FeO = 29 and,https://www.lpi.usra.edu/lunar/samples/atlas/compendium/71041.pdf,Maturity/sample-number text was misread as an FeO concentration.
71061,3006,rejected_parser_false_positive,,29,,,unspecified,71041__compendium__728e9fe542,1,,Soil samples 71041 and 71061 were collected from The maturity of 71041 and 71061 is Is/FeO = 29 and,https://www.lpi.usra.edu/lunar/samples/atlas/compendium/71041.pdf,Maturity/sample-number text was misread as an FeO concentration.
71061,3007,rejected_parser_false_positive,,120,,,unspecified,71041__compendium__728e9fe542,2,,FeO C 120,https://www.lpi.usra.edu/lunar/samples/atlas/compendium/71041.pdf,Evidence does not assign this FeO value to the candidate parent sample.
71061,3008,reassigned_to_other_sample,71041,18,Korotev92,INAA,unspecified,71041__compendium__728e9fe542,4,71061 | 71061,FeO 18 (a) 17.73 (b) 18 18.3 (a) 17.85 (b) 18.9 16.8 (a),https://www.lpi.usra.edu/lunar/samples/atlas/compendium/71041.pdf,"Candidate came from a multi-sample document, but the table title/column belongs to another sample."
71061,3009,reassigned_to_other_sample,71041,17.73,LSPET73,XRF,unspecified,71041__compendium__728e9fe542,4,71061 | 71061,FeO 18 (a) 17.73 (b) 18 18.3 (a) 17.85 (b) 18.9 16.8 (a),https://www.lpi.usra.edu/lunar/samples/atlas/compendium/71041.pdf,"Candidate came from a multi-sample document, but the table title/column belongs to another sample."
71061,3010,reassigned_to_other_sample,71041,18,Korotev92,,unspecified,71041__compendium__728e9fe542,4,71061 | 71061,FeO 18 (a) 17.73 (b) 18 18.3 (a) 17.85 (b) 18.9 16.8 (a),https://www.lpi.usra.edu/lunar/samples/atlas/compendium/71041.pdf,"Candidate came from a multi-sample document, but the table title/column belongs to another sample."
71061,3011,accepted_parent_or_documented_fraction,71061,18.3,Korotev92,INAA,unspecified,71041__compendium__728e9fe542,4,71061 | 71061,FeO 18 (a) 17.73 (b) 18 18.3 (a) 17.85 (b) 18.9 16.8 (a),https://www.lpi.usra.edu/lunar/samples/atlas/compendium/71041.pdf,Primary table or table column explicitly identifies this Apollo sample (or its labeled fraction).
71061,3012,accepted_parent_or_documented_fraction,71061,17.85,LSPET73,XRF,unspecified,71041__compendium__728e9fe542,4,71061 | 71061,FeO 18 (a) 17.73 (b) 18 18.3 (a) 17.85 (b) 18.9 16.8 (a),https://www.lpi.usra.edu/lunar/samples/atlas/compendium/71041.pdf,Primary table or table column explicitly identifies this Apollo sample (or its labeled fraction).
71061,3013,accepted_parent_or_documented_fraction,71061,18.9,Korotev76,,unspecified,71041__compendium__728e9fe542,4,71061 | 71061,FeO 18 (a) 17.73 (b) 18 18.3 (a) 17.85 (b) 18.9 16.8 (a),https://www.lpi.usra.edu/lunar/samples/atlas/compendium/71041.pdf,Primary table or table column explicitly identifies this Apollo sample (or its labeled fraction).
71061,3014,accepted_parent_or_documented_fraction,71061,16.8,Korotev76,INAA,unspecified,71041__compendium__728e9fe542,4,71061 | 71061,FeO 18 (a) 17.73 (b) 18 18.3 (a) 17.85 (b) 18.9 16.8 (a),https://www.lpi.usra.edu/lunar/samples/atlas/compendium/71041.pdf,Primary table or table column explicitly identifies this Apollo sample (or its labeled fraction).
72701,3314,rejected_parser_false_positive,,72701,,,unspecified,72701__compendium__c2238abf6a,1,,The maturity index of 72701 is Is/FeO = 61 and the,https://www.lpi.usra.edu/lunar/samples/atlas/compendium/72701.pdf,Maturity/sample-number text was misread as an FeO concentration.
72701,3315,rejected_parser_false_positive,,61,,,unspecified,72701__compendium__c2238abf6a,1,,The maturity index of 72701 is Is/FeO = 61 and the,https://www.lpi.usra.edu/lunar/samples/atlas/compendium/72701.pdf,Maturity/sample-number text was misread as an FeO concentration.
72701,3316,accepted_parent_or_documented_fraction,72701,8.65,LSPET73,,bulk_or_whole_sample,72701__compendium__c2238abf6a,4,Table 1. Chemical composition of 72701. | Wiesmann76,FeO 8.65 8.94 (a) 8.85 9.04 (b) 8.78 (a) 8.88 (b) 8.64 (b) 8.99 (e) 9.07 8.36 (b),https://www.lpi.usra.edu/lunar/samples/atlas/compendium/72701.pdf,Primary table or table column explicitly identifies this Apollo sample (or its labeled fraction).
72701,3317,accepted_parent_or_documented_fraction,72701,8.94,LSPET73,XRF,bulk_or_whole_sample,72701__compendium__c2238abf6a,4,Table 1. Chemical composition of 72701. | Wiesmann76,FeO 8.65 8.94 (a) 8.85 9.04 (b) 8.78 (a) 8.88 (b) 8.64 (b) 8.99 (e) 9.07 8.36 (b),https://www.lpi.usra.edu/lunar/samples/atlas/compendium/72701.pdf,Primary table or table column explicitly identifies this Apollo sample (or its labeled fraction).
72701,3318,accepted_parent_or_documented_fraction,72701,8.85,Korotev92,,bulk_or_whole_sample,72701__compendium__c2238abf6a,4,Table 1. Chemical composition of 72701. | Wiesmann76,FeO 8.65 8.94 (a) 8.85 9.04 (b) 8.78 (a) 8.88 (b) 8.64 (b) 8.99 (e) 9.07 8.36 (b),https://www.lpi.usra.edu/lunar/samples/atlas/compendium/72701.pdf,Primary table or table column explicitly identifies this Apollo sample (or its labeled fraction).
72701,3319,accepted_parent_or_documented_fraction,72701,9.04,Korotev92,INAA,bulk_or_whole_sample,72701__compendium__c2238abf6a,4,Table 1. Chemical composition of 72701. | Wiesmann76,FeO 8.65 8.94 (a) 8.85 9.04 (b) 8.78 (a) 8.88 (b) 8.64 (b) 8.99 (e) 9.07 8.36 (b),https://www.lpi.usra.edu/lunar/samples/atlas/compendium/72701.pdf,Primary table or table column explicitly identifies this Apollo sample (or its labeled fraction).
72701,3320,accepted_parent_or_documented_fraction,72701,8.78,Duncan74,XRF,bulk_or_whole_sample,72701__compendium__c2238abf6a,4,Table 1. Chemical composition of 72701. | Wiesmann76,FeO 8.65 8.94 (a) 8.85 9.04 (b) 8.78 (a) 8.88 (b) 8.64 (b) 8.99 (e) 9.07 8.36 (b),https://www.lpi.usra.edu/lunar/samples/atlas/compendium/72701.pdf,Primary table or table column explicitly identifies this Apollo sample (or its labeled fraction).
72701,3321,accepted_parent_or_documented_fraction,72701,8.88,Baedecker74,INAA,bulk_or_whole_sample,72701__compendium__c2238abf6a,4,Table 1. Chemical composition of 72701. | Wiesmann76,FeO 8.65 8.94 (a) 8.85 9.04 (b) 8.78 (a) 8.88 (b) 8.64 (b) 8.99 (e) 9.07 8.36 (b),https://www.lpi.usra.edu/lunar/samples/atlas/compendium/72701.pdf,Primary table or table column explicitly identifies this Apollo sample (or its labeled fraction).
72701,3322,accepted_parent_or_documented_fraction,72701,8.64,Wanke73,INAA,bulk_or_whole_sample,72701__compendium__c2238abf6a,4,Table 1. Chemical composition of 72701. | Wiesmann76,FeO 8.65 8.94 (a) 8.85 9.04 (b) 8.78 (a) 8.88 (b) 8.64 (b) 8.99 (e) 9.07 8.36 (b),https://www.lpi.usra.edu/lunar/samples/atlas/compendium/72701.pdf,Primary table or table column explicitly identifies this Apollo sample (or its labeled fraction).
72701,3323,accepted_parent_or_documented_fraction,72701,8.99,Scoon74,wet,bulk_or_whole_sample,72701__compendium__c2238abf6a,4,Table 1. Chemical composition of 72701. | Wiesmann76,FeO 8.65 8.94 (a) 8.85 9.04 (b) 8.78 (a) 8.88 (b) 8.64 (b) 8.99 (e) 9.07 8.36 (b),https://www.lpi.usra.edu/lunar/samples/atlas/compendium/72701.pdf,Primary table or table column explicitly identifies this Apollo sample (or its labeled fraction).
72701,3324,accepted_parent_or_documented_fraction,72701,9.07,Blanchard75,,bulk_or_whole_sample,72701__compendium__c2238abf6a,4,Table 1. Chemical composition of 72701. | Wiesmann76,FeO 8.65 8.94 (a) 8.85 9.04 (b) 8.78 (a) 8.88 (b) 8.64 (b) 8.99 (e) 9.07 8.36 (b),https://www.lpi.usra.edu/lunar/samples/atlas/compendium/72701.pdf,Primary table or table column explicitly identifies this Apollo sample (or its labeled fraction).
72701,3325,accepted_parent_or_documented_fraction,72701,8.36,Blanchard75,INAA,bulk_or_whole_sample,72701__compendium__c2238abf6a,4,Table 1. Chemical composition of 72701. | Wiesmann76,FeO 8.65 8.94 (a) 8.85 9.04 (b) 8.78 (a) 8.88 (b) 8.64 (b) 8.99 (e) 9.07 8.36 (b),https://www.lpi.usra.edu/lunar/samples/atlas/compendium/72701.pdf,Primary table or table column explicitly identifies this Apollo sample (or its labeled fraction).
73131,3333,accepted_parent_or_documented_fraction,73131,6.87,Korotev92,,unspecified,73131__compendium__7659e3c2ad,2,Introduction | Sample 73130 was collected as a “soil clod” from the,FeO 6.87 7.18 (a),https://www.lpi.usra.edu/lunar/samples/atlas/compendium/73131.pdf,Primary table or table column explicitly identifies this Apollo sample (or its labeled fraction).
73131,3334,accepted_parent_or_documented_fraction,73131,7.18,Korotev92,INAA,unspecified,73131__compendium__7659e3c2ad,2,Introduction | Sample 73130 was collected as a “soil clod” from the,FeO 6.87 7.18 (a),https://www.lpi.usra.edu/lunar/samples/atlas/compendium/73131.pdf,Primary table or table column explicitly identifies this Apollo sample (or its labeled fraction).
73131,3335,rejected_parser_false_positive,,0.14,Eldridge74 bottom of a small fresh crater. The astronauts referred,radaition count,unspecified,73131__compendium__7659e3c2ad,2,Introduction | Sample 73130 was collected as a “soil clod” from the,K2O 0.14 (b) low FeO (Korotev and Kremser (1992).,https://www.lpi.usra.edu/lunar/samples/atlas/compendium/73131.pdf,Evidence does not assign this FeO value to the candidate parent sample.
73131,3336,rejected_parser_false_positive,,3,Eldridge74 bottom of a small fresh crater. The astronauts referred,,unspecified,73131__compendium__7659e3c2ad,2,Introduction | Sample 73130 was collected as a “soil clod” from the,Rh Figure 3: FeO content for 73131 compared with,https://www.lpi.usra.edu/lunar/samples/atlas/compendium/73131.pdf,Evidence does not assign this FeO value to the candidate parent sample.
73131,3337,rejected_parser_false_positive,,73131,Eldridge74 bottom of a small fresh crater. The astronauts referred,,unspecified,73131__compendium__7659e3c2ad,2,Introduction | Sample 73130 was collected as a “soil clod” from the,Rh Figure 3: FeO content for 73131 compared with,https://www.lpi.usra.edu/lunar/samples/atlas/compendium/73131.pdf,Evidence does not assign this FeO value to the candidate parent sample.
73241,3406,rejected_parser_false_positive,,43,,,unspecified,73221__compendium__83f44d040a,2,,"FeO = 43, 18, 45 and 34 and the average grain size is",https://www.lpi.usra.edu/lunar/samples/atlas/compendium/73221.pdf,Evidence does not assign this FeO value to the candidate parent sample.
73241,3407,rejected_parser_false_positive,,18,,,unspecified,73221__compendium__83f44d040a,2,,"FeO = 43, 18, 45 and 34 and the average grain size is",https://www.lpi.usra.edu/lunar/samples/atlas/compendium/73221.pdf,Evidence does not assign this FeO value to the candidate parent sample.
73241,3408,rejected_parser_false_positive,,45,,,unspecified,73221__compendium__83f44d040a,2,,"FeO = 43, 18, 45 and 34 and the average grain size is",https://www.lpi.usra.edu/lunar/samples/atlas/compendium/73221.pdf,Evidence does not assign this FeO value to the candidate parent sample.
73241,3409,rejected_parser_false_positive,,34,,,unspecified,73221__compendium__83f44d040a,2,,"FeO = 43, 18, 45 and 34 and the average grain size is",https://www.lpi.usra.edu/lunar/samples/atlas/compendium/73221.pdf,Evidence does not assign this FeO value to the candidate parent sample.
73241,3410,reassigned_to_other_sample,73221,8.85,Rose74,“microchemical”,unspecified,73221__compendium__83f44d040a,5,Wanke74 | reference,FeO 8.85 (a) 8.75 (b),https://www.lpi.usra.edu/lunar/samples/atlas/compendium/73221.pdf,"Candidate came from a multi-sample document, but the table title/column belongs to another sample."
73241,3411,reassigned_to_other_sample,73221,8.75,Wanke74,multiple,unspecified,73221__compendium__83f44d040a,5,Wanke74 | reference,FeO 8.85 (a) 8.75 (b),https://www.lpi.usra.edu/lunar/samples/atlas/compendium/73221.pdf,"Candidate came from a multi-sample document, but the table title/column belongs to another sample."
73241,3412,accepted_parent_or_documented_fraction,73241,8.45,Eldridge74,“microchemical”,unspecified,73221__compendium__83f44d040a,5,Wanke74 | reference,FeO 8.45 (a) 8.39 (b),https://www.lpi.usra.edu/lunar/samples/atlas/compendium/73221.pdf,Primary table or table column explicitly identifies this Apollo sample (or its labeled fraction).
73241,3413,accepted_parent_or_documented_fraction,73241,8.39,Eldridge74,multiple,unspecified,73221__compendium__83f44d040a,5,Wanke74 | reference,FeO 8.45 (a) 8.39 (b),https://www.lpi.usra.edu/lunar/samples/atlas/compendium/73221.pdf,Primary table or table column explicitly identifies this Apollo sample (or its labeled fraction).
73241,3414,reassigned_to_other_sample,73261,8.86,Rose74,“microchemical”,unspecified,73221__compendium__83f44d040a,6,Wanke74 | reference,FeO 8.86 (a) 8.84 (b),https://www.lpi.usra.edu/lunar/samples/atlas/compendium/73221.pdf,"Candidate came from a multi-sample document, but the table title/column belongs to another sample."
73241,3415,reassigned_to_other_sample,73261,8.84,Wanke74,multiple,unspecified,73221__compendium__83f44d040a,6,Wanke74 | reference,FeO 8.86 (a) 8.84 (b),https://www.lpi.usra.edu/lunar/samples/atlas/compendium/73221.pdf,"Candidate came from a multi-sample document, but the table title/column belongs to another sample."
73241,3416,reassigned_to_other_sample,73281,8.82,Eldridge74,“microchemical”,unspecified,73221__compendium__83f44d040a,6,Wanke74 | reference,FeO 8.82 (a) 8.54 (b),https://www.lpi.usra.edu/lunar/samples/atlas/compendium/73221.pdf,"Candidate came from a multi-sample document, but the table title/column belongs to another sample."
73241,3417,reassigned_to_other_sample,73281,8.54,Eldridge74,multiple,unspecified,73221__compendium__83f44d040a,6,Wanke74 | reference,FeO 8.82 (a) 8.54 (b),https://www.lpi.usra.edu/lunar/samples/atlas/compendium/73221.pdf,"Candidate came from a multi-sample document, but the table title/column belongs to another sample."
73261,3406,rejected_parser_false_positive,,43,,,unspecified,73221__compendium__83f44d040a,2,,"FeO = 43, 18, 45 and 34 and the average grain size is",https://www.lpi.usra.edu/lunar/samples/atlas/compendium/73221.pdf,Evidence does not assign this FeO value to the candidate parent sample.
73261,3407,rejected_parser_false_positive,,18,,,unspecified,73221__compendium__83f44d040a,2,,"FeO = 43, 18, 45 and 34 and the average grain size is",https://www.lpi.usra.edu/lunar/samples/atlas/compendium/73221.pdf,Evidence does not assign this FeO value to the candidate parent sample.
73261,3408,rejected_parser_false_positive,,45,,,unspecified,73221__compendium__83f44d040a,2,,"FeO = 43, 18, 45 and 34 and the average grain size is",https://www.lpi.usra.edu/lunar/samples/atlas/compendium/73221.pdf,Evidence does not assign this FeO value to the candidate parent sample.
73261,3409,rejected_parser_false_positive,,34,,,unspecified,73221__compendium__83f44d040a,2,,"FeO = 43, 18, 45 and 34 and the average grain size is",https://www.lpi.usra.edu/lunar/samples/atlas/compendium/73221.pdf,Evidence does not assign this FeO value to the candidate parent sample.
73261,3410,reassigned_to_other_sample,73221,8.85,Rose74,“microchemical”,unspecified,73221__compendium__83f44d040a,5,Wanke74 | reference,FeO 8.85 (a) 8.75 (b),https://www.lpi.usra.edu/lunar/samples/atlas/compendium/73221.pdf,"Candidate came from a multi-sample document, but the table title/column belongs to another sample."
73261,3411,reassigned_to_other_sample,73221,8.75,Wanke74,multiple,unspecified,73221__compendium__83f44d040a,5,Wanke74 | reference,FeO 8.85 (a) 8.75 (b),https://www.lpi.usra.edu/lunar/samples/atlas/compendium/73221.pdf,"Candidate came from a multi-sample document, but the table title/column belongs to another sample."
73261,3412,reassigned_to_other_sample,73241,8.45,Eldridge74,“microchemical”,unspecified,73221__compendium__83f44d040a,5,Wanke74 | reference,FeO 8.45 (a) 8.39 (b),https://www.lpi.usra.edu/lunar/samples/atlas/compendium/73221.pdf,"Candidate came from a multi-sample document, but the table title/column belongs to another sample."
73261,3413,reassigned_to_other_sample,73241,8.39,Eldridge74,multiple,unspecified,73221__compendium__83f44d040a,5,Wanke74 | reference,FeO 8.45 (a) 8.39 (b),https://www.lpi.usra.edu/lunar/samples/atlas/compendium/73221.pdf,"Candidate came from a multi-sample document, but the table title/column belongs to another sample."
73261,3414,accepted_parent_or_documented_fraction,73261,8.86,Rose74,“microchemical”,unspecified,73221__compendium__83f44d040a,6,Wanke74 | reference,FeO 8.86 (a) 8.84 (b),https://www.lpi.usra.edu/lunar/samples/atlas/compendium/73221.pdf,Primary table or table column explicitly identifies this Apollo sample (or its labeled fraction).
73261,3415,accepted_parent_or_documented_fraction,73261,8.84,Wanke74,multiple,unspecified,73221__compendium__83f44d040a,6,Wanke74 | reference,FeO 8.86 (a) 8.84 (b),https://www.lpi.usra.edu/lunar/samples/atlas/compendium/73221.pdf,Primary table or table column explicitly identifies this Apollo sample (or its labeled fraction).
73261,3416,reassigned_to_other_sample,73281,8.82,Eldridge74,“microchemical”,unspecified,73221__compendium__83f44d040a,6,Wanke74 | reference,FeO 8.82 (a) 8.54 (b),https://www.lpi.usra.edu/lunar/samples/atlas/compendium/73221.pdf,"Candidate came from a multi-sample document, but the table title/column belongs to another sample."
73261,3417,reassigned_to_other_sample,73281,8.54,Eldridge74,multiple,unspecified,73221__compendium__83f44d040a,6,Wanke74 | reference,FeO 8.82 (a) 8.54 (b),https://www.lpi.usra.edu/lunar/samples/atlas/compendium/73221.pdf,"Candidate came from a multi-sample document, but the table title/column belongs to another sample."
73281,3406,rejected_parser_false_positive,,43,,,unspecified,73221__compendium__83f44d040a,2,,"FeO = 43, 18, 45 and 34 and the average grain size is",https://www.lpi.usra.edu/lunar/samples/atlas/compendium/73221.pdf,Evidence does not assign this FeO value to the candidate parent sample.
73281,3407,rejected_parser_false_positive,,18,,,unspecified,73221__compendium__83f44d040a,2,,"FeO = 43, 18, 45 and 34 and the average grain size is",https://www.lpi.usra.edu/lunar/samples/atlas/compendium/73221.pdf,Evidence does not assign this FeO value to the candidate parent sample.
73281,3408,rejected_parser_false_positive,,45,,,unspecified,73221__compendium__83f44d040a,2,,"FeO = 43, 18, 45 and 34 and the average grain size is",https://www.lpi.usra.edu/lunar/samples/atlas/compendium/73221.pdf,Evidence does not assign this FeO value to the candidate parent sample.
73281,3409,rejected_parser_false_positive,,34,,,unspecified,73221__compendium__83f44d040a,2,,"FeO = 43, 18, 45 and 34 and the average grain size is",https://www.lpi.usra.edu/lunar/samples/atlas/compendium/73221.pdf,Evidence does not assign this FeO value to the candidate parent sample.
73281,3410,reassigned_to_other_sample,73221,8.85,Rose74,“microchemical”,unspecified,73221__compendium__83f44d040a,5,Wanke74 | reference,FeO 8.85 (a) 8.75 (b),https://www.lpi.usra.edu/lunar/samples/atlas/compendium/73221.pdf,"Candidate came from a multi-sample document, but the table title/column belongs to another sample."
73281,3411,reassigned_to_other_sample,73221,8.75,Wanke74,multiple,unspecified,73221__compendium__83f44d040a,5,Wanke74 | reference,FeO 8.85 (a) 8.75 (b),https://www.lpi.usra.edu/lunar/samples/atlas/compendium/73221.pdf,"Candidate came from a multi-sample document, but the table title/column belongs to another sample."
73281,3412,reassigned_to_other_sample,73241,8.45,Eldridge74,“microchemical”,unspecified,73221__compendium__83f44d040a,5,Wanke74 | reference,FeO 8.45 (a) 8.39 (b),https://www.lpi.usra.edu/lunar/samples/atlas/compendium/73221.pdf,"Candidate came from a multi-sample document, but the table title/column belongs to another sample."
73281,3413,reassigned_to_other_sample,73241,8.39,Eldridge74,multiple,unspecified,73221__compendium__83f44d040a,5,Wanke74 | reference,FeO 8.45 (a) 8.39 (b),https://www.lpi.usra.edu/lunar/samples/atlas/compendium/73221.pdf,"Candidate came from a multi-sample document, but the table title/column belongs to another sample."
73281,3414,reassigned_to_other_sample,73261,8.86,Rose74,“microchemical”,unspecified,73221__compendium__83f44d040a,6,Wanke74 | reference,FeO 8.86 (a) 8.84 (b),https://www.lpi.usra.edu/lunar/samples/atlas/compendium/73221.pdf,"Candidate came from a multi-sample document, but the table title/column belongs to another sample."
73281,3415,reassigned_to_other_sample,73261,8.84,Wanke74,multiple,unspecified,73221__compendium__83f44d040a,6,Wanke74 | reference,FeO 8.86 (a) 8.84 (b),https://www.lpi.usra.edu/lunar/samples/atlas/compendium/73221.pdf,"Candidate came from a multi-sample document, but the table title/column belongs to another sample."
73281,3416,accepted_parent_or_documented_fraction,73281,8.82,Eldridge74,“microchemical”,unspecified,73221__compendium__83f44d040a,6,Wanke74 | reference,FeO 8.82 (a) 8.54 (b),https://www.lpi.usra.edu/lunar/samples/atlas/compendium/73221.pdf,Primary table or table column explicitly identifies this Apollo sample (or its labeled fraction).
73281,3417,accepted_parent_or_documented_fraction,73281,8.54,Eldridge74,multiple,unspecified,73221__compendium__83f44d040a,6,Wanke74 | reference,FeO 8.82 (a) 8.54 (b),https://www.lpi.usra.edu/lunar/samples/atlas/compendium/73221.pdf,Primary table or table column explicitly identifies this Apollo sample (or its labeled fraction).
74001,3464,retained_component_or_subsample_only,74001,23.4,Blanchard78,,unspecified,74002__compendium__e7077af4c3,4,"74001,11 | 74001,5",FeO 23.4 22.5 23.7 (c ) 22.1 (c ),https://www.lpi.usra.edu/lunar/samples/atlas/compendium/74002.pdf,"Valid FeO value, but evidence is for a component, lithology, magnetic fraction, coating/interior, or named subsample; not parent bulk FeO."
74001,3465,retained_component_or_subsample_only,74001,22.5,Blanchard78,,unspecified,74002__compendium__e7077af4c3,4,"74001,11 | 74001,5",FeO 23.4 22.5 23.7 (c ) 22.1 (c ),https://www.lpi.usra.edu/lunar/samples/atlas/compendium/74002.pdf,"Valid FeO value, but evidence is for a component, lithology, magnetic fraction, coating/interior, or named subsample; not parent bulk FeO."
74001,3466,retained_component_or_subsample_only,74001,23.7,Blanchard78,INAA,unspecified,74002__compendium__e7077af4c3,4,"74001,11 | 74001,5",FeO 23.4 22.5 23.7 (c ) 22.1 (c ),https://www.lpi.usra.edu/lunar/samples/atlas/compendium/74002.pdf,"Valid FeO value, but evidence is for a component, lithology, magnetic fraction, coating/interior, or named subsample; not parent bulk FeO."
74001,3467,retained_component_or_subsample_only,74001,22.1,Krahenbuhl79,INAA,unspecified,74002__compendium__e7077af4c3,4,"74001,11 | 74001,5",FeO 23.4 22.5 23.7 (c ) 22.1 (c ),https://www.lpi.usra.edu/lunar/samples/atlas/compendium/74002.pdf,"Valid FeO value, but evidence is for a component, lithology, magnetic fraction, coating/interior, or named subsample; not parent bulk FeO."
74001,3468,rejected_parser_false_positive,,74001,,,unspecified,74002__compendium__e7077af4c3,10,,"Sci. Conf. 1425-1435. core section 74001: Depth profiles of maturity, FeO and",https://www.lpi.usra.edu/lunar/samples/atlas/compendium/74002.pdf,Maturity/sample-number text was misread as an FeO concentration.
74002,3464,reassigned_to_other_sample,74001,23.4,Blanchard78,,unspecified,74002__compendium__e7077af4c3,4,"74001,11 | 74001,5",FeO 23.4 22.5 23.7 (c ) 22.1 (c ),https://www.lpi.usra.edu/lunar/samples/atlas/compendium/74002.pdf,"Candidate came from a multi-sample document, but the table title/column belongs to another sample."
74002,3465,reassigned_to_other_sample,74001,22.5,Blanchard78,,unspecified,74002__compendium__e7077af4c3,4,"74001,11 | 74001,5",FeO 23.4 22.5 23.7 (c ) 22.1 (c ),https://www.lpi.usra.edu/lunar/samples/atlas/compendium/74002.pdf,"Candidate came from a multi-sample document, but the table title/column belongs to another sample."
74002,3466,reassigned_to_other_sample,74001,23.7,Blanchard78,INAA,unspecified,74002__compendium__e7077af4c3,4,"74001,11 | 74001,5",FeO 23.4 22.5 23.7 (c ) 22.1 (c ),https://www.lpi.usra.edu/lunar/samples/atlas/compendium/74002.pdf,"Candidate came from a multi-sample document, but the table title/column belongs to another sample."
74002,3467,reassigned_to_other_sample,74001,22.1,Krahenbuhl79,INAA,unspecified,74002__compendium__e7077af4c3,4,"74001,11 | 74001,5",FeO 23.4 22.5 23.7 (c ) 22.1 (c ),https://www.lpi.usra.edu/lunar/samples/atlas/compendium/74002.pdf,"Candidate came from a multi-sample document, but the table title/column belongs to another sample."
74002,3468,rejected_parser_false_positive,,74001,,,unspecified,74002__compendium__e7077af4c3,10,,"Sci. Conf. 1425-1435. core section 74001: Depth profiles of maturity, FeO and",https://www.lpi.usra.edu/lunar/samples/atlas/compendium/74002.pdf,Maturity/sample-number text was misread as an FeO concentration.
74220,3476,accepted_parent_or_documented_fraction,74220,22.04,Rhodes 74,,unspecified,74220__compendium__54c453791d,10,Table 1a. Chemical composition of Shorty Trench. | core ave.,FeO 22.04 15.84 14.89 15.31 22.34 14.66 14.84 14.96 23.7,https://www.lpi.usra.edu/lunar/samples/atlas/compendium/74220.pdf,Primary table or table column explicitly identifies this Apollo sample (or its labeled fraction).
74220,3477,accepted_parent_or_documented_fraction,74220,15.84,Rhodes,,unspecified,74220__compendium__54c453791d,10,Table 1a. Chemical composition of Shorty Trench. | core ave.,FeO 22.04 15.84 14.89 15.31 22.34 14.66 14.84 14.96 23.7,https://www.lpi.usra.edu/lunar/samples/atlas/compendium/74220.pdf,Primary table or table column explicitly identifies this Apollo sample (or its labeled fraction).
74220,3478,accepted_parent_or_documented_fraction,74220,14.89,Rhodes,,unspecified,74220__compendium__54c453791d,10,Table 1a. Chemical composition of Shorty Trench. | core ave.,FeO 22.04 15.84 14.89 15.31 22.34 14.66 14.84 14.96 23.7,https://www.lpi.usra.edu/lunar/samples/atlas/compendium/74220.pdf,Primary table or table column explicitly identifies this Apollo sample (or its labeled fraction).
74220,3479,reassigned_to_other_sample,74240,15.31,Rhodes,,unspecified,74220__compendium__54c453791d,10,Table 1a. Chemical composition of Shorty Trench. | core ave.,FeO 22.04 15.84 14.89 15.31 22.34 14.66 14.84 14.96 23.7,https://www.lpi.usra.edu/lunar/samples/atlas/compendium/74220.pdf,"Candidate came from a multi-sample document, but the table title/column belongs to another sample."
74220,3480,reassigned_to_other_sample,74241,22.34,Nava 74,,unspecified,74220__compendium__54c453791d,10,Table 1a. Chemical composition of Shorty Trench. | core ave.,FeO 22.04 15.84 14.89 15.31 22.34 14.66 14.84 14.96 23.7,https://www.lpi.usra.edu/lunar/samples/atlas/compendium/74220.pdf,"Candidate came from a multi-sample document, but the table title/column belongs to another sample."
74220,3481,reassigned_to_other_sample,74241,14.66,Nava 74,,unspecified,74220__compendium__54c453791d,10,Table 1a. Chemical composition of Shorty Trench. | core ave.,FeO 22.04 15.84 14.89 15.31 22.34 14.66 14.84 14.96 23.7,https://www.lpi.usra.edu/lunar/samples/atlas/compendium/74220.pdf,"Visual table-column review assigns this value to 74241(a), not 74220."
74220,3482,reassigned_to_other_sample,74260,14.84,Rose 74,,unspecified,74220__compendium__54c453791d,10,Table 1a. Chemical composition of Shorty Trench. | core ave.,FeO 22.04 15.84 14.89 15.31 22.34 14.66 14.84 14.96 23.7,https://www.lpi.usra.edu/lunar/samples/atlas/compendium/74220.pdf,"Visual table-column review assigns this value to 74260, not 74220."
74220,3483,accepted_parent_or_documented_fraction,74220,14.96,Rose 74,,unspecified,74220__compendium__54c453791d,10,Table 1a. Chemical composition of Shorty Trench. | core ave.,FeO 22.04 15.84 14.89 15.31 22.34 14.66 14.84 14.96 23.7,https://www.lpi.usra.edu/lunar/samples/atlas/compendium/74220.pdf,Visual table-column review assigns this value to the 74220 column.
74220,3484,reassigned_to_other_sample,74001_or_74002,23.7,Blanchard 78,,unspecified,74220__compendium__54c453791d,10,Table 1a. Chemical composition of Shorty Trench. | core ave.,FeO 22.04 15.84 14.89 15.31 22.34 14.66 14.84 14.96 23.7,https://www.lpi.usra.edu/lunar/samples/atlas/compendium/74220.pdf,"Candidate came from a multi-sample document, but the table title/column belongs to another sample."
74220,3485,accepted_parent_or_documented_fraction,74220,22.4,Korotev 92,,unspecified,74220__compendium__54c453791d,11,bulk | spheres,FeO 22.4 16.2 15.4 15.8 23.8 0.68 2.56 20.97 24.19 (c ) 21.87 15.18,https://www.lpi.usra.edu/lunar/samples/atlas/compendium/74220.pdf,Primary table or table column explicitly identifies this Apollo sample (or its labeled fraction).
74220,3486,accepted_parent_or_documented_fraction,74220,16.2,Korotev 92,,unspecified,74220__compendium__54c453791d,11,bulk | spheres,FeO 22.4 16.2 15.4 15.8 23.8 0.68 2.56 20.97 24.19 (c ) 21.87 15.18,https://www.lpi.usra.edu/lunar/samples/atlas/compendium/74220.pdf,Primary table or table column explicitly identifies this Apollo sample (or its labeled fraction).
74220,3487,reassigned_to_other_sample,74241,15.4,Korotev 92,,unspecified,74220__compendium__54c453791d,11,bulk | spheres,FeO 22.4 16.2 15.4 15.8 23.8 0.68 2.56 20.97 24.19 (c ) 21.87 15.18,https://www.lpi.usra.edu/lunar/samples/atlas/compendium/74220.pdf,"Candidate came from a multi-sample document, but the table title/column belongs to another sample."
74220,3488,accepted_parent_or_documented_fraction,74220,15.8,Korotev 92,,unspecified,74220__compendium__54c453791d,11,bulk | spheres,FeO 22.4 16.2 15.4 15.8 23.8 0.68 2.56 20.97 24.19 (c ) 21.87 15.18,https://www.lpi.usra.edu/lunar/samples/atlas/compendium/74220.pdf,Primary table or table column explicitly identifies this Apollo sample (or its labeled fraction).
74220,3489,reassigned_to_other_sample,74241,23.8,Wasson 76,,unspecified,74220__compendium__54c453791d,11,bulk | spheres,FeO 22.4 16.2 15.4 15.8 23.8 0.68 2.56 20.97 24.19 (c ) 21.87 15.18,https://www.lpi.usra.edu/lunar/samples/atlas/compendium/74220.pdf,"Candidate came from a multi-sample document, but the table title/column belongs to another sample."
74220,3490,retained_component_or_subsample_only,74220,0.68,Wasson 76,,unspecified,74220__compendium__54c453791d,11,bulk | spheres,FeO 22.4 16.2 15.4 15.8 23.8 0.68 2.56 20.97 24.19 (c ) 21.87 15.18,https://www.lpi.usra.edu/lunar/samples/atlas/compendium/74220.pdf,"Valid FeO value, but evidence is for a component, lithology, magnetic fraction, coating/interior, or named subsample; not parent bulk FeO."
74220,3491,retained_component_or_subsample_only,74220,2.56,Wasson 76,,unspecified,74220__compendium__54c453791d,11,bulk | spheres,FeO 22.4 16.2 15.4 15.8 23.8 0.68 2.56 20.97 24.19 (c ) 21.87 15.18,https://www.lpi.usra.edu/lunar/samples/atlas/compendium/74220.pdf,"Valid FeO value, but evidence is for a component, lithology, magnetic fraction, coating/interior, or named subsample; not parent bulk FeO."
74220,3492,retained_component_or_subsample_only,74220,20.97,Wasson 76,,unspecified,74220__compendium__54c453791d,11,bulk | spheres,FeO 22.4 16.2 15.4 15.8 23.8 0.68 2.56 20.97 24.19 (c ) 21.87 15.18,https://www.lpi.usra.edu/lunar/samples/atlas/compendium/74220.pdf,"Valid FeO value, but evidence is for a component, lithology, magnetic fraction, coating/interior, or named subsample; not parent bulk FeO."
74220,3493,retained_component_or_subsample_only,74220,24.19,Wasson 76,,unspecified,74220__compendium__54c453791d,11,bulk | spheres,FeO 22.4 16.2 15.4 15.8 23.8 0.68 2.56 20.97 24.19 (c ) 21.87 15.18,https://www.lpi.usra.edu/lunar/samples/atlas/compendium/74220.pdf,"Valid FeO value, but evidence is for a component, lithology, magnetic fraction, coating/interior, or named subsample; not parent bulk FeO."
74220,3494,accepted_parent_or_documented_fraction,74220,21.87,Wanke 73,,unspecified,74220__compendium__54c453791d,11,bulk | spheres,FeO 22.4 16.2 15.4 15.8 23.8 0.68 2.56 20.97 24.19 (c ) 21.87 15.18,https://www.lpi.usra.edu/lunar/samples/atlas/compendium/74220.pdf,Primary table or table column explicitly identifies this Apollo sample (or its labeled fraction).
74220,3495,reassigned_to_other_sample,74241,15.18,Wanke 73,,unspecified,74220__compendium__54c453791d,11,bulk | spheres,FeO 22.4 16.2 15.4 15.8 23.8 0.68 2.56 20.97 24.19 (c ) 21.87 15.18,https://www.lpi.usra.edu/lunar/samples/atlas/compendium/74220.pdf,"Candidate came from a multi-sample document, but the table title/column belongs to another sample."
74220,3496,accepted_parent_or_documented_fraction,74220,22.13,Duncan 74,,unspecified,74220__compendium__54c453791d,12,bulk | spheres,FeO 22.13 21.23,https://www.lpi.usra.edu/lunar/samples/atlas/compendium/74220.pdf,Primary table or table column explicitly identifies this Apollo sample (or its labeled fraction).
74220,3497,accepted_parent_or_documented_fraction,74220,21.23,Miller 74,,unspecified,74220__compendium__54c453791d,12,bulk | spheres,FeO 22.13 21.23,https://www.lpi.usra.edu/lunar/samples/atlas/compendium/74220.pdf,Primary table or table column explicitly identifies this Apollo sample (or its labeled fraction).
74220,3498,rejected_parser_false_positive,,22.3,Hughes 90,,unspecified,74220__compendium__54c453791d,13,"74,241,171 | 74221,86",FeO 22.3 22.5 22.9 22.8 23.1 22.9 21.3 22.6 (c ),https://www.lpi.usra.edu/lunar/samples/atlas/compendium/74220.pdf,Evidence does not assign this FeO value to the candidate parent sample.
74220,3499,rejected_parser_false_positive,,22.5,Hughes 90,,unspecified,74220__compendium__54c453791d,13,"74,241,171 | 74221,86",FeO 22.3 22.5 22.9 22.8 23.1 22.9 21.3 22.6 (c ),https://www.lpi.usra.edu/lunar/samples/atlas/compendium/74220.pdf,Evidence does not assign this FeO value to the candidate parent sample.
74220,3500,rejected_parser_false_positive,,22.9,Hughes 90,,unspecified,74220__compendium__54c453791d,13,"74,241,171 | 74221,86",FeO 22.3 22.5 22.9 22.8 23.1 22.9 21.3 22.6 (c ),https://www.lpi.usra.edu/lunar/samples/atlas/compendium/74220.pdf,Evidence does not assign this FeO value to the candidate parent sample.
74220,3501,rejected_parser_false_positive,,22.8,Hughes 90,,unspecified,74220__compendium__54c453791d,13,"74,241,171 | 74221,86",FeO 22.3 22.5 22.9 22.8 23.1 22.9 21.3 22.6 (c ),https://www.lpi.usra.edu/lunar/samples/atlas/compendium/74220.pdf,Evidence does not assign this FeO value to the candidate parent sample.
74220,3502,rejected_parser_false_positive,,23.1,Hughes 90,,unspecified,74220__compendium__54c453791d,13,"74,241,171 | 74221,86",FeO 22.3 22.5 22.9 22.8 23.1 22.9 21.3 22.6 (c ),https://www.lpi.usra.edu/lunar/samples/atlas/compendium/74220.pdf,Evidence does not assign this FeO value to the candidate parent sample.
74220,3503,rejected_parser_false_positive,,22.9,Hughes 90,,unspecified,74220__compendium__54c453791d,13,"74,241,171 | 74221,86",FeO 22.3 22.5 22.9 22.8 23.1 22.9 21.3 22.6 (c ),https://www.lpi.usra.edu/lunar/samples/atlas/compendium/74220.pdf,Evidence does not assign this FeO value to the candidate parent sample.
74220,3504,rejected_parser_false_positive,,21.3,Hughes 90,,unspecified,74220__compendium__54c453791d,13,"74,241,171 | 74221,86",FeO 22.3 22.5 22.9 22.8 23.1 22.9 21.3 22.6 (c ),https://www.lpi.usra.edu/lunar/samples/atlas/compendium/74220.pdf,Evidence does not assign this FeO value to the candidate parent sample.
74220,3505,rejected_parser_false_positive,,22.6,Hughes 90,,unspecified,74220__compendium__54c453791d,13,"74,241,171 | 74221,86",FeO 22.3 22.5 22.9 22.8 23.1 22.9 21.3 22.6 (c ),https://www.lpi.usra.edu/lunar/samples/atlas/compendium/74220.pdf,Evidence does not assign this FeO value to the candidate parent sample.
74220,3506,retained_component_or_subsample_only,74240_or_orange_glass_component,22.9,Delano 81,,unspecified,74220__compendium__54c453791d,14,74240 | A 17,FeO 22.9 21.96 22 22.4 22.4 22.7 22.2 22.6 22.21 23.4 23.8 22.4,https://www.lpi.usra.edu/lunar/samples/atlas/compendium/74220.pdf,Valid FeO in a later orange-glass/component table; not a parent-bulk 74220 value.
74220,3507,retained_component_or_subsample_only,74240_or_orange_glass_component,21.96,Reid 73,,unspecified,74220__compendium__54c453791d,14,74240 | A 17,FeO 22.9 21.96 22 22.4 22.4 22.7 22.2 22.6 22.21 23.4 23.8 22.4,https://www.lpi.usra.edu/lunar/samples/atlas/compendium/74220.pdf,Valid FeO in a later orange-glass/component table; not a parent-bulk 74220 value.
74220,3508,retained_component_or_subsample_only,74240_or_orange_glass_component,22,Reid 73,,unspecified,74220__compendium__54c453791d,14,74240 | A 17,FeO 22.9 21.96 22 22.4 22.4 22.7 22.2 22.6 22.21 23.4 23.8 22.4,https://www.lpi.usra.edu/lunar/samples/atlas/compendium/74220.pdf,Valid FeO in a later orange-glass/component table; not a parent-bulk 74220 value.
74220,3509,retained_component_or_subsample_only,74240_or_orange_glass_component,22.4,Prinz 73,,unspecified,74220__compendium__54c453791d,14,74240 | A 17,FeO 22.9 21.96 22 22.4 22.4 22.7 22.2 22.6 22.21 23.4 23.8 22.4,https://www.lpi.usra.edu/lunar/samples/atlas/compendium/74220.pdf,Valid FeO in a later orange-glass/component table; not a parent-bulk 74220 value.
74220,3510,retained_component_or_subsample_only,74240_or_orange_glass_component,22.4,Carter 73,,unspecified,74220__compendium__54c453791d,14,74240 | A 17,FeO 22.9 21.96 22 22.4 22.4 22.7 22.2 22.6 22.21 23.4 23.8 22.4,https://www.lpi.usra.edu/lunar/samples/atlas/compendium/74220.pdf,Valid FeO in a later orange-glass/component table; not a parent-bulk 74220 value.
74220,3511,retained_component_or_subsample_only,74240_or_orange_glass_component,22.7,Glass 73,,unspecified,74220__compendium__54c453791d,14,74240 | A 17,FeO 22.9 21.96 22 22.4 22.4 22.7 22.2 22.6 22.21 23.4 23.8 22.4,https://www.lpi.usra.edu/lunar/samples/atlas/compendium/74220.pdf,Valid FeO in a later orange-glass/component table; not a parent-bulk 74220 value.
74220,3512,retained_component_or_subsample_only,74240_or_orange_glass_component,22.2,Roedder 73,,unspecified,74220__compendium__54c453791d,14,74240 | A 17,FeO 22.9 21.96 22 22.4 22.4 22.7 22.2 22.6 22.21 23.4 23.8 22.4,https://www.lpi.usra.edu/lunar/samples/atlas/compendium/74220.pdf,Valid FeO in a later orange-glass/component table; not a parent-bulk 74220 value.
74220,3513,retained_component_or_subsample_only,74240_or_orange_glass_component,22.6,Heiken 74 Mao 73,,unspecified,74220__compendium__54c453791d,14,74240 | A 17,FeO 22.9 21.96 22 22.4 22.4 22.7 22.2 22.6 22.21 23.4 23.8 22.4,https://www.lpi.usra.edu/lunar/samples/atlas/compendium/74220.pdf,Valid FeO in a later orange-glass/component table; not a parent-bulk 74220 value.
74220,3514,retained_component_or_subsample_only,74240_or_orange_glass_component,22.21,Heiken 74 Mao 73,,unspecified,74220__compendium__54c453791d,14,74240 | A 17,FeO 22.9 21.96 22 22.4 22.4 22.7 22.2 22.6 22.21 23.4 23.8 22.4,https://www.lpi.usra.edu/lunar/samples/atlas/compendium/74220.pdf,Valid FeO in a later orange-glass/component table; not a parent-bulk 74220 value.
74220,3515,retained_component_or_subsample_only,74240_or_orange_glass_component,23.4,Philpotts 73,,unspecified,74220__compendium__54c453791d,14,74240 | A 17,FeO 22.9 21.96 22 22.4 22.4 22.7 22.2 22.6 22.21 23.4 23.8 22.4,https://www.lpi.usra.edu/lunar/samples/atlas/compendium/74220.pdf,Valid FeO in a later orange-glass/component table; not a parent-bulk 74220 value.
74220,3516,retained_component_or_subsample_only,74240_or_orange_glass_component,23.8,Philpotts 73,,unspecified,74220__compendium__54c453791d,14,74240 | A 17,FeO 22.9 21.96 22 22.4 22.4 22.7 22.2 22.6 22.21 23.4 23.8 22.4,https://www.lpi.usra.edu/lunar/samples/atlas/compendium/74220.pdf,Valid FeO in a later orange-glass/component table; not a parent-bulk 74220 value.
74220,3517,retained_component_or_subsample_only,74240_or_orange_glass_component,22.4,Warner 79,,unspecified,74220__compendium__54c453791d,14,74240 | A 17,FeO 22.9 21.96 22 22.4 22.4 22.7 22.2 22.6 22.21 23.4 23.8 22.4,https://www.lpi.usra.edu/lunar/samples/atlas/compendium/74220.pdf,Valid FeO in a later orange-glass/component table; not a parent-bulk 74220 value.
74220,3518,rejected_parser_false_positive,,74001,,,unspecified,74220__compendium__54c453791d,19,,"core section 74001: Depth profiles of maturity, FeO and Planet. Sci. Conf., 1593-1608.",https://www.lpi.usra.edu/lunar/samples/atlas/compendium/74220.pdf,Maturity/sample-number text was misread as an FeO concentration.
74220,3519,rejected_parser_false_positive,,54,,,unspecified,74220__compendium__54c453791d,19,,"soils: Some concepts and Is/FeO compilation. Proc. 9th basins. EOS Trans. AGU 54, 605.",https://www.lpi.usra.edu/lunar/samples/atlas/compendium/74220.pdf,Maturity/sample-number text was misread as an FeO concentration.
74220,3520,rejected_parser_false_positive,,605.,,,unspecified,74220__compendium__54c453791d,19,,"soils: Some concepts and Is/FeO compilation. Proc. 9th basins. EOS Trans. AGU 54, 605.",https://www.lpi.usra.edu/lunar/samples/atlas/compendium/74220.pdf,Maturity/sample-number text was misread as an FeO concentration.
74275,3530,accepted_parent_or_documented_fraction,74275,18.25,Duncan74,,bulk_or_whole_sample,74275__compendium__5771f07302,6,Table 1. Chemical composition of 74275.,FeO 18.25 (a) 18.03 (a) 18.29 18.31 18.18 17.4 (d) 19.1 (d) 18 (c ),https://www.lpi.usra.edu/lunar/samples/atlas/compendium/74275.pdf,Primary table or table column explicitly identifies this Apollo sample (or its labeled fraction).
74275,3531,accepted_parent_or_documented_fraction,74275,18.03,Rose 75,,bulk_or_whole_sample,74275__compendium__5771f07302,6,Table 1. Chemical composition of 74275.,FeO 18.25 (a) 18.03 (a) 18.29 18.31 18.18 17.4 (d) 19.1 (d) 18 (c ),https://www.lpi.usra.edu/lunar/samples/atlas/compendium/74275.pdf,Primary table or table column explicitly identifies this Apollo sample (or its labeled fraction).
74275,3532,accepted_parent_or_documented_fraction,74275,18.29,Wanke 74,,bulk_or_whole_sample,74275__compendium__5771f07302,6,Table 1. Chemical composition of 74275.,FeO 18.25 (a) 18.03 (a) 18.29 18.31 18.18 17.4 (d) 19.1 (d) 18 (c ),https://www.lpi.usra.edu/lunar/samples/atlas/compendium/74275.pdf,Primary table or table column explicitly identifies this Apollo sample (or its labeled fraction).
74275,3533,accepted_parent_or_documented_fraction,74275,18.31,Miller 74,,bulk_or_whole_sample,74275__compendium__5771f07302,6,Table 1. Chemical composition of 74275.,FeO 18.25 (a) 18.03 (a) 18.29 18.31 18.18 17.4 (d) 19.1 (d) 18 (c ),https://www.lpi.usra.edu/lunar/samples/atlas/compendium/74275.pdf,Primary table or table column explicitly identifies this Apollo sample (or its labeled fraction).
74275,3534,accepted_parent_or_documented_fraction,74275,18.18,Miller 74,,bulk_or_whole_sample,74275__compendium__5771f07302,6,Table 1. Chemical composition of 74275.,FeO 18.25 (a) 18.03 (a) 18.29 18.31 18.18 17.4 (d) 19.1 (d) 18 (c ),https://www.lpi.usra.edu/lunar/samples/atlas/compendium/74275.pdf,Primary table or table column explicitly identifies this Apollo sample (or its labeled fraction).
74275,3535,accepted_parent_or_documented_fraction,74275,17.4,Hodges74,,bulk_or_whole_sample,74275__compendium__5771f07302,6,Table 1. Chemical composition of 74275.,FeO 18.25 (a) 18.03 (a) 18.29 18.31 18.18 17.4 (d) 19.1 (d) 18 (c ),https://www.lpi.usra.edu/lunar/samples/atlas/compendium/74275.pdf,Primary table or table column explicitly identifies this Apollo sample (or its labeled fraction).
74275,3536,accepted_parent_or_documented_fraction,74275,19.1,Green75,,bulk_or_whole_sample,74275__compendium__5771f07302,6,Table 1. Chemical composition of 74275.,FeO 18.25 (a) 18.03 (a) 18.29 18.31 18.18 17.4 (d) 19.1 (d) 18 (c ),https://www.lpi.usra.edu/lunar/samples/atlas/compendium/74275.pdf,Primary table or table column explicitly identifies this Apollo sample (or its labeled fraction).
74275,3537,accepted_parent_or_documented_fraction,74275,18,Brunfelt74,,bulk_or_whole_sample,74275__compendium__5771f07302,6,Table 1. Chemical composition of 74275.,FeO 18.25 (a) 18.03 (a) 18.29 18.31 18.18 17.4 (d) 19.1 (d) 18 (c ),https://www.lpi.usra.edu/lunar/samples/atlas/compendium/74275.pdf,Primary table or table column explicitly identifies this Apollo sample (or its labeled fraction).
74275,3538,rejected_parser_false_positive,,16.6,,,unspecified,74275__compendium__5771f07302,9,,FeO 16.6 15.5 17.5 15 16.6 15.5 17.4,https://www.lpi.usra.edu/lunar/samples/atlas/compendium/74275.pdf,Evidence does not assign this FeO value to the candidate parent sample.
74275,3539,rejected_parser_false_positive,,15.5,,,unspecified,74275__compendium__5771f07302,9,,FeO 16.6 15.5 17.5 15 16.6 15.5 17.4,https://www.lpi.usra.edu/lunar/samples/atlas/compendium/74275.pdf,Evidence does not assign this FeO value to the candidate parent sample.
74275,3540,rejected_parser_false_positive,,17.5,,,unspecified,74275__compendium__5771f07302,9,,FeO 16.6 15.5 17.5 15 16.6 15.5 17.4,https://www.lpi.usra.edu/lunar/samples/atlas/compendium/74275.pdf,Evidence does not assign this FeO value to the candidate parent sample.
74275,3541,rejected_parser_false_positive,,15,,,unspecified,74275__compendium__5771f07302,9,,FeO 16.6 15.5 17.5 15 16.6 15.5 17.4,https://www.lpi.usra.edu/lunar/samples/atlas/compendium/74275.pdf,Evidence does not assign this FeO value to the candidate parent sample.
74275,3542,rejected_parser_false_positive,,16.6,,,unspecified,74275__compendium__5771f07302,9,,FeO 16.6 15.5 17.5 15 16.6 15.5 17.4,https://www.lpi.usra.edu/lunar/samples/atlas/compendium/74275.pdf,Evidence does not assign this FeO value to the candidate parent sample.
74275,3543,rejected_parser_false_positive,,15.5,,,unspecified,74275__compendium__5771f07302,9,,FeO 16.6 15.5 17.5 15 16.6 15.5 17.4,https://www.lpi.usra.edu/lunar/samples/atlas/compendium/74275.pdf,Evidence does not assign this FeO value to the candidate parent sample.
74275,3544,rejected_parser_false_positive,,17.4,,,unspecified,74275__compendium__5771f07302,9,,FeO 16.6 15.5 17.5 15 16.6 15.5 17.4,https://www.lpi.usra.edu/lunar/samples/atlas/compendium/74275.pdf,Evidence does not assign this FeO value to the candidate parent sample.
75075,3570,accepted_parent_or_documented_fraction,75075,18.78,Rhodes 76,XRF,bulk_or_whole_sample,75075__compendium__aa45772958,5,Table 1. Chemical composition of 75075.,FeO 18.78 (a) 18.85 (c ),https://www.lpi.usra.edu/lunar/samples/atlas/compendium/75075.pdf,Primary table or table column explicitly identifies this Apollo sample (or its labeled fraction).
75075,3571,accepted_parent_or_documented_fraction,75075,18.85,Rose 74,mixed,bulk_or_whole_sample,75075__compendium__aa45772958,5,Table 1. Chemical composition of 75075.,FeO 18.78 (a) 18.85 (c ),https://www.lpi.usra.edu/lunar/samples/atlas/compendium/75075.pdf,Primary table or table column explicitly identifies this Apollo sample (or its labeled fraction).
78598,3902,accepted_parent_or_documented_fraction,78598,18.5,Warner78,INAA,unspecified,78598__compendium__f1ad04da56,4,Lunar Basalts | 14,FeO 18.5 (b) TiO2,https://www.lpi.usra.edu/lunar/samples/atlas/compendium/78598.pdf,Primary table or table column explicitly identifies this Apollo sample (or its labeled fraction).
