measurement_id,relab_specimen_id,relab_specimen_name,normalized_specimen_name,apollo_parent_sample,atlas_sample_id,match_type,match_reason,composition_transfer_note,atlas_sample_type,atlas_lithology,atlas_description,atlas_detail_url,atlas_pdf_url,needs_review
c0lr253,LR-CMP-253,"61016,538 (about <200 um, 21 mg)","61016,538",61016,61016,subsample_or_fraction,"RELAB material 61016,538 (about <200 um, 21 mg) linked only to Atlas parent page 61016; composition of this subsample, size fraction, mineral separate, or preparation is not implied",Do not transfer parent-sample composition without subsample-specific verification,,impact melt breccia,"known as ""Big Muley""; named after Bill Muehlberger, the leader of the Apollo 16 field geology team",https://www.lpi.usra.edu/lunar/samples/atlas/detail/?mission=Apollo%2016&sample=61016,,yes
c0lr254,LR-CMP-254,"60055,27 (about <200 um, 171 mg)","60055,27",60055,60055,subsample_or_fraction,"RELAB material 60055,27 (about <200 um, 171 mg) linked only to Atlas parent page 60055; composition of this subsample, size fraction, mineral separate, or preparation is not implied",Do not transfer parent-sample composition without subsample-specific verification,rake,soil,"walnut-sized particles from soil sample 60050 are what gave the soil a ""white"" appearance on the lunar surface.",https://www.lpi.usra.edu/lunar/samples/atlas/detail/?mission=Apollo%2016&sample=60055,,yes
c0lr255,LR-CMP-255,"60215,65 (about <500 um, 168 mg)","60215,65",60215,60215,subsample_or_fraction,"RELAB material 60215,65 (about <500 um, 168 mg) linked only to Atlas parent page 60215; composition of this subsample, size fraction, mineral separate, or preparation is not implied",Do not transfer parent-sample composition without subsample-specific verification,,breccia,"actually a polymict breccia, the largest portion is almost pure white and very plagioclase rich. The anorthositic portion is both highly shocked and cataclastic.",https://www.lpi.usra.edu/lunar/samples/atlas/detail/?mission=Apollo%2016&sample=60215,,yes
c0ls149,LS-BWD-149,79221 bulk 125-250 um,79221,79221,79221,subsample_or_fraction,"RELAB material 79221 bulk 125-250 um linked only to Atlas parent page 79221; composition of this subsample, size fraction, mineral separate, or preparation is not implied",Do not transfer parent-sample composition without subsample-specific verification,,,,https://www.lpi.usra.edu/lunar/samples/atlas/detail/?mission=Apollo%2017&sample=79221,,yes
c0ls152,LS-BWD-152,79221 agglutinates 125-250 um (magnetically-separated and hand-picked),79221,79221,79221,subsample_or_fraction,"RELAB material 79221 agglutinates 125-250 um (magnetically-separated and hand-picked) linked only to Atlas parent page 79221; composition of this subsample, size fraction, mineral separate, or preparation is not implied",Do not transfer parent-sample composition without subsample-specific verification,,,,https://www.lpi.usra.edu/lunar/samples/atlas/detail/?mission=Apollo%2017&sample=79221,,yes
c10ls8,LS-CMP-008-MR,"60019,215 E2","60019,215",60019,60019,subsample_or_fraction,"RELAB material 60019,215 E2 linked only to Atlas parent page 60019; composition of this subsample, size fraction, mineral separate, or preparation is not implied",Do not transfer parent-sample composition without subsample-specific verification,rock,breccia,"coherent, medium-gray glassy breccia containing several large, light colored clasts",https://www.lpi.usra.edu/lunar/samples/atlas/detail/?mission=Apollo%2016&sample=60019,,yes
c1dd35,DD-MDD-035,"Apollo 12 Mare Basalt: 12021,257 coarse particles ~100 um","12021,257",12021,12021,subsample_or_fraction,"RELAB material Apollo 12 Mare Basalt: 12021,257 coarse particles ~100 um linked only to Atlas parent page 12021; composition of this subsample, size fraction, mineral separate, or preparation is not implied",Do not transfer parent-sample composition without subsample-specific verification,,basalt,,https://www.lpi.usra.edu/lunar/samples/atlas/detail/?mission=Apollo%2012&sample=12021,,yes
c1dd36,DD-MDD-036,"Apollo 12 Mare Basalt: 12021,258 coarse particles ~50 um","12021,258",12021,12021,subsample_or_fraction,"RELAB material Apollo 12 Mare Basalt: 12021,258 coarse particles ~50 um linked only to Atlas parent page 12021; composition of this subsample, size fraction, mineral separate, or preparation is not implied",Do not transfer parent-sample composition without subsample-specific verification,,basalt,,https://www.lpi.usra.edu/lunar/samples/atlas/detail/?mission=Apollo%2012&sample=12021,,yes
c1gl15,LS-CMP-015-G1,"60019,215 Clast G1","60019,215",60019,60019,subsample_or_fraction,"RELAB material 60019,215 Clast G1 linked only to Atlas parent page 60019; composition of this subsample, size fraction, mineral separate, or preparation is not implied",Do not transfer parent-sample composition without subsample-specific verification,rock,breccia,"coherent, medium-gray glassy breccia containing several large, light colored clasts",https://www.lpi.usra.edu/lunar/samples/atlas/detail/?mission=Apollo%2016&sample=60019,,yes
c1lr01,LR-CMP-001,"67627,13","67627,13",67627,67627,subsample_or_fraction,"RELAB material 67627,13 linked only to Atlas parent page 67627; composition of this subsample, size fraction, mineral separate, or preparation is not implied",Do not transfer parent-sample composition without subsample-specific verification,rake,breccia,glass-cemented aggregates,https://www.lpi.usra.edu/lunar/samples/atlas/detail/?mission=Apollo%2016&sample=67627,,yes
c1lr02,LR-CMP-002,"67627,17","67627,17",67627,67627,subsample_or_fraction,"RELAB material 67627,17 linked only to Atlas parent page 67627; composition of this subsample, size fraction, mineral separate, or preparation is not implied",Do not transfer parent-sample composition without subsample-specific verification,rake,breccia,glass-cemented aggregates,https://www.lpi.usra.edu/lunar/samples/atlas/detail/?mission=Apollo%2016&sample=67627,,yes
c1lr03,LR-CMP-003,"69935,87","69935,87",69935,69935,subsample_or_fraction,"RELAB material 69935,87 linked only to Atlas parent page 69935; composition of this subsample, size fraction, mineral separate, or preparation is not implied",Do not transfer parent-sample composition without subsample-specific verification,,breccia,apparently a polymict breccia that is texturally inhomogeneous and has a large white clast,https://www.lpi.usra.edu/lunar/samples/atlas/detail/?mission=Apollo%2016&sample=69935,,yes
c1lr04,LR-CMP-004,"69935,88","69935,88",69935,69935,subsample_or_fraction,"RELAB material 69935,88 linked only to Atlas parent page 69935; composition of this subsample, size fraction, mineral separate, or preparation is not implied",Do not transfer parent-sample composition without subsample-specific verification,,breccia,apparently a polymict breccia that is texturally inhomogeneous and has a large white clast,https://www.lpi.usra.edu/lunar/samples/atlas/detail/?mission=Apollo%2016&sample=69935,,yes
c1lr10,LR-CMP-010,"12001,853","12001,853",12001,12001,subsample_or_fraction,"RELAB material 12001,853 linked only to Atlas parent page 12001; composition of this subsample, size fraction, mineral separate, or preparation is not implied",Do not transfer parent-sample composition without subsample-specific verification,soil-general,,12001 is < 1 cm fraction of bulk regolith collected about 30 meters northwest of the LM on the first EVA traverse. Astronaut Conrad saw several beads of pure glass while collecting this sample. Fryxell reports that the fines are weakly coherent; they adhere to rocks and do not slump when the sample holder is tipped 45 degrees.,https://www.lpi.usra.edu/lunar/samples/atlas/detail/?mission=Apollo%2012&sample=12001,,yes
c1lr101,LR-CMP-101,"64801,155","64801,155",64801,64801,subsample_or_fraction,"RELAB material 64801,155 linked only to Atlas parent page 64801; composition of this subsample, size fraction, mineral separate, or preparation is not implied",Do not transfer parent-sample composition without subsample-specific verification,rake,soil,relatively mature soil with average grain size 80 microns,https://www.lpi.usra.edu/lunar/samples/atlas/detail/?mission=Apollo%2016&sample=64801,,yes
c1lr102,LR-CMP-102,"64801,160","64801,160",64801,64801,subsample_or_fraction,"RELAB material 64801,160 linked only to Atlas parent page 64801; composition of this subsample, size fraction, mineral separate, or preparation is not implied",Do not transfer parent-sample composition without subsample-specific verification,rake,soil,relatively mature soil with average grain size 80 microns,https://www.lpi.usra.edu/lunar/samples/atlas/detail/?mission=Apollo%2016&sample=64801,,yes
c1lr103,LR-CMP-103,"64801,165","64801,165",64801,64801,subsample_or_fraction,"RELAB material 64801,165 linked only to Atlas parent page 64801; composition of this subsample, size fraction, mineral separate, or preparation is not implied",Do not transfer parent-sample composition without subsample-specific verification,rake,soil,relatively mature soil with average grain size 80 microns,https://www.lpi.usra.edu/lunar/samples/atlas/detail/?mission=Apollo%2016&sample=64801,,yes
c1lr104,LR-CMP-104,"62231,35","62231,35",62231,62231,subsample_or_fraction,"RELAB material 62231,35 linked only to Atlas parent page 62231; composition of this subsample, size fraction, mineral separate, or preparation is not implied",Do not transfer parent-sample composition without subsample-specific verification,rake,soil,,https://www.lpi.usra.edu/lunar/samples/atlas/detail/?mission=Apollo%2016&sample=62231,,yes
c1lr105,LR-CMP-105,"61221,156","61221,156",61221,61221,subsample_or_fraction,"RELAB material 61221,156 linked only to Atlas parent page 61221; composition of this subsample, size fraction, mineral separate, or preparation is not implied",Do not transfer parent-sample composition without subsample-specific verification,,,,https://www.lpi.usra.edu/lunar/samples/atlas/detail/?mission=Apollo%2016&sample=61221,,yes
c1lr106,LR-CMP-106,"61221,160","61221,160",61221,61221,subsample_or_fraction,"RELAB material 61221,160 linked only to Atlas parent page 61221; composition of this subsample, size fraction, mineral separate, or preparation is not implied",Do not transfer parent-sample composition without subsample-specific verification,,,,https://www.lpi.usra.edu/lunar/samples/atlas/detail/?mission=Apollo%2016&sample=61221,,yes
c1lr107,LR-CMP-107,"61221,165","61221,165",61221,61221,subsample_or_fraction,"RELAB material 61221,165 linked only to Atlas parent page 61221; composition of this subsample, size fraction, mineral separate, or preparation is not implied",Do not transfer parent-sample composition without subsample-specific verification,,,,https://www.lpi.usra.edu/lunar/samples/atlas/detail/?mission=Apollo%2016&sample=61221,,yes
c1lr108,LR-CMP-108,"61221,170","61221,170",61221,61221,subsample_or_fraction,"RELAB material 61221,170 linked only to Atlas parent page 61221; composition of this subsample, size fraction, mineral separate, or preparation is not implied",Do not transfer parent-sample composition without subsample-specific verification,,,,https://www.lpi.usra.edu/lunar/samples/atlas/detail/?mission=Apollo%2016&sample=61221,,yes
c1lr109,LR-CMP-109,"61141,75","61141,75",61141,61141,subsample_or_fraction,"RELAB material 61141,75 linked only to Atlas parent page 61141; composition of this subsample, size fraction, mineral separate, or preparation is not implied",Do not transfer parent-sample composition without subsample-specific verification,,,,https://www.lpi.usra.edu/lunar/samples/atlas/detail/?mission=Apollo%2016&sample=61141,,yes
c1lr11,LR-CMP-011,"12001,854","12001,854",12001,12001,subsample_or_fraction,"RELAB material 12001,854 linked only to Atlas parent page 12001; composition of this subsample, size fraction, mineral separate, or preparation is not implied",Do not transfer parent-sample composition without subsample-specific verification,soil-general,,12001 is < 1 cm fraction of bulk regolith collected about 30 meters northwest of the LM on the first EVA traverse. Astronaut Conrad saw several beads of pure glass while collecting this sample. Fryxell reports that the fines are weakly coherent; they adhere to rocks and do not slump when the sample holder is tipped 45 degrees.,https://www.lpi.usra.edu/lunar/samples/atlas/detail/?mission=Apollo%2012&sample=12001,,yes
c1lr111,LR-CMP-111,"61141,84","61141,84",61141,61141,subsample_or_fraction,"RELAB material 61141,84 linked only to Atlas parent page 61141; composition of this subsample, size fraction, mineral separate, or preparation is not implied",Do not transfer parent-sample composition without subsample-specific verification,,,,https://www.lpi.usra.edu/lunar/samples/atlas/detail/?mission=Apollo%2016&sample=61141,,yes
c1lr112,LR-CMP-112,"61141,89","61141,89",61141,61141,subsample_or_fraction,"RELAB material 61141,89 linked only to Atlas parent page 61141; composition of this subsample, size fraction, mineral separate, or preparation is not implied",Do not transfer parent-sample composition without subsample-specific verification,,,,https://www.lpi.usra.edu/lunar/samples/atlas/detail/?mission=Apollo%2016&sample=61141,,yes
c1lr113,LR-CMP-113,"67461,142","67461,142",67461,67461,subsample_or_fraction,"RELAB material 67461,142 linked only to Atlas parent page 67461; composition of this subsample, size fraction, mineral separate, or preparation is not implied",Do not transfer parent-sample composition without subsample-specific verification,,soil,"chosen as a ""reference soil"" for the ""lunar highland initiative"" and is not greatly different from other soil samples from North Ray Crater",https://www.lpi.usra.edu/lunar/samples/atlas/detail/?mission=Apollo%2016&sample=67461,,yes
c1lr114,LR-CMP-114,"67461,146 20-45 um","67461,146",67461,67461,subsample_or_fraction,"RELAB material 67461,146 20-45 um linked only to Atlas parent page 67461; composition of this subsample, size fraction, mineral separate, or preparation is not implied",Do not transfer parent-sample composition without subsample-specific verification,,soil,"chosen as a ""reference soil"" for the ""lunar highland initiative"" and is not greatly different from other soil samples from North Ray Crater",https://www.lpi.usra.edu/lunar/samples/atlas/detail/?mission=Apollo%2016&sample=67461,,yes
c1lr115,LR-CMP-115,"67461,151","67461,151",67461,67461,subsample_or_fraction,"RELAB material 67461,151 linked only to Atlas parent page 67461; composition of this subsample, size fraction, mineral separate, or preparation is not implied",Do not transfer parent-sample composition without subsample-specific verification,,soil,"chosen as a ""reference soil"" for the ""lunar highland initiative"" and is not greatly different from other soil samples from North Ray Crater",https://www.lpi.usra.edu/lunar/samples/atlas/detail/?mission=Apollo%2016&sample=67461,,yes
c1lr116,LR-CMP-116,"67461,155","67461,155",67461,67461,subsample_or_fraction,"RELAB material 67461,155 linked only to Atlas parent page 67461; composition of this subsample, size fraction, mineral separate, or preparation is not implied",Do not transfer parent-sample composition without subsample-specific verification,,soil,"chosen as a ""reference soil"" for the ""lunar highland initiative"" and is not greatly different from other soil samples from North Ray Crater",https://www.lpi.usra.edu/lunar/samples/atlas/detail/?mission=Apollo%2016&sample=67461,,yes
c1lr117,LR-CMP-117,"67481,70","67481,70",67481,67481,subsample_or_fraction,"RELAB material 67481,70 linked only to Atlas parent page 67481; composition of this subsample, size fraction, mineral separate, or preparation is not implied",Do not transfer parent-sample composition without subsample-specific verification,,,noticeably coarser grain size and less mature compared with other lunar soils probably due to the fact that NRC is only 50 m.y. old,https://www.lpi.usra.edu/lunar/samples/atlas/detail/?mission=Apollo%2016&sample=67481,,yes
c1lr118,LR-CMP-118,"67481,74","67481,74",67481,67481,subsample_or_fraction,"RELAB material 67481,74 linked only to Atlas parent page 67481; composition of this subsample, size fraction, mineral separate, or preparation is not implied",Do not transfer parent-sample composition without subsample-specific verification,,,noticeably coarser grain size and less mature compared with other lunar soils probably due to the fact that NRC is only 50 m.y. old,https://www.lpi.usra.edu/lunar/samples/atlas/detail/?mission=Apollo%2016&sample=67481,,yes
c1lr119,LR-CMP-119,"67481,79","67481,79",67481,67481,subsample_or_fraction,"RELAB material 67481,79 linked only to Atlas parent page 67481; composition of this subsample, size fraction, mineral separate, or preparation is not implied",Do not transfer parent-sample composition without subsample-specific verification,,,noticeably coarser grain size and less mature compared with other lunar soils probably due to the fact that NRC is only 50 m.y. old,https://www.lpi.usra.edu/lunar/samples/atlas/detail/?mission=Apollo%2016&sample=67481,,yes
c1lr12,LR-CMP-012,"15041,210","15041,210",15041,15041,subsample_or_fraction,"RELAB material 15041,210 linked only to Atlas parent page 15041; composition of this subsample, size fraction, mineral separate, or preparation is not implied",Do not transfer parent-sample composition without subsample-specific verification,,,,https://www.lpi.usra.edu/lunar/samples/atlas/detail/?mission=Apollo%2015&sample=15041,,yes
c1lr120,LR-CMP-120,"67481,84","67481,84",67481,67481,subsample_or_fraction,"RELAB material 67481,84 linked only to Atlas parent page 67481; composition of this subsample, size fraction, mineral separate, or preparation is not implied",Do not transfer parent-sample composition without subsample-specific verification,,,noticeably coarser grain size and less mature compared with other lunar soils probably due to the fact that NRC is only 50 m.y. old,https://www.lpi.usra.edu/lunar/samples/atlas/detail/?mission=Apollo%2016&sample=67481,,yes
c1lr121,LR-CMP-121,Luna 24 20-45 um,,,,non_apollo,RELAB identifies this as a non-Apollo lunar sample; Apollo Atlas matching is not applicable,Outside the Apollo Atlas crosswalk,,,,,,no
c1lr122,LR-CMP-122,Luna 24 10-20 um,,,,non_apollo,RELAB identifies this as a non-Apollo lunar sample; Apollo Atlas matching is not applicable,Outside the Apollo Atlas crosswalk,,,,,,no
c1lr123,LR-CMP-123,Luna 24 <10 um,,,,non_apollo,RELAB identifies this as a non-Apollo lunar sample; Apollo Atlas matching is not applicable,Outside the Apollo Atlas crosswalk,,,,,,no
c1lr124,LR-CMP-124,Luna 20 20-45 um,,,,non_apollo,RELAB identifies this as a non-Apollo lunar sample; Apollo Atlas matching is not applicable,Outside the Apollo Atlas crosswalk,,,,,,no
c1lr125,LR-CMP-125,Luna 20 10-20 um,,,,non_apollo,RELAB identifies this as a non-Apollo lunar sample; Apollo Atlas matching is not applicable,Outside the Apollo Atlas crosswalk,,,,,,no
c1lr126,LR-CMP-126,Luna 20 <10 um,,,,non_apollo,RELAB identifies this as a non-Apollo lunar sample; Apollo Atlas matching is not applicable,Outside the Apollo Atlas crosswalk,,,,,,no
c1lr127,LR-CMP-127,Luna 16 20-45 um,,,,non_apollo,RELAB identifies this as a non-Apollo lunar sample; Apollo Atlas matching is not applicable,Outside the Apollo Atlas crosswalk,,,,,,no
c1lr128,LR-CMP-128,Luna 16 <10 um,,,,non_apollo,RELAB identifies this as a non-Apollo lunar sample; Apollo Atlas matching is not applicable,Outside the Apollo Atlas crosswalk,,,,,,no
c1lr129,LR-CMP-129,Luna 16 10-20 um,,,,non_apollo,RELAB identifies this as a non-Apollo lunar sample; Apollo Atlas matching is not applicable,Outside the Apollo Atlas crosswalk,,,,,,no
c1lr13,LR-CMP-013,"15041,211","15041,211",15041,15041,subsample_or_fraction,"RELAB material 15041,211 linked only to Atlas parent page 15041; composition of this subsample, size fraction, mineral separate, or preparation is not implied",Do not transfer parent-sample composition without subsample-specific verification,,,,https://www.lpi.usra.edu/lunar/samples/atlas/detail/?mission=Apollo%2015&sample=15041,,yes
c1lr130,LR-CMP-130,"74002,339","74002,339",74002,74002,subsample_or_fraction,"RELAB material 74002,339 linked only to Atlas parent page 74002; composition of this subsample, size fraction, mineral separate, or preparation is not implied",Do not transfer parent-sample composition without subsample-specific verification,core,soil,"Drive tube 74001/74002 was collected at the south rim of 120 meter Shorty crater, at Station 4. The cored material is unusually compact. The core contains orange and red colored soil with nearly vertical contacts. The site is near the low place in the crater rim crest. The fragment population is viable. Craters up to several meters in diameter are scattered near the sample site. The core is almost entirely without coarse fines.",https://www.lpi.usra.edu/lunar/samples/atlas/detail/?mission=Apollo%2017&sample=74002,,yes
c1lr131,LR-CMP-131,"74002,2216","74002,2216",74002,74002,subsample_or_fraction,"RELAB material 74002,2216 linked only to Atlas parent page 74002; composition of this subsample, size fraction, mineral separate, or preparation is not implied",Do not transfer parent-sample composition without subsample-specific verification,core,soil,"Drive tube 74001/74002 was collected at the south rim of 120 meter Shorty crater, at Station 4. The cored material is unusually compact. The core contains orange and red colored soil with nearly vertical contacts. The site is near the low place in the crater rim crest. The fragment population is viable. Craters up to several meters in diameter are scattered near the sample site. The core is almost entirely without coarse fines.",https://www.lpi.usra.edu/lunar/samples/atlas/detail/?mission=Apollo%2017&sample=74002,,yes
c1lr132,LR-CMP-132,"74002,2217","74002,2217",74002,74002,subsample_or_fraction,"RELAB material 74002,2217 linked only to Atlas parent page 74002; composition of this subsample, size fraction, mineral separate, or preparation is not implied",Do not transfer parent-sample composition without subsample-specific verification,core,soil,"Drive tube 74001/74002 was collected at the south rim of 120 meter Shorty crater, at Station 4. The cored material is unusually compact. The core contains orange and red colored soil with nearly vertical contacts. The site is near the low place in the crater rim crest. The fragment population is viable. Craters up to several meters in diameter are scattered near the sample site. The core is almost entirely without coarse fines.",https://www.lpi.usra.edu/lunar/samples/atlas/detail/?mission=Apollo%2017&sample=74002,,yes
c1lr133,LR-CMP-133,"74002,2218","74002,2218",74002,74002,subsample_or_fraction,"RELAB material 74002,2218 linked only to Atlas parent page 74002; composition of this subsample, size fraction, mineral separate, or preparation is not implied",Do not transfer parent-sample composition without subsample-specific verification,core,soil,"Drive tube 74001/74002 was collected at the south rim of 120 meter Shorty crater, at Station 4. The cored material is unusually compact. The core contains orange and red colored soil with nearly vertical contacts. The site is near the low place in the crater rim crest. The fragment population is viable. Craters up to several meters in diameter are scattered near the sample site. The core is almost entirely without coarse fines.",https://www.lpi.usra.edu/lunar/samples/atlas/detail/?mission=Apollo%2017&sample=74002,,yes
c1lr134,LR-CMP-134,"74002,2219","74002,2219",74002,74002,subsample_or_fraction,"RELAB material 74002,2219 linked only to Atlas parent page 74002; composition of this subsample, size fraction, mineral separate, or preparation is not implied",Do not transfer parent-sample composition without subsample-specific verification,core,soil,"Drive tube 74001/74002 was collected at the south rim of 120 meter Shorty crater, at Station 4. The cored material is unusually compact. The core contains orange and red colored soil with nearly vertical contacts. The site is near the low place in the crater rim crest. The fragment population is viable. Craters up to several meters in diameter are scattered near the sample site. The core is almost entirely without coarse fines.",https://www.lpi.usra.edu/lunar/samples/atlas/detail/?mission=Apollo%2017&sample=74002,,yes
c1lr135,LR-CMP-135,"Luna 24, 24160",,,,non_apollo,RELAB identifies this as a non-Apollo lunar sample; Apollo Atlas matching is not applicable,Outside the Apollo Atlas crosswalk,,,,,,no
c1lr136,LR-SKN-136,"69003,9 bulk","69003,9",69003,69003,subsample_or_fraction,"RELAB material 69003,9 bulk linked only to Atlas parent page 69003; composition of this subsample, size fraction, mineral separate, or preparation is not implied",Do not transfer parent-sample composition without subsample-specific verification,,,,https://www.lpi.usra.edu/lunar/samples/atlas/detail/?mission=Apollo%2016&sample=69003,,yes
c1lr137,LR-SKN-137,"69004,44 <250 um","69004,44",69004,69004,subsample_or_fraction,"RELAB material 69004,44 <250 um linked only to Atlas parent page 69004; composition of this subsample, size fraction, mineral separate, or preparation is not implied",Do not transfer parent-sample composition without subsample-specific verification,,,,https://www.lpi.usra.edu/lunar/samples/atlas/detail/?mission=Apollo%2016&sample=69004,,yes
c1lr138a,LR-SKN-138-A,"69921,33 <10 um","69921,33",69921,69921,subsample_or_fraction,"RELAB material 69921,33 <10 um linked only to Atlas parent page 69921; composition of this subsample, size fraction, mineral separate, or preparation is not implied",Do not transfer parent-sample composition without subsample-specific verification,,,,https://www.lpi.usra.edu/lunar/samples/atlas/detail/?mission=Apollo%2016&sample=69921,,yes
c1lr138b,LR-SKN-138-B,"69921,33 10-20 um","69921,33",69921,69921,subsample_or_fraction,"RELAB material 69921,33 10-20 um linked only to Atlas parent page 69921; composition of this subsample, size fraction, mineral separate, or preparation is not implied",Do not transfer parent-sample composition without subsample-specific verification,,,,https://www.lpi.usra.edu/lunar/samples/atlas/detail/?mission=Apollo%2016&sample=69921,,yes
c1lr138c,LR-SKN-138-C,"69921,33 20-45 um","69921,33",69921,69921,subsample_or_fraction,"RELAB material 69921,33 20-45 um linked only to Atlas parent page 69921; composition of this subsample, size fraction, mineral separate, or preparation is not implied",Do not transfer parent-sample composition without subsample-specific verification,,,,https://www.lpi.usra.edu/lunar/samples/atlas/detail/?mission=Apollo%2016&sample=69921,,yes
c1lr138d,LR-SKN-138-D,"69921,33 <45 um","69921,33",69921,69921,subsample_or_fraction,"RELAB material 69921,33 <45 um linked only to Atlas parent page 69921; composition of this subsample, size fraction, mineral separate, or preparation is not implied",Do not transfer parent-sample composition without subsample-specific verification,,,,https://www.lpi.usra.edu/lunar/samples/atlas/detail/?mission=Apollo%2016&sample=69921,,yes
c1lr138e,LR-SKN-138-E,"69921,33 <250 um","69921,33",69921,69921,subsample_or_fraction,"RELAB material 69921,33 <250 um linked only to Atlas parent page 69921; composition of this subsample, size fraction, mineral separate, or preparation is not implied",Do not transfer parent-sample composition without subsample-specific verification,,,,https://www.lpi.usra.edu/lunar/samples/atlas/detail/?mission=Apollo%2016&sample=69921,,yes
c1lr139a,LR-SKN-139-A,"69941,41 <10 um","69941,41",69941,69941,subsample_or_fraction,"RELAB material 69941,41 <10 um linked only to Atlas parent page 69941; composition of this subsample, size fraction, mineral separate, or preparation is not implied",Do not transfer parent-sample composition without subsample-specific verification,,,,https://www.lpi.usra.edu/lunar/samples/atlas/detail/?mission=Apollo%2016&sample=69941,,yes
c1lr139b,LR-SKN-139-B,"69941,41 10-20 um","69941,41",69941,69941,subsample_or_fraction,"RELAB material 69941,41 10-20 um linked only to Atlas parent page 69941; composition of this subsample, size fraction, mineral separate, or preparation is not implied",Do not transfer parent-sample composition without subsample-specific verification,,,,https://www.lpi.usra.edu/lunar/samples/atlas/detail/?mission=Apollo%2016&sample=69941,,yes
c1lr139c,LR-SKN-139-C,"69941,41 20-45 um","69941,41",69941,69941,subsample_or_fraction,"RELAB material 69941,41 20-45 um linked only to Atlas parent page 69941; composition of this subsample, size fraction, mineral separate, or preparation is not implied",Do not transfer parent-sample composition without subsample-specific verification,,,,https://www.lpi.usra.edu/lunar/samples/atlas/detail/?mission=Apollo%2016&sample=69941,,yes
c1lr139d,LR-SKN-139-D,"69941,41 <45 um","69941,41",69941,69941,subsample_or_fraction,"RELAB material 69941,41 <45 um linked only to Atlas parent page 69941; composition of this subsample, size fraction, mineral separate, or preparation is not implied",Do not transfer parent-sample composition without subsample-specific verification,,,,https://www.lpi.usra.edu/lunar/samples/atlas/detail/?mission=Apollo%2016&sample=69941,,yes
c1lr139e,LR-SKN-139-E,"69941,41 <250 um","69941,41",69941,69941,subsample_or_fraction,"RELAB material 69941,41 <250 um linked only to Atlas parent page 69941; composition of this subsample, size fraction, mineral separate, or preparation is not implied",Do not transfer parent-sample composition without subsample-specific verification,,,,https://www.lpi.usra.edu/lunar/samples/atlas/detail/?mission=Apollo%2016&sample=69941,,yes
c1lr14,LR-CMP-014,"72415,64c","72415,64c",72415,72415,subsample_or_fraction,"RELAB material 72415,64c linked only to Atlas parent page 72415; composition of this subsample, size fraction, mineral separate, or preparation is not implied",Do not transfer parent-sample composition without subsample-specific verification,rock,dunite,"Cataclastic dunite, homogeneous",https://www.lpi.usra.edu/lunar/samples/atlas/detail/?mission=Apollo%2017&sample=72415,,yes
c1lr15,LR-CMP-015,"10084,1946","10084,1946",10084,10084,subsample_or_fraction,"RELAB material 10084,1946 linked only to Atlas parent page 10084; composition of this subsample, size fraction, mineral separate, or preparation is not implied",Do not transfer parent-sample composition without subsample-specific verification,soil-general,,"The contingency sample was taken in front of quad IV of the LM. The documented sample was collected 5 meters north of the LM, the bulk sample was collected in front of quad IV by pouring scoops of loose soil to fill the voids left between rock samples in the bulk sample container. 10084 is the bulk soil sample. Soil is fine grained and hard in this sample area. There are few fragments and it is difficult to scoop deeper than 5 cm below the surface.",https://www.lpi.usra.edu/lunar/samples/atlas/detail/?mission=Apollo%2011&sample=10084,,yes
c1lr152,LR-CMP-152,"15058,276 bulk B <125 um","15058,276",15058,15058,subsample_or_fraction,"RELAB material 15058,276 bulk B <125 um linked only to Atlas parent page 15058; composition of this subsample, size fraction, mineral separate, or preparation is not implied",Do not transfer parent-sample composition without subsample-specific verification,,basalt,,https://www.lpi.usra.edu/lunar/samples/atlas/detail/?mission=Apollo%2015&sample=15058,,yes
c1lr153,LR-CMP-153,"15058,276 bulk A 125-250 um","15058,276",15058,15058,subsample_or_fraction,"RELAB material 15058,276 bulk A 125-250 um linked only to Atlas parent page 15058; composition of this subsample, size fraction, mineral separate, or preparation is not implied",Do not transfer parent-sample composition without subsample-specific verification,,basalt,,https://www.lpi.usra.edu/lunar/samples/atlas/detail/?mission=Apollo%2015&sample=15058,,yes
c1lr154,LR-CMP-154,"15555,965 bulk <125 um","15555,965",15555,15555,subsample_or_fraction,"RELAB material 15555,965 bulk <125 um linked only to Atlas parent page 15555; composition of this subsample, size fraction, mineral separate, or preparation is not implied",Do not transfer parent-sample composition without subsample-specific verification,,basalt,"(""Great Scott"") is both the largest and the most intensively studied of the Apollo 15 rocks. It is a medium-grained olivine basalt, with a few percent small vugs. It is probably very close to a liquid composition, i.e., it contains few, if any, accumulated crystals. It crystallized ~3.3 b.y. ago. Unlike other nearby rocks, 15555 was not dust-coated. It is generally tough, but many exterior chips fell off during earth transit and many of these pieces are friable. It is sub-rounded and blocky, with many zap pits.",https://www.lpi.usra.edu/lunar/samples/atlas/detail/?mission=Apollo%2015&sample=15555,,yes
c1lr156,LR-CMP-156,"70017,535 bulk <125 um","70017,535",70017,70017,subsample_or_fraction,"RELAB material 70017,535 bulk <125 um linked only to Atlas parent page 70017; composition of this subsample, size fraction, mineral separate, or preparation is not implied",Do not transfer parent-sample composition without subsample-specific verification,rock,high-Ti mare basalt,High-Ti Mare Basalt,https://www.lpi.usra.edu/lunar/samples/atlas/detail/?mission=Apollo%2017&sample=70017,,yes
c1lr158,LR-CMP-158,"70035,188 bulk <125 um","70035,188",70035,70035,subsample_or_fraction,"RELAB material 70035,188 bulk <125 um linked only to Atlas parent page 70035; composition of this subsample, size fraction, mineral separate, or preparation is not implied",Do not transfer parent-sample composition without subsample-specific verification,rock,high-Ti mare basalt,High-Ti Mare Basalt,https://www.lpi.usra.edu/lunar/samples/atlas/detail/?mission=Apollo%2017&sample=70035,,yes
c1lr168,LR-CMP-168,"15555,965 reddish-brown pyroxene B","15555,965",15555,15555,subsample_or_fraction,"RELAB material 15555,965 reddish-brown pyroxene B linked only to Atlas parent page 15555; composition of this subsample, size fraction, mineral separate, or preparation is not implied",Do not transfer parent-sample composition without subsample-specific verification,,basalt,"(""Great Scott"") is both the largest and the most intensively studied of the Apollo 15 rocks. It is a medium-grained olivine basalt, with a few percent small vugs. It is probably very close to a liquid composition, i.e., it contains few, if any, accumulated crystals. It crystallized ~3.3 b.y. ago. Unlike other nearby rocks, 15555 was not dust-coated. It is generally tough, but many exterior chips fell off during earth transit and many of these pieces are friable. It is sub-rounded and blocky, with many zap pits.",https://www.lpi.usra.edu/lunar/samples/atlas/detail/?mission=Apollo%2015&sample=15555,,yes
c1lr169,LR-CMP-169,"15555,965 olivine B","15555,965",15555,15555,subsample_or_fraction,"RELAB material 15555,965 olivine B linked only to Atlas parent page 15555; composition of this subsample, size fraction, mineral separate, or preparation is not implied",Do not transfer parent-sample composition without subsample-specific verification,,basalt,"(""Great Scott"") is both the largest and the most intensively studied of the Apollo 15 rocks. It is a medium-grained olivine basalt, with a few percent small vugs. It is probably very close to a liquid composition, i.e., it contains few, if any, accumulated crystals. It crystallized ~3.3 b.y. ago. Unlike other nearby rocks, 15555 was not dust-coated. It is generally tough, but many exterior chips fell off during earth transit and many of these pieces are friable. It is sub-rounded and blocky, with many zap pits.",https://www.lpi.usra.edu/lunar/samples/atlas/detail/?mission=Apollo%2015&sample=15555,,yes
c1lr17,LR-CMP-017,"79221,103","79221,103",79221,79221,subsample_or_fraction,"RELAB material 79221,103 linked only to Atlas parent page 79221; composition of this subsample, size fraction, mineral separate, or preparation is not implied",Do not transfer parent-sample composition without subsample-specific verification,,,,https://www.lpi.usra.edu/lunar/samples/atlas/detail/?mission=Apollo%2017&sample=79221,,yes
c1lr170,LR-CMP-170,"15555,965 light-brown pyroxene B","15555,965",15555,15555,subsample_or_fraction,"RELAB material 15555,965 light-brown pyroxene B linked only to Atlas parent page 15555; composition of this subsample, size fraction, mineral separate, or preparation is not implied",Do not transfer parent-sample composition without subsample-specific verification,,basalt,"(""Great Scott"") is both the largest and the most intensively studied of the Apollo 15 rocks. It is a medium-grained olivine basalt, with a few percent small vugs. It is probably very close to a liquid composition, i.e., it contains few, if any, accumulated crystals. It crystallized ~3.3 b.y. ago. Unlike other nearby rocks, 15555 was not dust-coated. It is generally tough, but many exterior chips fell off during earth transit and many of these pieces are friable. It is sub-rounded and blocky, with many zap pits.",https://www.lpi.usra.edu/lunar/samples/atlas/detail/?mission=Apollo%2015&sample=15555,,yes
c1lr171,LR-CMP-171,"15555,965 plagioclase B","15555,965",15555,15555,subsample_or_fraction,"RELAB material 15555,965 plagioclase B linked only to Atlas parent page 15555; composition of this subsample, size fraction, mineral separate, or preparation is not implied",Do not transfer parent-sample composition without subsample-specific verification,,basalt,"(""Great Scott"") is both the largest and the most intensively studied of the Apollo 15 rocks. It is a medium-grained olivine basalt, with a few percent small vugs. It is probably very close to a liquid composition, i.e., it contains few, if any, accumulated crystals. It crystallized ~3.3 b.y. ago. Unlike other nearby rocks, 15555 was not dust-coated. It is generally tough, but many exterior chips fell off during earth transit and many of these pieces are friable. It is sub-rounded and blocky, with many zap pits.",https://www.lpi.usra.edu/lunar/samples/atlas/detail/?mission=Apollo%2015&sample=15555,,yes
c1lr172,LR-CMP-172,"15058,276 brown pyroxene","15058,276",15058,15058,subsample_or_fraction,"RELAB material 15058,276 brown pyroxene linked only to Atlas parent page 15058; composition of this subsample, size fraction, mineral separate, or preparation is not implied",Do not transfer parent-sample composition without subsample-specific verification,,basalt,,https://www.lpi.usra.edu/lunar/samples/atlas/detail/?mission=Apollo%2015&sample=15058,,yes
c1lr173,LR-CMP-173,"15058,276 green pyroxene","15058,276",15058,15058,subsample_or_fraction,"RELAB material 15058,276 green pyroxene linked only to Atlas parent page 15058; composition of this subsample, size fraction, mineral separate, or preparation is not implied",Do not transfer parent-sample composition without subsample-specific verification,,basalt,,https://www.lpi.usra.edu/lunar/samples/atlas/detail/?mission=Apollo%2015&sample=15058,,yes
c1lr174,LR-CMP-174,"15058,276 plagioclase","15058,276",15058,15058,subsample_or_fraction,"RELAB material 15058,276 plagioclase linked only to Atlas parent page 15058; composition of this subsample, size fraction, mineral separate, or preparation is not implied",Do not transfer parent-sample composition without subsample-specific verification,,basalt,,https://www.lpi.usra.edu/lunar/samples/atlas/detail/?mission=Apollo%2015&sample=15058,,yes
c1lr175,LR-CMP-175,"70017,535 deep-brown pyroxene B","70017,535",70017,70017,subsample_or_fraction,"RELAB material 70017,535 deep-brown pyroxene B linked only to Atlas parent page 70017; composition of this subsample, size fraction, mineral separate, or preparation is not implied",Do not transfer parent-sample composition without subsample-specific verification,rock,high-Ti mare basalt,High-Ti Mare Basalt,https://www.lpi.usra.edu/lunar/samples/atlas/detail/?mission=Apollo%2017&sample=70017,,yes
c1lr176,LR-CMP-176,"70017,535 light-brown pyroxene B","70017,535",70017,70017,subsample_or_fraction,"RELAB material 70017,535 light-brown pyroxene B linked only to Atlas parent page 70017; composition of this subsample, size fraction, mineral separate, or preparation is not implied",Do not transfer parent-sample composition without subsample-specific verification,rock,high-Ti mare basalt,High-Ti Mare Basalt,https://www.lpi.usra.edu/lunar/samples/atlas/detail/?mission=Apollo%2017&sample=70017,,yes
c1lr177,LR-CMP-177,"70017,535 plagioclase B","70017,535",70017,70017,subsample_or_fraction,"RELAB material 70017,535 plagioclase B linked only to Atlas parent page 70017; composition of this subsample, size fraction, mineral separate, or preparation is not implied",Do not transfer parent-sample composition without subsample-specific verification,rock,high-Ti mare basalt,High-Ti Mare Basalt,https://www.lpi.usra.edu/lunar/samples/atlas/detail/?mission=Apollo%2017&sample=70017,,yes
c1lr178,LR-CMP-178,"70017,535 ilmenite","70017,535",70017,70017,subsample_or_fraction,"RELAB material 70017,535 ilmenite linked only to Atlas parent page 70017; composition of this subsample, size fraction, mineral separate, or preparation is not implied",Do not transfer parent-sample composition without subsample-specific verification,rock,high-Ti mare basalt,High-Ti Mare Basalt,https://www.lpi.usra.edu/lunar/samples/atlas/detail/?mission=Apollo%2017&sample=70017,,yes
c1lr179,LR-CMP-179,"70035,188 deep-brown pyroxene B","70035,188",70035,70035,subsample_or_fraction,"RELAB material 70035,188 deep-brown pyroxene B linked only to Atlas parent page 70035; composition of this subsample, size fraction, mineral separate, or preparation is not implied",Do not transfer parent-sample composition without subsample-specific verification,rock,high-Ti mare basalt,High-Ti Mare Basalt,https://www.lpi.usra.edu/lunar/samples/atlas/detail/?mission=Apollo%2017&sample=70035,,yes
c1lr18,LR-CMP-018,"79221,104","79221,104",79221,79221,subsample_or_fraction,"RELAB material 79221,104 linked only to Atlas parent page 79221; composition of this subsample, size fraction, mineral separate, or preparation is not implied",Do not transfer parent-sample composition without subsample-specific verification,,,,https://www.lpi.usra.edu/lunar/samples/atlas/detail/?mission=Apollo%2017&sample=79221,,yes
c1lr180,LR-CMP-180,"70035,188 light-brown pyroxene B","70035,188",70035,70035,subsample_or_fraction,"RELAB material 70035,188 light-brown pyroxene B linked only to Atlas parent page 70035; composition of this subsample, size fraction, mineral separate, or preparation is not implied",Do not transfer parent-sample composition without subsample-specific verification,rock,high-Ti mare basalt,High-Ti Mare Basalt,https://www.lpi.usra.edu/lunar/samples/atlas/detail/?mission=Apollo%2017&sample=70035,,yes
c1lr181,LR-CMP-181,"70035,188 plagioclase B","70035,188",70035,70035,subsample_or_fraction,"RELAB material 70035,188 plagioclase B linked only to Atlas parent page 70035; composition of this subsample, size fraction, mineral separate, or preparation is not implied",Do not transfer parent-sample composition without subsample-specific verification,rock,high-Ti mare basalt,High-Ti Mare Basalt,https://www.lpi.usra.edu/lunar/samples/atlas/detail/?mission=Apollo%2017&sample=70035,,yes
c1lr182,LR-CMP-182,"70035,188 ilmenite","70035,188",70035,70035,subsample_or_fraction,"RELAB material 70035,188 ilmenite linked only to Atlas parent page 70035; composition of this subsample, size fraction, mineral separate, or preparation is not implied",Do not transfer parent-sample composition without subsample-specific verification,rock,high-Ti mare basalt,High-Ti Mare Basalt,https://www.lpi.usra.edu/lunar/samples/atlas/detail/?mission=Apollo%2017&sample=70035,,yes
c1lr183,LR-CMP-183,"62241,21 plagioclase B","62241,21",62241,62241,subsample_or_fraction,"RELAB material 62241,21 plagioclase B linked only to Atlas parent page 62241; composition of this subsample, size fraction, mineral separate, or preparation is not implied",Do not transfer parent-sample composition without subsample-specific verification,,,,https://www.lpi.usra.edu/lunar/samples/atlas/detail/?mission=Apollo%2016&sample=62241,,yes
c1lr19,LR-CMP-019,"15071,157","15071,157",15071,15071,subsample_or_fraction,"RELAB material 15071,157 linked only to Atlas parent page 15071; composition of this subsample, size fraction, mineral separate, or preparation is not implied",Do not transfer parent-sample composition without subsample-specific verification,,,,https://www.lpi.usra.edu/lunar/samples/atlas/detail/?mission=Apollo%2015&sample=15071,,yes
c1lr20,LR-CMP-020,"15071,156","15071,156",15071,15071,subsample_or_fraction,"RELAB material 15071,156 linked only to Atlas parent page 15071; composition of this subsample, size fraction, mineral separate, or preparation is not implied",Do not transfer parent-sample composition without subsample-specific verification,,,,https://www.lpi.usra.edu/lunar/samples/atlas/detail/?mission=Apollo%2015&sample=15071,,yes
c1lr204,LR-CMP-204,"15058,276 bulk D <45 um","15058,276",15058,15058,subsample_or_fraction,"RELAB material 15058,276 bulk D <45 um linked only to Atlas parent page 15058; composition of this subsample, size fraction, mineral separate, or preparation is not implied",Do not transfer parent-sample composition without subsample-specific verification,,basalt,,https://www.lpi.usra.edu/lunar/samples/atlas/detail/?mission=Apollo%2015&sample=15058,,yes
c1lr205,LR-CMP-205,"15555,965 bulk D <45 um","15555,965",15555,15555,subsample_or_fraction,"RELAB material 15555,965 bulk D <45 um linked only to Atlas parent page 15555; composition of this subsample, size fraction, mineral separate, or preparation is not implied",Do not transfer parent-sample composition without subsample-specific verification,,basalt,"(""Great Scott"") is both the largest and the most intensively studied of the Apollo 15 rocks. It is a medium-grained olivine basalt, with a few percent small vugs. It is probably very close to a liquid composition, i.e., it contains few, if any, accumulated crystals. It crystallized ~3.3 b.y. ago. Unlike other nearby rocks, 15555 was not dust-coated. It is generally tough, but many exterior chips fell off during earth transit and many of these pieces are friable. It is sub-rounded and blocky, with many zap pits.",https://www.lpi.usra.edu/lunar/samples/atlas/detail/?mission=Apollo%2015&sample=15555,,yes
c1lr206,LR-CMP-206,"70017,535 bulk D <45 um","70017,535",70017,70017,subsample_or_fraction,"RELAB material 70017,535 bulk D <45 um linked only to Atlas parent page 70017; composition of this subsample, size fraction, mineral separate, or preparation is not implied",Do not transfer parent-sample composition without subsample-specific verification,rock,high-Ti mare basalt,High-Ti Mare Basalt,https://www.lpi.usra.edu/lunar/samples/atlas/detail/?mission=Apollo%2017&sample=70017,,yes
c1lr207,LR-CMP-207,"70035,188 bulk D <45 um","70035,188",70035,70035,subsample_or_fraction,"RELAB material 70035,188 bulk D <45 um linked only to Atlas parent page 70035; composition of this subsample, size fraction, mineral separate, or preparation is not implied",Do not transfer parent-sample composition without subsample-specific verification,rock,high-Ti mare basalt,High-Ti Mare Basalt,https://www.lpi.usra.edu/lunar/samples/atlas/detail/?mission=Apollo%2017&sample=70035,,yes
c1lr208,LR-CMP-208,"15058,276 brown pyroxene D <45 um","15058,276",15058,15058,subsample_or_fraction,"RELAB material 15058,276 brown pyroxene D <45 um linked only to Atlas parent page 15058; composition of this subsample, size fraction, mineral separate, or preparation is not implied",Do not transfer parent-sample composition without subsample-specific verification,,basalt,,https://www.lpi.usra.edu/lunar/samples/atlas/detail/?mission=Apollo%2015&sample=15058,,yes
c1lr209,LR-CMP-209,"15058,276 green pyroxene D <45 um","15058,276",15058,15058,subsample_or_fraction,"RELAB material 15058,276 green pyroxene D <45 um linked only to Atlas parent page 15058; composition of this subsample, size fraction, mineral separate, or preparation is not implied",Do not transfer parent-sample composition without subsample-specific verification,,basalt,,https://www.lpi.usra.edu/lunar/samples/atlas/detail/?mission=Apollo%2015&sample=15058,,yes
c1lr21,LR-CMP-021,"10084,1948","10084,1948",10084,10084,subsample_or_fraction,"RELAB material 10084,1948 linked only to Atlas parent page 10084; composition of this subsample, size fraction, mineral separate, or preparation is not implied",Do not transfer parent-sample composition without subsample-specific verification,soil-general,,"The contingency sample was taken in front of quad IV of the LM. The documented sample was collected 5 meters north of the LM, the bulk sample was collected in front of quad IV by pouring scoops of loose soil to fill the voids left between rock samples in the bulk sample container. 10084 is the bulk soil sample. Soil is fine grained and hard in this sample area. There are few fragments and it is difficult to scoop deeper than 5 cm below the surface.",https://www.lpi.usra.edu/lunar/samples/atlas/detail/?mission=Apollo%2011&sample=10084,,yes
c1lr210,LR-CMP-210,"15058,276 plagioclase D <45 um","15058,276",15058,15058,subsample_or_fraction,"RELAB material 15058,276 plagioclase D <45 um linked only to Atlas parent page 15058; composition of this subsample, size fraction, mineral separate, or preparation is not implied",Do not transfer parent-sample composition without subsample-specific verification,,basalt,,https://www.lpi.usra.edu/lunar/samples/atlas/detail/?mission=Apollo%2015&sample=15058,,yes
c1lr211,LR-CMP-211,"15555,965 reddish-brown pyroxene D <45 um","15555,965",15555,15555,subsample_or_fraction,"RELAB material 15555,965 reddish-brown pyroxene D <45 um linked only to Atlas parent page 15555; composition of this subsample, size fraction, mineral separate, or preparation is not implied",Do not transfer parent-sample composition without subsample-specific verification,,basalt,"(""Great Scott"") is both the largest and the most intensively studied of the Apollo 15 rocks. It is a medium-grained olivine basalt, with a few percent small vugs. It is probably very close to a liquid composition, i.e., it contains few, if any, accumulated crystals. It crystallized ~3.3 b.y. ago. Unlike other nearby rocks, 15555 was not dust-coated. It is generally tough, but many exterior chips fell off during earth transit and many of these pieces are friable. It is sub-rounded and blocky, with many zap pits.",https://www.lpi.usra.edu/lunar/samples/atlas/detail/?mission=Apollo%2015&sample=15555,,yes
c1lr212,LR-CMP-212,"15555,965 olivine D <45 um","15555,965",15555,15555,subsample_or_fraction,"RELAB material 15555,965 olivine D <45 um linked only to Atlas parent page 15555; composition of this subsample, size fraction, mineral separate, or preparation is not implied",Do not transfer parent-sample composition without subsample-specific verification,,basalt,"(""Great Scott"") is both the largest and the most intensively studied of the Apollo 15 rocks. It is a medium-grained olivine basalt, with a few percent small vugs. It is probably very close to a liquid composition, i.e., it contains few, if any, accumulated crystals. It crystallized ~3.3 b.y. ago. Unlike other nearby rocks, 15555 was not dust-coated. It is generally tough, but many exterior chips fell off during earth transit and many of these pieces are friable. It is sub-rounded and blocky, with many zap pits.",https://www.lpi.usra.edu/lunar/samples/atlas/detail/?mission=Apollo%2015&sample=15555,,yes
c1lr213,LR-CMP-213,"15555,965 light-brown pyroxene D <45 um","15555,965",15555,15555,subsample_or_fraction,"RELAB material 15555,965 light-brown pyroxene D <45 um linked only to Atlas parent page 15555; composition of this subsample, size fraction, mineral separate, or preparation is not implied",Do not transfer parent-sample composition without subsample-specific verification,,basalt,"(""Great Scott"") is both the largest and the most intensively studied of the Apollo 15 rocks. It is a medium-grained olivine basalt, with a few percent small vugs. It is probably very close to a liquid composition, i.e., it contains few, if any, accumulated crystals. It crystallized ~3.3 b.y. ago. Unlike other nearby rocks, 15555 was not dust-coated. It is generally tough, but many exterior chips fell off during earth transit and many of these pieces are friable. It is sub-rounded and blocky, with many zap pits.",https://www.lpi.usra.edu/lunar/samples/atlas/detail/?mission=Apollo%2015&sample=15555,,yes
c1lr214,LR-CMP-214,"15555,965 plagioclase D <45 um","15555,965",15555,15555,subsample_or_fraction,"RELAB material 15555,965 plagioclase D <45 um linked only to Atlas parent page 15555; composition of this subsample, size fraction, mineral separate, or preparation is not implied",Do not transfer parent-sample composition without subsample-specific verification,,basalt,"(""Great Scott"") is both the largest and the most intensively studied of the Apollo 15 rocks. It is a medium-grained olivine basalt, with a few percent small vugs. It is probably very close to a liquid composition, i.e., it contains few, if any, accumulated crystals. It crystallized ~3.3 b.y. ago. Unlike other nearby rocks, 15555 was not dust-coated. It is generally tough, but many exterior chips fell off during earth transit and many of these pieces are friable. It is sub-rounded and blocky, with many zap pits.",https://www.lpi.usra.edu/lunar/samples/atlas/detail/?mission=Apollo%2015&sample=15555,,yes
c1lr215,LR-CMP-215,"70017,535 deep-brown pyroxene D <45 um","70017,535",70017,70017,subsample_or_fraction,"RELAB material 70017,535 deep-brown pyroxene D <45 um linked only to Atlas parent page 70017; composition of this subsample, size fraction, mineral separate, or preparation is not implied",Do not transfer parent-sample composition without subsample-specific verification,rock,high-Ti mare basalt,High-Ti Mare Basalt,https://www.lpi.usra.edu/lunar/samples/atlas/detail/?mission=Apollo%2017&sample=70017,,yes
c1lr216,LR-CMP-216,"70017,535 light-brown pyroxene D <45 um","70017,535",70017,70017,subsample_or_fraction,"RELAB material 70017,535 light-brown pyroxene D <45 um linked only to Atlas parent page 70017; composition of this subsample, size fraction, mineral separate, or preparation is not implied",Do not transfer parent-sample composition without subsample-specific verification,rock,high-Ti mare basalt,High-Ti Mare Basalt,https://www.lpi.usra.edu/lunar/samples/atlas/detail/?mission=Apollo%2017&sample=70017,,yes
c1lr217,LR-CMP-217,"70017,535 plagioclase D <45 um","70017,535",70017,70017,subsample_or_fraction,"RELAB material 70017,535 plagioclase D <45 um linked only to Atlas parent page 70017; composition of this subsample, size fraction, mineral separate, or preparation is not implied",Do not transfer parent-sample composition without subsample-specific verification,rock,high-Ti mare basalt,High-Ti Mare Basalt,https://www.lpi.usra.edu/lunar/samples/atlas/detail/?mission=Apollo%2017&sample=70017,,yes
c1lr218,LR-CMP-218,"70017,535 ilmenite D <45 um","70017,535",70017,70017,subsample_or_fraction,"RELAB material 70017,535 ilmenite D <45 um linked only to Atlas parent page 70017; composition of this subsample, size fraction, mineral separate, or preparation is not implied",Do not transfer parent-sample composition without subsample-specific verification,rock,high-Ti mare basalt,High-Ti Mare Basalt,https://www.lpi.usra.edu/lunar/samples/atlas/detail/?mission=Apollo%2017&sample=70017,,yes
c1lr219,LR-CMP-219,"70035,188 dark-brown pyroxene D <45 um","70035,188",70035,70035,subsample_or_fraction,"RELAB material 70035,188 dark-brown pyroxene D <45 um linked only to Atlas parent page 70035; composition of this subsample, size fraction, mineral separate, or preparation is not implied",Do not transfer parent-sample composition without subsample-specific verification,rock,high-Ti mare basalt,High-Ti Mare Basalt,https://www.lpi.usra.edu/lunar/samples/atlas/detail/?mission=Apollo%2017&sample=70035,,yes
c1lr22,LR-CMP-022,"79221,105","79221,105",79221,79221,subsample_or_fraction,"RELAB material 79221,105 linked only to Atlas parent page 79221; composition of this subsample, size fraction, mineral separate, or preparation is not implied",Do not transfer parent-sample composition without subsample-specific verification,,,,https://www.lpi.usra.edu/lunar/samples/atlas/detail/?mission=Apollo%2017&sample=79221,,yes
c1lr220,LR-CMP-220,"70035,188 light-brown pyroxene D <45 um","70035,188",70035,70035,subsample_or_fraction,"RELAB material 70035,188 light-brown pyroxene D <45 um linked only to Atlas parent page 70035; composition of this subsample, size fraction, mineral separate, or preparation is not implied",Do not transfer parent-sample composition without subsample-specific verification,rock,high-Ti mare basalt,High-Ti Mare Basalt,https://www.lpi.usra.edu/lunar/samples/atlas/detail/?mission=Apollo%2017&sample=70035,,yes
c1lr221,LR-CMP-221,"70035,188 plagioclase D <45 um","70035,188",70035,70035,subsample_or_fraction,"RELAB material 70035,188 plagioclase D <45 um linked only to Atlas parent page 70035; composition of this subsample, size fraction, mineral separate, or preparation is not implied",Do not transfer parent-sample composition without subsample-specific verification,rock,high-Ti mare basalt,High-Ti Mare Basalt,https://www.lpi.usra.edu/lunar/samples/atlas/detail/?mission=Apollo%2017&sample=70035,,yes
c1lr222,LR-CMP-222,"70035,188 ilmenite D <45 um","70035,188",70035,70035,subsample_or_fraction,"RELAB material 70035,188 ilmenite D <45 um linked only to Atlas parent page 70035; composition of this subsample, size fraction, mineral separate, or preparation is not implied",Do not transfer parent-sample composition without subsample-specific verification,rock,high-Ti mare basalt,High-Ti Mare Basalt,https://www.lpi.usra.edu/lunar/samples/atlas/detail/?mission=Apollo%2017&sample=70035,,yes
c1lr223,LR-CMP-223,"62241,21 plagioclase D <45 um","62241,21",62241,62241,subsample_or_fraction,"RELAB material 62241,21 plagioclase D <45 um linked only to Atlas parent page 62241; composition of this subsample, size fraction, mineral separate, or preparation is not implied",Do not transfer parent-sample composition without subsample-specific verification,,,,https://www.lpi.usra.edu/lunar/samples/atlas/detail/?mission=Apollo%2016&sample=62241,,yes
c1lr224,LR-CMP-224,"15415,60 plagioclase B","15415,60",15415,15415,subsample_or_fraction,"RELAB material 15415,60 plagioclase B linked only to Atlas parent page 15415; composition of this subsample, size fraction, mineral separate, or preparation is not implied",Do not transfer parent-sample composition without subsample-specific verification,rock,anorthite,"Anorthite. Corse-grained, ferroan crystalline rock with complex cataclastic and metamorphic history. Pale, blocky, angular to subrounded sample, which was originally partly dust-covered.",https://www.lpi.usra.edu/lunar/samples/atlas/detail/?mission=Apollo%2015&sample=15415,,yes
c1lr225,LR-CMP-225,"72415,64 olivine D","72415,64",72415,72415,subsample_or_fraction,"RELAB material 72415,64 olivine D linked only to Atlas parent page 72415; composition of this subsample, size fraction, mineral separate, or preparation is not implied",Do not transfer parent-sample composition without subsample-specific verification,rock,dunite,"Cataclastic dunite, homogeneous",https://www.lpi.usra.edu/lunar/samples/atlas/detail/?mission=Apollo%2017&sample=72415,,yes
c1lr226,LR-CMP-226,"76535,93 plagioclase B","76535,93",76535,76535,subsample_or_fraction,"RELAB material 76535,93 plagioclase B linked only to Atlas parent page 76535; composition of this subsample, size fraction, mineral separate, or preparation is not implied",Do not transfer parent-sample composition without subsample-specific verification,rake,troctolite,"Troctolite, random sample as part of rake sample at Station 6",https://www.lpi.usra.edu/lunar/samples/atlas/detail/?mission=Apollo%2017&sample=76535,,yes
c1lr227,LR-CMP-227,"76535,94 olivine B","76535,94",76535,76535,subsample_or_fraction,"RELAB material 76535,94 olivine B linked only to Atlas parent page 76535; composition of this subsample, size fraction, mineral separate, or preparation is not implied",Do not transfer parent-sample composition without subsample-specific verification,rake,troctolite,"Troctolite, random sample as part of rake sample at Station 6",https://www.lpi.usra.edu/lunar/samples/atlas/detail/?mission=Apollo%2017&sample=76535,,yes
c1lr228,LR-CMP-228,"15058,276 bulk E <125 um","15058,276",15058,15058,subsample_or_fraction,"RELAB material 15058,276 bulk E <125 um linked only to Atlas parent page 15058; composition of this subsample, size fraction, mineral separate, or preparation is not implied",Do not transfer parent-sample composition without subsample-specific verification,,basalt,,https://www.lpi.usra.edu/lunar/samples/atlas/detail/?mission=Apollo%2015&sample=15058,,yes
c1lr229,LR-LEN-229,60015 plagioclase 75-150 um,60015,60015,60015,subsample_or_fraction,"RELAB material 60015 plagioclase 75-150 um linked only to Atlas parent page 60015; composition of this subsample, size fraction, mineral separate, or preparation is not implied",Do not transfer parent-sample composition without subsample-specific verification,rock,anorthite,"Coherent, very light gray, shock-melted and cataclastic anorthosite; largely coated with vesicular glass up to 1 cm thick",https://www.lpi.usra.edu/lunar/samples/atlas/detail/?mission=Apollo%2016&sample=60015,,yes
c1lr23,LR-CMP-023,"70181,136","70181,136",70181,70181,subsample_or_fraction,"RELAB material 70181,136 linked only to Atlas parent page 70181; composition of this subsample, size fraction, mineral separate, or preparation is not implied",Do not transfer parent-sample composition without subsample-specific verification,,,,https://www.lpi.usra.edu/lunar/samples/atlas/detail/?mission=Apollo%2017&sample=70181,,yes
c1lr230,LR-DSM-230,"14003,96 Respirable","14003,96",14003,,atlas_missing,Recognizable Apollo parent sample 14003 is absent from the local Atlas index,No composition link established,,,,,,yes
c1lr231,LR-DSM-231,"14003,96 Median size 1.7 um","14003,96",14003,,atlas_missing,Recognizable Apollo parent sample 14003 is absent from the local Atlas index,No composition link established,,,,,,yes
c1lr232,LR-DSM-232,"14003,96 Median size 2.7 um","14003,96",14003,,atlas_missing,Recognizable Apollo parent sample 14003 is absent from the local Atlas index,No composition link established,,,,,,yes
c1lr233,LR-DSM-233,"14003,96 Median size 6.7 um","14003,96",14003,,atlas_missing,Recognizable Apollo parent sample 14003 is absent from the local Atlas index,No composition link established,,,,,,yes
c1lr234,LR-DSM-234,"14003,96 Median size 16.7 um","14003,96",14003,,atlas_missing,Recognizable Apollo parent sample 14003 is absent from the local Atlas index,No composition link established,,,,,,yes
c1lr235,LR-CMP-235,"60025,885 bulk","60025,885",60025,60025,subsample_or_fraction,"RELAB material 60025,885 bulk linked only to Atlas parent page 60025; composition of this subsample, size fraction, mineral separate, or preparation is not implied",Do not transfer parent-sample composition without subsample-specific verification,rock,anorthite,"Coarse-grained, moderately shocked, pristine cataclastic ferroan anorthosite",https://www.lpi.usra.edu/lunar/samples/atlas/detail/?mission=Apollo%2016&sample=60025,,yes
c1lr235c,LR-CMP-235-C,"60025,885 45-75 um","60025,885",60025,60025,subsample_or_fraction,"RELAB material 60025,885 45-75 um linked only to Atlas parent page 60025; composition of this subsample, size fraction, mineral separate, or preparation is not implied",Do not transfer parent-sample composition without subsample-specific verification,rock,anorthite,"Coarse-grained, moderately shocked, pristine cataclastic ferroan anorthosite",https://www.lpi.usra.edu/lunar/samples/atlas/detail/?mission=Apollo%2016&sample=60025,,yes
c1lr236,LR-CMP-236,"65315,153 bulk","65315,153",65315,65315,subsample_or_fraction,"RELAB material 65315,153 bulk linked only to Atlas parent page 65315; composition of this subsample, size fraction, mineral separate, or preparation is not implied",Do not transfer parent-sample composition without subsample-specific verification,rake,anorthite,about 8 cm across; abundant micrometeorite pits and patina on this surface;,https://www.lpi.usra.edu/lunar/samples/atlas/detail/?mission=Apollo%2016&sample=65315,,yes
c1lr236c,LR-CMP-236-C,"65315,153 45-75 um","65315,153",65315,65315,subsample_or_fraction,"RELAB material 65315,153 45-75 um linked only to Atlas parent page 65315; composition of this subsample, size fraction, mineral separate, or preparation is not implied",Do not transfer parent-sample composition without subsample-specific verification,rake,anorthite,about 8 cm across; abundant micrometeorite pits and patina on this surface;,https://www.lpi.usra.edu/lunar/samples/atlas/detail/?mission=Apollo%2016&sample=65315,,yes
c1lr237,LR-CMP-237,"60015,801 bulk","60015,801",60015,60015,subsample_or_fraction,"RELAB material 60015,801 bulk linked only to Atlas parent page 60015; composition of this subsample, size fraction, mineral separate, or preparation is not implied",Do not transfer parent-sample composition without subsample-specific verification,rock,anorthite,"Coherent, very light gray, shock-melted and cataclastic anorthosite; largely coated with vesicular glass up to 1 cm thick",https://www.lpi.usra.edu/lunar/samples/atlas/detail/?mission=Apollo%2016&sample=60015,,yes
c1lr237c,LR-CMP-237-C,"60015,801 45-75 um","60015,801",60015,60015,subsample_or_fraction,"RELAB material 60015,801 45-75 um linked only to Atlas parent page 60015; composition of this subsample, size fraction, mineral separate, or preparation is not implied",Do not transfer parent-sample composition without subsample-specific verification,rock,anorthite,"Coherent, very light gray, shock-melted and cataclastic anorthosite; largely coated with vesicular glass up to 1 cm thick",https://www.lpi.usra.edu/lunar/samples/atlas/detail/?mission=Apollo%2016&sample=60015,,yes
c1lr238,LR-CMP-238,"69955,65 bulk","69955,65",69955,69955,subsample_or_fraction,"RELAB material 69955,65 bulk linked only to Atlas parent page 69955; composition of this subsample, size fraction, mineral separate, or preparation is not implied",Do not transfer parent-sample composition without subsample-specific verification,rock,anorthite,"a rock that is relatively coarse-grained, shocked cataclastic anorthosite with a flat black glass vein running the length",https://www.lpi.usra.edu/lunar/samples/atlas/detail/?mission=Apollo%2016&sample=69955,,yes
c1lr238c,LR-CMP-238-C,"69955,65 45-75 um","69955,65",69955,69955,subsample_or_fraction,"RELAB material 69955,65 45-75 um linked only to Atlas parent page 69955; composition of this subsample, size fraction, mineral separate, or preparation is not implied",Do not transfer parent-sample composition without subsample-specific verification,rock,anorthite,"a rock that is relatively coarse-grained, shocked cataclastic anorthosite with a flat black glass vein running the length",https://www.lpi.usra.edu/lunar/samples/atlas/detail/?mission=Apollo%2016&sample=69955,,yes
c1lr24,LR-CMP-024,"70181,137","70181,137",70181,70181,subsample_or_fraction,"RELAB material 70181,137 linked only to Atlas parent page 70181; composition of this subsample, size fraction, mineral separate, or preparation is not implied",Do not transfer parent-sample composition without subsample-specific verification,,,,https://www.lpi.usra.edu/lunar/samples/atlas/detail/?mission=Apollo%2017&sample=70181,,yes
c1lr240c,LR-CMP-240-C,"60025,885 Plag Sep","60025,885",60025,60025,subsample_or_fraction,"RELAB material 60025,885 Plag Sep linked only to Atlas parent page 60025; composition of this subsample, size fraction, mineral separate, or preparation is not implied",Do not transfer parent-sample composition without subsample-specific verification,rock,anorthite,"Coarse-grained, moderately shocked, pristine cataclastic ferroan anorthosite",https://www.lpi.usra.edu/lunar/samples/atlas/detail/?mission=Apollo%2016&sample=60025,,yes
c1lr241c,LR-CMP-241-C,"65315,153 Plag Sep","65315,153",65315,65315,subsample_or_fraction,"RELAB material 65315,153 Plag Sep linked only to Atlas parent page 65315; composition of this subsample, size fraction, mineral separate, or preparation is not implied",Do not transfer parent-sample composition without subsample-specific verification,rake,anorthite,about 8 cm across; abundant micrometeorite pits and patina on this surface;,https://www.lpi.usra.edu/lunar/samples/atlas/detail/?mission=Apollo%2016&sample=65315,,yes
c1lr242c,LR-CMP-242-C,"60015,801 Plag Sep","60015,801",60015,60015,subsample_or_fraction,"RELAB material 60015,801 Plag Sep linked only to Atlas parent page 60015; composition of this subsample, size fraction, mineral separate, or preparation is not implied",Do not transfer parent-sample composition without subsample-specific verification,rock,anorthite,"Coherent, very light gray, shock-melted and cataclastic anorthosite; largely coated with vesicular glass up to 1 cm thick",https://www.lpi.usra.edu/lunar/samples/atlas/detail/?mission=Apollo%2016&sample=60015,,yes
c1lr243c,LR-CMP-243-C,"69955,65 Plag Sep","69955,65",69955,69955,subsample_or_fraction,"RELAB material 69955,65 Plag Sep linked only to Atlas parent page 69955; composition of this subsample, size fraction, mineral separate, or preparation is not implied",Do not transfer parent-sample composition without subsample-specific verification,rock,anorthite,"a rock that is relatively coarse-grained, shocked cataclastic anorthosite with a flat black glass vein running the length",https://www.lpi.usra.edu/lunar/samples/atlas/detail/?mission=Apollo%2016&sample=69955,,yes
c1lr244b,LR-CMP-244-B,"60025,885 <45 um","60025,885",60025,60025,subsample_or_fraction,"RELAB material 60025,885 <45 um linked only to Atlas parent page 60025; composition of this subsample, size fraction, mineral separate, or preparation is not implied",Do not transfer parent-sample composition without subsample-specific verification,rock,anorthite,"Coarse-grained, moderately shocked, pristine cataclastic ferroan anorthosite",https://www.lpi.usra.edu/lunar/samples/atlas/detail/?mission=Apollo%2016&sample=60025,,yes
c1lr244c,LR-CMP-244-C,"60025,885 45-75 um","60025,885",60025,60025,subsample_or_fraction,"RELAB material 60025,885 45-75 um linked only to Atlas parent page 60025; composition of this subsample, size fraction, mineral separate, or preparation is not implied",Do not transfer parent-sample composition without subsample-specific verification,rock,anorthite,"Coarse-grained, moderately shocked, pristine cataclastic ferroan anorthosite",https://www.lpi.usra.edu/lunar/samples/atlas/detail/?mission=Apollo%2016&sample=60025,,yes
c1lr245b,LR-CMP-245-B,"65315, 153 <45 um","65315,153",65315,65315,subsample_or_fraction,"RELAB material 65315, 153 <45 um linked only to Atlas parent page 65315; composition of this subsample, size fraction, mineral separate, or preparation is not implied",Do not transfer parent-sample composition without subsample-specific verification,rake,anorthite,about 8 cm across; abundant micrometeorite pits and patina on this surface;,https://www.lpi.usra.edu/lunar/samples/atlas/detail/?mission=Apollo%2016&sample=65315,,yes
c1lr245c,LR-CMP-245-C,"65315, 153 45-75 um","65315,153",65315,65315,subsample_or_fraction,"RELAB material 65315, 153 45-75 um linked only to Atlas parent page 65315; composition of this subsample, size fraction, mineral separate, or preparation is not implied",Do not transfer parent-sample composition without subsample-specific verification,rake,anorthite,about 8 cm across; abundant micrometeorite pits and patina on this surface;,https://www.lpi.usra.edu/lunar/samples/atlas/detail/?mission=Apollo%2016&sample=65315,,yes
c1lr246b,LR-CMP-246-B,"60015,801 <45 um","60015,801",60015,60015,subsample_or_fraction,"RELAB material 60015,801 <45 um linked only to Atlas parent page 60015; composition of this subsample, size fraction, mineral separate, or preparation is not implied",Do not transfer parent-sample composition without subsample-specific verification,rock,anorthite,"Coherent, very light gray, shock-melted and cataclastic anorthosite; largely coated with vesicular glass up to 1 cm thick",https://www.lpi.usra.edu/lunar/samples/atlas/detail/?mission=Apollo%2016&sample=60015,,yes
c1lr246c,LR-CMP-246-C,"60015,801 45-75 um","60015,801",60015,60015,subsample_or_fraction,"RELAB material 60015,801 45-75 um linked only to Atlas parent page 60015; composition of this subsample, size fraction, mineral separate, or preparation is not implied",Do not transfer parent-sample composition without subsample-specific verification,rock,anorthite,"Coherent, very light gray, shock-melted and cataclastic anorthosite; largely coated with vesicular glass up to 1 cm thick",https://www.lpi.usra.edu/lunar/samples/atlas/detail/?mission=Apollo%2016&sample=60015,,yes
c1lr247b,LR-CMP-247-B,"69955, 65 <45 um","69955,65",69955,69955,subsample_or_fraction,"RELAB material 69955, 65 <45 um linked only to Atlas parent page 69955; composition of this subsample, size fraction, mineral separate, or preparation is not implied",Do not transfer parent-sample composition without subsample-specific verification,rock,anorthite,"a rock that is relatively coarse-grained, shocked cataclastic anorthosite with a flat black glass vein running the length",https://www.lpi.usra.edu/lunar/samples/atlas/detail/?mission=Apollo%2016&sample=69955,,yes
c1lr247c,LR-CMP-247-C,"69955, 65 45-75 um","69955,65",69955,69955,subsample_or_fraction,"RELAB material 69955, 65 45-75 um linked only to Atlas parent page 69955; composition of this subsample, size fraction, mineral separate, or preparation is not implied",Do not transfer parent-sample composition without subsample-specific verification,rock,anorthite,"a rock that is relatively coarse-grained, shocked cataclastic anorthosite with a flat black glass vein running the length",https://www.lpi.usra.edu/lunar/samples/atlas/detail/?mission=Apollo%2016&sample=69955,,yes
c1lr248a,LR-KMR-248-A,"70215,345 <45 um","70215,345",70215,70215,subsample_or_fraction,"RELAB material 70215,345 <45 um linked only to Atlas parent page 70215; composition of this subsample, size fraction, mineral separate, or preparation is not implied",Do not transfer parent-sample composition without subsample-specific verification,rock,high-Ti mare basalt,High-Ti Mare Basalt,https://www.lpi.usra.edu/lunar/samples/atlas/detail/?mission=Apollo%2017&sample=70215,,yes
c1lr248b,LR-KMR-248-B,"70215,345 >125 um","70215,345",70215,70215,subsample_or_fraction,"RELAB material 70215,345 >125 um linked only to Atlas parent page 70215; composition of this subsample, size fraction, mineral separate, or preparation is not implied",Do not transfer parent-sample composition without subsample-specific verification,rock,high-Ti mare basalt,High-Ti Mare Basalt,https://www.lpi.usra.edu/lunar/samples/atlas/detail/?mission=Apollo%2017&sample=70215,,yes
c1lr249a,LR-KMR-249-A,"71055,239 <45 um","71055,239",71055,71055,subsample_or_fraction,"RELAB material 71055,239 <45 um linked only to Atlas parent page 71055; composition of this subsample, size fraction, mineral separate, or preparation is not implied",Do not transfer parent-sample composition without subsample-specific verification,rock,high-Ti mare basalt,High-Ti Mare Basalt,https://www.lpi.usra.edu/lunar/samples/atlas/detail/?mission=Apollo%2017&sample=71055,,yes
c1lr249b,LR-KMR-249-B,"71055,239 >125 um","71055,239",71055,71055,subsample_or_fraction,"RELAB material 71055,239 >125 um linked only to Atlas parent page 71055; composition of this subsample, size fraction, mineral separate, or preparation is not implied",Do not transfer parent-sample composition without subsample-specific verification,rock,high-Ti mare basalt,High-Ti Mare Basalt,https://www.lpi.usra.edu/lunar/samples/atlas/detail/?mission=Apollo%2017&sample=71055,,yes
c1lr25,LR-CMP-025,"70181,138","70181,138",70181,70181,subsample_or_fraction,"RELAB material 70181,138 linked only to Atlas parent page 70181; composition of this subsample, size fraction, mineral separate, or preparation is not implied",Do not transfer parent-sample composition without subsample-specific verification,,,,https://www.lpi.usra.edu/lunar/samples/atlas/detail/?mission=Apollo%2017&sample=70181,,yes
c1lr250a,LR-KMR-250-A,"74275,335 <45 um","74275,335",74275,74275,subsample_or_fraction,"RELAB material 74275,335 <45 um linked only to Atlas parent page 74275; composition of this subsample, size fraction, mineral separate, or preparation is not implied",Do not transfer parent-sample composition without subsample-specific verification,rock,high-Ti mare basalt,High-Ti Mare Basalt,https://www.lpi.usra.edu/lunar/samples/atlas/detail/?mission=Apollo%2017&sample=74275,,yes
c1lr250b,LR-KMR-250-B,"74275,335 >125 um","74275,335",74275,74275,subsample_or_fraction,"RELAB material 74275,335 >125 um linked only to Atlas parent page 74275; composition of this subsample, size fraction, mineral separate, or preparation is not implied",Do not transfer parent-sample composition without subsample-specific verification,rock,high-Ti mare basalt,High-Ti Mare Basalt,https://www.lpi.usra.edu/lunar/samples/atlas/detail/?mission=Apollo%2017&sample=74275,,yes
c1lr251a,LR-KMR-251-A,"75075,197 <45 um","75075,197",75075,75075,subsample_or_fraction,"RELAB material 75075,197 <45 um linked only to Atlas parent page 75075; composition of this subsample, size fraction, mineral separate, or preparation is not implied",Do not transfer parent-sample composition without subsample-specific verification,rock,high-Ti mare basalt,High-Ti Mare Basalt,https://www.lpi.usra.edu/lunar/samples/atlas/detail/?mission=Apollo%2017&sample=75075,,yes
c1lr251b,LR-KMR-251-B,"75075,197 >125 um","75075,197",75075,75075,subsample_or_fraction,"RELAB material 75075,197 >125 um linked only to Atlas parent page 75075; composition of this subsample, size fraction, mineral separate, or preparation is not implied",Do not transfer parent-sample composition without subsample-specific verification,rock,high-Ti mare basalt,High-Ti Mare Basalt,https://www.lpi.usra.edu/lunar/samples/atlas/detail/?mission=Apollo%2017&sample=75075,,yes
c1lr252a,LR-KMR-252-A,"78598,7 <45 um","78598,7",78598,78598,subsample_or_fraction,"RELAB material 78598,7 <45 um linked only to Atlas parent page 78598; composition of this subsample, size fraction, mineral separate, or preparation is not implied",Do not transfer parent-sample composition without subsample-specific verification,rake,high-Ti mare basalt,High-Ti Mare Basalt,https://www.lpi.usra.edu/lunar/samples/atlas/detail/?mission=Apollo%2017&sample=78598,,yes
c1lr252b,LR-KMR-252-B,"78598,7 >125 um","78598,7",78598,78598,subsample_or_fraction,"RELAB material 78598,7 >125 um linked only to Atlas parent page 78598; composition of this subsample, size fraction, mineral separate, or preparation is not implied",Do not transfer parent-sample composition without subsample-specific verification,rake,high-Ti mare basalt,High-Ti Mare Basalt,https://www.lpi.usra.edu/lunar/samples/atlas/detail/?mission=Apollo%2017&sample=78598,,yes
c1lr253,LR-CMP-253,"61016,538 (about <200 um, 21 mg)","61016,538",61016,61016,subsample_or_fraction,"RELAB material 61016,538 (about <200 um, 21 mg) linked only to Atlas parent page 61016; composition of this subsample, size fraction, mineral separate, or preparation is not implied",Do not transfer parent-sample composition without subsample-specific verification,,impact melt breccia,"known as ""Big Muley""; named after Bill Muehlberger, the leader of the Apollo 16 field geology team",https://www.lpi.usra.edu/lunar/samples/atlas/detail/?mission=Apollo%2016&sample=61016,,yes
c1lr254,LR-CMP-254,"60055,27 (about <200 um, 171 mg)","60055,27",60055,60055,subsample_or_fraction,"RELAB material 60055,27 (about <200 um, 171 mg) linked only to Atlas parent page 60055; composition of this subsample, size fraction, mineral separate, or preparation is not implied",Do not transfer parent-sample composition without subsample-specific verification,rake,soil,"walnut-sized particles from soil sample 60050 are what gave the soil a ""white"" appearance on the lunar surface.",https://www.lpi.usra.edu/lunar/samples/atlas/detail/?mission=Apollo%2016&sample=60055,,yes
c1lr255,LR-CMP-255,"60215,65 (about <500 um, 168 mg)","60215,65",60215,60215,subsample_or_fraction,"RELAB material 60215,65 (about <500 um, 168 mg) linked only to Atlas parent page 60215; composition of this subsample, size fraction, mineral separate, or preparation is not implied",Do not transfer parent-sample composition without subsample-specific verification,,breccia,"actually a polymict breccia, the largest portion is almost pure white and very plagioclase rich. The anorthositic portion is both highly shocked and cataclastic.",https://www.lpi.usra.edu/lunar/samples/atlas/detail/?mission=Apollo%2016&sample=60215,,yes
c1lr256,LR-CMP-256,"61016,542 large fragments","61016,542",61016,61016,subsample_or_fraction,"RELAB material 61016,542 large fragments linked only to Atlas parent page 61016; composition of this subsample, size fraction, mineral separate, or preparation is not implied",Do not transfer parent-sample composition without subsample-specific verification,,impact melt breccia,"known as ""Big Muley""; named after Bill Muehlberger, the leader of the Apollo 16 field geology team",https://www.lpi.usra.edu/lunar/samples/atlas/detail/?mission=Apollo%2016&sample=61016,,yes
c1lr26,LR-CMP-026,"71061,139","71061,139",71061,71061,subsample_or_fraction,"RELAB material 71061,139 linked only to Atlas parent page 71061; composition of this subsample, size fraction, mineral separate, or preparation is not implied",Do not transfer parent-sample composition without subsample-specific verification,,,,https://www.lpi.usra.edu/lunar/samples/atlas/detail/?mission=Apollo%2017&sample=71061,,yes
c1lr27,LR-CMP-027,"71061,140","71061,140",71061,71061,subsample_or_fraction,"RELAB material 71061,140 linked only to Atlas parent page 71061; composition of this subsample, size fraction, mineral separate, or preparation is not implied",Do not transfer parent-sample composition without subsample-specific verification,,,,https://www.lpi.usra.edu/lunar/samples/atlas/detail/?mission=Apollo%2017&sample=71061,,yes
c1lr28,LR-CMP-028,"71501,226","71501,226",71501,71501,subsample_or_fraction,"RELAB material 71501,226 linked only to Atlas parent page 71501; composition of this subsample, size fraction, mineral separate, or preparation is not implied",Do not transfer parent-sample composition without subsample-specific verification,,,,https://www.lpi.usra.edu/lunar/samples/atlas/detail/?mission=Apollo%2017&sample=71501,,yes
c1lr29,LR-CMP-029,"71501,227","71501,227",71501,71501,subsample_or_fraction,"RELAB material 71501,227 linked only to Atlas parent page 71501; composition of this subsample, size fraction, mineral separate, or preparation is not implied",Do not transfer parent-sample composition without subsample-specific verification,,,,https://www.lpi.usra.edu/lunar/samples/atlas/detail/?mission=Apollo%2017&sample=71501,,yes
c1lr30,LR-CMP-030,"12030,146","12030,146",12030,12030,subsample_or_fraction,"RELAB material 12030,146 linked only to Atlas parent page 12030; composition of this subsample, size fraction, mineral separate, or preparation is not implied",Do not transfer parent-sample composition without subsample-specific verification,,,,https://www.lpi.usra.edu/lunar/samples/atlas/detail/?mission=Apollo%2012&sample=12030,,yes
c1lr31,LR-CMP-031,"12030,145","12030,145",12030,12030,subsample_or_fraction,"RELAB material 12030,145 linked only to Atlas parent page 12030; composition of this subsample, size fraction, mineral separate, or preparation is not implied",Do not transfer parent-sample composition without subsample-specific verification,,,,https://www.lpi.usra.edu/lunar/samples/atlas/detail/?mission=Apollo%2012&sample=12030,,yes
c1lr32,LR-CMP-032,"12030,144","12030,144",12030,12030,subsample_or_fraction,"RELAB material 12030,144 linked only to Atlas parent page 12030; composition of this subsample, size fraction, mineral separate, or preparation is not implied",Do not transfer parent-sample composition without subsample-specific verification,,,,https://www.lpi.usra.edu/lunar/samples/atlas/detail/?mission=Apollo%2012&sample=12030,,yes
c1lr33,LR-CMP-033,"10068,139","10068,139",10068,10068,subsample_or_fraction,"RELAB material 10068,139 linked only to Atlas parent page 10068; composition of this subsample, size fraction, mineral separate, or preparation is not implied",Do not transfer parent-sample composition without subsample-specific verification,,breccia,,https://www.lpi.usra.edu/lunar/samples/atlas/detail/?mission=Apollo%2011&sample=10068,,yes
c1lr34,LR-CMP-034,"10068,140","10068,140",10068,10068,subsample_or_fraction,"RELAB material 10068,140 linked only to Atlas parent page 10068; composition of this subsample, size fraction, mineral separate, or preparation is not implied",Do not transfer parent-sample composition without subsample-specific verification,,breccia,,https://www.lpi.usra.edu/lunar/samples/atlas/detail/?mission=Apollo%2011&sample=10068,,yes
c1lr38,LR-CMP-038,"68501,601 <10 um","68501,601",68501,68501,subsample_or_fraction,"RELAB material 68501,601 <10 um linked only to Atlas parent page 68501; composition of this subsample, size fraction, mineral separate, or preparation is not implied",Do not transfer parent-sample composition without subsample-specific verification,rake,soil,,https://www.lpi.usra.edu/lunar/samples/atlas/detail/?mission=Apollo%2016&sample=68501,,yes
c1lr39,LR-CMP-039,"79221,118","79221,118",79221,79221,subsample_or_fraction,"RELAB material 79221,118 linked only to Atlas parent page 79221; composition of this subsample, size fraction, mineral separate, or preparation is not implied",Do not transfer parent-sample composition without subsample-specific verification,,,,https://www.lpi.usra.edu/lunar/samples/atlas/detail/?mission=Apollo%2017&sample=79221,,yes
c1lr40,LR-CMP-040,"79221,131","79221,131",79221,79221,subsample_or_fraction,"RELAB material 79221,131 linked only to Atlas parent page 79221; composition of this subsample, size fraction, mineral separate, or preparation is not implied",Do not transfer parent-sample composition without subsample-specific verification,,,,https://www.lpi.usra.edu/lunar/samples/atlas/detail/?mission=Apollo%2017&sample=79221,,yes
c1lr41,LR-CMP-041,"79221,136","79221,136",79221,79221,subsample_or_fraction,"RELAB material 79221,136 linked only to Atlas parent page 79221; composition of this subsample, size fraction, mineral separate, or preparation is not implied",Do not transfer parent-sample composition without subsample-specific verification,,,,https://www.lpi.usra.edu/lunar/samples/atlas/detail/?mission=Apollo%2017&sample=79221,,yes
c1lr42,LR-CMP-042,"68501,601","68501,601",68501,68501,subsample_or_fraction,"RELAB material 68501,601 linked only to Atlas parent page 68501; composition of this subsample, size fraction, mineral separate, or preparation is not implied",Do not transfer parent-sample composition without subsample-specific verification,rake,soil,,https://www.lpi.usra.edu/lunar/samples/atlas/detail/?mission=Apollo%2016&sample=68501,,yes
c1lr43,LR-CMP-043,"68501,601","68501,601",68501,68501,subsample_or_fraction,"RELAB material 68501,601 linked only to Atlas parent page 68501; composition of this subsample, size fraction, mineral separate, or preparation is not implied",Do not transfer parent-sample composition without subsample-specific verification,rake,soil,,https://www.lpi.usra.edu/lunar/samples/atlas/detail/?mission=Apollo%2016&sample=68501,,yes
c1lr44,LR-CMP-044,"68501,601","68501,601",68501,68501,subsample_or_fraction,"RELAB material 68501,601 linked only to Atlas parent page 68501; composition of this subsample, size fraction, mineral separate, or preparation is not implied",Do not transfer parent-sample composition without subsample-specific verification,rake,soil,,https://www.lpi.usra.edu/lunar/samples/atlas/detail/?mission=Apollo%2016&sample=68501,,yes
c1lr49,LR-CMP-049,"79221,126","79221,126",79221,79221,subsample_or_fraction,"RELAB material 79221,126 linked only to Atlas parent page 79221; composition of this subsample, size fraction, mineral separate, or preparation is not implied",Do not transfer parent-sample composition without subsample-specific verification,,,,https://www.lpi.usra.edu/lunar/samples/atlas/detail/?mission=Apollo%2017&sample=79221,,yes
c1lr50,LR-CMP-050,"74001,439","74001,439",74001,74001,subsample_or_fraction,"RELAB material 74001,439 linked only to Atlas parent page 74001; composition of this subsample, size fraction, mineral separate, or preparation is not implied",Do not transfer parent-sample composition without subsample-specific verification,core,soil,"Drive tube 74001/74002 was collected at the south rim of 120 meter Shorty crater, at Station 4. The cored material is unusually compact. The core contains orange and red colored soil with nearly vertical contacts. The site is near the low place in the crater rim crest. The fragment population is viable. Craters up to several meters in diameter are scattered near the sample site. The core is almost entirely without coarse fines.",https://www.lpi.usra.edu/lunar/samples/atlas/detail/?mission=Apollo%2017&sample=74001,,yes
c1lr51,LR-CMP-051,"74220,806","74220,806",74220,74220,subsample_or_fraction,"RELAB material 74220,806 linked only to Atlas parent page 74220; composition of this subsample, size fraction, mineral separate, or preparation is not implied",Do not transfer parent-sample composition without subsample-specific verification,,soil,"Considered to be a clod of friable material taken 6-8 cm deep in a trench from Station 4, on the rim of 120 meter Shorty crater. The site is near the low place in the crater rim crest. The fragments population is highly variable, craters up to several meters in diameter are common. The particles larger than 1 mm are mostly friable clumps that disagregated during sieving. Any discontinuity is probably due to the fact that the sizes < 1 mm were sieved and the sizes >1 mm were hand picked.",https://www.lpi.usra.edu/lunar/samples/atlas/detail/?mission=Apollo%2017&sample=74220,,yes
c1lr52,LR-CMP-052,"15401,136","15401,136",15401,15401,subsample_or_fraction,"RELAB material 15401,136 linked only to Atlas parent page 15401; composition of this subsample, size fraction, mineral separate, or preparation is not implied",Do not transfer parent-sample composition without subsample-specific verification,,soil,is very immature and it has an unusual grain size distribution weight towards large particles. The average grain size distribution of 15401 is 89 microns.,https://www.lpi.usra.edu/lunar/samples/atlas/detail/?mission=Apollo%2015&sample=15401,,yes
c1lr57,LR-CMP-057,"71061,158","71061,158",71061,71061,subsample_or_fraction,"RELAB material 71061,158 linked only to Atlas parent page 71061; composition of this subsample, size fraction, mineral separate, or preparation is not implied",Do not transfer parent-sample composition without subsample-specific verification,,,,https://www.lpi.usra.edu/lunar/samples/atlas/detail/?mission=Apollo%2017&sample=71061,,yes
c1lr58,LR-CMP-058,"71061,15","71061,15",71061,71061,subsample_or_fraction,"RELAB material 71061,15 linked only to Atlas parent page 71061; composition of this subsample, size fraction, mineral separate, or preparation is not implied",Do not transfer parent-sample composition without subsample-specific verification,,,,https://www.lpi.usra.edu/lunar/samples/atlas/detail/?mission=Apollo%2017&sample=71061,,yes
c1lr59,LR-CMP-059,"71061,163","71061,163",71061,71061,subsample_or_fraction,"RELAB material 71061,163 linked only to Atlas parent page 71061; composition of this subsample, size fraction, mineral separate, or preparation is not implied",Do not transfer parent-sample composition without subsample-specific verification,,,,https://www.lpi.usra.edu/lunar/samples/atlas/detail/?mission=Apollo%2017&sample=71061,,yes
c1lr60,LR-CMP-060,"71061,168","71061,168",71061,71061,subsample_or_fraction,"RELAB material 71061,168 linked only to Atlas parent page 71061; composition of this subsample, size fraction, mineral separate, or preparation is not implied",Do not transfer parent-sample composition without subsample-specific verification,,,,https://www.lpi.usra.edu/lunar/samples/atlas/detail/?mission=Apollo%2017&sample=71061,,yes
c1lr68,LR-CMP-068,"10084,1960","10084,1960",10084,10084,subsample_or_fraction,"RELAB material 10084,1960 linked only to Atlas parent page 10084; composition of this subsample, size fraction, mineral separate, or preparation is not implied",Do not transfer parent-sample composition without subsample-specific verification,soil-general,,"The contingency sample was taken in front of quad IV of the LM. The documented sample was collected 5 meters north of the LM, the bulk sample was collected in front of quad IV by pouring scoops of loose soil to fill the voids left between rock samples in the bulk sample container. 10084 is the bulk soil sample. Soil is fine grained and hard in this sample area. There are few fragments and it is difficult to scoop deeper than 5 cm below the surface.",https://www.lpi.usra.edu/lunar/samples/atlas/detail/?mission=Apollo%2011&sample=10084,,yes
c1lr70,LR-CMP-070,"10084,1962 10-20 um","10084,1962",10084,10084,subsample_or_fraction,"RELAB material 10084,1962 10-20 um linked only to Atlas parent page 10084; composition of this subsample, size fraction, mineral separate, or preparation is not implied",Do not transfer parent-sample composition without subsample-specific verification,soil-general,,"The contingency sample was taken in front of quad IV of the LM. The documented sample was collected 5 meters north of the LM, the bulk sample was collected in front of quad IV by pouring scoops of loose soil to fill the voids left between rock samples in the bulk sample container. 10084 is the bulk soil sample. Soil is fine grained and hard in this sample area. There are few fragments and it is difficult to scoop deeper than 5 cm below the surface.",https://www.lpi.usra.edu/lunar/samples/atlas/detail/?mission=Apollo%2011&sample=10084,,yes
c1lr71,LR-CMP-071,"10084,1963 <10 um","10084,1963",10084,10084,subsample_or_fraction,"RELAB material 10084,1963 <10 um linked only to Atlas parent page 10084; composition of this subsample, size fraction, mineral separate, or preparation is not implied",Do not transfer parent-sample composition without subsample-specific verification,soil-general,,"The contingency sample was taken in front of quad IV of the LM. The documented sample was collected 5 meters north of the LM, the bulk sample was collected in front of quad IV by pouring scoops of loose soil to fill the voids left between rock samples in the bulk sample container. 10084 is the bulk soil sample. Soil is fine grained and hard in this sample area. There are few fragments and it is difficult to scoop deeper than 5 cm below the surface.",https://www.lpi.usra.edu/lunar/samples/atlas/detail/?mission=Apollo%2011&sample=10084,,yes
c1lr89,LR-CMP-089,"14163,888","14163,888",14163,14163,subsample_or_fraction,"RELAB material 14163,888 linked only to Atlas parent page 14163; composition of this subsample, size fraction, mineral separate, or preparation is not implied",Do not transfer parent-sample composition without subsample-specific verification,,soil,"14160, 14161, 14162, 14163, 14402, 14422, 14425 through 14453 collected 15 m NW of LM. Samples collected from the bottom of a 1 m crater with glass in the bottom; Astronaut Shepard identifies the crater as secondary. Sample area is level and free of large blocks.",https://www.lpi.usra.edu/lunar/samples/atlas/detail/?mission=Apollo%2014&sample=14163,,yes
c1lr90,LR-CMP-090,"14163,892","14163,892",14163,14163,subsample_or_fraction,"RELAB material 14163,892 linked only to Atlas parent page 14163; composition of this subsample, size fraction, mineral separate, or preparation is not implied",Do not transfer parent-sample composition without subsample-specific verification,,soil,"14160, 14161, 14162, 14163, 14402, 14422, 14425 through 14453 collected 15 m NW of LM. Samples collected from the bottom of a 1 m crater with glass in the bottom; Astronaut Shepard identifies the crater as secondary. Sample area is level and free of large blocks.",https://www.lpi.usra.edu/lunar/samples/atlas/detail/?mission=Apollo%2014&sample=14163,,yes
c1lr91,LR-CMP-091,"14163,897","14163,897",14163,14163,subsample_or_fraction,"RELAB material 14163,897 linked only to Atlas parent page 14163; composition of this subsample, size fraction, mineral separate, or preparation is not implied",Do not transfer parent-sample composition without subsample-specific verification,,soil,"14160, 14161, 14162, 14163, 14402, 14422, 14425 through 14453 collected 15 m NW of LM. Samples collected from the bottom of a 1 m crater with glass in the bottom; Astronaut Shepard identifies the crater as secondary. Sample area is level and free of large blocks.",https://www.lpi.usra.edu/lunar/samples/atlas/detail/?mission=Apollo%2014&sample=14163,,yes
c1lr92,LR-CMP-092,"14163,902","14163,902",14163,14163,subsample_or_fraction,"RELAB material 14163,902 linked only to Atlas parent page 14163; composition of this subsample, size fraction, mineral separate, or preparation is not implied",Do not transfer parent-sample composition without subsample-specific verification,,soil,"14160, 14161, 14162, 14163, 14402, 14422, 14425 through 14453 collected 15 m NW of LM. Samples collected from the bottom of a 1 m crater with glass in the bottom; Astronaut Shepard identifies the crater as secondary. Sample area is level and free of large blocks.",https://www.lpi.usra.edu/lunar/samples/atlas/detail/?mission=Apollo%2014&sample=14163,,yes
c1lr93,LR-CMP-093,"14141,156","14141,156",14141,14141,subsample_or_fraction,"RELAB material 14141,156 linked only to Atlas parent page 14141; composition of this subsample, size fraction, mineral separate, or preparation is not implied",Do not transfer parent-sample composition without subsample-specific verification,soil-general,soil,"Samples 14140, 14141, 14142, 14143, 14144 and 14068, 14069, 14070, 14071, and 14072 were collected 3 meters from the rim of a 15 meter crater just south of Cone crater. 14141 is a surface soil identified by crew as a light gray layer, 14068 through 14072 is a sample of some surface rocks in the area. The area near the rim of Cone crater is strewn with boulders up to 3 meters.",https://www.lpi.usra.edu/lunar/samples/atlas/detail/?mission=Apollo%2014&sample=14141,,yes
c1lr94,LR-CMP-094,"14141,160","14141,160",14141,14141,subsample_or_fraction,"RELAB material 14141,160 linked only to Atlas parent page 14141; composition of this subsample, size fraction, mineral separate, or preparation is not implied",Do not transfer parent-sample composition without subsample-specific verification,soil-general,soil,"Samples 14140, 14141, 14142, 14143, 14144 and 14068, 14069, 14070, 14071, and 14072 were collected 3 meters from the rim of a 15 meter crater just south of Cone crater. 14141 is a surface soil identified by crew as a light gray layer, 14068 through 14072 is a sample of some surface rocks in the area. The area near the rim of Cone crater is strewn with boulders up to 3 meters.",https://www.lpi.usra.edu/lunar/samples/atlas/detail/?mission=Apollo%2014&sample=14141,,yes
c1lr95,LR-CMP-095,"14141,165","14141,165",14141,14141,subsample_or_fraction,"RELAB material 14141,165 linked only to Atlas parent page 14141; composition of this subsample, size fraction, mineral separate, or preparation is not implied",Do not transfer parent-sample composition without subsample-specific verification,soil-general,soil,"Samples 14140, 14141, 14142, 14143, 14144 and 14068, 14069, 14070, 14071, and 14072 were collected 3 meters from the rim of a 15 meter crater just south of Cone crater. 14141 is a surface soil identified by crew as a light gray layer, 14068 through 14072 is a sample of some surface rocks in the area. The area near the rim of Cone crater is strewn with boulders up to 3 meters.",https://www.lpi.usra.edu/lunar/samples/atlas/detail/?mission=Apollo%2014&sample=14141,,yes
c1lr96,LR-CMP-096,"14141,170","14141,170",14141,14141,subsample_or_fraction,"RELAB material 14141,170 linked only to Atlas parent page 14141; composition of this subsample, size fraction, mineral separate, or preparation is not implied",Do not transfer parent-sample composition without subsample-specific verification,soil-general,soil,"Samples 14140, 14141, 14142, 14143, 14144 and 14068, 14069, 14070, 14071, and 14072 were collected 3 meters from the rim of a 15 meter crater just south of Cone crater. 14141 is a surface soil identified by crew as a light gray layer, 14068 through 14072 is a sample of some surface rocks in the area. The area near the rim of Cone crater is strewn with boulders up to 3 meters.",https://www.lpi.usra.edu/lunar/samples/atlas/detail/?mission=Apollo%2014&sample=14141,,yes
c1lr97,LR-CMP-097,"62231,21","62231,21",62231,62231,subsample_or_fraction,"RELAB material 62231,21 linked only to Atlas parent page 62231; composition of this subsample, size fraction, mineral separate, or preparation is not implied",Do not transfer parent-sample composition without subsample-specific verification,rake,soil,,https://www.lpi.usra.edu/lunar/samples/atlas/detail/?mission=Apollo%2016&sample=62231,,yes
c1lr98,LR-CMP-098,"62231,25","62231,25",62231,62231,subsample_or_fraction,"RELAB material 62231,25 linked only to Atlas parent page 62231; composition of this subsample, size fraction, mineral separate, or preparation is not implied",Do not transfer parent-sample composition without subsample-specific verification,rake,soil,,https://www.lpi.usra.edu/lunar/samples/atlas/detail/?mission=Apollo%2016&sample=62231,,yes
c1lr99,LR-CMP-099,"62231,30","62231,30",62231,62231,subsample_or_fraction,"RELAB material 62231,30 linked only to Atlas parent page 62231; composition of this subsample, size fraction, mineral separate, or preparation is not implied",Do not transfer parent-sample composition without subsample-specific verification,rake,soil,,https://www.lpi.usra.edu/lunar/samples/atlas/detail/?mission=Apollo%2016&sample=62231,,yes
c1ls01,LS-CMP-001,"15555,798","15555,798",15555,15555,subsample_or_fraction,"RELAB material 15555,798 linked only to Atlas parent page 15555; composition of this subsample, size fraction, mineral separate, or preparation is not implied",Do not transfer parent-sample composition without subsample-specific verification,,basalt,"(""Great Scott"") is both the largest and the most intensively studied of the Apollo 15 rocks. It is a medium-grained olivine basalt, with a few percent small vugs. It is probably very close to a liquid composition, i.e., it contains few, if any, accumulated crystals. It crystallized ~3.3 b.y. ago. Unlike other nearby rocks, 15555 was not dust-coated. It is generally tough, but many exterior chips fell off during earth transit and many of these pieces are friable. It is sub-rounded and blocky, with many zap pits.",https://www.lpi.usra.edu/lunar/samples/atlas/detail/?mission=Apollo%2015&sample=15555,,yes
c1ls02,LS-CMP-002,"15555,799","15555,799",15555,15555,subsample_or_fraction,"RELAB material 15555,799 linked only to Atlas parent page 15555; composition of this subsample, size fraction, mineral separate, or preparation is not implied",Do not transfer parent-sample composition without subsample-specific verification,,basalt,"(""Great Scott"") is both the largest and the most intensively studied of the Apollo 15 rocks. It is a medium-grained olivine basalt, with a few percent small vugs. It is probably very close to a liquid composition, i.e., it contains few, if any, accumulated crystals. It crystallized ~3.3 b.y. ago. Unlike other nearby rocks, 15555 was not dust-coated. It is generally tough, but many exterior chips fell off during earth transit and many of these pieces are friable. It is sub-rounded and blocky, with many zap pits.",https://www.lpi.usra.edu/lunar/samples/atlas/detail/?mission=Apollo%2015&sample=15555,,yes
c1ls03,LS-CMP-003,"72415,64","72415,64",72415,72415,subsample_or_fraction,"RELAB material 72415,64 linked only to Atlas parent page 72415; composition of this subsample, size fraction, mineral separate, or preparation is not implied",Do not transfer parent-sample composition without subsample-specific verification,rock,dunite,"Cataclastic dunite, homogeneous",https://www.lpi.usra.edu/lunar/samples/atlas/detail/?mission=Apollo%2017&sample=72415,,yes
c1ls04,LS-CMP-004,"76535,93","76535,93",76535,76535,subsample_or_fraction,"RELAB material 76535,93 linked only to Atlas parent page 76535; composition of this subsample, size fraction, mineral separate, or preparation is not implied",Do not transfer parent-sample composition without subsample-specific verification,rake,troctolite,"Troctolite, random sample as part of rake sample at Station 6",https://www.lpi.usra.edu/lunar/samples/atlas/detail/?mission=Apollo%2017&sample=76535,,yes
c1ls05,LS-CMP-005,"72415,64b clear olivine separate","72415,64b",72415,72415,subsample_or_fraction,"RELAB material 72415,64b clear olivine separate linked only to Atlas parent page 72415; composition of this subsample, size fraction, mineral separate, or preparation is not implied",Do not transfer parent-sample composition without subsample-specific verification,rock,dunite,"Cataclastic dunite, homogeneous",https://www.lpi.usra.edu/lunar/samples/atlas/detail/?mission=Apollo%2017&sample=72415,,yes
c1ls06,LS-CMP-006,"76535,94","76535,94",76535,76535,subsample_or_fraction,"RELAB material 76535,94 linked only to Atlas parent page 76535; composition of this subsample, size fraction, mineral separate, or preparation is not implied",Do not transfer parent-sample composition without subsample-specific verification,rake,troctolite,"Troctolite, random sample as part of rake sample at Station 6",https://www.lpi.usra.edu/lunar/samples/atlas/detail/?mission=Apollo%2017&sample=76535,,yes
c1ls08,LS-CMP-008-A,"60019,215 Clast A","60019,215",60019,60019,subsample_or_fraction,"RELAB material 60019,215 Clast A linked only to Atlas parent page 60019; composition of this subsample, size fraction, mineral separate, or preparation is not implied",Do not transfer parent-sample composition without subsample-specific verification,rock,breccia,"coherent, medium-gray glassy breccia containing several large, light colored clasts",https://www.lpi.usra.edu/lunar/samples/atlas/detail/?mission=Apollo%2016&sample=60019,,yes
c1ls09,LS-CMP-009,"12063,199","12063,199",12063,12063,subsample_or_fraction,"RELAB material 12063,199 linked only to Atlas parent page 12063; composition of this subsample, size fraction, mineral separate, or preparation is not implied",Do not transfer parent-sample composition without subsample-specific verification,rock,basalt,diabase (terrestrial analogue); ilmenite microgabbro similar to Apollo 11 (Chao),https://www.lpi.usra.edu/lunar/samples/atlas/detail/?mission=Apollo%2012&sample=12063,,yes
c1ls10,LS-CMP-010,"67455,63","67455,63",67455,67455,subsample_or_fraction,"RELAB material 67455,63 linked only to Atlas parent page 67455; composition of this subsample, size fraction, mineral separate, or preparation is not implied",Do not transfer parent-sample composition without subsample-specific verification,rake,breccia,"very friable, white polymict feldspathic breccia",https://www.lpi.usra.edu/lunar/samples/atlas/detail/?mission=Apollo%2016&sample=67455,,yes
c1ls105,LS-GJT-105,"61141,55 <150 um","61141,55",61141,61141,subsample_or_fraction,"RELAB material 61141,55 <150 um linked only to Atlas parent page 61141; composition of this subsample, size fraction, mineral separate, or preparation is not implied",Do not transfer parent-sample composition without subsample-specific verification,,,,https://www.lpi.usra.edu/lunar/samples/atlas/detail/?mission=Apollo%2016&sample=61141,,yes
c1ls106,LS-GJT-106,"61501,26 <150 um","61501,26",61501,61501,subsample_or_fraction,"RELAB material 61501,26 <150 um linked only to Atlas parent page 61501; composition of this subsample, size fraction, mineral separate, or preparation is not implied",Do not transfer parent-sample composition without subsample-specific verification,,,,https://www.lpi.usra.edu/lunar/samples/atlas/detail/?mission=Apollo%2016&sample=61501,,yes
c1ls107,LS-GJT-107,"62281,73 <150 um","62281,73",62281,62281,subsample_or_fraction,"RELAB material 62281,73 <150 um linked only to Atlas parent page 62281; composition of this subsample, size fraction, mineral separate, or preparation is not implied",Do not transfer parent-sample composition without subsample-specific verification,,soil,,https://www.lpi.usra.edu/lunar/samples/atlas/detail/?mission=Apollo%2016&sample=62281,,yes
c1ls108,LS-GJT-108,"63341,83 <150 um","63341,83",63341,63341,subsample_or_fraction,"RELAB material 63341,83 <150 um linked only to Atlas parent page 63341; composition of this subsample, size fraction, mineral separate, or preparation is not implied",Do not transfer parent-sample composition without subsample-specific verification,,soil,,https://www.lpi.usra.edu/lunar/samples/atlas/detail/?mission=Apollo%2016&sample=63341,,yes
c1ls109,LS-GJT-109,"63501,20 <150 um","63501,20",63501,63501,subsample_or_fraction,"RELAB material 63501,20 <150 um linked only to Atlas parent page 63501; composition of this subsample, size fraction, mineral separate, or preparation is not implied",Do not transfer parent-sample composition without subsample-specific verification,,,,https://www.lpi.usra.edu/lunar/samples/atlas/detail/?mission=Apollo%2016&sample=63501,,yes
c1ls11,LS-CMP-011,"15415,60","15415,60",15415,15415,subsample_or_fraction,"RELAB material 15415,60 linked only to Atlas parent page 15415; composition of this subsample, size fraction, mineral separate, or preparation is not implied",Do not transfer parent-sample composition without subsample-specific verification,rock,anorthite,"Anorthite. Corse-grained, ferroan crystalline rock with complex cataclastic and metamorphic history. Pale, blocky, angular to subrounded sample, which was originally partly dust-covered.",https://www.lpi.usra.edu/lunar/samples/atlas/detail/?mission=Apollo%2015&sample=15415,,yes
c1ls110,LS-GJT-110,"64421,141 <150 um","64421,141",64421,64421,subsample_or_fraction,"RELAB material 64421,141 <150 um linked only to Atlas parent page 64421; composition of this subsample, size fraction, mineral separate, or preparation is not implied",Do not transfer parent-sample composition without subsample-specific verification,,,,https://www.lpi.usra.edu/lunar/samples/atlas/detail/?mission=Apollo%2016&sample=64421,,yes
c1ls111,LS-GJT-111,"65501,19 <150 um","65501,19",65501,65501,subsample_or_fraction,"RELAB material 65501,19 <150 um linked only to Atlas parent page 65501; composition of this subsample, size fraction, mineral separate, or preparation is not implied",Do not transfer parent-sample composition without subsample-specific verification,rake,soil,soil clods,https://www.lpi.usra.edu/lunar/samples/atlas/detail/?mission=Apollo%2016&sample=65501,,yes
c1ls112,LS-GJT-112,"65701,153 <150 um","65701,153",65701,,atlas_missing,Recognizable Apollo parent sample 65701 is absent from the local Atlas index,No composition link established,,,,,,yes
c1ls113,LS-GJT-113,"65901,23 <150 um","65901,23",65901,65901,subsample_or_fraction,"RELAB material 65901,23 <150 um linked only to Atlas parent page 65901; composition of this subsample, size fraction, mineral separate, or preparation is not implied",Do not transfer parent-sample composition without subsample-specific verification,,,very mature soil and has an average grain size of 85 microns,https://www.lpi.usra.edu/lunar/samples/atlas/detail/?mission=Apollo%2016&sample=65901,,yes
c1ls114,LS-GJT-114,"66031,66 <150 um","66031,66",66031,66031,subsample_or_fraction,"RELAB material 66031,66 <150 um linked only to Atlas parent page 66031; composition of this subsample, size fraction, mineral separate, or preparation is not implied",Do not transfer parent-sample composition without subsample-specific verification,rake,soil,very mature soil with an average grain size of 121 microns,https://www.lpi.usra.edu/lunar/samples/atlas/detail/?mission=Apollo%2016&sample=66031,,yes
c1ls115,LS-GJT-115,"67461,162 <150 um","67461,162",67461,67461,subsample_or_fraction,"RELAB material 67461,162 <150 um linked only to Atlas parent page 67461; composition of this subsample, size fraction, mineral separate, or preparation is not implied",Do not transfer parent-sample composition without subsample-specific verification,,soil,"chosen as a ""reference soil"" for the ""lunar highland initiative"" and is not greatly different from other soil samples from North Ray Crater",https://www.lpi.usra.edu/lunar/samples/atlas/detail/?mission=Apollo%2016&sample=67461,,yes
c1ls116,LS-GJT-116,"67701,37 <150 um","67701,37",67701,67701,subsample_or_fraction,"RELAB material 67701,37 <150 um linked only to Atlas parent page 67701; composition of this subsample, size fraction, mineral separate, or preparation is not implied",Do not transfer parent-sample composition without subsample-specific verification,rake,soil,,https://www.lpi.usra.edu/lunar/samples/atlas/detail/?mission=Apollo%2016&sample=67701,,yes
c1ls117,LS-GJT-117,"68121,18 <150 um","68121,18",68121,68121,subsample_or_fraction,"RELAB material 68121,18 <150 um linked only to Atlas parent page 68121; composition of this subsample, size fraction, mineral separate, or preparation is not implied",Do not transfer parent-sample composition without subsample-specific verification,,soil,,https://www.lpi.usra.edu/lunar/samples/atlas/detail/?mission=Apollo%2016&sample=68121,,yes
c1ls118,LS-GJT-118,"69921,14 <150 um","69921,14",69921,69921,subsample_or_fraction,"RELAB material 69921,14 <150 um linked only to Atlas parent page 69921; composition of this subsample, size fraction, mineral separate, or preparation is not implied",Do not transfer parent-sample composition without subsample-specific verification,,,,https://www.lpi.usra.edu/lunar/samples/atlas/detail/?mission=Apollo%2016&sample=69921,,yes
c1ls119,LS-GJT-119,"69961,135 <150 um","69961,135",69961,69961,subsample_or_fraction,"RELAB material 69961,135 <150 um linked only to Atlas parent page 69961; composition of this subsample, size fraction, mineral separate, or preparation is not implied",Do not transfer parent-sample composition without subsample-specific verification,,soil,,https://www.lpi.usra.edu/lunar/samples/atlas/detail/?mission=Apollo%2016&sample=69961,,yes
c1ls12,LS-CMP-012,"78235,9002A pyroxene separate","78235,9002A",78235,78235,subsample_or_fraction,"RELAB material 78235,9002A pyroxene separate linked only to Atlas parent page 78235; composition of this subsample, size fraction, mineral separate, or preparation is not implied",Do not transfer parent-sample composition without subsample-specific verification,rock,norite,Shocked Norite,https://www.lpi.usra.edu/lunar/samples/atlas/detail/?mission=Apollo%2017&sample=78235,,yes
c1ls120,LS-GJT-120,"12030,188 <150 um","12030,188",12030,12030,subsample_or_fraction,"RELAB material 12030,188 <150 um linked only to Atlas parent page 12030; composition of this subsample, size fraction, mineral separate, or preparation is not implied",Do not transfer parent-sample composition without subsample-specific verification,,,,https://www.lpi.usra.edu/lunar/samples/atlas/detail/?mission=Apollo%2012&sample=12030,,yes
c1ls121,LS-GJT-121,"12032,365 <150 um","12032,365",12032,12032,subsample_or_fraction,"RELAB material 12032,365 <150 um linked only to Atlas parent page 12032; composition of this subsample, size fraction, mineral separate, or preparation is not implied",Do not transfer parent-sample composition without subsample-specific verification,soil-general,,"Surface soil 12032, along with several rocks were collected from the north rim of Bench crater. It includes some light gray material from just below the surace. Soil collected with ""potato"" rock 12053.",https://www.lpi.usra.edu/lunar/samples/atlas/detail/?mission=Apollo%2012&sample=12032,,yes
c1ls122,LS-GJT-122,"12033,52 <150 um","12033,52",12033,12033,subsample_or_fraction,"RELAB material 12033,52 <150 um linked only to Atlas parent page 12033; composition of this subsample, size fraction, mineral separate, or preparation is not implied",Do not transfer parent-sample composition without subsample-specific verification,soil-general,,"Trench sample 12033 was collected 15 cm below the surface, 15 meters from the northwest rim of Head Crater near 12031. The trench bottom is lighter in color than the surface materials. Astronauts noticed more large blocks on the west side of Bench crater than on the east.",https://www.lpi.usra.edu/lunar/samples/atlas/detail/?mission=Apollo%2012&sample=12033,,yes
c1ls123,LS-GJT-123,"12037,29 <150 um","12037,29",12037,12037,subsample_or_fraction,"RELAB material 12037,29 <150 um linked only to Atlas parent page 12037; composition of this subsample, size fraction, mineral separate, or preparation is not implied",Do not transfer parent-sample composition without subsample-specific verification,,basalt,"Soil sample in same sample bag as 12036, a friable basalt. Both were collected near the site of 12035 on the NW rim of Bench crater. Because it includes much broken material from the friable basalt, it is not statistically a soil sample.",https://www.lpi.usra.edu/lunar/samples/atlas/detail/?mission=Apollo%2012&sample=12037,,yes
c1ls124,LS-GJT-124,"14141,21 <150 um","14141,21",14141,14141,subsample_or_fraction,"RELAB material 14141,21 <150 um linked only to Atlas parent page 14141; composition of this subsample, size fraction, mineral separate, or preparation is not implied",Do not transfer parent-sample composition without subsample-specific verification,soil-general,soil,"Samples 14140, 14141, 14142, 14143, 14144 and 14068, 14069, 14070, 14071, and 14072 were collected 3 meters from the rim of a 15 meter crater just south of Cone crater. 14141 is a surface soil identified by crew as a light gray layer, 14068 through 14072 is a sample of some surface rocks in the area. The area near the rim of Cone crater is strewn with boulders up to 3 meters.",https://www.lpi.usra.edu/lunar/samples/atlas/detail/?mission=Apollo%2014&sample=14141,,yes
c1ls125,LS-GJT-125,"15401,137 <150 um","15401,137",15401,15401,subsample_or_fraction,"RELAB material 15401,137 <150 um linked only to Atlas parent page 15401; composition of this subsample, size fraction, mineral separate, or preparation is not implied",Do not transfer parent-sample composition without subsample-specific verification,,soil,is very immature and it has an unusual grain size distribution weight towards large particles. The average grain size distribution of 15401 is 89 microns.,https://www.lpi.usra.edu/lunar/samples/atlas/detail/?mission=Apollo%2015&sample=15401,,yes
c1ls126,LS-GJT-126,15531.22 <150 um,"15531,22",15531,15531,subsample_or_fraction,"RELAB material 15531.22 <150 um linked only to Atlas parent page 15531; composition of this subsample, size fraction, mineral separate, or preparation is not implied",Do not transfer parent-sample composition without subsample-specific verification,,,"15501 and 15511 were collected from the rim of a small crater at station 9, while 15531 was collected at station 9a (near Hadley Rille).",https://www.lpi.usra.edu/lunar/samples/atlas/detail/?mission=Apollo%2015&sample=15531,,yes
c1ls127,LS-GJT-127,"15601,356 <150 um","15601,356",15601,15601,subsample_or_fraction,"RELAB material 15601,356 <150 um linked only to Atlas parent page 15601; composition of this subsample, size fraction, mineral separate, or preparation is not implied",Do not transfer parent-sample composition without subsample-specific verification,,soil,"The large soil sample and the adjacent rake sample contained many olivine-normative basalt samples (156xx). Only about 2/3 of the soil sample was sieved, with about 400 grams remaining unsieved. Small rocks are described separately",https://www.lpi.usra.edu/lunar/samples/atlas/detail/?mission=Apollo%2015&sample=15601,,yes
c1ls128,LS-GJT-128,"67511,24 <150 um","67511,24",67511,67511,subsample_or_fraction,"RELAB material 67511,24 <150 um linked only to Atlas parent page 67511; composition of this subsample, size fraction, mineral separate, or preparation is not implied",Do not transfer parent-sample composition without subsample-specific verification,rake,,,https://www.lpi.usra.edu/lunar/samples/atlas/detail/?mission=Apollo%2016&sample=67511,,yes
c1ls129,LS-GJT-129,"67711,42 <150 um","67711,42",67711,67711,subsample_or_fraction,"RELAB material 67711,42 <150 um linked only to Atlas parent page 67711; composition of this subsample, size fraction, mineral separate, or preparation is not implied",Do not transfer parent-sample composition without subsample-specific verification,rake,,,https://www.lpi.usra.edu/lunar/samples/atlas/detail/?mission=Apollo%2016&sample=67711,,yes
c1ls13,LS-CMP-013,"72415,58","72415,58",72415,72415,subsample_or_fraction,"RELAB material 72415,58 linked only to Atlas parent page 72415; composition of this subsample, size fraction, mineral separate, or preparation is not implied",Do not transfer parent-sample composition without subsample-specific verification,rock,dunite,"Cataclastic dunite, homogeneous",https://www.lpi.usra.edu/lunar/samples/atlas/detail/?mission=Apollo%2017&sample=72415,,yes
c1ls130,LS-GJT-130,"67960,36 <150 um","67960,36",67960,67960,subsample_or_fraction,"RELAB material 67960,36 <150 um linked only to Atlas parent page 67960; composition of this subsample, size fraction, mineral separate, or preparation is not implied",Do not transfer parent-sample composition without subsample-specific verification,,,,https://www.lpi.usra.edu/lunar/samples/atlas/detail/?mission=Apollo%2016&sample=67960,,yes
c1ls131,LS-GJT-131,"71041,25 <150 um","71041,25",71041,71041,subsample_or_fraction,"RELAB material 71041,25 <150 um linked only to Atlas parent page 71041; composition of this subsample, size fraction, mineral separate, or preparation is not implied",Do not transfer parent-sample composition without subsample-specific verification,,,,https://www.lpi.usra.edu/lunar/samples/atlas/detail/?mission=Apollo%2017&sample=71041,,yes
c1ls132,LS-GJT-132,"71061,174 <150 um","71061,174",71061,71061,subsample_or_fraction,"RELAB material 71061,174 <150 um linked only to Atlas parent page 71061; composition of this subsample, size fraction, mineral separate, or preparation is not implied",Do not transfer parent-sample composition without subsample-specific verification,,,,https://www.lpi.usra.edu/lunar/samples/atlas/detail/?mission=Apollo%2017&sample=71061,,yes
c1ls133,LS-GJT-133,"73131,4 <150 um","73131,4",73131,73131,subsample_or_fraction,"RELAB material 73131,4 <150 um linked only to Atlas parent page 73131; composition of this subsample, size fraction, mineral separate, or preparation is not implied",Do not transfer parent-sample composition without subsample-specific verification,,,,https://www.lpi.usra.edu/lunar/samples/atlas/detail/?mission=Apollo%2017&sample=73131,,yes
c1ls134,LS-GJT-134,"73241,87 <150 um","73241,87",73241,73241,subsample_or_fraction,"RELAB material 73241,87 <150 um linked only to Atlas parent page 73241; composition of this subsample, size fraction, mineral separate, or preparation is not implied",Do not transfer parent-sample composition without subsample-specific verification,,,,https://www.lpi.usra.edu/lunar/samples/atlas/detail/?mission=Apollo%2017&sample=73241,,yes
c1ls135,LS-GJT-135,"73241,88 <150 um","73241,88",73241,73241,subsample_or_fraction,"RELAB material 73241,88 <150 um linked only to Atlas parent page 73241; composition of this subsample, size fraction, mineral separate, or preparation is not implied",Do not transfer parent-sample composition without subsample-specific verification,,,,https://www.lpi.usra.edu/lunar/samples/atlas/detail/?mission=Apollo%2017&sample=73241,,yes
c1ls136,LS-GJT-136,"74241,4 <150 um","74241,4",74241,,atlas_missing,Recognizable Apollo parent sample 74241 is absent from the local Atlas index,No composition link established,,,,,,yes
c1ls137,LS-GJT-137,"74261,75 <150 um","74261,75",74261,,atlas_missing,Recognizable Apollo parent sample 74261 is absent from the local Atlas index,No composition link established,,,,,,yes
c1ls138,LS-GJT-138,"75061,22 <150 um","75061,22",75061,75061,subsample_or_fraction,"RELAB material 75061,22 <150 um linked only to Atlas parent page 75061; composition of this subsample, size fraction, mineral separate, or preparation is not implied",Do not transfer parent-sample composition without subsample-specific verification,,,,https://www.lpi.usra.edu/lunar/samples/atlas/detail/?mission=Apollo%2017&sample=75061,,yes
c1ls139a,LS-GJT-139-A,"61221,175 <25 um","61221,175",61221,61221,subsample_or_fraction,"RELAB material 61221,175 <25 um linked only to Atlas parent page 61221; composition of this subsample, size fraction, mineral separate, or preparation is not implied",Do not transfer parent-sample composition without subsample-specific verification,,,,https://www.lpi.usra.edu/lunar/samples/atlas/detail/?mission=Apollo%2016&sample=61221,,yes
c1ls139b,LS-GJT-139-B,"61221,175 25-45 um","61221,175",61221,61221,subsample_or_fraction,"RELAB material 61221,175 25-45 um linked only to Atlas parent page 61221; composition of this subsample, size fraction, mineral separate, or preparation is not implied",Do not transfer parent-sample composition without subsample-specific verification,,,,https://www.lpi.usra.edu/lunar/samples/atlas/detail/?mission=Apollo%2016&sample=61221,,yes
c1ls139c,LS-GJT-139-C,"61221,175 45-90 um","61221,175",61221,61221,subsample_or_fraction,"RELAB material 61221,175 45-90 um linked only to Atlas parent page 61221; composition of this subsample, size fraction, mineral separate, or preparation is not implied",Do not transfer parent-sample composition without subsample-specific verification,,,,https://www.lpi.usra.edu/lunar/samples/atlas/detail/?mission=Apollo%2016&sample=61221,,yes
c1ls139d,LS-GJT-139-D,"61221,175 90-150 um","61221,175",61221,61221,subsample_or_fraction,"RELAB material 61221,175 90-150 um linked only to Atlas parent page 61221; composition of this subsample, size fraction, mineral separate, or preparation is not implied",Do not transfer parent-sample composition without subsample-specific verification,,,,https://www.lpi.usra.edu/lunar/samples/atlas/detail/?mission=Apollo%2016&sample=61221,,yes
c1ls14,LS-CMP-014,"12063,197","12063,197",12063,12063,subsample_or_fraction,"RELAB material 12063,197 linked only to Atlas parent page 12063; composition of this subsample, size fraction, mineral separate, or preparation is not implied",Do not transfer parent-sample composition without subsample-specific verification,rock,basalt,diabase (terrestrial analogue); ilmenite microgabbro similar to Apollo 11 (Chao),https://www.lpi.usra.edu/lunar/samples/atlas/detail/?mission=Apollo%2012&sample=12063,,yes
c1ls140,LS-BWD-140,62231.58 bulk 125-250 um,"62231,58",62231,62231,subsample_or_fraction,"RELAB material 62231.58 bulk 125-250 um linked only to Atlas parent page 62231; composition of this subsample, size fraction, mineral separate, or preparation is not implied",Do not transfer parent-sample composition without subsample-specific verification,rake,soil,,https://www.lpi.usra.edu/lunar/samples/atlas/detail/?mission=Apollo%2016&sample=62231,,yes
c1ls141,LS-BWD-141,62231.52 agglutinates 125-250 um (hand-picked),"62231,52",62231,62231,subsample_or_fraction,"RELAB material 62231.52 agglutinates 125-250 um (hand-picked) linked only to Atlas parent page 62231; composition of this subsample, size fraction, mineral separate, or preparation is not implied",Do not transfer parent-sample composition without subsample-specific verification,rake,soil,,https://www.lpi.usra.edu/lunar/samples/atlas/detail/?mission=Apollo%2016&sample=62231,,yes
c1ls142,LS-BWD-142,15041 bulk 125-250 um,15041,15041,15041,subsample_or_fraction,"RELAB material 15041 bulk 125-250 um linked only to Atlas parent page 15041; composition of this subsample, size fraction, mineral separate, or preparation is not implied",Do not transfer parent-sample composition without subsample-specific verification,,,,https://www.lpi.usra.edu/lunar/samples/atlas/detail/?mission=Apollo%2015&sample=15041,,yes
c1ls143,LS-BWD-143,15041 agglutinates 125-250 um (hand-picked),15041,15041,15041,subsample_or_fraction,"RELAB material 15041 agglutinates 125-250 um (hand-picked) linked only to Atlas parent page 15041; composition of this subsample, size fraction, mineral separate, or preparation is not implied",Do not transfer parent-sample composition without subsample-specific verification,,,,https://www.lpi.usra.edu/lunar/samples/atlas/detail/?mission=Apollo%2015&sample=15041,,yes
c1ls144,LS-BWD-144,61141 bulk 125-250 um,61141,61141,61141,subsample_or_fraction,"RELAB material 61141 bulk 125-250 um linked only to Atlas parent page 61141; composition of this subsample, size fraction, mineral separate, or preparation is not implied",Do not transfer parent-sample composition without subsample-specific verification,,,,https://www.lpi.usra.edu/lunar/samples/atlas/detail/?mission=Apollo%2016&sample=61141,,yes
c1ls145,LS-BWD-145,67461 bulk 125-250 um,67461,67461,67461,subsample_or_fraction,"RELAB material 67461 bulk 125-250 um linked only to Atlas parent page 67461; composition of this subsample, size fraction, mineral separate, or preparation is not implied",Do not transfer parent-sample composition without subsample-specific verification,,soil,"chosen as a ""reference soil"" for the ""lunar highland initiative"" and is not greatly different from other soil samples from North Ray Crater",https://www.lpi.usra.edu/lunar/samples/atlas/detail/?mission=Apollo%2016&sample=67461,,yes
c1ls146,LS-BWD-146,14259 bulk 125-250 um,14259,14259,14259,subsample_or_fraction,"RELAB material 14259 bulk 125-250 um linked only to Atlas parent page 14259; composition of this subsample, size fraction, mineral separate, or preparation is not implied",Do not transfer parent-sample composition without subsample-specific verification,,soil,"This scoop sample is part of the comprehensive sample collected 110 m WNW of LM along with 14165 through 14189, 14250 through 14289, 14298 through 14300, and 14420. All samples were collected from within a 4 m circle drawn by Astronaut Shepard. Astronaut Mitchell reports, ""The number of surface rocks, or rocks compared with the number of surface fines is very small Houston. There's a few boulders lying around and there's a few blocks around some of the craters, but by and large, it's a powdery surface.""",https://www.lpi.usra.edu/lunar/samples/atlas/detail/?mission=Apollo%2014&sample=14259,,yes
c1ls147,LS-BWD-147,14259 agglutinates 125-250 um (hand-picked),14259,14259,14259,subsample_or_fraction,"RELAB material 14259 agglutinates 125-250 um (hand-picked) linked only to Atlas parent page 14259; composition of this subsample, size fraction, mineral separate, or preparation is not implied",Do not transfer parent-sample composition without subsample-specific verification,,soil,"This scoop sample is part of the comprehensive sample collected 110 m WNW of LM along with 14165 through 14189, 14250 through 14289, 14298 through 14300, and 14420. All samples were collected from within a 4 m circle drawn by Astronaut Shepard. Astronaut Mitchell reports, ""The number of surface rocks, or rocks compared with the number of surface fines is very small Houston. There's a few boulders lying around and there's a few blocks around some of the craters, but by and large, it's a powdery surface.""",https://www.lpi.usra.edu/lunar/samples/atlas/detail/?mission=Apollo%2014&sample=14259,,yes
c1ls148,LS-BWD-148,62231.52 low agglutinates remnant 125-250 um,"62231,52",62231,62231,subsample_or_fraction,"RELAB material 62231.52 low agglutinates remnant 125-250 um linked only to Atlas parent page 62231; composition of this subsample, size fraction, mineral separate, or preparation is not implied",Do not transfer parent-sample composition without subsample-specific verification,rake,soil,,https://www.lpi.usra.edu/lunar/samples/atlas/detail/?mission=Apollo%2016&sample=62231,,yes
c1ls149,LS-BWD-149,79221 bulk 125-250 um,79221,79221,79221,subsample_or_fraction,"RELAB material 79221 bulk 125-250 um linked only to Atlas parent page 79221; composition of this subsample, size fraction, mineral separate, or preparation is not implied",Do not transfer parent-sample composition without subsample-specific verification,,,,https://www.lpi.usra.edu/lunar/samples/atlas/detail/?mission=Apollo%2017&sample=79221,,yes
c1ls15,LS-CMP-015-G1,"60019,215 Clast G1","60019,215",60019,60019,subsample_or_fraction,"RELAB material 60019,215 Clast G1 linked only to Atlas parent page 60019; composition of this subsample, size fraction, mineral separate, or preparation is not implied",Do not transfer parent-sample composition without subsample-specific verification,rock,breccia,"coherent, medium-gray glassy breccia containing several large, light colored clasts",https://www.lpi.usra.edu/lunar/samples/atlas/detail/?mission=Apollo%2016&sample=60019,,yes
c1ls150,LS-BWD-150,61141 agglutinates 125-250 um (magnetically-separated and hand-picked),61141,61141,61141,subsample_or_fraction,"RELAB material 61141 agglutinates 125-250 um (magnetically-separated and hand-picked) linked only to Atlas parent page 61141; composition of this subsample, size fraction, mineral separate, or preparation is not implied",Do not transfer parent-sample composition without subsample-specific verification,,,,https://www.lpi.usra.edu/lunar/samples/atlas/detail/?mission=Apollo%2016&sample=61141,,yes
c1ls151,LS-BWD-151,62231.58 agglutinates 125-250 um (magnetically-separated and hand-picked),"62231,58",62231,62231,subsample_or_fraction,"RELAB material 62231.58 agglutinates 125-250 um (magnetically-separated and hand-picked) linked only to Atlas parent page 62231; composition of this subsample, size fraction, mineral separate, or preparation is not implied",Do not transfer parent-sample composition without subsample-specific verification,rake,soil,,https://www.lpi.usra.edu/lunar/samples/atlas/detail/?mission=Apollo%2016&sample=62231,,yes
c1ls152,LS-BWD-152,79221 agglutinates 125-250 um (magnetically-separated and hand-picked),79221,79221,79221,subsample_or_fraction,"RELAB material 79221 agglutinates 125-250 um (magnetically-separated and hand-picked) linked only to Atlas parent page 79221; composition of this subsample, size fraction, mineral separate, or preparation is not implied",Do not transfer parent-sample composition without subsample-specific verification,,,,https://www.lpi.usra.edu/lunar/samples/atlas/detail/?mission=Apollo%2017&sample=79221,,yes
c1ls153,LS-BWD-153,67461 agglutinates 125-250 um (magnetically-separated),67461,67461,67461,subsample_or_fraction,"RELAB material 67461 agglutinates 125-250 um (magnetically-separated) linked only to Atlas parent page 67461; composition of this subsample, size fraction, mineral separate, or preparation is not implied",Do not transfer parent-sample composition without subsample-specific verification,,soil,"chosen as a ""reference soil"" for the ""lunar highland initiative"" and is not greatly different from other soil samples from North Ray Crater",https://www.lpi.usra.edu/lunar/samples/atlas/detail/?mission=Apollo%2016&sample=67461,,yes
c1ls154,LS-BWD-154,14259 low-agglutinate remnant 125-250 um,14259,14259,14259,subsample_or_fraction,"RELAB material 14259 low-agglutinate remnant 125-250 um linked only to Atlas parent page 14259; composition of this subsample, size fraction, mineral separate, or preparation is not implied",Do not transfer parent-sample composition without subsample-specific verification,,soil,"This scoop sample is part of the comprehensive sample collected 110 m WNW of LM along with 14165 through 14189, 14250 through 14289, 14298 through 14300, and 14420. All samples were collected from within a 4 m circle drawn by Astronaut Shepard. Astronaut Mitchell reports, ""The number of surface rocks, or rocks compared with the number of surface fines is very small Houston. There's a few boulders lying around and there's a few blocks around some of the craters, but by and large, it's a powdery surface.""",https://www.lpi.usra.edu/lunar/samples/atlas/detail/?mission=Apollo%2014&sample=14259,,yes
c1ls155,LS-BWD-155,61141 low-agglutinate remnant 125-250 um,61141,61141,61141,subsample_or_fraction,"RELAB material 61141 low-agglutinate remnant 125-250 um linked only to Atlas parent page 61141; composition of this subsample, size fraction, mineral separate, or preparation is not implied",Do not transfer parent-sample composition without subsample-specific verification,,,,https://www.lpi.usra.edu/lunar/samples/atlas/detail/?mission=Apollo%2016&sample=61141,,yes
c1ls156,LS-BWD-156,67461 low-agglutinate remnant 125-250 um,67461,67461,67461,subsample_or_fraction,"RELAB material 67461 low-agglutinate remnant 125-250 um linked only to Atlas parent page 67461; composition of this subsample, size fraction, mineral separate, or preparation is not implied",Do not transfer parent-sample composition without subsample-specific verification,,soil,"chosen as a ""reference soil"" for the ""lunar highland initiative"" and is not greatly different from other soil samples from North Ray Crater",https://www.lpi.usra.edu/lunar/samples/atlas/detail/?mission=Apollo%2016&sample=67461,,yes
c1ls157,LS-BWD-157,79221 low-agglutinate remnant 125-250 um,79221,79221,79221,subsample_or_fraction,"RELAB material 79221 low-agglutinate remnant 125-250 um linked only to Atlas parent page 79221; composition of this subsample, size fraction, mineral separate, or preparation is not implied",Do not transfer parent-sample composition without subsample-specific verification,,,,https://www.lpi.usra.edu/lunar/samples/atlas/detail/?mission=Apollo%2017&sample=79221,,yes
c1ls158,LS-BWD-158,15041 low-agglutinate remnant 125-250 um,15041,15041,15041,subsample_or_fraction,"RELAB material 15041 low-agglutinate remnant 125-250 um linked only to Atlas parent page 15041; composition of this subsample, size fraction, mineral separate, or preparation is not implied",Do not transfer parent-sample composition without subsample-specific verification,,,,https://www.lpi.usra.edu/lunar/samples/atlas/detail/?mission=Apollo%2015&sample=15041,,yes
c1ls159,LS-BWD-159,62231.58 low-agglutinate remnant 125-250 um,"62231,58",62231,62231,subsample_or_fraction,"RELAB material 62231.58 low-agglutinate remnant 125-250 um linked only to Atlas parent page 62231; composition of this subsample, size fraction, mineral separate, or preparation is not implied",Do not transfer parent-sample composition without subsample-specific verification,rake,soil,,https://www.lpi.usra.edu/lunar/samples/atlas/detail/?mission=Apollo%2016&sample=62231,,yes
c1ls16,LS-CMP-016-S1,"60019,215 Spot S1","60019,215",60019,60019,subsample_or_fraction,"RELAB material 60019,215 Spot S1 linked only to Atlas parent page 60019; composition of this subsample, size fraction, mineral separate, or preparation is not implied",Do not transfer parent-sample composition without subsample-specific verification,rock,breccia,"coherent, medium-gray glassy breccia containing several large, light colored clasts",https://www.lpi.usra.edu/lunar/samples/atlas/detail/?mission=Apollo%2016&sample=60019,,yes
c1ls160,LS-BWD-160,14259 agglutinates 125-250 um (magnetically-separated),14259,14259,14259,subsample_or_fraction,"RELAB material 14259 agglutinates 125-250 um (magnetically-separated) linked only to Atlas parent page 14259; composition of this subsample, size fraction, mineral separate, or preparation is not implied",Do not transfer parent-sample composition without subsample-specific verification,,soil,"This scoop sample is part of the comprehensive sample collected 110 m WNW of LM along with 14165 through 14189, 14250 through 14289, 14298 through 14300, and 14420. All samples were collected from within a 4 m circle drawn by Astronaut Shepard. Astronaut Mitchell reports, ""The number of surface rocks, or rocks compared with the number of surface fines is very small Houston. There's a few boulders lying around and there's a few blocks around some of the craters, but by and large, it's a powdery surface.""",https://www.lpi.usra.edu/lunar/samples/atlas/detail/?mission=Apollo%2014&sample=14259,,yes
c1ls161,LS-BWD-161,15041 agglutinates 125-250 um (magnetically-separated),15041,15041,15041,subsample_or_fraction,"RELAB material 15041 agglutinates 125-250 um (magnetically-separated) linked only to Atlas parent page 15041; composition of this subsample, size fraction, mineral separate, or preparation is not implied",Do not transfer parent-sample composition without subsample-specific verification,,,,https://www.lpi.usra.edu/lunar/samples/atlas/detail/?mission=Apollo%2015&sample=15041,,yes
c1ls162,LS-BWD-162,62231.52 agglutinates 75-125 um (magnetically-separated),"62231,52",62231,62231,subsample_or_fraction,"RELAB material 62231.52 agglutinates 75-125 um (magnetically-separated) linked only to Atlas parent page 62231; composition of this subsample, size fraction, mineral separate, or preparation is not implied",Do not transfer parent-sample composition without subsample-specific verification,rake,soil,,https://www.lpi.usra.edu/lunar/samples/atlas/detail/?mission=Apollo%2016&sample=62231,,yes
c1ls163,LS-BWD-163,62231.52 low-agglutinate remnant 75-125 um (magnetically-separated in Frantz strong-mag bin),"62231,52",62231,62231,subsample_or_fraction,"RELAB material 62231.52 low-agglutinate remnant 75-125 um (magnetically-separated in Frantz strong-mag bin) linked only to Atlas parent page 62231; composition of this subsample, size fraction, mineral separate, or preparation is not implied",Do not transfer parent-sample composition without subsample-specific verification,rake,soil,,https://www.lpi.usra.edu/lunar/samples/atlas/detail/?mission=Apollo%2016&sample=62231,,yes
c1ls164,LS-BWD-164,62231.52 low-agglutinate remnant 75-125 um (magnetically-separated in Frantz weak-mag bin),"62231,52",62231,62231,subsample_or_fraction,"RELAB material 62231.52 low-agglutinate remnant 75-125 um (magnetically-separated in Frantz weak-mag bin) linked only to Atlas parent page 62231; composition of this subsample, size fraction, mineral separate, or preparation is not implied",Do not transfer parent-sample composition without subsample-specific verification,rake,soil,,https://www.lpi.usra.edu/lunar/samples/atlas/detail/?mission=Apollo%2016&sample=62231,,yes
c1ls165,LS-BWD-165,62231.52 bulk 75-125 um (remixed),"62231,52",62231,62231,subsample_or_fraction,"RELAB material 62231.52 bulk 75-125 um (remixed) linked only to Atlas parent page 62231; composition of this subsample, size fraction, mineral separate, or preparation is not implied",Do not transfer parent-sample composition without subsample-specific verification,rake,soil,,https://www.lpi.usra.edu/lunar/samples/atlas/detail/?mission=Apollo%2016&sample=62231,,yes
c1ls18,LS-CMP-018,"73217,78","73217,78",73217,73217,subsample_or_fraction,"RELAB material 73217,78 linked only to Atlas parent page 73217; composition of this subsample, size fraction, mineral separate, or preparation is not implied",Do not transfer parent-sample composition without subsample-specific verification,rock,impact melt breccia,"Impact Melt Breccia, bulk groundmass may be the low-K Fra Mauro basalt composition common at the Apollo 17 landing site,",https://www.lpi.usra.edu/lunar/samples/atlas/detail/?mission=Apollo%2017&sample=73217,,yes
c1ls20,LS-CMP-020-M1,"76255,72","76255,72",76255,76255,subsample_or_fraction,"RELAB material 76255,72 linked only to Atlas parent page 76255; composition of this subsample, size fraction, mineral separate, or preparation is not implied",Do not transfer parent-sample composition without subsample-specific verification,rock,impact melt breccia,Banded Impact Melt Breccia; has large clast of crushed norite,https://www.lpi.usra.edu/lunar/samples/atlas/detail/?mission=Apollo%2017&sample=76255,,yes
c1ls21,LS-CMP-021,"10,003,173","10003,173",10003,10003,subsample_or_fraction,"RELAB material 10,003,173 linked only to Atlas parent page 10003; composition of this subsample, size fraction, mineral separate, or preparation is not implied",Do not transfer parent-sample composition without subsample-specific verification,rock,basalt,"Medium-grained subophitic basalt composed of clinopyroxene, two generations of plagioclase, ilmenite with subordinate cristobalite and mesostasis.",https://www.lpi.usra.edu/lunar/samples/atlas/detail/?mission=Apollo%2011&sample=10003,,yes
c1ls22,LS-CMP-022-1,"60035,21 thin section Spot 1","60035,21",60035,60035,subsample_or_fraction,"RELAB material 60035,21 thin section Spot 1 linked only to Atlas parent page 60035; composition of this subsample, size fraction, mineral separate, or preparation is not implied",Do not transfer parent-sample composition without subsample-specific verification,,breccia,"fine-grained, clast-rich, polymict breccia made up of clasts of ferroan anorthosite, troctolite, troctolitic anorthosite and noritic anorthosite. To date, it remains poorly characterized, and requires further study. Recently, it was dated at 4.09 ± 0.1 b.y. with an exposure to cosmic radiation for about 6 m.y.",https://www.lpi.usra.edu/lunar/samples/atlas/detail/?mission=Apollo%2016&sample=60035,,yes
c1ls25,LS-CMP-025,"67455,106","67455,106",67455,67455,subsample_or_fraction,"RELAB material 67455,106 linked only to Atlas parent page 67455; composition of this subsample, size fraction, mineral separate, or preparation is not implied",Do not transfer parent-sample composition without subsample-specific verification,rake,breccia,"very friable, white polymict feldspathic breccia",https://www.lpi.usra.edu/lunar/samples/atlas/detail/?mission=Apollo%2016&sample=67455,,yes
c1ls26,LS-CMP-026,"60025,125","60025,125",60025,60025,subsample_or_fraction,"RELAB material 60025,125 linked only to Atlas parent page 60025; composition of this subsample, size fraction, mineral separate, or preparation is not implied",Do not transfer parent-sample composition without subsample-specific verification,rock,anorthite,"Coarse-grained, moderately shocked, pristine cataclastic ferroan anorthosite",https://www.lpi.usra.edu/lunar/samples/atlas/detail/?mission=Apollo%2016&sample=60025,,yes
c1ls27,LS-CMP-027,"15415,15","15415,15",15415,15415,subsample_or_fraction,"RELAB material 15415,15 linked only to Atlas parent page 15415; composition of this subsample, size fraction, mineral separate, or preparation is not implied",Do not transfer parent-sample composition without subsample-specific verification,rock,anorthite,"Anorthite. Corse-grained, ferroan crystalline rock with complex cataclastic and metamorphic history. Pale, blocky, angular to subrounded sample, which was originally partly dust-covered.",https://www.lpi.usra.edu/lunar/samples/atlas/detail/?mission=Apollo%2015&sample=15415,,yes
c1ls28,LS-CMP-028,"76015,191","76015,191",76015,76015,subsample_or_fraction,"RELAB material 76015,191 linked only to Atlas parent page 76015; composition of this subsample, size fraction, mineral separate, or preparation is not implied",Do not transfer parent-sample composition without subsample-specific verification,rock,impact melt breccia,Vesicular Micropoikilitic Impact Melt Breccia; chipped off top corner of Block 5 of big boulder at Station 6; summarized by Spudis/Ryder (1981) that boulder is from the melt sheet or ejecta blanket from the Serenitatus impact event,https://www.lpi.usra.edu/lunar/samples/atlas/detail/?mission=Apollo%2017&sample=76015,,yes
c1ls29,LS-CMP-029,"73155,53","73155,53",73155,73155,subsample_or_fraction,"RELAB material 73155,53 linked only to Atlas parent page 73155; composition of this subsample, size fraction, mineral separate, or preparation is not implied",Do not transfer parent-sample composition without subsample-specific verification,rock,impact melt breccia,"Impact Melt Breccia, medium dark gray (N4) in color, rather heterogeneous",https://www.lpi.usra.edu/lunar/samples/atlas/detail/?mission=Apollo%2017&sample=73155,,yes
c1ls34,LS-CMP-034,"12002,440","12002,440",12002,12002,subsample_or_fraction,"RELAB material 12002,440 linked only to Atlas parent page 12002; composition of this subsample, size fraction, mineral separate, or preparation is not implied",Do not transfer parent-sample composition without subsample-specific verification,rock,basalt,,https://www.lpi.usra.edu/lunar/samples/atlas/detail/?mission=Apollo%2012&sample=12002,,yes
c1ls35,LS-CMP-035,"77075,141","77075,141",77075,77075,subsample_or_fraction,"RELAB material 77075,141 linked only to Atlas parent page 77075; composition of this subsample, size fraction, mineral separate, or preparation is not implied",Do not transfer parent-sample composition without subsample-specific verification,rock,norite,Impact Melt Dike in Cataclastic Norite,https://www.lpi.usra.edu/lunar/samples/atlas/detail/?mission=Apollo%2017&sample=77075,,yes
c1ls39,LS-CMP-039,"72435,77","72435,77",72435,72435,subsample_or_fraction,"RELAB material 72435,77 linked only to Atlas parent page 72435; composition of this subsample, size fraction, mineral separate, or preparation is not implied",Do not transfer parent-sample composition without subsample-specific verification,rock,impact melt breccia,"Micropoikilitic Impact Melt Breccia, can be assumed to have formed during the Serenitatis event, has major and trace element chemistry similar to other Apollo 17 low-K Fra Mauro impacat melts",https://www.lpi.usra.edu/lunar/samples/atlas/detail/?mission=Apollo%2017&sample=72435,,yes
c1ls46,LS-CMP-046,"10084,1777","10084,1777",10084,10084,subsample_or_fraction,"RELAB material 10084,1777 linked only to Atlas parent page 10084; composition of this subsample, size fraction, mineral separate, or preparation is not implied",Do not transfer parent-sample composition without subsample-specific verification,soil-general,,"The contingency sample was taken in front of quad IV of the LM. The documented sample was collected 5 meters north of the LM, the bulk sample was collected in front of quad IV by pouring scoops of loose soil to fill the voids left between rock samples in the bulk sample container. 10084 is the bulk soil sample. Soil is fine grained and hard in this sample area. There are few fragments and it is difficult to scoop deeper than 5 cm below the surface.",https://www.lpi.usra.edu/lunar/samples/atlas/detail/?mission=Apollo%2011&sample=10084,,yes
c1ls48,LS-CMP-048,"10084,1779","10084,1779",10084,10084,subsample_or_fraction,"RELAB material 10084,1779 linked only to Atlas parent page 10084; composition of this subsample, size fraction, mineral separate, or preparation is not implied",Do not transfer parent-sample composition without subsample-specific verification,soil-general,,"The contingency sample was taken in front of quad IV of the LM. The documented sample was collected 5 meters north of the LM, the bulk sample was collected in front of quad IV by pouring scoops of loose soil to fill the voids left between rock samples in the bulk sample container. 10084 is the bulk soil sample. Soil is fine grained and hard in this sample area. There are few fragments and it is difficult to scoop deeper than 5 cm below the surface.",https://www.lpi.usra.edu/lunar/samples/atlas/detail/?mission=Apollo%2011&sample=10084,,yes
c1ls49,LS-CMP-049,"10084,1780","10084,1780",10084,10084,subsample_or_fraction,"RELAB material 10084,1780 linked only to Atlas parent page 10084; composition of this subsample, size fraction, mineral separate, or preparation is not implied",Do not transfer parent-sample composition without subsample-specific verification,soil-general,,"The contingency sample was taken in front of quad IV of the LM. The documented sample was collected 5 meters north of the LM, the bulk sample was collected in front of quad IV by pouring scoops of loose soil to fill the voids left between rock samples in the bulk sample container. 10084 is the bulk soil sample. Soil is fine grained and hard in this sample area. There are few fragments and it is difficult to scoop deeper than 5 cm below the surface.",https://www.lpi.usra.edu/lunar/samples/atlas/detail/?mission=Apollo%2011&sample=10084,,yes
c1ls50,LS-CMP-050,"14141,141","14141,141",14141,14141,subsample_or_fraction,"RELAB material 14141,141 linked only to Atlas parent page 14141; composition of this subsample, size fraction, mineral separate, or preparation is not implied",Do not transfer parent-sample composition without subsample-specific verification,soil-general,soil,"Samples 14140, 14141, 14142, 14143, 14144 and 14068, 14069, 14070, 14071, and 14072 were collected 3 meters from the rim of a 15 meter crater just south of Cone crater. 14141 is a surface soil identified by crew as a light gray layer, 14068 through 14072 is a sample of some surface rocks in the area. The area near the rim of Cone crater is strewn with boulders up to 3 meters.",https://www.lpi.usra.edu/lunar/samples/atlas/detail/?mission=Apollo%2014&sample=14141,,yes
c1ls51,LS-CMP-051,"79221,91","79221,91",79221,79221,subsample_or_fraction,"RELAB material 79221,91 linked only to Atlas parent page 79221; composition of this subsample, size fraction, mineral separate, or preparation is not implied",Do not transfer parent-sample composition without subsample-specific verification,,,,https://www.lpi.usra.edu/lunar/samples/atlas/detail/?mission=Apollo%2017&sample=79221,,yes
c1ls52,LS-CMP-052,"75035,207","75035,207",75035,75035,subsample_or_fraction,"RELAB material 75035,207 linked only to Atlas parent page 75035; composition of this subsample, size fraction, mineral separate, or preparation is not implied",Do not transfer parent-sample composition without subsample-specific verification,rock,high-Ti mare basalt,High-Ti Mare Basalt,https://www.lpi.usra.edu/lunar/samples/atlas/detail/?mission=Apollo%2017&sample=75035,,yes
c1ls53,LS-CMP-053,"71501,5","71501,5",71501,71501,subsample_or_fraction,"RELAB material 71501,5 linked only to Atlas parent page 71501; composition of this subsample, size fraction, mineral separate, or preparation is not implied",Do not transfer parent-sample composition without subsample-specific verification,,,,https://www.lpi.usra.edu/lunar/samples/atlas/detail/?mission=Apollo%2017&sample=71501,,yes
c1ls54,LS-CMP-054,"14148,178","14148,178",14148,14148,subsample_or_fraction,"RELAB material 14148,178 linked only to Atlas parent page 14148; composition of this subsample, size fraction, mineral separate, or preparation is not implied",Do not transfer parent-sample composition without subsample-specific verification,,soil,"14145, 14146, 14147, and 14148 collected from the top of the trench; 14153, 14154, 14155, and 14156 is mixed material from the middle two layers, 14080 and 14081 below that, and 14073, 14074, 14075, 14076, 14077, 14078, and 14079 and 14149, 14150, 14151, and 14152 from the bottom of a 40 cm trench. Astronaut Shepard reports the surface fines were so loose the trench walls kept falling in and layered materials were mixed. Bottom layers have pebble in it.",https://www.lpi.usra.edu/lunar/samples/atlas/detail/?mission=Apollo%2014&sample=14148,,yes
c1ls55,LS-CMP-055,"69961,144","69961,144",69961,69961,subsample_or_fraction,"RELAB material 69961,144 linked only to Atlas parent page 69961; composition of this subsample, size fraction, mineral separate, or preparation is not implied",Do not transfer parent-sample composition without subsample-specific verification,,soil,,https://www.lpi.usra.edu/lunar/samples/atlas/detail/?mission=Apollo%2016&sample=69961,,yes
c1ls56,LS-CMP-056,"75080,43","75080,43",75080,75080,subsample_or_fraction,"RELAB material 75080,43 linked only to Atlas parent page 75080; composition of this subsample, size fraction, mineral separate, or preparation is not implied",Do not transfer parent-sample composition without subsample-specific verification,,soil,This is a surface soil sample from a site on the regolith surface a few meters from sample 75060 at Station 5 on the southwest rim of Camelot crater. The sample area is undulating with cobbles and boulders covering 30% of the surface.,https://www.lpi.usra.edu/lunar/samples/atlas/detail/?mission=Apollo%2017&sample=75080,,yes
c1ls57,LS-CMP-057,"68501,601 bulk","68501,601",68501,68501,subsample_or_fraction,"RELAB material 68501,601 bulk linked only to Atlas parent page 68501; composition of this subsample, size fraction, mineral separate, or preparation is not implied",Do not transfer parent-sample composition without subsample-specific verification,rake,soil,,https://www.lpi.usra.edu/lunar/samples/atlas/detail/?mission=Apollo%2016&sample=68501,,yes
c1ls58,LS-CMP-058,"15301,329","15301,329",15301,15301,subsample_or_fraction,"RELAB material 15301,329 linked only to Atlas parent page 15301; composition of this subsample, size fraction, mineral separate, or preparation is not implied",Do not transfer parent-sample composition without subsample-specific verification,rake,soil,"part of a comprehensive sample collected at Spur Crater including rake sample 15310 and soils 15410, 15420 and pedestal 15431. The rim of Spur Crater had a significant number of small rock on the surface. This is the location of the Apollo 15 ""green glass"" and 15301 contained many beads of this interesting lunar material.",https://www.lpi.usra.edu/lunar/samples/atlas/detail/?mission=Apollo%2015&sample=15301,,yes
c1ls59,LS-CMP-059,"15261,208","15261,208",15261,15261,subsample_or_fraction,"RELAB material 15261,208 linked only to Atlas parent page 15261; composition of this subsample, size fraction, mineral separate, or preparation is not implied",Do not transfer parent-sample composition without subsample-specific verification,,soil,,https://www.lpi.usra.edu/lunar/samples/atlas/detail/?mission=Apollo%2015&sample=15261,,yes
c1ls60,LS-CMP-060,"15601,340","15601,340",15601,15601,subsample_or_fraction,"RELAB material 15601,340 linked only to Atlas parent page 15601; composition of this subsample, size fraction, mineral separate, or preparation is not implied",Do not transfer parent-sample composition without subsample-specific verification,,soil,"The large soil sample and the adjacent rake sample contained many olivine-normative basalt samples (156xx). Only about 2/3 of the soil sample was sieved, with about 400 grams remaining unsieved. Small rocks are described separately",https://www.lpi.usra.edu/lunar/samples/atlas/detail/?mission=Apollo%2015&sample=15601,,yes
c1ls77,LS-CMP-077,"76215,113","76215,113",76215,76215,subsample_or_fraction,"RELAB material 76215,113 linked only to Atlas parent page 76215; composition of this subsample, size fraction, mineral separate, or preparation is not implied",Do not transfer parent-sample composition without subsample-specific verification,rock,impact melt breccia,Vesicular Micropoikilitic Impact Melt Breccia,https://www.lpi.usra.edu/lunar/samples/atlas/detail/?mission=Apollo%2017&sample=76215,,yes
c1ls79,LS-CMP-079,"76295,123","76295,123",76295,76295,subsample_or_fraction,"RELAB material 76295,123 linked only to Atlas parent page 76295; composition of this subsample, size fraction, mineral separate, or preparation is not implied",Do not transfer parent-sample composition without subsample-specific verification,rock,impact melt breccia,Impact Melt Breccia,https://www.lpi.usra.edu/lunar/samples/atlas/detail/?mission=Apollo%2017&sample=76295,,yes
c1ls84,LS-CMP-084,"10020,221","10020,221",10020,10020,subsample_or_fraction,"RELAB material 10020,221 linked only to Atlas parent page 10020; composition of this subsample, size fraction, mineral separate, or preparation is not implied",Do not transfer parent-sample composition without subsample-specific verification,,basalt,,https://www.lpi.usra.edu/lunar/samples/atlas/detail/?mission=Apollo%2011&sample=10020,,yes
c1ls85,LS-CMP-085,"75,035,206","75035,206",75035,75035,subsample_or_fraction,"RELAB material 75,035,206 linked only to Atlas parent page 75035; composition of this subsample, size fraction, mineral separate, or preparation is not implied",Do not transfer parent-sample composition without subsample-specific verification,rock,high-Ti mare basalt,High-Ti Mare Basalt,https://www.lpi.usra.edu/lunar/samples/atlas/detail/?mission=Apollo%2017&sample=75035,,yes
c1ls86,LS-CMP-086,"12063,198","12063,198",12063,12063,subsample_or_fraction,"RELAB material 12063,198 linked only to Atlas parent page 12063; composition of this subsample, size fraction, mineral separate, or preparation is not implied",Do not transfer parent-sample composition without subsample-specific verification,rock,basalt,diabase (terrestrial analogue); ilmenite microgabbro similar to Apollo 11 (Chao),https://www.lpi.usra.edu/lunar/samples/atlas/detail/?mission=Apollo%2012&sample=12063,,yes
c1ls87,LS-CMP-087,"67729,19","67729,19",67729,67729,subsample_or_fraction,"RELAB material 67729,19 linked only to Atlas parent page 67729; composition of this subsample, size fraction, mineral separate, or preparation is not implied",Do not transfer parent-sample composition without subsample-specific verification,rake,breccia,"vesicular glass breccia with significant clasts, and has the appearance of a ""glass bomb"". It has zap pits on all sides.",https://www.lpi.usra.edu/lunar/samples/atlas/detail/?mission=Apollo%2016&sample=67729,,yes
c1ls88,LS-CMP-088,"12032,354","12032,354",12032,12032,subsample_or_fraction,"RELAB material 12032,354 linked only to Atlas parent page 12032; composition of this subsample, size fraction, mineral separate, or preparation is not implied",Do not transfer parent-sample composition without subsample-specific verification,soil-general,,"Surface soil 12032, along with several rocks were collected from the north rim of Bench crater. It includes some light gray material from just below the surace. Soil collected with ""potato"" rock 12053.",https://www.lpi.usra.edu/lunar/samples/atlas/detail/?mission=Apollo%2012&sample=12032,,yes
c1ls89,LS-CMP-089,"67095,108","67095,108",67095,67095,subsample_or_fraction,"RELAB material 67095,108 linked only to Atlas parent page 67095; composition of this subsample, size fraction, mineral separate, or preparation is not implied",Do not transfer parent-sample composition without subsample-specific verification,,impact melt breccia,"a glass-coated basaltic impact melt or ""bomb"" that has not been dated.",https://www.lpi.usra.edu/lunar/samples/atlas/detail/?mission=Apollo%2016&sample=67095,,yes
c1ls91,LS-CMP-091,"78235,9002C","78235,9002C",78235,78235,subsample_or_fraction,"RELAB material 78235,9002C linked only to Atlas parent page 78235; composition of this subsample, size fraction, mineral separate, or preparation is not implied",Do not transfer parent-sample composition without subsample-specific verification,rock,norite,Shocked Norite,https://www.lpi.usra.edu/lunar/samples/atlas/detail/?mission=Apollo%2017&sample=78235,,yes
c1ls92,LS-CMP-092,"76055,78","76055,78",76055,76055,subsample_or_fraction,"RELAB material 76055,78 linked only to Atlas parent page 76055; composition of this subsample, size fraction, mineral separate, or preparation is not implied",Do not transfer parent-sample composition without subsample-specific verification,rock,impact melt breccia,Impact Melt Breccia; appears to be older than Station 6 Boulder and other Serenitatus impact melts; may be a separate sample of Serenitatus melt sheet from high on North Massif.,https://www.lpi.usra.edu/lunar/samples/atlas/detail/?mission=Apollo%2017&sample=76055,,yes
c1ls93,LS-CMP-093,"12033,604","12033,604",12033,12033,subsample_or_fraction,"RELAB material 12033,604 linked only to Atlas parent page 12033; composition of this subsample, size fraction, mineral separate, or preparation is not implied",Do not transfer parent-sample composition without subsample-specific verification,soil-general,,"Trench sample 12033 was collected 15 cm below the surface, 15 meters from the northwest rim of Head Crater near 12031. The trench bottom is lighter in color than the surface materials. Astronauts noticed more large blocks on the west side of Bench crater than on the east.",https://www.lpi.usra.edu/lunar/samples/atlas/detail/?mission=Apollo%2012&sample=12033,,yes
c1ls94,LS-CMP-094,"68,815,384","68815,384",68815,68815,subsample_or_fraction,"RELAB material 68,815,384 linked only to Atlas parent page 68815; composition of this subsample, size fraction, mineral separate, or preparation is not implied",Do not transfer parent-sample composition without subsample-specific verification,rock,breccia,outer surface covered with zap pits; the broken surface contains large vugs and vesicles. 68815 is one of the samples that date the age of South Ray Crater (Drozd et al. 1974; Pepin et al. 1974) and is said to have had a simple exposure history.,https://www.lpi.usra.edu/lunar/samples/atlas/detail/?mission=Apollo%2016&sample=68815,,yes
c1ls95,LS-CMP-095,"67475,219","67475,219",67475,67475,subsample_or_fraction,"RELAB material 67475,219 linked only to Atlas parent page 67475; composition of this subsample, size fraction, mineral separate, or preparation is not implied",Do not transfer parent-sample composition without subsample-specific verification,rake,breccia,"a tough purplish-grey, glassy breccia",https://www.lpi.usra.edu/lunar/samples/atlas/detail/?mission=Apollo%2016&sample=67475,,yes
c1ls96,LS-CMP-096,"15445,261","15445,261",15445,15445,subsample_or_fraction,"RELAB material 15445,261 linked only to Atlas parent page 15445; composition of this subsample, size fraction, mineral separate, or preparation is not implied",Do not transfer parent-sample composition without subsample-specific verification,,breccia,This sample and its close companion (15455) are thought to be ejecta from the Imbrium Basin. Their exposure ages (~200 m.y.) may help date the age of Spur Crater where they were found.,https://www.lpi.usra.edu/lunar/samples/atlas/detail/?mission=Apollo%2015&sample=15445,,yes
c1ls97,LS-CMP-097,"64,455,128","64455,128",64455,64455,subsample_or_fraction,"RELAB material 64,455,128 linked only to Atlas parent page 64455; composition of this subsample, size fraction, mineral separate, or preparation is not implied",Do not transfer parent-sample composition without subsample-specific verification,,impact melt breccia,egg-shaped object about 5 cm long and 3 cm across almost completely covered with thick black glass,https://www.lpi.usra.edu/lunar/samples/atlas/detail/?mission=Apollo%2016&sample=64455,,yes
c1ls99,LS-CMP-099,"72255,338","72255,338",72255,72255,subsample_or_fraction,"RELAB material 72255,338 linked only to Atlas parent page 72255; composition of this subsample, size fraction, mineral separate, or preparation is not implied",Do not transfer parent-sample composition without subsample-specific verification,rock,impact melt breccia,aphanitic impact melt breccia,https://www.lpi.usra.edu/lunar/samples/atlas/detail/?mission=Apollo%2017&sample=72255,,yes
c1lu05,LU-CMP-005-1,2014 bulk,,,,non_apollo,RELAB identifies this as a non-Apollo lunar sample; Apollo Atlas matching is not applicable,Outside the Apollo Atlas crosswalk,,,,,,no
c1lu06,LU-CMP-006-1,Luna 16 soil 1637 bulk <250 um,,,,non_apollo,RELAB identifies this as a non-Apollo lunar sample; Apollo Atlas matching is not applicable,Outside the Apollo Atlas crosswalk,,,,,,no
c1lu07,LU-CMP-007-1,2014 Luna 20 soil agglutinate separate 100-1000 um,,,,non_apollo,RELAB identifies this as a non-Apollo lunar sample; Apollo Atlas matching is not applicable,Outside the Apollo Atlas crosswalk,,,,,,no
c1sn05,SN-CMP-005,"70181,138 Freon Limit Exp.","70181,138",70181,70181,subsample_or_fraction,"RELAB material 70181,138 Freon Limit Exp. linked only to Atlas parent page 70181; composition of this subsample, size fraction, mineral separate, or preparation is not implied",Do not transfer parent-sample composition without subsample-specific verification,,,,https://www.lpi.usra.edu/lunar/samples/atlas/detail/?mission=Apollo%2017&sample=70181,,yes
c1sn06,SN-CMP-006,"70181,138 Freon Extend Exp.","70181,138",70181,70181,subsample_or_fraction,"RELAB material 70181,138 Freon Extend Exp. linked only to Atlas parent page 70181; composition of this subsample, size fraction, mineral separate, or preparation is not implied",Do not transfer parent-sample composition without subsample-specific verification,,,,https://www.lpi.usra.edu/lunar/samples/atlas/detail/?mission=Apollo%2017&sample=70181,,yes
c2gl15,LS-CMP-015-G2,"60019,215 Clast G2","60019,215",60019,60019,subsample_or_fraction,"RELAB material 60019,215 Clast G2 linked only to Atlas parent page 60019; composition of this subsample, size fraction, mineral separate, or preparation is not implied",Do not transfer parent-sample composition without subsample-specific verification,rock,breccia,"coherent, medium-gray glassy breccia containing several large, light colored clasts",https://www.lpi.usra.edu/lunar/samples/atlas/detail/?mission=Apollo%2016&sample=60019,,yes
c2lr01,LR-CMP-001,"67627,13","67627,13",67627,67627,subsample_or_fraction,"RELAB material 67627,13 linked only to Atlas parent page 67627; composition of this subsample, size fraction, mineral separate, or preparation is not implied",Do not transfer parent-sample composition without subsample-specific verification,rake,breccia,glass-cemented aggregates,https://www.lpi.usra.edu/lunar/samples/atlas/detail/?mission=Apollo%2016&sample=67627,,yes
c2lr02,LR-CMP-002,"67627,17","67627,17",67627,67627,subsample_or_fraction,"RELAB material 67627,17 linked only to Atlas parent page 67627; composition of this subsample, size fraction, mineral separate, or preparation is not implied",Do not transfer parent-sample composition without subsample-specific verification,rake,breccia,glass-cemented aggregates,https://www.lpi.usra.edu/lunar/samples/atlas/detail/?mission=Apollo%2016&sample=67627,,yes
c2lr03,LR-CMP-003,"69935,87","69935,87",69935,69935,subsample_or_fraction,"RELAB material 69935,87 linked only to Atlas parent page 69935; composition of this subsample, size fraction, mineral separate, or preparation is not implied",Do not transfer parent-sample composition without subsample-specific verification,,breccia,apparently a polymict breccia that is texturally inhomogeneous and has a large white clast,https://www.lpi.usra.edu/lunar/samples/atlas/detail/?mission=Apollo%2016&sample=69935,,yes
c2lr04,LR-CMP-004,"69935,88","69935,88",69935,69935,subsample_or_fraction,"RELAB material 69935,88 linked only to Atlas parent page 69935; composition of this subsample, size fraction, mineral separate, or preparation is not implied",Do not transfer parent-sample composition without subsample-specific verification,,breccia,apparently a polymict breccia that is texturally inhomogeneous and has a large white clast,https://www.lpi.usra.edu/lunar/samples/atlas/detail/?mission=Apollo%2016&sample=69935,,yes
c2lr114,LR-CMP-114,"67461,146 20-45 um","67461,146",67461,67461,subsample_or_fraction,"RELAB material 67461,146 20-45 um linked only to Atlas parent page 67461; composition of this subsample, size fraction, mineral separate, or preparation is not implied",Do not transfer parent-sample composition without subsample-specific verification,,soil,"chosen as a ""reference soil"" for the ""lunar highland initiative"" and is not greatly different from other soil samples from North Ray Crater",https://www.lpi.usra.edu/lunar/samples/atlas/detail/?mission=Apollo%2016&sample=67461,,yes
c2lr12,LR-CMP-012,"15041,210","15041,210",15041,15041,subsample_or_fraction,"RELAB material 15041,210 linked only to Atlas parent page 15041; composition of this subsample, size fraction, mineral separate, or preparation is not implied",Do not transfer parent-sample composition without subsample-specific verification,,,,https://www.lpi.usra.edu/lunar/samples/atlas/detail/?mission=Apollo%2015&sample=15041,,yes
c2lr13,LR-CMP-013,"15041,211","15041,211",15041,15041,subsample_or_fraction,"RELAB material 15041,211 linked only to Atlas parent page 15041; composition of this subsample, size fraction, mineral separate, or preparation is not implied",Do not transfer parent-sample composition without subsample-specific verification,,,,https://www.lpi.usra.edu/lunar/samples/atlas/detail/?mission=Apollo%2015&sample=15041,,yes
c2lr137,LR-SKN-137,"69004,44 <250 um","69004,44",69004,69004,subsample_or_fraction,"RELAB material 69004,44 <250 um linked only to Atlas parent page 69004; composition of this subsample, size fraction, mineral separate, or preparation is not implied",Do not transfer parent-sample composition without subsample-specific verification,,,,https://www.lpi.usra.edu/lunar/samples/atlas/detail/?mission=Apollo%2016&sample=69004,,yes
c2lr14,LR-CMP-014,"72415,64c","72415,64c",72415,72415,subsample_or_fraction,"RELAB material 72415,64c linked only to Atlas parent page 72415; composition of this subsample, size fraction, mineral separate, or preparation is not implied",Do not transfer parent-sample composition without subsample-specific verification,rock,dunite,"Cataclastic dunite, homogeneous",https://www.lpi.usra.edu/lunar/samples/atlas/detail/?mission=Apollo%2017&sample=72415,,yes
c2lr16,LR-CMP-016,"10084,1947","10084,1947",10084,10084,subsample_or_fraction,"RELAB material 10084,1947 linked only to Atlas parent page 10084; composition of this subsample, size fraction, mineral separate, or preparation is not implied",Do not transfer parent-sample composition without subsample-specific verification,soil-general,,"The contingency sample was taken in front of quad IV of the LM. The documented sample was collected 5 meters north of the LM, the bulk sample was collected in front of quad IV by pouring scoops of loose soil to fill the voids left between rock samples in the bulk sample container. 10084 is the bulk soil sample. Soil is fine grained and hard in this sample area. There are few fragments and it is difficult to scoop deeper than 5 cm below the surface.",https://www.lpi.usra.edu/lunar/samples/atlas/detail/?mission=Apollo%2011&sample=10084,,yes
c2lr168,LR-CMP-168,"15555,965 reddish-brown pyroxene B","15555,965",15555,15555,subsample_or_fraction,"RELAB material 15555,965 reddish-brown pyroxene B linked only to Atlas parent page 15555; composition of this subsample, size fraction, mineral separate, or preparation is not implied",Do not transfer parent-sample composition without subsample-specific verification,,basalt,"(""Great Scott"") is both the largest and the most intensively studied of the Apollo 15 rocks. It is a medium-grained olivine basalt, with a few percent small vugs. It is probably very close to a liquid composition, i.e., it contains few, if any, accumulated crystals. It crystallized ~3.3 b.y. ago. Unlike other nearby rocks, 15555 was not dust-coated. It is generally tough, but many exterior chips fell off during earth transit and many of these pieces are friable. It is sub-rounded and blocky, with many zap pits.",https://www.lpi.usra.edu/lunar/samples/atlas/detail/?mission=Apollo%2015&sample=15555,,yes
c2lr169,LR-CMP-169,"15555,965 olivine B","15555,965",15555,15555,subsample_or_fraction,"RELAB material 15555,965 olivine B linked only to Atlas parent page 15555; composition of this subsample, size fraction, mineral separate, or preparation is not implied",Do not transfer parent-sample composition without subsample-specific verification,,basalt,"(""Great Scott"") is both the largest and the most intensively studied of the Apollo 15 rocks. It is a medium-grained olivine basalt, with a few percent small vugs. It is probably very close to a liquid composition, i.e., it contains few, if any, accumulated crystals. It crystallized ~3.3 b.y. ago. Unlike other nearby rocks, 15555 was not dust-coated. It is generally tough, but many exterior chips fell off during earth transit and many of these pieces are friable. It is sub-rounded and blocky, with many zap pits.",https://www.lpi.usra.edu/lunar/samples/atlas/detail/?mission=Apollo%2015&sample=15555,,yes
c2lr17,LR-CMP-017,"79221,103","79221,103",79221,79221,subsample_or_fraction,"RELAB material 79221,103 linked only to Atlas parent page 79221; composition of this subsample, size fraction, mineral separate, or preparation is not implied",Do not transfer parent-sample composition without subsample-specific verification,,,,https://www.lpi.usra.edu/lunar/samples/atlas/detail/?mission=Apollo%2017&sample=79221,,yes
c2lr170,LR-CMP-170,"15555,965 light-brown pyroxene B","15555,965",15555,15555,subsample_or_fraction,"RELAB material 15555,965 light-brown pyroxene B linked only to Atlas parent page 15555; composition of this subsample, size fraction, mineral separate, or preparation is not implied",Do not transfer parent-sample composition without subsample-specific verification,,basalt,"(""Great Scott"") is both the largest and the most intensively studied of the Apollo 15 rocks. It is a medium-grained olivine basalt, with a few percent small vugs. It is probably very close to a liquid composition, i.e., it contains few, if any, accumulated crystals. It crystallized ~3.3 b.y. ago. Unlike other nearby rocks, 15555 was not dust-coated. It is generally tough, but many exterior chips fell off during earth transit and many of these pieces are friable. It is sub-rounded and blocky, with many zap pits.",https://www.lpi.usra.edu/lunar/samples/atlas/detail/?mission=Apollo%2015&sample=15555,,yes
c2lr171,LR-CMP-171,"15555,965 plagioclase B","15555,965",15555,15555,subsample_or_fraction,"RELAB material 15555,965 plagioclase B linked only to Atlas parent page 15555; composition of this subsample, size fraction, mineral separate, or preparation is not implied",Do not transfer parent-sample composition without subsample-specific verification,,basalt,"(""Great Scott"") is both the largest and the most intensively studied of the Apollo 15 rocks. It is a medium-grained olivine basalt, with a few percent small vugs. It is probably very close to a liquid composition, i.e., it contains few, if any, accumulated crystals. It crystallized ~3.3 b.y. ago. Unlike other nearby rocks, 15555 was not dust-coated. It is generally tough, but many exterior chips fell off during earth transit and many of these pieces are friable. It is sub-rounded and blocky, with many zap pits.",https://www.lpi.usra.edu/lunar/samples/atlas/detail/?mission=Apollo%2015&sample=15555,,yes
c2lr18,LR-CMP-018,"79221,104","79221,104",79221,79221,subsample_or_fraction,"RELAB material 79221,104 linked only to Atlas parent page 79221; composition of this subsample, size fraction, mineral separate, or preparation is not implied",Do not transfer parent-sample composition without subsample-specific verification,,,,https://www.lpi.usra.edu/lunar/samples/atlas/detail/?mission=Apollo%2017&sample=79221,,yes
c2lr204,LR-CMP-204,"15058,276 bulk D <45 um","15058,276",15058,15058,subsample_or_fraction,"RELAB material 15058,276 bulk D <45 um linked only to Atlas parent page 15058; composition of this subsample, size fraction, mineral separate, or preparation is not implied",Do not transfer parent-sample composition without subsample-specific verification,,basalt,,https://www.lpi.usra.edu/lunar/samples/atlas/detail/?mission=Apollo%2015&sample=15058,,yes
c2lr205,LR-CMP-205,"15555,965 bulk D <45 um","15555,965",15555,15555,subsample_or_fraction,"RELAB material 15555,965 bulk D <45 um linked only to Atlas parent page 15555; composition of this subsample, size fraction, mineral separate, or preparation is not implied",Do not transfer parent-sample composition without subsample-specific verification,,basalt,"(""Great Scott"") is both the largest and the most intensively studied of the Apollo 15 rocks. It is a medium-grained olivine basalt, with a few percent small vugs. It is probably very close to a liquid composition, i.e., it contains few, if any, accumulated crystals. It crystallized ~3.3 b.y. ago. Unlike other nearby rocks, 15555 was not dust-coated. It is generally tough, but many exterior chips fell off during earth transit and many of these pieces are friable. It is sub-rounded and blocky, with many zap pits.",https://www.lpi.usra.edu/lunar/samples/atlas/detail/?mission=Apollo%2015&sample=15555,,yes
c2lr206,LR-CMP-206,"70017,535 bulk D <45 um","70017,535",70017,70017,subsample_or_fraction,"RELAB material 70017,535 bulk D <45 um linked only to Atlas parent page 70017; composition of this subsample, size fraction, mineral separate, or preparation is not implied",Do not transfer parent-sample composition without subsample-specific verification,rock,high-Ti mare basalt,High-Ti Mare Basalt,https://www.lpi.usra.edu/lunar/samples/atlas/detail/?mission=Apollo%2017&sample=70017,,yes
c2lr207,LR-CMP-207,"70035,188 bulk D <45 um","70035,188",70035,70035,subsample_or_fraction,"RELAB material 70035,188 bulk D <45 um linked only to Atlas parent page 70035; composition of this subsample, size fraction, mineral separate, or preparation is not implied",Do not transfer parent-sample composition without subsample-specific verification,rock,high-Ti mare basalt,High-Ti Mare Basalt,https://www.lpi.usra.edu/lunar/samples/atlas/detail/?mission=Apollo%2017&sample=70035,,yes
c2lr210,LR-CMP-210,"15058,276 plagioclase D <45 um","15058,276",15058,15058,subsample_or_fraction,"RELAB material 15058,276 plagioclase D <45 um linked only to Atlas parent page 15058; composition of this subsample, size fraction, mineral separate, or preparation is not implied",Do not transfer parent-sample composition without subsample-specific verification,,basalt,,https://www.lpi.usra.edu/lunar/samples/atlas/detail/?mission=Apollo%2015&sample=15058,,yes
c2lr214,LR-CMP-214,"15555,965 plagioclase D <45 um","15555,965",15555,15555,subsample_or_fraction,"RELAB material 15555,965 plagioclase D <45 um linked only to Atlas parent page 15555; composition of this subsample, size fraction, mineral separate, or preparation is not implied",Do not transfer parent-sample composition without subsample-specific verification,,basalt,"(""Great Scott"") is both the largest and the most intensively studied of the Apollo 15 rocks. It is a medium-grained olivine basalt, with a few percent small vugs. It is probably very close to a liquid composition, i.e., it contains few, if any, accumulated crystals. It crystallized ~3.3 b.y. ago. Unlike other nearby rocks, 15555 was not dust-coated. It is generally tough, but many exterior chips fell off during earth transit and many of these pieces are friable. It is sub-rounded and blocky, with many zap pits.",https://www.lpi.usra.edu/lunar/samples/atlas/detail/?mission=Apollo%2015&sample=15555,,yes
c2lr221,LR-CMP-221,"70035,188 plagioclase D <45 um","70035,188",70035,70035,subsample_or_fraction,"RELAB material 70035,188 plagioclase D <45 um linked only to Atlas parent page 70035; composition of this subsample, size fraction, mineral separate, or preparation is not implied",Do not transfer parent-sample composition without subsample-specific verification,rock,high-Ti mare basalt,High-Ti Mare Basalt,https://www.lpi.usra.edu/lunar/samples/atlas/detail/?mission=Apollo%2017&sample=70035,,yes
c2lr39,LR-CMP-039,"79221,118","79221,118",79221,79221,subsample_or_fraction,"RELAB material 79221,118 linked only to Atlas parent page 79221; composition of this subsample, size fraction, mineral separate, or preparation is not implied",Do not transfer parent-sample composition without subsample-specific verification,,,,https://www.lpi.usra.edu/lunar/samples/atlas/detail/?mission=Apollo%2017&sample=79221,,yes
c2lr40,LR-CMP-040,"79221,131","79221,131",79221,79221,subsample_or_fraction,"RELAB material 79221,131 linked only to Atlas parent page 79221; composition of this subsample, size fraction, mineral separate, or preparation is not implied",Do not transfer parent-sample composition without subsample-specific verification,,,,https://www.lpi.usra.edu/lunar/samples/atlas/detail/?mission=Apollo%2017&sample=79221,,yes
c2lr41,LR-CMP-041,"79221,136","79221,136",79221,79221,subsample_or_fraction,"RELAB material 79221,136 linked only to Atlas parent page 79221; composition of this subsample, size fraction, mineral separate, or preparation is not implied",Do not transfer parent-sample composition without subsample-specific verification,,,,https://www.lpi.usra.edu/lunar/samples/atlas/detail/?mission=Apollo%2017&sample=79221,,yes
c2lr45,LR-CMP-045,"70181,147","70181,147",70181,70181,subsample_or_fraction,"RELAB material 70181,147 linked only to Atlas parent page 70181; composition of this subsample, size fraction, mineral separate, or preparation is not implied",Do not transfer parent-sample composition without subsample-specific verification,,,,https://www.lpi.usra.edu/lunar/samples/atlas/detail/?mission=Apollo%2017&sample=70181,,yes
c2lr46,LR-CMP-046,"70181,155","70181,155",70181,70181,subsample_or_fraction,"RELAB material 70181,155 linked only to Atlas parent page 70181; composition of this subsample, size fraction, mineral separate, or preparation is not implied",Do not transfer parent-sample composition without subsample-specific verification,,,,https://www.lpi.usra.edu/lunar/samples/atlas/detail/?mission=Apollo%2017&sample=70181,,yes
c2lr47,LR-CMP-047,"70181,160","70181,160",70181,70181,subsample_or_fraction,"RELAB material 70181,160 linked only to Atlas parent page 70181; composition of this subsample, size fraction, mineral separate, or preparation is not implied",Do not transfer parent-sample composition without subsample-specific verification,,,,https://www.lpi.usra.edu/lunar/samples/atlas/detail/?mission=Apollo%2017&sample=70181,,yes
c2lr48,LR-CMP-048,"70181,165","70181,165",70181,70181,subsample_or_fraction,"RELAB material 70181,165 linked only to Atlas parent page 70181; composition of this subsample, size fraction, mineral separate, or preparation is not implied",Do not transfer parent-sample composition without subsample-specific verification,,,,https://www.lpi.usra.edu/lunar/samples/atlas/detail/?mission=Apollo%2017&sample=70181,,yes
c2lr52,LR-CMP-052,"15401,136","15401,136",15401,15401,subsample_or_fraction,"RELAB material 15401,136 linked only to Atlas parent page 15401; composition of this subsample, size fraction, mineral separate, or preparation is not implied",Do not transfer parent-sample composition without subsample-specific verification,,soil,is very immature and it has an unusual grain size distribution weight towards large particles. The average grain size distribution of 15401 is 89 microns.,https://www.lpi.usra.edu/lunar/samples/atlas/detail/?mission=Apollo%2015&sample=15401,,yes
c2lr57,LR-CMP-057,"71061,158","71061,158",71061,71061,subsample_or_fraction,"RELAB material 71061,158 linked only to Atlas parent page 71061; composition of this subsample, size fraction, mineral separate, or preparation is not implied",Do not transfer parent-sample composition without subsample-specific verification,,,,https://www.lpi.usra.edu/lunar/samples/atlas/detail/?mission=Apollo%2017&sample=71061,,yes
c2lr73,LR-CMP-073,"12001,874 20-45 um","12001,874",12001,12001,subsample_or_fraction,"RELAB material 12001,874 20-45 um linked only to Atlas parent page 12001; composition of this subsample, size fraction, mineral separate, or preparation is not implied",Do not transfer parent-sample composition without subsample-specific verification,soil-general,,12001 is < 1 cm fraction of bulk regolith collected about 30 meters northwest of the LM on the first EVA traverse. Astronaut Conrad saw several beads of pure glass while collecting this sample. Fryxell reports that the fines are weakly coherent; they adhere to rocks and do not slump when the sample holder is tipped 45 degrees.,https://www.lpi.usra.edu/lunar/samples/atlas/detail/?mission=Apollo%2012&sample=12001,,yes
c2lr74,LR-CMP-074,"12001,875 10-20 um","12001,875",12001,12001,subsample_or_fraction,"RELAB material 12001,875 10-20 um linked only to Atlas parent page 12001; composition of this subsample, size fraction, mineral separate, or preparation is not implied",Do not transfer parent-sample composition without subsample-specific verification,soil-general,,12001 is < 1 cm fraction of bulk regolith collected about 30 meters northwest of the LM on the first EVA traverse. Astronaut Conrad saw several beads of pure glass while collecting this sample. Fryxell reports that the fines are weakly coherent; they adhere to rocks and do not slump when the sample holder is tipped 45 degrees.,https://www.lpi.usra.edu/lunar/samples/atlas/detail/?mission=Apollo%2012&sample=12001,,yes
c2lr75,LR-CMP-075,"12001,876 <10 um","12001,876",12001,12001,subsample_or_fraction,"RELAB material 12001,876 <10 um linked only to Atlas parent page 12001; composition of this subsample, size fraction, mineral separate, or preparation is not implied",Do not transfer parent-sample composition without subsample-specific verification,soil-general,,12001 is < 1 cm fraction of bulk regolith collected about 30 meters northwest of the LM on the first EVA traverse. Astronaut Conrad saw several beads of pure glass while collecting this sample. Fryxell reports that the fines are weakly coherent; they adhere to rocks and do not slump when the sample holder is tipped 45 degrees.,https://www.lpi.usra.edu/lunar/samples/atlas/detail/?mission=Apollo%2012&sample=12001,,yes
c2lr80,LR-CMP-080,"15071,168","15071,168",15071,15071,subsample_or_fraction,"RELAB material 15071,168 linked only to Atlas parent page 15071; composition of this subsample, size fraction, mineral separate, or preparation is not implied",Do not transfer parent-sample composition without subsample-specific verification,,,,https://www.lpi.usra.edu/lunar/samples/atlas/detail/?mission=Apollo%2015&sample=15071,,yes
c2ls01,LS-CMP-001,"15555,798","15555,798",15555,15555,subsample_or_fraction,"RELAB material 15555,798 linked only to Atlas parent page 15555; composition of this subsample, size fraction, mineral separate, or preparation is not implied",Do not transfer parent-sample composition without subsample-specific verification,,basalt,"(""Great Scott"") is both the largest and the most intensively studied of the Apollo 15 rocks. It is a medium-grained olivine basalt, with a few percent small vugs. It is probably very close to a liquid composition, i.e., it contains few, if any, accumulated crystals. It crystallized ~3.3 b.y. ago. Unlike other nearby rocks, 15555 was not dust-coated. It is generally tough, but many exterior chips fell off during earth transit and many of these pieces are friable. It is sub-rounded and blocky, with many zap pits.",https://www.lpi.usra.edu/lunar/samples/atlas/detail/?mission=Apollo%2015&sample=15555,,yes
c2ls02,LS-CMP-002,"15555,799","15555,799",15555,15555,subsample_or_fraction,"RELAB material 15555,799 linked only to Atlas parent page 15555; composition of this subsample, size fraction, mineral separate, or preparation is not implied",Do not transfer parent-sample composition without subsample-specific verification,,basalt,"(""Great Scott"") is both the largest and the most intensively studied of the Apollo 15 rocks. It is a medium-grained olivine basalt, with a few percent small vugs. It is probably very close to a liquid composition, i.e., it contains few, if any, accumulated crystals. It crystallized ~3.3 b.y. ago. Unlike other nearby rocks, 15555 was not dust-coated. It is generally tough, but many exterior chips fell off during earth transit and many of these pieces are friable. It is sub-rounded and blocky, with many zap pits.",https://www.lpi.usra.edu/lunar/samples/atlas/detail/?mission=Apollo%2015&sample=15555,,yes
c2ls03,LS-CMP-003,"72415,64","72415,64",72415,72415,subsample_or_fraction,"RELAB material 72415,64 linked only to Atlas parent page 72415; composition of this subsample, size fraction, mineral separate, or preparation is not implied",Do not transfer parent-sample composition without subsample-specific verification,rock,dunite,"Cataclastic dunite, homogeneous",https://www.lpi.usra.edu/lunar/samples/atlas/detail/?mission=Apollo%2017&sample=72415,,yes
c2ls04,LS-CMP-004,"76535,93","76535,93",76535,76535,subsample_or_fraction,"RELAB material 76535,93 linked only to Atlas parent page 76535; composition of this subsample, size fraction, mineral separate, or preparation is not implied",Do not transfer parent-sample composition without subsample-specific verification,rake,troctolite,"Troctolite, random sample as part of rake sample at Station 6",https://www.lpi.usra.edu/lunar/samples/atlas/detail/?mission=Apollo%2017&sample=76535,,yes
c2ls05,LS-CMP-005,"72415,64b clear olivine separate","72415,64b",72415,72415,subsample_or_fraction,"RELAB material 72415,64b clear olivine separate linked only to Atlas parent page 72415; composition of this subsample, size fraction, mineral separate, or preparation is not implied",Do not transfer parent-sample composition without subsample-specific verification,rock,dunite,"Cataclastic dunite, homogeneous",https://www.lpi.usra.edu/lunar/samples/atlas/detail/?mission=Apollo%2017&sample=72415,,yes
c2ls08,LS-CMP-008-A,"60019,215 Clast A","60019,215",60019,60019,subsample_or_fraction,"RELAB material 60019,215 Clast A linked only to Atlas parent page 60019; composition of this subsample, size fraction, mineral separate, or preparation is not implied",Do not transfer parent-sample composition without subsample-specific verification,rock,breccia,"coherent, medium-gray glassy breccia containing several large, light colored clasts",https://www.lpi.usra.edu/lunar/samples/atlas/detail/?mission=Apollo%2016&sample=60019,,yes
c2ls09,LS-CMP-009,"12063,199","12063,199",12063,12063,subsample_or_fraction,"RELAB material 12063,199 linked only to Atlas parent page 12063; composition of this subsample, size fraction, mineral separate, or preparation is not implied",Do not transfer parent-sample composition without subsample-specific verification,rock,basalt,diabase (terrestrial analogue); ilmenite microgabbro similar to Apollo 11 (Chao),https://www.lpi.usra.edu/lunar/samples/atlas/detail/?mission=Apollo%2012&sample=12063,,yes
c2ls10,LS-CMP-010,"67455,63","67455,63",67455,67455,subsample_or_fraction,"RELAB material 67455,63 linked only to Atlas parent page 67455; composition of this subsample, size fraction, mineral separate, or preparation is not implied",Do not transfer parent-sample composition without subsample-specific verification,rake,breccia,"very friable, white polymict feldspathic breccia",https://www.lpi.usra.edu/lunar/samples/atlas/detail/?mission=Apollo%2016&sample=67455,,yes
c2ls11,LS-CMP-011,"15415,60","15415,60",15415,15415,subsample_or_fraction,"RELAB material 15415,60 linked only to Atlas parent page 15415; composition of this subsample, size fraction, mineral separate, or preparation is not implied",Do not transfer parent-sample composition without subsample-specific verification,rock,anorthite,"Anorthite. Corse-grained, ferroan crystalline rock with complex cataclastic and metamorphic history. Pale, blocky, angular to subrounded sample, which was originally partly dust-covered.",https://www.lpi.usra.edu/lunar/samples/atlas/detail/?mission=Apollo%2015&sample=15415,,yes
c2ls12,LS-CMP-012,"78235,9002A pyroxene separate","78235,9002A",78235,78235,subsample_or_fraction,"RELAB material 78235,9002A pyroxene separate linked only to Atlas parent page 78235; composition of this subsample, size fraction, mineral separate, or preparation is not implied",Do not transfer parent-sample composition without subsample-specific verification,rock,norite,Shocked Norite,https://www.lpi.usra.edu/lunar/samples/atlas/detail/?mission=Apollo%2017&sample=78235,,yes
c2ls13,LS-CMP-013,"72415,58","72415,58",72415,72415,subsample_or_fraction,"RELAB material 72415,58 linked only to Atlas parent page 72415; composition of this subsample, size fraction, mineral separate, or preparation is not implied",Do not transfer parent-sample composition without subsample-specific verification,rock,dunite,"Cataclastic dunite, homogeneous",https://www.lpi.usra.edu/lunar/samples/atlas/detail/?mission=Apollo%2017&sample=72415,,yes
c2ls14,LS-CMP-014,"12063,197","12063,197",12063,12063,subsample_or_fraction,"RELAB material 12063,197 linked only to Atlas parent page 12063; composition of this subsample, size fraction, mineral separate, or preparation is not implied",Do not transfer parent-sample composition without subsample-specific verification,rock,basalt,diabase (terrestrial analogue); ilmenite microgabbro similar to Apollo 11 (Chao),https://www.lpi.usra.edu/lunar/samples/atlas/detail/?mission=Apollo%2012&sample=12063,,yes
c2ls140,LS-BWD-140,62231.58 bulk 125-250 um,"62231,58",62231,62231,subsample_or_fraction,"RELAB material 62231.58 bulk 125-250 um linked only to Atlas parent page 62231; composition of this subsample, size fraction, mineral separate, or preparation is not implied",Do not transfer parent-sample composition without subsample-specific verification,rake,soil,,https://www.lpi.usra.edu/lunar/samples/atlas/detail/?mission=Apollo%2016&sample=62231,,yes
c2ls141,LS-BWD-141,62231.52 agglutinates 125-250 um (hand-picked),"62231,52",62231,62231,subsample_or_fraction,"RELAB material 62231.52 agglutinates 125-250 um (hand-picked) linked only to Atlas parent page 62231; composition of this subsample, size fraction, mineral separate, or preparation is not implied",Do not transfer parent-sample composition without subsample-specific verification,rake,soil,,https://www.lpi.usra.edu/lunar/samples/atlas/detail/?mission=Apollo%2016&sample=62231,,yes
c2ls142,LS-BWD-142,15041 bulk 125-250 um,15041,15041,15041,subsample_or_fraction,"RELAB material 15041 bulk 125-250 um linked only to Atlas parent page 15041; composition of this subsample, size fraction, mineral separate, or preparation is not implied",Do not transfer parent-sample composition without subsample-specific verification,,,,https://www.lpi.usra.edu/lunar/samples/atlas/detail/?mission=Apollo%2015&sample=15041,,yes
c2ls144,LS-BWD-144,61141 bulk 125-250 um,61141,61141,61141,subsample_or_fraction,"RELAB material 61141 bulk 125-250 um linked only to Atlas parent page 61141; composition of this subsample, size fraction, mineral separate, or preparation is not implied",Do not transfer parent-sample composition without subsample-specific verification,,,,https://www.lpi.usra.edu/lunar/samples/atlas/detail/?mission=Apollo%2016&sample=61141,,yes
c2ls145,LS-BWD-145,67461 bulk 125-250 um,67461,67461,67461,subsample_or_fraction,"RELAB material 67461 bulk 125-250 um linked only to Atlas parent page 67461; composition of this subsample, size fraction, mineral separate, or preparation is not implied",Do not transfer parent-sample composition without subsample-specific verification,,soil,"chosen as a ""reference soil"" for the ""lunar highland initiative"" and is not greatly different from other soil samples from North Ray Crater",https://www.lpi.usra.edu/lunar/samples/atlas/detail/?mission=Apollo%2016&sample=67461,,yes
c2ls146,LS-BWD-146,14259 bulk 125-250 um,14259,14259,14259,subsample_or_fraction,"RELAB material 14259 bulk 125-250 um linked only to Atlas parent page 14259; composition of this subsample, size fraction, mineral separate, or preparation is not implied",Do not transfer parent-sample composition without subsample-specific verification,,soil,"This scoop sample is part of the comprehensive sample collected 110 m WNW of LM along with 14165 through 14189, 14250 through 14289, 14298 through 14300, and 14420. All samples were collected from within a 4 m circle drawn by Astronaut Shepard. Astronaut Mitchell reports, ""The number of surface rocks, or rocks compared with the number of surface fines is very small Houston. There's a few boulders lying around and there's a few blocks around some of the craters, but by and large, it's a powdery surface.""",https://www.lpi.usra.edu/lunar/samples/atlas/detail/?mission=Apollo%2014&sample=14259,,yes
c2ls148,LS-BWD-148,62231.52 low agglutinates remnant 125-250 um,"62231,52",62231,62231,subsample_or_fraction,"RELAB material 62231.52 low agglutinates remnant 125-250 um linked only to Atlas parent page 62231; composition of this subsample, size fraction, mineral separate, or preparation is not implied",Do not transfer parent-sample composition without subsample-specific verification,rake,soil,,https://www.lpi.usra.edu/lunar/samples/atlas/detail/?mission=Apollo%2016&sample=62231,,yes
c2ls149,LS-BWD-149,79221 bulk 125-250 um,79221,79221,79221,subsample_or_fraction,"RELAB material 79221 bulk 125-250 um linked only to Atlas parent page 79221; composition of this subsample, size fraction, mineral separate, or preparation is not implied",Do not transfer parent-sample composition without subsample-specific verification,,,,https://www.lpi.usra.edu/lunar/samples/atlas/detail/?mission=Apollo%2017&sample=79221,,yes
c2ls15,LS-CMP-015-G1,"60019,215 Clast G1","60019,215",60019,60019,subsample_or_fraction,"RELAB material 60019,215 Clast G1 linked only to Atlas parent page 60019; composition of this subsample, size fraction, mineral separate, or preparation is not implied",Do not transfer parent-sample composition without subsample-specific verification,rock,breccia,"coherent, medium-gray glassy breccia containing several large, light colored clasts",https://www.lpi.usra.edu/lunar/samples/atlas/detail/?mission=Apollo%2016&sample=60019,,yes
c2ls150,LS-BWD-150,61141 agglutinates 125-250 um (magnetically-separated and hand-picked),61141,61141,61141,subsample_or_fraction,"RELAB material 61141 agglutinates 125-250 um (magnetically-separated and hand-picked) linked only to Atlas parent page 61141; composition of this subsample, size fraction, mineral separate, or preparation is not implied",Do not transfer parent-sample composition without subsample-specific verification,,,,https://www.lpi.usra.edu/lunar/samples/atlas/detail/?mission=Apollo%2016&sample=61141,,yes
c2ls151,LS-BWD-151,62231.58 agglutinates 125-250 um (magnetically-separated and hand-picked),"62231,58",62231,62231,subsample_or_fraction,"RELAB material 62231.58 agglutinates 125-250 um (magnetically-separated and hand-picked) linked only to Atlas parent page 62231; composition of this subsample, size fraction, mineral separate, or preparation is not implied",Do not transfer parent-sample composition without subsample-specific verification,rake,soil,,https://www.lpi.usra.edu/lunar/samples/atlas/detail/?mission=Apollo%2016&sample=62231,,yes
c2ls152,LS-BWD-152,79221 agglutinates 125-250 um (magnetically-separated and hand-picked),79221,79221,79221,subsample_or_fraction,"RELAB material 79221 agglutinates 125-250 um (magnetically-separated and hand-picked) linked only to Atlas parent page 79221; composition of this subsample, size fraction, mineral separate, or preparation is not implied",Do not transfer parent-sample composition without subsample-specific verification,,,,https://www.lpi.usra.edu/lunar/samples/atlas/detail/?mission=Apollo%2017&sample=79221,,yes
c2ls153,LS-BWD-153,67461 agglutinates 125-250 um (magnetically-separated),67461,67461,67461,subsample_or_fraction,"RELAB material 67461 agglutinates 125-250 um (magnetically-separated) linked only to Atlas parent page 67461; composition of this subsample, size fraction, mineral separate, or preparation is not implied",Do not transfer parent-sample composition without subsample-specific verification,,soil,"chosen as a ""reference soil"" for the ""lunar highland initiative"" and is not greatly different from other soil samples from North Ray Crater",https://www.lpi.usra.edu/lunar/samples/atlas/detail/?mission=Apollo%2016&sample=67461,,yes
c2ls154,LS-BWD-154,14259 low-agglutinate remnant 125-250 um,14259,14259,14259,subsample_or_fraction,"RELAB material 14259 low-agglutinate remnant 125-250 um linked only to Atlas parent page 14259; composition of this subsample, size fraction, mineral separate, or preparation is not implied",Do not transfer parent-sample composition without subsample-specific verification,,soil,"This scoop sample is part of the comprehensive sample collected 110 m WNW of LM along with 14165 through 14189, 14250 through 14289, 14298 through 14300, and 14420. All samples were collected from within a 4 m circle drawn by Astronaut Shepard. Astronaut Mitchell reports, ""The number of surface rocks, or rocks compared with the number of surface fines is very small Houston. There's a few boulders lying around and there's a few blocks around some of the craters, but by and large, it's a powdery surface.""",https://www.lpi.usra.edu/lunar/samples/atlas/detail/?mission=Apollo%2014&sample=14259,,yes
c2ls155,LS-BWD-155,61141 low-agglutinate remnant 125-250 um,61141,61141,61141,subsample_or_fraction,"RELAB material 61141 low-agglutinate remnant 125-250 um linked only to Atlas parent page 61141; composition of this subsample, size fraction, mineral separate, or preparation is not implied",Do not transfer parent-sample composition without subsample-specific verification,,,,https://www.lpi.usra.edu/lunar/samples/atlas/detail/?mission=Apollo%2016&sample=61141,,yes
c2ls156,LS-BWD-156,67461 low-agglutinate remnant 125-250 um,67461,67461,67461,subsample_or_fraction,"RELAB material 67461 low-agglutinate remnant 125-250 um linked only to Atlas parent page 67461; composition of this subsample, size fraction, mineral separate, or preparation is not implied",Do not transfer parent-sample composition without subsample-specific verification,,soil,"chosen as a ""reference soil"" for the ""lunar highland initiative"" and is not greatly different from other soil samples from North Ray Crater",https://www.lpi.usra.edu/lunar/samples/atlas/detail/?mission=Apollo%2016&sample=67461,,yes
c2ls157,LS-BWD-157,79221 low-agglutinate remnant 125-250 um,79221,79221,79221,subsample_or_fraction,"RELAB material 79221 low-agglutinate remnant 125-250 um linked only to Atlas parent page 79221; composition of this subsample, size fraction, mineral separate, or preparation is not implied",Do not transfer parent-sample composition without subsample-specific verification,,,,https://www.lpi.usra.edu/lunar/samples/atlas/detail/?mission=Apollo%2017&sample=79221,,yes
c2ls158,LS-BWD-158,15041 low-agglutinate remnant 125-250 um,15041,15041,15041,subsample_or_fraction,"RELAB material 15041 low-agglutinate remnant 125-250 um linked only to Atlas parent page 15041; composition of this subsample, size fraction, mineral separate, or preparation is not implied",Do not transfer parent-sample composition without subsample-specific verification,,,,https://www.lpi.usra.edu/lunar/samples/atlas/detail/?mission=Apollo%2015&sample=15041,,yes
c2ls159,LS-BWD-159,62231.58 low-agglutinate remnant 125-250 um,"62231,58",62231,62231,subsample_or_fraction,"RELAB material 62231.58 low-agglutinate remnant 125-250 um linked only to Atlas parent page 62231; composition of this subsample, size fraction, mineral separate, or preparation is not implied",Do not transfer parent-sample composition without subsample-specific verification,rake,soil,,https://www.lpi.usra.edu/lunar/samples/atlas/detail/?mission=Apollo%2016&sample=62231,,yes
c2ls16,LS-CMP-016-S2,"60019,215 Spot S2","60019,215",60019,60019,subsample_or_fraction,"RELAB material 60019,215 Spot S2 linked only to Atlas parent page 60019; composition of this subsample, size fraction, mineral separate, or preparation is not implied",Do not transfer parent-sample composition without subsample-specific verification,rock,breccia,"coherent, medium-gray glassy breccia containing several large, light colored clasts",https://www.lpi.usra.edu/lunar/samples/atlas/detail/?mission=Apollo%2016&sample=60019,,yes
c2ls160,LS-BWD-160,14259 agglutinates 125-250 um (magnetically-separated),14259,14259,14259,subsample_or_fraction,"RELAB material 14259 agglutinates 125-250 um (magnetically-separated) linked only to Atlas parent page 14259; composition of this subsample, size fraction, mineral separate, or preparation is not implied",Do not transfer parent-sample composition without subsample-specific verification,,soil,"This scoop sample is part of the comprehensive sample collected 110 m WNW of LM along with 14165 through 14189, 14250 through 14289, 14298 through 14300, and 14420. All samples were collected from within a 4 m circle drawn by Astronaut Shepard. Astronaut Mitchell reports, ""The number of surface rocks, or rocks compared with the number of surface fines is very small Houston. There's a few boulders lying around and there's a few blocks around some of the craters, but by and large, it's a powdery surface.""",https://www.lpi.usra.edu/lunar/samples/atlas/detail/?mission=Apollo%2014&sample=14259,,yes
c2ls162,LS-BWD-162,62231.52 agglutinates 75-125 um (magnetically-separated),"62231,52",62231,62231,subsample_or_fraction,"RELAB material 62231.52 agglutinates 75-125 um (magnetically-separated) linked only to Atlas parent page 62231; composition of this subsample, size fraction, mineral separate, or preparation is not implied",Do not transfer parent-sample composition without subsample-specific verification,rake,soil,,https://www.lpi.usra.edu/lunar/samples/atlas/detail/?mission=Apollo%2016&sample=62231,,yes
c2ls163,LS-BWD-163,62231.52 low-agglutinate remnant 75-125 um (magnetically-separated in Frantz strong-mag bin),"62231,52",62231,62231,subsample_or_fraction,"RELAB material 62231.52 low-agglutinate remnant 75-125 um (magnetically-separated in Frantz strong-mag bin) linked only to Atlas parent page 62231; composition of this subsample, size fraction, mineral separate, or preparation is not implied",Do not transfer parent-sample composition without subsample-specific verification,rake,soil,,https://www.lpi.usra.edu/lunar/samples/atlas/detail/?mission=Apollo%2016&sample=62231,,yes
c2ls164,LS-BWD-164,62231.52 low-agglutinate remnant 75-125 um (magnetically-separated in Frantz weak-mag bin),"62231,52",62231,62231,subsample_or_fraction,"RELAB material 62231.52 low-agglutinate remnant 75-125 um (magnetically-separated in Frantz weak-mag bin) linked only to Atlas parent page 62231; composition of this subsample, size fraction, mineral separate, or preparation is not implied",Do not transfer parent-sample composition without subsample-specific verification,rake,soil,,https://www.lpi.usra.edu/lunar/samples/atlas/detail/?mission=Apollo%2016&sample=62231,,yes
c2ls165,LS-BWD-165,62231.52 bulk 75-125 um (remixed),"62231,52",62231,62231,subsample_or_fraction,"RELAB material 62231.52 bulk 75-125 um (remixed) linked only to Atlas parent page 62231; composition of this subsample, size fraction, mineral separate, or preparation is not implied",Do not transfer parent-sample composition without subsample-specific verification,rake,soil,,https://www.lpi.usra.edu/lunar/samples/atlas/detail/?mission=Apollo%2016&sample=62231,,yes
c2ls18,LS-CMP-018,"73217,78","73217,78",73217,73217,subsample_or_fraction,"RELAB material 73217,78 linked only to Atlas parent page 73217; composition of this subsample, size fraction, mineral separate, or preparation is not implied",Do not transfer parent-sample composition without subsample-specific verification,rock,impact melt breccia,"Impact Melt Breccia, bulk groundmass may be the low-K Fra Mauro basalt composition common at the Apollo 17 landing site,",https://www.lpi.usra.edu/lunar/samples/atlas/detail/?mission=Apollo%2017&sample=73217,,yes
c2ls20,LS-CMP-020-M2,"76255,72","76255,72",76255,76255,subsample_or_fraction,"RELAB material 76255,72 linked only to Atlas parent page 76255; composition of this subsample, size fraction, mineral separate, or preparation is not implied",Do not transfer parent-sample composition without subsample-specific verification,rock,impact melt breccia,Banded Impact Melt Breccia; has large clast of crushed norite,https://www.lpi.usra.edu/lunar/samples/atlas/detail/?mission=Apollo%2017&sample=76255,,yes
c2ls22,LS-CMP-022-2,"60035,21 thin section Spot 2","60035,21",60035,60035,subsample_or_fraction,"RELAB material 60035,21 thin section Spot 2 linked only to Atlas parent page 60035; composition of this subsample, size fraction, mineral separate, or preparation is not implied",Do not transfer parent-sample composition without subsample-specific verification,,breccia,"fine-grained, clast-rich, polymict breccia made up of clasts of ferroan anorthosite, troctolite, troctolitic anorthosite and noritic anorthosite. To date, it remains poorly characterized, and requires further study. Recently, it was dated at 4.09 ± 0.1 b.y. with an exposure to cosmic radiation for about 6 m.y.",https://www.lpi.usra.edu/lunar/samples/atlas/detail/?mission=Apollo%2016&sample=60035,,yes
c2ls25,LS-CMP-025,"67455,106","67455,106",67455,67455,subsample_or_fraction,"RELAB material 67455,106 linked only to Atlas parent page 67455; composition of this subsample, size fraction, mineral separate, or preparation is not implied",Do not transfer parent-sample composition without subsample-specific verification,rake,breccia,"very friable, white polymict feldspathic breccia",https://www.lpi.usra.edu/lunar/samples/atlas/detail/?mission=Apollo%2016&sample=67455,,yes
c2ls26,LS-CMP-026,"60025,125","60025,125",60025,60025,subsample_or_fraction,"RELAB material 60025,125 linked only to Atlas parent page 60025; composition of this subsample, size fraction, mineral separate, or preparation is not implied",Do not transfer parent-sample composition without subsample-specific verification,rock,anorthite,"Coarse-grained, moderately shocked, pristine cataclastic ferroan anorthosite",https://www.lpi.usra.edu/lunar/samples/atlas/detail/?mission=Apollo%2016&sample=60025,,yes
c2ls27,LS-CMP-027,"15415,15","15415,15",15415,15415,subsample_or_fraction,"RELAB material 15415,15 linked only to Atlas parent page 15415; composition of this subsample, size fraction, mineral separate, or preparation is not implied",Do not transfer parent-sample composition without subsample-specific verification,rock,anorthite,"Anorthite. Corse-grained, ferroan crystalline rock with complex cataclastic and metamorphic history. Pale, blocky, angular to subrounded sample, which was originally partly dust-covered.",https://www.lpi.usra.edu/lunar/samples/atlas/detail/?mission=Apollo%2015&sample=15415,,yes
c2ls28,LS-CMP-028,"76015,191","76015,191",76015,76015,subsample_or_fraction,"RELAB material 76015,191 linked only to Atlas parent page 76015; composition of this subsample, size fraction, mineral separate, or preparation is not implied",Do not transfer parent-sample composition without subsample-specific verification,rock,impact melt breccia,Vesicular Micropoikilitic Impact Melt Breccia; chipped off top corner of Block 5 of big boulder at Station 6; summarized by Spudis/Ryder (1981) that boulder is from the melt sheet or ejecta blanket from the Serenitatus impact event,https://www.lpi.usra.edu/lunar/samples/atlas/detail/?mission=Apollo%2017&sample=76015,,yes
c2ls29,LS-CMP-029,"73155,53","73155,53",73155,73155,subsample_or_fraction,"RELAB material 73155,53 linked only to Atlas parent page 73155; composition of this subsample, size fraction, mineral separate, or preparation is not implied",Do not transfer parent-sample composition without subsample-specific verification,rock,impact melt breccia,"Impact Melt Breccia, medium dark gray (N4) in color, rather heterogeneous",https://www.lpi.usra.edu/lunar/samples/atlas/detail/?mission=Apollo%2017&sample=73155,,yes
c2ls30,LS-CMP-030,"62231,14","62231,14",62231,62231,subsample_or_fraction,"RELAB material 62231,14 linked only to Atlas parent page 62231; composition of this subsample, size fraction, mineral separate, or preparation is not implied",Do not transfer parent-sample composition without subsample-specific verification,rake,soil,,https://www.lpi.usra.edu/lunar/samples/atlas/detail/?mission=Apollo%2016&sample=62231,,yes
c2ls34,LS-CMP-034,"12002,440","12002,440",12002,12002,subsample_or_fraction,"RELAB material 12002,440 linked only to Atlas parent page 12002; composition of this subsample, size fraction, mineral separate, or preparation is not implied",Do not transfer parent-sample composition without subsample-specific verification,rock,basalt,,https://www.lpi.usra.edu/lunar/samples/atlas/detail/?mission=Apollo%2012&sample=12002,,yes
c2ls35,LS-CMP-035,"77075,141","77075,141",77075,77075,subsample_or_fraction,"RELAB material 77075,141 linked only to Atlas parent page 77075; composition of this subsample, size fraction, mineral separate, or preparation is not implied",Do not transfer parent-sample composition without subsample-specific verification,rock,norite,Impact Melt Dike in Cataclastic Norite,https://www.lpi.usra.edu/lunar/samples/atlas/detail/?mission=Apollo%2017&sample=77075,,yes
c2ls39,LS-CMP-039,"72435,77","72435,77",72435,72435,subsample_or_fraction,"RELAB material 72435,77 linked only to Atlas parent page 72435; composition of this subsample, size fraction, mineral separate, or preparation is not implied",Do not transfer parent-sample composition without subsample-specific verification,rock,impact melt breccia,"Micropoikilitic Impact Melt Breccia, can be assumed to have formed during the Serenitatis event, has major and trace element chemistry similar to other Apollo 17 low-K Fra Mauro impacat melts",https://www.lpi.usra.edu/lunar/samples/atlas/detail/?mission=Apollo%2017&sample=72435,,yes
c2ls45,LS-CMP-045,"10084,1776","10084,1776",10084,10084,subsample_or_fraction,"RELAB material 10084,1776 linked only to Atlas parent page 10084; composition of this subsample, size fraction, mineral separate, or preparation is not implied",Do not transfer parent-sample composition without subsample-specific verification,soil-general,,"The contingency sample was taken in front of quad IV of the LM. The documented sample was collected 5 meters north of the LM, the bulk sample was collected in front of quad IV by pouring scoops of loose soil to fill the voids left between rock samples in the bulk sample container. 10084 is the bulk soil sample. Soil is fine grained and hard in this sample area. There are few fragments and it is difficult to scoop deeper than 5 cm below the surface.",https://www.lpi.usra.edu/lunar/samples/atlas/detail/?mission=Apollo%2011&sample=10084,,yes
c2ls51,LS-CMP-051,"79221,91","79221,91",79221,79221,subsample_or_fraction,"RELAB material 79221,91 linked only to Atlas parent page 79221; composition of this subsample, size fraction, mineral separate, or preparation is not implied",Do not transfer parent-sample composition without subsample-specific verification,,,,https://www.lpi.usra.edu/lunar/samples/atlas/detail/?mission=Apollo%2017&sample=79221,,yes
c2ls53,LS-CMP-053,"71501,5","71501,5",71501,71501,subsample_or_fraction,"RELAB material 71501,5 linked only to Atlas parent page 71501; composition of this subsample, size fraction, mineral separate, or preparation is not implied",Do not transfer parent-sample composition without subsample-specific verification,,,,https://www.lpi.usra.edu/lunar/samples/atlas/detail/?mission=Apollo%2017&sample=71501,,yes
c2ls57,LS-CMP-057,"68501,601 bulk","68501,601",68501,68501,subsample_or_fraction,"RELAB material 68501,601 bulk linked only to Atlas parent page 68501; composition of this subsample, size fraction, mineral separate, or preparation is not implied",Do not transfer parent-sample composition without subsample-specific verification,rake,soil,,https://www.lpi.usra.edu/lunar/samples/atlas/detail/?mission=Apollo%2016&sample=68501,,yes
c2ls62,LS-CMP-062,"12024,59","12024,59",12024,12024,subsample_or_fraction,"RELAB material 12024,59 linked only to Atlas parent page 12024; composition of this subsample, size fraction, mineral separate, or preparation is not implied",Do not transfer parent-sample composition without subsample-specific verification,,,,https://www.lpi.usra.edu/lunar/samples/atlas/detail/?mission=Apollo%2012&sample=12024,,yes
c2ls76,LS-CMP-076,"12030,132","12030,132",12030,12030,subsample_or_fraction,"RELAB material 12030,132 linked only to Atlas parent page 12030; composition of this subsample, size fraction, mineral separate, or preparation is not implied",Do not transfer parent-sample composition without subsample-specific verification,,,,https://www.lpi.usra.edu/lunar/samples/atlas/detail/?mission=Apollo%2012&sample=12030,,yes
c2ls77,LS-CMP-077,"76215,113","76215,113",76215,76215,subsample_or_fraction,"RELAB material 76215,113 linked only to Atlas parent page 76215; composition of this subsample, size fraction, mineral separate, or preparation is not implied",Do not transfer parent-sample composition without subsample-specific verification,rock,impact melt breccia,Vesicular Micropoikilitic Impact Melt Breccia,https://www.lpi.usra.edu/lunar/samples/atlas/detail/?mission=Apollo%2017&sample=76215,,yes
c2ls78,LS-CMP-078,"12023,136","12023,136",12023,12023,subsample_or_fraction,"RELAB material 12023,136 linked only to Atlas parent page 12023; composition of this subsample, size fraction, mineral separate, or preparation is not implied",Do not transfer parent-sample composition without subsample-specific verification,,soil,Trench sample 12023 (collected at a depth of 20 cm) was collected from the east rim of the 20 meter Sharp crater. The rim material is softer and lighter in ccolor than the surrounding material.,https://www.lpi.usra.edu/lunar/samples/atlas/detail/?mission=Apollo%2012&sample=12023,,yes
c2ls79,LS-CMP-079,"76295,123","76295,123",76295,76295,subsample_or_fraction,"RELAB material 76295,123 linked only to Atlas parent page 76295; composition of this subsample, size fraction, mineral separate, or preparation is not implied",Do not transfer parent-sample composition without subsample-specific verification,rock,impact melt breccia,Impact Melt Breccia,https://www.lpi.usra.edu/lunar/samples/atlas/detail/?mission=Apollo%2017&sample=76295,,yes
c2ls81,LS-CMP-081,"67941,69","67941,69",67941,67941,subsample_or_fraction,"RELAB material 67941,69 linked only to Atlas parent page 67941; composition of this subsample, size fraction, mineral separate, or preparation is not implied",Do not transfer parent-sample composition without subsample-specific verification,,soil,immature soils from the rim of fresh North Ray Crater. House Rock and other samples of North Ray Crater are breccias,https://www.lpi.usra.edu/lunar/samples/atlas/detail/?mission=Apollo%2016&sample=67941,,yes
c2ls83,LS-CMP-083,"61141,71","61141,71",61141,61141,subsample_or_fraction,"RELAB material 61141,71 linked only to Atlas parent page 61141; composition of this subsample, size fraction, mineral separate, or preparation is not implied",Do not transfer parent-sample composition without subsample-specific verification,,,,https://www.lpi.usra.edu/lunar/samples/atlas/detail/?mission=Apollo%2016&sample=61141,,yes
c2ls88,LS-CMP-088,"12032,354","12032,354",12032,12032,subsample_or_fraction,"RELAB material 12032,354 linked only to Atlas parent page 12032; composition of this subsample, size fraction, mineral separate, or preparation is not implied",Do not transfer parent-sample composition without subsample-specific verification,soil-general,,"Surface soil 12032, along with several rocks were collected from the north rim of Bench crater. It includes some light gray material from just below the surace. Soil collected with ""potato"" rock 12053.",https://www.lpi.usra.edu/lunar/samples/atlas/detail/?mission=Apollo%2012&sample=12032,,yes
c2ls89,LS-CMP-089,"67095,108","67095,108",67095,67095,subsample_or_fraction,"RELAB material 67095,108 linked only to Atlas parent page 67095; composition of this subsample, size fraction, mineral separate, or preparation is not implied",Do not transfer parent-sample composition without subsample-specific verification,,impact melt breccia,"a glass-coated basaltic impact melt or ""bomb"" that has not been dated.",https://www.lpi.usra.edu/lunar/samples/atlas/detail/?mission=Apollo%2016&sample=67095,,yes
c2ls90,LS-CMP-090,"67936,29","67936,29",67936,67936,subsample_or_fraction,"RELAB material 67936,29 linked only to Atlas parent page 67936; composition of this subsample, size fraction, mineral separate, or preparation is not implied",Do not transfer parent-sample composition without subsample-specific verification,rock,basalt,"thin veins of black glass, texture of fine-grained subophitic basalt",https://www.lpi.usra.edu/lunar/samples/atlas/detail/?mission=Apollo%2016&sample=67936,,yes
c2ls92,LS-CMP-092,"76055,78","76055,78",76055,76055,subsample_or_fraction,"RELAB material 76055,78 linked only to Atlas parent page 76055; composition of this subsample, size fraction, mineral separate, or preparation is not implied",Do not transfer parent-sample composition without subsample-specific verification,rock,impact melt breccia,Impact Melt Breccia; appears to be older than Station 6 Boulder and other Serenitatus impact melts; may be a separate sample of Serenitatus melt sheet from high on North Massif.,https://www.lpi.usra.edu/lunar/samples/atlas/detail/?mission=Apollo%2017&sample=76055,,yes
c2ls93,LS-CMP-093,"12033,604","12033,604",12033,12033,subsample_or_fraction,"RELAB material 12033,604 linked only to Atlas parent page 12033; composition of this subsample, size fraction, mineral separate, or preparation is not implied",Do not transfer parent-sample composition without subsample-specific verification,soil-general,,"Trench sample 12033 was collected 15 cm below the surface, 15 meters from the northwest rim of Head Crater near 12031. The trench bottom is lighter in color than the surface materials. Astronauts noticed more large blocks on the west side of Bench crater than on the east.",https://www.lpi.usra.edu/lunar/samples/atlas/detail/?mission=Apollo%2012&sample=12033,,yes
c2ls94,LS-CMP-094,"68,815,384","68815,384",68815,68815,subsample_or_fraction,"RELAB material 68,815,384 linked only to Atlas parent page 68815; composition of this subsample, size fraction, mineral separate, or preparation is not implied",Do not transfer parent-sample composition without subsample-specific verification,rock,breccia,outer surface covered with zap pits; the broken surface contains large vugs and vesicles. 68815 is one of the samples that date the age of South Ray Crater (Drozd et al. 1974; Pepin et al. 1974) and is said to have had a simple exposure history.,https://www.lpi.usra.edu/lunar/samples/atlas/detail/?mission=Apollo%2016&sample=68815,,yes
c2ls95,LS-CMP-095,"67475,219","67475,219",67475,67475,subsample_or_fraction,"RELAB material 67475,219 linked only to Atlas parent page 67475; composition of this subsample, size fraction, mineral separate, or preparation is not implied",Do not transfer parent-sample composition without subsample-specific verification,rake,breccia,"a tough purplish-grey, glassy breccia",https://www.lpi.usra.edu/lunar/samples/atlas/detail/?mission=Apollo%2016&sample=67475,,yes
c2ls96,LS-CMP-096,"15445,261","15445,261",15445,15445,subsample_or_fraction,"RELAB material 15445,261 linked only to Atlas parent page 15445; composition of this subsample, size fraction, mineral separate, or preparation is not implied",Do not transfer parent-sample composition without subsample-specific verification,,breccia,This sample and its close companion (15455) are thought to be ejecta from the Imbrium Basin. Their exposure ages (~200 m.y.) may help date the age of Spur Crater where they were found.,https://www.lpi.usra.edu/lunar/samples/atlas/detail/?mission=Apollo%2015&sample=15445,,yes
c2ls97,LS-CMP-097,"64,455,128","64455,128",64455,64455,subsample_or_fraction,"RELAB material 64,455,128 linked only to Atlas parent page 64455; composition of this subsample, size fraction, mineral separate, or preparation is not implied",Do not transfer parent-sample composition without subsample-specific verification,,impact melt breccia,egg-shaped object about 5 cm long and 3 cm across almost completely covered with thick black glass,https://www.lpi.usra.edu/lunar/samples/atlas/detail/?mission=Apollo%2016&sample=64455,,yes
c2ls98,LS-CMP-098,"78235,31","78235,31",78235,78235,subsample_or_fraction,"RELAB material 78235,31 linked only to Atlas parent page 78235; composition of this subsample, size fraction, mineral separate, or preparation is not implied",Do not transfer parent-sample composition without subsample-specific verification,rock,norite,Shocked Norite,https://www.lpi.usra.edu/lunar/samples/atlas/detail/?mission=Apollo%2017&sample=78235,,yes
c2lu05,LU-CMP-005-2,2014 200-900 um,,,,non_apollo,RELAB identifies this as a non-Apollo lunar sample; Apollo Atlas matching is not applicable,Outside the Apollo Atlas crosswalk,,,,,,no
c2lu06,LU-CMP-006-2,Luna 16 soil 1637 100-250 um,,,,non_apollo,RELAB identifies this as a non-Apollo lunar sample; Apollo Atlas matching is not applicable,Outside the Apollo Atlas crosswalk,,,,,,no
c2lu07,LU-CMP-007-2,2014 Luna 20 soil 250-1000 um,,,,non_apollo,RELAB identifies this as a non-Apollo lunar sample; Apollo Atlas matching is not applicable,Outside the Apollo Atlas crosswalk,,,,,,no
c31l15,LS-CMP-015-G5,"60019,215 Clast G5","60019,215",60019,60019,subsample_or_fraction,"RELAB material 60019,215 Clast G5 linked only to Atlas parent page 60019; composition of this subsample, size fraction, mineral separate, or preparation is not implied",Do not transfer parent-sample composition without subsample-specific verification,rock,breccia,"coherent, medium-gray glassy breccia containing several large, light colored clasts",https://www.lpi.usra.edu/lunar/samples/atlas/detail/?mission=Apollo%2016&sample=60019,,yes
c32l15,LS-CMP-015-G5,"60019,215 Clast G5","60019,215",60019,60019,subsample_or_fraction,"RELAB material 60019,215 Clast G5 linked only to Atlas parent page 60019; composition of this subsample, size fraction, mineral separate, or preparation is not implied",Do not transfer parent-sample composition without subsample-specific verification,rock,breccia,"coherent, medium-gray glassy breccia containing several large, light colored clasts",https://www.lpi.usra.edu/lunar/samples/atlas/detail/?mission=Apollo%2016&sample=60019,,yes
c3gl15,LS-CMP-015-G3,"60019,215 Clast G3","60019,215",60019,60019,subsample_or_fraction,"RELAB material 60019,215 Clast G3 linked only to Atlas parent page 60019; composition of this subsample, size fraction, mineral separate, or preparation is not implied",Do not transfer parent-sample composition without subsample-specific verification,rock,breccia,"coherent, medium-gray glassy breccia containing several large, light colored clasts",https://www.lpi.usra.edu/lunar/samples/atlas/detail/?mission=Apollo%2016&sample=60019,,yes
c3lr01,LR-CMP-001,"67627,13","67627,13",67627,67627,subsample_or_fraction,"RELAB material 67627,13 linked only to Atlas parent page 67627; composition of this subsample, size fraction, mineral separate, or preparation is not implied",Do not transfer parent-sample composition without subsample-specific verification,rake,breccia,glass-cemented aggregates,https://www.lpi.usra.edu/lunar/samples/atlas/detail/?mission=Apollo%2016&sample=67627,,yes
c3lr02,LR-CMP-002,"67627,17","67627,17",67627,67627,subsample_or_fraction,"RELAB material 67627,17 linked only to Atlas parent page 67627; composition of this subsample, size fraction, mineral separate, or preparation is not implied",Do not transfer parent-sample composition without subsample-specific verification,rake,breccia,glass-cemented aggregates,https://www.lpi.usra.edu/lunar/samples/atlas/detail/?mission=Apollo%2016&sample=67627,,yes
c3lr03,LR-CMP-003,"69935,87","69935,87",69935,69935,subsample_or_fraction,"RELAB material 69935,87 linked only to Atlas parent page 69935; composition of this subsample, size fraction, mineral separate, or preparation is not implied",Do not transfer parent-sample composition without subsample-specific verification,,breccia,apparently a polymict breccia that is texturally inhomogeneous and has a large white clast,https://www.lpi.usra.edu/lunar/samples/atlas/detail/?mission=Apollo%2016&sample=69935,,yes
c3lr04,LR-CMP-004,"69935,88","69935,88",69935,69935,subsample_or_fraction,"RELAB material 69935,88 linked only to Atlas parent page 69935; composition of this subsample, size fraction, mineral separate, or preparation is not implied",Do not transfer parent-sample composition without subsample-specific verification,,breccia,apparently a polymict breccia that is texturally inhomogeneous and has a large white clast,https://www.lpi.usra.edu/lunar/samples/atlas/detail/?mission=Apollo%2016&sample=69935,,yes
c3lr12,LR-CMP-012,"15041,210","15041,210",15041,15041,subsample_or_fraction,"RELAB material 15041,210 linked only to Atlas parent page 15041; composition of this subsample, size fraction, mineral separate, or preparation is not implied",Do not transfer parent-sample composition without subsample-specific verification,,,,https://www.lpi.usra.edu/lunar/samples/atlas/detail/?mission=Apollo%2015&sample=15041,,yes
c3lr15,LR-CMP-015,"10084,1946","10084,1946",10084,10084,subsample_or_fraction,"RELAB material 10084,1946 linked only to Atlas parent page 10084; composition of this subsample, size fraction, mineral separate, or preparation is not implied",Do not transfer parent-sample composition without subsample-specific verification,soil-general,,"The contingency sample was taken in front of quad IV of the LM. The documented sample was collected 5 meters north of the LM, the bulk sample was collected in front of quad IV by pouring scoops of loose soil to fill the voids left between rock samples in the bulk sample container. 10084 is the bulk soil sample. Soil is fine grained and hard in this sample area. There are few fragments and it is difficult to scoop deeper than 5 cm below the surface.",https://www.lpi.usra.edu/lunar/samples/atlas/detail/?mission=Apollo%2011&sample=10084,,yes
c3lr16,LR-CMP-016,"10084,1947","10084,1947",10084,10084,subsample_or_fraction,"RELAB material 10084,1947 linked only to Atlas parent page 10084; composition of this subsample, size fraction, mineral separate, or preparation is not implied",Do not transfer parent-sample composition without subsample-specific verification,soil-general,,"The contingency sample was taken in front of quad IV of the LM. The documented sample was collected 5 meters north of the LM, the bulk sample was collected in front of quad IV by pouring scoops of loose soil to fill the voids left between rock samples in the bulk sample container. 10084 is the bulk soil sample. Soil is fine grained and hard in this sample area. There are few fragments and it is difficult to scoop deeper than 5 cm below the surface.",https://www.lpi.usra.edu/lunar/samples/atlas/detail/?mission=Apollo%2011&sample=10084,,yes
c3lr17,LR-CMP-017,"79221,103","79221,103",79221,79221,subsample_or_fraction,"RELAB material 79221,103 linked only to Atlas parent page 79221; composition of this subsample, size fraction, mineral separate, or preparation is not implied",Do not transfer parent-sample composition without subsample-specific verification,,,,https://www.lpi.usra.edu/lunar/samples/atlas/detail/?mission=Apollo%2017&sample=79221,,yes
c3lr18,LR-CMP-018,"79221,104","79221,104",79221,79221,subsample_or_fraction,"RELAB material 79221,104 linked only to Atlas parent page 79221; composition of this subsample, size fraction, mineral separate, or preparation is not implied",Do not transfer parent-sample composition without subsample-specific verification,,,,https://www.lpi.usra.edu/lunar/samples/atlas/detail/?mission=Apollo%2017&sample=79221,,yes
c3lr52,LR-CMP-052,"15401,136","15401,136",15401,15401,subsample_or_fraction,"RELAB material 15401,136 linked only to Atlas parent page 15401; composition of this subsample, size fraction, mineral separate, or preparation is not implied",Do not transfer parent-sample composition without subsample-specific verification,,soil,is very immature and it has an unusual grain size distribution weight towards large particles. The average grain size distribution of 15401 is 89 microns.,https://www.lpi.usra.edu/lunar/samples/atlas/detail/?mission=Apollo%2015&sample=15401,,yes
c3lr57,LR-CMP-057,"71061,158","71061,158",71061,71061,subsample_or_fraction,"RELAB material 71061,158 linked only to Atlas parent page 71061; composition of this subsample, size fraction, mineral separate, or preparation is not implied",Do not transfer parent-sample composition without subsample-specific verification,,,,https://www.lpi.usra.edu/lunar/samples/atlas/detail/?mission=Apollo%2017&sample=71061,,yes
c3ls02,LS-CMP-002,"15555,799","15555,799",15555,15555,subsample_or_fraction,"RELAB material 15555,799 linked only to Atlas parent page 15555; composition of this subsample, size fraction, mineral separate, or preparation is not implied",Do not transfer parent-sample composition without subsample-specific verification,,basalt,"(""Great Scott"") is both the largest and the most intensively studied of the Apollo 15 rocks. It is a medium-grained olivine basalt, with a few percent small vugs. It is probably very close to a liquid composition, i.e., it contains few, if any, accumulated crystals. It crystallized ~3.3 b.y. ago. Unlike other nearby rocks, 15555 was not dust-coated. It is generally tough, but many exterior chips fell off during earth transit and many of these pieces are friable. It is sub-rounded and blocky, with many zap pits.",https://www.lpi.usra.edu/lunar/samples/atlas/detail/?mission=Apollo%2015&sample=15555,,yes
c3ls05,LS-CMP-005-C,"72415,64 olivine separate <45 um","72415,64",72415,72415,subsample_or_fraction,"RELAB material 72415,64 olivine separate <45 um linked only to Atlas parent page 72415; composition of this subsample, size fraction, mineral separate, or preparation is not implied",Do not transfer parent-sample composition without subsample-specific verification,rock,dunite,"Cataclastic dunite, homogeneous",https://www.lpi.usra.edu/lunar/samples/atlas/detail/?mission=Apollo%2017&sample=72415,,yes
c3ls08,LS-CMP-008-MR,"60019,215 E2","60019,215",60019,60019,subsample_or_fraction,"RELAB material 60019,215 E2 linked only to Atlas parent page 60019; composition of this subsample, size fraction, mineral separate, or preparation is not implied",Do not transfer parent-sample composition without subsample-specific verification,rock,breccia,"coherent, medium-gray glassy breccia containing several large, light colored clasts",https://www.lpi.usra.edu/lunar/samples/atlas/detail/?mission=Apollo%2016&sample=60019,,yes
c3ls09,LS-CMP-009,"12063,199","12063,199",12063,12063,subsample_or_fraction,"RELAB material 12063,199 linked only to Atlas parent page 12063; composition of this subsample, size fraction, mineral separate, or preparation is not implied",Do not transfer parent-sample composition without subsample-specific verification,rock,basalt,diabase (terrestrial analogue); ilmenite microgabbro similar to Apollo 11 (Chao),https://www.lpi.usra.edu/lunar/samples/atlas/detail/?mission=Apollo%2012&sample=12063,,yes
c3ls11,LS-CMP-011,"15415,60","15415,60",15415,15415,subsample_or_fraction,"RELAB material 15415,60 linked only to Atlas parent page 15415; composition of this subsample, size fraction, mineral separate, or preparation is not implied",Do not transfer parent-sample composition without subsample-specific verification,rock,anorthite,"Anorthite. Corse-grained, ferroan crystalline rock with complex cataclastic and metamorphic history. Pale, blocky, angular to subrounded sample, which was originally partly dust-covered.",https://www.lpi.usra.edu/lunar/samples/atlas/detail/?mission=Apollo%2015&sample=15415,,yes
c3ls13,LS-CMP-013,"72415,58","72415,58",72415,72415,subsample_or_fraction,"RELAB material 72415,58 linked only to Atlas parent page 72415; composition of this subsample, size fraction, mineral separate, or preparation is not implied",Do not transfer parent-sample composition without subsample-specific verification,rock,dunite,"Cataclastic dunite, homogeneous",https://www.lpi.usra.edu/lunar/samples/atlas/detail/?mission=Apollo%2017&sample=72415,,yes
c3ls140,LS-BWD-140,62231.58 bulk 125-250 um,"62231,58",62231,62231,subsample_or_fraction,"RELAB material 62231.58 bulk 125-250 um linked only to Atlas parent page 62231; composition of this subsample, size fraction, mineral separate, or preparation is not implied",Do not transfer parent-sample composition without subsample-specific verification,rake,soil,,https://www.lpi.usra.edu/lunar/samples/atlas/detail/?mission=Apollo%2016&sample=62231,,yes
c3ls141,LS-BWD-141,62231.52 agglutinates 125-250 um (hand-picked),"62231,52",62231,62231,subsample_or_fraction,"RELAB material 62231.52 agglutinates 125-250 um (hand-picked) linked only to Atlas parent page 62231; composition of this subsample, size fraction, mineral separate, or preparation is not implied",Do not transfer parent-sample composition without subsample-specific verification,rake,soil,,https://www.lpi.usra.edu/lunar/samples/atlas/detail/?mission=Apollo%2016&sample=62231,,yes
c3ls142,LS-BWD-142,15041 bulk 125-250 um,15041,15041,15041,subsample_or_fraction,"RELAB material 15041 bulk 125-250 um linked only to Atlas parent page 15041; composition of this subsample, size fraction, mineral separate, or preparation is not implied",Do not transfer parent-sample composition without subsample-specific verification,,,,https://www.lpi.usra.edu/lunar/samples/atlas/detail/?mission=Apollo%2015&sample=15041,,yes
c3ls145,LS-BWD-145,67461 bulk 125-250 um,67461,67461,67461,subsample_or_fraction,"RELAB material 67461 bulk 125-250 um linked only to Atlas parent page 67461; composition of this subsample, size fraction, mineral separate, or preparation is not implied",Do not transfer parent-sample composition without subsample-specific verification,,soil,"chosen as a ""reference soil"" for the ""lunar highland initiative"" and is not greatly different from other soil samples from North Ray Crater",https://www.lpi.usra.edu/lunar/samples/atlas/detail/?mission=Apollo%2016&sample=67461,,yes
c3ls146,LS-BWD-146,14259 bulk 125-250 um,14259,14259,14259,subsample_or_fraction,"RELAB material 14259 bulk 125-250 um linked only to Atlas parent page 14259; composition of this subsample, size fraction, mineral separate, or preparation is not implied",Do not transfer parent-sample composition without subsample-specific verification,,soil,"This scoop sample is part of the comprehensive sample collected 110 m WNW of LM along with 14165 through 14189, 14250 through 14289, 14298 through 14300, and 14420. All samples were collected from within a 4 m circle drawn by Astronaut Shepard. Astronaut Mitchell reports, ""The number of surface rocks, or rocks compared with the number of surface fines is very small Houston. There's a few boulders lying around and there's a few blocks around some of the craters, but by and large, it's a powdery surface.""",https://www.lpi.usra.edu/lunar/samples/atlas/detail/?mission=Apollo%2014&sample=14259,,yes
c3ls149,LS-BWD-149,79221 bulk 125-250 um,79221,79221,79221,subsample_or_fraction,"RELAB material 79221 bulk 125-250 um linked only to Atlas parent page 79221; composition of this subsample, size fraction, mineral separate, or preparation is not implied",Do not transfer parent-sample composition without subsample-specific verification,,,,https://www.lpi.usra.edu/lunar/samples/atlas/detail/?mission=Apollo%2017&sample=79221,,yes
c3ls15,LS-CMP-015-G1,"60019,215 Clast G1","60019,215",60019,60019,subsample_or_fraction,"RELAB material 60019,215 Clast G1 linked only to Atlas parent page 60019; composition of this subsample, size fraction, mineral separate, or preparation is not implied",Do not transfer parent-sample composition without subsample-specific verification,rock,breccia,"coherent, medium-gray glassy breccia containing several large, light colored clasts",https://www.lpi.usra.edu/lunar/samples/atlas/detail/?mission=Apollo%2016&sample=60019,,yes
c3ls151,LS-BWD-151,62231.58 agglutinates 125-250 um (magnetically-separated and hand-picked),"62231,58",62231,62231,subsample_or_fraction,"RELAB material 62231.58 agglutinates 125-250 um (magnetically-separated and hand-picked) linked only to Atlas parent page 62231; composition of this subsample, size fraction, mineral separate, or preparation is not implied",Do not transfer parent-sample composition without subsample-specific verification,rake,soil,,https://www.lpi.usra.edu/lunar/samples/atlas/detail/?mission=Apollo%2016&sample=62231,,yes
c3ls152,LS-BWD-152,79221 agglutinates 125-250 um (magnetically-separated and hand-picked),79221,79221,79221,subsample_or_fraction,"RELAB material 79221 agglutinates 125-250 um (magnetically-separated and hand-picked) linked only to Atlas parent page 79221; composition of this subsample, size fraction, mineral separate, or preparation is not implied",Do not transfer parent-sample composition without subsample-specific verification,,,,https://www.lpi.usra.edu/lunar/samples/atlas/detail/?mission=Apollo%2017&sample=79221,,yes
c3ls154,LS-BWD-154,14259 low-agglutinate remnant 125-250 um,14259,14259,14259,subsample_or_fraction,"RELAB material 14259 low-agglutinate remnant 125-250 um linked only to Atlas parent page 14259; composition of this subsample, size fraction, mineral separate, or preparation is not implied",Do not transfer parent-sample composition without subsample-specific verification,,soil,"This scoop sample is part of the comprehensive sample collected 110 m WNW of LM along with 14165 through 14189, 14250 through 14289, 14298 through 14300, and 14420. All samples were collected from within a 4 m circle drawn by Astronaut Shepard. Astronaut Mitchell reports, ""The number of surface rocks, or rocks compared with the number of surface fines is very small Houston. There's a few boulders lying around and there's a few blocks around some of the craters, but by and large, it's a powdery surface.""",https://www.lpi.usra.edu/lunar/samples/atlas/detail/?mission=Apollo%2014&sample=14259,,yes
c3ls155,LS-BWD-155,61141 low-agglutinate remnant 125-250 um,61141,61141,61141,subsample_or_fraction,"RELAB material 61141 low-agglutinate remnant 125-250 um linked only to Atlas parent page 61141; composition of this subsample, size fraction, mineral separate, or preparation is not implied",Do not transfer parent-sample composition without subsample-specific verification,,,,https://www.lpi.usra.edu/lunar/samples/atlas/detail/?mission=Apollo%2016&sample=61141,,yes
c3ls156,LS-BWD-156,67461 low-agglutinate remnant 125-250 um,67461,67461,67461,subsample_or_fraction,"RELAB material 67461 low-agglutinate remnant 125-250 um linked only to Atlas parent page 67461; composition of this subsample, size fraction, mineral separate, or preparation is not implied",Do not transfer parent-sample composition without subsample-specific verification,,soil,"chosen as a ""reference soil"" for the ""lunar highland initiative"" and is not greatly different from other soil samples from North Ray Crater",https://www.lpi.usra.edu/lunar/samples/atlas/detail/?mission=Apollo%2016&sample=67461,,yes
c3ls157,LS-BWD-157,79221 low-agglutinate remnant 125-250 um,79221,79221,79221,subsample_or_fraction,"RELAB material 79221 low-agglutinate remnant 125-250 um linked only to Atlas parent page 79221; composition of this subsample, size fraction, mineral separate, or preparation is not implied",Do not transfer parent-sample composition without subsample-specific verification,,,,https://www.lpi.usra.edu/lunar/samples/atlas/detail/?mission=Apollo%2017&sample=79221,,yes
c3ls158,LS-BWD-158,15041 low-agglutinate remnant 125-250 um,15041,15041,15041,subsample_or_fraction,"RELAB material 15041 low-agglutinate remnant 125-250 um linked only to Atlas parent page 15041; composition of this subsample, size fraction, mineral separate, or preparation is not implied",Do not transfer parent-sample composition without subsample-specific verification,,,,https://www.lpi.usra.edu/lunar/samples/atlas/detail/?mission=Apollo%2015&sample=15041,,yes
c3ls16,LS-CMP-016-S3,"60019,215 Spot S3","60019,215",60019,60019,subsample_or_fraction,"RELAB material 60019,215 Spot S3 linked only to Atlas parent page 60019; composition of this subsample, size fraction, mineral separate, or preparation is not implied",Do not transfer parent-sample composition without subsample-specific verification,rock,breccia,"coherent, medium-gray glassy breccia containing several large, light colored clasts",https://www.lpi.usra.edu/lunar/samples/atlas/detail/?mission=Apollo%2016&sample=60019,,yes
c3ls20,LS-CMP-020-C1,"76255,72","76255,72",76255,76255,subsample_or_fraction,"RELAB material 76255,72 linked only to Atlas parent page 76255; composition of this subsample, size fraction, mineral separate, or preparation is not implied",Do not transfer parent-sample composition without subsample-specific verification,rock,impact melt breccia,Banded Impact Melt Breccia; has large clast of crushed norite,https://www.lpi.usra.edu/lunar/samples/atlas/detail/?mission=Apollo%2017&sample=76255,,yes
c3ls25,LS-CMP-025,"67455,106","67455,106",67455,67455,subsample_or_fraction,"RELAB material 67455,106 linked only to Atlas parent page 67455; composition of this subsample, size fraction, mineral separate, or preparation is not implied",Do not transfer parent-sample composition without subsample-specific verification,rake,breccia,"very friable, white polymict feldspathic breccia",https://www.lpi.usra.edu/lunar/samples/atlas/detail/?mission=Apollo%2016&sample=67455,,yes
c3ls26,LS-CMP-026,"60025,125","60025,125",60025,60025,subsample_or_fraction,"RELAB material 60025,125 linked only to Atlas parent page 60025; composition of this subsample, size fraction, mineral separate, or preparation is not implied",Do not transfer parent-sample composition without subsample-specific verification,rock,anorthite,"Coarse-grained, moderately shocked, pristine cataclastic ferroan anorthosite",https://www.lpi.usra.edu/lunar/samples/atlas/detail/?mission=Apollo%2016&sample=60025,,yes
c3ls27,LS-CMP-027,"15415,15","15415,15",15415,15415,subsample_or_fraction,"RELAB material 15415,15 linked only to Atlas parent page 15415; composition of this subsample, size fraction, mineral separate, or preparation is not implied",Do not transfer parent-sample composition without subsample-specific verification,rock,anorthite,"Anorthite. Corse-grained, ferroan crystalline rock with complex cataclastic and metamorphic history. Pale, blocky, angular to subrounded sample, which was originally partly dust-covered.",https://www.lpi.usra.edu/lunar/samples/atlas/detail/?mission=Apollo%2015&sample=15415,,yes
c3ls89,LS-CMP-089,"67095,108","67095,108",67095,67095,subsample_or_fraction,"RELAB material 67095,108 linked only to Atlas parent page 67095; composition of this subsample, size fraction, mineral separate, or preparation is not implied",Do not transfer parent-sample composition without subsample-specific verification,,impact melt breccia,"a glass-coated basaltic impact melt or ""bomb"" that has not been dated.",https://www.lpi.usra.edu/lunar/samples/atlas/detail/?mission=Apollo%2016&sample=67095,,yes
c3ls90,LS-CMP-090,"67936,29","67936,29",67936,67936,subsample_or_fraction,"RELAB material 67936,29 linked only to Atlas parent page 67936; composition of this subsample, size fraction, mineral separate, or preparation is not implied",Do not transfer parent-sample composition without subsample-specific verification,rock,basalt,"thin veins of black glass, texture of fine-grained subophitic basalt",https://www.lpi.usra.edu/lunar/samples/atlas/detail/?mission=Apollo%2016&sample=67936,,yes
c3ls97,LS-CMP-097,"64,455,128","64455,128",64455,64455,subsample_or_fraction,"RELAB material 64,455,128 linked only to Atlas parent page 64455; composition of this subsample, size fraction, mineral separate, or preparation is not implied",Do not transfer parent-sample composition without subsample-specific verification,,impact melt breccia,egg-shaped object about 5 cm long and 3 cm across almost completely covered with thick black glass,https://www.lpi.usra.edu/lunar/samples/atlas/detail/?mission=Apollo%2016&sample=64455,,yes
c3lu07,LU-CMP-007-3,2014 Luna 20 soil 100-250 um,,,,non_apollo,RELAB identifies this as a non-Apollo lunar sample; Apollo Atlas matching is not applicable,Outside the Apollo Atlas crosswalk,,,,,,no
c4ls05,LS-CMP-005-C,"72415,64 olivine separate <45 um","72415,64",72415,72415,subsample_or_fraction,"RELAB material 72415,64 olivine separate <45 um linked only to Atlas parent page 72415; composition of this subsample, size fraction, mineral separate, or preparation is not implied",Do not transfer parent-sample composition without subsample-specific verification,rock,dunite,"Cataclastic dunite, homogeneous",https://www.lpi.usra.edu/lunar/samples/atlas/detail/?mission=Apollo%2017&sample=72415,,yes
c4ls07,LS-CMP-007,"60019,214","60019,214",60019,60019,subsample_or_fraction,"RELAB material 60019,214 linked only to Atlas parent page 60019; composition of this subsample, size fraction, mineral separate, or preparation is not implied",Do not transfer parent-sample composition without subsample-specific verification,rock,breccia,"coherent, medium-gray glassy breccia containing several large, light colored clasts",https://www.lpi.usra.edu/lunar/samples/atlas/detail/?mission=Apollo%2016&sample=60019,,yes
c4ls09,LS-CMP-009,"12063,199","12063,199",12063,12063,subsample_or_fraction,"RELAB material 12063,199 linked only to Atlas parent page 12063; composition of this subsample, size fraction, mineral separate, or preparation is not implied",Do not transfer parent-sample composition without subsample-specific verification,rock,basalt,diabase (terrestrial analogue); ilmenite microgabbro similar to Apollo 11 (Chao),https://www.lpi.usra.edu/lunar/samples/atlas/detail/?mission=Apollo%2012&sample=12063,,yes
c4ls20,LS-CMP-020-C2,"76255,72","76255,72",76255,76255,subsample_or_fraction,"RELAB material 76255,72 linked only to Atlas parent page 76255; composition of this subsample, size fraction, mineral separate, or preparation is not implied",Do not transfer parent-sample composition without subsample-specific verification,rock,impact melt breccia,Banded Impact Melt Breccia; has large clast of crushed norite,https://www.lpi.usra.edu/lunar/samples/atlas/detail/?mission=Apollo%2017&sample=76255,,yes
c4ls89,LS-CMP-089,"67095,108","67095,108",67095,67095,subsample_or_fraction,"RELAB material 67095,108 linked only to Atlas parent page 67095; composition of this subsample, size fraction, mineral separate, or preparation is not implied",Do not transfer parent-sample composition without subsample-specific verification,,impact melt breccia,"a glass-coated basaltic impact melt or ""bomb"" that has not been dated.",https://www.lpi.usra.edu/lunar/samples/atlas/detail/?mission=Apollo%2016&sample=67095,,yes
c4ls90,LS-CMP-090,"67936,29","67936,29",67936,67936,subsample_or_fraction,"RELAB material 67936,29 linked only to Atlas parent page 67936; composition of this subsample, size fraction, mineral separate, or preparation is not implied",Do not transfer parent-sample composition without subsample-specific verification,rock,basalt,"thin veins of black glass, texture of fine-grained subophitic basalt",https://www.lpi.usra.edu/lunar/samples/atlas/detail/?mission=Apollo%2016&sample=67936,,yes
c4lu07,LU-CMP-007-4,2014 Luna 20 soil residual after agglutinate separation 100-1000 um,,,,non_apollo,RELAB identifies this as a non-Apollo lunar sample; Apollo Atlas matching is not applicable,Outside the Apollo Atlas crosswalk,,,,,,no
c5ls07,LS-CMP-007,"60019,214","60019,214",60019,60019,subsample_or_fraction,"RELAB material 60019,214 linked only to Atlas parent page 60019; composition of this subsample, size fraction, mineral separate, or preparation is not implied",Do not transfer parent-sample composition without subsample-specific verification,rock,breccia,"coherent, medium-gray glassy breccia containing several large, light colored clasts",https://www.lpi.usra.edu/lunar/samples/atlas/detail/?mission=Apollo%2016&sample=60019,,yes
c5ls08,LS-CMP-008-B,"60019,215 Clast B","60019,215",60019,60019,subsample_or_fraction,"RELAB material 60019,215 Clast B linked only to Atlas parent page 60019; composition of this subsample, size fraction, mineral separate, or preparation is not implied",Do not transfer parent-sample composition without subsample-specific verification,rock,breccia,"coherent, medium-gray glassy breccia containing several large, light colored clasts",https://www.lpi.usra.edu/lunar/samples/atlas/detail/?mission=Apollo%2016&sample=60019,,yes
c5ls15,LS-CMP-015-G5,"60019,215 Clast G5","60019,215",60019,60019,subsample_or_fraction,"RELAB material 60019,215 Clast G5 linked only to Atlas parent page 60019; composition of this subsample, size fraction, mineral separate, or preparation is not implied",Do not transfer parent-sample composition without subsample-specific verification,rock,breccia,"coherent, medium-gray glassy breccia containing several large, light colored clasts",https://www.lpi.usra.edu/lunar/samples/atlas/detail/?mission=Apollo%2016&sample=60019,,yes
c5ls30,LS-CMP-030,"62231,14","62231,14",62231,62231,subsample_or_fraction,"RELAB material 62231,14 linked only to Atlas parent page 62231; composition of this subsample, size fraction, mineral separate, or preparation is not implied",Do not transfer parent-sample composition without subsample-specific verification,rake,soil,,https://www.lpi.usra.edu/lunar/samples/atlas/detail/?mission=Apollo%2016&sample=62231,,yes
c5ls31,LS-CMP-031,"10084,255","10084,255",10084,10084,subsample_or_fraction,"RELAB material 10084,255 linked only to Atlas parent page 10084; composition of this subsample, size fraction, mineral separate, or preparation is not implied",Do not transfer parent-sample composition without subsample-specific verification,soil-general,,"The contingency sample was taken in front of quad IV of the LM. The documented sample was collected 5 meters north of the LM, the bulk sample was collected in front of quad IV by pouring scoops of loose soil to fill the voids left between rock samples in the bulk sample container. 10084 is the bulk soil sample. Soil is fine grained and hard in this sample area. There are few fragments and it is difficult to scoop deeper than 5 cm below the surface.",https://www.lpi.usra.edu/lunar/samples/atlas/detail/?mission=Apollo%2011&sample=10084,,yes
c5ls32,LS-CMP-032,"12070,853","12070,853",12070,12070,subsample_or_fraction,"RELAB material 12070,853 linked only to Atlas parent page 12070; composition of this subsample, size fraction, mineral separate, or preparation is not implied",Do not transfer parent-sample composition without subsample-specific verification,,,,https://www.lpi.usra.edu/lunar/samples/atlas/detail/?mission=Apollo%2012&sample=12070,,yes
c5ls33,LS-CMP-033,"14259,15","14259,15",14259,14259,subsample_or_fraction,"RELAB material 14259,15 linked only to Atlas parent page 14259; composition of this subsample, size fraction, mineral separate, or preparation is not implied",Do not transfer parent-sample composition without subsample-specific verification,,soil,"This scoop sample is part of the comprehensive sample collected 110 m WNW of LM along with 14165 through 14189, 14250 through 14289, 14298 through 14300, and 14420. All samples were collected from within a 4 m circle drawn by Astronaut Shepard. Astronaut Mitchell reports, ""The number of surface rocks, or rocks compared with the number of surface fines is very small Houston. There's a few boulders lying around and there's a few blocks around some of the craters, but by and large, it's a powdery surface.""",https://www.lpi.usra.edu/lunar/samples/atlas/detail/?mission=Apollo%2014&sample=14259,,yes
c6ls01,LS-CMP-001,"15555,798","15555,798",15555,15555,subsample_or_fraction,"RELAB material 15555,798 linked only to Atlas parent page 15555; composition of this subsample, size fraction, mineral separate, or preparation is not implied",Do not transfer parent-sample composition without subsample-specific verification,,basalt,"(""Great Scott"") is both the largest and the most intensively studied of the Apollo 15 rocks. It is a medium-grained olivine basalt, with a few percent small vugs. It is probably very close to a liquid composition, i.e., it contains few, if any, accumulated crystals. It crystallized ~3.3 b.y. ago. Unlike other nearby rocks, 15555 was not dust-coated. It is generally tough, but many exterior chips fell off during earth transit and many of these pieces are friable. It is sub-rounded and blocky, with many zap pits.",https://www.lpi.usra.edu/lunar/samples/atlas/detail/?mission=Apollo%2015&sample=15555,,yes
c6ls02,LS-CMP-002,"15555,799","15555,799",15555,15555,subsample_or_fraction,"RELAB material 15555,799 linked only to Atlas parent page 15555; composition of this subsample, size fraction, mineral separate, or preparation is not implied",Do not transfer parent-sample composition without subsample-specific verification,,basalt,"(""Great Scott"") is both the largest and the most intensively studied of the Apollo 15 rocks. It is a medium-grained olivine basalt, with a few percent small vugs. It is probably very close to a liquid composition, i.e., it contains few, if any, accumulated crystals. It crystallized ~3.3 b.y. ago. Unlike other nearby rocks, 15555 was not dust-coated. It is generally tough, but many exterior chips fell off during earth transit and many of these pieces are friable. It is sub-rounded and blocky, with many zap pits.",https://www.lpi.usra.edu/lunar/samples/atlas/detail/?mission=Apollo%2015&sample=15555,,yes
c6ls07,LS-CMP-007,"60019,214","60019,214",60019,60019,subsample_or_fraction,"RELAB material 60019,214 linked only to Atlas parent page 60019; composition of this subsample, size fraction, mineral separate, or preparation is not implied",Do not transfer parent-sample composition without subsample-specific verification,rock,breccia,"coherent, medium-gray glassy breccia containing several large, light colored clasts",https://www.lpi.usra.edu/lunar/samples/atlas/detail/?mission=Apollo%2016&sample=60019,,yes
c6ls08,LS-CMP-008-LC,"60019,215 Light clast on broken small fragment from Slab E2","60019,215",60019,60019,subsample_or_fraction,"RELAB material 60019,215 Light clast on broken small fragment from Slab E2 linked only to Atlas parent page 60019; composition of this subsample, size fraction, mineral separate, or preparation is not implied",Do not transfer parent-sample composition without subsample-specific verification,rock,breccia,"coherent, medium-gray glassy breccia containing several large, light colored clasts",https://www.lpi.usra.edu/lunar/samples/atlas/detail/?mission=Apollo%2016&sample=60019,,yes
c6ls09,LS-CMP-009,"12063,199","12063,199",12063,12063,subsample_or_fraction,"RELAB material 12063,199 linked only to Atlas parent page 12063; composition of this subsample, size fraction, mineral separate, or preparation is not implied",Do not transfer parent-sample composition without subsample-specific verification,rock,basalt,diabase (terrestrial analogue); ilmenite microgabbro similar to Apollo 11 (Chao),https://www.lpi.usra.edu/lunar/samples/atlas/detail/?mission=Apollo%2012&sample=12063,,yes
c6ls30,LS-CMP-030,"62231,14","62231,14",62231,62231,subsample_or_fraction,"RELAB material 62231,14 linked only to Atlas parent page 62231; composition of this subsample, size fraction, mineral separate, or preparation is not implied",Do not transfer parent-sample composition without subsample-specific verification,rake,soil,,https://www.lpi.usra.edu/lunar/samples/atlas/detail/?mission=Apollo%2016&sample=62231,,yes
c6ls31,LS-CMP-031,"10084,255","10084,255",10084,10084,subsample_or_fraction,"RELAB material 10084,255 linked only to Atlas parent page 10084; composition of this subsample, size fraction, mineral separate, or preparation is not implied",Do not transfer parent-sample composition without subsample-specific verification,soil-general,,"The contingency sample was taken in front of quad IV of the LM. The documented sample was collected 5 meters north of the LM, the bulk sample was collected in front of quad IV by pouring scoops of loose soil to fill the voids left between rock samples in the bulk sample container. 10084 is the bulk soil sample. Soil is fine grained and hard in this sample area. There are few fragments and it is difficult to scoop deeper than 5 cm below the surface.",https://www.lpi.usra.edu/lunar/samples/atlas/detail/?mission=Apollo%2011&sample=10084,,yes
c6ls32,LS-CMP-032,"12070,853","12070,853",12070,12070,subsample_or_fraction,"RELAB material 12070,853 linked only to Atlas parent page 12070; composition of this subsample, size fraction, mineral separate, or preparation is not implied",Do not transfer parent-sample composition without subsample-specific verification,,,,https://www.lpi.usra.edu/lunar/samples/atlas/detail/?mission=Apollo%2012&sample=12070,,yes
c6ls33,LS-CMP-033,"14259,15","14259,15",14259,14259,subsample_or_fraction,"RELAB material 14259,15 linked only to Atlas parent page 14259; composition of this subsample, size fraction, mineral separate, or preparation is not implied",Do not transfer parent-sample composition without subsample-specific verification,,soil,"This scoop sample is part of the comprehensive sample collected 110 m WNW of LM along with 14165 through 14189, 14250 through 14289, 14298 through 14300, and 14420. All samples were collected from within a 4 m circle drawn by Astronaut Shepard. Astronaut Mitchell reports, ""The number of surface rocks, or rocks compared with the number of surface fines is very small Houston. There's a few boulders lying around and there's a few blocks around some of the craters, but by and large, it's a powdery surface.""",https://www.lpi.usra.edu/lunar/samples/atlas/detail/?mission=Apollo%2014&sample=14259,,yes
c7ls08,LS-CMP-008-MR,"60019,215 E2","60019,215",60019,60019,subsample_or_fraction,"RELAB material 60019,215 E2 linked only to Atlas parent page 60019; composition of this subsample, size fraction, mineral separate, or preparation is not implied",Do not transfer parent-sample composition without subsample-specific verification,rock,breccia,"coherent, medium-gray glassy breccia containing several large, light colored clasts",https://www.lpi.usra.edu/lunar/samples/atlas/detail/?mission=Apollo%2016&sample=60019,,yes
c8ls08,LS-CMP-008-F,"60019,215 Clast F","60019,215",60019,60019,subsample_or_fraction,"RELAB material 60019,215 Clast F linked only to Atlas parent page 60019; composition of this subsample, size fraction, mineral separate, or preparation is not implied",Do not transfer parent-sample composition without subsample-specific verification,rock,breccia,"coherent, medium-gray glassy breccia containing several large, light colored clasts",https://www.lpi.usra.edu/lunar/samples/atlas/detail/?mission=Apollo%2016&sample=60019,,yes
calr01,LR-CMP-001-A,"67627,13","67627,13",67627,67627,subsample_or_fraction,"RELAB material 67627,13 linked only to Atlas parent page 67627; composition of this subsample, size fraction, mineral separate, or preparation is not implied",Do not transfer parent-sample composition without subsample-specific verification,rake,breccia,glass-cemented aggregates,https://www.lpi.usra.edu/lunar/samples/atlas/detail/?mission=Apollo%2016&sample=67627,,yes
calr02,LR-CMP-002-A,"67627,17","67627,17",67627,67627,subsample_or_fraction,"RELAB material 67627,17 linked only to Atlas parent page 67627; composition of this subsample, size fraction, mineral separate, or preparation is not implied",Do not transfer parent-sample composition without subsample-specific verification,rake,breccia,glass-cemented aggregates,https://www.lpi.usra.edu/lunar/samples/atlas/detail/?mission=Apollo%2016&sample=67627,,yes
calr03,LR-CMP-003-A,"69935,87","69935,87",69935,69935,subsample_or_fraction,"RELAB material 69935,87 linked only to Atlas parent page 69935; composition of this subsample, size fraction, mineral separate, or preparation is not implied",Do not transfer parent-sample composition without subsample-specific verification,,breccia,apparently a polymict breccia that is texturally inhomogeneous and has a large white clast,https://www.lpi.usra.edu/lunar/samples/atlas/detail/?mission=Apollo%2016&sample=69935,,yes
calr04,LR-CMP-004-A,"69935,88","69935,88",69935,69935,subsample_or_fraction,"RELAB material 69935,88 linked only to Atlas parent page 69935; composition of this subsample, size fraction, mineral separate, or preparation is not implied",Do not transfer parent-sample composition without subsample-specific verification,,breccia,apparently a polymict breccia that is texturally inhomogeneous and has a large white clast,https://www.lpi.usra.edu/lunar/samples/atlas/detail/?mission=Apollo%2016&sample=69935,,yes
calr06,LR-CMP-006,61161,61161,61161,61161,sample_number,The complete RELAB specimen name is the same five-digit Apollo sample number,Atlas parent-sample link established; composition values still require source-level verification,,,,https://www.lpi.usra.edu/lunar/samples/atlas/detail/?mission=Apollo%2016&sample=61161,,no
calr07,LR-CMP-007,61241,61241,61241,61241,sample_number,The complete RELAB specimen name is the same five-digit Apollo sample number,Atlas parent-sample link established; composition values still require source-level verification,,,,https://www.lpi.usra.edu/lunar/samples/atlas/detail/?mission=Apollo%2016&sample=61241,,no
calr08,LR-CMP-008,72321,72321,72321,72321,sample_number,The complete RELAB specimen name is the same five-digit Apollo sample number,Atlas parent-sample link established; composition values still require source-level verification,,,,https://www.lpi.usra.edu/lunar/samples/atlas/detail/?mission=Apollo%2017&sample=72321,,no
calr09,LR-CMP-009,12003,12003,12003,12003,sample_number,The complete RELAB specimen name is the same five-digit Apollo sample number,Atlas parent-sample link established; composition values still require source-level verification,soil >1 cm,,"12003 is coarse (>1cm) split from 12001, along with friable material from the bottom of the sample box. This was collected about 30 meters northwest of LM on EVA-1. These broken up fines from larger rocks do not make a statistical sample.",https://www.lpi.usra.edu/lunar/samples/atlas/detail/?mission=Apollo%2012&sample=12003,,no
cals19,LS-CMP-019,"76535,48","76535,48",76535,76535,subsample_or_fraction,"RELAB material 76535,48 linked only to Atlas parent page 76535; composition of this subsample, size fraction, mineral separate, or preparation is not implied",Do not transfer parent-sample composition without subsample-specific verification,rake,troctolite,"Troctolite, random sample as part of rake sample at Station 6",https://www.lpi.usra.edu/lunar/samples/atlas/detail/?mission=Apollo%2017&sample=76535,,yes
cals24,LS-CMP-024-A,"76266,75 thin section Spot A: Shocked plag area","76266,75",76266,,atlas_missing,Recognizable Apollo parent sample 76266 is absent from the local Atlas index,No composition link established,,,,,,yes
cals30,LS-CMP-030,"62231,14","62231,14",62231,62231,subsample_or_fraction,"RELAB material 62231,14 linked only to Atlas parent page 62231; composition of this subsample, size fraction, mineral separate, or preparation is not implied",Do not transfer parent-sample composition without subsample-specific verification,rake,soil,,https://www.lpi.usra.edu/lunar/samples/atlas/detail/?mission=Apollo%2016&sample=62231,,yes
cals31,LS-CMP-031,"10084,255","10084,255",10084,10084,subsample_or_fraction,"RELAB material 10084,255 linked only to Atlas parent page 10084; composition of this subsample, size fraction, mineral separate, or preparation is not implied",Do not transfer parent-sample composition without subsample-specific verification,soil-general,,"The contingency sample was taken in front of quad IV of the LM. The documented sample was collected 5 meters north of the LM, the bulk sample was collected in front of quad IV by pouring scoops of loose soil to fill the voids left between rock samples in the bulk sample container. 10084 is the bulk soil sample. Soil is fine grained and hard in this sample area. There are few fragments and it is difficult to scoop deeper than 5 cm below the surface.",https://www.lpi.usra.edu/lunar/samples/atlas/detail/?mission=Apollo%2011&sample=10084,,yes
cals32,LS-CMP-032,"12070,853","12070,853",12070,12070,subsample_or_fraction,"RELAB material 12070,853 linked only to Atlas parent page 12070; composition of this subsample, size fraction, mineral separate, or preparation is not implied",Do not transfer parent-sample composition without subsample-specific verification,,,,https://www.lpi.usra.edu/lunar/samples/atlas/detail/?mission=Apollo%2012&sample=12070,,yes
cals33,LS-CMP-033,"14259,15","14259,15",14259,14259,subsample_or_fraction,"RELAB material 14259,15 linked only to Atlas parent page 14259; composition of this subsample, size fraction, mineral separate, or preparation is not implied",Do not transfer parent-sample composition without subsample-specific verification,,soil,"This scoop sample is part of the comprehensive sample collected 110 m WNW of LM along with 14165 through 14189, 14250 through 14289, 14298 through 14300, and 14420. All samples were collected from within a 4 m circle drawn by Astronaut Shepard. Astronaut Mitchell reports, ""The number of surface rocks, or rocks compared with the number of surface fines is very small Houston. There's a few boulders lying around and there's a few blocks around some of the craters, but by and large, it's a powdery surface.""",https://www.lpi.usra.edu/lunar/samples/atlas/detail/?mission=Apollo%2014&sample=14259,,yes
cals49,LS-CMP-049-A,"10084,1780 <45 um","10084,1780",10084,10084,subsample_or_fraction,"RELAB material 10084,1780 <45 um linked only to Atlas parent page 10084; composition of this subsample, size fraction, mineral separate, or preparation is not implied",Do not transfer parent-sample composition without subsample-specific verification,soil-general,,"The contingency sample was taken in front of quad IV of the LM. The documented sample was collected 5 meters north of the LM, the bulk sample was collected in front of quad IV by pouring scoops of loose soil to fill the voids left between rock samples in the bulk sample container. 10084 is the bulk soil sample. Soil is fine grained and hard in this sample area. There are few fragments and it is difficult to scoop deeper than 5 cm below the surface.",https://www.lpi.usra.edu/lunar/samples/atlas/detail/?mission=Apollo%2011&sample=10084,,yes
cals63,LS-CMP-063-A,"64801,124 <20 um","64801,124",64801,64801,subsample_or_fraction,"RELAB material 64801,124 <20 um linked only to Atlas parent page 64801; composition of this subsample, size fraction, mineral separate, or preparation is not implied",Do not transfer parent-sample composition without subsample-specific verification,rake,soil,relatively mature soil with average grain size 80 microns,https://www.lpi.usra.edu/lunar/samples/atlas/detail/?mission=Apollo%2016&sample=64801,,yes
cals64,LS-CMP-064-A,"67701,187 <20 um","67701,187",67701,67701,subsample_or_fraction,"RELAB material 67701,187 <20 um linked only to Atlas parent page 67701; composition of this subsample, size fraction, mineral separate, or preparation is not implied",Do not transfer parent-sample composition without subsample-specific verification,rake,soil,,https://www.lpi.usra.edu/lunar/samples/atlas/detail/?mission=Apollo%2016&sample=67701,,yes
cals69,LS-CMP-069,"60051,133","60051,133",60051,60051,subsample_or_fraction,"RELAB material 60051,133 linked only to Atlas parent page 60051; composition of this subsample, size fraction, mineral separate, or preparation is not implied",Do not transfer parent-sample composition without subsample-specific verification,,,,https://www.lpi.usra.edu/lunar/samples/atlas/detail/?mission=Apollo%2016&sample=60051,,yes
cals70,LS-CMP-070,"14149,182","14149,182",14149,14149,subsample_or_fraction,"RELAB material 14149,182 linked only to Atlas parent page 14149; composition of this subsample, size fraction, mineral separate, or preparation is not implied",Do not transfer parent-sample composition without subsample-specific verification,,soil,"14145, 14146, 14147, and 14148 collected from the top of the trench; 14153, 14154, 14155, and 14156 is mixed material from the middle two layers, 14080 and 14081 below that, and 14073, 14074, 14075, 14076, 14077, 14078, and 14079 and 14149, 14150, 14151, and 14152 from the bottom of a 40 cm trench. Astronaut Shepard reports the surface fines were so loose the trench walls kept falling in and layered materials were mixed. Bottom layers have pebble in it.",https://www.lpi.usra.edu/lunar/samples/atlas/detail/?mission=Apollo%2014&sample=14149,,yes
cals71,LS-CMP-071,"14240,110","14240,110",14240,14240,subsample_or_fraction,"RELAB material 14240,110 linked only to Atlas parent page 14240; composition of this subsample, size fraction, mineral separate, or preparation is not implied",Do not transfer parent-sample composition without subsample-specific verification,,,,https://www.lpi.usra.edu/lunar/samples/atlas/detail/?mission=Apollo%2014&sample=14240,,yes
cals72,LS-CMP-072,"73241,82","73241,82",73241,73241,subsample_or_fraction,"RELAB material 73241,82 linked only to Atlas parent page 73241; composition of this subsample, size fraction, mineral separate, or preparation is not implied",Do not transfer parent-sample composition without subsample-specific verification,,,,https://www.lpi.usra.edu/lunar/samples/atlas/detail/?mission=Apollo%2017&sample=73241,,yes
cals73,LS-CMP-073,"73281,69","73281,69",73281,73281,subsample_or_fraction,"RELAB material 73281,69 linked only to Atlas parent page 73281; composition of this subsample, size fraction, mineral separate, or preparation is not implied",Do not transfer parent-sample composition without subsample-specific verification,,,,https://www.lpi.usra.edu/lunar/samples/atlas/detail/?mission=Apollo%2017&sample=73281,,yes
cals74,LS-CMP-074,"73261,69","73261,69",73261,73261,subsample_or_fraction,"RELAB material 73261,69 linked only to Atlas parent page 73261; composition of this subsample, size fraction, mineral separate, or preparation is not implied",Do not transfer parent-sample composition without subsample-specific verification,,,,https://www.lpi.usra.edu/lunar/samples/atlas/detail/?mission=Apollo%2017&sample=73261,,yes
cals75,LS-CMP-075,"72701,150","72701,150",72701,72701,subsample_or_fraction,"RELAB material 72701,150 linked only to Atlas parent page 72701; composition of this subsample, size fraction, mineral separate, or preparation is not implied",Do not transfer parent-sample composition without subsample-specific verification,,,,https://www.lpi.usra.edu/lunar/samples/atlas/detail/?mission=Apollo%2017&sample=72701,,yes
cals76,LS-CMP-076,"12030,132","12030,132",12030,12030,subsample_or_fraction,"RELAB material 12030,132 linked only to Atlas parent page 12030; composition of this subsample, size fraction, mineral separate, or preparation is not implied",Do not transfer parent-sample composition without subsample-specific verification,,,,https://www.lpi.usra.edu/lunar/samples/atlas/detail/?mission=Apollo%2012&sample=12030,,yes
cals78,LS-CMP-078,"12023,136","12023,136",12023,12023,subsample_or_fraction,"RELAB material 12023,136 linked only to Atlas parent page 12023; composition of this subsample, size fraction, mineral separate, or preparation is not implied",Do not transfer parent-sample composition without subsample-specific verification,,soil,Trench sample 12023 (collected at a depth of 20 cm) was collected from the east rim of the 20 meter Sharp crater. The rim material is softer and lighter in ccolor than the surrounding material.,https://www.lpi.usra.edu/lunar/samples/atlas/detail/?mission=Apollo%2012&sample=12023,,yes
cals80,LS-CMP-080,"12037,189","12037,189",12037,12037,subsample_or_fraction,"RELAB material 12037,189 linked only to Atlas parent page 12037; composition of this subsample, size fraction, mineral separate, or preparation is not implied",Do not transfer parent-sample composition without subsample-specific verification,,basalt,"Soil sample in same sample bag as 12036, a friable basalt. Both were collected near the site of 12035 on the NW rim of Bench crater. Because it includes much broken material from the friable basalt, it is not statistically a soil sample.",https://www.lpi.usra.edu/lunar/samples/atlas/detail/?mission=Apollo%2012&sample=12037,,yes
cals81,LS-CMP-081,"67941,69","67941,69",67941,67941,subsample_or_fraction,"RELAB material 67941,69 linked only to Atlas parent page 67941; composition of this subsample, size fraction, mineral separate, or preparation is not implied",Do not transfer parent-sample composition without subsample-specific verification,,soil,immature soils from the rim of fresh North Ray Crater. House Rock and other samples of North Ray Crater are breccias,https://www.lpi.usra.edu/lunar/samples/atlas/detail/?mission=Apollo%2016&sample=67941,,yes
cals83,LS-CMP-083,"61141,71","61141,71",61141,61141,subsample_or_fraction,"RELAB material 61141,71 linked only to Atlas parent page 61141; composition of this subsample, size fraction, mineral separate, or preparation is not implied",Do not transfer parent-sample composition without subsample-specific verification,,,,https://www.lpi.usra.edu/lunar/samples/atlas/detail/?mission=Apollo%2016&sample=61141,,yes
cals87,LS-CMP-087-A,"67729,19","67729,19",67729,67729,subsample_or_fraction,"RELAB material 67729,19 linked only to Atlas parent page 67729; composition of this subsample, size fraction, mineral separate, or preparation is not implied",Do not transfer parent-sample composition without subsample-specific verification,rake,breccia,"vesicular glass breccia with significant clasts, and has the appearance of a ""glass bomb"". It has zap pits on all sides.",https://www.lpi.usra.edu/lunar/samples/atlas/detail/?mission=Apollo%2016&sample=67729,,yes
cals88,LS-CMP-088-A,"12032,354","12032,354",12032,12032,subsample_or_fraction,"RELAB material 12032,354 linked only to Atlas parent page 12032; composition of this subsample, size fraction, mineral separate, or preparation is not implied",Do not transfer parent-sample composition without subsample-specific verification,soil-general,,"Surface soil 12032, along with several rocks were collected from the north rim of Bench crater. It includes some light gray material from just below the surace. Soil collected with ""potato"" rock 12053.",https://www.lpi.usra.edu/lunar/samples/atlas/detail/?mission=Apollo%2012&sample=12032,,yes
cals89,LS-CMP-089-A,"67095,108","67095,108",67095,67095,subsample_or_fraction,"RELAB material 67095,108 linked only to Atlas parent page 67095; composition of this subsample, size fraction, mineral separate, or preparation is not implied",Do not transfer parent-sample composition without subsample-specific verification,,impact melt breccia,"a glass-coated basaltic impact melt or ""bomb"" that has not been dated.",https://www.lpi.usra.edu/lunar/samples/atlas/detail/?mission=Apollo%2016&sample=67095,,yes
cals90,LS-CMP-090-A,"67936,29","67936,29",67936,67936,subsample_or_fraction,"RELAB material 67936,29 linked only to Atlas parent page 67936; composition of this subsample, size fraction, mineral separate, or preparation is not implied",Do not transfer parent-sample composition without subsample-specific verification,rock,basalt,"thin veins of black glass, texture of fine-grained subophitic basalt",https://www.lpi.usra.edu/lunar/samples/atlas/detail/?mission=Apollo%2016&sample=67936,,yes
cals92,LS-CMP-092-A,"76055,78","76055,78",76055,76055,subsample_or_fraction,"RELAB material 76055,78 linked only to Atlas parent page 76055; composition of this subsample, size fraction, mineral separate, or preparation is not implied",Do not transfer parent-sample composition without subsample-specific verification,rock,impact melt breccia,Impact Melt Breccia; appears to be older than Station 6 Boulder and other Serenitatus impact melts; may be a separate sample of Serenitatus melt sheet from high on North Massif.,https://www.lpi.usra.edu/lunar/samples/atlas/detail/?mission=Apollo%2017&sample=76055,,yes
cals93,LS-CMP-093-A,"12033,604","12033,604",12033,12033,subsample_or_fraction,"RELAB material 12033,604 linked only to Atlas parent page 12033; composition of this subsample, size fraction, mineral separate, or preparation is not implied",Do not transfer parent-sample composition without subsample-specific verification,soil-general,,"Trench sample 12033 was collected 15 cm below the surface, 15 meters from the northwest rim of Head Crater near 12031. The trench bottom is lighter in color than the surface materials. Astronauts noticed more large blocks on the west side of Bench crater than on the east.",https://www.lpi.usra.edu/lunar/samples/atlas/detail/?mission=Apollo%2012&sample=12033,,yes
cals94,LS-CMP-094-A,"68815,384","68815,384",68815,68815,subsample_or_fraction,"RELAB material 68815,384 linked only to Atlas parent page 68815; composition of this subsample, size fraction, mineral separate, or preparation is not implied",Do not transfer parent-sample composition without subsample-specific verification,rock,breccia,outer surface covered with zap pits; the broken surface contains large vugs and vesicles. 68815 is one of the samples that date the age of South Ray Crater (Drozd et al. 1974; Pepin et al. 1974) and is said to have had a simple exposure history.,https://www.lpi.usra.edu/lunar/samples/atlas/detail/?mission=Apollo%2016&sample=68815,,yes
cals95,LS-CMP-095-A,"67475,219","67475,219",67475,67475,subsample_or_fraction,"RELAB material 67475,219 linked only to Atlas parent page 67475; composition of this subsample, size fraction, mineral separate, or preparation is not implied",Do not transfer parent-sample composition without subsample-specific verification,rake,breccia,"a tough purplish-grey, glassy breccia",https://www.lpi.usra.edu/lunar/samples/atlas/detail/?mission=Apollo%2016&sample=67475,,yes
cals96,LS-CMP-096-A,"15445,261","15445,261",15445,15445,subsample_or_fraction,"RELAB material 15445,261 linked only to Atlas parent page 15445; composition of this subsample, size fraction, mineral separate, or preparation is not implied",Do not transfer parent-sample composition without subsample-specific verification,,breccia,This sample and its close companion (15455) are thought to be ejecta from the Imbrium Basin. Their exposure ages (~200 m.y.) may help date the age of Spur Crater where they were found.,https://www.lpi.usra.edu/lunar/samples/atlas/detail/?mission=Apollo%2015&sample=15445,,yes
cals97,LS-CMP-097-A,"64455,128","64455,128",64455,64455,subsample_or_fraction,"RELAB material 64455,128 linked only to Atlas parent page 64455; composition of this subsample, size fraction, mineral separate, or preparation is not implied",Do not transfer parent-sample composition without subsample-specific verification,,impact melt breccia,egg-shaped object about 5 cm long and 3 cm across almost completely covered with thick black glass,https://www.lpi.usra.edu/lunar/samples/atlas/detail/?mission=Apollo%2016&sample=64455,,yes
cals99,LS-CMP-099-A,"72255,338","72255,338",72255,72255,subsample_or_fraction,"RELAB material 72255,338 linked only to Atlas parent page 72255; composition of this subsample, size fraction, mineral separate, or preparation is not implied",Do not transfer parent-sample composition without subsample-specific verification,rock,impact melt breccia,aphanitic impact melt breccia,https://www.lpi.usra.edu/lunar/samples/atlas/detail/?mission=Apollo%2017&sample=72255,,yes
cblr02,LR-CMP-002-B,"67627,17","67627,17",67627,67627,subsample_or_fraction,"RELAB material 67627,17 linked only to Atlas parent page 67627; composition of this subsample, size fraction, mineral separate, or preparation is not implied",Do not transfer parent-sample composition without subsample-specific verification,rake,breccia,glass-cemented aggregates,https://www.lpi.usra.edu/lunar/samples/atlas/detail/?mission=Apollo%2016&sample=67627,,yes
cblr03,LR-CMP-003-B,"69935,87","69935,87",69935,69935,subsample_or_fraction,"RELAB material 69935,87 linked only to Atlas parent page 69935; composition of this subsample, size fraction, mineral separate, or preparation is not implied",Do not transfer parent-sample composition without subsample-specific verification,,breccia,apparently a polymict breccia that is texturally inhomogeneous and has a large white clast,https://www.lpi.usra.edu/lunar/samples/atlas/detail/?mission=Apollo%2016&sample=69935,,yes
cblr05,LR-CMP-005-B,"12030,58","12030,58",12030,12030,subsample_or_fraction,"RELAB material 12030,58 linked only to Atlas parent page 12030; composition of this subsample, size fraction, mineral separate, or preparation is not implied",Do not transfer parent-sample composition without subsample-specific verification,,,,https://www.lpi.usra.edu/lunar/samples/atlas/detail/?mission=Apollo%2012&sample=12030,,yes
cbls08,LS-CMP-008-B,"60019,215 Clast B","60019,215",60019,60019,subsample_or_fraction,"RELAB material 60019,215 Clast B linked only to Atlas parent page 60019; composition of this subsample, size fraction, mineral separate, or preparation is not implied",Do not transfer parent-sample composition without subsample-specific verification,rock,breccia,"coherent, medium-gray glassy breccia containing several large, light colored clasts",https://www.lpi.usra.edu/lunar/samples/atlas/detail/?mission=Apollo%2016&sample=60019,,yes
cbls19,LS-CMP-019,"76535,48","76535,48",76535,76535,subsample_or_fraction,"RELAB material 76535,48 linked only to Atlas parent page 76535; composition of this subsample, size fraction, mineral separate, or preparation is not implied",Do not transfer parent-sample composition without subsample-specific verification,rake,troctolite,"Troctolite, random sample as part of rake sample at Station 6",https://www.lpi.usra.edu/lunar/samples/atlas/detail/?mission=Apollo%2017&sample=76535,,yes
cbls24,LS-CMP-024-B,"76266,75 thin section Spot B: Shocked plag area","76266,75",76266,,atlas_missing,Recognizable Apollo parent sample 76266 is absent from the local Atlas index,No composition link established,,,,,,yes
cbls63,LS-CMP-063-B,"64801,124 20-45 um","64801,124",64801,64801,subsample_or_fraction,"RELAB material 64801,124 20-45 um linked only to Atlas parent page 64801; composition of this subsample, size fraction, mineral separate, or preparation is not implied",Do not transfer parent-sample composition without subsample-specific verification,rake,soil,relatively mature soil with average grain size 80 microns,https://www.lpi.usra.edu/lunar/samples/atlas/detail/?mission=Apollo%2016&sample=64801,,yes
cbls64,LS-CMP-064-B,"67701,186 20-45 um","67701,186",67701,67701,subsample_or_fraction,"RELAB material 67701,186 20-45 um linked only to Atlas parent page 67701; composition of this subsample, size fraction, mineral separate, or preparation is not implied",Do not transfer parent-sample composition without subsample-specific verification,rake,soil,,https://www.lpi.usra.edu/lunar/samples/atlas/detail/?mission=Apollo%2016&sample=67701,,yes
cbls87,LS-CMP-087-B,"67729,19","67729,19",67729,67729,subsample_or_fraction,"RELAB material 67729,19 linked only to Atlas parent page 67729; composition of this subsample, size fraction, mineral separate, or preparation is not implied",Do not transfer parent-sample composition without subsample-specific verification,rake,breccia,"vesicular glass breccia with significant clasts, and has the appearance of a ""glass bomb"". It has zap pits on all sides.",https://www.lpi.usra.edu/lunar/samples/atlas/detail/?mission=Apollo%2016&sample=67729,,yes
cbls89,LS-CMP-089-B,"67095,108","67095,108",67095,67095,subsample_or_fraction,"RELAB material 67095,108 linked only to Atlas parent page 67095; composition of this subsample, size fraction, mineral separate, or preparation is not implied",Do not transfer parent-sample composition without subsample-specific verification,,impact melt breccia,"a glass-coated basaltic impact melt or ""bomb"" that has not been dated.",https://www.lpi.usra.edu/lunar/samples/atlas/detail/?mission=Apollo%2016&sample=67095,,yes
cbls96,LS-CMP-096-B,"15445,261","15445,261",15445,15445,subsample_or_fraction,"RELAB material 15445,261 linked only to Atlas parent page 15445; composition of this subsample, size fraction, mineral separate, or preparation is not implied",Do not transfer parent-sample composition without subsample-specific verification,,breccia,This sample and its close companion (15455) are thought to be ejecta from the Imbrium Basin. Their exposure ages (~200 m.y.) may help date the age of Spur Crater where they were found.,https://www.lpi.usra.edu/lunar/samples/atlas/detail/?mission=Apollo%2015&sample=15445,,yes
cbls97,LS-CMP-097-B,"64455,128","64455,128",64455,64455,subsample_or_fraction,"RELAB material 64455,128 linked only to Atlas parent page 64455; composition of this subsample, size fraction, mineral separate, or preparation is not implied",Do not transfer parent-sample composition without subsample-specific verification,,impact melt breccia,egg-shaped object about 5 cm long and 3 cm across almost completely covered with thick black glass,https://www.lpi.usra.edu/lunar/samples/atlas/detail/?mission=Apollo%2016&sample=64455,,yes
cbls99,LS-CMP-099-B,"72255,338","72255,338",72255,72255,subsample_or_fraction,"RELAB material 72255,338 linked only to Atlas parent page 72255; composition of this subsample, size fraction, mineral separate, or preparation is not implied",Do not transfer parent-sample composition without subsample-specific verification,rock,impact melt breccia,aphanitic impact melt breccia,https://www.lpi.usra.edu/lunar/samples/atlas/detail/?mission=Apollo%2017&sample=72255,,yes
cclr02,LR-CMP-002-C,"67627,17","67627,17",67627,67627,subsample_or_fraction,"RELAB material 67627,17 linked only to Atlas parent page 67627; composition of this subsample, size fraction, mineral separate, or preparation is not implied",Do not transfer parent-sample composition without subsample-specific verification,rake,breccia,glass-cemented aggregates,https://www.lpi.usra.edu/lunar/samples/atlas/detail/?mission=Apollo%2016&sample=67627,,yes
cclr03,LR-CMP-003-C,"69935,87","69935,87",69935,69935,subsample_or_fraction,"RELAB material 69935,87 linked only to Atlas parent page 69935; composition of this subsample, size fraction, mineral separate, or preparation is not implied",Do not transfer parent-sample composition without subsample-specific verification,,breccia,apparently a polymict breccia that is texturally inhomogeneous and has a large white clast,https://www.lpi.usra.edu/lunar/samples/atlas/detail/?mission=Apollo%2016&sample=69935,,yes
cclr05,LR-CMP-005-C,"12030,57","12030,57",12030,12030,subsample_or_fraction,"RELAB material 12030,57 linked only to Atlas parent page 12030; composition of this subsample, size fraction, mineral separate, or preparation is not implied",Do not transfer parent-sample composition without subsample-specific verification,,,,https://www.lpi.usra.edu/lunar/samples/atlas/detail/?mission=Apollo%2012&sample=12030,,yes
ccls08,LS-CMP-008-C1,"60019,215,2 Matrix area C1","60019,215",60019,60019,subsample_or_fraction,"RELAB material 60019,215,2 Matrix area C1 linked only to Atlas parent page 60019; composition of this subsample, size fraction, mineral separate, or preparation is not implied",Do not transfer parent-sample composition without subsample-specific verification,rock,breccia,"coherent, medium-gray glassy breccia containing several large, light colored clasts",https://www.lpi.usra.edu/lunar/samples/atlas/detail/?mission=Apollo%2016&sample=60019,,yes
ccls24,LS-CMP-024-C,"76255,75 thin section Spot C: Vein within shocked plag area","76255,75",76255,76255,subsample_or_fraction,"RELAB material 76255,75 thin section Spot C: Vein within shocked plag area linked only to Atlas parent page 76255; composition of this subsample, size fraction, mineral separate, or preparation is not implied",Do not transfer parent-sample composition without subsample-specific verification,rock,impact melt breccia,Banded Impact Melt Breccia; has large clast of crushed norite,https://www.lpi.usra.edu/lunar/samples/atlas/detail/?mission=Apollo%2017&sample=76255,,yes
ccls30,LS-CMP-030,"62231,14","62231,14",62231,62231,subsample_or_fraction,"RELAB material 62231,14 linked only to Atlas parent page 62231; composition of this subsample, size fraction, mineral separate, or preparation is not implied",Do not transfer parent-sample composition without subsample-specific verification,rake,soil,,https://www.lpi.usra.edu/lunar/samples/atlas/detail/?mission=Apollo%2016&sample=62231,,yes
ccls31,LS-CMP-031,"10084,255","10084,255",10084,10084,subsample_or_fraction,"RELAB material 10084,255 linked only to Atlas parent page 10084; composition of this subsample, size fraction, mineral separate, or preparation is not implied",Do not transfer parent-sample composition without subsample-specific verification,soil-general,,"The contingency sample was taken in front of quad IV of the LM. The documented sample was collected 5 meters north of the LM, the bulk sample was collected in front of quad IV by pouring scoops of loose soil to fill the voids left between rock samples in the bulk sample container. 10084 is the bulk soil sample. Soil is fine grained and hard in this sample area. There are few fragments and it is difficult to scoop deeper than 5 cm below the surface.",https://www.lpi.usra.edu/lunar/samples/atlas/detail/?mission=Apollo%2011&sample=10084,,yes
ccls32,LS-CMP-032,"12070,853","12070,853",12070,12070,subsample_or_fraction,"RELAB material 12070,853 linked only to Atlas parent page 12070; composition of this subsample, size fraction, mineral separate, or preparation is not implied",Do not transfer parent-sample composition without subsample-specific verification,,,,https://www.lpi.usra.edu/lunar/samples/atlas/detail/?mission=Apollo%2012&sample=12070,,yes
ccls33,LS-CMP-033,"14259,15","14259,15",14259,14259,subsample_or_fraction,"RELAB material 14259,15 linked only to Atlas parent page 14259; composition of this subsample, size fraction, mineral separate, or preparation is not implied",Do not transfer parent-sample composition without subsample-specific verification,,soil,"This scoop sample is part of the comprehensive sample collected 110 m WNW of LM along with 14165 through 14189, 14250 through 14289, 14298 through 14300, and 14420. All samples were collected from within a 4 m circle drawn by Astronaut Shepard. Astronaut Mitchell reports, ""The number of surface rocks, or rocks compared with the number of surface fines is very small Houston. There's a few boulders lying around and there's a few blocks around some of the craters, but by and large, it's a powdery surface.""",https://www.lpi.usra.edu/lunar/samples/atlas/detail/?mission=Apollo%2014&sample=14259,,yes
ccls87,LS-CMP-087-C,"67729,19","67729,19",67729,67729,subsample_or_fraction,"RELAB material 67729,19 linked only to Atlas parent page 67729; composition of this subsample, size fraction, mineral separate, or preparation is not implied",Do not transfer parent-sample composition without subsample-specific verification,rake,breccia,"vesicular glass breccia with significant clasts, and has the appearance of a ""glass bomb"". It has zap pits on all sides.",https://www.lpi.usra.edu/lunar/samples/atlas/detail/?mission=Apollo%2016&sample=67729,,yes
ccls89,LS-CMP-089-C,"67095,108","67095,108",67095,67095,subsample_or_fraction,"RELAB material 67095,108 linked only to Atlas parent page 67095; composition of this subsample, size fraction, mineral separate, or preparation is not implied",Do not transfer parent-sample composition without subsample-specific verification,,impact melt breccia,"a glass-coated basaltic impact melt or ""bomb"" that has not been dated.",https://www.lpi.usra.edu/lunar/samples/atlas/detail/?mission=Apollo%2016&sample=67095,,yes
ccls96,LS-CMP-096-C,"15445,261","15445,261",15445,15445,subsample_or_fraction,"RELAB material 15445,261 linked only to Atlas parent page 15445; composition of this subsample, size fraction, mineral separate, or preparation is not implied",Do not transfer parent-sample composition without subsample-specific verification,,breccia,This sample and its close companion (15455) are thought to be ejecta from the Imbrium Basin. Their exposure ages (~200 m.y.) may help date the age of Spur Crater where they were found.,https://www.lpi.usra.edu/lunar/samples/atlas/detail/?mission=Apollo%2015&sample=15445,,yes
ccls97,LS-CMP-097-C,"64455,128","64455,128",64455,64455,subsample_or_fraction,"RELAB material 64455,128 linked only to Atlas parent page 64455; composition of this subsample, size fraction, mineral separate, or preparation is not implied",Do not transfer parent-sample composition without subsample-specific verification,,impact melt breccia,egg-shaped object about 5 cm long and 3 cm across almost completely covered with thick black glass,https://www.lpi.usra.edu/lunar/samples/atlas/detail/?mission=Apollo%2016&sample=64455,,yes
ccls99,LS-CMP-099-C,"72255,338","72255,338",72255,72255,subsample_or_fraction,"RELAB material 72255,338 linked only to Atlas parent page 72255; composition of this subsample, size fraction, mineral separate, or preparation is not implied",Do not transfer parent-sample composition without subsample-specific verification,rock,impact melt breccia,aphanitic impact melt breccia,https://www.lpi.usra.edu/lunar/samples/atlas/detail/?mission=Apollo%2017&sample=72255,,yes
cclu02,LU-CMP-002-C,"Luna 20 soil 2014,6 94-250 um",,,,non_apollo,RELAB identifies this as a non-Apollo lunar sample; Apollo Atlas matching is not applicable,Outside the Apollo Atlas crosswalk,,,,,,no
cdlr02,LR-CMP-002-D,"67627,17","67627,17",67627,67627,subsample_or_fraction,"RELAB material 67627,17 linked only to Atlas parent page 67627; composition of this subsample, size fraction, mineral separate, or preparation is not implied",Do not transfer parent-sample composition without subsample-specific verification,rake,breccia,glass-cemented aggregates,https://www.lpi.usra.edu/lunar/samples/atlas/detail/?mission=Apollo%2016&sample=67627,,yes
cdlr03,LR-CMP-003-D,"69935,87","69935,87",69935,69935,subsample_or_fraction,"RELAB material 69935,87 linked only to Atlas parent page 69935; composition of this subsample, size fraction, mineral separate, or preparation is not implied",Do not transfer parent-sample composition without subsample-specific verification,,breccia,apparently a polymict breccia that is texturally inhomogeneous and has a large white clast,https://www.lpi.usra.edu/lunar/samples/atlas/detail/?mission=Apollo%2016&sample=69935,,yes
cdlr05,LR-CMP-005-D,"12030,56","12030,56",12030,12030,subsample_or_fraction,"RELAB material 12030,56 linked only to Atlas parent page 12030; composition of this subsample, size fraction, mineral separate, or preparation is not implied",Do not transfer parent-sample composition without subsample-specific verification,,,,https://www.lpi.usra.edu/lunar/samples/atlas/detail/?mission=Apollo%2012&sample=12030,,yes
cdls08,LS-CMP-008-D,"60019,215 Clast D","60019,215",60019,60019,subsample_or_fraction,"RELAB material 60019,215 Clast D linked only to Atlas parent page 60019; composition of this subsample, size fraction, mineral separate, or preparation is not implied",Do not transfer parent-sample composition without subsample-specific verification,rock,breccia,"coherent, medium-gray glassy breccia containing several large, light colored clasts",https://www.lpi.usra.edu/lunar/samples/atlas/detail/?mission=Apollo%2016&sample=60019,,yes
cdls24,LS-CMP-024-D,"76255,75 thin section Spot D: Clast in a pristine section","76255,75",76255,76255,subsample_or_fraction,"RELAB material 76255,75 thin section Spot D: Clast in a pristine section linked only to Atlas parent page 76255; composition of this subsample, size fraction, mineral separate, or preparation is not implied",Do not transfer parent-sample composition without subsample-specific verification,rock,impact melt breccia,Banded Impact Melt Breccia; has large clast of crushed norite,https://www.lpi.usra.edu/lunar/samples/atlas/detail/?mission=Apollo%2017&sample=76255,,yes
cdls30,LS-CMP-030,"62231,14","62231,14",62231,62231,subsample_or_fraction,"RELAB material 62231,14 linked only to Atlas parent page 62231; composition of this subsample, size fraction, mineral separate, or preparation is not implied",Do not transfer parent-sample composition without subsample-specific verification,rake,soil,,https://www.lpi.usra.edu/lunar/samples/atlas/detail/?mission=Apollo%2016&sample=62231,,yes
cdls31,LS-CMP-031,"10084,255","10084,255",10084,10084,subsample_or_fraction,"RELAB material 10084,255 linked only to Atlas parent page 10084; composition of this subsample, size fraction, mineral separate, or preparation is not implied",Do not transfer parent-sample composition without subsample-specific verification,soil-general,,"The contingency sample was taken in front of quad IV of the LM. The documented sample was collected 5 meters north of the LM, the bulk sample was collected in front of quad IV by pouring scoops of loose soil to fill the voids left between rock samples in the bulk sample container. 10084 is the bulk soil sample. Soil is fine grained and hard in this sample area. There are few fragments and it is difficult to scoop deeper than 5 cm below the surface.",https://www.lpi.usra.edu/lunar/samples/atlas/detail/?mission=Apollo%2011&sample=10084,,yes
cdls32,LS-CMP-032,"12070,853","12070,853",12070,12070,subsample_or_fraction,"RELAB material 12070,853 linked only to Atlas parent page 12070; composition of this subsample, size fraction, mineral separate, or preparation is not implied",Do not transfer parent-sample composition without subsample-specific verification,,,,https://www.lpi.usra.edu/lunar/samples/atlas/detail/?mission=Apollo%2012&sample=12070,,yes
cdls33,LS-CMP-033,"14259,15","14259,15",14259,14259,subsample_or_fraction,"RELAB material 14259,15 linked only to Atlas parent page 14259; composition of this subsample, size fraction, mineral separate, or preparation is not implied",Do not transfer parent-sample composition without subsample-specific verification,,soil,"This scoop sample is part of the comprehensive sample collected 110 m WNW of LM along with 14165 through 14189, 14250 through 14289, 14298 through 14300, and 14420. All samples were collected from within a 4 m circle drawn by Astronaut Shepard. Astronaut Mitchell reports, ""The number of surface rocks, or rocks compared with the number of surface fines is very small Houston. There's a few boulders lying around and there's a few blocks around some of the craters, but by and large, it's a powdery surface.""",https://www.lpi.usra.edu/lunar/samples/atlas/detail/?mission=Apollo%2014&sample=14259,,yes
cdls64,LS-CMP-064-D,"67701,184 90-150 um","67701,184",67701,67701,subsample_or_fraction,"RELAB material 67701,184 90-150 um linked only to Atlas parent page 67701; composition of this subsample, size fraction, mineral separate, or preparation is not implied",Do not transfer parent-sample composition without subsample-specific verification,rake,soil,,https://www.lpi.usra.edu/lunar/samples/atlas/detail/?mission=Apollo%2016&sample=67701,,yes
cdls66,LS-CMP-066-D,"64801,116 Fractions","64801,116",64801,64801,subsample_or_fraction,"RELAB material 64801,116 Fractions linked only to Atlas parent page 64801; composition of this subsample, size fraction, mineral separate, or preparation is not implied",Do not transfer parent-sample composition without subsample-specific verification,rake,soil,relatively mature soil with average grain size 80 microns,https://www.lpi.usra.edu/lunar/samples/atlas/detail/?mission=Apollo%2016&sample=64801,,yes
cdls68,LS-CMP-068-D,"67461,113 150-250 um","67461,113",67461,67461,subsample_or_fraction,"RELAB material 67461,113 150-250 um linked only to Atlas parent page 67461; composition of this subsample, size fraction, mineral separate, or preparation is not implied",Do not transfer parent-sample composition without subsample-specific verification,,soil,"chosen as a ""reference soil"" for the ""lunar highland initiative"" and is not greatly different from other soil samples from North Ray Crater",https://www.lpi.usra.edu/lunar/samples/atlas/detail/?mission=Apollo%2016&sample=67461,,yes
cdls87,LS-CMP-087-D,"67729,19","67729,19",67729,67729,subsample_or_fraction,"RELAB material 67729,19 linked only to Atlas parent page 67729; composition of this subsample, size fraction, mineral separate, or preparation is not implied",Do not transfer parent-sample composition without subsample-specific verification,rake,breccia,"vesicular glass breccia with significant clasts, and has the appearance of a ""glass bomb"". It has zap pits on all sides.",https://www.lpi.usra.edu/lunar/samples/atlas/detail/?mission=Apollo%2016&sample=67729,,yes
cdls89,LS-CMP-089-D,"67095,108","67095,108",67095,67095,subsample_or_fraction,"RELAB material 67095,108 linked only to Atlas parent page 67095; composition of this subsample, size fraction, mineral separate, or preparation is not implied",Do not transfer parent-sample composition without subsample-specific verification,,impact melt breccia,"a glass-coated basaltic impact melt or ""bomb"" that has not been dated.",https://www.lpi.usra.edu/lunar/samples/atlas/detail/?mission=Apollo%2016&sample=67095,,yes
cdls96,LS-CMP-096-D,"15445,261","15445,261",15445,15445,subsample_or_fraction,"RELAB material 15445,261 linked only to Atlas parent page 15445; composition of this subsample, size fraction, mineral separate, or preparation is not implied",Do not transfer parent-sample composition without subsample-specific verification,,breccia,This sample and its close companion (15455) are thought to be ejecta from the Imbrium Basin. Their exposure ages (~200 m.y.) may help date the age of Spur Crater where they were found.,https://www.lpi.usra.edu/lunar/samples/atlas/detail/?mission=Apollo%2015&sample=15445,,yes
cdls97,LS-CMP-097-D,"64455,128","64455,128",64455,64455,subsample_or_fraction,"RELAB material 64455,128 linked only to Atlas parent page 64455; composition of this subsample, size fraction, mineral separate, or preparation is not implied",Do not transfer parent-sample composition without subsample-specific verification,,impact melt breccia,egg-shaped object about 5 cm long and 3 cm across almost completely covered with thick black glass,https://www.lpi.usra.edu/lunar/samples/atlas/detail/?mission=Apollo%2016&sample=64455,,yes
cdls99,LS-CMP-099-D,"72255,338","72255,338",72255,72255,subsample_or_fraction,"RELAB material 72255,338 linked only to Atlas parent page 72255; composition of this subsample, size fraction, mineral separate, or preparation is not implied",Do not transfer parent-sample composition without subsample-specific verification,rock,impact melt breccia,aphanitic impact melt breccia,https://www.lpi.usra.edu/lunar/samples/atlas/detail/?mission=Apollo%2017&sample=72255,,yes
celr02,LR-CMP-002-E,"67627,17","67627,17",67627,67627,subsample_or_fraction,"RELAB material 67627,17 linked only to Atlas parent page 67627; composition of this subsample, size fraction, mineral separate, or preparation is not implied",Do not transfer parent-sample composition without subsample-specific verification,rake,breccia,glass-cemented aggregates,https://www.lpi.usra.edu/lunar/samples/atlas/detail/?mission=Apollo%2016&sample=67627,,yes
celr03,LR-CMP-003-E,"69935,87","69935,87",69935,69935,subsample_or_fraction,"RELAB material 69935,87 linked only to Atlas parent page 69935; composition of this subsample, size fraction, mineral separate, or preparation is not implied",Do not transfer parent-sample composition without subsample-specific verification,,breccia,apparently a polymict breccia that is texturally inhomogeneous and has a large white clast,https://www.lpi.usra.edu/lunar/samples/atlas/detail/?mission=Apollo%2016&sample=69935,,yes
celr05,LR-CMP-005-E,"12030,55","12030,55",12030,12030,subsample_or_fraction,"RELAB material 12030,55 linked only to Atlas parent page 12030; composition of this subsample, size fraction, mineral separate, or preparation is not implied",Do not transfer parent-sample composition without subsample-specific verification,,,,https://www.lpi.usra.edu/lunar/samples/atlas/detail/?mission=Apollo%2012&sample=12030,,yes
cels15,LS-CMP-008-E,"60019,215 Frag E","60019,215",60019,60019,subsample_or_fraction,"RELAB material 60019,215 Frag E linked only to Atlas parent page 60019; composition of this subsample, size fraction, mineral separate, or preparation is not implied",Do not transfer parent-sample composition without subsample-specific verification,rock,breccia,"coherent, medium-gray glassy breccia containing several large, light colored clasts",https://www.lpi.usra.edu/lunar/samples/atlas/detail/?mission=Apollo%2016&sample=60019,,yes
cels24,LS-CMP-024-E,"76255,75 thin section Spot E in the breccia matrix","76255,75",76255,76255,subsample_or_fraction,"RELAB material 76255,75 thin section Spot E in the breccia matrix linked only to Atlas parent page 76255; composition of this subsample, size fraction, mineral separate, or preparation is not implied",Do not transfer parent-sample composition without subsample-specific verification,rock,impact melt breccia,Banded Impact Melt Breccia; has large clast of crushed norite,https://www.lpi.usra.edu/lunar/samples/atlas/detail/?mission=Apollo%2017&sample=76255,,yes
cels30,LS-CMP-030,"62231,14","62231,14",62231,62231,subsample_or_fraction,"RELAB material 62231,14 linked only to Atlas parent page 62231; composition of this subsample, size fraction, mineral separate, or preparation is not implied",Do not transfer parent-sample composition without subsample-specific verification,rake,soil,,https://www.lpi.usra.edu/lunar/samples/atlas/detail/?mission=Apollo%2016&sample=62231,,yes
cels31,LS-CMP-031,"10084,255","10084,255",10084,10084,subsample_or_fraction,"RELAB material 10084,255 linked only to Atlas parent page 10084; composition of this subsample, size fraction, mineral separate, or preparation is not implied",Do not transfer parent-sample composition without subsample-specific verification,soil-general,,"The contingency sample was taken in front of quad IV of the LM. The documented sample was collected 5 meters north of the LM, the bulk sample was collected in front of quad IV by pouring scoops of loose soil to fill the voids left between rock samples in the bulk sample container. 10084 is the bulk soil sample. Soil is fine grained and hard in this sample area. There are few fragments and it is difficult to scoop deeper than 5 cm below the surface.",https://www.lpi.usra.edu/lunar/samples/atlas/detail/?mission=Apollo%2011&sample=10084,,yes
cels32,LS-CMP-032,"12070,853","12070,853",12070,12070,subsample_or_fraction,"RELAB material 12070,853 linked only to Atlas parent page 12070; composition of this subsample, size fraction, mineral separate, or preparation is not implied",Do not transfer parent-sample composition without subsample-specific verification,,,,https://www.lpi.usra.edu/lunar/samples/atlas/detail/?mission=Apollo%2012&sample=12070,,yes
cels33,LS-CMP-033,"14259,15","14259,15",14259,14259,subsample_or_fraction,"RELAB material 14259,15 linked only to Atlas parent page 14259; composition of this subsample, size fraction, mineral separate, or preparation is not implied",Do not transfer parent-sample composition without subsample-specific verification,,soil,"This scoop sample is part of the comprehensive sample collected 110 m WNW of LM along with 14165 through 14189, 14250 through 14289, 14298 through 14300, and 14420. All samples were collected from within a 4 m circle drawn by Astronaut Shepard. Astronaut Mitchell reports, ""The number of surface rocks, or rocks compared with the number of surface fines is very small Houston. There's a few boulders lying around and there's a few blocks around some of the craters, but by and large, it's a powdery surface.""",https://www.lpi.usra.edu/lunar/samples/atlas/detail/?mission=Apollo%2014&sample=14259,,yes
cels87,LS-CMP-087-E,"67729,19","67729,19",67729,67729,subsample_or_fraction,"RELAB material 67729,19 linked only to Atlas parent page 67729; composition of this subsample, size fraction, mineral separate, or preparation is not implied",Do not transfer parent-sample composition without subsample-specific verification,rake,breccia,"vesicular glass breccia with significant clasts, and has the appearance of a ""glass bomb"". It has zap pits on all sides.",https://www.lpi.usra.edu/lunar/samples/atlas/detail/?mission=Apollo%2016&sample=67729,,yes
cels89,LS-CMP-089-E,"67095,108","67095,108",67095,67095,subsample_or_fraction,"RELAB material 67095,108 linked only to Atlas parent page 67095; composition of this subsample, size fraction, mineral separate, or preparation is not implied",Do not transfer parent-sample composition without subsample-specific verification,,impact melt breccia,"a glass-coated basaltic impact melt or ""bomb"" that has not been dated.",https://www.lpi.usra.edu/lunar/samples/atlas/detail/?mission=Apollo%2016&sample=67095,,yes
cels96,LS-CMP-096-E,"15445,261","15445,261",15445,15445,subsample_or_fraction,"RELAB material 15445,261 linked only to Atlas parent page 15445; composition of this subsample, size fraction, mineral separate, or preparation is not implied",Do not transfer parent-sample composition without subsample-specific verification,,breccia,This sample and its close companion (15455) are thought to be ejecta from the Imbrium Basin. Their exposure ages (~200 m.y.) may help date the age of Spur Crater where they were found.,https://www.lpi.usra.edu/lunar/samples/atlas/detail/?mission=Apollo%2015&sample=15445,,yes
cels97,LS-CMP-097-E,"64455,128","64455,128",64455,64455,subsample_or_fraction,"RELAB material 64455,128 linked only to Atlas parent page 64455; composition of this subsample, size fraction, mineral separate, or preparation is not implied",Do not transfer parent-sample composition without subsample-specific verification,,impact melt breccia,egg-shaped object about 5 cm long and 3 cm across almost completely covered with thick black glass,https://www.lpi.usra.edu/lunar/samples/atlas/detail/?mission=Apollo%2016&sample=64455,,yes
cels99,LS-CMP-099-E,"72255,338","72255,338",72255,72255,subsample_or_fraction,"RELAB material 72255,338 linked only to Atlas parent page 72255; composition of this subsample, size fraction, mineral separate, or preparation is not implied",Do not transfer parent-sample composition without subsample-specific verification,rock,impact melt breccia,aphanitic impact melt breccia,https://www.lpi.usra.edu/lunar/samples/atlas/detail/?mission=Apollo%2017&sample=72255,,yes
cfls24,LS-CMP-024-F,"76255,75 thin section Spot F in the breccia matrix","76255,75",76255,76255,subsample_or_fraction,"RELAB material 76255,75 thin section Spot F in the breccia matrix linked only to Atlas parent page 76255; composition of this subsample, size fraction, mineral separate, or preparation is not implied",Do not transfer parent-sample composition without subsample-specific verification,rock,impact melt breccia,Banded Impact Melt Breccia; has large clast of crushed norite,https://www.lpi.usra.edu/lunar/samples/atlas/detail/?mission=Apollo%2017&sample=76255,,yes
cfls30,LS-CMP-030,"62231,14","62231,14",62231,62231,subsample_or_fraction,"RELAB material 62231,14 linked only to Atlas parent page 62231; composition of this subsample, size fraction, mineral separate, or preparation is not implied",Do not transfer parent-sample composition without subsample-specific verification,rake,soil,,https://www.lpi.usra.edu/lunar/samples/atlas/detail/?mission=Apollo%2016&sample=62231,,yes
cfls31,LS-CMP-031,"10084,255","10084,255",10084,10084,subsample_or_fraction,"RELAB material 10084,255 linked only to Atlas parent page 10084; composition of this subsample, size fraction, mineral separate, or preparation is not implied",Do not transfer parent-sample composition without subsample-specific verification,soil-general,,"The contingency sample was taken in front of quad IV of the LM. The documented sample was collected 5 meters north of the LM, the bulk sample was collected in front of quad IV by pouring scoops of loose soil to fill the voids left between rock samples in the bulk sample container. 10084 is the bulk soil sample. Soil is fine grained and hard in this sample area. There are few fragments and it is difficult to scoop deeper than 5 cm below the surface.",https://www.lpi.usra.edu/lunar/samples/atlas/detail/?mission=Apollo%2011&sample=10084,,yes
cfls32,LS-CMP-032,"12070,853","12070,853",12070,12070,subsample_or_fraction,"RELAB material 12070,853 linked only to Atlas parent page 12070; composition of this subsample, size fraction, mineral separate, or preparation is not implied",Do not transfer parent-sample composition without subsample-specific verification,,,,https://www.lpi.usra.edu/lunar/samples/atlas/detail/?mission=Apollo%2012&sample=12070,,yes
cfls33,LS-CMP-033,"14259,15","14259,15",14259,14259,subsample_or_fraction,"RELAB material 14259,15 linked only to Atlas parent page 14259; composition of this subsample, size fraction, mineral separate, or preparation is not implied",Do not transfer parent-sample composition without subsample-specific verification,,soil,"This scoop sample is part of the comprehensive sample collected 110 m WNW of LM along with 14165 through 14189, 14250 through 14289, 14298 through 14300, and 14420. All samples were collected from within a 4 m circle drawn by Astronaut Shepard. Astronaut Mitchell reports, ""The number of surface rocks, or rocks compared with the number of surface fines is very small Houston. There's a few boulders lying around and there's a few blocks around some of the craters, but by and large, it's a powdery surface.""",https://www.lpi.usra.edu/lunar/samples/atlas/detail/?mission=Apollo%2014&sample=14259,,yes
cfls68,LS-CMP-068-F,"67461,115 45-90 um","67461,115",67461,67461,subsample_or_fraction,"RELAB material 67461,115 45-90 um linked only to Atlas parent page 67461; composition of this subsample, size fraction, mineral separate, or preparation is not implied",Do not transfer parent-sample composition without subsample-specific verification,,soil,"chosen as a ""reference soil"" for the ""lunar highland initiative"" and is not greatly different from other soil samples from North Ray Crater",https://www.lpi.usra.edu/lunar/samples/atlas/detail/?mission=Apollo%2016&sample=67461,,yes
cg2l15,LS-CMP-015-G2,"60019,215 Clast G2","60019,215",60019,60019,subsample_or_fraction,"RELAB material 60019,215 Clast G2 linked only to Atlas parent page 60019; composition of this subsample, size fraction, mineral separate, or preparation is not implied",Do not transfer parent-sample composition without subsample-specific verification,rock,breccia,"coherent, medium-gray glassy breccia containing several large, light colored clasts",https://www.lpi.usra.edu/lunar/samples/atlas/detail/?mission=Apollo%2016&sample=60019,,yes
cg3l15,LS-CMP-015-G3,"60019,215 Clast G3","60019,215",60019,60019,subsample_or_fraction,"RELAB material 60019,215 Clast G3 linked only to Atlas parent page 60019; composition of this subsample, size fraction, mineral separate, or preparation is not implied",Do not transfer parent-sample composition without subsample-specific verification,rock,breccia,"coherent, medium-gray glassy breccia containing several large, light colored clasts",https://www.lpi.usra.edu/lunar/samples/atlas/detail/?mission=Apollo%2016&sample=60019,,yes
cg4l15,LS-CMP-015-G4,"60019,215 Clast G4","60019,215",60019,60019,subsample_or_fraction,"RELAB material 60019,215 Clast G4 linked only to Atlas parent page 60019; composition of this subsample, size fraction, mineral separate, or preparation is not implied",Do not transfer parent-sample composition without subsample-specific verification,rock,breccia,"coherent, medium-gray glassy breccia containing several large, light colored clasts",https://www.lpi.usra.edu/lunar/samples/atlas/detail/?mission=Apollo%2016&sample=60019,,yes
cg5l15,LS-CMP-015-G5,"60019,215 Clast G5","60019,215",60019,60019,subsample_or_fraction,"RELAB material 60019,215 Clast G5 linked only to Atlas parent page 60019; composition of this subsample, size fraction, mineral separate, or preparation is not implied",Do not transfer parent-sample composition without subsample-specific verification,rock,breccia,"coherent, medium-gray glassy breccia containing several large, light colored clasts",https://www.lpi.usra.edu/lunar/samples/atlas/detail/?mission=Apollo%2016&sample=60019,,yes
cg6l15,LS-CMP-015-G6,"60019,215 Clast G6","60019,215",60019,60019,subsample_or_fraction,"RELAB material 60019,215 Clast G6 linked only to Atlas parent page 60019; composition of this subsample, size fraction, mineral separate, or preparation is not implied",Do not transfer parent-sample composition without subsample-specific verification,rock,breccia,"coherent, medium-gray glassy breccia containing several large, light colored clasts",https://www.lpi.usra.edu/lunar/samples/atlas/detail/?mission=Apollo%2016&sample=60019,,yes
cgls24,LS-CMP-024-G,"76255,75 thin section Spot G","76255,75",76255,76255,subsample_or_fraction,"RELAB material 76255,75 thin section Spot G linked only to Atlas parent page 76255; composition of this subsample, size fraction, mineral separate, or preparation is not implied",Do not transfer parent-sample composition without subsample-specific verification,rock,impact melt breccia,Banded Impact Melt Breccia; has large clast of crushed norite,https://www.lpi.usra.edu/lunar/samples/atlas/detail/?mission=Apollo%2017&sample=76255,,yes
cgls25,LS-CMP-025,"67455,106","67455,106",67455,67455,subsample_or_fraction,"RELAB material 67455,106 linked only to Atlas parent page 67455; composition of this subsample, size fraction, mineral separate, or preparation is not implied",Do not transfer parent-sample composition without subsample-specific verification,rake,breccia,"very friable, white polymict feldspathic breccia",https://www.lpi.usra.edu/lunar/samples/atlas/detail/?mission=Apollo%2016&sample=67455,,yes
cgls26,LS-CMP-026,"60025,125","60025,125",60025,60025,subsample_or_fraction,"RELAB material 60025,125 linked only to Atlas parent page 60025; composition of this subsample, size fraction, mineral separate, or preparation is not implied",Do not transfer parent-sample composition without subsample-specific verification,rock,anorthite,"Coarse-grained, moderately shocked, pristine cataclastic ferroan anorthosite",https://www.lpi.usra.edu/lunar/samples/atlas/detail/?mission=Apollo%2016&sample=60025,,yes
cgls27,LS-CMP-027,"15415,15","15415,15",15415,15415,subsample_or_fraction,"RELAB material 15415,15 linked only to Atlas parent page 15415; composition of this subsample, size fraction, mineral separate, or preparation is not implied",Do not transfer parent-sample composition without subsample-specific verification,rock,anorthite,"Anorthite. Corse-grained, ferroan crystalline rock with complex cataclastic and metamorphic history. Pale, blocky, angular to subrounded sample, which was originally partly dust-covered.",https://www.lpi.usra.edu/lunar/samples/atlas/detail/?mission=Apollo%2015&sample=15415,,yes
cgls30,LS-CMP-030,"62231,14","62231,14",62231,62231,subsample_or_fraction,"RELAB material 62231,14 linked only to Atlas parent page 62231; composition of this subsample, size fraction, mineral separate, or preparation is not implied",Do not transfer parent-sample composition without subsample-specific verification,rake,soil,,https://www.lpi.usra.edu/lunar/samples/atlas/detail/?mission=Apollo%2016&sample=62231,,yes
cgls31,LS-CMP-031,"10084,255","10084,255",10084,10084,subsample_or_fraction,"RELAB material 10084,255 linked only to Atlas parent page 10084; composition of this subsample, size fraction, mineral separate, or preparation is not implied",Do not transfer parent-sample composition without subsample-specific verification,soil-general,,"The contingency sample was taken in front of quad IV of the LM. The documented sample was collected 5 meters north of the LM, the bulk sample was collected in front of quad IV by pouring scoops of loose soil to fill the voids left between rock samples in the bulk sample container. 10084 is the bulk soil sample. Soil is fine grained and hard in this sample area. There are few fragments and it is difficult to scoop deeper than 5 cm below the surface.",https://www.lpi.usra.edu/lunar/samples/atlas/detail/?mission=Apollo%2011&sample=10084,,yes
cgls32,LS-CMP-032,"12070,853","12070,853",12070,12070,subsample_or_fraction,"RELAB material 12070,853 linked only to Atlas parent page 12070; composition of this subsample, size fraction, mineral separate, or preparation is not implied",Do not transfer parent-sample composition without subsample-specific verification,,,,https://www.lpi.usra.edu/lunar/samples/atlas/detail/?mission=Apollo%2012&sample=12070,,yes
cgls33,LS-CMP-033,"14259,15","14259,15",14259,14259,subsample_or_fraction,"RELAB material 14259,15 linked only to Atlas parent page 14259; composition of this subsample, size fraction, mineral separate, or preparation is not implied",Do not transfer parent-sample composition without subsample-specific verification,,soil,"This scoop sample is part of the comprehensive sample collected 110 m WNW of LM along with 14165 through 14189, 14250 through 14289, 14298 through 14300, and 14420. All samples were collected from within a 4 m circle drawn by Astronaut Shepard. Astronaut Mitchell reports, ""The number of surface rocks, or rocks compared with the number of surface fines is very small Houston. There's a few boulders lying around and there's a few blocks around some of the craters, but by and large, it's a powdery surface.""",https://www.lpi.usra.edu/lunar/samples/atlas/detail/?mission=Apollo%2014&sample=14259,,yes
cgls49,LS-CMP-049-G,"10084,1780 45-75 um","10084,1780",10084,10084,subsample_or_fraction,"RELAB material 10084,1780 45-75 um linked only to Atlas parent page 10084; composition of this subsample, size fraction, mineral separate, or preparation is not implied",Do not transfer parent-sample composition without subsample-specific verification,soil-general,,"The contingency sample was taken in front of quad IV of the LM. The documented sample was collected 5 meters north of the LM, the bulk sample was collected in front of quad IV by pouring scoops of loose soil to fill the voids left between rock samples in the bulk sample container. 10084 is the bulk soil sample. Soil is fine grained and hard in this sample area. There are few fragments and it is difficult to scoop deeper than 5 cm below the surface.",https://www.lpi.usra.edu/lunar/samples/atlas/detail/?mission=Apollo%2011&sample=10084,,yes
chls24,LS-CMP-024-H,"76255,75 thin section Spot H","76255,75",76255,76255,subsample_or_fraction,"RELAB material 76255,75 thin section Spot H linked only to Atlas parent page 76255; composition of this subsample, size fraction, mineral separate, or preparation is not implied",Do not transfer parent-sample composition without subsample-specific verification,rock,impact melt breccia,Banded Impact Melt Breccia; has large clast of crushed norite,https://www.lpi.usra.edu/lunar/samples/atlas/detail/?mission=Apollo%2017&sample=76255,,yes
chls30,LS-CMP-030,"62231,14","62231,14",62231,62231,subsample_or_fraction,"RELAB material 62231,14 linked only to Atlas parent page 62231; composition of this subsample, size fraction, mineral separate, or preparation is not implied",Do not transfer parent-sample composition without subsample-specific verification,rake,soil,,https://www.lpi.usra.edu/lunar/samples/atlas/detail/?mission=Apollo%2016&sample=62231,,yes
chls31,LS-CMP-031,"10084,255","10084,255",10084,10084,subsample_or_fraction,"RELAB material 10084,255 linked only to Atlas parent page 10084; composition of this subsample, size fraction, mineral separate, or preparation is not implied",Do not transfer parent-sample composition without subsample-specific verification,soil-general,,"The contingency sample was taken in front of quad IV of the LM. The documented sample was collected 5 meters north of the LM, the bulk sample was collected in front of quad IV by pouring scoops of loose soil to fill the voids left between rock samples in the bulk sample container. 10084 is the bulk soil sample. Soil is fine grained and hard in this sample area. There are few fragments and it is difficult to scoop deeper than 5 cm below the surface.",https://www.lpi.usra.edu/lunar/samples/atlas/detail/?mission=Apollo%2011&sample=10084,,yes
chls32,LS-CMP-032,"12070,853","12070,853",12070,12070,subsample_or_fraction,"RELAB material 12070,853 linked only to Atlas parent page 12070; composition of this subsample, size fraction, mineral separate, or preparation is not implied",Do not transfer parent-sample composition without subsample-specific verification,,,,https://www.lpi.usra.edu/lunar/samples/atlas/detail/?mission=Apollo%2012&sample=12070,,yes
chls33,LS-CMP-033,"14259,15","14259,15",14259,14259,subsample_or_fraction,"RELAB material 14259,15 linked only to Atlas parent page 14259; composition of this subsample, size fraction, mineral separate, or preparation is not implied",Do not transfer parent-sample composition without subsample-specific verification,,soil,"This scoop sample is part of the comprehensive sample collected 110 m WNW of LM along with 14165 through 14189, 14250 through 14289, 14298 through 14300, and 14420. All samples were collected from within a 4 m circle drawn by Astronaut Shepard. Astronaut Mitchell reports, ""The number of surface rocks, or rocks compared with the number of surface fines is very small Houston. There's a few boulders lying around and there's a few blocks around some of the craters, but by and large, it's a powdery surface.""",https://www.lpi.usra.edu/lunar/samples/atlas/detail/?mission=Apollo%2014&sample=14259,,yes
chls49,LS-CMP-049-H,"10084,1780 75-125 um","10084,1780",10084,10084,subsample_or_fraction,"RELAB material 10084,1780 75-125 um linked only to Atlas parent page 10084; composition of this subsample, size fraction, mineral separate, or preparation is not implied",Do not transfer parent-sample composition without subsample-specific verification,soil-general,,"The contingency sample was taken in front of quad IV of the LM. The documented sample was collected 5 meters north of the LM, the bulk sample was collected in front of quad IV by pouring scoops of loose soil to fill the voids left between rock samples in the bulk sample container. 10084 is the bulk soil sample. Soil is fine grained and hard in this sample area. There are few fragments and it is difficult to scoop deeper than 5 cm below the surface.",https://www.lpi.usra.edu/lunar/samples/atlas/detail/?mission=Apollo%2011&sample=10084,,yes
cils24,LS-CMP-024-I,"76255,75 thin section Spot I","76255,75",76255,76255,subsample_or_fraction,"RELAB material 76255,75 thin section Spot I linked only to Atlas parent page 76255; composition of this subsample, size fraction, mineral separate, or preparation is not implied",Do not transfer parent-sample composition without subsample-specific verification,rock,impact melt breccia,Banded Impact Melt Breccia; has large clast of crushed norite,https://www.lpi.usra.edu/lunar/samples/atlas/detail/?mission=Apollo%2017&sample=76255,,yes
cils30,LS-CMP-030,"62231,14","62231,14",62231,62231,subsample_or_fraction,"RELAB material 62231,14 linked only to Atlas parent page 62231; composition of this subsample, size fraction, mineral separate, or preparation is not implied",Do not transfer parent-sample composition without subsample-specific verification,rake,soil,,https://www.lpi.usra.edu/lunar/samples/atlas/detail/?mission=Apollo%2016&sample=62231,,yes
cils31,LS-CMP-031,"10084,255","10084,255",10084,10084,subsample_or_fraction,"RELAB material 10084,255 linked only to Atlas parent page 10084; composition of this subsample, size fraction, mineral separate, or preparation is not implied",Do not transfer parent-sample composition without subsample-specific verification,soil-general,,"The contingency sample was taken in front of quad IV of the LM. The documented sample was collected 5 meters north of the LM, the bulk sample was collected in front of quad IV by pouring scoops of loose soil to fill the voids left between rock samples in the bulk sample container. 10084 is the bulk soil sample. Soil is fine grained and hard in this sample area. There are few fragments and it is difficult to scoop deeper than 5 cm below the surface.",https://www.lpi.usra.edu/lunar/samples/atlas/detail/?mission=Apollo%2011&sample=10084,,yes
cils32,LS-CMP-032,"12070,853","12070,853",12070,12070,subsample_or_fraction,"RELAB material 12070,853 linked only to Atlas parent page 12070; composition of this subsample, size fraction, mineral separate, or preparation is not implied",Do not transfer parent-sample composition without subsample-specific verification,,,,https://www.lpi.usra.edu/lunar/samples/atlas/detail/?mission=Apollo%2012&sample=12070,,yes
cils33,LS-CMP-033,"14259,15","14259,15",14259,14259,subsample_or_fraction,"RELAB material 14259,15 linked only to Atlas parent page 14259; composition of this subsample, size fraction, mineral separate, or preparation is not implied",Do not transfer parent-sample composition without subsample-specific verification,,soil,"This scoop sample is part of the comprehensive sample collected 110 m WNW of LM along with 14165 through 14189, 14250 through 14289, 14298 through 14300, and 14420. All samples were collected from within a 4 m circle drawn by Astronaut Shepard. Astronaut Mitchell reports, ""The number of surface rocks, or rocks compared with the number of surface fines is very small Houston. There's a few boulders lying around and there's a few blocks around some of the craters, but by and large, it's a powdery surface.""",https://www.lpi.usra.edu/lunar/samples/atlas/detail/?mission=Apollo%2014&sample=14259,,yes
cils49,LS-CMP-049-I,"10084,1780 125-250 um","10084,1780",10084,10084,subsample_or_fraction,"RELAB material 10084,1780 125-250 um linked only to Atlas parent page 10084; composition of this subsample, size fraction, mineral separate, or preparation is not implied",Do not transfer parent-sample composition without subsample-specific verification,soil-general,,"The contingency sample was taken in front of quad IV of the LM. The documented sample was collected 5 meters north of the LM, the bulk sample was collected in front of quad IV by pouring scoops of loose soil to fill the voids left between rock samples in the bulk sample container. 10084 is the bulk soil sample. Soil is fine grained and hard in this sample area. There are few fragments and it is difficult to scoop deeper than 5 cm below the surface.",https://www.lpi.usra.edu/lunar/samples/atlas/detail/?mission=Apollo%2011&sample=10084,,yes
cjls13,LS-CMP-013,"72415,58","72415,58",72415,72415,subsample_or_fraction,"RELAB material 72415,58 linked only to Atlas parent page 72415; composition of this subsample, size fraction, mineral separate, or preparation is not implied",Do not transfer parent-sample composition without subsample-specific verification,rock,dunite,"Cataclastic dunite, homogeneous",https://www.lpi.usra.edu/lunar/samples/atlas/detail/?mission=Apollo%2017&sample=72415,,yes
cjls30,LS-CMP-030,"62231,14","62231,14",62231,62231,subsample_or_fraction,"RELAB material 62231,14 linked only to Atlas parent page 62231; composition of this subsample, size fraction, mineral separate, or preparation is not implied",Do not transfer parent-sample composition without subsample-specific verification,rake,soil,,https://www.lpi.usra.edu/lunar/samples/atlas/detail/?mission=Apollo%2016&sample=62231,,yes
cjls31,LS-CMP-031,"10084,255","10084,255",10084,10084,subsample_or_fraction,"RELAB material 10084,255 linked only to Atlas parent page 10084; composition of this subsample, size fraction, mineral separate, or preparation is not implied",Do not transfer parent-sample composition without subsample-specific verification,soil-general,,"The contingency sample was taken in front of quad IV of the LM. The documented sample was collected 5 meters north of the LM, the bulk sample was collected in front of quad IV by pouring scoops of loose soil to fill the voids left between rock samples in the bulk sample container. 10084 is the bulk soil sample. Soil is fine grained and hard in this sample area. There are few fragments and it is difficult to scoop deeper than 5 cm below the surface.",https://www.lpi.usra.edu/lunar/samples/atlas/detail/?mission=Apollo%2011&sample=10084,,yes
cjls32,LS-CMP-032,"12070,853","12070,853",12070,12070,subsample_or_fraction,"RELAB material 12070,853 linked only to Atlas parent page 12070; composition of this subsample, size fraction, mineral separate, or preparation is not implied",Do not transfer parent-sample composition without subsample-specific verification,,,,https://www.lpi.usra.edu/lunar/samples/atlas/detail/?mission=Apollo%2012&sample=12070,,yes
cjls33,LS-CMP-033,"14259,15","14259,15",14259,14259,subsample_or_fraction,"RELAB material 14259,15 linked only to Atlas parent page 14259; composition of this subsample, size fraction, mineral separate, or preparation is not implied",Do not transfer parent-sample composition without subsample-specific verification,,soil,"This scoop sample is part of the comprehensive sample collected 110 m WNW of LM along with 14165 through 14189, 14250 through 14289, 14298 through 14300, and 14420. All samples were collected from within a 4 m circle drawn by Astronaut Shepard. Astronaut Mitchell reports, ""The number of surface rocks, or rocks compared with the number of surface fines is very small Houston. There's a few boulders lying around and there's a few blocks around some of the craters, but by and large, it's a powdery surface.""",https://www.lpi.usra.edu/lunar/samples/atlas/detail/?mission=Apollo%2014&sample=14259,,yes
ckls13,LS-CMP-013,"72415,58","72415,58",72415,72415,subsample_or_fraction,"RELAB material 72415,58 linked only to Atlas parent page 72415; composition of this subsample, size fraction, mineral separate, or preparation is not implied",Do not transfer parent-sample composition without subsample-specific verification,rock,dunite,"Cataclastic dunite, homogeneous",https://www.lpi.usra.edu/lunar/samples/atlas/detail/?mission=Apollo%2017&sample=72415,,yes
ckls30,LS-CMP-030,"62231,14","62231,14",62231,62231,subsample_or_fraction,"RELAB material 62231,14 linked only to Atlas parent page 62231; composition of this subsample, size fraction, mineral separate, or preparation is not implied",Do not transfer parent-sample composition without subsample-specific verification,rake,soil,,https://www.lpi.usra.edu/lunar/samples/atlas/detail/?mission=Apollo%2016&sample=62231,,yes
ckls31,LS-CMP-031,"10084,255","10084,255",10084,10084,subsample_or_fraction,"RELAB material 10084,255 linked only to Atlas parent page 10084; composition of this subsample, size fraction, mineral separate, or preparation is not implied",Do not transfer parent-sample composition without subsample-specific verification,soil-general,,"The contingency sample was taken in front of quad IV of the LM. The documented sample was collected 5 meters north of the LM, the bulk sample was collected in front of quad IV by pouring scoops of loose soil to fill the voids left between rock samples in the bulk sample container. 10084 is the bulk soil sample. Soil is fine grained and hard in this sample area. There are few fragments and it is difficult to scoop deeper than 5 cm below the surface.",https://www.lpi.usra.edu/lunar/samples/atlas/detail/?mission=Apollo%2011&sample=10084,,yes
ckls32,LS-CMP-032,"12070,853","12070,853",12070,12070,subsample_or_fraction,"RELAB material 12070,853 linked only to Atlas parent page 12070; composition of this subsample, size fraction, mineral separate, or preparation is not implied",Do not transfer parent-sample composition without subsample-specific verification,,,,https://www.lpi.usra.edu/lunar/samples/atlas/detail/?mission=Apollo%2012&sample=12070,,yes
ckls33,LS-CMP-033,"14259,15","14259,15",14259,14259,subsample_or_fraction,"RELAB material 14259,15 linked only to Atlas parent page 14259; composition of this subsample, size fraction, mineral separate, or preparation is not implied",Do not transfer parent-sample composition without subsample-specific verification,,soil,"This scoop sample is part of the comprehensive sample collected 110 m WNW of LM along with 14165 through 14189, 14250 through 14289, 14298 through 14300, and 14420. All samples were collected from within a 4 m circle drawn by Astronaut Shepard. Astronaut Mitchell reports, ""The number of surface rocks, or rocks compared with the number of surface fines is very small Houston. There's a few boulders lying around and there's a few blocks around some of the craters, but by and large, it's a powdery surface.""",https://www.lpi.usra.edu/lunar/samples/atlas/detail/?mission=Apollo%2014&sample=14259,,yes
cl15g2,LS-CMP-015-G2,"60019,215 Clast G2","60019,215",60019,60019,subsample_or_fraction,"RELAB material 60019,215 Clast G2 linked only to Atlas parent page 60019; composition of this subsample, size fraction, mineral separate, or preparation is not implied",Do not transfer parent-sample composition without subsample-specific verification,rock,breccia,"coherent, medium-gray glassy breccia containing several large, light colored clasts",https://www.lpi.usra.edu/lunar/samples/atlas/detail/?mission=Apollo%2016&sample=60019,,yes
cl15g5,LS-CMP-015-G5,"60019,215 Clast G5","60019,215",60019,60019,subsample_or_fraction,"RELAB material 60019,215 Clast G5 linked only to Atlas parent page 60019; composition of this subsample, size fraction, mineral separate, or preparation is not implied",Do not transfer parent-sample composition without subsample-specific verification,rock,breccia,"coherent, medium-gray glassy breccia containing several large, light colored clasts",https://www.lpi.usra.edu/lunar/samples/atlas/detail/?mission=Apollo%2016&sample=60019,,yes
cl15g6,LS-CMP-015-G6,"60019,215 Clast G6","60019,215",60019,60019,subsample_or_fraction,"RELAB material 60019,215 Clast G6 linked only to Atlas parent page 60019; composition of this subsample, size fraction, mineral separate, or preparation is not implied",Do not transfer parent-sample composition without subsample-specific verification,rock,breccia,"coherent, medium-gray glassy breccia containing several large, light colored clasts",https://www.lpi.usra.edu/lunar/samples/atlas/detail/?mission=Apollo%2016&sample=60019,,yes
cl15p2,LS-CMP-015-P2,"60019,215,37","60019,215",60019,60019,subsample_or_fraction,"RELAB material 60019,215,37 linked only to Atlas parent page 60019; composition of this subsample, size fraction, mineral separate, or preparation is not implied",Do not transfer parent-sample composition without subsample-specific verification,rock,breccia,"coherent, medium-gray glassy breccia containing several large, light colored clasts",https://www.lpi.usra.edu/lunar/samples/atlas/detail/?mission=Apollo%2016&sample=60019,,yes
clls13,LS-CMP-013,"72415,58","72415,58",72415,72415,subsample_or_fraction,"RELAB material 72415,58 linked only to Atlas parent page 72415; composition of this subsample, size fraction, mineral separate, or preparation is not implied",Do not transfer parent-sample composition without subsample-specific verification,rock,dunite,"Cataclastic dunite, homogeneous",https://www.lpi.usra.edu/lunar/samples/atlas/detail/?mission=Apollo%2017&sample=72415,,yes
clls30,LS-CMP-030,"62231,14","62231,14",62231,62231,subsample_or_fraction,"RELAB material 62231,14 linked only to Atlas parent page 62231; composition of this subsample, size fraction, mineral separate, or preparation is not implied",Do not transfer parent-sample composition without subsample-specific verification,rake,soil,,https://www.lpi.usra.edu/lunar/samples/atlas/detail/?mission=Apollo%2016&sample=62231,,yes
clls31,LS-CMP-031,"10084,255","10084,255",10084,10084,subsample_or_fraction,"RELAB material 10084,255 linked only to Atlas parent page 10084; composition of this subsample, size fraction, mineral separate, or preparation is not implied",Do not transfer parent-sample composition without subsample-specific verification,soil-general,,"The contingency sample was taken in front of quad IV of the LM. The documented sample was collected 5 meters north of the LM, the bulk sample was collected in front of quad IV by pouring scoops of loose soil to fill the voids left between rock samples in the bulk sample container. 10084 is the bulk soil sample. Soil is fine grained and hard in this sample area. There are few fragments and it is difficult to scoop deeper than 5 cm below the surface.",https://www.lpi.usra.edu/lunar/samples/atlas/detail/?mission=Apollo%2011&sample=10084,,yes
clls32,LS-CMP-032,"12070,853","12070,853",12070,12070,subsample_or_fraction,"RELAB material 12070,853 linked only to Atlas parent page 12070; composition of this subsample, size fraction, mineral separate, or preparation is not implied",Do not transfer parent-sample composition without subsample-specific verification,,,,https://www.lpi.usra.edu/lunar/samples/atlas/detail/?mission=Apollo%2012&sample=12070,,yes
clls33,LS-CMP-033,"14259,15","14259,15",14259,14259,subsample_or_fraction,"RELAB material 14259,15 linked only to Atlas parent page 14259; composition of this subsample, size fraction, mineral separate, or preparation is not implied",Do not transfer parent-sample composition without subsample-specific verification,,soil,"This scoop sample is part of the comprehensive sample collected 110 m WNW of LM along with 14165 through 14189, 14250 through 14289, 14298 through 14300, and 14420. All samples were collected from within a 4 m circle drawn by Astronaut Shepard. Astronaut Mitchell reports, ""The number of surface rocks, or rocks compared with the number of surface fines is very small Houston. There's a few boulders lying around and there's a few blocks around some of the craters, but by and large, it's a powdery surface.""",https://www.lpi.usra.edu/lunar/samples/atlas/detail/?mission=Apollo%2014&sample=14259,,yes
cls30a,LS-CMP-030,"62231,14","62231,14",62231,62231,subsample_or_fraction,"RELAB material 62231,14 linked only to Atlas parent page 62231; composition of this subsample, size fraction, mineral separate, or preparation is not implied",Do not transfer parent-sample composition without subsample-specific verification,rake,soil,,https://www.lpi.usra.edu/lunar/samples/atlas/detail/?mission=Apollo%2016&sample=62231,,yes
cls30b,LS-CMP-030,"62231,14","62231,14",62231,62231,subsample_or_fraction,"RELAB material 62231,14 linked only to Atlas parent page 62231; composition of this subsample, size fraction, mineral separate, or preparation is not implied",Do not transfer parent-sample composition without subsample-specific verification,rake,soil,,https://www.lpi.usra.edu/lunar/samples/atlas/detail/?mission=Apollo%2016&sample=62231,,yes
cls30c,LS-CMP-030,"62231,14","62231,14",62231,62231,subsample_or_fraction,"RELAB material 62231,14 linked only to Atlas parent page 62231; composition of this subsample, size fraction, mineral separate, or preparation is not implied",Do not transfer parent-sample composition without subsample-specific verification,rake,soil,,https://www.lpi.usra.edu/lunar/samples/atlas/detail/?mission=Apollo%2016&sample=62231,,yes
cls30d,LS-CMP-030,"62231,14","62231,14",62231,62231,subsample_or_fraction,"RELAB material 62231,14 linked only to Atlas parent page 62231; composition of this subsample, size fraction, mineral separate, or preparation is not implied",Do not transfer parent-sample composition without subsample-specific verification,rake,soil,,https://www.lpi.usra.edu/lunar/samples/atlas/detail/?mission=Apollo%2016&sample=62231,,yes
cls30e,LS-CMP-030,"62231,14","62231,14",62231,62231,subsample_or_fraction,"RELAB material 62231,14 linked only to Atlas parent page 62231; composition of this subsample, size fraction, mineral separate, or preparation is not implied",Do not transfer parent-sample composition without subsample-specific verification,rake,soil,,https://www.lpi.usra.edu/lunar/samples/atlas/detail/?mission=Apollo%2016&sample=62231,,yes
cls30f,LS-CMP-030,"62231,14","62231,14",62231,62231,subsample_or_fraction,"RELAB material 62231,14 linked only to Atlas parent page 62231; composition of this subsample, size fraction, mineral separate, or preparation is not implied",Do not transfer parent-sample composition without subsample-specific verification,rake,soil,,https://www.lpi.usra.edu/lunar/samples/atlas/detail/?mission=Apollo%2016&sample=62231,,yes
cls30g,LS-CMP-030,"62231,14","62231,14",62231,62231,subsample_or_fraction,"RELAB material 62231,14 linked only to Atlas parent page 62231; composition of this subsample, size fraction, mineral separate, or preparation is not implied",Do not transfer parent-sample composition without subsample-specific verification,rake,soil,,https://www.lpi.usra.edu/lunar/samples/atlas/detail/?mission=Apollo%2016&sample=62231,,yes
cls30h,LS-CMP-030,"62231,14","62231,14",62231,62231,subsample_or_fraction,"RELAB material 62231,14 linked only to Atlas parent page 62231; composition of this subsample, size fraction, mineral separate, or preparation is not implied",Do not transfer parent-sample composition without subsample-specific verification,rake,soil,,https://www.lpi.usra.edu/lunar/samples/atlas/detail/?mission=Apollo%2016&sample=62231,,yes
cls30i,LS-CMP-030,"62231,14","62231,14",62231,62231,subsample_or_fraction,"RELAB material 62231,14 linked only to Atlas parent page 62231; composition of this subsample, size fraction, mineral separate, or preparation is not implied",Do not transfer parent-sample composition without subsample-specific verification,rake,soil,,https://www.lpi.usra.edu/lunar/samples/atlas/detail/?mission=Apollo%2016&sample=62231,,yes
cls30u,LS-CMP-030,"62231,14","62231,14",62231,62231,subsample_or_fraction,"RELAB material 62231,14 linked only to Atlas parent page 62231; composition of this subsample, size fraction, mineral separate, or preparation is not implied",Do not transfer parent-sample composition without subsample-specific verification,rake,soil,,https://www.lpi.usra.edu/lunar/samples/atlas/detail/?mission=Apollo%2016&sample=62231,,yes
cls30v,LS-CMP-030,"62231,14","62231,14",62231,62231,subsample_or_fraction,"RELAB material 62231,14 linked only to Atlas parent page 62231; composition of this subsample, size fraction, mineral separate, or preparation is not implied",Do not transfer parent-sample composition without subsample-specific verification,rake,soil,,https://www.lpi.usra.edu/lunar/samples/atlas/detail/?mission=Apollo%2016&sample=62231,,yes
cls30w,LS-CMP-030,"62231,14","62231,14",62231,62231,subsample_or_fraction,"RELAB material 62231,14 linked only to Atlas parent page 62231; composition of this subsample, size fraction, mineral separate, or preparation is not implied",Do not transfer parent-sample composition without subsample-specific verification,rake,soil,,https://www.lpi.usra.edu/lunar/samples/atlas/detail/?mission=Apollo%2016&sample=62231,,yes
cls30x,LS-CMP-030,"62231,14","62231,14",62231,62231,subsample_or_fraction,"RELAB material 62231,14 linked only to Atlas parent page 62231; composition of this subsample, size fraction, mineral separate, or preparation is not implied",Do not transfer parent-sample composition without subsample-specific verification,rake,soil,,https://www.lpi.usra.edu/lunar/samples/atlas/detail/?mission=Apollo%2016&sample=62231,,yes
cls30z,LS-CMP-030,"62231,14","62231,14",62231,62231,subsample_or_fraction,"RELAB material 62231,14 linked only to Atlas parent page 62231; composition of this subsample, size fraction, mineral separate, or preparation is not implied",Do not transfer parent-sample composition without subsample-specific verification,rake,soil,,https://www.lpi.usra.edu/lunar/samples/atlas/detail/?mission=Apollo%2016&sample=62231,,yes
cls31g,LS-CMP-031,"10084,255","10084,255",10084,10084,subsample_or_fraction,"RELAB material 10084,255 linked only to Atlas parent page 10084; composition of this subsample, size fraction, mineral separate, or preparation is not implied",Do not transfer parent-sample composition without subsample-specific verification,soil-general,,"The contingency sample was taken in front of quad IV of the LM. The documented sample was collected 5 meters north of the LM, the bulk sample was collected in front of quad IV by pouring scoops of loose soil to fill the voids left between rock samples in the bulk sample container. 10084 is the bulk soil sample. Soil is fine grained and hard in this sample area. There are few fragments and it is difficult to scoop deeper than 5 cm below the surface.",https://www.lpi.usra.edu/lunar/samples/atlas/detail/?mission=Apollo%2011&sample=10084,,yes
cls32g,LS-CMP-032,"12070,853","12070,853",12070,12070,subsample_or_fraction,"RELAB material 12070,853 linked only to Atlas parent page 12070; composition of this subsample, size fraction, mineral separate, or preparation is not implied",Do not transfer parent-sample composition without subsample-specific verification,,,,https://www.lpi.usra.edu/lunar/samples/atlas/detail/?mission=Apollo%2012&sample=12070,,yes
cls33g,LS-CMP-033,"14259,15","14259,15",14259,14259,subsample_or_fraction,"RELAB material 14259,15 linked only to Atlas parent page 14259; composition of this subsample, size fraction, mineral separate, or preparation is not implied",Do not transfer parent-sample composition without subsample-specific verification,,soil,"This scoop sample is part of the comprehensive sample collected 110 m WNW of LM along with 14165 through 14189, 14250 through 14289, 14298 through 14300, and 14420. All samples were collected from within a 4 m circle drawn by Astronaut Shepard. Astronaut Mitchell reports, ""The number of surface rocks, or rocks compared with the number of surface fines is very small Houston. There's a few boulders lying around and there's a few blocks around some of the craters, but by and large, it's a powdery surface.""",https://www.lpi.usra.edu/lunar/samples/atlas/detail/?mission=Apollo%2014&sample=14259,,yes
cls8mp,LS-CMP-016-MR,"60019,215 Matrix Pwd","60019,215",60019,60019,subsample_or_fraction,"RELAB material 60019,215 Matrix Pwd linked only to Atlas parent page 60019; composition of this subsample, size fraction, mineral separate, or preparation is not implied",Do not transfer parent-sample composition without subsample-specific verification,rock,breccia,"coherent, medium-gray glassy breccia containing several large, light colored clasts",https://www.lpi.usra.edu/lunar/samples/atlas/detail/?mission=Apollo%2016&sample=60019,,yes
cls8mq,LS-CMP-016-MR,"60019,215 Matrix Pwd","60019,215",60019,60019,subsample_or_fraction,"RELAB material 60019,215 Matrix Pwd linked only to Atlas parent page 60019; composition of this subsample, size fraction, mineral separate, or preparation is not implied",Do not transfer parent-sample composition without subsample-specific verification,rock,breccia,"coherent, medium-gray glassy breccia containing several large, light colored clasts",https://www.lpi.usra.edu/lunar/samples/atlas/detail/?mission=Apollo%2016&sample=60019,,yes
cm7l15,LS-CMP-015-MR,"60019,215 W2 Matrix","60019,215",60019,60019,subsample_or_fraction,"RELAB material 60019,215 W2 Matrix linked only to Atlas parent page 60019; composition of this subsample, size fraction, mineral separate, or preparation is not implied",Do not transfer parent-sample composition without subsample-specific verification,rock,breccia,"coherent, medium-gray glassy breccia containing several large, light colored clasts",https://www.lpi.usra.edu/lunar/samples/atlas/detail/?mission=Apollo%2016&sample=60019,,yes
cmls13,LS-CMP-013,"72415,58","72415,58",72415,72415,subsample_or_fraction,"RELAB material 72415,58 linked only to Atlas parent page 72415; composition of this subsample, size fraction, mineral separate, or preparation is not implied",Do not transfer parent-sample composition without subsample-specific verification,rock,dunite,"Cataclastic dunite, homogeneous",https://www.lpi.usra.edu/lunar/samples/atlas/detail/?mission=Apollo%2017&sample=72415,,yes
cmls30,LS-CMP-030,"62231,14","62231,14",62231,62231,subsample_or_fraction,"RELAB material 62231,14 linked only to Atlas parent page 62231; composition of this subsample, size fraction, mineral separate, or preparation is not implied",Do not transfer parent-sample composition without subsample-specific verification,rake,soil,,https://www.lpi.usra.edu/lunar/samples/atlas/detail/?mission=Apollo%2016&sample=62231,,yes
cmls31,LS-CMP-031,"10084,255","10084,255",10084,10084,subsample_or_fraction,"RELAB material 10084,255 linked only to Atlas parent page 10084; composition of this subsample, size fraction, mineral separate, or preparation is not implied",Do not transfer parent-sample composition without subsample-specific verification,soil-general,,"The contingency sample was taken in front of quad IV of the LM. The documented sample was collected 5 meters north of the LM, the bulk sample was collected in front of quad IV by pouring scoops of loose soil to fill the voids left between rock samples in the bulk sample container. 10084 is the bulk soil sample. Soil is fine grained and hard in this sample area. There are few fragments and it is difficult to scoop deeper than 5 cm below the surface.",https://www.lpi.usra.edu/lunar/samples/atlas/detail/?mission=Apollo%2011&sample=10084,,yes
cmls32,LS-CMP-032,"12070,853","12070,853",12070,12070,subsample_or_fraction,"RELAB material 12070,853 linked only to Atlas parent page 12070; composition of this subsample, size fraction, mineral separate, or preparation is not implied",Do not transfer parent-sample composition without subsample-specific verification,,,,https://www.lpi.usra.edu/lunar/samples/atlas/detail/?mission=Apollo%2012&sample=12070,,yes
cmls33,LS-CMP-033,"14259,15","14259,15",14259,14259,subsample_or_fraction,"RELAB material 14259,15 linked only to Atlas parent page 14259; composition of this subsample, size fraction, mineral separate, or preparation is not implied",Do not transfer parent-sample composition without subsample-specific verification,,soil,"This scoop sample is part of the comprehensive sample collected 110 m WNW of LM along with 14165 through 14189, 14250 through 14289, 14298 through 14300, and 14420. All samples were collected from within a 4 m circle drawn by Astronaut Shepard. Astronaut Mitchell reports, ""The number of surface rocks, or rocks compared with the number of surface fines is very small Houston. There's a few boulders lying around and there's a few blocks around some of the craters, but by and large, it's a powdery surface.""",https://www.lpi.usra.edu/lunar/samples/atlas/detail/?mission=Apollo%2014&sample=14259,,yes
cmls49,LS-CMP-049-M,"10084,1780 45-75 um (wet-sieved)","10084,1780",10084,10084,subsample_or_fraction,"RELAB material 10084,1780 45-75 um (wet-sieved) linked only to Atlas parent page 10084; composition of this subsample, size fraction, mineral separate, or preparation is not implied",Do not transfer parent-sample composition without subsample-specific verification,soil-general,,"The contingency sample was taken in front of quad IV of the LM. The documented sample was collected 5 meters north of the LM, the bulk sample was collected in front of quad IV by pouring scoops of loose soil to fill the voids left between rock samples in the bulk sample container. 10084 is the bulk soil sample. Soil is fine grained and hard in this sample area. There are few fragments and it is difficult to scoop deeper than 5 cm below the surface.",https://www.lpi.usra.edu/lunar/samples/atlas/detail/?mission=Apollo%2011&sample=10084,,yes
cnls13,LS-CMP-013,"72415,58","72415,58",72415,72415,subsample_or_fraction,"RELAB material 72415,58 linked only to Atlas parent page 72415; composition of this subsample, size fraction, mineral separate, or preparation is not implied",Do not transfer parent-sample composition without subsample-specific verification,rock,dunite,"Cataclastic dunite, homogeneous",https://www.lpi.usra.edu/lunar/samples/atlas/detail/?mission=Apollo%2017&sample=72415,,yes
cnls30,LS-CMP-030,"62231,14","62231,14",62231,62231,subsample_or_fraction,"RELAB material 62231,14 linked only to Atlas parent page 62231; composition of this subsample, size fraction, mineral separate, or preparation is not implied",Do not transfer parent-sample composition without subsample-specific verification,rake,soil,,https://www.lpi.usra.edu/lunar/samples/atlas/detail/?mission=Apollo%2016&sample=62231,,yes
cnls31,LS-CMP-031,"10084,255","10084,255",10084,10084,subsample_or_fraction,"RELAB material 10084,255 linked only to Atlas parent page 10084; composition of this subsample, size fraction, mineral separate, or preparation is not implied",Do not transfer parent-sample composition without subsample-specific verification,soil-general,,"The contingency sample was taken in front of quad IV of the LM. The documented sample was collected 5 meters north of the LM, the bulk sample was collected in front of quad IV by pouring scoops of loose soil to fill the voids left between rock samples in the bulk sample container. 10084 is the bulk soil sample. Soil is fine grained and hard in this sample area. There are few fragments and it is difficult to scoop deeper than 5 cm below the surface.",https://www.lpi.usra.edu/lunar/samples/atlas/detail/?mission=Apollo%2011&sample=10084,,yes
cnls32,LS-CMP-032,"12070,853","12070,853",12070,12070,subsample_or_fraction,"RELAB material 12070,853 linked only to Atlas parent page 12070; composition of this subsample, size fraction, mineral separate, or preparation is not implied",Do not transfer parent-sample composition without subsample-specific verification,,,,https://www.lpi.usra.edu/lunar/samples/atlas/detail/?mission=Apollo%2012&sample=12070,,yes
cnls33,LS-CMP-033,"14259,15","14259,15",14259,14259,subsample_or_fraction,"RELAB material 14259,15 linked only to Atlas parent page 14259; composition of this subsample, size fraction, mineral separate, or preparation is not implied",Do not transfer parent-sample composition without subsample-specific verification,,soil,"This scoop sample is part of the comprehensive sample collected 110 m WNW of LM along with 14165 through 14189, 14250 through 14289, 14298 through 14300, and 14420. All samples were collected from within a 4 m circle drawn by Astronaut Shepard. Astronaut Mitchell reports, ""The number of surface rocks, or rocks compared with the number of surface fines is very small Houston. There's a few boulders lying around and there's a few blocks around some of the craters, but by and large, it's a powdery surface.""",https://www.lpi.usra.edu/lunar/samples/atlas/detail/?mission=Apollo%2014&sample=14259,,yes
cols13,LS-CMP-013,"72415,58","72415,58",72415,72415,subsample_or_fraction,"RELAB material 72415,58 linked only to Atlas parent page 72415; composition of this subsample, size fraction, mineral separate, or preparation is not implied",Do not transfer parent-sample composition without subsample-specific verification,rock,dunite,"Cataclastic dunite, homogeneous",https://www.lpi.usra.edu/lunar/samples/atlas/detail/?mission=Apollo%2017&sample=72415,,yes
cols30,LS-CMP-030,"62231,14","62231,14",62231,62231,subsample_or_fraction,"RELAB material 62231,14 linked only to Atlas parent page 62231; composition of this subsample, size fraction, mineral separate, or preparation is not implied",Do not transfer parent-sample composition without subsample-specific verification,rake,soil,,https://www.lpi.usra.edu/lunar/samples/atlas/detail/?mission=Apollo%2016&sample=62231,,yes
cols31,LS-CMP-031,"10084,255","10084,255",10084,10084,subsample_or_fraction,"RELAB material 10084,255 linked only to Atlas parent page 10084; composition of this subsample, size fraction, mineral separate, or preparation is not implied",Do not transfer parent-sample composition without subsample-specific verification,soil-general,,"The contingency sample was taken in front of quad IV of the LM. The documented sample was collected 5 meters north of the LM, the bulk sample was collected in front of quad IV by pouring scoops of loose soil to fill the voids left between rock samples in the bulk sample container. 10084 is the bulk soil sample. Soil is fine grained and hard in this sample area. There are few fragments and it is difficult to scoop deeper than 5 cm below the surface.",https://www.lpi.usra.edu/lunar/samples/atlas/detail/?mission=Apollo%2011&sample=10084,,yes
cols32,LS-CMP-032,"12070,853","12070,853",12070,12070,subsample_or_fraction,"RELAB material 12070,853 linked only to Atlas parent page 12070; composition of this subsample, size fraction, mineral separate, or preparation is not implied",Do not transfer parent-sample composition without subsample-specific verification,,,,https://www.lpi.usra.edu/lunar/samples/atlas/detail/?mission=Apollo%2012&sample=12070,,yes
cols33,LS-CMP-033,"14259,15","14259,15",14259,14259,subsample_or_fraction,"RELAB material 14259,15 linked only to Atlas parent page 14259; composition of this subsample, size fraction, mineral separate, or preparation is not implied",Do not transfer parent-sample composition without subsample-specific verification,,soil,"This scoop sample is part of the comprehensive sample collected 110 m WNW of LM along with 14165 through 14189, 14250 through 14289, 14298 through 14300, and 14420. All samples were collected from within a 4 m circle drawn by Astronaut Shepard. Astronaut Mitchell reports, ""The number of surface rocks, or rocks compared with the number of surface fines is very small Houston. There's a few boulders lying around and there's a few blocks around some of the craters, but by and large, it's a powdery surface.""",https://www.lpi.usra.edu/lunar/samples/atlas/detail/?mission=Apollo%2014&sample=14259,,yes
cols49,LS-CMP-049-O,"10084,1780 <25 um (45-75 um wet-sieved, ground to <25 um)","10084,1780",10084,10084,subsample_or_fraction,"RELAB material 10084,1780 <25 um (45-75 um wet-sieved, ground to <25 um) linked only to Atlas parent page 10084; composition of this subsample, size fraction, mineral separate, or preparation is not implied",Do not transfer parent-sample composition without subsample-specific verification,soil-general,,"The contingency sample was taken in front of quad IV of the LM. The documented sample was collected 5 meters north of the LM, the bulk sample was collected in front of quad IV by pouring scoops of loose soil to fill the voids left between rock samples in the bulk sample container. 10084 is the bulk soil sample. Soil is fine grained and hard in this sample area. There are few fragments and it is difficult to scoop deeper than 5 cm below the surface.",https://www.lpi.usra.edu/lunar/samples/atlas/detail/?mission=Apollo%2011&sample=10084,,yes
cpls30,LS-CMP-030,"62231,14","62231,14",62231,62231,subsample_or_fraction,"RELAB material 62231,14 linked only to Atlas parent page 62231; composition of this subsample, size fraction, mineral separate, or preparation is not implied",Do not transfer parent-sample composition without subsample-specific verification,rake,soil,,https://www.lpi.usra.edu/lunar/samples/atlas/detail/?mission=Apollo%2016&sample=62231,,yes
cpls31,LS-CMP-031,"10084,255","10084,255",10084,10084,subsample_or_fraction,"RELAB material 10084,255 linked only to Atlas parent page 10084; composition of this subsample, size fraction, mineral separate, or preparation is not implied",Do not transfer parent-sample composition without subsample-specific verification,soil-general,,"The contingency sample was taken in front of quad IV of the LM. The documented sample was collected 5 meters north of the LM, the bulk sample was collected in front of quad IV by pouring scoops of loose soil to fill the voids left between rock samples in the bulk sample container. 10084 is the bulk soil sample. Soil is fine grained and hard in this sample area. There are few fragments and it is difficult to scoop deeper than 5 cm below the surface.",https://www.lpi.usra.edu/lunar/samples/atlas/detail/?mission=Apollo%2011&sample=10084,,yes
cpls32,LS-CMP-032,"12070,853","12070,853",12070,12070,subsample_or_fraction,"RELAB material 12070,853 linked only to Atlas parent page 12070; composition of this subsample, size fraction, mineral separate, or preparation is not implied",Do not transfer parent-sample composition without subsample-specific verification,,,,https://www.lpi.usra.edu/lunar/samples/atlas/detail/?mission=Apollo%2012&sample=12070,,yes
cpls33,LS-CMP-033,"14259,15","14259,15",14259,14259,subsample_or_fraction,"RELAB material 14259,15 linked only to Atlas parent page 14259; composition of this subsample, size fraction, mineral separate, or preparation is not implied",Do not transfer parent-sample composition without subsample-specific verification,,soil,"This scoop sample is part of the comprehensive sample collected 110 m WNW of LM along with 14165 through 14189, 14250 through 14289, 14298 through 14300, and 14420. All samples were collected from within a 4 m circle drawn by Astronaut Shepard. Astronaut Mitchell reports, ""The number of surface rocks, or rocks compared with the number of surface fines is very small Houston. There's a few boulders lying around and there's a few blocks around some of the craters, but by and large, it's a powdery surface.""",https://www.lpi.usra.edu/lunar/samples/atlas/detail/?mission=Apollo%2014&sample=14259,,yes
cqls30,LS-CMP-030,"62231,14","62231,14",62231,62231,subsample_or_fraction,"RELAB material 62231,14 linked only to Atlas parent page 62231; composition of this subsample, size fraction, mineral separate, or preparation is not implied",Do not transfer parent-sample composition without subsample-specific verification,rake,soil,,https://www.lpi.usra.edu/lunar/samples/atlas/detail/?mission=Apollo%2016&sample=62231,,yes
cqls31,LS-CMP-031,"10084,255","10084,255",10084,10084,subsample_or_fraction,"RELAB material 10084,255 linked only to Atlas parent page 10084; composition of this subsample, size fraction, mineral separate, or preparation is not implied",Do not transfer parent-sample composition without subsample-specific verification,soil-general,,"The contingency sample was taken in front of quad IV of the LM. The documented sample was collected 5 meters north of the LM, the bulk sample was collected in front of quad IV by pouring scoops of loose soil to fill the voids left between rock samples in the bulk sample container. 10084 is the bulk soil sample. Soil is fine grained and hard in this sample area. There are few fragments and it is difficult to scoop deeper than 5 cm below the surface.",https://www.lpi.usra.edu/lunar/samples/atlas/detail/?mission=Apollo%2011&sample=10084,,yes
cqls32,LS-CMP-032,"12070,853","12070,853",12070,12070,subsample_or_fraction,"RELAB material 12070,853 linked only to Atlas parent page 12070; composition of this subsample, size fraction, mineral separate, or preparation is not implied",Do not transfer parent-sample composition without subsample-specific verification,,,,https://www.lpi.usra.edu/lunar/samples/atlas/detail/?mission=Apollo%2012&sample=12070,,yes
cqls33,LS-CMP-033,"14259,15","14259,15",14259,14259,subsample_or_fraction,"RELAB material 14259,15 linked only to Atlas parent page 14259; composition of this subsample, size fraction, mineral separate, or preparation is not implied",Do not transfer parent-sample composition without subsample-specific verification,,soil,"This scoop sample is part of the comprehensive sample collected 110 m WNW of LM along with 14165 through 14189, 14250 through 14289, 14298 through 14300, and 14420. All samples were collected from within a 4 m circle drawn by Astronaut Shepard. Astronaut Mitchell reports, ""The number of surface rocks, or rocks compared with the number of surface fines is very small Houston. There's a few boulders lying around and there's a few blocks around some of the craters, but by and large, it's a powdery surface.""",https://www.lpi.usra.edu/lunar/samples/atlas/detail/?mission=Apollo%2014&sample=14259,,yes
crls30,LS-CMP-030,"62231,14","62231,14",62231,62231,subsample_or_fraction,"RELAB material 62231,14 linked only to Atlas parent page 62231; composition of this subsample, size fraction, mineral separate, or preparation is not implied",Do not transfer parent-sample composition without subsample-specific verification,rake,soil,,https://www.lpi.usra.edu/lunar/samples/atlas/detail/?mission=Apollo%2016&sample=62231,,yes
crls31,LS-CMP-031,"10084,255","10084,255",10084,10084,subsample_or_fraction,"RELAB material 10084,255 linked only to Atlas parent page 10084; composition of this subsample, size fraction, mineral separate, or preparation is not implied",Do not transfer parent-sample composition without subsample-specific verification,soil-general,,"The contingency sample was taken in front of quad IV of the LM. The documented sample was collected 5 meters north of the LM, the bulk sample was collected in front of quad IV by pouring scoops of loose soil to fill the voids left between rock samples in the bulk sample container. 10084 is the bulk soil sample. Soil is fine grained and hard in this sample area. There are few fragments and it is difficult to scoop deeper than 5 cm below the surface.",https://www.lpi.usra.edu/lunar/samples/atlas/detail/?mission=Apollo%2011&sample=10084,,yes
crls32,LS-CMP-032,"12070,853","12070,853",12070,12070,subsample_or_fraction,"RELAB material 12070,853 linked only to Atlas parent page 12070; composition of this subsample, size fraction, mineral separate, or preparation is not implied",Do not transfer parent-sample composition without subsample-specific verification,,,,https://www.lpi.usra.edu/lunar/samples/atlas/detail/?mission=Apollo%2012&sample=12070,,yes
crls33,LS-CMP-033,"14259,15","14259,15",14259,14259,subsample_or_fraction,"RELAB material 14259,15 linked only to Atlas parent page 14259; composition of this subsample, size fraction, mineral separate, or preparation is not implied",Do not transfer parent-sample composition without subsample-specific verification,,soil,"This scoop sample is part of the comprehensive sample collected 110 m WNW of LM along with 14165 through 14189, 14250 through 14289, 14298 through 14300, and 14420. All samples were collected from within a 4 m circle drawn by Astronaut Shepard. Astronaut Mitchell reports, ""The number of surface rocks, or rocks compared with the number of surface fines is very small Houston. There's a few boulders lying around and there's a few blocks around some of the craters, but by and large, it's a powdery surface.""",https://www.lpi.usra.edu/lunar/samples/atlas/detail/?mission=Apollo%2014&sample=14259,,yes
csls30,LS-CMP-030,"62231,14","62231,14",62231,62231,subsample_or_fraction,"RELAB material 62231,14 linked only to Atlas parent page 62231; composition of this subsample, size fraction, mineral separate, or preparation is not implied",Do not transfer parent-sample composition without subsample-specific verification,rake,soil,,https://www.lpi.usra.edu/lunar/samples/atlas/detail/?mission=Apollo%2016&sample=62231,,yes
csls31,LS-CMP-031,"10084,255","10084,255",10084,10084,subsample_or_fraction,"RELAB material 10084,255 linked only to Atlas parent page 10084; composition of this subsample, size fraction, mineral separate, or preparation is not implied",Do not transfer parent-sample composition without subsample-specific verification,soil-general,,"The contingency sample was taken in front of quad IV of the LM. The documented sample was collected 5 meters north of the LM, the bulk sample was collected in front of quad IV by pouring scoops of loose soil to fill the voids left between rock samples in the bulk sample container. 10084 is the bulk soil sample. Soil is fine grained and hard in this sample area. There are few fragments and it is difficult to scoop deeper than 5 cm below the surface.",https://www.lpi.usra.edu/lunar/samples/atlas/detail/?mission=Apollo%2011&sample=10084,,yes
csls32,LS-CMP-032,"12070,853","12070,853",12070,12070,subsample_or_fraction,"RELAB material 12070,853 linked only to Atlas parent page 12070; composition of this subsample, size fraction, mineral separate, or preparation is not implied",Do not transfer parent-sample composition without subsample-specific verification,,,,https://www.lpi.usra.edu/lunar/samples/atlas/detail/?mission=Apollo%2012&sample=12070,,yes
csls33,LS-CMP-033,"14259,15","14259,15",14259,14259,subsample_or_fraction,"RELAB material 14259,15 linked only to Atlas parent page 14259; composition of this subsample, size fraction, mineral separate, or preparation is not implied",Do not transfer parent-sample composition without subsample-specific verification,,soil,"This scoop sample is part of the comprehensive sample collected 110 m WNW of LM along with 14165 through 14189, 14250 through 14289, 14298 through 14300, and 14420. All samples were collected from within a 4 m circle drawn by Astronaut Shepard. Astronaut Mitchell reports, ""The number of surface rocks, or rocks compared with the number of surface fines is very small Houston. There's a few boulders lying around and there's a few blocks around some of the craters, but by and large, it's a powdery surface.""",https://www.lpi.usra.edu/lunar/samples/atlas/detail/?mission=Apollo%2014&sample=14259,,yes
ctls30,LS-CMP-030,"62231,14","62231,14",62231,62231,subsample_or_fraction,"RELAB material 62231,14 linked only to Atlas parent page 62231; composition of this subsample, size fraction, mineral separate, or preparation is not implied",Do not transfer parent-sample composition without subsample-specific verification,rake,soil,,https://www.lpi.usra.edu/lunar/samples/atlas/detail/?mission=Apollo%2016&sample=62231,,yes
ctls31,LS-CMP-031,"10084,255","10084,255",10084,10084,subsample_or_fraction,"RELAB material 10084,255 linked only to Atlas parent page 10084; composition of this subsample, size fraction, mineral separate, or preparation is not implied",Do not transfer parent-sample composition without subsample-specific verification,soil-general,,"The contingency sample was taken in front of quad IV of the LM. The documented sample was collected 5 meters north of the LM, the bulk sample was collected in front of quad IV by pouring scoops of loose soil to fill the voids left between rock samples in the bulk sample container. 10084 is the bulk soil sample. Soil is fine grained and hard in this sample area. There are few fragments and it is difficult to scoop deeper than 5 cm below the surface.",https://www.lpi.usra.edu/lunar/samples/atlas/detail/?mission=Apollo%2011&sample=10084,,yes
ctls32,LS-CMP-032,"12070,853","12070,853",12070,12070,subsample_or_fraction,"RELAB material 12070,853 linked only to Atlas parent page 12070; composition of this subsample, size fraction, mineral separate, or preparation is not implied",Do not transfer parent-sample composition without subsample-specific verification,,,,https://www.lpi.usra.edu/lunar/samples/atlas/detail/?mission=Apollo%2012&sample=12070,,yes
ctls33,LS-CMP-033,"14259,15","14259,15",14259,14259,subsample_or_fraction,"RELAB material 14259,15 linked only to Atlas parent page 14259; composition of this subsample, size fraction, mineral separate, or preparation is not implied",Do not transfer parent-sample composition without subsample-specific verification,,soil,"This scoop sample is part of the comprehensive sample collected 110 m WNW of LM along with 14165 through 14189, 14250 through 14289, 14298 through 14300, and 14420. All samples were collected from within a 4 m circle drawn by Astronaut Shepard. Astronaut Mitchell reports, ""The number of surface rocks, or rocks compared with the number of surface fines is very small Houston. There's a few boulders lying around and there's a few blocks around some of the craters, but by and large, it's a powdery surface.""",https://www.lpi.usra.edu/lunar/samples/atlas/detail/?mission=Apollo%2014&sample=14259,,yes
culs30,LS-CMP-030,"62231,14","62231,14",62231,62231,subsample_or_fraction,"RELAB material 62231,14 linked only to Atlas parent page 62231; composition of this subsample, size fraction, mineral separate, or preparation is not implied",Do not transfer parent-sample composition without subsample-specific verification,rake,soil,,https://www.lpi.usra.edu/lunar/samples/atlas/detail/?mission=Apollo%2016&sample=62231,,yes
culs31,LS-CMP-031,"10084,255","10084,255",10084,10084,subsample_or_fraction,"RELAB material 10084,255 linked only to Atlas parent page 10084; composition of this subsample, size fraction, mineral separate, or preparation is not implied",Do not transfer parent-sample composition without subsample-specific verification,soil-general,,"The contingency sample was taken in front of quad IV of the LM. The documented sample was collected 5 meters north of the LM, the bulk sample was collected in front of quad IV by pouring scoops of loose soil to fill the voids left between rock samples in the bulk sample container. 10084 is the bulk soil sample. Soil is fine grained and hard in this sample area. There are few fragments and it is difficult to scoop deeper than 5 cm below the surface.",https://www.lpi.usra.edu/lunar/samples/atlas/detail/?mission=Apollo%2011&sample=10084,,yes
culs32,LS-CMP-032,"12070,853","12070,853",12070,12070,subsample_or_fraction,"RELAB material 12070,853 linked only to Atlas parent page 12070; composition of this subsample, size fraction, mineral separate, or preparation is not implied",Do not transfer parent-sample composition without subsample-specific verification,,,,https://www.lpi.usra.edu/lunar/samples/atlas/detail/?mission=Apollo%2012&sample=12070,,yes
culs33,LS-CMP-033,"14259,15","14259,15",14259,14259,subsample_or_fraction,"RELAB material 14259,15 linked only to Atlas parent page 14259; composition of this subsample, size fraction, mineral separate, or preparation is not implied",Do not transfer parent-sample composition without subsample-specific verification,,soil,"This scoop sample is part of the comprehensive sample collected 110 m WNW of LM along with 14165 through 14189, 14250 through 14289, 14298 through 14300, and 14420. All samples were collected from within a 4 m circle drawn by Astronaut Shepard. Astronaut Mitchell reports, ""The number of surface rocks, or rocks compared with the number of surface fines is very small Houston. There's a few boulders lying around and there's a few blocks around some of the craters, but by and large, it's a powdery surface.""",https://www.lpi.usra.edu/lunar/samples/atlas/detail/?mission=Apollo%2014&sample=14259,,yes
cvls30,LS-CMP-030,"62231,14","62231,14",62231,62231,subsample_or_fraction,"RELAB material 62231,14 linked only to Atlas parent page 62231; composition of this subsample, size fraction, mineral separate, or preparation is not implied",Do not transfer parent-sample composition without subsample-specific verification,rake,soil,,https://www.lpi.usra.edu/lunar/samples/atlas/detail/?mission=Apollo%2016&sample=62231,,yes
cvls31,LS-CMP-031,"10084,255","10084,255",10084,10084,subsample_or_fraction,"RELAB material 10084,255 linked only to Atlas parent page 10084; composition of this subsample, size fraction, mineral separate, or preparation is not implied",Do not transfer parent-sample composition without subsample-specific verification,soil-general,,"The contingency sample was taken in front of quad IV of the LM. The documented sample was collected 5 meters north of the LM, the bulk sample was collected in front of quad IV by pouring scoops of loose soil to fill the voids left between rock samples in the bulk sample container. 10084 is the bulk soil sample. Soil is fine grained and hard in this sample area. There are few fragments and it is difficult to scoop deeper than 5 cm below the surface.",https://www.lpi.usra.edu/lunar/samples/atlas/detail/?mission=Apollo%2011&sample=10084,,yes
cvls32,LS-CMP-032,"12070,853","12070,853",12070,12070,subsample_or_fraction,"RELAB material 12070,853 linked only to Atlas parent page 12070; composition of this subsample, size fraction, mineral separate, or preparation is not implied",Do not transfer parent-sample composition without subsample-specific verification,,,,https://www.lpi.usra.edu/lunar/samples/atlas/detail/?mission=Apollo%2012&sample=12070,,yes
cvls33,LS-CMP-033,"14259,15","14259,15",14259,14259,subsample_or_fraction,"RELAB material 14259,15 linked only to Atlas parent page 14259; composition of this subsample, size fraction, mineral separate, or preparation is not implied",Do not transfer parent-sample composition without subsample-specific verification,,soil,"This scoop sample is part of the comprehensive sample collected 110 m WNW of LM along with 14165 through 14189, 14250 through 14289, 14298 through 14300, and 14420. All samples were collected from within a 4 m circle drawn by Astronaut Shepard. Astronaut Mitchell reports, ""The number of surface rocks, or rocks compared with the number of surface fines is very small Houston. There's a few boulders lying around and there's a few blocks around some of the craters, but by and large, it's a powdery surface.""",https://www.lpi.usra.edu/lunar/samples/atlas/detail/?mission=Apollo%2014&sample=14259,,yes
cwls30,LS-CMP-030,"62231,14","62231,14",62231,62231,subsample_or_fraction,"RELAB material 62231,14 linked only to Atlas parent page 62231; composition of this subsample, size fraction, mineral separate, or preparation is not implied",Do not transfer parent-sample composition without subsample-specific verification,rake,soil,,https://www.lpi.usra.edu/lunar/samples/atlas/detail/?mission=Apollo%2016&sample=62231,,yes
cwls31,LS-CMP-031,"10084,255","10084,255",10084,10084,subsample_or_fraction,"RELAB material 10084,255 linked only to Atlas parent page 10084; composition of this subsample, size fraction, mineral separate, or preparation is not implied",Do not transfer parent-sample composition without subsample-specific verification,soil-general,,"The contingency sample was taken in front of quad IV of the LM. The documented sample was collected 5 meters north of the LM, the bulk sample was collected in front of quad IV by pouring scoops of loose soil to fill the voids left between rock samples in the bulk sample container. 10084 is the bulk soil sample. Soil is fine grained and hard in this sample area. There are few fragments and it is difficult to scoop deeper than 5 cm below the surface.",https://www.lpi.usra.edu/lunar/samples/atlas/detail/?mission=Apollo%2011&sample=10084,,yes
cwls32,LS-CMP-032,"12070,853","12070,853",12070,12070,subsample_or_fraction,"RELAB material 12070,853 linked only to Atlas parent page 12070; composition of this subsample, size fraction, mineral separate, or preparation is not implied",Do not transfer parent-sample composition without subsample-specific verification,,,,https://www.lpi.usra.edu/lunar/samples/atlas/detail/?mission=Apollo%2012&sample=12070,,yes
cwls33,LS-CMP-033,"14259,15","14259,15",14259,14259,subsample_or_fraction,"RELAB material 14259,15 linked only to Atlas parent page 14259; composition of this subsample, size fraction, mineral separate, or preparation is not implied",Do not transfer parent-sample composition without subsample-specific verification,,soil,"This scoop sample is part of the comprehensive sample collected 110 m WNW of LM along with 14165 through 14189, 14250 through 14289, 14298 through 14300, and 14420. All samples were collected from within a 4 m circle drawn by Astronaut Shepard. Astronaut Mitchell reports, ""The number of surface rocks, or rocks compared with the number of surface fines is very small Houston. There's a few boulders lying around and there's a few blocks around some of the craters, but by and large, it's a powdery surface.""",https://www.lpi.usra.edu/lunar/samples/atlas/detail/?mission=Apollo%2014&sample=14259,,yes
cxls28,LS-CMP-028,"76015,191","76015,191",76015,76015,subsample_or_fraction,"RELAB material 76015,191 linked only to Atlas parent page 76015; composition of this subsample, size fraction, mineral separate, or preparation is not implied",Do not transfer parent-sample composition without subsample-specific verification,rock,impact melt breccia,Vesicular Micropoikilitic Impact Melt Breccia; chipped off top corner of Block 5 of big boulder at Station 6; summarized by Spudis/Ryder (1981) that boulder is from the melt sheet or ejecta blanket from the Serenitatus impact event,https://www.lpi.usra.edu/lunar/samples/atlas/detail/?mission=Apollo%2017&sample=76015,,yes
cxls30,LS-CMP-030,"62231,14","62231,14",62231,62231,subsample_or_fraction,"RELAB material 62231,14 linked only to Atlas parent page 62231; composition of this subsample, size fraction, mineral separate, or preparation is not implied",Do not transfer parent-sample composition without subsample-specific verification,rake,soil,,https://www.lpi.usra.edu/lunar/samples/atlas/detail/?mission=Apollo%2016&sample=62231,,yes
cxls31,LS-CMP-031,"10084,255","10084,255",10084,10084,subsample_or_fraction,"RELAB material 10084,255 linked only to Atlas parent page 10084; composition of this subsample, size fraction, mineral separate, or preparation is not implied",Do not transfer parent-sample composition without subsample-specific verification,soil-general,,"The contingency sample was taken in front of quad IV of the LM. The documented sample was collected 5 meters north of the LM, the bulk sample was collected in front of quad IV by pouring scoops of loose soil to fill the voids left between rock samples in the bulk sample container. 10084 is the bulk soil sample. Soil is fine grained and hard in this sample area. There are few fragments and it is difficult to scoop deeper than 5 cm below the surface.",https://www.lpi.usra.edu/lunar/samples/atlas/detail/?mission=Apollo%2011&sample=10084,,yes
cxls32,LS-CMP-032,"12070,853","12070,853",12070,12070,subsample_or_fraction,"RELAB material 12070,853 linked only to Atlas parent page 12070; composition of this subsample, size fraction, mineral separate, or preparation is not implied",Do not transfer parent-sample composition without subsample-specific verification,,,,https://www.lpi.usra.edu/lunar/samples/atlas/detail/?mission=Apollo%2012&sample=12070,,yes
cxls33,LS-CMP-033,"14259,15","14259,15",14259,14259,subsample_or_fraction,"RELAB material 14259,15 linked only to Atlas parent page 14259; composition of this subsample, size fraction, mineral separate, or preparation is not implied",Do not transfer parent-sample composition without subsample-specific verification,,soil,"This scoop sample is part of the comprehensive sample collected 110 m WNW of LM along with 14165 through 14189, 14250 through 14289, 14298 through 14300, and 14420. All samples were collected from within a 4 m circle drawn by Astronaut Shepard. Astronaut Mitchell reports, ""The number of surface rocks, or rocks compared with the number of surface fines is very small Houston. There's a few boulders lying around and there's a few blocks around some of the craters, but by and large, it's a powdery surface.""",https://www.lpi.usra.edu/lunar/samples/atlas/detail/?mission=Apollo%2014&sample=14259,,yes
cyls28,LS-CMP-028,"76015,191","76015,191",76015,76015,subsample_or_fraction,"RELAB material 76015,191 linked only to Atlas parent page 76015; composition of this subsample, size fraction, mineral separate, or preparation is not implied",Do not transfer parent-sample composition without subsample-specific verification,rock,impact melt breccia,Vesicular Micropoikilitic Impact Melt Breccia; chipped off top corner of Block 5 of big boulder at Station 6; summarized by Spudis/Ryder (1981) that boulder is from the melt sheet or ejecta blanket from the Serenitatus impact event,https://www.lpi.usra.edu/lunar/samples/atlas/detail/?mission=Apollo%2017&sample=76015,,yes
cyls30,LS-CMP-030,"62231,14","62231,14",62231,62231,subsample_or_fraction,"RELAB material 62231,14 linked only to Atlas parent page 62231; composition of this subsample, size fraction, mineral separate, or preparation is not implied",Do not transfer parent-sample composition without subsample-specific verification,rake,soil,,https://www.lpi.usra.edu/lunar/samples/atlas/detail/?mission=Apollo%2016&sample=62231,,yes
czls30,LS-CMP-030,"62231,14","62231,14",62231,62231,subsample_or_fraction,"RELAB material 62231,14 linked only to Atlas parent page 62231; composition of this subsample, size fraction, mineral separate, or preparation is not implied",Do not transfer parent-sample composition without subsample-specific verification,rake,soil,,https://www.lpi.usra.edu/lunar/samples/atlas/detail/?mission=Apollo%2016&sample=62231,,yes
glue13,LS-CMP-013,"72415,58","72415,58",72415,72415,subsample_or_fraction,"RELAB material 72415,58 linked only to Atlas parent page 72415; composition of this subsample, size fraction, mineral separate, or preparation is not implied",Do not transfer parent-sample composition without subsample-specific verification,rock,dunite,"Cataclastic dunite, homogeneous",https://www.lpi.usra.edu/lunar/samples/atlas/detail/?mission=Apollo%2017&sample=72415,,yes
log,LS-CMP-030,"62231,14","62231,14",62231,62231,subsample_or_fraction,"RELAB material 62231,14 linked only to Atlas parent page 62231; composition of this subsample, size fraction, mineral separate, or preparation is not implied",Do not transfer parent-sample composition without subsample-specific verification,rake,soil,,https://www.lpi.usra.edu/lunar/samples/atlas/detail/?mission=Apollo%2016&sample=62231,,yes
r1ls16,LS-CMP-016-R1,"60019,215 Spot R1","60019,215",60019,60019,subsample_or_fraction,"RELAB material 60019,215 Spot R1 linked only to Atlas parent page 60019; composition of this subsample, size fraction, mineral separate, or preparation is not implied",Do not transfer parent-sample composition without subsample-specific verification,rock,breccia,"coherent, medium-gray glassy breccia containing several large, light colored clasts",https://www.lpi.usra.edu/lunar/samples/atlas/detail/?mission=Apollo%2016&sample=60019,,yes
r2ls16,LS-CMP-016-R2,"60019,215 Spot R2","60019,215",60019,60019,subsample_or_fraction,"RELAB material 60019,215 Spot R2 linked only to Atlas parent page 60019; composition of this subsample, size fraction, mineral separate, or preparation is not implied",Do not transfer parent-sample composition without subsample-specific verification,rock,breccia,"coherent, medium-gray glassy breccia containing several large, light colored clasts",https://www.lpi.usra.edu/lunar/samples/atlas/detail/?mission=Apollo%2016&sample=60019,,yes
r3ls16,LS-CMP-016-R3,"60019,215 Clast R3","60019,215",60019,60019,subsample_or_fraction,"RELAB material 60019,215 Clast R3 linked only to Atlas parent page 60019; composition of this subsample, size fraction, mineral separate, or preparation is not implied",Do not transfer parent-sample composition without subsample-specific verification,rock,breccia,"coherent, medium-gray glassy breccia containing several large, light colored clasts",https://www.lpi.usra.edu/lunar/samples/atlas/detail/?mission=Apollo%2016&sample=60019,,yes
rc1ls12,LS-CMP-012,"78235,9002A pyroxene separate","78235,9002A",78235,78235,subsample_or_fraction,"RELAB material 78235,9002A pyroxene separate linked only to Atlas parent page 78235; composition of this subsample, size fraction, mineral separate, or preparation is not implied",Do not transfer parent-sample composition without subsample-specific verification,rock,norite,Shocked Norite,https://www.lpi.usra.edu/lunar/samples/atlas/detail/?mission=Apollo%2017&sample=78235,,yes
rsc1ls12,LS-CMP-012,"78235,9002A pyroxene separate","78235,9002A",78235,78235,subsample_or_fraction,"RELAB material 78235,9002A pyroxene separate linked only to Atlas parent page 78235; composition of this subsample, size fraction, mineral separate, or preparation is not implied",Do not transfer parent-sample composition without subsample-specific verification,rock,norite,Shocked Norite,https://www.lpi.usra.edu/lunar/samples/atlas/detail/?mission=Apollo%2017&sample=78235,,yes
s10ls8,LS-CMP-008-MR,"60019,215 E2","60019,215",60019,60019,subsample_or_fraction,"RELAB material 60019,215 E2 linked only to Atlas parent page 60019; composition of this subsample, size fraction, mineral separate, or preparation is not implied",Do not transfer parent-sample composition without subsample-specific verification,rock,breccia,"coherent, medium-gray glassy breccia containing several large, light colored clasts",https://www.lpi.usra.edu/lunar/samples/atlas/detail/?mission=Apollo%2016&sample=60019,,yes
s1ls01,LS-CMP-001,"15555,798","15555,798",15555,15555,subsample_or_fraction,"RELAB material 15555,798 linked only to Atlas parent page 15555; composition of this subsample, size fraction, mineral separate, or preparation is not implied",Do not transfer parent-sample composition without subsample-specific verification,,basalt,"(""Great Scott"") is both the largest and the most intensively studied of the Apollo 15 rocks. It is a medium-grained olivine basalt, with a few percent small vugs. It is probably very close to a liquid composition, i.e., it contains few, if any, accumulated crystals. It crystallized ~3.3 b.y. ago. Unlike other nearby rocks, 15555 was not dust-coated. It is generally tough, but many exterior chips fell off during earth transit and many of these pieces are friable. It is sub-rounded and blocky, with many zap pits.",https://www.lpi.usra.edu/lunar/samples/atlas/detail/?mission=Apollo%2015&sample=15555,,yes
s1ls02,LS-CMP-002,"15555,799","15555,799",15555,15555,subsample_or_fraction,"RELAB material 15555,799 linked only to Atlas parent page 15555; composition of this subsample, size fraction, mineral separate, or preparation is not implied",Do not transfer parent-sample composition without subsample-specific verification,,basalt,"(""Great Scott"") is both the largest and the most intensively studied of the Apollo 15 rocks. It is a medium-grained olivine basalt, with a few percent small vugs. It is probably very close to a liquid composition, i.e., it contains few, if any, accumulated crystals. It crystallized ~3.3 b.y. ago. Unlike other nearby rocks, 15555 was not dust-coated. It is generally tough, but many exterior chips fell off during earth transit and many of these pieces are friable. It is sub-rounded and blocky, with many zap pits.",https://www.lpi.usra.edu/lunar/samples/atlas/detail/?mission=Apollo%2015&sample=15555,,yes
s1ls03,LS-CMP-003,"72415,64","72415,64",72415,72415,subsample_or_fraction,"RELAB material 72415,64 linked only to Atlas parent page 72415; composition of this subsample, size fraction, mineral separate, or preparation is not implied",Do not transfer parent-sample composition without subsample-specific verification,rock,dunite,"Cataclastic dunite, homogeneous",https://www.lpi.usra.edu/lunar/samples/atlas/detail/?mission=Apollo%2017&sample=72415,,yes
s1ls04,LS-CMP-004,"76535,93","76535,93",76535,76535,subsample_or_fraction,"RELAB material 76535,93 linked only to Atlas parent page 76535; composition of this subsample, size fraction, mineral separate, or preparation is not implied",Do not transfer parent-sample composition without subsample-specific verification,rake,troctolite,"Troctolite, random sample as part of rake sample at Station 6",https://www.lpi.usra.edu/lunar/samples/atlas/detail/?mission=Apollo%2017&sample=76535,,yes
s1ls05,LS-CMP-005,"72415,64b clear olivine separate","72415,64b",72415,72415,subsample_or_fraction,"RELAB material 72415,64b clear olivine separate linked only to Atlas parent page 72415; composition of this subsample, size fraction, mineral separate, or preparation is not implied",Do not transfer parent-sample composition without subsample-specific verification,rock,dunite,"Cataclastic dunite, homogeneous",https://www.lpi.usra.edu/lunar/samples/atlas/detail/?mission=Apollo%2017&sample=72415,,yes
s1ls06,LS-CMP-006,"76535,94","76535,94",76535,76535,subsample_or_fraction,"RELAB material 76535,94 linked only to Atlas parent page 76535; composition of this subsample, size fraction, mineral separate, or preparation is not implied",Do not transfer parent-sample composition without subsample-specific verification,rake,troctolite,"Troctolite, random sample as part of rake sample at Station 6",https://www.lpi.usra.edu/lunar/samples/atlas/detail/?mission=Apollo%2017&sample=76535,,yes
s1ls09,LS-CMP-009,"12063,199","12063,199",12063,12063,subsample_or_fraction,"RELAB material 12063,199 linked only to Atlas parent page 12063; composition of this subsample, size fraction, mineral separate, or preparation is not implied",Do not transfer parent-sample composition without subsample-specific verification,rock,basalt,diabase (terrestrial analogue); ilmenite microgabbro similar to Apollo 11 (Chao),https://www.lpi.usra.edu/lunar/samples/atlas/detail/?mission=Apollo%2012&sample=12063,,yes
s1ls10,LS-CMP-010,"67455,63","67455,63",67455,67455,subsample_or_fraction,"RELAB material 67455,63 linked only to Atlas parent page 67455; composition of this subsample, size fraction, mineral separate, or preparation is not implied",Do not transfer parent-sample composition without subsample-specific verification,rake,breccia,"very friable, white polymict feldspathic breccia",https://www.lpi.usra.edu/lunar/samples/atlas/detail/?mission=Apollo%2016&sample=67455,,yes
s1ls11,LS-CMP-011,"15415,60","15415,60",15415,15415,subsample_or_fraction,"RELAB material 15415,60 linked only to Atlas parent page 15415; composition of this subsample, size fraction, mineral separate, or preparation is not implied",Do not transfer parent-sample composition without subsample-specific verification,rock,anorthite,"Anorthite. Corse-grained, ferroan crystalline rock with complex cataclastic and metamorphic history. Pale, blocky, angular to subrounded sample, which was originally partly dust-covered.",https://www.lpi.usra.edu/lunar/samples/atlas/detail/?mission=Apollo%2015&sample=15415,,yes
s1ls12,LS-CMP-012,"78235,9002A pyroxene separate","78235,9002A",78235,78235,subsample_or_fraction,"RELAB material 78235,9002A pyroxene separate linked only to Atlas parent page 78235; composition of this subsample, size fraction, mineral separate, or preparation is not implied",Do not transfer parent-sample composition without subsample-specific verification,rock,norite,Shocked Norite,https://www.lpi.usra.edu/lunar/samples/atlas/detail/?mission=Apollo%2017&sample=78235,,yes
s1ls14,LS-CMP-014,"12063,197","12063,197",12063,12063,subsample_or_fraction,"RELAB material 12063,197 linked only to Atlas parent page 12063; composition of this subsample, size fraction, mineral separate, or preparation is not implied",Do not transfer parent-sample composition without subsample-specific verification,rock,basalt,diabase (terrestrial analogue); ilmenite microgabbro similar to Apollo 11 (Chao),https://www.lpi.usra.edu/lunar/samples/atlas/detail/?mission=Apollo%2012&sample=12063,,yes
s1ls15,LS-CMP-015-G1,"60019,215 Clast G1","60019,215",60019,60019,subsample_or_fraction,"RELAB material 60019,215 Clast G1 linked only to Atlas parent page 60019; composition of this subsample, size fraction, mineral separate, or preparation is not implied",Do not transfer parent-sample composition without subsample-specific verification,rock,breccia,"coherent, medium-gray glassy breccia containing several large, light colored clasts",https://www.lpi.usra.edu/lunar/samples/atlas/detail/?mission=Apollo%2016&sample=60019,,yes
s1ls17,LS-CMP-017,"60019,215 Chip #8","60019,215",60019,60019,subsample_or_fraction,"RELAB material 60019,215 Chip #8 linked only to Atlas parent page 60019; composition of this subsample, size fraction, mineral separate, or preparation is not implied",Do not transfer parent-sample composition without subsample-specific verification,rock,breccia,"coherent, medium-gray glassy breccia containing several large, light colored clasts",https://www.lpi.usra.edu/lunar/samples/atlas/detail/?mission=Apollo%2016&sample=60019,,yes
s2gl15,LS-CMP-015-G2,"60019,215 Clast G2","60019,215",60019,60019,subsample_or_fraction,"RELAB material 60019,215 Clast G2 linked only to Atlas parent page 60019; composition of this subsample, size fraction, mineral separate, or preparation is not implied",Do not transfer parent-sample composition without subsample-specific verification,rock,breccia,"coherent, medium-gray glassy breccia containing several large, light colored clasts",https://www.lpi.usra.edu/lunar/samples/atlas/detail/?mission=Apollo%2016&sample=60019,,yes
s2ls01,LS-CMP-001,"15555,798","15555,798",15555,15555,subsample_or_fraction,"RELAB material 15555,798 linked only to Atlas parent page 15555; composition of this subsample, size fraction, mineral separate, or preparation is not implied",Do not transfer parent-sample composition without subsample-specific verification,,basalt,"(""Great Scott"") is both the largest and the most intensively studied of the Apollo 15 rocks. It is a medium-grained olivine basalt, with a few percent small vugs. It is probably very close to a liquid composition, i.e., it contains few, if any, accumulated crystals. It crystallized ~3.3 b.y. ago. Unlike other nearby rocks, 15555 was not dust-coated. It is generally tough, but many exterior chips fell off during earth transit and many of these pieces are friable. It is sub-rounded and blocky, with many zap pits.",https://www.lpi.usra.edu/lunar/samples/atlas/detail/?mission=Apollo%2015&sample=15555,,yes
s2ls02,LS-CMP-002,"15555,799","15555,799",15555,15555,subsample_or_fraction,"RELAB material 15555,799 linked only to Atlas parent page 15555; composition of this subsample, size fraction, mineral separate, or preparation is not implied",Do not transfer parent-sample composition without subsample-specific verification,,basalt,"(""Great Scott"") is both the largest and the most intensively studied of the Apollo 15 rocks. It is a medium-grained olivine basalt, with a few percent small vugs. It is probably very close to a liquid composition, i.e., it contains few, if any, accumulated crystals. It crystallized ~3.3 b.y. ago. Unlike other nearby rocks, 15555 was not dust-coated. It is generally tough, but many exterior chips fell off during earth transit and many of these pieces are friable. It is sub-rounded and blocky, with many zap pits.",https://www.lpi.usra.edu/lunar/samples/atlas/detail/?mission=Apollo%2015&sample=15555,,yes
s2ls03,LS-CMP-003,"72415,64","72415,64",72415,72415,subsample_or_fraction,"RELAB material 72415,64 linked only to Atlas parent page 72415; composition of this subsample, size fraction, mineral separate, or preparation is not implied",Do not transfer parent-sample composition without subsample-specific verification,rock,dunite,"Cataclastic dunite, homogeneous",https://www.lpi.usra.edu/lunar/samples/atlas/detail/?mission=Apollo%2017&sample=72415,,yes
s2ls12,LS-CMP-012,"78235,9002A pyroxene separate","78235,9002A",78235,78235,subsample_or_fraction,"RELAB material 78235,9002A pyroxene separate linked only to Atlas parent page 78235; composition of this subsample, size fraction, mineral separate, or preparation is not implied",Do not transfer parent-sample composition without subsample-specific verification,rock,norite,Shocked Norite,https://www.lpi.usra.edu/lunar/samples/atlas/detail/?mission=Apollo%2017&sample=78235,,yes
s2ls16,LS-CMP-016-S2,"60019,215 Spot S2","60019,215",60019,60019,subsample_or_fraction,"RELAB material 60019,215 Spot S2 linked only to Atlas parent page 60019; composition of this subsample, size fraction, mineral separate, or preparation is not implied",Do not transfer parent-sample composition without subsample-specific verification,rock,breccia,"coherent, medium-gray glassy breccia containing several large, light colored clasts",https://www.lpi.usra.edu/lunar/samples/atlas/detail/?mission=Apollo%2016&sample=60019,,yes
s2ls17,LS-CMP-017,"60019,215 Chip #8","60019,215",60019,60019,subsample_or_fraction,"RELAB material 60019,215 Chip #8 linked only to Atlas parent page 60019; composition of this subsample, size fraction, mineral separate, or preparation is not implied",Do not transfer parent-sample composition without subsample-specific verification,rock,breccia,"coherent, medium-gray glassy breccia containing several large, light colored clasts",https://www.lpi.usra.edu/lunar/samples/atlas/detail/?mission=Apollo%2016&sample=60019,,yes
s31l15,LS-CMP-015-G5,"60019,215 Clast G5","60019,215",60019,60019,subsample_or_fraction,"RELAB material 60019,215 Clast G5 linked only to Atlas parent page 60019; composition of this subsample, size fraction, mineral separate, or preparation is not implied",Do not transfer parent-sample composition without subsample-specific verification,rock,breccia,"coherent, medium-gray glassy breccia containing several large, light colored clasts",https://www.lpi.usra.edu/lunar/samples/atlas/detail/?mission=Apollo%2016&sample=60019,,yes
s32l15,LS-CMP-015-G5,"60019,215 Clast G5","60019,215",60019,60019,subsample_or_fraction,"RELAB material 60019,215 Clast G5 linked only to Atlas parent page 60019; composition of this subsample, size fraction, mineral separate, or preparation is not implied",Do not transfer parent-sample composition without subsample-specific verification,rock,breccia,"coherent, medium-gray glassy breccia containing several large, light colored clasts",https://www.lpi.usra.edu/lunar/samples/atlas/detail/?mission=Apollo%2016&sample=60019,,yes
s3ls02,LS-CMP-002,"15555,799","15555,799",15555,15555,subsample_or_fraction,"RELAB material 15555,799 linked only to Atlas parent page 15555; composition of this subsample, size fraction, mineral separate, or preparation is not implied",Do not transfer parent-sample composition without subsample-specific verification,,basalt,"(""Great Scott"") is both the largest and the most intensively studied of the Apollo 15 rocks. It is a medium-grained olivine basalt, with a few percent small vugs. It is probably very close to a liquid composition, i.e., it contains few, if any, accumulated crystals. It crystallized ~3.3 b.y. ago. Unlike other nearby rocks, 15555 was not dust-coated. It is generally tough, but many exterior chips fell off during earth transit and many of these pieces are friable. It is sub-rounded and blocky, with many zap pits.",https://www.lpi.usra.edu/lunar/samples/atlas/detail/?mission=Apollo%2015&sample=15555,,yes
s3ls08,LS-CMP-008-MR,"60019,215 E2","60019,215",60019,60019,subsample_or_fraction,"RELAB material 60019,215 E2 linked only to Atlas parent page 60019; composition of this subsample, size fraction, mineral separate, or preparation is not implied",Do not transfer parent-sample composition without subsample-specific verification,rock,breccia,"coherent, medium-gray glassy breccia containing several large, light colored clasts",https://www.lpi.usra.edu/lunar/samples/atlas/detail/?mission=Apollo%2016&sample=60019,,yes
s3ls10,LS-CMP-010,"67455,63","67455,63",67455,67455,subsample_or_fraction,"RELAB material 67455,63 linked only to Atlas parent page 67455; composition of this subsample, size fraction, mineral separate, or preparation is not implied",Do not transfer parent-sample composition without subsample-specific verification,rake,breccia,"very friable, white polymict feldspathic breccia",https://www.lpi.usra.edu/lunar/samples/atlas/detail/?mission=Apollo%2016&sample=67455,,yes
s3ls13,LS-CMP-013,"72415,58","72415,58",72415,72415,subsample_or_fraction,"RELAB material 72415,58 linked only to Atlas parent page 72415; composition of this subsample, size fraction, mineral separate, or preparation is not implied",Do not transfer parent-sample composition without subsample-specific verification,rock,dunite,"Cataclastic dunite, homogeneous",https://www.lpi.usra.edu/lunar/samples/atlas/detail/?mission=Apollo%2017&sample=72415,,yes
s3ls15,LS-CMP-015-G1,"60019,215 Clast G1","60019,215",60019,60019,subsample_or_fraction,"RELAB material 60019,215 Clast G1 linked only to Atlas parent page 60019; composition of this subsample, size fraction, mineral separate, or preparation is not implied",Do not transfer parent-sample composition without subsample-specific verification,rock,breccia,"coherent, medium-gray glassy breccia containing several large, light colored clasts",https://www.lpi.usra.edu/lunar/samples/atlas/detail/?mission=Apollo%2016&sample=60019,,yes
s3ls16,LS-CMP-016-S3,"60019,215 Spot S3","60019,215",60019,60019,subsample_or_fraction,"RELAB material 60019,215 Spot S3 linked only to Atlas parent page 60019; composition of this subsample, size fraction, mineral separate, or preparation is not implied",Do not transfer parent-sample composition without subsample-specific verification,rock,breccia,"coherent, medium-gray glassy breccia containing several large, light colored clasts",https://www.lpi.usra.edu/lunar/samples/atlas/detail/?mission=Apollo%2016&sample=60019,,yes
s4ls01,LS-CMP-001,"15555,798","15555,798",15555,15555,subsample_or_fraction,"RELAB material 15555,798 linked only to Atlas parent page 15555; composition of this subsample, size fraction, mineral separate, or preparation is not implied",Do not transfer parent-sample composition without subsample-specific verification,,basalt,"(""Great Scott"") is both the largest and the most intensively studied of the Apollo 15 rocks. It is a medium-grained olivine basalt, with a few percent small vugs. It is probably very close to a liquid composition, i.e., it contains few, if any, accumulated crystals. It crystallized ~3.3 b.y. ago. Unlike other nearby rocks, 15555 was not dust-coated. It is generally tough, but many exterior chips fell off during earth transit and many of these pieces are friable. It is sub-rounded and blocky, with many zap pits.",https://www.lpi.usra.edu/lunar/samples/atlas/detail/?mission=Apollo%2015&sample=15555,,yes
s4ls07,LS-CMP-007,"60019,214","60019,214",60019,60019,subsample_or_fraction,"RELAB material 60019,214 linked only to Atlas parent page 60019; composition of this subsample, size fraction, mineral separate, or preparation is not implied",Do not transfer parent-sample composition without subsample-specific verification,rock,breccia,"coherent, medium-gray glassy breccia containing several large, light colored clasts",https://www.lpi.usra.edu/lunar/samples/atlas/detail/?mission=Apollo%2016&sample=60019,,yes
s5ls07,LS-CMP-007,"60019,214","60019,214",60019,60019,subsample_or_fraction,"RELAB material 60019,214 linked only to Atlas parent page 60019; composition of this subsample, size fraction, mineral separate, or preparation is not implied",Do not transfer parent-sample composition without subsample-specific verification,rock,breccia,"coherent, medium-gray glassy breccia containing several large, light colored clasts",https://www.lpi.usra.edu/lunar/samples/atlas/detail/?mission=Apollo%2016&sample=60019,,yes
s5ls08,LS-CMP-008-B,"60019,215 Clast B","60019,215",60019,60019,subsample_or_fraction,"RELAB material 60019,215 Clast B linked only to Atlas parent page 60019; composition of this subsample, size fraction, mineral separate, or preparation is not implied",Do not transfer parent-sample composition without subsample-specific verification,rock,breccia,"coherent, medium-gray glassy breccia containing several large, light colored clasts",https://www.lpi.usra.edu/lunar/samples/atlas/detail/?mission=Apollo%2016&sample=60019,,yes
s5ls15,LS-CMP-015-G5,"60019,215 Clast G5","60019,215",60019,60019,subsample_or_fraction,"RELAB material 60019,215 Clast G5 linked only to Atlas parent page 60019; composition of this subsample, size fraction, mineral separate, or preparation is not implied",Do not transfer parent-sample composition without subsample-specific verification,rock,breccia,"coherent, medium-gray glassy breccia containing several large, light colored clasts",https://www.lpi.usra.edu/lunar/samples/atlas/detail/?mission=Apollo%2016&sample=60019,,yes
s6ls07,LS-CMP-007,"60019,214","60019,214",60019,60019,subsample_or_fraction,"RELAB material 60019,214 linked only to Atlas parent page 60019; composition of this subsample, size fraction, mineral separate, or preparation is not implied",Do not transfer parent-sample composition without subsample-specific verification,rock,breccia,"coherent, medium-gray glassy breccia containing several large, light colored clasts",https://www.lpi.usra.edu/lunar/samples/atlas/detail/?mission=Apollo%2016&sample=60019,,yes
s6ls08,LS-CMP-008-LC,"60019,215 Light clast on broken small fragment from Slab E2","60019,215",60019,60019,subsample_or_fraction,"RELAB material 60019,215 Light clast on broken small fragment from Slab E2 linked only to Atlas parent page 60019; composition of this subsample, size fraction, mineral separate, or preparation is not implied",Do not transfer parent-sample composition without subsample-specific verification,rock,breccia,"coherent, medium-gray glassy breccia containing several large, light colored clasts",https://www.lpi.usra.edu/lunar/samples/atlas/detail/?mission=Apollo%2016&sample=60019,,yes
s7ls08,LS-CMP-008-MR,"60019,215 E2","60019,215",60019,60019,subsample_or_fraction,"RELAB material 60019,215 E2 linked only to Atlas parent page 60019; composition of this subsample, size fraction, mineral separate, or preparation is not implied",Do not transfer parent-sample composition without subsample-specific verification,rock,breccia,"coherent, medium-gray glassy breccia containing several large, light colored clasts",https://www.lpi.usra.edu/lunar/samples/atlas/detail/?mission=Apollo%2016&sample=60019,,yes
s8ls08,LS-CMP-008-F,"60019,215 Clast F","60019,215",60019,60019,subsample_or_fraction,"RELAB material 60019,215 Clast F linked only to Atlas parent page 60019; composition of this subsample, size fraction, mineral separate, or preparation is not implied",Do not transfer parent-sample composition without subsample-specific verification,rock,breccia,"coherent, medium-gray glassy breccia containing several large, light colored clasts",https://www.lpi.usra.edu/lunar/samples/atlas/detail/?mission=Apollo%2016&sample=60019,,yes
s9ls08,LS-CMP-015-MR,"60019,215 W2 Matrix","60019,215",60019,60019,subsample_or_fraction,"RELAB material 60019,215 W2 Matrix linked only to Atlas parent page 60019; composition of this subsample, size fraction, mineral separate, or preparation is not implied",Do not transfer parent-sample composition without subsample-specific verification,rock,breccia,"coherent, medium-gray glassy breccia containing several large, light colored clasts",https://www.lpi.usra.edu/lunar/samples/atlas/detail/?mission=Apollo%2016&sample=60019,,yes
sa2ls8,LS-CMP-008-A,"60019,215 Clast A","60019,215",60019,60019,subsample_or_fraction,"RELAB material 60019,215 Clast A linked only to Atlas parent page 60019; composition of this subsample, size fraction, mineral separate, or preparation is not implied",Do not transfer parent-sample composition without subsample-specific verification,rock,breccia,"coherent, medium-gray glassy breccia containing several large, light colored clasts",https://www.lpi.usra.edu/lunar/samples/atlas/detail/?mission=Apollo%2016&sample=60019,,yes
sals17,LS-CMP-017-A,"60019,9004,85 breccia powder <20 um","60019,9004",60019,60019,subsample_or_fraction,"RELAB material 60019,9004,85 breccia powder <20 um linked only to Atlas parent page 60019; composition of this subsample, size fraction, mineral separate, or preparation is not implied",Do not transfer parent-sample composition without subsample-specific verification,rock,breccia,"coherent, medium-gray glassy breccia containing several large, light colored clasts",https://www.lpi.usra.edu/lunar/samples/atlas/detail/?mission=Apollo%2016&sample=60019,,yes
sbls17,LS-CMP-017-B,"60019,9004,84 breccia powder 20-45 um","60019,9004",60019,60019,subsample_or_fraction,"RELAB material 60019,9004,84 breccia powder 20-45 um linked only to Atlas parent page 60019; composition of this subsample, size fraction, mineral separate, or preparation is not implied",Do not transfer parent-sample composition without subsample-specific verification,rock,breccia,"coherent, medium-gray glassy breccia containing several large, light colored clasts",https://www.lpi.usra.edu/lunar/samples/atlas/detail/?mission=Apollo%2016&sample=60019,,yes
sc1ls12,LS-CMP-012,"78235,9002A pyroxene separate","78235,9002A",78235,78235,subsample_or_fraction,"RELAB material 78235,9002A pyroxene separate linked only to Atlas parent page 78235; composition of this subsample, size fraction, mineral separate, or preparation is not implied",Do not transfer parent-sample composition without subsample-specific verification,rock,norite,Shocked Norite,https://www.lpi.usra.edu/lunar/samples/atlas/detail/?mission=Apollo%2017&sample=78235,,yes
sdls08,LS-CMP-008-D,"60019,215 Clast D","60019,215",60019,60019,subsample_or_fraction,"RELAB material 60019,215 Clast D linked only to Atlas parent page 60019; composition of this subsample, size fraction, mineral separate, or preparation is not implied",Do not transfer parent-sample composition without subsample-specific verification,rock,breccia,"coherent, medium-gray glassy breccia containing several large, light colored clasts",https://www.lpi.usra.edu/lunar/samples/atlas/detail/?mission=Apollo%2016&sample=60019,,yes
sels15,LS-CMP-008-E,"60019,215 Frag E","60019,215",60019,60019,subsample_or_fraction,"RELAB material 60019,215 Frag E linked only to Atlas parent page 60019; composition of this subsample, size fraction, mineral separate, or preparation is not implied",Do not transfer parent-sample composition without subsample-specific verification,rock,breccia,"coherent, medium-gray glassy breccia containing several large, light colored clasts",https://www.lpi.usra.edu/lunar/samples/atlas/detail/?mission=Apollo%2016&sample=60019,,yes
selu04,LU-CMP-004-E,"24143,25",,,,non_apollo,RELAB identifies this as a non-Apollo lunar sample; Apollo Atlas matching is not applicable,Outside the Apollo Atlas crosswalk,,,,,,no
sffl49,LS-CMP-049-F,"10084,1780 25-45 um","10084,1780",10084,10084,subsample_or_fraction,"RELAB material 10084,1780 25-45 um linked only to Atlas parent page 10084; composition of this subsample, size fraction, mineral separate, or preparation is not implied",Do not transfer parent-sample composition without subsample-specific verification,soil-general,,"The contingency sample was taken in front of quad IV of the LM. The documented sample was collected 5 meters north of the LM, the bulk sample was collected in front of quad IV by pouring scoops of loose soil to fill the voids left between rock samples in the bulk sample container. 10084 is the bulk soil sample. Soil is fine grained and hard in this sample area. There are few fragments and it is difficult to scoop deeper than 5 cm below the surface.",https://www.lpi.usra.edu/lunar/samples/atlas/detail/?mission=Apollo%2011&sample=10084,,yes
sg1l15,LS-CMP-015-G1,"60019,215 Clast G1","60019,215",60019,60019,subsample_or_fraction,"RELAB material 60019,215 Clast G1 linked only to Atlas parent page 60019; composition of this subsample, size fraction, mineral separate, or preparation is not implied",Do not transfer parent-sample composition without subsample-specific verification,rock,breccia,"coherent, medium-gray glassy breccia containing several large, light colored clasts",https://www.lpi.usra.edu/lunar/samples/atlas/detail/?mission=Apollo%2016&sample=60019,,yes
sg2l15,LS-CMP-015-G2,"60019,215 Clast G2","60019,215",60019,60019,subsample_or_fraction,"RELAB material 60019,215 Clast G2 linked only to Atlas parent page 60019; composition of this subsample, size fraction, mineral separate, or preparation is not implied",Do not transfer parent-sample composition without subsample-specific verification,rock,breccia,"coherent, medium-gray glassy breccia containing several large, light colored clasts",https://www.lpi.usra.edu/lunar/samples/atlas/detail/?mission=Apollo%2016&sample=60019,,yes
sg3l15,LS-CMP-015-G3,"60019,215 Clast G3","60019,215",60019,60019,subsample_or_fraction,"RELAB material 60019,215 Clast G3 linked only to Atlas parent page 60019; composition of this subsample, size fraction, mineral separate, or preparation is not implied",Do not transfer parent-sample composition without subsample-specific verification,rock,breccia,"coherent, medium-gray glassy breccia containing several large, light colored clasts",https://www.lpi.usra.edu/lunar/samples/atlas/detail/?mission=Apollo%2016&sample=60019,,yes
sg4l15,LS-CMP-015-G4,"60019,215 Clast G4","60019,215",60019,60019,subsample_or_fraction,"RELAB material 60019,215 Clast G4 linked only to Atlas parent page 60019; composition of this subsample, size fraction, mineral separate, or preparation is not implied",Do not transfer parent-sample composition without subsample-specific verification,rock,breccia,"coherent, medium-gray glassy breccia containing several large, light colored clasts",https://www.lpi.usra.edu/lunar/samples/atlas/detail/?mission=Apollo%2016&sample=60019,,yes
sg5l15,LS-CMP-015-G5,"60019,215 Clast G5","60019,215",60019,60019,subsample_or_fraction,"RELAB material 60019,215 Clast G5 linked only to Atlas parent page 60019; composition of this subsample, size fraction, mineral separate, or preparation is not implied",Do not transfer parent-sample composition without subsample-specific verification,rock,breccia,"coherent, medium-gray glassy breccia containing several large, light colored clasts",https://www.lpi.usra.edu/lunar/samples/atlas/detail/?mission=Apollo%2016&sample=60019,,yes
sg6l15,LS-CMP-015-G6,"60019,215 Clast G6","60019,215",60019,60019,subsample_or_fraction,"RELAB material 60019,215 Clast G6 linked only to Atlas parent page 60019; composition of this subsample, size fraction, mineral separate, or preparation is not implied",Do not transfer parent-sample composition without subsample-specific verification,rock,breccia,"coherent, medium-gray glassy breccia containing several large, light colored clasts",https://www.lpi.usra.edu/lunar/samples/atlas/detail/?mission=Apollo%2016&sample=60019,,yes
sg7l15,LS-CMP-015-G7,"60019,215 Clast G7","60019,215",60019,60019,subsample_or_fraction,"RELAB material 60019,215 Clast G7 linked only to Atlas parent page 60019; composition of this subsample, size fraction, mineral separate, or preparation is not implied",Do not transfer parent-sample composition without subsample-specific verification,rock,breccia,"coherent, medium-gray glassy breccia containing several large, light colored clasts",https://www.lpi.usra.edu/lunar/samples/atlas/detail/?mission=Apollo%2016&sample=60019,,yes
sils49,LS-CMP-049-I,"10084,1780 125-250 um","10084,1780",10084,10084,subsample_or_fraction,"RELAB material 10084,1780 125-250 um linked only to Atlas parent page 10084; composition of this subsample, size fraction, mineral separate, or preparation is not implied",Do not transfer parent-sample composition without subsample-specific verification,soil-general,,"The contingency sample was taken in front of quad IV of the LM. The documented sample was collected 5 meters north of the LM, the bulk sample was collected in front of quad IV by pouring scoops of loose soil to fill the voids left between rock samples in the bulk sample container. 10084 is the bulk soil sample. Soil is fine grained and hard in this sample area. There are few fragments and it is difficult to scoop deeper than 5 cm below the surface.",https://www.lpi.usra.edu/lunar/samples/atlas/detail/?mission=Apollo%2011&sample=10084,,yes
sl15g2,LS-CMP-015-G2,"60019,215 Clast G2","60019,215",60019,60019,subsample_or_fraction,"RELAB material 60019,215 Clast G2 linked only to Atlas parent page 60019; composition of this subsample, size fraction, mineral separate, or preparation is not implied",Do not transfer parent-sample composition without subsample-specific verification,rock,breccia,"coherent, medium-gray glassy breccia containing several large, light colored clasts",https://www.lpi.usra.edu/lunar/samples/atlas/detail/?mission=Apollo%2016&sample=60019,,yes
sl15g5,LS-CMP-015-G5,"60019,215 Clast G5","60019,215",60019,60019,subsample_or_fraction,"RELAB material 60019,215 Clast G5 linked only to Atlas parent page 60019; composition of this subsample, size fraction, mineral separate, or preparation is not implied",Do not transfer parent-sample composition without subsample-specific verification,rock,breccia,"coherent, medium-gray glassy breccia containing several large, light colored clasts",https://www.lpi.usra.edu/lunar/samples/atlas/detail/?mission=Apollo%2016&sample=60019,,yes
sl15g6,LS-CMP-015-G6,"60019,215 Clast G6","60019,215",60019,60019,subsample_or_fraction,"RELAB material 60019,215 Clast G6 linked only to Atlas parent page 60019; composition of this subsample, size fraction, mineral separate, or preparation is not implied",Do not transfer parent-sample composition without subsample-specific verification,rock,breccia,"coherent, medium-gray glassy breccia containing several large, light colored clasts",https://www.lpi.usra.edu/lunar/samples/atlas/detail/?mission=Apollo%2016&sample=60019,,yes
sl15p1,LS-CMP-015-P1,"60019,215,312","60019,215",60019,60019,subsample_or_fraction,"RELAB material 60019,215,312 linked only to Atlas parent page 60019; composition of this subsample, size fraction, mineral separate, or preparation is not implied",Do not transfer parent-sample composition without subsample-specific verification,rock,breccia,"coherent, medium-gray glassy breccia containing several large, light colored clasts",https://www.lpi.usra.edu/lunar/samples/atlas/detail/?mission=Apollo%2016&sample=60019,,yes
sl15p2,LS-CMP-015-P2,"60019,215,37","60019,215",60019,60019,subsample_or_fraction,"RELAB material 60019,215,37 linked only to Atlas parent page 60019; composition of this subsample, size fraction, mineral separate, or preparation is not implied",Do not transfer parent-sample composition without subsample-specific verification,rock,breccia,"coherent, medium-gray glassy breccia containing several large, light colored clasts",https://www.lpi.usra.edu/lunar/samples/atlas/detail/?mission=Apollo%2016&sample=60019,,yes
slls08,LS-CMP-008-MR,"60019,215 E2","60019,215",60019,60019,subsample_or_fraction,"RELAB material 60019,215 E2 linked only to Atlas parent page 60019; composition of this subsample, size fraction, mineral separate, or preparation is not implied",Do not transfer parent-sample composition without subsample-specific verification,rock,breccia,"coherent, medium-gray glassy breccia containing several large, light colored clasts",https://www.lpi.usra.edu/lunar/samples/atlas/detail/?mission=Apollo%2016&sample=60019,,yes
sls49f,LS-CMP-049-F,"10084,1780 25-45 um","10084,1780",10084,10084,subsample_or_fraction,"RELAB material 10084,1780 25-45 um linked only to Atlas parent page 10084; composition of this subsample, size fraction, mineral separate, or preparation is not implied",Do not transfer parent-sample composition without subsample-specific verification,soil-general,,"The contingency sample was taken in front of quad IV of the LM. The documented sample was collected 5 meters north of the LM, the bulk sample was collected in front of quad IV by pouring scoops of loose soil to fill the voids left between rock samples in the bulk sample container. 10084 is the bulk soil sample. Soil is fine grained and hard in this sample area. There are few fragments and it is difficult to scoop deeper than 5 cm below the surface.",https://www.lpi.usra.edu/lunar/samples/atlas/detail/?mission=Apollo%2011&sample=10084,,yes
sls8mp,LS-CMP-016-MR,"60019,215 Matrix Pwd","60019,215",60019,60019,subsample_or_fraction,"RELAB material 60019,215 Matrix Pwd linked only to Atlas parent page 60019; composition of this subsample, size fraction, mineral separate, or preparation is not implied",Do not transfer parent-sample composition without subsample-specific verification,rock,breccia,"coherent, medium-gray glassy breccia containing several large, light colored clasts",https://www.lpi.usra.edu/lunar/samples/atlas/detail/?mission=Apollo%2016&sample=60019,,yes
sm4ls8,LS-CMP-008-MR,"60019,215 E2","60019,215",60019,60019,subsample_or_fraction,"RELAB material 60019,215 E2 linked only to Atlas parent page 60019; composition of this subsample, size fraction, mineral separate, or preparation is not implied",Do not transfer parent-sample composition without subsample-specific verification,rock,breccia,"coherent, medium-gray glassy breccia containing several large, light colored clasts",https://www.lpi.usra.edu/lunar/samples/atlas/detail/?mission=Apollo%2016&sample=60019,,yes
sm6l15,LS-CMP-015-MR,"60019,215 W2 Matrix","60019,215",60019,60019,subsample_or_fraction,"RELAB material 60019,215 W2 Matrix linked only to Atlas parent page 60019; composition of this subsample, size fraction, mineral separate, or preparation is not implied",Do not transfer parent-sample composition without subsample-specific verification,rock,breccia,"coherent, medium-gray glassy breccia containing several large, light colored clasts",https://www.lpi.usra.edu/lunar/samples/atlas/detail/?mission=Apollo%2016&sample=60019,,yes
sm7l15,LS-CMP-015-MR,"60019,215 W2 Matrix","60019,215",60019,60019,subsample_or_fraction,"RELAB material 60019,215 W2 Matrix linked only to Atlas parent page 60019; composition of this subsample, size fraction, mineral separate, or preparation is not implied",Do not transfer parent-sample composition without subsample-specific verification,rock,breccia,"coherent, medium-gray glassy breccia containing several large, light colored clasts",https://www.lpi.usra.edu/lunar/samples/atlas/detail/?mission=Apollo%2016&sample=60019,,yes
smpls8,LS-CMP-016-MR,"60019,215 Matrix Pwd","60019,215",60019,60019,subsample_or_fraction,"RELAB material 60019,215 Matrix Pwd linked only to Atlas parent page 60019; composition of this subsample, size fraction, mineral separate, or preparation is not implied",Do not transfer parent-sample composition without subsample-specific verification,rock,breccia,"coherent, medium-gray glassy breccia containing several large, light colored clasts",https://www.lpi.usra.edu/lunar/samples/atlas/detail/?mission=Apollo%2016&sample=60019,,yes
spindo,LS-CMP-013,"72415,58","72415,58",72415,72415,subsample_or_fraction,"RELAB material 72415,58 linked only to Atlas parent page 72415; composition of this subsample, size fraction, mineral separate, or preparation is not implied",Do not transfer parent-sample composition without subsample-specific verification,rock,dunite,"Cataclastic dunite, homogeneous",https://www.lpi.usra.edu/lunar/samples/atlas/detail/?mission=Apollo%2017&sample=72415,,yes
spinmo,LS-CMP-013,"72415,58","72415,58",72415,72415,subsample_or_fraction,"RELAB material 72415,58 linked only to Atlas parent page 72415; composition of this subsample, size fraction, mineral separate, or preparation is not implied",Do not transfer parent-sample composition without subsample-specific verification,rock,dunite,"Cataclastic dunite, homogeneous",https://www.lpi.usra.edu/lunar/samples/atlas/detail/?mission=Apollo%2017&sample=72415,,yes
sr1l16,LS-CMP-016-R1,"60019,215 Spot R1","60019,215",60019,60019,subsample_or_fraction,"RELAB material 60019,215 Spot R1 linked only to Atlas parent page 60019; composition of this subsample, size fraction, mineral separate, or preparation is not implied",Do not transfer parent-sample composition without subsample-specific verification,rock,breccia,"coherent, medium-gray glassy breccia containing several large, light colored clasts",https://www.lpi.usra.edu/lunar/samples/atlas/detail/?mission=Apollo%2016&sample=60019,,yes
sr2l16,LS-CMP-016-R2,"60019,215 Spot R2","60019,215",60019,60019,subsample_or_fraction,"RELAB material 60019,215 Spot R2 linked only to Atlas parent page 60019; composition of this subsample, size fraction, mineral separate, or preparation is not implied",Do not transfer parent-sample composition without subsample-specific verification,rock,breccia,"coherent, medium-gray glassy breccia containing several large, light colored clasts",https://www.lpi.usra.edu/lunar/samples/atlas/detail/?mission=Apollo%2016&sample=60019,,yes
sr3l16,LS-CMP-016-R3,"60019,215 Clast R3","60019,215",60019,60019,subsample_or_fraction,"RELAB material 60019,215 Clast R3 linked only to Atlas parent page 60019; composition of this subsample, size fraction, mineral separate, or preparation is not implied",Do not transfer parent-sample composition without subsample-specific verification,rock,breccia,"coherent, medium-gray glassy breccia containing several large, light colored clasts",https://www.lpi.usra.edu/lunar/samples/atlas/detail/?mission=Apollo%2016&sample=60019,,yes
svls30,LS-CMP-030,"62231,14","62231,14",62231,62231,subsample_or_fraction,"RELAB material 62231,14 linked only to Atlas parent page 62231; composition of this subsample, size fraction, mineral separate, or preparation is not implied",Do not transfer parent-sample composition without subsample-specific verification,rake,soil,,https://www.lpi.usra.edu/lunar/samples/atlas/detail/?mission=Apollo%2016&sample=62231,,yes
svls32,LS-CMP-032,"12070,853","12070,853",12070,12070,subsample_or_fraction,"RELAB material 12070,853 linked only to Atlas parent page 12070; composition of this subsample, size fraction, mineral separate, or preparation is not implied",Do not transfer parent-sample composition without subsample-specific verification,,,,https://www.lpi.usra.edu/lunar/samples/atlas/detail/?mission=Apollo%2012&sample=12070,,yes
bir1dd035,DD-MDD-035,"Apollo 12 Mare Basalt: 12021,257 coarse particles ~100 um","12021,257",12021,12021,subsample_or_fraction,"RELAB material Apollo 12 Mare Basalt: 12021,257 coarse particles ~100 um linked only to Atlas parent page 12021; composition of this subsample, size fraction, mineral separate, or preparation is not implied",Do not transfer parent-sample composition without subsample-specific verification,,basalt,,https://www.lpi.usra.edu/lunar/samples/atlas/detail/?mission=Apollo%2012&sample=12021,,yes
bir1dd036,DD-MDD-036,"Apollo 12 Mare Basalt: 12021,258 coarse particles ~50 um","12021,258",12021,12021,subsample_or_fraction,"RELAB material Apollo 12 Mare Basalt: 12021,258 coarse particles ~50 um linked only to Atlas parent page 12021; composition of this subsample, size fraction, mineral separate, or preparation is not implied",Do not transfer parent-sample composition without subsample-specific verification,,basalt,,https://www.lpi.usra.edu/lunar/samples/atlas/detail/?mission=Apollo%2012&sample=12021,,yes
bir1lr038,LR-CMP-038,"68501,601 <10 um","68501,601",68501,68501,subsample_or_fraction,"RELAB material 68501,601 <10 um linked only to Atlas parent page 68501; composition of this subsample, size fraction, mineral separate, or preparation is not implied",Do not transfer parent-sample composition without subsample-specific verification,rake,soil,,https://www.lpi.usra.edu/lunar/samples/atlas/detail/?mission=Apollo%2016&sample=68501,,yes
bir1lr069,LR-CMP-069,"10084,1961 20-45 um","10084,1961",10084,10084,subsample_or_fraction,"RELAB material 10084,1961 20-45 um linked only to Atlas parent page 10084; composition of this subsample, size fraction, mineral separate, or preparation is not implied",Do not transfer parent-sample composition without subsample-specific verification,soil-general,,"The contingency sample was taken in front of quad IV of the LM. The documented sample was collected 5 meters north of the LM, the bulk sample was collected in front of quad IV by pouring scoops of loose soil to fill the voids left between rock samples in the bulk sample container. 10084 is the bulk soil sample. Soil is fine grained and hard in this sample area. There are few fragments and it is difficult to scoop deeper than 5 cm below the surface.",https://www.lpi.usra.edu/lunar/samples/atlas/detail/?mission=Apollo%2011&sample=10084,,yes
bir1lr070,LR-CMP-070,"10084,1962 10-20 um","10084,1962",10084,10084,subsample_or_fraction,"RELAB material 10084,1962 10-20 um linked only to Atlas parent page 10084; composition of this subsample, size fraction, mineral separate, or preparation is not implied",Do not transfer parent-sample composition without subsample-specific verification,soil-general,,"The contingency sample was taken in front of quad IV of the LM. The documented sample was collected 5 meters north of the LM, the bulk sample was collected in front of quad IV by pouring scoops of loose soil to fill the voids left between rock samples in the bulk sample container. 10084 is the bulk soil sample. Soil is fine grained and hard in this sample area. There are few fragments and it is difficult to scoop deeper than 5 cm below the surface.",https://www.lpi.usra.edu/lunar/samples/atlas/detail/?mission=Apollo%2011&sample=10084,,yes
bir1lr071,LR-CMP-071,"10084,1963 <10 um","10084,1963",10084,10084,subsample_or_fraction,"RELAB material 10084,1963 <10 um linked only to Atlas parent page 10084; composition of this subsample, size fraction, mineral separate, or preparation is not implied",Do not transfer parent-sample composition without subsample-specific verification,soil-general,,"The contingency sample was taken in front of quad IV of the LM. The documented sample was collected 5 meters north of the LM, the bulk sample was collected in front of quad IV by pouring scoops of loose soil to fill the voids left between rock samples in the bulk sample container. 10084 is the bulk soil sample. Soil is fine grained and hard in this sample area. There are few fragments and it is difficult to scoop deeper than 5 cm below the surface.",https://www.lpi.usra.edu/lunar/samples/atlas/detail/?mission=Apollo%2011&sample=10084,,yes
bir1lr074,LR-CMP-074,"12001,875 10-20 um","12001,875",12001,12001,subsample_or_fraction,"RELAB material 12001,875 10-20 um linked only to Atlas parent page 12001; composition of this subsample, size fraction, mineral separate, or preparation is not implied",Do not transfer parent-sample composition without subsample-specific verification,soil-general,,12001 is < 1 cm fraction of bulk regolith collected about 30 meters northwest of the LM on the first EVA traverse. Astronaut Conrad saw several beads of pure glass while collecting this sample. Fryxell reports that the fines are weakly coherent; they adhere to rocks and do not slump when the sample holder is tipped 45 degrees.,https://www.lpi.usra.edu/lunar/samples/atlas/detail/?mission=Apollo%2012&sample=12001,,yes
bir1lr075,LR-CMP-075,"12001,876 <10 um","12001,876",12001,12001,subsample_or_fraction,"RELAB material 12001,876 <10 um linked only to Atlas parent page 12001; composition of this subsample, size fraction, mineral separate, or preparation is not implied",Do not transfer parent-sample composition without subsample-specific verification,soil-general,,12001 is < 1 cm fraction of bulk regolith collected about 30 meters northwest of the LM on the first EVA traverse. Astronaut Conrad saw several beads of pure glass while collecting this sample. Fryxell reports that the fines are weakly coherent; they adhere to rocks and do not slump when the sample holder is tipped 45 degrees.,https://www.lpi.usra.edu/lunar/samples/atlas/detail/?mission=Apollo%2012&sample=12001,,yes
bir1lr130,LR-CMP-130,"74002,339","74002,339",74002,74002,subsample_or_fraction,"RELAB material 74002,339 linked only to Atlas parent page 74002; composition of this subsample, size fraction, mineral separate, or preparation is not implied",Do not transfer parent-sample composition without subsample-specific verification,core,soil,"Drive tube 74001/74002 was collected at the south rim of 120 meter Shorty crater, at Station 4. The cored material is unusually compact. The core contains orange and red colored soil with nearly vertical contacts. The site is near the low place in the crater rim crest. The fragment population is viable. Craters up to several meters in diameter are scattered near the sample site. The core is almost entirely without coarse fines.",https://www.lpi.usra.edu/lunar/samples/atlas/detail/?mission=Apollo%2017&sample=74002,,yes
bir1lr131,LR-CMP-131,"74002,2216","74002,2216",74002,74002,subsample_or_fraction,"RELAB material 74002,2216 linked only to Atlas parent page 74002; composition of this subsample, size fraction, mineral separate, or preparation is not implied",Do not transfer parent-sample composition without subsample-specific verification,core,soil,"Drive tube 74001/74002 was collected at the south rim of 120 meter Shorty crater, at Station 4. The cored material is unusually compact. The core contains orange and red colored soil with nearly vertical contacts. The site is near the low place in the crater rim crest. The fragment population is viable. Craters up to several meters in diameter are scattered near the sample site. The core is almost entirely without coarse fines.",https://www.lpi.usra.edu/lunar/samples/atlas/detail/?mission=Apollo%2017&sample=74002,,yes
bir1lr132,LR-CMP-132,"74002,2217","74002,2217",74002,74002,subsample_or_fraction,"RELAB material 74002,2217 linked only to Atlas parent page 74002; composition of this subsample, size fraction, mineral separate, or preparation is not implied",Do not transfer parent-sample composition without subsample-specific verification,core,soil,"Drive tube 74001/74002 was collected at the south rim of 120 meter Shorty crater, at Station 4. The cored material is unusually compact. The core contains orange and red colored soil with nearly vertical contacts. The site is near the low place in the crater rim crest. The fragment population is viable. Craters up to several meters in diameter are scattered near the sample site. The core is almost entirely without coarse fines.",https://www.lpi.usra.edu/lunar/samples/atlas/detail/?mission=Apollo%2017&sample=74002,,yes
bir1lr133,LR-CMP-133,"74002,2218","74002,2218",74002,74002,subsample_or_fraction,"RELAB material 74002,2218 linked only to Atlas parent page 74002; composition of this subsample, size fraction, mineral separate, or preparation is not implied",Do not transfer parent-sample composition without subsample-specific verification,core,soil,"Drive tube 74001/74002 was collected at the south rim of 120 meter Shorty crater, at Station 4. The cored material is unusually compact. The core contains orange and red colored soil with nearly vertical contacts. The site is near the low place in the crater rim crest. The fragment population is viable. Craters up to several meters in diameter are scattered near the sample site. The core is almost entirely without coarse fines.",https://www.lpi.usra.edu/lunar/samples/atlas/detail/?mission=Apollo%2017&sample=74002,,yes
bir1lr134,LR-CMP-134,"74002,2219","74002,2219",74002,74002,subsample_or_fraction,"RELAB material 74002,2219 linked only to Atlas parent page 74002; composition of this subsample, size fraction, mineral separate, or preparation is not implied",Do not transfer parent-sample composition without subsample-specific verification,core,soil,"Drive tube 74001/74002 was collected at the south rim of 120 meter Shorty crater, at Station 4. The cored material is unusually compact. The core contains orange and red colored soil with nearly vertical contacts. The site is near the low place in the crater rim crest. The fragment population is viable. Craters up to several meters in diameter are scattered near the sample site. The core is almost entirely without coarse fines.",https://www.lpi.usra.edu/lunar/samples/atlas/detail/?mission=Apollo%2017&sample=74002,,yes
bir1lr135,LR-CMP-135,"Luna 24, 24160",,,,non_apollo,RELAB identifies this as a non-Apollo lunar sample; Apollo Atlas matching is not applicable,Outside the Apollo Atlas crosswalk,,,,,,no
bir1lr136,LR-SKN-136,"69003,9 bulk","69003,9",69003,69003,subsample_or_fraction,"RELAB material 69003,9 bulk linked only to Atlas parent page 69003; composition of this subsample, size fraction, mineral separate, or preparation is not implied",Do not transfer parent-sample composition without subsample-specific verification,,,,https://www.lpi.usra.edu/lunar/samples/atlas/detail/?mission=Apollo%2016&sample=69003,,yes
bir1lr137,LR-SKN-137,"69004,44 <250 um","69004,44",69004,69004,subsample_or_fraction,"RELAB material 69004,44 <250 um linked only to Atlas parent page 69004; composition of this subsample, size fraction, mineral separate, or preparation is not implied",Do not transfer parent-sample composition without subsample-specific verification,,,,https://www.lpi.usra.edu/lunar/samples/atlas/detail/?mission=Apollo%2016&sample=69004,,yes
bir1lr138a,LR-SKN-138-A,"69921,33 <10 um","69921,33",69921,69921,subsample_or_fraction,"RELAB material 69921,33 <10 um linked only to Atlas parent page 69921; composition of this subsample, size fraction, mineral separate, or preparation is not implied",Do not transfer parent-sample composition without subsample-specific verification,,,,https://www.lpi.usra.edu/lunar/samples/atlas/detail/?mission=Apollo%2016&sample=69921,,yes
bir1lr138b,LR-SKN-138-B,"69921,33 10-20 um","69921,33",69921,69921,subsample_or_fraction,"RELAB material 69921,33 10-20 um linked only to Atlas parent page 69921; composition of this subsample, size fraction, mineral separate, or preparation is not implied",Do not transfer parent-sample composition without subsample-specific verification,,,,https://www.lpi.usra.edu/lunar/samples/atlas/detail/?mission=Apollo%2016&sample=69921,,yes
bir1lr138c,LR-SKN-138-C,"69921,33 20-45 um","69921,33",69921,69921,subsample_or_fraction,"RELAB material 69921,33 20-45 um linked only to Atlas parent page 69921; composition of this subsample, size fraction, mineral separate, or preparation is not implied",Do not transfer parent-sample composition without subsample-specific verification,,,,https://www.lpi.usra.edu/lunar/samples/atlas/detail/?mission=Apollo%2016&sample=69921,,yes
bir1lr138d,LR-SKN-138-D,"69921,33 <45 um","69921,33",69921,69921,subsample_or_fraction,"RELAB material 69921,33 <45 um linked only to Atlas parent page 69921; composition of this subsample, size fraction, mineral separate, or preparation is not implied",Do not transfer parent-sample composition without subsample-specific verification,,,,https://www.lpi.usra.edu/lunar/samples/atlas/detail/?mission=Apollo%2016&sample=69921,,yes
bir1lr138e,LR-SKN-138-E,"69921,33 <250 um","69921,33",69921,69921,subsample_or_fraction,"RELAB material 69921,33 <250 um linked only to Atlas parent page 69921; composition of this subsample, size fraction, mineral separate, or preparation is not implied",Do not transfer parent-sample composition without subsample-specific verification,,,,https://www.lpi.usra.edu/lunar/samples/atlas/detail/?mission=Apollo%2016&sample=69921,,yes
bir1lr139a,LR-SKN-139-A,"69941,41 <10 um","69941,41",69941,69941,subsample_or_fraction,"RELAB material 69941,41 <10 um linked only to Atlas parent page 69941; composition of this subsample, size fraction, mineral separate, or preparation is not implied",Do not transfer parent-sample composition without subsample-specific verification,,,,https://www.lpi.usra.edu/lunar/samples/atlas/detail/?mission=Apollo%2016&sample=69941,,yes
bir1lr139b,LR-SKN-139-B,"69941,41 10-20 um","69941,41",69941,69941,subsample_or_fraction,"RELAB material 69941,41 10-20 um linked only to Atlas parent page 69941; composition of this subsample, size fraction, mineral separate, or preparation is not implied",Do not transfer parent-sample composition without subsample-specific verification,,,,https://www.lpi.usra.edu/lunar/samples/atlas/detail/?mission=Apollo%2016&sample=69941,,yes
bir1lr139c,LR-SKN-139-C,"69941,41 20-45 um","69941,41",69941,69941,subsample_or_fraction,"RELAB material 69941,41 20-45 um linked only to Atlas parent page 69941; composition of this subsample, size fraction, mineral separate, or preparation is not implied",Do not transfer parent-sample composition without subsample-specific verification,,,,https://www.lpi.usra.edu/lunar/samples/atlas/detail/?mission=Apollo%2016&sample=69941,,yes
bir1lr139d,LR-SKN-139-D,"69941,41 <45 um","69941,41",69941,69941,subsample_or_fraction,"RELAB material 69941,41 <45 um linked only to Atlas parent page 69941; composition of this subsample, size fraction, mineral separate, or preparation is not implied",Do not transfer parent-sample composition without subsample-specific verification,,,,https://www.lpi.usra.edu/lunar/samples/atlas/detail/?mission=Apollo%2016&sample=69941,,yes
bir1lr139e,LR-SKN-139-E,"69941,41 <250 um","69941,41",69941,69941,subsample_or_fraction,"RELAB material 69941,41 <250 um linked only to Atlas parent page 69941; composition of this subsample, size fraction, mineral separate, or preparation is not implied",Do not transfer parent-sample composition without subsample-specific verification,,,,https://www.lpi.usra.edu/lunar/samples/atlas/detail/?mission=Apollo%2016&sample=69941,,yes
bir1lr144,LR-CMP-144,"15058,276 brown pyroxene","15058,276",15058,15058,subsample_or_fraction,"RELAB material 15058,276 brown pyroxene linked only to Atlas parent page 15058; composition of this subsample, size fraction, mineral separate, or preparation is not implied",Do not transfer parent-sample composition without subsample-specific verification,,basalt,,https://www.lpi.usra.edu/lunar/samples/atlas/detail/?mission=Apollo%2015&sample=15058,,yes
bir1lr145,LR-CMP-145,"15058,276 green pyroxene","15058,276",15058,15058,subsample_or_fraction,"RELAB material 15058,276 green pyroxene linked only to Atlas parent page 15058; composition of this subsample, size fraction, mineral separate, or preparation is not implied",Do not transfer parent-sample composition without subsample-specific verification,,basalt,,https://www.lpi.usra.edu/lunar/samples/atlas/detail/?mission=Apollo%2015&sample=15058,,yes
bir1lr146,LR-CMP-146,"15058,276 plagioclase","15058,276",15058,15058,subsample_or_fraction,"RELAB material 15058,276 plagioclase linked only to Atlas parent page 15058; composition of this subsample, size fraction, mineral separate, or preparation is not implied",Do not transfer parent-sample composition without subsample-specific verification,,basalt,,https://www.lpi.usra.edu/lunar/samples/atlas/detail/?mission=Apollo%2015&sample=15058,,yes
bir1lr147,LR-CMP-147,"70035,188 deep brown pyroxene","70035,188",70035,70035,subsample_or_fraction,"RELAB material 70035,188 deep brown pyroxene linked only to Atlas parent page 70035; composition of this subsample, size fraction, mineral separate, or preparation is not implied",Do not transfer parent-sample composition without subsample-specific verification,rock,high-Ti mare basalt,High-Ti Mare Basalt,https://www.lpi.usra.edu/lunar/samples/atlas/detail/?mission=Apollo%2017&sample=70035,,yes
bir1lr148,LR-CMP-148,"70035,188 light brown pyroxene","70035,188",70035,70035,subsample_or_fraction,"RELAB material 70035,188 light brown pyroxene linked only to Atlas parent page 70035; composition of this subsample, size fraction, mineral separate, or preparation is not implied",Do not transfer parent-sample composition without subsample-specific verification,rock,high-Ti mare basalt,High-Ti Mare Basalt,https://www.lpi.usra.edu/lunar/samples/atlas/detail/?mission=Apollo%2017&sample=70035,,yes
bir1lr150,LR-CMP-150,"70035,188 ilmenite","70035,188",70035,70035,subsample_or_fraction,"RELAB material 70035,188 ilmenite linked only to Atlas parent page 70035; composition of this subsample, size fraction, mineral separate, or preparation is not implied",Do not transfer parent-sample composition without subsample-specific verification,rock,high-Ti mare basalt,High-Ti Mare Basalt,https://www.lpi.usra.edu/lunar/samples/atlas/detail/?mission=Apollo%2017&sample=70035,,yes
bir1lr151,LR-CMP-151,"62241,21 plagioclase","62241,21",62241,62241,subsample_or_fraction,"RELAB material 62241,21 plagioclase linked only to Atlas parent page 62241; composition of this subsample, size fraction, mineral separate, or preparation is not implied",Do not transfer parent-sample composition without subsample-specific verification,,,,https://www.lpi.usra.edu/lunar/samples/atlas/detail/?mission=Apollo%2016&sample=62241,,yes
bir1lr152,LR-CMP-152,"15058,276 bulk B <125 um","15058,276",15058,15058,subsample_or_fraction,"RELAB material 15058,276 bulk B <125 um linked only to Atlas parent page 15058; composition of this subsample, size fraction, mineral separate, or preparation is not implied",Do not transfer parent-sample composition without subsample-specific verification,,basalt,,https://www.lpi.usra.edu/lunar/samples/atlas/detail/?mission=Apollo%2015&sample=15058,,yes
bir1lr153,LR-CMP-153,"15058,276 bulk A 125-250 um","15058,276",15058,15058,subsample_or_fraction,"RELAB material 15058,276 bulk A 125-250 um linked only to Atlas parent page 15058; composition of this subsample, size fraction, mineral separate, or preparation is not implied",Do not transfer parent-sample composition without subsample-specific verification,,basalt,,https://www.lpi.usra.edu/lunar/samples/atlas/detail/?mission=Apollo%2015&sample=15058,,yes
bir1lr154,LR-CMP-154,"15555,965 bulk <125 um","15555,965",15555,15555,subsample_or_fraction,"RELAB material 15555,965 bulk <125 um linked only to Atlas parent page 15555; composition of this subsample, size fraction, mineral separate, or preparation is not implied",Do not transfer parent-sample composition without subsample-specific verification,,basalt,"(""Great Scott"") is both the largest and the most intensively studied of the Apollo 15 rocks. It is a medium-grained olivine basalt, with a few percent small vugs. It is probably very close to a liquid composition, i.e., it contains few, if any, accumulated crystals. It crystallized ~3.3 b.y. ago. Unlike other nearby rocks, 15555 was not dust-coated. It is generally tough, but many exterior chips fell off during earth transit and many of these pieces are friable. It is sub-rounded and blocky, with many zap pits.",https://www.lpi.usra.edu/lunar/samples/atlas/detail/?mission=Apollo%2015&sample=15555,,yes
bir1lr155,LR-CMP-155,"15555,965 bulk 125-250 um","15555,965",15555,15555,subsample_or_fraction,"RELAB material 15555,965 bulk 125-250 um linked only to Atlas parent page 15555; composition of this subsample, size fraction, mineral separate, or preparation is not implied",Do not transfer parent-sample composition without subsample-specific verification,,basalt,"(""Great Scott"") is both the largest and the most intensively studied of the Apollo 15 rocks. It is a medium-grained olivine basalt, with a few percent small vugs. It is probably very close to a liquid composition, i.e., it contains few, if any, accumulated crystals. It crystallized ~3.3 b.y. ago. Unlike other nearby rocks, 15555 was not dust-coated. It is generally tough, but many exterior chips fell off during earth transit and many of these pieces are friable. It is sub-rounded and blocky, with many zap pits.",https://www.lpi.usra.edu/lunar/samples/atlas/detail/?mission=Apollo%2015&sample=15555,,yes
bir1lr156,LR-CMP-156,"70017,535 bulk <125 um","70017,535",70017,70017,subsample_or_fraction,"RELAB material 70017,535 bulk <125 um linked only to Atlas parent page 70017; composition of this subsample, size fraction, mineral separate, or preparation is not implied",Do not transfer parent-sample composition without subsample-specific verification,rock,high-Ti mare basalt,High-Ti Mare Basalt,https://www.lpi.usra.edu/lunar/samples/atlas/detail/?mission=Apollo%2017&sample=70017,,yes
bir1lr157,LR-CMP-157,"70017,535 bulk 125-250 um","70017,535",70017,70017,subsample_or_fraction,"RELAB material 70017,535 bulk 125-250 um linked only to Atlas parent page 70017; composition of this subsample, size fraction, mineral separate, or preparation is not implied",Do not transfer parent-sample composition without subsample-specific verification,rock,high-Ti mare basalt,High-Ti Mare Basalt,https://www.lpi.usra.edu/lunar/samples/atlas/detail/?mission=Apollo%2017&sample=70017,,yes
bir1lr158,LR-CMP-158,"70035,188 bulk <125 um","70035,188",70035,70035,subsample_or_fraction,"RELAB material 70035,188 bulk <125 um linked only to Atlas parent page 70035; composition of this subsample, size fraction, mineral separate, or preparation is not implied",Do not transfer parent-sample composition without subsample-specific verification,rock,high-Ti mare basalt,High-Ti Mare Basalt,https://www.lpi.usra.edu/lunar/samples/atlas/detail/?mission=Apollo%2017&sample=70035,,yes
bir1lr159,LR-CMP-159,"70035,188 bulk 125-250 um","70035,188",70035,70035,subsample_or_fraction,"RELAB material 70035,188 bulk 125-250 um linked only to Atlas parent page 70035; composition of this subsample, size fraction, mineral separate, or preparation is not implied",Do not transfer parent-sample composition without subsample-specific verification,rock,high-Ti mare basalt,High-Ti Mare Basalt,https://www.lpi.usra.edu/lunar/samples/atlas/detail/?mission=Apollo%2017&sample=70035,,yes
bir1lr160,LR-CMP-160,"15555,965 reddish-brown pyroxene A","15555,965",15555,15555,subsample_or_fraction,"RELAB material 15555,965 reddish-brown pyroxene A linked only to Atlas parent page 15555; composition of this subsample, size fraction, mineral separate, or preparation is not implied",Do not transfer parent-sample composition without subsample-specific verification,,basalt,"(""Great Scott"") is both the largest and the most intensively studied of the Apollo 15 rocks. It is a medium-grained olivine basalt, with a few percent small vugs. It is probably very close to a liquid composition, i.e., it contains few, if any, accumulated crystals. It crystallized ~3.3 b.y. ago. Unlike other nearby rocks, 15555 was not dust-coated. It is generally tough, but many exterior chips fell off during earth transit and many of these pieces are friable. It is sub-rounded and blocky, with many zap pits.",https://www.lpi.usra.edu/lunar/samples/atlas/detail/?mission=Apollo%2015&sample=15555,,yes
bir1lr161,LR-CMP-161,"15555,965 light-brown pyroxene A","15555,965",15555,15555,subsample_or_fraction,"RELAB material 15555,965 light-brown pyroxene A linked only to Atlas parent page 15555; composition of this subsample, size fraction, mineral separate, or preparation is not implied",Do not transfer parent-sample composition without subsample-specific verification,,basalt,"(""Great Scott"") is both the largest and the most intensively studied of the Apollo 15 rocks. It is a medium-grained olivine basalt, with a few percent small vugs. It is probably very close to a liquid composition, i.e., it contains few, if any, accumulated crystals. It crystallized ~3.3 b.y. ago. Unlike other nearby rocks, 15555 was not dust-coated. It is generally tough, but many exterior chips fell off during earth transit and many of these pieces are friable. It is sub-rounded and blocky, with many zap pits.",https://www.lpi.usra.edu/lunar/samples/atlas/detail/?mission=Apollo%2015&sample=15555,,yes
bir1lr162,LR-CMP-162,"15555,965 olivine A","15555,965",15555,15555,subsample_or_fraction,"RELAB material 15555,965 olivine A linked only to Atlas parent page 15555; composition of this subsample, size fraction, mineral separate, or preparation is not implied",Do not transfer parent-sample composition without subsample-specific verification,,basalt,"(""Great Scott"") is both the largest and the most intensively studied of the Apollo 15 rocks. It is a medium-grained olivine basalt, with a few percent small vugs. It is probably very close to a liquid composition, i.e., it contains few, if any, accumulated crystals. It crystallized ~3.3 b.y. ago. Unlike other nearby rocks, 15555 was not dust-coated. It is generally tough, but many exterior chips fell off during earth transit and many of these pieces are friable. It is sub-rounded and blocky, with many zap pits.",https://www.lpi.usra.edu/lunar/samples/atlas/detail/?mission=Apollo%2015&sample=15555,,yes
bir1lr163,LR-CMP-163,"15555,965 plagioclase A","15555,965",15555,15555,subsample_or_fraction,"RELAB material 15555,965 plagioclase A linked only to Atlas parent page 15555; composition of this subsample, size fraction, mineral separate, or preparation is not implied",Do not transfer parent-sample composition without subsample-specific verification,,basalt,"(""Great Scott"") is both the largest and the most intensively studied of the Apollo 15 rocks. It is a medium-grained olivine basalt, with a few percent small vugs. It is probably very close to a liquid composition, i.e., it contains few, if any, accumulated crystals. It crystallized ~3.3 b.y. ago. Unlike other nearby rocks, 15555 was not dust-coated. It is generally tough, but many exterior chips fell off during earth transit and many of these pieces are friable. It is sub-rounded and blocky, with many zap pits.",https://www.lpi.usra.edu/lunar/samples/atlas/detail/?mission=Apollo%2015&sample=15555,,yes
bir1lr164,LR-CMP-164,"70017,535 brown pyroxene","70017,535",70017,70017,subsample_or_fraction,"RELAB material 70017,535 brown pyroxene linked only to Atlas parent page 70017; composition of this subsample, size fraction, mineral separate, or preparation is not implied",Do not transfer parent-sample composition without subsample-specific verification,rock,high-Ti mare basalt,High-Ti Mare Basalt,https://www.lpi.usra.edu/lunar/samples/atlas/detail/?mission=Apollo%2017&sample=70017,,yes
bir1lr165,LR-CMP-165,"70017,535 light-brown pyroxene","70017,535",70017,70017,subsample_or_fraction,"RELAB material 70017,535 light-brown pyroxene linked only to Atlas parent page 70017; composition of this subsample, size fraction, mineral separate, or preparation is not implied",Do not transfer parent-sample composition without subsample-specific verification,rock,high-Ti mare basalt,High-Ti Mare Basalt,https://www.lpi.usra.edu/lunar/samples/atlas/detail/?mission=Apollo%2017&sample=70017,,yes
bir1lr166,LR-CMP-166,"70017,535 plagioclase","70017,535",70017,70017,subsample_or_fraction,"RELAB material 70017,535 plagioclase linked only to Atlas parent page 70017; composition of this subsample, size fraction, mineral separate, or preparation is not implied",Do not transfer parent-sample composition without subsample-specific verification,rock,high-Ti mare basalt,High-Ti Mare Basalt,https://www.lpi.usra.edu/lunar/samples/atlas/detail/?mission=Apollo%2017&sample=70017,,yes
bir1lr167,LR-CMP-167,"70017,535 ilmenite","70017,535",70017,70017,subsample_or_fraction,"RELAB material 70017,535 ilmenite linked only to Atlas parent page 70017; composition of this subsample, size fraction, mineral separate, or preparation is not implied",Do not transfer parent-sample composition without subsample-specific verification,rock,high-Ti mare basalt,High-Ti Mare Basalt,https://www.lpi.usra.edu/lunar/samples/atlas/detail/?mission=Apollo%2017&sample=70017,,yes
bir1lr171,LR-CMP-171,"15555,965 plagioclase B","15555,965",15555,15555,subsample_or_fraction,"RELAB material 15555,965 plagioclase B linked only to Atlas parent page 15555; composition of this subsample, size fraction, mineral separate, or preparation is not implied",Do not transfer parent-sample composition without subsample-specific verification,,basalt,"(""Great Scott"") is both the largest and the most intensively studied of the Apollo 15 rocks. It is a medium-grained olivine basalt, with a few percent small vugs. It is probably very close to a liquid composition, i.e., it contains few, if any, accumulated crystals. It crystallized ~3.3 b.y. ago. Unlike other nearby rocks, 15555 was not dust-coated. It is generally tough, but many exterior chips fell off during earth transit and many of these pieces are friable. It is sub-rounded and blocky, with many zap pits.",https://www.lpi.usra.edu/lunar/samples/atlas/detail/?mission=Apollo%2015&sample=15555,,yes
bir1lr172,LR-CMP-172,"15058,276 brown pyroxene","15058,276",15058,15058,subsample_or_fraction,"RELAB material 15058,276 brown pyroxene linked only to Atlas parent page 15058; composition of this subsample, size fraction, mineral separate, or preparation is not implied",Do not transfer parent-sample composition without subsample-specific verification,,basalt,,https://www.lpi.usra.edu/lunar/samples/atlas/detail/?mission=Apollo%2015&sample=15058,,yes
bir1lr173,LR-CMP-173,"15058,276 green pyroxene","15058,276",15058,15058,subsample_or_fraction,"RELAB material 15058,276 green pyroxene linked only to Atlas parent page 15058; composition of this subsample, size fraction, mineral separate, or preparation is not implied",Do not transfer parent-sample composition without subsample-specific verification,,basalt,,https://www.lpi.usra.edu/lunar/samples/atlas/detail/?mission=Apollo%2015&sample=15058,,yes
bir1lr174,LR-CMP-174,"15058,276 plagioclase","15058,276",15058,15058,subsample_or_fraction,"RELAB material 15058,276 plagioclase linked only to Atlas parent page 15058; composition of this subsample, size fraction, mineral separate, or preparation is not implied",Do not transfer parent-sample composition without subsample-specific verification,,basalt,,https://www.lpi.usra.edu/lunar/samples/atlas/detail/?mission=Apollo%2015&sample=15058,,yes
bir1lr175,LR-CMP-175,"70017,535 deep-brown pyroxene B","70017,535",70017,70017,subsample_or_fraction,"RELAB material 70017,535 deep-brown pyroxene B linked only to Atlas parent page 70017; composition of this subsample, size fraction, mineral separate, or preparation is not implied",Do not transfer parent-sample composition without subsample-specific verification,rock,high-Ti mare basalt,High-Ti Mare Basalt,https://www.lpi.usra.edu/lunar/samples/atlas/detail/?mission=Apollo%2017&sample=70017,,yes
bir1lr176,LR-CMP-176,"70017,535 light-brown pyroxene B","70017,535",70017,70017,subsample_or_fraction,"RELAB material 70017,535 light-brown pyroxene B linked only to Atlas parent page 70017; composition of this subsample, size fraction, mineral separate, or preparation is not implied",Do not transfer parent-sample composition without subsample-specific verification,rock,high-Ti mare basalt,High-Ti Mare Basalt,https://www.lpi.usra.edu/lunar/samples/atlas/detail/?mission=Apollo%2017&sample=70017,,yes
bir1lr177,LR-CMP-177,"70017,535 plagioclase B","70017,535",70017,70017,subsample_or_fraction,"RELAB material 70017,535 plagioclase B linked only to Atlas parent page 70017; composition of this subsample, size fraction, mineral separate, or preparation is not implied",Do not transfer parent-sample composition without subsample-specific verification,rock,high-Ti mare basalt,High-Ti Mare Basalt,https://www.lpi.usra.edu/lunar/samples/atlas/detail/?mission=Apollo%2017&sample=70017,,yes
bir1lr178,LR-CMP-178,"70017,535 ilmenite","70017,535",70017,70017,subsample_or_fraction,"RELAB material 70017,535 ilmenite linked only to Atlas parent page 70017; composition of this subsample, size fraction, mineral separate, or preparation is not implied",Do not transfer parent-sample composition without subsample-specific verification,rock,high-Ti mare basalt,High-Ti Mare Basalt,https://www.lpi.usra.edu/lunar/samples/atlas/detail/?mission=Apollo%2017&sample=70017,,yes
bir1lr179,LR-CMP-179,"70035,188 deep-brown pyroxene B","70035,188",70035,70035,subsample_or_fraction,"RELAB material 70035,188 deep-brown pyroxene B linked only to Atlas parent page 70035; composition of this subsample, size fraction, mineral separate, or preparation is not implied",Do not transfer parent-sample composition without subsample-specific verification,rock,high-Ti mare basalt,High-Ti Mare Basalt,https://www.lpi.usra.edu/lunar/samples/atlas/detail/?mission=Apollo%2017&sample=70035,,yes
bir1lr180,LR-CMP-180,"70035,188 light-brown pyroxene B","70035,188",70035,70035,subsample_or_fraction,"RELAB material 70035,188 light-brown pyroxene B linked only to Atlas parent page 70035; composition of this subsample, size fraction, mineral separate, or preparation is not implied",Do not transfer parent-sample composition without subsample-specific verification,rock,high-Ti mare basalt,High-Ti Mare Basalt,https://www.lpi.usra.edu/lunar/samples/atlas/detail/?mission=Apollo%2017&sample=70035,,yes
bir1lr181,LR-CMP-181,"70035,188 plagioclase B","70035,188",70035,70035,subsample_or_fraction,"RELAB material 70035,188 plagioclase B linked only to Atlas parent page 70035; composition of this subsample, size fraction, mineral separate, or preparation is not implied",Do not transfer parent-sample composition without subsample-specific verification,rock,high-Ti mare basalt,High-Ti Mare Basalt,https://www.lpi.usra.edu/lunar/samples/atlas/detail/?mission=Apollo%2017&sample=70035,,yes
bir1lr182,LR-CMP-182,"70035,188 ilmenite","70035,188",70035,70035,subsample_or_fraction,"RELAB material 70035,188 ilmenite linked only to Atlas parent page 70035; composition of this subsample, size fraction, mineral separate, or preparation is not implied",Do not transfer parent-sample composition without subsample-specific verification,rock,high-Ti mare basalt,High-Ti Mare Basalt,https://www.lpi.usra.edu/lunar/samples/atlas/detail/?mission=Apollo%2017&sample=70035,,yes
bir1lr183,LR-CMP-183,"62241,21 plagioclase B","62241,21",62241,62241,subsample_or_fraction,"RELAB material 62241,21 plagioclase B linked only to Atlas parent page 62241; composition of this subsample, size fraction, mineral separate, or preparation is not implied",Do not transfer parent-sample composition without subsample-specific verification,,,,https://www.lpi.usra.edu/lunar/samples/atlas/detail/?mission=Apollo%2016&sample=62241,,yes
bir1lr204,LR-CMP-204,"15058,276 bulk D <45 um","15058,276",15058,15058,subsample_or_fraction,"RELAB material 15058,276 bulk D <45 um linked only to Atlas parent page 15058; composition of this subsample, size fraction, mineral separate, or preparation is not implied",Do not transfer parent-sample composition without subsample-specific verification,,basalt,,https://www.lpi.usra.edu/lunar/samples/atlas/detail/?mission=Apollo%2015&sample=15058,,yes
bir1lr205,LR-CMP-205,"15555,965 bulk D <45 um","15555,965",15555,15555,subsample_or_fraction,"RELAB material 15555,965 bulk D <45 um linked only to Atlas parent page 15555; composition of this subsample, size fraction, mineral separate, or preparation is not implied",Do not transfer parent-sample composition without subsample-specific verification,,basalt,"(""Great Scott"") is both the largest and the most intensively studied of the Apollo 15 rocks. It is a medium-grained olivine basalt, with a few percent small vugs. It is probably very close to a liquid composition, i.e., it contains few, if any, accumulated crystals. It crystallized ~3.3 b.y. ago. Unlike other nearby rocks, 15555 was not dust-coated. It is generally tough, but many exterior chips fell off during earth transit and many of these pieces are friable. It is sub-rounded and blocky, with many zap pits.",https://www.lpi.usra.edu/lunar/samples/atlas/detail/?mission=Apollo%2015&sample=15555,,yes
bir1lr206,LR-CMP-206,"70017,535 bulk D <45 um","70017,535",70017,70017,subsample_or_fraction,"RELAB material 70017,535 bulk D <45 um linked only to Atlas parent page 70017; composition of this subsample, size fraction, mineral separate, or preparation is not implied",Do not transfer parent-sample composition without subsample-specific verification,rock,high-Ti mare basalt,High-Ti Mare Basalt,https://www.lpi.usra.edu/lunar/samples/atlas/detail/?mission=Apollo%2017&sample=70017,,yes
bir1lr207,LR-CMP-207,"70035,188 bulk D <45 um","70035,188",70035,70035,subsample_or_fraction,"RELAB material 70035,188 bulk D <45 um linked only to Atlas parent page 70035; composition of this subsample, size fraction, mineral separate, or preparation is not implied",Do not transfer parent-sample composition without subsample-specific verification,rock,high-Ti mare basalt,High-Ti Mare Basalt,https://www.lpi.usra.edu/lunar/samples/atlas/detail/?mission=Apollo%2017&sample=70035,,yes
bir1lr208,LR-CMP-208,"15058,276 brown pyroxene D <45 um","15058,276",15058,15058,subsample_or_fraction,"RELAB material 15058,276 brown pyroxene D <45 um linked only to Atlas parent page 15058; composition of this subsample, size fraction, mineral separate, or preparation is not implied",Do not transfer parent-sample composition without subsample-specific verification,,basalt,,https://www.lpi.usra.edu/lunar/samples/atlas/detail/?mission=Apollo%2015&sample=15058,,yes
bir1lr209,LR-CMP-209,"15058,276 green pyroxene D <45 um","15058,276",15058,15058,subsample_or_fraction,"RELAB material 15058,276 green pyroxene D <45 um linked only to Atlas parent page 15058; composition of this subsample, size fraction, mineral separate, or preparation is not implied",Do not transfer parent-sample composition without subsample-specific verification,,basalt,,https://www.lpi.usra.edu/lunar/samples/atlas/detail/?mission=Apollo%2015&sample=15058,,yes
bir1lr210,LR-CMP-210,"15058,276 plagioclase D <45 um","15058,276",15058,15058,subsample_or_fraction,"RELAB material 15058,276 plagioclase D <45 um linked only to Atlas parent page 15058; composition of this subsample, size fraction, mineral separate, or preparation is not implied",Do not transfer parent-sample composition without subsample-specific verification,,basalt,,https://www.lpi.usra.edu/lunar/samples/atlas/detail/?mission=Apollo%2015&sample=15058,,yes
bir1lr211,LR-CMP-211,"15555,965 reddish-brown pyroxene D <45 um","15555,965",15555,15555,subsample_or_fraction,"RELAB material 15555,965 reddish-brown pyroxene D <45 um linked only to Atlas parent page 15555; composition of this subsample, size fraction, mineral separate, or preparation is not implied",Do not transfer parent-sample composition without subsample-specific verification,,basalt,"(""Great Scott"") is both the largest and the most intensively studied of the Apollo 15 rocks. It is a medium-grained olivine basalt, with a few percent small vugs. It is probably very close to a liquid composition, i.e., it contains few, if any, accumulated crystals. It crystallized ~3.3 b.y. ago. Unlike other nearby rocks, 15555 was not dust-coated. It is generally tough, but many exterior chips fell off during earth transit and many of these pieces are friable. It is sub-rounded and blocky, with many zap pits.",https://www.lpi.usra.edu/lunar/samples/atlas/detail/?mission=Apollo%2015&sample=15555,,yes
bir1lr212,LR-CMP-212,"15555,965 olivine D <45 um","15555,965",15555,15555,subsample_or_fraction,"RELAB material 15555,965 olivine D <45 um linked only to Atlas parent page 15555; composition of this subsample, size fraction, mineral separate, or preparation is not implied",Do not transfer parent-sample composition without subsample-specific verification,,basalt,"(""Great Scott"") is both the largest and the most intensively studied of the Apollo 15 rocks. It is a medium-grained olivine basalt, with a few percent small vugs. It is probably very close to a liquid composition, i.e., it contains few, if any, accumulated crystals. It crystallized ~3.3 b.y. ago. Unlike other nearby rocks, 15555 was not dust-coated. It is generally tough, but many exterior chips fell off during earth transit and many of these pieces are friable. It is sub-rounded and blocky, with many zap pits.",https://www.lpi.usra.edu/lunar/samples/atlas/detail/?mission=Apollo%2015&sample=15555,,yes
bir1lr213,LR-CMP-213,"15555,965 light-brown pyroxene D <45 um","15555,965",15555,15555,subsample_or_fraction,"RELAB material 15555,965 light-brown pyroxene D <45 um linked only to Atlas parent page 15555; composition of this subsample, size fraction, mineral separate, or preparation is not implied",Do not transfer parent-sample composition without subsample-specific verification,,basalt,"(""Great Scott"") is both the largest and the most intensively studied of the Apollo 15 rocks. It is a medium-grained olivine basalt, with a few percent small vugs. It is probably very close to a liquid composition, i.e., it contains few, if any, accumulated crystals. It crystallized ~3.3 b.y. ago. Unlike other nearby rocks, 15555 was not dust-coated. It is generally tough, but many exterior chips fell off during earth transit and many of these pieces are friable. It is sub-rounded and blocky, with many zap pits.",https://www.lpi.usra.edu/lunar/samples/atlas/detail/?mission=Apollo%2015&sample=15555,,yes
bir1lr214,LR-CMP-214,"15555,965 plagioclase D <45 um","15555,965",15555,15555,subsample_or_fraction,"RELAB material 15555,965 plagioclase D <45 um linked only to Atlas parent page 15555; composition of this subsample, size fraction, mineral separate, or preparation is not implied",Do not transfer parent-sample composition without subsample-specific verification,,basalt,"(""Great Scott"") is both the largest and the most intensively studied of the Apollo 15 rocks. It is a medium-grained olivine basalt, with a few percent small vugs. It is probably very close to a liquid composition, i.e., it contains few, if any, accumulated crystals. It crystallized ~3.3 b.y. ago. Unlike other nearby rocks, 15555 was not dust-coated. It is generally tough, but many exterior chips fell off during earth transit and many of these pieces are friable. It is sub-rounded and blocky, with many zap pits.",https://www.lpi.usra.edu/lunar/samples/atlas/detail/?mission=Apollo%2015&sample=15555,,yes
bir1lr215,LR-CMP-215,"70017,535 deep-brown pyroxene D <45 um","70017,535",70017,70017,subsample_or_fraction,"RELAB material 70017,535 deep-brown pyroxene D <45 um linked only to Atlas parent page 70017; composition of this subsample, size fraction, mineral separate, or preparation is not implied",Do not transfer parent-sample composition without subsample-specific verification,rock,high-Ti mare basalt,High-Ti Mare Basalt,https://www.lpi.usra.edu/lunar/samples/atlas/detail/?mission=Apollo%2017&sample=70017,,yes
bir1lr216,LR-CMP-216,"70017,535 light-brown pyroxene D <45 um","70017,535",70017,70017,subsample_or_fraction,"RELAB material 70017,535 light-brown pyroxene D <45 um linked only to Atlas parent page 70017; composition of this subsample, size fraction, mineral separate, or preparation is not implied",Do not transfer parent-sample composition without subsample-specific verification,rock,high-Ti mare basalt,High-Ti Mare Basalt,https://www.lpi.usra.edu/lunar/samples/atlas/detail/?mission=Apollo%2017&sample=70017,,yes
bir1lr217,LR-CMP-217,"70017,535 plagioclase D <45 um","70017,535",70017,70017,subsample_or_fraction,"RELAB material 70017,535 plagioclase D <45 um linked only to Atlas parent page 70017; composition of this subsample, size fraction, mineral separate, or preparation is not implied",Do not transfer parent-sample composition without subsample-specific verification,rock,high-Ti mare basalt,High-Ti Mare Basalt,https://www.lpi.usra.edu/lunar/samples/atlas/detail/?mission=Apollo%2017&sample=70017,,yes
bir1lr218,LR-CMP-218,"70017,535 ilmenite D <45 um","70017,535",70017,70017,subsample_or_fraction,"RELAB material 70017,535 ilmenite D <45 um linked only to Atlas parent page 70017; composition of this subsample, size fraction, mineral separate, or preparation is not implied",Do not transfer parent-sample composition without subsample-specific verification,rock,high-Ti mare basalt,High-Ti Mare Basalt,https://www.lpi.usra.edu/lunar/samples/atlas/detail/?mission=Apollo%2017&sample=70017,,yes
bir1lr219,LR-CMP-219,"70035,188 dark-brown pyroxene D <45 um","70035,188",70035,70035,subsample_or_fraction,"RELAB material 70035,188 dark-brown pyroxene D <45 um linked only to Atlas parent page 70035; composition of this subsample, size fraction, mineral separate, or preparation is not implied",Do not transfer parent-sample composition without subsample-specific verification,rock,high-Ti mare basalt,High-Ti Mare Basalt,https://www.lpi.usra.edu/lunar/samples/atlas/detail/?mission=Apollo%2017&sample=70035,,yes
bir1lr220,LR-CMP-220,"70035,188 light-brown pyroxene D <45 um","70035,188",70035,70035,subsample_or_fraction,"RELAB material 70035,188 light-brown pyroxene D <45 um linked only to Atlas parent page 70035; composition of this subsample, size fraction, mineral separate, or preparation is not implied",Do not transfer parent-sample composition without subsample-specific verification,rock,high-Ti mare basalt,High-Ti Mare Basalt,https://www.lpi.usra.edu/lunar/samples/atlas/detail/?mission=Apollo%2017&sample=70035,,yes
bir1lr221,LR-CMP-221,"70035,188 plagioclase D <45 um","70035,188",70035,70035,subsample_or_fraction,"RELAB material 70035,188 plagioclase D <45 um linked only to Atlas parent page 70035; composition of this subsample, size fraction, mineral separate, or preparation is not implied",Do not transfer parent-sample composition without subsample-specific verification,rock,high-Ti mare basalt,High-Ti Mare Basalt,https://www.lpi.usra.edu/lunar/samples/atlas/detail/?mission=Apollo%2017&sample=70035,,yes
bir1lr222,LR-CMP-222,"70035,188 ilmenite D <45 um","70035,188",70035,70035,subsample_or_fraction,"RELAB material 70035,188 ilmenite D <45 um linked only to Atlas parent page 70035; composition of this subsample, size fraction, mineral separate, or preparation is not implied",Do not transfer parent-sample composition without subsample-specific verification,rock,high-Ti mare basalt,High-Ti Mare Basalt,https://www.lpi.usra.edu/lunar/samples/atlas/detail/?mission=Apollo%2017&sample=70035,,yes
bir1lr223,LR-CMP-223,"62241,21 plagioclase D <45 um","62241,21",62241,62241,subsample_or_fraction,"RELAB material 62241,21 plagioclase D <45 um linked only to Atlas parent page 62241; composition of this subsample, size fraction, mineral separate, or preparation is not implied",Do not transfer parent-sample composition without subsample-specific verification,,,,https://www.lpi.usra.edu/lunar/samples/atlas/detail/?mission=Apollo%2016&sample=62241,,yes
bir1lr224,LR-CMP-224,"15415,60 plagioclase B","15415,60",15415,15415,subsample_or_fraction,"RELAB material 15415,60 plagioclase B linked only to Atlas parent page 15415; composition of this subsample, size fraction, mineral separate, or preparation is not implied",Do not transfer parent-sample composition without subsample-specific verification,rock,anorthite,"Anorthite. Corse-grained, ferroan crystalline rock with complex cataclastic and metamorphic history. Pale, blocky, angular to subrounded sample, which was originally partly dust-covered.",https://www.lpi.usra.edu/lunar/samples/atlas/detail/?mission=Apollo%2015&sample=15415,,yes
bir1lr228,LR-CMP-228,"15058,276 bulk E <125 um","15058,276",15058,15058,subsample_or_fraction,"RELAB material 15058,276 bulk E <125 um linked only to Atlas parent page 15058; composition of this subsample, size fraction, mineral separate, or preparation is not implied",Do not transfer parent-sample composition without subsample-specific verification,,basalt,,https://www.lpi.usra.edu/lunar/samples/atlas/detail/?mission=Apollo%2015&sample=15058,,yes
bir1lr229,LR-LEN-229,60015 plagioclase 75-150 um,60015,60015,60015,subsample_or_fraction,"RELAB material 60015 plagioclase 75-150 um linked only to Atlas parent page 60015; composition of this subsample, size fraction, mineral separate, or preparation is not implied",Do not transfer parent-sample composition without subsample-specific verification,rock,anorthite,"Coherent, very light gray, shock-melted and cataclastic anorthosite; largely coated with vesicular glass up to 1 cm thick",https://www.lpi.usra.edu/lunar/samples/atlas/detail/?mission=Apollo%2016&sample=60015,,yes
bir1lr230,LR-DSM-230,"14003,96 Respirable","14003,96",14003,,atlas_missing,Recognizable Apollo parent sample 14003 is absent from the local Atlas index,No composition link established,,,,,,yes
bir1lr231,LR-DSM-231,"14003,96 Median size 1.7 um","14003,96",14003,,atlas_missing,Recognizable Apollo parent sample 14003 is absent from the local Atlas index,No composition link established,,,,,,yes
bir1lr232,LR-DSM-232,"14003,96 Median size 2.7 um","14003,96",14003,,atlas_missing,Recognizable Apollo parent sample 14003 is absent from the local Atlas index,No composition link established,,,,,,yes
bir1lr233,LR-DSM-233,"14003,96 Median size 6.7 um","14003,96",14003,,atlas_missing,Recognizable Apollo parent sample 14003 is absent from the local Atlas index,No composition link established,,,,,,yes
bir1lr234,LR-DSM-234,"14003,96 Median size 16.7 um","14003,96",14003,,atlas_missing,Recognizable Apollo parent sample 14003 is absent from the local Atlas index,No composition link established,,,,,,yes
bir1lr244b,LR-CMP-244-B,"60025,885 <45 um","60025,885",60025,60025,subsample_or_fraction,"RELAB material 60025,885 <45 um linked only to Atlas parent page 60025; composition of this subsample, size fraction, mineral separate, or preparation is not implied",Do not transfer parent-sample composition without subsample-specific verification,rock,anorthite,"Coarse-grained, moderately shocked, pristine cataclastic ferroan anorthosite",https://www.lpi.usra.edu/lunar/samples/atlas/detail/?mission=Apollo%2016&sample=60025,,yes
bir1lr244c,LR-CMP-244-C,"60025,885 45-75 um","60025,885",60025,60025,subsample_or_fraction,"RELAB material 60025,885 45-75 um linked only to Atlas parent page 60025; composition of this subsample, size fraction, mineral separate, or preparation is not implied",Do not transfer parent-sample composition without subsample-specific verification,rock,anorthite,"Coarse-grained, moderately shocked, pristine cataclastic ferroan anorthosite",https://www.lpi.usra.edu/lunar/samples/atlas/detail/?mission=Apollo%2016&sample=60025,,yes
bir1lr245b,LR-CMP-245-B,"65315, 153 <45 um","65315,153",65315,65315,subsample_or_fraction,"RELAB material 65315, 153 <45 um linked only to Atlas parent page 65315; composition of this subsample, size fraction, mineral separate, or preparation is not implied",Do not transfer parent-sample composition without subsample-specific verification,rake,anorthite,about 8 cm across; abundant micrometeorite pits and patina on this surface;,https://www.lpi.usra.edu/lunar/samples/atlas/detail/?mission=Apollo%2016&sample=65315,,yes
bir1lr245c,LR-CMP-245-C,"65315, 153 45-75 um","65315,153",65315,65315,subsample_or_fraction,"RELAB material 65315, 153 45-75 um linked only to Atlas parent page 65315; composition of this subsample, size fraction, mineral separate, or preparation is not implied",Do not transfer parent-sample composition without subsample-specific verification,rake,anorthite,about 8 cm across; abundant micrometeorite pits and patina on this surface;,https://www.lpi.usra.edu/lunar/samples/atlas/detail/?mission=Apollo%2016&sample=65315,,yes
bir1lr246b,LR-CMP-246-B,"60015,801 <45 um","60015,801",60015,60015,subsample_or_fraction,"RELAB material 60015,801 <45 um linked only to Atlas parent page 60015; composition of this subsample, size fraction, mineral separate, or preparation is not implied",Do not transfer parent-sample composition without subsample-specific verification,rock,anorthite,"Coherent, very light gray, shock-melted and cataclastic anorthosite; largely coated with vesicular glass up to 1 cm thick",https://www.lpi.usra.edu/lunar/samples/atlas/detail/?mission=Apollo%2016&sample=60015,,yes
bir1lr246c,LR-CMP-246-C,"60015,801 45-75 um","60015,801",60015,60015,subsample_or_fraction,"RELAB material 60015,801 45-75 um linked only to Atlas parent page 60015; composition of this subsample, size fraction, mineral separate, or preparation is not implied",Do not transfer parent-sample composition without subsample-specific verification,rock,anorthite,"Coherent, very light gray, shock-melted and cataclastic anorthosite; largely coated with vesicular glass up to 1 cm thick",https://www.lpi.usra.edu/lunar/samples/atlas/detail/?mission=Apollo%2016&sample=60015,,yes
bir1lr247b,LR-CMP-247-B,"69955, 65 <45 um","69955,65",69955,69955,subsample_or_fraction,"RELAB material 69955, 65 <45 um linked only to Atlas parent page 69955; composition of this subsample, size fraction, mineral separate, or preparation is not implied",Do not transfer parent-sample composition without subsample-specific verification,rock,anorthite,"a rock that is relatively coarse-grained, shocked cataclastic anorthosite with a flat black glass vein running the length",https://www.lpi.usra.edu/lunar/samples/atlas/detail/?mission=Apollo%2016&sample=69955,,yes
bir1lr247c,LR-CMP-247-C,"69955, 65 45-75 um","69955,65",69955,69955,subsample_or_fraction,"RELAB material 69955, 65 45-75 um linked only to Atlas parent page 69955; composition of this subsample, size fraction, mineral separate, or preparation is not implied",Do not transfer parent-sample composition without subsample-specific verification,rock,anorthite,"a rock that is relatively coarse-grained, shocked cataclastic anorthosite with a flat black glass vein running the length",https://www.lpi.usra.edu/lunar/samples/atlas/detail/?mission=Apollo%2016&sample=69955,,yes
bir1lr256,LR-CMP-256,"61016,542 large fragments","61016,542",61016,61016,subsample_or_fraction,"RELAB material 61016,542 large fragments linked only to Atlas parent page 61016; composition of this subsample, size fraction, mineral separate, or preparation is not implied",Do not transfer parent-sample composition without subsample-specific verification,,impact melt breccia,"known as ""Big Muley""; named after Bill Muehlberger, the leader of the Apollo 16 field geology team",https://www.lpi.usra.edu/lunar/samples/atlas/detail/?mission=Apollo%2016&sample=61016,,yes
bir1ls057,LS-CMP-057,"68501,601 bulk","68501,601",68501,68501,subsample_or_fraction,"RELAB material 68501,601 bulk linked only to Atlas parent page 68501; composition of this subsample, size fraction, mineral separate, or preparation is not implied",Do not transfer parent-sample composition without subsample-specific verification,rake,soil,,https://www.lpi.usra.edu/lunar/samples/atlas/detail/?mission=Apollo%2016&sample=68501,,yes
bir1ls105,LS-GJT-105,"61141,55 <150 um","61141,55",61141,61141,subsample_or_fraction,"RELAB material 61141,55 <150 um linked only to Atlas parent page 61141; composition of this subsample, size fraction, mineral separate, or preparation is not implied",Do not transfer parent-sample composition without subsample-specific verification,,,,https://www.lpi.usra.edu/lunar/samples/atlas/detail/?mission=Apollo%2016&sample=61141,,yes
bir1ls106,LS-GJT-106,"61501,26 <150 um","61501,26",61501,61501,subsample_or_fraction,"RELAB material 61501,26 <150 um linked only to Atlas parent page 61501; composition of this subsample, size fraction, mineral separate, or preparation is not implied",Do not transfer parent-sample composition without subsample-specific verification,,,,https://www.lpi.usra.edu/lunar/samples/atlas/detail/?mission=Apollo%2016&sample=61501,,yes
bir1ls107,LS-GJT-107,"62281,73 <150 um","62281,73",62281,62281,subsample_or_fraction,"RELAB material 62281,73 <150 um linked only to Atlas parent page 62281; composition of this subsample, size fraction, mineral separate, or preparation is not implied",Do not transfer parent-sample composition without subsample-specific verification,,soil,,https://www.lpi.usra.edu/lunar/samples/atlas/detail/?mission=Apollo%2016&sample=62281,,yes
bir1ls108,LS-GJT-108,"63341,83 <150 um","63341,83",63341,63341,subsample_or_fraction,"RELAB material 63341,83 <150 um linked only to Atlas parent page 63341; composition of this subsample, size fraction, mineral separate, or preparation is not implied",Do not transfer parent-sample composition without subsample-specific verification,,soil,,https://www.lpi.usra.edu/lunar/samples/atlas/detail/?mission=Apollo%2016&sample=63341,,yes
bir1ls109,LS-GJT-109,"63501,20 <150 um","63501,20",63501,63501,subsample_or_fraction,"RELAB material 63501,20 <150 um linked only to Atlas parent page 63501; composition of this subsample, size fraction, mineral separate, or preparation is not implied",Do not transfer parent-sample composition without subsample-specific verification,,,,https://www.lpi.usra.edu/lunar/samples/atlas/detail/?mission=Apollo%2016&sample=63501,,yes
bir1ls110,LS-GJT-110,"64421,141 <150 um","64421,141",64421,64421,subsample_or_fraction,"RELAB material 64421,141 <150 um linked only to Atlas parent page 64421; composition of this subsample, size fraction, mineral separate, or preparation is not implied",Do not transfer parent-sample composition without subsample-specific verification,,,,https://www.lpi.usra.edu/lunar/samples/atlas/detail/?mission=Apollo%2016&sample=64421,,yes
bir1ls111,LS-GJT-111,"65501,19 <150 um","65501,19",65501,65501,subsample_or_fraction,"RELAB material 65501,19 <150 um linked only to Atlas parent page 65501; composition of this subsample, size fraction, mineral separate, or preparation is not implied",Do not transfer parent-sample composition without subsample-specific verification,rake,soil,soil clods,https://www.lpi.usra.edu/lunar/samples/atlas/detail/?mission=Apollo%2016&sample=65501,,yes
bir1ls112,LS-GJT-112,"65701,153 <150 um","65701,153",65701,,atlas_missing,Recognizable Apollo parent sample 65701 is absent from the local Atlas index,No composition link established,,,,,,yes
bir1ls113,LS-GJT-113,"65901,23 <150 um","65901,23",65901,65901,subsample_or_fraction,"RELAB material 65901,23 <150 um linked only to Atlas parent page 65901; composition of this subsample, size fraction, mineral separate, or preparation is not implied",Do not transfer parent-sample composition without subsample-specific verification,,,very mature soil and has an average grain size of 85 microns,https://www.lpi.usra.edu/lunar/samples/atlas/detail/?mission=Apollo%2016&sample=65901,,yes
bir1ls114,LS-GJT-114,"66031,66 <150 um","66031,66",66031,66031,subsample_or_fraction,"RELAB material 66031,66 <150 um linked only to Atlas parent page 66031; composition of this subsample, size fraction, mineral separate, or preparation is not implied",Do not transfer parent-sample composition without subsample-specific verification,rake,soil,very mature soil with an average grain size of 121 microns,https://www.lpi.usra.edu/lunar/samples/atlas/detail/?mission=Apollo%2016&sample=66031,,yes
bir1ls115,LS-GJT-115,"67461,162 <150 um","67461,162",67461,67461,subsample_or_fraction,"RELAB material 67461,162 <150 um linked only to Atlas parent page 67461; composition of this subsample, size fraction, mineral separate, or preparation is not implied",Do not transfer parent-sample composition without subsample-specific verification,,soil,"chosen as a ""reference soil"" for the ""lunar highland initiative"" and is not greatly different from other soil samples from North Ray Crater",https://www.lpi.usra.edu/lunar/samples/atlas/detail/?mission=Apollo%2016&sample=67461,,yes
bir1ls116,LS-GJT-116,"67701,37 <150 um","67701,37",67701,67701,subsample_or_fraction,"RELAB material 67701,37 <150 um linked only to Atlas parent page 67701; composition of this subsample, size fraction, mineral separate, or preparation is not implied",Do not transfer parent-sample composition without subsample-specific verification,rake,soil,,https://www.lpi.usra.edu/lunar/samples/atlas/detail/?mission=Apollo%2016&sample=67701,,yes
bir1ls117,LS-GJT-117,"68121,18 <150 um","68121,18",68121,68121,subsample_or_fraction,"RELAB material 68121,18 <150 um linked only to Atlas parent page 68121; composition of this subsample, size fraction, mineral separate, or preparation is not implied",Do not transfer parent-sample composition without subsample-specific verification,,soil,,https://www.lpi.usra.edu/lunar/samples/atlas/detail/?mission=Apollo%2016&sample=68121,,yes
bir1ls118,LS-GJT-118,"69921,14 <150 um","69921,14",69921,69921,subsample_or_fraction,"RELAB material 69921,14 <150 um linked only to Atlas parent page 69921; composition of this subsample, size fraction, mineral separate, or preparation is not implied",Do not transfer parent-sample composition without subsample-specific verification,,,,https://www.lpi.usra.edu/lunar/samples/atlas/detail/?mission=Apollo%2016&sample=69921,,yes
bir1ls119,LS-GJT-119,"69961,135 <150 um","69961,135",69961,69961,subsample_or_fraction,"RELAB material 69961,135 <150 um linked only to Atlas parent page 69961; composition of this subsample, size fraction, mineral separate, or preparation is not implied",Do not transfer parent-sample composition without subsample-specific verification,,soil,,https://www.lpi.usra.edu/lunar/samples/atlas/detail/?mission=Apollo%2016&sample=69961,,yes
bir1ls120,LS-GJT-120,"12030,188 <150 um","12030,188",12030,12030,subsample_or_fraction,"RELAB material 12030,188 <150 um linked only to Atlas parent page 12030; composition of this subsample, size fraction, mineral separate, or preparation is not implied",Do not transfer parent-sample composition without subsample-specific verification,,,,https://www.lpi.usra.edu/lunar/samples/atlas/detail/?mission=Apollo%2012&sample=12030,,yes
bir1ls121,LS-GJT-121,"12032,365 <150 um","12032,365",12032,12032,subsample_or_fraction,"RELAB material 12032,365 <150 um linked only to Atlas parent page 12032; composition of this subsample, size fraction, mineral separate, or preparation is not implied",Do not transfer parent-sample composition without subsample-specific verification,soil-general,,"Surface soil 12032, along with several rocks were collected from the north rim of Bench crater. It includes some light gray material from just below the surace. Soil collected with ""potato"" rock 12053.",https://www.lpi.usra.edu/lunar/samples/atlas/detail/?mission=Apollo%2012&sample=12032,,yes
bir1ls122,LS-GJT-122,"12033,52 <150 um","12033,52",12033,12033,subsample_or_fraction,"RELAB material 12033,52 <150 um linked only to Atlas parent page 12033; composition of this subsample, size fraction, mineral separate, or preparation is not implied",Do not transfer parent-sample composition without subsample-specific verification,soil-general,,"Trench sample 12033 was collected 15 cm below the surface, 15 meters from the northwest rim of Head Crater near 12031. The trench bottom is lighter in color than the surface materials. Astronauts noticed more large blocks on the west side of Bench crater than on the east.",https://www.lpi.usra.edu/lunar/samples/atlas/detail/?mission=Apollo%2012&sample=12033,,yes
bir1ls123,LS-GJT-123,"12037,29 <150 um","12037,29",12037,12037,subsample_or_fraction,"RELAB material 12037,29 <150 um linked only to Atlas parent page 12037; composition of this subsample, size fraction, mineral separate, or preparation is not implied",Do not transfer parent-sample composition without subsample-specific verification,,basalt,"Soil sample in same sample bag as 12036, a friable basalt. Both were collected near the site of 12035 on the NW rim of Bench crater. Because it includes much broken material from the friable basalt, it is not statistically a soil sample.",https://www.lpi.usra.edu/lunar/samples/atlas/detail/?mission=Apollo%2012&sample=12037,,yes
bir1ls124,LS-GJT-124,"14141,21 <150 um","14141,21",14141,14141,subsample_or_fraction,"RELAB material 14141,21 <150 um linked only to Atlas parent page 14141; composition of this subsample, size fraction, mineral separate, or preparation is not implied",Do not transfer parent-sample composition without subsample-specific verification,soil-general,soil,"Samples 14140, 14141, 14142, 14143, 14144 and 14068, 14069, 14070, 14071, and 14072 were collected 3 meters from the rim of a 15 meter crater just south of Cone crater. 14141 is a surface soil identified by crew as a light gray layer, 14068 through 14072 is a sample of some surface rocks in the area. The area near the rim of Cone crater is strewn with boulders up to 3 meters.",https://www.lpi.usra.edu/lunar/samples/atlas/detail/?mission=Apollo%2014&sample=14141,,yes
bir1ls125,LS-GJT-125,"15401,137 <150 um","15401,137",15401,15401,subsample_or_fraction,"RELAB material 15401,137 <150 um linked only to Atlas parent page 15401; composition of this subsample, size fraction, mineral separate, or preparation is not implied",Do not transfer parent-sample composition without subsample-specific verification,,soil,is very immature and it has an unusual grain size distribution weight towards large particles. The average grain size distribution of 15401 is 89 microns.,https://www.lpi.usra.edu/lunar/samples/atlas/detail/?mission=Apollo%2015&sample=15401,,yes
bir1ls126,LS-GJT-126,15531.22 <150 um,"15531,22",15531,15531,subsample_or_fraction,"RELAB material 15531.22 <150 um linked only to Atlas parent page 15531; composition of this subsample, size fraction, mineral separate, or preparation is not implied",Do not transfer parent-sample composition without subsample-specific verification,,,"15501 and 15511 were collected from the rim of a small crater at station 9, while 15531 was collected at station 9a (near Hadley Rille).",https://www.lpi.usra.edu/lunar/samples/atlas/detail/?mission=Apollo%2015&sample=15531,,yes
bir1ls127,LS-GJT-127,"15601,356 <150 um","15601,356",15601,15601,subsample_or_fraction,"RELAB material 15601,356 <150 um linked only to Atlas parent page 15601; composition of this subsample, size fraction, mineral separate, or preparation is not implied",Do not transfer parent-sample composition without subsample-specific verification,,soil,"The large soil sample and the adjacent rake sample contained many olivine-normative basalt samples (156xx). Only about 2/3 of the soil sample was sieved, with about 400 grams remaining unsieved. Small rocks are described separately",https://www.lpi.usra.edu/lunar/samples/atlas/detail/?mission=Apollo%2015&sample=15601,,yes
bir1ls128,LS-GJT-128,"67511,24 <150 um","67511,24",67511,67511,subsample_or_fraction,"RELAB material 67511,24 <150 um linked only to Atlas parent page 67511; composition of this subsample, size fraction, mineral separate, or preparation is not implied",Do not transfer parent-sample composition without subsample-specific verification,rake,,,https://www.lpi.usra.edu/lunar/samples/atlas/detail/?mission=Apollo%2016&sample=67511,,yes
bir1ls129,LS-GJT-129,"67711,42 <150 um","67711,42",67711,67711,subsample_or_fraction,"RELAB material 67711,42 <150 um linked only to Atlas parent page 67711; composition of this subsample, size fraction, mineral separate, or preparation is not implied",Do not transfer parent-sample composition without subsample-specific verification,rake,,,https://www.lpi.usra.edu/lunar/samples/atlas/detail/?mission=Apollo%2016&sample=67711,,yes
bir1ls130,LS-GJT-130,"67960,36 <150 um","67960,36",67960,67960,subsample_or_fraction,"RELAB material 67960,36 <150 um linked only to Atlas parent page 67960; composition of this subsample, size fraction, mineral separate, or preparation is not implied",Do not transfer parent-sample composition without subsample-specific verification,,,,https://www.lpi.usra.edu/lunar/samples/atlas/detail/?mission=Apollo%2016&sample=67960,,yes
bir1ls131,LS-GJT-131,"71041,25 <150 um","71041,25",71041,71041,subsample_or_fraction,"RELAB material 71041,25 <150 um linked only to Atlas parent page 71041; composition of this subsample, size fraction, mineral separate, or preparation is not implied",Do not transfer parent-sample composition without subsample-specific verification,,,,https://www.lpi.usra.edu/lunar/samples/atlas/detail/?mission=Apollo%2017&sample=71041,,yes
bir1ls132,LS-GJT-132,"71061,174 <150 um","71061,174",71061,71061,subsample_or_fraction,"RELAB material 71061,174 <150 um linked only to Atlas parent page 71061; composition of this subsample, size fraction, mineral separate, or preparation is not implied",Do not transfer parent-sample composition without subsample-specific verification,,,,https://www.lpi.usra.edu/lunar/samples/atlas/detail/?mission=Apollo%2017&sample=71061,,yes
bir1ls133,LS-GJT-133,"73131,4 <150 um","73131,4",73131,73131,subsample_or_fraction,"RELAB material 73131,4 <150 um linked only to Atlas parent page 73131; composition of this subsample, size fraction, mineral separate, or preparation is not implied",Do not transfer parent-sample composition without subsample-specific verification,,,,https://www.lpi.usra.edu/lunar/samples/atlas/detail/?mission=Apollo%2017&sample=73131,,yes
bir1ls134,LS-GJT-134,"73241,87 <150 um","73241,87",73241,73241,subsample_or_fraction,"RELAB material 73241,87 <150 um linked only to Atlas parent page 73241; composition of this subsample, size fraction, mineral separate, or preparation is not implied",Do not transfer parent-sample composition without subsample-specific verification,,,,https://www.lpi.usra.edu/lunar/samples/atlas/detail/?mission=Apollo%2017&sample=73241,,yes
bir1ls135,LS-GJT-135,"73241,88 <150 um","73241,88",73241,73241,subsample_or_fraction,"RELAB material 73241,88 <150 um linked only to Atlas parent page 73241; composition of this subsample, size fraction, mineral separate, or preparation is not implied",Do not transfer parent-sample composition without subsample-specific verification,,,,https://www.lpi.usra.edu/lunar/samples/atlas/detail/?mission=Apollo%2017&sample=73241,,yes
bir1ls136,LS-GJT-136,"74241,4 <150 um","74241,4",74241,,atlas_missing,Recognizable Apollo parent sample 74241 is absent from the local Atlas index,No composition link established,,,,,,yes
bir1ls137,LS-GJT-137,"74261,75 <150 um","74261,75",74261,,atlas_missing,Recognizable Apollo parent sample 74261 is absent from the local Atlas index,No composition link established,,,,,,yes
bir1ls138,LS-GJT-138,"75061,22 <150 um","75061,22",75061,75061,subsample_or_fraction,"RELAB material 75061,22 <150 um linked only to Atlas parent page 75061; composition of this subsample, size fraction, mineral separate, or preparation is not implied",Do not transfer parent-sample composition without subsample-specific verification,,,,https://www.lpi.usra.edu/lunar/samples/atlas/detail/?mission=Apollo%2017&sample=75061,,yes
bir1ls139a,LS-GJT-139-A,"61221,175 <25 um","61221,175",61221,61221,subsample_or_fraction,"RELAB material 61221,175 <25 um linked only to Atlas parent page 61221; composition of this subsample, size fraction, mineral separate, or preparation is not implied",Do not transfer parent-sample composition without subsample-specific verification,,,,https://www.lpi.usra.edu/lunar/samples/atlas/detail/?mission=Apollo%2016&sample=61221,,yes
bir1ls139b,LS-GJT-139-B,"61221,175 25-45 um","61221,175",61221,61221,subsample_or_fraction,"RELAB material 61221,175 25-45 um linked only to Atlas parent page 61221; composition of this subsample, size fraction, mineral separate, or preparation is not implied",Do not transfer parent-sample composition without subsample-specific verification,,,,https://www.lpi.usra.edu/lunar/samples/atlas/detail/?mission=Apollo%2016&sample=61221,,yes
bir1ls139c,LS-GJT-139-C,"61221,175 45-90 um","61221,175",61221,61221,subsample_or_fraction,"RELAB material 61221,175 45-90 um linked only to Atlas parent page 61221; composition of this subsample, size fraction, mineral separate, or preparation is not implied",Do not transfer parent-sample composition without subsample-specific verification,,,,https://www.lpi.usra.edu/lunar/samples/atlas/detail/?mission=Apollo%2016&sample=61221,,yes
bir1ls139d,LS-GJT-139-D,"61221,175 90-150 um","61221,175",61221,61221,subsample_or_fraction,"RELAB material 61221,175 90-150 um linked only to Atlas parent page 61221; composition of this subsample, size fraction, mineral separate, or preparation is not implied",Do not transfer parent-sample composition without subsample-specific verification,,,,https://www.lpi.usra.edu/lunar/samples/atlas/detail/?mission=Apollo%2016&sample=61221,,yes
bir1ls140,LS-BWD-140,62231.58 bulk 125-250 um,"62231,58",62231,62231,subsample_or_fraction,"RELAB material 62231.58 bulk 125-250 um linked only to Atlas parent page 62231; composition of this subsample, size fraction, mineral separate, or preparation is not implied",Do not transfer parent-sample composition without subsample-specific verification,rake,soil,,https://www.lpi.usra.edu/lunar/samples/atlas/detail/?mission=Apollo%2016&sample=62231,,yes
bir1ls141,LS-BWD-141,62231.52 agglutinates 125-250 um (hand-picked),"62231,52",62231,62231,subsample_or_fraction,"RELAB material 62231.52 agglutinates 125-250 um (hand-picked) linked only to Atlas parent page 62231; composition of this subsample, size fraction, mineral separate, or preparation is not implied",Do not transfer parent-sample composition without subsample-specific verification,rake,soil,,https://www.lpi.usra.edu/lunar/samples/atlas/detail/?mission=Apollo%2016&sample=62231,,yes
bir1ls142,LS-BWD-142,15041 bulk 125-250 um,15041,15041,15041,subsample_or_fraction,"RELAB material 15041 bulk 125-250 um linked only to Atlas parent page 15041; composition of this subsample, size fraction, mineral separate, or preparation is not implied",Do not transfer parent-sample composition without subsample-specific verification,,,,https://www.lpi.usra.edu/lunar/samples/atlas/detail/?mission=Apollo%2015&sample=15041,,yes
bir1ls143,LS-BWD-143,15041 agglutinates 125-250 um (hand-picked),15041,15041,15041,subsample_or_fraction,"RELAB material 15041 agglutinates 125-250 um (hand-picked) linked only to Atlas parent page 15041; composition of this subsample, size fraction, mineral separate, or preparation is not implied",Do not transfer parent-sample composition without subsample-specific verification,,,,https://www.lpi.usra.edu/lunar/samples/atlas/detail/?mission=Apollo%2015&sample=15041,,yes
bir1ls144,LS-BWD-144,61141 bulk 125-250 um,61141,61141,61141,subsample_or_fraction,"RELAB material 61141 bulk 125-250 um linked only to Atlas parent page 61141; composition of this subsample, size fraction, mineral separate, or preparation is not implied",Do not transfer parent-sample composition without subsample-specific verification,,,,https://www.lpi.usra.edu/lunar/samples/atlas/detail/?mission=Apollo%2016&sample=61141,,yes
bir1ls145,LS-BWD-145,67461 bulk 125-250 um,67461,67461,67461,subsample_or_fraction,"RELAB material 67461 bulk 125-250 um linked only to Atlas parent page 67461; composition of this subsample, size fraction, mineral separate, or preparation is not implied",Do not transfer parent-sample composition without subsample-specific verification,,soil,"chosen as a ""reference soil"" for the ""lunar highland initiative"" and is not greatly different from other soil samples from North Ray Crater",https://www.lpi.usra.edu/lunar/samples/atlas/detail/?mission=Apollo%2016&sample=67461,,yes
bir1ls146,LS-BWD-146,14259 bulk 125-250 um,14259,14259,14259,subsample_or_fraction,"RELAB material 14259 bulk 125-250 um linked only to Atlas parent page 14259; composition of this subsample, size fraction, mineral separate, or preparation is not implied",Do not transfer parent-sample composition without subsample-specific verification,,soil,"This scoop sample is part of the comprehensive sample collected 110 m WNW of LM along with 14165 through 14189, 14250 through 14289, 14298 through 14300, and 14420. All samples were collected from within a 4 m circle drawn by Astronaut Shepard. Astronaut Mitchell reports, ""The number of surface rocks, or rocks compared with the number of surface fines is very small Houston. There's a few boulders lying around and there's a few blocks around some of the craters, but by and large, it's a powdery surface.""",https://www.lpi.usra.edu/lunar/samples/atlas/detail/?mission=Apollo%2014&sample=14259,,yes
bir1ls147,LS-BWD-147,14259 agglutinates 125-250 um (hand-picked),14259,14259,14259,subsample_or_fraction,"RELAB material 14259 agglutinates 125-250 um (hand-picked) linked only to Atlas parent page 14259; composition of this subsample, size fraction, mineral separate, or preparation is not implied",Do not transfer parent-sample composition without subsample-specific verification,,soil,"This scoop sample is part of the comprehensive sample collected 110 m WNW of LM along with 14165 through 14189, 14250 through 14289, 14298 through 14300, and 14420. All samples were collected from within a 4 m circle drawn by Astronaut Shepard. Astronaut Mitchell reports, ""The number of surface rocks, or rocks compared with the number of surface fines is very small Houston. There's a few boulders lying around and there's a few blocks around some of the craters, but by and large, it's a powdery surface.""",https://www.lpi.usra.edu/lunar/samples/atlas/detail/?mission=Apollo%2014&sample=14259,,yes
bir1ls148,LS-BWD-148,62231.52 low agglutinates remnant 125-250 um,"62231,52",62231,62231,subsample_or_fraction,"RELAB material 62231.52 low agglutinates remnant 125-250 um linked only to Atlas parent page 62231; composition of this subsample, size fraction, mineral separate, or preparation is not implied",Do not transfer parent-sample composition without subsample-specific verification,rake,soil,,https://www.lpi.usra.edu/lunar/samples/atlas/detail/?mission=Apollo%2016&sample=62231,,yes
bir1ls149,LS-BWD-149,79221 bulk 125-250 um,79221,79221,79221,subsample_or_fraction,"RELAB material 79221 bulk 125-250 um linked only to Atlas parent page 79221; composition of this subsample, size fraction, mineral separate, or preparation is not implied",Do not transfer parent-sample composition without subsample-specific verification,,,,https://www.lpi.usra.edu/lunar/samples/atlas/detail/?mission=Apollo%2017&sample=79221,,yes
bir1ls150,LS-BWD-150,61141 agglutinates 125-250 um (magnetically-separated and hand-picked),61141,61141,61141,subsample_or_fraction,"RELAB material 61141 agglutinates 125-250 um (magnetically-separated and hand-picked) linked only to Atlas parent page 61141; composition of this subsample, size fraction, mineral separate, or preparation is not implied",Do not transfer parent-sample composition without subsample-specific verification,,,,https://www.lpi.usra.edu/lunar/samples/atlas/detail/?mission=Apollo%2016&sample=61141,,yes
bir1ls151,LS-BWD-151,62231.58 agglutinates 125-250 um (magnetically-separated and hand-picked),"62231,58",62231,62231,subsample_or_fraction,"RELAB material 62231.58 agglutinates 125-250 um (magnetically-separated and hand-picked) linked only to Atlas parent page 62231; composition of this subsample, size fraction, mineral separate, or preparation is not implied",Do not transfer parent-sample composition without subsample-specific verification,rake,soil,,https://www.lpi.usra.edu/lunar/samples/atlas/detail/?mission=Apollo%2016&sample=62231,,yes
bir1ls152,LS-BWD-152,79221 agglutinates 125-250 um (magnetically-separated and hand-picked),79221,79221,79221,subsample_or_fraction,"RELAB material 79221 agglutinates 125-250 um (magnetically-separated and hand-picked) linked only to Atlas parent page 79221; composition of this subsample, size fraction, mineral separate, or preparation is not implied",Do not transfer parent-sample composition without subsample-specific verification,,,,https://www.lpi.usra.edu/lunar/samples/atlas/detail/?mission=Apollo%2017&sample=79221,,yes
bir1ls153,LS-BWD-153,67461 agglutinates 125-250 um (magnetically-separated),67461,67461,67461,subsample_or_fraction,"RELAB material 67461 agglutinates 125-250 um (magnetically-separated) linked only to Atlas parent page 67461; composition of this subsample, size fraction, mineral separate, or preparation is not implied",Do not transfer parent-sample composition without subsample-specific verification,,soil,"chosen as a ""reference soil"" for the ""lunar highland initiative"" and is not greatly different from other soil samples from North Ray Crater",https://www.lpi.usra.edu/lunar/samples/atlas/detail/?mission=Apollo%2016&sample=67461,,yes
bir1ls154,LS-BWD-154,14259 low-agglutinate remnant 125-250 um,14259,14259,14259,subsample_or_fraction,"RELAB material 14259 low-agglutinate remnant 125-250 um linked only to Atlas parent page 14259; composition of this subsample, size fraction, mineral separate, or preparation is not implied",Do not transfer parent-sample composition without subsample-specific verification,,soil,"This scoop sample is part of the comprehensive sample collected 110 m WNW of LM along with 14165 through 14189, 14250 through 14289, 14298 through 14300, and 14420. All samples were collected from within a 4 m circle drawn by Astronaut Shepard. Astronaut Mitchell reports, ""The number of surface rocks, or rocks compared with the number of surface fines is very small Houston. There's a few boulders lying around and there's a few blocks around some of the craters, but by and large, it's a powdery surface.""",https://www.lpi.usra.edu/lunar/samples/atlas/detail/?mission=Apollo%2014&sample=14259,,yes
bir1ls155,LS-BWD-155,61141 low-agglutinate remnant 125-250 um,61141,61141,61141,subsample_or_fraction,"RELAB material 61141 low-agglutinate remnant 125-250 um linked only to Atlas parent page 61141; composition of this subsample, size fraction, mineral separate, or preparation is not implied",Do not transfer parent-sample composition without subsample-specific verification,,,,https://www.lpi.usra.edu/lunar/samples/atlas/detail/?mission=Apollo%2016&sample=61141,,yes
bir1ls156,LS-BWD-156,67461 low-agglutinate remnant 125-250 um,67461,67461,67461,subsample_or_fraction,"RELAB material 67461 low-agglutinate remnant 125-250 um linked only to Atlas parent page 67461; composition of this subsample, size fraction, mineral separate, or preparation is not implied",Do not transfer parent-sample composition without subsample-specific verification,,soil,"chosen as a ""reference soil"" for the ""lunar highland initiative"" and is not greatly different from other soil samples from North Ray Crater",https://www.lpi.usra.edu/lunar/samples/atlas/detail/?mission=Apollo%2016&sample=67461,,yes
bir1ls157,LS-BWD-157,79221 low-agglutinate remnant 125-250 um,79221,79221,79221,subsample_or_fraction,"RELAB material 79221 low-agglutinate remnant 125-250 um linked only to Atlas parent page 79221; composition of this subsample, size fraction, mineral separate, or preparation is not implied",Do not transfer parent-sample composition without subsample-specific verification,,,,https://www.lpi.usra.edu/lunar/samples/atlas/detail/?mission=Apollo%2017&sample=79221,,yes
bir1ls158,LS-BWD-158,15041 low-agglutinate remnant 125-250 um,15041,15041,15041,subsample_or_fraction,"RELAB material 15041 low-agglutinate remnant 125-250 um linked only to Atlas parent page 15041; composition of this subsample, size fraction, mineral separate, or preparation is not implied",Do not transfer parent-sample composition without subsample-specific verification,,,,https://www.lpi.usra.edu/lunar/samples/atlas/detail/?mission=Apollo%2015&sample=15041,,yes
bir1ls159,LS-BWD-159,62231.58 low-agglutinate remnant 125-250 um,"62231,58",62231,62231,subsample_or_fraction,"RELAB material 62231.58 low-agglutinate remnant 125-250 um linked only to Atlas parent page 62231; composition of this subsample, size fraction, mineral separate, or preparation is not implied",Do not transfer parent-sample composition without subsample-specific verification,rake,soil,,https://www.lpi.usra.edu/lunar/samples/atlas/detail/?mission=Apollo%2016&sample=62231,,yes
bir1ls160,LS-BWD-160,14259 agglutinates 125-250 um (magnetically-separated),14259,14259,14259,subsample_or_fraction,"RELAB material 14259 agglutinates 125-250 um (magnetically-separated) linked only to Atlas parent page 14259; composition of this subsample, size fraction, mineral separate, or preparation is not implied",Do not transfer parent-sample composition without subsample-specific verification,,soil,"This scoop sample is part of the comprehensive sample collected 110 m WNW of LM along with 14165 through 14189, 14250 through 14289, 14298 through 14300, and 14420. All samples were collected from within a 4 m circle drawn by Astronaut Shepard. Astronaut Mitchell reports, ""The number of surface rocks, or rocks compared with the number of surface fines is very small Houston. There's a few boulders lying around and there's a few blocks around some of the craters, but by and large, it's a powdery surface.""",https://www.lpi.usra.edu/lunar/samples/atlas/detail/?mission=Apollo%2014&sample=14259,,yes
bir1ls161,LS-BWD-161,15041 agglutinates 125-250 um (magnetically-separated),15041,15041,15041,subsample_or_fraction,"RELAB material 15041 agglutinates 125-250 um (magnetically-separated) linked only to Atlas parent page 15041; composition of this subsample, size fraction, mineral separate, or preparation is not implied",Do not transfer parent-sample composition without subsample-specific verification,,,,https://www.lpi.usra.edu/lunar/samples/atlas/detail/?mission=Apollo%2015&sample=15041,,yes
bir1ls162,LS-BWD-162,62231.52 agglutinates 75-125 um (magnetically-separated),"62231,52",62231,62231,subsample_or_fraction,"RELAB material 62231.52 agglutinates 75-125 um (magnetically-separated) linked only to Atlas parent page 62231; composition of this subsample, size fraction, mineral separate, or preparation is not implied",Do not transfer parent-sample composition without subsample-specific verification,rake,soil,,https://www.lpi.usra.edu/lunar/samples/atlas/detail/?mission=Apollo%2016&sample=62231,,yes
bir1ls163,LS-BWD-163,62231.52 low-agglutinate remnant 75-125 um (magnetically-separated in Frantz strong-mag bin),"62231,52",62231,62231,subsample_or_fraction,"RELAB material 62231.52 low-agglutinate remnant 75-125 um (magnetically-separated in Frantz strong-mag bin) linked only to Atlas parent page 62231; composition of this subsample, size fraction, mineral separate, or preparation is not implied",Do not transfer parent-sample composition without subsample-specific verification,rake,soil,,https://www.lpi.usra.edu/lunar/samples/atlas/detail/?mission=Apollo%2016&sample=62231,,yes
bir1ls164,LS-BWD-164,62231.52 low-agglutinate remnant 75-125 um (magnetically-separated in Frantz weak-mag bin),"62231,52",62231,62231,subsample_or_fraction,"RELAB material 62231.52 low-agglutinate remnant 75-125 um (magnetically-separated in Frantz weak-mag bin) linked only to Atlas parent page 62231; composition of this subsample, size fraction, mineral separate, or preparation is not implied",Do not transfer parent-sample composition without subsample-specific verification,rake,soil,,https://www.lpi.usra.edu/lunar/samples/atlas/detail/?mission=Apollo%2016&sample=62231,,yes
bir1ls165,LS-BWD-165,62231.52 bulk 75-125 um (remixed),"62231,52",62231,62231,subsample_or_fraction,"RELAB material 62231.52 bulk 75-125 um (remixed) linked only to Atlas parent page 62231; composition of this subsample, size fraction, mineral separate, or preparation is not implied",Do not transfer parent-sample composition without subsample-specific verification,rake,soil,,https://www.lpi.usra.edu/lunar/samples/atlas/detail/?mission=Apollo%2016&sample=62231,,yes
bir2lr073,LR-CMP-073,"12001,874 20-45 um","12001,874",12001,12001,subsample_or_fraction,"RELAB material 12001,874 20-45 um linked only to Atlas parent page 12001; composition of this subsample, size fraction, mineral separate, or preparation is not implied",Do not transfer parent-sample composition without subsample-specific verification,soil-general,,12001 is < 1 cm fraction of bulk regolith collected about 30 meters northwest of the LM on the first EVA traverse. Astronaut Conrad saw several beads of pure glass while collecting this sample. Fryxell reports that the fines are weakly coherent; they adhere to rocks and do not slump when the sample holder is tipped 45 degrees.,https://www.lpi.usra.edu/lunar/samples/atlas/detail/?mission=Apollo%2012&sample=12001,,yes
bir2lr153,LR-CMP-153,"15058,276 bulk A 125-250 um","15058,276",15058,15058,subsample_or_fraction,"RELAB material 15058,276 bulk A 125-250 um linked only to Atlas parent page 15058; composition of this subsample, size fraction, mineral separate, or preparation is not implied",Do not transfer parent-sample composition without subsample-specific verification,,basalt,,https://www.lpi.usra.edu/lunar/samples/atlas/detail/?mission=Apollo%2015&sample=15058,,yes
bir2lr155,LR-CMP-155,"15555,965 bulk 125-250 um","15555,965",15555,15555,subsample_or_fraction,"RELAB material 15555,965 bulk 125-250 um linked only to Atlas parent page 15555; composition of this subsample, size fraction, mineral separate, or preparation is not implied",Do not transfer parent-sample composition without subsample-specific verification,,basalt,"(""Great Scott"") is both the largest and the most intensively studied of the Apollo 15 rocks. It is a medium-grained olivine basalt, with a few percent small vugs. It is probably very close to a liquid composition, i.e., it contains few, if any, accumulated crystals. It crystallized ~3.3 b.y. ago. Unlike other nearby rocks, 15555 was not dust-coated. It is generally tough, but many exterior chips fell off during earth transit and many of these pieces are friable. It is sub-rounded and blocky, with many zap pits.",https://www.lpi.usra.edu/lunar/samples/atlas/detail/?mission=Apollo%2015&sample=15555,,yes
bir2lr168,LR-CMP-168,"15555,965 reddish-brown pyroxene B","15555,965",15555,15555,subsample_or_fraction,"RELAB material 15555,965 reddish-brown pyroxene B linked only to Atlas parent page 15555; composition of this subsample, size fraction, mineral separate, or preparation is not implied",Do not transfer parent-sample composition without subsample-specific verification,,basalt,"(""Great Scott"") is both the largest and the most intensively studied of the Apollo 15 rocks. It is a medium-grained olivine basalt, with a few percent small vugs. It is probably very close to a liquid composition, i.e., it contains few, if any, accumulated crystals. It crystallized ~3.3 b.y. ago. Unlike other nearby rocks, 15555 was not dust-coated. It is generally tough, but many exterior chips fell off during earth transit and many of these pieces are friable. It is sub-rounded and blocky, with many zap pits.",https://www.lpi.usra.edu/lunar/samples/atlas/detail/?mission=Apollo%2015&sample=15555,,yes
bir2lr169,LR-CMP-169,"15555,965 olivine B","15555,965",15555,15555,subsample_or_fraction,"RELAB material 15555,965 olivine B linked only to Atlas parent page 15555; composition of this subsample, size fraction, mineral separate, or preparation is not implied",Do not transfer parent-sample composition without subsample-specific verification,,basalt,"(""Great Scott"") is both the largest and the most intensively studied of the Apollo 15 rocks. It is a medium-grained olivine basalt, with a few percent small vugs. It is probably very close to a liquid composition, i.e., it contains few, if any, accumulated crystals. It crystallized ~3.3 b.y. ago. Unlike other nearby rocks, 15555 was not dust-coated. It is generally tough, but many exterior chips fell off during earth transit and many of these pieces are friable. It is sub-rounded and blocky, with many zap pits.",https://www.lpi.usra.edu/lunar/samples/atlas/detail/?mission=Apollo%2015&sample=15555,,yes
bir2lr170,LR-CMP-170,"15555,965 light-brown pyroxene B","15555,965",15555,15555,subsample_or_fraction,"RELAB material 15555,965 light-brown pyroxene B linked only to Atlas parent page 15555; composition of this subsample, size fraction, mineral separate, or preparation is not implied",Do not transfer parent-sample composition without subsample-specific verification,,basalt,"(""Great Scott"") is both the largest and the most intensively studied of the Apollo 15 rocks. It is a medium-grained olivine basalt, with a few percent small vugs. It is probably very close to a liquid composition, i.e., it contains few, if any, accumulated crystals. It crystallized ~3.3 b.y. ago. Unlike other nearby rocks, 15555 was not dust-coated. It is generally tough, but many exterior chips fell off during earth transit and many of these pieces are friable. It is sub-rounded and blocky, with many zap pits.",https://www.lpi.usra.edu/lunar/samples/atlas/detail/?mission=Apollo%2015&sample=15555,,yes
bir2lr172,LR-CMP-172,"15058,276 brown pyroxene","15058,276",15058,15058,subsample_or_fraction,"RELAB material 15058,276 brown pyroxene linked only to Atlas parent page 15058; composition of this subsample, size fraction, mineral separate, or preparation is not implied",Do not transfer parent-sample composition without subsample-specific verification,,basalt,,https://www.lpi.usra.edu/lunar/samples/atlas/detail/?mission=Apollo%2015&sample=15058,,yes
bir2lr173,LR-CMP-173,"15058,276 green pyroxene","15058,276",15058,15058,subsample_or_fraction,"RELAB material 15058,276 green pyroxene linked only to Atlas parent page 15058; composition of this subsample, size fraction, mineral separate, or preparation is not implied",Do not transfer parent-sample composition without subsample-specific verification,,basalt,,https://www.lpi.usra.edu/lunar/samples/atlas/detail/?mission=Apollo%2015&sample=15058,,yes
bir2ls151,LS-BWD-151,62231.58 agglutinates 125-250 um (magnetically-separated and hand-picked),"62231,58",62231,62231,subsample_or_fraction,"RELAB material 62231.58 agglutinates 125-250 um (magnetically-separated and hand-picked) linked only to Atlas parent page 62231; composition of this subsample, size fraction, mineral separate, or preparation is not implied",Do not transfer parent-sample composition without subsample-specific verification,rake,soil,,https://www.lpi.usra.edu/lunar/samples/atlas/detail/?mission=Apollo%2016&sample=62231,,yes
bir3lr052,LR-CMP-052,"15401,136","15401,136",15401,15401,subsample_or_fraction,"RELAB material 15401,136 linked only to Atlas parent page 15401; composition of this subsample, size fraction, mineral separate, or preparation is not implied",Do not transfer parent-sample composition without subsample-specific verification,,soil,is very immature and it has an unusual grain size distribution weight towards large particles. The average grain size distribution of 15401 is 89 microns.,https://www.lpi.usra.edu/lunar/samples/atlas/detail/?mission=Apollo%2015&sample=15401,,yes
bir3lr114,LR-CMP-114,"67461,146 20-45 um","67461,146",67461,67461,subsample_or_fraction,"RELAB material 67461,146 20-45 um linked only to Atlas parent page 67461; composition of this subsample, size fraction, mineral separate, or preparation is not implied",Do not transfer parent-sample composition without subsample-specific verification,,soil,"chosen as a ""reference soil"" for the ""lunar highland initiative"" and is not greatly different from other soil samples from North Ray Crater",https://www.lpi.usra.edu/lunar/samples/atlas/detail/?mission=Apollo%2016&sample=67461,,yes
bir3lr168,LR-CMP-168,"15555,965 reddish-brown pyroxene B","15555,965",15555,15555,subsample_or_fraction,"RELAB material 15555,965 reddish-brown pyroxene B linked only to Atlas parent page 15555; composition of this subsample, size fraction, mineral separate, or preparation is not implied",Do not transfer parent-sample composition without subsample-specific verification,,basalt,"(""Great Scott"") is both the largest and the most intensively studied of the Apollo 15 rocks. It is a medium-grained olivine basalt, with a few percent small vugs. It is probably very close to a liquid composition, i.e., it contains few, if any, accumulated crystals. It crystallized ~3.3 b.y. ago. Unlike other nearby rocks, 15555 was not dust-coated. It is generally tough, but many exterior chips fell off during earth transit and many of these pieces are friable. It is sub-rounded and blocky, with many zap pits.",https://www.lpi.usra.edu/lunar/samples/atlas/detail/?mission=Apollo%2015&sample=15555,,yes
bir3lr169,LR-CMP-169,"15555,965 olivine B","15555,965",15555,15555,subsample_or_fraction,"RELAB material 15555,965 olivine B linked only to Atlas parent page 15555; composition of this subsample, size fraction, mineral separate, or preparation is not implied",Do not transfer parent-sample composition without subsample-specific verification,,basalt,"(""Great Scott"") is both the largest and the most intensively studied of the Apollo 15 rocks. It is a medium-grained olivine basalt, with a few percent small vugs. It is probably very close to a liquid composition, i.e., it contains few, if any, accumulated crystals. It crystallized ~3.3 b.y. ago. Unlike other nearby rocks, 15555 was not dust-coated. It is generally tough, but many exterior chips fell off during earth transit and many of these pieces are friable. It is sub-rounded and blocky, with many zap pits.",https://www.lpi.usra.edu/lunar/samples/atlas/detail/?mission=Apollo%2015&sample=15555,,yes
bir3lr170,LR-CMP-170,"15555,965 light-brown pyroxene B","15555,965",15555,15555,subsample_or_fraction,"RELAB material 15555,965 light-brown pyroxene B linked only to Atlas parent page 15555; composition of this subsample, size fraction, mineral separate, or preparation is not implied",Do not transfer parent-sample composition without subsample-specific verification,,basalt,"(""Great Scott"") is both the largest and the most intensively studied of the Apollo 15 rocks. It is a medium-grained olivine basalt, with a few percent small vugs. It is probably very close to a liquid composition, i.e., it contains few, if any, accumulated crystals. It crystallized ~3.3 b.y. ago. Unlike other nearby rocks, 15555 was not dust-coated. It is generally tough, but many exterior chips fell off during earth transit and many of these pieces are friable. It is sub-rounded and blocky, with many zap pits.",https://www.lpi.usra.edu/lunar/samples/atlas/detail/?mission=Apollo%2015&sample=15555,,yes
biralr253,LR-CMP-253,"61016,538 (about <200 um, 21 mg)","61016,538",61016,61016,subsample_or_fraction,"RELAB material 61016,538 (about <200 um, 21 mg) linked only to Atlas parent page 61016; composition of this subsample, size fraction, mineral separate, or preparation is not implied",Do not transfer parent-sample composition without subsample-specific verification,,impact melt breccia,"known as ""Big Muley""; named after Bill Muehlberger, the leader of the Apollo 16 field geology team",https://www.lpi.usra.edu/lunar/samples/atlas/detail/?mission=Apollo%2016&sample=61016,,yes
biralr254,LR-CMP-254,"60055,27 (about <200 um, 171 mg)","60055,27",60055,60055,subsample_or_fraction,"RELAB material 60055,27 (about <200 um, 171 mg) linked only to Atlas parent page 60055; composition of this subsample, size fraction, mineral separate, or preparation is not implied",Do not transfer parent-sample composition without subsample-specific verification,rake,soil,"walnut-sized particles from soil sample 60050 are what gave the soil a ""white"" appearance on the lunar surface.",https://www.lpi.usra.edu/lunar/samples/atlas/detail/?mission=Apollo%2016&sample=60055,,yes
biralr255,LR-CMP-255,"60215,65 (about <500 um, 168 mg)","60215,65",60215,60215,subsample_or_fraction,"RELAB material 60215,65 (about <500 um, 168 mg) linked only to Atlas parent page 60215; composition of this subsample, size fraction, mineral separate, or preparation is not implied",Do not transfer parent-sample composition without subsample-specific verification,,breccia,"actually a polymict breccia, the largest portion is almost pure white and very plagioclase rich. The anorthositic portion is both highly shocked and cataclastic.",https://www.lpi.usra.edu/lunar/samples/atlas/detail/?mission=Apollo%2016&sample=60215,,yes
biralr257,LR-CMP-257,"61016,546 chip","61016,546",61016,61016,subsample_or_fraction,"RELAB material 61016,546 chip linked only to Atlas parent page 61016; composition of this subsample, size fraction, mineral separate, or preparation is not implied",Do not transfer parent-sample composition without subsample-specific verification,,impact melt breccia,"known as ""Big Muley""; named after Bill Muehlberger, the leader of the Apollo 16 field geology team",https://www.lpi.usra.edu/lunar/samples/atlas/detail/?mission=Apollo%2016&sample=61016,,yes
birblr257,LR-CMP-257,"61016,546 chip","61016,546",61016,61016,subsample_or_fraction,"RELAB material 61016,546 chip linked only to Atlas parent page 61016; composition of this subsample, size fraction, mineral separate, or preparation is not implied",Do not transfer parent-sample composition without subsample-specific verification,,impact melt breccia,"known as ""Big Muley""; named after Bill Muehlberger, the leader of the Apollo 16 field geology team",https://www.lpi.usra.edu/lunar/samples/atlas/detail/?mission=Apollo%2016&sample=61016,,yes
birclr257,LR-CMP-257,"61016,546 chip","61016,546",61016,61016,subsample_or_fraction,"RELAB material 61016,546 chip linked only to Atlas parent page 61016; composition of this subsample, size fraction, mineral separate, or preparation is not implied",Do not transfer parent-sample composition without subsample-specific verification,,impact melt breccia,"known as ""Big Muley""; named after Bill Muehlberger, the leader of the Apollo 16 field geology team",https://www.lpi.usra.edu/lunar/samples/atlas/detail/?mission=Apollo%2016&sample=61016,,yes
birdlr257,LR-CMP-257,"61016,546 chip","61016,546",61016,61016,subsample_or_fraction,"RELAB material 61016,546 chip linked only to Atlas parent page 61016; composition of this subsample, size fraction, mineral separate, or preparation is not implied",Do not transfer parent-sample composition without subsample-specific verification,,impact melt breccia,"known as ""Big Muley""; named after Bill Muehlberger, the leader of the Apollo 16 field geology team",https://www.lpi.usra.edu/lunar/samples/atlas/detail/?mission=Apollo%2016&sample=61016,,yes
bmr1lr054,LR-CMP-054,"71501,247","71501,247",71501,71501,subsample_or_fraction,"RELAB material 71501,247 linked only to Atlas parent page 71501; composition of this subsample, size fraction, mineral separate, or preparation is not implied",Do not transfer parent-sample composition without subsample-specific verification,,,,https://www.lpi.usra.edu/lunar/samples/atlas/detail/?mission=Apollo%2017&sample=71501,,yes
bmr1lr073,LR-CMP-073,"12001,874 20-45 um","12001,874",12001,12001,subsample_or_fraction,"RELAB material 12001,874 20-45 um linked only to Atlas parent page 12001; composition of this subsample, size fraction, mineral separate, or preparation is not implied",Do not transfer parent-sample composition without subsample-specific verification,soil-general,,12001 is < 1 cm fraction of bulk regolith collected about 30 meters northwest of the LM on the first EVA traverse. Astronaut Conrad saw several beads of pure glass while collecting this sample. Fryxell reports that the fines are weakly coherent; they adhere to rocks and do not slump when the sample holder is tipped 45 degrees.,https://www.lpi.usra.edu/lunar/samples/atlas/detail/?mission=Apollo%2012&sample=12001,,yes
bmr1lr080,LR-CMP-080,"15071,168","15071,168",15071,15071,subsample_or_fraction,"RELAB material 15071,168 linked only to Atlas parent page 15071; composition of this subsample, size fraction, mineral separate, or preparation is not implied",Do not transfer parent-sample composition without subsample-specific verification,,,,https://www.lpi.usra.edu/lunar/samples/atlas/detail/?mission=Apollo%2015&sample=15071,,yes
bmr1lr083,LR-CMP-083,"14260,72","14260,72",14260,14260,subsample_or_fraction,"RELAB material 14260,72 linked only to Atlas parent page 14260; composition of this subsample, size fraction, mineral separate, or preparation is not implied",Do not transfer parent-sample composition without subsample-specific verification,,soil,"Surface soil sample is part of comprehensive sample collected 110 WNW of LM with 14165 through 14189, 14250 through 14289, 14298 through 14300 and 14421. All samples, including many walnut sized rocks were collected within a 4 m circle drawn by Astronaut Shepard. 14260 was collected from the top 1 cm of an undisturbed region with this circle. Area is generally level and free of boulders.",https://www.lpi.usra.edu/lunar/samples/atlas/detail/?mission=Apollo%2014&sample=14260,,yes
bmr1lr086,LR-CMP-086,"14259,632","14259,632",14259,14259,subsample_or_fraction,"RELAB material 14259,632 linked only to Atlas parent page 14259; composition of this subsample, size fraction, mineral separate, or preparation is not implied",Do not transfer parent-sample composition without subsample-specific verification,,soil,"This scoop sample is part of the comprehensive sample collected 110 m WNW of LM along with 14165 through 14189, 14250 through 14289, 14298 through 14300, and 14420. All samples were collected from within a 4 m circle drawn by Astronaut Shepard. Astronaut Mitchell reports, ""The number of surface rocks, or rocks compared with the number of surface fines is very small Houston. There's a few boulders lying around and there's a few blocks around some of the craters, but by and large, it's a powdery surface.""",https://www.lpi.usra.edu/lunar/samples/atlas/detail/?mission=Apollo%2014&sample=14259,,yes
bmr1lr090,LR-CMP-090,"14163,892","14163,892",14163,14163,subsample_or_fraction,"RELAB material 14163,892 linked only to Atlas parent page 14163; composition of this subsample, size fraction, mineral separate, or preparation is not implied",Do not transfer parent-sample composition without subsample-specific verification,,soil,"14160, 14161, 14162, 14163, 14402, 14422, 14425 through 14453 collected 15 m NW of LM. Samples collected from the bottom of a 1 m crater with glass in the bottom; Astronaut Shepard identifies the crater as secondary. Sample area is level and free of large blocks.",https://www.lpi.usra.edu/lunar/samples/atlas/detail/?mission=Apollo%2014&sample=14163,,yes
bmr1lr094,LR-CMP-094,"14141,160","14141,160",14141,14141,subsample_or_fraction,"RELAB material 14141,160 linked only to Atlas parent page 14141; composition of this subsample, size fraction, mineral separate, or preparation is not implied",Do not transfer parent-sample composition without subsample-specific verification,soil-general,soil,"Samples 14140, 14141, 14142, 14143, 14144 and 14068, 14069, 14070, 14071, and 14072 were collected 3 meters from the rim of a 15 meter crater just south of Cone crater. 14141 is a surface soil identified by crew as a light gray layer, 14068 through 14072 is a sample of some surface rocks in the area. The area near the rim of Cone crater is strewn with boulders up to 3 meters.",https://www.lpi.usra.edu/lunar/samples/atlas/detail/?mission=Apollo%2014&sample=14141,,yes
bmr1lr096,LR-CMP-096,"14141,170","14141,170",14141,14141,subsample_or_fraction,"RELAB material 14141,170 linked only to Atlas parent page 14141; composition of this subsample, size fraction, mineral separate, or preparation is not implied",Do not transfer parent-sample composition without subsample-specific verification,soil-general,soil,"Samples 14140, 14141, 14142, 14143, 14144 and 14068, 14069, 14070, 14071, and 14072 were collected 3 meters from the rim of a 15 meter crater just south of Cone crater. 14141 is a surface soil identified by crew as a light gray layer, 14068 through 14072 is a sample of some surface rocks in the area. The area near the rim of Cone crater is strewn with boulders up to 3 meters.",https://www.lpi.usra.edu/lunar/samples/atlas/detail/?mission=Apollo%2014&sample=14141,,yes
bmr1lr098,LR-CMP-098,"62231,25","62231,25",62231,62231,subsample_or_fraction,"RELAB material 62231,25 linked only to Atlas parent page 62231; composition of this subsample, size fraction, mineral separate, or preparation is not implied",Do not transfer parent-sample composition without subsample-specific verification,rake,soil,,https://www.lpi.usra.edu/lunar/samples/atlas/detail/?mission=Apollo%2016&sample=62231,,yes
bmr1lr099,LR-CMP-099,"62231,30","62231,30",62231,62231,subsample_or_fraction,"RELAB material 62231,30 linked only to Atlas parent page 62231; composition of this subsample, size fraction, mineral separate, or preparation is not implied",Do not transfer parent-sample composition without subsample-specific verification,rake,soil,,https://www.lpi.usra.edu/lunar/samples/atlas/detail/?mission=Apollo%2016&sample=62231,,yes
bmr1lr100,LR-CMP-100,"64801,151","64801,151",64801,64801,subsample_or_fraction,"RELAB material 64801,151 linked only to Atlas parent page 64801; composition of this subsample, size fraction, mineral separate, or preparation is not implied",Do not transfer parent-sample composition without subsample-specific verification,rake,soil,relatively mature soil with average grain size 80 microns,https://www.lpi.usra.edu/lunar/samples/atlas/detail/?mission=Apollo%2016&sample=64801,,yes
bmr1lr101,LR-CMP-101,"64801,155","64801,155",64801,64801,subsample_or_fraction,"RELAB material 64801,155 linked only to Atlas parent page 64801; composition of this subsample, size fraction, mineral separate, or preparation is not implied",Do not transfer parent-sample composition without subsample-specific verification,rake,soil,relatively mature soil with average grain size 80 microns,https://www.lpi.usra.edu/lunar/samples/atlas/detail/?mission=Apollo%2016&sample=64801,,yes
bmr1lr105,LR-CMP-105,"61221,156","61221,156",61221,61221,subsample_or_fraction,"RELAB material 61221,156 linked only to Atlas parent page 61221; composition of this subsample, size fraction, mineral separate, or preparation is not implied",Do not transfer parent-sample composition without subsample-specific verification,,,,https://www.lpi.usra.edu/lunar/samples/atlas/detail/?mission=Apollo%2016&sample=61221,,yes
bmr1lr106,LR-CMP-106,"61221,160","61221,160",61221,61221,subsample_or_fraction,"RELAB material 61221,160 linked only to Atlas parent page 61221; composition of this subsample, size fraction, mineral separate, or preparation is not implied",Do not transfer parent-sample composition without subsample-specific verification,,,,https://www.lpi.usra.edu/lunar/samples/atlas/detail/?mission=Apollo%2016&sample=61221,,yes
bmr1lr107,LR-CMP-107,"61221,165","61221,165",61221,61221,subsample_or_fraction,"RELAB material 61221,165 linked only to Atlas parent page 61221; composition of this subsample, size fraction, mineral separate, or preparation is not implied",Do not transfer parent-sample composition without subsample-specific verification,,,,https://www.lpi.usra.edu/lunar/samples/atlas/detail/?mission=Apollo%2016&sample=61221,,yes
bmr1lr108,LR-CMP-108,"61221,170","61221,170",61221,61221,subsample_or_fraction,"RELAB material 61221,170 linked only to Atlas parent page 61221; composition of this subsample, size fraction, mineral separate, or preparation is not implied",Do not transfer parent-sample composition without subsample-specific verification,,,,https://www.lpi.usra.edu/lunar/samples/atlas/detail/?mission=Apollo%2016&sample=61221,,yes
bmr1lr109,LR-CMP-109,"61141,75","61141,75",61141,61141,subsample_or_fraction,"RELAB material 61141,75 linked only to Atlas parent page 61141; composition of this subsample, size fraction, mineral separate, or preparation is not implied",Do not transfer parent-sample composition without subsample-specific verification,,,,https://www.lpi.usra.edu/lunar/samples/atlas/detail/?mission=Apollo%2016&sample=61141,,yes
bmr1lr110,LR-CMP-110,"61141,79","61141,79",61141,61141,subsample_or_fraction,"RELAB material 61141,79 linked only to Atlas parent page 61141; composition of this subsample, size fraction, mineral separate, or preparation is not implied",Do not transfer parent-sample composition without subsample-specific verification,,,,https://www.lpi.usra.edu/lunar/samples/atlas/detail/?mission=Apollo%2016&sample=61141,,yes
bmr1lr111,LR-CMP-111,"61141,84","61141,84",61141,61141,subsample_or_fraction,"RELAB material 61141,84 linked only to Atlas parent page 61141; composition of this subsample, size fraction, mineral separate, or preparation is not implied",Do not transfer parent-sample composition without subsample-specific verification,,,,https://www.lpi.usra.edu/lunar/samples/atlas/detail/?mission=Apollo%2016&sample=61141,,yes
bmr1lr112,LR-CMP-112,"61141,89","61141,89",61141,61141,subsample_or_fraction,"RELAB material 61141,89 linked only to Atlas parent page 61141; composition of this subsample, size fraction, mineral separate, or preparation is not implied",Do not transfer parent-sample composition without subsample-specific verification,,,,https://www.lpi.usra.edu/lunar/samples/atlas/detail/?mission=Apollo%2016&sample=61141,,yes
bmr1lr113,LR-CMP-113,"67461,142","67461,142",67461,67461,subsample_or_fraction,"RELAB material 67461,142 linked only to Atlas parent page 67461; composition of this subsample, size fraction, mineral separate, or preparation is not implied",Do not transfer parent-sample composition without subsample-specific verification,,soil,"chosen as a ""reference soil"" for the ""lunar highland initiative"" and is not greatly different from other soil samples from North Ray Crater",https://www.lpi.usra.edu/lunar/samples/atlas/detail/?mission=Apollo%2016&sample=67461,,yes
bmr1lr114,LR-CMP-114,"67461,146 20-45 um","67461,146",67461,67461,subsample_or_fraction,"RELAB material 67461,146 20-45 um linked only to Atlas parent page 67461; composition of this subsample, size fraction, mineral separate, or preparation is not implied",Do not transfer parent-sample composition without subsample-specific verification,,soil,"chosen as a ""reference soil"" for the ""lunar highland initiative"" and is not greatly different from other soil samples from North Ray Crater",https://www.lpi.usra.edu/lunar/samples/atlas/detail/?mission=Apollo%2016&sample=67461,,yes
bmr1lr115,LR-CMP-115,"67461,151","67461,151",67461,67461,subsample_or_fraction,"RELAB material 67461,151 linked only to Atlas parent page 67461; composition of this subsample, size fraction, mineral separate, or preparation is not implied",Do not transfer parent-sample composition without subsample-specific verification,,soil,"chosen as a ""reference soil"" for the ""lunar highland initiative"" and is not greatly different from other soil samples from North Ray Crater",https://www.lpi.usra.edu/lunar/samples/atlas/detail/?mission=Apollo%2016&sample=67461,,yes
bmr1lr116,LR-CMP-116,"67461,155","67461,155",67461,67461,subsample_or_fraction,"RELAB material 67461,155 linked only to Atlas parent page 67461; composition of this subsample, size fraction, mineral separate, or preparation is not implied",Do not transfer parent-sample composition without subsample-specific verification,,soil,"chosen as a ""reference soil"" for the ""lunar highland initiative"" and is not greatly different from other soil samples from North Ray Crater",https://www.lpi.usra.edu/lunar/samples/atlas/detail/?mission=Apollo%2016&sample=67461,,yes
bmr1lr117,LR-CMP-117,"67481,70","67481,70",67481,67481,subsample_or_fraction,"RELAB material 67481,70 linked only to Atlas parent page 67481; composition of this subsample, size fraction, mineral separate, or preparation is not implied",Do not transfer parent-sample composition without subsample-specific verification,,,noticeably coarser grain size and less mature compared with other lunar soils probably due to the fact that NRC is only 50 m.y. old,https://www.lpi.usra.edu/lunar/samples/atlas/detail/?mission=Apollo%2016&sample=67481,,yes
bmr1lr118,LR-CMP-118,"67481,74","67481,74",67481,67481,subsample_or_fraction,"RELAB material 67481,74 linked only to Atlas parent page 67481; composition of this subsample, size fraction, mineral separate, or preparation is not implied",Do not transfer parent-sample composition without subsample-specific verification,,,noticeably coarser grain size and less mature compared with other lunar soils probably due to the fact that NRC is only 50 m.y. old,https://www.lpi.usra.edu/lunar/samples/atlas/detail/?mission=Apollo%2016&sample=67481,,yes
bmr1lr119,LR-CMP-119,"67481,79","67481,79",67481,67481,subsample_or_fraction,"RELAB material 67481,79 linked only to Atlas parent page 67481; composition of this subsample, size fraction, mineral separate, or preparation is not implied",Do not transfer parent-sample composition without subsample-specific verification,,,noticeably coarser grain size and less mature compared with other lunar soils probably due to the fact that NRC is only 50 m.y. old,https://www.lpi.usra.edu/lunar/samples/atlas/detail/?mission=Apollo%2016&sample=67481,,yes
bmr1lr120,LR-CMP-120,"67481,84","67481,84",67481,67481,subsample_or_fraction,"RELAB material 67481,84 linked only to Atlas parent page 67481; composition of this subsample, size fraction, mineral separate, or preparation is not implied",Do not transfer parent-sample composition without subsample-specific verification,,,noticeably coarser grain size and less mature compared with other lunar soils probably due to the fact that NRC is only 50 m.y. old,https://www.lpi.usra.edu/lunar/samples/atlas/detail/?mission=Apollo%2016&sample=67481,,yes
bmr1lr127,LR-CMP-127,Luna 16 20-45 um,,,,non_apollo,RELAB identifies this as a non-Apollo lunar sample; Apollo Atlas matching is not applicable,Outside the Apollo Atlas crosswalk,,,,,,no
bmr1lr128,LR-CMP-128,Luna 16 <10 um,,,,non_apollo,RELAB identifies this as a non-Apollo lunar sample; Apollo Atlas matching is not applicable,Outside the Apollo Atlas crosswalk,,,,,,no
bmr1lr129,LR-CMP-129,Luna 16 10-20 um,,,,non_apollo,RELAB identifies this as a non-Apollo lunar sample; Apollo Atlas matching is not applicable,Outside the Apollo Atlas crosswalk,,,,,,no
bmr1ls100,LS-M1O-100,"60501,120","60501,120",60501,60501,subsample_or_fraction,"RELAB material 60501,120 linked only to Atlas parent page 60501; composition of this subsample, size fraction, mineral separate, or preparation is not implied",Do not transfer parent-sample composition without subsample-specific verification,rake,soil,,https://www.lpi.usra.edu/lunar/samples/atlas/detail/?mission=Apollo%2016&sample=60501,,yes
bmr1ls101,LS-M1O-101,"62231,42","62231,42",62231,62231,subsample_or_fraction,"RELAB material 62231,42 linked only to Atlas parent page 62231; composition of this subsample, size fraction, mineral separate, or preparation is not implied",Do not transfer parent-sample composition without subsample-specific verification,rake,soil,,https://www.lpi.usra.edu/lunar/samples/atlas/detail/?mission=Apollo%2016&sample=62231,,yes
bmr1ls102,LS-M1O-102,"63501,148","63501,148",63501,63501,subsample_or_fraction,"RELAB material 63501,148 linked only to Atlas parent page 63501; composition of this subsample, size fraction, mineral separate, or preparation is not implied",Do not transfer parent-sample composition without subsample-specific verification,,,,https://www.lpi.usra.edu/lunar/samples/atlas/detail/?mission=Apollo%2016&sample=63501,,yes
bmr1ls103,LS-M1O-103,"66041,128","66041,128",66041,66041,subsample_or_fraction,"RELAB material 66041,128 linked only to Atlas parent page 66041; composition of this subsample, size fraction, mineral separate, or preparation is not implied",Do not transfer parent-sample composition without subsample-specific verification,,soil,,https://www.lpi.usra.edu/lunar/samples/atlas/detail/?mission=Apollo%2016&sample=66041,,yes
bmr1ls104,LS-M1O-104,"67601,87","67601,87",67601,67601,subsample_or_fraction,"RELAB material 67601,87 linked only to Atlas parent page 67601; composition of this subsample, size fraction, mineral separate, or preparation is not implied",Do not transfer parent-sample composition without subsample-specific verification,rake,soil,,https://www.lpi.usra.edu/lunar/samples/atlas/detail/?mission=Apollo%2016&sample=67601,,yes
bmr2lr083,LR-CMP-083,"14260,72","14260,72",14260,14260,subsample_or_fraction,"RELAB material 14260,72 linked only to Atlas parent page 14260; composition of this subsample, size fraction, mineral separate, or preparation is not implied",Do not transfer parent-sample composition without subsample-specific verification,,soil,"Surface soil sample is part of comprehensive sample collected 110 WNW of LM with 14165 through 14189, 14250 through 14289, 14298 through 14300 and 14421. All samples, including many walnut sized rocks were collected within a 4 m circle drawn by Astronaut Shepard. 14260 was collected from the top 1 cm of an undisturbed region with this circle. Area is generally level and free of boulders.",https://www.lpi.usra.edu/lunar/samples/atlas/detail/?mission=Apollo%2014&sample=14260,,yes
bnr1dh031,DH-CMP-031,Apollo 15 Lunar Soil: 15071,15071,15071,15071,subsample_or_fraction,"RELAB material Apollo 15 Lunar Soil: 15071 linked only to Atlas parent page 15071; composition of this subsample, size fraction, mineral separate, or preparation is not implied",Do not transfer parent-sample composition without subsample-specific verification,,,,https://www.lpi.usra.edu/lunar/samples/atlas/detail/?mission=Apollo%2015&sample=15071,,yes
bnr1dh032,DH-CMP-032,Apollo 17 Lunar Soil: 70181,70181,70181,70181,subsample_or_fraction,"RELAB material Apollo 17 Lunar Soil: 70181 linked only to Atlas parent page 70181; composition of this subsample, size fraction, mineral separate, or preparation is not implied",Do not transfer parent-sample composition without subsample-specific verification,,,,https://www.lpi.usra.edu/lunar/samples/atlas/detail/?mission=Apollo%2017&sample=70181,,yes
bnr1dh033,DH-CMP-033,Apollo 15 Lunar Soil: 15411B,15411,15411,15411,subsample_or_fraction,"RELAB material Apollo 15 Lunar Soil: 15411B linked only to Atlas parent page 15411; composition of this subsample, size fraction, mineral separate, or preparation is not implied",Do not transfer parent-sample composition without subsample-specific verification,,,,https://www.lpi.usra.edu/lunar/samples/atlas/detail/?mission=Apollo%2015&sample=15411,,yes
bnr1dh034,DH-CMP-034,"Apollo 14 Lunar Soil: 14259, 83, 91","14259,83",14259,14259,subsample_or_fraction,"RELAB material Apollo 14 Lunar Soil: 14259, 83, 91 linked only to Atlas parent page 14259; composition of this subsample, size fraction, mineral separate, or preparation is not implied",Do not transfer parent-sample composition without subsample-specific verification,,soil,"This scoop sample is part of the comprehensive sample collected 110 m WNW of LM along with 14165 through 14189, 14250 through 14289, 14298 through 14300, and 14420. All samples were collected from within a 4 m circle drawn by Astronaut Shepard. Astronaut Mitchell reports, ""The number of surface rocks, or rocks compared with the number of surface fines is very small Houston. There's a few boulders lying around and there's a few blocks around some of the craters, but by and large, it's a powdery surface.""",https://www.lpi.usra.edu/lunar/samples/atlas/detail/?mission=Apollo%2014&sample=14259,,yes
c3ls159,LS-BWD-159,62231.58 low-agglutinate remnant 125-250 um,"62231,58",62231,62231,subsample_or_fraction,"RELAB material 62231.58 low-agglutinate remnant 125-250 um linked only to Atlas parent page 62231; composition of this subsample, size fraction, mineral separate, or preparation is not implied",Do not transfer parent-sample composition without subsample-specific verification,rake,soil,,https://www.lpi.usra.edu/lunar/samples/atlas/detail/?mission=Apollo%2016&sample=62231,,yes
c3ls162,LS-BWD-162,62231.52 agglutinates 75-125 um (magnetically-separated),"62231,52",62231,62231,subsample_or_fraction,"RELAB material 62231.52 agglutinates 75-125 um (magnetically-separated) linked only to Atlas parent page 62231; composition of this subsample, size fraction, mineral separate, or preparation is not implied",Do not transfer parent-sample composition without subsample-specific verification,rake,soil,,https://www.lpi.usra.edu/lunar/samples/atlas/detail/?mission=Apollo%2016&sample=62231,,yes
c3ls163,LS-BWD-163,62231.52 low-agglutinate remnant 75-125 um (magnetically-separated in Frantz strong-mag bin),"62231,52",62231,62231,subsample_or_fraction,"RELAB material 62231.52 low-agglutinate remnant 75-125 um (magnetically-separated in Frantz strong-mag bin) linked only to Atlas parent page 62231; composition of this subsample, size fraction, mineral separate, or preparation is not implied",Do not transfer parent-sample composition without subsample-specific verification,rake,soil,,https://www.lpi.usra.edu/lunar/samples/atlas/detail/?mission=Apollo%2016&sample=62231,,yes
c3ls164,LS-BWD-164,62231.52 low-agglutinate remnant 75-125 um (magnetically-separated in Frantz weak-mag bin),"62231,52",62231,62231,subsample_or_fraction,"RELAB material 62231.52 low-agglutinate remnant 75-125 um (magnetically-separated in Frantz weak-mag bin) linked only to Atlas parent page 62231; composition of this subsample, size fraction, mineral separate, or preparation is not implied",Do not transfer parent-sample composition without subsample-specific verification,rake,soil,,https://www.lpi.usra.edu/lunar/samples/atlas/detail/?mission=Apollo%2016&sample=62231,,yes
c3ls165,LS-BWD-165,62231.52 bulk 75-125 um (remixed),"62231,52",62231,62231,subsample_or_fraction,"RELAB material 62231.52 bulk 75-125 um (remixed) linked only to Atlas parent page 62231; composition of this subsample, size fraction, mineral separate, or preparation is not implied",Do not transfer parent-sample composition without subsample-specific verification,rake,soil,,https://www.lpi.usra.edu/lunar/samples/atlas/detail/?mission=Apollo%2016&sample=62231,,yes
c3lu05,LU-CMP-005-3,2014 100-200 um,,,,non_apollo,RELAB identifies this as a non-Apollo lunar sample; Apollo Atlas matching is not applicable,Outside the Apollo Atlas crosswalk,,,,,,no
c3lu06,LU-CMP-006-3,Luna 16 siol 1637 45-100 um,,,,non_apollo,RELAB identifies this as a non-Apollo lunar sample; Apollo Atlas matching is not applicable,Outside the Apollo Atlas crosswalk,,,,,,no
c4lr39,LR-CMP-039,"79221,118","79221,118",79221,79221,subsample_or_fraction,"RELAB material 79221,118 linked only to Atlas parent page 79221; composition of this subsample, size fraction, mineral separate, or preparation is not implied",Do not transfer parent-sample composition without subsample-specific verification,,,,https://www.lpi.usra.edu/lunar/samples/atlas/detail/?mission=Apollo%2017&sample=79221,,yes
c4ls08,LS-CMP-008-HS,"60019,215 Side E2 Area #2 Heart-shaped area","60019,215",60019,60019,subsample_or_fraction,"RELAB material 60019,215 Side E2 Area #2 Heart-shaped area linked only to Atlas parent page 60019; composition of this subsample, size fraction, mineral separate, or preparation is not implied",Do not transfer parent-sample composition without subsample-specific verification,rock,breccia,"coherent, medium-gray glassy breccia containing several large, light colored clasts",https://www.lpi.usra.edu/lunar/samples/atlas/detail/?mission=Apollo%2016&sample=60019,,yes
c4ls140,LS-BWD-140,62231.58 bulk 125-250 um,"62231,58",62231,62231,subsample_or_fraction,"RELAB material 62231.58 bulk 125-250 um linked only to Atlas parent page 62231; composition of this subsample, size fraction, mineral separate, or preparation is not implied",Do not transfer parent-sample composition without subsample-specific verification,rake,soil,,https://www.lpi.usra.edu/lunar/samples/atlas/detail/?mission=Apollo%2016&sample=62231,,yes
c4ls141,LS-BWD-141,62231.52 agglutinates 125-250 um (hand-picked),"62231,52",62231,62231,subsample_or_fraction,"RELAB material 62231.52 agglutinates 125-250 um (hand-picked) linked only to Atlas parent page 62231; composition of this subsample, size fraction, mineral separate, or preparation is not implied",Do not transfer parent-sample composition without subsample-specific verification,rake,soil,,https://www.lpi.usra.edu/lunar/samples/atlas/detail/?mission=Apollo%2016&sample=62231,,yes
c4ls142,LS-BWD-142,15041 bulk 125-250 um,15041,15041,15041,subsample_or_fraction,"RELAB material 15041 bulk 125-250 um linked only to Atlas parent page 15041; composition of this subsample, size fraction, mineral separate, or preparation is not implied",Do not transfer parent-sample composition without subsample-specific verification,,,,https://www.lpi.usra.edu/lunar/samples/atlas/detail/?mission=Apollo%2015&sample=15041,,yes
c4ls145,LS-BWD-145,67461 bulk 125-250 um,67461,67461,67461,subsample_or_fraction,"RELAB material 67461 bulk 125-250 um linked only to Atlas parent page 67461; composition of this subsample, size fraction, mineral separate, or preparation is not implied",Do not transfer parent-sample composition without subsample-specific verification,,soil,"chosen as a ""reference soil"" for the ""lunar highland initiative"" and is not greatly different from other soil samples from North Ray Crater",https://www.lpi.usra.edu/lunar/samples/atlas/detail/?mission=Apollo%2016&sample=67461,,yes
c4ls146,LS-BWD-146,14259 bulk 125-250 um,14259,14259,14259,subsample_or_fraction,"RELAB material 14259 bulk 125-250 um linked only to Atlas parent page 14259; composition of this subsample, size fraction, mineral separate, or preparation is not implied",Do not transfer parent-sample composition without subsample-specific verification,,soil,"This scoop sample is part of the comprehensive sample collected 110 m WNW of LM along with 14165 through 14189, 14250 through 14289, 14298 through 14300, and 14420. All samples were collected from within a 4 m circle drawn by Astronaut Shepard. Astronaut Mitchell reports, ""The number of surface rocks, or rocks compared with the number of surface fines is very small Houston. There's a few boulders lying around and there's a few blocks around some of the craters, but by and large, it's a powdery surface.""",https://www.lpi.usra.edu/lunar/samples/atlas/detail/?mission=Apollo%2014&sample=14259,,yes
c4ls149,LS-BWD-149,79221 bulk 125-250 um,79221,79221,79221,subsample_or_fraction,"RELAB material 79221 bulk 125-250 um linked only to Atlas parent page 79221; composition of this subsample, size fraction, mineral separate, or preparation is not implied",Do not transfer parent-sample composition without subsample-specific verification,,,,https://www.lpi.usra.edu/lunar/samples/atlas/detail/?mission=Apollo%2017&sample=79221,,yes
c4ls151,LS-BWD-151,62231.58 agglutinates 125-250 um (magnetically-separated and hand-picked),"62231,58",62231,62231,subsample_or_fraction,"RELAB material 62231.58 agglutinates 125-250 um (magnetically-separated and hand-picked) linked only to Atlas parent page 62231; composition of this subsample, size fraction, mineral separate, or preparation is not implied",Do not transfer parent-sample composition without subsample-specific verification,rake,soil,,https://www.lpi.usra.edu/lunar/samples/atlas/detail/?mission=Apollo%2016&sample=62231,,yes
c4ls152,LS-BWD-152,79221 agglutinates 125-250 um (magnetically-separated and hand-picked),79221,79221,79221,subsample_or_fraction,"RELAB material 79221 agglutinates 125-250 um (magnetically-separated and hand-picked) linked only to Atlas parent page 79221; composition of this subsample, size fraction, mineral separate, or preparation is not implied",Do not transfer parent-sample composition without subsample-specific verification,,,,https://www.lpi.usra.edu/lunar/samples/atlas/detail/?mission=Apollo%2017&sample=79221,,yes
c4ls159,LS-BWD-159,62231.58 low-agglutinate remnant 125-250 um,"62231,58",62231,62231,subsample_or_fraction,"RELAB material 62231.58 low-agglutinate remnant 125-250 um linked only to Atlas parent page 62231; composition of this subsample, size fraction, mineral separate, or preparation is not implied",Do not transfer parent-sample composition without subsample-specific verification,rake,soil,,https://www.lpi.usra.edu/lunar/samples/atlas/detail/?mission=Apollo%2016&sample=62231,,yes
c4lu05,LU-CMP-005-4,2014 45-100 um,,,,non_apollo,RELAB identifies this as a non-Apollo lunar sample; Apollo Atlas matching is not applicable,Outside the Apollo Atlas crosswalk,,,,,,no
c4lu06,LU-CMP-006-4,Luna 16 soil 1637 <45 um,,,,non_apollo,RELAB identifies this as a non-Apollo lunar sample; Apollo Atlas matching is not applicable,Outside the Apollo Atlas crosswalk,,,,,,no
c5ls01,LS-CMP-001,"15555,798","15555,798",15555,15555,subsample_or_fraction,"RELAB material 15555,798 linked only to Atlas parent page 15555; composition of this subsample, size fraction, mineral separate, or preparation is not implied",Do not transfer parent-sample composition without subsample-specific verification,,basalt,"(""Great Scott"") is both the largest and the most intensively studied of the Apollo 15 rocks. It is a medium-grained olivine basalt, with a few percent small vugs. It is probably very close to a liquid composition, i.e., it contains few, if any, accumulated crystals. It crystallized ~3.3 b.y. ago. Unlike other nearby rocks, 15555 was not dust-coated. It is generally tough, but many exterior chips fell off during earth transit and many of these pieces are friable. It is sub-rounded and blocky, with many zap pits.",https://www.lpi.usra.edu/lunar/samples/atlas/detail/?mission=Apollo%2015&sample=15555,,yes
c5ls02,LS-CMP-002,"15555,799","15555,799",15555,15555,subsample_or_fraction,"RELAB material 15555,799 linked only to Atlas parent page 15555; composition of this subsample, size fraction, mineral separate, or preparation is not implied",Do not transfer parent-sample composition without subsample-specific verification,,basalt,"(""Great Scott"") is both the largest and the most intensively studied of the Apollo 15 rocks. It is a medium-grained olivine basalt, with a few percent small vugs. It is probably very close to a liquid composition, i.e., it contains few, if any, accumulated crystals. It crystallized ~3.3 b.y. ago. Unlike other nearby rocks, 15555 was not dust-coated. It is generally tough, but many exterior chips fell off during earth transit and many of these pieces are friable. It is sub-rounded and blocky, with many zap pits.",https://www.lpi.usra.edu/lunar/samples/atlas/detail/?mission=Apollo%2015&sample=15555,,yes
c5ls09,LS-CMP-009,"12063,199","12063,199",12063,12063,subsample_or_fraction,"RELAB material 12063,199 linked only to Atlas parent page 12063; composition of this subsample, size fraction, mineral separate, or preparation is not implied",Do not transfer parent-sample composition without subsample-specific verification,rock,basalt,diabase (terrestrial analogue); ilmenite microgabbro similar to Apollo 11 (Chao),https://www.lpi.usra.edu/lunar/samples/atlas/detail/?mission=Apollo%2012&sample=12063,,yes
c5ls141,LS-BWD-141,62231.52 agglutinates 125-250 um (hand-picked),"62231,52",62231,62231,subsample_or_fraction,"RELAB material 62231.52 agglutinates 125-250 um (hand-picked) linked only to Atlas parent page 62231; composition of this subsample, size fraction, mineral separate, or preparation is not implied",Do not transfer parent-sample composition without subsample-specific verification,rake,soil,,https://www.lpi.usra.edu/lunar/samples/atlas/detail/?mission=Apollo%2016&sample=62231,,yes
c5ls145,LS-BWD-145,67461 bulk 125-250 um,67461,67461,67461,subsample_or_fraction,"RELAB material 67461 bulk 125-250 um linked only to Atlas parent page 67461; composition of this subsample, size fraction, mineral separate, or preparation is not implied",Do not transfer parent-sample composition without subsample-specific verification,,soil,"chosen as a ""reference soil"" for the ""lunar highland initiative"" and is not greatly different from other soil samples from North Ray Crater",https://www.lpi.usra.edu/lunar/samples/atlas/detail/?mission=Apollo%2016&sample=67461,,yes
c5lu05,LU-CMP-005-5,2014 <45 um,,,,non_apollo,RELAB identifies this as a non-Apollo lunar sample; Apollo Atlas matching is not applicable,Outside the Apollo Atlas crosswalk,,,,,,no
c6ls141,LS-BWD-141,62231.52 agglutinates 125-250 um (hand-picked),"62231,52",62231,62231,subsample_or_fraction,"RELAB material 62231.52 agglutinates 125-250 um (hand-picked) linked only to Atlas parent page 62231; composition of this subsample, size fraction, mineral separate, or preparation is not implied",Do not transfer parent-sample composition without subsample-specific verification,rake,soil,,https://www.lpi.usra.edu/lunar/samples/atlas/detail/?mission=Apollo%2016&sample=62231,,yes
ca2ls8,LS-CMP-008-A,"60019,215 Clast A","60019,215",60019,60019,subsample_or_fraction,"RELAB material 60019,215 Clast A linked only to Atlas parent page 60019; composition of this subsample, size fraction, mineral separate, or preparation is not implied",Do not transfer parent-sample composition without subsample-specific verification,rock,breccia,"coherent, medium-gray glassy breccia containing several large, light colored clasts",https://www.lpi.usra.edu/lunar/samples/atlas/detail/?mission=Apollo%2016&sample=60019,,yes
calr13,LR-CMP-013,"15041,211","15041,211",15041,15041,subsample_or_fraction,"RELAB material 15041,211 linked only to Atlas parent page 15041; composition of this subsample, size fraction, mineral separate, or preparation is not implied",Do not transfer parent-sample composition without subsample-specific verification,,,,https://www.lpi.usra.edu/lunar/samples/atlas/detail/?mission=Apollo%2015&sample=15041,,yes
calr239,LR-CMP-239,"15455,226 chip","15455,226",15455,15455,subsample_or_fraction,"RELAB material 15455,226 chip linked only to Atlas parent page 15455; composition of this subsample, size fraction, mineral separate, or preparation is not implied",Do not transfer parent-sample composition without subsample-specific verification,,breccia,"Together, these two breccia samples (15455 and 15445) and the nearby boulder, are thought to represent ejecta from the Imbrium Basin",https://www.lpi.usra.edu/lunar/samples/atlas/detail/?mission=Apollo%2015&sample=15455,,yes
calr248,LR-KMR-248,"70215,345 cut slab","70215,345",70215,70215,subsample_or_fraction,"RELAB material 70215,345 cut slab linked only to Atlas parent page 70215; composition of this subsample, size fraction, mineral separate, or preparation is not implied",Do not transfer parent-sample composition without subsample-specific verification,rock,high-Ti mare basalt,High-Ti Mare Basalt,https://www.lpi.usra.edu/lunar/samples/atlas/detail/?mission=Apollo%2017&sample=70215,,yes
calr249,LR-KMR-249,"71055,239 cut slab","71055,239",71055,71055,subsample_or_fraction,"RELAB material 71055,239 cut slab linked only to Atlas parent page 71055; composition of this subsample, size fraction, mineral separate, or preparation is not implied",Do not transfer parent-sample composition without subsample-specific verification,rock,high-Ti mare basalt,High-Ti Mare Basalt,https://www.lpi.usra.edu/lunar/samples/atlas/detail/?mission=Apollo%2017&sample=71055,,yes
calr250,LR-KMR-250,"74275,335 cut slab","74275,335",74275,74275,subsample_or_fraction,"RELAB material 74275,335 cut slab linked only to Atlas parent page 74275; composition of this subsample, size fraction, mineral separate, or preparation is not implied",Do not transfer parent-sample composition without subsample-specific verification,rock,high-Ti mare basalt,High-Ti Mare Basalt,https://www.lpi.usra.edu/lunar/samples/atlas/detail/?mission=Apollo%2017&sample=74275,,yes
calr251,LR-KMR-251,"75075,197 cut slab","75075,197",75075,75075,subsample_or_fraction,"RELAB material 75075,197 cut slab linked only to Atlas parent page 75075; composition of this subsample, size fraction, mineral separate, or preparation is not implied",Do not transfer parent-sample composition without subsample-specific verification,rock,high-Ti mare basalt,High-Ti Mare Basalt,https://www.lpi.usra.edu/lunar/samples/atlas/detail/?mission=Apollo%2017&sample=75075,,yes
calr252,LR-KMR-252,"78598,7 cut slab","78598,7",78598,78598,subsample_or_fraction,"RELAB material 78598,7 cut slab linked only to Atlas parent page 78598; composition of this subsample, size fraction, mineral separate, or preparation is not implied",Do not transfer parent-sample composition without subsample-specific verification,rake,high-Ti mare basalt,High-Ti Mare Basalt,https://www.lpi.usra.edu/lunar/samples/atlas/detail/?mission=Apollo%2017&sample=78598,,yes
calr257,LR-CMP-257,"61016,546 chip","61016,546",61016,61016,subsample_or_fraction,"RELAB material 61016,546 chip linked only to Atlas parent page 61016; composition of this subsample, size fraction, mineral separate, or preparation is not implied",Do not transfer parent-sample composition without subsample-specific verification,,impact melt breccia,"known as ""Big Muley""; named after Bill Muehlberger, the leader of the Apollo 16 field geology team",https://www.lpi.usra.edu/lunar/samples/atlas/detail/?mission=Apollo%2016&sample=61016,,yes
calr39,LR-CMP-039,"79221,118","79221,118",79221,79221,subsample_or_fraction,"RELAB material 79221,118 linked only to Atlas parent page 79221; composition of this subsample, size fraction, mineral separate, or preparation is not implied",Do not transfer parent-sample composition without subsample-specific verification,,,,https://www.lpi.usra.edu/lunar/samples/atlas/detail/?mission=Apollo%2017&sample=79221,,yes
calr57,LR-CMP-057,"71061,158","71061,158",71061,71061,subsample_or_fraction,"RELAB material 71061,158 linked only to Atlas parent page 71061; composition of this subsample, size fraction, mineral separate, or preparation is not implied",Do not transfer parent-sample composition without subsample-specific verification,,,,https://www.lpi.usra.edu/lunar/samples/atlas/detail/?mission=Apollo%2017&sample=71061,,yes
calr73,LR-CMP-073,"12001,874 20-45 um","12001,874",12001,12001,subsample_or_fraction,"RELAB material 12001,874 20-45 um linked only to Atlas parent page 12001; composition of this subsample, size fraction, mineral separate, or preparation is not implied",Do not transfer parent-sample composition without subsample-specific verification,soil-general,,12001 is < 1 cm fraction of bulk regolith collected about 30 meters northwest of the LM on the first EVA traverse. Astronaut Conrad saw several beads of pure glass while collecting this sample. Fryxell reports that the fines are weakly coherent; they adhere to rocks and do not slump when the sample holder is tipped 45 degrees.,https://www.lpi.usra.edu/lunar/samples/atlas/detail/?mission=Apollo%2012&sample=12001,,yes
calr80,LR-CMP-080,"15071,168","15071,168",15071,15071,subsample_or_fraction,"RELAB material 15071,168 linked only to Atlas parent page 15071; composition of this subsample, size fraction, mineral separate, or preparation is not implied",Do not transfer parent-sample composition without subsample-specific verification,,,,https://www.lpi.usra.edu/lunar/samples/atlas/detail/?mission=Apollo%2015&sample=15071,,yes
cals100,LS-M1O-100,"60501,120","60501,120",60501,60501,subsample_or_fraction,"RELAB material 60501,120 linked only to Atlas parent page 60501; composition of this subsample, size fraction, mineral separate, or preparation is not implied",Do not transfer parent-sample composition without subsample-specific verification,rake,soil,,https://www.lpi.usra.edu/lunar/samples/atlas/detail/?mission=Apollo%2016&sample=60501,,yes
cals101,LS-M1O-101,"62231,42","62231,42",62231,62231,subsample_or_fraction,"RELAB material 62231,42 linked only to Atlas parent page 62231; composition of this subsample, size fraction, mineral separate, or preparation is not implied",Do not transfer parent-sample composition without subsample-specific verification,rake,soil,,https://www.lpi.usra.edu/lunar/samples/atlas/detail/?mission=Apollo%2016&sample=62231,,yes
cals102,LS-M1O-102,"63501,148","63501,148",63501,63501,subsample_or_fraction,"RELAB material 63501,148 linked only to Atlas parent page 63501; composition of this subsample, size fraction, mineral separate, or preparation is not implied",Do not transfer parent-sample composition without subsample-specific verification,,,,https://www.lpi.usra.edu/lunar/samples/atlas/detail/?mission=Apollo%2016&sample=63501,,yes
cals103,LS-M1O-103,"66041,128","66041,128",66041,66041,subsample_or_fraction,"RELAB material 66041,128 linked only to Atlas parent page 66041; composition of this subsample, size fraction, mineral separate, or preparation is not implied",Do not transfer parent-sample composition without subsample-specific verification,,soil,,https://www.lpi.usra.edu/lunar/samples/atlas/detail/?mission=Apollo%2016&sample=66041,,yes
cals104,LS-M1O-104,"67601,87","67601,87",67601,67601,subsample_or_fraction,"RELAB material 67601,87 linked only to Atlas parent page 67601; composition of this subsample, size fraction, mineral separate, or preparation is not implied",Do not transfer parent-sample composition without subsample-specific verification,rake,soil,,https://www.lpi.usra.edu/lunar/samples/atlas/detail/?mission=Apollo%2016&sample=67601,,yes
cals140,LS-BWD-140,62231.58 bulk 125-250 um,"62231,58",62231,62231,subsample_or_fraction,"RELAB material 62231.58 bulk 125-250 um linked only to Atlas parent page 62231; composition of this subsample, size fraction, mineral separate, or preparation is not implied",Do not transfer parent-sample composition without subsample-specific verification,rake,soil,,https://www.lpi.usra.edu/lunar/samples/atlas/detail/?mission=Apollo%2016&sample=62231,,yes
cals141,LS-BWD-141,62231.52 agglutinates 125-250 um (hand-picked),"62231,52",62231,62231,subsample_or_fraction,"RELAB material 62231.52 agglutinates 125-250 um (hand-picked) linked only to Atlas parent page 62231; composition of this subsample, size fraction, mineral separate, or preparation is not implied",Do not transfer parent-sample composition without subsample-specific verification,rake,soil,,https://www.lpi.usra.edu/lunar/samples/atlas/detail/?mission=Apollo%2016&sample=62231,,yes
cals142,LS-BWD-142,15041 bulk 125-250 um,15041,15041,15041,subsample_or_fraction,"RELAB material 15041 bulk 125-250 um linked only to Atlas parent page 15041; composition of this subsample, size fraction, mineral separate, or preparation is not implied",Do not transfer parent-sample composition without subsample-specific verification,,,,https://www.lpi.usra.edu/lunar/samples/atlas/detail/?mission=Apollo%2015&sample=15041,,yes
cals143,LS-BWD-143,15041 agglutinates 125-250 um (hand-picked),15041,15041,15041,subsample_or_fraction,"RELAB material 15041 agglutinates 125-250 um (hand-picked) linked only to Atlas parent page 15041; composition of this subsample, size fraction, mineral separate, or preparation is not implied",Do not transfer parent-sample composition without subsample-specific verification,,,,https://www.lpi.usra.edu/lunar/samples/atlas/detail/?mission=Apollo%2015&sample=15041,,yes
cals151,LS-BWD-151,62231.58 agglutinates 125-250 um (magnetically-separated and hand-picked),"62231,58",62231,62231,subsample_or_fraction,"RELAB material 62231.58 agglutinates 125-250 um (magnetically-separated and hand-picked) linked only to Atlas parent page 62231; composition of this subsample, size fraction, mineral separate, or preparation is not implied",Do not transfer parent-sample composition without subsample-specific verification,rake,soil,,https://www.lpi.usra.edu/lunar/samples/atlas/detail/?mission=Apollo%2016&sample=62231,,yes
cals158,LS-BWD-158,15041 low-agglutinate remnant 125-250 um,15041,15041,15041,subsample_or_fraction,"RELAB material 15041 low-agglutinate remnant 125-250 um linked only to Atlas parent page 15041; composition of this subsample, size fraction, mineral separate, or preparation is not implied",Do not transfer parent-sample composition without subsample-specific verification,,,,https://www.lpi.usra.edu/lunar/samples/atlas/detail/?mission=Apollo%2015&sample=15041,,yes
cals159,LS-BWD-159,62231.58 low-agglutinate remnant 125-250 um,"62231,58",62231,62231,subsample_or_fraction,"RELAB material 62231.58 low-agglutinate remnant 125-250 um linked only to Atlas parent page 62231; composition of this subsample, size fraction, mineral separate, or preparation is not implied",Do not transfer parent-sample composition without subsample-specific verification,rake,soil,,https://www.lpi.usra.edu/lunar/samples/atlas/detail/?mission=Apollo%2016&sample=62231,,yes
cals161,LS-BWD-161,15041 agglutinates 125-250 um (magnetically-separated),15041,15041,15041,subsample_or_fraction,"RELAB material 15041 agglutinates 125-250 um (magnetically-separated) linked only to Atlas parent page 15041; composition of this subsample, size fraction, mineral separate, or preparation is not implied",Do not transfer parent-sample composition without subsample-specific verification,,,,https://www.lpi.usra.edu/lunar/samples/atlas/detail/?mission=Apollo%2015&sample=15041,,yes
cals17,LS-CMP-017-A,"60019,9004,85 breccia powder <20 um","60019,9004",60019,60019,subsample_or_fraction,"RELAB material 60019,9004,85 breccia powder <20 um linked only to Atlas parent page 60019; composition of this subsample, size fraction, mineral separate, or preparation is not implied",Do not transfer parent-sample composition without subsample-specific verification,rock,breccia,"coherent, medium-gray glassy breccia containing several large, light colored clasts",https://www.lpi.usra.edu/lunar/samples/atlas/detail/?mission=Apollo%2016&sample=60019,,yes
calu01,LU-CMP-001-A,"Lunar 24 soil 24085,11 45-94 um",,,,non_apollo,RELAB identifies this as a non-Apollo lunar sample; Apollo Atlas matching is not applicable,Outside the Apollo Atlas crosswalk,,,,,,no
calu04,LU-CMP-004-A,"24143,25",,,,non_apollo,RELAB identifies this as a non-Apollo lunar sample; Apollo Atlas matching is not applicable,Outside the Apollo Atlas crosswalk,,,,,,no
cblr239,LR-CMP-239,"15455,226 chip","15455,226",15455,15455,subsample_or_fraction,"RELAB material 15455,226 chip linked only to Atlas parent page 15455; composition of this subsample, size fraction, mineral separate, or preparation is not implied",Do not transfer parent-sample composition without subsample-specific verification,,breccia,"Together, these two breccia samples (15455 and 15445) and the nearby boulder, are thought to represent ejecta from the Imbrium Basin",https://www.lpi.usra.edu/lunar/samples/atlas/detail/?mission=Apollo%2015&sample=15455,,yes
cblr257,LR-CMP-257,"61016,546 chip","61016,546",61016,61016,subsample_or_fraction,"RELAB material 61016,546 chip linked only to Atlas parent page 61016; composition of this subsample, size fraction, mineral separate, or preparation is not implied",Do not transfer parent-sample composition without subsample-specific verification,,impact melt breccia,"known as ""Big Muley""; named after Bill Muehlberger, the leader of the Apollo 16 field geology team",https://www.lpi.usra.edu/lunar/samples/atlas/detail/?mission=Apollo%2016&sample=61016,,yes
cbls100,LS-M1O-100,"60501,120","60501,120",60501,60501,subsample_or_fraction,"RELAB material 60501,120 linked only to Atlas parent page 60501; composition of this subsample, size fraction, mineral separate, or preparation is not implied",Do not transfer parent-sample composition without subsample-specific verification,rake,soil,,https://www.lpi.usra.edu/lunar/samples/atlas/detail/?mission=Apollo%2016&sample=60501,,yes
cbls101,LS-M1O-101,"62231,42","62231,42",62231,62231,subsample_or_fraction,"RELAB material 62231,42 linked only to Atlas parent page 62231; composition of this subsample, size fraction, mineral separate, or preparation is not implied",Do not transfer parent-sample composition without subsample-specific verification,rake,soil,,https://www.lpi.usra.edu/lunar/samples/atlas/detail/?mission=Apollo%2016&sample=62231,,yes
cbls102,LS-M1O-102,"63501,148","63501,148",63501,63501,subsample_or_fraction,"RELAB material 63501,148 linked only to Atlas parent page 63501; composition of this subsample, size fraction, mineral separate, or preparation is not implied",Do not transfer parent-sample composition without subsample-specific verification,,,,https://www.lpi.usra.edu/lunar/samples/atlas/detail/?mission=Apollo%2016&sample=63501,,yes
cbls103,LS-M1O-103,"66041,128","66041,128",66041,66041,subsample_or_fraction,"RELAB material 66041,128 linked only to Atlas parent page 66041; composition of this subsample, size fraction, mineral separate, or preparation is not implied",Do not transfer parent-sample composition without subsample-specific verification,,soil,,https://www.lpi.usra.edu/lunar/samples/atlas/detail/?mission=Apollo%2016&sample=66041,,yes
cbls104,LS-M1O-104,"67601,87","67601,87",67601,67601,subsample_or_fraction,"RELAB material 67601,87 linked only to Atlas parent page 67601; composition of this subsample, size fraction, mineral separate, or preparation is not implied",Do not transfer parent-sample composition without subsample-specific verification,rake,soil,,https://www.lpi.usra.edu/lunar/samples/atlas/detail/?mission=Apollo%2016&sample=67601,,yes
cbls140,LS-BWD-140,62231.58 bulk 125-250 um,"62231,58",62231,62231,subsample_or_fraction,"RELAB material 62231.58 bulk 125-250 um linked only to Atlas parent page 62231; composition of this subsample, size fraction, mineral separate, or preparation is not implied",Do not transfer parent-sample composition without subsample-specific verification,rake,soil,,https://www.lpi.usra.edu/lunar/samples/atlas/detail/?mission=Apollo%2016&sample=62231,,yes
cbls141,LS-BWD-141,62231.52 agglutinates 125-250 um (hand-picked),"62231,52",62231,62231,subsample_or_fraction,"RELAB material 62231.52 agglutinates 125-250 um (hand-picked) linked only to Atlas parent page 62231; composition of this subsample, size fraction, mineral separate, or preparation is not implied",Do not transfer parent-sample composition without subsample-specific verification,rake,soil,,https://www.lpi.usra.edu/lunar/samples/atlas/detail/?mission=Apollo%2016&sample=62231,,yes
cbls142,LS-BWD-142,15041 bulk 125-250 um,15041,15041,15041,subsample_or_fraction,"RELAB material 15041 bulk 125-250 um linked only to Atlas parent page 15041; composition of this subsample, size fraction, mineral separate, or preparation is not implied",Do not transfer parent-sample composition without subsample-specific verification,,,,https://www.lpi.usra.edu/lunar/samples/atlas/detail/?mission=Apollo%2015&sample=15041,,yes
cbls143,LS-BWD-143,15041 agglutinates 125-250 um (hand-picked),15041,15041,15041,subsample_or_fraction,"RELAB material 15041 agglutinates 125-250 um (hand-picked) linked only to Atlas parent page 15041; composition of this subsample, size fraction, mineral separate, or preparation is not implied",Do not transfer parent-sample composition without subsample-specific verification,,,,https://www.lpi.usra.edu/lunar/samples/atlas/detail/?mission=Apollo%2015&sample=15041,,yes
cbls151,LS-BWD-151,62231.58 agglutinates 125-250 um (magnetically-separated and hand-picked),"62231,58",62231,62231,subsample_or_fraction,"RELAB material 62231.58 agglutinates 125-250 um (magnetically-separated and hand-picked) linked only to Atlas parent page 62231; composition of this subsample, size fraction, mineral separate, or preparation is not implied",Do not transfer parent-sample composition without subsample-specific verification,rake,soil,,https://www.lpi.usra.edu/lunar/samples/atlas/detail/?mission=Apollo%2016&sample=62231,,yes
cbls158,LS-BWD-158,15041 low-agglutinate remnant 125-250 um,15041,15041,15041,subsample_or_fraction,"RELAB material 15041 low-agglutinate remnant 125-250 um linked only to Atlas parent page 15041; composition of this subsample, size fraction, mineral separate, or preparation is not implied",Do not transfer parent-sample composition without subsample-specific verification,,,,https://www.lpi.usra.edu/lunar/samples/atlas/detail/?mission=Apollo%2015&sample=15041,,yes
cbls159,LS-BWD-159,62231.58 low-agglutinate remnant 125-250 um,"62231,58",62231,62231,subsample_or_fraction,"RELAB material 62231.58 low-agglutinate remnant 125-250 um linked only to Atlas parent page 62231; composition of this subsample, size fraction, mineral separate, or preparation is not implied",Do not transfer parent-sample composition without subsample-specific verification,rake,soil,,https://www.lpi.usra.edu/lunar/samples/atlas/detail/?mission=Apollo%2016&sample=62231,,yes
cbls161,LS-BWD-161,15041 agglutinates 125-250 um (magnetically-separated),15041,15041,15041,subsample_or_fraction,"RELAB material 15041 agglutinates 125-250 um (magnetically-separated) linked only to Atlas parent page 15041; composition of this subsample, size fraction, mineral separate, or preparation is not implied",Do not transfer parent-sample composition without subsample-specific verification,,,,https://www.lpi.usra.edu/lunar/samples/atlas/detail/?mission=Apollo%2015&sample=15041,,yes
cbls17,LS-CMP-017-B,"60019,9004,84 breccia powder 20-45 um","60019,9004",60019,60019,subsample_or_fraction,"RELAB material 60019,9004,84 breccia powder 20-45 um linked only to Atlas parent page 60019; composition of this subsample, size fraction, mineral separate, or preparation is not implied",Do not transfer parent-sample composition without subsample-specific verification,rock,breccia,"coherent, medium-gray glassy breccia containing several large, light colored clasts",https://www.lpi.usra.edu/lunar/samples/atlas/detail/?mission=Apollo%2016&sample=60019,,yes
cbls30,LS-CMP-030,"62231,14","62231,14",62231,62231,subsample_or_fraction,"RELAB material 62231,14 linked only to Atlas parent page 62231; composition of this subsample, size fraction, mineral separate, or preparation is not implied",Do not transfer parent-sample composition without subsample-specific verification,rake,soil,,https://www.lpi.usra.edu/lunar/samples/atlas/detail/?mission=Apollo%2016&sample=62231,,yes
cbls31,LS-CMP-031,"10084,255","10084,255",10084,10084,subsample_or_fraction,"RELAB material 10084,255 linked only to Atlas parent page 10084; composition of this subsample, size fraction, mineral separate, or preparation is not implied",Do not transfer parent-sample composition without subsample-specific verification,soil-general,,"The contingency sample was taken in front of quad IV of the LM. The documented sample was collected 5 meters north of the LM, the bulk sample was collected in front of quad IV by pouring scoops of loose soil to fill the voids left between rock samples in the bulk sample container. 10084 is the bulk soil sample. Soil is fine grained and hard in this sample area. There are few fragments and it is difficult to scoop deeper than 5 cm below the surface.",https://www.lpi.usra.edu/lunar/samples/atlas/detail/?mission=Apollo%2011&sample=10084,,yes
cbls32,LS-CMP-032,"12070,853","12070,853",12070,12070,subsample_or_fraction,"RELAB material 12070,853 linked only to Atlas parent page 12070; composition of this subsample, size fraction, mineral separate, or preparation is not implied",Do not transfer parent-sample composition without subsample-specific verification,,,,https://www.lpi.usra.edu/lunar/samples/atlas/detail/?mission=Apollo%2012&sample=12070,,yes
cbls33,LS-CMP-033,"14259,15","14259,15",14259,14259,subsample_or_fraction,"RELAB material 14259,15 linked only to Atlas parent page 14259; composition of this subsample, size fraction, mineral separate, or preparation is not implied",Do not transfer parent-sample composition without subsample-specific verification,,soil,"This scoop sample is part of the comprehensive sample collected 110 m WNW of LM along with 14165 through 14189, 14250 through 14289, 14298 through 14300, and 14420. All samples were collected from within a 4 m circle drawn by Astronaut Shepard. Astronaut Mitchell reports, ""The number of surface rocks, or rocks compared with the number of surface fines is very small Houston. There's a few boulders lying around and there's a few blocks around some of the craters, but by and large, it's a powdery surface.""",https://www.lpi.usra.edu/lunar/samples/atlas/detail/?mission=Apollo%2014&sample=14259,,yes
cbls66,LS-CMP-066-B,"64801,116 Fractions","64801,116",64801,64801,subsample_or_fraction,"RELAB material 64801,116 Fractions linked only to Atlas parent page 64801; composition of this subsample, size fraction, mineral separate, or preparation is not implied",Do not transfer parent-sample composition without subsample-specific verification,rake,soil,relatively mature soil with average grain size 80 microns,https://www.lpi.usra.edu/lunar/samples/atlas/detail/?mission=Apollo%2016&sample=64801,,yes
cbls67,LS-CMP-067-B,"67701,181 500-1000 um","67701,181",67701,67701,subsample_or_fraction,"RELAB material 67701,181 500-1000 um linked only to Atlas parent page 67701; composition of this subsample, size fraction, mineral separate, or preparation is not implied",Do not transfer parent-sample composition without subsample-specific verification,rake,soil,,https://www.lpi.usra.edu/lunar/samples/atlas/detail/?mission=Apollo%2016&sample=67701,,yes
cbls68,LS-CMP-068-B,"67461,111 500-1000 um","67461,111",67461,67461,subsample_or_fraction,"RELAB material 67461,111 500-1000 um linked only to Atlas parent page 67461; composition of this subsample, size fraction, mineral separate, or preparation is not implied",Do not transfer parent-sample composition without subsample-specific verification,,soil,"chosen as a ""reference soil"" for the ""lunar highland initiative"" and is not greatly different from other soil samples from North Ray Crater",https://www.lpi.usra.edu/lunar/samples/atlas/detail/?mission=Apollo%2016&sample=67461,,yes
cblu01,LU-CMP-001-B,"Lunar 24 soil 24085,10 94-250 um",,,,non_apollo,RELAB identifies this as a non-Apollo lunar sample; Apollo Atlas matching is not applicable,Outside the Apollo Atlas crosswalk,,,,,,no
cblu03,LU-CMP-003-B,"Luna 16 soil 1637,3 45-94 um",,,,non_apollo,RELAB identifies this as a non-Apollo lunar sample; Apollo Atlas matching is not applicable,Outside the Apollo Atlas crosswalk,,,,,,no
cblu04,LU-CMP-004-B,"24143,25",,,,non_apollo,RELAB identifies this as a non-Apollo lunar sample; Apollo Atlas matching is not applicable,Outside the Apollo Atlas crosswalk,,,,,,no
cclr257,LR-CMP-257,"61016,546 chip","61016,546",61016,61016,subsample_or_fraction,"RELAB material 61016,546 chip linked only to Atlas parent page 61016; composition of this subsample, size fraction, mineral separate, or preparation is not implied",Do not transfer parent-sample composition without subsample-specific verification,,impact melt breccia,"known as ""Big Muley""; named after Bill Muehlberger, the leader of the Apollo 16 field geology team",https://www.lpi.usra.edu/lunar/samples/atlas/detail/?mission=Apollo%2016&sample=61016,,yes
ccls140,LS-BWD-140,62231.58 bulk 125-250 um,"62231,58",62231,62231,subsample_or_fraction,"RELAB material 62231.58 bulk 125-250 um linked only to Atlas parent page 62231; composition of this subsample, size fraction, mineral separate, or preparation is not implied",Do not transfer parent-sample composition without subsample-specific verification,rake,soil,,https://www.lpi.usra.edu/lunar/samples/atlas/detail/?mission=Apollo%2016&sample=62231,,yes
ccls141,LS-BWD-141,62231.52 agglutinates 125-250 um (hand-picked),"62231,52",62231,62231,subsample_or_fraction,"RELAB material 62231.52 agglutinates 125-250 um (hand-picked) linked only to Atlas parent page 62231; composition of this subsample, size fraction, mineral separate, or preparation is not implied",Do not transfer parent-sample composition without subsample-specific verification,rake,soil,,https://www.lpi.usra.edu/lunar/samples/atlas/detail/?mission=Apollo%2016&sample=62231,,yes
ccls142,LS-BWD-142,15041 bulk 125-250 um,15041,15041,15041,subsample_or_fraction,"RELAB material 15041 bulk 125-250 um linked only to Atlas parent page 15041; composition of this subsample, size fraction, mineral separate, or preparation is not implied",Do not transfer parent-sample composition without subsample-specific verification,,,,https://www.lpi.usra.edu/lunar/samples/atlas/detail/?mission=Apollo%2015&sample=15041,,yes
ccls143,LS-BWD-143,15041 agglutinates 125-250 um (hand-picked),15041,15041,15041,subsample_or_fraction,"RELAB material 15041 agglutinates 125-250 um (hand-picked) linked only to Atlas parent page 15041; composition of this subsample, size fraction, mineral separate, or preparation is not implied",Do not transfer parent-sample composition without subsample-specific verification,,,,https://www.lpi.usra.edu/lunar/samples/atlas/detail/?mission=Apollo%2015&sample=15041,,yes
ccls151,LS-BWD-151,62231.58 agglutinates 125-250 um (magnetically-separated and hand-picked),"62231,58",62231,62231,subsample_or_fraction,"RELAB material 62231.58 agglutinates 125-250 um (magnetically-separated and hand-picked) linked only to Atlas parent page 62231; composition of this subsample, size fraction, mineral separate, or preparation is not implied",Do not transfer parent-sample composition without subsample-specific verification,rake,soil,,https://www.lpi.usra.edu/lunar/samples/atlas/detail/?mission=Apollo%2016&sample=62231,,yes
ccls158,LS-BWD-158,15041 low-agglutinate remnant 125-250 um,15041,15041,15041,subsample_or_fraction,"RELAB material 15041 low-agglutinate remnant 125-250 um linked only to Atlas parent page 15041; composition of this subsample, size fraction, mineral separate, or preparation is not implied",Do not transfer parent-sample composition without subsample-specific verification,,,,https://www.lpi.usra.edu/lunar/samples/atlas/detail/?mission=Apollo%2015&sample=15041,,yes
ccls159,LS-BWD-159,62231.58 low-agglutinate remnant 125-250 um,"62231,58",62231,62231,subsample_or_fraction,"RELAB material 62231.58 low-agglutinate remnant 125-250 um linked only to Atlas parent page 62231; composition of this subsample, size fraction, mineral separate, or preparation is not implied",Do not transfer parent-sample composition without subsample-specific verification,rake,soil,,https://www.lpi.usra.edu/lunar/samples/atlas/detail/?mission=Apollo%2016&sample=62231,,yes
ccls161,LS-BWD-161,15041 agglutinates 125-250 um (magnetically-separated),15041,15041,15041,subsample_or_fraction,"RELAB material 15041 agglutinates 125-250 um (magnetically-separated) linked only to Atlas parent page 15041; composition of this subsample, size fraction, mineral separate, or preparation is not implied",Do not transfer parent-sample composition without subsample-specific verification,,,,https://www.lpi.usra.edu/lunar/samples/atlas/detail/?mission=Apollo%2015&sample=15041,,yes
ccls17,LS-CMP-017-C,"60019,9004,83 breccia powder 45-75 um","60019,9004",60019,60019,subsample_or_fraction,"RELAB material 60019,9004,83 breccia powder 45-75 um linked only to Atlas parent page 60019; composition of this subsample, size fraction, mineral separate, or preparation is not implied",Do not transfer parent-sample composition without subsample-specific verification,rock,breccia,"coherent, medium-gray glassy breccia containing several large, light colored clasts",https://www.lpi.usra.edu/lunar/samples/atlas/detail/?mission=Apollo%2016&sample=60019,,yes
ccls65,LS-CMP-065-C,"61221,116 250-500 um","61221,116",61221,61221,subsample_or_fraction,"RELAB material 61221,116 250-500 um linked only to Atlas parent page 61221; composition of this subsample, size fraction, mineral separate, or preparation is not implied",Do not transfer parent-sample composition without subsample-specific verification,,,,https://www.lpi.usra.edu/lunar/samples/atlas/detail/?mission=Apollo%2016&sample=61221,,yes
ccls66,LS-CMP-066-C,"64801,116 Fractions","64801,116",64801,64801,subsample_or_fraction,"RELAB material 64801,116 Fractions linked only to Atlas parent page 64801; composition of this subsample, size fraction, mineral separate, or preparation is not implied",Do not transfer parent-sample composition without subsample-specific verification,rake,soil,relatively mature soil with average grain size 80 microns,https://www.lpi.usra.edu/lunar/samples/atlas/detail/?mission=Apollo%2016&sample=64801,,yes
ccls67,LS-CMP-067-C,"67701,182 250-500 um","67701,182",67701,67701,subsample_or_fraction,"RELAB material 67701,182 250-500 um linked only to Atlas parent page 67701; composition of this subsample, size fraction, mineral separate, or preparation is not implied",Do not transfer parent-sample composition without subsample-specific verification,rake,soil,,https://www.lpi.usra.edu/lunar/samples/atlas/detail/?mission=Apollo%2016&sample=67701,,yes
ccls68,LS-CMP-068-C,"67461,112 250-500 um","67461,112",67461,67461,subsample_or_fraction,"RELAB material 67461,112 250-500 um linked only to Atlas parent page 67461; composition of this subsample, size fraction, mineral separate, or preparation is not implied",Do not transfer parent-sample composition without subsample-specific verification,,soil,"chosen as a ""reference soil"" for the ""lunar highland initiative"" and is not greatly different from other soil samples from North Ray Crater",https://www.lpi.usra.edu/lunar/samples/atlas/detail/?mission=Apollo%2016&sample=67461,,yes
cclu03,LU-CMP-003-C,"Luna 16 soil 1637,2 94-250 um",,,,non_apollo,RELAB identifies this as a non-Apollo lunar sample; Apollo Atlas matching is not applicable,Outside the Apollo Atlas crosswalk,,,,,,no
cclu04,LU-CMP-004-C,"24143,25",,,,non_apollo,RELAB identifies this as a non-Apollo lunar sample; Apollo Atlas matching is not applicable,Outside the Apollo Atlas crosswalk,,,,,,no
cd026u,LS-CMP-006,"76535,94","76535,94",76535,76535,subsample_or_fraction,"RELAB material 76535,94 linked only to Atlas parent page 76535; composition of this subsample, size fraction, mineral separate, or preparation is not implied",Do not transfer parent-sample composition without subsample-specific verification,rake,troctolite,"Troctolite, random sample as part of rake sample at Station 6",https://www.lpi.usra.edu/lunar/samples/atlas/detail/?mission=Apollo%2017&sample=76535,,yes
cdlr257,LR-CMP-257,"61016,546 chip","61016,546",61016,61016,subsample_or_fraction,"RELAB material 61016,546 chip linked only to Atlas parent page 61016; composition of this subsample, size fraction, mineral separate, or preparation is not implied",Do not transfer parent-sample composition without subsample-specific verification,,impact melt breccia,"known as ""Big Muley""; named after Bill Muehlberger, the leader of the Apollo 16 field geology team",https://www.lpi.usra.edu/lunar/samples/atlas/detail/?mission=Apollo%2016&sample=61016,,yes
cdls140,LS-BWD-140,62231.58 bulk 125-250 um,"62231,58",62231,62231,subsample_or_fraction,"RELAB material 62231.58 bulk 125-250 um linked only to Atlas parent page 62231; composition of this subsample, size fraction, mineral separate, or preparation is not implied",Do not transfer parent-sample composition without subsample-specific verification,rake,soil,,https://www.lpi.usra.edu/lunar/samples/atlas/detail/?mission=Apollo%2016&sample=62231,,yes
cdls141,LS-BWD-141,62231.52 agglutinates 125-250 um (hand-picked),"62231,52",62231,62231,subsample_or_fraction,"RELAB material 62231.52 agglutinates 125-250 um (hand-picked) linked only to Atlas parent page 62231; composition of this subsample, size fraction, mineral separate, or preparation is not implied",Do not transfer parent-sample composition without subsample-specific verification,rake,soil,,https://www.lpi.usra.edu/lunar/samples/atlas/detail/?mission=Apollo%2016&sample=62231,,yes
cdls142,LS-BWD-142,15041 bulk 125-250 um,15041,15041,15041,subsample_or_fraction,"RELAB material 15041 bulk 125-250 um linked only to Atlas parent page 15041; composition of this subsample, size fraction, mineral separate, or preparation is not implied",Do not transfer parent-sample composition without subsample-specific verification,,,,https://www.lpi.usra.edu/lunar/samples/atlas/detail/?mission=Apollo%2015&sample=15041,,yes
cdls143,LS-BWD-143,15041 agglutinates 125-250 um (hand-picked),15041,15041,15041,subsample_or_fraction,"RELAB material 15041 agglutinates 125-250 um (hand-picked) linked only to Atlas parent page 15041; composition of this subsample, size fraction, mineral separate, or preparation is not implied",Do not transfer parent-sample composition without subsample-specific verification,,,,https://www.lpi.usra.edu/lunar/samples/atlas/detail/?mission=Apollo%2015&sample=15041,,yes
cdls151,LS-BWD-151,62231.58 agglutinates 125-250 um (magnetically-separated and hand-picked),"62231,58",62231,62231,subsample_or_fraction,"RELAB material 62231.58 agglutinates 125-250 um (magnetically-separated and hand-picked) linked only to Atlas parent page 62231; composition of this subsample, size fraction, mineral separate, or preparation is not implied",Do not transfer parent-sample composition without subsample-specific verification,rake,soil,,https://www.lpi.usra.edu/lunar/samples/atlas/detail/?mission=Apollo%2016&sample=62231,,yes
cdls158,LS-BWD-158,15041 low-agglutinate remnant 125-250 um,15041,15041,15041,subsample_or_fraction,"RELAB material 15041 low-agglutinate remnant 125-250 um linked only to Atlas parent page 15041; composition of this subsample, size fraction, mineral separate, or preparation is not implied",Do not transfer parent-sample composition without subsample-specific verification,,,,https://www.lpi.usra.edu/lunar/samples/atlas/detail/?mission=Apollo%2015&sample=15041,,yes
cdls159,LS-BWD-159,62231.58 low-agglutinate remnant 125-250 um,"62231,58",62231,62231,subsample_or_fraction,"RELAB material 62231.58 low-agglutinate remnant 125-250 um linked only to Atlas parent page 62231; composition of this subsample, size fraction, mineral separate, or preparation is not implied",Do not transfer parent-sample composition without subsample-specific verification,rake,soil,,https://www.lpi.usra.edu/lunar/samples/atlas/detail/?mission=Apollo%2016&sample=62231,,yes
cdls161,LS-BWD-161,15041 agglutinates 125-250 um (magnetically-separated),15041,15041,15041,subsample_or_fraction,"RELAB material 15041 agglutinates 125-250 um (magnetically-separated) linked only to Atlas parent page 15041; composition of this subsample, size fraction, mineral separate, or preparation is not implied",Do not transfer parent-sample composition without subsample-specific verification,,,,https://www.lpi.usra.edu/lunar/samples/atlas/detail/?mission=Apollo%2015&sample=15041,,yes
cdls17,LS-CMP-017-D,"60019,9004,82 breccia powder75-250 um","60019,9004",60019,60019,subsample_or_fraction,"RELAB material 60019,9004,82 breccia powder75-250 um linked only to Atlas parent page 60019; composition of this subsample, size fraction, mineral separate, or preparation is not implied",Do not transfer parent-sample composition without subsample-specific verification,rock,breccia,"coherent, medium-gray glassy breccia containing several large, light colored clasts",https://www.lpi.usra.edu/lunar/samples/atlas/detail/?mission=Apollo%2016&sample=60019,,yes
cdls49,LS-CMP-049-D,"10084,1780 45-250 um","10084,1780",10084,10084,subsample_or_fraction,"RELAB material 10084,1780 45-250 um linked only to Atlas parent page 10084; composition of this subsample, size fraction, mineral separate, or preparation is not implied",Do not transfer parent-sample composition without subsample-specific verification,soil-general,,"The contingency sample was taken in front of quad IV of the LM. The documented sample was collected 5 meters north of the LM, the bulk sample was collected in front of quad IV by pouring scoops of loose soil to fill the voids left between rock samples in the bulk sample container. 10084 is the bulk soil sample. Soil is fine grained and hard in this sample area. There are few fragments and it is difficult to scoop deeper than 5 cm below the surface.",https://www.lpi.usra.edu/lunar/samples/atlas/detail/?mission=Apollo%2011&sample=10084,,yes
cdls65,LS-CMP-065-D,"61221,117 150-250 um","61221,117",61221,61221,subsample_or_fraction,"RELAB material 61221,117 150-250 um linked only to Atlas parent page 61221; composition of this subsample, size fraction, mineral separate, or preparation is not implied",Do not transfer parent-sample composition without subsample-specific verification,,,,https://www.lpi.usra.edu/lunar/samples/atlas/detail/?mission=Apollo%2016&sample=61221,,yes
cdls67,LS-CMP-067-D,"67701,183 150-250 um","67701,183",67701,67701,subsample_or_fraction,"RELAB material 67701,183 150-250 um linked only to Atlas parent page 67701; composition of this subsample, size fraction, mineral separate, or preparation is not implied",Do not transfer parent-sample composition without subsample-specific verification,rake,soil,,https://www.lpi.usra.edu/lunar/samples/atlas/detail/?mission=Apollo%2016&sample=67701,,yes
cdlu01,LU-CMP-001-D,"Lunar 24 soil 24085,12 <45 um (wet-sieved)",,,,non_apollo,RELAB identifies this as a non-Apollo lunar sample; Apollo Atlas matching is not applicable,Outside the Apollo Atlas crosswalk,,,,,,no
cdlu04,LU-CMP-004-D,"24143,25",,,,non_apollo,RELAB identifies this as a non-Apollo lunar sample; Apollo Atlas matching is not applicable,Outside the Apollo Atlas crosswalk,,,,,,no
cels140,LS-BWD-140,62231.58 bulk 125-250 um,"62231,58",62231,62231,subsample_or_fraction,"RELAB material 62231.58 bulk 125-250 um linked only to Atlas parent page 62231; composition of this subsample, size fraction, mineral separate, or preparation is not implied",Do not transfer parent-sample composition without subsample-specific verification,rake,soil,,https://www.lpi.usra.edu/lunar/samples/atlas/detail/?mission=Apollo%2016&sample=62231,,yes
cels141,LS-BWD-141,62231.52 agglutinates 125-250 um (hand-picked),"62231,52",62231,62231,subsample_or_fraction,"RELAB material 62231.52 agglutinates 125-250 um (hand-picked) linked only to Atlas parent page 62231; composition of this subsample, size fraction, mineral separate, or preparation is not implied",Do not transfer parent-sample composition without subsample-specific verification,rake,soil,,https://www.lpi.usra.edu/lunar/samples/atlas/detail/?mission=Apollo%2016&sample=62231,,yes
cels142,LS-BWD-142,15041 bulk 125-250 um,15041,15041,15041,subsample_or_fraction,"RELAB material 15041 bulk 125-250 um linked only to Atlas parent page 15041; composition of this subsample, size fraction, mineral separate, or preparation is not implied",Do not transfer parent-sample composition without subsample-specific verification,,,,https://www.lpi.usra.edu/lunar/samples/atlas/detail/?mission=Apollo%2015&sample=15041,,yes
cels143,LS-BWD-143,15041 agglutinates 125-250 um (hand-picked),15041,15041,15041,subsample_or_fraction,"RELAB material 15041 agglutinates 125-250 um (hand-picked) linked only to Atlas parent page 15041; composition of this subsample, size fraction, mineral separate, or preparation is not implied",Do not transfer parent-sample composition without subsample-specific verification,,,,https://www.lpi.usra.edu/lunar/samples/atlas/detail/?mission=Apollo%2015&sample=15041,,yes
cels151,LS-BWD-151,62231.58 agglutinates 125-250 um (magnetically-separated and hand-picked),"62231,58",62231,62231,subsample_or_fraction,"RELAB material 62231.58 agglutinates 125-250 um (magnetically-separated and hand-picked) linked only to Atlas parent page 62231; composition of this subsample, size fraction, mineral separate, or preparation is not implied",Do not transfer parent-sample composition without subsample-specific verification,rake,soil,,https://www.lpi.usra.edu/lunar/samples/atlas/detail/?mission=Apollo%2016&sample=62231,,yes
cels158,LS-BWD-158,15041 low-agglutinate remnant 125-250 um,15041,15041,15041,subsample_or_fraction,"RELAB material 15041 low-agglutinate remnant 125-250 um linked only to Atlas parent page 15041; composition of this subsample, size fraction, mineral separate, or preparation is not implied",Do not transfer parent-sample composition without subsample-specific verification,,,,https://www.lpi.usra.edu/lunar/samples/atlas/detail/?mission=Apollo%2015&sample=15041,,yes
cels159,LS-BWD-159,62231.58 low-agglutinate remnant 125-250 um,"62231,58",62231,62231,subsample_or_fraction,"RELAB material 62231.58 low-agglutinate remnant 125-250 um linked only to Atlas parent page 62231; composition of this subsample, size fraction, mineral separate, or preparation is not implied",Do not transfer parent-sample composition without subsample-specific verification,rake,soil,,https://www.lpi.usra.edu/lunar/samples/atlas/detail/?mission=Apollo%2016&sample=62231,,yes
cels161,LS-BWD-161,15041 agglutinates 125-250 um (magnetically-separated),15041,15041,15041,subsample_or_fraction,"RELAB material 15041 agglutinates 125-250 um (magnetically-separated) linked only to Atlas parent page 15041; composition of this subsample, size fraction, mineral separate, or preparation is not implied",Do not transfer parent-sample composition without subsample-specific verification,,,,https://www.lpi.usra.edu/lunar/samples/atlas/detail/?mission=Apollo%2015&sample=15041,,yes
cels17,LS-CMP-017-E,"60019,9004 breccia powder >250 um","60019,9004",60019,60019,subsample_or_fraction,"RELAB material 60019,9004 breccia powder >250 um linked only to Atlas parent page 60019; composition of this subsample, size fraction, mineral separate, or preparation is not implied",Do not transfer parent-sample composition without subsample-specific verification,rock,breccia,"coherent, medium-gray glassy breccia containing several large, light colored clasts",https://www.lpi.usra.edu/lunar/samples/atlas/detail/?mission=Apollo%2016&sample=60019,,yes
cels65,LS-CMP-065-E,"61221,118 90-150 um","61221,118",61221,61221,subsample_or_fraction,"RELAB material 61221,118 90-150 um linked only to Atlas parent page 61221; composition of this subsample, size fraction, mineral separate, or preparation is not implied",Do not transfer parent-sample composition without subsample-specific verification,,,,https://www.lpi.usra.edu/lunar/samples/atlas/detail/?mission=Apollo%2016&sample=61221,,yes
cels66,LS-CMP-066-E,"64801,116 Fractions","64801,116",64801,64801,subsample_or_fraction,"RELAB material 64801,116 Fractions linked only to Atlas parent page 64801; composition of this subsample, size fraction, mineral separate, or preparation is not implied",Do not transfer parent-sample composition without subsample-specific verification,rake,soil,relatively mature soil with average grain size 80 microns,https://www.lpi.usra.edu/lunar/samples/atlas/detail/?mission=Apollo%2016&sample=64801,,yes
cels68,LS-CMP-068-E,"67461,114 90-150 um","67461,114",67461,67461,subsample_or_fraction,"RELAB material 67461,114 90-150 um linked only to Atlas parent page 67461; composition of this subsample, size fraction, mineral separate, or preparation is not implied",Do not transfer parent-sample composition without subsample-specific verification,,soil,"chosen as a ""reference soil"" for the ""lunar highland initiative"" and is not greatly different from other soil samples from North Ray Crater",https://www.lpi.usra.edu/lunar/samples/atlas/detail/?mission=Apollo%2016&sample=67461,,yes
celu01,LU-CMP-001-E,"Lunar 24 soil 24085,24 bulk",,,,non_apollo,RELAB identifies this as a non-Apollo lunar sample; Apollo Atlas matching is not applicable,Outside the Apollo Atlas crosswalk,,,,,,no
celu02,LU-CMP-002-E,"Luna 20 soil 2014,5 250-1000 um",,,,non_apollo,RELAB identifies this as a non-Apollo lunar sample; Apollo Atlas matching is not applicable,Outside the Apollo Atlas crosswalk,,,,,,no
cffl49,LS-CMP-049-F,"10084,1780 25-45 um","10084,1780",10084,10084,subsample_or_fraction,"RELAB material 10084,1780 25-45 um linked only to Atlas parent page 10084; composition of this subsample, size fraction, mineral separate, or preparation is not implied",Do not transfer parent-sample composition without subsample-specific verification,soil-general,,"The contingency sample was taken in front of quad IV of the LM. The documented sample was collected 5 meters north of the LM, the bulk sample was collected in front of quad IV by pouring scoops of loose soil to fill the voids left between rock samples in the bulk sample container. 10084 is the bulk soil sample. Soil is fine grained and hard in this sample area. There are few fragments and it is difficult to scoop deeper than 5 cm below the surface.",https://www.lpi.usra.edu/lunar/samples/atlas/detail/?mission=Apollo%2011&sample=10084,,yes
cfls140,LS-BWD-140,62231.58 bulk 125-250 um,"62231,58",62231,62231,subsample_or_fraction,"RELAB material 62231.58 bulk 125-250 um linked only to Atlas parent page 62231; composition of this subsample, size fraction, mineral separate, or preparation is not implied",Do not transfer parent-sample composition without subsample-specific verification,rake,soil,,https://www.lpi.usra.edu/lunar/samples/atlas/detail/?mission=Apollo%2016&sample=62231,,yes
cfls141,LS-BWD-141,62231.52 agglutinates 125-250 um (hand-picked),"62231,52",62231,62231,subsample_or_fraction,"RELAB material 62231.52 agglutinates 125-250 um (hand-picked) linked only to Atlas parent page 62231; composition of this subsample, size fraction, mineral separate, or preparation is not implied",Do not transfer parent-sample composition without subsample-specific verification,rake,soil,,https://www.lpi.usra.edu/lunar/samples/atlas/detail/?mission=Apollo%2016&sample=62231,,yes
cfls142,LS-BWD-142,15041 bulk 125-250 um,15041,15041,15041,subsample_or_fraction,"RELAB material 15041 bulk 125-250 um linked only to Atlas parent page 15041; composition of this subsample, size fraction, mineral separate, or preparation is not implied",Do not transfer parent-sample composition without subsample-specific verification,,,,https://www.lpi.usra.edu/lunar/samples/atlas/detail/?mission=Apollo%2015&sample=15041,,yes
cfls143,LS-BWD-143,15041 agglutinates 125-250 um (hand-picked),15041,15041,15041,subsample_or_fraction,"RELAB material 15041 agglutinates 125-250 um (hand-picked) linked only to Atlas parent page 15041; composition of this subsample, size fraction, mineral separate, or preparation is not implied",Do not transfer parent-sample composition without subsample-specific verification,,,,https://www.lpi.usra.edu/lunar/samples/atlas/detail/?mission=Apollo%2015&sample=15041,,yes
cfls151,LS-BWD-151,62231.58 agglutinates 125-250 um (magnetically-separated and hand-picked),"62231,58",62231,62231,subsample_or_fraction,"RELAB material 62231.58 agglutinates 125-250 um (magnetically-separated and hand-picked) linked only to Atlas parent page 62231; composition of this subsample, size fraction, mineral separate, or preparation is not implied",Do not transfer parent-sample composition without subsample-specific verification,rake,soil,,https://www.lpi.usra.edu/lunar/samples/atlas/detail/?mission=Apollo%2016&sample=62231,,yes
cfls158,LS-BWD-158,15041 low-agglutinate remnant 125-250 um,15041,15041,15041,subsample_or_fraction,"RELAB material 15041 low-agglutinate remnant 125-250 um linked only to Atlas parent page 15041; composition of this subsample, size fraction, mineral separate, or preparation is not implied",Do not transfer parent-sample composition without subsample-specific verification,,,,https://www.lpi.usra.edu/lunar/samples/atlas/detail/?mission=Apollo%2015&sample=15041,,yes
cfls159,LS-BWD-159,62231.58 low-agglutinate remnant 125-250 um,"62231,58",62231,62231,subsample_or_fraction,"RELAB material 62231.58 low-agglutinate remnant 125-250 um linked only to Atlas parent page 62231; composition of this subsample, size fraction, mineral separate, or preparation is not implied",Do not transfer parent-sample composition without subsample-specific verification,rake,soil,,https://www.lpi.usra.edu/lunar/samples/atlas/detail/?mission=Apollo%2016&sample=62231,,yes
cfls161,LS-BWD-161,15041 agglutinates 125-250 um (magnetically-separated),15041,15041,15041,subsample_or_fraction,"RELAB material 15041 agglutinates 125-250 um (magnetically-separated) linked only to Atlas parent page 15041; composition of this subsample, size fraction, mineral separate, or preparation is not implied",Do not transfer parent-sample composition without subsample-specific verification,,,,https://www.lpi.usra.edu/lunar/samples/atlas/detail/?mission=Apollo%2015&sample=15041,,yes
cfls49,LS-CMP-049-F,"10084,1780 25-45 um","10084,1780",10084,10084,subsample_or_fraction,"RELAB material 10084,1780 25-45 um linked only to Atlas parent page 10084; composition of this subsample, size fraction, mineral separate, or preparation is not implied",Do not transfer parent-sample composition without subsample-specific verification,soil-general,,"The contingency sample was taken in front of quad IV of the LM. The documented sample was collected 5 meters north of the LM, the bulk sample was collected in front of quad IV by pouring scoops of loose soil to fill the voids left between rock samples in the bulk sample container. 10084 is the bulk soil sample. Soil is fine grained and hard in this sample area. There are few fragments and it is difficult to scoop deeper than 5 cm below the surface.",https://www.lpi.usra.edu/lunar/samples/atlas/detail/?mission=Apollo%2011&sample=10084,,yes
cfls65,LS-CMP-065-F,"61221,119 45-90 um","61221,119",61221,61221,subsample_or_fraction,"RELAB material 61221,119 45-90 um linked only to Atlas parent page 61221; composition of this subsample, size fraction, mineral separate, or preparation is not implied",Do not transfer parent-sample composition without subsample-specific verification,,,,https://www.lpi.usra.edu/lunar/samples/atlas/detail/?mission=Apollo%2016&sample=61221,,yes
cfls66,LS-CMP-066-F,"64801,116 Fractions","64801,116",64801,64801,subsample_or_fraction,"RELAB material 64801,116 Fractions linked only to Atlas parent page 64801; composition of this subsample, size fraction, mineral separate, or preparation is not implied",Do not transfer parent-sample composition without subsample-specific verification,rake,soil,relatively mature soil with average grain size 80 microns,https://www.lpi.usra.edu/lunar/samples/atlas/detail/?mission=Apollo%2016&sample=64801,,yes
cfls67,LS-CMP-067-F,"67701,185 45-90 um","67701,185",67701,67701,subsample_or_fraction,"RELAB material 67701,185 45-90 um linked only to Atlas parent page 67701; composition of this subsample, size fraction, mineral separate, or preparation is not implied",Do not transfer parent-sample composition without subsample-specific verification,rake,soil,,https://www.lpi.usra.edu/lunar/samples/atlas/detail/?mission=Apollo%2016&sample=67701,,yes
cflu01,LU-CMP-001-F,"Lunar 24 soil 24085,9 250-1000 um",,,,non_apollo,RELAB identifies this as a non-Apollo lunar sample; Apollo Atlas matching is not applicable,Outside the Apollo Atlas crosswalk,,,,,,no
cflu02,LU-CMP-002-F,Luna 20 soil 2014 agglutinate-rich separate,,,,non_apollo,RELAB identifies this as a non-Apollo lunar sample; Apollo Atlas matching is not applicable,Outside the Apollo Atlas crosswalk,,,,,,no
cgls140,LS-BWD-140,62231.58 bulk 125-250 um,"62231,58",62231,62231,subsample_or_fraction,"RELAB material 62231.58 bulk 125-250 um linked only to Atlas parent page 62231; composition of this subsample, size fraction, mineral separate, or preparation is not implied",Do not transfer parent-sample composition without subsample-specific verification,rake,soil,,https://www.lpi.usra.edu/lunar/samples/atlas/detail/?mission=Apollo%2016&sample=62231,,yes
cgls141,LS-BWD-141,62231.52 agglutinates 125-250 um (hand-picked),"62231,52",62231,62231,subsample_or_fraction,"RELAB material 62231.52 agglutinates 125-250 um (hand-picked) linked only to Atlas parent page 62231; composition of this subsample, size fraction, mineral separate, or preparation is not implied",Do not transfer parent-sample composition without subsample-specific verification,rake,soil,,https://www.lpi.usra.edu/lunar/samples/atlas/detail/?mission=Apollo%2016&sample=62231,,yes
cgls142,LS-BWD-142,15041 bulk 125-250 um,15041,15041,15041,subsample_or_fraction,"RELAB material 15041 bulk 125-250 um linked only to Atlas parent page 15041; composition of this subsample, size fraction, mineral separate, or preparation is not implied",Do not transfer parent-sample composition without subsample-specific verification,,,,https://www.lpi.usra.edu/lunar/samples/atlas/detail/?mission=Apollo%2015&sample=15041,,yes
cgls143,LS-BWD-143,15041 agglutinates 125-250 um (hand-picked),15041,15041,15041,subsample_or_fraction,"RELAB material 15041 agglutinates 125-250 um (hand-picked) linked only to Atlas parent page 15041; composition of this subsample, size fraction, mineral separate, or preparation is not implied",Do not transfer parent-sample composition without subsample-specific verification,,,,https://www.lpi.usra.edu/lunar/samples/atlas/detail/?mission=Apollo%2015&sample=15041,,yes
cgls151,LS-BWD-151,62231.58 agglutinates 125-250 um (magnetically-separated and hand-picked),"62231,58",62231,62231,subsample_or_fraction,"RELAB material 62231.58 agglutinates 125-250 um (magnetically-separated and hand-picked) linked only to Atlas parent page 62231; composition of this subsample, size fraction, mineral separate, or preparation is not implied",Do not transfer parent-sample composition without subsample-specific verification,rake,soil,,https://www.lpi.usra.edu/lunar/samples/atlas/detail/?mission=Apollo%2016&sample=62231,,yes
cgls158,LS-BWD-158,15041 low-agglutinate remnant 125-250 um,15041,15041,15041,subsample_or_fraction,"RELAB material 15041 low-agglutinate remnant 125-250 um linked only to Atlas parent page 15041; composition of this subsample, size fraction, mineral separate, or preparation is not implied",Do not transfer parent-sample composition without subsample-specific verification,,,,https://www.lpi.usra.edu/lunar/samples/atlas/detail/?mission=Apollo%2015&sample=15041,,yes
cgls159,LS-BWD-159,62231.58 low-agglutinate remnant 125-250 um,"62231,58",62231,62231,subsample_or_fraction,"RELAB material 62231.58 low-agglutinate remnant 125-250 um linked only to Atlas parent page 62231; composition of this subsample, size fraction, mineral separate, or preparation is not implied",Do not transfer parent-sample composition without subsample-specific verification,rake,soil,,https://www.lpi.usra.edu/lunar/samples/atlas/detail/?mission=Apollo%2016&sample=62231,,yes
cgls161,LS-BWD-161,15041 agglutinates 125-250 um (magnetically-separated),15041,15041,15041,subsample_or_fraction,"RELAB material 15041 agglutinates 125-250 um (magnetically-separated) linked only to Atlas parent page 15041; composition of this subsample, size fraction, mineral separate, or preparation is not implied",Do not transfer parent-sample composition without subsample-specific verification,,,,https://www.lpi.usra.edu/lunar/samples/atlas/detail/?mission=Apollo%2015&sample=15041,,yes
cgls66,LS-CMP-066-G,"64801,116 Fractions","64801,116",64801,64801,subsample_or_fraction,"RELAB material 64801,116 Fractions linked only to Atlas parent page 64801; composition of this subsample, size fraction, mineral separate, or preparation is not implied",Do not transfer parent-sample composition without subsample-specific verification,rake,soil,relatively mature soil with average grain size 80 microns,https://www.lpi.usra.edu/lunar/samples/atlas/detail/?mission=Apollo%2016&sample=64801,,yes
cgls67,LS-CMP-067-G,"67701,186 20-45 um","67701,186",67701,67701,subsample_or_fraction,"RELAB material 67701,186 20-45 um linked only to Atlas parent page 67701; composition of this subsample, size fraction, mineral separate, or preparation is not implied",Do not transfer parent-sample composition without subsample-specific verification,rake,soil,,https://www.lpi.usra.edu/lunar/samples/atlas/detail/?mission=Apollo%2016&sample=67701,,yes
cglu02,LU-CMP-002-G,Luna 20 soil 2014 agglutinate-free separate,,,,non_apollo,RELAB identifies this as a non-Apollo lunar sample; Apollo Atlas matching is not applicable,Outside the Apollo Atlas crosswalk,,,,,,no
chls140,LS-BWD-140,62231.58 bulk 125-250 um,"62231,58",62231,62231,subsample_or_fraction,"RELAB material 62231.58 bulk 125-250 um linked only to Atlas parent page 62231; composition of this subsample, size fraction, mineral separate, or preparation is not implied",Do not transfer parent-sample composition without subsample-specific verification,rake,soil,,https://www.lpi.usra.edu/lunar/samples/atlas/detail/?mission=Apollo%2016&sample=62231,,yes
chls141,LS-BWD-141,62231.52 agglutinates 125-250 um (hand-picked),"62231,52",62231,62231,subsample_or_fraction,"RELAB material 62231.52 agglutinates 125-250 um (hand-picked) linked only to Atlas parent page 62231; composition of this subsample, size fraction, mineral separate, or preparation is not implied",Do not transfer parent-sample composition without subsample-specific verification,rake,soil,,https://www.lpi.usra.edu/lunar/samples/atlas/detail/?mission=Apollo%2016&sample=62231,,yes
chls142,LS-BWD-142,15041 bulk 125-250 um,15041,15041,15041,subsample_or_fraction,"RELAB material 15041 bulk 125-250 um linked only to Atlas parent page 15041; composition of this subsample, size fraction, mineral separate, or preparation is not implied",Do not transfer parent-sample composition without subsample-specific verification,,,,https://www.lpi.usra.edu/lunar/samples/atlas/detail/?mission=Apollo%2015&sample=15041,,yes
chls143,LS-BWD-143,15041 agglutinates 125-250 um (hand-picked),15041,15041,15041,subsample_or_fraction,"RELAB material 15041 agglutinates 125-250 um (hand-picked) linked only to Atlas parent page 15041; composition of this subsample, size fraction, mineral separate, or preparation is not implied",Do not transfer parent-sample composition without subsample-specific verification,,,,https://www.lpi.usra.edu/lunar/samples/atlas/detail/?mission=Apollo%2015&sample=15041,,yes
chls151,LS-BWD-151,62231.58 agglutinates 125-250 um (magnetically-separated and hand-picked),"62231,58",62231,62231,subsample_or_fraction,"RELAB material 62231.58 agglutinates 125-250 um (magnetically-separated and hand-picked) linked only to Atlas parent page 62231; composition of this subsample, size fraction, mineral separate, or preparation is not implied",Do not transfer parent-sample composition without subsample-specific verification,rake,soil,,https://www.lpi.usra.edu/lunar/samples/atlas/detail/?mission=Apollo%2016&sample=62231,,yes
chls158,LS-BWD-158,15041 low-agglutinate remnant 125-250 um,15041,15041,15041,subsample_or_fraction,"RELAB material 15041 low-agglutinate remnant 125-250 um linked only to Atlas parent page 15041; composition of this subsample, size fraction, mineral separate, or preparation is not implied",Do not transfer parent-sample composition without subsample-specific verification,,,,https://www.lpi.usra.edu/lunar/samples/atlas/detail/?mission=Apollo%2015&sample=15041,,yes
chls159,LS-BWD-159,62231.58 low-agglutinate remnant 125-250 um,"62231,58",62231,62231,subsample_or_fraction,"RELAB material 62231.58 low-agglutinate remnant 125-250 um linked only to Atlas parent page 62231; composition of this subsample, size fraction, mineral separate, or preparation is not implied",Do not transfer parent-sample composition without subsample-specific verification,rake,soil,,https://www.lpi.usra.edu/lunar/samples/atlas/detail/?mission=Apollo%2016&sample=62231,,yes
chls161,LS-BWD-161,15041 agglutinates 125-250 um (magnetically-separated),15041,15041,15041,subsample_or_fraction,"RELAB material 15041 agglutinates 125-250 um (magnetically-separated) linked only to Atlas parent page 15041; composition of this subsample, size fraction, mineral separate, or preparation is not implied",Do not transfer parent-sample composition without subsample-specific verification,,,,https://www.lpi.usra.edu/lunar/samples/atlas/detail/?mission=Apollo%2015&sample=15041,,yes
chls66,LS-CMP-066-H,"64801,116 Fractions","64801,116",64801,64801,subsample_or_fraction,"RELAB material 64801,116 Fractions linked only to Atlas parent page 64801; composition of this subsample, size fraction, mineral separate, or preparation is not implied",Do not transfer parent-sample composition without subsample-specific verification,rake,soil,relatively mature soil with average grain size 80 microns,https://www.lpi.usra.edu/lunar/samples/atlas/detail/?mission=Apollo%2016&sample=64801,,yes
chls67,LS-CMP-067-H,"67701,199 <20 um","67701,199",67701,67701,subsample_or_fraction,"RELAB material 67701,199 <20 um linked only to Atlas parent page 67701; composition of this subsample, size fraction, mineral separate, or preparation is not implied",Do not transfer parent-sample composition without subsample-specific verification,rake,soil,,https://www.lpi.usra.edu/lunar/samples/atlas/detail/?mission=Apollo%2016&sample=67701,,yes
chls68,LS-CMP-068-H,"67461,123 <20 um","67461,123",67461,67461,subsample_or_fraction,"RELAB material 67461,123 <20 um linked only to Atlas parent page 67461; composition of this subsample, size fraction, mineral separate, or preparation is not implied",Do not transfer parent-sample composition without subsample-specific verification,,soil,"chosen as a ""reference soil"" for the ""lunar highland initiative"" and is not greatly different from other soil samples from North Ray Crater",https://www.lpi.usra.edu/lunar/samples/atlas/detail/?mission=Apollo%2016&sample=67461,,yes
cils140,LS-BWD-140,62231.58 bulk 125-250 um,"62231,58",62231,62231,subsample_or_fraction,"RELAB material 62231.58 bulk 125-250 um linked only to Atlas parent page 62231; composition of this subsample, size fraction, mineral separate, or preparation is not implied",Do not transfer parent-sample composition without subsample-specific verification,rake,soil,,https://www.lpi.usra.edu/lunar/samples/atlas/detail/?mission=Apollo%2016&sample=62231,,yes
cils141,LS-BWD-141,62231.52 agglutinates 125-250 um (hand-picked),"62231,52",62231,62231,subsample_or_fraction,"RELAB material 62231.52 agglutinates 125-250 um (hand-picked) linked only to Atlas parent page 62231; composition of this subsample, size fraction, mineral separate, or preparation is not implied",Do not transfer parent-sample composition without subsample-specific verification,rake,soil,,https://www.lpi.usra.edu/lunar/samples/atlas/detail/?mission=Apollo%2016&sample=62231,,yes
cils142,LS-BWD-142,15041 bulk 125-250 um,15041,15041,15041,subsample_or_fraction,"RELAB material 15041 bulk 125-250 um linked only to Atlas parent page 15041; composition of this subsample, size fraction, mineral separate, or preparation is not implied",Do not transfer parent-sample composition without subsample-specific verification,,,,https://www.lpi.usra.edu/lunar/samples/atlas/detail/?mission=Apollo%2015&sample=15041,,yes
cils143,LS-BWD-143,15041 agglutinates 125-250 um (hand-picked),15041,15041,15041,subsample_or_fraction,"RELAB material 15041 agglutinates 125-250 um (hand-picked) linked only to Atlas parent page 15041; composition of this subsample, size fraction, mineral separate, or preparation is not implied",Do not transfer parent-sample composition without subsample-specific verification,,,,https://www.lpi.usra.edu/lunar/samples/atlas/detail/?mission=Apollo%2015&sample=15041,,yes
cils151,LS-BWD-151,62231.58 agglutinates 125-250 um (magnetically-separated and hand-picked),"62231,58",62231,62231,subsample_or_fraction,"RELAB material 62231.58 agglutinates 125-250 um (magnetically-separated and hand-picked) linked only to Atlas parent page 62231; composition of this subsample, size fraction, mineral separate, or preparation is not implied",Do not transfer parent-sample composition without subsample-specific verification,rake,soil,,https://www.lpi.usra.edu/lunar/samples/atlas/detail/?mission=Apollo%2016&sample=62231,,yes
cils158,LS-BWD-158,15041 low-agglutinate remnant 125-250 um,15041,15041,15041,subsample_or_fraction,"RELAB material 15041 low-agglutinate remnant 125-250 um linked only to Atlas parent page 15041; composition of this subsample, size fraction, mineral separate, or preparation is not implied",Do not transfer parent-sample composition without subsample-specific verification,,,,https://www.lpi.usra.edu/lunar/samples/atlas/detail/?mission=Apollo%2015&sample=15041,,yes
cils159,LS-BWD-159,62231.58 low-agglutinate remnant 125-250 um,"62231,58",62231,62231,subsample_or_fraction,"RELAB material 62231.58 low-agglutinate remnant 125-250 um linked only to Atlas parent page 62231; composition of this subsample, size fraction, mineral separate, or preparation is not implied",Do not transfer parent-sample composition without subsample-specific verification,rake,soil,,https://www.lpi.usra.edu/lunar/samples/atlas/detail/?mission=Apollo%2016&sample=62231,,yes
cils161,LS-BWD-161,15041 agglutinates 125-250 um (magnetically-separated),15041,15041,15041,subsample_or_fraction,"RELAB material 15041 agglutinates 125-250 um (magnetically-separated) linked only to Atlas parent page 15041; composition of this subsample, size fraction, mineral separate, or preparation is not implied",Do not transfer parent-sample composition without subsample-specific verification,,,,https://www.lpi.usra.edu/lunar/samples/atlas/detail/?mission=Apollo%2015&sample=15041,,yes
cils65,LS-CMP-065-I,"61221,127 10-20 um","61221,127",61221,61221,subsample_or_fraction,"RELAB material 61221,127 10-20 um linked only to Atlas parent page 61221; composition of this subsample, size fraction, mineral separate, or preparation is not implied",Do not transfer parent-sample composition without subsample-specific verification,,,,https://www.lpi.usra.edu/lunar/samples/atlas/detail/?mission=Apollo%2016&sample=61221,,yes
cils66,LS-CMP-066-I,"64801,116 Fractions","64801,116",64801,64801,subsample_or_fraction,"RELAB material 64801,116 Fractions linked only to Atlas parent page 64801; composition of this subsample, size fraction, mineral separate, or preparation is not implied",Do not transfer parent-sample composition without subsample-specific verification,rake,soil,relatively mature soil with average grain size 80 microns,https://www.lpi.usra.edu/lunar/samples/atlas/detail/?mission=Apollo%2016&sample=64801,,yes
cils67,LS-CMP-067-I,"67701,200 10-20 um","67701,200",67701,67701,subsample_or_fraction,"RELAB material 67701,200 10-20 um linked only to Atlas parent page 67701; composition of this subsample, size fraction, mineral separate, or preparation is not implied",Do not transfer parent-sample composition without subsample-specific verification,rake,soil,,https://www.lpi.usra.edu/lunar/samples/atlas/detail/?mission=Apollo%2016&sample=67701,,yes
cjls140,LS-BWD-140,62231.58 bulk 125-250 um,"62231,58",62231,62231,subsample_or_fraction,"RELAB material 62231.58 bulk 125-250 um linked only to Atlas parent page 62231; composition of this subsample, size fraction, mineral separate, or preparation is not implied",Do not transfer parent-sample composition without subsample-specific verification,rake,soil,,https://www.lpi.usra.edu/lunar/samples/atlas/detail/?mission=Apollo%2016&sample=62231,,yes
cjls141,LS-BWD-141,62231.52 agglutinates 125-250 um (hand-picked),"62231,52",62231,62231,subsample_or_fraction,"RELAB material 62231.52 agglutinates 125-250 um (hand-picked) linked only to Atlas parent page 62231; composition of this subsample, size fraction, mineral separate, or preparation is not implied",Do not transfer parent-sample composition without subsample-specific verification,rake,soil,,https://www.lpi.usra.edu/lunar/samples/atlas/detail/?mission=Apollo%2016&sample=62231,,yes
cjls142,LS-BWD-142,15041 bulk 125-250 um,15041,15041,15041,subsample_or_fraction,"RELAB material 15041 bulk 125-250 um linked only to Atlas parent page 15041; composition of this subsample, size fraction, mineral separate, or preparation is not implied",Do not transfer parent-sample composition without subsample-specific verification,,,,https://www.lpi.usra.edu/lunar/samples/atlas/detail/?mission=Apollo%2015&sample=15041,,yes
cjls143,LS-BWD-143,15041 agglutinates 125-250 um (hand-picked),15041,15041,15041,subsample_or_fraction,"RELAB material 15041 agglutinates 125-250 um (hand-picked) linked only to Atlas parent page 15041; composition of this subsample, size fraction, mineral separate, or preparation is not implied",Do not transfer parent-sample composition without subsample-specific verification,,,,https://www.lpi.usra.edu/lunar/samples/atlas/detail/?mission=Apollo%2015&sample=15041,,yes
cjls151,LS-BWD-151,62231.58 agglutinates 125-250 um (magnetically-separated and hand-picked),"62231,58",62231,62231,subsample_or_fraction,"RELAB material 62231.58 agglutinates 125-250 um (magnetically-separated and hand-picked) linked only to Atlas parent page 62231; composition of this subsample, size fraction, mineral separate, or preparation is not implied",Do not transfer parent-sample composition without subsample-specific verification,rake,soil,,https://www.lpi.usra.edu/lunar/samples/atlas/detail/?mission=Apollo%2016&sample=62231,,yes
cjls158,LS-BWD-158,15041 low-agglutinate remnant 125-250 um,15041,15041,15041,subsample_or_fraction,"RELAB material 15041 low-agglutinate remnant 125-250 um linked only to Atlas parent page 15041; composition of this subsample, size fraction, mineral separate, or preparation is not implied",Do not transfer parent-sample composition without subsample-specific verification,,,,https://www.lpi.usra.edu/lunar/samples/atlas/detail/?mission=Apollo%2015&sample=15041,,yes
cjls159,LS-BWD-159,62231.58 low-agglutinate remnant 125-250 um,"62231,58",62231,62231,subsample_or_fraction,"RELAB material 62231.58 low-agglutinate remnant 125-250 um linked only to Atlas parent page 62231; composition of this subsample, size fraction, mineral separate, or preparation is not implied",Do not transfer parent-sample composition without subsample-specific verification,rake,soil,,https://www.lpi.usra.edu/lunar/samples/atlas/detail/?mission=Apollo%2016&sample=62231,,yes
cjls161,LS-BWD-161,15041 agglutinates 125-250 um (magnetically-separated),15041,15041,15041,subsample_or_fraction,"RELAB material 15041 agglutinates 125-250 um (magnetically-separated) linked only to Atlas parent page 15041; composition of this subsample, size fraction, mineral separate, or preparation is not implied",Do not transfer parent-sample composition without subsample-specific verification,,,,https://www.lpi.usra.edu/lunar/samples/atlas/detail/?mission=Apollo%2015&sample=15041,,yes
cjls49,LS-CMP-049-J,"10084,1780 <25 um (wet-sieved)","10084,1780",10084,10084,subsample_or_fraction,"RELAB material 10084,1780 <25 um (wet-sieved) linked only to Atlas parent page 10084; composition of this subsample, size fraction, mineral separate, or preparation is not implied",Do not transfer parent-sample composition without subsample-specific verification,soil-general,,"The contingency sample was taken in front of quad IV of the LM. The documented sample was collected 5 meters north of the LM, the bulk sample was collected in front of quad IV by pouring scoops of loose soil to fill the voids left between rock samples in the bulk sample container. 10084 is the bulk soil sample. Soil is fine grained and hard in this sample area. There are few fragments and it is difficult to scoop deeper than 5 cm below the surface.",https://www.lpi.usra.edu/lunar/samples/atlas/detail/?mission=Apollo%2011&sample=10084,,yes
cjls65,LS-CMP-065-J,"61221,128 <10 um","61221,128",61221,61221,subsample_or_fraction,"RELAB material 61221,128 <10 um linked only to Atlas parent page 61221; composition of this subsample, size fraction, mineral separate, or preparation is not implied",Do not transfer parent-sample composition without subsample-specific verification,,,,https://www.lpi.usra.edu/lunar/samples/atlas/detail/?mission=Apollo%2016&sample=61221,,yes
cjls66,LS-CMP-066-J,"64801,116 Fractions","64801,116",64801,64801,subsample_or_fraction,"RELAB material 64801,116 Fractions linked only to Atlas parent page 64801; composition of this subsample, size fraction, mineral separate, or preparation is not implied",Do not transfer parent-sample composition without subsample-specific verification,rake,soil,relatively mature soil with average grain size 80 microns,https://www.lpi.usra.edu/lunar/samples/atlas/detail/?mission=Apollo%2016&sample=64801,,yes
cjls67,LS-CMP-067-J,"67701,202 <10 um","67701,202",67701,67701,subsample_or_fraction,"RELAB material 67701,202 <10 um linked only to Atlas parent page 67701; composition of this subsample, size fraction, mineral separate, or preparation is not implied",Do not transfer parent-sample composition without subsample-specific verification,rake,soil,,https://www.lpi.usra.edu/lunar/samples/atlas/detail/?mission=Apollo%2016&sample=67701,,yes
ckls140,LS-BWD-140,62231.58 bulk 125-250 um,"62231,58",62231,62231,subsample_or_fraction,"RELAB material 62231.58 bulk 125-250 um linked only to Atlas parent page 62231; composition of this subsample, size fraction, mineral separate, or preparation is not implied",Do not transfer parent-sample composition without subsample-specific verification,rake,soil,,https://www.lpi.usra.edu/lunar/samples/atlas/detail/?mission=Apollo%2016&sample=62231,,yes
ckls141,LS-BWD-141,62231.52 agglutinates 125-250 um (hand-picked),"62231,52",62231,62231,subsample_or_fraction,"RELAB material 62231.52 agglutinates 125-250 um (hand-picked) linked only to Atlas parent page 62231; composition of this subsample, size fraction, mineral separate, or preparation is not implied",Do not transfer parent-sample composition without subsample-specific verification,rake,soil,,https://www.lpi.usra.edu/lunar/samples/atlas/detail/?mission=Apollo%2016&sample=62231,,yes
ckls142,LS-BWD-142,15041 bulk 125-250 um,15041,15041,15041,subsample_or_fraction,"RELAB material 15041 bulk 125-250 um linked only to Atlas parent page 15041; composition of this subsample, size fraction, mineral separate, or preparation is not implied",Do not transfer parent-sample composition without subsample-specific verification,,,,https://www.lpi.usra.edu/lunar/samples/atlas/detail/?mission=Apollo%2015&sample=15041,,yes
ckls143,LS-BWD-143,15041 agglutinates 125-250 um (hand-picked),15041,15041,15041,subsample_or_fraction,"RELAB material 15041 agglutinates 125-250 um (hand-picked) linked only to Atlas parent page 15041; composition of this subsample, size fraction, mineral separate, or preparation is not implied",Do not transfer parent-sample composition without subsample-specific verification,,,,https://www.lpi.usra.edu/lunar/samples/atlas/detail/?mission=Apollo%2015&sample=15041,,yes
clls08,LS-CMP-008-MR,"60019,215 E2","60019,215",60019,60019,subsample_or_fraction,"RELAB material 60019,215 E2 linked only to Atlas parent page 60019; composition of this subsample, size fraction, mineral separate, or preparation is not implied",Do not transfer parent-sample composition without subsample-specific verification,rock,breccia,"coherent, medium-gray glassy breccia containing several large, light colored clasts",https://www.lpi.usra.edu/lunar/samples/atlas/detail/?mission=Apollo%2016&sample=60019,,yes
cls30k,LS-CMP-030,"62231,14","62231,14",62231,62231,subsample_or_fraction,"RELAB material 62231,14 linked only to Atlas parent page 62231; composition of this subsample, size fraction, mineral separate, or preparation is not implied",Do not transfer parent-sample composition without subsample-specific verification,rake,soil,,https://www.lpi.usra.edu/lunar/samples/atlas/detail/?mission=Apollo%2016&sample=62231,,yes
cls30y,LS-CMP-030,"62231,14","62231,14",62231,62231,subsample_or_fraction,"RELAB material 62231,14 linked only to Atlas parent page 62231; composition of this subsample, size fraction, mineral separate, or preparation is not implied",Do not transfer parent-sample composition without subsample-specific verification,rake,soil,,https://www.lpi.usra.edu/lunar/samples/atlas/detail/?mission=Apollo%2016&sample=62231,,yes
cls31k,LS-CMP-031,"10084,255","10084,255",10084,10084,subsample_or_fraction,"RELAB material 10084,255 linked only to Atlas parent page 10084; composition of this subsample, size fraction, mineral separate, or preparation is not implied",Do not transfer parent-sample composition without subsample-specific verification,soil-general,,"The contingency sample was taken in front of quad IV of the LM. The documented sample was collected 5 meters north of the LM, the bulk sample was collected in front of quad IV by pouring scoops of loose soil to fill the voids left between rock samples in the bulk sample container. 10084 is the bulk soil sample. Soil is fine grained and hard in this sample area. There are few fragments and it is difficult to scoop deeper than 5 cm below the surface.",https://www.lpi.usra.edu/lunar/samples/atlas/detail/?mission=Apollo%2011&sample=10084,,yes
cls32k,LS-CMP-032,"12070,853","12070,853",12070,12070,subsample_or_fraction,"RELAB material 12070,853 linked only to Atlas parent page 12070; composition of this subsample, size fraction, mineral separate, or preparation is not implied",Do not transfer parent-sample composition without subsample-specific verification,,,,https://www.lpi.usra.edu/lunar/samples/atlas/detail/?mission=Apollo%2012&sample=12070,,yes
cls33k,LS-CMP-033,"14259,15","14259,15",14259,14259,subsample_or_fraction,"RELAB material 14259,15 linked only to Atlas parent page 14259; composition of this subsample, size fraction, mineral separate, or preparation is not implied",Do not transfer parent-sample composition without subsample-specific verification,,soil,"This scoop sample is part of the comprehensive sample collected 110 m WNW of LM along with 14165 through 14189, 14250 through 14289, 14298 through 14300, and 14420. All samples were collected from within a 4 m circle drawn by Astronaut Shepard. Astronaut Mitchell reports, ""The number of surface rocks, or rocks compared with the number of surface fines is very small Houston. There's a few boulders lying around and there's a few blocks around some of the craters, but by and large, it's a powdery surface.""",https://www.lpi.usra.edu/lunar/samples/atlas/detail/?mission=Apollo%2014&sample=14259,,yes
cls49d,LS-CMP-049-D,"10084,1780 45-250 um","10084,1780",10084,10084,subsample_or_fraction,"RELAB material 10084,1780 45-250 um linked only to Atlas parent page 10084; composition of this subsample, size fraction, mineral separate, or preparation is not implied",Do not transfer parent-sample composition without subsample-specific verification,soil-general,,"The contingency sample was taken in front of quad IV of the LM. The documented sample was collected 5 meters north of the LM, the bulk sample was collected in front of quad IV by pouring scoops of loose soil to fill the voids left between rock samples in the bulk sample container. 10084 is the bulk soil sample. Soil is fine grained and hard in this sample area. There are few fragments and it is difficult to scoop deeper than 5 cm below the surface.",https://www.lpi.usra.edu/lunar/samples/atlas/detail/?mission=Apollo%2011&sample=10084,,yes
cls49f,LS-CMP-049-F,"10084,1780 25-45 um","10084,1780",10084,10084,subsample_or_fraction,"RELAB material 10084,1780 25-45 um linked only to Atlas parent page 10084; composition of this subsample, size fraction, mineral separate, or preparation is not implied",Do not transfer parent-sample composition without subsample-specific verification,soil-general,,"The contingency sample was taken in front of quad IV of the LM. The documented sample was collected 5 meters north of the LM, the bulk sample was collected in front of quad IV by pouring scoops of loose soil to fill the voids left between rock samples in the bulk sample container. 10084 is the bulk soil sample. Soil is fine grained and hard in this sample area. There are few fragments and it is difficult to scoop deeper than 5 cm below the surface.",https://www.lpi.usra.edu/lunar/samples/atlas/detail/?mission=Apollo%2011&sample=10084,,yes
cls65j,LS-CMP-065-J,"61221,128 <10 um","61221,128",61221,61221,subsample_or_fraction,"RELAB material 61221,128 <10 um linked only to Atlas parent page 61221; composition of this subsample, size fraction, mineral separate, or preparation is not implied",Do not transfer parent-sample composition without subsample-specific verification,,,,https://www.lpi.usra.edu/lunar/samples/atlas/detail/?mission=Apollo%2016&sample=61221,,yes
cls66j,LS-CMP-066-J,"64801,116 Fractions","64801,116",64801,64801,subsample_or_fraction,"RELAB material 64801,116 Fractions linked only to Atlas parent page 64801; composition of this subsample, size fraction, mineral separate, or preparation is not implied",Do not transfer parent-sample composition without subsample-specific verification,rake,soil,relatively mature soil with average grain size 80 microns,https://www.lpi.usra.edu/lunar/samples/atlas/detail/?mission=Apollo%2016&sample=64801,,yes
cls66z,LS-CMP-066-J,"64801,116 Fractions","64801,116",64801,64801,subsample_or_fraction,"RELAB material 64801,116 Fractions linked only to Atlas parent page 64801; composition of this subsample, size fraction, mineral separate, or preparation is not implied",Do not transfer parent-sample composition without subsample-specific verification,rake,soil,relatively mature soil with average grain size 80 microns,https://www.lpi.usra.edu/lunar/samples/atlas/detail/?mission=Apollo%2016&sample=64801,,yes
clu03a,LU-CMP-003-A,"Luna 16 soil 1637,4 <45 um",,,,non_apollo,RELAB identifies this as a non-Apollo lunar sample; Apollo Atlas matching is not applicable,Outside the Apollo Atlas crosswalk,,,,,,no
clu03e,LU-CMP-003-E,"Luna 16 soil 1637,16 bulk",,,,non_apollo,RELAB identifies this as a non-Apollo lunar sample; Apollo Atlas matching is not applicable,Outside the Apollo Atlas crosswalk,,,,,,no
clu04a,LU-CMP-004-A,"24143,25",,,,non_apollo,RELAB identifies this as a non-Apollo lunar sample; Apollo Atlas matching is not applicable,Outside the Apollo Atlas crosswalk,,,,,,no
cmls18,LS-CMP-018,"73217,78","73217,78",73217,73217,subsample_or_fraction,"RELAB material 73217,78 linked only to Atlas parent page 73217; composition of this subsample, size fraction, mineral separate, or preparation is not implied",Do not transfer parent-sample composition without subsample-specific verification,rock,impact melt breccia,"Impact Melt Breccia, bulk groundmass may be the low-K Fra Mauro basalt composition common at the Apollo 17 landing site,",https://www.lpi.usra.edu/lunar/samples/atlas/detail/?mission=Apollo%2017&sample=73217,,yes
cmls28,LS-CMP-028,"76015,191","76015,191",76015,76015,subsample_or_fraction,"RELAB material 76015,191 linked only to Atlas parent page 76015; composition of this subsample, size fraction, mineral separate, or preparation is not implied",Do not transfer parent-sample composition without subsample-specific verification,rock,impact melt breccia,Vesicular Micropoikilitic Impact Melt Breccia; chipped off top corner of Block 5 of big boulder at Station 6; summarized by Spudis/Ryder (1981) that boulder is from the melt sheet or ejecta blanket from the Serenitatus impact event,https://www.lpi.usra.edu/lunar/samples/atlas/detail/?mission=Apollo%2017&sample=76015,,yes
cmls29,LS-CMP-029,"73155,53","73155,53",73155,73155,subsample_or_fraction,"RELAB material 73155,53 linked only to Atlas parent page 73155; composition of this subsample, size fraction, mineral separate, or preparation is not implied",Do not transfer parent-sample composition without subsample-specific verification,rock,impact melt breccia,"Impact Melt Breccia, medium dark gray (N4) in color, rather heterogeneous",https://www.lpi.usra.edu/lunar/samples/atlas/detail/?mission=Apollo%2017&sample=73155,,yes
cmls35,LS-CMP-035,"77075,141","77075,141",77075,77075,subsample_or_fraction,"RELAB material 77075,141 linked only to Atlas parent page 77075; composition of this subsample, size fraction, mineral separate, or preparation is not implied",Do not transfer parent-sample composition without subsample-specific verification,rock,norite,Impact Melt Dike in Cataclastic Norite,https://www.lpi.usra.edu/lunar/samples/atlas/detail/?mission=Apollo%2017&sample=77075,,yes
cmls39,LS-CMP-039,"72435,77","72435,77",72435,72435,subsample_or_fraction,"RELAB material 72435,77 linked only to Atlas parent page 72435; composition of this subsample, size fraction, mineral separate, or preparation is not implied",Do not transfer parent-sample composition without subsample-specific verification,rock,impact melt breccia,"Micropoikilitic Impact Melt Breccia, can be assumed to have formed during the Serenitatis event, has major and trace element chemistry similar to other Apollo 17 low-K Fra Mauro impacat melts",https://www.lpi.usra.edu/lunar/samples/atlas/detail/?mission=Apollo%2017&sample=72435,,yes
cmls77,LS-CMP-077,"76215,113","76215,113",76215,76215,subsample_or_fraction,"RELAB material 76215,113 linked only to Atlas parent page 76215; composition of this subsample, size fraction, mineral separate, or preparation is not implied",Do not transfer parent-sample composition without subsample-specific verification,rock,impact melt breccia,Vesicular Micropoikilitic Impact Melt Breccia,https://www.lpi.usra.edu/lunar/samples/atlas/detail/?mission=Apollo%2017&sample=76215,,yes
cmls79,LS-CMP-079,"76295,123","76295,123",76295,76295,subsample_or_fraction,"RELAB material 76295,123 linked only to Atlas parent page 76295; composition of this subsample, size fraction, mineral separate, or preparation is not implied",Do not transfer parent-sample composition without subsample-specific verification,rock,impact melt breccia,Impact Melt Breccia,https://www.lpi.usra.edu/lunar/samples/atlas/detail/?mission=Apollo%2017&sample=76295,,yes
cmls88,LS-CMP-088,"12032,354","12032,354",12032,12032,subsample_or_fraction,"RELAB material 12032,354 linked only to Atlas parent page 12032; composition of this subsample, size fraction, mineral separate, or preparation is not implied",Do not transfer parent-sample composition without subsample-specific verification,soil-general,,"Surface soil 12032, along with several rocks were collected from the north rim of Bench crater. It includes some light gray material from just below the surace. Soil collected with ""potato"" rock 12053.",https://www.lpi.usra.edu/lunar/samples/atlas/detail/?mission=Apollo%2012&sample=12032,,yes
cpls65,LS-CMP-065,"61221,115 500-1000 um with plagioclase grain at center","61221,115",61221,61221,subsample_or_fraction,"RELAB material 61221,115 500-1000 um with plagioclase grain at center linked only to Atlas parent page 61221; composition of this subsample, size fraction, mineral separate, or preparation is not implied",Do not transfer parent-sample composition without subsample-specific verification,,,,https://www.lpi.usra.edu/lunar/samples/atlas/detail/?mission=Apollo%2016&sample=61221,,yes
cqls65,LS-CMP-065,"61221,115 500-1000 um with plagioclase grain at center","61221,115",61221,61221,subsample_or_fraction,"RELAB material 61221,115 500-1000 um with plagioclase grain at center linked only to Atlas parent page 61221; composition of this subsample, size fraction, mineral separate, or preparation is not implied",Do not transfer parent-sample composition without subsample-specific verification,,,,https://www.lpi.usra.edu/lunar/samples/atlas/detail/?mission=Apollo%2016&sample=61221,,yes
crls65,LS-CMP-065-B,"61221,115 500-1000 um","61221,115",61221,61221,subsample_or_fraction,"RELAB material 61221,115 500-1000 um linked only to Atlas parent page 61221; composition of this subsample, size fraction, mineral separate, or preparation is not implied",Do not transfer parent-sample composition without subsample-specific verification,,,,https://www.lpi.usra.edu/lunar/samples/atlas/detail/?mission=Apollo%2016&sample=61221,,yes
csls151,LS-BWD-151,62231.58 agglutinates 125-250 um (magnetically-separated and hand-picked),"62231,58",62231,62231,subsample_or_fraction,"RELAB material 62231.58 agglutinates 125-250 um (magnetically-separated and hand-picked) linked only to Atlas parent page 62231; composition of this subsample, size fraction, mineral separate, or preparation is not implied",Do not transfer parent-sample composition without subsample-specific verification,rake,soil,,https://www.lpi.usra.edu/lunar/samples/atlas/detail/?mission=Apollo%2016&sample=62231,,yes
csls158,LS-BWD-158,15041 low-agglutinate remnant 125-250 um,15041,15041,15041,subsample_or_fraction,"RELAB material 15041 low-agglutinate remnant 125-250 um linked only to Atlas parent page 15041; composition of this subsample, size fraction, mineral separate, or preparation is not implied",Do not transfer parent-sample composition without subsample-specific verification,,,,https://www.lpi.usra.edu/lunar/samples/atlas/detail/?mission=Apollo%2015&sample=15041,,yes
csls159,LS-BWD-159,62231.58 low-agglutinate remnant 125-250 um,"62231,58",62231,62231,subsample_or_fraction,"RELAB material 62231.58 low-agglutinate remnant 125-250 um linked only to Atlas parent page 62231; composition of this subsample, size fraction, mineral separate, or preparation is not implied",Do not transfer parent-sample composition without subsample-specific verification,rake,soil,,https://www.lpi.usra.edu/lunar/samples/atlas/detail/?mission=Apollo%2016&sample=62231,,yes
csls161,LS-BWD-161,15041 agglutinates 125-250 um (magnetically-separated),15041,15041,15041,subsample_or_fraction,"RELAB material 15041 agglutinates 125-250 um (magnetically-separated) linked only to Atlas parent page 15041; composition of this subsample, size fraction, mineral separate, or preparation is not implied",Do not transfer parent-sample composition without subsample-specific verification,,,,https://www.lpi.usra.edu/lunar/samples/atlas/detail/?mission=Apollo%2015&sample=15041,,yes
csls65,LS-CMP-065-J,"61221,128 <10 um","61221,128",61221,61221,subsample_or_fraction,"RELAB material 61221,128 <10 um linked only to Atlas parent page 61221; composition of this subsample, size fraction, mineral separate, or preparation is not implied",Do not transfer parent-sample composition without subsample-specific verification,,,,https://www.lpi.usra.edu/lunar/samples/atlas/detail/?mission=Apollo%2016&sample=61221,,yes
cvls140,LS-BWD-140,62231.58 bulk 125-250 um,"62231,58",62231,62231,subsample_or_fraction,"RELAB material 62231.58 bulk 125-250 um linked only to Atlas parent page 62231; composition of this subsample, size fraction, mineral separate, or preparation is not implied",Do not transfer parent-sample composition without subsample-specific verification,rake,soil,,https://www.lpi.usra.edu/lunar/samples/atlas/detail/?mission=Apollo%2016&sample=62231,,yes
cvls141,LS-BWD-141,62231.52 agglutinates 125-250 um (hand-picked),"62231,52",62231,62231,subsample_or_fraction,"RELAB material 62231.52 agglutinates 125-250 um (hand-picked) linked only to Atlas parent page 62231; composition of this subsample, size fraction, mineral separate, or preparation is not implied",Do not transfer parent-sample composition without subsample-specific verification,rake,soil,,https://www.lpi.usra.edu/lunar/samples/atlas/detail/?mission=Apollo%2016&sample=62231,,yes
cvls145,LS-BWD-145,67461 bulk 125-250 um,67461,67461,67461,subsample_or_fraction,"RELAB material 67461 bulk 125-250 um linked only to Atlas parent page 67461; composition of this subsample, size fraction, mineral separate, or preparation is not implied",Do not transfer parent-sample composition without subsample-specific verification,,soil,"chosen as a ""reference soil"" for the ""lunar highland initiative"" and is not greatly different from other soil samples from North Ray Crater",https://www.lpi.usra.edu/lunar/samples/atlas/detail/?mission=Apollo%2016&sample=67461,,yes
cvls146,LS-BWD-146,14259 bulk 125-250 um,14259,14259,14259,subsample_or_fraction,"RELAB material 14259 bulk 125-250 um linked only to Atlas parent page 14259; composition of this subsample, size fraction, mineral separate, or preparation is not implied",Do not transfer parent-sample composition without subsample-specific verification,,soil,"This scoop sample is part of the comprehensive sample collected 110 m WNW of LM along with 14165 through 14189, 14250 through 14289, 14298 through 14300, and 14420. All samples were collected from within a 4 m circle drawn by Astronaut Shepard. Astronaut Mitchell reports, ""The number of surface rocks, or rocks compared with the number of surface fines is very small Houston. There's a few boulders lying around and there's a few blocks around some of the craters, but by and large, it's a powdery surface.""",https://www.lpi.usra.edu/lunar/samples/atlas/detail/?mission=Apollo%2014&sample=14259,,yes
cvls149,LS-BWD-149,79221 bulk 125-250 um,79221,79221,79221,subsample_or_fraction,"RELAB material 79221 bulk 125-250 um linked only to Atlas parent page 79221; composition of this subsample, size fraction, mineral separate, or preparation is not implied",Do not transfer parent-sample composition without subsample-specific verification,,,,https://www.lpi.usra.edu/lunar/samples/atlas/detail/?mission=Apollo%2017&sample=79221,,yes
cvls151,LS-BWD-151,62231.58 agglutinates 125-250 um (magnetically-separated and hand-picked),"62231,58",62231,62231,subsample_or_fraction,"RELAB material 62231.58 agglutinates 125-250 um (magnetically-separated and hand-picked) linked only to Atlas parent page 62231; composition of this subsample, size fraction, mineral separate, or preparation is not implied",Do not transfer parent-sample composition without subsample-specific verification,rake,soil,,https://www.lpi.usra.edu/lunar/samples/atlas/detail/?mission=Apollo%2016&sample=62231,,yes
cvls152,LS-BWD-152,79221 agglutinates 125-250 um (magnetically-separated and hand-picked),79221,79221,79221,subsample_or_fraction,"RELAB material 79221 agglutinates 125-250 um (magnetically-separated and hand-picked) linked only to Atlas parent page 79221; composition of this subsample, size fraction, mineral separate, or preparation is not implied",Do not transfer parent-sample composition without subsample-specific verification,,,,https://www.lpi.usra.edu/lunar/samples/atlas/detail/?mission=Apollo%2017&sample=79221,,yes
cvls153,LS-BWD-153,67461 agglutinates 125-250 um (magnetically-separated),67461,67461,67461,subsample_or_fraction,"RELAB material 67461 agglutinates 125-250 um (magnetically-separated) linked only to Atlas parent page 67461; composition of this subsample, size fraction, mineral separate, or preparation is not implied",Do not transfer parent-sample composition without subsample-specific verification,,soil,"chosen as a ""reference soil"" for the ""lunar highland initiative"" and is not greatly different from other soil samples from North Ray Crater",https://www.lpi.usra.edu/lunar/samples/atlas/detail/?mission=Apollo%2016&sample=67461,,yes
cvls156,LS-BWD-156,67461 low-agglutinate remnant 125-250 um,67461,67461,67461,subsample_or_fraction,"RELAB material 67461 low-agglutinate remnant 125-250 um linked only to Atlas parent page 67461; composition of this subsample, size fraction, mineral separate, or preparation is not implied",Do not transfer parent-sample composition without subsample-specific verification,,soil,"chosen as a ""reference soil"" for the ""lunar highland initiative"" and is not greatly different from other soil samples from North Ray Crater",https://www.lpi.usra.edu/lunar/samples/atlas/detail/?mission=Apollo%2016&sample=67461,,yes
cvls159,LS-BWD-159,62231.58 low-agglutinate remnant 125-250 um,"62231,58",62231,62231,subsample_or_fraction,"RELAB material 62231.58 low-agglutinate remnant 125-250 um linked only to Atlas parent page 62231; composition of this subsample, size fraction, mineral separate, or preparation is not implied",Do not transfer parent-sample composition without subsample-specific verification,rake,soil,,https://www.lpi.usra.edu/lunar/samples/atlas/detail/?mission=Apollo%2016&sample=62231,,yes
cvls160,LS-BWD-160,14259 agglutinates 125-250 um (magnetically-separated),14259,14259,14259,subsample_or_fraction,"RELAB material 14259 agglutinates 125-250 um (magnetically-separated) linked only to Atlas parent page 14259; composition of this subsample, size fraction, mineral separate, or preparation is not implied",Do not transfer parent-sample composition without subsample-specific verification,,soil,"This scoop sample is part of the comprehensive sample collected 110 m WNW of LM along with 14165 through 14189, 14250 through 14289, 14298 through 14300, and 14420. All samples were collected from within a 4 m circle drawn by Astronaut Shepard. Astronaut Mitchell reports, ""The number of surface rocks, or rocks compared with the number of surface fines is very small Houston. There's a few boulders lying around and there's a few blocks around some of the craters, but by and large, it's a powdery surface.""",https://www.lpi.usra.edu/lunar/samples/atlas/detail/?mission=Apollo%2014&sample=14259,,yes
cwls141,LS-BWD-141,62231.52 agglutinates 125-250 um (hand-picked),"62231,52",62231,62231,subsample_or_fraction,"RELAB material 62231.52 agglutinates 125-250 um (hand-picked) linked only to Atlas parent page 62231; composition of this subsample, size fraction, mineral separate, or preparation is not implied",Do not transfer parent-sample composition without subsample-specific verification,rake,soil,,https://www.lpi.usra.edu/lunar/samples/atlas/detail/?mission=Apollo%2016&sample=62231,,yes
cwls151,LS-BWD-151,62231.58 agglutinates 125-250 um (magnetically-separated and hand-picked),"62231,58",62231,62231,subsample_or_fraction,"RELAB material 62231.58 agglutinates 125-250 um (magnetically-separated and hand-picked) linked only to Atlas parent page 62231; composition of this subsample, size fraction, mineral separate, or preparation is not implied",Do not transfer parent-sample composition without subsample-specific verification,rake,soil,,https://www.lpi.usra.edu/lunar/samples/atlas/detail/?mission=Apollo%2016&sample=62231,,yes
cwls90,LS-CMP-090,"67936,29","67936,29",67936,67936,subsample_or_fraction,"RELAB material 67936,29 linked only to Atlas parent page 67936; composition of this subsample, size fraction, mineral separate, or preparation is not implied",Do not transfer parent-sample composition without subsample-specific verification,rock,basalt,"thin veins of black glass, texture of fine-grained subophitic basalt",https://www.lpi.usra.edu/lunar/samples/atlas/detail/?mission=Apollo%2016&sample=67936,,yes
czls28,LS-CMP-028,"76015,191","76015,191",76015,76015,subsample_or_fraction,"RELAB material 76015,191 linked only to Atlas parent page 76015; composition of this subsample, size fraction, mineral separate, or preparation is not implied",Do not transfer parent-sample composition without subsample-specific verification,rock,impact melt breccia,Vesicular Micropoikilitic Impact Melt Breccia; chipped off top corner of Block 5 of big boulder at Station 6; summarized by Spudis/Ryder (1981) that boulder is from the melt sheet or ejecta blanket from the Serenitatus impact event,https://www.lpi.usra.edu/lunar/samples/atlas/detail/?mission=Apollo%2017&sample=76015,,yes
k1ls142,LS-BWD-142,15041 bulk 125-250 um,15041,15041,15041,subsample_or_fraction,"RELAB material 15041 bulk 125-250 um linked only to Atlas parent page 15041; composition of this subsample, size fraction, mineral separate, or preparation is not implied",Do not transfer parent-sample composition without subsample-specific verification,,,,https://www.lpi.usra.edu/lunar/samples/atlas/detail/?mission=Apollo%2015&sample=15041,,yes
k1ls143,LS-BWD-143,15041 agglutinates 125-250 um (hand-picked),15041,15041,15041,subsample_or_fraction,"RELAB material 15041 agglutinates 125-250 um (hand-picked) linked only to Atlas parent page 15041; composition of this subsample, size fraction, mineral separate, or preparation is not implied",Do not transfer parent-sample composition without subsample-specific verification,,,,https://www.lpi.usra.edu/lunar/samples/atlas/detail/?mission=Apollo%2015&sample=15041,,yes
k1ls144,LS-BWD-144,61141 bulk 125-250 um,61141,61141,61141,subsample_or_fraction,"RELAB material 61141 bulk 125-250 um linked only to Atlas parent page 61141; composition of this subsample, size fraction, mineral separate, or preparation is not implied",Do not transfer parent-sample composition without subsample-specific verification,,,,https://www.lpi.usra.edu/lunar/samples/atlas/detail/?mission=Apollo%2016&sample=61141,,yes
k1ls145,LS-BWD-145,67461 bulk 125-250 um,67461,67461,67461,subsample_or_fraction,"RELAB material 67461 bulk 125-250 um linked only to Atlas parent page 67461; composition of this subsample, size fraction, mineral separate, or preparation is not implied",Do not transfer parent-sample composition without subsample-specific verification,,soil,"chosen as a ""reference soil"" for the ""lunar highland initiative"" and is not greatly different from other soil samples from North Ray Crater",https://www.lpi.usra.edu/lunar/samples/atlas/detail/?mission=Apollo%2016&sample=67461,,yes
k1ls146,LS-BWD-146,14259 bulk 125-250 um,14259,14259,14259,subsample_or_fraction,"RELAB material 14259 bulk 125-250 um linked only to Atlas parent page 14259; composition of this subsample, size fraction, mineral separate, or preparation is not implied",Do not transfer parent-sample composition without subsample-specific verification,,soil,"This scoop sample is part of the comprehensive sample collected 110 m WNW of LM along with 14165 through 14189, 14250 through 14289, 14298 through 14300, and 14420. All samples were collected from within a 4 m circle drawn by Astronaut Shepard. Astronaut Mitchell reports, ""The number of surface rocks, or rocks compared with the number of surface fines is very small Houston. There's a few boulders lying around and there's a few blocks around some of the craters, but by and large, it's a powdery surface.""",https://www.lpi.usra.edu/lunar/samples/atlas/detail/?mission=Apollo%2014&sample=14259,,yes
k1ls147,LS-BWD-147,14259 agglutinates 125-250 um (hand-picked),14259,14259,14259,subsample_or_fraction,"RELAB material 14259 agglutinates 125-250 um (hand-picked) linked only to Atlas parent page 14259; composition of this subsample, size fraction, mineral separate, or preparation is not implied",Do not transfer parent-sample composition without subsample-specific verification,,soil,"This scoop sample is part of the comprehensive sample collected 110 m WNW of LM along with 14165 through 14189, 14250 through 14289, 14298 through 14300, and 14420. All samples were collected from within a 4 m circle drawn by Astronaut Shepard. Astronaut Mitchell reports, ""The number of surface rocks, or rocks compared with the number of surface fines is very small Houston. There's a few boulders lying around and there's a few blocks around some of the craters, but by and large, it's a powdery surface.""",https://www.lpi.usra.edu/lunar/samples/atlas/detail/?mission=Apollo%2014&sample=14259,,yes
k1ls148,LS-BWD-148,62231.52 low agglutinates remnant 125-250 um,"62231,52",62231,62231,subsample_or_fraction,"RELAB material 62231.52 low agglutinates remnant 125-250 um linked only to Atlas parent page 62231; composition of this subsample, size fraction, mineral separate, or preparation is not implied",Do not transfer parent-sample composition without subsample-specific verification,rake,soil,,https://www.lpi.usra.edu/lunar/samples/atlas/detail/?mission=Apollo%2016&sample=62231,,yes
k1ls149,LS-BWD-149,79221 bulk 125-250 um,79221,79221,79221,subsample_or_fraction,"RELAB material 79221 bulk 125-250 um linked only to Atlas parent page 79221; composition of this subsample, size fraction, mineral separate, or preparation is not implied",Do not transfer parent-sample composition without subsample-specific verification,,,,https://www.lpi.usra.edu/lunar/samples/atlas/detail/?mission=Apollo%2017&sample=79221,,yes
kalr33,LR-CMP-033,"10068,139","10068,139",10068,10068,subsample_or_fraction,"RELAB material 10068,139 linked only to Atlas parent page 10068; composition of this subsample, size fraction, mineral separate, or preparation is not implied",Do not transfer parent-sample composition without subsample-specific verification,,breccia,,https://www.lpi.usra.edu/lunar/samples/atlas/detail/?mission=Apollo%2011&sample=10068,,yes
kalr34,LR-CMP-034,"10068,140","10068,140",10068,10068,subsample_or_fraction,"RELAB material 10068,140 linked only to Atlas parent page 10068; composition of this subsample, size fraction, mineral separate, or preparation is not implied",Do not transfer parent-sample composition without subsample-specific verification,,breccia,,https://www.lpi.usra.edu/lunar/samples/atlas/detail/?mission=Apollo%2011&sample=10068,,yes
kalr35,LR-CMP-035,"10068,141","10068,141",10068,10068,subsample_or_fraction,"RELAB material 10068,141 linked only to Atlas parent page 10068; composition of this subsample, size fraction, mineral separate, or preparation is not implied",Do not transfer parent-sample composition without subsample-specific verification,,breccia,,https://www.lpi.usra.edu/lunar/samples/atlas/detail/?mission=Apollo%2011&sample=10068,,yes
kalr36,LR-CMP-036,"10068,142","10068,142",10068,10068,subsample_or_fraction,"RELAB material 10068,142 linked only to Atlas parent page 10068; composition of this subsample, size fraction, mineral separate, or preparation is not implied",Do not transfer parent-sample composition without subsample-specific verification,,breccia,,https://www.lpi.usra.edu/lunar/samples/atlas/detail/?mission=Apollo%2011&sample=10068,,yes
kalr37,LR-CMP-037,"10068,143","10068,143",10068,10068,subsample_or_fraction,"RELAB material 10068,143 linked only to Atlas parent page 10068; composition of this subsample, size fraction, mineral separate, or preparation is not implied",Do not transfer parent-sample composition without subsample-specific verification,,breccia,,https://www.lpi.usra.edu/lunar/samples/atlas/detail/?mission=Apollo%2011&sample=10068,,yes
kalr42,LR-CMP-042,"68501,601","68501,601",68501,68501,subsample_or_fraction,"RELAB material 68501,601 linked only to Atlas parent page 68501; composition of this subsample, size fraction, mineral separate, or preparation is not implied",Do not transfer parent-sample composition without subsample-specific verification,rake,soil,,https://www.lpi.usra.edu/lunar/samples/atlas/detail/?mission=Apollo%2016&sample=68501,,yes
kalr43,LR-CMP-043,"68501,601","68501,601",68501,68501,subsample_or_fraction,"RELAB material 68501,601 linked only to Atlas parent page 68501; composition of this subsample, size fraction, mineral separate, or preparation is not implied",Do not transfer parent-sample composition without subsample-specific verification,rake,soil,,https://www.lpi.usra.edu/lunar/samples/atlas/detail/?mission=Apollo%2016&sample=68501,,yes
kalr44,LR-CMP-044,"68501,601","68501,601",68501,68501,subsample_or_fraction,"RELAB material 68501,601 linked only to Atlas parent page 68501; composition of this subsample, size fraction, mineral separate, or preparation is not implied",Do not transfer parent-sample composition without subsample-specific verification,rake,soil,,https://www.lpi.usra.edu/lunar/samples/atlas/detail/?mission=Apollo%2016&sample=68501,,yes
kals140,LS-BWD-140,62231.58 bulk 125-250 um,"62231,58",62231,62231,subsample_or_fraction,"RELAB material 62231.58 bulk 125-250 um linked only to Atlas parent page 62231; composition of this subsample, size fraction, mineral separate, or preparation is not implied",Do not transfer parent-sample composition without subsample-specific verification,rake,soil,,https://www.lpi.usra.edu/lunar/samples/atlas/detail/?mission=Apollo%2016&sample=62231,,yes
kals141,LS-BWD-141,62231.52 agglutinates 125-250 um (hand-picked),"62231,52",62231,62231,subsample_or_fraction,"RELAB material 62231.52 agglutinates 125-250 um (hand-picked) linked only to Atlas parent page 62231; composition of this subsample, size fraction, mineral separate, or preparation is not implied",Do not transfer parent-sample composition without subsample-specific verification,rake,soil,,https://www.lpi.usra.edu/lunar/samples/atlas/detail/?mission=Apollo%2016&sample=62231,,yes
kals142,LS-BWD-142,15041 bulk 125-250 um,15041,15041,15041,subsample_or_fraction,"RELAB material 15041 bulk 125-250 um linked only to Atlas parent page 15041; composition of this subsample, size fraction, mineral separate, or preparation is not implied",Do not transfer parent-sample composition without subsample-specific verification,,,,https://www.lpi.usra.edu/lunar/samples/atlas/detail/?mission=Apollo%2015&sample=15041,,yes
kals143,LS-BWD-143,15041 agglutinates 125-250 um (hand-picked),15041,15041,15041,subsample_or_fraction,"RELAB material 15041 agglutinates 125-250 um (hand-picked) linked only to Atlas parent page 15041; composition of this subsample, size fraction, mineral separate, or preparation is not implied",Do not transfer parent-sample composition without subsample-specific verification,,,,https://www.lpi.usra.edu/lunar/samples/atlas/detail/?mission=Apollo%2015&sample=15041,,yes
kals151,LS-BWD-151,62231.58 agglutinates 125-250 um (magnetically-separated and hand-picked),"62231,58",62231,62231,subsample_or_fraction,"RELAB material 62231.58 agglutinates 125-250 um (magnetically-separated and hand-picked) linked only to Atlas parent page 62231; composition of this subsample, size fraction, mineral separate, or preparation is not implied",Do not transfer parent-sample composition without subsample-specific verification,rake,soil,,https://www.lpi.usra.edu/lunar/samples/atlas/detail/?mission=Apollo%2016&sample=62231,,yes
kals158,LS-BWD-158,15041 low-agglutinate remnant 125-250 um,15041,15041,15041,subsample_or_fraction,"RELAB material 15041 low-agglutinate remnant 125-250 um linked only to Atlas parent page 15041; composition of this subsample, size fraction, mineral separate, or preparation is not implied",Do not transfer parent-sample composition without subsample-specific verification,,,,https://www.lpi.usra.edu/lunar/samples/atlas/detail/?mission=Apollo%2015&sample=15041,,yes
kals159,LS-BWD-159,62231.58 low-agglutinate remnant 125-250 um,"62231,58",62231,62231,subsample_or_fraction,"RELAB material 62231.58 low-agglutinate remnant 125-250 um linked only to Atlas parent page 62231; composition of this subsample, size fraction, mineral separate, or preparation is not implied",Do not transfer parent-sample composition without subsample-specific verification,rake,soil,,https://www.lpi.usra.edu/lunar/samples/atlas/detail/?mission=Apollo%2016&sample=62231,,yes
kals161,LS-BWD-161,15041 agglutinates 125-250 um (magnetically-separated),15041,15041,15041,subsample_or_fraction,"RELAB material 15041 agglutinates 125-250 um (magnetically-separated) linked only to Atlas parent page 15041; composition of this subsample, size fraction, mineral separate, or preparation is not implied",Do not transfer parent-sample composition without subsample-specific verification,,,,https://www.lpi.usra.edu/lunar/samples/atlas/detail/?mission=Apollo%2015&sample=15041,,yes
kbls140,LS-BWD-140,62231.58 bulk 125-250 um,"62231,58",62231,62231,subsample_or_fraction,"RELAB material 62231.58 bulk 125-250 um linked only to Atlas parent page 62231; composition of this subsample, size fraction, mineral separate, or preparation is not implied",Do not transfer parent-sample composition without subsample-specific verification,rake,soil,,https://www.lpi.usra.edu/lunar/samples/atlas/detail/?mission=Apollo%2016&sample=62231,,yes
kbls141,LS-BWD-141,62231.52 agglutinates 125-250 um (hand-picked),"62231,52",62231,62231,subsample_or_fraction,"RELAB material 62231.52 agglutinates 125-250 um (hand-picked) linked only to Atlas parent page 62231; composition of this subsample, size fraction, mineral separate, or preparation is not implied",Do not transfer parent-sample composition without subsample-specific verification,rake,soil,,https://www.lpi.usra.edu/lunar/samples/atlas/detail/?mission=Apollo%2016&sample=62231,,yes
kbls142,LS-BWD-142,15041 bulk 125-250 um,15041,15041,15041,subsample_or_fraction,"RELAB material 15041 bulk 125-250 um linked only to Atlas parent page 15041; composition of this subsample, size fraction, mineral separate, or preparation is not implied",Do not transfer parent-sample composition without subsample-specific verification,,,,https://www.lpi.usra.edu/lunar/samples/atlas/detail/?mission=Apollo%2015&sample=15041,,yes
kbls143,LS-BWD-143,15041 agglutinates 125-250 um (hand-picked),15041,15041,15041,subsample_or_fraction,"RELAB material 15041 agglutinates 125-250 um (hand-picked) linked only to Atlas parent page 15041; composition of this subsample, size fraction, mineral separate, or preparation is not implied",Do not transfer parent-sample composition without subsample-specific verification,,,,https://www.lpi.usra.edu/lunar/samples/atlas/detail/?mission=Apollo%2015&sample=15041,,yes
kbls151,LS-BWD-151,62231.58 agglutinates 125-250 um (magnetically-separated and hand-picked),"62231,58",62231,62231,subsample_or_fraction,"RELAB material 62231.58 agglutinates 125-250 um (magnetically-separated and hand-picked) linked only to Atlas parent page 62231; composition of this subsample, size fraction, mineral separate, or preparation is not implied",Do not transfer parent-sample composition without subsample-specific verification,rake,soil,,https://www.lpi.usra.edu/lunar/samples/atlas/detail/?mission=Apollo%2016&sample=62231,,yes
kbls158,LS-BWD-158,15041 low-agglutinate remnant 125-250 um,15041,15041,15041,subsample_or_fraction,"RELAB material 15041 low-agglutinate remnant 125-250 um linked only to Atlas parent page 15041; composition of this subsample, size fraction, mineral separate, or preparation is not implied",Do not transfer parent-sample composition without subsample-specific verification,,,,https://www.lpi.usra.edu/lunar/samples/atlas/detail/?mission=Apollo%2015&sample=15041,,yes
kbls159,LS-BWD-159,62231.58 low-agglutinate remnant 125-250 um,"62231,58",62231,62231,subsample_or_fraction,"RELAB material 62231.58 low-agglutinate remnant 125-250 um linked only to Atlas parent page 62231; composition of this subsample, size fraction, mineral separate, or preparation is not implied",Do not transfer parent-sample composition without subsample-specific verification,rake,soil,,https://www.lpi.usra.edu/lunar/samples/atlas/detail/?mission=Apollo%2016&sample=62231,,yes
kbls161,LS-BWD-161,15041 agglutinates 125-250 um (magnetically-separated),15041,15041,15041,subsample_or_fraction,"RELAB material 15041 agglutinates 125-250 um (magnetically-separated) linked only to Atlas parent page 15041; composition of this subsample, size fraction, mineral separate, or preparation is not implied",Do not transfer parent-sample composition without subsample-specific verification,,,,https://www.lpi.usra.edu/lunar/samples/atlas/detail/?mission=Apollo%2015&sample=15041,,yes
kcls140,LS-BWD-140,62231.58 bulk 125-250 um,"62231,58",62231,62231,subsample_or_fraction,"RELAB material 62231.58 bulk 125-250 um linked only to Atlas parent page 62231; composition of this subsample, size fraction, mineral separate, or preparation is not implied",Do not transfer parent-sample composition without subsample-specific verification,rake,soil,,https://www.lpi.usra.edu/lunar/samples/atlas/detail/?mission=Apollo%2016&sample=62231,,yes
kcls141,LS-BWD-141,62231.52 agglutinates 125-250 um (hand-picked),"62231,52",62231,62231,subsample_or_fraction,"RELAB material 62231.52 agglutinates 125-250 um (hand-picked) linked only to Atlas parent page 62231; composition of this subsample, size fraction, mineral separate, or preparation is not implied",Do not transfer parent-sample composition without subsample-specific verification,rake,soil,,https://www.lpi.usra.edu/lunar/samples/atlas/detail/?mission=Apollo%2016&sample=62231,,yes
kcls142,LS-BWD-142,15041 bulk 125-250 um,15041,15041,15041,subsample_or_fraction,"RELAB material 15041 bulk 125-250 um linked only to Atlas parent page 15041; composition of this subsample, size fraction, mineral separate, or preparation is not implied",Do not transfer parent-sample composition without subsample-specific verification,,,,https://www.lpi.usra.edu/lunar/samples/atlas/detail/?mission=Apollo%2015&sample=15041,,yes
kcls143,LS-BWD-143,15041 agglutinates 125-250 um (hand-picked),15041,15041,15041,subsample_or_fraction,"RELAB material 15041 agglutinates 125-250 um (hand-picked) linked only to Atlas parent page 15041; composition of this subsample, size fraction, mineral separate, or preparation is not implied",Do not transfer parent-sample composition without subsample-specific verification,,,,https://www.lpi.usra.edu/lunar/samples/atlas/detail/?mission=Apollo%2015&sample=15041,,yes
kcls151,LS-BWD-151,62231.58 agglutinates 125-250 um (magnetically-separated and hand-picked),"62231,58",62231,62231,subsample_or_fraction,"RELAB material 62231.58 agglutinates 125-250 um (magnetically-separated and hand-picked) linked only to Atlas parent page 62231; composition of this subsample, size fraction, mineral separate, or preparation is not implied",Do not transfer parent-sample composition without subsample-specific verification,rake,soil,,https://www.lpi.usra.edu/lunar/samples/atlas/detail/?mission=Apollo%2016&sample=62231,,yes
kcls158,LS-BWD-158,15041 low-agglutinate remnant 125-250 um,15041,15041,15041,subsample_or_fraction,"RELAB material 15041 low-agglutinate remnant 125-250 um linked only to Atlas parent page 15041; composition of this subsample, size fraction, mineral separate, or preparation is not implied",Do not transfer parent-sample composition without subsample-specific verification,,,,https://www.lpi.usra.edu/lunar/samples/atlas/detail/?mission=Apollo%2015&sample=15041,,yes
kcls159,LS-BWD-159,62231.58 low-agglutinate remnant 125-250 um,"62231,58",62231,62231,subsample_or_fraction,"RELAB material 62231.58 low-agglutinate remnant 125-250 um linked only to Atlas parent page 62231; composition of this subsample, size fraction, mineral separate, or preparation is not implied",Do not transfer parent-sample composition without subsample-specific verification,rake,soil,,https://www.lpi.usra.edu/lunar/samples/atlas/detail/?mission=Apollo%2016&sample=62231,,yes
kcls161,LS-BWD-161,15041 agglutinates 125-250 um (magnetically-separated),15041,15041,15041,subsample_or_fraction,"RELAB material 15041 agglutinates 125-250 um (magnetically-separated) linked only to Atlas parent page 15041; composition of this subsample, size fraction, mineral separate, or preparation is not implied",Do not transfer parent-sample composition without subsample-specific verification,,,,https://www.lpi.usra.edu/lunar/samples/atlas/detail/?mission=Apollo%2015&sample=15041,,yes
kdls140,LS-BWD-140,62231.58 bulk 125-250 um,"62231,58",62231,62231,subsample_or_fraction,"RELAB material 62231.58 bulk 125-250 um linked only to Atlas parent page 62231; composition of this subsample, size fraction, mineral separate, or preparation is not implied",Do not transfer parent-sample composition without subsample-specific verification,rake,soil,,https://www.lpi.usra.edu/lunar/samples/atlas/detail/?mission=Apollo%2016&sample=62231,,yes
kdls141,LS-BWD-141,62231.52 agglutinates 125-250 um (hand-picked),"62231,52",62231,62231,subsample_or_fraction,"RELAB material 62231.52 agglutinates 125-250 um (hand-picked) linked only to Atlas parent page 62231; composition of this subsample, size fraction, mineral separate, or preparation is not implied",Do not transfer parent-sample composition without subsample-specific verification,rake,soil,,https://www.lpi.usra.edu/lunar/samples/atlas/detail/?mission=Apollo%2016&sample=62231,,yes
kdls142,LS-BWD-142,15041 bulk 125-250 um,15041,15041,15041,subsample_or_fraction,"RELAB material 15041 bulk 125-250 um linked only to Atlas parent page 15041; composition of this subsample, size fraction, mineral separate, or preparation is not implied",Do not transfer parent-sample composition without subsample-specific verification,,,,https://www.lpi.usra.edu/lunar/samples/atlas/detail/?mission=Apollo%2015&sample=15041,,yes
kdls143,LS-BWD-143,15041 agglutinates 125-250 um (hand-picked),15041,15041,15041,subsample_or_fraction,"RELAB material 15041 agglutinates 125-250 um (hand-picked) linked only to Atlas parent page 15041; composition of this subsample, size fraction, mineral separate, or preparation is not implied",Do not transfer parent-sample composition without subsample-specific verification,,,,https://www.lpi.usra.edu/lunar/samples/atlas/detail/?mission=Apollo%2015&sample=15041,,yes
kdls151,LS-BWD-151,62231.58 agglutinates 125-250 um (magnetically-separated and hand-picked),"62231,58",62231,62231,subsample_or_fraction,"RELAB material 62231.58 agglutinates 125-250 um (magnetically-separated and hand-picked) linked only to Atlas parent page 62231; composition of this subsample, size fraction, mineral separate, or preparation is not implied",Do not transfer parent-sample composition without subsample-specific verification,rake,soil,,https://www.lpi.usra.edu/lunar/samples/atlas/detail/?mission=Apollo%2016&sample=62231,,yes
kdls158,LS-BWD-158,15041 low-agglutinate remnant 125-250 um,15041,15041,15041,subsample_or_fraction,"RELAB material 15041 low-agglutinate remnant 125-250 um linked only to Atlas parent page 15041; composition of this subsample, size fraction, mineral separate, or preparation is not implied",Do not transfer parent-sample composition without subsample-specific verification,,,,https://www.lpi.usra.edu/lunar/samples/atlas/detail/?mission=Apollo%2015&sample=15041,,yes
kdls159,LS-BWD-159,62231.58 low-agglutinate remnant 125-250 um,"62231,58",62231,62231,subsample_or_fraction,"RELAB material 62231.58 low-agglutinate remnant 125-250 um linked only to Atlas parent page 62231; composition of this subsample, size fraction, mineral separate, or preparation is not implied",Do not transfer parent-sample composition without subsample-specific verification,rake,soil,,https://www.lpi.usra.edu/lunar/samples/atlas/detail/?mission=Apollo%2016&sample=62231,,yes
kdls161,LS-BWD-161,15041 agglutinates 125-250 um (magnetically-separated),15041,15041,15041,subsample_or_fraction,"RELAB material 15041 agglutinates 125-250 um (magnetically-separated) linked only to Atlas parent page 15041; composition of this subsample, size fraction, mineral separate, or preparation is not implied",Do not transfer parent-sample composition without subsample-specific verification,,,,https://www.lpi.usra.edu/lunar/samples/atlas/detail/?mission=Apollo%2015&sample=15041,,yes
kels140,LS-BWD-140,62231.58 bulk 125-250 um,"62231,58",62231,62231,subsample_or_fraction,"RELAB material 62231.58 bulk 125-250 um linked only to Atlas parent page 62231; composition of this subsample, size fraction, mineral separate, or preparation is not implied",Do not transfer parent-sample composition without subsample-specific verification,rake,soil,,https://www.lpi.usra.edu/lunar/samples/atlas/detail/?mission=Apollo%2016&sample=62231,,yes
kels141,LS-BWD-141,62231.52 agglutinates 125-250 um (hand-picked),"62231,52",62231,62231,subsample_or_fraction,"RELAB material 62231.52 agglutinates 125-250 um (hand-picked) linked only to Atlas parent page 62231; composition of this subsample, size fraction, mineral separate, or preparation is not implied",Do not transfer parent-sample composition without subsample-specific verification,rake,soil,,https://www.lpi.usra.edu/lunar/samples/atlas/detail/?mission=Apollo%2016&sample=62231,,yes
kels142,LS-BWD-142,15041 bulk 125-250 um,15041,15041,15041,subsample_or_fraction,"RELAB material 15041 bulk 125-250 um linked only to Atlas parent page 15041; composition of this subsample, size fraction, mineral separate, or preparation is not implied",Do not transfer parent-sample composition without subsample-specific verification,,,,https://www.lpi.usra.edu/lunar/samples/atlas/detail/?mission=Apollo%2015&sample=15041,,yes
kels143,LS-BWD-143,15041 agglutinates 125-250 um (hand-picked),15041,15041,15041,subsample_or_fraction,"RELAB material 15041 agglutinates 125-250 um (hand-picked) linked only to Atlas parent page 15041; composition of this subsample, size fraction, mineral separate, or preparation is not implied",Do not transfer parent-sample composition without subsample-specific verification,,,,https://www.lpi.usra.edu/lunar/samples/atlas/detail/?mission=Apollo%2015&sample=15041,,yes
kels151,LS-BWD-151,62231.58 agglutinates 125-250 um (magnetically-separated and hand-picked),"62231,58",62231,62231,subsample_or_fraction,"RELAB material 62231.58 agglutinates 125-250 um (magnetically-separated and hand-picked) linked only to Atlas parent page 62231; composition of this subsample, size fraction, mineral separate, or preparation is not implied",Do not transfer parent-sample composition without subsample-specific verification,rake,soil,,https://www.lpi.usra.edu/lunar/samples/atlas/detail/?mission=Apollo%2016&sample=62231,,yes
kels158,LS-BWD-158,15041 low-agglutinate remnant 125-250 um,15041,15041,15041,subsample_or_fraction,"RELAB material 15041 low-agglutinate remnant 125-250 um linked only to Atlas parent page 15041; composition of this subsample, size fraction, mineral separate, or preparation is not implied",Do not transfer parent-sample composition without subsample-specific verification,,,,https://www.lpi.usra.edu/lunar/samples/atlas/detail/?mission=Apollo%2015&sample=15041,,yes
kels159,LS-BWD-159,62231.58 low-agglutinate remnant 125-250 um,"62231,58",62231,62231,subsample_or_fraction,"RELAB material 62231.58 low-agglutinate remnant 125-250 um linked only to Atlas parent page 62231; composition of this subsample, size fraction, mineral separate, or preparation is not implied",Do not transfer parent-sample composition without subsample-specific verification,rake,soil,,https://www.lpi.usra.edu/lunar/samples/atlas/detail/?mission=Apollo%2016&sample=62231,,yes
kels161,LS-BWD-161,15041 agglutinates 125-250 um (magnetically-separated),15041,15041,15041,subsample_or_fraction,"RELAB material 15041 agglutinates 125-250 um (magnetically-separated) linked only to Atlas parent page 15041; composition of this subsample, size fraction, mineral separate, or preparation is not implied",Do not transfer parent-sample composition without subsample-specific verification,,,,https://www.lpi.usra.edu/lunar/samples/atlas/detail/?mission=Apollo%2015&sample=15041,,yes
kfls140,LS-BWD-140,62231.58 bulk 125-250 um,"62231,58",62231,62231,subsample_or_fraction,"RELAB material 62231.58 bulk 125-250 um linked only to Atlas parent page 62231; composition of this subsample, size fraction, mineral separate, or preparation is not implied",Do not transfer parent-sample composition without subsample-specific verification,rake,soil,,https://www.lpi.usra.edu/lunar/samples/atlas/detail/?mission=Apollo%2016&sample=62231,,yes
kfls141,LS-BWD-141,62231.52 agglutinates 125-250 um (hand-picked),"62231,52",62231,62231,subsample_or_fraction,"RELAB material 62231.52 agglutinates 125-250 um (hand-picked) linked only to Atlas parent page 62231; composition of this subsample, size fraction, mineral separate, or preparation is not implied",Do not transfer parent-sample composition without subsample-specific verification,rake,soil,,https://www.lpi.usra.edu/lunar/samples/atlas/detail/?mission=Apollo%2016&sample=62231,,yes
kfls142,LS-BWD-142,15041 bulk 125-250 um,15041,15041,15041,subsample_or_fraction,"RELAB material 15041 bulk 125-250 um linked only to Atlas parent page 15041; composition of this subsample, size fraction, mineral separate, or preparation is not implied",Do not transfer parent-sample composition without subsample-specific verification,,,,https://www.lpi.usra.edu/lunar/samples/atlas/detail/?mission=Apollo%2015&sample=15041,,yes
kfls143,LS-BWD-143,15041 agglutinates 125-250 um (hand-picked),15041,15041,15041,subsample_or_fraction,"RELAB material 15041 agglutinates 125-250 um (hand-picked) linked only to Atlas parent page 15041; composition of this subsample, size fraction, mineral separate, or preparation is not implied",Do not transfer parent-sample composition without subsample-specific verification,,,,https://www.lpi.usra.edu/lunar/samples/atlas/detail/?mission=Apollo%2015&sample=15041,,yes
kfls151,LS-BWD-151,62231.58 agglutinates 125-250 um (magnetically-separated and hand-picked),"62231,58",62231,62231,subsample_or_fraction,"RELAB material 62231.58 agglutinates 125-250 um (magnetically-separated and hand-picked) linked only to Atlas parent page 62231; composition of this subsample, size fraction, mineral separate, or preparation is not implied",Do not transfer parent-sample composition without subsample-specific verification,rake,soil,,https://www.lpi.usra.edu/lunar/samples/atlas/detail/?mission=Apollo%2016&sample=62231,,yes
kfls158,LS-BWD-158,15041 low-agglutinate remnant 125-250 um,15041,15041,15041,subsample_or_fraction,"RELAB material 15041 low-agglutinate remnant 125-250 um linked only to Atlas parent page 15041; composition of this subsample, size fraction, mineral separate, or preparation is not implied",Do not transfer parent-sample composition without subsample-specific verification,,,,https://www.lpi.usra.edu/lunar/samples/atlas/detail/?mission=Apollo%2015&sample=15041,,yes
kfls159,LS-BWD-159,62231.58 low-agglutinate remnant 125-250 um,"62231,58",62231,62231,subsample_or_fraction,"RELAB material 62231.58 low-agglutinate remnant 125-250 um linked only to Atlas parent page 62231; composition of this subsample, size fraction, mineral separate, or preparation is not implied",Do not transfer parent-sample composition without subsample-specific verification,rake,soil,,https://www.lpi.usra.edu/lunar/samples/atlas/detail/?mission=Apollo%2016&sample=62231,,yes
kfls161,LS-BWD-161,15041 agglutinates 125-250 um (magnetically-separated),15041,15041,15041,subsample_or_fraction,"RELAB material 15041 agglutinates 125-250 um (magnetically-separated) linked only to Atlas parent page 15041; composition of this subsample, size fraction, mineral separate, or preparation is not implied",Do not transfer parent-sample composition without subsample-specific verification,,,,https://www.lpi.usra.edu/lunar/samples/atlas/detail/?mission=Apollo%2015&sample=15041,,yes
kgls140,LS-BWD-140,62231.58 bulk 125-250 um,"62231,58",62231,62231,subsample_or_fraction,"RELAB material 62231.58 bulk 125-250 um linked only to Atlas parent page 62231; composition of this subsample, size fraction, mineral separate, or preparation is not implied",Do not transfer parent-sample composition without subsample-specific verification,rake,soil,,https://www.lpi.usra.edu/lunar/samples/atlas/detail/?mission=Apollo%2016&sample=62231,,yes
kgls141,LS-BWD-141,62231.52 agglutinates 125-250 um (hand-picked),"62231,52",62231,62231,subsample_or_fraction,"RELAB material 62231.52 agglutinates 125-250 um (hand-picked) linked only to Atlas parent page 62231; composition of this subsample, size fraction, mineral separate, or preparation is not implied",Do not transfer parent-sample composition without subsample-specific verification,rake,soil,,https://www.lpi.usra.edu/lunar/samples/atlas/detail/?mission=Apollo%2016&sample=62231,,yes
kgls142,LS-BWD-142,15041 bulk 125-250 um,15041,15041,15041,subsample_or_fraction,"RELAB material 15041 bulk 125-250 um linked only to Atlas parent page 15041; composition of this subsample, size fraction, mineral separate, or preparation is not implied",Do not transfer parent-sample composition without subsample-specific verification,,,,https://www.lpi.usra.edu/lunar/samples/atlas/detail/?mission=Apollo%2015&sample=15041,,yes
kgls143,LS-BWD-143,15041 agglutinates 125-250 um (hand-picked),15041,15041,15041,subsample_or_fraction,"RELAB material 15041 agglutinates 125-250 um (hand-picked) linked only to Atlas parent page 15041; composition of this subsample, size fraction, mineral separate, or preparation is not implied",Do not transfer parent-sample composition without subsample-specific verification,,,,https://www.lpi.usra.edu/lunar/samples/atlas/detail/?mission=Apollo%2015&sample=15041,,yes
kgls151,LS-BWD-151,62231.58 agglutinates 125-250 um (magnetically-separated and hand-picked),"62231,58",62231,62231,subsample_or_fraction,"RELAB material 62231.58 agglutinates 125-250 um (magnetically-separated and hand-picked) linked only to Atlas parent page 62231; composition of this subsample, size fraction, mineral separate, or preparation is not implied",Do not transfer parent-sample composition without subsample-specific verification,rake,soil,,https://www.lpi.usra.edu/lunar/samples/atlas/detail/?mission=Apollo%2016&sample=62231,,yes
kgls158,LS-BWD-158,15041 low-agglutinate remnant 125-250 um,15041,15041,15041,subsample_or_fraction,"RELAB material 15041 low-agglutinate remnant 125-250 um linked only to Atlas parent page 15041; composition of this subsample, size fraction, mineral separate, or preparation is not implied",Do not transfer parent-sample composition without subsample-specific verification,,,,https://www.lpi.usra.edu/lunar/samples/atlas/detail/?mission=Apollo%2015&sample=15041,,yes
kgls159,LS-BWD-159,62231.58 low-agglutinate remnant 125-250 um,"62231,58",62231,62231,subsample_or_fraction,"RELAB material 62231.58 low-agglutinate remnant 125-250 um linked only to Atlas parent page 62231; composition of this subsample, size fraction, mineral separate, or preparation is not implied",Do not transfer parent-sample composition without subsample-specific verification,rake,soil,,https://www.lpi.usra.edu/lunar/samples/atlas/detail/?mission=Apollo%2016&sample=62231,,yes
kgls161,LS-BWD-161,15041 agglutinates 125-250 um (magnetically-separated),15041,15041,15041,subsample_or_fraction,"RELAB material 15041 agglutinates 125-250 um (magnetically-separated) linked only to Atlas parent page 15041; composition of this subsample, size fraction, mineral separate, or preparation is not implied",Do not transfer parent-sample composition without subsample-specific verification,,,,https://www.lpi.usra.edu/lunar/samples/atlas/detail/?mission=Apollo%2015&sample=15041,,yes
khls140,LS-BWD-140,62231.58 bulk 125-250 um,"62231,58",62231,62231,subsample_or_fraction,"RELAB material 62231.58 bulk 125-250 um linked only to Atlas parent page 62231; composition of this subsample, size fraction, mineral separate, or preparation is not implied",Do not transfer parent-sample composition without subsample-specific verification,rake,soil,,https://www.lpi.usra.edu/lunar/samples/atlas/detail/?mission=Apollo%2016&sample=62231,,yes
khls141,LS-BWD-141,62231.52 agglutinates 125-250 um (hand-picked),"62231,52",62231,62231,subsample_or_fraction,"RELAB material 62231.52 agglutinates 125-250 um (hand-picked) linked only to Atlas parent page 62231; composition of this subsample, size fraction, mineral separate, or preparation is not implied",Do not transfer parent-sample composition without subsample-specific verification,rake,soil,,https://www.lpi.usra.edu/lunar/samples/atlas/detail/?mission=Apollo%2016&sample=62231,,yes
khls142,LS-BWD-142,15041 bulk 125-250 um,15041,15041,15041,subsample_or_fraction,"RELAB material 15041 bulk 125-250 um linked only to Atlas parent page 15041; composition of this subsample, size fraction, mineral separate, or preparation is not implied",Do not transfer parent-sample composition without subsample-specific verification,,,,https://www.lpi.usra.edu/lunar/samples/atlas/detail/?mission=Apollo%2015&sample=15041,,yes
khls143,LS-BWD-143,15041 agglutinates 125-250 um (hand-picked),15041,15041,15041,subsample_or_fraction,"RELAB material 15041 agglutinates 125-250 um (hand-picked) linked only to Atlas parent page 15041; composition of this subsample, size fraction, mineral separate, or preparation is not implied",Do not transfer parent-sample composition without subsample-specific verification,,,,https://www.lpi.usra.edu/lunar/samples/atlas/detail/?mission=Apollo%2015&sample=15041,,yes
khls151,LS-BWD-151,62231.58 agglutinates 125-250 um (magnetically-separated and hand-picked),"62231,58",62231,62231,subsample_or_fraction,"RELAB material 62231.58 agglutinates 125-250 um (magnetically-separated and hand-picked) linked only to Atlas parent page 62231; composition of this subsample, size fraction, mineral separate, or preparation is not implied",Do not transfer parent-sample composition without subsample-specific verification,rake,soil,,https://www.lpi.usra.edu/lunar/samples/atlas/detail/?mission=Apollo%2016&sample=62231,,yes
khls158,LS-BWD-158,15041 low-agglutinate remnant 125-250 um,15041,15041,15041,subsample_or_fraction,"RELAB material 15041 low-agglutinate remnant 125-250 um linked only to Atlas parent page 15041; composition of this subsample, size fraction, mineral separate, or preparation is not implied",Do not transfer parent-sample composition without subsample-specific verification,,,,https://www.lpi.usra.edu/lunar/samples/atlas/detail/?mission=Apollo%2015&sample=15041,,yes
khls159,LS-BWD-159,62231.58 low-agglutinate remnant 125-250 um,"62231,58",62231,62231,subsample_or_fraction,"RELAB material 62231.58 low-agglutinate remnant 125-250 um linked only to Atlas parent page 62231; composition of this subsample, size fraction, mineral separate, or preparation is not implied",Do not transfer parent-sample composition without subsample-specific verification,rake,soil,,https://www.lpi.usra.edu/lunar/samples/atlas/detail/?mission=Apollo%2016&sample=62231,,yes
khls161,LS-BWD-161,15041 agglutinates 125-250 um (magnetically-separated),15041,15041,15041,subsample_or_fraction,"RELAB material 15041 agglutinates 125-250 um (magnetically-separated) linked only to Atlas parent page 15041; composition of this subsample, size fraction, mineral separate, or preparation is not implied",Do not transfer parent-sample composition without subsample-specific verification,,,,https://www.lpi.usra.edu/lunar/samples/atlas/detail/?mission=Apollo%2015&sample=15041,,yes
kils140,LS-BWD-140,62231.58 bulk 125-250 um,"62231,58",62231,62231,subsample_or_fraction,"RELAB material 62231.58 bulk 125-250 um linked only to Atlas parent page 62231; composition of this subsample, size fraction, mineral separate, or preparation is not implied",Do not transfer parent-sample composition without subsample-specific verification,rake,soil,,https://www.lpi.usra.edu/lunar/samples/atlas/detail/?mission=Apollo%2016&sample=62231,,yes
kils141,LS-BWD-141,62231.52 agglutinates 125-250 um (hand-picked),"62231,52",62231,62231,subsample_or_fraction,"RELAB material 62231.52 agglutinates 125-250 um (hand-picked) linked only to Atlas parent page 62231; composition of this subsample, size fraction, mineral separate, or preparation is not implied",Do not transfer parent-sample composition without subsample-specific verification,rake,soil,,https://www.lpi.usra.edu/lunar/samples/atlas/detail/?mission=Apollo%2016&sample=62231,,yes
kils142,LS-BWD-142,15041 bulk 125-250 um,15041,15041,15041,subsample_or_fraction,"RELAB material 15041 bulk 125-250 um linked only to Atlas parent page 15041; composition of this subsample, size fraction, mineral separate, or preparation is not implied",Do not transfer parent-sample composition without subsample-specific verification,,,,https://www.lpi.usra.edu/lunar/samples/atlas/detail/?mission=Apollo%2015&sample=15041,,yes
kils143,LS-BWD-143,15041 agglutinates 125-250 um (hand-picked),15041,15041,15041,subsample_or_fraction,"RELAB material 15041 agglutinates 125-250 um (hand-picked) linked only to Atlas parent page 15041; composition of this subsample, size fraction, mineral separate, or preparation is not implied",Do not transfer parent-sample composition without subsample-specific verification,,,,https://www.lpi.usra.edu/lunar/samples/atlas/detail/?mission=Apollo%2015&sample=15041,,yes
kils151,LS-BWD-151,62231.58 agglutinates 125-250 um (magnetically-separated and hand-picked),"62231,58",62231,62231,subsample_or_fraction,"RELAB material 62231.58 agglutinates 125-250 um (magnetically-separated and hand-picked) linked only to Atlas parent page 62231; composition of this subsample, size fraction, mineral separate, or preparation is not implied",Do not transfer parent-sample composition without subsample-specific verification,rake,soil,,https://www.lpi.usra.edu/lunar/samples/atlas/detail/?mission=Apollo%2016&sample=62231,,yes
kils158,LS-BWD-158,15041 low-agglutinate remnant 125-250 um,15041,15041,15041,subsample_or_fraction,"RELAB material 15041 low-agglutinate remnant 125-250 um linked only to Atlas parent page 15041; composition of this subsample, size fraction, mineral separate, or preparation is not implied",Do not transfer parent-sample composition without subsample-specific verification,,,,https://www.lpi.usra.edu/lunar/samples/atlas/detail/?mission=Apollo%2015&sample=15041,,yes
kils159,LS-BWD-159,62231.58 low-agglutinate remnant 125-250 um,"62231,58",62231,62231,subsample_or_fraction,"RELAB material 62231.58 low-agglutinate remnant 125-250 um linked only to Atlas parent page 62231; composition of this subsample, size fraction, mineral separate, or preparation is not implied",Do not transfer parent-sample composition without subsample-specific verification,rake,soil,,https://www.lpi.usra.edu/lunar/samples/atlas/detail/?mission=Apollo%2016&sample=62231,,yes
kils161,LS-BWD-161,15041 agglutinates 125-250 um (magnetically-separated),15041,15041,15041,subsample_or_fraction,"RELAB material 15041 agglutinates 125-250 um (magnetically-separated) linked only to Atlas parent page 15041; composition of this subsample, size fraction, mineral separate, or preparation is not implied",Do not transfer parent-sample composition without subsample-specific verification,,,,https://www.lpi.usra.edu/lunar/samples/atlas/detail/?mission=Apollo%2015&sample=15041,,yes
kjls140,LS-BWD-140,62231.58 bulk 125-250 um,"62231,58",62231,62231,subsample_or_fraction,"RELAB material 62231.58 bulk 125-250 um linked only to Atlas parent page 62231; composition of this subsample, size fraction, mineral separate, or preparation is not implied",Do not transfer parent-sample composition without subsample-specific verification,rake,soil,,https://www.lpi.usra.edu/lunar/samples/atlas/detail/?mission=Apollo%2016&sample=62231,,yes
kjls141,LS-BWD-141,62231.52 agglutinates 125-250 um (hand-picked),"62231,52",62231,62231,subsample_or_fraction,"RELAB material 62231.52 agglutinates 125-250 um (hand-picked) linked only to Atlas parent page 62231; composition of this subsample, size fraction, mineral separate, or preparation is not implied",Do not transfer parent-sample composition without subsample-specific verification,rake,soil,,https://www.lpi.usra.edu/lunar/samples/atlas/detail/?mission=Apollo%2016&sample=62231,,yes
kjls142,LS-BWD-142,15041 bulk 125-250 um,15041,15041,15041,subsample_or_fraction,"RELAB material 15041 bulk 125-250 um linked only to Atlas parent page 15041; composition of this subsample, size fraction, mineral separate, or preparation is not implied",Do not transfer parent-sample composition without subsample-specific verification,,,,https://www.lpi.usra.edu/lunar/samples/atlas/detail/?mission=Apollo%2015&sample=15041,,yes
kjls143,LS-BWD-143,15041 agglutinates 125-250 um (hand-picked),15041,15041,15041,subsample_or_fraction,"RELAB material 15041 agglutinates 125-250 um (hand-picked) linked only to Atlas parent page 15041; composition of this subsample, size fraction, mineral separate, or preparation is not implied",Do not transfer parent-sample composition without subsample-specific verification,,,,https://www.lpi.usra.edu/lunar/samples/atlas/detail/?mission=Apollo%2015&sample=15041,,yes
kjls151,LS-BWD-151,62231.58 agglutinates 125-250 um (magnetically-separated and hand-picked),"62231,58",62231,62231,subsample_or_fraction,"RELAB material 62231.58 agglutinates 125-250 um (magnetically-separated and hand-picked) linked only to Atlas parent page 62231; composition of this subsample, size fraction, mineral separate, or preparation is not implied",Do not transfer parent-sample composition without subsample-specific verification,rake,soil,,https://www.lpi.usra.edu/lunar/samples/atlas/detail/?mission=Apollo%2016&sample=62231,,yes
kjls158,LS-BWD-158,15041 low-agglutinate remnant 125-250 um,15041,15041,15041,subsample_or_fraction,"RELAB material 15041 low-agglutinate remnant 125-250 um linked only to Atlas parent page 15041; composition of this subsample, size fraction, mineral separate, or preparation is not implied",Do not transfer parent-sample composition without subsample-specific verification,,,,https://www.lpi.usra.edu/lunar/samples/atlas/detail/?mission=Apollo%2015&sample=15041,,yes
kjls159,LS-BWD-159,62231.58 low-agglutinate remnant 125-250 um,"62231,58",62231,62231,subsample_or_fraction,"RELAB material 62231.58 low-agglutinate remnant 125-250 um linked only to Atlas parent page 62231; composition of this subsample, size fraction, mineral separate, or preparation is not implied",Do not transfer parent-sample composition without subsample-specific verification,rake,soil,,https://www.lpi.usra.edu/lunar/samples/atlas/detail/?mission=Apollo%2016&sample=62231,,yes
kjls161,LS-BWD-161,15041 agglutinates 125-250 um (magnetically-separated),15041,15041,15041,subsample_or_fraction,"RELAB material 15041 agglutinates 125-250 um (magnetically-separated) linked only to Atlas parent page 15041; composition of this subsample, size fraction, mineral separate, or preparation is not implied",Do not transfer parent-sample composition without subsample-specific verification,,,,https://www.lpi.usra.edu/lunar/samples/atlas/detail/?mission=Apollo%2015&sample=15041,,yes
kkls140,LS-BWD-140,62231.58 bulk 125-250 um,"62231,58",62231,62231,subsample_or_fraction,"RELAB material 62231.58 bulk 125-250 um linked only to Atlas parent page 62231; composition of this subsample, size fraction, mineral separate, or preparation is not implied",Do not transfer parent-sample composition without subsample-specific verification,rake,soil,,https://www.lpi.usra.edu/lunar/samples/atlas/detail/?mission=Apollo%2016&sample=62231,,yes
kkls141,LS-BWD-141,62231.52 agglutinates 125-250 um (hand-picked),"62231,52",62231,62231,subsample_or_fraction,"RELAB material 62231.52 agglutinates 125-250 um (hand-picked) linked only to Atlas parent page 62231; composition of this subsample, size fraction, mineral separate, or preparation is not implied",Do not transfer parent-sample composition without subsample-specific verification,rake,soil,,https://www.lpi.usra.edu/lunar/samples/atlas/detail/?mission=Apollo%2016&sample=62231,,yes
kkls142,LS-BWD-142,15041 bulk 125-250 um,15041,15041,15041,subsample_or_fraction,"RELAB material 15041 bulk 125-250 um linked only to Atlas parent page 15041; composition of this subsample, size fraction, mineral separate, or preparation is not implied",Do not transfer parent-sample composition without subsample-specific verification,,,,https://www.lpi.usra.edu/lunar/samples/atlas/detail/?mission=Apollo%2015&sample=15041,,yes
kkls143,LS-BWD-143,15041 agglutinates 125-250 um (hand-picked),15041,15041,15041,subsample_or_fraction,"RELAB material 15041 agglutinates 125-250 um (hand-picked) linked only to Atlas parent page 15041; composition of this subsample, size fraction, mineral separate, or preparation is not implied",Do not transfer parent-sample composition without subsample-specific verification,,,,https://www.lpi.usra.edu/lunar/samples/atlas/detail/?mission=Apollo%2015&sample=15041,,yes
ksls151,LS-BWD-151,62231.58 agglutinates 125-250 um (magnetically-separated and hand-picked),"62231,58",62231,62231,subsample_or_fraction,"RELAB material 62231.58 agglutinates 125-250 um (magnetically-separated and hand-picked) linked only to Atlas parent page 62231; composition of this subsample, size fraction, mineral separate, or preparation is not implied",Do not transfer parent-sample composition without subsample-specific verification,rake,soil,,https://www.lpi.usra.edu/lunar/samples/atlas/detail/?mission=Apollo%2016&sample=62231,,yes
ksls158,LS-BWD-158,15041 low-agglutinate remnant 125-250 um,15041,15041,15041,subsample_or_fraction,"RELAB material 15041 low-agglutinate remnant 125-250 um linked only to Atlas parent page 15041; composition of this subsample, size fraction, mineral separate, or preparation is not implied",Do not transfer parent-sample composition without subsample-specific verification,,,,https://www.lpi.usra.edu/lunar/samples/atlas/detail/?mission=Apollo%2015&sample=15041,,yes
ksls159,LS-BWD-159,62231.58 low-agglutinate remnant 125-250 um,"62231,58",62231,62231,subsample_or_fraction,"RELAB material 62231.58 low-agglutinate remnant 125-250 um linked only to Atlas parent page 62231; composition of this subsample, size fraction, mineral separate, or preparation is not implied",Do not transfer parent-sample composition without subsample-specific verification,rake,soil,,https://www.lpi.usra.edu/lunar/samples/atlas/detail/?mission=Apollo%2016&sample=62231,,yes
ksls161,LS-BWD-161,15041 agglutinates 125-250 um (magnetically-separated),15041,15041,15041,subsample_or_fraction,"RELAB material 15041 agglutinates 125-250 um (magnetically-separated) linked only to Atlas parent page 15041; composition of this subsample, size fraction, mineral separate, or preparation is not implied",Do not transfer parent-sample composition without subsample-specific verification,,,,https://www.lpi.usra.edu/lunar/samples/atlas/detail/?mission=Apollo%2015&sample=15041,,yes
m1ls67a,LS-CMP-067-A,"67701,188 (from 67701,180) bulk","67701,188",67701,67701,subsample_or_fraction,"RELAB material 67701,188 (from 67701,180) bulk linked only to Atlas parent page 67701; composition of this subsample, size fraction, mineral separate, or preparation is not implied",Do not transfer parent-sample composition without subsample-specific verification,rake,soil,,https://www.lpi.usra.edu/lunar/samples/atlas/detail/?mission=Apollo%2016&sample=67701,,yes
m2ls67a,LS-CMP-067-A,"67701,188 (from 67701,180) bulk","67701,188",67701,67701,subsample_or_fraction,"RELAB material 67701,188 (from 67701,180) bulk linked only to Atlas parent page 67701; composition of this subsample, size fraction, mineral separate, or preparation is not implied",Do not transfer parent-sample composition without subsample-specific verification,rake,soil,,https://www.lpi.usra.edu/lunar/samples/atlas/detail/?mission=Apollo%2016&sample=67701,,yes
mals67a,LS-CMP-067-A,"67701,188 (from 67701,180) bulk","67701,188",67701,67701,subsample_or_fraction,"RELAB material 67701,188 (from 67701,180) bulk linked only to Atlas parent page 67701; composition of this subsample, size fraction, mineral separate, or preparation is not implied",Do not transfer parent-sample composition without subsample-specific verification,rake,soil,,https://www.lpi.usra.edu/lunar/samples/atlas/detail/?mission=Apollo%2016&sample=67701,,yes
mals67e,LS-CMP-067-E,"67701,184 90-150 um","67701,184",67701,67701,subsample_or_fraction,"RELAB material 67701,184 90-150 um linked only to Atlas parent page 67701; composition of this subsample, size fraction, mineral separate, or preparation is not implied",Do not transfer parent-sample composition without subsample-specific verification,rake,soil,,https://www.lpi.usra.edu/lunar/samples/atlas/detail/?mission=Apollo%2016&sample=67701,,yes
mals67f,LS-CMP-067-F,"67701,185 45-90 um","67701,185",67701,67701,subsample_or_fraction,"RELAB material 67701,185 45-90 um linked only to Atlas parent page 67701; composition of this subsample, size fraction, mineral separate, or preparation is not implied",Do not transfer parent-sample composition without subsample-specific verification,rake,soil,,https://www.lpi.usra.edu/lunar/samples/atlas/detail/?mission=Apollo%2016&sample=67701,,yes
mals67h,LS-CMP-067-H,"67701,199 <20 um","67701,199",67701,67701,subsample_or_fraction,"RELAB material 67701,199 <20 um linked only to Atlas parent page 67701; composition of this subsample, size fraction, mineral separate, or preparation is not implied",Do not transfer parent-sample composition without subsample-specific verification,rake,soil,,https://www.lpi.usra.edu/lunar/samples/atlas/detail/?mission=Apollo%2016&sample=67701,,yes
n1ls01,LS-CMP-001,"15555,798","15555,798",15555,15555,subsample_or_fraction,"RELAB material 15555,798 linked only to Atlas parent page 15555; composition of this subsample, size fraction, mineral separate, or preparation is not implied",Do not transfer parent-sample composition without subsample-specific verification,,basalt,"(""Great Scott"") is both the largest and the most intensively studied of the Apollo 15 rocks. It is a medium-grained olivine basalt, with a few percent small vugs. It is probably very close to a liquid composition, i.e., it contains few, if any, accumulated crystals. It crystallized ~3.3 b.y. ago. Unlike other nearby rocks, 15555 was not dust-coated. It is generally tough, but many exterior chips fell off during earth transit and many of these pieces are friable. It is sub-rounded and blocky, with many zap pits.",https://www.lpi.usra.edu/lunar/samples/atlas/detail/?mission=Apollo%2015&sample=15555,,yes
n1ls02,LS-CMP-002,"15555,799","15555,799",15555,15555,subsample_or_fraction,"RELAB material 15555,799 linked only to Atlas parent page 15555; composition of this subsample, size fraction, mineral separate, or preparation is not implied",Do not transfer parent-sample composition without subsample-specific verification,,basalt,"(""Great Scott"") is both the largest and the most intensively studied of the Apollo 15 rocks. It is a medium-grained olivine basalt, with a few percent small vugs. It is probably very close to a liquid composition, i.e., it contains few, if any, accumulated crystals. It crystallized ~3.3 b.y. ago. Unlike other nearby rocks, 15555 was not dust-coated. It is generally tough, but many exterior chips fell off during earth transit and many of these pieces are friable. It is sub-rounded and blocky, with many zap pits.",https://www.lpi.usra.edu/lunar/samples/atlas/detail/?mission=Apollo%2015&sample=15555,,yes
n1ls17,LS-CMP-017,"60019,215 Chip #8","60019,215",60019,60019,subsample_or_fraction,"RELAB material 60019,215 Chip #8 linked only to Atlas parent page 60019; composition of this subsample, size fraction, mineral separate, or preparation is not implied",Do not transfer parent-sample composition without subsample-specific verification,rock,breccia,"coherent, medium-gray glassy breccia containing several large, light colored clasts",https://www.lpi.usra.edu/lunar/samples/atlas/detail/?mission=Apollo%2016&sample=60019,,yes
n1ls30,LS-CMP-030,"62231,14","62231,14",62231,62231,subsample_or_fraction,"RELAB material 62231,14 linked only to Atlas parent page 62231; composition of this subsample, size fraction, mineral separate, or preparation is not implied",Do not transfer parent-sample composition without subsample-specific verification,rake,soil,,https://www.lpi.usra.edu/lunar/samples/atlas/detail/?mission=Apollo%2016&sample=62231,,yes
n1ls31,LS-CMP-031,"10084,255","10084,255",10084,10084,subsample_or_fraction,"RELAB material 10084,255 linked only to Atlas parent page 10084; composition of this subsample, size fraction, mineral separate, or preparation is not implied",Do not transfer parent-sample composition without subsample-specific verification,soil-general,,"The contingency sample was taken in front of quad IV of the LM. The documented sample was collected 5 meters north of the LM, the bulk sample was collected in front of quad IV by pouring scoops of loose soil to fill the voids left between rock samples in the bulk sample container. 10084 is the bulk soil sample. Soil is fine grained and hard in this sample area. There are few fragments and it is difficult to scoop deeper than 5 cm below the surface.",https://www.lpi.usra.edu/lunar/samples/atlas/detail/?mission=Apollo%2011&sample=10084,,yes
n1ls32,LS-CMP-032,"12070,853","12070,853",12070,12070,subsample_or_fraction,"RELAB material 12070,853 linked only to Atlas parent page 12070; composition of this subsample, size fraction, mineral separate, or preparation is not implied",Do not transfer parent-sample composition without subsample-specific verification,,,,https://www.lpi.usra.edu/lunar/samples/atlas/detail/?mission=Apollo%2012&sample=12070,,yes
n1ls33,LS-CMP-033,"14259,15","14259,15",14259,14259,subsample_or_fraction,"RELAB material 14259,15 linked only to Atlas parent page 14259; composition of this subsample, size fraction, mineral separate, or preparation is not implied",Do not transfer parent-sample composition without subsample-specific verification,,soil,"This scoop sample is part of the comprehensive sample collected 110 m WNW of LM along with 14165 through 14189, 14250 through 14289, 14298 through 14300, and 14420. All samples were collected from within a 4 m circle drawn by Astronaut Shepard. Astronaut Mitchell reports, ""The number of surface rocks, or rocks compared with the number of surface fines is very small Houston. There's a few boulders lying around and there's a few blocks around some of the craters, but by and large, it's a powdery surface.""",https://www.lpi.usra.edu/lunar/samples/atlas/detail/?mission=Apollo%2014&sample=14259,,yes
n1ls47,LS-CMP-047,"10084,1778","10084,1778",10084,10084,subsample_or_fraction,"RELAB material 10084,1778 linked only to Atlas parent page 10084; composition of this subsample, size fraction, mineral separate, or preparation is not implied",Do not transfer parent-sample composition without subsample-specific verification,soil-general,,"The contingency sample was taken in front of quad IV of the LM. The documented sample was collected 5 meters north of the LM, the bulk sample was collected in front of quad IV by pouring scoops of loose soil to fill the voids left between rock samples in the bulk sample container. 10084 is the bulk soil sample. Soil is fine grained and hard in this sample area. There are few fragments and it is difficult to scoop deeper than 5 cm below the surface.",https://www.lpi.usra.edu/lunar/samples/atlas/detail/?mission=Apollo%2011&sample=10084,,yes
n1ls48,LS-CMP-048,"10084,1779","10084,1779",10084,10084,subsample_or_fraction,"RELAB material 10084,1779 linked only to Atlas parent page 10084; composition of this subsample, size fraction, mineral separate, or preparation is not implied",Do not transfer parent-sample composition without subsample-specific verification,soil-general,,"The contingency sample was taken in front of quad IV of the LM. The documented sample was collected 5 meters north of the LM, the bulk sample was collected in front of quad IV by pouring scoops of loose soil to fill the voids left between rock samples in the bulk sample container. 10084 is the bulk soil sample. Soil is fine grained and hard in this sample area. There are few fragments and it is difficult to scoop deeper than 5 cm below the surface.",https://www.lpi.usra.edu/lunar/samples/atlas/detail/?mission=Apollo%2011&sample=10084,,yes
n1ls49a,LS-CMP-049-A,"10084,1780 <45 um","10084,1780",10084,10084,subsample_or_fraction,"RELAB material 10084,1780 <45 um linked only to Atlas parent page 10084; composition of this subsample, size fraction, mineral separate, or preparation is not implied",Do not transfer parent-sample composition without subsample-specific verification,soil-general,,"The contingency sample was taken in front of quad IV of the LM. The documented sample was collected 5 meters north of the LM, the bulk sample was collected in front of quad IV by pouring scoops of loose soil to fill the voids left between rock samples in the bulk sample container. 10084 is the bulk soil sample. Soil is fine grained and hard in this sample area. There are few fragments and it is difficult to scoop deeper than 5 cm below the surface.",https://www.lpi.usra.edu/lunar/samples/atlas/detail/?mission=Apollo%2011&sample=10084,,yes
n1ls49e,LS-CMP-049-E,"10084,1780 <25 um","10084,1780",10084,10084,subsample_or_fraction,"RELAB material 10084,1780 <25 um linked only to Atlas parent page 10084; composition of this subsample, size fraction, mineral separate, or preparation is not implied",Do not transfer parent-sample composition without subsample-specific verification,soil-general,,"The contingency sample was taken in front of quad IV of the LM. The documented sample was collected 5 meters north of the LM, the bulk sample was collected in front of quad IV by pouring scoops of loose soil to fill the voids left between rock samples in the bulk sample container. 10084 is the bulk soil sample. Soil is fine grained and hard in this sample area. There are few fragments and it is difficult to scoop deeper than 5 cm below the surface.",https://www.lpi.usra.edu/lunar/samples/atlas/detail/?mission=Apollo%2011&sample=10084,,yes
n1ls49g,LS-CMP-049-G,"10084,1780 45-75 um","10084,1780",10084,10084,subsample_or_fraction,"RELAB material 10084,1780 45-75 um linked only to Atlas parent page 10084; composition of this subsample, size fraction, mineral separate, or preparation is not implied",Do not transfer parent-sample composition without subsample-specific verification,soil-general,,"The contingency sample was taken in front of quad IV of the LM. The documented sample was collected 5 meters north of the LM, the bulk sample was collected in front of quad IV by pouring scoops of loose soil to fill the voids left between rock samples in the bulk sample container. 10084 is the bulk soil sample. Soil is fine grained and hard in this sample area. There are few fragments and it is difficult to scoop deeper than 5 cm below the surface.",https://www.lpi.usra.edu/lunar/samples/atlas/detail/?mission=Apollo%2011&sample=10084,,yes
n1ls49h,LS-CMP-049-H,"10084,1780 75-125 um","10084,1780",10084,10084,subsample_or_fraction,"RELAB material 10084,1780 75-125 um linked only to Atlas parent page 10084; composition of this subsample, size fraction, mineral separate, or preparation is not implied",Do not transfer parent-sample composition without subsample-specific verification,soil-general,,"The contingency sample was taken in front of quad IV of the LM. The documented sample was collected 5 meters north of the LM, the bulk sample was collected in front of quad IV by pouring scoops of loose soil to fill the voids left between rock samples in the bulk sample container. 10084 is the bulk soil sample. Soil is fine grained and hard in this sample area. There are few fragments and it is difficult to scoop deeper than 5 cm below the surface.",https://www.lpi.usra.edu/lunar/samples/atlas/detail/?mission=Apollo%2011&sample=10084,,yes
n2ls17,LS-CMP-017,"60019,215 Chip #8","60019,215",60019,60019,subsample_or_fraction,"RELAB material 60019,215 Chip #8 linked only to Atlas parent page 60019; composition of this subsample, size fraction, mineral separate, or preparation is not implied",Do not transfer parent-sample composition without subsample-specific verification,rock,breccia,"coherent, medium-gray glassy breccia containing several large, light colored clasts",https://www.lpi.usra.edu/lunar/samples/atlas/detail/?mission=Apollo%2016&sample=60019,,yes
n2ls30,LS-CMP-030,"62231,14","62231,14",62231,62231,subsample_or_fraction,"RELAB material 62231,14 linked only to Atlas parent page 62231; composition of this subsample, size fraction, mineral separate, or preparation is not implied",Do not transfer parent-sample composition without subsample-specific verification,rake,soil,,https://www.lpi.usra.edu/lunar/samples/atlas/detail/?mission=Apollo%2016&sample=62231,,yes
n2ls31,LS-CMP-031,"10084,255","10084,255",10084,10084,subsample_or_fraction,"RELAB material 10084,255 linked only to Atlas parent page 10084; composition of this subsample, size fraction, mineral separate, or preparation is not implied",Do not transfer parent-sample composition without subsample-specific verification,soil-general,,"The contingency sample was taken in front of quad IV of the LM. The documented sample was collected 5 meters north of the LM, the bulk sample was collected in front of quad IV by pouring scoops of loose soil to fill the voids left between rock samples in the bulk sample container. 10084 is the bulk soil sample. Soil is fine grained and hard in this sample area. There are few fragments and it is difficult to scoop deeper than 5 cm below the surface.",https://www.lpi.usra.edu/lunar/samples/atlas/detail/?mission=Apollo%2011&sample=10084,,yes
n2ls32,LS-CMP-032,"12070,853","12070,853",12070,12070,subsample_or_fraction,"RELAB material 12070,853 linked only to Atlas parent page 12070; composition of this subsample, size fraction, mineral separate, or preparation is not implied",Do not transfer parent-sample composition without subsample-specific verification,,,,https://www.lpi.usra.edu/lunar/samples/atlas/detail/?mission=Apollo%2012&sample=12070,,yes
n2ls33,LS-CMP-033,"14259,15","14259,15",14259,14259,subsample_or_fraction,"RELAB material 14259,15 linked only to Atlas parent page 14259; composition of this subsample, size fraction, mineral separate, or preparation is not implied",Do not transfer parent-sample composition without subsample-specific verification,,soil,"This scoop sample is part of the comprehensive sample collected 110 m WNW of LM along with 14165 through 14189, 14250 through 14289, 14298 through 14300, and 14420. All samples were collected from within a 4 m circle drawn by Astronaut Shepard. Astronaut Mitchell reports, ""The number of surface rocks, or rocks compared with the number of surface fines is very small Houston. There's a few boulders lying around and there's a few blocks around some of the craters, but by and large, it's a powdery surface.""",https://www.lpi.usra.edu/lunar/samples/atlas/detail/?mission=Apollo%2014&sample=14259,,yes
n2ls47,LS-CMP-047,"10084,1778","10084,1778",10084,10084,subsample_or_fraction,"RELAB material 10084,1778 linked only to Atlas parent page 10084; composition of this subsample, size fraction, mineral separate, or preparation is not implied",Do not transfer parent-sample composition without subsample-specific verification,soil-general,,"The contingency sample was taken in front of quad IV of the LM. The documented sample was collected 5 meters north of the LM, the bulk sample was collected in front of quad IV by pouring scoops of loose soil to fill the voids left between rock samples in the bulk sample container. 10084 is the bulk soil sample. Soil is fine grained and hard in this sample area. There are few fragments and it is difficult to scoop deeper than 5 cm below the surface.",https://www.lpi.usra.edu/lunar/samples/atlas/detail/?mission=Apollo%2011&sample=10084,,yes
n2ls48,LS-CMP-048,"10084,1779","10084,1779",10084,10084,subsample_or_fraction,"RELAB material 10084,1779 linked only to Atlas parent page 10084; composition of this subsample, size fraction, mineral separate, or preparation is not implied",Do not transfer parent-sample composition without subsample-specific verification,soil-general,,"The contingency sample was taken in front of quad IV of the LM. The documented sample was collected 5 meters north of the LM, the bulk sample was collected in front of quad IV by pouring scoops of loose soil to fill the voids left between rock samples in the bulk sample container. 10084 is the bulk soil sample. Soil is fine grained and hard in this sample area. There are few fragments and it is difficult to scoop deeper than 5 cm below the surface.",https://www.lpi.usra.edu/lunar/samples/atlas/detail/?mission=Apollo%2011&sample=10084,,yes
n2ls49a,LS-CMP-049-A,"10084,1780 <45 um","10084,1780",10084,10084,subsample_or_fraction,"RELAB material 10084,1780 <45 um linked only to Atlas parent page 10084; composition of this subsample, size fraction, mineral separate, or preparation is not implied",Do not transfer parent-sample composition without subsample-specific verification,soil-general,,"The contingency sample was taken in front of quad IV of the LM. The documented sample was collected 5 meters north of the LM, the bulk sample was collected in front of quad IV by pouring scoops of loose soil to fill the voids left between rock samples in the bulk sample container. 10084 is the bulk soil sample. Soil is fine grained and hard in this sample area. There are few fragments and it is difficult to scoop deeper than 5 cm below the surface.",https://www.lpi.usra.edu/lunar/samples/atlas/detail/?mission=Apollo%2011&sample=10084,,yes
n2ls49e,LS-CMP-049-E,"10084,1780 <25 um","10084,1780",10084,10084,subsample_or_fraction,"RELAB material 10084,1780 <25 um linked only to Atlas parent page 10084; composition of this subsample, size fraction, mineral separate, or preparation is not implied",Do not transfer parent-sample composition without subsample-specific verification,soil-general,,"The contingency sample was taken in front of quad IV of the LM. The documented sample was collected 5 meters north of the LM, the bulk sample was collected in front of quad IV by pouring scoops of loose soil to fill the voids left between rock samples in the bulk sample container. 10084 is the bulk soil sample. Soil is fine grained and hard in this sample area. There are few fragments and it is difficult to scoop deeper than 5 cm below the surface.",https://www.lpi.usra.edu/lunar/samples/atlas/detail/?mission=Apollo%2011&sample=10084,,yes
n2ls49g,LS-CMP-049-G,"10084,1780 45-75 um","10084,1780",10084,10084,subsample_or_fraction,"RELAB material 10084,1780 45-75 um linked only to Atlas parent page 10084; composition of this subsample, size fraction, mineral separate, or preparation is not implied",Do not transfer parent-sample composition without subsample-specific verification,soil-general,,"The contingency sample was taken in front of quad IV of the LM. The documented sample was collected 5 meters north of the LM, the bulk sample was collected in front of quad IV by pouring scoops of loose soil to fill the voids left between rock samples in the bulk sample container. 10084 is the bulk soil sample. Soil is fine grained and hard in this sample area. There are few fragments and it is difficult to scoop deeper than 5 cm below the surface.",https://www.lpi.usra.edu/lunar/samples/atlas/detail/?mission=Apollo%2011&sample=10084,,yes
n2ls49h,LS-CMP-049-H,"10084,1780 75-125 um","10084,1780",10084,10084,subsample_or_fraction,"RELAB material 10084,1780 75-125 um linked only to Atlas parent page 10084; composition of this subsample, size fraction, mineral separate, or preparation is not implied",Do not transfer parent-sample composition without subsample-specific verification,soil-general,,"The contingency sample was taken in front of quad IV of the LM. The documented sample was collected 5 meters north of the LM, the bulk sample was collected in front of quad IV by pouring scoops of loose soil to fill the voids left between rock samples in the bulk sample container. 10084 is the bulk soil sample. Soil is fine grained and hard in this sample area. There are few fragments and it is difficult to scoop deeper than 5 cm below the surface.",https://www.lpi.usra.edu/lunar/samples/atlas/detail/?mission=Apollo%2011&sample=10084,,yes
n3ls47,LS-CMP-047,"10084,1778","10084,1778",10084,10084,subsample_or_fraction,"RELAB material 10084,1778 linked only to Atlas parent page 10084; composition of this subsample, size fraction, mineral separate, or preparation is not implied",Do not transfer parent-sample composition without subsample-specific verification,soil-general,,"The contingency sample was taken in front of quad IV of the LM. The documented sample was collected 5 meters north of the LM, the bulk sample was collected in front of quad IV by pouring scoops of loose soil to fill the voids left between rock samples in the bulk sample container. 10084 is the bulk soil sample. Soil is fine grained and hard in this sample area. There are few fragments and it is difficult to scoop deeper than 5 cm below the surface.",https://www.lpi.usra.edu/lunar/samples/atlas/detail/?mission=Apollo%2011&sample=10084,,yes
n3ls48,LS-CMP-048,"10084,1779","10084,1779",10084,10084,subsample_or_fraction,"RELAB material 10084,1779 linked only to Atlas parent page 10084; composition of this subsample, size fraction, mineral separate, or preparation is not implied",Do not transfer parent-sample composition without subsample-specific verification,soil-general,,"The contingency sample was taken in front of quad IV of the LM. The documented sample was collected 5 meters north of the LM, the bulk sample was collected in front of quad IV by pouring scoops of loose soil to fill the voids left between rock samples in the bulk sample container. 10084 is the bulk soil sample. Soil is fine grained and hard in this sample area. There are few fragments and it is difficult to scoop deeper than 5 cm below the surface.",https://www.lpi.usra.edu/lunar/samples/atlas/detail/?mission=Apollo%2011&sample=10084,,yes
n3ls49a,LS-CMP-049-A,"10084,1780 <45 um","10084,1780",10084,10084,subsample_or_fraction,"RELAB material 10084,1780 <45 um linked only to Atlas parent page 10084; composition of this subsample, size fraction, mineral separate, or preparation is not implied",Do not transfer parent-sample composition without subsample-specific verification,soil-general,,"The contingency sample was taken in front of quad IV of the LM. The documented sample was collected 5 meters north of the LM, the bulk sample was collected in front of quad IV by pouring scoops of loose soil to fill the voids left between rock samples in the bulk sample container. 10084 is the bulk soil sample. Soil is fine grained and hard in this sample area. There are few fragments and it is difficult to scoop deeper than 5 cm below the surface.",https://www.lpi.usra.edu/lunar/samples/atlas/detail/?mission=Apollo%2011&sample=10084,,yes
n3ls49e,LS-CMP-049-E,"10084,1780 <25 um","10084,1780",10084,10084,subsample_or_fraction,"RELAB material 10084,1780 <25 um linked only to Atlas parent page 10084; composition of this subsample, size fraction, mineral separate, or preparation is not implied",Do not transfer parent-sample composition without subsample-specific verification,soil-general,,"The contingency sample was taken in front of quad IV of the LM. The documented sample was collected 5 meters north of the LM, the bulk sample was collected in front of quad IV by pouring scoops of loose soil to fill the voids left between rock samples in the bulk sample container. 10084 is the bulk soil sample. Soil is fine grained and hard in this sample area. There are few fragments and it is difficult to scoop deeper than 5 cm below the surface.",https://www.lpi.usra.edu/lunar/samples/atlas/detail/?mission=Apollo%2011&sample=10084,,yes
n3ls49g,LS-CMP-049-G,"10084,1780 45-75 um","10084,1780",10084,10084,subsample_or_fraction,"RELAB material 10084,1780 45-75 um linked only to Atlas parent page 10084; composition of this subsample, size fraction, mineral separate, or preparation is not implied",Do not transfer parent-sample composition without subsample-specific verification,soil-general,,"The contingency sample was taken in front of quad IV of the LM. The documented sample was collected 5 meters north of the LM, the bulk sample was collected in front of quad IV by pouring scoops of loose soil to fill the voids left between rock samples in the bulk sample container. 10084 is the bulk soil sample. Soil is fine grained and hard in this sample area. There are few fragments and it is difficult to scoop deeper than 5 cm below the surface.",https://www.lpi.usra.edu/lunar/samples/atlas/detail/?mission=Apollo%2011&sample=10084,,yes
n3ls49h,LS-CMP-049-H,"10084,1780 75-125 um","10084,1780",10084,10084,subsample_or_fraction,"RELAB material 10084,1780 75-125 um linked only to Atlas parent page 10084; composition of this subsample, size fraction, mineral separate, or preparation is not implied",Do not transfer parent-sample composition without subsample-specific verification,soil-general,,"The contingency sample was taken in front of quad IV of the LM. The documented sample was collected 5 meters north of the LM, the bulk sample was collected in front of quad IV by pouring scoops of loose soil to fill the voids left between rock samples in the bulk sample container. 10084 is the bulk soil sample. Soil is fine grained and hard in this sample area. There are few fragments and it is difficult to scoop deeper than 5 cm below the surface.",https://www.lpi.usra.edu/lunar/samples/atlas/detail/?mission=Apollo%2011&sample=10084,,yes
n4ls17,LS-CMP-017,"60019,215 Chip #8","60019,215",60019,60019,subsample_or_fraction,"RELAB material 60019,215 Chip #8 linked only to Atlas parent page 60019; composition of this subsample, size fraction, mineral separate, or preparation is not implied",Do not transfer parent-sample composition without subsample-specific verification,rock,breccia,"coherent, medium-gray glassy breccia containing several large, light colored clasts",https://www.lpi.usra.edu/lunar/samples/atlas/detail/?mission=Apollo%2016&sample=60019,,yes
n4ls30,LS-CMP-030,"62231,14","62231,14",62231,62231,subsample_or_fraction,"RELAB material 62231,14 linked only to Atlas parent page 62231; composition of this subsample, size fraction, mineral separate, or preparation is not implied",Do not transfer parent-sample composition without subsample-specific verification,rake,soil,,https://www.lpi.usra.edu/lunar/samples/atlas/detail/?mission=Apollo%2016&sample=62231,,yes
n4ls31,LS-CMP-031,"10084,255","10084,255",10084,10084,subsample_or_fraction,"RELAB material 10084,255 linked only to Atlas parent page 10084; composition of this subsample, size fraction, mineral separate, or preparation is not implied",Do not transfer parent-sample composition without subsample-specific verification,soil-general,,"The contingency sample was taken in front of quad IV of the LM. The documented sample was collected 5 meters north of the LM, the bulk sample was collected in front of quad IV by pouring scoops of loose soil to fill the voids left between rock samples in the bulk sample container. 10084 is the bulk soil sample. Soil is fine grained and hard in this sample area. There are few fragments and it is difficult to scoop deeper than 5 cm below the surface.",https://www.lpi.usra.edu/lunar/samples/atlas/detail/?mission=Apollo%2011&sample=10084,,yes
n4ls32,LS-CMP-032,"12070,853","12070,853",12070,12070,subsample_or_fraction,"RELAB material 12070,853 linked only to Atlas parent page 12070; composition of this subsample, size fraction, mineral separate, or preparation is not implied",Do not transfer parent-sample composition without subsample-specific verification,,,,https://www.lpi.usra.edu/lunar/samples/atlas/detail/?mission=Apollo%2012&sample=12070,,yes
n4ls33,LS-CMP-033,"14259,15","14259,15",14259,14259,subsample_or_fraction,"RELAB material 14259,15 linked only to Atlas parent page 14259; composition of this subsample, size fraction, mineral separate, or preparation is not implied",Do not transfer parent-sample composition without subsample-specific verification,,soil,"This scoop sample is part of the comprehensive sample collected 110 m WNW of LM along with 14165 through 14189, 14250 through 14289, 14298 through 14300, and 14420. All samples were collected from within a 4 m circle drawn by Astronaut Shepard. Astronaut Mitchell reports, ""The number of surface rocks, or rocks compared with the number of surface fines is very small Houston. There's a few boulders lying around and there's a few blocks around some of the craters, but by and large, it's a powdery surface.""",https://www.lpi.usra.edu/lunar/samples/atlas/detail/?mission=Apollo%2014&sample=14259,,yes
n4ls47,LS-CMP-047,"10084,1778","10084,1778",10084,10084,subsample_or_fraction,"RELAB material 10084,1778 linked only to Atlas parent page 10084; composition of this subsample, size fraction, mineral separate, or preparation is not implied",Do not transfer parent-sample composition without subsample-specific verification,soil-general,,"The contingency sample was taken in front of quad IV of the LM. The documented sample was collected 5 meters north of the LM, the bulk sample was collected in front of quad IV by pouring scoops of loose soil to fill the voids left between rock samples in the bulk sample container. 10084 is the bulk soil sample. Soil is fine grained and hard in this sample area. There are few fragments and it is difficult to scoop deeper than 5 cm below the surface.",https://www.lpi.usra.edu/lunar/samples/atlas/detail/?mission=Apollo%2011&sample=10084,,yes
n4ls48,LS-CMP-048,"10084,1779","10084,1779",10084,10084,subsample_or_fraction,"RELAB material 10084,1779 linked only to Atlas parent page 10084; composition of this subsample, size fraction, mineral separate, or preparation is not implied",Do not transfer parent-sample composition without subsample-specific verification,soil-general,,"The contingency sample was taken in front of quad IV of the LM. The documented sample was collected 5 meters north of the LM, the bulk sample was collected in front of quad IV by pouring scoops of loose soil to fill the voids left between rock samples in the bulk sample container. 10084 is the bulk soil sample. Soil is fine grained and hard in this sample area. There are few fragments and it is difficult to scoop deeper than 5 cm below the surface.",https://www.lpi.usra.edu/lunar/samples/atlas/detail/?mission=Apollo%2011&sample=10084,,yes
n4ls49a,LS-CMP-049-A,"10084,1780 <45 um","10084,1780",10084,10084,subsample_or_fraction,"RELAB material 10084,1780 <45 um linked only to Atlas parent page 10084; composition of this subsample, size fraction, mineral separate, or preparation is not implied",Do not transfer parent-sample composition without subsample-specific verification,soil-general,,"The contingency sample was taken in front of quad IV of the LM. The documented sample was collected 5 meters north of the LM, the bulk sample was collected in front of quad IV by pouring scoops of loose soil to fill the voids left between rock samples in the bulk sample container. 10084 is the bulk soil sample. Soil is fine grained and hard in this sample area. There are few fragments and it is difficult to scoop deeper than 5 cm below the surface.",https://www.lpi.usra.edu/lunar/samples/atlas/detail/?mission=Apollo%2011&sample=10084,,yes
n4ls49e,LS-CMP-049-E,"10084,1780 <25 um","10084,1780",10084,10084,subsample_or_fraction,"RELAB material 10084,1780 <25 um linked only to Atlas parent page 10084; composition of this subsample, size fraction, mineral separate, or preparation is not implied",Do not transfer parent-sample composition without subsample-specific verification,soil-general,,"The contingency sample was taken in front of quad IV of the LM. The documented sample was collected 5 meters north of the LM, the bulk sample was collected in front of quad IV by pouring scoops of loose soil to fill the voids left between rock samples in the bulk sample container. 10084 is the bulk soil sample. Soil is fine grained and hard in this sample area. There are few fragments and it is difficult to scoop deeper than 5 cm below the surface.",https://www.lpi.usra.edu/lunar/samples/atlas/detail/?mission=Apollo%2011&sample=10084,,yes
n4ls49g,LS-CMP-049-G,"10084,1780 45-75 um","10084,1780",10084,10084,subsample_or_fraction,"RELAB material 10084,1780 45-75 um linked only to Atlas parent page 10084; composition of this subsample, size fraction, mineral separate, or preparation is not implied",Do not transfer parent-sample composition without subsample-specific verification,soil-general,,"The contingency sample was taken in front of quad IV of the LM. The documented sample was collected 5 meters north of the LM, the bulk sample was collected in front of quad IV by pouring scoops of loose soil to fill the voids left between rock samples in the bulk sample container. 10084 is the bulk soil sample. Soil is fine grained and hard in this sample area. There are few fragments and it is difficult to scoop deeper than 5 cm below the surface.",https://www.lpi.usra.edu/lunar/samples/atlas/detail/?mission=Apollo%2011&sample=10084,,yes
n4ls49h,LS-CMP-049-H,"10084,1780 75-125 um","10084,1780",10084,10084,subsample_or_fraction,"RELAB material 10084,1780 75-125 um linked only to Atlas parent page 10084; composition of this subsample, size fraction, mineral separate, or preparation is not implied",Do not transfer parent-sample composition without subsample-specific verification,soil-general,,"The contingency sample was taken in front of quad IV of the LM. The documented sample was collected 5 meters north of the LM, the bulk sample was collected in front of quad IV by pouring scoops of loose soil to fill the voids left between rock samples in the bulk sample container. 10084 is the bulk soil sample. Soil is fine grained and hard in this sample area. There are few fragments and it is difficult to scoop deeper than 5 cm below the surface.",https://www.lpi.usra.edu/lunar/samples/atlas/detail/?mission=Apollo%2011&sample=10084,,yes
n5ls47,LS-CMP-047,"10084,1778","10084,1778",10084,10084,subsample_or_fraction,"RELAB material 10084,1778 linked only to Atlas parent page 10084; composition of this subsample, size fraction, mineral separate, or preparation is not implied",Do not transfer parent-sample composition without subsample-specific verification,soil-general,,"The contingency sample was taken in front of quad IV of the LM. The documented sample was collected 5 meters north of the LM, the bulk sample was collected in front of quad IV by pouring scoops of loose soil to fill the voids left between rock samples in the bulk sample container. 10084 is the bulk soil sample. Soil is fine grained and hard in this sample area. There are few fragments and it is difficult to scoop deeper than 5 cm below the surface.",https://www.lpi.usra.edu/lunar/samples/atlas/detail/?mission=Apollo%2011&sample=10084,,yes
n5ls48,LS-CMP-048,"10084,1779","10084,1779",10084,10084,subsample_or_fraction,"RELAB material 10084,1779 linked only to Atlas parent page 10084; composition of this subsample, size fraction, mineral separate, or preparation is not implied",Do not transfer parent-sample composition without subsample-specific verification,soil-general,,"The contingency sample was taken in front of quad IV of the LM. The documented sample was collected 5 meters north of the LM, the bulk sample was collected in front of quad IV by pouring scoops of loose soil to fill the voids left between rock samples in the bulk sample container. 10084 is the bulk soil sample. Soil is fine grained and hard in this sample area. There are few fragments and it is difficult to scoop deeper than 5 cm below the surface.",https://www.lpi.usra.edu/lunar/samples/atlas/detail/?mission=Apollo%2011&sample=10084,,yes
n6ls47,LS-CMP-047,"10084,1778","10084,1778",10084,10084,subsample_or_fraction,"RELAB material 10084,1778 linked only to Atlas parent page 10084; composition of this subsample, size fraction, mineral separate, or preparation is not implied",Do not transfer parent-sample composition without subsample-specific verification,soil-general,,"The contingency sample was taken in front of quad IV of the LM. The documented sample was collected 5 meters north of the LM, the bulk sample was collected in front of quad IV by pouring scoops of loose soil to fill the voids left between rock samples in the bulk sample container. 10084 is the bulk soil sample. Soil is fine grained and hard in this sample area. There are few fragments and it is difficult to scoop deeper than 5 cm below the surface.",https://www.lpi.usra.edu/lunar/samples/atlas/detail/?mission=Apollo%2011&sample=10084,,yes
n6ls48,LS-CMP-048,"10084,1779","10084,1779",10084,10084,subsample_or_fraction,"RELAB material 10084,1779 linked only to Atlas parent page 10084; composition of this subsample, size fraction, mineral separate, or preparation is not implied",Do not transfer parent-sample composition without subsample-specific verification,soil-general,,"The contingency sample was taken in front of quad IV of the LM. The documented sample was collected 5 meters north of the LM, the bulk sample was collected in front of quad IV by pouring scoops of loose soil to fill the voids left between rock samples in the bulk sample container. 10084 is the bulk soil sample. Soil is fine grained and hard in this sample area. There are few fragments and it is difficult to scoop deeper than 5 cm below the surface.",https://www.lpi.usra.edu/lunar/samples/atlas/detail/?mission=Apollo%2011&sample=10084,,yes
nals18,LS-CMP-018,"73217,78","73217,78",73217,73217,subsample_or_fraction,"RELAB material 73217,78 linked only to Atlas parent page 73217; composition of this subsample, size fraction, mineral separate, or preparation is not implied",Do not transfer parent-sample composition without subsample-specific verification,rock,impact melt breccia,"Impact Melt Breccia, bulk groundmass may be the low-K Fra Mauro basalt composition common at the Apollo 17 landing site,",https://www.lpi.usra.edu/lunar/samples/atlas/detail/?mission=Apollo%2017&sample=73217,,yes
nals28,LS-CMP-028,"76015,191","76015,191",76015,76015,subsample_or_fraction,"RELAB material 76015,191 linked only to Atlas parent page 76015; composition of this subsample, size fraction, mineral separate, or preparation is not implied",Do not transfer parent-sample composition without subsample-specific verification,rock,impact melt breccia,Vesicular Micropoikilitic Impact Melt Breccia; chipped off top corner of Block 5 of big boulder at Station 6; summarized by Spudis/Ryder (1981) that boulder is from the melt sheet or ejecta blanket from the Serenitatus impact event,https://www.lpi.usra.edu/lunar/samples/atlas/detail/?mission=Apollo%2017&sample=76015,,yes
nals29,LS-CMP-029,"73155,53","73155,53",73155,73155,subsample_or_fraction,"RELAB material 73155,53 linked only to Atlas parent page 73155; composition of this subsample, size fraction, mineral separate, or preparation is not implied",Do not transfer parent-sample composition without subsample-specific verification,rock,impact melt breccia,"Impact Melt Breccia, medium dark gray (N4) in color, rather heterogeneous",https://www.lpi.usra.edu/lunar/samples/atlas/detail/?mission=Apollo%2017&sample=73155,,yes
nals35,LS-CMP-035,"77075,141","77075,141",77075,77075,subsample_or_fraction,"RELAB material 77075,141 linked only to Atlas parent page 77075; composition of this subsample, size fraction, mineral separate, or preparation is not implied",Do not transfer parent-sample composition without subsample-specific verification,rock,norite,Impact Melt Dike in Cataclastic Norite,https://www.lpi.usra.edu/lunar/samples/atlas/detail/?mission=Apollo%2017&sample=77075,,yes
nals39,LS-CMP-039,"72435,77","72435,77",72435,72435,subsample_or_fraction,"RELAB material 72435,77 linked only to Atlas parent page 72435; composition of this subsample, size fraction, mineral separate, or preparation is not implied",Do not transfer parent-sample composition without subsample-specific verification,rock,impact melt breccia,"Micropoikilitic Impact Melt Breccia, can be assumed to have formed during the Serenitatis event, has major and trace element chemistry similar to other Apollo 17 low-K Fra Mauro impacat melts",https://www.lpi.usra.edu/lunar/samples/atlas/detail/?mission=Apollo%2017&sample=72435,,yes
nals47,LS-CMP-047,"10084,1778","10084,1778",10084,10084,subsample_or_fraction,"RELAB material 10084,1778 linked only to Atlas parent page 10084; composition of this subsample, size fraction, mineral separate, or preparation is not implied",Do not transfer parent-sample composition without subsample-specific verification,soil-general,,"The contingency sample was taken in front of quad IV of the LM. The documented sample was collected 5 meters north of the LM, the bulk sample was collected in front of quad IV by pouring scoops of loose soil to fill the voids left between rock samples in the bulk sample container. 10084 is the bulk soil sample. Soil is fine grained and hard in this sample area. There are few fragments and it is difficult to scoop deeper than 5 cm below the surface.",https://www.lpi.usra.edu/lunar/samples/atlas/detail/?mission=Apollo%2011&sample=10084,,yes
nals48,LS-CMP-048,"10084,1779","10084,1779",10084,10084,subsample_or_fraction,"RELAB material 10084,1779 linked only to Atlas parent page 10084; composition of this subsample, size fraction, mineral separate, or preparation is not implied",Do not transfer parent-sample composition without subsample-specific verification,soil-general,,"The contingency sample was taken in front of quad IV of the LM. The documented sample was collected 5 meters north of the LM, the bulk sample was collected in front of quad IV by pouring scoops of loose soil to fill the voids left between rock samples in the bulk sample container. 10084 is the bulk soil sample. Soil is fine grained and hard in this sample area. There are few fragments and it is difficult to scoop deeper than 5 cm below the surface.",https://www.lpi.usra.edu/lunar/samples/atlas/detail/?mission=Apollo%2011&sample=10084,,yes
nals77,LS-CMP-077,"76215,113","76215,113",76215,76215,subsample_or_fraction,"RELAB material 76215,113 linked only to Atlas parent page 76215; composition of this subsample, size fraction, mineral separate, or preparation is not implied",Do not transfer parent-sample composition without subsample-specific verification,rock,impact melt breccia,Vesicular Micropoikilitic Impact Melt Breccia,https://www.lpi.usra.edu/lunar/samples/atlas/detail/?mission=Apollo%2017&sample=76215,,yes
nals79,LS-CMP-079,"76295,123","76295,123",76295,76295,subsample_or_fraction,"RELAB material 76295,123 linked only to Atlas parent page 76295; composition of this subsample, size fraction, mineral separate, or preparation is not implied",Do not transfer parent-sample composition without subsample-specific verification,rock,impact melt breccia,Impact Melt Breccia,https://www.lpi.usra.edu/lunar/samples/atlas/detail/?mission=Apollo%2017&sample=76295,,yes
