id,i_atlas_sample,j_child,k_feo_wt_percent,feo_known,relab_measurement_id,relab_specimen_id,relab_specimen_name,feo_association,chemistry_product_id,chemistry_specimen_id,chemistry_phase,chemistry_source_and_method,atlas_sample_type,atlas_lithology,age_or_treatment_notes,comments,crosswalk_match_type,crosswalk_needs_review,atlas_detail_url,atlas_pdf_url
1,10003,173,-99.0,no,c1ls21,LS-CMP-021,"10,003,173",none,,,,,rock,basalt,,"RELAB specimen: 10,003,173; RELAB description: high-Ti mare basalt; Collection: Apollo 11 site, Moon; Specimen type: Returned Lunar Sample; Material origin: Natural; Material type: Rock; Material subtypes: Nonparticulate|Chip; Atlas type: rock; Atlas lithology: basalt; Atlas description: Medium-grained subophitic basalt composed of clinopyroxene, two generations of plagioclase, ilmenite with subordinate cristobalite and mesostasis.; Parent source: atlas_sample_id",subsample_or_fraction,yes,https://www.lpi.usra.edu/lunar/samples/atlas/detail/?mission=Apollo%2011&sample=10003,
2,10020,221,-99.0,no,c1ls84,LS-CMP-084,"10020,221",none,,,,,,basalt,,"RELAB specimen: 10020,221; RELAB description: fine-grained ilmenite basalt; Collection: Apollo 11; Specimen type: Returned Lunar Sample; Material origin: Natural; Material type: Rock; Material subtypes: Nonparticulate|Chip; Atlas lithology: basalt; Parent source: atlas_sample_id",subsample_or_fraction,yes,https://www.lpi.usra.edu/lunar/samples/atlas/detail/?mission=Apollo%2011&sample=10020,
3,10068,139,-99.0,no,c1lr33,LR-CMP-033,"10068,139",none,,,,,,breccia,,"RELAB specimen: 10068,139; RELAB description: Breccia , Regolith Breccia,; Collection: Apollo 11 site, Moon; Specimen type: Returned Lunar Sample; Material origin: Natural; Material type: Rock; Material subtypes: Particulate|Sorted; Atlas lithology: breccia; Parent source: atlas_sample_id",subsample_or_fraction,yes,https://www.lpi.usra.edu/lunar/samples/atlas/detail/?mission=Apollo%2011&sample=10068,
4,10068,139,-99.0,no,kalr33,LR-CMP-033,"10068,139",none,,,,,,breccia,,"RELAB specimen: 10068,139; RELAB description: Breccia , Regolith Breccia,; Collection: Apollo 11 site, Moon; Specimen type: Returned Lunar Sample; Material origin: Natural; Material type: Rock; Material subtypes: Particulate|Sorted; Atlas lithology: breccia; Parent source: atlas_sample_id",subsample_or_fraction,yes,https://www.lpi.usra.edu/lunar/samples/atlas/detail/?mission=Apollo%2011&sample=10068,
5,10068,140,-99.0,no,c1lr34,LR-CMP-034,"10068,140",none,,,,,,breccia,,"RELAB specimen: 10068,140; RELAB description: Breccia , Regolith Breccia,; Collection: Apollo 11 site, Moon; Specimen type: Returned Lunar Sample; Material origin: Natural; Material type: Rock; Material subtypes: Particulate|Sorted; Atlas lithology: breccia; Parent source: atlas_sample_id",subsample_or_fraction,yes,https://www.lpi.usra.edu/lunar/samples/atlas/detail/?mission=Apollo%2011&sample=10068,
6,10068,140,-99.0,no,kalr34,LR-CMP-034,"10068,140",none,,,,,,breccia,,"RELAB specimen: 10068,140; RELAB description: Breccia , Regolith Breccia,; Collection: Apollo 11 site, Moon; Specimen type: Returned Lunar Sample; Material origin: Natural; Material type: Rock; Material subtypes: Particulate|Sorted; Atlas lithology: breccia; Parent source: atlas_sample_id",subsample_or_fraction,yes,https://www.lpi.usra.edu/lunar/samples/atlas/detail/?mission=Apollo%2011&sample=10068,
7,10068,141,-99.0,no,kalr35,LR-CMP-035,"10068,141",none,,,,,,breccia,,"RELAB specimen: 10068,141; RELAB description: Breccia , Regolith Breccia,; Collection: Apollo 11 site, Moon; Specimen type: Returned Lunar Sample; Material origin: Natural; Material type: Rock; Material subtypes: Particulate|Sorted; Atlas lithology: breccia; Parent source: atlas_sample_id",subsample_or_fraction,yes,https://www.lpi.usra.edu/lunar/samples/atlas/detail/?mission=Apollo%2011&sample=10068,
8,10068,142,-99.0,no,kalr36,LR-CMP-036,"10068,142",none,,,,,,breccia,,"RELAB specimen: 10068,142; RELAB description: Breccia , Regolith Breccia,; Collection: Apollo 11 site, Moon; Specimen type: Returned Lunar Sample; Material origin: Natural; Material type: Rock; Material subtypes: Particulate|Sorted; Atlas lithology: breccia; Parent source: atlas_sample_id",subsample_or_fraction,yes,https://www.lpi.usra.edu/lunar/samples/atlas/detail/?mission=Apollo%2011&sample=10068,
9,10068,143,-99.0,no,kalr37,LR-CMP-037,"10068,143",none,,,,,,breccia,,"RELAB specimen: 10068,143; RELAB description: Breccia , Regolith Breccia,; Collection: Apollo 11 site, Moon; Specimen type: Returned Lunar Sample; Material origin: Natural; Material type: Rock; Material subtypes: Particulate|Sorted; Atlas lithology: breccia; Parent source: atlas_sample_id",subsample_or_fraction,yes,https://www.lpi.usra.edu/lunar/samples/atlas/detail/?mission=Apollo%2011&sample=10068,
10,10084,255,-99.0,no,c5ls31,LS-CMP-031,"10084,255",none,,,,,soil-general,,,"RELAB specimen: 10084,255; RELAB description: Mare Breccia, Bulk, Apollo 11 Breccia NASA #10084; Collection: Apollo 11; Specimen type: Returned Lunar Sample; Material origin: Natural; Material type: Unconsolidated Mixture; Material subtypes: Particulate|Mare Breccia; Atlas type: soil-general; Atlas description: The contingency sample was taken in front of quad IV of the LM. The documented sample was collected 5 meters north of the LM, the bulk sample was collected in front of quad IV by pouring scoops of loose soil to fill the voids left between rock samples in the bulk sample container. 10084 is the bulk soil sample. Soil is fine grained and hard in this sample area. There are few fragments and it is difficult to scoop deeper than 5 cm below the surface.; Parent source: atlas_sample_id",subsample_or_fraction,yes,https://www.lpi.usra.edu/lunar/samples/atlas/detail/?mission=Apollo%2011&sample=10084,
11,10084,255,-99.0,no,c6ls31,LS-CMP-031,"10084,255",none,,,,,soil-general,,,"RELAB specimen: 10084,255; RELAB description: Mare Breccia, Bulk, Apollo 11 Breccia NASA #10084; Collection: Apollo 11; Specimen type: Returned Lunar Sample; Material origin: Natural; Material type: Unconsolidated Mixture; Material subtypes: Particulate|Mare Breccia; Atlas type: soil-general; Atlas description: The contingency sample was taken in front of quad IV of the LM. The documented sample was collected 5 meters north of the LM, the bulk sample was collected in front of quad IV by pouring scoops of loose soil to fill the voids left between rock samples in the bulk sample container. 10084 is the bulk soil sample. Soil is fine grained and hard in this sample area. There are few fragments and it is difficult to scoop deeper than 5 cm below the surface.; Parent source: atlas_sample_id",subsample_or_fraction,yes,https://www.lpi.usra.edu/lunar/samples/atlas/detail/?mission=Apollo%2011&sample=10084,
12,10084,255,-99.0,no,cals31,LS-CMP-031,"10084,255",none,,,,,soil-general,,,"RELAB specimen: 10084,255; RELAB description: Mare Breccia, Bulk, Apollo 11 Breccia NASA #10084; Collection: Apollo 11; Specimen type: Returned Lunar Sample; Material origin: Natural; Material type: Unconsolidated Mixture; Material subtypes: Particulate|Mare Breccia; Atlas type: soil-general; Atlas description: The contingency sample was taken in front of quad IV of the LM. The documented sample was collected 5 meters north of the LM, the bulk sample was collected in front of quad IV by pouring scoops of loose soil to fill the voids left between rock samples in the bulk sample container. 10084 is the bulk soil sample. Soil is fine grained and hard in this sample area. There are few fragments and it is difficult to scoop deeper than 5 cm below the surface.; Parent source: atlas_sample_id",subsample_or_fraction,yes,https://www.lpi.usra.edu/lunar/samples/atlas/detail/?mission=Apollo%2011&sample=10084,
13,10084,255,-99.0,no,cbls31,LS-CMP-031,"10084,255",none,,,,,soil-general,,,"RELAB specimen: 10084,255; RELAB description: Mare Breccia, Bulk, Apollo 11 Breccia NASA #10084; Collection: Apollo 11; Specimen type: Returned Lunar Sample; Material origin: Natural; Material type: Unconsolidated Mixture; Material subtypes: Particulate|Mare Breccia; Atlas type: soil-general; Atlas description: The contingency sample was taken in front of quad IV of the LM. The documented sample was collected 5 meters north of the LM, the bulk sample was collected in front of quad IV by pouring scoops of loose soil to fill the voids left between rock samples in the bulk sample container. 10084 is the bulk soil sample. Soil is fine grained and hard in this sample area. There are few fragments and it is difficult to scoop deeper than 5 cm below the surface.; Parent source: atlas_sample_id",subsample_or_fraction,yes,https://www.lpi.usra.edu/lunar/samples/atlas/detail/?mission=Apollo%2011&sample=10084,
14,10084,255,-99.0,no,ccls31,LS-CMP-031,"10084,255",none,,,,,soil-general,,,"RELAB specimen: 10084,255; RELAB description: Mare Breccia, Bulk, Apollo 11 Breccia NASA #10084; Collection: Apollo 11; Specimen type: Returned Lunar Sample; Material origin: Natural; Material type: Unconsolidated Mixture; Material subtypes: Particulate|Mare Breccia; Atlas type: soil-general; Atlas description: The contingency sample was taken in front of quad IV of the LM. The documented sample was collected 5 meters north of the LM, the bulk sample was collected in front of quad IV by pouring scoops of loose soil to fill the voids left between rock samples in the bulk sample container. 10084 is the bulk soil sample. Soil is fine grained and hard in this sample area. There are few fragments and it is difficult to scoop deeper than 5 cm below the surface.; Parent source: atlas_sample_id",subsample_or_fraction,yes,https://www.lpi.usra.edu/lunar/samples/atlas/detail/?mission=Apollo%2011&sample=10084,
15,10084,255,-99.0,no,cdls31,LS-CMP-031,"10084,255",none,,,,,soil-general,,,"RELAB specimen: 10084,255; RELAB description: Mare Breccia, Bulk, Apollo 11 Breccia NASA #10084; Collection: Apollo 11; Specimen type: Returned Lunar Sample; Material origin: Natural; Material type: Unconsolidated Mixture; Material subtypes: Particulate|Mare Breccia; Atlas type: soil-general; Atlas description: The contingency sample was taken in front of quad IV of the LM. The documented sample was collected 5 meters north of the LM, the bulk sample was collected in front of quad IV by pouring scoops of loose soil to fill the voids left between rock samples in the bulk sample container. 10084 is the bulk soil sample. Soil is fine grained and hard in this sample area. There are few fragments and it is difficult to scoop deeper than 5 cm below the surface.; Parent source: atlas_sample_id",subsample_or_fraction,yes,https://www.lpi.usra.edu/lunar/samples/atlas/detail/?mission=Apollo%2011&sample=10084,
16,10084,255,-99.0,no,cels31,LS-CMP-031,"10084,255",none,,,,,soil-general,,,"RELAB specimen: 10084,255; RELAB description: Mare Breccia, Bulk, Apollo 11 Breccia NASA #10084; Collection: Apollo 11; Specimen type: Returned Lunar Sample; Material origin: Natural; Material type: Unconsolidated Mixture; Material subtypes: Particulate|Mare Breccia; Atlas type: soil-general; Atlas description: The contingency sample was taken in front of quad IV of the LM. The documented sample was collected 5 meters north of the LM, the bulk sample was collected in front of quad IV by pouring scoops of loose soil to fill the voids left between rock samples in the bulk sample container. 10084 is the bulk soil sample. Soil is fine grained and hard in this sample area. There are few fragments and it is difficult to scoop deeper than 5 cm below the surface.; Parent source: atlas_sample_id",subsample_or_fraction,yes,https://www.lpi.usra.edu/lunar/samples/atlas/detail/?mission=Apollo%2011&sample=10084,
17,10084,255,-99.0,no,cfls31,LS-CMP-031,"10084,255",none,,,,,soil-general,,,"RELAB specimen: 10084,255; RELAB description: Mare Breccia, Bulk, Apollo 11 Breccia NASA #10084; Collection: Apollo 11; Specimen type: Returned Lunar Sample; Material origin: Natural; Material type: Unconsolidated Mixture; Material subtypes: Particulate|Mare Breccia; Atlas type: soil-general; Atlas description: The contingency sample was taken in front of quad IV of the LM. The documented sample was collected 5 meters north of the LM, the bulk sample was collected in front of quad IV by pouring scoops of loose soil to fill the voids left between rock samples in the bulk sample container. 10084 is the bulk soil sample. Soil is fine grained and hard in this sample area. There are few fragments and it is difficult to scoop deeper than 5 cm below the surface.; Parent source: atlas_sample_id",subsample_or_fraction,yes,https://www.lpi.usra.edu/lunar/samples/atlas/detail/?mission=Apollo%2011&sample=10084,
18,10084,255,-99.0,no,cgls31,LS-CMP-031,"10084,255",none,,,,,soil-general,,,"RELAB specimen: 10084,255; RELAB description: Mare Breccia, Bulk, Apollo 11 Breccia NASA #10084; Collection: Apollo 11; Specimen type: Returned Lunar Sample; Material origin: Natural; Material type: Unconsolidated Mixture; Material subtypes: Particulate|Mare Breccia; Atlas type: soil-general; Atlas description: The contingency sample was taken in front of quad IV of the LM. The documented sample was collected 5 meters north of the LM, the bulk sample was collected in front of quad IV by pouring scoops of loose soil to fill the voids left between rock samples in the bulk sample container. 10084 is the bulk soil sample. Soil is fine grained and hard in this sample area. There are few fragments and it is difficult to scoop deeper than 5 cm below the surface.; Parent source: atlas_sample_id",subsample_or_fraction,yes,https://www.lpi.usra.edu/lunar/samples/atlas/detail/?mission=Apollo%2011&sample=10084,
19,10084,255,-99.0,no,chls31,LS-CMP-031,"10084,255",none,,,,,soil-general,,,"RELAB specimen: 10084,255; RELAB description: Mare Breccia, Bulk, Apollo 11 Breccia NASA #10084; Collection: Apollo 11; Specimen type: Returned Lunar Sample; Material origin: Natural; Material type: Unconsolidated Mixture; Material subtypes: Particulate|Mare Breccia; Atlas type: soil-general; Atlas description: The contingency sample was taken in front of quad IV of the LM. The documented sample was collected 5 meters north of the LM, the bulk sample was collected in front of quad IV by pouring scoops of loose soil to fill the voids left between rock samples in the bulk sample container. 10084 is the bulk soil sample. Soil is fine grained and hard in this sample area. There are few fragments and it is difficult to scoop deeper than 5 cm below the surface.; Parent source: atlas_sample_id",subsample_or_fraction,yes,https://www.lpi.usra.edu/lunar/samples/atlas/detail/?mission=Apollo%2011&sample=10084,
20,10084,255,-99.0,no,cils31,LS-CMP-031,"10084,255",none,,,,,soil-general,,,"RELAB specimen: 10084,255; RELAB description: Mare Breccia, Bulk, Apollo 11 Breccia NASA #10084; Collection: Apollo 11; Specimen type: Returned Lunar Sample; Material origin: Natural; Material type: Unconsolidated Mixture; Material subtypes: Particulate|Mare Breccia; Atlas type: soil-general; Atlas description: The contingency sample was taken in front of quad IV of the LM. The documented sample was collected 5 meters north of the LM, the bulk sample was collected in front of quad IV by pouring scoops of loose soil to fill the voids left between rock samples in the bulk sample container. 10084 is the bulk soil sample. Soil is fine grained and hard in this sample area. There are few fragments and it is difficult to scoop deeper than 5 cm below the surface.; Parent source: atlas_sample_id",subsample_or_fraction,yes,https://www.lpi.usra.edu/lunar/samples/atlas/detail/?mission=Apollo%2011&sample=10084,
21,10084,255,-99.0,no,cjls31,LS-CMP-031,"10084,255",none,,,,,soil-general,,,"RELAB specimen: 10084,255; RELAB description: Mare Breccia, Bulk, Apollo 11 Breccia NASA #10084; Collection: Apollo 11; Specimen type: Returned Lunar Sample; Material origin: Natural; Material type: Unconsolidated Mixture; Material subtypes: Particulate|Mare Breccia; Atlas type: soil-general; Atlas description: The contingency sample was taken in front of quad IV of the LM. The documented sample was collected 5 meters north of the LM, the bulk sample was collected in front of quad IV by pouring scoops of loose soil to fill the voids left between rock samples in the bulk sample container. 10084 is the bulk soil sample. Soil is fine grained and hard in this sample area. There are few fragments and it is difficult to scoop deeper than 5 cm below the surface.; Parent source: atlas_sample_id",subsample_or_fraction,yes,https://www.lpi.usra.edu/lunar/samples/atlas/detail/?mission=Apollo%2011&sample=10084,
22,10084,255,-99.0,no,ckls31,LS-CMP-031,"10084,255",none,,,,,soil-general,,,"RELAB specimen: 10084,255; RELAB description: Mare Breccia, Bulk, Apollo 11 Breccia NASA #10084; Collection: Apollo 11; Specimen type: Returned Lunar Sample; Material origin: Natural; Material type: Unconsolidated Mixture; Material subtypes: Particulate|Mare Breccia; Atlas type: soil-general; Atlas description: The contingency sample was taken in front of quad IV of the LM. The documented sample was collected 5 meters north of the LM, the bulk sample was collected in front of quad IV by pouring scoops of loose soil to fill the voids left between rock samples in the bulk sample container. 10084 is the bulk soil sample. Soil is fine grained and hard in this sample area. There are few fragments and it is difficult to scoop deeper than 5 cm below the surface.; Parent source: atlas_sample_id",subsample_or_fraction,yes,https://www.lpi.usra.edu/lunar/samples/atlas/detail/?mission=Apollo%2011&sample=10084,
23,10084,255,-99.0,no,clls31,LS-CMP-031,"10084,255",none,,,,,soil-general,,,"RELAB specimen: 10084,255; RELAB description: Mare Breccia, Bulk, Apollo 11 Breccia NASA #10084; Collection: Apollo 11; Specimen type: Returned Lunar Sample; Material origin: Natural; Material type: Unconsolidated Mixture; Material subtypes: Particulate|Mare Breccia; Atlas type: soil-general; Atlas description: The contingency sample was taken in front of quad IV of the LM. The documented sample was collected 5 meters north of the LM, the bulk sample was collected in front of quad IV by pouring scoops of loose soil to fill the voids left between rock samples in the bulk sample container. 10084 is the bulk soil sample. Soil is fine grained and hard in this sample area. There are few fragments and it is difficult to scoop deeper than 5 cm below the surface.; Parent source: atlas_sample_id",subsample_or_fraction,yes,https://www.lpi.usra.edu/lunar/samples/atlas/detail/?mission=Apollo%2011&sample=10084,
24,10084,255,-99.0,no,cls31g,LS-CMP-031,"10084,255",none,,,,,soil-general,,,"RELAB specimen: 10084,255; RELAB description: Mare Breccia, Bulk, Apollo 11 Breccia NASA #10084; Collection: Apollo 11; Specimen type: Returned Lunar Sample; Material origin: Natural; Material type: Unconsolidated Mixture; Material subtypes: Particulate|Mare Breccia; Atlas type: soil-general; Atlas description: The contingency sample was taken in front of quad IV of the LM. The documented sample was collected 5 meters north of the LM, the bulk sample was collected in front of quad IV by pouring scoops of loose soil to fill the voids left between rock samples in the bulk sample container. 10084 is the bulk soil sample. Soil is fine grained and hard in this sample area. There are few fragments and it is difficult to scoop deeper than 5 cm below the surface.; Parent source: atlas_sample_id",subsample_or_fraction,yes,https://www.lpi.usra.edu/lunar/samples/atlas/detail/?mission=Apollo%2011&sample=10084,
25,10084,255,-99.0,no,cls31k,LS-CMP-031,"10084,255",none,,,,,soil-general,,,"RELAB specimen: 10084,255; RELAB description: Mare Breccia, Bulk, Apollo 11 Breccia NASA #10084; Collection: Apollo 11; Specimen type: Returned Lunar Sample; Material origin: Natural; Material type: Unconsolidated Mixture; Material subtypes: Particulate|Mare Breccia; Atlas type: soil-general; Atlas description: The contingency sample was taken in front of quad IV of the LM. The documented sample was collected 5 meters north of the LM, the bulk sample was collected in front of quad IV by pouring scoops of loose soil to fill the voids left between rock samples in the bulk sample container. 10084 is the bulk soil sample. Soil is fine grained and hard in this sample area. There are few fragments and it is difficult to scoop deeper than 5 cm below the surface.; Parent source: atlas_sample_id",subsample_or_fraction,yes,https://www.lpi.usra.edu/lunar/samples/atlas/detail/?mission=Apollo%2011&sample=10084,
26,10084,255,-99.0,no,cmls31,LS-CMP-031,"10084,255",none,,,,,soil-general,,,"RELAB specimen: 10084,255; RELAB description: Mare Breccia, Bulk, Apollo 11 Breccia NASA #10084; Collection: Apollo 11; Specimen type: Returned Lunar Sample; Material origin: Natural; Material type: Unconsolidated Mixture; Material subtypes: Particulate|Mare Breccia; Atlas type: soil-general; Atlas description: The contingency sample was taken in front of quad IV of the LM. The documented sample was collected 5 meters north of the LM, the bulk sample was collected in front of quad IV by pouring scoops of loose soil to fill the voids left between rock samples in the bulk sample container. 10084 is the bulk soil sample. Soil is fine grained and hard in this sample area. There are few fragments and it is difficult to scoop deeper than 5 cm below the surface.; Parent source: atlas_sample_id",subsample_or_fraction,yes,https://www.lpi.usra.edu/lunar/samples/atlas/detail/?mission=Apollo%2011&sample=10084,
27,10084,255,-99.0,no,cnls31,LS-CMP-031,"10084,255",none,,,,,soil-general,,,"RELAB specimen: 10084,255; RELAB description: Mare Breccia, Bulk, Apollo 11 Breccia NASA #10084; Collection: Apollo 11; Specimen type: Returned Lunar Sample; Material origin: Natural; Material type: Unconsolidated Mixture; Material subtypes: Particulate|Mare Breccia; Atlas type: soil-general; Atlas description: The contingency sample was taken in front of quad IV of the LM. The documented sample was collected 5 meters north of the LM, the bulk sample was collected in front of quad IV by pouring scoops of loose soil to fill the voids left between rock samples in the bulk sample container. 10084 is the bulk soil sample. Soil is fine grained and hard in this sample area. There are few fragments and it is difficult to scoop deeper than 5 cm below the surface.; Parent source: atlas_sample_id",subsample_or_fraction,yes,https://www.lpi.usra.edu/lunar/samples/atlas/detail/?mission=Apollo%2011&sample=10084,
28,10084,255,-99.0,no,cols31,LS-CMP-031,"10084,255",none,,,,,soil-general,,,"RELAB specimen: 10084,255; RELAB description: Mare Breccia, Bulk, Apollo 11 Breccia NASA #10084; Collection: Apollo 11; Specimen type: Returned Lunar Sample; Material origin: Natural; Material type: Unconsolidated Mixture; Material subtypes: Particulate|Mare Breccia; Atlas type: soil-general; Atlas description: The contingency sample was taken in front of quad IV of the LM. The documented sample was collected 5 meters north of the LM, the bulk sample was collected in front of quad IV by pouring scoops of loose soil to fill the voids left between rock samples in the bulk sample container. 10084 is the bulk soil sample. Soil is fine grained and hard in this sample area. There are few fragments and it is difficult to scoop deeper than 5 cm below the surface.; Parent source: atlas_sample_id",subsample_or_fraction,yes,https://www.lpi.usra.edu/lunar/samples/atlas/detail/?mission=Apollo%2011&sample=10084,
29,10084,255,-99.0,no,cpls31,LS-CMP-031,"10084,255",none,,,,,soil-general,,,"RELAB specimen: 10084,255; RELAB description: Mare Breccia, Bulk, Apollo 11 Breccia NASA #10084; Collection: Apollo 11; Specimen type: Returned Lunar Sample; Material origin: Natural; Material type: Unconsolidated Mixture; Material subtypes: Particulate|Mare Breccia; Atlas type: soil-general; Atlas description: The contingency sample was taken in front of quad IV of the LM. The documented sample was collected 5 meters north of the LM, the bulk sample was collected in front of quad IV by pouring scoops of loose soil to fill the voids left between rock samples in the bulk sample container. 10084 is the bulk soil sample. Soil is fine grained and hard in this sample area. There are few fragments and it is difficult to scoop deeper than 5 cm below the surface.; Parent source: atlas_sample_id",subsample_or_fraction,yes,https://www.lpi.usra.edu/lunar/samples/atlas/detail/?mission=Apollo%2011&sample=10084,
30,10084,255,-99.0,no,cqls31,LS-CMP-031,"10084,255",none,,,,,soil-general,,,"RELAB specimen: 10084,255; RELAB description: Mare Breccia, Bulk, Apollo 11 Breccia NASA #10084; Collection: Apollo 11; Specimen type: Returned Lunar Sample; Material origin: Natural; Material type: Unconsolidated Mixture; Material subtypes: Particulate|Mare Breccia; Atlas type: soil-general; Atlas description: The contingency sample was taken in front of quad IV of the LM. The documented sample was collected 5 meters north of the LM, the bulk sample was collected in front of quad IV by pouring scoops of loose soil to fill the voids left between rock samples in the bulk sample container. 10084 is the bulk soil sample. Soil is fine grained and hard in this sample area. There are few fragments and it is difficult to scoop deeper than 5 cm below the surface.; Parent source: atlas_sample_id",subsample_or_fraction,yes,https://www.lpi.usra.edu/lunar/samples/atlas/detail/?mission=Apollo%2011&sample=10084,
31,10084,255,-99.0,no,crls31,LS-CMP-031,"10084,255",none,,,,,soil-general,,,"RELAB specimen: 10084,255; RELAB description: Mare Breccia, Bulk, Apollo 11 Breccia NASA #10084; Collection: Apollo 11; Specimen type: Returned Lunar Sample; Material origin: Natural; Material type: Unconsolidated Mixture; Material subtypes: Particulate|Mare Breccia; Atlas type: soil-general; Atlas description: The contingency sample was taken in front of quad IV of the LM. The documented sample was collected 5 meters north of the LM, the bulk sample was collected in front of quad IV by pouring scoops of loose soil to fill the voids left between rock samples in the bulk sample container. 10084 is the bulk soil sample. Soil is fine grained and hard in this sample area. There are few fragments and it is difficult to scoop deeper than 5 cm below the surface.; Parent source: atlas_sample_id",subsample_or_fraction,yes,https://www.lpi.usra.edu/lunar/samples/atlas/detail/?mission=Apollo%2011&sample=10084,
32,10084,255,-99.0,no,csls31,LS-CMP-031,"10084,255",none,,,,,soil-general,,,"RELAB specimen: 10084,255; RELAB description: Mare Breccia, Bulk, Apollo 11 Breccia NASA #10084; Collection: Apollo 11; Specimen type: Returned Lunar Sample; Material origin: Natural; Material type: Unconsolidated Mixture; Material subtypes: Particulate|Mare Breccia; Atlas type: soil-general; Atlas description: The contingency sample was taken in front of quad IV of the LM. The documented sample was collected 5 meters north of the LM, the bulk sample was collected in front of quad IV by pouring scoops of loose soil to fill the voids left between rock samples in the bulk sample container. 10084 is the bulk soil sample. Soil is fine grained and hard in this sample area. There are few fragments and it is difficult to scoop deeper than 5 cm below the surface.; Parent source: atlas_sample_id",subsample_or_fraction,yes,https://www.lpi.usra.edu/lunar/samples/atlas/detail/?mission=Apollo%2011&sample=10084,
33,10084,255,-99.0,no,ctls31,LS-CMP-031,"10084,255",none,,,,,soil-general,,,"RELAB specimen: 10084,255; RELAB description: Mare Breccia, Bulk, Apollo 11 Breccia NASA #10084; Collection: Apollo 11; Specimen type: Returned Lunar Sample; Material origin: Natural; Material type: Unconsolidated Mixture; Material subtypes: Particulate|Mare Breccia; Atlas type: soil-general; Atlas description: The contingency sample was taken in front of quad IV of the LM. The documented sample was collected 5 meters north of the LM, the bulk sample was collected in front of quad IV by pouring scoops of loose soil to fill the voids left between rock samples in the bulk sample container. 10084 is the bulk soil sample. Soil is fine grained and hard in this sample area. There are few fragments and it is difficult to scoop deeper than 5 cm below the surface.; Parent source: atlas_sample_id",subsample_or_fraction,yes,https://www.lpi.usra.edu/lunar/samples/atlas/detail/?mission=Apollo%2011&sample=10084,
34,10084,255,-99.0,no,culs31,LS-CMP-031,"10084,255",none,,,,,soil-general,,,"RELAB specimen: 10084,255; RELAB description: Mare Breccia, Bulk, Apollo 11 Breccia NASA #10084; Collection: Apollo 11; Specimen type: Returned Lunar Sample; Material origin: Natural; Material type: Unconsolidated Mixture; Material subtypes: Particulate|Mare Breccia; Atlas type: soil-general; Atlas description: The contingency sample was taken in front of quad IV of the LM. The documented sample was collected 5 meters north of the LM, the bulk sample was collected in front of quad IV by pouring scoops of loose soil to fill the voids left between rock samples in the bulk sample container. 10084 is the bulk soil sample. Soil is fine grained and hard in this sample area. There are few fragments and it is difficult to scoop deeper than 5 cm below the surface.; Parent source: atlas_sample_id",subsample_or_fraction,yes,https://www.lpi.usra.edu/lunar/samples/atlas/detail/?mission=Apollo%2011&sample=10084,
35,10084,255,-99.0,no,cvls31,LS-CMP-031,"10084,255",none,,,,,soil-general,,,"RELAB specimen: 10084,255; RELAB description: Mare Breccia, Bulk, Apollo 11 Breccia NASA #10084; Collection: Apollo 11; Specimen type: Returned Lunar Sample; Material origin: Natural; Material type: Unconsolidated Mixture; Material subtypes: Particulate|Mare Breccia; Atlas type: soil-general; Atlas description: The contingency sample was taken in front of quad IV of the LM. The documented sample was collected 5 meters north of the LM, the bulk sample was collected in front of quad IV by pouring scoops of loose soil to fill the voids left between rock samples in the bulk sample container. 10084 is the bulk soil sample. Soil is fine grained and hard in this sample area. There are few fragments and it is difficult to scoop deeper than 5 cm below the surface.; Parent source: atlas_sample_id",subsample_or_fraction,yes,https://www.lpi.usra.edu/lunar/samples/atlas/detail/?mission=Apollo%2011&sample=10084,
36,10084,255,-99.0,no,cwls31,LS-CMP-031,"10084,255",none,,,,,soil-general,,,"RELAB specimen: 10084,255; RELAB description: Mare Breccia, Bulk, Apollo 11 Breccia NASA #10084; Collection: Apollo 11; Specimen type: Returned Lunar Sample; Material origin: Natural; Material type: Unconsolidated Mixture; Material subtypes: Particulate|Mare Breccia; Atlas type: soil-general; Atlas description: The contingency sample was taken in front of quad IV of the LM. The documented sample was collected 5 meters north of the LM, the bulk sample was collected in front of quad IV by pouring scoops of loose soil to fill the voids left between rock samples in the bulk sample container. 10084 is the bulk soil sample. Soil is fine grained and hard in this sample area. There are few fragments and it is difficult to scoop deeper than 5 cm below the surface.; Parent source: atlas_sample_id",subsample_or_fraction,yes,https://www.lpi.usra.edu/lunar/samples/atlas/detail/?mission=Apollo%2011&sample=10084,
37,10084,255,-99.0,no,cxls31,LS-CMP-031,"10084,255",none,,,,,soil-general,,,"RELAB specimen: 10084,255; RELAB description: Mare Breccia, Bulk, Apollo 11 Breccia NASA #10084; Collection: Apollo 11; Specimen type: Returned Lunar Sample; Material origin: Natural; Material type: Unconsolidated Mixture; Material subtypes: Particulate|Mare Breccia; Atlas type: soil-general; Atlas description: The contingency sample was taken in front of quad IV of the LM. The documented sample was collected 5 meters north of the LM, the bulk sample was collected in front of quad IV by pouring scoops of loose soil to fill the voids left between rock samples in the bulk sample container. 10084 is the bulk soil sample. Soil is fine grained and hard in this sample area. There are few fragments and it is difficult to scoop deeper than 5 cm below the surface.; Parent source: atlas_sample_id",subsample_or_fraction,yes,https://www.lpi.usra.edu/lunar/samples/atlas/detail/?mission=Apollo%2011&sample=10084,
38,10084,255,-99.0,no,n1ls31,LS-CMP-031,"10084,255",none,,,,,soil-general,,,"RELAB specimen: 10084,255; RELAB description: Mare Breccia, Bulk, Apollo 11 Breccia NASA #10084; Collection: Apollo 11; Specimen type: Returned Lunar Sample; Material origin: Natural; Material type: Unconsolidated Mixture; Material subtypes: Particulate|Mare Breccia; Atlas type: soil-general; Atlas description: The contingency sample was taken in front of quad IV of the LM. The documented sample was collected 5 meters north of the LM, the bulk sample was collected in front of quad IV by pouring scoops of loose soil to fill the voids left between rock samples in the bulk sample container. 10084 is the bulk soil sample. Soil is fine grained and hard in this sample area. There are few fragments and it is difficult to scoop deeper than 5 cm below the surface.; Parent source: atlas_sample_id",subsample_or_fraction,yes,https://www.lpi.usra.edu/lunar/samples/atlas/detail/?mission=Apollo%2011&sample=10084,
39,10084,255,-99.0,no,n2ls31,LS-CMP-031,"10084,255",none,,,,,soil-general,,,"RELAB specimen: 10084,255; RELAB description: Mare Breccia, Bulk, Apollo 11 Breccia NASA #10084; Collection: Apollo 11; Specimen type: Returned Lunar Sample; Material origin: Natural; Material type: Unconsolidated Mixture; Material subtypes: Particulate|Mare Breccia; Atlas type: soil-general; Atlas description: The contingency sample was taken in front of quad IV of the LM. The documented sample was collected 5 meters north of the LM, the bulk sample was collected in front of quad IV by pouring scoops of loose soil to fill the voids left between rock samples in the bulk sample container. 10084 is the bulk soil sample. Soil is fine grained and hard in this sample area. There are few fragments and it is difficult to scoop deeper than 5 cm below the surface.; Parent source: atlas_sample_id",subsample_or_fraction,yes,https://www.lpi.usra.edu/lunar/samples/atlas/detail/?mission=Apollo%2011&sample=10084,
40,10084,255,-99.0,no,n4ls31,LS-CMP-031,"10084,255",none,,,,,soil-general,,,"RELAB specimen: 10084,255; RELAB description: Mare Breccia, Bulk, Apollo 11 Breccia NASA #10084; Collection: Apollo 11; Specimen type: Returned Lunar Sample; Material origin: Natural; Material type: Unconsolidated Mixture; Material subtypes: Particulate|Mare Breccia; Atlas type: soil-general; Atlas description: The contingency sample was taken in front of quad IV of the LM. The documented sample was collected 5 meters north of the LM, the bulk sample was collected in front of quad IV by pouring scoops of loose soil to fill the voids left between rock samples in the bulk sample container. 10084 is the bulk soil sample. Soil is fine grained and hard in this sample area. There are few fragments and it is difficult to scoop deeper than 5 cm below the surface.; Parent source: atlas_sample_id",subsample_or_fraction,yes,https://www.lpi.usra.edu/lunar/samples/atlas/detail/?mission=Apollo%2011&sample=10084,
41,10084,1776,-99.0,no,c2ls45,LS-CMP-045,"10084,1776",none,,,,,soil-general,,,"RELAB specimen: 10084,1776; RELAB description: Mare Breccia, Aglutinate, Apollo 11 Sample 10084.1776 High aglutinate separate; Collection: Apollo 11; Specimen type: Returned Lunar Sample; Material origin: Natural; Material type: Unconsolidated Mixture; Material subtypes: Particulate|Mare Breccia; Atlas type: soil-general; Atlas description: The contingency sample was taken in front of quad IV of the LM. The documented sample was collected 5 meters north of the LM, the bulk sample was collected in front of quad IV by pouring scoops of loose soil to fill the voids left between rock samples in the bulk sample container. 10084 is the bulk soil sample. Soil is fine grained and hard in this sample area. There are few fragments and it is difficult to scoop deeper than 5 cm below the surface.; Parent source: atlas_sample_id",subsample_or_fraction,yes,https://www.lpi.usra.edu/lunar/samples/atlas/detail/?mission=Apollo%2011&sample=10084,
42,10084,1777,-99.0,no,c1ls46,LS-CMP-046,"10084,1777",none,,,,,soil-general,,,"RELAB specimen: 10084,1777; RELAB description: Mare Breccia, Bulk, Apollo 11 Sample #10084.1777 Low Aglutinate Separate; Collection: Apollo 11; Specimen type: Returned Lunar Sample; Material origin: Natural; Material type: Unconsolidated Mixture; Material subtypes: Particulate|Mare Breccia; Atlas type: soil-general; Atlas description: The contingency sample was taken in front of quad IV of the LM. The documented sample was collected 5 meters north of the LM, the bulk sample was collected in front of quad IV by pouring scoops of loose soil to fill the voids left between rock samples in the bulk sample container. 10084 is the bulk soil sample. Soil is fine grained and hard in this sample area. There are few fragments and it is difficult to scoop deeper than 5 cm below the surface.; Parent source: atlas_sample_id",subsample_or_fraction,yes,https://www.lpi.usra.edu/lunar/samples/atlas/detail/?mission=Apollo%2011&sample=10084,
43,10084,1778,-99.0,no,n1ls47,LS-CMP-047,"10084,1778",none,,,,,soil-general,,,"RELAB specimen: 10084,1778; RELAB description: Mare Breccia, Bulk, Apollo 11 Sample #10084.1778 High Aglutinate Separate; Collection: Apollo 11; Specimen type: Returned Lunar Sample; Material origin: Natural; Material type: Unconsolidated Mixture; Material subtypes: Particulate|Mare Breccia; Atlas type: soil-general; Atlas description: The contingency sample was taken in front of quad IV of the LM. The documented sample was collected 5 meters north of the LM, the bulk sample was collected in front of quad IV by pouring scoops of loose soil to fill the voids left between rock samples in the bulk sample container. 10084 is the bulk soil sample. Soil is fine grained and hard in this sample area. There are few fragments and it is difficult to scoop deeper than 5 cm below the surface.; Parent source: atlas_sample_id",subsample_or_fraction,yes,https://www.lpi.usra.edu/lunar/samples/atlas/detail/?mission=Apollo%2011&sample=10084,
44,10084,1778,-99.0,no,n2ls47,LS-CMP-047,"10084,1778",none,,,,,soil-general,,,"RELAB specimen: 10084,1778; RELAB description: Mare Breccia, Bulk, Apollo 11 Sample #10084.1778 High Aglutinate Separate; Collection: Apollo 11; Specimen type: Returned Lunar Sample; Material origin: Natural; Material type: Unconsolidated Mixture; Material subtypes: Particulate|Mare Breccia; Atlas type: soil-general; Atlas description: The contingency sample was taken in front of quad IV of the LM. The documented sample was collected 5 meters north of the LM, the bulk sample was collected in front of quad IV by pouring scoops of loose soil to fill the voids left between rock samples in the bulk sample container. 10084 is the bulk soil sample. Soil is fine grained and hard in this sample area. There are few fragments and it is difficult to scoop deeper than 5 cm below the surface.; Parent source: atlas_sample_id",subsample_or_fraction,yes,https://www.lpi.usra.edu/lunar/samples/atlas/detail/?mission=Apollo%2011&sample=10084,
45,10084,1778,-99.0,no,n3ls47,LS-CMP-047,"10084,1778",none,,,,,soil-general,,,"RELAB specimen: 10084,1778; RELAB description: Mare Breccia, Bulk, Apollo 11 Sample #10084.1778 High Aglutinate Separate; Collection: Apollo 11; Specimen type: Returned Lunar Sample; Material origin: Natural; Material type: Unconsolidated Mixture; Material subtypes: Particulate|Mare Breccia; Atlas type: soil-general; Atlas description: The contingency sample was taken in front of quad IV of the LM. The documented sample was collected 5 meters north of the LM, the bulk sample was collected in front of quad IV by pouring scoops of loose soil to fill the voids left between rock samples in the bulk sample container. 10084 is the bulk soil sample. Soil is fine grained and hard in this sample area. There are few fragments and it is difficult to scoop deeper than 5 cm below the surface.; Parent source: atlas_sample_id",subsample_or_fraction,yes,https://www.lpi.usra.edu/lunar/samples/atlas/detail/?mission=Apollo%2011&sample=10084,
46,10084,1778,-99.0,no,n4ls47,LS-CMP-047,"10084,1778",none,,,,,soil-general,,,"RELAB specimen: 10084,1778; RELAB description: Mare Breccia, Bulk, Apollo 11 Sample #10084.1778 High Aglutinate Separate; Collection: Apollo 11; Specimen type: Returned Lunar Sample; Material origin: Natural; Material type: Unconsolidated Mixture; Material subtypes: Particulate|Mare Breccia; Atlas type: soil-general; Atlas description: The contingency sample was taken in front of quad IV of the LM. The documented sample was collected 5 meters north of the LM, the bulk sample was collected in front of quad IV by pouring scoops of loose soil to fill the voids left between rock samples in the bulk sample container. 10084 is the bulk soil sample. Soil is fine grained and hard in this sample area. There are few fragments and it is difficult to scoop deeper than 5 cm below the surface.; Parent source: atlas_sample_id",subsample_or_fraction,yes,https://www.lpi.usra.edu/lunar/samples/atlas/detail/?mission=Apollo%2011&sample=10084,
47,10084,1778,-99.0,no,n5ls47,LS-CMP-047,"10084,1778",none,,,,,soil-general,,,"RELAB specimen: 10084,1778; RELAB description: Mare Breccia, Bulk, Apollo 11 Sample #10084.1778 High Aglutinate Separate; Collection: Apollo 11; Specimen type: Returned Lunar Sample; Material origin: Natural; Material type: Unconsolidated Mixture; Material subtypes: Particulate|Mare Breccia; Atlas type: soil-general; Atlas description: The contingency sample was taken in front of quad IV of the LM. The documented sample was collected 5 meters north of the LM, the bulk sample was collected in front of quad IV by pouring scoops of loose soil to fill the voids left between rock samples in the bulk sample container. 10084 is the bulk soil sample. Soil is fine grained and hard in this sample area. There are few fragments and it is difficult to scoop deeper than 5 cm below the surface.; Parent source: atlas_sample_id",subsample_or_fraction,yes,https://www.lpi.usra.edu/lunar/samples/atlas/detail/?mission=Apollo%2011&sample=10084,
48,10084,1778,-99.0,no,n6ls47,LS-CMP-047,"10084,1778",none,,,,,soil-general,,,"RELAB specimen: 10084,1778; RELAB description: Mare Breccia, Bulk, Apollo 11 Sample #10084.1778 High Aglutinate Separate; Collection: Apollo 11; Specimen type: Returned Lunar Sample; Material origin: Natural; Material type: Unconsolidated Mixture; Material subtypes: Particulate|Mare Breccia; Atlas type: soil-general; Atlas description: The contingency sample was taken in front of quad IV of the LM. The documented sample was collected 5 meters north of the LM, the bulk sample was collected in front of quad IV by pouring scoops of loose soil to fill the voids left between rock samples in the bulk sample container. 10084 is the bulk soil sample. Soil is fine grained and hard in this sample area. There are few fragments and it is difficult to scoop deeper than 5 cm below the surface.; Parent source: atlas_sample_id",subsample_or_fraction,yes,https://www.lpi.usra.edu/lunar/samples/atlas/detail/?mission=Apollo%2011&sample=10084,
49,10084,1778,-99.0,no,nals47,LS-CMP-047,"10084,1778",none,,,,,soil-general,,,"RELAB specimen: 10084,1778; RELAB description: Mare Breccia, Bulk, Apollo 11 Sample #10084.1778 High Aglutinate Separate; Collection: Apollo 11; Specimen type: Returned Lunar Sample; Material origin: Natural; Material type: Unconsolidated Mixture; Material subtypes: Particulate|Mare Breccia; Atlas type: soil-general; Atlas description: The contingency sample was taken in front of quad IV of the LM. The documented sample was collected 5 meters north of the LM, the bulk sample was collected in front of quad IV by pouring scoops of loose soil to fill the voids left between rock samples in the bulk sample container. 10084 is the bulk soil sample. Soil is fine grained and hard in this sample area. There are few fragments and it is difficult to scoop deeper than 5 cm below the surface.; Parent source: atlas_sample_id",subsample_or_fraction,yes,https://www.lpi.usra.edu/lunar/samples/atlas/detail/?mission=Apollo%2011&sample=10084,
50,10084,1779,-99.0,no,c1ls48,LS-CMP-048,"10084,1779",none,,,,,soil-general,,,"RELAB specimen: 10084,1779; RELAB description: Mare Breccia, Bulk, Apollo 11 Sample #10084.1779 Low Aglutinate Separate; Collection: Apollo 11; Specimen type: Returned Lunar Sample; Material origin: Natural; Material type: Unconsolidated Mixture; Material subtypes: Particulate|Mare Breccia; Atlas type: soil-general; Atlas description: The contingency sample was taken in front of quad IV of the LM. The documented sample was collected 5 meters north of the LM, the bulk sample was collected in front of quad IV by pouring scoops of loose soil to fill the voids left between rock samples in the bulk sample container. 10084 is the bulk soil sample. Soil is fine grained and hard in this sample area. There are few fragments and it is difficult to scoop deeper than 5 cm below the surface.; Parent source: atlas_sample_id",subsample_or_fraction,yes,https://www.lpi.usra.edu/lunar/samples/atlas/detail/?mission=Apollo%2011&sample=10084,
51,10084,1779,-99.0,no,n1ls48,LS-CMP-048,"10084,1779",none,,,,,soil-general,,,"RELAB specimen: 10084,1779; RELAB description: Mare Breccia, Bulk, Apollo 11 Sample #10084.1779 Low Aglutinate Separate; Collection: Apollo 11; Specimen type: Returned Lunar Sample; Material origin: Natural; Material type: Unconsolidated Mixture; Material subtypes: Particulate|Mare Breccia; Atlas type: soil-general; Atlas description: The contingency sample was taken in front of quad IV of the LM. The documented sample was collected 5 meters north of the LM, the bulk sample was collected in front of quad IV by pouring scoops of loose soil to fill the voids left between rock samples in the bulk sample container. 10084 is the bulk soil sample. Soil is fine grained and hard in this sample area. There are few fragments and it is difficult to scoop deeper than 5 cm below the surface.; Parent source: atlas_sample_id",subsample_or_fraction,yes,https://www.lpi.usra.edu/lunar/samples/atlas/detail/?mission=Apollo%2011&sample=10084,
52,10084,1779,-99.0,no,n2ls48,LS-CMP-048,"10084,1779",none,,,,,soil-general,,,"RELAB specimen: 10084,1779; RELAB description: Mare Breccia, Bulk, Apollo 11 Sample #10084.1779 Low Aglutinate Separate; Collection: Apollo 11; Specimen type: Returned Lunar Sample; Material origin: Natural; Material type: Unconsolidated Mixture; Material subtypes: Particulate|Mare Breccia; Atlas type: soil-general; Atlas description: The contingency sample was taken in front of quad IV of the LM. The documented sample was collected 5 meters north of the LM, the bulk sample was collected in front of quad IV by pouring scoops of loose soil to fill the voids left between rock samples in the bulk sample container. 10084 is the bulk soil sample. Soil is fine grained and hard in this sample area. There are few fragments and it is difficult to scoop deeper than 5 cm below the surface.; Parent source: atlas_sample_id",subsample_or_fraction,yes,https://www.lpi.usra.edu/lunar/samples/atlas/detail/?mission=Apollo%2011&sample=10084,
53,10084,1779,-99.0,no,n3ls48,LS-CMP-048,"10084,1779",none,,,,,soil-general,,,"RELAB specimen: 10084,1779; RELAB description: Mare Breccia, Bulk, Apollo 11 Sample #10084.1779 Low Aglutinate Separate; Collection: Apollo 11; Specimen type: Returned Lunar Sample; Material origin: Natural; Material type: Unconsolidated Mixture; Material subtypes: Particulate|Mare Breccia; Atlas type: soil-general; Atlas description: The contingency sample was taken in front of quad IV of the LM. The documented sample was collected 5 meters north of the LM, the bulk sample was collected in front of quad IV by pouring scoops of loose soil to fill the voids left between rock samples in the bulk sample container. 10084 is the bulk soil sample. Soil is fine grained and hard in this sample area. There are few fragments and it is difficult to scoop deeper than 5 cm below the surface.; Parent source: atlas_sample_id",subsample_or_fraction,yes,https://www.lpi.usra.edu/lunar/samples/atlas/detail/?mission=Apollo%2011&sample=10084,
54,10084,1779,-99.0,no,n4ls48,LS-CMP-048,"10084,1779",none,,,,,soil-general,,,"RELAB specimen: 10084,1779; RELAB description: Mare Breccia, Bulk, Apollo 11 Sample #10084.1779 Low Aglutinate Separate; Collection: Apollo 11; Specimen type: Returned Lunar Sample; Material origin: Natural; Material type: Unconsolidated Mixture; Material subtypes: Particulate|Mare Breccia; Atlas type: soil-general; Atlas description: The contingency sample was taken in front of quad IV of the LM. The documented sample was collected 5 meters north of the LM, the bulk sample was collected in front of quad IV by pouring scoops of loose soil to fill the voids left between rock samples in the bulk sample container. 10084 is the bulk soil sample. Soil is fine grained and hard in this sample area. There are few fragments and it is difficult to scoop deeper than 5 cm below the surface.; Parent source: atlas_sample_id",subsample_or_fraction,yes,https://www.lpi.usra.edu/lunar/samples/atlas/detail/?mission=Apollo%2011&sample=10084,
55,10084,1779,-99.0,no,n5ls48,LS-CMP-048,"10084,1779",none,,,,,soil-general,,,"RELAB specimen: 10084,1779; RELAB description: Mare Breccia, Bulk, Apollo 11 Sample #10084.1779 Low Aglutinate Separate; Collection: Apollo 11; Specimen type: Returned Lunar Sample; Material origin: Natural; Material type: Unconsolidated Mixture; Material subtypes: Particulate|Mare Breccia; Atlas type: soil-general; Atlas description: The contingency sample was taken in front of quad IV of the LM. The documented sample was collected 5 meters north of the LM, the bulk sample was collected in front of quad IV by pouring scoops of loose soil to fill the voids left between rock samples in the bulk sample container. 10084 is the bulk soil sample. Soil is fine grained and hard in this sample area. There are few fragments and it is difficult to scoop deeper than 5 cm below the surface.; Parent source: atlas_sample_id",subsample_or_fraction,yes,https://www.lpi.usra.edu/lunar/samples/atlas/detail/?mission=Apollo%2011&sample=10084,
56,10084,1779,-99.0,no,n6ls48,LS-CMP-048,"10084,1779",none,,,,,soil-general,,,"RELAB specimen: 10084,1779; RELAB description: Mare Breccia, Bulk, Apollo 11 Sample #10084.1779 Low Aglutinate Separate; Collection: Apollo 11; Specimen type: Returned Lunar Sample; Material origin: Natural; Material type: Unconsolidated Mixture; Material subtypes: Particulate|Mare Breccia; Atlas type: soil-general; Atlas description: The contingency sample was taken in front of quad IV of the LM. The documented sample was collected 5 meters north of the LM, the bulk sample was collected in front of quad IV by pouring scoops of loose soil to fill the voids left between rock samples in the bulk sample container. 10084 is the bulk soil sample. Soil is fine grained and hard in this sample area. There are few fragments and it is difficult to scoop deeper than 5 cm below the surface.; Parent source: atlas_sample_id",subsample_or_fraction,yes,https://www.lpi.usra.edu/lunar/samples/atlas/detail/?mission=Apollo%2011&sample=10084,
57,10084,1779,-99.0,no,nals48,LS-CMP-048,"10084,1779",none,,,,,soil-general,,,"RELAB specimen: 10084,1779; RELAB description: Mare Breccia, Bulk, Apollo 11 Sample #10084.1779 Low Aglutinate Separate; Collection: Apollo 11; Specimen type: Returned Lunar Sample; Material origin: Natural; Material type: Unconsolidated Mixture; Material subtypes: Particulate|Mare Breccia; Atlas type: soil-general; Atlas description: The contingency sample was taken in front of quad IV of the LM. The documented sample was collected 5 meters north of the LM, the bulk sample was collected in front of quad IV by pouring scoops of loose soil to fill the voids left between rock samples in the bulk sample container. 10084 is the bulk soil sample. Soil is fine grained and hard in this sample area. There are few fragments and it is difficult to scoop deeper than 5 cm below the surface.; Parent source: atlas_sample_id",subsample_or_fraction,yes,https://www.lpi.usra.edu/lunar/samples/atlas/detail/?mission=Apollo%2011&sample=10084,
58,10084,1780,-99.0,no,c1ls49,LS-CMP-049,"10084,1780",none,,,,,soil-general,,,"RELAB specimen: 10084,1780; RELAB description: Mare Breccia, Bulk, Apollo 11 sample #10084.1780; Collection: Apollo 11; Specimen type: Returned Lunar Sample; Material origin: Natural; Material type: Unconsolidated Mixture; Material subtypes: Particulate|Mare Breccia; Atlas type: soil-general; Atlas description: The contingency sample was taken in front of quad IV of the LM. The documented sample was collected 5 meters north of the LM, the bulk sample was collected in front of quad IV by pouring scoops of loose soil to fill the voids left between rock samples in the bulk sample container. 10084 is the bulk soil sample. Soil is fine grained and hard in this sample area. There are few fragments and it is difficult to scoop deeper than 5 cm below the surface.; Parent source: atlas_sample_id",subsample_or_fraction,yes,https://www.lpi.usra.edu/lunar/samples/atlas/detail/?mission=Apollo%2011&sample=10084,
59,10084,1780,-99.0,no,cals49,LS-CMP-049-A,"10084,1780 <45 um",none,,,,,soil-general,,,"RELAB specimen: 10084,1780 <45 um; RELAB description: Mare Breccia, Bulk, Apollo 11 sample #10084.1780; Collection: Apollo 11; Specimen type: Returned Lunar Sample; Material origin: Natural; Material type: Unconsolidated Mixture; Material subtypes: Particulate|Mare Breccia; Atlas type: soil-general; Atlas description: The contingency sample was taken in front of quad IV of the LM. The documented sample was collected 5 meters north of the LM, the bulk sample was collected in front of quad IV by pouring scoops of loose soil to fill the voids left between rock samples in the bulk sample container. 10084 is the bulk soil sample. Soil is fine grained and hard in this sample area. There are few fragments and it is difficult to scoop deeper than 5 cm below the surface.; Parent source: atlas_sample_id",subsample_or_fraction,yes,https://www.lpi.usra.edu/lunar/samples/atlas/detail/?mission=Apollo%2011&sample=10084,
60,10084,1780,-99.0,no,cdls49,LS-CMP-049-D,"10084,1780 45-250 um",none,,,,,soil-general,,,"RELAB specimen: 10084,1780 45-250 um; RELAB description: Mare Breccia, Bulk, Apollo 11 sample #10084.1780; Collection: Apollo 11; Specimen type: Returned Lunar Sample; Material origin: Natural; Material type: Unconsolidated Mixture; Material subtypes: Particulate|Mare Breccia; Atlas type: soil-general; Atlas description: The contingency sample was taken in front of quad IV of the LM. The documented sample was collected 5 meters north of the LM, the bulk sample was collected in front of quad IV by pouring scoops of loose soil to fill the voids left between rock samples in the bulk sample container. 10084 is the bulk soil sample. Soil is fine grained and hard in this sample area. There are few fragments and it is difficult to scoop deeper than 5 cm below the surface.; Parent source: atlas_sample_id",subsample_or_fraction,yes,https://www.lpi.usra.edu/lunar/samples/atlas/detail/?mission=Apollo%2011&sample=10084,
61,10084,1780,-99.0,no,cffl49,LS-CMP-049-F,"10084,1780 25-45 um",none,,,,,soil-general,,,"RELAB specimen: 10084,1780 25-45 um; RELAB description: Mare Breccia, Bulk, Apollo 11 sample #10084.1780; Collection: Apollo 11; Specimen type: Returned Lunar Sample; Material origin: Natural; Material type: Unconsolidated Mixture; Material subtypes: Particulate|Mare Breccia; Atlas type: soil-general; Atlas description: The contingency sample was taken in front of quad IV of the LM. The documented sample was collected 5 meters north of the LM, the bulk sample was collected in front of quad IV by pouring scoops of loose soil to fill the voids left between rock samples in the bulk sample container. 10084 is the bulk soil sample. Soil is fine grained and hard in this sample area. There are few fragments and it is difficult to scoop deeper than 5 cm below the surface.; Parent source: atlas_sample_id",subsample_or_fraction,yes,https://www.lpi.usra.edu/lunar/samples/atlas/detail/?mission=Apollo%2011&sample=10084,
62,10084,1780,-99.0,no,cfls49,LS-CMP-049-F,"10084,1780 25-45 um",none,,,,,soil-general,,,"RELAB specimen: 10084,1780 25-45 um; RELAB description: Mare Breccia, Bulk, Apollo 11 sample #10084.1780; Collection: Apollo 11; Specimen type: Returned Lunar Sample; Material origin: Natural; Material type: Unconsolidated Mixture; Material subtypes: Particulate|Mare Breccia; Atlas type: soil-general; Atlas description: The contingency sample was taken in front of quad IV of the LM. The documented sample was collected 5 meters north of the LM, the bulk sample was collected in front of quad IV by pouring scoops of loose soil to fill the voids left between rock samples in the bulk sample container. 10084 is the bulk soil sample. Soil is fine grained and hard in this sample area. There are few fragments and it is difficult to scoop deeper than 5 cm below the surface.; Parent source: atlas_sample_id",subsample_or_fraction,yes,https://www.lpi.usra.edu/lunar/samples/atlas/detail/?mission=Apollo%2011&sample=10084,
63,10084,1780,-99.0,no,cgls49,LS-CMP-049-G,"10084,1780 45-75 um",none,,,,,soil-general,,,"RELAB specimen: 10084,1780 45-75 um; RELAB description: Mare Breccia, Bulk, Apollo 11 sample #10084.1780; Collection: Apollo 11; Specimen type: Returned Lunar Sample; Material origin: Natural; Material type: Unconsolidated Mixture; Material subtypes: Particulate|Mare Breccia; Atlas type: soil-general; Atlas description: The contingency sample was taken in front of quad IV of the LM. The documented sample was collected 5 meters north of the LM, the bulk sample was collected in front of quad IV by pouring scoops of loose soil to fill the voids left between rock samples in the bulk sample container. 10084 is the bulk soil sample. Soil is fine grained and hard in this sample area. There are few fragments and it is difficult to scoop deeper than 5 cm below the surface.; Parent source: atlas_sample_id",subsample_or_fraction,yes,https://www.lpi.usra.edu/lunar/samples/atlas/detail/?mission=Apollo%2011&sample=10084,
64,10084,1780,-99.0,no,chls49,LS-CMP-049-H,"10084,1780 75-125 um",none,,,,,soil-general,,,"RELAB specimen: 10084,1780 75-125 um; RELAB description: Mare Breccia, Bulk, Apollo 11 sample #10084.1780; Collection: Apollo 11; Specimen type: Returned Lunar Sample; Material origin: Natural; Material type: Unconsolidated Mixture; Material subtypes: Particulate|Mare Breccia; Atlas type: soil-general; Atlas description: The contingency sample was taken in front of quad IV of the LM. The documented sample was collected 5 meters north of the LM, the bulk sample was collected in front of quad IV by pouring scoops of loose soil to fill the voids left between rock samples in the bulk sample container. 10084 is the bulk soil sample. Soil is fine grained and hard in this sample area. There are few fragments and it is difficult to scoop deeper than 5 cm below the surface.; Parent source: atlas_sample_id",subsample_or_fraction,yes,https://www.lpi.usra.edu/lunar/samples/atlas/detail/?mission=Apollo%2011&sample=10084,
65,10084,1780,-99.0,no,cils49,LS-CMP-049-I,"10084,1780 125-250 um",none,,,,,soil-general,,,"RELAB specimen: 10084,1780 125-250 um; RELAB description: Mare Breccia, Bulk, Apollo 11 sample #10084.1780; Collection: Apollo 11; Specimen type: Returned Lunar Sample; Material origin: Natural; Material type: Unconsolidated Mixture; Material subtypes: Particulate|Mare Breccia; Atlas type: soil-general; Atlas description: The contingency sample was taken in front of quad IV of the LM. The documented sample was collected 5 meters north of the LM, the bulk sample was collected in front of quad IV by pouring scoops of loose soil to fill the voids left between rock samples in the bulk sample container. 10084 is the bulk soil sample. Soil is fine grained and hard in this sample area. There are few fragments and it is difficult to scoop deeper than 5 cm below the surface.; Parent source: atlas_sample_id",subsample_or_fraction,yes,https://www.lpi.usra.edu/lunar/samples/atlas/detail/?mission=Apollo%2011&sample=10084,
66,10084,1780,-99.0,no,cjls49,LS-CMP-049-J,"10084,1780 <25 um (wet-sieved)",none,,,,,soil-general,,,"RELAB specimen: 10084,1780 <25 um (wet-sieved); RELAB description: Mare Breccia, Bulk, Apollo 11 sample #10084.1780; Collection: Apollo 11; Specimen type: Returned Lunar Sample; Material origin: Natural; Material type: Unconsolidated Mixture; Material subtypes: Particulate|Mare Breccia; Atlas type: soil-general; Atlas description: The contingency sample was taken in front of quad IV of the LM. The documented sample was collected 5 meters north of the LM, the bulk sample was collected in front of quad IV by pouring scoops of loose soil to fill the voids left between rock samples in the bulk sample container. 10084 is the bulk soil sample. Soil is fine grained and hard in this sample area. There are few fragments and it is difficult to scoop deeper than 5 cm below the surface.; Parent source: atlas_sample_id",subsample_or_fraction,yes,https://www.lpi.usra.edu/lunar/samples/atlas/detail/?mission=Apollo%2011&sample=10084,
67,10084,1780,-99.0,no,cls49d,LS-CMP-049-D,"10084,1780 45-250 um",none,,,,,soil-general,,,"RELAB specimen: 10084,1780 45-250 um; RELAB description: Mare Breccia, Bulk, Apollo 11 sample #10084.1780; Collection: Apollo 11; Specimen type: Returned Lunar Sample; Material origin: Natural; Material type: Unconsolidated Mixture; Material subtypes: Particulate|Mare Breccia; Atlas type: soil-general; Atlas description: The contingency sample was taken in front of quad IV of the LM. The documented sample was collected 5 meters north of the LM, the bulk sample was collected in front of quad IV by pouring scoops of loose soil to fill the voids left between rock samples in the bulk sample container. 10084 is the bulk soil sample. Soil is fine grained and hard in this sample area. There are few fragments and it is difficult to scoop deeper than 5 cm below the surface.; Parent source: atlas_sample_id",subsample_or_fraction,yes,https://www.lpi.usra.edu/lunar/samples/atlas/detail/?mission=Apollo%2011&sample=10084,
68,10084,1780,-99.0,no,cls49f,LS-CMP-049-F,"10084,1780 25-45 um",none,,,,,soil-general,,,"RELAB specimen: 10084,1780 25-45 um; RELAB description: Mare Breccia, Bulk, Apollo 11 sample #10084.1780; Collection: Apollo 11; Specimen type: Returned Lunar Sample; Material origin: Natural; Material type: Unconsolidated Mixture; Material subtypes: Particulate|Mare Breccia; Atlas type: soil-general; Atlas description: The contingency sample was taken in front of quad IV of the LM. The documented sample was collected 5 meters north of the LM, the bulk sample was collected in front of quad IV by pouring scoops of loose soil to fill the voids left between rock samples in the bulk sample container. 10084 is the bulk soil sample. Soil is fine grained and hard in this sample area. There are few fragments and it is difficult to scoop deeper than 5 cm below the surface.; Parent source: atlas_sample_id",subsample_or_fraction,yes,https://www.lpi.usra.edu/lunar/samples/atlas/detail/?mission=Apollo%2011&sample=10084,
69,10084,1780,-99.0,no,cmls49,LS-CMP-049-M,"10084,1780 45-75 um (wet-sieved)",none,,,,,soil-general,,,"RELAB specimen: 10084,1780 45-75 um (wet-sieved); RELAB description: Mare Breccia, Bulk, Apollo 11 sample #10084.1780; Collection: Apollo 11; Specimen type: Returned Lunar Sample; Material origin: Natural; Material type: Unconsolidated Mixture; Material subtypes: Particulate|Mare Breccia; Atlas type: soil-general; Atlas description: The contingency sample was taken in front of quad IV of the LM. The documented sample was collected 5 meters north of the LM, the bulk sample was collected in front of quad IV by pouring scoops of loose soil to fill the voids left between rock samples in the bulk sample container. 10084 is the bulk soil sample. Soil is fine grained and hard in this sample area. There are few fragments and it is difficult to scoop deeper than 5 cm below the surface.; Parent source: atlas_sample_id",subsample_or_fraction,yes,https://www.lpi.usra.edu/lunar/samples/atlas/detail/?mission=Apollo%2011&sample=10084,
70,10084,1780,-99.0,no,cols49,LS-CMP-049-O,"10084,1780 <25 um (45-75 um wet-sieved, ground to <25 um)",none,,,,,soil-general,,,"RELAB specimen: 10084,1780 <25 um (45-75 um wet-sieved, ground to <25 um); RELAB description: Mare Breccia, Bulk, Apollo 11 sample #10084.1780; Collection: Apollo 11; Specimen type: Returned Lunar Sample; Material origin: Natural; Material type: Unconsolidated Mixture; Material subtypes: Particulate|Mare Breccia; Atlas type: soil-general; Atlas description: The contingency sample was taken in front of quad IV of the LM. The documented sample was collected 5 meters north of the LM, the bulk sample was collected in front of quad IV by pouring scoops of loose soil to fill the voids left between rock samples in the bulk sample container. 10084 is the bulk soil sample. Soil is fine grained and hard in this sample area. There are few fragments and it is difficult to scoop deeper than 5 cm below the surface.; Parent source: atlas_sample_id",subsample_or_fraction,yes,https://www.lpi.usra.edu/lunar/samples/atlas/detail/?mission=Apollo%2011&sample=10084,
71,10084,1780,-99.0,no,n1ls49a,LS-CMP-049-A,"10084,1780 <45 um",none,,,,,soil-general,,,"RELAB specimen: 10084,1780 <45 um; RELAB description: Mare Breccia, Bulk, Apollo 11 sample #10084.1780; Collection: Apollo 11; Specimen type: Returned Lunar Sample; Material origin: Natural; Material type: Unconsolidated Mixture; Material subtypes: Particulate|Mare Breccia; Atlas type: soil-general; Atlas description: The contingency sample was taken in front of quad IV of the LM. The documented sample was collected 5 meters north of the LM, the bulk sample was collected in front of quad IV by pouring scoops of loose soil to fill the voids left between rock samples in the bulk sample container. 10084 is the bulk soil sample. Soil is fine grained and hard in this sample area. There are few fragments and it is difficult to scoop deeper than 5 cm below the surface.; Parent source: atlas_sample_id",subsample_or_fraction,yes,https://www.lpi.usra.edu/lunar/samples/atlas/detail/?mission=Apollo%2011&sample=10084,
72,10084,1780,-99.0,no,n1ls49e,LS-CMP-049-E,"10084,1780 <25 um",none,,,,,soil-general,,,"RELAB specimen: 10084,1780 <25 um; RELAB description: Mare Breccia, Bulk, Apollo 11 sample #10084.1780; Collection: Apollo 11; Specimen type: Returned Lunar Sample; Material origin: Natural; Material type: Unconsolidated Mixture; Material subtypes: Particulate|Mare Breccia; Atlas type: soil-general; Atlas description: The contingency sample was taken in front of quad IV of the LM. The documented sample was collected 5 meters north of the LM, the bulk sample was collected in front of quad IV by pouring scoops of loose soil to fill the voids left between rock samples in the bulk sample container. 10084 is the bulk soil sample. Soil is fine grained and hard in this sample area. There are few fragments and it is difficult to scoop deeper than 5 cm below the surface.; Parent source: atlas_sample_id",subsample_or_fraction,yes,https://www.lpi.usra.edu/lunar/samples/atlas/detail/?mission=Apollo%2011&sample=10084,
73,10084,1780,-99.0,no,n1ls49g,LS-CMP-049-G,"10084,1780 45-75 um",none,,,,,soil-general,,,"RELAB specimen: 10084,1780 45-75 um; RELAB description: Mare Breccia, Bulk, Apollo 11 sample #10084.1780; Collection: Apollo 11; Specimen type: Returned Lunar Sample; Material origin: Natural; Material type: Unconsolidated Mixture; Material subtypes: Particulate|Mare Breccia; Atlas type: soil-general; Atlas description: The contingency sample was taken in front of quad IV of the LM. The documented sample was collected 5 meters north of the LM, the bulk sample was collected in front of quad IV by pouring scoops of loose soil to fill the voids left between rock samples in the bulk sample container. 10084 is the bulk soil sample. Soil is fine grained and hard in this sample area. There are few fragments and it is difficult to scoop deeper than 5 cm below the surface.; Parent source: atlas_sample_id",subsample_or_fraction,yes,https://www.lpi.usra.edu/lunar/samples/atlas/detail/?mission=Apollo%2011&sample=10084,
74,10084,1780,-99.0,no,n1ls49h,LS-CMP-049-H,"10084,1780 75-125 um",none,,,,,soil-general,,,"RELAB specimen: 10084,1780 75-125 um; RELAB description: Mare Breccia, Bulk, Apollo 11 sample #10084.1780; Collection: Apollo 11; Specimen type: Returned Lunar Sample; Material origin: Natural; Material type: Unconsolidated Mixture; Material subtypes: Particulate|Mare Breccia; Atlas type: soil-general; Atlas description: The contingency sample was taken in front of quad IV of the LM. The documented sample was collected 5 meters north of the LM, the bulk sample was collected in front of quad IV by pouring scoops of loose soil to fill the voids left between rock samples in the bulk sample container. 10084 is the bulk soil sample. Soil is fine grained and hard in this sample area. There are few fragments and it is difficult to scoop deeper than 5 cm below the surface.; Parent source: atlas_sample_id",subsample_or_fraction,yes,https://www.lpi.usra.edu/lunar/samples/atlas/detail/?mission=Apollo%2011&sample=10084,
75,10084,1780,-99.0,no,n2ls49a,LS-CMP-049-A,"10084,1780 <45 um",none,,,,,soil-general,,,"RELAB specimen: 10084,1780 <45 um; RELAB description: Mare Breccia, Bulk, Apollo 11 sample #10084.1780; Collection: Apollo 11; Specimen type: Returned Lunar Sample; Material origin: Natural; Material type: Unconsolidated Mixture; Material subtypes: Particulate|Mare Breccia; Atlas type: soil-general; Atlas description: The contingency sample was taken in front of quad IV of the LM. The documented sample was collected 5 meters north of the LM, the bulk sample was collected in front of quad IV by pouring scoops of loose soil to fill the voids left between rock samples in the bulk sample container. 10084 is the bulk soil sample. Soil is fine grained and hard in this sample area. There are few fragments and it is difficult to scoop deeper than 5 cm below the surface.; Parent source: atlas_sample_id",subsample_or_fraction,yes,https://www.lpi.usra.edu/lunar/samples/atlas/detail/?mission=Apollo%2011&sample=10084,
76,10084,1780,-99.0,no,n2ls49e,LS-CMP-049-E,"10084,1780 <25 um",none,,,,,soil-general,,,"RELAB specimen: 10084,1780 <25 um; RELAB description: Mare Breccia, Bulk, Apollo 11 sample #10084.1780; Collection: Apollo 11; Specimen type: Returned Lunar Sample; Material origin: Natural; Material type: Unconsolidated Mixture; Material subtypes: Particulate|Mare Breccia; Atlas type: soil-general; Atlas description: The contingency sample was taken in front of quad IV of the LM. The documented sample was collected 5 meters north of the LM, the bulk sample was collected in front of quad IV by pouring scoops of loose soil to fill the voids left between rock samples in the bulk sample container. 10084 is the bulk soil sample. Soil is fine grained and hard in this sample area. There are few fragments and it is difficult to scoop deeper than 5 cm below the surface.; Parent source: atlas_sample_id",subsample_or_fraction,yes,https://www.lpi.usra.edu/lunar/samples/atlas/detail/?mission=Apollo%2011&sample=10084,
77,10084,1780,-99.0,no,n2ls49g,LS-CMP-049-G,"10084,1780 45-75 um",none,,,,,soil-general,,,"RELAB specimen: 10084,1780 45-75 um; RELAB description: Mare Breccia, Bulk, Apollo 11 sample #10084.1780; Collection: Apollo 11; Specimen type: Returned Lunar Sample; Material origin: Natural; Material type: Unconsolidated Mixture; Material subtypes: Particulate|Mare Breccia; Atlas type: soil-general; Atlas description: The contingency sample was taken in front of quad IV of the LM. The documented sample was collected 5 meters north of the LM, the bulk sample was collected in front of quad IV by pouring scoops of loose soil to fill the voids left between rock samples in the bulk sample container. 10084 is the bulk soil sample. Soil is fine grained and hard in this sample area. There are few fragments and it is difficult to scoop deeper than 5 cm below the surface.; Parent source: atlas_sample_id",subsample_or_fraction,yes,https://www.lpi.usra.edu/lunar/samples/atlas/detail/?mission=Apollo%2011&sample=10084,
78,10084,1780,-99.0,no,n2ls49h,LS-CMP-049-H,"10084,1780 75-125 um",none,,,,,soil-general,,,"RELAB specimen: 10084,1780 75-125 um; RELAB description: Mare Breccia, Bulk, Apollo 11 sample #10084.1780; Collection: Apollo 11; Specimen type: Returned Lunar Sample; Material origin: Natural; Material type: Unconsolidated Mixture; Material subtypes: Particulate|Mare Breccia; Atlas type: soil-general; Atlas description: The contingency sample was taken in front of quad IV of the LM. The documented sample was collected 5 meters north of the LM, the bulk sample was collected in front of quad IV by pouring scoops of loose soil to fill the voids left between rock samples in the bulk sample container. 10084 is the bulk soil sample. Soil is fine grained and hard in this sample area. There are few fragments and it is difficult to scoop deeper than 5 cm below the surface.; Parent source: atlas_sample_id",subsample_or_fraction,yes,https://www.lpi.usra.edu/lunar/samples/atlas/detail/?mission=Apollo%2011&sample=10084,
79,10084,1780,-99.0,no,n3ls49a,LS-CMP-049-A,"10084,1780 <45 um",none,,,,,soil-general,,,"RELAB specimen: 10084,1780 <45 um; RELAB description: Mare Breccia, Bulk, Apollo 11 sample #10084.1780; Collection: Apollo 11; Specimen type: Returned Lunar Sample; Material origin: Natural; Material type: Unconsolidated Mixture; Material subtypes: Particulate|Mare Breccia; Atlas type: soil-general; Atlas description: The contingency sample was taken in front of quad IV of the LM. The documented sample was collected 5 meters north of the LM, the bulk sample was collected in front of quad IV by pouring scoops of loose soil to fill the voids left between rock samples in the bulk sample container. 10084 is the bulk soil sample. Soil is fine grained and hard in this sample area. There are few fragments and it is difficult to scoop deeper than 5 cm below the surface.; Parent source: atlas_sample_id",subsample_or_fraction,yes,https://www.lpi.usra.edu/lunar/samples/atlas/detail/?mission=Apollo%2011&sample=10084,
80,10084,1780,-99.0,no,n3ls49e,LS-CMP-049-E,"10084,1780 <25 um",none,,,,,soil-general,,,"RELAB specimen: 10084,1780 <25 um; RELAB description: Mare Breccia, Bulk, Apollo 11 sample #10084.1780; Collection: Apollo 11; Specimen type: Returned Lunar Sample; Material origin: Natural; Material type: Unconsolidated Mixture; Material subtypes: Particulate|Mare Breccia; Atlas type: soil-general; Atlas description: The contingency sample was taken in front of quad IV of the LM. The documented sample was collected 5 meters north of the LM, the bulk sample was collected in front of quad IV by pouring scoops of loose soil to fill the voids left between rock samples in the bulk sample container. 10084 is the bulk soil sample. Soil is fine grained and hard in this sample area. There are few fragments and it is difficult to scoop deeper than 5 cm below the surface.; Parent source: atlas_sample_id",subsample_or_fraction,yes,https://www.lpi.usra.edu/lunar/samples/atlas/detail/?mission=Apollo%2011&sample=10084,
81,10084,1780,-99.0,no,n3ls49g,LS-CMP-049-G,"10084,1780 45-75 um",none,,,,,soil-general,,,"RELAB specimen: 10084,1780 45-75 um; RELAB description: Mare Breccia, Bulk, Apollo 11 sample #10084.1780; Collection: Apollo 11; Specimen type: Returned Lunar Sample; Material origin: Natural; Material type: Unconsolidated Mixture; Material subtypes: Particulate|Mare Breccia; Atlas type: soil-general; Atlas description: The contingency sample was taken in front of quad IV of the LM. The documented sample was collected 5 meters north of the LM, the bulk sample was collected in front of quad IV by pouring scoops of loose soil to fill the voids left between rock samples in the bulk sample container. 10084 is the bulk soil sample. Soil is fine grained and hard in this sample area. There are few fragments and it is difficult to scoop deeper than 5 cm below the surface.; Parent source: atlas_sample_id",subsample_or_fraction,yes,https://www.lpi.usra.edu/lunar/samples/atlas/detail/?mission=Apollo%2011&sample=10084,
82,10084,1780,-99.0,no,n3ls49h,LS-CMP-049-H,"10084,1780 75-125 um",none,,,,,soil-general,,,"RELAB specimen: 10084,1780 75-125 um; RELAB description: Mare Breccia, Bulk, Apollo 11 sample #10084.1780; Collection: Apollo 11; Specimen type: Returned Lunar Sample; Material origin: Natural; Material type: Unconsolidated Mixture; Material subtypes: Particulate|Mare Breccia; Atlas type: soil-general; Atlas description: The contingency sample was taken in front of quad IV of the LM. The documented sample was collected 5 meters north of the LM, the bulk sample was collected in front of quad IV by pouring scoops of loose soil to fill the voids left between rock samples in the bulk sample container. 10084 is the bulk soil sample. Soil is fine grained and hard in this sample area. There are few fragments and it is difficult to scoop deeper than 5 cm below the surface.; Parent source: atlas_sample_id",subsample_or_fraction,yes,https://www.lpi.usra.edu/lunar/samples/atlas/detail/?mission=Apollo%2011&sample=10084,
83,10084,1780,-99.0,no,n4ls49a,LS-CMP-049-A,"10084,1780 <45 um",none,,,,,soil-general,,,"RELAB specimen: 10084,1780 <45 um; RELAB description: Mare Breccia, Bulk, Apollo 11 sample #10084.1780; Collection: Apollo 11; Specimen type: Returned Lunar Sample; Material origin: Natural; Material type: Unconsolidated Mixture; Material subtypes: Particulate|Mare Breccia; Atlas type: soil-general; Atlas description: The contingency sample was taken in front of quad IV of the LM. The documented sample was collected 5 meters north of the LM, the bulk sample was collected in front of quad IV by pouring scoops of loose soil to fill the voids left between rock samples in the bulk sample container. 10084 is the bulk soil sample. Soil is fine grained and hard in this sample area. There are few fragments and it is difficult to scoop deeper than 5 cm below the surface.; Parent source: atlas_sample_id",subsample_or_fraction,yes,https://www.lpi.usra.edu/lunar/samples/atlas/detail/?mission=Apollo%2011&sample=10084,
84,10084,1780,-99.0,no,n4ls49e,LS-CMP-049-E,"10084,1780 <25 um",none,,,,,soil-general,,,"RELAB specimen: 10084,1780 <25 um; RELAB description: Mare Breccia, Bulk, Apollo 11 sample #10084.1780; Collection: Apollo 11; Specimen type: Returned Lunar Sample; Material origin: Natural; Material type: Unconsolidated Mixture; Material subtypes: Particulate|Mare Breccia; Atlas type: soil-general; Atlas description: The contingency sample was taken in front of quad IV of the LM. The documented sample was collected 5 meters north of the LM, the bulk sample was collected in front of quad IV by pouring scoops of loose soil to fill the voids left between rock samples in the bulk sample container. 10084 is the bulk soil sample. Soil is fine grained and hard in this sample area. There are few fragments and it is difficult to scoop deeper than 5 cm below the surface.; Parent source: atlas_sample_id",subsample_or_fraction,yes,https://www.lpi.usra.edu/lunar/samples/atlas/detail/?mission=Apollo%2011&sample=10084,
85,10084,1780,-99.0,no,n4ls49g,LS-CMP-049-G,"10084,1780 45-75 um",none,,,,,soil-general,,,"RELAB specimen: 10084,1780 45-75 um; RELAB description: Mare Breccia, Bulk, Apollo 11 sample #10084.1780; Collection: Apollo 11; Specimen type: Returned Lunar Sample; Material origin: Natural; Material type: Unconsolidated Mixture; Material subtypes: Particulate|Mare Breccia; Atlas type: soil-general; Atlas description: The contingency sample was taken in front of quad IV of the LM. The documented sample was collected 5 meters north of the LM, the bulk sample was collected in front of quad IV by pouring scoops of loose soil to fill the voids left between rock samples in the bulk sample container. 10084 is the bulk soil sample. Soil is fine grained and hard in this sample area. There are few fragments and it is difficult to scoop deeper than 5 cm below the surface.; Parent source: atlas_sample_id",subsample_or_fraction,yes,https://www.lpi.usra.edu/lunar/samples/atlas/detail/?mission=Apollo%2011&sample=10084,
86,10084,1780,-99.0,no,n4ls49h,LS-CMP-049-H,"10084,1780 75-125 um",none,,,,,soil-general,,,"RELAB specimen: 10084,1780 75-125 um; RELAB description: Mare Breccia, Bulk, Apollo 11 sample #10084.1780; Collection: Apollo 11; Specimen type: Returned Lunar Sample; Material origin: Natural; Material type: Unconsolidated Mixture; Material subtypes: Particulate|Mare Breccia; Atlas type: soil-general; Atlas description: The contingency sample was taken in front of quad IV of the LM. The documented sample was collected 5 meters north of the LM, the bulk sample was collected in front of quad IV by pouring scoops of loose soil to fill the voids left between rock samples in the bulk sample container. 10084 is the bulk soil sample. Soil is fine grained and hard in this sample area. There are few fragments and it is difficult to scoop deeper than 5 cm below the surface.; Parent source: atlas_sample_id",subsample_or_fraction,yes,https://www.lpi.usra.edu/lunar/samples/atlas/detail/?mission=Apollo%2011&sample=10084,
87,10084,1780,-99.0,no,sffl49,LS-CMP-049-F,"10084,1780 25-45 um",none,,,,,soil-general,,,"RELAB specimen: 10084,1780 25-45 um; RELAB description: Mare Breccia, Bulk, Apollo 11 sample #10084.1780; Collection: Apollo 11; Specimen type: Returned Lunar Sample; Material origin: Natural; Material type: Unconsolidated Mixture; Material subtypes: Particulate|Mare Breccia; Atlas type: soil-general; Atlas description: The contingency sample was taken in front of quad IV of the LM. The documented sample was collected 5 meters north of the LM, the bulk sample was collected in front of quad IV by pouring scoops of loose soil to fill the voids left between rock samples in the bulk sample container. 10084 is the bulk soil sample. Soil is fine grained and hard in this sample area. There are few fragments and it is difficult to scoop deeper than 5 cm below the surface.; Parent source: atlas_sample_id",subsample_or_fraction,yes,https://www.lpi.usra.edu/lunar/samples/atlas/detail/?mission=Apollo%2011&sample=10084,
88,10084,1780,-99.0,no,sils49,LS-CMP-049-I,"10084,1780 125-250 um",none,,,,,soil-general,,,"RELAB specimen: 10084,1780 125-250 um; RELAB description: Mare Breccia, Bulk, Apollo 11 sample #10084.1780; Collection: Apollo 11; Specimen type: Returned Lunar Sample; Material origin: Natural; Material type: Unconsolidated Mixture; Material subtypes: Particulate|Mare Breccia; Atlas type: soil-general; Atlas description: The contingency sample was taken in front of quad IV of the LM. The documented sample was collected 5 meters north of the LM, the bulk sample was collected in front of quad IV by pouring scoops of loose soil to fill the voids left between rock samples in the bulk sample container. 10084 is the bulk soil sample. Soil is fine grained and hard in this sample area. There are few fragments and it is difficult to scoop deeper than 5 cm below the surface.; Parent source: atlas_sample_id",subsample_or_fraction,yes,https://www.lpi.usra.edu/lunar/samples/atlas/detail/?mission=Apollo%2011&sample=10084,
89,10084,1780,-99.0,no,sls49f,LS-CMP-049-F,"10084,1780 25-45 um",none,,,,,soil-general,,,"RELAB specimen: 10084,1780 25-45 um; RELAB description: Mare Breccia, Bulk, Apollo 11 sample #10084.1780; Collection: Apollo 11; Specimen type: Returned Lunar Sample; Material origin: Natural; Material type: Unconsolidated Mixture; Material subtypes: Particulate|Mare Breccia; Atlas type: soil-general; Atlas description: The contingency sample was taken in front of quad IV of the LM. The documented sample was collected 5 meters north of the LM, the bulk sample was collected in front of quad IV by pouring scoops of loose soil to fill the voids left between rock samples in the bulk sample container. 10084 is the bulk soil sample. Soil is fine grained and hard in this sample area. There are few fragments and it is difficult to scoop deeper than 5 cm below the surface.; Parent source: atlas_sample_id",subsample_or_fraction,yes,https://www.lpi.usra.edu/lunar/samples/atlas/detail/?mission=Apollo%2011&sample=10084,
90,10084,1946,-99.0,no,c1lr15,LR-CMP-015,"10084,1946",none,,,,,soil-general,,,"RELAB specimen: 10084,1946; RELAB description: (C1,3) In a smallest Nicolet dish. Dry-sieved.; Collection: Apollo 11 site, Moon; Specimen type: Returned Lunar Sample; Material origin: Natural; Material type: Unconsolidated Mixture; Material subtypes: Particulate|Sorted; Atlas type: soil-general; Atlas description: The contingency sample was taken in front of quad IV of the LM. The documented sample was collected 5 meters north of the LM, the bulk sample was collected in front of quad IV by pouring scoops of loose soil to fill the voids left between rock samples in the bulk sample container. 10084 is the bulk soil sample. Soil is fine grained and hard in this sample area. There are few fragments and it is difficult to scoop deeper than 5 cm below the surface.; Parent source: atlas_sample_id",subsample_or_fraction,yes,https://www.lpi.usra.edu/lunar/samples/atlas/detail/?mission=Apollo%2011&sample=10084,
91,10084,1946,-99.0,no,c3lr15,LR-CMP-015,"10084,1946",none,,,,,soil-general,,,"RELAB specimen: 10084,1946; RELAB description: (C1,3) In a smallest Nicolet dish. Dry-sieved.; Collection: Apollo 11 site, Moon; Specimen type: Returned Lunar Sample; Material origin: Natural; Material type: Unconsolidated Mixture; Material subtypes: Particulate|Sorted; Atlas type: soil-general; Atlas description: The contingency sample was taken in front of quad IV of the LM. The documented sample was collected 5 meters north of the LM, the bulk sample was collected in front of quad IV by pouring scoops of loose soil to fill the voids left between rock samples in the bulk sample container. 10084 is the bulk soil sample. Soil is fine grained and hard in this sample area. There are few fragments and it is difficult to scoop deeper than 5 cm below the surface.; Parent source: atlas_sample_id",subsample_or_fraction,yes,https://www.lpi.usra.edu/lunar/samples/atlas/detail/?mission=Apollo%2011&sample=10084,
92,10084,1947,-99.0,no,c2lr16,LR-CMP-016,"10084,1947",none,,,,,soil-general,,,"RELAB specimen: 10084,1947; RELAB description: In a medium Nicolet dish. (C2) In a medium Nic dish / Hiroi's halon. Dry sieved.; Collection: Apollo 11 site, Moon; Specimen type: Returned Lunar Sample; Material origin: Natural; Material type: Unconsolidated Mixture; Material subtypes: Particulate|Sorted; Atlas type: soil-general; Atlas description: The contingency sample was taken in front of quad IV of the LM. The documented sample was collected 5 meters north of the LM, the bulk sample was collected in front of quad IV by pouring scoops of loose soil to fill the voids left between rock samples in the bulk sample container. 10084 is the bulk soil sample. Soil is fine grained and hard in this sample area. There are few fragments and it is difficult to scoop deeper than 5 cm below the surface.; Parent source: atlas_sample_id",subsample_or_fraction,yes,https://www.lpi.usra.edu/lunar/samples/atlas/detail/?mission=Apollo%2011&sample=10084,
93,10084,1947,-99.0,no,c3lr16,LR-CMP-016,"10084,1947",none,,,,,soil-general,,,"RELAB specimen: 10084,1947; RELAB description: In a medium Nicolet dish. (C2) In a medium Nic dish / Hiroi's halon. Dry sieved.; Collection: Apollo 11 site, Moon; Specimen type: Returned Lunar Sample; Material origin: Natural; Material type: Unconsolidated Mixture; Material subtypes: Particulate|Sorted; Atlas type: soil-general; Atlas description: The contingency sample was taken in front of quad IV of the LM. The documented sample was collected 5 meters north of the LM, the bulk sample was collected in front of quad IV by pouring scoops of loose soil to fill the voids left between rock samples in the bulk sample container. 10084 is the bulk soil sample. Soil is fine grained and hard in this sample area. There are few fragments and it is difficult to scoop deeper than 5 cm below the surface.; Parent source: atlas_sample_id",subsample_or_fraction,yes,https://www.lpi.usra.edu/lunar/samples/atlas/detail/?mission=Apollo%2011&sample=10084,
94,10084,1948,-99.0,no,c1lr21,LR-CMP-021,"10084,1948",none,,,,,soil-general,,,"RELAB specimen: 10084,1948; RELAB description: Dry-sieved.; Collection: Apollo 11 site, Moon; Specimen type: Returned Lunar Sample; Material origin: Natural; Material type: Unconsolidated Mixture; Material subtypes: Particulate|Sorted; Atlas type: soil-general; Atlas description: The contingency sample was taken in front of quad IV of the LM. The documented sample was collected 5 meters north of the LM, the bulk sample was collected in front of quad IV by pouring scoops of loose soil to fill the voids left between rock samples in the bulk sample container. 10084 is the bulk soil sample. Soil is fine grained and hard in this sample area. There are few fragments and it is difficult to scoop deeper than 5 cm below the surface.; Parent source: atlas_sample_id",subsample_or_fraction,yes,https://www.lpi.usra.edu/lunar/samples/atlas/detail/?mission=Apollo%2011&sample=10084,
95,10084,1960,-99.0,no,c1lr68,LR-CMP-068,"10084,1960",none,,,,,soil-general,,,"RELAB specimen: 10084,1960; RELAB description: Clean water sieved for LSCC (Taylor project).; Collection: Apollo 11 site, Moon; Specimen type: Returned Lunar Sample; Material origin: Natural; Material type: Unconsolidated Mixture; Material subtypes: Particulate|Sorted Water-Sieved; Atlas type: soil-general; Atlas description: The contingency sample was taken in front of quad IV of the LM. The documented sample was collected 5 meters north of the LM, the bulk sample was collected in front of quad IV by pouring scoops of loose soil to fill the voids left between rock samples in the bulk sample container. 10084 is the bulk soil sample. Soil is fine grained and hard in this sample area. There are few fragments and it is difficult to scoop deeper than 5 cm below the surface.; Parent source: atlas_sample_id",subsample_or_fraction,yes,https://www.lpi.usra.edu/lunar/samples/atlas/detail/?mission=Apollo%2011&sample=10084,
96,10084,1961,-99.0,no,bir1lr069,LR-CMP-069,"10084,1961 20-45 um",none,,,,,soil-general,,,"RELAB specimen: 10084,1961 20-45 um; RELAB description: Clean water sieved for LSCC (Taylor project).; Collection: Apollo 11 site, Moon; Specimen type: Returned Lunar Sample; Material origin: Natural; Material type: Unconsolidated Mixture; Material subtypes: Particulate|Sorted Water-Sieved; Atlas type: soil-general; Atlas description: The contingency sample was taken in front of quad IV of the LM. The documented sample was collected 5 meters north of the LM, the bulk sample was collected in front of quad IV by pouring scoops of loose soil to fill the voids left between rock samples in the bulk sample container. 10084 is the bulk soil sample. Soil is fine grained and hard in this sample area. There are few fragments and it is difficult to scoop deeper than 5 cm below the surface.; Parent source: atlas_sample_id",subsample_or_fraction,yes,https://www.lpi.usra.edu/lunar/samples/atlas/detail/?mission=Apollo%2011&sample=10084,
97,10084,1962,-99.0,no,bir1lr070,LR-CMP-070,"10084,1962 10-20 um",none,,,,,soil-general,,,"RELAB specimen: 10084,1962 10-20 um; RELAB description: Clean water sieved for LSCC (Taylor project).; Collection: Apollo 11 site, Moon; Specimen type: Returned Lunar Sample; Material origin: Natural; Material type: Unconsolidated Mixture; Material subtypes: Particulate|Sorted Water-Sieved; Atlas type: soil-general; Atlas description: The contingency sample was taken in front of quad IV of the LM. The documented sample was collected 5 meters north of the LM, the bulk sample was collected in front of quad IV by pouring scoops of loose soil to fill the voids left between rock samples in the bulk sample container. 10084 is the bulk soil sample. Soil is fine grained and hard in this sample area. There are few fragments and it is difficult to scoop deeper than 5 cm below the surface.; Parent source: atlas_sample_id",subsample_or_fraction,yes,https://www.lpi.usra.edu/lunar/samples/atlas/detail/?mission=Apollo%2011&sample=10084,
98,10084,1962,-99.0,no,c1lr70,LR-CMP-070,"10084,1962 10-20 um",none,,,,,soil-general,,,"RELAB specimen: 10084,1962 10-20 um; RELAB description: Clean water sieved for LSCC (Taylor project).; Collection: Apollo 11 site, Moon; Specimen type: Returned Lunar Sample; Material origin: Natural; Material type: Unconsolidated Mixture; Material subtypes: Particulate|Sorted Water-Sieved; Atlas type: soil-general; Atlas description: The contingency sample was taken in front of quad IV of the LM. The documented sample was collected 5 meters north of the LM, the bulk sample was collected in front of quad IV by pouring scoops of loose soil to fill the voids left between rock samples in the bulk sample container. 10084 is the bulk soil sample. Soil is fine grained and hard in this sample area. There are few fragments and it is difficult to scoop deeper than 5 cm below the surface.; Parent source: atlas_sample_id",subsample_or_fraction,yes,https://www.lpi.usra.edu/lunar/samples/atlas/detail/?mission=Apollo%2011&sample=10084,
99,10084,1963,-99.0,no,bir1lr071,LR-CMP-071,"10084,1963 <10 um",none,,,,,soil-general,,,"RELAB specimen: 10084,1963 <10 um; RELAB description: Clean water sieved for LSCC (Taylor project).; Collection: Apollo 11 site, Moon; Specimen type: Returned Lunar Sample; Material origin: Natural; Material type: Unconsolidated Mixture; Material subtypes: Particulate|Sorted Water-Sieved; Atlas type: soil-general; Atlas description: The contingency sample was taken in front of quad IV of the LM. The documented sample was collected 5 meters north of the LM, the bulk sample was collected in front of quad IV by pouring scoops of loose soil to fill the voids left between rock samples in the bulk sample container. 10084 is the bulk soil sample. Soil is fine grained and hard in this sample area. There are few fragments and it is difficult to scoop deeper than 5 cm below the surface.; Parent source: atlas_sample_id",subsample_or_fraction,yes,https://www.lpi.usra.edu/lunar/samples/atlas/detail/?mission=Apollo%2011&sample=10084,
100,10084,1963,-99.0,no,c1lr71,LR-CMP-071,"10084,1963 <10 um",none,,,,,soil-general,,,"RELAB specimen: 10084,1963 <10 um; RELAB description: Clean water sieved for LSCC (Taylor project).; Collection: Apollo 11 site, Moon; Specimen type: Returned Lunar Sample; Material origin: Natural; Material type: Unconsolidated Mixture; Material subtypes: Particulate|Sorted Water-Sieved; Atlas type: soil-general; Atlas description: The contingency sample was taken in front of quad IV of the LM. The documented sample was collected 5 meters north of the LM, the bulk sample was collected in front of quad IV by pouring scoops of loose soil to fill the voids left between rock samples in the bulk sample container. 10084 is the bulk soil sample. Soil is fine grained and hard in this sample area. There are few fragments and it is difficult to scoop deeper than 5 cm below the surface.; Parent source: atlas_sample_id",subsample_or_fraction,yes,https://www.lpi.usra.edu/lunar/samples/atlas/detail/?mission=Apollo%2011&sample=10084,
101,12001,853,-99.0,no,c1lr10,LR-CMP-010,"12001,853",none,,,,,soil-general,,,"RELAB specimen: 12001,853; RELAB description: Mare, , Taylor project. In a Nicolet dish; Collection: Apollo 12 site, Moon; Specimen type: Returned Lunar Sample; Material origin: Natural; Material type: Unconsolidated Mixture; Material subtypes: Particulate|Dry-sieved|Mare; Atlas type: soil-general; Atlas description: 12001 is < 1 cm fraction of bulk regolith collected about 30 meters northwest of the LM on the first EVA traverse. Astronaut Conrad saw several beads of pure glass while collecting this sample. Fryxell reports that the fines are weakly coherent; they adhere to rocks and do not slump when the sample holder is tipped 45 degrees.; Parent source: atlas_sample_id",subsample_or_fraction,yes,https://www.lpi.usra.edu/lunar/samples/atlas/detail/?mission=Apollo%2012&sample=12001,
102,12001,854,-99.0,no,c1lr11,LR-CMP-011,"12001,854",none,,,,,soil-general,,,"RELAB specimen: 12001,854; RELAB description: Mare, , Taylor project. In a Nicolet dish; Collection: Apollo 12 site, Moon; Specimen type: Returned Lunar Sample; Material origin: Natural; Material type: Unconsolidated Mixture; Material subtypes: Particulate|Dry-sieved|Mare; Atlas type: soil-general; Atlas description: 12001 is < 1 cm fraction of bulk regolith collected about 30 meters northwest of the LM on the first EVA traverse. Astronaut Conrad saw several beads of pure glass while collecting this sample. Fryxell reports that the fines are weakly coherent; they adhere to rocks and do not slump when the sample holder is tipped 45 degrees.; Parent source: atlas_sample_id",subsample_or_fraction,yes,https://www.lpi.usra.edu/lunar/samples/atlas/detail/?mission=Apollo%2012&sample=12001,
103,12001,874,-99.0,no,bir2lr073,LR-CMP-073,"12001,874 20-45 um",none,,,,,soil-general,,,"RELAB specimen: 12001,874 20-45 um; Collection: Apollo 12 site, Moon; Specimen type: Returned Lunar Sample; Material origin: Natural; Material type: Unconsolidated Mixture; Material subtypes: Particulate|Particulate Sorted; Atlas type: soil-general; Atlas description: 12001 is < 1 cm fraction of bulk regolith collected about 30 meters northwest of the LM on the first EVA traverse. Astronaut Conrad saw several beads of pure glass while collecting this sample. Fryxell reports that the fines are weakly coherent; they adhere to rocks and do not slump when the sample holder is tipped 45 degrees.; Parent source: atlas_sample_id",subsample_or_fraction,yes,https://www.lpi.usra.edu/lunar/samples/atlas/detail/?mission=Apollo%2012&sample=12001,
104,12001,874,-99.0,no,bmr1lr073,LR-CMP-073,"12001,874 20-45 um",none,,,,,soil-general,,,"RELAB specimen: 12001,874 20-45 um; Collection: Apollo 12 site, Moon; Specimen type: Returned Lunar Sample; Material origin: Natural; Material type: Unconsolidated Mixture; Material subtypes: Particulate|Particulate Sorted; Atlas type: soil-general; Atlas description: 12001 is < 1 cm fraction of bulk regolith collected about 30 meters northwest of the LM on the first EVA traverse. Astronaut Conrad saw several beads of pure glass while collecting this sample. Fryxell reports that the fines are weakly coherent; they adhere to rocks and do not slump when the sample holder is tipped 45 degrees.; Parent source: atlas_sample_id",subsample_or_fraction,yes,https://www.lpi.usra.edu/lunar/samples/atlas/detail/?mission=Apollo%2012&sample=12001,
105,12001,874,-99.0,no,c2lr73,LR-CMP-073,"12001,874 20-45 um",none,,,,,soil-general,,,"RELAB specimen: 12001,874 20-45 um; Collection: Apollo 12 site, Moon; Specimen type: Returned Lunar Sample; Material origin: Natural; Material type: Unconsolidated Mixture; Material subtypes: Particulate|Particulate Sorted; Atlas type: soil-general; Atlas description: 12001 is < 1 cm fraction of bulk regolith collected about 30 meters northwest of the LM on the first EVA traverse. Astronaut Conrad saw several beads of pure glass while collecting this sample. Fryxell reports that the fines are weakly coherent; they adhere to rocks and do not slump when the sample holder is tipped 45 degrees.; Parent source: atlas_sample_id",subsample_or_fraction,yes,https://www.lpi.usra.edu/lunar/samples/atlas/detail/?mission=Apollo%2012&sample=12001,
106,12001,874,-99.0,no,calr73,LR-CMP-073,"12001,874 20-45 um",none,,,,,soil-general,,,"RELAB specimen: 12001,874 20-45 um; Collection: Apollo 12 site, Moon; Specimen type: Returned Lunar Sample; Material origin: Natural; Material type: Unconsolidated Mixture; Material subtypes: Particulate|Particulate Sorted; Atlas type: soil-general; Atlas description: 12001 is < 1 cm fraction of bulk regolith collected about 30 meters northwest of the LM on the first EVA traverse. Astronaut Conrad saw several beads of pure glass while collecting this sample. Fryxell reports that the fines are weakly coherent; they adhere to rocks and do not slump when the sample holder is tipped 45 degrees.; Parent source: atlas_sample_id",subsample_or_fraction,yes,https://www.lpi.usra.edu/lunar/samples/atlas/detail/?mission=Apollo%2012&sample=12001,
107,12001,875,-99.0,no,bir1lr074,LR-CMP-074,"12001,875 10-20 um",none,,,,,soil-general,,,"RELAB specimen: 12001,875 10-20 um; Collection: Apollo 12 site, Moon; Specimen type: Returned Lunar Sample; Material origin: Natural; Material type: Unconsolidated Mixture; Material subtypes: Particulate|Particulate Sorted; Atlas type: soil-general; Atlas description: 12001 is < 1 cm fraction of bulk regolith collected about 30 meters northwest of the LM on the first EVA traverse. Astronaut Conrad saw several beads of pure glass while collecting this sample. Fryxell reports that the fines are weakly coherent; they adhere to rocks and do not slump when the sample holder is tipped 45 degrees.; Parent source: atlas_sample_id",subsample_or_fraction,yes,https://www.lpi.usra.edu/lunar/samples/atlas/detail/?mission=Apollo%2012&sample=12001,
108,12001,875,-99.0,no,c2lr74,LR-CMP-074,"12001,875 10-20 um",none,,,,,soil-general,,,"RELAB specimen: 12001,875 10-20 um; Collection: Apollo 12 site, Moon; Specimen type: Returned Lunar Sample; Material origin: Natural; Material type: Unconsolidated Mixture; Material subtypes: Particulate|Particulate Sorted; Atlas type: soil-general; Atlas description: 12001 is < 1 cm fraction of bulk regolith collected about 30 meters northwest of the LM on the first EVA traverse. Astronaut Conrad saw several beads of pure glass while collecting this sample. Fryxell reports that the fines are weakly coherent; they adhere to rocks and do not slump when the sample holder is tipped 45 degrees.; Parent source: atlas_sample_id",subsample_or_fraction,yes,https://www.lpi.usra.edu/lunar/samples/atlas/detail/?mission=Apollo%2012&sample=12001,
109,12001,876,-99.0,no,bir1lr075,LR-CMP-075,"12001,876 <10 um",none,,,,,soil-general,,,"RELAB specimen: 12001,876 <10 um; Collection: Apollo 12 site, Moon; Specimen type: Returned Lunar Sample; Material origin: Natural; Material type: Unconsolidated Mixture; Material subtypes: Particulate|Particulate Sorted; Atlas type: soil-general; Atlas description: 12001 is < 1 cm fraction of bulk regolith collected about 30 meters northwest of the LM on the first EVA traverse. Astronaut Conrad saw several beads of pure glass while collecting this sample. Fryxell reports that the fines are weakly coherent; they adhere to rocks and do not slump when the sample holder is tipped 45 degrees.; Parent source: atlas_sample_id",subsample_or_fraction,yes,https://www.lpi.usra.edu/lunar/samples/atlas/detail/?mission=Apollo%2012&sample=12001,
110,12001,876,-99.0,no,c2lr75,LR-CMP-075,"12001,876 <10 um",none,,,,,soil-general,,,"RELAB specimen: 12001,876 <10 um; Collection: Apollo 12 site, Moon; Specimen type: Returned Lunar Sample; Material origin: Natural; Material type: Unconsolidated Mixture; Material subtypes: Particulate|Particulate Sorted; Atlas type: soil-general; Atlas description: 12001 is < 1 cm fraction of bulk regolith collected about 30 meters northwest of the LM on the first EVA traverse. Astronaut Conrad saw several beads of pure glass while collecting this sample. Fryxell reports that the fines are weakly coherent; they adhere to rocks and do not slump when the sample holder is tipped 45 degrees.; Parent source: atlas_sample_id",subsample_or_fraction,yes,https://www.lpi.usra.edu/lunar/samples/atlas/detail/?mission=Apollo%2012&sample=12001,
111,12002,440,21.66,yes,c1ls34,LS-CMP-034,"12002,440",explicit_reference,ls-cmp-034_specimenchemistry,LS-CMP-034,Bulk,"Lofgren & Lofgren, 1981. Lunar and Plan. Contrib. 438, p.58.",rock,basalt,,"RELAB specimen: 12002,440; RELAB description: Igneous Volcanic, Mare Basalt , Speckled, medium brownish gray Mare Basalt; Collection: Apollo 12; Specimen type: Returned Lunar Sample; Material origin: Natural; Material type: Rock; Material subtypes: Nonparticulate|Chips; Atlas type: rock; Atlas lithology: basalt; Chemistry phase: Bulk; Chemistry notes: Apollo 12 Mare Basalt Sample #12002; Parent source: atlas_sample_id",subsample_or_fraction,yes,https://www.lpi.usra.edu/lunar/samples/atlas/detail/?mission=Apollo%2012&sample=12002,
112,12002,440,21.66,yes,c2ls34,LS-CMP-034,"12002,440",explicit_reference,ls-cmp-034_specimenchemistry,LS-CMP-034,Bulk,"Lofgren & Lofgren, 1981. Lunar and Plan. Contrib. 438, p.58.",rock,basalt,,"RELAB specimen: 12002,440; RELAB description: Igneous Volcanic, Mare Basalt , Speckled, medium brownish gray Mare Basalt; Collection: Apollo 12; Specimen type: Returned Lunar Sample; Material origin: Natural; Material type: Rock; Material subtypes: Nonparticulate|Chips; Atlas type: rock; Atlas lithology: basalt; Chemistry phase: Bulk; Chemistry notes: Apollo 12 Mare Basalt Sample #12002; Parent source: atlas_sample_id",subsample_or_fraction,yes,https://www.lpi.usra.edu/lunar/samples/atlas/detail/?mission=Apollo%2012&sample=12002,
113,12003,0,-99.0,no,calr09,LR-CMP-009,12003,none,,,,,soil >1 cm,,,"RELAB specimen: 12003; RELAB description: Bulk,; Collection: Apollo 12 site, Moon; Specimen type: Returned Lunar Sample; Material origin: Natural; Material type: Unconsolidated Mixture; Material subtypes: Particulate|Bulk Particulate; Atlas type: soil >1 cm; Atlas description: 12003 is coarse (>1cm) split from 12001, along with friable material from the bottom of the sample box. This was collected about 30 meters northwest of LM on EVA-1. These broken up fines from larger rocks do not make a statistical sample.; Parent source: atlas_sample_id",sample_number,no,https://www.lpi.usra.edu/lunar/samples/atlas/detail/?mission=Apollo%2012&sample=12003,
114,12021,257,-99.0,no,bir1dd035,DD-MDD-035,"Apollo 12 Mare Basalt: 12021,257 coarse particles ~100 um",none,,,,,,basalt,,"RELAB specimen: Apollo 12 Mare Basalt: 12021,257 coarse particles ~100 um; RELAB description: For Cosmochemistry project; Collection: Apollo 12 site, Moon; Specimen type: Returned Lunar Sample; Material origin: Natural; Material type: Rock; Material subtypes: Particulate; Atlas lithology: basalt; Parent source: atlas_sample_id",subsample_or_fraction,yes,https://www.lpi.usra.edu/lunar/samples/atlas/detail/?mission=Apollo%2012&sample=12021,
115,12021,257,-99.0,no,c1dd35,DD-MDD-035,"Apollo 12 Mare Basalt: 12021,257 coarse particles ~100 um",none,,,,,,basalt,,"RELAB specimen: Apollo 12 Mare Basalt: 12021,257 coarse particles ~100 um; RELAB description: For Cosmochemistry project; Collection: Apollo 12 site, Moon; Specimen type: Returned Lunar Sample; Material origin: Natural; Material type: Rock; Material subtypes: Particulate; Atlas lithology: basalt; Parent source: atlas_sample_id",subsample_or_fraction,yes,https://www.lpi.usra.edu/lunar/samples/atlas/detail/?mission=Apollo%2012&sample=12021,
116,12021,258,-99.0,no,bir1dd036,DD-MDD-036,"Apollo 12 Mare Basalt: 12021,258 coarse particles ~50 um",none,,,,,,basalt,,"RELAB specimen: Apollo 12 Mare Basalt: 12021,258 coarse particles ~50 um; RELAB description: For Cosmochemistry project; Collection: Apollo 12 site, Moon; Specimen type: Returned Lunar Sample; Material origin: Natural; Material type: Rock; Material subtypes: Particulate; Atlas lithology: basalt; Parent source: atlas_sample_id",subsample_or_fraction,yes,https://www.lpi.usra.edu/lunar/samples/atlas/detail/?mission=Apollo%2012&sample=12021,
117,12021,258,-99.0,no,c1dd36,DD-MDD-036,"Apollo 12 Mare Basalt: 12021,258 coarse particles ~50 um",none,,,,,,basalt,,"RELAB specimen: Apollo 12 Mare Basalt: 12021,258 coarse particles ~50 um; RELAB description: For Cosmochemistry project; Collection: Apollo 12 site, Moon; Specimen type: Returned Lunar Sample; Material origin: Natural; Material type: Rock; Material subtypes: Particulate; Atlas lithology: basalt; Parent source: atlas_sample_id",subsample_or_fraction,yes,https://www.lpi.usra.edu/lunar/samples/atlas/detail/?mission=Apollo%2012&sample=12021,
118,12023,136,-99.0,no,c2ls78,LS-CMP-078,"12023,136",none,,,,,,soil,,"RELAB specimen: 12023,136; RELAB description: Mare, Bulk,; Collection: Apollo 12 site, Moon; Specimen type: Returned Lunar Sample; Material origin: Natural; Material type: Unconsolidated Mixture; Material subtypes: Particulate|Mare; Atlas lithology: soil; Atlas description: Trench sample 12023 (collected at a depth of 20 cm) was collected from the east rim of the 20 meter Sharp crater. The rim material is softer and lighter in ccolor than the surrounding material.; Parent source: atlas_sample_id",subsample_or_fraction,yes,https://www.lpi.usra.edu/lunar/samples/atlas/detail/?mission=Apollo%2012&sample=12023,
119,12023,136,-99.0,no,cals78,LS-CMP-078,"12023,136",none,,,,,,soil,,"RELAB specimen: 12023,136; RELAB description: Mare, Bulk,; Collection: Apollo 12 site, Moon; Specimen type: Returned Lunar Sample; Material origin: Natural; Material type: Unconsolidated Mixture; Material subtypes: Particulate|Mare; Atlas lithology: soil; Atlas description: Trench sample 12023 (collected at a depth of 20 cm) was collected from the east rim of the 20 meter Sharp crater. The rim material is softer and lighter in ccolor than the surrounding material.; Parent source: atlas_sample_id",subsample_or_fraction,yes,https://www.lpi.usra.edu/lunar/samples/atlas/detail/?mission=Apollo%2012&sample=12023,
120,12024,59,0.0,yes,c2ls62,LS-CMP-062,"12024,59",explicit_reference,ls-cmp-062_specimenchemistry,LS-CMP-062,Bulk,"Morris et al., 1983. Handbook of Lunar Soils, Part 1, p. 84.",,,,"RELAB specimen: 12024,59; RELAB description: Mare, Bulk, Near trench site, east rim of Sharp Crater.Surface sample.; Collection: Apollo 12; Specimen type: Returned Lunar Sample; Material origin: Natural; Material type: Unconsolidated Mixture; Material subtypes: Particulate|Mare; Chemistry phase: Bulk; Chemistry notes: Apollo 12 soil #12024; Parent source: atlas_sample_id",subsample_or_fraction,yes,https://www.lpi.usra.edu/lunar/samples/atlas/detail/?mission=Apollo%2012&sample=12024,
121,12030,55,-99.0,no,celr05,LR-CMP-005-E,"12030,55",none,,,,,,,,"RELAB specimen: 12030,55; RELAB description: Mare, Bulk,; Collection: Apollo 12 site, Moon; Specimen type: Returned Lunar Sample; Material origin: Natural; Material type: Unconsolidated Mixture; Material subtypes: Particulate|Dry-sieved|Mare; Parent source: atlas_sample_id",subsample_or_fraction,yes,https://www.lpi.usra.edu/lunar/samples/atlas/detail/?mission=Apollo%2012&sample=12030,
122,12030,56,-99.0,no,cdlr05,LR-CMP-005-D,"12030,56",none,,,,,,,,"RELAB specimen: 12030,56; RELAB description: Mare, Bulk,; Collection: Apollo 12 site, Moon; Specimen type: Returned Lunar Sample; Material origin: Natural; Material type: Unconsolidated Mixture; Material subtypes: Particulate|Dry-sieved|Mare; Parent source: atlas_sample_id",subsample_or_fraction,yes,https://www.lpi.usra.edu/lunar/samples/atlas/detail/?mission=Apollo%2012&sample=12030,
123,12030,57,-99.0,no,cclr05,LR-CMP-005-C,"12030,57",none,,,,,,,,"RELAB specimen: 12030,57; RELAB description: Mare, Bulk,; Collection: Apollo 12 site, Moon; Specimen type: Returned Lunar Sample; Material origin: Natural; Material type: Unconsolidated Mixture; Material subtypes: Particulate|Dry-sieved|Mare; Parent source: atlas_sample_id",subsample_or_fraction,yes,https://www.lpi.usra.edu/lunar/samples/atlas/detail/?mission=Apollo%2012&sample=12030,
124,12030,58,-99.0,no,cblr05,LR-CMP-005-B,"12030,58",none,,,,,,,,"RELAB specimen: 12030,58; RELAB description: Mare, Bulk,; Collection: Apollo 12 site, Moon; Specimen type: Returned Lunar Sample; Material origin: Natural; Material type: Unconsolidated Mixture; Material subtypes: Particulate|Dry-sieved|Mare; Parent source: atlas_sample_id",subsample_or_fraction,yes,https://www.lpi.usra.edu/lunar/samples/atlas/detail/?mission=Apollo%2012&sample=12030,
125,12030,132,-99.0,no,c2ls76,LS-CMP-076,"12030,132",none,,,,,,,,"RELAB specimen: 12030,132; RELAB description: Mare, Bulk,; Collection: Apollo 12 site, Moon; Specimen type: Returned Lunar Sample; Material origin: Natural; Material type: Unconsolidated Mixture; Material subtypes: Particulate|Bulk; Parent source: atlas_sample_id",subsample_or_fraction,yes,https://www.lpi.usra.edu/lunar/samples/atlas/detail/?mission=Apollo%2012&sample=12030,
126,12030,132,-99.0,no,cals76,LS-CMP-076,"12030,132",none,,,,,,,,"RELAB specimen: 12030,132; RELAB description: Mare, Bulk,; Collection: Apollo 12 site, Moon; Specimen type: Returned Lunar Sample; Material origin: Natural; Material type: Unconsolidated Mixture; Material subtypes: Particulate|Bulk; Parent source: atlas_sample_id",subsample_or_fraction,yes,https://www.lpi.usra.edu/lunar/samples/atlas/detail/?mission=Apollo%2012&sample=12030,
127,12030,144,-99.0,no,c1lr32,LR-CMP-032,"12030,144",none,,,,,,,,"RELAB specimen: 12030,144; RELAB description: Mare, ,; Collection: Apollo 12 site, Moon; Specimen type: Returned Lunar Sample; Material origin: Natural; Material type: Unconsolidated Mixture; Material subtypes: Particulate|Dry-sieved|Mare; Parent source: atlas_sample_id",subsample_or_fraction,yes,https://www.lpi.usra.edu/lunar/samples/atlas/detail/?mission=Apollo%2012&sample=12030,
128,12030,145,-99.0,no,c1lr31,LR-CMP-031,"12030,145",none,,,,,,,,"RELAB specimen: 12030,145; RELAB description: Mare, ,; Collection: Apollo 12 site, Moon; Specimen type: Returned Lunar Sample; Material origin: Natural; Material type: Unconsolidated Mixture; Material subtypes: Particulate|Dry-sieved|Mare; Parent source: atlas_sample_id",subsample_or_fraction,yes,https://www.lpi.usra.edu/lunar/samples/atlas/detail/?mission=Apollo%2012&sample=12030,
129,12030,146,-99.0,no,c1lr30,LR-CMP-030,"12030,146",none,,,,,,,,"RELAB specimen: 12030,146; RELAB description: Mare, ,; Collection: Apollo 12 site, Moon; Specimen type: Returned Lunar Sample; Material origin: Natural; Material type: Unconsolidated Mixture; Material subtypes: Particulate|Dry-sieved|Mare; Parent source: atlas_sample_id",subsample_or_fraction,yes,https://www.lpi.usra.edu/lunar/samples/atlas/detail/?mission=Apollo%2012&sample=12030,
130,12030,188,-99.0,no,bir1ls120,LS-GJT-120,"12030,188 <150 um",none,,,,,,,,"RELAB specimen: 12030,188 <150 um; RELAB description: Mare, Bulk,; Collection: Apollo 12 site, Moon; Specimen type: Returned Lunar Sample; Material origin: Natural; Material type: Unconsolidated Mixture; Material subtypes: Particulate|Particulate Sorted|Mare; Parent source: atlas_sample_id",subsample_or_fraction,yes,https://www.lpi.usra.edu/lunar/samples/atlas/detail/?mission=Apollo%2012&sample=12030,
131,12030,188,-99.0,no,c1ls120,LS-GJT-120,"12030,188 <150 um",none,,,,,,,,"RELAB specimen: 12030,188 <150 um; RELAB description: Mare, Bulk,; Collection: Apollo 12 site, Moon; Specimen type: Returned Lunar Sample; Material origin: Natural; Material type: Unconsolidated Mixture; Material subtypes: Particulate|Particulate Sorted|Mare; Parent source: atlas_sample_id",subsample_or_fraction,yes,https://www.lpi.usra.edu/lunar/samples/atlas/detail/?mission=Apollo%2012&sample=12030,
132,12032,354,-99.0,no,cals88,LS-CMP-088-A,"12032,354",none,,,,,soil-general,,,"RELAB specimen: 12032,354; RELAB description: Impact Melt , Ropy Glass, Believed to have originated with Copernicus impact.; Collection: Apollo 12 site, Moon; Specimen type: Returned Lunar Sample; Material origin: Natural; Material type: Rock; Material subtypes: Particulate|Bulk Particulate; Atlas type: soil-general; Atlas description: Surface soil 12032, along with several rocks were collected from the north rim of Bench crater. It includes some light gray material from just below the surace. Soil collected with ""potato"" rock 12053.; Parent source: atlas_sample_id",subsample_or_fraction,yes,https://www.lpi.usra.edu/lunar/samples/atlas/detail/?mission=Apollo%2012&sample=12032,
133,12032,354,14.1,yes,c1ls88,LS-CMP-088,"12032,354",explicit_reference,ls-cmp-088_specimenchemistry,LS-CMP-088,Bulk,"Frondel et al., 1971 (<37um)",soil-general,,,"RELAB specimen: 12032,354; RELAB description: Impact Melt , Ropy Glass, Ropy glass fragment from Apollo 12 landing site. Believed to originate with Copernicus impact.; Collection: Apollo 12 site, Moon; Specimen type: Returned Lunar Sample; Material origin: Natural; Material type: Rock; Material subtypes: Nonparticulate|Chip; Atlas type: soil-general; Atlas description: Surface soil 12032, along with several rocks were collected from the north rim of Bench crater. It includes some light gray material from just below the surace. Soil collected with ""potato"" rock 12053.; Chemistry phase: Bulk; Chemistry notes: Ropy brown glass (possibly from Copernicus impact); Parent source: atlas_sample_id",subsample_or_fraction,yes,https://www.lpi.usra.edu/lunar/samples/atlas/detail/?mission=Apollo%2012&sample=12032,
134,12032,354,14.1,yes,c2ls88,LS-CMP-088,"12032,354",explicit_reference,ls-cmp-088_specimenchemistry,LS-CMP-088,Bulk,"Frondel et al., 1971 (<37um)",soil-general,,,"RELAB specimen: 12032,354; RELAB description: Impact Melt , Ropy Glass, Ropy glass fragment from Apollo 12 landing site. Believed to originate with Copernicus impact.; Collection: Apollo 12 site, Moon; Specimen type: Returned Lunar Sample; Material origin: Natural; Material type: Rock; Material subtypes: Nonparticulate|Chip; Atlas type: soil-general; Atlas description: Surface soil 12032, along with several rocks were collected from the north rim of Bench crater. It includes some light gray material from just below the surace. Soil collected with ""potato"" rock 12053.; Chemistry phase: Bulk; Chemistry notes: Ropy brown glass (possibly from Copernicus impact); Parent source: atlas_sample_id",subsample_or_fraction,yes,https://www.lpi.usra.edu/lunar/samples/atlas/detail/?mission=Apollo%2012&sample=12032,
135,12032,354,14.1,yes,cmls88,LS-CMP-088,"12032,354",explicit_reference,ls-cmp-088_specimenchemistry,LS-CMP-088,Bulk,"Frondel et al., 1971 (<37um)",soil-general,,,"RELAB specimen: 12032,354; RELAB description: Impact Melt , Ropy Glass, Ropy glass fragment from Apollo 12 landing site. Believed to originate with Copernicus impact.; Collection: Apollo 12 site, Moon; Specimen type: Returned Lunar Sample; Material origin: Natural; Material type: Rock; Material subtypes: Nonparticulate|Chip; Atlas type: soil-general; Atlas description: Surface soil 12032, along with several rocks were collected from the north rim of Bench crater. It includes some light gray material from just below the surace. Soil collected with ""potato"" rock 12053.; Chemistry phase: Bulk; Chemistry notes: Ropy brown glass (possibly from Copernicus impact); Parent source: atlas_sample_id",subsample_or_fraction,yes,https://www.lpi.usra.edu/lunar/samples/atlas/detail/?mission=Apollo%2012&sample=12032,
136,12032,365,-99.0,no,bir1ls121,LS-GJT-121,"12032,365 <150 um",none,,,,,soil-general,,,"RELAB specimen: 12032,365 <150 um; RELAB description: Mare, Bulk,; Collection: Apollo 12 site, Moon; Specimen type: Returned Lunar Sample; Material origin: Natural; Material type: Unconsolidated Mixture; Material subtypes: Particulate|Particulate Sorted|Mare; Atlas type: soil-general; Atlas description: Surface soil 12032, along with several rocks were collected from the north rim of Bench crater. It includes some light gray material from just below the surace. Soil collected with ""potato"" rock 12053.; Parent source: atlas_sample_id",subsample_or_fraction,yes,https://www.lpi.usra.edu/lunar/samples/atlas/detail/?mission=Apollo%2012&sample=12032,
137,12032,365,-99.0,no,c1ls121,LS-GJT-121,"12032,365 <150 um",none,,,,,soil-general,,,"RELAB specimen: 12032,365 <150 um; RELAB description: Mare, Bulk,; Collection: Apollo 12 site, Moon; Specimen type: Returned Lunar Sample; Material origin: Natural; Material type: Unconsolidated Mixture; Material subtypes: Particulate|Particulate Sorted|Mare; Atlas type: soil-general; Atlas description: Surface soil 12032, along with several rocks were collected from the north rim of Bench crater. It includes some light gray material from just below the surace. Soil collected with ""potato"" rock 12053.; Parent source: atlas_sample_id",subsample_or_fraction,yes,https://www.lpi.usra.edu/lunar/samples/atlas/detail/?mission=Apollo%2012&sample=12032,
138,12033,52,-99.0,no,bir1ls122,LS-GJT-122,"12033,52 <150 um",none,,,,,soil-general,,,"RELAB specimen: 12033,52 <150 um; RELAB description: Mare, Bulk,; Collection: Apollo 12 site, Moon; Specimen type: Returned Lunar Sample; Material origin: Natural; Material type: Unconsolidated Mixture; Material subtypes: Particulate|Particulate Sorted|Mare; Atlas type: soil-general; Atlas description: Trench sample 12033 was collected 15 cm below the surface, 15 meters from the northwest rim of Head Crater near 12031. The trench bottom is lighter in color than the surface materials. Astronauts noticed more large blocks on the west side of Bench crater than on the east.; Parent source: atlas_sample_id",subsample_or_fraction,yes,https://www.lpi.usra.edu/lunar/samples/atlas/detail/?mission=Apollo%2012&sample=12033,
139,12033,52,-99.0,no,c1ls122,LS-GJT-122,"12033,52 <150 um",none,,,,,soil-general,,,"RELAB specimen: 12033,52 <150 um; RELAB description: Mare, Bulk,; Collection: Apollo 12 site, Moon; Specimen type: Returned Lunar Sample; Material origin: Natural; Material type: Unconsolidated Mixture; Material subtypes: Particulate|Particulate Sorted|Mare; Atlas type: soil-general; Atlas description: Trench sample 12033 was collected 15 cm below the surface, 15 meters from the northwest rim of Head Crater near 12031. The trench bottom is lighter in color than the surface materials. Astronauts noticed more large blocks on the west side of Bench crater than on the east.; Parent source: atlas_sample_id",subsample_or_fraction,yes,https://www.lpi.usra.edu/lunar/samples/atlas/detail/?mission=Apollo%2012&sample=12033,
140,12033,604,-99.0,no,cals93,LS-CMP-093-A,"12033,604",none,,,,,soil-general,,,"RELAB specimen: 12033,604; RELAB description: Impact Melt , Ropy Glass, Apollo 12 ropy glass Believed to be Copernicus-related impact melt.; Collection: Apollo 12 site, Moon; Specimen type: Returned Lunar Sample; Material origin: Natural; Material type: Rock; Material subtypes: Particulate|Bulk Particulate; Atlas type: soil-general; Atlas description: Trench sample 12033 was collected 15 cm below the surface, 15 meters from the northwest rim of Head Crater near 12031. The trench bottom is lighter in color than the surface materials. Astronauts noticed more large blocks on the west side of Bench crater than on the east.; Parent source: atlas_sample_id",subsample_or_fraction,yes,https://www.lpi.usra.edu/lunar/samples/atlas/detail/?mission=Apollo%2012&sample=12033,
141,12033,604,12.9,yes,c1ls93,LS-CMP-093,"12033,604",explicit_reference,ls-cmp-093_specimenchemistry,LS-CMP-093,Bulk,"Cuttitta et al., 1971",soil-general,,,"RELAB specimen: 12033,604; RELAB description: Impact Melt , Ropy Glass, Believed to be Copernicus-related impact melt.; Collection: Apollo 12 site, Moon; Specimen type: Returned Lunar Sample; Material origin: Natural; Material type: Rock; Material subtypes: Nonparticulate; Atlas type: soil-general; Atlas description: Trench sample 12033 was collected 15 cm below the surface, 15 meters from the northwest rim of Head Crater near 12031. The trench bottom is lighter in color than the surface materials. Astronauts noticed more large blocks on the west side of Bench crater than on the east.; Chemistry phase: Bulk; Chemistry notes: Ropy brown glass (possibly from Copernicus impact); Parent source: atlas_sample_id",subsample_or_fraction,yes,https://www.lpi.usra.edu/lunar/samples/atlas/detail/?mission=Apollo%2012&sample=12033,
142,12033,604,12.9,yes,c2ls93,LS-CMP-093,"12033,604",explicit_reference,ls-cmp-093_specimenchemistry,LS-CMP-093,Bulk,"Cuttitta et al., 1971",soil-general,,,"RELAB specimen: 12033,604; RELAB description: Impact Melt , Ropy Glass, Believed to be Copernicus-related impact melt.; Collection: Apollo 12 site, Moon; Specimen type: Returned Lunar Sample; Material origin: Natural; Material type: Rock; Material subtypes: Nonparticulate; Atlas type: soil-general; Atlas description: Trench sample 12033 was collected 15 cm below the surface, 15 meters from the northwest rim of Head Crater near 12031. The trench bottom is lighter in color than the surface materials. Astronauts noticed more large blocks on the west side of Bench crater than on the east.; Chemistry phase: Bulk; Chemistry notes: Ropy brown glass (possibly from Copernicus impact); Parent source: atlas_sample_id",subsample_or_fraction,yes,https://www.lpi.usra.edu/lunar/samples/atlas/detail/?mission=Apollo%2012&sample=12033,
143,12037,29,-99.0,no,bir1ls123,LS-GJT-123,"12037,29 <150 um",none,,,,,,basalt,,"RELAB specimen: 12037,29 <150 um; RELAB description: Mare, Bulk,; Collection: Apollo 12 site, Moon; Specimen type: Returned Lunar Sample; Material origin: Natural; Material type: Unconsolidated Mixture; Material subtypes: Particulate|Particulate Sorted|Mare; Atlas lithology: basalt; Atlas description: Soil sample in same sample bag as 12036, a friable basalt. Both were collected near the site of 12035 on the NW rim of Bench crater. Because it includes much broken material from the friable basalt, it is not statistically a soil sample.; Parent source: atlas_sample_id",subsample_or_fraction,yes,https://www.lpi.usra.edu/lunar/samples/atlas/detail/?mission=Apollo%2012&sample=12037,
144,12037,29,-99.0,no,c1ls123,LS-GJT-123,"12037,29 <150 um",none,,,,,,basalt,,"RELAB specimen: 12037,29 <150 um; RELAB description: Mare, Bulk,; Collection: Apollo 12 site, Moon; Specimen type: Returned Lunar Sample; Material origin: Natural; Material type: Unconsolidated Mixture; Material subtypes: Particulate|Particulate Sorted|Mare; Atlas lithology: basalt; Atlas description: Soil sample in same sample bag as 12036, a friable basalt. Both were collected near the site of 12035 on the NW rim of Bench crater. Because it includes much broken material from the friable basalt, it is not statistically a soil sample.; Parent source: atlas_sample_id",subsample_or_fraction,yes,https://www.lpi.usra.edu/lunar/samples/atlas/detail/?mission=Apollo%2012&sample=12037,
145,12037,189,-99.0,no,cals80,LS-CMP-080,"12037,189",none,,,,,,basalt,,"RELAB specimen: 12037,189; RELAB description: Bulk,; Collection: Apollo 12 site, Moon; Specimen type: Returned Lunar Sample; Material origin: Natural; Material type: Unconsolidated Mixture; Material subtypes: Particulate|Bulk; Atlas lithology: basalt; Atlas description: Soil sample in same sample bag as 12036, a friable basalt. Both were collected near the site of 12035 on the NW rim of Bench crater. Because it includes much broken material from the friable basalt, it is not statistically a soil sample.; Parent source: atlas_sample_id",subsample_or_fraction,yes,https://www.lpi.usra.edu/lunar/samples/atlas/detail/?mission=Apollo%2012&sample=12037,
146,12063,197,-99.0,no,c1ls14,LS-CMP-014,"12063,197",none,,,,,rock,basalt,,"RELAB specimen: 12063,197; RELAB description: Igneous Volcanic, Basalt, Soil for comparison with J. Adams; Collection: Apollo 12; Specimen type: Returned Lunar Sample; Material origin: Natural; Material type: Rock; Material subtypes: Particulate; Atlas type: rock; Atlas lithology: basalt; Atlas description: diabase (terrestrial analogue); ilmenite microgabbro similar to Apollo 11 (Chao); Parent source: atlas_sample_id",subsample_or_fraction,yes,https://www.lpi.usra.edu/lunar/samples/atlas/detail/?mission=Apollo%2012&sample=12063,
147,12063,197,-99.0,no,c2ls14,LS-CMP-014,"12063,197",none,,,,,rock,basalt,,"RELAB specimen: 12063,197; RELAB description: Igneous Volcanic, Basalt, Soil for comparison with J. Adams; Collection: Apollo 12; Specimen type: Returned Lunar Sample; Material origin: Natural; Material type: Rock; Material subtypes: Particulate; Atlas type: rock; Atlas lithology: basalt; Atlas description: diabase (terrestrial analogue); ilmenite microgabbro similar to Apollo 11 (Chao); Parent source: atlas_sample_id",subsample_or_fraction,yes,https://www.lpi.usra.edu/lunar/samples/atlas/detail/?mission=Apollo%2012&sample=12063,
148,12063,197,-99.0,no,s1ls14,LS-CMP-014,"12063,197",none,,,,,rock,basalt,,"RELAB specimen: 12063,197; RELAB description: Igneous Volcanic, Basalt, Soil for comparison with J. Adams; Collection: Apollo 12; Specimen type: Returned Lunar Sample; Material origin: Natural; Material type: Rock; Material subtypes: Particulate; Atlas type: rock; Atlas lithology: basalt; Atlas description: diabase (terrestrial analogue); ilmenite microgabbro similar to Apollo 11 (Chao); Parent source: atlas_sample_id",subsample_or_fraction,yes,https://www.lpi.usra.edu/lunar/samples/atlas/detail/?mission=Apollo%2012&sample=12063,
149,12063,198,-99.0,no,c1ls86,LS-CMP-086,"12063,198",none,,,,,rock,basalt,,"RELAB specimen: 12063,198; RELAB description: Silicate (Tecto), Plagioclase ,; Collection: Apollo 12 site, Moon; Specimen type: Returned Lunar Sample; Material origin: Natural; Material type: Mineral; Material subtypes: Particulate; Atlas type: rock; Atlas lithology: basalt; Atlas description: diabase (terrestrial analogue); ilmenite microgabbro similar to Apollo 11 (Chao); Parent source: atlas_sample_id",subsample_or_fraction,yes,https://www.lpi.usra.edu/lunar/samples/atlas/detail/?mission=Apollo%2012&sample=12063,
150,12063,199,-99.0,no,c1ls09,LS-CMP-009,"12063,199",none,,,,,rock,basalt,,"RELAB specimen: 12063,199; RELAB description: Silicate (Ino) , Pyroxene Clinopyroxene, Fine-grained separate from 12063 rock; Collection: Apollo 12; Specimen type: Returned Lunar Sample; Material origin: Natural; Material type: Mineral; Material subtypes: Particulate; Atlas type: rock; Atlas lithology: basalt; Atlas description: diabase (terrestrial analogue); ilmenite microgabbro similar to Apollo 11 (Chao); Parent source: atlas_sample_id",subsample_or_fraction,yes,https://www.lpi.usra.edu/lunar/samples/atlas/detail/?mission=Apollo%2012&sample=12063,
151,12063,199,-99.0,no,c2ls09,LS-CMP-009,"12063,199",none,,,,,rock,basalt,,"RELAB specimen: 12063,199; RELAB description: Silicate (Ino) , Pyroxene Clinopyroxene, Fine-grained separate from 12063 rock; Collection: Apollo 12; Specimen type: Returned Lunar Sample; Material origin: Natural; Material type: Mineral; Material subtypes: Particulate; Atlas type: rock; Atlas lithology: basalt; Atlas description: diabase (terrestrial analogue); ilmenite microgabbro similar to Apollo 11 (Chao); Parent source: atlas_sample_id",subsample_or_fraction,yes,https://www.lpi.usra.edu/lunar/samples/atlas/detail/?mission=Apollo%2012&sample=12063,
152,12063,199,-99.0,no,c3ls09,LS-CMP-009,"12063,199",none,,,,,rock,basalt,,"RELAB specimen: 12063,199; RELAB description: Silicate (Ino) , Pyroxene Clinopyroxene, Fine-grained separate from 12063 rock; Collection: Apollo 12; Specimen type: Returned Lunar Sample; Material origin: Natural; Material type: Mineral; Material subtypes: Particulate; Atlas type: rock; Atlas lithology: basalt; Atlas description: diabase (terrestrial analogue); ilmenite microgabbro similar to Apollo 11 (Chao); Parent source: atlas_sample_id",subsample_or_fraction,yes,https://www.lpi.usra.edu/lunar/samples/atlas/detail/?mission=Apollo%2012&sample=12063,
153,12063,199,-99.0,no,c4ls09,LS-CMP-009,"12063,199",none,,,,,rock,basalt,,"RELAB specimen: 12063,199; RELAB description: Silicate (Ino) , Pyroxene Clinopyroxene, Fine-grained separate from 12063 rock; Collection: Apollo 12; Specimen type: Returned Lunar Sample; Material origin: Natural; Material type: Mineral; Material subtypes: Particulate; Atlas type: rock; Atlas lithology: basalt; Atlas description: diabase (terrestrial analogue); ilmenite microgabbro similar to Apollo 11 (Chao); Parent source: atlas_sample_id",subsample_or_fraction,yes,https://www.lpi.usra.edu/lunar/samples/atlas/detail/?mission=Apollo%2012&sample=12063,
154,12063,199,-99.0,no,c5ls09,LS-CMP-009,"12063,199",none,,,,,rock,basalt,,"RELAB specimen: 12063,199; RELAB description: Silicate (Ino) , Pyroxene Clinopyroxene, Fine-grained separate from 12063 rock; Collection: Apollo 12; Specimen type: Returned Lunar Sample; Material origin: Natural; Material type: Mineral; Material subtypes: Particulate; Atlas type: rock; Atlas lithology: basalt; Atlas description: diabase (terrestrial analogue); ilmenite microgabbro similar to Apollo 11 (Chao); Parent source: atlas_sample_id",subsample_or_fraction,yes,https://www.lpi.usra.edu/lunar/samples/atlas/detail/?mission=Apollo%2012&sample=12063,
155,12063,199,-99.0,no,c6ls09,LS-CMP-009,"12063,199",none,,,,,rock,basalt,,"RELAB specimen: 12063,199; RELAB description: Silicate (Ino) , Pyroxene Clinopyroxene, Fine-grained separate from 12063 rock; Collection: Apollo 12; Specimen type: Returned Lunar Sample; Material origin: Natural; Material type: Mineral; Material subtypes: Particulate; Atlas type: rock; Atlas lithology: basalt; Atlas description: diabase (terrestrial analogue); ilmenite microgabbro similar to Apollo 11 (Chao); Parent source: atlas_sample_id",subsample_or_fraction,yes,https://www.lpi.usra.edu/lunar/samples/atlas/detail/?mission=Apollo%2012&sample=12063,
156,12063,199,-99.0,no,s1ls09,LS-CMP-009,"12063,199",none,,,,,rock,basalt,,"RELAB specimen: 12063,199; RELAB description: Silicate (Ino) , Pyroxene Clinopyroxene, Fine-grained separate from 12063 rock; Collection: Apollo 12; Specimen type: Returned Lunar Sample; Material origin: Natural; Material type: Mineral; Material subtypes: Particulate; Atlas type: rock; Atlas lithology: basalt; Atlas description: diabase (terrestrial analogue); ilmenite microgabbro similar to Apollo 11 (Chao); Parent source: atlas_sample_id",subsample_or_fraction,yes,https://www.lpi.usra.edu/lunar/samples/atlas/detail/?mission=Apollo%2012&sample=12063,
157,12070,853,-99.0,no,c5ls32,LS-CMP-032,"12070,853",none,,,,,,,,"RELAB specimen: 12070,853; RELAB description: Mare, Bulk, Apollo 12 Soil Crater Rim; Collection: Apollo 12; Specimen type: Returned Lunar Sample; Material origin: Natural; Material type: Unconsolidated Mixture; Material subtypes: Particulate|Mare; Parent source: atlas_sample_id",subsample_or_fraction,yes,https://www.lpi.usra.edu/lunar/samples/atlas/detail/?mission=Apollo%2012&sample=12070,
158,12070,853,-99.0,no,c6ls32,LS-CMP-032,"12070,853",none,,,,,,,,"RELAB specimen: 12070,853; RELAB description: Mare, Bulk, Apollo 12 Soil Crater Rim; Collection: Apollo 12; Specimen type: Returned Lunar Sample; Material origin: Natural; Material type: Unconsolidated Mixture; Material subtypes: Particulate|Mare; Parent source: atlas_sample_id",subsample_or_fraction,yes,https://www.lpi.usra.edu/lunar/samples/atlas/detail/?mission=Apollo%2012&sample=12070,
159,12070,853,-99.0,no,cals32,LS-CMP-032,"12070,853",none,,,,,,,,"RELAB specimen: 12070,853; RELAB description: Mare, Bulk, Apollo 12 Soil Crater Rim; Collection: Apollo 12; Specimen type: Returned Lunar Sample; Material origin: Natural; Material type: Unconsolidated Mixture; Material subtypes: Particulate|Mare; Parent source: atlas_sample_id",subsample_or_fraction,yes,https://www.lpi.usra.edu/lunar/samples/atlas/detail/?mission=Apollo%2012&sample=12070,
160,12070,853,-99.0,no,cbls32,LS-CMP-032,"12070,853",none,,,,,,,,"RELAB specimen: 12070,853; RELAB description: Mare, Bulk, Apollo 12 Soil Crater Rim; Collection: Apollo 12; Specimen type: Returned Lunar Sample; Material origin: Natural; Material type: Unconsolidated Mixture; Material subtypes: Particulate|Mare; Parent source: atlas_sample_id",subsample_or_fraction,yes,https://www.lpi.usra.edu/lunar/samples/atlas/detail/?mission=Apollo%2012&sample=12070,
161,12070,853,-99.0,no,ccls32,LS-CMP-032,"12070,853",none,,,,,,,,"RELAB specimen: 12070,853; RELAB description: Mare, Bulk, Apollo 12 Soil Crater Rim; Collection: Apollo 12; Specimen type: Returned Lunar Sample; Material origin: Natural; Material type: Unconsolidated Mixture; Material subtypes: Particulate|Mare; Parent source: atlas_sample_id",subsample_or_fraction,yes,https://www.lpi.usra.edu/lunar/samples/atlas/detail/?mission=Apollo%2012&sample=12070,
162,12070,853,-99.0,no,cdls32,LS-CMP-032,"12070,853",none,,,,,,,,"RELAB specimen: 12070,853; RELAB description: Mare, Bulk, Apollo 12 Soil Crater Rim; Collection: Apollo 12; Specimen type: Returned Lunar Sample; Material origin: Natural; Material type: Unconsolidated Mixture; Material subtypes: Particulate|Mare; Parent source: atlas_sample_id",subsample_or_fraction,yes,https://www.lpi.usra.edu/lunar/samples/atlas/detail/?mission=Apollo%2012&sample=12070,
163,12070,853,-99.0,no,cels32,LS-CMP-032,"12070,853",none,,,,,,,,"RELAB specimen: 12070,853; RELAB description: Mare, Bulk, Apollo 12 Soil Crater Rim; Collection: Apollo 12; Specimen type: Returned Lunar Sample; Material origin: Natural; Material type: Unconsolidated Mixture; Material subtypes: Particulate|Mare; Parent source: atlas_sample_id",subsample_or_fraction,yes,https://www.lpi.usra.edu/lunar/samples/atlas/detail/?mission=Apollo%2012&sample=12070,
164,12070,853,-99.0,no,cfls32,LS-CMP-032,"12070,853",none,,,,,,,,"RELAB specimen: 12070,853; RELAB description: Mare, Bulk, Apollo 12 Soil Crater Rim; Collection: Apollo 12; Specimen type: Returned Lunar Sample; Material origin: Natural; Material type: Unconsolidated Mixture; Material subtypes: Particulate|Mare; Parent source: atlas_sample_id",subsample_or_fraction,yes,https://www.lpi.usra.edu/lunar/samples/atlas/detail/?mission=Apollo%2012&sample=12070,
165,12070,853,-99.0,no,cgls32,LS-CMP-032,"12070,853",none,,,,,,,,"RELAB specimen: 12070,853; RELAB description: Mare, Bulk, Apollo 12 Soil Crater Rim; Collection: Apollo 12; Specimen type: Returned Lunar Sample; Material origin: Natural; Material type: Unconsolidated Mixture; Material subtypes: Particulate|Mare; Parent source: atlas_sample_id",subsample_or_fraction,yes,https://www.lpi.usra.edu/lunar/samples/atlas/detail/?mission=Apollo%2012&sample=12070,
166,12070,853,-99.0,no,chls32,LS-CMP-032,"12070,853",none,,,,,,,,"RELAB specimen: 12070,853; RELAB description: Mare, Bulk, Apollo 12 Soil Crater Rim; Collection: Apollo 12; Specimen type: Returned Lunar Sample; Material origin: Natural; Material type: Unconsolidated Mixture; Material subtypes: Particulate|Mare; Parent source: atlas_sample_id",subsample_or_fraction,yes,https://www.lpi.usra.edu/lunar/samples/atlas/detail/?mission=Apollo%2012&sample=12070,
167,12070,853,-99.0,no,cils32,LS-CMP-032,"12070,853",none,,,,,,,,"RELAB specimen: 12070,853; RELAB description: Mare, Bulk, Apollo 12 Soil Crater Rim; Collection: Apollo 12; Specimen type: Returned Lunar Sample; Material origin: Natural; Material type: Unconsolidated Mixture; Material subtypes: Particulate|Mare; Parent source: atlas_sample_id",subsample_or_fraction,yes,https://www.lpi.usra.edu/lunar/samples/atlas/detail/?mission=Apollo%2012&sample=12070,
168,12070,853,-99.0,no,cjls32,LS-CMP-032,"12070,853",none,,,,,,,,"RELAB specimen: 12070,853; RELAB description: Mare, Bulk, Apollo 12 Soil Crater Rim; Collection: Apollo 12; Specimen type: Returned Lunar Sample; Material origin: Natural; Material type: Unconsolidated Mixture; Material subtypes: Particulate|Mare; Parent source: atlas_sample_id",subsample_or_fraction,yes,https://www.lpi.usra.edu/lunar/samples/atlas/detail/?mission=Apollo%2012&sample=12070,
169,12070,853,-99.0,no,ckls32,LS-CMP-032,"12070,853",none,,,,,,,,"RELAB specimen: 12070,853; RELAB description: Mare, Bulk, Apollo 12 Soil Crater Rim; Collection: Apollo 12; Specimen type: Returned Lunar Sample; Material origin: Natural; Material type: Unconsolidated Mixture; Material subtypes: Particulate|Mare; Parent source: atlas_sample_id",subsample_or_fraction,yes,https://www.lpi.usra.edu/lunar/samples/atlas/detail/?mission=Apollo%2012&sample=12070,
170,12070,853,-99.0,no,clls32,LS-CMP-032,"12070,853",none,,,,,,,,"RELAB specimen: 12070,853; RELAB description: Mare, Bulk, Apollo 12 Soil Crater Rim; Collection: Apollo 12; Specimen type: Returned Lunar Sample; Material origin: Natural; Material type: Unconsolidated Mixture; Material subtypes: Particulate|Mare; Parent source: atlas_sample_id",subsample_or_fraction,yes,https://www.lpi.usra.edu/lunar/samples/atlas/detail/?mission=Apollo%2012&sample=12070,
171,12070,853,-99.0,no,cls32g,LS-CMP-032,"12070,853",none,,,,,,,,"RELAB specimen: 12070,853; RELAB description: Mare, Bulk, Apollo 12 Soil Crater Rim; Collection: Apollo 12; Specimen type: Returned Lunar Sample; Material origin: Natural; Material type: Unconsolidated Mixture; Material subtypes: Particulate|Mare; Parent source: atlas_sample_id",subsample_or_fraction,yes,https://www.lpi.usra.edu/lunar/samples/atlas/detail/?mission=Apollo%2012&sample=12070,
172,12070,853,-99.0,no,cls32k,LS-CMP-032,"12070,853",none,,,,,,,,"RELAB specimen: 12070,853; RELAB description: Mare, Bulk, Apollo 12 Soil Crater Rim; Collection: Apollo 12; Specimen type: Returned Lunar Sample; Material origin: Natural; Material type: Unconsolidated Mixture; Material subtypes: Particulate|Mare; Parent source: atlas_sample_id",subsample_or_fraction,yes,https://www.lpi.usra.edu/lunar/samples/atlas/detail/?mission=Apollo%2012&sample=12070,
173,12070,853,-99.0,no,cmls32,LS-CMP-032,"12070,853",none,,,,,,,,"RELAB specimen: 12070,853; RELAB description: Mare, Bulk, Apollo 12 Soil Crater Rim; Collection: Apollo 12; Specimen type: Returned Lunar Sample; Material origin: Natural; Material type: Unconsolidated Mixture; Material subtypes: Particulate|Mare; Parent source: atlas_sample_id",subsample_or_fraction,yes,https://www.lpi.usra.edu/lunar/samples/atlas/detail/?mission=Apollo%2012&sample=12070,
174,12070,853,-99.0,no,cnls32,LS-CMP-032,"12070,853",none,,,,,,,,"RELAB specimen: 12070,853; RELAB description: Mare, Bulk, Apollo 12 Soil Crater Rim; Collection: Apollo 12; Specimen type: Returned Lunar Sample; Material origin: Natural; Material type: Unconsolidated Mixture; Material subtypes: Particulate|Mare; Parent source: atlas_sample_id",subsample_or_fraction,yes,https://www.lpi.usra.edu/lunar/samples/atlas/detail/?mission=Apollo%2012&sample=12070,
175,12070,853,-99.0,no,cols32,LS-CMP-032,"12070,853",none,,,,,,,,"RELAB specimen: 12070,853; RELAB description: Mare, Bulk, Apollo 12 Soil Crater Rim; Collection: Apollo 12; Specimen type: Returned Lunar Sample; Material origin: Natural; Material type: Unconsolidated Mixture; Material subtypes: Particulate|Mare; Parent source: atlas_sample_id",subsample_or_fraction,yes,https://www.lpi.usra.edu/lunar/samples/atlas/detail/?mission=Apollo%2012&sample=12070,
176,12070,853,-99.0,no,cpls32,LS-CMP-032,"12070,853",none,,,,,,,,"RELAB specimen: 12070,853; RELAB description: Mare, Bulk, Apollo 12 Soil Crater Rim; Collection: Apollo 12; Specimen type: Returned Lunar Sample; Material origin: Natural; Material type: Unconsolidated Mixture; Material subtypes: Particulate|Mare; Parent source: atlas_sample_id",subsample_or_fraction,yes,https://www.lpi.usra.edu/lunar/samples/atlas/detail/?mission=Apollo%2012&sample=12070,
177,12070,853,-99.0,no,cqls32,LS-CMP-032,"12070,853",none,,,,,,,,"RELAB specimen: 12070,853; RELAB description: Mare, Bulk, Apollo 12 Soil Crater Rim; Collection: Apollo 12; Specimen type: Returned Lunar Sample; Material origin: Natural; Material type: Unconsolidated Mixture; Material subtypes: Particulate|Mare; Parent source: atlas_sample_id",subsample_or_fraction,yes,https://www.lpi.usra.edu/lunar/samples/atlas/detail/?mission=Apollo%2012&sample=12070,
178,12070,853,-99.0,no,crls32,LS-CMP-032,"12070,853",none,,,,,,,,"RELAB specimen: 12070,853; RELAB description: Mare, Bulk, Apollo 12 Soil Crater Rim; Collection: Apollo 12; Specimen type: Returned Lunar Sample; Material origin: Natural; Material type: Unconsolidated Mixture; Material subtypes: Particulate|Mare; Parent source: atlas_sample_id",subsample_or_fraction,yes,https://www.lpi.usra.edu/lunar/samples/atlas/detail/?mission=Apollo%2012&sample=12070,
179,12070,853,-99.0,no,csls32,LS-CMP-032,"12070,853",none,,,,,,,,"RELAB specimen: 12070,853; RELAB description: Mare, Bulk, Apollo 12 Soil Crater Rim; Collection: Apollo 12; Specimen type: Returned Lunar Sample; Material origin: Natural; Material type: Unconsolidated Mixture; Material subtypes: Particulate|Mare; Parent source: atlas_sample_id",subsample_or_fraction,yes,https://www.lpi.usra.edu/lunar/samples/atlas/detail/?mission=Apollo%2012&sample=12070,
180,12070,853,-99.0,no,ctls32,LS-CMP-032,"12070,853",none,,,,,,,,"RELAB specimen: 12070,853; RELAB description: Mare, Bulk, Apollo 12 Soil Crater Rim; Collection: Apollo 12; Specimen type: Returned Lunar Sample; Material origin: Natural; Material type: Unconsolidated Mixture; Material subtypes: Particulate|Mare; Parent source: atlas_sample_id",subsample_or_fraction,yes,https://www.lpi.usra.edu/lunar/samples/atlas/detail/?mission=Apollo%2012&sample=12070,
181,12070,853,-99.0,no,culs32,LS-CMP-032,"12070,853",none,,,,,,,,"RELAB specimen: 12070,853; RELAB description: Mare, Bulk, Apollo 12 Soil Crater Rim; Collection: Apollo 12; Specimen type: Returned Lunar Sample; Material origin: Natural; Material type: Unconsolidated Mixture; Material subtypes: Particulate|Mare; Parent source: atlas_sample_id",subsample_or_fraction,yes,https://www.lpi.usra.edu/lunar/samples/atlas/detail/?mission=Apollo%2012&sample=12070,
182,12070,853,-99.0,no,cvls32,LS-CMP-032,"12070,853",none,,,,,,,,"RELAB specimen: 12070,853; RELAB description: Mare, Bulk, Apollo 12 Soil Crater Rim; Collection: Apollo 12; Specimen type: Returned Lunar Sample; Material origin: Natural; Material type: Unconsolidated Mixture; Material subtypes: Particulate|Mare; Parent source: atlas_sample_id",subsample_or_fraction,yes,https://www.lpi.usra.edu/lunar/samples/atlas/detail/?mission=Apollo%2012&sample=12070,
183,12070,853,-99.0,no,cwls32,LS-CMP-032,"12070,853",none,,,,,,,,"RELAB specimen: 12070,853; RELAB description: Mare, Bulk, Apollo 12 Soil Crater Rim; Collection: Apollo 12; Specimen type: Returned Lunar Sample; Material origin: Natural; Material type: Unconsolidated Mixture; Material subtypes: Particulate|Mare; Parent source: atlas_sample_id",subsample_or_fraction,yes,https://www.lpi.usra.edu/lunar/samples/atlas/detail/?mission=Apollo%2012&sample=12070,
184,12070,853,-99.0,no,cxls32,LS-CMP-032,"12070,853",none,,,,,,,,"RELAB specimen: 12070,853; RELAB description: Mare, Bulk, Apollo 12 Soil Crater Rim; Collection: Apollo 12; Specimen type: Returned Lunar Sample; Material origin: Natural; Material type: Unconsolidated Mixture; Material subtypes: Particulate|Mare; Parent source: atlas_sample_id",subsample_or_fraction,yes,https://www.lpi.usra.edu/lunar/samples/atlas/detail/?mission=Apollo%2012&sample=12070,
185,12070,853,-99.0,no,n1ls32,LS-CMP-032,"12070,853",none,,,,,,,,"RELAB specimen: 12070,853; RELAB description: Mare, Bulk, Apollo 12 Soil Crater Rim; Collection: Apollo 12; Specimen type: Returned Lunar Sample; Material origin: Natural; Material type: Unconsolidated Mixture; Material subtypes: Particulate|Mare; Parent source: atlas_sample_id",subsample_or_fraction,yes,https://www.lpi.usra.edu/lunar/samples/atlas/detail/?mission=Apollo%2012&sample=12070,
186,12070,853,-99.0,no,n2ls32,LS-CMP-032,"12070,853",none,,,,,,,,"RELAB specimen: 12070,853; RELAB description: Mare, Bulk, Apollo 12 Soil Crater Rim; Collection: Apollo 12; Specimen type: Returned Lunar Sample; Material origin: Natural; Material type: Unconsolidated Mixture; Material subtypes: Particulate|Mare; Parent source: atlas_sample_id",subsample_or_fraction,yes,https://www.lpi.usra.edu/lunar/samples/atlas/detail/?mission=Apollo%2012&sample=12070,
187,12070,853,-99.0,no,n4ls32,LS-CMP-032,"12070,853",none,,,,,,,,"RELAB specimen: 12070,853; RELAB description: Mare, Bulk, Apollo 12 Soil Crater Rim; Collection: Apollo 12; Specimen type: Returned Lunar Sample; Material origin: Natural; Material type: Unconsolidated Mixture; Material subtypes: Particulate|Mare; Parent source: atlas_sample_id",subsample_or_fraction,yes,https://www.lpi.usra.edu/lunar/samples/atlas/detail/?mission=Apollo%2012&sample=12070,
188,12070,853,-99.0,no,svls32,LS-CMP-032,"12070,853",none,,,,,,,,"RELAB specimen: 12070,853; RELAB description: Mare, Bulk, Apollo 12 Soil Crater Rim; Collection: Apollo 12; Specimen type: Returned Lunar Sample; Material origin: Natural; Material type: Unconsolidated Mixture; Material subtypes: Particulate|Mare; Parent source: atlas_sample_id",subsample_or_fraction,yes,https://www.lpi.usra.edu/lunar/samples/atlas/detail/?mission=Apollo%2012&sample=12070,
189,14141,21,-99.0,no,bir1ls124,LS-GJT-124,"14141,21 <150 um",none,,,,,soil-general,soil,,"RELAB specimen: 14141,21 <150 um; RELAB description: Highland, Bulk,; Collection: Apollo 14 site, Moon; Specimen type: Returned Lunar Sample; Material origin: Natural; Material type: Unconsolidated Mixture; Material subtypes: Particulate|Particulate Sorted|Highland; Atlas type: soil-general; Atlas lithology: soil; Atlas description: Samples 14140, 14141, 14142, 14143, 14144 and 14068, 14069, 14070, 14071, and 14072 were collected 3 meters from the rim of a 15 meter crater just south of Cone crater. 14141 is a surface soil identified by crew as a light gray layer, 14068 through 14072 is a sample of some surface rocks in the area. The area near the rim of Cone crater is strewn with boulders up to 3 meters.; Parent source: atlas_sample_id",subsample_or_fraction,yes,https://www.lpi.usra.edu/lunar/samples/atlas/detail/?mission=Apollo%2014&sample=14141,
190,14141,21,-99.0,no,c1ls124,LS-GJT-124,"14141,21 <150 um",none,,,,,soil-general,soil,,"RELAB specimen: 14141,21 <150 um; RELAB description: Highland, Bulk,; Collection: Apollo 14 site, Moon; Specimen type: Returned Lunar Sample; Material origin: Natural; Material type: Unconsolidated Mixture; Material subtypes: Particulate|Particulate Sorted|Highland; Atlas type: soil-general; Atlas lithology: soil; Atlas description: Samples 14140, 14141, 14142, 14143, 14144 and 14068, 14069, 14070, 14071, and 14072 were collected 3 meters from the rim of a 15 meter crater just south of Cone crater. 14141 is a surface soil identified by crew as a light gray layer, 14068 through 14072 is a sample of some surface rocks in the area. The area near the rim of Cone crater is strewn with boulders up to 3 meters.; Parent source: atlas_sample_id",subsample_or_fraction,yes,https://www.lpi.usra.edu/lunar/samples/atlas/detail/?mission=Apollo%2014&sample=14141,
191,14141,141,7.9,yes,c1ls50,LS-CMP-050,"14141,141",explicit_reference,ls-cmp-050_specimenchemistry,LS-CMP-050,Bulk,"Morris et al., 1983. Handbook of Lunar Soils, Part 1, p. 194.",soil-general,soil,,"RELAB specimen: 14141,141; RELAB description: Highland, Bulk, Station C, near rim of Cone Crater.Surface sample.; Collection: Apollo 14; Specimen type: Returned Lunar Sample; Material origin: Natural; Material type: Unconsolidated Mixture; Material subtypes: Particulate|Highland; Atlas type: soil-general; Atlas lithology: soil; Atlas description: Samples 14140, 14141, 14142, 14143, 14144 and 14068, 14069, 14070, 14071, and 14072 were collected 3 meters from the rim of a 15 meter crater just south of Cone crater. 14141 is a surface soil identified by crew as a light gray layer, 14068 through 14072 is a sample of some surface rocks in the area. The area near the rim of Cone crater is strewn with boulders up to 3 meters.; Chemistry phase: Bulk; Chemistry notes: Apollo 14 soil #14141 from Station C.; Parent source: atlas_sample_id",subsample_or_fraction,yes,https://www.lpi.usra.edu/lunar/samples/atlas/detail/?mission=Apollo%2014&sample=14141,
192,14141,156,-99.0,no,c1lr93,LR-CMP-093,"14141,156",none,,,,,soil-general,soil,,"RELAB specimen: 14141,156; RELAB description: Water sieved for LSCC (Taylor project).; Collection: Apollo 14 site, Moon; Specimen type: Returned Lunar Sample; Material origin: Natural; Material type: Unconsolidated Mixture; Material subtypes: Particulate|Particulate Sorted; Atlas type: soil-general; Atlas lithology: soil; Atlas description: Samples 14140, 14141, 14142, 14143, 14144 and 14068, 14069, 14070, 14071, and 14072 were collected 3 meters from the rim of a 15 meter crater just south of Cone crater. 14141 is a surface soil identified by crew as a light gray layer, 14068 through 14072 is a sample of some surface rocks in the area. The area near the rim of Cone crater is strewn with boulders up to 3 meters.; Parent source: atlas_sample_id",subsample_or_fraction,yes,https://www.lpi.usra.edu/lunar/samples/atlas/detail/?mission=Apollo%2014&sample=14141,
193,14141,160,-99.0,no,bmr1lr094,LR-CMP-094,"14141,160",none,,,,,soil-general,soil,,"RELAB specimen: 14141,160; RELAB description: Water sieved for LSCC (Taylor project).; Collection: Apollo 14 site, Moon; Specimen type: Returned Lunar Sample; Material origin: Natural; Material type: Unconsolidated Mixture; Material subtypes: Particulate|Particulate Sorted; Atlas type: soil-general; Atlas lithology: soil; Atlas description: Samples 14140, 14141, 14142, 14143, 14144 and 14068, 14069, 14070, 14071, and 14072 were collected 3 meters from the rim of a 15 meter crater just south of Cone crater. 14141 is a surface soil identified by crew as a light gray layer, 14068 through 14072 is a sample of some surface rocks in the area. The area near the rim of Cone crater is strewn with boulders up to 3 meters.; Parent source: atlas_sample_id",subsample_or_fraction,yes,https://www.lpi.usra.edu/lunar/samples/atlas/detail/?mission=Apollo%2014&sample=14141,
194,14141,160,-99.0,no,c1lr94,LR-CMP-094,"14141,160",none,,,,,soil-general,soil,,"RELAB specimen: 14141,160; RELAB description: Water sieved for LSCC (Taylor project).; Collection: Apollo 14 site, Moon; Specimen type: Returned Lunar Sample; Material origin: Natural; Material type: Unconsolidated Mixture; Material subtypes: Particulate|Particulate Sorted; Atlas type: soil-general; Atlas lithology: soil; Atlas description: Samples 14140, 14141, 14142, 14143, 14144 and 14068, 14069, 14070, 14071, and 14072 were collected 3 meters from the rim of a 15 meter crater just south of Cone crater. 14141 is a surface soil identified by crew as a light gray layer, 14068 through 14072 is a sample of some surface rocks in the area. The area near the rim of Cone crater is strewn with boulders up to 3 meters.; Parent source: atlas_sample_id",subsample_or_fraction,yes,https://www.lpi.usra.edu/lunar/samples/atlas/detail/?mission=Apollo%2014&sample=14141,
195,14141,165,-99.0,no,c1lr95,LR-CMP-095,"14141,165",none,,,,,soil-general,soil,,"RELAB specimen: 14141,165; RELAB description: Water sieved for LSCC (Taylor project).; Collection: Apollo 14 site, Moon; Specimen type: Returned Lunar Sample; Material origin: Natural; Material type: Unconsolidated Mixture; Material subtypes: Particulate|Particulate Sorted; Atlas type: soil-general; Atlas lithology: soil; Atlas description: Samples 14140, 14141, 14142, 14143, 14144 and 14068, 14069, 14070, 14071, and 14072 were collected 3 meters from the rim of a 15 meter crater just south of Cone crater. 14141 is a surface soil identified by crew as a light gray layer, 14068 through 14072 is a sample of some surface rocks in the area. The area near the rim of Cone crater is strewn with boulders up to 3 meters.; Parent source: atlas_sample_id",subsample_or_fraction,yes,https://www.lpi.usra.edu/lunar/samples/atlas/detail/?mission=Apollo%2014&sample=14141,
196,14141,170,-99.0,no,bmr1lr096,LR-CMP-096,"14141,170",none,,,,,soil-general,soil,,"RELAB specimen: 14141,170; RELAB description: Water sieved for LSCC (Taylor project).; Collection: Apollo 14 site, Moon; Specimen type: Returned Lunar Sample; Material origin: Natural; Material type: Unconsolidated Mixture; Material subtypes: Particulate|Particulate Sorted; Atlas type: soil-general; Atlas lithology: soil; Atlas description: Samples 14140, 14141, 14142, 14143, 14144 and 14068, 14069, 14070, 14071, and 14072 were collected 3 meters from the rim of a 15 meter crater just south of Cone crater. 14141 is a surface soil identified by crew as a light gray layer, 14068 through 14072 is a sample of some surface rocks in the area. The area near the rim of Cone crater is strewn with boulders up to 3 meters.; Parent source: atlas_sample_id",subsample_or_fraction,yes,https://www.lpi.usra.edu/lunar/samples/atlas/detail/?mission=Apollo%2014&sample=14141,
197,14141,170,-99.0,no,c1lr96,LR-CMP-096,"14141,170",none,,,,,soil-general,soil,,"RELAB specimen: 14141,170; RELAB description: Water sieved for LSCC (Taylor project).; Collection: Apollo 14 site, Moon; Specimen type: Returned Lunar Sample; Material origin: Natural; Material type: Unconsolidated Mixture; Material subtypes: Particulate|Particulate Sorted; Atlas type: soil-general; Atlas lithology: soil; Atlas description: Samples 14140, 14141, 14142, 14143, 14144 and 14068, 14069, 14070, 14071, and 14072 were collected 3 meters from the rim of a 15 meter crater just south of Cone crater. 14141 is a surface soil identified by crew as a light gray layer, 14068 through 14072 is a sample of some surface rocks in the area. The area near the rim of Cone crater is strewn with boulders up to 3 meters.; Parent source: atlas_sample_id",subsample_or_fraction,yes,https://www.lpi.usra.edu/lunar/samples/atlas/detail/?mission=Apollo%2014&sample=14141,
198,14148,178,10.55,yes,c1ls54,LS-CMP-054,"14148,178",explicit_reference,ls-cmp-054_specimenchemistry,LS-CMP-054,Bulk,"Morris et al., 1983. Handbook of Lunar Soils, Part 1, p. 200.",,soil,,"RELAB specimen: 14148,178; RELAB description: Highland, Bulk, Station G, 30 m northeast of North Triplet Crater. Trench surface sample.; Collection: Apollo 14; Specimen type: Returned Lunar Sample; Material origin: Natural; Material type: Unconsolidated Mixture; Material subtypes: Particulate|Highland; Atlas lithology: soil; Atlas description: 14145, 14146, 14147, and 14148 collected from the top of the trench; 14153, 14154, 14155, and 14156 is mixed material from the middle two layers, 14080 and 14081 below that, and 14073, 14074, 14075, 14076, 14077, 14078, and 14079 and 14149, 14150, 14151, and 14152 from the bottom of a 40 cm trench. Astronaut Shepard reports the surface fines were so loose the trench walls kept falling in and layered materials were mixed. Bottom layers have pebble in it.; Chemistry phase: Bulk; Chemistry notes: Apollo 14 soil #14148 from Station G.; Parent source: atlas_sample_id",subsample_or_fraction,yes,https://www.lpi.usra.edu/lunar/samples/atlas/detail/?mission=Apollo%2014&sample=14148,
199,14149,182,-99.0,no,cals70,LS-CMP-070,"14149,182",none,,,,,,soil,,"RELAB specimen: 14149,182; RELAB description: Highland, Bulk, soil; Collection: Apollo 14 site, Moon; Specimen type: Returned Lunar Sample; Material origin: Natural; Material type: Unconsolidated Mixture; Material subtypes: Particulate|Bulk; Atlas lithology: soil; Atlas description: 14145, 14146, 14147, and 14148 collected from the top of the trench; 14153, 14154, 14155, and 14156 is mixed material from the middle two layers, 14080 and 14081 below that, and 14073, 14074, 14075, 14076, 14077, 14078, and 14079 and 14149, 14150, 14151, and 14152 from the bottom of a 40 cm trench. Astronaut Shepard reports the surface fines were so loose the trench walls kept falling in and layered materials were mixed. Bottom layers have pebble in it.; Parent source: atlas_sample_id",subsample_or_fraction,yes,https://www.lpi.usra.edu/lunar/samples/atlas/detail/?mission=Apollo%2014&sample=14149,
200,14163,888,-99.0,no,c1lr89,LR-CMP-089,"14163,888",none,,,,,,soil,,"RELAB specimen: 14163,888; RELAB description: Water sieved for LSCC (Taylor project).; Collection: Apollo 14 site, Moon; Specimen type: Returned Lunar Sample; Material origin: Natural; Material type: Unconsolidated Mixture; Material subtypes: Particulate|Particulate Sorted; Atlas lithology: soil; Atlas description: 14160, 14161, 14162, 14163, 14402, 14422, 14425 through 14453 collected 15 m NW of LM. Samples collected from the bottom of a 1 m crater with glass in the bottom; Astronaut Shepard identifies the crater as secondary. Sample area is level and free of large blocks.; Parent source: atlas_sample_id",subsample_or_fraction,yes,https://www.lpi.usra.edu/lunar/samples/atlas/detail/?mission=Apollo%2014&sample=14163,
201,14163,892,-99.0,no,bmr1lr090,LR-CMP-090,"14163,892",none,,,,,,soil,,"RELAB specimen: 14163,892; RELAB description: Water sieved for LSCC (Taylor project).; Collection: Apollo 14 site, Moon; Specimen type: Returned Lunar Sample; Material origin: Natural; Material type: Unconsolidated Mixture; Material subtypes: Particulate|Particulate Sorted; Atlas lithology: soil; Atlas description: 14160, 14161, 14162, 14163, 14402, 14422, 14425 through 14453 collected 15 m NW of LM. Samples collected from the bottom of a 1 m crater with glass in the bottom; Astronaut Shepard identifies the crater as secondary. Sample area is level and free of large blocks.; Parent source: atlas_sample_id",subsample_or_fraction,yes,https://www.lpi.usra.edu/lunar/samples/atlas/detail/?mission=Apollo%2014&sample=14163,
202,14163,892,-99.0,no,c1lr90,LR-CMP-090,"14163,892",none,,,,,,soil,,"RELAB specimen: 14163,892; RELAB description: Water sieved for LSCC (Taylor project).; Collection: Apollo 14 site, Moon; Specimen type: Returned Lunar Sample; Material origin: Natural; Material type: Unconsolidated Mixture; Material subtypes: Particulate|Particulate Sorted; Atlas lithology: soil; Atlas description: 14160, 14161, 14162, 14163, 14402, 14422, 14425 through 14453 collected 15 m NW of LM. Samples collected from the bottom of a 1 m crater with glass in the bottom; Astronaut Shepard identifies the crater as secondary. Sample area is level and free of large blocks.; Parent source: atlas_sample_id",subsample_or_fraction,yes,https://www.lpi.usra.edu/lunar/samples/atlas/detail/?mission=Apollo%2014&sample=14163,
203,14163,897,-99.0,no,c1lr91,LR-CMP-091,"14163,897",none,,,,,,soil,,"RELAB specimen: 14163,897; RELAB description: Water sieved for LSCC (Taylor project).; Collection: Apollo 14 site, Moon; Specimen type: Returned Lunar Sample; Material origin: Natural; Material type: Unconsolidated Mixture; Material subtypes: Particulate|Particulate Sorted; Atlas lithology: soil; Atlas description: 14160, 14161, 14162, 14163, 14402, 14422, 14425 through 14453 collected 15 m NW of LM. Samples collected from the bottom of a 1 m crater with glass in the bottom; Astronaut Shepard identifies the crater as secondary. Sample area is level and free of large blocks.; Parent source: atlas_sample_id",subsample_or_fraction,yes,https://www.lpi.usra.edu/lunar/samples/atlas/detail/?mission=Apollo%2014&sample=14163,
204,14163,902,-99.0,no,c1lr92,LR-CMP-092,"14163,902",none,,,,,,soil,,"RELAB specimen: 14163,902; RELAB description: Water sieved for LSCC (Taylor project).; Collection: Apollo 14 site, Moon; Specimen type: Returned Lunar Sample; Material origin: Natural; Material type: Unconsolidated Mixture; Material subtypes: Particulate|Particulate Sorted; Atlas lithology: soil; Atlas description: 14160, 14161, 14162, 14163, 14402, 14422, 14425 through 14453 collected 15 m NW of LM. Samples collected from the bottom of a 1 m crater with glass in the bottom; Astronaut Shepard identifies the crater as secondary. Sample area is level and free of large blocks.; Parent source: atlas_sample_id",subsample_or_fraction,yes,https://www.lpi.usra.edu/lunar/samples/atlas/detail/?mission=Apollo%2014&sample=14163,
205,14240,110,-99.0,no,cals71,LS-CMP-071,"14240,110",none,,,,,,,,"RELAB specimen: 14240,110; RELAB description: Highland, Bulk, soil; Collection: Apollo 14 site, Moon; Specimen type: Returned Lunar Sample; Material origin: Natural; Material type: Unconsolidated Mixture; Material subtypes: Particulate|Bulk; Parent source: atlas_sample_id",subsample_or_fraction,yes,https://www.lpi.usra.edu/lunar/samples/atlas/detail/?mission=Apollo%2014&sample=14240,
206,14259,0,-99.0,no,bir1ls146,LS-BWD-146,14259 bulk 125-250 um,none,,,,,,soil,"Highland, Mature","RELAB specimen: 14259 bulk 125-250 um; RELAB description: Highland, Mature; Collection: Apollo 14 site, Station ALSEP, Moon; Specimen type: Returned Lunar Sample; Material origin: Natural; Material type: Unconsolidated Mixture; Material subtypes: Particulate; Atlas lithology: soil; Atlas description: This scoop sample is part of the comprehensive sample collected 110 m WNW of LM along with 14165 through 14189, 14250 through 14289, 14298 through 14300, and 14420. All samples were collected from within a 4 m circle drawn by Astronaut Shepard. Astronaut Mitchell reports, ""The number of surface rocks, or rocks compared with the number of surface fines is very small Houston. There's a few boulders lying around and there's a few blocks around some of the craters, but by and large, it's a powdery surface.""; Parent source: atlas_sample_id",subsample_or_fraction,yes,https://www.lpi.usra.edu/lunar/samples/atlas/detail/?mission=Apollo%2014&sample=14259,
207,14259,0,-99.0,no,bir1ls147,LS-BWD-147,14259 agglutinates 125-250 um (hand-picked),none,,,,,,soil,"Highland, Agglutinate","RELAB specimen: 14259 agglutinates 125-250 um (hand-picked); RELAB description: Highland, Agglutinate; Collection: Apollo 14 site, Station ALSEP, Moon; Specimen type: Returned Lunar Sample; Material origin: Natural; Material type: Unconsolidated Mixture; Material subtypes: Particulate; Atlas lithology: soil; Atlas description: This scoop sample is part of the comprehensive sample collected 110 m WNW of LM along with 14165 through 14189, 14250 through 14289, 14298 through 14300, and 14420. All samples were collected from within a 4 m circle drawn by Astronaut Shepard. Astronaut Mitchell reports, ""The number of surface rocks, or rocks compared with the number of surface fines is very small Houston. There's a few boulders lying around and there's a few blocks around some of the craters, but by and large, it's a powdery surface.""; Parent source: atlas_sample_id",subsample_or_fraction,yes,https://www.lpi.usra.edu/lunar/samples/atlas/detail/?mission=Apollo%2014&sample=14259,
208,14259,0,-99.0,no,bir1ls154,LS-BWD-154,14259 low-agglutinate remnant 125-250 um,none,,,,,,soil,14259 low-agglutinate remnant 125-250 um,"RELAB specimen: 14259 low-agglutinate remnant 125-250 um; RELAB description: Remnant after agglutinates removed from Apollo 14 highland soil; Collection: Apollo 14 site, Station ALSEP, Moon; Specimen type: Returned Lunar Sample; Material origin: Natural; Material type: Unconsolidated Mixture; Material subtypes: Particulate|Sorted; Atlas lithology: soil; Atlas description: This scoop sample is part of the comprehensive sample collected 110 m WNW of LM along with 14165 through 14189, 14250 through 14289, 14298 through 14300, and 14420. All samples were collected from within a 4 m circle drawn by Astronaut Shepard. Astronaut Mitchell reports, ""The number of surface rocks, or rocks compared with the number of surface fines is very small Houston. There's a few boulders lying around and there's a few blocks around some of the craters, but by and large, it's a powdery surface.""; Parent source: atlas_sample_id",subsample_or_fraction,yes,https://www.lpi.usra.edu/lunar/samples/atlas/detail/?mission=Apollo%2014&sample=14259,
209,14259,0,-99.0,no,bir1ls160,LS-BWD-160,14259 agglutinates 125-250 um (magnetically-separated),none,,,,,,soil,,"RELAB specimen: 14259 agglutinates 125-250 um (magnetically-separated); RELAB description: Agglutinates from Apollo 14 highland soil; Collection: Apollo 14 site, Station ALSEP, Moon; Specimen type: Returned Lunar Sample; Material origin: Natural; Material type: Unconsolidated Mixture; Material subtypes: Particulate; Atlas lithology: soil; Atlas description: This scoop sample is part of the comprehensive sample collected 110 m WNW of LM along with 14165 through 14189, 14250 through 14289, 14298 through 14300, and 14420. All samples were collected from within a 4 m circle drawn by Astronaut Shepard. Astronaut Mitchell reports, ""The number of surface rocks, or rocks compared with the number of surface fines is very small Houston. There's a few boulders lying around and there's a few blocks around some of the craters, but by and large, it's a powdery surface.""; Parent source: atlas_sample_id",subsample_or_fraction,yes,https://www.lpi.usra.edu/lunar/samples/atlas/detail/?mission=Apollo%2014&sample=14259,
210,14259,0,-99.0,no,c1ls146,LS-BWD-146,14259 bulk 125-250 um,none,,,,,,soil,"Highland, Mature","RELAB specimen: 14259 bulk 125-250 um; RELAB description: Highland, Mature; Collection: Apollo 14 site, Station ALSEP, Moon; Specimen type: Returned Lunar Sample; Material origin: Natural; Material type: Unconsolidated Mixture; Material subtypes: Particulate; Atlas lithology: soil; Atlas description: This scoop sample is part of the comprehensive sample collected 110 m WNW of LM along with 14165 through 14189, 14250 through 14289, 14298 through 14300, and 14420. All samples were collected from within a 4 m circle drawn by Astronaut Shepard. Astronaut Mitchell reports, ""The number of surface rocks, or rocks compared with the number of surface fines is very small Houston. There's a few boulders lying around and there's a few blocks around some of the craters, but by and large, it's a powdery surface.""; Parent source: atlas_sample_id",subsample_or_fraction,yes,https://www.lpi.usra.edu/lunar/samples/atlas/detail/?mission=Apollo%2014&sample=14259,
211,14259,0,-99.0,no,c1ls147,LS-BWD-147,14259 agglutinates 125-250 um (hand-picked),none,,,,,,soil,"Highland, Agglutinate","RELAB specimen: 14259 agglutinates 125-250 um (hand-picked); RELAB description: Highland, Agglutinate; Collection: Apollo 14 site, Station ALSEP, Moon; Specimen type: Returned Lunar Sample; Material origin: Natural; Material type: Unconsolidated Mixture; Material subtypes: Particulate; Atlas lithology: soil; Atlas description: This scoop sample is part of the comprehensive sample collected 110 m WNW of LM along with 14165 through 14189, 14250 through 14289, 14298 through 14300, and 14420. All samples were collected from within a 4 m circle drawn by Astronaut Shepard. Astronaut Mitchell reports, ""The number of surface rocks, or rocks compared with the number of surface fines is very small Houston. There's a few boulders lying around and there's a few blocks around some of the craters, but by and large, it's a powdery surface.""; Parent source: atlas_sample_id",subsample_or_fraction,yes,https://www.lpi.usra.edu/lunar/samples/atlas/detail/?mission=Apollo%2014&sample=14259,
212,14259,0,-99.0,no,c1ls154,LS-BWD-154,14259 low-agglutinate remnant 125-250 um,none,,,,,,soil,14259 low-agglutinate remnant 125-250 um,"RELAB specimen: 14259 low-agglutinate remnant 125-250 um; RELAB description: Remnant after agglutinates removed from Apollo 14 highland soil; Collection: Apollo 14 site, Station ALSEP, Moon; Specimen type: Returned Lunar Sample; Material origin: Natural; Material type: Unconsolidated Mixture; Material subtypes: Particulate|Sorted; Atlas lithology: soil; Atlas description: This scoop sample is part of the comprehensive sample collected 110 m WNW of LM along with 14165 through 14189, 14250 through 14289, 14298 through 14300, and 14420. All samples were collected from within a 4 m circle drawn by Astronaut Shepard. Astronaut Mitchell reports, ""The number of surface rocks, or rocks compared with the number of surface fines is very small Houston. There's a few boulders lying around and there's a few blocks around some of the craters, but by and large, it's a powdery surface.""; Parent source: atlas_sample_id",subsample_or_fraction,yes,https://www.lpi.usra.edu/lunar/samples/atlas/detail/?mission=Apollo%2014&sample=14259,
213,14259,0,-99.0,no,c1ls160,LS-BWD-160,14259 agglutinates 125-250 um (magnetically-separated),none,,,,,,soil,,"RELAB specimen: 14259 agglutinates 125-250 um (magnetically-separated); RELAB description: Agglutinates from Apollo 14 highland soil; Collection: Apollo 14 site, Station ALSEP, Moon; Specimen type: Returned Lunar Sample; Material origin: Natural; Material type: Unconsolidated Mixture; Material subtypes: Particulate; Atlas lithology: soil; Atlas description: This scoop sample is part of the comprehensive sample collected 110 m WNW of LM along with 14165 through 14189, 14250 through 14289, 14298 through 14300, and 14420. All samples were collected from within a 4 m circle drawn by Astronaut Shepard. Astronaut Mitchell reports, ""The number of surface rocks, or rocks compared with the number of surface fines is very small Houston. There's a few boulders lying around and there's a few blocks around some of the craters, but by and large, it's a powdery surface.""; Parent source: atlas_sample_id",subsample_or_fraction,yes,https://www.lpi.usra.edu/lunar/samples/atlas/detail/?mission=Apollo%2014&sample=14259,
214,14259,0,-99.0,no,c2ls146,LS-BWD-146,14259 bulk 125-250 um,none,,,,,,soil,"Highland, Mature","RELAB specimen: 14259 bulk 125-250 um; RELAB description: Highland, Mature; Collection: Apollo 14 site, Station ALSEP, Moon; Specimen type: Returned Lunar Sample; Material origin: Natural; Material type: Unconsolidated Mixture; Material subtypes: Particulate; Atlas lithology: soil; Atlas description: This scoop sample is part of the comprehensive sample collected 110 m WNW of LM along with 14165 through 14189, 14250 through 14289, 14298 through 14300, and 14420. All samples were collected from within a 4 m circle drawn by Astronaut Shepard. Astronaut Mitchell reports, ""The number of surface rocks, or rocks compared with the number of surface fines is very small Houston. There's a few boulders lying around and there's a few blocks around some of the craters, but by and large, it's a powdery surface.""; Parent source: atlas_sample_id",subsample_or_fraction,yes,https://www.lpi.usra.edu/lunar/samples/atlas/detail/?mission=Apollo%2014&sample=14259,
215,14259,0,-99.0,no,c2ls154,LS-BWD-154,14259 low-agglutinate remnant 125-250 um,none,,,,,,soil,14259 low-agglutinate remnant 125-250 um,"RELAB specimen: 14259 low-agglutinate remnant 125-250 um; RELAB description: Remnant after agglutinates removed from Apollo 14 highland soil; Collection: Apollo 14 site, Station ALSEP, Moon; Specimen type: Returned Lunar Sample; Material origin: Natural; Material type: Unconsolidated Mixture; Material subtypes: Particulate|Sorted; Atlas lithology: soil; Atlas description: This scoop sample is part of the comprehensive sample collected 110 m WNW of LM along with 14165 through 14189, 14250 through 14289, 14298 through 14300, and 14420. All samples were collected from within a 4 m circle drawn by Astronaut Shepard. Astronaut Mitchell reports, ""The number of surface rocks, or rocks compared with the number of surface fines is very small Houston. There's a few boulders lying around and there's a few blocks around some of the craters, but by and large, it's a powdery surface.""; Parent source: atlas_sample_id",subsample_or_fraction,yes,https://www.lpi.usra.edu/lunar/samples/atlas/detail/?mission=Apollo%2014&sample=14259,
216,14259,0,-99.0,no,c2ls160,LS-BWD-160,14259 agglutinates 125-250 um (magnetically-separated),none,,,,,,soil,,"RELAB specimen: 14259 agglutinates 125-250 um (magnetically-separated); RELAB description: Agglutinates from Apollo 14 highland soil; Collection: Apollo 14 site, Station ALSEP, Moon; Specimen type: Returned Lunar Sample; Material origin: Natural; Material type: Unconsolidated Mixture; Material subtypes: Particulate; Atlas lithology: soil; Atlas description: This scoop sample is part of the comprehensive sample collected 110 m WNW of LM along with 14165 through 14189, 14250 through 14289, 14298 through 14300, and 14420. All samples were collected from within a 4 m circle drawn by Astronaut Shepard. Astronaut Mitchell reports, ""The number of surface rocks, or rocks compared with the number of surface fines is very small Houston. There's a few boulders lying around and there's a few blocks around some of the craters, but by and large, it's a powdery surface.""; Parent source: atlas_sample_id",subsample_or_fraction,yes,https://www.lpi.usra.edu/lunar/samples/atlas/detail/?mission=Apollo%2014&sample=14259,
217,14259,0,-99.0,no,c3ls146,LS-BWD-146,14259 bulk 125-250 um,none,,,,,,soil,"Highland, Mature","RELAB specimen: 14259 bulk 125-250 um; RELAB description: Highland, Mature; Collection: Apollo 14 site, Station ALSEP, Moon; Specimen type: Returned Lunar Sample; Material origin: Natural; Material type: Unconsolidated Mixture; Material subtypes: Particulate; Atlas lithology: soil; Atlas description: This scoop sample is part of the comprehensive sample collected 110 m WNW of LM along with 14165 through 14189, 14250 through 14289, 14298 through 14300, and 14420. All samples were collected from within a 4 m circle drawn by Astronaut Shepard. Astronaut Mitchell reports, ""The number of surface rocks, or rocks compared with the number of surface fines is very small Houston. There's a few boulders lying around and there's a few blocks around some of the craters, but by and large, it's a powdery surface.""; Parent source: atlas_sample_id",subsample_or_fraction,yes,https://www.lpi.usra.edu/lunar/samples/atlas/detail/?mission=Apollo%2014&sample=14259,
218,14259,0,-99.0,no,c3ls154,LS-BWD-154,14259 low-agglutinate remnant 125-250 um,none,,,,,,soil,14259 low-agglutinate remnant 125-250 um,"RELAB specimen: 14259 low-agglutinate remnant 125-250 um; RELAB description: Remnant after agglutinates removed from Apollo 14 highland soil; Collection: Apollo 14 site, Station ALSEP, Moon; Specimen type: Returned Lunar Sample; Material origin: Natural; Material type: Unconsolidated Mixture; Material subtypes: Particulate|Sorted; Atlas lithology: soil; Atlas description: This scoop sample is part of the comprehensive sample collected 110 m WNW of LM along with 14165 through 14189, 14250 through 14289, 14298 through 14300, and 14420. All samples were collected from within a 4 m circle drawn by Astronaut Shepard. Astronaut Mitchell reports, ""The number of surface rocks, or rocks compared with the number of surface fines is very small Houston. There's a few boulders lying around and there's a few blocks around some of the craters, but by and large, it's a powdery surface.""; Parent source: atlas_sample_id",subsample_or_fraction,yes,https://www.lpi.usra.edu/lunar/samples/atlas/detail/?mission=Apollo%2014&sample=14259,
219,14259,0,-99.0,no,c4ls146,LS-BWD-146,14259 bulk 125-250 um,none,,,,,,soil,"Highland, Mature","RELAB specimen: 14259 bulk 125-250 um; RELAB description: Highland, Mature; Collection: Apollo 14 site, Station ALSEP, Moon; Specimen type: Returned Lunar Sample; Material origin: Natural; Material type: Unconsolidated Mixture; Material subtypes: Particulate; Atlas lithology: soil; Atlas description: This scoop sample is part of the comprehensive sample collected 110 m WNW of LM along with 14165 through 14189, 14250 through 14289, 14298 through 14300, and 14420. All samples were collected from within a 4 m circle drawn by Astronaut Shepard. Astronaut Mitchell reports, ""The number of surface rocks, or rocks compared with the number of surface fines is very small Houston. There's a few boulders lying around and there's a few blocks around some of the craters, but by and large, it's a powdery surface.""; Parent source: atlas_sample_id",subsample_or_fraction,yes,https://www.lpi.usra.edu/lunar/samples/atlas/detail/?mission=Apollo%2014&sample=14259,
220,14259,0,-99.0,no,cvls146,LS-BWD-146,14259 bulk 125-250 um,none,,,,,,soil,"Highland, Mature","RELAB specimen: 14259 bulk 125-250 um; RELAB description: Highland, Mature; Collection: Apollo 14 site, Station ALSEP, Moon; Specimen type: Returned Lunar Sample; Material origin: Natural; Material type: Unconsolidated Mixture; Material subtypes: Particulate; Atlas lithology: soil; Atlas description: This scoop sample is part of the comprehensive sample collected 110 m WNW of LM along with 14165 through 14189, 14250 through 14289, 14298 through 14300, and 14420. All samples were collected from within a 4 m circle drawn by Astronaut Shepard. Astronaut Mitchell reports, ""The number of surface rocks, or rocks compared with the number of surface fines is very small Houston. There's a few boulders lying around and there's a few blocks around some of the craters, but by and large, it's a powdery surface.""; Parent source: atlas_sample_id",subsample_or_fraction,yes,https://www.lpi.usra.edu/lunar/samples/atlas/detail/?mission=Apollo%2014&sample=14259,
221,14259,0,-99.0,no,cvls160,LS-BWD-160,14259 agglutinates 125-250 um (magnetically-separated),none,,,,,,soil,,"RELAB specimen: 14259 agglutinates 125-250 um (magnetically-separated); RELAB description: Agglutinates from Apollo 14 highland soil; Collection: Apollo 14 site, Station ALSEP, Moon; Specimen type: Returned Lunar Sample; Material origin: Natural; Material type: Unconsolidated Mixture; Material subtypes: Particulate; Atlas lithology: soil; Atlas description: This scoop sample is part of the comprehensive sample collected 110 m WNW of LM along with 14165 through 14189, 14250 through 14289, 14298 through 14300, and 14420. All samples were collected from within a 4 m circle drawn by Astronaut Shepard. Astronaut Mitchell reports, ""The number of surface rocks, or rocks compared with the number of surface fines is very small Houston. There's a few boulders lying around and there's a few blocks around some of the craters, but by and large, it's a powdery surface.""; Parent source: atlas_sample_id",subsample_or_fraction,yes,https://www.lpi.usra.edu/lunar/samples/atlas/detail/?mission=Apollo%2014&sample=14259,
222,14259,0,-99.0,no,k1ls146,LS-BWD-146,14259 bulk 125-250 um,none,,,,,,soil,"Highland, Mature","RELAB specimen: 14259 bulk 125-250 um; RELAB description: Highland, Mature; Collection: Apollo 14 site, Station ALSEP, Moon; Specimen type: Returned Lunar Sample; Material origin: Natural; Material type: Unconsolidated Mixture; Material subtypes: Particulate; Atlas lithology: soil; Atlas description: This scoop sample is part of the comprehensive sample collected 110 m WNW of LM along with 14165 through 14189, 14250 through 14289, 14298 through 14300, and 14420. All samples were collected from within a 4 m circle drawn by Astronaut Shepard. Astronaut Mitchell reports, ""The number of surface rocks, or rocks compared with the number of surface fines is very small Houston. There's a few boulders lying around and there's a few blocks around some of the craters, but by and large, it's a powdery surface.""; Parent source: atlas_sample_id",subsample_or_fraction,yes,https://www.lpi.usra.edu/lunar/samples/atlas/detail/?mission=Apollo%2014&sample=14259,
223,14259,0,-99.0,no,k1ls147,LS-BWD-147,14259 agglutinates 125-250 um (hand-picked),none,,,,,,soil,"Highland, Agglutinate","RELAB specimen: 14259 agglutinates 125-250 um (hand-picked); RELAB description: Highland, Agglutinate; Collection: Apollo 14 site, Station ALSEP, Moon; Specimen type: Returned Lunar Sample; Material origin: Natural; Material type: Unconsolidated Mixture; Material subtypes: Particulate; Atlas lithology: soil; Atlas description: This scoop sample is part of the comprehensive sample collected 110 m WNW of LM along with 14165 through 14189, 14250 through 14289, 14298 through 14300, and 14420. All samples were collected from within a 4 m circle drawn by Astronaut Shepard. Astronaut Mitchell reports, ""The number of surface rocks, or rocks compared with the number of surface fines is very small Houston. There's a few boulders lying around and there's a few blocks around some of the craters, but by and large, it's a powdery surface.""; Parent source: atlas_sample_id",subsample_or_fraction,yes,https://www.lpi.usra.edu/lunar/samples/atlas/detail/?mission=Apollo%2014&sample=14259,
224,14259,15,-99.0,no,c5ls33,LS-CMP-033,"14259,15",none,,,,,,soil,,"RELAB specimen: 14259,15; RELAB description: Highland, Bulk, Apollo 14 Surface Soil, NASA #14259; Collection: Apollo 14; Specimen type: Returned Lunar Sample; Material origin: Natural; Material type: Unconsolidated Mixture; Material subtypes: Particulate|Highland; Atlas lithology: soil; Atlas description: This scoop sample is part of the comprehensive sample collected 110 m WNW of LM along with 14165 through 14189, 14250 through 14289, 14298 through 14300, and 14420. All samples were collected from within a 4 m circle drawn by Astronaut Shepard. Astronaut Mitchell reports, ""The number of surface rocks, or rocks compared with the number of surface fines is very small Houston. There's a few boulders lying around and there's a few blocks around some of the craters, but by and large, it's a powdery surface.""; Parent source: atlas_sample_id",subsample_or_fraction,yes,https://www.lpi.usra.edu/lunar/samples/atlas/detail/?mission=Apollo%2014&sample=14259,
225,14259,15,-99.0,no,c6ls33,LS-CMP-033,"14259,15",none,,,,,,soil,,"RELAB specimen: 14259,15; RELAB description: Highland, Bulk, Apollo 14 Surface Soil, NASA #14259; Collection: Apollo 14; Specimen type: Returned Lunar Sample; Material origin: Natural; Material type: Unconsolidated Mixture; Material subtypes: Particulate|Highland; Atlas lithology: soil; Atlas description: This scoop sample is part of the comprehensive sample collected 110 m WNW of LM along with 14165 through 14189, 14250 through 14289, 14298 through 14300, and 14420. All samples were collected from within a 4 m circle drawn by Astronaut Shepard. Astronaut Mitchell reports, ""The number of surface rocks, or rocks compared with the number of surface fines is very small Houston. There's a few boulders lying around and there's a few blocks around some of the craters, but by and large, it's a powdery surface.""; Parent source: atlas_sample_id",subsample_or_fraction,yes,https://www.lpi.usra.edu/lunar/samples/atlas/detail/?mission=Apollo%2014&sample=14259,
226,14259,15,-99.0,no,cals33,LS-CMP-033,"14259,15",none,,,,,,soil,,"RELAB specimen: 14259,15; RELAB description: Highland, Bulk, Apollo 14 Surface Soil, NASA #14259; Collection: Apollo 14; Specimen type: Returned Lunar Sample; Material origin: Natural; Material type: Unconsolidated Mixture; Material subtypes: Particulate|Highland; Atlas lithology: soil; Atlas description: This scoop sample is part of the comprehensive sample collected 110 m WNW of LM along with 14165 through 14189, 14250 through 14289, 14298 through 14300, and 14420. All samples were collected from within a 4 m circle drawn by Astronaut Shepard. Astronaut Mitchell reports, ""The number of surface rocks, or rocks compared with the number of surface fines is very small Houston. There's a few boulders lying around and there's a few blocks around some of the craters, but by and large, it's a powdery surface.""; Parent source: atlas_sample_id",subsample_or_fraction,yes,https://www.lpi.usra.edu/lunar/samples/atlas/detail/?mission=Apollo%2014&sample=14259,
227,14259,15,-99.0,no,cbls33,LS-CMP-033,"14259,15",none,,,,,,soil,,"RELAB specimen: 14259,15; RELAB description: Highland, Bulk, Apollo 14 Surface Soil, NASA #14259; Collection: Apollo 14; Specimen type: Returned Lunar Sample; Material origin: Natural; Material type: Unconsolidated Mixture; Material subtypes: Particulate|Highland; Atlas lithology: soil; Atlas description: This scoop sample is part of the comprehensive sample collected 110 m WNW of LM along with 14165 through 14189, 14250 through 14289, 14298 through 14300, and 14420. All samples were collected from within a 4 m circle drawn by Astronaut Shepard. Astronaut Mitchell reports, ""The number of surface rocks, or rocks compared with the number of surface fines is very small Houston. There's a few boulders lying around and there's a few blocks around some of the craters, but by and large, it's a powdery surface.""; Parent source: atlas_sample_id",subsample_or_fraction,yes,https://www.lpi.usra.edu/lunar/samples/atlas/detail/?mission=Apollo%2014&sample=14259,
228,14259,15,-99.0,no,ccls33,LS-CMP-033,"14259,15",none,,,,,,soil,,"RELAB specimen: 14259,15; RELAB description: Highland, Bulk, Apollo 14 Surface Soil, NASA #14259; Collection: Apollo 14; Specimen type: Returned Lunar Sample; Material origin: Natural; Material type: Unconsolidated Mixture; Material subtypes: Particulate|Highland; Atlas lithology: soil; Atlas description: This scoop sample is part of the comprehensive sample collected 110 m WNW of LM along with 14165 through 14189, 14250 through 14289, 14298 through 14300, and 14420. All samples were collected from within a 4 m circle drawn by Astronaut Shepard. Astronaut Mitchell reports, ""The number of surface rocks, or rocks compared with the number of surface fines is very small Houston. There's a few boulders lying around and there's a few blocks around some of the craters, but by and large, it's a powdery surface.""; Parent source: atlas_sample_id",subsample_or_fraction,yes,https://www.lpi.usra.edu/lunar/samples/atlas/detail/?mission=Apollo%2014&sample=14259,
229,14259,15,-99.0,no,cdls33,LS-CMP-033,"14259,15",none,,,,,,soil,,"RELAB specimen: 14259,15; RELAB description: Highland, Bulk, Apollo 14 Surface Soil, NASA #14259; Collection: Apollo 14; Specimen type: Returned Lunar Sample; Material origin: Natural; Material type: Unconsolidated Mixture; Material subtypes: Particulate|Highland; Atlas lithology: soil; Atlas description: This scoop sample is part of the comprehensive sample collected 110 m WNW of LM along with 14165 through 14189, 14250 through 14289, 14298 through 14300, and 14420. All samples were collected from within a 4 m circle drawn by Astronaut Shepard. Astronaut Mitchell reports, ""The number of surface rocks, or rocks compared with the number of surface fines is very small Houston. There's a few boulders lying around and there's a few blocks around some of the craters, but by and large, it's a powdery surface.""; Parent source: atlas_sample_id",subsample_or_fraction,yes,https://www.lpi.usra.edu/lunar/samples/atlas/detail/?mission=Apollo%2014&sample=14259,
230,14259,15,-99.0,no,cels33,LS-CMP-033,"14259,15",none,,,,,,soil,,"RELAB specimen: 14259,15; RELAB description: Highland, Bulk, Apollo 14 Surface Soil, NASA #14259; Collection: Apollo 14; Specimen type: Returned Lunar Sample; Material origin: Natural; Material type: Unconsolidated Mixture; Material subtypes: Particulate|Highland; Atlas lithology: soil; Atlas description: This scoop sample is part of the comprehensive sample collected 110 m WNW of LM along with 14165 through 14189, 14250 through 14289, 14298 through 14300, and 14420. All samples were collected from within a 4 m circle drawn by Astronaut Shepard. Astronaut Mitchell reports, ""The number of surface rocks, or rocks compared with the number of surface fines is very small Houston. There's a few boulders lying around and there's a few blocks around some of the craters, but by and large, it's a powdery surface.""; Parent source: atlas_sample_id",subsample_or_fraction,yes,https://www.lpi.usra.edu/lunar/samples/atlas/detail/?mission=Apollo%2014&sample=14259,
231,14259,15,-99.0,no,cfls33,LS-CMP-033,"14259,15",none,,,,,,soil,,"RELAB specimen: 14259,15; RELAB description: Highland, Bulk, Apollo 14 Surface Soil, NASA #14259; Collection: Apollo 14; Specimen type: Returned Lunar Sample; Material origin: Natural; Material type: Unconsolidated Mixture; Material subtypes: Particulate|Highland; Atlas lithology: soil; Atlas description: This scoop sample is part of the comprehensive sample collected 110 m WNW of LM along with 14165 through 14189, 14250 through 14289, 14298 through 14300, and 14420. All samples were collected from within a 4 m circle drawn by Astronaut Shepard. Astronaut Mitchell reports, ""The number of surface rocks, or rocks compared with the number of surface fines is very small Houston. There's a few boulders lying around and there's a few blocks around some of the craters, but by and large, it's a powdery surface.""; Parent source: atlas_sample_id",subsample_or_fraction,yes,https://www.lpi.usra.edu/lunar/samples/atlas/detail/?mission=Apollo%2014&sample=14259,
232,14259,15,-99.0,no,cgls33,LS-CMP-033,"14259,15",none,,,,,,soil,,"RELAB specimen: 14259,15; RELAB description: Highland, Bulk, Apollo 14 Surface Soil, NASA #14259; Collection: Apollo 14; Specimen type: Returned Lunar Sample; Material origin: Natural; Material type: Unconsolidated Mixture; Material subtypes: Particulate|Highland; Atlas lithology: soil; Atlas description: This scoop sample is part of the comprehensive sample collected 110 m WNW of LM along with 14165 through 14189, 14250 through 14289, 14298 through 14300, and 14420. All samples were collected from within a 4 m circle drawn by Astronaut Shepard. Astronaut Mitchell reports, ""The number of surface rocks, or rocks compared with the number of surface fines is very small Houston. There's a few boulders lying around and there's a few blocks around some of the craters, but by and large, it's a powdery surface.""; Parent source: atlas_sample_id",subsample_or_fraction,yes,https://www.lpi.usra.edu/lunar/samples/atlas/detail/?mission=Apollo%2014&sample=14259,
233,14259,15,-99.0,no,chls33,LS-CMP-033,"14259,15",none,,,,,,soil,,"RELAB specimen: 14259,15; RELAB description: Highland, Bulk, Apollo 14 Surface Soil, NASA #14259; Collection: Apollo 14; Specimen type: Returned Lunar Sample; Material origin: Natural; Material type: Unconsolidated Mixture; Material subtypes: Particulate|Highland; Atlas lithology: soil; Atlas description: This scoop sample is part of the comprehensive sample collected 110 m WNW of LM along with 14165 through 14189, 14250 through 14289, 14298 through 14300, and 14420. All samples were collected from within a 4 m circle drawn by Astronaut Shepard. Astronaut Mitchell reports, ""The number of surface rocks, or rocks compared with the number of surface fines is very small Houston. There's a few boulders lying around and there's a few blocks around some of the craters, but by and large, it's a powdery surface.""; Parent source: atlas_sample_id",subsample_or_fraction,yes,https://www.lpi.usra.edu/lunar/samples/atlas/detail/?mission=Apollo%2014&sample=14259,
234,14259,15,-99.0,no,cils33,LS-CMP-033,"14259,15",none,,,,,,soil,,"RELAB specimen: 14259,15; RELAB description: Highland, Bulk, Apollo 14 Surface Soil, NASA #14259; Collection: Apollo 14; Specimen type: Returned Lunar Sample; Material origin: Natural; Material type: Unconsolidated Mixture; Material subtypes: Particulate|Highland; Atlas lithology: soil; Atlas description: This scoop sample is part of the comprehensive sample collected 110 m WNW of LM along with 14165 through 14189, 14250 through 14289, 14298 through 14300, and 14420. All samples were collected from within a 4 m circle drawn by Astronaut Shepard. Astronaut Mitchell reports, ""The number of surface rocks, or rocks compared with the number of surface fines is very small Houston. There's a few boulders lying around and there's a few blocks around some of the craters, but by and large, it's a powdery surface.""; Parent source: atlas_sample_id",subsample_or_fraction,yes,https://www.lpi.usra.edu/lunar/samples/atlas/detail/?mission=Apollo%2014&sample=14259,
235,14259,15,-99.0,no,cjls33,LS-CMP-033,"14259,15",none,,,,,,soil,,"RELAB specimen: 14259,15; RELAB description: Highland, Bulk, Apollo 14 Surface Soil, NASA #14259; Collection: Apollo 14; Specimen type: Returned Lunar Sample; Material origin: Natural; Material type: Unconsolidated Mixture; Material subtypes: Particulate|Highland; Atlas lithology: soil; Atlas description: This scoop sample is part of the comprehensive sample collected 110 m WNW of LM along with 14165 through 14189, 14250 through 14289, 14298 through 14300, and 14420. All samples were collected from within a 4 m circle drawn by Astronaut Shepard. Astronaut Mitchell reports, ""The number of surface rocks, or rocks compared with the number of surface fines is very small Houston. There's a few boulders lying around and there's a few blocks around some of the craters, but by and large, it's a powdery surface.""; Parent source: atlas_sample_id",subsample_or_fraction,yes,https://www.lpi.usra.edu/lunar/samples/atlas/detail/?mission=Apollo%2014&sample=14259,
236,14259,15,-99.0,no,ckls33,LS-CMP-033,"14259,15",none,,,,,,soil,,"RELAB specimen: 14259,15; RELAB description: Highland, Bulk, Apollo 14 Surface Soil, NASA #14259; Collection: Apollo 14; Specimen type: Returned Lunar Sample; Material origin: Natural; Material type: Unconsolidated Mixture; Material subtypes: Particulate|Highland; Atlas lithology: soil; Atlas description: This scoop sample is part of the comprehensive sample collected 110 m WNW of LM along with 14165 through 14189, 14250 through 14289, 14298 through 14300, and 14420. All samples were collected from within a 4 m circle drawn by Astronaut Shepard. Astronaut Mitchell reports, ""The number of surface rocks, or rocks compared with the number of surface fines is very small Houston. There's a few boulders lying around and there's a few blocks around some of the craters, but by and large, it's a powdery surface.""; Parent source: atlas_sample_id",subsample_or_fraction,yes,https://www.lpi.usra.edu/lunar/samples/atlas/detail/?mission=Apollo%2014&sample=14259,
237,14259,15,-99.0,no,clls33,LS-CMP-033,"14259,15",none,,,,,,soil,,"RELAB specimen: 14259,15; RELAB description: Highland, Bulk, Apollo 14 Surface Soil, NASA #14259; Collection: Apollo 14; Specimen type: Returned Lunar Sample; Material origin: Natural; Material type: Unconsolidated Mixture; Material subtypes: Particulate|Highland; Atlas lithology: soil; Atlas description: This scoop sample is part of the comprehensive sample collected 110 m WNW of LM along with 14165 through 14189, 14250 through 14289, 14298 through 14300, and 14420. All samples were collected from within a 4 m circle drawn by Astronaut Shepard. Astronaut Mitchell reports, ""The number of surface rocks, or rocks compared with the number of surface fines is very small Houston. There's a few boulders lying around and there's a few blocks around some of the craters, but by and large, it's a powdery surface.""; Parent source: atlas_sample_id",subsample_or_fraction,yes,https://www.lpi.usra.edu/lunar/samples/atlas/detail/?mission=Apollo%2014&sample=14259,
238,14259,15,-99.0,no,cls33g,LS-CMP-033,"14259,15",none,,,,,,soil,,"RELAB specimen: 14259,15; RELAB description: Highland, Bulk, Apollo 14 Surface Soil, NASA #14259; Collection: Apollo 14; Specimen type: Returned Lunar Sample; Material origin: Natural; Material type: Unconsolidated Mixture; Material subtypes: Particulate|Highland; Atlas lithology: soil; Atlas description: This scoop sample is part of the comprehensive sample collected 110 m WNW of LM along with 14165 through 14189, 14250 through 14289, 14298 through 14300, and 14420. All samples were collected from within a 4 m circle drawn by Astronaut Shepard. Astronaut Mitchell reports, ""The number of surface rocks, or rocks compared with the number of surface fines is very small Houston. There's a few boulders lying around and there's a few blocks around some of the craters, but by and large, it's a powdery surface.""; Parent source: atlas_sample_id",subsample_or_fraction,yes,https://www.lpi.usra.edu/lunar/samples/atlas/detail/?mission=Apollo%2014&sample=14259,
239,14259,15,-99.0,no,cls33k,LS-CMP-033,"14259,15",none,,,,,,soil,,"RELAB specimen: 14259,15; RELAB description: Highland, Bulk, Apollo 14 Surface Soil, NASA #14259; Collection: Apollo 14; Specimen type: Returned Lunar Sample; Material origin: Natural; Material type: Unconsolidated Mixture; Material subtypes: Particulate|Highland; Atlas lithology: soil; Atlas description: This scoop sample is part of the comprehensive sample collected 110 m WNW of LM along with 14165 through 14189, 14250 through 14289, 14298 through 14300, and 14420. All samples were collected from within a 4 m circle drawn by Astronaut Shepard. Astronaut Mitchell reports, ""The number of surface rocks, or rocks compared with the number of surface fines is very small Houston. There's a few boulders lying around and there's a few blocks around some of the craters, but by and large, it's a powdery surface.""; Parent source: atlas_sample_id",subsample_or_fraction,yes,https://www.lpi.usra.edu/lunar/samples/atlas/detail/?mission=Apollo%2014&sample=14259,
240,14259,15,-99.0,no,cmls33,LS-CMP-033,"14259,15",none,,,,,,soil,,"RELAB specimen: 14259,15; RELAB description: Highland, Bulk, Apollo 14 Surface Soil, NASA #14259; Collection: Apollo 14; Specimen type: Returned Lunar Sample; Material origin: Natural; Material type: Unconsolidated Mixture; Material subtypes: Particulate|Highland; Atlas lithology: soil; Atlas description: This scoop sample is part of the comprehensive sample collected 110 m WNW of LM along with 14165 through 14189, 14250 through 14289, 14298 through 14300, and 14420. All samples were collected from within a 4 m circle drawn by Astronaut Shepard. Astronaut Mitchell reports, ""The number of surface rocks, or rocks compared with the number of surface fines is very small Houston. There's a few boulders lying around and there's a few blocks around some of the craters, but by and large, it's a powdery surface.""; Parent source: atlas_sample_id",subsample_or_fraction,yes,https://www.lpi.usra.edu/lunar/samples/atlas/detail/?mission=Apollo%2014&sample=14259,
241,14259,15,-99.0,no,cnls33,LS-CMP-033,"14259,15",none,,,,,,soil,,"RELAB specimen: 14259,15; RELAB description: Highland, Bulk, Apollo 14 Surface Soil, NASA #14259; Collection: Apollo 14; Specimen type: Returned Lunar Sample; Material origin: Natural; Material type: Unconsolidated Mixture; Material subtypes: Particulate|Highland; Atlas lithology: soil; Atlas description: This scoop sample is part of the comprehensive sample collected 110 m WNW of LM along with 14165 through 14189, 14250 through 14289, 14298 through 14300, and 14420. All samples were collected from within a 4 m circle drawn by Astronaut Shepard. Astronaut Mitchell reports, ""The number of surface rocks, or rocks compared with the number of surface fines is very small Houston. There's a few boulders lying around and there's a few blocks around some of the craters, but by and large, it's a powdery surface.""; Parent source: atlas_sample_id",subsample_or_fraction,yes,https://www.lpi.usra.edu/lunar/samples/atlas/detail/?mission=Apollo%2014&sample=14259,
242,14259,15,-99.0,no,cols33,LS-CMP-033,"14259,15",none,,,,,,soil,,"RELAB specimen: 14259,15; RELAB description: Highland, Bulk, Apollo 14 Surface Soil, NASA #14259; Collection: Apollo 14; Specimen type: Returned Lunar Sample; Material origin: Natural; Material type: Unconsolidated Mixture; Material subtypes: Particulate|Highland; Atlas lithology: soil; Atlas description: This scoop sample is part of the comprehensive sample collected 110 m WNW of LM along with 14165 through 14189, 14250 through 14289, 14298 through 14300, and 14420. All samples were collected from within a 4 m circle drawn by Astronaut Shepard. Astronaut Mitchell reports, ""The number of surface rocks, or rocks compared with the number of surface fines is very small Houston. There's a few boulders lying around and there's a few blocks around some of the craters, but by and large, it's a powdery surface.""; Parent source: atlas_sample_id",subsample_or_fraction,yes,https://www.lpi.usra.edu/lunar/samples/atlas/detail/?mission=Apollo%2014&sample=14259,
243,14259,15,-99.0,no,cpls33,LS-CMP-033,"14259,15",none,,,,,,soil,,"RELAB specimen: 14259,15; RELAB description: Highland, Bulk, Apollo 14 Surface Soil, NASA #14259; Collection: Apollo 14; Specimen type: Returned Lunar Sample; Material origin: Natural; Material type: Unconsolidated Mixture; Material subtypes: Particulate|Highland; Atlas lithology: soil; Atlas description: This scoop sample is part of the comprehensive sample collected 110 m WNW of LM along with 14165 through 14189, 14250 through 14289, 14298 through 14300, and 14420. All samples were collected from within a 4 m circle drawn by Astronaut Shepard. Astronaut Mitchell reports, ""The number of surface rocks, or rocks compared with the number of surface fines is very small Houston. There's a few boulders lying around and there's a few blocks around some of the craters, but by and large, it's a powdery surface.""; Parent source: atlas_sample_id",subsample_or_fraction,yes,https://www.lpi.usra.edu/lunar/samples/atlas/detail/?mission=Apollo%2014&sample=14259,
244,14259,15,-99.0,no,cqls33,LS-CMP-033,"14259,15",none,,,,,,soil,,"RELAB specimen: 14259,15; RELAB description: Highland, Bulk, Apollo 14 Surface Soil, NASA #14259; Collection: Apollo 14; Specimen type: Returned Lunar Sample; Material origin: Natural; Material type: Unconsolidated Mixture; Material subtypes: Particulate|Highland; Atlas lithology: soil; Atlas description: This scoop sample is part of the comprehensive sample collected 110 m WNW of LM along with 14165 through 14189, 14250 through 14289, 14298 through 14300, and 14420. All samples were collected from within a 4 m circle drawn by Astronaut Shepard. Astronaut Mitchell reports, ""The number of surface rocks, or rocks compared with the number of surface fines is very small Houston. There's a few boulders lying around and there's a few blocks around some of the craters, but by and large, it's a powdery surface.""; Parent source: atlas_sample_id",subsample_or_fraction,yes,https://www.lpi.usra.edu/lunar/samples/atlas/detail/?mission=Apollo%2014&sample=14259,
245,14259,15,-99.0,no,crls33,LS-CMP-033,"14259,15",none,,,,,,soil,,"RELAB specimen: 14259,15; RELAB description: Highland, Bulk, Apollo 14 Surface Soil, NASA #14259; Collection: Apollo 14; Specimen type: Returned Lunar Sample; Material origin: Natural; Material type: Unconsolidated Mixture; Material subtypes: Particulate|Highland; Atlas lithology: soil; Atlas description: This scoop sample is part of the comprehensive sample collected 110 m WNW of LM along with 14165 through 14189, 14250 through 14289, 14298 through 14300, and 14420. All samples were collected from within a 4 m circle drawn by Astronaut Shepard. Astronaut Mitchell reports, ""The number of surface rocks, or rocks compared with the number of surface fines is very small Houston. There's a few boulders lying around and there's a few blocks around some of the craters, but by and large, it's a powdery surface.""; Parent source: atlas_sample_id",subsample_or_fraction,yes,https://www.lpi.usra.edu/lunar/samples/atlas/detail/?mission=Apollo%2014&sample=14259,
246,14259,15,-99.0,no,csls33,LS-CMP-033,"14259,15",none,,,,,,soil,,"RELAB specimen: 14259,15; RELAB description: Highland, Bulk, Apollo 14 Surface Soil, NASA #14259; Collection: Apollo 14; Specimen type: Returned Lunar Sample; Material origin: Natural; Material type: Unconsolidated Mixture; Material subtypes: Particulate|Highland; Atlas lithology: soil; Atlas description: This scoop sample is part of the comprehensive sample collected 110 m WNW of LM along with 14165 through 14189, 14250 through 14289, 14298 through 14300, and 14420. All samples were collected from within a 4 m circle drawn by Astronaut Shepard. Astronaut Mitchell reports, ""The number of surface rocks, or rocks compared with the number of surface fines is very small Houston. There's a few boulders lying around and there's a few blocks around some of the craters, but by and large, it's a powdery surface.""; Parent source: atlas_sample_id",subsample_or_fraction,yes,https://www.lpi.usra.edu/lunar/samples/atlas/detail/?mission=Apollo%2014&sample=14259,
247,14259,15,-99.0,no,ctls33,LS-CMP-033,"14259,15",none,,,,,,soil,,"RELAB specimen: 14259,15; RELAB description: Highland, Bulk, Apollo 14 Surface Soil, NASA #14259; Collection: Apollo 14; Specimen type: Returned Lunar Sample; Material origin: Natural; Material type: Unconsolidated Mixture; Material subtypes: Particulate|Highland; Atlas lithology: soil; Atlas description: This scoop sample is part of the comprehensive sample collected 110 m WNW of LM along with 14165 through 14189, 14250 through 14289, 14298 through 14300, and 14420. All samples were collected from within a 4 m circle drawn by Astronaut Shepard. Astronaut Mitchell reports, ""The number of surface rocks, or rocks compared with the number of surface fines is very small Houston. There's a few boulders lying around and there's a few blocks around some of the craters, but by and large, it's a powdery surface.""; Parent source: atlas_sample_id",subsample_or_fraction,yes,https://www.lpi.usra.edu/lunar/samples/atlas/detail/?mission=Apollo%2014&sample=14259,
248,14259,15,-99.0,no,culs33,LS-CMP-033,"14259,15",none,,,,,,soil,,"RELAB specimen: 14259,15; RELAB description: Highland, Bulk, Apollo 14 Surface Soil, NASA #14259; Collection: Apollo 14; Specimen type: Returned Lunar Sample; Material origin: Natural; Material type: Unconsolidated Mixture; Material subtypes: Particulate|Highland; Atlas lithology: soil; Atlas description: This scoop sample is part of the comprehensive sample collected 110 m WNW of LM along with 14165 through 14189, 14250 through 14289, 14298 through 14300, and 14420. All samples were collected from within a 4 m circle drawn by Astronaut Shepard. Astronaut Mitchell reports, ""The number of surface rocks, or rocks compared with the number of surface fines is very small Houston. There's a few boulders lying around and there's a few blocks around some of the craters, but by and large, it's a powdery surface.""; Parent source: atlas_sample_id",subsample_or_fraction,yes,https://www.lpi.usra.edu/lunar/samples/atlas/detail/?mission=Apollo%2014&sample=14259,
249,14259,15,-99.0,no,cvls33,LS-CMP-033,"14259,15",none,,,,,,soil,,"RELAB specimen: 14259,15; RELAB description: Highland, Bulk, Apollo 14 Surface Soil, NASA #14259; Collection: Apollo 14; Specimen type: Returned Lunar Sample; Material origin: Natural; Material type: Unconsolidated Mixture; Material subtypes: Particulate|Highland; Atlas lithology: soil; Atlas description: This scoop sample is part of the comprehensive sample collected 110 m WNW of LM along with 14165 through 14189, 14250 through 14289, 14298 through 14300, and 14420. All samples were collected from within a 4 m circle drawn by Astronaut Shepard. Astronaut Mitchell reports, ""The number of surface rocks, or rocks compared with the number of surface fines is very small Houston. There's a few boulders lying around and there's a few blocks around some of the craters, but by and large, it's a powdery surface.""; Parent source: atlas_sample_id",subsample_or_fraction,yes,https://www.lpi.usra.edu/lunar/samples/atlas/detail/?mission=Apollo%2014&sample=14259,
250,14259,15,-99.0,no,cwls33,LS-CMP-033,"14259,15",none,,,,,,soil,,"RELAB specimen: 14259,15; RELAB description: Highland, Bulk, Apollo 14 Surface Soil, NASA #14259; Collection: Apollo 14; Specimen type: Returned Lunar Sample; Material origin: Natural; Material type: Unconsolidated Mixture; Material subtypes: Particulate|Highland; Atlas lithology: soil; Atlas description: This scoop sample is part of the comprehensive sample collected 110 m WNW of LM along with 14165 through 14189, 14250 through 14289, 14298 through 14300, and 14420. All samples were collected from within a 4 m circle drawn by Astronaut Shepard. Astronaut Mitchell reports, ""The number of surface rocks, or rocks compared with the number of surface fines is very small Houston. There's a few boulders lying around and there's a few blocks around some of the craters, but by and large, it's a powdery surface.""; Parent source: atlas_sample_id",subsample_or_fraction,yes,https://www.lpi.usra.edu/lunar/samples/atlas/detail/?mission=Apollo%2014&sample=14259,
251,14259,15,-99.0,no,cxls33,LS-CMP-033,"14259,15",none,,,,,,soil,,"RELAB specimen: 14259,15; RELAB description: Highland, Bulk, Apollo 14 Surface Soil, NASA #14259; Collection: Apollo 14; Specimen type: Returned Lunar Sample; Material origin: Natural; Material type: Unconsolidated Mixture; Material subtypes: Particulate|Highland; Atlas lithology: soil; Atlas description: This scoop sample is part of the comprehensive sample collected 110 m WNW of LM along with 14165 through 14189, 14250 through 14289, 14298 through 14300, and 14420. All samples were collected from within a 4 m circle drawn by Astronaut Shepard. Astronaut Mitchell reports, ""The number of surface rocks, or rocks compared with the number of surface fines is very small Houston. There's a few boulders lying around and there's a few blocks around some of the craters, but by and large, it's a powdery surface.""; Parent source: atlas_sample_id",subsample_or_fraction,yes,https://www.lpi.usra.edu/lunar/samples/atlas/detail/?mission=Apollo%2014&sample=14259,
252,14259,15,-99.0,no,n1ls33,LS-CMP-033,"14259,15",none,,,,,,soil,,"RELAB specimen: 14259,15; RELAB description: Highland, Bulk, Apollo 14 Surface Soil, NASA #14259; Collection: Apollo 14; Specimen type: Returned Lunar Sample; Material origin: Natural; Material type: Unconsolidated Mixture; Material subtypes: Particulate|Highland; Atlas lithology: soil; Atlas description: This scoop sample is part of the comprehensive sample collected 110 m WNW of LM along with 14165 through 14189, 14250 through 14289, 14298 through 14300, and 14420. All samples were collected from within a 4 m circle drawn by Astronaut Shepard. Astronaut Mitchell reports, ""The number of surface rocks, or rocks compared with the number of surface fines is very small Houston. There's a few boulders lying around and there's a few blocks around some of the craters, but by and large, it's a powdery surface.""; Parent source: atlas_sample_id",subsample_or_fraction,yes,https://www.lpi.usra.edu/lunar/samples/atlas/detail/?mission=Apollo%2014&sample=14259,
253,14259,15,-99.0,no,n2ls33,LS-CMP-033,"14259,15",none,,,,,,soil,,"RELAB specimen: 14259,15; RELAB description: Highland, Bulk, Apollo 14 Surface Soil, NASA #14259; Collection: Apollo 14; Specimen type: Returned Lunar Sample; Material origin: Natural; Material type: Unconsolidated Mixture; Material subtypes: Particulate|Highland; Atlas lithology: soil; Atlas description: This scoop sample is part of the comprehensive sample collected 110 m WNW of LM along with 14165 through 14189, 14250 through 14289, 14298 through 14300, and 14420. All samples were collected from within a 4 m circle drawn by Astronaut Shepard. Astronaut Mitchell reports, ""The number of surface rocks, or rocks compared with the number of surface fines is very small Houston. There's a few boulders lying around and there's a few blocks around some of the craters, but by and large, it's a powdery surface.""; Parent source: atlas_sample_id",subsample_or_fraction,yes,https://www.lpi.usra.edu/lunar/samples/atlas/detail/?mission=Apollo%2014&sample=14259,
254,14259,15,-99.0,no,n4ls33,LS-CMP-033,"14259,15",none,,,,,,soil,,"RELAB specimen: 14259,15; RELAB description: Highland, Bulk, Apollo 14 Surface Soil, NASA #14259; Collection: Apollo 14; Specimen type: Returned Lunar Sample; Material origin: Natural; Material type: Unconsolidated Mixture; Material subtypes: Particulate|Highland; Atlas lithology: soil; Atlas description: This scoop sample is part of the comprehensive sample collected 110 m WNW of LM along with 14165 through 14189, 14250 through 14289, 14298 through 14300, and 14420. All samples were collected from within a 4 m circle drawn by Astronaut Shepard. Astronaut Mitchell reports, ""The number of surface rocks, or rocks compared with the number of surface fines is very small Houston. There's a few boulders lying around and there's a few blocks around some of the craters, but by and large, it's a powdery surface.""; Parent source: atlas_sample_id",subsample_or_fraction,yes,https://www.lpi.usra.edu/lunar/samples/atlas/detail/?mission=Apollo%2014&sample=14259,
255,14259,83,-99.0,no,bnr1dh034,DH-CMP-034,"Apollo 14 Lunar Soil: 14259, 83, 91",none,,,,,,soil,,"RELAB specimen: Apollo 14 Lunar Soil: 14259, 83, 91; RELAB description: Collected 100 meters west of the LM, between the LM and the ALSEP station. Combined samples 14259.83 and 14259.91.; Collection: Apollo 14 site, Moon; Specimen type: Returned Lunar Sample; Material origin: Natural; Material type: Unconsolidated Mixture; Material subtypes: Particulate; Atlas lithology: soil; Atlas description: This scoop sample is part of the comprehensive sample collected 110 m WNW of LM along with 14165 through 14189, 14250 through 14289, 14298 through 14300, and 14420. All samples were collected from within a 4 m circle drawn by Astronaut Shepard. Astronaut Mitchell reports, ""The number of surface rocks, or rocks compared with the number of surface fines is very small Houston. There's a few boulders lying around and there's a few blocks around some of the craters, but by and large, it's a powdery surface.""; Parent source: atlas_sample_id",subsample_or_fraction,yes,https://www.lpi.usra.edu/lunar/samples/atlas/detail/?mission=Apollo%2014&sample=14259,
256,14259,632,-99.0,no,bmr1lr086,LR-CMP-086,"14259,632",none,,,,,,soil,,"RELAB specimen: 14259,632; RELAB description: Water sieved for LSCC (Taylor project).; Collection: Apollo 14 site, Moon; Specimen type: Returned Lunar Sample; Material origin: Natural; Material type: Unconsolidated Mixture; Material subtypes: Particulate|Particulate Sorted; Atlas lithology: soil; Atlas description: This scoop sample is part of the comprehensive sample collected 110 m WNW of LM along with 14165 through 14189, 14250 through 14289, 14298 through 14300, and 14420. All samples were collected from within a 4 m circle drawn by Astronaut Shepard. Astronaut Mitchell reports, ""The number of surface rocks, or rocks compared with the number of surface fines is very small Houston. There's a few boulders lying around and there's a few blocks around some of the craters, but by and large, it's a powdery surface.""; Parent source: atlas_sample_id",subsample_or_fraction,yes,https://www.lpi.usra.edu/lunar/samples/atlas/detail/?mission=Apollo%2014&sample=14259,
257,14260,72,-99.0,no,bmr1lr083,LR-CMP-083,"14260,72",none,,,,,,soil,,"RELAB specimen: 14260,72; RELAB description: Mare, , Water sieved for LSCC (Taylor project).; Collection: Apollo 14 site, Moon; Specimen type: Returned Lunar Sample; Material origin: Natural; Material type: Unconsolidated Mixture; Material subtypes: Particulate|Particulate Sorted|Mare; Atlas lithology: soil; Atlas description: Surface soil sample is part of comprehensive sample collected 110 WNW of LM with 14165 through 14189, 14250 through 14289, 14298 through 14300 and 14421. All samples, including many walnut sized rocks were collected within a 4 m circle drawn by Astronaut Shepard. 14260 was collected from the top 1 cm of an undisturbed region with this circle. Area is generally level and free of boulders.; Parent source: atlas_sample_id",subsample_or_fraction,yes,https://www.lpi.usra.edu/lunar/samples/atlas/detail/?mission=Apollo%2014&sample=14260,
258,14260,72,-99.0,no,bmr2lr083,LR-CMP-083,"14260,72",none,,,,,,soil,,"RELAB specimen: 14260,72; RELAB description: Mare, , Water sieved for LSCC (Taylor project).; Collection: Apollo 14 site, Moon; Specimen type: Returned Lunar Sample; Material origin: Natural; Material type: Unconsolidated Mixture; Material subtypes: Particulate|Particulate Sorted|Mare; Atlas lithology: soil; Atlas description: Surface soil sample is part of comprehensive sample collected 110 WNW of LM with 14165 through 14189, 14250 through 14289, 14298 through 14300 and 14421. All samples, including many walnut sized rocks were collected within a 4 m circle drawn by Astronaut Shepard. 14260 was collected from the top 1 cm of an undisturbed region with this circle. Area is generally level and free of boulders.; Parent source: atlas_sample_id",subsample_or_fraction,yes,https://www.lpi.usra.edu/lunar/samples/atlas/detail/?mission=Apollo%2014&sample=14260,
259,15041,0,-99.0,no,bir1ls142,LS-BWD-142,15041 bulk 125-250 um,none,,,,,,,,"RELAB specimen: 15041 bulk 125-250 um; RELAB description: Mare, Bulk; Collection: Apollo 15 site, Station 8, Moon; Specimen type: Returned Lunar Sample; Material origin: Natural; Material type: Unconsolidated Mixture; Material subtypes: Particulate; Parent source: atlas_sample_id",subsample_or_fraction,yes,https://www.lpi.usra.edu/lunar/samples/atlas/detail/?mission=Apollo%2015&sample=15041,
260,15041,0,-99.0,no,bir1ls143,LS-BWD-143,15041 agglutinates 125-250 um (hand-picked),none,,,,,,,"Mare, Agglutinate","RELAB specimen: 15041 agglutinates 125-250 um (hand-picked); RELAB description: Mare, Agglutinate; Collection: Apollo 15 site, Station 8, Moon; Specimen type: Returned Lunar Sample; Material origin: Natural; Material type: Unconsolidated Mixture; Material subtypes: Particulate; Parent source: atlas_sample_id",subsample_or_fraction,yes,https://www.lpi.usra.edu/lunar/samples/atlas/detail/?mission=Apollo%2015&sample=15041,
261,15041,0,-99.0,no,bir1ls158,LS-BWD-158,15041 low-agglutinate remnant 125-250 um,none,,,,,,,15041 low-agglutinate remnant 125-250 um,"RELAB specimen: 15041 low-agglutinate remnant 125-250 um; RELAB description: Remnant after agglutinates removed from Apollo 15 mare soil; Collection: Apollo 15 site, Station 8, Moon; Specimen type: Returned Lunar Sample; Material origin: Natural; Material type: Unconsolidated Mixture; Material subtypes: Particulate; Parent source: atlas_sample_id",subsample_or_fraction,yes,https://www.lpi.usra.edu/lunar/samples/atlas/detail/?mission=Apollo%2015&sample=15041,
262,15041,0,-99.0,no,bir1ls161,LS-BWD-161,15041 agglutinates 125-250 um (magnetically-separated),none,,,,,,,,"RELAB specimen: 15041 agglutinates 125-250 um (magnetically-separated); RELAB description: Agglutinates from Apollo 15 highland soil; Collection: Apollo 15 site, Station 8, Moon; Specimen type: Returned Lunar Sample; Material origin: Natural; Material type: Unconsolidated Mixture; Material subtypes: Particulate; Parent source: atlas_sample_id",subsample_or_fraction,yes,https://www.lpi.usra.edu/lunar/samples/atlas/detail/?mission=Apollo%2015&sample=15041,
263,15041,0,-99.0,no,c1ls142,LS-BWD-142,15041 bulk 125-250 um,none,,,,,,,,"RELAB specimen: 15041 bulk 125-250 um; RELAB description: Mare, Bulk; Collection: Apollo 15 site, Station 8, Moon; Specimen type: Returned Lunar Sample; Material origin: Natural; Material type: Unconsolidated Mixture; Material subtypes: Particulate; Parent source: atlas_sample_id",subsample_or_fraction,yes,https://www.lpi.usra.edu/lunar/samples/atlas/detail/?mission=Apollo%2015&sample=15041,
264,15041,0,-99.0,no,c1ls143,LS-BWD-143,15041 agglutinates 125-250 um (hand-picked),none,,,,,,,"Mare, Agglutinate","RELAB specimen: 15041 agglutinates 125-250 um (hand-picked); RELAB description: Mare, Agglutinate; Collection: Apollo 15 site, Station 8, Moon; Specimen type: Returned Lunar Sample; Material origin: Natural; Material type: Unconsolidated Mixture; Material subtypes: Particulate; Parent source: atlas_sample_id",subsample_or_fraction,yes,https://www.lpi.usra.edu/lunar/samples/atlas/detail/?mission=Apollo%2015&sample=15041,
265,15041,0,-99.0,no,c1ls158,LS-BWD-158,15041 low-agglutinate remnant 125-250 um,none,,,,,,,15041 low-agglutinate remnant 125-250 um,"RELAB specimen: 15041 low-agglutinate remnant 125-250 um; RELAB description: Remnant after agglutinates removed from Apollo 15 mare soil; Collection: Apollo 15 site, Station 8, Moon; Specimen type: Returned Lunar Sample; Material origin: Natural; Material type: Unconsolidated Mixture; Material subtypes: Particulate; Parent source: atlas_sample_id",subsample_or_fraction,yes,https://www.lpi.usra.edu/lunar/samples/atlas/detail/?mission=Apollo%2015&sample=15041,
266,15041,0,-99.0,no,c1ls161,LS-BWD-161,15041 agglutinates 125-250 um (magnetically-separated),none,,,,,,,,"RELAB specimen: 15041 agglutinates 125-250 um (magnetically-separated); RELAB description: Agglutinates from Apollo 15 highland soil; Collection: Apollo 15 site, Station 8, Moon; Specimen type: Returned Lunar Sample; Material origin: Natural; Material type: Unconsolidated Mixture; Material subtypes: Particulate; Parent source: atlas_sample_id",subsample_or_fraction,yes,https://www.lpi.usra.edu/lunar/samples/atlas/detail/?mission=Apollo%2015&sample=15041,
267,15041,0,-99.0,no,c2ls142,LS-BWD-142,15041 bulk 125-250 um,none,,,,,,,,"RELAB specimen: 15041 bulk 125-250 um; RELAB description: Mare, Bulk; Collection: Apollo 15 site, Station 8, Moon; Specimen type: Returned Lunar Sample; Material origin: Natural; Material type: Unconsolidated Mixture; Material subtypes: Particulate; Parent source: atlas_sample_id",subsample_or_fraction,yes,https://www.lpi.usra.edu/lunar/samples/atlas/detail/?mission=Apollo%2015&sample=15041,
268,15041,0,-99.0,no,c2ls158,LS-BWD-158,15041 low-agglutinate remnant 125-250 um,none,,,,,,,15041 low-agglutinate remnant 125-250 um,"RELAB specimen: 15041 low-agglutinate remnant 125-250 um; RELAB description: Remnant after agglutinates removed from Apollo 15 mare soil; Collection: Apollo 15 site, Station 8, Moon; Specimen type: Returned Lunar Sample; Material origin: Natural; Material type: Unconsolidated Mixture; Material subtypes: Particulate; Parent source: atlas_sample_id",subsample_or_fraction,yes,https://www.lpi.usra.edu/lunar/samples/atlas/detail/?mission=Apollo%2015&sample=15041,
269,15041,0,-99.0,no,c3ls142,LS-BWD-142,15041 bulk 125-250 um,none,,,,,,,,"RELAB specimen: 15041 bulk 125-250 um; RELAB description: Mare, Bulk; Collection: Apollo 15 site, Station 8, Moon; Specimen type: Returned Lunar Sample; Material origin: Natural; Material type: Unconsolidated Mixture; Material subtypes: Particulate; Parent source: atlas_sample_id",subsample_or_fraction,yes,https://www.lpi.usra.edu/lunar/samples/atlas/detail/?mission=Apollo%2015&sample=15041,
270,15041,0,-99.0,no,c3ls158,LS-BWD-158,15041 low-agglutinate remnant 125-250 um,none,,,,,,,15041 low-agglutinate remnant 125-250 um,"RELAB specimen: 15041 low-agglutinate remnant 125-250 um; RELAB description: Remnant after agglutinates removed from Apollo 15 mare soil; Collection: Apollo 15 site, Station 8, Moon; Specimen type: Returned Lunar Sample; Material origin: Natural; Material type: Unconsolidated Mixture; Material subtypes: Particulate; Parent source: atlas_sample_id",subsample_or_fraction,yes,https://www.lpi.usra.edu/lunar/samples/atlas/detail/?mission=Apollo%2015&sample=15041,
271,15041,0,-99.0,no,c4ls142,LS-BWD-142,15041 bulk 125-250 um,none,,,,,,,,"RELAB specimen: 15041 bulk 125-250 um; RELAB description: Mare, Bulk; Collection: Apollo 15 site, Station 8, Moon; Specimen type: Returned Lunar Sample; Material origin: Natural; Material type: Unconsolidated Mixture; Material subtypes: Particulate; Parent source: atlas_sample_id",subsample_or_fraction,yes,https://www.lpi.usra.edu/lunar/samples/atlas/detail/?mission=Apollo%2015&sample=15041,
272,15041,0,-99.0,no,cals142,LS-BWD-142,15041 bulk 125-250 um,none,,,,,,,,"RELAB specimen: 15041 bulk 125-250 um; RELAB description: Mare, Bulk; Collection: Apollo 15 site, Station 8, Moon; Specimen type: Returned Lunar Sample; Material origin: Natural; Material type: Unconsolidated Mixture; Material subtypes: Particulate; Parent source: atlas_sample_id",subsample_or_fraction,yes,https://www.lpi.usra.edu/lunar/samples/atlas/detail/?mission=Apollo%2015&sample=15041,
273,15041,0,-99.0,no,cals143,LS-BWD-143,15041 agglutinates 125-250 um (hand-picked),none,,,,,,,"Mare, Agglutinate","RELAB specimen: 15041 agglutinates 125-250 um (hand-picked); RELAB description: Mare, Agglutinate; Collection: Apollo 15 site, Station 8, Moon; Specimen type: Returned Lunar Sample; Material origin: Natural; Material type: Unconsolidated Mixture; Material subtypes: Particulate; Parent source: atlas_sample_id",subsample_or_fraction,yes,https://www.lpi.usra.edu/lunar/samples/atlas/detail/?mission=Apollo%2015&sample=15041,
274,15041,0,-99.0,no,cals158,LS-BWD-158,15041 low-agglutinate remnant 125-250 um,none,,,,,,,15041 low-agglutinate remnant 125-250 um,"RELAB specimen: 15041 low-agglutinate remnant 125-250 um; RELAB description: Remnant after agglutinates removed from Apollo 15 mare soil; Collection: Apollo 15 site, Station 8, Moon; Specimen type: Returned Lunar Sample; Material origin: Natural; Material type: Unconsolidated Mixture; Material subtypes: Particulate; Parent source: atlas_sample_id",subsample_or_fraction,yes,https://www.lpi.usra.edu/lunar/samples/atlas/detail/?mission=Apollo%2015&sample=15041,
275,15041,0,-99.0,no,cals161,LS-BWD-161,15041 agglutinates 125-250 um (magnetically-separated),none,,,,,,,,"RELAB specimen: 15041 agglutinates 125-250 um (magnetically-separated); RELAB description: Agglutinates from Apollo 15 highland soil; Collection: Apollo 15 site, Station 8, Moon; Specimen type: Returned Lunar Sample; Material origin: Natural; Material type: Unconsolidated Mixture; Material subtypes: Particulate; Parent source: atlas_sample_id",subsample_or_fraction,yes,https://www.lpi.usra.edu/lunar/samples/atlas/detail/?mission=Apollo%2015&sample=15041,
276,15041,0,-99.0,no,cbls142,LS-BWD-142,15041 bulk 125-250 um,none,,,,,,,,"RELAB specimen: 15041 bulk 125-250 um; RELAB description: Mare, Bulk; Collection: Apollo 15 site, Station 8, Moon; Specimen type: Returned Lunar Sample; Material origin: Natural; Material type: Unconsolidated Mixture; Material subtypes: Particulate; Parent source: atlas_sample_id",subsample_or_fraction,yes,https://www.lpi.usra.edu/lunar/samples/atlas/detail/?mission=Apollo%2015&sample=15041,
277,15041,0,-99.0,no,cbls143,LS-BWD-143,15041 agglutinates 125-250 um (hand-picked),none,,,,,,,"Mare, Agglutinate","RELAB specimen: 15041 agglutinates 125-250 um (hand-picked); RELAB description: Mare, Agglutinate; Collection: Apollo 15 site, Station 8, Moon; Specimen type: Returned Lunar Sample; Material origin: Natural; Material type: Unconsolidated Mixture; Material subtypes: Particulate; Parent source: atlas_sample_id",subsample_or_fraction,yes,https://www.lpi.usra.edu/lunar/samples/atlas/detail/?mission=Apollo%2015&sample=15041,
278,15041,0,-99.0,no,cbls158,LS-BWD-158,15041 low-agglutinate remnant 125-250 um,none,,,,,,,15041 low-agglutinate remnant 125-250 um,"RELAB specimen: 15041 low-agglutinate remnant 125-250 um; RELAB description: Remnant after agglutinates removed from Apollo 15 mare soil; Collection: Apollo 15 site, Station 8, Moon; Specimen type: Returned Lunar Sample; Material origin: Natural; Material type: Unconsolidated Mixture; Material subtypes: Particulate; Parent source: atlas_sample_id",subsample_or_fraction,yes,https://www.lpi.usra.edu/lunar/samples/atlas/detail/?mission=Apollo%2015&sample=15041,
279,15041,0,-99.0,no,cbls161,LS-BWD-161,15041 agglutinates 125-250 um (magnetically-separated),none,,,,,,,,"RELAB specimen: 15041 agglutinates 125-250 um (magnetically-separated); RELAB description: Agglutinates from Apollo 15 highland soil; Collection: Apollo 15 site, Station 8, Moon; Specimen type: Returned Lunar Sample; Material origin: Natural; Material type: Unconsolidated Mixture; Material subtypes: Particulate; Parent source: atlas_sample_id",subsample_or_fraction,yes,https://www.lpi.usra.edu/lunar/samples/atlas/detail/?mission=Apollo%2015&sample=15041,
280,15041,0,-99.0,no,ccls142,LS-BWD-142,15041 bulk 125-250 um,none,,,,,,,,"RELAB specimen: 15041 bulk 125-250 um; RELAB description: Mare, Bulk; Collection: Apollo 15 site, Station 8, Moon; Specimen type: Returned Lunar Sample; Material origin: Natural; Material type: Unconsolidated Mixture; Material subtypes: Particulate; Parent source: atlas_sample_id",subsample_or_fraction,yes,https://www.lpi.usra.edu/lunar/samples/atlas/detail/?mission=Apollo%2015&sample=15041,
281,15041,0,-99.0,no,ccls143,LS-BWD-143,15041 agglutinates 125-250 um (hand-picked),none,,,,,,,"Mare, Agglutinate","RELAB specimen: 15041 agglutinates 125-250 um (hand-picked); RELAB description: Mare, Agglutinate; Collection: Apollo 15 site, Station 8, Moon; Specimen type: Returned Lunar Sample; Material origin: Natural; Material type: Unconsolidated Mixture; Material subtypes: Particulate; Parent source: atlas_sample_id",subsample_or_fraction,yes,https://www.lpi.usra.edu/lunar/samples/atlas/detail/?mission=Apollo%2015&sample=15041,
282,15041,0,-99.0,no,ccls158,LS-BWD-158,15041 low-agglutinate remnant 125-250 um,none,,,,,,,15041 low-agglutinate remnant 125-250 um,"RELAB specimen: 15041 low-agglutinate remnant 125-250 um; RELAB description: Remnant after agglutinates removed from Apollo 15 mare soil; Collection: Apollo 15 site, Station 8, Moon; Specimen type: Returned Lunar Sample; Material origin: Natural; Material type: Unconsolidated Mixture; Material subtypes: Particulate; Parent source: atlas_sample_id",subsample_or_fraction,yes,https://www.lpi.usra.edu/lunar/samples/atlas/detail/?mission=Apollo%2015&sample=15041,
283,15041,0,-99.0,no,ccls161,LS-BWD-161,15041 agglutinates 125-250 um (magnetically-separated),none,,,,,,,,"RELAB specimen: 15041 agglutinates 125-250 um (magnetically-separated); RELAB description: Agglutinates from Apollo 15 highland soil; Collection: Apollo 15 site, Station 8, Moon; Specimen type: Returned Lunar Sample; Material origin: Natural; Material type: Unconsolidated Mixture; Material subtypes: Particulate; Parent source: atlas_sample_id",subsample_or_fraction,yes,https://www.lpi.usra.edu/lunar/samples/atlas/detail/?mission=Apollo%2015&sample=15041,
284,15041,0,-99.0,no,cdls142,LS-BWD-142,15041 bulk 125-250 um,none,,,,,,,,"RELAB specimen: 15041 bulk 125-250 um; RELAB description: Mare, Bulk; Collection: Apollo 15 site, Station 8, Moon; Specimen type: Returned Lunar Sample; Material origin: Natural; Material type: Unconsolidated Mixture; Material subtypes: Particulate; Parent source: atlas_sample_id",subsample_or_fraction,yes,https://www.lpi.usra.edu/lunar/samples/atlas/detail/?mission=Apollo%2015&sample=15041,
285,15041,0,-99.0,no,cdls143,LS-BWD-143,15041 agglutinates 125-250 um (hand-picked),none,,,,,,,"Mare, Agglutinate","RELAB specimen: 15041 agglutinates 125-250 um (hand-picked); RELAB description: Mare, Agglutinate; Collection: Apollo 15 site, Station 8, Moon; Specimen type: Returned Lunar Sample; Material origin: Natural; Material type: Unconsolidated Mixture; Material subtypes: Particulate; Parent source: atlas_sample_id",subsample_or_fraction,yes,https://www.lpi.usra.edu/lunar/samples/atlas/detail/?mission=Apollo%2015&sample=15041,
286,15041,0,-99.0,no,cdls158,LS-BWD-158,15041 low-agglutinate remnant 125-250 um,none,,,,,,,15041 low-agglutinate remnant 125-250 um,"RELAB specimen: 15041 low-agglutinate remnant 125-250 um; RELAB description: Remnant after agglutinates removed from Apollo 15 mare soil; Collection: Apollo 15 site, Station 8, Moon; Specimen type: Returned Lunar Sample; Material origin: Natural; Material type: Unconsolidated Mixture; Material subtypes: Particulate; Parent source: atlas_sample_id",subsample_or_fraction,yes,https://www.lpi.usra.edu/lunar/samples/atlas/detail/?mission=Apollo%2015&sample=15041,
287,15041,0,-99.0,no,cdls161,LS-BWD-161,15041 agglutinates 125-250 um (magnetically-separated),none,,,,,,,,"RELAB specimen: 15041 agglutinates 125-250 um (magnetically-separated); RELAB description: Agglutinates from Apollo 15 highland soil; Collection: Apollo 15 site, Station 8, Moon; Specimen type: Returned Lunar Sample; Material origin: Natural; Material type: Unconsolidated Mixture; Material subtypes: Particulate; Parent source: atlas_sample_id",subsample_or_fraction,yes,https://www.lpi.usra.edu/lunar/samples/atlas/detail/?mission=Apollo%2015&sample=15041,
288,15041,0,-99.0,no,cels142,LS-BWD-142,15041 bulk 125-250 um,none,,,,,,,,"RELAB specimen: 15041 bulk 125-250 um; RELAB description: Mare, Bulk; Collection: Apollo 15 site, Station 8, Moon; Specimen type: Returned Lunar Sample; Material origin: Natural; Material type: Unconsolidated Mixture; Material subtypes: Particulate; Parent source: atlas_sample_id",subsample_or_fraction,yes,https://www.lpi.usra.edu/lunar/samples/atlas/detail/?mission=Apollo%2015&sample=15041,
289,15041,0,-99.0,no,cels143,LS-BWD-143,15041 agglutinates 125-250 um (hand-picked),none,,,,,,,"Mare, Agglutinate","RELAB specimen: 15041 agglutinates 125-250 um (hand-picked); RELAB description: Mare, Agglutinate; Collection: Apollo 15 site, Station 8, Moon; Specimen type: Returned Lunar Sample; Material origin: Natural; Material type: Unconsolidated Mixture; Material subtypes: Particulate; Parent source: atlas_sample_id",subsample_or_fraction,yes,https://www.lpi.usra.edu/lunar/samples/atlas/detail/?mission=Apollo%2015&sample=15041,
290,15041,0,-99.0,no,cels158,LS-BWD-158,15041 low-agglutinate remnant 125-250 um,none,,,,,,,15041 low-agglutinate remnant 125-250 um,"RELAB specimen: 15041 low-agglutinate remnant 125-250 um; RELAB description: Remnant after agglutinates removed from Apollo 15 mare soil; Collection: Apollo 15 site, Station 8, Moon; Specimen type: Returned Lunar Sample; Material origin: Natural; Material type: Unconsolidated Mixture; Material subtypes: Particulate; Parent source: atlas_sample_id",subsample_or_fraction,yes,https://www.lpi.usra.edu/lunar/samples/atlas/detail/?mission=Apollo%2015&sample=15041,
291,15041,0,-99.0,no,cels161,LS-BWD-161,15041 agglutinates 125-250 um (magnetically-separated),none,,,,,,,,"RELAB specimen: 15041 agglutinates 125-250 um (magnetically-separated); RELAB description: Agglutinates from Apollo 15 highland soil; Collection: Apollo 15 site, Station 8, Moon; Specimen type: Returned Lunar Sample; Material origin: Natural; Material type: Unconsolidated Mixture; Material subtypes: Particulate; Parent source: atlas_sample_id",subsample_or_fraction,yes,https://www.lpi.usra.edu/lunar/samples/atlas/detail/?mission=Apollo%2015&sample=15041,
292,15041,0,-99.0,no,cfls142,LS-BWD-142,15041 bulk 125-250 um,none,,,,,,,,"RELAB specimen: 15041 bulk 125-250 um; RELAB description: Mare, Bulk; Collection: Apollo 15 site, Station 8, Moon; Specimen type: Returned Lunar Sample; Material origin: Natural; Material type: Unconsolidated Mixture; Material subtypes: Particulate; Parent source: atlas_sample_id",subsample_or_fraction,yes,https://www.lpi.usra.edu/lunar/samples/atlas/detail/?mission=Apollo%2015&sample=15041,
293,15041,0,-99.0,no,cfls143,LS-BWD-143,15041 agglutinates 125-250 um (hand-picked),none,,,,,,,"Mare, Agglutinate","RELAB specimen: 15041 agglutinates 125-250 um (hand-picked); RELAB description: Mare, Agglutinate; Collection: Apollo 15 site, Station 8, Moon; Specimen type: Returned Lunar Sample; Material origin: Natural; Material type: Unconsolidated Mixture; Material subtypes: Particulate; Parent source: atlas_sample_id",subsample_or_fraction,yes,https://www.lpi.usra.edu/lunar/samples/atlas/detail/?mission=Apollo%2015&sample=15041,
294,15041,0,-99.0,no,cfls158,LS-BWD-158,15041 low-agglutinate remnant 125-250 um,none,,,,,,,15041 low-agglutinate remnant 125-250 um,"RELAB specimen: 15041 low-agglutinate remnant 125-250 um; RELAB description: Remnant after agglutinates removed from Apollo 15 mare soil; Collection: Apollo 15 site, Station 8, Moon; Specimen type: Returned Lunar Sample; Material origin: Natural; Material type: Unconsolidated Mixture; Material subtypes: Particulate; Parent source: atlas_sample_id",subsample_or_fraction,yes,https://www.lpi.usra.edu/lunar/samples/atlas/detail/?mission=Apollo%2015&sample=15041,
295,15041,0,-99.0,no,cfls161,LS-BWD-161,15041 agglutinates 125-250 um (magnetically-separated),none,,,,,,,,"RELAB specimen: 15041 agglutinates 125-250 um (magnetically-separated); RELAB description: Agglutinates from Apollo 15 highland soil; Collection: Apollo 15 site, Station 8, Moon; Specimen type: Returned Lunar Sample; Material origin: Natural; Material type: Unconsolidated Mixture; Material subtypes: Particulate; Parent source: atlas_sample_id",subsample_or_fraction,yes,https://www.lpi.usra.edu/lunar/samples/atlas/detail/?mission=Apollo%2015&sample=15041,
296,15041,0,-99.0,no,cgls142,LS-BWD-142,15041 bulk 125-250 um,none,,,,,,,,"RELAB specimen: 15041 bulk 125-250 um; RELAB description: Mare, Bulk; Collection: Apollo 15 site, Station 8, Moon; Specimen type: Returned Lunar Sample; Material origin: Natural; Material type: Unconsolidated Mixture; Material subtypes: Particulate; Parent source: atlas_sample_id",subsample_or_fraction,yes,https://www.lpi.usra.edu/lunar/samples/atlas/detail/?mission=Apollo%2015&sample=15041,
297,15041,0,-99.0,no,cgls143,LS-BWD-143,15041 agglutinates 125-250 um (hand-picked),none,,,,,,,"Mare, Agglutinate","RELAB specimen: 15041 agglutinates 125-250 um (hand-picked); RELAB description: Mare, Agglutinate; Collection: Apollo 15 site, Station 8, Moon; Specimen type: Returned Lunar Sample; Material origin: Natural; Material type: Unconsolidated Mixture; Material subtypes: Particulate; Parent source: atlas_sample_id",subsample_or_fraction,yes,https://www.lpi.usra.edu/lunar/samples/atlas/detail/?mission=Apollo%2015&sample=15041,
298,15041,0,-99.0,no,cgls158,LS-BWD-158,15041 low-agglutinate remnant 125-250 um,none,,,,,,,15041 low-agglutinate remnant 125-250 um,"RELAB specimen: 15041 low-agglutinate remnant 125-250 um; RELAB description: Remnant after agglutinates removed from Apollo 15 mare soil; Collection: Apollo 15 site, Station 8, Moon; Specimen type: Returned Lunar Sample; Material origin: Natural; Material type: Unconsolidated Mixture; Material subtypes: Particulate; Parent source: atlas_sample_id",subsample_or_fraction,yes,https://www.lpi.usra.edu/lunar/samples/atlas/detail/?mission=Apollo%2015&sample=15041,
299,15041,0,-99.0,no,cgls161,LS-BWD-161,15041 agglutinates 125-250 um (magnetically-separated),none,,,,,,,,"RELAB specimen: 15041 agglutinates 125-250 um (magnetically-separated); RELAB description: Agglutinates from Apollo 15 highland soil; Collection: Apollo 15 site, Station 8, Moon; Specimen type: Returned Lunar Sample; Material origin: Natural; Material type: Unconsolidated Mixture; Material subtypes: Particulate; Parent source: atlas_sample_id",subsample_or_fraction,yes,https://www.lpi.usra.edu/lunar/samples/atlas/detail/?mission=Apollo%2015&sample=15041,
300,15041,0,-99.0,no,chls142,LS-BWD-142,15041 bulk 125-250 um,none,,,,,,,,"RELAB specimen: 15041 bulk 125-250 um; RELAB description: Mare, Bulk; Collection: Apollo 15 site, Station 8, Moon; Specimen type: Returned Lunar Sample; Material origin: Natural; Material type: Unconsolidated Mixture; Material subtypes: Particulate; Parent source: atlas_sample_id",subsample_or_fraction,yes,https://www.lpi.usra.edu/lunar/samples/atlas/detail/?mission=Apollo%2015&sample=15041,
301,15041,0,-99.0,no,chls143,LS-BWD-143,15041 agglutinates 125-250 um (hand-picked),none,,,,,,,"Mare, Agglutinate","RELAB specimen: 15041 agglutinates 125-250 um (hand-picked); RELAB description: Mare, Agglutinate; Collection: Apollo 15 site, Station 8, Moon; Specimen type: Returned Lunar Sample; Material origin: Natural; Material type: Unconsolidated Mixture; Material subtypes: Particulate; Parent source: atlas_sample_id",subsample_or_fraction,yes,https://www.lpi.usra.edu/lunar/samples/atlas/detail/?mission=Apollo%2015&sample=15041,
302,15041,0,-99.0,no,chls158,LS-BWD-158,15041 low-agglutinate remnant 125-250 um,none,,,,,,,15041 low-agglutinate remnant 125-250 um,"RELAB specimen: 15041 low-agglutinate remnant 125-250 um; RELAB description: Remnant after agglutinates removed from Apollo 15 mare soil; Collection: Apollo 15 site, Station 8, Moon; Specimen type: Returned Lunar Sample; Material origin: Natural; Material type: Unconsolidated Mixture; Material subtypes: Particulate; Parent source: atlas_sample_id",subsample_or_fraction,yes,https://www.lpi.usra.edu/lunar/samples/atlas/detail/?mission=Apollo%2015&sample=15041,
303,15041,0,-99.0,no,chls161,LS-BWD-161,15041 agglutinates 125-250 um (magnetically-separated),none,,,,,,,,"RELAB specimen: 15041 agglutinates 125-250 um (magnetically-separated); RELAB description: Agglutinates from Apollo 15 highland soil; Collection: Apollo 15 site, Station 8, Moon; Specimen type: Returned Lunar Sample; Material origin: Natural; Material type: Unconsolidated Mixture; Material subtypes: Particulate; Parent source: atlas_sample_id",subsample_or_fraction,yes,https://www.lpi.usra.edu/lunar/samples/atlas/detail/?mission=Apollo%2015&sample=15041,
304,15041,0,-99.0,no,cils142,LS-BWD-142,15041 bulk 125-250 um,none,,,,,,,,"RELAB specimen: 15041 bulk 125-250 um; RELAB description: Mare, Bulk; Collection: Apollo 15 site, Station 8, Moon; Specimen type: Returned Lunar Sample; Material origin: Natural; Material type: Unconsolidated Mixture; Material subtypes: Particulate; Parent source: atlas_sample_id",subsample_or_fraction,yes,https://www.lpi.usra.edu/lunar/samples/atlas/detail/?mission=Apollo%2015&sample=15041,
305,15041,0,-99.0,no,cils143,LS-BWD-143,15041 agglutinates 125-250 um (hand-picked),none,,,,,,,"Mare, Agglutinate","RELAB specimen: 15041 agglutinates 125-250 um (hand-picked); RELAB description: Mare, Agglutinate; Collection: Apollo 15 site, Station 8, Moon; Specimen type: Returned Lunar Sample; Material origin: Natural; Material type: Unconsolidated Mixture; Material subtypes: Particulate; Parent source: atlas_sample_id",subsample_or_fraction,yes,https://www.lpi.usra.edu/lunar/samples/atlas/detail/?mission=Apollo%2015&sample=15041,
306,15041,0,-99.0,no,cils158,LS-BWD-158,15041 low-agglutinate remnant 125-250 um,none,,,,,,,15041 low-agglutinate remnant 125-250 um,"RELAB specimen: 15041 low-agglutinate remnant 125-250 um; RELAB description: Remnant after agglutinates removed from Apollo 15 mare soil; Collection: Apollo 15 site, Station 8, Moon; Specimen type: Returned Lunar Sample; Material origin: Natural; Material type: Unconsolidated Mixture; Material subtypes: Particulate; Parent source: atlas_sample_id",subsample_or_fraction,yes,https://www.lpi.usra.edu/lunar/samples/atlas/detail/?mission=Apollo%2015&sample=15041,
307,15041,0,-99.0,no,cils161,LS-BWD-161,15041 agglutinates 125-250 um (magnetically-separated),none,,,,,,,,"RELAB specimen: 15041 agglutinates 125-250 um (magnetically-separated); RELAB description: Agglutinates from Apollo 15 highland soil; Collection: Apollo 15 site, Station 8, Moon; Specimen type: Returned Lunar Sample; Material origin: Natural; Material type: Unconsolidated Mixture; Material subtypes: Particulate; Parent source: atlas_sample_id",subsample_or_fraction,yes,https://www.lpi.usra.edu/lunar/samples/atlas/detail/?mission=Apollo%2015&sample=15041,
308,15041,0,-99.0,no,cjls142,LS-BWD-142,15041 bulk 125-250 um,none,,,,,,,,"RELAB specimen: 15041 bulk 125-250 um; RELAB description: Mare, Bulk; Collection: Apollo 15 site, Station 8, Moon; Specimen type: Returned Lunar Sample; Material origin: Natural; Material type: Unconsolidated Mixture; Material subtypes: Particulate; Parent source: atlas_sample_id",subsample_or_fraction,yes,https://www.lpi.usra.edu/lunar/samples/atlas/detail/?mission=Apollo%2015&sample=15041,
309,15041,0,-99.0,no,cjls143,LS-BWD-143,15041 agglutinates 125-250 um (hand-picked),none,,,,,,,"Mare, Agglutinate","RELAB specimen: 15041 agglutinates 125-250 um (hand-picked); RELAB description: Mare, Agglutinate; Collection: Apollo 15 site, Station 8, Moon; Specimen type: Returned Lunar Sample; Material origin: Natural; Material type: Unconsolidated Mixture; Material subtypes: Particulate; Parent source: atlas_sample_id",subsample_or_fraction,yes,https://www.lpi.usra.edu/lunar/samples/atlas/detail/?mission=Apollo%2015&sample=15041,
310,15041,0,-99.0,no,cjls158,LS-BWD-158,15041 low-agglutinate remnant 125-250 um,none,,,,,,,15041 low-agglutinate remnant 125-250 um,"RELAB specimen: 15041 low-agglutinate remnant 125-250 um; RELAB description: Remnant after agglutinates removed from Apollo 15 mare soil; Collection: Apollo 15 site, Station 8, Moon; Specimen type: Returned Lunar Sample; Material origin: Natural; Material type: Unconsolidated Mixture; Material subtypes: Particulate; Parent source: atlas_sample_id",subsample_or_fraction,yes,https://www.lpi.usra.edu/lunar/samples/atlas/detail/?mission=Apollo%2015&sample=15041,
311,15041,0,-99.0,no,cjls161,LS-BWD-161,15041 agglutinates 125-250 um (magnetically-separated),none,,,,,,,,"RELAB specimen: 15041 agglutinates 125-250 um (magnetically-separated); RELAB description: Agglutinates from Apollo 15 highland soil; Collection: Apollo 15 site, Station 8, Moon; Specimen type: Returned Lunar Sample; Material origin: Natural; Material type: Unconsolidated Mixture; Material subtypes: Particulate; Parent source: atlas_sample_id",subsample_or_fraction,yes,https://www.lpi.usra.edu/lunar/samples/atlas/detail/?mission=Apollo%2015&sample=15041,
312,15041,0,-99.0,no,ckls142,LS-BWD-142,15041 bulk 125-250 um,none,,,,,,,,"RELAB specimen: 15041 bulk 125-250 um; RELAB description: Mare, Bulk; Collection: Apollo 15 site, Station 8, Moon; Specimen type: Returned Lunar Sample; Material origin: Natural; Material type: Unconsolidated Mixture; Material subtypes: Particulate; Parent source: atlas_sample_id",subsample_or_fraction,yes,https://www.lpi.usra.edu/lunar/samples/atlas/detail/?mission=Apollo%2015&sample=15041,
313,15041,0,-99.0,no,ckls143,LS-BWD-143,15041 agglutinates 125-250 um (hand-picked),none,,,,,,,"Mare, Agglutinate","RELAB specimen: 15041 agglutinates 125-250 um (hand-picked); RELAB description: Mare, Agglutinate; Collection: Apollo 15 site, Station 8, Moon; Specimen type: Returned Lunar Sample; Material origin: Natural; Material type: Unconsolidated Mixture; Material subtypes: Particulate; Parent source: atlas_sample_id",subsample_or_fraction,yes,https://www.lpi.usra.edu/lunar/samples/atlas/detail/?mission=Apollo%2015&sample=15041,
314,15041,0,-99.0,no,csls158,LS-BWD-158,15041 low-agglutinate remnant 125-250 um,none,,,,,,,15041 low-agglutinate remnant 125-250 um,"RELAB specimen: 15041 low-agglutinate remnant 125-250 um; RELAB description: Remnant after agglutinates removed from Apollo 15 mare soil; Collection: Apollo 15 site, Station 8, Moon; Specimen type: Returned Lunar Sample; Material origin: Natural; Material type: Unconsolidated Mixture; Material subtypes: Particulate; Parent source: atlas_sample_id",subsample_or_fraction,yes,https://www.lpi.usra.edu/lunar/samples/atlas/detail/?mission=Apollo%2015&sample=15041,
315,15041,0,-99.0,no,csls161,LS-BWD-161,15041 agglutinates 125-250 um (magnetically-separated),none,,,,,,,,"RELAB specimen: 15041 agglutinates 125-250 um (magnetically-separated); RELAB description: Agglutinates from Apollo 15 highland soil; Collection: Apollo 15 site, Station 8, Moon; Specimen type: Returned Lunar Sample; Material origin: Natural; Material type: Unconsolidated Mixture; Material subtypes: Particulate; Parent source: atlas_sample_id",subsample_or_fraction,yes,https://www.lpi.usra.edu/lunar/samples/atlas/detail/?mission=Apollo%2015&sample=15041,
316,15041,0,-99.0,no,k1ls142,LS-BWD-142,15041 bulk 125-250 um,none,,,,,,,,"RELAB specimen: 15041 bulk 125-250 um; RELAB description: Mare, Bulk; Collection: Apollo 15 site, Station 8, Moon; Specimen type: Returned Lunar Sample; Material origin: Natural; Material type: Unconsolidated Mixture; Material subtypes: Particulate; Parent source: atlas_sample_id",subsample_or_fraction,yes,https://www.lpi.usra.edu/lunar/samples/atlas/detail/?mission=Apollo%2015&sample=15041,
317,15041,0,-99.0,no,k1ls143,LS-BWD-143,15041 agglutinates 125-250 um (hand-picked),none,,,,,,,"Mare, Agglutinate","RELAB specimen: 15041 agglutinates 125-250 um (hand-picked); RELAB description: Mare, Agglutinate; Collection: Apollo 15 site, Station 8, Moon; Specimen type: Returned Lunar Sample; Material origin: Natural; Material type: Unconsolidated Mixture; Material subtypes: Particulate; Parent source: atlas_sample_id",subsample_or_fraction,yes,https://www.lpi.usra.edu/lunar/samples/atlas/detail/?mission=Apollo%2015&sample=15041,
318,15041,0,-99.0,no,kals142,LS-BWD-142,15041 bulk 125-250 um,none,,,,,,,,"RELAB specimen: 15041 bulk 125-250 um; RELAB description: Mare, Bulk; Collection: Apollo 15 site, Station 8, Moon; Specimen type: Returned Lunar Sample; Material origin: Natural; Material type: Unconsolidated Mixture; Material subtypes: Particulate; Parent source: atlas_sample_id",subsample_or_fraction,yes,https://www.lpi.usra.edu/lunar/samples/atlas/detail/?mission=Apollo%2015&sample=15041,
319,15041,0,-99.0,no,kals143,LS-BWD-143,15041 agglutinates 125-250 um (hand-picked),none,,,,,,,"Mare, Agglutinate","RELAB specimen: 15041 agglutinates 125-250 um (hand-picked); RELAB description: Mare, Agglutinate; Collection: Apollo 15 site, Station 8, Moon; Specimen type: Returned Lunar Sample; Material origin: Natural; Material type: Unconsolidated Mixture; Material subtypes: Particulate; Parent source: atlas_sample_id",subsample_or_fraction,yes,https://www.lpi.usra.edu/lunar/samples/atlas/detail/?mission=Apollo%2015&sample=15041,
320,15041,0,-99.0,no,kals158,LS-BWD-158,15041 low-agglutinate remnant 125-250 um,none,,,,,,,15041 low-agglutinate remnant 125-250 um,"RELAB specimen: 15041 low-agglutinate remnant 125-250 um; RELAB description: Remnant after agglutinates removed from Apollo 15 mare soil; Collection: Apollo 15 site, Station 8, Moon; Specimen type: Returned Lunar Sample; Material origin: Natural; Material type: Unconsolidated Mixture; Material subtypes: Particulate; Parent source: atlas_sample_id",subsample_or_fraction,yes,https://www.lpi.usra.edu/lunar/samples/atlas/detail/?mission=Apollo%2015&sample=15041,
321,15041,0,-99.0,no,kals161,LS-BWD-161,15041 agglutinates 125-250 um (magnetically-separated),none,,,,,,,,"RELAB specimen: 15041 agglutinates 125-250 um (magnetically-separated); RELAB description: Agglutinates from Apollo 15 highland soil; Collection: Apollo 15 site, Station 8, Moon; Specimen type: Returned Lunar Sample; Material origin: Natural; Material type: Unconsolidated Mixture; Material subtypes: Particulate; Parent source: atlas_sample_id",subsample_or_fraction,yes,https://www.lpi.usra.edu/lunar/samples/atlas/detail/?mission=Apollo%2015&sample=15041,
322,15041,0,-99.0,no,kbls142,LS-BWD-142,15041 bulk 125-250 um,none,,,,,,,,"RELAB specimen: 15041 bulk 125-250 um; RELAB description: Mare, Bulk; Collection: Apollo 15 site, Station 8, Moon; Specimen type: Returned Lunar Sample; Material origin: Natural; Material type: Unconsolidated Mixture; Material subtypes: Particulate; Parent source: atlas_sample_id",subsample_or_fraction,yes,https://www.lpi.usra.edu/lunar/samples/atlas/detail/?mission=Apollo%2015&sample=15041,
323,15041,0,-99.0,no,kbls143,LS-BWD-143,15041 agglutinates 125-250 um (hand-picked),none,,,,,,,"Mare, Agglutinate","RELAB specimen: 15041 agglutinates 125-250 um (hand-picked); RELAB description: Mare, Agglutinate; Collection: Apollo 15 site, Station 8, Moon; Specimen type: Returned Lunar Sample; Material origin: Natural; Material type: Unconsolidated Mixture; Material subtypes: Particulate; Parent source: atlas_sample_id",subsample_or_fraction,yes,https://www.lpi.usra.edu/lunar/samples/atlas/detail/?mission=Apollo%2015&sample=15041,
324,15041,0,-99.0,no,kbls158,LS-BWD-158,15041 low-agglutinate remnant 125-250 um,none,,,,,,,15041 low-agglutinate remnant 125-250 um,"RELAB specimen: 15041 low-agglutinate remnant 125-250 um; RELAB description: Remnant after agglutinates removed from Apollo 15 mare soil; Collection: Apollo 15 site, Station 8, Moon; Specimen type: Returned Lunar Sample; Material origin: Natural; Material type: Unconsolidated Mixture; Material subtypes: Particulate; Parent source: atlas_sample_id",subsample_or_fraction,yes,https://www.lpi.usra.edu/lunar/samples/atlas/detail/?mission=Apollo%2015&sample=15041,
325,15041,0,-99.0,no,kbls161,LS-BWD-161,15041 agglutinates 125-250 um (magnetically-separated),none,,,,,,,,"RELAB specimen: 15041 agglutinates 125-250 um (magnetically-separated); RELAB description: Agglutinates from Apollo 15 highland soil; Collection: Apollo 15 site, Station 8, Moon; Specimen type: Returned Lunar Sample; Material origin: Natural; Material type: Unconsolidated Mixture; Material subtypes: Particulate; Parent source: atlas_sample_id",subsample_or_fraction,yes,https://www.lpi.usra.edu/lunar/samples/atlas/detail/?mission=Apollo%2015&sample=15041,
326,15041,0,-99.0,no,kcls142,LS-BWD-142,15041 bulk 125-250 um,none,,,,,,,,"RELAB specimen: 15041 bulk 125-250 um; RELAB description: Mare, Bulk; Collection: Apollo 15 site, Station 8, Moon; Specimen type: Returned Lunar Sample; Material origin: Natural; Material type: Unconsolidated Mixture; Material subtypes: Particulate; Parent source: atlas_sample_id",subsample_or_fraction,yes,https://www.lpi.usra.edu/lunar/samples/atlas/detail/?mission=Apollo%2015&sample=15041,
327,15041,0,-99.0,no,kcls143,LS-BWD-143,15041 agglutinates 125-250 um (hand-picked),none,,,,,,,"Mare, Agglutinate","RELAB specimen: 15041 agglutinates 125-250 um (hand-picked); RELAB description: Mare, Agglutinate; Collection: Apollo 15 site, Station 8, Moon; Specimen type: Returned Lunar Sample; Material origin: Natural; Material type: Unconsolidated Mixture; Material subtypes: Particulate; Parent source: atlas_sample_id",subsample_or_fraction,yes,https://www.lpi.usra.edu/lunar/samples/atlas/detail/?mission=Apollo%2015&sample=15041,
328,15041,0,-99.0,no,kcls158,LS-BWD-158,15041 low-agglutinate remnant 125-250 um,none,,,,,,,15041 low-agglutinate remnant 125-250 um,"RELAB specimen: 15041 low-agglutinate remnant 125-250 um; RELAB description: Remnant after agglutinates removed from Apollo 15 mare soil; Collection: Apollo 15 site, Station 8, Moon; Specimen type: Returned Lunar Sample; Material origin: Natural; Material type: Unconsolidated Mixture; Material subtypes: Particulate; Parent source: atlas_sample_id",subsample_or_fraction,yes,https://www.lpi.usra.edu/lunar/samples/atlas/detail/?mission=Apollo%2015&sample=15041,
329,15041,0,-99.0,no,kcls161,LS-BWD-161,15041 agglutinates 125-250 um (magnetically-separated),none,,,,,,,,"RELAB specimen: 15041 agglutinates 125-250 um (magnetically-separated); RELAB description: Agglutinates from Apollo 15 highland soil; Collection: Apollo 15 site, Station 8, Moon; Specimen type: Returned Lunar Sample; Material origin: Natural; Material type: Unconsolidated Mixture; Material subtypes: Particulate; Parent source: atlas_sample_id",subsample_or_fraction,yes,https://www.lpi.usra.edu/lunar/samples/atlas/detail/?mission=Apollo%2015&sample=15041,
330,15041,0,-99.0,no,kdls142,LS-BWD-142,15041 bulk 125-250 um,none,,,,,,,,"RELAB specimen: 15041 bulk 125-250 um; RELAB description: Mare, Bulk; Collection: Apollo 15 site, Station 8, Moon; Specimen type: Returned Lunar Sample; Material origin: Natural; Material type: Unconsolidated Mixture; Material subtypes: Particulate; Parent source: atlas_sample_id",subsample_or_fraction,yes,https://www.lpi.usra.edu/lunar/samples/atlas/detail/?mission=Apollo%2015&sample=15041,
331,15041,0,-99.0,no,kdls143,LS-BWD-143,15041 agglutinates 125-250 um (hand-picked),none,,,,,,,"Mare, Agglutinate","RELAB specimen: 15041 agglutinates 125-250 um (hand-picked); RELAB description: Mare, Agglutinate; Collection: Apollo 15 site, Station 8, Moon; Specimen type: Returned Lunar Sample; Material origin: Natural; Material type: Unconsolidated Mixture; Material subtypes: Particulate; Parent source: atlas_sample_id",subsample_or_fraction,yes,https://www.lpi.usra.edu/lunar/samples/atlas/detail/?mission=Apollo%2015&sample=15041,
332,15041,0,-99.0,no,kdls158,LS-BWD-158,15041 low-agglutinate remnant 125-250 um,none,,,,,,,15041 low-agglutinate remnant 125-250 um,"RELAB specimen: 15041 low-agglutinate remnant 125-250 um; RELAB description: Remnant after agglutinates removed from Apollo 15 mare soil; Collection: Apollo 15 site, Station 8, Moon; Specimen type: Returned Lunar Sample; Material origin: Natural; Material type: Unconsolidated Mixture; Material subtypes: Particulate; Parent source: atlas_sample_id",subsample_or_fraction,yes,https://www.lpi.usra.edu/lunar/samples/atlas/detail/?mission=Apollo%2015&sample=15041,
333,15041,0,-99.0,no,kdls161,LS-BWD-161,15041 agglutinates 125-250 um (magnetically-separated),none,,,,,,,,"RELAB specimen: 15041 agglutinates 125-250 um (magnetically-separated); RELAB description: Agglutinates from Apollo 15 highland soil; Collection: Apollo 15 site, Station 8, Moon; Specimen type: Returned Lunar Sample; Material origin: Natural; Material type: Unconsolidated Mixture; Material subtypes: Particulate; Parent source: atlas_sample_id",subsample_or_fraction,yes,https://www.lpi.usra.edu/lunar/samples/atlas/detail/?mission=Apollo%2015&sample=15041,
334,15041,0,-99.0,no,kels142,LS-BWD-142,15041 bulk 125-250 um,none,,,,,,,,"RELAB specimen: 15041 bulk 125-250 um; RELAB description: Mare, Bulk; Collection: Apollo 15 site, Station 8, Moon; Specimen type: Returned Lunar Sample; Material origin: Natural; Material type: Unconsolidated Mixture; Material subtypes: Particulate; Parent source: atlas_sample_id",subsample_or_fraction,yes,https://www.lpi.usra.edu/lunar/samples/atlas/detail/?mission=Apollo%2015&sample=15041,
335,15041,0,-99.0,no,kels143,LS-BWD-143,15041 agglutinates 125-250 um (hand-picked),none,,,,,,,"Mare, Agglutinate","RELAB specimen: 15041 agglutinates 125-250 um (hand-picked); RELAB description: Mare, Agglutinate; Collection: Apollo 15 site, Station 8, Moon; Specimen type: Returned Lunar Sample; Material origin: Natural; Material type: Unconsolidated Mixture; Material subtypes: Particulate; Parent source: atlas_sample_id",subsample_or_fraction,yes,https://www.lpi.usra.edu/lunar/samples/atlas/detail/?mission=Apollo%2015&sample=15041,
336,15041,0,-99.0,no,kels158,LS-BWD-158,15041 low-agglutinate remnant 125-250 um,none,,,,,,,15041 low-agglutinate remnant 125-250 um,"RELAB specimen: 15041 low-agglutinate remnant 125-250 um; RELAB description: Remnant after agglutinates removed from Apollo 15 mare soil; Collection: Apollo 15 site, Station 8, Moon; Specimen type: Returned Lunar Sample; Material origin: Natural; Material type: Unconsolidated Mixture; Material subtypes: Particulate; Parent source: atlas_sample_id",subsample_or_fraction,yes,https://www.lpi.usra.edu/lunar/samples/atlas/detail/?mission=Apollo%2015&sample=15041,
337,15041,0,-99.0,no,kels161,LS-BWD-161,15041 agglutinates 125-250 um (magnetically-separated),none,,,,,,,,"RELAB specimen: 15041 agglutinates 125-250 um (magnetically-separated); RELAB description: Agglutinates from Apollo 15 highland soil; Collection: Apollo 15 site, Station 8, Moon; Specimen type: Returned Lunar Sample; Material origin: Natural; Material type: Unconsolidated Mixture; Material subtypes: Particulate; Parent source: atlas_sample_id",subsample_or_fraction,yes,https://www.lpi.usra.edu/lunar/samples/atlas/detail/?mission=Apollo%2015&sample=15041,
338,15041,0,-99.0,no,kfls142,LS-BWD-142,15041 bulk 125-250 um,none,,,,,,,,"RELAB specimen: 15041 bulk 125-250 um; RELAB description: Mare, Bulk; Collection: Apollo 15 site, Station 8, Moon; Specimen type: Returned Lunar Sample; Material origin: Natural; Material type: Unconsolidated Mixture; Material subtypes: Particulate; Parent source: atlas_sample_id",subsample_or_fraction,yes,https://www.lpi.usra.edu/lunar/samples/atlas/detail/?mission=Apollo%2015&sample=15041,
339,15041,0,-99.0,no,kfls143,LS-BWD-143,15041 agglutinates 125-250 um (hand-picked),none,,,,,,,"Mare, Agglutinate","RELAB specimen: 15041 agglutinates 125-250 um (hand-picked); RELAB description: Mare, Agglutinate; Collection: Apollo 15 site, Station 8, Moon; Specimen type: Returned Lunar Sample; Material origin: Natural; Material type: Unconsolidated Mixture; Material subtypes: Particulate; Parent source: atlas_sample_id",subsample_or_fraction,yes,https://www.lpi.usra.edu/lunar/samples/atlas/detail/?mission=Apollo%2015&sample=15041,
340,15041,0,-99.0,no,kfls158,LS-BWD-158,15041 low-agglutinate remnant 125-250 um,none,,,,,,,15041 low-agglutinate remnant 125-250 um,"RELAB specimen: 15041 low-agglutinate remnant 125-250 um; RELAB description: Remnant after agglutinates removed from Apollo 15 mare soil; Collection: Apollo 15 site, Station 8, Moon; Specimen type: Returned Lunar Sample; Material origin: Natural; Material type: Unconsolidated Mixture; Material subtypes: Particulate; Parent source: atlas_sample_id",subsample_or_fraction,yes,https://www.lpi.usra.edu/lunar/samples/atlas/detail/?mission=Apollo%2015&sample=15041,
341,15041,0,-99.0,no,kfls161,LS-BWD-161,15041 agglutinates 125-250 um (magnetically-separated),none,,,,,,,,"RELAB specimen: 15041 agglutinates 125-250 um (magnetically-separated); RELAB description: Agglutinates from Apollo 15 highland soil; Collection: Apollo 15 site, Station 8, Moon; Specimen type: Returned Lunar Sample; Material origin: Natural; Material type: Unconsolidated Mixture; Material subtypes: Particulate; Parent source: atlas_sample_id",subsample_or_fraction,yes,https://www.lpi.usra.edu/lunar/samples/atlas/detail/?mission=Apollo%2015&sample=15041,
342,15041,0,-99.0,no,kgls142,LS-BWD-142,15041 bulk 125-250 um,none,,,,,,,,"RELAB specimen: 15041 bulk 125-250 um; RELAB description: Mare, Bulk; Collection: Apollo 15 site, Station 8, Moon; Specimen type: Returned Lunar Sample; Material origin: Natural; Material type: Unconsolidated Mixture; Material subtypes: Particulate; Parent source: atlas_sample_id",subsample_or_fraction,yes,https://www.lpi.usra.edu/lunar/samples/atlas/detail/?mission=Apollo%2015&sample=15041,
343,15041,0,-99.0,no,kgls143,LS-BWD-143,15041 agglutinates 125-250 um (hand-picked),none,,,,,,,"Mare, Agglutinate","RELAB specimen: 15041 agglutinates 125-250 um (hand-picked); RELAB description: Mare, Agglutinate; Collection: Apollo 15 site, Station 8, Moon; Specimen type: Returned Lunar Sample; Material origin: Natural; Material type: Unconsolidated Mixture; Material subtypes: Particulate; Parent source: atlas_sample_id",subsample_or_fraction,yes,https://www.lpi.usra.edu/lunar/samples/atlas/detail/?mission=Apollo%2015&sample=15041,
344,15041,0,-99.0,no,kgls158,LS-BWD-158,15041 low-agglutinate remnant 125-250 um,none,,,,,,,15041 low-agglutinate remnant 125-250 um,"RELAB specimen: 15041 low-agglutinate remnant 125-250 um; RELAB description: Remnant after agglutinates removed from Apollo 15 mare soil; Collection: Apollo 15 site, Station 8, Moon; Specimen type: Returned Lunar Sample; Material origin: Natural; Material type: Unconsolidated Mixture; Material subtypes: Particulate; Parent source: atlas_sample_id",subsample_or_fraction,yes,https://www.lpi.usra.edu/lunar/samples/atlas/detail/?mission=Apollo%2015&sample=15041,
345,15041,0,-99.0,no,kgls161,LS-BWD-161,15041 agglutinates 125-250 um (magnetically-separated),none,,,,,,,,"RELAB specimen: 15041 agglutinates 125-250 um (magnetically-separated); RELAB description: Agglutinates from Apollo 15 highland soil; Collection: Apollo 15 site, Station 8, Moon; Specimen type: Returned Lunar Sample; Material origin: Natural; Material type: Unconsolidated Mixture; Material subtypes: Particulate; Parent source: atlas_sample_id",subsample_or_fraction,yes,https://www.lpi.usra.edu/lunar/samples/atlas/detail/?mission=Apollo%2015&sample=15041,
346,15041,0,-99.0,no,khls142,LS-BWD-142,15041 bulk 125-250 um,none,,,,,,,,"RELAB specimen: 15041 bulk 125-250 um; RELAB description: Mare, Bulk; Collection: Apollo 15 site, Station 8, Moon; Specimen type: Returned Lunar Sample; Material origin: Natural; Material type: Unconsolidated Mixture; Material subtypes: Particulate; Parent source: atlas_sample_id",subsample_or_fraction,yes,https://www.lpi.usra.edu/lunar/samples/atlas/detail/?mission=Apollo%2015&sample=15041,
347,15041,0,-99.0,no,khls143,LS-BWD-143,15041 agglutinates 125-250 um (hand-picked),none,,,,,,,"Mare, Agglutinate","RELAB specimen: 15041 agglutinates 125-250 um (hand-picked); RELAB description: Mare, Agglutinate; Collection: Apollo 15 site, Station 8, Moon; Specimen type: Returned Lunar Sample; Material origin: Natural; Material type: Unconsolidated Mixture; Material subtypes: Particulate; Parent source: atlas_sample_id",subsample_or_fraction,yes,https://www.lpi.usra.edu/lunar/samples/atlas/detail/?mission=Apollo%2015&sample=15041,
348,15041,0,-99.0,no,khls158,LS-BWD-158,15041 low-agglutinate remnant 125-250 um,none,,,,,,,15041 low-agglutinate remnant 125-250 um,"RELAB specimen: 15041 low-agglutinate remnant 125-250 um; RELAB description: Remnant after agglutinates removed from Apollo 15 mare soil; Collection: Apollo 15 site, Station 8, Moon; Specimen type: Returned Lunar Sample; Material origin: Natural; Material type: Unconsolidated Mixture; Material subtypes: Particulate; Parent source: atlas_sample_id",subsample_or_fraction,yes,https://www.lpi.usra.edu/lunar/samples/atlas/detail/?mission=Apollo%2015&sample=15041,
349,15041,0,-99.0,no,khls161,LS-BWD-161,15041 agglutinates 125-250 um (magnetically-separated),none,,,,,,,,"RELAB specimen: 15041 agglutinates 125-250 um (magnetically-separated); RELAB description: Agglutinates from Apollo 15 highland soil; Collection: Apollo 15 site, Station 8, Moon; Specimen type: Returned Lunar Sample; Material origin: Natural; Material type: Unconsolidated Mixture; Material subtypes: Particulate; Parent source: atlas_sample_id",subsample_or_fraction,yes,https://www.lpi.usra.edu/lunar/samples/atlas/detail/?mission=Apollo%2015&sample=15041,
350,15041,0,-99.0,no,kils142,LS-BWD-142,15041 bulk 125-250 um,none,,,,,,,,"RELAB specimen: 15041 bulk 125-250 um; RELAB description: Mare, Bulk; Collection: Apollo 15 site, Station 8, Moon; Specimen type: Returned Lunar Sample; Material origin: Natural; Material type: Unconsolidated Mixture; Material subtypes: Particulate; Parent source: atlas_sample_id",subsample_or_fraction,yes,https://www.lpi.usra.edu/lunar/samples/atlas/detail/?mission=Apollo%2015&sample=15041,
351,15041,0,-99.0,no,kils143,LS-BWD-143,15041 agglutinates 125-250 um (hand-picked),none,,,,,,,"Mare, Agglutinate","RELAB specimen: 15041 agglutinates 125-250 um (hand-picked); RELAB description: Mare, Agglutinate; Collection: Apollo 15 site, Station 8, Moon; Specimen type: Returned Lunar Sample; Material origin: Natural; Material type: Unconsolidated Mixture; Material subtypes: Particulate; Parent source: atlas_sample_id",subsample_or_fraction,yes,https://www.lpi.usra.edu/lunar/samples/atlas/detail/?mission=Apollo%2015&sample=15041,
352,15041,0,-99.0,no,kils158,LS-BWD-158,15041 low-agglutinate remnant 125-250 um,none,,,,,,,15041 low-agglutinate remnant 125-250 um,"RELAB specimen: 15041 low-agglutinate remnant 125-250 um; RELAB description: Remnant after agglutinates removed from Apollo 15 mare soil; Collection: Apollo 15 site, Station 8, Moon; Specimen type: Returned Lunar Sample; Material origin: Natural; Material type: Unconsolidated Mixture; Material subtypes: Particulate; Parent source: atlas_sample_id",subsample_or_fraction,yes,https://www.lpi.usra.edu/lunar/samples/atlas/detail/?mission=Apollo%2015&sample=15041,
353,15041,0,-99.0,no,kils161,LS-BWD-161,15041 agglutinates 125-250 um (magnetically-separated),none,,,,,,,,"RELAB specimen: 15041 agglutinates 125-250 um (magnetically-separated); RELAB description: Agglutinates from Apollo 15 highland soil; Collection: Apollo 15 site, Station 8, Moon; Specimen type: Returned Lunar Sample; Material origin: Natural; Material type: Unconsolidated Mixture; Material subtypes: Particulate; Parent source: atlas_sample_id",subsample_or_fraction,yes,https://www.lpi.usra.edu/lunar/samples/atlas/detail/?mission=Apollo%2015&sample=15041,
354,15041,0,-99.0,no,kjls142,LS-BWD-142,15041 bulk 125-250 um,none,,,,,,,,"RELAB specimen: 15041 bulk 125-250 um; RELAB description: Mare, Bulk; Collection: Apollo 15 site, Station 8, Moon; Specimen type: Returned Lunar Sample; Material origin: Natural; Material type: Unconsolidated Mixture; Material subtypes: Particulate; Parent source: atlas_sample_id",subsample_or_fraction,yes,https://www.lpi.usra.edu/lunar/samples/atlas/detail/?mission=Apollo%2015&sample=15041,
355,15041,0,-99.0,no,kjls143,LS-BWD-143,15041 agglutinates 125-250 um (hand-picked),none,,,,,,,"Mare, Agglutinate","RELAB specimen: 15041 agglutinates 125-250 um (hand-picked); RELAB description: Mare, Agglutinate; Collection: Apollo 15 site, Station 8, Moon; Specimen type: Returned Lunar Sample; Material origin: Natural; Material type: Unconsolidated Mixture; Material subtypes: Particulate; Parent source: atlas_sample_id",subsample_or_fraction,yes,https://www.lpi.usra.edu/lunar/samples/atlas/detail/?mission=Apollo%2015&sample=15041,
356,15041,0,-99.0,no,kjls158,LS-BWD-158,15041 low-agglutinate remnant 125-250 um,none,,,,,,,15041 low-agglutinate remnant 125-250 um,"RELAB specimen: 15041 low-agglutinate remnant 125-250 um; RELAB description: Remnant after agglutinates removed from Apollo 15 mare soil; Collection: Apollo 15 site, Station 8, Moon; Specimen type: Returned Lunar Sample; Material origin: Natural; Material type: Unconsolidated Mixture; Material subtypes: Particulate; Parent source: atlas_sample_id",subsample_or_fraction,yes,https://www.lpi.usra.edu/lunar/samples/atlas/detail/?mission=Apollo%2015&sample=15041,
357,15041,0,-99.0,no,kjls161,LS-BWD-161,15041 agglutinates 125-250 um (magnetically-separated),none,,,,,,,,"RELAB specimen: 15041 agglutinates 125-250 um (magnetically-separated); RELAB description: Agglutinates from Apollo 15 highland soil; Collection: Apollo 15 site, Station 8, Moon; Specimen type: Returned Lunar Sample; Material origin: Natural; Material type: Unconsolidated Mixture; Material subtypes: Particulate; Parent source: atlas_sample_id",subsample_or_fraction,yes,https://www.lpi.usra.edu/lunar/samples/atlas/detail/?mission=Apollo%2015&sample=15041,
358,15041,0,-99.0,no,kkls142,LS-BWD-142,15041 bulk 125-250 um,none,,,,,,,,"RELAB specimen: 15041 bulk 125-250 um; RELAB description: Mare, Bulk; Collection: Apollo 15 site, Station 8, Moon; Specimen type: Returned Lunar Sample; Material origin: Natural; Material type: Unconsolidated Mixture; Material subtypes: Particulate; Parent source: atlas_sample_id",subsample_or_fraction,yes,https://www.lpi.usra.edu/lunar/samples/atlas/detail/?mission=Apollo%2015&sample=15041,
359,15041,0,-99.0,no,kkls143,LS-BWD-143,15041 agglutinates 125-250 um (hand-picked),none,,,,,,,"Mare, Agglutinate","RELAB specimen: 15041 agglutinates 125-250 um (hand-picked); RELAB description: Mare, Agglutinate; Collection: Apollo 15 site, Station 8, Moon; Specimen type: Returned Lunar Sample; Material origin: Natural; Material type: Unconsolidated Mixture; Material subtypes: Particulate; Parent source: atlas_sample_id",subsample_or_fraction,yes,https://www.lpi.usra.edu/lunar/samples/atlas/detail/?mission=Apollo%2015&sample=15041,
360,15041,0,-99.0,no,ksls158,LS-BWD-158,15041 low-agglutinate remnant 125-250 um,none,,,,,,,15041 low-agglutinate remnant 125-250 um,"RELAB specimen: 15041 low-agglutinate remnant 125-250 um; RELAB description: Remnant after agglutinates removed from Apollo 15 mare soil; Collection: Apollo 15 site, Station 8, Moon; Specimen type: Returned Lunar Sample; Material origin: Natural; Material type: Unconsolidated Mixture; Material subtypes: Particulate; Parent source: atlas_sample_id",subsample_or_fraction,yes,https://www.lpi.usra.edu/lunar/samples/atlas/detail/?mission=Apollo%2015&sample=15041,
361,15041,0,-99.0,no,ksls161,LS-BWD-161,15041 agglutinates 125-250 um (magnetically-separated),none,,,,,,,,"RELAB specimen: 15041 agglutinates 125-250 um (magnetically-separated); RELAB description: Agglutinates from Apollo 15 highland soil; Collection: Apollo 15 site, Station 8, Moon; Specimen type: Returned Lunar Sample; Material origin: Natural; Material type: Unconsolidated Mixture; Material subtypes: Particulate; Parent source: atlas_sample_id",subsample_or_fraction,yes,https://www.lpi.usra.edu/lunar/samples/atlas/detail/?mission=Apollo%2015&sample=15041,
362,15041,210,-99.0,no,c1lr12,LR-CMP-012,"15041,210",none,,,,,,,,"RELAB specimen: 15041,210; RELAB description: Mare, , In a Nicolet dish.; Collection: Apollo 15 site, Moon; Specimen type: Returned Lunar Sample; Material origin: Natural; Material type: Unconsolidated Mixture; Material subtypes: Particulate|Dry-sieved|Mare; Parent source: atlas_sample_id",subsample_or_fraction,yes,https://www.lpi.usra.edu/lunar/samples/atlas/detail/?mission=Apollo%2015&sample=15041,
363,15041,210,-99.0,no,c2lr12,LR-CMP-012,"15041,210",none,,,,,,,,"RELAB specimen: 15041,210; RELAB description: Mare, , In a Nicolet dish.; Collection: Apollo 15 site, Moon; Specimen type: Returned Lunar Sample; Material origin: Natural; Material type: Unconsolidated Mixture; Material subtypes: Particulate|Dry-sieved|Mare; Parent source: atlas_sample_id",subsample_or_fraction,yes,https://www.lpi.usra.edu/lunar/samples/atlas/detail/?mission=Apollo%2015&sample=15041,
364,15041,210,-99.0,no,c3lr12,LR-CMP-012,"15041,210",none,,,,,,,,"RELAB specimen: 15041,210; RELAB description: Mare, , In a Nicolet dish.; Collection: Apollo 15 site, Moon; Specimen type: Returned Lunar Sample; Material origin: Natural; Material type: Unconsolidated Mixture; Material subtypes: Particulate|Dry-sieved|Mare; Parent source: atlas_sample_id",subsample_or_fraction,yes,https://www.lpi.usra.edu/lunar/samples/atlas/detail/?mission=Apollo%2015&sample=15041,
365,15041,211,-99.0,no,c1lr13,LR-CMP-013,"15041,211",none,,,,,,,,"RELAB specimen: 15041,211; RELAB description: Mare, , (C1) In a Nicolet dish.(C2) In a RELAB dish.; Collection: Apollo 15 site, Moon; Specimen type: Returned Lunar Sample; Material origin: Natural; Material type: Unconsolidated Mixture; Material subtypes: Particulate|Dry-sieved|Mare; Parent source: atlas_sample_id",subsample_or_fraction,yes,https://www.lpi.usra.edu/lunar/samples/atlas/detail/?mission=Apollo%2015&sample=15041,
366,15041,211,-99.0,no,c2lr13,LR-CMP-013,"15041,211",none,,,,,,,,"RELAB specimen: 15041,211; RELAB description: Mare, , (C1) In a Nicolet dish.(C2) In a RELAB dish.; Collection: Apollo 15 site, Moon; Specimen type: Returned Lunar Sample; Material origin: Natural; Material type: Unconsolidated Mixture; Material subtypes: Particulate|Dry-sieved|Mare; Parent source: atlas_sample_id",subsample_or_fraction,yes,https://www.lpi.usra.edu/lunar/samples/atlas/detail/?mission=Apollo%2015&sample=15041,
367,15041,211,-99.0,no,calr13,LR-CMP-013,"15041,211",none,,,,,,,,"RELAB specimen: 15041,211; RELAB description: Mare, , (C1) In a Nicolet dish.(C2) In a RELAB dish.; Collection: Apollo 15 site, Moon; Specimen type: Returned Lunar Sample; Material origin: Natural; Material type: Unconsolidated Mixture; Material subtypes: Particulate|Dry-sieved|Mare; Parent source: atlas_sample_id",subsample_or_fraction,yes,https://www.lpi.usra.edu/lunar/samples/atlas/detail/?mission=Apollo%2015&sample=15041,
368,15058,276,-99.0,no,bir1lr153,LR-CMP-153,"15058,276 bulk A 125-250 um",none,,,,,,basalt,,"RELAB specimen: 15058,276 bulk A 125-250 um; RELAB description: Basalt, Low-Ti Mare Basalt, Bulk rock separate (LRMCC); Collection: Apollo 15 site, Moon; Specimen type: Returned Lunar Sample; Material origin: Natural; Material type: Rock; Material subtypes: Particulate|Particulate Sorted; Atlas lithology: basalt; Parent source: atlas_sample_id",subsample_or_fraction,yes,https://www.lpi.usra.edu/lunar/samples/atlas/detail/?mission=Apollo%2015&sample=15058,
369,15058,276,-99.0,no,bir1lr172,LR-CMP-172,"15058,276 brown pyroxene",none,,,,,,basalt,,"RELAB specimen: 15058,276 brown pyroxene; RELAB description: Silicate (Ino), Pyroxene Clinopyroxene Augite , Mineral separate from Apollo 15 basalt (LRMCC); Collection: Apollo 15 site, Moon; Specimen type: Returned Lunar Sample; Material origin: Natural; Material type: Mineral; Material subtypes: Particulate|Particulate Ground Sorted; Atlas lithology: basalt; Parent source: atlas_sample_id",subsample_or_fraction,yes,https://www.lpi.usra.edu/lunar/samples/atlas/detail/?mission=Apollo%2015&sample=15058,
370,15058,276,-99.0,no,bir1lr173,LR-CMP-173,"15058,276 green pyroxene",none,,,,,,basalt,,"RELAB specimen: 15058,276 green pyroxene; RELAB description: Silicate (Ino), Pyroxene Orthopyroxene/Pigeonite, Mineral separate from Apollo 15 basalt (LRMCC); Collection: Apollo 15 site, Moon; Specimen type: Returned Lunar Sample; Material origin: Natural; Material type: Mineral; Material subtypes: Particulate|Particulate Ground Sorted; Atlas lithology: basalt; Parent source: atlas_sample_id",subsample_or_fraction,yes,https://www.lpi.usra.edu/lunar/samples/atlas/detail/?mission=Apollo%2015&sample=15058,
371,15058,276,-99.0,no,bir1lr174,LR-CMP-174,"15058,276 plagioclase",none,,,,,,basalt,,"RELAB specimen: 15058,276 plagioclase; RELAB description: Silicate (Tecto), Feldspar Plagioclase, Mineral separate from Apollo 15 basalt (LRMCC); Collection: Apollo 15 site, Moon; Specimen type: Returned Lunar Sample; Material origin: Natural; Material type: Mineral; Material subtypes: Particulate|Particulate Ground Sorted; Atlas lithology: basalt; Parent source: atlas_sample_id",subsample_or_fraction,yes,https://www.lpi.usra.edu/lunar/samples/atlas/detail/?mission=Apollo%2015&sample=15058,
372,15058,276,-99.0,no,bir1lr204,LR-CMP-204,"15058,276 bulk D <45 um",none,,,,,,basalt,,"RELAB specimen: 15058,276 bulk D <45 um; RELAB description: Basalt, Low-Ti Mare Basalt, Bulk rock separate (LRMCC); Collection: Apollo 15 site, Moon; Specimen type: Returned Lunar Sample; Material origin: Natural; Material type: Rock; Material subtypes: Particulate|Particulate Ground Sorted; Atlas lithology: basalt; Parent source: atlas_sample_id",subsample_or_fraction,yes,https://www.lpi.usra.edu/lunar/samples/atlas/detail/?mission=Apollo%2015&sample=15058,
373,15058,276,-99.0,no,bir1lr208,LR-CMP-208,"15058,276 brown pyroxene D <45 um",none,,,,,,basalt,,"RELAB specimen: 15058,276 brown pyroxene D <45 um; RELAB description: Silicate (Ino), Pyroxene Clinopyroxene Augite , Mineral separate from Apollo 15 basalt (LRMCC); Collection: Apollo 15 site, Moon; Specimen type: Returned Lunar Sample; Material origin: Natural; Material type: Mineral; Material subtypes: Particulate|Particulate Ground Sorted; Atlas lithology: basalt; Parent source: atlas_sample_id",subsample_or_fraction,yes,https://www.lpi.usra.edu/lunar/samples/atlas/detail/?mission=Apollo%2015&sample=15058,
374,15058,276,-99.0,no,bir1lr209,LR-CMP-209,"15058,276 green pyroxene D <45 um",none,,,,,,basalt,,"RELAB specimen: 15058,276 green pyroxene D <45 um; RELAB description: Silicate (Ino), Pyroxene Orthopyroxene/Pigeonite, Mineral separate from Apollo 15 basalt (LRMCC); Collection: Apollo 15 site, Moon; Specimen type: Returned Lunar Sample; Material origin: Natural; Material type: Mineral; Material subtypes: Particulate|Particulate Ground Sorted; Atlas lithology: basalt; Parent source: atlas_sample_id",subsample_or_fraction,yes,https://www.lpi.usra.edu/lunar/samples/atlas/detail/?mission=Apollo%2015&sample=15058,
375,15058,276,-99.0,no,bir1lr210,LR-CMP-210,"15058,276 plagioclase D <45 um",none,,,,,,basalt,,"RELAB specimen: 15058,276 plagioclase D <45 um; RELAB description: Silicate (Tecto), Feldspar Plagioclase, Mineral separate from Apollo 15 basalt (LRMCC); Collection: Apollo 15 site, Moon; Specimen type: Returned Lunar Sample; Material origin: Natural; Material type: Mineral; Material subtypes: Particulate|Particulate Ground Sorted; Atlas lithology: basalt; Parent source: atlas_sample_id",subsample_or_fraction,yes,https://www.lpi.usra.edu/lunar/samples/atlas/detail/?mission=Apollo%2015&sample=15058,
376,15058,276,-99.0,no,bir1lr228,LR-CMP-228,"15058,276 bulk E <125 um",none,,,,,,basalt,,"RELAB specimen: 15058,276 bulk E <125 um; RELAB description: Basalt, Low-Ti Mare Basalt, Bulk rock separate (LRMCC, Cosmochemistry, Student); Collection: Apollo 15 site, Moon; Specimen type: Returned Lunar Sample; Material origin: Natural; Material type: Rock; Material subtypes: Particulate|Particulate Sorted; Atlas lithology: basalt; Parent source: atlas_sample_id",subsample_or_fraction,yes,https://www.lpi.usra.edu/lunar/samples/atlas/detail/?mission=Apollo%2015&sample=15058,
377,15058,276,-99.0,no,bir2lr153,LR-CMP-153,"15058,276 bulk A 125-250 um",none,,,,,,basalt,,"RELAB specimen: 15058,276 bulk A 125-250 um; RELAB description: Basalt, Low-Ti Mare Basalt, Bulk rock separate (LRMCC); Collection: Apollo 15 site, Moon; Specimen type: Returned Lunar Sample; Material origin: Natural; Material type: Rock; Material subtypes: Particulate|Particulate Sorted; Atlas lithology: basalt; Parent source: atlas_sample_id",subsample_or_fraction,yes,https://www.lpi.usra.edu/lunar/samples/atlas/detail/?mission=Apollo%2015&sample=15058,
378,15058,276,-99.0,no,bir2lr172,LR-CMP-172,"15058,276 brown pyroxene",none,,,,,,basalt,,"RELAB specimen: 15058,276 brown pyroxene; RELAB description: Silicate (Ino), Pyroxene Clinopyroxene Augite , Mineral separate from Apollo 15 basalt (LRMCC); Collection: Apollo 15 site, Moon; Specimen type: Returned Lunar Sample; Material origin: Natural; Material type: Mineral; Material subtypes: Particulate|Particulate Ground Sorted; Atlas lithology: basalt; Parent source: atlas_sample_id",subsample_or_fraction,yes,https://www.lpi.usra.edu/lunar/samples/atlas/detail/?mission=Apollo%2015&sample=15058,
379,15058,276,-99.0,no,bir2lr173,LR-CMP-173,"15058,276 green pyroxene",none,,,,,,basalt,,"RELAB specimen: 15058,276 green pyroxene; RELAB description: Silicate (Ino), Pyroxene Orthopyroxene/Pigeonite, Mineral separate from Apollo 15 basalt (LRMCC); Collection: Apollo 15 site, Moon; Specimen type: Returned Lunar Sample; Material origin: Natural; Material type: Mineral; Material subtypes: Particulate|Particulate Ground Sorted; Atlas lithology: basalt; Parent source: atlas_sample_id",subsample_or_fraction,yes,https://www.lpi.usra.edu/lunar/samples/atlas/detail/?mission=Apollo%2015&sample=15058,
380,15058,276,-99.0,no,c1lr153,LR-CMP-153,"15058,276 bulk A 125-250 um",none,,,,,,basalt,,"RELAB specimen: 15058,276 bulk A 125-250 um; RELAB description: Basalt, Low-Ti Mare Basalt, Bulk rock separate (LRMCC); Collection: Apollo 15 site, Moon; Specimen type: Returned Lunar Sample; Material origin: Natural; Material type: Rock; Material subtypes: Particulate|Particulate Sorted; Atlas lithology: basalt; Parent source: atlas_sample_id",subsample_or_fraction,yes,https://www.lpi.usra.edu/lunar/samples/atlas/detail/?mission=Apollo%2015&sample=15058,
381,15058,276,-99.0,no,c1lr172,LR-CMP-172,"15058,276 brown pyroxene",none,,,,,,basalt,,"RELAB specimen: 15058,276 brown pyroxene; RELAB description: Silicate (Ino), Pyroxene Clinopyroxene Augite , Mineral separate from Apollo 15 basalt (LRMCC); Collection: Apollo 15 site, Moon; Specimen type: Returned Lunar Sample; Material origin: Natural; Material type: Mineral; Material subtypes: Particulate|Particulate Ground Sorted; Atlas lithology: basalt; Parent source: atlas_sample_id",subsample_or_fraction,yes,https://www.lpi.usra.edu/lunar/samples/atlas/detail/?mission=Apollo%2015&sample=15058,
382,15058,276,-99.0,no,c1lr173,LR-CMP-173,"15058,276 green pyroxene",none,,,,,,basalt,,"RELAB specimen: 15058,276 green pyroxene; RELAB description: Silicate (Ino), Pyroxene Orthopyroxene/Pigeonite, Mineral separate from Apollo 15 basalt (LRMCC); Collection: Apollo 15 site, Moon; Specimen type: Returned Lunar Sample; Material origin: Natural; Material type: Mineral; Material subtypes: Particulate|Particulate Ground Sorted; Atlas lithology: basalt; Parent source: atlas_sample_id",subsample_or_fraction,yes,https://www.lpi.usra.edu/lunar/samples/atlas/detail/?mission=Apollo%2015&sample=15058,
383,15058,276,-99.0,no,c1lr174,LR-CMP-174,"15058,276 plagioclase",none,,,,,,basalt,,"RELAB specimen: 15058,276 plagioclase; RELAB description: Silicate (Tecto), Feldspar Plagioclase, Mineral separate from Apollo 15 basalt (LRMCC); Collection: Apollo 15 site, Moon; Specimen type: Returned Lunar Sample; Material origin: Natural; Material type: Mineral; Material subtypes: Particulate|Particulate Ground Sorted; Atlas lithology: basalt; Parent source: atlas_sample_id",subsample_or_fraction,yes,https://www.lpi.usra.edu/lunar/samples/atlas/detail/?mission=Apollo%2015&sample=15058,
384,15058,276,-99.0,no,c1lr204,LR-CMP-204,"15058,276 bulk D <45 um",none,,,,,,basalt,,"RELAB specimen: 15058,276 bulk D <45 um; RELAB description: Basalt, Low-Ti Mare Basalt, Bulk rock separate (LRMCC); Collection: Apollo 15 site, Moon; Specimen type: Returned Lunar Sample; Material origin: Natural; Material type: Rock; Material subtypes: Particulate|Particulate Ground Sorted; Atlas lithology: basalt; Parent source: atlas_sample_id",subsample_or_fraction,yes,https://www.lpi.usra.edu/lunar/samples/atlas/detail/?mission=Apollo%2015&sample=15058,
385,15058,276,-99.0,no,c1lr208,LR-CMP-208,"15058,276 brown pyroxene D <45 um",none,,,,,,basalt,,"RELAB specimen: 15058,276 brown pyroxene D <45 um; RELAB description: Silicate (Ino), Pyroxene Clinopyroxene Augite , Mineral separate from Apollo 15 basalt (LRMCC); Collection: Apollo 15 site, Moon; Specimen type: Returned Lunar Sample; Material origin: Natural; Material type: Mineral; Material subtypes: Particulate|Particulate Ground Sorted; Atlas lithology: basalt; Parent source: atlas_sample_id",subsample_or_fraction,yes,https://www.lpi.usra.edu/lunar/samples/atlas/detail/?mission=Apollo%2015&sample=15058,
386,15058,276,-99.0,no,c1lr209,LR-CMP-209,"15058,276 green pyroxene D <45 um",none,,,,,,basalt,,"RELAB specimen: 15058,276 green pyroxene D <45 um; RELAB description: Silicate (Ino), Pyroxene Orthopyroxene/Pigeonite, Mineral separate from Apollo 15 basalt (LRMCC); Collection: Apollo 15 site, Moon; Specimen type: Returned Lunar Sample; Material origin: Natural; Material type: Mineral; Material subtypes: Particulate|Particulate Ground Sorted; Atlas lithology: basalt; Parent source: atlas_sample_id",subsample_or_fraction,yes,https://www.lpi.usra.edu/lunar/samples/atlas/detail/?mission=Apollo%2015&sample=15058,
387,15058,276,-99.0,no,c1lr210,LR-CMP-210,"15058,276 plagioclase D <45 um",none,,,,,,basalt,,"RELAB specimen: 15058,276 plagioclase D <45 um; RELAB description: Silicate (Tecto), Feldspar Plagioclase, Mineral separate from Apollo 15 basalt (LRMCC); Collection: Apollo 15 site, Moon; Specimen type: Returned Lunar Sample; Material origin: Natural; Material type: Mineral; Material subtypes: Particulate|Particulate Ground Sorted; Atlas lithology: basalt; Parent source: atlas_sample_id",subsample_or_fraction,yes,https://www.lpi.usra.edu/lunar/samples/atlas/detail/?mission=Apollo%2015&sample=15058,
388,15058,276,-99.0,no,c1lr228,LR-CMP-228,"15058,276 bulk E <125 um",none,,,,,,basalt,,"RELAB specimen: 15058,276 bulk E <125 um; RELAB description: Basalt, Low-Ti Mare Basalt, Bulk rock separate (LRMCC, Cosmochemistry, Student); Collection: Apollo 15 site, Moon; Specimen type: Returned Lunar Sample; Material origin: Natural; Material type: Rock; Material subtypes: Particulate|Particulate Sorted; Atlas lithology: basalt; Parent source: atlas_sample_id",subsample_or_fraction,yes,https://www.lpi.usra.edu/lunar/samples/atlas/detail/?mission=Apollo%2015&sample=15058,
389,15058,276,-99.0,no,c2lr204,LR-CMP-204,"15058,276 bulk D <45 um",none,,,,,,basalt,,"RELAB specimen: 15058,276 bulk D <45 um; RELAB description: Basalt, Low-Ti Mare Basalt, Bulk rock separate (LRMCC); Collection: Apollo 15 site, Moon; Specimen type: Returned Lunar Sample; Material origin: Natural; Material type: Rock; Material subtypes: Particulate|Particulate Ground Sorted; Atlas lithology: basalt; Parent source: atlas_sample_id",subsample_or_fraction,yes,https://www.lpi.usra.edu/lunar/samples/atlas/detail/?mission=Apollo%2015&sample=15058,
390,15058,276,-99.0,no,c2lr210,LR-CMP-210,"15058,276 plagioclase D <45 um",none,,,,,,basalt,,"RELAB specimen: 15058,276 plagioclase D <45 um; RELAB description: Silicate (Tecto), Feldspar Plagioclase, Mineral separate from Apollo 15 basalt (LRMCC); Collection: Apollo 15 site, Moon; Specimen type: Returned Lunar Sample; Material origin: Natural; Material type: Mineral; Material subtypes: Particulate|Particulate Ground Sorted; Atlas lithology: basalt; Parent source: atlas_sample_id",subsample_or_fraction,yes,https://www.lpi.usra.edu/lunar/samples/atlas/detail/?mission=Apollo%2015&sample=15058,
391,15058,276,0.57,yes,bir1lr146,LR-CMP-146,"15058,276 plagioclase",explicit_reference,lr-cmp-146_specimenchemistry,LR-CMP-146,Plagioclase,"PGI, Taylor et al.",,basalt,,"RELAB specimen: 15058,276 plagioclase; RELAB description: Silicate (Tecto), Feldspar Plagioclase, Mineral separate from Apollo 15 basalt (LRMCC); Collection: Apollo 15 site, Moon; Specimen type: Returned Lunar Sample; Material origin: Natural; Material type: Mineral; Material subtypes: Particulate|Particulate Sorted; Atlas lithology: basalt; Chemistry phase: Plagioclase; Parent source: atlas_sample_id",subsample_or_fraction,yes,https://www.lpi.usra.edu/lunar/samples/atlas/detail/?mission=Apollo%2015&sample=15058,
392,15058,276,13.69,yes,bir1lr144,LR-CMP-144,"15058,276 brown pyroxene",explicit_reference,lr-cmp-144_specimenchemistry,LR-CMP-144,Augite,"PGI, Taylor et al. Augute composition by Sarbadhikari et al.",,basalt,,"RELAB specimen: 15058,276 brown pyroxene; RELAB description: Silicate (Ino), Pyroxene Clinopyroxene Augite , Mineral separate from Apollo 15 basalt (LRMCC); Collection: Apollo 15 site, Moon; Specimen type: Returned Lunar Sample; Material origin: Natural; Material type: Mineral; Material subtypes: Particulate|Particulate Sorted; Atlas lithology: basalt; Chemistry phase: Augite; Parent source: atlas_sample_id",subsample_or_fraction,yes,https://www.lpi.usra.edu/lunar/samples/atlas/detail/?mission=Apollo%2015&sample=15058,
393,15058,276,19.09,yes,bir1lr145,LR-CMP-145,"15058,276 green pyroxene",explicit_reference,lr-cmp-145_specimenchemistry,LR-CMP-145,Pyroxene,"PGI, Taylor et al. Pigeonite composition by Sarbadhikari et al.",,basalt,,"RELAB specimen: 15058,276 green pyroxene; RELAB description: Silicate (Ino), Pyroxene Orthopyroxene/Pigeonite, Mineral separate from Apollo 15 basalt (LRMCC); Collection: Apollo 15 site, Moon; Specimen type: Returned Lunar Sample; Material origin: Natural; Material type: Mineral; Material subtypes: Particulate|Particulate Sorted; Atlas lithology: basalt; Chemistry phase: Pyroxene; Parent source: atlas_sample_id",subsample_or_fraction,yes,https://www.lpi.usra.edu/lunar/samples/atlas/detail/?mission=Apollo%2015&sample=15058,
394,15058,276,19.97,yes,bir1lr152,LR-CMP-152,"15058,276 bulk B <125 um",explicit_reference,lr-cmp-152_specimenchemistry,LR-CMP-152,Bulk,"PGI, Taylor et al.",,basalt,,"RELAB specimen: 15058,276 bulk B <125 um; RELAB description: Basalt, Low-Ti Mare Basalt, Bulk rock separate (LRMCC); Collection: Apollo 15 site, Moon; Specimen type: Returned Lunar Sample; Material origin: Natural; Material type: Rock; Material subtypes: Particulate|Particulate Sorted; Atlas lithology: basalt; Chemistry phase: Bulk; Parent source: atlas_sample_id",subsample_or_fraction,yes,https://www.lpi.usra.edu/lunar/samples/atlas/detail/?mission=Apollo%2015&sample=15058,
395,15058,276,19.97,yes,c1lr152,LR-CMP-152,"15058,276 bulk B <125 um",explicit_reference,lr-cmp-152_specimenchemistry,LR-CMP-152,Bulk,"PGI, Taylor et al.",,basalt,,"RELAB specimen: 15058,276 bulk B <125 um; RELAB description: Basalt, Low-Ti Mare Basalt, Bulk rock separate (LRMCC); Collection: Apollo 15 site, Moon; Specimen type: Returned Lunar Sample; Material origin: Natural; Material type: Rock; Material subtypes: Particulate|Particulate Sorted; Atlas lithology: basalt; Chemistry phase: Bulk; Parent source: atlas_sample_id",subsample_or_fraction,yes,https://www.lpi.usra.edu/lunar/samples/atlas/detail/?mission=Apollo%2015&sample=15058,
396,15071,0,-99.0,no,bnr1dh031,DH-CMP-031,Apollo 15 Lunar Soil: 15071,none,,,,,,,,"RELAB specimen: Apollo 15 Lunar Soil: 15071; RELAB description: Collected from the ejecta blanket of Elbow crater, 20 meters from the rim.; Collection: Apollo 15 Station 1, Moon; Specimen type: Returned Lunar Sample; Material origin: Natural; Material type: Unconsolidated Mixture; Material subtypes: Particulate; Parent source: atlas_sample_id",subsample_or_fraction,yes,https://www.lpi.usra.edu/lunar/samples/atlas/detail/?mission=Apollo%2015&sample=15071,
397,15071,156,-99.0,no,c1lr20,LR-CMP-020,"15071,156",none,,,,,,,,"RELAB specimen: 15071,156; RELAB description: Mare, , In a Relab dish with 4th aperture.; Collection: Apollo 15 site, Moon; Specimen type: Returned Lunar Sample; Material origin: Natural; Material type: Unconsolidated Mixture; Material subtypes: Particulate|Sorted|Mare; Parent source: atlas_sample_id",subsample_or_fraction,yes,https://www.lpi.usra.edu/lunar/samples/atlas/detail/?mission=Apollo%2015&sample=15071,
398,15071,157,-99.0,no,c1lr19,LR-CMP-019,"15071,157",none,,,,,,,,"RELAB specimen: 15071,157; RELAB description: Mare, , In a Relab dish with 4th aperture.; Collection: Apollo 15 site, Moon; Specimen type: Returned Lunar Sample; Material origin: Natural; Material type: Unconsolidated Mixture; Material subtypes: Particulate|Sorted|Mare; Parent source: atlas_sample_id",subsample_or_fraction,yes,https://www.lpi.usra.edu/lunar/samples/atlas/detail/?mission=Apollo%2015&sample=15071,
399,15071,168,-99.0,no,bmr1lr080,LR-CMP-080,"15071,168",none,,,,,,,,"RELAB specimen: 15071,168; Collection: Apollo 15 site, Moon; Specimen type: Returned Lunar Sample; Material origin: Natural; Material type: Unconsolidated Mixture; Material subtypes: Particulate|Particulate Sorted; Parent source: atlas_sample_id",subsample_or_fraction,yes,https://www.lpi.usra.edu/lunar/samples/atlas/detail/?mission=Apollo%2015&sample=15071,
400,15071,168,-99.0,no,c2lr80,LR-CMP-080,"15071,168",none,,,,,,,,"RELAB specimen: 15071,168; Collection: Apollo 15 site, Moon; Specimen type: Returned Lunar Sample; Material origin: Natural; Material type: Unconsolidated Mixture; Material subtypes: Particulate|Particulate Sorted; Parent source: atlas_sample_id",subsample_or_fraction,yes,https://www.lpi.usra.edu/lunar/samples/atlas/detail/?mission=Apollo%2015&sample=15071,
401,15071,168,-99.0,no,calr80,LR-CMP-080,"15071,168",none,,,,,,,,"RELAB specimen: 15071,168; Collection: Apollo 15 site, Moon; Specimen type: Returned Lunar Sample; Material origin: Natural; Material type: Unconsolidated Mixture; Material subtypes: Particulate|Particulate Sorted; Parent source: atlas_sample_id",subsample_or_fraction,yes,https://www.lpi.usra.edu/lunar/samples/atlas/detail/?mission=Apollo%2015&sample=15071,
402,15261,208,12.09,yes,c1ls59,LS-CMP-059,"15261,208",explicit_reference,ls-cmp-059_specimenchemistry,LS-CMP-059,Bulk,"Morris et al., 1983. Handbook of Lunar Soils, Part 1, p. 346.",,soil,,"RELAB specimen: 15261,208; RELAB description: Mare, Bulk, From Station 6, Apennine Front.Rim of subdued 10m crater. Soil from bottom of 10 cm deep trench.; Collection: Apollo 15; Specimen type: Returned Lunar Sample; Material origin: Natural; Material type: Unconsolidated Mixture; Material subtypes: Particulate|Mare; Atlas lithology: soil; Chemistry phase: Bulk; Chemistry notes: Apollo 15 soil #15261 from Station 6.; Parent source: atlas_sample_id",subsample_or_fraction,yes,https://www.lpi.usra.edu/lunar/samples/atlas/detail/?mission=Apollo%2015&sample=15261,
403,15301,329,14.05,yes,c1ls58,LS-CMP-058,"15301,329",explicit_reference,ls-cmp-058_specimenchemistry,LS-CMP-058,Bulk,"Morris et al., 1983. Handbook of Lunar Soils, Part 1, p. 362.",rake,soil,,"RELAB specimen: 15301,329; RELAB description: Mare, Bulk, Station 7, Spur Crater. Soil sample collected to accompany the comprehensive sample.; Collection: Apollo 15; Specimen type: Returned Lunar Sample; Material origin: Natural; Material type: Unconsolidated Mixture; Material subtypes: Particulate|Mare; Atlas type: rake; Atlas lithology: soil; Atlas description: part of a comprehensive sample collected at Spur Crater including rake sample 15310 and soils 15410, 15420 and pedestal 15431. The rim of Spur Crater had a significant number of small rock on the surface. This is the location of the Apollo 15 ""green glass"" and 15301 contained many beads of this interesting lunar material.; Chemistry phase: Bulk; Chemistry notes: Apollo 15 soil #15301 from Station 7.; Parent source: atlas_sample_id",subsample_or_fraction,yes,https://www.lpi.usra.edu/lunar/samples/atlas/detail/?mission=Apollo%2015&sample=15301,
404,15401,136,-99.0,no,bir3lr052,LR-CMP-052,"15401,136",none,,,,,,soil,,"RELAB specimen: 15401,136; RELAB description: Green Glass; Collection: Apollo 15 site, Moon; Specimen type: Returned Lunar Sample; Material origin: Natural; Material type: Amorphous; Material subtypes: Particulate; Atlas lithology: soil; Atlas description: is very immature and it has an unusual grain size distribution weight towards large particles. The average grain size distribution of 15401 is 89 microns.; Parent source: atlas_sample_id",subsample_or_fraction,yes,https://www.lpi.usra.edu/lunar/samples/atlas/detail/?mission=Apollo%2015&sample=15401,
405,15401,136,-99.0,no,c1lr52,LR-CMP-052,"15401,136",none,,,,,,soil,,"RELAB specimen: 15401,136; RELAB description: Green Glass; Collection: Apollo 15 site, Moon; Specimen type: Returned Lunar Sample; Material origin: Natural; Material type: Amorphous; Material subtypes: Particulate; Atlas lithology: soil; Atlas description: is very immature and it has an unusual grain size distribution weight towards large particles. The average grain size distribution of 15401 is 89 microns.; Parent source: atlas_sample_id",subsample_or_fraction,yes,https://www.lpi.usra.edu/lunar/samples/atlas/detail/?mission=Apollo%2015&sample=15401,
406,15401,136,-99.0,no,c2lr52,LR-CMP-052,"15401,136",none,,,,,,soil,,"RELAB specimen: 15401,136; RELAB description: Green Glass; Collection: Apollo 15 site, Moon; Specimen type: Returned Lunar Sample; Material origin: Natural; Material type: Amorphous; Material subtypes: Particulate; Atlas lithology: soil; Atlas description: is very immature and it has an unusual grain size distribution weight towards large particles. The average grain size distribution of 15401 is 89 microns.; Parent source: atlas_sample_id",subsample_or_fraction,yes,https://www.lpi.usra.edu/lunar/samples/atlas/detail/?mission=Apollo%2015&sample=15401,
407,15401,136,-99.0,no,c3lr52,LR-CMP-052,"15401,136",none,,,,,,soil,,"RELAB specimen: 15401,136; RELAB description: Green Glass; Collection: Apollo 15 site, Moon; Specimen type: Returned Lunar Sample; Material origin: Natural; Material type: Amorphous; Material subtypes: Particulate; Atlas lithology: soil; Atlas description: is very immature and it has an unusual grain size distribution weight towards large particles. The average grain size distribution of 15401 is 89 microns.; Parent source: atlas_sample_id",subsample_or_fraction,yes,https://www.lpi.usra.edu/lunar/samples/atlas/detail/?mission=Apollo%2015&sample=15401,
408,15401,137,-99.0,no,bir1ls125,LS-GJT-125,"15401,137 <150 um",none,,,,,,soil,,"RELAB specimen: 15401,137 <150 um; RELAB description: Highland, Bulk,; Collection: Apollo 15 site, Moon; Specimen type: Returned Lunar Sample; Material origin: Natural; Material type: Unconsolidated Mixture; Material subtypes: Particulate|Particulate Sorted|Highland; Atlas lithology: soil; Atlas description: is very immature and it has an unusual grain size distribution weight towards large particles. The average grain size distribution of 15401 is 89 microns.; Parent source: atlas_sample_id",subsample_or_fraction,yes,https://www.lpi.usra.edu/lunar/samples/atlas/detail/?mission=Apollo%2015&sample=15401,
409,15401,137,-99.0,no,c1ls125,LS-GJT-125,"15401,137 <150 um",none,,,,,,soil,,"RELAB specimen: 15401,137 <150 um; RELAB description: Highland, Bulk,; Collection: Apollo 15 site, Moon; Specimen type: Returned Lunar Sample; Material origin: Natural; Material type: Unconsolidated Mixture; Material subtypes: Particulate|Particulate Sorted|Highland; Atlas lithology: soil; Atlas description: is very immature and it has an unusual grain size distribution weight towards large particles. The average grain size distribution of 15401 is 89 microns.; Parent source: atlas_sample_id",subsample_or_fraction,yes,https://www.lpi.usra.edu/lunar/samples/atlas/detail/?mission=Apollo%2015&sample=15401,
410,15411,0,-99.0,no,bnr1dh033,DH-CMP-033,Apollo 15 Lunar Soil: 15411B,none,,,,,,,,"RELAB specimen: Apollo 15 Lunar Soil: 15411B; RELAB description: Collected at the rim of Spur crater near the Appenine Front. Combined samples 15411.24, 15411.25, 15411.26, and 15411.49; Collection: Apollo 15 Station 7, Moon; Specimen type: Returned Lunar Sample; Material origin: Natural; Material type: Unconsolidated Mixture; Material subtypes: Particulate; Parent source: atlas_sample_id",subsample_or_fraction,yes,https://www.lpi.usra.edu/lunar/samples/atlas/detail/?mission=Apollo%2015&sample=15411,
411,15415,15,-99.0,no,c1ls27,LS-CMP-027,"15415,15",none,,,,,rock,anorthite,,"RELAB specimen: 15415,15; RELAB description: Highland, Bulk, ferroan anorthosite; Collection: Apollo 15 site, Moon; Specimen type: Returned Lunar Sample; Material origin: Natural; Material type: Rock; Material subtypes: Nonparticulate|Thin Section; Atlas type: rock; Atlas lithology: anorthite; Atlas description: Anorthite. Corse-grained, ferroan crystalline rock with complex cataclastic and metamorphic history. Pale, blocky, angular to subrounded sample, which was originally partly dust-covered.; Parent source: atlas_sample_id",subsample_or_fraction,yes,https://www.lpi.usra.edu/lunar/samples/atlas/detail/?mission=Apollo%2015&sample=15415,
412,15415,15,-99.0,no,c2ls27,LS-CMP-027,"15415,15",none,,,,,rock,anorthite,,"RELAB specimen: 15415,15; RELAB description: Highland, Bulk, ferroan anorthosite; Collection: Apollo 15 site, Moon; Specimen type: Returned Lunar Sample; Material origin: Natural; Material type: Rock; Material subtypes: Nonparticulate|Thin Section; Atlas type: rock; Atlas lithology: anorthite; Atlas description: Anorthite. Corse-grained, ferroan crystalline rock with complex cataclastic and metamorphic history. Pale, blocky, angular to subrounded sample, which was originally partly dust-covered.; Parent source: atlas_sample_id",subsample_or_fraction,yes,https://www.lpi.usra.edu/lunar/samples/atlas/detail/?mission=Apollo%2015&sample=15415,
413,15415,15,-99.0,no,c3ls27,LS-CMP-027,"15415,15",none,,,,,rock,anorthite,,"RELAB specimen: 15415,15; RELAB description: Highland, Bulk, ferroan anorthosite; Collection: Apollo 15 site, Moon; Specimen type: Returned Lunar Sample; Material origin: Natural; Material type: Rock; Material subtypes: Nonparticulate|Thin Section; Atlas type: rock; Atlas lithology: anorthite; Atlas description: Anorthite. Corse-grained, ferroan crystalline rock with complex cataclastic and metamorphic history. Pale, blocky, angular to subrounded sample, which was originally partly dust-covered.; Parent source: atlas_sample_id",subsample_or_fraction,yes,https://www.lpi.usra.edu/lunar/samples/atlas/detail/?mission=Apollo%2015&sample=15415,
414,15415,15,-99.0,no,cgls27,LS-CMP-027,"15415,15",none,,,,,rock,anorthite,,"RELAB specimen: 15415,15; RELAB description: Highland, Bulk, ferroan anorthosite; Collection: Apollo 15 site, Moon; Specimen type: Returned Lunar Sample; Material origin: Natural; Material type: Rock; Material subtypes: Nonparticulate|Thin Section; Atlas type: rock; Atlas lithology: anorthite; Atlas description: Anorthite. Corse-grained, ferroan crystalline rock with complex cataclastic and metamorphic history. Pale, blocky, angular to subrounded sample, which was originally partly dust-covered.; Parent source: atlas_sample_id",subsample_or_fraction,yes,https://www.lpi.usra.edu/lunar/samples/atlas/detail/?mission=Apollo%2015&sample=15415,
415,15415,60,-99.0,no,bir1lr224,LR-CMP-224,"15415,60 plagioclase B",none,,,,,rock,anorthite,,"RELAB specimen: 15415,60 plagioclase B; RELAB description: Silicate (Tecto), Feldspar Plagioclase, Pristine Lunar Anorthosite 15451,60; Collection: Apollo 15 site, Moon; Specimen type: Returned Lunar Sample; Material origin: Natural; Material type: Mineral; Material subtypes: Particulate|Particulate Ground Sorted; Atlas type: rock; Atlas lithology: anorthite; Atlas description: Anorthite. Corse-grained, ferroan crystalline rock with complex cataclastic and metamorphic history. Pale, blocky, angular to subrounded sample, which was originally partly dust-covered.; Parent source: atlas_sample_id",subsample_or_fraction,yes,https://www.lpi.usra.edu/lunar/samples/atlas/detail/?mission=Apollo%2015&sample=15415,
416,15415,60,-99.0,no,c1lr224,LR-CMP-224,"15415,60 plagioclase B",none,,,,,rock,anorthite,,"RELAB specimen: 15415,60 plagioclase B; RELAB description: Silicate (Tecto), Feldspar Plagioclase, Pristine Lunar Anorthosite 15451,60; Collection: Apollo 15 site, Moon; Specimen type: Returned Lunar Sample; Material origin: Natural; Material type: Mineral; Material subtypes: Particulate|Particulate Ground Sorted; Atlas type: rock; Atlas lithology: anorthite; Atlas description: Anorthite. Corse-grained, ferroan crystalline rock with complex cataclastic and metamorphic history. Pale, blocky, angular to subrounded sample, which was originally partly dust-covered.; Parent source: atlas_sample_id",subsample_or_fraction,yes,https://www.lpi.usra.edu/lunar/samples/atlas/detail/?mission=Apollo%2015&sample=15415,
417,15415,60,0.23,yes,c1ls11,LS-CMP-011,"15415,60",explicit_reference,ls-cmp-011_specimenchemistry,LS-CMP-011,Anorthite,"Ryder, Graham. Catalog of Apollo 15 Rocks. Houston: NASA, 1985.",rock,anorthite,,"RELAB specimen: 15415,60; RELAB description: Silicate (Tecto), Plagioclase Anorthite Anorthosite , Pristine Lunar Anorthosite 15451,60; Collection: Apollo 15; Specimen type: Returned Lunar Sample; Material origin: Natural; Material type: Mineral; Material subtypes: Particulate|Bulk Particulate; Atlas type: rock; Atlas lithology: anorthite; Atlas description: Anorthite. Corse-grained, ferroan crystalline rock with complex cataclastic and metamorphic history. Pale, blocky, angular to subrounded sample, which was originally partly dust-covered.; Chemistry phase: Anorthite; Chemistry notes: Pristine Lunar Anorthosite #15415,123; Parent source: atlas_sample_id",subsample_or_fraction,yes,https://www.lpi.usra.edu/lunar/samples/atlas/detail/?mission=Apollo%2015&sample=15415,
418,15415,60,0.23,yes,c2ls11,LS-CMP-011,"15415,60",explicit_reference,ls-cmp-011_specimenchemistry,LS-CMP-011,Anorthite,"Ryder, Graham. Catalog of Apollo 15 Rocks. Houston: NASA, 1985.",rock,anorthite,,"RELAB specimen: 15415,60; RELAB description: Silicate (Tecto), Plagioclase Anorthite Anorthosite , Pristine Lunar Anorthosite 15451,60; Collection: Apollo 15; Specimen type: Returned Lunar Sample; Material origin: Natural; Material type: Mineral; Material subtypes: Particulate|Bulk Particulate; Atlas type: rock; Atlas lithology: anorthite; Atlas description: Anorthite. Corse-grained, ferroan crystalline rock with complex cataclastic and metamorphic history. Pale, blocky, angular to subrounded sample, which was originally partly dust-covered.; Chemistry phase: Anorthite; Chemistry notes: Pristine Lunar Anorthosite #15415,123; Parent source: atlas_sample_id",subsample_or_fraction,yes,https://www.lpi.usra.edu/lunar/samples/atlas/detail/?mission=Apollo%2015&sample=15415,
419,15415,60,0.23,yes,c3ls11,LS-CMP-011,"15415,60",explicit_reference,ls-cmp-011_specimenchemistry,LS-CMP-011,Anorthite,"Ryder, Graham. Catalog of Apollo 15 Rocks. Houston: NASA, 1985.",rock,anorthite,,"RELAB specimen: 15415,60; RELAB description: Silicate (Tecto), Plagioclase Anorthite Anorthosite , Pristine Lunar Anorthosite 15451,60; Collection: Apollo 15; Specimen type: Returned Lunar Sample; Material origin: Natural; Material type: Mineral; Material subtypes: Particulate|Bulk Particulate; Atlas type: rock; Atlas lithology: anorthite; Atlas description: Anorthite. Corse-grained, ferroan crystalline rock with complex cataclastic and metamorphic history. Pale, blocky, angular to subrounded sample, which was originally partly dust-covered.; Chemistry phase: Anorthite; Chemistry notes: Pristine Lunar Anorthosite #15415,123; Parent source: atlas_sample_id",subsample_or_fraction,yes,https://www.lpi.usra.edu/lunar/samples/atlas/detail/?mission=Apollo%2015&sample=15415,
420,15415,60,0.23,yes,s1ls11,LS-CMP-011,"15415,60",explicit_reference,ls-cmp-011_specimenchemistry,LS-CMP-011,Anorthite,"Ryder, Graham. Catalog of Apollo 15 Rocks. Houston: NASA, 1985.",rock,anorthite,,"RELAB specimen: 15415,60; RELAB description: Silicate (Tecto), Plagioclase Anorthite Anorthosite , Pristine Lunar Anorthosite 15451,60; Collection: Apollo 15; Specimen type: Returned Lunar Sample; Material origin: Natural; Material type: Mineral; Material subtypes: Particulate|Bulk Particulate; Atlas type: rock; Atlas lithology: anorthite; Atlas description: Anorthite. Corse-grained, ferroan crystalline rock with complex cataclastic and metamorphic history. Pale, blocky, angular to subrounded sample, which was originally partly dust-covered.; Chemistry phase: Anorthite; Chemistry notes: Pristine Lunar Anorthosite #15415,123; Parent source: atlas_sample_id",subsample_or_fraction,yes,https://www.lpi.usra.edu/lunar/samples/atlas/detail/?mission=Apollo%2015&sample=15415,
421,15445,261,-99.0,no,c1ls96,LS-CMP-096,"15445,261",none,,,,,,breccia,This sample and its close companion (15455) are thought to be ejecta from the Imbrium Basin. Their exposure ages (~200 m.y.) may help date the age of Spur Crater where they were found.,"RELAB specimen: 15445,261; RELAB description: Impact Melt , , Famous ""black + white"" rock. Believed to contain anorthite + impact melt.; Collection: Apollo 15 site, Moon; Specimen type: Returned Lunar Sample; Material origin: Natural; Material type: Rock; Material subtypes: Nonparticulate; Atlas lithology: breccia; Atlas description: This sample and its close companion (15455) are thought to be ejecta from the Imbrium Basin. Their exposure ages (~200 m.y.) may help date the age of Spur Crater where they were found.; Parent source: atlas_sample_id",subsample_or_fraction,yes,https://www.lpi.usra.edu/lunar/samples/atlas/detail/?mission=Apollo%2015&sample=15445,
422,15445,261,-99.0,no,c2ls96,LS-CMP-096,"15445,261",none,,,,,,breccia,This sample and its close companion (15455) are thought to be ejecta from the Imbrium Basin. Their exposure ages (~200 m.y.) may help date the age of Spur Crater where they were found.,"RELAB specimen: 15445,261; RELAB description: Impact Melt , , Famous ""black + white"" rock. Believed to contain anorthite + impact melt.; Collection: Apollo 15 site, Moon; Specimen type: Returned Lunar Sample; Material origin: Natural; Material type: Rock; Material subtypes: Nonparticulate; Atlas lithology: breccia; Atlas description: This sample and its close companion (15455) are thought to be ejecta from the Imbrium Basin. Their exposure ages (~200 m.y.) may help date the age of Spur Crater where they were found.; Parent source: atlas_sample_id",subsample_or_fraction,yes,https://www.lpi.usra.edu/lunar/samples/atlas/detail/?mission=Apollo%2015&sample=15445,
423,15445,261,-99.0,no,cals96,LS-CMP-096-A,"15445,261",none,,,,,,breccia,This sample and its close companion (15455) are thought to be ejecta from the Imbrium Basin. Their exposure ages (~200 m.y.) may help date the age of Spur Crater where they were found.,"RELAB specimen: 15445,261; RELAB description: Impact Melt, Famous ""black & white"" rock from Apollo 15 Believed to contain anorthite + impact melt.; Collection: Apollo 15 site, Moon; Specimen type: Returned Lunar Sample; Material origin: Natural; Material type: Rock; Material subtypes: Particulate|Bulk Particulate; Atlas lithology: breccia; Atlas description: This sample and its close companion (15455) are thought to be ejecta from the Imbrium Basin. Their exposure ages (~200 m.y.) may help date the age of Spur Crater where they were found.; Parent source: atlas_sample_id",subsample_or_fraction,yes,https://www.lpi.usra.edu/lunar/samples/atlas/detail/?mission=Apollo%2015&sample=15445,
424,15445,261,-99.0,no,cbls96,LS-CMP-096-B,"15445,261",none,,,,,,breccia,This sample and its close companion (15455) are thought to be ejecta from the Imbrium Basin. Their exposure ages (~200 m.y.) may help date the age of Spur Crater where they were found.,"RELAB specimen: 15445,261; RELAB description: Impact Melt, Dry sieved.; Collection: Apollo 15 site, Moon; Specimen type: Returned Lunar Sample; Material origin: Natural; Material type: Rock; Material subtypes: Particulate; Atlas lithology: breccia; Atlas description: This sample and its close companion (15455) are thought to be ejecta from the Imbrium Basin. Their exposure ages (~200 m.y.) may help date the age of Spur Crater where they were found.; Parent source: atlas_sample_id",subsample_or_fraction,yes,https://www.lpi.usra.edu/lunar/samples/atlas/detail/?mission=Apollo%2015&sample=15445,
425,15445,261,-99.0,no,ccls96,LS-CMP-096-C,"15445,261",none,,,,,,breccia,This sample and its close companion (15455) are thought to be ejecta from the Imbrium Basin. Their exposure ages (~200 m.y.) may help date the age of Spur Crater where they were found.,"RELAB specimen: 15445,261; RELAB description: Impact Melt, Wet sieved.; Collection: Apollo 15 site, Moon; Specimen type: Returned Lunar Sample; Material origin: Natural; Material type: Rock; Material subtypes: Particulate; Atlas lithology: breccia; Atlas description: This sample and its close companion (15455) are thought to be ejecta from the Imbrium Basin. Their exposure ages (~200 m.y.) may help date the age of Spur Crater where they were found.; Parent source: atlas_sample_id",subsample_or_fraction,yes,https://www.lpi.usra.edu/lunar/samples/atlas/detail/?mission=Apollo%2015&sample=15445,
426,15445,261,-99.0,no,cdls96,LS-CMP-096-D,"15445,261",none,,,,,,breccia,This sample and its close companion (15455) are thought to be ejecta from the Imbrium Basin. Their exposure ages (~200 m.y.) may help date the age of Spur Crater where they were found.,"RELAB specimen: 15445,261; RELAB description: Impact Melt, Wet sieved.; Collection: Apollo 15 site, Moon; Specimen type: Returned Lunar Sample; Material origin: Natural; Material type: Rock; Material subtypes: Particulate; Atlas lithology: breccia; Atlas description: This sample and its close companion (15455) are thought to be ejecta from the Imbrium Basin. Their exposure ages (~200 m.y.) may help date the age of Spur Crater where they were found.; Parent source: atlas_sample_id",subsample_or_fraction,yes,https://www.lpi.usra.edu/lunar/samples/atlas/detail/?mission=Apollo%2015&sample=15445,
427,15445,261,-99.0,no,cels96,LS-CMP-096-E,"15445,261",none,,,,,,breccia,This sample and its close companion (15455) are thought to be ejecta from the Imbrium Basin. Their exposure ages (~200 m.y.) may help date the age of Spur Crater where they were found.,"RELAB specimen: 15445,261; RELAB description: Impact Melt, Wet sieved.; Collection: Apollo 15 site, Moon; Specimen type: Returned Lunar Sample; Material origin: Natural; Material type: Rock; Material subtypes: Particulate; Atlas lithology: breccia; Atlas description: This sample and its close companion (15455) are thought to be ejecta from the Imbrium Basin. Their exposure ages (~200 m.y.) may help date the age of Spur Crater where they were found.; Parent source: atlas_sample_id",subsample_or_fraction,yes,https://www.lpi.usra.edu/lunar/samples/atlas/detail/?mission=Apollo%2015&sample=15445,
428,15455,226,-99.0,no,calr239,LR-CMP-239,"15455,226 chip",none,,,,,,breccia,,"RELAB specimen: 15455,226 chip; RELAB description: Highland, Anorthosite,; Collection: Apollo 15 site, Moon; Specimen type: Returned Lunar Sample; Material origin: Natural; Material type: Rock; Material subtypes: Nonparticulate|Chip; Atlas lithology: breccia; Atlas description: Together, these two breccia samples (15455 and 15445) and the nearby boulder, are thought to represent ejecta from the Imbrium Basin; Parent source: atlas_sample_id",subsample_or_fraction,yes,https://www.lpi.usra.edu/lunar/samples/atlas/detail/?mission=Apollo%2015&sample=15455,
429,15455,226,-99.0,no,cblr239,LR-CMP-239,"15455,226 chip",none,,,,,,breccia,,"RELAB specimen: 15455,226 chip; RELAB description: Highland, Anorthosite,; Collection: Apollo 15 site, Moon; Specimen type: Returned Lunar Sample; Material origin: Natural; Material type: Rock; Material subtypes: Nonparticulate|Chip; Atlas lithology: breccia; Atlas description: Together, these two breccia samples (15455 and 15445) and the nearby boulder, are thought to represent ejecta from the Imbrium Basin; Parent source: atlas_sample_id",subsample_or_fraction,yes,https://www.lpi.usra.edu/lunar/samples/atlas/detail/?mission=Apollo%2015&sample=15455,
430,15531,22,-99.0,no,bir1ls126,LS-GJT-126,15531.22 <150 um,none,,,,,,,,"RELAB specimen: 15531.22 <150 um; RELAB description: Highland, Bulk,; Collection: Apollo 15 site, Moon; Specimen type: Returned Lunar Sample; Material origin: Natural; Material type: Unconsolidated Mixture; Material subtypes: Particulate|Particulate Sorted|Highland; Atlas description: 15501 and 15511 were collected from the rim of a small crater at station 9, while 15531 was collected at station 9a (near Hadley Rille).; Parent source: atlas_sample_id",subsample_or_fraction,yes,https://www.lpi.usra.edu/lunar/samples/atlas/detail/?mission=Apollo%2015&sample=15531,
431,15531,22,-99.0,no,c1ls126,LS-GJT-126,15531.22 <150 um,none,,,,,,,,"RELAB specimen: 15531.22 <150 um; RELAB description: Highland, Bulk,; Collection: Apollo 15 site, Moon; Specimen type: Returned Lunar Sample; Material origin: Natural; Material type: Unconsolidated Mixture; Material subtypes: Particulate|Particulate Sorted|Highland; Atlas description: 15501 and 15511 were collected from the rim of a small crater at station 9, while 15531 was collected at station 9a (near Hadley Rille).; Parent source: atlas_sample_id",subsample_or_fraction,yes,https://www.lpi.usra.edu/lunar/samples/atlas/detail/?mission=Apollo%2015&sample=15531,
432,15555,798,-99.0,no,c1ls01,LS-CMP-001,"15555,798",none,,,,,,basalt,,"RELAB specimen: 15555,798; RELAB description: Igneous Volcanic, Basalt, Apollo 15 Basalt; Collection: Apollo 15; Specimen type: Returned Lunar Sample; Material origin: Natural; Material type: Rock; Material subtypes: Particulate; Atlas lithology: basalt; Atlas description: (""Great Scott"") is both the largest and the most intensively studied of the Apollo 15 rocks. It is a medium-grained olivine basalt, with a few percent small vugs. It is probably very close to a liquid composition, i.e., it contains few, if any, accumulated crystals. It crystallized ~3.3 b.y. ago. Unlike other nearby rocks, 15555 was not dust-coated. It is generally tough, but many exterior chips fell off during earth transit and many of these pieces are friable. It is sub-rounded and blocky, with many zap pits.; Parent source: atlas_sample_id",subsample_or_fraction,yes,https://www.lpi.usra.edu/lunar/samples/atlas/detail/?mission=Apollo%2015&sample=15555,
433,15555,798,-99.0,no,c2ls01,LS-CMP-001,"15555,798",none,,,,,,basalt,,"RELAB specimen: 15555,798; RELAB description: Igneous Volcanic, Basalt, Apollo 15 Basalt; Collection: Apollo 15; Specimen type: Returned Lunar Sample; Material origin: Natural; Material type: Rock; Material subtypes: Particulate; Atlas lithology: basalt; Atlas description: (""Great Scott"") is both the largest and the most intensively studied of the Apollo 15 rocks. It is a medium-grained olivine basalt, with a few percent small vugs. It is probably very close to a liquid composition, i.e., it contains few, if any, accumulated crystals. It crystallized ~3.3 b.y. ago. Unlike other nearby rocks, 15555 was not dust-coated. It is generally tough, but many exterior chips fell off during earth transit and many of these pieces are friable. It is sub-rounded and blocky, with many zap pits.; Parent source: atlas_sample_id",subsample_or_fraction,yes,https://www.lpi.usra.edu/lunar/samples/atlas/detail/?mission=Apollo%2015&sample=15555,
434,15555,798,-99.0,no,c5ls01,LS-CMP-001,"15555,798",none,,,,,,basalt,,"RELAB specimen: 15555,798; RELAB description: Igneous Volcanic, Basalt, Apollo 15 Basalt; Collection: Apollo 15; Specimen type: Returned Lunar Sample; Material origin: Natural; Material type: Rock; Material subtypes: Particulate; Atlas lithology: basalt; Atlas description: (""Great Scott"") is both the largest and the most intensively studied of the Apollo 15 rocks. It is a medium-grained olivine basalt, with a few percent small vugs. It is probably very close to a liquid composition, i.e., it contains few, if any, accumulated crystals. It crystallized ~3.3 b.y. ago. Unlike other nearby rocks, 15555 was not dust-coated. It is generally tough, but many exterior chips fell off during earth transit and many of these pieces are friable. It is sub-rounded and blocky, with many zap pits.; Parent source: atlas_sample_id",subsample_or_fraction,yes,https://www.lpi.usra.edu/lunar/samples/atlas/detail/?mission=Apollo%2015&sample=15555,
435,15555,798,-99.0,no,c6ls01,LS-CMP-001,"15555,798",none,,,,,,basalt,,"RELAB specimen: 15555,798; RELAB description: Igneous Volcanic, Basalt, Apollo 15 Basalt; Collection: Apollo 15; Specimen type: Returned Lunar Sample; Material origin: Natural; Material type: Rock; Material subtypes: Particulate; Atlas lithology: basalt; Atlas description: (""Great Scott"") is both the largest and the most intensively studied of the Apollo 15 rocks. It is a medium-grained olivine basalt, with a few percent small vugs. It is probably very close to a liquid composition, i.e., it contains few, if any, accumulated crystals. It crystallized ~3.3 b.y. ago. Unlike other nearby rocks, 15555 was not dust-coated. It is generally tough, but many exterior chips fell off during earth transit and many of these pieces are friable. It is sub-rounded and blocky, with many zap pits.; Parent source: atlas_sample_id",subsample_or_fraction,yes,https://www.lpi.usra.edu/lunar/samples/atlas/detail/?mission=Apollo%2015&sample=15555,
436,15555,798,-99.0,no,n1ls01,LS-CMP-001,"15555,798",none,,,,,,basalt,,"RELAB specimen: 15555,798; RELAB description: Igneous Volcanic, Basalt, Apollo 15 Basalt; Collection: Apollo 15; Specimen type: Returned Lunar Sample; Material origin: Natural; Material type: Rock; Material subtypes: Particulate; Atlas lithology: basalt; Atlas description: (""Great Scott"") is both the largest and the most intensively studied of the Apollo 15 rocks. It is a medium-grained olivine basalt, with a few percent small vugs. It is probably very close to a liquid composition, i.e., it contains few, if any, accumulated crystals. It crystallized ~3.3 b.y. ago. Unlike other nearby rocks, 15555 was not dust-coated. It is generally tough, but many exterior chips fell off during earth transit and many of these pieces are friable. It is sub-rounded and blocky, with many zap pits.; Parent source: atlas_sample_id",subsample_or_fraction,yes,https://www.lpi.usra.edu/lunar/samples/atlas/detail/?mission=Apollo%2015&sample=15555,
437,15555,798,-99.0,no,s1ls01,LS-CMP-001,"15555,798",none,,,,,,basalt,,"RELAB specimen: 15555,798; RELAB description: Igneous Volcanic, Basalt, Apollo 15 Basalt; Collection: Apollo 15; Specimen type: Returned Lunar Sample; Material origin: Natural; Material type: Rock; Material subtypes: Particulate; Atlas lithology: basalt; Atlas description: (""Great Scott"") is both the largest and the most intensively studied of the Apollo 15 rocks. It is a medium-grained olivine basalt, with a few percent small vugs. It is probably very close to a liquid composition, i.e., it contains few, if any, accumulated crystals. It crystallized ~3.3 b.y. ago. Unlike other nearby rocks, 15555 was not dust-coated. It is generally tough, but many exterior chips fell off during earth transit and many of these pieces are friable. It is sub-rounded and blocky, with many zap pits.; Parent source: atlas_sample_id",subsample_or_fraction,yes,https://www.lpi.usra.edu/lunar/samples/atlas/detail/?mission=Apollo%2015&sample=15555,
438,15555,798,-99.0,no,s2ls01,LS-CMP-001,"15555,798",none,,,,,,basalt,,"RELAB specimen: 15555,798; RELAB description: Igneous Volcanic, Basalt, Apollo 15 Basalt; Collection: Apollo 15; Specimen type: Returned Lunar Sample; Material origin: Natural; Material type: Rock; Material subtypes: Particulate; Atlas lithology: basalt; Atlas description: (""Great Scott"") is both the largest and the most intensively studied of the Apollo 15 rocks. It is a medium-grained olivine basalt, with a few percent small vugs. It is probably very close to a liquid composition, i.e., it contains few, if any, accumulated crystals. It crystallized ~3.3 b.y. ago. Unlike other nearby rocks, 15555 was not dust-coated. It is generally tough, but many exterior chips fell off during earth transit and many of these pieces are friable. It is sub-rounded and blocky, with many zap pits.; Parent source: atlas_sample_id",subsample_or_fraction,yes,https://www.lpi.usra.edu/lunar/samples/atlas/detail/?mission=Apollo%2015&sample=15555,
439,15555,798,-99.0,no,s4ls01,LS-CMP-001,"15555,798",none,,,,,,basalt,,"RELAB specimen: 15555,798; RELAB description: Igneous Volcanic, Basalt, Apollo 15 Basalt; Collection: Apollo 15; Specimen type: Returned Lunar Sample; Material origin: Natural; Material type: Rock; Material subtypes: Particulate; Atlas lithology: basalt; Atlas description: (""Great Scott"") is both the largest and the most intensively studied of the Apollo 15 rocks. It is a medium-grained olivine basalt, with a few percent small vugs. It is probably very close to a liquid composition, i.e., it contains few, if any, accumulated crystals. It crystallized ~3.3 b.y. ago. Unlike other nearby rocks, 15555 was not dust-coated. It is generally tough, but many exterior chips fell off during earth transit and many of these pieces are friable. It is sub-rounded and blocky, with many zap pits.; Parent source: atlas_sample_id",subsample_or_fraction,yes,https://www.lpi.usra.edu/lunar/samples/atlas/detail/?mission=Apollo%2015&sample=15555,
440,15555,799,-99.0,no,c1ls02,LS-CMP-002,"15555,799",none,,,,,,basalt,,"RELAB specimen: 15555,799; RELAB description: Igneous Volcanic, Basalt, Apollo 15 Saw Fines from 15555; Collection: Apollo 15; Specimen type: Returned Lunar Sample; Material origin: Natural; Material type: Rock; Material subtypes: Particulate; Atlas lithology: basalt; Atlas description: (""Great Scott"") is both the largest and the most intensively studied of the Apollo 15 rocks. It is a medium-grained olivine basalt, with a few percent small vugs. It is probably very close to a liquid composition, i.e., it contains few, if any, accumulated crystals. It crystallized ~3.3 b.y. ago. Unlike other nearby rocks, 15555 was not dust-coated. It is generally tough, but many exterior chips fell off during earth transit and many of these pieces are friable. It is sub-rounded and blocky, with many zap pits.; Parent source: atlas_sample_id",subsample_or_fraction,yes,https://www.lpi.usra.edu/lunar/samples/atlas/detail/?mission=Apollo%2015&sample=15555,
441,15555,799,-99.0,no,c2ls02,LS-CMP-002,"15555,799",none,,,,,,basalt,,"RELAB specimen: 15555,799; RELAB description: Igneous Volcanic, Basalt, Apollo 15 Saw Fines from 15555; Collection: Apollo 15; Specimen type: Returned Lunar Sample; Material origin: Natural; Material type: Rock; Material subtypes: Particulate; Atlas lithology: basalt; Atlas description: (""Great Scott"") is both the largest and the most intensively studied of the Apollo 15 rocks. It is a medium-grained olivine basalt, with a few percent small vugs. It is probably very close to a liquid composition, i.e., it contains few, if any, accumulated crystals. It crystallized ~3.3 b.y. ago. Unlike other nearby rocks, 15555 was not dust-coated. It is generally tough, but many exterior chips fell off during earth transit and many of these pieces are friable. It is sub-rounded and blocky, with many zap pits.; Parent source: atlas_sample_id",subsample_or_fraction,yes,https://www.lpi.usra.edu/lunar/samples/atlas/detail/?mission=Apollo%2015&sample=15555,
442,15555,799,-99.0,no,c3ls02,LS-CMP-002,"15555,799",none,,,,,,basalt,,"RELAB specimen: 15555,799; RELAB description: Igneous Volcanic, Basalt, Apollo 15 Saw Fines from 15555; Collection: Apollo 15; Specimen type: Returned Lunar Sample; Material origin: Natural; Material type: Rock; Material subtypes: Particulate; Atlas lithology: basalt; Atlas description: (""Great Scott"") is both the largest and the most intensively studied of the Apollo 15 rocks. It is a medium-grained olivine basalt, with a few percent small vugs. It is probably very close to a liquid composition, i.e., it contains few, if any, accumulated crystals. It crystallized ~3.3 b.y. ago. Unlike other nearby rocks, 15555 was not dust-coated. It is generally tough, but many exterior chips fell off during earth transit and many of these pieces are friable. It is sub-rounded and blocky, with many zap pits.; Parent source: atlas_sample_id",subsample_or_fraction,yes,https://www.lpi.usra.edu/lunar/samples/atlas/detail/?mission=Apollo%2015&sample=15555,
443,15555,799,-99.0,no,c5ls02,LS-CMP-002,"15555,799",none,,,,,,basalt,,"RELAB specimen: 15555,799; RELAB description: Igneous Volcanic, Basalt, Apollo 15 Saw Fines from 15555; Collection: Apollo 15; Specimen type: Returned Lunar Sample; Material origin: Natural; Material type: Rock; Material subtypes: Particulate; Atlas lithology: basalt; Atlas description: (""Great Scott"") is both the largest and the most intensively studied of the Apollo 15 rocks. It is a medium-grained olivine basalt, with a few percent small vugs. It is probably very close to a liquid composition, i.e., it contains few, if any, accumulated crystals. It crystallized ~3.3 b.y. ago. Unlike other nearby rocks, 15555 was not dust-coated. It is generally tough, but many exterior chips fell off during earth transit and many of these pieces are friable. It is sub-rounded and blocky, with many zap pits.; Parent source: atlas_sample_id",subsample_or_fraction,yes,https://www.lpi.usra.edu/lunar/samples/atlas/detail/?mission=Apollo%2015&sample=15555,
444,15555,799,-99.0,no,c6ls02,LS-CMP-002,"15555,799",none,,,,,,basalt,,"RELAB specimen: 15555,799; RELAB description: Igneous Volcanic, Basalt, Apollo 15 Saw Fines from 15555; Collection: Apollo 15; Specimen type: Returned Lunar Sample; Material origin: Natural; Material type: Rock; Material subtypes: Particulate; Atlas lithology: basalt; Atlas description: (""Great Scott"") is both the largest and the most intensively studied of the Apollo 15 rocks. It is a medium-grained olivine basalt, with a few percent small vugs. It is probably very close to a liquid composition, i.e., it contains few, if any, accumulated crystals. It crystallized ~3.3 b.y. ago. Unlike other nearby rocks, 15555 was not dust-coated. It is generally tough, but many exterior chips fell off during earth transit and many of these pieces are friable. It is sub-rounded and blocky, with many zap pits.; Parent source: atlas_sample_id",subsample_or_fraction,yes,https://www.lpi.usra.edu/lunar/samples/atlas/detail/?mission=Apollo%2015&sample=15555,
445,15555,799,-99.0,no,n1ls02,LS-CMP-002,"15555,799",none,,,,,,basalt,,"RELAB specimen: 15555,799; RELAB description: Igneous Volcanic, Basalt, Apollo 15 Saw Fines from 15555; Collection: Apollo 15; Specimen type: Returned Lunar Sample; Material origin: Natural; Material type: Rock; Material subtypes: Particulate; Atlas lithology: basalt; Atlas description: (""Great Scott"") is both the largest and the most intensively studied of the Apollo 15 rocks. It is a medium-grained olivine basalt, with a few percent small vugs. It is probably very close to a liquid composition, i.e., it contains few, if any, accumulated crystals. It crystallized ~3.3 b.y. ago. Unlike other nearby rocks, 15555 was not dust-coated. It is generally tough, but many exterior chips fell off during earth transit and many of these pieces are friable. It is sub-rounded and blocky, with many zap pits.; Parent source: atlas_sample_id",subsample_or_fraction,yes,https://www.lpi.usra.edu/lunar/samples/atlas/detail/?mission=Apollo%2015&sample=15555,
446,15555,799,-99.0,no,s1ls02,LS-CMP-002,"15555,799",none,,,,,,basalt,,"RELAB specimen: 15555,799; RELAB description: Igneous Volcanic, Basalt, Apollo 15 Saw Fines from 15555; Collection: Apollo 15; Specimen type: Returned Lunar Sample; Material origin: Natural; Material type: Rock; Material subtypes: Particulate; Atlas lithology: basalt; Atlas description: (""Great Scott"") is both the largest and the most intensively studied of the Apollo 15 rocks. It is a medium-grained olivine basalt, with a few percent small vugs. It is probably very close to a liquid composition, i.e., it contains few, if any, accumulated crystals. It crystallized ~3.3 b.y. ago. Unlike other nearby rocks, 15555 was not dust-coated. It is generally tough, but many exterior chips fell off during earth transit and many of these pieces are friable. It is sub-rounded and blocky, with many zap pits.; Parent source: atlas_sample_id",subsample_or_fraction,yes,https://www.lpi.usra.edu/lunar/samples/atlas/detail/?mission=Apollo%2015&sample=15555,
447,15555,799,-99.0,no,s2ls02,LS-CMP-002,"15555,799",none,,,,,,basalt,,"RELAB specimen: 15555,799; RELAB description: Igneous Volcanic, Basalt, Apollo 15 Saw Fines from 15555; Collection: Apollo 15; Specimen type: Returned Lunar Sample; Material origin: Natural; Material type: Rock; Material subtypes: Particulate; Atlas lithology: basalt; Atlas description: (""Great Scott"") is both the largest and the most intensively studied of the Apollo 15 rocks. It is a medium-grained olivine basalt, with a few percent small vugs. It is probably very close to a liquid composition, i.e., it contains few, if any, accumulated crystals. It crystallized ~3.3 b.y. ago. Unlike other nearby rocks, 15555 was not dust-coated. It is generally tough, but many exterior chips fell off during earth transit and many of these pieces are friable. It is sub-rounded and blocky, with many zap pits.; Parent source: atlas_sample_id",subsample_or_fraction,yes,https://www.lpi.usra.edu/lunar/samples/atlas/detail/?mission=Apollo%2015&sample=15555,
448,15555,799,-99.0,no,s3ls02,LS-CMP-002,"15555,799",none,,,,,,basalt,,"RELAB specimen: 15555,799; RELAB description: Igneous Volcanic, Basalt, Apollo 15 Saw Fines from 15555; Collection: Apollo 15; Specimen type: Returned Lunar Sample; Material origin: Natural; Material type: Rock; Material subtypes: Particulate; Atlas lithology: basalt; Atlas description: (""Great Scott"") is both the largest and the most intensively studied of the Apollo 15 rocks. It is a medium-grained olivine basalt, with a few percent small vugs. It is probably very close to a liquid composition, i.e., it contains few, if any, accumulated crystals. It crystallized ~3.3 b.y. ago. Unlike other nearby rocks, 15555 was not dust-coated. It is generally tough, but many exterior chips fell off during earth transit and many of these pieces are friable. It is sub-rounded and blocky, with many zap pits.; Parent source: atlas_sample_id",subsample_or_fraction,yes,https://www.lpi.usra.edu/lunar/samples/atlas/detail/?mission=Apollo%2015&sample=15555,
449,15555,965,-99.0,no,bir1lr155,LR-CMP-155,"15555,965 bulk 125-250 um",none,,,,,,basalt,,"RELAB specimen: 15555,965 bulk 125-250 um; RELAB description: Basalt, Low-Ti Mare Basalt, Bulk rock separate (LRMCC); Collection: Apollo 15 site, Moon; Specimen type: Returned Lunar Sample; Material origin: Natural; Material type: Rock; Material subtypes: Particulate|Particulate Sorted; Atlas lithology: basalt; Atlas description: (""Great Scott"") is both the largest and the most intensively studied of the Apollo 15 rocks. It is a medium-grained olivine basalt, with a few percent small vugs. It is probably very close to a liquid composition, i.e., it contains few, if any, accumulated crystals. It crystallized ~3.3 b.y. ago. Unlike other nearby rocks, 15555 was not dust-coated. It is generally tough, but many exterior chips fell off during earth transit and many of these pieces are friable. It is sub-rounded and blocky, with many zap pits.; Parent source: atlas_sample_id",subsample_or_fraction,yes,https://www.lpi.usra.edu/lunar/samples/atlas/detail/?mission=Apollo%2015&sample=15555,
450,15555,965,-99.0,no,bir1lr171,LR-CMP-171,"15555,965 plagioclase B",none,,,,,,basalt,,"RELAB specimen: 15555,965 plagioclase B; RELAB description: Silicate (Tecto), Feldspar Plagioclase, Mineral separate from Apollo 15 basalt (LRMCC); Collection: Apollo 15 site, Moon; Specimen type: Returned Lunar Sample; Material origin: Natural; Material type: Mineral; Material subtypes: Particulate|Particulate Ground Sorted; Atlas lithology: basalt; Atlas description: (""Great Scott"") is both the largest and the most intensively studied of the Apollo 15 rocks. It is a medium-grained olivine basalt, with a few percent small vugs. It is probably very close to a liquid composition, i.e., it contains few, if any, accumulated crystals. It crystallized ~3.3 b.y. ago. Unlike other nearby rocks, 15555 was not dust-coated. It is generally tough, but many exterior chips fell off during earth transit and many of these pieces are friable. It is sub-rounded and blocky, with many zap pits.; Parent source: atlas_sample_id",subsample_or_fraction,yes,https://www.lpi.usra.edu/lunar/samples/atlas/detail/?mission=Apollo%2015&sample=15555,
451,15555,965,-99.0,no,bir1lr205,LR-CMP-205,"15555,965 bulk D <45 um",none,,,,,,basalt,,"RELAB specimen: 15555,965 bulk D <45 um; RELAB description: Basalt, Low-Ti Mare Basalt, Bulk rock separate (LRMCC); Collection: Apollo 15 site, Moon; Specimen type: Returned Lunar Sample; Material origin: Natural; Material type: Rock; Material subtypes: Particulate|Particulate Ground Sorted; Atlas lithology: basalt; Atlas description: (""Great Scott"") is both the largest and the most intensively studied of the Apollo 15 rocks. It is a medium-grained olivine basalt, with a few percent small vugs. It is probably very close to a liquid composition, i.e., it contains few, if any, accumulated crystals. It crystallized ~3.3 b.y. ago. Unlike other nearby rocks, 15555 was not dust-coated. It is generally tough, but many exterior chips fell off during earth transit and many of these pieces are friable. It is sub-rounded and blocky, with many zap pits.; Parent source: atlas_sample_id",subsample_or_fraction,yes,https://www.lpi.usra.edu/lunar/samples/atlas/detail/?mission=Apollo%2015&sample=15555,
452,15555,965,-99.0,no,bir1lr211,LR-CMP-211,"15555,965 reddish-brown pyroxene D <45 um",none,,,,,,basalt,,"RELAB specimen: 15555,965 reddish-brown pyroxene D <45 um; RELAB description: Silicate (Ino), Pyroxene Clinopyroxene Augite Mg-Poor, Mineral separate from Apollo 15 basalt (LRMCC); Collection: Apollo 15 site, Moon; Specimen type: Returned Lunar Sample; Material origin: Natural; Material type: Mineral; Material subtypes: Particulate|Particulate Ground Sorted; Atlas lithology: basalt; Atlas description: (""Great Scott"") is both the largest and the most intensively studied of the Apollo 15 rocks. It is a medium-grained olivine basalt, with a few percent small vugs. It is probably very close to a liquid composition, i.e., it contains few, if any, accumulated crystals. It crystallized ~3.3 b.y. ago. Unlike other nearby rocks, 15555 was not dust-coated. It is generally tough, but many exterior chips fell off during earth transit and many of these pieces are friable. It is sub-rounded and blocky, with many zap pits.; Parent source: atlas_sample_id",subsample_or_fraction,yes,https://www.lpi.usra.edu/lunar/samples/atlas/detail/?mission=Apollo%2015&sample=15555,
453,15555,965,-99.0,no,bir1lr212,LR-CMP-212,"15555,965 olivine D <45 um",none,,,,,,basalt,,"RELAB specimen: 15555,965 olivine D <45 um; RELAB description: Silicate (Neso), Olivine , Mineral separate from Apollo 15 basalt (LRMCC); Collection: Apollo 15 site, Moon; Specimen type: Returned Lunar Sample; Material origin: Natural; Material type: Mineral; Material subtypes: Particulate|Particulate Ground Sorted; Atlas lithology: basalt; Atlas description: (""Great Scott"") is both the largest and the most intensively studied of the Apollo 15 rocks. It is a medium-grained olivine basalt, with a few percent small vugs. It is probably very close to a liquid composition, i.e., it contains few, if any, accumulated crystals. It crystallized ~3.3 b.y. ago. Unlike other nearby rocks, 15555 was not dust-coated. It is generally tough, but many exterior chips fell off during earth transit and many of these pieces are friable. It is sub-rounded and blocky, with many zap pits.; Parent source: atlas_sample_id",subsample_or_fraction,yes,https://www.lpi.usra.edu/lunar/samples/atlas/detail/?mission=Apollo%2015&sample=15555,
454,15555,965,-99.0,no,bir1lr213,LR-CMP-213,"15555,965 light-brown pyroxene D <45 um",none,,,,,,basalt,,"RELAB specimen: 15555,965 light-brown pyroxene D <45 um; RELAB description: Silicate (Ino), Pyroxene Clinopyroxene Augite Mg-Rich Subcalcic, Mineral separate from Apollo 15 basalt (LRMCC); Collection: Apollo 15 site, Moon; Specimen type: Returned Lunar Sample; Material origin: Natural; Material type: Mineral; Material subtypes: Particulate|Particulate Ground Sorted; Atlas lithology: basalt; Atlas description: (""Great Scott"") is both the largest and the most intensively studied of the Apollo 15 rocks. It is a medium-grained olivine basalt, with a few percent small vugs. It is probably very close to a liquid composition, i.e., it contains few, if any, accumulated crystals. It crystallized ~3.3 b.y. ago. Unlike other nearby rocks, 15555 was not dust-coated. It is generally tough, but many exterior chips fell off during earth transit and many of these pieces are friable. It is sub-rounded and blocky, with many zap pits.; Parent source: atlas_sample_id",subsample_or_fraction,yes,https://www.lpi.usra.edu/lunar/samples/atlas/detail/?mission=Apollo%2015&sample=15555,
455,15555,965,-99.0,no,bir1lr214,LR-CMP-214,"15555,965 plagioclase D <45 um",none,,,,,,basalt,,"RELAB specimen: 15555,965 plagioclase D <45 um; RELAB description: Silicate (Tecto), Feldspar Plagioclase, Mineral separate from Apollo 15 basalt (LRMCC); Collection: Apollo 15 site, Moon; Specimen type: Returned Lunar Sample; Material origin: Natural; Material type: Mineral; Material subtypes: Particulate|Particulate Ground Sorted; Atlas lithology: basalt; Atlas description: (""Great Scott"") is both the largest and the most intensively studied of the Apollo 15 rocks. It is a medium-grained olivine basalt, with a few percent small vugs. It is probably very close to a liquid composition, i.e., it contains few, if any, accumulated crystals. It crystallized ~3.3 b.y. ago. Unlike other nearby rocks, 15555 was not dust-coated. It is generally tough, but many exterior chips fell off during earth transit and many of these pieces are friable. It is sub-rounded and blocky, with many zap pits.; Parent source: atlas_sample_id",subsample_or_fraction,yes,https://www.lpi.usra.edu/lunar/samples/atlas/detail/?mission=Apollo%2015&sample=15555,
456,15555,965,-99.0,no,bir2lr155,LR-CMP-155,"15555,965 bulk 125-250 um",none,,,,,,basalt,,"RELAB specimen: 15555,965 bulk 125-250 um; RELAB description: Basalt, Low-Ti Mare Basalt, Bulk rock separate (LRMCC); Collection: Apollo 15 site, Moon; Specimen type: Returned Lunar Sample; Material origin: Natural; Material type: Rock; Material subtypes: Particulate|Particulate Sorted; Atlas lithology: basalt; Atlas description: (""Great Scott"") is both the largest and the most intensively studied of the Apollo 15 rocks. It is a medium-grained olivine basalt, with a few percent small vugs. It is probably very close to a liquid composition, i.e., it contains few, if any, accumulated crystals. It crystallized ~3.3 b.y. ago. Unlike other nearby rocks, 15555 was not dust-coated. It is generally tough, but many exterior chips fell off during earth transit and many of these pieces are friable. It is sub-rounded and blocky, with many zap pits.; Parent source: atlas_sample_id",subsample_or_fraction,yes,https://www.lpi.usra.edu/lunar/samples/atlas/detail/?mission=Apollo%2015&sample=15555,
457,15555,965,-99.0,no,bir2lr168,LR-CMP-168,"15555,965 reddish-brown pyroxene B",none,,,,,,basalt,,"RELAB specimen: 15555,965 reddish-brown pyroxene B; RELAB description: Silicate (Ino), Pyroxene Clinopyroxene Augite Mg-Poor, Mineral separate from Apollo 15 basalt (LRMCC); Collection: Apollo 15 site, Moon; Specimen type: Returned Lunar Sample; Material origin: Natural; Material type: Mineral; Material subtypes: Particulate|Particulate Ground Sorted; Atlas lithology: basalt; Atlas description: (""Great Scott"") is both the largest and the most intensively studied of the Apollo 15 rocks. It is a medium-grained olivine basalt, with a few percent small vugs. It is probably very close to a liquid composition, i.e., it contains few, if any, accumulated crystals. It crystallized ~3.3 b.y. ago. Unlike other nearby rocks, 15555 was not dust-coated. It is generally tough, but many exterior chips fell off during earth transit and many of these pieces are friable. It is sub-rounded and blocky, with many zap pits.; Parent source: atlas_sample_id",subsample_or_fraction,yes,https://www.lpi.usra.edu/lunar/samples/atlas/detail/?mission=Apollo%2015&sample=15555,
458,15555,965,-99.0,no,bir2lr169,LR-CMP-169,"15555,965 olivine B",none,,,,,,basalt,,"RELAB specimen: 15555,965 olivine B; RELAB description: Silicate (Neso), Olivine , Mineral separate from Apollo 15 basalt (LRMCC); Collection: Apollo 15 site, Moon; Specimen type: Returned Lunar Sample; Material origin: Natural; Material type: Mineral; Material subtypes: Particulate|Particulate Ground Sorted; Atlas lithology: basalt; Atlas description: (""Great Scott"") is both the largest and the most intensively studied of the Apollo 15 rocks. It is a medium-grained olivine basalt, with a few percent small vugs. It is probably very close to a liquid composition, i.e., it contains few, if any, accumulated crystals. It crystallized ~3.3 b.y. ago. Unlike other nearby rocks, 15555 was not dust-coated. It is generally tough, but many exterior chips fell off during earth transit and many of these pieces are friable. It is sub-rounded and blocky, with many zap pits.; Parent source: atlas_sample_id",subsample_or_fraction,yes,https://www.lpi.usra.edu/lunar/samples/atlas/detail/?mission=Apollo%2015&sample=15555,
459,15555,965,-99.0,no,bir2lr170,LR-CMP-170,"15555,965 light-brown pyroxene B",none,,,,,,basalt,,"RELAB specimen: 15555,965 light-brown pyroxene B; RELAB description: Silicate (Ino), Pyroxene Clinopyroxene Augite Mg-Rich Subcalcic, Mineral separate from Apollo 15 basalt (LRMCC); Collection: Apollo 15 site, Moon; Specimen type: Returned Lunar Sample; Material origin: Natural; Material type: Mineral; Material subtypes: Particulate|Particulate Ground Sorted; Atlas lithology: basalt; Atlas description: (""Great Scott"") is both the largest and the most intensively studied of the Apollo 15 rocks. It is a medium-grained olivine basalt, with a few percent small vugs. It is probably very close to a liquid composition, i.e., it contains few, if any, accumulated crystals. It crystallized ~3.3 b.y. ago. Unlike other nearby rocks, 15555 was not dust-coated. It is generally tough, but many exterior chips fell off during earth transit and many of these pieces are friable. It is sub-rounded and blocky, with many zap pits.; Parent source: atlas_sample_id",subsample_or_fraction,yes,https://www.lpi.usra.edu/lunar/samples/atlas/detail/?mission=Apollo%2015&sample=15555,
460,15555,965,-99.0,no,bir3lr168,LR-CMP-168,"15555,965 reddish-brown pyroxene B",none,,,,,,basalt,,"RELAB specimen: 15555,965 reddish-brown pyroxene B; RELAB description: Silicate (Ino), Pyroxene Clinopyroxene Augite Mg-Poor, Mineral separate from Apollo 15 basalt (LRMCC); Collection: Apollo 15 site, Moon; Specimen type: Returned Lunar Sample; Material origin: Natural; Material type: Mineral; Material subtypes: Particulate|Particulate Ground Sorted; Atlas lithology: basalt; Atlas description: (""Great Scott"") is both the largest and the most intensively studied of the Apollo 15 rocks. It is a medium-grained olivine basalt, with a few percent small vugs. It is probably very close to a liquid composition, i.e., it contains few, if any, accumulated crystals. It crystallized ~3.3 b.y. ago. Unlike other nearby rocks, 15555 was not dust-coated. It is generally tough, but many exterior chips fell off during earth transit and many of these pieces are friable. It is sub-rounded and blocky, with many zap pits.; Parent source: atlas_sample_id",subsample_or_fraction,yes,https://www.lpi.usra.edu/lunar/samples/atlas/detail/?mission=Apollo%2015&sample=15555,
461,15555,965,-99.0,no,bir3lr169,LR-CMP-169,"15555,965 olivine B",none,,,,,,basalt,,"RELAB specimen: 15555,965 olivine B; RELAB description: Silicate (Neso), Olivine , Mineral separate from Apollo 15 basalt (LRMCC); Collection: Apollo 15 site, Moon; Specimen type: Returned Lunar Sample; Material origin: Natural; Material type: Mineral; Material subtypes: Particulate|Particulate Ground Sorted; Atlas lithology: basalt; Atlas description: (""Great Scott"") is both the largest and the most intensively studied of the Apollo 15 rocks. It is a medium-grained olivine basalt, with a few percent small vugs. It is probably very close to a liquid composition, i.e., it contains few, if any, accumulated crystals. It crystallized ~3.3 b.y. ago. Unlike other nearby rocks, 15555 was not dust-coated. It is generally tough, but many exterior chips fell off during earth transit and many of these pieces are friable. It is sub-rounded and blocky, with many zap pits.; Parent source: atlas_sample_id",subsample_or_fraction,yes,https://www.lpi.usra.edu/lunar/samples/atlas/detail/?mission=Apollo%2015&sample=15555,
462,15555,965,-99.0,no,bir3lr170,LR-CMP-170,"15555,965 light-brown pyroxene B",none,,,,,,basalt,,"RELAB specimen: 15555,965 light-brown pyroxene B; RELAB description: Silicate (Ino), Pyroxene Clinopyroxene Augite Mg-Rich Subcalcic, Mineral separate from Apollo 15 basalt (LRMCC); Collection: Apollo 15 site, Moon; Specimen type: Returned Lunar Sample; Material origin: Natural; Material type: Mineral; Material subtypes: Particulate|Particulate Ground Sorted; Atlas lithology: basalt; Atlas description: (""Great Scott"") is both the largest and the most intensively studied of the Apollo 15 rocks. It is a medium-grained olivine basalt, with a few percent small vugs. It is probably very close to a liquid composition, i.e., it contains few, if any, accumulated crystals. It crystallized ~3.3 b.y. ago. Unlike other nearby rocks, 15555 was not dust-coated. It is generally tough, but many exterior chips fell off during earth transit and many of these pieces are friable. It is sub-rounded and blocky, with many zap pits.; Parent source: atlas_sample_id",subsample_or_fraction,yes,https://www.lpi.usra.edu/lunar/samples/atlas/detail/?mission=Apollo%2015&sample=15555,
463,15555,965,-99.0,no,c1lr168,LR-CMP-168,"15555,965 reddish-brown pyroxene B",none,,,,,,basalt,,"RELAB specimen: 15555,965 reddish-brown pyroxene B; RELAB description: Silicate (Ino), Pyroxene Clinopyroxene Augite Mg-Poor, Mineral separate from Apollo 15 basalt (LRMCC); Collection: Apollo 15 site, Moon; Specimen type: Returned Lunar Sample; Material origin: Natural; Material type: Mineral; Material subtypes: Particulate|Particulate Ground Sorted; Atlas lithology: basalt; Atlas description: (""Great Scott"") is both the largest and the most intensively studied of the Apollo 15 rocks. It is a medium-grained olivine basalt, with a few percent small vugs. It is probably very close to a liquid composition, i.e., it contains few, if any, accumulated crystals. It crystallized ~3.3 b.y. ago. Unlike other nearby rocks, 15555 was not dust-coated. It is generally tough, but many exterior chips fell off during earth transit and many of these pieces are friable. It is sub-rounded and blocky, with many zap pits.; Parent source: atlas_sample_id",subsample_or_fraction,yes,https://www.lpi.usra.edu/lunar/samples/atlas/detail/?mission=Apollo%2015&sample=15555,
464,15555,965,-99.0,no,c1lr169,LR-CMP-169,"15555,965 olivine B",none,,,,,,basalt,,"RELAB specimen: 15555,965 olivine B; RELAB description: Silicate (Neso), Olivine , Mineral separate from Apollo 15 basalt (LRMCC); Collection: Apollo 15 site, Moon; Specimen type: Returned Lunar Sample; Material origin: Natural; Material type: Mineral; Material subtypes: Particulate|Particulate Ground Sorted; Atlas lithology: basalt; Atlas description: (""Great Scott"") is both the largest and the most intensively studied of the Apollo 15 rocks. It is a medium-grained olivine basalt, with a few percent small vugs. It is probably very close to a liquid composition, i.e., it contains few, if any, accumulated crystals. It crystallized ~3.3 b.y. ago. Unlike other nearby rocks, 15555 was not dust-coated. It is generally tough, but many exterior chips fell off during earth transit and many of these pieces are friable. It is sub-rounded and blocky, with many zap pits.; Parent source: atlas_sample_id",subsample_or_fraction,yes,https://www.lpi.usra.edu/lunar/samples/atlas/detail/?mission=Apollo%2015&sample=15555,
465,15555,965,-99.0,no,c1lr170,LR-CMP-170,"15555,965 light-brown pyroxene B",none,,,,,,basalt,,"RELAB specimen: 15555,965 light-brown pyroxene B; RELAB description: Silicate (Ino), Pyroxene Clinopyroxene Augite Mg-Rich Subcalcic, Mineral separate from Apollo 15 basalt (LRMCC); Collection: Apollo 15 site, Moon; Specimen type: Returned Lunar Sample; Material origin: Natural; Material type: Mineral; Material subtypes: Particulate|Particulate Ground Sorted; Atlas lithology: basalt; Atlas description: (""Great Scott"") is both the largest and the most intensively studied of the Apollo 15 rocks. It is a medium-grained olivine basalt, with a few percent small vugs. It is probably very close to a liquid composition, i.e., it contains few, if any, accumulated crystals. It crystallized ~3.3 b.y. ago. Unlike other nearby rocks, 15555 was not dust-coated. It is generally tough, but many exterior chips fell off during earth transit and many of these pieces are friable. It is sub-rounded and blocky, with many zap pits.; Parent source: atlas_sample_id",subsample_or_fraction,yes,https://www.lpi.usra.edu/lunar/samples/atlas/detail/?mission=Apollo%2015&sample=15555,
466,15555,965,-99.0,no,c1lr171,LR-CMP-171,"15555,965 plagioclase B",none,,,,,,basalt,,"RELAB specimen: 15555,965 plagioclase B; RELAB description: Silicate (Tecto), Feldspar Plagioclase, Mineral separate from Apollo 15 basalt (LRMCC); Collection: Apollo 15 site, Moon; Specimen type: Returned Lunar Sample; Material origin: Natural; Material type: Mineral; Material subtypes: Particulate|Particulate Ground Sorted; Atlas lithology: basalt; Atlas description: (""Great Scott"") is both the largest and the most intensively studied of the Apollo 15 rocks. It is a medium-grained olivine basalt, with a few percent small vugs. It is probably very close to a liquid composition, i.e., it contains few, if any, accumulated crystals. It crystallized ~3.3 b.y. ago. Unlike other nearby rocks, 15555 was not dust-coated. It is generally tough, but many exterior chips fell off during earth transit and many of these pieces are friable. It is sub-rounded and blocky, with many zap pits.; Parent source: atlas_sample_id",subsample_or_fraction,yes,https://www.lpi.usra.edu/lunar/samples/atlas/detail/?mission=Apollo%2015&sample=15555,
467,15555,965,-99.0,no,c1lr205,LR-CMP-205,"15555,965 bulk D <45 um",none,,,,,,basalt,,"RELAB specimen: 15555,965 bulk D <45 um; RELAB description: Basalt, Low-Ti Mare Basalt, Bulk rock separate (LRMCC); Collection: Apollo 15 site, Moon; Specimen type: Returned Lunar Sample; Material origin: Natural; Material type: Rock; Material subtypes: Particulate|Particulate Ground Sorted; Atlas lithology: basalt; Atlas description: (""Great Scott"") is both the largest and the most intensively studied of the Apollo 15 rocks. It is a medium-grained olivine basalt, with a few percent small vugs. It is probably very close to a liquid composition, i.e., it contains few, if any, accumulated crystals. It crystallized ~3.3 b.y. ago. Unlike other nearby rocks, 15555 was not dust-coated. It is generally tough, but many exterior chips fell off during earth transit and many of these pieces are friable. It is sub-rounded and blocky, with many zap pits.; Parent source: atlas_sample_id",subsample_or_fraction,yes,https://www.lpi.usra.edu/lunar/samples/atlas/detail/?mission=Apollo%2015&sample=15555,
468,15555,965,-99.0,no,c1lr211,LR-CMP-211,"15555,965 reddish-brown pyroxene D <45 um",none,,,,,,basalt,,"RELAB specimen: 15555,965 reddish-brown pyroxene D <45 um; RELAB description: Silicate (Ino), Pyroxene Clinopyroxene Augite Mg-Poor, Mineral separate from Apollo 15 basalt (LRMCC); Collection: Apollo 15 site, Moon; Specimen type: Returned Lunar Sample; Material origin: Natural; Material type: Mineral; Material subtypes: Particulate|Particulate Ground Sorted; Atlas lithology: basalt; Atlas description: (""Great Scott"") is both the largest and the most intensively studied of the Apollo 15 rocks. It is a medium-grained olivine basalt, with a few percent small vugs. It is probably very close to a liquid composition, i.e., it contains few, if any, accumulated crystals. It crystallized ~3.3 b.y. ago. Unlike other nearby rocks, 15555 was not dust-coated. It is generally tough, but many exterior chips fell off during earth transit and many of these pieces are friable. It is sub-rounded and blocky, with many zap pits.; Parent source: atlas_sample_id",subsample_or_fraction,yes,https://www.lpi.usra.edu/lunar/samples/atlas/detail/?mission=Apollo%2015&sample=15555,
469,15555,965,-99.0,no,c1lr212,LR-CMP-212,"15555,965 olivine D <45 um",none,,,,,,basalt,,"RELAB specimen: 15555,965 olivine D <45 um; RELAB description: Silicate (Neso), Olivine , Mineral separate from Apollo 15 basalt (LRMCC); Collection: Apollo 15 site, Moon; Specimen type: Returned Lunar Sample; Material origin: Natural; Material type: Mineral; Material subtypes: Particulate|Particulate Ground Sorted; Atlas lithology: basalt; Atlas description: (""Great Scott"") is both the largest and the most intensively studied of the Apollo 15 rocks. It is a medium-grained olivine basalt, with a few percent small vugs. It is probably very close to a liquid composition, i.e., it contains few, if any, accumulated crystals. It crystallized ~3.3 b.y. ago. Unlike other nearby rocks, 15555 was not dust-coated. It is generally tough, but many exterior chips fell off during earth transit and many of these pieces are friable. It is sub-rounded and blocky, with many zap pits.; Parent source: atlas_sample_id",subsample_or_fraction,yes,https://www.lpi.usra.edu/lunar/samples/atlas/detail/?mission=Apollo%2015&sample=15555,
470,15555,965,-99.0,no,c1lr213,LR-CMP-213,"15555,965 light-brown pyroxene D <45 um",none,,,,,,basalt,,"RELAB specimen: 15555,965 light-brown pyroxene D <45 um; RELAB description: Silicate (Ino), Pyroxene Clinopyroxene Augite Mg-Rich Subcalcic, Mineral separate from Apollo 15 basalt (LRMCC); Collection: Apollo 15 site, Moon; Specimen type: Returned Lunar Sample; Material origin: Natural; Material type: Mineral; Material subtypes: Particulate|Particulate Ground Sorted; Atlas lithology: basalt; Atlas description: (""Great Scott"") is both the largest and the most intensively studied of the Apollo 15 rocks. It is a medium-grained olivine basalt, with a few percent small vugs. It is probably very close to a liquid composition, i.e., it contains few, if any, accumulated crystals. It crystallized ~3.3 b.y. ago. Unlike other nearby rocks, 15555 was not dust-coated. It is generally tough, but many exterior chips fell off during earth transit and many of these pieces are friable. It is sub-rounded and blocky, with many zap pits.; Parent source: atlas_sample_id",subsample_or_fraction,yes,https://www.lpi.usra.edu/lunar/samples/atlas/detail/?mission=Apollo%2015&sample=15555,
471,15555,965,-99.0,no,c1lr214,LR-CMP-214,"15555,965 plagioclase D <45 um",none,,,,,,basalt,,"RELAB specimen: 15555,965 plagioclase D <45 um; RELAB description: Silicate (Tecto), Feldspar Plagioclase, Mineral separate from Apollo 15 basalt (LRMCC); Collection: Apollo 15 site, Moon; Specimen type: Returned Lunar Sample; Material origin: Natural; Material type: Mineral; Material subtypes: Particulate|Particulate Ground Sorted; Atlas lithology: basalt; Atlas description: (""Great Scott"") is both the largest and the most intensively studied of the Apollo 15 rocks. It is a medium-grained olivine basalt, with a few percent small vugs. It is probably very close to a liquid composition, i.e., it contains few, if any, accumulated crystals. It crystallized ~3.3 b.y. ago. Unlike other nearby rocks, 15555 was not dust-coated. It is generally tough, but many exterior chips fell off during earth transit and many of these pieces are friable. It is sub-rounded and blocky, with many zap pits.; Parent source: atlas_sample_id",subsample_or_fraction,yes,https://www.lpi.usra.edu/lunar/samples/atlas/detail/?mission=Apollo%2015&sample=15555,
472,15555,965,-99.0,no,c2lr168,LR-CMP-168,"15555,965 reddish-brown pyroxene B",none,,,,,,basalt,,"RELAB specimen: 15555,965 reddish-brown pyroxene B; RELAB description: Silicate (Ino), Pyroxene Clinopyroxene Augite Mg-Poor, Mineral separate from Apollo 15 basalt (LRMCC); Collection: Apollo 15 site, Moon; Specimen type: Returned Lunar Sample; Material origin: Natural; Material type: Mineral; Material subtypes: Particulate|Particulate Ground Sorted; Atlas lithology: basalt; Atlas description: (""Great Scott"") is both the largest and the most intensively studied of the Apollo 15 rocks. It is a medium-grained olivine basalt, with a few percent small vugs. It is probably very close to a liquid composition, i.e., it contains few, if any, accumulated crystals. It crystallized ~3.3 b.y. ago. Unlike other nearby rocks, 15555 was not dust-coated. It is generally tough, but many exterior chips fell off during earth transit and many of these pieces are friable. It is sub-rounded and blocky, with many zap pits.; Parent source: atlas_sample_id",subsample_or_fraction,yes,https://www.lpi.usra.edu/lunar/samples/atlas/detail/?mission=Apollo%2015&sample=15555,
473,15555,965,-99.0,no,c2lr169,LR-CMP-169,"15555,965 olivine B",none,,,,,,basalt,,"RELAB specimen: 15555,965 olivine B; RELAB description: Silicate (Neso), Olivine , Mineral separate from Apollo 15 basalt (LRMCC); Collection: Apollo 15 site, Moon; Specimen type: Returned Lunar Sample; Material origin: Natural; Material type: Mineral; Material subtypes: Particulate|Particulate Ground Sorted; Atlas lithology: basalt; Atlas description: (""Great Scott"") is both the largest and the most intensively studied of the Apollo 15 rocks. It is a medium-grained olivine basalt, with a few percent small vugs. It is probably very close to a liquid composition, i.e., it contains few, if any, accumulated crystals. It crystallized ~3.3 b.y. ago. Unlike other nearby rocks, 15555 was not dust-coated. It is generally tough, but many exterior chips fell off during earth transit and many of these pieces are friable. It is sub-rounded and blocky, with many zap pits.; Parent source: atlas_sample_id",subsample_or_fraction,yes,https://www.lpi.usra.edu/lunar/samples/atlas/detail/?mission=Apollo%2015&sample=15555,
474,15555,965,-99.0,no,c2lr170,LR-CMP-170,"15555,965 light-brown pyroxene B",none,,,,,,basalt,,"RELAB specimen: 15555,965 light-brown pyroxene B; RELAB description: Silicate (Ino), Pyroxene Clinopyroxene Augite Mg-Rich Subcalcic, Mineral separate from Apollo 15 basalt (LRMCC); Collection: Apollo 15 site, Moon; Specimen type: Returned Lunar Sample; Material origin: Natural; Material type: Mineral; Material subtypes: Particulate|Particulate Ground Sorted; Atlas lithology: basalt; Atlas description: (""Great Scott"") is both the largest and the most intensively studied of the Apollo 15 rocks. It is a medium-grained olivine basalt, with a few percent small vugs. It is probably very close to a liquid composition, i.e., it contains few, if any, accumulated crystals. It crystallized ~3.3 b.y. ago. Unlike other nearby rocks, 15555 was not dust-coated. It is generally tough, but many exterior chips fell off during earth transit and many of these pieces are friable. It is sub-rounded and blocky, with many zap pits.; Parent source: atlas_sample_id",subsample_or_fraction,yes,https://www.lpi.usra.edu/lunar/samples/atlas/detail/?mission=Apollo%2015&sample=15555,
475,15555,965,-99.0,no,c2lr171,LR-CMP-171,"15555,965 plagioclase B",none,,,,,,basalt,,"RELAB specimen: 15555,965 plagioclase B; RELAB description: Silicate (Tecto), Feldspar Plagioclase, Mineral separate from Apollo 15 basalt (LRMCC); Collection: Apollo 15 site, Moon; Specimen type: Returned Lunar Sample; Material origin: Natural; Material type: Mineral; Material subtypes: Particulate|Particulate Ground Sorted; Atlas lithology: basalt; Atlas description: (""Great Scott"") is both the largest and the most intensively studied of the Apollo 15 rocks. It is a medium-grained olivine basalt, with a few percent small vugs. It is probably very close to a liquid composition, i.e., it contains few, if any, accumulated crystals. It crystallized ~3.3 b.y. ago. Unlike other nearby rocks, 15555 was not dust-coated. It is generally tough, but many exterior chips fell off during earth transit and many of these pieces are friable. It is sub-rounded and blocky, with many zap pits.; Parent source: atlas_sample_id",subsample_or_fraction,yes,https://www.lpi.usra.edu/lunar/samples/atlas/detail/?mission=Apollo%2015&sample=15555,
476,15555,965,-99.0,no,c2lr205,LR-CMP-205,"15555,965 bulk D <45 um",none,,,,,,basalt,,"RELAB specimen: 15555,965 bulk D <45 um; RELAB description: Basalt, Low-Ti Mare Basalt, Bulk rock separate (LRMCC); Collection: Apollo 15 site, Moon; Specimen type: Returned Lunar Sample; Material origin: Natural; Material type: Rock; Material subtypes: Particulate|Particulate Ground Sorted; Atlas lithology: basalt; Atlas description: (""Great Scott"") is both the largest and the most intensively studied of the Apollo 15 rocks. It is a medium-grained olivine basalt, with a few percent small vugs. It is probably very close to a liquid composition, i.e., it contains few, if any, accumulated crystals. It crystallized ~3.3 b.y. ago. Unlike other nearby rocks, 15555 was not dust-coated. It is generally tough, but many exterior chips fell off during earth transit and many of these pieces are friable. It is sub-rounded and blocky, with many zap pits.; Parent source: atlas_sample_id",subsample_or_fraction,yes,https://www.lpi.usra.edu/lunar/samples/atlas/detail/?mission=Apollo%2015&sample=15555,
477,15555,965,-99.0,no,c2lr214,LR-CMP-214,"15555,965 plagioclase D <45 um",none,,,,,,basalt,,"RELAB specimen: 15555,965 plagioclase D <45 um; RELAB description: Silicate (Tecto), Feldspar Plagioclase, Mineral separate from Apollo 15 basalt (LRMCC); Collection: Apollo 15 site, Moon; Specimen type: Returned Lunar Sample; Material origin: Natural; Material type: Mineral; Material subtypes: Particulate|Particulate Ground Sorted; Atlas lithology: basalt; Atlas description: (""Great Scott"") is both the largest and the most intensively studied of the Apollo 15 rocks. It is a medium-grained olivine basalt, with a few percent small vugs. It is probably very close to a liquid composition, i.e., it contains few, if any, accumulated crystals. It crystallized ~3.3 b.y. ago. Unlike other nearby rocks, 15555 was not dust-coated. It is generally tough, but many exterior chips fell off during earth transit and many of these pieces are friable. It is sub-rounded and blocky, with many zap pits.; Parent source: atlas_sample_id",subsample_or_fraction,yes,https://www.lpi.usra.edu/lunar/samples/atlas/detail/?mission=Apollo%2015&sample=15555,
478,15555,965,0.51,yes,bir1lr163,LR-CMP-163,"15555,965 plagioclase A",explicit_reference,lr-cmp-163_specimenchemistry,LR-CMP-163,Plagioclase,"PGI, Taylor et al.",,basalt,,"RELAB specimen: 15555,965 plagioclase A; RELAB description: Silicate (Tecto), Feldspar Plagioclase, Mineral separate from Apollo 15 basalt (LRMCC); Collection: Apollo 15 site, Moon; Specimen type: Returned Lunar Sample; Material origin: Natural; Material type: Mineral; Material subtypes: Particulate|Particulate Sorted; Atlas lithology: basalt; Atlas description: (""Great Scott"") is both the largest and the most intensively studied of the Apollo 15 rocks. It is a medium-grained olivine basalt, with a few percent small vugs. It is probably very close to a liquid composition, i.e., it contains few, if any, accumulated crystals. It crystallized ~3.3 b.y. ago. Unlike other nearby rocks, 15555 was not dust-coated. It is generally tough, but many exterior chips fell off during earth transit and many of these pieces are friable. It is sub-rounded and blocky, with many zap pits.; Chemistry phase: Plagioclase; Parent source: atlas_sample_id",subsample_or_fraction,yes,https://www.lpi.usra.edu/lunar/samples/atlas/detail/?mission=Apollo%2015&sample=15555,
479,15555,965,20.3,yes,bir1lr161,LR-CMP-161,"15555,965 light-brown pyroxene A",explicit_reference,lr-cmp-161_specimenchemistry,LR-CMP-161,Augite,"PGI, Taylor et al.",,basalt,,"RELAB specimen: 15555,965 light-brown pyroxene A; RELAB description: Silicate (Ino), Pyroxene Clinopyroxene Augite Mg-Rich Subcalcic, Mineral separate from Apollo 15 basalt (LRMCC); Collection: Apollo 15 site, Moon; Specimen type: Returned Lunar Sample; Material origin: Natural; Material type: Mineral; Material subtypes: Particulate|Particulate Sorted; Atlas lithology: basalt; Atlas description: (""Great Scott"") is both the largest and the most intensively studied of the Apollo 15 rocks. It is a medium-grained olivine basalt, with a few percent small vugs. It is probably very close to a liquid composition, i.e., it contains few, if any, accumulated crystals. It crystallized ~3.3 b.y. ago. Unlike other nearby rocks, 15555 was not dust-coated. It is generally tough, but many exterior chips fell off during earth transit and many of these pieces are friable. It is sub-rounded and blocky, with many zap pits.; Chemistry phase: Augite; Parent source: atlas_sample_id",subsample_or_fraction,yes,https://www.lpi.usra.edu/lunar/samples/atlas/detail/?mission=Apollo%2015&sample=15555,
480,15555,965,22.47,yes,bir1lr154,LR-CMP-154,"15555,965 bulk <125 um",explicit_reference,lr-cmp-154_specimenchemistry,LR-CMP-154,Bulk,"PGI, Taylor et al.",,basalt,,"RELAB specimen: 15555,965 bulk <125 um; RELAB description: Basalt, Low-Ti Mare Basalt, Bulk rock separate (LRMCC); Collection: Apollo 15 site, Moon; Specimen type: Returned Lunar Sample; Material origin: Natural; Material type: Rock; Material subtypes: Particulate|Particulate Sorted; Atlas lithology: basalt; Atlas description: (""Great Scott"") is both the largest and the most intensively studied of the Apollo 15 rocks. It is a medium-grained olivine basalt, with a few percent small vugs. It is probably very close to a liquid composition, i.e., it contains few, if any, accumulated crystals. It crystallized ~3.3 b.y. ago. Unlike other nearby rocks, 15555 was not dust-coated. It is generally tough, but many exterior chips fell off during earth transit and many of these pieces are friable. It is sub-rounded and blocky, with many zap pits.; Chemistry phase: Bulk; Parent source: atlas_sample_id",subsample_or_fraction,yes,https://www.lpi.usra.edu/lunar/samples/atlas/detail/?mission=Apollo%2015&sample=15555,
481,15555,965,22.47,yes,c1lr154,LR-CMP-154,"15555,965 bulk <125 um",explicit_reference,lr-cmp-154_specimenchemistry,LR-CMP-154,Bulk,"PGI, Taylor et al.",,basalt,,"RELAB specimen: 15555,965 bulk <125 um; RELAB description: Basalt, Low-Ti Mare Basalt, Bulk rock separate (LRMCC); Collection: Apollo 15 site, Moon; Specimen type: Returned Lunar Sample; Material origin: Natural; Material type: Rock; Material subtypes: Particulate|Particulate Sorted; Atlas lithology: basalt; Atlas description: (""Great Scott"") is both the largest and the most intensively studied of the Apollo 15 rocks. It is a medium-grained olivine basalt, with a few percent small vugs. It is probably very close to a liquid composition, i.e., it contains few, if any, accumulated crystals. It crystallized ~3.3 b.y. ago. Unlike other nearby rocks, 15555 was not dust-coated. It is generally tough, but many exterior chips fell off during earth transit and many of these pieces are friable. It is sub-rounded and blocky, with many zap pits.; Chemistry phase: Bulk; Parent source: atlas_sample_id",subsample_or_fraction,yes,https://www.lpi.usra.edu/lunar/samples/atlas/detail/?mission=Apollo%2015&sample=15555,
482,15555,965,25.4,yes,bir1lr160,LR-CMP-160,"15555,965 reddish-brown pyroxene A",explicit_reference,lr-cmp-160_specimenchemistry,LR-CMP-160,Augite,"PGI, Taylor et al.",,basalt,,"RELAB specimen: 15555,965 reddish-brown pyroxene A; RELAB description: Silicate (Ino), Pyroxene Clinopyroxene Augite Mg-Poor, Mineral separate from Apollo 15 basalt (LRMCC); Collection: Apollo 15 site, Moon; Specimen type: Returned Lunar Sample; Material origin: Natural; Material type: Mineral; Material subtypes: Particulate|Particulate Sorted; Atlas lithology: basalt; Atlas description: (""Great Scott"") is both the largest and the most intensively studied of the Apollo 15 rocks. It is a medium-grained olivine basalt, with a few percent small vugs. It is probably very close to a liquid composition, i.e., it contains few, if any, accumulated crystals. It crystallized ~3.3 b.y. ago. Unlike other nearby rocks, 15555 was not dust-coated. It is generally tough, but many exterior chips fell off during earth transit and many of these pieces are friable. It is sub-rounded and blocky, with many zap pits.; Chemistry phase: Augite; Parent source: atlas_sample_id",subsample_or_fraction,yes,https://www.lpi.usra.edu/lunar/samples/atlas/detail/?mission=Apollo%2015&sample=15555,
483,15555,965,42.0,yes,bir1lr162,LR-CMP-162,"15555,965 olivine A",explicit_reference,lr-cmp-162_specimenchemistry,LR-CMP-162,Olivine,"PGI, Taylor et al.",,basalt,,"RELAB specimen: 15555,965 olivine A; RELAB description: Silicate (Neso), Olivine , Mineral separate from Apollo 15 basalt (LRMCC); Collection: Apollo 15 site, Moon; Specimen type: Returned Lunar Sample; Material origin: Natural; Material type: Mineral; Material subtypes: Particulate|Particulate Sorted; Atlas lithology: basalt; Atlas description: (""Great Scott"") is both the largest and the most intensively studied of the Apollo 15 rocks. It is a medium-grained olivine basalt, with a few percent small vugs. It is probably very close to a liquid composition, i.e., it contains few, if any, accumulated crystals. It crystallized ~3.3 b.y. ago. Unlike other nearby rocks, 15555 was not dust-coated. It is generally tough, but many exterior chips fell off during earth transit and many of these pieces are friable. It is sub-rounded and blocky, with many zap pits.; Chemistry phase: Olivine; Parent source: atlas_sample_id",subsample_or_fraction,yes,https://www.lpi.usra.edu/lunar/samples/atlas/detail/?mission=Apollo%2015&sample=15555,
484,15601,340,19.79,yes,c1ls60,LS-CMP-060,"15601,340",explicit_reference,ls-cmp-060_specimenchemistry,LS-CMP-060,Bulk,"Morris et al., 1983. Handbook of Lunar Soils, Part 1, p. 412.",,soil,,"RELAB specimen: 15601,340; RELAB description: Mare, Bulk, Station 9a, near Hadley Rille. Collected 20m from the rille rim. Comprehensive soil to accompany rake sample.; Collection: Apollo 15; Specimen type: Returned Lunar Sample; Material origin: Natural; Material type: Unconsolidated Mixture; Material subtypes: Particulate|Mare; Atlas lithology: soil; Atlas description: The large soil sample and the adjacent rake sample contained many olivine-normative basalt samples (156xx). Only about 2/3 of the soil sample was sieved, with about 400 grams remaining unsieved. Small rocks are described separately; Chemistry phase: Bulk; Chemistry notes: Apollo 15 soil #15601 from Station 9a.; Parent source: atlas_sample_id",subsample_or_fraction,yes,https://www.lpi.usra.edu/lunar/samples/atlas/detail/?mission=Apollo%2015&sample=15601,
485,15601,356,-99.0,no,bir1ls127,LS-GJT-127,"15601,356 <150 um",none,,,,,,soil,,"RELAB specimen: 15601,356 <150 um; RELAB description: Highland, Bulk,; Collection: Apollo 15 site, Moon; Specimen type: Returned Lunar Sample; Material origin: Natural; Material type: Unconsolidated Mixture; Material subtypes: Particulate|Particulate Sorted|Highland; Atlas lithology: soil; Atlas description: The large soil sample and the adjacent rake sample contained many olivine-normative basalt samples (156xx). Only about 2/3 of the soil sample was sieved, with about 400 grams remaining unsieved. Small rocks are described separately; Parent source: atlas_sample_id",subsample_or_fraction,yes,https://www.lpi.usra.edu/lunar/samples/atlas/detail/?mission=Apollo%2015&sample=15601,
486,15601,356,-99.0,no,c1ls127,LS-GJT-127,"15601,356 <150 um",none,,,,,,soil,,"RELAB specimen: 15601,356 <150 um; RELAB description: Highland, Bulk,; Collection: Apollo 15 site, Moon; Specimen type: Returned Lunar Sample; Material origin: Natural; Material type: Unconsolidated Mixture; Material subtypes: Particulate|Particulate Sorted|Highland; Atlas lithology: soil; Atlas description: The large soil sample and the adjacent rake sample contained many olivine-normative basalt samples (156xx). Only about 2/3 of the soil sample was sieved, with about 400 grams remaining unsieved. Small rocks are described separately; Parent source: atlas_sample_id",subsample_or_fraction,yes,https://www.lpi.usra.edu/lunar/samples/atlas/detail/?mission=Apollo%2015&sample=15601,
487,60015,0,-99.0,no,bir1lr229,LR-LEN-229,60015 plagioclase 75-150 um,none,,,,,rock,anorthite,,"RELAB specimen: 60015 plagioclase 75-150 um; RELAB description: Silicate (Tecto), Feldspar Plagioclase, (NASA-F); Collection: Apollo 16 site, Moon; Specimen type: Returned Lunar Sample; Material origin: Natural; Material type: Mineral; Material subtypes: Particulate|Particulate Sorted; Atlas type: rock; Atlas lithology: anorthite; Atlas description: Coherent, very light gray, shock-melted and cataclastic anorthosite; largely coated with vesicular glass up to 1 cm thick; Parent source: atlas_sample_id",subsample_or_fraction,yes,https://www.lpi.usra.edu/lunar/samples/atlas/detail/?mission=Apollo%2016&sample=60015,
488,60015,0,-99.0,no,c1lr229,LR-LEN-229,60015 plagioclase 75-150 um,none,,,,,rock,anorthite,,"RELAB specimen: 60015 plagioclase 75-150 um; RELAB description: Silicate (Tecto), Feldspar Plagioclase, (NASA-F); Collection: Apollo 16 site, Moon; Specimen type: Returned Lunar Sample; Material origin: Natural; Material type: Mineral; Material subtypes: Particulate|Particulate Sorted; Atlas type: rock; Atlas lithology: anorthite; Atlas description: Coherent, very light gray, shock-melted and cataclastic anorthosite; largely coated with vesicular glass up to 1 cm thick; Parent source: atlas_sample_id",subsample_or_fraction,yes,https://www.lpi.usra.edu/lunar/samples/atlas/detail/?mission=Apollo%2016&sample=60015,
489,60015,801,-99.0,no,bir1lr246b,LR-CMP-246-B,"60015,801 <45 um",none,,,,,rock,anorthite,,"RELAB specimen: 60015,801 <45 um; RELAB description: Highland, Anorthosite, Anorthosite dry-sieved to 0-45 um; Collection: Apollo 16 site, Moon; Specimen type: Returned Lunar Sample; Material origin: Natural; Material type: Rock; Material subtypes: Particulate; Atlas type: rock; Atlas lithology: anorthite; Atlas description: Coherent, very light gray, shock-melted and cataclastic anorthosite; largely coated with vesicular glass up to 1 cm thick; Parent source: atlas_sample_id",subsample_or_fraction,yes,https://www.lpi.usra.edu/lunar/samples/atlas/detail/?mission=Apollo%2016&sample=60015,
490,60015,801,-99.0,no,bir1lr246c,LR-CMP-246-C,"60015,801 45-75 um",none,,,,,rock,anorthite,,"RELAB specimen: 60015,801 45-75 um; RELAB description: Highland, Anorthosite, Anorthosite dry-sieved to 45-75 um; Not exactly the same split as LR-CMP-237-C; Collection: Apollo 16 site, Moon; Specimen type: Returned Lunar Sample; Material origin: Natural; Material type: Rock; Material subtypes: Particulate; Atlas type: rock; Atlas lithology: anorthite; Atlas description: Coherent, very light gray, shock-melted and cataclastic anorthosite; largely coated with vesicular glass up to 1 cm thick; Parent source: atlas_sample_id",subsample_or_fraction,yes,https://www.lpi.usra.edu/lunar/samples/atlas/detail/?mission=Apollo%2016&sample=60015,
491,60015,801,-99.0,no,c1lr237,LR-CMP-237,"60015,801 bulk",none,,,,,rock,anorthite,,"RELAB specimen: 60015,801 bulk; RELAB description: Highland, Anorthosite, Bulk anorthosite; Collection: Apollo 16 site, Moon; Specimen type: Returned Lunar Sample; Material origin: Natural; Material type: Rock; Material subtypes: Particulate; Atlas type: rock; Atlas lithology: anorthite; Atlas description: Coherent, very light gray, shock-melted and cataclastic anorthosite; largely coated with vesicular glass up to 1 cm thick; Parent source: atlas_sample_id",subsample_or_fraction,yes,https://www.lpi.usra.edu/lunar/samples/atlas/detail/?mission=Apollo%2016&sample=60015,
492,60015,801,-99.0,no,c1lr237c,LR-CMP-237-C,"60015,801 45-75 um",none,,,,,rock,anorthite,,"RELAB specimen: 60015,801 45-75 um; RELAB description: Highland, Anorthosite, Anorthosite dry-sieved to 45-75 um; Collection: Apollo 16 site, Moon; Specimen type: Returned Lunar Sample; Material origin: Natural; Material type: Rock; Material subtypes: Particulate; Atlas type: rock; Atlas lithology: anorthite; Atlas description: Coherent, very light gray, shock-melted and cataclastic anorthosite; largely coated with vesicular glass up to 1 cm thick; Parent source: atlas_sample_id",subsample_or_fraction,yes,https://www.lpi.usra.edu/lunar/samples/atlas/detail/?mission=Apollo%2016&sample=60015,
493,60015,801,-99.0,no,c1lr242c,LR-CMP-242-C,"60015,801 Plag Sep",none,,,,,rock,anorthite,,"RELAB specimen: 60015,801 Plag Sep; RELAB description: Silicate (Tecto), Plagioclase, Purified plagioclase separate from 60015,801 45-75 um fraction (LR-CMP-237-C); Collection: Apollo 16 site, Moon; Specimen type: Returned Lunar Sample; Material origin: Natural; Material type: Mineral; Material subtypes: Particulate; Atlas type: rock; Atlas lithology: anorthite; Atlas description: Coherent, very light gray, shock-melted and cataclastic anorthosite; largely coated with vesicular glass up to 1 cm thick; Parent source: atlas_sample_id",subsample_or_fraction,yes,https://www.lpi.usra.edu/lunar/samples/atlas/detail/?mission=Apollo%2016&sample=60015,
494,60015,801,-99.0,no,c1lr246b,LR-CMP-246-B,"60015,801 <45 um",none,,,,,rock,anorthite,,"RELAB specimen: 60015,801 <45 um; RELAB description: Highland, Anorthosite, Anorthosite dry-sieved to 0-45 um; Collection: Apollo 16 site, Moon; Specimen type: Returned Lunar Sample; Material origin: Natural; Material type: Rock; Material subtypes: Particulate; Atlas type: rock; Atlas lithology: anorthite; Atlas description: Coherent, very light gray, shock-melted and cataclastic anorthosite; largely coated with vesicular glass up to 1 cm thick; Parent source: atlas_sample_id",subsample_or_fraction,yes,https://www.lpi.usra.edu/lunar/samples/atlas/detail/?mission=Apollo%2016&sample=60015,
495,60015,801,-99.0,no,c1lr246c,LR-CMP-246-C,"60015,801 45-75 um",none,,,,,rock,anorthite,,"RELAB specimen: 60015,801 45-75 um; RELAB description: Highland, Anorthosite, Anorthosite dry-sieved to 45-75 um; Not exactly the same split as LR-CMP-237-C; Collection: Apollo 16 site, Moon; Specimen type: Returned Lunar Sample; Material origin: Natural; Material type: Rock; Material subtypes: Particulate; Atlas type: rock; Atlas lithology: anorthite; Atlas description: Coherent, very light gray, shock-melted and cataclastic anorthosite; largely coated with vesicular glass up to 1 cm thick; Parent source: atlas_sample_id",subsample_or_fraction,yes,https://www.lpi.usra.edu/lunar/samples/atlas/detail/?mission=Apollo%2016&sample=60015,
496,60019,214,5.3,yes,c4ls07,LS-CMP-007,"60019,214",explicit_reference,ls-cmp-007_specimenchemistry,LS-CMP-007,Bulk,"HJ Rose, et al, Proc.Lunar Sci.Conf.6th,1975,p1363",rock,breccia,,"RELAB specimen: 60019,214; RELAB description: Polymict Breccia, Regolith Breccia, Small Chip sunk in epoxy and then cut; Collection: Apollo 16; Specimen type: Returned Lunar Sample; Material origin: Natural; Material type: Rock; Material subtypes: Nonparticulate|Slab, Potted Butt; Atlas type: rock; Atlas lithology: breccia; Atlas description: coherent, medium-gray glassy breccia containing several large, light colored clasts; Chemistry phase: Bulk; Chemistry notes: Matrix chemistry of Apollo 16 Reg. Breccia #60019; Parent source: atlas_sample_id",subsample_or_fraction,yes,https://www.lpi.usra.edu/lunar/samples/atlas/detail/?mission=Apollo%2016&sample=60019,
497,60019,214,5.3,yes,c5ls07,LS-CMP-007,"60019,214",explicit_reference,ls-cmp-007_specimenchemistry,LS-CMP-007,Bulk,"HJ Rose, et al, Proc.Lunar Sci.Conf.6th,1975,p1363",rock,breccia,,"RELAB specimen: 60019,214; RELAB description: Polymict Breccia, Regolith Breccia, Small Chip sunk in epoxy and then cut; Collection: Apollo 16; Specimen type: Returned Lunar Sample; Material origin: Natural; Material type: Rock; Material subtypes: Nonparticulate|Slab, Potted Butt; Atlas type: rock; Atlas lithology: breccia; Atlas description: coherent, medium-gray glassy breccia containing several large, light colored clasts; Chemistry phase: Bulk; Chemistry notes: Matrix chemistry of Apollo 16 Reg. Breccia #60019; Parent source: atlas_sample_id",subsample_or_fraction,yes,https://www.lpi.usra.edu/lunar/samples/atlas/detail/?mission=Apollo%2016&sample=60019,
498,60019,214,5.3,yes,c6ls07,LS-CMP-007,"60019,214",explicit_reference,ls-cmp-007_specimenchemistry,LS-CMP-007,Bulk,"HJ Rose, et al, Proc.Lunar Sci.Conf.6th,1975,p1363",rock,breccia,,"RELAB specimen: 60019,214; RELAB description: Polymict Breccia, Regolith Breccia, Small Chip sunk in epoxy and then cut; Collection: Apollo 16; Specimen type: Returned Lunar Sample; Material origin: Natural; Material type: Rock; Material subtypes: Nonparticulate|Slab, Potted Butt; Atlas type: rock; Atlas lithology: breccia; Atlas description: coherent, medium-gray glassy breccia containing several large, light colored clasts; Chemistry phase: Bulk; Chemistry notes: Matrix chemistry of Apollo 16 Reg. Breccia #60019; Parent source: atlas_sample_id",subsample_or_fraction,yes,https://www.lpi.usra.edu/lunar/samples/atlas/detail/?mission=Apollo%2016&sample=60019,
499,60019,214,5.3,yes,s4ls07,LS-CMP-007,"60019,214",explicit_reference,ls-cmp-007_specimenchemistry,LS-CMP-007,Bulk,"HJ Rose, et al, Proc.Lunar Sci.Conf.6th,1975,p1363",rock,breccia,,"RELAB specimen: 60019,214; RELAB description: Polymict Breccia, Regolith Breccia, Small Chip sunk in epoxy and then cut; Collection: Apollo 16; Specimen type: Returned Lunar Sample; Material origin: Natural; Material type: Rock; Material subtypes: Nonparticulate|Slab, Potted Butt; Atlas type: rock; Atlas lithology: breccia; Atlas description: coherent, medium-gray glassy breccia containing several large, light colored clasts; Chemistry phase: Bulk; Chemistry notes: Matrix chemistry of Apollo 16 Reg. Breccia #60019; Parent source: atlas_sample_id",subsample_or_fraction,yes,https://www.lpi.usra.edu/lunar/samples/atlas/detail/?mission=Apollo%2016&sample=60019,
500,60019,214,5.3,yes,s5ls07,LS-CMP-007,"60019,214",explicit_reference,ls-cmp-007_specimenchemistry,LS-CMP-007,Bulk,"HJ Rose, et al, Proc.Lunar Sci.Conf.6th,1975,p1363",rock,breccia,,"RELAB specimen: 60019,214; RELAB description: Polymict Breccia, Regolith Breccia, Small Chip sunk in epoxy and then cut; Collection: Apollo 16; Specimen type: Returned Lunar Sample; Material origin: Natural; Material type: Rock; Material subtypes: Nonparticulate|Slab, Potted Butt; Atlas type: rock; Atlas lithology: breccia; Atlas description: coherent, medium-gray glassy breccia containing several large, light colored clasts; Chemistry phase: Bulk; Chemistry notes: Matrix chemistry of Apollo 16 Reg. Breccia #60019; Parent source: atlas_sample_id",subsample_or_fraction,yes,https://www.lpi.usra.edu/lunar/samples/atlas/detail/?mission=Apollo%2016&sample=60019,
501,60019,214,5.3,yes,s6ls07,LS-CMP-007,"60019,214",explicit_reference,ls-cmp-007_specimenchemistry,LS-CMP-007,Bulk,"HJ Rose, et al, Proc.Lunar Sci.Conf.6th,1975,p1363",rock,breccia,,"RELAB specimen: 60019,214; RELAB description: Polymict Breccia, Regolith Breccia, Small Chip sunk in epoxy and then cut; Collection: Apollo 16; Specimen type: Returned Lunar Sample; Material origin: Natural; Material type: Rock; Material subtypes: Nonparticulate|Slab, Potted Butt; Atlas type: rock; Atlas lithology: breccia; Atlas description: coherent, medium-gray glassy breccia containing several large, light colored clasts; Chemistry phase: Bulk; Chemistry notes: Matrix chemistry of Apollo 16 Reg. Breccia #60019; Parent source: atlas_sample_id",subsample_or_fraction,yes,https://www.lpi.usra.edu/lunar/samples/atlas/detail/?mission=Apollo%2016&sample=60019,
502,60019,215,-99.0,no,c10ls8,LS-CMP-008-MR,"60019,215 E2",none,,,,,rock,breccia,,"RELAB specimen: 60019,215 E2; RELAB description: Polymict Breccia, Regolith Breccia, Matrix of thin slab 60019,215 side E2. Matches w/thin sec ,219 Parent to: ,9002 - ,9006; Collection: Apollo 16; Specimen type: Returned Lunar Sample; Material origin: Natural; Material type: Rock; Material subtypes: Nonparticulate|Slab; Atlas type: rock; Atlas lithology: breccia; Atlas description: coherent, medium-gray glassy breccia containing several large, light colored clasts; Parent source: atlas_sample_id",subsample_or_fraction,yes,https://www.lpi.usra.edu/lunar/samples/atlas/detail/?mission=Apollo%2016&sample=60019,
503,60019,215,-99.0,no,c1gl15,LS-CMP-015-G1,"60019,215 Clast G1",none,,,,,rock,breccia,,"RELAB specimen: 60019,215 Clast G1; RELAB description: (Clast) , Fine-grained, granular texture. PLG and mafic silicates w/ small amounts of ilmenite and metal.; Collection: Apollo 16; Specimen type: Returned Lunar Sample; Material origin: Natural; Material type: Rock; Material subtypes: Nonparticulate|Slab; Atlas type: rock; Atlas lithology: breccia; Atlas description: coherent, medium-gray glassy breccia containing several large, light colored clasts; Parent source: atlas_sample_id",subsample_or_fraction,yes,https://www.lpi.usra.edu/lunar/samples/atlas/detail/?mission=Apollo%2016&sample=60019,
504,60019,215,-99.0,no,c1ls08,LS-CMP-008-A,"60019,215 Clast A",none,,,,,rock,breccia,,"RELAB specimen: 60019,215 Clast A; RELAB description: Igneous Plutonic, Troctolite Impact Melt Clast, Mostly blocky olivine and lath-shaped plagioclasewith small amounts of chromite and Mg,Al spinel; Collection: Apollo 16; Specimen type: Returned Lunar Sample; Material origin: Natural; Material type: Rock; Material subtypes: Nonparticulate|Slab; Atlas type: rock; Atlas lithology: breccia; Atlas description: coherent, medium-gray glassy breccia containing several large, light colored clasts; Parent source: atlas_sample_id",subsample_or_fraction,yes,https://www.lpi.usra.edu/lunar/samples/atlas/detail/?mission=Apollo%2016&sample=60019,
505,60019,215,-99.0,no,c1ls15,LS-CMP-015-G1,"60019,215 Clast G1",none,,,,,rock,breccia,,"RELAB specimen: 60019,215 Clast G1; RELAB description: (Clast) , Fine-grained, granular texture. PLG and mafic silicates w/ small amounts of ilmenite and metal.; Collection: Apollo 16; Specimen type: Returned Lunar Sample; Material origin: Natural; Material type: Rock; Material subtypes: Nonparticulate|Slab; Atlas type: rock; Atlas lithology: breccia; Atlas description: coherent, medium-gray glassy breccia containing several large, light colored clasts; Parent source: atlas_sample_id",subsample_or_fraction,yes,https://www.lpi.usra.edu/lunar/samples/atlas/detail/?mission=Apollo%2016&sample=60019,
506,60019,215,-99.0,no,c1ls16,LS-CMP-016-S1,"60019,215 Spot S1",none,,,,,rock,breccia,,"RELAB specimen: 60019,215 Spot S1; RELAB description: Polymict Breccia, Regolith Breccia, White clast near edge of regolith breccia chip 60019,215, side W2; Collection: Apollo 16; Specimen type: Returned Lunar Sample; Material origin: Natural; Material type: Rock; Material subtypes: Particulate; Atlas type: rock; Atlas lithology: breccia; Atlas description: coherent, medium-gray glassy breccia containing several large, light colored clasts; Parent source: atlas_sample_id",subsample_or_fraction,yes,https://www.lpi.usra.edu/lunar/samples/atlas/detail/?mission=Apollo%2016&sample=60019,
507,60019,215,-99.0,no,c2gl15,LS-CMP-015-G2,"60019,215 Clast G2",none,,,,,rock,breccia,,"RELAB specimen: 60019,215 Clast G2; RELAB description: Polymict Breccia, Poikilitic Impact Melt Breccia Clast, OLV clasts and both clasts and lath-shaped PLG enclosed by lo-Ca PYX. PLG laths and mesostasis also occur btwn poikilitic PYX crystals.; Collection: Apollo 16; Specimen type: Returned Lunar Sample; Material origin: Natural; Material type: Rock; Material subtypes: Nonparticulate|Slab; Atlas type: rock; Atlas lithology: breccia; Atlas description: coherent, medium-gray glassy breccia containing several large, light colored clasts; Parent source: atlas_sample_id",subsample_or_fraction,yes,https://www.lpi.usra.edu/lunar/samples/atlas/detail/?mission=Apollo%2016&sample=60019,
508,60019,215,-99.0,no,c2ls08,LS-CMP-008-A,"60019,215 Clast A",none,,,,,rock,breccia,,"RELAB specimen: 60019,215 Clast A; RELAB description: Igneous Plutonic, Troctolite Impact Melt Clast, Mostly blocky olivine and lath-shaped plagioclasewith small amounts of chromite and Mg,Al spinel; Collection: Apollo 16; Specimen type: Returned Lunar Sample; Material origin: Natural; Material type: Rock; Material subtypes: Nonparticulate|Slab; Atlas type: rock; Atlas lithology: breccia; Atlas description: coherent, medium-gray glassy breccia containing several large, light colored clasts; Parent source: atlas_sample_id",subsample_or_fraction,yes,https://www.lpi.usra.edu/lunar/samples/atlas/detail/?mission=Apollo%2016&sample=60019,
509,60019,215,-99.0,no,c2ls15,LS-CMP-015-G1,"60019,215 Clast G1",none,,,,,rock,breccia,,"RELAB specimen: 60019,215 Clast G1; RELAB description: (Clast) , Fine-grained, granular texture. PLG and mafic silicates w/ small amounts of ilmenite and metal.; Collection: Apollo 16; Specimen type: Returned Lunar Sample; Material origin: Natural; Material type: Rock; Material subtypes: Nonparticulate|Slab; Atlas type: rock; Atlas lithology: breccia; Atlas description: coherent, medium-gray glassy breccia containing several large, light colored clasts; Parent source: atlas_sample_id",subsample_or_fraction,yes,https://www.lpi.usra.edu/lunar/samples/atlas/detail/?mission=Apollo%2016&sample=60019,
510,60019,215,-99.0,no,c2ls16,LS-CMP-016-S2,"60019,215 Spot S2",none,,,,,rock,breccia,,"RELAB specimen: 60019,215 Spot S2; RELAB description: Polymict Breccia, Regolith Breccia, Spot S2 = three clasts and surrounding matrix; Collection: Apollo 16; Specimen type: Returned Lunar Sample; Material origin: Natural; Material type: Rock; Material subtypes: Particulate; Atlas type: rock; Atlas lithology: breccia; Atlas description: coherent, medium-gray glassy breccia containing several large, light colored clasts; Parent source: atlas_sample_id",subsample_or_fraction,yes,https://www.lpi.usra.edu/lunar/samples/atlas/detail/?mission=Apollo%2016&sample=60019,
511,60019,215,-99.0,no,c31l15,LS-CMP-015-G5,"60019,215 Clast G5",none,,,,,rock,breccia,,"RELAB specimen: 60019,215 Clast G5; RELAB description: Polymict Breccia, (Clast) , Sim. to matrix, but w/ substantial amt of impact-melt rock clasts consisting of quench-crystallized or devitrified feldspathic mat'l.; Collection: Apollo 16; Specimen type: Returned Lunar Sample; Material origin: Natural; Material type: Rock; Material subtypes: Nonparticulate|Slab; Atlas type: rock; Atlas lithology: breccia; Atlas description: coherent, medium-gray glassy breccia containing several large, light colored clasts; Parent source: atlas_sample_id",subsample_or_fraction,yes,https://www.lpi.usra.edu/lunar/samples/atlas/detail/?mission=Apollo%2016&sample=60019,
512,60019,215,-99.0,no,c32l15,LS-CMP-015-G5,"60019,215 Clast G5",none,,,,,rock,breccia,,"RELAB specimen: 60019,215 Clast G5; RELAB description: Polymict Breccia, (Clast) , Sim. to matrix, but w/ substantial amt of impact-melt rock clasts consisting of quench-crystallized or devitrified feldspathic mat'l.; Collection: Apollo 16; Specimen type: Returned Lunar Sample; Material origin: Natural; Material type: Rock; Material subtypes: Nonparticulate|Slab; Atlas type: rock; Atlas lithology: breccia; Atlas description: coherent, medium-gray glassy breccia containing several large, light colored clasts; Parent source: atlas_sample_id",subsample_or_fraction,yes,https://www.lpi.usra.edu/lunar/samples/atlas/detail/?mission=Apollo%2016&sample=60019,
513,60019,215,-99.0,no,c3gl15,LS-CMP-015-G3,"60019,215 Clast G3",none,,,,,rock,breccia,,"RELAB specimen: 60019,215 Clast G3; RELAB description: Polymict Breccia, Impact Melt Breccia Clast , PLG & lo-Ca PYX are equiangular and 50-100uM across. Some ilmenite and metal also present.; Collection: Apollo 16; Specimen type: Returned Lunar Sample; Material origin: Natural; Material type: Rock; Material subtypes: Nonparticulate|Slab; Atlas type: rock; Atlas lithology: breccia; Atlas description: coherent, medium-gray glassy breccia containing several large, light colored clasts; Parent source: atlas_sample_id",subsample_or_fraction,yes,https://www.lpi.usra.edu/lunar/samples/atlas/detail/?mission=Apollo%2016&sample=60019,
514,60019,215,-99.0,no,c3ls08,LS-CMP-008-MR,"60019,215 E2",none,,,,,rock,breccia,,"RELAB specimen: 60019,215 E2; RELAB description: Polymict Breccia, Regolith Breccia, Matrix of thin slab 60019,215 side E2. Matches w/thin sec ,219 Parent to: ,9002 - ,9006; Collection: Apollo 16; Specimen type: Returned Lunar Sample; Material origin: Natural; Material type: Rock; Material subtypes: Nonparticulate|Slab; Atlas type: rock; Atlas lithology: breccia; Atlas description: coherent, medium-gray glassy breccia containing several large, light colored clasts; Parent source: atlas_sample_id",subsample_or_fraction,yes,https://www.lpi.usra.edu/lunar/samples/atlas/detail/?mission=Apollo%2016&sample=60019,
515,60019,215,-99.0,no,c3ls15,LS-CMP-015-G1,"60019,215 Clast G1",none,,,,,rock,breccia,,"RELAB specimen: 60019,215 Clast G1; RELAB description: (Clast) , Fine-grained, granular texture. PLG and mafic silicates w/ small amounts of ilmenite and metal.; Collection: Apollo 16; Specimen type: Returned Lunar Sample; Material origin: Natural; Material type: Rock; Material subtypes: Nonparticulate|Slab; Atlas type: rock; Atlas lithology: breccia; Atlas description: coherent, medium-gray glassy breccia containing several large, light colored clasts; Parent source: atlas_sample_id",subsample_or_fraction,yes,https://www.lpi.usra.edu/lunar/samples/atlas/detail/?mission=Apollo%2016&sample=60019,
516,60019,215,-99.0,no,c4ls08,LS-CMP-008-HS,"60019,215 Side E2 Area #2 Heart-shaped area",none,,,,,rock,breccia,,"RELAB specimen: 60019,215 Side E2 Area #2 Heart-shaped area; RELAB description: Polymict Breccia, Regolith Breccia, Matrix of thin slab 60019,215 side E2. Matches w/thin sec ,219 Parent to: ,9002 - ,9006; Collection: Apollo 16; Specimen type: Returned Lunar Sample; Material origin: Natural; Material type: Rock; Material subtypes: Nonparticulate|Slab; Atlas type: rock; Atlas lithology: breccia; Atlas description: coherent, medium-gray glassy breccia containing several large, light colored clasts; Parent source: atlas_sample_id",subsample_or_fraction,yes,https://www.lpi.usra.edu/lunar/samples/atlas/detail/?mission=Apollo%2016&sample=60019,
517,60019,215,-99.0,no,c5ls08,LS-CMP-008-B,"60019,215 Clast B",none,,,,,rock,breccia,,"RELAB specimen: 60019,215 Clast B; RELAB description: Igneous , (Clast) , Heavily shocked feldspathic rock fragment, w/ fine-grained plag and mosaicized pyx. Parent mat'l is breccia LS-8-MR.; Collection: Apollo 16; Specimen type: Returned Lunar Sample; Material origin: Natural; Material type: Rock; Material subtypes: Nonparticulate|Slab; Atlas type: rock; Atlas lithology: breccia; Atlas description: coherent, medium-gray glassy breccia containing several large, light colored clasts; Parent source: atlas_sample_id",subsample_or_fraction,yes,https://www.lpi.usra.edu/lunar/samples/atlas/detail/?mission=Apollo%2016&sample=60019,
518,60019,215,-99.0,no,c5ls15,LS-CMP-015-G5,"60019,215 Clast G5",none,,,,,rock,breccia,,"RELAB specimen: 60019,215 Clast G5; RELAB description: Polymict Breccia, (Clast) , Sim. to matrix, but w/ substantial amt of impact-melt rock clasts consisting of quench-crystallized or devitrified feldspathic mat'l.; Collection: Apollo 16; Specimen type: Returned Lunar Sample; Material origin: Natural; Material type: Rock; Material subtypes: Nonparticulate|Slab; Atlas type: rock; Atlas lithology: breccia; Atlas description: coherent, medium-gray glassy breccia containing several large, light colored clasts; Parent source: atlas_sample_id",subsample_or_fraction,yes,https://www.lpi.usra.edu/lunar/samples/atlas/detail/?mission=Apollo%2016&sample=60019,
519,60019,215,-99.0,no,c6ls08,LS-CMP-008-LC,"60019,215 Light clast on broken small fragment from Slab E2",none,,,,,rock,breccia,,"RELAB specimen: 60019,215 Light clast on broken small fragment from Slab E2; RELAB description: Polymict Breccia, Regolith Breccia, Matrix of thin slab 60019,215 side E2. Matches w/thin sec ,219 Parent to: ,9002 - ,9006; Collection: Apollo 16; Specimen type: Returned Lunar Sample; Material origin: Natural; Material type: Rock; Material subtypes: Nonparticulate|Slab; Atlas type: rock; Atlas lithology: breccia; Atlas description: coherent, medium-gray glassy breccia containing several large, light colored clasts; Parent source: atlas_sample_id",subsample_or_fraction,yes,https://www.lpi.usra.edu/lunar/samples/atlas/detail/?mission=Apollo%2016&sample=60019,
520,60019,215,-99.0,no,c7ls08,LS-CMP-008-MR,"60019,215 E2",none,,,,,rock,breccia,,"RELAB specimen: 60019,215 E2; RELAB description: Polymict Breccia, Regolith Breccia, Matrix of thin slab 60019,215 side E2. Matches w/thin sec ,219 Parent to: ,9002 - ,9006; Collection: Apollo 16; Specimen type: Returned Lunar Sample; Material origin: Natural; Material type: Rock; Material subtypes: Nonparticulate|Slab; Atlas type: rock; Atlas lithology: breccia; Atlas description: coherent, medium-gray glassy breccia containing several large, light colored clasts; Parent source: atlas_sample_id",subsample_or_fraction,yes,https://www.lpi.usra.edu/lunar/samples/atlas/detail/?mission=Apollo%2016&sample=60019,
521,60019,215,-99.0,no,c8ls08,LS-CMP-008-F,"60019,215 Clast F",none,,,,,rock,breccia,,"RELAB specimen: 60019,215 Clast F; RELAB description: (Clast) , Clast F of lunar thin slab 60019,215 side E2; Collection: Apollo 16; Specimen type: Returned Lunar Sample; Material origin: Natural; Material type: Rock; Material subtypes: Nonparticulate|Slab; Atlas type: rock; Atlas lithology: breccia; Atlas description: coherent, medium-gray glassy breccia containing several large, light colored clasts; Parent source: atlas_sample_id",subsample_or_fraction,yes,https://www.lpi.usra.edu/lunar/samples/atlas/detail/?mission=Apollo%2016&sample=60019,
522,60019,215,-99.0,no,ca2ls8,LS-CMP-008-A,"60019,215 Clast A",none,,,,,rock,breccia,,"RELAB specimen: 60019,215 Clast A; RELAB description: Igneous Plutonic, Troctolite Impact Melt Clast, Mostly blocky olivine and lath-shaped plagioclasewith small amounts of chromite and Mg,Al spinel; Collection: Apollo 16; Specimen type: Returned Lunar Sample; Material origin: Natural; Material type: Rock; Material subtypes: Nonparticulate|Slab; Atlas type: rock; Atlas lithology: breccia; Atlas description: coherent, medium-gray glassy breccia containing several large, light colored clasts; Parent source: atlas_sample_id",subsample_or_fraction,yes,https://www.lpi.usra.edu/lunar/samples/atlas/detail/?mission=Apollo%2016&sample=60019,
523,60019,215,-99.0,no,cbls08,LS-CMP-008-B,"60019,215 Clast B",none,,,,,rock,breccia,,"RELAB specimen: 60019,215 Clast B; RELAB description: Igneous , (Clast) , Heavily shocked feldspathic rock fragment, w/ fine-grained plag and mosaicized pyx. Parent mat'l is breccia LS-8-MR.; Collection: Apollo 16; Specimen type: Returned Lunar Sample; Material origin: Natural; Material type: Rock; Material subtypes: Nonparticulate|Slab; Atlas type: rock; Atlas lithology: breccia; Atlas description: coherent, medium-gray glassy breccia containing several large, light colored clasts; Parent source: atlas_sample_id",subsample_or_fraction,yes,https://www.lpi.usra.edu/lunar/samples/atlas/detail/?mission=Apollo%2016&sample=60019,
524,60019,215,-99.0,no,ccls08,LS-CMP-008-C1,"60019,215,2 Matrix area C1",none,,,,,rock,breccia,,"RELAB specimen: 60019,215,2 Matrix area C1; Collection: Apollo 16; Specimen type: Returned Lunar Sample; Material origin: Natural; Material type: Rock; Material subtypes: Nonparticulate|Slab; Atlas type: rock; Atlas lithology: breccia; Atlas description: coherent, medium-gray glassy breccia containing several large, light colored clasts; Parent source: atlas_sample_id",subsample_or_fraction,yes,https://www.lpi.usra.edu/lunar/samples/atlas/detail/?mission=Apollo%2016&sample=60019,
525,60019,215,-99.0,no,cdls08,LS-CMP-008-D,"60019,215 Clast D",none,,,,,rock,breccia,,"RELAB specimen: 60019,215 Clast D; RELAB description: Igneous Plutonic, Noritic Anorthosite Clast , Moderately shocked, cataclastic noritic anorthosite. Plag crystals originally >1mm, but now smaller due to crushing. Lg ILM crystals.; Collection: Apollo 16; Specimen type: Returned Lunar Sample; Material origin: Natural; Material type: Rock; Material subtypes: Nonparticulate|Slab; Atlas type: rock; Atlas lithology: breccia; Atlas description: coherent, medium-gray glassy breccia containing several large, light colored clasts; Parent source: atlas_sample_id",subsample_or_fraction,yes,https://www.lpi.usra.edu/lunar/samples/atlas/detail/?mission=Apollo%2016&sample=60019,
526,60019,215,-99.0,no,cels15,LS-CMP-008-E,"60019,215 Frag E",none,,,,,rock,breccia,,"RELAB specimen: 60019,215 Frag E; RELAB description: (Clast) , Light clast on the end of broken fragment E (side E2) of regolith breccia chip 60019,215; Collection: Apollo 16; Specimen type: Returned Lunar Sample; Material origin: Natural; Material type: Rock; Material subtypes: Nonparticulate|Slab; Atlas type: rock; Atlas lithology: breccia; Atlas description: coherent, medium-gray glassy breccia containing several large, light colored clasts; Parent source: atlas_sample_id",subsample_or_fraction,yes,https://www.lpi.usra.edu/lunar/samples/atlas/detail/?mission=Apollo%2016&sample=60019,
527,60019,215,-99.0,no,cg2l15,LS-CMP-015-G2,"60019,215 Clast G2",none,,,,,rock,breccia,,"RELAB specimen: 60019,215 Clast G2; RELAB description: Polymict Breccia, Poikilitic Impact Melt Breccia Clast, OLV clasts and both clasts and lath-shaped PLG enclosed by lo-Ca PYX. PLG laths and mesostasis also occur btwn poikilitic PYX crystals.; Collection: Apollo 16; Specimen type: Returned Lunar Sample; Material origin: Natural; Material type: Rock; Material subtypes: Nonparticulate|Slab; Atlas type: rock; Atlas lithology: breccia; Atlas description: coherent, medium-gray glassy breccia containing several large, light colored clasts; Parent source: atlas_sample_id",subsample_or_fraction,yes,https://www.lpi.usra.edu/lunar/samples/atlas/detail/?mission=Apollo%2016&sample=60019,
528,60019,215,-99.0,no,cg3l15,LS-CMP-015-G3,"60019,215 Clast G3",none,,,,,rock,breccia,,"RELAB specimen: 60019,215 Clast G3; RELAB description: Polymict Breccia, Impact Melt Breccia Clast , PLG & lo-Ca PYX are equiangular and 50-100uM across. Some ilmenite and metal also present.; Collection: Apollo 16; Specimen type: Returned Lunar Sample; Material origin: Natural; Material type: Rock; Material subtypes: Nonparticulate|Slab; Atlas type: rock; Atlas lithology: breccia; Atlas description: coherent, medium-gray glassy breccia containing several large, light colored clasts; Parent source: atlas_sample_id",subsample_or_fraction,yes,https://www.lpi.usra.edu/lunar/samples/atlas/detail/?mission=Apollo%2016&sample=60019,
529,60019,215,-99.0,no,cg4l15,LS-CMP-015-G4,"60019,215 Clast G4",none,,,,,rock,breccia,,"RELAB specimen: 60019,215 Clast G4; RELAB description: (Clast) , Heart-shaped clast near edge of regolith breccia chip 60019,215; Collection: Apollo 16; Specimen type: Returned Lunar Sample; Material origin: Natural; Material type: Rock; Material subtypes: Nonparticulate|Slab; Atlas type: rock; Atlas lithology: breccia; Atlas description: coherent, medium-gray glassy breccia containing several large, light colored clasts; Parent source: atlas_sample_id",subsample_or_fraction,yes,https://www.lpi.usra.edu/lunar/samples/atlas/detail/?mission=Apollo%2016&sample=60019,
530,60019,215,-99.0,no,cg5l15,LS-CMP-015-G5,"60019,215 Clast G5",none,,,,,rock,breccia,,"RELAB specimen: 60019,215 Clast G5; RELAB description: Polymict Breccia, (Clast) , Sim. to matrix, but w/ substantial amt of impact-melt rock clasts consisting of quench-crystallized or devitrified feldspathic mat'l.; Collection: Apollo 16; Specimen type: Returned Lunar Sample; Material origin: Natural; Material type: Rock; Material subtypes: Nonparticulate|Slab; Atlas type: rock; Atlas lithology: breccia; Atlas description: coherent, medium-gray glassy breccia containing several large, light colored clasts; Parent source: atlas_sample_id",subsample_or_fraction,yes,https://www.lpi.usra.edu/lunar/samples/atlas/detail/?mission=Apollo%2016&sample=60019,
531,60019,215,-99.0,no,cg6l15,LS-CMP-015-G6,"60019,215 Clast G6",none,,,,,rock,breccia,,"RELAB specimen: 60019,215 Clast G6; RELAB description: (Clast) , Bright white clast adjacent to clast G5 on side W2 of lunar thin slab 60019,215; Collection: Apollo 16; Specimen type: Returned Lunar Sample; Material origin: Natural; Material type: Rock; Material subtypes: Nonparticulate|Slab; Atlas type: rock; Atlas lithology: breccia; Atlas description: coherent, medium-gray glassy breccia containing several large, light colored clasts; Parent source: atlas_sample_id",subsample_or_fraction,yes,https://www.lpi.usra.edu/lunar/samples/atlas/detail/?mission=Apollo%2016&sample=60019,
532,60019,215,-99.0,no,cl15g2,LS-CMP-015-G2,"60019,215 Clast G2",none,,,,,rock,breccia,,"RELAB specimen: 60019,215 Clast G2; RELAB description: Polymict Breccia, Poikilitic Impact Melt Breccia Clast, OLV clasts and both clasts and lath-shaped PLG enclosed by lo-Ca PYX. PLG laths and mesostasis also occur btwn poikilitic PYX crystals.; Collection: Apollo 16; Specimen type: Returned Lunar Sample; Material origin: Natural; Material type: Rock; Material subtypes: Nonparticulate|Slab; Atlas type: rock; Atlas lithology: breccia; Atlas description: coherent, medium-gray glassy breccia containing several large, light colored clasts; Parent source: atlas_sample_id",subsample_or_fraction,yes,https://www.lpi.usra.edu/lunar/samples/atlas/detail/?mission=Apollo%2016&sample=60019,
533,60019,215,-99.0,no,cl15g5,LS-CMP-015-G5,"60019,215 Clast G5",none,,,,,rock,breccia,,"RELAB specimen: 60019,215 Clast G5; RELAB description: Polymict Breccia, (Clast) , Sim. to matrix, but w/ substantial amt of impact-melt rock clasts consisting of quench-crystallized or devitrified feldspathic mat'l.; Collection: Apollo 16; Specimen type: Returned Lunar Sample; Material origin: Natural; Material type: Rock; Material subtypes: Nonparticulate|Slab; Atlas type: rock; Atlas lithology: breccia; Atlas description: coherent, medium-gray glassy breccia containing several large, light colored clasts; Parent source: atlas_sample_id",subsample_or_fraction,yes,https://www.lpi.usra.edu/lunar/samples/atlas/detail/?mission=Apollo%2016&sample=60019,
534,60019,215,-99.0,no,cl15g6,LS-CMP-015-G6,"60019,215 Clast G6",none,,,,,rock,breccia,,"RELAB specimen: 60019,215 Clast G6; RELAB description: (Clast) , Bright white clast adjacent to clast G5 on side W2 of lunar thin slab 60019,215; Collection: Apollo 16; Specimen type: Returned Lunar Sample; Material origin: Natural; Material type: Rock; Material subtypes: Nonparticulate|Slab; Atlas type: rock; Atlas lithology: breccia; Atlas description: coherent, medium-gray glassy breccia containing several large, light colored clasts; Parent source: atlas_sample_id",subsample_or_fraction,yes,https://www.lpi.usra.edu/lunar/samples/atlas/detail/?mission=Apollo%2016&sample=60019,
535,60019,215,-99.0,no,cl15p2,LS-CMP-015-P2,"60019,215,37",none,,,,,rock,breccia,,"RELAB specimen: 60019,215,37; RELAB description: Polymict Breccia, Regolith Breccia, Regolith breccia thin slab 60019,215, powder #2 from chip #37; Collection: Apollo 16; Specimen type: Returned Lunar Sample; Material origin: Natural; Material type: Rock; Material subtypes: Nonparticulate|Slab; Atlas type: rock; Atlas lithology: breccia; Atlas description: coherent, medium-gray glassy breccia containing several large, light colored clasts; Parent source: atlas_sample_id",subsample_or_fraction,yes,https://www.lpi.usra.edu/lunar/samples/atlas/detail/?mission=Apollo%2016&sample=60019,
536,60019,215,-99.0,no,clls08,LS-CMP-008-MR,"60019,215 E2",none,,,,,rock,breccia,,"RELAB specimen: 60019,215 E2; RELAB description: Polymict Breccia, Regolith Breccia, Matrix of thin slab 60019,215 side E2. Matches w/thin sec ,219 Parent to: ,9002 - ,9006; Collection: Apollo 16; Specimen type: Returned Lunar Sample; Material origin: Natural; Material type: Rock; Material subtypes: Nonparticulate|Slab; Atlas type: rock; Atlas lithology: breccia; Atlas description: coherent, medium-gray glassy breccia containing several large, light colored clasts; Parent source: atlas_sample_id",subsample_or_fraction,yes,https://www.lpi.usra.edu/lunar/samples/atlas/detail/?mission=Apollo%2016&sample=60019,
537,60019,215,-99.0,no,cls8mp,LS-CMP-016-MR,"60019,215 Matrix Pwd",none,,,,,rock,breccia,,"RELAB specimen: 60019,215 Matrix Pwd; RELAB description: Polymict Breccia, Regolith Breccia, Powder from matrix areas of 60019,215 (60019,215,4 is parent to 9005); Collection: Apollo 16 Site, Moon; Specimen type: Returned Lunar Sample; Material origin: Natural; Material type: Rock; Material subtypes: Nonparticulate|Slab; Atlas type: rock; Atlas lithology: breccia; Atlas description: coherent, medium-gray glassy breccia containing several large, light colored clasts; Parent source: atlas_sample_id",subsample_or_fraction,yes,https://www.lpi.usra.edu/lunar/samples/atlas/detail/?mission=Apollo%2016&sample=60019,
538,60019,215,-99.0,no,cls8mq,LS-CMP-016-MR,"60019,215 Matrix Pwd",none,,,,,rock,breccia,,"RELAB specimen: 60019,215 Matrix Pwd; RELAB description: Polymict Breccia, Regolith Breccia, Powder from matrix areas of 60019,215 (60019,215,4 is parent to 9005); Collection: Apollo 16 Site, Moon; Specimen type: Returned Lunar Sample; Material origin: Natural; Material type: Rock; Material subtypes: Nonparticulate|Slab; Atlas type: rock; Atlas lithology: breccia; Atlas description: coherent, medium-gray glassy breccia containing several large, light colored clasts; Parent source: atlas_sample_id",subsample_or_fraction,yes,https://www.lpi.usra.edu/lunar/samples/atlas/detail/?mission=Apollo%2016&sample=60019,
539,60019,215,-99.0,no,cm7l15,LS-CMP-015-MR,"60019,215 W2 Matrix",none,,,,,rock,breccia,,"RELAB specimen: 60019,215 W2 Matrix; RELAB description: Polymict Breccia, Regolith Breccia, Matrix of regolith breccia chip 60019,215 side W2 Parent to 9002, 9004, 9006; Collection: Apollo 16; Specimen type: Returned Lunar Sample; Material origin: Natural; Material type: Rock; Material subtypes: Nonparticulate|Bulk; Atlas type: rock; Atlas lithology: breccia; Atlas description: coherent, medium-gray glassy breccia containing several large, light colored clasts; Parent source: atlas_sample_id",subsample_or_fraction,yes,https://www.lpi.usra.edu/lunar/samples/atlas/detail/?mission=Apollo%2016&sample=60019,
540,60019,215,-99.0,no,n1ls17,LS-CMP-017,"60019,215 Chip #8",none,,,,,rock,breccia,,"RELAB specimen: 60019,215 Chip #8; RELAB description: Polymict Breccia, Regolith Breccia, Powder of clasts G1, G2, G3 and surrounding matrix Part of 9004; Collection: Apollo 16 Landing Site, Moon; Specimen type: Returned Lunar Sample; Material origin: Natural; Material type: Rock; Material subtypes: Particulate; Atlas type: rock; Atlas lithology: breccia; Atlas description: coherent, medium-gray glassy breccia containing several large, light colored clasts; Parent source: atlas_sample_id",subsample_or_fraction,yes,https://www.lpi.usra.edu/lunar/samples/atlas/detail/?mission=Apollo%2016&sample=60019,
541,60019,215,-99.0,no,n2ls17,LS-CMP-017,"60019,215 Chip #8",none,,,,,rock,breccia,,"RELAB specimen: 60019,215 Chip #8; RELAB description: Polymict Breccia, Regolith Breccia, Powder of clasts G1, G2, G3 and surrounding matrix Part of 9004; Collection: Apollo 16 Landing Site, Moon; Specimen type: Returned Lunar Sample; Material origin: Natural; Material type: Rock; Material subtypes: Particulate; Atlas type: rock; Atlas lithology: breccia; Atlas description: coherent, medium-gray glassy breccia containing several large, light colored clasts; Parent source: atlas_sample_id",subsample_or_fraction,yes,https://www.lpi.usra.edu/lunar/samples/atlas/detail/?mission=Apollo%2016&sample=60019,
542,60019,215,-99.0,no,n4ls17,LS-CMP-017,"60019,215 Chip #8",none,,,,,rock,breccia,,"RELAB specimen: 60019,215 Chip #8; RELAB description: Polymict Breccia, Regolith Breccia, Powder of clasts G1, G2, G3 and surrounding matrix Part of 9004; Collection: Apollo 16 Landing Site, Moon; Specimen type: Returned Lunar Sample; Material origin: Natural; Material type: Rock; Material subtypes: Particulate; Atlas type: rock; Atlas lithology: breccia; Atlas description: coherent, medium-gray glassy breccia containing several large, light colored clasts; Parent source: atlas_sample_id",subsample_or_fraction,yes,https://www.lpi.usra.edu/lunar/samples/atlas/detail/?mission=Apollo%2016&sample=60019,
543,60019,215,-99.0,no,s10ls8,LS-CMP-008-MR,"60019,215 E2",none,,,,,rock,breccia,,"RELAB specimen: 60019,215 E2; RELAB description: Polymict Breccia, Regolith Breccia, Matrix of thin slab 60019,215 side E2. Matches w/thin sec ,219 Parent to: ,9002 - ,9006; Collection: Apollo 16; Specimen type: Returned Lunar Sample; Material origin: Natural; Material type: Rock; Material subtypes: Nonparticulate|Slab; Atlas type: rock; Atlas lithology: breccia; Atlas description: coherent, medium-gray glassy breccia containing several large, light colored clasts; Parent source: atlas_sample_id",subsample_or_fraction,yes,https://www.lpi.usra.edu/lunar/samples/atlas/detail/?mission=Apollo%2016&sample=60019,
544,60019,215,-99.0,no,s1ls15,LS-CMP-015-G1,"60019,215 Clast G1",none,,,,,rock,breccia,,"RELAB specimen: 60019,215 Clast G1; RELAB description: (Clast) , Fine-grained, granular texture. PLG and mafic silicates w/ small amounts of ilmenite and metal.; Collection: Apollo 16; Specimen type: Returned Lunar Sample; Material origin: Natural; Material type: Rock; Material subtypes: Nonparticulate|Slab; Atlas type: rock; Atlas lithology: breccia; Atlas description: coherent, medium-gray glassy breccia containing several large, light colored clasts; Parent source: atlas_sample_id",subsample_or_fraction,yes,https://www.lpi.usra.edu/lunar/samples/atlas/detail/?mission=Apollo%2016&sample=60019,
545,60019,215,-99.0,no,s1ls17,LS-CMP-017,"60019,215 Chip #8",none,,,,,rock,breccia,,"RELAB specimen: 60019,215 Chip #8; RELAB description: Polymict Breccia, Regolith Breccia, Powder of clasts G1, G2, G3 and surrounding matrix Part of 9004; Collection: Apollo 16 Landing Site, Moon; Specimen type: Returned Lunar Sample; Material origin: Natural; Material type: Rock; Material subtypes: Particulate; Atlas type: rock; Atlas lithology: breccia; Atlas description: coherent, medium-gray glassy breccia containing several large, light colored clasts; Parent source: atlas_sample_id",subsample_or_fraction,yes,https://www.lpi.usra.edu/lunar/samples/atlas/detail/?mission=Apollo%2016&sample=60019,
546,60019,215,-99.0,no,s2gl15,LS-CMP-015-G2,"60019,215 Clast G2",none,,,,,rock,breccia,,"RELAB specimen: 60019,215 Clast G2; RELAB description: Polymict Breccia, Poikilitic Impact Melt Breccia Clast, OLV clasts and both clasts and lath-shaped PLG enclosed by lo-Ca PYX. PLG laths and mesostasis also occur btwn poikilitic PYX crystals.; Collection: Apollo 16; Specimen type: Returned Lunar Sample; Material origin: Natural; Material type: Rock; Material subtypes: Nonparticulate|Slab; Atlas type: rock; Atlas lithology: breccia; Atlas description: coherent, medium-gray glassy breccia containing several large, light colored clasts; Parent source: atlas_sample_id",subsample_or_fraction,yes,https://www.lpi.usra.edu/lunar/samples/atlas/detail/?mission=Apollo%2016&sample=60019,
547,60019,215,-99.0,no,s2ls16,LS-CMP-016-S2,"60019,215 Spot S2",none,,,,,rock,breccia,,"RELAB specimen: 60019,215 Spot S2; RELAB description: Polymict Breccia, Regolith Breccia, Spot S2 = three clasts and surrounding matrix; Collection: Apollo 16; Specimen type: Returned Lunar Sample; Material origin: Natural; Material type: Rock; Material subtypes: Particulate; Atlas type: rock; Atlas lithology: breccia; Atlas description: coherent, medium-gray glassy breccia containing several large, light colored clasts; Parent source: atlas_sample_id",subsample_or_fraction,yes,https://www.lpi.usra.edu/lunar/samples/atlas/detail/?mission=Apollo%2016&sample=60019,
548,60019,215,-99.0,no,s2ls17,LS-CMP-017,"60019,215 Chip #8",none,,,,,rock,breccia,,"RELAB specimen: 60019,215 Chip #8; RELAB description: Polymict Breccia, Regolith Breccia, Powder of clasts G1, G2, G3 and surrounding matrix Part of 9004; Collection: Apollo 16 Landing Site, Moon; Specimen type: Returned Lunar Sample; Material origin: Natural; Material type: Rock; Material subtypes: Particulate; Atlas type: rock; Atlas lithology: breccia; Atlas description: coherent, medium-gray glassy breccia containing several large, light colored clasts; Parent source: atlas_sample_id",subsample_or_fraction,yes,https://www.lpi.usra.edu/lunar/samples/atlas/detail/?mission=Apollo%2016&sample=60019,
549,60019,215,-99.0,no,s31l15,LS-CMP-015-G5,"60019,215 Clast G5",none,,,,,rock,breccia,,"RELAB specimen: 60019,215 Clast G5; RELAB description: Polymict Breccia, (Clast) , Sim. to matrix, but w/ substantial amt of impact-melt rock clasts consisting of quench-crystallized or devitrified feldspathic mat'l.; Collection: Apollo 16; Specimen type: Returned Lunar Sample; Material origin: Natural; Material type: Rock; Material subtypes: Nonparticulate|Slab; Atlas type: rock; Atlas lithology: breccia; Atlas description: coherent, medium-gray glassy breccia containing several large, light colored clasts; Parent source: atlas_sample_id",subsample_or_fraction,yes,https://www.lpi.usra.edu/lunar/samples/atlas/detail/?mission=Apollo%2016&sample=60019,
550,60019,215,-99.0,no,s32l15,LS-CMP-015-G5,"60019,215 Clast G5",none,,,,,rock,breccia,,"RELAB specimen: 60019,215 Clast G5; RELAB description: Polymict Breccia, (Clast) , Sim. to matrix, but w/ substantial amt of impact-melt rock clasts consisting of quench-crystallized or devitrified feldspathic mat'l.; Collection: Apollo 16; Specimen type: Returned Lunar Sample; Material origin: Natural; Material type: Rock; Material subtypes: Nonparticulate|Slab; Atlas type: rock; Atlas lithology: breccia; Atlas description: coherent, medium-gray glassy breccia containing several large, light colored clasts; Parent source: atlas_sample_id",subsample_or_fraction,yes,https://www.lpi.usra.edu/lunar/samples/atlas/detail/?mission=Apollo%2016&sample=60019,
551,60019,215,-99.0,no,s3ls08,LS-CMP-008-MR,"60019,215 E2",none,,,,,rock,breccia,,"RELAB specimen: 60019,215 E2; RELAB description: Polymict Breccia, Regolith Breccia, Matrix of thin slab 60019,215 side E2. Matches w/thin sec ,219 Parent to: ,9002 - ,9006; Collection: Apollo 16; Specimen type: Returned Lunar Sample; Material origin: Natural; Material type: Rock; Material subtypes: Nonparticulate|Slab; Atlas type: rock; Atlas lithology: breccia; Atlas description: coherent, medium-gray glassy breccia containing several large, light colored clasts; Parent source: atlas_sample_id",subsample_or_fraction,yes,https://www.lpi.usra.edu/lunar/samples/atlas/detail/?mission=Apollo%2016&sample=60019,
552,60019,215,-99.0,no,s3ls15,LS-CMP-015-G1,"60019,215 Clast G1",none,,,,,rock,breccia,,"RELAB specimen: 60019,215 Clast G1; RELAB description: (Clast) , Fine-grained, granular texture. PLG and mafic silicates w/ small amounts of ilmenite and metal.; Collection: Apollo 16; Specimen type: Returned Lunar Sample; Material origin: Natural; Material type: Rock; Material subtypes: Nonparticulate|Slab; Atlas type: rock; Atlas lithology: breccia; Atlas description: coherent, medium-gray glassy breccia containing several large, light colored clasts; Parent source: atlas_sample_id",subsample_or_fraction,yes,https://www.lpi.usra.edu/lunar/samples/atlas/detail/?mission=Apollo%2016&sample=60019,
553,60019,215,-99.0,no,s5ls08,LS-CMP-008-B,"60019,215 Clast B",none,,,,,rock,breccia,,"RELAB specimen: 60019,215 Clast B; RELAB description: Igneous , (Clast) , Heavily shocked feldspathic rock fragment, w/ fine-grained plag and mosaicized pyx. Parent mat'l is breccia LS-8-MR.; Collection: Apollo 16; Specimen type: Returned Lunar Sample; Material origin: Natural; Material type: Rock; Material subtypes: Nonparticulate|Slab; Atlas type: rock; Atlas lithology: breccia; Atlas description: coherent, medium-gray glassy breccia containing several large, light colored clasts; Parent source: atlas_sample_id",subsample_or_fraction,yes,https://www.lpi.usra.edu/lunar/samples/atlas/detail/?mission=Apollo%2016&sample=60019,
554,60019,215,-99.0,no,s5ls15,LS-CMP-015-G5,"60019,215 Clast G5",none,,,,,rock,breccia,,"RELAB specimen: 60019,215 Clast G5; RELAB description: Polymict Breccia, (Clast) , Sim. to matrix, but w/ substantial amt of impact-melt rock clasts consisting of quench-crystallized or devitrified feldspathic mat'l.; Collection: Apollo 16; Specimen type: Returned Lunar Sample; Material origin: Natural; Material type: Rock; Material subtypes: Nonparticulate|Slab; Atlas type: rock; Atlas lithology: breccia; Atlas description: coherent, medium-gray glassy breccia containing several large, light colored clasts; Parent source: atlas_sample_id",subsample_or_fraction,yes,https://www.lpi.usra.edu/lunar/samples/atlas/detail/?mission=Apollo%2016&sample=60019,
555,60019,215,-99.0,no,s6ls08,LS-CMP-008-LC,"60019,215 Light clast on broken small fragment from Slab E2",none,,,,,rock,breccia,,"RELAB specimen: 60019,215 Light clast on broken small fragment from Slab E2; RELAB description: Polymict Breccia, Regolith Breccia, Matrix of thin slab 60019,215 side E2. Matches w/thin sec ,219 Parent to: ,9002 - ,9006; Collection: Apollo 16; Specimen type: Returned Lunar Sample; Material origin: Natural; Material type: Rock; Material subtypes: Nonparticulate|Slab; Atlas type: rock; Atlas lithology: breccia; Atlas description: coherent, medium-gray glassy breccia containing several large, light colored clasts; Parent source: atlas_sample_id",subsample_or_fraction,yes,https://www.lpi.usra.edu/lunar/samples/atlas/detail/?mission=Apollo%2016&sample=60019,
556,60019,215,-99.0,no,s7ls08,LS-CMP-008-MR,"60019,215 E2",none,,,,,rock,breccia,,"RELAB specimen: 60019,215 E2; RELAB description: Polymict Breccia, Regolith Breccia, Matrix of thin slab 60019,215 side E2. Matches w/thin sec ,219 Parent to: ,9002 - ,9006; Collection: Apollo 16; Specimen type: Returned Lunar Sample; Material origin: Natural; Material type: Rock; Material subtypes: Nonparticulate|Slab; Atlas type: rock; Atlas lithology: breccia; Atlas description: coherent, medium-gray glassy breccia containing several large, light colored clasts; Parent source: atlas_sample_id",subsample_or_fraction,yes,https://www.lpi.usra.edu/lunar/samples/atlas/detail/?mission=Apollo%2016&sample=60019,
557,60019,215,-99.0,no,s8ls08,LS-CMP-008-F,"60019,215 Clast F",none,,,,,rock,breccia,,"RELAB specimen: 60019,215 Clast F; RELAB description: (Clast) , Clast F of lunar thin slab 60019,215 side E2; Collection: Apollo 16; Specimen type: Returned Lunar Sample; Material origin: Natural; Material type: Rock; Material subtypes: Nonparticulate|Slab; Atlas type: rock; Atlas lithology: breccia; Atlas description: coherent, medium-gray glassy breccia containing several large, light colored clasts; Parent source: atlas_sample_id",subsample_or_fraction,yes,https://www.lpi.usra.edu/lunar/samples/atlas/detail/?mission=Apollo%2016&sample=60019,
558,60019,215,-99.0,no,s9ls08,LS-CMP-015-MR,"60019,215 W2 Matrix",none,,,,,rock,breccia,,"RELAB specimen: 60019,215 W2 Matrix; RELAB description: Polymict Breccia, Regolith Breccia, Matrix of regolith breccia chip 60019,215 side W2 Parent to 9002, 9004, 9006; Collection: Apollo 16; Specimen type: Returned Lunar Sample; Material origin: Natural; Material type: Rock; Material subtypes: Nonparticulate|Bulk; Atlas type: rock; Atlas lithology: breccia; Atlas description: coherent, medium-gray glassy breccia containing several large, light colored clasts; Parent source: atlas_sample_id",subsample_or_fraction,yes,https://www.lpi.usra.edu/lunar/samples/atlas/detail/?mission=Apollo%2016&sample=60019,
559,60019,215,-99.0,no,sa2ls8,LS-CMP-008-A,"60019,215 Clast A",none,,,,,rock,breccia,,"RELAB specimen: 60019,215 Clast A; RELAB description: Igneous Plutonic, Troctolite Impact Melt Clast, Mostly blocky olivine and lath-shaped plagioclasewith small amounts of chromite and Mg,Al spinel; Collection: Apollo 16; Specimen type: Returned Lunar Sample; Material origin: Natural; Material type: Rock; Material subtypes: Nonparticulate|Slab; Atlas type: rock; Atlas lithology: breccia; Atlas description: coherent, medium-gray glassy breccia containing several large, light colored clasts; Parent source: atlas_sample_id",subsample_or_fraction,yes,https://www.lpi.usra.edu/lunar/samples/atlas/detail/?mission=Apollo%2016&sample=60019,
560,60019,215,-99.0,no,sdls08,LS-CMP-008-D,"60019,215 Clast D",none,,,,,rock,breccia,,"RELAB specimen: 60019,215 Clast D; RELAB description: Igneous Plutonic, Noritic Anorthosite Clast , Moderately shocked, cataclastic noritic anorthosite. Plag crystals originally >1mm, but now smaller due to crushing. Lg ILM crystals.; Collection: Apollo 16; Specimen type: Returned Lunar Sample; Material origin: Natural; Material type: Rock; Material subtypes: Nonparticulate|Slab; Atlas type: rock; Atlas lithology: breccia; Atlas description: coherent, medium-gray glassy breccia containing several large, light colored clasts; Parent source: atlas_sample_id",subsample_or_fraction,yes,https://www.lpi.usra.edu/lunar/samples/atlas/detail/?mission=Apollo%2016&sample=60019,
561,60019,215,-99.0,no,sels15,LS-CMP-008-E,"60019,215 Frag E",none,,,,,rock,breccia,,"RELAB specimen: 60019,215 Frag E; RELAB description: (Clast) , Light clast on the end of broken fragment E (side E2) of regolith breccia chip 60019,215; Collection: Apollo 16; Specimen type: Returned Lunar Sample; Material origin: Natural; Material type: Rock; Material subtypes: Nonparticulate|Slab; Atlas type: rock; Atlas lithology: breccia; Atlas description: coherent, medium-gray glassy breccia containing several large, light colored clasts; Parent source: atlas_sample_id",subsample_or_fraction,yes,https://www.lpi.usra.edu/lunar/samples/atlas/detail/?mission=Apollo%2016&sample=60019,
562,60019,215,-99.0,no,sg1l15,LS-CMP-015-G1,"60019,215 Clast G1",none,,,,,rock,breccia,,"RELAB specimen: 60019,215 Clast G1; RELAB description: (Clast) , Fine-grained, granular texture. PLG and mafic silicates w/ small amounts of ilmenite and metal.; Collection: Apollo 16; Specimen type: Returned Lunar Sample; Material origin: Natural; Material type: Rock; Material subtypes: Nonparticulate|Slab; Atlas type: rock; Atlas lithology: breccia; Atlas description: coherent, medium-gray glassy breccia containing several large, light colored clasts; Parent source: atlas_sample_id",subsample_or_fraction,yes,https://www.lpi.usra.edu/lunar/samples/atlas/detail/?mission=Apollo%2016&sample=60019,
563,60019,215,-99.0,no,sg2l15,LS-CMP-015-G2,"60019,215 Clast G2",none,,,,,rock,breccia,,"RELAB specimen: 60019,215 Clast G2; RELAB description: Polymict Breccia, Poikilitic Impact Melt Breccia Clast, OLV clasts and both clasts and lath-shaped PLG enclosed by lo-Ca PYX. PLG laths and mesostasis also occur btwn poikilitic PYX crystals.; Collection: Apollo 16; Specimen type: Returned Lunar Sample; Material origin: Natural; Material type: Rock; Material subtypes: Nonparticulate|Slab; Atlas type: rock; Atlas lithology: breccia; Atlas description: coherent, medium-gray glassy breccia containing several large, light colored clasts; Parent source: atlas_sample_id",subsample_or_fraction,yes,https://www.lpi.usra.edu/lunar/samples/atlas/detail/?mission=Apollo%2016&sample=60019,
564,60019,215,-99.0,no,sg3l15,LS-CMP-015-G3,"60019,215 Clast G3",none,,,,,rock,breccia,,"RELAB specimen: 60019,215 Clast G3; RELAB description: Polymict Breccia, Impact Melt Breccia Clast , PLG & lo-Ca PYX are equiangular and 50-100uM across. Some ilmenite and metal also present.; Collection: Apollo 16; Specimen type: Returned Lunar Sample; Material origin: Natural; Material type: Rock; Material subtypes: Nonparticulate|Slab; Atlas type: rock; Atlas lithology: breccia; Atlas description: coherent, medium-gray glassy breccia containing several large, light colored clasts; Parent source: atlas_sample_id",subsample_or_fraction,yes,https://www.lpi.usra.edu/lunar/samples/atlas/detail/?mission=Apollo%2016&sample=60019,
565,60019,215,-99.0,no,sg4l15,LS-CMP-015-G4,"60019,215 Clast G4",none,,,,,rock,breccia,,"RELAB specimen: 60019,215 Clast G4; RELAB description: (Clast) , Heart-shaped clast near edge of regolith breccia chip 60019,215; Collection: Apollo 16; Specimen type: Returned Lunar Sample; Material origin: Natural; Material type: Rock; Material subtypes: Nonparticulate|Slab; Atlas type: rock; Atlas lithology: breccia; Atlas description: coherent, medium-gray glassy breccia containing several large, light colored clasts; Parent source: atlas_sample_id",subsample_or_fraction,yes,https://www.lpi.usra.edu/lunar/samples/atlas/detail/?mission=Apollo%2016&sample=60019,
566,60019,215,-99.0,no,sg5l15,LS-CMP-015-G5,"60019,215 Clast G5",none,,,,,rock,breccia,,"RELAB specimen: 60019,215 Clast G5; RELAB description: Polymict Breccia, (Clast) , Sim. to matrix, but w/ substantial amt of impact-melt rock clasts consisting of quench-crystallized or devitrified feldspathic mat'l.; Collection: Apollo 16; Specimen type: Returned Lunar Sample; Material origin: Natural; Material type: Rock; Material subtypes: Nonparticulate|Slab; Atlas type: rock; Atlas lithology: breccia; Atlas description: coherent, medium-gray glassy breccia containing several large, light colored clasts; Parent source: atlas_sample_id",subsample_or_fraction,yes,https://www.lpi.usra.edu/lunar/samples/atlas/detail/?mission=Apollo%2016&sample=60019,
567,60019,215,-99.0,no,sg6l15,LS-CMP-015-G6,"60019,215 Clast G6",none,,,,,rock,breccia,,"RELAB specimen: 60019,215 Clast G6; RELAB description: (Clast) , Bright white clast adjacent to clast G5 on side W2 of lunar thin slab 60019,215; Collection: Apollo 16; Specimen type: Returned Lunar Sample; Material origin: Natural; Material type: Rock; Material subtypes: Nonparticulate|Slab; Atlas type: rock; Atlas lithology: breccia; Atlas description: coherent, medium-gray glassy breccia containing several large, light colored clasts; Parent source: atlas_sample_id",subsample_or_fraction,yes,https://www.lpi.usra.edu/lunar/samples/atlas/detail/?mission=Apollo%2016&sample=60019,
568,60019,215,-99.0,no,sg7l15,LS-CMP-015-G7,"60019,215 Clast G7",none,,,,,rock,breccia,,"RELAB specimen: 60019,215 Clast G7; RELAB description: (Clast) , Clast G7 on W2 face of lunar thin slab 60019,215; Collection: Apollo 16; Specimen type: Returned Lunar Sample; Material origin: Natural; Material type: Rock; Material subtypes: Nonparticulate|Slab; Atlas type: rock; Atlas lithology: breccia; Atlas description: coherent, medium-gray glassy breccia containing several large, light colored clasts; Parent source: atlas_sample_id",subsample_or_fraction,yes,https://www.lpi.usra.edu/lunar/samples/atlas/detail/?mission=Apollo%2016&sample=60019,
569,60019,215,-99.0,no,sl15g2,LS-CMP-015-G2,"60019,215 Clast G2",none,,,,,rock,breccia,,"RELAB specimen: 60019,215 Clast G2; RELAB description: Polymict Breccia, Poikilitic Impact Melt Breccia Clast, OLV clasts and both clasts and lath-shaped PLG enclosed by lo-Ca PYX. PLG laths and mesostasis also occur btwn poikilitic PYX crystals.; Collection: Apollo 16; Specimen type: Returned Lunar Sample; Material origin: Natural; Material type: Rock; Material subtypes: Nonparticulate|Slab; Atlas type: rock; Atlas lithology: breccia; Atlas description: coherent, medium-gray glassy breccia containing several large, light colored clasts; Parent source: atlas_sample_id",subsample_or_fraction,yes,https://www.lpi.usra.edu/lunar/samples/atlas/detail/?mission=Apollo%2016&sample=60019,
570,60019,215,-99.0,no,sl15g5,LS-CMP-015-G5,"60019,215 Clast G5",none,,,,,rock,breccia,,"RELAB specimen: 60019,215 Clast G5; RELAB description: Polymict Breccia, (Clast) , Sim. to matrix, but w/ substantial amt of impact-melt rock clasts consisting of quench-crystallized or devitrified feldspathic mat'l.; Collection: Apollo 16; Specimen type: Returned Lunar Sample; Material origin: Natural; Material type: Rock; Material subtypes: Nonparticulate|Slab; Atlas type: rock; Atlas lithology: breccia; Atlas description: coherent, medium-gray glassy breccia containing several large, light colored clasts; Parent source: atlas_sample_id",subsample_or_fraction,yes,https://www.lpi.usra.edu/lunar/samples/atlas/detail/?mission=Apollo%2016&sample=60019,
571,60019,215,-99.0,no,sl15g6,LS-CMP-015-G6,"60019,215 Clast G6",none,,,,,rock,breccia,,"RELAB specimen: 60019,215 Clast G6; RELAB description: (Clast) , Bright white clast adjacent to clast G5 on side W2 of lunar thin slab 60019,215; Collection: Apollo 16; Specimen type: Returned Lunar Sample; Material origin: Natural; Material type: Rock; Material subtypes: Nonparticulate|Slab; Atlas type: rock; Atlas lithology: breccia; Atlas description: coherent, medium-gray glassy breccia containing several large, light colored clasts; Parent source: atlas_sample_id",subsample_or_fraction,yes,https://www.lpi.usra.edu/lunar/samples/atlas/detail/?mission=Apollo%2016&sample=60019,
572,60019,215,-99.0,no,sl15p1,LS-CMP-015-P1,"60019,215,312",none,,,,,rock,breccia,,"RELAB specimen: 60019,215,312; RELAB description: Polymict Breccia, Regolith Breccia, Powder of fragments 31,32 from regolith breccia chip 60019,215,3; Collection: Apollo 16; Specimen type: Returned Lunar Sample; Material origin: Natural; Material type: Rock; Material subtypes: Nonparticulate|Slab; Atlas type: rock; Atlas lithology: breccia; Atlas description: coherent, medium-gray glassy breccia containing several large, light colored clasts; Parent source: atlas_sample_id",subsample_or_fraction,yes,https://www.lpi.usra.edu/lunar/samples/atlas/detail/?mission=Apollo%2016&sample=60019,
573,60019,215,-99.0,no,sl15p2,LS-CMP-015-P2,"60019,215,37",none,,,,,rock,breccia,,"RELAB specimen: 60019,215,37; RELAB description: Polymict Breccia, Regolith Breccia, Regolith breccia thin slab 60019,215, powder #2 from chip #37; Collection: Apollo 16; Specimen type: Returned Lunar Sample; Material origin: Natural; Material type: Rock; Material subtypes: Nonparticulate|Slab; Atlas type: rock; Atlas lithology: breccia; Atlas description: coherent, medium-gray glassy breccia containing several large, light colored clasts; Parent source: atlas_sample_id",subsample_or_fraction,yes,https://www.lpi.usra.edu/lunar/samples/atlas/detail/?mission=Apollo%2016&sample=60019,
574,60019,215,-99.0,no,slls08,LS-CMP-008-MR,"60019,215 E2",none,,,,,rock,breccia,,"RELAB specimen: 60019,215 E2; RELAB description: Polymict Breccia, Regolith Breccia, Matrix of thin slab 60019,215 side E2. Matches w/thin sec ,219 Parent to: ,9002 - ,9006; Collection: Apollo 16; Specimen type: Returned Lunar Sample; Material origin: Natural; Material type: Rock; Material subtypes: Nonparticulate|Slab; Atlas type: rock; Atlas lithology: breccia; Atlas description: coherent, medium-gray glassy breccia containing several large, light colored clasts; Parent source: atlas_sample_id",subsample_or_fraction,yes,https://www.lpi.usra.edu/lunar/samples/atlas/detail/?mission=Apollo%2016&sample=60019,
575,60019,215,-99.0,no,sls8mp,LS-CMP-016-MR,"60019,215 Matrix Pwd",none,,,,,rock,breccia,,"RELAB specimen: 60019,215 Matrix Pwd; RELAB description: Polymict Breccia, Regolith Breccia, Powder from matrix areas of 60019,215 (60019,215,4 is parent to 9005); Collection: Apollo 16 Site, Moon; Specimen type: Returned Lunar Sample; Material origin: Natural; Material type: Rock; Material subtypes: Nonparticulate|Slab; Atlas type: rock; Atlas lithology: breccia; Atlas description: coherent, medium-gray glassy breccia containing several large, light colored clasts; Parent source: atlas_sample_id",subsample_or_fraction,yes,https://www.lpi.usra.edu/lunar/samples/atlas/detail/?mission=Apollo%2016&sample=60019,
576,60019,215,-99.0,no,sm4ls8,LS-CMP-008-MR,"60019,215 E2",none,,,,,rock,breccia,,"RELAB specimen: 60019,215 E2; RELAB description: Polymict Breccia, Regolith Breccia, Matrix of thin slab 60019,215 side E2. Matches w/thin sec ,219 Parent to: ,9002 - ,9006; Collection: Apollo 16; Specimen type: Returned Lunar Sample; Material origin: Natural; Material type: Rock; Material subtypes: Nonparticulate|Slab; Atlas type: rock; Atlas lithology: breccia; Atlas description: coherent, medium-gray glassy breccia containing several large, light colored clasts; Parent source: atlas_sample_id",subsample_or_fraction,yes,https://www.lpi.usra.edu/lunar/samples/atlas/detail/?mission=Apollo%2016&sample=60019,
577,60019,215,-99.0,no,sm6l15,LS-CMP-015-MR,"60019,215 W2 Matrix",none,,,,,rock,breccia,,"RELAB specimen: 60019,215 W2 Matrix; RELAB description: Polymict Breccia, Regolith Breccia, Matrix of regolith breccia chip 60019,215 side W2 Parent to 9002, 9004, 9006; Collection: Apollo 16; Specimen type: Returned Lunar Sample; Material origin: Natural; Material type: Rock; Material subtypes: Nonparticulate|Bulk; Atlas type: rock; Atlas lithology: breccia; Atlas description: coherent, medium-gray glassy breccia containing several large, light colored clasts; Parent source: atlas_sample_id",subsample_or_fraction,yes,https://www.lpi.usra.edu/lunar/samples/atlas/detail/?mission=Apollo%2016&sample=60019,
578,60019,215,-99.0,no,sm7l15,LS-CMP-015-MR,"60019,215 W2 Matrix",none,,,,,rock,breccia,,"RELAB specimen: 60019,215 W2 Matrix; RELAB description: Polymict Breccia, Regolith Breccia, Matrix of regolith breccia chip 60019,215 side W2 Parent to 9002, 9004, 9006; Collection: Apollo 16; Specimen type: Returned Lunar Sample; Material origin: Natural; Material type: Rock; Material subtypes: Nonparticulate|Bulk; Atlas type: rock; Atlas lithology: breccia; Atlas description: coherent, medium-gray glassy breccia containing several large, light colored clasts; Parent source: atlas_sample_id",subsample_or_fraction,yes,https://www.lpi.usra.edu/lunar/samples/atlas/detail/?mission=Apollo%2016&sample=60019,
579,60019,215,-99.0,no,smpls8,LS-CMP-016-MR,"60019,215 Matrix Pwd",none,,,,,rock,breccia,,"RELAB specimen: 60019,215 Matrix Pwd; RELAB description: Polymict Breccia, Regolith Breccia, Powder from matrix areas of 60019,215 (60019,215,4 is parent to 9005); Collection: Apollo 16 Site, Moon; Specimen type: Returned Lunar Sample; Material origin: Natural; Material type: Rock; Material subtypes: Nonparticulate|Slab; Atlas type: rock; Atlas lithology: breccia; Atlas description: coherent, medium-gray glassy breccia containing several large, light colored clasts; Parent source: atlas_sample_id",subsample_or_fraction,yes,https://www.lpi.usra.edu/lunar/samples/atlas/detail/?mission=Apollo%2016&sample=60019,
580,60019,215,3.2,yes,r3ls16,LS-CMP-016-R3,"60019,215 Clast R3",explicit_reference,ls-cmp-016-r3_specimenchemistry,LS-CMP-016-R3,Bulk,"Pieters & Taylor, Proc.LunarPlanet.Sci.Conf. 19th, pp115-125",rock,breccia,,"RELAB specimen: 60019,215 Clast R3; RELAB description: Polymict Breccia, (Clast) , Breccia clast R3; similar to G5 (q.v.), with OLV fragments and small grains of either OLV or other mafic silicate.; Collection: Apollo 16; Specimen type: Returned Lunar Sample; Material origin: Natural; Material type: Rock; Material subtypes: Nonparticulate|Slab; Atlas type: rock; Atlas lithology: breccia; Atlas description: coherent, medium-gray glassy breccia containing several large, light colored clasts; Chemistry phase: Bulk; Chemistry notes: Clast R3 of Apollo 16 regolith breccia 60019,215; Parent source: atlas_sample_id",subsample_or_fraction,yes,https://www.lpi.usra.edu/lunar/samples/atlas/detail/?mission=Apollo%2016&sample=60019,
581,60019,215,3.2,yes,sr3l16,LS-CMP-016-R3,"60019,215 Clast R3",explicit_reference,ls-cmp-016-r3_specimenchemistry,LS-CMP-016-R3,Bulk,"Pieters & Taylor, Proc.LunarPlanet.Sci.Conf. 19th, pp115-125",rock,breccia,,"RELAB specimen: 60019,215 Clast R3; RELAB description: Polymict Breccia, (Clast) , Breccia clast R3; similar to G5 (q.v.), with OLV fragments and small grains of either OLV or other mafic silicate.; Collection: Apollo 16; Specimen type: Returned Lunar Sample; Material origin: Natural; Material type: Rock; Material subtypes: Nonparticulate|Slab; Atlas type: rock; Atlas lithology: breccia; Atlas description: coherent, medium-gray glassy breccia containing several large, light colored clasts; Chemistry phase: Bulk; Chemistry notes: Clast R3 of Apollo 16 regolith breccia 60019,215; Parent source: atlas_sample_id",subsample_or_fraction,yes,https://www.lpi.usra.edu/lunar/samples/atlas/detail/?mission=Apollo%2016&sample=60019,
582,60019,215,4.1,yes,r2ls16,LS-CMP-016-R2,"60019,215 Spot R2",explicit_reference,ls-cmp-016-r2_specimenchemistry,LS-CMP-016-R2,Bulk,"Pieters & Taylor, Proc. Lunar Planet. Sci. Conf. 19th, pp115-125",rock,breccia,,"RELAB specimen: 60019,215 Spot R2; RELAB description: Polymict Breccia, Regolith Breccia, Spot R2 on W2 face of breccia chip 60019,215. Part of clast G5 (q.v.); Collection: Apollo 16; Specimen type: Returned Lunar Sample; Material origin: Natural; Material type: Rock; Material subtypes: Nonparticulate|Slab; Atlas type: rock; Atlas lithology: breccia; Atlas description: coherent, medium-gray glassy breccia containing several large, light colored clasts; Chemistry phase: Bulk; Chemistry notes: Spot R2 of Apollo 16 regolith breccia chip 60019,215; Parent source: atlas_sample_id",subsample_or_fraction,yes,https://www.lpi.usra.edu/lunar/samples/atlas/detail/?mission=Apollo%2016&sample=60019,
583,60019,215,4.1,yes,sr2l16,LS-CMP-016-R2,"60019,215 Spot R2",explicit_reference,ls-cmp-016-r2_specimenchemistry,LS-CMP-016-R2,Bulk,"Pieters & Taylor, Proc. Lunar Planet. Sci. Conf. 19th, pp115-125",rock,breccia,,"RELAB specimen: 60019,215 Spot R2; RELAB description: Polymict Breccia, Regolith Breccia, Spot R2 on W2 face of breccia chip 60019,215. Part of clast G5 (q.v.); Collection: Apollo 16; Specimen type: Returned Lunar Sample; Material origin: Natural; Material type: Rock; Material subtypes: Nonparticulate|Slab; Atlas type: rock; Atlas lithology: breccia; Atlas description: coherent, medium-gray glassy breccia containing several large, light colored clasts; Chemistry phase: Bulk; Chemistry notes: Spot R2 of Apollo 16 regolith breccia chip 60019,215; Parent source: atlas_sample_id",subsample_or_fraction,yes,https://www.lpi.usra.edu/lunar/samples/atlas/detail/?mission=Apollo%2016&sample=60019,
584,60019,215,4.8,yes,r1ls16,LS-CMP-016-R1,"60019,215 Spot R1",explicit_reference,ls-cmp-016-r1_specimenchemistry,LS-CMP-016-R1,Bulk,"Pieters & Taylor, Proc.Lunar Planet.Sci.Conf. 19th, pp115-125",rock,breccia,,"RELAB specimen: 60019,215 Spot R1; RELAB description: Polymict Breccia, Regolith Breccia, Spot R1 on W2 face of breccia chip 60019,215. Part of G5 (q.v.); Collection: Apollo 16; Specimen type: Returned Lunar Sample; Material origin: Natural; Material type: Rock; Material subtypes: Nonparticulate|Slab; Atlas type: rock; Atlas lithology: breccia; Atlas description: coherent, medium-gray glassy breccia containing several large, light colored clasts; Chemistry phase: Bulk; Chemistry notes: Spot R1 of Apollo 16 regolith breccia chip 60019,215; Parent source: atlas_sample_id",subsample_or_fraction,yes,https://www.lpi.usra.edu/lunar/samples/atlas/detail/?mission=Apollo%2016&sample=60019,
585,60019,215,4.8,yes,sr1l16,LS-CMP-016-R1,"60019,215 Spot R1",explicit_reference,ls-cmp-016-r1_specimenchemistry,LS-CMP-016-R1,Bulk,"Pieters & Taylor, Proc.Lunar Planet.Sci.Conf. 19th, pp115-125",rock,breccia,,"RELAB specimen: 60019,215 Spot R1; RELAB description: Polymict Breccia, Regolith Breccia, Spot R1 on W2 face of breccia chip 60019,215. Part of G5 (q.v.); Collection: Apollo 16; Specimen type: Returned Lunar Sample; Material origin: Natural; Material type: Rock; Material subtypes: Nonparticulate|Slab; Atlas type: rock; Atlas lithology: breccia; Atlas description: coherent, medium-gray glassy breccia containing several large, light colored clasts; Chemistry phase: Bulk; Chemistry notes: Spot R1 of Apollo 16 regolith breccia chip 60019,215; Parent source: atlas_sample_id",subsample_or_fraction,yes,https://www.lpi.usra.edu/lunar/samples/atlas/detail/?mission=Apollo%2016&sample=60019,
586,60019,215,5.3,yes,c3ls16,LS-CMP-016-S3,"60019,215 Spot S3",explicit_reference,ls-cmp-016-s3_specimenchemistry,LS-CMP-016-S3,Bulk,"Pieters & Taylor, Proc.Lunar Planet.Sci.Conf. 19th, pp115-125",rock,breccia,,"RELAB specimen: 60019,215 Spot S3; RELAB description: Polymict Breccia, Regolith Breccia, Matrix area S3 on W2 face of breccia chip 60019,215.; Collection: Apollo 16; Specimen type: Returned Lunar Sample; Material origin: Natural; Material type: Rock; Material subtypes: Particulate; Atlas type: rock; Atlas lithology: breccia; Atlas description: coherent, medium-gray glassy breccia containing several large, light colored clasts; Chemistry phase: Bulk; Chemistry notes: Matrix area S3 of Apollo 16 regolith breccia chip 60019,215; Parent source: atlas_sample_id",subsample_or_fraction,yes,https://www.lpi.usra.edu/lunar/samples/atlas/detail/?mission=Apollo%2016&sample=60019,
587,60019,215,5.3,yes,s3ls16,LS-CMP-016-S3,"60019,215 Spot S3",explicit_reference,ls-cmp-016-s3_specimenchemistry,LS-CMP-016-S3,Bulk,"Pieters & Taylor, Proc.Lunar Planet.Sci.Conf. 19th, pp115-125",rock,breccia,,"RELAB specimen: 60019,215 Spot S3; RELAB description: Polymict Breccia, Regolith Breccia, Matrix area S3 on W2 face of breccia chip 60019,215.; Collection: Apollo 16; Specimen type: Returned Lunar Sample; Material origin: Natural; Material type: Rock; Material subtypes: Particulate; Atlas type: rock; Atlas lithology: breccia; Atlas description: coherent, medium-gray glassy breccia containing several large, light colored clasts; Chemistry phase: Bulk; Chemistry notes: Matrix area S3 of Apollo 16 regolith breccia chip 60019,215; Parent source: atlas_sample_id",subsample_or_fraction,yes,https://www.lpi.usra.edu/lunar/samples/atlas/detail/?mission=Apollo%2016&sample=60019,
588,60019,9004,-99.0,no,cals17,LS-CMP-017-A,"60019,9004,85 breccia powder <20 um",none,,,,,rock,breccia,,"RELAB specimen: 60019,9004,85 breccia powder <20 um; RELAB description: Polymict Breccia, Regolith Breccia, Powder of clasts G1, G2, G3 and surrounding matrix Part of 9004; Collection: Apollo 16 Landing Site, Moon; Specimen type: Returned Lunar Sample; Material origin: Natural; Material type: Rock; Material subtypes: Particulate; Atlas type: rock; Atlas lithology: breccia; Atlas description: coherent, medium-gray glassy breccia containing several large, light colored clasts; Parent source: atlas_sample_id",subsample_or_fraction,yes,https://www.lpi.usra.edu/lunar/samples/atlas/detail/?mission=Apollo%2016&sample=60019,
589,60019,9004,-99.0,no,cbls17,LS-CMP-017-B,"60019,9004,84 breccia powder 20-45 um",none,,,,,rock,breccia,,"RELAB specimen: 60019,9004,84 breccia powder 20-45 um; RELAB description: Polymict Breccia, Regolith Breccia, Powder of clasts G1, G2, G3 and surrounding matrix Part of 9004; Collection: Apollo 16 Landing Site, Moon; Specimen type: Returned Lunar Sample; Material origin: Natural; Material type: Rock; Material subtypes: Particulate; Atlas type: rock; Atlas lithology: breccia; Atlas description: coherent, medium-gray glassy breccia containing several large, light colored clasts; Parent source: atlas_sample_id",subsample_or_fraction,yes,https://www.lpi.usra.edu/lunar/samples/atlas/detail/?mission=Apollo%2016&sample=60019,
590,60019,9004,-99.0,no,ccls17,LS-CMP-017-C,"60019,9004,83 breccia powder 45-75 um",none,,,,,rock,breccia,,"RELAB specimen: 60019,9004,83 breccia powder 45-75 um; RELAB description: Polymict Breccia, Regolith Breccia, Powder of clasts G1, G2, G3 and surrounding matrix Part of 9004; Collection: Apollo 16 Landing Site, Moon; Specimen type: Returned Lunar Sample; Material origin: Natural; Material type: Rock; Material subtypes: Particulate; Atlas type: rock; Atlas lithology: breccia; Atlas description: coherent, medium-gray glassy breccia containing several large, light colored clasts; Parent source: atlas_sample_id",subsample_or_fraction,yes,https://www.lpi.usra.edu/lunar/samples/atlas/detail/?mission=Apollo%2016&sample=60019,
591,60019,9004,-99.0,no,cdls17,LS-CMP-017-D,"60019,9004,82 breccia powder75-250 um",none,,,,,rock,breccia,,"RELAB specimen: 60019,9004,82 breccia powder75-250 um; RELAB description: Polymict Breccia, Regolith Breccia, Powder of clasts G1, G2, G3 and surrounding matrix Part of 9004; Collection: Apollo 16 Landing Site, Moon; Specimen type: Returned Lunar Sample; Material origin: Natural; Material type: Rock; Material subtypes: Particulate; Atlas type: rock; Atlas lithology: breccia; Atlas description: coherent, medium-gray glassy breccia containing several large, light colored clasts; Parent source: atlas_sample_id",subsample_or_fraction,yes,https://www.lpi.usra.edu/lunar/samples/atlas/detail/?mission=Apollo%2016&sample=60019,
592,60019,9004,-99.0,no,cels17,LS-CMP-017-E,"60019,9004 breccia powder >250 um",none,,,,,rock,breccia,,"RELAB specimen: 60019,9004 breccia powder >250 um; RELAB description: Polymict Breccia, Regolith Breccia, Powder of clasts G1, G2, G3 and surrounding matrix Part of 9004; Collection: Apollo 16 Landing Site, Moon; Specimen type: Returned Lunar Sample; Material origin: Natural; Material type: Rock; Material subtypes: Particulate; Atlas type: rock; Atlas lithology: breccia; Atlas description: coherent, medium-gray glassy breccia containing several large, light colored clasts; Parent source: atlas_sample_id",subsample_or_fraction,yes,https://www.lpi.usra.edu/lunar/samples/atlas/detail/?mission=Apollo%2016&sample=60019,
593,60019,9004,-99.0,no,sals17,LS-CMP-017-A,"60019,9004,85 breccia powder <20 um",none,,,,,rock,breccia,,"RELAB specimen: 60019,9004,85 breccia powder <20 um; RELAB description: Polymict Breccia, Regolith Breccia, Powder of clasts G1, G2, G3 and surrounding matrix Part of 9004; Collection: Apollo 16 Landing Site, Moon; Specimen type: Returned Lunar Sample; Material origin: Natural; Material type: Rock; Material subtypes: Particulate; Atlas type: rock; Atlas lithology: breccia; Atlas description: coherent, medium-gray glassy breccia containing several large, light colored clasts; Parent source: atlas_sample_id",subsample_or_fraction,yes,https://www.lpi.usra.edu/lunar/samples/atlas/detail/?mission=Apollo%2016&sample=60019,
594,60019,9004,-99.0,no,sbls17,LS-CMP-017-B,"60019,9004,84 breccia powder 20-45 um",none,,,,,rock,breccia,,"RELAB specimen: 60019,9004,84 breccia powder 20-45 um; RELAB description: Polymict Breccia, Regolith Breccia, Powder of clasts G1, G2, G3 and surrounding matrix Part of 9004; Collection: Apollo 16 Landing Site, Moon; Specimen type: Returned Lunar Sample; Material origin: Natural; Material type: Rock; Material subtypes: Particulate; Atlas type: rock; Atlas lithology: breccia; Atlas description: coherent, medium-gray glassy breccia containing several large, light colored clasts; Parent source: atlas_sample_id",subsample_or_fraction,yes,https://www.lpi.usra.edu/lunar/samples/atlas/detail/?mission=Apollo%2016&sample=60019,
595,60025,125,-99.0,no,c1ls26,LS-CMP-026,"60025,125",none,,,,,rock,anorthite,,"RELAB specimen: 60025,125; RELAB description: Highland, Bulk, ferroan anorthosite; Collection: Apollo 16 site, Moon; Specimen type: Returned Lunar Sample; Material origin: Natural; Material type: Rock; Material subtypes: Nonparticulate|Thin Section; Atlas type: rock; Atlas lithology: anorthite; Atlas description: Coarse-grained, moderately shocked, pristine cataclastic ferroan anorthosite; Parent source: atlas_sample_id",subsample_or_fraction,yes,https://www.lpi.usra.edu/lunar/samples/atlas/detail/?mission=Apollo%2016&sample=60025,
596,60025,125,-99.0,no,c2ls26,LS-CMP-026,"60025,125",none,,,,,rock,anorthite,,"RELAB specimen: 60025,125; RELAB description: Highland, Bulk, ferroan anorthosite; Collection: Apollo 16 site, Moon; Specimen type: Returned Lunar Sample; Material origin: Natural; Material type: Rock; Material subtypes: Nonparticulate|Thin Section; Atlas type: rock; Atlas lithology: anorthite; Atlas description: Coarse-grained, moderately shocked, pristine cataclastic ferroan anorthosite; Parent source: atlas_sample_id",subsample_or_fraction,yes,https://www.lpi.usra.edu/lunar/samples/atlas/detail/?mission=Apollo%2016&sample=60025,
597,60025,125,-99.0,no,c3ls26,LS-CMP-026,"60025,125",none,,,,,rock,anorthite,,"RELAB specimen: 60025,125; RELAB description: Highland, Bulk, ferroan anorthosite; Collection: Apollo 16 site, Moon; Specimen type: Returned Lunar Sample; Material origin: Natural; Material type: Rock; Material subtypes: Nonparticulate|Thin Section; Atlas type: rock; Atlas lithology: anorthite; Atlas description: Coarse-grained, moderately shocked, pristine cataclastic ferroan anorthosite; Parent source: atlas_sample_id",subsample_or_fraction,yes,https://www.lpi.usra.edu/lunar/samples/atlas/detail/?mission=Apollo%2016&sample=60025,
598,60025,125,-99.0,no,cgls26,LS-CMP-026,"60025,125",none,,,,,rock,anorthite,,"RELAB specimen: 60025,125; RELAB description: Highland, Bulk, ferroan anorthosite; Collection: Apollo 16 site, Moon; Specimen type: Returned Lunar Sample; Material origin: Natural; Material type: Rock; Material subtypes: Nonparticulate|Thin Section; Atlas type: rock; Atlas lithology: anorthite; Atlas description: Coarse-grained, moderately shocked, pristine cataclastic ferroan anorthosite; Parent source: atlas_sample_id",subsample_or_fraction,yes,https://www.lpi.usra.edu/lunar/samples/atlas/detail/?mission=Apollo%2016&sample=60025,
599,60025,885,-99.0,no,bir1lr244b,LR-CMP-244-B,"60025,885 <45 um",none,,,,,rock,anorthite,,"RELAB specimen: 60025,885 <45 um; RELAB description: Highland, Anorthosite, Anorthosite dry-sieved to 0-45 um; Collection: Apollo 16 site, Moon; Specimen type: Returned Lunar Sample; Material origin: Natural; Material type: Rock; Material subtypes: Particulate; Atlas type: rock; Atlas lithology: anorthite; Atlas description: Coarse-grained, moderately shocked, pristine cataclastic ferroan anorthosite; Parent source: atlas_sample_id",subsample_or_fraction,yes,https://www.lpi.usra.edu/lunar/samples/atlas/detail/?mission=Apollo%2016&sample=60025,
600,60025,885,-99.0,no,bir1lr244c,LR-CMP-244-C,"60025,885 45-75 um",none,,,,,rock,anorthite,,"RELAB specimen: 60025,885 45-75 um; RELAB description: Highland, Anorthosite, Anorthosite dry-sieved to 45-75 um; Not exactly the same split as LR-CMP-235-C; Collection: Apollo 16 site, Moon; Specimen type: Returned Lunar Sample; Material origin: Natural; Material type: Rock; Material subtypes: Particulate; Atlas type: rock; Atlas lithology: anorthite; Atlas description: Coarse-grained, moderately shocked, pristine cataclastic ferroan anorthosite; Parent source: atlas_sample_id",subsample_or_fraction,yes,https://www.lpi.usra.edu/lunar/samples/atlas/detail/?mission=Apollo%2016&sample=60025,
601,60025,885,-99.0,no,c1lr235,LR-CMP-235,"60025,885 bulk",none,,,,,rock,anorthite,,"RELAB specimen: 60025,885 bulk; RELAB description: Highland, Anorthosite, Bulk anorthosite; Collection: Apollo 16 site, Moon; Specimen type: Returned Lunar Sample; Material origin: Natural; Material type: Rock; Material subtypes: Particulate; Atlas type: rock; Atlas lithology: anorthite; Atlas description: Coarse-grained, moderately shocked, pristine cataclastic ferroan anorthosite; Parent source: atlas_sample_id",subsample_or_fraction,yes,https://www.lpi.usra.edu/lunar/samples/atlas/detail/?mission=Apollo%2016&sample=60025,
602,60025,885,-99.0,no,c1lr235c,LR-CMP-235-C,"60025,885 45-75 um",none,,,,,rock,anorthite,,"RELAB specimen: 60025,885 45-75 um; RELAB description: Highland, Anorthosite, Anorthosite dry-sieved to 45-75 um; Collection: Apollo 16 site, Moon; Specimen type: Returned Lunar Sample; Material origin: Natural; Material type: Rock; Material subtypes: Particulate; Atlas type: rock; Atlas lithology: anorthite; Atlas description: Coarse-grained, moderately shocked, pristine cataclastic ferroan anorthosite; Parent source: atlas_sample_id",subsample_or_fraction,yes,https://www.lpi.usra.edu/lunar/samples/atlas/detail/?mission=Apollo%2016&sample=60025,
603,60025,885,-99.0,no,c1lr240c,LR-CMP-240-C,"60025,885 Plag Sep",none,,,,,rock,anorthite,,"RELAB specimen: 60025,885 Plag Sep; RELAB description: Silicate (Tecto), Plagioclase, Purified plagioclase separate from 60025,885 45-75 um fraction (LR-CMP-235-C); Collection: Apollo 16 site, Moon; Specimen type: Returned Lunar Sample; Material origin: Natural; Material type: Mineral; Material subtypes: Particulate; Atlas type: rock; Atlas lithology: anorthite; Atlas description: Coarse-grained, moderately shocked, pristine cataclastic ferroan anorthosite; Parent source: atlas_sample_id",subsample_or_fraction,yes,https://www.lpi.usra.edu/lunar/samples/atlas/detail/?mission=Apollo%2016&sample=60025,
604,60025,885,-99.0,no,c1lr244b,LR-CMP-244-B,"60025,885 <45 um",none,,,,,rock,anorthite,,"RELAB specimen: 60025,885 <45 um; RELAB description: Highland, Anorthosite, Anorthosite dry-sieved to 0-45 um; Collection: Apollo 16 site, Moon; Specimen type: Returned Lunar Sample; Material origin: Natural; Material type: Rock; Material subtypes: Particulate; Atlas type: rock; Atlas lithology: anorthite; Atlas description: Coarse-grained, moderately shocked, pristine cataclastic ferroan anorthosite; Parent source: atlas_sample_id",subsample_or_fraction,yes,https://www.lpi.usra.edu/lunar/samples/atlas/detail/?mission=Apollo%2016&sample=60025,
605,60025,885,-99.0,no,c1lr244c,LR-CMP-244-C,"60025,885 45-75 um",none,,,,,rock,anorthite,,"RELAB specimen: 60025,885 45-75 um; RELAB description: Highland, Anorthosite, Anorthosite dry-sieved to 45-75 um; Not exactly the same split as LR-CMP-235-C; Collection: Apollo 16 site, Moon; Specimen type: Returned Lunar Sample; Material origin: Natural; Material type: Rock; Material subtypes: Particulate; Atlas type: rock; Atlas lithology: anorthite; Atlas description: Coarse-grained, moderately shocked, pristine cataclastic ferroan anorthosite; Parent source: atlas_sample_id",subsample_or_fraction,yes,https://www.lpi.usra.edu/lunar/samples/atlas/detail/?mission=Apollo%2016&sample=60025,
606,60035,21,-99.0,no,c1ls22,LS-CMP-022-1,"60035,21 thin section Spot 1",none,,,,,,breccia,"fine-grained, clast-rich, polymict breccia made up of clasts of ferroan anorthosite, troctolite, troctolitic anorthosite and noritic anorthosite. To date, it remains poorly characterized, and requires further study. Recently, it was dated at 4.09 ± 0.1 b.y. with an exposure to cosmic radiation for about 6 m.y.","RELAB specimen: 60035,21 thin section Spot 1; RELAB description: Pristine, Noritic Troctolite/Troctolite , Pristine sample from UNM collection. Fine-grained granular troctolite.; Collection: Apollo 16; Specimen type: Returned Lunar Sample; Material origin: Natural; Material type: Rock; Material subtypes: Nonparticulate|Thin Section; Atlas lithology: breccia; Atlas description: fine-grained, clast-rich, polymict breccia made up of clasts of ferroan anorthosite, troctolite, troctolitic anorthosite and noritic anorthosite. To date, it remains poorly characterized, and requires further study. Recently, it was dated at 4.09 ± 0.1 b.y. with an exposure to cosmic radiation for about 6 m.y.; Parent source: atlas_sample_id",subsample_or_fraction,yes,https://www.lpi.usra.edu/lunar/samples/atlas/detail/?mission=Apollo%2016&sample=60035,
607,60035,21,-99.0,no,c2ls22,LS-CMP-022-2,"60035,21 thin section Spot 2",none,,,,,,breccia,"fine-grained, clast-rich, polymict breccia made up of clasts of ferroan anorthosite, troctolite, troctolitic anorthosite and noritic anorthosite. To date, it remains poorly characterized, and requires further study. Recently, it was dated at 4.09 ± 0.1 b.y. with an exposure to cosmic radiation for about 6 m.y.","RELAB specimen: 60035,21 thin section Spot 2; RELAB description: Pristine, Noritic Troctolite/Troctolite , Pristine sample from UNM collection. Fine-grained granular troctolite.; Collection: Apollo 16; Specimen type: Returned Lunar Sample; Material origin: Natural; Material type: Rock; Material subtypes: Nonparticulate|Thin Section; Atlas lithology: breccia; Atlas description: fine-grained, clast-rich, polymict breccia made up of clasts of ferroan anorthosite, troctolite, troctolitic anorthosite and noritic anorthosite. To date, it remains poorly characterized, and requires further study. Recently, it was dated at 4.09 ± 0.1 b.y. with an exposure to cosmic radiation for about 6 m.y.; Parent source: atlas_sample_id",subsample_or_fraction,yes,https://www.lpi.usra.edu/lunar/samples/atlas/detail/?mission=Apollo%2016&sample=60035,
608,60051,133,-99.0,no,cals69,LS-CMP-069,"60051,133",none,,,,,,,,"RELAB specimen: 60051,133; RELAB description: Highland, Bulk, soil; Collection: Apollo 16 site, Moon; Specimen type: Returned Lunar Sample; Material origin: Natural; Material type: Unconsolidated Mixture; Material subtypes: Particulate|Bulk; Parent source: atlas_sample_id",subsample_or_fraction,yes,https://www.lpi.usra.edu/lunar/samples/atlas/detail/?mission=Apollo%2016&sample=60051,
609,60055,27,-99.0,no,biralr254,LR-CMP-254,"60055,27 (about <200 um, 171 mg)",none,,,,,rake,soil,,"RELAB specimen: 60055,27 (about <200 um, 171 mg); RELAB description: Highland, Anorthosite FAN, Friable, granular, bright with trace black particles. Estimate FeO of 0.33 %; Collection: Apollo 16 site, Moon; Specimen type: Returned Lunar Sample; Material origin: Natural; Material type: Rock; Material subtypes: Particulate|Particulate Unsorted; Atlas type: rake; Atlas lithology: soil; Atlas description: walnut-sized particles from soil sample 60050 are what gave the soil a ""white"" appearance on the lunar surface.; Parent source: atlas_sample_id",subsample_or_fraction,yes,https://www.lpi.usra.edu/lunar/samples/atlas/detail/?mission=Apollo%2016&sample=60055,
610,60055,27,-99.0,no,c0lr254,LR-CMP-254,"60055,27 (about <200 um, 171 mg)",none,,,,,rake,soil,,"RELAB specimen: 60055,27 (about <200 um, 171 mg); RELAB description: Highland, Anorthosite FAN, Friable, granular, bright with trace black particles. Estimate FeO of 0.33 %; Collection: Apollo 16 site, Moon; Specimen type: Returned Lunar Sample; Material origin: Natural; Material type: Rock; Material subtypes: Particulate|Particulate Unsorted; Atlas type: rake; Atlas lithology: soil; Atlas description: walnut-sized particles from soil sample 60050 are what gave the soil a ""white"" appearance on the lunar surface.; Parent source: atlas_sample_id",subsample_or_fraction,yes,https://www.lpi.usra.edu/lunar/samples/atlas/detail/?mission=Apollo%2016&sample=60055,
611,60055,27,-99.0,no,c1lr254,LR-CMP-254,"60055,27 (about <200 um, 171 mg)",none,,,,,rake,soil,,"RELAB specimen: 60055,27 (about <200 um, 171 mg); RELAB description: Highland, Anorthosite FAN, Friable, granular, bright with trace black particles. Estimate FeO of 0.33 %; Collection: Apollo 16 site, Moon; Specimen type: Returned Lunar Sample; Material origin: Natural; Material type: Rock; Material subtypes: Particulate|Particulate Unsorted; Atlas type: rake; Atlas lithology: soil; Atlas description: walnut-sized particles from soil sample 60050 are what gave the soil a ""white"" appearance on the lunar surface.; Parent source: atlas_sample_id",subsample_or_fraction,yes,https://www.lpi.usra.edu/lunar/samples/atlas/detail/?mission=Apollo%2016&sample=60055,
612,60215,65,-99.0,no,biralr255,LR-CMP-255,"60215,65 (about <500 um, 168 mg)",none,,,,,,breccia,,"RELAB specimen: 60215,65 (about <500 um, 168 mg); RELAB description: Highland, Anorthosite FAN, Granular fines and large particles with some large black ones. Estimate FeO of 0.15%; Collection: Apollo 16 site, Moon; Specimen type: Returned Lunar Sample; Material origin: Natural; Material type: Rock; Material subtypes: Particulate|Particulate Unsorted; Atlas lithology: breccia; Atlas description: actually a polymict breccia, the largest portion is almost pure white and very plagioclase rich. The anorthositic portion is both highly shocked and cataclastic.; Parent source: atlas_sample_id",subsample_or_fraction,yes,https://www.lpi.usra.edu/lunar/samples/atlas/detail/?mission=Apollo%2016&sample=60215,
613,60215,65,-99.0,no,c0lr255,LR-CMP-255,"60215,65 (about <500 um, 168 mg)",none,,,,,,breccia,,"RELAB specimen: 60215,65 (about <500 um, 168 mg); RELAB description: Highland, Anorthosite FAN, Granular fines and large particles with some large black ones. Estimate FeO of 0.15%; Collection: Apollo 16 site, Moon; Specimen type: Returned Lunar Sample; Material origin: Natural; Material type: Rock; Material subtypes: Particulate|Particulate Unsorted; Atlas lithology: breccia; Atlas description: actually a polymict breccia, the largest portion is almost pure white and very plagioclase rich. The anorthositic portion is both highly shocked and cataclastic.; Parent source: atlas_sample_id",subsample_or_fraction,yes,https://www.lpi.usra.edu/lunar/samples/atlas/detail/?mission=Apollo%2016&sample=60215,
614,60215,65,-99.0,no,c1lr255,LR-CMP-255,"60215,65 (about <500 um, 168 mg)",none,,,,,,breccia,,"RELAB specimen: 60215,65 (about <500 um, 168 mg); RELAB description: Highland, Anorthosite FAN, Granular fines and large particles with some large black ones. Estimate FeO of 0.15%; Collection: Apollo 16 site, Moon; Specimen type: Returned Lunar Sample; Material origin: Natural; Material type: Rock; Material subtypes: Particulate|Particulate Unsorted; Atlas lithology: breccia; Atlas description: actually a polymict breccia, the largest portion is almost pure white and very plagioclase rich. The anorthositic portion is both highly shocked and cataclastic.; Parent source: atlas_sample_id",subsample_or_fraction,yes,https://www.lpi.usra.edu/lunar/samples/atlas/detail/?mission=Apollo%2016&sample=60215,
615,60501,120,-99.0,no,bmr1ls100,LS-M1O-100,"60501,120",none,,,,,rake,soil,,"RELAB specimen: 60501,120; RELAB description: Highland, Bulk, SELENE Multiband Imager calibration; Collection: Apollo 16 site, Moon; Specimen type: Returned Lunar Sample; Material origin: Natural; Material type: Unconsolidated Mixture; Material subtypes: Particulate|Bulk Particulate|Highland; Atlas type: rake; Atlas lithology: soil; Parent source: atlas_sample_id",subsample_or_fraction,yes,https://www.lpi.usra.edu/lunar/samples/atlas/detail/?mission=Apollo%2016&sample=60501,
616,60501,120,-99.0,no,cals100,LS-M1O-100,"60501,120",none,,,,,rake,soil,,"RELAB specimen: 60501,120; RELAB description: Highland, Bulk, SELENE Multiband Imager calibration; Collection: Apollo 16 site, Moon; Specimen type: Returned Lunar Sample; Material origin: Natural; Material type: Unconsolidated Mixture; Material subtypes: Particulate|Bulk Particulate|Highland; Atlas type: rake; Atlas lithology: soil; Parent source: atlas_sample_id",subsample_or_fraction,yes,https://www.lpi.usra.edu/lunar/samples/atlas/detail/?mission=Apollo%2016&sample=60501,
617,60501,120,-99.0,no,cbls100,LS-M1O-100,"60501,120",none,,,,,rake,soil,,"RELAB specimen: 60501,120; RELAB description: Highland, Bulk, SELENE Multiband Imager calibration; Collection: Apollo 16 site, Moon; Specimen type: Returned Lunar Sample; Material origin: Natural; Material type: Unconsolidated Mixture; Material subtypes: Particulate|Bulk Particulate|Highland; Atlas type: rake; Atlas lithology: soil; Parent source: atlas_sample_id",subsample_or_fraction,yes,https://www.lpi.usra.edu/lunar/samples/atlas/detail/?mission=Apollo%2016&sample=60501,
618,61016,538,-99.0,no,biralr253,LR-CMP-253,"61016,538 (about <200 um, 21 mg)",none,,,,,,impact melt breccia,,"RELAB specimen: 61016,538 (about <200 um, 21 mg); RELAB description: Highland, Anorthosite FAN, Sample has silver threads throught (contamination). Estimate FeO of 0.3 %; Collection: Apollo 16 site, Moon; Specimen type: Returned Lunar Sample; Material origin: Natural; Material type: Rock; Material subtypes: Particulate|Particulate Unsorted; Atlas lithology: impact melt breccia; Atlas description: known as ""Big Muley""; named after Bill Muehlberger, the leader of the Apollo 16 field geology team; Parent source: atlas_sample_id",subsample_or_fraction,yes,https://www.lpi.usra.edu/lunar/samples/atlas/detail/?mission=Apollo%2016&sample=61016,
619,61016,538,-99.0,no,c0lr253,LR-CMP-253,"61016,538 (about <200 um, 21 mg)",none,,,,,,impact melt breccia,,"RELAB specimen: 61016,538 (about <200 um, 21 mg); RELAB description: Highland, Anorthosite FAN, Sample has silver threads throught (contamination). Estimate FeO of 0.3 %; Collection: Apollo 16 site, Moon; Specimen type: Returned Lunar Sample; Material origin: Natural; Material type: Rock; Material subtypes: Particulate|Particulate Unsorted; Atlas lithology: impact melt breccia; Atlas description: known as ""Big Muley""; named after Bill Muehlberger, the leader of the Apollo 16 field geology team; Parent source: atlas_sample_id",subsample_or_fraction,yes,https://www.lpi.usra.edu/lunar/samples/atlas/detail/?mission=Apollo%2016&sample=61016,
620,61016,538,-99.0,no,c1lr253,LR-CMP-253,"61016,538 (about <200 um, 21 mg)",none,,,,,,impact melt breccia,,"RELAB specimen: 61016,538 (about <200 um, 21 mg); RELAB description: Highland, Anorthosite FAN, Sample has silver threads throught (contamination). Estimate FeO of 0.3 %; Collection: Apollo 16 site, Moon; Specimen type: Returned Lunar Sample; Material origin: Natural; Material type: Rock; Material subtypes: Particulate|Particulate Unsorted; Atlas lithology: impact melt breccia; Atlas description: known as ""Big Muley""; named after Bill Muehlberger, the leader of the Apollo 16 field geology team; Parent source: atlas_sample_id",subsample_or_fraction,yes,https://www.lpi.usra.edu/lunar/samples/atlas/detail/?mission=Apollo%2016&sample=61016,
621,61016,542,-99.0,no,bir1lr256,LR-CMP-256,"61016,542 large fragments",none,,,,,,impact melt breccia,,"RELAB specimen: 61016,542 large fragments; RELAB description: Highland, Anorthosite FAN, Estimate FeO of 0.3 %; Collection: Apollo 16 site, Moon; Specimen type: Returned Lunar Sample; Material origin: Natural; Material type: Rock; Material subtypes: Particulate|Particulate Fragments; Atlas lithology: impact melt breccia; Atlas description: known as ""Big Muley""; named after Bill Muehlberger, the leader of the Apollo 16 field geology team; Parent source: atlas_sample_id",subsample_or_fraction,yes,https://www.lpi.usra.edu/lunar/samples/atlas/detail/?mission=Apollo%2016&sample=61016,
622,61016,542,-99.0,no,c1lr256,LR-CMP-256,"61016,542 large fragments",none,,,,,,impact melt breccia,,"RELAB specimen: 61016,542 large fragments; RELAB description: Highland, Anorthosite FAN, Estimate FeO of 0.3 %; Collection: Apollo 16 site, Moon; Specimen type: Returned Lunar Sample; Material origin: Natural; Material type: Rock; Material subtypes: Particulate|Particulate Fragments; Atlas lithology: impact melt breccia; Atlas description: known as ""Big Muley""; named after Bill Muehlberger, the leader of the Apollo 16 field geology team; Parent source: atlas_sample_id",subsample_or_fraction,yes,https://www.lpi.usra.edu/lunar/samples/atlas/detail/?mission=Apollo%2016&sample=61016,
623,61016,546,-99.0,no,biralr257,LR-CMP-257,"61016,546 chip",none,,,,,,impact melt breccia,,"RELAB specimen: 61016,546 chip; RELAB description: Highland, Anorthosite FAN, Estimate FeO of 0.3 %; Collection: Apollo 16 site, Moon; Specimen type: Returned Lunar Sample; Material origin: Natural; Material type: Rock; Material subtypes: Nonparticulate|Chip; Atlas lithology: impact melt breccia; Atlas description: known as ""Big Muley""; named after Bill Muehlberger, the leader of the Apollo 16 field geology team; Parent source: atlas_sample_id",subsample_or_fraction,yes,https://www.lpi.usra.edu/lunar/samples/atlas/detail/?mission=Apollo%2016&sample=61016,
624,61016,546,-99.0,no,birblr257,LR-CMP-257,"61016,546 chip",none,,,,,,impact melt breccia,,"RELAB specimen: 61016,546 chip; RELAB description: Highland, Anorthosite FAN, Estimate FeO of 0.3 %; Collection: Apollo 16 site, Moon; Specimen type: Returned Lunar Sample; Material origin: Natural; Material type: Rock; Material subtypes: Nonparticulate|Chip; Atlas lithology: impact melt breccia; Atlas description: known as ""Big Muley""; named after Bill Muehlberger, the leader of the Apollo 16 field geology team; Parent source: atlas_sample_id",subsample_or_fraction,yes,https://www.lpi.usra.edu/lunar/samples/atlas/detail/?mission=Apollo%2016&sample=61016,
625,61016,546,-99.0,no,birclr257,LR-CMP-257,"61016,546 chip",none,,,,,,impact melt breccia,,"RELAB specimen: 61016,546 chip; RELAB description: Highland, Anorthosite FAN, Estimate FeO of 0.3 %; Collection: Apollo 16 site, Moon; Specimen type: Returned Lunar Sample; Material origin: Natural; Material type: Rock; Material subtypes: Nonparticulate|Chip; Atlas lithology: impact melt breccia; Atlas description: known as ""Big Muley""; named after Bill Muehlberger, the leader of the Apollo 16 field geology team; Parent source: atlas_sample_id",subsample_or_fraction,yes,https://www.lpi.usra.edu/lunar/samples/atlas/detail/?mission=Apollo%2016&sample=61016,
626,61016,546,-99.0,no,birdlr257,LR-CMP-257,"61016,546 chip",none,,,,,,impact melt breccia,,"RELAB specimen: 61016,546 chip; RELAB description: Highland, Anorthosite FAN, Estimate FeO of 0.3 %; Collection: Apollo 16 site, Moon; Specimen type: Returned Lunar Sample; Material origin: Natural; Material type: Rock; Material subtypes: Nonparticulate|Chip; Atlas lithology: impact melt breccia; Atlas description: known as ""Big Muley""; named after Bill Muehlberger, the leader of the Apollo 16 field geology team; Parent source: atlas_sample_id",subsample_or_fraction,yes,https://www.lpi.usra.edu/lunar/samples/atlas/detail/?mission=Apollo%2016&sample=61016,
627,61016,546,-99.0,no,calr257,LR-CMP-257,"61016,546 chip",none,,,,,,impact melt breccia,,"RELAB specimen: 61016,546 chip; RELAB description: Highland, Anorthosite FAN, Estimate FeO of 0.3 %; Collection: Apollo 16 site, Moon; Specimen type: Returned Lunar Sample; Material origin: Natural; Material type: Rock; Material subtypes: Nonparticulate|Chip; Atlas lithology: impact melt breccia; Atlas description: known as ""Big Muley""; named after Bill Muehlberger, the leader of the Apollo 16 field geology team; Parent source: atlas_sample_id",subsample_or_fraction,yes,https://www.lpi.usra.edu/lunar/samples/atlas/detail/?mission=Apollo%2016&sample=61016,
628,61016,546,-99.0,no,cblr257,LR-CMP-257,"61016,546 chip",none,,,,,,impact melt breccia,,"RELAB specimen: 61016,546 chip; RELAB description: Highland, Anorthosite FAN, Estimate FeO of 0.3 %; Collection: Apollo 16 site, Moon; Specimen type: Returned Lunar Sample; Material origin: Natural; Material type: Rock; Material subtypes: Nonparticulate|Chip; Atlas lithology: impact melt breccia; Atlas description: known as ""Big Muley""; named after Bill Muehlberger, the leader of the Apollo 16 field geology team; Parent source: atlas_sample_id",subsample_or_fraction,yes,https://www.lpi.usra.edu/lunar/samples/atlas/detail/?mission=Apollo%2016&sample=61016,
629,61016,546,-99.0,no,cclr257,LR-CMP-257,"61016,546 chip",none,,,,,,impact melt breccia,,"RELAB specimen: 61016,546 chip; RELAB description: Highland, Anorthosite FAN, Estimate FeO of 0.3 %; Collection: Apollo 16 site, Moon; Specimen type: Returned Lunar Sample; Material origin: Natural; Material type: Rock; Material subtypes: Nonparticulate|Chip; Atlas lithology: impact melt breccia; Atlas description: known as ""Big Muley""; named after Bill Muehlberger, the leader of the Apollo 16 field geology team; Parent source: atlas_sample_id",subsample_or_fraction,yes,https://www.lpi.usra.edu/lunar/samples/atlas/detail/?mission=Apollo%2016&sample=61016,
630,61016,546,-99.0,no,cdlr257,LR-CMP-257,"61016,546 chip",none,,,,,,impact melt breccia,,"RELAB specimen: 61016,546 chip; RELAB description: Highland, Anorthosite FAN, Estimate FeO of 0.3 %; Collection: Apollo 16 site, Moon; Specimen type: Returned Lunar Sample; Material origin: Natural; Material type: Rock; Material subtypes: Nonparticulate|Chip; Atlas lithology: impact melt breccia; Atlas description: known as ""Big Muley""; named after Bill Muehlberger, the leader of the Apollo 16 field geology team; Parent source: atlas_sample_id",subsample_or_fraction,yes,https://www.lpi.usra.edu/lunar/samples/atlas/detail/?mission=Apollo%2016&sample=61016,
631,61141,0,-99.0,no,bir1ls144,LS-BWD-144,61141 bulk 125-250 um,none,,,,,,,,"RELAB specimen: 61141 bulk 125-250 um; RELAB description: Highland, Submature; Collection: Apollo 16 site, Station 1, Moon; Specimen type: Returned Lunar Sample; Material origin: Natural; Material type: Unconsolidated Mixture; Material subtypes: Particulate; Parent source: atlas_sample_id",subsample_or_fraction,yes,https://www.lpi.usra.edu/lunar/samples/atlas/detail/?mission=Apollo%2016&sample=61141,
632,61141,0,-99.0,no,bir1ls150,LS-BWD-150,61141 agglutinates 125-250 um (magnetically-separated and hand-picked),none,,,,,,,"Highland, Agglutinate","RELAB specimen: 61141 agglutinates 125-250 um (magnetically-separated and hand-picked); RELAB description: Highland, Agglutinate; Collection: Apollo 16 site, Station 1, Moon; Specimen type: Returned Lunar Sample; Material origin: Natural; Material type: Unconsolidated Mixture; Material subtypes: Particulate; Parent source: atlas_sample_id",subsample_or_fraction,yes,https://www.lpi.usra.edu/lunar/samples/atlas/detail/?mission=Apollo%2016&sample=61141,
633,61141,0,-99.0,no,bir1ls155,LS-BWD-155,61141 low-agglutinate remnant 125-250 um,none,,,,,,,61141 low-agglutinate remnant 125-250 um,"RELAB specimen: 61141 low-agglutinate remnant 125-250 um; RELAB description: Remnant after agglutinates removed from Apollo 16 highland soil; Collection: Apollo 16 site, Station 1, Moon; Specimen type: Returned Lunar Sample; Material origin: Natural; Material type: Unconsolidated Mixture; Material subtypes: Particulate|Sorted; Parent source: atlas_sample_id",subsample_or_fraction,yes,https://www.lpi.usra.edu/lunar/samples/atlas/detail/?mission=Apollo%2016&sample=61141,
634,61141,0,-99.0,no,c1ls144,LS-BWD-144,61141 bulk 125-250 um,none,,,,,,,,"RELAB specimen: 61141 bulk 125-250 um; RELAB description: Highland, Submature; Collection: Apollo 16 site, Station 1, Moon; Specimen type: Returned Lunar Sample; Material origin: Natural; Material type: Unconsolidated Mixture; Material subtypes: Particulate; Parent source: atlas_sample_id",subsample_or_fraction,yes,https://www.lpi.usra.edu/lunar/samples/atlas/detail/?mission=Apollo%2016&sample=61141,
635,61141,0,-99.0,no,c1ls150,LS-BWD-150,61141 agglutinates 125-250 um (magnetically-separated and hand-picked),none,,,,,,,"Highland, Agglutinate","RELAB specimen: 61141 agglutinates 125-250 um (magnetically-separated and hand-picked); RELAB description: Highland, Agglutinate; Collection: Apollo 16 site, Station 1, Moon; Specimen type: Returned Lunar Sample; Material origin: Natural; Material type: Unconsolidated Mixture; Material subtypes: Particulate; Parent source: atlas_sample_id",subsample_or_fraction,yes,https://www.lpi.usra.edu/lunar/samples/atlas/detail/?mission=Apollo%2016&sample=61141,
636,61141,0,-99.0,no,c1ls155,LS-BWD-155,61141 low-agglutinate remnant 125-250 um,none,,,,,,,61141 low-agglutinate remnant 125-250 um,"RELAB specimen: 61141 low-agglutinate remnant 125-250 um; RELAB description: Remnant after agglutinates removed from Apollo 16 highland soil; Collection: Apollo 16 site, Station 1, Moon; Specimen type: Returned Lunar Sample; Material origin: Natural; Material type: Unconsolidated Mixture; Material subtypes: Particulate|Sorted; Parent source: atlas_sample_id",subsample_or_fraction,yes,https://www.lpi.usra.edu/lunar/samples/atlas/detail/?mission=Apollo%2016&sample=61141,
637,61141,0,-99.0,no,c2ls144,LS-BWD-144,61141 bulk 125-250 um,none,,,,,,,,"RELAB specimen: 61141 bulk 125-250 um; RELAB description: Highland, Submature; Collection: Apollo 16 site, Station 1, Moon; Specimen type: Returned Lunar Sample; Material origin: Natural; Material type: Unconsolidated Mixture; Material subtypes: Particulate; Parent source: atlas_sample_id",subsample_or_fraction,yes,https://www.lpi.usra.edu/lunar/samples/atlas/detail/?mission=Apollo%2016&sample=61141,
638,61141,0,-99.0,no,c2ls150,LS-BWD-150,61141 agglutinates 125-250 um (magnetically-separated and hand-picked),none,,,,,,,"Highland, Agglutinate","RELAB specimen: 61141 agglutinates 125-250 um (magnetically-separated and hand-picked); RELAB description: Highland, Agglutinate; Collection: Apollo 16 site, Station 1, Moon; Specimen type: Returned Lunar Sample; Material origin: Natural; Material type: Unconsolidated Mixture; Material subtypes: Particulate; Parent source: atlas_sample_id",subsample_or_fraction,yes,https://www.lpi.usra.edu/lunar/samples/atlas/detail/?mission=Apollo%2016&sample=61141,
639,61141,0,-99.0,no,c2ls155,LS-BWD-155,61141 low-agglutinate remnant 125-250 um,none,,,,,,,61141 low-agglutinate remnant 125-250 um,"RELAB specimen: 61141 low-agglutinate remnant 125-250 um; RELAB description: Remnant after agglutinates removed from Apollo 16 highland soil; Collection: Apollo 16 site, Station 1, Moon; Specimen type: Returned Lunar Sample; Material origin: Natural; Material type: Unconsolidated Mixture; Material subtypes: Particulate|Sorted; Parent source: atlas_sample_id",subsample_or_fraction,yes,https://www.lpi.usra.edu/lunar/samples/atlas/detail/?mission=Apollo%2016&sample=61141,
640,61141,0,-99.0,no,c3ls155,LS-BWD-155,61141 low-agglutinate remnant 125-250 um,none,,,,,,,61141 low-agglutinate remnant 125-250 um,"RELAB specimen: 61141 low-agglutinate remnant 125-250 um; RELAB description: Remnant after agglutinates removed from Apollo 16 highland soil; Collection: Apollo 16 site, Station 1, Moon; Specimen type: Returned Lunar Sample; Material origin: Natural; Material type: Unconsolidated Mixture; Material subtypes: Particulate|Sorted; Parent source: atlas_sample_id",subsample_or_fraction,yes,https://www.lpi.usra.edu/lunar/samples/atlas/detail/?mission=Apollo%2016&sample=61141,
641,61141,0,-99.0,no,k1ls144,LS-BWD-144,61141 bulk 125-250 um,none,,,,,,,,"RELAB specimen: 61141 bulk 125-250 um; RELAB description: Highland, Submature; Collection: Apollo 16 site, Station 1, Moon; Specimen type: Returned Lunar Sample; Material origin: Natural; Material type: Unconsolidated Mixture; Material subtypes: Particulate; Parent source: atlas_sample_id",subsample_or_fraction,yes,https://www.lpi.usra.edu/lunar/samples/atlas/detail/?mission=Apollo%2016&sample=61141,
642,61141,55,-99.0,no,bir1ls105,LS-GJT-105,"61141,55 <150 um",none,,,,,,,,"RELAB specimen: 61141,55 <150 um; RELAB description: Highland, Bulk,; Collection: Apollo 16 site, Moon; Specimen type: Returned Lunar Sample; Material origin: Natural; Material type: Unconsolidated Mixture; Material subtypes: Particulate|Particulate Sorted|Highland; Parent source: atlas_sample_id",subsample_or_fraction,yes,https://www.lpi.usra.edu/lunar/samples/atlas/detail/?mission=Apollo%2016&sample=61141,
643,61141,55,-99.0,no,c1ls105,LS-GJT-105,"61141,55 <150 um",none,,,,,,,,"RELAB specimen: 61141,55 <150 um; RELAB description: Highland, Bulk,; Collection: Apollo 16 site, Moon; Specimen type: Returned Lunar Sample; Material origin: Natural; Material type: Unconsolidated Mixture; Material subtypes: Particulate|Particulate Sorted|Highland; Parent source: atlas_sample_id",subsample_or_fraction,yes,https://www.lpi.usra.edu/lunar/samples/atlas/detail/?mission=Apollo%2016&sample=61141,
644,61141,71,-99.0,no,c2ls83,LS-CMP-083,"61141,71",none,,,,,,,,"RELAB specimen: 61141,71; RELAB description: Highland, Bulk,; Collection: Apollo 16 site, Moon; Specimen type: Returned Lunar Sample; Material origin: Natural; Material type: Unconsolidated Mixture; Material subtypes: Particulate|Highland; Parent source: atlas_sample_id",subsample_or_fraction,yes,https://www.lpi.usra.edu/lunar/samples/atlas/detail/?mission=Apollo%2016&sample=61141,
645,61141,71,-99.0,no,cals83,LS-CMP-083,"61141,71",none,,,,,,,,"RELAB specimen: 61141,71; RELAB description: Highland, Bulk,; Collection: Apollo 16 site, Moon; Specimen type: Returned Lunar Sample; Material origin: Natural; Material type: Unconsolidated Mixture; Material subtypes: Particulate|Highland; Parent source: atlas_sample_id",subsample_or_fraction,yes,https://www.lpi.usra.edu/lunar/samples/atlas/detail/?mission=Apollo%2016&sample=61141,
646,61141,75,-99.0,no,bmr1lr109,LR-CMP-109,"61141,75",none,,,,,,,,"RELAB specimen: 61141,75; RELAB description: Highland, , Water sieved for LSCC (Taylor project).; Collection: Apollo 16 site, Moon; Specimen type: Returned Lunar Sample; Material origin: Natural; Material type: Unconsolidated Mixture; Material subtypes: Particulate|Particulate Sorted|Highland; Parent source: atlas_sample_id",subsample_or_fraction,yes,https://www.lpi.usra.edu/lunar/samples/atlas/detail/?mission=Apollo%2016&sample=61141,
647,61141,75,-99.0,no,c1lr109,LR-CMP-109,"61141,75",none,,,,,,,,"RELAB specimen: 61141,75; RELAB description: Highland, , Water sieved for LSCC (Taylor project).; Collection: Apollo 16 site, Moon; Specimen type: Returned Lunar Sample; Material origin: Natural; Material type: Unconsolidated Mixture; Material subtypes: Particulate|Particulate Sorted|Highland; Parent source: atlas_sample_id",subsample_or_fraction,yes,https://www.lpi.usra.edu/lunar/samples/atlas/detail/?mission=Apollo%2016&sample=61141,
648,61141,79,-99.0,no,bmr1lr110,LR-CMP-110,"61141,79",none,,,,,,,,"RELAB specimen: 61141,79; RELAB description: Highland, , Water sieved for LSCC (Taylor project).; Collection: Apollo 16 site, Moon; Specimen type: Returned Lunar Sample; Material origin: Natural; Material type: Unconsolidated Mixture; Material subtypes: Particulate|Particulate Sorted|Highland; Parent source: atlas_sample_id",subsample_or_fraction,yes,https://www.lpi.usra.edu/lunar/samples/atlas/detail/?mission=Apollo%2016&sample=61141,
649,61141,84,-99.0,no,bmr1lr111,LR-CMP-111,"61141,84",none,,,,,,,,"RELAB specimen: 61141,84; RELAB description: Highland, , Water sieved for LSCC (Taylor project).; Collection: Apollo 16 site, Moon; Specimen type: Returned Lunar Sample; Material origin: Natural; Material type: Unconsolidated Mixture; Material subtypes: Particulate|Particulate Sorted|Highland; Parent source: atlas_sample_id",subsample_or_fraction,yes,https://www.lpi.usra.edu/lunar/samples/atlas/detail/?mission=Apollo%2016&sample=61141,
650,61141,84,-99.0,no,c1lr111,LR-CMP-111,"61141,84",none,,,,,,,,"RELAB specimen: 61141,84; RELAB description: Highland, , Water sieved for LSCC (Taylor project).; Collection: Apollo 16 site, Moon; Specimen type: Returned Lunar Sample; Material origin: Natural; Material type: Unconsolidated Mixture; Material subtypes: Particulate|Particulate Sorted|Highland; Parent source: atlas_sample_id",subsample_or_fraction,yes,https://www.lpi.usra.edu/lunar/samples/atlas/detail/?mission=Apollo%2016&sample=61141,
651,61141,89,-99.0,no,bmr1lr112,LR-CMP-112,"61141,89",none,,,,,,,,"RELAB specimen: 61141,89; RELAB description: Highland, , Water sieved for LSCC (Taylor project).; Collection: Apollo 16 site, Moon; Specimen type: Returned Lunar Sample; Material origin: Natural; Material type: Unconsolidated Mixture; Material subtypes: Particulate|Particulate Sorted|Highland; Parent source: atlas_sample_id",subsample_or_fraction,yes,https://www.lpi.usra.edu/lunar/samples/atlas/detail/?mission=Apollo%2016&sample=61141,
652,61141,89,-99.0,no,c1lr112,LR-CMP-112,"61141,89",none,,,,,,,,"RELAB specimen: 61141,89; RELAB description: Highland, , Water sieved for LSCC (Taylor project).; Collection: Apollo 16 site, Moon; Specimen type: Returned Lunar Sample; Material origin: Natural; Material type: Unconsolidated Mixture; Material subtypes: Particulate|Particulate Sorted|Highland; Parent source: atlas_sample_id",subsample_or_fraction,yes,https://www.lpi.usra.edu/lunar/samples/atlas/detail/?mission=Apollo%2016&sample=61141,
653,61161,0,-99.0,no,calr06,LR-CMP-006,61161,none,,,,,,,,"RELAB specimen: 61161; RELAB description: Bulk,; Collection: Apollo 16 site, Moon; Specimen type: Returned Lunar Sample; Material origin: Natural; Material type: Unconsolidated Mixture; Material subtypes: Particulate|Bulk Particulate; Parent source: atlas_sample_id",sample_number,no,https://www.lpi.usra.edu/lunar/samples/atlas/detail/?mission=Apollo%2016&sample=61161,
654,61221,115,-99.0,no,crls65,LS-CMP-065-B,"61221,115 500-1000 um",none,,,,,,,,"RELAB specimen: 61221,115 500-1000 um; RELAB description: Highland; Collection: Apollo 16 site, Moon; Specimen type: Returned Lunar Sample; Material origin: Natural; Material type: Unconsolidated Mixture; Material subtypes: Particulate|Highland; Parent source: atlas_sample_id",subsample_or_fraction,yes,https://www.lpi.usra.edu/lunar/samples/atlas/detail/?mission=Apollo%2016&sample=61221,
655,61221,115,19.66,yes,cpls65,LS-CMP-065,"61221,115 500-1000 um with plagioclase grain at center",explicit_reference,ls-cmp-065_specimenchemistry,LS-CMP-065,Bulk,"Lofgren & Lofgren, 1981. Lunar and Plan. Contrib. 438, p.172.",,,,"RELAB specimen: 61221,115 500-1000 um with plagioclase grain at center; RELAB description: Highland; Collection: Apollo 16 site, Moon; Specimen type: Returned Lunar Sample; Material origin: Natural; Material type: Unconsolidated Mixture; Material subtypes: Particulate|Highland; Chemistry phase: Bulk; Chemistry notes: Apollo 12 Mare Basalt Sample #12065; Parent source: atlas_sample_id",subsample_or_fraction,yes,https://www.lpi.usra.edu/lunar/samples/atlas/detail/?mission=Apollo%2016&sample=61221,
656,61221,115,19.66,yes,cqls65,LS-CMP-065,"61221,115 500-1000 um with plagioclase grain at center",explicit_reference,ls-cmp-065_specimenchemistry,LS-CMP-065,Bulk,"Lofgren & Lofgren, 1981. Lunar and Plan. Contrib. 438, p.172.",,,,"RELAB specimen: 61221,115 500-1000 um with plagioclase grain at center; RELAB description: Highland; Collection: Apollo 16 site, Moon; Specimen type: Returned Lunar Sample; Material origin: Natural; Material type: Unconsolidated Mixture; Material subtypes: Particulate|Highland; Chemistry phase: Bulk; Chemistry notes: Apollo 12 Mare Basalt Sample #12065; Parent source: atlas_sample_id",subsample_or_fraction,yes,https://www.lpi.usra.edu/lunar/samples/atlas/detail/?mission=Apollo%2016&sample=61221,
657,61221,116,-99.0,no,ccls65,LS-CMP-065-C,"61221,116 250-500 um",none,,,,,,,,"RELAB specimen: 61221,116 250-500 um; RELAB description: Highland; Collection: Apollo 16 site, Moon; Specimen type: Returned Lunar Sample; Material origin: Natural; Material type: Unconsolidated Mixture; Material subtypes: Particulate|Highland; Parent source: atlas_sample_id",subsample_or_fraction,yes,https://www.lpi.usra.edu/lunar/samples/atlas/detail/?mission=Apollo%2016&sample=61221,
658,61221,117,-99.0,no,cdls65,LS-CMP-065-D,"61221,117 150-250 um",none,,,,,,,,"RELAB specimen: 61221,117 150-250 um; RELAB description: Highland; Collection: Apollo 16 site, Moon; Specimen type: Returned Lunar Sample; Material origin: Natural; Material type: Unconsolidated Mixture; Material subtypes: Particulate|Highland; Parent source: atlas_sample_id",subsample_or_fraction,yes,https://www.lpi.usra.edu/lunar/samples/atlas/detail/?mission=Apollo%2016&sample=61221,
659,61221,118,-99.0,no,cels65,LS-CMP-065-E,"61221,118 90-150 um",none,,,,,,,,"RELAB specimen: 61221,118 90-150 um; RELAB description: Highland; Collection: Apollo 16 site, Moon; Specimen type: Returned Lunar Sample; Material origin: Natural; Material type: Unconsolidated Mixture; Material subtypes: Particulate|Highland; Parent source: atlas_sample_id",subsample_or_fraction,yes,https://www.lpi.usra.edu/lunar/samples/atlas/detail/?mission=Apollo%2016&sample=61221,
660,61221,119,-99.0,no,cfls65,LS-CMP-065-F,"61221,119 45-90 um",none,,,,,,,,"RELAB specimen: 61221,119 45-90 um; RELAB description: Highland; Collection: Apollo 16 site, Moon; Specimen type: Returned Lunar Sample; Material origin: Natural; Material type: Unconsolidated Mixture; Material subtypes: Particulate|Highland; Parent source: atlas_sample_id",subsample_or_fraction,yes,https://www.lpi.usra.edu/lunar/samples/atlas/detail/?mission=Apollo%2016&sample=61221,
661,61221,127,-99.0,no,cils65,LS-CMP-065-I,"61221,127 10-20 um",none,,,,,,,,"RELAB specimen: 61221,127 10-20 um; RELAB description: Highland; Collection: Apollo 16 site, Moon; Specimen type: Returned Lunar Sample; Material origin: Natural; Material type: Unconsolidated Mixture; Material subtypes: Particulate|Highland; Parent source: atlas_sample_id",subsample_or_fraction,yes,https://www.lpi.usra.edu/lunar/samples/atlas/detail/?mission=Apollo%2016&sample=61221,
662,61221,128,-99.0,no,cjls65,LS-CMP-065-J,"61221,128 <10 um",none,,,,,,,,"RELAB specimen: 61221,128 <10 um; RELAB description: Highland; Collection: Apollo 16 site, Moon; Specimen type: Returned Lunar Sample; Material origin: Natural; Material type: Unconsolidated Mixture; Material subtypes: Particulate|Highland; Parent source: atlas_sample_id",subsample_or_fraction,yes,https://www.lpi.usra.edu/lunar/samples/atlas/detail/?mission=Apollo%2016&sample=61221,
663,61221,128,-99.0,no,cls65j,LS-CMP-065-J,"61221,128 <10 um",none,,,,,,,,"RELAB specimen: 61221,128 <10 um; RELAB description: Highland; Collection: Apollo 16 site, Moon; Specimen type: Returned Lunar Sample; Material origin: Natural; Material type: Unconsolidated Mixture; Material subtypes: Particulate|Highland; Parent source: atlas_sample_id",subsample_or_fraction,yes,https://www.lpi.usra.edu/lunar/samples/atlas/detail/?mission=Apollo%2016&sample=61221,
664,61221,128,-99.0,no,csls65,LS-CMP-065-J,"61221,128 <10 um",none,,,,,,,,"RELAB specimen: 61221,128 <10 um; RELAB description: Highland; Collection: Apollo 16 site, Moon; Specimen type: Returned Lunar Sample; Material origin: Natural; Material type: Unconsolidated Mixture; Material subtypes: Particulate|Highland; Parent source: atlas_sample_id",subsample_or_fraction,yes,https://www.lpi.usra.edu/lunar/samples/atlas/detail/?mission=Apollo%2016&sample=61221,
665,61221,156,-99.0,no,bmr1lr105,LR-CMP-105,"61221,156",none,,,,,,,,"RELAB specimen: 61221,156; RELAB description: Highland, , Water sieved for LSCC (Taylor project).; Collection: Apollo 16 site, Moon; Specimen type: Returned Lunar Sample; Material origin: Natural; Material type: Unconsolidated Mixture; Material subtypes: Particulate|Particulate Sorted|Highland; Parent source: atlas_sample_id",subsample_or_fraction,yes,https://www.lpi.usra.edu/lunar/samples/atlas/detail/?mission=Apollo%2016&sample=61221,
666,61221,156,-99.0,no,c1lr105,LR-CMP-105,"61221,156",none,,,,,,,,"RELAB specimen: 61221,156; RELAB description: Highland, , Water sieved for LSCC (Taylor project).; Collection: Apollo 16 site, Moon; Specimen type: Returned Lunar Sample; Material origin: Natural; Material type: Unconsolidated Mixture; Material subtypes: Particulate|Particulate Sorted|Highland; Parent source: atlas_sample_id",subsample_or_fraction,yes,https://www.lpi.usra.edu/lunar/samples/atlas/detail/?mission=Apollo%2016&sample=61221,
667,61221,160,-99.0,no,bmr1lr106,LR-CMP-106,"61221,160",none,,,,,,,,"RELAB specimen: 61221,160; RELAB description: Highland, , Water sieved for LSCC (Taylor project).; Collection: Apollo 16 site, Moon; Specimen type: Returned Lunar Sample; Material origin: Natural; Material type: Unconsolidated Mixture; Material subtypes: Particulate|Particulate Sorted|Highland; Parent source: atlas_sample_id",subsample_or_fraction,yes,https://www.lpi.usra.edu/lunar/samples/atlas/detail/?mission=Apollo%2016&sample=61221,
668,61221,160,-99.0,no,c1lr106,LR-CMP-106,"61221,160",none,,,,,,,,"RELAB specimen: 61221,160; RELAB description: Highland, , Water sieved for LSCC (Taylor project).; Collection: Apollo 16 site, Moon; Specimen type: Returned Lunar Sample; Material origin: Natural; Material type: Unconsolidated Mixture; Material subtypes: Particulate|Particulate Sorted|Highland; Parent source: atlas_sample_id",subsample_or_fraction,yes,https://www.lpi.usra.edu/lunar/samples/atlas/detail/?mission=Apollo%2016&sample=61221,
669,61221,165,-99.0,no,bmr1lr107,LR-CMP-107,"61221,165",none,,,,,,,,"RELAB specimen: 61221,165; RELAB description: Highland, , Water sieved for LSCC (Taylor project).; Collection: Apollo 16 site, Moon; Specimen type: Returned Lunar Sample; Material origin: Natural; Material type: Unconsolidated Mixture; Material subtypes: Particulate|Particulate Sorted|Highland; Parent source: atlas_sample_id",subsample_or_fraction,yes,https://www.lpi.usra.edu/lunar/samples/atlas/detail/?mission=Apollo%2016&sample=61221,
670,61221,165,-99.0,no,c1lr107,LR-CMP-107,"61221,165",none,,,,,,,,"RELAB specimen: 61221,165; RELAB description: Highland, , Water sieved for LSCC (Taylor project).; Collection: Apollo 16 site, Moon; Specimen type: Returned Lunar Sample; Material origin: Natural; Material type: Unconsolidated Mixture; Material subtypes: Particulate|Particulate Sorted|Highland; Parent source: atlas_sample_id",subsample_or_fraction,yes,https://www.lpi.usra.edu/lunar/samples/atlas/detail/?mission=Apollo%2016&sample=61221,
671,61221,170,-99.0,no,bmr1lr108,LR-CMP-108,"61221,170",none,,,,,,,,"RELAB specimen: 61221,170; RELAB description: Highland, , Water sieved for LSCC (Taylor project).; Collection: Apollo 16 site, Moon; Specimen type: Returned Lunar Sample; Material origin: Natural; Material type: Unconsolidated Mixture; Material subtypes: Particulate|Particulate Sorted|Highland; Parent source: atlas_sample_id",subsample_or_fraction,yes,https://www.lpi.usra.edu/lunar/samples/atlas/detail/?mission=Apollo%2016&sample=61221,
672,61221,170,-99.0,no,c1lr108,LR-CMP-108,"61221,170",none,,,,,,,,"RELAB specimen: 61221,170; RELAB description: Highland, , Water sieved for LSCC (Taylor project).; Collection: Apollo 16 site, Moon; Specimen type: Returned Lunar Sample; Material origin: Natural; Material type: Unconsolidated Mixture; Material subtypes: Particulate|Particulate Sorted|Highland; Parent source: atlas_sample_id",subsample_or_fraction,yes,https://www.lpi.usra.edu/lunar/samples/atlas/detail/?mission=Apollo%2016&sample=61221,
673,61221,175,-99.0,no,bir1ls139a,LS-GJT-139-A,"61221,175 <25 um",none,,,,,,,,"RELAB specimen: 61221,175 <25 um; RELAB description: Highland, ,; Collection: Apollo 16 site, Moon; Specimen type: Returned Lunar Sample; Material origin: Natural; Material type: Unconsolidated Mixture; Material subtypes: Particulate|Particulate Sorted|Highland; Parent source: atlas_sample_id",subsample_or_fraction,yes,https://www.lpi.usra.edu/lunar/samples/atlas/detail/?mission=Apollo%2016&sample=61221,
674,61221,175,-99.0,no,bir1ls139b,LS-GJT-139-B,"61221,175 25-45 um",none,,,,,,,,"RELAB specimen: 61221,175 25-45 um; RELAB description: Highland, ,; Collection: Apollo 16 site, Moon; Specimen type: Returned Lunar Sample; Material origin: Natural; Material type: Unconsolidated Mixture; Material subtypes: Particulate|Particulate Sorted|Highland; Parent source: atlas_sample_id",subsample_or_fraction,yes,https://www.lpi.usra.edu/lunar/samples/atlas/detail/?mission=Apollo%2016&sample=61221,
675,61221,175,-99.0,no,bir1ls139c,LS-GJT-139-C,"61221,175 45-90 um",none,,,,,,,,"RELAB specimen: 61221,175 45-90 um; RELAB description: Highland, ,; Collection: Apollo 16 site, Moon; Specimen type: Returned Lunar Sample; Material origin: Natural; Material type: Unconsolidated Mixture; Material subtypes: Particulate|Particulate Sorted|Highland; Parent source: atlas_sample_id",subsample_or_fraction,yes,https://www.lpi.usra.edu/lunar/samples/atlas/detail/?mission=Apollo%2016&sample=61221,
676,61221,175,-99.0,no,bir1ls139d,LS-GJT-139-D,"61221,175 90-150 um",none,,,,,,,,"RELAB specimen: 61221,175 90-150 um; RELAB description: Highland, ,; Collection: Apollo 16 site, Moon; Specimen type: Returned Lunar Sample; Material origin: Natural; Material type: Unconsolidated Mixture; Material subtypes: Particulate|Particulate Sorted|Highland; Parent source: atlas_sample_id",subsample_or_fraction,yes,https://www.lpi.usra.edu/lunar/samples/atlas/detail/?mission=Apollo%2016&sample=61221,
677,61221,175,-99.0,no,c1ls139a,LS-GJT-139-A,"61221,175 <25 um",none,,,,,,,,"RELAB specimen: 61221,175 <25 um; RELAB description: Highland, ,; Collection: Apollo 16 site, Moon; Specimen type: Returned Lunar Sample; Material origin: Natural; Material type: Unconsolidated Mixture; Material subtypes: Particulate|Particulate Sorted|Highland; Parent source: atlas_sample_id",subsample_or_fraction,yes,https://www.lpi.usra.edu/lunar/samples/atlas/detail/?mission=Apollo%2016&sample=61221,
678,61221,175,-99.0,no,c1ls139b,LS-GJT-139-B,"61221,175 25-45 um",none,,,,,,,,"RELAB specimen: 61221,175 25-45 um; RELAB description: Highland, ,; Collection: Apollo 16 site, Moon; Specimen type: Returned Lunar Sample; Material origin: Natural; Material type: Unconsolidated Mixture; Material subtypes: Particulate|Particulate Sorted|Highland; Parent source: atlas_sample_id",subsample_or_fraction,yes,https://www.lpi.usra.edu/lunar/samples/atlas/detail/?mission=Apollo%2016&sample=61221,
679,61221,175,-99.0,no,c1ls139c,LS-GJT-139-C,"61221,175 45-90 um",none,,,,,,,,"RELAB specimen: 61221,175 45-90 um; RELAB description: Highland, ,; Collection: Apollo 16 site, Moon; Specimen type: Returned Lunar Sample; Material origin: Natural; Material type: Unconsolidated Mixture; Material subtypes: Particulate|Particulate Sorted|Highland; Parent source: atlas_sample_id",subsample_or_fraction,yes,https://www.lpi.usra.edu/lunar/samples/atlas/detail/?mission=Apollo%2016&sample=61221,
680,61221,175,-99.0,no,c1ls139d,LS-GJT-139-D,"61221,175 90-150 um",none,,,,,,,,"RELAB specimen: 61221,175 90-150 um; RELAB description: Highland, ,; Collection: Apollo 16 site, Moon; Specimen type: Returned Lunar Sample; Material origin: Natural; Material type: Unconsolidated Mixture; Material subtypes: Particulate|Particulate Sorted|Highland; Parent source: atlas_sample_id",subsample_or_fraction,yes,https://www.lpi.usra.edu/lunar/samples/atlas/detail/?mission=Apollo%2016&sample=61221,
681,61241,0,-99.0,no,calr07,LR-CMP-007,61241,none,,,,,,,,"RELAB specimen: 61241; RELAB description: Bulk,; Collection: Apollo 16 site, Moon; Specimen type: Returned Lunar Sample; Material origin: Natural; Material type: Unconsolidated Mixture; Material subtypes: Particulate|Bulk Particulate; Parent source: atlas_sample_id",sample_number,no,https://www.lpi.usra.edu/lunar/samples/atlas/detail/?mission=Apollo%2016&sample=61241,
682,61501,26,-99.0,no,bir1ls106,LS-GJT-106,"61501,26 <150 um",none,,,,,,,,"RELAB specimen: 61501,26 <150 um; RELAB description: Highland, Bulk,; Collection: Apollo 16 site, Moon; Specimen type: Returned Lunar Sample; Material origin: Natural; Material type: Unconsolidated Mixture; Material subtypes: Particulate|Particulate Sorted|Highland; Parent source: atlas_sample_id",subsample_or_fraction,yes,https://www.lpi.usra.edu/lunar/samples/atlas/detail/?mission=Apollo%2016&sample=61501,
683,61501,26,-99.0,no,c1ls106,LS-GJT-106,"61501,26 <150 um",none,,,,,,,,"RELAB specimen: 61501,26 <150 um; RELAB description: Highland, Bulk,; Collection: Apollo 16 site, Moon; Specimen type: Returned Lunar Sample; Material origin: Natural; Material type: Unconsolidated Mixture; Material subtypes: Particulate|Particulate Sorted|Highland; Parent source: atlas_sample_id",subsample_or_fraction,yes,https://www.lpi.usra.edu/lunar/samples/atlas/detail/?mission=Apollo%2016&sample=61501,
684,62231,14,5.6,yes,c2ls30,LS-CMP-030,"62231,14",explicit_reference,ls-cmp-030_specimenchemistry,LS-CMP-030,Bulk,"Morris et al, 1983. Handbook of Lunar Soils, p. 490",rake,soil,,"RELAB specimen: 62231,14; RELAB description: Highland, Bulk, Surface sample collected from southeast rim of Buster Crater; Collection: Apollo 16, Station 2, Moon; Specimen type: Returned Lunar Sample; Material origin: Natural; Material type: Unconsolidated Mixture; Material subtypes: Particulate|Highland; Atlas type: rake; Atlas lithology: soil; Chemistry phase: Bulk; Chemistry notes: Apollo 16 Soil #62230; Parent source: atlas_sample_id",subsample_or_fraction,yes,https://www.lpi.usra.edu/lunar/samples/atlas/detail/?mission=Apollo%2016&sample=62231,
685,62231,14,5.6,yes,c5ls30,LS-CMP-030,"62231,14",explicit_reference,ls-cmp-030_specimenchemistry,LS-CMP-030,Bulk,"Morris et al, 1983. Handbook of Lunar Soils, p. 490",rake,soil,,"RELAB specimen: 62231,14; RELAB description: Highland, Bulk, Surface sample collected from southeast rim of Buster Crater; Collection: Apollo 16, Station 2, Moon; Specimen type: Returned Lunar Sample; Material origin: Natural; Material type: Unconsolidated Mixture; Material subtypes: Particulate|Highland; Atlas type: rake; Atlas lithology: soil; Chemistry phase: Bulk; Chemistry notes: Apollo 16 Soil #62230; Parent source: atlas_sample_id",subsample_or_fraction,yes,https://www.lpi.usra.edu/lunar/samples/atlas/detail/?mission=Apollo%2016&sample=62231,
686,62231,14,5.6,yes,c6ls30,LS-CMP-030,"62231,14",explicit_reference,ls-cmp-030_specimenchemistry,LS-CMP-030,Bulk,"Morris et al, 1983. Handbook of Lunar Soils, p. 490",rake,soil,,"RELAB specimen: 62231,14; RELAB description: Highland, Bulk, Surface sample collected from southeast rim of Buster Crater; Collection: Apollo 16, Station 2, Moon; Specimen type: Returned Lunar Sample; Material origin: Natural; Material type: Unconsolidated Mixture; Material subtypes: Particulate|Highland; Atlas type: rake; Atlas lithology: soil; Chemistry phase: Bulk; Chemistry notes: Apollo 16 Soil #62230; Parent source: atlas_sample_id",subsample_or_fraction,yes,https://www.lpi.usra.edu/lunar/samples/atlas/detail/?mission=Apollo%2016&sample=62231,
687,62231,14,5.6,yes,cals30,LS-CMP-030,"62231,14",explicit_reference,ls-cmp-030_specimenchemistry,LS-CMP-030,Bulk,"Morris et al, 1983. Handbook of Lunar Soils, p. 490",rake,soil,,"RELAB specimen: 62231,14; RELAB description: Highland, Bulk, Surface sample collected from southeast rim of Buster Crater; Collection: Apollo 16, Station 2, Moon; Specimen type: Returned Lunar Sample; Material origin: Natural; Material type: Unconsolidated Mixture; Material subtypes: Particulate|Highland; Atlas type: rake; Atlas lithology: soil; Chemistry phase: Bulk; Chemistry notes: Apollo 16 Soil #62230; Parent source: atlas_sample_id",subsample_or_fraction,yes,https://www.lpi.usra.edu/lunar/samples/atlas/detail/?mission=Apollo%2016&sample=62231,
688,62231,14,5.6,yes,cbls30,LS-CMP-030,"62231,14",explicit_reference,ls-cmp-030_specimenchemistry,LS-CMP-030,Bulk,"Morris et al, 1983. Handbook of Lunar Soils, p. 490",rake,soil,,"RELAB specimen: 62231,14; RELAB description: Highland, Bulk, Surface sample collected from southeast rim of Buster Crater; Collection: Apollo 16, Station 2, Moon; Specimen type: Returned Lunar Sample; Material origin: Natural; Material type: Unconsolidated Mixture; Material subtypes: Particulate|Highland; Atlas type: rake; Atlas lithology: soil; Chemistry phase: Bulk; Chemistry notes: Apollo 16 Soil #62230; Parent source: atlas_sample_id",subsample_or_fraction,yes,https://www.lpi.usra.edu/lunar/samples/atlas/detail/?mission=Apollo%2016&sample=62231,
689,62231,14,5.6,yes,ccls30,LS-CMP-030,"62231,14",explicit_reference,ls-cmp-030_specimenchemistry,LS-CMP-030,Bulk,"Morris et al, 1983. Handbook of Lunar Soils, p. 490",rake,soil,,"RELAB specimen: 62231,14; RELAB description: Highland, Bulk, Surface sample collected from southeast rim of Buster Crater; Collection: Apollo 16, Station 2, Moon; Specimen type: Returned Lunar Sample; Material origin: Natural; Material type: Unconsolidated Mixture; Material subtypes: Particulate|Highland; Atlas type: rake; Atlas lithology: soil; Chemistry phase: Bulk; Chemistry notes: Apollo 16 Soil #62230; Parent source: atlas_sample_id",subsample_or_fraction,yes,https://www.lpi.usra.edu/lunar/samples/atlas/detail/?mission=Apollo%2016&sample=62231,
690,62231,14,5.6,yes,cdls30,LS-CMP-030,"62231,14",explicit_reference,ls-cmp-030_specimenchemistry,LS-CMP-030,Bulk,"Morris et al, 1983. Handbook of Lunar Soils, p. 490",rake,soil,,"RELAB specimen: 62231,14; RELAB description: Highland, Bulk, Surface sample collected from southeast rim of Buster Crater; Collection: Apollo 16, Station 2, Moon; Specimen type: Returned Lunar Sample; Material origin: Natural; Material type: Unconsolidated Mixture; Material subtypes: Particulate|Highland; Atlas type: rake; Atlas lithology: soil; Chemistry phase: Bulk; Chemistry notes: Apollo 16 Soil #62230; Parent source: atlas_sample_id",subsample_or_fraction,yes,https://www.lpi.usra.edu/lunar/samples/atlas/detail/?mission=Apollo%2016&sample=62231,
691,62231,14,5.6,yes,cels30,LS-CMP-030,"62231,14",explicit_reference,ls-cmp-030_specimenchemistry,LS-CMP-030,Bulk,"Morris et al, 1983. Handbook of Lunar Soils, p. 490",rake,soil,,"RELAB specimen: 62231,14; RELAB description: Highland, Bulk, Surface sample collected from southeast rim of Buster Crater; Collection: Apollo 16, Station 2, Moon; Specimen type: Returned Lunar Sample; Material origin: Natural; Material type: Unconsolidated Mixture; Material subtypes: Particulate|Highland; Atlas type: rake; Atlas lithology: soil; Chemistry phase: Bulk; Chemistry notes: Apollo 16 Soil #62230; Parent source: atlas_sample_id",subsample_or_fraction,yes,https://www.lpi.usra.edu/lunar/samples/atlas/detail/?mission=Apollo%2016&sample=62231,
692,62231,14,5.6,yes,cfls30,LS-CMP-030,"62231,14",explicit_reference,ls-cmp-030_specimenchemistry,LS-CMP-030,Bulk,"Morris et al, 1983. Handbook of Lunar Soils, p. 490",rake,soil,,"RELAB specimen: 62231,14; RELAB description: Highland, Bulk, Surface sample collected from southeast rim of Buster Crater; Collection: Apollo 16, Station 2, Moon; Specimen type: Returned Lunar Sample; Material origin: Natural; Material type: Unconsolidated Mixture; Material subtypes: Particulate|Highland; Atlas type: rake; Atlas lithology: soil; Chemistry phase: Bulk; Chemistry notes: Apollo 16 Soil #62230; Parent source: atlas_sample_id",subsample_or_fraction,yes,https://www.lpi.usra.edu/lunar/samples/atlas/detail/?mission=Apollo%2016&sample=62231,
693,62231,14,5.6,yes,cgls30,LS-CMP-030,"62231,14",explicit_reference,ls-cmp-030_specimenchemistry,LS-CMP-030,Bulk,"Morris et al, 1983. Handbook of Lunar Soils, p. 490",rake,soil,,"RELAB specimen: 62231,14; RELAB description: Highland, Bulk, Surface sample collected from southeast rim of Buster Crater; Collection: Apollo 16, Station 2, Moon; Specimen type: Returned Lunar Sample; Material origin: Natural; Material type: Unconsolidated Mixture; Material subtypes: Particulate|Highland; Atlas type: rake; Atlas lithology: soil; Chemistry phase: Bulk; Chemistry notes: Apollo 16 Soil #62230; Parent source: atlas_sample_id",subsample_or_fraction,yes,https://www.lpi.usra.edu/lunar/samples/atlas/detail/?mission=Apollo%2016&sample=62231,
694,62231,14,5.6,yes,chls30,LS-CMP-030,"62231,14",explicit_reference,ls-cmp-030_specimenchemistry,LS-CMP-030,Bulk,"Morris et al, 1983. Handbook of Lunar Soils, p. 490",rake,soil,,"RELAB specimen: 62231,14; RELAB description: Highland, Bulk, Surface sample collected from southeast rim of Buster Crater; Collection: Apollo 16, Station 2, Moon; Specimen type: Returned Lunar Sample; Material origin: Natural; Material type: Unconsolidated Mixture; Material subtypes: Particulate|Highland; Atlas type: rake; Atlas lithology: soil; Chemistry phase: Bulk; Chemistry notes: Apollo 16 Soil #62230; Parent source: atlas_sample_id",subsample_or_fraction,yes,https://www.lpi.usra.edu/lunar/samples/atlas/detail/?mission=Apollo%2016&sample=62231,
695,62231,14,5.6,yes,cils30,LS-CMP-030,"62231,14",explicit_reference,ls-cmp-030_specimenchemistry,LS-CMP-030,Bulk,"Morris et al, 1983. Handbook of Lunar Soils, p. 490",rake,soil,,"RELAB specimen: 62231,14; RELAB description: Highland, Bulk, Surface sample collected from southeast rim of Buster Crater; Collection: Apollo 16, Station 2, Moon; Specimen type: Returned Lunar Sample; Material origin: Natural; Material type: Unconsolidated Mixture; Material subtypes: Particulate|Highland; Atlas type: rake; Atlas lithology: soil; Chemistry phase: Bulk; Chemistry notes: Apollo 16 Soil #62230; Parent source: atlas_sample_id",subsample_or_fraction,yes,https://www.lpi.usra.edu/lunar/samples/atlas/detail/?mission=Apollo%2016&sample=62231,
696,62231,14,5.6,yes,cjls30,LS-CMP-030,"62231,14",explicit_reference,ls-cmp-030_specimenchemistry,LS-CMP-030,Bulk,"Morris et al, 1983. Handbook of Lunar Soils, p. 490",rake,soil,,"RELAB specimen: 62231,14; RELAB description: Highland, Bulk, Surface sample collected from southeast rim of Buster Crater; Collection: Apollo 16, Station 2, Moon; Specimen type: Returned Lunar Sample; Material origin: Natural; Material type: Unconsolidated Mixture; Material subtypes: Particulate|Highland; Atlas type: rake; Atlas lithology: soil; Chemistry phase: Bulk; Chemistry notes: Apollo 16 Soil #62230; Parent source: atlas_sample_id",subsample_or_fraction,yes,https://www.lpi.usra.edu/lunar/samples/atlas/detail/?mission=Apollo%2016&sample=62231,
697,62231,14,5.6,yes,ckls30,LS-CMP-030,"62231,14",explicit_reference,ls-cmp-030_specimenchemistry,LS-CMP-030,Bulk,"Morris et al, 1983. Handbook of Lunar Soils, p. 490",rake,soil,,"RELAB specimen: 62231,14; RELAB description: Highland, Bulk, Surface sample collected from southeast rim of Buster Crater; Collection: Apollo 16, Station 2, Moon; Specimen type: Returned Lunar Sample; Material origin: Natural; Material type: Unconsolidated Mixture; Material subtypes: Particulate|Highland; Atlas type: rake; Atlas lithology: soil; Chemistry phase: Bulk; Chemistry notes: Apollo 16 Soil #62230; Parent source: atlas_sample_id",subsample_or_fraction,yes,https://www.lpi.usra.edu/lunar/samples/atlas/detail/?mission=Apollo%2016&sample=62231,
698,62231,14,5.6,yes,clls30,LS-CMP-030,"62231,14",explicit_reference,ls-cmp-030_specimenchemistry,LS-CMP-030,Bulk,"Morris et al, 1983. Handbook of Lunar Soils, p. 490",rake,soil,,"RELAB specimen: 62231,14; RELAB description: Highland, Bulk, Surface sample collected from southeast rim of Buster Crater; Collection: Apollo 16, Station 2, Moon; Specimen type: Returned Lunar Sample; Material origin: Natural; Material type: Unconsolidated Mixture; Material subtypes: Particulate|Highland; Atlas type: rake; Atlas lithology: soil; Chemistry phase: Bulk; Chemistry notes: Apollo 16 Soil #62230; Parent source: atlas_sample_id",subsample_or_fraction,yes,https://www.lpi.usra.edu/lunar/samples/atlas/detail/?mission=Apollo%2016&sample=62231,
699,62231,14,5.6,yes,cls30a,LS-CMP-030,"62231,14",explicit_reference,ls-cmp-030_specimenchemistry,LS-CMP-030,Bulk,"Morris et al, 1983. Handbook of Lunar Soils, p. 490",rake,soil,,"RELAB specimen: 62231,14; RELAB description: Highland, Bulk, Surface sample collected from southeast rim of Buster Crater; Collection: Apollo 16, Station 2, Moon; Specimen type: Returned Lunar Sample; Material origin: Natural; Material type: Unconsolidated Mixture; Material subtypes: Particulate|Highland; Atlas type: rake; Atlas lithology: soil; Chemistry phase: Bulk; Chemistry notes: Apollo 16 Soil #62230; Parent source: atlas_sample_id",subsample_or_fraction,yes,https://www.lpi.usra.edu/lunar/samples/atlas/detail/?mission=Apollo%2016&sample=62231,
700,62231,14,5.6,yes,cls30b,LS-CMP-030,"62231,14",explicit_reference,ls-cmp-030_specimenchemistry,LS-CMP-030,Bulk,"Morris et al, 1983. Handbook of Lunar Soils, p. 490",rake,soil,,"RELAB specimen: 62231,14; RELAB description: Highland, Bulk, Surface sample collected from southeast rim of Buster Crater; Collection: Apollo 16, Station 2, Moon; Specimen type: Returned Lunar Sample; Material origin: Natural; Material type: Unconsolidated Mixture; Material subtypes: Particulate|Highland; Atlas type: rake; Atlas lithology: soil; Chemistry phase: Bulk; Chemistry notes: Apollo 16 Soil #62230; Parent source: atlas_sample_id",subsample_or_fraction,yes,https://www.lpi.usra.edu/lunar/samples/atlas/detail/?mission=Apollo%2016&sample=62231,
701,62231,14,5.6,yes,cls30c,LS-CMP-030,"62231,14",explicit_reference,ls-cmp-030_specimenchemistry,LS-CMP-030,Bulk,"Morris et al, 1983. Handbook of Lunar Soils, p. 490",rake,soil,,"RELAB specimen: 62231,14; RELAB description: Highland, Bulk, Surface sample collected from southeast rim of Buster Crater; Collection: Apollo 16, Station 2, Moon; Specimen type: Returned Lunar Sample; Material origin: Natural; Material type: Unconsolidated Mixture; Material subtypes: Particulate|Highland; Atlas type: rake; Atlas lithology: soil; Chemistry phase: Bulk; Chemistry notes: Apollo 16 Soil #62230; Parent source: atlas_sample_id",subsample_or_fraction,yes,https://www.lpi.usra.edu/lunar/samples/atlas/detail/?mission=Apollo%2016&sample=62231,
702,62231,14,5.6,yes,cls30d,LS-CMP-030,"62231,14",explicit_reference,ls-cmp-030_specimenchemistry,LS-CMP-030,Bulk,"Morris et al, 1983. Handbook of Lunar Soils, p. 490",rake,soil,,"RELAB specimen: 62231,14; RELAB description: Highland, Bulk, Surface sample collected from southeast rim of Buster Crater; Collection: Apollo 16, Station 2, Moon; Specimen type: Returned Lunar Sample; Material origin: Natural; Material type: Unconsolidated Mixture; Material subtypes: Particulate|Highland; Atlas type: rake; Atlas lithology: soil; Chemistry phase: Bulk; Chemistry notes: Apollo 16 Soil #62230; Parent source: atlas_sample_id",subsample_or_fraction,yes,https://www.lpi.usra.edu/lunar/samples/atlas/detail/?mission=Apollo%2016&sample=62231,
703,62231,14,5.6,yes,cls30e,LS-CMP-030,"62231,14",explicit_reference,ls-cmp-030_specimenchemistry,LS-CMP-030,Bulk,"Morris et al, 1983. Handbook of Lunar Soils, p. 490",rake,soil,,"RELAB specimen: 62231,14; RELAB description: Highland, Bulk, Surface sample collected from southeast rim of Buster Crater; Collection: Apollo 16, Station 2, Moon; Specimen type: Returned Lunar Sample; Material origin: Natural; Material type: Unconsolidated Mixture; Material subtypes: Particulate|Highland; Atlas type: rake; Atlas lithology: soil; Chemistry phase: Bulk; Chemistry notes: Apollo 16 Soil #62230; Parent source: atlas_sample_id",subsample_or_fraction,yes,https://www.lpi.usra.edu/lunar/samples/atlas/detail/?mission=Apollo%2016&sample=62231,
704,62231,14,5.6,yes,cls30f,LS-CMP-030,"62231,14",explicit_reference,ls-cmp-030_specimenchemistry,LS-CMP-030,Bulk,"Morris et al, 1983. Handbook of Lunar Soils, p. 490",rake,soil,,"RELAB specimen: 62231,14; RELAB description: Highland, Bulk, Surface sample collected from southeast rim of Buster Crater; Collection: Apollo 16, Station 2, Moon; Specimen type: Returned Lunar Sample; Material origin: Natural; Material type: Unconsolidated Mixture; Material subtypes: Particulate|Highland; Atlas type: rake; Atlas lithology: soil; Chemistry phase: Bulk; Chemistry notes: Apollo 16 Soil #62230; Parent source: atlas_sample_id",subsample_or_fraction,yes,https://www.lpi.usra.edu/lunar/samples/atlas/detail/?mission=Apollo%2016&sample=62231,
705,62231,14,5.6,yes,cls30g,LS-CMP-030,"62231,14",explicit_reference,ls-cmp-030_specimenchemistry,LS-CMP-030,Bulk,"Morris et al, 1983. Handbook of Lunar Soils, p. 490",rake,soil,,"RELAB specimen: 62231,14; RELAB description: Highland, Bulk, Surface sample collected from southeast rim of Buster Crater; Collection: Apollo 16, Station 2, Moon; Specimen type: Returned Lunar Sample; Material origin: Natural; Material type: Unconsolidated Mixture; Material subtypes: Particulate|Highland; Atlas type: rake; Atlas lithology: soil; Chemistry phase: Bulk; Chemistry notes: Apollo 16 Soil #62230; Parent source: atlas_sample_id",subsample_or_fraction,yes,https://www.lpi.usra.edu/lunar/samples/atlas/detail/?mission=Apollo%2016&sample=62231,
706,62231,14,5.6,yes,cls30h,LS-CMP-030,"62231,14",explicit_reference,ls-cmp-030_specimenchemistry,LS-CMP-030,Bulk,"Morris et al, 1983. Handbook of Lunar Soils, p. 490",rake,soil,,"RELAB specimen: 62231,14; RELAB description: Highland, Bulk, Surface sample collected from southeast rim of Buster Crater; Collection: Apollo 16, Station 2, Moon; Specimen type: Returned Lunar Sample; Material origin: Natural; Material type: Unconsolidated Mixture; Material subtypes: Particulate|Highland; Atlas type: rake; Atlas lithology: soil; Chemistry phase: Bulk; Chemistry notes: Apollo 16 Soil #62230; Parent source: atlas_sample_id",subsample_or_fraction,yes,https://www.lpi.usra.edu/lunar/samples/atlas/detail/?mission=Apollo%2016&sample=62231,
707,62231,14,5.6,yes,cls30i,LS-CMP-030,"62231,14",explicit_reference,ls-cmp-030_specimenchemistry,LS-CMP-030,Bulk,"Morris et al, 1983. Handbook of Lunar Soils, p. 490",rake,soil,,"RELAB specimen: 62231,14; RELAB description: Highland, Bulk, Surface sample collected from southeast rim of Buster Crater; Collection: Apollo 16, Station 2, Moon; Specimen type: Returned Lunar Sample; Material origin: Natural; Material type: Unconsolidated Mixture; Material subtypes: Particulate|Highland; Atlas type: rake; Atlas lithology: soil; Chemistry phase: Bulk; Chemistry notes: Apollo 16 Soil #62230; Parent source: atlas_sample_id",subsample_or_fraction,yes,https://www.lpi.usra.edu/lunar/samples/atlas/detail/?mission=Apollo%2016&sample=62231,
708,62231,14,5.6,yes,cls30k,LS-CMP-030,"62231,14",explicit_reference,ls-cmp-030_specimenchemistry,LS-CMP-030,Bulk,"Morris et al, 1983. Handbook of Lunar Soils, p. 490",rake,soil,,"RELAB specimen: 62231,14; RELAB description: Highland, Bulk, Surface sample collected from southeast rim of Buster Crater; Collection: Apollo 16, Station 2, Moon; Specimen type: Returned Lunar Sample; Material origin: Natural; Material type: Unconsolidated Mixture; Material subtypes: Particulate|Highland; Atlas type: rake; Atlas lithology: soil; Chemistry phase: Bulk; Chemistry notes: Apollo 16 Soil #62230; Parent source: atlas_sample_id",subsample_or_fraction,yes,https://www.lpi.usra.edu/lunar/samples/atlas/detail/?mission=Apollo%2016&sample=62231,
709,62231,14,5.6,yes,cls30u,LS-CMP-030,"62231,14",explicit_reference,ls-cmp-030_specimenchemistry,LS-CMP-030,Bulk,"Morris et al, 1983. Handbook of Lunar Soils, p. 490",rake,soil,,"RELAB specimen: 62231,14; RELAB description: Highland, Bulk, Surface sample collected from southeast rim of Buster Crater; Collection: Apollo 16, Station 2, Moon; Specimen type: Returned Lunar Sample; Material origin: Natural; Material type: Unconsolidated Mixture; Material subtypes: Particulate|Highland; Atlas type: rake; Atlas lithology: soil; Chemistry phase: Bulk; Chemistry notes: Apollo 16 Soil #62230; Parent source: atlas_sample_id",subsample_or_fraction,yes,https://www.lpi.usra.edu/lunar/samples/atlas/detail/?mission=Apollo%2016&sample=62231,
710,62231,14,5.6,yes,cls30v,LS-CMP-030,"62231,14",explicit_reference,ls-cmp-030_specimenchemistry,LS-CMP-030,Bulk,"Morris et al, 1983. Handbook of Lunar Soils, p. 490",rake,soil,,"RELAB specimen: 62231,14; RELAB description: Highland, Bulk, Surface sample collected from southeast rim of Buster Crater; Collection: Apollo 16, Station 2, Moon; Specimen type: Returned Lunar Sample; Material origin: Natural; Material type: Unconsolidated Mixture; Material subtypes: Particulate|Highland; Atlas type: rake; Atlas lithology: soil; Chemistry phase: Bulk; Chemistry notes: Apollo 16 Soil #62230; Parent source: atlas_sample_id",subsample_or_fraction,yes,https://www.lpi.usra.edu/lunar/samples/atlas/detail/?mission=Apollo%2016&sample=62231,
711,62231,14,5.6,yes,cls30w,LS-CMP-030,"62231,14",explicit_reference,ls-cmp-030_specimenchemistry,LS-CMP-030,Bulk,"Morris et al, 1983. Handbook of Lunar Soils, p. 490",rake,soil,,"RELAB specimen: 62231,14; RELAB description: Highland, Bulk, Surface sample collected from southeast rim of Buster Crater; Collection: Apollo 16, Station 2, Moon; Specimen type: Returned Lunar Sample; Material origin: Natural; Material type: Unconsolidated Mixture; Material subtypes: Particulate|Highland; Atlas type: rake; Atlas lithology: soil; Chemistry phase: Bulk; Chemistry notes: Apollo 16 Soil #62230; Parent source: atlas_sample_id",subsample_or_fraction,yes,https://www.lpi.usra.edu/lunar/samples/atlas/detail/?mission=Apollo%2016&sample=62231,
712,62231,14,5.6,yes,cls30x,LS-CMP-030,"62231,14",explicit_reference,ls-cmp-030_specimenchemistry,LS-CMP-030,Bulk,"Morris et al, 1983. Handbook of Lunar Soils, p. 490",rake,soil,,"RELAB specimen: 62231,14; RELAB description: Highland, Bulk, Surface sample collected from southeast rim of Buster Crater; Collection: Apollo 16, Station 2, Moon; Specimen type: Returned Lunar Sample; Material origin: Natural; Material type: Unconsolidated Mixture; Material subtypes: Particulate|Highland; Atlas type: rake; Atlas lithology: soil; Chemistry phase: Bulk; Chemistry notes: Apollo 16 Soil #62230; Parent source: atlas_sample_id",subsample_or_fraction,yes,https://www.lpi.usra.edu/lunar/samples/atlas/detail/?mission=Apollo%2016&sample=62231,
713,62231,14,5.6,yes,cls30y,LS-CMP-030,"62231,14",explicit_reference,ls-cmp-030_specimenchemistry,LS-CMP-030,Bulk,"Morris et al, 1983. Handbook of Lunar Soils, p. 490",rake,soil,,"RELAB specimen: 62231,14; RELAB description: Highland, Bulk, Surface sample collected from southeast rim of Buster Crater; Collection: Apollo 16, Station 2, Moon; Specimen type: Returned Lunar Sample; Material origin: Natural; Material type: Unconsolidated Mixture; Material subtypes: Particulate|Highland; Atlas type: rake; Atlas lithology: soil; Chemistry phase: Bulk; Chemistry notes: Apollo 16 Soil #62230; Parent source: atlas_sample_id",subsample_or_fraction,yes,https://www.lpi.usra.edu/lunar/samples/atlas/detail/?mission=Apollo%2016&sample=62231,
714,62231,14,5.6,yes,cls30z,LS-CMP-030,"62231,14",explicit_reference,ls-cmp-030_specimenchemistry,LS-CMP-030,Bulk,"Morris et al, 1983. Handbook of Lunar Soils, p. 490",rake,soil,,"RELAB specimen: 62231,14; RELAB description: Highland, Bulk, Surface sample collected from southeast rim of Buster Crater; Collection: Apollo 16, Station 2, Moon; Specimen type: Returned Lunar Sample; Material origin: Natural; Material type: Unconsolidated Mixture; Material subtypes: Particulate|Highland; Atlas type: rake; Atlas lithology: soil; Chemistry phase: Bulk; Chemistry notes: Apollo 16 Soil #62230; Parent source: atlas_sample_id",subsample_or_fraction,yes,https://www.lpi.usra.edu/lunar/samples/atlas/detail/?mission=Apollo%2016&sample=62231,
715,62231,14,5.6,yes,cmls30,LS-CMP-030,"62231,14",explicit_reference,ls-cmp-030_specimenchemistry,LS-CMP-030,Bulk,"Morris et al, 1983. Handbook of Lunar Soils, p. 490",rake,soil,,"RELAB specimen: 62231,14; RELAB description: Highland, Bulk, Surface sample collected from southeast rim of Buster Crater; Collection: Apollo 16, Station 2, Moon; Specimen type: Returned Lunar Sample; Material origin: Natural; Material type: Unconsolidated Mixture; Material subtypes: Particulate|Highland; Atlas type: rake; Atlas lithology: soil; Chemistry phase: Bulk; Chemistry notes: Apollo 16 Soil #62230; Parent source: atlas_sample_id",subsample_or_fraction,yes,https://www.lpi.usra.edu/lunar/samples/atlas/detail/?mission=Apollo%2016&sample=62231,
716,62231,14,5.6,yes,cnls30,LS-CMP-030,"62231,14",explicit_reference,ls-cmp-030_specimenchemistry,LS-CMP-030,Bulk,"Morris et al, 1983. Handbook of Lunar Soils, p. 490",rake,soil,,"RELAB specimen: 62231,14; RELAB description: Highland, Bulk, Surface sample collected from southeast rim of Buster Crater; Collection: Apollo 16, Station 2, Moon; Specimen type: Returned Lunar Sample; Material origin: Natural; Material type: Unconsolidated Mixture; Material subtypes: Particulate|Highland; Atlas type: rake; Atlas lithology: soil; Chemistry phase: Bulk; Chemistry notes: Apollo 16 Soil #62230; Parent source: atlas_sample_id",subsample_or_fraction,yes,https://www.lpi.usra.edu/lunar/samples/atlas/detail/?mission=Apollo%2016&sample=62231,
717,62231,14,5.6,yes,cols30,LS-CMP-030,"62231,14",explicit_reference,ls-cmp-030_specimenchemistry,LS-CMP-030,Bulk,"Morris et al, 1983. Handbook of Lunar Soils, p. 490",rake,soil,,"RELAB specimen: 62231,14; RELAB description: Highland, Bulk, Surface sample collected from southeast rim of Buster Crater; Collection: Apollo 16, Station 2, Moon; Specimen type: Returned Lunar Sample; Material origin: Natural; Material type: Unconsolidated Mixture; Material subtypes: Particulate|Highland; Atlas type: rake; Atlas lithology: soil; Chemistry phase: Bulk; Chemistry notes: Apollo 16 Soil #62230; Parent source: atlas_sample_id",subsample_or_fraction,yes,https://www.lpi.usra.edu/lunar/samples/atlas/detail/?mission=Apollo%2016&sample=62231,
718,62231,14,5.6,yes,cpls30,LS-CMP-030,"62231,14",explicit_reference,ls-cmp-030_specimenchemistry,LS-CMP-030,Bulk,"Morris et al, 1983. Handbook of Lunar Soils, p. 490",rake,soil,,"RELAB specimen: 62231,14; RELAB description: Highland, Bulk, Surface sample collected from southeast rim of Buster Crater; Collection: Apollo 16, Station 2, Moon; Specimen type: Returned Lunar Sample; Material origin: Natural; Material type: Unconsolidated Mixture; Material subtypes: Particulate|Highland; Atlas type: rake; Atlas lithology: soil; Chemistry phase: Bulk; Chemistry notes: Apollo 16 Soil #62230; Parent source: atlas_sample_id",subsample_or_fraction,yes,https://www.lpi.usra.edu/lunar/samples/atlas/detail/?mission=Apollo%2016&sample=62231,
719,62231,14,5.6,yes,cqls30,LS-CMP-030,"62231,14",explicit_reference,ls-cmp-030_specimenchemistry,LS-CMP-030,Bulk,"Morris et al, 1983. Handbook of Lunar Soils, p. 490",rake,soil,,"RELAB specimen: 62231,14; RELAB description: Highland, Bulk, Surface sample collected from southeast rim of Buster Crater; Collection: Apollo 16, Station 2, Moon; Specimen type: Returned Lunar Sample; Material origin: Natural; Material type: Unconsolidated Mixture; Material subtypes: Particulate|Highland; Atlas type: rake; Atlas lithology: soil; Chemistry phase: Bulk; Chemistry notes: Apollo 16 Soil #62230; Parent source: atlas_sample_id",subsample_or_fraction,yes,https://www.lpi.usra.edu/lunar/samples/atlas/detail/?mission=Apollo%2016&sample=62231,
720,62231,14,5.6,yes,crls30,LS-CMP-030,"62231,14",explicit_reference,ls-cmp-030_specimenchemistry,LS-CMP-030,Bulk,"Morris et al, 1983. Handbook of Lunar Soils, p. 490",rake,soil,,"RELAB specimen: 62231,14; RELAB description: Highland, Bulk, Surface sample collected from southeast rim of Buster Crater; Collection: Apollo 16, Station 2, Moon; Specimen type: Returned Lunar Sample; Material origin: Natural; Material type: Unconsolidated Mixture; Material subtypes: Particulate|Highland; Atlas type: rake; Atlas lithology: soil; Chemistry phase: Bulk; Chemistry notes: Apollo 16 Soil #62230; Parent source: atlas_sample_id",subsample_or_fraction,yes,https://www.lpi.usra.edu/lunar/samples/atlas/detail/?mission=Apollo%2016&sample=62231,
721,62231,14,5.6,yes,csls30,LS-CMP-030,"62231,14",explicit_reference,ls-cmp-030_specimenchemistry,LS-CMP-030,Bulk,"Morris et al, 1983. Handbook of Lunar Soils, p. 490",rake,soil,,"RELAB specimen: 62231,14; RELAB description: Highland, Bulk, Surface sample collected from southeast rim of Buster Crater; Collection: Apollo 16, Station 2, Moon; Specimen type: Returned Lunar Sample; Material origin: Natural; Material type: Unconsolidated Mixture; Material subtypes: Particulate|Highland; Atlas type: rake; Atlas lithology: soil; Chemistry phase: Bulk; Chemistry notes: Apollo 16 Soil #62230; Parent source: atlas_sample_id",subsample_or_fraction,yes,https://www.lpi.usra.edu/lunar/samples/atlas/detail/?mission=Apollo%2016&sample=62231,
722,62231,14,5.6,yes,ctls30,LS-CMP-030,"62231,14",explicit_reference,ls-cmp-030_specimenchemistry,LS-CMP-030,Bulk,"Morris et al, 1983. Handbook of Lunar Soils, p. 490",rake,soil,,"RELAB specimen: 62231,14; RELAB description: Highland, Bulk, Surface sample collected from southeast rim of Buster Crater; Collection: Apollo 16, Station 2, Moon; Specimen type: Returned Lunar Sample; Material origin: Natural; Material type: Unconsolidated Mixture; Material subtypes: Particulate|Highland; Atlas type: rake; Atlas lithology: soil; Chemistry phase: Bulk; Chemistry notes: Apollo 16 Soil #62230; Parent source: atlas_sample_id",subsample_or_fraction,yes,https://www.lpi.usra.edu/lunar/samples/atlas/detail/?mission=Apollo%2016&sample=62231,
723,62231,14,5.6,yes,culs30,LS-CMP-030,"62231,14",explicit_reference,ls-cmp-030_specimenchemistry,LS-CMP-030,Bulk,"Morris et al, 1983. Handbook of Lunar Soils, p. 490",rake,soil,,"RELAB specimen: 62231,14; RELAB description: Highland, Bulk, Surface sample collected from southeast rim of Buster Crater; Collection: Apollo 16, Station 2, Moon; Specimen type: Returned Lunar Sample; Material origin: Natural; Material type: Unconsolidated Mixture; Material subtypes: Particulate|Highland; Atlas type: rake; Atlas lithology: soil; Chemistry phase: Bulk; Chemistry notes: Apollo 16 Soil #62230; Parent source: atlas_sample_id",subsample_or_fraction,yes,https://www.lpi.usra.edu/lunar/samples/atlas/detail/?mission=Apollo%2016&sample=62231,
724,62231,14,5.6,yes,cvls30,LS-CMP-030,"62231,14",explicit_reference,ls-cmp-030_specimenchemistry,LS-CMP-030,Bulk,"Morris et al, 1983. Handbook of Lunar Soils, p. 490",rake,soil,,"RELAB specimen: 62231,14; RELAB description: Highland, Bulk, Surface sample collected from southeast rim of Buster Crater; Collection: Apollo 16, Station 2, Moon; Specimen type: Returned Lunar Sample; Material origin: Natural; Material type: Unconsolidated Mixture; Material subtypes: Particulate|Highland; Atlas type: rake; Atlas lithology: soil; Chemistry phase: Bulk; Chemistry notes: Apollo 16 Soil #62230; Parent source: atlas_sample_id",subsample_or_fraction,yes,https://www.lpi.usra.edu/lunar/samples/atlas/detail/?mission=Apollo%2016&sample=62231,
725,62231,14,5.6,yes,cwls30,LS-CMP-030,"62231,14",explicit_reference,ls-cmp-030_specimenchemistry,LS-CMP-030,Bulk,"Morris et al, 1983. Handbook of Lunar Soils, p. 490",rake,soil,,"RELAB specimen: 62231,14; RELAB description: Highland, Bulk, Surface sample collected from southeast rim of Buster Crater; Collection: Apollo 16, Station 2, Moon; Specimen type: Returned Lunar Sample; Material origin: Natural; Material type: Unconsolidated Mixture; Material subtypes: Particulate|Highland; Atlas type: rake; Atlas lithology: soil; Chemistry phase: Bulk; Chemistry notes: Apollo 16 Soil #62230; Parent source: atlas_sample_id",subsample_or_fraction,yes,https://www.lpi.usra.edu/lunar/samples/atlas/detail/?mission=Apollo%2016&sample=62231,
726,62231,14,5.6,yes,cxls30,LS-CMP-030,"62231,14",explicit_reference,ls-cmp-030_specimenchemistry,LS-CMP-030,Bulk,"Morris et al, 1983. Handbook of Lunar Soils, p. 490",rake,soil,,"RELAB specimen: 62231,14; RELAB description: Highland, Bulk, Surface sample collected from southeast rim of Buster Crater; Collection: Apollo 16, Station 2, Moon; Specimen type: Returned Lunar Sample; Material origin: Natural; Material type: Unconsolidated Mixture; Material subtypes: Particulate|Highland; Atlas type: rake; Atlas lithology: soil; Chemistry phase: Bulk; Chemistry notes: Apollo 16 Soil #62230; Parent source: atlas_sample_id",subsample_or_fraction,yes,https://www.lpi.usra.edu/lunar/samples/atlas/detail/?mission=Apollo%2016&sample=62231,
727,62231,14,5.6,yes,cyls30,LS-CMP-030,"62231,14",explicit_reference,ls-cmp-030_specimenchemistry,LS-CMP-030,Bulk,"Morris et al, 1983. Handbook of Lunar Soils, p. 490",rake,soil,,"RELAB specimen: 62231,14; RELAB description: Highland, Bulk, Surface sample collected from southeast rim of Buster Crater; Collection: Apollo 16, Station 2, Moon; Specimen type: Returned Lunar Sample; Material origin: Natural; Material type: Unconsolidated Mixture; Material subtypes: Particulate|Highland; Atlas type: rake; Atlas lithology: soil; Chemistry phase: Bulk; Chemistry notes: Apollo 16 Soil #62230; Parent source: atlas_sample_id",subsample_or_fraction,yes,https://www.lpi.usra.edu/lunar/samples/atlas/detail/?mission=Apollo%2016&sample=62231,
728,62231,14,5.6,yes,czls30,LS-CMP-030,"62231,14",explicit_reference,ls-cmp-030_specimenchemistry,LS-CMP-030,Bulk,"Morris et al, 1983. Handbook of Lunar Soils, p. 490",rake,soil,,"RELAB specimen: 62231,14; RELAB description: Highland, Bulk, Surface sample collected from southeast rim of Buster Crater; Collection: Apollo 16, Station 2, Moon; Specimen type: Returned Lunar Sample; Material origin: Natural; Material type: Unconsolidated Mixture; Material subtypes: Particulate|Highland; Atlas type: rake; Atlas lithology: soil; Chemistry phase: Bulk; Chemistry notes: Apollo 16 Soil #62230; Parent source: atlas_sample_id",subsample_or_fraction,yes,https://www.lpi.usra.edu/lunar/samples/atlas/detail/?mission=Apollo%2016&sample=62231,
729,62231,14,5.6,yes,log,LS-CMP-030,"62231,14",explicit_reference,ls-cmp-030_specimenchemistry,LS-CMP-030,Bulk,"Morris et al, 1983. Handbook of Lunar Soils, p. 490",rake,soil,,"RELAB specimen: 62231,14; RELAB description: Highland, Bulk, Surface sample collected from southeast rim of Buster Crater; Collection: Apollo 16, Station 2, Moon; Specimen type: Returned Lunar Sample; Material origin: Natural; Material type: Unconsolidated Mixture; Material subtypes: Particulate|Highland; Atlas type: rake; Atlas lithology: soil; Chemistry phase: Bulk; Chemistry notes: Apollo 16 Soil #62230; Parent source: atlas_sample_id",subsample_or_fraction,yes,https://www.lpi.usra.edu/lunar/samples/atlas/detail/?mission=Apollo%2016&sample=62231,
730,62231,14,5.6,yes,n1ls30,LS-CMP-030,"62231,14",explicit_reference,ls-cmp-030_specimenchemistry,LS-CMP-030,Bulk,"Morris et al, 1983. Handbook of Lunar Soils, p. 490",rake,soil,,"RELAB specimen: 62231,14; RELAB description: Highland, Bulk, Surface sample collected from southeast rim of Buster Crater; Collection: Apollo 16, Station 2, Moon; Specimen type: Returned Lunar Sample; Material origin: Natural; Material type: Unconsolidated Mixture; Material subtypes: Particulate|Highland; Atlas type: rake; Atlas lithology: soil; Chemistry phase: Bulk; Chemistry notes: Apollo 16 Soil #62230; Parent source: atlas_sample_id",subsample_or_fraction,yes,https://www.lpi.usra.edu/lunar/samples/atlas/detail/?mission=Apollo%2016&sample=62231,
731,62231,14,5.6,yes,n2ls30,LS-CMP-030,"62231,14",explicit_reference,ls-cmp-030_specimenchemistry,LS-CMP-030,Bulk,"Morris et al, 1983. Handbook of Lunar Soils, p. 490",rake,soil,,"RELAB specimen: 62231,14; RELAB description: Highland, Bulk, Surface sample collected from southeast rim of Buster Crater; Collection: Apollo 16, Station 2, Moon; Specimen type: Returned Lunar Sample; Material origin: Natural; Material type: Unconsolidated Mixture; Material subtypes: Particulate|Highland; Atlas type: rake; Atlas lithology: soil; Chemistry phase: Bulk; Chemistry notes: Apollo 16 Soil #62230; Parent source: atlas_sample_id",subsample_or_fraction,yes,https://www.lpi.usra.edu/lunar/samples/atlas/detail/?mission=Apollo%2016&sample=62231,
732,62231,14,5.6,yes,n4ls30,LS-CMP-030,"62231,14",explicit_reference,ls-cmp-030_specimenchemistry,LS-CMP-030,Bulk,"Morris et al, 1983. Handbook of Lunar Soils, p. 490",rake,soil,,"RELAB specimen: 62231,14; RELAB description: Highland, Bulk, Surface sample collected from southeast rim of Buster Crater; Collection: Apollo 16, Station 2, Moon; Specimen type: Returned Lunar Sample; Material origin: Natural; Material type: Unconsolidated Mixture; Material subtypes: Particulate|Highland; Atlas type: rake; Atlas lithology: soil; Chemistry phase: Bulk; Chemistry notes: Apollo 16 Soil #62230; Parent source: atlas_sample_id",subsample_or_fraction,yes,https://www.lpi.usra.edu/lunar/samples/atlas/detail/?mission=Apollo%2016&sample=62231,
733,62231,14,5.6,yes,svls30,LS-CMP-030,"62231,14",explicit_reference,ls-cmp-030_specimenchemistry,LS-CMP-030,Bulk,"Morris et al, 1983. Handbook of Lunar Soils, p. 490",rake,soil,,"RELAB specimen: 62231,14; RELAB description: Highland, Bulk, Surface sample collected from southeast rim of Buster Crater; Collection: Apollo 16, Station 2, Moon; Specimen type: Returned Lunar Sample; Material origin: Natural; Material type: Unconsolidated Mixture; Material subtypes: Particulate|Highland; Atlas type: rake; Atlas lithology: soil; Chemistry phase: Bulk; Chemistry notes: Apollo 16 Soil #62230; Parent source: atlas_sample_id",subsample_or_fraction,yes,https://www.lpi.usra.edu/lunar/samples/atlas/detail/?mission=Apollo%2016&sample=62231,
734,62231,21,-99.0,no,c1lr97,LR-CMP-097,"62231,21",none,,,,,rake,soil,,"RELAB specimen: 62231,21; RELAB description: Water sieved for LSCC (Taylor project).; Collection: Apollo 16 site, Moon; Specimen type: Returned Lunar Sample; Material origin: Natural; Material type: Unconsolidated Mixture; Material subtypes: Particulate|Particulate Sorted; Atlas type: rake; Atlas lithology: soil; Parent source: atlas_sample_id",subsample_or_fraction,yes,https://www.lpi.usra.edu/lunar/samples/atlas/detail/?mission=Apollo%2016&sample=62231,
735,62231,25,-99.0,no,bmr1lr098,LR-CMP-098,"62231,25",none,,,,,rake,soil,,"RELAB specimen: 62231,25; RELAB description: Water sieved for LSCC (Taylor project).; Collection: Apollo 16 site, Moon; Specimen type: Returned Lunar Sample; Material origin: Natural; Material type: Unconsolidated Mixture; Material subtypes: Particulate|Particulate Sorted; Atlas type: rake; Atlas lithology: soil; Parent source: atlas_sample_id",subsample_or_fraction,yes,https://www.lpi.usra.edu/lunar/samples/atlas/detail/?mission=Apollo%2016&sample=62231,
736,62231,25,-99.0,no,c1lr98,LR-CMP-098,"62231,25",none,,,,,rake,soil,,"RELAB specimen: 62231,25; RELAB description: Water sieved for LSCC (Taylor project).; Collection: Apollo 16 site, Moon; Specimen type: Returned Lunar Sample; Material origin: Natural; Material type: Unconsolidated Mixture; Material subtypes: Particulate|Particulate Sorted; Atlas type: rake; Atlas lithology: soil; Parent source: atlas_sample_id",subsample_or_fraction,yes,https://www.lpi.usra.edu/lunar/samples/atlas/detail/?mission=Apollo%2016&sample=62231,
737,62231,30,-99.0,no,bmr1lr099,LR-CMP-099,"62231,30",none,,,,,rake,soil,,"RELAB specimen: 62231,30; RELAB description: Water sieved for LSCC (Taylor project).; Collection: Apollo 16 site, Moon; Specimen type: Returned Lunar Sample; Material origin: Natural; Material type: Unconsolidated Mixture; Material subtypes: Particulate|Particulate Sorted; Atlas type: rake; Atlas lithology: soil; Parent source: atlas_sample_id",subsample_or_fraction,yes,https://www.lpi.usra.edu/lunar/samples/atlas/detail/?mission=Apollo%2016&sample=62231,
738,62231,30,-99.0,no,c1lr99,LR-CMP-099,"62231,30",none,,,,,rake,soil,,"RELAB specimen: 62231,30; RELAB description: Water sieved for LSCC (Taylor project).; Collection: Apollo 16 site, Moon; Specimen type: Returned Lunar Sample; Material origin: Natural; Material type: Unconsolidated Mixture; Material subtypes: Particulate|Particulate Sorted; Atlas type: rake; Atlas lithology: soil; Parent source: atlas_sample_id",subsample_or_fraction,yes,https://www.lpi.usra.edu/lunar/samples/atlas/detail/?mission=Apollo%2016&sample=62231,
739,62231,35,-99.0,no,c1lr104,LR-CMP-104,"62231,35",none,,,,,rake,soil,,"RELAB specimen: 62231,35; RELAB description: Water sieved for LSCC (Taylor project).; Collection: Apollo 16 site, Moon; Specimen type: Returned Lunar Sample; Material origin: Natural; Material type: Unconsolidated Mixture; Material subtypes: Particulate|Particulate Sorted; Atlas type: rake; Atlas lithology: soil; Parent source: atlas_sample_id",subsample_or_fraction,yes,https://www.lpi.usra.edu/lunar/samples/atlas/detail/?mission=Apollo%2016&sample=62231,
740,62231,42,-99.0,no,bmr1ls101,LS-M1O-101,"62231,42",none,,,,,rake,soil,,"RELAB specimen: 62231,42; RELAB description: Highland, Bulk, SELENE Multiband Imager calibration; Collection: Apollo 16 site, Moon; Specimen type: Returned Lunar Sample; Material origin: Natural; Material type: Unconsolidated Mixture; Material subtypes: Particulate|Bulk Particulate|Highland; Atlas type: rake; Atlas lithology: soil; Parent source: atlas_sample_id",subsample_or_fraction,yes,https://www.lpi.usra.edu/lunar/samples/atlas/detail/?mission=Apollo%2016&sample=62231,
741,62231,42,-99.0,no,cals101,LS-M1O-101,"62231,42",none,,,,,rake,soil,,"RELAB specimen: 62231,42; RELAB description: Highland, Bulk, SELENE Multiband Imager calibration; Collection: Apollo 16 site, Moon; Specimen type: Returned Lunar Sample; Material origin: Natural; Material type: Unconsolidated Mixture; Material subtypes: Particulate|Bulk Particulate|Highland; Atlas type: rake; Atlas lithology: soil; Parent source: atlas_sample_id",subsample_or_fraction,yes,https://www.lpi.usra.edu/lunar/samples/atlas/detail/?mission=Apollo%2016&sample=62231,
742,62231,42,-99.0,no,cbls101,LS-M1O-101,"62231,42",none,,,,,rake,soil,,"RELAB specimen: 62231,42; RELAB description: Highland, Bulk, SELENE Multiband Imager calibration; Collection: Apollo 16 site, Moon; Specimen type: Returned Lunar Sample; Material origin: Natural; Material type: Unconsolidated Mixture; Material subtypes: Particulate|Bulk Particulate|Highland; Atlas type: rake; Atlas lithology: soil; Parent source: atlas_sample_id",subsample_or_fraction,yes,https://www.lpi.usra.edu/lunar/samples/atlas/detail/?mission=Apollo%2016&sample=62231,
743,62231,52,-99.0,no,bir1ls141,LS-BWD-141,62231.52 agglutinates 125-250 um (hand-picked),none,,,,,rake,soil,"Highland, Agglutinate","RELAB specimen: 62231.52 agglutinates 125-250 um (hand-picked); RELAB description: Highland, Agglutinate; Collection: Apollo 16 site, Station 2, Moon; Specimen type: Returned Lunar Sample; Material origin: Natural; Material type: Unconsolidated Mixture; Material subtypes: Particulate; Atlas type: rake; Atlas lithology: soil; Parent source: atlas_sample_id",subsample_or_fraction,yes,https://www.lpi.usra.edu/lunar/samples/atlas/detail/?mission=Apollo%2016&sample=62231,
744,62231,52,-99.0,no,bir1ls148,LS-BWD-148,62231.52 low agglutinates remnant 125-250 um,none,,,,,rake,soil,"Highland, Low Agglutinate","RELAB specimen: 62231.52 low agglutinates remnant 125-250 um; RELAB description: Highland, Low Agglutinate; Collection: Apollo 16 site, Station 2, Moon; Specimen type: Returned Lunar Sample; Material origin: Natural; Material type: Unconsolidated Mixture; Material subtypes: Particulate; Atlas type: rake; Atlas lithology: soil; Parent source: atlas_sample_id",subsample_or_fraction,yes,https://www.lpi.usra.edu/lunar/samples/atlas/detail/?mission=Apollo%2016&sample=62231,
745,62231,52,-99.0,no,bir1ls162,LS-BWD-162,62231.52 agglutinates 75-125 um (magnetically-separated),none,,,,,rake,soil,,"RELAB specimen: 62231.52 agglutinates 75-125 um (magnetically-separated); RELAB description: Agglutinates from Apollo 16 highland soil; Collection: Apollo 16 site, Station 2, Moon; Specimen type: Returned Lunar Sample; Material origin: Natural; Material type: Unconsolidated Mixture; Material subtypes: Particulate; Atlas type: rake; Atlas lithology: soil; Parent source: atlas_sample_id",subsample_or_fraction,yes,https://www.lpi.usra.edu/lunar/samples/atlas/detail/?mission=Apollo%2016&sample=62231,
746,62231,52,-99.0,no,bir1ls163,LS-BWD-163,62231.52 low-agglutinate remnant 75-125 um (magnetically-separated in Frantz strong-mag bin),none,,,,,rake,soil,62231.52 low-agglutinate remnant 75-125 um (magnetically-separated in Frantz strong-mag bin),"RELAB specimen: 62231.52 low-agglutinate remnant 75-125 um (magnetically-separated in Frantz strong-mag bin); RELAB description: Agglutinates from Apollo 16 highland soil; Collection: Apollo 16 site, Station 2, Moon; Specimen type: Returned Lunar Sample; Material origin: Natural; Material type: Unconsolidated Mixture; Material subtypes: Particulate; Atlas type: rake; Atlas lithology: soil; Parent source: atlas_sample_id",subsample_or_fraction,yes,https://www.lpi.usra.edu/lunar/samples/atlas/detail/?mission=Apollo%2016&sample=62231,
747,62231,52,-99.0,no,bir1ls164,LS-BWD-164,62231.52 low-agglutinate remnant 75-125 um (magnetically-separated in Frantz weak-mag bin),none,,,,,rake,soil,62231.52 low-agglutinate remnant 75-125 um (magnetically-separated in Frantz weak-mag bin),"RELAB specimen: 62231.52 low-agglutinate remnant 75-125 um (magnetically-separated in Frantz weak-mag bin); RELAB description: Agglutinates from Apollo 16 highland soil; Collection: Apollo 16 site, Station 2, Moon; Specimen type: Returned Lunar Sample; Material origin: Natural; Material type: Unconsolidated Mixture; Material subtypes: Particulate; Atlas type: rake; Atlas lithology: soil; Parent source: atlas_sample_id",subsample_or_fraction,yes,https://www.lpi.usra.edu/lunar/samples/atlas/detail/?mission=Apollo%2016&sample=62231,
748,62231,52,-99.0,no,bir1ls165,LS-BWD-165,62231.52 bulk 75-125 um (remixed),none,,,,,rake,soil,,"RELAB specimen: 62231.52 bulk 75-125 um (remixed); RELAB description: Bulk Apollo 16 highland soil; Collection: Apollo 16 site, Station 2, Moon; Specimen type: Returned Lunar Sample; Material origin: Natural; Material type: Unconsolidated Mixture; Material subtypes: Particulate; Atlas type: rake; Atlas lithology: soil; Parent source: atlas_sample_id",subsample_or_fraction,yes,https://www.lpi.usra.edu/lunar/samples/atlas/detail/?mission=Apollo%2016&sample=62231,
749,62231,52,-99.0,no,c1ls141,LS-BWD-141,62231.52 agglutinates 125-250 um (hand-picked),none,,,,,rake,soil,"Highland, Agglutinate","RELAB specimen: 62231.52 agglutinates 125-250 um (hand-picked); RELAB description: Highland, Agglutinate; Collection: Apollo 16 site, Station 2, Moon; Specimen type: Returned Lunar Sample; Material origin: Natural; Material type: Unconsolidated Mixture; Material subtypes: Particulate; Atlas type: rake; Atlas lithology: soil; Parent source: atlas_sample_id",subsample_or_fraction,yes,https://www.lpi.usra.edu/lunar/samples/atlas/detail/?mission=Apollo%2016&sample=62231,
750,62231,52,-99.0,no,c1ls148,LS-BWD-148,62231.52 low agglutinates remnant 125-250 um,none,,,,,rake,soil,"Highland, Low Agglutinate","RELAB specimen: 62231.52 low agglutinates remnant 125-250 um; RELAB description: Highland, Low Agglutinate; Collection: Apollo 16 site, Station 2, Moon; Specimen type: Returned Lunar Sample; Material origin: Natural; Material type: Unconsolidated Mixture; Material subtypes: Particulate; Atlas type: rake; Atlas lithology: soil; Parent source: atlas_sample_id",subsample_or_fraction,yes,https://www.lpi.usra.edu/lunar/samples/atlas/detail/?mission=Apollo%2016&sample=62231,
751,62231,52,-99.0,no,c1ls162,LS-BWD-162,62231.52 agglutinates 75-125 um (magnetically-separated),none,,,,,rake,soil,,"RELAB specimen: 62231.52 agglutinates 75-125 um (magnetically-separated); RELAB description: Agglutinates from Apollo 16 highland soil; Collection: Apollo 16 site, Station 2, Moon; Specimen type: Returned Lunar Sample; Material origin: Natural; Material type: Unconsolidated Mixture; Material subtypes: Particulate; Atlas type: rake; Atlas lithology: soil; Parent source: atlas_sample_id",subsample_or_fraction,yes,https://www.lpi.usra.edu/lunar/samples/atlas/detail/?mission=Apollo%2016&sample=62231,
752,62231,52,-99.0,no,c1ls163,LS-BWD-163,62231.52 low-agglutinate remnant 75-125 um (magnetically-separated in Frantz strong-mag bin),none,,,,,rake,soil,62231.52 low-agglutinate remnant 75-125 um (magnetically-separated in Frantz strong-mag bin),"RELAB specimen: 62231.52 low-agglutinate remnant 75-125 um (magnetically-separated in Frantz strong-mag bin); RELAB description: Agglutinates from Apollo 16 highland soil; Collection: Apollo 16 site, Station 2, Moon; Specimen type: Returned Lunar Sample; Material origin: Natural; Material type: Unconsolidated Mixture; Material subtypes: Particulate; Atlas type: rake; Atlas lithology: soil; Parent source: atlas_sample_id",subsample_or_fraction,yes,https://www.lpi.usra.edu/lunar/samples/atlas/detail/?mission=Apollo%2016&sample=62231,
753,62231,52,-99.0,no,c1ls164,LS-BWD-164,62231.52 low-agglutinate remnant 75-125 um (magnetically-separated in Frantz weak-mag bin),none,,,,,rake,soil,62231.52 low-agglutinate remnant 75-125 um (magnetically-separated in Frantz weak-mag bin),"RELAB specimen: 62231.52 low-agglutinate remnant 75-125 um (magnetically-separated in Frantz weak-mag bin); RELAB description: Agglutinates from Apollo 16 highland soil; Collection: Apollo 16 site, Station 2, Moon; Specimen type: Returned Lunar Sample; Material origin: Natural; Material type: Unconsolidated Mixture; Material subtypes: Particulate; Atlas type: rake; Atlas lithology: soil; Parent source: atlas_sample_id",subsample_or_fraction,yes,https://www.lpi.usra.edu/lunar/samples/atlas/detail/?mission=Apollo%2016&sample=62231,
754,62231,52,-99.0,no,c1ls165,LS-BWD-165,62231.52 bulk 75-125 um (remixed),none,,,,,rake,soil,,"RELAB specimen: 62231.52 bulk 75-125 um (remixed); RELAB description: Bulk Apollo 16 highland soil; Collection: Apollo 16 site, Station 2, Moon; Specimen type: Returned Lunar Sample; Material origin: Natural; Material type: Unconsolidated Mixture; Material subtypes: Particulate; Atlas type: rake; Atlas lithology: soil; Parent source: atlas_sample_id",subsample_or_fraction,yes,https://www.lpi.usra.edu/lunar/samples/atlas/detail/?mission=Apollo%2016&sample=62231,
755,62231,52,-99.0,no,c2ls141,LS-BWD-141,62231.52 agglutinates 125-250 um (hand-picked),none,,,,,rake,soil,"Highland, Agglutinate","RELAB specimen: 62231.52 agglutinates 125-250 um (hand-picked); RELAB description: Highland, Agglutinate; Collection: Apollo 16 site, Station 2, Moon; Specimen type: Returned Lunar Sample; Material origin: Natural; Material type: Unconsolidated Mixture; Material subtypes: Particulate; Atlas type: rake; Atlas lithology: soil; Parent source: atlas_sample_id",subsample_or_fraction,yes,https://www.lpi.usra.edu/lunar/samples/atlas/detail/?mission=Apollo%2016&sample=62231,
756,62231,52,-99.0,no,c2ls148,LS-BWD-148,62231.52 low agglutinates remnant 125-250 um,none,,,,,rake,soil,"Highland, Low Agglutinate","RELAB specimen: 62231.52 low agglutinates remnant 125-250 um; RELAB description: Highland, Low Agglutinate; Collection: Apollo 16 site, Station 2, Moon; Specimen type: Returned Lunar Sample; Material origin: Natural; Material type: Unconsolidated Mixture; Material subtypes: Particulate; Atlas type: rake; Atlas lithology: soil; Parent source: atlas_sample_id",subsample_or_fraction,yes,https://www.lpi.usra.edu/lunar/samples/atlas/detail/?mission=Apollo%2016&sample=62231,
757,62231,52,-99.0,no,c2ls162,LS-BWD-162,62231.52 agglutinates 75-125 um (magnetically-separated),none,,,,,rake,soil,,"RELAB specimen: 62231.52 agglutinates 75-125 um (magnetically-separated); RELAB description: Agglutinates from Apollo 16 highland soil; Collection: Apollo 16 site, Station 2, Moon; Specimen type: Returned Lunar Sample; Material origin: Natural; Material type: Unconsolidated Mixture; Material subtypes: Particulate; Atlas type: rake; Atlas lithology: soil; Parent source: atlas_sample_id",subsample_or_fraction,yes,https://www.lpi.usra.edu/lunar/samples/atlas/detail/?mission=Apollo%2016&sample=62231,
758,62231,52,-99.0,no,c2ls163,LS-BWD-163,62231.52 low-agglutinate remnant 75-125 um (magnetically-separated in Frantz strong-mag bin),none,,,,,rake,soil,62231.52 low-agglutinate remnant 75-125 um (magnetically-separated in Frantz strong-mag bin),"RELAB specimen: 62231.52 low-agglutinate remnant 75-125 um (magnetically-separated in Frantz strong-mag bin); RELAB description: Agglutinates from Apollo 16 highland soil; Collection: Apollo 16 site, Station 2, Moon; Specimen type: Returned Lunar Sample; Material origin: Natural; Material type: Unconsolidated Mixture; Material subtypes: Particulate; Atlas type: rake; Atlas lithology: soil; Parent source: atlas_sample_id",subsample_or_fraction,yes,https://www.lpi.usra.edu/lunar/samples/atlas/detail/?mission=Apollo%2016&sample=62231,
759,62231,52,-99.0,no,c2ls164,LS-BWD-164,62231.52 low-agglutinate remnant 75-125 um (magnetically-separated in Frantz weak-mag bin),none,,,,,rake,soil,62231.52 low-agglutinate remnant 75-125 um (magnetically-separated in Frantz weak-mag bin),"RELAB specimen: 62231.52 low-agglutinate remnant 75-125 um (magnetically-separated in Frantz weak-mag bin); RELAB description: Agglutinates from Apollo 16 highland soil; Collection: Apollo 16 site, Station 2, Moon; Specimen type: Returned Lunar Sample; Material origin: Natural; Material type: Unconsolidated Mixture; Material subtypes: Particulate; Atlas type: rake; Atlas lithology: soil; Parent source: atlas_sample_id",subsample_or_fraction,yes,https://www.lpi.usra.edu/lunar/samples/atlas/detail/?mission=Apollo%2016&sample=62231,
760,62231,52,-99.0,no,c2ls165,LS-BWD-165,62231.52 bulk 75-125 um (remixed),none,,,,,rake,soil,,"RELAB specimen: 62231.52 bulk 75-125 um (remixed); RELAB description: Bulk Apollo 16 highland soil; Collection: Apollo 16 site, Station 2, Moon; Specimen type: Returned Lunar Sample; Material origin: Natural; Material type: Unconsolidated Mixture; Material subtypes: Particulate; Atlas type: rake; Atlas lithology: soil; Parent source: atlas_sample_id",subsample_or_fraction,yes,https://www.lpi.usra.edu/lunar/samples/atlas/detail/?mission=Apollo%2016&sample=62231,
761,62231,52,-99.0,no,c3ls141,LS-BWD-141,62231.52 agglutinates 125-250 um (hand-picked),none,,,,,rake,soil,"Highland, Agglutinate","RELAB specimen: 62231.52 agglutinates 125-250 um (hand-picked); RELAB description: Highland, Agglutinate; Collection: Apollo 16 site, Station 2, Moon; Specimen type: Returned Lunar Sample; Material origin: Natural; Material type: Unconsolidated Mixture; Material subtypes: Particulate; Atlas type: rake; Atlas lithology: soil; Parent source: atlas_sample_id",subsample_or_fraction,yes,https://www.lpi.usra.edu/lunar/samples/atlas/detail/?mission=Apollo%2016&sample=62231,
762,62231,52,-99.0,no,c3ls162,LS-BWD-162,62231.52 agglutinates 75-125 um (magnetically-separated),none,,,,,rake,soil,,"RELAB specimen: 62231.52 agglutinates 75-125 um (magnetically-separated); RELAB description: Agglutinates from Apollo 16 highland soil; Collection: Apollo 16 site, Station 2, Moon; Specimen type: Returned Lunar Sample; Material origin: Natural; Material type: Unconsolidated Mixture; Material subtypes: Particulate; Atlas type: rake; Atlas lithology: soil; Parent source: atlas_sample_id",subsample_or_fraction,yes,https://www.lpi.usra.edu/lunar/samples/atlas/detail/?mission=Apollo%2016&sample=62231,
763,62231,52,-99.0,no,c3ls163,LS-BWD-163,62231.52 low-agglutinate remnant 75-125 um (magnetically-separated in Frantz strong-mag bin),none,,,,,rake,soil,62231.52 low-agglutinate remnant 75-125 um (magnetically-separated in Frantz strong-mag bin),"RELAB specimen: 62231.52 low-agglutinate remnant 75-125 um (magnetically-separated in Frantz strong-mag bin); RELAB description: Agglutinates from Apollo 16 highland soil; Collection: Apollo 16 site, Station 2, Moon; Specimen type: Returned Lunar Sample; Material origin: Natural; Material type: Unconsolidated Mixture; Material subtypes: Particulate; Atlas type: rake; Atlas lithology: soil; Parent source: atlas_sample_id",subsample_or_fraction,yes,https://www.lpi.usra.edu/lunar/samples/atlas/detail/?mission=Apollo%2016&sample=62231,
764,62231,52,-99.0,no,c3ls164,LS-BWD-164,62231.52 low-agglutinate remnant 75-125 um (magnetically-separated in Frantz weak-mag bin),none,,,,,rake,soil,62231.52 low-agglutinate remnant 75-125 um (magnetically-separated in Frantz weak-mag bin),"RELAB specimen: 62231.52 low-agglutinate remnant 75-125 um (magnetically-separated in Frantz weak-mag bin); RELAB description: Agglutinates from Apollo 16 highland soil; Collection: Apollo 16 site, Station 2, Moon; Specimen type: Returned Lunar Sample; Material origin: Natural; Material type: Unconsolidated Mixture; Material subtypes: Particulate; Atlas type: rake; Atlas lithology: soil; Parent source: atlas_sample_id",subsample_or_fraction,yes,https://www.lpi.usra.edu/lunar/samples/atlas/detail/?mission=Apollo%2016&sample=62231,
765,62231,52,-99.0,no,c3ls165,LS-BWD-165,62231.52 bulk 75-125 um (remixed),none,,,,,rake,soil,,"RELAB specimen: 62231.52 bulk 75-125 um (remixed); RELAB description: Bulk Apollo 16 highland soil; Collection: Apollo 16 site, Station 2, Moon; Specimen type: Returned Lunar Sample; Material origin: Natural; Material type: Unconsolidated Mixture; Material subtypes: Particulate; Atlas type: rake; Atlas lithology: soil; Parent source: atlas_sample_id",subsample_or_fraction,yes,https://www.lpi.usra.edu/lunar/samples/atlas/detail/?mission=Apollo%2016&sample=62231,
766,62231,52,-99.0,no,c4ls141,LS-BWD-141,62231.52 agglutinates 125-250 um (hand-picked),none,,,,,rake,soil,"Highland, Agglutinate","RELAB specimen: 62231.52 agglutinates 125-250 um (hand-picked); RELAB description: Highland, Agglutinate; Collection: Apollo 16 site, Station 2, Moon; Specimen type: Returned Lunar Sample; Material origin: Natural; Material type: Unconsolidated Mixture; Material subtypes: Particulate; Atlas type: rake; Atlas lithology: soil; Parent source: atlas_sample_id",subsample_or_fraction,yes,https://www.lpi.usra.edu/lunar/samples/atlas/detail/?mission=Apollo%2016&sample=62231,
767,62231,52,-99.0,no,c5ls141,LS-BWD-141,62231.52 agglutinates 125-250 um (hand-picked),none,,,,,rake,soil,"Highland, Agglutinate","RELAB specimen: 62231.52 agglutinates 125-250 um (hand-picked); RELAB description: Highland, Agglutinate; Collection: Apollo 16 site, Station 2, Moon; Specimen type: Returned Lunar Sample; Material origin: Natural; Material type: Unconsolidated Mixture; Material subtypes: Particulate; Atlas type: rake; Atlas lithology: soil; Parent source: atlas_sample_id",subsample_or_fraction,yes,https://www.lpi.usra.edu/lunar/samples/atlas/detail/?mission=Apollo%2016&sample=62231,
768,62231,52,-99.0,no,c6ls141,LS-BWD-141,62231.52 agglutinates 125-250 um (hand-picked),none,,,,,rake,soil,"Highland, Agglutinate","RELAB specimen: 62231.52 agglutinates 125-250 um (hand-picked); RELAB description: Highland, Agglutinate; Collection: Apollo 16 site, Station 2, Moon; Specimen type: Returned Lunar Sample; Material origin: Natural; Material type: Unconsolidated Mixture; Material subtypes: Particulate; Atlas type: rake; Atlas lithology: soil; Parent source: atlas_sample_id",subsample_or_fraction,yes,https://www.lpi.usra.edu/lunar/samples/atlas/detail/?mission=Apollo%2016&sample=62231,
769,62231,52,-99.0,no,cals141,LS-BWD-141,62231.52 agglutinates 125-250 um (hand-picked),none,,,,,rake,soil,"Highland, Agglutinate","RELAB specimen: 62231.52 agglutinates 125-250 um (hand-picked); RELAB description: Highland, Agglutinate; Collection: Apollo 16 site, Station 2, Moon; Specimen type: Returned Lunar Sample; Material origin: Natural; Material type: Unconsolidated Mixture; Material subtypes: Particulate; Atlas type: rake; Atlas lithology: soil; Parent source: atlas_sample_id",subsample_or_fraction,yes,https://www.lpi.usra.edu/lunar/samples/atlas/detail/?mission=Apollo%2016&sample=62231,
770,62231,52,-99.0,no,cbls141,LS-BWD-141,62231.52 agglutinates 125-250 um (hand-picked),none,,,,,rake,soil,"Highland, Agglutinate","RELAB specimen: 62231.52 agglutinates 125-250 um (hand-picked); RELAB description: Highland, Agglutinate; Collection: Apollo 16 site, Station 2, Moon; Specimen type: Returned Lunar Sample; Material origin: Natural; Material type: Unconsolidated Mixture; Material subtypes: Particulate; Atlas type: rake; Atlas lithology: soil; Parent source: atlas_sample_id",subsample_or_fraction,yes,https://www.lpi.usra.edu/lunar/samples/atlas/detail/?mission=Apollo%2016&sample=62231,
771,62231,52,-99.0,no,ccls141,LS-BWD-141,62231.52 agglutinates 125-250 um (hand-picked),none,,,,,rake,soil,"Highland, Agglutinate","RELAB specimen: 62231.52 agglutinates 125-250 um (hand-picked); RELAB description: Highland, Agglutinate; Collection: Apollo 16 site, Station 2, Moon; Specimen type: Returned Lunar Sample; Material origin: Natural; Material type: Unconsolidated Mixture; Material subtypes: Particulate; Atlas type: rake; Atlas lithology: soil; Parent source: atlas_sample_id",subsample_or_fraction,yes,https://www.lpi.usra.edu/lunar/samples/atlas/detail/?mission=Apollo%2016&sample=62231,
772,62231,52,-99.0,no,cdls141,LS-BWD-141,62231.52 agglutinates 125-250 um (hand-picked),none,,,,,rake,soil,"Highland, Agglutinate","RELAB specimen: 62231.52 agglutinates 125-250 um (hand-picked); RELAB description: Highland, Agglutinate; Collection: Apollo 16 site, Station 2, Moon; Specimen type: Returned Lunar Sample; Material origin: Natural; Material type: Unconsolidated Mixture; Material subtypes: Particulate; Atlas type: rake; Atlas lithology: soil; Parent source: atlas_sample_id",subsample_or_fraction,yes,https://www.lpi.usra.edu/lunar/samples/atlas/detail/?mission=Apollo%2016&sample=62231,
773,62231,52,-99.0,no,cels141,LS-BWD-141,62231.52 agglutinates 125-250 um (hand-picked),none,,,,,rake,soil,"Highland, Agglutinate","RELAB specimen: 62231.52 agglutinates 125-250 um (hand-picked); RELAB description: Highland, Agglutinate; Collection: Apollo 16 site, Station 2, Moon; Specimen type: Returned Lunar Sample; Material origin: Natural; Material type: Unconsolidated Mixture; Material subtypes: Particulate; Atlas type: rake; Atlas lithology: soil; Parent source: atlas_sample_id",subsample_or_fraction,yes,https://www.lpi.usra.edu/lunar/samples/atlas/detail/?mission=Apollo%2016&sample=62231,
774,62231,52,-99.0,no,cfls141,LS-BWD-141,62231.52 agglutinates 125-250 um (hand-picked),none,,,,,rake,soil,"Highland, Agglutinate","RELAB specimen: 62231.52 agglutinates 125-250 um (hand-picked); RELAB description: Highland, Agglutinate; Collection: Apollo 16 site, Station 2, Moon; Specimen type: Returned Lunar Sample; Material origin: Natural; Material type: Unconsolidated Mixture; Material subtypes: Particulate; Atlas type: rake; Atlas lithology: soil; Parent source: atlas_sample_id",subsample_or_fraction,yes,https://www.lpi.usra.edu/lunar/samples/atlas/detail/?mission=Apollo%2016&sample=62231,
775,62231,52,-99.0,no,cgls141,LS-BWD-141,62231.52 agglutinates 125-250 um (hand-picked),none,,,,,rake,soil,"Highland, Agglutinate","RELAB specimen: 62231.52 agglutinates 125-250 um (hand-picked); RELAB description: Highland, Agglutinate; Collection: Apollo 16 site, Station 2, Moon; Specimen type: Returned Lunar Sample; Material origin: Natural; Material type: Unconsolidated Mixture; Material subtypes: Particulate; Atlas type: rake; Atlas lithology: soil; Parent source: atlas_sample_id",subsample_or_fraction,yes,https://www.lpi.usra.edu/lunar/samples/atlas/detail/?mission=Apollo%2016&sample=62231,
776,62231,52,-99.0,no,chls141,LS-BWD-141,62231.52 agglutinates 125-250 um (hand-picked),none,,,,,rake,soil,"Highland, Agglutinate","RELAB specimen: 62231.52 agglutinates 125-250 um (hand-picked); RELAB description: Highland, Agglutinate; Collection: Apollo 16 site, Station 2, Moon; Specimen type: Returned Lunar Sample; Material origin: Natural; Material type: Unconsolidated Mixture; Material subtypes: Particulate; Atlas type: rake; Atlas lithology: soil; Parent source: atlas_sample_id",subsample_or_fraction,yes,https://www.lpi.usra.edu/lunar/samples/atlas/detail/?mission=Apollo%2016&sample=62231,
777,62231,52,-99.0,no,cils141,LS-BWD-141,62231.52 agglutinates 125-250 um (hand-picked),none,,,,,rake,soil,"Highland, Agglutinate","RELAB specimen: 62231.52 agglutinates 125-250 um (hand-picked); RELAB description: Highland, Agglutinate; Collection: Apollo 16 site, Station 2, Moon; Specimen type: Returned Lunar Sample; Material origin: Natural; Material type: Unconsolidated Mixture; Material subtypes: Particulate; Atlas type: rake; Atlas lithology: soil; Parent source: atlas_sample_id",subsample_or_fraction,yes,https://www.lpi.usra.edu/lunar/samples/atlas/detail/?mission=Apollo%2016&sample=62231,
778,62231,52,-99.0,no,cjls141,LS-BWD-141,62231.52 agglutinates 125-250 um (hand-picked),none,,,,,rake,soil,"Highland, Agglutinate","RELAB specimen: 62231.52 agglutinates 125-250 um (hand-picked); RELAB description: Highland, Agglutinate; Collection: Apollo 16 site, Station 2, Moon; Specimen type: Returned Lunar Sample; Material origin: Natural; Material type: Unconsolidated Mixture; Material subtypes: Particulate; Atlas type: rake; Atlas lithology: soil; Parent source: atlas_sample_id",subsample_or_fraction,yes,https://www.lpi.usra.edu/lunar/samples/atlas/detail/?mission=Apollo%2016&sample=62231,
779,62231,52,-99.0,no,ckls141,LS-BWD-141,62231.52 agglutinates 125-250 um (hand-picked),none,,,,,rake,soil,"Highland, Agglutinate","RELAB specimen: 62231.52 agglutinates 125-250 um (hand-picked); RELAB description: Highland, Agglutinate; Collection: Apollo 16 site, Station 2, Moon; Specimen type: Returned Lunar Sample; Material origin: Natural; Material type: Unconsolidated Mixture; Material subtypes: Particulate; Atlas type: rake; Atlas lithology: soil; Parent source: atlas_sample_id",subsample_or_fraction,yes,https://www.lpi.usra.edu/lunar/samples/atlas/detail/?mission=Apollo%2016&sample=62231,
780,62231,52,-99.0,no,cvls141,LS-BWD-141,62231.52 agglutinates 125-250 um (hand-picked),none,,,,,rake,soil,"Highland, Agglutinate","RELAB specimen: 62231.52 agglutinates 125-250 um (hand-picked); RELAB description: Highland, Agglutinate; Collection: Apollo 16 site, Station 2, Moon; Specimen type: Returned Lunar Sample; Material origin: Natural; Material type: Unconsolidated Mixture; Material subtypes: Particulate; Atlas type: rake; Atlas lithology: soil; Parent source: atlas_sample_id",subsample_or_fraction,yes,https://www.lpi.usra.edu/lunar/samples/atlas/detail/?mission=Apollo%2016&sample=62231,
781,62231,52,-99.0,no,cwls141,LS-BWD-141,62231.52 agglutinates 125-250 um (hand-picked),none,,,,,rake,soil,"Highland, Agglutinate","RELAB specimen: 62231.52 agglutinates 125-250 um (hand-picked); RELAB description: Highland, Agglutinate; Collection: Apollo 16 site, Station 2, Moon; Specimen type: Returned Lunar Sample; Material origin: Natural; Material type: Unconsolidated Mixture; Material subtypes: Particulate; Atlas type: rake; Atlas lithology: soil; Parent source: atlas_sample_id",subsample_or_fraction,yes,https://www.lpi.usra.edu/lunar/samples/atlas/detail/?mission=Apollo%2016&sample=62231,
782,62231,52,-99.0,no,k1ls148,LS-BWD-148,62231.52 low agglutinates remnant 125-250 um,none,,,,,rake,soil,"Highland, Low Agglutinate","RELAB specimen: 62231.52 low agglutinates remnant 125-250 um; RELAB description: Highland, Low Agglutinate; Collection: Apollo 16 site, Station 2, Moon; Specimen type: Returned Lunar Sample; Material origin: Natural; Material type: Unconsolidated Mixture; Material subtypes: Particulate; Atlas type: rake; Atlas lithology: soil; Parent source: atlas_sample_id",subsample_or_fraction,yes,https://www.lpi.usra.edu/lunar/samples/atlas/detail/?mission=Apollo%2016&sample=62231,
783,62231,52,-99.0,no,kals141,LS-BWD-141,62231.52 agglutinates 125-250 um (hand-picked),none,,,,,rake,soil,"Highland, Agglutinate","RELAB specimen: 62231.52 agglutinates 125-250 um (hand-picked); RELAB description: Highland, Agglutinate; Collection: Apollo 16 site, Station 2, Moon; Specimen type: Returned Lunar Sample; Material origin: Natural; Material type: Unconsolidated Mixture; Material subtypes: Particulate; Atlas type: rake; Atlas lithology: soil; Parent source: atlas_sample_id",subsample_or_fraction,yes,https://www.lpi.usra.edu/lunar/samples/atlas/detail/?mission=Apollo%2016&sample=62231,
784,62231,52,-99.0,no,kbls141,LS-BWD-141,62231.52 agglutinates 125-250 um (hand-picked),none,,,,,rake,soil,"Highland, Agglutinate","RELAB specimen: 62231.52 agglutinates 125-250 um (hand-picked); RELAB description: Highland, Agglutinate; Collection: Apollo 16 site, Station 2, Moon; Specimen type: Returned Lunar Sample; Material origin: Natural; Material type: Unconsolidated Mixture; Material subtypes: Particulate; Atlas type: rake; Atlas lithology: soil; Parent source: atlas_sample_id",subsample_or_fraction,yes,https://www.lpi.usra.edu/lunar/samples/atlas/detail/?mission=Apollo%2016&sample=62231,
785,62231,52,-99.0,no,kcls141,LS-BWD-141,62231.52 agglutinates 125-250 um (hand-picked),none,,,,,rake,soil,"Highland, Agglutinate","RELAB specimen: 62231.52 agglutinates 125-250 um (hand-picked); RELAB description: Highland, Agglutinate; Collection: Apollo 16 site, Station 2, Moon; Specimen type: Returned Lunar Sample; Material origin: Natural; Material type: Unconsolidated Mixture; Material subtypes: Particulate; Atlas type: rake; Atlas lithology: soil; Parent source: atlas_sample_id",subsample_or_fraction,yes,https://www.lpi.usra.edu/lunar/samples/atlas/detail/?mission=Apollo%2016&sample=62231,
786,62231,52,-99.0,no,kdls141,LS-BWD-141,62231.52 agglutinates 125-250 um (hand-picked),none,,,,,rake,soil,"Highland, Agglutinate","RELAB specimen: 62231.52 agglutinates 125-250 um (hand-picked); RELAB description: Highland, Agglutinate; Collection: Apollo 16 site, Station 2, Moon; Specimen type: Returned Lunar Sample; Material origin: Natural; Material type: Unconsolidated Mixture; Material subtypes: Particulate; Atlas type: rake; Atlas lithology: soil; Parent source: atlas_sample_id",subsample_or_fraction,yes,https://www.lpi.usra.edu/lunar/samples/atlas/detail/?mission=Apollo%2016&sample=62231,
787,62231,52,-99.0,no,kels141,LS-BWD-141,62231.52 agglutinates 125-250 um (hand-picked),none,,,,,rake,soil,"Highland, Agglutinate","RELAB specimen: 62231.52 agglutinates 125-250 um (hand-picked); RELAB description: Highland, Agglutinate; Collection: Apollo 16 site, Station 2, Moon; Specimen type: Returned Lunar Sample; Material origin: Natural; Material type: Unconsolidated Mixture; Material subtypes: Particulate; Atlas type: rake; Atlas lithology: soil; Parent source: atlas_sample_id",subsample_or_fraction,yes,https://www.lpi.usra.edu/lunar/samples/atlas/detail/?mission=Apollo%2016&sample=62231,
788,62231,52,-99.0,no,kfls141,LS-BWD-141,62231.52 agglutinates 125-250 um (hand-picked),none,,,,,rake,soil,"Highland, Agglutinate","RELAB specimen: 62231.52 agglutinates 125-250 um (hand-picked); RELAB description: Highland, Agglutinate; Collection: Apollo 16 site, Station 2, Moon; Specimen type: Returned Lunar Sample; Material origin: Natural; Material type: Unconsolidated Mixture; Material subtypes: Particulate; Atlas type: rake; Atlas lithology: soil; Parent source: atlas_sample_id",subsample_or_fraction,yes,https://www.lpi.usra.edu/lunar/samples/atlas/detail/?mission=Apollo%2016&sample=62231,
789,62231,52,-99.0,no,kgls141,LS-BWD-141,62231.52 agglutinates 125-250 um (hand-picked),none,,,,,rake,soil,"Highland, Agglutinate","RELAB specimen: 62231.52 agglutinates 125-250 um (hand-picked); RELAB description: Highland, Agglutinate; Collection: Apollo 16 site, Station 2, Moon; Specimen type: Returned Lunar Sample; Material origin: Natural; Material type: Unconsolidated Mixture; Material subtypes: Particulate; Atlas type: rake; Atlas lithology: soil; Parent source: atlas_sample_id",subsample_or_fraction,yes,https://www.lpi.usra.edu/lunar/samples/atlas/detail/?mission=Apollo%2016&sample=62231,
790,62231,52,-99.0,no,khls141,LS-BWD-141,62231.52 agglutinates 125-250 um (hand-picked),none,,,,,rake,soil,"Highland, Agglutinate","RELAB specimen: 62231.52 agglutinates 125-250 um (hand-picked); RELAB description: Highland, Agglutinate; Collection: Apollo 16 site, Station 2, Moon; Specimen type: Returned Lunar Sample; Material origin: Natural; Material type: Unconsolidated Mixture; Material subtypes: Particulate; Atlas type: rake; Atlas lithology: soil; Parent source: atlas_sample_id",subsample_or_fraction,yes,https://www.lpi.usra.edu/lunar/samples/atlas/detail/?mission=Apollo%2016&sample=62231,
791,62231,52,-99.0,no,kils141,LS-BWD-141,62231.52 agglutinates 125-250 um (hand-picked),none,,,,,rake,soil,"Highland, Agglutinate","RELAB specimen: 62231.52 agglutinates 125-250 um (hand-picked); RELAB description: Highland, Agglutinate; Collection: Apollo 16 site, Station 2, Moon; Specimen type: Returned Lunar Sample; Material origin: Natural; Material type: Unconsolidated Mixture; Material subtypes: Particulate; Atlas type: rake; Atlas lithology: soil; Parent source: atlas_sample_id",subsample_or_fraction,yes,https://www.lpi.usra.edu/lunar/samples/atlas/detail/?mission=Apollo%2016&sample=62231,
792,62231,52,-99.0,no,kjls141,LS-BWD-141,62231.52 agglutinates 125-250 um (hand-picked),none,,,,,rake,soil,"Highland, Agglutinate","RELAB specimen: 62231.52 agglutinates 125-250 um (hand-picked); RELAB description: Highland, Agglutinate; Collection: Apollo 16 site, Station 2, Moon; Specimen type: Returned Lunar Sample; Material origin: Natural; Material type: Unconsolidated Mixture; Material subtypes: Particulate; Atlas type: rake; Atlas lithology: soil; Parent source: atlas_sample_id",subsample_or_fraction,yes,https://www.lpi.usra.edu/lunar/samples/atlas/detail/?mission=Apollo%2016&sample=62231,
793,62231,52,-99.0,no,kkls141,LS-BWD-141,62231.52 agglutinates 125-250 um (hand-picked),none,,,,,rake,soil,"Highland, Agglutinate","RELAB specimen: 62231.52 agglutinates 125-250 um (hand-picked); RELAB description: Highland, Agglutinate; Collection: Apollo 16 site, Station 2, Moon; Specimen type: Returned Lunar Sample; Material origin: Natural; Material type: Unconsolidated Mixture; Material subtypes: Particulate; Atlas type: rake; Atlas lithology: soil; Parent source: atlas_sample_id",subsample_or_fraction,yes,https://www.lpi.usra.edu/lunar/samples/atlas/detail/?mission=Apollo%2016&sample=62231,
794,62231,58,-99.0,no,bir1ls140,LS-BWD-140,62231.58 bulk 125-250 um,none,,,,,rake,soil,,"RELAB specimen: 62231.58 bulk 125-250 um; RELAB description: Highland, Bulk; Collection: Apollo 16 site, Station 2, Moon; Specimen type: Returned Lunar Sample; Material origin: Natural; Material type: Unconsolidated Mixture; Material subtypes: Particulate; Atlas type: rake; Atlas lithology: soil; Parent source: atlas_sample_id",subsample_or_fraction,yes,https://www.lpi.usra.edu/lunar/samples/atlas/detail/?mission=Apollo%2016&sample=62231,
795,62231,58,-99.0,no,bir1ls151,LS-BWD-151,62231.58 agglutinates 125-250 um (magnetically-separated and hand-picked),none,,,,,rake,soil,"Highland, Agglutinate","RELAB specimen: 62231.58 agglutinates 125-250 um (magnetically-separated and hand-picked); RELAB description: Highland, Agglutinate; Collection: Apollo 16 site, Station 2, Moon; Specimen type: Returned Lunar Sample; Material origin: Natural; Material type: Unconsolidated Mixture; Material subtypes: Particulate; Atlas type: rake; Atlas lithology: soil; Parent source: atlas_sample_id",subsample_or_fraction,yes,https://www.lpi.usra.edu/lunar/samples/atlas/detail/?mission=Apollo%2016&sample=62231,
796,62231,58,-99.0,no,bir1ls159,LS-BWD-159,62231.58 low-agglutinate remnant 125-250 um,none,,,,,rake,soil,62231.58 low-agglutinate remnant 125-250 um,"RELAB specimen: 62231.58 low-agglutinate remnant 125-250 um; RELAB description: Remnant after agglutinates removed from Apollo 16 highland soil; Collection: Apollo 16 site, Station 2, Moon; Specimen type: Returned Lunar Sample; Material origin: Natural; Material type: Unconsolidated Mixture; Material subtypes: Particulate; Atlas type: rake; Atlas lithology: soil; Parent source: atlas_sample_id",subsample_or_fraction,yes,https://www.lpi.usra.edu/lunar/samples/atlas/detail/?mission=Apollo%2016&sample=62231,
797,62231,58,-99.0,no,bir2ls151,LS-BWD-151,62231.58 agglutinates 125-250 um (magnetically-separated and hand-picked),none,,,,,rake,soil,"Highland, Agglutinate","RELAB specimen: 62231.58 agglutinates 125-250 um (magnetically-separated and hand-picked); RELAB description: Highland, Agglutinate; Collection: Apollo 16 site, Station 2, Moon; Specimen type: Returned Lunar Sample; Material origin: Natural; Material type: Unconsolidated Mixture; Material subtypes: Particulate; Atlas type: rake; Atlas lithology: soil; Parent source: atlas_sample_id",subsample_or_fraction,yes,https://www.lpi.usra.edu/lunar/samples/atlas/detail/?mission=Apollo%2016&sample=62231,
798,62231,58,-99.0,no,c1ls140,LS-BWD-140,62231.58 bulk 125-250 um,none,,,,,rake,soil,,"RELAB specimen: 62231.58 bulk 125-250 um; RELAB description: Highland, Bulk; Collection: Apollo 16 site, Station 2, Moon; Specimen type: Returned Lunar Sample; Material origin: Natural; Material type: Unconsolidated Mixture; Material subtypes: Particulate; Atlas type: rake; Atlas lithology: soil; Parent source: atlas_sample_id",subsample_or_fraction,yes,https://www.lpi.usra.edu/lunar/samples/atlas/detail/?mission=Apollo%2016&sample=62231,
799,62231,58,-99.0,no,c1ls151,LS-BWD-151,62231.58 agglutinates 125-250 um (magnetically-separated and hand-picked),none,,,,,rake,soil,"Highland, Agglutinate","RELAB specimen: 62231.58 agglutinates 125-250 um (magnetically-separated and hand-picked); RELAB description: Highland, Agglutinate; Collection: Apollo 16 site, Station 2, Moon; Specimen type: Returned Lunar Sample; Material origin: Natural; Material type: Unconsolidated Mixture; Material subtypes: Particulate; Atlas type: rake; Atlas lithology: soil; Parent source: atlas_sample_id",subsample_or_fraction,yes,https://www.lpi.usra.edu/lunar/samples/atlas/detail/?mission=Apollo%2016&sample=62231,
800,62231,58,-99.0,no,c1ls159,LS-BWD-159,62231.58 low-agglutinate remnant 125-250 um,none,,,,,rake,soil,62231.58 low-agglutinate remnant 125-250 um,"RELAB specimen: 62231.58 low-agglutinate remnant 125-250 um; RELAB description: Remnant after agglutinates removed from Apollo 16 highland soil; Collection: Apollo 16 site, Station 2, Moon; Specimen type: Returned Lunar Sample; Material origin: Natural; Material type: Unconsolidated Mixture; Material subtypes: Particulate; Atlas type: rake; Atlas lithology: soil; Parent source: atlas_sample_id",subsample_or_fraction,yes,https://www.lpi.usra.edu/lunar/samples/atlas/detail/?mission=Apollo%2016&sample=62231,
801,62231,58,-99.0,no,c2ls140,LS-BWD-140,62231.58 bulk 125-250 um,none,,,,,rake,soil,,"RELAB specimen: 62231.58 bulk 125-250 um; RELAB description: Highland, Bulk; Collection: Apollo 16 site, Station 2, Moon; Specimen type: Returned Lunar Sample; Material origin: Natural; Material type: Unconsolidated Mixture; Material subtypes: Particulate; Atlas type: rake; Atlas lithology: soil; Parent source: atlas_sample_id",subsample_or_fraction,yes,https://www.lpi.usra.edu/lunar/samples/atlas/detail/?mission=Apollo%2016&sample=62231,
802,62231,58,-99.0,no,c2ls151,LS-BWD-151,62231.58 agglutinates 125-250 um (magnetically-separated and hand-picked),none,,,,,rake,soil,"Highland, Agglutinate","RELAB specimen: 62231.58 agglutinates 125-250 um (magnetically-separated and hand-picked); RELAB description: Highland, Agglutinate; Collection: Apollo 16 site, Station 2, Moon; Specimen type: Returned Lunar Sample; Material origin: Natural; Material type: Unconsolidated Mixture; Material subtypes: Particulate; Atlas type: rake; Atlas lithology: soil; Parent source: atlas_sample_id",subsample_or_fraction,yes,https://www.lpi.usra.edu/lunar/samples/atlas/detail/?mission=Apollo%2016&sample=62231,
803,62231,58,-99.0,no,c2ls159,LS-BWD-159,62231.58 low-agglutinate remnant 125-250 um,none,,,,,rake,soil,62231.58 low-agglutinate remnant 125-250 um,"RELAB specimen: 62231.58 low-agglutinate remnant 125-250 um; RELAB description: Remnant after agglutinates removed from Apollo 16 highland soil; Collection: Apollo 16 site, Station 2, Moon; Specimen type: Returned Lunar Sample; Material origin: Natural; Material type: Unconsolidated Mixture; Material subtypes: Particulate; Atlas type: rake; Atlas lithology: soil; Parent source: atlas_sample_id",subsample_or_fraction,yes,https://www.lpi.usra.edu/lunar/samples/atlas/detail/?mission=Apollo%2016&sample=62231,
804,62231,58,-99.0,no,c3ls140,LS-BWD-140,62231.58 bulk 125-250 um,none,,,,,rake,soil,,"RELAB specimen: 62231.58 bulk 125-250 um; RELAB description: Highland, Bulk; Collection: Apollo 16 site, Station 2, Moon; Specimen type: Returned Lunar Sample; Material origin: Natural; Material type: Unconsolidated Mixture; Material subtypes: Particulate; Atlas type: rake; Atlas lithology: soil; Parent source: atlas_sample_id",subsample_or_fraction,yes,https://www.lpi.usra.edu/lunar/samples/atlas/detail/?mission=Apollo%2016&sample=62231,
805,62231,58,-99.0,no,c3ls151,LS-BWD-151,62231.58 agglutinates 125-250 um (magnetically-separated and hand-picked),none,,,,,rake,soil,"Highland, Agglutinate","RELAB specimen: 62231.58 agglutinates 125-250 um (magnetically-separated and hand-picked); RELAB description: Highland, Agglutinate; Collection: Apollo 16 site, Station 2, Moon; Specimen type: Returned Lunar Sample; Material origin: Natural; Material type: Unconsolidated Mixture; Material subtypes: Particulate; Atlas type: rake; Atlas lithology: soil; Parent source: atlas_sample_id",subsample_or_fraction,yes,https://www.lpi.usra.edu/lunar/samples/atlas/detail/?mission=Apollo%2016&sample=62231,
806,62231,58,-99.0,no,c3ls159,LS-BWD-159,62231.58 low-agglutinate remnant 125-250 um,none,,,,,rake,soil,62231.58 low-agglutinate remnant 125-250 um,"RELAB specimen: 62231.58 low-agglutinate remnant 125-250 um; RELAB description: Remnant after agglutinates removed from Apollo 16 highland soil; Collection: Apollo 16 site, Station 2, Moon; Specimen type: Returned Lunar Sample; Material origin: Natural; Material type: Unconsolidated Mixture; Material subtypes: Particulate; Atlas type: rake; Atlas lithology: soil; Parent source: atlas_sample_id",subsample_or_fraction,yes,https://www.lpi.usra.edu/lunar/samples/atlas/detail/?mission=Apollo%2016&sample=62231,
807,62231,58,-99.0,no,c4ls140,LS-BWD-140,62231.58 bulk 125-250 um,none,,,,,rake,soil,,"RELAB specimen: 62231.58 bulk 125-250 um; RELAB description: Highland, Bulk; Collection: Apollo 16 site, Station 2, Moon; Specimen type: Returned Lunar Sample; Material origin: Natural; Material type: Unconsolidated Mixture; Material subtypes: Particulate; Atlas type: rake; Atlas lithology: soil; Parent source: atlas_sample_id",subsample_or_fraction,yes,https://www.lpi.usra.edu/lunar/samples/atlas/detail/?mission=Apollo%2016&sample=62231,
808,62231,58,-99.0,no,c4ls151,LS-BWD-151,62231.58 agglutinates 125-250 um (magnetically-separated and hand-picked),none,,,,,rake,soil,"Highland, Agglutinate","RELAB specimen: 62231.58 agglutinates 125-250 um (magnetically-separated and hand-picked); RELAB description: Highland, Agglutinate; Collection: Apollo 16 site, Station 2, Moon; Specimen type: Returned Lunar Sample; Material origin: Natural; Material type: Unconsolidated Mixture; Material subtypes: Particulate; Atlas type: rake; Atlas lithology: soil; Parent source: atlas_sample_id",subsample_or_fraction,yes,https://www.lpi.usra.edu/lunar/samples/atlas/detail/?mission=Apollo%2016&sample=62231,
809,62231,58,-99.0,no,c4ls159,LS-BWD-159,62231.58 low-agglutinate remnant 125-250 um,none,,,,,rake,soil,62231.58 low-agglutinate remnant 125-250 um,"RELAB specimen: 62231.58 low-agglutinate remnant 125-250 um; RELAB description: Remnant after agglutinates removed from Apollo 16 highland soil; Collection: Apollo 16 site, Station 2, Moon; Specimen type: Returned Lunar Sample; Material origin: Natural; Material type: Unconsolidated Mixture; Material subtypes: Particulate; Atlas type: rake; Atlas lithology: soil; Parent source: atlas_sample_id",subsample_or_fraction,yes,https://www.lpi.usra.edu/lunar/samples/atlas/detail/?mission=Apollo%2016&sample=62231,
810,62231,58,-99.0,no,cals140,LS-BWD-140,62231.58 bulk 125-250 um,none,,,,,rake,soil,,"RELAB specimen: 62231.58 bulk 125-250 um; RELAB description: Highland, Bulk; Collection: Apollo 16 site, Station 2, Moon; Specimen type: Returned Lunar Sample; Material origin: Natural; Material type: Unconsolidated Mixture; Material subtypes: Particulate; Atlas type: rake; Atlas lithology: soil; Parent source: atlas_sample_id",subsample_or_fraction,yes,https://www.lpi.usra.edu/lunar/samples/atlas/detail/?mission=Apollo%2016&sample=62231,
811,62231,58,-99.0,no,cals151,LS-BWD-151,62231.58 agglutinates 125-250 um (magnetically-separated and hand-picked),none,,,,,rake,soil,"Highland, Agglutinate","RELAB specimen: 62231.58 agglutinates 125-250 um (magnetically-separated and hand-picked); RELAB description: Highland, Agglutinate; Collection: Apollo 16 site, Station 2, Moon; Specimen type: Returned Lunar Sample; Material origin: Natural; Material type: Unconsolidated Mixture; Material subtypes: Particulate; Atlas type: rake; Atlas lithology: soil; Parent source: atlas_sample_id",subsample_or_fraction,yes,https://www.lpi.usra.edu/lunar/samples/atlas/detail/?mission=Apollo%2016&sample=62231,
812,62231,58,-99.0,no,cals159,LS-BWD-159,62231.58 low-agglutinate remnant 125-250 um,none,,,,,rake,soil,62231.58 low-agglutinate remnant 125-250 um,"RELAB specimen: 62231.58 low-agglutinate remnant 125-250 um; RELAB description: Remnant after agglutinates removed from Apollo 16 highland soil; Collection: Apollo 16 site, Station 2, Moon; Specimen type: Returned Lunar Sample; Material origin: Natural; Material type: Unconsolidated Mixture; Material subtypes: Particulate; Atlas type: rake; Atlas lithology: soil; Parent source: atlas_sample_id",subsample_or_fraction,yes,https://www.lpi.usra.edu/lunar/samples/atlas/detail/?mission=Apollo%2016&sample=62231,
813,62231,58,-99.0,no,cbls140,LS-BWD-140,62231.58 bulk 125-250 um,none,,,,,rake,soil,,"RELAB specimen: 62231.58 bulk 125-250 um; RELAB description: Highland, Bulk; Collection: Apollo 16 site, Station 2, Moon; Specimen type: Returned Lunar Sample; Material origin: Natural; Material type: Unconsolidated Mixture; Material subtypes: Particulate; Atlas type: rake; Atlas lithology: soil; Parent source: atlas_sample_id",subsample_or_fraction,yes,https://www.lpi.usra.edu/lunar/samples/atlas/detail/?mission=Apollo%2016&sample=62231,
814,62231,58,-99.0,no,cbls151,LS-BWD-151,62231.58 agglutinates 125-250 um (magnetically-separated and hand-picked),none,,,,,rake,soil,"Highland, Agglutinate","RELAB specimen: 62231.58 agglutinates 125-250 um (magnetically-separated and hand-picked); RELAB description: Highland, Agglutinate; Collection: Apollo 16 site, Station 2, Moon; Specimen type: Returned Lunar Sample; Material origin: Natural; Material type: Unconsolidated Mixture; Material subtypes: Particulate; Atlas type: rake; Atlas lithology: soil; Parent source: atlas_sample_id",subsample_or_fraction,yes,https://www.lpi.usra.edu/lunar/samples/atlas/detail/?mission=Apollo%2016&sample=62231,
815,62231,58,-99.0,no,cbls159,LS-BWD-159,62231.58 low-agglutinate remnant 125-250 um,none,,,,,rake,soil,62231.58 low-agglutinate remnant 125-250 um,"RELAB specimen: 62231.58 low-agglutinate remnant 125-250 um; RELAB description: Remnant after agglutinates removed from Apollo 16 highland soil; Collection: Apollo 16 site, Station 2, Moon; Specimen type: Returned Lunar Sample; Material origin: Natural; Material type: Unconsolidated Mixture; Material subtypes: Particulate; Atlas type: rake; Atlas lithology: soil; Parent source: atlas_sample_id",subsample_or_fraction,yes,https://www.lpi.usra.edu/lunar/samples/atlas/detail/?mission=Apollo%2016&sample=62231,
816,62231,58,-99.0,no,ccls140,LS-BWD-140,62231.58 bulk 125-250 um,none,,,,,rake,soil,,"RELAB specimen: 62231.58 bulk 125-250 um; RELAB description: Highland, Bulk; Collection: Apollo 16 site, Station 2, Moon; Specimen type: Returned Lunar Sample; Material origin: Natural; Material type: Unconsolidated Mixture; Material subtypes: Particulate; Atlas type: rake; Atlas lithology: soil; Parent source: atlas_sample_id",subsample_or_fraction,yes,https://www.lpi.usra.edu/lunar/samples/atlas/detail/?mission=Apollo%2016&sample=62231,
817,62231,58,-99.0,no,ccls151,LS-BWD-151,62231.58 agglutinates 125-250 um (magnetically-separated and hand-picked),none,,,,,rake,soil,"Highland, Agglutinate","RELAB specimen: 62231.58 agglutinates 125-250 um (magnetically-separated and hand-picked); RELAB description: Highland, Agglutinate; Collection: Apollo 16 site, Station 2, Moon; Specimen type: Returned Lunar Sample; Material origin: Natural; Material type: Unconsolidated Mixture; Material subtypes: Particulate; Atlas type: rake; Atlas lithology: soil; Parent source: atlas_sample_id",subsample_or_fraction,yes,https://www.lpi.usra.edu/lunar/samples/atlas/detail/?mission=Apollo%2016&sample=62231,
818,62231,58,-99.0,no,ccls159,LS-BWD-159,62231.58 low-agglutinate remnant 125-250 um,none,,,,,rake,soil,62231.58 low-agglutinate remnant 125-250 um,"RELAB specimen: 62231.58 low-agglutinate remnant 125-250 um; RELAB description: Remnant after agglutinates removed from Apollo 16 highland soil; Collection: Apollo 16 site, Station 2, Moon; Specimen type: Returned Lunar Sample; Material origin: Natural; Material type: Unconsolidated Mixture; Material subtypes: Particulate; Atlas type: rake; Atlas lithology: soil; Parent source: atlas_sample_id",subsample_or_fraction,yes,https://www.lpi.usra.edu/lunar/samples/atlas/detail/?mission=Apollo%2016&sample=62231,
819,62231,58,-99.0,no,cdls140,LS-BWD-140,62231.58 bulk 125-250 um,none,,,,,rake,soil,,"RELAB specimen: 62231.58 bulk 125-250 um; RELAB description: Highland, Bulk; Collection: Apollo 16 site, Station 2, Moon; Specimen type: Returned Lunar Sample; Material origin: Natural; Material type: Unconsolidated Mixture; Material subtypes: Particulate; Atlas type: rake; Atlas lithology: soil; Parent source: atlas_sample_id",subsample_or_fraction,yes,https://www.lpi.usra.edu/lunar/samples/atlas/detail/?mission=Apollo%2016&sample=62231,
820,62231,58,-99.0,no,cdls151,LS-BWD-151,62231.58 agglutinates 125-250 um (magnetically-separated and hand-picked),none,,,,,rake,soil,"Highland, Agglutinate","RELAB specimen: 62231.58 agglutinates 125-250 um (magnetically-separated and hand-picked); RELAB description: Highland, Agglutinate; Collection: Apollo 16 site, Station 2, Moon; Specimen type: Returned Lunar Sample; Material origin: Natural; Material type: Unconsolidated Mixture; Material subtypes: Particulate; Atlas type: rake; Atlas lithology: soil; Parent source: atlas_sample_id",subsample_or_fraction,yes,https://www.lpi.usra.edu/lunar/samples/atlas/detail/?mission=Apollo%2016&sample=62231,
821,62231,58,-99.0,no,cdls159,LS-BWD-159,62231.58 low-agglutinate remnant 125-250 um,none,,,,,rake,soil,62231.58 low-agglutinate remnant 125-250 um,"RELAB specimen: 62231.58 low-agglutinate remnant 125-250 um; RELAB description: Remnant after agglutinates removed from Apollo 16 highland soil; Collection: Apollo 16 site, Station 2, Moon; Specimen type: Returned Lunar Sample; Material origin: Natural; Material type: Unconsolidated Mixture; Material subtypes: Particulate; Atlas type: rake; Atlas lithology: soil; Parent source: atlas_sample_id",subsample_or_fraction,yes,https://www.lpi.usra.edu/lunar/samples/atlas/detail/?mission=Apollo%2016&sample=62231,
822,62231,58,-99.0,no,cels140,LS-BWD-140,62231.58 bulk 125-250 um,none,,,,,rake,soil,,"RELAB specimen: 62231.58 bulk 125-250 um; RELAB description: Highland, Bulk; Collection: Apollo 16 site, Station 2, Moon; Specimen type: Returned Lunar Sample; Material origin: Natural; Material type: Unconsolidated Mixture; Material subtypes: Particulate; Atlas type: rake; Atlas lithology: soil; Parent source: atlas_sample_id",subsample_or_fraction,yes,https://www.lpi.usra.edu/lunar/samples/atlas/detail/?mission=Apollo%2016&sample=62231,
823,62231,58,-99.0,no,cels151,LS-BWD-151,62231.58 agglutinates 125-250 um (magnetically-separated and hand-picked),none,,,,,rake,soil,"Highland, Agglutinate","RELAB specimen: 62231.58 agglutinates 125-250 um (magnetically-separated and hand-picked); RELAB description: Highland, Agglutinate; Collection: Apollo 16 site, Station 2, Moon; Specimen type: Returned Lunar Sample; Material origin: Natural; Material type: Unconsolidated Mixture; Material subtypes: Particulate; Atlas type: rake; Atlas lithology: soil; Parent source: atlas_sample_id",subsample_or_fraction,yes,https://www.lpi.usra.edu/lunar/samples/atlas/detail/?mission=Apollo%2016&sample=62231,
824,62231,58,-99.0,no,cels159,LS-BWD-159,62231.58 low-agglutinate remnant 125-250 um,none,,,,,rake,soil,62231.58 low-agglutinate remnant 125-250 um,"RELAB specimen: 62231.58 low-agglutinate remnant 125-250 um; RELAB description: Remnant after agglutinates removed from Apollo 16 highland soil; Collection: Apollo 16 site, Station 2, Moon; Specimen type: Returned Lunar Sample; Material origin: Natural; Material type: Unconsolidated Mixture; Material subtypes: Particulate; Atlas type: rake; Atlas lithology: soil; Parent source: atlas_sample_id",subsample_or_fraction,yes,https://www.lpi.usra.edu/lunar/samples/atlas/detail/?mission=Apollo%2016&sample=62231,
825,62231,58,-99.0,no,cfls140,LS-BWD-140,62231.58 bulk 125-250 um,none,,,,,rake,soil,,"RELAB specimen: 62231.58 bulk 125-250 um; RELAB description: Highland, Bulk; Collection: Apollo 16 site, Station 2, Moon; Specimen type: Returned Lunar Sample; Material origin: Natural; Material type: Unconsolidated Mixture; Material subtypes: Particulate; Atlas type: rake; Atlas lithology: soil; Parent source: atlas_sample_id",subsample_or_fraction,yes,https://www.lpi.usra.edu/lunar/samples/atlas/detail/?mission=Apollo%2016&sample=62231,
826,62231,58,-99.0,no,cfls151,LS-BWD-151,62231.58 agglutinates 125-250 um (magnetically-separated and hand-picked),none,,,,,rake,soil,"Highland, Agglutinate","RELAB specimen: 62231.58 agglutinates 125-250 um (magnetically-separated and hand-picked); RELAB description: Highland, Agglutinate; Collection: Apollo 16 site, Station 2, Moon; Specimen type: Returned Lunar Sample; Material origin: Natural; Material type: Unconsolidated Mixture; Material subtypes: Particulate; Atlas type: rake; Atlas lithology: soil; Parent source: atlas_sample_id",subsample_or_fraction,yes,https://www.lpi.usra.edu/lunar/samples/atlas/detail/?mission=Apollo%2016&sample=62231,
827,62231,58,-99.0,no,cfls159,LS-BWD-159,62231.58 low-agglutinate remnant 125-250 um,none,,,,,rake,soil,62231.58 low-agglutinate remnant 125-250 um,"RELAB specimen: 62231.58 low-agglutinate remnant 125-250 um; RELAB description: Remnant after agglutinates removed from Apollo 16 highland soil; Collection: Apollo 16 site, Station 2, Moon; Specimen type: Returned Lunar Sample; Material origin: Natural; Material type: Unconsolidated Mixture; Material subtypes: Particulate; Atlas type: rake; Atlas lithology: soil; Parent source: atlas_sample_id",subsample_or_fraction,yes,https://www.lpi.usra.edu/lunar/samples/atlas/detail/?mission=Apollo%2016&sample=62231,
828,62231,58,-99.0,no,cgls140,LS-BWD-140,62231.58 bulk 125-250 um,none,,,,,rake,soil,,"RELAB specimen: 62231.58 bulk 125-250 um; RELAB description: Highland, Bulk; Collection: Apollo 16 site, Station 2, Moon; Specimen type: Returned Lunar Sample; Material origin: Natural; Material type: Unconsolidated Mixture; Material subtypes: Particulate; Atlas type: rake; Atlas lithology: soil; Parent source: atlas_sample_id",subsample_or_fraction,yes,https://www.lpi.usra.edu/lunar/samples/atlas/detail/?mission=Apollo%2016&sample=62231,
829,62231,58,-99.0,no,cgls151,LS-BWD-151,62231.58 agglutinates 125-250 um (magnetically-separated and hand-picked),none,,,,,rake,soil,"Highland, Agglutinate","RELAB specimen: 62231.58 agglutinates 125-250 um (magnetically-separated and hand-picked); RELAB description: Highland, Agglutinate; Collection: Apollo 16 site, Station 2, Moon; Specimen type: Returned Lunar Sample; Material origin: Natural; Material type: Unconsolidated Mixture; Material subtypes: Particulate; Atlas type: rake; Atlas lithology: soil; Parent source: atlas_sample_id",subsample_or_fraction,yes,https://www.lpi.usra.edu/lunar/samples/atlas/detail/?mission=Apollo%2016&sample=62231,
830,62231,58,-99.0,no,cgls159,LS-BWD-159,62231.58 low-agglutinate remnant 125-250 um,none,,,,,rake,soil,62231.58 low-agglutinate remnant 125-250 um,"RELAB specimen: 62231.58 low-agglutinate remnant 125-250 um; RELAB description: Remnant after agglutinates removed from Apollo 16 highland soil; Collection: Apollo 16 site, Station 2, Moon; Specimen type: Returned Lunar Sample; Material origin: Natural; Material type: Unconsolidated Mixture; Material subtypes: Particulate; Atlas type: rake; Atlas lithology: soil; Parent source: atlas_sample_id",subsample_or_fraction,yes,https://www.lpi.usra.edu/lunar/samples/atlas/detail/?mission=Apollo%2016&sample=62231,
831,62231,58,-99.0,no,chls140,LS-BWD-140,62231.58 bulk 125-250 um,none,,,,,rake,soil,,"RELAB specimen: 62231.58 bulk 125-250 um; RELAB description: Highland, Bulk; Collection: Apollo 16 site, Station 2, Moon; Specimen type: Returned Lunar Sample; Material origin: Natural; Material type: Unconsolidated Mixture; Material subtypes: Particulate; Atlas type: rake; Atlas lithology: soil; Parent source: atlas_sample_id",subsample_or_fraction,yes,https://www.lpi.usra.edu/lunar/samples/atlas/detail/?mission=Apollo%2016&sample=62231,
832,62231,58,-99.0,no,chls151,LS-BWD-151,62231.58 agglutinates 125-250 um (magnetically-separated and hand-picked),none,,,,,rake,soil,"Highland, Agglutinate","RELAB specimen: 62231.58 agglutinates 125-250 um (magnetically-separated and hand-picked); RELAB description: Highland, Agglutinate; Collection: Apollo 16 site, Station 2, Moon; Specimen type: Returned Lunar Sample; Material origin: Natural; Material type: Unconsolidated Mixture; Material subtypes: Particulate; Atlas type: rake; Atlas lithology: soil; Parent source: atlas_sample_id",subsample_or_fraction,yes,https://www.lpi.usra.edu/lunar/samples/atlas/detail/?mission=Apollo%2016&sample=62231,
833,62231,58,-99.0,no,chls159,LS-BWD-159,62231.58 low-agglutinate remnant 125-250 um,none,,,,,rake,soil,62231.58 low-agglutinate remnant 125-250 um,"RELAB specimen: 62231.58 low-agglutinate remnant 125-250 um; RELAB description: Remnant after agglutinates removed from Apollo 16 highland soil; Collection: Apollo 16 site, Station 2, Moon; Specimen type: Returned Lunar Sample; Material origin: Natural; Material type: Unconsolidated Mixture; Material subtypes: Particulate; Atlas type: rake; Atlas lithology: soil; Parent source: atlas_sample_id",subsample_or_fraction,yes,https://www.lpi.usra.edu/lunar/samples/atlas/detail/?mission=Apollo%2016&sample=62231,
834,62231,58,-99.0,no,cils140,LS-BWD-140,62231.58 bulk 125-250 um,none,,,,,rake,soil,,"RELAB specimen: 62231.58 bulk 125-250 um; RELAB description: Highland, Bulk; Collection: Apollo 16 site, Station 2, Moon; Specimen type: Returned Lunar Sample; Material origin: Natural; Material type: Unconsolidated Mixture; Material subtypes: Particulate; Atlas type: rake; Atlas lithology: soil; Parent source: atlas_sample_id",subsample_or_fraction,yes,https://www.lpi.usra.edu/lunar/samples/atlas/detail/?mission=Apollo%2016&sample=62231,
835,62231,58,-99.0,no,cils151,LS-BWD-151,62231.58 agglutinates 125-250 um (magnetically-separated and hand-picked),none,,,,,rake,soil,"Highland, Agglutinate","RELAB specimen: 62231.58 agglutinates 125-250 um (magnetically-separated and hand-picked); RELAB description: Highland, Agglutinate; Collection: Apollo 16 site, Station 2, Moon; Specimen type: Returned Lunar Sample; Material origin: Natural; Material type: Unconsolidated Mixture; Material subtypes: Particulate; Atlas type: rake; Atlas lithology: soil; Parent source: atlas_sample_id",subsample_or_fraction,yes,https://www.lpi.usra.edu/lunar/samples/atlas/detail/?mission=Apollo%2016&sample=62231,
836,62231,58,-99.0,no,cils159,LS-BWD-159,62231.58 low-agglutinate remnant 125-250 um,none,,,,,rake,soil,62231.58 low-agglutinate remnant 125-250 um,"RELAB specimen: 62231.58 low-agglutinate remnant 125-250 um; RELAB description: Remnant after agglutinates removed from Apollo 16 highland soil; Collection: Apollo 16 site, Station 2, Moon; Specimen type: Returned Lunar Sample; Material origin: Natural; Material type: Unconsolidated Mixture; Material subtypes: Particulate; Atlas type: rake; Atlas lithology: soil; Parent source: atlas_sample_id",subsample_or_fraction,yes,https://www.lpi.usra.edu/lunar/samples/atlas/detail/?mission=Apollo%2016&sample=62231,
837,62231,58,-99.0,no,cjls140,LS-BWD-140,62231.58 bulk 125-250 um,none,,,,,rake,soil,,"RELAB specimen: 62231.58 bulk 125-250 um; RELAB description: Highland, Bulk; Collection: Apollo 16 site, Station 2, Moon; Specimen type: Returned Lunar Sample; Material origin: Natural; Material type: Unconsolidated Mixture; Material subtypes: Particulate; Atlas type: rake; Atlas lithology: soil; Parent source: atlas_sample_id",subsample_or_fraction,yes,https://www.lpi.usra.edu/lunar/samples/atlas/detail/?mission=Apollo%2016&sample=62231,
838,62231,58,-99.0,no,cjls151,LS-BWD-151,62231.58 agglutinates 125-250 um (magnetically-separated and hand-picked),none,,,,,rake,soil,"Highland, Agglutinate","RELAB specimen: 62231.58 agglutinates 125-250 um (magnetically-separated and hand-picked); RELAB description: Highland, Agglutinate; Collection: Apollo 16 site, Station 2, Moon; Specimen type: Returned Lunar Sample; Material origin: Natural; Material type: Unconsolidated Mixture; Material subtypes: Particulate; Atlas type: rake; Atlas lithology: soil; Parent source: atlas_sample_id",subsample_or_fraction,yes,https://www.lpi.usra.edu/lunar/samples/atlas/detail/?mission=Apollo%2016&sample=62231,
839,62231,58,-99.0,no,cjls159,LS-BWD-159,62231.58 low-agglutinate remnant 125-250 um,none,,,,,rake,soil,62231.58 low-agglutinate remnant 125-250 um,"RELAB specimen: 62231.58 low-agglutinate remnant 125-250 um; RELAB description: Remnant after agglutinates removed from Apollo 16 highland soil; Collection: Apollo 16 site, Station 2, Moon; Specimen type: Returned Lunar Sample; Material origin: Natural; Material type: Unconsolidated Mixture; Material subtypes: Particulate; Atlas type: rake; Atlas lithology: soil; Parent source: atlas_sample_id",subsample_or_fraction,yes,https://www.lpi.usra.edu/lunar/samples/atlas/detail/?mission=Apollo%2016&sample=62231,
840,62231,58,-99.0,no,ckls140,LS-BWD-140,62231.58 bulk 125-250 um,none,,,,,rake,soil,,"RELAB specimen: 62231.58 bulk 125-250 um; RELAB description: Highland, Bulk; Collection: Apollo 16 site, Station 2, Moon; Specimen type: Returned Lunar Sample; Material origin: Natural; Material type: Unconsolidated Mixture; Material subtypes: Particulate; Atlas type: rake; Atlas lithology: soil; Parent source: atlas_sample_id",subsample_or_fraction,yes,https://www.lpi.usra.edu/lunar/samples/atlas/detail/?mission=Apollo%2016&sample=62231,
841,62231,58,-99.0,no,csls151,LS-BWD-151,62231.58 agglutinates 125-250 um (magnetically-separated and hand-picked),none,,,,,rake,soil,"Highland, Agglutinate","RELAB specimen: 62231.58 agglutinates 125-250 um (magnetically-separated and hand-picked); RELAB description: Highland, Agglutinate; Collection: Apollo 16 site, Station 2, Moon; Specimen type: Returned Lunar Sample; Material origin: Natural; Material type: Unconsolidated Mixture; Material subtypes: Particulate; Atlas type: rake; Atlas lithology: soil; Parent source: atlas_sample_id",subsample_or_fraction,yes,https://www.lpi.usra.edu/lunar/samples/atlas/detail/?mission=Apollo%2016&sample=62231,
842,62231,58,-99.0,no,csls159,LS-BWD-159,62231.58 low-agglutinate remnant 125-250 um,none,,,,,rake,soil,62231.58 low-agglutinate remnant 125-250 um,"RELAB specimen: 62231.58 low-agglutinate remnant 125-250 um; RELAB description: Remnant after agglutinates removed from Apollo 16 highland soil; Collection: Apollo 16 site, Station 2, Moon; Specimen type: Returned Lunar Sample; Material origin: Natural; Material type: Unconsolidated Mixture; Material subtypes: Particulate; Atlas type: rake; Atlas lithology: soil; Parent source: atlas_sample_id",subsample_or_fraction,yes,https://www.lpi.usra.edu/lunar/samples/atlas/detail/?mission=Apollo%2016&sample=62231,
843,62231,58,-99.0,no,cvls140,LS-BWD-140,62231.58 bulk 125-250 um,none,,,,,rake,soil,,"RELAB specimen: 62231.58 bulk 125-250 um; RELAB description: Highland, Bulk; Collection: Apollo 16 site, Station 2, Moon; Specimen type: Returned Lunar Sample; Material origin: Natural; Material type: Unconsolidated Mixture; Material subtypes: Particulate; Atlas type: rake; Atlas lithology: soil; Parent source: atlas_sample_id",subsample_or_fraction,yes,https://www.lpi.usra.edu/lunar/samples/atlas/detail/?mission=Apollo%2016&sample=62231,
844,62231,58,-99.0,no,cvls151,LS-BWD-151,62231.58 agglutinates 125-250 um (magnetically-separated and hand-picked),none,,,,,rake,soil,"Highland, Agglutinate","RELAB specimen: 62231.58 agglutinates 125-250 um (magnetically-separated and hand-picked); RELAB description: Highland, Agglutinate; Collection: Apollo 16 site, Station 2, Moon; Specimen type: Returned Lunar Sample; Material origin: Natural; Material type: Unconsolidated Mixture; Material subtypes: Particulate; Atlas type: rake; Atlas lithology: soil; Parent source: atlas_sample_id",subsample_or_fraction,yes,https://www.lpi.usra.edu/lunar/samples/atlas/detail/?mission=Apollo%2016&sample=62231,
845,62231,58,-99.0,no,cvls159,LS-BWD-159,62231.58 low-agglutinate remnant 125-250 um,none,,,,,rake,soil,62231.58 low-agglutinate remnant 125-250 um,"RELAB specimen: 62231.58 low-agglutinate remnant 125-250 um; RELAB description: Remnant after agglutinates removed from Apollo 16 highland soil; Collection: Apollo 16 site, Station 2, Moon; Specimen type: Returned Lunar Sample; Material origin: Natural; Material type: Unconsolidated Mixture; Material subtypes: Particulate; Atlas type: rake; Atlas lithology: soil; Parent source: atlas_sample_id",subsample_or_fraction,yes,https://www.lpi.usra.edu/lunar/samples/atlas/detail/?mission=Apollo%2016&sample=62231,
846,62231,58,-99.0,no,cwls151,LS-BWD-151,62231.58 agglutinates 125-250 um (magnetically-separated and hand-picked),none,,,,,rake,soil,"Highland, Agglutinate","RELAB specimen: 62231.58 agglutinates 125-250 um (magnetically-separated and hand-picked); RELAB description: Highland, Agglutinate; Collection: Apollo 16 site, Station 2, Moon; Specimen type: Returned Lunar Sample; Material origin: Natural; Material type: Unconsolidated Mixture; Material subtypes: Particulate; Atlas type: rake; Atlas lithology: soil; Parent source: atlas_sample_id",subsample_or_fraction,yes,https://www.lpi.usra.edu/lunar/samples/atlas/detail/?mission=Apollo%2016&sample=62231,
847,62231,58,-99.0,no,kals140,LS-BWD-140,62231.58 bulk 125-250 um,none,,,,,rake,soil,,"RELAB specimen: 62231.58 bulk 125-250 um; RELAB description: Highland, Bulk; Collection: Apollo 16 site, Station 2, Moon; Specimen type: Returned Lunar Sample; Material origin: Natural; Material type: Unconsolidated Mixture; Material subtypes: Particulate; Atlas type: rake; Atlas lithology: soil; Parent source: atlas_sample_id",subsample_or_fraction,yes,https://www.lpi.usra.edu/lunar/samples/atlas/detail/?mission=Apollo%2016&sample=62231,
848,62231,58,-99.0,no,kals151,LS-BWD-151,62231.58 agglutinates 125-250 um (magnetically-separated and hand-picked),none,,,,,rake,soil,"Highland, Agglutinate","RELAB specimen: 62231.58 agglutinates 125-250 um (magnetically-separated and hand-picked); RELAB description: Highland, Agglutinate; Collection: Apollo 16 site, Station 2, Moon; Specimen type: Returned Lunar Sample; Material origin: Natural; Material type: Unconsolidated Mixture; Material subtypes: Particulate; Atlas type: rake; Atlas lithology: soil; Parent source: atlas_sample_id",subsample_or_fraction,yes,https://www.lpi.usra.edu/lunar/samples/atlas/detail/?mission=Apollo%2016&sample=62231,
849,62231,58,-99.0,no,kals159,LS-BWD-159,62231.58 low-agglutinate remnant 125-250 um,none,,,,,rake,soil,62231.58 low-agglutinate remnant 125-250 um,"RELAB specimen: 62231.58 low-agglutinate remnant 125-250 um; RELAB description: Remnant after agglutinates removed from Apollo 16 highland soil; Collection: Apollo 16 site, Station 2, Moon; Specimen type: Returned Lunar Sample; Material origin: Natural; Material type: Unconsolidated Mixture; Material subtypes: Particulate; Atlas type: rake; Atlas lithology: soil; Parent source: atlas_sample_id",subsample_or_fraction,yes,https://www.lpi.usra.edu/lunar/samples/atlas/detail/?mission=Apollo%2016&sample=62231,
850,62231,58,-99.0,no,kbls140,LS-BWD-140,62231.58 bulk 125-250 um,none,,,,,rake,soil,,"RELAB specimen: 62231.58 bulk 125-250 um; RELAB description: Highland, Bulk; Collection: Apollo 16 site, Station 2, Moon; Specimen type: Returned Lunar Sample; Material origin: Natural; Material type: Unconsolidated Mixture; Material subtypes: Particulate; Atlas type: rake; Atlas lithology: soil; Parent source: atlas_sample_id",subsample_or_fraction,yes,https://www.lpi.usra.edu/lunar/samples/atlas/detail/?mission=Apollo%2016&sample=62231,
851,62231,58,-99.0,no,kbls151,LS-BWD-151,62231.58 agglutinates 125-250 um (magnetically-separated and hand-picked),none,,,,,rake,soil,"Highland, Agglutinate","RELAB specimen: 62231.58 agglutinates 125-250 um (magnetically-separated and hand-picked); RELAB description: Highland, Agglutinate; Collection: Apollo 16 site, Station 2, Moon; Specimen type: Returned Lunar Sample; Material origin: Natural; Material type: Unconsolidated Mixture; Material subtypes: Particulate; Atlas type: rake; Atlas lithology: soil; Parent source: atlas_sample_id",subsample_or_fraction,yes,https://www.lpi.usra.edu/lunar/samples/atlas/detail/?mission=Apollo%2016&sample=62231,
852,62231,58,-99.0,no,kbls159,LS-BWD-159,62231.58 low-agglutinate remnant 125-250 um,none,,,,,rake,soil,62231.58 low-agglutinate remnant 125-250 um,"RELAB specimen: 62231.58 low-agglutinate remnant 125-250 um; RELAB description: Remnant after agglutinates removed from Apollo 16 highland soil; Collection: Apollo 16 site, Station 2, Moon; Specimen type: Returned Lunar Sample; Material origin: Natural; Material type: Unconsolidated Mixture; Material subtypes: Particulate; Atlas type: rake; Atlas lithology: soil; Parent source: atlas_sample_id",subsample_or_fraction,yes,https://www.lpi.usra.edu/lunar/samples/atlas/detail/?mission=Apollo%2016&sample=62231,
853,62231,58,-99.0,no,kcls140,LS-BWD-140,62231.58 bulk 125-250 um,none,,,,,rake,soil,,"RELAB specimen: 62231.58 bulk 125-250 um; RELAB description: Highland, Bulk; Collection: Apollo 16 site, Station 2, Moon; Specimen type: Returned Lunar Sample; Material origin: Natural; Material type: Unconsolidated Mixture; Material subtypes: Particulate; Atlas type: rake; Atlas lithology: soil; Parent source: atlas_sample_id",subsample_or_fraction,yes,https://www.lpi.usra.edu/lunar/samples/atlas/detail/?mission=Apollo%2016&sample=62231,
854,62231,58,-99.0,no,kcls151,LS-BWD-151,62231.58 agglutinates 125-250 um (magnetically-separated and hand-picked),none,,,,,rake,soil,"Highland, Agglutinate","RELAB specimen: 62231.58 agglutinates 125-250 um (magnetically-separated and hand-picked); RELAB description: Highland, Agglutinate; Collection: Apollo 16 site, Station 2, Moon; Specimen type: Returned Lunar Sample; Material origin: Natural; Material type: Unconsolidated Mixture; Material subtypes: Particulate; Atlas type: rake; Atlas lithology: soil; Parent source: atlas_sample_id",subsample_or_fraction,yes,https://www.lpi.usra.edu/lunar/samples/atlas/detail/?mission=Apollo%2016&sample=62231,
855,62231,58,-99.0,no,kcls159,LS-BWD-159,62231.58 low-agglutinate remnant 125-250 um,none,,,,,rake,soil,62231.58 low-agglutinate remnant 125-250 um,"RELAB specimen: 62231.58 low-agglutinate remnant 125-250 um; RELAB description: Remnant after agglutinates removed from Apollo 16 highland soil; Collection: Apollo 16 site, Station 2, Moon; Specimen type: Returned Lunar Sample; Material origin: Natural; Material type: Unconsolidated Mixture; Material subtypes: Particulate; Atlas type: rake; Atlas lithology: soil; Parent source: atlas_sample_id",subsample_or_fraction,yes,https://www.lpi.usra.edu/lunar/samples/atlas/detail/?mission=Apollo%2016&sample=62231,
856,62231,58,-99.0,no,kdls140,LS-BWD-140,62231.58 bulk 125-250 um,none,,,,,rake,soil,,"RELAB specimen: 62231.58 bulk 125-250 um; RELAB description: Highland, Bulk; Collection: Apollo 16 site, Station 2, Moon; Specimen type: Returned Lunar Sample; Material origin: Natural; Material type: Unconsolidated Mixture; Material subtypes: Particulate; Atlas type: rake; Atlas lithology: soil; Parent source: atlas_sample_id",subsample_or_fraction,yes,https://www.lpi.usra.edu/lunar/samples/atlas/detail/?mission=Apollo%2016&sample=62231,
857,62231,58,-99.0,no,kdls151,LS-BWD-151,62231.58 agglutinates 125-250 um (magnetically-separated and hand-picked),none,,,,,rake,soil,"Highland, Agglutinate","RELAB specimen: 62231.58 agglutinates 125-250 um (magnetically-separated and hand-picked); RELAB description: Highland, Agglutinate; Collection: Apollo 16 site, Station 2, Moon; Specimen type: Returned Lunar Sample; Material origin: Natural; Material type: Unconsolidated Mixture; Material subtypes: Particulate; Atlas type: rake; Atlas lithology: soil; Parent source: atlas_sample_id",subsample_or_fraction,yes,https://www.lpi.usra.edu/lunar/samples/atlas/detail/?mission=Apollo%2016&sample=62231,
858,62231,58,-99.0,no,kdls159,LS-BWD-159,62231.58 low-agglutinate remnant 125-250 um,none,,,,,rake,soil,62231.58 low-agglutinate remnant 125-250 um,"RELAB specimen: 62231.58 low-agglutinate remnant 125-250 um; RELAB description: Remnant after agglutinates removed from Apollo 16 highland soil; Collection: Apollo 16 site, Station 2, Moon; Specimen type: Returned Lunar Sample; Material origin: Natural; Material type: Unconsolidated Mixture; Material subtypes: Particulate; Atlas type: rake; Atlas lithology: soil; Parent source: atlas_sample_id",subsample_or_fraction,yes,https://www.lpi.usra.edu/lunar/samples/atlas/detail/?mission=Apollo%2016&sample=62231,
859,62231,58,-99.0,no,kels140,LS-BWD-140,62231.58 bulk 125-250 um,none,,,,,rake,soil,,"RELAB specimen: 62231.58 bulk 125-250 um; RELAB description: Highland, Bulk; Collection: Apollo 16 site, Station 2, Moon; Specimen type: Returned Lunar Sample; Material origin: Natural; Material type: Unconsolidated Mixture; Material subtypes: Particulate; Atlas type: rake; Atlas lithology: soil; Parent source: atlas_sample_id",subsample_or_fraction,yes,https://www.lpi.usra.edu/lunar/samples/atlas/detail/?mission=Apollo%2016&sample=62231,
860,62231,58,-99.0,no,kels151,LS-BWD-151,62231.58 agglutinates 125-250 um (magnetically-separated and hand-picked),none,,,,,rake,soil,"Highland, Agglutinate","RELAB specimen: 62231.58 agglutinates 125-250 um (magnetically-separated and hand-picked); RELAB description: Highland, Agglutinate; Collection: Apollo 16 site, Station 2, Moon; Specimen type: Returned Lunar Sample; Material origin: Natural; Material type: Unconsolidated Mixture; Material subtypes: Particulate; Atlas type: rake; Atlas lithology: soil; Parent source: atlas_sample_id",subsample_or_fraction,yes,https://www.lpi.usra.edu/lunar/samples/atlas/detail/?mission=Apollo%2016&sample=62231,
861,62231,58,-99.0,no,kels159,LS-BWD-159,62231.58 low-agglutinate remnant 125-250 um,none,,,,,rake,soil,62231.58 low-agglutinate remnant 125-250 um,"RELAB specimen: 62231.58 low-agglutinate remnant 125-250 um; RELAB description: Remnant after agglutinates removed from Apollo 16 highland soil; Collection: Apollo 16 site, Station 2, Moon; Specimen type: Returned Lunar Sample; Material origin: Natural; Material type: Unconsolidated Mixture; Material subtypes: Particulate; Atlas type: rake; Atlas lithology: soil; Parent source: atlas_sample_id",subsample_or_fraction,yes,https://www.lpi.usra.edu/lunar/samples/atlas/detail/?mission=Apollo%2016&sample=62231,
862,62231,58,-99.0,no,kfls140,LS-BWD-140,62231.58 bulk 125-250 um,none,,,,,rake,soil,,"RELAB specimen: 62231.58 bulk 125-250 um; RELAB description: Highland, Bulk; Collection: Apollo 16 site, Station 2, Moon; Specimen type: Returned Lunar Sample; Material origin: Natural; Material type: Unconsolidated Mixture; Material subtypes: Particulate; Atlas type: rake; Atlas lithology: soil; Parent source: atlas_sample_id",subsample_or_fraction,yes,https://www.lpi.usra.edu/lunar/samples/atlas/detail/?mission=Apollo%2016&sample=62231,
863,62231,58,-99.0,no,kfls151,LS-BWD-151,62231.58 agglutinates 125-250 um (magnetically-separated and hand-picked),none,,,,,rake,soil,"Highland, Agglutinate","RELAB specimen: 62231.58 agglutinates 125-250 um (magnetically-separated and hand-picked); RELAB description: Highland, Agglutinate; Collection: Apollo 16 site, Station 2, Moon; Specimen type: Returned Lunar Sample; Material origin: Natural; Material type: Unconsolidated Mixture; Material subtypes: Particulate; Atlas type: rake; Atlas lithology: soil; Parent source: atlas_sample_id",subsample_or_fraction,yes,https://www.lpi.usra.edu/lunar/samples/atlas/detail/?mission=Apollo%2016&sample=62231,
864,62231,58,-99.0,no,kfls159,LS-BWD-159,62231.58 low-agglutinate remnant 125-250 um,none,,,,,rake,soil,62231.58 low-agglutinate remnant 125-250 um,"RELAB specimen: 62231.58 low-agglutinate remnant 125-250 um; RELAB description: Remnant after agglutinates removed from Apollo 16 highland soil; Collection: Apollo 16 site, Station 2, Moon; Specimen type: Returned Lunar Sample; Material origin: Natural; Material type: Unconsolidated Mixture; Material subtypes: Particulate; Atlas type: rake; Atlas lithology: soil; Parent source: atlas_sample_id",subsample_or_fraction,yes,https://www.lpi.usra.edu/lunar/samples/atlas/detail/?mission=Apollo%2016&sample=62231,
865,62231,58,-99.0,no,kgls140,LS-BWD-140,62231.58 bulk 125-250 um,none,,,,,rake,soil,,"RELAB specimen: 62231.58 bulk 125-250 um; RELAB description: Highland, Bulk; Collection: Apollo 16 site, Station 2, Moon; Specimen type: Returned Lunar Sample; Material origin: Natural; Material type: Unconsolidated Mixture; Material subtypes: Particulate; Atlas type: rake; Atlas lithology: soil; Parent source: atlas_sample_id",subsample_or_fraction,yes,https://www.lpi.usra.edu/lunar/samples/atlas/detail/?mission=Apollo%2016&sample=62231,
866,62231,58,-99.0,no,kgls151,LS-BWD-151,62231.58 agglutinates 125-250 um (magnetically-separated and hand-picked),none,,,,,rake,soil,"Highland, Agglutinate","RELAB specimen: 62231.58 agglutinates 125-250 um (magnetically-separated and hand-picked); RELAB description: Highland, Agglutinate; Collection: Apollo 16 site, Station 2, Moon; Specimen type: Returned Lunar Sample; Material origin: Natural; Material type: Unconsolidated Mixture; Material subtypes: Particulate; Atlas type: rake; Atlas lithology: soil; Parent source: atlas_sample_id",subsample_or_fraction,yes,https://www.lpi.usra.edu/lunar/samples/atlas/detail/?mission=Apollo%2016&sample=62231,
867,62231,58,-99.0,no,kgls159,LS-BWD-159,62231.58 low-agglutinate remnant 125-250 um,none,,,,,rake,soil,62231.58 low-agglutinate remnant 125-250 um,"RELAB specimen: 62231.58 low-agglutinate remnant 125-250 um; RELAB description: Remnant after agglutinates removed from Apollo 16 highland soil; Collection: Apollo 16 site, Station 2, Moon; Specimen type: Returned Lunar Sample; Material origin: Natural; Material type: Unconsolidated Mixture; Material subtypes: Particulate; Atlas type: rake; Atlas lithology: soil; Parent source: atlas_sample_id",subsample_or_fraction,yes,https://www.lpi.usra.edu/lunar/samples/atlas/detail/?mission=Apollo%2016&sample=62231,
868,62231,58,-99.0,no,khls140,LS-BWD-140,62231.58 bulk 125-250 um,none,,,,,rake,soil,,"RELAB specimen: 62231.58 bulk 125-250 um; RELAB description: Highland, Bulk; Collection: Apollo 16 site, Station 2, Moon; Specimen type: Returned Lunar Sample; Material origin: Natural; Material type: Unconsolidated Mixture; Material subtypes: Particulate; Atlas type: rake; Atlas lithology: soil; Parent source: atlas_sample_id",subsample_or_fraction,yes,https://www.lpi.usra.edu/lunar/samples/atlas/detail/?mission=Apollo%2016&sample=62231,
869,62231,58,-99.0,no,khls151,LS-BWD-151,62231.58 agglutinates 125-250 um (magnetically-separated and hand-picked),none,,,,,rake,soil,"Highland, Agglutinate","RELAB specimen: 62231.58 agglutinates 125-250 um (magnetically-separated and hand-picked); RELAB description: Highland, Agglutinate; Collection: Apollo 16 site, Station 2, Moon; Specimen type: Returned Lunar Sample; Material origin: Natural; Material type: Unconsolidated Mixture; Material subtypes: Particulate; Atlas type: rake; Atlas lithology: soil; Parent source: atlas_sample_id",subsample_or_fraction,yes,https://www.lpi.usra.edu/lunar/samples/atlas/detail/?mission=Apollo%2016&sample=62231,
870,62231,58,-99.0,no,khls159,LS-BWD-159,62231.58 low-agglutinate remnant 125-250 um,none,,,,,rake,soil,62231.58 low-agglutinate remnant 125-250 um,"RELAB specimen: 62231.58 low-agglutinate remnant 125-250 um; RELAB description: Remnant after agglutinates removed from Apollo 16 highland soil; Collection: Apollo 16 site, Station 2, Moon; Specimen type: Returned Lunar Sample; Material origin: Natural; Material type: Unconsolidated Mixture; Material subtypes: Particulate; Atlas type: rake; Atlas lithology: soil; Parent source: atlas_sample_id",subsample_or_fraction,yes,https://www.lpi.usra.edu/lunar/samples/atlas/detail/?mission=Apollo%2016&sample=62231,
871,62231,58,-99.0,no,kils140,LS-BWD-140,62231.58 bulk 125-250 um,none,,,,,rake,soil,,"RELAB specimen: 62231.58 bulk 125-250 um; RELAB description: Highland, Bulk; Collection: Apollo 16 site, Station 2, Moon; Specimen type: Returned Lunar Sample; Material origin: Natural; Material type: Unconsolidated Mixture; Material subtypes: Particulate; Atlas type: rake; Atlas lithology: soil; Parent source: atlas_sample_id",subsample_or_fraction,yes,https://www.lpi.usra.edu/lunar/samples/atlas/detail/?mission=Apollo%2016&sample=62231,
872,62231,58,-99.0,no,kils151,LS-BWD-151,62231.58 agglutinates 125-250 um (magnetically-separated and hand-picked),none,,,,,rake,soil,"Highland, Agglutinate","RELAB specimen: 62231.58 agglutinates 125-250 um (magnetically-separated and hand-picked); RELAB description: Highland, Agglutinate; Collection: Apollo 16 site, Station 2, Moon; Specimen type: Returned Lunar Sample; Material origin: Natural; Material type: Unconsolidated Mixture; Material subtypes: Particulate; Atlas type: rake; Atlas lithology: soil; Parent source: atlas_sample_id",subsample_or_fraction,yes,https://www.lpi.usra.edu/lunar/samples/atlas/detail/?mission=Apollo%2016&sample=62231,
873,62231,58,-99.0,no,kils159,LS-BWD-159,62231.58 low-agglutinate remnant 125-250 um,none,,,,,rake,soil,62231.58 low-agglutinate remnant 125-250 um,"RELAB specimen: 62231.58 low-agglutinate remnant 125-250 um; RELAB description: Remnant after agglutinates removed from Apollo 16 highland soil; Collection: Apollo 16 site, Station 2, Moon; Specimen type: Returned Lunar Sample; Material origin: Natural; Material type: Unconsolidated Mixture; Material subtypes: Particulate; Atlas type: rake; Atlas lithology: soil; Parent source: atlas_sample_id",subsample_or_fraction,yes,https://www.lpi.usra.edu/lunar/samples/atlas/detail/?mission=Apollo%2016&sample=62231,
874,62231,58,-99.0,no,kjls140,LS-BWD-140,62231.58 bulk 125-250 um,none,,,,,rake,soil,,"RELAB specimen: 62231.58 bulk 125-250 um; RELAB description: Highland, Bulk; Collection: Apollo 16 site, Station 2, Moon; Specimen type: Returned Lunar Sample; Material origin: Natural; Material type: Unconsolidated Mixture; Material subtypes: Particulate; Atlas type: rake; Atlas lithology: soil; Parent source: atlas_sample_id",subsample_or_fraction,yes,https://www.lpi.usra.edu/lunar/samples/atlas/detail/?mission=Apollo%2016&sample=62231,
875,62231,58,-99.0,no,kjls151,LS-BWD-151,62231.58 agglutinates 125-250 um (magnetically-separated and hand-picked),none,,,,,rake,soil,"Highland, Agglutinate","RELAB specimen: 62231.58 agglutinates 125-250 um (magnetically-separated and hand-picked); RELAB description: Highland, Agglutinate; Collection: Apollo 16 site, Station 2, Moon; Specimen type: Returned Lunar Sample; Material origin: Natural; Material type: Unconsolidated Mixture; Material subtypes: Particulate; Atlas type: rake; Atlas lithology: soil; Parent source: atlas_sample_id",subsample_or_fraction,yes,https://www.lpi.usra.edu/lunar/samples/atlas/detail/?mission=Apollo%2016&sample=62231,
876,62231,58,-99.0,no,kjls159,LS-BWD-159,62231.58 low-agglutinate remnant 125-250 um,none,,,,,rake,soil,62231.58 low-agglutinate remnant 125-250 um,"RELAB specimen: 62231.58 low-agglutinate remnant 125-250 um; RELAB description: Remnant after agglutinates removed from Apollo 16 highland soil; Collection: Apollo 16 site, Station 2, Moon; Specimen type: Returned Lunar Sample; Material origin: Natural; Material type: Unconsolidated Mixture; Material subtypes: Particulate; Atlas type: rake; Atlas lithology: soil; Parent source: atlas_sample_id",subsample_or_fraction,yes,https://www.lpi.usra.edu/lunar/samples/atlas/detail/?mission=Apollo%2016&sample=62231,
877,62231,58,-99.0,no,kkls140,LS-BWD-140,62231.58 bulk 125-250 um,none,,,,,rake,soil,,"RELAB specimen: 62231.58 bulk 125-250 um; RELAB description: Highland, Bulk; Collection: Apollo 16 site, Station 2, Moon; Specimen type: Returned Lunar Sample; Material origin: Natural; Material type: Unconsolidated Mixture; Material subtypes: Particulate; Atlas type: rake; Atlas lithology: soil; Parent source: atlas_sample_id",subsample_or_fraction,yes,https://www.lpi.usra.edu/lunar/samples/atlas/detail/?mission=Apollo%2016&sample=62231,
878,62231,58,-99.0,no,ksls151,LS-BWD-151,62231.58 agglutinates 125-250 um (magnetically-separated and hand-picked),none,,,,,rake,soil,"Highland, Agglutinate","RELAB specimen: 62231.58 agglutinates 125-250 um (magnetically-separated and hand-picked); RELAB description: Highland, Agglutinate; Collection: Apollo 16 site, Station 2, Moon; Specimen type: Returned Lunar Sample; Material origin: Natural; Material type: Unconsolidated Mixture; Material subtypes: Particulate; Atlas type: rake; Atlas lithology: soil; Parent source: atlas_sample_id",subsample_or_fraction,yes,https://www.lpi.usra.edu/lunar/samples/atlas/detail/?mission=Apollo%2016&sample=62231,
879,62231,58,-99.0,no,ksls159,LS-BWD-159,62231.58 low-agglutinate remnant 125-250 um,none,,,,,rake,soil,62231.58 low-agglutinate remnant 125-250 um,"RELAB specimen: 62231.58 low-agglutinate remnant 125-250 um; RELAB description: Remnant after agglutinates removed from Apollo 16 highland soil; Collection: Apollo 16 site, Station 2, Moon; Specimen type: Returned Lunar Sample; Material origin: Natural; Material type: Unconsolidated Mixture; Material subtypes: Particulate; Atlas type: rake; Atlas lithology: soil; Parent source: atlas_sample_id",subsample_or_fraction,yes,https://www.lpi.usra.edu/lunar/samples/atlas/detail/?mission=Apollo%2016&sample=62231,
880,62241,21,-99.0,no,bir1lr183,LR-CMP-183,"62241,21 plagioclase B",none,,,,,,,"Silicate (Tecto), Feldspar Plagioclase, Plagioclase separate from mature highland soil 62240","RELAB specimen: 62241,21 plagioclase B; RELAB description: Silicate (Tecto), Feldspar Plagioclase, Plagioclase separate from mature highland soil 62240; Collection: Apollo 16 site, Moon; Specimen type: Returned Lunar Sample; Material origin: Natural; Material type: Mineral; Material subtypes: Particulate|Particulate Ground Sorted; Parent source: atlas_sample_id",subsample_or_fraction,yes,https://www.lpi.usra.edu/lunar/samples/atlas/detail/?mission=Apollo%2016&sample=62241,
881,62241,21,-99.0,no,bir1lr223,LR-CMP-223,"62241,21 plagioclase D <45 um",none,,,,,,,"Silicate (Tecto), Feldspar Plagioclase, Plagioclase separate from mature highland soil 62240","RELAB specimen: 62241,21 plagioclase D <45 um; RELAB description: Silicate (Tecto), Feldspar Plagioclase, Plagioclase separate from mature highland soil 62240; Collection: Apollo 16 site, Moon; Specimen type: Returned Lunar Sample; Material origin: Natural; Material type: Mineral; Material subtypes: Particulate|Particulate Ground Sorted; Parent source: atlas_sample_id",subsample_or_fraction,yes,https://www.lpi.usra.edu/lunar/samples/atlas/detail/?mission=Apollo%2016&sample=62241,
882,62241,21,-99.0,no,c1lr183,LR-CMP-183,"62241,21 plagioclase B",none,,,,,,,"Silicate (Tecto), Feldspar Plagioclase, Plagioclase separate from mature highland soil 62240","RELAB specimen: 62241,21 plagioclase B; RELAB description: Silicate (Tecto), Feldspar Plagioclase, Plagioclase separate from mature highland soil 62240; Collection: Apollo 16 site, Moon; Specimen type: Returned Lunar Sample; Material origin: Natural; Material type: Mineral; Material subtypes: Particulate|Particulate Ground Sorted; Parent source: atlas_sample_id",subsample_or_fraction,yes,https://www.lpi.usra.edu/lunar/samples/atlas/detail/?mission=Apollo%2016&sample=62241,
883,62241,21,-99.0,no,c1lr223,LR-CMP-223,"62241,21 plagioclase D <45 um",none,,,,,,,"Silicate (Tecto), Feldspar Plagioclase, Plagioclase separate from mature highland soil 62240","RELAB specimen: 62241,21 plagioclase D <45 um; RELAB description: Silicate (Tecto), Feldspar Plagioclase, Plagioclase separate from mature highland soil 62240; Collection: Apollo 16 site, Moon; Specimen type: Returned Lunar Sample; Material origin: Natural; Material type: Mineral; Material subtypes: Particulate|Particulate Ground Sorted; Parent source: atlas_sample_id",subsample_or_fraction,yes,https://www.lpi.usra.edu/lunar/samples/atlas/detail/?mission=Apollo%2016&sample=62241,
884,62241,21,0.12,yes,bir1lr151,LR-CMP-151,"62241,21 plagioclase",explicit_reference,lr-cmp-151_specimenchemistry,LR-CMP-151,Plagioclase,"PGI, Taylor et al.",,,"Silicate (Tecto), Feldspar Plagioclase, Plagioclase separate from mature highland soil 62240","RELAB specimen: 62241,21 plagioclase; RELAB description: Silicate (Tecto), Feldspar Plagioclase, Plagioclase separate from mature highland soil 62240; Collection: Apollo 16 site, Moon; Specimen type: Returned Lunar Sample; Material origin: Natural; Material type: Mineral; Material subtypes: Particulate|Particulate Sorted; Chemistry phase: Plagioclase; Parent source: atlas_sample_id",subsample_or_fraction,yes,https://www.lpi.usra.edu/lunar/samples/atlas/detail/?mission=Apollo%2016&sample=62241,
885,62281,73,-99.0,no,bir1ls107,LS-GJT-107,"62281,73 <150 um",none,,,,,,soil,,"RELAB specimen: 62281,73 <150 um; RELAB description: Highland, Bulk,; Collection: Apollo 16 site, Moon; Specimen type: Returned Lunar Sample; Material origin: Natural; Material type: Unconsolidated Mixture; Material subtypes: Particulate|Particulate Sorted|Highland; Atlas lithology: soil; Parent source: atlas_sample_id",subsample_or_fraction,yes,https://www.lpi.usra.edu/lunar/samples/atlas/detail/?mission=Apollo%2016&sample=62281,
886,62281,73,-99.0,no,c1ls107,LS-GJT-107,"62281,73 <150 um",none,,,,,,soil,,"RELAB specimen: 62281,73 <150 um; RELAB description: Highland, Bulk,; Collection: Apollo 16 site, Moon; Specimen type: Returned Lunar Sample; Material origin: Natural; Material type: Unconsolidated Mixture; Material subtypes: Particulate|Particulate Sorted|Highland; Atlas lithology: soil; Parent source: atlas_sample_id",subsample_or_fraction,yes,https://www.lpi.usra.edu/lunar/samples/atlas/detail/?mission=Apollo%2016&sample=62281,
887,63341,83,-99.0,no,bir1ls108,LS-GJT-108,"63341,83 <150 um",none,,,,,,soil,,"RELAB specimen: 63341,83 <150 um; RELAB description: Highland, Bulk,; Collection: Apollo 16 site, Moon; Specimen type: Returned Lunar Sample; Material origin: Natural; Material type: Unconsolidated Mixture; Material subtypes: Particulate|Particulate Sorted|Highland; Atlas lithology: soil; Parent source: atlas_sample_id",subsample_or_fraction,yes,https://www.lpi.usra.edu/lunar/samples/atlas/detail/?mission=Apollo%2016&sample=63341,
888,63341,83,-99.0,no,c1ls108,LS-GJT-108,"63341,83 <150 um",none,,,,,,soil,,"RELAB specimen: 63341,83 <150 um; RELAB description: Highland, Bulk,; Collection: Apollo 16 site, Moon; Specimen type: Returned Lunar Sample; Material origin: Natural; Material type: Unconsolidated Mixture; Material subtypes: Particulate|Particulate Sorted|Highland; Atlas lithology: soil; Parent source: atlas_sample_id",subsample_or_fraction,yes,https://www.lpi.usra.edu/lunar/samples/atlas/detail/?mission=Apollo%2016&sample=63341,
889,63501,20,-99.0,no,bir1ls109,LS-GJT-109,"63501,20 <150 um",none,,,,,,,,"RELAB specimen: 63501,20 <150 um; RELAB description: Highland, Bulk,; Collection: Apollo 16 site, Moon; Specimen type: Returned Lunar Sample; Material origin: Natural; Material type: Unconsolidated Mixture; Material subtypes: Particulate|Particulate Sorted|Highland; Parent source: atlas_sample_id",subsample_or_fraction,yes,https://www.lpi.usra.edu/lunar/samples/atlas/detail/?mission=Apollo%2016&sample=63501,
890,63501,20,-99.0,no,c1ls109,LS-GJT-109,"63501,20 <150 um",none,,,,,,,,"RELAB specimen: 63501,20 <150 um; RELAB description: Highland, Bulk,; Collection: Apollo 16 site, Moon; Specimen type: Returned Lunar Sample; Material origin: Natural; Material type: Unconsolidated Mixture; Material subtypes: Particulate|Particulate Sorted|Highland; Parent source: atlas_sample_id",subsample_or_fraction,yes,https://www.lpi.usra.edu/lunar/samples/atlas/detail/?mission=Apollo%2016&sample=63501,
891,63501,148,-99.0,no,bmr1ls102,LS-M1O-102,"63501,148",none,,,,,,,,"RELAB specimen: 63501,148; RELAB description: Highland, Bulk, SELENE Multiband Imager calibration; Collection: Apollo 16 site, Moon; Specimen type: Returned Lunar Sample; Material origin: Natural; Material type: Unconsolidated Mixture; Material subtypes: Particulate|Bulk Particulate|Highland; Parent source: atlas_sample_id",subsample_or_fraction,yes,https://www.lpi.usra.edu/lunar/samples/atlas/detail/?mission=Apollo%2016&sample=63501,
892,63501,148,-99.0,no,cals102,LS-M1O-102,"63501,148",none,,,,,,,,"RELAB specimen: 63501,148; RELAB description: Highland, Bulk, SELENE Multiband Imager calibration; Collection: Apollo 16 site, Moon; Specimen type: Returned Lunar Sample; Material origin: Natural; Material type: Unconsolidated Mixture; Material subtypes: Particulate|Bulk Particulate|Highland; Parent source: atlas_sample_id",subsample_or_fraction,yes,https://www.lpi.usra.edu/lunar/samples/atlas/detail/?mission=Apollo%2016&sample=63501,
893,63501,148,-99.0,no,cbls102,LS-M1O-102,"63501,148",none,,,,,,,,"RELAB specimen: 63501,148; RELAB description: Highland, Bulk, SELENE Multiband Imager calibration; Collection: Apollo 16 site, Moon; Specimen type: Returned Lunar Sample; Material origin: Natural; Material type: Unconsolidated Mixture; Material subtypes: Particulate|Bulk Particulate|Highland; Parent source: atlas_sample_id",subsample_or_fraction,yes,https://www.lpi.usra.edu/lunar/samples/atlas/detail/?mission=Apollo%2016&sample=63501,
894,64421,141,-99.0,no,bir1ls110,LS-GJT-110,"64421,141 <150 um",none,,,,,,,,"RELAB specimen: 64421,141 <150 um; RELAB description: Highland, Bulk,; Collection: Apollo 16 site, Moon; Specimen type: Returned Lunar Sample; Material origin: Natural; Material type: Unconsolidated Mixture; Material subtypes: Particulate|Particulate Sorted|Highland; Parent source: atlas_sample_id",subsample_or_fraction,yes,https://www.lpi.usra.edu/lunar/samples/atlas/detail/?mission=Apollo%2016&sample=64421,
895,64421,141,-99.0,no,c1ls110,LS-GJT-110,"64421,141 <150 um",none,,,,,,,,"RELAB specimen: 64421,141 <150 um; RELAB description: Highland, Bulk,; Collection: Apollo 16 site, Moon; Specimen type: Returned Lunar Sample; Material origin: Natural; Material type: Unconsolidated Mixture; Material subtypes: Particulate|Particulate Sorted|Highland; Parent source: atlas_sample_id",subsample_or_fraction,yes,https://www.lpi.usra.edu/lunar/samples/atlas/detail/?mission=Apollo%2016&sample=64421,
896,64455,128,-99.0,no,cals97,LS-CMP-097-A,"64455,128",none,,,,,,impact melt breccia,,"RELAB specimen: 64455,128; RELAB description: Impact Melt; Collection: Apollo 16 site, Moon; Specimen type: Returned Lunar Sample; Material origin: Natural; Material type: Rock; Material subtypes: Particulate|Bulk Particulate; Atlas lithology: impact melt breccia; Atlas description: egg-shaped object about 5 cm long and 3 cm across almost completely covered with thick black glass; Parent source: atlas_sample_id",subsample_or_fraction,yes,https://www.lpi.usra.edu/lunar/samples/atlas/detail/?mission=Apollo%2016&sample=64455,
897,64455,128,-99.0,no,cbls97,LS-CMP-097-B,"64455,128",none,,,,,,impact melt breccia,,"RELAB specimen: 64455,128; RELAB description: Impact Melt, Dry sieved.; Collection: Apollo 16 site, Moon; Specimen type: Returned Lunar Sample; Material origin: Natural; Material type: Rock; Material subtypes: Particulate; Atlas lithology: impact melt breccia; Atlas description: egg-shaped object about 5 cm long and 3 cm across almost completely covered with thick black glass; Parent source: atlas_sample_id",subsample_or_fraction,yes,https://www.lpi.usra.edu/lunar/samples/atlas/detail/?mission=Apollo%2016&sample=64455,
898,64455,128,-99.0,no,ccls97,LS-CMP-097-C,"64455,128",none,,,,,,impact melt breccia,,"RELAB specimen: 64455,128; RELAB description: Impact Melt, Wet sieved with ethanol; Collection: Apollo 16 site, Moon; Specimen type: Returned Lunar Sample; Material origin: Natural; Material type: Rock; Material subtypes: Particulate; Atlas lithology: impact melt breccia; Atlas description: egg-shaped object about 5 cm long and 3 cm across almost completely covered with thick black glass; Parent source: atlas_sample_id",subsample_or_fraction,yes,https://www.lpi.usra.edu/lunar/samples/atlas/detail/?mission=Apollo%2016&sample=64455,
899,64455,128,-99.0,no,cdls97,LS-CMP-097-D,"64455,128",none,,,,,,impact melt breccia,,"RELAB specimen: 64455,128; RELAB description: Impact Melt, Wet sieved with ethanol; Collection: Apollo 16 site, Moon; Specimen type: Returned Lunar Sample; Material origin: Natural; Material type: Rock; Material subtypes: Particulate; Atlas lithology: impact melt breccia; Atlas description: egg-shaped object about 5 cm long and 3 cm across almost completely covered with thick black glass; Parent source: atlas_sample_id",subsample_or_fraction,yes,https://www.lpi.usra.edu/lunar/samples/atlas/detail/?mission=Apollo%2016&sample=64455,
900,64455,128,-99.0,no,cels97,LS-CMP-097-E,"64455,128",none,,,,,,impact melt breccia,,"RELAB specimen: 64455,128; RELAB description: Impact Melt, Wet sieved with ethanol; Collection: Apollo 16 site, Moon; Specimen type: Returned Lunar Sample; Material origin: Natural; Material type: Rock; Material subtypes: Particulate; Atlas lithology: impact melt breccia; Atlas description: egg-shaped object about 5 cm long and 3 cm across almost completely covered with thick black glass; Parent source: atlas_sample_id",subsample_or_fraction,yes,https://www.lpi.usra.edu/lunar/samples/atlas/detail/?mission=Apollo%2016&sample=64455,
901,64455,128,5.4,yes,c1ls97,LS-CMP-097,"64,455,128",explicit_reference,ls-cmp-097_specimenchemistry,LS-CMP-097,Bronzite,"Haskin et al., 1973",,impact melt breccia,,"RELAB specimen: 64,455,128; RELAB description: basalt impact melt; Collection: Apollo 16 site, Moon; Specimen type: Returned Lunar Sample; Material origin: Natural; Material type: Rock; Material subtypes: Nonparticulate; Atlas lithology: impact melt breccia; Atlas description: egg-shaped object about 5 cm long and 3 cm across almost completely covered with thick black glass; Chemistry phase: Bronzite; Chemistry notes: Glass-coated basaltic impact melt (possibly from South Ray Crater format; Parent source: atlas_sample_id",subsample_or_fraction,yes,https://www.lpi.usra.edu/lunar/samples/atlas/detail/?mission=Apollo%2016&sample=64455,
902,64455,128,5.4,yes,c2ls97,LS-CMP-097,"64,455,128",explicit_reference,ls-cmp-097_specimenchemistry,LS-CMP-097,Bronzite,"Haskin et al., 1973",,impact melt breccia,,"RELAB specimen: 64,455,128; RELAB description: basalt impact melt; Collection: Apollo 16 site, Moon; Specimen type: Returned Lunar Sample; Material origin: Natural; Material type: Rock; Material subtypes: Nonparticulate; Atlas lithology: impact melt breccia; Atlas description: egg-shaped object about 5 cm long and 3 cm across almost completely covered with thick black glass; Chemistry phase: Bronzite; Chemistry notes: Glass-coated basaltic impact melt (possibly from South Ray Crater format; Parent source: atlas_sample_id",subsample_or_fraction,yes,https://www.lpi.usra.edu/lunar/samples/atlas/detail/?mission=Apollo%2016&sample=64455,
903,64455,128,5.4,yes,c3ls97,LS-CMP-097,"64,455,128",explicit_reference,ls-cmp-097_specimenchemistry,LS-CMP-097,Bronzite,"Haskin et al., 1973",,impact melt breccia,,"RELAB specimen: 64,455,128; RELAB description: basalt impact melt; Collection: Apollo 16 site, Moon; Specimen type: Returned Lunar Sample; Material origin: Natural; Material type: Rock; Material subtypes: Nonparticulate; Atlas lithology: impact melt breccia; Atlas description: egg-shaped object about 5 cm long and 3 cm across almost completely covered with thick black glass; Chemistry phase: Bronzite; Chemistry notes: Glass-coated basaltic impact melt (possibly from South Ray Crater format; Parent source: atlas_sample_id",subsample_or_fraction,yes,https://www.lpi.usra.edu/lunar/samples/atlas/detail/?mission=Apollo%2016&sample=64455,
904,64455,128,6.1,yes,c1ls97,LS-CMP-097,"64,455,128",explicit_reference,ls-cmp-097_specimenchemistry,LS-CMP-097,Glass,"Haskin et al., 1973",,impact melt breccia,,"RELAB specimen: 64,455,128; RELAB description: basalt impact melt; Collection: Apollo 16 site, Moon; Specimen type: Returned Lunar Sample; Material origin: Natural; Material type: Rock; Material subtypes: Nonparticulate; Atlas lithology: impact melt breccia; Atlas description: egg-shaped object about 5 cm long and 3 cm across almost completely covered with thick black glass; Chemistry phase: Glass; Chemistry notes: Glass-coated basaltic impact (possibly from South Ray Crater formation); Parent source: atlas_sample_id",subsample_or_fraction,yes,https://www.lpi.usra.edu/lunar/samples/atlas/detail/?mission=Apollo%2016&sample=64455,
905,64455,128,6.1,yes,c2ls97,LS-CMP-097,"64,455,128",explicit_reference,ls-cmp-097_specimenchemistry,LS-CMP-097,Glass,"Haskin et al., 1973",,impact melt breccia,,"RELAB specimen: 64,455,128; RELAB description: basalt impact melt; Collection: Apollo 16 site, Moon; Specimen type: Returned Lunar Sample; Material origin: Natural; Material type: Rock; Material subtypes: Nonparticulate; Atlas lithology: impact melt breccia; Atlas description: egg-shaped object about 5 cm long and 3 cm across almost completely covered with thick black glass; Chemistry phase: Glass; Chemistry notes: Glass-coated basaltic impact (possibly from South Ray Crater formation); Parent source: atlas_sample_id",subsample_or_fraction,yes,https://www.lpi.usra.edu/lunar/samples/atlas/detail/?mission=Apollo%2016&sample=64455,
906,64455,128,6.1,yes,c3ls97,LS-CMP-097,"64,455,128",explicit_reference,ls-cmp-097_specimenchemistry,LS-CMP-097,Glass,"Haskin et al., 1973",,impact melt breccia,,"RELAB specimen: 64,455,128; RELAB description: basalt impact melt; Collection: Apollo 16 site, Moon; Specimen type: Returned Lunar Sample; Material origin: Natural; Material type: Rock; Material subtypes: Nonparticulate; Atlas lithology: impact melt breccia; Atlas description: egg-shaped object about 5 cm long and 3 cm across almost completely covered with thick black glass; Chemistry phase: Glass; Chemistry notes: Glass-coated basaltic impact (possibly from South Ray Crater formation); Parent source: atlas_sample_id",subsample_or_fraction,yes,https://www.lpi.usra.edu/lunar/samples/atlas/detail/?mission=Apollo%2016&sample=64455,
907,64455,128,6.5,yes,c1ls97,LS-CMP-097,"64,455,128",explicit_reference,ls-cmp-097_specimenchemistry,LS-CMP-097,Plagioclase,"Haskin et al., 1973",,impact melt breccia,,"RELAB specimen: 64,455,128; RELAB description: basalt impact melt; Collection: Apollo 16 site, Moon; Specimen type: Returned Lunar Sample; Material origin: Natural; Material type: Rock; Material subtypes: Nonparticulate; Atlas lithology: impact melt breccia; Atlas description: egg-shaped object about 5 cm long and 3 cm across almost completely covered with thick black glass; Chemistry phase: Plagioclase; Chemistry notes: Glass-coated basaltic impact melt (possibly from South Ray Crater format; Parent source: atlas_sample_id",subsample_or_fraction,yes,https://www.lpi.usra.edu/lunar/samples/atlas/detail/?mission=Apollo%2016&sample=64455,
908,64455,128,6.5,yes,c2ls97,LS-CMP-097,"64,455,128",explicit_reference,ls-cmp-097_specimenchemistry,LS-CMP-097,Plagioclase,"Haskin et al., 1973",,impact melt breccia,,"RELAB specimen: 64,455,128; RELAB description: basalt impact melt; Collection: Apollo 16 site, Moon; Specimen type: Returned Lunar Sample; Material origin: Natural; Material type: Rock; Material subtypes: Nonparticulate; Atlas lithology: impact melt breccia; Atlas description: egg-shaped object about 5 cm long and 3 cm across almost completely covered with thick black glass; Chemistry phase: Plagioclase; Chemistry notes: Glass-coated basaltic impact melt (possibly from South Ray Crater format; Parent source: atlas_sample_id",subsample_or_fraction,yes,https://www.lpi.usra.edu/lunar/samples/atlas/detail/?mission=Apollo%2016&sample=64455,
909,64455,128,6.5,yes,c3ls97,LS-CMP-097,"64,455,128",explicit_reference,ls-cmp-097_specimenchemistry,LS-CMP-097,Plagioclase,"Haskin et al., 1973",,impact melt breccia,,"RELAB specimen: 64,455,128; RELAB description: basalt impact melt; Collection: Apollo 16 site, Moon; Specimen type: Returned Lunar Sample; Material origin: Natural; Material type: Rock; Material subtypes: Nonparticulate; Atlas lithology: impact melt breccia; Atlas description: egg-shaped object about 5 cm long and 3 cm across almost completely covered with thick black glass; Chemistry phase: Plagioclase; Chemistry notes: Glass-coated basaltic impact melt (possibly from South Ray Crater format; Parent source: atlas_sample_id",subsample_or_fraction,yes,https://www.lpi.usra.edu/lunar/samples/atlas/detail/?mission=Apollo%2016&sample=64455,
910,64801,116,-99.0,no,cbls66,LS-CMP-066-B,"64801,116 Fractions",none,,,,,rake,soil,relatively mature soil with average grain size 80 microns,"RELAB specimen: 64801,116 Fractions; RELAB description: Highland; Collection: Apollo 16 site, Moon; Specimen type: Returned Lunar Sample; Material origin: Natural; Material type: Unconsolidated Mixture; Material subtypes: Particulate|Highland; Atlas type: rake; Atlas lithology: soil; Atlas description: relatively mature soil with average grain size 80 microns; Parent source: atlas_sample_id",subsample_or_fraction,yes,https://www.lpi.usra.edu/lunar/samples/atlas/detail/?mission=Apollo%2016&sample=64801,
911,64801,116,-99.0,no,ccls66,LS-CMP-066-C,"64801,116 Fractions",none,,,,,rake,soil,relatively mature soil with average grain size 80 microns,"RELAB specimen: 64801,116 Fractions; RELAB description: Highland; Collection: Apollo 16 site, Moon; Specimen type: Returned Lunar Sample; Material origin: Natural; Material type: Unconsolidated Mixture; Material subtypes: Particulate|Highland; Atlas type: rake; Atlas lithology: soil; Atlas description: relatively mature soil with average grain size 80 microns; Parent source: atlas_sample_id",subsample_or_fraction,yes,https://www.lpi.usra.edu/lunar/samples/atlas/detail/?mission=Apollo%2016&sample=64801,
912,64801,116,-99.0,no,cdls66,LS-CMP-066-D,"64801,116 Fractions",none,,,,,rake,soil,relatively mature soil with average grain size 80 microns,"RELAB specimen: 64801,116 Fractions; RELAB description: Highland; Collection: Apollo 16 site, Moon; Specimen type: Returned Lunar Sample; Material origin: Natural; Material type: Unconsolidated Mixture; Material subtypes: Particulate|Highland; Atlas type: rake; Atlas lithology: soil; Atlas description: relatively mature soil with average grain size 80 microns; Parent source: atlas_sample_id",subsample_or_fraction,yes,https://www.lpi.usra.edu/lunar/samples/atlas/detail/?mission=Apollo%2016&sample=64801,
913,64801,116,-99.0,no,cels66,LS-CMP-066-E,"64801,116 Fractions",none,,,,,rake,soil,relatively mature soil with average grain size 80 microns,"RELAB specimen: 64801,116 Fractions; RELAB description: Highland; Collection: Apollo 16 site, Moon; Specimen type: Returned Lunar Sample; Material origin: Natural; Material type: Unconsolidated Mixture; Material subtypes: Particulate|Highland; Atlas type: rake; Atlas lithology: soil; Atlas description: relatively mature soil with average grain size 80 microns; Parent source: atlas_sample_id",subsample_or_fraction,yes,https://www.lpi.usra.edu/lunar/samples/atlas/detail/?mission=Apollo%2016&sample=64801,
914,64801,116,-99.0,no,cfls66,LS-CMP-066-F,"64801,116 Fractions",none,,,,,rake,soil,relatively mature soil with average grain size 80 microns,"RELAB specimen: 64801,116 Fractions; RELAB description: Highland; Collection: Apollo 16 site, Moon; Specimen type: Returned Lunar Sample; Material origin: Natural; Material type: Unconsolidated Mixture; Material subtypes: Particulate|Highland; Atlas type: rake; Atlas lithology: soil; Atlas description: relatively mature soil with average grain size 80 microns; Parent source: atlas_sample_id",subsample_or_fraction,yes,https://www.lpi.usra.edu/lunar/samples/atlas/detail/?mission=Apollo%2016&sample=64801,
915,64801,116,-99.0,no,cgls66,LS-CMP-066-G,"64801,116 Fractions",none,,,,,rake,soil,relatively mature soil with average grain size 80 microns,"RELAB specimen: 64801,116 Fractions; RELAB description: Highland; Collection: Apollo 16 site, Moon; Specimen type: Returned Lunar Sample; Material origin: Natural; Material type: Unconsolidated Mixture; Material subtypes: Particulate|Highland; Atlas type: rake; Atlas lithology: soil; Atlas description: relatively mature soil with average grain size 80 microns; Parent source: atlas_sample_id",subsample_or_fraction,yes,https://www.lpi.usra.edu/lunar/samples/atlas/detail/?mission=Apollo%2016&sample=64801,
916,64801,116,-99.0,no,chls66,LS-CMP-066-H,"64801,116 Fractions",none,,,,,rake,soil,relatively mature soil with average grain size 80 microns,"RELAB specimen: 64801,116 Fractions; RELAB description: Highland; Collection: Apollo 16 site, Moon; Specimen type: Returned Lunar Sample; Material origin: Natural; Material type: Unconsolidated Mixture; Material subtypes: Particulate|Highland; Atlas type: rake; Atlas lithology: soil; Atlas description: relatively mature soil with average grain size 80 microns; Parent source: atlas_sample_id",subsample_or_fraction,yes,https://www.lpi.usra.edu/lunar/samples/atlas/detail/?mission=Apollo%2016&sample=64801,
917,64801,116,-99.0,no,cils66,LS-CMP-066-I,"64801,116 Fractions",none,,,,,rake,soil,relatively mature soil with average grain size 80 microns,"RELAB specimen: 64801,116 Fractions; RELAB description: Highland; Collection: Apollo 16 site, Moon; Specimen type: Returned Lunar Sample; Material origin: Natural; Material type: Unconsolidated Mixture; Material subtypes: Particulate|Highland; Atlas type: rake; Atlas lithology: soil; Atlas description: relatively mature soil with average grain size 80 microns; Parent source: atlas_sample_id",subsample_or_fraction,yes,https://www.lpi.usra.edu/lunar/samples/atlas/detail/?mission=Apollo%2016&sample=64801,
918,64801,116,-99.0,no,cjls66,LS-CMP-066-J,"64801,116 Fractions",none,,,,,rake,soil,relatively mature soil with average grain size 80 microns,"RELAB specimen: 64801,116 Fractions; RELAB description: Highland; Collection: Apollo 16 site, Moon; Specimen type: Returned Lunar Sample; Material origin: Natural; Material type: Unconsolidated Mixture; Material subtypes: Particulate|Highland; Atlas type: rake; Atlas lithology: soil; Atlas description: relatively mature soil with average grain size 80 microns; Parent source: atlas_sample_id",subsample_or_fraction,yes,https://www.lpi.usra.edu/lunar/samples/atlas/detail/?mission=Apollo%2016&sample=64801,
919,64801,116,-99.0,no,cls66j,LS-CMP-066-J,"64801,116 Fractions",none,,,,,rake,soil,relatively mature soil with average grain size 80 microns,"RELAB specimen: 64801,116 Fractions; RELAB description: Highland; Collection: Apollo 16 site, Moon; Specimen type: Returned Lunar Sample; Material origin: Natural; Material type: Unconsolidated Mixture; Material subtypes: Particulate|Highland; Atlas type: rake; Atlas lithology: soil; Atlas description: relatively mature soil with average grain size 80 microns; Parent source: atlas_sample_id",subsample_or_fraction,yes,https://www.lpi.usra.edu/lunar/samples/atlas/detail/?mission=Apollo%2016&sample=64801,
920,64801,116,-99.0,no,cls66z,LS-CMP-066-J,"64801,116 Fractions",none,,,,,rake,soil,relatively mature soil with average grain size 80 microns,"RELAB specimen: 64801,116 Fractions; RELAB description: Highland; Collection: Apollo 16 site, Moon; Specimen type: Returned Lunar Sample; Material origin: Natural; Material type: Unconsolidated Mixture; Material subtypes: Particulate|Highland; Atlas type: rake; Atlas lithology: soil; Atlas description: relatively mature soil with average grain size 80 microns; Parent source: atlas_sample_id",subsample_or_fraction,yes,https://www.lpi.usra.edu/lunar/samples/atlas/detail/?mission=Apollo%2016&sample=64801,
921,64801,124,-99.0,no,cals63,LS-CMP-063-A,"64801,124 <20 um",none,,,,,rake,soil,"Highland, Bulk Mature; relatively mature soil with average grain size 80 microns","RELAB specimen: 64801,124 <20 um; RELAB description: Highland, Bulk Mature; Collection: Apollo 16 site, Moon; Specimen type: Returned Lunar Sample; Material origin: Natural; Material type: Unconsolidated Mixture; Material subtypes: Particulate|Highland; Atlas type: rake; Atlas lithology: soil; Atlas description: relatively mature soil with average grain size 80 microns; Parent source: atlas_sample_id",subsample_or_fraction,yes,https://www.lpi.usra.edu/lunar/samples/atlas/detail/?mission=Apollo%2016&sample=64801,
922,64801,124,-99.0,no,cbls63,LS-CMP-063-B,"64801,124 20-45 um",none,,,,,rake,soil,"Highland, Bulk Mature; relatively mature soil with average grain size 80 microns","RELAB specimen: 64801,124 20-45 um; RELAB description: Highland, Bulk Mature; Collection: Apollo 16 site, Moon; Specimen type: Returned Lunar Sample; Material origin: Natural; Material type: Unconsolidated Mixture; Material subtypes: Particulate|Highland; Atlas type: rake; Atlas lithology: soil; Atlas description: relatively mature soil with average grain size 80 microns; Parent source: atlas_sample_id",subsample_or_fraction,yes,https://www.lpi.usra.edu/lunar/samples/atlas/detail/?mission=Apollo%2016&sample=64801,
923,64801,151,-99.0,no,bmr1lr100,LR-CMP-100,"64801,151",none,,,,,rake,soil,relatively mature soil with average grain size 80 microns,"RELAB specimen: 64801,151; RELAB description: Water sieved for LSCC (Taylor project).; Collection: Apollo 16 site, Moon; Specimen type: Returned Lunar Sample; Material origin: Natural; Material type: Unconsolidated Mixture; Material subtypes: Particulate|Particulate Sorted; Atlas type: rake; Atlas lithology: soil; Atlas description: relatively mature soil with average grain size 80 microns; Parent source: atlas_sample_id",subsample_or_fraction,yes,https://www.lpi.usra.edu/lunar/samples/atlas/detail/?mission=Apollo%2016&sample=64801,
924,64801,155,-99.0,no,bmr1lr101,LR-CMP-101,"64801,155",none,,,,,rake,soil,relatively mature soil with average grain size 80 microns,"RELAB specimen: 64801,155; RELAB description: Water sieved for LSCC (Taylor project).; Collection: Apollo 16 site, Moon; Specimen type: Returned Lunar Sample; Material origin: Natural; Material type: Unconsolidated Mixture; Material subtypes: Particulate|Particulate Sorted; Atlas type: rake; Atlas lithology: soil; Atlas description: relatively mature soil with average grain size 80 microns; Parent source: atlas_sample_id",subsample_or_fraction,yes,https://www.lpi.usra.edu/lunar/samples/atlas/detail/?mission=Apollo%2016&sample=64801,
925,64801,155,-99.0,no,c1lr101,LR-CMP-101,"64801,155",none,,,,,rake,soil,relatively mature soil with average grain size 80 microns,"RELAB specimen: 64801,155; RELAB description: Water sieved for LSCC (Taylor project).; Collection: Apollo 16 site, Moon; Specimen type: Returned Lunar Sample; Material origin: Natural; Material type: Unconsolidated Mixture; Material subtypes: Particulate|Particulate Sorted; Atlas type: rake; Atlas lithology: soil; Atlas description: relatively mature soil with average grain size 80 microns; Parent source: atlas_sample_id",subsample_or_fraction,yes,https://www.lpi.usra.edu/lunar/samples/atlas/detail/?mission=Apollo%2016&sample=64801,
926,64801,160,-99.0,no,c1lr102,LR-CMP-102,"64801,160",none,,,,,rake,soil,relatively mature soil with average grain size 80 microns,"RELAB specimen: 64801,160; RELAB description: Water sieved for LSCC (Taylor project).; Collection: Apollo 16 site, Moon; Specimen type: Returned Lunar Sample; Material origin: Natural; Material type: Unconsolidated Mixture; Material subtypes: Particulate|Particulate Sorted; Atlas type: rake; Atlas lithology: soil; Atlas description: relatively mature soil with average grain size 80 microns; Parent source: atlas_sample_id",subsample_or_fraction,yes,https://www.lpi.usra.edu/lunar/samples/atlas/detail/?mission=Apollo%2016&sample=64801,
927,64801,165,-99.0,no,c1lr103,LR-CMP-103,"64801,165",none,,,,,rake,soil,relatively mature soil with average grain size 80 microns,"RELAB specimen: 64801,165; RELAB description: Water sieved for LSCC (Taylor project).; Collection: Apollo 16 site, Moon; Specimen type: Returned Lunar Sample; Material origin: Natural; Material type: Unconsolidated Mixture; Material subtypes: Particulate|Particulate Sorted; Atlas type: rake; Atlas lithology: soil; Atlas description: relatively mature soil with average grain size 80 microns; Parent source: atlas_sample_id",subsample_or_fraction,yes,https://www.lpi.usra.edu/lunar/samples/atlas/detail/?mission=Apollo%2016&sample=64801,
928,65315,153,-99.0,no,bir1lr245b,LR-CMP-245-B,"65315, 153 <45 um",none,,,,,rake,anorthite,,"RELAB specimen: 65315, 153 <45 um; RELAB description: Highland, Anorthosite, Anorthosite dry-sieved to 0-45 um; Collection: Apollo 16 site, Moon; Specimen type: Returned Lunar Sample; Material origin: Natural; Material type: Rock; Material subtypes: Particulate; Atlas type: rake; Atlas lithology: anorthite; Atlas description: about 8 cm across; abundant micrometeorite pits and patina on this surface;; Parent source: atlas_sample_id",subsample_or_fraction,yes,https://www.lpi.usra.edu/lunar/samples/atlas/detail/?mission=Apollo%2016&sample=65315,
929,65315,153,-99.0,no,bir1lr245c,LR-CMP-245-C,"65315, 153 45-75 um",none,,,,,rake,anorthite,,"RELAB specimen: 65315, 153 45-75 um; RELAB description: Highland, Anorthosite, Anorthosite dry-sieved to 45-75 um; Not exactly the same split as LR-CMP-237-C; Collection: Apollo 16 site, Moon; Specimen type: Returned Lunar Sample; Material origin: Natural; Material type: Rock; Material subtypes: Particulate; Atlas type: rake; Atlas lithology: anorthite; Atlas description: about 8 cm across; abundant micrometeorite pits and patina on this surface;; Parent source: atlas_sample_id",subsample_or_fraction,yes,https://www.lpi.usra.edu/lunar/samples/atlas/detail/?mission=Apollo%2016&sample=65315,
930,65315,153,-99.0,no,c1lr236,LR-CMP-236,"65315,153 bulk",none,,,,,rake,anorthite,,"RELAB specimen: 65315,153 bulk; RELAB description: Highland, Anorthosite, Bulk anorthosite; Collection: Apollo 16 site, Moon; Specimen type: Returned Lunar Sample; Material origin: Natural; Material type: Rock; Material subtypes: Particulate; Atlas type: rake; Atlas lithology: anorthite; Atlas description: about 8 cm across; abundant micrometeorite pits and patina on this surface;; Parent source: atlas_sample_id",subsample_or_fraction,yes,https://www.lpi.usra.edu/lunar/samples/atlas/detail/?mission=Apollo%2016&sample=65315,
931,65315,153,-99.0,no,c1lr236c,LR-CMP-236-C,"65315,153 45-75 um",none,,,,,rake,anorthite,,"RELAB specimen: 65315,153 45-75 um; RELAB description: Highland, Anorthosite, Anorthosite dry-sieved to 45-75 um; Collection: Apollo 16 site, Moon; Specimen type: Returned Lunar Sample; Material origin: Natural; Material type: Rock; Material subtypes: Particulate; Atlas type: rake; Atlas lithology: anorthite; Atlas description: about 8 cm across; abundant micrometeorite pits and patina on this surface;; Parent source: atlas_sample_id",subsample_or_fraction,yes,https://www.lpi.usra.edu/lunar/samples/atlas/detail/?mission=Apollo%2016&sample=65315,
932,65315,153,-99.0,no,c1lr241c,LR-CMP-241-C,"65315,153 Plag Sep",none,,,,,rake,anorthite,,"RELAB specimen: 65315,153 Plag Sep; RELAB description: Silicate (Tecto), Plagioclase, Purified plagioclase separate from 65315,153 45-75 um fraction (LR-CMP-236-C); Collection: Apollo 16 site, Moon; Specimen type: Returned Lunar Sample; Material origin: Natural; Material type: Mineral; Material subtypes: Particulate; Atlas type: rake; Atlas lithology: anorthite; Atlas description: about 8 cm across; abundant micrometeorite pits and patina on this surface;; Parent source: atlas_sample_id",subsample_or_fraction,yes,https://www.lpi.usra.edu/lunar/samples/atlas/detail/?mission=Apollo%2016&sample=65315,
933,65315,153,-99.0,no,c1lr245b,LR-CMP-245-B,"65315, 153 <45 um",none,,,,,rake,anorthite,,"RELAB specimen: 65315, 153 <45 um; RELAB description: Highland, Anorthosite, Anorthosite dry-sieved to 0-45 um; Collection: Apollo 16 site, Moon; Specimen type: Returned Lunar Sample; Material origin: Natural; Material type: Rock; Material subtypes: Particulate; Atlas type: rake; Atlas lithology: anorthite; Atlas description: about 8 cm across; abundant micrometeorite pits and patina on this surface;; Parent source: atlas_sample_id",subsample_or_fraction,yes,https://www.lpi.usra.edu/lunar/samples/atlas/detail/?mission=Apollo%2016&sample=65315,
934,65315,153,-99.0,no,c1lr245c,LR-CMP-245-C,"65315, 153 45-75 um",none,,,,,rake,anorthite,,"RELAB specimen: 65315, 153 45-75 um; RELAB description: Highland, Anorthosite, Anorthosite dry-sieved to 45-75 um; Not exactly the same split as LR-CMP-237-C; Collection: Apollo 16 site, Moon; Specimen type: Returned Lunar Sample; Material origin: Natural; Material type: Rock; Material subtypes: Particulate; Atlas type: rake; Atlas lithology: anorthite; Atlas description: about 8 cm across; abundant micrometeorite pits and patina on this surface;; Parent source: atlas_sample_id",subsample_or_fraction,yes,https://www.lpi.usra.edu/lunar/samples/atlas/detail/?mission=Apollo%2016&sample=65315,
935,65501,19,-99.0,no,bir1ls111,LS-GJT-111,"65501,19 <150 um",none,,,,,rake,soil,,"RELAB specimen: 65501,19 <150 um; RELAB description: Highland, Bulk,; Collection: Apollo 16 site, Moon; Specimen type: Returned Lunar Sample; Material origin: Natural; Material type: Unconsolidated Mixture; Material subtypes: Particulate|Particulate Sorted|Highland; Atlas type: rake; Atlas lithology: soil; Atlas description: soil clods; Parent source: atlas_sample_id",subsample_or_fraction,yes,https://www.lpi.usra.edu/lunar/samples/atlas/detail/?mission=Apollo%2016&sample=65501,
936,65501,19,-99.0,no,c1ls111,LS-GJT-111,"65501,19 <150 um",none,,,,,rake,soil,,"RELAB specimen: 65501,19 <150 um; RELAB description: Highland, Bulk,; Collection: Apollo 16 site, Moon; Specimen type: Returned Lunar Sample; Material origin: Natural; Material type: Unconsolidated Mixture; Material subtypes: Particulate|Particulate Sorted|Highland; Atlas type: rake; Atlas lithology: soil; Atlas description: soil clods; Parent source: atlas_sample_id",subsample_or_fraction,yes,https://www.lpi.usra.edu/lunar/samples/atlas/detail/?mission=Apollo%2016&sample=65501,
937,65901,23,-99.0,no,bir1ls113,LS-GJT-113,"65901,23 <150 um",none,,,,,,,very mature soil and has an average grain size of 85 microns,"RELAB specimen: 65901,23 <150 um; RELAB description: Highland, Bulk,; Collection: Apollo 16 site, Moon; Specimen type: Returned Lunar Sample; Material origin: Natural; Material type: Unconsolidated Mixture; Material subtypes: Particulate|Particulate Sorted|Highland; Atlas description: very mature soil and has an average grain size of 85 microns; Parent source: atlas_sample_id",subsample_or_fraction,yes,https://www.lpi.usra.edu/lunar/samples/atlas/detail/?mission=Apollo%2016&sample=65901,
938,65901,23,-99.0,no,c1ls113,LS-GJT-113,"65901,23 <150 um",none,,,,,,,very mature soil and has an average grain size of 85 microns,"RELAB specimen: 65901,23 <150 um; RELAB description: Highland, Bulk,; Collection: Apollo 16 site, Moon; Specimen type: Returned Lunar Sample; Material origin: Natural; Material type: Unconsolidated Mixture; Material subtypes: Particulate|Particulate Sorted|Highland; Atlas description: very mature soil and has an average grain size of 85 microns; Parent source: atlas_sample_id",subsample_or_fraction,yes,https://www.lpi.usra.edu/lunar/samples/atlas/detail/?mission=Apollo%2016&sample=65901,
939,66031,66,-99.0,no,bir1ls114,LS-GJT-114,"66031,66 <150 um",none,,,,,rake,soil,very mature soil with an average grain size of 121 microns,"RELAB specimen: 66031,66 <150 um; RELAB description: Highland, Bulk,; Collection: Apollo 16 site, Moon; Specimen type: Returned Lunar Sample; Material origin: Natural; Material type: Unconsolidated Mixture; Material subtypes: Particulate|Particulate Sorted|Highland; Atlas type: rake; Atlas lithology: soil; Atlas description: very mature soil with an average grain size of 121 microns; Parent source: atlas_sample_id",subsample_or_fraction,yes,https://www.lpi.usra.edu/lunar/samples/atlas/detail/?mission=Apollo%2016&sample=66031,
940,66031,66,-99.0,no,c1ls114,LS-GJT-114,"66031,66 <150 um",none,,,,,rake,soil,very mature soil with an average grain size of 121 microns,"RELAB specimen: 66031,66 <150 um; RELAB description: Highland, Bulk,; Collection: Apollo 16 site, Moon; Specimen type: Returned Lunar Sample; Material origin: Natural; Material type: Unconsolidated Mixture; Material subtypes: Particulate|Particulate Sorted|Highland; Atlas type: rake; Atlas lithology: soil; Atlas description: very mature soil with an average grain size of 121 microns; Parent source: atlas_sample_id",subsample_or_fraction,yes,https://www.lpi.usra.edu/lunar/samples/atlas/detail/?mission=Apollo%2016&sample=66031,
941,66041,128,-99.0,no,bmr1ls103,LS-M1O-103,"66041,128",none,,,,,,soil,,"RELAB specimen: 66041,128; RELAB description: Highland, Bulk, SELENE Multiband Imager calibration; Collection: Apollo 16 site, Moon; Specimen type: Returned Lunar Sample; Material origin: Natural; Material type: Unconsolidated Mixture; Material subtypes: Particulate|Bulk Particulate|Highland; Atlas lithology: soil; Parent source: atlas_sample_id",subsample_or_fraction,yes,https://www.lpi.usra.edu/lunar/samples/atlas/detail/?mission=Apollo%2016&sample=66041,
942,66041,128,-99.0,no,cals103,LS-M1O-103,"66041,128",none,,,,,,soil,,"RELAB specimen: 66041,128; RELAB description: Highland, Bulk, SELENE Multiband Imager calibration; Collection: Apollo 16 site, Moon; Specimen type: Returned Lunar Sample; Material origin: Natural; Material type: Unconsolidated Mixture; Material subtypes: Particulate|Bulk Particulate|Highland; Atlas lithology: soil; Parent source: atlas_sample_id",subsample_or_fraction,yes,https://www.lpi.usra.edu/lunar/samples/atlas/detail/?mission=Apollo%2016&sample=66041,
943,66041,128,-99.0,no,cbls103,LS-M1O-103,"66041,128",none,,,,,,soil,,"RELAB specimen: 66041,128; RELAB description: Highland, Bulk, SELENE Multiband Imager calibration; Collection: Apollo 16 site, Moon; Specimen type: Returned Lunar Sample; Material origin: Natural; Material type: Unconsolidated Mixture; Material subtypes: Particulate|Bulk Particulate|Highland; Atlas lithology: soil; Parent source: atlas_sample_id",subsample_or_fraction,yes,https://www.lpi.usra.edu/lunar/samples/atlas/detail/?mission=Apollo%2016&sample=66041,
944,67095,108,-99.0,no,c1ls89,LS-CMP-089,"67095,108",none,,,,,,impact melt breccia,,"RELAB specimen: 67095,108; RELAB description: Impact Melt , Glass + Lithic, Glass coated impact breccia; Collection: Apollo 16 site, Moon; Specimen type: Returned Lunar Sample; Material origin: Natural; Material type: Rock; Material subtypes: Nonparticulate|Chip; Atlas lithology: impact melt breccia; Atlas description: a glass-coated basaltic impact melt or ""bomb"" that has not been dated.; Parent source: atlas_sample_id",subsample_or_fraction,yes,https://www.lpi.usra.edu/lunar/samples/atlas/detail/?mission=Apollo%2016&sample=67095,
945,67095,108,-99.0,no,c2ls89,LS-CMP-089,"67095,108",none,,,,,,impact melt breccia,,"RELAB specimen: 67095,108; RELAB description: Impact Melt , Glass + Lithic, Glass coated impact breccia; Collection: Apollo 16 site, Moon; Specimen type: Returned Lunar Sample; Material origin: Natural; Material type: Rock; Material subtypes: Nonparticulate|Chip; Atlas lithology: impact melt breccia; Atlas description: a glass-coated basaltic impact melt or ""bomb"" that has not been dated.; Parent source: atlas_sample_id",subsample_or_fraction,yes,https://www.lpi.usra.edu/lunar/samples/atlas/detail/?mission=Apollo%2016&sample=67095,
946,67095,108,-99.0,no,c3ls89,LS-CMP-089,"67095,108",none,,,,,,impact melt breccia,,"RELAB specimen: 67095,108; RELAB description: Impact Melt , Glass + Lithic, Glass coated impact breccia; Collection: Apollo 16 site, Moon; Specimen type: Returned Lunar Sample; Material origin: Natural; Material type: Rock; Material subtypes: Nonparticulate|Chip; Atlas lithology: impact melt breccia; Atlas description: a glass-coated basaltic impact melt or ""bomb"" that has not been dated.; Parent source: atlas_sample_id",subsample_or_fraction,yes,https://www.lpi.usra.edu/lunar/samples/atlas/detail/?mission=Apollo%2016&sample=67095,
947,67095,108,-99.0,no,c4ls89,LS-CMP-089,"67095,108",none,,,,,,impact melt breccia,,"RELAB specimen: 67095,108; RELAB description: Impact Melt , Glass + Lithic, Glass coated impact breccia; Collection: Apollo 16 site, Moon; Specimen type: Returned Lunar Sample; Material origin: Natural; Material type: Rock; Material subtypes: Nonparticulate|Chip; Atlas lithology: impact melt breccia; Atlas description: a glass-coated basaltic impact melt or ""bomb"" that has not been dated.; Parent source: atlas_sample_id",subsample_or_fraction,yes,https://www.lpi.usra.edu/lunar/samples/atlas/detail/?mission=Apollo%2016&sample=67095,
948,67095,108,-99.0,no,cals89,LS-CMP-089-A,"67095,108",none,,,,,,impact melt breccia,,"RELAB specimen: 67095,108; RELAB description: Impact Melt , Glass + Lithic, Impact melt breccia, glass coated.; Collection: Apollo 16 site, Moon; Specimen type: Returned Lunar Sample; Material origin: Natural; Material type: Rock; Material subtypes: Particulate|Bulk Particulate; Atlas lithology: impact melt breccia; Atlas description: a glass-coated basaltic impact melt or ""bomb"" that has not been dated.; Parent source: atlas_sample_id",subsample_or_fraction,yes,https://www.lpi.usra.edu/lunar/samples/atlas/detail/?mission=Apollo%2016&sample=67095,
949,67095,108,-99.0,no,cbls89,LS-CMP-089-B,"67095,108",none,,,,,,impact melt breccia,,"RELAB specimen: 67095,108; RELAB description: Impact Melt, Dry sieved.; Collection: Apollo 16 site, Moon; Specimen type: Returned Lunar Sample; Material origin: Natural; Material type: Rock; Material subtypes: Particulate; Atlas lithology: impact melt breccia; Atlas description: a glass-coated basaltic impact melt or ""bomb"" that has not been dated.; Parent source: atlas_sample_id",subsample_or_fraction,yes,https://www.lpi.usra.edu/lunar/samples/atlas/detail/?mission=Apollo%2016&sample=67095,
950,67095,108,-99.0,no,ccls89,LS-CMP-089-C,"67095,108",none,,,,,,impact melt breccia,,"RELAB specimen: 67095,108; RELAB description: Impact Melt, Wet sieved with ethanol; Collection: Apollo 16 site, Moon; Specimen type: Returned Lunar Sample; Material origin: Natural; Material type: Rock; Material subtypes: Particulate; Atlas lithology: impact melt breccia; Atlas description: a glass-coated basaltic impact melt or ""bomb"" that has not been dated.; Parent source: atlas_sample_id",subsample_or_fraction,yes,https://www.lpi.usra.edu/lunar/samples/atlas/detail/?mission=Apollo%2016&sample=67095,
951,67095,108,-99.0,no,cdls89,LS-CMP-089-D,"67095,108",none,,,,,,impact melt breccia,,"RELAB specimen: 67095,108; RELAB description: Impact Melt, Wet sieved.; Collection: Apollo 16 site, Moon; Specimen type: Returned Lunar Sample; Material origin: Natural; Material type: Rock; Material subtypes: Particulate; Atlas lithology: impact melt breccia; Atlas description: a glass-coated basaltic impact melt or ""bomb"" that has not been dated.; Parent source: atlas_sample_id",subsample_or_fraction,yes,https://www.lpi.usra.edu/lunar/samples/atlas/detail/?mission=Apollo%2016&sample=67095,
952,67095,108,-99.0,no,cels89,LS-CMP-089-E,"67095,108",none,,,,,,impact melt breccia,,"RELAB specimen: 67095,108; RELAB description: Impact Melt, Wet sieved with ethanol; Collection: Apollo 16 site, Moon; Specimen type: Returned Lunar Sample; Material origin: Natural; Material type: Rock; Material subtypes: Particulate; Atlas lithology: impact melt breccia; Atlas description: a glass-coated basaltic impact melt or ""bomb"" that has not been dated.; Parent source: atlas_sample_id",subsample_or_fraction,yes,https://www.lpi.usra.edu/lunar/samples/atlas/detail/?mission=Apollo%2016&sample=67095,
953,67455,63,-99.0,no,c1ls10,LS-CMP-010,"67455,63",none,,,,,rake,breccia,,"RELAB specimen: 67455,63; RELAB description: Polymict Breccia, Fragmental Breccia Norite , Norite powder 67455,63; Collection: Apollo 16; Specimen type: Returned Lunar Sample; Material origin: Natural; Material type: Rock; Material subtypes: Nonparticulate|Bulk; Atlas type: rake; Atlas lithology: breccia; Atlas description: very friable, white polymict feldspathic breccia; Parent source: atlas_sample_id",subsample_or_fraction,yes,https://www.lpi.usra.edu/lunar/samples/atlas/detail/?mission=Apollo%2016&sample=67455,
954,67455,63,-99.0,no,c2ls10,LS-CMP-010,"67455,63",none,,,,,rake,breccia,,"RELAB specimen: 67455,63; RELAB description: Polymict Breccia, Fragmental Breccia Norite , Norite powder 67455,63; Collection: Apollo 16; Specimen type: Returned Lunar Sample; Material origin: Natural; Material type: Rock; Material subtypes: Nonparticulate|Bulk; Atlas type: rake; Atlas lithology: breccia; Atlas description: very friable, white polymict feldspathic breccia; Parent source: atlas_sample_id",subsample_or_fraction,yes,https://www.lpi.usra.edu/lunar/samples/atlas/detail/?mission=Apollo%2016&sample=67455,
955,67455,63,-99.0,no,s1ls10,LS-CMP-010,"67455,63",none,,,,,rake,breccia,,"RELAB specimen: 67455,63; RELAB description: Polymict Breccia, Fragmental Breccia Norite , Norite powder 67455,63; Collection: Apollo 16; Specimen type: Returned Lunar Sample; Material origin: Natural; Material type: Rock; Material subtypes: Nonparticulate|Bulk; Atlas type: rake; Atlas lithology: breccia; Atlas description: very friable, white polymict feldspathic breccia; Parent source: atlas_sample_id",subsample_or_fraction,yes,https://www.lpi.usra.edu/lunar/samples/atlas/detail/?mission=Apollo%2016&sample=67455,
956,67455,63,-99.0,no,s3ls10,LS-CMP-010,"67455,63",none,,,,,rake,breccia,,"RELAB specimen: 67455,63; RELAB description: Polymict Breccia, Fragmental Breccia Norite , Norite powder 67455,63; Collection: Apollo 16; Specimen type: Returned Lunar Sample; Material origin: Natural; Material type: Rock; Material subtypes: Nonparticulate|Bulk; Atlas type: rake; Atlas lithology: breccia; Atlas description: very friable, white polymict feldspathic breccia; Parent source: atlas_sample_id",subsample_or_fraction,yes,https://www.lpi.usra.edu/lunar/samples/atlas/detail/?mission=Apollo%2016&sample=67455,
957,67455,106,-99.0,no,c1ls25,LS-CMP-025,"67455,106",none,,,,,rake,breccia,,"RELAB specimen: 67455,106; RELAB description: Highland, Bulk, Large shocked single crystal (2mm) of anorthosite pristine sample.; Collection: Apollo 16 site, Moon; Specimen type: Returned Lunar Sample; Material origin: Natural; Material type: Mineral; Material subtypes: Nonparticulate|Thin Section; Atlas type: rake; Atlas lithology: breccia; Atlas description: very friable, white polymict feldspathic breccia; Parent source: atlas_sample_id",subsample_or_fraction,yes,https://www.lpi.usra.edu/lunar/samples/atlas/detail/?mission=Apollo%2016&sample=67455,
958,67455,106,-99.0,no,c2ls25,LS-CMP-025,"67455,106",none,,,,,rake,breccia,,"RELAB specimen: 67455,106; RELAB description: Highland, Bulk, Large shocked single crystal (2mm) of anorthosite pristine sample.; Collection: Apollo 16 site, Moon; Specimen type: Returned Lunar Sample; Material origin: Natural; Material type: Mineral; Material subtypes: Nonparticulate|Thin Section; Atlas type: rake; Atlas lithology: breccia; Atlas description: very friable, white polymict feldspathic breccia; Parent source: atlas_sample_id",subsample_or_fraction,yes,https://www.lpi.usra.edu/lunar/samples/atlas/detail/?mission=Apollo%2016&sample=67455,
959,67455,106,-99.0,no,c3ls25,LS-CMP-025,"67455,106",none,,,,,rake,breccia,,"RELAB specimen: 67455,106; RELAB description: Highland, Bulk, Large shocked single crystal (2mm) of anorthosite pristine sample.; Collection: Apollo 16 site, Moon; Specimen type: Returned Lunar Sample; Material origin: Natural; Material type: Mineral; Material subtypes: Nonparticulate|Thin Section; Atlas type: rake; Atlas lithology: breccia; Atlas description: very friable, white polymict feldspathic breccia; Parent source: atlas_sample_id",subsample_or_fraction,yes,https://www.lpi.usra.edu/lunar/samples/atlas/detail/?mission=Apollo%2016&sample=67455,
960,67455,106,-99.0,no,cgls25,LS-CMP-025,"67455,106",none,,,,,rake,breccia,,"RELAB specimen: 67455,106; RELAB description: Highland, Bulk, Large shocked single crystal (2mm) of anorthosite pristine sample.; Collection: Apollo 16 site, Moon; Specimen type: Returned Lunar Sample; Material origin: Natural; Material type: Mineral; Material subtypes: Nonparticulate|Thin Section; Atlas type: rake; Atlas lithology: breccia; Atlas description: very friable, white polymict feldspathic breccia; Parent source: atlas_sample_id",subsample_or_fraction,yes,https://www.lpi.usra.edu/lunar/samples/atlas/detail/?mission=Apollo%2016&sample=67455,
961,67461,0,-99.0,no,bir1ls145,LS-BWD-145,67461 bulk 125-250 um,none,,,,,,soil,,"RELAB specimen: 67461 bulk 125-250 um; RELAB description: Highland, Immature; Collection: Apollo 16 site, Station 11, Moon; Specimen type: Returned Lunar Sample; Material origin: Natural; Material type: Unconsolidated Mixture; Material subtypes: Particulate; Atlas lithology: soil; Atlas description: chosen as a ""reference soil"" for the ""lunar highland initiative"" and is not greatly different from other soil samples from North Ray Crater; Parent source: atlas_sample_id",subsample_or_fraction,yes,https://www.lpi.usra.edu/lunar/samples/atlas/detail/?mission=Apollo%2016&sample=67461,
962,67461,0,-99.0,no,bir1ls153,LS-BWD-153,67461 agglutinates 125-250 um (magnetically-separated),none,,,,,,soil,,"RELAB specimen: 67461 agglutinates 125-250 um (magnetically-separated); RELAB description: Agglutinates from Apollo 16 highland soil; Collection: Apollo 16 site, Station 11, Moon; Specimen type: Returned Lunar Sample; Material origin: Natural; Material type: Unconsolidated Mixture; Material subtypes: Particulate|Sorted; Atlas lithology: soil; Atlas description: chosen as a ""reference soil"" for the ""lunar highland initiative"" and is not greatly different from other soil samples from North Ray Crater; Parent source: atlas_sample_id",subsample_or_fraction,yes,https://www.lpi.usra.edu/lunar/samples/atlas/detail/?mission=Apollo%2016&sample=67461,
963,67461,0,-99.0,no,bir1ls156,LS-BWD-156,67461 low-agglutinate remnant 125-250 um,none,,,,,,soil,67461 low-agglutinate remnant 125-250 um,"RELAB specimen: 67461 low-agglutinate remnant 125-250 um; RELAB description: Remnant after agglutinates removed from Apollo 16 highland soil; Collection: Apollo 16 site, Station 11, Moon; Specimen type: Returned Lunar Sample; Material origin: Natural; Material type: Unconsolidated Mixture; Material subtypes: Particulate|Sorted; Atlas lithology: soil; Atlas description: chosen as a ""reference soil"" for the ""lunar highland initiative"" and is not greatly different from other soil samples from North Ray Crater; Parent source: atlas_sample_id",subsample_or_fraction,yes,https://www.lpi.usra.edu/lunar/samples/atlas/detail/?mission=Apollo%2016&sample=67461,
964,67461,0,-99.0,no,c1ls145,LS-BWD-145,67461 bulk 125-250 um,none,,,,,,soil,,"RELAB specimen: 67461 bulk 125-250 um; RELAB description: Highland, Immature; Collection: Apollo 16 site, Station 11, Moon; Specimen type: Returned Lunar Sample; Material origin: Natural; Material type: Unconsolidated Mixture; Material subtypes: Particulate; Atlas lithology: soil; Atlas description: chosen as a ""reference soil"" for the ""lunar highland initiative"" and is not greatly different from other soil samples from North Ray Crater; Parent source: atlas_sample_id",subsample_or_fraction,yes,https://www.lpi.usra.edu/lunar/samples/atlas/detail/?mission=Apollo%2016&sample=67461,
965,67461,0,-99.0,no,c1ls153,LS-BWD-153,67461 agglutinates 125-250 um (magnetically-separated),none,,,,,,soil,,"RELAB specimen: 67461 agglutinates 125-250 um (magnetically-separated); RELAB description: Agglutinates from Apollo 16 highland soil; Collection: Apollo 16 site, Station 11, Moon; Specimen type: Returned Lunar Sample; Material origin: Natural; Material type: Unconsolidated Mixture; Material subtypes: Particulate|Sorted; Atlas lithology: soil; Atlas description: chosen as a ""reference soil"" for the ""lunar highland initiative"" and is not greatly different from other soil samples from North Ray Crater; Parent source: atlas_sample_id",subsample_or_fraction,yes,https://www.lpi.usra.edu/lunar/samples/atlas/detail/?mission=Apollo%2016&sample=67461,
966,67461,0,-99.0,no,c1ls156,LS-BWD-156,67461 low-agglutinate remnant 125-250 um,none,,,,,,soil,67461 low-agglutinate remnant 125-250 um,"RELAB specimen: 67461 low-agglutinate remnant 125-250 um; RELAB description: Remnant after agglutinates removed from Apollo 16 highland soil; Collection: Apollo 16 site, Station 11, Moon; Specimen type: Returned Lunar Sample; Material origin: Natural; Material type: Unconsolidated Mixture; Material subtypes: Particulate|Sorted; Atlas lithology: soil; Atlas description: chosen as a ""reference soil"" for the ""lunar highland initiative"" and is not greatly different from other soil samples from North Ray Crater; Parent source: atlas_sample_id",subsample_or_fraction,yes,https://www.lpi.usra.edu/lunar/samples/atlas/detail/?mission=Apollo%2016&sample=67461,
967,67461,0,-99.0,no,c2ls145,LS-BWD-145,67461 bulk 125-250 um,none,,,,,,soil,,"RELAB specimen: 67461 bulk 125-250 um; RELAB description: Highland, Immature; Collection: Apollo 16 site, Station 11, Moon; Specimen type: Returned Lunar Sample; Material origin: Natural; Material type: Unconsolidated Mixture; Material subtypes: Particulate; Atlas lithology: soil; Atlas description: chosen as a ""reference soil"" for the ""lunar highland initiative"" and is not greatly different from other soil samples from North Ray Crater; Parent source: atlas_sample_id",subsample_or_fraction,yes,https://www.lpi.usra.edu/lunar/samples/atlas/detail/?mission=Apollo%2016&sample=67461,
968,67461,0,-99.0,no,c2ls153,LS-BWD-153,67461 agglutinates 125-250 um (magnetically-separated),none,,,,,,soil,,"RELAB specimen: 67461 agglutinates 125-250 um (magnetically-separated); RELAB description: Agglutinates from Apollo 16 highland soil; Collection: Apollo 16 site, Station 11, Moon; Specimen type: Returned Lunar Sample; Material origin: Natural; Material type: Unconsolidated Mixture; Material subtypes: Particulate|Sorted; Atlas lithology: soil; Atlas description: chosen as a ""reference soil"" for the ""lunar highland initiative"" and is not greatly different from other soil samples from North Ray Crater; Parent source: atlas_sample_id",subsample_or_fraction,yes,https://www.lpi.usra.edu/lunar/samples/atlas/detail/?mission=Apollo%2016&sample=67461,
969,67461,0,-99.0,no,c2ls156,LS-BWD-156,67461 low-agglutinate remnant 125-250 um,none,,,,,,soil,67461 low-agglutinate remnant 125-250 um,"RELAB specimen: 67461 low-agglutinate remnant 125-250 um; RELAB description: Remnant after agglutinates removed from Apollo 16 highland soil; Collection: Apollo 16 site, Station 11, Moon; Specimen type: Returned Lunar Sample; Material origin: Natural; Material type: Unconsolidated Mixture; Material subtypes: Particulate|Sorted; Atlas lithology: soil; Atlas description: chosen as a ""reference soil"" for the ""lunar highland initiative"" and is not greatly different from other soil samples from North Ray Crater; Parent source: atlas_sample_id",subsample_or_fraction,yes,https://www.lpi.usra.edu/lunar/samples/atlas/detail/?mission=Apollo%2016&sample=67461,
970,67461,0,-99.0,no,c3ls145,LS-BWD-145,67461 bulk 125-250 um,none,,,,,,soil,,"RELAB specimen: 67461 bulk 125-250 um; RELAB description: Highland, Immature; Collection: Apollo 16 site, Station 11, Moon; Specimen type: Returned Lunar Sample; Material origin: Natural; Material type: Unconsolidated Mixture; Material subtypes: Particulate; Atlas lithology: soil; Atlas description: chosen as a ""reference soil"" for the ""lunar highland initiative"" and is not greatly different from other soil samples from North Ray Crater; Parent source: atlas_sample_id",subsample_or_fraction,yes,https://www.lpi.usra.edu/lunar/samples/atlas/detail/?mission=Apollo%2016&sample=67461,
971,67461,0,-99.0,no,c3ls156,LS-BWD-156,67461 low-agglutinate remnant 125-250 um,none,,,,,,soil,67461 low-agglutinate remnant 125-250 um,"RELAB specimen: 67461 low-agglutinate remnant 125-250 um; RELAB description: Remnant after agglutinates removed from Apollo 16 highland soil; Collection: Apollo 16 site, Station 11, Moon; Specimen type: Returned Lunar Sample; Material origin: Natural; Material type: Unconsolidated Mixture; Material subtypes: Particulate|Sorted; Atlas lithology: soil; Atlas description: chosen as a ""reference soil"" for the ""lunar highland initiative"" and is not greatly different from other soil samples from North Ray Crater; Parent source: atlas_sample_id",subsample_or_fraction,yes,https://www.lpi.usra.edu/lunar/samples/atlas/detail/?mission=Apollo%2016&sample=67461,
972,67461,0,-99.0,no,c4ls145,LS-BWD-145,67461 bulk 125-250 um,none,,,,,,soil,,"RELAB specimen: 67461 bulk 125-250 um; RELAB description: Highland, Immature; Collection: Apollo 16 site, Station 11, Moon; Specimen type: Returned Lunar Sample; Material origin: Natural; Material type: Unconsolidated Mixture; Material subtypes: Particulate; Atlas lithology: soil; Atlas description: chosen as a ""reference soil"" for the ""lunar highland initiative"" and is not greatly different from other soil samples from North Ray Crater; Parent source: atlas_sample_id",subsample_or_fraction,yes,https://www.lpi.usra.edu/lunar/samples/atlas/detail/?mission=Apollo%2016&sample=67461,
973,67461,0,-99.0,no,c5ls145,LS-BWD-145,67461 bulk 125-250 um,none,,,,,,soil,,"RELAB specimen: 67461 bulk 125-250 um; RELAB description: Highland, Immature; Collection: Apollo 16 site, Station 11, Moon; Specimen type: Returned Lunar Sample; Material origin: Natural; Material type: Unconsolidated Mixture; Material subtypes: Particulate; Atlas lithology: soil; Atlas description: chosen as a ""reference soil"" for the ""lunar highland initiative"" and is not greatly different from other soil samples from North Ray Crater; Parent source: atlas_sample_id",subsample_or_fraction,yes,https://www.lpi.usra.edu/lunar/samples/atlas/detail/?mission=Apollo%2016&sample=67461,
974,67461,0,-99.0,no,cvls145,LS-BWD-145,67461 bulk 125-250 um,none,,,,,,soil,,"RELAB specimen: 67461 bulk 125-250 um; RELAB description: Highland, Immature; Collection: Apollo 16 site, Station 11, Moon; Specimen type: Returned Lunar Sample; Material origin: Natural; Material type: Unconsolidated Mixture; Material subtypes: Particulate; Atlas lithology: soil; Atlas description: chosen as a ""reference soil"" for the ""lunar highland initiative"" and is not greatly different from other soil samples from North Ray Crater; Parent source: atlas_sample_id",subsample_or_fraction,yes,https://www.lpi.usra.edu/lunar/samples/atlas/detail/?mission=Apollo%2016&sample=67461,
975,67461,0,-99.0,no,cvls153,LS-BWD-153,67461 agglutinates 125-250 um (magnetically-separated),none,,,,,,soil,,"RELAB specimen: 67461 agglutinates 125-250 um (magnetically-separated); RELAB description: Agglutinates from Apollo 16 highland soil; Collection: Apollo 16 site, Station 11, Moon; Specimen type: Returned Lunar Sample; Material origin: Natural; Material type: Unconsolidated Mixture; Material subtypes: Particulate|Sorted; Atlas lithology: soil; Atlas description: chosen as a ""reference soil"" for the ""lunar highland initiative"" and is not greatly different from other soil samples from North Ray Crater; Parent source: atlas_sample_id",subsample_or_fraction,yes,https://www.lpi.usra.edu/lunar/samples/atlas/detail/?mission=Apollo%2016&sample=67461,
976,67461,0,-99.0,no,cvls156,LS-BWD-156,67461 low-agglutinate remnant 125-250 um,none,,,,,,soil,67461 low-agglutinate remnant 125-250 um,"RELAB specimen: 67461 low-agglutinate remnant 125-250 um; RELAB description: Remnant after agglutinates removed from Apollo 16 highland soil; Collection: Apollo 16 site, Station 11, Moon; Specimen type: Returned Lunar Sample; Material origin: Natural; Material type: Unconsolidated Mixture; Material subtypes: Particulate|Sorted; Atlas lithology: soil; Atlas description: chosen as a ""reference soil"" for the ""lunar highland initiative"" and is not greatly different from other soil samples from North Ray Crater; Parent source: atlas_sample_id",subsample_or_fraction,yes,https://www.lpi.usra.edu/lunar/samples/atlas/detail/?mission=Apollo%2016&sample=67461,
977,67461,0,-99.0,no,k1ls145,LS-BWD-145,67461 bulk 125-250 um,none,,,,,,soil,,"RELAB specimen: 67461 bulk 125-250 um; RELAB description: Highland, Immature; Collection: Apollo 16 site, Station 11, Moon; Specimen type: Returned Lunar Sample; Material origin: Natural; Material type: Unconsolidated Mixture; Material subtypes: Particulate; Atlas lithology: soil; Atlas description: chosen as a ""reference soil"" for the ""lunar highland initiative"" and is not greatly different from other soil samples from North Ray Crater; Parent source: atlas_sample_id",subsample_or_fraction,yes,https://www.lpi.usra.edu/lunar/samples/atlas/detail/?mission=Apollo%2016&sample=67461,
978,67461,111,-99.0,no,cbls68,LS-CMP-068-B,"67461,111 500-1000 um",none,,,,,,soil,,"RELAB specimen: 67461,111 500-1000 um; RELAB description: Highland, ,; Collection: Apollo 16 site, Moon; Specimen type: Returned Lunar Sample; Material origin: Natural; Material type: Unconsolidated Mixture; Material subtypes: Particulate|Particulate Sorted|Highland; Atlas lithology: soil; Atlas description: chosen as a ""reference soil"" for the ""lunar highland initiative"" and is not greatly different from other soil samples from North Ray Crater; Parent source: atlas_sample_id",subsample_or_fraction,yes,https://www.lpi.usra.edu/lunar/samples/atlas/detail/?mission=Apollo%2016&sample=67461,
979,67461,112,-99.0,no,ccls68,LS-CMP-068-C,"67461,112 250-500 um",none,,,,,,soil,,"RELAB specimen: 67461,112 250-500 um; RELAB description: Highland, ,; Collection: Apollo 16 site, Moon; Specimen type: Returned Lunar Sample; Material origin: Natural; Material type: Unconsolidated Mixture; Material subtypes: Particulate|Particulate Sorted|Highland; Atlas lithology: soil; Atlas description: chosen as a ""reference soil"" for the ""lunar highland initiative"" and is not greatly different from other soil samples from North Ray Crater; Parent source: atlas_sample_id",subsample_or_fraction,yes,https://www.lpi.usra.edu/lunar/samples/atlas/detail/?mission=Apollo%2016&sample=67461,
980,67461,113,-99.0,no,cdls68,LS-CMP-068-D,"67461,113 150-250 um",none,,,,,,soil,,"RELAB specimen: 67461,113 150-250 um; RELAB description: Highland, ,; Collection: Apollo 16 site, Moon; Specimen type: Returned Lunar Sample; Material origin: Natural; Material type: Unconsolidated Mixture; Material subtypes: Particulate|Particulate Sorted|Highland; Atlas lithology: soil; Atlas description: chosen as a ""reference soil"" for the ""lunar highland initiative"" and is not greatly different from other soil samples from North Ray Crater; Parent source: atlas_sample_id",subsample_or_fraction,yes,https://www.lpi.usra.edu/lunar/samples/atlas/detail/?mission=Apollo%2016&sample=67461,
981,67461,114,-99.0,no,cels68,LS-CMP-068-E,"67461,114 90-150 um",none,,,,,,soil,,"RELAB specimen: 67461,114 90-150 um; RELAB description: Highland, ,; Collection: Apollo 16 site, Moon; Specimen type: Returned Lunar Sample; Material origin: Natural; Material type: Unconsolidated Mixture; Material subtypes: Particulate|Particulate Sorted|Highland; Atlas lithology: soil; Atlas description: chosen as a ""reference soil"" for the ""lunar highland initiative"" and is not greatly different from other soil samples from North Ray Crater; Parent source: atlas_sample_id",subsample_or_fraction,yes,https://www.lpi.usra.edu/lunar/samples/atlas/detail/?mission=Apollo%2016&sample=67461,
982,67461,115,-99.0,no,cfls68,LS-CMP-068-F,"67461,115 45-90 um",none,,,,,,soil,,"RELAB specimen: 67461,115 45-90 um; RELAB description: Highland, ,; Collection: Apollo 16 site, Moon; Specimen type: Returned Lunar Sample; Material origin: Natural; Material type: Unconsolidated Mixture; Material subtypes: Particulate|Particulate Sorted|Highland; Atlas lithology: soil; Atlas description: chosen as a ""reference soil"" for the ""lunar highland initiative"" and is not greatly different from other soil samples from North Ray Crater; Parent source: atlas_sample_id",subsample_or_fraction,yes,https://www.lpi.usra.edu/lunar/samples/atlas/detail/?mission=Apollo%2016&sample=67461,
983,67461,123,-99.0,no,chls68,LS-CMP-068-H,"67461,123 <20 um",none,,,,,,soil,,"RELAB specimen: 67461,123 <20 um; RELAB description: Highland, ,; Collection: Apollo 16 site, Moon; Specimen type: Returned Lunar Sample; Material origin: Natural; Material type: Unconsolidated Mixture; Material subtypes: Particulate|Particulate Sorted|Highland; Atlas lithology: soil; Atlas description: chosen as a ""reference soil"" for the ""lunar highland initiative"" and is not greatly different from other soil samples from North Ray Crater; Parent source: atlas_sample_id",subsample_or_fraction,yes,https://www.lpi.usra.edu/lunar/samples/atlas/detail/?mission=Apollo%2016&sample=67461,
984,67461,142,-99.0,no,bmr1lr113,LR-CMP-113,"67461,142",none,,,,,,soil,,"RELAB specimen: 67461,142; RELAB description: Water sieved for LSCC (Taylor project).; Collection: Apollo 16 site, Moon; Specimen type: Returned Lunar Sample; Material origin: Natural; Material type: Unconsolidated Mixture; Material subtypes: Particulate|Particulate Sorted; Atlas lithology: soil; Atlas description: chosen as a ""reference soil"" for the ""lunar highland initiative"" and is not greatly different from other soil samples from North Ray Crater; Parent source: atlas_sample_id",subsample_or_fraction,yes,https://www.lpi.usra.edu/lunar/samples/atlas/detail/?mission=Apollo%2016&sample=67461,
985,67461,142,-99.0,no,c1lr113,LR-CMP-113,"67461,142",none,,,,,,soil,,"RELAB specimen: 67461,142; RELAB description: Water sieved for LSCC (Taylor project).; Collection: Apollo 16 site, Moon; Specimen type: Returned Lunar Sample; Material origin: Natural; Material type: Unconsolidated Mixture; Material subtypes: Particulate|Particulate Sorted; Atlas lithology: soil; Atlas description: chosen as a ""reference soil"" for the ""lunar highland initiative"" and is not greatly different from other soil samples from North Ray Crater; Parent source: atlas_sample_id",subsample_or_fraction,yes,https://www.lpi.usra.edu/lunar/samples/atlas/detail/?mission=Apollo%2016&sample=67461,
986,67461,146,-99.0,no,bir3lr114,LR-CMP-114,"67461,146 20-45 um",none,,,,,,soil,,"RELAB specimen: 67461,146 20-45 um; RELAB description: Water sieved for LSCC (Taylor project).; Collection: Apollo 16 site, Moon; Specimen type: Returned Lunar Sample; Material origin: Natural; Material type: Unconsolidated Mixture; Material subtypes: Particulate|Particulate Sorted; Atlas lithology: soil; Atlas description: chosen as a ""reference soil"" for the ""lunar highland initiative"" and is not greatly different from other soil samples from North Ray Crater; Parent source: atlas_sample_id",subsample_or_fraction,yes,https://www.lpi.usra.edu/lunar/samples/atlas/detail/?mission=Apollo%2016&sample=67461,
987,67461,146,-99.0,no,bmr1lr114,LR-CMP-114,"67461,146 20-45 um",none,,,,,,soil,,"RELAB specimen: 67461,146 20-45 um; RELAB description: Water sieved for LSCC (Taylor project).; Collection: Apollo 16 site, Moon; Specimen type: Returned Lunar Sample; Material origin: Natural; Material type: Unconsolidated Mixture; Material subtypes: Particulate|Particulate Sorted; Atlas lithology: soil; Atlas description: chosen as a ""reference soil"" for the ""lunar highland initiative"" and is not greatly different from other soil samples from North Ray Crater; Parent source: atlas_sample_id",subsample_or_fraction,yes,https://www.lpi.usra.edu/lunar/samples/atlas/detail/?mission=Apollo%2016&sample=67461,
988,67461,146,-99.0,no,c1lr114,LR-CMP-114,"67461,146 20-45 um",none,,,,,,soil,,"RELAB specimen: 67461,146 20-45 um; RELAB description: Water sieved for LSCC (Taylor project).; Collection: Apollo 16 site, Moon; Specimen type: Returned Lunar Sample; Material origin: Natural; Material type: Unconsolidated Mixture; Material subtypes: Particulate|Particulate Sorted; Atlas lithology: soil; Atlas description: chosen as a ""reference soil"" for the ""lunar highland initiative"" and is not greatly different from other soil samples from North Ray Crater; Parent source: atlas_sample_id",subsample_or_fraction,yes,https://www.lpi.usra.edu/lunar/samples/atlas/detail/?mission=Apollo%2016&sample=67461,
989,67461,146,-99.0,no,c2lr114,LR-CMP-114,"67461,146 20-45 um",none,,,,,,soil,,"RELAB specimen: 67461,146 20-45 um; RELAB description: Water sieved for LSCC (Taylor project).; Collection: Apollo 16 site, Moon; Specimen type: Returned Lunar Sample; Material origin: Natural; Material type: Unconsolidated Mixture; Material subtypes: Particulate|Particulate Sorted; Atlas lithology: soil; Atlas description: chosen as a ""reference soil"" for the ""lunar highland initiative"" and is not greatly different from other soil samples from North Ray Crater; Parent source: atlas_sample_id",subsample_or_fraction,yes,https://www.lpi.usra.edu/lunar/samples/atlas/detail/?mission=Apollo%2016&sample=67461,
990,67461,151,-99.0,no,bmr1lr115,LR-CMP-115,"67461,151",none,,,,,,soil,,"RELAB specimen: 67461,151; RELAB description: Water sieved for LSCC (Taylor project).; Collection: Apollo 16 site, Moon; Specimen type: Returned Lunar Sample; Material origin: Natural; Material type: Unconsolidated Mixture; Material subtypes: Particulate|Particulate Sorted; Atlas lithology: soil; Atlas description: chosen as a ""reference soil"" for the ""lunar highland initiative"" and is not greatly different from other soil samples from North Ray Crater; Parent source: atlas_sample_id",subsample_or_fraction,yes,https://www.lpi.usra.edu/lunar/samples/atlas/detail/?mission=Apollo%2016&sample=67461,
991,67461,151,-99.0,no,c1lr115,LR-CMP-115,"67461,151",none,,,,,,soil,,"RELAB specimen: 67461,151; RELAB description: Water sieved for LSCC (Taylor project).; Collection: Apollo 16 site, Moon; Specimen type: Returned Lunar Sample; Material origin: Natural; Material type: Unconsolidated Mixture; Material subtypes: Particulate|Particulate Sorted; Atlas lithology: soil; Atlas description: chosen as a ""reference soil"" for the ""lunar highland initiative"" and is not greatly different from other soil samples from North Ray Crater; Parent source: atlas_sample_id",subsample_or_fraction,yes,https://www.lpi.usra.edu/lunar/samples/atlas/detail/?mission=Apollo%2016&sample=67461,
992,67461,155,-99.0,no,bmr1lr116,LR-CMP-116,"67461,155",none,,,,,,soil,,"RELAB specimen: 67461,155; RELAB description: Water sieved for LSCC (Taylor project).; Collection: Apollo 16 site, Moon; Specimen type: Returned Lunar Sample; Material origin: Natural; Material type: Unconsolidated Mixture; Material subtypes: Particulate|Particulate Sorted; Atlas lithology: soil; Atlas description: chosen as a ""reference soil"" for the ""lunar highland initiative"" and is not greatly different from other soil samples from North Ray Crater; Parent source: atlas_sample_id",subsample_or_fraction,yes,https://www.lpi.usra.edu/lunar/samples/atlas/detail/?mission=Apollo%2016&sample=67461,
993,67461,155,-99.0,no,c1lr116,LR-CMP-116,"67461,155",none,,,,,,soil,,"RELAB specimen: 67461,155; RELAB description: Water sieved for LSCC (Taylor project).; Collection: Apollo 16 site, Moon; Specimen type: Returned Lunar Sample; Material origin: Natural; Material type: Unconsolidated Mixture; Material subtypes: Particulate|Particulate Sorted; Atlas lithology: soil; Atlas description: chosen as a ""reference soil"" for the ""lunar highland initiative"" and is not greatly different from other soil samples from North Ray Crater; Parent source: atlas_sample_id",subsample_or_fraction,yes,https://www.lpi.usra.edu/lunar/samples/atlas/detail/?mission=Apollo%2016&sample=67461,
994,67461,162,-99.0,no,bir1ls115,LS-GJT-115,"67461,162 <150 um",none,,,,,,soil,,"RELAB specimen: 67461,162 <150 um; RELAB description: Highland, Bulk,; Collection: Apollo 16 site, Moon; Specimen type: Returned Lunar Sample; Material origin: Natural; Material type: Unconsolidated Mixture; Material subtypes: Particulate|Particulate Sorted|Highland; Atlas lithology: soil; Atlas description: chosen as a ""reference soil"" for the ""lunar highland initiative"" and is not greatly different from other soil samples from North Ray Crater; Parent source: atlas_sample_id",subsample_or_fraction,yes,https://www.lpi.usra.edu/lunar/samples/atlas/detail/?mission=Apollo%2016&sample=67461,
995,67461,162,-99.0,no,c1ls115,LS-GJT-115,"67461,162 <150 um",none,,,,,,soil,,"RELAB specimen: 67461,162 <150 um; RELAB description: Highland, Bulk,; Collection: Apollo 16 site, Moon; Specimen type: Returned Lunar Sample; Material origin: Natural; Material type: Unconsolidated Mixture; Material subtypes: Particulate|Particulate Sorted|Highland; Atlas lithology: soil; Atlas description: chosen as a ""reference soil"" for the ""lunar highland initiative"" and is not greatly different from other soil samples from North Ray Crater; Parent source: atlas_sample_id",subsample_or_fraction,yes,https://www.lpi.usra.edu/lunar/samples/atlas/detail/?mission=Apollo%2016&sample=67461,
996,67475,219,-99.0,no,c1ls95,LS-CMP-095,"67475,219",none,,,,,rake,breccia,,"RELAB specimen: 67475,219; RELAB description: Impact Melt , ,; Collection: Apollo 16 site, Moon; Specimen type: Returned Lunar Sample; Material origin: Natural; Material type: Rock; Material subtypes: Nonparticulate; Atlas type: rake; Atlas lithology: breccia; Atlas description: a tough purplish-grey, glassy breccia; Parent source: atlas_sample_id",subsample_or_fraction,yes,https://www.lpi.usra.edu/lunar/samples/atlas/detail/?mission=Apollo%2016&sample=67475,
997,67475,219,-99.0,no,c2ls95,LS-CMP-095,"67475,219",none,,,,,rake,breccia,,"RELAB specimen: 67475,219; RELAB description: Impact Melt , ,; Collection: Apollo 16 site, Moon; Specimen type: Returned Lunar Sample; Material origin: Natural; Material type: Rock; Material subtypes: Nonparticulate; Atlas type: rake; Atlas lithology: breccia; Atlas description: a tough purplish-grey, glassy breccia; Parent source: atlas_sample_id",subsample_or_fraction,yes,https://www.lpi.usra.edu/lunar/samples/atlas/detail/?mission=Apollo%2016&sample=67475,
998,67475,219,-99.0,no,cals95,LS-CMP-095-A,"67475,219",none,,,,,rake,breccia,,"RELAB specimen: 67475,219; RELAB description: Impact Melt; Collection: Apollo 16 site, Moon; Specimen type: Returned Lunar Sample; Material origin: Natural; Material type: Rock; Material subtypes: Particulate|Bulk Particulate; Atlas type: rake; Atlas lithology: breccia; Atlas description: a tough purplish-grey, glassy breccia; Parent source: atlas_sample_id",subsample_or_fraction,yes,https://www.lpi.usra.edu/lunar/samples/atlas/detail/?mission=Apollo%2016&sample=67475,
999,67481,70,-99.0,no,bmr1lr117,LR-CMP-117,"67481,70",none,,,,,,,noticeably coarser grain size and less mature compared with other lunar soils probably due to the fact that NRC is only 50 m.y. old,"RELAB specimen: 67481,70; RELAB description: Water sieved for LSCC (Taylor project).; Collection: Apollo 16 site, Moon; Specimen type: Returned Lunar Sample; Material origin: Natural; Material type: Unconsolidated Mixture; Material subtypes: Particulate|Particulate Sorted; Atlas description: noticeably coarser grain size and less mature compared with other lunar soils probably due to the fact that NRC is only 50 m.y. old; Parent source: atlas_sample_id",subsample_or_fraction,yes,https://www.lpi.usra.edu/lunar/samples/atlas/detail/?mission=Apollo%2016&sample=67481,
1000,67481,70,-99.0,no,c1lr117,LR-CMP-117,"67481,70",none,,,,,,,noticeably coarser grain size and less mature compared with other lunar soils probably due to the fact that NRC is only 50 m.y. old,"RELAB specimen: 67481,70; RELAB description: Water sieved for LSCC (Taylor project).; Collection: Apollo 16 site, Moon; Specimen type: Returned Lunar Sample; Material origin: Natural; Material type: Unconsolidated Mixture; Material subtypes: Particulate|Particulate Sorted; Atlas description: noticeably coarser grain size and less mature compared with other lunar soils probably due to the fact that NRC is only 50 m.y. old; Parent source: atlas_sample_id",subsample_or_fraction,yes,https://www.lpi.usra.edu/lunar/samples/atlas/detail/?mission=Apollo%2016&sample=67481,
1001,67481,74,-99.0,no,bmr1lr118,LR-CMP-118,"67481,74",none,,,,,,,noticeably coarser grain size and less mature compared with other lunar soils probably due to the fact that NRC is only 50 m.y. old,"RELAB specimen: 67481,74; RELAB description: Water sieved for LSCC (Taylor project).; Collection: Apollo 16 site, Moon; Specimen type: Returned Lunar Sample; Material origin: Natural; Material type: Unconsolidated Mixture; Material subtypes: Particulate|Particulate Sorted; Atlas description: noticeably coarser grain size and less mature compared with other lunar soils probably due to the fact that NRC is only 50 m.y. old; Parent source: atlas_sample_id",subsample_or_fraction,yes,https://www.lpi.usra.edu/lunar/samples/atlas/detail/?mission=Apollo%2016&sample=67481,
1002,67481,74,-99.0,no,c1lr118,LR-CMP-118,"67481,74",none,,,,,,,noticeably coarser grain size and less mature compared with other lunar soils probably due to the fact that NRC is only 50 m.y. old,"RELAB specimen: 67481,74; RELAB description: Water sieved for LSCC (Taylor project).; Collection: Apollo 16 site, Moon; Specimen type: Returned Lunar Sample; Material origin: Natural; Material type: Unconsolidated Mixture; Material subtypes: Particulate|Particulate Sorted; Atlas description: noticeably coarser grain size and less mature compared with other lunar soils probably due to the fact that NRC is only 50 m.y. old; Parent source: atlas_sample_id",subsample_or_fraction,yes,https://www.lpi.usra.edu/lunar/samples/atlas/detail/?mission=Apollo%2016&sample=67481,
1003,67481,79,-99.0,no,bmr1lr119,LR-CMP-119,"67481,79",none,,,,,,,noticeably coarser grain size and less mature compared with other lunar soils probably due to the fact that NRC is only 50 m.y. old,"RELAB specimen: 67481,79; RELAB description: Water sieved for LSCC (Taylor project).; Collection: Apollo 16 site, Moon; Specimen type: Returned Lunar Sample; Material origin: Natural; Material type: Unconsolidated Mixture; Material subtypes: Particulate|Particulate Sorted; Atlas description: noticeably coarser grain size and less mature compared with other lunar soils probably due to the fact that NRC is only 50 m.y. old; Parent source: atlas_sample_id",subsample_or_fraction,yes,https://www.lpi.usra.edu/lunar/samples/atlas/detail/?mission=Apollo%2016&sample=67481,
1004,67481,79,-99.0,no,c1lr119,LR-CMP-119,"67481,79",none,,,,,,,noticeably coarser grain size and less mature compared with other lunar soils probably due to the fact that NRC is only 50 m.y. old,"RELAB specimen: 67481,79; RELAB description: Water sieved for LSCC (Taylor project).; Collection: Apollo 16 site, Moon; Specimen type: Returned Lunar Sample; Material origin: Natural; Material type: Unconsolidated Mixture; Material subtypes: Particulate|Particulate Sorted; Atlas description: noticeably coarser grain size and less mature compared with other lunar soils probably due to the fact that NRC is only 50 m.y. old; Parent source: atlas_sample_id",subsample_or_fraction,yes,https://www.lpi.usra.edu/lunar/samples/atlas/detail/?mission=Apollo%2016&sample=67481,
1005,67481,84,-99.0,no,bmr1lr120,LR-CMP-120,"67481,84",none,,,,,,,noticeably coarser grain size and less mature compared with other lunar soils probably due to the fact that NRC is only 50 m.y. old,"RELAB specimen: 67481,84; RELAB description: Water sieved for LSCC (Taylor project).; Collection: Apollo 16 site, Moon; Specimen type: Returned Lunar Sample; Material origin: Natural; Material type: Unconsolidated Mixture; Material subtypes: Particulate|Particulate Sorted; Atlas description: noticeably coarser grain size and less mature compared with other lunar soils probably due to the fact that NRC is only 50 m.y. old; Parent source: atlas_sample_id",subsample_or_fraction,yes,https://www.lpi.usra.edu/lunar/samples/atlas/detail/?mission=Apollo%2016&sample=67481,
1006,67481,84,-99.0,no,c1lr120,LR-CMP-120,"67481,84",none,,,,,,,noticeably coarser grain size and less mature compared with other lunar soils probably due to the fact that NRC is only 50 m.y. old,"RELAB specimen: 67481,84; RELAB description: Water sieved for LSCC (Taylor project).; Collection: Apollo 16 site, Moon; Specimen type: Returned Lunar Sample; Material origin: Natural; Material type: Unconsolidated Mixture; Material subtypes: Particulate|Particulate Sorted; Atlas description: noticeably coarser grain size and less mature compared with other lunar soils probably due to the fact that NRC is only 50 m.y. old; Parent source: atlas_sample_id",subsample_or_fraction,yes,https://www.lpi.usra.edu/lunar/samples/atlas/detail/?mission=Apollo%2016&sample=67481,
1007,67511,24,-99.0,no,bir1ls128,LS-GJT-128,"67511,24 <150 um",none,,,,,rake,,,"RELAB specimen: 67511,24 <150 um; RELAB description: Highland, Bulk,; Collection: Apollo 16 site, Moon; Specimen type: Returned Lunar Sample; Material origin: Natural; Material type: Unconsolidated Mixture; Material subtypes: Particulate|Particulate Sorted|Highland; Atlas type: rake; Parent source: atlas_sample_id",subsample_or_fraction,yes,https://www.lpi.usra.edu/lunar/samples/atlas/detail/?mission=Apollo%2016&sample=67511,
1008,67511,24,-99.0,no,c1ls128,LS-GJT-128,"67511,24 <150 um",none,,,,,rake,,,"RELAB specimen: 67511,24 <150 um; RELAB description: Highland, Bulk,; Collection: Apollo 16 site, Moon; Specimen type: Returned Lunar Sample; Material origin: Natural; Material type: Unconsolidated Mixture; Material subtypes: Particulate|Particulate Sorted|Highland; Atlas type: rake; Parent source: atlas_sample_id",subsample_or_fraction,yes,https://www.lpi.usra.edu/lunar/samples/atlas/detail/?mission=Apollo%2016&sample=67511,
1009,67601,87,-99.0,no,bmr1ls104,LS-M1O-104,"67601,87",none,,,,,rake,soil,,"RELAB specimen: 67601,87; RELAB description: Highland, Bulk, SELENE Multiband Imager calibration; Collection: Apollo 16 site, Moon; Specimen type: Returned Lunar Sample; Material origin: Natural; Material type: Unconsolidated Mixture; Material subtypes: Particulate|Bulk Particulate|Highland; Atlas type: rake; Atlas lithology: soil; Parent source: atlas_sample_id",subsample_or_fraction,yes,https://www.lpi.usra.edu/lunar/samples/atlas/detail/?mission=Apollo%2016&sample=67601,
1010,67601,87,-99.0,no,cals104,LS-M1O-104,"67601,87",none,,,,,rake,soil,,"RELAB specimen: 67601,87; RELAB description: Highland, Bulk, SELENE Multiband Imager calibration; Collection: Apollo 16 site, Moon; Specimen type: Returned Lunar Sample; Material origin: Natural; Material type: Unconsolidated Mixture; Material subtypes: Particulate|Bulk Particulate|Highland; Atlas type: rake; Atlas lithology: soil; Parent source: atlas_sample_id",subsample_or_fraction,yes,https://www.lpi.usra.edu/lunar/samples/atlas/detail/?mission=Apollo%2016&sample=67601,
1011,67601,87,-99.0,no,cbls104,LS-M1O-104,"67601,87",none,,,,,rake,soil,,"RELAB specimen: 67601,87; RELAB description: Highland, Bulk, SELENE Multiband Imager calibration; Collection: Apollo 16 site, Moon; Specimen type: Returned Lunar Sample; Material origin: Natural; Material type: Unconsolidated Mixture; Material subtypes: Particulate|Bulk Particulate|Highland; Atlas type: rake; Atlas lithology: soil; Parent source: atlas_sample_id",subsample_or_fraction,yes,https://www.lpi.usra.edu/lunar/samples/atlas/detail/?mission=Apollo%2016&sample=67601,
1012,67627,13,-99.0,no,c1lr01,LR-CMP-001,"67627,13",none,,,,,rake,breccia,,"RELAB specimen: 67627,13; RELAB description: Impact Melt , , Dark brown, vesicular rock; Collection: Apollo 16 site, Moon; Specimen type: Returned Lunar Sample; Material origin: Natural; Material type: Rock; Material subtypes: Nonparticulate|Chip; Atlas type: rake; Atlas lithology: breccia; Atlas description: glass-cemented aggregates; Parent source: atlas_sample_id",subsample_or_fraction,yes,https://www.lpi.usra.edu/lunar/samples/atlas/detail/?mission=Apollo%2016&sample=67627,
1013,67627,13,-99.0,no,c2lr01,LR-CMP-001,"67627,13",none,,,,,rake,breccia,,"RELAB specimen: 67627,13; RELAB description: Impact Melt , , Dark brown, vesicular rock; Collection: Apollo 16 site, Moon; Specimen type: Returned Lunar Sample; Material origin: Natural; Material type: Rock; Material subtypes: Nonparticulate|Chip; Atlas type: rake; Atlas lithology: breccia; Atlas description: glass-cemented aggregates; Parent source: atlas_sample_id",subsample_or_fraction,yes,https://www.lpi.usra.edu/lunar/samples/atlas/detail/?mission=Apollo%2016&sample=67627,
1014,67627,13,-99.0,no,c3lr01,LR-CMP-001,"67627,13",none,,,,,rake,breccia,,"RELAB specimen: 67627,13; RELAB description: Impact Melt , , Dark brown, vesicular rock; Collection: Apollo 16 site, Moon; Specimen type: Returned Lunar Sample; Material origin: Natural; Material type: Rock; Material subtypes: Nonparticulate|Chip; Atlas type: rake; Atlas lithology: breccia; Atlas description: glass-cemented aggregates; Parent source: atlas_sample_id",subsample_or_fraction,yes,https://www.lpi.usra.edu/lunar/samples/atlas/detail/?mission=Apollo%2016&sample=67627,
1015,67627,13,-99.0,no,calr01,LR-CMP-001-A,"67627,13",none,,,,,rake,breccia,,"RELAB specimen: 67627,13; RELAB description: Impact Melt; Collection: Apollo 16 site, Moon; Specimen type: Returned Lunar Sample; Material origin: Natural; Material type: Rock; Material subtypes: Particulate|Bulk Particulate; Atlas type: rake; Atlas lithology: breccia; Atlas description: glass-cemented aggregates; Parent source: atlas_sample_id",subsample_or_fraction,yes,https://www.lpi.usra.edu/lunar/samples/atlas/detail/?mission=Apollo%2016&sample=67627,
1016,67627,17,-99.0,no,c1lr02,LR-CMP-002,"67627,17",none,,,,,rake,breccia,,"RELAB specimen: 67627,17; RELAB description: Impact Melt , ,; Collection: Apollo 16 site, Moon; Specimen type: Returned Lunar Sample; Material origin: Natural; Material type: Rock; Material subtypes: Nonparticulate|Chip; Atlas type: rake; Atlas lithology: breccia; Atlas description: glass-cemented aggregates; Parent source: atlas_sample_id",subsample_or_fraction,yes,https://www.lpi.usra.edu/lunar/samples/atlas/detail/?mission=Apollo%2016&sample=67627,
1017,67627,17,-99.0,no,c2lr02,LR-CMP-002,"67627,17",none,,,,,rake,breccia,,"RELAB specimen: 67627,17; RELAB description: Impact Melt , ,; Collection: Apollo 16 site, Moon; Specimen type: Returned Lunar Sample; Material origin: Natural; Material type: Rock; Material subtypes: Nonparticulate|Chip; Atlas type: rake; Atlas lithology: breccia; Atlas description: glass-cemented aggregates; Parent source: atlas_sample_id",subsample_or_fraction,yes,https://www.lpi.usra.edu/lunar/samples/atlas/detail/?mission=Apollo%2016&sample=67627,
1018,67627,17,-99.0,no,c3lr02,LR-CMP-002,"67627,17",none,,,,,rake,breccia,,"RELAB specimen: 67627,17; RELAB description: Impact Melt , ,; Collection: Apollo 16 site, Moon; Specimen type: Returned Lunar Sample; Material origin: Natural; Material type: Rock; Material subtypes: Nonparticulate|Chip; Atlas type: rake; Atlas lithology: breccia; Atlas description: glass-cemented aggregates; Parent source: atlas_sample_id",subsample_or_fraction,yes,https://www.lpi.usra.edu/lunar/samples/atlas/detail/?mission=Apollo%2016&sample=67627,
1019,67627,17,-99.0,no,calr02,LR-CMP-002-A,"67627,17",none,,,,,rake,breccia,,"RELAB specimen: 67627,17; RELAB description: Impact Melt; Collection: Apollo 16 site, Moon; Specimen type: Returned Lunar Sample; Material origin: Natural; Material type: Rock; Material subtypes: Particulate|Bulk Particulate; Atlas type: rake; Atlas lithology: breccia; Atlas description: glass-cemented aggregates; Parent source: atlas_sample_id",subsample_or_fraction,yes,https://www.lpi.usra.edu/lunar/samples/atlas/detail/?mission=Apollo%2016&sample=67627,
1020,67627,17,-99.0,no,cblr02,LR-CMP-002-B,"67627,17",none,,,,,rake,breccia,,"RELAB specimen: 67627,17; RELAB description: Impact Melt, Dry sieved.; Collection: Apollo 16 site, Moon; Specimen type: Returned Lunar Sample; Material origin: Natural; Material type: Rock; Material subtypes: Particulate; Atlas type: rake; Atlas lithology: breccia; Atlas description: glass-cemented aggregates; Parent source: atlas_sample_id",subsample_or_fraction,yes,https://www.lpi.usra.edu/lunar/samples/atlas/detail/?mission=Apollo%2016&sample=67627,
1021,67627,17,-99.0,no,cclr02,LR-CMP-002-C,"67627,17",none,,,,,rake,breccia,,"RELAB specimen: 67627,17; RELAB description: Impact Melt, Wet sieved with ethanol; Collection: Apollo 16 site, Moon; Specimen type: Returned Lunar Sample; Material origin: Natural; Material type: Rock; Material subtypes: Particulate; Atlas type: rake; Atlas lithology: breccia; Atlas description: glass-cemented aggregates; Parent source: atlas_sample_id",subsample_or_fraction,yes,https://www.lpi.usra.edu/lunar/samples/atlas/detail/?mission=Apollo%2016&sample=67627,
1022,67627,17,-99.0,no,cdlr02,LR-CMP-002-D,"67627,17",none,,,,,rake,breccia,,"RELAB specimen: 67627,17; RELAB description: Impact Melt, Wet sieved with ethanol; Collection: Apollo 16 site, Moon; Specimen type: Returned Lunar Sample; Material origin: Natural; Material type: Rock; Material subtypes: Particulate; Atlas type: rake; Atlas lithology: breccia; Atlas description: glass-cemented aggregates; Parent source: atlas_sample_id",subsample_or_fraction,yes,https://www.lpi.usra.edu/lunar/samples/atlas/detail/?mission=Apollo%2016&sample=67627,
1023,67627,17,-99.0,no,celr02,LR-CMP-002-E,"67627,17",none,,,,,rake,breccia,,"RELAB specimen: 67627,17; RELAB description: Impact Melt, Wet sieved with ethanol; Collection: Apollo 16 site, Moon; Specimen type: Returned Lunar Sample; Material origin: Natural; Material type: Rock; Material subtypes: Particulate; Atlas type: rake; Atlas lithology: breccia; Atlas description: glass-cemented aggregates; Parent source: atlas_sample_id",subsample_or_fraction,yes,https://www.lpi.usra.edu/lunar/samples/atlas/detail/?mission=Apollo%2016&sample=67627,
1024,67701,37,-99.0,no,bir1ls116,LS-GJT-116,"67701,37 <150 um",none,,,,,rake,soil,,"RELAB specimen: 67701,37 <150 um; RELAB description: Highland, Bulk,; Collection: Apollo 16 site, Moon; Specimen type: Returned Lunar Sample; Material origin: Natural; Material type: Unconsolidated Mixture; Material subtypes: Particulate|Particulate Sorted|Highland; Atlas type: rake; Atlas lithology: soil; Parent source: atlas_sample_id",subsample_or_fraction,yes,https://www.lpi.usra.edu/lunar/samples/atlas/detail/?mission=Apollo%2016&sample=67701,
1025,67701,37,-99.0,no,c1ls116,LS-GJT-116,"67701,37 <150 um",none,,,,,rake,soil,,"RELAB specimen: 67701,37 <150 um; RELAB description: Highland, Bulk,; Collection: Apollo 16 site, Moon; Specimen type: Returned Lunar Sample; Material origin: Natural; Material type: Unconsolidated Mixture; Material subtypes: Particulate|Particulate Sorted|Highland; Atlas type: rake; Atlas lithology: soil; Parent source: atlas_sample_id",subsample_or_fraction,yes,https://www.lpi.usra.edu/lunar/samples/atlas/detail/?mission=Apollo%2016&sample=67701,
1026,67701,181,-99.0,no,cbls67,LS-CMP-067-B,"67701,181 500-1000 um",none,,,,,rake,soil,,"RELAB specimen: 67701,181 500-1000 um; RELAB description: Highland, For study of lunar soil optical alteration.; Collection: Apollo 16 site, Moon; Specimen type: Returned Lunar Sample; Material origin: Natural; Material type: Unconsolidated Mixture; Material subtypes: Particulate|Particulate Sorted|Highland; Atlas type: rake; Atlas lithology: soil; Parent source: atlas_sample_id",subsample_or_fraction,yes,https://www.lpi.usra.edu/lunar/samples/atlas/detail/?mission=Apollo%2016&sample=67701,
1027,67701,182,-99.0,no,ccls67,LS-CMP-067-C,"67701,182 250-500 um",none,,,,,rake,soil,,"RELAB specimen: 67701,182 250-500 um; RELAB description: Highland, For study of lunar soil optical alteration.; Collection: Apollo 16 site, Moon; Specimen type: Returned Lunar Sample; Material origin: Natural; Material type: Unconsolidated Mixture; Material subtypes: Particulate|Particulate Sorted|Highland; Atlas type: rake; Atlas lithology: soil; Parent source: atlas_sample_id",subsample_or_fraction,yes,https://www.lpi.usra.edu/lunar/samples/atlas/detail/?mission=Apollo%2016&sample=67701,
1028,67701,183,-99.0,no,cdls67,LS-CMP-067-D,"67701,183 150-250 um",none,,,,,rake,soil,,"RELAB specimen: 67701,183 150-250 um; RELAB description: Highland, For study of lunar soil optical alteration.; Collection: Apollo 16 site, Moon; Specimen type: Returned Lunar Sample; Material origin: Natural; Material type: Unconsolidated Mixture; Material subtypes: Particulate|Particulate Sorted|Highland; Atlas type: rake; Atlas lithology: soil; Parent source: atlas_sample_id",subsample_or_fraction,yes,https://www.lpi.usra.edu/lunar/samples/atlas/detail/?mission=Apollo%2016&sample=67701,
1029,67701,184,-99.0,no,cdls64,LS-CMP-064-D,"67701,184 90-150 um",none,,,,,rake,soil,,"RELAB specimen: 67701,184 90-150 um; RELAB description: Highland submature soil separated from 67701,180 bulk sample (LS-CMP-067-A); Collection: Apollo 16 site, Moon; Specimen type: Returned Lunar Sample; Material origin: Natural; Material type: Unconsolidated Mixture; Material subtypes: Particulate|Highland; Atlas type: rake; Atlas lithology: soil; Parent source: atlas_sample_id",subsample_or_fraction,yes,https://www.lpi.usra.edu/lunar/samples/atlas/detail/?mission=Apollo%2016&sample=67701,
1030,67701,184,-99.0,no,mals67e,LS-CMP-067-E,"67701,184 90-150 um",none,,,,,rake,soil,,"RELAB specimen: 67701,184 90-150 um; RELAB description: Highland, For study of lunar soil optical alteration.; Collection: Apollo 16 site, Moon; Specimen type: Returned Lunar Sample; Material origin: Natural; Material type: Unconsolidated Mixture; Material subtypes: Particulate|Particulate Sorted|Highland; Atlas type: rake; Atlas lithology: soil; Parent source: atlas_sample_id",subsample_or_fraction,yes,https://www.lpi.usra.edu/lunar/samples/atlas/detail/?mission=Apollo%2016&sample=67701,
1031,67701,185,-99.0,no,cfls67,LS-CMP-067-F,"67701,185 45-90 um",none,,,,,rake,soil,,"RELAB specimen: 67701,185 45-90 um; RELAB description: Highland, For study of lunar soil optical alteration.; Collection: Apollo 16 site, Moon; Specimen type: Returned Lunar Sample; Material origin: Natural; Material type: Unconsolidated Mixture; Material subtypes: Particulate|Particulate Sorted|Highland; Atlas type: rake; Atlas lithology: soil; Parent source: atlas_sample_id",subsample_or_fraction,yes,https://www.lpi.usra.edu/lunar/samples/atlas/detail/?mission=Apollo%2016&sample=67701,
1032,67701,185,-99.0,no,mals67f,LS-CMP-067-F,"67701,185 45-90 um",none,,,,,rake,soil,,"RELAB specimen: 67701,185 45-90 um; RELAB description: Highland, For study of lunar soil optical alteration.; Collection: Apollo 16 site, Moon; Specimen type: Returned Lunar Sample; Material origin: Natural; Material type: Unconsolidated Mixture; Material subtypes: Particulate|Particulate Sorted|Highland; Atlas type: rake; Atlas lithology: soil; Parent source: atlas_sample_id",subsample_or_fraction,yes,https://www.lpi.usra.edu/lunar/samples/atlas/detail/?mission=Apollo%2016&sample=67701,
1033,67701,186,-99.0,no,cbls64,LS-CMP-064-B,"67701,186 20-45 um",none,,,,,rake,soil,,"RELAB specimen: 67701,186 20-45 um; RELAB description: Highland submature soil separated from 67701,180 bulk sample (LS-CMP-067-A); Collection: Apollo 16 site, Moon; Specimen type: Returned Lunar Sample; Material origin: Natural; Material type: Unconsolidated Mixture; Material subtypes: Particulate|Highland; Atlas type: rake; Atlas lithology: soil; Parent source: atlas_sample_id",subsample_or_fraction,yes,https://www.lpi.usra.edu/lunar/samples/atlas/detail/?mission=Apollo%2016&sample=67701,
1034,67701,186,-99.0,no,cgls67,LS-CMP-067-G,"67701,186 20-45 um",none,,,,,rake,soil,,"RELAB specimen: 67701,186 20-45 um; RELAB description: Highland, For study of lunar soil optical alteration.; Collection: Apollo 16 site, Moon; Specimen type: Returned Lunar Sample; Material origin: Natural; Material type: Unconsolidated Mixture; Material subtypes: Particulate|Particulate Sorted|Highland; Atlas type: rake; Atlas lithology: soil; Parent source: atlas_sample_id",subsample_or_fraction,yes,https://www.lpi.usra.edu/lunar/samples/atlas/detail/?mission=Apollo%2016&sample=67701,
1035,67701,187,-99.0,no,cals64,LS-CMP-064-A,"67701,187 <20 um",none,,,,,rake,soil,,"RELAB specimen: 67701,187 <20 um; RELAB description: Highland submature soil separated from 67701,180 bulk sample (LS-CMP-067-A); Collection: Apollo 16 site, Moon; Specimen type: Returned Lunar Sample; Material origin: Natural; Material type: Unconsolidated Mixture; Material subtypes: Particulate|Highland; Atlas type: rake; Atlas lithology: soil; Parent source: atlas_sample_id",subsample_or_fraction,yes,https://www.lpi.usra.edu/lunar/samples/atlas/detail/?mission=Apollo%2016&sample=67701,
1036,67701,188,-99.0,no,m1ls67a,LS-CMP-067-A,"67701,188 (from 67701,180) bulk",none,,,,,rake,soil,,"RELAB specimen: 67701,188 (from 67701,180) bulk; RELAB description: Highland, Bulk Submature, For study of lunar soil optical alteration.; Collection: Apollo 16 site, Moon; Specimen type: Returned Lunar Sample; Material origin: Natural; Material type: Unconsolidated Mixture; Material subtypes: Particulate|Particulate Unsorted|Highland; Atlas type: rake; Atlas lithology: soil; Parent source: atlas_sample_id",subsample_or_fraction,yes,https://www.lpi.usra.edu/lunar/samples/atlas/detail/?mission=Apollo%2016&sample=67701,
1037,67701,188,-99.0,no,m2ls67a,LS-CMP-067-A,"67701,188 (from 67701,180) bulk",none,,,,,rake,soil,,"RELAB specimen: 67701,188 (from 67701,180) bulk; RELAB description: Highland, Bulk Submature, For study of lunar soil optical alteration.; Collection: Apollo 16 site, Moon; Specimen type: Returned Lunar Sample; Material origin: Natural; Material type: Unconsolidated Mixture; Material subtypes: Particulate|Particulate Unsorted|Highland; Atlas type: rake; Atlas lithology: soil; Parent source: atlas_sample_id",subsample_or_fraction,yes,https://www.lpi.usra.edu/lunar/samples/atlas/detail/?mission=Apollo%2016&sample=67701,
1038,67701,188,-99.0,no,mals67a,LS-CMP-067-A,"67701,188 (from 67701,180) bulk",none,,,,,rake,soil,,"RELAB specimen: 67701,188 (from 67701,180) bulk; RELAB description: Highland, Bulk Submature, For study of lunar soil optical alteration.; Collection: Apollo 16 site, Moon; Specimen type: Returned Lunar Sample; Material origin: Natural; Material type: Unconsolidated Mixture; Material subtypes: Particulate|Particulate Unsorted|Highland; Atlas type: rake; Atlas lithology: soil; Parent source: atlas_sample_id",subsample_or_fraction,yes,https://www.lpi.usra.edu/lunar/samples/atlas/detail/?mission=Apollo%2016&sample=67701,
1039,67701,199,-99.0,no,chls67,LS-CMP-067-H,"67701,199 <20 um",none,,,,,rake,soil,,"RELAB specimen: 67701,199 <20 um; RELAB description: Highland, For study of lunar soil optical alteration.; Collection: Apollo 16 site, Moon; Specimen type: Returned Lunar Sample; Material origin: Natural; Material type: Unconsolidated Mixture; Material subtypes: Particulate|Particulate Sorted|Highland; Atlas type: rake; Atlas lithology: soil; Parent source: atlas_sample_id",subsample_or_fraction,yes,https://www.lpi.usra.edu/lunar/samples/atlas/detail/?mission=Apollo%2016&sample=67701,
1040,67701,199,-99.0,no,mals67h,LS-CMP-067-H,"67701,199 <20 um",none,,,,,rake,soil,,"RELAB specimen: 67701,199 <20 um; RELAB description: Highland, For study of lunar soil optical alteration.; Collection: Apollo 16 site, Moon; Specimen type: Returned Lunar Sample; Material origin: Natural; Material type: Unconsolidated Mixture; Material subtypes: Particulate|Particulate Sorted|Highland; Atlas type: rake; Atlas lithology: soil; Parent source: atlas_sample_id",subsample_or_fraction,yes,https://www.lpi.usra.edu/lunar/samples/atlas/detail/?mission=Apollo%2016&sample=67701,
1041,67701,200,-99.0,no,cils67,LS-CMP-067-I,"67701,200 10-20 um",none,,,,,rake,soil,,"RELAB specimen: 67701,200 10-20 um; RELAB description: Highland, For study of lunar soil optical alteration.; Collection: Apollo 16 site, Moon; Specimen type: Returned Lunar Sample; Material origin: Natural; Material type: Unconsolidated Mixture; Material subtypes: Particulate|Particulate Sorted|Highland; Atlas type: rake; Atlas lithology: soil; Parent source: atlas_sample_id",subsample_or_fraction,yes,https://www.lpi.usra.edu/lunar/samples/atlas/detail/?mission=Apollo%2016&sample=67701,
1042,67701,202,-99.0,no,cjls67,LS-CMP-067-J,"67701,202 <10 um",none,,,,,rake,soil,,"RELAB specimen: 67701,202 <10 um; RELAB description: Highland, For study of lunar soil optical alteration.; Collection: Apollo 16 site, Moon; Specimen type: Returned Lunar Sample; Material origin: Natural; Material type: Unconsolidated Mixture; Material subtypes: Particulate|Particulate Sorted|Highland; Atlas type: rake; Atlas lithology: soil; Parent source: atlas_sample_id",subsample_or_fraction,yes,https://www.lpi.usra.edu/lunar/samples/atlas/detail/?mission=Apollo%2016&sample=67701,
1043,67711,42,-99.0,no,bir1ls129,LS-GJT-129,"67711,42 <150 um",none,,,,,rake,,,"RELAB specimen: 67711,42 <150 um; RELAB description: Highland, Bulk,; Collection: Apollo 16 site, Moon; Specimen type: Returned Lunar Sample; Material origin: Natural; Material type: Unconsolidated Mixture; Material subtypes: Particulate|Particulate Sorted|Highland; Atlas type: rake; Parent source: atlas_sample_id",subsample_or_fraction,yes,https://www.lpi.usra.edu/lunar/samples/atlas/detail/?mission=Apollo%2016&sample=67711,
1044,67711,42,-99.0,no,c1ls129,LS-GJT-129,"67711,42 <150 um",none,,,,,rake,,,"RELAB specimen: 67711,42 <150 um; RELAB description: Highland, Bulk,; Collection: Apollo 16 site, Moon; Specimen type: Returned Lunar Sample; Material origin: Natural; Material type: Unconsolidated Mixture; Material subtypes: Particulate|Particulate Sorted|Highland; Atlas type: rake; Parent source: atlas_sample_id",subsample_or_fraction,yes,https://www.lpi.usra.edu/lunar/samples/atlas/detail/?mission=Apollo%2016&sample=67711,
1045,67729,19,-99.0,no,c1ls87,LS-CMP-087,"67729,19",none,,,,,rake,breccia,,"RELAB specimen: 67729,19; RELAB description: Impact Melt , Glass ,; Collection: Apollo 16 site, Moon; Specimen type: Returned Lunar Sample; Material origin: Natural; Material type: Rock; Material subtypes: Nonparticulate|Chip; Atlas type: rake; Atlas lithology: breccia; Atlas description: vesicular glass breccia with significant clasts, and has the appearance of a ""glass bomb"". It has zap pits on all sides.; Parent source: atlas_sample_id",subsample_or_fraction,yes,https://www.lpi.usra.edu/lunar/samples/atlas/detail/?mission=Apollo%2016&sample=67729,
1046,67729,19,-99.0,no,cals87,LS-CMP-087-A,"67729,19",none,,,,,rake,breccia,,"RELAB specimen: 67729,19; RELAB description: Impact Melt; Collection: Apollo 16 site, Moon; Specimen type: Returned Lunar Sample; Material origin: Natural; Material type: Rock; Material subtypes: Particulate|Bulk Particulate; Atlas type: rake; Atlas lithology: breccia; Atlas description: vesicular glass breccia with significant clasts, and has the appearance of a ""glass bomb"". It has zap pits on all sides.; Parent source: atlas_sample_id",subsample_or_fraction,yes,https://www.lpi.usra.edu/lunar/samples/atlas/detail/?mission=Apollo%2016&sample=67729,
1047,67729,19,-99.0,no,cbls87,LS-CMP-087-B,"67729,19",none,,,,,rake,breccia,,"RELAB specimen: 67729,19; RELAB description: Impact Melt, Dry sieved.; Collection: Apollo 16 site, Moon; Specimen type: Returned Lunar Sample; Material origin: Natural; Material type: Rock; Material subtypes: Particulate; Atlas type: rake; Atlas lithology: breccia; Atlas description: vesicular glass breccia with significant clasts, and has the appearance of a ""glass bomb"". It has zap pits on all sides.; Parent source: atlas_sample_id",subsample_or_fraction,yes,https://www.lpi.usra.edu/lunar/samples/atlas/detail/?mission=Apollo%2016&sample=67729,
1048,67729,19,-99.0,no,ccls87,LS-CMP-087-C,"67729,19",none,,,,,rake,breccia,,"RELAB specimen: 67729,19; RELAB description: Impact Melt, Wet sieved with ethanol; Collection: Apollo 16 site, Moon; Specimen type: Returned Lunar Sample; Material origin: Natural; Material type: Rock; Material subtypes: Particulate; Atlas type: rake; Atlas lithology: breccia; Atlas description: vesicular glass breccia with significant clasts, and has the appearance of a ""glass bomb"". It has zap pits on all sides.; Parent source: atlas_sample_id",subsample_or_fraction,yes,https://www.lpi.usra.edu/lunar/samples/atlas/detail/?mission=Apollo%2016&sample=67729,
1049,67729,19,-99.0,no,cdls87,LS-CMP-087-D,"67729,19",none,,,,,rake,breccia,,"RELAB specimen: 67729,19; RELAB description: Impact Melt, Wet sieved with ethanol; Collection: Apollo 16 site, Moon; Specimen type: Returned Lunar Sample; Material origin: Natural; Material type: Rock; Material subtypes: Particulate; Atlas type: rake; Atlas lithology: breccia; Atlas description: vesicular glass breccia with significant clasts, and has the appearance of a ""glass bomb"". It has zap pits on all sides.; Parent source: atlas_sample_id",subsample_or_fraction,yes,https://www.lpi.usra.edu/lunar/samples/atlas/detail/?mission=Apollo%2016&sample=67729,
1050,67729,19,-99.0,no,cels87,LS-CMP-087-E,"67729,19",none,,,,,rake,breccia,,"RELAB specimen: 67729,19; RELAB description: Impact Melt, Wet sieved with ethanol; Collection: Apollo 16 site, Moon; Specimen type: Returned Lunar Sample; Material origin: Natural; Material type: Rock; Material subtypes: Particulate; Atlas type: rake; Atlas lithology: breccia; Atlas description: vesicular glass breccia with significant clasts, and has the appearance of a ""glass bomb"". It has zap pits on all sides.; Parent source: atlas_sample_id",subsample_or_fraction,yes,https://www.lpi.usra.edu/lunar/samples/atlas/detail/?mission=Apollo%2016&sample=67729,
1051,67936,29,-99.0,no,c2ls90,LS-CMP-090,"67936,29",none,,,,,rock,basalt,,"RELAB specimen: 67936,29; RELAB description: Impact Melt , Glass + Basaltic Melt , Basaltic impact melt cut by glass veins; Collection: Apollo 16 site, Moon; Specimen type: Returned Lunar Sample; Material origin: Natural; Material type: Rock; Material subtypes: Nonparticulate|Chip; Atlas type: rock; Atlas lithology: basalt; Atlas description: thin veins of black glass, texture of fine-grained subophitic basalt; Parent source: atlas_sample_id",subsample_or_fraction,yes,https://www.lpi.usra.edu/lunar/samples/atlas/detail/?mission=Apollo%2016&sample=67936,
1052,67936,29,-99.0,no,c3ls90,LS-CMP-090,"67936,29",none,,,,,rock,basalt,,"RELAB specimen: 67936,29; RELAB description: Impact Melt , Glass + Basaltic Melt , Basaltic impact melt cut by glass veins; Collection: Apollo 16 site, Moon; Specimen type: Returned Lunar Sample; Material origin: Natural; Material type: Rock; Material subtypes: Nonparticulate|Chip; Atlas type: rock; Atlas lithology: basalt; Atlas description: thin veins of black glass, texture of fine-grained subophitic basalt; Parent source: atlas_sample_id",subsample_or_fraction,yes,https://www.lpi.usra.edu/lunar/samples/atlas/detail/?mission=Apollo%2016&sample=67936,
1053,67936,29,-99.0,no,c4ls90,LS-CMP-090,"67936,29",none,,,,,rock,basalt,,"RELAB specimen: 67936,29; RELAB description: Impact Melt , Glass + Basaltic Melt , Basaltic impact melt cut by glass veins; Collection: Apollo 16 site, Moon; Specimen type: Returned Lunar Sample; Material origin: Natural; Material type: Rock; Material subtypes: Nonparticulate|Chip; Atlas type: rock; Atlas lithology: basalt; Atlas description: thin veins of black glass, texture of fine-grained subophitic basalt; Parent source: atlas_sample_id",subsample_or_fraction,yes,https://www.lpi.usra.edu/lunar/samples/atlas/detail/?mission=Apollo%2016&sample=67936,
1054,67936,29,-99.0,no,cals90,LS-CMP-090-A,"67936,29",none,,,,,rock,basalt,,"RELAB specimen: 67936,29; RELAB description: Impact Melt; Collection: Apollo 16 site, Moon; Specimen type: Returned Lunar Sample; Material origin: Natural; Material type: Rock; Material subtypes: Particulate|Bulk Particulate; Atlas type: rock; Atlas lithology: basalt; Atlas description: thin veins of black glass, texture of fine-grained subophitic basalt; Parent source: atlas_sample_id",subsample_or_fraction,yes,https://www.lpi.usra.edu/lunar/samples/atlas/detail/?mission=Apollo%2016&sample=67936,
1055,67936,29,-99.0,no,cwls90,LS-CMP-090,"67936,29",none,,,,,rock,basalt,,"RELAB specimen: 67936,29; RELAB description: Impact Melt , Glass + Basaltic Melt , Basaltic impact melt cut by glass veins; Collection: Apollo 16 site, Moon; Specimen type: Returned Lunar Sample; Material origin: Natural; Material type: Rock; Material subtypes: Nonparticulate|Chip; Atlas type: rock; Atlas lithology: basalt; Atlas description: thin veins of black glass, texture of fine-grained subophitic basalt; Parent source: atlas_sample_id",subsample_or_fraction,yes,https://www.lpi.usra.edu/lunar/samples/atlas/detail/?mission=Apollo%2016&sample=67936,
1056,67941,69,-99.0,no,c2ls81,LS-CMP-081,"67941,69",none,,,,,,soil,immature soils from the rim of fresh North Ray Crater. House Rock and other samples of North Ray Crater are breccias,"RELAB specimen: 67941,69; RELAB description: Highland, Bulk,; Collection: Apollo 16 site, Moon; Specimen type: Returned Lunar Sample; Material origin: Natural; Material type: Unconsolidated Mixture; Material subtypes: Particulate|Highland; Atlas lithology: soil; Atlas description: immature soils from the rim of fresh North Ray Crater. House Rock and other samples of North Ray Crater are breccias; Parent source: atlas_sample_id",subsample_or_fraction,yes,https://www.lpi.usra.edu/lunar/samples/atlas/detail/?mission=Apollo%2016&sample=67941,
1057,67941,69,-99.0,no,cals81,LS-CMP-081,"67941,69",none,,,,,,soil,immature soils from the rim of fresh North Ray Crater. House Rock and other samples of North Ray Crater are breccias,"RELAB specimen: 67941,69; RELAB description: Highland, Bulk,; Collection: Apollo 16 site, Moon; Specimen type: Returned Lunar Sample; Material origin: Natural; Material type: Unconsolidated Mixture; Material subtypes: Particulate|Highland; Atlas lithology: soil; Atlas description: immature soils from the rim of fresh North Ray Crater. House Rock and other samples of North Ray Crater are breccias; Parent source: atlas_sample_id",subsample_or_fraction,yes,https://www.lpi.usra.edu/lunar/samples/atlas/detail/?mission=Apollo%2016&sample=67941,
1058,67960,36,-99.0,no,bir1ls130,LS-GJT-130,"67960,36 <150 um",none,,,,,,,,"RELAB specimen: 67960,36 <150 um; RELAB description: Highland, Bulk,; Collection: Apollo 16 site, Moon; Specimen type: Returned Lunar Sample; Material origin: Natural; Material type: Unconsolidated Mixture; Material subtypes: Particulate|Particulate Sorted|Highland; Parent source: atlas_sample_id",subsample_or_fraction,yes,https://www.lpi.usra.edu/lunar/samples/atlas/detail/?mission=Apollo%2016&sample=67960,
1059,67960,36,-99.0,no,c1ls130,LS-GJT-130,"67960,36 <150 um",none,,,,,,,,"RELAB specimen: 67960,36 <150 um; RELAB description: Highland, Bulk,; Collection: Apollo 16 site, Moon; Specimen type: Returned Lunar Sample; Material origin: Natural; Material type: Unconsolidated Mixture; Material subtypes: Particulate|Particulate Sorted|Highland; Parent source: atlas_sample_id",subsample_or_fraction,yes,https://www.lpi.usra.edu/lunar/samples/atlas/detail/?mission=Apollo%2016&sample=67960,
1060,68121,18,-99.0,no,bir1ls117,LS-GJT-117,"68121,18 <150 um",none,,,,,,soil,,"RELAB specimen: 68121,18 <150 um; RELAB description: Highland, Bulk,; Collection: Apollo 16 site, Moon; Specimen type: Returned Lunar Sample; Material origin: Natural; Material type: Unconsolidated Mixture; Material subtypes: Particulate|Particulate Sorted|Highland; Atlas lithology: soil; Parent source: atlas_sample_id",subsample_or_fraction,yes,https://www.lpi.usra.edu/lunar/samples/atlas/detail/?mission=Apollo%2016&sample=68121,
1061,68121,18,-99.0,no,c1ls117,LS-GJT-117,"68121,18 <150 um",none,,,,,,soil,,"RELAB specimen: 68121,18 <150 um; RELAB description: Highland, Bulk,; Collection: Apollo 16 site, Moon; Specimen type: Returned Lunar Sample; Material origin: Natural; Material type: Unconsolidated Mixture; Material subtypes: Particulate|Particulate Sorted|Highland; Atlas lithology: soil; Parent source: atlas_sample_id",subsample_or_fraction,yes,https://www.lpi.usra.edu/lunar/samples/atlas/detail/?mission=Apollo%2016&sample=68121,
1062,68501,601,-99.0,no,bir1lr038,LR-CMP-038,"68501,601 <10 um",none,,,,,rake,soil,,"RELAB specimen: 68501,601 <10 um; RELAB description: Highland, Bulk,; Collection: Apollo 16 site, Moon; Specimen type: Returned Lunar Sample; Material origin: Natural; Material type: Unconsolidated Mixture; Material subtypes: Particulate|Sorted|Highland; Atlas type: rake; Atlas lithology: soil; Parent source: atlas_sample_id",subsample_or_fraction,yes,https://www.lpi.usra.edu/lunar/samples/atlas/detail/?mission=Apollo%2016&sample=68501,
1063,68501,601,-99.0,no,c1lr38,LR-CMP-038,"68501,601 <10 um",none,,,,,rake,soil,,"RELAB specimen: 68501,601 <10 um; RELAB description: Highland, Bulk,; Collection: Apollo 16 site, Moon; Specimen type: Returned Lunar Sample; Material origin: Natural; Material type: Unconsolidated Mixture; Material subtypes: Particulate|Sorted|Highland; Atlas type: rake; Atlas lithology: soil; Parent source: atlas_sample_id",subsample_or_fraction,yes,https://www.lpi.usra.edu/lunar/samples/atlas/detail/?mission=Apollo%2016&sample=68501,
1064,68501,601,-99.0,no,c1lr42,LR-CMP-042,"68501,601",none,,,,,rake,soil,,"RELAB specimen: 68501,601; RELAB description: Highland, , Dry-sieved.; Collection: Apollo 16 site, Moon; Specimen type: Returned Lunar Sample; Material origin: Natural; Material type: Unconsolidated Mixture; Material subtypes: Particulate|Sorted|Highland; Atlas type: rake; Atlas lithology: soil; Parent source: atlas_sample_id",subsample_or_fraction,yes,https://www.lpi.usra.edu/lunar/samples/atlas/detail/?mission=Apollo%2016&sample=68501,
1065,68501,601,-99.0,no,c1lr43,LR-CMP-043,"68501,601",none,,,,,rake,soil,,"RELAB specimen: 68501,601; RELAB description: Highland, , Dry-sieved.; Collection: Apollo 16 site, Moon; Specimen type: Returned Lunar Sample; Material origin: Natural; Material type: Unconsolidated Mixture; Material subtypes: Particulate|Sorted|Highland; Atlas type: rake; Atlas lithology: soil; Parent source: atlas_sample_id",subsample_or_fraction,yes,https://www.lpi.usra.edu/lunar/samples/atlas/detail/?mission=Apollo%2016&sample=68501,
1066,68501,601,-99.0,no,c1lr44,LR-CMP-044,"68501,601",none,,,,,rake,soil,,"RELAB specimen: 68501,601; RELAB description: Highland, , Dry-sieved.; Collection: Apollo 16 site, Moon; Specimen type: Returned Lunar Sample; Material origin: Natural; Material type: Unconsolidated Mixture; Material subtypes: Particulate|Sorted|Highland; Atlas type: rake; Atlas lithology: soil; Parent source: atlas_sample_id",subsample_or_fraction,yes,https://www.lpi.usra.edu/lunar/samples/atlas/detail/?mission=Apollo%2016&sample=68501,
1067,68501,601,-99.0,no,kalr42,LR-CMP-042,"68501,601",none,,,,,rake,soil,,"RELAB specimen: 68501,601; RELAB description: Highland, , Dry-sieved.; Collection: Apollo 16 site, Moon; Specimen type: Returned Lunar Sample; Material origin: Natural; Material type: Unconsolidated Mixture; Material subtypes: Particulate|Sorted|Highland; Atlas type: rake; Atlas lithology: soil; Parent source: atlas_sample_id",subsample_or_fraction,yes,https://www.lpi.usra.edu/lunar/samples/atlas/detail/?mission=Apollo%2016&sample=68501,
1068,68501,601,-99.0,no,kalr43,LR-CMP-043,"68501,601",none,,,,,rake,soil,,"RELAB specimen: 68501,601; RELAB description: Highland, , Dry-sieved.; Collection: Apollo 16 site, Moon; Specimen type: Returned Lunar Sample; Material origin: Natural; Material type: Unconsolidated Mixture; Material subtypes: Particulate|Sorted|Highland; Atlas type: rake; Atlas lithology: soil; Parent source: atlas_sample_id",subsample_or_fraction,yes,https://www.lpi.usra.edu/lunar/samples/atlas/detail/?mission=Apollo%2016&sample=68501,
1069,68501,601,-99.0,no,kalr44,LR-CMP-044,"68501,601",none,,,,,rake,soil,,"RELAB specimen: 68501,601; RELAB description: Highland, , Dry-sieved.; Collection: Apollo 16 site, Moon; Specimen type: Returned Lunar Sample; Material origin: Natural; Material type: Unconsolidated Mixture; Material subtypes: Particulate|Sorted|Highland; Atlas type: rake; Atlas lithology: soil; Parent source: atlas_sample_id",subsample_or_fraction,yes,https://www.lpi.usra.edu/lunar/samples/atlas/detail/?mission=Apollo%2016&sample=68501,
1070,68501,601,5.48,yes,bir1ls057,LS-CMP-057,"68501,601 bulk",explicit_reference,ls-cmp-057_specimenchemistry,LS-CMP-057,Bulk,"Morris et al., 1983. Handbook of Lunar Soils, Part 2, p. 620.",rake,soil,,"RELAB specimen: 68501,601 bulk; RELAB description: Highland, Bulk, Station 8, located halfway between two 15m dia. craters. Soil collected along with rake sample.; Collection: Apollo 16; Specimen type: Returned Lunar Sample; Material origin: Natural; Material type: Unconsolidated Mixture; Material subtypes: Particulate|Highland; Atlas type: rake; Atlas lithology: soil; Chemistry phase: Bulk; Chemistry notes: Apollo 16 soil #68501 from Station 8.; Parent source: atlas_sample_id",subsample_or_fraction,yes,https://www.lpi.usra.edu/lunar/samples/atlas/detail/?mission=Apollo%2016&sample=68501,
1071,68501,601,5.48,yes,c1ls57,LS-CMP-057,"68501,601 bulk",explicit_reference,ls-cmp-057_specimenchemistry,LS-CMP-057,Bulk,"Morris et al., 1983. Handbook of Lunar Soils, Part 2, p. 620.",rake,soil,,"RELAB specimen: 68501,601 bulk; RELAB description: Highland, Bulk, Station 8, located halfway between two 15m dia. craters. Soil collected along with rake sample.; Collection: Apollo 16; Specimen type: Returned Lunar Sample; Material origin: Natural; Material type: Unconsolidated Mixture; Material subtypes: Particulate|Highland; Atlas type: rake; Atlas lithology: soil; Chemistry phase: Bulk; Chemistry notes: Apollo 16 soil #68501 from Station 8.; Parent source: atlas_sample_id",subsample_or_fraction,yes,https://www.lpi.usra.edu/lunar/samples/atlas/detail/?mission=Apollo%2016&sample=68501,
1072,68501,601,5.48,yes,c2ls57,LS-CMP-057,"68501,601 bulk",explicit_reference,ls-cmp-057_specimenchemistry,LS-CMP-057,Bulk,"Morris et al., 1983. Handbook of Lunar Soils, Part 2, p. 620.",rake,soil,,"RELAB specimen: 68501,601 bulk; RELAB description: Highland, Bulk, Station 8, located halfway between two 15m dia. craters. Soil collected along with rake sample.; Collection: Apollo 16; Specimen type: Returned Lunar Sample; Material origin: Natural; Material type: Unconsolidated Mixture; Material subtypes: Particulate|Highland; Atlas type: rake; Atlas lithology: soil; Chemistry phase: Bulk; Chemistry notes: Apollo 16 soil #68501 from Station 8.; Parent source: atlas_sample_id",subsample_or_fraction,yes,https://www.lpi.usra.edu/lunar/samples/atlas/detail/?mission=Apollo%2016&sample=68501,
1073,68815,384,-99.0,no,c1ls94,LS-CMP-094,"68,815,384",none,,,,,rock,breccia,outer surface covered with zap pits; the broken surface contains large vugs and vesicles. 68815 is one of the samples that date the age of South Ray Crater (Drozd et al. 1974; Pepin et al. 1974) and is said to have had a simple exposure history.,"RELAB specimen: 68,815,384; RELAB description: Polymict Breccia; Collection: Apollo 16 site, Moon; Specimen type: Returned Lunar Sample; Material origin: Natural; Material type: Rock; Material subtypes: Nonparticulate; Atlas type: rock; Atlas lithology: breccia; Atlas description: outer surface covered with zap pits; the broken surface contains large vugs and vesicles. 68815 is one of the samples that date the age of South Ray Crater (Drozd et al. 1974; Pepin et al. 1974) and is said to have had a simple exposure history.; Parent source: atlas_sample_id",subsample_or_fraction,yes,https://www.lpi.usra.edu/lunar/samples/atlas/detail/?mission=Apollo%2016&sample=68815,
1074,68815,384,-99.0,no,c2ls94,LS-CMP-094,"68,815,384",none,,,,,rock,breccia,outer surface covered with zap pits; the broken surface contains large vugs and vesicles. 68815 is one of the samples that date the age of South Ray Crater (Drozd et al. 1974; Pepin et al. 1974) and is said to have had a simple exposure history.,"RELAB specimen: 68,815,384; RELAB description: Polymict Breccia; Collection: Apollo 16 site, Moon; Specimen type: Returned Lunar Sample; Material origin: Natural; Material type: Rock; Material subtypes: Nonparticulate; Atlas type: rock; Atlas lithology: breccia; Atlas description: outer surface covered with zap pits; the broken surface contains large vugs and vesicles. 68815 is one of the samples that date the age of South Ray Crater (Drozd et al. 1974; Pepin et al. 1974) and is said to have had a simple exposure history.; Parent source: atlas_sample_id",subsample_or_fraction,yes,https://www.lpi.usra.edu/lunar/samples/atlas/detail/?mission=Apollo%2016&sample=68815,
1075,68815,384,-99.0,no,cals94,LS-CMP-094-A,"68815,384",none,,,,,rock,breccia,outer surface covered with zap pits; the broken surface contains large vugs and vesicles. 68815 is one of the samples that date the age of South Ray Crater (Drozd et al. 1974; Pepin et al. 1974) and is said to have had a simple exposure history.,"RELAB specimen: 68815,384; RELAB description: Impact Melt; Collection: Apollo 16 site, Moon; Specimen type: Returned Lunar Sample; Material origin: Natural; Material type: Rock; Material subtypes: Particulate|Bulk Particulate; Atlas type: rock; Atlas lithology: breccia; Atlas description: outer surface covered with zap pits; the broken surface contains large vugs and vesicles. 68815 is one of the samples that date the age of South Ray Crater (Drozd et al. 1974; Pepin et al. 1974) and is said to have had a simple exposure history.; Parent source: atlas_sample_id",subsample_or_fraction,yes,https://www.lpi.usra.edu/lunar/samples/atlas/detail/?mission=Apollo%2016&sample=68815,
1076,69003,9,-99.0,no,bir1lr136,LR-SKN-136,"69003,9 bulk",none,,,,,,,,"RELAB specimen: 69003,9 bulk; RELAB description: Highland, , LSCC; Collection: Collected on beta cloth with clam shell sampling device near Station 9 boulder; Specimen type: Returned Lunar Sample; Material origin: Natural; Material type: Unconsolidated Mixture; Material subtypes: Particulate|Bulk; Parent source: atlas_sample_id",subsample_or_fraction,yes,https://www.lpi.usra.edu/lunar/samples/atlas/detail/?mission=Apollo%2016&sample=69003,
1077,69003,9,-99.0,no,c1lr136,LR-SKN-136,"69003,9 bulk",none,,,,,,,,"RELAB specimen: 69003,9 bulk; RELAB description: Highland, , LSCC; Collection: Collected on beta cloth with clam shell sampling device near Station 9 boulder; Specimen type: Returned Lunar Sample; Material origin: Natural; Material type: Unconsolidated Mixture; Material subtypes: Particulate|Bulk; Parent source: atlas_sample_id",subsample_or_fraction,yes,https://www.lpi.usra.edu/lunar/samples/atlas/detail/?mission=Apollo%2016&sample=69003,
1078,69004,44,-99.0,no,bir1lr137,LR-SKN-137,"69004,44 <250 um",none,,,,,,,,"RELAB specimen: 69004,44 <250 um; RELAB description: Highland, , LSCC; Collection: Collected on beta cloth with clam shell sampling device near Station 9 boulder; Specimen type: Returned Lunar Sample; Material origin: Natural; Material type: Unconsolidated Mixture; Material subtypes: Particulate|Particulate Sorted|Highland; Parent source: atlas_sample_id",subsample_or_fraction,yes,https://www.lpi.usra.edu/lunar/samples/atlas/detail/?mission=Apollo%2016&sample=69004,
1079,69004,44,-99.0,no,c1lr137,LR-SKN-137,"69004,44 <250 um",none,,,,,,,,"RELAB specimen: 69004,44 <250 um; RELAB description: Highland, , LSCC; Collection: Collected on beta cloth with clam shell sampling device near Station 9 boulder; Specimen type: Returned Lunar Sample; Material origin: Natural; Material type: Unconsolidated Mixture; Material subtypes: Particulate|Particulate Sorted|Highland; Parent source: atlas_sample_id",subsample_or_fraction,yes,https://www.lpi.usra.edu/lunar/samples/atlas/detail/?mission=Apollo%2016&sample=69004,
1080,69004,44,-99.0,no,c2lr137,LR-SKN-137,"69004,44 <250 um",none,,,,,,,,"RELAB specimen: 69004,44 <250 um; RELAB description: Highland, , LSCC; Collection: Collected on beta cloth with clam shell sampling device near Station 9 boulder; Specimen type: Returned Lunar Sample; Material origin: Natural; Material type: Unconsolidated Mixture; Material subtypes: Particulate|Particulate Sorted|Highland; Parent source: atlas_sample_id",subsample_or_fraction,yes,https://www.lpi.usra.edu/lunar/samples/atlas/detail/?mission=Apollo%2016&sample=69004,
1081,69921,14,-99.0,no,bir1ls118,LS-GJT-118,"69921,14 <150 um",none,,,,,,,,"RELAB specimen: 69921,14 <150 um; RELAB description: Highland, Bulk,; Collection: Apollo 16 site, Moon; Specimen type: Returned Lunar Sample; Material origin: Natural; Material type: Unconsolidated Mixture; Material subtypes: Particulate|Particulate Sorted|Highland; Parent source: atlas_sample_id",subsample_or_fraction,yes,https://www.lpi.usra.edu/lunar/samples/atlas/detail/?mission=Apollo%2016&sample=69921,
1082,69921,14,-99.0,no,c1ls118,LS-GJT-118,"69921,14 <150 um",none,,,,,,,,"RELAB specimen: 69921,14 <150 um; RELAB description: Highland, Bulk,; Collection: Apollo 16 site, Moon; Specimen type: Returned Lunar Sample; Material origin: Natural; Material type: Unconsolidated Mixture; Material subtypes: Particulate|Particulate Sorted|Highland; Parent source: atlas_sample_id",subsample_or_fraction,yes,https://www.lpi.usra.edu/lunar/samples/atlas/detail/?mission=Apollo%2016&sample=69921,
1083,69921,33,-99.0,no,bir1lr138a,LR-SKN-138-A,"69921,33 <10 um",none,,,,,,,,"RELAB specimen: 69921,33 <10 um; RELAB description: Highland, , LSCC; Collection: Skim sample (~0.5 cm penetration) taken from near Station 9 boulder; Specimen type: Returned Lunar Sample; Material origin: Natural; Material type: Unconsolidated Mixture; Material subtypes: Particulate|Particulate Sorted|Highland; Parent source: atlas_sample_id",subsample_or_fraction,yes,https://www.lpi.usra.edu/lunar/samples/atlas/detail/?mission=Apollo%2016&sample=69921,
1084,69921,33,-99.0,no,bir1lr138b,LR-SKN-138-B,"69921,33 10-20 um",none,,,,,,,,"RELAB specimen: 69921,33 10-20 um; RELAB description: Highland, , LSCC; Collection: Skim sample (~0.5 cm penetration) taken from near Station 9 boulder; Specimen type: Returned Lunar Sample; Material origin: Natural; Material type: Unconsolidated Mixture; Material subtypes: Particulate|Particulate Sorted|Highland; Parent source: atlas_sample_id",subsample_or_fraction,yes,https://www.lpi.usra.edu/lunar/samples/atlas/detail/?mission=Apollo%2016&sample=69921,
1085,69921,33,-99.0,no,bir1lr138c,LR-SKN-138-C,"69921,33 20-45 um",none,,,,,,,,"RELAB specimen: 69921,33 20-45 um; RELAB description: Highland, , LSCC; Collection: Skim sample (~0.5 cm penetration) taken from near Station 9 boulder; Specimen type: Returned Lunar Sample; Material origin: Natural; Material type: Unconsolidated Mixture; Material subtypes: Particulate|Particulate Sorted|Highland; Parent source: atlas_sample_id",subsample_or_fraction,yes,https://www.lpi.usra.edu/lunar/samples/atlas/detail/?mission=Apollo%2016&sample=69921,
1086,69921,33,-99.0,no,bir1lr138d,LR-SKN-138-D,"69921,33 <45 um",none,,,,,,,,"RELAB specimen: 69921,33 <45 um; RELAB description: Highland, , LSCC; Collection: Skim sample (~0.5 cm penetration) taken from near Station 9 boulder; Specimen type: Returned Lunar Sample; Material origin: Natural; Material type: Unconsolidated Mixture; Material subtypes: Particulate|Particulate Sorted|Highland; Parent source: atlas_sample_id",subsample_or_fraction,yes,https://www.lpi.usra.edu/lunar/samples/atlas/detail/?mission=Apollo%2016&sample=69921,
1087,69921,33,-99.0,no,bir1lr138e,LR-SKN-138-E,"69921,33 <250 um",none,,,,,,,,"RELAB specimen: 69921,33 <250 um; RELAB description: Highland, , LSCC; Collection: Skim sample (~0.5 cm penetration) taken from near Station 9 boulder; Specimen type: Returned Lunar Sample; Material origin: Natural; Material type: Unconsolidated Mixture; Material subtypes: Particulate|Particulate Sorted|Highland; Parent source: atlas_sample_id",subsample_or_fraction,yes,https://www.lpi.usra.edu/lunar/samples/atlas/detail/?mission=Apollo%2016&sample=69921,
1088,69921,33,-99.0,no,c1lr138a,LR-SKN-138-A,"69921,33 <10 um",none,,,,,,,,"RELAB specimen: 69921,33 <10 um; RELAB description: Highland, , LSCC; Collection: Skim sample (~0.5 cm penetration) taken from near Station 9 boulder; Specimen type: Returned Lunar Sample; Material origin: Natural; Material type: Unconsolidated Mixture; Material subtypes: Particulate|Particulate Sorted|Highland; Parent source: atlas_sample_id",subsample_or_fraction,yes,https://www.lpi.usra.edu/lunar/samples/atlas/detail/?mission=Apollo%2016&sample=69921,
1089,69921,33,-99.0,no,c1lr138b,LR-SKN-138-B,"69921,33 10-20 um",none,,,,,,,,"RELAB specimen: 69921,33 10-20 um; RELAB description: Highland, , LSCC; Collection: Skim sample (~0.5 cm penetration) taken from near Station 9 boulder; Specimen type: Returned Lunar Sample; Material origin: Natural; Material type: Unconsolidated Mixture; Material subtypes: Particulate|Particulate Sorted|Highland; Parent source: atlas_sample_id",subsample_or_fraction,yes,https://www.lpi.usra.edu/lunar/samples/atlas/detail/?mission=Apollo%2016&sample=69921,
1090,69921,33,-99.0,no,c1lr138c,LR-SKN-138-C,"69921,33 20-45 um",none,,,,,,,,"RELAB specimen: 69921,33 20-45 um; RELAB description: Highland, , LSCC; Collection: Skim sample (~0.5 cm penetration) taken from near Station 9 boulder; Specimen type: Returned Lunar Sample; Material origin: Natural; Material type: Unconsolidated Mixture; Material subtypes: Particulate|Particulate Sorted|Highland; Parent source: atlas_sample_id",subsample_or_fraction,yes,https://www.lpi.usra.edu/lunar/samples/atlas/detail/?mission=Apollo%2016&sample=69921,
1091,69921,33,-99.0,no,c1lr138d,LR-SKN-138-D,"69921,33 <45 um",none,,,,,,,,"RELAB specimen: 69921,33 <45 um; RELAB description: Highland, , LSCC; Collection: Skim sample (~0.5 cm penetration) taken from near Station 9 boulder; Specimen type: Returned Lunar Sample; Material origin: Natural; Material type: Unconsolidated Mixture; Material subtypes: Particulate|Particulate Sorted|Highland; Parent source: atlas_sample_id",subsample_or_fraction,yes,https://www.lpi.usra.edu/lunar/samples/atlas/detail/?mission=Apollo%2016&sample=69921,
1092,69921,33,-99.0,no,c1lr138e,LR-SKN-138-E,"69921,33 <250 um",none,,,,,,,,"RELAB specimen: 69921,33 <250 um; RELAB description: Highland, , LSCC; Collection: Skim sample (~0.5 cm penetration) taken from near Station 9 boulder; Specimen type: Returned Lunar Sample; Material origin: Natural; Material type: Unconsolidated Mixture; Material subtypes: Particulate|Particulate Sorted|Highland; Parent source: atlas_sample_id",subsample_or_fraction,yes,https://www.lpi.usra.edu/lunar/samples/atlas/detail/?mission=Apollo%2016&sample=69921,
1093,69935,87,-99.0,no,c1lr03,LR-CMP-003,"69935,87",none,,,,,,breccia,,"RELAB specimen: 69935,87; RELAB description: Impact Melt , ,; Collection: Apollo 16 site, Moon; Specimen type: Returned Lunar Sample; Material origin: Natural; Material type: Rock; Material subtypes: Nonparticulate|Chip; Atlas lithology: breccia; Atlas description: apparently a polymict breccia that is texturally inhomogeneous and has a large white clast; Parent source: atlas_sample_id",subsample_or_fraction,yes,https://www.lpi.usra.edu/lunar/samples/atlas/detail/?mission=Apollo%2016&sample=69935,
1094,69935,87,-99.0,no,c2lr03,LR-CMP-003,"69935,87",none,,,,,,breccia,,"RELAB specimen: 69935,87; RELAB description: Impact Melt , ,; Collection: Apollo 16 site, Moon; Specimen type: Returned Lunar Sample; Material origin: Natural; Material type: Rock; Material subtypes: Nonparticulate|Chip; Atlas lithology: breccia; Atlas description: apparently a polymict breccia that is texturally inhomogeneous and has a large white clast; Parent source: atlas_sample_id",subsample_or_fraction,yes,https://www.lpi.usra.edu/lunar/samples/atlas/detail/?mission=Apollo%2016&sample=69935,
1095,69935,87,-99.0,no,c3lr03,LR-CMP-003,"69935,87",none,,,,,,breccia,,"RELAB specimen: 69935,87; RELAB description: Impact Melt , ,; Collection: Apollo 16 site, Moon; Specimen type: Returned Lunar Sample; Material origin: Natural; Material type: Rock; Material subtypes: Nonparticulate|Chip; Atlas lithology: breccia; Atlas description: apparently a polymict breccia that is texturally inhomogeneous and has a large white clast; Parent source: atlas_sample_id",subsample_or_fraction,yes,https://www.lpi.usra.edu/lunar/samples/atlas/detail/?mission=Apollo%2016&sample=69935,
1096,69935,87,-99.0,no,calr03,LR-CMP-003-A,"69935,87",none,,,,,,breccia,,"RELAB specimen: 69935,87; RELAB description: Impact Melt; Collection: Apollo 16 site, Moon; Specimen type: Returned Lunar Sample; Material origin: Natural; Material type: Rock; Material subtypes: Particulate|Bulk Particulate; Atlas lithology: breccia; Atlas description: apparently a polymict breccia that is texturally inhomogeneous and has a large white clast; Parent source: atlas_sample_id",subsample_or_fraction,yes,https://www.lpi.usra.edu/lunar/samples/atlas/detail/?mission=Apollo%2016&sample=69935,
1097,69935,87,-99.0,no,cblr03,LR-CMP-003-B,"69935,87",none,,,,,,breccia,,"RELAB specimen: 69935,87; RELAB description: Impact Melt, Dry sieved.; Collection: Apollo 16 site, Moon; Specimen type: Returned Lunar Sample; Material origin: Natural; Material type: Rock; Material subtypes: Particulate; Atlas lithology: breccia; Atlas description: apparently a polymict breccia that is texturally inhomogeneous and has a large white clast; Parent source: atlas_sample_id",subsample_or_fraction,yes,https://www.lpi.usra.edu/lunar/samples/atlas/detail/?mission=Apollo%2016&sample=69935,
1098,69935,87,-99.0,no,cclr03,LR-CMP-003-C,"69935,87",none,,,,,,breccia,,"RELAB specimen: 69935,87; RELAB description: Impact Melt, Wet sieved with ethanol; Collection: Apollo 16 site, Moon; Specimen type: Returned Lunar Sample; Material origin: Natural; Material type: Rock; Material subtypes: Particulate; Atlas lithology: breccia; Atlas description: apparently a polymict breccia that is texturally inhomogeneous and has a large white clast; Parent source: atlas_sample_id",subsample_or_fraction,yes,https://www.lpi.usra.edu/lunar/samples/atlas/detail/?mission=Apollo%2016&sample=69935,
1099,69935,87,-99.0,no,cdlr03,LR-CMP-003-D,"69935,87",none,,,,,,breccia,,"RELAB specimen: 69935,87; RELAB description: Impact Melt, Wet sieved with ethanol; Collection: Apollo 16 site, Moon; Specimen type: Returned Lunar Sample; Material origin: Natural; Material type: Rock; Material subtypes: Particulate; Atlas lithology: breccia; Atlas description: apparently a polymict breccia that is texturally inhomogeneous and has a large white clast; Parent source: atlas_sample_id",subsample_or_fraction,yes,https://www.lpi.usra.edu/lunar/samples/atlas/detail/?mission=Apollo%2016&sample=69935,
1100,69935,87,-99.0,no,celr03,LR-CMP-003-E,"69935,87",none,,,,,,breccia,,"RELAB specimen: 69935,87; RELAB description: Impact Melt, Wet sieved with ethanol; Collection: Apollo 16 site, Moon; Specimen type: Returned Lunar Sample; Material origin: Natural; Material type: Rock; Material subtypes: Particulate; Atlas lithology: breccia; Atlas description: apparently a polymict breccia that is texturally inhomogeneous and has a large white clast; Parent source: atlas_sample_id",subsample_or_fraction,yes,https://www.lpi.usra.edu/lunar/samples/atlas/detail/?mission=Apollo%2016&sample=69935,
1101,69935,88,-99.0,no,c1lr04,LR-CMP-004,"69935,88",none,,,,,,breccia,,"RELAB specimen: 69935,88; RELAB description: Impact Melt , , Dark melt rock with white grains.; Collection: Apollo 16 site, Moon; Specimen type: Returned Lunar Sample; Material origin: Natural; Material type: Rock; Material subtypes: Nonparticulate|Chip; Atlas lithology: breccia; Atlas description: apparently a polymict breccia that is texturally inhomogeneous and has a large white clast; Parent source: atlas_sample_id",subsample_or_fraction,yes,https://www.lpi.usra.edu/lunar/samples/atlas/detail/?mission=Apollo%2016&sample=69935,
1102,69935,88,-99.0,no,c2lr04,LR-CMP-004,"69935,88",none,,,,,,breccia,,"RELAB specimen: 69935,88; RELAB description: Impact Melt , , Dark melt rock with white grains.; Collection: Apollo 16 site, Moon; Specimen type: Returned Lunar Sample; Material origin: Natural; Material type: Rock; Material subtypes: Nonparticulate|Chip; Atlas lithology: breccia; Atlas description: apparently a polymict breccia that is texturally inhomogeneous and has a large white clast; Parent source: atlas_sample_id",subsample_or_fraction,yes,https://www.lpi.usra.edu/lunar/samples/atlas/detail/?mission=Apollo%2016&sample=69935,
1103,69935,88,-99.0,no,c3lr04,LR-CMP-004,"69935,88",none,,,,,,breccia,,"RELAB specimen: 69935,88; RELAB description: Impact Melt , , Dark melt rock with white grains.; Collection: Apollo 16 site, Moon; Specimen type: Returned Lunar Sample; Material origin: Natural; Material type: Rock; Material subtypes: Nonparticulate|Chip; Atlas lithology: breccia; Atlas description: apparently a polymict breccia that is texturally inhomogeneous and has a large white clast; Parent source: atlas_sample_id",subsample_or_fraction,yes,https://www.lpi.usra.edu/lunar/samples/atlas/detail/?mission=Apollo%2016&sample=69935,
1104,69935,88,-99.0,no,calr04,LR-CMP-004-A,"69935,88",none,,,,,,breccia,,"RELAB specimen: 69935,88; RELAB description: Impact Melt, Dark melt rock with white grains.; Collection: Apollo 16 site, Moon; Specimen type: Returned Lunar Sample; Material origin: Natural; Material type: Rock; Material subtypes: Particulate|Bulk Particulate; Atlas lithology: breccia; Atlas description: apparently a polymict breccia that is texturally inhomogeneous and has a large white clast; Parent source: atlas_sample_id",subsample_or_fraction,yes,https://www.lpi.usra.edu/lunar/samples/atlas/detail/?mission=Apollo%2016&sample=69935,
1105,69941,41,-99.0,no,bir1lr139a,LR-SKN-139-A,"69941,41 <10 um",none,,,,,,,,"RELAB specimen: 69941,41 <10 um; RELAB description: Highland, , LSCC; Collection: Skim sample (~3 cm penetration) taken from near Station 9 boulder; Specimen type: Returned Lunar Sample; Material origin: Natural; Material type: Unconsolidated Mixture; Material subtypes: Particulate|Particulate Sorted|Highland; Parent source: atlas_sample_id",subsample_or_fraction,yes,https://www.lpi.usra.edu/lunar/samples/atlas/detail/?mission=Apollo%2016&sample=69941,
1106,69941,41,-99.0,no,bir1lr139b,LR-SKN-139-B,"69941,41 10-20 um",none,,,,,,,,"RELAB specimen: 69941,41 10-20 um; RELAB description: Highland, , LSCC; Collection: Skim sample (~3 cm penetration) taken from near Station 9 boulder; Specimen type: Returned Lunar Sample; Material origin: Natural; Material type: Unconsolidated Mixture; Material subtypes: Particulate|Particulate Sorted|Highland; Parent source: atlas_sample_id",subsample_or_fraction,yes,https://www.lpi.usra.edu/lunar/samples/atlas/detail/?mission=Apollo%2016&sample=69941,
1107,69941,41,-99.0,no,bir1lr139c,LR-SKN-139-C,"69941,41 20-45 um",none,,,,,,,,"RELAB specimen: 69941,41 20-45 um; RELAB description: Highland, , LSCC; Collection: Skim sample (~3 cm penetration) taken from near Station 9 boulder; Specimen type: Returned Lunar Sample; Material origin: Natural; Material type: Unconsolidated Mixture; Material subtypes: Particulate|Particulate Sorted|Highland; Parent source: atlas_sample_id",subsample_or_fraction,yes,https://www.lpi.usra.edu/lunar/samples/atlas/detail/?mission=Apollo%2016&sample=69941,
1108,69941,41,-99.0,no,bir1lr139d,LR-SKN-139-D,"69941,41 <45 um",none,,,,,,,,"RELAB specimen: 69941,41 <45 um; RELAB description: Highland, , LSCC; Collection: Skim sample (~3 cm penetration) taken from near Station 9 boulder; Specimen type: Returned Lunar Sample; Material origin: Natural; Material type: Unconsolidated Mixture; Material subtypes: Particulate|Particulate Sorted|Highland; Parent source: atlas_sample_id",subsample_or_fraction,yes,https://www.lpi.usra.edu/lunar/samples/atlas/detail/?mission=Apollo%2016&sample=69941,
1109,69941,41,-99.0,no,bir1lr139e,LR-SKN-139-E,"69941,41 <250 um",none,,,,,,,,"RELAB specimen: 69941,41 <250 um; RELAB description: Highland, , LSCC; Collection: Skim sample (~3 cm penetration) taken from near Station 9 boulder; Specimen type: Returned Lunar Sample; Material origin: Natural; Material type: Unconsolidated Mixture; Material subtypes: Particulate|Particulate Sorted|Highland; Parent source: atlas_sample_id",subsample_or_fraction,yes,https://www.lpi.usra.edu/lunar/samples/atlas/detail/?mission=Apollo%2016&sample=69941,
1110,69941,41,-99.0,no,c1lr139a,LR-SKN-139-A,"69941,41 <10 um",none,,,,,,,,"RELAB specimen: 69941,41 <10 um; RELAB description: Highland, , LSCC; Collection: Skim sample (~3 cm penetration) taken from near Station 9 boulder; Specimen type: Returned Lunar Sample; Material origin: Natural; Material type: Unconsolidated Mixture; Material subtypes: Particulate|Particulate Sorted|Highland; Parent source: atlas_sample_id",subsample_or_fraction,yes,https://www.lpi.usra.edu/lunar/samples/atlas/detail/?mission=Apollo%2016&sample=69941,
1111,69941,41,-99.0,no,c1lr139b,LR-SKN-139-B,"69941,41 10-20 um",none,,,,,,,,"RELAB specimen: 69941,41 10-20 um; RELAB description: Highland, , LSCC; Collection: Skim sample (~3 cm penetration) taken from near Station 9 boulder; Specimen type: Returned Lunar Sample; Material origin: Natural; Material type: Unconsolidated Mixture; Material subtypes: Particulate|Particulate Sorted|Highland; Parent source: atlas_sample_id",subsample_or_fraction,yes,https://www.lpi.usra.edu/lunar/samples/atlas/detail/?mission=Apollo%2016&sample=69941,
1112,69941,41,-99.0,no,c1lr139c,LR-SKN-139-C,"69941,41 20-45 um",none,,,,,,,,"RELAB specimen: 69941,41 20-45 um; RELAB description: Highland, , LSCC; Collection: Skim sample (~3 cm penetration) taken from near Station 9 boulder; Specimen type: Returned Lunar Sample; Material origin: Natural; Material type: Unconsolidated Mixture; Material subtypes: Particulate|Particulate Sorted|Highland; Parent source: atlas_sample_id",subsample_or_fraction,yes,https://www.lpi.usra.edu/lunar/samples/atlas/detail/?mission=Apollo%2016&sample=69941,
1113,69941,41,-99.0,no,c1lr139d,LR-SKN-139-D,"69941,41 <45 um",none,,,,,,,,"RELAB specimen: 69941,41 <45 um; RELAB description: Highland, , LSCC; Collection: Skim sample (~3 cm penetration) taken from near Station 9 boulder; Specimen type: Returned Lunar Sample; Material origin: Natural; Material type: Unconsolidated Mixture; Material subtypes: Particulate|Particulate Sorted|Highland; Parent source: atlas_sample_id",subsample_or_fraction,yes,https://www.lpi.usra.edu/lunar/samples/atlas/detail/?mission=Apollo%2016&sample=69941,
1114,69941,41,-99.0,no,c1lr139e,LR-SKN-139-E,"69941,41 <250 um",none,,,,,,,,"RELAB specimen: 69941,41 <250 um; RELAB description: Highland, , LSCC; Collection: Skim sample (~3 cm penetration) taken from near Station 9 boulder; Specimen type: Returned Lunar Sample; Material origin: Natural; Material type: Unconsolidated Mixture; Material subtypes: Particulate|Particulate Sorted|Highland; Parent source: atlas_sample_id",subsample_or_fraction,yes,https://www.lpi.usra.edu/lunar/samples/atlas/detail/?mission=Apollo%2016&sample=69941,
1115,69955,65,-99.0,no,bir1lr247b,LR-CMP-247-B,"69955, 65 <45 um",none,,,,,rock,anorthite,,"RELAB specimen: 69955, 65 <45 um; RELAB description: Highland, Anorthosite, Anorthosite dry-sieved to 0-45 um; Collection: Apollo 16 site, Moon; Specimen type: Returned Lunar Sample; Material origin: Natural; Material type: Rock; Material subtypes: Particulate; Atlas type: rock; Atlas lithology: anorthite; Atlas description: a rock that is relatively coarse-grained, shocked cataclastic anorthosite with a flat black glass vein running the length; Parent source: atlas_sample_id",subsample_or_fraction,yes,https://www.lpi.usra.edu/lunar/samples/atlas/detail/?mission=Apollo%2016&sample=69955,
1116,69955,65,-99.0,no,bir1lr247c,LR-CMP-247-C,"69955, 65 45-75 um",none,,,,,rock,anorthite,,"RELAB specimen: 69955, 65 45-75 um; RELAB description: Highland, Anorthosite, Anorthosite dry-sieved to 45-75 um; Not exactly the same split as LR-CMP-235-C; Collection: Apollo 16 site, Moon; Specimen type: Returned Lunar Sample; Material origin: Natural; Material type: Rock; Material subtypes: Particulate; Atlas type: rock; Atlas lithology: anorthite; Atlas description: a rock that is relatively coarse-grained, shocked cataclastic anorthosite with a flat black glass vein running the length; Parent source: atlas_sample_id",subsample_or_fraction,yes,https://www.lpi.usra.edu/lunar/samples/atlas/detail/?mission=Apollo%2016&sample=69955,
1117,69955,65,-99.0,no,c1lr238,LR-CMP-238,"69955,65 bulk",none,,,,,rock,anorthite,,"RELAB specimen: 69955,65 bulk; RELAB description: Highland, Anorthosite, Bulk anorthosite; Collection: Apollo 16 site, Moon; Specimen type: Returned Lunar Sample; Material origin: Natural; Material type: Rock; Material subtypes: Particulate; Atlas type: rock; Atlas lithology: anorthite; Atlas description: a rock that is relatively coarse-grained, shocked cataclastic anorthosite with a flat black glass vein running the length; Parent source: atlas_sample_id",subsample_or_fraction,yes,https://www.lpi.usra.edu/lunar/samples/atlas/detail/?mission=Apollo%2016&sample=69955,
1118,69955,65,-99.0,no,c1lr238c,LR-CMP-238-C,"69955,65 45-75 um",none,,,,,rock,anorthite,,"RELAB specimen: 69955,65 45-75 um; RELAB description: Highland, Anorthosite, Anorthosite dry-sieved to 45-75 um; Collection: Apollo 16 site, Moon; Specimen type: Returned Lunar Sample; Material origin: Natural; Material type: Rock; Material subtypes: Particulate; Atlas type: rock; Atlas lithology: anorthite; Atlas description: a rock that is relatively coarse-grained, shocked cataclastic anorthosite with a flat black glass vein running the length; Parent source: atlas_sample_id",subsample_or_fraction,yes,https://www.lpi.usra.edu/lunar/samples/atlas/detail/?mission=Apollo%2016&sample=69955,
1119,69955,65,-99.0,no,c1lr243c,LR-CMP-243-C,"69955,65 Plag Sep",none,,,,,rock,anorthite,,"RELAB specimen: 69955,65 Plag Sep; RELAB description: Silicate (Tecto), Plagioclase, Purified plagioclase separate from 69955,65 45-75 um fraction (LR-CMP-238-C); Collection: Apollo 16 site, Moon; Specimen type: Returned Lunar Sample; Material origin: Natural; Material type: Mineral; Material subtypes: Particulate; Atlas type: rock; Atlas lithology: anorthite; Atlas description: a rock that is relatively coarse-grained, shocked cataclastic anorthosite with a flat black glass vein running the length; Parent source: atlas_sample_id",subsample_or_fraction,yes,https://www.lpi.usra.edu/lunar/samples/atlas/detail/?mission=Apollo%2016&sample=69955,
1120,69955,65,-99.0,no,c1lr247b,LR-CMP-247-B,"69955, 65 <45 um",none,,,,,rock,anorthite,,"RELAB specimen: 69955, 65 <45 um; RELAB description: Highland, Anorthosite, Anorthosite dry-sieved to 0-45 um; Collection: Apollo 16 site, Moon; Specimen type: Returned Lunar Sample; Material origin: Natural; Material type: Rock; Material subtypes: Particulate; Atlas type: rock; Atlas lithology: anorthite; Atlas description: a rock that is relatively coarse-grained, shocked cataclastic anorthosite with a flat black glass vein running the length; Parent source: atlas_sample_id",subsample_or_fraction,yes,https://www.lpi.usra.edu/lunar/samples/atlas/detail/?mission=Apollo%2016&sample=69955,
1121,69955,65,-99.0,no,c1lr247c,LR-CMP-247-C,"69955, 65 45-75 um",none,,,,,rock,anorthite,,"RELAB specimen: 69955, 65 45-75 um; RELAB description: Highland, Anorthosite, Anorthosite dry-sieved to 45-75 um; Not exactly the same split as LR-CMP-235-C; Collection: Apollo 16 site, Moon; Specimen type: Returned Lunar Sample; Material origin: Natural; Material type: Rock; Material subtypes: Particulate; Atlas type: rock; Atlas lithology: anorthite; Atlas description: a rock that is relatively coarse-grained, shocked cataclastic anorthosite with a flat black glass vein running the length; Parent source: atlas_sample_id",subsample_or_fraction,yes,https://www.lpi.usra.edu/lunar/samples/atlas/detail/?mission=Apollo%2016&sample=69955,
1122,69961,135,-99.0,no,bir1ls119,LS-GJT-119,"69961,135 <150 um",none,,,,,,soil,,"RELAB specimen: 69961,135 <150 um; RELAB description: Highland, Bulk,; Collection: Apollo 16 site, Moon; Specimen type: Returned Lunar Sample; Material origin: Natural; Material type: Unconsolidated Mixture; Material subtypes: Particulate|Particulate Sorted|Highland; Atlas lithology: soil; Parent source: atlas_sample_id",subsample_or_fraction,yes,https://www.lpi.usra.edu/lunar/samples/atlas/detail/?mission=Apollo%2016&sample=69961,
1123,69961,135,-99.0,no,c1ls119,LS-GJT-119,"69961,135 <150 um",none,,,,,,soil,,"RELAB specimen: 69961,135 <150 um; RELAB description: Highland, Bulk,; Collection: Apollo 16 site, Moon; Specimen type: Returned Lunar Sample; Material origin: Natural; Material type: Unconsolidated Mixture; Material subtypes: Particulate|Particulate Sorted|Highland; Atlas lithology: soil; Parent source: atlas_sample_id",subsample_or_fraction,yes,https://www.lpi.usra.edu/lunar/samples/atlas/detail/?mission=Apollo%2016&sample=69961,
1124,69961,144,5.76,yes,c1ls55,LS-CMP-055,"69961,144",explicit_reference,ls-cmp-055_specimenchemistry,LS-CMP-055,Bulk,"Morris et al., 1983. Handbook of Lunar Soils, Part 2, p. 648.",,soil,,"RELAB specimen: 69961,144; RELAB description: Highland, Bulk, Station 9. Soil collected under a 0.5m boulder after it had been Rolled over.Part of ""surface sample"" suite of samples.; Collection: Apollo 16; Specimen type: Returned Lunar Sample; Material origin: Natural; Material type: Unconsolidated Mixture; Material subtypes: Particulate|Highland; Atlas lithology: soil; Chemistry phase: Bulk; Chemistry notes: Apollo 16 soil #69961 from Station 9.; Parent source: atlas_sample_id",subsample_or_fraction,yes,https://www.lpi.usra.edu/lunar/samples/atlas/detail/?mission=Apollo%2016&sample=69961,
1125,70017,535,-99.0,no,bir1lr157,LR-CMP-157,"70017,535 bulk 125-250 um",none,,,,,rock,high-Ti mare basalt,,"RELAB specimen: 70017,535 bulk 125-250 um; RELAB description: Basalt, High-Ti Mare Basalt, Bulk rock separate (LRMCC); Collection: Apollo 17 site, Moon; Specimen type: Returned Lunar Sample; Material origin: Natural; Material type: Rock; Material subtypes: Particulate|Particulate Sorted; Atlas type: rock; Atlas lithology: high-Ti mare basalt; Atlas description: High-Ti Mare Basalt; Parent source: atlas_sample_id",subsample_or_fraction,yes,https://www.lpi.usra.edu/lunar/samples/atlas/detail/?mission=Apollo%2017&sample=70017,
1126,70017,535,-99.0,no,bir1lr175,LR-CMP-175,"70017,535 deep-brown pyroxene B",none,,,,,rock,high-Ti mare basalt,,"RELAB specimen: 70017,535 deep-brown pyroxene B; RELAB description: Silicate (Ino), Pyroxene Clinopyroxene Augite, Mineral separate from Apollo 17 basalt (LRMCC); Collection: Apollo 17 site, Moon; Specimen type: Returned Lunar Sample; Material origin: Natural; Material type: Mineral; Material subtypes: Particulate|Particulate Ground Sorted; Atlas type: rock; Atlas lithology: high-Ti mare basalt; Atlas description: High-Ti Mare Basalt; Parent source: atlas_sample_id",subsample_or_fraction,yes,https://www.lpi.usra.edu/lunar/samples/atlas/detail/?mission=Apollo%2017&sample=70017,
1127,70017,535,-99.0,no,bir1lr176,LR-CMP-176,"70017,535 light-brown pyroxene B",none,,,,,rock,high-Ti mare basalt,,"RELAB specimen: 70017,535 light-brown pyroxene B; RELAB description: Silicate (Ino), Pyroxene Clinopyroxene Pigeonite, Mineral separate from Apollo 17 basalt (LRMCC); Collection: Apollo 17 site, Moon; Specimen type: Returned Lunar Sample; Material origin: Natural; Material type: Mineral; Material subtypes: Particulate|Particulate Ground Sorted; Atlas type: rock; Atlas lithology: high-Ti mare basalt; Atlas description: High-Ti Mare Basalt; Parent source: atlas_sample_id",subsample_or_fraction,yes,https://www.lpi.usra.edu/lunar/samples/atlas/detail/?mission=Apollo%2017&sample=70017,
1128,70017,535,-99.0,no,bir1lr177,LR-CMP-177,"70017,535 plagioclase B",none,,,,,rock,high-Ti mare basalt,,"RELAB specimen: 70017,535 plagioclase B; RELAB description: Silicate (Tecto), Feldspar Plagioclase, Mineral separate from Apollo 17 basalt (LRMCC); Collection: Apollo 17 site, Moon; Specimen type: Returned Lunar Sample; Material origin: Natural; Material type: Mineral; Material subtypes: Particulate|Particulate Ground Sorted; Atlas type: rock; Atlas lithology: high-Ti mare basalt; Atlas description: High-Ti Mare Basalt; Parent source: atlas_sample_id",subsample_or_fraction,yes,https://www.lpi.usra.edu/lunar/samples/atlas/detail/?mission=Apollo%2017&sample=70017,
1129,70017,535,-99.0,no,bir1lr178,LR-CMP-178,"70017,535 ilmenite",none,,,,,rock,high-Ti mare basalt,,"RELAB specimen: 70017,535 ilmenite; RELAB description: Oxide, Ilmenite, Mineral separate from Apollo 17 basalt (LRMCC); Collection: Apollo 17 site, Moon; Specimen type: Returned Lunar Sample; Material origin: Natural; Material type: Mineral; Material subtypes: Particulate|Particulate Ground Sorted; Atlas type: rock; Atlas lithology: high-Ti mare basalt; Atlas description: High-Ti Mare Basalt; Parent source: atlas_sample_id",subsample_or_fraction,yes,https://www.lpi.usra.edu/lunar/samples/atlas/detail/?mission=Apollo%2017&sample=70017,
1130,70017,535,-99.0,no,bir1lr206,LR-CMP-206,"70017,535 bulk D <45 um",none,,,,,rock,high-Ti mare basalt,,"RELAB specimen: 70017,535 bulk D <45 um; RELAB description: Basalt, High-Ti Mare Basalt, Bulk rock separate (LRMCC); Collection: Apollo 17 site, Moon; Specimen type: Returned Lunar Sample; Material origin: Natural; Material type: Rock; Material subtypes: Particulate|Particulate Ground Sorted; Atlas type: rock; Atlas lithology: high-Ti mare basalt; Atlas description: High-Ti Mare Basalt; Parent source: atlas_sample_id",subsample_or_fraction,yes,https://www.lpi.usra.edu/lunar/samples/atlas/detail/?mission=Apollo%2017&sample=70017,
1131,70017,535,-99.0,no,bir1lr215,LR-CMP-215,"70017,535 deep-brown pyroxene D <45 um",none,,,,,rock,high-Ti mare basalt,,"RELAB specimen: 70017,535 deep-brown pyroxene D <45 um; RELAB description: Silicate (Ino), Pyroxene Clinopyroxene Augite, Mineral separate from Apollo 17 basalt (LRMCC); Collection: Apollo 17 site, Moon; Specimen type: Returned Lunar Sample; Material origin: Natural; Material type: Mineral; Material subtypes: Particulate|Particulate Ground Sorted; Atlas type: rock; Atlas lithology: high-Ti mare basalt; Atlas description: High-Ti Mare Basalt; Parent source: atlas_sample_id",subsample_or_fraction,yes,https://www.lpi.usra.edu/lunar/samples/atlas/detail/?mission=Apollo%2017&sample=70017,
1132,70017,535,-99.0,no,bir1lr216,LR-CMP-216,"70017,535 light-brown pyroxene D <45 um",none,,,,,rock,high-Ti mare basalt,,"RELAB specimen: 70017,535 light-brown pyroxene D <45 um; RELAB description: Silicate (Ino), Pyroxene Clinopyroxene Pigeonite, Mineral separate from Apollo 17 basalt (LRMCC); Collection: Apollo 17 site, Moon; Specimen type: Returned Lunar Sample; Material origin: Natural; Material type: Mineral; Material subtypes: Particulate|Particulate Ground Sorted; Atlas type: rock; Atlas lithology: high-Ti mare basalt; Atlas description: High-Ti Mare Basalt; Parent source: atlas_sample_id",subsample_or_fraction,yes,https://www.lpi.usra.edu/lunar/samples/atlas/detail/?mission=Apollo%2017&sample=70017,
1133,70017,535,-99.0,no,bir1lr217,LR-CMP-217,"70017,535 plagioclase D <45 um",none,,,,,rock,high-Ti mare basalt,,"RELAB specimen: 70017,535 plagioclase D <45 um; RELAB description: Silicate (Tecto), Feldspar Plagioclase, Mineral separate from Apollo 17 basalt (LRMCC); Collection: Apollo 17 site, Moon; Specimen type: Returned Lunar Sample; Material origin: Natural; Material type: Mineral; Material subtypes: Particulate|Particulate Ground Sorted; Atlas type: rock; Atlas lithology: high-Ti mare basalt; Atlas description: High-Ti Mare Basalt; Parent source: atlas_sample_id",subsample_or_fraction,yes,https://www.lpi.usra.edu/lunar/samples/atlas/detail/?mission=Apollo%2017&sample=70017,
1134,70017,535,-99.0,no,bir1lr218,LR-CMP-218,"70017,535 ilmenite D <45 um",none,,,,,rock,high-Ti mare basalt,,"RELAB specimen: 70017,535 ilmenite D <45 um; RELAB description: Oxide, Ilmenite, Mineral separate from Apollo 17 basalt (LRMCC); Collection: Apollo 17 site, Moon; Specimen type: Returned Lunar Sample; Material origin: Natural; Material type: Mineral; Material subtypes: Particulate|Particulate Ground Sorted; Atlas type: rock; Atlas lithology: high-Ti mare basalt; Atlas description: High-Ti Mare Basalt; Parent source: atlas_sample_id",subsample_or_fraction,yes,https://www.lpi.usra.edu/lunar/samples/atlas/detail/?mission=Apollo%2017&sample=70017,
1135,70017,535,-99.0,no,c1lr175,LR-CMP-175,"70017,535 deep-brown pyroxene B",none,,,,,rock,high-Ti mare basalt,,"RELAB specimen: 70017,535 deep-brown pyroxene B; RELAB description: Silicate (Ino), Pyroxene Clinopyroxene Augite, Mineral separate from Apollo 17 basalt (LRMCC); Collection: Apollo 17 site, Moon; Specimen type: Returned Lunar Sample; Material origin: Natural; Material type: Mineral; Material subtypes: Particulate|Particulate Ground Sorted; Atlas type: rock; Atlas lithology: high-Ti mare basalt; Atlas description: High-Ti Mare Basalt; Parent source: atlas_sample_id",subsample_or_fraction,yes,https://www.lpi.usra.edu/lunar/samples/atlas/detail/?mission=Apollo%2017&sample=70017,
1136,70017,535,-99.0,no,c1lr176,LR-CMP-176,"70017,535 light-brown pyroxene B",none,,,,,rock,high-Ti mare basalt,,"RELAB specimen: 70017,535 light-brown pyroxene B; RELAB description: Silicate (Ino), Pyroxene Clinopyroxene Pigeonite, Mineral separate from Apollo 17 basalt (LRMCC); Collection: Apollo 17 site, Moon; Specimen type: Returned Lunar Sample; Material origin: Natural; Material type: Mineral; Material subtypes: Particulate|Particulate Ground Sorted; Atlas type: rock; Atlas lithology: high-Ti mare basalt; Atlas description: High-Ti Mare Basalt; Parent source: atlas_sample_id",subsample_or_fraction,yes,https://www.lpi.usra.edu/lunar/samples/atlas/detail/?mission=Apollo%2017&sample=70017,
1137,70017,535,-99.0,no,c1lr177,LR-CMP-177,"70017,535 plagioclase B",none,,,,,rock,high-Ti mare basalt,,"RELAB specimen: 70017,535 plagioclase B; RELAB description: Silicate (Tecto), Feldspar Plagioclase, Mineral separate from Apollo 17 basalt (LRMCC); Collection: Apollo 17 site, Moon; Specimen type: Returned Lunar Sample; Material origin: Natural; Material type: Mineral; Material subtypes: Particulate|Particulate Ground Sorted; Atlas type: rock; Atlas lithology: high-Ti mare basalt; Atlas description: High-Ti Mare Basalt; Parent source: atlas_sample_id",subsample_or_fraction,yes,https://www.lpi.usra.edu/lunar/samples/atlas/detail/?mission=Apollo%2017&sample=70017,
1138,70017,535,-99.0,no,c1lr178,LR-CMP-178,"70017,535 ilmenite",none,,,,,rock,high-Ti mare basalt,,"RELAB specimen: 70017,535 ilmenite; RELAB description: Oxide, Ilmenite, Mineral separate from Apollo 17 basalt (LRMCC); Collection: Apollo 17 site, Moon; Specimen type: Returned Lunar Sample; Material origin: Natural; Material type: Mineral; Material subtypes: Particulate|Particulate Ground Sorted; Atlas type: rock; Atlas lithology: high-Ti mare basalt; Atlas description: High-Ti Mare Basalt; Parent source: atlas_sample_id",subsample_or_fraction,yes,https://www.lpi.usra.edu/lunar/samples/atlas/detail/?mission=Apollo%2017&sample=70017,
1139,70017,535,-99.0,no,c1lr206,LR-CMP-206,"70017,535 bulk D <45 um",none,,,,,rock,high-Ti mare basalt,,"RELAB specimen: 70017,535 bulk D <45 um; RELAB description: Basalt, High-Ti Mare Basalt, Bulk rock separate (LRMCC); Collection: Apollo 17 site, Moon; Specimen type: Returned Lunar Sample; Material origin: Natural; Material type: Rock; Material subtypes: Particulate|Particulate Ground Sorted; Atlas type: rock; Atlas lithology: high-Ti mare basalt; Atlas description: High-Ti Mare Basalt; Parent source: atlas_sample_id",subsample_or_fraction,yes,https://www.lpi.usra.edu/lunar/samples/atlas/detail/?mission=Apollo%2017&sample=70017,
1140,70017,535,-99.0,no,c1lr215,LR-CMP-215,"70017,535 deep-brown pyroxene D <45 um",none,,,,,rock,high-Ti mare basalt,,"RELAB specimen: 70017,535 deep-brown pyroxene D <45 um; RELAB description: Silicate (Ino), Pyroxene Clinopyroxene Augite, Mineral separate from Apollo 17 basalt (LRMCC); Collection: Apollo 17 site, Moon; Specimen type: Returned Lunar Sample; Material origin: Natural; Material type: Mineral; Material subtypes: Particulate|Particulate Ground Sorted; Atlas type: rock; Atlas lithology: high-Ti mare basalt; Atlas description: High-Ti Mare Basalt; Parent source: atlas_sample_id",subsample_or_fraction,yes,https://www.lpi.usra.edu/lunar/samples/atlas/detail/?mission=Apollo%2017&sample=70017,
1141,70017,535,-99.0,no,c1lr216,LR-CMP-216,"70017,535 light-brown pyroxene D <45 um",none,,,,,rock,high-Ti mare basalt,,"RELAB specimen: 70017,535 light-brown pyroxene D <45 um; RELAB description: Silicate (Ino), Pyroxene Clinopyroxene Pigeonite, Mineral separate from Apollo 17 basalt (LRMCC); Collection: Apollo 17 site, Moon; Specimen type: Returned Lunar Sample; Material origin: Natural; Material type: Mineral; Material subtypes: Particulate|Particulate Ground Sorted; Atlas type: rock; Atlas lithology: high-Ti mare basalt; Atlas description: High-Ti Mare Basalt; Parent source: atlas_sample_id",subsample_or_fraction,yes,https://www.lpi.usra.edu/lunar/samples/atlas/detail/?mission=Apollo%2017&sample=70017,
1142,70017,535,-99.0,no,c1lr217,LR-CMP-217,"70017,535 plagioclase D <45 um",none,,,,,rock,high-Ti mare basalt,,"RELAB specimen: 70017,535 plagioclase D <45 um; RELAB description: Silicate (Tecto), Feldspar Plagioclase, Mineral separate from Apollo 17 basalt (LRMCC); Collection: Apollo 17 site, Moon; Specimen type: Returned Lunar Sample; Material origin: Natural; Material type: Mineral; Material subtypes: Particulate|Particulate Ground Sorted; Atlas type: rock; Atlas lithology: high-Ti mare basalt; Atlas description: High-Ti Mare Basalt; Parent source: atlas_sample_id",subsample_or_fraction,yes,https://www.lpi.usra.edu/lunar/samples/atlas/detail/?mission=Apollo%2017&sample=70017,
1143,70017,535,-99.0,no,c1lr218,LR-CMP-218,"70017,535 ilmenite D <45 um",none,,,,,rock,high-Ti mare basalt,,"RELAB specimen: 70017,535 ilmenite D <45 um; RELAB description: Oxide, Ilmenite, Mineral separate from Apollo 17 basalt (LRMCC); Collection: Apollo 17 site, Moon; Specimen type: Returned Lunar Sample; Material origin: Natural; Material type: Mineral; Material subtypes: Particulate|Particulate Ground Sorted; Atlas type: rock; Atlas lithology: high-Ti mare basalt; Atlas description: High-Ti Mare Basalt; Parent source: atlas_sample_id",subsample_or_fraction,yes,https://www.lpi.usra.edu/lunar/samples/atlas/detail/?mission=Apollo%2017&sample=70017,
1144,70017,535,-99.0,no,c2lr206,LR-CMP-206,"70017,535 bulk D <45 um",none,,,,,rock,high-Ti mare basalt,,"RELAB specimen: 70017,535 bulk D <45 um; RELAB description: Basalt, High-Ti Mare Basalt, Bulk rock separate (LRMCC); Collection: Apollo 17 site, Moon; Specimen type: Returned Lunar Sample; Material origin: Natural; Material type: Rock; Material subtypes: Particulate|Particulate Ground Sorted; Atlas type: rock; Atlas lithology: high-Ti mare basalt; Atlas description: High-Ti Mare Basalt; Parent source: atlas_sample_id",subsample_or_fraction,yes,https://www.lpi.usra.edu/lunar/samples/atlas/detail/?mission=Apollo%2017&sample=70017,
1145,70017,535,0.36,yes,bir1lr166,LR-CMP-166,"70017,535 plagioclase",explicit_reference,lr-cmp-166_specimenchemistry,LR-CMP-166,Plagioclase,"PGI, Taylor et al.",rock,high-Ti mare basalt,,"RELAB specimen: 70017,535 plagioclase; RELAB description: Silicate (Tecto), Feldspar Plagioclase, Mineral separate from Apollo 17 basalt (LRMCC); Collection: Apollo 17 site, Moon; Specimen type: Returned Lunar Sample; Material origin: Natural; Material type: Mineral; Material subtypes: Particulate|Particulate Sorted; Atlas type: rock; Atlas lithology: high-Ti mare basalt; Atlas description: High-Ti Mare Basalt; Chemistry phase: Plagioclase; Parent source: atlas_sample_id",subsample_or_fraction,yes,https://www.lpi.usra.edu/lunar/samples/atlas/detail/?mission=Apollo%2017&sample=70017,
1146,70017,535,14.5,yes,bir1lr164,LR-CMP-164,"70017,535 brown pyroxene",explicit_reference,lr-cmp-164_specimenchemistry,LR-CMP-164,Augite,"PGI, Taylor et al.",rock,high-Ti mare basalt,,"RELAB specimen: 70017,535 brown pyroxene; RELAB description: Silicate (Ino), Pyroxene Clinopyroxene Augite, Mineral separate from Apollo 17 basalt (LRMCC); Collection: Apollo 17 site, Moon; Specimen type: Returned Lunar Sample; Material origin: Natural; Material type: Mineral; Material subtypes: Particulate|Particulate Sorted; Atlas type: rock; Atlas lithology: high-Ti mare basalt; Atlas description: High-Ti Mare Basalt; Chemistry phase: Augite; Parent source: atlas_sample_id",subsample_or_fraction,yes,https://www.lpi.usra.edu/lunar/samples/atlas/detail/?mission=Apollo%2017&sample=70017,
1147,70017,535,18.71,yes,bir1lr156,LR-CMP-156,"70017,535 bulk <125 um",explicit_reference,lr-cmp-156_specimenchemistry,LR-CMP-156,Bulk,"PGI, Taylor et al.",rock,high-Ti mare basalt,,"RELAB specimen: 70017,535 bulk <125 um; RELAB description: Basalt, High-Ti Mare Basalt, Bulk rock separate (LRMCC); Collection: Apollo 17 site, Moon; Specimen type: Returned Lunar Sample; Material origin: Natural; Material type: Rock; Material subtypes: Particulate|Particulate Sorted; Atlas type: rock; Atlas lithology: high-Ti mare basalt; Atlas description: High-Ti Mare Basalt; Chemistry phase: Bulk; Chemistry notes: S: 0.175 %; Parent source: atlas_sample_id",subsample_or_fraction,yes,https://www.lpi.usra.edu/lunar/samples/atlas/detail/?mission=Apollo%2017&sample=70017,
1148,70017,535,18.71,yes,c1lr156,LR-CMP-156,"70017,535 bulk <125 um",explicit_reference,lr-cmp-156_specimenchemistry,LR-CMP-156,Bulk,"PGI, Taylor et al.",rock,high-Ti mare basalt,,"RELAB specimen: 70017,535 bulk <125 um; RELAB description: Basalt, High-Ti Mare Basalt, Bulk rock separate (LRMCC); Collection: Apollo 17 site, Moon; Specimen type: Returned Lunar Sample; Material origin: Natural; Material type: Rock; Material subtypes: Particulate|Particulate Sorted; Atlas type: rock; Atlas lithology: high-Ti mare basalt; Atlas description: High-Ti Mare Basalt; Chemistry phase: Bulk; Chemistry notes: S: 0.175 %; Parent source: atlas_sample_id",subsample_or_fraction,yes,https://www.lpi.usra.edu/lunar/samples/atlas/detail/?mission=Apollo%2017&sample=70017,
1149,70017,535,20.1,yes,bir1lr165,LR-CMP-165,"70017,535 light-brown pyroxene",explicit_reference,lr-cmp-165_specimenchemistry,LR-CMP-165,Pigeonite,"PGI, Taylor et al.",rock,high-Ti mare basalt,,"RELAB specimen: 70017,535 light-brown pyroxene; RELAB description: Silicate (Ino), Pyroxene Clinopyroxene Pigeonite, Mineral separate from Apollo 17 basalt (LRMCC); Collection: Apollo 17 site, Moon; Specimen type: Returned Lunar Sample; Material origin: Natural; Material type: Mineral; Material subtypes: Particulate|Particulate Sorted; Atlas type: rock; Atlas lithology: high-Ti mare basalt; Atlas description: High-Ti Mare Basalt; Chemistry phase: Pigeonite; Parent source: atlas_sample_id",subsample_or_fraction,yes,https://www.lpi.usra.edu/lunar/samples/atlas/detail/?mission=Apollo%2017&sample=70017,
1150,70017,535,41.4,yes,bir1lr167,LR-CMP-167,"70017,535 ilmenite",explicit_reference,lr-cmp-167_specimenchemistry,LR-CMP-167,Ilmenite,"PGI, Taylor et al.",rock,high-Ti mare basalt,,"RELAB specimen: 70017,535 ilmenite; RELAB description: Oxide, Ilmenite, Mineral separate from Apollo 17 basalt (LRMCC); Collection: Apollo 17 site, Moon; Specimen type: Returned Lunar Sample; Material origin: Natural; Material type: Mineral; Material subtypes: Particulate|Particulate Sorted; Atlas type: rock; Atlas lithology: high-Ti mare basalt; Atlas description: High-Ti Mare Basalt; Chemistry phase: Ilmenite; Parent source: atlas_sample_id",subsample_or_fraction,yes,https://www.lpi.usra.edu/lunar/samples/atlas/detail/?mission=Apollo%2017&sample=70017,
1151,70035,188,-99.0,no,bir1lr159,LR-CMP-159,"70035,188 bulk 125-250 um",none,,,,,rock,high-Ti mare basalt,,"RELAB specimen: 70035,188 bulk 125-250 um; RELAB description: Basalt, High-Ti Mare Basalt, Bulk rock separate (LRMCC); Collection: Apollo 17 site, Moon; Specimen type: Returned Lunar Sample; Material origin: Natural; Material type: Rock; Material subtypes: Particulate|Particulate Sorted; Atlas type: rock; Atlas lithology: high-Ti mare basalt; Atlas description: High-Ti Mare Basalt; Parent source: atlas_sample_id",subsample_or_fraction,yes,https://www.lpi.usra.edu/lunar/samples/atlas/detail/?mission=Apollo%2017&sample=70035,
1152,70035,188,-99.0,no,bir1lr179,LR-CMP-179,"70035,188 deep-brown pyroxene B",none,,,,,rock,high-Ti mare basalt,,"RELAB specimen: 70035,188 deep-brown pyroxene B; RELAB description: Silicate (Ino), Pyroxene Clinopyroxene Augite , Mineral separate from Apollo 17 basalt (LRMCC); Collection: Apollo 17 site, Moon; Specimen type: Returned Lunar Sample; Material origin: Natural; Material type: Mineral; Material subtypes: Particulate|Particulate Ground Sorted; Atlas type: rock; Atlas lithology: high-Ti mare basalt; Atlas description: High-Ti Mare Basalt; Parent source: atlas_sample_id",subsample_or_fraction,yes,https://www.lpi.usra.edu/lunar/samples/atlas/detail/?mission=Apollo%2017&sample=70035,
1153,70035,188,-99.0,no,bir1lr180,LR-CMP-180,"70035,188 light-brown pyroxene B",none,,,,,rock,high-Ti mare basalt,,"RELAB specimen: 70035,188 light-brown pyroxene B; RELAB description: Silicate (Ino), Pyroxene Clinopyroxene Pigeonite, Mineral separate from Apollo 17 basalt (LRMCC); Collection: Apollo 17 site, Moon; Specimen type: Returned Lunar Sample; Material origin: Natural; Material type: Mineral; Material subtypes: Particulate|Particulate Ground Sorted; Atlas type: rock; Atlas lithology: high-Ti mare basalt; Atlas description: High-Ti Mare Basalt; Parent source: atlas_sample_id",subsample_or_fraction,yes,https://www.lpi.usra.edu/lunar/samples/atlas/detail/?mission=Apollo%2017&sample=70035,
1154,70035,188,-99.0,no,bir1lr181,LR-CMP-181,"70035,188 plagioclase B",none,,,,,rock,high-Ti mare basalt,,"RELAB specimen: 70035,188 plagioclase B; RELAB description: Silicate (Tecto), Feldspar Plagioclase, Mineral separate from Apollo 17 basalt (LRMCC); Collection: Apollo 17 site, Moon; Specimen type: Returned Lunar Sample; Material origin: Natural; Material type: Mineral; Material subtypes: Particulate|Particulate Ground Sorted; Atlas type: rock; Atlas lithology: high-Ti mare basalt; Atlas description: High-Ti Mare Basalt; Parent source: atlas_sample_id",subsample_or_fraction,yes,https://www.lpi.usra.edu/lunar/samples/atlas/detail/?mission=Apollo%2017&sample=70035,
1155,70035,188,-99.0,no,bir1lr182,LR-CMP-182,"70035,188 ilmenite",none,,,,,rock,high-Ti mare basalt,,"RELAB specimen: 70035,188 ilmenite; RELAB description: Oxide, Ilmenite, Mineral separate from Apollo 17 basalt (LRMCC); Collection: Apollo 17 site, Moon; Specimen type: Returned Lunar Sample; Material origin: Natural; Material type: Mineral; Material subtypes: Particulate|Particulate Ground Sorted; Atlas type: rock; Atlas lithology: high-Ti mare basalt; Atlas description: High-Ti Mare Basalt; Parent source: atlas_sample_id",subsample_or_fraction,yes,https://www.lpi.usra.edu/lunar/samples/atlas/detail/?mission=Apollo%2017&sample=70035,
1156,70035,188,-99.0,no,bir1lr207,LR-CMP-207,"70035,188 bulk D <45 um",none,,,,,rock,high-Ti mare basalt,,"RELAB specimen: 70035,188 bulk D <45 um; RELAB description: Basalt, High-Ti Mare Basalt, Bulk rock separate (LRMCC); Collection: Apollo 17 site, Moon; Specimen type: Returned Lunar Sample; Material origin: Natural; Material type: Rock; Material subtypes: Particulate|Particulate Ground Sorted; Atlas type: rock; Atlas lithology: high-Ti mare basalt; Atlas description: High-Ti Mare Basalt; Parent source: atlas_sample_id",subsample_or_fraction,yes,https://www.lpi.usra.edu/lunar/samples/atlas/detail/?mission=Apollo%2017&sample=70035,
1157,70035,188,-99.0,no,bir1lr219,LR-CMP-219,"70035,188 dark-brown pyroxene D <45 um",none,,,,,rock,high-Ti mare basalt,,"RELAB specimen: 70035,188 dark-brown pyroxene D <45 um; RELAB description: Silicate (Ino), Pyroxene Clinopyroxene Augite , Mineral separate from Apollo 17 basalt (LRMCC); Collection: Apollo 17 site, Moon; Specimen type: Returned Lunar Sample; Material origin: Natural; Material type: Mineral; Material subtypes: Particulate|Particulate Ground Sorted; Atlas type: rock; Atlas lithology: high-Ti mare basalt; Atlas description: High-Ti Mare Basalt; Parent source: atlas_sample_id",subsample_or_fraction,yes,https://www.lpi.usra.edu/lunar/samples/atlas/detail/?mission=Apollo%2017&sample=70035,
1158,70035,188,-99.0,no,bir1lr220,LR-CMP-220,"70035,188 light-brown pyroxene D <45 um",none,,,,,rock,high-Ti mare basalt,,"RELAB specimen: 70035,188 light-brown pyroxene D <45 um; RELAB description: Silicate (Ino), Pyroxene Clinopyroxene Pigeonite, Mineral separate from Apollo 17 basalt (LRMCC); Collection: Apollo 17 site, Moon; Specimen type: Returned Lunar Sample; Material origin: Natural; Material type: Mineral; Material subtypes: Particulate|Particulate Ground Sorted; Atlas type: rock; Atlas lithology: high-Ti mare basalt; Atlas description: High-Ti Mare Basalt; Parent source: atlas_sample_id",subsample_or_fraction,yes,https://www.lpi.usra.edu/lunar/samples/atlas/detail/?mission=Apollo%2017&sample=70035,
1159,70035,188,-99.0,no,bir1lr221,LR-CMP-221,"70035,188 plagioclase D <45 um",none,,,,,rock,high-Ti mare basalt,,"RELAB specimen: 70035,188 plagioclase D <45 um; RELAB description: Silicate (Tecto), Feldspar Plagioclase, Mineral separate from Apollo 17 basalt (LRMCC); Collection: Apollo 17 site, Moon; Specimen type: Returned Lunar Sample; Material origin: Natural; Material type: Mineral; Material subtypes: Particulate|Particulate Ground Sorted; Atlas type: rock; Atlas lithology: high-Ti mare basalt; Atlas description: High-Ti Mare Basalt; Parent source: atlas_sample_id",subsample_or_fraction,yes,https://www.lpi.usra.edu/lunar/samples/atlas/detail/?mission=Apollo%2017&sample=70035,
1160,70035,188,-99.0,no,bir1lr222,LR-CMP-222,"70035,188 ilmenite D <45 um",none,,,,,rock,high-Ti mare basalt,,"RELAB specimen: 70035,188 ilmenite D <45 um; RELAB description: Oxide, Ilmenite, Mineral separate from Apollo 17 basalt (LRMCC); Collection: Apollo 17 site, Moon; Specimen type: Returned Lunar Sample; Material origin: Natural; Material type: Mineral; Material subtypes: Particulate|Particulate Ground Sorted; Atlas type: rock; Atlas lithology: high-Ti mare basalt; Atlas description: High-Ti Mare Basalt; Parent source: atlas_sample_id",subsample_or_fraction,yes,https://www.lpi.usra.edu/lunar/samples/atlas/detail/?mission=Apollo%2017&sample=70035,
1161,70035,188,-99.0,no,c1lr179,LR-CMP-179,"70035,188 deep-brown pyroxene B",none,,,,,rock,high-Ti mare basalt,,"RELAB specimen: 70035,188 deep-brown pyroxene B; RELAB description: Silicate (Ino), Pyroxene Clinopyroxene Augite , Mineral separate from Apollo 17 basalt (LRMCC); Collection: Apollo 17 site, Moon; Specimen type: Returned Lunar Sample; Material origin: Natural; Material type: Mineral; Material subtypes: Particulate|Particulate Ground Sorted; Atlas type: rock; Atlas lithology: high-Ti mare basalt; Atlas description: High-Ti Mare Basalt; Parent source: atlas_sample_id",subsample_or_fraction,yes,https://www.lpi.usra.edu/lunar/samples/atlas/detail/?mission=Apollo%2017&sample=70035,
1162,70035,188,-99.0,no,c1lr180,LR-CMP-180,"70035,188 light-brown pyroxene B",none,,,,,rock,high-Ti mare basalt,,"RELAB specimen: 70035,188 light-brown pyroxene B; RELAB description: Silicate (Ino), Pyroxene Clinopyroxene Pigeonite, Mineral separate from Apollo 17 basalt (LRMCC); Collection: Apollo 17 site, Moon; Specimen type: Returned Lunar Sample; Material origin: Natural; Material type: Mineral; Material subtypes: Particulate|Particulate Ground Sorted; Atlas type: rock; Atlas lithology: high-Ti mare basalt; Atlas description: High-Ti Mare Basalt; Parent source: atlas_sample_id",subsample_or_fraction,yes,https://www.lpi.usra.edu/lunar/samples/atlas/detail/?mission=Apollo%2017&sample=70035,
1163,70035,188,-99.0,no,c1lr181,LR-CMP-181,"70035,188 plagioclase B",none,,,,,rock,high-Ti mare basalt,,"RELAB specimen: 70035,188 plagioclase B; RELAB description: Silicate (Tecto), Feldspar Plagioclase, Mineral separate from Apollo 17 basalt (LRMCC); Collection: Apollo 17 site, Moon; Specimen type: Returned Lunar Sample; Material origin: Natural; Material type: Mineral; Material subtypes: Particulate|Particulate Ground Sorted; Atlas type: rock; Atlas lithology: high-Ti mare basalt; Atlas description: High-Ti Mare Basalt; Parent source: atlas_sample_id",subsample_or_fraction,yes,https://www.lpi.usra.edu/lunar/samples/atlas/detail/?mission=Apollo%2017&sample=70035,
1164,70035,188,-99.0,no,c1lr182,LR-CMP-182,"70035,188 ilmenite",none,,,,,rock,high-Ti mare basalt,,"RELAB specimen: 70035,188 ilmenite; RELAB description: Oxide, Ilmenite, Mineral separate from Apollo 17 basalt (LRMCC); Collection: Apollo 17 site, Moon; Specimen type: Returned Lunar Sample; Material origin: Natural; Material type: Mineral; Material subtypes: Particulate|Particulate Ground Sorted; Atlas type: rock; Atlas lithology: high-Ti mare basalt; Atlas description: High-Ti Mare Basalt; Parent source: atlas_sample_id",subsample_or_fraction,yes,https://www.lpi.usra.edu/lunar/samples/atlas/detail/?mission=Apollo%2017&sample=70035,
1165,70035,188,-99.0,no,c1lr207,LR-CMP-207,"70035,188 bulk D <45 um",none,,,,,rock,high-Ti mare basalt,,"RELAB specimen: 70035,188 bulk D <45 um; RELAB description: Basalt, High-Ti Mare Basalt, Bulk rock separate (LRMCC); Collection: Apollo 17 site, Moon; Specimen type: Returned Lunar Sample; Material origin: Natural; Material type: Rock; Material subtypes: Particulate|Particulate Ground Sorted; Atlas type: rock; Atlas lithology: high-Ti mare basalt; Atlas description: High-Ti Mare Basalt; Parent source: atlas_sample_id",subsample_or_fraction,yes,https://www.lpi.usra.edu/lunar/samples/atlas/detail/?mission=Apollo%2017&sample=70035,
1166,70035,188,-99.0,no,c1lr219,LR-CMP-219,"70035,188 dark-brown pyroxene D <45 um",none,,,,,rock,high-Ti mare basalt,,"RELAB specimen: 70035,188 dark-brown pyroxene D <45 um; RELAB description: Silicate (Ino), Pyroxene Clinopyroxene Augite , Mineral separate from Apollo 17 basalt (LRMCC); Collection: Apollo 17 site, Moon; Specimen type: Returned Lunar Sample; Material origin: Natural; Material type: Mineral; Material subtypes: Particulate|Particulate Ground Sorted; Atlas type: rock; Atlas lithology: high-Ti mare basalt; Atlas description: High-Ti Mare Basalt; Parent source: atlas_sample_id",subsample_or_fraction,yes,https://www.lpi.usra.edu/lunar/samples/atlas/detail/?mission=Apollo%2017&sample=70035,
1167,70035,188,-99.0,no,c1lr220,LR-CMP-220,"70035,188 light-brown pyroxene D <45 um",none,,,,,rock,high-Ti mare basalt,,"RELAB specimen: 70035,188 light-brown pyroxene D <45 um; RELAB description: Silicate (Ino), Pyroxene Clinopyroxene Pigeonite, Mineral separate from Apollo 17 basalt (LRMCC); Collection: Apollo 17 site, Moon; Specimen type: Returned Lunar Sample; Material origin: Natural; Material type: Mineral; Material subtypes: Particulate|Particulate Ground Sorted; Atlas type: rock; Atlas lithology: high-Ti mare basalt; Atlas description: High-Ti Mare Basalt; Parent source: atlas_sample_id",subsample_or_fraction,yes,https://www.lpi.usra.edu/lunar/samples/atlas/detail/?mission=Apollo%2017&sample=70035,
1168,70035,188,-99.0,no,c1lr221,LR-CMP-221,"70035,188 plagioclase D <45 um",none,,,,,rock,high-Ti mare basalt,,"RELAB specimen: 70035,188 plagioclase D <45 um; RELAB description: Silicate (Tecto), Feldspar Plagioclase, Mineral separate from Apollo 17 basalt (LRMCC); Collection: Apollo 17 site, Moon; Specimen type: Returned Lunar Sample; Material origin: Natural; Material type: Mineral; Material subtypes: Particulate|Particulate Ground Sorted; Atlas type: rock; Atlas lithology: high-Ti mare basalt; Atlas description: High-Ti Mare Basalt; Parent source: atlas_sample_id",subsample_or_fraction,yes,https://www.lpi.usra.edu/lunar/samples/atlas/detail/?mission=Apollo%2017&sample=70035,
1169,70035,188,-99.0,no,c1lr222,LR-CMP-222,"70035,188 ilmenite D <45 um",none,,,,,rock,high-Ti mare basalt,,"RELAB specimen: 70035,188 ilmenite D <45 um; RELAB description: Oxide, Ilmenite, Mineral separate from Apollo 17 basalt (LRMCC); Collection: Apollo 17 site, Moon; Specimen type: Returned Lunar Sample; Material origin: Natural; Material type: Mineral; Material subtypes: Particulate|Particulate Ground Sorted; Atlas type: rock; Atlas lithology: high-Ti mare basalt; Atlas description: High-Ti Mare Basalt; Parent source: atlas_sample_id",subsample_or_fraction,yes,https://www.lpi.usra.edu/lunar/samples/atlas/detail/?mission=Apollo%2017&sample=70035,
1170,70035,188,-99.0,no,c2lr207,LR-CMP-207,"70035,188 bulk D <45 um",none,,,,,rock,high-Ti mare basalt,,"RELAB specimen: 70035,188 bulk D <45 um; RELAB description: Basalt, High-Ti Mare Basalt, Bulk rock separate (LRMCC); Collection: Apollo 17 site, Moon; Specimen type: Returned Lunar Sample; Material origin: Natural; Material type: Rock; Material subtypes: Particulate|Particulate Ground Sorted; Atlas type: rock; Atlas lithology: high-Ti mare basalt; Atlas description: High-Ti Mare Basalt; Parent source: atlas_sample_id",subsample_or_fraction,yes,https://www.lpi.usra.edu/lunar/samples/atlas/detail/?mission=Apollo%2017&sample=70035,
1171,70035,188,-99.0,no,c2lr221,LR-CMP-221,"70035,188 plagioclase D <45 um",none,,,,,rock,high-Ti mare basalt,,"RELAB specimen: 70035,188 plagioclase D <45 um; RELAB description: Silicate (Tecto), Feldspar Plagioclase, Mineral separate from Apollo 17 basalt (LRMCC); Collection: Apollo 17 site, Moon; Specimen type: Returned Lunar Sample; Material origin: Natural; Material type: Mineral; Material subtypes: Particulate|Particulate Ground Sorted; Atlas type: rock; Atlas lithology: high-Ti mare basalt; Atlas description: High-Ti Mare Basalt; Parent source: atlas_sample_id",subsample_or_fraction,yes,https://www.lpi.usra.edu/lunar/samples/atlas/detail/?mission=Apollo%2017&sample=70035,
1172,70035,188,8.25,yes,bir1lr147,LR-CMP-147,"70035,188 deep brown pyroxene",explicit_reference,lr-cmp-147_specimenchemistry,LR-CMP-147,Augite,"PGI, Taylor et al.",rock,high-Ti mare basalt,,"RELAB specimen: 70035,188 deep brown pyroxene; RELAB description: Silicate (Ino), Pyroxene Clinopyroxene Augite , Mineral separate from Apollo 17 basalt (LRMCC); Collection: Apollo 17 site, Moon; Specimen type: Returned Lunar Sample; Material origin: Natural; Material type: Mineral; Material subtypes: Particulate|Particulate Sorted; Atlas type: rock; Atlas lithology: high-Ti mare basalt; Atlas description: High-Ti Mare Basalt; Chemistry phase: Augite; Parent source: atlas_sample_id",subsample_or_fraction,yes,https://www.lpi.usra.edu/lunar/samples/atlas/detail/?mission=Apollo%2017&sample=70035,
1173,70035,188,17.3,yes,bir1lr148,LR-CMP-148,"70035,188 light brown pyroxene",explicit_reference,lr-cmp-148_specimenchemistry,LR-CMP-148,Pigeonite,"PGI, Taylor et al.",rock,high-Ti mare basalt,,"RELAB specimen: 70035,188 light brown pyroxene; RELAB description: Silicate (Ino), Pyroxene Clinopyroxene Pigeonite, Mineral separate from Apollo 17 basalt (LRMCC); Collection: Apollo 17 site, Moon; Specimen type: Returned Lunar Sample; Material origin: Natural; Material type: Mineral; Material subtypes: Particulate|Particulate Sorted; Atlas type: rock; Atlas lithology: high-Ti mare basalt; Atlas description: High-Ti Mare Basalt; Chemistry phase: Pigeonite; Parent source: atlas_sample_id",subsample_or_fraction,yes,https://www.lpi.usra.edu/lunar/samples/atlas/detail/?mission=Apollo%2017&sample=70035,
1174,70035,188,18.46,yes,bir1lr158,LR-CMP-158,"70035,188 bulk <125 um",explicit_reference,lr-cmp-158_specimenchemistry,LR-CMP-158,Bulk,"PGI, Taylor et al.",rock,high-Ti mare basalt,,"RELAB specimen: 70035,188 bulk <125 um; RELAB description: Basalt, High-Ti Mare Basalt, Bulk rock separate (LRMCC); Collection: Apollo 17 site, Moon; Specimen type: Returned Lunar Sample; Material origin: Natural; Material type: Rock; Material subtypes: Particulate|Particulate Sorted; Atlas type: rock; Atlas lithology: high-Ti mare basalt; Atlas description: High-Ti Mare Basalt; Chemistry phase: Bulk; Chemistry notes: S: 0.15 %; Parent source: atlas_sample_id",subsample_or_fraction,yes,https://www.lpi.usra.edu/lunar/samples/atlas/detail/?mission=Apollo%2017&sample=70035,
1175,70035,188,18.46,yes,c1lr158,LR-CMP-158,"70035,188 bulk <125 um",explicit_reference,lr-cmp-158_specimenchemistry,LR-CMP-158,Bulk,"PGI, Taylor et al.",rock,high-Ti mare basalt,,"RELAB specimen: 70035,188 bulk <125 um; RELAB description: Basalt, High-Ti Mare Basalt, Bulk rock separate (LRMCC); Collection: Apollo 17 site, Moon; Specimen type: Returned Lunar Sample; Material origin: Natural; Material type: Rock; Material subtypes: Particulate|Particulate Sorted; Atlas type: rock; Atlas lithology: high-Ti mare basalt; Atlas description: High-Ti Mare Basalt; Chemistry phase: Bulk; Chemistry notes: S: 0.15 %; Parent source: atlas_sample_id",subsample_or_fraction,yes,https://www.lpi.usra.edu/lunar/samples/atlas/detail/?mission=Apollo%2017&sample=70035,
1176,70035,188,39.6,yes,bir1lr150,LR-CMP-150,"70035,188 ilmenite",explicit_reference,lr-cmp-150_specimenchemistry,LR-CMP-150,Ilmenite,"PGI, Taylor et al.",rock,high-Ti mare basalt,,"RELAB specimen: 70035,188 ilmenite; RELAB description: Oxide, Ilmenite, Mineral separate from Apollo 17 basalt (LRMCC); Collection: Apollo 17 site, Moon; Specimen type: Returned Lunar Sample; Material origin: Natural; Material type: Mineral; Material subtypes: Particulate|Particulate Sorted; Atlas type: rock; Atlas lithology: high-Ti mare basalt; Atlas description: High-Ti Mare Basalt; Chemistry phase: Ilmenite; Parent source: atlas_sample_id",subsample_or_fraction,yes,https://www.lpi.usra.edu/lunar/samples/atlas/detail/?mission=Apollo%2017&sample=70035,
1177,70181,0,-99.0,no,bnr1dh032,DH-CMP-032,Apollo 17 Lunar Soil: 70181,none,,,,,,,,"RELAB specimen: Apollo 17 Lunar Soil: 70181; RELAB description: Collected 3 meters from the location of the deep drill sample at the ALSEP site; Collection: Apollo 17 ALSEP site, Moon; Specimen type: Returned Lunar Sample; Material origin: Natural; Material type: Unconsolidated Mixture; Material subtypes: Particulate; Parent source: atlas_sample_id",subsample_or_fraction,yes,https://www.lpi.usra.edu/lunar/samples/atlas/detail/?mission=Apollo%2017&sample=70181,
1178,70181,136,-99.0,no,c1lr23,LR-CMP-023,"70181,136",none,,,,,,,,"RELAB specimen: 70181,136; RELAB description: Mare, ,; Collection: Apollo 17 site, Moon; Specimen type: Returned Lunar Sample; Material origin: Natural; Material type: Unconsolidated Mixture; Material subtypes: Particulate|Bulk Sorted|Mare; Parent source: atlas_sample_id",subsample_or_fraction,yes,https://www.lpi.usra.edu/lunar/samples/atlas/detail/?mission=Apollo%2017&sample=70181,
1179,70181,137,-99.0,no,c1lr24,LR-CMP-024,"70181,137",none,,,,,,,,"RELAB specimen: 70181,137; RELAB description: Mare, ,; Collection: Apollo 17 site, Moon; Specimen type: Returned Lunar Sample; Material origin: Natural; Material type: Unconsolidated Mixture; Material subtypes: Particulate|Bulk Sorted|Mare; Parent source: atlas_sample_id",subsample_or_fraction,yes,https://www.lpi.usra.edu/lunar/samples/atlas/detail/?mission=Apollo%2017&sample=70181,
1180,70181,138,-99.0,no,c1lr25,LR-CMP-025,"70181,138",none,,,,,,,,"RELAB specimen: 70181,138; RELAB description: Mare, ,; Collection: Apollo 17 site, Moon; Specimen type: Returned Lunar Sample; Material origin: Natural; Material type: Unconsolidated Mixture; Material subtypes: Particulate|Bulk Sorted|Mare; Parent source: atlas_sample_id",subsample_or_fraction,yes,https://www.lpi.usra.edu/lunar/samples/atlas/detail/?mission=Apollo%2017&sample=70181,
1181,70181,138,-99.0,no,c1sn05,SN-CMP-005,"70181,138 Freon Limit Exp.",none,,,,,,,"Mare, , Limited exposure to Freon","RELAB specimen: 70181,138 Freon Limit Exp.; RELAB description: Mare, , Limited exposure to Freon; Collection: Apollo 17 site, Moon; Specimen type: Returned Lunar Sample; Material origin: Natural; Material type: Unconsolidated Mixture; Material subtypes: Particulate|Sorted|Mare; Parent source: atlas_sample_id",subsample_or_fraction,yes,https://www.lpi.usra.edu/lunar/samples/atlas/detail/?mission=Apollo%2017&sample=70181,
1182,70181,138,-99.0,no,c1sn06,SN-CMP-006,"70181,138 Freon Extend Exp.",none,,,,,,,"Mare, , Extended exposure to Freon.","RELAB specimen: 70181,138 Freon Extend Exp.; RELAB description: Mare, , Extended exposure to Freon.; Collection: Apollo 17 site, Moon; Specimen type: Returned Lunar Sample; Material origin: Natural; Material type: Unconsolidated Mixture; Material subtypes: Particulate|Sorted|Mare; Parent source: atlas_sample_id",subsample_or_fraction,yes,https://www.lpi.usra.edu/lunar/samples/atlas/detail/?mission=Apollo%2017&sample=70181,
1183,70181,147,-99.0,no,c2lr45,LR-CMP-045,"70181,147",none,,,,,,,,"RELAB specimen: 70181,147; RELAB description: Mare, ,; Collection: Apollo 17 site, Moon; Specimen type: Returned Lunar Sample; Material origin: Natural; Material type: Unconsolidated Mixture; Material subtypes: Particulate|Sorted|Mare; Parent source: atlas_sample_id",subsample_or_fraction,yes,https://www.lpi.usra.edu/lunar/samples/atlas/detail/?mission=Apollo%2017&sample=70181,
1184,70181,155,-99.0,no,c2lr46,LR-CMP-046,"70181,155",none,,,,,,,,"RELAB specimen: 70181,155; RELAB description: Mare, ,; Collection: Apollo 17 site, Moon; Specimen type: Returned Lunar Sample; Material origin: Natural; Material type: Unconsolidated Mixture; Material subtypes: Particulate|Sorted|Mare; Parent source: atlas_sample_id",subsample_or_fraction,yes,https://www.lpi.usra.edu/lunar/samples/atlas/detail/?mission=Apollo%2017&sample=70181,
1185,70181,160,-99.0,no,c2lr47,LR-CMP-047,"70181,160",none,,,,,,,,"RELAB specimen: 70181,160; RELAB description: Mare, ,; Collection: Apollo 17 site, Moon; Specimen type: Returned Lunar Sample; Material origin: Natural; Material type: Unconsolidated Mixture; Material subtypes: Particulate|Sorted|Mare; Parent source: atlas_sample_id",subsample_or_fraction,yes,https://www.lpi.usra.edu/lunar/samples/atlas/detail/?mission=Apollo%2017&sample=70181,
1186,70181,165,-99.0,no,c2lr48,LR-CMP-048,"70181,165",none,,,,,,,,"RELAB specimen: 70181,165; RELAB description: Mare, ,; Collection: Apollo 17 site, Moon; Specimen type: Returned Lunar Sample; Material origin: Natural; Material type: Unconsolidated Mixture; Material subtypes: Particulate|Sorted|Mare; Parent source: atlas_sample_id",subsample_or_fraction,yes,https://www.lpi.usra.edu/lunar/samples/atlas/detail/?mission=Apollo%2017&sample=70181,
1187,70215,345,-99.0,no,c1lr248a,LR-KMR-248-A,"70215,345 <45 um",none,,,,,rock,high-Ti mare basalt,,"RELAB specimen: 70215,345 <45 um; RELAB description: Mare, Basalt, Spectroscopy of ilmenite rich basalts; Collection: Apollo 17 site, Moon; Specimen type: Returned Lunar Sample; Material origin: Natural; Material type: Rock; Material subtypes: Particulate|Particulate Ground Sorted; Atlas type: rock; Atlas lithology: high-Ti mare basalt; Atlas description: High-Ti Mare Basalt; Parent source: atlas_sample_id",subsample_or_fraction,yes,https://www.lpi.usra.edu/lunar/samples/atlas/detail/?mission=Apollo%2017&sample=70215,
1188,70215,345,-99.0,no,c1lr248b,LR-KMR-248-B,"70215,345 >125 um",none,,,,,rock,high-Ti mare basalt,,"RELAB specimen: 70215,345 >125 um; RELAB description: Mare, Basalt, Spectroscopy of ilmenite rich basalts; Collection: Apollo 17 site, Moon; Specimen type: Returned Lunar Sample; Material origin: Natural; Material type: Rock; Material subtypes: Particulate|Particulate Ground Sorted; Atlas type: rock; Atlas lithology: high-Ti mare basalt; Atlas description: High-Ti Mare Basalt; Parent source: atlas_sample_id",subsample_or_fraction,yes,https://www.lpi.usra.edu/lunar/samples/atlas/detail/?mission=Apollo%2017&sample=70215,
1189,70215,345,-99.0,no,calr248,LR-KMR-248,"70215,345 cut slab",none,,,,,rock,high-Ti mare basalt,,"RELAB specimen: 70215,345 cut slab; RELAB description: Mare, Basa;t, Spectroscopy of ilmenite rich basalts; Collection: Apollo 17 site, Moon; Specimen type: Returned Lunar Sample; Material origin: Natural; Material type: Rock; Material subtypes: Nonparticulate|Slab Cut; Atlas type: rock; Atlas lithology: high-Ti mare basalt; Atlas description: High-Ti Mare Basalt; Parent source: atlas_sample_id",subsample_or_fraction,yes,https://www.lpi.usra.edu/lunar/samples/atlas/detail/?mission=Apollo%2017&sample=70215,
1190,71041,25,-99.0,no,bir1ls131,LS-GJT-131,"71041,25 <150 um",none,,,,,,,,"RELAB specimen: 71041,25 <150 um; RELAB description: Mare, Bulk,; Collection: Apollo 17 site, Moon; Specimen type: Returned Lunar Sample; Material origin: Natural; Material type: Unconsolidated Mixture; Material subtypes: Particulate|Particulate Sorted|Mare; Parent source: atlas_sample_id",subsample_or_fraction,yes,https://www.lpi.usra.edu/lunar/samples/atlas/detail/?mission=Apollo%2017&sample=71041,
1191,71041,25,-99.0,no,c1ls131,LS-GJT-131,"71041,25 <150 um",none,,,,,,,,"RELAB specimen: 71041,25 <150 um; RELAB description: Mare, Bulk,; Collection: Apollo 17 site, Moon; Specimen type: Returned Lunar Sample; Material origin: Natural; Material type: Unconsolidated Mixture; Material subtypes: Particulate|Particulate Sorted|Mare; Parent source: atlas_sample_id",subsample_or_fraction,yes,https://www.lpi.usra.edu/lunar/samples/atlas/detail/?mission=Apollo%2017&sample=71041,
1192,71055,239,-99.0,no,c1lr249a,LR-KMR-249-A,"71055,239 <45 um",none,,,,,rock,high-Ti mare basalt,,"RELAB specimen: 71055,239 <45 um; RELAB description: Mare, Basalt, Spectroscopy of ilmenite rich basalts; Collection: Apollo 17 site, Moon; Specimen type: Returned Lunar Sample; Material origin: Natural; Material type: Rock; Material subtypes: Particulate|Particulate Ground Sorted; Atlas type: rock; Atlas lithology: high-Ti mare basalt; Atlas description: High-Ti Mare Basalt; Parent source: atlas_sample_id",subsample_or_fraction,yes,https://www.lpi.usra.edu/lunar/samples/atlas/detail/?mission=Apollo%2017&sample=71055,
1193,71055,239,-99.0,no,c1lr249b,LR-KMR-249-B,"71055,239 >125 um",none,,,,,rock,high-Ti mare basalt,,"RELAB specimen: 71055,239 >125 um; RELAB description: Mare, Basalt, Spectroscopy of ilmenite rich basalts; Collection: Apollo 17 site, Moon; Specimen type: Returned Lunar Sample; Material origin: Natural; Material type: Rock; Material subtypes: Particulate|Particulate Ground Sorted; Atlas type: rock; Atlas lithology: high-Ti mare basalt; Atlas description: High-Ti Mare Basalt; Parent source: atlas_sample_id",subsample_or_fraction,yes,https://www.lpi.usra.edu/lunar/samples/atlas/detail/?mission=Apollo%2017&sample=71055,
1194,71055,239,-99.0,no,calr249,LR-KMR-249,"71055,239 cut slab",none,,,,,rock,high-Ti mare basalt,,"RELAB specimen: 71055,239 cut slab; RELAB description: Mare, Basa;t, Spectroscopy of ilmenite rich basalts; Collection: Apollo 17 site, Moon; Specimen type: Returned Lunar Sample; Material origin: Natural; Material type: Rock; Material subtypes: Nonparticulate|Slab Cut; Atlas type: rock; Atlas lithology: high-Ti mare basalt; Atlas description: High-Ti Mare Basalt; Parent source: atlas_sample_id",subsample_or_fraction,yes,https://www.lpi.usra.edu/lunar/samples/atlas/detail/?mission=Apollo%2017&sample=71055,
1195,71061,15,-99.0,no,c1lr58,LR-CMP-058,"71061,15",none,,,,,,,,"RELAB specimen: 71061,15; RELAB description: Mare, , Clean water sieved for LSCC (Taylor project).; Collection: Apollo 17 site, Moon; Specimen type: Returned Lunar Sample; Material origin: Natural; Material type: Unconsolidated Mixture; Material subtypes: Particulate|Sorted Water-Sieved|Mare; Parent source: atlas_sample_id",subsample_or_fraction,yes,https://www.lpi.usra.edu/lunar/samples/atlas/detail/?mission=Apollo%2017&sample=71061,
1196,71061,139,-99.0,no,c1lr26,LR-CMP-026,"71061,139",none,,,,,,,,"RELAB specimen: 71061,139; RELAB description: Mare, ,; Collection: Apollo 17 site, Moon; Specimen type: Returned Lunar Sample; Material origin: Natural; Material type: Unconsolidated Mixture; Material subtypes: Particulate|Bulk Sorted|Mare; Parent source: atlas_sample_id",subsample_or_fraction,yes,https://www.lpi.usra.edu/lunar/samples/atlas/detail/?mission=Apollo%2017&sample=71061,
1197,71061,140,-99.0,no,c1lr27,LR-CMP-027,"71061,140",none,,,,,,,,"RELAB specimen: 71061,140; Collection: Apollo 17 site, Moon; Specimen type: Returned Lunar Sample; Material origin: Natural; Material type: Unconsolidated Mixture; Material subtypes: Particulate|Bulk Sorted; Parent source: atlas_sample_id",subsample_or_fraction,yes,https://www.lpi.usra.edu/lunar/samples/atlas/detail/?mission=Apollo%2017&sample=71061,
1198,71061,158,-99.0,no,c1lr57,LR-CMP-057,"71061,158",none,,,,,,,,"RELAB specimen: 71061,158; RELAB description: Mare, , Clean water sieved for LSCC (Taylor project).; Collection: Apollo 17 site, Moon; Specimen type: Returned Lunar Sample; Material origin: Natural; Material type: Unconsolidated Mixture; Material subtypes: Particulate|Sorted Water-Sieved|Mare; Parent source: atlas_sample_id",subsample_or_fraction,yes,https://www.lpi.usra.edu/lunar/samples/atlas/detail/?mission=Apollo%2017&sample=71061,
1199,71061,158,-99.0,no,c2lr57,LR-CMP-057,"71061,158",none,,,,,,,,"RELAB specimen: 71061,158; RELAB description: Mare, , Clean water sieved for LSCC (Taylor project).; Collection: Apollo 17 site, Moon; Specimen type: Returned Lunar Sample; Material origin: Natural; Material type: Unconsolidated Mixture; Material subtypes: Particulate|Sorted Water-Sieved|Mare; Parent source: atlas_sample_id",subsample_or_fraction,yes,https://www.lpi.usra.edu/lunar/samples/atlas/detail/?mission=Apollo%2017&sample=71061,
1200,71061,158,-99.0,no,c3lr57,LR-CMP-057,"71061,158",none,,,,,,,,"RELAB specimen: 71061,158; RELAB description: Mare, , Clean water sieved for LSCC (Taylor project).; Collection: Apollo 17 site, Moon; Specimen type: Returned Lunar Sample; Material origin: Natural; Material type: Unconsolidated Mixture; Material subtypes: Particulate|Sorted Water-Sieved|Mare; Parent source: atlas_sample_id",subsample_or_fraction,yes,https://www.lpi.usra.edu/lunar/samples/atlas/detail/?mission=Apollo%2017&sample=71061,
1201,71061,158,-99.0,no,calr57,LR-CMP-057,"71061,158",none,,,,,,,,"RELAB specimen: 71061,158; RELAB description: Mare, , Clean water sieved for LSCC (Taylor project).; Collection: Apollo 17 site, Moon; Specimen type: Returned Lunar Sample; Material origin: Natural; Material type: Unconsolidated Mixture; Material subtypes: Particulate|Sorted Water-Sieved|Mare; Parent source: atlas_sample_id",subsample_or_fraction,yes,https://www.lpi.usra.edu/lunar/samples/atlas/detail/?mission=Apollo%2017&sample=71061,
1202,71061,163,-99.0,no,c1lr59,LR-CMP-059,"71061,163",none,,,,,,,,"RELAB specimen: 71061,163; RELAB description: Mare, , Clean water sieved for LSCC (Taylor project).; Collection: Apollo 17 site, Moon; Specimen type: Returned Lunar Sample; Material origin: Natural; Material type: Unconsolidated Mixture; Material subtypes: Particulate|Sorted Water-Sieved|Mare; Parent source: atlas_sample_id",subsample_or_fraction,yes,https://www.lpi.usra.edu/lunar/samples/atlas/detail/?mission=Apollo%2017&sample=71061,
1203,71061,168,-99.0,no,c1lr60,LR-CMP-060,"71061,168",none,,,,,,,,"RELAB specimen: 71061,168; RELAB description: Mare, , Clean water sieved for LSCC (Taylor project).; Collection: Apollo 17 site, Moon; Specimen type: Returned Lunar Sample; Material origin: Natural; Material type: Unconsolidated Mixture; Material subtypes: Particulate|Sorted Water-Sieved|Mare; Parent source: atlas_sample_id",subsample_or_fraction,yes,https://www.lpi.usra.edu/lunar/samples/atlas/detail/?mission=Apollo%2017&sample=71061,
1204,71061,174,-99.0,no,bir1ls132,LS-GJT-132,"71061,174 <150 um",none,,,,,,,,"RELAB specimen: 71061,174 <150 um; RELAB description: Mare, Bulk,; Collection: Apollo 17 site, Moon; Specimen type: Returned Lunar Sample; Material origin: Natural; Material type: Unconsolidated Mixture; Material subtypes: Particulate|Particulate Sorted|Mare; Parent source: atlas_sample_id",subsample_or_fraction,yes,https://www.lpi.usra.edu/lunar/samples/atlas/detail/?mission=Apollo%2017&sample=71061,
1205,71061,174,-99.0,no,c1ls132,LS-GJT-132,"71061,174 <150 um",none,,,,,,,,"RELAB specimen: 71061,174 <150 um; RELAB description: Mare, Bulk,; Collection: Apollo 17 site, Moon; Specimen type: Returned Lunar Sample; Material origin: Natural; Material type: Unconsolidated Mixture; Material subtypes: Particulate|Particulate Sorted|Mare; Parent source: atlas_sample_id",subsample_or_fraction,yes,https://www.lpi.usra.edu/lunar/samples/atlas/detail/?mission=Apollo%2017&sample=71061,
1206,71501,5,17.41,yes,c1ls53,LS-CMP-053,"71501,5",explicit_reference,ls-cmp-053_specimenchemistry,LS-CMP-053,Bulk,"Morris et al., 1983. Handbook of Lunar Soils, Part 2, p. 696.",,,,"RELAB specimen: 71501,5; RELAB description: Mare, Bulk, Station 1. Surface sample colected 15m NE of 10m blocky crater. Collected with the rake sample (71520-71597); Collection: Apollo 17; Specimen type: Returned Lunar Sample; Material origin: Natural; Material type: Unconsolidated Mixture; Material subtypes: Particulate|Mare; Chemistry phase: Bulk; Chemistry notes: Apollo 17 soil #71501 from Station 1.; Parent source: atlas_sample_id",subsample_or_fraction,yes,https://www.lpi.usra.edu/lunar/samples/atlas/detail/?mission=Apollo%2017&sample=71501,
1207,71501,5,17.41,yes,c2ls53,LS-CMP-053,"71501,5",explicit_reference,ls-cmp-053_specimenchemistry,LS-CMP-053,Bulk,"Morris et al., 1983. Handbook of Lunar Soils, Part 2, p. 696.",,,,"RELAB specimen: 71501,5; RELAB description: Mare, Bulk, Station 1. Surface sample colected 15m NE of 10m blocky crater. Collected with the rake sample (71520-71597); Collection: Apollo 17; Specimen type: Returned Lunar Sample; Material origin: Natural; Material type: Unconsolidated Mixture; Material subtypes: Particulate|Mare; Chemistry phase: Bulk; Chemistry notes: Apollo 17 soil #71501 from Station 1.; Parent source: atlas_sample_id",subsample_or_fraction,yes,https://www.lpi.usra.edu/lunar/samples/atlas/detail/?mission=Apollo%2017&sample=71501,
1208,71501,226,-99.0,no,c1lr28,LR-CMP-028,"71501,226",none,,,,,,,,"RELAB specimen: 71501,226; Collection: Apollo 17 site, Moon; Specimen type: Returned Lunar Sample; Material origin: Natural; Material type: Unconsolidated Mixture; Material subtypes: Particulate|Bulk Sorted; Parent source: atlas_sample_id",subsample_or_fraction,yes,https://www.lpi.usra.edu/lunar/samples/atlas/detail/?mission=Apollo%2017&sample=71501,
1209,71501,227,-99.0,no,c1lr29,LR-CMP-029,"71501,227",none,,,,,,,,"RELAB specimen: 71501,227; Collection: Apollo 17 site, Moon; Specimen type: Returned Lunar Sample; Material origin: Natural; Material type: Unconsolidated Mixture; Material subtypes: Particulate|Bulk Sorted; Parent source: atlas_sample_id",subsample_or_fraction,yes,https://www.lpi.usra.edu/lunar/samples/atlas/detail/?mission=Apollo%2017&sample=71501,
1210,71501,247,-99.0,no,bmr1lr054,LR-CMP-054,"71501,247",none,,,,,,,,"RELAB specimen: 71501,247; RELAB description: Mare, ,; Collection: Apollo 17 site, Moon; Specimen type: Returned Lunar Sample; Material origin: Natural; Material type: Unconsolidated Mixture; Material subtypes: Particulate|Sorted Water-Sieved|Mare; Parent source: atlas_sample_id",subsample_or_fraction,yes,https://www.lpi.usra.edu/lunar/samples/atlas/detail/?mission=Apollo%2017&sample=71501,
1211,72255,338,-99.0,no,c1ls99,LS-CMP-099,"72255,338",none,,,,,rock,impact melt breccia,,"RELAB specimen: 72255,338; RELAB description: Impact Melt , , Light grey, friable rock.; Collection: Apollo 17 site, Moon; Specimen type: Returned Lunar Sample; Material origin: Natural; Material type: Rock; Material subtypes: Nonparticulate|Chip; Atlas type: rock; Atlas lithology: impact melt breccia; Atlas description: aphanitic impact melt breccia; Parent source: atlas_sample_id",subsample_or_fraction,yes,https://www.lpi.usra.edu/lunar/samples/atlas/detail/?mission=Apollo%2017&sample=72255,
1212,72255,338,-99.0,no,cals99,LS-CMP-099-A,"72255,338",none,,,,,rock,impact melt breccia,,"RELAB specimen: 72255,338; RELAB description: Impact Melt, Light gray color.; Collection: Apollo 17 site, Moon; Specimen type: Returned Lunar Sample; Material origin: Natural; Material type: Rock; Material subtypes: Particulate|Bulk Particulate; Atlas type: rock; Atlas lithology: impact melt breccia; Atlas description: aphanitic impact melt breccia; Parent source: atlas_sample_id",subsample_or_fraction,yes,https://www.lpi.usra.edu/lunar/samples/atlas/detail/?mission=Apollo%2017&sample=72255,
1213,72255,338,-99.0,no,cbls99,LS-CMP-099-B,"72255,338",none,,,,,rock,impact melt breccia,,"RELAB specimen: 72255,338; RELAB description: Impact Melt, Dry sieved.; Collection: Apollo 17 site, Moon; Specimen type: Returned Lunar Sample; Material origin: Natural; Material type: Rock; Material subtypes: Particulate; Atlas type: rock; Atlas lithology: impact melt breccia; Atlas description: aphanitic impact melt breccia; Parent source: atlas_sample_id",subsample_or_fraction,yes,https://www.lpi.usra.edu/lunar/samples/atlas/detail/?mission=Apollo%2017&sample=72255,
1214,72255,338,-99.0,no,ccls99,LS-CMP-099-C,"72255,338",none,,,,,rock,impact melt breccia,,"RELAB specimen: 72255,338; RELAB description: Impact Melt, Wet sieved with ethanol; Collection: Apollo 17 site, Moon; Specimen type: Returned Lunar Sample; Material origin: Natural; Material type: Rock; Material subtypes: Particulate; Atlas type: rock; Atlas lithology: impact melt breccia; Atlas description: aphanitic impact melt breccia; Parent source: atlas_sample_id",subsample_or_fraction,yes,https://www.lpi.usra.edu/lunar/samples/atlas/detail/?mission=Apollo%2017&sample=72255,
1215,72255,338,-99.0,no,cdls99,LS-CMP-099-D,"72255,338",none,,,,,rock,impact melt breccia,,"RELAB specimen: 72255,338; RELAB description: Impact Melt, Wet sieved with ethanol; Collection: Apollo 17 site, Moon; Specimen type: Returned Lunar Sample; Material origin: Natural; Material type: Rock; Material subtypes: Particulate; Atlas type: rock; Atlas lithology: impact melt breccia; Atlas description: aphanitic impact melt breccia; Parent source: atlas_sample_id",subsample_or_fraction,yes,https://www.lpi.usra.edu/lunar/samples/atlas/detail/?mission=Apollo%2017&sample=72255,
1216,72255,338,-99.0,no,cels99,LS-CMP-099-E,"72255,338",none,,,,,rock,impact melt breccia,,"RELAB specimen: 72255,338; RELAB description: Impact Melt, Wet sieved with ethanol; Collection: Apollo 17 site, Moon; Specimen type: Returned Lunar Sample; Material origin: Natural; Material type: Rock; Material subtypes: Particulate; Atlas type: rock; Atlas lithology: impact melt breccia; Atlas description: aphanitic impact melt breccia; Parent source: atlas_sample_id",subsample_or_fraction,yes,https://www.lpi.usra.edu/lunar/samples/atlas/detail/?mission=Apollo%2017&sample=72255,
1217,72321,0,-99.0,no,calr08,LR-CMP-008,72321,none,,,,,,,,"RELAB specimen: 72321; RELAB description: Bulk,; Collection: Apollo 17 site, Moon; Specimen type: Returned Lunar Sample; Material origin: Natural; Material type: Unconsolidated Mixture; Material subtypes: Particulate|Bulk Particulate; Parent source: atlas_sample_id",sample_number,no,https://www.lpi.usra.edu/lunar/samples/atlas/detail/?mission=Apollo%2017&sample=72321,
1218,72415,58,-99.0,no,c1ls13,LS-CMP-013,"72415,58",none,,,,,rock,dunite,,"RELAB specimen: 72415,58; RELAB description: Pristine Plutonic , Dunite Olivine, Thin section run in transmission mode in search for 2 micron spinel band; Collection: Apollo 17; Specimen type: Returned Lunar Sample; Material origin: Natural; Material type: Rock; Material subtypes: Nonparticulate|Thin Section; Atlas type: rock; Atlas lithology: dunite; Atlas description: Cataclastic dunite, homogeneous; Parent source: atlas_sample_id",subsample_or_fraction,yes,https://www.lpi.usra.edu/lunar/samples/atlas/detail/?mission=Apollo%2017&sample=72415,
1219,72415,58,-99.0,no,c2ls13,LS-CMP-013,"72415,58",none,,,,,rock,dunite,,"RELAB specimen: 72415,58; RELAB description: Pristine Plutonic , Dunite Olivine, Thin section run in transmission mode in search for 2 micron spinel band; Collection: Apollo 17; Specimen type: Returned Lunar Sample; Material origin: Natural; Material type: Rock; Material subtypes: Nonparticulate|Thin Section; Atlas type: rock; Atlas lithology: dunite; Atlas description: Cataclastic dunite, homogeneous; Parent source: atlas_sample_id",subsample_or_fraction,yes,https://www.lpi.usra.edu/lunar/samples/atlas/detail/?mission=Apollo%2017&sample=72415,
1220,72415,58,-99.0,no,c3ls13,LS-CMP-013,"72415,58",none,,,,,rock,dunite,,"RELAB specimen: 72415,58; RELAB description: Pristine Plutonic , Dunite Olivine, Thin section run in transmission mode in search for 2 micron spinel band; Collection: Apollo 17; Specimen type: Returned Lunar Sample; Material origin: Natural; Material type: Rock; Material subtypes: Nonparticulate|Thin Section; Atlas type: rock; Atlas lithology: dunite; Atlas description: Cataclastic dunite, homogeneous; Parent source: atlas_sample_id",subsample_or_fraction,yes,https://www.lpi.usra.edu/lunar/samples/atlas/detail/?mission=Apollo%2017&sample=72415,
1221,72415,58,-99.0,no,cjls13,LS-CMP-013,"72415,58",none,,,,,rock,dunite,,"RELAB specimen: 72415,58; RELAB description: Pristine Plutonic , Dunite Olivine, Thin section run in transmission mode in search for 2 micron spinel band; Collection: Apollo 17; Specimen type: Returned Lunar Sample; Material origin: Natural; Material type: Rock; Material subtypes: Nonparticulate|Thin Section; Atlas type: rock; Atlas lithology: dunite; Atlas description: Cataclastic dunite, homogeneous; Parent source: atlas_sample_id",subsample_or_fraction,yes,https://www.lpi.usra.edu/lunar/samples/atlas/detail/?mission=Apollo%2017&sample=72415,
1222,72415,58,-99.0,no,ckls13,LS-CMP-013,"72415,58",none,,,,,rock,dunite,,"RELAB specimen: 72415,58; RELAB description: Pristine Plutonic , Dunite Olivine, Thin section run in transmission mode in search for 2 micron spinel band; Collection: Apollo 17; Specimen type: Returned Lunar Sample; Material origin: Natural; Material type: Rock; Material subtypes: Nonparticulate|Thin Section; Atlas type: rock; Atlas lithology: dunite; Atlas description: Cataclastic dunite, homogeneous; Parent source: atlas_sample_id",subsample_or_fraction,yes,https://www.lpi.usra.edu/lunar/samples/atlas/detail/?mission=Apollo%2017&sample=72415,
1223,72415,58,-99.0,no,clls13,LS-CMP-013,"72415,58",none,,,,,rock,dunite,,"RELAB specimen: 72415,58; RELAB description: Pristine Plutonic , Dunite Olivine, Thin section run in transmission mode in search for 2 micron spinel band; Collection: Apollo 17; Specimen type: Returned Lunar Sample; Material origin: Natural; Material type: Rock; Material subtypes: Nonparticulate|Thin Section; Atlas type: rock; Atlas lithology: dunite; Atlas description: Cataclastic dunite, homogeneous; Parent source: atlas_sample_id",subsample_or_fraction,yes,https://www.lpi.usra.edu/lunar/samples/atlas/detail/?mission=Apollo%2017&sample=72415,
1224,72415,58,-99.0,no,cmls13,LS-CMP-013,"72415,58",none,,,,,rock,dunite,,"RELAB specimen: 72415,58; RELAB description: Pristine Plutonic , Dunite Olivine, Thin section run in transmission mode in search for 2 micron spinel band; Collection: Apollo 17; Specimen type: Returned Lunar Sample; Material origin: Natural; Material type: Rock; Material subtypes: Nonparticulate|Thin Section; Atlas type: rock; Atlas lithology: dunite; Atlas description: Cataclastic dunite, homogeneous; Parent source: atlas_sample_id",subsample_or_fraction,yes,https://www.lpi.usra.edu/lunar/samples/atlas/detail/?mission=Apollo%2017&sample=72415,
1225,72415,58,-99.0,no,cnls13,LS-CMP-013,"72415,58",none,,,,,rock,dunite,,"RELAB specimen: 72415,58; RELAB description: Pristine Plutonic , Dunite Olivine, Thin section run in transmission mode in search for 2 micron spinel band; Collection: Apollo 17; Specimen type: Returned Lunar Sample; Material origin: Natural; Material type: Rock; Material subtypes: Nonparticulate|Thin Section; Atlas type: rock; Atlas lithology: dunite; Atlas description: Cataclastic dunite, homogeneous; Parent source: atlas_sample_id",subsample_or_fraction,yes,https://www.lpi.usra.edu/lunar/samples/atlas/detail/?mission=Apollo%2017&sample=72415,
1226,72415,58,-99.0,no,cols13,LS-CMP-013,"72415,58",none,,,,,rock,dunite,,"RELAB specimen: 72415,58; RELAB description: Pristine Plutonic , Dunite Olivine, Thin section run in transmission mode in search for 2 micron spinel band; Collection: Apollo 17; Specimen type: Returned Lunar Sample; Material origin: Natural; Material type: Rock; Material subtypes: Nonparticulate|Thin Section; Atlas type: rock; Atlas lithology: dunite; Atlas description: Cataclastic dunite, homogeneous; Parent source: atlas_sample_id",subsample_or_fraction,yes,https://www.lpi.usra.edu/lunar/samples/atlas/detail/?mission=Apollo%2017&sample=72415,
1227,72415,58,-99.0,no,glue13,LS-CMP-013,"72415,58",none,,,,,rock,dunite,,"RELAB specimen: 72415,58; RELAB description: Pristine Plutonic , Dunite Olivine, Thin section run in transmission mode in search for 2 micron spinel band; Collection: Apollo 17; Specimen type: Returned Lunar Sample; Material origin: Natural; Material type: Rock; Material subtypes: Nonparticulate|Thin Section; Atlas type: rock; Atlas lithology: dunite; Atlas description: Cataclastic dunite, homogeneous; Parent source: atlas_sample_id",subsample_or_fraction,yes,https://www.lpi.usra.edu/lunar/samples/atlas/detail/?mission=Apollo%2017&sample=72415,
1228,72415,58,-99.0,no,s3ls13,LS-CMP-013,"72415,58",none,,,,,rock,dunite,,"RELAB specimen: 72415,58; RELAB description: Pristine Plutonic , Dunite Olivine, Thin section run in transmission mode in search for 2 micron spinel band; Collection: Apollo 17; Specimen type: Returned Lunar Sample; Material origin: Natural; Material type: Rock; Material subtypes: Nonparticulate|Thin Section; Atlas type: rock; Atlas lithology: dunite; Atlas description: Cataclastic dunite, homogeneous; Parent source: atlas_sample_id",subsample_or_fraction,yes,https://www.lpi.usra.edu/lunar/samples/atlas/detail/?mission=Apollo%2017&sample=72415,
1229,72415,58,-99.0,no,spindo,LS-CMP-013,"72415,58",none,,,,,rock,dunite,,"RELAB specimen: 72415,58; RELAB description: Pristine Plutonic , Dunite Olivine, Thin section run in transmission mode in search for 2 micron spinel band; Collection: Apollo 17; Specimen type: Returned Lunar Sample; Material origin: Natural; Material type: Rock; Material subtypes: Nonparticulate|Thin Section; Atlas type: rock; Atlas lithology: dunite; Atlas description: Cataclastic dunite, homogeneous; Parent source: atlas_sample_id",subsample_or_fraction,yes,https://www.lpi.usra.edu/lunar/samples/atlas/detail/?mission=Apollo%2017&sample=72415,
1230,72415,58,-99.0,no,spinmo,LS-CMP-013,"72415,58",none,,,,,rock,dunite,,"RELAB specimen: 72415,58; RELAB description: Pristine Plutonic , Dunite Olivine, Thin section run in transmission mode in search for 2 micron spinel band; Collection: Apollo 17; Specimen type: Returned Lunar Sample; Material origin: Natural; Material type: Rock; Material subtypes: Nonparticulate|Thin Section; Atlas type: rock; Atlas lithology: dunite; Atlas description: Cataclastic dunite, homogeneous; Parent source: atlas_sample_id",subsample_or_fraction,yes,https://www.lpi.usra.edu/lunar/samples/atlas/detail/?mission=Apollo%2017&sample=72415,
1231,72415,64,-99.0,no,c1lr225,LR-CMP-225,"72415,64 olivine D",none,,,,,rock,dunite,,"RELAB specimen: 72415,64 olivine D; RELAB description: Silicate (Neso) , Olivine , Clear crystal separate from bulk olivine sample. Crushed 2/2008, PJI; Collection: Apollo 17 site, Moon; Specimen type: Returned Lunar Sample; Material origin: Natural; Material type: Mineral; Material subtypes: Particulate|Particulate Ground Sorted; Atlas type: rock; Atlas lithology: dunite; Atlas description: Cataclastic dunite, homogeneous; Parent source: atlas_sample_id",subsample_or_fraction,yes,https://www.lpi.usra.edu/lunar/samples/atlas/detail/?mission=Apollo%2017&sample=72415,
1232,72415,64,-99.0,no,c1ls03,LS-CMP-003,"72415,64",none,,,,,rock,dunite,,"RELAB specimen: 72415,64; RELAB description: Pristine Plutonic , Dunite Olivine, Dunite, pristine sample; Collection: Apollo 17 (South Massif); Specimen type: Returned Lunar Sample; Material origin: Natural; Material type: Rock; Material subtypes: Nonparticulate|Bulk; Atlas type: rock; Atlas lithology: dunite; Atlas description: Cataclastic dunite, homogeneous; Parent source: atlas_sample_id",subsample_or_fraction,yes,https://www.lpi.usra.edu/lunar/samples/atlas/detail/?mission=Apollo%2017&sample=72415,
1233,72415,64,-99.0,no,c2ls03,LS-CMP-003,"72415,64",none,,,,,rock,dunite,,"RELAB specimen: 72415,64; RELAB description: Pristine Plutonic , Dunite Olivine, Dunite, pristine sample; Collection: Apollo 17 (South Massif); Specimen type: Returned Lunar Sample; Material origin: Natural; Material type: Rock; Material subtypes: Nonparticulate|Bulk; Atlas type: rock; Atlas lithology: dunite; Atlas description: Cataclastic dunite, homogeneous; Parent source: atlas_sample_id",subsample_or_fraction,yes,https://www.lpi.usra.edu/lunar/samples/atlas/detail/?mission=Apollo%2017&sample=72415,
1234,72415,64,-99.0,no,c3ls05,LS-CMP-005-C,"72415,64 olivine separate <45 um",none,,,,,rock,dunite,,"RELAB specimen: 72415,64 olivine separate <45 um; RELAB description: Silicate (Neso) , Dunite Olivine, Clear crystal separate from bulk olivine sample; Collection: Apollo 17; Specimen type: Returned Lunar Sample; Material origin: Natural; Material type: Mineral; Material subtypes: Particulate|Particulate Ground Sorted; Atlas type: rock; Atlas lithology: dunite; Atlas description: Cataclastic dunite, homogeneous; Parent source: atlas_sample_id",subsample_or_fraction,yes,https://www.lpi.usra.edu/lunar/samples/atlas/detail/?mission=Apollo%2017&sample=72415,
1235,72415,64,-99.0,no,c4ls05,LS-CMP-005-C,"72415,64 olivine separate <45 um",none,,,,,rock,dunite,,"RELAB specimen: 72415,64 olivine separate <45 um; RELAB description: Silicate (Neso) , Dunite Olivine, Clear crystal separate from bulk olivine sample; Collection: Apollo 17; Specimen type: Returned Lunar Sample; Material origin: Natural; Material type: Mineral; Material subtypes: Particulate|Particulate Ground Sorted; Atlas type: rock; Atlas lithology: dunite; Atlas description: Cataclastic dunite, homogeneous; Parent source: atlas_sample_id",subsample_or_fraction,yes,https://www.lpi.usra.edu/lunar/samples/atlas/detail/?mission=Apollo%2017&sample=72415,
1236,72415,64,-99.0,no,s1ls03,LS-CMP-003,"72415,64",none,,,,,rock,dunite,,"RELAB specimen: 72415,64; RELAB description: Pristine Plutonic , Dunite Olivine, Dunite, pristine sample; Collection: Apollo 17 (South Massif); Specimen type: Returned Lunar Sample; Material origin: Natural; Material type: Rock; Material subtypes: Nonparticulate|Bulk; Atlas type: rock; Atlas lithology: dunite; Atlas description: Cataclastic dunite, homogeneous; Parent source: atlas_sample_id",subsample_or_fraction,yes,https://www.lpi.usra.edu/lunar/samples/atlas/detail/?mission=Apollo%2017&sample=72415,
1237,72415,64,-99.0,no,s2ls03,LS-CMP-003,"72415,64",none,,,,,rock,dunite,,"RELAB specimen: 72415,64; RELAB description: Pristine Plutonic , Dunite Olivine, Dunite, pristine sample; Collection: Apollo 17 (South Massif); Specimen type: Returned Lunar Sample; Material origin: Natural; Material type: Rock; Material subtypes: Nonparticulate|Bulk; Atlas type: rock; Atlas lithology: dunite; Atlas description: Cataclastic dunite, homogeneous; Parent source: atlas_sample_id",subsample_or_fraction,yes,https://www.lpi.usra.edu/lunar/samples/atlas/detail/?mission=Apollo%2017&sample=72415,
1238,72415,64b,11.34,yes,c1ls05,LS-CMP-005,"72415,64b clear olivine separate",explicit_reference,ls-cmp-005_specimenchemistry,LS-CMP-005,Bulk,"Edward W. Wolfe et al, Geol. Invest. T-L Valley, USGS, 1981",rock,dunite,,"RELAB specimen: 72415,64b clear olivine separate; RELAB description: Silicate (Neso) , Dunite Olivine, Clear crystal separate from bulk olivine sample; Collection: Apollo 17; Specimen type: Returned Lunar Sample; Material origin: Natural; Material type: Mineral; Material subtypes: Particulate|Bulk; Atlas type: rock; Atlas lithology: dunite; Atlas description: Cataclastic dunite, homogeneous; Chemistry phase: Bulk; Chemistry notes: Apollo 17 Metadunite Cataclastite #72415; Parent source: atlas_sample_id",subsample_or_fraction,yes,https://www.lpi.usra.edu/lunar/samples/atlas/detail/?mission=Apollo%2017&sample=72415,
1239,72415,64b,11.34,yes,c2ls05,LS-CMP-005,"72415,64b clear olivine separate",explicit_reference,ls-cmp-005_specimenchemistry,LS-CMP-005,Bulk,"Edward W. Wolfe et al, Geol. Invest. T-L Valley, USGS, 1981",rock,dunite,,"RELAB specimen: 72415,64b clear olivine separate; RELAB description: Silicate (Neso) , Dunite Olivine, Clear crystal separate from bulk olivine sample; Collection: Apollo 17; Specimen type: Returned Lunar Sample; Material origin: Natural; Material type: Mineral; Material subtypes: Particulate|Bulk; Atlas type: rock; Atlas lithology: dunite; Atlas description: Cataclastic dunite, homogeneous; Chemistry phase: Bulk; Chemistry notes: Apollo 17 Metadunite Cataclastite #72415; Parent source: atlas_sample_id",subsample_or_fraction,yes,https://www.lpi.usra.edu/lunar/samples/atlas/detail/?mission=Apollo%2017&sample=72415,
1240,72415,64b,11.34,yes,s1ls05,LS-CMP-005,"72415,64b clear olivine separate",explicit_reference,ls-cmp-005_specimenchemistry,LS-CMP-005,Bulk,"Edward W. Wolfe et al, Geol. Invest. T-L Valley, USGS, 1981",rock,dunite,,"RELAB specimen: 72415,64b clear olivine separate; RELAB description: Silicate (Neso) , Dunite Olivine, Clear crystal separate from bulk olivine sample; Collection: Apollo 17; Specimen type: Returned Lunar Sample; Material origin: Natural; Material type: Mineral; Material subtypes: Particulate|Bulk; Atlas type: rock; Atlas lithology: dunite; Atlas description: Cataclastic dunite, homogeneous; Chemistry phase: Bulk; Chemistry notes: Apollo 17 Metadunite Cataclastite #72415; Parent source: atlas_sample_id",subsample_or_fraction,yes,https://www.lpi.usra.edu/lunar/samples/atlas/detail/?mission=Apollo%2017&sample=72415,
1241,72415,64c,-99.0,no,c1lr14,LR-CMP-014,"72415,64c",none,,,,,rock,dunite,,"RELAB specimen: 72415,64c; RELAB description: Silicate (Neso) , Olivine , Fine grained sample including sample ""C"" and additional material prepare from crushing grains from the bulk and ""B"".Minor amounts of spinel.; Collection: Apollo 17 site, Moon; Specimen type: Returned Lunar Sample; Material origin: Natural; Material type: Mineral; Material subtypes: Particulate; Atlas type: rock; Atlas lithology: dunite; Atlas description: Cataclastic dunite, homogeneous; Parent source: atlas_sample_id",subsample_or_fraction,yes,https://www.lpi.usra.edu/lunar/samples/atlas/detail/?mission=Apollo%2017&sample=72415,
1242,72415,64c,-99.0,no,c2lr14,LR-CMP-014,"72415,64c",none,,,,,rock,dunite,,"RELAB specimen: 72415,64c; RELAB description: Silicate (Neso) , Olivine , Fine grained sample including sample ""C"" and additional material prepare from crushing grains from the bulk and ""B"".Minor amounts of spinel.; Collection: Apollo 17 site, Moon; Specimen type: Returned Lunar Sample; Material origin: Natural; Material type: Mineral; Material subtypes: Particulate; Atlas type: rock; Atlas lithology: dunite; Atlas description: Cataclastic dunite, homogeneous; Parent source: atlas_sample_id",subsample_or_fraction,yes,https://www.lpi.usra.edu/lunar/samples/atlas/detail/?mission=Apollo%2017&sample=72415,
1243,72435,77,8.5,yes,c1ls39,LS-CMP-039,"72435,77",explicit_reference,ls-cmp-039_specimenchemistry,LS-CMP-039,Bulk,"Microprobe fused bead / INAA at JSC by Graham Ryder, LPI.",rock,impact melt breccia,,"RELAB specimen: 72435,77; RELAB description: Polymict Breccia, Micropoikilitic Impact Melt Breccia , Powder from typical matrix of Boulder 3. Believed to be recrystallized melt shet from Serenitatis impact event.; Collection: Station 2, Apollo 17 site, Moon; Specimen type: Returned Lunar Sample; Material origin: Natural; Material type: Rock; Material subtypes: Particulate; Atlas type: rock; Atlas lithology: impact melt breccia; Atlas description: Micropoikilitic Impact Melt Breccia, can be assumed to have formed during the Serenitatis event, has major and trace element chemistry similar to other Apollo 17 low-K Fra Mauro impacat melts; Chemistry phase: Bulk; Chemistry notes: Sm 15.4 ppm, Sc 17.6 ppm; Parent source: atlas_sample_id",subsample_or_fraction,yes,https://www.lpi.usra.edu/lunar/samples/atlas/detail/?mission=Apollo%2017&sample=72435,
1244,72435,77,8.5,yes,c2ls39,LS-CMP-039,"72435,77",explicit_reference,ls-cmp-039_specimenchemistry,LS-CMP-039,Bulk,"Microprobe fused bead / INAA at JSC by Graham Ryder, LPI.",rock,impact melt breccia,,"RELAB specimen: 72435,77; RELAB description: Polymict Breccia, Micropoikilitic Impact Melt Breccia , Powder from typical matrix of Boulder 3. Believed to be recrystallized melt shet from Serenitatis impact event.; Collection: Station 2, Apollo 17 site, Moon; Specimen type: Returned Lunar Sample; Material origin: Natural; Material type: Rock; Material subtypes: Particulate; Atlas type: rock; Atlas lithology: impact melt breccia; Atlas description: Micropoikilitic Impact Melt Breccia, can be assumed to have formed during the Serenitatis event, has major and trace element chemistry similar to other Apollo 17 low-K Fra Mauro impacat melts; Chemistry phase: Bulk; Chemistry notes: Sm 15.4 ppm, Sc 17.6 ppm; Parent source: atlas_sample_id",subsample_or_fraction,yes,https://www.lpi.usra.edu/lunar/samples/atlas/detail/?mission=Apollo%2017&sample=72435,
1245,72435,77,8.5,yes,cmls39,LS-CMP-039,"72435,77",explicit_reference,ls-cmp-039_specimenchemistry,LS-CMP-039,Bulk,"Microprobe fused bead / INAA at JSC by Graham Ryder, LPI.",rock,impact melt breccia,,"RELAB specimen: 72435,77; RELAB description: Polymict Breccia, Micropoikilitic Impact Melt Breccia , Powder from typical matrix of Boulder 3. Believed to be recrystallized melt shet from Serenitatis impact event.; Collection: Station 2, Apollo 17 site, Moon; Specimen type: Returned Lunar Sample; Material origin: Natural; Material type: Rock; Material subtypes: Particulate; Atlas type: rock; Atlas lithology: impact melt breccia; Atlas description: Micropoikilitic Impact Melt Breccia, can be assumed to have formed during the Serenitatis event, has major and trace element chemistry similar to other Apollo 17 low-K Fra Mauro impacat melts; Chemistry phase: Bulk; Chemistry notes: Sm 15.4 ppm, Sc 17.6 ppm; Parent source: atlas_sample_id",subsample_or_fraction,yes,https://www.lpi.usra.edu/lunar/samples/atlas/detail/?mission=Apollo%2017&sample=72435,
1246,72435,77,8.5,yes,nals39,LS-CMP-039,"72435,77",explicit_reference,ls-cmp-039_specimenchemistry,LS-CMP-039,Bulk,"Microprobe fused bead / INAA at JSC by Graham Ryder, LPI.",rock,impact melt breccia,,"RELAB specimen: 72435,77; RELAB description: Polymict Breccia, Micropoikilitic Impact Melt Breccia , Powder from typical matrix of Boulder 3. Believed to be recrystallized melt shet from Serenitatis impact event.; Collection: Station 2, Apollo 17 site, Moon; Specimen type: Returned Lunar Sample; Material origin: Natural; Material type: Rock; Material subtypes: Particulate; Atlas type: rock; Atlas lithology: impact melt breccia; Atlas description: Micropoikilitic Impact Melt Breccia, can be assumed to have formed during the Serenitatis event, has major and trace element chemistry similar to other Apollo 17 low-K Fra Mauro impacat melts; Chemistry phase: Bulk; Chemistry notes: Sm 15.4 ppm, Sc 17.6 ppm; Parent source: atlas_sample_id",subsample_or_fraction,yes,https://www.lpi.usra.edu/lunar/samples/atlas/detail/?mission=Apollo%2017&sample=72435,
1247,72435,77,12.09,yes,c1ls39,LS-CMP-039,"72435,77",explicit_reference,ls-cmp-039_specimenchemistry,LS-CMP-039,Bulk,"Morris, et al, 1983. Handbook of Lunar Soils, Part 1, p. 346.",rock,impact melt breccia,,"RELAB specimen: 72435,77; RELAB description: Polymict Breccia, Micropoikilitic Impact Melt Breccia , Powder from typical matrix of Boulder 3. Believed to be recrystallized melt shet from Serenitatis impact event.; Collection: Station 2, Apollo 17 site, Moon; Specimen type: Returned Lunar Sample; Material origin: Natural; Material type: Rock; Material subtypes: Particulate; Atlas type: rock; Atlas lithology: impact melt breccia; Atlas description: Micropoikilitic Impact Melt Breccia, can be assumed to have formed during the Serenitatis event, has major and trace element chemistry similar to other Apollo 17 low-K Fra Mauro impacat melts; Chemistry phase: Bulk; Chemistry notes: Apollo 15 sample # 15261 from Station 6.; Parent source: atlas_sample_id",subsample_or_fraction,yes,https://www.lpi.usra.edu/lunar/samples/atlas/detail/?mission=Apollo%2017&sample=72435,
1248,72435,77,12.09,yes,c2ls39,LS-CMP-039,"72435,77",explicit_reference,ls-cmp-039_specimenchemistry,LS-CMP-039,Bulk,"Morris, et al, 1983. Handbook of Lunar Soils, Part 1, p. 346.",rock,impact melt breccia,,"RELAB specimen: 72435,77; RELAB description: Polymict Breccia, Micropoikilitic Impact Melt Breccia , Powder from typical matrix of Boulder 3. Believed to be recrystallized melt shet from Serenitatis impact event.; Collection: Station 2, Apollo 17 site, Moon; Specimen type: Returned Lunar Sample; Material origin: Natural; Material type: Rock; Material subtypes: Particulate; Atlas type: rock; Atlas lithology: impact melt breccia; Atlas description: Micropoikilitic Impact Melt Breccia, can be assumed to have formed during the Serenitatis event, has major and trace element chemistry similar to other Apollo 17 low-K Fra Mauro impacat melts; Chemistry phase: Bulk; Chemistry notes: Apollo 15 sample # 15261 from Station 6.; Parent source: atlas_sample_id",subsample_or_fraction,yes,https://www.lpi.usra.edu/lunar/samples/atlas/detail/?mission=Apollo%2017&sample=72435,
1249,72435,77,12.09,yes,cmls39,LS-CMP-039,"72435,77",explicit_reference,ls-cmp-039_specimenchemistry,LS-CMP-039,Bulk,"Morris, et al, 1983. Handbook of Lunar Soils, Part 1, p. 346.",rock,impact melt breccia,,"RELAB specimen: 72435,77; RELAB description: Polymict Breccia, Micropoikilitic Impact Melt Breccia , Powder from typical matrix of Boulder 3. Believed to be recrystallized melt shet from Serenitatis impact event.; Collection: Station 2, Apollo 17 site, Moon; Specimen type: Returned Lunar Sample; Material origin: Natural; Material type: Rock; Material subtypes: Particulate; Atlas type: rock; Atlas lithology: impact melt breccia; Atlas description: Micropoikilitic Impact Melt Breccia, can be assumed to have formed during the Serenitatis event, has major and trace element chemistry similar to other Apollo 17 low-K Fra Mauro impacat melts; Chemistry phase: Bulk; Chemistry notes: Apollo 15 sample # 15261 from Station 6.; Parent source: atlas_sample_id",subsample_or_fraction,yes,https://www.lpi.usra.edu/lunar/samples/atlas/detail/?mission=Apollo%2017&sample=72435,
1250,72435,77,12.09,yes,nals39,LS-CMP-039,"72435,77",explicit_reference,ls-cmp-039_specimenchemistry,LS-CMP-039,Bulk,"Morris, et al, 1983. Handbook of Lunar Soils, Part 1, p. 346.",rock,impact melt breccia,,"RELAB specimen: 72435,77; RELAB description: Polymict Breccia, Micropoikilitic Impact Melt Breccia , Powder from typical matrix of Boulder 3. Believed to be recrystallized melt shet from Serenitatis impact event.; Collection: Station 2, Apollo 17 site, Moon; Specimen type: Returned Lunar Sample; Material origin: Natural; Material type: Rock; Material subtypes: Particulate; Atlas type: rock; Atlas lithology: impact melt breccia; Atlas description: Micropoikilitic Impact Melt Breccia, can be assumed to have formed during the Serenitatis event, has major and trace element chemistry similar to other Apollo 17 low-K Fra Mauro impacat melts; Chemistry phase: Bulk; Chemistry notes: Apollo 15 sample # 15261 from Station 6.; Parent source: atlas_sample_id",subsample_or_fraction,yes,https://www.lpi.usra.edu/lunar/samples/atlas/detail/?mission=Apollo%2017&sample=72435,
1251,72701,150,-99.0,no,cals75,LS-CMP-075,"72701,150",none,,,,,,,,"RELAB specimen: 72701,150; RELAB description: Highland, Bulk, More highland than mare but not purely highland; Collection: Apollo 17 site, Moon; Specimen type: Returned Lunar Sample; Material origin: Natural; Material type: Unconsolidated Mixture; Material subtypes: Particulate|Bulk; Parent source: atlas_sample_id",subsample_or_fraction,yes,https://www.lpi.usra.edu/lunar/samples/atlas/detail/?mission=Apollo%2017&sample=72701,
1252,73131,4,-99.0,no,bir1ls133,LS-GJT-133,"73131,4 <150 um",none,,,,,,,,"RELAB specimen: 73131,4 <150 um; RELAB description: Highland, Bulk,; Collection: Apollo 17 site, Moon; Specimen type: Returned Lunar Sample; Material origin: Natural; Material type: Unconsolidated Mixture; Material subtypes: Particulate|Particulate Sorted|Highland; Parent source: atlas_sample_id",subsample_or_fraction,yes,https://www.lpi.usra.edu/lunar/samples/atlas/detail/?mission=Apollo%2017&sample=73131,
1253,73131,4,-99.0,no,c1ls133,LS-GJT-133,"73131,4 <150 um",none,,,,,,,,"RELAB specimen: 73131,4 <150 um; RELAB description: Highland, Bulk,; Collection: Apollo 17 site, Moon; Specimen type: Returned Lunar Sample; Material origin: Natural; Material type: Unconsolidated Mixture; Material subtypes: Particulate|Particulate Sorted|Highland; Parent source: atlas_sample_id",subsample_or_fraction,yes,https://www.lpi.usra.edu/lunar/samples/atlas/detail/?mission=Apollo%2017&sample=73131,
1254,73155,53,8.8,yes,c1ls29,LS-CMP-029,"73155,53",explicit_reference,ls-cmp-029_specimenchemistry,LS-CMP-029,Bulk,"Microprobe fused bead / INAA at JSC by Graham Ryder, LPI.",rock,impact melt breccia,,"RELAB specimen: 73155,53; RELAB description: Polymict Breccia, Impact Melt Breccia , Powder form a chip.Believed to be recrystallized metl sheet from Serenetatis impact event.; Collection: Station 2A, Apollo 17 site, Moon; Specimen type: Returned Lunar Sample; Material origin: Natural; Material type: Rock; Material subtypes: Particulate; Atlas type: rock; Atlas lithology: impact melt breccia; Atlas description: Impact Melt Breccia, medium dark gray (N4) in color, rather heterogeneous; Chemistry phase: Bulk; Chemistry notes: Sm 18.5 ppm, Sc 17.7 ppm.; Parent source: atlas_sample_id",subsample_or_fraction,yes,https://www.lpi.usra.edu/lunar/samples/atlas/detail/?mission=Apollo%2017&sample=73155,
1255,73155,53,8.8,yes,c2ls29,LS-CMP-029,"73155,53",explicit_reference,ls-cmp-029_specimenchemistry,LS-CMP-029,Bulk,"Microprobe fused bead / INAA at JSC by Graham Ryder, LPI.",rock,impact melt breccia,,"RELAB specimen: 73155,53; RELAB description: Polymict Breccia, Impact Melt Breccia , Powder form a chip.Believed to be recrystallized metl sheet from Serenetatis impact event.; Collection: Station 2A, Apollo 17 site, Moon; Specimen type: Returned Lunar Sample; Material origin: Natural; Material type: Rock; Material subtypes: Particulate; Atlas type: rock; Atlas lithology: impact melt breccia; Atlas description: Impact Melt Breccia, medium dark gray (N4) in color, rather heterogeneous; Chemistry phase: Bulk; Chemistry notes: Sm 18.5 ppm, Sc 17.7 ppm.; Parent source: atlas_sample_id",subsample_or_fraction,yes,https://www.lpi.usra.edu/lunar/samples/atlas/detail/?mission=Apollo%2017&sample=73155,
1256,73155,53,8.8,yes,cmls29,LS-CMP-029,"73155,53",explicit_reference,ls-cmp-029_specimenchemistry,LS-CMP-029,Bulk,"Microprobe fused bead / INAA at JSC by Graham Ryder, LPI.",rock,impact melt breccia,,"RELAB specimen: 73155,53; RELAB description: Polymict Breccia, Impact Melt Breccia , Powder form a chip.Believed to be recrystallized metl sheet from Serenetatis impact event.; Collection: Station 2A, Apollo 17 site, Moon; Specimen type: Returned Lunar Sample; Material origin: Natural; Material type: Rock; Material subtypes: Particulate; Atlas type: rock; Atlas lithology: impact melt breccia; Atlas description: Impact Melt Breccia, medium dark gray (N4) in color, rather heterogeneous; Chemistry phase: Bulk; Chemistry notes: Sm 18.5 ppm, Sc 17.7 ppm.; Parent source: atlas_sample_id",subsample_or_fraction,yes,https://www.lpi.usra.edu/lunar/samples/atlas/detail/?mission=Apollo%2017&sample=73155,
1257,73155,53,8.8,yes,nals29,LS-CMP-029,"73155,53",explicit_reference,ls-cmp-029_specimenchemistry,LS-CMP-029,Bulk,"Microprobe fused bead / INAA at JSC by Graham Ryder, LPI.",rock,impact melt breccia,,"RELAB specimen: 73155,53; RELAB description: Polymict Breccia, Impact Melt Breccia , Powder form a chip.Believed to be recrystallized metl sheet from Serenetatis impact event.; Collection: Station 2A, Apollo 17 site, Moon; Specimen type: Returned Lunar Sample; Material origin: Natural; Material type: Rock; Material subtypes: Particulate; Atlas type: rock; Atlas lithology: impact melt breccia; Atlas description: Impact Melt Breccia, medium dark gray (N4) in color, rather heterogeneous; Chemistry phase: Bulk; Chemistry notes: Sm 18.5 ppm, Sc 17.7 ppm.; Parent source: atlas_sample_id",subsample_or_fraction,yes,https://www.lpi.usra.edu/lunar/samples/atlas/detail/?mission=Apollo%2017&sample=73155,
1258,73217,78,6.9,yes,c1ls18,LS-CMP-018,"73217,78",explicit_reference,ls-cmp-018_specimenchemistry,LS-CMP-018,Bulk,"Microprobe fused bead / INAA at JSC by Graham Ryder, LPI.",rock,impact melt breccia,,"RELAB specimen: 73217,78; RELAB description: Polymict Breccia, Impact Melt Breccia , Powder from a chip.; Collection: Station 3, Apollo 17 site, Moon; Specimen type: Returned Lunar Sample; Material origin: Natural; Material type: Rock; Material subtypes: Particulate; Atlas type: rock; Atlas lithology: impact melt breccia; Atlas description: Impact Melt Breccia, bulk groundmass may be the low-K Fra Mauro basalt composition common at the Apollo 17 landing site,; Chemistry phase: Bulk; Chemistry notes: Sm 33.0 ppm, Sc 23.1 ppm.; Parent source: atlas_sample_id",subsample_or_fraction,yes,https://www.lpi.usra.edu/lunar/samples/atlas/detail/?mission=Apollo%2017&sample=73217,
1259,73217,78,6.9,yes,c2ls18,LS-CMP-018,"73217,78",explicit_reference,ls-cmp-018_specimenchemistry,LS-CMP-018,Bulk,"Microprobe fused bead / INAA at JSC by Graham Ryder, LPI.",rock,impact melt breccia,,"RELAB specimen: 73217,78; RELAB description: Polymict Breccia, Impact Melt Breccia , Powder from a chip.; Collection: Station 3, Apollo 17 site, Moon; Specimen type: Returned Lunar Sample; Material origin: Natural; Material type: Rock; Material subtypes: Particulate; Atlas type: rock; Atlas lithology: impact melt breccia; Atlas description: Impact Melt Breccia, bulk groundmass may be the low-K Fra Mauro basalt composition common at the Apollo 17 landing site,; Chemistry phase: Bulk; Chemistry notes: Sm 33.0 ppm, Sc 23.1 ppm.; Parent source: atlas_sample_id",subsample_or_fraction,yes,https://www.lpi.usra.edu/lunar/samples/atlas/detail/?mission=Apollo%2017&sample=73217,
1260,73217,78,6.9,yes,cmls18,LS-CMP-018,"73217,78",explicit_reference,ls-cmp-018_specimenchemistry,LS-CMP-018,Bulk,"Microprobe fused bead / INAA at JSC by Graham Ryder, LPI.",rock,impact melt breccia,,"RELAB specimen: 73217,78; RELAB description: Polymict Breccia, Impact Melt Breccia , Powder from a chip.; Collection: Station 3, Apollo 17 site, Moon; Specimen type: Returned Lunar Sample; Material origin: Natural; Material type: Rock; Material subtypes: Particulate; Atlas type: rock; Atlas lithology: impact melt breccia; Atlas description: Impact Melt Breccia, bulk groundmass may be the low-K Fra Mauro basalt composition common at the Apollo 17 landing site,; Chemistry phase: Bulk; Chemistry notes: Sm 33.0 ppm, Sc 23.1 ppm.; Parent source: atlas_sample_id",subsample_or_fraction,yes,https://www.lpi.usra.edu/lunar/samples/atlas/detail/?mission=Apollo%2017&sample=73217,
1261,73217,78,6.9,yes,nals18,LS-CMP-018,"73217,78",explicit_reference,ls-cmp-018_specimenchemistry,LS-CMP-018,Bulk,"Microprobe fused bead / INAA at JSC by Graham Ryder, LPI.",rock,impact melt breccia,,"RELAB specimen: 73217,78; RELAB description: Polymict Breccia, Impact Melt Breccia , Powder from a chip.; Collection: Station 3, Apollo 17 site, Moon; Specimen type: Returned Lunar Sample; Material origin: Natural; Material type: Rock; Material subtypes: Particulate; Atlas type: rock; Atlas lithology: impact melt breccia; Atlas description: Impact Melt Breccia, bulk groundmass may be the low-K Fra Mauro basalt composition common at the Apollo 17 landing site,; Chemistry phase: Bulk; Chemistry notes: Sm 33.0 ppm, Sc 23.1 ppm.; Parent source: atlas_sample_id",subsample_or_fraction,yes,https://www.lpi.usra.edu/lunar/samples/atlas/detail/?mission=Apollo%2017&sample=73217,
1262,73241,82,-99.0,no,cals72,LS-CMP-072,"73241,82",none,,,,,,,,"RELAB specimen: 73241,82; RELAB description: Highland, Bulk, More highland than mare but not purely highland.; Collection: Apollo 17 site, Moon; Specimen type: Returned Lunar Sample; Material origin: Natural; Material type: Unconsolidated Mixture; Material subtypes: Particulate|Bulk; Parent source: atlas_sample_id",subsample_or_fraction,yes,https://www.lpi.usra.edu/lunar/samples/atlas/detail/?mission=Apollo%2017&sample=73241,
1263,73241,87,-99.0,no,bir1ls134,LS-GJT-134,"73241,87 <150 um",none,,,,,,,,"RELAB specimen: 73241,87 <150 um; RELAB description: Highland, Bulk,; Collection: Apollo 17 site, Moon; Specimen type: Returned Lunar Sample; Material origin: Natural; Material type: Unconsolidated Mixture; Material subtypes: Particulate|Particulate Sorted|Highland; Parent source: atlas_sample_id",subsample_or_fraction,yes,https://www.lpi.usra.edu/lunar/samples/atlas/detail/?mission=Apollo%2017&sample=73241,
1264,73241,87,-99.0,no,c1ls134,LS-GJT-134,"73241,87 <150 um",none,,,,,,,,"RELAB specimen: 73241,87 <150 um; RELAB description: Highland, Bulk,; Collection: Apollo 17 site, Moon; Specimen type: Returned Lunar Sample; Material origin: Natural; Material type: Unconsolidated Mixture; Material subtypes: Particulate|Particulate Sorted|Highland; Parent source: atlas_sample_id",subsample_or_fraction,yes,https://www.lpi.usra.edu/lunar/samples/atlas/detail/?mission=Apollo%2017&sample=73241,
1265,73241,88,-99.0,no,bir1ls135,LS-GJT-135,"73241,88 <150 um",none,,,,,,,,"RELAB specimen: 73241,88 <150 um; RELAB description: Highland, Bulk,; Collection: Apollo 17 site, Moon; Specimen type: Returned Lunar Sample; Material origin: Natural; Material type: Unconsolidated Mixture; Material subtypes: Particulate|Particulate Sorted|Highland; Parent source: atlas_sample_id",subsample_or_fraction,yes,https://www.lpi.usra.edu/lunar/samples/atlas/detail/?mission=Apollo%2017&sample=73241,
1266,73241,88,-99.0,no,c1ls135,LS-GJT-135,"73241,88 <150 um",none,,,,,,,,"RELAB specimen: 73241,88 <150 um; RELAB description: Highland, Bulk,; Collection: Apollo 17 site, Moon; Specimen type: Returned Lunar Sample; Material origin: Natural; Material type: Unconsolidated Mixture; Material subtypes: Particulate|Particulate Sorted|Highland; Parent source: atlas_sample_id",subsample_or_fraction,yes,https://www.lpi.usra.edu/lunar/samples/atlas/detail/?mission=Apollo%2017&sample=73241,
1267,73261,69,-99.0,no,cals74,LS-CMP-074,"73261,69",none,,,,,,,,"RELAB specimen: 73261,69; RELAB description: Highland, Bulk, More highland than mare but not purely highland; Collection: Apollo 17 site, Moon; Specimen type: Returned Lunar Sample; Material origin: Natural; Material type: Unconsolidated Mixture; Material subtypes: Particulate|Bulk; Parent source: atlas_sample_id",subsample_or_fraction,yes,https://www.lpi.usra.edu/lunar/samples/atlas/detail/?mission=Apollo%2017&sample=73261,
1268,73281,69,-99.0,no,cals73,LS-CMP-073,"73281,69",none,,,,,,,,"RELAB specimen: 73281,69; RELAB description: Highland, Bulk, More highland than mare but not purely highland; Collection: Apollo 17 site, Moon; Specimen type: Returned Lunar Sample; Material origin: Natural; Material type: Unconsolidated Mixture; Material subtypes: Particulate|Bulk; Parent source: atlas_sample_id",subsample_or_fraction,yes,https://www.lpi.usra.edu/lunar/samples/atlas/detail/?mission=Apollo%2017&sample=73281,
1269,74001,439,-99.0,no,c1lr50,LR-CMP-050,"74001,439",none,,,,,core,soil,,"RELAB specimen: 74001,439; RELAB description: Black Spherules, glassy; Collection: Apollo 17 site, Moon; Specimen type: Returned Lunar Sample; Material origin: Natural; Material type: Unconsolidated Mixture; Material subtypes: Particulate; Atlas type: core; Atlas lithology: soil; Atlas description: Drive tube 74001/74002 was collected at the south rim of 120 meter Shorty crater, at Station 4. The cored material is unusually compact. The core contains orange and red colored soil with nearly vertical contacts. The site is near the low place in the crater rim crest. The fragment population is viable. Craters up to several meters in diameter are scattered near the sample site. The core is almost entirely without coarse fines.; Parent source: atlas_sample_id",subsample_or_fraction,yes,https://www.lpi.usra.edu/lunar/samples/atlas/detail/?mission=Apollo%2017&sample=74001,
1270,74002,339,-99.0,no,bir1lr130,LR-CMP-130,"74002,339",none,,,,,core,soil,,"RELAB specimen: 74002,339; RELAB description: Mare, Pyroclastic Beads,; Collection: Apollo 17 shorty crater drive tube 74002, Depth 0.1-0.2 cm; Specimen type: Returned Lunar Sample; Material origin: Natural; Material type: Unconsolidated Mixture; Material subtypes: Particulate|Bulk; Atlas type: core; Atlas lithology: soil; Atlas description: Drive tube 74001/74002 was collected at the south rim of 120 meter Shorty crater, at Station 4. The cored material is unusually compact. The core contains orange and red colored soil with nearly vertical contacts. The site is near the low place in the crater rim crest. The fragment population is viable. Craters up to several meters in diameter are scattered near the sample site. The core is almost entirely without coarse fines.; Parent source: atlas_sample_id",subsample_or_fraction,yes,https://www.lpi.usra.edu/lunar/samples/atlas/detail/?mission=Apollo%2017&sample=74002,
1271,74002,339,-99.0,no,c1lr130,LR-CMP-130,"74002,339",none,,,,,core,soil,,"RELAB specimen: 74002,339; RELAB description: Mare, Pyroclastic Beads,; Collection: Apollo 17 shorty crater drive tube 74002, Depth 0.1-0.2 cm; Specimen type: Returned Lunar Sample; Material origin: Natural; Material type: Unconsolidated Mixture; Material subtypes: Particulate|Bulk; Atlas type: core; Atlas lithology: soil; Atlas description: Drive tube 74001/74002 was collected at the south rim of 120 meter Shorty crater, at Station 4. The cored material is unusually compact. The core contains orange and red colored soil with nearly vertical contacts. The site is near the low place in the crater rim crest. The fragment population is viable. Craters up to several meters in diameter are scattered near the sample site. The core is almost entirely without coarse fines.; Parent source: atlas_sample_id",subsample_or_fraction,yes,https://www.lpi.usra.edu/lunar/samples/atlas/detail/?mission=Apollo%2017&sample=74002,
1272,74002,2216,-99.0,no,bir1lr131,LR-CMP-131,"74002,2216",none,,,,,core,soil,,"RELAB specimen: 74002,2216; RELAB description: Mare, Pyroclastic Beads,; Collection: Apollo 17 shorty crater drive tube 74002, Depth 4-4.5 cm; Specimen type: Returned Lunar Sample; Material origin: Natural; Material type: Unconsolidated Mixture; Material subtypes: Particulate|Bulk; Atlas type: core; Atlas lithology: soil; Atlas description: Drive tube 74001/74002 was collected at the south rim of 120 meter Shorty crater, at Station 4. The cored material is unusually compact. The core contains orange and red colored soil with nearly vertical contacts. The site is near the low place in the crater rim crest. The fragment population is viable. Craters up to several meters in diameter are scattered near the sample site. The core is almost entirely without coarse fines.; Parent source: atlas_sample_id",subsample_or_fraction,yes,https://www.lpi.usra.edu/lunar/samples/atlas/detail/?mission=Apollo%2017&sample=74002,
1273,74002,2216,-99.0,no,c1lr131,LR-CMP-131,"74002,2216",none,,,,,core,soil,,"RELAB specimen: 74002,2216; RELAB description: Mare, Pyroclastic Beads,; Collection: Apollo 17 shorty crater drive tube 74002, Depth 4-4.5 cm; Specimen type: Returned Lunar Sample; Material origin: Natural; Material type: Unconsolidated Mixture; Material subtypes: Particulate|Bulk; Atlas type: core; Atlas lithology: soil; Atlas description: Drive tube 74001/74002 was collected at the south rim of 120 meter Shorty crater, at Station 4. The cored material is unusually compact. The core contains orange and red colored soil with nearly vertical contacts. The site is near the low place in the crater rim crest. The fragment population is viable. Craters up to several meters in diameter are scattered near the sample site. The core is almost entirely without coarse fines.; Parent source: atlas_sample_id",subsample_or_fraction,yes,https://www.lpi.usra.edu/lunar/samples/atlas/detail/?mission=Apollo%2017&sample=74002,
1274,74002,2217,-99.0,no,bir1lr132,LR-CMP-132,"74002,2217",none,,,,,core,soil,,"RELAB specimen: 74002,2217; RELAB description: Mare, Pyroclastic Beads,; Collection: Apollo 17 shorty crater drive tube 74002, Depth 7.5-8 cm; Specimen type: Returned Lunar Sample; Material origin: Natural; Material type: Unconsolidated Mixture; Material subtypes: Particulate|Bulk; Atlas type: core; Atlas lithology: soil; Atlas description: Drive tube 74001/74002 was collected at the south rim of 120 meter Shorty crater, at Station 4. The cored material is unusually compact. The core contains orange and red colored soil with nearly vertical contacts. The site is near the low place in the crater rim crest. The fragment population is viable. Craters up to several meters in diameter are scattered near the sample site. The core is almost entirely without coarse fines.; Parent source: atlas_sample_id",subsample_or_fraction,yes,https://www.lpi.usra.edu/lunar/samples/atlas/detail/?mission=Apollo%2017&sample=74002,
1275,74002,2217,-99.0,no,c1lr132,LR-CMP-132,"74002,2217",none,,,,,core,soil,,"RELAB specimen: 74002,2217; RELAB description: Mare, Pyroclastic Beads,; Collection: Apollo 17 shorty crater drive tube 74002, Depth 7.5-8 cm; Specimen type: Returned Lunar Sample; Material origin: Natural; Material type: Unconsolidated Mixture; Material subtypes: Particulate|Bulk; Atlas type: core; Atlas lithology: soil; Atlas description: Drive tube 74001/74002 was collected at the south rim of 120 meter Shorty crater, at Station 4. The cored material is unusually compact. The core contains orange and red colored soil with nearly vertical contacts. The site is near the low place in the crater rim crest. The fragment population is viable. Craters up to several meters in diameter are scattered near the sample site. The core is almost entirely without coarse fines.; Parent source: atlas_sample_id",subsample_or_fraction,yes,https://www.lpi.usra.edu/lunar/samples/atlas/detail/?mission=Apollo%2017&sample=74002,
1276,74002,2218,-99.0,no,bir1lr133,LR-CMP-133,"74002,2218",none,,,,,core,soil,,"RELAB specimen: 74002,2218; RELAB description: Mare, Pyroclastic Beads,; Collection: Apollo 17 shorty crater drive tube 74002, Depth 14.5-15 cm; Specimen type: Returned Lunar Sample; Material origin: Natural; Material type: Unconsolidated Mixture; Material subtypes: Particulate|Bulk; Atlas type: core; Atlas lithology: soil; Atlas description: Drive tube 74001/74002 was collected at the south rim of 120 meter Shorty crater, at Station 4. The cored material is unusually compact. The core contains orange and red colored soil with nearly vertical contacts. The site is near the low place in the crater rim crest. The fragment population is viable. Craters up to several meters in diameter are scattered near the sample site. The core is almost entirely without coarse fines.; Parent source: atlas_sample_id",subsample_or_fraction,yes,https://www.lpi.usra.edu/lunar/samples/atlas/detail/?mission=Apollo%2017&sample=74002,
1277,74002,2218,-99.0,no,c1lr133,LR-CMP-133,"74002,2218",none,,,,,core,soil,,"RELAB specimen: 74002,2218; RELAB description: Mare, Pyroclastic Beads,; Collection: Apollo 17 shorty crater drive tube 74002, Depth 14.5-15 cm; Specimen type: Returned Lunar Sample; Material origin: Natural; Material type: Unconsolidated Mixture; Material subtypes: Particulate|Bulk; Atlas type: core; Atlas lithology: soil; Atlas description: Drive tube 74001/74002 was collected at the south rim of 120 meter Shorty crater, at Station 4. The cored material is unusually compact. The core contains orange and red colored soil with nearly vertical contacts. The site is near the low place in the crater rim crest. The fragment population is viable. Craters up to several meters in diameter are scattered near the sample site. The core is almost entirely without coarse fines.; Parent source: atlas_sample_id",subsample_or_fraction,yes,https://www.lpi.usra.edu/lunar/samples/atlas/detail/?mission=Apollo%2017&sample=74002,
1278,74002,2219,-99.0,no,bir1lr134,LR-CMP-134,"74002,2219",none,,,,,core,soil,,"RELAB specimen: 74002,2219; RELAB description: Mare, Pyroclastic Beads,; Collection: Apollo 17 shorty crater drive tube 74002, Depth 23.5-24 cm; Specimen type: Returned Lunar Sample; Material origin: Natural; Material type: Unconsolidated Mixture; Material subtypes: Particulate|Bulk; Atlas type: core; Atlas lithology: soil; Atlas description: Drive tube 74001/74002 was collected at the south rim of 120 meter Shorty crater, at Station 4. The cored material is unusually compact. The core contains orange and red colored soil with nearly vertical contacts. The site is near the low place in the crater rim crest. The fragment population is viable. Craters up to several meters in diameter are scattered near the sample site. The core is almost entirely without coarse fines.; Parent source: atlas_sample_id",subsample_or_fraction,yes,https://www.lpi.usra.edu/lunar/samples/atlas/detail/?mission=Apollo%2017&sample=74002,
1279,74002,2219,-99.0,no,c1lr134,LR-CMP-134,"74002,2219",none,,,,,core,soil,,"RELAB specimen: 74002,2219; RELAB description: Mare, Pyroclastic Beads,; Collection: Apollo 17 shorty crater drive tube 74002, Depth 23.5-24 cm; Specimen type: Returned Lunar Sample; Material origin: Natural; Material type: Unconsolidated Mixture; Material subtypes: Particulate|Bulk; Atlas type: core; Atlas lithology: soil; Atlas description: Drive tube 74001/74002 was collected at the south rim of 120 meter Shorty crater, at Station 4. The cored material is unusually compact. The core contains orange and red colored soil with nearly vertical contacts. The site is near the low place in the crater rim crest. The fragment population is viable. Craters up to several meters in diameter are scattered near the sample site. The core is almost entirely without coarse fines.; Parent source: atlas_sample_id",subsample_or_fraction,yes,https://www.lpi.usra.edu/lunar/samples/atlas/detail/?mission=Apollo%2017&sample=74002,
1280,74220,806,-99.0,no,c1lr51,LR-CMP-051,"74220,806",none,,,,,,soil,,"RELAB specimen: 74220,806; RELAB description: Orange Glass; Collection: Apollo 17 site, Moon; Specimen type: Returned Lunar Sample; Material origin: Natural; Material type: Amorphous; Material subtypes: Particulate; Atlas lithology: soil; Atlas description: Considered to be a clod of friable material taken 6-8 cm deep in a trench from Station 4, on the rim of 120 meter Shorty crater. The site is near the low place in the crater rim crest. The fragments population is highly variable, craters up to several meters in diameter are common. The particles larger than 1 mm are mostly friable clumps that disagregated during sieving. Any discontinuity is probably due to the fact that the sizes < 1 mm were sieved and the sizes >1 mm were hand picked.; Parent source: atlas_sample_id",subsample_or_fraction,yes,https://www.lpi.usra.edu/lunar/samples/atlas/detail/?mission=Apollo%2017&sample=74220,
1281,74275,335,-99.0,no,c1lr250a,LR-KMR-250-A,"74275,335 <45 um",none,,,,,rock,high-Ti mare basalt,,"RELAB specimen: 74275,335 <45 um; RELAB description: Mare, Basalt, Spectroscopy of ilmenite rich basalts; Collection: Apollo 17 site, Moon; Specimen type: Returned Lunar Sample; Material origin: Natural; Material type: Rock; Material subtypes: Particulate|Particulate Ground Sorted; Atlas type: rock; Atlas lithology: high-Ti mare basalt; Atlas description: High-Ti Mare Basalt; Parent source: atlas_sample_id",subsample_or_fraction,yes,https://www.lpi.usra.edu/lunar/samples/atlas/detail/?mission=Apollo%2017&sample=74275,
1282,74275,335,-99.0,no,c1lr250b,LR-KMR-250-B,"74275,335 >125 um",none,,,,,rock,high-Ti mare basalt,,"RELAB specimen: 74275,335 >125 um; RELAB description: Mare, Basalt, Spectroscopy of ilmenite rich basalts; Collection: Apollo 17 site, Moon; Specimen type: Returned Lunar Sample; Material origin: Natural; Material type: Rock; Material subtypes: Particulate|Particulate Ground Sorted; Atlas type: rock; Atlas lithology: high-Ti mare basalt; Atlas description: High-Ti Mare Basalt; Parent source: atlas_sample_id",subsample_or_fraction,yes,https://www.lpi.usra.edu/lunar/samples/atlas/detail/?mission=Apollo%2017&sample=74275,
1283,74275,335,-99.0,no,calr250,LR-KMR-250,"74275,335 cut slab",none,,,,,rock,high-Ti mare basalt,,"RELAB specimen: 74275,335 cut slab; RELAB description: Mare, Basa;t, Spectroscopy of ilmenite rich basalts; Collection: Apollo 17 site, Moon; Specimen type: Returned Lunar Sample; Material origin: Natural; Material type: Rock; Material subtypes: Nonparticulate|Slab Cut; Atlas type: rock; Atlas lithology: high-Ti mare basalt; Atlas description: High-Ti Mare Basalt; Parent source: atlas_sample_id",subsample_or_fraction,yes,https://www.lpi.usra.edu/lunar/samples/atlas/detail/?mission=Apollo%2017&sample=74275,
1284,75035,206,-99.0,no,c1ls85,LS-CMP-085,"75,035,206",none,,,,,rock,high-Ti mare basalt,,"RELAB specimen: 75,035,206; RELAB description: high-Ti mare basalt; Collection: Apollo 17 site, Moon; Specimen type: Returned Lunar Sample; Material origin: Natural; Material type: Rock; Material subtypes: Nonparticulate|Chip; Atlas type: rock; Atlas lithology: high-Ti mare basalt; Atlas description: High-Ti Mare Basalt; Parent source: atlas_sample_id",subsample_or_fraction,yes,https://www.lpi.usra.edu/lunar/samples/atlas/detail/?mission=Apollo%2017&sample=75035,
1285,75035,207,18.57,yes,c1ls52,LS-CMP-052,"75035,207",explicit_reference,ls-cmp-052_specimenchemistry,LS-CMP-052,Bulk,"Lofgren and Lofgren, 1981. Catalog of Lunar Mare Basalts, p. 362.",rock,high-Ti mare basalt,,"RELAB specimen: 75035,207; RELAB description: Mare, Bulk, Weight: 1235g , Dimensions: 16 X 14 X 7; Collection: Apollo 17; Specimen type: Returned Lunar Sample; Material origin: Natural; Material type: Rock; Material subtypes: Particulate; Atlas type: rock; Atlas lithology: high-Ti mare basalt; Atlas description: High-Ti Mare Basalt; Chemistry phase: Bulk; Chemistry notes: Apollo 17 rock #75035; Parent source: atlas_sample_id",subsample_or_fraction,yes,https://www.lpi.usra.edu/lunar/samples/atlas/detail/?mission=Apollo%2017&sample=75035,
1286,75061,22,-99.0,no,bir1ls138,LS-GJT-138,"75061,22 <150 um",none,,,,,,,,"RELAB specimen: 75061,22 <150 um; RELAB description: Mare, Bulk,; Collection: Apollo 17 site, Moon; Specimen type: Returned Lunar Sample; Material origin: Natural; Material type: Unconsolidated Mixture; Material subtypes: Particulate|Particulate Sorted|Mare; Parent source: atlas_sample_id",subsample_or_fraction,yes,https://www.lpi.usra.edu/lunar/samples/atlas/detail/?mission=Apollo%2017&sample=75061,
1287,75061,22,-99.0,no,c1ls138,LS-GJT-138,"75061,22 <150 um",none,,,,,,,,"RELAB specimen: 75061,22 <150 um; RELAB description: Mare, Bulk,; Collection: Apollo 17 site, Moon; Specimen type: Returned Lunar Sample; Material origin: Natural; Material type: Unconsolidated Mixture; Material subtypes: Particulate|Particulate Sorted|Mare; Parent source: atlas_sample_id",subsample_or_fraction,yes,https://www.lpi.usra.edu/lunar/samples/atlas/detail/?mission=Apollo%2017&sample=75061,
1288,75075,197,-99.0,no,c1lr251a,LR-KMR-251-A,"75075,197 <45 um",none,,,,,rock,high-Ti mare basalt,,"RELAB specimen: 75075,197 <45 um; RELAB description: Mare, Basalt, Spectroscopy of ilmenite rich basalts; Collection: Apollo 17 site, Moon; Specimen type: Returned Lunar Sample; Material origin: Natural; Material type: Rock; Material subtypes: Particulate|Particulate Ground Sorted; Atlas type: rock; Atlas lithology: high-Ti mare basalt; Atlas description: High-Ti Mare Basalt; Parent source: atlas_sample_id",subsample_or_fraction,yes,https://www.lpi.usra.edu/lunar/samples/atlas/detail/?mission=Apollo%2017&sample=75075,
1289,75075,197,-99.0,no,c1lr251b,LR-KMR-251-B,"75075,197 >125 um",none,,,,,rock,high-Ti mare basalt,,"RELAB specimen: 75075,197 >125 um; RELAB description: Mare, Basalt, Spectroscopy of ilmenite rich basalts; Collection: Apollo 17 site, Moon; Specimen type: Returned Lunar Sample; Material origin: Natural; Material type: Rock; Material subtypes: Particulate|Particulate Ground Sorted; Atlas type: rock; Atlas lithology: high-Ti mare basalt; Atlas description: High-Ti Mare Basalt; Parent source: atlas_sample_id",subsample_or_fraction,yes,https://www.lpi.usra.edu/lunar/samples/atlas/detail/?mission=Apollo%2017&sample=75075,
1290,75075,197,-99.0,no,calr251,LR-KMR-251,"75075,197 cut slab",none,,,,,rock,high-Ti mare basalt,,"RELAB specimen: 75075,197 cut slab; RELAB description: Mare, Basa;t, Spectroscopy of ilmenite rich basalts; Collection: Apollo 17 site, Moon; Specimen type: Returned Lunar Sample; Material origin: Natural; Material type: Rock; Material subtypes: Nonparticulate|Slab Cut; Atlas type: rock; Atlas lithology: high-Ti mare basalt; Atlas description: High-Ti Mare Basalt; Parent source: atlas_sample_id",subsample_or_fraction,yes,https://www.lpi.usra.edu/lunar/samples/atlas/detail/?mission=Apollo%2017&sample=75075,
1291,75080,43,17.2,yes,c1ls56,LS-CMP-056,"75080,43",explicit_reference,ls-cmp-056_specimenchemistry,LS-CMP-056,Bulk,"Morris et al., 1983. Handbook of Lunar Soils, Part 2, p. 816.",,soil,,"RELAB specimen: 75080,43; RELAB description: Mare, Bulk, Station 5, on the SW rim of Camelot Crater. Collected as a surf. samp., <1mm from basalt bldr where 75060 collected.; Collection: Apollo 17; Specimen type: Returned Lunar Sample; Material origin: Natural; Material type: Unconsolidated Mixture; Material subtypes: Particulate|Mare; Atlas lithology: soil; Atlas description: This is a surface soil sample from a site on the regolith surface a few meters from sample 75060 at Station 5 on the southwest rim of Camelot crater. The sample area is undulating with cobbles and boulders covering 30% of the surface.; Chemistry phase: Bulk; Chemistry notes: Apollo 17 soil #75080 from Station 5.; Parent source: atlas_sample_id",subsample_or_fraction,yes,https://www.lpi.usra.edu/lunar/samples/atlas/detail/?mission=Apollo%2017&sample=75080,
1292,76015,191,8.2,yes,c1ls28,LS-CMP-028,"76015,191",explicit_reference,ls-cmp-028_specimenchemistry,LS-CMP-028,Bulk,"Microprobe fused bead / INAA at JSC by Graham Ryder, LPI.",rock,impact melt breccia,,"RELAB specimen: 76015,191; RELAB description: Polymict Breccia, Vesicular Micropoikilitic Impact Melt Breccia , Powder from a chip from a boulder.Believed to be recrystallized melt sheet from Serenetatis impact event.; Collection: Station 6, Apollo 17 site, Moon; Specimen type: Returned Lunar Sample; Material origin: Natural; Material type: Rock; Material subtypes: Particulate; Atlas type: rock; Atlas lithology: impact melt breccia; Atlas description: Vesicular Micropoikilitic Impact Melt Breccia; chipped off top corner of Block 5 of big boulder at Station 6; summarized by Spudis/Ryder (1981) that boulder is from the melt sheet or ejecta blanket from the Serenitatus impact event; Chemistry phase: Bulk; Chemistry notes: Sm 14.8 ppm, Sc 16.0 ppm.; Parent source: atlas_sample_id",subsample_or_fraction,yes,https://www.lpi.usra.edu/lunar/samples/atlas/detail/?mission=Apollo%2017&sample=76015,
1293,76015,191,8.2,yes,c2ls28,LS-CMP-028,"76015,191",explicit_reference,ls-cmp-028_specimenchemistry,LS-CMP-028,Bulk,"Microprobe fused bead / INAA at JSC by Graham Ryder, LPI.",rock,impact melt breccia,,"RELAB specimen: 76015,191; RELAB description: Polymict Breccia, Vesicular Micropoikilitic Impact Melt Breccia , Powder from a chip from a boulder.Believed to be recrystallized melt sheet from Serenetatis impact event.; Collection: Station 6, Apollo 17 site, Moon; Specimen type: Returned Lunar Sample; Material origin: Natural; Material type: Rock; Material subtypes: Particulate; Atlas type: rock; Atlas lithology: impact melt breccia; Atlas description: Vesicular Micropoikilitic Impact Melt Breccia; chipped off top corner of Block 5 of big boulder at Station 6; summarized by Spudis/Ryder (1981) that boulder is from the melt sheet or ejecta blanket from the Serenitatus impact event; Chemistry phase: Bulk; Chemistry notes: Sm 14.8 ppm, Sc 16.0 ppm.; Parent source: atlas_sample_id",subsample_or_fraction,yes,https://www.lpi.usra.edu/lunar/samples/atlas/detail/?mission=Apollo%2017&sample=76015,
1294,76015,191,8.2,yes,cmls28,LS-CMP-028,"76015,191",explicit_reference,ls-cmp-028_specimenchemistry,LS-CMP-028,Bulk,"Microprobe fused bead / INAA at JSC by Graham Ryder, LPI.",rock,impact melt breccia,,"RELAB specimen: 76015,191; RELAB description: Polymict Breccia, Vesicular Micropoikilitic Impact Melt Breccia , Powder from a chip from a boulder.Believed to be recrystallized melt sheet from Serenetatis impact event.; Collection: Station 6, Apollo 17 site, Moon; Specimen type: Returned Lunar Sample; Material origin: Natural; Material type: Rock; Material subtypes: Particulate; Atlas type: rock; Atlas lithology: impact melt breccia; Atlas description: Vesicular Micropoikilitic Impact Melt Breccia; chipped off top corner of Block 5 of big boulder at Station 6; summarized by Spudis/Ryder (1981) that boulder is from the melt sheet or ejecta blanket from the Serenitatus impact event; Chemistry phase: Bulk; Chemistry notes: Sm 14.8 ppm, Sc 16.0 ppm.; Parent source: atlas_sample_id",subsample_or_fraction,yes,https://www.lpi.usra.edu/lunar/samples/atlas/detail/?mission=Apollo%2017&sample=76015,
1295,76015,191,8.2,yes,cxls28,LS-CMP-028,"76015,191",explicit_reference,ls-cmp-028_specimenchemistry,LS-CMP-028,Bulk,"Microprobe fused bead / INAA at JSC by Graham Ryder, LPI.",rock,impact melt breccia,,"RELAB specimen: 76015,191; RELAB description: Polymict Breccia, Vesicular Micropoikilitic Impact Melt Breccia , Powder from a chip from a boulder.Believed to be recrystallized melt sheet from Serenetatis impact event.; Collection: Station 6, Apollo 17 site, Moon; Specimen type: Returned Lunar Sample; Material origin: Natural; Material type: Rock; Material subtypes: Particulate; Atlas type: rock; Atlas lithology: impact melt breccia; Atlas description: Vesicular Micropoikilitic Impact Melt Breccia; chipped off top corner of Block 5 of big boulder at Station 6; summarized by Spudis/Ryder (1981) that boulder is from the melt sheet or ejecta blanket from the Serenitatus impact event; Chemistry phase: Bulk; Chemistry notes: Sm 14.8 ppm, Sc 16.0 ppm.; Parent source: atlas_sample_id",subsample_or_fraction,yes,https://www.lpi.usra.edu/lunar/samples/atlas/detail/?mission=Apollo%2017&sample=76015,
1296,76015,191,8.2,yes,cyls28,LS-CMP-028,"76015,191",explicit_reference,ls-cmp-028_specimenchemistry,LS-CMP-028,Bulk,"Microprobe fused bead / INAA at JSC by Graham Ryder, LPI.",rock,impact melt breccia,,"RELAB specimen: 76015,191; RELAB description: Polymict Breccia, Vesicular Micropoikilitic Impact Melt Breccia , Powder from a chip from a boulder.Believed to be recrystallized melt sheet from Serenetatis impact event.; Collection: Station 6, Apollo 17 site, Moon; Specimen type: Returned Lunar Sample; Material origin: Natural; Material type: Rock; Material subtypes: Particulate; Atlas type: rock; Atlas lithology: impact melt breccia; Atlas description: Vesicular Micropoikilitic Impact Melt Breccia; chipped off top corner of Block 5 of big boulder at Station 6; summarized by Spudis/Ryder (1981) that boulder is from the melt sheet or ejecta blanket from the Serenitatus impact event; Chemistry phase: Bulk; Chemistry notes: Sm 14.8 ppm, Sc 16.0 ppm.; Parent source: atlas_sample_id",subsample_or_fraction,yes,https://www.lpi.usra.edu/lunar/samples/atlas/detail/?mission=Apollo%2017&sample=76015,
1297,76015,191,8.2,yes,czls28,LS-CMP-028,"76015,191",explicit_reference,ls-cmp-028_specimenchemistry,LS-CMP-028,Bulk,"Microprobe fused bead / INAA at JSC by Graham Ryder, LPI.",rock,impact melt breccia,,"RELAB specimen: 76015,191; RELAB description: Polymict Breccia, Vesicular Micropoikilitic Impact Melt Breccia , Powder from a chip from a boulder.Believed to be recrystallized melt sheet from Serenetatis impact event.; Collection: Station 6, Apollo 17 site, Moon; Specimen type: Returned Lunar Sample; Material origin: Natural; Material type: Rock; Material subtypes: Particulate; Atlas type: rock; Atlas lithology: impact melt breccia; Atlas description: Vesicular Micropoikilitic Impact Melt Breccia; chipped off top corner of Block 5 of big boulder at Station 6; summarized by Spudis/Ryder (1981) that boulder is from the melt sheet or ejecta blanket from the Serenitatus impact event; Chemistry phase: Bulk; Chemistry notes: Sm 14.8 ppm, Sc 16.0 ppm.; Parent source: atlas_sample_id",subsample_or_fraction,yes,https://www.lpi.usra.edu/lunar/samples/atlas/detail/?mission=Apollo%2017&sample=76015,
1298,76015,191,8.2,yes,nals28,LS-CMP-028,"76015,191",explicit_reference,ls-cmp-028_specimenchemistry,LS-CMP-028,Bulk,"Microprobe fused bead / INAA at JSC by Graham Ryder, LPI.",rock,impact melt breccia,,"RELAB specimen: 76015,191; RELAB description: Polymict Breccia, Vesicular Micropoikilitic Impact Melt Breccia , Powder from a chip from a boulder.Believed to be recrystallized melt sheet from Serenetatis impact event.; Collection: Station 6, Apollo 17 site, Moon; Specimen type: Returned Lunar Sample; Material origin: Natural; Material type: Rock; Material subtypes: Particulate; Atlas type: rock; Atlas lithology: impact melt breccia; Atlas description: Vesicular Micropoikilitic Impact Melt Breccia; chipped off top corner of Block 5 of big boulder at Station 6; summarized by Spudis/Ryder (1981) that boulder is from the melt sheet or ejecta blanket from the Serenitatus impact event; Chemistry phase: Bulk; Chemistry notes: Sm 14.8 ppm, Sc 16.0 ppm.; Parent source: atlas_sample_id",subsample_or_fraction,yes,https://www.lpi.usra.edu/lunar/samples/atlas/detail/?mission=Apollo%2017&sample=76015,
1299,76055,78,-99.0,no,c1ls92,LS-CMP-092,"76055,78",none,,,,,rock,impact melt breccia,,"RELAB specimen: 76055,78; RELAB description: Impact Melt , ,; Collection: Apollo 17 site, Moon; Specimen type: Returned Lunar Sample; Material origin: Natural; Material type: Rock; Material subtypes: Nonparticulate; Atlas type: rock; Atlas lithology: impact melt breccia; Atlas description: Impact Melt Breccia; appears to be older than Station 6 Boulder and other Serenitatus impact melts; may be a separate sample of Serenitatus melt sheet from high on North Massif.; Parent source: atlas_sample_id",subsample_or_fraction,yes,https://www.lpi.usra.edu/lunar/samples/atlas/detail/?mission=Apollo%2017&sample=76055,
1300,76055,78,-99.0,no,c2ls92,LS-CMP-092,"76055,78",none,,,,,rock,impact melt breccia,,"RELAB specimen: 76055,78; RELAB description: Impact Melt , ,; Collection: Apollo 17 site, Moon; Specimen type: Returned Lunar Sample; Material origin: Natural; Material type: Rock; Material subtypes: Nonparticulate; Atlas type: rock; Atlas lithology: impact melt breccia; Atlas description: Impact Melt Breccia; appears to be older than Station 6 Boulder and other Serenitatus impact melts; may be a separate sample of Serenitatus melt sheet from high on North Massif.; Parent source: atlas_sample_id",subsample_or_fraction,yes,https://www.lpi.usra.edu/lunar/samples/atlas/detail/?mission=Apollo%2017&sample=76055,
1301,76055,78,-99.0,no,cals92,LS-CMP-092-A,"76055,78",none,,,,,rock,impact melt breccia,,"RELAB specimen: 76055,78; RELAB description: Impact Melt; Collection: Apollo 17 site, Moon; Specimen type: Returned Lunar Sample; Material origin: Natural; Material type: Rock; Material subtypes: Particulate|Bulk Particulate; Atlas type: rock; Atlas lithology: impact melt breccia; Atlas description: Impact Melt Breccia; appears to be older than Station 6 Boulder and other Serenitatus impact melts; may be a separate sample of Serenitatus melt sheet from high on North Massif.; Parent source: atlas_sample_id",subsample_or_fraction,yes,https://www.lpi.usra.edu/lunar/samples/atlas/detail/?mission=Apollo%2017&sample=76055,
1302,76215,113,8.4,yes,c1ls77,LS-CMP-077,"76215,113",explicit_reference,ls-cmp-077_specimenchemistry,LS-CMP-077,Bulk,"Microprobe fused bead / INAA at JSC by Graham Ryder, LPI.",rock,impact melt breccia,,"RELAB specimen: 76215,113; RELAB description: Polymict Breccia, Vesicular Micropoikilitic Impact Melt Breccia , Powder of a chip from ground.Believed to represent recrystallized melt sheet from Serenitatis impact event.; Collection: Station 6, Apollo 17 site, Moon; Specimen type: Returned Lunar Sample; Material origin: Natural; Material type: Rock; Material subtypes: Particulate; Atlas type: rock; Atlas lithology: impact melt breccia; Atlas description: Vesicular Micropoikilitic Impact Melt Breccia; Chemistry phase: Bulk; Chemistry notes: Sm 13.2 ppm, Sc 15.0 ppm.; Parent source: atlas_sample_id",subsample_or_fraction,yes,https://www.lpi.usra.edu/lunar/samples/atlas/detail/?mission=Apollo%2017&sample=76215,
1303,76215,113,8.4,yes,c2ls77,LS-CMP-077,"76215,113",explicit_reference,ls-cmp-077_specimenchemistry,LS-CMP-077,Bulk,"Microprobe fused bead / INAA at JSC by Graham Ryder, LPI.",rock,impact melt breccia,,"RELAB specimen: 76215,113; RELAB description: Polymict Breccia, Vesicular Micropoikilitic Impact Melt Breccia , Powder of a chip from ground.Believed to represent recrystallized melt sheet from Serenitatis impact event.; Collection: Station 6, Apollo 17 site, Moon; Specimen type: Returned Lunar Sample; Material origin: Natural; Material type: Rock; Material subtypes: Particulate; Atlas type: rock; Atlas lithology: impact melt breccia; Atlas description: Vesicular Micropoikilitic Impact Melt Breccia; Chemistry phase: Bulk; Chemistry notes: Sm 13.2 ppm, Sc 15.0 ppm.; Parent source: atlas_sample_id",subsample_or_fraction,yes,https://www.lpi.usra.edu/lunar/samples/atlas/detail/?mission=Apollo%2017&sample=76215,
1304,76215,113,8.4,yes,cmls77,LS-CMP-077,"76215,113",explicit_reference,ls-cmp-077_specimenchemistry,LS-CMP-077,Bulk,"Microprobe fused bead / INAA at JSC by Graham Ryder, LPI.",rock,impact melt breccia,,"RELAB specimen: 76215,113; RELAB description: Polymict Breccia, Vesicular Micropoikilitic Impact Melt Breccia , Powder of a chip from ground.Believed to represent recrystallized melt sheet from Serenitatis impact event.; Collection: Station 6, Apollo 17 site, Moon; Specimen type: Returned Lunar Sample; Material origin: Natural; Material type: Rock; Material subtypes: Particulate; Atlas type: rock; Atlas lithology: impact melt breccia; Atlas description: Vesicular Micropoikilitic Impact Melt Breccia; Chemistry phase: Bulk; Chemistry notes: Sm 13.2 ppm, Sc 15.0 ppm.; Parent source: atlas_sample_id",subsample_or_fraction,yes,https://www.lpi.usra.edu/lunar/samples/atlas/detail/?mission=Apollo%2017&sample=76215,
1305,76215,113,8.4,yes,nals77,LS-CMP-077,"76215,113",explicit_reference,ls-cmp-077_specimenchemistry,LS-CMP-077,Bulk,"Microprobe fused bead / INAA at JSC by Graham Ryder, LPI.",rock,impact melt breccia,,"RELAB specimen: 76215,113; RELAB description: Polymict Breccia, Vesicular Micropoikilitic Impact Melt Breccia , Powder of a chip from ground.Believed to represent recrystallized melt sheet from Serenitatis impact event.; Collection: Station 6, Apollo 17 site, Moon; Specimen type: Returned Lunar Sample; Material origin: Natural; Material type: Rock; Material subtypes: Particulate; Atlas type: rock; Atlas lithology: impact melt breccia; Atlas description: Vesicular Micropoikilitic Impact Melt Breccia; Chemistry phase: Bulk; Chemistry notes: Sm 13.2 ppm, Sc 15.0 ppm.; Parent source: atlas_sample_id",subsample_or_fraction,yes,https://www.lpi.usra.edu/lunar/samples/atlas/detail/?mission=Apollo%2017&sample=76215,
1306,76255,72,-99.0,no,c1ls20,LS-CMP-020-M1,"76255,72",none,,,,,rock,impact melt breccia,,"RELAB specimen: 76255,72; RELAB description: Breccia/Pristine, Matrix Breccia/Gabbroic Anorthosite , Pristine sample from UNM collection. Gabbroic clast within breccia. -M1 & -M2 = matrix areas 1&2; Collection: Apollo 17 Station 8; Specimen type: Returned Lunar Sample; Material origin: Natural; Material type: Rock; Material subtypes: Nonparticulate|Thin Section; Atlas type: rock; Atlas lithology: impact melt breccia; Atlas description: Banded Impact Melt Breccia; has large clast of crushed norite; Parent source: atlas_sample_id",subsample_or_fraction,yes,https://www.lpi.usra.edu/lunar/samples/atlas/detail/?mission=Apollo%2017&sample=76255,
1307,76255,72,-99.0,no,c2ls20,LS-CMP-020-M2,"76255,72",none,,,,,rock,impact melt breccia,,"RELAB specimen: 76255,72; RELAB description: Breccia/Pristine, Matrix Breccia/Gabbroic Anorthosite , Pristine sample from UNM collection. Gabbroic clast within breccia. -M1 & -M2 = matrix areas 1&2; Collection: Apollo 17 Station 8; Specimen type: Returned Lunar Sample; Material origin: Natural; Material type: Rock; Material subtypes: Nonparticulate|Thin Section; Atlas type: rock; Atlas lithology: impact melt breccia; Atlas description: Banded Impact Melt Breccia; has large clast of crushed norite; Parent source: atlas_sample_id",subsample_or_fraction,yes,https://www.lpi.usra.edu/lunar/samples/atlas/detail/?mission=Apollo%2017&sample=76255,
1308,76255,72,-99.0,no,c3ls20,LS-CMP-020-C1,"76255,72",none,,,,,rock,impact melt breccia,,"RELAB specimen: 76255,72; RELAB description: Breccia/Pristine, Matrix Breccia/Gabbroic Anorthosite , Pristine sample from UNM collection. Gabbroic clast within breccia. -C1 & -C2 = areas 1&2 on mafic clast; Collection: Apollo 17 Station 8; Specimen type: Returned Lunar Sample; Material origin: Natural; Material type: Rock; Material subtypes: Nonparticulate|Thin Section; Atlas type: rock; Atlas lithology: impact melt breccia; Atlas description: Banded Impact Melt Breccia; has large clast of crushed norite; Parent source: atlas_sample_id",subsample_or_fraction,yes,https://www.lpi.usra.edu/lunar/samples/atlas/detail/?mission=Apollo%2017&sample=76255,
1309,76255,72,-99.0,no,c4ls20,LS-CMP-020-C2,"76255,72",none,,,,,rock,impact melt breccia,,"RELAB specimen: 76255,72; RELAB description: Breccia/Pristine, Matrix Breccia/Gabbroic Anorthosite , Pristine sample from UNM collection. Gabbroic clast within breccia. -C1 & -C2 = areas 1&2 on mafic clast; Collection: Apollo 17 Station 8; Specimen type: Returned Lunar Sample; Material origin: Natural; Material type: Rock; Material subtypes: Nonparticulate|Thin Section; Atlas type: rock; Atlas lithology: impact melt breccia; Atlas description: Banded Impact Melt Breccia; has large clast of crushed norite; Parent source: atlas_sample_id",subsample_or_fraction,yes,https://www.lpi.usra.edu/lunar/samples/atlas/detail/?mission=Apollo%2017&sample=76255,
1310,76255,75,-99.0,no,ccls24,LS-CMP-024-C,"76255,75 thin section Spot C: Vein within shocked plag area",none,,,,,rock,impact melt breccia,,"RELAB specimen: 76255,75 thin section Spot C: Vein within shocked plag area; RELAB description: Gabbroic Anorthosite; Collection: Apollo 17; Specimen type: Returned Lunar Sample; Material origin: Natural; Material type: Rock; Material subtypes: Nonparticulate|Thin Section; Atlas type: rock; Atlas lithology: impact melt breccia; Atlas description: Banded Impact Melt Breccia; has large clast of crushed norite; Parent source: atlas_sample_id",subsample_or_fraction,yes,https://www.lpi.usra.edu/lunar/samples/atlas/detail/?mission=Apollo%2017&sample=76255,
1311,76255,75,-99.0,no,cdls24,LS-CMP-024-D,"76255,75 thin section Spot D: Clast in a pristine section",none,,,,,rock,impact melt breccia,,"RELAB specimen: 76255,75 thin section Spot D: Clast in a pristine section; RELAB description: Gabbroic Anorthosite; Collection: Apollo 17; Specimen type: Returned Lunar Sample; Material origin: Natural; Material type: Rock; Material subtypes: Nonparticulate|Thin Section; Atlas type: rock; Atlas lithology: impact melt breccia; Atlas description: Banded Impact Melt Breccia; has large clast of crushed norite; Parent source: atlas_sample_id",subsample_or_fraction,yes,https://www.lpi.usra.edu/lunar/samples/atlas/detail/?mission=Apollo%2017&sample=76255,
1312,76255,75,-99.0,no,cels24,LS-CMP-024-E,"76255,75 thin section Spot E in the breccia matrix",none,,,,,rock,impact melt breccia,,"RELAB specimen: 76255,75 thin section Spot E in the breccia matrix; RELAB description: Breccia Matrix; Collection: Apollo 17; Specimen type: Returned Lunar Sample; Material origin: Natural; Material type: Rock; Material subtypes: Nonparticulate|Thin Section; Atlas type: rock; Atlas lithology: impact melt breccia; Atlas description: Banded Impact Melt Breccia; has large clast of crushed norite; Parent source: atlas_sample_id",subsample_or_fraction,yes,https://www.lpi.usra.edu/lunar/samples/atlas/detail/?mission=Apollo%2017&sample=76255,
1313,76255,75,-99.0,no,cfls24,LS-CMP-024-F,"76255,75 thin section Spot F in the breccia matrix",none,,,,,rock,impact melt breccia,,"RELAB specimen: 76255,75 thin section Spot F in the breccia matrix; RELAB description: Breccia Matrix; Collection: Apollo 17; Specimen type: Returned Lunar Sample; Material origin: Natural; Material type: Rock; Material subtypes: Nonparticulate|Thin Section; Atlas type: rock; Atlas lithology: impact melt breccia; Atlas description: Banded Impact Melt Breccia; has large clast of crushed norite; Parent source: atlas_sample_id",subsample_or_fraction,yes,https://www.lpi.usra.edu/lunar/samples/atlas/detail/?mission=Apollo%2017&sample=76255,
1314,76255,75,-99.0,no,cgls24,LS-CMP-024-G,"76255,75 thin section Spot G",none,,,,,rock,impact melt breccia,,"RELAB specimen: 76255,75 thin section Spot G; Collection: Apollo 17; Specimen type: Returned Lunar Sample; Material origin: Natural; Material type: Rock; Material subtypes: Nonparticulate|Thin Section; Atlas type: rock; Atlas lithology: impact melt breccia; Atlas description: Banded Impact Melt Breccia; has large clast of crushed norite; Parent source: atlas_sample_id",subsample_or_fraction,yes,https://www.lpi.usra.edu/lunar/samples/atlas/detail/?mission=Apollo%2017&sample=76255,
1315,76255,75,-99.0,no,chls24,LS-CMP-024-H,"76255,75 thin section Spot H",none,,,,,rock,impact melt breccia,,"RELAB specimen: 76255,75 thin section Spot H; Collection: Apollo 17; Specimen type: Returned Lunar Sample; Material origin: Natural; Material type: Rock; Material subtypes: Nonparticulate|Thin Section; Atlas type: rock; Atlas lithology: impact melt breccia; Atlas description: Banded Impact Melt Breccia; has large clast of crushed norite; Parent source: atlas_sample_id",subsample_or_fraction,yes,https://www.lpi.usra.edu/lunar/samples/atlas/detail/?mission=Apollo%2017&sample=76255,
1316,76255,75,-99.0,no,cils24,LS-CMP-024-I,"76255,75 thin section Spot I",none,,,,,rock,impact melt breccia,,"RELAB specimen: 76255,75 thin section Spot I; Collection: Apollo 17; Specimen type: Returned Lunar Sample; Material origin: Natural; Material type: Rock; Material subtypes: Nonparticulate|Thin Section; Atlas type: rock; Atlas lithology: impact melt breccia; Atlas description: Banded Impact Melt Breccia; has large clast of crushed norite; Parent source: atlas_sample_id",subsample_or_fraction,yes,https://www.lpi.usra.edu/lunar/samples/atlas/detail/?mission=Apollo%2017&sample=76255,
1317,76295,123,8.4,yes,c1ls79,LS-CMP-079,"76295,123",explicit_reference,ls-cmp-079_specimenchemistry,LS-CMP-079,Bulk,"Microprobe fused bead / INAA at JSC by Graham Ryder, LPI.",rock,impact melt breccia,,"RELAB specimen: 76295,123; RELAB description: Polymict Breccia, Impact Melt Breccia , Powder from impact melt breccia from a boulder. Believed to be recrystallized melt sheet from Serenitatis impact event.; Collection: Station 6, Apollo 17 site, Moon; Specimen type: Returned Lunar Sample; Material origin: Natural; Material type: Rock; Material subtypes: Particulate; Atlas type: rock; Atlas lithology: impact melt breccia; Atlas description: Impact Melt Breccia; Chemistry phase: Bulk; Chemistry notes: Sm 16.6 ppm, Sc 17.4 ppm.; Parent source: atlas_sample_id",subsample_or_fraction,yes,https://www.lpi.usra.edu/lunar/samples/atlas/detail/?mission=Apollo%2017&sample=76295,
1318,76295,123,8.4,yes,c2ls79,LS-CMP-079,"76295,123",explicit_reference,ls-cmp-079_specimenchemistry,LS-CMP-079,Bulk,"Microprobe fused bead / INAA at JSC by Graham Ryder, LPI.",rock,impact melt breccia,,"RELAB specimen: 76295,123; RELAB description: Polymict Breccia, Impact Melt Breccia , Powder from impact melt breccia from a boulder. Believed to be recrystallized melt sheet from Serenitatis impact event.; Collection: Station 6, Apollo 17 site, Moon; Specimen type: Returned Lunar Sample; Material origin: Natural; Material type: Rock; Material subtypes: Particulate; Atlas type: rock; Atlas lithology: impact melt breccia; Atlas description: Impact Melt Breccia; Chemistry phase: Bulk; Chemistry notes: Sm 16.6 ppm, Sc 17.4 ppm.; Parent source: atlas_sample_id",subsample_or_fraction,yes,https://www.lpi.usra.edu/lunar/samples/atlas/detail/?mission=Apollo%2017&sample=76295,
1319,76295,123,8.4,yes,cmls79,LS-CMP-079,"76295,123",explicit_reference,ls-cmp-079_specimenchemistry,LS-CMP-079,Bulk,"Microprobe fused bead / INAA at JSC by Graham Ryder, LPI.",rock,impact melt breccia,,"RELAB specimen: 76295,123; RELAB description: Polymict Breccia, Impact Melt Breccia , Powder from impact melt breccia from a boulder. Believed to be recrystallized melt sheet from Serenitatis impact event.; Collection: Station 6, Apollo 17 site, Moon; Specimen type: Returned Lunar Sample; Material origin: Natural; Material type: Rock; Material subtypes: Particulate; Atlas type: rock; Atlas lithology: impact melt breccia; Atlas description: Impact Melt Breccia; Chemistry phase: Bulk; Chemistry notes: Sm 16.6 ppm, Sc 17.4 ppm.; Parent source: atlas_sample_id",subsample_or_fraction,yes,https://www.lpi.usra.edu/lunar/samples/atlas/detail/?mission=Apollo%2017&sample=76295,
1320,76295,123,8.4,yes,nals79,LS-CMP-079,"76295,123",explicit_reference,ls-cmp-079_specimenchemistry,LS-CMP-079,Bulk,"Microprobe fused bead / INAA at JSC by Graham Ryder, LPI.",rock,impact melt breccia,,"RELAB specimen: 76295,123; RELAB description: Polymict Breccia, Impact Melt Breccia , Powder from impact melt breccia from a boulder. Believed to be recrystallized melt sheet from Serenitatis impact event.; Collection: Station 6, Apollo 17 site, Moon; Specimen type: Returned Lunar Sample; Material origin: Natural; Material type: Rock; Material subtypes: Particulate; Atlas type: rock; Atlas lithology: impact melt breccia; Atlas description: Impact Melt Breccia; Chemistry phase: Bulk; Chemistry notes: Sm 16.6 ppm, Sc 17.4 ppm.; Parent source: atlas_sample_id",subsample_or_fraction,yes,https://www.lpi.usra.edu/lunar/samples/atlas/detail/?mission=Apollo%2017&sample=76295,
1321,76535,48,-99.0,no,cals19,LS-CMP-019,"76535,48",none,,,,,rake,troctolite,,"RELAB specimen: 76535,48; RELAB description: Igneous Plutonic, Troctolite Olivine, Olivine thin section; Collection: Apollo 17; Specimen type: Returned Lunar Sample; Material origin: Natural; Material type: Rock; Material subtypes: Nonparticulate|Thin Section; Atlas type: rake; Atlas lithology: troctolite; Atlas description: Troctolite, random sample as part of rake sample at Station 6; Parent source: atlas_sample_id",subsample_or_fraction,yes,https://www.lpi.usra.edu/lunar/samples/atlas/detail/?mission=Apollo%2017&sample=76535,
1322,76535,48,-99.0,no,cbls19,LS-CMP-019,"76535,48",none,,,,,rake,troctolite,,"RELAB specimen: 76535,48; RELAB description: Igneous Plutonic, Troctolite Olivine, Olivine thin section; Collection: Apollo 17; Specimen type: Returned Lunar Sample; Material origin: Natural; Material type: Rock; Material subtypes: Nonparticulate|Thin Section; Atlas type: rake; Atlas lithology: troctolite; Atlas description: Troctolite, random sample as part of rake sample at Station 6; Parent source: atlas_sample_id",subsample_or_fraction,yes,https://www.lpi.usra.edu/lunar/samples/atlas/detail/?mission=Apollo%2017&sample=76535,
1323,76535,93,-99.0,no,c1lr226,LR-CMP-226,"76535,93 plagioclase B",none,,,,,rake,troctolite,,"RELAB specimen: 76535,93 plagioclase B; RELAB description: Silicate (Tecto), Feldspar Plagioclase, Mineral separate from course grained troctolite from North Massif. Crushed 2/2008, PJI; Collection: Apollo 17 site, Moon; Specimen type: Returned Lunar Sample; Material origin: Natural; Material type: Mineral; Material subtypes: Particulate|Particulate Ground Sorted; Atlas type: rake; Atlas lithology: troctolite; Atlas description: Troctolite, random sample as part of rake sample at Station 6; Parent source: atlas_sample_id",subsample_or_fraction,yes,https://www.lpi.usra.edu/lunar/samples/atlas/detail/?mission=Apollo%2017&sample=76535,
1324,76535,93,4.99,yes,c1ls04,LS-CMP-004,"76535,93",explicit_reference,ls-cmp-004_specimenchemistry,LS-CMP-004,Bulk,"Edward W. Wolfe, et al, Geol. Invest. T-L Valley, USGS 1981.",rake,troctolite,,"RELAB specimen: 76535,93; RELAB description: Silicate (Tecto), Plagioclase , Mineral separate from course grained troctolite from North Massif; Collection: Apollo 17; Specimen type: Returned Lunar Sample; Material origin: Natural; Material type: Mineral; Material subtypes: Particulate|Bulk; Atlas type: rake; Atlas lithology: troctolite; Atlas description: Troctolite, random sample as part of rake sample at Station 6; Chemistry phase: Bulk; Chemistry notes: Apollo 17 Metatroctolite #76535; Parent source: atlas_sample_id",subsample_or_fraction,yes,https://www.lpi.usra.edu/lunar/samples/atlas/detail/?mission=Apollo%2017&sample=76535,
1325,76535,93,4.99,yes,c2ls04,LS-CMP-004,"76535,93",explicit_reference,ls-cmp-004_specimenchemistry,LS-CMP-004,Bulk,"Edward W. Wolfe, et al, Geol. Invest. T-L Valley, USGS 1981.",rake,troctolite,,"RELAB specimen: 76535,93; RELAB description: Silicate (Tecto), Plagioclase , Mineral separate from course grained troctolite from North Massif; Collection: Apollo 17; Specimen type: Returned Lunar Sample; Material origin: Natural; Material type: Mineral; Material subtypes: Particulate|Bulk; Atlas type: rake; Atlas lithology: troctolite; Atlas description: Troctolite, random sample as part of rake sample at Station 6; Chemistry phase: Bulk; Chemistry notes: Apollo 17 Metatroctolite #76535; Parent source: atlas_sample_id",subsample_or_fraction,yes,https://www.lpi.usra.edu/lunar/samples/atlas/detail/?mission=Apollo%2017&sample=76535,
1326,76535,93,4.99,yes,s1ls04,LS-CMP-004,"76535,93",explicit_reference,ls-cmp-004_specimenchemistry,LS-CMP-004,Bulk,"Edward W. Wolfe, et al, Geol. Invest. T-L Valley, USGS 1981.",rake,troctolite,,"RELAB specimen: 76535,93; RELAB description: Silicate (Tecto), Plagioclase , Mineral separate from course grained troctolite from North Massif; Collection: Apollo 17; Specimen type: Returned Lunar Sample; Material origin: Natural; Material type: Mineral; Material subtypes: Particulate|Bulk; Atlas type: rake; Atlas lithology: troctolite; Atlas description: Troctolite, random sample as part of rake sample at Station 6; Chemistry phase: Bulk; Chemistry notes: Apollo 17 Metatroctolite #76535; Parent source: atlas_sample_id",subsample_or_fraction,yes,https://www.lpi.usra.edu/lunar/samples/atlas/detail/?mission=Apollo%2017&sample=76535,
1327,76535,94,-99.0,no,c1lr227,LR-CMP-227,"76535,94 olivine B",none,,,,,rake,troctolite,,"RELAB specimen: 76535,94 olivine B; RELAB description: Silicate (Neso) , Olivine , Poss 1% opaques Separate from troctolite. Crushed 2/2008, PJI; Collection: Apollo 17 site, Moon; Specimen type: Returned Lunar Sample; Material origin: Natural; Material type: Mineral; Material subtypes: Particulate|Particulate Ground Sorted; Atlas type: rake; Atlas lithology: troctolite; Atlas description: Troctolite, random sample as part of rake sample at Station 6; Parent source: atlas_sample_id",subsample_or_fraction,yes,https://www.lpi.usra.edu/lunar/samples/atlas/detail/?mission=Apollo%2017&sample=76535,
1328,76535,94,-99.0,no,c1ls06,LS-CMP-006,"76535,94",none,,,,,rake,troctolite,,"RELAB specimen: 76535,94; RELAB description: Silicate (Neso), Olivine , Poss 1% opaques Separate from troctolite; Collection: Apollo 17; Specimen type: Returned Lunar Sample; Material origin: Natural; Material type: Mineral; Material subtypes: Particulate; Atlas type: rake; Atlas lithology: troctolite; Atlas description: Troctolite, random sample as part of rake sample at Station 6; Parent source: atlas_sample_id",subsample_or_fraction,yes,https://www.lpi.usra.edu/lunar/samples/atlas/detail/?mission=Apollo%2017&sample=76535,
1329,76535,94,-99.0,no,cd026u,LS-CMP-006,"76535,94",none,,,,,rake,troctolite,,"RELAB specimen: 76535,94; RELAB description: Silicate (Neso), Olivine , Poss 1% opaques Separate from troctolite; Collection: Apollo 17; Specimen type: Returned Lunar Sample; Material origin: Natural; Material type: Mineral; Material subtypes: Particulate; Atlas type: rake; Atlas lithology: troctolite; Atlas description: Troctolite, random sample as part of rake sample at Station 6; Parent source: atlas_sample_id",subsample_or_fraction,yes,https://www.lpi.usra.edu/lunar/samples/atlas/detail/?mission=Apollo%2017&sample=76535,
1330,76535,94,-99.0,no,s1ls06,LS-CMP-006,"76535,94",none,,,,,rake,troctolite,,"RELAB specimen: 76535,94; RELAB description: Silicate (Neso), Olivine , Poss 1% opaques Separate from troctolite; Collection: Apollo 17; Specimen type: Returned Lunar Sample; Material origin: Natural; Material type: Mineral; Material subtypes: Particulate; Atlas type: rake; Atlas lithology: troctolite; Atlas description: Troctolite, random sample as part of rake sample at Station 6; Parent source: atlas_sample_id",subsample_or_fraction,yes,https://www.lpi.usra.edu/lunar/samples/atlas/detail/?mission=Apollo%2017&sample=76535,
1331,77075,141,9.0,yes,c1ls35,LS-CMP-035,"77075,141",explicit_reference,ls-cmp-035_specimenchemistry,LS-CMP-035,Bulk,"Microprobe fused bead / INAA at JSC by Graham Ryder, LPI.",rock,norite,,"RELAB specimen: 77075,141; RELAB description: Polymict Breccia, Impact Melt Dike Cataclastic Norite , Powder from chip of impact melt dike in cataclastic norite in a boulder. Believed to represent recrystallized melt sheet from Serenitatis impact.; Collection: Station 7, Apollo 17, Moon; Specimen type: Returned Lunar Sample; Material origin: Natural; Material type: Rock; Material subtypes: Particulate; Atlas type: rock; Atlas lithology: norite; Atlas description: Impact Melt Dike in Cataclastic Norite; Chemistry phase: Bulk; Chemistry notes: Sm 14.4 ppm, Sc 15.7 ppm.; Parent source: atlas_sample_id",subsample_or_fraction,yes,https://www.lpi.usra.edu/lunar/samples/atlas/detail/?mission=Apollo%2017&sample=77075,
1332,77075,141,9.0,yes,c2ls35,LS-CMP-035,"77075,141",explicit_reference,ls-cmp-035_specimenchemistry,LS-CMP-035,Bulk,"Microprobe fused bead / INAA at JSC by Graham Ryder, LPI.",rock,norite,,"RELAB specimen: 77075,141; RELAB description: Polymict Breccia, Impact Melt Dike Cataclastic Norite , Powder from chip of impact melt dike in cataclastic norite in a boulder. Believed to represent recrystallized melt sheet from Serenitatis impact.; Collection: Station 7, Apollo 17, Moon; Specimen type: Returned Lunar Sample; Material origin: Natural; Material type: Rock; Material subtypes: Particulate; Atlas type: rock; Atlas lithology: norite; Atlas description: Impact Melt Dike in Cataclastic Norite; Chemistry phase: Bulk; Chemistry notes: Sm 14.4 ppm, Sc 15.7 ppm.; Parent source: atlas_sample_id",subsample_or_fraction,yes,https://www.lpi.usra.edu/lunar/samples/atlas/detail/?mission=Apollo%2017&sample=77075,
1333,77075,141,9.0,yes,cmls35,LS-CMP-035,"77075,141",explicit_reference,ls-cmp-035_specimenchemistry,LS-CMP-035,Bulk,"Microprobe fused bead / INAA at JSC by Graham Ryder, LPI.",rock,norite,,"RELAB specimen: 77075,141; RELAB description: Polymict Breccia, Impact Melt Dike Cataclastic Norite , Powder from chip of impact melt dike in cataclastic norite in a boulder. Believed to represent recrystallized melt sheet from Serenitatis impact.; Collection: Station 7, Apollo 17, Moon; Specimen type: Returned Lunar Sample; Material origin: Natural; Material type: Rock; Material subtypes: Particulate; Atlas type: rock; Atlas lithology: norite; Atlas description: Impact Melt Dike in Cataclastic Norite; Chemistry phase: Bulk; Chemistry notes: Sm 14.4 ppm, Sc 15.7 ppm.; Parent source: atlas_sample_id",subsample_or_fraction,yes,https://www.lpi.usra.edu/lunar/samples/atlas/detail/?mission=Apollo%2017&sample=77075,
1334,77075,141,9.0,yes,nals35,LS-CMP-035,"77075,141",explicit_reference,ls-cmp-035_specimenchemistry,LS-CMP-035,Bulk,"Microprobe fused bead / INAA at JSC by Graham Ryder, LPI.",rock,norite,,"RELAB specimen: 77075,141; RELAB description: Polymict Breccia, Impact Melt Dike Cataclastic Norite , Powder from chip of impact melt dike in cataclastic norite in a boulder. Believed to represent recrystallized melt sheet from Serenitatis impact.; Collection: Station 7, Apollo 17, Moon; Specimen type: Returned Lunar Sample; Material origin: Natural; Material type: Rock; Material subtypes: Particulate; Atlas type: rock; Atlas lithology: norite; Atlas description: Impact Melt Dike in Cataclastic Norite; Chemistry phase: Bulk; Chemistry notes: Sm 14.4 ppm, Sc 15.7 ppm.; Parent source: atlas_sample_id",subsample_or_fraction,yes,https://www.lpi.usra.edu/lunar/samples/atlas/detail/?mission=Apollo%2017&sample=77075,
1335,78235,31,-99.0,no,c2ls98,LS-CMP-098,"78235,31",none,,,,,rock,norite,,"RELAB specimen: 78235,31; RELAB description: Igneous , Norite, Glass coated chip of norite.Coating is ~300 micron. This is a small crater on the glass side.; Collection: Apollo 17 site, Moon; Specimen type: Returned Lunar Sample; Material origin: Natural; Material type: Rock; Material subtypes: Nonparticulate|Chip; Atlas type: rock; Atlas lithology: norite; Atlas description: Shocked Norite; Parent source: atlas_sample_id",subsample_or_fraction,yes,https://www.lpi.usra.edu/lunar/samples/atlas/detail/?mission=Apollo%2017&sample=78235,
1336,78235,9002A,11.16,yes,c1ls12,LS-CMP-012,"78235,9002A pyroxene separate",explicit_reference,ls-cmp-012_specimenchemistry,LS-CMP-012,Pyroxene,"Wolfe, Edward W., et al, 1981.",rock,norite,,"RELAB specimen: 78235,9002A pyroxene separate; RELAB description: Silicate (Ino) , Norite Pyroxene Orthopyroxene , Ortho-pyroxene separate. Separated by S. Yon from Norite; Collection: Apollo 17; Specimen type: Returned Lunar Sample; Material origin: Natural; Material type: Mineral; Material subtypes: Particulate; Atlas type: rock; Atlas lithology: norite; Atlas description: Shocked Norite; Chemistry phase: Pyroxene; Chemistry notes: Pyroxene of Apollo 17 Norite #78235,34; Parent source: atlas_sample_id",subsample_or_fraction,yes,https://www.lpi.usra.edu/lunar/samples/atlas/detail/?mission=Apollo%2017&sample=78235,
1337,78235,9002A,11.16,yes,c2ls12,LS-CMP-012,"78235,9002A pyroxene separate",explicit_reference,ls-cmp-012_specimenchemistry,LS-CMP-012,Pyroxene,"Wolfe, Edward W., et al, 1981.",rock,norite,,"RELAB specimen: 78235,9002A pyroxene separate; RELAB description: Silicate (Ino) , Norite Pyroxene Orthopyroxene , Ortho-pyroxene separate. Separated by S. Yon from Norite; Collection: Apollo 17; Specimen type: Returned Lunar Sample; Material origin: Natural; Material type: Mineral; Material subtypes: Particulate; Atlas type: rock; Atlas lithology: norite; Atlas description: Shocked Norite; Chemistry phase: Pyroxene; Chemistry notes: Pyroxene of Apollo 17 Norite #78235,34; Parent source: atlas_sample_id",subsample_or_fraction,yes,https://www.lpi.usra.edu/lunar/samples/atlas/detail/?mission=Apollo%2017&sample=78235,
1338,78235,9002A,11.16,yes,rc1ls12,LS-CMP-012,"78235,9002A pyroxene separate",explicit_reference,ls-cmp-012_specimenchemistry,LS-CMP-012,Pyroxene,"Wolfe, Edward W., et al, 1981.",rock,norite,,"RELAB specimen: 78235,9002A pyroxene separate; RELAB description: Silicate (Ino) , Norite Pyroxene Orthopyroxene , Ortho-pyroxene separate. Separated by S. Yon from Norite; Collection: Apollo 17; Specimen type: Returned Lunar Sample; Material origin: Natural; Material type: Mineral; Material subtypes: Particulate; Atlas type: rock; Atlas lithology: norite; Atlas description: Shocked Norite; Chemistry phase: Pyroxene; Chemistry notes: Pyroxene of Apollo 17 Norite #78235,34; Parent source: atlas_sample_id",subsample_or_fraction,yes,https://www.lpi.usra.edu/lunar/samples/atlas/detail/?mission=Apollo%2017&sample=78235,
1339,78235,9002A,11.16,yes,rsc1ls12,LS-CMP-012,"78235,9002A pyroxene separate",explicit_reference,ls-cmp-012_specimenchemistry,LS-CMP-012,Pyroxene,"Wolfe, Edward W., et al, 1981.",rock,norite,,"RELAB specimen: 78235,9002A pyroxene separate; RELAB description: Silicate (Ino) , Norite Pyroxene Orthopyroxene , Ortho-pyroxene separate. Separated by S. Yon from Norite; Collection: Apollo 17; Specimen type: Returned Lunar Sample; Material origin: Natural; Material type: Mineral; Material subtypes: Particulate; Atlas type: rock; Atlas lithology: norite; Atlas description: Shocked Norite; Chemistry phase: Pyroxene; Chemistry notes: Pyroxene of Apollo 17 Norite #78235,34; Parent source: atlas_sample_id",subsample_or_fraction,yes,https://www.lpi.usra.edu/lunar/samples/atlas/detail/?mission=Apollo%2017&sample=78235,
1340,78235,9002A,11.16,yes,s1ls12,LS-CMP-012,"78235,9002A pyroxene separate",explicit_reference,ls-cmp-012_specimenchemistry,LS-CMP-012,Pyroxene,"Wolfe, Edward W., et al, 1981.",rock,norite,,"RELAB specimen: 78235,9002A pyroxene separate; RELAB description: Silicate (Ino) , Norite Pyroxene Orthopyroxene , Ortho-pyroxene separate. Separated by S. Yon from Norite; Collection: Apollo 17; Specimen type: Returned Lunar Sample; Material origin: Natural; Material type: Mineral; Material subtypes: Particulate; Atlas type: rock; Atlas lithology: norite; Atlas description: Shocked Norite; Chemistry phase: Pyroxene; Chemistry notes: Pyroxene of Apollo 17 Norite #78235,34; Parent source: atlas_sample_id",subsample_or_fraction,yes,https://www.lpi.usra.edu/lunar/samples/atlas/detail/?mission=Apollo%2017&sample=78235,
1341,78235,9002A,11.16,yes,s2ls12,LS-CMP-012,"78235,9002A pyroxene separate",explicit_reference,ls-cmp-012_specimenchemistry,LS-CMP-012,Pyroxene,"Wolfe, Edward W., et al, 1981.",rock,norite,,"RELAB specimen: 78235,9002A pyroxene separate; RELAB description: Silicate (Ino) , Norite Pyroxene Orthopyroxene , Ortho-pyroxene separate. Separated by S. Yon from Norite; Collection: Apollo 17; Specimen type: Returned Lunar Sample; Material origin: Natural; Material type: Mineral; Material subtypes: Particulate; Atlas type: rock; Atlas lithology: norite; Atlas description: Shocked Norite; Chemistry phase: Pyroxene; Chemistry notes: Pyroxene of Apollo 17 Norite #78235,34; Parent source: atlas_sample_id",subsample_or_fraction,yes,https://www.lpi.usra.edu/lunar/samples/atlas/detail/?mission=Apollo%2017&sample=78235,
1342,78235,9002A,11.16,yes,sc1ls12,LS-CMP-012,"78235,9002A pyroxene separate",explicit_reference,ls-cmp-012_specimenchemistry,LS-CMP-012,Pyroxene,"Wolfe, Edward W., et al, 1981.",rock,norite,,"RELAB specimen: 78235,9002A pyroxene separate; RELAB description: Silicate (Ino) , Norite Pyroxene Orthopyroxene , Ortho-pyroxene separate. Separated by S. Yon from Norite; Collection: Apollo 17; Specimen type: Returned Lunar Sample; Material origin: Natural; Material type: Mineral; Material subtypes: Particulate; Atlas type: rock; Atlas lithology: norite; Atlas description: Shocked Norite; Chemistry phase: Pyroxene; Chemistry notes: Pyroxene of Apollo 17 Norite #78235,34; Parent source: atlas_sample_id",subsample_or_fraction,yes,https://www.lpi.usra.edu/lunar/samples/atlas/detail/?mission=Apollo%2017&sample=78235,
1343,78235,9002C,-99.0,no,c1ls91,LS-CMP-091,"78235,9002C",none,,,,,rock,norite,,"RELAB specimen: 78235,9002C; RELAB description: Silicate (Tecto), Maskelynite , Maskelynite separate with ~5% pyroxene impurity; Collection: Apollo 17 site, Moon; Specimen type: Returned Lunar Sample; Material origin: Natural; Material type: Mineral; Material subtypes: Particulate|Bulk Particulate; Atlas type: rock; Atlas lithology: norite; Atlas description: Shocked Norite; Parent source: atlas_sample_id",subsample_or_fraction,yes,https://www.lpi.usra.edu/lunar/samples/atlas/detail/?mission=Apollo%2017&sample=78235,
1344,78598,7,-99.0,no,c1lr252a,LR-KMR-252-A,"78598,7 <45 um",none,,,,,rake,high-Ti mare basalt,,"RELAB specimen: 78598,7 <45 um; RELAB description: Mare, Basalt, Spectroscopy of ilmenite rich basalts; Collection: Apollo 17 site, Moon; Specimen type: Returned Lunar Sample; Material origin: Natural; Material type: Rock; Material subtypes: Particulate|Particulate Ground Sorted; Atlas type: rake; Atlas lithology: high-Ti mare basalt; Atlas description: High-Ti Mare Basalt; Parent source: atlas_sample_id",subsample_or_fraction,yes,https://www.lpi.usra.edu/lunar/samples/atlas/detail/?mission=Apollo%2017&sample=78598,
1345,78598,7,-99.0,no,c1lr252b,LR-KMR-252-B,"78598,7 >125 um",none,,,,,rake,high-Ti mare basalt,,"RELAB specimen: 78598,7 >125 um; RELAB description: Mare, Basalt, Spectroscopy of ilmenite rich basalts; Collection: Apollo 17 site, Moon; Specimen type: Returned Lunar Sample; Material origin: Natural; Material type: Rock; Material subtypes: Particulate|Particulate Ground Sorted; Atlas type: rake; Atlas lithology: high-Ti mare basalt; Atlas description: High-Ti Mare Basalt; Parent source: atlas_sample_id",subsample_or_fraction,yes,https://www.lpi.usra.edu/lunar/samples/atlas/detail/?mission=Apollo%2017&sample=78598,
1346,78598,7,-99.0,no,calr252,LR-KMR-252,"78598,7 cut slab",none,,,,,rake,high-Ti mare basalt,,"RELAB specimen: 78598,7 cut slab; RELAB description: Mare, Basa;t, Spectroscopy of ilmenite rich basalts; Collection: Apollo 17 site, Moon; Specimen type: Returned Lunar Sample; Material origin: Natural; Material type: Rock; Material subtypes: Nonparticulate|Slab Cut; Atlas type: rake; Atlas lithology: high-Ti mare basalt; Atlas description: High-Ti Mare Basalt; Parent source: atlas_sample_id",subsample_or_fraction,yes,https://www.lpi.usra.edu/lunar/samples/atlas/detail/?mission=Apollo%2017&sample=78598,
1347,79221,0,-99.0,no,bir1ls149,LS-BWD-149,79221 bulk 125-250 um,none,,,,,,,"Mare, Mature","RELAB specimen: 79221 bulk 125-250 um; RELAB description: Mare, Mature; Collection: Apollo 17 site, Station 9, Moon; Specimen type: Returned Lunar Sample; Material origin: Natural; Material type: Unconsolidated Mixture; Material subtypes: Particulate; Parent source: atlas_sample_id",subsample_or_fraction,yes,https://www.lpi.usra.edu/lunar/samples/atlas/detail/?mission=Apollo%2017&sample=79221,
1348,79221,0,-99.0,no,bir1ls152,LS-BWD-152,79221 agglutinates 125-250 um (magnetically-separated and hand-picked),none,,,,,,,"Mare, Agglutinate","RELAB specimen: 79221 agglutinates 125-250 um (magnetically-separated and hand-picked); RELAB description: Mare, Agglutinate; Collection: Apollo 17 site, Station 9, Moon; Specimen type: Returned Lunar Sample; Material origin: Natural; Material type: Unconsolidated Mixture; Material subtypes: Particulate; Parent source: atlas_sample_id",subsample_or_fraction,yes,https://www.lpi.usra.edu/lunar/samples/atlas/detail/?mission=Apollo%2017&sample=79221,
1349,79221,0,-99.0,no,bir1ls157,LS-BWD-157,79221 low-agglutinate remnant 125-250 um,none,,,,,,,79221 low-agglutinate remnant 125-250 um,"RELAB specimen: 79221 low-agglutinate remnant 125-250 um; RELAB description: Remnant after agglutinates removed from Apollo 17 mare soil; Collection: Apollo 17 site, Station 9, Moon; Specimen type: Returned Lunar Sample; Material origin: Natural; Material type: Unconsolidated Mixture; Material subtypes: Particulate|Sorted; Parent source: atlas_sample_id",subsample_or_fraction,yes,https://www.lpi.usra.edu/lunar/samples/atlas/detail/?mission=Apollo%2017&sample=79221,
1350,79221,0,-99.0,no,c0ls149,LS-BWD-149,79221 bulk 125-250 um,none,,,,,,,"Mare, Mature","RELAB specimen: 79221 bulk 125-250 um; RELAB description: Mare, Mature; Collection: Apollo 17 site, Station 9, Moon; Specimen type: Returned Lunar Sample; Material origin: Natural; Material type: Unconsolidated Mixture; Material subtypes: Particulate; Parent source: atlas_sample_id",subsample_or_fraction,yes,https://www.lpi.usra.edu/lunar/samples/atlas/detail/?mission=Apollo%2017&sample=79221,
1351,79221,0,-99.0,no,c0ls152,LS-BWD-152,79221 agglutinates 125-250 um (magnetically-separated and hand-picked),none,,,,,,,"Mare, Agglutinate","RELAB specimen: 79221 agglutinates 125-250 um (magnetically-separated and hand-picked); RELAB description: Mare, Agglutinate; Collection: Apollo 17 site, Station 9, Moon; Specimen type: Returned Lunar Sample; Material origin: Natural; Material type: Unconsolidated Mixture; Material subtypes: Particulate; Parent source: atlas_sample_id",subsample_or_fraction,yes,https://www.lpi.usra.edu/lunar/samples/atlas/detail/?mission=Apollo%2017&sample=79221,
1352,79221,0,-99.0,no,c1ls149,LS-BWD-149,79221 bulk 125-250 um,none,,,,,,,"Mare, Mature","RELAB specimen: 79221 bulk 125-250 um; RELAB description: Mare, Mature; Collection: Apollo 17 site, Station 9, Moon; Specimen type: Returned Lunar Sample; Material origin: Natural; Material type: Unconsolidated Mixture; Material subtypes: Particulate; Parent source: atlas_sample_id",subsample_or_fraction,yes,https://www.lpi.usra.edu/lunar/samples/atlas/detail/?mission=Apollo%2017&sample=79221,
1353,79221,0,-99.0,no,c1ls152,LS-BWD-152,79221 agglutinates 125-250 um (magnetically-separated and hand-picked),none,,,,,,,"Mare, Agglutinate","RELAB specimen: 79221 agglutinates 125-250 um (magnetically-separated and hand-picked); RELAB description: Mare, Agglutinate; Collection: Apollo 17 site, Station 9, Moon; Specimen type: Returned Lunar Sample; Material origin: Natural; Material type: Unconsolidated Mixture; Material subtypes: Particulate; Parent source: atlas_sample_id",subsample_or_fraction,yes,https://www.lpi.usra.edu/lunar/samples/atlas/detail/?mission=Apollo%2017&sample=79221,
1354,79221,0,-99.0,no,c1ls157,LS-BWD-157,79221 low-agglutinate remnant 125-250 um,none,,,,,,,79221 low-agglutinate remnant 125-250 um,"RELAB specimen: 79221 low-agglutinate remnant 125-250 um; RELAB description: Remnant after agglutinates removed from Apollo 17 mare soil; Collection: Apollo 17 site, Station 9, Moon; Specimen type: Returned Lunar Sample; Material origin: Natural; Material type: Unconsolidated Mixture; Material subtypes: Particulate|Sorted; Parent source: atlas_sample_id",subsample_or_fraction,yes,https://www.lpi.usra.edu/lunar/samples/atlas/detail/?mission=Apollo%2017&sample=79221,
1355,79221,0,-99.0,no,c2ls149,LS-BWD-149,79221 bulk 125-250 um,none,,,,,,,"Mare, Mature","RELAB specimen: 79221 bulk 125-250 um; RELAB description: Mare, Mature; Collection: Apollo 17 site, Station 9, Moon; Specimen type: Returned Lunar Sample; Material origin: Natural; Material type: Unconsolidated Mixture; Material subtypes: Particulate; Parent source: atlas_sample_id",subsample_or_fraction,yes,https://www.lpi.usra.edu/lunar/samples/atlas/detail/?mission=Apollo%2017&sample=79221,
1356,79221,0,-99.0,no,c2ls152,LS-BWD-152,79221 agglutinates 125-250 um (magnetically-separated and hand-picked),none,,,,,,,"Mare, Agglutinate","RELAB specimen: 79221 agglutinates 125-250 um (magnetically-separated and hand-picked); RELAB description: Mare, Agglutinate; Collection: Apollo 17 site, Station 9, Moon; Specimen type: Returned Lunar Sample; Material origin: Natural; Material type: Unconsolidated Mixture; Material subtypes: Particulate; Parent source: atlas_sample_id",subsample_or_fraction,yes,https://www.lpi.usra.edu/lunar/samples/atlas/detail/?mission=Apollo%2017&sample=79221,
1357,79221,0,-99.0,no,c2ls157,LS-BWD-157,79221 low-agglutinate remnant 125-250 um,none,,,,,,,79221 low-agglutinate remnant 125-250 um,"RELAB specimen: 79221 low-agglutinate remnant 125-250 um; RELAB description: Remnant after agglutinates removed from Apollo 17 mare soil; Collection: Apollo 17 site, Station 9, Moon; Specimen type: Returned Lunar Sample; Material origin: Natural; Material type: Unconsolidated Mixture; Material subtypes: Particulate|Sorted; Parent source: atlas_sample_id",subsample_or_fraction,yes,https://www.lpi.usra.edu/lunar/samples/atlas/detail/?mission=Apollo%2017&sample=79221,
1358,79221,0,-99.0,no,c3ls149,LS-BWD-149,79221 bulk 125-250 um,none,,,,,,,"Mare, Mature","RELAB specimen: 79221 bulk 125-250 um; RELAB description: Mare, Mature; Collection: Apollo 17 site, Station 9, Moon; Specimen type: Returned Lunar Sample; Material origin: Natural; Material type: Unconsolidated Mixture; Material subtypes: Particulate; Parent source: atlas_sample_id",subsample_or_fraction,yes,https://www.lpi.usra.edu/lunar/samples/atlas/detail/?mission=Apollo%2017&sample=79221,
1359,79221,0,-99.0,no,c3ls152,LS-BWD-152,79221 agglutinates 125-250 um (magnetically-separated and hand-picked),none,,,,,,,"Mare, Agglutinate","RELAB specimen: 79221 agglutinates 125-250 um (magnetically-separated and hand-picked); RELAB description: Mare, Agglutinate; Collection: Apollo 17 site, Station 9, Moon; Specimen type: Returned Lunar Sample; Material origin: Natural; Material type: Unconsolidated Mixture; Material subtypes: Particulate; Parent source: atlas_sample_id",subsample_or_fraction,yes,https://www.lpi.usra.edu/lunar/samples/atlas/detail/?mission=Apollo%2017&sample=79221,
1360,79221,0,-99.0,no,c3ls157,LS-BWD-157,79221 low-agglutinate remnant 125-250 um,none,,,,,,,79221 low-agglutinate remnant 125-250 um,"RELAB specimen: 79221 low-agglutinate remnant 125-250 um; RELAB description: Remnant after agglutinates removed from Apollo 17 mare soil; Collection: Apollo 17 site, Station 9, Moon; Specimen type: Returned Lunar Sample; Material origin: Natural; Material type: Unconsolidated Mixture; Material subtypes: Particulate|Sorted; Parent source: atlas_sample_id",subsample_or_fraction,yes,https://www.lpi.usra.edu/lunar/samples/atlas/detail/?mission=Apollo%2017&sample=79221,
1361,79221,0,-99.0,no,c4ls149,LS-BWD-149,79221 bulk 125-250 um,none,,,,,,,"Mare, Mature","RELAB specimen: 79221 bulk 125-250 um; RELAB description: Mare, Mature; Collection: Apollo 17 site, Station 9, Moon; Specimen type: Returned Lunar Sample; Material origin: Natural; Material type: Unconsolidated Mixture; Material subtypes: Particulate; Parent source: atlas_sample_id",subsample_or_fraction,yes,https://www.lpi.usra.edu/lunar/samples/atlas/detail/?mission=Apollo%2017&sample=79221,
1362,79221,0,-99.0,no,c4ls152,LS-BWD-152,79221 agglutinates 125-250 um (magnetically-separated and hand-picked),none,,,,,,,"Mare, Agglutinate","RELAB specimen: 79221 agglutinates 125-250 um (magnetically-separated and hand-picked); RELAB description: Mare, Agglutinate; Collection: Apollo 17 site, Station 9, Moon; Specimen type: Returned Lunar Sample; Material origin: Natural; Material type: Unconsolidated Mixture; Material subtypes: Particulate; Parent source: atlas_sample_id",subsample_or_fraction,yes,https://www.lpi.usra.edu/lunar/samples/atlas/detail/?mission=Apollo%2017&sample=79221,
1363,79221,0,-99.0,no,cvls149,LS-BWD-149,79221 bulk 125-250 um,none,,,,,,,"Mare, Mature","RELAB specimen: 79221 bulk 125-250 um; RELAB description: Mare, Mature; Collection: Apollo 17 site, Station 9, Moon; Specimen type: Returned Lunar Sample; Material origin: Natural; Material type: Unconsolidated Mixture; Material subtypes: Particulate; Parent source: atlas_sample_id",subsample_or_fraction,yes,https://www.lpi.usra.edu/lunar/samples/atlas/detail/?mission=Apollo%2017&sample=79221,
1364,79221,0,-99.0,no,cvls152,LS-BWD-152,79221 agglutinates 125-250 um (magnetically-separated and hand-picked),none,,,,,,,"Mare, Agglutinate","RELAB specimen: 79221 agglutinates 125-250 um (magnetically-separated and hand-picked); RELAB description: Mare, Agglutinate; Collection: Apollo 17 site, Station 9, Moon; Specimen type: Returned Lunar Sample; Material origin: Natural; Material type: Unconsolidated Mixture; Material subtypes: Particulate; Parent source: atlas_sample_id",subsample_or_fraction,yes,https://www.lpi.usra.edu/lunar/samples/atlas/detail/?mission=Apollo%2017&sample=79221,
1365,79221,0,-99.0,no,k1ls149,LS-BWD-149,79221 bulk 125-250 um,none,,,,,,,"Mare, Mature","RELAB specimen: 79221 bulk 125-250 um; RELAB description: Mare, Mature; Collection: Apollo 17 site, Station 9, Moon; Specimen type: Returned Lunar Sample; Material origin: Natural; Material type: Unconsolidated Mixture; Material subtypes: Particulate; Parent source: atlas_sample_id",subsample_or_fraction,yes,https://www.lpi.usra.edu/lunar/samples/atlas/detail/?mission=Apollo%2017&sample=79221,
1366,79221,91,15.37,yes,c1ls51,LS-CMP-051,"79221,91",explicit_reference,ls-cmp-051_specimenchemistry,LS-CMP-051,Bulk,"Morris et al., 1983. Handbook of Lunar Soils, Part 2, p. 898",,,,"RELAB specimen: 79221,91; RELAB description: Mare, Bulk, Station 9, on the southeast rim of Van Serg Crater. From the top 2cm (gray) soil in a 17cm deep trench.; Collection: Apollo 17; Specimen type: Returned Lunar Sample; Material origin: Natural; Material type: Unconsolidated Mixture; Material subtypes: Particulate|Mare; Chemistry phase: Bulk; Chemistry notes: Apollo 17 soil #79221 from Station 9.; Parent source: atlas_sample_id",subsample_or_fraction,yes,https://www.lpi.usra.edu/lunar/samples/atlas/detail/?mission=Apollo%2017&sample=79221,
1367,79221,91,15.37,yes,c2ls51,LS-CMP-051,"79221,91",explicit_reference,ls-cmp-051_specimenchemistry,LS-CMP-051,Bulk,"Morris et al., 1983. Handbook of Lunar Soils, Part 2, p. 898",,,,"RELAB specimen: 79221,91; RELAB description: Mare, Bulk, Station 9, on the southeast rim of Van Serg Crater. From the top 2cm (gray) soil in a 17cm deep trench.; Collection: Apollo 17; Specimen type: Returned Lunar Sample; Material origin: Natural; Material type: Unconsolidated Mixture; Material subtypes: Particulate|Mare; Chemistry phase: Bulk; Chemistry notes: Apollo 17 soil #79221 from Station 9.; Parent source: atlas_sample_id",subsample_or_fraction,yes,https://www.lpi.usra.edu/lunar/samples/atlas/detail/?mission=Apollo%2017&sample=79221,
1368,79221,103,-99.0,no,c1lr17,LR-CMP-017,"79221,103",none,,,,,,,,"RELAB specimen: 79221,103; RELAB description: In a medium Nic dish. (C2) In a medium Nic dish / Hiroi's halon.; Collection: Apollo 17 site, Moon; Specimen type: Returned Lunar Sample; Material origin: Natural; Material type: Unconsolidated Mixture; Material subtypes: Particulate|Sorted; Parent source: atlas_sample_id",subsample_or_fraction,yes,https://www.lpi.usra.edu/lunar/samples/atlas/detail/?mission=Apollo%2017&sample=79221,
1369,79221,103,-99.0,no,c2lr17,LR-CMP-017,"79221,103",none,,,,,,,,"RELAB specimen: 79221,103; RELAB description: In a medium Nic dish. (C2) In a medium Nic dish / Hiroi's halon.; Collection: Apollo 17 site, Moon; Specimen type: Returned Lunar Sample; Material origin: Natural; Material type: Unconsolidated Mixture; Material subtypes: Particulate|Sorted; Parent source: atlas_sample_id",subsample_or_fraction,yes,https://www.lpi.usra.edu/lunar/samples/atlas/detail/?mission=Apollo%2017&sample=79221,
1370,79221,103,-99.0,no,c3lr17,LR-CMP-017,"79221,103",none,,,,,,,,"RELAB specimen: 79221,103; RELAB description: In a medium Nic dish. (C2) In a medium Nic dish / Hiroi's halon.; Collection: Apollo 17 site, Moon; Specimen type: Returned Lunar Sample; Material origin: Natural; Material type: Unconsolidated Mixture; Material subtypes: Particulate|Sorted; Parent source: atlas_sample_id",subsample_or_fraction,yes,https://www.lpi.usra.edu/lunar/samples/atlas/detail/?mission=Apollo%2017&sample=79221,
1371,79221,104,-99.0,no,c1lr18,LR-CMP-018,"79221,104",none,,,,,,,,"RELAB specimen: 79221,104; RELAB description: In a medium Nic dish. (C2) In a medium Nic dish / Hiroi's halon.; Collection: Apollo 17 site, Moon; Specimen type: Returned Lunar Sample; Material origin: Natural; Material type: Unconsolidated Mixture; Material subtypes: Particulate|Sorted; Parent source: atlas_sample_id",subsample_or_fraction,yes,https://www.lpi.usra.edu/lunar/samples/atlas/detail/?mission=Apollo%2017&sample=79221,
1372,79221,104,-99.0,no,c2lr18,LR-CMP-018,"79221,104",none,,,,,,,,"RELAB specimen: 79221,104; RELAB description: In a medium Nic dish. (C2) In a medium Nic dish / Hiroi's halon.; Collection: Apollo 17 site, Moon; Specimen type: Returned Lunar Sample; Material origin: Natural; Material type: Unconsolidated Mixture; Material subtypes: Particulate|Sorted; Parent source: atlas_sample_id",subsample_or_fraction,yes,https://www.lpi.usra.edu/lunar/samples/atlas/detail/?mission=Apollo%2017&sample=79221,
1373,79221,104,-99.0,no,c3lr18,LR-CMP-018,"79221,104",none,,,,,,,,"RELAB specimen: 79221,104; RELAB description: In a medium Nic dish. (C2) In a medium Nic dish / Hiroi's halon.; Collection: Apollo 17 site, Moon; Specimen type: Returned Lunar Sample; Material origin: Natural; Material type: Unconsolidated Mixture; Material subtypes: Particulate|Sorted; Parent source: atlas_sample_id",subsample_or_fraction,yes,https://www.lpi.usra.edu/lunar/samples/atlas/detail/?mission=Apollo%2017&sample=79221,
1374,79221,105,-99.0,no,c1lr22,LR-CMP-022,"79221,105",none,,,,,,,,"RELAB specimen: 79221,105; Collection: Apollo 17 site, Moon; Specimen type: Returned Lunar Sample; Material origin: Natural; Material type: Unconsolidated Mixture; Material subtypes: Particulate|Sorted; Parent source: atlas_sample_id",subsample_or_fraction,yes,https://www.lpi.usra.edu/lunar/samples/atlas/detail/?mission=Apollo%2017&sample=79221,
1375,79221,118,-99.0,no,c1lr39,LR-CMP-039,"79221,118",none,,,,,,,,"RELAB specimen: 79221,118; RELAB description: Mare, ,; Collection: Apollo 17 site, Moon; Specimen type: Returned Lunar Sample; Material origin: Natural; Material type: Unconsolidated Mixture; Material subtypes: Particulate|Sorted|Mare; Parent source: atlas_sample_id",subsample_or_fraction,yes,https://www.lpi.usra.edu/lunar/samples/atlas/detail/?mission=Apollo%2017&sample=79221,
1376,79221,118,-99.0,no,c2lr39,LR-CMP-039,"79221,118",none,,,,,,,,"RELAB specimen: 79221,118; RELAB description: Mare, ,; Collection: Apollo 17 site, Moon; Specimen type: Returned Lunar Sample; Material origin: Natural; Material type: Unconsolidated Mixture; Material subtypes: Particulate|Sorted|Mare; Parent source: atlas_sample_id",subsample_or_fraction,yes,https://www.lpi.usra.edu/lunar/samples/atlas/detail/?mission=Apollo%2017&sample=79221,
1377,79221,118,-99.0,no,c4lr39,LR-CMP-039,"79221,118",none,,,,,,,,"RELAB specimen: 79221,118; RELAB description: Mare, ,; Collection: Apollo 17 site, Moon; Specimen type: Returned Lunar Sample; Material origin: Natural; Material type: Unconsolidated Mixture; Material subtypes: Particulate|Sorted|Mare; Parent source: atlas_sample_id",subsample_or_fraction,yes,https://www.lpi.usra.edu/lunar/samples/atlas/detail/?mission=Apollo%2017&sample=79221,
1378,79221,118,-99.0,no,calr39,LR-CMP-039,"79221,118",none,,,,,,,,"RELAB specimen: 79221,118; RELAB description: Mare, ,; Collection: Apollo 17 site, Moon; Specimen type: Returned Lunar Sample; Material origin: Natural; Material type: Unconsolidated Mixture; Material subtypes: Particulate|Sorted|Mare; Parent source: atlas_sample_id",subsample_or_fraction,yes,https://www.lpi.usra.edu/lunar/samples/atlas/detail/?mission=Apollo%2017&sample=79221,
1379,79221,126,-99.0,no,c1lr49,LR-CMP-049,"79221,126",none,,,,,,,,"RELAB specimen: 79221,126; RELAB description: Mare, Sorted,; Collection: Apollo 17 site, Moon; Specimen type: Returned Lunar Sample; Material origin: Natural; Material type: Unconsolidated Mixture; Material subtypes: Particulate|Sorted|Mare; Parent source: atlas_sample_id",subsample_or_fraction,yes,https://www.lpi.usra.edu/lunar/samples/atlas/detail/?mission=Apollo%2017&sample=79221,
1380,79221,131,-99.0,no,c1lr40,LR-CMP-040,"79221,131",none,,,,,,,,"RELAB specimen: 79221,131; RELAB description: Mare, ,; Collection: Apollo 17 site, Moon; Specimen type: Returned Lunar Sample; Material origin: Natural; Material type: Unconsolidated Mixture; Material subtypes: Particulate|Sorted|Mare; Parent source: atlas_sample_id",subsample_or_fraction,yes,https://www.lpi.usra.edu/lunar/samples/atlas/detail/?mission=Apollo%2017&sample=79221,
1381,79221,131,-99.0,no,c2lr40,LR-CMP-040,"79221,131",none,,,,,,,,"RELAB specimen: 79221,131; RELAB description: Mare, ,; Collection: Apollo 17 site, Moon; Specimen type: Returned Lunar Sample; Material origin: Natural; Material type: Unconsolidated Mixture; Material subtypes: Particulate|Sorted|Mare; Parent source: atlas_sample_id",subsample_or_fraction,yes,https://www.lpi.usra.edu/lunar/samples/atlas/detail/?mission=Apollo%2017&sample=79221,
1382,79221,136,-99.0,no,c1lr41,LR-CMP-041,"79221,136",none,,,,,,,,"RELAB specimen: 79221,136; RELAB description: Mare, ,; Collection: Apollo 17 site, Moon; Specimen type: Returned Lunar Sample; Material origin: Natural; Material type: Unconsolidated Mixture; Material subtypes: Particulate|Sorted|Mare; Parent source: atlas_sample_id",subsample_or_fraction,yes,https://www.lpi.usra.edu/lunar/samples/atlas/detail/?mission=Apollo%2017&sample=79221,
1383,79221,136,-99.0,no,c2lr41,LR-CMP-041,"79221,136",none,,,,,,,,"RELAB specimen: 79221,136; RELAB description: Mare, ,; Collection: Apollo 17 site, Moon; Specimen type: Returned Lunar Sample; Material origin: Natural; Material type: Unconsolidated Mixture; Material subtypes: Particulate|Sorted|Mare; Parent source: atlas_sample_id",subsample_or_fraction,yes,https://www.lpi.usra.edu/lunar/samples/atlas/detail/?mission=Apollo%2017&sample=79221,
