atlas_sample_id,mission,sample_type,lithology,description,detail_url,atlas_pdf_url,source_index_url,coverage_status
10015,Apollo 11,,,,https://www.lpi.usra.edu/lunar/samples/atlas/detail/?mission=Apollo%2011&sample=10015,,https://www.lpi.usra.edu/lunar/samples/atlas/index.cfm,no_direct_or_indirect_parsed_pdf
10072A,Apollo 11,,,,https://www.lpi.usra.edu/lunar/samples/atlas/detail/?mission=Apollo%2011&sample=10072A,,https://www.lpi.usra.edu/lunar/samples/atlas/index.cfm,no_direct_or_indirect_parsed_pdf
10072D,Apollo 11,,,,https://www.lpi.usra.edu/lunar/samples/atlas/detail/?mission=Apollo%2011&sample=10072D,,https://www.lpi.usra.edu/lunar/samples/atlas/index.cfm,no_direct_or_indirect_parsed_pdf
10119,Apollo 11,,,,https://www.lpi.usra.edu/lunar/samples/atlas/detail/?mission=Apollo%2011&sample=10119,,https://www.lpi.usra.edu/lunar/samples/atlas/index.cfm,no_direct_or_indirect_parsed_pdf
14008,Apollo 14,rock,,Sample 14008 was collected from the LM vicinity during the first EVA as part of the contingency sample. It was returned in weigh bag 1039 along with the rest of the contingency samples (14001-14012); sample is fine graned fragmental rock with avg grain size less than 0.1 mm; texturally and mineralogically homogeneous.,https://www.lpi.usra.edu/lunar/samples/atlas/detail/?mission=Apollo%2014&sample=14008,,https://www.lpi.usra.edu/lunar/samples/atlas/index.cfm,no_direct_or_indirect_parsed_pdf
14035,Apollo 14,,,,https://www.lpi.usra.edu/lunar/samples/atlas/detail/?mission=Apollo%2014&sample=14035,,https://www.lpi.usra.edu/lunar/samples/atlas/index.cfm,no_direct_or_indirect_parsed_pdf
14048,Apollo 14,,,,https://www.lpi.usra.edu/lunar/samples/atlas/detail/?mission=Apollo%2014&sample=14048,,https://www.lpi.usra.edu/lunar/samples/atlas/index.cfm,no_direct_or_indirect_parsed_pdf
14052,Apollo 14,,,,https://www.lpi.usra.edu/lunar/samples/atlas/detail/?mission=Apollo%2014&sample=14052,,https://www.lpi.usra.edu/lunar/samples/atlas/index.cfm,no_direct_or_indirect_parsed_pdf
14054,Apollo 14,,,,https://www.lpi.usra.edu/lunar/samples/atlas/detail/?mission=Apollo%2014&sample=14054,,https://www.lpi.usra.edu/lunar/samples/atlas/index.cfm,no_direct_or_indirect_parsed_pdf
14067,Apollo 14,,,,https://www.lpi.usra.edu/lunar/samples/atlas/detail/?mission=Apollo%2014&sample=14067,,https://www.lpi.usra.edu/lunar/samples/atlas/index.cfm,no_direct_or_indirect_parsed_pdf
14084,Apollo 14,,,,https://www.lpi.usra.edu/lunar/samples/atlas/detail/?mission=Apollo%2014&sample=14084,,https://www.lpi.usra.edu/lunar/samples/atlas/index.cfm,no_direct_or_indirect_parsed_pdf
14144,Apollo 14,,,,https://www.lpi.usra.edu/lunar/samples/atlas/detail/?mission=Apollo%2014&sample=14144,,https://www.lpi.usra.edu/lunar/samples/atlas/index.cfm,no_direct_or_indirect_parsed_pdf
14189,Apollo 14,,,,https://www.lpi.usra.edu/lunar/samples/atlas/detail/?mission=Apollo%2014&sample=14189,,https://www.lpi.usra.edu/lunar/samples/atlas/index.cfm,no_direct_or_indirect_parsed_pdf
14194,Apollo 14,rock,breccia,"Weigh bag 1031 was used on the traverse during the second EVA. Samples 14194-14201 are small rock fragments that were left in weight bag 1031 after samples 14306-14311 were removed. Their lunar location and orientation are unknown and there are no lunar surface photographs of these samples. Some of these are probably pieces broken off the larger rocks during transit. This sample is a light gray, moderately friable, polymict breccia which appears to be bounded by freshly broken surface.",https://www.lpi.usra.edu/lunar/samples/atlas/detail/?mission=Apollo%2014&sample=14194,,https://www.lpi.usra.edu/lunar/samples/atlas/index.cfm,no_direct_or_indirect_parsed_pdf
14195,Apollo 14,rock,,"Weigh bag 1031 was used on the traverse during the second EVA. Samples 14194-14201 are small rock fragments that were left in weight bag 1031 after samples 14306-14311 were removed. Their lunar location and orientation are unknown and there are no lunar surface photographs of these samples. Some of these are probably pieces broken off the larger rocks during transit. This sample is a coherent, medium to dark gray, fragmental rock.",https://www.lpi.usra.edu/lunar/samples/atlas/detail/?mission=Apollo%2014&sample=14195,,https://www.lpi.usra.edu/lunar/samples/atlas/index.cfm,no_direct_or_indirect_parsed_pdf
14196,Apollo 14,rock,,"Weigh bag 1031 was used on the traverse during the second EVA. Samples 14194-14201 are small rock fragments that were left in weight bag 1031 after samples 14306-14311 were removed. Their lunar location and orientation are unknown and there are no lunar surface photographs of these samples. Some of these are probably pieces broken off the larger rocks during transit. This sample is a friable, polymict breccia similar to 14051 or 14066.",https://www.lpi.usra.edu/lunar/samples/atlas/detail/?mission=Apollo%2014&sample=14196,,https://www.lpi.usra.edu/lunar/samples/atlas/index.cfm,no_direct_or_indirect_parsed_pdf
14197,Apollo 14,,,Weigh bag 1031 was used on the traverse during the second EVA. Samples 14194-14201 are small rock fragments that were left in weight bag 1031 after samples 14306-14311 were removed. Their lunar location and orientation are unknown and there are no lunar surface photographs of these samples. Some of these are probably pieces broken off the larger rocks during transit. This sample is very fine grained and appears to be completely recrystallized.,https://www.lpi.usra.edu/lunar/samples/atlas/detail/?mission=Apollo%2014&sample=14197,,https://www.lpi.usra.edu/lunar/samples/atlas/index.cfm,no_direct_or_indirect_parsed_pdf
14198,Apollo 14,,,Weigh bag 1031 was used on the traverse during the second EVA. Samples 14194-14201 are small rock fragments that were left in weight bag 1031 after samples 14306-14311 were removed. Their lunar location and orientation are unknown and there are no lunar surface photographs of these samples. Some of these are probably pieces broken off the larger rocks during transit. This sample is a crystalline rock.,https://www.lpi.usra.edu/lunar/samples/atlas/detail/?mission=Apollo%2014&sample=14198,,https://www.lpi.usra.edu/lunar/samples/atlas/index.cfm,no_direct_or_indirect_parsed_pdf
14199,Apollo 14,rock,basalt,"Weigh bag 1031 was used on the traverse during the second EVA. Samples 14194-14201 are small rock fragments that were left in weight bag 1031 after samples 14306-14311 were removed. Their lunar location and orientation are unknown and there are no lunar surface photographs of these samples. Some of these are probably pieces broken off the larger rocks during transit. This sample is a freshly fractured, polymict breccia.",https://www.lpi.usra.edu/lunar/samples/atlas/detail/?mission=Apollo%2014&sample=14199,,https://www.lpi.usra.edu/lunar/samples/atlas/index.cfm,no_direct_or_indirect_parsed_pdf
14200,Apollo 14,rock,basalt,Weigh bag 1031 was used on the traverse during the second EVA. Samples 14194-14201 are small rock fragments that were left in weight bag 1031 after samples 14306-14311 were removed. Their lunar location and orientation are unknown and there are no lunar surface photographs of these samples. Some of these are probably pieces broken off the larger rocks during transit. This sample is a fragment of very fine grained basaltic crystalline rock.,https://www.lpi.usra.edu/lunar/samples/atlas/detail/?mission=Apollo%2014&sample=14200,,https://www.lpi.usra.edu/lunar/samples/atlas/index.cfm,no_direct_or_indirect_parsed_pdf
14201,Apollo 14,rock,breccia,Weigh bag 1031 was used on the traverse during the second EVA. Samples 14194-14201 are small rock fragments that were left in weight bag 1031 after samples 14306-14311 were removed. Their lunar location and orientation are unknown and there are no lunar surface photographs of these samples. Some of these are probably pieces broken off the larger rocks during transit. This sample is a fine grained polymict breccia similar to 14042.,https://www.lpi.usra.edu/lunar/samples/atlas/detail/?mission=Apollo%2014&sample=14201,,https://www.lpi.usra.edu/lunar/samples/atlas/index.cfm,no_direct_or_indirect_parsed_pdf
14290,Apollo 14,,soil,The purpose of the Comprehensive Sample (14169-14188; 14250-14299) was to acquire a statistically significant set of small rock samples to petrographically characterize the distribution of rock types in the lunar regolith. The sample location was selected 100 to 125 m west of the LM. A two to three meter diameter circle was marked and all of the walnut sized rocks on the surface within the circle were collected with tongs.,https://www.lpi.usra.edu/lunar/samples/atlas/detail/?mission=Apollo%2014&sample=14290,,https://www.lpi.usra.edu/lunar/samples/atlas/index.cfm,no_direct_or_indirect_parsed_pdf
14291,Apollo 14,,soil,The purpose of the Comprehensive Sample (14169-14188; 14250-14299) was to acquire a statistically significant set of small rock samples to petrographically characterize the distribution of rock types in the lunar regolith. The sample location was selected 100 to 125 m west of the LM. A two to three meter diameter circle was marked and all of the walnut sized rocks on the surface within the circle were collected with tongs.,https://www.lpi.usra.edu/lunar/samples/atlas/detail/?mission=Apollo%2014&sample=14291,,https://www.lpi.usra.edu/lunar/samples/atlas/index.cfm,no_direct_or_indirect_parsed_pdf
14292,Apollo 14,,soil,The purpose of the Comprehensive Sample (14169-14188; 14250-14299) was to acquire a statistically significant set of small rock samples to petrographically characterize the distribution of rock types in the lunar regolith. The sample location was selected 100 to 125 m west of the LM. A two to three meter diameter circle was marked and all of the walnut sized rocks on the surface within the circle were collected with tongs.,https://www.lpi.usra.edu/lunar/samples/atlas/detail/?mission=Apollo%2014&sample=14292,,https://www.lpi.usra.edu/lunar/samples/atlas/index.cfm,no_direct_or_indirect_parsed_pdf
14293,Apollo 14,,soil,The purpose of the Comprehensive Sample (14169-14188; 14250-14299) was to acquire a statistically significant set of small rock samples to petrographically characterize the distribution of rock types in the lunar regolith. The sample location was selected 100 to 125 m west of the LM. A two to three meter diameter circle was marked and all of the walnut sized rocks on the surface within the circle were collected with tongs.,https://www.lpi.usra.edu/lunar/samples/atlas/detail/?mission=Apollo%2014&sample=14293,,https://www.lpi.usra.edu/lunar/samples/atlas/index.cfm,no_direct_or_indirect_parsed_pdf
14294,Apollo 14,,breccia,"The purpose of the Comprehensive Sample (14169-14188; 14250-14299) was to acquire a statistically significant set of small rock samples to petrographically characterize the distribution of rock types in the lunar regolith. The sample location was selected 100 to 125 m west of the LM. A two to three meter diameter circle was marked and all of the walnut sized rocks on the surface within the circle were collected with tongs. Weigh bag 1038 was used to hold rocks and fragments from Station H, EVA-2. The largest samples are numbered 14312-14320 and the residue is 14290-14297. Samples 14294-14297 are the largest fragments of the residue. Sample 14294 is a breccia with one rounded side and one angular side. It is grayish brown on the rounded surface and light to medium gray on the fresh surface.",https://www.lpi.usra.edu/lunar/samples/atlas/detail/?mission=Apollo%2014&sample=14294,,https://www.lpi.usra.edu/lunar/samples/atlas/index.cfm,no_direct_or_indirect_parsed_pdf
14295,Apollo 14,rock,breccia,"The purpose of the Comprehensive Sample (14169-14188; 14250-14299) was to acquire a statistically significant set of small rock samples to petrographically characterize the distribution of rock types in the lunar regolith. The sample location was selected 100 to 125 m west of the LM. A two to three meter diameter circle was marked and all of the walnut sized rocks on the surface within the circle were collected with tongs. Weigh bag 1038 was used to hold rocks and fragments from Station H, EVA-2. The largest samples are numbered 14312-14320 and the residue is 14290-14297. Samples 14294-14297 are the largest fragments of the residue. Sample 14295 is a fine grained, polymict breccia with 5% clasts larger than 1 mm and 95% matrix grains smaller than 1 mm in size.",https://www.lpi.usra.edu/lunar/samples/atlas/detail/?mission=Apollo%2014&sample=14295,,https://www.lpi.usra.edu/lunar/samples/atlas/index.cfm,no_direct_or_indirect_parsed_pdf
14296,Apollo 14,rock,breccia,"The purpose of the Comprehensive Sample (14169-14188; 14250-14299) was to acquire a statistically significant set of small rock samples to petrographically characterize the distribution of rock types in the lunar regolith. The sample location was selected 100 to 125 m west of the LM. A two to three meter diameter circle was marked and all of the walnut sized rocks on the surface within the circle were collected with tongs. Weigh bag 1038 was used to hold rocks and fragments from Station H, EVA-2. The largest samples are numbered 14312-14320 and the residue is 14290-14297. Samples 14294-14297 are the largest fragments of the residue. Sample 14296 is a light ray, angular, flat, polymict breccia chip.",https://www.lpi.usra.edu/lunar/samples/atlas/detail/?mission=Apollo%2014&sample=14296,,https://www.lpi.usra.edu/lunar/samples/atlas/index.cfm,no_direct_or_indirect_parsed_pdf
14297,Apollo 14,rock,breccia,"The purpose of the Comprehensive Sample (14169-14188; 14250-14299) was to acquire a statistically significant set of small rock samples to petrographically characterize the distribution of rock types in the lunar regolith. The sample location was selected 100 to 125 m west of the LM. A two to three meter diameter circle was marked and all of the walnut sized rocks on the surface within the circle were collected with tongs. Weigh bag 1038 was used to hold rocks and fragments from Station H, EVA-2. The largest samples are numbered 14312-14320 and the residue is 14290-14297. Samples 14294-14297 are the largest fragments of the residue. Sample 14297 is a polymict breccia with an unusual clast mineralogy.",https://www.lpi.usra.edu/lunar/samples/atlas/detail/?mission=Apollo%2014&sample=14297,,https://www.lpi.usra.edu/lunar/samples/atlas/index.cfm,no_direct_or_indirect_parsed_pdf
14299,Apollo 14,,,The purpose of the Comprehensive Sample (14169-14188; 14250-14299) was to acquire a statistically significant set of small rock samples to petrographically characterize the distribution of rock types in the lunar regolith. The sample location was selected 100 to 125 m west of the LM. A two to three meter diameter circle was marked and all of the walnut sized rocks on the surface within the circle were collected with tongs.,https://www.lpi.usra.edu/lunar/samples/atlas/detail/?mission=Apollo%2014&sample=14299,,https://www.lpi.usra.edu/lunar/samples/atlas/index.cfm,no_direct_or_indirect_parsed_pdf
14300,Apollo 14,,,,https://www.lpi.usra.edu/lunar/samples/atlas/detail/?mission=Apollo%2014&sample=14300,,https://www.lpi.usra.edu/lunar/samples/atlas/index.cfm,no_direct_or_indirect_parsed_pdf
14411,Apollo 14,,,,https://www.lpi.usra.edu/lunar/samples/atlas/detail/?mission=Apollo%2014&sample=14411,,https://www.lpi.usra.edu/lunar/samples/atlas/index.cfm,no_direct_or_indirect_parsed_pdf
14414,Apollo 14,,,,https://www.lpi.usra.edu/lunar/samples/atlas/detail/?mission=Apollo%2014&sample=14414,,https://www.lpi.usra.edu/lunar/samples/atlas/index.cfm,no_direct_or_indirect_parsed_pdf
15000,Apollo 15,rake,,,https://www.lpi.usra.edu/lunar/samples/atlas/detail/?mission=Apollo%2015&sample=15000,,https://www.lpi.usra.edu/lunar/samples/atlas/index.cfm,no_direct_or_indirect_parsed_pdf
15018,Apollo 15,,,,https://www.lpi.usra.edu/lunar/samples/atlas/detail/?mission=Apollo%2015&sample=15018,,https://www.lpi.usra.edu/lunar/samples/atlas/index.cfm,no_direct_or_indirect_parsed_pdf
15019,Apollo 15,,,,https://www.lpi.usra.edu/lunar/samples/atlas/detail/?mission=Apollo%2015&sample=15019,,https://www.lpi.usra.edu/lunar/samples/atlas/index.cfm,no_direct_or_indirect_parsed_pdf
15087,Apollo 15,,,,https://www.lpi.usra.edu/lunar/samples/atlas/detail/?mission=Apollo%2015&sample=15087,,https://www.lpi.usra.edu/lunar/samples/atlas/index.cfm,no_direct_or_indirect_parsed_pdf
15088,Apollo 15,,,,https://www.lpi.usra.edu/lunar/samples/atlas/detail/?mission=Apollo%2015&sample=15088,,https://www.lpi.usra.edu/lunar/samples/atlas/index.cfm,no_direct_or_indirect_parsed_pdf
15124,Apollo 15,,,,https://www.lpi.usra.edu/lunar/samples/atlas/detail/?mission=Apollo%2015&sample=15124,,https://www.lpi.usra.edu/lunar/samples/atlas/index.cfm,no_direct_or_indirect_parsed_pdf
15208,Apollo 15,,,,https://www.lpi.usra.edu/lunar/samples/atlas/detail/?mission=Apollo%2015&sample=15208,,https://www.lpi.usra.edu/lunar/samples/atlas/index.cfm,no_direct_or_indirect_parsed_pdf
15258,Apollo 15,,,,https://www.lpi.usra.edu/lunar/samples/atlas/detail/?mission=Apollo%2015&sample=15258,,https://www.lpi.usra.edu/lunar/samples/atlas/index.cfm,no_direct_or_indirect_parsed_pdf
15259,Apollo 15,,,,https://www.lpi.usra.edu/lunar/samples/atlas/detail/?mission=Apollo%2015&sample=15259,,https://www.lpi.usra.edu/lunar/samples/atlas/index.cfm,no_direct_or_indirect_parsed_pdf
15269,Apollo 15,,,,https://www.lpi.usra.edu/lunar/samples/atlas/detail/?mission=Apollo%2015&sample=15269,,https://www.lpi.usra.edu/lunar/samples/atlas/index.cfm,no_direct_or_indirect_parsed_pdf
15281,Apollo 15,,,,https://www.lpi.usra.edu/lunar/samples/atlas/detail/?mission=Apollo%2015&sample=15281,,https://www.lpi.usra.edu/lunar/samples/atlas/index.cfm,no_direct_or_indirect_parsed_pdf
15282,Apollo 15,,,,https://www.lpi.usra.edu/lunar/samples/atlas/detail/?mission=Apollo%2015&sample=15282,,https://www.lpi.usra.edu/lunar/samples/atlas/index.cfm,no_direct_or_indirect_parsed_pdf
15283,Apollo 15,,,,https://www.lpi.usra.edu/lunar/samples/atlas/detail/?mission=Apollo%2015&sample=15283,,https://www.lpi.usra.edu/lunar/samples/atlas/index.cfm,no_direct_or_indirect_parsed_pdf
15284,Apollo 15,,,,https://www.lpi.usra.edu/lunar/samples/atlas/detail/?mission=Apollo%2015&sample=15284,,https://www.lpi.usra.edu/lunar/samples/atlas/index.cfm,no_direct_or_indirect_parsed_pdf
15416,Apollo 15,,,,https://www.lpi.usra.edu/lunar/samples/atlas/detail/?mission=Apollo%2015&sample=15416,,https://www.lpi.usra.edu/lunar/samples/atlas/index.cfm,no_direct_or_indirect_parsed_pdf
15469,Apollo 15,,,,https://www.lpi.usra.edu/lunar/samples/atlas/detail/?mission=Apollo%2015&sample=15469,,https://www.lpi.usra.edu/lunar/samples/atlas/index.cfm,no_direct_or_indirect_parsed_pdf
15477,Apollo 15,,,,https://www.lpi.usra.edu/lunar/samples/atlas/detail/?mission=Apollo%2015&sample=15477,,https://www.lpi.usra.edu/lunar/samples/atlas/index.cfm,no_direct_or_indirect_parsed_pdf
15478,Apollo 15,,,,https://www.lpi.usra.edu/lunar/samples/atlas/detail/?mission=Apollo%2015&sample=15478,,https://www.lpi.usra.edu/lunar/samples/atlas/index.cfm,no_direct_or_indirect_parsed_pdf
15487,Apollo 15,,,,https://www.lpi.usra.edu/lunar/samples/atlas/detail/?mission=Apollo%2015&sample=15487,,https://www.lpi.usra.edu/lunar/samples/atlas/index.cfm,no_direct_or_indirect_parsed_pdf
15528,Apollo 15,,,,https://www.lpi.usra.edu/lunar/samples/atlas/detail/?mission=Apollo%2015&sample=15528,,https://www.lpi.usra.edu/lunar/samples/atlas/index.cfm,no_direct_or_indirect_parsed_pdf
15537,Apollo 15,,,,https://www.lpi.usra.edu/lunar/samples/atlas/detail/?mission=Apollo%2015&sample=15537,,https://www.lpi.usra.edu/lunar/samples/atlas/index.cfm,no_direct_or_indirect_parsed_pdf
15538,Apollo 15,,,,https://www.lpi.usra.edu/lunar/samples/atlas/detail/?mission=Apollo%2015&sample=15538,,https://www.lpi.usra.edu/lunar/samples/atlas/index.cfm,no_direct_or_indirect_parsed_pdf
15548,Apollo 15,,,,https://www.lpi.usra.edu/lunar/samples/atlas/detail/?mission=Apollo%2015&sample=15548,,https://www.lpi.usra.edu/lunar/samples/atlas/index.cfm,no_direct_or_indirect_parsed_pdf
15560,Apollo 15,,,,https://www.lpi.usra.edu/lunar/samples/atlas/detail/?mission=Apollo%2015&sample=15560,,https://www.lpi.usra.edu/lunar/samples/atlas/index.cfm,no_direct_or_indirect_parsed_pdf
15564,Apollo 15,,,,https://www.lpi.usra.edu/lunar/samples/atlas/detail/?mission=Apollo%2015&sample=15564,,https://www.lpi.usra.edu/lunar/samples/atlas/index.cfm,no_direct_or_indirect_parsed_pdf
15577,Apollo 15,,,,https://www.lpi.usra.edu/lunar/samples/atlas/detail/?mission=Apollo%2015&sample=15577,,https://www.lpi.usra.edu/lunar/samples/atlas/index.cfm,no_direct_or_indirect_parsed_pdf
15611,Apollo 15,,,,https://www.lpi.usra.edu/lunar/samples/atlas/detail/?mission=Apollo%2015&sample=15611,,https://www.lpi.usra.edu/lunar/samples/atlas/index.cfm,no_direct_or_indirect_parsed_pdf
15631,Apollo 15,rake,,,https://www.lpi.usra.edu/lunar/samples/atlas/detail/?mission=Apollo%2015&sample=15631,,https://www.lpi.usra.edu/lunar/samples/atlas/index.cfm,no_direct_or_indirect_parsed_pdf
15646,Apollo 15,rake,,,https://www.lpi.usra.edu/lunar/samples/atlas/detail/?mission=Apollo%2015&sample=15646,,https://www.lpi.usra.edu/lunar/samples/atlas/index.cfm,no_direct_or_indirect_parsed_pdf
15657,Apollo 15,rake,,,https://www.lpi.usra.edu/lunar/samples/atlas/detail/?mission=Apollo%2015&sample=15657,,https://www.lpi.usra.edu/lunar/samples/atlas/index.cfm,no_direct_or_indirect_parsed_pdf
15933,Apollo 15,,,,https://www.lpi.usra.edu/lunar/samples/atlas/detail/?mission=Apollo%2015&sample=15933,,https://www.lpi.usra.edu/lunar/samples/atlas/index.cfm,no_direct_or_indirect_parsed_pdf
15952,Apollo 15,,,,https://www.lpi.usra.edu/lunar/samples/atlas/detail/?mission=Apollo%2015&sample=15952,,https://www.lpi.usra.edu/lunar/samples/atlas/index.cfm,no_direct_or_indirect_parsed_pdf
17508,,,,,https://www.lpi.usra.edu/lunar/samples/atlas/detail/?mission=Apollo%2017&sample=17508,,https://www.lpi.usra.edu/lunar/samples/atlas/index.cfm,no_direct_or_indirect_parsed_pdf
60030,Apollo 16,,,,https://www.lpi.usra.edu/lunar/samples/atlas/detail/?mission=Apollo%2016&sample=60030,,https://www.lpi.usra.edu/lunar/samples/atlas/index.cfm,no_direct_or_indirect_parsed_pdf
60031,Apollo 16,,,,https://www.lpi.usra.edu/lunar/samples/atlas/detail/?mission=Apollo%2016&sample=60031,,https://www.lpi.usra.edu/lunar/samples/atlas/index.cfm,no_direct_or_indirect_parsed_pdf
60032,Apollo 16,,,,https://www.lpi.usra.edu/lunar/samples/atlas/detail/?mission=Apollo%2016&sample=60032,,https://www.lpi.usra.edu/lunar/samples/atlas/index.cfm,no_direct_or_indirect_parsed_pdf
60033,Apollo 16,,,,https://www.lpi.usra.edu/lunar/samples/atlas/detail/?mission=Apollo%2016&sample=60033,,https://www.lpi.usra.edu/lunar/samples/atlas/index.cfm,no_direct_or_indirect_parsed_pdf
60034,Apollo 16,,,,https://www.lpi.usra.edu/lunar/samples/atlas/detail/?mission=Apollo%2016&sample=60034,,https://www.lpi.usra.edu/lunar/samples/atlas/index.cfm,no_direct_or_indirect_parsed_pdf
60070,Apollo 16,,,,https://www.lpi.usra.edu/lunar/samples/atlas/detail/?mission=Apollo%2016&sample=60070,,https://www.lpi.usra.edu/lunar/samples/atlas/index.cfm,no_direct_or_indirect_parsed_pdf
60110,Apollo 16,,,,https://www.lpi.usra.edu/lunar/samples/atlas/detail/?mission=Apollo%2016&sample=60110,,https://www.lpi.usra.edu/lunar/samples/atlas/index.cfm,no_direct_or_indirect_parsed_pdf
60130,Apollo 16,,,,https://www.lpi.usra.edu/lunar/samples/atlas/detail/?mission=Apollo%2016&sample=60130,,https://www.lpi.usra.edu/lunar/samples/atlas/index.cfm,no_direct_or_indirect_parsed_pdf
60210,Apollo 16,,,,https://www.lpi.usra.edu/lunar/samples/atlas/detail/?mission=Apollo%2016&sample=60210,,https://www.lpi.usra.edu/lunar/samples/atlas/index.cfm,no_direct_or_indirect_parsed_pdf
60230,Apollo 16,,,,https://www.lpi.usra.edu/lunar/samples/atlas/detail/?mission=Apollo%2016&sample=60230,,https://www.lpi.usra.edu/lunar/samples/atlas/index.cfm,no_direct_or_indirect_parsed_pdf
60250,Apollo 16,,,,https://www.lpi.usra.edu/lunar/samples/atlas/detail/?mission=Apollo%2016&sample=60250,,https://www.lpi.usra.edu/lunar/samples/atlas/index.cfm,no_direct_or_indirect_parsed_pdf
60270,Apollo 16,,,,https://www.lpi.usra.edu/lunar/samples/atlas/detail/?mission=Apollo%2016&sample=60270,,https://www.lpi.usra.edu/lunar/samples/atlas/index.cfm,no_direct_or_indirect_parsed_pdf
60310,Apollo 16,,,,https://www.lpi.usra.edu/lunar/samples/atlas/detail/?mission=Apollo%2016&sample=60310,,https://www.lpi.usra.edu/lunar/samples/atlas/index.cfm,no_direct_or_indirect_parsed_pdf
60330,Apollo 16,,,,https://www.lpi.usra.edu/lunar/samples/atlas/detail/?mission=Apollo%2016&sample=60330,,https://www.lpi.usra.edu/lunar/samples/atlas/index.cfm,no_direct_or_indirect_parsed_pdf
60511,Apollo 16,rake,,,https://www.lpi.usra.edu/lunar/samples/atlas/detail/?mission=Apollo%2016&sample=60511,,https://www.lpi.usra.edu/lunar/samples/atlas/index.cfm,no_direct_or_indirect_parsed_pdf
60512,Apollo 16,rake,,,https://www.lpi.usra.edu/lunar/samples/atlas/detail/?mission=Apollo%2016&sample=60512,,https://www.lpi.usra.edu/lunar/samples/atlas/index.cfm,no_direct_or_indirect_parsed_pdf
60513,Apollo 16,rake,,,https://www.lpi.usra.edu/lunar/samples/atlas/detail/?mission=Apollo%2016&sample=60513,,https://www.lpi.usra.edu/lunar/samples/atlas/index.cfm,no_direct_or_indirect_parsed_pdf
60514,Apollo 16,rake,,,https://www.lpi.usra.edu/lunar/samples/atlas/detail/?mission=Apollo%2016&sample=60514,,https://www.lpi.usra.edu/lunar/samples/atlas/index.cfm,no_direct_or_indirect_parsed_pdf
60520,Apollo 16,rake,,,https://www.lpi.usra.edu/lunar/samples/atlas/detail/?mission=Apollo%2016&sample=60520,,https://www.lpi.usra.edu/lunar/samples/atlas/index.cfm,no_direct_or_indirect_parsed_pdf
60521,Apollo 16,rake,,,https://www.lpi.usra.edu/lunar/samples/atlas/detail/?mission=Apollo%2016&sample=60521,,https://www.lpi.usra.edu/lunar/samples/atlas/index.cfm,no_direct_or_indirect_parsed_pdf
60522,Apollo 16,rake,,,https://www.lpi.usra.edu/lunar/samples/atlas/detail/?mission=Apollo%2016&sample=60522,,https://www.lpi.usra.edu/lunar/samples/atlas/index.cfm,no_direct_or_indirect_parsed_pdf
60523,Apollo 16,rake,,,https://www.lpi.usra.edu/lunar/samples/atlas/detail/?mission=Apollo%2016&sample=60523,,https://www.lpi.usra.edu/lunar/samples/atlas/index.cfm,no_direct_or_indirect_parsed_pdf
60524,Apollo 16,rake,,,https://www.lpi.usra.edu/lunar/samples/atlas/detail/?mission=Apollo%2016&sample=60524,,https://www.lpi.usra.edu/lunar/samples/atlas/index.cfm,no_direct_or_indirect_parsed_pdf
60530,Apollo 16,rake,,,https://www.lpi.usra.edu/lunar/samples/atlas/detail/?mission=Apollo%2016&sample=60530,,https://www.lpi.usra.edu/lunar/samples/atlas/index.cfm,no_direct_or_indirect_parsed_pdf
60531,Apollo 16,rake,,,https://www.lpi.usra.edu/lunar/samples/atlas/detail/?mission=Apollo%2016&sample=60531,,https://www.lpi.usra.edu/lunar/samples/atlas/index.cfm,no_direct_or_indirect_parsed_pdf
60532,Apollo 16,rake,,,https://www.lpi.usra.edu/lunar/samples/atlas/detail/?mission=Apollo%2016&sample=60532,,https://www.lpi.usra.edu/lunar/samples/atlas/index.cfm,no_direct_or_indirect_parsed_pdf
60533,Apollo 16,rake,,,https://www.lpi.usra.edu/lunar/samples/atlas/detail/?mission=Apollo%2016&sample=60533,,https://www.lpi.usra.edu/lunar/samples/atlas/index.cfm,no_direct_or_indirect_parsed_pdf
60534,Apollo 16,rake,,,https://www.lpi.usra.edu/lunar/samples/atlas/detail/?mission=Apollo%2016&sample=60534,,https://www.lpi.usra.edu/lunar/samples/atlas/index.cfm,no_direct_or_indirect_parsed_pdf
60611,Apollo 16,rake,,,https://www.lpi.usra.edu/lunar/samples/atlas/detail/?mission=Apollo%2016&sample=60611,,https://www.lpi.usra.edu/lunar/samples/atlas/index.cfm,no_direct_or_indirect_parsed_pdf
60612,Apollo 16,rake,,,https://www.lpi.usra.edu/lunar/samples/atlas/detail/?mission=Apollo%2016&sample=60612,,https://www.lpi.usra.edu/lunar/samples/atlas/index.cfm,no_direct_or_indirect_parsed_pdf
60613,Apollo 16,rake,,,https://www.lpi.usra.edu/lunar/samples/atlas/detail/?mission=Apollo%2016&sample=60613,,https://www.lpi.usra.edu/lunar/samples/atlas/index.cfm,no_direct_or_indirect_parsed_pdf
60614,Apollo 16,rake,,,https://www.lpi.usra.edu/lunar/samples/atlas/detail/?mission=Apollo%2016&sample=60614,,https://www.lpi.usra.edu/lunar/samples/atlas/index.cfm,no_direct_or_indirect_parsed_pdf
60622,Apollo 16,rake,,,https://www.lpi.usra.edu/lunar/samples/atlas/detail/?mission=Apollo%2016&sample=60622,,https://www.lpi.usra.edu/lunar/samples/atlas/index.cfm,no_direct_or_indirect_parsed_pdf
60623,Apollo 16,rake,,,https://www.lpi.usra.edu/lunar/samples/atlas/detail/?mission=Apollo%2016&sample=60623,,https://www.lpi.usra.edu/lunar/samples/atlas/index.cfm,no_direct_or_indirect_parsed_pdf
60630,Apollo 16,rake,,,https://www.lpi.usra.edu/lunar/samples/atlas/detail/?mission=Apollo%2016&sample=60630,,https://www.lpi.usra.edu/lunar/samples/atlas/index.cfm,no_direct_or_indirect_parsed_pdf
60631,Apollo 16,rake,,,https://www.lpi.usra.edu/lunar/samples/atlas/detail/?mission=Apollo%2016&sample=60631,,https://www.lpi.usra.edu/lunar/samples/atlas/index.cfm,no_direct_or_indirect_parsed_pdf
60632,Apollo 16,rake,,,https://www.lpi.usra.edu/lunar/samples/atlas/detail/?mission=Apollo%2016&sample=60632,,https://www.lpi.usra.edu/lunar/samples/atlas/index.cfm,no_direct_or_indirect_parsed_pdf
60633,Apollo 16,rake,,,https://www.lpi.usra.edu/lunar/samples/atlas/detail/?mission=Apollo%2016&sample=60633,,https://www.lpi.usra.edu/lunar/samples/atlas/index.cfm,no_direct_or_indirect_parsed_pdf
60634,Apollo 16,rake,,,https://www.lpi.usra.edu/lunar/samples/atlas/detail/?mission=Apollo%2016&sample=60634,,https://www.lpi.usra.edu/lunar/samples/atlas/index.cfm,no_direct_or_indirect_parsed_pdf
60640,Apollo 16,rake,,,https://www.lpi.usra.edu/lunar/samples/atlas/detail/?mission=Apollo%2016&sample=60640,,https://www.lpi.usra.edu/lunar/samples/atlas/index.cfm,no_direct_or_indirect_parsed_pdf
60641,Apollo 16,rake,,,https://www.lpi.usra.edu/lunar/samples/atlas/detail/?mission=Apollo%2016&sample=60641,,https://www.lpi.usra.edu/lunar/samples/atlas/index.cfm,no_direct_or_indirect_parsed_pdf
60643,Apollo 16,rake,,,https://www.lpi.usra.edu/lunar/samples/atlas/detail/?mission=Apollo%2016&sample=60643,,https://www.lpi.usra.edu/lunar/samples/atlas/index.cfm,no_direct_or_indirect_parsed_pdf
60644,Apollo 16,rake,,,https://www.lpi.usra.edu/lunar/samples/atlas/detail/?mission=Apollo%2016&sample=60644,,https://www.lpi.usra.edu/lunar/samples/atlas/index.cfm,no_direct_or_indirect_parsed_pdf
60650,Apollo 16,rake,,,https://www.lpi.usra.edu/lunar/samples/atlas/detail/?mission=Apollo%2016&sample=60650,,https://www.lpi.usra.edu/lunar/samples/atlas/index.cfm,no_direct_or_indirect_parsed_pdf
60651,Apollo 16,rake,,,https://www.lpi.usra.edu/lunar/samples/atlas/detail/?mission=Apollo%2016&sample=60651,,https://www.lpi.usra.edu/lunar/samples/atlas/index.cfm,no_direct_or_indirect_parsed_pdf
60652,Apollo 16,rake,,,https://www.lpi.usra.edu/lunar/samples/atlas/detail/?mission=Apollo%2016&sample=60652,,https://www.lpi.usra.edu/lunar/samples/atlas/index.cfm,no_direct_or_indirect_parsed_pdf
60653,Apollo 16,rake,,,https://www.lpi.usra.edu/lunar/samples/atlas/detail/?mission=Apollo%2016&sample=60653,,https://www.lpi.usra.edu/lunar/samples/atlas/index.cfm,no_direct_or_indirect_parsed_pdf
60654,Apollo 16,rake,,,https://www.lpi.usra.edu/lunar/samples/atlas/detail/?mission=Apollo%2016&sample=60654,,https://www.lpi.usra.edu/lunar/samples/atlas/index.cfm,no_direct_or_indirect_parsed_pdf
60660,Apollo 16,rake,,,https://www.lpi.usra.edu/lunar/samples/atlas/detail/?mission=Apollo%2016&sample=60660,,https://www.lpi.usra.edu/lunar/samples/atlas/index.cfm,no_direct_or_indirect_parsed_pdf
60661,Apollo 16,rake,,,https://www.lpi.usra.edu/lunar/samples/atlas/detail/?mission=Apollo%2016&sample=60661,,https://www.lpi.usra.edu/lunar/samples/atlas/index.cfm,no_direct_or_indirect_parsed_pdf
60662,Apollo 16,rake,,,https://www.lpi.usra.edu/lunar/samples/atlas/detail/?mission=Apollo%2016&sample=60662,,https://www.lpi.usra.edu/lunar/samples/atlas/index.cfm,no_direct_or_indirect_parsed_pdf
60663,Apollo 16,rake,,,https://www.lpi.usra.edu/lunar/samples/atlas/detail/?mission=Apollo%2016&sample=60663,,https://www.lpi.usra.edu/lunar/samples/atlas/index.cfm,no_direct_or_indirect_parsed_pdf
60664,Apollo 16,rake,,,https://www.lpi.usra.edu/lunar/samples/atlas/detail/?mission=Apollo%2016&sample=60664,,https://www.lpi.usra.edu/lunar/samples/atlas/index.cfm,no_direct_or_indirect_parsed_pdf
60670,Apollo 16,rake,,,https://www.lpi.usra.edu/lunar/samples/atlas/detail/?mission=Apollo%2016&sample=60670,,https://www.lpi.usra.edu/lunar/samples/atlas/index.cfm,no_direct_or_indirect_parsed_pdf
60671,Apollo 16,rake,,,https://www.lpi.usra.edu/lunar/samples/atlas/detail/?mission=Apollo%2016&sample=60671,,https://www.lpi.usra.edu/lunar/samples/atlas/index.cfm,no_direct_or_indirect_parsed_pdf
60672,Apollo 16,rake,,,https://www.lpi.usra.edu/lunar/samples/atlas/detail/?mission=Apollo%2016&sample=60672,,https://www.lpi.usra.edu/lunar/samples/atlas/index.cfm,no_direct_or_indirect_parsed_pdf
60673,Apollo 16,rake,,,https://www.lpi.usra.edu/lunar/samples/atlas/detail/?mission=Apollo%2016&sample=60673,,https://www.lpi.usra.edu/lunar/samples/atlas/index.cfm,no_direct_or_indirect_parsed_pdf
60674,Apollo 16,rake,,,https://www.lpi.usra.edu/lunar/samples/atlas/detail/?mission=Apollo%2016&sample=60674,,https://www.lpi.usra.edu/lunar/samples/atlas/index.cfm,no_direct_or_indirect_parsed_pdf
61130,Apollo 16,,,,https://www.lpi.usra.edu/lunar/samples/atlas/detail/?mission=Apollo%2016&sample=61130,,https://www.lpi.usra.edu/lunar/samples/atlas/index.cfm,no_direct_or_indirect_parsed_pdf
61150,Apollo 16,,,,https://www.lpi.usra.edu/lunar/samples/atlas/detail/?mission=Apollo%2016&sample=61150,,https://www.lpi.usra.edu/lunar/samples/atlas/index.cfm,no_direct_or_indirect_parsed_pdf
61170,Apollo 16,,,,https://www.lpi.usra.edu/lunar/samples/atlas/detail/?mission=Apollo%2016&sample=61170,,https://www.lpi.usra.edu/lunar/samples/atlas/index.cfm,no_direct_or_indirect_parsed_pdf
61190,Apollo 16,,,,https://www.lpi.usra.edu/lunar/samples/atlas/detail/?mission=Apollo%2016&sample=61190,,https://www.lpi.usra.edu/lunar/samples/atlas/index.cfm,no_direct_or_indirect_parsed_pdf
61290,Apollo 16,,,,https://www.lpi.usra.edu/lunar/samples/atlas/detail/?mission=Apollo%2016&sample=61290,,https://www.lpi.usra.edu/lunar/samples/atlas/index.cfm,no_direct_or_indirect_parsed_pdf
62250,Apollo 16,,,,https://www.lpi.usra.edu/lunar/samples/atlas/detail/?mission=Apollo%2016&sample=62250,,https://www.lpi.usra.edu/lunar/samples/atlas/index.cfm,no_direct_or_indirect_parsed_pdf
62270,Apollo 16,,,,https://www.lpi.usra.edu/lunar/samples/atlas/detail/?mission=Apollo%2016&sample=62270,,https://www.lpi.usra.edu/lunar/samples/atlas/index.cfm,no_direct_or_indirect_parsed_pdf
62305,Apollo 16,,,,https://www.lpi.usra.edu/lunar/samples/atlas/detail/?mission=Apollo%2016&sample=62305,,https://www.lpi.usra.edu/lunar/samples/atlas/index.cfm,no_direct_or_indirect_parsed_pdf
62566,Apollo 16,rake,,,https://www.lpi.usra.edu/lunar/samples/atlas/detail/?mission=Apollo%2016&sample=62566,,https://www.lpi.usra.edu/lunar/samples/atlas/index.cfm,no_direct_or_indirect_parsed_pdf
62567,Apollo 16,rake,,,https://www.lpi.usra.edu/lunar/samples/atlas/detail/?mission=Apollo%2016&sample=62567,,https://www.lpi.usra.edu/lunar/samples/atlas/index.cfm,no_direct_or_indirect_parsed_pdf
63235,Apollo 16,,,,https://www.lpi.usra.edu/lunar/samples/atlas/detail/?mission=Apollo%2016&sample=63235,,https://www.lpi.usra.edu/lunar/samples/atlas/index.cfm,no_direct_or_indirect_parsed_pdf
63521,Apollo 16,rake,,,https://www.lpi.usra.edu/lunar/samples/atlas/detail/?mission=Apollo%2016&sample=63521,,https://www.lpi.usra.edu/lunar/samples/atlas/index.cfm,no_direct_or_indirect_parsed_pdf
63522,Apollo 16,rake,,,https://www.lpi.usra.edu/lunar/samples/atlas/detail/?mission=Apollo%2016&sample=63522,,https://www.lpi.usra.edu/lunar/samples/atlas/index.cfm,no_direct_or_indirect_parsed_pdf
63523,Apollo 16,rake,,,https://www.lpi.usra.edu/lunar/samples/atlas/detail/?mission=Apollo%2016&sample=63523,,https://www.lpi.usra.edu/lunar/samples/atlas/index.cfm,no_direct_or_indirect_parsed_pdf
63524,Apollo 16,rake,,,https://www.lpi.usra.edu/lunar/samples/atlas/detail/?mission=Apollo%2016&sample=63524,,https://www.lpi.usra.edu/lunar/samples/atlas/index.cfm,no_direct_or_indirect_parsed_pdf
63530,Apollo 16,rake,,,https://www.lpi.usra.edu/lunar/samples/atlas/detail/?mission=Apollo%2016&sample=63530,,https://www.lpi.usra.edu/lunar/samples/atlas/index.cfm,no_direct_or_indirect_parsed_pdf
63531,Apollo 16,rake,,,https://www.lpi.usra.edu/lunar/samples/atlas/detail/?mission=Apollo%2016&sample=63531,,https://www.lpi.usra.edu/lunar/samples/atlas/index.cfm,no_direct_or_indirect_parsed_pdf
63532,Apollo 16,rake,,,https://www.lpi.usra.edu/lunar/samples/atlas/detail/?mission=Apollo%2016&sample=63532,,https://www.lpi.usra.edu/lunar/samples/atlas/index.cfm,no_direct_or_indirect_parsed_pdf
63533,Apollo 16,rake,,,https://www.lpi.usra.edu/lunar/samples/atlas/detail/?mission=Apollo%2016&sample=63533,,https://www.lpi.usra.edu/lunar/samples/atlas/index.cfm,no_direct_or_indirect_parsed_pdf
63534,Apollo 16,rake,,,https://www.lpi.usra.edu/lunar/samples/atlas/detail/?mission=Apollo%2016&sample=63534,,https://www.lpi.usra.edu/lunar/samples/atlas/index.cfm,no_direct_or_indirect_parsed_pdf
63540,Apollo 16,rake,,,https://www.lpi.usra.edu/lunar/samples/atlas/detail/?mission=Apollo%2016&sample=63540,,https://www.lpi.usra.edu/lunar/samples/atlas/index.cfm,no_direct_or_indirect_parsed_pdf
63541,Apollo 16,rake,,,https://www.lpi.usra.edu/lunar/samples/atlas/detail/?mission=Apollo%2016&sample=63541,,https://www.lpi.usra.edu/lunar/samples/atlas/index.cfm,no_direct_or_indirect_parsed_pdf
63542,Apollo 16,rake,,,https://www.lpi.usra.edu/lunar/samples/atlas/detail/?mission=Apollo%2016&sample=63542,,https://www.lpi.usra.edu/lunar/samples/atlas/index.cfm,no_direct_or_indirect_parsed_pdf
63543,Apollo 16,rake,,,https://www.lpi.usra.edu/lunar/samples/atlas/detail/?mission=Apollo%2016&sample=63543,,https://www.lpi.usra.edu/lunar/samples/atlas/index.cfm,no_direct_or_indirect_parsed_pdf
63544,Apollo 16,rake,,,https://www.lpi.usra.edu/lunar/samples/atlas/detail/?mission=Apollo%2016&sample=63544,,https://www.lpi.usra.edu/lunar/samples/atlas/index.cfm,no_direct_or_indirect_parsed_pdf
63550,Apollo 16,rake,,,https://www.lpi.usra.edu/lunar/samples/atlas/detail/?mission=Apollo%2016&sample=63550,,https://www.lpi.usra.edu/lunar/samples/atlas/index.cfm,no_direct_or_indirect_parsed_pdf
63551,Apollo 16,rake,,,https://www.lpi.usra.edu/lunar/samples/atlas/detail/?mission=Apollo%2016&sample=63551,,https://www.lpi.usra.edu/lunar/samples/atlas/index.cfm,no_direct_or_indirect_parsed_pdf
63552,Apollo 16,rake,,,https://www.lpi.usra.edu/lunar/samples/atlas/detail/?mission=Apollo%2016&sample=63552,,https://www.lpi.usra.edu/lunar/samples/atlas/index.cfm,no_direct_or_indirect_parsed_pdf
63553,Apollo 16,rake,,,https://www.lpi.usra.edu/lunar/samples/atlas/detail/?mission=Apollo%2016&sample=63553,,https://www.lpi.usra.edu/lunar/samples/atlas/index.cfm,no_direct_or_indirect_parsed_pdf
63554,Apollo 16,rake,,,https://www.lpi.usra.edu/lunar/samples/atlas/detail/?mission=Apollo%2016&sample=63554,,https://www.lpi.usra.edu/lunar/samples/atlas/index.cfm,no_direct_or_indirect_parsed_pdf
63560,Apollo 16,rake,,,https://www.lpi.usra.edu/lunar/samples/atlas/detail/?mission=Apollo%2016&sample=63560,,https://www.lpi.usra.edu/lunar/samples/atlas/index.cfm,no_direct_or_indirect_parsed_pdf
63561,Apollo 16,rake,,,https://www.lpi.usra.edu/lunar/samples/atlas/detail/?mission=Apollo%2016&sample=63561,,https://www.lpi.usra.edu/lunar/samples/atlas/index.cfm,no_direct_or_indirect_parsed_pdf
63562,Apollo 16,rake,,,https://www.lpi.usra.edu/lunar/samples/atlas/detail/?mission=Apollo%2016&sample=63562,,https://www.lpi.usra.edu/lunar/samples/atlas/index.cfm,no_direct_or_indirect_parsed_pdf
63563,Apollo 16,rake,,,https://www.lpi.usra.edu/lunar/samples/atlas/detail/?mission=Apollo%2016&sample=63563,,https://www.lpi.usra.edu/lunar/samples/atlas/index.cfm,no_direct_or_indirect_parsed_pdf
63564,Apollo 16,rake,,,https://www.lpi.usra.edu/lunar/samples/atlas/detail/?mission=Apollo%2016&sample=63564,,https://www.lpi.usra.edu/lunar/samples/atlas/index.cfm,no_direct_or_indirect_parsed_pdf
63570,Apollo 16,rake,,,https://www.lpi.usra.edu/lunar/samples/atlas/detail/?mission=Apollo%2016&sample=63570,,https://www.lpi.usra.edu/lunar/samples/atlas/index.cfm,no_direct_or_indirect_parsed_pdf
63571,Apollo 16,rake,,,https://www.lpi.usra.edu/lunar/samples/atlas/detail/?mission=Apollo%2016&sample=63571,,https://www.lpi.usra.edu/lunar/samples/atlas/index.cfm,no_direct_or_indirect_parsed_pdf
63572,Apollo 16,rake,,,https://www.lpi.usra.edu/lunar/samples/atlas/detail/?mission=Apollo%2016&sample=63572,,https://www.lpi.usra.edu/lunar/samples/atlas/index.cfm,no_direct_or_indirect_parsed_pdf
63573,Apollo 16,rake,,,https://www.lpi.usra.edu/lunar/samples/atlas/detail/?mission=Apollo%2016&sample=63573,,https://www.lpi.usra.edu/lunar/samples/atlas/index.cfm,no_direct_or_indirect_parsed_pdf
63574,Apollo 16,rake,,,https://www.lpi.usra.edu/lunar/samples/atlas/detail/?mission=Apollo%2016&sample=63574,,https://www.lpi.usra.edu/lunar/samples/atlas/index.cfm,no_direct_or_indirect_parsed_pdf
63580,Apollo 16,rake,,,https://www.lpi.usra.edu/lunar/samples/atlas/detail/?mission=Apollo%2016&sample=63580,,https://www.lpi.usra.edu/lunar/samples/atlas/index.cfm,no_direct_or_indirect_parsed_pdf
63581,Apollo 16,rake,,,https://www.lpi.usra.edu/lunar/samples/atlas/detail/?mission=Apollo%2016&sample=63581,,https://www.lpi.usra.edu/lunar/samples/atlas/index.cfm,no_direct_or_indirect_parsed_pdf
63582,Apollo 16,rake,,,https://www.lpi.usra.edu/lunar/samples/atlas/detail/?mission=Apollo%2016&sample=63582,,https://www.lpi.usra.edu/lunar/samples/atlas/index.cfm,no_direct_or_indirect_parsed_pdf
63583,Apollo 16,rake,,,https://www.lpi.usra.edu/lunar/samples/atlas/detail/?mission=Apollo%2016&sample=63583,,https://www.lpi.usra.edu/lunar/samples/atlas/index.cfm,no_direct_or_indirect_parsed_pdf
63584,Apollo 16,rake,,,https://www.lpi.usra.edu/lunar/samples/atlas/detail/?mission=Apollo%2016&sample=63584,,https://www.lpi.usra.edu/lunar/samples/atlas/index.cfm,no_direct_or_indirect_parsed_pdf
63590,Apollo 16,rake,,,https://www.lpi.usra.edu/lunar/samples/atlas/detail/?mission=Apollo%2016&sample=63590,,https://www.lpi.usra.edu/lunar/samples/atlas/index.cfm,no_direct_or_indirect_parsed_pdf
63591,Apollo 16,rake,,,https://www.lpi.usra.edu/lunar/samples/atlas/detail/?mission=Apollo%2016&sample=63591,,https://www.lpi.usra.edu/lunar/samples/atlas/index.cfm,no_direct_or_indirect_parsed_pdf
63592,Apollo 16,rake,,,https://www.lpi.usra.edu/lunar/samples/atlas/detail/?mission=Apollo%2016&sample=63592,,https://www.lpi.usra.edu/lunar/samples/atlas/index.cfm,no_direct_or_indirect_parsed_pdf
63593,Apollo 16,rake,,,https://www.lpi.usra.edu/lunar/samples/atlas/detail/?mission=Apollo%2016&sample=63593,,https://www.lpi.usra.edu/lunar/samples/atlas/index.cfm,no_direct_or_indirect_parsed_pdf
63594,Apollo 16,rake,,,https://www.lpi.usra.edu/lunar/samples/atlas/detail/?mission=Apollo%2016&sample=63594,,https://www.lpi.usra.edu/lunar/samples/atlas/index.cfm,no_direct_or_indirect_parsed_pdf
64430,Apollo 16,,,,https://www.lpi.usra.edu/lunar/samples/atlas/detail/?mission=Apollo%2016&sample=64430,,https://www.lpi.usra.edu/lunar/samples/atlas/index.cfm,no_direct_or_indirect_parsed_pdf
64450,Apollo 16,,,,https://www.lpi.usra.edu/lunar/samples/atlas/detail/?mission=Apollo%2016&sample=64450,,https://www.lpi.usra.edu/lunar/samples/atlas/index.cfm,no_direct_or_indirect_parsed_pdf
64470,Apollo 16,,,,https://www.lpi.usra.edu/lunar/samples/atlas/detail/?mission=Apollo%2016&sample=64470,,https://www.lpi.usra.edu/lunar/samples/atlas/index.cfm,no_direct_or_indirect_parsed_pdf
64510,Apollo 16,rake,,,https://www.lpi.usra.edu/lunar/samples/atlas/detail/?mission=Apollo%2016&sample=64510,,https://www.lpi.usra.edu/lunar/samples/atlas/index.cfm,no_direct_or_indirect_parsed_pdf
64511,Apollo 16,rake,,,https://www.lpi.usra.edu/lunar/samples/atlas/detail/?mission=Apollo%2016&sample=64511,,https://www.lpi.usra.edu/lunar/samples/atlas/index.cfm,no_direct_or_indirect_parsed_pdf
64512,Apollo 16,rake,,,https://www.lpi.usra.edu/lunar/samples/atlas/detail/?mission=Apollo%2016&sample=64512,,https://www.lpi.usra.edu/lunar/samples/atlas/index.cfm,no_direct_or_indirect_parsed_pdf
64513,Apollo 16,rake,,,https://www.lpi.usra.edu/lunar/samples/atlas/detail/?mission=Apollo%2016&sample=64513,,https://www.lpi.usra.edu/lunar/samples/atlas/index.cfm,no_direct_or_indirect_parsed_pdf
64514,Apollo 16,rake,,,https://www.lpi.usra.edu/lunar/samples/atlas/detail/?mission=Apollo%2016&sample=64514,,https://www.lpi.usra.edu/lunar/samples/atlas/index.cfm,no_direct_or_indirect_parsed_pdf
64520,Apollo 16,rake,,,https://www.lpi.usra.edu/lunar/samples/atlas/detail/?mission=Apollo%2016&sample=64520,,https://www.lpi.usra.edu/lunar/samples/atlas/index.cfm,no_direct_or_indirect_parsed_pdf
64521,Apollo 16,rake,,,https://www.lpi.usra.edu/lunar/samples/atlas/detail/?mission=Apollo%2016&sample=64521,,https://www.lpi.usra.edu/lunar/samples/atlas/index.cfm,no_direct_or_indirect_parsed_pdf
64522,Apollo 16,rake,,,https://www.lpi.usra.edu/lunar/samples/atlas/detail/?mission=Apollo%2016&sample=64522,,https://www.lpi.usra.edu/lunar/samples/atlas/index.cfm,no_direct_or_indirect_parsed_pdf
64523,Apollo 16,rake,,,https://www.lpi.usra.edu/lunar/samples/atlas/detail/?mission=Apollo%2016&sample=64523,,https://www.lpi.usra.edu/lunar/samples/atlas/index.cfm,no_direct_or_indirect_parsed_pdf
64531,Apollo 16,rake,,,https://www.lpi.usra.edu/lunar/samples/atlas/detail/?mission=Apollo%2016&sample=64531,,https://www.lpi.usra.edu/lunar/samples/atlas/index.cfm,no_direct_or_indirect_parsed_pdf
64532,Apollo 16,rake,,,https://www.lpi.usra.edu/lunar/samples/atlas/detail/?mission=Apollo%2016&sample=64532,,https://www.lpi.usra.edu/lunar/samples/atlas/index.cfm,no_direct_or_indirect_parsed_pdf
64533,Apollo 16,rake,,,https://www.lpi.usra.edu/lunar/samples/atlas/detail/?mission=Apollo%2016&sample=64533,,https://www.lpi.usra.edu/lunar/samples/atlas/index.cfm,no_direct_or_indirect_parsed_pdf
64534,Apollo 16,rake,,,https://www.lpi.usra.edu/lunar/samples/atlas/detail/?mission=Apollo%2016&sample=64534,,https://www.lpi.usra.edu/lunar/samples/atlas/index.cfm,no_direct_or_indirect_parsed_pdf
64540,Apollo 16,rake,,,https://www.lpi.usra.edu/lunar/samples/atlas/detail/?mission=Apollo%2016&sample=64540,,https://www.lpi.usra.edu/lunar/samples/atlas/index.cfm,no_direct_or_indirect_parsed_pdf
64541,Apollo 16,rake,,,https://www.lpi.usra.edu/lunar/samples/atlas/detail/?mission=Apollo%2016&sample=64541,,https://www.lpi.usra.edu/lunar/samples/atlas/index.cfm,no_direct_or_indirect_parsed_pdf
64542,Apollo 16,rake,,,https://www.lpi.usra.edu/lunar/samples/atlas/detail/?mission=Apollo%2016&sample=64542,,https://www.lpi.usra.edu/lunar/samples/atlas/index.cfm,no_direct_or_indirect_parsed_pdf
64543,Apollo 16,rake,,,https://www.lpi.usra.edu/lunar/samples/atlas/detail/?mission=Apollo%2016&sample=64543,,https://www.lpi.usra.edu/lunar/samples/atlas/index.cfm,no_direct_or_indirect_parsed_pdf
64544,Apollo 16,rake,,,https://www.lpi.usra.edu/lunar/samples/atlas/detail/?mission=Apollo%2016&sample=64544,,https://www.lpi.usra.edu/lunar/samples/atlas/index.cfm,no_direct_or_indirect_parsed_pdf
64550,Apollo 16,rake,,,https://www.lpi.usra.edu/lunar/samples/atlas/detail/?mission=Apollo%2016&sample=64550,,https://www.lpi.usra.edu/lunar/samples/atlas/index.cfm,no_direct_or_indirect_parsed_pdf
64551,Apollo 16,rake,,,https://www.lpi.usra.edu/lunar/samples/atlas/detail/?mission=Apollo%2016&sample=64551,,https://www.lpi.usra.edu/lunar/samples/atlas/index.cfm,no_direct_or_indirect_parsed_pdf
64552,Apollo 16,rake,,,https://www.lpi.usra.edu/lunar/samples/atlas/detail/?mission=Apollo%2016&sample=64552,,https://www.lpi.usra.edu/lunar/samples/atlas/index.cfm,no_direct_or_indirect_parsed_pdf
64553,Apollo 16,rake,,,https://www.lpi.usra.edu/lunar/samples/atlas/detail/?mission=Apollo%2016&sample=64553,,https://www.lpi.usra.edu/lunar/samples/atlas/index.cfm,no_direct_or_indirect_parsed_pdf
64554,Apollo 16,rake,,,https://www.lpi.usra.edu/lunar/samples/atlas/detail/?mission=Apollo%2016&sample=64554,,https://www.lpi.usra.edu/lunar/samples/atlas/index.cfm,no_direct_or_indirect_parsed_pdf
64560,Apollo 16,rake,,,https://www.lpi.usra.edu/lunar/samples/atlas/detail/?mission=Apollo%2016&sample=64560,,https://www.lpi.usra.edu/lunar/samples/atlas/index.cfm,no_direct_or_indirect_parsed_pdf
64561,Apollo 16,rake,,,https://www.lpi.usra.edu/lunar/samples/atlas/detail/?mission=Apollo%2016&sample=64561,,https://www.lpi.usra.edu/lunar/samples/atlas/index.cfm,no_direct_or_indirect_parsed_pdf
64562,Apollo 16,rake,,,https://www.lpi.usra.edu/lunar/samples/atlas/detail/?mission=Apollo%2016&sample=64562,,https://www.lpi.usra.edu/lunar/samples/atlas/index.cfm,no_direct_or_indirect_parsed_pdf
64563,Apollo 16,rake,,,https://www.lpi.usra.edu/lunar/samples/atlas/detail/?mission=Apollo%2016&sample=64563,,https://www.lpi.usra.edu/lunar/samples/atlas/index.cfm,no_direct_or_indirect_parsed_pdf
64564,Apollo 16,rake,,,https://www.lpi.usra.edu/lunar/samples/atlas/detail/?mission=Apollo%2016&sample=64564,,https://www.lpi.usra.edu/lunar/samples/atlas/index.cfm,no_direct_or_indirect_parsed_pdf
64570,Apollo 16,rake,,,https://www.lpi.usra.edu/lunar/samples/atlas/detail/?mission=Apollo%2016&sample=64570,,https://www.lpi.usra.edu/lunar/samples/atlas/index.cfm,no_direct_or_indirect_parsed_pdf
64571,Apollo 16,rake,,,https://www.lpi.usra.edu/lunar/samples/atlas/detail/?mission=Apollo%2016&sample=64571,,https://www.lpi.usra.edu/lunar/samples/atlas/index.cfm,no_direct_or_indirect_parsed_pdf
64572,Apollo 16,rake,,,https://www.lpi.usra.edu/lunar/samples/atlas/detail/?mission=Apollo%2016&sample=64572,,https://www.lpi.usra.edu/lunar/samples/atlas/index.cfm,no_direct_or_indirect_parsed_pdf
64573,Apollo 16,rake,,,https://www.lpi.usra.edu/lunar/samples/atlas/detail/?mission=Apollo%2016&sample=64573,,https://www.lpi.usra.edu/lunar/samples/atlas/index.cfm,no_direct_or_indirect_parsed_pdf
64574,Apollo 16,rake,,,https://www.lpi.usra.edu/lunar/samples/atlas/detail/?mission=Apollo%2016&sample=64574,,https://www.lpi.usra.edu/lunar/samples/atlas/index.cfm,no_direct_or_indirect_parsed_pdf
64580,Apollo 16,rake,,,https://www.lpi.usra.edu/lunar/samples/atlas/detail/?mission=Apollo%2016&sample=64580,,https://www.lpi.usra.edu/lunar/samples/atlas/index.cfm,no_direct_or_indirect_parsed_pdf
64581,Apollo 16,rake,,,https://www.lpi.usra.edu/lunar/samples/atlas/detail/?mission=Apollo%2016&sample=64581,,https://www.lpi.usra.edu/lunar/samples/atlas/index.cfm,no_direct_or_indirect_parsed_pdf
64582,Apollo 16,rake,,,https://www.lpi.usra.edu/lunar/samples/atlas/detail/?mission=Apollo%2016&sample=64582,,https://www.lpi.usra.edu/lunar/samples/atlas/index.cfm,no_direct_or_indirect_parsed_pdf
64583,Apollo 16,rake,,,https://www.lpi.usra.edu/lunar/samples/atlas/detail/?mission=Apollo%2016&sample=64583,,https://www.lpi.usra.edu/lunar/samples/atlas/index.cfm,no_direct_or_indirect_parsed_pdf
64584,Apollo 16,rake,,,https://www.lpi.usra.edu/lunar/samples/atlas/detail/?mission=Apollo%2016&sample=64584,,https://www.lpi.usra.edu/lunar/samples/atlas/index.cfm,no_direct_or_indirect_parsed_pdf
64820,Apollo 16,rake,,,https://www.lpi.usra.edu/lunar/samples/atlas/detail/?mission=Apollo%2016&sample=64820,,https://www.lpi.usra.edu/lunar/samples/atlas/index.cfm,no_direct_or_indirect_parsed_pdf
64821,Apollo 16,rake,,,https://www.lpi.usra.edu/lunar/samples/atlas/detail/?mission=Apollo%2016&sample=64821,,https://www.lpi.usra.edu/lunar/samples/atlas/index.cfm,no_direct_or_indirect_parsed_pdf
64822,Apollo 16,rake,,,https://www.lpi.usra.edu/lunar/samples/atlas/detail/?mission=Apollo%2016&sample=64822,,https://www.lpi.usra.edu/lunar/samples/atlas/index.cfm,no_direct_or_indirect_parsed_pdf
64823,Apollo 16,rake,,,https://www.lpi.usra.edu/lunar/samples/atlas/detail/?mission=Apollo%2016&sample=64823,,https://www.lpi.usra.edu/lunar/samples/atlas/index.cfm,no_direct_or_indirect_parsed_pdf
64824,Apollo 16,rake,,,https://www.lpi.usra.edu/lunar/samples/atlas/detail/?mission=Apollo%2016&sample=64824,,https://www.lpi.usra.edu/lunar/samples/atlas/index.cfm,no_direct_or_indirect_parsed_pdf
64830,Apollo 16,rake,,,https://www.lpi.usra.edu/lunar/samples/atlas/detail/?mission=Apollo%2016&sample=64830,,https://www.lpi.usra.edu/lunar/samples/atlas/index.cfm,no_direct_or_indirect_parsed_pdf
64831,Apollo 16,rake,,,https://www.lpi.usra.edu/lunar/samples/atlas/detail/?mission=Apollo%2016&sample=64831,,https://www.lpi.usra.edu/lunar/samples/atlas/index.cfm,no_direct_or_indirect_parsed_pdf
64832,Apollo 16,rake,,,https://www.lpi.usra.edu/lunar/samples/atlas/detail/?mission=Apollo%2016&sample=64832,,https://www.lpi.usra.edu/lunar/samples/atlas/index.cfm,no_direct_or_indirect_parsed_pdf
64833,Apollo 16,rake,,,https://www.lpi.usra.edu/lunar/samples/atlas/detail/?mission=Apollo%2016&sample=64833,,https://www.lpi.usra.edu/lunar/samples/atlas/index.cfm,no_direct_or_indirect_parsed_pdf
64834,Apollo 16,rake,,,https://www.lpi.usra.edu/lunar/samples/atlas/detail/?mission=Apollo%2016&sample=64834,,https://www.lpi.usra.edu/lunar/samples/atlas/index.cfm,no_direct_or_indirect_parsed_pdf
65030,Apollo 16,,,,https://www.lpi.usra.edu/lunar/samples/atlas/detail/?mission=Apollo%2016&sample=65030,,https://www.lpi.usra.edu/lunar/samples/atlas/index.cfm,no_direct_or_indirect_parsed_pdf
65050,Apollo 16,,,,https://www.lpi.usra.edu/lunar/samples/atlas/detail/?mission=Apollo%2016&sample=65050,,https://www.lpi.usra.edu/lunar/samples/atlas/index.cfm,no_direct_or_indirect_parsed_pdf
65070,Apollo 16,,,,https://www.lpi.usra.edu/lunar/samples/atlas/detail/?mission=Apollo%2016&sample=65070,,https://www.lpi.usra.edu/lunar/samples/atlas/index.cfm,no_direct_or_indirect_parsed_pdf
65090,Apollo 16,,,,https://www.lpi.usra.edu/lunar/samples/atlas/detail/?mission=Apollo%2016&sample=65090,,https://www.lpi.usra.edu/lunar/samples/atlas/index.cfm,no_direct_or_indirect_parsed_pdf
65310,Apollo 16,rake,,,https://www.lpi.usra.edu/lunar/samples/atlas/detail/?mission=Apollo%2016&sample=65310,,https://www.lpi.usra.edu/lunar/samples/atlas/index.cfm,no_direct_or_indirect_parsed_pdf
65328,Apollo 16,rake,,,https://www.lpi.usra.edu/lunar/samples/atlas/detail/?mission=Apollo%2016&sample=65328,,https://www.lpi.usra.edu/lunar/samples/atlas/index.cfm,no_direct_or_indirect_parsed_pdf
65329,Apollo 16,rake,,,https://www.lpi.usra.edu/lunar/samples/atlas/detail/?mission=Apollo%2016&sample=65329,,https://www.lpi.usra.edu/lunar/samples/atlas/index.cfm,no_direct_or_indirect_parsed_pdf
65335,Apollo 16,rake,,,https://www.lpi.usra.edu/lunar/samples/atlas/detail/?mission=Apollo%2016&sample=65335,,https://www.lpi.usra.edu/lunar/samples/atlas/index.cfm,no_direct_or_indirect_parsed_pdf
65336,Apollo 16,rake,,,https://www.lpi.usra.edu/lunar/samples/atlas/detail/?mission=Apollo%2016&sample=65336,,https://www.lpi.usra.edu/lunar/samples/atlas/index.cfm,no_direct_or_indirect_parsed_pdf
65337,Apollo 16,rake,,,https://www.lpi.usra.edu/lunar/samples/atlas/detail/?mission=Apollo%2016&sample=65337,,https://www.lpi.usra.edu/lunar/samples/atlas/index.cfm,no_direct_or_indirect_parsed_pdf
65338,Apollo 16,rake,,,https://www.lpi.usra.edu/lunar/samples/atlas/detail/?mission=Apollo%2016&sample=65338,,https://www.lpi.usra.edu/lunar/samples/atlas/index.cfm,no_direct_or_indirect_parsed_pdf
65339,Apollo 16,rake,,,https://www.lpi.usra.edu/lunar/samples/atlas/detail/?mission=Apollo%2016&sample=65339,,https://www.lpi.usra.edu/lunar/samples/atlas/index.cfm,no_direct_or_indirect_parsed_pdf
65345,Apollo 16,rake,,,https://www.lpi.usra.edu/lunar/samples/atlas/detail/?mission=Apollo%2016&sample=65345,,https://www.lpi.usra.edu/lunar/samples/atlas/index.cfm,no_direct_or_indirect_parsed_pdf
65346,Apollo 16,rake,,,https://www.lpi.usra.edu/lunar/samples/atlas/detail/?mission=Apollo%2016&sample=65346,,https://www.lpi.usra.edu/lunar/samples/atlas/index.cfm,no_direct_or_indirect_parsed_pdf
65347,Apollo 16,rake,,,https://www.lpi.usra.edu/lunar/samples/atlas/detail/?mission=Apollo%2016&sample=65347,,https://www.lpi.usra.edu/lunar/samples/atlas/index.cfm,no_direct_or_indirect_parsed_pdf
65348,Apollo 16,rake,,,https://www.lpi.usra.edu/lunar/samples/atlas/detail/?mission=Apollo%2016&sample=65348,,https://www.lpi.usra.edu/lunar/samples/atlas/index.cfm,no_direct_or_indirect_parsed_pdf
65349,Apollo 16,rake,,,https://www.lpi.usra.edu/lunar/samples/atlas/detail/?mission=Apollo%2016&sample=65349,,https://www.lpi.usra.edu/lunar/samples/atlas/index.cfm,no_direct_or_indirect_parsed_pdf
65355,Apollo 16,rake,,,https://www.lpi.usra.edu/lunar/samples/atlas/detail/?mission=Apollo%2016&sample=65355,,https://www.lpi.usra.edu/lunar/samples/atlas/index.cfm,no_direct_or_indirect_parsed_pdf
65356,Apollo 16,rake,,,https://www.lpi.usra.edu/lunar/samples/atlas/detail/?mission=Apollo%2016&sample=65356,,https://www.lpi.usra.edu/lunar/samples/atlas/index.cfm,no_direct_or_indirect_parsed_pdf
65359,Apollo 16,rake,,,https://www.lpi.usra.edu/lunar/samples/atlas/detail/?mission=Apollo%2016&sample=65359,,https://www.lpi.usra.edu/lunar/samples/atlas/index.cfm,no_direct_or_indirect_parsed_pdf
65365,Apollo 16,rake,,,https://www.lpi.usra.edu/lunar/samples/atlas/detail/?mission=Apollo%2016&sample=65365,,https://www.lpi.usra.edu/lunar/samples/atlas/index.cfm,no_direct_or_indirect_parsed_pdf
65520,Apollo 16,rake,,"65515 to 65574 are a collection of very friable, rounded, brown-colored soil breccias, and have never been studied.",https://www.lpi.usra.edu/lunar/samples/atlas/detail/?mission=Apollo%2016&sample=65520,,https://www.lpi.usra.edu/lunar/samples/atlas/index.cfm,no_direct_or_indirect_parsed_pdf
65521,Apollo 16,rake,,"65515 to 65574 are a collection of very friable, rounded, brown-colored soil breccias, and have never been studied.",https://www.lpi.usra.edu/lunar/samples/atlas/detail/?mission=Apollo%2016&sample=65521,,https://www.lpi.usra.edu/lunar/samples/atlas/index.cfm,no_direct_or_indirect_parsed_pdf
65522,Apollo 16,rake,,"65515 to 65574 are a collection of very friable, rounded, brown-colored soil breccias, and have never been studied.",https://www.lpi.usra.edu/lunar/samples/atlas/detail/?mission=Apollo%2016&sample=65522,,https://www.lpi.usra.edu/lunar/samples/atlas/index.cfm,no_direct_or_indirect_parsed_pdf
65523,Apollo 16,rake,,"65515 to 65574 are a collection of very friable, rounded, brown-colored soil breccias, and have never been studied.",https://www.lpi.usra.edu/lunar/samples/atlas/detail/?mission=Apollo%2016&sample=65523,,https://www.lpi.usra.edu/lunar/samples/atlas/index.cfm,no_direct_or_indirect_parsed_pdf
65524,Apollo 16,rake,,"65515 to 65574 are a collection of very friable, rounded, brown-colored soil breccias, and have never been studied.",https://www.lpi.usra.edu/lunar/samples/atlas/detail/?mission=Apollo%2016&sample=65524,,https://www.lpi.usra.edu/lunar/samples/atlas/index.cfm,no_direct_or_indirect_parsed_pdf
65530,Apollo 16,rake,,"65515 to 65574 are a collection of very friable, rounded, brown-colored soil breccias, and have never been studied.",https://www.lpi.usra.edu/lunar/samples/atlas/detail/?mission=Apollo%2016&sample=65530,,https://www.lpi.usra.edu/lunar/samples/atlas/index.cfm,no_direct_or_indirect_parsed_pdf
65531,Apollo 16,rake,,"65515 to 65574 are a collection of very friable, rounded, brown-colored soil breccias, and have never been studied.",https://www.lpi.usra.edu/lunar/samples/atlas/detail/?mission=Apollo%2016&sample=65531,,https://www.lpi.usra.edu/lunar/samples/atlas/index.cfm,no_direct_or_indirect_parsed_pdf
65532,Apollo 16,rake,,"65515 to 65574 are a collection of very friable, rounded, brown-colored soil breccias, and have never been studied.",https://www.lpi.usra.edu/lunar/samples/atlas/detail/?mission=Apollo%2016&sample=65532,,https://www.lpi.usra.edu/lunar/samples/atlas/index.cfm,no_direct_or_indirect_parsed_pdf
65533,Apollo 16,rake,,"65515 to 65574 are a collection of very friable, rounded, brown-colored soil breccias, and have never been studied.",https://www.lpi.usra.edu/lunar/samples/atlas/detail/?mission=Apollo%2016&sample=65533,,https://www.lpi.usra.edu/lunar/samples/atlas/index.cfm,no_direct_or_indirect_parsed_pdf
65534,Apollo 16,rake,,"65515 to 65574 are a collection of very friable, rounded, brown-colored soil breccias, and have never been studied.",https://www.lpi.usra.edu/lunar/samples/atlas/detail/?mission=Apollo%2016&sample=65534,,https://www.lpi.usra.edu/lunar/samples/atlas/index.cfm,no_direct_or_indirect_parsed_pdf
65540,Apollo 16,rake,,"65515 to 65574 are a collection of very friable, rounded, brown-colored soil breccias, and have never been studied.",https://www.lpi.usra.edu/lunar/samples/atlas/detail/?mission=Apollo%2016&sample=65540,,https://www.lpi.usra.edu/lunar/samples/atlas/index.cfm,no_direct_or_indirect_parsed_pdf
65541,Apollo 16,rake,,"65515 to 65574 are a collection of very friable, rounded, brown-colored soil breccias, and have never been studied.",https://www.lpi.usra.edu/lunar/samples/atlas/detail/?mission=Apollo%2016&sample=65541,,https://www.lpi.usra.edu/lunar/samples/atlas/index.cfm,no_direct_or_indirect_parsed_pdf
65542,Apollo 16,rake,,"65515 to 65574 are a collection of very friable, rounded, brown-colored soil breccias, and have never been studied.",https://www.lpi.usra.edu/lunar/samples/atlas/detail/?mission=Apollo%2016&sample=65542,,https://www.lpi.usra.edu/lunar/samples/atlas/index.cfm,no_direct_or_indirect_parsed_pdf
65543,Apollo 16,rake,,"65515 to 65574 are a collection of very friable, rounded, brown-colored soil breccias, and have never been studied.",https://www.lpi.usra.edu/lunar/samples/atlas/detail/?mission=Apollo%2016&sample=65543,,https://www.lpi.usra.edu/lunar/samples/atlas/index.cfm,no_direct_or_indirect_parsed_pdf
65544,Apollo 16,rake,,"65515 to 65574 are a collection of very friable, rounded, brown-colored soil breccias, and have never been studied.",https://www.lpi.usra.edu/lunar/samples/atlas/detail/?mission=Apollo%2016&sample=65544,,https://www.lpi.usra.edu/lunar/samples/atlas/index.cfm,no_direct_or_indirect_parsed_pdf
65550,Apollo 16,rake,,"65515 to 65574 are a collection of very friable, rounded, brown-colored soil breccias, and have never been studied.",https://www.lpi.usra.edu/lunar/samples/atlas/detail/?mission=Apollo%2016&sample=65550,,https://www.lpi.usra.edu/lunar/samples/atlas/index.cfm,no_direct_or_indirect_parsed_pdf
65551,Apollo 16,rake,,"65515 to 65574 are a collection of very friable, rounded, brown-colored soil breccias, and have never been studied.",https://www.lpi.usra.edu/lunar/samples/atlas/detail/?mission=Apollo%2016&sample=65551,,https://www.lpi.usra.edu/lunar/samples/atlas/index.cfm,no_direct_or_indirect_parsed_pdf
65552,Apollo 16,rake,,"65515 to 65574 are a collection of very friable, rounded, brown-colored soil breccias, and have never been studied.",https://www.lpi.usra.edu/lunar/samples/atlas/detail/?mission=Apollo%2016&sample=65552,,https://www.lpi.usra.edu/lunar/samples/atlas/index.cfm,no_direct_or_indirect_parsed_pdf
65553,Apollo 16,rake,,"65515 to 65574 are a collection of very friable, rounded, brown-colored soil breccias, and have never been studied.",https://www.lpi.usra.edu/lunar/samples/atlas/detail/?mission=Apollo%2016&sample=65553,,https://www.lpi.usra.edu/lunar/samples/atlas/index.cfm,no_direct_or_indirect_parsed_pdf
65554,Apollo 16,rake,,"65515 to 65574 are a collection of very friable, rounded, brown-colored soil breccias, and have never been studied.",https://www.lpi.usra.edu/lunar/samples/atlas/detail/?mission=Apollo%2016&sample=65554,,https://www.lpi.usra.edu/lunar/samples/atlas/index.cfm,no_direct_or_indirect_parsed_pdf
65560,Apollo 16,rake,,"65515 to 65574 are a collection of very friable, rounded, brown-colored soil breccias, and have never been studied.",https://www.lpi.usra.edu/lunar/samples/atlas/detail/?mission=Apollo%2016&sample=65560,,https://www.lpi.usra.edu/lunar/samples/atlas/index.cfm,no_direct_or_indirect_parsed_pdf
65561,Apollo 16,rake,,"65515 to 65574 are a collection of very friable, rounded, brown-colored soil breccias, and have never been studied.",https://www.lpi.usra.edu/lunar/samples/atlas/detail/?mission=Apollo%2016&sample=65561,,https://www.lpi.usra.edu/lunar/samples/atlas/index.cfm,no_direct_or_indirect_parsed_pdf
65562,Apollo 16,rake,,"65515 to 65574 are a collection of very friable, rounded, brown-colored soil breccias, and have never been studied.",https://www.lpi.usra.edu/lunar/samples/atlas/detail/?mission=Apollo%2016&sample=65562,,https://www.lpi.usra.edu/lunar/samples/atlas/index.cfm,no_direct_or_indirect_parsed_pdf
65563,Apollo 16,rake,,"65515 to 65574 are a collection of very friable, rounded, brown-colored soil breccias, and have never been studied.",https://www.lpi.usra.edu/lunar/samples/atlas/detail/?mission=Apollo%2016&sample=65563,,https://www.lpi.usra.edu/lunar/samples/atlas/index.cfm,no_direct_or_indirect_parsed_pdf
65564,Apollo 16,rake,,"65515 to 65574 are a collection of very friable, rounded, brown-colored soil breccias, and have never been studied.",https://www.lpi.usra.edu/lunar/samples/atlas/detail/?mission=Apollo%2016&sample=65564,,https://www.lpi.usra.edu/lunar/samples/atlas/index.cfm,no_direct_or_indirect_parsed_pdf
65570,Apollo 16,rake,,"65515 to 65574 are a collection of very friable, rounded, brown-colored soil breccias, and have never been studied.",https://www.lpi.usra.edu/lunar/samples/atlas/detail/?mission=Apollo%2016&sample=65570,,https://www.lpi.usra.edu/lunar/samples/atlas/index.cfm,no_direct_or_indirect_parsed_pdf
65571,Apollo 16,rake,,"65515 to 65574 are a collection of very friable, rounded, brown-colored soil breccias, and have never been studied.",https://www.lpi.usra.edu/lunar/samples/atlas/detail/?mission=Apollo%2016&sample=65571,,https://www.lpi.usra.edu/lunar/samples/atlas/index.cfm,no_direct_or_indirect_parsed_pdf
65572,Apollo 16,rake,,"65515 to 65574 are a collection of very friable, rounded, brown-colored soil breccias, and have never been studied.",https://www.lpi.usra.edu/lunar/samples/atlas/detail/?mission=Apollo%2016&sample=65572,,https://www.lpi.usra.edu/lunar/samples/atlas/index.cfm,no_direct_or_indirect_parsed_pdf
65573,Apollo 16,rake,,"65515 to 65574 are a collection of very friable, rounded, brown-colored soil breccias, and have never been studied.",https://www.lpi.usra.edu/lunar/samples/atlas/detail/?mission=Apollo%2016&sample=65573,,https://www.lpi.usra.edu/lunar/samples/atlas/index.cfm,no_direct_or_indirect_parsed_pdf
65580,Apollo 16,rake,,,https://www.lpi.usra.edu/lunar/samples/atlas/detail/?mission=Apollo%2016&sample=65580,,https://www.lpi.usra.edu/lunar/samples/atlas/index.cfm,no_direct_or_indirect_parsed_pdf
65581,Apollo 16,rake,,,https://www.lpi.usra.edu/lunar/samples/atlas/detail/?mission=Apollo%2016&sample=65581,,https://www.lpi.usra.edu/lunar/samples/atlas/index.cfm,no_direct_or_indirect_parsed_pdf
65582,Apollo 16,rake,,,https://www.lpi.usra.edu/lunar/samples/atlas/detail/?mission=Apollo%2016&sample=65582,,https://www.lpi.usra.edu/lunar/samples/atlas/index.cfm,no_direct_or_indirect_parsed_pdf
65583,Apollo 16,rake,,,https://www.lpi.usra.edu/lunar/samples/atlas/detail/?mission=Apollo%2016&sample=65583,,https://www.lpi.usra.edu/lunar/samples/atlas/index.cfm,no_direct_or_indirect_parsed_pdf
65584,Apollo 16,rake,,,https://www.lpi.usra.edu/lunar/samples/atlas/detail/?mission=Apollo%2016&sample=65584,,https://www.lpi.usra.edu/lunar/samples/atlas/index.cfm,no_direct_or_indirect_parsed_pdf
65711,Apollo 16,rake,,,https://www.lpi.usra.edu/lunar/samples/atlas/detail/?mission=Apollo%2016&sample=65711,,https://www.lpi.usra.edu/lunar/samples/atlas/index.cfm,no_direct_or_indirect_parsed_pdf
65712,Apollo 16,rake,,,https://www.lpi.usra.edu/lunar/samples/atlas/detail/?mission=Apollo%2016&sample=65712,,https://www.lpi.usra.edu/lunar/samples/atlas/index.cfm,no_direct_or_indirect_parsed_pdf
65713,Apollo 16,rake,,,https://www.lpi.usra.edu/lunar/samples/atlas/detail/?mission=Apollo%2016&sample=65713,,https://www.lpi.usra.edu/lunar/samples/atlas/index.cfm,no_direct_or_indirect_parsed_pdf
65714,Apollo 16,rake,,,https://www.lpi.usra.edu/lunar/samples/atlas/detail/?mission=Apollo%2016&sample=65714,,https://www.lpi.usra.edu/lunar/samples/atlas/index.cfm,no_direct_or_indirect_parsed_pdf
65720,Apollo 16,rake,,,https://www.lpi.usra.edu/lunar/samples/atlas/detail/?mission=Apollo%2016&sample=65720,,https://www.lpi.usra.edu/lunar/samples/atlas/index.cfm,no_direct_or_indirect_parsed_pdf
65721,Apollo 16,rake,,,https://www.lpi.usra.edu/lunar/samples/atlas/detail/?mission=Apollo%2016&sample=65721,,https://www.lpi.usra.edu/lunar/samples/atlas/index.cfm,no_direct_or_indirect_parsed_pdf
65722,Apollo 16,rake,,,https://www.lpi.usra.edu/lunar/samples/atlas/detail/?mission=Apollo%2016&sample=65722,,https://www.lpi.usra.edu/lunar/samples/atlas/index.cfm,no_direct_or_indirect_parsed_pdf
65723,Apollo 16,rake,,,https://www.lpi.usra.edu/lunar/samples/atlas/detail/?mission=Apollo%2016&sample=65723,,https://www.lpi.usra.edu/lunar/samples/atlas/index.cfm,no_direct_or_indirect_parsed_pdf
65724,Apollo 16,rake,,,https://www.lpi.usra.edu/lunar/samples/atlas/detail/?mission=Apollo%2016&sample=65724,,https://www.lpi.usra.edu/lunar/samples/atlas/index.cfm,no_direct_or_indirect_parsed_pdf
65730,Apollo 16,rake,,,https://www.lpi.usra.edu/lunar/samples/atlas/detail/?mission=Apollo%2016&sample=65730,,https://www.lpi.usra.edu/lunar/samples/atlas/index.cfm,no_direct_or_indirect_parsed_pdf
65731,Apollo 16,rake,,,https://www.lpi.usra.edu/lunar/samples/atlas/detail/?mission=Apollo%2016&sample=65731,,https://www.lpi.usra.edu/lunar/samples/atlas/index.cfm,no_direct_or_indirect_parsed_pdf
65732,Apollo 16,rake,,,https://www.lpi.usra.edu/lunar/samples/atlas/detail/?mission=Apollo%2016&sample=65732,,https://www.lpi.usra.edu/lunar/samples/atlas/index.cfm,no_direct_or_indirect_parsed_pdf
65733,Apollo 16,rake,,,https://www.lpi.usra.edu/lunar/samples/atlas/detail/?mission=Apollo%2016&sample=65733,,https://www.lpi.usra.edu/lunar/samples/atlas/index.cfm,no_direct_or_indirect_parsed_pdf
65734,Apollo 16,rake,,,https://www.lpi.usra.edu/lunar/samples/atlas/detail/?mission=Apollo%2016&sample=65734,,https://www.lpi.usra.edu/lunar/samples/atlas/index.cfm,no_direct_or_indirect_parsed_pdf
65740,Apollo 16,rake,,,https://www.lpi.usra.edu/lunar/samples/atlas/detail/?mission=Apollo%2016&sample=65740,,https://www.lpi.usra.edu/lunar/samples/atlas/index.cfm,no_direct_or_indirect_parsed_pdf
65741,Apollo 16,rake,,,https://www.lpi.usra.edu/lunar/samples/atlas/detail/?mission=Apollo%2016&sample=65741,,https://www.lpi.usra.edu/lunar/samples/atlas/index.cfm,no_direct_or_indirect_parsed_pdf
65742,Apollo 16,rake,,,https://www.lpi.usra.edu/lunar/samples/atlas/detail/?mission=Apollo%2016&sample=65742,,https://www.lpi.usra.edu/lunar/samples/atlas/index.cfm,no_direct_or_indirect_parsed_pdf
65743,Apollo 16,rake,,,https://www.lpi.usra.edu/lunar/samples/atlas/detail/?mission=Apollo%2016&sample=65743,,https://www.lpi.usra.edu/lunar/samples/atlas/index.cfm,no_direct_or_indirect_parsed_pdf
65744,Apollo 16,rake,,,https://www.lpi.usra.edu/lunar/samples/atlas/detail/?mission=Apollo%2016&sample=65744,,https://www.lpi.usra.edu/lunar/samples/atlas/index.cfm,no_direct_or_indirect_parsed_pdf
65750,Apollo 16,rake,,,https://www.lpi.usra.edu/lunar/samples/atlas/detail/?mission=Apollo%2016&sample=65750,,https://www.lpi.usra.edu/lunar/samples/atlas/index.cfm,no_direct_or_indirect_parsed_pdf
65751,Apollo 16,rake,,,https://www.lpi.usra.edu/lunar/samples/atlas/detail/?mission=Apollo%2016&sample=65751,,https://www.lpi.usra.edu/lunar/samples/atlas/index.cfm,no_direct_or_indirect_parsed_pdf
65752,Apollo 16,rake,,,https://www.lpi.usra.edu/lunar/samples/atlas/detail/?mission=Apollo%2016&sample=65752,,https://www.lpi.usra.edu/lunar/samples/atlas/index.cfm,no_direct_or_indirect_parsed_pdf
65753,Apollo 16,rake,,,https://www.lpi.usra.edu/lunar/samples/atlas/detail/?mission=Apollo%2016&sample=65753,,https://www.lpi.usra.edu/lunar/samples/atlas/index.cfm,no_direct_or_indirect_parsed_pdf
65754,Apollo 16,rake,,,https://www.lpi.usra.edu/lunar/samples/atlas/detail/?mission=Apollo%2016&sample=65754,,https://www.lpi.usra.edu/lunar/samples/atlas/index.cfm,no_direct_or_indirect_parsed_pdf
65760,Apollo 16,rake,,,https://www.lpi.usra.edu/lunar/samples/atlas/detail/?mission=Apollo%2016&sample=65760,,https://www.lpi.usra.edu/lunar/samples/atlas/index.cfm,no_direct_or_indirect_parsed_pdf
65761,Apollo 16,rake,,,https://www.lpi.usra.edu/lunar/samples/atlas/detail/?mission=Apollo%2016&sample=65761,,https://www.lpi.usra.edu/lunar/samples/atlas/index.cfm,no_direct_or_indirect_parsed_pdf
65762,Apollo 16,rake,,,https://www.lpi.usra.edu/lunar/samples/atlas/detail/?mission=Apollo%2016&sample=65762,,https://www.lpi.usra.edu/lunar/samples/atlas/index.cfm,no_direct_or_indirect_parsed_pdf
65763,Apollo 16,rake,,,https://www.lpi.usra.edu/lunar/samples/atlas/detail/?mission=Apollo%2016&sample=65763,,https://www.lpi.usra.edu/lunar/samples/atlas/index.cfm,no_direct_or_indirect_parsed_pdf
65764,Apollo 16,rake,,,https://www.lpi.usra.edu/lunar/samples/atlas/detail/?mission=Apollo%2016&sample=65764,,https://www.lpi.usra.edu/lunar/samples/atlas/index.cfm,no_direct_or_indirect_parsed_pdf
65770,Apollo 16,rake,,,https://www.lpi.usra.edu/lunar/samples/atlas/detail/?mission=Apollo%2016&sample=65770,,https://www.lpi.usra.edu/lunar/samples/atlas/index.cfm,no_direct_or_indirect_parsed_pdf
65771,Apollo 16,rake,,,https://www.lpi.usra.edu/lunar/samples/atlas/detail/?mission=Apollo%2016&sample=65771,,https://www.lpi.usra.edu/lunar/samples/atlas/index.cfm,no_direct_or_indirect_parsed_pdf
65772,Apollo 16,rake,,,https://www.lpi.usra.edu/lunar/samples/atlas/detail/?mission=Apollo%2016&sample=65772,,https://www.lpi.usra.edu/lunar/samples/atlas/index.cfm,no_direct_or_indirect_parsed_pdf
65773,Apollo 16,rake,,,https://www.lpi.usra.edu/lunar/samples/atlas/detail/?mission=Apollo%2016&sample=65773,,https://www.lpi.usra.edu/lunar/samples/atlas/index.cfm,no_direct_or_indirect_parsed_pdf
65774,Apollo 16,rake,,,https://www.lpi.usra.edu/lunar/samples/atlas/detail/?mission=Apollo%2016&sample=65774,,https://www.lpi.usra.edu/lunar/samples/atlas/index.cfm,no_direct_or_indirect_parsed_pdf
65780,Apollo 16,rake,,,https://www.lpi.usra.edu/lunar/samples/atlas/detail/?mission=Apollo%2016&sample=65780,,https://www.lpi.usra.edu/lunar/samples/atlas/index.cfm,no_direct_or_indirect_parsed_pdf
65781,Apollo 16,rake,,,https://www.lpi.usra.edu/lunar/samples/atlas/detail/?mission=Apollo%2016&sample=65781,,https://www.lpi.usra.edu/lunar/samples/atlas/index.cfm,no_direct_or_indirect_parsed_pdf
65782,Apollo 16,rake,,,https://www.lpi.usra.edu/lunar/samples/atlas/detail/?mission=Apollo%2016&sample=65782,,https://www.lpi.usra.edu/lunar/samples/atlas/index.cfm,no_direct_or_indirect_parsed_pdf
65783,Apollo 16,rake,,,https://www.lpi.usra.edu/lunar/samples/atlas/detail/?mission=Apollo%2016&sample=65783,,https://www.lpi.usra.edu/lunar/samples/atlas/index.cfm,no_direct_or_indirect_parsed_pdf
65784,Apollo 16,rake,,,https://www.lpi.usra.edu/lunar/samples/atlas/detail/?mission=Apollo%2016&sample=65784,,https://www.lpi.usra.edu/lunar/samples/atlas/index.cfm,no_direct_or_indirect_parsed_pdf
65790,Apollo 16,rake,,,https://www.lpi.usra.edu/lunar/samples/atlas/detail/?mission=Apollo%2016&sample=65790,,https://www.lpi.usra.edu/lunar/samples/atlas/index.cfm,no_direct_or_indirect_parsed_pdf
65791,Apollo 16,rake,,,https://www.lpi.usra.edu/lunar/samples/atlas/detail/?mission=Apollo%2016&sample=65791,,https://www.lpi.usra.edu/lunar/samples/atlas/index.cfm,no_direct_or_indirect_parsed_pdf
65792,Apollo 16,rake,,,https://www.lpi.usra.edu/lunar/samples/atlas/detail/?mission=Apollo%2016&sample=65792,,https://www.lpi.usra.edu/lunar/samples/atlas/index.cfm,no_direct_or_indirect_parsed_pdf
65793,Apollo 16,rake,,,https://www.lpi.usra.edu/lunar/samples/atlas/detail/?mission=Apollo%2016&sample=65793,,https://www.lpi.usra.edu/lunar/samples/atlas/index.cfm,no_direct_or_indirect_parsed_pdf
65794,Apollo 16,rake,,,https://www.lpi.usra.edu/lunar/samples/atlas/detail/?mission=Apollo%2016&sample=65794,,https://www.lpi.usra.edu/lunar/samples/atlas/index.cfm,no_direct_or_indirect_parsed_pdf
66050,Apollo 16,,,,https://www.lpi.usra.edu/lunar/samples/atlas/detail/?mission=Apollo%2016&sample=66050,,https://www.lpi.usra.edu/lunar/samples/atlas/index.cfm,no_direct_or_indirect_parsed_pdf
66070,Apollo 16,,,,https://www.lpi.usra.edu/lunar/samples/atlas/detail/?mission=Apollo%2016&sample=66070,,https://www.lpi.usra.edu/lunar/samples/atlas/index.cfm,no_direct_or_indirect_parsed_pdf
66090,Apollo 16,,,,https://www.lpi.usra.edu/lunar/samples/atlas/detail/?mission=Apollo%2016&sample=66090,,https://www.lpi.usra.edu/lunar/samples/atlas/index.cfm,no_direct_or_indirect_parsed_pdf
66236,Apollo 16,rake,,,https://www.lpi.usra.edu/lunar/samples/atlas/detail/?mission=Apollo%2016&sample=66236,,https://www.lpi.usra.edu/lunar/samples/atlas/index.cfm,no_direct_or_indirect_parsed_pdf
67020,Apollo 16,rake,,,https://www.lpi.usra.edu/lunar/samples/atlas/detail/?mission=Apollo%2016&sample=67020,,https://www.lpi.usra.edu/lunar/samples/atlas/index.cfm,no_direct_or_indirect_parsed_pdf
67025,Apollo 16,rake,breccia,glass-coated crystalline rock with basaltic melt surrounding xenoliths of plagioclase.,https://www.lpi.usra.edu/lunar/samples/atlas/detail/?mission=Apollo%2016&sample=67025,,https://www.lpi.usra.edu/lunar/samples/atlas/index.cfm,no_direct_or_indirect_parsed_pdf
67050,Apollo 16,rake,,,https://www.lpi.usra.edu/lunar/samples/atlas/detail/?mission=Apollo%2016&sample=67050,,https://www.lpi.usra.edu/lunar/samples/atlas/index.cfm,no_direct_or_indirect_parsed_pdf
67070,Apollo 16,rake,,,https://www.lpi.usra.edu/lunar/samples/atlas/detail/?mission=Apollo%2016&sample=67070,,https://www.lpi.usra.edu/lunar/samples/atlas/index.cfm,no_direct_or_indirect_parsed_pdf
67090,Apollo 16,,,,https://www.lpi.usra.edu/lunar/samples/atlas/detail/?mission=Apollo%2016&sample=67090,,https://www.lpi.usra.edu/lunar/samples/atlas/index.cfm,no_direct_or_indirect_parsed_pdf
67110,Apollo 16,,,,https://www.lpi.usra.edu/lunar/samples/atlas/detail/?mission=Apollo%2016&sample=67110,,https://www.lpi.usra.edu/lunar/samples/atlas/index.cfm,no_direct_or_indirect_parsed_pdf
67410,Apollo 16,,,,https://www.lpi.usra.edu/lunar/samples/atlas/detail/?mission=Apollo%2016&sample=67410,,https://www.lpi.usra.edu/lunar/samples/atlas/index.cfm,no_direct_or_indirect_parsed_pdf
67430,Apollo 16,,,,https://www.lpi.usra.edu/lunar/samples/atlas/detail/?mission=Apollo%2016&sample=67430,,https://www.lpi.usra.edu/lunar/samples/atlas/index.cfm,no_direct_or_indirect_parsed_pdf
67438,Apollo 16,rake,,,https://www.lpi.usra.edu/lunar/samples/atlas/detail/?mission=Apollo%2016&sample=67438,,https://www.lpi.usra.edu/lunar/samples/atlas/index.cfm,no_direct_or_indirect_parsed_pdf
67450,Apollo 16,,,,https://www.lpi.usra.edu/lunar/samples/atlas/detail/?mission=Apollo%2016&sample=67450,,https://www.lpi.usra.edu/lunar/samples/atlas/index.cfm,no_direct_or_indirect_parsed_pdf
67520,Apollo 16,rake,,,https://www.lpi.usra.edu/lunar/samples/atlas/detail/?mission=Apollo%2016&sample=67520,,https://www.lpi.usra.edu/lunar/samples/atlas/index.cfm,no_direct_or_indirect_parsed_pdf
67521,Apollo 16,rake,,,https://www.lpi.usra.edu/lunar/samples/atlas/detail/?mission=Apollo%2016&sample=67521,,https://www.lpi.usra.edu/lunar/samples/atlas/index.cfm,no_direct_or_indirect_parsed_pdf
67522,Apollo 16,rake,,,https://www.lpi.usra.edu/lunar/samples/atlas/detail/?mission=Apollo%2016&sample=67522,,https://www.lpi.usra.edu/lunar/samples/atlas/index.cfm,no_direct_or_indirect_parsed_pdf
67523,Apollo 16,rake,,,https://www.lpi.usra.edu/lunar/samples/atlas/detail/?mission=Apollo%2016&sample=67523,,https://www.lpi.usra.edu/lunar/samples/atlas/index.cfm,no_direct_or_indirect_parsed_pdf
67524,Apollo 16,rake,,,https://www.lpi.usra.edu/lunar/samples/atlas/detail/?mission=Apollo%2016&sample=67524,,https://www.lpi.usra.edu/lunar/samples/atlas/index.cfm,no_direct_or_indirect_parsed_pdf
67530,Apollo 16,rake,,,https://www.lpi.usra.edu/lunar/samples/atlas/detail/?mission=Apollo%2016&sample=67530,,https://www.lpi.usra.edu/lunar/samples/atlas/index.cfm,no_direct_or_indirect_parsed_pdf
67531,Apollo 16,rake,,,https://www.lpi.usra.edu/lunar/samples/atlas/detail/?mission=Apollo%2016&sample=67531,,https://www.lpi.usra.edu/lunar/samples/atlas/index.cfm,no_direct_or_indirect_parsed_pdf
67532,Apollo 16,rake,,,https://www.lpi.usra.edu/lunar/samples/atlas/detail/?mission=Apollo%2016&sample=67532,,https://www.lpi.usra.edu/lunar/samples/atlas/index.cfm,no_direct_or_indirect_parsed_pdf
67533,Apollo 16,rake,,,https://www.lpi.usra.edu/lunar/samples/atlas/detail/?mission=Apollo%2016&sample=67533,,https://www.lpi.usra.edu/lunar/samples/atlas/index.cfm,no_direct_or_indirect_parsed_pdf
67534,Apollo 16,rake,,,https://www.lpi.usra.edu/lunar/samples/atlas/detail/?mission=Apollo%2016&sample=67534,,https://www.lpi.usra.edu/lunar/samples/atlas/index.cfm,no_direct_or_indirect_parsed_pdf
67536,Apollo 16,rake,,,https://www.lpi.usra.edu/lunar/samples/atlas/detail/?mission=Apollo%2016&sample=67536,,https://www.lpi.usra.edu/lunar/samples/atlas/index.cfm,no_direct_or_indirect_parsed_pdf
67540,Apollo 16,rake,,,https://www.lpi.usra.edu/lunar/samples/atlas/detail/?mission=Apollo%2016&sample=67540,,https://www.lpi.usra.edu/lunar/samples/atlas/index.cfm,no_direct_or_indirect_parsed_pdf
67541,Apollo 16,rake,,,https://www.lpi.usra.edu/lunar/samples/atlas/detail/?mission=Apollo%2016&sample=67541,,https://www.lpi.usra.edu/lunar/samples/atlas/index.cfm,no_direct_or_indirect_parsed_pdf
67542,Apollo 16,rake,,,https://www.lpi.usra.edu/lunar/samples/atlas/detail/?mission=Apollo%2016&sample=67542,,https://www.lpi.usra.edu/lunar/samples/atlas/index.cfm,no_direct_or_indirect_parsed_pdf
67543,Apollo 16,rake,,,https://www.lpi.usra.edu/lunar/samples/atlas/detail/?mission=Apollo%2016&sample=67543,,https://www.lpi.usra.edu/lunar/samples/atlas/index.cfm,no_direct_or_indirect_parsed_pdf
67544,Apollo 16,rake,,,https://www.lpi.usra.edu/lunar/samples/atlas/detail/?mission=Apollo%2016&sample=67544,,https://www.lpi.usra.edu/lunar/samples/atlas/index.cfm,no_direct_or_indirect_parsed_pdf
67550,Apollo 16,rake,,,https://www.lpi.usra.edu/lunar/samples/atlas/detail/?mission=Apollo%2016&sample=67550,,https://www.lpi.usra.edu/lunar/samples/atlas/index.cfm,no_direct_or_indirect_parsed_pdf
67551,Apollo 16,rake,,,https://www.lpi.usra.edu/lunar/samples/atlas/detail/?mission=Apollo%2016&sample=67551,,https://www.lpi.usra.edu/lunar/samples/atlas/index.cfm,no_direct_or_indirect_parsed_pdf
67552,Apollo 16,rake,,,https://www.lpi.usra.edu/lunar/samples/atlas/detail/?mission=Apollo%2016&sample=67552,,https://www.lpi.usra.edu/lunar/samples/atlas/index.cfm,no_direct_or_indirect_parsed_pdf
67553,Apollo 16,rake,,,https://www.lpi.usra.edu/lunar/samples/atlas/detail/?mission=Apollo%2016&sample=67553,,https://www.lpi.usra.edu/lunar/samples/atlas/index.cfm,no_direct_or_indirect_parsed_pdf
67554,Apollo 16,rake,,,https://www.lpi.usra.edu/lunar/samples/atlas/detail/?mission=Apollo%2016&sample=67554,,https://www.lpi.usra.edu/lunar/samples/atlas/index.cfm,no_direct_or_indirect_parsed_pdf
67560,Apollo 16,rake,,,https://www.lpi.usra.edu/lunar/samples/atlas/detail/?mission=Apollo%2016&sample=67560,,https://www.lpi.usra.edu/lunar/samples/atlas/index.cfm,no_direct_or_indirect_parsed_pdf
67561,Apollo 16,rake,,,https://www.lpi.usra.edu/lunar/samples/atlas/detail/?mission=Apollo%2016&sample=67561,,https://www.lpi.usra.edu/lunar/samples/atlas/index.cfm,no_direct_or_indirect_parsed_pdf
67562,Apollo 16,rake,,,https://www.lpi.usra.edu/lunar/samples/atlas/detail/?mission=Apollo%2016&sample=67562,,https://www.lpi.usra.edu/lunar/samples/atlas/index.cfm,no_direct_or_indirect_parsed_pdf
67563,Apollo 16,rake,,,https://www.lpi.usra.edu/lunar/samples/atlas/detail/?mission=Apollo%2016&sample=67563,,https://www.lpi.usra.edu/lunar/samples/atlas/index.cfm,no_direct_or_indirect_parsed_pdf
67564,Apollo 16,rake,,,https://www.lpi.usra.edu/lunar/samples/atlas/detail/?mission=Apollo%2016&sample=67564,,https://www.lpi.usra.edu/lunar/samples/atlas/index.cfm,no_direct_or_indirect_parsed_pdf
67570,Apollo 16,rake,,,https://www.lpi.usra.edu/lunar/samples/atlas/detail/?mission=Apollo%2016&sample=67570,,https://www.lpi.usra.edu/lunar/samples/atlas/index.cfm,no_direct_or_indirect_parsed_pdf
67571,Apollo 16,rake,,,https://www.lpi.usra.edu/lunar/samples/atlas/detail/?mission=Apollo%2016&sample=67571,,https://www.lpi.usra.edu/lunar/samples/atlas/index.cfm,no_direct_or_indirect_parsed_pdf
67572,Apollo 16,rake,,,https://www.lpi.usra.edu/lunar/samples/atlas/detail/?mission=Apollo%2016&sample=67572,,https://www.lpi.usra.edu/lunar/samples/atlas/index.cfm,no_direct_or_indirect_parsed_pdf
67573,Apollo 16,rake,,,https://www.lpi.usra.edu/lunar/samples/atlas/detail/?mission=Apollo%2016&sample=67573,,https://www.lpi.usra.edu/lunar/samples/atlas/index.cfm,no_direct_or_indirect_parsed_pdf
67574,Apollo 16,rake,,,https://www.lpi.usra.edu/lunar/samples/atlas/detail/?mission=Apollo%2016&sample=67574,,https://www.lpi.usra.edu/lunar/samples/atlas/index.cfm,no_direct_or_indirect_parsed_pdf
67611,Apollo 16,rake,,,https://www.lpi.usra.edu/lunar/samples/atlas/detail/?mission=Apollo%2016&sample=67611,,https://www.lpi.usra.edu/lunar/samples/atlas/index.cfm,no_direct_or_indirect_parsed_pdf
67612,Apollo 16,rake,,,https://www.lpi.usra.edu/lunar/samples/atlas/detail/?mission=Apollo%2016&sample=67612,,https://www.lpi.usra.edu/lunar/samples/atlas/index.cfm,no_direct_or_indirect_parsed_pdf
67613,Apollo 16,rake,,,https://www.lpi.usra.edu/lunar/samples/atlas/detail/?mission=Apollo%2016&sample=67613,,https://www.lpi.usra.edu/lunar/samples/atlas/index.cfm,no_direct_or_indirect_parsed_pdf
67614,Apollo 16,rake,,,https://www.lpi.usra.edu/lunar/samples/atlas/detail/?mission=Apollo%2016&sample=67614,,https://www.lpi.usra.edu/lunar/samples/atlas/index.cfm,no_direct_or_indirect_parsed_pdf
67620,Apollo 16,rake,,,https://www.lpi.usra.edu/lunar/samples/atlas/detail/?mission=Apollo%2016&sample=67620,,https://www.lpi.usra.edu/lunar/samples/atlas/index.cfm,no_direct_or_indirect_parsed_pdf
67621,Apollo 16,rake,,,https://www.lpi.usra.edu/lunar/samples/atlas/detail/?mission=Apollo%2016&sample=67621,,https://www.lpi.usra.edu/lunar/samples/atlas/index.cfm,no_direct_or_indirect_parsed_pdf
67622,Apollo 16,rake,,,https://www.lpi.usra.edu/lunar/samples/atlas/detail/?mission=Apollo%2016&sample=67622,,https://www.lpi.usra.edu/lunar/samples/atlas/index.cfm,no_direct_or_indirect_parsed_pdf
67623,Apollo 16,rake,,,https://www.lpi.usra.edu/lunar/samples/atlas/detail/?mission=Apollo%2016&sample=67623,,https://www.lpi.usra.edu/lunar/samples/atlas/index.cfm,no_direct_or_indirect_parsed_pdf
67624,Apollo 16,rake,,,https://www.lpi.usra.edu/lunar/samples/atlas/detail/?mission=Apollo%2016&sample=67624,,https://www.lpi.usra.edu/lunar/samples/atlas/index.cfm,no_direct_or_indirect_parsed_pdf
67630,Apollo 16,rake,,,https://www.lpi.usra.edu/lunar/samples/atlas/detail/?mission=Apollo%2016&sample=67630,,https://www.lpi.usra.edu/lunar/samples/atlas/index.cfm,no_direct_or_indirect_parsed_pdf
67631,Apollo 16,rake,,,https://www.lpi.usra.edu/lunar/samples/atlas/detail/?mission=Apollo%2016&sample=67631,,https://www.lpi.usra.edu/lunar/samples/atlas/index.cfm,no_direct_or_indirect_parsed_pdf
67632,Apollo 16,rake,,,https://www.lpi.usra.edu/lunar/samples/atlas/detail/?mission=Apollo%2016&sample=67632,,https://www.lpi.usra.edu/lunar/samples/atlas/index.cfm,no_direct_or_indirect_parsed_pdf
67633,Apollo 16,rake,,,https://www.lpi.usra.edu/lunar/samples/atlas/detail/?mission=Apollo%2016&sample=67633,,https://www.lpi.usra.edu/lunar/samples/atlas/index.cfm,no_direct_or_indirect_parsed_pdf
67634,Apollo 16,rake,,,https://www.lpi.usra.edu/lunar/samples/atlas/detail/?mission=Apollo%2016&sample=67634,,https://www.lpi.usra.edu/lunar/samples/atlas/index.cfm,no_direct_or_indirect_parsed_pdf
67640,Apollo 16,rake,,,https://www.lpi.usra.edu/lunar/samples/atlas/detail/?mission=Apollo%2016&sample=67640,,https://www.lpi.usra.edu/lunar/samples/atlas/index.cfm,no_direct_or_indirect_parsed_pdf
67641,Apollo 16,rake,,,https://www.lpi.usra.edu/lunar/samples/atlas/detail/?mission=Apollo%2016&sample=67641,,https://www.lpi.usra.edu/lunar/samples/atlas/index.cfm,no_direct_or_indirect_parsed_pdf
67642,Apollo 16,rake,,,https://www.lpi.usra.edu/lunar/samples/atlas/detail/?mission=Apollo%2016&sample=67642,,https://www.lpi.usra.edu/lunar/samples/atlas/index.cfm,no_direct_or_indirect_parsed_pdf
67643,Apollo 16,rake,,,https://www.lpi.usra.edu/lunar/samples/atlas/detail/?mission=Apollo%2016&sample=67643,,https://www.lpi.usra.edu/lunar/samples/atlas/index.cfm,no_direct_or_indirect_parsed_pdf
67644,Apollo 16,rake,,,https://www.lpi.usra.edu/lunar/samples/atlas/detail/?mission=Apollo%2016&sample=67644,,https://www.lpi.usra.edu/lunar/samples/atlas/index.cfm,no_direct_or_indirect_parsed_pdf
67650,Apollo 16,rake,,,https://www.lpi.usra.edu/lunar/samples/atlas/detail/?mission=Apollo%2016&sample=67650,,https://www.lpi.usra.edu/lunar/samples/atlas/index.cfm,no_direct_or_indirect_parsed_pdf
67651,Apollo 16,rake,,,https://www.lpi.usra.edu/lunar/samples/atlas/detail/?mission=Apollo%2016&sample=67651,,https://www.lpi.usra.edu/lunar/samples/atlas/index.cfm,no_direct_or_indirect_parsed_pdf
67652,Apollo 16,rake,,,https://www.lpi.usra.edu/lunar/samples/atlas/detail/?mission=Apollo%2016&sample=67652,,https://www.lpi.usra.edu/lunar/samples/atlas/index.cfm,no_direct_or_indirect_parsed_pdf
67653,Apollo 16,rake,,,https://www.lpi.usra.edu/lunar/samples/atlas/detail/?mission=Apollo%2016&sample=67653,,https://www.lpi.usra.edu/lunar/samples/atlas/index.cfm,no_direct_or_indirect_parsed_pdf
67654,Apollo 16,rake,,,https://www.lpi.usra.edu/lunar/samples/atlas/detail/?mission=Apollo%2016&sample=67654,,https://www.lpi.usra.edu/lunar/samples/atlas/index.cfm,no_direct_or_indirect_parsed_pdf
67660,Apollo 16,rake,,,https://www.lpi.usra.edu/lunar/samples/atlas/detail/?mission=Apollo%2016&sample=67660,,https://www.lpi.usra.edu/lunar/samples/atlas/index.cfm,no_direct_or_indirect_parsed_pdf
67661,Apollo 16,rake,,,https://www.lpi.usra.edu/lunar/samples/atlas/detail/?mission=Apollo%2016&sample=67661,,https://www.lpi.usra.edu/lunar/samples/atlas/index.cfm,no_direct_or_indirect_parsed_pdf
67662,Apollo 16,rake,,,https://www.lpi.usra.edu/lunar/samples/atlas/detail/?mission=Apollo%2016&sample=67662,,https://www.lpi.usra.edu/lunar/samples/atlas/index.cfm,no_direct_or_indirect_parsed_pdf
67663,Apollo 16,rake,,,https://www.lpi.usra.edu/lunar/samples/atlas/detail/?mission=Apollo%2016&sample=67663,,https://www.lpi.usra.edu/lunar/samples/atlas/index.cfm,no_direct_or_indirect_parsed_pdf
67664,Apollo 16,rake,,,https://www.lpi.usra.edu/lunar/samples/atlas/detail/?mission=Apollo%2016&sample=67664,,https://www.lpi.usra.edu/lunar/samples/atlas/index.cfm,no_direct_or_indirect_parsed_pdf
67670,Apollo 16,rake,,,https://www.lpi.usra.edu/lunar/samples/atlas/detail/?mission=Apollo%2016&sample=67670,,https://www.lpi.usra.edu/lunar/samples/atlas/index.cfm,no_direct_or_indirect_parsed_pdf
67671,Apollo 16,rake,,,https://www.lpi.usra.edu/lunar/samples/atlas/detail/?mission=Apollo%2016&sample=67671,,https://www.lpi.usra.edu/lunar/samples/atlas/index.cfm,no_direct_or_indirect_parsed_pdf
67672,Apollo 16,rake,,,https://www.lpi.usra.edu/lunar/samples/atlas/detail/?mission=Apollo%2016&sample=67672,,https://www.lpi.usra.edu/lunar/samples/atlas/index.cfm,no_direct_or_indirect_parsed_pdf
67673,Apollo 16,rake,,,https://www.lpi.usra.edu/lunar/samples/atlas/detail/?mission=Apollo%2016&sample=67673,,https://www.lpi.usra.edu/lunar/samples/atlas/index.cfm,no_direct_or_indirect_parsed_pdf
67674,Apollo 16,rake,,,https://www.lpi.usra.edu/lunar/samples/atlas/detail/?mission=Apollo%2016&sample=67674,,https://www.lpi.usra.edu/lunar/samples/atlas/index.cfm,no_direct_or_indirect_parsed_pdf
67720,Apollo 16,rake,,,https://www.lpi.usra.edu/lunar/samples/atlas/detail/?mission=Apollo%2016&sample=67720,,https://www.lpi.usra.edu/lunar/samples/atlas/index.cfm,no_direct_or_indirect_parsed_pdf
67721,Apollo 16,rake,,,https://www.lpi.usra.edu/lunar/samples/atlas/detail/?mission=Apollo%2016&sample=67721,,https://www.lpi.usra.edu/lunar/samples/atlas/index.cfm,no_direct_or_indirect_parsed_pdf
67722,Apollo 16,rake,,,https://www.lpi.usra.edu/lunar/samples/atlas/detail/?mission=Apollo%2016&sample=67722,,https://www.lpi.usra.edu/lunar/samples/atlas/index.cfm,no_direct_or_indirect_parsed_pdf
67723,Apollo 16,rake,,,https://www.lpi.usra.edu/lunar/samples/atlas/detail/?mission=Apollo%2016&sample=67723,,https://www.lpi.usra.edu/lunar/samples/atlas/index.cfm,no_direct_or_indirect_parsed_pdf
67724,Apollo 16,rake,,,https://www.lpi.usra.edu/lunar/samples/atlas/detail/?mission=Apollo%2016&sample=67724,,https://www.lpi.usra.edu/lunar/samples/atlas/index.cfm,no_direct_or_indirect_parsed_pdf
67730,Apollo 16,rake,,,https://www.lpi.usra.edu/lunar/samples/atlas/detail/?mission=Apollo%2016&sample=67730,,https://www.lpi.usra.edu/lunar/samples/atlas/index.cfm,no_direct_or_indirect_parsed_pdf
67731,Apollo 16,rake,,,https://www.lpi.usra.edu/lunar/samples/atlas/detail/?mission=Apollo%2016&sample=67731,,https://www.lpi.usra.edu/lunar/samples/atlas/index.cfm,no_direct_or_indirect_parsed_pdf
67732,Apollo 16,rake,,,https://www.lpi.usra.edu/lunar/samples/atlas/detail/?mission=Apollo%2016&sample=67732,,https://www.lpi.usra.edu/lunar/samples/atlas/index.cfm,no_direct_or_indirect_parsed_pdf
67733,Apollo 16,rake,,,https://www.lpi.usra.edu/lunar/samples/atlas/detail/?mission=Apollo%2016&sample=67733,,https://www.lpi.usra.edu/lunar/samples/atlas/index.cfm,no_direct_or_indirect_parsed_pdf
67734,Apollo 16,rake,,,https://www.lpi.usra.edu/lunar/samples/atlas/detail/?mission=Apollo%2016&sample=67734,,https://www.lpi.usra.edu/lunar/samples/atlas/index.cfm,no_direct_or_indirect_parsed_pdf
67740,Apollo 16,rake,,,https://www.lpi.usra.edu/lunar/samples/atlas/detail/?mission=Apollo%2016&sample=67740,,https://www.lpi.usra.edu/lunar/samples/atlas/index.cfm,no_direct_or_indirect_parsed_pdf
67741,Apollo 16,rake,,,https://www.lpi.usra.edu/lunar/samples/atlas/detail/?mission=Apollo%2016&sample=67741,,https://www.lpi.usra.edu/lunar/samples/atlas/index.cfm,no_direct_or_indirect_parsed_pdf
67742,Apollo 16,rake,,,https://www.lpi.usra.edu/lunar/samples/atlas/detail/?mission=Apollo%2016&sample=67742,,https://www.lpi.usra.edu/lunar/samples/atlas/index.cfm,no_direct_or_indirect_parsed_pdf
67743,Apollo 16,rake,,,https://www.lpi.usra.edu/lunar/samples/atlas/detail/?mission=Apollo%2016&sample=67743,,https://www.lpi.usra.edu/lunar/samples/atlas/index.cfm,no_direct_or_indirect_parsed_pdf
67744,Apollo 16,rake,,,https://www.lpi.usra.edu/lunar/samples/atlas/detail/?mission=Apollo%2016&sample=67744,,https://www.lpi.usra.edu/lunar/samples/atlas/index.cfm,no_direct_or_indirect_parsed_pdf
67750,Apollo 16,rake,,,https://www.lpi.usra.edu/lunar/samples/atlas/detail/?mission=Apollo%2016&sample=67750,,https://www.lpi.usra.edu/lunar/samples/atlas/index.cfm,no_direct_or_indirect_parsed_pdf
67751,Apollo 16,rake,,,https://www.lpi.usra.edu/lunar/samples/atlas/detail/?mission=Apollo%2016&sample=67751,,https://www.lpi.usra.edu/lunar/samples/atlas/index.cfm,no_direct_or_indirect_parsed_pdf
67752,Apollo 16,rake,,,https://www.lpi.usra.edu/lunar/samples/atlas/detail/?mission=Apollo%2016&sample=67752,,https://www.lpi.usra.edu/lunar/samples/atlas/index.cfm,no_direct_or_indirect_parsed_pdf
67753,Apollo 16,rake,,,https://www.lpi.usra.edu/lunar/samples/atlas/detail/?mission=Apollo%2016&sample=67753,,https://www.lpi.usra.edu/lunar/samples/atlas/index.cfm,no_direct_or_indirect_parsed_pdf
67754,Apollo 16,rake,,,https://www.lpi.usra.edu/lunar/samples/atlas/detail/?mission=Apollo%2016&sample=67754,,https://www.lpi.usra.edu/lunar/samples/atlas/index.cfm,no_direct_or_indirect_parsed_pdf
67760,Apollo 16,rake,,,https://www.lpi.usra.edu/lunar/samples/atlas/detail/?mission=Apollo%2016&sample=67760,,https://www.lpi.usra.edu/lunar/samples/atlas/index.cfm,no_direct_or_indirect_parsed_pdf
67761,Apollo 16,rake,,,https://www.lpi.usra.edu/lunar/samples/atlas/detail/?mission=Apollo%2016&sample=67761,,https://www.lpi.usra.edu/lunar/samples/atlas/index.cfm,no_direct_or_indirect_parsed_pdf
67762,Apollo 16,rake,,,https://www.lpi.usra.edu/lunar/samples/atlas/detail/?mission=Apollo%2016&sample=67762,,https://www.lpi.usra.edu/lunar/samples/atlas/index.cfm,no_direct_or_indirect_parsed_pdf
67763,Apollo 16,rake,,,https://www.lpi.usra.edu/lunar/samples/atlas/detail/?mission=Apollo%2016&sample=67763,,https://www.lpi.usra.edu/lunar/samples/atlas/index.cfm,no_direct_or_indirect_parsed_pdf
67764,Apollo 16,rake,,,https://www.lpi.usra.edu/lunar/samples/atlas/detail/?mission=Apollo%2016&sample=67764,,https://www.lpi.usra.edu/lunar/samples/atlas/index.cfm,no_direct_or_indirect_parsed_pdf
67770,Apollo 16,rake,,,https://www.lpi.usra.edu/lunar/samples/atlas/detail/?mission=Apollo%2016&sample=67770,,https://www.lpi.usra.edu/lunar/samples/atlas/index.cfm,no_direct_or_indirect_parsed_pdf
67771,Apollo 16,rake,,,https://www.lpi.usra.edu/lunar/samples/atlas/detail/?mission=Apollo%2016&sample=67771,,https://www.lpi.usra.edu/lunar/samples/atlas/index.cfm,no_direct_or_indirect_parsed_pdf
67772,Apollo 16,rake,,,https://www.lpi.usra.edu/lunar/samples/atlas/detail/?mission=Apollo%2016&sample=67772,,https://www.lpi.usra.edu/lunar/samples/atlas/index.cfm,no_direct_or_indirect_parsed_pdf
67773,Apollo 16,rake,,,https://www.lpi.usra.edu/lunar/samples/atlas/detail/?mission=Apollo%2016&sample=67773,,https://www.lpi.usra.edu/lunar/samples/atlas/index.cfm,no_direct_or_indirect_parsed_pdf
67774,Apollo 16,rake,,,https://www.lpi.usra.edu/lunar/samples/atlas/detail/?mission=Apollo%2016&sample=67774,,https://www.lpi.usra.edu/lunar/samples/atlas/index.cfm,no_direct_or_indirect_parsed_pdf
67910,Apollo 16,,,,https://www.lpi.usra.edu/lunar/samples/atlas/detail/?mission=Apollo%2016&sample=67910,,https://www.lpi.usra.edu/lunar/samples/atlas/index.cfm,no_direct_or_indirect_parsed_pdf
67930,Apollo 16,,,,https://www.lpi.usra.edu/lunar/samples/atlas/detail/?mission=Apollo%2016&sample=67930,,https://www.lpi.usra.edu/lunar/samples/atlas/index.cfm,no_direct_or_indirect_parsed_pdf
67976,Apollo 16,,,,https://www.lpi.usra.edu/lunar/samples/atlas/detail/?mission=Apollo%2016&sample=67976,,https://www.lpi.usra.edu/lunar/samples/atlas/index.cfm,no_direct_or_indirect_parsed_pdf
68030,Apollo 16,,,,https://www.lpi.usra.edu/lunar/samples/atlas/detail/?mission=Apollo%2016&sample=68030,,https://www.lpi.usra.edu/lunar/samples/atlas/index.cfm,no_direct_or_indirect_parsed_pdf
68110,Apollo 16,,,,https://www.lpi.usra.edu/lunar/samples/atlas/detail/?mission=Apollo%2016&sample=68110,,https://www.lpi.usra.edu/lunar/samples/atlas/index.cfm,no_direct_or_indirect_parsed_pdf
68410,Apollo 16,,,,https://www.lpi.usra.edu/lunar/samples/atlas/detail/?mission=Apollo%2016&sample=68410,,https://www.lpi.usra.edu/lunar/samples/atlas/index.cfm,no_direct_or_indirect_parsed_pdf
68511,Apollo 16,rake,,,https://www.lpi.usra.edu/lunar/samples/atlas/detail/?mission=Apollo%2016&sample=68511,,https://www.lpi.usra.edu/lunar/samples/atlas/index.cfm,no_direct_or_indirect_parsed_pdf
68512,Apollo 16,rake,,,https://www.lpi.usra.edu/lunar/samples/atlas/detail/?mission=Apollo%2016&sample=68512,,https://www.lpi.usra.edu/lunar/samples/atlas/index.cfm,no_direct_or_indirect_parsed_pdf
68513,Apollo 16,rake,,,https://www.lpi.usra.edu/lunar/samples/atlas/detail/?mission=Apollo%2016&sample=68513,,https://www.lpi.usra.edu/lunar/samples/atlas/index.cfm,no_direct_or_indirect_parsed_pdf
68514,Apollo 16,rake,,,https://www.lpi.usra.edu/lunar/samples/atlas/detail/?mission=Apollo%2016&sample=68514,,https://www.lpi.usra.edu/lunar/samples/atlas/index.cfm,no_direct_or_indirect_parsed_pdf
68520,Apollo 16,rake,,,https://www.lpi.usra.edu/lunar/samples/atlas/detail/?mission=Apollo%2016&sample=68520,,https://www.lpi.usra.edu/lunar/samples/atlas/index.cfm,no_direct_or_indirect_parsed_pdf
68521,Apollo 16,rake,,,https://www.lpi.usra.edu/lunar/samples/atlas/detail/?mission=Apollo%2016&sample=68521,,https://www.lpi.usra.edu/lunar/samples/atlas/index.cfm,no_direct_or_indirect_parsed_pdf
68522,Apollo 16,rake,,,https://www.lpi.usra.edu/lunar/samples/atlas/detail/?mission=Apollo%2016&sample=68522,,https://www.lpi.usra.edu/lunar/samples/atlas/index.cfm,no_direct_or_indirect_parsed_pdf
68523,Apollo 16,rake,,,https://www.lpi.usra.edu/lunar/samples/atlas/detail/?mission=Apollo%2016&sample=68523,,https://www.lpi.usra.edu/lunar/samples/atlas/index.cfm,no_direct_or_indirect_parsed_pdf
68524,Apollo 16,rake,,,https://www.lpi.usra.edu/lunar/samples/atlas/detail/?mission=Apollo%2016&sample=68524,,https://www.lpi.usra.edu/lunar/samples/atlas/index.cfm,no_direct_or_indirect_parsed_pdf
68530,Apollo 16,rake,,,https://www.lpi.usra.edu/lunar/samples/atlas/detail/?mission=Apollo%2016&sample=68530,,https://www.lpi.usra.edu/lunar/samples/atlas/index.cfm,no_direct_or_indirect_parsed_pdf
68531,Apollo 16,rake,,,https://www.lpi.usra.edu/lunar/samples/atlas/detail/?mission=Apollo%2016&sample=68531,,https://www.lpi.usra.edu/lunar/samples/atlas/index.cfm,no_direct_or_indirect_parsed_pdf
68532,Apollo 16,rake,,,https://www.lpi.usra.edu/lunar/samples/atlas/detail/?mission=Apollo%2016&sample=68532,,https://www.lpi.usra.edu/lunar/samples/atlas/index.cfm,no_direct_or_indirect_parsed_pdf
68533,Apollo 16,rake,,,https://www.lpi.usra.edu/lunar/samples/atlas/detail/?mission=Apollo%2016&sample=68533,,https://www.lpi.usra.edu/lunar/samples/atlas/index.cfm,no_direct_or_indirect_parsed_pdf
68534,Apollo 16,rake,,,https://www.lpi.usra.edu/lunar/samples/atlas/detail/?mission=Apollo%2016&sample=68534,,https://www.lpi.usra.edu/lunar/samples/atlas/index.cfm,no_direct_or_indirect_parsed_pdf
69003,Apollo 16,,,,https://www.lpi.usra.edu/lunar/samples/atlas/detail/?mission=Apollo%2016&sample=69003,,https://www.lpi.usra.edu/lunar/samples/atlas/index.cfm,no_direct_or_indirect_parsed_pdf
69004,Apollo 16,,,,https://www.lpi.usra.edu/lunar/samples/atlas/detail/?mission=Apollo%2016&sample=69004,,https://www.lpi.usra.edu/lunar/samples/atlas/index.cfm,no_direct_or_indirect_parsed_pdf
69930,Apollo 16,,,,https://www.lpi.usra.edu/lunar/samples/atlas/detail/?mission=Apollo%2016&sample=69930,,https://www.lpi.usra.edu/lunar/samples/atlas/index.cfm,no_direct_or_indirect_parsed_pdf
69950,Apollo 16,,,,https://www.lpi.usra.edu/lunar/samples/atlas/detail/?mission=Apollo%2016&sample=69950,,https://www.lpi.usra.edu/lunar/samples/atlas/index.cfm,no_direct_or_indirect_parsed_pdf
70130,Apollo 17,,,,https://www.lpi.usra.edu/lunar/samples/atlas/detail/?mission=Apollo%2017&sample=70130,,https://www.lpi.usra.edu/lunar/samples/atlas/index.cfm,no_direct_or_indirect_parsed_pdf
70131,Apollo 17,,,,https://www.lpi.usra.edu/lunar/samples/atlas/detail/?mission=Apollo%2017&sample=70131,,https://www.lpi.usra.edu/lunar/samples/atlas/index.cfm,no_direct_or_indirect_parsed_pdf
70132,Apollo 17,,,,https://www.lpi.usra.edu/lunar/samples/atlas/detail/?mission=Apollo%2017&sample=70132,,https://www.lpi.usra.edu/lunar/samples/atlas/index.cfm,no_direct_or_indirect_parsed_pdf
70133,Apollo 17,,,,https://www.lpi.usra.edu/lunar/samples/atlas/detail/?mission=Apollo%2017&sample=70133,,https://www.lpi.usra.edu/lunar/samples/atlas/index.cfm,no_direct_or_indirect_parsed_pdf
70134,Apollo 17,,,,https://www.lpi.usra.edu/lunar/samples/atlas/detail/?mission=Apollo%2017&sample=70134,,https://www.lpi.usra.edu/lunar/samples/atlas/index.cfm,no_direct_or_indirect_parsed_pdf
70140,Apollo 17,,,,https://www.lpi.usra.edu/lunar/samples/atlas/detail/?mission=Apollo%2017&sample=70140,,https://www.lpi.usra.edu/lunar/samples/atlas/index.cfm,no_direct_or_indirect_parsed_pdf
70141,Apollo 17,,,,https://www.lpi.usra.edu/lunar/samples/atlas/detail/?mission=Apollo%2017&sample=70141,,https://www.lpi.usra.edu/lunar/samples/atlas/index.cfm,no_direct_or_indirect_parsed_pdf
70142,Apollo 17,,,,https://www.lpi.usra.edu/lunar/samples/atlas/detail/?mission=Apollo%2017&sample=70142,,https://www.lpi.usra.edu/lunar/samples/atlas/index.cfm,no_direct_or_indirect_parsed_pdf
70143,Apollo 17,,,,https://www.lpi.usra.edu/lunar/samples/atlas/detail/?mission=Apollo%2017&sample=70143,,https://www.lpi.usra.edu/lunar/samples/atlas/index.cfm,no_direct_or_indirect_parsed_pdf
70144,Apollo 17,,,,https://www.lpi.usra.edu/lunar/samples/atlas/detail/?mission=Apollo%2017&sample=70144,,https://www.lpi.usra.edu/lunar/samples/atlas/index.cfm,no_direct_or_indirect_parsed_pdf
70150,Apollo 17,,,,https://www.lpi.usra.edu/lunar/samples/atlas/detail/?mission=Apollo%2017&sample=70150,,https://www.lpi.usra.edu/lunar/samples/atlas/index.cfm,no_direct_or_indirect_parsed_pdf
70152,Apollo 17,,,,https://www.lpi.usra.edu/lunar/samples/atlas/detail/?mission=Apollo%2017&sample=70152,,https://www.lpi.usra.edu/lunar/samples/atlas/index.cfm,no_direct_or_indirect_parsed_pdf
70153,Apollo 17,,,,https://www.lpi.usra.edu/lunar/samples/atlas/detail/?mission=Apollo%2017&sample=70153,,https://www.lpi.usra.edu/lunar/samples/atlas/index.cfm,no_direct_or_indirect_parsed_pdf
70154,Apollo 17,,,,https://www.lpi.usra.edu/lunar/samples/atlas/detail/?mission=Apollo%2017&sample=70154,,https://www.lpi.usra.edu/lunar/samples/atlas/index.cfm,no_direct_or_indirect_parsed_pdf
71030,Apollo 17,,,,https://www.lpi.usra.edu/lunar/samples/atlas/detail/?mission=Apollo%2017&sample=71030,,https://www.lpi.usra.edu/lunar/samples/atlas/index.cfm,no_direct_or_indirect_parsed_pdf
71031,Apollo 17,,,,https://www.lpi.usra.edu/lunar/samples/atlas/detail/?mission=Apollo%2017&sample=71031,,https://www.lpi.usra.edu/lunar/samples/atlas/index.cfm,no_direct_or_indirect_parsed_pdf
71032,Apollo 17,,,,https://www.lpi.usra.edu/lunar/samples/atlas/detail/?mission=Apollo%2017&sample=71032,,https://www.lpi.usra.edu/lunar/samples/atlas/index.cfm,no_direct_or_indirect_parsed_pdf
71033,Apollo 17,,,,https://www.lpi.usra.edu/lunar/samples/atlas/detail/?mission=Apollo%2017&sample=71033,,https://www.lpi.usra.edu/lunar/samples/atlas/index.cfm,no_direct_or_indirect_parsed_pdf
71034,Apollo 17,,,,https://www.lpi.usra.edu/lunar/samples/atlas/detail/?mission=Apollo%2017&sample=71034,,https://www.lpi.usra.edu/lunar/samples/atlas/index.cfm,no_direct_or_indirect_parsed_pdf
71050,Apollo 17,,,,https://www.lpi.usra.edu/lunar/samples/atlas/detail/?mission=Apollo%2017&sample=71050,,https://www.lpi.usra.edu/lunar/samples/atlas/index.cfm,no_direct_or_indirect_parsed_pdf
71090,Apollo 17,,,,https://www.lpi.usra.edu/lunar/samples/atlas/detail/?mission=Apollo%2017&sample=71090,,https://www.lpi.usra.edu/lunar/samples/atlas/index.cfm,no_direct_or_indirect_parsed_pdf
71091,Apollo 17,,,,https://www.lpi.usra.edu/lunar/samples/atlas/detail/?mission=Apollo%2017&sample=71091,,https://www.lpi.usra.edu/lunar/samples/atlas/index.cfm,no_direct_or_indirect_parsed_pdf
71092,Apollo 17,,,,https://www.lpi.usra.edu/lunar/samples/atlas/detail/?mission=Apollo%2017&sample=71092,,https://www.lpi.usra.edu/lunar/samples/atlas/index.cfm,no_direct_or_indirect_parsed_pdf
71093,Apollo 17,,,,https://www.lpi.usra.edu/lunar/samples/atlas/detail/?mission=Apollo%2017&sample=71093,,https://www.lpi.usra.edu/lunar/samples/atlas/index.cfm,no_direct_or_indirect_parsed_pdf
71094,Apollo 17,,,,https://www.lpi.usra.edu/lunar/samples/atlas/detail/?mission=Apollo%2017&sample=71094,,https://www.lpi.usra.edu/lunar/samples/atlas/index.cfm,no_direct_or_indirect_parsed_pdf
71170,Apollo 17,,,,https://www.lpi.usra.edu/lunar/samples/atlas/detail/?mission=Apollo%2017&sample=71170,,https://www.lpi.usra.edu/lunar/samples/atlas/index.cfm,no_direct_or_indirect_parsed_pdf
71521,Apollo 17,,,,https://www.lpi.usra.edu/lunar/samples/atlas/detail/?mission=Apollo%2017&sample=71521,,https://www.lpi.usra.edu/lunar/samples/atlas/index.cfm,no_direct_or_indirect_parsed_pdf
71522,Apollo 17,,,,https://www.lpi.usra.edu/lunar/samples/atlas/detail/?mission=Apollo%2017&sample=71522,,https://www.lpi.usra.edu/lunar/samples/atlas/index.cfm,no_direct_or_indirect_parsed_pdf
71523,Apollo 17,,,,https://www.lpi.usra.edu/lunar/samples/atlas/detail/?mission=Apollo%2017&sample=71523,,https://www.lpi.usra.edu/lunar/samples/atlas/index.cfm,no_direct_or_indirect_parsed_pdf
71524,Apollo 17,,,,https://www.lpi.usra.edu/lunar/samples/atlas/detail/?mission=Apollo%2017&sample=71524,,https://www.lpi.usra.edu/lunar/samples/atlas/index.cfm,no_direct_or_indirect_parsed_pdf
71526,Apollo 17,rock,high-Ti mare basalt,High-Ti Mare Basalt,https://www.lpi.usra.edu/lunar/samples/atlas/detail/?mission=Apollo%2017&sample=71526,,https://www.lpi.usra.edu/lunar/samples/atlas/index.cfm,no_direct_or_indirect_parsed_pdf
71528,Apollo 17,rock,high-Ti mare basalt,High-Ti Mare Basalt,https://www.lpi.usra.edu/lunar/samples/atlas/detail/?mission=Apollo%2017&sample=71528,,https://www.lpi.usra.edu/lunar/samples/atlas/index.cfm,no_direct_or_indirect_parsed_pdf
71529,Apollo 17,,,,https://www.lpi.usra.edu/lunar/samples/atlas/detail/?mission=Apollo%2017&sample=71529,,https://www.lpi.usra.edu/lunar/samples/atlas/index.cfm,no_direct_or_indirect_parsed_pdf
71530,Apollo 17,,,,https://www.lpi.usra.edu/lunar/samples/atlas/detail/?mission=Apollo%2017&sample=71530,,https://www.lpi.usra.edu/lunar/samples/atlas/index.cfm,no_direct_or_indirect_parsed_pdf
71531,Apollo 17,,,,https://www.lpi.usra.edu/lunar/samples/atlas/detail/?mission=Apollo%2017&sample=71531,,https://www.lpi.usra.edu/lunar/samples/atlas/index.cfm,no_direct_or_indirect_parsed_pdf
71532,Apollo 17,,,,https://www.lpi.usra.edu/lunar/samples/atlas/detail/?mission=Apollo%2017&sample=71532,,https://www.lpi.usra.edu/lunar/samples/atlas/index.cfm,no_direct_or_indirect_parsed_pdf
71533,Apollo 17,,,,https://www.lpi.usra.edu/lunar/samples/atlas/detail/?mission=Apollo%2017&sample=71533,,https://www.lpi.usra.edu/lunar/samples/atlas/index.cfm,no_direct_or_indirect_parsed_pdf
71534,Apollo 17,,,,https://www.lpi.usra.edu/lunar/samples/atlas/detail/?mission=Apollo%2017&sample=71534,,https://www.lpi.usra.edu/lunar/samples/atlas/index.cfm,no_direct_or_indirect_parsed_pdf
71538,Apollo 17,,,,https://www.lpi.usra.edu/lunar/samples/atlas/detail/?mission=Apollo%2017&sample=71538,,https://www.lpi.usra.edu/lunar/samples/atlas/index.cfm,no_direct_or_indirect_parsed_pdf
71540,Apollo 17,,,,https://www.lpi.usra.edu/lunar/samples/atlas/detail/?mission=Apollo%2017&sample=71540,,https://www.lpi.usra.edu/lunar/samples/atlas/index.cfm,no_direct_or_indirect_parsed_pdf
71541,Apollo 17,,,,https://www.lpi.usra.edu/lunar/samples/atlas/detail/?mission=Apollo%2017&sample=71541,,https://www.lpi.usra.edu/lunar/samples/atlas/index.cfm,no_direct_or_indirect_parsed_pdf
71542,Apollo 17,,,,https://www.lpi.usra.edu/lunar/samples/atlas/detail/?mission=Apollo%2017&sample=71542,,https://www.lpi.usra.edu/lunar/samples/atlas/index.cfm,no_direct_or_indirect_parsed_pdf
71543,Apollo 17,,,,https://www.lpi.usra.edu/lunar/samples/atlas/detail/?mission=Apollo%2017&sample=71543,,https://www.lpi.usra.edu/lunar/samples/atlas/index.cfm,no_direct_or_indirect_parsed_pdf
71544,Apollo 17,,,,https://www.lpi.usra.edu/lunar/samples/atlas/detail/?mission=Apollo%2017&sample=71544,,https://www.lpi.usra.edu/lunar/samples/atlas/index.cfm,no_direct_or_indirect_parsed_pdf
71545,Apollo 17,,,,https://www.lpi.usra.edu/lunar/samples/atlas/detail/?mission=Apollo%2017&sample=71545,,https://www.lpi.usra.edu/lunar/samples/atlas/index.cfm,no_direct_or_indirect_parsed_pdf
71547,Apollo 17,,,,https://www.lpi.usra.edu/lunar/samples/atlas/detail/?mission=Apollo%2017&sample=71547,,https://www.lpi.usra.edu/lunar/samples/atlas/index.cfm,no_direct_or_indirect_parsed_pdf
71550,Apollo 17,,,,https://www.lpi.usra.edu/lunar/samples/atlas/detail/?mission=Apollo%2017&sample=71550,,https://www.lpi.usra.edu/lunar/samples/atlas/index.cfm,no_direct_or_indirect_parsed_pdf
71551,Apollo 17,,,,https://www.lpi.usra.edu/lunar/samples/atlas/detail/?mission=Apollo%2017&sample=71551,,https://www.lpi.usra.edu/lunar/samples/atlas/index.cfm,no_direct_or_indirect_parsed_pdf
71552,Apollo 17,,,,https://www.lpi.usra.edu/lunar/samples/atlas/detail/?mission=Apollo%2017&sample=71552,,https://www.lpi.usra.edu/lunar/samples/atlas/index.cfm,no_direct_or_indirect_parsed_pdf
71553,Apollo 17,,,,https://www.lpi.usra.edu/lunar/samples/atlas/detail/?mission=Apollo%2017&sample=71553,,https://www.lpi.usra.edu/lunar/samples/atlas/index.cfm,no_direct_or_indirect_parsed_pdf
71554,Apollo 17,,,,https://www.lpi.usra.edu/lunar/samples/atlas/detail/?mission=Apollo%2017&sample=71554,,https://www.lpi.usra.edu/lunar/samples/atlas/index.cfm,no_direct_or_indirect_parsed_pdf
71558,Apollo 17,,,,https://www.lpi.usra.edu/lunar/samples/atlas/detail/?mission=Apollo%2017&sample=71558,,https://www.lpi.usra.edu/lunar/samples/atlas/index.cfm,no_direct_or_indirect_parsed_pdf
71560,Apollo 17,,,,https://www.lpi.usra.edu/lunar/samples/atlas/detail/?mission=Apollo%2017&sample=71560,,https://www.lpi.usra.edu/lunar/samples/atlas/index.cfm,no_direct_or_indirect_parsed_pdf
71561,Apollo 17,,,,https://www.lpi.usra.edu/lunar/samples/atlas/detail/?mission=Apollo%2017&sample=71561,,https://www.lpi.usra.edu/lunar/samples/atlas/index.cfm,no_direct_or_indirect_parsed_pdf
71562,Apollo 17,,,,https://www.lpi.usra.edu/lunar/samples/atlas/detail/?mission=Apollo%2017&sample=71562,,https://www.lpi.usra.edu/lunar/samples/atlas/index.cfm,no_direct_or_indirect_parsed_pdf
71563,Apollo 17,,,,https://www.lpi.usra.edu/lunar/samples/atlas/detail/?mission=Apollo%2017&sample=71563,,https://www.lpi.usra.edu/lunar/samples/atlas/index.cfm,no_direct_or_indirect_parsed_pdf
71564,Apollo 17,,,,https://www.lpi.usra.edu/lunar/samples/atlas/detail/?mission=Apollo%2017&sample=71564,,https://www.lpi.usra.edu/lunar/samples/atlas/index.cfm,no_direct_or_indirect_parsed_pdf
71570,Apollo 17,,,,https://www.lpi.usra.edu/lunar/samples/atlas/detail/?mission=Apollo%2017&sample=71570,,https://www.lpi.usra.edu/lunar/samples/atlas/index.cfm,no_direct_or_indirect_parsed_pdf
71571,Apollo 17,,,,https://www.lpi.usra.edu/lunar/samples/atlas/detail/?mission=Apollo%2017&sample=71571,,https://www.lpi.usra.edu/lunar/samples/atlas/index.cfm,no_direct_or_indirect_parsed_pdf
71572,Apollo 17,,,,https://www.lpi.usra.edu/lunar/samples/atlas/detail/?mission=Apollo%2017&sample=71572,,https://www.lpi.usra.edu/lunar/samples/atlas/index.cfm,no_direct_or_indirect_parsed_pdf
71573,Apollo 17,,,,https://www.lpi.usra.edu/lunar/samples/atlas/detail/?mission=Apollo%2017&sample=71573,,https://www.lpi.usra.edu/lunar/samples/atlas/index.cfm,no_direct_or_indirect_parsed_pdf
71574,Apollo 17,,,,https://www.lpi.usra.edu/lunar/samples/atlas/detail/?mission=Apollo%2017&sample=71574,,https://www.lpi.usra.edu/lunar/samples/atlas/index.cfm,no_direct_or_indirect_parsed_pdf
71575,Apollo 17,,,,https://www.lpi.usra.edu/lunar/samples/atlas/detail/?mission=Apollo%2017&sample=71575,,https://www.lpi.usra.edu/lunar/samples/atlas/index.cfm,no_direct_or_indirect_parsed_pdf
71579,Apollo 17,,,,https://www.lpi.usra.edu/lunar/samples/atlas/detail/?mission=Apollo%2017&sample=71579,,https://www.lpi.usra.edu/lunar/samples/atlas/index.cfm,no_direct_or_indirect_parsed_pdf
71580,Apollo 17,,,,https://www.lpi.usra.edu/lunar/samples/atlas/detail/?mission=Apollo%2017&sample=71580,,https://www.lpi.usra.edu/lunar/samples/atlas/index.cfm,no_direct_or_indirect_parsed_pdf
71581,Apollo 17,,,,https://www.lpi.usra.edu/lunar/samples/atlas/detail/?mission=Apollo%2017&sample=71581,,https://www.lpi.usra.edu/lunar/samples/atlas/index.cfm,no_direct_or_indirect_parsed_pdf
71582,Apollo 17,,,,https://www.lpi.usra.edu/lunar/samples/atlas/detail/?mission=Apollo%2017&sample=71582,,https://www.lpi.usra.edu/lunar/samples/atlas/index.cfm,no_direct_or_indirect_parsed_pdf
71583,Apollo 17,,,,https://www.lpi.usra.edu/lunar/samples/atlas/detail/?mission=Apollo%2017&sample=71583,,https://www.lpi.usra.edu/lunar/samples/atlas/index.cfm,no_direct_or_indirect_parsed_pdf
71584,Apollo 17,,,,https://www.lpi.usra.edu/lunar/samples/atlas/detail/?mission=Apollo%2017&sample=71584,,https://www.lpi.usra.edu/lunar/samples/atlas/index.cfm,no_direct_or_indirect_parsed_pdf
71585,Apollo 17,,,,https://www.lpi.usra.edu/lunar/samples/atlas/detail/?mission=Apollo%2017&sample=71585,,https://www.lpi.usra.edu/lunar/samples/atlas/index.cfm,no_direct_or_indirect_parsed_pdf
71589,Apollo 17,,,,https://www.lpi.usra.edu/lunar/samples/atlas/detail/?mission=Apollo%2017&sample=71589,,https://www.lpi.usra.edu/lunar/samples/atlas/index.cfm,no_direct_or_indirect_parsed_pdf
71590,Apollo 17,,,,https://www.lpi.usra.edu/lunar/samples/atlas/detail/?mission=Apollo%2017&sample=71590,,https://www.lpi.usra.edu/lunar/samples/atlas/index.cfm,no_direct_or_indirect_parsed_pdf
71591,Apollo 17,,,,https://www.lpi.usra.edu/lunar/samples/atlas/detail/?mission=Apollo%2017&sample=71591,,https://www.lpi.usra.edu/lunar/samples/atlas/index.cfm,no_direct_or_indirect_parsed_pdf
71592,Apollo 17,,,,https://www.lpi.usra.edu/lunar/samples/atlas/detail/?mission=Apollo%2017&sample=71592,,https://www.lpi.usra.edu/lunar/samples/atlas/index.cfm,no_direct_or_indirect_parsed_pdf
71593,Apollo 17,,,,https://www.lpi.usra.edu/lunar/samples/atlas/detail/?mission=Apollo%2017&sample=71593,,https://www.lpi.usra.edu/lunar/samples/atlas/index.cfm,no_direct_or_indirect_parsed_pdf
71594,Apollo 17,,,,https://www.lpi.usra.edu/lunar/samples/atlas/detail/?mission=Apollo%2017&sample=71594,,https://www.lpi.usra.edu/lunar/samples/atlas/index.cfm,no_direct_or_indirect_parsed_pdf
72310,Apollo 17,,,,https://www.lpi.usra.edu/lunar/samples/atlas/detail/?mission=Apollo%2017&sample=72310,,https://www.lpi.usra.edu/lunar/samples/atlas/index.cfm,no_direct_or_indirect_parsed_pdf
72330,Apollo 17,,,,https://www.lpi.usra.edu/lunar/samples/atlas/detail/?mission=Apollo%2017&sample=72330,,https://www.lpi.usra.edu/lunar/samples/atlas/index.cfm,no_direct_or_indirect_parsed_pdf
72350,Apollo 17,,,,https://www.lpi.usra.edu/lunar/samples/atlas/detail/?mission=Apollo%2017&sample=72350,,https://www.lpi.usra.edu/lunar/samples/atlas/index.cfm,no_direct_or_indirect_parsed_pdf
72370,Apollo 17,,,,https://www.lpi.usra.edu/lunar/samples/atlas/detail/?mission=Apollo%2017&sample=72370,,https://www.lpi.usra.edu/lunar/samples/atlas/index.cfm,no_direct_or_indirect_parsed_pdf
72390,Apollo 17,,,,https://www.lpi.usra.edu/lunar/samples/atlas/detail/?mission=Apollo%2017&sample=72390,,https://www.lpi.usra.edu/lunar/samples/atlas/index.cfm,no_direct_or_indirect_parsed_pdf
72410,Apollo 17,,,,https://www.lpi.usra.edu/lunar/samples/atlas/detail/?mission=Apollo%2017&sample=72410,,https://www.lpi.usra.edu/lunar/samples/atlas/index.cfm,no_direct_or_indirect_parsed_pdf
72531,Apollo 17,,,,https://www.lpi.usra.edu/lunar/samples/atlas/detail/?mission=Apollo%2017&sample=72531,,https://www.lpi.usra.edu/lunar/samples/atlas/index.cfm,no_direct_or_indirect_parsed_pdf
72532,Apollo 17,,,,https://www.lpi.usra.edu/lunar/samples/atlas/detail/?mission=Apollo%2017&sample=72532,,https://www.lpi.usra.edu/lunar/samples/atlas/index.cfm,no_direct_or_indirect_parsed_pdf
72533,Apollo 17,,,,https://www.lpi.usra.edu/lunar/samples/atlas/detail/?mission=Apollo%2017&sample=72533,,https://www.lpi.usra.edu/lunar/samples/atlas/index.cfm,no_direct_or_indirect_parsed_pdf
72534,Apollo 17,,,,https://www.lpi.usra.edu/lunar/samples/atlas/detail/?mission=Apollo%2017&sample=72534,,https://www.lpi.usra.edu/lunar/samples/atlas/index.cfm,no_direct_or_indirect_parsed_pdf
72540,Apollo 17,,,,https://www.lpi.usra.edu/lunar/samples/atlas/detail/?mission=Apollo%2017&sample=72540,,https://www.lpi.usra.edu/lunar/samples/atlas/index.cfm,no_direct_or_indirect_parsed_pdf
72541,Apollo 17,,,,https://www.lpi.usra.edu/lunar/samples/atlas/detail/?mission=Apollo%2017&sample=72541,,https://www.lpi.usra.edu/lunar/samples/atlas/index.cfm,no_direct_or_indirect_parsed_pdf
72542,Apollo 17,,,,https://www.lpi.usra.edu/lunar/samples/atlas/detail/?mission=Apollo%2017&sample=72542,,https://www.lpi.usra.edu/lunar/samples/atlas/index.cfm,no_direct_or_indirect_parsed_pdf
72543,Apollo 17,,,,https://www.lpi.usra.edu/lunar/samples/atlas/detail/?mission=Apollo%2017&sample=72543,,https://www.lpi.usra.edu/lunar/samples/atlas/index.cfm,no_direct_or_indirect_parsed_pdf
72544,Apollo 17,,,,https://www.lpi.usra.edu/lunar/samples/atlas/detail/?mission=Apollo%2017&sample=72544,,https://www.lpi.usra.edu/lunar/samples/atlas/index.cfm,no_direct_or_indirect_parsed_pdf
72550,Apollo 17,,,,https://www.lpi.usra.edu/lunar/samples/atlas/detail/?mission=Apollo%2017&sample=72550,,https://www.lpi.usra.edu/lunar/samples/atlas/index.cfm,no_direct_or_indirect_parsed_pdf
72551,Apollo 17,,,,https://www.lpi.usra.edu/lunar/samples/atlas/detail/?mission=Apollo%2017&sample=72551,,https://www.lpi.usra.edu/lunar/samples/atlas/index.cfm,no_direct_or_indirect_parsed_pdf
72552,Apollo 17,,,,https://www.lpi.usra.edu/lunar/samples/atlas/detail/?mission=Apollo%2017&sample=72552,,https://www.lpi.usra.edu/lunar/samples/atlas/index.cfm,no_direct_or_indirect_parsed_pdf
72553,Apollo 17,,,,https://www.lpi.usra.edu/lunar/samples/atlas/detail/?mission=Apollo%2017&sample=72553,,https://www.lpi.usra.edu/lunar/samples/atlas/index.cfm,no_direct_or_indirect_parsed_pdf
72554,Apollo 17,,,,https://www.lpi.usra.edu/lunar/samples/atlas/detail/?mission=Apollo%2017&sample=72554,,https://www.lpi.usra.edu/lunar/samples/atlas/index.cfm,no_direct_or_indirect_parsed_pdf
73242,Apollo 17,,,,https://www.lpi.usra.edu/lunar/samples/atlas/detail/?mission=Apollo%2017&sample=73242,,https://www.lpi.usra.edu/lunar/samples/atlas/index.cfm,no_direct_or_indirect_parsed_pdf
73250,Apollo 17,,,,https://www.lpi.usra.edu/lunar/samples/atlas/detail/?mission=Apollo%2017&sample=73250,,https://www.lpi.usra.edu/lunar/samples/atlas/index.cfm,no_direct_or_indirect_parsed_pdf
73270,Apollo 17,,,,https://www.lpi.usra.edu/lunar/samples/atlas/detail/?mission=Apollo%2017&sample=73270,,https://www.lpi.usra.edu/lunar/samples/atlas/index.cfm,no_direct_or_indirect_parsed_pdf
74120,Apollo 17,,soil,"This surface soil was collected from the LRV while traversing over light mantle deposits between Stations 3 and 4. The site is undulating, yet regionally level with fragments >10 cm sparse. Craters < 1 meter are abundant, but craters >1 meter are sparse.",https://www.lpi.usra.edu/lunar/samples/atlas/detail/?mission=Apollo%2017&sample=74120,,https://www.lpi.usra.edu/lunar/samples/atlas/index.cfm,no_direct_or_indirect_parsed_pdf
74124,Apollo 17,,,,https://www.lpi.usra.edu/lunar/samples/atlas/detail/?mission=Apollo%2017&sample=74124,,https://www.lpi.usra.edu/lunar/samples/atlas/index.cfm,no_direct_or_indirect_parsed_pdf
74222,Apollo 17,,,,https://www.lpi.usra.edu/lunar/samples/atlas/detail/?mission=Apollo%2017&sample=74222,,https://www.lpi.usra.edu/lunar/samples/atlas/index.cfm,no_direct_or_indirect_parsed_pdf
74223,Apollo 17,,,,https://www.lpi.usra.edu/lunar/samples/atlas/detail/?mission=Apollo%2017&sample=74223,,https://www.lpi.usra.edu/lunar/samples/atlas/index.cfm,no_direct_or_indirect_parsed_pdf
74224,Apollo 17,,,,https://www.lpi.usra.edu/lunar/samples/atlas/detail/?mission=Apollo%2017&sample=74224,,https://www.lpi.usra.edu/lunar/samples/atlas/index.cfm,no_direct_or_indirect_parsed_pdf
74247,Apollo 17,rock,basalt,High-Ti Basalt,https://www.lpi.usra.edu/lunar/samples/atlas/detail/?mission=Apollo%2017&sample=74247,,https://www.lpi.usra.edu/lunar/samples/atlas/index.cfm,no_direct_or_indirect_parsed_pdf
74248,Apollo 17,rock,basalt,High-Ti Basalt,https://www.lpi.usra.edu/lunar/samples/atlas/detail/?mission=Apollo%2017&sample=74248,,https://www.lpi.usra.edu/lunar/samples/atlas/index.cfm,no_direct_or_indirect_parsed_pdf
74249,Apollo 17,rock,basalt,High-Ti Basalt,https://www.lpi.usra.edu/lunar/samples/atlas/detail/?mission=Apollo%2017&sample=74249,,https://www.lpi.usra.edu/lunar/samples/atlas/index.cfm,no_direct_or_indirect_parsed_pdf
74285,Apollo 17,rock,high-Ti mare basalt,High-Ti Mare Basalt,https://www.lpi.usra.edu/lunar/samples/atlas/detail/?mission=Apollo%2017&sample=74285,,https://www.lpi.usra.edu/lunar/samples/atlas/index.cfm,no_direct_or_indirect_parsed_pdf
74286,Apollo 17,rock,high-Ti mare basalt,High-Ti Mare Basalt,https://www.lpi.usra.edu/lunar/samples/atlas/detail/?mission=Apollo%2017&sample=74286,,https://www.lpi.usra.edu/lunar/samples/atlas/index.cfm,no_direct_or_indirect_parsed_pdf
74287,Apollo 17,rock,high-Ti mare basalt,High-It Mare Basalt,https://www.lpi.usra.edu/lunar/samples/atlas/detail/?mission=Apollo%2017&sample=74287,,https://www.lpi.usra.edu/lunar/samples/atlas/index.cfm,no_direct_or_indirect_parsed_pdf
75010,Apollo 17,,,,https://www.lpi.usra.edu/lunar/samples/atlas/detail/?mission=Apollo%2017&sample=75010,,https://www.lpi.usra.edu/lunar/samples/atlas/index.cfm,no_direct_or_indirect_parsed_pdf
75030,Apollo 17,,,,https://www.lpi.usra.edu/lunar/samples/atlas/detail/?mission=Apollo%2017&sample=75030,,https://www.lpi.usra.edu/lunar/samples/atlas/index.cfm,no_direct_or_indirect_parsed_pdf
75050,Apollo 17,,,,https://www.lpi.usra.edu/lunar/samples/atlas/detail/?mission=Apollo%2017&sample=75050,,https://www.lpi.usra.edu/lunar/samples/atlas/index.cfm,no_direct_or_indirect_parsed_pdf
75070,Apollo 17,,,,https://www.lpi.usra.edu/lunar/samples/atlas/detail/?mission=Apollo%2017&sample=75070,,https://www.lpi.usra.edu/lunar/samples/atlas/index.cfm,no_direct_or_indirect_parsed_pdf
75196,Apollo 17,,,,https://www.lpi.usra.edu/lunar/samples/atlas/detail/?mission=Apollo%2017&sample=75196,,https://www.lpi.usra.edu/lunar/samples/atlas/index.cfm,no_direct_or_indirect_parsed_pdf
75210,Apollo 17,,soil,"This soil was collected during LRV traverse #8, between Victory and Horatio craters in an area of dark mantle between the small craters. The area is flat with scattered craters less than 5 meters in diameter. Clods < 10 cm are found on the rims of fresh craters. ""Raindrops"" are present on the surface of the sample area.",https://www.lpi.usra.edu/lunar/samples/atlas/detail/?mission=Apollo%2017&sample=75210,,https://www.lpi.usra.edu/lunar/samples/atlas/index.cfm,no_direct_or_indirect_parsed_pdf
75224,Apollo 17,,,,https://www.lpi.usra.edu/lunar/samples/atlas/detail/?mission=Apollo%2017&sample=75224,,https://www.lpi.usra.edu/lunar/samples/atlas/index.cfm,no_direct_or_indirect_parsed_pdf
75701,Apollo 17,rake,,,https://www.lpi.usra.edu/lunar/samples/atlas/detail/?mission=Apollo%2017&sample=75701,,https://www.lpi.usra.edu/lunar/samples/atlas/index.cfm,no_direct_or_indirect_parsed_pdf
76037,Apollo 17,soil-general,high-Ti mare basalt,High-Ti Mare Basalt,https://www.lpi.usra.edu/lunar/samples/atlas/detail/?mission=Apollo%2017&sample=76037,,https://www.lpi.usra.edu/lunar/samples/atlas/index.cfm,no_direct_or_indirect_parsed_pdf
76210,Apollo 17,,,,https://www.lpi.usra.edu/lunar/samples/atlas/detail/?mission=Apollo%2017&sample=76210,,https://www.lpi.usra.edu/lunar/samples/atlas/index.cfm,no_direct_or_indirect_parsed_pdf
76250,Apollo 17,,,,https://www.lpi.usra.edu/lunar/samples/atlas/detail/?mission=Apollo%2017&sample=76250,,https://www.lpi.usra.edu/lunar/samples/atlas/index.cfm,no_direct_or_indirect_parsed_pdf
76270,Apollo 17,,,,https://www.lpi.usra.edu/lunar/samples/atlas/detail/?mission=Apollo%2017&sample=76270,,https://www.lpi.usra.edu/lunar/samples/atlas/index.cfm,no_direct_or_indirect_parsed_pdf
76290,Apollo 17,,,,https://www.lpi.usra.edu/lunar/samples/atlas/detail/?mission=Apollo%2017&sample=76290,,https://www.lpi.usra.edu/lunar/samples/atlas/index.cfm,no_direct_or_indirect_parsed_pdf
76320,Apollo 17,,soil,Surface soil collected at Station 6 on flat face of boulder 1. The site slopes 10 degrees to the north with fragments up to 5 cm scattered about. A few 5-10 cm crataers are found in the area.,https://www.lpi.usra.edu/lunar/samples/atlas/detail/?mission=Apollo%2017&sample=76320,,https://www.lpi.usra.edu/lunar/samples/atlas/index.cfm,no_direct_or_indirect_parsed_pdf
76540,Apollo 17,,,,https://www.lpi.usra.edu/lunar/samples/atlas/detail/?mission=Apollo%2017&sample=76540,,https://www.lpi.usra.edu/lunar/samples/atlas/index.cfm,no_direct_or_indirect_parsed_pdf
76541,Apollo 17,,,,https://www.lpi.usra.edu/lunar/samples/atlas/detail/?mission=Apollo%2017&sample=76541,,https://www.lpi.usra.edu/lunar/samples/atlas/index.cfm,no_direct_or_indirect_parsed_pdf
76542,Apollo 17,,,,https://www.lpi.usra.edu/lunar/samples/atlas/detail/?mission=Apollo%2017&sample=76542,,https://www.lpi.usra.edu/lunar/samples/atlas/index.cfm,no_direct_or_indirect_parsed_pdf
76543,Apollo 17,,,,https://www.lpi.usra.edu/lunar/samples/atlas/detail/?mission=Apollo%2017&sample=76543,,https://www.lpi.usra.edu/lunar/samples/atlas/index.cfm,no_direct_or_indirect_parsed_pdf
76544,Apollo 17,,,,https://www.lpi.usra.edu/lunar/samples/atlas/detail/?mission=Apollo%2017&sample=76544,,https://www.lpi.usra.edu/lunar/samples/atlas/index.cfm,no_direct_or_indirect_parsed_pdf
76550,Apollo 17,,,,https://www.lpi.usra.edu/lunar/samples/atlas/detail/?mission=Apollo%2017&sample=76550,,https://www.lpi.usra.edu/lunar/samples/atlas/index.cfm,no_direct_or_indirect_parsed_pdf
76551,Apollo 17,,,,https://www.lpi.usra.edu/lunar/samples/atlas/detail/?mission=Apollo%2017&sample=76551,,https://www.lpi.usra.edu/lunar/samples/atlas/index.cfm,no_direct_or_indirect_parsed_pdf
76552,Apollo 17,,,,https://www.lpi.usra.edu/lunar/samples/atlas/detail/?mission=Apollo%2017&sample=76552,,https://www.lpi.usra.edu/lunar/samples/atlas/index.cfm,no_direct_or_indirect_parsed_pdf
76553,Apollo 17,,,,https://www.lpi.usra.edu/lunar/samples/atlas/detail/?mission=Apollo%2017&sample=76553,,https://www.lpi.usra.edu/lunar/samples/atlas/index.cfm,no_direct_or_indirect_parsed_pdf
76554,Apollo 17,,,,https://www.lpi.usra.edu/lunar/samples/atlas/detail/?mission=Apollo%2017&sample=76554,,https://www.lpi.usra.edu/lunar/samples/atlas/index.cfm,no_direct_or_indirect_parsed_pdf
76560,Apollo 17,,,,https://www.lpi.usra.edu/lunar/samples/atlas/detail/?mission=Apollo%2017&sample=76560,,https://www.lpi.usra.edu/lunar/samples/atlas/index.cfm,no_direct_or_indirect_parsed_pdf
76561,Apollo 17,,,,https://www.lpi.usra.edu/lunar/samples/atlas/detail/?mission=Apollo%2017&sample=76561,,https://www.lpi.usra.edu/lunar/samples/atlas/index.cfm,no_direct_or_indirect_parsed_pdf
76562,Apollo 17,,,,https://www.lpi.usra.edu/lunar/samples/atlas/detail/?mission=Apollo%2017&sample=76562,,https://www.lpi.usra.edu/lunar/samples/atlas/index.cfm,no_direct_or_indirect_parsed_pdf
76563,Apollo 17,,,,https://www.lpi.usra.edu/lunar/samples/atlas/detail/?mission=Apollo%2017&sample=76563,,https://www.lpi.usra.edu/lunar/samples/atlas/index.cfm,no_direct_or_indirect_parsed_pdf
76564,Apollo 17,,,,https://www.lpi.usra.edu/lunar/samples/atlas/detail/?mission=Apollo%2017&sample=76564,,https://www.lpi.usra.edu/lunar/samples/atlas/index.cfm,no_direct_or_indirect_parsed_pdf
76570,Apollo 17,,,,https://www.lpi.usra.edu/lunar/samples/atlas/detail/?mission=Apollo%2017&sample=76570,,https://www.lpi.usra.edu/lunar/samples/atlas/index.cfm,no_direct_or_indirect_parsed_pdf
76571,Apollo 17,,,,https://www.lpi.usra.edu/lunar/samples/atlas/detail/?mission=Apollo%2017&sample=76571,,https://www.lpi.usra.edu/lunar/samples/atlas/index.cfm,no_direct_or_indirect_parsed_pdf
76572,Apollo 17,,,,https://www.lpi.usra.edu/lunar/samples/atlas/detail/?mission=Apollo%2017&sample=76572,,https://www.lpi.usra.edu/lunar/samples/atlas/index.cfm,no_direct_or_indirect_parsed_pdf
76573,Apollo 17,,,,https://www.lpi.usra.edu/lunar/samples/atlas/detail/?mission=Apollo%2017&sample=76573,,https://www.lpi.usra.edu/lunar/samples/atlas/index.cfm,no_direct_or_indirect_parsed_pdf
76574,Apollo 17,,,,https://www.lpi.usra.edu/lunar/samples/atlas/detail/?mission=Apollo%2017&sample=76574,,https://www.lpi.usra.edu/lunar/samples/atlas/index.cfm,no_direct_or_indirect_parsed_pdf
77110,Apollo 17,,,,https://www.lpi.usra.edu/lunar/samples/atlas/detail/?mission=Apollo%2017&sample=77110,,https://www.lpi.usra.edu/lunar/samples/atlas/index.cfm,no_direct_or_indirect_parsed_pdf
77512,Apollo 17,,,,https://www.lpi.usra.edu/lunar/samples/atlas/detail/?mission=Apollo%2017&sample=77512,,https://www.lpi.usra.edu/lunar/samples/atlas/index.cfm,no_direct_or_indirect_parsed_pdf
77513,Apollo 17,,,,https://www.lpi.usra.edu/lunar/samples/atlas/detail/?mission=Apollo%2017&sample=77513,,https://www.lpi.usra.edu/lunar/samples/atlas/index.cfm,no_direct_or_indirect_parsed_pdf
77514,Apollo 17,,,,https://www.lpi.usra.edu/lunar/samples/atlas/detail/?mission=Apollo%2017&sample=77514,,https://www.lpi.usra.edu/lunar/samples/atlas/index.cfm,no_direct_or_indirect_parsed_pdf
77525,Apollo 17,rake,impact melt breccia,Impact Melt Breccia,https://www.lpi.usra.edu/lunar/samples/atlas/detail/?mission=Apollo%2017&sample=77525,,https://www.lpi.usra.edu/lunar/samples/atlas/index.cfm,no_direct_or_indirect_parsed_pdf
77526,Apollo 17,rake,impact melt breccia,Impact Melt Breccia,https://www.lpi.usra.edu/lunar/samples/atlas/detail/?mission=Apollo%2017&sample=77526,,https://www.lpi.usra.edu/lunar/samples/atlas/index.cfm,no_direct_or_indirect_parsed_pdf
78124,Apollo 17,,,,https://www.lpi.usra.edu/lunar/samples/atlas/detail/?mission=Apollo%2017&sample=78124,,https://www.lpi.usra.edu/lunar/samples/atlas/index.cfm,no_direct_or_indirect_parsed_pdf
78130,Apollo 17,,,,https://www.lpi.usra.edu/lunar/samples/atlas/detail/?mission=Apollo%2017&sample=78130,,https://www.lpi.usra.edu/lunar/samples/atlas/index.cfm,no_direct_or_indirect_parsed_pdf
78150,Apollo 17,,,,https://www.lpi.usra.edu/lunar/samples/atlas/detail/?mission=Apollo%2017&sample=78150,,https://www.lpi.usra.edu/lunar/samples/atlas/index.cfm,no_direct_or_indirect_parsed_pdf
78510,Apollo 17,,,,https://www.lpi.usra.edu/lunar/samples/atlas/detail/?mission=Apollo%2017&sample=78510,,https://www.lpi.usra.edu/lunar/samples/atlas/index.cfm,no_direct_or_indirect_parsed_pdf
78511,Apollo 17,,,,https://www.lpi.usra.edu/lunar/samples/atlas/detail/?mission=Apollo%2017&sample=78511,,https://www.lpi.usra.edu/lunar/samples/atlas/index.cfm,no_direct_or_indirect_parsed_pdf
78512,Apollo 17,,,,https://www.lpi.usra.edu/lunar/samples/atlas/detail/?mission=Apollo%2017&sample=78512,,https://www.lpi.usra.edu/lunar/samples/atlas/index.cfm,no_direct_or_indirect_parsed_pdf
78513,Apollo 17,,,,https://www.lpi.usra.edu/lunar/samples/atlas/detail/?mission=Apollo%2017&sample=78513,,https://www.lpi.usra.edu/lunar/samples/atlas/index.cfm,no_direct_or_indirect_parsed_pdf
78514,Apollo 17,,,,https://www.lpi.usra.edu/lunar/samples/atlas/detail/?mission=Apollo%2017&sample=78514,,https://www.lpi.usra.edu/lunar/samples/atlas/index.cfm,no_direct_or_indirect_parsed_pdf
78540,Apollo 17,,,,https://www.lpi.usra.edu/lunar/samples/atlas/detail/?mission=Apollo%2017&sample=78540,,https://www.lpi.usra.edu/lunar/samples/atlas/index.cfm,no_direct_or_indirect_parsed_pdf
78541,Apollo 17,,,,https://www.lpi.usra.edu/lunar/samples/atlas/detail/?mission=Apollo%2017&sample=78541,,https://www.lpi.usra.edu/lunar/samples/atlas/index.cfm,no_direct_or_indirect_parsed_pdf
78542,Apollo 17,,,,https://www.lpi.usra.edu/lunar/samples/atlas/detail/?mission=Apollo%2017&sample=78542,,https://www.lpi.usra.edu/lunar/samples/atlas/index.cfm,no_direct_or_indirect_parsed_pdf
78543,Apollo 17,,,,https://www.lpi.usra.edu/lunar/samples/atlas/detail/?mission=Apollo%2017&sample=78543,,https://www.lpi.usra.edu/lunar/samples/atlas/index.cfm,no_direct_or_indirect_parsed_pdf
78544,Apollo 17,,,,https://www.lpi.usra.edu/lunar/samples/atlas/detail/?mission=Apollo%2017&sample=78544,,https://www.lpi.usra.edu/lunar/samples/atlas/index.cfm,no_direct_or_indirect_parsed_pdf
78550,Apollo 17,,,,https://www.lpi.usra.edu/lunar/samples/atlas/detail/?mission=Apollo%2017&sample=78550,,https://www.lpi.usra.edu/lunar/samples/atlas/index.cfm,no_direct_or_indirect_parsed_pdf
78551,Apollo 17,,,,https://www.lpi.usra.edu/lunar/samples/atlas/detail/?mission=Apollo%2017&sample=78551,,https://www.lpi.usra.edu/lunar/samples/atlas/index.cfm,no_direct_or_indirect_parsed_pdf
78552,Apollo 17,,,,https://www.lpi.usra.edu/lunar/samples/atlas/detail/?mission=Apollo%2017&sample=78552,,https://www.lpi.usra.edu/lunar/samples/atlas/index.cfm,no_direct_or_indirect_parsed_pdf
78553,Apollo 17,,,,https://www.lpi.usra.edu/lunar/samples/atlas/detail/?mission=Apollo%2017&sample=78553,,https://www.lpi.usra.edu/lunar/samples/atlas/index.cfm,no_direct_or_indirect_parsed_pdf
78554,Apollo 17,,,,https://www.lpi.usra.edu/lunar/samples/atlas/detail/?mission=Apollo%2017&sample=78554,,https://www.lpi.usra.edu/lunar/samples/atlas/index.cfm,no_direct_or_indirect_parsed_pdf
78560,Apollo 17,,,,https://www.lpi.usra.edu/lunar/samples/atlas/detail/?mission=Apollo%2017&sample=78560,,https://www.lpi.usra.edu/lunar/samples/atlas/index.cfm,no_direct_or_indirect_parsed_pdf
78561,Apollo 17,,,,https://www.lpi.usra.edu/lunar/samples/atlas/detail/?mission=Apollo%2017&sample=78561,,https://www.lpi.usra.edu/lunar/samples/atlas/index.cfm,no_direct_or_indirect_parsed_pdf
78563,Apollo 17,,,,https://www.lpi.usra.edu/lunar/samples/atlas/detail/?mission=Apollo%2017&sample=78563,,https://www.lpi.usra.edu/lunar/samples/atlas/index.cfm,no_direct_or_indirect_parsed_pdf
78564,Apollo 17,,,,https://www.lpi.usra.edu/lunar/samples/atlas/detail/?mission=Apollo%2017&sample=78564,,https://www.lpi.usra.edu/lunar/samples/atlas/index.cfm,no_direct_or_indirect_parsed_pdf
78570,Apollo 17,,,,https://www.lpi.usra.edu/lunar/samples/atlas/detail/?mission=Apollo%2017&sample=78570,,https://www.lpi.usra.edu/lunar/samples/atlas/index.cfm,no_direct_or_indirect_parsed_pdf
78571,Apollo 17,,,,https://www.lpi.usra.edu/lunar/samples/atlas/detail/?mission=Apollo%2017&sample=78571,,https://www.lpi.usra.edu/lunar/samples/atlas/index.cfm,no_direct_or_indirect_parsed_pdf
78572,Apollo 17,,,,https://www.lpi.usra.edu/lunar/samples/atlas/detail/?mission=Apollo%2017&sample=78572,,https://www.lpi.usra.edu/lunar/samples/atlas/index.cfm,no_direct_or_indirect_parsed_pdf
78573,Apollo 17,,,,https://www.lpi.usra.edu/lunar/samples/atlas/detail/?mission=Apollo%2017&sample=78573,,https://www.lpi.usra.edu/lunar/samples/atlas/index.cfm,no_direct_or_indirect_parsed_pdf
78574,Apollo 17,,,,https://www.lpi.usra.edu/lunar/samples/atlas/detail/?mission=Apollo%2017&sample=78574,,https://www.lpi.usra.edu/lunar/samples/atlas/index.cfm,no_direct_or_indirect_parsed_pdf
78580,Apollo 17,,,,https://www.lpi.usra.edu/lunar/samples/atlas/detail/?mission=Apollo%2017&sample=78580,,https://www.lpi.usra.edu/lunar/samples/atlas/index.cfm,no_direct_or_indirect_parsed_pdf
78581,Apollo 17,,,,https://www.lpi.usra.edu/lunar/samples/atlas/detail/?mission=Apollo%2017&sample=78581,,https://www.lpi.usra.edu/lunar/samples/atlas/index.cfm,no_direct_or_indirect_parsed_pdf
78582,Apollo 17,,,,https://www.lpi.usra.edu/lunar/samples/atlas/detail/?mission=Apollo%2017&sample=78582,,https://www.lpi.usra.edu/lunar/samples/atlas/index.cfm,no_direct_or_indirect_parsed_pdf
78583,Apollo 17,,,,https://www.lpi.usra.edu/lunar/samples/atlas/detail/?mission=Apollo%2017&sample=78583,,https://www.lpi.usra.edu/lunar/samples/atlas/index.cfm,no_direct_or_indirect_parsed_pdf
78584,Apollo 17,,,,https://www.lpi.usra.edu/lunar/samples/atlas/detail/?mission=Apollo%2017&sample=78584,,https://www.lpi.usra.edu/lunar/samples/atlas/index.cfm,no_direct_or_indirect_parsed_pdf
78590,Apollo 17,,,,https://www.lpi.usra.edu/lunar/samples/atlas/detail/?mission=Apollo%2017&sample=78590,,https://www.lpi.usra.edu/lunar/samples/atlas/index.cfm,no_direct_or_indirect_parsed_pdf
78591,Apollo 17,,,,https://www.lpi.usra.edu/lunar/samples/atlas/detail/?mission=Apollo%2017&sample=78591,,https://www.lpi.usra.edu/lunar/samples/atlas/index.cfm,no_direct_or_indirect_parsed_pdf
78592,Apollo 17,,,,https://www.lpi.usra.edu/lunar/samples/atlas/detail/?mission=Apollo%2017&sample=78592,,https://www.lpi.usra.edu/lunar/samples/atlas/index.cfm,no_direct_or_indirect_parsed_pdf
78593,Apollo 17,,,,https://www.lpi.usra.edu/lunar/samples/atlas/detail/?mission=Apollo%2017&sample=78593,,https://www.lpi.usra.edu/lunar/samples/atlas/index.cfm,no_direct_or_indirect_parsed_pdf
78594,Apollo 17,,,,https://www.lpi.usra.edu/lunar/samples/atlas/detail/?mission=Apollo%2017&sample=78594,,https://www.lpi.usra.edu/lunar/samples/atlas/index.cfm,no_direct_or_indirect_parsed_pdf
79511,Apollo 17,,,,https://www.lpi.usra.edu/lunar/samples/atlas/detail/?mission=Apollo%2017&sample=79511,,https://www.lpi.usra.edu/lunar/samples/atlas/index.cfm,no_direct_or_indirect_parsed_pdf
79512,Apollo 17,,,,https://www.lpi.usra.edu/lunar/samples/atlas/detail/?mission=Apollo%2017&sample=79512,,https://www.lpi.usra.edu/lunar/samples/atlas/index.cfm,no_direct_or_indirect_parsed_pdf
79513,Apollo 17,,,,https://www.lpi.usra.edu/lunar/samples/atlas/detail/?mission=Apollo%2017&sample=79513,,https://www.lpi.usra.edu/lunar/samples/atlas/index.cfm,no_direct_or_indirect_parsed_pdf
79514,Apollo 17,,,,https://www.lpi.usra.edu/lunar/samples/atlas/detail/?mission=Apollo%2017&sample=79514,,https://www.lpi.usra.edu/lunar/samples/atlas/index.cfm,no_direct_or_indirect_parsed_pdf
79517,Apollo 17,rock,breccia,Dark Matrix Breccia; the orignal sample remains intact as of the Catalog (Oct 1993) and no wrk has been conducted.,https://www.lpi.usra.edu/lunar/samples/atlas/detail/?mission=Apollo%2017&sample=79517,,https://www.lpi.usra.edu/lunar/samples/atlas/index.cfm,no_direct_or_indirect_parsed_pdf
79518,Apollo 17,rock,breccia,Dark Matrix Breccia; original sample remains intact as of this Catalog (Oct 1993); no work has been conducted,https://www.lpi.usra.edu/lunar/samples/atlas/detail/?mission=Apollo%2017&sample=79518,,https://www.lpi.usra.edu/lunar/samples/atlas/index.cfm,no_direct_or_indirect_parsed_pdf
79519,Apollo 17,rock,breccia,Dark Matrix Breccia; orignal sample remains intact as of this Catalog (Oct 1993); no work has been conducted,https://www.lpi.usra.edu/lunar/samples/atlas/detail/?mission=Apollo%2017&sample=79519,,https://www.lpi.usra.edu/lunar/samples/atlas/index.cfm,no_direct_or_indirect_parsed_pdf
79520,Apollo 17,,,,https://www.lpi.usra.edu/lunar/samples/atlas/detail/?mission=Apollo%2017&sample=79520,,https://www.lpi.usra.edu/lunar/samples/atlas/index.cfm,no_direct_or_indirect_parsed_pdf
79521,Apollo 17,,,,https://www.lpi.usra.edu/lunar/samples/atlas/detail/?mission=Apollo%2017&sample=79521,,https://www.lpi.usra.edu/lunar/samples/atlas/index.cfm,no_direct_or_indirect_parsed_pdf
79522,Apollo 17,,,,https://www.lpi.usra.edu/lunar/samples/atlas/detail/?mission=Apollo%2017&sample=79522,,https://www.lpi.usra.edu/lunar/samples/atlas/index.cfm,no_direct_or_indirect_parsed_pdf
79523,Apollo 17,,,,https://www.lpi.usra.edu/lunar/samples/atlas/detail/?mission=Apollo%2017&sample=79523,,https://www.lpi.usra.edu/lunar/samples/atlas/index.cfm,no_direct_or_indirect_parsed_pdf
79524,Apollo 17,,,,https://www.lpi.usra.edu/lunar/samples/atlas/detail/?mission=Apollo%2017&sample=79524,,https://www.lpi.usra.edu/lunar/samples/atlas/index.cfm,no_direct_or_indirect_parsed_pdf
79525,Apollo 17,rock,breccia,Dark Matrix Breccia; original sample remains intact as of this Catalog (Oct 1993); no work has been conducted,https://www.lpi.usra.edu/lunar/samples/atlas/detail/?mission=Apollo%2017&sample=79525,,https://www.lpi.usra.edu/lunar/samples/atlas/index.cfm,no_direct_or_indirect_parsed_pdf
79526,Apollo 17,rock,breccia,Dark Matrix Breccia; original sample remains intack as of this Catalog (Oct 1993); no work has been conducted,https://www.lpi.usra.edu/lunar/samples/atlas/detail/?mission=Apollo%2017&sample=79526,,https://www.lpi.usra.edu/lunar/samples/atlas/index.cfm,no_direct_or_indirect_parsed_pdf
79527,Apollo 17,rock,breccia,Dark Matrix Breccia; original sample remains intact as of this Catalog (Oct 1993); no work has been conducted,https://www.lpi.usra.edu/lunar/samples/atlas/detail/?mission=Apollo%2017&sample=79527,,https://www.lpi.usra.edu/lunar/samples/atlas/index.cfm,no_direct_or_indirect_parsed_pdf
79528,Apollo 17,rock,breccia,Dark Matrix Breccia; original sample remains intact as of this Catalog (Oct 1993); no work has been conducted,https://www.lpi.usra.edu/lunar/samples/atlas/detail/?mission=Apollo%2017&sample=79528,,https://www.lpi.usra.edu/lunar/samples/atlas/index.cfm,no_direct_or_indirect_parsed_pdf
79529,Apollo 17,rock,breccia,Dark Matrix Breccia; original sample remains intact as of this Catalog (Oct 1993); no work has been conducted,https://www.lpi.usra.edu/lunar/samples/atlas/detail/?mission=Apollo%2017&sample=79529,,https://www.lpi.usra.edu/lunar/samples/atlas/index.cfm,no_direct_or_indirect_parsed_pdf
79530,Apollo 17,,,,https://www.lpi.usra.edu/lunar/samples/atlas/detail/?mission=Apollo%2017&sample=79530,,https://www.lpi.usra.edu/lunar/samples/atlas/index.cfm,no_direct_or_indirect_parsed_pdf
79531,Apollo 17,,,,https://www.lpi.usra.edu/lunar/samples/atlas/detail/?mission=Apollo%2017&sample=79531,,https://www.lpi.usra.edu/lunar/samples/atlas/index.cfm,no_direct_or_indirect_parsed_pdf
79532,Apollo 17,,,,https://www.lpi.usra.edu/lunar/samples/atlas/detail/?mission=Apollo%2017&sample=79532,,https://www.lpi.usra.edu/lunar/samples/atlas/index.cfm,no_direct_or_indirect_parsed_pdf
79533,Apollo 17,,,,https://www.lpi.usra.edu/lunar/samples/atlas/detail/?mission=Apollo%2017&sample=79533,,https://www.lpi.usra.edu/lunar/samples/atlas/index.cfm,no_direct_or_indirect_parsed_pdf
79534,Apollo 17,,,,https://www.lpi.usra.edu/lunar/samples/atlas/detail/?mission=Apollo%2017&sample=79534,,https://www.lpi.usra.edu/lunar/samples/atlas/index.cfm,no_direct_or_indirect_parsed_pdf
79535,Apollo 17,rock,breccia,Dark Mtarix Breccia; original sample remains intact as of this Catalog (Oct 1993); no work has been conducted,https://www.lpi.usra.edu/lunar/samples/atlas/detail/?mission=Apollo%2017&sample=79535,,https://www.lpi.usra.edu/lunar/samples/atlas/index.cfm,no_direct_or_indirect_parsed_pdf
79536,Apollo 17,rock,breccia,Dark Matrix Breccia; the original sample remains intact as of this Catalog (Oct 1993); no work has been conducted,https://www.lpi.usra.edu/lunar/samples/atlas/detail/?mission=Apollo%2017&sample=79536,,https://www.lpi.usra.edu/lunar/samples/atlas/index.cfm,no_direct_or_indirect_parsed_pdf
79537,Apollo 17,rock,breccia,Dark Matrix Breccia; original sample remains intact as of this Catalog (Oct 1993); no work has been conducted,https://www.lpi.usra.edu/lunar/samples/atlas/detail/?mission=Apollo%2017&sample=79537,,https://www.lpi.usra.edu/lunar/samples/atlas/index.cfm,no_direct_or_indirect_parsed_pdf
