  5082
   1000.0   0.05704
   1000.2   0.05722
   1000.4   0.05715
   1000.6   0.05716
   1000.8   0.05733
   1001.0   0.05740
   1001.2   0.05716
   1001.4   0.05692
   1001.6   0.05700
   1001.8   0.05701
   1001.9   0.05712
   1002.1   0.05728
   1002.3   0.05719
   1002.5   0.05708
   1002.7   0.05713
   1002.9   0.05724
   1003.1   0.05727
   1003.3   0.05707
   1003.5   0.05703
   1003.7   0.05718
   1003.9   0.05705
   1004.1   0.05687
   1004.3   0.05682
   1004.5   0.05697
   1004.7   0.05709
   1004.9   0.05712
   1005.0   0.05709
   1005.3   0.05719
   1005.4   0.05725
   1005.6   0.05708
   1005.8   0.05704
   1006.0   0.05702
   1006.2   0.05699
   1006.4   0.05696
   1006.6   0.05701
   1006.8   0.05689
   1007.0   0.05681
   1007.2   0.05688
   1007.4   0.05701
   1007.6   0.05699
   1007.8   0.05686
   1008.0   0.05681
   1008.2   0.05693
   1008.4   0.05697
   1008.6   0.05681
   1008.8   0.05671
   1009.0   0.05685
   1009.2   0.05707
   1009.4   0.05703
   1009.5   0.05691
   1009.8   0.05696
   1010.0   0.05702
   1010.1   0.05703
   1010.3   0.05696
   1010.5   0.05688
   1010.7   0.05689
   1010.9   0.05690
   1011.1   0.05695
   1011.3   0.05695
   1011.5   0.05683
   1011.7   0.05677
   1011.9   0.05686
   1012.1   0.05694
   1012.3   0.05699
   1012.5   0.05694
   1012.7   0.05685
   1012.9   0.05689
   1013.1   0.05674
   1013.3   0.05666
   1013.5   0.05689
   1013.7   0.05693
   1013.9   0.05677
   1014.1   0.05673
   1014.3   0.05675
   1014.5   0.05671
   1014.7   0.05676
   1014.9   0.05681
   1015.1   0.05679
   1015.3   0.05680
   1015.5   0.05683
   1015.7   0.05684
   1015.9   0.05686
   1016.1   0.05685
   1016.3   0.05670
   1016.5   0.05660
   1016.7   0.05667
   1016.9   0.05685
   1017.1   0.05696
   1017.3   0.05690
   1017.5   0.05675
   1017.7   0.05666
   1017.9   0.05662
   1018.1   0.05660
   1018.3   0.05680
   1018.5   0.05684
   1018.7   0.05687
   1018.9   0.05684
   1019.1   0.05683
   1019.3   0.05671
   1019.5   0.05665
   1019.7   0.05654
   1019.9   0.05649
   1020.1   0.05662
   1020.3   0.05670
   1020.5   0.05673
   1020.7   0.05672
   1020.9   0.05668
   1021.1   0.05667
   1021.3   0.05668
   1021.5   0.05663
   1021.7   0.05658
   1021.9   0.05651
   1022.1   0.05657
   1022.3   0.05669
   1022.5   0.05672
   1022.7   0.05669
   1022.9   0.05665
   1023.1   0.05657
   1023.3   0.05652
   1023.5   0.05658
   1023.7   0.05657
   1023.9   0.05660
   1024.1   0.05660
   1024.3   0.05654
   1024.5   0.05644
   1024.7   0.05638
   1024.9   0.05635
   1025.1   0.05644
   1025.3   0.05652
   1025.5   0.05659
   1025.7   0.05662
   1025.9   0.05658
   1026.1   0.05660
   1026.3   0.05652
   1026.5   0.05649
   1026.8   0.05642
   1026.9   0.05638
   1027.2   0.05641
   1027.4   0.05645
   1027.6   0.05644
   1027.8   0.05636
   1028.0   0.05623
   1028.2   0.05627
   1028.4   0.05643
   1028.6   0.05637
   1028.8   0.05632
   1029.0   0.05636
   1029.2   0.05634
   1029.4   0.05638
   1029.6   0.05630
   1029.8   0.05619
   1030.0   0.05614
   1030.2   0.05608
   1030.4   0.05618
   1030.6   0.05630
   1030.8   0.05629
   1031.0   0.05640
   1031.2   0.05634
   1031.4   0.05622
   1031.7   0.05620
   1031.8   0.05617
   1032.1   0.05620
   1032.3   0.05625
   1032.5   0.05623
   1032.7   0.05617
   1032.9   0.05611
   1033.1   0.05611
   1033.3   0.05626
   1033.5   0.05627
   1033.7   0.05621
   1033.9   0.05620
   1034.1   0.05624
   1034.3   0.05620
   1034.5   0.05617
   1034.7   0.05616
   1034.9   0.05611
   1035.2   0.05606
   1035.4   0.05620
   1035.6   0.05618
   1035.8   0.05617
   1036.0   0.05624
   1036.2   0.05609
   1036.4   0.05603
   1036.6   0.05602
   1036.8   0.05599
   1037.0   0.05603
   1037.2   0.05602
   1037.4   0.05599
   1037.6   0.05594
   1037.8   0.05588
   1038.1   0.05598
   1038.3   0.05612
   1038.5   0.05603
   1038.7   0.05594
   1038.9   0.05606
   1039.1   0.05615
   1039.3   0.05619
   1039.5   0.05609
   1039.7   0.05597
   1039.9   0.05595
   1040.1   0.05592
   1040.3   0.05598
   1040.6   0.05604
   1040.8   0.05599
   1041.0   0.05599
   1041.2   0.05604
   1041.4   0.05601
   1041.6   0.05597
   1041.8   0.05603
   1042.0   0.05605
   1042.2   0.05602
   1042.4   0.05597
   1042.6   0.05599
   1042.8   0.05595
   1043.1   0.05584
   1043.3   0.05588
   1043.5   0.05590
   1043.7   0.05588
   1043.9   0.05584
   1044.1   0.05580
   1044.3   0.05591
   1044.5   0.05589
   1044.7   0.05584
   1045.0   0.05572
   1045.2   0.05565
   1045.4   0.05580
   1045.6   0.05579
   1045.8   0.05576
   1046.0   0.05584
   1046.2   0.05592
   1046.4   0.05582
   1046.6   0.05564
   1046.8   0.05553
   1047.1   0.05550
   1047.3   0.05554
   1047.5   0.05559
   1047.7   0.05556
   1047.9   0.05566
   1048.1   0.05576
   1048.3   0.05579
   1048.6   0.05572
   1048.8   0.05574
   1049.0   0.05576
   1049.2   0.05566
   1049.4   0.05547
   1049.6   0.05546
   1049.8   0.05551
   1050.0   0.05557
   1050.3   0.05564
   1050.5   0.05559
   1050.7   0.05545
   1050.9   0.05561
   1051.1   0.05571
   1051.3   0.05555
   1051.5   0.05549
   1051.7   0.05556
   1051.9   0.05557
   1052.2   0.05557
   1052.4   0.05564
   1052.6   0.05560
   1052.8   0.05542
   1053.0   0.05535
   1053.2   0.05550
   1053.4   0.05550
   1053.7   0.05547
   1053.9   0.05547
   1054.1   0.05542
   1054.3   0.05539
   1054.5   0.05541
   1054.7   0.05537
   1054.9   0.05532
   1055.2   0.05534
   1055.4   0.05541
   1055.6   0.05539
   1055.8   0.05536
   1056.0   0.05536
   1056.2   0.05529
   1056.4   0.05529
   1056.7   0.05541
   1056.9   0.05540
   1057.1   0.05540
   1057.3   0.05535
   1057.5   0.05521
   1057.8   0.05531
   1058.0   0.05536
   1058.2   0.05532
   1058.4   0.05529
   1058.6   0.05523
   1058.8   0.05523
   1059.0   0.05527
   1059.3   0.05525
   1059.5   0.05521
   1059.7   0.05521
   1059.9   0.05514
   1060.1   0.05524
   1060.3   0.05524
   1060.6   0.05518
   1060.8   0.05522
   1061.0   0.05515
   1061.2   0.05508
   1061.4   0.05512
   1061.6   0.05515
   1061.9   0.05513
   1062.1   0.05513
   1062.3   0.05513
   1062.5   0.05506
   1062.7   0.05502
   1062.9   0.05505
   1063.2   0.05504
   1063.4   0.05513
   1063.6   0.05514
   1063.8   0.05506
   1064.0   0.05510
   1064.3   0.05517
   1064.5   0.05507
   1064.7   0.05497
   1064.9   0.05501
   1065.1   0.05500
   1065.3   0.05499
   1065.6   0.05505
   1065.8   0.05502
   1066.0   0.05498
   1066.2   0.05501
   1066.4   0.05496
   1066.7   0.05484
   1066.9   0.05490
   1067.1   0.05501
   1067.3   0.05498
   1067.6   0.05488
   1067.8   0.05489
   1068.0   0.05488
   1068.2   0.05486
   1068.4   0.05499
   1068.7   0.05502
   1068.9   0.05489
   1069.1   0.05478
   1069.3   0.05476
   1069.5   0.05489
   1069.8   0.05493
   1070.0   0.05490
   1070.2   0.05488
   1070.4   0.05479
   1070.6   0.05480
   1070.8   0.05484
   1071.1   0.05482
   1071.3   0.05478
   1071.5   0.05475
   1071.7   0.05469
   1072.0   0.05473
   1072.2   0.05480
   1072.4   0.05474
   1072.6   0.05468
   1072.8   0.05471
   1073.1   0.05469
   1073.3   0.05473
   1073.5   0.05478
   1073.7   0.05468
   1074.0   0.05467
   1074.2   0.05471
   1074.4   0.05472
   1074.6   0.05467
   1074.8   0.05462
   1075.1   0.05464
   1075.3   0.05457
   1075.5   0.05457
   1075.7   0.05461
   1076.0   0.05464
   1076.2   0.05463
   1076.4   0.05461
   1076.6   0.05464
   1076.9   0.05470
   1077.1   0.05469
   1077.3   0.05460
   1077.5   0.05458
   1077.8   0.05457
   1078.0   0.05458
   1078.2   0.05460
   1078.4   0.05463
   1078.7   0.05453
   1078.9   0.05451
   1079.1   0.05460
   1079.3   0.05465
   1079.6   0.05460
   1079.8   0.05451
   1080.0   0.05447
   1080.2   0.05449
   1080.4   0.05452
   1080.7   0.05452
   1080.9   0.05449
   1081.1   0.05446
   1081.3   0.05448
   1081.6   0.05449
   1081.8   0.05451
   1082.0   0.05448
   1082.3   0.05438
   1082.5   0.05433
   1082.7   0.05432
   1082.9   0.05432
   1083.2   0.05435
   1083.4   0.05437
   1083.6   0.05434
   1083.8   0.05441
   1084.1   0.05439
   1084.3   0.05434
   1084.5   0.05430
   1084.7   0.05431
   1085.0   0.05429
   1085.2   0.05432
   1085.4   0.05433
   1085.7   0.05433
   1085.9   0.05435
   1086.1   0.05433
   1086.3   0.05431
   1086.6   0.05436
   1086.8   0.05441
   1087.0   0.05442
   1087.3   0.05440
   1087.5   0.05437
   1087.7   0.05432
   1087.9   0.05432
   1088.2   0.05432
   1088.4   0.05427
   1088.6   0.05424
   1088.8   0.05415
   1089.1   0.05409
   1089.3   0.05414
   1089.5   0.05411
   1089.8   0.05414
   1090.0   0.05427
   1090.2   0.05426
   1090.4   0.05412
   1090.7   0.05411
   1090.9   0.05415
   1091.1   0.05410
   1091.4   0.05411
   1091.6   0.05421
   1091.8   0.05426
   1092.1   0.05426
   1092.3   0.05425
   1092.5   0.05415
   1092.8   0.05401
   1093.0   0.05397
   1093.2   0.05399
   1093.4   0.05401
   1093.7   0.05406
   1093.9   0.05409
   1094.1   0.05407
   1094.4   0.05408
   1094.6   0.05418
   1094.8   0.05417
   1095.1   0.05405
   1095.3   0.05402
   1095.5   0.05402
   1095.8   0.05402
   1096.0   0.05402
   1096.2   0.05398
   1096.4   0.05400
   1096.7   0.05407
   1096.9   0.05404
   1097.1   0.05405
   1097.4   0.05398
   1097.6   0.05385
   1097.8   0.05392
   1098.1   0.05398
   1098.3   0.05394
   1098.5   0.05393
   1098.8   0.05391
   1099.0   0.05396
   1099.2   0.05402
   1099.5   0.05405
   1099.7   0.05402
   1099.9   0.05393
   1100.2   0.05388
   1100.4   0.05385
   1100.6   0.05385
   1100.9   0.05389
   1101.1   0.05392
   1101.3   0.05390
   1101.6   0.05391
   1101.8   0.05390
   1102.0   0.05388
   1102.3   0.05379
   1102.5   0.05379
   1102.7   0.05389
   1103.0   0.05388
   1103.2   0.05378
   1103.4   0.05381
   1103.7   0.05381
   1103.9   0.05382
   1104.2   0.05391
   1104.4   0.05395
   1104.6   0.05392
   1104.8   0.05387
   1105.1   0.05380
   1105.3   0.05375
   1105.6   0.05377
   1105.8   0.05378
   1106.0   0.05378
   1106.3   0.05379
   1106.5   0.05376
   1106.7   0.05367
   1107.0   0.05364
   1107.2   0.05367
   1107.4   0.05370
   1107.7   0.05379
   1107.9   0.05377
   1108.2   0.05374
   1108.4   0.05375
   1108.6   0.05375
   1108.9   0.05375
   1109.1   0.05370
   1109.3   0.05371
   1109.6   0.05372
   1109.8   0.05369
   1110.1   0.05362
   1110.3   0.05368
   1110.5   0.05371
   1110.8   0.05371
   1111.0   0.05375
   1111.3   0.05369
   1111.5   0.05358
   1111.7   0.05358
   1112.0   0.05368
   1112.2   0.05369
   1112.4   0.05361
   1112.7   0.05355
   1112.9   0.05358
   1113.2   0.05367
   1113.4   0.05368
   1113.6   0.05364
   1113.9   0.05363
   1114.1   0.05362
   1114.3   0.05361
   1114.6   0.05353
   1114.8   0.05350
   1115.1   0.05357
   1115.3   0.05356
   1115.6   0.05358
   1115.8   0.05360
   1116.0   0.05355
   1116.3   0.05356
   1116.5   0.05356
   1116.8   0.05352
   1117.0   0.05353
   1117.2   0.05349
   1117.5   0.05349
   1117.7   0.05356
   1118.0   0.05360
   1118.2   0.05359
   1118.4   0.05355
   1118.7   0.05347
   1118.9   0.05342
   1119.2   0.05344
   1119.4   0.05349
   1119.7   0.05349
   1119.9   0.05351
   1120.1   0.05347
   1120.4   0.05342
   1120.6   0.05348
   1120.9   0.05343
   1121.1   0.05336
   1121.3   0.05341
   1121.6   0.05336
   1121.8   0.05338
   1122.1   0.05346
   1122.3   0.05340
   1122.6   0.05343
   1122.8   0.05341
   1123.0   0.05334
   1123.3   0.05338
   1123.5   0.05343
   1123.8   0.05341
   1124.0   0.05338
   1124.3   0.05338
   1124.5   0.05340
   1124.8   0.05330
   1125.0   0.05323
   1125.2   0.05331
   1125.5   0.05342
   1125.7   0.05341
   1126.0   0.05336
   1126.2   0.05325
   1126.5   0.05326
   1126.7   0.05333
   1126.9   0.05336
   1127.2   0.05336
   1127.4   0.05333
   1127.7   0.05331
   1127.9   0.05329
   1128.2   0.05328
   1128.4   0.05329
   1128.7   0.05332
   1128.9   0.05336
   1129.2   0.05333
   1129.4   0.05333
   1129.7   0.05328
   1129.9   0.05314
   1130.1   0.05317
   1130.4   0.05332
   1130.6   0.05338
   1130.9   0.05328
   1131.1   0.05317
   1131.4   0.05316
   1131.6   0.05320
   1131.9   0.05322
   1132.1   0.05318
   1132.4   0.05315
   1132.6   0.05312
   1132.9   0.05307
   1133.1   0.05311
   1133.3   0.05315
   1133.6   0.05316
   1133.8   0.05312
   1134.1   0.05307
   1134.3   0.05311
   1134.6   0.05317
   1134.8   0.05321
   1135.1   0.05317
   1135.3   0.05315
   1135.6   0.05314
   1135.8   0.05318
   1136.1   0.05314
   1136.3   0.05307
   1136.6   0.05305
   1136.8   0.05310
   1137.1   0.05311
   1137.3   0.05306
   1137.6   0.05311
   1137.8   0.05316
   1138.1   0.05312
   1138.3   0.05301
   1138.6   0.05302
   1138.8   0.05306
   1139.1   0.05304
   1139.3   0.05306
   1139.6   0.05308
   1139.8   0.05306
   1140.1   0.05303
   1140.3   0.05304
   1140.6   0.05306
   1140.8   0.05306
   1141.1   0.05298
   1141.3   0.05294
   1141.6   0.05297
   1141.8   0.05296
   1142.1   0.05297
   1142.3   0.05298
   1142.6   0.05294
   1142.8   0.05290
   1143.1   0.05290
   1143.3   0.05289
   1143.6   0.05286
   1143.8   0.05287
   1144.1   0.05294
   1144.4   0.05304
   1144.6   0.05296
   1144.9   0.05291
   1145.1   0.05293
   1145.4   0.05296
   1145.6   0.05300
   1145.9   0.05288
   1146.1   0.05281
   1146.4   0.05283
   1146.6   0.05287
   1146.9   0.05290
   1147.1   0.05290
   1147.4   0.05291
   1147.7   0.05294
   1147.9   0.05291
   1148.2   0.05288
   1148.4   0.05284
   1148.7   0.05281
   1148.9   0.05278
   1149.2   0.05278
   1149.4   0.05274
   1149.7   0.05274
   1149.9   0.05278
   1150.2   0.05279
   1150.4   0.05275
   1150.7   0.05270
   1151.0   0.05274
   1151.2   0.05269
   1151.5   0.05268
   1151.7   0.05278
   1152.0   0.05280
   1152.2   0.05271
   1152.5   0.05267
   1152.8   0.05267
   1153.0   0.05267
   1153.3   0.05270
   1153.5   0.05268
   1153.8   0.05264
   1154.0   0.05259
   1154.3   0.05261
   1154.6   0.05269
   1154.8   0.05270
   1155.1   0.05263
   1155.3   0.05258
   1155.6   0.05267
   1155.8   0.05279
   1156.1   0.05272
   1156.4   0.05262
   1156.6   0.05262
   1156.9   0.05261
   1157.1   0.05260
   1157.4   0.05263
   1157.7   0.05267
   1157.9   0.05262
   1158.2   0.05260
   1158.4   0.05264
   1158.7   0.05257
   1158.9   0.05257
   1159.2   0.05262
   1159.5   0.05261
   1159.7   0.05256
   1160.0   0.05254
   1160.2   0.05260
   1160.5   0.05263
   1160.8   0.05256
   1161.0   0.05255
   1161.3   0.05265
   1161.5   0.05262
   1161.8   0.05258
   1162.1   0.05261
   1162.3   0.05263
   1162.6   0.05255
   1162.8   0.05247
   1163.1   0.05245
   1163.4   0.05248
   1163.6   0.05250
   1163.9   0.05246
   1164.1   0.05235
   1164.4   0.05235
   1164.7   0.05242
   1164.9   0.05243
   1165.2   0.05241
   1165.4   0.05238
   1165.7   0.05239
   1166.0   0.05238
   1166.2   0.05238
   1166.5   0.05239
   1166.8   0.05235
   1167.0   0.05232
   1167.3   0.05234
   1167.6   0.05237
   1167.8   0.05239
   1168.1   0.05242
   1168.3   0.05250
   1168.6   0.05247
   1168.9   0.05245
   1169.1   0.05240
   1169.4   0.05235
   1169.7   0.05233
   1169.9   0.05230
   1170.2   0.05227
   1170.4   0.05228
   1170.7   0.05228
   1171.0   0.05234
   1171.2   0.05237
   1171.5   0.05232
   1171.8   0.05226
   1172.0   0.05223
   1172.3   0.05221
   1172.6   0.05230
   1172.8   0.05235
   1173.1   0.05232
   1173.4   0.05228
   1173.6   0.05226
   1173.9   0.05230
   1174.2   0.05225
   1174.4   0.05219
   1174.7   0.05221
   1175.0   0.05220
   1175.2   0.05222
   1175.5   0.05222
   1175.8   0.05223
   1176.0   0.05229
   1176.3   0.05223
   1176.6   0.05211
   1176.8   0.05218
   1177.1   0.05223
   1177.4   0.05219
   1177.6   0.05215
   1177.9   0.05215
   1178.2   0.05216
   1178.4   0.05218
   1178.7   0.05217
   1179.0   0.05218
   1179.2   0.05217
   1179.5   0.05212
   1179.8   0.05210
   1180.0   0.05214
   1180.3   0.05217
   1180.6   0.05219
   1180.8   0.05215
   1181.1   0.05213
   1181.4   0.05214
   1181.7   0.05211
   1181.9   0.05208
   1182.2   0.05207
   1182.5   0.05213
   1182.7   0.05215
   1183.0   0.05209
   1183.3   0.05209
   1183.5   0.05206
   1183.8   0.05204
   1184.1   0.05199
   1184.3   0.05200
   1184.6   0.05206
   1184.9   0.05209
   1185.2   0.05206
   1185.4   0.05200
   1185.7   0.05197
   1186.0   0.05200
   1186.3   0.05200
   1186.5   0.05196
   1186.8   0.05199
   1187.1   0.05205
   1187.3   0.05199
   1187.6   0.05195
   1187.9   0.05196
   1188.2   0.05194
   1188.4   0.05191
   1188.7   0.05187
   1189.0   0.05187
   1189.2   0.05196
   1189.5   0.05198
   1189.8   0.05194
   1190.1   0.05195
   1190.3   0.05193
   1190.6   0.05189
   1190.9   0.05186
   1191.2   0.05189
   1191.4   0.05186
   1191.7   0.05180
   1192.0   0.05180
   1192.3   0.05185
   1192.5   0.05188
   1192.8   0.05189
   1193.1   0.05192
   1193.3   0.05193
   1193.6   0.05192
   1193.9   0.05189
   1194.2   0.05188
   1194.4   0.05181
   1194.7   0.05178
   1195.0   0.05179
   1195.3   0.05178
   1195.6   0.05180
   1195.8   0.05177
   1196.1   0.05176
   1196.4   0.05183
   1196.7   0.05186
   1196.9   0.05185
   1197.2   0.05184
   1197.5   0.05179
   1197.8   0.05175
   1198.0   0.05177
   1198.3   0.05177
   1198.6   0.05175
   1198.9   0.05179
   1199.2   0.05182
   1199.4   0.05180
   1199.7   0.05176
   1200.0   0.05172
   1200.3   0.05171
   1200.5   0.05171
   1200.8   0.05172
   1201.1   0.05173
   1201.4   0.05172
   1201.7   0.05172
   1201.9   0.05168
   1202.2   0.05165
   1202.5   0.05169
   1202.8   0.05174
   1203.0   0.05171
   1203.3   0.05164
   1203.6   0.05167
   1203.9   0.05170
   1204.2   0.05173
   1204.4   0.05174
   1204.7   0.05172
   1205.0   0.05171
   1205.3   0.05169
   1205.6   0.05160
   1205.8   0.05163
   1206.1   0.05171
   1206.4   0.05171
   1206.7   0.05164
   1207.0   0.05159
   1207.2   0.05159
   1207.5   0.05159
   1207.8   0.05161
   1208.1   0.05159
   1208.4   0.05158
   1208.7   0.05161
   1208.9   0.05160
   1209.2   0.05166
   1209.5   0.05166
   1209.8   0.05160
   1210.1   0.05158
   1210.3   0.05150
   1210.6   0.05154
   1210.9   0.05158
   1211.2   0.05153
   1211.5   0.05152
   1211.8   0.05156
   1212.0   0.05157
   1212.3   0.05153
   1212.6   0.05152
   1212.9   0.05155
   1213.2   0.05160
   1213.5   0.05148
   1213.7   0.05138
   1214.0   0.05144
   1214.3   0.05155
   1214.6   0.05155
   1214.9   0.05152
   1215.2   0.05155
   1215.4   0.05158
   1215.7   0.05158
   1216.0   0.05147
   1216.3   0.05147
   1216.6   0.05154
   1216.9   0.05153
   1217.2   0.05148
   1217.4   0.05149
   1217.7   0.05147
   1218.0   0.05148
   1218.3   0.05146
   1218.6   0.05143
   1218.9   0.05141
   1219.2   0.05136
   1219.4   0.05140
   1219.7   0.05147
   1220.0   0.05148
   1220.3   0.05149
   1220.6   0.05143
   1220.9   0.05136
   1221.2   0.05137
   1221.5   0.05142
   1221.8   0.05144
   1222.0   0.05137
   1222.3   0.05137
   1222.6   0.05142
   1222.9   0.05142
   1223.2   0.05137
   1223.5   0.05133
   1223.8   0.05129
   1224.1   0.05130
   1224.3   0.05136
   1224.6   0.05138
   1224.9   0.05142
   1225.2   0.05140
   1225.5   0.05135
   1225.8   0.05134
   1226.1   0.05134
   1226.4   0.05133
   1226.7   0.05129
   1227.0   0.05129
   1227.3   0.05132
   1227.5   0.05134
   1227.8   0.05132
   1228.1   0.05128
   1228.4   0.05121
   1228.7   0.05123
   1229.0   0.05131
   1229.3   0.05132
   1229.6   0.05129
   1229.9   0.05131
   1230.2   0.05135
   1230.4   0.05131
   1230.7   0.05126
   1231.0   0.05120
   1231.3   0.05122
   1231.6   0.05128
   1231.9   0.05130
   1232.2   0.05128
   1232.5   0.05128
   1232.8   0.05132
   1233.1   0.05132
   1233.4   0.05125
   1233.7   0.05119
   1234.0   0.05116
   1234.3   0.05120
   1234.6   0.05123
   1234.8   0.05119
   1235.1   0.05116
   1235.4   0.05117
   1235.7   0.05117
   1236.0   0.05121
   1236.3   0.05127
   1236.6   0.05126
   1236.9   0.05119
   1237.2   0.05117
   1237.5   0.05121
   1237.8   0.05124
   1238.1   0.05123
   1238.4   0.05122
   1238.7   0.05118
   1239.0   0.05115
   1239.3   0.05111
   1239.6   0.05115
   1239.9   0.05125
   1240.2   0.05124
   1240.5   0.05117
   1240.8   0.05109
   1241.1   0.05116
   1241.3   0.05121
   1241.7   0.05117
   1241.9   0.05117
   1242.2   0.05121
   1242.5   0.05121
   1242.8   0.05114
   1243.1   0.05114
   1243.4   0.05114
   1243.7   0.05115
   1244.0   0.05119
   1244.3   0.05116
   1244.6   0.05108
   1244.9   0.05110
   1245.2   0.05112
   1245.5   0.05109
   1245.8   0.05111
   1246.1   0.05113
   1246.4   0.05112
   1246.7   0.05108
   1247.0   0.05108
   1247.3   0.05115
   1247.6   0.05114
   1247.9   0.05110
   1248.2   0.05109
   1248.5   0.05108
   1248.8   0.05108
   1249.1   0.05106
   1249.4   0.05108
   1249.7   0.05110
   1250.0   0.05108
   1250.3   0.05106
   1250.6   0.05106
   1250.9   0.05104
   1251.2   0.05105
   1251.5   0.05107
   1251.8   0.05107
   1252.1   0.05108
   1252.4   0.05110
   1252.8   0.05104
   1253.1   0.05099
   1253.3   0.05105
   1253.7   0.05106
   1254.0   0.05102
   1254.3   0.05102
   1254.6   0.05106
   1254.9   0.05106
   1255.2   0.05104
   1255.5   0.05100
   1255.8   0.05101
   1256.1   0.05107
   1256.4   0.05110
   1256.7   0.05105
   1257.0   0.05104
   1257.3   0.05097
   1257.6   0.05094
   1257.9   0.05097
   1258.2   0.05103
   1258.5   0.05106
   1258.8   0.05103
   1259.1   0.05103
   1259.4   0.05103
   1259.8   0.05099
   1260.1   0.05091
   1260.4   0.05091
   1260.7   0.05096
   1261.0   0.05103
   1261.3   0.05105
   1261.6   0.05100
   1261.9   0.05098
   1262.2   0.05095
   1262.5   0.05092
   1262.8   0.05089
   1263.1   0.05091
   1263.4   0.05092
   1263.7   0.05093
   1264.1   0.05096
   1264.4   0.05098
   1264.7   0.05097
   1265.0   0.05096
   1265.3   0.05098
   1265.6   0.05099
   1265.9   0.05097
   1266.2   0.05097
   1266.5   0.05100
   1266.8   0.05104
   1267.1   0.05101
   1267.4   0.05095
   1267.8   0.05093
   1268.1   0.05094
   1268.4   0.05093
   1268.7   0.05093
   1269.0   0.05093
   1269.3   0.05094
   1269.6   0.05094
   1269.9   0.05090
   1270.2   0.05088
   1270.6   0.05088
   1270.9   0.05092
   1271.2   0.05092
   1271.5   0.05089
   1271.8   0.05093
   1272.1   0.05094
   1272.4   0.05097
   1272.7   0.05096
   1273.1   0.05094
   1273.4   0.05090
   1273.7   0.05088
   1274.0   0.05089
   1274.3   0.05089
   1274.6   0.05090
   1274.9   0.05087
   1275.2   0.05085
   1275.6   0.05087
   1275.9   0.05086
   1276.2   0.05086
   1276.5   0.05087
   1276.8   0.05087
   1277.1   0.05091
   1277.4   0.05088
   1277.8   0.05086
   1278.1   0.05090
   1278.4   0.05092
   1278.7   0.05087
   1279.0   0.05083
   1279.3   0.05087
   1279.7   0.05093
   1280.0   0.05091
   1280.3   0.05088
   1280.6   0.05085
   1280.9   0.05081
   1281.2   0.05082
   1281.5   0.05088
   1281.9   0.05087
   1282.2   0.05089
   1282.5   0.05089
   1282.8   0.05085
   1283.1   0.05085
   1283.4   0.05085
   1283.8   0.05084
   1284.1   0.05086
   1284.4   0.05087
   1284.7   0.05087
   1285.0   0.05085
   1285.4   0.05085
   1285.7   0.05090
   1286.0   0.05091
   1286.3   0.05089
   1286.6   0.05088
   1286.9   0.05085
   1287.3   0.05085
   1287.6   0.05086
   1287.9   0.05086
   1288.2   0.05081
   1288.6   0.05083
   1288.9   0.05086
   1289.2   0.05085
   1289.5   0.05090
   1289.8   0.05091
   1290.2   0.05091
   1290.5   0.05091
   1290.8   0.05085
   1291.1   0.05083
   1291.4   0.05087
   1291.8   0.05087
   1292.1   0.05087
   1292.4   0.05088
   1292.7   0.05083
   1293.1   0.05082
   1293.4   0.05087
   1293.7   0.05086
   1294.0   0.05084
   1294.3   0.05087
   1294.7   0.05089
   1295.0   0.05091
   1295.3   0.05090
   1295.6   0.05092
   1296.0   0.05088
   1296.3   0.05084
   1296.6   0.05084
   1296.9   0.05085
   1297.3   0.05085
   1297.6   0.05085
   1297.9   0.05086
   1298.2   0.05088
   1298.6   0.05088
   1298.9   0.05084
   1299.2   0.05087
   1299.5   0.05088
   1299.9   0.05086
   1300.2   0.05086
   1300.5   0.05086
   1300.8   0.05081
   1301.2   0.05078
   1301.5   0.05079
   1301.8   0.05078
   1302.1   0.05083
   1302.5   0.05083
   1302.8   0.05078
   1303.1   0.05079
   1303.4   0.05077
   1303.8   0.05075
   1304.1   0.05079
   1304.4   0.05084
   1304.8   0.05082
   1305.1   0.05082
   1305.4   0.05082
   1305.8   0.05085
   1306.1   0.05082
   1306.4   0.05078
   1306.7   0.05078
   1307.1   0.05083
   1307.4   0.05085
   1307.7   0.05083
   1308.1   0.05080
   1308.4   0.05080
   1308.7   0.05080
   1309.1   0.05077
   1309.4   0.05078
   1309.7   0.05084
   1310.0   0.05086
   1310.4   0.05085
   1310.7   0.05084
   1311.0   0.05084
   1311.4   0.05084
   1311.7   0.05081
   1312.0   0.05083
   1312.4   0.05088
   1312.7   0.05091
   1313.0   0.05088
   1313.4   0.05079
   1313.7   0.05078
   1314.0   0.05081
   1314.4   0.05085
   1314.7   0.05085
   1315.0   0.05082
   1315.4   0.05081
   1315.7   0.05084
   1316.0   0.05090
   1316.4   0.05089
   1316.7   0.05089
   1317.0   0.05086
   1317.4   0.05086
   1317.7   0.05086
   1318.0   0.05084
   1318.4   0.05081
   1318.7   0.05079
   1319.0   0.05084
   1319.4   0.05089
   1319.7   0.05091
   1320.1   0.05092
   1320.4   0.05088
   1320.7   0.05084
   1321.1   0.05081
   1321.4   0.05082
   1321.7   0.05087
   1322.1   0.05088
   1322.4   0.05089
   1322.7   0.05090
   1323.1   0.05085
   1323.4   0.05085
   1323.8   0.05089
   1324.1   0.05091
   1324.4   0.05091
   1324.8   0.05085
   1325.1   0.05083
   1325.4   0.05083
   1325.8   0.05087
   1326.1   0.05090
   1326.5   0.05089
   1326.8   0.05088
   1327.1   0.05089
   1327.5   0.05090
   1327.8   0.05089
   1328.2   0.05084
   1328.5   0.05084
   1328.8   0.05087
   1329.2   0.05085
   1329.5   0.05082
   1329.9   0.05084
   1330.2   0.05089
   1330.6   0.05086
   1330.9   0.05082
   1331.2   0.05081
   1331.6   0.05083
   1331.9   0.05085
   1332.3   0.05086
   1332.6   0.05089
   1332.9   0.05090
   1333.3   0.05091
   1333.6   0.05091
   1334.0   0.05090
   1334.3   0.05088
   1334.7   0.05088
   1335.0   0.05090
   1335.3   0.05089
   1335.7   0.05086
   1336.0   0.05084
   1336.4   0.05086
   1336.7   0.05092
   1337.1   0.05094
   1337.4   0.05095
   1337.8   0.05092
   1338.1   0.05089
   1338.4   0.05090
   1338.8   0.05087
   1339.1   0.05082
   1339.5   0.05082
   1339.8   0.05090
   1340.2   0.05092
   1340.5   0.05091
   1340.9   0.05092
   1341.2   0.05091
   1341.6   0.05092
   1341.9   0.05091
   1342.3   0.05092
   1342.6   0.05093
   1342.9   0.05095
   1343.3   0.05095
   1343.7   0.05091
   1344.0   0.05092
   1344.3   0.05090
   1344.7   0.05088
   1345.0   0.05093
   1345.4   0.05089
   1345.7   0.05082
   1346.1   0.05086
   1346.4   0.05093
   1346.8   0.05090
   1347.1   0.05085
   1347.5   0.05091
   1347.8   0.05096
   1348.2   0.05097
   1348.5   0.05092
   1348.9   0.05090
   1349.2   0.05092
   1349.6   0.05092
   1349.9   0.05093
   1350.3   0.05094
   1350.7   0.05089
   1351.0   0.05091
   1351.3   0.05097
   1351.7   0.05097
   1352.1   0.05095
   1352.4   0.05095
   1352.8   0.05097
   1353.1   0.05096
   1353.5   0.05096
   1353.8   0.05094
   1354.2   0.05095
   1354.5   0.05097
   1354.9   0.05094
   1355.2   0.05088
   1355.6   0.05089
   1355.9   0.05096
   1356.3   0.05097
   1356.7   0.05091
   1357.0   0.05090
   1357.4   0.05096
   1357.7   0.05097
   1358.1   0.05094
   1358.4   0.05094
   1358.8   0.05097
   1359.2   0.05094
   1359.5   0.05089
   1359.9   0.05093
   1360.2   0.05094
   1360.6   0.05091
   1360.9   0.05093
   1361.3   0.05094
   1361.7   0.05094
   1362.0   0.05095
   1362.4   0.05092
   1362.7   0.05089
   1363.1   0.05092
   1363.4   0.05100
   1363.8   0.05104
   1364.2   0.05103
   1364.5   0.05103
   1364.9   0.05103
   1365.2   0.05103
   1365.6   0.05105
   1365.9   0.05102
   1366.3   0.05099
   1366.7   0.05099
   1367.0   0.05095
   1367.4   0.05094
   1367.8   0.05095
   1368.1   0.05096
   1368.5   0.05096
   1368.8   0.05095
   1369.2   0.05095
   1369.6   0.05097
   1369.9   0.05101
   1370.3   0.05101
   1370.6   0.05101
   1371.0   0.05101
   1371.4   0.05098
   1371.7   0.05095
   1372.1   0.05094
   1372.5   0.05095
   1372.8   0.05097
   1373.2   0.05101
   1373.6   0.05100
   1373.9   0.05101
   1374.3   0.05104
   1374.6   0.05101
   1375.0   0.05097
   1375.4   0.05095
   1375.7   0.05100
   1376.1   0.05100
   1376.5   0.05098
   1376.8   0.05102
   1377.2   0.05101
   1377.6   0.05098
   1377.9   0.05099
   1378.3   0.05099
   1378.7   0.05098
   1379.0   0.05100
   1379.4   0.05104
   1379.8   0.05102
   1380.1   0.05099
   1380.5   0.05100
   1380.9   0.05102
   1381.2   0.05099
   1381.6   0.05100
   1382.0   0.05106
   1382.3   0.05105
   1382.7   0.05101
   1383.1   0.05099
   1383.4   0.05101
   1383.8   0.05102
   1384.2   0.05102
   1384.6   0.05099
   1384.9   0.05096
   1385.3   0.05099
   1385.7   0.05099
   1386.0   0.05097
   1386.4   0.05098
   1386.8   0.05103
   1387.2   0.05105
   1387.5   0.05107
   1387.9   0.05104
   1388.3   0.05099
   1388.6   0.05102
   1389.0   0.05101
   1389.4   0.05104
   1389.8   0.05111
   1390.1   0.05110
   1390.5   0.05110
   1390.9   0.05108
   1391.2   0.05105
   1391.6   0.05105
   1392.0   0.05107
   1392.4   0.05108
   1392.7   0.05108
   1393.1   0.05107
   1393.5   0.05105
   1393.9   0.05103
   1394.2   0.05106
   1394.6   0.05109
   1395.0   0.05107
   1395.4   0.05109
   1395.7   0.05109
   1396.1   0.05102
   1396.5   0.05098
   1396.9   0.05102
   1397.2   0.05103
   1397.6   0.05105
   1398.0   0.05105
   1398.4   0.05102
   1398.8   0.05106
   1399.1   0.05108
   1399.5   0.05106
   1399.9   0.05104
   1400.3   0.05104
   1400.6   0.05110
   1401.0   0.05113
   1401.4   0.05109
   1401.8   0.05107
   1402.2   0.05107
   1402.5   0.05106
   1402.9   0.05107
   1403.3   0.05108
   1403.7   0.05105
   1404.1   0.05109
   1404.4   0.05112
   1404.8   0.05108
   1405.2   0.05110
   1405.6   0.05113
   1405.9   0.05111
   1406.3   0.05107
   1406.7   0.05107
   1407.1   0.05109
   1407.5   0.05108
   1407.9   0.05109
   1408.3   0.05109
   1408.6   0.05108
   1409.0   0.05108
   1409.4   0.05111
   1409.8   0.05113
   1410.2   0.05108
   1410.5   0.05106
   1410.9   0.05104
   1411.3   0.05105
   1411.7   0.05110
   1412.1   0.05112
   1412.5   0.05110
   1412.8   0.05112
   1413.2   0.05114
   1413.6   0.05112
   1414.0   0.05113
   1414.4   0.05113
   1414.8   0.05109
   1415.2   0.05109
   1415.6   0.05116
   1415.9   0.05112
   1416.3   0.05106
   1416.7   0.05109
   1417.1   0.05112
   1417.5   0.05112
   1417.9   0.05113
   1418.3   0.05115
   1418.7   0.05117
   1419.0   0.05112
   1419.4   0.05109
   1419.8   0.05109
   1420.2   0.05110
   1420.6   0.05111
   1421.0   0.05112
   1421.4   0.05113
   1421.8   0.05114
   1422.2   0.05112
   1422.5   0.05112
   1422.9   0.05113
   1423.3   0.05113
   1423.7   0.05111
   1424.1   0.05108
   1424.5   0.05109
   1424.9   0.05113
   1425.3   0.05114
   1425.7   0.05114
   1426.1   0.05112
   1426.4   0.05111
   1426.8   0.05112
   1427.2   0.05112
   1427.6   0.05110
   1428.0   0.05109
   1428.4   0.05107
   1428.8   0.05113
   1429.2   0.05117
   1429.6   0.05110
   1430.0   0.05109
   1430.4   0.05112
   1430.8   0.05113
   1431.2   0.05114
   1431.6   0.05114
   1432.0   0.05111
   1432.4   0.05110
   1432.8   0.05108
   1433.2   0.05109
   1433.6   0.05110
   1433.9   0.05109
   1434.3   0.05109
   1434.7   0.05110
   1435.1   0.05110
   1435.5   0.05110
   1435.9   0.05106
   1436.3   0.05104
   1436.7   0.05106
   1437.1   0.05108
   1437.5   0.05109
   1437.9   0.05108
   1438.3   0.05106
   1438.7   0.05107
   1439.1   0.05114
   1439.5   0.05112
   1439.9   0.05107
   1440.3   0.05107
   1440.7   0.05107
   1441.1   0.05109
   1441.5   0.05113
   1441.9   0.05110
   1442.3   0.05108
   1442.7   0.05110
   1443.1   0.05109
   1443.5   0.05110
   1443.9   0.05112
   1444.3   0.05112
   1444.7   0.05111
   1445.1   0.05111
   1445.5   0.05113
   1445.9   0.05110
   1446.3   0.05110
   1446.8   0.05112
   1447.2   0.05114
   1447.6   0.05113
   1448.0   0.05109
   1448.4   0.05106
   1448.8   0.05107
   1449.2   0.05105
   1449.6   0.05105
   1450.0   0.05108
   1450.4   0.05109
   1450.8   0.05106
   1451.2   0.05106
   1451.6   0.05107
   1452.0   0.05106
   1452.4   0.05109
   1452.8   0.05108
   1453.2   0.05103
   1453.7   0.05103
   1454.1   0.05108
   1454.5   0.05113
   1454.9   0.05116
   1455.3   0.05114
   1455.7   0.05113
   1456.1   0.05110
   1456.5   0.05106
   1456.9   0.05107
   1457.3   0.05109
   1457.7   0.05110
   1458.2   0.05107
   1458.6   0.05109
   1459.0   0.05117
   1459.4   0.05117
   1459.8   0.05110
   1460.2   0.05109
   1460.6   0.05108
   1461.0   0.05108
   1461.4   0.05109
   1461.8   0.05111
   1462.3   0.05114
   1462.7   0.05114
   1463.1   0.05112
   1463.5   0.05113
   1463.9   0.05113
   1464.3   0.05112
   1464.7   0.05113
   1465.2   0.05112
   1465.6   0.05110
   1466.0   0.05108
   1466.4   0.05108
   1466.8   0.05111
   1467.2   0.05111
   1467.6   0.05108
   1468.1   0.05110
   1468.5   0.05109
   1468.9   0.05110
   1469.3   0.05116
   1469.7   0.05114
   1470.1   0.05111
   1470.6   0.05112
   1471.0   0.05114
   1471.4   0.05113
   1471.8   0.05115
   1472.2   0.05117
   1472.6   0.05112
   1473.1   0.05113
   1473.5   0.05115
   1473.9   0.05111
   1474.3   0.05109
   1474.7   0.05112
   1475.2   0.05112
   1475.6   0.05112
   1476.0   0.05112
   1476.4   0.05111
   1476.8   0.05110
   1477.3   0.05112
   1477.7   0.05114
   1478.1   0.05111
   1478.5   0.05114
   1478.9   0.05115
   1479.4   0.05114
   1479.8   0.05117
   1480.2   0.05116
   1480.6   0.05116
   1481.1   0.05117
   1481.5   0.05116
   1481.9   0.05112
   1482.3   0.05113
   1482.8   0.05117
   1483.2   0.05111
   1483.6   0.05111
   1484.0   0.05113
   1484.4   0.05110
   1484.9   0.05110
   1485.3   0.05109
   1485.7   0.05110
   1486.2   0.05114
   1486.6   0.05112
   1487.0   0.05113
   1487.4   0.05112
   1487.9   0.05107
   1488.3   0.05111
   1488.7   0.05114
   1489.1   0.05112
   1489.6   0.05112
   1490.0   0.05111
   1490.4   0.05113
   1490.8   0.05115
   1491.3   0.05115
   1491.7   0.05112
   1492.1   0.05110
   1492.6   0.05113
   1493.0   0.05115
   1493.4   0.05112
   1493.9   0.05111
   1494.3   0.05114
   1494.7   0.05116
   1495.2   0.05118
   1495.6   0.05115
   1496.0   0.05111
   1496.4   0.05115
   1496.9   0.05112
   1497.3   0.05107
   1497.7   0.05110
   1498.2   0.05111
   1498.6   0.05113
   1499.0   0.05114
   1499.5   0.05116
   1499.9   0.05117
   1500.3   0.05115
   1500.8   0.05114
   1501.2   0.05114
   1501.7   0.05113
   1502.1   0.05116
   1502.5   0.05119
   1502.9   0.05119
   1503.4   0.05114
   1503.8   0.05111
   1504.3   0.05115
   1504.7   0.05116
   1505.1   0.05113
   1505.6   0.05111
   1506.0   0.05111
   1506.4   0.05114
   1506.9   0.05117
   1507.3   0.05114
   1507.8   0.05112
   1508.2   0.05113
   1508.6   0.05113
   1509.1   0.05114
   1509.5   0.05114
   1509.9   0.05114
   1510.4   0.05115
   1510.8   0.05116
   1511.3   0.05114
   1511.7   0.05115
   1512.2   0.05118
   1512.6   0.05118
   1513.0   0.05116
   1513.5   0.05119
   1513.9   0.05119
   1514.4   0.05115
   1514.8   0.05115
   1515.3   0.05115
   1515.7   0.05113
   1516.1   0.05114
   1516.6   0.05115
   1517.0   0.05113
   1517.5   0.05116
   1517.9   0.05117
   1518.4   0.05118
   1518.8   0.05117
   1519.3   0.05115
   1519.7   0.05117
   1520.1   0.05119
   1520.6   0.05119
   1521.0   0.05119
   1521.5   0.05119
   1521.9   0.05118
   1522.4   0.05117
   1522.8   0.05117
   1523.3   0.05119
   1523.7   0.05117
   1524.2   0.05116
   1524.6   0.05118
   1525.1   0.05118
   1525.5   0.05118
   1525.9   0.05120
   1526.4   0.05121
   1526.8   0.05119
   1527.3   0.05120
   1527.8   0.05121
   1528.2   0.05118
   1528.7   0.05115
   1529.1   0.05114
   1529.6   0.05114
   1530.0   0.05118
   1530.5   0.05122
   1530.9   0.05121
   1531.4   0.05118
   1531.8   0.05117
   1532.3   0.05121
   1532.7   0.05120
   1533.2   0.05119
   1533.6   0.05119
   1534.1   0.05119
   1534.5   0.05120
   1535.0   0.05118
   1535.4   0.05122
   1535.9   0.05123
   1536.3   0.05122
   1536.8   0.05122
   1537.3   0.05122
   1537.7   0.05125
   1538.2   0.05126
   1538.6   0.05122
   1539.1   0.05122
   1539.6   0.05124
   1540.0   0.05121
   1540.5   0.05118
   1540.9   0.05121
   1541.4   0.05121
   1541.8   0.05121
   1542.3   0.05123
   1542.8   0.05123
   1543.2   0.05121
   1543.7   0.05122
   1544.1   0.05126
   1544.6   0.05123
   1545.1   0.05118
   1545.5   0.05118
   1546.0   0.05121
   1546.4   0.05124
   1546.9   0.05124
   1547.4   0.05125
   1547.8   0.05127
   1548.3   0.05126
   1548.7   0.05124
   1549.2   0.05126
   1549.7   0.05128
   1550.1   0.05124
   1550.6   0.05122
   1551.1   0.05124
   1551.5   0.05124
   1552.0   0.05125
   1552.4   0.05128
   1552.9   0.05128
   1553.4   0.05128
   1553.8   0.05130
   1554.3   0.05129
   1554.8   0.05126
   1555.3   0.05125
   1555.7   0.05126
   1556.2   0.05129
   1556.7   0.05131
   1557.1   0.05129
   1557.6   0.05129
   1558.1   0.05131
   1558.5   0.05133
   1559.0   0.05132
   1559.5   0.05128
   1559.9   0.05127
   1560.4   0.05131
   1560.9   0.05134
   1561.3   0.05135
   1561.8   0.05134
   1562.3   0.05132
   1562.8   0.05129
   1563.2   0.05127
   1563.7   0.05129
   1564.2   0.05128
   1564.6   0.05132
   1565.1   0.05133
   1565.6   0.05132
   1566.1   0.05133
   1566.5   0.05135
   1567.0   0.05135
   1567.5   0.05132
   1567.9   0.05130
   1568.4   0.05130
   1568.9   0.05132
   1569.4   0.05130
   1569.8   0.05127
   1570.3   0.05132
   1570.8   0.05137
   1571.3   0.05132
   1571.8   0.05129
   1572.2   0.05133
   1572.7   0.05136
   1573.2   0.05139
   1573.7   0.05138
   1574.1   0.05133
   1574.6   0.05131
   1575.1   0.05133
   1575.6   0.05136
   1576.1   0.05137
   1576.5   0.05139
   1577.0   0.05138
   1577.5   0.05133
   1578.0   0.05132
   1578.4   0.05135
   1578.9   0.05136
   1579.4   0.05135
   1579.9   0.05135
   1580.4   0.05135
   1580.8   0.05133
   1581.3   0.05135
   1581.8   0.05138
   1582.3   0.05139
   1582.8   0.05136
   1583.3   0.05138
   1583.8   0.05140
   1584.2   0.05138
   1584.7   0.05139
   1585.2   0.05140
   1585.7   0.05140
   1586.2   0.05141
   1586.7   0.05138
   1587.2   0.05137
   1587.6   0.05139
   1588.1   0.05141
   1588.6   0.05141
   1589.1   0.05140
   1589.6   0.05141
   1590.1   0.05143
   1590.6   0.05145
   1591.0   0.05145
   1591.5   0.05143
   1592.0   0.05143
   1592.5   0.05144
   1593.0   0.05141
   1593.5   0.05139
   1594.0   0.05141
   1594.5   0.05144
   1595.0   0.05145
   1595.4   0.05142
   1595.9   0.05141
   1596.4   0.05143
   1596.9   0.05143
   1597.4   0.05143
   1597.9   0.05144
   1598.4   0.05147
   1598.9   0.05148
   1599.4   0.05148
   1599.9   0.05148
   1600.4   0.05149
   1600.9   0.05150
   1601.4   0.05148
   1601.9   0.05147
   1602.3   0.05149
   1602.8   0.05151
   1603.3   0.05149
   1603.8   0.05149
   1604.3   0.05151
   1604.8   0.05150
   1605.3   0.05149
   1605.8   0.05153
   1606.3   0.05152
   1606.8   0.05150
   1607.3   0.05152
   1607.8   0.05151
   1608.3   0.05151
   1608.8   0.05152
   1609.3   0.05155
   1609.8   0.05156
   1610.3   0.05154
   1610.8   0.05150
   1611.3   0.05153
   1611.8   0.05157
   1612.3   0.05159
   1612.8   0.05159
   1613.3   0.05156
   1613.8   0.05155
   1614.3   0.05157
   1614.8   0.05160
   1615.3   0.05160
   1615.8   0.05159
   1616.3   0.05155
   1616.8   0.05154
   1617.3   0.05157
   1617.8   0.05160
   1618.4   0.05159
   1618.9   0.05158
   1619.4   0.05157
   1619.9   0.05159
   1620.4   0.05161
   1620.9   0.05164
   1621.4   0.05166
   1621.9   0.05166
   1622.4   0.05165
   1622.9   0.05165
   1623.4   0.05164
   1623.9   0.05163
   1624.4   0.05165
   1624.9   0.05167
   1625.5   0.05170
   1626.0   0.05170
   1626.5   0.05168
   1627.0   0.05167
   1627.5   0.05168
   1628.0   0.05172
   1628.5   0.05173
   1629.0   0.05173
   1629.6   0.05173
   1630.1   0.05173
   1630.6   0.05173
   1631.1   0.05173
   1631.6   0.05172
   1632.1   0.05172
   1632.6   0.05170
   1633.1   0.05171
   1633.7   0.05175
   1634.2   0.05176
   1634.7   0.05176
   1635.2   0.05175
   1635.7   0.05174
   1636.2   0.05177
   1636.8   0.05181
   1637.3   0.05180
   1637.8   0.05177
   1638.3   0.05176
   1638.8   0.05178
   1639.3   0.05179
   1639.8   0.05181
   1640.4   0.05182
   1640.9   0.05181
   1641.4   0.05182
   1641.9   0.05181
   1642.4   0.05179
   1643.0   0.05181
   1643.5   0.05186
   1644.0   0.05189
   1644.5   0.05189
   1645.1   0.05188
   1645.6   0.05188
   1646.1   0.05187
   1646.6   0.05185
   1647.2   0.05184
   1647.7   0.05187
   1648.2   0.05189
   1648.7   0.05188
   1649.2   0.05189
   1649.8   0.05191
   1650.3   0.05192
   1650.8   0.05194
   1651.3   0.05194
   1651.9   0.05194
   1652.4   0.05192
   1652.9   0.05192
   1653.4   0.05194
   1654.0   0.05195
   1654.5   0.05195
   1655.0   0.05198
   1655.6   0.05198
   1656.1   0.05195
   1656.6   0.05196
   1657.2   0.05202
   1657.7   0.05207
   1658.2   0.05206
   1658.7   0.05200
   1659.3   0.05199
   1659.8   0.05204
   1660.3   0.05205
   1660.9   0.05205
   1661.4   0.05207
   1661.9   0.05207
   1662.5   0.05203
   1663.0   0.05202
   1663.5   0.05206
   1664.1   0.05209
   1664.6   0.05209
   1665.1   0.05211
   1665.7   0.05210
   1666.2   0.05210
   1666.7   0.05210
   1667.3   0.05208
   1667.8   0.05208
   1668.3   0.05211
   1668.9   0.05213
   1669.4   0.05214
   1670.0   0.05215
   1670.5   0.05215
   1671.0   0.05213
   1671.6   0.05215
   1672.1   0.05217
   1672.7   0.05215
   1673.2   0.05215
   1673.7   0.05218
   1674.3   0.05220
   1674.8   0.05220
   1675.4   0.05220
   1675.9   0.05220
   1676.4   0.05217
   1677.0   0.05219
   1677.5   0.05219
   1678.1   0.05218
   1678.6   0.05222
   1679.2   0.05225
   1679.7   0.05226
   1680.2   0.05227
   1680.8   0.05229
   1681.3   0.05229
   1681.9   0.05227
   1682.4   0.05228
   1683.0   0.05229
   1683.5   0.05228
   1684.1   0.05229
   1684.6   0.05229
   1685.2   0.05229
   1685.7   0.05228
   1686.3   0.05226
   1686.8   0.05226
   1687.3   0.05232
   1687.9   0.05234
   1688.4   0.05235
   1689.0   0.05233
   1689.6   0.05229
   1690.1   0.05232
   1690.7   0.05237
   1691.2   0.05239
   1691.8   0.05238
   1692.3   0.05239
   1692.9   0.05239
   1693.4   0.05239
   1694.0   0.05240
   1694.5   0.05241
   1695.1   0.05242
   1695.6   0.05242
   1696.2   0.05244
   1696.7   0.05249
   1697.3   0.05251
   1697.8   0.05251
   1698.4   0.05251
   1699.0   0.05249
   1699.5   0.05248
   1700.1   0.05247
   1700.6   0.05248
   1701.2   0.05251
   1701.8   0.05254
   1702.3   0.05256
   1702.9   0.05254
   1703.4   0.05255
   1704.0   0.05258
   1704.6   0.05261
   1705.1   0.05261
   1705.7   0.05263
   1706.2   0.05263
   1706.8   0.05261
   1707.3   0.05261
   1707.9   0.05263
   1708.5   0.05265
   1709.0   0.05268
   1709.6   0.05270
   1710.2   0.05268
   1710.7   0.05268
   1711.3   0.05269
   1711.9   0.05271
   1712.4   0.05270
   1713.0   0.05270
   1713.6   0.05270
   1714.1   0.05272
   1714.7   0.05272
   1715.3   0.05274
   1715.8   0.05279
   1716.4   0.05282
   1717.0   0.05280
   1717.5   0.05275
   1718.1   0.05280
   1718.7   0.05285
   1719.2   0.05284
   1719.8   0.05283
   1720.4   0.05287
   1720.9   0.05290
   1721.5   0.05288
   1722.1   0.05288
   1722.7   0.05290
   1723.2   0.05292
   1723.8   0.05293
   1724.4   0.05296
   1725.0   0.05296
   1725.5   0.05297
   1726.1   0.05298
   1726.7   0.05299
   1727.3   0.05301
   1727.8   0.05303
   1728.4   0.05304
   1729.0   0.05304
   1729.6   0.05305
   1730.1   0.05306
   1730.7   0.05308
   1731.3   0.05313
   1731.9   0.05313
   1732.5   0.05309
   1733.0   0.05310
   1733.6   0.05316
   1734.2   0.05318
   1734.8   0.05317
   1735.3   0.05317
   1735.9   0.05320
   1736.5   0.05322
   1737.1   0.05323
   1737.7   0.05329
   1738.3   0.05331
   1738.8   0.05330
   1739.4   0.05329
   1740.0   0.05332
   1740.6   0.05335
   1741.2   0.05337
   1741.8   0.05340
   1742.3   0.05338
   1742.9   0.05339
   1743.5   0.05345
   1744.1   0.05350
   1744.7   0.05352
   1745.3   0.05351
   1745.9   0.05348
   1746.5   0.05350
   1747.1   0.05355
   1747.6   0.05357
   1748.2   0.05358
   1748.8   0.05359
   1749.4   0.05362
   1750.0   0.05364
   1750.6   0.05362
   1751.2   0.05363
   1751.8   0.05367
   1752.4   0.05369
   1753.0   0.05371
   1753.6   0.05370
   1754.1   0.05373
   1754.7   0.05377
   1755.3   0.05378
   1755.9   0.05380
   1756.5   0.05381
   1757.1   0.05384
   1757.7   0.05385
   1758.3   0.05385
   1758.9   0.05387
   1759.5   0.05392
   1760.1   0.05394
   1760.7   0.05394
   1761.3   0.05394
   1761.9   0.05395
   1762.5   0.05399
   1763.1   0.05404
   1763.7   0.05406
   1764.3   0.05405
   1764.9   0.05406
   1765.5   0.05409
   1766.1   0.05412
   1766.7   0.05413
   1767.3   0.05413
   1767.9   0.05417
   1768.5   0.05420
   1769.1   0.05421
   1769.7   0.05423
   1770.3   0.05425
   1770.9   0.05429
   1771.5   0.05435
   1772.1   0.05437
   1772.7   0.05439
   1773.3   0.05441
   1773.9   0.05445
   1774.6   0.05446
   1775.2   0.05447
   1775.8   0.05448
   1776.4   0.05449
   1777.0   0.05451
   1777.6   0.05455
   1778.2   0.05459
   1778.8   0.05459
   1779.4   0.05460
   1780.0   0.05463
   1780.7   0.05468
   1781.3   0.05470
   1781.9   0.05473
   1782.5   0.05474
   1783.1   0.05475
   1783.7   0.05477
   1784.3   0.05481
   1784.9   0.05482
   1785.6   0.05483
   1786.2   0.05485
   1786.8   0.05488
   1787.4   0.05492
   1788.0   0.05494
   1788.6   0.05497
   1789.3   0.05500
   1789.9   0.05502
   1790.5   0.05505
   1791.1   0.05509
   1791.7   0.05511
   1792.3   0.05512
   1793.0   0.05514
   1793.6   0.05512
   1794.2   0.05513
   1794.8   0.05520
   1795.4   0.05523
   1796.1   0.05526
   1796.7   0.05528
   1797.3   0.05531
   1797.9   0.05535
   1798.6   0.05536
   1799.2   0.05539
   1799.8   0.05540
   1800.4   0.05544
   1801.1   0.05548
   1801.7   0.05549
   1802.3   0.05550
   1802.9   0.05555
   1803.6   0.05560
   1804.2   0.05563
   1804.8   0.05564
   1805.4   0.05568
   1806.1   0.05570
   1806.7   0.05572
   1807.3   0.05578
   1808.0   0.05581
   1808.6   0.05585
   1809.2   0.05588
   1809.9   0.05591
   1810.5   0.05590
   1811.1   0.05592
   1811.8   0.05599
   1812.4   0.05602
   1813.0   0.05603
   1813.7   0.05607
   1814.3   0.05612
   1814.9   0.05613
   1815.6   0.05617
   1816.2   0.05621
   1816.8   0.05624
   1817.5   0.05624
   1818.1   0.05625
   1818.8   0.05628
   1819.4   0.05632
   1820.0   0.05638
   1820.7   0.05644
   1821.3   0.05644
   1821.9   0.05645
   1822.6   0.05649
   1823.2   0.05656
   1823.9   0.05661
   1824.5   0.05662
   1825.2   0.05664
   1825.8   0.05667
   1826.4   0.05670
   1827.1   0.05673
   1827.7   0.05679
   1828.4   0.05681
   1829.0   0.05686
   1829.7   0.05692
   1830.3   0.05697
   1830.9   0.05701
   1831.6   0.05704
   1832.3   0.05708
   1832.9   0.05711
   1833.5   0.05710
   1834.2   0.05713
   1834.8   0.05717
   1835.5   0.05724
   1836.1   0.05729
   1836.8   0.05728
   1837.4   0.05732
   1838.1   0.05737
   1838.8   0.05741
   1839.4   0.05746
   1840.1   0.05750
   1840.7   0.05756
   1841.4   0.05761
   1842.0   0.05764
   1842.7   0.05767
   1843.3   0.05768
   1844.0   0.05773
   1844.6   0.05779
   1845.3   0.05784
   1845.9   0.05787
   1846.6   0.05791
   1847.3   0.05795
   1847.9   0.05800
   1848.6   0.05806
   1849.2   0.05810
   1849.9   0.05813
   1850.6   0.05819
   1851.2   0.05823
   1851.9   0.05825
   1852.5   0.05825
   1853.2   0.05830
   1853.9   0.05839
   1854.5   0.05846
   1855.2   0.05848
   1855.9   0.05852
   1856.5   0.05857
   1857.2   0.05861
   1857.8   0.05866
   1858.5   0.05872
   1859.2   0.05873
   1859.8   0.05876
   1860.5   0.05884
   1861.2   0.05889
   1861.9   0.05895
   1862.5   0.05901
   1863.2   0.05905
   1863.9   0.05906
   1864.5   0.05912
   1865.2   0.05921
   1865.9   0.05927
   1866.6   0.05930
   1867.2   0.05935
   1867.9   0.05940
   1868.6   0.05942
   1869.2   0.05947
   1869.9   0.05953
   1870.6   0.05958
   1871.3   0.05966
   1871.9   0.05973
   1872.6   0.05976
   1873.3   0.05978
   1874.0   0.05982
   1874.7   0.05987
   1875.3   0.05996
   1876.0   0.06003
   1876.7   0.06006
   1877.4   0.06012
   1878.0   0.06017
   1878.7   0.06023
   1879.4   0.06028
   1880.1   0.06032
   1880.8   0.06037
   1881.4   0.06045
   1882.1   0.06051
   1882.8   0.06053
   1883.5   0.06059
   1884.2   0.06064
   1884.9   0.06071
   1885.6   0.06079
   1886.2   0.06084
   1886.9   0.06090
   1887.6   0.06097
   1888.3   0.06102
   1889.0   0.06108
   1889.7   0.06113
   1890.4   0.06117
   1891.1   0.06123
   1891.8   0.06129
   1892.4   0.06134
   1893.1   0.06143
   1893.8   0.06152
   1894.5   0.06155
   1895.2   0.06159
   1895.9   0.06167
   1896.6   0.06173
   1897.3   0.06177
   1898.0   0.06182
   1898.7   0.06189
   1899.4   0.06193
   1900.1   0.06199
   1900.8   0.06208
   1901.5   0.06213
   1902.2   0.06221
   1902.9   0.06229
   1903.6   0.06233
   1904.3   0.06239
   1904.9   0.06247
   1905.7   0.06253
   1906.3   0.06258
   1907.1   0.06265
   1907.8   0.06273
   1908.5   0.06281
   1909.2   0.06286
   1909.9   0.06293
   1910.6   0.06301
   1911.3   0.06306
   1912.0   0.06309
   1912.7   0.06316
   1913.4   0.06327
   1914.1   0.06333
   1914.8   0.06338
   1915.5   0.06345
   1916.2   0.06353
   1916.9   0.06361
   1917.6   0.06368
   1918.3   0.06374
   1919.1   0.06383
   1919.8   0.06391
   1920.5   0.06396
   1921.2   0.06402
   1921.9   0.06411
   1922.6   0.06418
   1923.3   0.06422
   1924.0   0.06433
   1924.8   0.06442
   1925.5   0.06449
   1926.2   0.06458
   1926.9   0.06464
   1927.6   0.06473
   1928.3   0.06481
   1929.1   0.06490
   1929.8   0.06498
   1930.5   0.06504
   1931.2   0.06510
   1931.9   0.06523
   1932.7   0.06532
   1933.4   0.06537
   1934.1   0.06546
   1934.8   0.06556
   1935.5   0.06565
   1936.3   0.06573
   1937.0   0.06579
   1937.7   0.06586
   1938.4   0.06593
   1939.2   0.06602
   1939.9   0.06611
   1940.6   0.06619
   1941.3   0.06628
   1942.1   0.06638
   1942.8   0.06651
   1943.5   0.06660
   1944.2   0.06665
   1945.0   0.06671
   1945.7   0.06681
   1946.4   0.06693
   1947.2   0.06702
   1947.9   0.06711
   1948.6   0.06722
   1949.4   0.06732
   1950.1   0.06741
   1950.8   0.06751
   1951.6   0.06761
   1952.3   0.06767
   1953.0   0.06776
   1953.8   0.06786
   1954.5   0.06796
   1955.2   0.06804
   1956.0   0.06815
   1956.7   0.06828
   1957.4   0.06837
   1958.2   0.06845
   1958.9   0.06851
   1959.7   0.06861
   1960.4   0.06871
   1961.2   0.06879
   1961.9   0.06889
   1962.6   0.06900
   1963.4   0.06908
   1964.1   0.06917
   1964.9   0.06928
   1965.6   0.06938
   1966.4   0.06948
   1967.1   0.06960
   1967.8   0.06971
   1968.6   0.06980
   1969.3   0.06991
   1970.1   0.07000
   1970.8   0.07009
   1971.6   0.07021
   1972.3   0.07029
   1973.1   0.07038
   1973.8   0.07050
   1974.6   0.07062
   1975.3   0.07074
   1976.1   0.07087
   1976.9   0.07094
   1977.6   0.07106
   1978.4   0.07121
   1979.1   0.07130
   1979.9   0.07138
   1980.6   0.07149
   1981.4   0.07163
   1982.2   0.07175
   1982.9   0.07183
   1983.7   0.07193
   1984.4   0.07206
   1985.2   0.07221
   1985.9   0.07233
   1986.7   0.07243
   1987.5   0.07255
   1988.2   0.07269
   1989.0   0.07280
   1989.8   0.07293
   1990.5   0.07305
   1991.3   0.07316
   1992.1   0.07328
   1992.8   0.07339
   1993.6   0.07350
   1994.3   0.07362
   1995.1   0.07375
   1995.9   0.07387
   1996.7   0.07401
   1997.4   0.07415
   1998.2   0.07429
   1999.0   0.07439
   1999.7   0.07451
   2000.5   0.07466
   2001.3   0.07479
   2002.1   0.07491
   2002.8   0.07505
   2003.6   0.07518
   2004.4   0.07533
   2005.2   0.07545
   2005.9   0.07555
   2006.7   0.07567
   2007.5   0.07583
   2008.3   0.07596
   2009.0   0.07608
   2009.8   0.07620
   2010.6   0.07632
   2011.4   0.07646
   2012.2   0.07662
   2012.9   0.07674
   2013.7   0.07685
   2014.5   0.07698
   2015.3   0.07711
   2016.1   0.07726
   2016.8   0.07740
   2017.6   0.07756
   2018.4   0.07768
   2019.2   0.07781
   2020.0   0.07798
   2020.8   0.07813
   2021.6   0.07822
   2022.3   0.07833
   2023.1   0.07846
   2023.9   0.07859
   2024.7   0.07870
   2025.5   0.07884
   2026.3   0.07899
   2027.1   0.07913
   2027.9   0.07929
   2028.7   0.07944
   2029.5   0.07957
   2030.3   0.07972
   2031.1   0.07983
   2031.9   0.07995
   2032.7   0.08009
   2033.5   0.08022
   2034.3   0.08038
   2035.1   0.08052
   2035.8   0.08064
   2036.7   0.08078
   2037.4   0.08094
   2038.3   0.08108
   2039.1   0.08121
   2039.9   0.08135
   2040.7   0.08147
   2041.5   0.08159
   2042.3   0.08176
   2043.1   0.08193
   2043.9   0.08206
   2044.7   0.08220
   2045.5   0.08237
   2046.3   0.08251
   2047.1   0.08261
   2047.9   0.08276
   2048.7   0.08292
   2049.5   0.08306
   2050.3   0.08323
   2051.1   0.08339
   2052.0   0.08355
   2052.8   0.08367
   2053.6   0.08379
   2054.4   0.08394
   2055.2   0.08411
   2056.0   0.08427
   2056.9   0.08442
   2057.7   0.08458
   2058.5   0.08474
   2059.3   0.08492
   2060.1   0.08507
   2060.9   0.08520
   2061.8   0.08535
   2062.6   0.08550
   2063.4   0.08567
   2064.2   0.08585
   2065.0   0.08599
   2065.9   0.08616
   2066.7   0.08633
   2067.5   0.08650
   2068.3   0.08665
   2069.2   0.08678
   2070.0   0.08694
   2070.8   0.08714
   2071.6   0.08733
   2072.5   0.08747
   2073.3   0.08763
   2074.1   0.08782
   2075.0   0.08801
   2075.8   0.08818
   2076.6   0.08832
   2077.4   0.08847
   2078.3   0.08864
   2079.1   0.08882
   2079.9   0.08898
   2080.8   0.08915
   2081.6   0.08933
   2082.5   0.08950
   2083.3   0.08966
   2084.1   0.08981
   2085.0   0.08997
   2085.8   0.09015
   2086.6   0.09032
   2087.5   0.09049
   2088.3   0.09066
   2089.2   0.09084
   2090.0   0.09100
   2090.9   0.09119
   2091.7   0.09137
   2092.6   0.09153
   2093.4   0.09171
   2094.2   0.09186
   2095.1   0.09203
   2095.9   0.09222
   2096.8   0.09238
   2097.6   0.09255
   2098.5   0.09273
   2099.3   0.09290
   2100.2   0.09305
   2101.0   0.09322
   2101.9   0.09340
   2102.7   0.09358
   2103.6   0.09375
   2104.4   0.09392
   2105.3   0.09410
   2106.1   0.09428
   2107.0   0.09444
   2107.9   0.09460
   2108.7   0.09480
   2109.6   0.09500
   2110.4   0.09517
   2111.3   0.09533
   2112.1   0.09550
   2113.0   0.09567
   2113.9   0.09586
   2114.7   0.09604
   2115.6   0.09620
   2116.5   0.09636
   2117.3   0.09655
   2118.2   0.09674
   2119.1   0.09692
   2119.9   0.09706
   2120.8   0.09724
   2121.7   0.09742
   2122.5   0.09758
   2123.4   0.09777
   2124.3   0.09795
   2125.1   0.09813
   2126.0   0.09833
   2126.9   0.09849
   2127.8   0.09865
   2128.6   0.09884
   2129.5   0.09901
   2130.4   0.09915
   2131.3   0.09932
   2132.1   0.09952
   2133.0   0.09967
   2133.9   0.09983
   2134.8   0.10003
   2135.6   0.10021
   2136.5   0.10037
   2137.4   0.10053
   2138.3   0.10068
   2139.2   0.10085
   2140.1   0.10100
   2140.9   0.10118
   2141.8   0.10137
   2142.7   0.10156
   2143.6   0.10175
   2144.5   0.10192
   2145.4   0.10207
   2146.3   0.10225
   2147.1   0.10242
   2148.0   0.10261
   2148.9   0.10277
   2149.8   0.10295
   2150.7   0.10311
   2151.6   0.10326
   2152.5   0.10344
   2153.4   0.10363
   2154.3   0.10381
   2155.2   0.10397
   2156.1   0.10413
   2157.0   0.10430
   2157.9   0.10447
   2158.8   0.10467
   2159.7   0.10485
   2160.6   0.10502
   2161.5   0.10518
   2162.4   0.10533
   2163.3   0.10546
   2164.2   0.10563
   2165.1   0.10583
   2166.0   0.10600
   2166.9   0.10617
   2167.8   0.10634
   2168.7   0.10649
   2169.6   0.10667
   2170.5   0.10684
   2171.4   0.10699
   2172.3   0.10718
   2173.2   0.10737
   2174.1   0.10753
   2175.1   0.10770
   2176.0   0.10789
   2176.9   0.10807
   2177.8   0.10822
   2178.7   0.10838
   2179.6   0.10859
   2180.6   0.10880
   2181.5   0.10898
   2182.4   0.10916
   2183.3   0.10932
   2184.2   0.10947
   2185.1   0.10963
   2186.1   0.10983
   2187.0   0.11004
   2187.9   0.11020
   2188.8   0.11035
   2189.8   0.11055
   2190.7   0.11071
   2191.6   0.11087
   2192.5   0.11105
   2193.5   0.11120
   2194.4   0.11138
   2195.3   0.11156
   2196.3   0.11173
   2197.2   0.11188
   2198.1   0.11205
   2199.1   0.11222
   2200.0   0.11238
   2200.9   0.11255
   2201.9   0.11275
   2202.8   0.11295
   2203.7   0.11313
   2204.7   0.11328
   2205.6   0.11343
   2206.5   0.11361
   2207.5   0.11381
   2208.4   0.11397
   2209.4   0.11410
   2210.3   0.11425
   2211.2   0.11445
   2212.2   0.11467
   2213.1   0.11484
   2214.1   0.11497
   2215.0   0.11512
   2216.0   0.11534
   2216.9   0.11550
   2217.9   0.11565
   2218.8   0.11585
   2219.8   0.11601
   2220.7   0.11616
   2221.7   0.11631
   2222.6   0.11649
   2223.6   0.11667
   2224.5   0.11685
   2225.5   0.11700
   2226.4   0.11716
   2227.4   0.11732
   2228.4   0.11747
   2229.3   0.11762
   2230.3   0.11776
   2231.2   0.11794
   2232.2   0.11811
   2233.1   0.11827
   2234.1   0.11841
   2235.1   0.11854
   2236.0   0.11870
   2237.0   0.11887
   2238.0   0.11902
   2238.9   0.11917
   2239.9   0.11933
   2240.9   0.11947
   2241.8   0.11960
   2242.8   0.11971
   2243.8   0.11986
   2244.8   0.12002
   2245.7   0.12014
   2246.7   0.12026
   2247.7   0.12043
   2248.6   0.12056
   2249.6   0.12070
   2250.6   0.12086
   2251.6   0.12099
   2252.6   0.12110
   2253.5   0.12123
   2254.5   0.12138
   2255.5   0.12150
   2256.5   0.12162
   2257.4   0.12172
   2258.4   0.12183
   2259.4   0.12196
   2260.4   0.12210
   2261.4   0.12222
   2262.4   0.12230
   2263.4   0.12242
   2264.4   0.12257
   2265.3   0.12269
   2266.3   0.12282
   2267.3   0.12295
   2268.3   0.12308
   2269.3   0.12320
   2270.3   0.12334
   2271.3   0.12344
   2272.3   0.12354
   2273.3   0.12368
   2274.3   0.12383
   2275.3   0.12398
   2276.3   0.12410
   2277.3   0.12420
   2278.3   0.12434
   2279.3   0.12448
   2280.3   0.12461
   2281.3   0.12476
   2282.3   0.12487
   2283.3   0.12500
   2284.3   0.12512
   2285.3   0.12525
   2286.3   0.12538
   2287.3   0.12549
   2288.3   0.12563
   2289.4   0.12581
   2290.4   0.12593
   2291.4   0.12604
   2292.4   0.12617
   2293.4   0.12631
   2294.4   0.12642
   2295.4   0.12655
   2296.4   0.12668
   2297.5   0.12679
   2298.5   0.12693
   2299.5   0.12708
   2300.5   0.12717
   2301.5   0.12729
   2302.6   0.12743
   2303.6   0.12756
   2304.6   0.12769
   2305.6   0.12780
   2306.7   0.12789
   2307.7   0.12802
   2308.7   0.12814
   2309.8   0.12827
   2310.8   0.12842
   2311.8   0.12855
   2312.8   0.12869
   2313.9   0.12888
   2314.9   0.12904
   2315.9   0.12918
   2317.0   0.12935
   2318.0   0.12949
   2319.1   0.12964
   2320.1   0.12980
   2321.1   0.12995
   2322.2   0.13009
   2323.2   0.13022
   2324.2   0.13035
   2325.3   0.13049
   2326.3   0.13060
   2327.4   0.13071
   2328.4   0.13086
   2329.5   0.13101
   2330.5   0.13113
   2331.6   0.13123
   2332.6   0.13136
   2333.7   0.13151
   2334.7   0.13163
   2335.8   0.13173
   2336.8   0.13185
   2337.9   0.13199
   2338.9   0.13211
   2340.0   0.13224
   2341.0   0.13232
   2342.1   0.13242
   2343.1   0.13256
   2344.2   0.13268
   2345.3   0.13277
   2346.3   0.13291
   2347.4   0.13302
   2348.5   0.13310
   2349.5   0.13326
   2350.6   0.13345
   2351.6   0.13360
   2352.7   0.13372
   2353.8   0.13386
   2354.9   0.13399
   2355.9   0.13414
   2357.0   0.13427
   2358.1   0.13441
   2359.1   0.13455
   2360.2   0.13468
   2361.3   0.13481
   2362.4   0.13493
   2363.4   0.13507
   2364.5   0.13521
   2365.6   0.13535
   2366.7   0.13548
   2367.8   0.13560
   2368.8   0.13569
   2369.9   0.13582
   2371.0   0.13596
   2372.1   0.13609
   2373.2   0.13619
   2374.3   0.13629
   2375.4   0.13641
   2376.4   0.13655
   2377.5   0.13669
   2378.6   0.13683
   2379.7   0.13696
   2380.8   0.13709
   2381.9   0.13720
   2383.0   0.13733
   2384.1   0.13743
   2385.2   0.13751
   2386.3   0.13765
   2387.4   0.13782
   2388.5   0.13795
   2389.6   0.13805
   2390.7   0.13818
   2391.8   0.13830
   2392.9   0.13841
   2394.0   0.13851
   2395.1   0.13865
   2396.2   0.13879
   2397.3   0.13890
   2398.4   0.13902
   2399.5   0.13914
   2400.6   0.13927
   2401.8   0.13941
   2402.9   0.13953
   2404.0   0.13963
   2405.1   0.13970
   2406.2   0.13983
   2407.3   0.13996
   2408.5   0.14006
   2409.6   0.14014
   2410.7   0.14024
   2411.8   0.14036
   2412.9   0.14048
   2414.1   0.14058
   2415.2   0.14069
   2416.3   0.14082
   2417.4   0.14096
   2418.6   0.14110
   2419.7   0.14118
   2420.8   0.14129
   2422.0   0.14141
   2423.1   0.14151
   2424.2   0.14159
   2425.4   0.14169
   2426.5   0.14180
   2427.6   0.14191
   2428.8   0.14203
   2429.9   0.14214
   2431.0   0.14223
   2432.2   0.14232
   2433.3   0.14244
   2434.5   0.14255
   2435.6   0.14265
   2436.8   0.14274
   2437.9   0.14283
   2439.1   0.14290
   2440.2   0.14300
   2441.3   0.14312
   2442.5   0.14321
   2443.6   0.14330
   2444.8   0.14340
   2445.9   0.14352
   2447.1   0.14362
   2448.3   0.14368
   2449.4   0.14377
   2450.6   0.14383
   2451.7   0.14391
   2452.9   0.14400
   2454.1   0.14411
   2455.2   0.14419
   2456.4   0.14423
   2457.5   0.14434
   2458.7   0.14446
   2459.9   0.14456
   2461.0   0.14464
   2462.2   0.14469
   2463.4   0.14474
   2464.6   0.14487
   2465.7   0.14501
   2466.9   0.14508
   2468.1   0.14515
   2469.2   0.14522
   2470.4   0.14532
   2471.6   0.14544
   2472.8   0.14551
   2474.0   0.14561
   2475.1   0.14570
   2476.3   0.14579
   2477.5   0.14594
   2478.7   0.14609
   2479.9   0.14620
   2481.1   0.14631
   2482.3   0.14643
   2483.4   0.14654
   2484.6   0.14665
   2485.8   0.14676
   2487.0   0.14685
   2488.2   0.14692
   2489.4   0.14704
   2490.6   0.14716
   2491.8   0.14728
   2493.0   0.14737
   2494.2   0.14747
   2495.4   0.14761
   2496.6   0.14771
   2497.8   0.14777
   2499.0   0.14786
   2500.2   0.14798
   2501.4   0.14811
   2502.6   0.14823
   2503.8   0.14835
   2505.0   0.14847
   2506.2   0.14856
   2507.4   0.14864
   2508.7   0.14874
   2509.9   0.14887
   2511.1   0.14899
   2512.3   0.14907
   2513.5   0.14917
   2514.8   0.14927
   2516.0   0.14936
   2517.2   0.14946
   2518.4   0.14955
   2519.6   0.14968
   2520.9   0.14981
   2522.1   0.14989
   2523.3   0.15001
   2524.5   0.15014
   2525.8   0.15025
   2527.0   0.15032
   2528.2   0.15040
   2529.5   0.15051
   2530.7   0.15063
   2531.9   0.15075
   2533.2   0.15084
   2534.4   0.15093
   2535.6   0.15103
   2536.9   0.15116
   2538.1   0.15130
   2539.4   0.15138
   2540.6   0.15145
   2541.9   0.15157
   2543.1   0.15170
   2544.4   0.15182
   2545.6   0.15190
   2546.9   0.15196
   2548.1   0.15207
   2549.4   0.15219
   2550.6   0.15227
   2551.9   0.15236
   2553.1   0.15250
   2554.4   0.15264
   2555.6   0.15271
   2556.9   0.15279
   2558.2   0.15289
   2559.4   0.15299
   2560.7   0.15308
   2562.0   0.15320
   2563.2   0.15331
   2564.5   0.15341
   2565.8   0.15354
   2567.0   0.15366
   2568.3   0.15373
   2569.6   0.15380
   2570.9   0.15394
   2572.1   0.15405
   2573.4   0.15414
   2574.7   0.15429
   2576.0   0.15436
   2577.2   0.15442
   2578.5   0.15454
   2579.8   0.15466
   2581.1   0.15472
   2582.4   0.15478
   2583.7   0.15485
   2584.9   0.15494
   2586.2   0.15500
   2587.5   0.15511
   2588.8   0.15521
   2590.1   0.15532
   2591.4   0.15540
   2592.7   0.15543
   2594.0   0.15544
   2595.3   0.15555
   2596.6   0.15571
   2597.9   0.15582
   2599.2   0.15589
   2600.5   0.15593
   2601.8   0.15598
   2603.1   0.15601
   2604.4   0.15604
   2605.7   0.15614
   2607.0   0.15626
   2608.4   0.15633
   2609.7   0.15641
   2611.0   0.15651
   2612.3   0.15660
   2613.6   0.15665
   2614.9   0.15670
   2616.3   0.15674
   2617.6   0.15684
   2618.9   0.15692
   2620.2   0.15694
   2621.5   0.15701
   2622.9   0.15711
   2624.2   0.15719
   2625.5   0.15722
   2626.9   0.15726
   2628.2   0.15730
   2629.5   0.15730
   2630.9   0.15739
   2632.2   0.15751
   2633.5   0.15757
   2634.9   0.15762
   2636.2   0.15767
   2637.5   0.15773
   2638.9   0.15776
   2640.2   0.15777
   2641.6   0.15786
   2642.9   0.15792
   2644.3   0.15795
   2645.6   0.15800
   2647.0   0.15805
   2648.3   0.15810
   2649.7   0.15814
   2651.0   0.15813
   2652.4   0.15815
   2653.7   0.15820
   2655.1   0.15823
   2656.5   0.15832
   2657.8   0.15838
   2659.2   0.15836
   2660.6   0.15839
   2661.9   0.15845
   2663.3   0.15848
   2664.6   0.15845
   2666.0   0.15847
   2667.4   0.15851
   2668.8   0.15853
   2670.1   0.15853
   2671.5   0.15862
   2672.9   0.15866
   2674.3   0.15864
   2675.6   0.15862
   2677.0   0.15867
   2678.4   0.15873
   2679.8   0.15878
   2681.2   0.15884
   2682.6   0.15886
   2684.0   0.15885
   2685.4   0.15885
   2686.7   0.15883
   2688.1   0.15881
   2689.5   0.15887
   2690.9   0.15888
   2692.3   0.15887
   2693.7   0.15886
   2695.1   0.15889
   2696.5   0.15893
   2697.9   0.15896
   2699.3   0.15896
   2700.7   0.15894
   2702.1   0.15890
   2703.6   0.15889
   2705.0   0.15880
   2706.4   0.15872
   2707.8   0.15866
   2709.2   0.15859
   2710.6   0.15851
   2712.0   0.15851
   2713.4   0.15849
   2714.9   0.15837
   2716.3   0.15823
   2717.7   0.15796
   2719.1   0.15754
   2720.6   0.15746
   2722.0   0.15766
   2723.4   0.15768
   2724.9   0.15764
   2726.3   0.15760
   2727.7   0.15750
   2729.2   0.15738
   2730.6   0.15727
   2732.0   0.15710
   2733.5   0.15693
   2734.9   0.15679
   2736.4   0.15668
   2737.8   0.15657
   2739.3   0.15638
   2740.7   0.15624
   2742.1   0.15613
   2743.6   0.15597
   2745.1   0.15585
   2746.5   0.15575
   2748.0   0.15562
   2749.4   0.15543
   2750.9   0.15526
   2752.3   0.15511
   2753.8   0.15492
   2755.3   0.15475
   2756.7   0.15462
   2758.2   0.15443
   2759.7   0.15423
   2761.1   0.15402
   2762.6   0.15385
   2764.1   0.15370
   2765.6   0.15352
   2767.0   0.15338
   2768.5   0.15329
   2770.0   0.15315
   2771.5   0.15296
   2772.9   0.15283
   2774.4   0.15267
   2775.9   0.15249
   2777.4   0.15235
   2778.9   0.15219
   2780.4   0.15205
   2781.9   0.15187
   2783.4   0.15164
   2784.9   0.15151
   2786.4   0.15140
   2787.9   0.15127
   2789.4   0.15114
   2790.9   0.15101
   2792.4   0.15088
   2793.9   0.15075
   2795.4   0.15061
   2796.9   0.15046
   2798.4   0.15034
   2799.9   0.15025
   2801.4   0.15013
   2802.9   0.14995
   2804.4   0.14986
   2806.0   0.14978
   2807.5   0.14962
   2809.0   0.14950
   2810.5   0.14938
   2812.0   0.14929
   2813.6   0.14921
   2815.1   0.14910
   2816.6   0.14901
   2818.2   0.14891
   2819.7   0.14877
   2821.2   0.14862
   2822.8   0.14851
   2824.3   0.14845
   2825.8   0.14836
   2827.4   0.14822
   2828.9   0.14815
   2830.5   0.14806
   2832.0   0.14793
   2833.6   0.14782
   2835.1   0.14776
   2836.7   0.14769
   2838.2   0.14759
   2839.8   0.14752
   2841.3   0.14745
   2842.9   0.14736
   2844.4   0.14730
   2846.0   0.14722
   2847.6   0.14713
   2849.1   0.14702
   2850.7   0.14696
   2852.3   0.14689
   2853.8   0.14682
   2855.4   0.14675
   2857.0   0.14667
   2858.6   0.14658
   2860.1   0.14648
   2861.7   0.14641
   2863.3   0.14636
   2864.9   0.14627
   2866.4   0.14614
   2868.0   0.14609
   2869.6   0.14604
   2871.2   0.14595
   2872.8   0.14588
   2874.4   0.14580
   2876.0   0.14574
   2877.6   0.14568
   2879.2   0.14559
   2880.8   0.14551
   2882.4   0.14548
   2884.0   0.14540
   2885.6   0.14530
   2887.2   0.14523
   2888.8   0.14515
   2890.4   0.14510
   2892.0   0.14505
   2893.6   0.14497
   2895.3   0.14491
   2896.9   0.14486
   2898.5   0.14482
   2900.1   0.14475
   2901.7   0.14465
   2903.4   0.14459
   2905.0   0.14452
   2906.6   0.14447
   2908.3   0.14442
   2909.9   0.14438
   2911.5   0.14431
   2913.1   0.14421
   2914.8   0.14415
   2916.4   0.14413
   2918.1   0.14407
   2919.7   0.14400
   2921.4   0.14396
   2923.0   0.14392
   2924.6   0.14385
   2926.3   0.14380
   2927.9   0.14375
   2929.6   0.14370
   2931.3   0.14368
   2932.9   0.14362
   2934.6   0.14354
   2936.2   0.14351
   2937.9   0.14347
   2939.6   0.14342
   2941.2   0.14335
   2942.9   0.14332
   2944.6   0.14328
   2946.3   0.14321
   2947.9   0.14318
   2949.6   0.14313
   2951.3   0.14302
   2953.0   0.14296
   2954.6   0.14297
   2956.3   0.14294
   2958.0   0.14285
   2959.7   0.14280
   2961.4   0.14273
   2963.1   0.14268
   2964.8   0.14266
   2966.5   0.14263
   2968.2   0.14255
   2969.9   0.14247
   2971.6   0.14239
   2973.3   0.14235
   2975.0   0.14235
   2976.7   0.14231
   2978.4   0.14226
   2980.1   0.14219
   2981.8   0.14213
   2983.6   0.14212
   2985.3   0.14209
   2987.0   0.14198
   2988.7   0.14190
   2990.4   0.14188
   2992.1   0.14188
   2993.9   0.14183
   2995.6   0.14178
   2997.3   0.14172
   2999.1   0.14169
   3000.8   0.14168
   3002.6   0.14164
   3004.3   0.14159
   3006.0   0.14155
   3007.8   0.14151
   3009.5   0.14145
   3011.3   0.14143
   3013.0   0.14136
   3014.8   0.14127
   3016.5   0.14121
   3018.3   0.14117
   3020.0   0.14116
   3021.8   0.14111
   3023.6   0.14109
   3025.3   0.14104
   3027.1   0.14094
   3028.9   0.14092
   3030.6   0.14089
   3032.4   0.14084
   3034.2   0.14081
   3035.9   0.14077
   3037.7   0.14070
   3039.5   0.14066
   3041.3   0.14064
   3043.1   0.14065
   3044.9   0.14060
   3046.6   0.14049
   3048.4   0.14045
   3050.2   0.14044
   3052.0   0.14043
   3053.8   0.14040
   3055.6   0.14036
   3057.4   0.14031
   3059.2   0.14031
   3061.0   0.14027
   3062.9   0.14022
   3064.7   0.14021
   3066.5   0.14020
   3068.3   0.14021
   3070.1   0.14020
   3071.9   0.14018
   3073.7   0.14015
   3075.6   0.14012
   3077.4   0.14011
   3079.2   0.14010
   3081.1   0.14001
   3082.9   0.13999
   3084.7   0.14003
   3086.6   0.14004
   3088.4   0.14001
   3090.2   0.13994
   3092.1   0.13990
   3093.9   0.13986
   3095.8   0.13980
   3097.6   0.13984
   3099.5   0.13989
   3101.3   0.13985
   3103.2   0.13978
   3105.0   0.13971
   3106.9   0.13965
   3108.8   0.13967
   3110.6   0.13968
   3112.5   0.13964
   3114.4   0.13962
   3116.2   0.13962
   3118.1   0.13959
   3120.0   0.13959
   3121.9   0.13955
   3123.7   0.13953
   3125.6   0.13953
   3127.5   0.13948
   3129.4   0.13941
   3131.3   0.13940
   3133.2   0.13945
   3135.1   0.13949
   3137.0   0.13944
   3138.9   0.13941
   3140.8   0.13940
   3142.7   0.13937
   3144.6   0.13936
   3146.5   0.13935
   3148.4   0.13930
   3150.3   0.13927
   3152.2   0.13929
   3154.1   0.13930
   3156.1   0.13922
   3158.0   0.13919
   3159.9   0.13917
   3161.8   0.13916
   3163.8   0.13919
   3165.7   0.13921
   3167.6   0.13917
   3169.6   0.13914
   3171.5   0.13908
   3173.4   0.13908
   3175.4   0.13911
   3177.3   0.13910
   3179.3   0.13907
   3181.2   0.13903
   3183.2   0.13903
   3185.1   0.13904
   3187.1   0.13899
   3189.1   0.13894
   3191.0   0.13892
   3193.0   0.13891
   3194.9   0.13885
   3196.9   0.13879
   3198.9   0.13880
   3200.9   0.13881
   3202.8   0.13882
   3204.8   0.13879
   3206.8   0.13877
   3208.8   0.13872
   3210.8   0.13864
   3212.8   0.13856
   3214.8   0.13853
   3216.8   0.13850
   3218.7   0.13844
   3220.7   0.13839
   3222.8   0.13838
   3224.8   0.13832
   3226.8   0.13824
   3228.8   0.13820
   3230.8   0.13817
   3232.8   0.13816
   3234.8   0.13807
   3236.8   0.13796
   3238.9   0.13788
   3240.9   0.13783
   3242.9   0.13775
   3244.9   0.13770
   3247.0   0.13773
   3249.0   0.13774
   3251.0   0.13774
   3253.1   0.13777
   3255.1   0.13777
   3257.2   0.13765
   3259.2   0.13757
   3261.3   0.13752
   3263.3   0.13744
   3265.4   0.13738
   3267.4   0.13733
   3269.5   0.13733
   3271.5   0.13735
   3273.6   0.13732
   3275.7   0.13730
   3277.8   0.13732
   3279.8   0.13737
   3281.9   0.13744
   3284.0   0.13741
   3286.1   0.13735
   3288.1   0.13732
   3290.2   0.13727
   3292.3   0.13715
   3294.4   0.13707
   3296.5   0.13699
   3298.6   0.13690
   3300.7   0.13680
   3302.8   0.13669
   3304.9   0.13664
   3307.0   0.13666
   3309.1   0.13668
   3311.2   0.13671
   3313.4   0.13680
   3315.5   0.13687
   3317.6   0.13687
   3319.7   0.13680
   3321.8   0.13676
   3324.0   0.13677
   3326.1   0.13664
   3328.2   0.13647
   3330.4   0.13637
   3332.5   0.13631
   3334.7   0.13624
   3336.8   0.13618
   3338.9   0.13610
   3341.1   0.13605
   3343.3   0.13595
   3345.4   0.13575
   3347.6   0.13555
   3349.7   0.13534
   3351.9   0.13516
   3354.1   0.13491
   3356.2   0.13457
   3358.4   0.13423
   3360.6   0.13386
   3362.8   0.13344
   3364.9   0.13298
   3367.1   0.13247
   3369.3   0.13187
   3371.5   0.13133
   3373.7   0.13089
   3375.9   0.13054
   3378.1   0.13026
   3380.3   0.13013
   3382.5   0.13010
   3384.7   0.13007
   3386.9   0.13009
   3389.1   0.13007
   3391.4   0.13000
   3393.6   0.12983
   3395.8   0.12946
   3398.0   0.12897
   3400.3   0.12843
   3402.5   0.12778
   3404.7   0.12700
   3407.0   0.12625
   3409.2   0.12553
   3411.4   0.12484
   3413.7   0.12423
   3415.9   0.12376
   3418.2   0.12347
   3420.4   0.12339
   3422.7   0.12352
   3425.0   0.12384
   3427.2   0.12434
   3429.5   0.12501
   3431.8   0.12586
   3434.0   0.12675
   3436.3   0.12752
   3438.6   0.12810
   3440.9   0.12848
   3443.2   0.12875
   3445.4   0.12903
   3447.7   0.12938
   3450.0   0.12963
   3452.3   0.12983
   3454.6   0.13007
   3456.9   0.13026
   3459.2   0.13049
   3461.5   0.13070
   3463.9   0.13077
   3466.2   0.13086
   3468.5   0.13093
   3470.8   0.13092
   3473.1   0.13082
   3475.5   0.13070
   3477.8   0.13053
   3480.1   0.13032
   3482.5   0.13019
   3484.8   0.13013
   3487.1   0.13000
   3489.5   0.12976
   3491.9   0.12945
   3494.2   0.12898
   3496.6   0.12841
   3498.9   0.12779
   3501.3   0.12725
   3503.6   0.12682
   3506.0   0.12666
   3508.4   0.12687
   3510.8   0.12753
   3513.1   0.12860
   3515.5   0.12965
   3517.9   0.13045
   3520.3   0.13106
   3522.7   0.13153
   3525.1   0.13190
   3527.5   0.13217
   3529.9   0.13238
   3532.3   0.13246
   3534.7   0.13252
   3537.1   0.13262
   3539.5   0.13266
   3541.9   0.13269
   3544.4   0.13268
   3546.8   0.13264
   3549.2   0.13259
   3551.6   0.13263
   3554.1   0.13269
   3556.5   0.13269
   3558.9   0.13267
   3561.4   0.13264
   3563.8   0.13258
   3566.3   0.13258
   3568.8   0.13259
   3571.2   0.13258
   3573.7   0.13255
   3576.1   0.13247
   3578.6   0.13239
   3581.1   0.13239
   3583.6   0.13240
   3586.0   0.13234
   3588.5   0.13230
   3591.0   0.13231
   3593.5   0.13225
   3596.0   0.13215
   3598.5   0.13212
   3601.0   0.13210
   3603.5   0.13209
   3606.0   0.13206
   3608.5   0.13200
   3611.0   0.13186
   3613.5   0.13177
   3616.0   0.13177
   3618.6   0.13172
   3621.1   0.13160
   3623.6   0.13155
   3626.1   0.13153
   3628.7   0.13147
   3631.2   0.13142
   3633.8   0.13139
   3636.3   0.13134
   3638.9   0.13126
   3641.4   0.13115
   3644.0   0.13102
   3646.6   0.13096
   3649.1   0.13091
   3651.7   0.13086
   3654.3   0.13081
   3656.8   0.13074
   3659.4   0.13066
   3662.0   0.13056
   3664.6   0.13049
   3667.2   0.13044
   3669.8   0.13040
   3672.4   0.13032
   3675.0   0.13025
   3677.6   0.13019
   3680.2   0.13014
   3682.8   0.13008
   3685.4   0.12998
   3688.0   0.12995
   3690.7   0.12995
   3693.3   0.12989
   3695.9   0.12979
   3698.6   0.12969
   3701.2   0.12961
   3703.9   0.12957
   3706.5   0.12952
   3709.1   0.12946
   3711.8   0.12944
   3714.5   0.12932
   3717.1   0.12915
   3719.8   0.12905
   3722.5   0.12897
   3725.1   0.12889
   3727.8   0.12879
   3730.5   0.12876
   3733.2   0.12871
   3735.9   0.12858
   3738.6   0.12847
   3741.3   0.12843
   3744.0   0.12839
   3746.7   0.12833
   3749.4   0.12821
   3752.1   0.12808
   3754.8   0.12799
   3757.5   0.12788
   3760.3   0.12784
   3763.0   0.12784
   3765.7   0.12771
   3768.4   0.12755
   3771.2   0.12746
   3773.9   0.12742
   3776.7   0.12734
   3779.4   0.12728
   3782.2   0.12715
   3784.9   0.12704
   3787.7   0.12700
   3790.5   0.12700
   3793.3   0.12684
   3796.0   0.12675
   3798.8   0.12671
   3801.6   0.12656
   3804.4   0.12646
   3807.2   0.12636
   3810.0   0.12626
   3812.8   0.12619
   3815.6   0.12610
   3818.4   0.12599
   3821.2   0.12587
   3824.0   0.12569
   3826.9   0.12556
   3829.7   0.12549
   3832.5   0.12546
   3835.3   0.12542
   3838.2   0.12538
   3841.0   0.12523
   3843.9   0.12507
   3846.7   0.12493
   3849.6   0.12480
   3852.4   0.12474
   3855.3   0.12469
   3858.2   0.12454
   3861.0   0.12439
   3863.9   0.12430
   3866.8   0.12422
   3869.7   0.12418
   3872.6   0.12411
   3875.5   0.12394
   3878.4   0.12378
   3881.3   0.12371
   3884.2   0.12365
   3887.1   0.12352
   3890.0   0.12340
   3892.9   0.12330
   3895.9   0.12311
   3898.8   0.12299
   3901.7   0.12293
   3904.7   0.12284
   3907.6   0.12272
   3910.6   0.12260
   3913.5   0.12254
   3916.4   0.12241
   3919.4   0.12222
   3922.4   0.12208
   3925.4   0.12200
   3928.3   0.12195
   3931.3   0.12188
   3934.3   0.12178
   3937.3   0.12165
   3940.3   0.12149
   3943.3   0.12136
   3946.3   0.12123
   3949.3   0.12111
   3952.3   0.12104
   3955.3   0.12089
   3958.3   0.12076
   3961.4   0.12061
   3964.4   0.12047
   3967.4   0.12035
   3970.5   0.12020
   3973.5   0.12003
   3976.6   0.11989
   3979.6   0.11977
   3982.6   0.11960
   3985.7   0.11945
   3988.8   0.11933
   3991.9   0.11921
   3994.9   0.11909
   3998.0   0.11895
   4001.1   0.11882
   4004.2   0.11867
   4007.3   0.11856
   4010.4   0.11841
   4013.5   0.11828
   4016.6   0.11815
   4019.7   0.11804
   4022.8   0.11791
   4025.9   0.11775
   4029.1   0.11761
   4032.2   0.11747
   4035.3   0.11734
   4038.5   0.11721
   4041.6   0.11708
   4044.8   0.11695
   4047.9   0.11682
   4051.1   0.11669
   4054.3   0.11653
   4057.4   0.11637
   4060.6   0.11623
   4063.8   0.11611
   4067.0   0.11597
   4070.2   0.11584
   4073.4   0.11570
   4076.6   0.11557
   4079.8   0.11545
   4083.0   0.11533
   4086.2   0.11519
   4089.4   0.11507
   4092.7   0.11493
   4095.9   0.11476
   4099.1   0.11463
   4102.4   0.11451
   4105.6   0.11437
   4108.9   0.11422
   4112.1   0.11409
   4115.4   0.11397
   4118.7   0.11385
   4122.0   0.11372
   4125.2   0.11358
   4128.5   0.11340
   4131.8   0.11324
   4135.1   0.11311
   4138.4   0.11298
   4141.7   0.11284
   4145.0   0.11271
   4148.3   0.11258
   4151.6   0.11243
   4155.0   0.11230
   4158.3   0.11216
   4161.6   0.11203
   4165.0   0.11190
   4168.3   0.11177
   4171.7   0.11163
   4175.0   0.11147
   4178.4   0.11129
   4181.8   0.11116
   4185.2   0.11102
   4188.5   0.11088
   4191.9   0.11073
   4195.3   0.11059
   4198.7   0.11046
   4202.1   0.11031
   4205.5   0.11014
   4208.9   0.11001
   4212.4   0.10986
   4215.8   0.10969
   4219.2   0.10954
   4222.6   0.10940
   4226.1   0.10921
   4229.5   0.10905
   4233.0   0.10891
   4236.5   0.10876
   4239.9   0.10864
   4243.4   0.10853
   4246.9   0.10838
   4250.3   0.10823
   4253.8   0.10809
   4257.3   0.10794
   4260.8   0.10778
   4264.3   0.10763
   4267.8   0.10747
   4271.3   0.10731
   4274.9   0.10715
   4278.4   0.10699
   4281.9   0.10685
   4285.5   0.10673
   4289.0   0.10658
   4292.6   0.10643
   4296.1   0.10628
   4299.7   0.10615
   4303.3   0.10599
   4306.8   0.10584
   4310.4   0.10571
   4314.0   0.10556
   4317.6   0.10541
   4321.2   0.10527
   4324.8   0.10511
   4328.4   0.10497
   4332.0   0.10483
   4335.6   0.10469
   4339.3   0.10454
   4342.9   0.10439
   4346.5   0.10424
   4350.2   0.10407
   4353.8   0.10391
   4357.5   0.10377
   4361.1   0.10362
   4364.8   0.10345
   4368.5   0.10329
   4372.2   0.10314
   4375.9   0.10299
   4379.6   0.10285
   4383.3   0.10271
   4387.0   0.10256
   4390.7   0.10240
   4394.4   0.10225
   4398.1   0.10211
   4401.9   0.10196
   4405.6   0.10181
   4409.4   0.10165
   4413.1   0.10150
   4416.9   0.10136
   4420.6   0.10121
   4424.4   0.10106
   4428.2   0.10089
   4432.0   0.10073
   4435.8   0.10056
   4439.6   0.10041
   4443.4   0.10026
   4447.2   0.10011
   4451.0   0.09995
   4454.8   0.09981
   4458.6   0.09966
   4462.5   0.09952
   4466.3   0.09936
   4470.2   0.09921
   4474.0   0.09907
   4477.9   0.09892
   4481.8   0.09876
   4485.6   0.09859
   4489.5   0.09843
   4493.4   0.09828
   4497.3   0.09813
   4501.2   0.09799
   4505.1   0.09783
   4509.0   0.09767
   4513.0   0.09751
   4516.9   0.09734
   4520.9   0.09718
   4524.8   0.09701
   4528.7   0.09684
   4532.7   0.09667
   4536.7   0.09651
   4540.6   0.09635
   4544.6   0.09618
   4548.6   0.09601
   4552.6   0.09583
   4556.6   0.09565
   4560.6   0.09547
   4564.6   0.09529
   4568.6   0.09510
   4572.7   0.09494
   4576.7   0.09475
   4580.8   0.09455
   4584.8   0.09438
   4588.9   0.09422
   4592.9   0.09404
   4597.0   0.09387
   4601.1   0.09366
   4605.2   0.09345
   4609.3   0.09325
   4613.4   0.09307
   4617.5   0.09287
   4621.6   0.09269
   4625.7   0.09250
   4629.8   0.09230
   4634.0   0.09212
   4638.1   0.09193
   4642.3   0.09172
   4646.4   0.09152
   4650.6   0.09132
   4654.8   0.09113
   4659.0   0.09093
   4663.1   0.09075
   4667.3   0.09055
   4671.5   0.09037
   4675.8   0.09020
   4680.0   0.09002
   4684.2   0.08981
   4688.4   0.08960
   4692.7   0.08939
   4696.9   0.08921
   4701.2   0.08903
   4705.5   0.08884
   4709.7   0.08864
   4714.0   0.08846
   4718.3   0.08826
   4722.6   0.08804
   4726.9   0.08784
   4731.2   0.08765
   4735.5   0.08745
   4739.9   0.08725
   4744.2   0.08707
   4748.5   0.08689
   4752.9   0.08670
   4757.3   0.08652
   4761.6   0.08633
   4766.0   0.08614
   4770.4   0.08594
   4774.8   0.08577
   4779.2   0.08559
   4783.6   0.08542
   4788.0   0.08525
   4792.4   0.08507
   4796.9   0.08488
   4801.3   0.08469
   4805.8   0.08452
   4810.2   0.08434
   4814.7   0.08416
   4819.1   0.08400
   4823.6   0.08381
   4828.1   0.08361
   4832.6   0.08340
   4837.1   0.08323
   4841.6   0.08305
   4846.2   0.08285
   4850.7   0.08264
   4855.3   0.08248
   4859.8   0.08229
   4864.4   0.08210
   4868.9   0.08191
   4873.5   0.08175
   4878.1   0.08158
   4882.7   0.08141
   4887.3   0.08124
   4891.9   0.08106
   4896.5   0.08088
   4901.1   0.08069
   4905.8   0.08051
   4910.4   0.08034
   4915.1   0.08016
   4919.7   0.07999
   4924.4   0.07983
   4929.1   0.07966
   4933.8   0.07948
   4938.5   0.07931
   4943.2   0.07916
   4947.9   0.07900
   4952.6   0.07882
   4957.4   0.07867
   4962.1   0.07850
   4966.9   0.07834
   4971.6   0.07818
   4976.4   0.07802
   4981.2   0.07784
   4986.0   0.07765
   4990.8   0.07749
   4995.6   0.07732
   5000.4   0.07714
   5005.2   0.07695
   5010.0   0.07677
   5014.9   0.07662
   5019.8   0.07646
   5024.6   0.07628
   5029.5   0.07611
   5034.4   0.07596
   5039.3   0.07579
   5044.2   0.07562
   5049.1   0.07545
   5054.0   0.07531
   5058.9   0.07515
   5063.9   0.07500
   5068.8   0.07483
   5073.8   0.07467
   5078.8   0.07452
   5083.7   0.07438
   5088.7   0.07422
   5093.7   0.07408
   5098.7   0.07395
   5103.7   0.07382
   5108.8   0.07370
   5113.8   0.07357
   5118.9   0.07345
   5123.9   0.07332
   5129.0   0.07319
   5134.1   0.07307
   5139.1   0.07294
   5144.3   0.07279
   5149.4   0.07265
   5154.5   0.07254
   5159.6   0.07244
   5164.7   0.07231
   5169.9   0.07218
   5175.0   0.07208
   5180.2   0.07196
   5185.4   0.07185
   5190.6   0.07174
   5195.8   0.07164
   5201.0   0.07151
   5206.2   0.07140
   5211.5   0.07130
   5216.7   0.07117
   5222.0   0.07105
   5227.2   0.07093
   5232.5   0.07080
   5237.8   0.07067
   5243.1   0.07053
   5248.4   0.07038
   5253.7   0.07026
   5259.0   0.07016
   5264.4   0.07003
   5269.7   0.06992
   5275.1   0.06983
   5280.5   0.06972
   5285.8   0.06958
   5291.2   0.06950
   5296.6   0.06942
   5302.0   0.06934
   5307.5   0.06926
   5312.9   0.06920
   5318.4   0.06917
   5323.8   0.06911
   5329.3   0.06900
   5334.8   0.06892
   5340.3   0.06887
   5345.8   0.06884
   5351.3   0.06879
   5356.8   0.06875
   5362.4   0.06873
   5367.9   0.06870
   5373.5   0.06866
   5379.0   0.06862
   5384.6   0.06861
   5390.2   0.06859
   5395.8   0.06856
   5401.5   0.06852
   5407.1   0.06847
   5412.7   0.06843
   5418.4   0.06837
   5424.1   0.06830
   5429.7   0.06823
   5435.4   0.06816
   5441.1   0.06809
   5446.8   0.06802
   5452.6   0.06794
   5458.3   0.06788
   5464.1   0.06782
   5469.8   0.06776
   5475.6   0.06768
   5481.4   0.06760
   5487.2   0.06752
   5493.0   0.06744
   5498.8   0.06735
   5504.7   0.06730
   5510.5   0.06722
   5516.4   0.06710
   5522.3   0.06698
   5528.1   0.06690
   5534.0   0.06679
   5540.0   0.06666
   5545.9   0.06650
   5551.8   0.06637
   5557.8   0.06624
   5563.7   0.06610
   5569.7   0.06597
   5575.7   0.06585
   5581.7   0.06570
   5587.7   0.06557
   5593.7   0.06545
   5599.8   0.06531
   5605.8   0.06516
   5611.9   0.06504
   5618.0   0.06491
   5624.1   0.06476
   5630.2   0.06459
   5636.3   0.06443
   5642.4   0.06426
   5648.6   0.06410
   5654.7   0.06394
   5660.9   0.06379
   5667.1   0.06358
   5673.3   0.06336
   5679.5   0.06309
   5685.7   0.06281
   5692.0   0.06255
   5698.2   0.06226
   5704.5   0.06193
   5710.8   0.06160
   5717.1   0.06130
   5723.4   0.06103
   5729.7   0.06080
   5736.0   0.06061
   5742.4   0.06042
   5748.8   0.06025
   5755.1   0.06011
   5761.5   0.06001
   5768.0   0.05994
   5774.4   0.05986
   5780.8   0.05973
   5787.3   0.05964
   5793.7   0.05953
   5800.2   0.05944
   5806.7   0.05935
   5813.2   0.05927
   5819.8   0.05918
   5826.3   0.05908
   5832.8   0.05900
   5839.4   0.05893
   5846.0   0.05883
   5852.6   0.05872
   5859.2   0.05858
   5865.8   0.05842
   5872.5   0.05827
   5879.1   0.05812
   5885.8   0.05796
   5892.5   0.05779
   5899.2   0.05761
   5905.9   0.05746
   5912.6   0.05731
   5919.4   0.05713
   5926.2   0.05695
   5932.9   0.05678
   5939.7   0.05660
   5946.5   0.05644
   5953.4   0.05628
   5960.2   0.05612
   5967.1   0.05596
   5974.0   0.05581
   5980.8   0.05566
   5987.8   0.05554
   5994.7   0.05541
   6001.6   0.05529
   6008.6   0.05519
   6015.5   0.05509
   6022.5   0.05498
   6029.5   0.05487
   6036.5   0.05477
   6043.6   0.05469
   6050.6   0.05456
   6057.7   0.05447
   6064.8   0.05441
   6071.9   0.05432
   6079.0   0.05422
   6086.1   0.05412
   6093.3   0.05400
   6100.5   0.05389
   6107.6   0.05376
   6114.8   0.05365
   6122.1   0.05355
   6129.3   0.05344
   6136.5   0.05333
   6143.8   0.05323
   6151.1   0.05312
   6158.4   0.05300
   6165.7   0.05286
   6173.1   0.05275
   6180.4   0.05265
   6187.8   0.05252
   6195.2   0.05240
   6202.6   0.05230
   6210.0   0.05218
   6217.5   0.05206
   6225.0   0.05191
   6232.4   0.05177
   6239.9   0.05163
   6247.5   0.05153
   6255.0   0.05149
   6262.5   0.05149
   6270.1   0.05149
   6277.7   0.05146
   6285.3   0.05142
   6292.9   0.05137
   6300.6   0.05127
   6308.3   0.05117
   6315.9   0.05110
   6323.6   0.05107
   6331.4   0.05105
   6339.1   0.05101
   6346.9   0.05097
   6354.6   0.05094
   6362.4   0.05086
   6370.3   0.05079
   6378.1   0.05072
   6385.9   0.05066
   6393.8   0.05059
   6401.7   0.05051
   6409.6   0.05044
   6417.6   0.05037
   6425.5   0.05032
   6433.5   0.05028
   6441.5   0.05023
   6449.5   0.05017
   6457.5   0.05010
   6465.6   0.05003
   6473.6   0.04996
   6481.7   0.04989
   6489.8   0.04983
   6498.0   0.04980
   6506.1   0.04977
   6514.3   0.04972
   6522.5   0.04967
   6530.7   0.04965
   6539.0   0.04961
   6547.2   0.04955
   6555.5   0.04949
   6563.8   0.04943
   6572.1   0.04937
   6580.4   0.04932
   6588.8   0.04926
   6597.2   0.04918
   6605.6   0.04912
   6614.0   0.04907
   6622.5   0.04900
   6630.9   0.04892
   6639.4   0.04884
   6647.9   0.04876
   6656.5   0.04866
   6665.0   0.04857
   6673.6   0.04843
   6682.2   0.04827
   6690.8   0.04812
   6699.5   0.04803
   6708.1   0.04797
   6716.8   0.04793
   6725.5   0.04786
   6734.3   0.04780
   6743.0   0.04771
   6751.8   0.04761
   6760.6   0.04748
   6769.4   0.04730
   6778.3   0.04710
   6787.1   0.04689
   6796.0   0.04668
   6805.0   0.04649
   6813.9   0.04628
   6822.9   0.04609
   6831.9   0.04591
   6840.9   0.04573
   6849.9   0.04549
   6859.0   0.04524
   6868.0   0.04498
   6877.2   0.04479
   6886.3   0.04461
   6895.5   0.04445
   6904.6   0.04430
   6913.8   0.04417
   6923.1   0.04405
   6932.3   0.04392
   6941.6   0.04380
   6950.9   0.04367
   6960.2   0.04351
   6969.6   0.04339
   6979.0   0.04327
   6988.4   0.04317
   6997.8   0.04308
   7007.3   0.04299
   7016.8   0.04288
   7026.3   0.04278
   7035.8   0.04270
   7045.4   0.04261
   7054.9   0.04255
   7064.5   0.04250
   7074.2   0.04245
   7083.9   0.04239
   7093.5   0.04232
   7103.3   0.04228
   7113.0   0.04223
   7122.8   0.04217
   7132.6   0.04211
   7142.4   0.04209
   7152.2   0.04205
   7162.1   0.04197
   7172.0   0.04187
   7182.0   0.04181
   7191.9   0.04176
   7201.9   0.04169
   7211.9   0.04155
   7222.0   0.04144
   7232.0   0.04137
   7242.1   0.04131
   7252.3   0.04123
   7262.4   0.04115
   7272.6   0.04105
   7282.8   0.04095
   7293.1   0.04087
   7303.3   0.04082
   7313.6   0.04077
   7324.0   0.04072
   7334.3   0.04065
   7344.7   0.04058
   7355.1   0.04053
   7365.6   0.04047
   7376.1   0.04039
   7386.6   0.04030
   7397.1   0.04020
   7407.7   0.04011
   7418.3   0.04003
   7428.9   0.03997
   7439.6   0.03989
   7450.2   0.03980
   7461.0   0.03972
   7471.7   0.03963
   7482.5   0.03954
   7493.3   0.03945
   7504.1   0.03937
   7515.0   0.03930
   7525.9   0.03922
   7536.9   0.03917
   7547.9   0.03907
   7558.9   0.03897
   7569.9   0.03890
   7581.0   0.03882
   7592.0   0.03871
   7603.2   0.03862
   7614.4   0.03853
   7625.5   0.03845
   7636.8   0.03834
   7648.0   0.03824
   7659.3   0.03817
   7670.7   0.03810
   7682.0   0.03801
   7693.4   0.03792
   7704.9   0.03785
   7716.3   0.03780
   7727.8   0.03771
   7739.4   0.03763
   7750.9   0.03756
   7762.5   0.03748
   7774.2   0.03740
   7785.8   0.03733
   7797.5   0.03724
   7809.3   0.03714
   7821.1   0.03703
   7832.9   0.03693
   7844.7   0.03683
   7856.6   0.03677
   7868.5   0.03669
   7880.5   0.03658
   7892.5   0.03646
   7904.5   0.03634
   7916.6   0.03625
   7928.7   0.03618
   7940.8   0.03610
   7953.0   0.03603
   7965.2   0.03596
   7977.5   0.03587
   7989.8   0.03577
   8002.1   0.03569
   8014.5   0.03561
   8026.9   0.03549
   8039.3   0.03539
   8051.8   0.03532
   8064.3   0.03528
   8076.9   0.03523
   8089.5   0.03518
   8102.1   0.03513
   8114.8   0.03506
   8127.5   0.03503
   8140.3   0.03500
   8153.1   0.03500
   8165.9   0.03499
   8178.8   0.03497
   8191.7   0.03494
   8204.7   0.03494
   8217.7   0.03492
   8230.7   0.03487
   8243.8   0.03480
   8257.0   0.03473
   8270.1   0.03466
   8283.3   0.03460
   8296.6   0.03451
   8309.9   0.03441
   8323.2   0.03429
   8336.6   0.03416
   8350.0   0.03404
   8363.5   0.03396
   8377.0   0.03389
   8390.5   0.03384
   8404.2   0.03382
   8417.8   0.03383
   8431.5   0.03384
   8445.2   0.03381
   8459.0   0.03375
   8472.8   0.03372
   8486.7   0.03372
   8500.6   0.03372
   8514.5   0.03372
   8528.5   0.03374
   8542.6   0.03377
   8556.7   0.03378
   8570.8   0.03383
   8585.0   0.03394
   8599.3   0.03407
   8613.5   0.03420
   8627.9   0.03437
   8642.3   0.03458
   8656.7   0.03480
   8671.2   0.03509
   8685.7   0.03544
   8700.3   0.03579
   8714.9   0.03617
   8729.5   0.03661
   8744.3   0.03704
   8759.0   0.03752
   8773.9   0.03803
   8788.7   0.03849
   8803.7   0.03894
   8818.6   0.03937
   8833.7   0.03976
   8848.7   0.04021
   8863.8   0.04065
   8879.0   0.04103
   8894.3   0.04146
   8909.5   0.04196
   8924.9   0.04244
   8940.3   0.04283
   8955.7   0.04318
   8971.2   0.04351
   8986.8   0.04375
   9002.3   0.04393
   9018.0   0.04410
   9033.7   0.04421
   9049.5   0.04422
   9065.3   0.04418
   9081.2   0.04408
   9097.1   0.04395
   9113.1   0.04378
   9129.1   0.04357
   9145.2   0.04332
   9161.4   0.04300
   9177.6   0.04265
   9193.9   0.04229
   9210.2   0.04191
   9226.6   0.04154
   9243.0   0.04116
   9259.5   0.04081
   9276.1   0.04047
   9292.7   0.04012
   9309.4   0.03969
   9326.2   0.03926
   9343.0   0.03881
   9359.8   0.03834
   9376.8   0.03786
   9393.8   0.03741
   9410.8   0.03698
   9427.9   0.03658
   9445.1   0.03629
   9462.3   0.03603
   9479.6   0.03580
   9497.0   0.03564
   9514.4   0.03549
   9531.9   0.03538
   9549.4   0.03521
   9567.0   0.03508
   9584.7   0.03498
   9602.5   0.03479
   9620.3   0.03461
   9638.2   0.03447
   9656.1   0.03432
   9674.2   0.03418
   9692.2   0.03405
   9710.4   0.03390
   9728.6   0.03377
   9746.9   0.03366
   9765.2   0.03355
   9783.7   0.03348
   9802.2   0.03340
   9820.7   0.03326
   9839.4   0.03314
   9858.1   0.03300
   9876.8   0.03288
   9895.7   0.03273
   9914.6   0.03256
   9933.6   0.03236
   9952.7   0.03217
   9971.8   0.03192
   9991.0   0.03165
  10010.3   0.03145
  10029.7   0.03123
  10049.1   0.03102
  10068.6   0.03076
  10088.2   0.03049
  10107.9   0.03028
  10127.6   0.03007
  10147.5   0.02987
  10167.3   0.02975
  10187.3   0.02968
  10207.4   0.02965
  10227.5   0.02966
  10247.7   0.02979
  10268.0   0.02997
  10288.4   0.03013
  10308.8   0.03034
  10329.4   0.03057
  10350.0   0.03075
  10370.7   0.03087
  10391.5   0.03091
  10412.3   0.03088
  10433.3   0.03076
  10454.3   0.03058
  10475.4   0.03040
  10496.7   0.03023
  10517.9   0.03008
  10539.3   0.02996
  10560.8   0.02993
  10582.3   0.02997
  10604.0   0.02997
  10625.7   0.02997
  10647.5   0.02994
  10669.4   0.02998
  10691.4   0.02992
  10713.5   0.02987
  10735.7   0.02984
  10758.0   0.02977
  10780.3   0.02964
  10802.8   0.02942
  10825.4   0.02914
  10848.0   0.02884
  10870.8   0.02850
  10893.6   0.02817
  10916.5   0.02785
  10939.5   0.02745
  10962.7   0.02707
  10985.9   0.02679
  11009.2   0.02662
  11032.7   0.02651
  11056.2   0.02642
  11079.8   0.02634
  11103.5   0.02625
  11127.4   0.02624
  11151.3   0.02618
  11175.3   0.02605
  11199.5   0.02595
  11223.7   0.02580
  11248.0   0.02556
  11272.5   0.02533
  11297.1   0.02508
  11321.7   0.02481
  11346.5   0.02453
  11371.4   0.02417
  11396.4   0.02378
  11421.5   0.02338
  11446.7   0.02298
  11472.0   0.02259
  11497.5   0.02213
  11523.0   0.02163
  11548.7   0.02112
  11574.4   0.02067
  11600.3   0.02025
  11626.3   0.01983
  11652.5   0.01936
  11678.7   0.01891
  11705.1   0.01849
  11731.6   0.01810
  11758.2   0.01769
  11784.9   0.01739
  11811.7   0.01703
  11838.7   0.01668
  11865.8   0.01639
  11893.0   0.01609
  11920.3   0.01583
  11947.8   0.01559
  11975.4   0.01532
  12003.1   0.01506
  12031.0   0.01487
  12059.0   0.01468
  12087.1   0.01451
  12115.3   0.01437
  12143.7   0.01418
  12172.2   0.01402
  12200.8   0.01387
  12229.6   0.01371
  12258.5   0.01355
  12287.6   0.01345
  12316.8   0.01335
  12346.1   0.01329
  12375.5   0.01322
  12405.2   0.01320
  12434.9   0.01320
  12464.8   0.01321
  12494.8   0.01332
  12525.0   0.01353
  12555.3   0.01373
  12585.8   0.01396
  12616.4   0.01426
  12647.2   0.01464
  12678.1   0.01508
  12709.2   0.01559
  12740.4   0.01616
  12771.8   0.01691
  12803.3   0.01775
  12835.0   0.01866
  12866.9   0.01963
  12898.9   0.02075
  12931.1   0.02195
  12963.4   0.02329
  12995.9   0.02473
  13028.5   0.02621
  13061.3   0.02780
  13094.3   0.02953
  13127.5   0.03126
  13160.8   0.03311
  13194.3   0.03513
  13228.0   0.03721
  13261.8   0.03932
  13295.8   0.04149
  13330.0   0.04378
  13364.3   0.04617
  13398.8   0.04853
  13433.6   0.05087
  13468.5   0.05322
  13503.5   0.05558
  13538.8   0.05788
  13574.2   0.06007
  13609.9   0.06211
  13645.7   0.06405
  13681.7   0.06587
  13717.9   0.06760
  13754.3   0.06915
  13790.8   0.07059
  13827.6   0.07203
  13864.6   0.07329
  13901.8   0.07441
  13939.2   0.07549
  13976.7   0.07652
  14014.5   0.07743
  14052.5   0.07825
  14090.7   0.07895
  14129.0   0.07965
  14167.6   0.08033
  14206.5   0.08092
  14245.5   0.08141
  14284.7   0.08185
  14324.2   0.08236
  14363.9   0.08269
  14403.8   0.08290
  14443.9   0.08314
  14484.3   0.08335
  14524.8   0.08357
  14565.6   0.08361
  14606.7   0.08360
  14647.9   0.08360
  14689.4   0.08347
  14731.2   0.08334
  14773.1   0.08341
  14815.3   0.08311
  14857.8   0.08297
  14900.5   0.08279
  14943.4   0.08239
  14986.6   0.08200
  15030.0   0.08177
  15073.7   0.08142
  15117.7   0.08091
  15161.9   0.08056
  15206.3   0.08008
  15251.1   0.07973
  15296.1   0.07946
  15341.3   0.07911
  15386.8   0.07868
  15432.6   0.07850
  15478.7   0.07816
  15525.1   0.07779
  15571.7   0.07739
  15618.6   0.07701
  15665.8   0.07649
  15713.2   0.07589
  15761.0   0.07520
  15809.0   0.07455
  15857.4   0.07387
  15906.0   0.07318
  15955.0   0.07262
  16004.2   0.07218
  16053.8   0.07155
  16103.6   0.07066
  16153.8   0.07021
  16204.3   0.07038
  16255.1   0.07058
  16306.2   0.07073
  16357.6   0.07081
  16409.4   0.07128
  16461.5   0.07171
  16513.9   0.07236
  16566.7   0.07336
  16619.8   0.07495
  16673.2   0.07617
  16727.0   0.07734
  16781.2   0.07889
  16835.6   0.08092
  16890.5   0.08279
  16945.7   0.08458
  17001.2   0.08655
  17057.2   0.08851
  17113.4   0.09031
  17170.1   0.09182
  17227.2   0.09316
  17284.6   0.09452
  17342.4   0.09595
  17400.6   0.09732
  17459.2   0.09859
  17518.2   0.09978
  17577.5   0.10070
  17637.3   0.10184
  17697.5   0.10269
  17758.1   0.10319
  17819.2   0.10366
  17880.6   0.10409
  17942.5   0.10450
  18004.8   0.10488
  18067.5   0.10515
  18130.7   0.10534
  18194.3   0.10551
  18258.4   0.10567
  18322.9   0.10566
  18387.9   0.10582
  18453.3   0.10608
  18519.2   0.10644
  18585.6   0.10646
  18652.4   0.10655
  18719.8   0.10653
  18787.6   0.10651
  18855.9   0.10654
  18924.8   0.10662
  18994.1   0.10682
  19063.9   0.10715
  19134.3   0.10718
  19205.1   0.10700
  19276.5   0.10678
  19348.4   0.10665
  19420.9   0.10645
  19493.9   0.10623
  19567.5   0.10564
  19641.6   0.10496
  19716.3   0.10436
  19791.5   0.10358
  19867.4   0.10284
  19943.8   0.10182
  20020.8   0.10057
  20098.4   0.09959
  20176.6   0.09837
  20255.4   0.09726
  20334.8   0.09641
  20414.9   0.09560
  20495.6   0.09490
  20576.9   0.09446
  20658.9   0.09370
  20741.6   0.09301
  20824.8   0.09226
  20908.8   0.09164
  20993.4   0.09110
  21078.8   0.09057
  21164.8   0.09010
  21251.6   0.08989
  21339.0   0.08952
  21427.2   0.08894
  21516.1   0.08894
  21605.8   0.08903
  21696.2   0.08884
  21787.3   0.08878
  21879.3   0.08838
  21972.0   0.08855
  22065.5   0.08909
  22159.8   0.08944
  22254.9   0.08982
  22350.8   0.09044
  22447.5   0.09092
  22545.1   0.09128
  22643.6   0.09147
  22742.9   0.09179
  22843.1   0.09177
  22944.2   0.09192
  23046.1   0.09224
  23149.0   0.09233
  23252.8   0.09229
  23357.6   0.09190
  23463.3   0.09123
  23569.9   0.09088
  23677.6   0.09049
  23786.2   0.08967
  23895.8   0.08818
  24006.4   0.08655
  24118.1   0.08536
  24230.8   0.08441
  24344.5   0.08324
  24459.3   0.08190
  24575.3   0.08031
  24692.3   0.07880
  24810.4   0.07711
  24929.7   0.07559
  25050.1   0.07432
  25171.7   0.07290
  25294.6   0.07171
  25418.6   0.07063
  25543.8   0.06879
  25670.2   0.06755
  25797.9   0.06642
  25926.9   0.06530
  26057.2   0.06430
  26188.8   0.06315
  26321.7   0.06178
  26456.0   0.06069
  26591.7   0.06023
  26728.8   0.06002
  26867.2   0.05967
  27007.2   0.05879
  27148.6   0.05815
  27291.5   0.05787
  27435.9   0.05756
  27581.8   0.05764
  27729.3   0.05784
  27878.4   0.05740
  28029.1   0.05731
  28181.4   0.05776
  28335.4   0.05764
  28491.1   0.05830
  28648.5   0.05897
  28807.7   0.05981
  28968.6   0.06113
  29131.3   0.06246
  29296.0   0.06362
  29462.4   0.06487
  29630.8   0.06622
  29801.1   0.06753
  29973.3   0.06886
  30147.6   0.07048
  30323.9   0.07115
  30502.2   0.07210
  30682.7   0.07445
  30865.3   0.07576
  31050.2   0.07677
  31237.2   0.07799
  31426.5   0.07978
  31618.2   0.08199
  31812.2   0.08388
  32008.6   0.08575
  32207.4   0.08756
  32408.7   0.08986
  32612.5   0.09177
  32818.9   0.09276
  33027.9   0.09355
  33239.6   0.09384
  33454.1   0.09394
  33671.3   0.09500
  33891.4   0.09542
  34114.4   0.09559
  34340.3   0.09574
  34569.3   0.09551
  34801.3   0.09501
  35036.4   0.09427
  35274.7   0.09386
  35516.4   0.09405
  35761.3   0.09357
  36009.6   0.09321
  36261.4   0.09341
  36516.8   0.09356
  36775.8   0.09344
  37038.5   0.09354
  37304.9   0.09313
  37575.2   0.09232
  37849.5   0.09164
  38127.8   0.09308
  38410.2   0.09467
  38696.8   0.09316
  38987.8   0.09117
  39283.2   0.09146
  39583.1   0.09124
  39887.6   0.09065
  40196.8   0.09012
  40510.8   0.09035
  40829.8   0.08853
  41153.9   0.08692
  41483.1   0.08717
  41817.6   0.08659
  42157.5   0.08576
  42503.1   0.08508
  42854.4   0.08333
  43211.5   0.08173
  43574.6   0.07981
  43943.9   0.07849
  44319.6   0.07874
  44701.6   0.07850
  45090.3   0.07951
  45485.9   0.08119
  45888.4   0.08139
  46298.1   0.08285
  46715.2   0.08352
  47139.8   0.08267
  47572.3   0.07987
  48012.8   0.07867
  48461.5   0.07911
  48918.7   0.07864
  49384.6   0.07878
  49859.4   0.08028



 BIR1LR182           .ASC                        

 LR-CMP-182                                                              
 70035,188 ilmenite B <125 um                                            
 Connected at 3.95 & 14.7 um                                             

 Source Ang: 30.00   Detect Ang:  0.00  Volt: 1.222
 Date: 24-APR-08   Time: 16:29:35
