  5082
   1000.0   0.04353
   1000.2   0.04366
   1000.4   0.04375
   1000.6   0.04389
   1000.8   0.04391
   1001.0   0.04378
   1001.2   0.04366
   1001.4   0.04369
   1001.6   0.04392
   1001.8   0.04383
   1001.9   0.04380
   1002.1   0.04396
   1002.3   0.04397
   1002.5   0.04402
   1002.7   0.04406
   1002.9   0.04405
   1003.1   0.04401
   1003.3   0.04413
   1003.5   0.04428
   1003.7   0.04439
   1003.9   0.04439
   1004.1   0.04432
   1004.3   0.04439
   1004.5   0.04457
   1004.7   0.04453
   1004.9   0.04434
   1005.0   0.04442
   1005.3   0.04457
   1005.4   0.04448
   1005.6   0.04440
   1005.8   0.04439
   1006.0   0.04444
   1006.2   0.04462
   1006.4   0.04481
   1006.6   0.04489
   1006.8   0.04479
   1007.0   0.04475
   1007.2   0.04486
   1007.4   0.04495
   1007.6   0.04494
   1007.8   0.04492
   1008.0   0.04493
   1008.2   0.04495
   1008.4   0.04486
   1008.6   0.04496
   1008.8   0.04505
   1009.0   0.04501
   1009.2   0.04507
   1009.4   0.04521
   1009.5   0.04518
   1009.8   0.04513
   1010.0   0.04515
   1010.1   0.04523
   1010.3   0.04535
   1010.5   0.04532
   1010.7   0.04525
   1010.9   0.04526
   1011.1   0.04528
   1011.3   0.04527
   1011.5   0.04531
   1011.7   0.04538
   1011.9   0.04534
   1012.1   0.04536
   1012.3   0.04548
   1012.5   0.04557
   1012.7   0.04570
   1012.9   0.04569
   1013.1   0.04561
   1013.3   0.04570
   1013.5   0.04572
   1013.7   0.04571
   1013.9   0.04585
   1014.1   0.04594
   1014.3   0.04607
   1014.5   0.04615
   1014.7   0.04620
   1014.9   0.04621
   1015.1   0.04611
   1015.3   0.04606
   1015.5   0.04610
   1015.7   0.04615
   1015.9   0.04622
   1016.1   0.04636
   1016.3   0.04642
   1016.5   0.04627
   1016.7   0.04629
   1016.9   0.04650
   1017.1   0.04652
   1017.3   0.04640
   1017.5   0.04642
   1017.7   0.04656
   1017.9   0.04672
   1018.1   0.04673
   1018.3   0.04677
   1018.5   0.04671
   1018.7   0.04673
   1018.9   0.04676
   1019.1   0.04679
   1019.3   0.04696
   1019.5   0.04712
   1019.7   0.04721
   1019.9   0.04724
   1020.1   0.04728
   1020.3   0.04733
   1020.5   0.04727
   1020.7   0.04727
   1020.9   0.04726
   1021.1   0.04723
   1021.3   0.04739
   1021.5   0.04765
   1021.7   0.04758
   1021.9   0.04739
   1022.1   0.04741
   1022.3   0.04750
   1022.5   0.04761
   1022.7   0.04768
   1022.9   0.04773
   1023.1   0.04778
   1023.3   0.04777
   1023.5   0.04790
   1023.7   0.04795
   1023.9   0.04791
   1024.1   0.04795
   1024.3   0.04808
   1024.5   0.04809
   1024.7   0.04807
   1024.9   0.04803
   1025.1   0.04826
   1025.3   0.04842
   1025.5   0.04837
   1025.7   0.04827
   1025.9   0.04829
   1026.1   0.04833
   1026.3   0.04849
   1026.5   0.04851
   1026.8   0.04849
   1026.9   0.04856
   1027.2   0.04873
   1027.4   0.04884
   1027.6   0.04884
   1027.8   0.04884
   1028.0   0.04884
   1028.2   0.04884
   1028.4   0.04886
   1028.6   0.04890
   1028.8   0.04894
   1029.0   0.04907
   1029.2   0.04913
   1029.4   0.04907
   1029.6   0.04912
   1029.8   0.04925
   1030.0   0.04932
   1030.2   0.04932
   1030.4   0.04943
   1030.6   0.04957
   1030.8   0.04956
   1031.0   0.04958
   1031.2   0.04970
   1031.4   0.04983
   1031.7   0.04992
   1031.8   0.04998
   1032.1   0.04989
   1032.3   0.04991
   1032.5   0.05003
   1032.7   0.05008
   1032.9   0.05016
   1033.1   0.05026
   1033.3   0.05029
   1033.5   0.05031
   1033.7   0.05039
   1033.9   0.05057
   1034.1   0.05073
   1034.3   0.05063
   1034.5   0.05056
   1034.7   0.05066
   1034.9   0.05073
   1035.2   0.05074
   1035.4   0.05086
   1035.6   0.05093
   1035.8   0.05096
   1036.0   0.05109
   1036.2   0.05118
   1036.4   0.05118
   1036.6   0.05123
   1036.8   0.05130
   1037.0   0.05132
   1037.2   0.05142
   1037.4   0.05146
   1037.6   0.05149
   1037.8   0.05159
   1038.1   0.05168
   1038.3   0.05174
   1038.5   0.05170
   1038.7   0.05176
   1038.9   0.05195
   1039.1   0.05198
   1039.3   0.05194
   1039.5   0.05195
   1039.7   0.05215
   1039.9   0.05221
   1040.1   0.05215
   1040.3   0.05231
   1040.6   0.05245
   1040.8   0.05249
   1041.0   0.05261
   1041.2   0.05261
   1041.4   0.05259
   1041.6   0.05256
   1041.8   0.05262
   1042.0   0.05277
   1042.2   0.05302
   1042.4   0.05317
   1042.6   0.05316
   1042.8   0.05310
   1043.1   0.05312
   1043.3   0.05315
   1043.5   0.05324
   1043.7   0.05335
   1043.9   0.05350
   1044.1   0.05362
   1044.3   0.05373
   1044.5   0.05375
   1044.7   0.05375
   1045.0   0.05375
   1045.2   0.05378
   1045.4   0.05385
   1045.6   0.05397
   1045.8   0.05412
   1046.0   0.05420
   1046.2   0.05423
   1046.4   0.05427
   1046.6   0.05449
   1046.8   0.05468
   1047.1   0.05466
   1047.3   0.05467
   1047.5   0.05473
   1047.7   0.05478
   1047.9   0.05493
   1048.1   0.05502
   1048.3   0.05508
   1048.6   0.05511
   1048.8   0.05509
   1049.0   0.05520
   1049.2   0.05538
   1049.4   0.05536
   1049.6   0.05536
   1049.8   0.05545
   1050.0   0.05549
   1050.3   0.05561
   1050.5   0.05583
   1050.7   0.05593
   1050.9   0.05601
   1051.1   0.05604
   1051.3   0.05607
   1051.5   0.05615
   1051.7   0.05619
   1051.9   0.05626
   1052.2   0.05644
   1052.4   0.05656
   1052.6   0.05657
   1052.8   0.05663
   1053.0   0.05676
   1053.2   0.05679
   1053.4   0.05684
   1053.7   0.05697
   1053.9   0.05699
   1054.1   0.05704
   1054.3   0.05718
   1054.5   0.05728
   1054.7   0.05745
   1054.9   0.05760
   1055.2   0.05765
   1055.4   0.05764
   1055.6   0.05778
   1055.8   0.05796
   1056.0   0.05812
   1056.2   0.05820
   1056.4   0.05822
   1056.7   0.05831
   1056.9   0.05845
   1057.1   0.05859
   1057.3   0.05874
   1057.5   0.05877
   1057.8   0.05875
   1058.0   0.05878
   1058.2   0.05894
   1058.4   0.05917
   1058.6   0.05927
   1058.8   0.05928
   1059.0   0.05932
   1059.3   0.05944
   1059.5   0.05957
   1059.7   0.05972
   1059.9   0.05980
   1060.1   0.05986
   1060.3   0.05990
   1060.6   0.05999
   1060.8   0.06009
   1061.0   0.06018
   1061.2   0.06030
   1061.4   0.06030
   1061.6   0.06037
   1061.9   0.06060
   1062.1   0.06065
   1062.3   0.06063
   1062.5   0.06069
   1062.7   0.06082
   1062.9   0.06096
   1063.2   0.06110
   1063.4   0.06121
   1063.6   0.06135
   1063.8   0.06150
   1064.0   0.06159
   1064.3   0.06167
   1064.5   0.06188
   1064.7   0.06205
   1064.9   0.06218
   1065.1   0.06224
   1065.3   0.06231
   1065.6   0.06238
   1065.8   0.06244
   1066.0   0.06253
   1066.2   0.06259
   1066.4   0.06266
   1066.7   0.06282
   1066.9   0.06297
   1067.1   0.06308
   1067.3   0.06313
   1067.6   0.06318
   1067.8   0.06324
   1068.0   0.06340
   1068.2   0.06361
   1068.4   0.06377
   1068.7   0.06380
   1068.9   0.06391
   1069.1   0.06413
   1069.3   0.06420
   1069.5   0.06426
   1069.8   0.06447
   1070.0   0.06469
   1070.2   0.06471
   1070.4   0.06472
   1070.6   0.06479
   1070.8   0.06493
   1071.1   0.06513
   1071.3   0.06522
   1071.5   0.06535
   1071.7   0.06536
   1072.0   0.06542
   1072.2   0.06561
   1072.4   0.06576
   1072.6   0.06582
   1072.8   0.06595
   1073.1   0.06607
   1073.3   0.06622
   1073.5   0.06637
   1073.7   0.06652
   1074.0   0.06668
   1074.2   0.06676
   1074.4   0.06679
   1074.6   0.06694
   1074.8   0.06721
   1075.1   0.06736
   1075.3   0.06743
   1075.5   0.06749
   1075.7   0.06755
   1076.0   0.06765
   1076.2   0.06787
   1076.4   0.06798
   1076.6   0.06813
   1076.9   0.06829
   1077.1   0.06843
   1077.3   0.06855
   1077.5   0.06857
   1077.8   0.06863
   1078.0   0.06879
   1078.2   0.06898
   1078.4   0.06919
   1078.7   0.06933
   1078.9   0.06953
   1079.1   0.06972
   1079.3   0.06987
   1079.6   0.07000
   1079.8   0.07010
   1080.0   0.07020
   1080.2   0.07031
   1080.4   0.07039
   1080.7   0.07054
   1080.9   0.07072
   1081.1   0.07082
   1081.3   0.07092
   1081.6   0.07101
   1081.8   0.07110
   1082.0   0.07122
   1082.3   0.07135
   1082.5   0.07154
   1082.7   0.07167
   1082.9   0.07177
   1083.2   0.07199
   1083.4   0.07209
   1083.6   0.07218
   1083.8   0.07240
   1084.1   0.07261
   1084.3   0.07272
   1084.5   0.07277
   1084.7   0.07294
   1085.0   0.07314
   1085.2   0.07329
   1085.4   0.07343
   1085.7   0.07357
   1085.9   0.07369
   1086.1   0.07383
   1086.3   0.07399
   1086.6   0.07416
   1086.8   0.07432
   1087.0   0.07443
   1087.3   0.07461
   1087.5   0.07479
   1087.7   0.07490
   1087.9   0.07504
   1088.2   0.07521
   1088.4   0.07532
   1088.6   0.07541
   1088.8   0.07555
   1089.1   0.07576
   1089.3   0.07593
   1089.5   0.07603
   1089.8   0.07612
   1090.0   0.07622
   1090.2   0.07638
   1090.4   0.07656
   1090.7   0.07673
   1090.9   0.07693
   1091.1   0.07714
   1091.4   0.07725
   1091.6   0.07740
   1091.8   0.07755
   1092.1   0.07763
   1092.3   0.07775
   1092.5   0.07797
   1092.8   0.07813
   1093.0   0.07828
   1093.2   0.07850
   1093.4   0.07866
   1093.7   0.07871
   1093.9   0.07884
   1094.1   0.07905
   1094.4   0.07919
   1094.6   0.07933
   1094.8   0.07956
   1095.1   0.07972
   1095.3   0.07979
   1095.5   0.08006
   1095.8   0.08021
   1096.0   0.08030
   1096.2   0.08050
   1096.4   0.08070
   1096.7   0.08080
   1096.9   0.08100
   1097.1   0.08121
   1097.4   0.08125
   1097.6   0.08135
   1097.8   0.08157
   1098.1   0.08176
   1098.3   0.08189
   1098.5   0.08204
   1098.8   0.08222
   1099.0   0.08238
   1099.2   0.08259
   1099.5   0.08276
   1099.7   0.08282
   1099.9   0.08304
   1100.2   0.08332
   1100.4   0.08344
   1100.6   0.08347
   1100.9   0.08359
   1101.1   0.08373
   1101.3   0.08394
   1101.6   0.08415
   1101.8   0.08434
   1102.0   0.08453
   1102.3   0.08474
   1102.5   0.08491
   1102.7   0.08508
   1103.0   0.08524
   1103.2   0.08540
   1103.4   0.08561
   1103.7   0.08578
   1103.9   0.08593
   1104.2   0.08610
   1104.4   0.08625
   1104.6   0.08638
   1104.8   0.08655
   1105.1   0.08676
   1105.3   0.08694
   1105.6   0.08702
   1105.8   0.08717
   1106.0   0.08743
   1106.3   0.08770
   1106.5   0.08785
   1106.7   0.08793
   1107.0   0.08803
   1107.2   0.08823
   1107.4   0.08845
   1107.7   0.08866
   1107.9   0.08883
   1108.2   0.08899
   1108.4   0.08911
   1108.6   0.08928
   1108.9   0.08946
   1109.1   0.08963
   1109.3   0.08980
   1109.6   0.09000
   1109.8   0.09021
   1110.1   0.09031
   1110.3   0.09048
   1110.5   0.09069
   1110.8   0.09087
   1111.0   0.09102
   1111.3   0.09119
   1111.5   0.09144
   1111.7   0.09163
   1112.0   0.09176
   1112.2   0.09191
   1112.4   0.09208
   1112.7   0.09223
   1112.9   0.09239
   1113.2   0.09260
   1113.4   0.09275
   1113.6   0.09297
   1113.9   0.09311
   1114.1   0.09323
   1114.3   0.09343
   1114.6   0.09362
   1114.8   0.09372
   1115.1   0.09389
   1115.3   0.09412
   1115.6   0.09437
   1115.8   0.09457
   1116.0   0.09469
   1116.3   0.09479
   1116.5   0.09495
   1116.8   0.09520
   1117.0   0.09546
   1117.2   0.09554
   1117.5   0.09566
   1117.7   0.09588
   1118.0   0.09608
   1118.2   0.09633
   1118.4   0.09653
   1118.7   0.09670
   1118.9   0.09686
   1119.2   0.09700
   1119.4   0.09721
   1119.7   0.09741
   1119.9   0.09753
   1120.1   0.09768
   1120.4   0.09787
   1120.6   0.09801
   1120.9   0.09813
   1121.1   0.09829
   1121.3   0.09850
   1121.6   0.09873
   1121.8   0.09895
   1122.1   0.09905
   1122.3   0.09917
   1122.6   0.09940
   1122.8   0.09962
   1123.0   0.09979
   1123.3   0.09990
   1123.5   0.10009
   1123.8   0.10022
   1124.0   0.10032
   1124.3   0.10060
   1124.5   0.10087
   1124.8   0.10100
   1125.0   0.10115
   1125.2   0.10135
   1125.5   0.10153
   1125.7   0.10170
   1126.0   0.10189
   1126.2   0.10204
   1126.5   0.10218
   1126.7   0.10234
   1126.9   0.10258
   1127.2   0.10275
   1127.4   0.10291
   1127.7   0.10312
   1127.9   0.10330
   1128.2   0.10338
   1128.4   0.10350
   1128.7   0.10377
   1128.9   0.10398
   1129.2   0.10409
   1129.4   0.10430
   1129.7   0.10453
   1129.9   0.10467
   1130.1   0.10486
   1130.4   0.10505
   1130.6   0.10518
   1130.9   0.10535
   1131.1   0.10555
   1131.4   0.10575
   1131.6   0.10588
   1131.9   0.10606
   1132.1   0.10623
   1132.4   0.10642
   1132.6   0.10663
   1132.9   0.10677
   1133.1   0.10694
   1133.3   0.10710
   1133.6   0.10720
   1133.8   0.10737
   1134.1   0.10752
   1134.3   0.10770
   1134.6   0.10798
   1134.8   0.10819
   1135.1   0.10838
   1135.3   0.10860
   1135.6   0.10872
   1135.8   0.10879
   1136.1   0.10898
   1136.3   0.10918
   1136.6   0.10930
   1136.8   0.10951
   1137.1   0.10976
   1137.3   0.10992
   1137.6   0.11001
   1137.8   0.11016
   1138.1   0.11035
   1138.3   0.11053
   1138.6   0.11065
   1138.8   0.11082
   1139.1   0.11107
   1139.3   0.11128
   1139.6   0.11141
   1139.8   0.11161
   1140.1   0.11182
   1140.3   0.11200
   1140.6   0.11216
   1140.8   0.11236
   1141.1   0.11244
   1141.3   0.11249
   1141.6   0.11269
   1141.8   0.11296
   1142.1   0.11315
   1142.3   0.11329
   1142.6   0.11343
   1142.8   0.11364
   1143.1   0.11385
   1143.3   0.11399
   1143.6   0.11409
   1143.8   0.11422
   1144.1   0.11444
   1144.4   0.11465
   1144.6   0.11478
   1144.9   0.11490
   1145.1   0.11505
   1145.4   0.11523
   1145.6   0.11538
   1145.9   0.11554
   1146.1   0.11569
   1146.4   0.11589
   1146.6   0.11613
   1146.9   0.11634
   1147.1   0.11643
   1147.4   0.11654
   1147.7   0.11674
   1147.9   0.11687
   1148.2   0.11703
   1148.4   0.11718
   1148.7   0.11737
   1148.9   0.11755
   1149.2   0.11763
   1149.4   0.11777
   1149.7   0.11793
   1149.9   0.11810
   1150.2   0.11827
   1150.4   0.11841
   1150.7   0.11855
   1151.0   0.11871
   1151.2   0.11891
   1151.5   0.11908
   1151.7   0.11919
   1152.0   0.11935
   1152.2   0.11949
   1152.5   0.11968
   1152.8   0.11991
   1153.0   0.12005
   1153.3   0.12016
   1153.5   0.12028
   1153.8   0.12042
   1154.0   0.12063
   1154.3   0.12085
   1154.6   0.12100
   1154.8   0.12113
   1155.1   0.12121
   1155.3   0.12136
   1155.6   0.12150
   1155.8   0.12159
   1156.1   0.12175
   1156.4   0.12194
   1156.6   0.12209
   1156.9   0.12228
   1157.1   0.12248
   1157.4   0.12263
   1157.7   0.12277
   1157.9   0.12289
   1158.2   0.12301
   1158.4   0.12315
   1158.7   0.12332
   1158.9   0.12347
   1159.2   0.12362
   1159.5   0.12375
   1159.7   0.12388
   1160.0   0.12404
   1160.2   0.12422
   1160.5   0.12438
   1160.8   0.12451
   1161.0   0.12465
   1161.3   0.12483
   1161.5   0.12501
   1161.8   0.12515
   1162.1   0.12526
   1162.3   0.12540
   1162.6   0.12552
   1162.8   0.12568
   1163.1   0.12577
   1163.4   0.12588
   1163.6   0.12608
   1163.9   0.12623
   1164.1   0.12634
   1164.4   0.12649
   1164.7   0.12664
   1164.9   0.12677
   1165.2   0.12696
   1165.4   0.12711
   1165.7   0.12722
   1166.0   0.12737
   1166.2   0.12754
   1166.5   0.12771
   1166.8   0.12782
   1167.0   0.12791
   1167.3   0.12804
   1167.6   0.12817
   1167.8   0.12831
   1168.1   0.12844
   1168.3   0.12859
   1168.6   0.12872
   1168.9   0.12887
   1169.1   0.12904
   1169.4   0.12918
   1169.7   0.12934
   1169.9   0.12946
   1170.2   0.12951
   1170.4   0.12957
   1170.7   0.12976
   1171.0   0.12993
   1171.2   0.13002
   1171.5   0.13016
   1171.8   0.13029
   1172.0   0.13041
   1172.3   0.13057
   1172.6   0.13069
   1172.8   0.13078
   1173.1   0.13091
   1173.4   0.13106
   1173.6   0.13122
   1173.9   0.13134
   1174.2   0.13152
   1174.4   0.13173
   1174.7   0.13181
   1175.0   0.13186
   1175.2   0.13197
   1175.5   0.13210
   1175.8   0.13222
   1176.0   0.13231
   1176.3   0.13243
   1176.6   0.13259
   1176.8   0.13273
   1177.1   0.13288
   1177.4   0.13302
   1177.6   0.13315
   1177.9   0.13327
   1178.2   0.13344
   1178.4   0.13359
   1178.7   0.13368
   1179.0   0.13379
   1179.2   0.13388
   1179.5   0.13397
   1179.8   0.13408
   1180.0   0.13420
   1180.3   0.13434
   1180.6   0.13449
   1180.8   0.13464
   1181.1   0.13476
   1181.4   0.13487
   1181.7   0.13496
   1181.9   0.13508
   1182.2   0.13522
   1182.5   0.13533
   1182.7   0.13542
   1183.0   0.13556
   1183.3   0.13575
   1183.5   0.13587
   1183.8   0.13594
   1184.1   0.13611
   1184.3   0.13622
   1184.6   0.13632
   1184.9   0.13643
   1185.2   0.13654
   1185.4   0.13661
   1185.7   0.13674
   1186.0   0.13688
   1186.3   0.13699
   1186.5   0.13708
   1186.8   0.13719
   1187.1   0.13736
   1187.3   0.13752
   1187.6   0.13760
   1187.9   0.13763
   1188.2   0.13773
   1188.4   0.13786
   1188.7   0.13794
   1189.0   0.13804
   1189.2   0.13821
   1189.5   0.13832
   1189.8   0.13843
   1190.1   0.13859
   1190.3   0.13872
   1190.6   0.13880
   1190.9   0.13891
   1191.2   0.13904
   1191.4   0.13913
   1191.7   0.13923
   1192.0   0.13937
   1192.3   0.13948
   1192.5   0.13959
   1192.8   0.13966
   1193.1   0.13978
   1193.3   0.13992
   1193.6   0.14006
   1193.9   0.14017
   1194.2   0.14024
   1194.4   0.14031
   1194.7   0.14038
   1195.0   0.14052
   1195.3   0.14067
   1195.6   0.14080
   1195.8   0.14091
   1196.1   0.14097
   1196.4   0.14105
   1196.7   0.14120
   1196.9   0.14130
   1197.2   0.14137
   1197.5   0.14148
   1197.8   0.14161
   1198.0   0.14173
   1198.3   0.14180
   1198.6   0.14188
   1198.9   0.14202
   1199.2   0.14209
   1199.4   0.14215
   1199.7   0.14230
   1200.0   0.14251
   1200.3   0.14259
   1200.5   0.14262
   1200.8   0.14273
   1201.1   0.14284
   1201.4   0.14293
   1201.7   0.14304
   1201.9   0.14314
   1202.2   0.14324
   1202.5   0.14336
   1202.8   0.14347
   1203.0   0.14354
   1203.3   0.14366
   1203.6   0.14379
   1203.9   0.14389
   1204.2   0.14398
   1204.4   0.14410
   1204.7   0.14418
   1205.0   0.14424
   1205.3   0.14429
   1205.6   0.14442
   1205.8   0.14459
   1206.1   0.14471
   1206.4   0.14479
   1206.7   0.14487
   1207.0   0.14493
   1207.2   0.14499
   1207.5   0.14512
   1207.8   0.14523
   1208.1   0.14531
   1208.4   0.14545
   1208.7   0.14553
   1208.9   0.14561
   1209.2   0.14570
   1209.5   0.14576
   1209.8   0.14592
   1210.1   0.14606
   1210.3   0.14614
   1210.6   0.14620
   1210.9   0.14629
   1211.2   0.14639
   1211.5   0.14648
   1211.8   0.14659
   1212.0   0.14671
   1212.3   0.14678
   1212.6   0.14687
   1212.9   0.14698
   1213.2   0.14705
   1213.5   0.14714
   1213.7   0.14727
   1214.0   0.14738
   1214.3   0.14744
   1214.6   0.14754
   1214.9   0.14765
   1215.2   0.14777
   1215.4   0.14783
   1215.7   0.14786
   1216.0   0.14790
   1216.3   0.14800
   1216.6   0.14812
   1216.9   0.14825
   1217.2   0.14837
   1217.4   0.14847
   1217.7   0.14858
   1218.0   0.14868
   1218.3   0.14880
   1218.6   0.14883
   1218.9   0.14890
   1219.2   0.14906
   1219.4   0.14914
   1219.7   0.14921
   1220.0   0.14932
   1220.3   0.14945
   1220.6   0.14955
   1220.9   0.14962
   1221.2   0.14966
   1221.5   0.14974
   1221.8   0.14978
   1222.0   0.14990
   1222.3   0.15008
   1222.6   0.15015
   1222.9   0.15022
   1223.2   0.15028
   1223.5   0.15037
   1223.8   0.15047
   1224.1   0.15057
   1224.3   0.15065
   1224.6   0.15068
   1224.9   0.15075
   1225.2   0.15089
   1225.5   0.15101
   1225.8   0.15107
   1226.1   0.15119
   1226.4   0.15133
   1226.7   0.15142
   1227.0   0.15148
   1227.3   0.15153
   1227.5   0.15158
   1227.8   0.15166
   1228.1   0.15175
   1228.4   0.15182
   1228.7   0.15190
   1229.0   0.15201
   1229.3   0.15215
   1229.6   0.15222
   1229.9   0.15227
   1230.2   0.15239
   1230.4   0.15248
   1230.7   0.15252
   1231.0   0.15264
   1231.3   0.15273
   1231.6   0.15281
   1231.9   0.15295
   1232.2   0.15303
   1232.5   0.15309
   1232.8   0.15322
   1233.1   0.15330
   1233.4   0.15337
   1233.7   0.15347
   1234.0   0.15360
   1234.3   0.15369
   1234.6   0.15376
   1234.8   0.15384
   1235.1   0.15389
   1235.4   0.15397
   1235.7   0.15406
   1236.0   0.15413
   1236.3   0.15417
   1236.6   0.15423
   1236.9   0.15432
   1237.2   0.15445
   1237.5   0.15454
   1237.8   0.15459
   1238.1   0.15467
   1238.4   0.15475
   1238.7   0.15487
   1239.0   0.15498
   1239.3   0.15506
   1239.6   0.15511
   1239.9   0.15517
   1240.2   0.15530
   1240.5   0.15543
   1240.8   0.15549
   1241.1   0.15558
   1241.3   0.15573
   1241.7   0.15579
   1241.9   0.15581
   1242.2   0.15585
   1242.5   0.15598
   1242.8   0.15610
   1243.1   0.15618
   1243.4   0.15626
   1243.7   0.15639
   1244.0   0.15647
   1244.3   0.15654
   1244.6   0.15664
   1244.9   0.15671
   1245.2   0.15676
   1245.5   0.15684
   1245.8   0.15696
   1246.1   0.15705
   1246.4   0.15710
   1246.7   0.15717
   1247.0   0.15725
   1247.3   0.15733
   1247.6   0.15743
   1247.9   0.15756
   1248.2   0.15765
   1248.5   0.15774
   1248.8   0.15781
   1249.1   0.15785
   1249.4   0.15791
   1249.7   0.15802
   1250.0   0.15812
   1250.3   0.15821
   1250.6   0.15831
   1250.9   0.15839
   1251.2   0.15847
   1251.5   0.15853
   1251.8   0.15860
   1252.1   0.15873
   1252.4   0.15879
   1252.8   0.15887
   1253.1   0.15898
   1253.3   0.15904
   1253.7   0.15913
   1254.0   0.15923
   1254.3   0.15929
   1254.6   0.15938
   1254.9   0.15949
   1255.2   0.15956
   1255.5   0.15962
   1255.8   0.15972
   1256.1   0.15980
   1256.4   0.15988
   1256.7   0.15998
   1257.0   0.16008
   1257.3   0.16016
   1257.6   0.16026
   1257.9   0.16033
   1258.2   0.16035
   1258.5   0.16043
   1258.8   0.16050
   1259.1   0.16058
   1259.4   0.16074
   1259.8   0.16085
   1260.1   0.16093
   1260.4   0.16103
   1260.7   0.16109
   1261.0   0.16112
   1261.3   0.16115
   1261.6   0.16121
   1261.9   0.16129
   1262.2   0.16141
   1262.5   0.16153
   1262.8   0.16165
   1263.1   0.16173
   1263.4   0.16181
   1263.7   0.16191
   1264.1   0.16201
   1264.4   0.16209
   1264.7   0.16216
   1265.0   0.16223
   1265.3   0.16227
   1265.6   0.16236
   1265.9   0.16245
   1266.2   0.16256
   1266.5   0.16268
   1266.8   0.16276
   1267.1   0.16281
   1267.4   0.16286
   1267.8   0.16288
   1268.1   0.16301
   1268.4   0.16318
   1268.7   0.16323
   1269.0   0.16327
   1269.3   0.16340
   1269.6   0.16350
   1269.9   0.16355
   1270.2   0.16362
   1270.6   0.16373
   1270.9   0.16383
   1271.2   0.16387
   1271.5   0.16394
   1271.8   0.16402
   1272.1   0.16408
   1272.4   0.16418
   1272.7   0.16430
   1273.1   0.16440
   1273.4   0.16445
   1273.7   0.16452
   1274.0   0.16464
   1274.3   0.16473
   1274.6   0.16475
   1274.9   0.16480
   1275.2   0.16489
   1275.6   0.16499
   1275.9   0.16508
   1276.2   0.16518
   1276.5   0.16526
   1276.8   0.16535
   1277.1   0.16544
   1277.4   0.16550
   1277.8   0.16556
   1278.1   0.16569
   1278.4   0.16577
   1278.7   0.16583
   1279.0   0.16596
   1279.3   0.16605
   1279.7   0.16611
   1280.0   0.16616
   1280.3   0.16620
   1280.6   0.16628
   1280.9   0.16637
   1281.2   0.16643
   1281.5   0.16651
   1281.9   0.16664
   1282.2   0.16675
   1282.5   0.16685
   1282.8   0.16691
   1283.1   0.16696
   1283.4   0.16700
   1283.8   0.16706
   1284.1   0.16716
   1284.4   0.16729
   1284.7   0.16736
   1285.0   0.16741
   1285.4   0.16750
   1285.7   0.16762
   1286.0   0.16769
   1286.3   0.16776
   1286.6   0.16786
   1286.9   0.16798
   1287.3   0.16811
   1287.6   0.16812
   1287.9   0.16816
   1288.2   0.16826
   1288.6   0.16833
   1288.9   0.16839
   1289.2   0.16850
   1289.5   0.16857
   1289.8   0.16864
   1290.2   0.16871
   1290.5   0.16879
   1290.8   0.16886
   1291.1   0.16897
   1291.4   0.16909
   1291.8   0.16916
   1292.1   0.16921
   1292.4   0.16928
   1292.7   0.16937
   1293.1   0.16944
   1293.4   0.16950
   1293.7   0.16963
   1294.0   0.16968
   1294.3   0.16974
   1294.7   0.16983
   1295.0   0.16995
   1295.3   0.17008
   1295.6   0.17014
   1296.0   0.17019
   1296.3   0.17028
   1296.6   0.17036
   1296.9   0.17043
   1297.3   0.17053
   1297.6   0.17057
   1297.9   0.17065
   1298.2   0.17075
   1298.6   0.17081
   1298.9   0.17088
   1299.2   0.17093
   1299.5   0.17100
   1299.9   0.17108
   1300.2   0.17117
   1300.5   0.17127
   1300.8   0.17136
   1301.2   0.17145
   1301.5   0.17156
   1301.8   0.17162
   1302.1   0.17166
   1302.5   0.17171
   1302.8   0.17180
   1303.1   0.17185
   1303.4   0.17190
   1303.8   0.17200
   1304.1   0.17211
   1304.4   0.17221
   1304.8   0.17226
   1305.1   0.17233
   1305.4   0.17241
   1305.8   0.17250
   1306.1   0.17255
   1306.4   0.17261
   1306.7   0.17273
   1307.1   0.17287
   1307.4   0.17291
   1307.7   0.17295
   1308.1   0.17299
   1308.4   0.17303
   1308.7   0.17315
   1309.1   0.17326
   1309.4   0.17329
   1309.7   0.17337
   1310.0   0.17346
   1310.4   0.17355
   1310.7   0.17363
   1311.0   0.17372
   1311.4   0.17381
   1311.7   0.17389
   1312.0   0.17393
   1312.4   0.17400
   1312.7   0.17410
   1313.0   0.17414
   1313.4   0.17421
   1313.7   0.17431
   1314.0   0.17436
   1314.4   0.17442
   1314.7   0.17449
   1315.0   0.17458
   1315.4   0.17464
   1315.7   0.17474
   1316.0   0.17481
   1316.4   0.17485
   1316.7   0.17495
   1317.0   0.17507
   1317.4   0.17513
   1317.7   0.17517
   1318.0   0.17521
   1318.4   0.17529
   1318.7   0.17536
   1319.0   0.17543
   1319.4   0.17551
   1319.7   0.17559
   1320.1   0.17564
   1320.4   0.17570
   1320.7   0.17576
   1321.1   0.17580
   1321.4   0.17588
   1321.7   0.17599
   1322.1   0.17607
   1322.4   0.17615
   1322.7   0.17620
   1323.1   0.17628
   1323.4   0.17635
   1323.8   0.17641
   1324.1   0.17651
   1324.4   0.17657
   1324.8   0.17661
   1325.1   0.17666
   1325.4   0.17675
   1325.8   0.17681
   1326.1   0.17685
   1326.5   0.17696
   1326.8   0.17705
   1327.1   0.17710
   1327.5   0.17716
   1327.8   0.17724
   1328.2   0.17731
   1328.5   0.17739
   1328.8   0.17742
   1329.2   0.17748
   1329.5   0.17756
   1329.9   0.17764
   1330.2   0.17774
   1330.6   0.17781
   1330.9   0.17786
   1331.2   0.17789
   1331.6   0.17795
   1331.9   0.17803
   1332.3   0.17809
   1332.6   0.17816
   1332.9   0.17822
   1333.3   0.17832
   1333.6   0.17839
   1334.0   0.17843
   1334.3   0.17846
   1334.7   0.17851
   1335.0   0.17860
   1335.3   0.17869
   1335.7   0.17872
   1336.0   0.17878
   1336.4   0.17884
   1336.7   0.17890
   1337.1   0.17894
   1337.4   0.17900
   1337.8   0.17906
   1338.1   0.17913
   1338.4   0.17920
   1338.8   0.17928
   1339.1   0.17934
   1339.5   0.17934
   1339.8   0.17938
   1340.2   0.17949
   1340.5   0.17956
   1340.9   0.17962
   1341.2   0.17966
   1341.6   0.17971
   1341.9   0.17977
   1342.3   0.17987
   1342.6   0.17994
   1342.9   0.18000
   1343.3   0.18004
   1343.7   0.18006
   1344.0   0.18008
   1344.3   0.18013
   1344.7   0.18017
   1345.0   0.18021
   1345.4   0.18031
   1345.7   0.18038
   1346.1   0.18044
   1346.4   0.18050
   1346.8   0.18055
   1347.1   0.18057
   1347.5   0.18064
   1347.8   0.18074
   1348.2   0.18080
   1348.5   0.18082
   1348.9   0.18087
   1349.2   0.18093
   1349.6   0.18094
   1349.9   0.18099
   1350.3   0.18105
   1350.7   0.18112
   1351.0   0.18119
   1351.3   0.18124
   1351.7   0.18128
   1352.1   0.18132
   1352.4   0.18140
   1352.8   0.18145
   1353.1   0.18147
   1353.5   0.18154
   1353.8   0.18158
   1354.2   0.18163
   1354.5   0.18169
   1354.9   0.18174
   1355.2   0.18179
   1355.6   0.18186
   1355.9   0.18190
   1356.3   0.18191
   1356.7   0.18197
   1357.0   0.18203
   1357.4   0.18206
   1357.7   0.18210
   1358.1   0.18212
   1358.4   0.18216
   1358.8   0.18221
   1359.2   0.18224
   1359.5   0.18230
   1359.9   0.18237
   1360.2   0.18239
   1360.6   0.18240
   1360.9   0.18246
   1361.3   0.18251
   1361.7   0.18255
   1362.0   0.18255
   1362.4   0.18258
   1362.7   0.18266
   1363.1   0.18274
   1363.4   0.18275
   1363.8   0.18275
   1364.2   0.18279
   1364.5   0.18284
   1364.9   0.18289
   1365.2   0.18292
   1365.6   0.18299
   1365.9   0.18302
   1366.3   0.18303
   1366.7   0.18307
   1367.0   0.18313
   1367.4   0.18315
   1367.8   0.18315
   1368.1   0.18320
   1368.5   0.18323
   1368.8   0.18329
   1369.2   0.18332
   1369.6   0.18330
   1369.9   0.18332
   1370.3   0.18338
   1370.6   0.18341
   1371.0   0.18341
   1371.4   0.18345
   1371.7   0.18350
   1372.1   0.18352
   1372.5   0.18350
   1372.8   0.18355
   1373.2   0.18358
   1373.6   0.18358
   1373.9   0.18361
   1374.3   0.18368
   1374.6   0.18369
   1375.0   0.18368
   1375.4   0.18376
   1375.7   0.18381
   1376.1   0.18381
   1376.5   0.18379
   1376.8   0.18377
   1377.2   0.18380
   1377.6   0.18385
   1377.9   0.18391
   1378.3   0.18394
   1378.7   0.18396
   1379.0   0.18397
   1379.4   0.18399
   1379.8   0.18400
   1380.1   0.18403
   1380.5   0.18409
   1380.9   0.18409
   1381.2   0.18406
   1381.6   0.18407
   1382.0   0.18415
   1382.3   0.18420
   1382.7   0.18422
   1383.1   0.18422
   1383.4   0.18421
   1383.8   0.18419
   1384.2   0.18420
   1384.6   0.18424
   1384.9   0.18425
   1385.3   0.18423
   1385.7   0.18422
   1386.0   0.18429
   1386.4   0.18434
   1386.8   0.18435
   1387.2   0.18432
   1387.5   0.18431
   1387.9   0.18436
   1388.3   0.18437
   1388.6   0.18437
   1389.0   0.18438
   1389.4   0.18434
   1389.8   0.18438
   1390.1   0.18442
   1390.5   0.18440
   1390.9   0.18443
   1391.2   0.18444
   1391.6   0.18443
   1392.0   0.18441
   1392.4   0.18440
   1392.7   0.18435
   1393.1   0.18433
   1393.5   0.18437
   1393.9   0.18441
   1394.2   0.18440
   1394.6   0.18439
   1395.0   0.18439
   1395.4   0.18441
   1395.7   0.18444
   1396.1   0.18444
   1396.5   0.18443
   1396.9   0.18443
   1397.2   0.18441
   1397.6   0.18438
   1398.0   0.18435
   1398.4   0.18432
   1398.8   0.18434
   1399.1   0.18438
   1399.5   0.18438
   1399.9   0.18435
   1400.3   0.18436
   1400.6   0.18437
   1401.0   0.18434
   1401.4   0.18431
   1401.8   0.18432
   1402.2   0.18430
   1402.5   0.18429
   1402.9   0.18428
   1403.3   0.18424
   1403.7   0.18419
   1404.1   0.18421
   1404.4   0.18424
   1404.8   0.18422
   1405.2   0.18417
   1405.6   0.18415
   1405.9   0.18412
   1406.3   0.18408
   1406.7   0.18408
   1407.1   0.18407
   1407.5   0.18404
   1407.9   0.18406
   1408.3   0.18406
   1408.6   0.18401
   1409.0   0.18397
   1409.4   0.18397
   1409.8   0.18394
   1410.2   0.18390
   1410.5   0.18392
   1410.9   0.18391
   1411.3   0.18384
   1411.7   0.18378
   1412.1   0.18378
   1412.5   0.18381
   1412.8   0.18375
   1413.2   0.18371
   1413.6   0.18370
   1414.0   0.18366
   1414.4   0.18361
   1414.8   0.18357
   1415.2   0.18353
   1415.6   0.18347
   1415.9   0.18345
   1416.3   0.18346
   1416.7   0.18345
   1417.1   0.18340
   1417.5   0.18333
   1417.9   0.18330
   1418.3   0.18327
   1418.7   0.18326
   1419.0   0.18325
   1419.4   0.18319
   1419.8   0.18315
   1420.2   0.18311
   1420.6   0.18307
   1421.0   0.18304
   1421.4   0.18299
   1421.8   0.18297
   1422.2   0.18293
   1422.5   0.18290
   1422.9   0.18289
   1423.3   0.18281
   1423.7   0.18274
   1424.1   0.18270
   1424.5   0.18269
   1424.9   0.18266
   1425.3   0.18264
   1425.7   0.18261
   1426.1   0.18253
   1426.4   0.18244
   1426.8   0.18239
   1427.2   0.18233
   1427.6   0.18230
   1428.0   0.18227
   1428.4   0.18219
   1428.8   0.18212
   1429.2   0.18201
   1429.6   0.18195
   1430.0   0.18195
   1430.4   0.18193
   1430.8   0.18187
   1431.2   0.18180
   1431.6   0.18176
   1432.0   0.18172
   1432.4   0.18164
   1432.8   0.18158
   1433.2   0.18154
   1433.6   0.18148
   1433.9   0.18143
   1434.3   0.18137
   1434.7   0.18130
   1435.1   0.18123
   1435.5   0.18113
   1435.9   0.18109
   1436.3   0.18105
   1436.7   0.18099
   1437.1   0.18092
   1437.5   0.18084
   1437.9   0.18078
   1438.3   0.18069
   1438.7   0.18058
   1439.1   0.18051
   1439.5   0.18048
   1439.9   0.18043
   1440.3   0.18036
   1440.7   0.18030
   1441.1   0.18023
   1441.5   0.18017
   1441.9   0.18008
   1442.3   0.18001
   1442.7   0.17992
   1443.1   0.17983
   1443.5   0.17976
   1443.9   0.17966
   1444.3   0.17962
   1444.7   0.17958
   1445.1   0.17950
   1445.5   0.17939
   1445.9   0.17931
   1446.3   0.17924
   1446.8   0.17914
   1447.2   0.17907
   1447.6   0.17901
   1448.0   0.17892
   1448.4   0.17884
   1448.8   0.17876
   1449.2   0.17864
   1449.6   0.17855
   1450.0   0.17851
   1450.4   0.17844
   1450.8   0.17836
   1451.2   0.17827
   1451.6   0.17814
   1452.0   0.17805
   1452.4   0.17799
   1452.8   0.17789
   1453.2   0.17779
   1453.7   0.17770
   1454.1   0.17764
   1454.5   0.17757
   1454.9   0.17746
   1455.3   0.17734
   1455.7   0.17726
   1456.1   0.17718
   1456.5   0.17708
   1456.9   0.17698
   1457.3   0.17688
   1457.7   0.17679
   1458.2   0.17669
   1458.6   0.17658
   1459.0   0.17650
   1459.4   0.17640
   1459.8   0.17630
   1460.2   0.17620
   1460.6   0.17606
   1461.0   0.17600
   1461.4   0.17589
   1461.8   0.17575
   1462.3   0.17565
   1462.7   0.17557
   1463.1   0.17550
   1463.5   0.17541
   1463.9   0.17531
   1464.3   0.17520
   1464.7   0.17506
   1465.2   0.17492
   1465.6   0.17481
   1466.0   0.17474
   1466.4   0.17466
   1466.8   0.17456
   1467.2   0.17445
   1467.6   0.17434
   1468.1   0.17423
   1468.5   0.17411
   1468.9   0.17398
   1469.3   0.17384
   1469.7   0.17375
   1470.1   0.17364
   1470.6   0.17351
   1471.0   0.17342
   1471.4   0.17332
   1471.8   0.17319
   1472.2   0.17307
   1472.6   0.17297
   1473.1   0.17285
   1473.5   0.17274
   1473.9   0.17263
   1474.3   0.17250
   1474.7   0.17236
   1475.2   0.17225
   1475.6   0.17213
   1476.0   0.17202
   1476.4   0.17187
   1476.8   0.17171
   1477.3   0.17159
   1477.7   0.17150
   1478.1   0.17138
   1478.5   0.17128
   1478.9   0.17118
   1479.4   0.17106
   1479.8   0.17092
   1480.2   0.17078
   1480.6   0.17061
   1481.1   0.17049
   1481.5   0.17038
   1481.9   0.17023
   1482.3   0.17010
   1482.8   0.16999
   1483.2   0.16987
   1483.6   0.16975
   1484.0   0.16963
   1484.4   0.16950
   1484.9   0.16933
   1485.3   0.16920
   1485.7   0.16912
   1486.2   0.16895
   1486.6   0.16879
   1487.0   0.16867
   1487.4   0.16852
   1487.9   0.16836
   1488.3   0.16821
   1488.7   0.16807
   1489.1   0.16795
   1489.6   0.16785
   1490.0   0.16773
   1490.4   0.16756
   1490.8   0.16739
   1491.3   0.16725
   1491.7   0.16713
   1492.1   0.16699
   1492.6   0.16687
   1493.0   0.16672
   1493.4   0.16657
   1493.9   0.16644
   1494.3   0.16631
   1494.7   0.16616
   1495.2   0.16601
   1495.6   0.16587
   1496.0   0.16572
   1496.4   0.16555
   1496.9   0.16539
   1497.3   0.16525
   1497.7   0.16515
   1498.2   0.16500
   1498.6   0.16482
   1499.0   0.16468
   1499.5   0.16455
   1499.9   0.16442
   1500.3   0.16425
   1500.8   0.16412
   1501.2   0.16398
   1501.7   0.16380
   1502.1   0.16363
   1502.5   0.16345
   1502.9   0.16331
   1503.4   0.16318
   1503.8   0.16303
   1504.3   0.16289
   1504.7   0.16273
   1505.1   0.16257
   1505.6   0.16243
   1506.0   0.16227
   1506.4   0.16214
   1506.9   0.16202
   1507.3   0.16183
   1507.8   0.16166
   1508.2   0.16148
   1508.6   0.16131
   1509.1   0.16118
   1509.5   0.16103
   1509.9   0.16088
   1510.4   0.16070
   1510.8   0.16053
   1511.3   0.16040
   1511.7   0.16024
   1512.2   0.16005
   1512.6   0.15990
   1513.0   0.15976
   1513.5   0.15962
   1513.9   0.15945
   1514.4   0.15926
   1514.8   0.15907
   1515.3   0.15889
   1515.7   0.15875
   1516.1   0.15859
   1516.6   0.15840
   1517.0   0.15825
   1517.5   0.15811
   1517.9   0.15797
   1518.4   0.15780
   1518.8   0.15762
   1519.3   0.15745
   1519.7   0.15729
   1520.1   0.15712
   1520.6   0.15697
   1521.0   0.15684
   1521.5   0.15667
   1521.9   0.15650
   1522.4   0.15632
   1522.8   0.15613
   1523.3   0.15595
   1523.7   0.15579
   1524.2   0.15564
   1524.6   0.15544
   1525.1   0.15523
   1525.5   0.15507
   1525.9   0.15491
   1526.4   0.15475
   1526.8   0.15458
   1527.3   0.15440
   1527.8   0.15421
   1528.2   0.15402
   1528.7   0.15387
   1529.1   0.15371
   1529.6   0.15354
   1530.0   0.15335
   1530.5   0.15319
   1530.9   0.15302
   1531.4   0.15285
   1531.8   0.15267
   1532.3   0.15249
   1532.7   0.15228
   1533.2   0.15210
   1533.6   0.15195
   1534.1   0.15178
   1534.5   0.15160
   1535.0   0.15144
   1535.4   0.15126
   1535.9   0.15110
   1536.3   0.15094
   1536.8   0.15074
   1537.3   0.15055
   1537.7   0.15036
   1538.2   0.15018
   1538.6   0.15003
   1539.1   0.14985
   1539.6   0.14965
   1540.0   0.14949
   1540.5   0.14933
   1540.9   0.14912
   1541.4   0.14890
   1541.8   0.14872
   1542.3   0.14856
   1542.8   0.14839
   1543.2   0.14818
   1543.7   0.14799
   1544.1   0.14784
   1544.6   0.14768
   1545.1   0.14750
   1545.5   0.14731
   1546.0   0.14714
   1546.4   0.14697
   1546.9   0.14676
   1547.4   0.14657
   1547.8   0.14640
   1548.3   0.14622
   1548.7   0.14604
   1549.2   0.14583
   1549.7   0.14565
   1550.1   0.14547
   1550.6   0.14529
   1551.1   0.14511
   1551.5   0.14494
   1552.0   0.14477
   1552.4   0.14459
   1552.9   0.14440
   1553.4   0.14422
   1553.8   0.14402
   1554.3   0.14385
   1554.8   0.14367
   1555.3   0.14346
   1555.7   0.14328
   1556.2   0.14311
   1556.7   0.14291
   1557.1   0.14275
   1557.6   0.14259
   1558.1   0.14240
   1558.5   0.14219
   1559.0   0.14198
   1559.5   0.14180
   1559.9   0.14162
   1560.4   0.14144
   1560.9   0.14125
   1561.3   0.14107
   1561.8   0.14089
   1562.3   0.14073
   1562.8   0.14056
   1563.2   0.14037
   1563.7   0.14015
   1564.2   0.13995
   1564.6   0.13976
   1565.1   0.13958
   1565.6   0.13939
   1566.1   0.13921
   1566.5   0.13905
   1567.0   0.13886
   1567.5   0.13865
   1567.9   0.13846
   1568.4   0.13828
   1568.9   0.13807
   1569.4   0.13788
   1569.8   0.13770
   1570.3   0.13753
   1570.8   0.13733
   1571.3   0.13715
   1571.8   0.13698
   1572.2   0.13679
   1572.7   0.13658
   1573.2   0.13638
   1573.7   0.13620
   1574.1   0.13603
   1574.6   0.13585
   1575.1   0.13566
   1575.6   0.13547
   1576.1   0.13529
   1576.5   0.13510
   1577.0   0.13491
   1577.5   0.13471
   1578.0   0.13454
   1578.4   0.13437
   1578.9   0.13419
   1579.4   0.13400
   1579.9   0.13378
   1580.4   0.13354
   1580.8   0.13338
   1581.3   0.13324
   1581.8   0.13304
   1582.3   0.13284
   1582.8   0.13265
   1583.3   0.13246
   1583.8   0.13228
   1584.2   0.13206
   1584.7   0.13187
   1585.2   0.13170
   1585.7   0.13154
   1586.2   0.13137
   1586.7   0.13116
   1587.2   0.13097
   1587.6   0.13081
   1588.1   0.13061
   1588.6   0.13042
   1589.1   0.13020
   1589.6   0.13000
   1590.1   0.12985
   1590.6   0.12968
   1591.0   0.12950
   1591.5   0.12931
   1592.0   0.12910
   1592.5   0.12888
   1593.0   0.12872
   1593.5   0.12855
   1594.0   0.12836
   1594.5   0.12817
   1595.0   0.12798
   1595.4   0.12779
   1595.9   0.12761
   1596.4   0.12740
   1596.9   0.12720
   1597.4   0.12706
   1597.9   0.12688
   1598.4   0.12668
   1598.9   0.12652
   1599.4   0.12635
   1599.9   0.12615
   1600.4   0.12595
   1600.9   0.12576
   1601.4   0.12555
   1601.9   0.12537
   1602.3   0.12520
   1602.8   0.12503
   1603.3   0.12485
   1603.8   0.12464
   1604.3   0.12445
   1604.8   0.12427
   1605.3   0.12407
   1605.8   0.12391
   1606.3   0.12374
   1606.8   0.12353
   1607.3   0.12333
   1607.8   0.12318
   1608.3   0.12302
   1608.8   0.12281
   1609.3   0.12262
   1609.8   0.12245
   1610.3   0.12225
   1610.8   0.12206
   1611.3   0.12191
   1611.8   0.12175
   1612.3   0.12156
   1612.8   0.12138
   1613.3   0.12121
   1613.8   0.12100
   1614.3   0.12081
   1614.8   0.12062
   1615.3   0.12043
   1615.8   0.12024
   1616.3   0.12008
   1616.8   0.11992
   1617.3   0.11975
   1617.8   0.11955
   1618.4   0.11935
   1618.9   0.11917
   1619.4   0.11902
   1619.9   0.11886
   1620.4   0.11869
   1620.9   0.11852
   1621.4   0.11832
   1621.9   0.11812
   1622.4   0.11792
   1622.9   0.11773
   1623.4   0.11754
   1623.9   0.11737
   1624.4   0.11722
   1624.9   0.11705
   1625.5   0.11686
   1626.0   0.11667
   1626.5   0.11649
   1627.0   0.11633
   1627.5   0.11616
   1628.0   0.11596
   1628.5   0.11576
   1629.0   0.11562
   1629.6   0.11547
   1630.1   0.11530
   1630.6   0.11512
   1631.1   0.11492
   1631.6   0.11473
   1632.1   0.11455
   1632.6   0.11439
   1633.1   0.11422
   1633.7   0.11405
   1634.2   0.11387
   1634.7   0.11368
   1635.2   0.11353
   1635.7   0.11337
   1636.2   0.11320
   1636.8   0.11301
   1637.3   0.11281
   1637.8   0.11261
   1638.3   0.11246
   1638.8   0.11231
   1639.3   0.11213
   1639.8   0.11194
   1640.4   0.11178
   1640.9   0.11163
   1641.4   0.11147
   1641.9   0.11129
   1642.4   0.11115
   1643.0   0.11100
   1643.5   0.11081
   1644.0   0.11062
   1644.5   0.11043
   1645.1   0.11027
   1645.6   0.11010
   1646.1   0.10993
   1646.6   0.10975
   1647.2   0.10960
   1647.7   0.10945
   1648.2   0.10927
   1648.7   0.10910
   1649.2   0.10895
   1649.8   0.10876
   1650.3   0.10860
   1650.8   0.10842
   1651.3   0.10824
   1651.9   0.10808
   1652.4   0.10792
   1652.9   0.10777
   1653.4   0.10761
   1654.0   0.10745
   1654.5   0.10728
   1655.0   0.10710
   1655.6   0.10694
   1656.1   0.10679
   1656.6   0.10662
   1657.2   0.10647
   1657.7   0.10629
   1658.2   0.10610
   1658.7   0.10597
   1659.3   0.10583
   1659.8   0.10567
   1660.3   0.10553
   1660.9   0.10535
   1661.4   0.10517
   1661.9   0.10501
   1662.5   0.10487
   1663.0   0.10471
   1663.5   0.10454
   1664.1   0.10436
   1664.6   0.10421
   1665.1   0.10408
   1665.7   0.10391
   1666.2   0.10374
   1666.7   0.10356
   1667.3   0.10338
   1667.8   0.10323
   1668.3   0.10311
   1668.9   0.10298
   1669.4   0.10282
   1670.0   0.10265
   1670.5   0.10249
   1671.0   0.10232
   1671.6   0.10214
   1672.1   0.10199
   1672.7   0.10184
   1673.2   0.10170
   1673.7   0.10154
   1674.3   0.10138
   1674.8   0.10121
   1675.4   0.10105
   1675.9   0.10090
   1676.4   0.10076
   1677.0   0.10062
   1677.5   0.10047
   1678.1   0.10035
   1678.6   0.10018
   1679.2   0.10003
   1679.7   0.09990
   1680.2   0.09973
   1680.8   0.09957
   1681.3   0.09942
   1681.9   0.09928
   1682.4   0.09911
   1683.0   0.09894
   1683.5   0.09879
   1684.1   0.09867
   1684.6   0.09853
   1685.2   0.09836
   1685.7   0.09824
   1686.3   0.09811
   1686.8   0.09793
   1687.3   0.09777
   1687.9   0.09761
   1688.4   0.09748
   1689.0   0.09733
   1689.6   0.09717
   1690.1   0.09704
   1690.7   0.09689
   1691.2   0.09675
   1691.8   0.09662
   1692.3   0.09647
   1692.9   0.09633
   1693.4   0.09620
   1694.0   0.09604
   1694.5   0.09589
   1695.1   0.09575
   1695.6   0.09559
   1696.2   0.09546
   1696.7   0.09533
   1697.3   0.09518
   1697.8   0.09505
   1698.4   0.09491
   1699.0   0.09479
   1699.5   0.09465
   1700.1   0.09450
   1700.6   0.09435
   1701.2   0.09420
   1701.8   0.09406
   1702.3   0.09393
   1702.9   0.09379
   1703.4   0.09365
   1704.0   0.09351
   1704.6   0.09340
   1705.1   0.09328
   1705.7   0.09314
   1706.2   0.09299
   1706.8   0.09287
   1707.3   0.09273
   1707.9   0.09260
   1708.5   0.09247
   1709.0   0.09231
   1709.6   0.09219
   1710.2   0.09206
   1710.7   0.09189
   1711.3   0.09175
   1711.9   0.09161
   1712.4   0.09149
   1713.0   0.09139
   1713.6   0.09128
   1714.1   0.09113
   1714.7   0.09099
   1715.3   0.09086
   1715.8   0.09073
   1716.4   0.09059
   1717.0   0.09047
   1717.5   0.09034
   1718.1   0.09022
   1718.7   0.09009
   1719.2   0.08997
   1719.8   0.08986
   1720.4   0.08972
   1720.9   0.08959
   1721.5   0.08946
   1722.1   0.08933
   1722.7   0.08922
   1723.2   0.08911
   1723.8   0.08899
   1724.4   0.08887
   1725.0   0.08874
   1725.5   0.08859
   1726.1   0.08847
   1726.7   0.08834
   1727.3   0.08820
   1727.8   0.08809
   1728.4   0.08799
   1729.0   0.08789
   1729.6   0.08775
   1730.1   0.08762
   1730.7   0.08749
   1731.3   0.08736
   1731.9   0.08724
   1732.5   0.08711
   1733.0   0.08697
   1733.6   0.08686
   1734.2   0.08676
   1734.8   0.08667
   1735.3   0.08654
   1735.9   0.08644
   1736.5   0.08633
   1737.1   0.08621
   1737.7   0.08609
   1738.3   0.08595
   1738.8   0.08583
   1739.4   0.08572
   1740.0   0.08561
   1740.6   0.08550
   1741.2   0.08541
   1741.8   0.08531
   1742.3   0.08519
   1742.9   0.08506
   1743.5   0.08494
   1744.1   0.08481
   1744.7   0.08471
   1745.3   0.08458
   1745.9   0.08448
   1746.5   0.08437
   1747.1   0.08426
   1747.6   0.08413
   1748.2   0.08401
   1748.8   0.08391
   1749.4   0.08383
   1750.0   0.08374
   1750.6   0.08360
   1751.2   0.08347
   1751.8   0.08335
   1752.4   0.08325
   1753.0   0.08315
   1753.6   0.08302
   1754.1   0.08291
   1754.7   0.08280
   1755.3   0.08271
   1755.9   0.08263
   1756.5   0.08254
   1757.1   0.08245
   1757.7   0.08236
   1758.3   0.08223
   1758.9   0.08210
   1759.5   0.08199
   1760.1   0.08189
   1760.7   0.08179
   1761.3   0.08173
   1761.9   0.08162
   1762.5   0.08149
   1763.1   0.08140
   1763.7   0.08131
   1764.3   0.08118
   1764.9   0.08108
   1765.5   0.08100
   1766.1   0.08089
   1766.7   0.08077
   1767.3   0.08068
   1767.9   0.08061
   1768.5   0.08053
   1769.1   0.08042
   1769.7   0.08030
   1770.3   0.08016
   1770.9   0.08005
   1771.5   0.08000
   1772.1   0.07993
   1772.7   0.07984
   1773.3   0.07974
   1773.9   0.07962
   1774.6   0.07953
   1775.2   0.07944
   1775.8   0.07935
   1776.4   0.07928
   1777.0   0.07918
   1777.6   0.07907
   1778.2   0.07897
   1778.8   0.07886
   1779.4   0.07876
   1780.0   0.07871
   1780.7   0.07863
   1781.3   0.07852
   1781.9   0.07841
   1782.5   0.07831
   1783.1   0.07823
   1783.7   0.07812
   1784.3   0.07803
   1784.9   0.07796
   1785.6   0.07791
   1786.2   0.07785
   1786.8   0.07774
   1787.4   0.07763
   1788.0   0.07753
   1788.6   0.07743
   1789.3   0.07734
   1789.9   0.07727
   1790.5   0.07721
   1791.1   0.07713
   1791.7   0.07703
   1792.3   0.07693
   1793.0   0.07683
   1793.6   0.07677
   1794.2   0.07671
   1794.8   0.07664
   1795.4   0.07653
   1796.1   0.07642
   1796.7   0.07633
   1797.3   0.07626
   1797.9   0.07617
   1798.6   0.07609
   1799.2   0.07602
   1799.8   0.07594
   1800.4   0.07584
   1801.1   0.07577
   1801.7   0.07570
   1802.3   0.07563
   1802.9   0.07555
   1803.6   0.07545
   1804.2   0.07537
   1804.8   0.07530
   1805.4   0.07524
   1806.1   0.07517
   1806.7   0.07508
   1807.3   0.07499
   1808.0   0.07492
   1808.6   0.07483
   1809.2   0.07472
   1809.9   0.07465
   1810.5   0.07460
   1811.1   0.07452
   1811.8   0.07446
   1812.4   0.07439
   1813.0   0.07432
   1813.7   0.07424
   1814.3   0.07414
   1814.9   0.07408
   1815.6   0.07399
   1816.2   0.07390
   1816.8   0.07384
   1817.5   0.07379
   1818.1   0.07375
   1818.8   0.07369
   1819.4   0.07360
   1820.0   0.07353
   1820.7   0.07345
   1821.3   0.07337
   1821.9   0.07329
   1822.6   0.07324
   1823.2   0.07319
   1823.9   0.07311
   1824.5   0.07303
   1825.2   0.07295
   1825.8   0.07289
   1826.4   0.07282
   1827.1   0.07274
   1827.7   0.07268
   1828.4   0.07259
   1829.0   0.07253
   1829.7   0.07249
   1830.3   0.07244
   1830.9   0.07236
   1831.6   0.07230
   1832.3   0.07224
   1832.9   0.07219
   1833.5   0.07211
   1834.2   0.07204
   1834.8   0.07199
   1835.5   0.07192
   1836.1   0.07183
   1836.8   0.07178
   1837.4   0.07173
   1838.1   0.07167
   1838.8   0.07162
   1839.4   0.07157
   1840.1   0.07150
   1840.7   0.07144
   1841.4   0.07138
   1842.0   0.07132
   1842.7   0.07126
   1843.3   0.07122
   1844.0   0.07116
   1844.6   0.07108
   1845.3   0.07102
   1845.9   0.07095
   1846.6   0.07089
   1847.3   0.07082
   1847.9   0.07078
   1848.6   0.07073
   1849.2   0.07066
   1849.9   0.07061
   1850.6   0.07055
   1851.2   0.07050
   1851.9   0.07043
   1852.5   0.07038
   1853.2   0.07034
   1853.9   0.07030
   1854.5   0.07026
   1855.2   0.07020
   1855.9   0.07014
   1856.5   0.07008
   1857.2   0.07002
   1857.8   0.06996
   1858.5   0.06993
   1859.2   0.06989
   1859.8   0.06984
   1860.5   0.06979
   1861.2   0.06975
   1861.9   0.06969
   1862.5   0.06962
   1863.2   0.06958
   1863.9   0.06952
   1864.5   0.06949
   1865.2   0.06945
   1865.9   0.06938
   1866.6   0.06934
   1867.2   0.06932
   1867.9   0.06927
   1868.6   0.06921
   1869.2   0.06916
   1869.9   0.06910
   1870.6   0.06908
   1871.3   0.06902
   1871.9   0.06897
   1872.6   0.06893
   1873.3   0.06889
   1874.0   0.06885
   1874.7   0.06880
   1875.3   0.06874
   1876.0   0.06872
   1876.7   0.06868
   1877.4   0.06860
   1878.0   0.06858
   1878.7   0.06854
   1879.4   0.06849
   1880.1   0.06844
   1880.8   0.06840
   1881.4   0.06837
   1882.1   0.06833
   1882.8   0.06828
   1883.5   0.06825
   1884.2   0.06821
   1884.9   0.06815
   1885.6   0.06813
   1886.2   0.06809
   1886.9   0.06805
   1887.6   0.06801
   1888.3   0.06798
   1889.0   0.06796
   1889.7   0.06792
   1890.4   0.06787
   1891.1   0.06782
   1891.8   0.06779
   1892.4   0.06775
   1893.1   0.06770
   1893.8   0.06769
   1894.5   0.06768
   1895.2   0.06763
   1895.9   0.06757
   1896.6   0.06753
   1897.3   0.06751
   1898.0   0.06749
   1898.7   0.06745
   1899.4   0.06741
   1900.1   0.06740
   1900.8   0.06737
   1901.5   0.06734
   1902.2   0.06730
   1902.9   0.06727
   1903.6   0.06726
   1904.3   0.06725
   1904.9   0.06720
   1905.7   0.06713
   1906.3   0.06708
   1907.1   0.06707
   1907.8   0.06706
   1908.5   0.06702
   1909.2   0.06702
   1909.9   0.06700
   1910.6   0.06697
   1911.3   0.06696
   1912.0   0.06694
   1912.7   0.06689
   1913.4   0.06684
   1914.1   0.06681
   1914.8   0.06678
   1915.5   0.06677
   1916.2   0.06675
   1916.9   0.06671
   1917.6   0.06668
   1918.3   0.06667
   1919.1   0.06666
   1919.8   0.06664
   1920.5   0.06662
   1921.2   0.06660
   1921.9   0.06657
   1922.6   0.06654
   1923.3   0.06652
   1924.0   0.06649
   1924.8   0.06650
   1925.5   0.06647
   1926.2   0.06643
   1926.9   0.06642
   1927.6   0.06639
   1928.3   0.06636
   1929.1   0.06633
   1929.8   0.06631
   1930.5   0.06632
   1931.2   0.06631
   1931.9   0.06631
   1932.7   0.06630
   1933.4   0.06628
   1934.1   0.06626
   1934.8   0.06622
   1935.5   0.06620
   1936.3   0.06617
   1937.0   0.06617
   1937.7   0.06618
   1938.4   0.06616
   1939.2   0.06614
   1939.9   0.06610
   1940.6   0.06609
   1941.3   0.06610
   1942.1   0.06609
   1942.8   0.06606
   1943.5   0.06604
   1944.2   0.06605
   1945.0   0.06605
   1945.7   0.06602
   1946.4   0.06602
   1947.2   0.06601
   1947.9   0.06600
   1948.6   0.06599
   1949.4   0.06598
   1950.1   0.06596
   1950.8   0.06594
   1951.6   0.06594
   1952.3   0.06595
   1953.0   0.06595
   1953.8   0.06593
   1954.5   0.06592
   1955.2   0.06591
   1956.0   0.06591
   1956.7   0.06590
   1957.4   0.06589
   1958.2   0.06588
   1958.9   0.06587
   1959.7   0.06587
   1960.4   0.06589
   1961.2   0.06589
   1961.9   0.06587
   1962.6   0.06586
   1963.4   0.06585
   1964.1   0.06585
   1964.9   0.06586
   1965.6   0.06585
   1966.4   0.06583
   1967.1   0.06585
   1967.8   0.06587
   1968.6   0.06583
   1969.3   0.06580
   1970.1   0.06581
   1970.8   0.06586
   1971.6   0.06587
   1972.3   0.06586
   1973.1   0.06584
   1973.8   0.06583
   1974.6   0.06582
   1975.3   0.06583
   1976.1   0.06586
   1976.9   0.06586
   1977.6   0.06585
   1978.4   0.06585
   1979.1   0.06585
   1979.9   0.06586
   1980.6   0.06587
   1981.4   0.06586
   1982.2   0.06587
   1982.9   0.06590
   1983.7   0.06590
   1984.4   0.06590
   1985.2   0.06590
   1985.9   0.06591
   1986.7   0.06589
   1987.5   0.06589
   1988.2   0.06592
   1989.0   0.06595
   1989.8   0.06596
   1990.5   0.06597
   1991.3   0.06598
   1992.1   0.06597
   1992.8   0.06598
   1993.6   0.06602
   1994.3   0.06605
   1995.1   0.06603
   1995.9   0.06604
   1996.7   0.06606
   1997.4   0.06607
   1998.2   0.06607
   1999.0   0.06607
   1999.7   0.06608
   2000.5   0.06610
   2001.3   0.06611
   2002.1   0.06616
   2002.8   0.06618
   2003.6   0.06617
   2004.4   0.06618
   2005.2   0.06622
   2005.9   0.06626
   2006.7   0.06626
   2007.5   0.06625
   2008.3   0.06626
   2009.0   0.06629
   2009.8   0.06631
   2010.6   0.06632
   2011.4   0.06636
   2012.2   0.06637
   2012.9   0.06637
   2013.7   0.06638
   2014.5   0.06641
   2015.3   0.06644
   2016.1   0.06647
   2016.8   0.06649
   2017.6   0.06651
   2018.4   0.06654
   2019.2   0.06654
   2020.0   0.06653
   2020.8   0.06656
   2021.6   0.06661
   2022.3   0.06667
   2023.1   0.06669
   2023.9   0.06671
   2024.7   0.06673
   2025.5   0.06674
   2026.3   0.06676
   2027.1   0.06680
   2027.9   0.06680
   2028.7   0.06681
   2029.5   0.06686
   2030.3   0.06692
   2031.1   0.06694
   2031.9   0.06697
   2032.7   0.06700
   2033.5   0.06702
   2034.3   0.06704
   2035.1   0.06707
   2035.8   0.06709
   2036.7   0.06712
   2037.4   0.06714
   2038.3   0.06718
   2039.1   0.06720
   2039.9   0.06724
   2040.7   0.06730
   2041.5   0.06733
   2042.3   0.06734
   2043.1   0.06737
   2043.9   0.06740
   2044.7   0.06743
   2045.5   0.06748
   2046.3   0.06753
   2047.1   0.06756
   2047.9   0.06760
   2048.7   0.06762
   2049.5   0.06764
   2050.3   0.06766
   2051.1   0.06771
   2052.0   0.06775
   2052.8   0.06778
   2053.6   0.06784
   2054.4   0.06787
   2055.2   0.06790
   2056.0   0.06796
   2056.9   0.06801
   2057.7   0.06802
   2058.5   0.06805
   2059.3   0.06810
   2060.1   0.06816
   2060.9   0.06821
   2061.8   0.06826
   2062.6   0.06831
   2063.4   0.06833
   2064.2   0.06835
   2065.0   0.06840
   2065.9   0.06844
   2066.7   0.06847
   2067.5   0.06853
   2068.3   0.06858
   2069.2   0.06862
   2070.0   0.06868
   2070.8   0.06876
   2071.6   0.06879
   2072.5   0.06881
   2073.3   0.06886
   2074.1   0.06889
   2075.0   0.06892
   2075.8   0.06899
   2076.6   0.06905
   2077.4   0.06908
   2078.3   0.06913
   2079.1   0.06920
   2079.9   0.06925
   2080.8   0.06928
   2081.6   0.06933
   2082.5   0.06939
   2083.3   0.06945
   2084.1   0.06950
   2085.0   0.06955
   2085.8   0.06961
   2086.6   0.06967
   2087.5   0.06973
   2088.3   0.06977
   2089.2   0.06983
   2090.0   0.06990
   2090.9   0.06996
   2091.7   0.07000
   2092.6   0.07005
   2093.4   0.07012
   2094.2   0.07016
   2095.1   0.07020
   2095.9   0.07025
   2096.8   0.07033
   2097.6   0.07039
   2098.5   0.07045
   2099.3   0.07048
   2100.2   0.07054
   2101.0   0.07062
   2101.9   0.07069
   2102.7   0.07076
   2103.6   0.07082
   2104.4   0.07089
   2105.3   0.07095
   2106.1   0.07099
   2107.0   0.07104
   2107.9   0.07109
   2108.7   0.07117
   2109.6   0.07125
   2110.4   0.07131
   2111.3   0.07138
   2112.1   0.07144
   2113.0   0.07150
   2113.9   0.07155
   2114.7   0.07163
   2115.6   0.07170
   2116.5   0.07176
   2117.3   0.07182
   2118.2   0.07190
   2119.1   0.07198
   2119.9   0.07206
   2120.8   0.07215
   2121.7   0.07218
   2122.5   0.07224
   2123.4   0.07232
   2124.3   0.07240
   2125.1   0.07249
   2126.0   0.07255
   2126.9   0.07263
   2127.8   0.07271
   2128.6   0.07277
   2129.5   0.07283
   2130.4   0.07291
   2131.3   0.07298
   2132.1   0.07304
   2133.0   0.07312
   2133.9   0.07319
   2134.8   0.07330
   2135.6   0.07337
   2136.5   0.07344
   2137.4   0.07350
   2138.3   0.07358
   2139.2   0.07367
   2140.1   0.07373
   2140.9   0.07382
   2141.8   0.07391
   2142.7   0.07400
   2143.6   0.07408
   2144.5   0.07416
   2145.4   0.07422
   2146.3   0.07428
   2147.1   0.07434
   2148.0   0.07441
   2148.9   0.07451
   2149.8   0.07461
   2150.7   0.07470
   2151.6   0.07479
   2152.5   0.07487
   2153.4   0.07496
   2154.3   0.07506
   2155.2   0.07514
   2156.1   0.07522
   2157.0   0.07530
   2157.9   0.07540
   2158.8   0.07548
   2159.7   0.07556
   2160.6   0.07565
   2161.5   0.07573
   2162.4   0.07580
   2163.3   0.07589
   2164.2   0.07600
   2165.1   0.07609
   2166.0   0.07617
   2166.9   0.07625
   2167.8   0.07634
   2168.7   0.07644
   2169.6   0.07655
   2170.5   0.07665
   2171.4   0.07673
   2172.3   0.07680
   2173.2   0.07688
   2174.1   0.07699
   2175.1   0.07709
   2176.0   0.07717
   2176.9   0.07726
   2177.8   0.07736
   2178.7   0.07747
   2179.6   0.07758
   2180.6   0.07765
   2181.5   0.07773
   2182.4   0.07785
   2183.3   0.07795
   2184.2   0.07801
   2185.1   0.07810
   2186.1   0.07819
   2187.0   0.07830
   2187.9   0.07841
   2188.8   0.07852
   2189.8   0.07859
   2190.7   0.07867
   2191.6   0.07880
   2192.5   0.07894
   2193.5   0.07902
   2194.4   0.07909
   2195.3   0.07918
   2196.3   0.07931
   2197.2   0.07940
   2198.1   0.07949
   2199.1   0.07958
   2200.0   0.07968
   2200.9   0.07978
   2201.9   0.07990
   2202.8   0.08002
   2203.7   0.08012
   2204.7   0.08023
   2205.6   0.08032
   2206.5   0.08044
   2207.5   0.08056
   2208.4   0.08064
   2209.4   0.08074
   2210.3   0.08084
   2211.2   0.08093
   2212.2   0.08105
   2213.1   0.08118
   2214.1   0.08132
   2215.0   0.08142
   2216.0   0.08151
   2216.9   0.08163
   2217.9   0.08171
   2218.8   0.08180
   2219.8   0.08192
   2220.7   0.08204
   2221.7   0.08216
   2222.6   0.08228
   2223.6   0.08240
   2224.5   0.08251
   2225.5   0.08261
   2226.4   0.08271
   2227.4   0.08284
   2228.4   0.08295
   2229.3   0.08305
   2230.3   0.08315
   2231.2   0.08325
   2232.2   0.08339
   2233.1   0.08352
   2234.1   0.08364
   2235.1   0.08374
   2236.0   0.08386
   2237.0   0.08397
   2238.0   0.08407
   2238.9   0.08420
   2239.9   0.08432
   2240.9   0.08441
   2241.8   0.08452
   2242.8   0.08465
   2243.8   0.08478
   2244.8   0.08490
   2245.7   0.08504
   2246.7   0.08517
   2247.7   0.08529
   2248.6   0.08538
   2249.6   0.08550
   2250.6   0.08562
   2251.6   0.08574
   2252.6   0.08586
   2253.5   0.08600
   2254.5   0.08613
   2255.5   0.08625
   2256.5   0.08640
   2257.4   0.08654
   2258.4   0.08664
   2259.4   0.08675
   2260.4   0.08688
   2261.4   0.08700
   2262.4   0.08713
   2263.4   0.08728
   2264.4   0.08741
   2265.3   0.08752
   2266.3   0.08765
   2267.3   0.08778
   2268.3   0.08791
   2269.3   0.08805
   2270.3   0.08819
   2271.3   0.08829
   2272.3   0.08841
   2273.3   0.08857
   2274.3   0.08871
   2275.3   0.08882
   2276.3   0.08896
   2277.3   0.08911
   2278.3   0.08924
   2279.3   0.08935
   2280.3   0.08949
   2281.3   0.08962
   2282.3   0.08977
   2283.3   0.08992
   2284.3   0.09007
   2285.3   0.09021
   2286.3   0.09034
   2287.3   0.09046
   2288.3   0.09060
   2289.4   0.09075
   2290.4   0.09091
   2291.4   0.09106
   2292.4   0.09119
   2293.4   0.09132
   2294.4   0.09146
   2295.4   0.09160
   2296.4   0.09175
   2297.5   0.09186
   2298.5   0.09202
   2299.5   0.09220
   2300.5   0.09235
   2301.5   0.09247
   2302.6   0.09260
   2303.6   0.09277
   2304.6   0.09293
   2305.6   0.09307
   2306.7   0.09322
   2307.7   0.09337
   2308.7   0.09352
   2309.8   0.09366
   2310.8   0.09381
   2311.8   0.09400
   2312.8   0.09417
   2313.9   0.09435
   2314.9   0.09450
   2315.9   0.09464
   2317.0   0.09480
   2318.0   0.09496
   2319.0   0.09514
   2320.1   0.09532
   2321.1   0.09549
   2322.2   0.09564
   2323.2   0.09579
   2324.2   0.09596
   2325.3   0.09613
   2326.3   0.09631
   2327.4   0.09650
   2328.4   0.09666
   2329.5   0.09680
   2330.5   0.09695
   2331.6   0.09714
   2332.6   0.09732
   2333.7   0.09750
   2334.7   0.09768
   2335.8   0.09784
   2336.8   0.09801
   2337.9   0.09818
   2338.9   0.09834
   2340.0   0.09851
   2341.0   0.09871
   2342.1   0.09891
   2343.1   0.09908
   2344.2   0.09924
   2345.3   0.09942
   2346.3   0.09961
   2347.4   0.09979
   2348.5   0.09995
   2349.5   0.10015
   2350.6   0.10034
   2351.6   0.10052
   2352.7   0.10070
   2353.8   0.10089
   2354.9   0.10110
   2355.9   0.10131
   2357.0   0.10149
   2358.1   0.10167
   2359.1   0.10187
   2360.2   0.10207
   2361.3   0.10229
   2362.4   0.10249
   2363.4   0.10268
   2364.5   0.10286
   2365.6   0.10306
   2366.7   0.10327
   2367.8   0.10346
   2368.8   0.10367
   2369.9   0.10387
   2371.0   0.10410
   2372.1   0.10432
   2373.2   0.10452
   2374.3   0.10471
   2375.4   0.10491
   2376.4   0.10512
   2377.5   0.10534
   2378.6   0.10555
   2379.7   0.10574
   2380.8   0.10595
   2381.9   0.10619
   2383.0   0.10640
   2384.1   0.10662
   2385.2   0.10686
   2386.3   0.10710
   2387.4   0.10731
   2388.5   0.10753
   2389.6   0.10778
   2390.7   0.10798
   2391.8   0.10817
   2392.9   0.10840
   2394.0   0.10866
   2395.1   0.10891
   2396.2   0.10913
   2397.3   0.10933
   2398.4   0.10957
   2399.5   0.10981
   2400.6   0.11007
   2401.8   0.11032
   2402.9   0.11055
   2404.0   0.11078
   2405.1   0.11101
   2406.2   0.11125
   2407.3   0.11150
   2408.5   0.11174
   2409.6   0.11200
   2410.7   0.11225
   2411.8   0.11249
   2412.9   0.11275
   2414.1   0.11300
   2415.2   0.11324
   2416.3   0.11350
   2417.4   0.11376
   2418.6   0.11403
   2419.7   0.11430
   2420.8   0.11451
   2422.0   0.11476
   2423.1   0.11505
   2424.2   0.11530
   2425.4   0.11556
   2426.5   0.11581
   2427.6   0.11607
   2428.8   0.11635
   2429.9   0.11663
   2431.0   0.11689
   2432.2   0.11714
   2433.3   0.11741
   2434.5   0.11768
   2435.6   0.11797
   2436.8   0.11825
   2437.9   0.11851
   2439.1   0.11879
   2440.2   0.11905
   2441.3   0.11934
   2442.5   0.11963
   2443.6   0.11990
   2444.8   0.12019
   2445.9   0.12046
   2447.1   0.12071
   2448.3   0.12099
   2449.4   0.12133
   2450.6   0.12163
   2451.7   0.12190
   2452.9   0.12219
   2454.1   0.12249
   2455.2   0.12277
   2456.4   0.12305
   2457.5   0.12336
   2458.7   0.12365
   2459.9   0.12395
   2461.0   0.12425
   2462.2   0.12454
   2463.4   0.12484
   2464.6   0.12515
   2465.7   0.12546
   2466.9   0.12576
   2468.1   0.12604
   2469.2   0.12632
   2470.4   0.12663
   2471.6   0.12694
   2472.8   0.12726
   2474.0   0.12761
   2475.1   0.12793
   2476.3   0.12823
   2477.5   0.12852
   2478.7   0.12881
   2479.9   0.12909
   2481.1   0.12941
   2482.3   0.12976
   2483.4   0.13013
   2484.6   0.13044
   2485.8   0.13072
   2487.0   0.13100
   2488.2   0.13129
   2489.4   0.13161
   2490.6   0.13196
   2491.8   0.13229
   2493.0   0.13260
   2494.2   0.13294
   2495.4   0.13329
   2496.6   0.13359
   2497.8   0.13390
   2499.0   0.13424
   2500.2   0.13455
   2501.4   0.13485
   2502.6   0.13518
   2503.8   0.13550
   2505.0   0.13583
   2506.2   0.13614
   2507.4   0.13646
   2508.7   0.13679
   2509.9   0.13715
   2511.1   0.13752
   2512.3   0.13781
   2513.5   0.13813
   2514.8   0.13848
   2516.0   0.13882
   2517.2   0.13914
   2518.4   0.13944
   2519.6   0.13978
   2520.9   0.14012
   2522.1   0.14044
   2523.3   0.14075
   2524.5   0.14110
   2525.8   0.14147
   2527.0   0.14181
   2528.2   0.14215
   2529.5   0.14248
   2530.7   0.14279
   2531.9   0.14313
   2533.2   0.14347
   2534.4   0.14380
   2535.6   0.14415
   2536.9   0.14445
   2538.1   0.14474
   2539.4   0.14506
   2540.6   0.14539
   2541.9   0.14573
   2543.1   0.14607
   2544.4   0.14643
   2545.6   0.14675
   2546.9   0.14710
   2548.1   0.14745
   2549.4   0.14778
   2550.6   0.14808
   2551.9   0.14842
   2553.1   0.14876
   2554.4   0.14907
   2555.6   0.14942
   2556.9   0.14975
   2558.2   0.15005
   2559.4   0.15037
   2560.7   0.15072
   2562.0   0.15106
   2563.2   0.15140
   2564.5   0.15173
   2565.8   0.15203
   2567.0   0.15233
   2568.3   0.15264
   2569.6   0.15299
   2570.9   0.15333
   2572.1   0.15364
   2573.4   0.15396
   2574.7   0.15427
   2576.0   0.15458
   2577.2   0.15491
   2578.5   0.15524
   2579.8   0.15555
   2581.1   0.15586
   2582.4   0.15618
   2583.7   0.15653
   2584.9   0.15685
   2586.2   0.15714
   2587.5   0.15748
   2588.8   0.15779
   2590.1   0.15808
   2591.4   0.15838
   2592.7   0.15869
   2594.0   0.15901
   2595.3   0.15935
   2596.6   0.15964
   2597.9   0.15991
   2599.2   0.16022
   2600.5   0.16053
   2601.8   0.16082
   2603.1   0.16111
   2604.4   0.16142
   2605.7   0.16176
   2607.0   0.16205
   2608.4   0.16229
   2609.7   0.16258
   2611.0   0.16287
   2612.3   0.16317
   2613.6   0.16346
   2614.9   0.16373
   2616.3   0.16404
   2617.6   0.16433
   2618.9   0.16457
   2620.2   0.16491
   2621.5   0.16521
   2622.9   0.16544
   2624.2   0.16569
   2625.5   0.16598
   2626.9   0.16630
   2628.2   0.16659
   2629.5   0.16685
   2630.9   0.16710
   2632.2   0.16732
   2633.5   0.16757
   2634.9   0.16785
   2636.2   0.16811
   2637.5   0.16834
   2638.9   0.16856
   2640.2   0.16882
   2641.6   0.16911
   2642.9   0.16937
   2644.3   0.16961
   2645.6   0.16986
   2647.0   0.17009
   2648.3   0.17033
   2649.7   0.17057
   2651.0   0.17082
   2652.4   0.17106
   2653.7   0.17131
   2655.1   0.17157
   2656.5   0.17180
   2657.8   0.17202
   2659.2   0.17226
   2660.6   0.17248
   2661.9   0.17268
   2663.3   0.17292
   2664.6   0.17315
   2666.0   0.17336
   2667.4   0.17358
   2668.8   0.17379
   2670.1   0.17402
   2671.5   0.17423
   2672.9   0.17440
   2674.3   0.17460
   2675.6   0.17479
   2677.0   0.17497
   2678.4   0.17515
   2679.8   0.17535
   2681.2   0.17554
   2682.6   0.17572
   2684.0   0.17589
   2685.4   0.17606
   2686.7   0.17625
   2688.1   0.17647
   2689.5   0.17666
   2690.9   0.17685
   2692.3   0.17704
   2693.7   0.17724
   2695.1   0.17741
   2696.5   0.17758
   2697.9   0.17776
   2699.3   0.17791
   2700.7   0.17806
   2702.1   0.17824
   2703.6   0.17838
   2705.0   0.17851
   2706.4   0.17863
   2707.8   0.17878
   2709.2   0.17892
   2710.6   0.17904
   2712.0   0.17915
   2713.4   0.17922
   2714.9   0.17933
   2716.3   0.17945
   2717.7   0.17961
   2719.1   0.17988
   2720.6   0.18002
   2722.0   0.17997
   2723.4   0.18000
   2724.9   0.18008
   2726.3   0.18014
   2727.7   0.18022
   2729.2   0.18029
   2730.6   0.18036
   2732.0   0.18047
   2733.5   0.18056
   2734.9   0.18061
   2736.4   0.18061
   2737.8   0.18070
   2739.3   0.18081
   2740.7   0.18088
   2742.1   0.18090
   2743.6   0.18095
   2745.1   0.18103
   2746.5   0.18104
   2748.0   0.18103
   2749.4   0.18107
   2750.9   0.18112
   2752.3   0.18118
   2753.8   0.18124
   2755.3   0.18129
   2756.7   0.18128
   2758.2   0.18125
   2759.7   0.18127
   2761.1   0.18130
   2762.6   0.18129
   2764.1   0.18127
   2765.6   0.18128
   2767.0   0.18134
   2768.5   0.18136
   2770.0   0.18135
   2771.5   0.18136
   2772.9   0.18135
   2774.4   0.18132
   2775.9   0.18128
   2777.4   0.18125
   2778.9   0.18124
   2780.4   0.18126
   2781.9   0.18127
   2783.4   0.18126
   2784.9   0.18126
   2786.4   0.18128
   2787.9   0.18124
   2789.4   0.18118
   2790.9   0.18116
   2792.4   0.18114
   2793.9   0.18113
   2795.4   0.18112
   2796.9   0.18110
   2798.4   0.18107
   2799.9   0.18103
   2801.4   0.18103
   2802.9   0.18103
   2804.4   0.18099
   2806.0   0.18092
   2807.5   0.18086
   2809.0   0.18082
   2810.5   0.18079
   2812.0   0.18076
   2813.6   0.18073
   2815.1   0.18065
   2816.6   0.18058
   2818.2   0.18056
   2819.7   0.18052
   2821.2   0.18048
   2822.8   0.18045
   2824.3   0.18040
   2825.8   0.18032
   2827.4   0.18026
   2828.9   0.18023
   2830.5   0.18019
   2832.0   0.18014
   2833.6   0.18008
   2835.1   0.18001
   2836.7   0.17993
   2838.2   0.17991
   2839.8   0.17988
   2841.3   0.17981
   2842.9   0.17980
   2844.4   0.17976
   2846.0   0.17966
   2847.6   0.17956
   2849.1   0.17952
   2850.7   0.17949
   2852.3   0.17945
   2853.8   0.17940
   2855.4   0.17934
   2857.0   0.17928
   2858.6   0.17925
   2860.1   0.17922
   2861.7   0.17917
   2863.3   0.17912
   2864.9   0.17908
   2866.4   0.17900
   2868.0   0.17892
   2869.6   0.17886
   2871.2   0.17881
   2872.8   0.17875
   2874.4   0.17867
   2876.0   0.17862
   2877.6   0.17855
   2879.2   0.17845
   2880.8   0.17841
   2882.4   0.17840
   2884.0   0.17835
   2885.6   0.17830
   2887.2   0.17825
   2888.8   0.17819
   2890.4   0.17811
   2892.0   0.17804
   2893.6   0.17798
   2895.3   0.17795
   2896.9   0.17789
   2898.5   0.17780
   2900.1   0.17773
   2901.7   0.17769
   2903.4   0.17763
   2905.0   0.17758
   2906.6   0.17753
   2908.3   0.17742
   2909.9   0.17736
   2911.5   0.17730
   2913.1   0.17723
   2914.8   0.17715
   2916.4   0.17708
   2918.1   0.17706
   2919.7   0.17702
   2921.4   0.17693
   2923.0   0.17685
   2924.6   0.17675
   2926.3   0.17665
   2927.9   0.17659
   2929.6   0.17654
   2931.3   0.17647
   2932.9   0.17642
   2934.6   0.17637
   2936.2   0.17631
   2937.9   0.17623
   2939.6   0.17612
   2941.2   0.17604
   2942.9   0.17601
   2944.6   0.17592
   2946.3   0.17583
   2947.9   0.17575
   2949.6   0.17569
   2951.3   0.17562
   2953.0   0.17555
   2954.6   0.17550
   2956.3   0.17541
   2958.0   0.17532
   2959.7   0.17526
   2961.4   0.17518
   2963.1   0.17509
   2964.8   0.17502
   2966.5   0.17496
   2968.2   0.17491
   2969.9   0.17482
   2971.6   0.17474
   2973.3   0.17468
   2975.0   0.17464
   2976.7   0.17460
   2978.4   0.17450
   2980.1   0.17439
   2981.8   0.17432
   2983.6   0.17426
   2985.3   0.17418
   2987.0   0.17412
   2988.7   0.17404
   2990.4   0.17396
   2992.1   0.17387
   2993.9   0.17381
   2995.6   0.17378
   2997.3   0.17372
   2999.1   0.17363
   3000.8   0.17353
   3002.6   0.17344
   3004.3   0.17336
   3006.0   0.17325
   3007.8   0.17316
   3009.5   0.17312
   3011.3   0.17307
   3013.0   0.17297
   3014.8   0.17286
   3016.5   0.17278
   3018.3   0.17270
   3020.0   0.17260
   3021.8   0.17253
   3023.6   0.17246
   3025.3   0.17237
   3027.1   0.17226
   3028.9   0.17213
   3030.6   0.17206
   3032.4   0.17201
   3034.2   0.17192
   3035.9   0.17180
   3037.7   0.17172
   3039.5   0.17164
   3041.3   0.17152
   3043.1   0.17138
   3044.9   0.17126
   3046.6   0.17116
   3048.4   0.17110
   3050.2   0.17102
   3052.0   0.17089
   3053.8   0.17077
   3055.6   0.17066
   3057.4   0.17054
   3059.2   0.17042
   3061.0   0.17031
   3062.9   0.17017
   3064.7   0.17008
   3066.5   0.17000
   3068.3   0.16990
   3070.1   0.16977
   3071.9   0.16961
   3073.7   0.16948
   3075.6   0.16936
   3077.4   0.16925
   3079.2   0.16911
   3081.1   0.16893
   3082.9   0.16884
   3084.7   0.16877
   3086.6   0.16866
   3088.4   0.16853
   3090.2   0.16840
   3092.1   0.16826
   3093.9   0.16814
   3095.8   0.16802
   3097.6   0.16789
   3099.5   0.16779
   3101.3   0.16767
   3103.2   0.16754
   3105.0   0.16742
   3106.9   0.16730
   3108.8   0.16720
   3110.6   0.16708
   3112.5   0.16696
   3114.4   0.16685
   3116.2   0.16671
   3118.1   0.16655
   3120.0   0.16645
   3121.9   0.16634
   3123.7   0.16621
   3125.6   0.16608
   3127.5   0.16598
   3129.4   0.16585
   3131.3   0.16569
   3133.2   0.16561
   3135.1   0.16550
   3137.0   0.16537
   3138.9   0.16524
   3140.8   0.16511
   3142.7   0.16496
   3144.6   0.16481
   3146.5   0.16470
   3148.4   0.16460
   3150.3   0.16448
   3152.2   0.16433
   3154.1   0.16417
   3156.1   0.16400
   3158.0   0.16387
   3159.9   0.16377
   3161.8   0.16363
   3163.8   0.16349
   3165.7   0.16334
   3167.6   0.16320
   3169.6   0.16312
   3171.5   0.16305
   3173.4   0.16292
   3175.4   0.16279
   3177.3   0.16267
   3179.3   0.16253
   3181.2   0.16239
   3183.2   0.16226
   3185.1   0.16211
   3187.1   0.16196
   3189.1   0.16181
   3191.0   0.16167
   3193.0   0.16150
   3194.9   0.16139
   3196.9   0.16127
   3198.9   0.16112
   3200.9   0.16095
   3202.8   0.16081
   3204.8   0.16069
   3206.8   0.16058
   3208.8   0.16044
   3210.8   0.16028
   3212.8   0.16015
   3214.8   0.16004
   3216.8   0.15992
   3218.7   0.15975
   3220.7   0.15960
   3222.8   0.15945
   3224.8   0.15929
   3226.8   0.15917
   3228.8   0.15902
   3230.8   0.15890
   3232.8   0.15878
   3234.8   0.15864
   3236.8   0.15844
   3238.9   0.15826
   3240.9   0.15813
   3242.9   0.15806
   3244.9   0.15792
   3247.0   0.15775
   3249.0   0.15760
   3251.0   0.15743
   3253.1   0.15727
   3255.1   0.15715
   3257.2   0.15704
   3259.2   0.15687
   3261.3   0.15671
   3263.3   0.15659
   3265.4   0.15642
   3267.4   0.15624
   3269.5   0.15609
   3271.5   0.15590
   3273.6   0.15574
   3275.7   0.15564
   3277.8   0.15552
   3279.8   0.15535
   3281.9   0.15518
   3284.0   0.15500
   3286.1   0.15481
   3288.1   0.15466
   3290.2   0.15450
   3292.3   0.15432
   3294.4   0.15415
   3296.5   0.15400
   3298.6   0.15384
   3300.7   0.15367
   3302.8   0.15350
   3304.9   0.15331
   3307.0   0.15310
   3309.1   0.15295
   3311.2   0.15280
   3313.4   0.15259
   3315.5   0.15239
   3317.6   0.15220
   3319.7   0.15201
   3321.8   0.15177
   3324.0   0.15153
   3326.1   0.15130
   3328.2   0.15108
   3330.4   0.15087
   3332.5   0.15060
   3334.7   0.15030
   3336.8   0.14999
   3338.9   0.14964
   3341.1   0.14929
   3343.3   0.14895
   3345.4   0.14856
   3347.6   0.14811
   3349.7   0.14763
   3351.9   0.14708
   3354.1   0.14652
   3356.2   0.14590
   3358.4   0.14521
   3360.6   0.14435
   3362.8   0.14343
   3364.9   0.14237
   3367.1   0.14119
   3369.3   0.13999
   3371.5   0.13880
   3373.7   0.13770
   3375.9   0.13681
   3378.1   0.13615
   3380.3   0.13573
   3382.5   0.13548
   3384.7   0.13542
   3386.9   0.13548
   3389.1   0.13552
   3391.4   0.13544
   3393.6   0.13503
   3395.8   0.13426
   3398.0   0.13321
   3400.3   0.13190
   3402.5   0.13034
   3404.7   0.12861
   3407.0   0.12685
   3409.2   0.12511
   3411.4   0.12350
   3413.7   0.12208
   3415.9   0.12099
   3418.2   0.12031
   3420.4   0.12014
   3422.7   0.12049
   3425.0   0.12135
   3427.2   0.12257
   3429.5   0.12414
   3431.8   0.12599
   3434.0   0.12775
   3436.3   0.12920
   3438.6   0.13031
   3440.9   0.13113
   3443.2   0.13181
   3445.4   0.13244
   3447.7   0.13299
   3450.0   0.13345
   3452.3   0.13386
   3454.6   0.13429
   3456.9   0.13469
   3459.2   0.13509
   3461.5   0.13546
   3463.9   0.13572
   3466.2   0.13586
   3468.5   0.13589
   3470.8   0.13575
   3473.1   0.13552
   3475.5   0.13520
   3477.8   0.13474
   3480.1   0.13425
   3482.5   0.13388
   3484.8   0.13363
   3487.1   0.13332
   3489.5   0.13285
   3491.9   0.13212
   3494.2   0.13110
   3496.6   0.12980
   3498.9   0.12844
   3501.3   0.12727
   3503.6   0.12651
   3506.0   0.12634
   3508.4   0.12688
   3510.8   0.12828
   3513.1   0.13031
   3515.5   0.13229
   3517.9   0.13383
   3520.3   0.13493
   3522.7   0.13572
   3525.1   0.13626
   3527.5   0.13661
   3529.9   0.13685
   3532.3   0.13700
   3534.7   0.13709
   3537.1   0.13709
   3539.5   0.13707
   3541.9   0.13710
   3544.4   0.13709
   3546.8   0.13698
   3549.2   0.13690
   3551.6   0.13689
   3554.1   0.13685
   3556.5   0.13678
   3558.9   0.13669
   3561.4   0.13659
   3563.8   0.13649
   3566.3   0.13639
   3568.8   0.13629
   3571.2   0.13620
   3573.7   0.13608
   3576.1   0.13594
   3578.6   0.13583
   3581.1   0.13577
   3583.6   0.13572
   3586.0   0.13563
   3588.5   0.13548
   3591.0   0.13539
   3593.5   0.13528
   3596.0   0.13512
   3598.5   0.13500
   3601.0   0.13490
   3603.5   0.13476
   3606.0   0.13461
   3608.5   0.13448
   3611.0   0.13437
   3613.5   0.13423
   3616.0   0.13412
   3618.6   0.13402
   3621.1   0.13392
   3623.6   0.13377
   3626.1   0.13362
   3628.7   0.13355
   3631.2   0.13340
   3633.8   0.13325
   3636.3   0.13313
   3638.9   0.13303
   3641.4   0.13292
   3644.0   0.13279
   3646.6   0.13264
   3649.1   0.13255
   3651.7   0.13246
   3654.3   0.13232
   3656.8   0.13217
   3659.4   0.13201
   3662.0   0.13186
   3664.6   0.13176
   3667.2   0.13164
   3669.8   0.13151
   3672.4   0.13141
   3675.0   0.13129
   3677.6   0.13117
   3680.2   0.13105
   3682.8   0.13096
   3685.4   0.13087
   3688.0   0.13074
   3690.7   0.13059
   3693.3   0.13044
   3695.9   0.13033
   3698.6   0.13023
   3701.2   0.13015
   3703.9   0.13005
   3706.5   0.12990
   3709.1   0.12974
   3711.8   0.12968
   3714.5   0.12955
   3717.1   0.12935
   3719.8   0.12922
   3722.5   0.12914
   3725.1   0.12901
   3727.8   0.12889
   3730.5   0.12879
   3733.2   0.12867
   3735.9   0.12856
   3738.6   0.12847
   3741.3   0.12837
   3744.0   0.12822
   3746.7   0.12810
   3749.4   0.12793
   3752.1   0.12781
   3754.8   0.12773
   3757.5   0.12762
   3760.3   0.12751
   3763.0   0.12742
   3765.7   0.12730
   3768.4   0.12715
   3771.2   0.12702
   3773.9   0.12688
   3776.7   0.12668
   3779.4   0.12649
   3782.2   0.12637
   3784.9   0.12630
   3787.7   0.12622
   3790.5   0.12615
   3793.3   0.12601
   3796.0   0.12584
   3798.8   0.12575
   3801.6   0.12565
   3804.4   0.12552
   3807.2   0.12539
   3810.0   0.12528
   3812.8   0.12519
   3815.6   0.12507
   3818.4   0.12493
   3821.2   0.12481
   3824.1   0.12470
   3826.9   0.12458
   3829.7   0.12447
   3832.5   0.12435
   3835.4   0.12423
   3838.2   0.12412
   3841.1   0.12400
   3843.9   0.12388
   3846.8   0.12377
   3849.6   0.12366
   3852.5   0.12355
   3855.3   0.12344
   3858.2   0.12332
   3861.1   0.12319
   3863.9   0.12308
   3866.8   0.12296
   3869.7   0.12285
   3872.6   0.12275
   3875.5   0.12264
   3878.4   0.12251
   3881.3   0.12240
   3884.2   0.12227
   3887.1   0.12215
   3890.0   0.12203
   3893.0   0.12192
   3895.9   0.12183
   3898.8   0.12172
   3901.7   0.12159
   3904.7   0.12147
   3907.6   0.12136
   3910.6   0.12126
   3913.5   0.12114
   3916.5   0.12101
   3919.4   0.12089
   3922.4   0.12080
   3925.4   0.12069
   3928.4   0.12058
   3931.3   0.12045
   3934.3   0.12033
   3937.3   0.12021
   3940.3   0.12010
   3943.3   0.11998
   3946.3   0.11985
   3949.3   0.11974
   3952.3   0.11962
   3955.3   0.11948
   3958.3   0.11937
   3961.4   0.11925
   3964.4   0.11913
   3967.4   0.11901
   3970.5   0.11889
   3973.5   0.11877
   3976.6   0.11867
   3979.6   0.11855
   3982.6   0.11844
   3985.7   0.11833
   3988.8   0.11822
   3991.9   0.11809
   3994.9   0.11796
   3998.0   0.11783
   4001.1   0.11772
   4004.2   0.11759
   4007.3   0.11748
   4010.4   0.11737
   4013.5   0.11726
   4016.6   0.11714
   4019.7   0.11703
   4022.8   0.11692
   4025.9   0.11680
   4029.1   0.11668
   4032.2   0.11657
   4035.3   0.11644
   4038.5   0.11632
   4041.6   0.11620
   4044.8   0.11608
   4047.9   0.11596
   4051.1   0.11586
   4054.3   0.11575
   4057.4   0.11566
   4060.6   0.11554
   4063.8   0.11541
   4067.0   0.11529
   4070.2   0.11519
   4073.4   0.11508
   4076.6   0.11496
   4079.8   0.11483
   4083.0   0.11471
   4086.2   0.11461
   4089.4   0.11450
   4092.7   0.11438
   4095.9   0.11427
   4099.1   0.11416
   4102.4   0.11404
   4105.6   0.11391
   4108.9   0.11379
   4112.1   0.11367
   4115.4   0.11356
   4118.7   0.11345
   4122.0   0.11334
   4125.2   0.11323
   4128.5   0.11311
   4131.8   0.11299
   4135.1   0.11289
   4138.4   0.11276
   4141.7   0.11262
   4145.0   0.11251
   4148.3   0.11240
   4151.6   0.11229
   4155.0   0.11219
   4158.3   0.11208
   4161.6   0.11197
   4165.0   0.11186
   4168.3   0.11175
   4171.7   0.11163
   4175.0   0.11152
   4178.4   0.11140
   4181.8   0.11130
   4185.2   0.11120
   4188.5   0.11109
   4191.9   0.11098
   4195.3   0.11086
   4198.7   0.11076
   4202.1   0.11067
   4205.5   0.11056
   4208.9   0.11045
   4212.4   0.11036
   4215.8   0.11026
   4219.2   0.11016
   4222.6   0.11007
   4226.1   0.10996
   4229.5   0.10985
   4233.0   0.10974
   4236.5   0.10963
   4239.9   0.10951
   4243.4   0.10940
   4246.9   0.10928
   4250.3   0.10916
   4253.8   0.10903
   4257.3   0.10892
   4260.8   0.10882
   4264.3   0.10871
   4267.8   0.10860
   4271.4   0.10850
   4274.9   0.10841
   4278.4   0.10830
   4281.9   0.10818
   4285.5   0.10807
   4289.0   0.10797
   4292.6   0.10788
   4296.1   0.10776
   4299.7   0.10764
   4303.3   0.10753
   4306.8   0.10742
   4310.4   0.10731
   4314.0   0.10722
   4317.6   0.10713
   4321.2   0.10703
   4324.8   0.10692
   4328.4   0.10682
   4332.0   0.10672
   4335.6   0.10662
   4339.3   0.10653
   4342.9   0.10643
   4346.5   0.10632
   4350.2   0.10623
   4353.8   0.10614
   4357.5   0.10605
   4361.1   0.10597
   4364.8   0.10587
   4368.5   0.10577
   4372.2   0.10567
   4375.9   0.10558
   4379.6   0.10550
   4383.3   0.10541
   4387.0   0.10533
   4390.7   0.10525
   4394.4   0.10517
   4398.1   0.10507
   4401.9   0.10498
   4405.6   0.10487
   4409.4   0.10477
   4413.1   0.10466
   4416.9   0.10458
   4420.6   0.10448
   4424.4   0.10438
   4428.2   0.10427
   4432.0   0.10416
   4435.8   0.10404
   4439.6   0.10393
   4443.4   0.10383
   4447.2   0.10371
   4451.0   0.10360
   4454.8   0.10350
   4458.6   0.10339
   4462.5   0.10326
   4466.3   0.10313
   4470.2   0.10301
   4474.0   0.10288
   4477.9   0.10274
   4481.8   0.10262
   4485.6   0.10248
   4489.5   0.10232
   4493.4   0.10217
   4497.3   0.10202
   4501.2   0.10186
   4505.1   0.10167
   4509.0   0.10148
   4513.0   0.10126
   4516.9   0.10104
   4520.8   0.10082
   4524.8   0.10058
   4528.7   0.10031
   4532.7   0.10002
   4536.7   0.09972
   4540.6   0.09940
   4544.6   0.09905
   4548.6   0.09868
   4552.6   0.09830
   4556.6   0.09790
   4560.6   0.09749
   4564.6   0.09708
   4568.6   0.09663
   4572.7   0.09618
   4576.7   0.09572
   4580.8   0.09525
   4584.8   0.09477
   4588.9   0.09427
   4592.9   0.09377
   4597.0   0.09325
   4601.1   0.09270
   4605.2   0.09214
   4609.3   0.09156
   4613.4   0.09097
   4617.5   0.09035
   4621.6   0.08971
   4625.7   0.08904
   4629.8   0.08835
   4634.0   0.08765
   4638.1   0.08695
   4642.3   0.08622
   4646.4   0.08548
   4650.6   0.08474
   4654.8   0.08396
   4659.0   0.08320
   4663.1   0.08243
   4667.3   0.08164
   4671.5   0.08084
   4675.8   0.08004
   4680.0   0.07926
   4684.2   0.07848
   4688.4   0.07767
   4692.7   0.07686
   4696.9   0.07606
   4701.2   0.07525
   4705.5   0.07444
   4709.7   0.07366
   4714.0   0.07290
   4718.3   0.07216
   4722.6   0.07143
   4726.9   0.07074
   4731.2   0.07008
   4735.5   0.06945
   4739.9   0.06889
   4744.2   0.06836
   4748.5   0.06786
   4752.9   0.06737
   4757.3   0.06690
   4761.6   0.06646
   4766.0   0.06605
   4770.4   0.06564
   4774.8   0.06523
   4779.2   0.06481
   4783.6   0.06438
   4788.0   0.06392
   4792.4   0.06346
   4796.9   0.06298
   4801.3   0.06248
   4805.8   0.06196
   4810.2   0.06145
   4814.7   0.06092
   4819.1   0.06038
   4823.6   0.05985
   4828.1   0.05931
   4832.6   0.05878
   4837.1   0.05824
   4841.6   0.05771
   4846.2   0.05720
   4850.7   0.05671
   4855.3   0.05623
   4859.8   0.05579
   4864.4   0.05536
   4868.9   0.05495
   4873.5   0.05456
   4878.1   0.05421
   4882.7   0.05390
   4887.3   0.05359
   4891.9   0.05330
   4896.5   0.05301
   4901.1   0.05272
   4905.8   0.05243
   4910.4   0.05213
   4915.1   0.05184
   4919.7   0.05156
   4924.4   0.05126
   4929.1   0.05095
   4933.8   0.05065
   4938.5   0.05035
   4943.2   0.05004
   4947.9   0.04971
   4952.6   0.04940
   4957.4   0.04910
   4962.1   0.04878
   4966.9   0.04847
   4971.6   0.04817
   4976.4   0.04787
   4981.2   0.04755
   4986.0   0.04725
   4990.8   0.04695
   4995.6   0.04668
   5000.4   0.04639
   5005.2   0.04610
   5010.0   0.04582
   5014.9   0.04554
   5019.8   0.04526
   5024.6   0.04497
   5029.5   0.04467
   5034.4   0.04440
   5039.3   0.04412
   5044.2   0.04385
   5049.1   0.04358
   5054.0   0.04332
   5058.9   0.04304
   5063.9   0.04276
   5068.8   0.04251
   5073.8   0.04225
   5078.8   0.04199
   5083.7   0.04174
   5088.7   0.04148
   5093.7   0.04123
   5098.7   0.04098
   5103.7   0.04075
   5108.8   0.04052
   5113.8   0.04030
   5118.9   0.04007
   5123.9   0.03985
   5129.0   0.03964
   5134.1   0.03943
   5139.1   0.03923
   5144.3   0.03905
   5149.4   0.03888
   5154.5   0.03872
   5159.6   0.03858
   5164.7   0.03845
   5169.9   0.03835
   5175.0   0.03825
   5180.2   0.03818
   5185.4   0.03814
   5190.6   0.03813
   5195.8   0.03815
   5201.0   0.03818
   5206.2   0.03824
   5211.5   0.03834
   5216.7   0.03844
   5222.0   0.03856
   5227.2   0.03871
   5232.5   0.03884
   5237.8   0.03900
   5243.1   0.03919
   5248.4   0.03939
   5253.7   0.03960
   5259.0   0.03984
   5264.4   0.04010
   5269.7   0.04038
   5275.1   0.04071
   5280.5   0.04106
   5285.8   0.04141
   5291.2   0.04180
   5296.6   0.04222
   5302.0   0.04266
   5307.5   0.04311
   5312.9   0.04359
   5318.4   0.04409
   5323.8   0.04459
   5329.3   0.04509
   5334.8   0.04559
   5340.3   0.04606
   5345.8   0.04649
   5351.3   0.04689
   5356.8   0.04724
   5362.4   0.04756
   5367.9   0.04786
   5373.5   0.04810
   5379.0   0.04830
   5384.6   0.04848
   5390.2   0.04864
   5395.8   0.04878
   5401.5   0.04891
   5407.1   0.04903
   5412.7   0.04916
   5418.4   0.04932
   5424.1   0.04950
   5429.7   0.04965
   5435.4   0.04984
   5441.1   0.05005
   5446.9   0.05027
   5452.6   0.05050
   5458.3   0.05076
   5464.1   0.05106
   5469.8   0.05133
   5475.6   0.05157
   5481.4   0.05182
   5487.2   0.05204
   5493.0   0.05224
   5498.8   0.05241
   5504.7   0.05255
   5510.5   0.05263
   5516.4   0.05269
   5522.3   0.05270
   5528.1   0.05265
   5534.0   0.05256
   5540.0   0.05241
   5545.9   0.05221
   5551.8   0.05197
   5557.8   0.05169
   5563.7   0.05135
   5569.7   0.05097
   5575.7   0.05060
   5581.7   0.05018
   5587.7   0.04974
   5593.7   0.04932
   5599.8   0.04893
   5605.8   0.04854
   5611.9   0.04817
   5618.0   0.04783
   5624.1   0.04753
   5630.2   0.04727
   5636.3   0.04708
   5642.4   0.04690
   5648.6   0.04670
   5654.7   0.04654
   5660.9   0.04639
   5667.1   0.04626
   5673.3   0.04617
   5679.5   0.04606
   5685.7   0.04593
   5692.0   0.04580
   5698.2   0.04565
   5704.5   0.04550
   5710.8   0.04535
   5717.1   0.04512
   5723.4   0.04487
   5729.7   0.04461
   5736.0   0.04433
   5742.4   0.04406
   5748.8   0.04378
   5755.1   0.04347
   5761.5   0.04323
   5768.0   0.04298
   5774.4   0.04268
   5780.8   0.04240
   5787.3   0.04216
   5793.7   0.04193
   5800.2   0.04173
   5806.7   0.04155
   5813.2   0.04139
   5819.7   0.04128
   5826.3   0.04113
   5832.8   0.04092
   5839.4   0.04072
   5846.0   0.04053
   5852.6   0.04034
   5859.2   0.04011
   5865.8   0.03988
   5872.5   0.03961
   5879.1   0.03938
   5885.8   0.03903
   5892.5   0.03864
   5899.2   0.03825
   5905.9   0.03778
   5912.6   0.03735
   5919.4   0.03691
   5926.2   0.03647
   5932.9   0.03610
   5939.7   0.03566
   5946.5   0.03517
   5953.4   0.03473
   5960.2   0.03435
   5967.1   0.03404
   5974.0   0.03374
   5980.8   0.03348
   5987.8   0.03331
   5994.7   0.03315
   6001.6   0.03301
   6008.6   0.03294
   6015.5   0.03290
   6022.5   0.03285
   6029.5   0.03283
   6036.5   0.03285
   6043.6   0.03292
   6050.6   0.03297
   6057.7   0.03289
   6064.8   0.03284
   6071.9   0.03283
   6079.0   0.03277
   6086.1   0.03267
   6093.3   0.03257
   6100.5   0.03248
   6107.6   0.03242
   6114.8   0.03231
   6122.1   0.03213
   6129.3   0.03195
   6136.5   0.03179
   6143.8   0.03162
   6151.1   0.03143
   6158.4   0.03124
   6165.7   0.03104
   6173.1   0.03085
   6180.4   0.03070
   6187.8   0.03054
   6195.2   0.03032
   6202.6   0.03017
   6210.0   0.03005
   6217.5   0.02994
   6225.0   0.02987
   6232.4   0.02981
   6239.9   0.02976
   6247.5   0.02974
   6255.0   0.02975
   6262.5   0.02976
   6270.1   0.02979
   6277.7   0.02983
   6285.3   0.02987
   6292.9   0.02993
   6300.6   0.03000
   6308.3   0.03007
   6315.9   0.03018
   6323.6   0.03029
   6331.4   0.03042
   6339.1   0.03061
   6346.9   0.03081
   6354.6   0.03094
   6362.4   0.03112
   6370.3   0.03132
   6378.1   0.03148
   6385.9   0.03163
   6393.8   0.03180
   6401.7   0.03198
   6409.6   0.03220
   6417.6   0.03237
   6425.5   0.03244
   6433.5   0.03255
   6441.5   0.03266
   6449.5   0.03278
   6457.5   0.03291
   6465.6   0.03304
   6473.6   0.03317
   6481.7   0.03331
   6489.8   0.03347
   6498.0   0.03360
   6506.1   0.03368
   6514.3   0.03378
   6522.5   0.03391
   6530.7   0.03401
   6538.9   0.03410
   6547.2   0.03421
   6555.5   0.03431
   6563.8   0.03438
   6572.1   0.03445
   6580.4   0.03447
   6588.8   0.03447
   6597.2   0.03449
   6605.6   0.03452
   6614.0   0.03455
   6622.5   0.03461
   6630.9   0.03473
   6639.4   0.03486
   6647.9   0.03491
   6656.5   0.03499
   6665.0   0.03512
   6673.6   0.03526
   6682.2   0.03541
   6690.8   0.03552
   6699.5   0.03560
   6708.1   0.03569
   6716.8   0.03576
   6725.5   0.03582
   6734.3   0.03585
   6743.0   0.03587
   6751.8   0.03588
   6760.6   0.03585
   6769.4   0.03583
   6778.3   0.03580
   6787.1   0.03574
   6796.0   0.03563
   6805.0   0.03548
   6813.9   0.03536
   6822.9   0.03529
   6831.9   0.03521
   6840.9   0.03515
   6849.9   0.03513
   6859.0   0.03509
   6868.0   0.03499
   6877.2   0.03483
   6886.3   0.03471
   6895.5   0.03458
   6904.6   0.03444
   6913.8   0.03427
   6923.1   0.03409
   6932.3   0.03391
   6941.6   0.03373
   6950.9   0.03358
   6960.2   0.03342
   6969.6   0.03319
   6979.0   0.03297
   6988.4   0.03278
   6997.8   0.03255
   7007.3   0.03232
   7016.8   0.03210
   7026.3   0.03186
   7035.8   0.03163
   7045.4   0.03142
   7054.9   0.03116
   7064.5   0.03088
   7074.2   0.03062
   7083.9   0.03039
   7093.5   0.03015
   7103.3   0.02991
   7113.0   0.02970
   7122.8   0.02949
   7132.6   0.02927
   7142.4   0.02905
   7152.2   0.02883
   7162.1   0.02861
   7172.0   0.02839
   7182.0   0.02816
   7191.9   0.02794
   7201.9   0.02774
   7211.9   0.02754
   7222.0   0.02732
   7232.0   0.02708
   7242.1   0.02686
   7252.3   0.02666
   7262.4   0.02648
   7272.6   0.02627
   7282.8   0.02606
   7293.1   0.02583
   7303.3   0.02561
   7313.6   0.02538
   7324.0   0.02514
   7334.3   0.02490
   7344.7   0.02465
   7355.1   0.02437
   7365.6   0.02409
   7376.1   0.02381
   7386.6   0.02352
   7397.1   0.02322
   7407.7   0.02293
   7418.3   0.02264
   7428.9   0.02238
   7439.6   0.02212
   7450.3   0.02183
   7461.0   0.02155
   7471.7   0.02127
   7482.5   0.02098
   7493.3   0.02071
   7504.1   0.02043
   7515.0   0.02016
   7525.9   0.01989
   7536.9   0.01962
   7547.9   0.01937
   7558.9   0.01912
   7569.9   0.01887
   7581.0   0.01859
   7592.0   0.01834
   7603.2   0.01810
   7614.4   0.01786
   7625.5   0.01761
   7636.8   0.01735
   7648.0   0.01712
   7659.3   0.01690
   7670.7   0.01665
   7682.0   0.01640
   7693.4   0.01615
   7704.9   0.01591
   7716.3   0.01566
   7727.8   0.01537
   7739.4   0.01509
   7750.9   0.01481
   7762.5   0.01456
   7774.2   0.01430
   7785.8   0.01403
   7797.5   0.01377
   7809.3   0.01352
   7821.1   0.01328
   7832.9   0.01303
   7844.7   0.01278
   7856.6   0.01254
   7868.5   0.01229
   7880.5   0.01205
   7892.5   0.01184
   7904.5   0.01161
   7916.6   0.01138
   7928.7   0.01117
   7940.8   0.01095
   7953.0   0.01074
   7965.2   0.01052
   7977.5   0.01031
   7989.8   0.01010
   8002.1   0.00990
   8014.5   0.00969
   8026.9   0.00947
   8039.3   0.00928
   8051.8   0.00909
   8064.3   0.00889
   8076.9   0.00869
   8089.5   0.00850
   8102.1   0.00830
   8114.8   0.00811
   8127.5   0.00796
   8140.3   0.00779
   8153.1   0.00762
   8165.9   0.00746
   8178.8   0.00735
   8191.7   0.00724
   8204.7   0.00714
   8217.7   0.00702
   8230.7   0.00691
   8243.8   0.00681
   8256.9   0.00670
   8270.1   0.00659
   8283.3   0.00648
   8296.6   0.00637
   8309.9   0.00626
   8323.2   0.00615
   8336.6   0.00605
   8350.0   0.00593
   8363.5   0.00581
   8377.0   0.00571
   8390.5   0.00564
   8404.2   0.00558
   8417.8   0.00554
   8431.5   0.00548
   8445.2   0.00546
   8459.0   0.00549
   8472.8   0.00554
   8486.7   0.00562
   8500.6   0.00576
   8514.5   0.00598
   8528.5   0.00631
   8542.6   0.00676
   8556.7   0.00736
   8570.8   0.00817
   8585.0   0.00924
   8599.3   0.01055
   8613.5   0.01214
   8627.9   0.01404
   8642.3   0.01627
   8656.7   0.01885
   8671.2   0.02177
   8685.7   0.02502
   8700.3   0.02860
   8714.9   0.03244
   8729.5   0.03653
   8744.3   0.04079
   8759.0   0.04512
   8773.9   0.04935
   8788.7   0.05328
   8803.7   0.05670
   8818.6   0.05971
   8833.7   0.06264
   8848.7   0.06582
   8863.8   0.06942
   8879.0   0.07333
   8894.3   0.07744
   8909.5   0.08158
   8924.9   0.08560
   8940.3   0.08936
   8955.7   0.09277
   8971.2   0.09576
   8986.8   0.09824
   9002.3   0.10018
   9018.0   0.10163
   9033.7   0.10265
   9049.5   0.10328
   9065.3   0.10360
   9081.2   0.10361
   9097.1   0.10329
   9113.1   0.10271
   9129.1   0.10187
   9145.2   0.10084
   9161.4   0.09962
   9177.6   0.09829
   9193.9   0.09689
   9210.2   0.09550
   9226.6   0.09423
   9243.0   0.09315
   9259.5   0.09219
   9276.1   0.09125
   9292.7   0.09016
   9309.4   0.08885
   9326.2   0.08737
   9343.0   0.08580
   9359.8   0.08432
   9376.8   0.08307
   9393.7   0.08209
   9410.8   0.08140
   9427.9   0.08090
   9445.1   0.08050
   9462.3   0.08015
   9479.6   0.07985
   9497.0   0.07956
   9514.4   0.07921
   9531.9   0.07879
   9549.4   0.07834
   9567.0   0.07775
   9584.7   0.07702
   9602.5   0.07625
   9620.3   0.07545
   9638.2   0.07466
   9656.1   0.07402
   9674.2   0.07357
   9692.2   0.07332
   9710.4   0.07319
   9728.6   0.07316
   9746.9   0.07317
   9765.2   0.07318
   9783.7   0.07315
   9802.2   0.07305
   9820.7   0.07285
   9839.4   0.07259
   9858.1   0.07219
   9876.8   0.07164
   9895.7   0.07093
   9914.6   0.07008
   9933.6   0.06911
   9952.7   0.06805
   9971.8   0.06699
   9991.0   0.06594
  10010.3   0.06489
  10029.7   0.06390
  10049.1   0.06287
  10068.6   0.06177
  10088.2   0.06061
  10107.9   0.05935
  10127.6   0.05806
  10147.4   0.05686
  10167.3   0.05580
  10187.3   0.05495
  10207.4   0.05442
  10227.5   0.05436
  10247.7   0.05485
  10268.0   0.05593
  10288.4   0.05757
  10308.8   0.05959
  10329.4   0.06171
  10350.0   0.06362
  10370.7   0.06506
  10391.5   0.06588
  10412.3   0.06608
  10433.3   0.06584
  10454.3   0.06533
  10475.5   0.06472
  10496.7   0.06421
  10518.0   0.06398
  10539.3   0.06401
  10560.8   0.06433
  10582.3   0.06488
  10604.0   0.06554
  10625.7   0.06623
  10647.5   0.06696
  10669.4   0.06768
  10691.4   0.06830
  10713.5   0.06876
  10735.7   0.06898
  10758.0   0.06887
  10780.3   0.06836
  10802.8   0.06740
  10825.4   0.06609
  10848.0   0.06453
  10870.8   0.06284
  10893.6   0.06122
  10916.5   0.05988
  10939.5   0.05893
  10962.7   0.05839
  10985.9   0.05828
  11009.2   0.05844
  11032.7   0.05883
  11056.2   0.05959
  11079.8   0.06080
  11103.5   0.06248
  11127.3   0.06458
  11151.3   0.06689
  11175.3   0.06917
  11199.5   0.07121
  11223.7   0.07283
  11248.0   0.07397
  11272.5   0.07458
  11297.0   0.07465
  11321.7   0.07419
  11346.5   0.07327
  11371.4   0.07200
  11396.4   0.07043
  11421.5   0.06865
  11446.7   0.06676
  11472.0   0.06478
  11497.5   0.06287
  11523.0   0.06100
  11548.7   0.05914
  11574.5   0.05736
  11600.3   0.05559
  11626.3   0.05387
  11652.5   0.05226
  11678.7   0.05073
  11705.1   0.04923
  11731.6   0.04779
  11758.2   0.04647
  11784.9   0.04524
  11811.7   0.04404
  11838.7   0.04294
  11865.8   0.04196
  11893.0   0.04114
  11920.3   0.04048
  11947.8   0.03992
  11975.4   0.03942
  12003.1   0.03893
  12031.0   0.03839
  12059.0   0.03781
  12087.1   0.03720
  12115.3   0.03662
  12143.7   0.03606
  12172.2   0.03552
  12200.8   0.03501
  12229.6   0.03450
  12258.5   0.03397
  12287.6   0.03345
  12316.8   0.03295
  12346.1   0.03249
  12375.5   0.03199
  12405.2   0.03154
  12434.9   0.03109
  12464.8   0.03063
  12494.8   0.03020
  12525.0   0.02980
  12555.3   0.02939
  12585.8   0.02899
  12616.4   0.02859
  12647.2   0.02820
  12678.1   0.02783
  12709.2   0.02751
  12740.4   0.02721
  12771.8   0.02691
  12803.3   0.02662
  12835.0   0.02636
  12866.9   0.02606
  12898.9   0.02578
  12931.0   0.02553
  12963.4   0.02528
  12995.9   0.02499
  13028.5   0.02470
  13061.3   0.02441
  13094.3   0.02410
  13127.5   0.02379
  13160.8   0.02351
  13194.3   0.02322
  13228.0   0.02289
  13261.8   0.02253
  13295.8   0.02215
  13330.0   0.02180
  13364.3   0.02147
  13398.9   0.02109
  13433.6   0.02071
  13468.5   0.02036
  13503.5   0.02020
  13538.8   0.02029
  13574.2   0.02076
  13609.9   0.02149
  13645.7   0.02219
  13681.7   0.02256
  13717.9   0.02266
  13754.3   0.02263
  13790.8   0.02264
  13827.6   0.02261
  13864.6   0.02241
  13901.8   0.02200
  13939.1   0.02156
  13976.7   0.02114
  14014.5   0.02069
  14052.5   0.02026
  14090.7   0.01987
  14129.0   0.01951
  14167.7   0.01916
  14206.5   0.01878
  14245.5   0.01842
  14284.7   0.01803
  14324.2   0.01761
  14363.9   0.01720
  14403.8   0.01683
  14443.9   0.01648
  14484.3   0.01611
  14524.8   0.01575
  14565.6   0.01545
  14606.7   0.01528
  14647.9   0.01525
  14689.4   0.01541
  14731.1   0.01571
  14773.1   0.01614
  14815.3   0.01647
  14857.8   0.01652
  14900.5   0.01637
  14943.4   0.01610
  14986.6   0.01574
  15030.0   0.01528
  15073.7   0.01485
  15117.7   0.01455
  15161.9   0.01442
  15206.3   0.01456
  15251.1   0.01501
  15296.1   0.01579
  15341.3   0.01683
  15386.8   0.01794
  15432.6   0.01894
  15478.7   0.01966
  15525.1   0.02009
  15571.7   0.02024
  15618.6   0.02016
  15665.8   0.01987
  15713.2   0.01942
  15761.0   0.01895
  15809.0   0.01864
  15857.4   0.01852
  15906.0   0.01863
  15955.0   0.01889
  16004.2   0.01923
  16053.8   0.01966
  16103.6   0.02034
  16153.8   0.02145
  16204.3   0.02317
  16255.1   0.02550
  16306.2   0.02836
  16357.6   0.03156
  16409.4   0.03480
  16461.5   0.03762
  16513.9   0.03988
  16566.7   0.04157
  16619.8   0.04276
  16673.2   0.04351
  16727.0   0.04407
  16781.1   0.04476
  16835.6   0.04580
  16890.4   0.04725
  16945.7   0.04922
  17001.2   0.05167
  17057.1   0.05423
  17113.4   0.05676
  17170.1   0.05939
  17227.2   0.06221
  17284.6   0.06513
  17342.4   0.06821
  17400.6   0.07144
  17459.2   0.07477
  17518.2   0.07825
  17577.5   0.08152
  17637.3   0.08440
  17697.5   0.08680
  17758.1   0.08839
  17819.2   0.08917
  17880.6   0.08894
  17942.5   0.08763
  18004.8   0.08540
  18067.5   0.08258
  18130.7   0.07993
  18194.3   0.07826
  18258.3   0.07805
  18322.9   0.07940
  18387.9   0.08186
  18453.3   0.08480
  18519.2   0.08789
  18585.6   0.09051
  18652.4   0.09292
  18719.8   0.09521
  18787.6   0.09754
  18855.9   0.10005
  18924.8   0.10286
  18994.1   0.10606
  19063.9   0.10892
  19134.3   0.11111
  19205.1   0.11287
  19276.5   0.11398
  19348.4   0.11450
  19420.9   0.11464
  19493.9   0.11417
  19567.5   0.11335
  19641.6   0.11209
  19716.3   0.11043
  19791.6   0.10844
  19867.4   0.10614
  19943.8   0.10376
  20020.8   0.10132
  20098.4   0.09907
  20176.6   0.09719
  20255.4   0.09543
  20334.8   0.09364
  20414.9   0.09181
  20495.6   0.08978
  20576.9   0.08767
  20658.9   0.08552
  20741.6   0.08331
  20824.8   0.08125
  20908.8   0.07958
  20993.5   0.07825
  21078.8   0.07679
  21164.8   0.07512
  21251.6   0.07351
  21339.0   0.07169
  21427.2   0.06941
  21516.1   0.06699
  21605.8   0.06460
  21696.2   0.06235
  21787.3   0.06025
  21879.3   0.05830
  21971.9   0.05649
  22065.4   0.05499
  22159.7   0.05376
  22254.8   0.05277
  22350.8   0.05187
  22447.5   0.05113
  22545.1   0.05045
  22643.6   0.04998
  22742.9   0.04985
  22843.1   0.05005
  22944.2   0.05058
  23046.2   0.05153
  23149.0   0.05270
  23252.8   0.05395
  23357.6   0.05522
  23463.3   0.05661
  23569.9   0.05792
  23677.5   0.05914
  23786.1   0.06060
  23895.8   0.06224
  24006.4   0.06405
  24118.1   0.06617
  24230.8   0.06824
  24344.5   0.07005
  24459.4   0.07151
  24575.3   0.07260
  24692.3   0.07361
  24810.4   0.07441
  24929.7   0.07475
  25050.1   0.07495
  25171.7   0.07511
  25294.5   0.07482
  25418.5   0.07398
  25543.7   0.07289
  25670.2   0.07134
  25797.9   0.06956
  25926.9   0.06775
  26057.2   0.06587
  26188.8   0.06402
  26321.8   0.06197
  26456.0   0.05993
  26591.7   0.05820
  26728.8   0.05653
  26867.2   0.05518
  27007.2   0.05425
  27148.6   0.05405
  27291.5   0.05427
  27435.9   0.05445
  27581.8   0.05480
  27729.3   0.05540
  27878.4   0.05640
  28029.1   0.05804
  28181.4   0.06007
  28335.4   0.06257
  28491.1   0.06572
  28648.5   0.06894
  28807.7   0.07160
  28968.6   0.07411
  29131.3   0.07635
  29295.9   0.07815
  29462.4   0.07955
  29630.7   0.08034
  29801.0   0.08029
  29973.3   0.07980
  30147.6   0.07868
  30323.9   0.07718
  30502.3   0.07587
  30682.8   0.07427
  30865.4   0.07263
  31050.2   0.07095
  31237.2   0.06925
  31426.5   0.06759
  31618.2   0.06628
  31812.1   0.06598
  32008.5   0.06577
  32207.3   0.06498
  32408.6   0.06394
  32612.5   0.06296
  32818.9   0.06286
  33027.9   0.06266
  33239.6   0.06139
  33454.1   0.06016
  33671.3   0.05981
  33891.4   0.05965
  34114.3   0.05861
  34340.3   0.05811
  34569.2   0.05863
  34801.2   0.05834
  35036.3   0.05801
  35274.7   0.05754
  35516.3   0.05707
  35761.3   0.05655
  36009.6   0.05610
  36261.4   0.05507
  36516.8   0.05409
  36775.8   0.05371
  37038.5   0.05324
  37304.9   0.05266
  37575.2   0.05253
  37849.5   0.05261
  38127.8   0.05247
  38410.2   0.05227
  38696.8   0.05206
  38987.8   0.05178
  39283.2   0.05133
  39583.1   0.05087
  39887.6   0.05181
  40196.8   0.05362
  40510.8   0.05516
  40829.8   0.05616
  41153.9   0.05690
  41483.1   0.05715
  41817.6   0.05703
  42157.5   0.05666
  42503.1   0.05663
  42854.4   0.05625
  43211.5   0.05484
  43574.6   0.05362
  43943.9   0.05394
  44319.6   0.05481
  44701.6   0.05491
  45090.3   0.05551
  45485.9   0.05514
  45888.4   0.05521
  46298.1   0.05650
  46715.2   0.05811
  47139.8   0.05856
  47572.3   0.05878
  48012.8   0.05973
  48461.5   0.06032
  48918.7   0.06023
  49384.6   0.06224
  49859.4   0.06099



 BIR1LR180           .ASC                        

 LR-CMP-180                                                              
 70035,188 light-brown pyroxene B <125 um                                
 Connected at 3.8 & 19.4 um                                              

 Source Ang: 30.00   Detect Ang:  0.00  Volt: 1.222
 Date:  1-MAR-08   Time: 11:44:12
