  6016
    833.3   0.37220
    833.5   0.37247
    833.6   0.37297
    833.7   0.37257
    833.9   0.37235
    834.0   0.37200
    834.1   0.37169
    834.3   0.37165
    834.4   0.37149
    834.5   0.37197
    834.7   0.37365
    834.8   0.37459
    835.0   0.37403
    835.1   0.37336
    835.2   0.37264
    835.3   0.37228
    835.5   0.37242
    835.6   0.37283
    835.8   0.37368
    835.9   0.37333
    836.0   0.37215
    836.2   0.37190
    836.3   0.37254
    836.4   0.37208
    836.6   0.37166
    836.7   0.37174
    836.8   0.37185
    837.0   0.37220
    837.1   0.37231
    837.2   0.37233
    837.4   0.37160
    837.5   0.37132
    837.6   0.37116
    837.8   0.37160
    837.9   0.37184
    838.0   0.37167
    838.2   0.37177
    838.3   0.37133
    838.5   0.37135
    838.6   0.37167
    838.7   0.37219
    838.9   0.37255
    839.0   0.37152
    839.1   0.37053
    839.3   0.37108
    839.4   0.37201
    839.5   0.37196
    839.7   0.37189
    839.8   0.37234
    840.0   0.37199
    840.1   0.37150
    840.2   0.37212
    840.4   0.37185
    840.5   0.37158
    840.6   0.37160
    840.8   0.37125
    840.9   0.37095
    841.0   0.37107
    841.2   0.37078
    841.3   0.37090
    841.5   0.37075
    841.6   0.37032
    841.7   0.37053
    841.9   0.37041
    842.0   0.37064
    842.1   0.37120
    842.3   0.37094
    842.4   0.37057
    842.5   0.37044
    842.7   0.36952
    842.8   0.36990
    843.0   0.37039
    843.1   0.37062
    843.2   0.37103
    843.4   0.37065
    843.5   0.37099
    843.6   0.37160
    843.8   0.37085
    843.9   0.37039
    844.0   0.37035
    844.2   0.37066
    844.3   0.37137
    844.5   0.37141
    844.6   0.37031
    844.7   0.37002
    844.9   0.37016
    845.0   0.36973
    845.2   0.37031
    845.3   0.37015
    845.4   0.36960
    845.6   0.36958
    845.7   0.36944
    845.8   0.36880
    846.0   0.36834
    846.1   0.36884
    846.3   0.36944
    846.4   0.36967
    846.5   0.36991
    846.7   0.37029
    846.8   0.36993
    847.0   0.37045
    847.1   0.37049
    847.2   0.37075
    847.4   0.37081
    847.5   0.36973
    847.6   0.36875
    847.8   0.36883
    847.9   0.36955
    848.1   0.37000
    848.2   0.36989
    848.3   0.36879
    848.5   0.36857
    848.6   0.36913
    848.8   0.36958
    848.9   0.36968
    849.0   0.37058
    849.2   0.37058
    849.3   0.36949
    849.5   0.36918
    849.6   0.36925
    849.7   0.36964
    849.9   0.36976
    850.0   0.36870
    850.1   0.36840
    850.3   0.36868
    850.4   0.36890
    850.6   0.36872
    850.7   0.36862
    850.8   0.36893
    851.0   0.36897
    851.1   0.36884
    851.3   0.36888
    851.4   0.36944
    851.5   0.36935
    851.7   0.36890
    851.8   0.36903
    852.0   0.36875
    852.1   0.36876
    852.2   0.36889
    852.4   0.36861
    852.5   0.36838
    852.7   0.36813
    852.8   0.36882
    852.9   0.36878
    853.1   0.36803
    853.2   0.36801
    853.4   0.36825
    853.5   0.36797
    853.6   0.36799
    853.8   0.36903
    853.9   0.36834
    854.1   0.36781
    854.2   0.36848
    854.3   0.36883
    854.5   0.36817
    854.6   0.36769
    854.8   0.36810
    854.9   0.36852
    855.0   0.36790
    855.2   0.36702
    855.3   0.36739
    855.5   0.36832
    855.6   0.36870
    855.8   0.36867
    855.9   0.36877
    856.0   0.36832
    856.2   0.36776
    856.3   0.36775
    856.5   0.36782
    856.6   0.36716
    856.8   0.36711
    856.9   0.36693
    857.0   0.36692
    857.2   0.36694
    857.3   0.36774
    857.5   0.36842
    857.6   0.36752
    857.7   0.36710
    857.9   0.36689
    858.0   0.36680
    858.2   0.36675
    858.3   0.36738
    858.5   0.36782
    858.6   0.36734
    858.7   0.36757
    858.9   0.36787
    859.0   0.36759
    859.2   0.36809
    859.3   0.36789
    859.4   0.36742
    859.6   0.36767
    859.7   0.36769
    859.9   0.36736
    860.0   0.36675
    860.2   0.36634
    860.3   0.36641
    860.4   0.36693
    860.6   0.36705
    860.7   0.36634
    860.9   0.36615
    861.0   0.36691
    861.2   0.36680
    861.3   0.36650
    861.4   0.36685
    861.6   0.36663
    861.7   0.36616
    861.9   0.36652
    862.0   0.36690
    862.2   0.36668
    862.3   0.36674
    862.5   0.36693
    862.6   0.36660
    862.7   0.36639
    862.9   0.36659
    863.0   0.36671
    863.2   0.36647
    863.3   0.36632
    863.5   0.36626
    863.6   0.36573
    863.7   0.36568
    863.9   0.36625
    864.0   0.36621
    864.2   0.36640
    864.3   0.36702
    864.5   0.36698
    864.6   0.36612
    864.8   0.36537
    864.9   0.36563
    865.0   0.36632
    865.2   0.36594
    865.3   0.36560
    865.5   0.36618
    865.6   0.36627
    865.8   0.36558
    865.9   0.36500
    866.0   0.36489
    866.2   0.36545
    866.3   0.36572
    866.5   0.36563
    866.6   0.36591
    866.8   0.36573
    866.9   0.36465
    867.1   0.36446
    867.2   0.36448
    867.3   0.36481
    867.5   0.36504
    867.6   0.36502
    867.8   0.36493
    867.9   0.36461
    868.1   0.36470
    868.2   0.36518
    868.4   0.36541
    868.5   0.36522
    868.7   0.36525
    868.8   0.36508
    869.0   0.36503
    869.1   0.36544
    869.2   0.36528
    869.4   0.36525
    869.5   0.36470
    869.7   0.36431
    869.8   0.36445
    870.0   0.36455
    870.1   0.36480
    870.3   0.36416
    870.4   0.36429
    870.6   0.36499
    870.7   0.36527
    870.8   0.36486
    871.0   0.36420
    871.1   0.36364
    871.3   0.36364
    871.4   0.36414
    871.6   0.36463
    871.7   0.36481
    871.9   0.36460
    872.0   0.36417
    872.2   0.36391
    872.3   0.36364
    872.5   0.36360
    872.6   0.36346
    872.8   0.36407
    872.9   0.36460
    873.0   0.36425
    873.2   0.36382
    873.3   0.36369
    873.5   0.36355
    873.6   0.36307
    873.8   0.36289
    873.9   0.36315
    874.1   0.36359
    874.2   0.36371
    874.4   0.36368
    874.5   0.36400
    874.7   0.36382
    874.8   0.36304
    875.0   0.36288
    875.1   0.36312
    875.3   0.36331
    875.4   0.36325
    875.5   0.36314
    875.7   0.36348
    875.8   0.36376
    876.0   0.36380
    876.2   0.36397
    876.3   0.36372
    876.4   0.36343
    876.6   0.36298
    876.7   0.36280
    876.9   0.36299
    877.0   0.36302
    877.2   0.36322
    877.3   0.36318
    877.5   0.36295
    877.6   0.36278
    877.8   0.36314
    877.9   0.36318
    878.1   0.36305
    878.2   0.36300
    878.4   0.36291
    878.5   0.36288
    878.7   0.36311
    878.8   0.36323
    879.0   0.36312
    879.1   0.36286
    879.3   0.36269
    879.4   0.36230
    879.6   0.36198
    879.7   0.36163
    879.9   0.36177
    880.0   0.36201
    880.2   0.36232
    880.3   0.36252
    880.5   0.36236
    880.6   0.36209
    880.8   0.36229
    880.9   0.36267
    881.1   0.36232
    881.2   0.36185
    881.4   0.36198
    881.5   0.36189
    881.7   0.36178
    881.8   0.36197
    882.0   0.36207
    882.1   0.36161
    882.3   0.36136
    882.4   0.36215
    882.6   0.36223
    882.7   0.36152
    882.9   0.36177
    883.0   0.36220
    883.2   0.36172
    883.3   0.36136
    883.5   0.36142
    883.6   0.36092
    883.8   0.36100
    883.9   0.36139
    884.1   0.36160
    884.2   0.36189
    884.4   0.36159
    884.5   0.36136
    884.7   0.36143
    884.8   0.36128
    885.0   0.36097
    885.1   0.36093
    885.3   0.36109
    885.4   0.36117
    885.6   0.36129
    885.7   0.36130
    885.9   0.36099
    886.0   0.36096
    886.2   0.36106
    886.3   0.36122
    886.5   0.36126
    886.6   0.36085
    886.8   0.36063
    886.9   0.36086
    887.1   0.36086
    887.2   0.36124
    887.4   0.36141
    887.5   0.36076
    887.7   0.36042
    887.8   0.36073
    888.0   0.36086
    888.2   0.36078
    888.3   0.36055
    888.5   0.36063
    888.6   0.36079
    888.8   0.36090
    888.9   0.36089
    889.1   0.36072
    889.2   0.36058
    889.4   0.36010
    889.5   0.35966
    889.7   0.35990
    889.8   0.36026
    890.0   0.36025
    890.1   0.36005
    890.3   0.36010
    890.4   0.36017
    890.6   0.35992
    890.8   0.35970
    890.9   0.35964
    891.0   0.35993
    891.2   0.35991
    891.4   0.35926
    891.5   0.35928
    891.7   0.35972
    891.8   0.35988
    892.0   0.35980
    892.1   0.35948
    892.3   0.35900
    892.4   0.35890
    892.6   0.35900
    892.7   0.35925
    892.9   0.35945
    893.0   0.35955
    893.2   0.35927
    893.4   0.35922
    893.5   0.35976
    893.7   0.35992
    893.8   0.35957
    894.0   0.35933
    894.1   0.35907
    894.3   0.35906
    894.4   0.35893
    894.6   0.35878
    894.7   0.35913
    894.9   0.35931
    895.0   0.35928
    895.2   0.35941
    895.4   0.35943
    895.5   0.35924
    895.7   0.35878
    895.8   0.35841
    896.0   0.35834
    896.1   0.35851
    896.3   0.35883
    896.4   0.35924
    896.6   0.35943
    896.8   0.35919
    896.9   0.35894
    897.1   0.35892
    897.2   0.35892
    897.4   0.35887
    897.5   0.35891
    897.7   0.35878
    897.8   0.35863
    898.0   0.35869
    898.2   0.35860
    898.3   0.35828
    898.5   0.35852
    898.6   0.35892
    898.8   0.35922
    898.9   0.35945
    899.1   0.35870
    899.2   0.35786
    899.4   0.35811
    899.6   0.35820
    899.7   0.35810
    899.9   0.35822
    900.0   0.35832
    900.2   0.35835
    900.3   0.35823
    900.5   0.35814
    900.7   0.35830
    900.8   0.35842
    901.0   0.35791
    901.1   0.35743
    901.3   0.35749
    901.4   0.35746
    901.6   0.35765
    901.8   0.35793
    901.9   0.35776
    902.1   0.35749
    902.2   0.35773
    902.4   0.35763
    902.5   0.35730
    902.7   0.35734
    902.8   0.35730
    903.0   0.35775
    903.2   0.35786
    903.3   0.35781
    903.5   0.35775
    903.6   0.35748
    903.8   0.35738
    904.0   0.35724
    904.1   0.35734
    904.3   0.35712
    904.4   0.35717
    904.6   0.35739
    904.7   0.35745
    904.9   0.35726
    905.0   0.35700
    905.2   0.35679
    905.4   0.35686
    905.5   0.35682
    905.7   0.35682
    905.8   0.35700
    906.0   0.35725
    906.2   0.35756
    906.3   0.35733
    906.5   0.35729
    906.6   0.35730
    906.8   0.35737
    907.0   0.35740
    907.1   0.35710
    907.3   0.35667
    907.4   0.35655
    907.6   0.35674
    907.7   0.35706
    907.9   0.35712
    908.1   0.35696
    908.2   0.35667
    908.4   0.35641
    908.5   0.35644
    908.7   0.35639
    908.9   0.35641
    909.0   0.35672
    909.2   0.35703
    909.3   0.35703
    909.5   0.35716
    909.7   0.35716
    909.8   0.35681
    910.0   0.35667
    910.1   0.35657
    910.3   0.35650
    910.5   0.35637
    910.6   0.35617
    910.8   0.35605
    910.9   0.35610
    911.1   0.35606
    911.3   0.35609
    911.4   0.35614
    911.6   0.35605
    911.7   0.35606
    911.9   0.35590
    912.1   0.35597
    912.2   0.35631
    912.4   0.35658
    912.5   0.35631
    912.7   0.35601
    912.9   0.35611
    913.0   0.35621
    913.2   0.35597
    913.3   0.35602
    913.5   0.35626
    913.7   0.35641
    913.8   0.35631
    914.0   0.35604
    914.2   0.35599
    914.3   0.35591
    914.5   0.35624
    914.6   0.35637
    914.8   0.35616
    915.0   0.35602
    915.1   0.35536
    915.3   0.35521
    915.4   0.35530
    915.6   0.35565
    915.8   0.35578
    915.9   0.35570
    916.1   0.35558
    916.3   0.35573
    916.4   0.35572
    916.6   0.35551
    916.7   0.35550
    916.9   0.35588
    917.1   0.35595
    917.2   0.35559
    917.4   0.35542
    917.5   0.35531
    917.7   0.35513
    917.9   0.35539
    918.0   0.35573
    918.2   0.35561
    918.4   0.35545
    918.5   0.35570
    918.7   0.35569
    918.8   0.35556
    919.0   0.35543
    919.2   0.35539
    919.3   0.35562
    919.5   0.35537
    919.7   0.35517
    919.8   0.35510
    920.0   0.35517
    920.2   0.35528
    920.3   0.35520
    920.5   0.35546
    920.6   0.35551
    920.8   0.35534
    921.0   0.35514
    921.1   0.35483
    921.3   0.35487
    921.5   0.35504
    921.6   0.35499
    921.8   0.35511
    922.0   0.35530
    922.1   0.35529
    922.3   0.35493
    922.4   0.35489
    922.6   0.35506
    922.8   0.35499
    922.9   0.35500
    923.1   0.35525
    923.3   0.35534
    923.4   0.35519
    923.6   0.35512
    923.8   0.35506
    923.9   0.35530
    924.1   0.35526
    924.3   0.35515
    924.4   0.35505
    924.6   0.35471
    924.7   0.35444
    924.9   0.35449
    925.1   0.35460
    925.2   0.35452
    925.4   0.35474
    925.6   0.35473
    925.7   0.35448
    925.9   0.35447
    926.1   0.35483
    926.2   0.35484
    926.4   0.35436
    926.6   0.35457
    926.7   0.35515
    926.9   0.35506
    927.1   0.35454
    927.2   0.35434
    927.4   0.35424
    927.6   0.35433
    927.7   0.35451
    927.9   0.35457
    928.0   0.35465
    928.2   0.35430
    928.4   0.35407
    928.5   0.35429
    928.7   0.35429
    928.9   0.35417
    929.0   0.35429
    929.2   0.35441
    929.4   0.35431
    929.5   0.35423
    929.7   0.35424
    929.9   0.35398
    930.0   0.35397
    930.2   0.35425
    930.4   0.35409
    930.5   0.35392
    930.7   0.35404
    930.9   0.35394
    931.0   0.35391
    931.2   0.35393
    931.4   0.35381
    931.6   0.35364
    931.7   0.35383
    931.9   0.35389
    932.1   0.35370
    932.2   0.35352
    932.4   0.35361
    932.6   0.35379
    932.7   0.35379
    932.9   0.35370
    933.1   0.35399
    933.2   0.35409
    933.4   0.35397
    933.6   0.35371
    933.7   0.35372
    933.9   0.35367
    934.1   0.35365
    934.2   0.35373
    934.4   0.35385
    934.6   0.35394
    934.8   0.35374
    934.9   0.35368
    935.1   0.35379
    935.3   0.35371
    935.4   0.35359
    935.6   0.35361
    935.8   0.35362
    935.9   0.35367
    936.1   0.35372
    936.3   0.35380
    936.4   0.35367
    936.6   0.35345
    936.8   0.35338
    936.9   0.35342
    937.1   0.35362
    937.3   0.35389
    937.5   0.35398
    937.6   0.35390
    937.8   0.35363
    938.0   0.35361
    938.1   0.35355
    938.3   0.35362
    938.5   0.35340
    938.6   0.35322
    938.8   0.35347
    939.0   0.35357
    939.2   0.35354
    939.3   0.35349
    939.5   0.35326
    939.7   0.35323
    939.8   0.35319
    940.0   0.35309
    940.2   0.35307
    940.3   0.35317
    940.5   0.35327
    940.7   0.35329
    940.8   0.35336
    941.0   0.35354
    941.2   0.35351
    941.4   0.35335
    941.5   0.35334
    941.7   0.35333
    941.9   0.35323
    942.0   0.35300
    942.2   0.35288
    942.4   0.35305
    942.6   0.35315
    942.7   0.35329
    942.9   0.35328
    943.1   0.35311
    943.3   0.35302
    943.4   0.35311
    943.6   0.35318
    943.8   0.35317
    943.9   0.35302
    944.1   0.35304
    944.3   0.35303
    944.5   0.35303
    944.6   0.35339
    944.8   0.35359
    945.0   0.35336
    945.1   0.35311
    945.3   0.35344
    945.5   0.35355
    945.7   0.35341
    945.8   0.35319
    946.0   0.35317
    946.2   0.35334
    946.3   0.35327
    946.5   0.35326
    946.7   0.35343
    946.9   0.35325
    947.0   0.35302
    947.2   0.35296
    947.4   0.35288
    947.6   0.35288
    947.7   0.35301
    947.9   0.35286
    948.1   0.35282
    948.3   0.35307
    948.4   0.35315
    948.6   0.35308
    948.8   0.35304
    949.0   0.35302
    949.1   0.35320
    949.3   0.35325
    949.5   0.35300
    949.6   0.35268
    949.8   0.35237
    950.0   0.35252
    950.2   0.35298
    950.3   0.35296
    950.5   0.35289
    950.7   0.35308
    950.9   0.35327
    951.0   0.35335
    951.2   0.35323
    951.4   0.35297
    951.6   0.35290
    951.7   0.35292
    951.9   0.35295
    952.1   0.35285
    952.3   0.35269
    952.4   0.35262
    952.6   0.35274
    952.8   0.35291
    953.0   0.35287
    953.1   0.35275
    953.3   0.35260
    953.5   0.35264
    953.7   0.35290
    953.8   0.35278
    954.0   0.35277
    954.2   0.35293
    954.4   0.35299
    954.5   0.35291
    954.7   0.35276
    954.9   0.35272
    955.1   0.35261
    955.2   0.35267
    955.4   0.35272
    955.6   0.35274
    955.8   0.35283
    956.0   0.35281
    956.1   0.35290
    956.3   0.35264
    956.5   0.35239
    956.7   0.35256
    956.8   0.35253
    957.0   0.35256
    957.2   0.35257
    957.4   0.35254
    957.5   0.35273
    957.7   0.35271
    957.9   0.35272
    958.1   0.35265
    958.2   0.35272
    958.4   0.35281
    958.6   0.35276
    958.8   0.35268
    959.0   0.35263
    959.1   0.35266
    959.3   0.35262
    959.5   0.35258
    959.7   0.35266
    959.8   0.35268
    960.0   0.35254
    960.2   0.35254
    960.4   0.35261
    960.5   0.35247
    960.7   0.35233
    960.9   0.35229
    961.1   0.35240
    961.3   0.35260
    961.4   0.35255
    961.6   0.35251
    961.8   0.35264
    962.0   0.35274
    962.2   0.35274
    962.3   0.35251
    962.5   0.35232
    962.7   0.35252
    962.9   0.35254
    963.0   0.35255
    963.2   0.35256
    963.4   0.35246
    963.6   0.35246
    963.8   0.35255
    963.9   0.35248
    964.1   0.35240
    964.3   0.35238
    964.5   0.35222
    964.7   0.35241
    964.8   0.35254
    965.0   0.35267
    965.2   0.35271
    965.4   0.35253
    965.6   0.35244
    965.7   0.35249
    965.9   0.35230
    966.1   0.35235
    966.3   0.35255
    966.5   0.35256
    966.6   0.35239
    966.8   0.35257
    967.0   0.35256
    967.2   0.35246
    967.4   0.35246
    967.5   0.35247
    967.7   0.35248
    967.9   0.35251
    968.1   0.35243
    968.3   0.35235
    968.4   0.35231
    968.6   0.35242
    968.8   0.35248
    969.0   0.35241
    969.2   0.35241
    969.3   0.35246
    969.5   0.35251
    969.7   0.35262
    969.9   0.35261
    970.1   0.35250
    970.3   0.35255
    970.4   0.35248
    970.6   0.35248
    970.8   0.35253
    971.0   0.35268
    971.2   0.35260
    971.3   0.35248
    971.5   0.35234
    971.7   0.35238
    971.9   0.35261
    972.1   0.35251
    972.3   0.35243
    972.4   0.35254
    972.6   0.35254
    972.8   0.35243
    973.0   0.35231
    973.2   0.35235
    973.3   0.35248
    973.5   0.35246
    973.7   0.35242
    973.9   0.35249
    974.1   0.35240
    974.3   0.35249
    974.5   0.35248
    974.6   0.35232
    974.8   0.35231
    975.0   0.35232
    975.2   0.35221
    975.4   0.35230
    975.5   0.35243
    975.7   0.35250
    975.9   0.35237
    976.1   0.35245
    976.3   0.35248
    976.5   0.35258
    976.7   0.35249
    976.8   0.35239
    977.0   0.35244
    977.2   0.35256
    977.4   0.35258
    977.6   0.35252
    977.8   0.35239
    977.9   0.35229
    978.1   0.35234
    978.3   0.35221
    978.5   0.35212
    978.7   0.35241
    978.9   0.35256
    979.0   0.35249
    979.2   0.35233
    979.4   0.35237
    979.6   0.35252
    979.8   0.35252
    980.0   0.35248
    980.2   0.35250
    980.3   0.35244
    980.5   0.35257
    980.7   0.35257
    980.9   0.35253
    981.1   0.35241
    981.3   0.35236
    981.5   0.35248
    981.7   0.35251
    981.8   0.35226
    982.0   0.35227
    982.2   0.35243
    982.4   0.35245
    982.6   0.35249
    982.8   0.35243
    983.0   0.35240
    983.1   0.35257
    983.3   0.35265
    983.5   0.35252
    983.7   0.35241
    983.9   0.35241
    984.1   0.35235
    984.3   0.35224
    984.4   0.35237
    984.6   0.35240
    984.8   0.35238
    985.0   0.35241
    985.2   0.35256
    985.4   0.35259
    985.6   0.35255
    985.8   0.35242
    985.9   0.35235
    986.1   0.35231
    986.3   0.35234
    986.5   0.35234
    986.7   0.35234
    986.9   0.35240
    987.1   0.35236
    987.3   0.35214
    987.4   0.35204
    987.6   0.35217
    987.8   0.35245
    988.0   0.35256
    988.2   0.35253
    988.4   0.35238
    988.6   0.35234
    988.8   0.35232
    989.0   0.35229
    989.1   0.35233
    989.3   0.35238
    989.5   0.35244
    989.7   0.35242
    989.9   0.35255
    990.1   0.35243
    990.3   0.35224
    990.5   0.35226
    990.7   0.35244
    990.8   0.35265
    991.0   0.35262
    991.2   0.35232
    991.4   0.35225
    991.6   0.35233
    991.8   0.35235
    992.0   0.35256
    992.2   0.35261
    992.4   0.35249
    992.5   0.35239
    992.7   0.35229
    992.9   0.35241
    993.1   0.35254
    993.3   0.35251
    993.5   0.35243
    993.7   0.35244
    993.9   0.35244
    994.1   0.35244
    994.3   0.35250
    994.5   0.35248
    994.6   0.35235
    994.8   0.35227
    995.0   0.35236
    995.2   0.35243
    995.4   0.35227
    995.6   0.35217
    995.8   0.35234
    996.0   0.35240
    996.2   0.35224
    996.4   0.35220
    996.5   0.35228
    996.7   0.35233
    996.9   0.35234
    997.1   0.35262
    997.3   0.35270
    997.5   0.35251
    997.7   0.35235
    997.9   0.35232
    998.1   0.35240
    998.3   0.35254
    998.5   0.35256
    998.7   0.35247
    998.9   0.35250
    999.0   0.35238
    999.2   0.35228
    999.4   0.35238
    999.6   0.35255
    999.8   0.35263
   1000.0   0.35252
   1000.2   0.35245
   1000.4   0.35236
   1000.6   0.35229
   1000.8   0.35223
   1001.0   0.35226
   1001.2   0.35240
   1001.4   0.35247
   1001.6   0.35256
   1001.8   0.35253
   1001.9   0.35236
   1002.1   0.35222
   1002.3   0.35235
   1002.5   0.35239
   1002.7   0.35230
   1002.9   0.35233
   1003.1   0.35248
   1003.3   0.35266
   1003.5   0.35279
   1003.7   0.35263
   1003.9   0.35243
   1004.1   0.35243
   1004.3   0.35254
   1004.5   0.35252
   1004.7   0.35252
   1004.9   0.35253
   1005.0   0.35255
   1005.3   0.35245
   1005.4   0.35237
   1005.6   0.35242
   1005.8   0.35231
   1006.0   0.35227
   1006.2   0.35230
   1006.4   0.35234
   1006.6   0.35244
   1006.8   0.35244
   1007.0   0.35242
   1007.2   0.35234
   1007.4   0.35232
   1007.6   0.35236
   1007.8   0.35245
   1008.0   0.35244
   1008.2   0.35236
   1008.4   0.35235
   1008.6   0.35222
   1008.8   0.35218
   1009.0   0.35231
   1009.2   0.35225
   1009.4   0.35220
   1009.5   0.35218
   1009.8   0.35220
   1010.0   0.35230
   1010.1   0.35238
   1010.3   0.35243
   1010.5   0.35240
   1010.7   0.35232
   1010.9   0.35224
   1011.1   0.35230
   1011.3   0.35239
   1011.5   0.35232
   1011.7   0.35235
   1011.9   0.35233
   1012.1   0.35241
   1012.3   0.35246
   1012.5   0.35234
   1012.7   0.35228
   1012.9   0.35230
   1013.1   0.35230
   1013.3   0.35237
   1013.5   0.35231
   1013.7   0.35218
   1013.9   0.35219
   1014.1   0.35233
   1014.3   0.35239
   1014.5   0.35243
   1014.7   0.35239
   1014.9   0.35231
   1015.1   0.35225
   1015.3   0.35237
   1015.5   0.35234
   1015.7   0.35224
   1015.9   0.35214
   1016.1   0.35221
   1016.3   0.35229
   1016.5   0.35222
   1016.7   0.35225
   1016.9   0.35230
   1017.1   0.35230
   1017.3   0.35237
   1017.5   0.35236
   1017.7   0.35225
   1017.9   0.35220
   1018.1   0.35229
   1018.3   0.35238
   1018.5   0.35243
   1018.7   0.35232
   1018.9   0.35224
   1019.1   0.35227
   1019.3   0.35231
   1019.5   0.35229
   1019.7   0.35218
   1019.9   0.35204
   1020.1   0.35211
   1020.3   0.35220
   1020.5   0.35218
   1020.7   0.35220
   1020.9   0.35223
   1021.1   0.35226
   1021.3   0.35223
   1021.5   0.35216
   1021.7   0.35221
   1021.9   0.35233
   1022.1   0.35226
   1022.3   0.35212
   1022.5   0.35209
   1022.7   0.35220
   1022.9   0.35234
   1023.1   0.35220
   1023.3   0.35207
   1023.5   0.35211
   1023.7   0.35202
   1023.9   0.35197
   1024.1   0.35196
   1024.3   0.35189
   1024.5   0.35187
   1024.7   0.35205
   1024.9   0.35226
   1025.1   0.35229
   1025.3   0.35218
   1025.5   0.35201
   1025.7   0.35206
   1025.9   0.35205
   1026.1   0.35200
   1026.3   0.35201
   1026.5   0.35206
   1026.8   0.35204
   1026.9   0.35198
   1027.2   0.35199
   1027.4   0.35204
   1027.6   0.35195
   1027.8   0.35182
   1028.0   0.35192
   1028.2   0.35206
   1028.4   0.35204
   1028.6   0.35193
   1028.8   0.35185
   1029.0   0.35184
   1029.2   0.35185
   1029.4   0.35190
   1029.6   0.35193
   1029.8   0.35181
   1030.0   0.35182
   1030.2   0.35198
   1030.4   0.35211
   1030.6   0.35201
   1030.8   0.35187
   1031.0   0.35182
   1031.2   0.35185
   1031.4   0.35182
   1031.7   0.35171
   1031.8   0.35176
   1032.1   0.35181
   1032.3   0.35186
   1032.5   0.35171
   1032.7   0.35153
   1032.9   0.35159
   1033.1   0.35174
   1033.3   0.35188
   1033.5   0.35187
   1033.7   0.35176
   1033.9   0.35175
   1034.1   0.35173
   1034.3   0.35172
   1034.5   0.35173
   1034.7   0.35178
   1034.9   0.35184
   1035.2   0.35186
   1035.4   0.35178
   1035.6   0.35174
   1035.8   0.35172
   1036.0   0.35164
   1036.2   0.35160
   1036.4   0.35160
   1036.6   0.35159
   1036.8   0.35162
   1037.0   0.35154
   1037.2   0.35150
   1037.4   0.35165
   1037.6   0.35168
   1037.8   0.35162
   1038.1   0.35158
   1038.3   0.35152
   1038.5   0.35148
   1038.7   0.35142
   1038.9   0.35133
   1039.1   0.35139
   1039.3   0.35153
   1039.5   0.35156
   1039.7   0.35154
   1039.9   0.35158
   1040.1   0.35159
   1040.3   0.35154
   1040.6   0.35143
   1040.8   0.35135
   1041.0   0.35136
   1041.2   0.35129
   1041.4   0.35112
   1041.6   0.35106
   1041.8   0.35109
   1042.0   0.35117
   1042.2   0.35125
   1042.4   0.35126
   1042.6   0.35129
   1042.8   0.35139
   1043.1   0.35145
   1043.3   0.35144
   1043.5   0.35142
   1043.7   0.35138
   1043.9   0.35133
   1044.1   0.35126
   1044.3   0.35122
   1044.5   0.35120
   1044.8   0.35115
   1045.0   0.35109
   1045.2   0.35109
   1045.4   0.35103
   1045.6   0.35112
   1045.8   0.35125
   1046.0   0.35139
   1046.2   0.35146
   1046.4   0.35136
   1046.6   0.35118
   1046.9   0.35110
   1047.1   0.35100
   1047.3   0.35097
   1047.5   0.35097
   1047.7   0.35098
   1047.9   0.35097
   1048.1   0.35106
   1048.3   0.35111
   1048.6   0.35109
   1048.8   0.35105
   1049.0   0.35099
   1049.2   0.35101
   1049.4   0.35101
   1049.6   0.35093
   1049.8   0.35094
   1050.0   0.35111
   1050.3   0.35119
   1050.5   0.35106
   1050.7   0.35091
   1050.9   0.35074
   1051.1   0.35067
   1051.3   0.35066
   1051.5   0.35076
   1051.7   0.35084
   1051.9   0.35086
   1052.2   0.35080
   1052.4   0.35070
   1052.6   0.35076
   1052.8   0.35080
   1053.0   0.35067
   1053.2   0.35064
   1053.4   0.35064
   1053.7   0.35068
   1053.9   0.35073
   1054.1   0.35077
   1054.3   0.35078
   1054.5   0.35072
   1054.7   0.35061
   1054.9   0.35059
   1055.2   0.35057
   1055.4   0.35049
   1055.6   0.35052
   1055.8   0.35053
   1056.0   0.35055
   1056.2   0.35060
   1056.4   0.35066
   1056.7   0.35063
   1056.9   0.35068
   1057.1   0.35073
   1057.3   0.35073
   1057.5   0.35066
   1057.8   0.35068
   1058.0   0.35057
   1058.2   0.35046
   1058.4   0.35043
   1058.6   0.35040
   1058.8   0.35038
   1059.0   0.35038
   1059.3   0.35039
   1059.5   0.35038
   1059.7   0.35040
   1059.9   0.35034
   1060.1   0.35021
   1060.3   0.35025
   1060.6   0.35034
   1060.8   0.35039
   1061.0   0.35036
   1061.2   0.35030
   1061.4   0.35028
   1061.7   0.35027
   1061.9   0.35026
   1062.1   0.35025
   1062.3   0.35015
   1062.5   0.35002
   1062.7   0.34997
   1062.9   0.34994
   1063.2   0.35008
   1063.4   0.35020
   1063.6   0.35019
   1063.8   0.35011
   1064.0   0.34994
   1064.3   0.34995
   1064.5   0.35002
   1064.7   0.35010
   1064.9   0.35003
   1065.1   0.34992
   1065.3   0.34998
   1065.6   0.35003
   1065.8   0.34995
   1066.0   0.34991
   1066.2   0.34992
   1066.4   0.34990
   1066.7   0.34980
   1066.9   0.34978
   1067.1   0.34985
   1067.3   0.34991
   1067.6   0.34989
   1067.8   0.34975
   1068.0   0.34973
   1068.2   0.34972
   1068.4   0.34973
   1068.7   0.34979
   1068.9   0.34980
   1069.1   0.34974
   1069.3   0.34970
   1069.5   0.34964
   1069.8   0.34962
   1070.0   0.34964
   1070.2   0.34960
   1070.4   0.34960
   1070.6   0.34963
   1070.8   0.34955
   1071.1   0.34946
   1071.3   0.34943
   1071.5   0.34943
   1071.7   0.34941
   1072.0   0.34947
   1072.2   0.34954
   1072.4   0.34950
   1072.6   0.34949
   1072.8   0.34949
   1073.1   0.34951
   1073.3   0.34950
   1073.5   0.34942
   1073.7   0.34941
   1074.0   0.34941
   1074.2   0.34941
   1074.4   0.34934
   1074.6   0.34938
   1074.8   0.34947
   1075.1   0.34940
   1075.3   0.34926
   1075.5   0.34916
   1075.7   0.34921
   1076.0   0.34921
   1076.2   0.34922
   1076.4   0.34920
   1076.6   0.34913
   1076.9   0.34912
   1077.1   0.34908
   1077.3   0.34903
   1077.5   0.34902
   1077.8   0.34906
   1078.0   0.34905
   1078.2   0.34900
   1078.4   0.34900
   1078.7   0.34897
   1078.9   0.34889
   1079.1   0.34884
   1079.3   0.34888
   1079.6   0.34890
   1079.8   0.34887
   1080.0   0.34887
   1080.2   0.34893
   1080.4   0.34892
   1080.7   0.34877
   1080.9   0.34874
   1081.1   0.34879
   1081.3   0.34876
   1081.6   0.34875
   1081.8   0.34880
   1082.0   0.34884
   1082.3   0.34872
   1082.5   0.34864
   1082.7   0.34866
   1082.9   0.34860
   1083.2   0.34853
   1083.4   0.34866
   1083.6   0.34868
   1083.8   0.34868
   1084.1   0.34868
   1084.3   0.34869
   1084.5   0.34861
   1084.8   0.34855
   1085.0   0.34858
   1085.2   0.34863
   1085.4   0.34854
   1085.7   0.34831
   1085.9   0.34835
   1086.1   0.34844
   1086.3   0.34836
   1086.6   0.34827
   1086.8   0.34830
   1087.0   0.34828
   1087.3   0.34836
   1087.5   0.34844
   1087.7   0.34835
   1087.9   0.34823
   1088.2   0.34820
   1088.4   0.34821
   1088.6   0.34823
   1088.8   0.34823
   1089.1   0.34821
   1089.3   0.34822
   1089.5   0.34820
   1089.8   0.34808
   1090.0   0.34809
   1090.2   0.34821
   1090.4   0.34815
   1090.7   0.34806
   1090.9   0.34796
   1091.1   0.34798
   1091.4   0.34806
   1091.6   0.34804
   1091.8   0.34803
   1092.1   0.34800
   1092.3   0.34797
   1092.5   0.34793
   1092.8   0.34785
   1093.0   0.34788
   1093.2   0.34781
   1093.4   0.34774
   1093.7   0.34785
   1093.9   0.34782
   1094.1   0.34773
   1094.4   0.34778
   1094.6   0.34777
   1094.8   0.34768
   1095.1   0.34774
   1095.3   0.34774
   1095.5   0.34776
   1095.8   0.34778
   1096.0   0.34769
   1096.2   0.34767
   1096.4   0.34766
   1096.7   0.34757
   1096.9   0.34765
   1097.1   0.34764
   1097.4   0.34754
   1097.6   0.34746
   1097.8   0.34750
   1098.1   0.34756
   1098.3   0.34757
   1098.5   0.34751
   1098.8   0.34746
   1099.0   0.34749
   1099.2   0.34751
   1099.5   0.34743
   1099.7   0.34743
   1099.9   0.34741
   1100.2   0.34733
   1100.4   0.34733
   1100.6   0.34735
   1100.9   0.34733
   1101.1   0.34728
   1101.3   0.34726
   1101.6   0.34721
   1101.8   0.34717
   1102.0   0.34711
   1102.3   0.34708
   1102.5   0.34703
   1102.7   0.34700
   1103.0   0.34712
   1103.2   0.34714
   1103.4   0.34708
   1103.7   0.34705
   1103.9   0.34702
   1104.2   0.34705
   1104.4   0.34707
   1104.6   0.34706
   1104.9   0.34703
   1105.1   0.34695
   1105.3   0.34696
   1105.6   0.34694
   1105.8   0.34686
   1106.0   0.34683
   1106.3   0.34676
   1106.5   0.34671
   1106.7   0.34677
   1107.0   0.34680
   1107.2   0.34662
   1107.4   0.34662
   1107.7   0.34671
   1107.9   0.34668
   1108.2   0.34670
   1108.4   0.34673
   1108.6   0.34670
   1108.9   0.34671
   1109.1   0.34670
   1109.3   0.34660
   1109.6   0.34663
   1109.8   0.34667
   1110.1   0.34662
   1110.3   0.34652
   1110.5   0.34651
   1110.8   0.34649
   1111.0   0.34650
   1111.3   0.34644
   1111.5   0.34634
   1111.7   0.34634
   1112.0   0.34635
   1112.2   0.34632
   1112.4   0.34633
   1112.7   0.34630
   1112.9   0.34628
   1113.2   0.34635
   1113.4   0.34637
   1113.6   0.34622
   1113.9   0.34622
   1114.1   0.34628
   1114.3   0.34624
   1114.6   0.34617
   1114.8   0.34608
   1115.1   0.34607
   1115.3   0.34615
   1115.6   0.34616
   1115.8   0.34616
   1116.0   0.34614
   1116.3   0.34609
   1116.5   0.34611
   1116.8   0.34614
   1117.0   0.34610
   1117.2   0.34603
   1117.5   0.34598
   1117.7   0.34589
   1118.0   0.34585
   1118.2   0.34591
   1118.4   0.34589
   1118.7   0.34584
   1118.9   0.34595
   1119.2   0.34601
   1119.4   0.34578
   1119.7   0.34564
   1119.9   0.34571
   1120.1   0.34575
   1120.4   0.34582
   1120.6   0.34577
   1120.9   0.34564
   1121.1   0.34565
   1121.3   0.34569
   1121.6   0.34566
   1121.8   0.34564
   1122.1   0.34570
   1122.3   0.34565
   1122.6   0.34557
   1122.8   0.34558
   1123.0   0.34562
   1123.3   0.34569
   1123.5   0.34565
   1123.8   0.34558
   1124.0   0.34548
   1124.3   0.34548
   1124.5   0.34543
   1124.8   0.34537
   1125.0   0.34542
   1125.2   0.34544
   1125.5   0.34545
   1125.7   0.34541
   1126.0   0.34536
   1126.2   0.34539
   1126.5   0.34537
   1126.7   0.34529
   1126.9   0.34526
   1127.2   0.34531
   1127.4   0.34529
   1127.7   0.34525
   1127.9   0.34524
   1128.2   0.34519
   1128.4   0.34514
   1128.7   0.34517
   1128.9   0.34513
   1129.2   0.34504
   1129.4   0.34503
   1129.7   0.34505
   1129.9   0.34507
   1130.1   0.34510
   1130.4   0.34510
   1130.6   0.34496
   1130.9   0.34489
   1131.1   0.34497
   1131.4   0.34502
   1131.6   0.34504
   1131.9   0.34501
   1132.1   0.34497
   1132.4   0.34492
   1132.6   0.34484
   1132.9   0.34485
   1133.1   0.34485
   1133.3   0.34480
   1133.6   0.34477
   1133.8   0.34484
   1134.1   0.34473
   1134.3   0.34462
   1134.6   0.34469
   1134.8   0.34465
   1135.1   0.34455
   1135.3   0.34454
   1135.6   0.34456
   1135.8   0.34455
   1136.1   0.34459
   1136.3   0.34462
   1136.6   0.34460
   1136.8   0.34459
   1137.1   0.34464
   1137.3   0.34460
   1137.6   0.34450
   1137.8   0.34442
   1138.1   0.34443
   1138.3   0.34446
   1138.6   0.34442
   1138.8   0.34443
   1139.1   0.34443
   1139.3   0.34433
   1139.6   0.34433
   1139.8   0.34436
   1140.1   0.34433
   1140.3   0.34434
   1140.6   0.34433
   1140.8   0.34430
   1141.1   0.34432
   1141.3   0.34427
   1141.6   0.34418
   1141.8   0.34416
   1142.1   0.34412
   1142.3   0.34412
   1142.6   0.34411
   1142.8   0.34407
   1143.1   0.34408
   1143.3   0.34412
   1143.6   0.34411
   1143.9   0.34407
   1144.1   0.34402
   1144.4   0.34399
   1144.6   0.34401
   1144.9   0.34395
   1145.1   0.34388
   1145.4   0.34391
   1145.6   0.34394
   1145.9   0.34395
   1146.1   0.34396
   1146.4   0.34390
   1146.6   0.34385
   1146.9   0.34384
   1147.2   0.34386
   1147.4   0.34389
   1147.7   0.34385
   1147.9   0.34379
   1148.2   0.34380
   1148.4   0.34378
   1148.7   0.34373
   1148.9   0.34372
   1149.2   0.34377
   1149.4   0.34379
   1149.7   0.34371
   1149.9   0.34368
   1150.2   0.34369
   1150.4   0.34362
   1150.7   0.34359
   1151.0   0.34361
   1151.2   0.34351
   1151.5   0.34349
   1151.7   0.34363
   1152.0   0.34363
   1152.2   0.34350
   1152.5   0.34340
   1152.8   0.34346
   1153.0   0.34351
   1153.3   0.34350
   1153.5   0.34341
   1153.8   0.34336
   1154.0   0.34339
   1154.3   0.34344
   1154.6   0.34345
   1154.8   0.34337
   1155.1   0.34336
   1155.3   0.34336
   1155.6   0.34332
   1155.8   0.34327
   1156.1   0.34325
   1156.4   0.34331
   1156.6   0.34332
   1156.9   0.34320
   1157.1   0.34315
   1157.4   0.34315
   1157.7   0.34318
   1157.9   0.34315
   1158.2   0.34323
   1158.4   0.34325
   1158.7   0.34318
   1158.9   0.34308
   1159.2   0.34305
   1159.5   0.34313
   1159.7   0.34313
   1160.0   0.34296
   1160.2   0.34294
   1160.5   0.34295
   1160.8   0.34289
   1161.0   0.34297
   1161.3   0.34301
   1161.5   0.34294
   1161.8   0.34290
   1162.1   0.34290
   1162.3   0.34290
   1162.6   0.34289
   1162.8   0.34288
   1163.1   0.34286
   1163.4   0.34288
   1163.6   0.34288
   1163.9   0.34287
   1164.2   0.34290
   1164.4   0.34289
   1164.7   0.34281
   1164.9   0.34278
   1165.2   0.34284
   1165.4   0.34279
   1165.7   0.34274
   1166.0   0.34268
   1166.2   0.34263
   1166.5   0.34271
   1166.8   0.34275
   1167.0   0.34273
   1167.3   0.34268
   1167.6   0.34257
   1167.8   0.34253
   1168.1   0.34257
   1168.3   0.34257
   1168.6   0.34258
   1168.9   0.34257
   1169.1   0.34255
   1169.4   0.34250
   1169.7   0.34248
   1169.9   0.34248
   1170.2   0.34250
   1170.4   0.34254
   1170.7   0.34257
   1171.0   0.34249
   1171.3   0.34244
   1171.5   0.34245
   1171.8   0.34237
   1172.0   0.34233
   1172.3   0.34240
   1172.6   0.34241
   1172.8   0.34236
   1173.1   0.34237
   1173.4   0.34234
   1173.6   0.34221
   1173.9   0.34223
   1174.2   0.34228
   1174.4   0.34229
   1174.7   0.34226
   1175.0   0.34228
   1175.2   0.34230
   1175.5   0.34227
   1175.8   0.34221
   1176.0   0.34220
   1176.3   0.34225
   1176.6   0.34222
   1176.8   0.34212
   1177.1   0.34207
   1177.4   0.34214
   1177.6   0.34212
   1177.9   0.34211
   1178.2   0.34212
   1178.4   0.34214
   1178.7   0.34215
   1179.0   0.34205
   1179.2   0.34203
   1179.5   0.34209
   1179.8   0.34206
   1180.0   0.34203
   1180.3   0.34204
   1180.6   0.34203
   1180.8   0.34201
   1181.1   0.34200
   1181.4   0.34197
   1181.7   0.34194
   1181.9   0.34193
   1182.2   0.34192
   1182.5   0.34193
   1182.7   0.34188
   1183.0   0.34190
   1183.3   0.34198
   1183.5   0.34194
   1183.8   0.34177
   1184.1   0.34174
   1184.4   0.34186
   1184.6   0.34188
   1184.9   0.34183
   1185.2   0.34185
   1185.4   0.34183
   1185.7   0.34180
   1186.0   0.34175
   1186.3   0.34172
   1186.5   0.34173
   1186.8   0.34169
   1187.1   0.34168
   1187.3   0.34166
   1187.6   0.34166
   1187.9   0.34171
   1188.2   0.34171
   1188.4   0.34170
   1188.7   0.34167
   1189.0   0.34166
   1189.3   0.34169
   1189.5   0.34167
   1189.8   0.34163
   1190.1   0.34157
   1190.3   0.34159
   1190.6   0.34160
   1190.9   0.34155
   1191.2   0.34155
   1191.4   0.34157
   1191.7   0.34159
   1192.0   0.34157
   1192.3   0.34151
   1192.5   0.34149
   1192.8   0.34151
   1193.1   0.34150
   1193.3   0.34152
   1193.6   0.34152
   1193.9   0.34159
   1194.2   0.34153
   1194.4   0.34144
   1194.7   0.34145
   1195.0   0.34144
   1195.3   0.34143
   1195.6   0.34137
   1195.8   0.34137
   1196.1   0.34142
   1196.4   0.34134
   1196.7   0.34132
   1196.9   0.34139
   1197.2   0.34137
   1197.5   0.34137
   1197.8   0.34145
   1198.0   0.34141
   1198.3   0.34135
   1198.6   0.34130
   1198.9   0.34128
   1199.2   0.34126
   1199.4   0.34127
   1199.7   0.34126
   1200.0   0.34121
   1200.3   0.34120
   1200.5   0.34121
   1200.8   0.34120
   1201.1   0.34121
   1201.4   0.34121
   1201.7   0.34122
   1201.9   0.34125
   1202.2   0.34122
   1202.5   0.34115
   1202.8   0.34115
   1203.0   0.34113
   1203.3   0.34111
   1203.6   0.34117
   1203.9   0.34115
   1204.2   0.34113
   1204.4   0.34108
   1204.7   0.34107
   1205.0   0.34111
   1205.3   0.34113
   1205.6   0.34111
   1205.8   0.34115
   1206.1   0.34115
   1206.4   0.34109
   1206.7   0.34109
   1207.0   0.34111
   1207.2   0.34109
   1207.5   0.34107
   1207.8   0.34105
   1208.1   0.34108
   1208.4   0.34109
   1208.7   0.34107
   1208.9   0.34107
   1209.2   0.34110
   1209.5   0.34105
   1209.8   0.34096
   1210.1   0.34097
   1210.3   0.34100
   1210.6   0.34104
   1210.9   0.34107
   1211.2   0.34106
   1211.5   0.34104
   1211.8   0.34101
   1212.0   0.34101
   1212.3   0.34099
   1212.6   0.34095
   1212.9   0.34092
   1213.2   0.34093
   1213.5   0.34095
   1213.7   0.34093
   1214.0   0.34091
   1214.3   0.34091
   1214.6   0.34092
   1214.9   0.34097
   1215.2   0.34098
   1215.4   0.34096
   1215.7   0.34089
   1216.0   0.34088
   1216.3   0.34090
   1216.6   0.34093
   1216.9   0.34095
   1217.2   0.34097
   1217.4   0.34091
   1217.7   0.34082
   1218.0   0.34085
   1218.3   0.34088
   1218.6   0.34093
   1218.9   0.34095
   1219.2   0.34091
   1219.4   0.34089
   1219.7   0.34090
   1220.0   0.34091
   1220.3   0.34084
   1220.6   0.34079
   1220.9   0.34081
   1221.2   0.34084
   1221.5   0.34088
   1221.8   0.34083
   1222.0   0.34082
   1222.3   0.34085
   1222.6   0.34084
   1222.9   0.34085
   1223.2   0.34084
   1223.5   0.34078
   1223.8   0.34078
   1224.1   0.34083
   1224.3   0.34086
   1224.6   0.34083
   1224.9   0.34082
   1225.2   0.34078
   1225.5   0.34078
   1225.8   0.34079
   1226.1   0.34078
   1226.4   0.34079
   1226.7   0.34080
   1227.0   0.34077
   1227.3   0.34078
   1227.5   0.34077
   1227.8   0.34078
   1228.1   0.34082
   1228.4   0.34078
   1228.7   0.34071
   1229.0   0.34070
   1229.3   0.34072
   1229.6   0.34072
   1229.9   0.34070
   1230.2   0.34071
   1230.4   0.34074
   1230.7   0.34081
   1231.0   0.34082
   1231.3   0.34081
   1231.6   0.34079
   1231.9   0.34078
   1232.2   0.34073
   1232.5   0.34072
   1232.8   0.34077
   1233.1   0.34079
   1233.4   0.34077
   1233.7   0.34077
   1234.0   0.34078
   1234.3   0.34076
   1234.6   0.34076
   1234.8   0.34072
   1235.1   0.34069
   1235.4   0.34074
   1235.7   0.34072
   1236.0   0.34074
   1236.3   0.34078
   1236.6   0.34084
   1236.9   0.34084
   1237.2   0.34075
   1237.5   0.34069
   1237.8   0.34071
   1238.1   0.34075
   1238.4   0.34077
   1238.7   0.34077
   1239.0   0.34075
   1239.3   0.34067
   1239.6   0.34068
   1239.9   0.34072
   1240.2   0.34070
   1240.5   0.34070
   1240.8   0.34071
   1241.1   0.34073
   1241.3   0.34078
   1241.7   0.34076
   1241.9   0.34074
   1242.2   0.34076
   1242.5   0.34077
   1242.8   0.34074
   1243.1   0.34075
   1243.4   0.34074
   1243.7   0.34073
   1244.0   0.34076
   1244.3   0.34078
   1244.6   0.34076
   1244.9   0.34073
   1245.2   0.34076
   1245.5   0.34079
   1245.8   0.34082
   1246.1   0.34086
   1246.4   0.34084
   1246.7   0.34082
   1247.0   0.34078
   1247.3   0.34077
   1247.6   0.34086
   1247.9   0.34085
   1248.2   0.34080
   1248.5   0.34082
   1248.8   0.34083
   1249.1   0.34082
   1249.4   0.34079
   1249.7   0.34082
   1250.0   0.34088
   1250.3   0.34083
   1250.6   0.34083
   1250.9   0.34086
   1251.2   0.34082
   1251.5   0.34080
   1251.8   0.34081
   1252.1   0.34080
   1252.4   0.34082
   1252.8   0.34087
   1253.1   0.34088
   1253.3   0.34089
   1253.7   0.34093
   1254.0   0.34092
   1254.3   0.34086
   1254.6   0.34084
   1254.9   0.34089
   1255.2   0.34092
   1255.5   0.34090
   1255.8   0.34089
   1256.1   0.34087
   1256.4   0.34086
   1256.7   0.34087
   1257.0   0.34087
   1257.3   0.34087
   1257.6   0.34088
   1257.9   0.34087
   1258.2   0.34087
   1258.5   0.34091
   1258.8   0.34092
   1259.1   0.34094
   1259.4   0.34093
   1259.8   0.34090
   1260.1   0.34089
   1260.4   0.34095
   1260.7   0.34102
   1261.0   0.34102
   1261.3   0.34097
   1261.6   0.34098
   1261.9   0.34100
   1262.2   0.34098
   1262.5   0.34097
   1262.8   0.34098
   1263.1   0.34098
   1263.4   0.34099
   1263.7   0.34100
   1264.1   0.34101
   1264.4   0.34101
   1264.7   0.34104
   1265.0   0.34106
   1265.3   0.34106
   1265.6   0.34105
   1265.9   0.34105
   1266.2   0.34102
   1266.5   0.34105
   1266.8   0.34105
   1267.1   0.34104
   1267.4   0.34101
   1267.8   0.34110
   1268.1   0.34118
   1268.4   0.34114
   1268.7   0.34107
   1269.0   0.34106
   1269.3   0.34104
   1269.6   0.34109
   1269.9   0.34111
   1270.2   0.34112
   1270.6   0.34114
   1270.9   0.34113
   1271.2   0.34113
   1271.5   0.34112
   1271.8   0.34115
   1272.1   0.34114
   1272.4   0.34110
   1272.7   0.34116
   1273.1   0.34123
   1273.4   0.34126
   1273.7   0.34122
   1274.0   0.34121
   1274.3   0.34122
   1274.6   0.34116
   1274.9   0.34112
   1275.2   0.34124
   1275.6   0.34129
   1275.9   0.34126
   1276.2   0.34127
   1276.5   0.34129
   1276.8   0.34123
   1277.1   0.34121
   1277.4   0.34121
   1277.8   0.34124
   1278.1   0.34126
   1278.4   0.34130
   1278.7   0.34136
   1279.0   0.34136
   1279.3   0.34135
   1279.7   0.34131
   1280.0   0.34131
   1280.3   0.34136
   1280.6   0.34140
   1280.9   0.34141
   1281.2   0.34137
   1281.6   0.34137
   1281.9   0.34139
   1282.2   0.34138
   1282.5   0.34139
   1282.8   0.34139
   1283.1   0.34143
   1283.4   0.34150
   1283.8   0.34151
   1284.1   0.34150
   1284.4   0.34151
   1284.7   0.34153
   1285.0   0.34153
   1285.4   0.34151
   1285.7   0.34155
   1286.0   0.34152
   1286.3   0.34152
   1286.6   0.34157
   1286.9   0.34155
   1287.3   0.34157
   1287.6   0.34159
   1287.9   0.34161
   1288.2   0.34164
   1288.6   0.34164
   1288.9   0.34166
   1289.2   0.34168
   1289.5   0.34170
   1289.8   0.34172
   1290.2   0.34173
   1290.5   0.34170
   1290.8   0.34167
   1291.1   0.34168
   1291.4   0.34166
   1291.8   0.34167
   1292.1   0.34176
   1292.4   0.34184
   1292.7   0.34178
   1293.1   0.34172
   1293.4   0.34175
   1293.7   0.34174
   1294.0   0.34172
   1294.3   0.34180
   1294.7   0.34186
   1295.0   0.34185
   1295.3   0.34189
   1295.6   0.34190
   1296.0   0.34188
   1296.3   0.34193
   1296.6   0.34198
   1296.9   0.34199
   1297.3   0.34197
   1297.6   0.34191
   1297.9   0.34186
   1298.2   0.34194
   1298.6   0.34202
   1298.9   0.34199
   1299.2   0.34195
   1299.5   0.34198
   1299.9   0.34204
   1300.2   0.34210
   1300.5   0.34212
   1300.8   0.34205
   1301.2   0.34206
   1301.5   0.34206
   1301.8   0.34206
   1302.1   0.34212
   1302.5   0.34211
   1302.8   0.34214
   1303.1   0.34220
   1303.4   0.34221
   1303.8   0.34217
   1304.1   0.34219
   1304.4   0.34221
   1304.8   0.34220
   1305.1   0.34223
   1305.4   0.34231
   1305.8   0.34235
   1306.1   0.34234
   1306.4   0.34232
   1306.7   0.34234
   1307.1   0.34237
   1307.4   0.34236
   1307.7   0.34237
   1308.1   0.34237
   1308.4   0.34238
   1308.7   0.34239
   1309.1   0.34241
   1309.4   0.34242
   1309.7   0.34244
   1310.0   0.34247
   1310.4   0.34250
   1310.7   0.34247
   1311.0   0.34248
   1311.4   0.34256
   1311.7   0.34260
   1312.0   0.34258
   1312.4   0.34258
   1312.7   0.34259
   1313.0   0.34260
   1313.4   0.34261
   1313.7   0.34262
   1314.0   0.34258
   1314.4   0.34260
   1314.7   0.34269
   1315.0   0.34268
   1315.4   0.34271
   1315.7   0.34272
   1316.0   0.34266
   1316.4   0.34264
   1316.7   0.34267
   1317.0   0.34276
   1317.4   0.34284
   1317.7   0.34293
   1318.0   0.34291
   1318.4   0.34284
   1318.7   0.34282
   1319.0   0.34288
   1319.4   0.34296
   1319.7   0.34301
   1320.1   0.34301
   1320.4   0.34302
   1320.7   0.34301
   1321.1   0.34297
   1321.4   0.34303
   1321.7   0.34309
   1322.1   0.34307
   1322.4   0.34308
   1322.7   0.34315
   1323.1   0.34317
   1323.4   0.34314
   1323.8   0.34313
   1324.1   0.34313
   1324.4   0.34314
   1324.8   0.34318
   1325.1   0.34323
   1325.4   0.34328
   1325.8   0.34330
   1326.1   0.34326
   1326.5   0.34324
   1326.8   0.34329
   1327.1   0.34330
   1327.5   0.34331
   1327.8   0.34333
   1328.2   0.34336
   1328.5   0.34336
   1328.8   0.34337
   1329.2   0.34337
   1329.5   0.34337
   1329.9   0.34340
   1330.2   0.34343
   1330.6   0.34347
   1330.9   0.34347
   1331.2   0.34352
   1331.6   0.34353
   1331.9   0.34351
   1332.3   0.34350
   1332.6   0.34354
   1332.9   0.34358
   1333.3   0.34357
   1333.6   0.34359
   1334.0   0.34366
   1334.3   0.34369
   1334.7   0.34368
   1335.0   0.34366
   1335.3   0.34367
   1335.7   0.34374
   1336.0   0.34377
   1336.4   0.34374
   1336.7   0.34375
   1337.1   0.34381
   1337.4   0.34379
   1337.8   0.34382
   1338.1   0.34385
   1338.4   0.34380
   1338.8   0.34382
   1339.1   0.34386
   1339.5   0.34392
   1339.8   0.34395
   1340.2   0.34393
   1340.5   0.34396
   1340.9   0.34401
   1341.2   0.34403
   1341.6   0.34407
   1341.9   0.34407
   1342.3   0.34406
   1342.6   0.34411
   1342.9   0.34413
   1343.3   0.34415
   1343.7   0.34416
   1344.0   0.34417
   1344.3   0.34418
   1344.7   0.34424
   1345.0   0.34430
   1345.4   0.34427
   1345.7   0.34426
   1346.1   0.34432
   1346.4   0.34439
   1346.8   0.34436
   1347.1   0.34435
   1347.5   0.34436
   1347.8   0.34441
   1348.2   0.34445
   1348.5   0.34449
   1348.9   0.34449
   1349.3   0.34447
   1349.6   0.34448
   1349.9   0.34452
   1350.3   0.34451
   1350.7   0.34451
   1351.0   0.34455
   1351.3   0.34458
   1351.7   0.34458
   1352.1   0.34463
   1352.4   0.34466
   1352.8   0.34465
   1353.1   0.34464
   1353.5   0.34464
   1353.8   0.34468
   1354.2   0.34472
   1354.5   0.34477
   1354.9   0.34479
   1355.2   0.34479
   1355.6   0.34478
   1355.9   0.34479
   1356.3   0.34484
   1356.7   0.34488
   1357.0   0.34492
   1357.4   0.34493
   1357.7   0.34495
   1358.1   0.34503
   1358.4   0.34506
   1358.8   0.34506
   1359.2   0.34508
   1359.5   0.34509
   1359.9   0.34509
   1360.2   0.34510
   1360.6   0.34510
   1360.9   0.34514
   1361.3   0.34518
   1361.7   0.34520
   1362.0   0.34525
   1362.4   0.34527
   1362.7   0.34529
   1363.1   0.34533
   1363.4   0.34535
   1363.8   0.34532
   1364.2   0.34535
   1364.5   0.34535
   1364.9   0.34534
   1365.2   0.34542
   1365.6   0.34545
   1365.9   0.34546
   1366.3   0.34545
   1366.7   0.34550
   1367.0   0.34556
   1367.4   0.34553
   1367.8   0.34554
   1368.1   0.34557
   1368.5   0.34563
   1368.8   0.34571
   1369.2   0.34567
   1369.6   0.34566
   1369.9   0.34572
   1370.3   0.34574
   1370.7   0.34572
   1371.0   0.34575
   1371.4   0.34580
   1371.7   0.34583
   1372.1   0.34582
   1372.5   0.34583
   1372.8   0.34586
   1373.2   0.34591
   1373.6   0.34594
   1373.9   0.34598
   1374.3   0.34602
   1374.6   0.34602
   1375.0   0.34605
   1375.4   0.34609
   1375.7   0.34608
   1376.1   0.34605
   1376.5   0.34609
   1376.8   0.34616
   1377.2   0.34617
   1377.6   0.34613
   1377.9   0.34616
   1378.3   0.34623
   1378.7   0.34627
   1379.0   0.34628
   1379.4   0.34631
   1379.8   0.34637
   1380.1   0.34635
   1380.5   0.34635
   1380.9   0.34639
   1381.2   0.34640
   1381.6   0.34641
   1382.0   0.34644
   1382.3   0.34647
   1382.7   0.34654
   1383.1   0.34659
   1383.4   0.34657
   1383.8   0.34657
   1384.2   0.34660
   1384.6   0.34664
   1384.9   0.34667
   1385.3   0.34671
   1385.7   0.34675
   1386.0   0.34673
   1386.4   0.34679
   1386.8   0.34684
   1387.2   0.34681
   1387.5   0.34677
   1387.9   0.34679
   1388.3   0.34685
   1388.6   0.34693
   1389.0   0.34697
   1389.4   0.34701
   1389.8   0.34699
   1390.1   0.34699
   1390.5   0.34703
   1390.9   0.34704
   1391.2   0.34708
   1391.6   0.34717
   1392.0   0.34721
   1392.4   0.34720
   1392.7   0.34719
   1393.1   0.34721
   1393.5   0.34725
   1393.9   0.34729
   1394.2   0.34731
   1394.6   0.34734
   1395.0   0.34742
   1395.4   0.34746
   1395.7   0.34747
   1396.1   0.34750
   1396.5   0.34748
   1396.9   0.34749
   1397.2   0.34748
   1397.6   0.34753
   1398.0   0.34757
   1398.4   0.34756
   1398.8   0.34762
   1399.1   0.34766
   1399.5   0.34766
   1399.9   0.34767
   1400.3   0.34771
   1400.6   0.34772
   1401.0   0.34773
   1401.4   0.34772
   1401.8   0.34779
   1402.2   0.34784
   1402.5   0.34782
   1402.9   0.34783
   1403.3   0.34791
   1403.7   0.34796
   1404.1   0.34799
   1404.4   0.34802
   1404.8   0.34804
   1405.2   0.34805
   1405.6   0.34809
   1406.0   0.34814
   1406.3   0.34813
   1406.7   0.34810
   1407.1   0.34814
   1407.5   0.34819
   1407.9   0.34822
   1408.3   0.34826
   1408.6   0.34828
   1409.0   0.34826
   1409.4   0.34827
   1409.8   0.34832
   1410.2   0.34838
   1410.6   0.34842
   1410.9   0.34845
   1411.3   0.34848
   1411.7   0.34849
   1412.1   0.34852
   1412.5   0.34854
   1412.8   0.34853
   1413.2   0.34853
   1413.6   0.34858
   1414.0   0.34864
   1414.4   0.34867
   1414.8   0.34867
   1415.2   0.34872
   1415.6   0.34877
   1415.9   0.34875
   1416.3   0.34877
   1416.7   0.34884
   1417.1   0.34889
   1417.5   0.34888
   1417.9   0.34887
   1418.3   0.34887
   1418.7   0.34885
   1419.0   0.34888
   1419.4   0.34895
   1419.8   0.34899
   1420.2   0.34903
   1420.6   0.34908
   1421.0   0.34909
   1421.4   0.34910
   1421.8   0.34914
   1422.2   0.34918
   1422.5   0.34918
   1422.9   0.34923
   1423.3   0.34928
   1423.7   0.34930
   1424.1   0.34931
   1424.5   0.34934
   1424.9   0.34937
   1425.3   0.34939
   1425.7   0.34942
   1426.1   0.34944
   1426.5   0.34945
   1426.8   0.34949
   1427.2   0.34956
   1427.6   0.34961
   1428.0   0.34962
   1428.4   0.34962
   1428.8   0.34960
   1429.2   0.34958
   1429.6   0.34962
   1430.0   0.34974
   1430.4   0.34981
   1430.8   0.34982
   1431.2   0.34980
   1431.6   0.34982
   1432.0   0.34983
   1432.4   0.34985
   1432.8   0.34990
   1433.2   0.34995
   1433.6   0.34995
   1433.9   0.34995
   1434.3   0.34995
   1434.8   0.34999
   1435.1   0.35004
   1435.5   0.35006
   1435.9   0.35007
   1436.3   0.35012
   1436.7   0.35020
   1437.1   0.35024
   1437.5   0.35022
   1437.9   0.35020
   1438.3   0.35019
   1438.7   0.35022
   1439.1   0.35029
   1439.5   0.35033
   1439.9   0.35039
   1440.3   0.35043
   1440.7   0.35041
   1441.1   0.35043
   1441.5   0.35049
   1441.9   0.35055
   1442.3   0.35054
   1442.7   0.35057
   1443.1   0.35063
   1443.5   0.35067
   1443.9   0.35067
   1444.3   0.35066
   1444.7   0.35067
   1445.1   0.35070
   1445.6   0.35077
   1445.9   0.35080
   1446.3   0.35081
   1446.8   0.35086
   1447.2   0.35085
   1447.6   0.35087
   1448.0   0.35094
   1448.4   0.35098
   1448.8   0.35101
   1449.2   0.35102
   1449.6   0.35104
   1450.0   0.35106
   1450.4   0.35108
   1450.8   0.35111
   1451.2   0.35116
   1451.6   0.35119
   1452.0   0.35120
   1452.4   0.35123
   1452.8   0.35128
   1453.2   0.35130
   1453.7   0.35131
   1454.1   0.35133
   1454.5   0.35132
   1454.9   0.35136
   1455.3   0.35143
   1455.7   0.35146
   1456.1   0.35147
   1456.5   0.35151
   1456.9   0.35152
   1457.3   0.35154
   1457.7   0.35159
   1458.2   0.35163
   1458.6   0.35165
   1459.0   0.35164
   1459.4   0.35166
   1459.8   0.35174
   1460.2   0.35180
   1460.6   0.35180
   1461.0   0.35183
   1461.4   0.35184
   1461.8   0.35186
   1462.3   0.35189
   1462.7   0.35191
   1463.1   0.35196
   1463.5   0.35199
   1463.9   0.35202
   1464.3   0.35206
   1464.7   0.35212
   1465.2   0.35217
   1465.6   0.35217
   1466.0   0.35216
   1466.4   0.35218
   1466.8   0.35225
   1467.2   0.35229
   1467.6   0.35228
   1468.1   0.35228
   1468.5   0.35233
   1468.9   0.35235
   1469.3   0.35241
   1469.7   0.35245
   1470.1   0.35241
   1470.6   0.35241
   1471.0   0.35245
   1471.4   0.35250
   1471.8   0.35252
   1472.2   0.35256
   1472.6   0.35261
   1473.1   0.35266
   1473.5   0.35265
   1473.9   0.35264
   1474.3   0.35271
   1474.7   0.35276
   1475.2   0.35278
   1475.6   0.35278
   1476.0   0.35276
   1476.4   0.35280
   1476.8   0.35285
   1477.3   0.35292
   1477.7   0.35297
   1478.1   0.35298
   1478.5   0.35303
   1478.9   0.35305
   1479.4   0.35304
   1479.8   0.35306
   1480.2   0.35308
   1480.6   0.35311
   1481.1   0.35318
   1481.5   0.35321
   1481.9   0.35321
   1482.3   0.35323
   1482.8   0.35325
   1483.2   0.35324
   1483.6   0.35323
   1484.0   0.35329
   1484.4   0.35334
   1484.9   0.35333
   1485.3   0.35336
   1485.7   0.35341
   1486.2   0.35344
   1486.6   0.35345
   1487.0   0.35347
   1487.4   0.35350
   1487.9   0.35356
   1488.3   0.35360
   1488.7   0.35361
   1489.1   0.35365
   1489.6   0.35367
   1490.0   0.35368
   1490.4   0.35369
   1490.8   0.35370
   1491.3   0.35373
   1491.7   0.35376
   1492.1   0.35380
   1492.6   0.35382
   1493.0   0.35383
   1493.4   0.35387
   1493.9   0.35394
   1494.3   0.35395
   1494.7   0.35395
   1495.2   0.35397
   1495.6   0.35403
   1496.0   0.35408
   1496.4   0.35411
   1496.9   0.35412
   1497.3   0.35414
   1497.7   0.35414
   1498.2   0.35415
   1498.6   0.35416
   1499.0   0.35422
   1499.5   0.35431
   1499.9   0.35435
   1500.3   0.35437
   1500.8   0.35437
   1501.2   0.35438
   1501.7   0.35440
   1502.1   0.35440
   1502.5   0.35442
   1502.9   0.35448
   1503.4   0.35451
   1503.8   0.35453
   1504.3   0.35456
   1504.7   0.35458
   1505.1   0.35457
   1505.6   0.35461
   1506.0   0.35465
   1506.4   0.35467
   1506.9   0.35471
   1507.3   0.35475
   1507.8   0.35476
   1508.2   0.35481
   1508.6   0.35485
   1509.1   0.35484
   1509.5   0.35485
   1510.0   0.35489
   1510.4   0.35493
   1510.8   0.35496
   1511.3   0.35498
   1511.7   0.35500
   1512.2   0.35505
   1512.6   0.35506
   1513.0   0.35508
   1513.5   0.35514
   1513.9   0.35516
   1514.4   0.35515
   1514.8   0.35515
   1515.3   0.35517
   1515.7   0.35521
   1516.1   0.35527
   1516.6   0.35533
   1517.0   0.35534
   1517.5   0.35532
   1517.9   0.35534
   1518.4   0.35537
   1518.8   0.35540
   1519.3   0.35544
   1519.7   0.35549
   1520.1   0.35549
   1520.6   0.35548
   1521.0   0.35550
   1521.5   0.35552
   1521.9   0.35557
   1522.4   0.35564
   1522.8   0.35566
   1523.3   0.35564
   1523.7   0.35565
   1524.2   0.35571
   1524.6   0.35577
   1525.1   0.35578
   1525.5   0.35575
   1525.9   0.35577
   1526.4   0.35580
   1526.8   0.35583
   1527.3   0.35582
   1527.8   0.35582
   1528.2   0.35586
   1528.7   0.35587
   1529.1   0.35588
   1529.6   0.35594
   1530.0   0.35599
   1530.5   0.35600
   1530.9   0.35599
   1531.4   0.35598
   1531.8   0.35601
   1532.3   0.35604
   1532.7   0.35604
   1533.2   0.35604
   1533.6   0.35605
   1534.1   0.35609
   1534.5   0.35617
   1535.0   0.35618
   1535.4   0.35619
   1535.9   0.35620
   1536.3   0.35623
   1536.8   0.35625
   1537.3   0.35625
   1537.7   0.35630
   1538.2   0.35634
   1538.6   0.35635
   1539.1   0.35637
   1539.6   0.35642
   1540.0   0.35640
   1540.5   0.35639
   1540.9   0.35643
   1541.4   0.35645
   1541.8   0.35644
   1542.3   0.35644
   1542.8   0.35645
   1543.2   0.35646
   1543.7   0.35650
   1544.1   0.35656
   1544.6   0.35656
   1545.1   0.35654
   1545.5   0.35658
   1546.0   0.35661
   1546.4   0.35660
   1546.9   0.35660
   1547.4   0.35664
   1547.8   0.35668
   1548.3   0.35668
   1548.8   0.35669
   1549.2   0.35672
   1549.7   0.35674
   1550.1   0.35674
   1550.6   0.35676
   1551.1   0.35678
   1551.5   0.35679
   1552.0   0.35678
   1552.4   0.35679
   1552.9   0.35682
   1553.4   0.35685
   1553.8   0.35688
   1554.3   0.35690
   1554.8   0.35691
   1555.3   0.35695
   1555.7   0.35698
   1556.2   0.35698
   1556.7   0.35699
   1557.1   0.35700
   1557.6   0.35704
   1558.1   0.35706
   1558.5   0.35707
   1559.0   0.35709
   1559.5   0.35710
   1559.9   0.35710
   1560.4   0.35711
   1560.9   0.35711
   1561.3   0.35713
   1561.8   0.35718
   1562.3   0.35720
   1562.8   0.35721
   1563.2   0.35723
   1563.7   0.35723
   1564.2   0.35719
   1564.6   0.35721
   1565.1   0.35727
   1565.6   0.35726
   1566.1   0.35726
   1566.5   0.35730
   1567.0   0.35734
   1567.5   0.35736
   1567.9   0.35737
   1568.4   0.35736
   1568.9   0.35736
   1569.4   0.35740
   1569.8   0.35741
   1570.3   0.35738
   1570.8   0.35741
   1571.3   0.35747
   1571.8   0.35748
   1572.2   0.35746
   1572.7   0.35744
   1573.2   0.35746
   1573.7   0.35750
   1574.1   0.35750
   1574.6   0.35754
   1575.1   0.35758
   1575.6   0.35757
   1576.1   0.35756
   1576.5   0.35759
   1577.0   0.35761
   1577.5   0.35763
   1578.0   0.35763
   1578.4   0.35763
   1578.9   0.35763
   1579.4   0.35764
   1579.9   0.35767
   1580.4   0.35770
   1580.9   0.35771
   1581.3   0.35773
   1581.8   0.35772
   1582.3   0.35772
   1582.8   0.35770
   1583.3   0.35770
   1583.8   0.35774
   1584.2   0.35775
   1584.7   0.35775
   1585.2   0.35779
   1585.7   0.35779
   1586.2   0.35776
   1586.7   0.35780
   1587.2   0.35783
   1587.6   0.35783
   1588.1   0.35785
   1588.6   0.35786
   1589.1   0.35786
   1589.6   0.35787
   1590.1   0.35788
   1590.6   0.35789
   1591.0   0.35788
   1591.5   0.35789
   1592.0   0.35790
   1592.5   0.35788
   1593.0   0.35790
   1593.5   0.35793
   1594.0   0.35788
   1594.5   0.35787
   1595.0   0.35794
   1595.4   0.35796
   1595.9   0.35795
   1596.4   0.35796
   1596.9   0.35796
   1597.4   0.35797
   1597.9   0.35798
   1598.4   0.35799
   1598.9   0.35801
   1599.4   0.35802
   1599.9   0.35806
   1600.4   0.35809
   1600.9   0.35808
   1601.4   0.35805
   1601.9   0.35804
   1602.3   0.35804
   1602.8   0.35808
   1603.3   0.35808
   1603.8   0.35808
   1604.3   0.35811
   1604.8   0.35814
   1605.3   0.35815
   1605.8   0.35814
   1606.3   0.35810
   1606.8   0.35816
   1607.3   0.35822
   1607.8   0.35821
   1608.3   0.35820
   1608.8   0.35819
   1609.3   0.35821
   1609.8   0.35822
   1610.3   0.35821
   1610.8   0.35821
   1611.3   0.35825
   1611.8   0.35827
   1612.3   0.35823
   1612.8   0.35823
   1613.3   0.35826
   1613.8   0.35831
   1614.3   0.35832
   1614.8   0.35828
   1615.3   0.35827
   1615.8   0.35830
   1616.3   0.35831
   1616.8   0.35831
   1617.3   0.35832
   1617.8   0.35833
   1618.4   0.35832
   1618.9   0.35833
   1619.4   0.35834
   1619.9   0.35836
   1620.4   0.35836
   1620.9   0.35837
   1621.4   0.35840
   1621.9   0.35841
   1622.4   0.35837
   1622.9   0.35834
   1623.4   0.35837
   1623.9   0.35842
   1624.4   0.35843
   1624.9   0.35842
   1625.5   0.35844
   1626.0   0.35844
   1626.5   0.35847
   1627.0   0.35847
   1627.5   0.35843
   1628.0   0.35842
   1628.5   0.35844
   1629.0   0.35846
   1629.6   0.35846
   1630.1   0.35845
   1630.6   0.35843
   1631.1   0.35844
   1631.6   0.35847
   1632.1   0.35845
   1632.6   0.35844
   1633.1   0.35846
   1633.7   0.35849
   1634.2   0.35849
   1634.7   0.35849
   1635.2   0.35849
   1635.7   0.35851
   1636.2   0.35854
   1636.8   0.35851
   1637.3   0.35850
   1637.8   0.35852
   1638.3   0.35854
   1638.8   0.35851
   1639.3   0.35849
   1639.8   0.35848
   1640.4   0.35848
   1640.9   0.35850
   1641.4   0.35848
   1641.9   0.35851
   1642.4   0.35853
   1643.0   0.35849
   1643.5   0.35848
   1644.0   0.35851
   1644.5   0.35855
   1645.1   0.35851
   1645.6   0.35849
   1646.1   0.35852
   1646.6   0.35851
   1647.2   0.35851
   1647.7   0.35851
   1648.2   0.35849
   1648.7   0.35851
   1649.2   0.35854
   1649.8   0.35857
   1650.3   0.35857
   1650.8   0.35854
   1651.3   0.35851
   1651.9   0.35851
   1652.4   0.35854
   1652.9   0.35854
   1653.4   0.35854
   1654.0   0.35855
   1654.5   0.35854
   1655.0   0.35856
   1655.6   0.35855
   1656.1   0.35855
   1656.6   0.35852
   1657.2   0.35851
   1657.7   0.35854
   1658.2   0.35855
   1658.7   0.35853
   1659.3   0.35850
   1659.8   0.35855
   1660.3   0.35859
   1660.9   0.35857
   1661.4   0.35853
   1661.9   0.35850
   1662.5   0.35854
   1663.0   0.35855
   1663.5   0.35856
   1664.1   0.35854
   1664.6   0.35852
   1665.1   0.35853
   1665.7   0.35854
   1666.2   0.35852
   1666.7   0.35856
   1667.3   0.35862
   1667.8   0.35862
   1668.3   0.35859
   1668.9   0.35859
   1669.4   0.35857
   1670.0   0.35854
   1670.5   0.35853
   1671.0   0.35852
   1671.6   0.35854
   1672.1   0.35858
   1672.7   0.35860
   1673.2   0.35860
   1673.7   0.35858
   1674.3   0.35860
   1674.8   0.35861
   1675.4   0.35861
   1675.9   0.35858
   1676.4   0.35858
   1677.0   0.35859
   1677.5   0.35857
   1678.1   0.35857
   1678.6   0.35861
   1679.2   0.35859
   1679.7   0.35856
   1680.2   0.35858
   1680.8   0.35858
   1681.3   0.35855
   1681.9   0.35854
   1682.4   0.35855
   1683.0   0.35857
   1683.5   0.35858
   1684.1   0.35858
   1684.6   0.35858
   1685.2   0.35857
   1685.7   0.35856
   1686.3   0.35855
   1686.8   0.35857
   1687.3   0.35856
   1687.9   0.35851
   1688.4   0.35852
   1689.0   0.35854
   1689.6   0.35852
   1690.1   0.35850
   1690.7   0.35851
   1691.2   0.35853
   1691.8   0.35853
   1692.3   0.35855
   1692.9   0.35857
   1693.4   0.35859
   1694.0   0.35858
   1694.5   0.35857
   1695.1   0.35857
   1695.6   0.35854
   1696.2   0.35853
   1696.7   0.35852
   1697.3   0.35853
   1697.8   0.35853
   1698.4   0.35854
   1699.0   0.35855
   1699.5   0.35855
   1700.1   0.35852
   1700.6   0.35851
   1701.2   0.35854
   1701.8   0.35854
   1702.3   0.35850
   1702.9   0.35849
   1703.4   0.35850
   1704.0   0.35849
   1704.6   0.35848
   1705.1   0.35849
   1705.7   0.35848
   1706.2   0.35848
   1706.8   0.35849
   1707.4   0.35850
   1707.9   0.35851
   1708.5   0.35850
   1709.0   0.35849
   1709.6   0.35847
   1710.2   0.35846
   1710.7   0.35844
   1711.3   0.35846
   1711.9   0.35847
   1712.4   0.35844
   1713.0   0.35843
   1713.6   0.35845
   1714.1   0.35846
   1714.7   0.35847
   1715.3   0.35845
   1715.8   0.35848
   1716.4   0.35851
   1717.0   0.35852
   1717.5   0.35852
   1718.1   0.35852
   1718.7   0.35849
   1719.2   0.35849
   1719.8   0.35851
   1720.4   0.35849
   1721.0   0.35849
   1721.5   0.35850
   1722.1   0.35850
   1722.7   0.35851
   1723.2   0.35852
   1723.8   0.35851
   1724.4   0.35851
   1725.0   0.35855
   1725.5   0.35854
   1726.1   0.35853
   1726.7   0.35854
   1727.3   0.35856
   1727.8   0.35856
   1728.4   0.35853
   1729.0   0.35853
   1729.6   0.35855
   1730.1   0.35854
   1730.7   0.35854
   1731.3   0.35857
   1731.9   0.35858
   1732.5   0.35860
   1733.0   0.35863
   1733.6   0.35858
   1734.2   0.35856
   1734.8   0.35859
   1735.4   0.35860
   1735.9   0.35863
   1736.5   0.35864
   1737.1   0.35865
   1737.7   0.35863
   1738.3   0.35861
   1738.8   0.35864
   1739.4   0.35865
   1740.0   0.35863
   1740.6   0.35864
   1741.2   0.35865
   1741.8   0.35863
   1742.3   0.35865
   1742.9   0.35866
   1743.5   0.35866
   1744.1   0.35864
   1744.7   0.35866
   1745.3   0.35869
   1745.9   0.35866
   1746.5   0.35864
   1747.1   0.35867
   1747.6   0.35868
   1748.2   0.35866
   1748.8   0.35868
   1749.4   0.35869
   1750.0   0.35869
   1750.6   0.35870
   1751.2   0.35870
   1751.8   0.35870
   1752.4   0.35870
   1753.0   0.35872
   1753.6   0.35874
   1754.1   0.35873
   1754.7   0.35872
   1755.3   0.35870
   1755.9   0.35871
   1756.5   0.35871
   1757.1   0.35870
   1757.7   0.35870
   1758.3   0.35873
   1758.9   0.35876
   1759.5   0.35877
   1760.1   0.35877
   1760.7   0.35878
   1761.3   0.35879
   1761.9   0.35878
   1762.5   0.35879
   1763.1   0.35879
   1763.7   0.35878
   1764.3   0.35876
   1764.9   0.35877
   1765.5   0.35879
   1766.1   0.35882
   1766.7   0.35881
   1767.3   0.35878
   1767.9   0.35877
   1768.5   0.35876
   1769.1   0.35876
   1769.7   0.35877
   1770.3   0.35879
   1770.9   0.35880
   1771.5   0.35880
   1772.1   0.35879
   1772.7   0.35880
   1773.3   0.35882
   1773.9   0.35884
   1774.6   0.35885
   1775.2   0.35885
   1775.8   0.35884
   1776.4   0.35885
   1777.0   0.35887
   1777.6   0.35889
   1778.2   0.35889
   1778.8   0.35887
   1779.4   0.35884
   1780.0   0.35885
   1780.7   0.35888
   1781.3   0.35889
   1781.9   0.35886
   1782.5   0.35889
   1783.1   0.35893
   1783.7   0.35891
   1784.3   0.35893
   1784.9   0.35893
   1785.6   0.35891
   1786.2   0.35890
   1786.8   0.35891
   1787.4   0.35894
   1788.0   0.35897
   1788.6   0.35896
   1789.3   0.35895
   1789.9   0.35897
   1790.5   0.35896
   1791.1   0.35896
   1791.7   0.35898
   1792.3   0.35900
   1793.0   0.35902
   1793.6   0.35905
   1794.2   0.35903
   1794.8   0.35896
   1795.4   0.35896
   1796.1   0.35901
   1796.7   0.35903
   1797.3   0.35902
   1797.9   0.35903
   1798.6   0.35905
   1799.2   0.35907
   1799.8   0.35906
   1800.4   0.35905
   1801.1   0.35905
   1801.7   0.35907
   1802.3   0.35906
   1802.9   0.35904
   1803.6   0.35906
   1804.2   0.35909
   1804.8   0.35912
   1805.4   0.35911
   1806.1   0.35910
   1806.7   0.35910
   1807.3   0.35914
   1808.0   0.35917
   1808.6   0.35916
   1809.2   0.35916
   1809.9   0.35915
   1810.5   0.35914
   1811.1   0.35917
   1811.8   0.35919
   1812.4   0.35920
   1813.0   0.35917
   1813.7   0.35916
   1814.3   0.35917
   1814.9   0.35918
   1815.6   0.35918
   1816.2   0.35917
   1816.8   0.35920
   1817.5   0.35921
   1818.1   0.35921
   1818.8   0.35920
   1819.4   0.35920
   1820.0   0.35921
   1820.7   0.35921
   1821.3   0.35920
   1821.9   0.35920
   1822.6   0.35922
   1823.2   0.35923
   1823.9   0.35922
   1824.5   0.35926
   1825.2   0.35927
   1825.8   0.35927
   1826.4   0.35926
   1827.1   0.35928
   1827.7   0.35930
   1828.4   0.35930
   1829.0   0.35930
   1829.7   0.35930
   1830.3   0.35929
   1831.0   0.35931
   1831.6   0.35931
   1832.3   0.35930
   1832.9   0.35931
   1833.6   0.35933
   1834.2   0.35934
   1834.8   0.35935
   1835.5   0.35934
   1836.1   0.35935
   1836.8   0.35937
   1837.4   0.35936
   1838.1   0.35936
   1838.8   0.35935
   1839.4   0.35937
   1840.1   0.35939
   1840.7   0.35940
   1841.4   0.35938
   1842.0   0.35939
   1842.7   0.35941
   1843.3   0.35941
   1844.0   0.35942
   1844.6   0.35944
   1845.3   0.35945
   1845.9   0.35946
   1846.6   0.35947
   1847.3   0.35949
   1847.9   0.35949
   1848.6   0.35951
   1849.2   0.35953
   1849.9   0.35952
   1850.6   0.35953
   1851.2   0.35954
   1851.9   0.35954
   1852.6   0.35955
   1853.2   0.35956
   1853.9   0.35957
   1854.5   0.35960
   1855.2   0.35960
   1855.9   0.35963
   1856.5   0.35962
   1857.2   0.35963
   1857.9   0.35964
   1858.5   0.35965
   1859.2   0.35964
   1859.9   0.35966
   1860.5   0.35968
   1861.2   0.35968
   1861.9   0.35968
   1862.5   0.35967
   1863.2   0.35970
   1863.9   0.35972
   1864.5   0.35970
   1865.2   0.35971
   1865.9   0.35973
   1866.6   0.35975
   1867.2   0.35975
   1867.9   0.35975
   1868.6   0.35976
   1869.2   0.35980
   1869.9   0.35982
   1870.6   0.35981
   1871.3   0.35981
   1871.9   0.35983
   1872.6   0.35985
   1873.3   0.35982
   1874.0   0.35982
   1874.7   0.35985
   1875.3   0.35987
   1876.0   0.35989
   1876.7   0.35991
   1877.4   0.35989
   1878.0   0.35988
   1878.7   0.35989
   1879.4   0.35991
   1880.1   0.35991
   1880.8   0.35992
   1881.4   0.35996
   1882.1   0.35994
   1882.8   0.35991
   1883.5   0.35993
   1884.2   0.35996
   1884.9   0.35997
   1885.6   0.35999
   1886.2   0.36000
   1886.9   0.35997
   1887.6   0.35996
   1888.3   0.35997
   1889.0   0.36000
   1889.7   0.36000
   1890.4   0.36002
   1891.1   0.36003
   1891.8   0.36005
   1892.4   0.36006
   1893.1   0.36006
   1893.8   0.36004
   1894.5   0.36003
   1895.2   0.36006
   1895.9   0.36007
   1896.6   0.36006
   1897.3   0.36007
   1898.0   0.36009
   1898.7   0.36013
   1899.4   0.36012
   1900.1   0.36011
   1900.8   0.36010
   1901.5   0.36012
   1902.2   0.36013
   1902.9   0.36011
   1903.6   0.36013
   1904.3   0.36015
   1905.0   0.36013
   1905.7   0.36012
   1906.4   0.36014
   1907.1   0.36014
   1907.8   0.36015
   1908.5   0.36015
   1909.2   0.36016
   1909.9   0.36015
   1910.6   0.36012
   1911.3   0.36016
   1912.0   0.36016
   1912.7   0.36014
   1913.4   0.36015
   1914.1   0.36016
   1914.8   0.36018
   1915.5   0.36019
   1916.2   0.36021
   1916.9   0.36021
   1917.6   0.36022
   1918.3   0.36025
   1919.1   0.36026
   1919.8   0.36026
   1920.5   0.36030
   1921.2   0.36031
   1921.9   0.36029
   1922.6   0.36028
   1923.3   0.36031
   1924.0   0.36034
   1924.8   0.36033
   1925.5   0.36031
   1926.2   0.36031
   1926.9   0.36034
   1927.6   0.36035
   1928.3   0.36037
   1929.1   0.36038
   1929.8   0.36037
   1930.5   0.36039
   1931.2   0.36043
   1931.9   0.36046
   1932.7   0.36045
   1933.4   0.36043
   1934.1   0.36043
   1934.8   0.36045
   1935.5   0.36046
   1936.3   0.36047
   1937.0   0.36050
   1937.7   0.36051
   1938.4   0.36051
   1939.2   0.36052
   1939.9   0.36054
   1940.6   0.36055
   1941.3   0.36055
   1942.1   0.36056
   1942.8   0.36058
   1943.5   0.36059
   1944.2   0.36062
   1945.0   0.36063
   1945.7   0.36061
   1946.4   0.36062
   1947.2   0.36066
   1947.9   0.36068
   1948.6   0.36067
   1949.4   0.36066
   1950.1   0.36066
   1950.8   0.36068
   1951.6   0.36071
   1952.3   0.36073
   1953.0   0.36076
   1953.8   0.36076
   1954.5   0.36076
   1955.2   0.36077
   1956.0   0.36077
   1956.7   0.36080
   1957.5   0.36083
   1958.2   0.36086
   1958.9   0.36088
   1959.7   0.36087
   1960.4   0.36087
   1961.2   0.36088
   1961.9   0.36091
   1962.6   0.36093
   1963.4   0.36093
   1964.1   0.36092
   1964.9   0.36092
   1965.6   0.36093
   1966.4   0.36096
   1967.1   0.36096
   1967.9   0.36097
   1968.6   0.36101
   1969.3   0.36103
   1970.1   0.36104
   1970.8   0.36102
   1971.6   0.36101
   1972.3   0.36102
   1973.1   0.36106
   1973.8   0.36108
   1974.6   0.36105
   1975.3   0.36105
   1976.1   0.36107
   1976.9   0.36108
   1977.6   0.36111
   1978.4   0.36113
   1979.1   0.36114
   1979.9   0.36113
   1980.6   0.36116
   1981.4   0.36115
   1982.2   0.36115
   1982.9   0.36119
   1983.7   0.36121
   1984.4   0.36123
   1985.2   0.36123
   1985.9   0.36123
   1986.7   0.36123
   1987.5   0.36127
   1988.2   0.36128
   1989.0   0.36128
   1989.8   0.36130
   1990.5   0.36131
   1991.3   0.36131
   1992.1   0.36133
   1992.8   0.36135
   1993.6   0.36137
   1994.3   0.36136
   1995.1   0.36135
   1995.9   0.36139
   1996.7   0.36141
   1997.4   0.36142
   1998.2   0.36146
   1999.0   0.36147
   1999.7   0.36144
   2000.5   0.36144
   2001.3   0.36146
   2002.1   0.36145
   2002.8   0.36146
   2003.6   0.36150
   2004.4   0.36153
   2005.2   0.36156
   2005.9   0.36155
   2006.7   0.36156
   2007.5   0.36161
   2008.3   0.36162
   2009.0   0.36162
   2009.8   0.36163
   2010.6   0.36165
   2011.4   0.36165
   2012.2   0.36164
   2012.9   0.36164
   2013.7   0.36164
   2014.5   0.36165
   2015.3   0.36171
   2016.1   0.36174
   2016.8   0.36175
   2017.6   0.36175
   2018.4   0.36176
   2019.2   0.36179
   2020.0   0.36180
   2020.8   0.36179
   2021.6   0.36179
   2022.3   0.36180
   2023.1   0.36181
   2023.9   0.36183
   2024.7   0.36183
   2025.5   0.36184
   2026.3   0.36187
   2027.1   0.36187
   2027.9   0.36186
   2028.7   0.36188
   2029.5   0.36189
   2030.3   0.36191
   2031.1   0.36191
   2031.9   0.36190
   2032.7   0.36192
   2033.5   0.36193
   2034.3   0.36195
   2035.1   0.36195
   2035.8   0.36194
   2036.7   0.36194
   2037.4   0.36196
   2038.3   0.36198
   2039.1   0.36200
   2039.9   0.36199
   2040.7   0.36195
   2041.5   0.36197
   2042.3   0.36201
   2043.1   0.36202
   2043.9   0.36202
   2044.7   0.36202
   2045.5   0.36201
   2046.3   0.36201
   2047.1   0.36203
   2047.9   0.36207
   2048.7   0.36207
   2049.5   0.36207
   2050.4   0.36206
   2051.2   0.36206
   2052.0   0.36206
   2052.8   0.36208
   2053.6   0.36208
   2054.4   0.36207
   2055.2   0.36207
   2056.0   0.36209
   2056.9   0.36210
   2057.7   0.36210
   2058.5   0.36210
   2059.3   0.36211
   2060.1   0.36213
   2060.9   0.36212
   2061.8   0.36210
   2062.6   0.36212
   2063.4   0.36216
   2064.2   0.36217
   2065.1   0.36218
   2065.9   0.36218
   2066.7   0.36218
   2067.5   0.36218
   2068.3   0.36217
   2069.2   0.36220
   2070.0   0.36221
   2070.8   0.36220
   2071.6   0.36221
   2072.5   0.36222
   2073.3   0.36224
   2074.1   0.36227
   2075.0   0.36229
   2075.8   0.36229
   2076.6   0.36227
   2077.5   0.36229
   2078.3   0.36230
   2079.1   0.36229
   2080.0   0.36228
   2080.8   0.36233
   2081.6   0.36237
   2082.5   0.36235
   2083.3   0.36233
   2084.1   0.36236
   2085.0   0.36241
   2085.8   0.36241
   2086.6   0.36246
   2087.5   0.36250
   2088.3   0.36250
   2089.2   0.36251
   2090.0   0.36251
   2090.9   0.36252
   2091.7   0.36254
   2092.6   0.36257
   2093.4   0.36259
   2094.2   0.36261
   2095.1   0.36264
   2095.9   0.36264
   2096.8   0.36263
   2097.6   0.36266
   2098.5   0.36271
   2099.3   0.36274
   2100.2   0.36274
   2101.0   0.36274
   2101.9   0.36276
   2102.7   0.36279
   2103.6   0.36281
   2104.4   0.36284
   2105.3   0.36285
   2106.1   0.36286
   2107.0   0.36288
   2107.9   0.36292
   2108.7   0.36296
   2109.6   0.36301
   2110.4   0.36302
   2111.3   0.36302
   2112.1   0.36306
   2113.0   0.36307
   2113.9   0.36310
   2114.7   0.36315
   2115.6   0.36317
   2116.5   0.36318
   2117.3   0.36320
   2118.2   0.36325
   2119.1   0.36329
   2119.9   0.36332
   2120.8   0.36333
   2121.7   0.36335
   2122.5   0.36339
   2123.4   0.36345
   2124.3   0.36349
   2125.1   0.36351
   2126.0   0.36354
   2126.9   0.36358
   2127.8   0.36359
   2128.6   0.36361
   2129.5   0.36363
   2130.4   0.36366
   2131.3   0.36371
   2132.1   0.36376
   2133.0   0.36376
   2133.9   0.36378
   2134.8   0.36383
   2135.6   0.36387
   2136.5   0.36387
   2137.4   0.36389
   2138.3   0.36392
   2139.2   0.36396
   2140.1   0.36399
   2140.9   0.36404
   2141.8   0.36409
   2142.7   0.36411
   2143.6   0.36414
   2144.5   0.36418
   2145.4   0.36419
   2146.3   0.36423
   2147.1   0.36428
   2148.0   0.36429
   2148.9   0.36430
   2149.8   0.36433
   2150.7   0.36436
   2151.6   0.36440
   2152.5   0.36446
   2153.4   0.36450
   2154.3   0.36451
   2155.2   0.36454
   2156.1   0.36460
   2157.0   0.36461
   2157.9   0.36460
   2158.8   0.36465
   2159.7   0.36468
   2160.6   0.36471
   2161.5   0.36473
   2162.4   0.36476
   2163.3   0.36479
   2164.2   0.36483
   2165.1   0.36484
   2166.0   0.36487
   2166.9   0.36492
   2167.8   0.36494
   2168.7   0.36495
   2169.6   0.36498
   2170.5   0.36501
   2171.4   0.36508
   2172.3   0.36512
   2173.2   0.36515
   2174.1   0.36518
   2175.1   0.36521
   2176.0   0.36524
   2176.9   0.36527
   2177.8   0.36531
   2178.7   0.36534
   2179.6   0.36538
   2180.6   0.36542
   2181.5   0.36543
   2182.4   0.36546
   2183.3   0.36549
   2184.2   0.36552
   2185.1   0.36555
   2186.1   0.36558
   2187.0   0.36561
   2187.9   0.36565
   2188.8   0.36568
   2189.8   0.36573
   2190.7   0.36579
   2191.6   0.36582
   2192.5   0.36586
   2193.5   0.36589
   2194.4   0.36591
   2195.3   0.36593
   2196.3   0.36596
   2197.2   0.36596
   2198.1   0.36600
   2199.1   0.36604
   2200.0   0.36605
   2200.9   0.36608
   2201.9   0.36616
   2202.8   0.36620
   2203.7   0.36621
   2204.7   0.36625
   2205.6   0.36631
   2206.5   0.36634
   2207.5   0.36633
   2208.4   0.36633
   2209.4   0.36638
   2210.3   0.36642
   2211.2   0.36644
   2212.2   0.36649
   2213.1   0.36655
   2214.1   0.36657
   2215.0   0.36661
   2216.0   0.36664
   2216.9   0.36663
   2217.9   0.36667
   2218.8   0.36671
   2219.8   0.36671
   2220.7   0.36674
   2221.7   0.36677
   2222.6   0.36681
   2223.6   0.36686
   2224.5   0.36690
   2225.5   0.36689
   2226.4   0.36688
   2227.4   0.36692
   2228.4   0.36696
   2229.3   0.36697
   2230.3   0.36699
   2231.2   0.36702
   2232.2   0.36704
   2233.1   0.36708
   2234.1   0.36709
   2235.1   0.36710
   2236.0   0.36711
   2237.0   0.36714
   2238.0   0.36716
   2238.9   0.36715
   2239.9   0.36716
   2240.9   0.36721
   2241.8   0.36725
   2242.8   0.36728
   2243.8   0.36729
   2244.8   0.36729
   2245.7   0.36728
   2246.7   0.36727
   2247.7   0.36727
   2248.6   0.36728
   2249.6   0.36732
   2250.6   0.36733
   2251.6   0.36734
   2252.6   0.36737
   2253.5   0.36739
   2254.5   0.36736
   2255.5   0.36734
   2256.5   0.36735
   2257.5   0.36735
   2258.4   0.36734
   2259.4   0.36735
   2260.4   0.36733
   2261.4   0.36735
   2262.4   0.36734
   2263.4   0.36733
   2264.4   0.36731
   2265.4   0.36729
   2266.3   0.36728
   2267.3   0.36727
   2268.3   0.36727
   2269.3   0.36727
   2270.3   0.36730
   2271.3   0.36731
   2272.3   0.36733
   2273.3   0.36734
   2274.3   0.36734
   2275.3   0.36736
   2276.3   0.36740
   2277.3   0.36743
   2278.3   0.36750
   2279.3   0.36755
   2280.3   0.36754
   2281.3   0.36756
   2282.3   0.36761
   2283.3   0.36765
   2284.3   0.36768
   2285.3   0.36771
   2286.3   0.36774
   2287.3   0.36775
   2288.3   0.36778
   2289.4   0.36781
   2290.4   0.36784
   2291.4   0.36789
   2292.4   0.36794
   2293.4   0.36794
   2294.4   0.36792
   2295.4   0.36790
   2296.4   0.36793
   2297.5   0.36795
   2298.5   0.36796
   2299.5   0.36799
   2300.5   0.36799
   2301.6   0.36798
   2302.6   0.36799
   2303.6   0.36802
   2304.6   0.36805
   2305.6   0.36805
   2306.7   0.36805
   2307.7   0.36809
   2308.7   0.36813
   2309.8   0.36816
   2310.8   0.36819
   2311.8   0.36820
   2312.8   0.36817
   2313.9   0.36821
   2314.9   0.36833
   2315.9   0.36838
   2317.0   0.36838
   2318.0   0.36841
   2319.1   0.36845
   2320.1   0.36849
   2321.1   0.36852
   2322.2   0.36854
   2323.2   0.36857
   2324.3   0.36860
   2325.3   0.36862
   2326.3   0.36866
   2327.4   0.36868
   2328.4   0.36867
   2329.5   0.36868
   2330.5   0.36869
   2331.6   0.36872
   2332.6   0.36873
   2333.7   0.36877
   2334.7   0.36882
   2335.8   0.36886
   2336.8   0.36888
   2337.9   0.36885
   2338.9   0.36881
   2340.0   0.36882
   2341.0   0.36885
   2342.1   0.36889
   2343.1   0.36891
   2344.2   0.36896
   2345.3   0.36898
   2346.3   0.36898
   2347.4   0.36902
   2348.5   0.36905
   2349.5   0.36907
   2350.6   0.36913
   2351.7   0.36917
   2352.7   0.36923
   2353.8   0.36928
   2354.9   0.36930
   2355.9   0.36933
   2357.0   0.36935
   2358.1   0.36935
   2359.1   0.36940
   2360.2   0.36944
   2361.3   0.36948
   2362.4   0.36954
   2363.4   0.36958
   2364.5   0.36958
   2365.6   0.36963
   2366.7   0.36968
   2367.8   0.36971
   2368.9   0.36972
   2369.9   0.36974
   2371.0   0.36978
   2372.1   0.36978
   2373.2   0.36984
   2374.3   0.36989
   2375.4   0.36991
   2376.4   0.36995
   2377.5   0.36998
   2378.6   0.37002
   2379.7   0.37004
   2380.8   0.37008
   2381.9   0.37012
   2383.0   0.37014
   2384.1   0.37015
   2385.2   0.37017
   2386.3   0.37021
   2387.4   0.37023
   2388.5   0.37025
   2389.6   0.37030
   2390.7   0.37034
   2391.8   0.37036
   2392.9   0.37035
   2394.0   0.37036
   2395.1   0.37041
   2396.2   0.37045
   2397.3   0.37049
   2398.4   0.37053
   2399.5   0.37056
   2400.6   0.37059
   2401.8   0.37062
   2402.9   0.37063
   2404.0   0.37067
   2405.1   0.37071
   2406.2   0.37072
   2407.3   0.37073
   2408.5   0.37072
   2409.6   0.37076
   2410.7   0.37081
   2411.8   0.37084
   2412.9   0.37084
   2414.1   0.37083
   2415.2   0.37087
   2416.3   0.37091
   2417.4   0.37093
   2418.6   0.37094
   2419.7   0.37098
   2420.8   0.37102
   2422.0   0.37101
   2423.1   0.37100
   2424.2   0.37098
   2425.4   0.37099
   2426.5   0.37104
   2427.6   0.37107
   2428.8   0.37108
   2429.9   0.37108
   2431.1   0.37106
   2432.2   0.37107
   2433.3   0.37109
   2434.5   0.37110
   2435.6   0.37114
   2436.8   0.37110
   2437.9   0.37105
   2439.1   0.37108
   2440.2   0.37108
   2441.4   0.37103
   2442.5   0.37100
   2443.6   0.37099
   2444.8   0.37099
   2445.9   0.37099
   2447.1   0.37097
   2448.3   0.37097
   2449.4   0.37096
   2450.6   0.37094
   2451.7   0.37094
   2452.9   0.37094
   2454.1   0.37095
   2455.2   0.37095
   2456.4   0.37091
   2457.6   0.37088
   2458.7   0.37086
   2459.9   0.37084
   2461.1   0.37082
   2462.2   0.37081
   2463.4   0.37078
   2464.6   0.37075
   2465.7   0.37072
   2466.9   0.37067
   2468.1   0.37065
   2469.3   0.37065
   2470.4   0.37061
   2471.6   0.37059
   2472.8   0.37058
   2474.0   0.37058
   2475.1   0.37058
   2476.3   0.37055
   2477.5   0.37054
   2478.7   0.37054
   2479.9   0.37055
   2481.1   0.37056
   2482.3   0.37056
   2483.4   0.37056
   2484.6   0.37058
   2485.8   0.37062
   2487.0   0.37065
   2488.2   0.37066
   2489.4   0.37066
   2490.6   0.37069
   2491.8   0.37074
   2493.0   0.37078
   2494.2   0.37078
   2495.4   0.37081
   2496.6   0.37086
   2497.8   0.37090
   2499.0   0.37092
   2500.2   0.37096
   2501.4   0.37100
   2502.6   0.37104
   2503.8   0.37108
   2505.0   0.37109
   2506.3   0.37112
   2507.5   0.37117
   2508.7   0.37121
   2509.9   0.37126
   2511.1   0.37131
   2512.3   0.37135
   2513.5   0.37137
   2514.8   0.37138
   2516.0   0.37143
   2517.2   0.37148
   2518.4   0.37153
   2519.6   0.37156
   2520.9   0.37157
   2522.1   0.37161
   2523.3   0.37167
   2524.6   0.37170
   2525.8   0.37177
   2527.0   0.37178
   2528.2   0.37180
   2529.5   0.37185
   2530.7   0.37190
   2531.9   0.37196
   2533.2   0.37200
   2534.4   0.37204
   2535.7   0.37210
   2536.9   0.37214
   2538.1   0.37218
   2539.4   0.37224
   2540.6   0.37227
   2541.9   0.37231
   2543.1   0.37236
   2544.4   0.37240
   2545.6   0.37248
   2546.9   0.37250
   2548.1   0.37252
   2549.4   0.37256
   2550.6   0.37260
   2551.9   0.37265
   2553.1   0.37270
   2554.4   0.37275
   2555.6   0.37278
   2556.9   0.37282
   2558.2   0.37285
   2559.4   0.37287
   2560.7   0.37290
   2562.0   0.37295
   2563.2   0.37298
   2564.5   0.37300
   2565.8   0.37304
   2567.0   0.37308
   2568.3   0.37310
   2569.6   0.37314
   2570.9   0.37320
   2572.1   0.37322
   2573.4   0.37323
   2574.7   0.37326
   2576.0   0.37329
   2577.3   0.37330
   2578.5   0.37333
   2579.8   0.37335
   2581.1   0.37341
   2582.4   0.37347
   2583.7   0.37347
   2585.0   0.37353
   2586.2   0.37356
   2587.5   0.37358
   2588.8   0.37365
   2590.1   0.37369
   2591.4   0.37370
   2592.7   0.37373
   2594.0   0.37372
   2595.3   0.37374
   2596.6   0.37384
   2597.9   0.37389
   2599.2   0.37390
   2600.5   0.37391
   2601.8   0.37395
   2603.1   0.37396
   2604.4   0.37397
   2605.7   0.37399
   2607.1   0.37405
   2608.4   0.37409
   2609.7   0.37409
   2611.0   0.37408
   2612.3   0.37409
   2613.6   0.37414
   2614.9   0.37418
   2616.3   0.37416
   2617.6   0.37417
   2618.9   0.37420
   2620.2   0.37420
   2621.6   0.37424
   2622.9   0.37426
   2624.2   0.37429
   2625.5   0.37430
   2626.9   0.37429
   2628.2   0.37430
   2629.5   0.37430
   2630.9   0.37432
   2632.2   0.37434
   2633.5   0.37435
   2634.9   0.37440
   2636.2   0.37444
   2637.6   0.37446
   2638.9   0.37446
   2640.2   0.37448
   2641.6   0.37450
   2642.9   0.37449
   2644.3   0.37449
   2645.6   0.37450
   2647.0   0.37452
   2648.3   0.37454
   2649.7   0.37455
   2651.0   0.37454
   2652.4   0.37455
   2653.8   0.37456
   2655.1   0.37454
   2656.5   0.37453
   2657.8   0.37457
   2659.2   0.37458
   2660.6   0.37454
   2661.9   0.37451
   2663.3   0.37451
   2664.7   0.37448
   2666.0   0.37444
   2667.4   0.37438
   2668.8   0.37429
   2670.1   0.37418
   2671.5   0.37417
   2672.9   0.37418
   2674.3   0.37417
   2675.6   0.37412
   2677.0   0.37408
   2678.4   0.37406
   2679.8   0.37402
   2681.2   0.37397
   2682.6   0.37390
   2684.0   0.37382
   2685.4   0.37370
   2686.8   0.37360
   2688.1   0.37349
   2689.5   0.37340
   2690.9   0.37332
   2692.3   0.37319
   2693.7   0.37299
   2695.1   0.37279
   2696.5   0.37262
   2697.9   0.37244
   2699.3   0.37224
   2700.7   0.37201
   2702.1   0.37173
   2703.6   0.37143
   2705.0   0.37112
   2706.4   0.37090
   2707.8   0.37066
   2709.2   0.37034
   2710.6   0.37008
   2712.0   0.36987
   2713.5   0.36966
   2714.9   0.36938
   2716.3   0.36910
   2717.7   0.36882
   2719.1   0.36856
   2720.6   0.36819
   2722.0   0.36779
   2723.4   0.36745
   2724.9   0.36711
   2726.3   0.36680
   2727.7   0.36643
   2729.2   0.36601
   2730.6   0.36558
   2732.0   0.36520
   2733.5   0.36483
   2734.9   0.36440
   2736.4   0.36396
   2737.8   0.36349
   2739.3   0.36302
   2740.7   0.36259
   2742.2   0.36215
   2743.6   0.36169
   2745.1   0.36122
   2746.5   0.36075
   2748.0   0.36028
   2749.4   0.35979
   2750.9   0.35925
   2752.3   0.35874
   2753.8   0.35819
   2755.3   0.35760
   2756.7   0.35710
   2758.2   0.35660
   2759.7   0.35605
   2761.1   0.35546
   2762.6   0.35487
   2764.1   0.35433
   2765.6   0.35382
   2767.0   0.35328
   2768.5   0.35274
   2770.0   0.35220
   2771.5   0.35164
   2772.9   0.35110
   2774.4   0.35057
   2775.9   0.35003
   2777.4   0.34948
   2778.9   0.34896
   2780.4   0.34846
   2781.9   0.34796
   2783.4   0.34743
   2784.9   0.34695
   2786.4   0.34646
   2787.9   0.34599
   2789.4   0.34557
   2790.9   0.34512
   2792.4   0.34465
   2793.9   0.34425
   2795.4   0.34385
   2796.9   0.34344
   2798.4   0.34301
   2799.9   0.34259
   2801.4   0.34221
   2802.9   0.34182
   2804.4   0.34141
   2806.0   0.34104
   2807.5   0.34071
   2809.0   0.34035
   2810.5   0.33997
   2812.1   0.33960
   2813.6   0.33924
   2815.1   0.33889
   2816.6   0.33857
   2818.2   0.33824
   2819.7   0.33788
   2821.2   0.33756
   2822.8   0.33726
   2824.3   0.33694
   2825.8   0.33665
   2827.4   0.33643
   2828.9   0.33617
   2830.5   0.33586
   2832.0   0.33556
   2833.6   0.33527
   2835.1   0.33499
   2836.7   0.33472
   2838.2   0.33445
   2839.8   0.33417
   2841.3   0.33392
   2842.9   0.33369
   2844.4   0.33342
   2846.0   0.33317
   2847.6   0.33294
   2849.1   0.33271
   2850.7   0.33248
   2852.3   0.33225
   2853.8   0.33202
   2855.4   0.33181
   2857.0   0.33163
   2858.6   0.33143
   2860.1   0.33119
   2861.7   0.33099
   2863.3   0.33083
   2864.9   0.33066
   2866.4   0.33049
   2868.0   0.33030
   2869.6   0.33008
   2871.2   0.32989
   2872.8   0.32975
   2874.4   0.32960
   2876.0   0.32950
   2877.6   0.32934
   2879.2   0.32918
   2880.8   0.32907
   2882.4   0.32895
   2884.0   0.32882
   2885.6   0.32869
   2887.2   0.32854
   2888.8   0.32842
   2890.4   0.32830
   2892.0   0.32817
   2893.6   0.32805
   2895.3   0.32794
   2896.9   0.32787
   2898.5   0.32778
   2900.1   0.32769
   2901.7   0.32760
   2903.4   0.32752
   2905.0   0.32745
   2906.6   0.32737
   2908.3   0.32727
   2909.9   0.32719
   2911.5   0.32711
   2913.1   0.32705
   2914.8   0.32697
   2916.4   0.32687
   2918.1   0.32679
   2919.7   0.32673
   2921.4   0.32669
   2923.0   0.32666
   2924.7   0.32657
   2926.3   0.32649
   2928.0   0.32643
   2929.6   0.32639
   2931.3   0.32637
   2932.9   0.32633
   2934.6   0.32633
   2936.3   0.32631
   2937.9   0.32619
   2939.6   0.32613
   2941.2   0.32615
   2942.9   0.32616
   2944.6   0.32610
   2946.3   0.32607
   2947.9   0.32606
   2949.6   0.32607
   2951.3   0.32608
   2953.0   0.32608
   2954.6   0.32605
   2956.3   0.32603
   2958.0   0.32605
   2959.7   0.32604
   2961.4   0.32604
   2963.1   0.32606
   2964.8   0.32606
   2966.5   0.32609
   2968.2   0.32610
   2969.9   0.32609
   2971.6   0.32614
   2973.3   0.32618
   2975.0   0.32619
   2976.7   0.32625
   2978.4   0.32632
   2980.1   0.32635
   2981.8   0.32637
   2983.6   0.32642
   2985.3   0.32646
   2987.0   0.32652
   2988.7   0.32657
   2990.4   0.32665
   2992.2   0.32671
   2993.9   0.32679
   2995.6   0.32688
   2997.4   0.32696
   2999.1   0.32702
   3000.8   0.32709
   3002.6   0.32717
   3004.3   0.32724
   3006.0   0.32729
   3007.8   0.32740
   3009.5   0.32750
   3011.3   0.32754
   3013.0   0.32759
   3014.8   0.32764
   3016.5   0.32773
   3018.3   0.32784
   3020.0   0.32788
   3021.8   0.32792
   3023.6   0.32805
   3025.3   0.32816
   3027.1   0.32819
   3028.9   0.32828
   3030.6   0.32837
   3032.4   0.32841
   3034.2   0.32847
   3036.0   0.32853
   3037.7   0.32858
   3039.5   0.32867
   3041.3   0.32874
   3043.1   0.32881
   3044.9   0.32892
   3046.7   0.32901
   3048.4   0.32908
   3050.2   0.32912
   3052.0   0.32916
   3053.8   0.32922
   3055.6   0.32932
   3057.4   0.32940
   3059.2   0.32950
   3061.1   0.32962
   3062.9   0.32970
   3064.7   0.32978
   3066.5   0.32990
   3068.3   0.32997
   3070.1   0.33006
   3071.9   0.33017
   3073.8   0.33027
   3075.6   0.33036
   3077.4   0.33046
   3079.2   0.33058
   3081.1   0.33065
   3082.9   0.33074
   3084.7   0.33086
   3086.6   0.33096
   3088.4   0.33109
   3090.2   0.33123
   3092.1   0.33132
   3093.9   0.33144
   3095.8   0.33161
   3097.6   0.33171
   3099.5   0.33176
   3101.3   0.33188
   3103.2   0.33205
   3105.0   0.33220
   3106.9   0.33232
   3108.8   0.33240
   3110.6   0.33251
   3112.5   0.33266
   3114.4   0.33282
   3116.2   0.33295
   3118.1   0.33306
   3120.0   0.33321
   3121.9   0.33340
   3123.7   0.33353
   3125.6   0.33366
   3127.5   0.33384
   3129.4   0.33402
   3131.3   0.33417
   3133.2   0.33434
   3135.1   0.33449
   3137.0   0.33464
   3138.9   0.33482
   3140.8   0.33494
   3142.7   0.33508
   3144.6   0.33525
   3146.5   0.33540
   3148.4   0.33563
   3150.3   0.33584
   3152.2   0.33607
   3154.1   0.33624
   3156.1   0.33637
   3158.0   0.33650
   3159.9   0.33666
   3161.8   0.33679
   3163.8   0.33697
   3165.7   0.33718
   3167.6   0.33735
   3169.6   0.33753
   3171.5   0.33770
   3173.4   0.33790
   3175.4   0.33808
   3177.3   0.33824
   3179.3   0.33844
   3181.2   0.33862
   3183.2   0.33880
   3185.1   0.33895
   3187.1   0.33910
   3189.1   0.33930
   3191.0   0.33948
   3193.0   0.33968
   3194.9   0.33987
   3196.9   0.34002
   3198.9   0.34018
   3200.9   0.34040
   3202.9   0.34058
   3204.8   0.34070
   3206.8   0.34086
   3208.8   0.34103
   3210.8   0.34121
   3212.8   0.34138
   3214.8   0.34153
   3216.8   0.34169
   3218.8   0.34189
   3220.8   0.34203
   3222.8   0.34220
   3224.8   0.34242
   3226.8   0.34261
   3228.8   0.34277
   3230.8   0.34289
   3232.8   0.34304
   3234.8   0.34321
   3236.8   0.34336
   3238.9   0.34347
   3240.9   0.34357
   3242.9   0.34369
   3244.9   0.34385
   3247.0   0.34403
   3249.0   0.34420
   3251.0   0.34435
   3253.1   0.34446
   3255.1   0.34456
   3257.2   0.34470
   3259.2   0.34483
   3261.3   0.34498
   3263.3   0.34511
   3265.4   0.34523
   3267.4   0.34535
   3269.5   0.34548
   3271.6   0.34565
   3273.6   0.34577
   3275.7   0.34593
   3277.8   0.34611
   3279.8   0.34623
   3281.9   0.34635
   3284.0   0.34648
   3286.1   0.34658
   3288.1   0.34669
   3290.2   0.34677
   3292.3   0.34684
   3294.4   0.34685
   3296.5   0.34690
   3298.6   0.34697
   3300.7   0.34699
   3302.8   0.34701
   3304.9   0.34705
   3307.0   0.34717
   3309.1   0.34728
   3311.2   0.34736
   3313.4   0.34742
   3315.5   0.34748
   3317.6   0.34754
   3319.7   0.34760
   3321.9   0.34756
   3324.0   0.34744
   3326.1   0.34735
   3328.3   0.34727
   3330.4   0.34710
   3332.5   0.34694
   3334.7   0.34671
   3336.8   0.34645
   3339.0   0.34617
   3341.1   0.34586
   3343.3   0.34551
   3345.4   0.34503
   3347.6   0.34452
   3349.8   0.34403
   3351.9   0.34342
   3354.1   0.34275
   3356.3   0.34197
   3358.4   0.34101
   3360.6   0.33983
   3362.8   0.33833
   3365.0   0.33652
   3367.1   0.33454
   3369.3   0.33273
   3371.5   0.33136
   3373.7   0.33047
   3375.9   0.32985
   3378.1   0.32957
   3380.3   0.32986
   3382.5   0.33061
   3384.7   0.33142
   3386.9   0.33202
   3389.1   0.33229
   3391.4   0.33220
   3393.6   0.33164
   3395.8   0.33068
   3398.0   0.32941
   3400.3   0.32794
   3402.5   0.32631
   3404.7   0.32460
   3407.0   0.32284
   3409.2   0.32114
   3411.4   0.31955
   3413.7   0.31812
   3415.9   0.31712
   3418.2   0.31687
   3420.4   0.31744
   3422.7   0.31870
   3425.0   0.32043
   3427.2   0.32234
   3429.5   0.32432
   3431.8   0.32621
   3434.0   0.32789
   3436.3   0.32928
   3438.6   0.33043
   3440.9   0.33131
   3443.2   0.33201
   3445.4   0.33275
   3447.7   0.33354
   3450.0   0.33431
   3452.3   0.33500
   3454.6   0.33564
   3456.9   0.33623
   3459.2   0.33677
   3461.6   0.33725
   3463.9   0.33754
   3466.2   0.33763
   3468.5   0.33753
   3470.8   0.33729
   3473.1   0.33708
   3475.5   0.33702
   3477.8   0.33705
   3480.1   0.33712
   3482.5   0.33708
   3484.8   0.33685
   3487.2   0.33642
   3489.5   0.33580
   3491.9   0.33502
   3494.2   0.33409
   3496.6   0.33297
   3498.9   0.33196
   3501.3   0.33144
   3503.6   0.33172
   3506.0   0.33274
   3508.4   0.33439
   3510.8   0.33667
   3513.1   0.33920
   3515.5   0.34137
   3517.9   0.34315
   3520.3   0.34457
   3522.7   0.34563
   3525.1   0.34649
   3527.5   0.34718
   3529.9   0.34768
   3532.3   0.34808
   3534.7   0.34847
   3537.1   0.34892
   3539.5   0.34926
   3541.9   0.34957
   3544.4   0.34980
   3546.8   0.35000
   3549.2   0.35020
   3551.6   0.35042
   3554.1   0.35065
   3556.5   0.35083
   3559.0   0.35105
   3561.4   0.35133
   3563.9   0.35151
   3566.3   0.35161
   3568.8   0.35174
   3571.2   0.35189
   3573.7   0.35204
   3576.1   0.35214
   3578.6   0.35227
   3581.1   0.35243
   3583.6   0.35258
   3586.0   0.35262
   3588.5   0.35269
   3591.0   0.35281
   3593.5   0.35285
   3596.0   0.35289
   3598.5   0.35295
   3601.0   0.35304
   3603.5   0.35309
   3606.0   0.35313
   3608.5   0.35320
   3611.0   0.35322
   3613.5   0.35322
   3616.0   0.35326
   3618.6   0.35332
   3621.1   0.35333
   3623.6   0.35336
   3626.1   0.35341
   3628.7   0.35343
   3631.2   0.35349
   3633.8   0.35352
   3636.3   0.35352
   3638.9   0.35353
   3641.4   0.35347
   3644.0   0.35349
   3646.6   0.35353
   3649.1   0.35356
   3651.7   0.35357
   3654.3   0.35358
   3656.9   0.35360
   3659.4   0.35363
   3662.0   0.35368
   3664.6   0.35372
   3667.2   0.35374
   3669.8   0.35382
   3672.4   0.35386
   3675.0   0.35388
   3677.6   0.35393
   3680.2   0.35397
   3682.8   0.35406
   3685.4   0.35414
   3688.1   0.35418
   3690.7   0.35426
   3693.3   0.35435
   3695.9   0.35443
   3698.6   0.35450
   3701.2   0.35456
   3703.9   0.35461
   3706.5   0.35467
   3709.2   0.35472
   3711.8   0.35475
   3714.5   0.35481
   3717.1   0.35488
   3719.8   0.35493
   3722.5   0.35496
   3725.2   0.35500
   3727.8   0.35506
   3730.5   0.35513
   3733.2   0.35518
   3735.9   0.35519
   3738.6   0.35518
   3741.3   0.35521
   3744.0   0.35524
   3746.7   0.35526
   3749.4   0.35525
   3752.1   0.35528
   3754.8   0.35528
   3757.6   0.35528
   3760.3   0.35529
   3763.0   0.35526
   3765.7   0.35526
   3768.5   0.35526
   3771.2   0.35525
   3774.0   0.35525
   3776.7   0.35523
   3779.5   0.35521
   3782.2   0.35520
   3785.0   0.35521
   3787.7   0.35521
   3790.5   0.35518
   3793.3   0.35516
   3796.1   0.35516
   3798.8   0.35512
   3801.6   0.35506
   3804.4   0.35502
   3807.2   0.35501
   3810.0   0.35499
   3812.8   0.35495
   3815.6   0.35492
   3818.4   0.35488
   3821.2   0.35481
   3824.1   0.35478
   3826.9   0.35471
   3829.7   0.35464
   3832.5   0.35457
   3835.4   0.35452
   3838.2   0.35447
   3841.1   0.35444
   3843.9   0.35439
   3846.8   0.35433
   3849.6   0.35428
   3852.5   0.35423
   3855.3   0.35414
   3858.2   0.35407
   3861.1   0.35400
   3863.9   0.35392
   3866.8   0.35383
   3869.7   0.35374
   3872.6   0.35364
   3875.5   0.35355
   3878.4   0.35347
   3881.3   0.35340
   3884.2   0.35331
   3887.1   0.35321
   3890.0   0.35309
   3893.0   0.35296
   3895.9   0.35283
   3898.8   0.35272
   3901.7   0.35261
   3904.7   0.35252
   3907.6   0.35240
   3910.6   0.35226
   3913.5   0.35214
   3916.5   0.35200
   3919.4   0.35187
   3922.4   0.35175
   3925.4   0.35162
   3928.4   0.35150
   3931.3   0.35136
   3934.3   0.35125
   3937.3   0.35114
   3940.3   0.35101
   3943.3   0.35087
   3946.3   0.35075
   3949.3   0.35063
   3952.3   0.35049
   3955.3   0.35038
   3958.3   0.35028
   3961.4   0.35014
   3964.4   0.35000
   3967.4   0.34988
   3970.5   0.34975
   3973.5   0.34962
   3976.6   0.34952
   3979.6   0.34940
   3982.6   0.34930
   3985.7   0.34919
   3988.8   0.34907
   3991.9   0.34897
   3994.9   0.34891
   3998.0   0.34884
   4001.1   0.34874
   4004.2   0.34862
   4007.3   0.34850
   4010.4   0.34840
   4013.5   0.34828
   4016.6   0.34816
   4019.7   0.34805
   4022.8   0.34790
   4025.9   0.34774
   4029.1   0.34759
   4032.2   0.34747
   4035.3   0.34733
   4038.5   0.34720
   4041.6   0.34705
   4044.8   0.34690
   4047.9   0.34676
   4051.1   0.34661
   4054.3   0.34643
   4057.4   0.34627
   4060.6   0.34611
   4063.8   0.34591
   4067.0   0.34571
   4070.2   0.34553
   4073.4   0.34534
   4076.6   0.34515
   4079.8   0.34495
   4083.0   0.34477
   4086.2   0.34460
   4089.4   0.34442
   4092.7   0.34421
   4095.9   0.34399
   4099.1   0.34380
   4102.4   0.34358
   4105.6   0.34336
   4108.9   0.34314
   4112.1   0.34290
   4115.4   0.34265
   4118.7   0.34237
   4122.0   0.34210
   4125.2   0.34181
   4128.5   0.34152
   4131.8   0.34124
   4135.1   0.34098
   4138.4   0.34065
   4141.7   0.34030
   4145.0   0.33997
   4148.3   0.33964
   4151.6   0.33927
   4155.0   0.33888
   4158.3   0.33848
   4161.6   0.33807
   4165.0   0.33763
   4168.3   0.33719
   4171.7   0.33673
   4175.0   0.33627
   4178.4   0.33578
   4181.8   0.33527
   4185.2   0.33475
   4188.5   0.33422
   4191.9   0.33366
   4195.3   0.33309
   4198.7   0.33250
   4202.1   0.33188
   4205.5   0.33129
   4208.9   0.33065
   4212.4   0.32999
   4215.8   0.32934
   4219.2   0.32866
   4222.6   0.32796
   4226.1   0.32721
   4229.5   0.32646
   4233.0   0.32572
   4236.5   0.32494
   4239.9   0.32414
   4243.4   0.32333
   4246.9   0.32249
   4250.3   0.32163
   4253.8   0.32076
   4257.3   0.31987
   4260.8   0.31898
   4264.3   0.31805
   4267.8   0.31712
   4271.3   0.31617
   4274.9   0.31520
   4278.4   0.31424
   4281.9   0.31325
   4285.5   0.31225
   4289.0   0.31123
   4292.6   0.31021
   4296.1   0.30919
   4299.7   0.30818
   4303.3   0.30718
   4306.8   0.30616
   4310.4   0.30514
   4314.0   0.30411
   4317.6   0.30314
   4321.2   0.30220
   4324.8   0.30125
   4328.4   0.30030
   4332.0   0.29936
   4335.6   0.29844
   4339.3   0.29753
   4342.9   0.29664
   4346.5   0.29573
   4350.2   0.29482
   4353.8   0.29395
   4357.5   0.29311
   4361.1   0.29225
   4364.8   0.29141
   4368.5   0.29058
   4372.2   0.28975
   4375.9   0.28895
   4379.6   0.28816
   4383.3   0.28739
   4387.0   0.28660
   4390.7   0.28579
   4394.4   0.28500
   4398.1   0.28425
   4401.9   0.28352
   4405.6   0.28276
   4409.4   0.28201
   4413.1   0.28126
   4416.9   0.28056
   4420.6   0.27983
   4424.4   0.27908
   4428.2   0.27833
   4432.0   0.27759
   4435.8   0.27686
   4439.6   0.27612
   4443.4   0.27535
   4447.2   0.27456
   4451.0   0.27377
   4454.8   0.27298
   4458.6   0.27216
   4462.5   0.27131
   4466.3   0.27046
   4470.2   0.26961
   4474.0   0.26873
   4477.9   0.26783
   4481.8   0.26691
   4485.6   0.26599
   4489.5   0.26506
   4493.4   0.26411
   4497.3   0.26317
   4501.2   0.26221
   4505.1   0.26122
   4509.0   0.26020
   4513.0   0.25916
   4516.9   0.25814
   4520.9   0.25710
   4524.8   0.25603
   4528.7   0.25493
   4532.7   0.25384
   4536.7   0.25274
   4540.6   0.25163
   4544.6   0.25048
   4548.6   0.24934
   4552.6   0.24820
   4556.6   0.24703
   4560.6   0.24586
   4564.6   0.24468
   4568.6   0.24351
   4572.7   0.24235
   4576.7   0.24115
   4580.8   0.23994
   4584.8   0.23872
   4588.9   0.23749
   4592.9   0.23629
   4597.0   0.23510
   4601.1   0.23389
   4605.2   0.23268
   4609.3   0.23146
   4613.4   0.23022
   4617.5   0.22900
   4621.6   0.22780
   4625.7   0.22661
   4629.8   0.22543
   4634.0   0.22425
   4638.1   0.22309
   4642.3   0.22195
   4646.4   0.22084
   4650.6   0.21976
   4654.8   0.21872
   4659.0   0.21768
   4663.1   0.21664
   4667.3   0.21565
   4671.5   0.21466
   4675.8   0.21368
   4680.0   0.21269
   4684.2   0.21172
   4688.4   0.21078
   4692.7   0.20984
   4696.9   0.20889
   4701.2   0.20796
   4705.5   0.20705
   4709.7   0.20615
   4714.0   0.20525
   4718.3   0.20435
   4722.6   0.20348
   4726.9   0.20261
   4731.2   0.20173
   4735.5   0.20087
   4739.9   0.20002
   4744.2   0.19919
   4748.5   0.19838
   4752.9   0.19755
   4757.3   0.19676
   4761.6   0.19597
   4766.0   0.19520
   4770.4   0.19441
   4774.8   0.19362
   4779.2   0.19284
   4783.6   0.19211
   4788.0   0.19135
   4792.4   0.19061
   4796.9   0.18985
   4801.3   0.18909
   4805.8   0.18835
   4810.2   0.18759
   4814.7   0.18682
   4819.1   0.18606
   4823.6   0.18530
   4828.1   0.18451
   4832.6   0.18371
   4837.1   0.18294
   4841.6   0.18217
   4846.2   0.18139
   4850.7   0.18062
   4855.3   0.17986
   4859.8   0.17907
   4864.4   0.17829
   4868.9   0.17751
   4873.5   0.17672
   4878.1   0.17596
   4882.7   0.17517
   4887.3   0.17436
   4891.9   0.17360
   4896.5   0.17284
   4901.1   0.17207
   4905.8   0.17126
   4910.4   0.17044
   4915.1   0.16965
   4919.7   0.16888
   4924.4   0.16810
   4929.1   0.16734
   4933.8   0.16660
   4938.5   0.16582
   4943.2   0.16505
   4947.9   0.16431
   4952.6   0.16353
   4957.4   0.16276
   4962.1   0.16199
   4966.9   0.16122
   4971.6   0.16044
   4976.4   0.15964
   4981.2   0.15883
   4986.0   0.15801
   4990.8   0.15721
   4995.6   0.15641
   5000.4   0.15559
   5005.2   0.15475
   5010.0   0.15391
   5014.9   0.15308
   5019.8   0.15224
   5024.6   0.15139
   5029.5   0.15053
   5034.4   0.14967
   5039.3   0.14881
   5044.2   0.14794
   5049.1   0.14707
   5054.0   0.14621
   5058.9   0.14535
   5063.9   0.14447
   5068.8   0.14359
   5073.8   0.14271
   5078.8   0.14179
   5083.7   0.14085
   5088.7   0.13992
   5093.7   0.13900
   5098.7   0.13806
   5103.7   0.13711
   5108.8   0.13612
   5113.8   0.13511
   5118.9   0.13412
   5123.9   0.13313
   5129.0   0.13210
   5134.1   0.13109
   5139.1   0.13008
   5144.3   0.12908
   5149.4   0.12807
   5154.5   0.12705
   5159.6   0.12605
   5164.7   0.12507
   5169.9   0.12411
   5175.0   0.12315
   5180.2   0.12222
   5185.4   0.12132
   5190.6   0.12041
   5195.8   0.11951
   5201.0   0.11864
   5206.2   0.11779
   5211.5   0.11694
   5216.7   0.11609
   5222.0   0.11528
   5227.2   0.11447
   5232.5   0.11367
   5237.8   0.11288
   5243.1   0.11206
   5248.4   0.11127
   5253.7   0.11052
   5259.0   0.10978
   5264.4   0.10901
   5269.7   0.10824
   5275.1   0.10748
   5280.5   0.10675
   5285.8   0.10603
   5291.2   0.10533
   5296.6   0.10465
   5302.0   0.10397
   5307.5   0.10332
   5312.9   0.10269
   5318.4   0.10206
   5323.8   0.10145
   5329.3   0.10083
   5334.8   0.10022
   5340.3   0.09962
   5345.8   0.09902
   5351.3   0.09841
   5356.8   0.09783
   5362.4   0.09723
   5367.9   0.09665
   5373.5   0.09607
   5379.0   0.09549
   5384.6   0.09495
   5390.2   0.09443
   5395.8   0.09391
   5401.5   0.09342
   5407.1   0.09293
   5412.7   0.09246
   5418.4   0.09204
   5424.1   0.09165
   5429.7   0.09127
   5435.4   0.09092
   5441.1   0.09061
   5446.8   0.09033
   5452.6   0.09006
   5458.3   0.08981
   5464.1   0.08957
   5469.8   0.08937
   5475.6   0.08916
   5481.4   0.08896
   5487.2   0.08879
   5493.0   0.08864
   5498.8   0.08850
   5504.7   0.08836
   5510.5   0.08821
   5516.4   0.08807
   5522.3   0.08793
   5528.1   0.08779
   5534.0   0.08765
   5540.0   0.08749
   5545.9   0.08733
   5551.8   0.08716
   5557.8   0.08697
   5563.7   0.08675
   5569.7   0.08652
   5575.7   0.08629
   5581.7   0.08604
   5587.7   0.08577
   5593.7   0.08546
   5599.8   0.08514
   5605.8   0.08479
   5611.9   0.08440
   5618.0   0.08401
   5624.1   0.08361
   5630.2   0.08319
   5636.3   0.08273
   5642.4   0.08225
   5648.6   0.08178
   5654.7   0.08128
   5660.9   0.08076
   5667.1   0.08024
   5673.3   0.07972
   5679.5   0.07916
   5685.7   0.07860
   5692.0   0.07802
   5698.2   0.07746
   5704.5   0.07689
   5710.8   0.07627
   5717.1   0.07565
   5723.4   0.07501
   5729.7   0.07435
   5736.0   0.07370
   5742.4   0.07304
   5748.8   0.07236
   5755.1   0.07165
   5761.5   0.07095
   5768.0   0.07025
   5774.4   0.06955
   5780.8   0.06884
   5787.3   0.06813
   5793.7   0.06742
   5800.2   0.06672
   5806.7   0.06599
   5813.2   0.06526
   5819.8   0.06456
   5826.3   0.06389
   5832.8   0.06321
   5839.4   0.06251
   5846.0   0.06183
   5852.6   0.06118
   5859.2   0.06051
   5865.8   0.05983
   5872.5   0.05921
   5879.1   0.05862
   5885.8   0.05801
   5892.5   0.05739
   5899.2   0.05677
   5905.9   0.05617
   5912.6   0.05558
   5919.4   0.05501
   5926.2   0.05446
   5932.9   0.05393
   5939.7   0.05340
   5946.5   0.05288
   5953.4   0.05236
   5960.2   0.05186
   5967.1   0.05138
   5974.0   0.05092
   5980.8   0.05046
   5987.8   0.05003
   5994.7   0.04960
   6001.6   0.04917
   6008.6   0.04877
   6015.5   0.04842
   6022.5   0.04807
   6029.5   0.04775
   6036.5   0.04744
   6043.6   0.04715
   6050.6   0.04690
   6057.7   0.04663
   6064.8   0.04636
   6071.9   0.04614
   6079.0   0.04594
   6086.1   0.04573
   6093.3   0.04552
   6100.5   0.04532
   6107.6   0.04512
   6114.8   0.04493
   6122.1   0.04473
   6129.3   0.04452
   6136.5   0.04432
   6143.8   0.04415
   6151.1   0.04397
   6158.4   0.04380
   6165.7   0.04366
   6173.1   0.04350
   6180.4   0.04335
   6187.8   0.04323
   6195.2   0.04309
   6202.6   0.04297
   6210.0   0.04286
   6217.5   0.04276
   6225.0   0.04268
   6232.4   0.04260
   6239.9   0.04251
   6247.5   0.04244
   6255.0   0.04238
   6262.5   0.04231
   6270.1   0.04225
   6277.7   0.04220
   6285.3   0.04215
   6292.9   0.04210
   6300.6   0.04206
   6308.3   0.04204
   6315.9   0.04200
   6323.6   0.04198
   6331.4   0.04197
   6339.1   0.04199
   6346.9   0.04203
   6354.6   0.04207
   6362.4   0.04208
   6370.3   0.04212
   6378.1   0.04218
   6385.9   0.04223
   6393.8   0.04225
   6401.7   0.04228
   6409.6   0.04233
   6417.6   0.04236
   6425.5   0.04236
   6433.5   0.04235
   6441.5   0.04234
   6449.5   0.04232
   6457.5   0.04229
   6465.6   0.04225
   6473.6   0.04219
   6481.7   0.04213
   6489.8   0.04209
   6498.0   0.04206
   6506.1   0.04199
   6514.3   0.04191
   6522.5   0.04186
   6530.7   0.04181
   6538.9   0.04176
   6547.2   0.04168
   6555.5   0.04159
   6563.8   0.04151
   6572.1   0.04147
   6580.4   0.04142
   6588.8   0.04135
   6597.2   0.04126
   6605.6   0.04116
   6614.0   0.04108
   6622.5   0.04101
   6630.9   0.04095
   6639.4   0.04090
   6647.9   0.04084
   6656.5   0.04076
   6665.0   0.04070
   6673.6   0.04066
   6682.2   0.04060
   6690.8   0.04051
   6699.5   0.04045
   6708.1   0.04038
   6716.8   0.04028
   6725.5   0.04019
   6734.3   0.04011
   6743.0   0.04001
   6751.8   0.03991
   6760.6   0.03981
   6769.4   0.03969
   6778.3   0.03955
   6787.1   0.03942
   6796.0   0.03928
   6805.0   0.03912
   6813.9   0.03902
   6822.9   0.03891
   6831.9   0.03879
   6840.9   0.03865
   6849.9   0.03855
   6859.0   0.03845
   6868.0   0.03832
   6877.2   0.03819
   6886.3   0.03809
   6895.5   0.03801
   6904.6   0.03790
   6913.8   0.03776
   6923.1   0.03762
   6932.3   0.03746
   6941.6   0.03732
   6950.9   0.03716
   6960.2   0.03700
   6969.6   0.03684
   6979.0   0.03664
   6988.4   0.03644
   6997.8   0.03625
   7007.3   0.03604
   7016.8   0.03581
   7026.3   0.03561
   7035.8   0.03543
   7045.4   0.03524
   7054.9   0.03502
   7064.5   0.03481
   7074.2   0.03457
   7083.9   0.03433
   7093.5   0.03409
   7103.3   0.03384
   7113.0   0.03360
   7122.8   0.03336
   7132.6   0.03310
   7142.4   0.03282
   7152.2   0.03256
   7162.1   0.03227
   7172.0   0.03197
   7182.0   0.03167
   7191.9   0.03136
   7201.9   0.03106
   7211.9   0.03075
   7222.0   0.03042
   7232.0   0.03008
   7242.1   0.02974
   7252.3   0.02938
   7262.4   0.02903
   7272.6   0.02869
   7282.8   0.02833
   7293.1   0.02797
   7303.4   0.02761
   7313.6   0.02724
   7324.0   0.02687
   7334.3   0.02651
   7344.7   0.02613
   7355.1   0.02574
   7365.6   0.02534
   7376.1   0.02493
   7386.6   0.02454
   7397.1   0.02413
   7407.7   0.02368
   7418.3   0.02324
   7428.9   0.02283
   7439.6   0.02240
   7450.3   0.02197
   7461.0   0.02151
   7471.7   0.02103
   7482.5   0.02060
   7493.3   0.02016
   7504.1   0.01971
   7515.0   0.01925
   7525.9   0.01879
   7536.9   0.01831
   7547.9   0.01786
   7558.9   0.01743
   7569.9   0.01697
   7581.0   0.01650
   7592.0   0.01605
   7603.2   0.01562
   7614.4   0.01516
   7625.5   0.01468
   7636.8   0.01424
   7648.0   0.01381
   7659.3   0.01338
   7670.7   0.01293
   7682.0   0.01248
   7693.4   0.01204
   7704.9   0.01157
   7716.3   0.01113
   7727.8   0.01069
   7739.4   0.01025
   7750.9   0.00981
   7762.5   0.00938
   7774.2   0.00899
   7785.8   0.00859
   7797.5   0.00816
   7809.3   0.00775
   7821.1   0.00737
   7832.9   0.00700
   7844.7   0.00662
   7856.6   0.00628
   7868.5   0.00597
   7880.5   0.00566
   7892.5   0.00535
   7904.5   0.00505
   7916.6   0.00477
   7928.7   0.00450
   7940.8   0.00424
   7953.0   0.00398
   7965.2   0.00373
   7977.5   0.00353
   7989.8   0.00334
   8002.1   0.00316
   8014.5   0.00303
   8026.9   0.00291
   8039.3   0.00282
   8051.8   0.00273
   8064.3   0.00265
   8076.9   0.00263
   8089.5   0.00265
   8102.1   0.00272
   8114.8   0.00288
   8127.5   0.00309
   8140.3   0.00340
   8153.1   0.00381
   8165.9   0.00434
   8178.8   0.00504
   8191.7   0.00589
   8204.7   0.00688
   8217.7   0.00805
   8230.7   0.00939
   8243.8   0.01087
   8257.0   0.01245
   8270.1   0.01411
   8283.3   0.01578
   8296.6   0.01743
   8309.9   0.01908
   8323.2   0.02059
   8336.6   0.02199
   8350.0   0.02327
   8363.5   0.02440
   8377.0   0.02540
   8390.5   0.02629
   8404.2   0.02711
   8417.8   0.02785
   8431.5   0.02849
   8445.2   0.02901
   8459.0   0.02948
   8472.8   0.02992
   8486.7   0.03029
   8500.6   0.03063
   8514.5   0.03094
   8528.5   0.03126
   8542.6   0.03160
   8556.7   0.03192
   8570.8   0.03219
   8585.0   0.03244
   8599.3   0.03266
   8613.5   0.03286
   8627.9   0.03304
   8642.3   0.03320
   8656.7   0.03339
   8671.2   0.03355
   8685.7   0.03367
   8700.3   0.03376
   8714.9   0.03386
   8729.5   0.03392
   8744.3   0.03399
   8759.0   0.03403
   8773.9   0.03399
   8788.7   0.03397
   8803.7   0.03394
   8818.6   0.03389
   8833.7   0.03385
   8848.7   0.03376
   8863.8   0.03362
   8879.0   0.03347
   8894.3   0.03329
   8909.5   0.03308
   8924.9   0.03279
   8940.3   0.03246
   8955.7   0.03212
   8971.2   0.03179
   8986.8   0.03142
   9002.3   0.03106
   9018.0   0.03070
   9033.7   0.03028
   9049.5   0.02986
   9065.3   0.02946
   9081.2   0.02905
   9097.1   0.02865
   9113.1   0.02823
   9129.1   0.02782
   9145.2   0.02745
   9161.4   0.02712
   9177.6   0.02683
   9193.9   0.02658
   9210.2   0.02639
   9226.6   0.02628
   9243.0   0.02622
   9259.5   0.02617
   9276.1   0.02614
   9292.7   0.02618
   9309.4   0.02624
   9326.2   0.02633
   9343.0   0.02647
   9359.8   0.02659
   9376.8   0.02671
   9393.8   0.02689
   9410.8   0.02710
   9427.9   0.02733
   9445.1   0.02756
   9462.3   0.02781
   9479.6   0.02812
   9497.0   0.02843
   9514.4   0.02871
   9531.9   0.02899
   9549.4   0.02926
   9567.0   0.02952
   9584.7   0.02978
   9602.5   0.03000
   9620.3   0.03022
   9638.2   0.03042
   9656.1   0.03060
   9674.2   0.03077
   9692.2   0.03090
   9710.4   0.03102
   9728.6   0.03117
   9746.9   0.03131
   9765.2   0.03141
   9783.7   0.03147
   9802.2   0.03151
   9820.7   0.03152
   9839.4   0.03155
   9858.1   0.03163
   9876.8   0.03179
   9895.7   0.03199
   9914.6   0.03225
   9933.6   0.03257
   9952.7   0.03296
   9971.8   0.03342
   9991.0   0.03387
  10010.3   0.03446
  10029.7   0.03507
  10049.1   0.03567
  10068.6   0.03632
  10088.2   0.03705
  10107.9   0.03785
  10127.6   0.03867
  10147.5   0.03954
  10167.3   0.04045
  10187.3   0.04141
  10207.4   0.04246
  10227.5   0.04359
  10247.7   0.04482
  10268.0   0.04611
  10288.4   0.04742
  10308.8   0.04868
  10329.4   0.04983
  10350.0   0.05083
  10370.7   0.05173
  10391.5   0.05261
  10412.3   0.05342
  10433.3   0.05408
  10454.3   0.05461
  10475.4   0.05501
  10496.7   0.05532
  10517.9   0.05552
  10539.3   0.05561
  10560.8   0.05565
  10582.3   0.05562
  10604.0   0.05561
  10625.7   0.05553
  10647.5   0.05539
  10669.4   0.05510
  10691.4   0.05477
  10713.5   0.05450
  10735.7   0.05417
  10758.0   0.05376
  10780.3   0.05328
  10802.8   0.05271
  10825.4   0.05209
  10848.0   0.05144
  10870.8   0.05078
  10893.6   0.05007
  10916.5   0.04940
  10939.5   0.04871
  10962.7   0.04802
  10985.9   0.04730
  11009.2   0.04659
  11032.7   0.04590
  11056.2   0.04522
  11079.8   0.04449
  11103.5   0.04371
  11127.4   0.04294
  11151.3   0.04220
  11175.3   0.04138
  11199.5   0.04055
  11223.7   0.03972
  11248.0   0.03885
  11272.5   0.03799
  11297.1   0.03723
  11321.7   0.03648
  11346.5   0.03574
  11371.4   0.03509
  11396.4   0.03448
  11421.5   0.03387
  11446.7   0.03332
  11472.0   0.03281
  11497.5   0.03237
  11523.0   0.03200
  11548.7   0.03165
  11574.4   0.03132
  11600.3   0.03104
  11626.3   0.03074
  11652.5   0.03043
  11678.7   0.03014
  11705.1   0.02988
  11731.6   0.02967
  11758.2   0.02948
  11784.9   0.02927
  11811.7   0.02906
  11838.7   0.02884
  11865.8   0.02862
  11893.0   0.02843
  11920.3   0.02822
  11947.8   0.02797
  11975.4   0.02777
  12003.1   0.02755
  12031.0   0.02730
  12059.0   0.02702
  12087.1   0.02675
  12115.3   0.02647
  12143.7   0.02619
  12172.2   0.02592
  12200.8   0.02561
  12229.6   0.02529
  12258.5   0.02498
  12287.6   0.02467
  12316.8   0.02436
  12346.1   0.02399
  12375.5   0.02361
  12405.2   0.02318
  12434.9   0.02267
  12464.8   0.02214
  12494.8   0.02167
  12525.0   0.02120
  12555.3   0.02073
  12585.8   0.02027
  12616.4   0.01971
  12647.2   0.01918
  12678.1   0.01880
  12709.2   0.01843
  12740.4   0.01803
  12771.8   0.01771
  12803.3   0.01746
  12835.0   0.01729
  12866.9   0.01727
  12898.9   0.01732
  12931.1   0.01732
  12963.4   0.01735
  12995.9   0.01743
  13028.5   0.01752
  13061.3   0.01765
  13094.3   0.01781
  13127.5   0.01796
  13160.8   0.01803
  13194.3   0.01808
  13228.0   0.01814
  13261.8   0.01812
  13295.8   0.01805
  13330.0   0.01797
  13364.3   0.01779
  13398.8   0.01762
  13433.6   0.01753
  13468.5   0.01744
  13503.5   0.01740
  13538.8   0.01743
  13574.2   0.01743
  13609.9   0.01749
  13645.7   0.01754
  13681.7   0.01764
  13717.9   0.01774
  13754.3   0.01778
  13790.8   0.01780
  13827.6   0.01774
  13864.6   0.01763
  13901.8   0.01751
  13939.2   0.01740
  13976.7   0.01729
  14014.5   0.01715
  14052.5   0.01703
  14090.7   0.01694
  14129.0   0.01678
  14167.6   0.01667
  14206.5   0.01657
  14245.5   0.01646
  14284.7   0.01638
  14324.2   0.01633
  14363.9   0.01628
  14403.8   0.01619
  14443.9   0.01617
  14484.3   0.01617
  14524.8   0.01614
  14565.6   0.01617
  14606.7   0.01624
  14647.9   0.01624
  14689.4   0.01628
  14731.2   0.01631
  14773.1   0.01633
  14815.3   0.01638
  14857.8   0.01641
  14900.5   0.01650
  14943.4   0.01650
  14986.6   0.01642
  15030.0   0.01643
  15073.7   0.01637
  15117.7   0.01632
  15161.9   0.01631
  15206.3   0.01636
  15251.1   0.01661
  15296.1   0.01709
  15341.3   0.01796
  15386.8   0.01926
  15432.6   0.02082
  15478.7   0.02260
  15525.0   0.02456
  15571.7   0.02652
  15618.6   0.02837
  15665.8   0.03003
  15713.2   0.03154
  15761.0   0.03296
  15809.0   0.03409
  15857.4   0.03490
  15906.0   0.03556
  15955.0   0.03612
  16004.2   0.03660
  16053.8   0.03685
  16103.6   0.03680
  16153.8   0.03677
  16204.3   0.03676
  16255.1   0.03675
  16306.2   0.03676
  16357.6   0.03691
  16409.4   0.03718
  16461.5   0.03732
  16513.9   0.03743
  16566.7   0.03746
  16619.8   0.03736
  16673.2   0.03732
  16727.0   0.03732
  16781.1   0.03728
  16835.6   0.03729
  16890.5   0.03742
  16945.7   0.03754
  17001.2   0.03761
  17057.2   0.03757
  17113.4   0.03744
  17170.1   0.03723
  17227.2   0.03712
  17284.6   0.03692
  17342.4   0.03669
  17400.6   0.03658
  17459.2   0.03661
  17518.2   0.03687
  17577.5   0.03715
  17637.3   0.03731
  17697.5   0.03742
  17758.1   0.03763
  17819.2   0.03753
  17880.6   0.03719
  17942.5   0.03702
  18004.8   0.03695
  18067.5   0.03690
  18130.7   0.03684
  18194.3   0.03710
  18258.4   0.03757
  18322.9   0.03825
  18387.9   0.03919
  18453.3   0.04009
  18519.2   0.04082
  18585.6   0.04129
  18652.4   0.04113
  18719.8   0.04053
  18787.6   0.03959
  18855.9   0.03835
  18924.7   0.03716
  18994.1   0.03613
  19063.9   0.03500
  19134.2   0.03385
  19205.1   0.03301
  19276.5   0.03230
  19348.4   0.03132
  19420.9   0.03061
  19493.9   0.03006
  19567.5   0.02961
  19641.6   0.02910
  19716.3   0.02829
  19791.5   0.02754
  19867.3   0.02730
  19943.8   0.02676
  20020.8   0.02605
  20098.4   0.02558
  20176.6   0.02508
  20255.4   0.02466
  20334.8   0.02449
  20414.9   0.02434
  20495.6   0.02412
  20576.9   0.02412
  20658.9   0.02434
  20741.5   0.02395
  20824.8   0.02375
  20908.8   0.02368
  20993.4   0.02334
  21078.8   0.02332
  21164.8   0.02355
  21251.6   0.02383
  21339.0   0.02404
  21427.2   0.02369
  21516.1   0.02319
  21605.8   0.02318
  21696.2   0.02279
  21787.3   0.02229
  21879.3   0.02206
  21972.0   0.02143
  22065.5   0.02074
  22159.7   0.02055
  22254.8   0.02108
  22350.8   0.02119
  22447.5   0.02107
  22545.1   0.02174
  22643.6   0.02252
  22742.9   0.02375
  22843.1   0.02472
  22944.2   0.02526
  23046.2   0.02634
  23149.0   0.02759
  23252.8   0.02878
  23357.6   0.02969
  23463.3   0.03105
  23569.9   0.03244
  23677.5   0.03278
  23786.1   0.03235
  23895.8   0.03241
  24006.4   0.03243
  24118.0   0.03288
  24230.7   0.03506
  24344.5   0.03708
  24459.4   0.03812
  24575.3   0.03880
  24692.3   0.03938
  24810.4   0.04173
  24929.7   0.04267
  25050.2   0.04161



 BIR1LR246C          .ASC                        

 LR-CMP-246-C                                                            
 60015,801 45-75 um                                                      
 Connected at 3.65 um                                                    

 Source Ang: 30.00   Detect Ang:  0.00  Volt: 1.222
 Date: 27-JAN-14   Time: 15:46:10
