  6171
    833.3   0.17417
    833.5   0.17441
    833.6   0.17386
    833.7   0.17356
    833.9   0.17503
    834.0   0.17483
    834.1   0.17465
    834.3   0.17494
    834.4   0.17585
    834.5   0.17696
    834.7   0.17642
    834.8   0.17490
    835.0   0.17519
    835.1   0.17551
    835.2   0.17457
    835.3   0.17479
    835.5   0.17581
    835.6   0.17528
    835.8   0.17430
    835.9   0.17450
    836.0   0.17423
    836.2   0.17416
    836.3   0.17431
    836.4   0.17451
    836.6   0.17637
    836.7   0.17568
    836.8   0.17332
    837.0   0.17330
    837.1   0.17241
    837.2   0.17170
    837.4   0.17296
    837.5   0.17486
    837.6   0.17452
    837.8   0.17357
    837.9   0.17418
    838.0   0.17483
    838.2   0.17423
    838.3   0.17472
    838.5   0.17558
    838.6   0.17440
    838.7   0.17373
    838.9   0.17374
    839.0   0.17461
    839.1   0.17591
    839.3   0.17598
    839.4   0.17337
    839.5   0.17182
    839.7   0.17253
    839.8   0.17360
    840.0   0.17442
    840.1   0.17381
    840.2   0.17407
    840.4   0.17475
    840.5   0.17501
    840.6   0.17433
    840.8   0.17269
    840.9   0.17317
    841.0   0.17407
    841.2   0.17378
    841.3   0.17341
    841.5   0.17310
    841.6   0.17418
    841.7   0.17425
    841.9   0.17394
    842.0   0.17385
    842.1   0.17271
    842.3   0.17265
    842.4   0.17340
    842.5   0.17372
    842.7   0.17407
    842.8   0.17291
    843.0   0.17210
    843.1   0.17212
    843.2   0.17329
    843.4   0.17419
    843.5   0.17438
    843.6   0.17336
    843.8   0.17268
    843.9   0.17253
    844.0   0.17275
    844.2   0.17325
    844.3   0.17325
    844.5   0.17360
    844.6   0.17505
    844.7   0.17478
    844.9   0.17368
    845.0   0.17284
    845.2   0.17220
    845.3   0.17234
    845.4   0.17335
    845.6   0.17430
    845.7   0.17375
    845.8   0.17360
    846.0   0.17342
    846.1   0.17403
    846.3   0.17438
    846.4   0.17329
    846.5   0.17326
    846.7   0.17304
    846.8   0.17250
    847.0   0.17300
    847.1   0.17341
    847.2   0.17296
    847.4   0.17306
    847.5   0.17312
    847.6   0.17328
    847.8   0.17326
    847.9   0.17234
    848.1   0.17163
    848.2   0.17194
    848.3   0.17236
    848.5   0.17193
    848.6   0.17193
    848.8   0.17227
    848.9   0.17221
    849.0   0.17175
    849.2   0.17189
    849.3   0.17329
    849.5   0.17369
    849.6   0.17359
    849.7   0.17275
    849.9   0.17199
    850.0   0.17186
    850.1   0.17152
    850.3   0.17106
    850.4   0.17068
    850.6   0.17217
    850.7   0.17376
    850.8   0.17390
    851.0   0.17407
    851.1   0.17416
    851.3   0.17418
    851.4   0.17261
    851.5   0.17165
    851.7   0.17176
    851.8   0.17213
    852.0   0.17250
    852.1   0.17248
    852.2   0.17257
    852.4   0.17332
    852.5   0.17358
    852.7   0.17286
    852.8   0.17201
    852.9   0.17150
    853.1   0.17147
    853.2   0.17165
    853.4   0.17160
    853.5   0.17192
    853.6   0.17277
    853.8   0.17259
    853.9   0.17144
    854.1   0.17177
    854.2   0.17252
    854.3   0.17171
    854.5   0.17025
    854.6   0.16993
    854.8   0.17117
    854.9   0.17172
    855.0   0.17129
    855.2   0.17125
    855.3   0.17085
    855.5   0.17031
    855.6   0.17127
    855.8   0.17231
    855.9   0.17312
    856.0   0.17342
    856.2   0.17305
    856.3   0.17266
    856.5   0.17172
    856.6   0.17129
    856.8   0.17165
    856.9   0.17215
    857.0   0.17276
    857.2   0.17227
    857.3   0.17172
    857.5   0.17191
    857.6   0.17168
    857.7   0.17205
    857.9   0.17208
    858.0   0.17095
    858.2   0.17092
    858.3   0.17134
    858.5   0.17088
    858.6   0.17180
    858.7   0.17263
    858.9   0.17251
    859.0   0.17230
    859.2   0.17169
    859.3   0.17140
    859.4   0.17146
    859.6   0.17258
    859.7   0.17256
    859.9   0.17189
    860.0   0.17098
    860.2   0.17076
    860.3   0.17103
    860.4   0.17056
    860.6   0.17059
    860.7   0.17097
    860.9   0.17169
    861.0   0.17181
    861.2   0.17072
    861.3   0.17046
    861.4   0.17037
    861.6   0.17061
    861.7   0.17130
    861.9   0.17208
    862.0   0.17217
    862.2   0.17140
    862.3   0.17094
    862.5   0.17063
    862.6   0.17083
    862.7   0.17172
    862.9   0.17141
    863.0   0.17055
    863.2   0.17041
    863.3   0.17092
    863.5   0.17120
    863.6   0.17086
    863.7   0.17111
    863.9   0.17153
    864.0   0.17194
    864.2   0.17151
    864.3   0.17051
    864.5   0.17016
    864.6   0.17012
    864.8   0.17039
    864.9   0.17090
    865.0   0.17157
    865.2   0.17125
    865.3   0.17129
    865.5   0.17089
    865.6   0.17010
    865.8   0.17003
    865.9   0.16994
    866.0   0.17016
    866.2   0.17029
    866.3   0.17036
    866.5   0.17083
    866.6   0.17091
    866.8   0.17030
    866.9   0.16935
    867.1   0.16958
    867.2   0.17026
    867.3   0.17071
    867.5   0.17110
    867.6   0.17012
    867.8   0.16932
    867.9   0.17085
    868.1   0.17118
    868.2   0.17012
    868.4   0.16992
    868.5   0.17024
    868.7   0.17002
    868.8   0.16994
    869.0   0.17049
    869.1   0.17110
    869.2   0.17061
    869.4   0.17010
    869.5   0.17097
    869.7   0.17095
    869.8   0.16989
    870.0   0.17024
    870.1   0.17039
    870.3   0.17014
    870.4   0.17081
    870.6   0.17173
    870.7   0.17142
    870.8   0.17014
    871.0   0.16918
    871.1   0.16988
    871.3   0.17037
    871.4   0.16965
    871.6   0.16917
    871.7   0.16960
    871.9   0.17005
    872.0   0.17072
    872.2   0.17086
    872.3   0.16961
    872.5   0.16899
    872.6   0.16894
    872.8   0.16898
    872.9   0.16983
    873.0   0.17013
    873.2   0.16938
    873.3   0.16941
    873.5   0.16973
    873.6   0.17019
    873.8   0.17023
    873.9   0.16946
    874.1   0.16927
    874.2   0.16977
    874.4   0.16961
    874.5   0.16968
    874.7   0.16911
    874.8   0.16897
    875.0   0.16970
    875.1   0.16976
    875.3   0.16955
    875.4   0.16877
    875.5   0.16902
    875.7   0.16925
    875.8   0.16902
    876.0   0.16936
    876.2   0.17013
    876.3   0.16972
    876.4   0.16889
    876.6   0.16811
    876.7   0.16834
    876.9   0.16903
    877.0   0.16867
    877.2   0.16868
    877.3   0.16957
    877.5   0.16916
    877.6   0.16830
    877.8   0.16802
    877.9   0.16782
    878.1   0.16787
    878.2   0.16858
    878.4   0.16841
    878.5   0.16793
    878.7   0.16904
    878.8   0.16920
    879.0   0.16880
    879.1   0.16933
    879.3   0.16954
    879.4   0.16857
    879.6   0.16802
    879.7   0.16793
    879.9   0.16787
    880.0   0.16894
    880.2   0.16942
    880.3   0.16881
    880.5   0.16812
    880.6   0.16866
    880.8   0.16849
    880.9   0.16822
    881.1   0.16902
    881.2   0.16983
    881.4   0.16914
    881.5   0.16853
    881.7   0.16871
    881.8   0.16868
    882.0   0.16771
    882.1   0.16781
    882.3   0.16820
    882.4   0.16856
    882.6   0.16850
    882.7   0.16888
    882.9   0.16894
    883.0   0.16832
    883.2   0.16769
    883.3   0.16763
    883.5   0.16797
    883.6   0.16808
    883.8   0.16784
    883.9   0.16794
    884.1   0.16806
    884.2   0.16814
    884.4   0.16776
    884.5   0.16766
    884.7   0.16826
    884.8   0.16819
    885.0   0.16768
    885.1   0.16771
    885.3   0.16755
    885.4   0.16782
    885.6   0.16853
    885.7   0.16864
    885.9   0.16878
    886.0   0.16876
    886.2   0.16851
    886.3   0.16815
    886.5   0.16765
    886.6   0.16726
    886.8   0.16701
    886.9   0.16712
    887.1   0.16783
    887.2   0.16829
    887.4   0.16773
    887.5   0.16736
    887.7   0.16775
    887.8   0.16814
    888.0   0.16772
    888.2   0.16739
    888.3   0.16750
    888.5   0.16744
    888.6   0.16782
    888.8   0.16796
    888.9   0.16779
    889.1   0.16752
    889.2   0.16784
    889.4   0.16827
    889.5   0.16832
    889.7   0.16845
    889.8   0.16861
    890.0   0.16799
    890.1   0.16763
    890.3   0.16761
    890.4   0.16738
    890.6   0.16764
    890.8   0.16775
    890.9   0.16785
    891.0   0.16811
    891.2   0.16792
    891.4   0.16751
    891.5   0.16783
    891.7   0.16764
    891.8   0.16707
    892.0   0.16713
    892.1   0.16719
    892.3   0.16710
    892.4   0.16751
    892.6   0.16802
    892.7   0.16802
    892.9   0.16769
    893.0   0.16702
    893.2   0.16706
    893.4   0.16734
    893.5   0.16700
    893.7   0.16668
    893.8   0.16688
    894.0   0.16668
    894.1   0.16710
    894.3   0.16793
    894.4   0.16832
    894.6   0.16778
    894.7   0.16744
    894.9   0.16721
    895.0   0.16682
    895.2   0.16635
    895.4   0.16621
    895.5   0.16676
    895.7   0.16713
    895.8   0.16721
    896.0   0.16722
    896.1   0.16734
    896.3   0.16731
    896.4   0.16686
    896.6   0.16639
    896.8   0.16649
    896.9   0.16658
    897.1   0.16688
    897.2   0.16697
    897.4   0.16681
    897.5   0.16718
    897.7   0.16697
    897.8   0.16657
    898.0   0.16657
    898.2   0.16652
    898.3   0.16641
    898.5   0.16637
    898.6   0.16655
    898.8   0.16665
    898.9   0.16691
    899.1   0.16698
    899.2   0.16677
    899.4   0.16703
    899.6   0.16707
    899.7   0.16656
    899.9   0.16662
    900.0   0.16682
    900.2   0.16667
    900.3   0.16648
    900.5   0.16636
    900.7   0.16661
    900.8   0.16682
    901.0   0.16690
    901.1   0.16662
    901.3   0.16630
    901.4   0.16624
    901.6   0.16669
    901.8   0.16647
    901.9   0.16615
    902.1   0.16611
    902.2   0.16596
    902.4   0.16579
    902.5   0.16628
    902.7   0.16675
    902.8   0.16648
    903.0   0.16587
    903.2   0.16562
    903.3   0.16602
    903.5   0.16598
    903.6   0.16563
    903.8   0.16606
    904.0   0.16629
    904.1   0.16585
    904.3   0.16589
    904.4   0.16558
    904.6   0.16547
    904.7   0.16635
    904.9   0.16650
    905.0   0.16622
    905.2   0.16603
    905.4   0.16580
    905.5   0.16604
    905.7   0.16651
    905.8   0.16692
    906.0   0.16697
    906.2   0.16631
    906.3   0.16569
    906.5   0.16536
    906.6   0.16546
    906.8   0.16625
    907.0   0.16626
    907.1   0.16622
    907.3   0.16622
    907.4   0.16608
    907.6   0.16601
    907.7   0.16597
    907.9   0.16575
    908.1   0.16568
    908.2   0.16599
    908.4   0.16625
    908.5   0.16581
    908.7   0.16566
    908.9   0.16589
    909.0   0.16596
    909.2   0.16576
    909.3   0.16585
    909.5   0.16604
    909.7   0.16630
    909.8   0.16607
    910.0   0.16529
    910.1   0.16546
    910.3   0.16597
    910.5   0.16586
    910.6   0.16559
    910.8   0.16537
    910.9   0.16518
    911.1   0.16501
    911.3   0.16545
    911.4   0.16597
    911.6   0.16547
    911.7   0.16493
    911.9   0.16497
    912.1   0.16526
    912.2   0.16591
    912.4   0.16573
    912.5   0.16522
    912.7   0.16513
    912.9   0.16502
    913.0   0.16519
    913.2   0.16537
    913.3   0.16557
    913.5   0.16524
    913.7   0.16523
    913.8   0.16525
    914.0   0.16499
    914.2   0.16523
    914.3   0.16535
    914.5   0.16572
    914.6   0.16616
    914.8   0.16571
    915.0   0.16523
    915.1   0.16525
    915.3   0.16525
    915.4   0.16513
    915.6   0.16511
    915.8   0.16536
    915.9   0.16529
    916.1   0.16508
    916.3   0.16513
    916.4   0.16539
    916.6   0.16582
    916.7   0.16588
    916.9   0.16580
    917.1   0.16587
    917.2   0.16579
    917.4   0.16530
    917.5   0.16506
    917.7   0.16550
    917.9   0.16561
    918.0   0.16515
    918.2   0.16474
    918.4   0.16509
    918.5   0.16524
    918.7   0.16552
    918.8   0.16559
    919.0   0.16544
    919.2   0.16561
    919.3   0.16537
    919.5   0.16498
    919.7   0.16493
    919.8   0.16534
    920.0   0.16552
    920.2   0.16548
    920.3   0.16534
    920.5   0.16499
    920.6   0.16508
    920.8   0.16517
    921.0   0.16485
    921.1   0.16522
    921.3   0.16569
    921.5   0.16551
    921.6   0.16540
    921.8   0.16533
    922.0   0.16480
    922.1   0.16447
    922.3   0.16483
    922.4   0.16518
    922.6   0.16504
    922.8   0.16501
    922.9   0.16496
    923.1   0.16488
    923.3   0.16468
    923.4   0.16449
    923.6   0.16508
    923.8   0.16517
    923.9   0.16493
    924.1   0.16497
    924.3   0.16487
    924.4   0.16477
    924.6   0.16487
    924.7   0.16482
    924.9   0.16529
    925.1   0.16526
    925.2   0.16477
    925.4   0.16496
    925.6   0.16533
    925.7   0.16525
    925.9   0.16478
    926.1   0.16482
    926.2   0.16496
    926.4   0.16475
    926.6   0.16500
    926.7   0.16520
    926.9   0.16505
    927.1   0.16459
    927.2   0.16428
    927.4   0.16462
    927.6   0.16489
    927.7   0.16500
    927.9   0.16507
    928.0   0.16506
    928.2   0.16509
    928.4   0.16484
    928.5   0.16476
    928.7   0.16453
    928.9   0.16428
    929.0   0.16451
    929.2   0.16475
    929.4   0.16465
    929.5   0.16447
    929.7   0.16491
    929.9   0.16513
    930.0   0.16506
    930.2   0.16520
    930.4   0.16498
    930.5   0.16476
    930.7   0.16468
    930.9   0.16478
    931.0   0.16484
    931.2   0.16437
    931.4   0.16417
    931.6   0.16459
    931.7   0.16479
    931.9   0.16452
    932.1   0.16428
    932.2   0.16441
    932.4   0.16469
    932.6   0.16486
    932.7   0.16491
    932.9   0.16482
    933.1   0.16462
    933.2   0.16444
    933.4   0.16456
    933.6   0.16442
    933.7   0.16433
    933.9   0.16465
    934.1   0.16465
    934.2   0.16471
    934.4   0.16479
    934.6   0.16479
    934.8   0.16465
    934.9   0.16433
    935.1   0.16442
    935.3   0.16454
    935.4   0.16446
    935.6   0.16450
    935.8   0.16463
    935.9   0.16482
    936.1   0.16491
    936.3   0.16477
    936.4   0.16432
    936.6   0.16416
    936.8   0.16438
    936.9   0.16459
    937.1   0.16468
    937.3   0.16502
    937.5   0.16532
    937.6   0.16501
    937.8   0.16462
    938.0   0.16442
    938.1   0.16468
    938.3   0.16467
    938.5   0.16431
    938.6   0.16411
    938.8   0.16403
    939.0   0.16430
    939.2   0.16440
    939.3   0.16435
    939.5   0.16392
    939.7   0.16424
    939.8   0.16464
    940.0   0.16476
    940.2   0.16465
    940.3   0.16473
    940.5   0.16426
    940.7   0.16401
    940.8   0.16442
    941.0   0.16454
    941.2   0.16455
    941.4   0.16446
    941.5   0.16431
    941.7   0.16421
    941.9   0.16452
    942.0   0.16495
    942.2   0.16469
    942.4   0.16445
    942.6   0.16453
    942.7   0.16448
    942.9   0.16431
    943.1   0.16420
    943.3   0.16451
    943.4   0.16456
    943.6   0.16436
    943.8   0.16426
    943.9   0.16451
    944.1   0.16432
    944.3   0.16397
    944.5   0.16402
    944.6   0.16428
    944.8   0.16414
    945.0   0.16429
    945.1   0.16460
    945.3   0.16438
    945.5   0.16423
    945.7   0.16459
    945.8   0.16496
    946.0   0.16488
    946.2   0.16442
    946.3   0.16420
    946.5   0.16443
    946.7   0.16464
    946.9   0.16459
    947.0   0.16442
    947.2   0.16446
    947.4   0.16473
    947.6   0.16490
    947.7   0.16467
    947.9   0.16425
    948.1   0.16433
    948.3   0.16462
    948.4   0.16467
    948.6   0.16447
    948.8   0.16424
    949.0   0.16439
    949.1   0.16466
    949.3   0.16455
    949.5   0.16444
    949.6   0.16463
    949.8   0.16489
    950.0   0.16485
    950.2   0.16448
    950.3   0.16469
    950.5   0.16459
    950.7   0.16419
    950.9   0.16424
    951.0   0.16455
    951.2   0.16456
    951.4   0.16444
    951.6   0.16439
    951.7   0.16430
    951.9   0.16426
    952.1   0.16431
    952.3   0.16452
    952.4   0.16458
    952.6   0.16455
    952.8   0.16465
    953.0   0.16457
    953.1   0.16409
    953.3   0.16379
    953.5   0.16416
    953.7   0.16441
    953.8   0.16461
    954.0   0.16468
    954.2   0.16472
    954.4   0.16460
    954.5   0.16430
    954.7   0.16464
    954.9   0.16471
    955.1   0.16444
    955.2   0.16440
    955.4   0.16444
    955.6   0.16421
    955.8   0.16443
    956.0   0.16454
    956.1   0.16433
    956.3   0.16425
    956.5   0.16448
    956.7   0.16442
    956.8   0.16425
    957.0   0.16436
    957.2   0.16477
    957.4   0.16476
    957.5   0.16441
    957.7   0.16473
    957.9   0.16498
    958.1   0.16482
    958.2   0.16467
    958.4   0.16475
    958.6   0.16473
    958.8   0.16481
    959.0   0.16478
    959.1   0.16464
    959.3   0.16468
    959.5   0.16468
    959.7   0.16457
    959.8   0.16442
    960.0   0.16448
    960.2   0.16465
    960.4   0.16488
    960.5   0.16493
    960.7   0.16469
    960.9   0.16467
    961.1   0.16469
    961.3   0.16474
    961.4   0.16465
    961.6   0.16473
    961.8   0.16491
    962.0   0.16495
    962.2   0.16476
    962.3   0.16467
    962.5   0.16464
    962.7   0.16469
    962.9   0.16481
    963.0   0.16470
    963.2   0.16492
    963.4   0.16500
    963.6   0.16453
    963.8   0.16426
    963.9   0.16450
    964.1   0.16476
    964.3   0.16485
    964.5   0.16453
    964.7   0.16432
    964.8   0.16456
    965.0   0.16471
    965.2   0.16485
    965.4   0.16502
    965.6   0.16478
    965.7   0.16464
    965.9   0.16483
    966.1   0.16494
    966.3   0.16510
    966.5   0.16544
    966.6   0.16537
    966.8   0.16469
    967.0   0.16466
    967.2   0.16496
    967.4   0.16494
    967.5   0.16479
    967.7   0.16471
    967.9   0.16469
    968.1   0.16472
    968.3   0.16489
    968.4   0.16480
    968.6   0.16474
    968.8   0.16496
    969.0   0.16503
    969.2   0.16493
    969.3   0.16484
    969.5   0.16484
    969.7   0.16496
    969.9   0.16493
    970.1   0.16514
    970.3   0.16526
    970.4   0.16528
    970.6   0.16487
    970.8   0.16452
    971.0   0.16459
    971.2   0.16485
    971.3   0.16502
    971.5   0.16506
    971.7   0.16489
    971.9   0.16519
    972.1   0.16544
    972.3   0.16528
    972.4   0.16543
    972.6   0.16539
    972.8   0.16533
    973.0   0.16524
    973.2   0.16502
    973.3   0.16504
    973.5   0.16520
    973.7   0.16505
    973.9   0.16502
    974.1   0.16502
    974.3   0.16495
    974.5   0.16467
    974.6   0.16468
    974.8   0.16490
    975.0   0.16486
    975.2   0.16458
    975.4   0.16471
    975.5   0.16480
    975.7   0.16482
    975.9   0.16510
    976.1   0.16528
    976.3   0.16530
    976.5   0.16528
    976.7   0.16507
    976.8   0.16512
    977.0   0.16519
    977.2   0.16494
    977.4   0.16497
    977.6   0.16495
    977.8   0.16480
    977.9   0.16489
    978.1   0.16522
    978.3   0.16551
    978.5   0.16549
    978.7   0.16541
    978.9   0.16539
    979.0   0.16552
    979.2   0.16519
    979.4   0.16499
    979.6   0.16529
    979.8   0.16548
    980.0   0.16557
    980.2   0.16558
    980.3   0.16549
    980.5   0.16526
    980.7   0.16511
    980.9   0.16536
    981.1   0.16551
    981.3   0.16542
    981.5   0.16517
    981.7   0.16504
    981.8   0.16530
    982.0   0.16562
    982.2   0.16558
    982.4   0.16551
    982.6   0.16552
    982.8   0.16541
    983.0   0.16539
    983.1   0.16543
    983.3   0.16538
    983.5   0.16548
    983.7   0.16572
    983.9   0.16566
    984.1   0.16546
    984.3   0.16556
    984.4   0.16548
    984.6   0.16541
    984.8   0.16563
    985.0   0.16592
    985.2   0.16579
    985.4   0.16565
    985.6   0.16560
    985.8   0.16575
    985.9   0.16607
    986.1   0.16610
    986.3   0.16568
    986.5   0.16538
    986.7   0.16560
    986.9   0.16563
    987.1   0.16554
    987.3   0.16556
    987.4   0.16567
    987.6   0.16589
    987.8   0.16599
    988.0   0.16587
    988.2   0.16571
    988.4   0.16588
    988.6   0.16597
    988.8   0.16611
    989.0   0.16608
    989.1   0.16589
    989.3   0.16586
    989.5   0.16590
    989.7   0.16592
    989.9   0.16594
    990.1   0.16588
    990.3   0.16592
    990.5   0.16596
    990.7   0.16600
    990.8   0.16583
    991.0   0.16587
    991.2   0.16608
    991.4   0.16608
    991.6   0.16605
    991.8   0.16601
    992.0   0.16595
    992.2   0.16618
    992.4   0.16614
    992.5   0.16606
    992.7   0.16623
    992.9   0.16623
    993.1   0.16606
    993.3   0.16581
    993.5   0.16602
    993.7   0.16613
    993.9   0.16611
    994.1   0.16603
    994.3   0.16585
    994.5   0.16596
    994.6   0.16624
    994.8   0.16638
    995.0   0.16642
    995.2   0.16660
    995.4   0.16648
    995.6   0.16605
    995.8   0.16617
    996.0   0.16640
    996.2   0.16641
    996.4   0.16638
    996.5   0.16637
    996.7   0.16650
    996.9   0.16646
    997.1   0.16636
    997.3   0.16644
    997.5   0.16655
    997.7   0.16636
    997.9   0.16607
    998.1   0.16606
    998.3   0.16629
    998.5   0.16644
    998.7   0.16666
    998.9   0.16657
    999.0   0.16637
    999.2   0.16637
    999.4   0.16659
    999.6   0.16675
    999.8   0.16692
   1000.0   0.16689
   1000.2   0.16684
   1000.4   0.16682
   1000.6   0.16663
   1000.8   0.16654
   1001.0   0.16661
   1001.2   0.16659
   1001.4   0.16671
   1001.6   0.16668
   1001.8   0.16652
   1001.9   0.16675
   1002.1   0.16690
   1002.3   0.16693
   1002.5   0.16681
   1002.7   0.16683
   1002.9   0.16687
   1003.1   0.16683
   1003.3   0.16677
   1003.5   0.16678
   1003.7   0.16694
   1003.9   0.16701
   1004.1   0.16701
   1004.3   0.16703
   1004.5   0.16706
   1004.7   0.16686
   1004.9   0.16686
   1005.0   0.16691
   1005.3   0.16694
   1005.4   0.16683
   1005.6   0.16657
   1005.8   0.16682
   1006.0   0.16721
   1006.2   0.16707
   1006.4   0.16687
   1006.6   0.16704
   1006.8   0.16720
   1007.0   0.16712
   1007.2   0.16698
   1007.4   0.16705
   1007.6   0.16708
   1007.8   0.16709
   1008.0   0.16708
   1008.2   0.16707
   1008.4   0.16706
   1008.6   0.16712
   1008.8   0.16714
   1009.0   0.16707
   1009.2   0.16713
   1009.4   0.16759
   1009.5   0.16755
   1009.8   0.16724
   1010.0   0.16715
   1010.1   0.16728
   1010.3   0.16739
   1010.5   0.16747
   1010.7   0.16734
   1010.9   0.16706
   1011.1   0.16714
   1011.3   0.16750
   1011.5   0.16750
   1011.7   0.16744
   1011.9   0.16755
   1012.1   0.16756
   1012.3   0.16741
   1012.5   0.16734
   1012.7   0.16736
   1012.9   0.16735
   1013.1   0.16750
   1013.3   0.16765
   1013.5   0.16764
   1013.7   0.16746
   1013.9   0.16725
   1014.1   0.16729
   1014.3   0.16750
   1014.5   0.16763
   1014.7   0.16772
   1014.9   0.16772
   1015.1   0.16758
   1015.3   0.16747
   1015.5   0.16745
   1015.7   0.16750
   1015.9   0.16757
   1016.1   0.16766
   1016.3   0.16754
   1016.5   0.16761
   1016.7   0.16783
   1016.9   0.16779
   1017.1   0.16782
   1017.3   0.16792
   1017.5   0.16780
   1017.7   0.16771
   1017.9   0.16773
   1018.1   0.16777
   1018.3   0.16792
   1018.5   0.16800
   1018.7   0.16790
   1018.9   0.16794
   1019.1   0.16812
   1019.3   0.16804
   1019.5   0.16774
   1019.7   0.16780
   1019.9   0.16802
   1020.1   0.16806
   1020.3   0.16817
   1020.5   0.16813
   1020.7   0.16809
   1020.9   0.16808
   1021.1   0.16786
   1021.3   0.16778
   1021.5   0.16795
   1021.7   0.16813
   1021.9   0.16819
   1022.1   0.16825
   1022.3   0.16820
   1022.5   0.16796
   1022.7   0.16790
   1022.9   0.16806
   1023.1   0.16819
   1023.3   0.16833
   1023.5   0.16834
   1023.7   0.16847
   1023.9   0.16825
   1024.1   0.16803
   1024.3   0.16817
   1024.5   0.16835
   1024.7   0.16835
   1024.9   0.16825
   1025.1   0.16827
   1025.3   0.16846
   1025.5   0.16845
   1025.7   0.16856
   1025.9   0.16856
   1026.1   0.16850
   1026.3   0.16854
   1026.5   0.16869
   1026.8   0.16876
   1026.9   0.16867
   1027.2   0.16849
   1027.4   0.16845
   1027.6   0.16847
   1027.8   0.16847
   1028.0   0.16853
   1028.2   0.16845
   1028.4   0.16862
   1028.6   0.16880
   1028.8   0.16879
   1029.0   0.16886
   1029.2   0.16887
   1029.4   0.16877
   1029.6   0.16864
   1029.8   0.16872
   1030.0   0.16878
   1030.2   0.16885
   1030.4   0.16879
   1030.6   0.16885
   1030.8   0.16885
   1031.0   0.16881
   1031.2   0.16881
   1031.4   0.16883
   1031.7   0.16901
   1031.8   0.16913
   1032.1   0.16913
   1032.3   0.16912
   1032.5   0.16914
   1032.7   0.16921
   1032.9   0.16923
   1033.1   0.16920
   1033.3   0.16904
   1033.5   0.16893
   1033.7   0.16883
   1033.9   0.16892
   1034.1   0.16905
   1034.3   0.16918
   1034.5   0.16914
   1034.7   0.16915
   1034.9   0.16922
   1035.2   0.16913
   1035.4   0.16898
   1035.6   0.16902
   1035.8   0.16900
   1036.0   0.16901
   1036.2   0.16909
   1036.4   0.16911
   1036.6   0.16923
   1036.8   0.16940
   1037.0   0.16943
   1037.2   0.16946
   1037.4   0.16937
   1037.6   0.16928
   1037.8   0.16944
   1038.1   0.16969
   1038.3   0.16956
   1038.5   0.16923
   1038.7   0.16915
   1038.9   0.16944
   1039.1   0.16970
   1039.3   0.16970
   1039.5   0.16962
   1039.7   0.16954
   1039.9   0.16947
   1040.1   0.16967
   1040.3   0.16985
   1040.6   0.16988
   1040.8   0.16969
   1041.0   0.16959
   1041.2   0.16960
   1041.4   0.16961
   1041.6   0.16956
   1041.8   0.16971
   1042.0   0.16977
   1042.2   0.16975
   1042.4   0.16978
   1042.6   0.16970
   1042.8   0.16962
   1043.1   0.16974
   1043.3   0.16969
   1043.5   0.16959
   1043.7   0.16971
   1043.9   0.16989
   1044.1   0.16985
   1044.3   0.16988
   1044.5   0.17000
   1044.8   0.16999
   1045.0   0.16995
   1045.2   0.16989
   1045.4   0.16981
   1045.6   0.16972
   1045.8   0.16977
   1046.0   0.16992
   1046.2   0.17014
   1046.4   0.17025
   1046.6   0.17017
   1046.9   0.17013
   1047.1   0.17025
   1047.3   0.17028
   1047.5   0.17026
   1047.7   0.17028
   1047.9   0.17013
   1048.1   0.17022
   1048.3   0.17030
   1048.6   0.17032
   1048.8   0.17016
   1049.0   0.17012
   1049.2   0.17031
   1049.4   0.17050
   1049.6   0.17053
   1049.8   0.17048
   1050.0   0.17035
   1050.3   0.17030
   1050.5   0.17041
   1050.7   0.17050
   1050.9   0.17043
   1051.1   0.17036
   1051.3   0.17027
   1051.5   0.17050
   1051.7   0.17056
   1051.9   0.17040
   1052.2   0.17024
   1052.4   0.17018
   1052.6   0.17045
   1052.8   0.17063
   1053.0   0.17061
   1053.2   0.17055
   1053.4   0.17061
   1053.7   0.17088
   1053.9   0.17088
   1054.1   0.17074
   1054.3   0.17073
   1054.5   0.17075
   1054.7   0.17073
   1054.9   0.17081
   1055.2   0.17088
   1055.4   0.17077
   1055.6   0.17065
   1055.8   0.17079
   1056.0   0.17090
   1056.2   0.17089
   1056.4   0.17079
   1056.7   0.17074
   1056.9   0.17078
   1057.1   0.17076
   1057.3   0.17092
   1057.5   0.17098
   1057.8   0.17081
   1058.0   0.17083
   1058.2   0.17094
   1058.4   0.17092
   1058.6   0.17092
   1058.8   0.17102
   1059.0   0.17116
   1059.3   0.17120
   1059.5   0.17134
   1059.7   0.17146
   1059.9   0.17129
   1060.1   0.17115
   1060.3   0.17127
   1060.6   0.17133
   1060.8   0.17125
   1061.0   0.17117
   1061.2   0.17125
   1061.4   0.17130
   1061.7   0.17123
   1061.9   0.17124
   1062.1   0.17140
   1062.3   0.17142
   1062.5   0.17134
   1062.7   0.17144
   1062.9   0.17147
   1063.2   0.17142
   1063.4   0.17139
   1063.6   0.17146
   1063.8   0.17176
   1064.0   0.17186
   1064.3   0.17167
   1064.5   0.17159
   1064.7   0.17150
   1064.9   0.17147
   1065.1   0.17158
   1065.3   0.17176
   1065.6   0.17185
   1065.8   0.17185
   1066.0   0.17198
   1066.2   0.17199
   1066.4   0.17171
   1066.7   0.17158
   1066.9   0.17170
   1067.1   0.17179
   1067.3   0.17190
   1067.6   0.17203
   1067.8   0.17198
   1068.0   0.17203
   1068.2   0.17218
   1068.4   0.17199
   1068.7   0.17193
   1068.9   0.17199
   1069.1   0.17206
   1069.3   0.17213
   1069.5   0.17207
   1069.8   0.17199
   1070.0   0.17198
   1070.2   0.17214
   1070.4   0.17210
   1070.6   0.17193
   1070.8   0.17195
   1071.1   0.17193
   1071.3   0.17204
   1071.5   0.17214
   1071.7   0.17213
   1072.0   0.17206
   1072.2   0.17212
   1072.4   0.17223
   1072.6   0.17220
   1072.8   0.17218
   1073.1   0.17220
   1073.3   0.17226
   1073.5   0.17234
   1073.7   0.17231
   1074.0   0.17220
   1074.2   0.17229
   1074.4   0.17249
   1074.6   0.17242
   1074.8   0.17234
   1075.1   0.17233
   1075.3   0.17223
   1075.5   0.17234
   1075.7   0.17248
   1076.0   0.17266
   1076.2   0.17271
   1076.4   0.17265
   1076.6   0.17268
   1076.9   0.17269
   1077.1   0.17260
   1077.3   0.17251
   1077.5   0.17258
   1077.8   0.17260
   1078.0   0.17250
   1078.2   0.17256
   1078.4   0.17276
   1078.7   0.17275
   1078.9   0.17274
   1079.1   0.17287
   1079.3   0.17288
   1079.6   0.17283
   1079.8   0.17290
   1080.0   0.17301
   1080.2   0.17302
   1080.4   0.17295
   1080.7   0.17292
   1080.9   0.17285
   1081.1   0.17285
   1081.3   0.17292
   1081.6   0.17297
   1081.8   0.17301
   1082.0   0.17308
   1082.3   0.17318
   1082.5   0.17306
   1082.7   0.17284
   1082.9   0.17294
   1083.2   0.17310
   1083.4   0.17316
   1083.6   0.17322
   1083.8   0.17323
   1084.1   0.17329
   1084.3   0.17324
   1084.5   0.17309
   1084.8   0.17321
   1085.0   0.17332
   1085.2   0.17331
   1085.4   0.17339
   1085.7   0.17346
   1085.9   0.17344
   1086.1   0.17341
   1086.3   0.17324
   1086.6   0.17315
   1086.8   0.17326
   1087.0   0.17337
   1087.3   0.17346
   1087.5   0.17355
   1087.7   0.17351
   1087.9   0.17345
   1088.2   0.17329
   1088.4   0.17340
   1088.6   0.17366
   1088.8   0.17376
   1089.1   0.17368
   1089.3   0.17358
   1089.5   0.17360
   1089.8   0.17359
   1090.0   0.17372
   1090.2   0.17371
   1090.4   0.17362
   1090.7   0.17367
   1090.9   0.17359
   1091.1   0.17352
   1091.4   0.17363
   1091.6   0.17380
   1091.8   0.17393
   1092.1   0.17388
   1092.3   0.17376
   1092.5   0.17384
   1092.8   0.17384
   1093.0   0.17380
   1093.2   0.17400
   1093.4   0.17407
   1093.7   0.17402
   1093.9   0.17398
   1094.1   0.17395
   1094.4   0.17398
   1094.6   0.17403
   1094.8   0.17402
   1095.1   0.17410
   1095.3   0.17416
   1095.5   0.17411
   1095.8   0.17414
   1096.0   0.17421
   1096.2   0.17425
   1096.4   0.17421
   1096.7   0.17417
   1096.9   0.17417
   1097.1   0.17419
   1097.4   0.17413
   1097.6   0.17418
   1097.8   0.17429
   1098.1   0.17429
   1098.3   0.17426
   1098.5   0.17424
   1098.8   0.17437
   1099.0   0.17448
   1099.2   0.17436
   1099.5   0.17442
   1099.7   0.17441
   1099.9   0.17444
   1100.2   0.17459
   1100.4   0.17460
   1100.6   0.17454
   1100.9   0.17454
   1101.1   0.17450
   1101.3   0.17450
   1101.6   0.17461
   1101.8   0.17471
   1102.0   0.17466
   1102.3   0.17461
   1102.5   0.17464
   1102.7   0.17466
   1103.0   0.17472
   1103.2   0.17477
   1103.4   0.17481
   1103.7   0.17494
   1103.9   0.17487
   1104.2   0.17474
   1104.4   0.17489
   1104.6   0.17492
   1104.9   0.17483
   1105.1   0.17485
   1105.3   0.17492
   1105.6   0.17486
   1105.8   0.17486
   1106.0   0.17503
   1106.3   0.17509
   1106.5   0.17499
   1106.7   0.17493
   1107.0   0.17496
   1107.2   0.17500
   1107.4   0.17509
   1107.7   0.17515
   1107.9   0.17528
   1108.2   0.17520
   1108.4   0.17522
   1108.6   0.17523
   1108.9   0.17503
   1109.1   0.17501
   1109.3   0.17516
   1109.6   0.17525
   1109.8   0.17520
   1110.1   0.17520
   1110.3   0.17524
   1110.5   0.17522
   1110.8   0.17535
   1111.0   0.17552
   1111.3   0.17551
   1111.5   0.17541
   1111.7   0.17524
   1112.0   0.17516
   1112.2   0.17534
   1112.4   0.17540
   1112.7   0.17536
   1112.9   0.17542
   1113.2   0.17556
   1113.4   0.17565
   1113.6   0.17555
   1113.9   0.17547
   1114.1   0.17543
   1114.3   0.17544
   1114.6   0.17551
   1114.8   0.17558
   1115.1   0.17559
   1115.3   0.17560
   1115.6   0.17563
   1115.8   0.17568
   1116.0   0.17576
   1116.3   0.17583
   1116.5   0.17577
   1116.8   0.17574
   1117.0   0.17567
   1117.2   0.17554
   1117.5   0.17558
   1117.7   0.17575
   1118.0   0.17586
   1118.2   0.17594
   1118.4   0.17592
   1118.7   0.17592
   1118.9   0.17590
   1119.2   0.17577
   1119.4   0.17579
   1119.7   0.17598
   1119.9   0.17601
   1120.1   0.17593
   1120.4   0.17584
   1120.6   0.17595
   1120.9   0.17607
   1121.1   0.17613
   1121.3   0.17620
   1121.6   0.17628
   1121.8   0.17615
   1122.1   0.17614
   1122.3   0.17615
   1122.6   0.17618
   1122.8   0.17629
   1123.0   0.17633
   1123.3   0.17625
   1123.5   0.17615
   1123.8   0.17616
   1124.0   0.17624
   1124.3   0.17630
   1124.5   0.17633
   1124.8   0.17631
   1125.0   0.17629
   1125.2   0.17635
   1125.5   0.17642
   1125.7   0.17638
   1126.0   0.17632
   1126.2   0.17640
   1126.5   0.17647
   1126.7   0.17639
   1126.9   0.17629
   1127.2   0.17633
   1127.4   0.17647
   1127.7   0.17649
   1127.9   0.17638
   1128.2   0.17636
   1128.4   0.17650
   1128.7   0.17655
   1128.9   0.17655
   1129.2   0.17658
   1129.4   0.17661
   1129.7   0.17657
   1129.9   0.17656
   1130.1   0.17666
   1130.4   0.17675
   1130.6   0.17672
   1130.9   0.17667
   1131.1   0.17677
   1131.4   0.17674
   1131.6   0.17669
   1131.9   0.17679
   1132.1   0.17686
   1132.4   0.17681
   1132.6   0.17673
   1132.9   0.17680
   1133.1   0.17690
   1133.3   0.17692
   1133.6   0.17688
   1133.8   0.17691
   1134.1   0.17691
   1134.3   0.17688
   1134.6   0.17693
   1134.8   0.17686
   1135.1   0.17681
   1135.3   0.17683
   1135.6   0.17673
   1135.8   0.17677
   1136.1   0.17692
   1136.3   0.17700
   1136.6   0.17704
   1136.8   0.17711
   1137.1   0.17711
   1137.3   0.17712
   1137.6   0.17714
   1137.8   0.17709
   1138.1   0.17711
   1138.3   0.17702
   1138.6   0.17702
   1138.8   0.17719
   1139.1   0.17722
   1139.3   0.17710
   1139.6   0.17715
   1139.8   0.17715
   1140.1   0.17716
   1140.3   0.17720
   1140.6   0.17727
   1140.8   0.17740
   1141.1   0.17742
   1141.3   0.17734
   1141.6   0.17731
   1141.8   0.17735
   1142.1   0.17730
   1142.3   0.17728
   1142.6   0.17735
   1142.8   0.17745
   1143.1   0.17734
   1143.3   0.17722
   1143.6   0.17730
   1143.9   0.17735
   1144.1   0.17732
   1144.4   0.17742
   1144.6   0.17749
   1144.9   0.17748
   1145.1   0.17748
   1145.4   0.17755
   1145.6   0.17760
   1145.9   0.17760
   1146.1   0.17761
   1146.4   0.17756
   1146.6   0.17756
   1146.9   0.17765
   1147.2   0.17764
   1147.4   0.17759
   1147.7   0.17759
   1147.9   0.17759
   1148.2   0.17757
   1148.4   0.17753
   1148.7   0.17761
   1148.9   0.17766
   1149.2   0.17768
   1149.4   0.17771
   1149.7   0.17765
   1149.9   0.17772
   1150.2   0.17782
   1150.4   0.17775
   1150.7   0.17779
   1151.0   0.17787
   1151.2   0.17788
   1151.5   0.17789
   1151.7   0.17783
   1152.0   0.17776
   1152.2   0.17777
   1152.5   0.17781
   1152.8   0.17777
   1153.0   0.17774
   1153.3   0.17782
   1153.5   0.17790
   1153.8   0.17784
   1154.0   0.17792
   1154.3   0.17803
   1154.6   0.17799
   1154.8   0.17793
   1155.1   0.17787
   1155.3   0.17790
   1155.6   0.17794
   1155.8   0.17797
   1156.1   0.17805
   1156.4   0.17804
   1156.6   0.17798
   1156.9   0.17802
   1157.1   0.17808
   1157.4   0.17808
   1157.7   0.17803
   1157.9   0.17807
   1158.2   0.17821
   1158.4   0.17828
   1158.7   0.17819
   1158.9   0.17808
   1159.2   0.17805
   1159.5   0.17809
   1159.7   0.17818
   1160.0   0.17818
   1160.2   0.17806
   1160.5   0.17803
   1160.8   0.17821
   1161.0   0.17828
   1161.3   0.17829
   1161.5   0.17836
   1161.8   0.17839
   1162.1   0.17843
   1162.3   0.17841
   1162.6   0.17833
   1162.8   0.17835
   1163.1   0.17834
   1163.4   0.17831
   1163.6   0.17840
   1163.9   0.17843
   1164.2   0.17841
   1164.4   0.17838
   1164.7   0.17832
   1164.9   0.17841
   1165.2   0.17840
   1165.4   0.17840
   1165.7   0.17846
   1166.0   0.17843
   1166.2   0.17848
   1166.5   0.17847
   1166.8   0.17847
   1167.0   0.17849
   1167.3   0.17852
   1167.6   0.17852
   1167.8   0.17852
   1168.1   0.17853
   1168.3   0.17867
   1168.6   0.17877
   1168.9   0.17871
   1169.1   0.17859
   1169.4   0.17866
   1169.7   0.17866
   1169.9   0.17852
   1170.2   0.17854
   1170.4   0.17866
   1170.7   0.17869
   1171.0   0.17870
   1171.3   0.17871
   1171.5   0.17865
   1171.8   0.17860
   1172.0   0.17864
   1172.3   0.17869
   1172.6   0.17879
   1172.8   0.17876
   1173.1   0.17874
   1173.4   0.17873
   1173.6   0.17874
   1173.9   0.17876
   1174.2   0.17874
   1174.4   0.17872
   1174.7   0.17883
   1175.0   0.17887
   1175.2   0.17891
   1175.5   0.17894
   1175.8   0.17885
   1176.0   0.17884
   1176.3   0.17887
   1176.6   0.17884
   1176.8   0.17893
   1177.1   0.17905
   1177.4   0.17899
   1177.6   0.17887
   1177.9   0.17894
   1178.2   0.17903
   1178.4   0.17899
   1178.7   0.17895
   1179.0   0.17906
   1179.2   0.17906
   1179.5   0.17886
   1179.8   0.17885
   1180.0   0.17898
   1180.3   0.17901
   1180.6   0.17896
   1180.8   0.17898
   1181.1   0.17898
   1181.4   0.17898
   1181.7   0.17907
   1181.9   0.17918
   1182.2   0.17911
   1182.5   0.17915
   1182.7   0.17924
   1183.0   0.17922
   1183.3   0.17920
   1183.5   0.17921
   1183.8   0.17913
   1184.1   0.17912
   1184.4   0.17918
   1184.6   0.17923
   1184.9   0.17921
   1185.2   0.17910
   1185.4   0.17907
   1185.7   0.17917
   1186.0   0.17919
   1186.3   0.17920
   1186.5   0.17925
   1186.8   0.17929
   1187.1   0.17928
   1187.3   0.17923
   1187.6   0.17924
   1187.9   0.17932
   1188.2   0.17937
   1188.4   0.17937
   1188.7   0.17934
   1189.0   0.17921
   1189.3   0.17927
   1189.5   0.17940
   1189.8   0.17938
   1190.1   0.17939
   1190.3   0.17940
   1190.6   0.17941
   1190.9   0.17948
   1191.2   0.17947
   1191.4   0.17944
   1191.7   0.17949
   1192.0   0.17946
   1192.3   0.17952
   1192.5   0.17956
   1192.8   0.17954
   1193.1   0.17950
   1193.3   0.17940
   1193.6   0.17943
   1193.9   0.17954
   1194.2   0.17952
   1194.4   0.17952
   1194.7   0.17956
   1195.0   0.17960
   1195.3   0.17958
   1195.6   0.17960
   1195.8   0.17961
   1196.1   0.17953
   1196.4   0.17957
   1196.7   0.17956
   1196.9   0.17952
   1197.2   0.17962
   1197.5   0.17974
   1197.8   0.17972
   1198.0   0.17965
   1198.3   0.17964
   1198.6   0.17971
   1198.9   0.17983
   1199.2   0.17978
   1199.4   0.17969
   1199.7   0.17967
   1200.0   0.17963
   1200.3   0.17966
   1200.5   0.17971
   1200.8   0.17972
   1201.1   0.17978
   1201.4   0.17984
   1201.7   0.17985
   1201.9   0.17986
   1202.2   0.17986
   1202.5   0.17986
   1202.8   0.17976
   1203.0   0.17975
   1203.3   0.17976
   1203.6   0.17976
   1203.9   0.17984
   1204.2   0.17980
   1204.4   0.17978
   1204.7   0.17982
   1205.0   0.17991
   1205.3   0.17995
   1205.6   0.17992
   1205.8   0.17993
   1206.1   0.17993
   1206.4   0.17993
   1206.7   0.17994
   1207.0   0.17992
   1207.2   0.17987
   1207.5   0.17995
   1207.8   0.17998
   1208.1   0.17992
   1208.4   0.17992
   1208.7   0.17998
   1208.9   0.17996
   1209.2   0.17999
   1209.5   0.18006
   1209.8   0.18005
   1210.1   0.18003
   1210.3   0.18008
   1210.6   0.18016
   1210.9   0.18022
   1211.2   0.18022
   1211.5   0.18017
   1211.8   0.18014
   1212.0   0.18010
   1212.3   0.18004
   1212.6   0.18007
   1212.9   0.18010
   1213.2   0.18014
   1213.5   0.18013
   1213.7   0.18017
   1214.0   0.18014
   1214.3   0.18010
   1214.6   0.18019
   1214.9   0.18029
   1215.2   0.18036
   1215.4   0.18048
   1215.7   0.18039
   1216.0   0.18025
   1216.3   0.18024
   1216.6   0.18029
   1216.9   0.18034
   1217.2   0.18033
   1217.4   0.18029
   1217.7   0.18034
   1218.0   0.18038
   1218.3   0.18035
   1218.6   0.18032
   1218.9   0.18034
   1219.2   0.18042
   1219.4   0.18044
   1219.7   0.18043
   1220.0   0.18042
   1220.3   0.18040
   1220.6   0.18047
   1220.9   0.18052
   1221.2   0.18052
   1221.5   0.18062
   1221.8   0.18060
   1222.0   0.18044
   1222.3   0.18042
   1222.6   0.18047
   1222.9   0.18041
   1223.2   0.18044
   1223.5   0.18057
   1223.8   0.18059
   1224.1   0.18062
   1224.3   0.18066
   1224.6   0.18067
   1224.9   0.18064
   1225.2   0.18055
   1225.5   0.18054
   1225.8   0.18063
   1226.1   0.18070
   1226.4   0.18070
   1226.7   0.18061
   1227.0   0.18063
   1227.3   0.18072
   1227.5   0.18077
   1227.8   0.18079
   1228.1   0.18077
   1228.4   0.18077
   1228.7   0.18073
   1229.0   0.18072
   1229.3   0.18077
   1229.6   0.18081
   1229.9   0.18085
   1230.2   0.18083
   1230.4   0.18088
   1230.7   0.18092
   1231.0   0.18088
   1231.3   0.18083
   1231.6   0.18080
   1231.9   0.18080
   1232.2   0.18079
   1232.5   0.18090
   1232.8   0.18099
   1233.1   0.18093
   1233.4   0.18090
   1233.7   0.18093
   1234.0   0.18101
   1234.3   0.18105
   1234.6   0.18103
   1234.8   0.18100
   1235.1   0.18103
   1235.4   0.18102
   1235.7   0.18102
   1236.0   0.18097
   1236.3   0.18102
   1236.6   0.18112
   1236.9   0.18106
   1237.2   0.18103
   1237.5   0.18102
   1237.8   0.18109
   1238.1   0.18116
   1238.4   0.18116
   1238.7   0.18120
   1239.0   0.18119
   1239.3   0.18120
   1239.6   0.18119
   1239.9   0.18115
   1240.2   0.18119
   1240.5   0.18125
   1240.8   0.18123
   1241.1   0.18123
   1241.3   0.18124
   1241.7   0.18124
   1241.9   0.18132
   1242.2   0.18135
   1242.5   0.18135
   1242.8   0.18129
   1243.1   0.18122
   1243.4   0.18120
   1243.7   0.18119
   1244.0   0.18122
   1244.3   0.18123
   1244.6   0.18127
   1244.9   0.18140
   1245.2   0.18146
   1245.5   0.18150
   1245.8   0.18154
   1246.1   0.18146
   1246.4   0.18142
   1246.7   0.18142
   1247.0   0.18145
   1247.3   0.18146
   1247.6   0.18149
   1247.9   0.18149
   1248.2   0.18149
   1248.5   0.18149
   1248.8   0.18154
   1249.1   0.18159
   1249.4   0.18162
   1249.7   0.18165
   1250.0   0.18160
   1250.3   0.18162
   1250.6   0.18167
   1250.9   0.18160
   1251.2   0.18162
   1251.5   0.18170
   1251.8   0.18170
   1252.1   0.18175
   1252.4   0.18172
   1252.8   0.18162
   1253.1   0.18171
   1253.3   0.18180
   1253.7   0.18180
   1254.0   0.18180
   1254.3   0.18182
   1254.6   0.18182
   1254.9   0.18182
   1255.2   0.18180
   1255.5   0.18182
   1255.8   0.18188
   1256.1   0.18191
   1256.4   0.18191
   1256.7   0.18190
   1257.0   0.18193
   1257.3   0.18197
   1257.6   0.18194
   1257.9   0.18191
   1258.2   0.18198
   1258.5   0.18204
   1258.8   0.18209
   1259.1   0.18210
   1259.4   0.18210
   1259.8   0.18214
   1260.1   0.18215
   1260.4   0.18214
   1260.7   0.18215
   1261.0   0.18213
   1261.3   0.18205
   1261.6   0.18202
   1261.9   0.18212
   1262.2   0.18212
   1262.5   0.18208
   1262.8   0.18216
   1263.1   0.18217
   1263.4   0.18220
   1263.7   0.18221
   1264.1   0.18213
   1264.4   0.18219
   1264.7   0.18230
   1265.0   0.18235
   1265.3   0.18229
   1265.6   0.18220
   1265.9   0.18219
   1266.2   0.18229
   1266.5   0.18235
   1266.8   0.18240
   1267.1   0.18247
   1267.4   0.18247
   1267.8   0.18239
   1268.1   0.18240
   1268.4   0.18248
   1268.7   0.18248
   1269.0   0.18248
   1269.3   0.18244
   1269.6   0.18244
   1269.9   0.18248
   1270.2   0.18248
   1270.6   0.18247
   1270.9   0.18249
   1271.2   0.18255
   1271.5   0.18251
   1271.8   0.18254
   1272.1   0.18262
   1272.4   0.18263
   1272.7   0.18268
   1273.1   0.18272
   1273.4   0.18273
   1273.7   0.18273
   1274.0   0.18273
   1274.3   0.18272
   1274.6   0.18265
   1274.9   0.18263
   1275.2   0.18268
   1275.6   0.18269
   1275.9   0.18274
   1276.2   0.18273
   1276.5   0.18277
   1276.8   0.18279
   1277.1   0.18280
   1277.4   0.18288
   1277.8   0.18293
   1278.1   0.18296
   1278.4   0.18294
   1278.7   0.18289
   1279.0   0.18297
   1279.3   0.18303
   1279.7   0.18300
   1280.0   0.18300
   1280.3   0.18301
   1280.6   0.18304
   1280.9   0.18309
   1281.2   0.18316
   1281.6   0.18319
   1281.9   0.18318
   1282.2   0.18311
   1282.5   0.18317
   1282.8   0.18330
   1283.1   0.18332
   1283.4   0.18328
   1283.8   0.18329
   1284.1   0.18332
   1284.4   0.18335
   1284.7   0.18336
   1285.0   0.18326
   1285.4   0.18321
   1285.7   0.18329
   1286.0   0.18337
   1286.3   0.18342
   1286.6   0.18347
   1286.9   0.18349
   1287.3   0.18346
   1287.6   0.18338
   1287.9   0.18338
   1288.2   0.18350
   1288.6   0.18353
   1288.9   0.18351
   1289.2   0.18354
   1289.5   0.18360
   1289.8   0.18360
   1290.2   0.18354
   1290.5   0.18354
   1290.8   0.18360
   1291.1   0.18367
   1291.4   0.18370
   1291.8   0.18367
   1292.1   0.18365
   1292.4   0.18363
   1292.7   0.18362
   1293.1   0.18368
   1293.4   0.18373
   1293.7   0.18370
   1294.0   0.18373
   1294.3   0.18380
   1294.7   0.18383
   1295.0   0.18385
   1295.3   0.18383
   1295.6   0.18378
   1296.0   0.18381
   1296.3   0.18387
   1296.6   0.18389
   1296.9   0.18393
   1297.3   0.18395
   1297.6   0.18391
   1297.9   0.18390
   1298.2   0.18396
   1298.6   0.18404
   1298.9   0.18406
   1299.2   0.18407
   1299.5   0.18406
   1299.9   0.18411
   1300.2   0.18420
   1300.5   0.18422
   1300.8   0.18415
   1301.2   0.18415
   1301.5   0.18424
   1301.8   0.18430
   1302.1   0.18430
   1302.5   0.18435
   1302.8   0.18434
   1303.1   0.18425
   1303.4   0.18429
   1303.8   0.18433
   1304.1   0.18438
   1304.4   0.18440
   1304.8   0.18436
   1305.1   0.18437
   1305.4   0.18442
   1305.8   0.18451
   1306.1   0.18452
   1306.4   0.18449
   1306.7   0.18455
   1307.1   0.18455
   1307.4   0.18457
   1307.7   0.18457
   1308.1   0.18455
   1308.4   0.18454
   1308.7   0.18456
   1309.1   0.18464
   1309.4   0.18466
   1309.7   0.18462
   1310.0   0.18468
   1310.4   0.18469
   1310.7   0.18464
   1311.0   0.18470
   1311.4   0.18471
   1311.7   0.18475
   1312.0   0.18482
   1312.4   0.18485
   1312.7   0.18490
   1313.0   0.18494
   1313.4   0.18499
   1313.7   0.18500
   1314.0   0.18500
   1314.4   0.18495
   1314.7   0.18496
   1315.0   0.18502
   1315.4   0.18504
   1315.7   0.18500
   1316.0   0.18499
   1316.4   0.18501
   1316.7   0.18511
   1317.0   0.18517
   1317.4   0.18516
   1317.7   0.18513
   1318.0   0.18508
   1318.4   0.18521
   1318.7   0.18524
   1319.0   0.18522
   1319.4   0.18529
   1319.7   0.18536
   1320.1   0.18532
   1320.4   0.18530
   1320.7   0.18535
   1321.1   0.18540
   1321.4   0.18537
   1321.7   0.18545
   1322.1   0.18550
   1322.4   0.18545
   1322.7   0.18545
   1323.1   0.18550
   1323.4   0.18553
   1323.8   0.18556
   1324.1   0.18562
   1324.4   0.18564
   1324.8   0.18561
   1325.1   0.18565
   1325.4   0.18564
   1325.8   0.18564
   1326.1   0.18568
   1326.5   0.18569
   1326.8   0.18569
   1327.1   0.18570
   1327.5   0.18576
   1327.8   0.18579
   1328.2   0.18583
   1328.5   0.18582
   1328.8   0.18582
   1329.2   0.18593
   1329.5   0.18600
   1329.9   0.18600
   1330.2   0.18594
   1330.6   0.18590
   1330.9   0.18597
   1331.2   0.18607
   1331.6   0.18610
   1331.9   0.18613
   1332.3   0.18613
   1332.6   0.18608
   1332.9   0.18607
   1333.3   0.18604
   1333.6   0.18603
   1334.0   0.18607
   1334.3   0.18610
   1334.7   0.18619
   1335.0   0.18627
   1335.3   0.18620
   1335.7   0.18621
   1336.0   0.18625
   1336.4   0.18625
   1336.7   0.18633
   1337.1   0.18639
   1337.4   0.18638
   1337.8   0.18640
   1338.1   0.18640
   1338.4   0.18644
   1338.8   0.18651
   1339.1   0.18654
   1339.5   0.18656
   1339.8   0.18660
   1340.2   0.18665
   1340.5   0.18661
   1340.9   0.18659
   1341.2   0.18668
   1341.6   0.18672
   1341.9   0.18666
   1342.3   0.18662
   1342.6   0.18672
   1342.9   0.18673
   1343.3   0.18672
   1343.7   0.18679
   1344.0   0.18681
   1344.3   0.18682
   1344.7   0.18683
   1345.0   0.18687
   1345.4   0.18697
   1345.7   0.18694
   1346.1   0.18694
   1346.4   0.18702
   1346.8   0.18701
   1347.1   0.18703
   1347.5   0.18708
   1347.8   0.18710
   1348.2   0.18711
   1348.5   0.18718
   1348.9   0.18721
   1349.3   0.18722
   1349.6   0.18724
   1349.9   0.18720
   1350.3   0.18721
   1350.7   0.18727
   1351.0   0.18733
   1351.3   0.18738
   1351.7   0.18742
   1352.1   0.18744
   1352.4   0.18747
   1352.8   0.18744
   1353.1   0.18747
   1353.5   0.18749
   1353.8   0.18748
   1354.2   0.18748
   1354.5   0.18748
   1354.9   0.18757
   1355.2   0.18762
   1355.6   0.18763
   1355.9   0.18768
   1356.3   0.18768
   1356.7   0.18764
   1357.0   0.18766
   1357.4   0.18772
   1357.7   0.18782
   1358.1   0.18781
   1358.4   0.18782
   1358.8   0.18783
   1359.2   0.18785
   1359.5   0.18789
   1359.9   0.18790
   1360.2   0.18788
   1360.6   0.18789
   1360.9   0.18792
   1361.3   0.18800
   1361.7   0.18806
   1362.0   0.18803
   1362.4   0.18803
   1362.7   0.18811
   1363.1   0.18817
   1363.4   0.18816
   1363.8   0.18812
   1364.2   0.18821
   1364.5   0.18831
   1364.9   0.18831
   1365.2   0.18830
   1365.6   0.18839
   1365.9   0.18840
   1366.3   0.18837
   1366.7   0.18839
   1367.0   0.18835
   1367.4   0.18837
   1367.8   0.18840
   1368.1   0.18842
   1368.5   0.18845
   1368.8   0.18850
   1369.2   0.18853
   1369.6   0.18855
   1369.9   0.18859
   1370.3   0.18863
   1370.7   0.18867
   1371.0   0.18872
   1371.4   0.18869
   1371.7   0.18871
   1372.1   0.18873
   1372.5   0.18868
   1372.8   0.18870
   1373.2   0.18877
   1373.6   0.18880
   1373.9   0.18883
   1374.3   0.18887
   1374.6   0.18890
   1375.0   0.18895
   1375.4   0.18895
   1375.7   0.18893
   1376.1   0.18898
   1376.5   0.18902
   1376.8   0.18899
   1377.2   0.18905
   1377.6   0.18913
   1377.9   0.18911
   1378.3   0.18909
   1378.7   0.18913
   1379.0   0.18915
   1379.4   0.18919
   1379.8   0.18925
   1380.1   0.18930
   1380.5   0.18932
   1380.9   0.18932
   1381.2   0.18933
   1381.6   0.18938
   1382.0   0.18947
   1382.3   0.18946
   1382.7   0.18948
   1383.1   0.18947
   1383.4   0.18948
   1383.8   0.18955
   1384.2   0.18951
   1384.6   0.18948
   1384.9   0.18953
   1385.3   0.18957
   1385.7   0.18963
   1386.0   0.18970
   1386.4   0.18969
   1386.8   0.18970
   1387.2   0.18975
   1387.5   0.18974
   1387.9   0.18972
   1388.3   0.18980
   1388.6   0.18988
   1389.0   0.18989
   1389.4   0.18988
   1389.8   0.18992
   1390.1   0.18998
   1390.5   0.19001
   1390.9   0.19003
   1391.2   0.19004
   1391.6   0.19003
   1392.0   0.19005
   1392.4   0.19009
   1392.7   0.19009
   1393.1   0.19008
   1393.5   0.19011
   1393.9   0.19014
   1394.2   0.19013
   1394.6   0.19015
   1395.0   0.19020
   1395.4   0.19027
   1395.7   0.19029
   1396.1   0.19026
   1396.5   0.19036
   1396.9   0.19039
   1397.2   0.19041
   1397.6   0.19045
   1398.0   0.19045
   1398.4   0.19044
   1398.8   0.19045
   1399.1   0.19047
   1399.5   0.19054
   1399.9   0.19061
   1400.3   0.19059
   1400.6   0.19060
   1401.0   0.19065
   1401.4   0.19068
   1401.8   0.19069
   1402.2   0.19069
   1402.5   0.19072
   1402.9   0.19077
   1403.3   0.19079
   1403.7   0.19079
   1404.1   0.19083
   1404.4   0.19087
   1404.8   0.19088
   1405.2   0.19090
   1405.6   0.19096
   1406.0   0.19101
   1406.3   0.19099
   1406.7   0.19099
   1407.1   0.19102
   1407.5   0.19108
   1407.9   0.19111
   1408.3   0.19114
   1408.6   0.19112
   1409.0   0.19114
   1409.4   0.19121
   1409.8   0.19118
   1410.2   0.19120
   1410.6   0.19127
   1410.9   0.19130
   1411.3   0.19137
   1411.7   0.19140
   1412.1   0.19145
   1412.5   0.19146
   1412.8   0.19143
   1413.2   0.19148
   1413.6   0.19154
   1414.0   0.19154
   1414.4   0.19156
   1414.8   0.19156
   1415.2   0.19155
   1415.6   0.19158
   1415.9   0.19159
   1416.3   0.19164
   1416.7   0.19174
   1417.1   0.19175
   1417.5   0.19166
   1417.9   0.19167
   1418.3   0.19173
   1418.7   0.19180
   1419.0   0.19183
   1419.4   0.19186
   1419.8   0.19184
   1420.2   0.19182
   1420.6   0.19188
   1421.0   0.19194
   1421.4   0.19198
   1421.8   0.19202
   1422.2   0.19202
   1422.5   0.19203
   1422.9   0.19206
   1423.3   0.19208
   1423.7   0.19213
   1424.1   0.19216
   1424.5   0.19218
   1424.9   0.19221
   1425.3   0.19228
   1425.7   0.19231
   1426.1   0.19230
   1426.5   0.19233
   1426.8   0.19237
   1427.2   0.19239
   1427.6   0.19239
   1428.0   0.19236
   1428.4   0.19240
   1428.8   0.19245
   1429.2   0.19244
   1429.6   0.19240
   1430.0   0.19249
   1430.4   0.19260
   1430.8   0.19263
   1431.2   0.19263
   1431.6   0.19257
   1432.0   0.19255
   1432.4   0.19260
   1432.8   0.19272
   1433.2   0.19281
   1433.6   0.19278
   1433.9   0.19276
   1434.3   0.19277
   1434.8   0.19277
   1435.1   0.19283
   1435.5   0.19291
   1435.9   0.19287
   1436.3   0.19288
   1436.7   0.19293
   1437.1   0.19297
   1437.5   0.19302
   1437.9   0.19305
   1438.3   0.19303
   1438.7   0.19302
   1439.1   0.19308
   1439.5   0.19310
   1439.9   0.19313
   1440.3   0.19321
   1440.7   0.19324
   1441.1   0.19320
   1441.5   0.19321
   1441.9   0.19324
   1442.3   0.19329
   1442.7   0.19332
   1443.1   0.19331
   1443.5   0.19332
   1443.9   0.19333
   1444.3   0.19341
   1444.7   0.19345
   1445.1   0.19346
   1445.6   0.19349
   1445.9   0.19352
   1446.3   0.19353
   1446.8   0.19356
   1447.2   0.19361
   1447.6   0.19368
   1448.0   0.19369
   1448.4   0.19369
   1448.8   0.19370
   1449.2   0.19370
   1449.6   0.19371
   1450.0   0.19372
   1450.4   0.19374
   1450.8   0.19378
   1451.2   0.19378
   1451.6   0.19379
   1452.0   0.19383
   1452.4   0.19387
   1452.8   0.19390
   1453.2   0.19391
   1453.7   0.19393
   1454.1   0.19394
   1454.5   0.19396
   1454.9   0.19397
   1455.3   0.19396
   1455.7   0.19397
   1456.1   0.19404
   1456.5   0.19407
   1456.9   0.19408
   1457.3   0.19413
   1457.7   0.19415
   1458.2   0.19416
   1458.6   0.19418
   1459.0   0.19421
   1459.4   0.19429
   1459.8   0.19434
   1460.2   0.19438
   1460.6   0.19437
   1461.0   0.19439
   1461.4   0.19443
   1461.8   0.19445
   1462.3   0.19442
   1462.7   0.19442
   1463.1   0.19445
   1463.5   0.19448
   1463.9   0.19455
   1464.3   0.19465
   1464.7   0.19468
   1465.2   0.19469
   1465.6   0.19471
   1466.0   0.19468
   1466.4   0.19466
   1466.8   0.19471
   1467.2   0.19473
   1467.6   0.19470
   1468.1   0.19475
   1468.5   0.19479
   1468.9   0.19487
   1469.3   0.19490
   1469.7   0.19488
   1470.1   0.19491
   1470.6   0.19492
   1471.0   0.19493
   1471.4   0.19498
   1471.8   0.19500
   1472.2   0.19506
   1472.6   0.19508
   1473.1   0.19509
   1473.5   0.19513
   1473.9   0.19511
   1474.3   0.19510
   1474.7   0.19514
   1475.2   0.19523
   1475.6   0.19524
   1476.0   0.19519
   1476.4   0.19522
   1476.8   0.19528
   1477.3   0.19526
   1477.7   0.19533
   1478.1   0.19538
   1478.5   0.19536
   1478.9   0.19536
   1479.4   0.19537
   1479.8   0.19539
   1480.2   0.19540
   1480.6   0.19542
   1481.1   0.19546
   1481.5   0.19551
   1481.9   0.19555
   1482.3   0.19556
   1482.8   0.19556
   1483.2   0.19552
   1483.6   0.19553
   1484.0   0.19558
   1484.4   0.19564
   1484.9   0.19568
   1485.3   0.19569
   1485.7   0.19570
   1486.2   0.19570
   1486.6   0.19577
   1487.0   0.19578
   1487.4   0.19580
   1487.9   0.19587
   1488.3   0.19590
   1488.7   0.19590
   1489.1   0.19591
   1489.6   0.19591
   1490.0   0.19590
   1490.4   0.19589
   1490.8   0.19595
   1491.3   0.19601
   1491.7   0.19604
   1492.1   0.19605
   1492.6   0.19609
   1493.0   0.19611
   1493.4   0.19620
   1493.9   0.19616
   1494.3   0.19608
   1494.7   0.19611
   1495.2   0.19619
   1495.6   0.19622
   1496.0   0.19624
   1496.4   0.19623
   1496.9   0.19624
   1497.3   0.19622
   1497.7   0.19626
   1498.2   0.19634
   1498.6   0.19640
   1499.0   0.19640
   1499.5   0.19637
   1499.9   0.19636
   1500.3   0.19639
   1500.8   0.19645
   1501.2   0.19652
   1501.7   0.19652
   1502.1   0.19649
   1502.5   0.19651
   1502.9   0.19656
   1503.4   0.19651
   1503.8   0.19656
   1504.3   0.19661
   1504.7   0.19661
   1505.1   0.19664
   1505.6   0.19665
   1506.0   0.19668
   1506.4   0.19671
   1506.9   0.19675
   1507.3   0.19670
   1507.8   0.19672
   1508.2   0.19677
   1508.6   0.19673
   1509.1   0.19679
   1509.5   0.19683
   1510.0   0.19687
   1510.4   0.19689
   1510.8   0.19690
   1511.3   0.19689
   1511.7   0.19690
   1512.2   0.19694
   1512.6   0.19695
   1513.0   0.19695
   1513.5   0.19700
   1513.9   0.19705
   1514.4   0.19701
   1514.8   0.19701
   1515.3   0.19703
   1515.7   0.19708
   1516.1   0.19712
   1516.6   0.19712
   1517.0   0.19710
   1517.5   0.19715
   1517.9   0.19720
   1518.4   0.19720
   1518.8   0.19719
   1519.3   0.19718
   1519.7   0.19720
   1520.1   0.19724
   1520.6   0.19725
   1521.0   0.19728
   1521.5   0.19734
   1521.9   0.19735
   1522.4   0.19736
   1522.8   0.19737
   1523.3   0.19737
   1523.7   0.19742
   1524.2   0.19750
   1524.6   0.19753
   1525.1   0.19755
   1525.5   0.19754
   1525.9   0.19748
   1526.4   0.19747
   1526.8   0.19753
   1527.3   0.19757
   1527.8   0.19758
   1528.2   0.19763
   1528.7   0.19763
   1529.1   0.19762
   1529.6   0.19758
   1530.0   0.19756
   1530.5   0.19758
   1530.9   0.19762
   1531.4   0.19763
   1531.8   0.19769
   1532.3   0.19773
   1532.7   0.19777
   1533.2   0.19779
   1533.6   0.19775
   1534.1   0.19773
   1534.5   0.19774
   1535.0   0.19777
   1535.4   0.19780
   1535.9   0.19787
   1536.3   0.19791
   1536.8   0.19787
   1537.3   0.19787
   1537.7   0.19792
   1538.2   0.19787
   1538.6   0.19786
   1539.1   0.19789
   1539.6   0.19790
   1540.0   0.19793
   1540.5   0.19793
   1540.9   0.19796
   1541.4   0.19800
   1541.8   0.19799
   1542.3   0.19801
   1542.8   0.19806
   1543.2   0.19806
   1543.7   0.19806
   1544.1   0.19808
   1544.6   0.19811
   1545.1   0.19813
   1545.5   0.19812
   1546.0   0.19813
   1546.4   0.19815
   1546.9   0.19818
   1547.4   0.19822
   1547.8   0.19821
   1548.3   0.19819
   1548.8   0.19819
   1549.2   0.19818
   1549.7   0.19820
   1550.1   0.19825
   1550.6   0.19824
   1551.1   0.19830
   1551.5   0.19832
   1552.0   0.19832
   1552.4   0.19840
   1552.9   0.19842
   1553.4   0.19834
   1553.8   0.19837
   1554.3   0.19842
   1554.8   0.19840
   1555.3   0.19841
   1555.7   0.19844
   1556.2   0.19847
   1556.7   0.19850
   1557.1   0.19852
   1557.6   0.19848
   1558.1   0.19845
   1558.5   0.19846
   1559.0   0.19851
   1559.5   0.19855
   1559.9   0.19854
   1560.4   0.19855
   1560.9   0.19856
   1561.3   0.19857
   1561.8   0.19861
   1562.3   0.19863
   1562.8   0.19865
   1563.2   0.19868
   1563.7   0.19867
   1564.2   0.19867
   1564.6   0.19867
   1565.1   0.19864
   1565.6   0.19869
   1566.1   0.19875
   1566.5   0.19875
   1567.0   0.19877
   1567.5   0.19876
   1567.9   0.19877
   1568.4   0.19879
   1568.9   0.19881
   1569.4   0.19878
   1569.8   0.19881
   1570.3   0.19885
   1570.8   0.19885
   1571.3   0.19887
   1571.8   0.19888
   1572.2   0.19886
   1572.7   0.19885
   1573.2   0.19885
   1573.7   0.19885
   1574.1   0.19890
   1574.6   0.19893
   1575.1   0.19895
   1575.6   0.19895
   1576.1   0.19896
   1576.5   0.19897
   1577.0   0.19895
   1577.5   0.19893
   1578.0   0.19896
   1578.4   0.19901
   1578.9   0.19903
   1579.4   0.19905
   1579.9   0.19907
   1580.4   0.19902
   1580.9   0.19898
   1581.3   0.19906
   1581.8   0.19913
   1582.3   0.19912
   1582.8   0.19907
   1583.3   0.19909
   1583.8   0.19913
   1584.2   0.19913
   1584.7   0.19914
   1585.2   0.19913
   1585.7   0.19913
   1586.2   0.19917
   1586.7   0.19921
   1587.2   0.19917
   1587.6   0.19917
   1588.1   0.19921
   1588.6   0.19927
   1589.1   0.19925
   1589.6   0.19922
   1590.1   0.19922
   1590.6   0.19923
   1591.0   0.19926
   1591.5   0.19927
   1592.0   0.19926
   1592.5   0.19924
   1593.0   0.19926
   1593.5   0.19927
   1594.0   0.19926
   1594.5   0.19928
   1595.0   0.19932
   1595.4   0.19931
   1595.9   0.19929
   1596.4   0.19930
   1596.9   0.19931
   1597.4   0.19933
   1597.9   0.19933
   1598.4   0.19930
   1598.9   0.19930
   1599.4   0.19937
   1599.9   0.19940
   1600.4   0.19941
   1600.9   0.19941
   1601.4   0.19942
   1601.9   0.19943
   1602.3   0.19942
   1602.8   0.19942
   1603.3   0.19942
   1603.8   0.19944
   1604.3   0.19943
   1604.8   0.19939
   1605.3   0.19942
   1605.8   0.19945
   1606.3   0.19943
   1606.8   0.19945
   1607.3   0.19949
   1607.8   0.19952
   1608.3   0.19950
   1608.8   0.19947
   1609.3   0.19951
   1609.8   0.19954
   1610.3   0.19952
   1610.8   0.19947
   1611.3   0.19948
   1611.8   0.19955
   1612.3   0.19955
   1612.8   0.19954
   1613.3   0.19954
   1613.8   0.19957
   1614.3   0.19959
   1614.8   0.19962
   1615.3   0.19961
   1615.8   0.19952
   1616.3   0.19950
   1616.8   0.19954
   1617.3   0.19964
   1617.8   0.19964
   1618.4   0.19962
   1618.9   0.19964
   1619.4   0.19963
   1619.9   0.19963
   1620.4   0.19965
   1620.9   0.19965
   1621.4   0.19965
   1621.9   0.19962
   1622.4   0.19959
   1622.9   0.19961
   1623.4   0.19964
   1623.9   0.19966
   1624.4   0.19965
   1624.9   0.19965
   1625.5   0.19964
   1626.0   0.19968
   1626.5   0.19969
   1627.0   0.19968
   1627.5   0.19973
   1628.0   0.19977
   1628.5   0.19971
   1629.0   0.19967
   1629.6   0.19970
   1630.1   0.19970
   1630.6   0.19969
   1631.1   0.19967
   1631.6   0.19970
   1632.1   0.19974
   1632.6   0.19977
   1633.1   0.19977
   1633.7   0.19972
   1634.2   0.19970
   1634.7   0.19974
   1635.2   0.19975
   1635.7   0.19973
   1636.2   0.19976
   1636.8   0.19976
   1637.3   0.19974
   1637.8   0.19972
   1638.3   0.19970
   1638.8   0.19974
   1639.3   0.19977
   1639.8   0.19980
   1640.4   0.19981
   1640.9   0.19981
   1641.4   0.19978
   1641.9   0.19974
   1642.4   0.19979
   1643.0   0.19981
   1643.5   0.19980
   1644.0   0.19983
   1644.5   0.19986
   1645.1   0.19985
   1645.6   0.19980
   1646.1   0.19978
   1646.6   0.19980
   1647.2   0.19976
   1647.7   0.19978
   1648.2   0.19986
   1648.7   0.19985
   1649.2   0.19979
   1649.8   0.19977
   1650.3   0.19979
   1650.8   0.19980
   1651.3   0.19980
   1651.9   0.19983
   1652.4   0.19986
   1652.9   0.19987
   1653.4   0.19984
   1654.0   0.19983
   1654.5   0.19984
   1655.0   0.19990
   1655.6   0.19993
   1656.1   0.19990
   1656.6   0.19988
   1657.2   0.19992
   1657.7   0.19991
   1658.2   0.19988
   1658.7   0.19985
   1659.3   0.19985
   1659.8   0.19988
   1660.3   0.19992
   1660.9   0.19992
   1661.4   0.19990
   1661.9   0.19990
   1662.5   0.19991
   1663.0   0.19989
   1663.5   0.19986
   1664.1   0.19986
   1664.6   0.19990
   1665.1   0.19991
   1665.7   0.19990
   1666.2   0.19993
   1666.7   0.19993
   1667.3   0.19997
   1667.8   0.19997
   1668.3   0.19995
   1668.9   0.19997
   1669.4   0.19998
   1670.0   0.19995
   1670.5   0.19992
   1671.0   0.19993
   1671.6   0.19997
   1672.1   0.19995
   1672.7   0.19990
   1673.2   0.19992
   1673.7   0.19995
   1674.3   0.19997
   1674.8   0.19998
   1675.4   0.19996
   1675.9   0.19992
   1676.4   0.19992
   1677.0   0.19995
   1677.5   0.20000
   1678.1   0.19999
   1678.6   0.19993
   1679.2   0.19990
   1679.7   0.19992
   1680.2   0.19995
   1680.8   0.19996
   1681.3   0.19995
   1681.9   0.19993
   1682.4   0.19991
   1683.0   0.19994
   1683.5   0.19996
   1684.1   0.19995
   1684.6   0.19996
   1685.2   0.19996
   1685.7   0.19995
   1686.3   0.19994
   1686.8   0.19997
   1687.3   0.19999
   1687.9   0.20000
   1688.4   0.20000
   1689.0   0.19997
   1689.6   0.19998
   1690.1   0.20000
   1690.7   0.20000
   1691.2   0.19999
   1691.8   0.19997
   1692.3   0.19998
   1692.9   0.20001
   1693.4   0.19997
   1694.0   0.19995
   1694.5   0.19998
   1695.1   0.19998
   1695.6   0.19996
   1696.2   0.19997
   1696.7   0.19996
   1697.3   0.19996
   1697.8   0.20001
   1698.4   0.19996
   1699.0   0.19994
   1699.5   0.19992
   1700.1   0.19990
   1700.6   0.19994
   1701.2   0.19991
   1701.8   0.19992
   1702.3   0.19996
   1702.9   0.19995
   1703.4   0.19994
   1704.0   0.19992
   1704.6   0.19992
   1705.1   0.19991
   1705.7   0.19990
   1706.2   0.19993
   1706.8   0.19995
   1707.4   0.19997
   1707.9   0.19994
   1708.5   0.19988
   1709.0   0.19987
   1709.6   0.19988
   1710.2   0.19987
   1710.7   0.19985
   1711.3   0.19989
   1711.9   0.19992
   1712.4   0.19992
   1713.0   0.19993
   1713.6   0.19991
   1714.1   0.19987
   1714.7   0.19987
   1715.3   0.19992
   1715.8   0.19992
   1716.4   0.19989
   1717.0   0.19990
   1717.5   0.19987
   1718.1   0.19989
   1718.7   0.19993
   1719.2   0.19991
   1719.8   0.19991
   1720.4   0.19990
   1721.0   0.19989
   1721.5   0.19991
   1722.1   0.19992
   1722.7   0.19990
   1723.2   0.19988
   1723.8   0.19989
   1724.4   0.19992
   1725.0   0.19992
   1725.5   0.19989
   1726.1   0.19988
   1726.7   0.19988
   1727.3   0.19988
   1727.8   0.19986
   1728.4   0.19983
   1729.0   0.19983
   1729.6   0.19986
   1730.1   0.19988
   1730.7   0.19989
   1731.3   0.19991
   1731.9   0.19996
   1732.5   0.19998
   1733.0   0.19993
   1733.6   0.19990
   1734.2   0.19987
   1734.8   0.19990
   1735.4   0.19992
   1735.9   0.19988
   1736.5   0.19984
   1737.1   0.19986
   1737.7   0.19989
   1738.3   0.19991
   1738.8   0.19990
   1739.4   0.19989
   1740.0   0.19986
   1740.6   0.19984
   1741.2   0.19988
   1741.8   0.19997
   1742.3   0.19996
   1742.9   0.19994
   1743.5   0.19994
   1744.1   0.19993
   1744.7   0.19989
   1745.3   0.19985
   1745.9   0.19988
   1746.5   0.19991
   1747.1   0.19989
   1747.6   0.19990
   1748.2   0.19988
   1748.8   0.19987
   1749.4   0.19987
   1750.0   0.19991
   1750.6   0.19994
   1751.2   0.19994
   1751.8   0.19991
   1752.4   0.19988
   1753.0   0.19987
   1753.6   0.19989
   1754.1   0.19989
   1754.7   0.19989
   1755.3   0.19991
   1755.9   0.19994
   1756.5   0.19996
   1757.1   0.19998
   1757.7   0.19992
   1758.3   0.19986
   1758.9   0.19987
   1759.5   0.19989
   1760.1   0.19990
   1760.7   0.19991
   1761.3   0.19991
   1761.9   0.19990
   1762.5   0.19987
   1763.1   0.19986
   1763.7   0.19987
   1764.3   0.19989
   1764.9   0.19986
   1765.5   0.19981
   1766.1   0.19983
   1766.7   0.19987
   1767.3   0.19988
   1767.9   0.19988
   1768.5   0.19988
   1769.1   0.19987
   1769.7   0.19987
   1770.3   0.19988
   1770.9   0.19988
   1771.5   0.19987
   1772.1   0.19987
   1772.7   0.19987
   1773.3   0.19988
   1773.9   0.19988
   1774.6   0.19988
   1775.2   0.19986
   1775.8   0.19985
   1776.4   0.19985
   1777.0   0.19986
   1777.6   0.19985
   1778.2   0.19985
   1778.8   0.19985
   1779.4   0.19989
   1780.0   0.19989
   1780.7   0.19986
   1781.3   0.19983
   1781.9   0.19983
   1782.5   0.19985
   1783.1   0.19988
   1783.7   0.19982
   1784.3   0.19978
   1784.9   0.19982
   1785.6   0.19986
   1786.2   0.19988
   1786.8   0.19986
   1787.4   0.19982
   1788.0   0.19984
   1788.6   0.19990
   1789.3   0.19992
   1789.9   0.19993
   1790.5   0.19991
   1791.1   0.19985
   1791.7   0.19982
   1792.3   0.19980
   1793.0   0.19982
   1793.6   0.19986
   1794.2   0.19985
   1794.8   0.19984
   1795.4   0.19987
   1796.1   0.19989
   1796.7   0.19990
   1797.3   0.19990
   1797.9   0.19988
   1798.6   0.19985
   1799.2   0.19985
   1799.8   0.19988
   1800.4   0.19992
   1801.1   0.19992
   1801.7   0.19986
   1802.3   0.19980
   1802.9   0.19983
   1803.6   0.19984
   1804.2   0.19986
   1804.8   0.19989
   1805.4   0.19987
   1806.1   0.19985
   1806.7   0.19985
   1807.3   0.19985
   1808.0   0.19988
   1808.6   0.19992
   1809.2   0.19988
   1809.9   0.19983
   1810.5   0.19984
   1811.1   0.19985
   1811.8   0.19986
   1812.4   0.19985
   1813.0   0.19986
   1813.7   0.19985
   1814.3   0.19986
   1814.9   0.19988
   1815.6   0.19988
   1816.2   0.19984
   1816.8   0.19982
   1817.5   0.19986
   1818.1   0.19989
   1818.8   0.19986
   1819.4   0.19983
   1820.0   0.19987
   1820.7   0.19991
   1821.3   0.19990
   1821.9   0.19989
   1822.6   0.19990
   1823.2   0.19998
   1823.9   0.20000
   1824.5   0.19995
   1825.2   0.19991
   1825.8   0.19987
   1826.4   0.19990
   1827.1   0.19991
   1827.7   0.19992
   1828.4   0.19993
   1829.0   0.19992
   1829.7   0.19990
   1830.3   0.19992
   1831.0   0.19993
   1831.6   0.19991
   1832.3   0.19988
   1832.9   0.19988
   1833.6   0.19993
   1834.2   0.19995
   1834.8   0.19992
   1835.5   0.19990
   1836.1   0.19989
   1836.8   0.19990
   1837.4   0.19993
   1838.1   0.19994
   1838.8   0.19991
   1839.4   0.19990
   1840.1   0.19994
   1840.7   0.19993
   1841.4   0.19993
   1842.0   0.19994
   1842.7   0.19993
   1843.3   0.19990
   1844.0   0.19992
   1844.6   0.19992
   1845.3   0.19994
   1845.9   0.19997
   1846.6   0.19997
   1847.3   0.19995
   1847.9   0.19995
   1848.6   0.19994
   1849.2   0.19996
   1849.9   0.19999
   1850.6   0.20001
   1851.2   0.19999
   1851.9   0.19997
   1852.6   0.19995
   1853.2   0.19997
   1853.9   0.19997
   1854.5   0.19994
   1855.2   0.19994
   1855.9   0.19994
   1856.5   0.19999
   1857.2   0.20001
   1857.9   0.20000
   1858.5   0.20001
   1859.2   0.20000
   1859.9   0.19998
   1860.5   0.20000
   1861.2   0.20003
   1861.9   0.20002
   1862.5   0.20001
   1863.2   0.20000
   1863.9   0.20003
   1864.5   0.20013
   1865.2   0.20010
   1865.9   0.20002
   1866.6   0.20003
   1867.2   0.20010
   1867.9   0.20013
   1868.6   0.20011
   1869.2   0.20006
   1869.9   0.20004
   1870.6   0.20010
   1871.3   0.20015
   1871.9   0.20013
   1872.6   0.20010
   1873.3   0.20014
   1874.0   0.20016
   1874.7   0.20014
   1875.3   0.20016
   1876.0   0.20016
   1876.7   0.20016
   1877.4   0.20019
   1878.0   0.20019
   1878.7   0.20017
   1879.4   0.20017
   1880.1   0.20019
   1880.8   0.20021
   1881.4   0.20024
   1882.1   0.20023
   1882.8   0.20023
   1883.5   0.20024
   1884.2   0.20022
   1884.9   0.20016
   1885.6   0.20015
   1886.2   0.20021
   1886.9   0.20028
   1887.6   0.20029
   1888.3   0.20028
   1889.0   0.20025
   1889.7   0.20026
   1890.4   0.20025
   1891.1   0.20024
   1891.8   0.20024
   1892.4   0.20026
   1893.1   0.20029
   1893.8   0.20029
   1894.5   0.20030
   1895.2   0.20031
   1895.9   0.20029
   1896.6   0.20031
   1897.3   0.20034
   1898.0   0.20036
   1898.7   0.20037
   1899.4   0.20039
   1900.1   0.20037
   1900.8   0.20033
   1901.5   0.20029
   1902.2   0.20032
   1902.9   0.20038
   1903.6   0.20037
   1904.3   0.20035
   1905.0   0.20035
   1905.7   0.20036
   1906.4   0.20040
   1907.1   0.20046
   1907.8   0.20044
   1908.5   0.20040
   1909.2   0.20041
   1909.9   0.20043
   1910.6   0.20046
   1911.3   0.20050
   1912.0   0.20049
   1912.7   0.20051
   1913.4   0.20048
   1914.1   0.20046
   1914.8   0.20044
   1915.5   0.20043
   1916.2   0.20049
   1916.9   0.20054
   1917.6   0.20053
   1918.3   0.20051
   1919.1   0.20052
   1919.8   0.20056
   1920.5   0.20060
   1921.2   0.20060
   1921.9   0.20056
   1922.6   0.20059
   1923.3   0.20063
   1924.0   0.20062
   1924.8   0.20061
   1925.5   0.20061
   1926.2   0.20060
   1926.9   0.20063
   1927.6   0.20065
   1928.3   0.20067
   1929.1   0.20070
   1929.8   0.20071
   1930.5   0.20068
   1931.2   0.20067
   1931.9   0.20072
   1932.7   0.20075
   1933.4   0.20072
   1934.1   0.20072
   1934.8   0.20076
   1935.5   0.20079
   1936.3   0.20080
   1937.0   0.20079
   1937.7   0.20079
   1938.4   0.20083
   1939.2   0.20086
   1939.9   0.20087
   1940.6   0.20088
   1941.3   0.20087
   1942.1   0.20088
   1942.8   0.20091
   1943.5   0.20090
   1944.2   0.20090
   1945.0   0.20091
   1945.7   0.20094
   1946.4   0.20098
   1947.2   0.20104
   1947.9   0.20104
   1948.6   0.20101
   1949.4   0.20099
   1950.1   0.20104
   1950.8   0.20107
   1951.6   0.20111
   1952.3   0.20113
   1953.0   0.20115
   1953.8   0.20113
   1954.5   0.20112
   1955.2   0.20116
   1956.0   0.20120
   1956.7   0.20122
   1957.5   0.20123
   1958.2   0.20125
   1958.9   0.20127
   1959.7   0.20128
   1960.4   0.20127
   1961.2   0.20128
   1961.9   0.20131
   1962.6   0.20134
   1963.4   0.20136
   1964.1   0.20137
   1964.9   0.20136
   1965.6   0.20134
   1966.4   0.20135
   1967.1   0.20141
   1967.9   0.20141
   1968.6   0.20141
   1969.3   0.20147
   1970.1   0.20151
   1970.8   0.20153
   1971.6   0.20153
   1972.3   0.20157
   1973.1   0.20156
   1973.8   0.20151
   1974.6   0.20154
   1975.3   0.20159
   1976.1   0.20161
   1976.9   0.20162
   1977.6   0.20163
   1978.4   0.20159
   1979.1   0.20159
   1979.9   0.20171
   1980.6   0.20179
   1981.4   0.20179
   1982.2   0.20177
   1982.9   0.20174
   1983.7   0.20171
   1984.4   0.20172
   1985.2   0.20175
   1985.9   0.20178
   1986.7   0.20184
   1987.5   0.20190
   1988.2   0.20191
   1989.0   0.20193
   1989.8   0.20196
   1990.5   0.20196
   1991.3   0.20197
   1992.1   0.20199
   1992.8   0.20201
   1993.6   0.20206
   1994.3   0.20208
   1995.1   0.20207
   1995.9   0.20209
   1996.7   0.20206
   1997.4   0.20212
   1998.2   0.20218
   1999.0   0.20218
   1999.7   0.20218
   2000.5   0.20220
   2001.3   0.20220
   2002.1   0.20223
   2002.8   0.20227
   2003.6   0.20229
   2004.4   0.20231
   2005.2   0.20234
   2005.9   0.20239
   2006.7   0.20239
   2007.5   0.20239
   2008.3   0.20243
   2009.0   0.20245
   2009.8   0.20246
   2010.6   0.20245
   2011.4   0.20247
   2012.2   0.20253
   2012.9   0.20255
   2013.7   0.20257
   2014.5   0.20260
   2015.3   0.20262
   2016.1   0.20266
   2016.8   0.20271
   2017.6   0.20271
   2018.4   0.20275
   2019.2   0.20278
   2020.0   0.20278
   2020.8   0.20283
   2021.6   0.20286
   2022.3   0.20282
   2023.1   0.20284
   2023.9   0.20289
   2024.7   0.20292
   2025.5   0.20295
   2026.3   0.20300
   2027.1   0.20303
   2027.9   0.20305
   2028.7   0.20309
   2029.5   0.20309
   2030.3   0.20312
   2031.1   0.20315
   2031.9   0.20315
   2032.7   0.20317
   2033.5   0.20319
   2034.3   0.20320
   2035.1   0.20320
   2035.8   0.20328
   2036.7   0.20332
   2037.4   0.20331
   2038.3   0.20332
   2039.1   0.20337
   2039.9   0.20342
   2040.7   0.20346
   2041.5   0.20347
   2042.3   0.20351
   2043.1   0.20355
   2043.9   0.20353
   2044.7   0.20353
   2045.5   0.20357
   2046.3   0.20359
   2047.1   0.20363
   2047.9   0.20368
   2048.7   0.20372
   2049.5   0.20373
   2050.4   0.20376
   2051.2   0.20378
   2052.0   0.20381
   2052.8   0.20386
   2053.6   0.20391
   2054.4   0.20392
   2055.2   0.20391
   2056.0   0.20391
   2056.9   0.20395
   2057.7   0.20401
   2058.5   0.20406
   2059.3   0.20413
   2060.1   0.20417
   2060.9   0.20416
   2061.8   0.20416
   2062.6   0.20418
   2063.4   0.20422
   2064.2   0.20423
   2065.1   0.20425
   2065.9   0.20429
   2066.7   0.20431
   2067.5   0.20434
   2068.3   0.20441
   2069.2   0.20441
   2070.0   0.20441
   2070.8   0.20444
   2071.6   0.20447
   2072.5   0.20451
   2073.3   0.20455
   2074.1   0.20457
   2075.0   0.20462
   2075.8   0.20464
   2076.6   0.20464
   2077.5   0.20466
   2078.3   0.20471
   2079.1   0.20476
   2080.0   0.20481
   2080.8   0.20483
   2081.6   0.20483
   2082.5   0.20488
   2083.3   0.20493
   2084.1   0.20496
   2085.0   0.20501
   2085.8   0.20504
   2086.6   0.20508
   2087.5   0.20509
   2088.3   0.20513
   2089.2   0.20516
   2090.0   0.20517
   2090.9   0.20522
   2091.7   0.20524
   2092.6   0.20526
   2093.4   0.20530
   2094.2   0.20533
   2095.1   0.20532
   2095.9   0.20531
   2096.8   0.20535
   2097.6   0.20545
   2098.5   0.20550
   2099.3   0.20551
   2100.2   0.20553
   2101.0   0.20560
   2101.9   0.20569
   2102.7   0.20572
   2103.6   0.20573
   2104.4   0.20576
   2105.3   0.20575
   2106.1   0.20579
   2107.0   0.20588
   2107.9   0.20591
   2108.7   0.20591
   2109.6   0.20591
   2110.4   0.20594
   2111.3   0.20600
   2112.1   0.20605
   2113.0   0.20608
   2113.9   0.20612
   2114.7   0.20615
   2115.6   0.20618
   2116.5   0.20621
   2117.3   0.20628
   2118.2   0.20634
   2119.1   0.20637
   2119.9   0.20636
   2120.8   0.20641
   2121.7   0.20648
   2122.5   0.20653
   2123.4   0.20655
   2124.3   0.20661
   2125.1   0.20663
   2126.0   0.20664
   2126.9   0.20667
   2127.8   0.20670
   2128.6   0.20674
   2129.5   0.20679
   2130.4   0.20682
   2131.3   0.20686
   2132.1   0.20688
   2133.0   0.20690
   2133.9   0.20697
   2134.8   0.20702
   2135.6   0.20706
   2136.5   0.20707
   2137.4   0.20712
   2138.3   0.20716
   2139.2   0.20720
   2140.1   0.20725
   2140.9   0.20729
   2141.8   0.20733
   2142.7   0.20735
   2143.6   0.20740
   2144.5   0.20745
   2145.4   0.20747
   2146.3   0.20750
   2147.1   0.20753
   2148.0   0.20756
   2148.9   0.20759
   2149.8   0.20765
   2150.7   0.20771
   2151.6   0.20773
   2152.5   0.20776
   2153.4   0.20777
   2154.3   0.20786
   2155.2   0.20793
   2156.1   0.20794
   2157.0   0.20796
   2157.9   0.20796
   2158.8   0.20799
   2159.7   0.20809
   2160.6   0.20814
   2161.5   0.20815
   2162.4   0.20819
   2163.3   0.20823
   2164.2   0.20826
   2165.1   0.20832
   2166.0   0.20841
   2166.9   0.20844
   2167.8   0.20846
   2168.7   0.20849
   2169.6   0.20853
   2170.5   0.20855
   2171.4   0.20857
   2172.3   0.20863
   2173.2   0.20864
   2174.1   0.20865
   2175.1   0.20869
   2176.0   0.20875
   2176.9   0.20882
   2177.8   0.20888
   2178.7   0.20892
   2179.6   0.20896
   2180.6   0.20902
   2181.5   0.20910
   2182.4   0.20914
   2183.3   0.20914
   2184.2   0.20913
   2185.1   0.20921
   2186.1   0.20927
   2187.0   0.20926
   2187.9   0.20927
   2188.8   0.20930
   2189.8   0.20938
   2190.7   0.20943
   2191.6   0.20944
   2192.5   0.20951
   2193.5   0.20959
   2194.4   0.20963
   2195.3   0.20969
   2196.3   0.20969
   2197.2   0.20973
   2198.1   0.20981
   2199.1   0.20986
   2200.0   0.20989
   2200.9   0.20990
   2201.9   0.20993
   2202.8   0.21000
   2203.7   0.21003
   2204.7   0.21003
   2205.6   0.21006
   2206.5   0.21010
   2207.5   0.21015
   2208.4   0.21019
   2209.4   0.21022
   2210.3   0.21024
   2211.2   0.21030
   2212.2   0.21040
   2213.1   0.21044
   2214.1   0.21047
   2215.0   0.21050
   2216.0   0.21054
   2216.9   0.21057
   2217.9   0.21062
   2218.8   0.21066
   2219.8   0.21070
   2220.7   0.21072
   2221.7   0.21073
   2222.6   0.21079
   2223.6   0.21087
   2224.5   0.21092
   2225.5   0.21097
   2226.4   0.21100
   2227.4   0.21105
   2228.4   0.21109
   2229.3   0.21112
   2230.3   0.21118
   2231.2   0.21125
   2232.2   0.21125
   2233.1   0.21125
   2234.1   0.21131
   2235.1   0.21136
   2236.0   0.21136
   2237.0   0.21142
   2238.0   0.21150
   2238.9   0.21153
   2239.9   0.21154
   2240.9   0.21161
   2241.8   0.21166
   2242.8   0.21165
   2243.8   0.21168
   2244.8   0.21174
   2245.7   0.21183
   2246.7   0.21190
   2247.7   0.21189
   2248.6   0.21192
   2249.6   0.21197
   2250.6   0.21203
   2251.6   0.21207
   2252.6   0.21206
   2253.5   0.21208
   2254.5   0.21218
   2255.5   0.21225
   2256.5   0.21225
   2257.5   0.21226
   2258.4   0.21232
   2259.4   0.21241
   2260.4   0.21248
   2261.4   0.21246
   2262.4   0.21248
   2263.4   0.21253
   2264.4   0.21258
   2265.4   0.21264
   2266.3   0.21264
   2267.3   0.21268
   2268.3   0.21277
   2269.3   0.21281
   2270.3   0.21284
   2271.3   0.21286
   2272.3   0.21288
   2273.3   0.21298
   2274.3   0.21304
   2275.3   0.21306
   2276.3   0.21311
   2277.3   0.21313
   2278.3   0.21316
   2279.3   0.21320
   2280.3   0.21330
   2281.3   0.21334
   2282.3   0.21334
   2283.3   0.21337
   2284.3   0.21342
   2285.3   0.21348
   2286.3   0.21354
   2287.3   0.21359
   2288.3   0.21363
   2289.4   0.21368
   2290.4   0.21375
   2291.4   0.21380
   2292.4   0.21385
   2293.4   0.21383
   2294.4   0.21388
   2295.4   0.21396
   2296.4   0.21398
   2297.5   0.21402
   2298.5   0.21409
   2299.5   0.21409
   2300.5   0.21417
   2301.6   0.21427
   2302.6   0.21432
   2303.6   0.21434
   2304.6   0.21436
   2305.6   0.21441
   2306.7   0.21448
   2307.7   0.21455
   2308.7   0.21460
   2309.8   0.21461
   2310.8   0.21465
   2311.8   0.21468
   2312.8   0.21470
   2313.9   0.21477
   2314.9   0.21484
   2315.9   0.21492
   2317.0   0.21498
   2318.0   0.21498
   2319.1   0.21504
   2320.1   0.21514
   2321.1   0.21518
   2322.2   0.21520
   2323.2   0.21526
   2324.3   0.21529
   2325.3   0.21532
   2326.3   0.21536
   2327.4   0.21542
   2328.4   0.21548
   2329.5   0.21553
   2330.5   0.21557
   2331.6   0.21561
   2332.6   0.21564
   2333.7   0.21569
   2334.7   0.21573
   2335.8   0.21579
   2336.8   0.21580
   2337.9   0.21583
   2338.9   0.21589
   2340.0   0.21599
   2341.0   0.21604
   2342.1   0.21605
   2343.1   0.21609
   2344.2   0.21617
   2345.3   0.21621
   2346.3   0.21621
   2347.4   0.21627
   2348.5   0.21632
   2349.5   0.21637
   2350.6   0.21642
   2351.7   0.21645
   2352.7   0.21648
   2353.8   0.21656
   2354.9   0.21664
   2355.9   0.21669
   2357.0   0.21673
   2358.1   0.21677
   2359.1   0.21682
   2360.2   0.21685
   2361.3   0.21690
   2362.4   0.21696
   2363.4   0.21701
   2364.5   0.21709
   2365.6   0.21711
   2366.7   0.21714
   2367.8   0.21723
   2368.9   0.21729
   2369.9   0.21732
   2371.0   0.21736
   2372.1   0.21742
   2373.2   0.21748
   2374.3   0.21749
   2375.4   0.21753
   2376.4   0.21758
   2377.5   0.21766
   2378.6   0.21768
   2379.7   0.21771
   2380.8   0.21774
   2381.9   0.21780
   2383.0   0.21788
   2384.1   0.21795
   2385.2   0.21796
   2386.3   0.21800
   2387.4   0.21807
   2388.5   0.21812
   2389.6   0.21817
   2390.7   0.21819
   2391.8   0.21821
   2392.9   0.21829
   2394.0   0.21838
   2395.1   0.21841
   2396.2   0.21842
   2397.3   0.21845
   2398.4   0.21852
   2399.5   0.21863
   2400.6   0.21871
   2401.8   0.21874
   2402.9   0.21878
   2404.0   0.21885
   2405.1   0.21886
   2406.2   0.21889
   2407.3   0.21898
   2408.5   0.21904
   2409.6   0.21905
   2410.7   0.21907
   2411.8   0.21912
   2412.9   0.21916
   2414.1   0.21918
   2415.2   0.21926
   2416.3   0.21934
   2417.4   0.21938
   2418.6   0.21943
   2419.7   0.21949
   2420.8   0.21954
   2422.0   0.21961
   2423.1   0.21969
   2424.2   0.21968
   2425.4   0.21970
   2426.5   0.21977
   2427.6   0.21986
   2428.8   0.21991
   2429.9   0.21991
   2431.1   0.21996
   2432.2   0.22005
   2433.3   0.22012
   2434.5   0.22019
   2435.6   0.22024
   2436.8   0.22030
   2437.9   0.22032
   2439.1   0.22038
   2440.2   0.22043
   2441.4   0.22043
   2442.5   0.22045
   2443.6   0.22054
   2444.8   0.22058
   2445.9   0.22063
   2447.1   0.22065
   2448.3   0.22069
   2449.4   0.22076
   2450.6   0.22083
   2451.7   0.22088
   2452.9   0.22093
   2454.1   0.22097
   2455.2   0.22103
   2456.4   0.22108
   2457.6   0.22111
   2458.7   0.22118
   2459.9   0.22121
   2461.1   0.22123
   2462.2   0.22128
   2463.4   0.22135
   2464.6   0.22140
   2465.7   0.22147
   2466.9   0.22154
   2468.1   0.22158
   2469.3   0.22163
   2470.4   0.22165
   2471.6   0.22167
   2472.8   0.22174
   2474.0   0.22183
   2475.1   0.22188
   2476.3   0.22192
   2477.5   0.22197
   2478.7   0.22204
   2479.9   0.22210
   2481.1   0.22208
   2482.3   0.22207
   2483.4   0.22214
   2484.6   0.22220
   2485.8   0.22227
   2487.0   0.22232
   2488.2   0.22238
   2489.4   0.22245
   2490.6   0.22249
   2491.8   0.22256
   2493.0   0.22261
   2494.2   0.22262
   2495.4   0.22269
   2496.6   0.22272
   2497.8   0.22274
   2499.0   0.22284
   2500.2   0.22291
   2501.4   0.22289
   2502.6   0.22294
   2503.8   0.22303
   2505.0   0.22309
   2506.3   0.22312
   2507.5   0.22319
   2508.7   0.22321
   2509.9   0.22322
   2511.1   0.22328
   2512.3   0.22334
   2513.5   0.22338
   2514.8   0.22345
   2516.0   0.22350
   2517.2   0.22351
   2518.4   0.22356
   2519.6   0.22363
   2520.9   0.22368
   2522.1   0.22372
   2523.3   0.22375
   2524.6   0.22383
   2525.8   0.22390
   2527.0   0.22394
   2528.2   0.22397
   2529.5   0.22398
   2530.7   0.22401
   2531.9   0.22410
   2533.2   0.22416
   2534.4   0.22420
   2535.7   0.22425
   2536.9   0.22429
   2538.1   0.22434
   2539.4   0.22439
   2540.6   0.22445
   2541.9   0.22454
   2543.1   0.22458
   2544.4   0.22461
   2545.6   0.22464
   2546.9   0.22467
   2548.1   0.22475
   2549.4   0.22483
   2550.6   0.22491
   2551.9   0.22495
   2553.1   0.22495
   2554.4   0.22497
   2555.6   0.22502
   2556.9   0.22506
   2558.2   0.22507
   2559.4   0.22514
   2560.7   0.22531
   2562.0   0.22543
   2563.2   0.22545
   2564.5   0.22546
   2565.8   0.22546
   2567.0   0.22546
   2568.3   0.22550
   2569.6   0.22558
   2570.9   0.22558
   2572.1   0.22560
   2573.4   0.22577
   2574.7   0.22581
   2576.0   0.22577
   2577.3   0.22584
   2578.5   0.22591
   2579.8   0.22593
   2581.1   0.22600
   2582.4   0.22606
   2583.7   0.22621
   2585.0   0.22624
   2586.2   0.22618
   2587.5   0.22625
   2588.8   0.22629
   2590.1   0.22631
   2591.4   0.22633
   2592.7   0.22637
   2594.0   0.22659
   2595.3   0.22679
   2596.6   0.22667
   2597.9   0.22652
   2599.2   0.22649
   2600.5   0.22658
   2601.8   0.22667
   2603.1   0.22670
   2604.4   0.22683
   2605.7   0.22697
   2607.1   0.22696
   2608.4   0.22692
   2609.7   0.22691
   2611.0   0.22688
   2612.3   0.22690
   2613.6   0.22693
   2614.9   0.22699
   2616.3   0.22711
   2617.6   0.22720
   2618.9   0.22720
   2620.2   0.22730
   2621.6   0.22727
   2622.9   0.22718
   2624.2   0.22719
   2625.5   0.22730
   2626.9   0.22743
   2628.2   0.22737
   2629.5   0.22743
   2630.9   0.22759
   2632.2   0.22754
   2633.5   0.22751
   2634.9   0.22753
   2636.2   0.22754
   2637.6   0.22762
   2638.9   0.22764
   2640.2   0.22765
   2641.6   0.22768
   2642.9   0.22772
   2644.3   0.22774
   2645.6   0.22781
   2647.0   0.22784
   2648.3   0.22787
   2649.7   0.22784
   2651.0   0.22788
   2652.4   0.22801
   2653.8   0.22800
   2655.1   0.22796
   2656.5   0.22802
   2657.8   0.22806
   2659.2   0.22815
   2660.6   0.22819
   2661.9   0.22821
   2663.3   0.22820
   2664.7   0.22833
   2666.0   0.22846
   2667.4   0.22848
   2668.8   0.22841
   2670.1   0.22853
   2671.5   0.22848
   2672.9   0.22826
   2674.3   0.22824
   2675.6   0.22830
   2677.0   0.22836
   2678.4   0.22835
   2679.8   0.22833
   2681.2   0.22823
   2682.6   0.22816
   2684.0   0.22817
   2685.4   0.22816
   2686.8   0.22814
   2688.1   0.22809
   2689.5   0.22806
   2690.9   0.22803
   2692.3   0.22805
   2693.7   0.22810
   2695.1   0.22802
   2696.5   0.22788
   2697.9   0.22766
   2699.3   0.22755
   2700.7   0.22750
   2702.1   0.22734
   2703.6   0.22712
   2705.0   0.22690
   2706.4   0.22670
   2707.8   0.22658
   2709.2   0.22648
   2710.6   0.22635
   2712.0   0.22609
   2713.5   0.22572
   2714.9   0.22549
   2716.3   0.22534
   2717.7   0.22517
   2719.1   0.22493
   2720.6   0.22480
   2722.0   0.22455
   2723.4   0.22429
   2724.9   0.22409
   2726.3   0.22373
   2727.7   0.22338
   2729.2   0.22318
   2730.6   0.22293
   2732.0   0.22260
   2733.5   0.22230
   2734.9   0.22204
   2736.4   0.22170
   2737.8   0.22138
   2739.3   0.22120
   2740.7   0.22097
   2742.2   0.22054
   2743.6   0.22010
   2745.1   0.21970
   2746.5   0.21933
   2748.0   0.21895
   2749.4   0.21858
   2750.9   0.21821
   2752.3   0.21783
   2753.8   0.21755
   2755.3   0.21738
   2756.7   0.21696
   2758.2   0.21644
   2759.7   0.21603
   2761.1   0.21567
   2762.6   0.21536
   2764.1   0.21502
   2765.6   0.21463
   2767.0   0.21426
   2768.5   0.21393
   2770.0   0.21363
   2771.5   0.21329
   2772.9   0.21286
   2774.4   0.21246
   2775.9   0.21212
   2777.4   0.21183
   2778.9   0.21150
   2780.4   0.21119
   2781.9   0.21091
   2783.4   0.21063
   2784.9   0.21034
   2786.4   0.21008
   2787.9   0.20973
   2789.4   0.20941
   2790.9   0.20919
   2792.4   0.20892
   2793.9   0.20867
   2795.4   0.20843
   2796.9   0.20817
   2798.4   0.20783
   2799.9   0.20755
   2801.4   0.20741
   2802.9   0.20723
   2804.4   0.20701
   2806.0   0.20681
   2807.5   0.20661
   2809.0   0.20644
   2810.5   0.20625
   2812.1   0.20606
   2813.6   0.20588
   2815.1   0.20570
   2816.6   0.20547
   2818.2   0.20526
   2819.7   0.20513
   2821.2   0.20500
   2822.8   0.20481
   2824.3   0.20465
   2825.8   0.20457
   2827.4   0.20444
   2828.9   0.20425
   2830.5   0.20406
   2832.0   0.20394
   2833.6   0.20381
   2835.1   0.20363
   2836.7   0.20353
   2838.2   0.20346
   2839.8   0.20332
   2841.3   0.20321
   2842.9   0.20316
   2844.4   0.20305
   2846.0   0.20285
   2847.6   0.20277
   2849.1   0.20274
   2850.7   0.20263
   2852.3   0.20250
   2853.8   0.20240
   2855.4   0.20231
   2857.0   0.20223
   2858.6   0.20213
   2860.1   0.20205
   2861.7   0.20197
   2863.3   0.20190
   2864.9   0.20181
   2866.4   0.20172
   2868.0   0.20161
   2869.6   0.20149
   2871.2   0.20138
   2872.8   0.20133
   2874.4   0.20130
   2876.0   0.20122
   2877.6   0.20115
   2879.2   0.20110
   2880.8   0.20096
   2882.4   0.20089
   2884.0   0.20089
   2885.6   0.20085
   2887.2   0.20083
   2888.8   0.20077
   2890.4   0.20070
   2892.0   0.20062
   2893.6   0.20058
   2895.3   0.20058
   2896.9   0.20056
   2898.5   0.20050
   2900.1   0.20042
   2901.7   0.20039
   2903.4   0.20036
   2905.0   0.20032
   2906.6   0.20028
   2908.3   0.20025
   2909.9   0.20019
   2911.5   0.20012
   2913.1   0.20013
   2914.8   0.20014
   2916.4   0.20013
   2918.1   0.20007
   2919.7   0.20001
   2921.4   0.20003
   2923.0   0.20005
   2924.7   0.20003
   2926.3   0.20003
   2928.0   0.19999
   2929.6   0.20000
   2931.3   0.20000
   2932.9   0.19997
   2934.6   0.19995
   2936.3   0.19988
   2937.9   0.19985
   2939.6   0.19995
   2941.2   0.19998
   2942.9   0.19995
   2944.6   0.19992
   2946.3   0.19994
   2947.9   0.20000
   2949.6   0.19997
   2951.3   0.20002
   2953.0   0.20015
   2954.6   0.20015
   2956.3   0.20013
   2958.0   0.20013
   2959.7   0.20016
   2961.4   0.20018
   2963.1   0.20018
   2964.8   0.20022
   2966.5   0.20035
   2968.2   0.20040
   2969.9   0.20042
   2971.6   0.20045
   2973.3   0.20048
   2975.0   0.20057
   2976.7   0.20066
   2978.4   0.20073
   2980.1   0.20079
   2981.8   0.20080
   2983.6   0.20086
   2985.3   0.20096
   2987.0   0.20106
   2988.7   0.20116
   2990.4   0.20123
   2992.2   0.20125
   2993.9   0.20131
   2995.6   0.20140
   2997.4   0.20146
   2999.1   0.20150
   3000.8   0.20156
   3002.6   0.20170
   3004.3   0.20185
   3006.0   0.20191
   3007.8   0.20197
   3009.5   0.20206
   3011.3   0.20218
   3013.0   0.20229
   3014.8   0.20235
   3016.5   0.20241
   3018.3   0.20250
   3020.0   0.20260
   3021.8   0.20269
   3023.6   0.20278
   3025.3   0.20291
   3027.1   0.20303
   3028.9   0.20308
   3030.6   0.20307
   3032.4   0.20314
   3034.2   0.20324
   3036.0   0.20335
   3037.7   0.20344
   3039.5   0.20356
   3041.3   0.20362
   3043.1   0.20365
   3044.9   0.20371
   3046.7   0.20378
   3048.4   0.20388
   3050.2   0.20396
   3052.0   0.20407
   3053.8   0.20416
   3055.6   0.20422
   3057.4   0.20425
   3059.2   0.20433
   3061.1   0.20446
   3062.9   0.20450
   3064.7   0.20457
   3066.5   0.20462
   3068.3   0.20464
   3070.1   0.20475
   3071.9   0.20488
   3073.8   0.20501
   3075.6   0.20505
   3077.4   0.20506
   3079.2   0.20511
   3081.1   0.20518
   3082.9   0.20525
   3084.7   0.20534
   3086.6   0.20547
   3088.4   0.20559
   3090.2   0.20566
   3092.1   0.20577
   3093.9   0.20588
   3095.8   0.20599
   3097.6   0.20609
   3099.5   0.20614
   3101.3   0.20624
   3103.2   0.20635
   3105.0   0.20644
   3106.9   0.20652
   3108.8   0.20664
   3110.6   0.20680
   3112.5   0.20689
   3114.4   0.20695
   3116.2   0.20704
   3118.1   0.20718
   3120.0   0.20729
   3121.9   0.20738
   3123.7   0.20747
   3125.6   0.20761
   3127.5   0.20775
   3129.4   0.20790
   3131.3   0.20804
   3133.2   0.20811
   3135.1   0.20821
   3137.0   0.20831
   3138.9   0.20842
   3140.8   0.20858
   3142.7   0.20871
   3144.6   0.20877
   3146.5   0.20892
   3148.4   0.20906
   3150.3   0.20914
   3152.2   0.20923
   3154.1   0.20935
   3156.1   0.20952
   3158.0   0.20972
   3159.9   0.20981
   3161.8   0.20994
   3163.8   0.21011
   3165.7   0.21022
   3167.6   0.21033
   3169.6   0.21048
   3171.5   0.21061
   3173.4   0.21070
   3175.4   0.21084
   3177.3   0.21093
   3179.3   0.21099
   3181.2   0.21114
   3183.2   0.21128
   3185.1   0.21138
   3187.1   0.21150
   3189.1   0.21168
   3191.0   0.21181
   3193.0   0.21192
   3194.9   0.21202
   3196.9   0.21211
   3198.9   0.21228
   3200.9   0.21247
   3202.9   0.21260
   3204.8   0.21274
   3206.8   0.21281
   3208.8   0.21291
   3210.8   0.21305
   3212.8   0.21314
   3214.8   0.21324
   3216.8   0.21341
   3218.8   0.21350
   3220.8   0.21361
   3222.8   0.21377
   3224.8   0.21389
   3226.8   0.21398
   3228.8   0.21411
   3230.8   0.21430
   3232.8   0.21445
   3234.8   0.21453
   3236.8   0.21460
   3238.9   0.21473
   3240.9   0.21483
   3242.9   0.21493
   3244.9   0.21505
   3247.0   0.21516
   3249.0   0.21523
   3251.0   0.21538
   3253.1   0.21553
   3255.1   0.21557
   3257.2   0.21569
   3259.2   0.21582
   3261.3   0.21587
   3263.3   0.21601
   3265.4   0.21621
   3267.4   0.21629
   3269.5   0.21641
   3271.6   0.21656
   3273.6   0.21666
   3275.7   0.21671
   3277.8   0.21678
   3279.8   0.21691
   3281.9   0.21710
   3284.0   0.21724
   3286.1   0.21731
   3288.1   0.21741
   3290.2   0.21750
   3292.3   0.21763
   3294.4   0.21773
   3296.5   0.21788
   3298.6   0.21807
   3300.7   0.21819
   3302.8   0.21825
   3304.9   0.21830
   3307.0   0.21840
   3309.1   0.21851
   3311.2   0.21856
   3313.4   0.21856
   3315.5   0.21863
   3317.6   0.21874
   3319.7   0.21883
   3321.9   0.21893
   3324.0   0.21899
   3326.1   0.21905
   3328.3   0.21908
   3330.4   0.21914
   3332.5   0.21923
   3334.7   0.21922
   3336.8   0.21924
   3339.0   0.21932
   3341.1   0.21926
   3343.3   0.21918
   3345.4   0.21919
   3347.6   0.21910
   3349.8   0.21897
   3351.9   0.21894
   3354.1   0.21888
   3356.3   0.21871
   3358.4   0.21856
   3360.6   0.21842
   3362.8   0.21821
   3365.0   0.21791
   3367.1   0.21774
   3369.3   0.21769
   3371.5   0.21766
   3373.7   0.21765
   3375.9   0.21769
   3378.1   0.21782
   3380.3   0.21799
   3382.5   0.21822
   3384.7   0.21848
   3386.9   0.21867
   3389.1   0.21875
   3391.4   0.21880
   3393.6   0.21881
   3395.8   0.21875
   3398.0   0.21870
   3400.3   0.21857
   3402.5   0.21835
   3404.7   0.21808
   3407.0   0.21791
   3409.2   0.21778
   3411.4   0.21769
   3413.7   0.21762
   3415.9   0.21762
   3418.2   0.21779
   3420.4   0.21811
   3422.7   0.21845
   3425.0   0.21871
   3427.2   0.21898
   3429.5   0.21932
   3431.8   0.21970
   3434.0   0.21999
   3436.3   0.22025
   3438.6   0.22054
   3440.9   0.22075
   3443.2   0.22086
   3445.4   0.22103
   3447.7   0.22122
   3450.0   0.22140
   3452.3   0.22159
   3454.6   0.22176
   3456.9   0.22193
   3459.2   0.22201
   3461.6   0.22204
   3463.9   0.22211
   3466.2   0.22213
   3468.5   0.22216
   3470.8   0.22218
   3473.1   0.22217
   3475.5   0.22219
   3477.8   0.22225
   3480.1   0.22229
   3482.5   0.22239
   3484.8   0.22254
   3487.2   0.22260
   3489.5   0.22253
   3491.9   0.22248
   3494.2   0.22248
   3496.6   0.22246
   3498.9   0.22251
   3501.3   0.22258
   3503.6   0.22275
   3506.0   0.22295
   3508.4   0.22323
   3510.8   0.22360
   3513.1   0.22391
   3515.5   0.22428
   3517.9   0.22467
   3520.3   0.22496
   3522.7   0.22513
   3525.1   0.22531
   3527.5   0.22542
   3529.9   0.22554
   3532.3   0.22570
   3534.7   0.22577
   3537.1   0.22588
   3539.5   0.22595
   3541.9   0.22600
   3544.4   0.22613
   3546.8   0.22625
   3549.2   0.22630
   3551.6   0.22634
   3554.1   0.22638
   3556.5   0.22641
   3559.0   0.22648
   3561.4   0.22657
   3563.9   0.22664
   3566.3   0.22668
   3568.8   0.22675
   3571.2   0.22685
   3573.7   0.22689
   3576.1   0.22690
   3578.6   0.22701
   3581.1   0.22702
   3583.6   0.22699
   3586.0   0.22704
   3588.5   0.22707
   3591.0   0.22716
   3593.5   0.22729
   3596.0   0.22731
   3598.5   0.22728
   3601.0   0.22736
   3603.5   0.22740
   3606.0   0.22741
   3608.5   0.22745
   3611.0   0.22757
   3613.5   0.22769
   3616.0   0.22770
   3618.6   0.22767
   3621.1   0.22770
   3623.6   0.22777
   3626.1   0.22778
   3628.7   0.22778
   3631.2   0.22776
   3633.8   0.22772
   3636.3   0.22786
   3638.9   0.22795
   3641.4   0.22793
   3644.0   0.22800
   3646.6   0.22806
   3649.1   0.22805
   3651.7   0.22803
   3654.3   0.22810
   3656.9   0.22815
   3659.4   0.22819
   3662.0   0.22821
   3664.6   0.22824
   3667.2   0.22829
   3669.8   0.22834
   3672.4   0.22841
   3675.0   0.22845
   3677.6   0.22848
   3680.2   0.22855
   3682.8   0.22859
   3685.4   0.22860
   3688.1   0.22865
   3690.7   0.22871
   3693.3   0.22876
   3695.9   0.22879
   3698.6   0.22882
   3701.2   0.22886
   3703.9   0.22892
   3706.5   0.22896
   3709.2   0.22900
   3711.8   0.22902
   3714.5   0.22904
   3717.1   0.22908
   3719.8   0.22913
   3722.5   0.22917
   3725.2   0.22919
   3727.8   0.22921
   3730.5   0.22923
   3733.2   0.22927
   3735.9   0.22932
   3738.6   0.22937
   3741.3   0.22944
   3744.0   0.22947
   3746.7   0.22946
   3749.4   0.22947
   3752.1   0.22951
   3754.8   0.22954
   3757.6   0.22956
   3760.3   0.22960
   3763.0   0.22964
   3765.7   0.22963
   3768.5   0.22964
   3771.2   0.22969
   3774.0   0.22972
   3776.7   0.22972
   3779.5   0.22974
   3782.2   0.22974
   3785.0   0.22975
   3787.7   0.22978
   3790.5   0.22979
   3793.3   0.22979
   3796.1   0.22979
   3798.8   0.22977
   3801.6   0.22977
   3804.4   0.22978
   3807.2   0.22978
   3810.0   0.22979
   3812.8   0.22978
   3815.6   0.22979
   3818.4   0.22977
   3821.2   0.22974
   3824.1   0.22974
   3826.9   0.22974
   3829.7   0.22973
   3832.5   0.22972
   3835.4   0.22973
   3838.2   0.22973
   3841.1   0.22972
   3843.9   0.22970
   3846.8   0.22968
   3849.6   0.22965
   3852.5   0.22963
   3855.3   0.22961
   3858.2   0.22960
   3861.1   0.22959
   3863.9   0.22956
   3866.8   0.22953
   3869.7   0.22953
   3872.6   0.22949
   3875.5   0.22948
   3878.4   0.22946
   3881.3   0.22942
   3884.2   0.22939
   3887.1   0.22937
   3890.0   0.22934
   3893.0   0.22931
   3895.9   0.22928
   3898.8   0.22926
   3901.7   0.22924
   3904.7   0.22922
   3907.6   0.22918
   3910.6   0.22916
   3913.5   0.22915
   3916.5   0.22914
   3919.4   0.22911
   3922.4   0.22908
   3925.4   0.22903
   3928.4   0.22898
   3931.3   0.22898
   3934.3   0.22896
   3937.3   0.22891
   3940.3   0.22886
   3943.3   0.22881
   3946.3   0.22876
   3949.3   0.22870
   3952.3   0.22866
   3955.3   0.22863
   3958.3   0.22859
   3961.4   0.22855
   3964.4   0.22852
   3967.4   0.22849
   3970.5   0.22844
   3973.5   0.22839
   3976.6   0.22834
   3979.6   0.22829
   3982.6   0.22826
   3985.7   0.22824
   3988.8   0.22819
   3991.9   0.22815
   3994.9   0.22809
   3998.0   0.22804
   4001.1   0.22800
   4004.2   0.22797
   4007.3   0.22794
   4010.4   0.22788
   4013.5   0.22784
   4016.6   0.22781
   4019.7   0.22776
   4022.8   0.22771
   4025.9   0.22768
   4029.1   0.22762
   4032.2   0.22757
   4035.3   0.22753
   4038.5   0.22747
   4041.6   0.22741
   4044.8   0.22737
   4047.9   0.22732
   4051.1   0.22725
   4054.3   0.22721
   4057.4   0.22718
   4060.6   0.22713
   4063.8   0.22707
   4067.0   0.22698
   4070.2   0.22694
   4073.4   0.22691
   4076.6   0.22686
   4079.8   0.22678
   4083.0   0.22671
   4086.2   0.22666
   4089.4   0.22660
   4092.7   0.22651
   4095.9   0.22641
   4099.1   0.22633
   4102.4   0.22627
   4105.6   0.22620
   4108.9   0.22612
   4112.1   0.22605
   4115.4   0.22595
   4118.7   0.22586
   4122.0   0.22578
   4125.2   0.22571
   4128.5   0.22563
   4131.8   0.22555
   4135.1   0.22545
   4138.4   0.22537
   4141.7   0.22529
   4145.0   0.22517
   4148.3   0.22507
   4151.6   0.22499
   4155.0   0.22490
   4158.3   0.22480
   4161.6   0.22469
   4165.0   0.22460
   4168.3   0.22450
   4171.7   0.22437
   4175.0   0.22425
   4178.4   0.22414
   4181.8   0.22405
   4185.2   0.22396
   4188.5   0.22388
   4191.9   0.22376
   4195.3   0.22363
   4198.7   0.22349
   4202.1   0.22336
   4205.5   0.22324
   4208.9   0.22313
   4212.4   0.22301
   4215.8   0.22287
   4219.2   0.22272
   4222.6   0.22256
   4226.1   0.22237
   4229.5   0.22219
   4233.0   0.22201
   4236.5   0.22182
   4239.9   0.22159
   4243.4   0.22134
   4246.9   0.22109
   4250.3   0.22083
   4253.8   0.22055
   4257.3   0.22026
   4260.8   0.21997
   4264.3   0.21966
   4267.8   0.21932
   4271.4   0.21899
   4274.9   0.21863
   4278.4   0.21825
   4281.9   0.21785
   4285.5   0.21744
   4289.0   0.21701
   4292.6   0.21658
   4296.1   0.21612
   4299.7   0.21566
   4303.3   0.21519
   4306.8   0.21472
   4310.4   0.21423
   4314.0   0.21380
   4317.6   0.21339
   4321.2   0.21298
   4324.8   0.21256
   4328.4   0.21214
   4332.0   0.21175
   4335.6   0.21139
   4339.3   0.21102
   4342.9   0.21065
   4346.5   0.21028
   4350.2   0.20993
   4353.8   0.20959
   4357.5   0.20923
   4361.1   0.20887
   4364.8   0.20853
   4368.5   0.20818
   4372.2   0.20782
   4375.9   0.20747
   4379.6   0.20713
   4383.3   0.20679
   4387.0   0.20649
   4390.7   0.20619
   4394.4   0.20590
   4398.1   0.20564
   4401.9   0.20539
   4405.6   0.20515
   4409.4   0.20491
   4413.1   0.20469
   4416.9   0.20452
   4420.6   0.20436
   4424.4   0.20420
   4428.2   0.20404
   4432.0   0.20388
   4435.8   0.20370
   4439.6   0.20352
   4443.4   0.20334
   4447.2   0.20319
   4451.0   0.20303
   4454.8   0.20284
   4458.6   0.20261
   4462.5   0.20238
   4466.3   0.20214
   4470.2   0.20190
   4474.0   0.20166
   4477.9   0.20137
   4481.8   0.20105
   4485.6   0.20074
   4489.5   0.20040
   4493.4   0.20007
   4497.3   0.19970
   4501.2   0.19932
   4505.1   0.19890
   4509.0   0.19849
   4513.0   0.19805
   4516.9   0.19760
   4520.8   0.19717
   4524.8   0.19673
   4528.7   0.19623
   4532.7   0.19571
   4536.7   0.19520
   4540.6   0.19469
   4544.6   0.19415
   4548.6   0.19360
   4552.6   0.19304
   4556.6   0.19249
   4560.6   0.19189
   4564.6   0.19129
   4568.6   0.19070
   4572.7   0.19008
   4576.7   0.18942
   4580.8   0.18878
   4584.8   0.18813
   4588.9   0.18747
   4592.9   0.18677
   4597.0   0.18607
   4601.1   0.18534
   4605.2   0.18458
   4609.3   0.18381
   4613.4   0.18304
   4617.5   0.18222
   4621.6   0.18140
   4625.7   0.18062
   4629.8   0.17984
   4634.0   0.17906
   4638.1   0.17831
   4642.3   0.17757
   4646.4   0.17686
   4650.6   0.17617
   4654.8   0.17552
   4659.0   0.17491
   4663.1   0.17435
   4667.3   0.17378
   4671.5   0.17320
   4675.8   0.17263
   4680.0   0.17207
   4684.2   0.17150
   4688.4   0.17091
   4692.7   0.17032
   4696.9   0.16971
   4701.2   0.16907
   4705.5   0.16845
   4709.7   0.16782
   4714.0   0.16720
   4718.3   0.16656
   4722.6   0.16593
   4726.9   0.16531
   4731.2   0.16473
   4735.5   0.16410
   4739.9   0.16349
   4744.2   0.16290
   4748.5   0.16231
   4752.9   0.16176
   4757.3   0.16123
   4761.6   0.16070
   4766.0   0.16017
   4770.4   0.15966
   4774.8   0.15919
   4779.2   0.15870
   4783.6   0.15822
   4788.0   0.15776
   4792.4   0.15727
   4796.9   0.15676
   4801.3   0.15628
   4805.8   0.15578
   4810.2   0.15527
   4814.7   0.15474
   4819.1   0.15419
   4823.6   0.15364
   4828.1   0.15309
   4832.6   0.15254
   4837.1   0.15198
   4841.6   0.15139
   4846.2   0.15083
   4850.7   0.15023
   4855.3   0.14963
   4859.8   0.14906
   4864.4   0.14850
   4868.9   0.14791
   4873.5   0.14730
   4878.1   0.14668
   4882.7   0.14608
   4887.3   0.14545
   4891.9   0.14482
   4896.5   0.14420
   4901.1   0.14356
   4905.8   0.14291
   4910.4   0.14229
   4915.1   0.14165
   4919.7   0.14100
   4924.4   0.14035
   4929.1   0.13971
   4933.8   0.13906
   4938.5   0.13844
   4943.2   0.13782
   4947.9   0.13719
   4952.6   0.13654
   4957.4   0.13592
   4962.1   0.13528
   4966.9   0.13465
   4971.6   0.13402
   4976.4   0.13337
   4981.2   0.13275
   4986.0   0.13210
   4990.8   0.13143
   4995.6   0.13079
   5000.4   0.13012
   5005.2   0.12944
   5010.0   0.12877
   5014.9   0.12813
   5019.8   0.12747
   5024.6   0.12681
   5029.5   0.12613
   5034.4   0.12551
   5039.3   0.12488
   5044.2   0.12426
   5049.1   0.12364
   5054.0   0.12304
   5058.9   0.12244
   5063.9   0.12188
   5068.8   0.12132
   5073.8   0.12076
   5078.8   0.12018
   5083.7   0.11963
   5088.7   0.11908
   5093.7   0.11852
   5098.7   0.11795
   5103.7   0.11739
   5108.8   0.11683
   5113.8   0.11625
   5118.9   0.11561
   5123.9   0.11495
   5129.0   0.11428
   5134.1   0.11363
   5139.1   0.11295
   5144.3   0.11227
   5149.4   0.11162
   5154.5   0.11095
   5159.6   0.11027
   5164.7   0.10964
   5169.9   0.10901
   5175.0   0.10841
   5180.2   0.10784
   5185.4   0.10726
   5190.6   0.10673
   5195.8   0.10623
   5201.0   0.10571
   5206.2   0.10518
   5211.5   0.10469
   5216.7   0.10420
   5222.0   0.10367
   5227.2   0.10313
   5232.5   0.10262
   5237.8   0.10215
   5243.1   0.10163
   5248.4   0.10110
   5253.7   0.10058
   5259.0   0.10008
   5264.4   0.09955
   5269.7   0.09901
   5275.1   0.09847
   5280.5   0.09796
   5285.8   0.09746
   5291.2   0.09702
   5296.6   0.09654
   5302.0   0.09607
   5307.5   0.09566
   5312.9   0.09528
   5318.4   0.09494
   5323.8   0.09459
   5329.3   0.09423
   5334.8   0.09390
   5340.3   0.09354
   5345.8   0.09319
   5351.3   0.09283
   5356.8   0.09235
   5362.4   0.09185
   5367.9   0.09137
   5373.5   0.09088
   5379.0   0.09042
   5384.6   0.08994
   5390.2   0.08944
   5395.8   0.08898
   5401.5   0.08853
   5407.1   0.08807
   5412.7   0.08766
   5418.4   0.08733
   5424.1   0.08704
   5429.7   0.08666
   5435.4   0.08632
   5441.1   0.08606
   5446.9   0.08583
   5452.6   0.08563
   5458.3   0.08549
   5464.1   0.08542
   5469.8   0.08531
   5475.6   0.08522
   5481.4   0.08519
   5487.2   0.08516
   5493.0   0.08517
   5498.8   0.08519
   5504.7   0.08523
   5510.5   0.08526
   5516.4   0.08530
   5522.3   0.08536
   5528.1   0.08543
   5534.0   0.08546
   5540.0   0.08548
   5545.9   0.08551
   5551.8   0.08553
   5557.8   0.08547
   5563.7   0.08537
   5569.7   0.08526
   5575.7   0.08519
   5581.7   0.08503
   5587.7   0.08474
   5593.7   0.08445
   5599.8   0.08422
   5605.8   0.08393
   5611.9   0.08363
   5618.0   0.08334
   5624.1   0.08300
   5630.2   0.08265
   5636.3   0.08235
   5642.4   0.08210
   5648.6   0.08172
   5654.7   0.08134
   5660.9   0.08098
   5667.1   0.08064
   5673.3   0.08042
   5679.5   0.08014
   5685.7   0.07982
   5692.0   0.07956
   5698.2   0.07928
   5704.5   0.07901
   5710.8   0.07876
   5717.1   0.07838
   5723.4   0.07797
   5729.7   0.07755
   5736.0   0.07709
   5742.4   0.07662
   5748.8   0.07614
   5755.1   0.07556
   5761.5   0.07510
   5768.0   0.07464
   5774.4   0.07396
   5780.8   0.07330
   5787.3   0.07272
   5793.7   0.07217
   5800.2   0.07164
   5806.7   0.07111
   5813.2   0.07064
   5819.7   0.07031
   5826.3   0.06994
   5832.8   0.06942
   5839.4   0.06893
   5846.0   0.06846
   5852.6   0.06800
   5859.2   0.06754
   5865.8   0.06703
   5872.5   0.06653
   5879.1   0.06620
   5885.8   0.06569
   5892.5   0.06511
   5899.2   0.06462
   5905.9   0.06397
   5912.6   0.06342
   5919.4   0.06294
   5926.2   0.06243
   5932.9   0.06206
   5939.7   0.06159
   5946.5   0.06091
   5953.4   0.06033
   5960.2   0.05982
   5967.1   0.05938
   5974.0   0.05890
   5980.8   0.05840
   5987.8   0.05800
   5994.7   0.05756
   6001.6   0.05711
   6008.6   0.05676
   6015.5   0.05647
   6022.5   0.05615
   6029.5   0.05590
   6036.5   0.05572
   6043.6   0.05572
   6050.6   0.05576
   6057.7   0.05551
   6064.8   0.05533
   6071.9   0.05535
   6079.0   0.05528
   6086.1   0.05513
   6093.3   0.05503
   6100.5   0.05496
   6107.6   0.05494
   6114.9   0.05492
   6122.1   0.05473
   6129.3   0.05455
   6136.5   0.05444
   6143.8   0.05431
   6151.1   0.05417
   6158.4   0.05409
   6165.7   0.05395
   6173.1   0.05379
   6180.4   0.05376
   6187.8   0.05373
   6195.2   0.05355
   6202.6   0.05340
   6210.0   0.05331
   6217.5   0.05324
   6225.0   0.05316
   6232.4   0.05311
   6239.9   0.05305
   6247.5   0.05299
   6255.0   0.05293
   6262.5   0.05287
   6270.1   0.05279
   6277.7   0.05270
   6285.3   0.05261
   6293.0   0.05255
   6300.6   0.05252
   6308.3   0.05247
   6315.9   0.05240
   6323.6   0.05236
   6331.4   0.05237
   6339.1   0.05247
   6346.9   0.05252
   6354.6   0.05245
   6362.4   0.05249
   6370.3   0.05261
   6378.1   0.05263
   6385.9   0.05261
   6393.8   0.05262
   6401.7   0.05267
   6409.6   0.05283
   6417.5   0.05287
   6425.5   0.05267
   6433.5   0.05253
   6441.5   0.05240
   6449.5   0.05224
   6457.5   0.05210
   6465.6   0.05199
   6473.6   0.05192
   6481.7   0.05183
   6489.8   0.05175
   6498.0   0.05163
   6506.1   0.05139
   6514.3   0.05119
   6522.5   0.05108
   6530.7   0.05090
   6539.0   0.05072
   6547.2   0.05056
   6555.5   0.05042
   6563.8   0.05026
   6572.1   0.05012
   6580.4   0.04991
   6588.8   0.04966
   6597.2   0.04942
   6605.6   0.04916
   6614.0   0.04896
   6622.5   0.04882
   6630.9   0.04878
   6639.4   0.04874
   6647.9   0.04856
   6656.5   0.04843
   6665.0   0.04843
   6673.6   0.04843
   6682.2   0.04839
   6690.8   0.04827
   6699.5   0.04817
   6708.1   0.04816
   6716.8   0.04811
   6725.5   0.04796
   6734.3   0.04782
   6743.0   0.04767
   6751.8   0.04752
   6760.6   0.04734
   6769.4   0.04717
   6778.3   0.04704
   6787.1   0.04692
   6796.0   0.04669
   6805.0   0.04644
   6813.9   0.04626
   6822.9   0.04612
   6831.9   0.04598
   6840.9   0.04578
   6849.9   0.04564
   6859.0   0.04560
   6868.0   0.04550
   6877.2   0.04529
   6886.3   0.04513
   6895.5   0.04501
   6904.6   0.04489
   6913.8   0.04477
   6923.1   0.04462
   6932.3   0.04445
   6941.6   0.04426
   6950.9   0.04410
   6960.2   0.04395
   6969.6   0.04372
   6979.0   0.04347
   6988.4   0.04325
   6997.8   0.04301
   7007.3   0.04277
   7016.8   0.04253
   7026.3   0.04228
   7035.8   0.04203
   7045.4   0.04181
   7054.9   0.04151
   7064.5   0.04120
   7074.2   0.04096
   7083.9   0.04071
   7093.5   0.04045
   7103.3   0.04020
   7113.0   0.04000
   7122.8   0.03980
   7132.6   0.03960
   7142.4   0.03937
   7152.2   0.03909
   7162.1   0.03880
   7172.0   0.03853
   7182.0   0.03822
   7191.9   0.03789
   7201.9   0.03758
   7211.9   0.03727
   7222.0   0.03694
   7232.0   0.03662
   7242.1   0.03631
   7252.3   0.03596
   7262.4   0.03562
   7272.6   0.03528
   7282.8   0.03493
   7293.1   0.03459
   7303.3   0.03423
   7313.6   0.03387
   7324.0   0.03354
   7334.3   0.03319
   7344.7   0.03276
   7355.1   0.03235
   7365.6   0.03197
   7376.1   0.03155
   7386.6   0.03110
   7397.1   0.03069
   7407.7   0.03026
   7418.3   0.02982
   7428.9   0.02940
   7439.6   0.02897
   7450.3   0.02852
   7461.0   0.02807
   7471.7   0.02765
   7482.5   0.02724
   7493.3   0.02680
   7504.2   0.02635
   7515.0   0.02593
   7525.9   0.02551
   7536.9   0.02508
   7547.9   0.02462
   7558.9   0.02418
   7569.9   0.02374
   7581.0   0.02331
   7592.0   0.02290
   7603.2   0.02248
   7614.4   0.02205
   7625.5   0.02160
   7636.8   0.02115
   7648.0   0.02069
   7659.3   0.02025
   7670.7   0.01981
   7682.0   0.01934
   7693.4   0.01885
   7704.9   0.01839
   7716.3   0.01794
   7727.8   0.01745
   7739.4   0.01698
   7750.9   0.01652
   7762.5   0.01605
   7774.2   0.01556
   7785.8   0.01509
   7797.5   0.01467
   7809.3   0.01423
   7821.1   0.01379
   7832.9   0.01335
   7844.7   0.01291
   7856.6   0.01251
   7868.5   0.01208
   7880.5   0.01167
   7892.5   0.01126
   7904.5   0.01083
   7916.6   0.01040
   7928.7   0.01005
   7940.8   0.00969
   7953.0   0.00932
   7965.2   0.00898
   7977.5   0.00870
   7989.8   0.00838
   8002.1   0.00802
   8014.5   0.00775
   8026.9   0.00754
   8039.3   0.00731
   8051.8   0.00711
   8064.3   0.00692
   8076.9   0.00676
   8089.5   0.00663
   8102.1   0.00656
   8114.8   0.00650
   8127.5   0.00650
   8140.3   0.00652
   8153.1   0.00663
   8165.9   0.00682
   8178.8   0.00709
   8191.7   0.00742
   8204.7   0.00782
   8217.7   0.00834
   8230.7   0.00896
   8243.8   0.00963
   8257.0   0.01039
   8270.1   0.01125
   8283.3   0.01217
   8296.6   0.01311
   8309.9   0.01409
   8323.2   0.01504
   8336.6   0.01594
   8350.0   0.01680
   8363.5   0.01762
   8377.0   0.01835
   8390.5   0.01901
   8404.2   0.01969
   8417.8   0.02040
   8431.5   0.02104
   8445.2   0.02161
   8459.0   0.02207
   8472.8   0.02241
   8486.7   0.02267
   8500.6   0.02288
   8514.5   0.02307
   8528.5   0.02326
   8542.6   0.02340
   8556.7   0.02354
   8570.8   0.02365
   8585.0   0.02371
   8599.3   0.02374
   8613.5   0.02376
   8627.9   0.02374
   8642.3   0.02373
   8656.7   0.02373
   8671.2   0.02373
   8685.7   0.02371
   8700.3   0.02373
   8714.9   0.02372
   8729.5   0.02371
   8744.3   0.02370
   8759.0   0.02366
   8773.9   0.02359
   8788.7   0.02354
   8803.7   0.02352
   8818.6   0.02347
   8833.7   0.02345
   8848.7   0.02351
   8863.8   0.02359
   8879.0   0.02368
   8894.3   0.02374
   8909.5   0.02381
   8924.9   0.02386
   8940.3   0.02391
   8955.7   0.02396
   8971.2   0.02400
   8986.8   0.02408
   9002.3   0.02411
   9018.0   0.02410
   9033.7   0.02406
   9049.5   0.02395
   9065.3   0.02377
   9081.2   0.02355
   9097.1   0.02330
   9113.1   0.02305
   9129.1   0.02283
   9145.2   0.02259
   9161.4   0.02232
   9177.6   0.02210
   9193.9   0.02195
   9210.2   0.02186
   9226.6   0.02182
   9243.0   0.02186
   9259.5   0.02191
   9276.1   0.02193
   9292.7   0.02198
   9309.4   0.02210
   9326.2   0.02224
   9343.0   0.02239
   9359.8   0.02256
   9376.8   0.02278
   9393.8   0.02305
   9410.8   0.02333
   9427.9   0.02363
   9445.1   0.02398
   9462.3   0.02437
   9479.6   0.02477
   9497.0   0.02522
   9514.4   0.02572
   9531.9   0.02625
   9549.4   0.02670
   9567.0   0.02710
   9584.7   0.02748
   9602.5   0.02783
   9620.3   0.02810
   9638.2   0.02834
   9656.1   0.02850
   9674.2   0.02868
   9692.2   0.02878
   9710.4   0.02881
   9728.6   0.02881
   9746.9   0.02876
   9765.2   0.02871
   9783.7   0.02864
   9802.2   0.02855
   9820.7   0.02841
   9839.4   0.02827
   9858.1   0.02818
   9876.8   0.02812
   9895.7   0.02813
   9914.6   0.02819
   9933.6   0.02830
   9952.7   0.02846
   9971.8   0.02864
   9991.0   0.02881
  10010.3   0.02901
  10029.7   0.02922
  10049.1   0.02950
  10068.6   0.02976
  10088.2   0.03002
  10107.9   0.03029
  10127.6   0.03053
  10147.5   0.03070
  10167.3   0.03085
  10187.3   0.03103
  10207.4   0.03125
  10227.5   0.03160
  10247.7   0.03204
  10268.0   0.03254
  10288.4   0.03309
  10308.8   0.03360
  10329.4   0.03408
  10350.0   0.03453
  10370.7   0.03495
  10391.5   0.03540
  10412.3   0.03587
  10433.3   0.03624
  10454.3   0.03654
  10475.4   0.03681
  10496.7   0.03706
  10517.9   0.03725
  10539.3   0.03744
  10560.8   0.03761
  10582.3   0.03776
  10604.0   0.03786
  10625.7   0.03789
  10647.5   0.03795
  10669.4   0.03796
  10691.4   0.03794
  10713.5   0.03798
  10735.7   0.03803
  10758.0   0.03801
  10780.3   0.03784
  10802.8   0.03764
  10825.4   0.03740
  10848.0   0.03710
  10870.8   0.03676
  10893.6   0.03641
  10916.5   0.03613
  10939.5   0.03591
  10962.7   0.03563
  10985.9   0.03531
  11009.2   0.03502
  11032.7   0.03482
  11056.2   0.03464
  11079.8   0.03443
  11103.5   0.03420
  11127.4   0.03398
  11151.3   0.03370
  11175.3   0.03347
  11199.5   0.03324
  11223.7   0.03301
  11248.0   0.03280
  11272.5   0.03258
  11297.1   0.03236
  11321.7   0.03217
  11346.5   0.03191
  11371.4   0.03167
  11396.4   0.03148
  11421.5   0.03132
  11446.7   0.03117
  11472.0   0.03098
  11497.5   0.03077
  11523.0   0.03051
  11548.7   0.03017
  11574.4   0.02993
  11600.3   0.02973
  11626.3   0.02956
  11652.5   0.02945
  11678.7   0.02932
  11705.1   0.02914
  11731.6   0.02895
  11758.2   0.02877
  11784.9   0.02860
  11811.7   0.02843
  11838.7   0.02822
  11865.8   0.02804
  11893.0   0.02794
  11920.3   0.02790
  11947.8   0.02783
  11975.4   0.02783
  12003.1   0.02788
  12031.0   0.02778
  12059.0   0.02762
  12087.1   0.02757
  12115.3   0.02753
  12143.7   0.02741
  12172.2   0.02728
  12200.8   0.02719
  12229.6   0.02711
  12258.5   0.02697
  12287.6   0.02672
  12316.8   0.02651
  12346.1   0.02630
  12375.5   0.02598
  12405.2   0.02559
  12434.9   0.02521
  12464.8   0.02487
  12494.8   0.02446
  12525.0   0.02395
  12555.3   0.02346
  12585.8   0.02307
  12616.4   0.02260
  12647.2   0.02204
  12678.1   0.02148
  12709.2   0.02094
  12740.4   0.02037
  12771.8   0.01978
  12803.3   0.01930
  12835.0   0.01894
  12866.9   0.01866
  12898.9   0.01852
  12931.1   0.01845
  12963.4   0.01833
  12995.9   0.01831
  13028.5   0.01834
  13061.3   0.01833
  13094.3   0.01835
  13127.5   0.01847
  13160.8   0.01860
  13194.3   0.01866
  13228.0   0.01868
  13261.8   0.01870
  13295.8   0.01866
  13330.0   0.01863
  13364.3   0.01858
  13398.8   0.01846
  13433.6   0.01828
  13468.5   0.01810
  13503.5   0.01789
  13538.8   0.01776
  13574.2   0.01771
  13609.9   0.01777
  13645.7   0.01783
  13681.7   0.01798
  13717.9   0.01822
  13754.3   0.01836
  13790.8   0.01846
  13827.6   0.01851
  13864.6   0.01855
  13901.8   0.01857
  13939.2   0.01850
  13976.7   0.01838
  14014.5   0.01823
  14052.5   0.01804
  14090.7   0.01787
  14129.0   0.01762
  14167.6   0.01741
  14206.5   0.01724
  14245.5   0.01702
  14284.7   0.01693
  14324.2   0.01687
  14363.9   0.01682
  14403.8   0.01675
  14443.9   0.01668
  14484.3   0.01670
  14524.8   0.01678
  14565.6   0.01682
  14606.7   0.01675
  14647.9   0.01666
  14689.4   0.01657
  14731.2   0.01654
  14773.1   0.01654
  14815.3   0.01659
  14857.8   0.01671
  14900.5   0.01690
  14943.4   0.01709
  14986.6   0.01727
  15030.0   0.01745
  15073.7   0.01749
  15117.7   0.01752
  15161.9   0.01770
  15206.3   0.01792
  15251.1   0.01821
  15296.1   0.01858
  15341.3   0.01913
  15386.8   0.01986
  15432.6   0.02066
  15478.7   0.02155
  15525.0   0.02239
  15571.7   0.02313
  15618.6   0.02359
  15665.8   0.02395
  15713.2   0.02424
  15761.0   0.02446
  15809.0   0.02467
  15857.4   0.02488
  15906.0   0.02502
  15955.0   0.02510
  16004.2   0.02509
  16053.8   0.02497
  16103.6   0.02466
  16153.8   0.02426
  16204.3   0.02397
  16255.1   0.02370
  16306.2   0.02371
  16357.6   0.02403
  16409.4   0.02441
  16461.5   0.02480
  16513.9   0.02526
  16566.7   0.02566
  16619.8   0.02589
  16673.2   0.02601
  16727.0   0.02621
  16781.1   0.02658
  16835.6   0.02720
  16890.5   0.02789
  16945.7   0.02834
  17001.2   0.02840
  17057.2   0.02826
  17113.4   0.02807
  17170.1   0.02775
  17227.2   0.02724
  17284.6   0.02684
  17342.4   0.02638
  17400.6   0.02598
  17459.2   0.02609
  17518.2   0.02638
  17577.5   0.02648
  17637.3   0.02649
  17697.5   0.02636
  17758.1   0.02618
  17819.2   0.02577
  17880.6   0.02539
  17942.5   0.02528
  18004.8   0.02515
  18067.5   0.02518
  18130.7   0.02554
  18194.3   0.02621
  18258.4   0.02710
  18322.9   0.02797
  18387.9   0.02859
  18453.3   0.02893
  18519.2   0.02910
  18585.6   0.02909
  18652.4   0.02868
  18719.8   0.02813
  18787.6   0.02770
  18855.9   0.02723
  18924.7   0.02681
  18994.1   0.02667
  19063.9   0.02657
  19134.2   0.02637
  19205.1   0.02627
  19276.5   0.02617
  19348.4   0.02593
  19420.9   0.02578
  19493.9   0.02563
  19567.5   0.02562
  19641.6   0.02559
  19716.3   0.02544
  19791.6   0.02499
  19867.4   0.02458
  19943.8   0.02443
  20020.8   0.02415
  20098.4   0.02358
  20176.6   0.02324
  20255.4   0.02309
  20334.9   0.02323
  20414.9   0.02322
  20495.6   0.02341
  20576.9   0.02364
  20658.9   0.02373
  20741.6   0.02359
  20824.8   0.02347
  20908.8   0.02339
  20993.5   0.02333
  21078.8   0.02327
  21164.8   0.02347
  21251.6   0.02378
  21339.1   0.02399
  21427.2   0.02410
  21516.1   0.02384
  21605.8   0.02325
  21696.2   0.02281
  21787.3   0.02264
  21879.3   0.02259
  21972.0   0.02239
  22065.5   0.02210
  22159.8   0.02157
  22254.9   0.02132
  22350.8   0.02142
  22447.6   0.02117
  22545.2   0.02111
  22643.6   0.02142
  22742.9   0.02175
  22843.1   0.02230
  22944.2   0.02328
  23046.2   0.02446
  23149.1   0.02554
  23252.9   0.02653
  23357.6   0.02735
  23463.3   0.02764
  23569.9   0.02763
  23677.6   0.02752
  23786.2   0.02752
  23895.8   0.02788
  24006.4   0.02815
  24118.1   0.02817
  24230.8   0.02814
  24344.5   0.02797
  24459.3   0.02787
  24575.3   0.02804
  24692.3   0.02839
  24810.4   0.02867
  24929.7   0.02892
  25050.1   0.02915
  25171.7   0.02937
  25294.5   0.03030
  25418.5   0.03133
  25543.7   0.03171
  25670.2   0.03188
  25797.9   0.03227
  25926.9   0.03305
  26057.2   0.03364
  26188.8   0.03380
  26321.7   0.03373
  26456.0   0.03356
  26591.7   0.03323
  26728.8   0.03295
  26867.2   0.03249
  27007.2   0.03218
  27148.6   0.03189
  27291.5   0.03139
  27435.9   0.03128
  27581.8   0.03082
  27729.3   0.03021
  27878.4   0.03001
  28029.1   0.03033
  28181.4   0.03083
  28335.4   0.03137
  28491.1   0.03174
  28648.5   0.03197
  28807.7   0.03188
  28968.6   0.03151
  29131.3   0.03142
  29295.9   0.03146
  29462.4   0.03137
  29630.7   0.03102
  29801.0   0.03055
  29973.3   0.03015
  30147.5   0.02979
  30323.8   0.02955
  30502.2   0.02927
  30682.7   0.02912
  30865.3   0.02908
  31050.2   0.02907
  31237.2   0.02885
  31426.5   0.02882
  31618.2   0.02902
  31812.1   0.02898
  32008.5   0.02893
  32207.3   0.02900
  32408.6   0.02935
  32612.4   0.03036
  32818.8   0.03086
  33027.9   0.03076
  33239.6   0.03022
  33454.1   0.02970
  33671.3   0.02936
  33891.4   0.02899
  34114.3   0.02898
  34340.3   0.02880
  34569.2   0.02781
  34801.2   0.02741
  35036.3   0.02775
  35274.7   0.02785
  35516.3   0.02755
  35761.2   0.02776
  36009.6   0.02797
  36261.4   0.02758
  36516.7   0.02728
  36775.7   0.02680
  37038.4   0.02621
  37304.9   0.02568
  37575.2   0.02518
  37849.5   0.02481
  38127.8   0.02460
  38410.2   0.02452
  38696.8   0.02450
  38987.8   0.02474
  39283.2   0.02561
  39583.0   0.02689
  39887.5   0.02735
  40196.7   0.02808
  40510.8   0.02957
  40829.7   0.03111
  41153.8   0.03174
  41483.0   0.03223
  41817.6   0.03328
  42157.5   0.03417
  42503.1   0.03458
  42854.4   0.03456
  43211.5   0.03408
  43574.6   0.03361
  43943.9   0.03439
  44319.5   0.03376
  44701.5   0.03303
  45090.2   0.03375
  45485.8   0.03400
  45888.3   0.03357
  46298.0   0.03365
  46715.1   0.03413
  47139.8   0.03487
  47572.3   0.03582
  48012.8   0.03599
  48461.5   0.03605
  48918.6   0.03676
  49384.6   0.03748
  49859.4   0.03652
  50343.5   0.03606
  50837.0   0.03616
  51340.4   0.03574
  51853.8   0.03572
  52377.6   0.03668
  52912.0   0.03645
  53457.5   0.03544
  54014.4   0.03440
  54582.9   0.03445
  55163.6   0.03536
  55756.8   0.03563
  56362.8   0.03586
  56982.2   0.03628
  57615.3   0.03498
  58262.7   0.03415
  58924.7   0.03614
  59602.0   0.03734
  60295.1   0.03721
  61004.4   0.03739
  61730.7   0.03764
  62474.4   0.03770
  63236.3   0.03757
  64017.0   0.03782
  64817.2   0.03901
  65637.7   0.03992
  66479.2   0.04002
  67342.6   0.04015
  68228.6   0.03993
  69138.4   0.04022
  70072.7   0.04065
  71032.6   0.04335
  72019.1   0.04529
  73033.5   0.04394
  74076.8   0.04369
  75150.4   0.04493
  76255.5   0.04458
  77393.7   0.04639
  78566.3   0.04748
  79775.0   0.04518
  81021.5   0.04204
  82307.6   0.04322
  83635.1   0.04739
  85006.2   0.04528
  86423.0   0.04592
  87887.8   0.04747
  89403.0   0.04624
  90971.5   0.04945
  92596.0   0.05113
  94279.6   0.04954
  96025.5   0.04723
  97837.3   0.04690
  99718.8   0.04906



 BIR1LS139D          .ASC                        

 LS-GJT-139-D                                                            
 Apollo 61221,175 90-150 um                                              
 Connected at 3.65 & 19.3 um                                             

 Source Ang: 30.00   Detect Ang:  0.00  Volt: 1.222
 Date: 23-JUN-14   Time: 12:13:27
