  6171
    833.3   0.07500
    833.5   0.07490
    833.6   0.07584
    833.7   0.07522
    833.9   0.07423
    834.0   0.07365
    834.1   0.07369
    834.3   0.07470
    834.4   0.07536
    834.5   0.07497
    834.7   0.07328
    834.8   0.07295
    835.0   0.07488
    835.1   0.07528
    835.2   0.07399
    835.3   0.07388
    835.5   0.07463
    835.6   0.07403
    835.8   0.07336
    835.9   0.07424
    836.0   0.07429
    836.2   0.07429
    836.3   0.07461
    836.4   0.07444
    836.6   0.07454
    836.7   0.07391
    836.8   0.07353
    837.0   0.07516
    837.1   0.07590
    837.2   0.07498
    837.4   0.07477
    837.5   0.07385
    837.6   0.07457
    837.8   0.07443
    837.9   0.07267
    838.0   0.07261
    838.2   0.07227
    838.3   0.07372
    838.5   0.07423
    838.6   0.07429
    838.7   0.07489
    838.9   0.07418
    839.0   0.07340
    839.1   0.07340
    839.3   0.07381
    839.4   0.07444
    839.5   0.07472
    839.7   0.07406
    839.8   0.07363
    840.0   0.07263
    840.1   0.07196
    840.2   0.07238
    840.4   0.07287
    840.5   0.07189
    840.6   0.07174
    840.8   0.07327
    840.9   0.07494
    841.0   0.07496
    841.2   0.07379
    841.3   0.07371
    841.5   0.07371
    841.6   0.07262
    841.7   0.07267
    841.9   0.07413
    842.0   0.07467
    842.1   0.07320
    842.3   0.07311
    842.4   0.07395
    842.5   0.07381
    842.7   0.07292
    842.8   0.07285
    843.0   0.07359
    843.1   0.07397
    843.2   0.07336
    843.4   0.07297
    843.5   0.07337
    843.6   0.07366
    843.8   0.07440
    843.9   0.07409
    844.0   0.07375
    844.2   0.07378
    844.3   0.07339
    844.5   0.07358
    844.6   0.07390
    844.7   0.07305
    844.9   0.07285
    845.0   0.07281
    845.2   0.07277
    845.3   0.07346
    845.4   0.07318
    845.6   0.07277
    845.7   0.07241
    845.8   0.07277
    846.0   0.07322
    846.1   0.07328
    846.3   0.07395
    846.4   0.07393
    846.5   0.07363
    846.7   0.07394
    846.8   0.07355
    847.0   0.07314
    847.1   0.07332
    847.2   0.07285
    847.4   0.07314
    847.5   0.07304
    847.6   0.07273
    847.8   0.07337
    847.9   0.07296
    848.1   0.07310
    848.2   0.07297
    848.3   0.07217
    848.5   0.07239
    848.6   0.07421
    848.8   0.07387
    848.9   0.07271
    849.0   0.07260
    849.2   0.07338
    849.3   0.07296
    849.5   0.07216
    849.6   0.07281
    849.7   0.07384
    849.9   0.07352
    850.0   0.07239
    850.1   0.07176
    850.3   0.07257
    850.4   0.07274
    850.6   0.07230
    850.7   0.07125
    850.8   0.07085
    851.0   0.07151
    851.1   0.07196
    851.3   0.07210
    851.4   0.07244
    851.5   0.07211
    851.7   0.07219
    851.8   0.07332
    852.0   0.07332
    852.1   0.07248
    852.2   0.07231
    852.4   0.07333
    852.5   0.07370
    852.7   0.07305
    852.8   0.07290
    852.9   0.07303
    853.1   0.07370
    853.2   0.07349
    853.4   0.07294
    853.5   0.07287
    853.6   0.07231
    853.8   0.07131
    853.9   0.07186
    854.1   0.07279
    854.2   0.07332
    854.3   0.07343
    854.5   0.07296
    854.6   0.07263
    854.8   0.07233
    854.9   0.07153
    855.0   0.07080
    855.2   0.07153
    855.3   0.07208
    855.5   0.07238
    855.6   0.07175
    855.8   0.07141
    855.9   0.07165
    856.0   0.07122
    856.2   0.07116
    856.3   0.07273
    856.5   0.07389
    856.6   0.07279
    856.8   0.07241
    856.9   0.07306
    857.0   0.07259
    857.2   0.07107
    857.3   0.07042
    857.5   0.07198
    857.6   0.07279
    857.7   0.07163
    857.9   0.07088
    858.0   0.07123
    858.2   0.07200
    858.3   0.07177
    858.5   0.07132
    858.6   0.07146
    858.7   0.07296
    858.9   0.07344
    859.0   0.07243
    859.2   0.07210
    859.3   0.07218
    859.4   0.07125
    859.6   0.07155
    859.7   0.07194
    859.9   0.07038
    860.0   0.07054
    860.2   0.07242
    860.3   0.07213
    860.4   0.07149
    860.6   0.07183
    860.7   0.07204
    860.9   0.07174
    861.0   0.07141
    861.2   0.07097
    861.3   0.07073
    861.4   0.07127
    861.6   0.07061
    861.7   0.07102
    861.9   0.07163
    862.0   0.07143
    862.2   0.07207
    862.3   0.07187
    862.5   0.07182
    862.6   0.07151
    862.7   0.07070
    862.9   0.07022
    863.0   0.07074
    863.2   0.07138
    863.3   0.07109
    863.5   0.07158
    863.6   0.07254
    863.7   0.07218
    863.9   0.07133
    864.0   0.07141
    864.2   0.07169
    864.3   0.07190
    864.5   0.07211
    864.6   0.07185
    864.8   0.07147
    864.9   0.07063
    865.0   0.07079
    865.2   0.07132
    865.3   0.07173
    865.5   0.07173
    865.6   0.07130
    865.8   0.07034
    865.9   0.07056
    866.0   0.07154
    866.2   0.07127
    866.3   0.07067
    866.5   0.07042
    866.6   0.07048
    866.8   0.07102
    866.9   0.07133
    867.1   0.07066
    867.2   0.07027
    867.3   0.07011
    867.5   0.07083
    867.6   0.07124
    867.8   0.07069
    867.9   0.06991
    868.1   0.07006
    868.2   0.07068
    868.4   0.07097
    868.5   0.07056
    868.7   0.07079
    868.8   0.07130
    869.0   0.07114
    869.1   0.07128
    869.2   0.07123
    869.4   0.07090
    869.5   0.07069
    869.7   0.07073
    869.8   0.07121
    870.0   0.07166
    870.1   0.07161
    870.3   0.07103
    870.4   0.07040
    870.6   0.07049
    870.7   0.07044
    870.8   0.07069
    871.0   0.07062
    871.1   0.07072
    871.3   0.07038
    871.4   0.07074
    871.6   0.07085
    871.7   0.07028
    871.9   0.07026
    872.0   0.07081
    872.2   0.07097
    872.3   0.07052
    872.5   0.07043
    872.6   0.07017
    872.8   0.06935
    872.9   0.06943
    873.0   0.07018
    873.2   0.07125
    873.3   0.07128
    873.5   0.07048
    873.6   0.07016
    873.8   0.06996
    873.9   0.06985
    874.1   0.07009
    874.2   0.07034
    874.4   0.06998
    874.5   0.06939
    874.7   0.07023
    874.8   0.07079
    875.0   0.07062
    875.1   0.07045
    875.3   0.06988
    875.4   0.06950
    875.5   0.06898
    875.7   0.06969
    875.8   0.06992
    876.0   0.06987
    876.2   0.07035
    876.3   0.07031
    876.4   0.07067
    876.6   0.07006
    876.7   0.06974
    876.9   0.07006
    877.0   0.07014
    877.2   0.07014
    877.3   0.06977
    877.5   0.06922
    877.6   0.06906
    877.8   0.06906
    877.9   0.06924
    878.1   0.06999
    878.2   0.07044
    878.4   0.07060
    878.5   0.07002
    878.7   0.06966
    878.8   0.06950
    879.0   0.06935
    879.1   0.06912
    879.3   0.06895
    879.4   0.06945
    879.6   0.06995
    879.7   0.06980
    879.9   0.06930
    880.0   0.06939
    880.2   0.06941
    880.3   0.06913
    880.5   0.06908
    880.6   0.06917
    880.8   0.06967
    880.9   0.06994
    881.1   0.06998
    881.2   0.06970
    881.4   0.06953
    881.5   0.06987
    881.7   0.06972
    881.8   0.06905
    882.0   0.06915
    882.1   0.07024
    882.3   0.06950
    882.4   0.06914
    882.6   0.07021
    882.7   0.07002
    882.9   0.06997
    883.0   0.06966
    883.2   0.06831
    883.3   0.06826
    883.5   0.06939
    883.6   0.06996
    883.8   0.06968
    883.9   0.06921
    884.1   0.06951
    884.2   0.06940
    884.4   0.07003
    884.5   0.07012
    884.7   0.06937
    884.8   0.06902
    885.0   0.06924
    885.1   0.06918
    885.3   0.06882
    885.4   0.06889
    885.6   0.06867
    885.7   0.06841
    885.9   0.06876
    886.0   0.06957
    886.2   0.06976
    886.3   0.06891
    886.5   0.06872
    886.6   0.06893
    886.8   0.06910
    886.9   0.06915
    887.1   0.06939
    887.2   0.06956
    887.4   0.06902
    887.5   0.06837
    887.7   0.06905
    887.8   0.06939
    888.0   0.06917
    888.2   0.06976
    888.3   0.06986
    888.5   0.06912
    888.6   0.06859
    888.8   0.06854
    888.9   0.06891
    889.1   0.06922
    889.2   0.06956
    889.4   0.06944
    889.5   0.06904
    889.7   0.06878
    889.8   0.06889
    890.0   0.06831
    890.1   0.06825
    890.3   0.06864
    890.4   0.06895
    890.6   0.06895
    890.8   0.06951
    890.9   0.06934
    891.0   0.06914
    891.2   0.06859
    891.4   0.06895
    891.5   0.06980
    891.7   0.06877
    891.8   0.06755
    892.0   0.06817
    892.1   0.06842
    892.3   0.06819
    892.4   0.06791
    892.6   0.06804
    892.7   0.06838
    892.9   0.06832
    893.0   0.06803
    893.2   0.06847
    893.4   0.06866
    893.5   0.06832
    893.7   0.06852
    893.8   0.06854
    894.0   0.06859
    894.1   0.06894
    894.3   0.06866
    894.4   0.06777
    894.6   0.06721
    894.7   0.06738
    894.9   0.06830
    895.0   0.06905
    895.2   0.06919
    895.4   0.06847
    895.5   0.06800
    895.7   0.06818
    895.8   0.06841
    896.0   0.06835
    896.1   0.06829
    896.3   0.06827
    896.4   0.06870
    896.6   0.06835
    896.8   0.06812
    896.9   0.06851
    897.1   0.06838
    897.2   0.06774
    897.4   0.06743
    897.5   0.06771
    897.7   0.06857
    897.8   0.06848
    898.0   0.06791
    898.2   0.06738
    898.3   0.06754
    898.5   0.06820
    898.6   0.06811
    898.8   0.06743
    898.9   0.06787
    899.1   0.06858
    899.2   0.06843
    899.4   0.06802
    899.6   0.06803
    899.7   0.06835
    899.9   0.06829
    900.0   0.06815
    900.2   0.06821
    900.3   0.06787
    900.5   0.06735
    900.7   0.06737
    900.8   0.06761
    901.0   0.06783
    901.1   0.06786
    901.3   0.06800
    901.4   0.06812
    901.6   0.06775
    901.8   0.06788
    901.9   0.06853
    902.1   0.06840
    902.2   0.06786
    902.4   0.06780
    902.5   0.06779
    902.7   0.06828
    902.8   0.06834
    903.0   0.06789
    903.2   0.06787
    903.3   0.06804
    903.5   0.06788
    903.6   0.06790
    903.8   0.06773
    904.0   0.06747
    904.1   0.06715
    904.3   0.06757
    904.4   0.06776
    904.6   0.06740
    904.7   0.06722
    904.9   0.06726
    905.0   0.06768
    905.2   0.06788
    905.4   0.06757
    905.5   0.06730
    905.7   0.06743
    905.8   0.06755
    906.0   0.06764
    906.2   0.06760
    906.3   0.06754
    906.5   0.06784
    906.6   0.06801
    906.8   0.06775
    907.0   0.06711
    907.1   0.06717
    907.3   0.06784
    907.4   0.06783
    907.6   0.06757
    907.7   0.06793
    907.9   0.06796
    908.1   0.06736
    908.2   0.06729
    908.4   0.06729
    908.5   0.06741
    908.7   0.06770
    908.9   0.06737
    909.0   0.06721
    909.2   0.06728
    909.3   0.06713
    909.5   0.06677
    909.7   0.06667
    909.8   0.06690
    910.0   0.06702
    910.1   0.06737
    910.3   0.06780
    910.5   0.06798
    910.6   0.06753
    910.8   0.06740
    910.9   0.06745
    911.1   0.06721
    911.3   0.06730
    911.4   0.06719
    911.6   0.06706
    911.7   0.06717
    911.9   0.06718
    912.1   0.06718
    912.2   0.06706
    912.4   0.06719
    912.5   0.06697
    912.7   0.06727
    912.9   0.06740
    913.0   0.06717
    913.2   0.06724
    913.3   0.06734
    913.5   0.06745
    913.7   0.06741
    913.8   0.06745
    914.0   0.06716
    914.2   0.06653
    914.3   0.06661
    914.5   0.06664
    914.6   0.06634
    914.8   0.06624
    915.0   0.06680
    915.1   0.06710
    915.3   0.06661
    915.4   0.06654
    915.6   0.06698
    915.8   0.06695
    915.9   0.06690
    916.1   0.06695
    916.3   0.06705
    916.4   0.06683
    916.6   0.06689
    916.7   0.06697
    916.9   0.06717
    917.1   0.06730
    917.2   0.06697
    917.4   0.06675
    917.5   0.06708
    917.7   0.06659
    917.9   0.06641
    918.0   0.06662
    918.2   0.06694
    918.4   0.06708
    918.5   0.06695
    918.7   0.06723
    918.8   0.06753
    919.0   0.06763
    919.2   0.06721
    919.3   0.06688
    919.5   0.06696
    919.7   0.06691
    919.8   0.06645
    920.0   0.06660
    920.2   0.06675
    920.3   0.06711
    920.5   0.06729
    920.6   0.06694
    920.8   0.06664
    921.0   0.06712
    921.1   0.06690
    921.3   0.06670
    921.5   0.06680
    921.6   0.06679
    921.8   0.06689
    922.0   0.06668
    922.1   0.06670
    922.3   0.06690
    922.4   0.06674
    922.6   0.06645
    922.8   0.06647
    922.9   0.06668
    923.1   0.06664
    923.3   0.06643
    923.4   0.06606
    923.6   0.06617
    923.8   0.06642
    923.9   0.06626
    924.1   0.06626
    924.3   0.06655
    924.4   0.06681
    924.6   0.06692
    924.7   0.06669
    924.9   0.06653
    925.1   0.06641
    925.2   0.06654
    925.4   0.06679
    925.6   0.06677
    925.7   0.06675
    925.9   0.06659
    926.1   0.06638
    926.2   0.06649
    926.4   0.06655
    926.6   0.06649
    926.7   0.06649
    926.9   0.06675
    927.1   0.06696
    927.2   0.06640
    927.4   0.06603
    927.6   0.06643
    927.7   0.06684
    927.9   0.06696
    928.0   0.06688
    928.2   0.06656
    928.4   0.06637
    928.5   0.06655
    928.7   0.06695
    928.9   0.06694
    929.0   0.06687
    929.2   0.06646
    929.4   0.06600
    929.5   0.06662
    929.7   0.06688
    929.9   0.06679
    930.0   0.06683
    930.2   0.06674
    930.4   0.06647
    930.5   0.06653
    930.7   0.06641
    930.9   0.06628
    931.0   0.06659
    931.2   0.06682
    931.4   0.06669
    931.6   0.06683
    931.7   0.06683
    931.9   0.06635
    932.1   0.06598
    932.2   0.06635
    932.4   0.06631
    932.6   0.06648
    932.7   0.06664
    932.9   0.06641
    933.1   0.06618
    933.2   0.06634
    933.4   0.06657
    933.6   0.06681
    933.7   0.06679
    933.9   0.06635
    934.1   0.06657
    934.2   0.06689
    934.4   0.06670
    934.6   0.06631
    934.8   0.06619
    934.9   0.06602
    935.1   0.06579
    935.3   0.06601
    935.4   0.06641
    935.6   0.06675
    935.8   0.06623
    935.9   0.06592
    936.1   0.06573
    936.3   0.06598
    936.4   0.06630
    936.6   0.06640
    936.8   0.06648
    936.9   0.06671
    937.1   0.06654
    937.3   0.06637
    937.5   0.06644
    937.6   0.06611
    937.8   0.06626
    938.0   0.06642
    938.1   0.06609
    938.3   0.06643
    938.5   0.06687
    938.6   0.06664
    938.8   0.06652
    939.0   0.06671
    939.2   0.06652
    939.3   0.06617
    939.5   0.06591
    939.7   0.06608
    939.8   0.06628
    940.0   0.06639
    940.2   0.06645
    940.3   0.06640
    940.5   0.06627
    940.7   0.06634
    940.8   0.06638
    941.0   0.06615
    941.2   0.06623
    941.4   0.06620
    941.5   0.06597
    941.7   0.06609
    941.9   0.06645
    942.0   0.06669
    942.2   0.06628
    942.4   0.06614
    942.6   0.06623
    942.7   0.06601
    942.9   0.06610
    943.1   0.06615
    943.3   0.06625
    943.4   0.06641
    943.6   0.06628
    943.8   0.06596
    943.9   0.06585
    944.1   0.06612
    944.3   0.06634
    944.5   0.06651
    944.6   0.06653
    944.8   0.06619
    945.0   0.06633
    945.1   0.06638
    945.3   0.06617
    945.5   0.06609
    945.7   0.06605
    945.8   0.06631
    946.0   0.06635
    946.2   0.06617
    946.3   0.06608
    946.5   0.06614
    946.7   0.06619
    946.9   0.06627
    947.0   0.06621
    947.2   0.06611
    947.4   0.06611
    947.6   0.06610
    947.7   0.06646
    947.9   0.06657
    948.1   0.06633
    948.3   0.06620
    948.4   0.06582
    948.6   0.06573
    948.8   0.06569
    949.0   0.06595
    949.1   0.06641
    949.3   0.06631
    949.5   0.06592
    949.6   0.06615
    949.8   0.06637
    950.0   0.06615
    950.2   0.06593
    950.3   0.06586
    950.5   0.06615
    950.7   0.06598
    950.9   0.06592
    951.0   0.06605
    951.2   0.06606
    951.4   0.06599
    951.6   0.06589
    951.7   0.06585
    951.9   0.06603
    952.1   0.06644
    952.3   0.06644
    952.4   0.06624
    952.6   0.06609
    952.8   0.06588
    953.0   0.06571
    953.1   0.06594
    953.3   0.06610
    953.5   0.06592
    953.7   0.06589
    953.8   0.06606
    954.0   0.06648
    954.2   0.06623
    954.4   0.06601
    954.5   0.06605
    954.7   0.06604
    954.9   0.06605
    955.1   0.06603
    955.2   0.06605
    955.4   0.06629
    955.6   0.06633
    955.8   0.06626
    956.0   0.06637
    956.1   0.06613
    956.3   0.06590
    956.5   0.06619
    956.7   0.06635
    956.8   0.06638
    957.0   0.06614
    957.2   0.06604
    957.4   0.06629
    957.5   0.06656
    957.7   0.06643
    957.9   0.06637
    958.1   0.06641
    958.2   0.06626
    958.4   0.06636
    958.6   0.06659
    958.8   0.06635
    959.0   0.06627
    959.1   0.06636
    959.3   0.06606
    959.5   0.06598
    959.7   0.06631
    959.8   0.06655
    960.0   0.06636
    960.2   0.06606
    960.4   0.06615
    960.5   0.06598
    960.7   0.06589
    960.9   0.06633
    961.1   0.06642
    961.3   0.06637
    961.4   0.06640
    961.6   0.06654
    961.8   0.06635
    962.0   0.06606
    962.2   0.06594
    962.3   0.06611
    962.5   0.06625
    962.7   0.06611
    962.9   0.06598
    963.0   0.06599
    963.2   0.06627
    963.4   0.06644
    963.6   0.06627
    963.8   0.06619
    963.9   0.06623
    964.1   0.06637
    964.3   0.06643
    964.5   0.06633
    964.7   0.06629
    964.8   0.06611
    965.0   0.06607
    965.2   0.06626
    965.4   0.06618
    965.6   0.06627
    965.7   0.06635
    965.9   0.06630
    966.1   0.06623
    966.3   0.06631
    966.5   0.06637
    966.6   0.06645
    966.8   0.06677
    967.0   0.06665
    967.2   0.06626
    967.4   0.06635
    967.5   0.06665
    967.7   0.06655
    967.9   0.06636
    968.1   0.06618
    968.3   0.06632
    968.4   0.06643
    968.6   0.06644
    968.8   0.06661
    969.0   0.06678
    969.2   0.06655
    969.3   0.06644
    969.5   0.06634
    969.7   0.06617
    969.9   0.06635
    970.1   0.06637
    970.3   0.06637
    970.4   0.06634
    970.6   0.06645
    970.8   0.06638
    971.0   0.06631
    971.2   0.06662
    971.3   0.06655
    971.5   0.06650
    971.7   0.06654
    971.9   0.06659
    972.1   0.06663
    972.3   0.06655
    972.4   0.06679
    972.6   0.06698
    972.8   0.06685
    973.0   0.06694
    973.2   0.06692
    973.3   0.06667
    973.5   0.06669
    973.7   0.06674
    973.9   0.06664
    974.1   0.06662
    974.3   0.06672
    974.5   0.06677
    974.6   0.06683
    974.8   0.06679
    975.0   0.06651
    975.2   0.06626
    975.4   0.06645
    975.5   0.06660
    975.7   0.06647
    975.9   0.06646
    976.1   0.06652
    976.3   0.06648
    976.5   0.06655
    976.7   0.06656
    976.8   0.06665
    977.0   0.06675
    977.2   0.06670
    977.4   0.06668
    977.6   0.06657
    977.8   0.06666
    977.9   0.06693
    978.1   0.06706
    978.3   0.06716
    978.5   0.06711
    978.7   0.06682
    978.9   0.06668
    979.0   0.06656
    979.2   0.06659
    979.4   0.06674
    979.6   0.06679
    979.8   0.06681
    980.0   0.06688
    980.2   0.06696
    980.3   0.06688
    980.5   0.06681
    980.7   0.06687
    980.9   0.06675
    981.1   0.06684
    981.3   0.06703
    981.5   0.06688
    981.7   0.06645
    981.8   0.06650
    982.0   0.06678
    982.2   0.06691
    982.4   0.06699
    982.6   0.06686
    982.8   0.06667
    983.0   0.06689
    983.1   0.06679
    983.3   0.06667
    983.5   0.06675
    983.7   0.06705
    983.9   0.06724
    984.1   0.06710
    984.3   0.06694
    984.4   0.06687
    984.6   0.06677
    984.8   0.06697
    985.0   0.06729
    985.2   0.06734
    985.4   0.06714
    985.6   0.06697
    985.8   0.06683
    985.9   0.06713
    986.1   0.06739
    986.3   0.06713
    986.5   0.06715
    986.7   0.06719
    986.9   0.06696
    987.1   0.06709
    987.3   0.06722
    987.4   0.06718
    987.6   0.06730
    987.8   0.06735
    988.0   0.06724
    988.2   0.06715
    988.4   0.06707
    988.6   0.06723
    988.8   0.06737
    989.0   0.06737
    989.1   0.06738
    989.3   0.06730
    989.5   0.06724
    989.7   0.06744
    989.9   0.06746
    990.1   0.06724
    990.3   0.06716
    990.5   0.06710
    990.7   0.06716
    990.8   0.06733
    991.0   0.06718
    991.2   0.06698
    991.4   0.06707
    991.6   0.06706
    991.8   0.06727
    992.0   0.06737
    992.2   0.06729
    992.4   0.06741
    992.5   0.06757
    992.7   0.06747
    992.9   0.06734
    993.1   0.06731
    993.3   0.06722
    993.5   0.06719
    993.7   0.06746
    993.9   0.06760
    994.1   0.06762
    994.3   0.06772
    994.5   0.06779
    994.6   0.06765
    994.8   0.06744
    995.0   0.06752
    995.2   0.06759
    995.4   0.06737
    995.6   0.06739
    995.8   0.06755
    996.0   0.06765
    996.2   0.06757
    996.4   0.06739
    996.5   0.06757
    996.7   0.06766
    996.9   0.06764
    997.1   0.06765
    997.3   0.06767
    997.5   0.06765
    997.7   0.06768
    997.9   0.06770
    998.1   0.06761
    998.3   0.06756
    998.5   0.06781
    998.7   0.06785
    998.9   0.06770
    999.0   0.06780
    999.2   0.06784
    999.4   0.06789
    999.6   0.06797
    999.8   0.06777
   1000.0   0.06764
   1000.2   0.06759
   1000.4   0.06753
   1000.6   0.06777
   1000.8   0.06800
   1001.0   0.06800
   1001.2   0.06791
   1001.4   0.06798
   1001.6   0.06817
   1001.8   0.06792
   1001.9   0.06772
   1002.1   0.06769
   1002.3   0.06771
   1002.5   0.06778
   1002.7   0.06790
   1002.9   0.06796
   1003.1   0.06800
   1003.3   0.06818
   1003.5   0.06814
   1003.7   0.06798
   1003.9   0.06808
   1004.1   0.06790
   1004.3   0.06760
   1004.5   0.06770
   1004.7   0.06789
   1004.9   0.06807
   1005.0   0.06819
   1005.3   0.06827
   1005.4   0.06826
   1005.6   0.06818
   1005.8   0.06818
   1006.0   0.06830
   1006.2   0.06816
   1006.4   0.06824
   1006.6   0.06855
   1006.8   0.06864
   1007.0   0.06845
   1007.2   0.06843
   1007.4   0.06842
   1007.6   0.06828
   1007.8   0.06821
   1008.0   0.06823
   1008.2   0.06831
   1008.4   0.06832
   1008.6   0.06839
   1008.8   0.06856
   1009.0   0.06852
   1009.2   0.06834
   1009.4   0.06833
   1009.5   0.06829
   1009.8   0.06839
   1010.0   0.06850
   1010.1   0.06847
   1010.3   0.06841
   1010.5   0.06867
   1010.7   0.06880
   1010.9   0.06871
   1011.1   0.06851
   1011.3   0.06850
   1011.5   0.06869
   1011.7   0.06872
   1011.9   0.06865
   1012.1   0.06859
   1012.3   0.06855
   1012.5   0.06852
   1012.7   0.06852
   1012.9   0.06851
   1013.1   0.06859
   1013.3   0.06853
   1013.5   0.06852
   1013.7   0.06848
   1013.9   0.06855
   1014.1   0.06863
   1014.3   0.06884
   1014.5   0.06893
   1014.7   0.06879
   1014.9   0.06874
   1015.1   0.06867
   1015.3   0.06867
   1015.5   0.06883
   1015.7   0.06886
   1015.9   0.06883
   1016.1   0.06896
   1016.3   0.06897
   1016.5   0.06896
   1016.7   0.06898
   1016.9   0.06900
   1017.1   0.06899
   1017.3   0.06906
   1017.5   0.06926
   1017.7   0.06913
   1017.9   0.06896
   1018.1   0.06889
   1018.3   0.06893
   1018.5   0.06899
   1018.7   0.06909
   1018.9   0.06904
   1019.1   0.06893
   1019.3   0.06903
   1019.5   0.06915
   1019.7   0.06928
   1019.9   0.06945
   1020.1   0.06955
   1020.3   0.06932
   1020.5   0.06906
   1020.7   0.06925
   1020.9   0.06938
   1021.1   0.06923
   1021.3   0.06908
   1021.5   0.06906
   1021.7   0.06906
   1021.9   0.06902
   1022.1   0.06923
   1022.3   0.06952
   1022.5   0.06939
   1022.7   0.06923
   1022.9   0.06946
   1023.1   0.06954
   1023.3   0.06961
   1023.5   0.06959
   1023.7   0.06968
   1023.9   0.06976
   1024.1   0.06963
   1024.3   0.06958
   1024.5   0.06958
   1024.7   0.06950
   1024.9   0.06939
   1025.1   0.06945
   1025.3   0.06967
   1025.5   0.06968
   1025.7   0.06960
   1025.9   0.06958
   1026.1   0.06963
   1026.3   0.06963
   1026.5   0.06956
   1026.8   0.06963
   1026.9   0.06972
   1027.2   0.06971
   1027.4   0.06980
   1027.6   0.06980
   1027.8   0.06971
   1028.0   0.06967
   1028.2   0.06983
   1028.4   0.06998
   1028.6   0.06989
   1028.8   0.06982
   1029.0   0.06987
   1029.2   0.06994
   1029.4   0.07004
   1029.6   0.07004
   1029.8   0.07002
   1030.0   0.06994
   1030.2   0.07002
   1030.4   0.07025
   1030.6   0.07029
   1030.8   0.07009
   1031.0   0.07019
   1031.2   0.07024
   1031.4   0.07017
   1031.7   0.07021
   1031.8   0.07023
   1032.1   0.07020
   1032.3   0.07029
   1032.5   0.07026
   1032.7   0.07021
   1032.9   0.07028
   1033.1   0.07030
   1033.3   0.07038
   1033.5   0.07051
   1033.7   0.07054
   1033.9   0.07048
   1034.1   0.07059
   1034.3   0.07051
   1034.5   0.07043
   1034.7   0.07049
   1034.9   0.07056
   1035.2   0.07065
   1035.4   0.07058
   1035.6   0.07058
   1035.8   0.07076
   1036.0   0.07086
   1036.2   0.07071
   1036.4   0.07072
   1036.6   0.07079
   1036.8   0.07078
   1037.0   0.07086
   1037.2   0.07087
   1037.4   0.07074
   1037.6   0.07063
   1037.8   0.07072
   1038.1   0.07088
   1038.3   0.07111
   1038.5   0.07119
   1038.7   0.07104
   1038.9   0.07095
   1039.1   0.07098
   1039.3   0.07107
   1039.5   0.07116
   1039.7   0.07116
   1039.9   0.07108
   1040.1   0.07121
   1040.3   0.07133
   1040.6   0.07125
   1040.8   0.07124
   1041.0   0.07121
   1041.2   0.07101
   1041.4   0.07100
   1041.6   0.07126
   1041.8   0.07139
   1042.0   0.07130
   1042.2   0.07130
   1042.4   0.07133
   1042.6   0.07138
   1042.8   0.07163
   1043.1   0.07179
   1043.3   0.07170
   1043.5   0.07163
   1043.7   0.07147
   1043.9   0.07126
   1044.1   0.07147
   1044.3   0.07171
   1044.5   0.07173
   1044.8   0.07166
   1045.0   0.07150
   1045.2   0.07172
   1045.4   0.07181
   1045.6   0.07166
   1045.8   0.07179
   1046.0   0.07178
   1046.2   0.07169
   1046.4   0.07176
   1046.6   0.07191
   1046.9   0.07195
   1047.1   0.07180
   1047.3   0.07165
   1047.5   0.07179
   1047.7   0.07199
   1047.9   0.07200
   1048.1   0.07206
   1048.3   0.07207
   1048.6   0.07200
   1048.8   0.07198
   1049.0   0.07210
   1049.2   0.07226
   1049.4   0.07234
   1049.6   0.07213
   1049.8   0.07197
   1050.0   0.07197
   1050.3   0.07211
   1050.5   0.07225
   1050.7   0.07217
   1050.9   0.07217
   1051.1   0.07211
   1051.3   0.07207
   1051.5   0.07216
   1051.7   0.07226
   1051.9   0.07245
   1052.2   0.07258
   1052.4   0.07246
   1052.6   0.07243
   1052.8   0.07254
   1053.0   0.07243
   1053.2   0.07240
   1053.4   0.07242
   1053.7   0.07237
   1053.9   0.07243
   1054.1   0.07260
   1054.3   0.07260
   1054.5   0.07244
   1054.7   0.07240
   1054.9   0.07259
   1055.2   0.07289
   1055.4   0.07296
   1055.6   0.07284
   1055.8   0.07278
   1056.0   0.07290
   1056.2   0.07301
   1056.4   0.07300
   1056.7   0.07293
   1056.9   0.07288
   1057.1   0.07289
   1057.3   0.07320
   1057.5   0.07321
   1057.8   0.07296
   1058.0   0.07305
   1058.2   0.07315
   1058.4   0.07316
   1058.6   0.07321
   1058.8   0.07328
   1059.0   0.07320
   1059.3   0.07323
   1059.5   0.07324
   1059.7   0.07306
   1059.9   0.07307
   1060.1   0.07320
   1060.3   0.07334
   1060.6   0.07335
   1060.8   0.07332
   1061.0   0.07330
   1061.2   0.07333
   1061.4   0.07340
   1061.7   0.07346
   1061.9   0.07349
   1062.1   0.07354
   1062.3   0.07367
   1062.5   0.07375
   1062.7   0.07384
   1062.9   0.07382
   1063.2   0.07373
   1063.4   0.07362
   1063.6   0.07368
   1063.8   0.07385
   1064.0   0.07393
   1064.3   0.07395
   1064.5   0.07393
   1064.7   0.07390
   1064.9   0.07389
   1065.1   0.07385
   1065.3   0.07386
   1065.6   0.07387
   1065.8   0.07392
   1066.0   0.07415
   1066.2   0.07426
   1066.4   0.07417
   1066.7   0.07418
   1066.9   0.07422
   1067.1   0.07423
   1067.3   0.07428
   1067.6   0.07439
   1067.8   0.07441
   1068.0   0.07443
   1068.2   0.07442
   1068.4   0.07442
   1068.7   0.07446
   1068.9   0.07437
   1069.1   0.07431
   1069.3   0.07437
   1069.5   0.07430
   1069.8   0.07435
   1070.0   0.07449
   1070.2   0.07461
   1070.4   0.07455
   1070.6   0.07451
   1070.8   0.07463
   1071.1   0.07481
   1071.3   0.07475
   1071.5   0.07468
   1071.7   0.07474
   1072.0   0.07471
   1072.2   0.07476
   1072.4   0.07481
   1072.6   0.07473
   1072.8   0.07480
   1073.1   0.07493
   1073.3   0.07501
   1073.5   0.07485
   1073.7   0.07482
   1074.0   0.07510
   1074.2   0.07521
   1074.4   0.07526
   1074.6   0.07535
   1074.8   0.07519
   1075.1   0.07508
   1075.3   0.07507
   1075.5   0.07503
   1075.7   0.07503
   1076.0   0.07516
   1076.2   0.07522
   1076.4   0.07514
   1076.6   0.07528
   1076.9   0.07544
   1077.1   0.07542
   1077.3   0.07547
   1077.5   0.07547
   1077.8   0.07543
   1078.0   0.07549
   1078.2   0.07560
   1078.4   0.07575
   1078.7   0.07572
   1078.9   0.07563
   1079.1   0.07569
   1079.3   0.07570
   1079.6   0.07571
   1079.8   0.07567
   1080.0   0.07553
   1080.2   0.07548
   1080.4   0.07563
   1080.7   0.07569
   1080.9   0.07576
   1081.1   0.07587
   1081.3   0.07606
   1081.6   0.07598
   1081.8   0.07578
   1082.0   0.07590
   1082.3   0.07610
   1082.5   0.07608
   1082.7   0.07605
   1082.9   0.07596
   1083.2   0.07599
   1083.4   0.07611
   1083.6   0.07625
   1083.8   0.07637
   1084.1   0.07636
   1084.3   0.07633
   1084.5   0.07642
   1084.8   0.07639
   1085.0   0.07635
   1085.2   0.07647
   1085.4   0.07645
   1085.7   0.07629
   1085.9   0.07639
   1086.1   0.07656
   1086.3   0.07660
   1086.6   0.07655
   1086.8   0.07647
   1087.0   0.07657
   1087.3   0.07673
   1087.5   0.07675
   1087.7   0.07678
   1087.9   0.07680
   1088.2   0.07672
   1088.4   0.07677
   1088.6   0.07684
   1088.8   0.07694
   1089.1   0.07687
   1089.3   0.07679
   1089.5   0.07689
   1089.8   0.07694
   1090.0   0.07709
   1090.2   0.07716
   1090.4   0.07725
   1090.7   0.07732
   1090.9   0.07729
   1091.1   0.07723
   1091.4   0.07721
   1091.6   0.07727
   1091.8   0.07732
   1092.1   0.07741
   1092.3   0.07753
   1092.5   0.07752
   1092.8   0.07736
   1093.0   0.07740
   1093.2   0.07755
   1093.4   0.07743
   1093.7   0.07743
   1093.9   0.07758
   1094.1   0.07766
   1094.4   0.07769
   1094.6   0.07769
   1094.8   0.07763
   1095.1   0.07769
   1095.3   0.07777
   1095.5   0.07782
   1095.8   0.07794
   1096.0   0.07789
   1096.2   0.07773
   1096.4   0.07771
   1096.7   0.07779
   1096.9   0.07784
   1097.1   0.07799
   1097.4   0.07799
   1097.6   0.07793
   1097.8   0.07803
   1098.1   0.07815
   1098.3   0.07828
   1098.5   0.07838
   1098.8   0.07825
   1099.0   0.07813
   1099.2   0.07815
   1099.5   0.07823
   1099.7   0.07832
   1099.9   0.07824
   1100.2   0.07818
   1100.4   0.07821
   1100.6   0.07830
   1100.9   0.07844
   1101.1   0.07848
   1101.3   0.07855
   1101.6   0.07858
   1101.8   0.07855
   1102.0   0.07853
   1102.3   0.07847
   1102.5   0.07849
   1102.7   0.07866
   1103.0   0.07870
   1103.2   0.07871
   1103.4   0.07880
   1103.7   0.07884
   1103.9   0.07890
   1104.2   0.07884
   1104.4   0.07884
   1104.6   0.07891
   1104.9   0.07894
   1105.1   0.07893
   1105.3   0.07900
   1105.6   0.07896
   1105.8   0.07890
   1106.0   0.07893
   1106.3   0.07901
   1106.5   0.07912
   1106.7   0.07931
   1107.0   0.07940
   1107.2   0.07937
   1107.4   0.07935
   1107.7   0.07935
   1107.9   0.07933
   1108.2   0.07930
   1108.4   0.07943
   1108.6   0.07952
   1108.9   0.07948
   1109.1   0.07949
   1109.3   0.07943
   1109.6   0.07932
   1109.8   0.07936
   1110.1   0.07943
   1110.3   0.07955
   1110.5   0.07973
   1110.8   0.07980
   1111.0   0.07976
   1111.3   0.07960
   1111.5   0.07960
   1111.7   0.07977
   1112.0   0.07988
   1112.2   0.07994
   1112.4   0.07992
   1112.7   0.07983
   1112.9   0.07983
   1113.2   0.07997
   1113.4   0.08010
   1113.6   0.08014
   1113.9   0.08012
   1114.1   0.08010
   1114.3   0.08010
   1114.6   0.08020
   1114.8   0.08030
   1115.1   0.08034
   1115.3   0.08023
   1115.6   0.08026
   1115.8   0.08032
   1116.0   0.08035
   1116.3   0.08038
   1116.5   0.08039
   1116.8   0.08034
   1117.0   0.08030
   1117.2   0.08039
   1117.5   0.08052
   1117.7   0.08053
   1118.0   0.08044
   1118.2   0.08055
   1118.4   0.08072
   1118.7   0.08084
   1118.9   0.08079
   1119.2   0.08075
   1119.4   0.08078
   1119.7   0.08078
   1119.9   0.08074
   1120.1   0.08077
   1120.4   0.08089
   1120.6   0.08093
   1120.9   0.08099
   1121.1   0.08096
   1121.3   0.08086
   1121.6   0.08094
   1121.8   0.08099
   1122.1   0.08101
   1122.3   0.08105
   1122.6   0.08109
   1122.8   0.08104
   1123.0   0.08107
   1123.3   0.08121
   1123.5   0.08125
   1123.8   0.08125
   1124.0   0.08125
   1124.3   0.08133
   1124.5   0.08138
   1124.8   0.08138
   1125.0   0.08137
   1125.2   0.08145
   1125.5   0.08146
   1125.7   0.08136
   1126.0   0.08135
   1126.2   0.08144
   1126.5   0.08157
   1126.7   0.08155
   1126.9   0.08156
   1127.2   0.08163
   1127.4   0.08169
   1127.7   0.08177
   1127.9   0.08185
   1128.2   0.08179
   1128.4   0.08179
   1128.7   0.08192
   1128.9   0.08202
   1129.2   0.08203
   1129.4   0.08199
   1129.7   0.08198
   1129.9   0.08202
   1130.1   0.08204
   1130.4   0.08214
   1130.6   0.08223
   1130.9   0.08220
   1131.1   0.08224
   1131.4   0.08224
   1131.6   0.08217
   1131.9   0.08223
   1132.1   0.08239
   1132.4   0.08235
   1132.6   0.08232
   1132.9   0.08232
   1133.1   0.08237
   1133.3   0.08244
   1133.6   0.08254
   1133.8   0.08255
   1134.1   0.08247
   1134.3   0.08245
   1134.6   0.08247
   1134.8   0.08252
   1135.1   0.08258
   1135.3   0.08269
   1135.6   0.08272
   1135.8   0.08269
   1136.1   0.08272
   1136.3   0.08274
   1136.6   0.08273
   1136.8   0.08268
   1137.1   0.08278
   1137.3   0.08284
   1137.6   0.08285
   1137.8   0.08294
   1138.1   0.08303
   1138.3   0.08299
   1138.6   0.08299
   1138.8   0.08301
   1139.1   0.08317
   1139.3   0.08322
   1139.6   0.08308
   1139.8   0.08311
   1140.1   0.08314
   1140.3   0.08317
   1140.6   0.08322
   1140.8   0.08320
   1141.1   0.08319
   1141.3   0.08321
   1141.6   0.08313
   1141.8   0.08320
   1142.1   0.08333
   1142.3   0.08337
   1142.6   0.08342
   1142.8   0.08342
   1143.1   0.08340
   1143.3   0.08334
   1143.6   0.08338
   1143.9   0.08351
   1144.1   0.08354
   1144.4   0.08352
   1144.6   0.08359
   1144.9   0.08361
   1145.1   0.08360
   1145.4   0.08371
   1145.6   0.08367
   1145.9   0.08370
   1146.1   0.08374
   1146.4   0.08374
   1146.6   0.08383
   1146.9   0.08381
   1147.2   0.08379
   1147.4   0.08386
   1147.7   0.08396
   1147.9   0.08395
   1148.2   0.08405
   1148.4   0.08417
   1148.7   0.08412
   1148.9   0.08414
   1149.2   0.08420
   1149.4   0.08418
   1149.7   0.08425
   1149.9   0.08427
   1150.2   0.08418
   1150.4   0.08417
   1150.7   0.08414
   1151.0   0.08412
   1151.2   0.08415
   1151.5   0.08421
   1151.7   0.08422
   1152.0   0.08426
   1152.2   0.08434
   1152.5   0.08439
   1152.8   0.08438
   1153.0   0.08438
   1153.3   0.08447
   1153.5   0.08453
   1153.8   0.08457
   1154.0   0.08468
   1154.3   0.08460
   1154.6   0.08457
   1154.8   0.08464
   1155.1   0.08464
   1155.3   0.08467
   1155.6   0.08473
   1155.8   0.08479
   1156.1   0.08473
   1156.4   0.08465
   1156.6   0.08458
   1156.9   0.08455
   1157.1   0.08466
   1157.4   0.08477
   1157.7   0.08481
   1157.9   0.08483
   1158.2   0.08491
   1158.4   0.08493
   1158.7   0.08496
   1158.9   0.08506
   1159.2   0.08510
   1159.5   0.08514
   1159.7   0.08523
   1160.0   0.08512
   1160.2   0.08508
   1160.5   0.08515
   1160.8   0.08517
   1161.0   0.08514
   1161.3   0.08521
   1161.5   0.08537
   1161.8   0.08546
   1162.1   0.08533
   1162.3   0.08522
   1162.6   0.08527
   1162.8   0.08540
   1163.1   0.08542
   1163.4   0.08547
   1163.6   0.08547
   1163.9   0.08541
   1164.2   0.08543
   1164.4   0.08544
   1164.7   0.08546
   1164.9   0.08551
   1165.2   0.08547
   1165.4   0.08546
   1165.7   0.08549
   1166.0   0.08560
   1166.2   0.08564
   1166.5   0.08559
   1166.8   0.08564
   1167.0   0.08570
   1167.3   0.08573
   1167.6   0.08580
   1167.8   0.08594
   1168.1   0.08599
   1168.3   0.08595
   1168.6   0.08588
   1168.9   0.08579
   1169.1   0.08587
   1169.4   0.08591
   1169.7   0.08587
   1169.9   0.08590
   1170.2   0.08596
   1170.4   0.08605
   1170.7   0.08607
   1171.0   0.08610
   1171.3   0.08610
   1171.5   0.08613
   1171.8   0.08616
   1172.0   0.08628
   1172.3   0.08640
   1172.6   0.08648
   1172.8   0.08640
   1173.1   0.08628
   1173.4   0.08619
   1173.6   0.08627
   1173.9   0.08640
   1174.2   0.08637
   1174.4   0.08633
   1174.7   0.08639
   1175.0   0.08645
   1175.2   0.08651
   1175.5   0.08655
   1175.8   0.08659
   1176.0   0.08651
   1176.3   0.08640
   1176.6   0.08647
   1176.8   0.08664
   1177.1   0.08663
   1177.4   0.08656
   1177.6   0.08667
   1177.9   0.08678
   1178.2   0.08673
   1178.4   0.08669
   1178.7   0.08672
   1179.0   0.08670
   1179.2   0.08668
   1179.5   0.08678
   1179.8   0.08682
   1180.0   0.08685
   1180.3   0.08688
   1180.6   0.08681
   1180.8   0.08683
   1181.1   0.08698
   1181.4   0.08707
   1181.7   0.08707
   1181.9   0.08702
   1182.2   0.08696
   1182.5   0.08698
   1182.7   0.08701
   1183.0   0.08708
   1183.3   0.08713
   1183.5   0.08706
   1183.8   0.08706
   1184.1   0.08719
   1184.4   0.08724
   1184.6   0.08732
   1184.9   0.08737
   1185.2   0.08732
   1185.4   0.08732
   1185.7   0.08739
   1186.0   0.08750
   1186.3   0.08748
   1186.5   0.08734
   1186.8   0.08728
   1187.1   0.08737
   1187.3   0.08749
   1187.6   0.08748
   1187.9   0.08747
   1188.2   0.08760
   1188.4   0.08761
   1188.7   0.08752
   1189.0   0.08748
   1189.3   0.08754
   1189.5   0.08761
   1189.8   0.08768
   1190.1   0.08768
   1190.3   0.08771
   1190.6   0.08770
   1190.9   0.08764
   1191.2   0.08772
   1191.4   0.08778
   1191.7   0.08781
   1192.0   0.08784
   1192.3   0.08785
   1192.5   0.08783
   1192.8   0.08781
   1193.1   0.08790
   1193.3   0.08801
   1193.6   0.08802
   1193.9   0.08794
   1194.2   0.08799
   1194.4   0.08803
   1194.7   0.08794
   1195.0   0.08794
   1195.3   0.08801
   1195.6   0.08809
   1195.8   0.08812
   1196.1   0.08818
   1196.4   0.08824
   1196.7   0.08817
   1196.9   0.08814
   1197.2   0.08816
   1197.5   0.08820
   1197.8   0.08833
   1198.0   0.08840
   1198.3   0.08839
   1198.6   0.08832
   1198.9   0.08834
   1199.2   0.08835
   1199.4   0.08834
   1199.7   0.08838
   1200.0   0.08837
   1200.3   0.08842
   1200.5   0.08849
   1200.8   0.08852
   1201.1   0.08847
   1201.4   0.08850
   1201.7   0.08860
   1201.9   0.08871
   1202.2   0.08866
   1202.5   0.08861
   1202.8   0.08866
   1203.0   0.08871
   1203.3   0.08872
   1203.6   0.08875
   1203.9   0.08878
   1204.2   0.08874
   1204.4   0.08875
   1204.7   0.08880
   1205.0   0.08885
   1205.3   0.08883
   1205.6   0.08883
   1205.8   0.08883
   1206.1   0.08884
   1206.4   0.08899
   1206.7   0.08906
   1207.0   0.08892
   1207.2   0.08893
   1207.5   0.08902
   1207.8   0.08911
   1208.1   0.08908
   1208.4   0.08900
   1208.7   0.08902
   1208.9   0.08912
   1209.2   0.08919
   1209.5   0.08926
   1209.8   0.08924
   1210.1   0.08922
   1210.3   0.08921
   1210.6   0.08919
   1210.9   0.08922
   1211.2   0.08932
   1211.5   0.08933
   1211.8   0.08935
   1212.0   0.08930
   1212.3   0.08935
   1212.6   0.08942
   1212.9   0.08939
   1213.2   0.08941
   1213.5   0.08948
   1213.7   0.08947
   1214.0   0.08942
   1214.3   0.08941
   1214.6   0.08944
   1214.9   0.08954
   1215.2   0.08963
   1215.4   0.08968
   1215.7   0.08964
   1216.0   0.08967
   1216.3   0.08975
   1216.6   0.08975
   1216.9   0.08972
   1217.2   0.08972
   1217.4   0.08969
   1217.7   0.08958
   1218.0   0.08959
   1218.3   0.08969
   1218.6   0.08973
   1218.9   0.08979
   1219.2   0.08983
   1219.4   0.08984
   1219.7   0.08997
   1220.0   0.09003
   1220.3   0.08998
   1220.6   0.09001
   1220.9   0.09005
   1221.2   0.08997
   1221.5   0.08991
   1221.8   0.09003
   1222.0   0.09013
   1222.3   0.09011
   1222.6   0.09010
   1222.9   0.09012
   1223.2   0.09013
   1223.5   0.09018
   1223.8   0.09018
   1224.1   0.09014
   1224.3   0.09017
   1224.6   0.09027
   1224.9   0.09026
   1225.2   0.09017
   1225.5   0.09019
   1225.8   0.09026
   1226.1   0.09035
   1226.4   0.09037
   1226.7   0.09045
   1227.0   0.09050
   1227.3   0.09046
   1227.5   0.09041
   1227.8   0.09052
   1228.1   0.09059
   1228.4   0.09058
   1228.7   0.09058
   1229.0   0.09059
   1229.3   0.09059
   1229.6   0.09061
   1229.9   0.09065
   1230.2   0.09069
   1230.4   0.09067
   1230.7   0.09065
   1231.0   0.09073
   1231.3   0.09079
   1231.6   0.09077
   1231.9   0.09076
   1232.2   0.09081
   1232.5   0.09091
   1232.8   0.09088
   1233.1   0.09084
   1233.4   0.09081
   1233.7   0.09081
   1234.0   0.09087
   1234.3   0.09101
   1234.6   0.09104
   1234.8   0.09101
   1235.1   0.09096
   1235.4   0.09094
   1235.7   0.09093
   1236.0   0.09103
   1236.3   0.09112
   1236.6   0.09112
   1236.9   0.09111
   1237.2   0.09115
   1237.5   0.09117
   1237.8   0.09118
   1238.1   0.09128
   1238.4   0.09132
   1238.7   0.09136
   1239.0   0.09133
   1239.3   0.09124
   1239.6   0.09120
   1239.9   0.09131
   1240.2   0.09144
   1240.5   0.09140
   1240.8   0.09135
   1241.1   0.09139
   1241.3   0.09145
   1241.7   0.09150
   1241.9   0.09148
   1242.2   0.09145
   1242.5   0.09150
   1242.8   0.09162
   1243.1   0.09159
   1243.4   0.09162
   1243.7   0.09165
   1244.0   0.09170
   1244.3   0.09173
   1244.6   0.09169
   1244.9   0.09173
   1245.2   0.09176
   1245.5   0.09174
   1245.8   0.09174
   1246.1   0.09183
   1246.4   0.09189
   1246.7   0.09191
   1247.0   0.09183
   1247.3   0.09180
   1247.6   0.09189
   1247.9   0.09193
   1248.2   0.09193
   1248.5   0.09196
   1248.8   0.09196
   1249.1   0.09195
   1249.4   0.09193
   1249.7   0.09193
   1250.0   0.09198
   1250.3   0.09201
   1250.6   0.09212
   1250.9   0.09217
   1251.2   0.09218
   1251.5   0.09223
   1251.8   0.09220
   1252.1   0.09217
   1252.4   0.09220
   1252.8   0.09223
   1253.1   0.09233
   1253.3   0.09235
   1253.7   0.09233
   1254.0   0.09237
   1254.3   0.09243
   1254.6   0.09247
   1254.9   0.09242
   1255.2   0.09243
   1255.5   0.09250
   1255.8   0.09252
   1256.1   0.09252
   1256.4   0.09254
   1256.7   0.09257
   1257.0   0.09260
   1257.3   0.09263
   1257.6   0.09267
   1257.9   0.09265
   1258.2   0.09266
   1258.5   0.09270
   1258.8   0.09274
   1259.1   0.09278
   1259.4   0.09280
   1259.8   0.09279
   1260.1   0.09273
   1260.4   0.09276
   1260.7   0.09287
   1261.0   0.09289
   1261.3   0.09287
   1261.6   0.09294
   1261.9   0.09291
   1262.2   0.09286
   1262.5   0.09296
   1262.8   0.09307
   1263.1   0.09312
   1263.4   0.09312
   1263.7   0.09302
   1264.1   0.09303
   1264.4   0.09317
   1264.7   0.09321
   1265.0   0.09322
   1265.3   0.09320
   1265.6   0.09315
   1265.9   0.09321
   1266.2   0.09325
   1266.5   0.09326
   1266.8   0.09333
   1267.1   0.09332
   1267.4   0.09326
   1267.8   0.09335
   1268.1   0.09337
   1268.4   0.09332
   1268.7   0.09339
   1269.0   0.09345
   1269.3   0.09345
   1269.6   0.09349
   1269.9   0.09362
   1270.2   0.09362
   1270.6   0.09360
   1270.9   0.09365
   1271.2   0.09364
   1271.5   0.09364
   1271.8   0.09362
   1272.1   0.09361
   1272.4   0.09365
   1272.7   0.09369
   1273.1   0.09372
   1273.4   0.09375
   1273.7   0.09373
   1274.0   0.09380
   1274.3   0.09386
   1274.6   0.09386
   1274.9   0.09384
   1275.2   0.09383
   1275.6   0.09390
   1275.9   0.09402
   1276.2   0.09399
   1276.5   0.09398
   1276.8   0.09405
   1277.1   0.09408
   1277.4   0.09412
   1277.8   0.09417
   1278.1   0.09415
   1278.4   0.09415
   1278.7   0.09428
   1279.0   0.09431
   1279.3   0.09420
   1279.7   0.09420
   1280.0   0.09426
   1280.3   0.09425
   1280.6   0.09426
   1280.9   0.09431
   1281.2   0.09435
   1281.6   0.09435
   1281.9   0.09445
   1282.2   0.09450
   1282.5   0.09446
   1282.8   0.09442
   1283.1   0.09443
   1283.4   0.09448
   1283.8   0.09452
   1284.1   0.09459
   1284.4   0.09455
   1284.7   0.09459
   1285.0   0.09469
   1285.4   0.09471
   1285.7   0.09469
   1286.0   0.09467
   1286.3   0.09469
   1286.6   0.09475
   1286.9   0.09480
   1287.3   0.09481
   1287.6   0.09482
   1287.9   0.09486
   1288.2   0.09495
   1288.6   0.09498
   1288.9   0.09492
   1289.2   0.09493
   1289.5   0.09494
   1289.8   0.09497
   1290.2   0.09500
   1290.5   0.09504
   1290.8   0.09505
   1291.1   0.09507
   1291.4   0.09508
   1291.8   0.09515
   1292.1   0.09520
   1292.4   0.09521
   1292.7   0.09528
   1293.1   0.09532
   1293.4   0.09527
   1293.7   0.09529
   1294.0   0.09533
   1294.3   0.09531
   1294.7   0.09531
   1295.0   0.09533
   1295.3   0.09541
   1295.6   0.09542
   1296.0   0.09541
   1296.3   0.09542
   1296.6   0.09544
   1296.9   0.09548
   1297.3   0.09550
   1297.6   0.09555
   1297.9   0.09562
   1298.2   0.09568
   1298.6   0.09570
   1298.9   0.09568
   1299.2   0.09565
   1299.5   0.09567
   1299.9   0.09568
   1300.2   0.09565
   1300.5   0.09574
   1300.8   0.09583
   1301.2   0.09584
   1301.5   0.09585
   1301.8   0.09587
   1302.1   0.09598
   1302.5   0.09605
   1302.8   0.09599
   1303.1   0.09598
   1303.4   0.09602
   1303.8   0.09609
   1304.1   0.09617
   1304.4   0.09616
   1304.8   0.09614
   1305.1   0.09612
   1305.4   0.09613
   1305.8   0.09622
   1306.1   0.09625
   1306.4   0.09630
   1306.7   0.09633
   1307.1   0.09626
   1307.4   0.09629
   1307.7   0.09635
   1308.1   0.09642
   1308.4   0.09642
   1308.7   0.09637
   1309.1   0.09644
   1309.4   0.09654
   1309.7   0.09654
   1310.0   0.09646
   1310.4   0.09657
   1310.7   0.09672
   1311.0   0.09667
   1311.4   0.09659
   1311.7   0.09657
   1312.0   0.09665
   1312.4   0.09675
   1312.7   0.09674
   1313.0   0.09677
   1313.4   0.09679
   1313.7   0.09686
   1314.0   0.09693
   1314.4   0.09694
   1314.7   0.09685
   1315.0   0.09684
   1315.4   0.09693
   1315.7   0.09703
   1316.0   0.09706
   1316.4   0.09708
   1316.7   0.09712
   1317.0   0.09710
   1317.4   0.09715
   1317.7   0.09720
   1318.0   0.09723
   1318.4   0.09720
   1318.7   0.09717
   1319.0   0.09721
   1319.4   0.09723
   1319.7   0.09731
   1320.1   0.09734
   1320.4   0.09734
   1320.7   0.09734
   1321.1   0.09739
   1321.4   0.09743
   1321.7   0.09750
   1322.1   0.09754
   1322.4   0.09752
   1322.7   0.09759
   1323.1   0.09760
   1323.4   0.09759
   1323.8   0.09763
   1324.1   0.09766
   1324.4   0.09775
   1324.8   0.09772
   1325.1   0.09768
   1325.4   0.09769
   1325.8   0.09777
   1326.1   0.09783
   1326.5   0.09784
   1326.8   0.09791
   1327.1   0.09791
   1327.5   0.09789
   1327.8   0.09795
   1328.2   0.09798
   1328.5   0.09799
   1328.8   0.09797
   1329.2   0.09794
   1329.5   0.09798
   1329.9   0.09811
   1330.2   0.09820
   1330.6   0.09821
   1330.9   0.09824
   1331.2   0.09825
   1331.6   0.09820
   1331.9   0.09822
   1332.3   0.09826
   1332.6   0.09826
   1332.9   0.09829
   1333.3   0.09836
   1333.6   0.09844
   1334.0   0.09849
   1334.3   0.09845
   1334.7   0.09844
   1335.0   0.09846
   1335.3   0.09851
   1335.7   0.09853
   1336.0   0.09858
   1336.4   0.09859
   1336.7   0.09855
   1337.1   0.09859
   1337.4   0.09867
   1337.8   0.09874
   1338.1   0.09873
   1338.4   0.09868
   1338.8   0.09871
   1339.1   0.09879
   1339.5   0.09881
   1339.8   0.09882
   1340.2   0.09887
   1340.5   0.09889
   1340.9   0.09893
   1341.2   0.09898
   1341.6   0.09901
   1341.9   0.09906
   1342.3   0.09909
   1342.6   0.09914
   1342.9   0.09916
   1343.3   0.09919
   1343.7   0.09919
   1344.0   0.09919
   1344.3   0.09924
   1344.7   0.09928
   1345.0   0.09929
   1345.4   0.09926
   1345.7   0.09926
   1346.1   0.09930
   1346.4   0.09932
   1346.8   0.09933
   1347.1   0.09935
   1347.5   0.09942
   1347.8   0.09951
   1348.2   0.09958
   1348.5   0.09956
   1348.9   0.09950
   1349.2   0.09957
   1349.6   0.09968
   1349.9   0.09970
   1350.3   0.09972
   1350.7   0.09980
   1351.0   0.09983
   1351.3   0.09980
   1351.7   0.09982
   1352.1   0.09986
   1352.4   0.09989
   1352.8   0.09990
   1353.1   0.09996
   1353.5   0.10005
   1353.8   0.10005
   1354.2   0.10007
   1354.5   0.10008
   1354.9   0.10006
   1355.2   0.10004
   1355.6   0.10010
   1355.9   0.10015
   1356.3   0.10016
   1356.7   0.10019
   1357.0   0.10022
   1357.4   0.10029
   1357.7   0.10032
   1358.1   0.10027
   1358.4   0.10026
   1358.8   0.10032
   1359.2   0.10035
   1359.5   0.10033
   1359.9   0.10038
   1360.2   0.10050
   1360.6   0.10057
   1360.9   0.10058
   1361.3   0.10062
   1361.7   0.10062
   1362.0   0.10066
   1362.4   0.10068
   1362.7   0.10075
   1363.1   0.10081
   1363.4   0.10080
   1363.8   0.10082
   1364.2   0.10082
   1364.5   0.10084
   1364.9   0.10087
   1365.2   0.10093
   1365.6   0.10098
   1365.9   0.10096
   1366.3   0.10098
   1366.7   0.10100
   1367.0   0.10103
   1367.4   0.10107
   1367.8   0.10112
   1368.1   0.10119
   1368.5   0.10117
   1368.8   0.10115
   1369.2   0.10121
   1369.6   0.10131
   1369.9   0.10135
   1370.3   0.10135
   1370.7   0.10134
   1371.0   0.10134
   1371.4   0.10132
   1371.7   0.10131
   1372.1   0.10141
   1372.5   0.10144
   1372.8   0.10145
   1373.2   0.10155
   1373.6   0.10162
   1373.9   0.10163
   1374.3   0.10161
   1374.6   0.10163
   1375.0   0.10164
   1375.4   0.10166
   1375.7   0.10172
   1376.1   0.10173
   1376.5   0.10174
   1376.8   0.10180
   1377.2   0.10183
   1377.6   0.10183
   1377.9   0.10186
   1378.3   0.10192
   1378.7   0.10192
   1379.0   0.10190
   1379.4   0.10195
   1379.8   0.10205
   1380.1   0.10212
   1380.5   0.10210
   1380.9   0.10214
   1381.2   0.10221
   1381.6   0.10221
   1382.0   0.10224
   1382.3   0.10227
   1382.7   0.10228
   1383.1   0.10230
   1383.4   0.10231
   1383.8   0.10240
   1384.2   0.10243
   1384.6   0.10239
   1384.9   0.10242
   1385.3   0.10247
   1385.7   0.10251
   1386.0   0.10254
   1386.4   0.10259
   1386.8   0.10262
   1387.2   0.10264
   1387.5   0.10264
   1387.9   0.10269
   1388.3   0.10271
   1388.6   0.10271
   1389.0   0.10281
   1389.4   0.10282
   1389.8   0.10285
   1390.1   0.10292
   1390.5   0.10294
   1390.9   0.10297
   1391.2   0.10296
   1391.6   0.10295
   1392.0   0.10300
   1392.4   0.10304
   1392.7   0.10303
   1393.1   0.10305
   1393.5   0.10311
   1393.9   0.10310
   1394.2   0.10310
   1394.6   0.10316
   1395.0   0.10319
   1395.4   0.10323
   1395.7   0.10333
   1396.1   0.10339
   1396.5   0.10338
   1396.9   0.10337
   1397.2   0.10340
   1397.6   0.10344
   1398.0   0.10350
   1398.4   0.10353
   1398.8   0.10354
   1399.1   0.10357
   1399.5   0.10361
   1399.9   0.10370
   1400.3   0.10372
   1400.6   0.10375
   1401.0   0.10377
   1401.4   0.10372
   1401.8   0.10375
   1402.2   0.10383
   1402.5   0.10381
   1402.9   0.10383
   1403.3   0.10390
   1403.7   0.10394
   1404.1   0.10394
   1404.4   0.10396
   1404.8   0.10400
   1405.2   0.10404
   1405.6   0.10408
   1406.0   0.10409
   1406.3   0.10409
   1406.7   0.10413
   1407.1   0.10420
   1407.5   0.10427
   1407.9   0.10424
   1408.3   0.10424
   1408.6   0.10426
   1409.0   0.10434
   1409.4   0.10440
   1409.8   0.10434
   1410.2   0.10435
   1410.6   0.10446
   1410.9   0.10448
   1411.3   0.10447
   1411.7   0.10449
   1412.1   0.10456
   1412.5   0.10459
   1412.8   0.10464
   1413.2   0.10468
   1413.6   0.10472
   1414.0   0.10472
   1414.4   0.10477
   1414.8   0.10478
   1415.2   0.10475
   1415.6   0.10478
   1415.9   0.10489
   1416.3   0.10495
   1416.7   0.10498
   1417.1   0.10496
   1417.5   0.10498
   1417.9   0.10508
   1418.3   0.10512
   1418.7   0.10513
   1419.0   0.10516
   1419.4   0.10521
   1419.8   0.10524
   1420.2   0.10520
   1420.6   0.10517
   1421.0   0.10519
   1421.4   0.10522
   1421.8   0.10528
   1422.2   0.10533
   1422.5   0.10533
   1422.9   0.10531
   1423.3   0.10537
   1423.7   0.10543
   1424.1   0.10549
   1424.5   0.10554
   1424.9   0.10553
   1425.3   0.10555
   1425.7   0.10563
   1426.1   0.10567
   1426.5   0.10565
   1426.8   0.10566
   1427.2   0.10574
   1427.6   0.10581
   1428.0   0.10582
   1428.4   0.10578
   1428.8   0.10584
   1429.2   0.10590
   1429.6   0.10587
   1430.0   0.10589
   1430.4   0.10595
   1430.8   0.10599
   1431.2   0.10603
   1431.6   0.10601
   1432.0   0.10606
   1432.4   0.10614
   1432.8   0.10616
   1433.2   0.10621
   1433.6   0.10624
   1433.9   0.10620
   1434.3   0.10619
   1434.8   0.10624
   1435.1   0.10630
   1435.5   0.10633
   1435.9   0.10637
   1436.3   0.10641
   1436.7   0.10646
   1437.1   0.10650
   1437.5   0.10653
   1437.9   0.10651
   1438.3   0.10651
   1438.7   0.10657
   1439.1   0.10660
   1439.5   0.10663
   1439.9   0.10667
   1440.3   0.10669
   1440.7   0.10676
   1441.1   0.10675
   1441.5   0.10677
   1441.9   0.10683
   1442.3   0.10686
   1442.7   0.10688
   1443.1   0.10691
   1443.5   0.10692
   1443.9   0.10696
   1444.3   0.10704
   1444.7   0.10706
   1445.1   0.10705
   1445.6   0.10705
   1445.9   0.10708
   1446.3   0.10711
   1446.8   0.10713
   1447.2   0.10713
   1447.6   0.10720
   1448.0   0.10729
   1448.4   0.10728
   1448.8   0.10731
   1449.2   0.10731
   1449.6   0.10733
   1450.0   0.10742
   1450.4   0.10750
   1450.8   0.10750
   1451.2   0.10748
   1451.6   0.10754
   1452.0   0.10754
   1452.4   0.10753
   1452.8   0.10758
   1453.2   0.10764
   1453.7   0.10767
   1454.1   0.10766
   1454.5   0.10768
   1454.9   0.10773
   1455.3   0.10774
   1455.7   0.10778
   1456.1   0.10786
   1456.5   0.10789
   1456.9   0.10792
   1457.3   0.10795
   1457.7   0.10797
   1458.2   0.10797
   1458.6   0.10795
   1459.0   0.10799
   1459.4   0.10803
   1459.8   0.10805
   1460.2   0.10812
   1460.6   0.10821
   1461.0   0.10823
   1461.4   0.10823
   1461.8   0.10824
   1462.3   0.10824
   1462.7   0.10827
   1463.1   0.10830
   1463.5   0.10833
   1463.9   0.10839
   1464.3   0.10840
   1464.7   0.10843
   1465.2   0.10847
   1465.6   0.10846
   1466.0   0.10852
   1466.4   0.10858
   1466.8   0.10859
   1467.2   0.10859
   1467.6   0.10858
   1468.1   0.10863
   1468.5   0.10870
   1468.9   0.10873
   1469.3   0.10876
   1469.7   0.10882
   1470.1   0.10883
   1470.6   0.10884
   1471.0   0.10886
   1471.4   0.10888
   1471.8   0.10888
   1472.2   0.10890
   1472.6   0.10891
   1473.1   0.10895
   1473.5   0.10899
   1473.9   0.10903
   1474.3   0.10904
   1474.7   0.10903
   1475.2   0.10907
   1475.6   0.10912
   1476.0   0.10915
   1476.4   0.10918
   1476.8   0.10922
   1477.3   0.10927
   1477.7   0.10930
   1478.1   0.10934
   1478.5   0.10940
   1478.9   0.10941
   1479.4   0.10942
   1479.8   0.10944
   1480.2   0.10947
   1480.6   0.10952
   1481.1   0.10954
   1481.5   0.10952
   1481.9   0.10953
   1482.3   0.10956
   1482.8   0.10964
   1483.2   0.10967
   1483.6   0.10967
   1484.0   0.10972
   1484.4   0.10972
   1484.9   0.10970
   1485.3   0.10976
   1485.7   0.10982
   1486.2   0.10986
   1486.6   0.10989
   1487.0   0.10990
   1487.4   0.10990
   1487.9   0.10993
   1488.3   0.11000
   1488.7   0.11005
   1489.1   0.11003
   1489.6   0.11004
   1490.0   0.11009
   1490.4   0.11013
   1490.8   0.11014
   1491.3   0.11014
   1491.7   0.11017
   1492.1   0.11024
   1492.6   0.11029
   1493.0   0.11029
   1493.4   0.11034
   1493.9   0.11037
   1494.3   0.11032
   1494.7   0.11030
   1495.2   0.11036
   1495.6   0.11042
   1496.0   0.11043
   1496.4   0.11050
   1496.9   0.11057
   1497.3   0.11056
   1497.7   0.11057
   1498.2   0.11060
   1498.6   0.11065
   1499.0   0.11070
   1499.5   0.11069
   1499.9   0.11072
   1500.3   0.11073
   1500.8   0.11071
   1501.2   0.11074
   1501.7   0.11076
   1502.1   0.11081
   1502.5   0.11086
   1502.9   0.11088
   1503.4   0.11093
   1503.8   0.11095
   1504.3   0.11098
   1504.7   0.11095
   1505.1   0.11096
   1505.6   0.11099
   1506.0   0.11100
   1506.4   0.11105
   1506.9   0.11110
   1507.3   0.11113
   1507.8   0.11116
   1508.2   0.11117
   1508.6   0.11123
   1509.1   0.11127
   1509.5   0.11125
   1510.0   0.11126
   1510.4   0.11131
   1510.8   0.11130
   1511.3   0.11133
   1511.7   0.11137
   1512.2   0.11141
   1512.6   0.11144
   1513.0   0.11144
   1513.5   0.11144
   1513.9   0.11144
   1514.4   0.11144
   1514.8   0.11151
   1515.3   0.11162
   1515.7   0.11165
   1516.1   0.11161
   1516.6   0.11160
   1517.0   0.11160
   1517.5   0.11164
   1517.9   0.11173
   1518.4   0.11175
   1518.8   0.11175
   1519.3   0.11179
   1519.7   0.11180
   1520.1   0.11181
   1520.6   0.11181
   1521.0   0.11185
   1521.5   0.11188
   1521.9   0.11194
   1522.4   0.11197
   1522.8   0.11196
   1523.3   0.11195
   1523.7   0.11202
   1524.2   0.11204
   1524.6   0.11204
   1525.1   0.11208
   1525.5   0.11209
   1525.9   0.11210
   1526.4   0.11216
   1526.8   0.11223
   1527.3   0.11225
   1527.8   0.11224
   1528.2   0.11229
   1528.7   0.11232
   1529.1   0.11236
   1529.6   0.11236
   1530.0   0.11238
   1530.5   0.11239
   1530.9   0.11241
   1531.4   0.11245
   1531.8   0.11248
   1532.3   0.11246
   1532.7   0.11248
   1533.2   0.11252
   1533.6   0.11252
   1534.1   0.11257
   1534.5   0.11263
   1535.0   0.11266
   1535.4   0.11268
   1535.9   0.11265
   1536.3   0.11263
   1536.8   0.11269
   1537.3   0.11272
   1537.7   0.11273
   1538.2   0.11278
   1538.6   0.11278
   1539.1   0.11274
   1539.6   0.11277
   1540.0   0.11285
   1540.5   0.11290
   1540.9   0.11297
   1541.4   0.11296
   1541.8   0.11294
   1542.3   0.11294
   1542.8   0.11299
   1543.2   0.11303
   1543.7   0.11302
   1544.1   0.11300
   1544.6   0.11305
   1545.1   0.11312
   1545.5   0.11310
   1546.0   0.11306
   1546.4   0.11308
   1546.9   0.11314
   1547.4   0.11319
   1547.8   0.11319
   1548.3   0.11316
   1548.8   0.11320
   1549.2   0.11326
   1549.7   0.11330
   1550.1   0.11336
   1550.6   0.11338
   1551.1   0.11335
   1551.5   0.11336
   1552.0   0.11337
   1552.4   0.11339
   1552.9   0.11342
   1553.4   0.11347
   1553.8   0.11350
   1554.3   0.11352
   1554.8   0.11355
   1555.3   0.11354
   1555.7   0.11354
   1556.2   0.11358
   1556.7   0.11360
   1557.1   0.11358
   1557.6   0.11359
   1558.1   0.11363
   1558.5   0.11369
   1559.0   0.11370
   1559.5   0.11370
   1559.9   0.11373
   1560.4   0.11378
   1560.9   0.11375
   1561.3   0.11375
   1561.8   0.11382
   1562.3   0.11382
   1562.8   0.11384
   1563.2   0.11390
   1563.7   0.11395
   1564.2   0.11392
   1564.6   0.11391
   1565.1   0.11397
   1565.6   0.11400
   1566.1   0.11396
   1566.5   0.11398
   1567.0   0.11401
   1567.5   0.11398
   1567.9   0.11402
   1568.4   0.11407
   1568.9   0.11409
   1569.4   0.11412
   1569.8   0.11413
   1570.3   0.11410
   1570.8   0.11412
   1571.3   0.11413
   1571.8   0.11419
   1572.2   0.11424
   1572.7   0.11427
   1573.2   0.11427
   1573.7   0.11427
   1574.1   0.11430
   1574.6   0.11436
   1575.1   0.11436
   1575.6   0.11435
   1576.1   0.11439
   1576.5   0.11444
   1577.0   0.11446
   1577.5   0.11443
   1578.0   0.11442
   1578.4   0.11445
   1578.9   0.11447
   1579.4   0.11449
   1579.9   0.11454
   1580.4   0.11461
   1580.9   0.11460
   1581.3   0.11453
   1581.8   0.11455
   1582.3   0.11461
   1582.8   0.11461
   1583.3   0.11460
   1583.8   0.11460
   1584.2   0.11461
   1584.7   0.11463
   1585.2   0.11468
   1585.7   0.11476
   1586.2   0.11478
   1586.7   0.11476
   1587.2   0.11478
   1587.6   0.11477
   1588.1   0.11477
   1588.6   0.11479
   1589.1   0.11481
   1589.6   0.11481
   1590.1   0.11483
   1590.6   0.11490
   1591.0   0.11492
   1591.5   0.11489
   1592.0   0.11490
   1592.5   0.11490
   1593.0   0.11492
   1593.5   0.11496
   1594.0   0.11498
   1594.5   0.11494
   1595.0   0.11499
   1595.4   0.11507
   1595.9   0.11505
   1596.4   0.11511
   1596.9   0.11518
   1597.4   0.11511
   1597.9   0.11509
   1598.4   0.11511
   1598.9   0.11512
   1599.4   0.11513
   1599.9   0.11517
   1600.4   0.11520
   1600.9   0.11519
   1601.4   0.11523
   1601.9   0.11525
   1602.3   0.11524
   1602.8   0.11526
   1603.3   0.11526
   1603.8   0.11529
   1604.3   0.11531
   1604.8   0.11530
   1605.3   0.11532
   1605.8   0.11534
   1606.3   0.11537
   1606.8   0.11540
   1607.3   0.11540
   1607.8   0.11537
   1608.3   0.11541
   1608.8   0.11543
   1609.3   0.11544
   1609.8   0.11546
   1610.3   0.11545
   1610.8   0.11550
   1611.3   0.11554
   1611.8   0.11553
   1612.3   0.11552
   1612.8   0.11552
   1613.3   0.11550
   1613.8   0.11552
   1614.3   0.11559
   1614.8   0.11561
   1615.3   0.11559
   1615.8   0.11562
   1616.3   0.11568
   1616.8   0.11569
   1617.3   0.11566
   1617.8   0.11563
   1618.4   0.11566
   1618.9   0.11568
   1619.4   0.11569
   1619.9   0.11571
   1620.4   0.11572
   1620.9   0.11574
   1621.4   0.11576
   1621.9   0.11576
   1622.4   0.11578
   1622.9   0.11578
   1623.4   0.11579
   1623.9   0.11580
   1624.4   0.11581
   1624.9   0.11581
   1625.5   0.11581
   1626.0   0.11585
   1626.5   0.11590
   1627.0   0.11590
   1627.5   0.11591
   1628.0   0.11592
   1628.5   0.11592
   1629.0   0.11593
   1629.6   0.11594
   1630.1   0.11596
   1630.6   0.11598
   1631.1   0.11596
   1631.6   0.11597
   1632.1   0.11596
   1632.6   0.11599
   1633.1   0.11601
   1633.7   0.11601
   1634.2   0.11607
   1634.7   0.11613
   1635.2   0.11613
   1635.7   0.11607
   1636.2   0.11606
   1636.8   0.11607
   1637.3   0.11608
   1637.8   0.11610
   1638.3   0.11615
   1638.8   0.11616
   1639.3   0.11611
   1639.8   0.11610
   1640.4   0.11616
   1640.9   0.11617
   1641.4   0.11613
   1641.9   0.11615
   1642.4   0.11621
   1643.0   0.11622
   1643.5   0.11622
   1644.0   0.11622
   1644.5   0.11626
   1645.1   0.11626
   1645.6   0.11624
   1646.1   0.11625
   1646.6   0.11626
   1647.2   0.11627
   1647.7   0.11627
   1648.2   0.11626
   1648.7   0.11631
   1649.2   0.11634
   1649.8   0.11634
   1650.3   0.11635
   1650.8   0.11635
   1651.3   0.11636
   1651.9   0.11636
   1652.4   0.11632
   1652.9   0.11633
   1653.4   0.11635
   1654.0   0.11633
   1654.5   0.11637
   1655.0   0.11641
   1655.6   0.11641
   1656.1   0.11640
   1656.6   0.11645
   1657.2   0.11650
   1657.7   0.11652
   1658.2   0.11654
   1658.7   0.11655
   1659.3   0.11655
   1659.8   0.11652
   1660.3   0.11650
   1660.9   0.11650
   1661.4   0.11651
   1661.9   0.11654
   1662.5   0.11656
   1663.0   0.11659
   1663.5   0.11658
   1664.1   0.11656
   1664.6   0.11657
   1665.1   0.11659
   1665.7   0.11660
   1666.2   0.11661
   1666.7   0.11664
   1667.3   0.11666
   1667.8   0.11665
   1668.3   0.11662
   1668.9   0.11660
   1669.4   0.11660
   1670.0   0.11662
   1670.5   0.11664
   1671.0   0.11666
   1671.6   0.11666
   1672.1   0.11666
   1672.7   0.11668
   1673.2   0.11670
   1673.7   0.11671
   1674.3   0.11670
   1674.8   0.11667
   1675.4   0.11667
   1675.9   0.11669
   1676.4   0.11671
   1677.0   0.11674
   1677.5   0.11671
   1678.1   0.11670
   1678.6   0.11673
   1679.2   0.11677
   1679.7   0.11676
   1680.2   0.11675
   1680.8   0.11677
   1681.3   0.11680
   1681.9   0.11681
   1682.4   0.11680
   1683.0   0.11683
   1683.5   0.11685
   1684.1   0.11684
   1684.6   0.11683
   1685.2   0.11683
   1685.7   0.11683
   1686.3   0.11684
   1686.8   0.11685
   1687.3   0.11686
   1687.9   0.11685
   1688.4   0.11683
   1689.0   0.11685
   1689.6   0.11688
   1690.1   0.11689
   1690.7   0.11690
   1691.2   0.11693
   1691.8   0.11692
   1692.3   0.11689
   1692.9   0.11688
   1693.4   0.11687
   1694.0   0.11689
   1694.5   0.11698
   1695.1   0.11699
   1695.6   0.11698
   1696.2   0.11698
   1696.7   0.11697
   1697.3   0.11695
   1697.8   0.11696
   1698.4   0.11699
   1699.0   0.11698
   1699.5   0.11702
   1700.1   0.11703
   1700.6   0.11700
   1701.2   0.11697
   1701.8   0.11698
   1702.3   0.11700
   1702.9   0.11702
   1703.4   0.11704
   1704.0   0.11704
   1704.6   0.11702
   1705.1   0.11700
   1705.7   0.11699
   1706.2   0.11698
   1706.8   0.11697
   1707.4   0.11701
   1707.9   0.11704
   1708.5   0.11705
   1709.0   0.11702
   1709.6   0.11701
   1710.2   0.11701
   1710.7   0.11702
   1711.3   0.11706
   1711.9   0.11708
   1712.4   0.11710
   1713.0   0.11711
   1713.6   0.11709
   1714.1   0.11707
   1714.7   0.11709
   1715.3   0.11706
   1715.8   0.11705
   1716.4   0.11712
   1717.0   0.11713
   1717.5   0.11711
   1718.1   0.11712
   1718.7   0.11711
   1719.2   0.11709
   1719.8   0.11711
   1720.4   0.11712
   1721.0   0.11711
   1721.5   0.11711
   1722.1   0.11711
   1722.7   0.11710
   1723.2   0.11713
   1723.8   0.11715
   1724.4   0.11714
   1725.0   0.11717
   1725.5   0.11714
   1726.1   0.11714
   1726.7   0.11720
   1727.3   0.11715
   1727.8   0.11712
   1728.4   0.11715
   1729.0   0.11719
   1729.6   0.11720
   1730.1   0.11715
   1730.7   0.11711
   1731.3   0.11713
   1731.9   0.11715
   1732.5   0.11718
   1733.0   0.11716
   1733.6   0.11716
   1734.2   0.11721
   1734.8   0.11720
   1735.4   0.11713
   1735.9   0.11712
   1736.5   0.11715
   1737.1   0.11716
   1737.7   0.11716
   1738.3   0.11716
   1738.8   0.11720
   1739.4   0.11725
   1740.0   0.11725
   1740.6   0.11723
   1741.2   0.11725
   1741.8   0.11726
   1742.3   0.11722
   1742.9   0.11719
   1743.5   0.11723
   1744.1   0.11723
   1744.7   0.11724
   1745.3   0.11721
   1745.9   0.11719
   1746.5   0.11722
   1747.1   0.11724
   1747.6   0.11723
   1748.2   0.11725
   1748.8   0.11727
   1749.4   0.11723
   1750.0   0.11718
   1750.6   0.11721
   1751.2   0.11725
   1751.8   0.11726
   1752.4   0.11724
   1753.0   0.11723
   1753.6   0.11725
   1754.1   0.11722
   1754.7   0.11722
   1755.3   0.11725
   1755.9   0.11726
   1756.5   0.11727
   1757.1   0.11728
   1757.7   0.11723
   1758.3   0.11727
   1758.9   0.11729
   1759.5   0.11724
   1760.1   0.11723
   1760.7   0.11724
   1761.3   0.11722
   1761.9   0.11724
   1762.5   0.11728
   1763.1   0.11729
   1763.7   0.11726
   1764.3   0.11724
   1764.9   0.11724
   1765.5   0.11723
   1766.1   0.11721
   1766.7   0.11722
   1767.3   0.11726
   1767.9   0.11728
   1768.5   0.11731
   1769.1   0.11728
   1769.7   0.11724
   1770.3   0.11727
   1770.9   0.11729
   1771.5   0.11730
   1772.1   0.11728
   1772.7   0.11726
   1773.3   0.11728
   1773.9   0.11731
   1774.6   0.11733
   1775.2   0.11734
   1775.8   0.11731
   1776.4   0.11730
   1777.0   0.11731
   1777.6   0.11729
   1778.2   0.11729
   1778.8   0.11732
   1779.4   0.11731
   1780.0   0.11732
   1780.7   0.11732
   1781.3   0.11727
   1781.9   0.11726
   1782.5   0.11725
   1783.1   0.11725
   1783.7   0.11726
   1784.3   0.11729
   1784.9   0.11729
   1785.6   0.11729
   1786.2   0.11730
   1786.8   0.11729
   1787.4   0.11727
   1788.0   0.11729
   1788.6   0.11732
   1789.3   0.11731
   1789.9   0.11725
   1790.5   0.11727
   1791.1   0.11731
   1791.7   0.11731
   1792.3   0.11730
   1793.0   0.11729
   1793.6   0.11731
   1794.2   0.11731
   1794.8   0.11732
   1795.4   0.11733
   1796.1   0.11733
   1796.7   0.11733
   1797.3   0.11730
   1797.9   0.11730
   1798.6   0.11731
   1799.2   0.11728
   1799.8   0.11727
   1800.4   0.11730
   1801.1   0.11729
   1801.7   0.11729
   1802.3   0.11730
   1802.9   0.11734
   1803.6   0.11732
   1804.2   0.11729
   1804.8   0.11732
   1805.4   0.11734
   1806.1   0.11731
   1806.7   0.11730
   1807.3   0.11733
   1808.0   0.11732
   1808.6   0.11730
   1809.2   0.11728
   1809.9   0.11730
   1810.5   0.11733
   1811.1   0.11735
   1811.8   0.11730
   1812.4   0.11726
   1813.0   0.11726
   1813.7   0.11725
   1814.3   0.11730
   1814.9   0.11731
   1815.6   0.11728
   1816.2   0.11729
   1816.8   0.11731
   1817.5   0.11731
   1818.1   0.11732
   1818.8   0.11732
   1819.4   0.11733
   1820.0   0.11732
   1820.7   0.11728
   1821.3   0.11727
   1821.9   0.11732
   1822.6   0.11734
   1823.2   0.11735
   1823.9   0.11732
   1824.5   0.11728
   1825.2   0.11728
   1825.8   0.11732
   1826.4   0.11733
   1827.1   0.11733
   1827.7   0.11732
   1828.4   0.11731
   1829.0   0.11727
   1829.7   0.11729
   1830.3   0.11735
   1831.0   0.11735
   1831.6   0.11734
   1832.3   0.11734
   1832.9   0.11731
   1833.6   0.11729
   1834.2   0.11727
   1834.8   0.11730
   1835.5   0.11733
   1836.1   0.11733
   1836.8   0.11734
   1837.4   0.11732
   1838.1   0.11733
   1838.8   0.11735
   1839.4   0.11733
   1840.1   0.11733
   1840.7   0.11730
   1841.4   0.11729
   1842.0   0.11729
   1842.7   0.11729
   1843.3   0.11733
   1844.0   0.11738
   1844.6   0.11736
   1845.3   0.11731
   1845.9   0.11729
   1846.6   0.11729
   1847.3   0.11731
   1847.9   0.11729
   1848.6   0.11730
   1849.2   0.11734
   1849.9   0.11736
   1850.6   0.11733
   1851.2   0.11732
   1851.9   0.11733
   1852.6   0.11731
   1853.2   0.11733
   1853.9   0.11736
   1854.5   0.11733
   1855.2   0.11734
   1855.9   0.11733
   1856.5   0.11731
   1857.2   0.11729
   1857.9   0.11730
   1858.5   0.11730
   1859.2   0.11731
   1859.9   0.11732
   1860.5   0.11733
   1861.2   0.11735
   1861.9   0.11735
   1862.5   0.11736
   1863.2   0.11735
   1863.9   0.11730
   1864.5   0.11732
   1865.2   0.11735
   1865.9   0.11737
   1866.6   0.11737
   1867.2   0.11735
   1867.9   0.11732
   1868.6   0.11735
   1869.2   0.11736
   1869.9   0.11738
   1870.6   0.11737
   1871.3   0.11737
   1871.9   0.11740
   1872.6   0.11736
   1873.3   0.11731
   1874.0   0.11733
   1874.7   0.11737
   1875.3   0.11736
   1876.0   0.11733
   1876.7   0.11732
   1877.4   0.11735
   1878.0   0.11733
   1878.7   0.11736
   1879.4   0.11738
   1880.1   0.11738
   1880.8   0.11741
   1881.4   0.11741
   1882.1   0.11739
   1882.8   0.11739
   1883.5   0.11734
   1884.2   0.11734
   1884.9   0.11741
   1885.6   0.11740
   1886.2   0.11740
   1886.9   0.11740
   1887.6   0.11738
   1888.3   0.11737
   1889.0   0.11737
   1889.7   0.11740
   1890.4   0.11745
   1891.1   0.11742
   1891.8   0.11740
   1892.4   0.11744
   1893.1   0.11746
   1893.8   0.11742
   1894.5   0.11736
   1895.2   0.11735
   1895.9   0.11739
   1896.6   0.11740
   1897.3   0.11742
   1898.0   0.11742
   1898.7   0.11744
   1899.4   0.11744
   1900.1   0.11742
   1900.8   0.11744
   1901.5   0.11748
   1902.2   0.11749
   1902.9   0.11749
   1903.6   0.11749
   1904.3   0.11750
   1905.0   0.11748
   1905.7   0.11749
   1906.4   0.11751
   1907.1   0.11748
   1907.8   0.11748
   1908.5   0.11747
   1909.2   0.11748
   1909.9   0.11753
   1910.6   0.11751
   1911.3   0.11752
   1912.0   0.11753
   1912.7   0.11747
   1913.4   0.11744
   1914.1   0.11747
   1914.8   0.11750
   1915.5   0.11752
   1916.2   0.11751
   1916.9   0.11750
   1917.6   0.11750
   1918.3   0.11752
   1919.1   0.11751
   1919.8   0.11754
   1920.5   0.11754
   1921.2   0.11754
   1921.9   0.11753
   1922.6   0.11750
   1923.3   0.11750
   1924.0   0.11752
   1924.8   0.11755
   1925.5   0.11760
   1926.2   0.11760
   1926.9   0.11761
   1927.6   0.11760
   1928.3   0.11762
   1929.1   0.11765
   1929.8   0.11764
   1930.5   0.11759
   1931.2   0.11753
   1931.9   0.11757
   1932.7   0.11763
   1933.4   0.11763
   1934.1   0.11766
   1934.8   0.11769
   1935.5   0.11767
   1936.3   0.11763
   1937.0   0.11763
   1937.7   0.11762
   1938.4   0.11765
   1939.2   0.11769
   1939.9   0.11771
   1940.6   0.11769
   1941.3   0.11772
   1942.1   0.11770
   1942.8   0.11768
   1943.5   0.11771
   1944.2   0.11774
   1945.0   0.11774
   1945.7   0.11772
   1946.4   0.11774
   1947.2   0.11776
   1947.9   0.11775
   1948.6   0.11771
   1949.4   0.11774
   1950.1   0.11779
   1950.8   0.11780
   1951.6   0.11782
   1952.3   0.11782
   1953.0   0.11781
   1953.8   0.11784
   1954.5   0.11785
   1955.2   0.11786
   1956.0   0.11787
   1956.7   0.11788
   1957.5   0.11791
   1958.2   0.11793
   1958.9   0.11790
   1959.7   0.11786
   1960.4   0.11787
   1961.2   0.11788
   1961.9   0.11789
   1962.6   0.11788
   1963.4   0.11788
   1964.1   0.11790
   1964.9   0.11795
   1965.6   0.11796
   1966.4   0.11796
   1967.1   0.11797
   1967.9   0.11793
   1968.6   0.11795
   1969.3   0.11799
   1970.1   0.11796
   1970.8   0.11797
   1971.6   0.11798
   1972.3   0.11798
   1973.1   0.11799
   1973.8   0.11801
   1974.6   0.11804
   1975.3   0.11801
   1976.1   0.11802
   1976.9   0.11806
   1977.6   0.11805
   1978.4   0.11805
   1979.1   0.11806
   1979.9   0.11806
   1980.6   0.11807
   1981.4   0.11810
   1982.2   0.11814
   1982.9   0.11816
   1983.7   0.11816
   1984.4   0.11817
   1985.2   0.11817
   1985.9   0.11818
   1986.7   0.11817
   1987.5   0.11814
   1988.2   0.11818
   1989.0   0.11826
   1989.8   0.11829
   1990.5   0.11827
   1991.3   0.11826
   1992.1   0.11827
   1992.8   0.11829
   1993.6   0.11831
   1994.3   0.11834
   1995.1   0.11837
   1995.9   0.11835
   1996.7   0.11831
   1997.4   0.11832
   1998.2   0.11835
   1999.0   0.11833
   1999.7   0.11835
   2000.5   0.11838
   2001.3   0.11837
   2002.1   0.11834
   2002.8   0.11835
   2003.6   0.11839
   2004.4   0.11841
   2005.2   0.11846
   2005.9   0.11849
   2006.7   0.11848
   2007.5   0.11850
   2008.3   0.11852
   2009.0   0.11851
   2009.8   0.11850
   2010.6   0.11849
   2011.4   0.11852
   2012.2   0.11857
   2012.9   0.11864
   2013.7   0.11864
   2014.5   0.11862
   2015.3   0.11864
   2016.1   0.11866
   2016.8   0.11868
   2017.6   0.11868
   2018.4   0.11868
   2019.2   0.11870
   2020.0   0.11872
   2020.8   0.11873
   2021.6   0.11875
   2022.3   0.11873
   2023.1   0.11873
   2023.9   0.11875
   2024.7   0.11876
   2025.5   0.11877
   2026.3   0.11879
   2027.1   0.11885
   2027.9   0.11888
   2028.7   0.11887
   2029.5   0.11888
   2030.3   0.11891
   2031.1   0.11892
   2031.9   0.11893
   2032.7   0.11891
   2033.5   0.11890
   2034.3   0.11892
   2035.1   0.11896
   2035.8   0.11899
   2036.7   0.11903
   2037.4   0.11903
   2038.3   0.11903
   2039.1   0.11907
   2039.9   0.11908
   2040.7   0.11907
   2041.5   0.11905
   2042.3   0.11904
   2043.1   0.11908
   2043.9   0.11915
   2044.7   0.11919
   2045.5   0.11922
   2046.3   0.11921
   2047.1   0.11920
   2047.9   0.11925
   2048.7   0.11927
   2049.5   0.11928
   2050.4   0.11930
   2051.2   0.11930
   2052.0   0.11929
   2052.8   0.11933
   2053.6   0.11935
   2054.4   0.11937
   2055.2   0.11939
   2056.0   0.11941
   2056.9   0.11944
   2057.7   0.11947
   2058.5   0.11950
   2059.3   0.11950
   2060.1   0.11948
   2060.9   0.11953
   2061.8   0.11960
   2062.6   0.11958
   2063.4   0.11957
   2064.2   0.11961
   2065.1   0.11963
   2065.9   0.11964
   2066.7   0.11966
   2067.5   0.11965
   2068.3   0.11970
   2069.2   0.11972
   2070.0   0.11974
   2070.8   0.11977
   2071.6   0.11979
   2072.5   0.11982
   2073.3   0.11986
   2074.1   0.11991
   2075.0   0.11990
   2075.8   0.11990
   2076.6   0.11992
   2077.5   0.11995
   2078.3   0.11994
   2079.1   0.11992
   2080.0   0.11995
   2080.8   0.12001
   2081.6   0.12004
   2082.5   0.12006
   2083.3   0.12008
   2084.1   0.12007
   2085.0   0.12008
   2085.8   0.12012
   2086.6   0.12013
   2087.5   0.12015
   2088.3   0.12019
   2089.2   0.12022
   2090.0   0.12026
   2090.9   0.12031
   2091.7   0.12033
   2092.6   0.12036
   2093.4   0.12038
   2094.2   0.12038
   2095.1   0.12036
   2095.9   0.12042
   2096.8   0.12046
   2097.6   0.12046
   2098.5   0.12046
   2099.3   0.12046
   2100.2   0.12049
   2101.0   0.12052
   2101.9   0.12055
   2102.7   0.12058
   2103.6   0.12061
   2104.4   0.12066
   2105.3   0.12069
   2106.1   0.12068
   2107.0   0.12068
   2107.9   0.12069
   2108.7   0.12072
   2109.6   0.12075
   2110.4   0.12080
   2111.3   0.12085
   2112.1   0.12089
   2113.0   0.12094
   2113.9   0.12094
   2114.7   0.12091
   2115.6   0.12095
   2116.5   0.12096
   2117.3   0.12100
   2118.2   0.12107
   2119.1   0.12109
   2119.9   0.12112
   2120.8   0.12111
   2121.7   0.12112
   2122.5   0.12117
   2123.4   0.12124
   2124.3   0.12126
   2125.1   0.12129
   2126.0   0.12134
   2126.9   0.12134
   2127.8   0.12131
   2128.6   0.12135
   2129.5   0.12140
   2130.4   0.12144
   2131.3   0.12150
   2132.1   0.12151
   2133.0   0.12153
   2133.9   0.12157
   2134.8   0.12157
   2135.6   0.12157
   2136.5   0.12162
   2137.4   0.12165
   2138.3   0.12167
   2139.2   0.12169
   2140.1   0.12175
   2140.9   0.12181
   2141.8   0.12184
   2142.7   0.12188
   2143.6   0.12192
   2144.5   0.12193
   2145.4   0.12194
   2146.3   0.12197
   2147.1   0.12201
   2148.0   0.12209
   2148.9   0.12212
   2149.8   0.12212
   2150.7   0.12212
   2151.6   0.12215
   2152.5   0.12219
   2153.4   0.12222
   2154.3   0.12225
   2155.2   0.12230
   2156.1   0.12232
   2157.0   0.12234
   2157.9   0.12235
   2158.8   0.12237
   2159.7   0.12242
   2160.6   0.12248
   2161.5   0.12250
   2162.4   0.12257
   2163.3   0.12266
   2164.2   0.12270
   2165.1   0.12271
   2166.0   0.12270
   2166.9   0.12274
   2167.8   0.12277
   2168.7   0.12278
   2169.6   0.12282
   2170.5   0.12286
   2171.4   0.12291
   2172.3   0.12295
   2173.2   0.12298
   2174.1   0.12298
   2175.1   0.12305
   2176.0   0.12311
   2176.9   0.12311
   2177.8   0.12310
   2178.7   0.12314
   2179.6   0.12317
   2180.6   0.12325
   2181.5   0.12334
   2182.4   0.12337
   2183.3   0.12339
   2184.2   0.12339
   2185.1   0.12345
   2186.1   0.12351
   2187.0   0.12353
   2187.9   0.12356
   2188.8   0.12359
   2189.8   0.12360
   2190.7   0.12361
   2191.6   0.12366
   2192.5   0.12375
   2193.5   0.12381
   2194.4   0.12383
   2195.3   0.12386
   2196.3   0.12393
   2197.2   0.12395
   2198.1   0.12396
   2199.1   0.12402
   2200.0   0.12407
   2200.9   0.12411
   2201.9   0.12411
   2202.8   0.12414
   2203.7   0.12421
   2204.7   0.12426
   2205.6   0.12426
   2206.5   0.12431
   2207.5   0.12442
   2208.4   0.12443
   2209.4   0.12440
   2210.3   0.12447
   2211.2   0.12452
   2212.2   0.12449
   2213.1   0.12455
   2214.1   0.12464
   2215.0   0.12470
   2216.0   0.12475
   2216.9   0.12478
   2217.9   0.12482
   2218.8   0.12481
   2219.8   0.12487
   2220.7   0.12490
   2221.7   0.12495
   2222.6   0.12502
   2223.6   0.12506
   2224.5   0.12513
   2225.5   0.12521
   2226.4   0.12520
   2227.4   0.12522
   2228.4   0.12529
   2229.3   0.12529
   2230.3   0.12533
   2231.2   0.12538
   2232.2   0.12543
   2233.1   0.12547
   2234.1   0.12552
   2235.1   0.12556
   2236.0   0.12557
   2237.0   0.12562
   2238.0   0.12572
   2238.9   0.12577
   2239.9   0.12581
   2240.9   0.12584
   2241.8   0.12585
   2242.8   0.12589
   2243.8   0.12598
   2244.8   0.12602
   2245.7   0.12604
   2246.7   0.12606
   2247.7   0.12608
   2248.6   0.12615
   2249.6   0.12619
   2250.6   0.12625
   2251.6   0.12630
   2252.6   0.12633
   2253.5   0.12640
   2254.5   0.12646
   2255.5   0.12653
   2256.5   0.12657
   2257.5   0.12660
   2258.4   0.12665
   2259.4   0.12670
   2260.4   0.12674
   2261.4   0.12677
   2262.4   0.12682
   2263.4   0.12690
   2264.4   0.12696
   2265.4   0.12700
   2266.3   0.12705
   2267.3   0.12710
   2268.3   0.12714
   2269.3   0.12717
   2270.3   0.12726
   2271.3   0.12729
   2272.3   0.12732
   2273.3   0.12735
   2274.3   0.12741
   2275.3   0.12748
   2276.3   0.12753
   2277.3   0.12759
   2278.3   0.12761
   2279.3   0.12768
   2280.3   0.12780
   2281.3   0.12784
   2282.3   0.12783
   2283.3   0.12789
   2284.3   0.12797
   2285.3   0.12803
   2286.3   0.12808
   2287.3   0.12812
   2288.3   0.12819
   2289.4   0.12824
   2290.4   0.12830
   2291.4   0.12835
   2292.4   0.12839
   2293.4   0.12845
   2294.4   0.12853
   2295.4   0.12859
   2296.4   0.12863
   2297.5   0.12870
   2298.5   0.12874
   2299.5   0.12879
   2300.5   0.12887
   2301.6   0.12890
   2302.6   0.12893
   2303.6   0.12898
   2304.6   0.12905
   2305.6   0.12912
   2306.7   0.12917
   2307.7   0.12920
   2308.7   0.12927
   2309.8   0.12937
   2310.8   0.12941
   2311.8   0.12945
   2312.8   0.12952
   2313.9   0.12960
   2314.9   0.12967
   2315.9   0.12970
   2317.0   0.12973
   2318.0   0.12976
   2319.1   0.12982
   2320.1   0.12992
   2321.1   0.13000
   2322.2   0.13005
   2323.2   0.13011
   2324.3   0.13020
   2325.3   0.13026
   2326.3   0.13032
   2327.4   0.13035
   2328.4   0.13039
   2329.5   0.13048
   2330.5   0.13056
   2331.6   0.13061
   2332.6   0.13067
   2333.7   0.13075
   2334.7   0.13080
   2335.8   0.13085
   2336.8   0.13090
   2337.9   0.13096
   2338.9   0.13105
   2340.0   0.13113
   2341.0   0.13119
   2342.1   0.13126
   2343.1   0.13130
   2344.2   0.13136
   2345.3   0.13143
   2346.3   0.13151
   2347.4   0.13160
   2348.5   0.13167
   2349.5   0.13170
   2350.6   0.13175
   2351.7   0.13182
   2352.7   0.13189
   2353.8   0.13196
   2354.9   0.13201
   2355.9   0.13205
   2357.0   0.13214
   2358.1   0.13221
   2359.1   0.13229
   2360.2   0.13239
   2361.3   0.13245
   2362.4   0.13249
   2363.4   0.13254
   2364.5   0.13262
   2365.6   0.13271
   2366.7   0.13275
   2367.8   0.13280
   2368.9   0.13286
   2369.9   0.13294
   2371.0   0.13304
   2372.1   0.13313
   2373.2   0.13316
   2374.3   0.13321
   2375.4   0.13333
   2376.4   0.13339
   2377.5   0.13344
   2378.6   0.13355
   2379.7   0.13361
   2380.8   0.13364
   2381.9   0.13371
   2383.0   0.13378
   2384.1   0.13388
   2385.2   0.13395
   2386.3   0.13403
   2387.4   0.13411
   2388.5   0.13420
   2389.6   0.13423
   2390.7   0.13429
   2391.8   0.13440
   2392.9   0.13449
   2394.0   0.13456
   2395.1   0.13461
   2396.2   0.13468
   2397.3   0.13476
   2398.4   0.13484
   2399.5   0.13491
   2400.6   0.13500
   2401.8   0.13507
   2402.9   0.13513
   2404.0   0.13521
   2405.1   0.13528
   2406.2   0.13535
   2407.3   0.13545
   2408.5   0.13558
   2409.6   0.13569
   2410.7   0.13572
   2411.8   0.13576
   2412.9   0.13584
   2414.1   0.13593
   2415.2   0.13598
   2416.3   0.13603
   2417.4   0.13614
   2418.6   0.13621
   2419.7   0.13630
   2420.8   0.13640
   2422.0   0.13647
   2423.1   0.13657
   2424.2   0.13666
   2425.4   0.13673
   2426.5   0.13682
   2427.6   0.13688
   2428.8   0.13697
   2429.9   0.13709
   2431.1   0.13719
   2432.2   0.13727
   2433.3   0.13733
   2434.5   0.13743
   2435.6   0.13750
   2436.8   0.13756
   2437.9   0.13764
   2439.1   0.13769
   2440.2   0.13773
   2441.4   0.13784
   2442.5   0.13796
   2443.6   0.13808
   2444.8   0.13816
   2445.9   0.13823
   2447.1   0.13833
   2448.3   0.13842
   2449.4   0.13848
   2450.6   0.13854
   2451.7   0.13864
   2452.9   0.13873
   2454.1   0.13884
   2455.2   0.13892
   2456.4   0.13900
   2457.6   0.13906
   2458.7   0.13917
   2459.9   0.13928
   2461.1   0.13934
   2462.2   0.13942
   2463.4   0.13951
   2464.6   0.13957
   2465.7   0.13966
   2466.9   0.13973
   2468.1   0.13979
   2469.3   0.13990
   2470.4   0.13998
   2471.6   0.14006
   2472.8   0.14017
   2474.0   0.14024
   2475.1   0.14031
   2476.3   0.14044
   2477.5   0.14051
   2478.7   0.14060
   2479.9   0.14071
   2481.1   0.14082
   2482.3   0.14090
   2483.4   0.14096
   2484.6   0.14106
   2485.8   0.14115
   2487.0   0.14122
   2488.2   0.14126
   2489.4   0.14133
   2490.6   0.14146
   2491.8   0.14158
   2493.0   0.14166
   2494.2   0.14172
   2495.4   0.14178
   2496.6   0.14188
   2497.8   0.14201
   2499.0   0.14209
   2500.2   0.14216
   2501.4   0.14223
   2502.6   0.14232
   2503.8   0.14245
   2505.0   0.14259
   2506.3   0.14264
   2507.5   0.14270
   2508.7   0.14280
   2509.9   0.14291
   2511.1   0.14301
   2512.3   0.14309
   2513.5   0.14318
   2514.8   0.14328
   2516.0   0.14337
   2517.2   0.14345
   2518.4   0.14352
   2519.6   0.14363
   2520.9   0.14373
   2522.1   0.14382
   2523.3   0.14390
   2524.6   0.14399
   2525.8   0.14410
   2527.0   0.14422
   2528.2   0.14427
   2529.5   0.14435
   2530.7   0.14446
   2531.9   0.14452
   2533.2   0.14463
   2534.4   0.14473
   2535.7   0.14483
   2536.9   0.14497
   2538.1   0.14502
   2539.4   0.14507
   2540.6   0.14518
   2541.9   0.14527
   2543.1   0.14532
   2544.4   0.14538
   2545.6   0.14550
   2546.9   0.14564
   2548.1   0.14575
   2549.4   0.14587
   2550.6   0.14593
   2551.9   0.14601
   2553.1   0.14608
   2554.4   0.14612
   2555.6   0.14621
   2556.9   0.14634
   2558.2   0.14644
   2559.4   0.14649
   2560.7   0.14655
   2562.0   0.14669
   2563.2   0.14681
   2564.5   0.14687
   2565.8   0.14696
   2567.0   0.14707
   2568.3   0.14714
   2569.6   0.14720
   2570.9   0.14730
   2572.1   0.14741
   2573.4   0.14751
   2574.7   0.14761
   2576.0   0.14773
   2577.3   0.14783
   2578.5   0.14789
   2579.8   0.14801
   2581.1   0.14811
   2582.4   0.14817
   2583.7   0.14822
   2585.0   0.14832
   2586.2   0.14840
   2587.5   0.14846
   2588.8   0.14860
   2590.1   0.14868
   2591.4   0.14873
   2592.7   0.14878
   2594.0   0.14878
   2595.3   0.14894
   2596.6   0.14912
   2597.9   0.14923
   2599.2   0.14932
   2600.5   0.14937
   2601.8   0.14940
   2603.1   0.14948
   2604.4   0.14956
   2605.7   0.14964
   2607.1   0.14977
   2608.4   0.14988
   2609.7   0.14996
   2611.0   0.15005
   2612.3   0.15012
   2613.6   0.15016
   2614.9   0.15026
   2616.3   0.15033
   2617.6   0.15040
   2618.9   0.15049
   2620.2   0.15053
   2621.6   0.15066
   2622.9   0.15072
   2624.2   0.15079
   2625.5   0.15086
   2626.9   0.15091
   2628.2   0.15102
   2629.5   0.15107
   2630.9   0.15115
   2632.2   0.15127
   2633.5   0.15135
   2634.9   0.15145
   2636.2   0.15155
   2637.6   0.15157
   2638.9   0.15167
   2640.2   0.15176
   2641.6   0.15185
   2642.9   0.15191
   2644.3   0.15200
   2645.6   0.15210
   2647.0   0.15220
   2648.3   0.15229
   2649.7   0.15235
   2651.0   0.15238
   2652.4   0.15249
   2653.8   0.15260
   2655.1   0.15270
   2656.5   0.15281
   2657.8   0.15288
   2659.2   0.15295
   2660.6   0.15303
   2661.9   0.15312
   2663.3   0.15321
   2664.7   0.15325
   2666.0   0.15329
   2667.4   0.15335
   2668.8   0.15341
   2670.1   0.15345
   2671.5   0.15359
   2672.9   0.15373
   2674.3   0.15377
   2675.6   0.15380
   2677.0   0.15387
   2678.4   0.15395
   2679.8   0.15401
   2681.2   0.15410
   2682.6   0.15414
   2684.0   0.15419
   2685.4   0.15425
   2686.8   0.15432
   2688.1   0.15439
   2689.5   0.15446
   2690.9   0.15448
   2692.3   0.15452
   2693.7   0.15456
   2695.1   0.15461
   2696.5   0.15470
   2697.9   0.15475
   2699.3   0.15477
   2700.7   0.15484
   2702.1   0.15489
   2703.6   0.15493
   2705.0   0.15490
   2706.4   0.15488
   2707.8   0.15488
   2709.2   0.15486
   2710.6   0.15487
   2712.0   0.15493
   2713.5   0.15493
   2714.9   0.15492
   2716.3   0.15490
   2717.7   0.15487
   2719.1   0.15483
   2720.6   0.15475
   2722.0   0.15480
   2723.4   0.15476
   2724.9   0.15465
   2726.3   0.15462
   2727.7   0.15467
   2729.2   0.15465
   2730.6   0.15459
   2732.0   0.15454
   2733.5   0.15447
   2734.9   0.15442
   2736.4   0.15437
   2737.8   0.15429
   2739.3   0.15416
   2740.7   0.15407
   2742.2   0.15403
   2743.6   0.15398
   2745.1   0.15390
   2746.5   0.15380
   2748.0   0.15369
   2749.4   0.15360
   2750.9   0.15356
   2752.3   0.15345
   2753.8   0.15328
   2755.3   0.15314
   2756.7   0.15311
   2758.2   0.15308
   2759.7   0.15301
   2761.1   0.15286
   2762.6   0.15274
   2764.1   0.15265
   2765.6   0.15254
   2767.0   0.15240
   2768.5   0.15227
   2770.0   0.15216
   2771.5   0.15211
   2772.9   0.15205
   2774.4   0.15195
   2775.9   0.15187
   2777.4   0.15177
   2778.9   0.15165
   2780.4   0.15155
   2781.9   0.15147
   2783.4   0.15138
   2784.9   0.15128
   2786.4   0.15123
   2787.9   0.15120
   2789.4   0.15114
   2790.9   0.15105
   2792.4   0.15096
   2793.9   0.15095
   2795.4   0.15092
   2796.9   0.15089
   2798.4   0.15084
   2799.9   0.15076
   2801.4   0.15069
   2802.9   0.15061
   2804.4   0.15060
   2806.0   0.15060
   2807.5   0.15057
   2809.0   0.15053
   2810.5   0.15052
   2812.1   0.15051
   2813.6   0.15046
   2815.1   0.15044
   2816.6   0.15044
   2818.2   0.15044
   2819.7   0.15047
   2821.2   0.15046
   2822.8   0.15046
   2824.3   0.15042
   2825.8   0.15046
   2827.4   0.15055
   2828.9   0.15060
   2830.5   0.15062
   2832.0   0.15063
   2833.6   0.15061
   2835.1   0.15061
   2836.7   0.15060
   2838.2   0.15064
   2839.8   0.15071
   2841.3   0.15074
   2842.9   0.15075
   2844.4   0.15078
   2846.0   0.15079
   2847.6   0.15083
   2849.1   0.15087
   2850.7   0.15093
   2852.3   0.15097
   2853.8   0.15103
   2855.4   0.15112
   2857.0   0.15114
   2858.6   0.15111
   2860.1   0.15112
   2861.7   0.15122
   2863.3   0.15127
   2864.9   0.15120
   2866.4   0.15124
   2868.0   0.15133
   2869.6   0.15139
   2871.2   0.15145
   2872.8   0.15148
   2874.4   0.15149
   2876.0   0.15151
   2877.6   0.15154
   2879.2   0.15156
   2880.8   0.15158
   2882.4   0.15164
   2884.0   0.15164
   2885.6   0.15166
   2887.2   0.15173
   2888.8   0.15176
   2890.4   0.15180
   2892.0   0.15186
   2893.6   0.15191
   2895.3   0.15199
   2896.9   0.15201
   2898.5   0.15201
   2900.1   0.15202
   2901.7   0.15207
   2903.4   0.15215
   2905.0   0.15215
   2906.6   0.15221
   2908.3   0.15233
   2909.9   0.15234
   2911.5   0.15234
   2913.1   0.15240
   2914.8   0.15244
   2916.4   0.15245
   2918.1   0.15249
   2919.7   0.15255
   2921.4   0.15261
   2923.0   0.15266
   2924.7   0.15270
   2926.3   0.15273
   2928.0   0.15277
   2929.6   0.15284
   2931.3   0.15286
   2932.9   0.15284
   2934.6   0.15288
   2936.3   0.15296
   2937.9   0.15299
   2939.6   0.15299
   2941.2   0.15302
   2942.9   0.15313
   2944.6   0.15320
   2946.3   0.15323
   2947.9   0.15328
   2949.6   0.15331
   2951.3   0.15333
   2953.0   0.15339
   2954.6   0.15346
   2956.3   0.15344
   2958.0   0.15346
   2959.7   0.15352
   2961.4   0.15361
   2963.1   0.15370
   2964.8   0.15372
   2966.5   0.15378
   2968.2   0.15382
   2969.9   0.15382
   2971.6   0.15387
   2973.3   0.15391
   2975.0   0.15399
   2976.7   0.15407
   2978.4   0.15413
   2980.1   0.15415
   2981.8   0.15420
   2983.6   0.15424
   2985.3   0.15428
   2987.0   0.15436
   2988.7   0.15445
   2990.4   0.15450
   2992.2   0.15454
   2993.9   0.15458
   2995.6   0.15467
   2997.4   0.15475
   2999.1   0.15480
   3000.8   0.15491
   3002.6   0.15494
   3004.3   0.15492
   3006.0   0.15503
   3007.8   0.15510
   3009.5   0.15514
   3011.3   0.15522
   3013.0   0.15527
   3014.8   0.15526
   3016.5   0.15530
   3018.3   0.15543
   3020.0   0.15558
   3021.8   0.15570
   3023.6   0.15575
   3025.3   0.15574
   3027.1   0.15575
   3028.9   0.15586
   3030.6   0.15596
   3032.4   0.15599
   3034.2   0.15602
   3036.0   0.15608
   3037.7   0.15616
   3039.5   0.15622
   3041.3   0.15626
   3043.1   0.15628
   3044.9   0.15630
   3046.7   0.15640
   3048.4   0.15653
   3050.2   0.15656
   3052.0   0.15653
   3053.8   0.15656
   3055.6   0.15666
   3057.4   0.15674
   3059.2   0.15678
   3061.1   0.15681
   3062.9   0.15682
   3064.7   0.15688
   3066.5   0.15696
   3068.3   0.15700
   3070.1   0.15707
   3071.9   0.15710
   3073.8   0.15715
   3075.6   0.15721
   3077.4   0.15728
   3079.2   0.15733
   3081.1   0.15737
   3082.9   0.15742
   3084.7   0.15747
   3086.6   0.15746
   3088.4   0.15749
   3090.2   0.15758
   3092.1   0.15768
   3093.9   0.15772
   3095.8   0.15774
   3097.6   0.15781
   3099.5   0.15787
   3101.3   0.15790
   3103.2   0.15797
   3105.0   0.15804
   3106.9   0.15812
   3108.8   0.15816
   3110.6   0.15822
   3112.5   0.15829
   3114.4   0.15831
   3116.2   0.15833
   3118.1   0.15842
   3120.0   0.15845
   3121.9   0.15845
   3123.7   0.15848
   3125.6   0.15853
   3127.5   0.15861
   3129.4   0.15871
   3131.3   0.15879
   3133.2   0.15883
   3135.1   0.15884
   3137.0   0.15886
   3138.9   0.15896
   3140.8   0.15904
   3142.7   0.15913
   3144.6   0.15917
   3146.5   0.15920
   3148.4   0.15925
   3150.3   0.15931
   3152.2   0.15940
   3154.1   0.15949
   3156.1   0.15953
   3158.0   0.15956
   3159.9   0.15962
   3161.8   0.15968
   3163.8   0.15973
   3165.7   0.15984
   3167.6   0.15996
   3169.6   0.15999
   3171.5   0.16001
   3173.4   0.16004
   3175.4   0.16006
   3177.3   0.16012
   3179.3   0.16017
   3181.2   0.16023
   3183.2   0.16034
   3185.1   0.16045
   3187.1   0.16047
   3189.1   0.16048
   3191.0   0.16057
   3193.0   0.16060
   3194.9   0.16065
   3196.9   0.16074
   3198.9   0.16081
   3200.9   0.16088
   3202.9   0.16091
   3204.8   0.16095
   3206.8   0.16100
   3208.8   0.16102
   3210.8   0.16108
   3212.8   0.16113
   3214.8   0.16122
   3216.8   0.16132
   3218.8   0.16141
   3220.8   0.16147
   3222.8   0.16150
   3224.8   0.16151
   3226.8   0.16156
   3228.8   0.16164
   3230.8   0.16166
   3232.8   0.16169
   3234.8   0.16179
   3236.8   0.16189
   3238.9   0.16199
   3240.9   0.16198
   3242.9   0.16197
   3244.9   0.16207
   3247.0   0.16213
   3249.0   0.16214
   3251.0   0.16220
   3253.1   0.16224
   3255.1   0.16233
   3257.2   0.16247
   3259.2   0.16260
   3261.3   0.16261
   3263.3   0.16260
   3265.4   0.16269
   3267.4   0.16271
   3269.5   0.16275
   3271.6   0.16283
   3273.6   0.16289
   3275.7   0.16297
   3277.8   0.16296
   3279.8   0.16294
   3281.9   0.16301
   3284.0   0.16305
   3286.1   0.16307
   3288.1   0.16317
   3290.2   0.16320
   3292.3   0.16321
   3294.4   0.16325
   3296.5   0.16332
   3298.6   0.16334
   3300.7   0.16334
   3302.8   0.16342
   3304.9   0.16352
   3307.0   0.16359
   3309.1   0.16355
   3311.2   0.16352
   3313.4   0.16358
   3315.5   0.16370
   3317.6   0.16386
   3319.7   0.16386
   3321.9   0.16381
   3324.0   0.16390
   3326.1   0.16398
   3328.3   0.16399
   3330.4   0.16398
   3332.5   0.16392
   3334.7   0.16397
   3336.8   0.16407
   3339.0   0.16407
   3341.1   0.16410
   3343.3   0.16418
   3345.4   0.16420
   3347.6   0.16425
   3349.8   0.16432
   3351.9   0.16436
   3354.1   0.16438
   3356.3   0.16436
   3358.4   0.16439
   3360.6   0.16442
   3362.8   0.16443
   3365.0   0.16447
   3367.1   0.16450
   3369.3   0.16453
   3371.5   0.16452
   3373.7   0.16455
   3375.9   0.16463
   3378.1   0.16470
   3380.3   0.16479
   3382.5   0.16487
   3384.7   0.16495
   3386.9   0.16500
   3389.1   0.16503
   3391.4   0.16512
   3393.6   0.16519
   3395.8   0.16522
   3398.0   0.16520
   3400.3   0.16520
   3402.5   0.16530
   3404.7   0.16534
   3407.0   0.16539
   3409.2   0.16542
   3411.4   0.16558
   3413.7   0.16563
   3415.9   0.16557
   3418.2   0.16568
   3420.4   0.16577
   3422.7   0.16582
   3425.0   0.16587
   3427.2   0.16589
   3429.5   0.16587
   3431.8   0.16593
   3434.0   0.16601
   3436.3   0.16606
   3438.6   0.16611
   3440.9   0.16613
   3443.2   0.16617
   3445.4   0.16627
   3447.7   0.16631
   3450.0   0.16634
   3452.3   0.16641
   3454.6   0.16650
   3456.9   0.16657
   3459.2   0.16663
   3461.6   0.16666
   3463.9   0.16663
   3466.2   0.16662
   3468.5   0.16667
   3470.8   0.16669
   3473.1   0.16676
   3475.5   0.16686
   3477.8   0.16698
   3480.1   0.16698
   3482.5   0.16692
   3484.8   0.16697
   3487.2   0.16707
   3489.5   0.16716
   3491.9   0.16715
   3494.2   0.16718
   3496.6   0.16728
   3498.9   0.16734
   3501.3   0.16737
   3503.6   0.16742
   3506.0   0.16748
   3508.4   0.16752
   3510.8   0.16754
   3513.1   0.16758
   3515.5   0.16761
   3517.9   0.16768
   3520.3   0.16772
   3522.7   0.16776
   3525.1   0.16786
   3527.5   0.16790
   3529.9   0.16791
   3532.3   0.16796
   3534.7   0.16804
   3537.1   0.16803
   3539.5   0.16799
   3541.9   0.16802
   3544.4   0.16816
   3546.8   0.16822
   3549.2   0.16821
   3551.6   0.16824
   3554.1   0.16829
   3556.5   0.16824
   3559.0   0.16824
   3561.4   0.16836
   3563.9   0.16844
   3566.3   0.16853
   3568.8   0.16854
   3571.2   0.16847
   3573.7   0.16847
   3576.1   0.16853
   3578.6   0.16857
   3581.1   0.16861
   3583.6   0.16866
   3586.0   0.16871
   3588.5   0.16875
   3591.0   0.16876
   3593.5   0.16878
   3596.0   0.16882
   3598.5   0.16886
   3601.0   0.16890
   3603.5   0.16898
   3606.0   0.16906
   3608.5   0.16901
   3611.0   0.16903
   3613.5   0.16915
   3616.0   0.16919
   3618.6   0.16912
   3621.1   0.16916
   3623.6   0.16921
   3626.1   0.16920
   3628.7   0.16929
   3631.2   0.16945
   3633.8   0.16944
   3636.3   0.16941
   3638.9   0.16947
   3641.4   0.16944
   3644.0   0.16948
   3646.6   0.16962
   3649.1   0.16971
   3651.7   0.16973
   3654.3   0.16978
   3656.9   0.16984
   3659.4   0.16988
   3662.0   0.16993
   3664.6   0.16997
   3667.2   0.17003
   3669.8   0.17009
   3672.4   0.17012
   3675.0   0.17015
   3677.6   0.17019
   3680.2   0.17025
   3682.8   0.17030
   3685.4   0.17034
   3688.1   0.17036
   3690.7   0.17039
   3693.3   0.17044
   3695.9   0.17049
   3698.6   0.17054
   3701.2   0.17058
   3703.9   0.17063
   3706.5   0.17066
   3709.2   0.17069
   3711.8   0.17076
   3714.5   0.17079
   3717.1   0.17080
   3719.8   0.17085
   3722.5   0.17090
   3725.2   0.17096
   3727.8   0.17099
   3730.5   0.17104
   3733.2   0.17108
   3735.9   0.17110
   3738.6   0.17114
   3741.3   0.17120
   3744.0   0.17125
   3746.7   0.17127
   3749.4   0.17128
   3752.1   0.17130
   3754.8   0.17136
   3757.6   0.17142
   3760.3   0.17147
   3763.0   0.17151
   3765.7   0.17155
   3768.5   0.17159
   3771.2   0.17162
   3774.0   0.17166
   3776.7   0.17169
   3779.5   0.17172
   3782.2   0.17174
   3785.0   0.17179
   3787.7   0.17183
   3790.5   0.17186
   3793.3   0.17190
   3796.1   0.17194
   3798.8   0.17197
   3801.6   0.17201
   3804.4   0.17206
   3807.2   0.17209
   3810.0   0.17211
   3812.8   0.17215
   3815.6   0.17216
   3818.4   0.17218
   3821.2   0.17221
   3824.1   0.17223
   3826.9   0.17227
   3829.7   0.17231
   3832.5   0.17235
   3835.4   0.17237
   3838.2   0.17240
   3841.1   0.17244
   3843.9   0.17246
   3846.8   0.17246
   3849.6   0.17248
   3852.5   0.17251
   3855.3   0.17255
   3858.2   0.17256
   3861.1   0.17258
   3863.9   0.17262
   3866.8   0.17264
   3869.7   0.17270
   3872.6   0.17274
   3875.5   0.17275
   3878.4   0.17279
   3881.3   0.17281
   3884.2   0.17283
   3887.1   0.17286
   3890.0   0.17288
   3893.0   0.17293
   3895.9   0.17295
   3898.8   0.17295
   3901.7   0.17299
   3904.7   0.17302
   3907.6   0.17305
   3910.6   0.17306
   3913.5   0.17308
   3916.5   0.17311
   3919.4   0.17313
   3922.4   0.17316
   3925.4   0.17320
   3928.4   0.17323
   3931.3   0.17325
   3934.3   0.17326
   3937.3   0.17326
   3940.3   0.17329
   3943.3   0.17330
   3946.3   0.17329
   3949.3   0.17331
   3952.3   0.17336
   3955.3   0.17337
   3958.3   0.17339
   3961.4   0.17340
   3964.4   0.17341
   3967.4   0.17341
   3970.5   0.17343
   3973.5   0.17347
   3976.6   0.17349
   3979.6   0.17350
   3982.6   0.17350
   3985.7   0.17348
   3988.8   0.17350
   3991.9   0.17354
   3994.9   0.17357
   3998.0   0.17355
   4001.1   0.17355
   4004.2   0.17356
   4007.3   0.17358
   4010.4   0.17360
   4013.5   0.17359
   4016.6   0.17362
   4019.7   0.17365
   4022.8   0.17368
   4025.9   0.17368
   4029.1   0.17366
   4032.2   0.17366
   4035.3   0.17365
   4038.5   0.17366
   4041.6   0.17369
   4044.8   0.17368
   4047.9   0.17368
   4051.1   0.17369
   4054.3   0.17370
   4057.4   0.17371
   4060.6   0.17369
   4063.8   0.17371
   4067.0   0.17374
   4070.2   0.17377
   4073.4   0.17380
   4076.6   0.17380
   4079.8   0.17380
   4083.0   0.17381
   4086.2   0.17382
   4089.4   0.17383
   4092.7   0.17385
   4095.9   0.17388
   4099.1   0.17387
   4102.4   0.17387
   4105.6   0.17388
   4108.9   0.17388
   4112.1   0.17388
   4115.4   0.17388
   4118.7   0.17388
   4122.0   0.17390
   4125.2   0.17391
   4128.5   0.17392
   4131.8   0.17393
   4135.1   0.17392
   4138.4   0.17390
   4141.7   0.17393
   4145.0   0.17395
   4148.3   0.17396
   4151.6   0.17397
   4155.0   0.17397
   4158.3   0.17397
   4161.6   0.17398
   4165.0   0.17399
   4168.3   0.17398
   4171.7   0.17398
   4175.0   0.17398
   4178.4   0.17401
   4181.8   0.17405
   4185.2   0.17406
   4188.5   0.17409
   4191.9   0.17410
   4195.3   0.17410
   4198.7   0.17412
   4202.1   0.17415
   4205.5   0.17414
   4208.9   0.17415
   4212.4   0.17419
   4215.8   0.17423
   4219.2   0.17423
   4222.6   0.17423
   4226.1   0.17421
   4229.5   0.17420
   4233.0   0.17420
   4236.5   0.17421
   4239.9   0.17421
   4243.4   0.17422
   4246.9   0.17420
   4250.3   0.17420
   4253.8   0.17419
   4257.3   0.17414
   4260.8   0.17413
   4264.3   0.17413
   4267.8   0.17411
   4271.3   0.17408
   4274.9   0.17406
   4278.4   0.17405
   4281.9   0.17401
   4285.5   0.17400
   4289.0   0.17398
   4292.6   0.17395
   4296.1   0.17392
   4299.7   0.17390
   4303.3   0.17388
   4306.8   0.17384
   4310.4   0.17380
   4314.0   0.17378
   4317.6   0.17375
   4321.2   0.17371
   4324.8   0.17369
   4328.4   0.17368
   4332.0   0.17365
   4335.6   0.17361
   4339.3   0.17356
   4342.9   0.17353
   4346.5   0.17350
   4350.2   0.17346
   4353.8   0.17344
   4357.5   0.17341
   4361.1   0.17337
   4364.8   0.17333
   4368.5   0.17328
   4372.2   0.17321
   4375.9   0.17316
   4379.6   0.17314
   4383.3   0.17312
   4387.0   0.17310
   4390.7   0.17307
   4394.4   0.17302
   4398.1   0.17296
   4401.9   0.17296
   4405.6   0.17296
   4409.4   0.17291
   4413.1   0.17286
   4416.9   0.17285
   4420.6   0.17283
   4424.4   0.17279
   4428.2   0.17274
   4432.0   0.17270
   4435.8   0.17267
   4439.6   0.17265
   4443.4   0.17264
   4447.2   0.17262
   4451.0   0.17258
   4454.8   0.17251
   4458.6   0.17245
   4462.5   0.17242
   4466.3   0.17238
   4470.2   0.17234
   4474.0   0.17229
   4477.9   0.17224
   4481.8   0.17217
   4485.6   0.17210
   4489.5   0.17206
   4493.4   0.17202
   4497.3   0.17194
   4501.2   0.17189
   4505.1   0.17186
   4509.0   0.17178
   4513.0   0.17169
   4516.9   0.17161
   4520.9   0.17151
   4524.8   0.17142
   4528.7   0.17131
   4532.7   0.17121
   4536.7   0.17111
   4540.6   0.17101
   4544.6   0.17091
   4548.6   0.17079
   4552.6   0.17066
   4556.6   0.17054
   4560.6   0.17039
   4564.6   0.17025
   4568.6   0.17011
   4572.7   0.16996
   4576.7   0.16979
   4580.8   0.16962
   4584.8   0.16944
   4588.9   0.16927
   4592.9   0.16910
   4597.0   0.16890
   4601.1   0.16871
   4605.2   0.16853
   4609.3   0.16833
   4613.4   0.16813
   4617.5   0.16793
   4621.6   0.16771
   4625.7   0.16747
   4629.8   0.16724
   4634.0   0.16701
   4638.1   0.16676
   4642.3   0.16650
   4646.4   0.16627
   4650.6   0.16603
   4654.8   0.16576
   4659.0   0.16549
   4663.1   0.16522
   4667.3   0.16493
   4671.5   0.16466
   4675.8   0.16438
   4680.0   0.16409
   4684.2   0.16376
   4688.4   0.16347
   4692.7   0.16316
   4696.9   0.16286
   4701.2   0.16256
   4705.5   0.16225
   4709.7   0.16190
   4714.0   0.16156
   4718.3   0.16123
   4722.6   0.16090
   4726.9   0.16055
   4731.2   0.16019
   4735.5   0.15986
   4739.9   0.15954
   4744.2   0.15921
   4748.5   0.15890
   4752.9   0.15859
   4757.3   0.15828
   4761.6   0.15795
   4766.0   0.15763
   4770.4   0.15732
   4774.8   0.15705
   4779.2   0.15676
   4783.6   0.15647
   4788.0   0.15619
   4792.4   0.15591
   4796.9   0.15563
   4801.3   0.15537
   4805.8   0.15507
   4810.2   0.15476
   4814.7   0.15446
   4819.1   0.15416
   4823.6   0.15385
   4828.1   0.15356
   4832.6   0.15323
   4837.1   0.15291
   4841.6   0.15258
   4846.2   0.15225
   4850.7   0.15191
   4855.3   0.15158
   4859.8   0.15126
   4864.4   0.15092
   4868.9   0.15056
   4873.5   0.15023
   4878.1   0.14988
   4882.7   0.14954
   4887.3   0.14919
   4891.9   0.14885
   4896.5   0.14852
   4901.1   0.14819
   4905.8   0.14784
   4910.4   0.14749
   4915.1   0.14712
   4919.7   0.14672
   4924.4   0.14636
   4929.1   0.14599
   4933.8   0.14559
   4938.5   0.14522
   4943.2   0.14481
   4947.9   0.14441
   4952.6   0.14400
   4957.4   0.14359
   4962.1   0.14321
   4966.9   0.14284
   4971.6   0.14244
   4976.4   0.14203
   4981.2   0.14162
   4986.0   0.14120
   4990.8   0.14080
   4995.6   0.14042
   5000.4   0.14000
   5005.2   0.13959
   5010.0   0.13917
   5014.9   0.13876
   5019.8   0.13840
   5024.6   0.13803
   5029.5   0.13762
   5034.4   0.13724
   5039.3   0.13687
   5044.2   0.13653
   5049.1   0.13619
   5054.0   0.13584
   5058.9   0.13553
   5063.9   0.13522
   5068.8   0.13488
   5073.8   0.13459
   5078.8   0.13433
   5083.7   0.13404
   5088.7   0.13375
   5093.7   0.13348
   5098.7   0.13322
   5103.7   0.13296
   5108.8   0.13270
   5113.8   0.13241
   5118.9   0.13212
   5123.9   0.13183
   5129.0   0.13154
   5134.1   0.13128
   5139.1   0.13101
   5144.3   0.13073
   5149.4   0.13047
   5154.5   0.13018
   5159.6   0.12989
   5164.7   0.12960
   5169.9   0.12931
   5175.0   0.12904
   5180.2   0.12878
   5185.4   0.12851
   5190.6   0.12822
   5195.8   0.12795
   5201.0   0.12769
   5206.2   0.12744
   5211.5   0.12720
   5216.7   0.12696
   5222.0   0.12666
   5227.2   0.12640
   5232.5   0.12617
   5237.8   0.12591
   5243.1   0.12566
   5248.4   0.12541
   5253.7   0.12516
   5259.0   0.12495
   5264.4   0.12473
   5269.7   0.12453
   5275.1   0.12440
   5280.5   0.12428
   5285.8   0.12413
   5291.2   0.12403
   5296.6   0.12398
   5302.0   0.12395
   5307.5   0.12394
   5312.9   0.12395
   5318.4   0.12398
   5323.8   0.12403
   5329.3   0.12409
   5334.8   0.12420
   5340.3   0.12431
   5345.8   0.12445
   5351.3   0.12461
   5356.8   0.12472
   5362.4   0.12480
   5367.9   0.12495
   5373.5   0.12509
   5379.0   0.12523
   5384.6   0.12537
   5390.2   0.12550
   5395.8   0.12559
   5401.5   0.12569
   5407.1   0.12579
   5412.7   0.12590
   5418.4   0.12602
   5424.1   0.12613
   5429.7   0.12615
   5435.4   0.12618
   5441.1   0.12626
   5446.8   0.12635
   5452.6   0.12644
   5458.3   0.12652
   5464.1   0.12663
   5469.8   0.12672
   5475.6   0.12678
   5481.4   0.12685
   5487.2   0.12687
   5493.0   0.12691
   5498.8   0.12694
   5504.7   0.12697
   5510.5   0.12696
   5516.4   0.12695
   5522.3   0.12696
   5528.1   0.12692
   5534.0   0.12684
   5540.0   0.12675
   5545.9   0.12665
   5551.8   0.12657
   5557.8   0.12644
   5563.7   0.12625
   5569.7   0.12601
   5575.7   0.12584
   5581.7   0.12563
   5587.7   0.12529
   5593.7   0.12497
   5599.8   0.12473
   5605.8   0.12444
   5611.9   0.12414
   5618.0   0.12384
   5624.1   0.12351
   5630.2   0.12319
   5636.3   0.12296
   5642.4   0.12280
   5648.6   0.12250
   5654.7   0.12221
   5660.9   0.12196
   5667.1   0.12170
   5673.3   0.12157
   5679.5   0.12142
   5685.7   0.12122
   5692.0   0.12110
   5698.2   0.12097
   5704.5   0.12085
   5710.8   0.12086
   5717.1   0.12077
   5723.4   0.12063
   5729.7   0.12047
   5736.1   0.12034
   5742.4   0.12023
   5748.8   0.12012
   5755.1   0.11988
   5761.5   0.11973
   5768.0   0.11966
   5774.4   0.11934
   5780.8   0.11896
   5787.3   0.11864
   5793.7   0.11833
   5800.2   0.11805
   5806.7   0.11773
   5813.2   0.11742
   5819.7   0.11720
   5826.3   0.11693
   5832.8   0.11648
   5839.4   0.11603
   5846.0   0.11564
   5852.6   0.11531
   5859.2   0.11498
   5865.8   0.11464
   5872.5   0.11424
   5879.1   0.11400
   5885.8   0.11365
   5892.5   0.11318
   5899.2   0.11279
   5905.9   0.11224
   5912.6   0.11174
   5919.4   0.11133
   5926.2   0.11089
   5932.9   0.11057
   5939.7   0.11029
   5946.5   0.10975
   5953.4   0.10925
   5960.2   0.10890
   5967.1   0.10863
   5974.0   0.10832
   5980.8   0.10794
   5987.8   0.10767
   5994.7   0.10740
   6001.6   0.10705
   6008.6   0.10678
   6015.5   0.10657
   6022.5   0.10630
   6029.5   0.10609
   6036.5   0.10594
   6043.6   0.10591
   6050.6   0.10598
   6057.7   0.10568
   6064.8   0.10540
   6071.9   0.10538
   6079.0   0.10530
   6086.1   0.10512
   6093.3   0.10497
   6100.5   0.10489
   6107.6   0.10485
   6114.9   0.10485
   6122.1   0.10465
   6129.3   0.10439
   6136.5   0.10423
   6143.8   0.10410
   6151.1   0.10393
   6158.4   0.10379
   6165.7   0.10362
   6173.1   0.10345
   6180.4   0.10338
   6187.8   0.10333
   6195.2   0.10315
   6202.6   0.10301
   6210.0   0.10293
   6217.5   0.10287
   6225.0   0.10279
   6232.4   0.10275
   6239.9   0.10271
   6247.5   0.10267
   6255.0   0.10266
   6262.5   0.10265
   6270.1   0.10262
   6277.7   0.10258
   6285.3   0.10255
   6292.9   0.10259
   6300.6   0.10262
   6308.3   0.10264
   6315.9   0.10269
   6323.6   0.10275
   6331.4   0.10279
   6339.1   0.10290
   6346.9   0.10304
   6354.6   0.10301
   6362.4   0.10300
   6370.3   0.10312
   6378.1   0.10315
   6385.9   0.10308
   6393.8   0.10307
   6401.7   0.10313
   6409.6   0.10334
   6417.6   0.10347
   6425.5   0.10328
   6433.5   0.10314
   6441.5   0.10304
   6449.5   0.10294
   6457.5   0.10290
   6465.6   0.10285
   6473.6   0.10285
   6481.7   0.10286
   6489.8   0.10291
   6498.0   0.10289
   6506.1   0.10265
   6514.3   0.10249
   6522.5   0.10249
   6530.7   0.10241
   6538.9   0.10233
   6547.2   0.10235
   6555.5   0.10239
   6563.8   0.10236
   6572.1   0.10242
   6580.4   0.10239
   6588.8   0.10230
   6597.2   0.10225
   6605.6   0.10219
   6614.0   0.10217
   6622.5   0.10218
   6630.9   0.10231
   6639.4   0.10243
   6647.9   0.10233
   6656.5   0.10220
   6665.0   0.10222
   6673.6   0.10228
   6682.2   0.10235
   6690.8   0.10232
   6699.5   0.10231
   6708.1   0.10238
   6716.8   0.10242
   6725.5   0.10238
   6734.3   0.10231
   6743.0   0.10224
   6751.8   0.10218
   6760.6   0.10210
   6769.4   0.10197
   6778.3   0.10186
   6787.1   0.10179
   6796.0   0.10162
   6805.0   0.10135
   6813.9   0.10113
   6822.9   0.10098
   6831.9   0.10077
   6840.9   0.10049
   6849.9   0.10027
   6859.0   0.10016
   6868.0   0.09995
   6877.2   0.09953
   6886.3   0.09916
   6895.5   0.09883
   6904.6   0.09855
   6913.8   0.09826
   6923.1   0.09791
   6932.3   0.09759
   6941.6   0.09729
   6950.9   0.09700
   6960.2   0.09671
   6969.6   0.09634
   6979.0   0.09594
   6988.4   0.09559
   6997.8   0.09524
   7007.3   0.09484
   7016.8   0.09445
   7026.3   0.09409
   7035.8   0.09373
   7045.4   0.09340
   7054.9   0.09297
   7064.5   0.09249
   7074.2   0.09203
   7083.9   0.09162
   7093.5   0.09121
   7103.3   0.09078
   7113.0   0.09037
   7122.8   0.08993
   7132.6   0.08951
   7142.4   0.08910
   7152.2   0.08867
   7162.1   0.08824
   7172.0   0.08782
   7182.0   0.08735
   7191.9   0.08686
   7201.9   0.08644
   7211.9   0.08600
   7222.0   0.08549
   7232.0   0.08496
   7242.1   0.08446
   7252.3   0.08397
   7262.4   0.08348
   7272.6   0.08297
   7282.8   0.08244
   7293.1   0.08190
   7303.3   0.08139
   7313.6   0.08086
   7324.0   0.08031
   7334.3   0.07973
   7344.7   0.07915
   7355.1   0.07852
   7365.6   0.07791
   7376.1   0.07728
   7386.6   0.07664
   7397.1   0.07598
   7407.7   0.07529
   7418.3   0.07459
   7428.9   0.07392
   7439.6   0.07320
   7450.2   0.07251
   7461.0   0.07184
   7471.7   0.07113
   7482.5   0.07038
   7493.3   0.06965
   7504.1   0.06891
   7515.0   0.06814
   7525.9   0.06738
   7536.9   0.06663
   7547.9   0.06586
   7558.9   0.06512
   7569.9   0.06437
   7581.0   0.06361
   7592.0   0.06281
   7603.2   0.06203
   7614.4   0.06127
   7625.5   0.06051
   7636.8   0.05975
   7648.0   0.05900
   7659.3   0.05819
   7670.7   0.05739
   7682.0   0.05659
   7693.4   0.05581
   7704.9   0.05501
   7716.3   0.05421
   7727.8   0.05336
   7739.4   0.05251
   7750.9   0.05165
   7762.5   0.05078
   7774.2   0.04991
   7785.8   0.04902
   7797.5   0.04805
   7809.3   0.04712
   7821.1   0.04619
   7832.9   0.04523
   7844.7   0.04423
   7856.6   0.04324
   7868.5   0.04223
   7880.5   0.04121
   7892.5   0.04014
   7904.5   0.03905
   7916.6   0.03796
   7928.7   0.03686
   7940.8   0.03575
   7953.0   0.03466
   7965.2   0.03356
   7977.5   0.03248
   7989.8   0.03137
   8002.1   0.03034
   8014.5   0.02931
   8026.9   0.02834
   8039.3   0.02737
   8051.8   0.02641
   8064.3   0.02548
   8076.9   0.02460
   8089.5   0.02373
   8102.1   0.02294
   8114.8   0.02223
   8127.5   0.02152
   8140.3   0.02081
   8153.1   0.02018
   8165.9   0.01959
   8178.8   0.01902
   8191.7   0.01844
   8204.7   0.01795
   8217.7   0.01748
   8230.7   0.01704
   8243.8   0.01664
   8257.0   0.01627
   8270.1   0.01588
   8283.3   0.01556
   8296.6   0.01525
   8309.9   0.01501
   8323.2   0.01476
   8336.6   0.01450
   8350.0   0.01428
   8363.5   0.01407
   8377.0   0.01387
   8390.5   0.01375
   8404.2   0.01363
   8417.8   0.01357
   8431.5   0.01354
   8445.2   0.01350
   8459.0   0.01341
   8472.8   0.01337
   8486.7   0.01333
   8500.6   0.01334
   8514.5   0.01335
   8528.5   0.01335
   8542.6   0.01335
   8556.7   0.01341
   8570.8   0.01347
   8585.0   0.01356
   8599.3   0.01366
   8613.5   0.01379
   8627.9   0.01391
   8642.3   0.01407
   8656.7   0.01427
   8671.2   0.01450
   8685.7   0.01475
   8700.3   0.01509
   8714.9   0.01540
   8729.5   0.01577
   8744.3   0.01618
   8759.0   0.01664
   8773.9   0.01707
   8788.7   0.01754
   8803.7   0.01805
   8818.6   0.01857
   8833.7   0.01904
   8848.7   0.01951
   8863.8   0.01999
   8879.0   0.02051
   8894.3   0.02097
   8909.5   0.02144
   8924.9   0.02193
   8940.3   0.02240
   8955.7   0.02285
   8971.2   0.02330
   8986.8   0.02367
   9002.3   0.02402
   9018.0   0.02431
   9033.7   0.02459
   9049.5   0.02481
   9065.3   0.02497
   9081.2   0.02511
   9097.1   0.02525
   9113.1   0.02538
   9129.1   0.02550
   9145.2   0.02559
   9161.4   0.02566
   9177.6   0.02567
   9193.9   0.02569
   9210.2   0.02574
   9226.6   0.02581
   9243.0   0.02584
   9259.5   0.02588
   9276.1   0.02592
   9292.7   0.02596
   9309.4   0.02603
   9326.2   0.02610
   9343.0   0.02615
   9359.8   0.02620
   9376.8   0.02623
   9393.8   0.02631
   9410.8   0.02635
   9427.9   0.02637
   9445.1   0.02646
   9462.3   0.02651
   9479.6   0.02656
   9497.0   0.02668
   9514.4   0.02679
   9531.9   0.02689
   9549.4   0.02692
   9567.0   0.02699
   9584.7   0.02709
   9602.5   0.02714
   9620.3   0.02712
   9638.2   0.02718
   9656.1   0.02722
   9674.2   0.02720
   9692.2   0.02719
   9710.4   0.02727
   9728.6   0.02733
   9746.9   0.02740
   9765.2   0.02749
   9783.7   0.02757
   9802.2   0.02764
   9820.7   0.02770
   9839.4   0.02773
   9858.1   0.02777
   9876.8   0.02785
   9895.7   0.02792
   9914.6   0.02793
   9933.6   0.02795
   9952.7   0.02797
   9971.8   0.02800
   9991.0   0.02801
  10010.3   0.02804
  10029.7   0.02805
  10049.1   0.02801
  10068.6   0.02794
  10088.2   0.02793
  10107.9   0.02790
  10127.6   0.02783
  10147.5   0.02777
  10167.3   0.02774
  10187.3   0.02771
  10207.4   0.02771
  10227.5   0.02770
  10247.7   0.02780
  10268.0   0.02795
  10288.4   0.02815
  10308.8   0.02839
  10329.4   0.02865
  10350.0   0.02885
  10370.7   0.02901
  10391.5   0.02918
  10412.3   0.02928
  10433.3   0.02929
  10454.3   0.02925
  10475.4   0.02918
  10496.7   0.02909
  10517.9   0.02901
  10539.3   0.02904
  10560.8   0.02918
  10582.3   0.02945
  10604.0   0.02980
  10625.7   0.03020
  10647.5   0.03055
  10669.4   0.03092
  10691.4   0.03122
  10713.5   0.03142
  10735.7   0.03153
  10758.0   0.03168
  10780.3   0.03175
  10802.8   0.03170
  10825.4   0.03164
  10848.0   0.03158
  10870.8   0.03144
  10893.6   0.03133
  10916.5   0.03129
  10939.5   0.03122
  10962.7   0.03112
  10985.9   0.03114
  11009.2   0.03117
  11032.7   0.03125
  11056.2   0.03139
  11079.8   0.03152
  11103.5   0.03163
  11127.4   0.03175
  11151.3   0.03186
  11175.3   0.03199
  11199.5   0.03209
  11223.7   0.03219
  11248.0   0.03225
  11272.5   0.03233
  11297.1   0.03242
  11321.7   0.03241
  11346.5   0.03238
  11371.4   0.03235
  11396.4   0.03232
  11421.5   0.03227
  11446.7   0.03211
  11472.0   0.03193
  11497.5   0.03173
  11523.0   0.03146
  11548.7   0.03113
  11574.4   0.03087
  11600.3   0.03056
  11626.3   0.03019
  11652.5   0.02989
  11678.7   0.02967
  11705.1   0.02939
  11731.6   0.02919
  11758.2   0.02910
  11784.9   0.02898
  11811.7   0.02881
  11838.7   0.02866
  11865.8   0.02845
  11893.0   0.02827
  11920.3   0.02825
  11947.8   0.02840
  11975.4   0.02855
  12003.1   0.02877
  12031.0   0.02899
  12059.0   0.02918
  12087.1   0.02933
  12115.3   0.02944
  12143.7   0.02958
  12172.2   0.02969
  12200.8   0.02969
  12229.6   0.02966
  12258.5   0.02970
  12287.6   0.02977
  12316.8   0.02971
  12346.1   0.02951
  12375.5   0.02933
  12405.2   0.02915
  12434.9   0.02891
  12464.8   0.02858
  12494.8   0.02832
  12525.0   0.02806
  12555.3   0.02771
  12585.8   0.02741
  12616.4   0.02714
  12647.2   0.02691
  12678.1   0.02659
  12709.2   0.02623
  12740.4   0.02587
  12771.8   0.02551
  12803.3   0.02514
  12835.0   0.02483
  12866.9   0.02458
  12898.9   0.02435
  12931.1   0.02413
  12963.4   0.02390
  12995.9   0.02376
  13028.5   0.02359
  13061.3   0.02337
  13094.3   0.02321
  13127.5   0.02296
  13160.8   0.02280
  13194.3   0.02268
  13228.0   0.02254
  13261.8   0.02245
  13295.8   0.02228
  13330.0   0.02206
  13364.3   0.02192
  13398.8   0.02176
  13433.6   0.02154
  13468.5   0.02129
  13503.5   0.02100
  13538.8   0.02068
  13574.2   0.02042
  13609.9   0.02023
  13645.7   0.02020
  13681.7   0.02016
  13717.9   0.02015
  13754.3   0.02017
  13790.8   0.02021
  13827.6   0.02031
  13864.6   0.02042
  13901.8   0.02046
  13939.2   0.02052
  13976.7   0.02052
  14014.5   0.02044
  14052.5   0.02027
  14090.7   0.02013
  14129.0   0.01991
  14167.6   0.01963
  14206.5   0.01941
  14245.5   0.01921
  14284.7   0.01898
  14324.2   0.01880
  14363.9   0.01851
  14403.8   0.01822
  14443.9   0.01798
  14484.3   0.01775
  14524.8   0.01748
  14565.6   0.01716
  14606.7   0.01689
  14647.9   0.01667
  14689.4   0.01638
  14731.2   0.01613
  14773.1   0.01599
  14815.3   0.01591
  14857.8   0.01583
  14900.5   0.01573
  14943.4   0.01557
  14986.6   0.01551
  15030.0   0.01545
  15073.7   0.01541
  15117.7   0.01533
  15161.9   0.01528
  15206.3   0.01523
  15251.1   0.01514
  15296.1   0.01496
  15341.3   0.01490
  15386.8   0.01498
  15432.6   0.01518
  15478.7   0.01533
  15525.0   0.01561
  15571.7   0.01594
  15618.6   0.01621
  15665.8   0.01642
  15713.2   0.01665
  15761.0   0.01688
  15809.0   0.01722
  15857.4   0.01751
  15906.0   0.01766
  15955.0   0.01780
  16004.2   0.01802
  16053.8   0.01821
  16103.6   0.01831
  16153.8   0.01846
  16204.3   0.01866
  16255.1   0.01893
  16306.2   0.01920
  16357.6   0.01948
  16409.4   0.01993
  16461.5   0.02024
  16513.9   0.02063
  16566.7   0.02098
  16619.8   0.02135
  16673.2   0.02164
  16727.0   0.02188
  16781.1   0.02212
  16835.6   0.02237
  16890.5   0.02257
  16945.7   0.02292
  17001.2   0.02330
  17057.2   0.02368
  17113.4   0.02385
  17170.1   0.02407
  17227.2   0.02435
  17284.6   0.02456
  17342.4   0.02476
  17400.6   0.02507
  17459.2   0.02553
  17518.2   0.02599
  17577.5   0.02618
  17637.3   0.02652
  17697.5   0.02693
  17758.1   0.02741
  17819.2   0.02779
  17880.6   0.02807
  17942.5   0.02831
  18004.8   0.02861
  18067.5   0.02882
  18130.7   0.02917
  18194.3   0.02955
  18258.4   0.02986
  18322.9   0.03024
  18387.9   0.03076
  18453.3   0.03110
  18519.2   0.03145
  18585.6   0.03171
  18652.4   0.03187
  18719.8   0.03211
  18787.6   0.03245
  18855.9   0.03274
  18924.7   0.03293
  18994.1   0.03306
  19063.9   0.03329
  19134.2   0.03365
  19205.1   0.03402
  19276.5   0.03419
  19348.4   0.03433
  19420.9   0.03472
  19493.9   0.03512
  19567.5   0.03517
  19641.6   0.03513
  19716.3   0.03537
  19791.6   0.03542
  19867.4   0.03509
  19943.8   0.03499
  20020.8   0.03497
  20098.4   0.03482
  20176.6   0.03445
  20255.4   0.03429
  20334.8   0.03419
  20414.9   0.03393
  20495.6   0.03379
  20576.9   0.03401
  20658.9   0.03387
  20741.6   0.03344
  20824.8   0.03329
  20908.8   0.03337
  20993.4   0.03309
  21078.8   0.03242
  21164.8   0.03183
  21251.6   0.03168
  21339.0   0.03155
  21427.2   0.03139
  21516.1   0.03102
  21605.8   0.03063
  21696.2   0.03050
  21787.3   0.03043
  21879.3   0.03009
  21972.0   0.02957
  22065.5   0.02917
  22159.8   0.02902
  22254.9   0.02861
  22350.8   0.02820
  22447.5   0.02809
  22545.1   0.02796
  22643.6   0.02768
  22742.9   0.02740
  22843.1   0.02716
  22944.2   0.02729
  23046.2   0.02753
  23149.1   0.02754
  23252.9   0.02746
  23357.6   0.02761
  23463.3   0.02788
  23569.9   0.02821
  23677.6   0.02841
  23786.2   0.02845
  23895.8   0.02865
  24006.4   0.02894
  24118.1   0.02906
  24230.8   0.02917
  24344.5   0.02968
  24459.3   0.03038
  24575.3   0.03058
  24692.3   0.03073
  24810.4   0.03097
  24929.7   0.03120
  25050.1   0.03129
  25171.7   0.03149
  25294.6   0.03200
  25418.6   0.03263
  25543.8   0.03271
  25670.2   0.03267
  25797.9   0.03276
  25926.9   0.03293
  26057.2   0.03256
  26188.8   0.03223
  26321.7   0.03201
  26456.0   0.03180
  26591.7   0.03173
  26728.8   0.03187
  26867.2   0.03171
  27007.2   0.03176
  27148.6   0.03187
  27291.5   0.03165
  27435.9   0.03141
  27581.8   0.03138
  27729.3   0.03138
  27878.4   0.03125
  28029.1   0.03128
  28181.4   0.03160
  28335.4   0.03209
  28491.1   0.03234
  28648.5   0.03234
  28807.7   0.03282
  28968.6   0.03338
  29131.3   0.03362
  29296.0   0.03408
  29462.4   0.03461
  29630.8   0.03471
  29801.1   0.03481
  29973.3   0.03503
  30147.6   0.03535
  30323.9   0.03537
  30502.2   0.03547
  30682.7   0.03545
  30865.3   0.03515
  31050.2   0.03478
  31237.2   0.03484
  31426.5   0.03476
  31618.2   0.03466
  31812.2   0.03490
  32008.6   0.03482
  32207.4   0.03448
  32408.7   0.03462
  32612.5   0.03464
  32818.9   0.03501
  33027.9   0.03555
  33239.6   0.03551
  33454.1   0.03564
  33671.3   0.03543
  33891.4   0.03483
  34114.3   0.03461
  34340.3   0.03523
  34569.2   0.03541
  34801.3   0.03503
  35036.4   0.03437
  35274.7   0.03383
  35516.4   0.03450
  35761.3   0.03534
  36009.6   0.03568
  36261.4   0.03479
  36516.7   0.03435
  36775.7   0.03488
  37038.4   0.03524
  37304.9   0.03489
  37575.2   0.03409
  37849.5   0.03373
  38127.8   0.03392
  38410.3   0.03418
  38696.9   0.03418
  38987.9   0.03417
  39283.2   0.03467
  39583.1   0.03420
  39887.6   0.03359
  40196.8   0.03418
  40510.8   0.03504
  40829.8   0.03513
  41153.8   0.03589
  41483.0   0.03622
  41817.6   0.03585
  42157.5   0.03573
  42503.1   0.03609
  42854.4   0.03678
  43211.6   0.03698
  43574.7   0.03699
  43944.0   0.03759
  44319.6   0.03719
  44701.6   0.03667
  45090.3   0.03760
  45485.8   0.03775
  45888.3   0.03777
  46298.0   0.03766
  46715.1   0.03743
  47139.8   0.03690
  47572.3   0.03702
  48012.8   0.03810
  48461.6   0.03812
  48918.8   0.03791
  49384.7   0.03965
  49859.5   0.04008
  50343.6   0.03937
  50837.2   0.03886
  51340.5   0.03842
  51853.8   0.03847
  52377.6   0.03900
  52912.0   0.03871
  53457.5   0.03724
  54014.4   0.03794
  54582.9   0.03812
  55163.6   0.03774
  55756.9   0.03954
  56363.0   0.03997
  56982.3   0.03748
  57615.5   0.03542
  58262.8   0.03612
  58924.9   0.03795
  59602.2   0.03889
  60295.1   0.04152
  61004.4   0.04239
  61730.7   0.04116
  62474.4   0.03968
  63236.3   0.03809
  64017.0   0.03817
  64817.2   0.04116
  65637.9   0.04278
  66479.4   0.04413
  67342.8   0.04341
  68228.9   0.04352
  69138.6   0.04415
  70072.9   0.04574
  71032.8   0.04898
  72019.1   0.05063
  73033.5   0.05189
  74076.8   0.05208
  75150.4   0.05081
  76255.5   0.05360
  77393.7   0.05101
  78566.3   0.04616
  79775.4   0.04804
  81021.9   0.05165
  82307.9   0.05386
  83635.5   0.06589
  85006.5   0.10833
  86423.3   0.07129
  87888.1   0.05352
  89403.1   0.05951
  90971.5   0.06290
  92596.0   0.06315
  94279.6   0.06630
  96025.5   0.06220
  97837.3   0.05848
  99718.8   0.06267



 BIR1LS126           .ASC                        

 LS-GJT-126                                                              
 Apollo 15531,22 <150 um                                                 
 Connected at 3.65 & 19.5 um                                             

 Source Ang: 30.00   Detect Ang:  0.00  Volt: 1.222
 Date: 18-JUN-14   Time: 14:00:21
