  6171
    833.3   0.06448
    833.5   0.06561
    833.6   0.06506
    833.7   0.06405
    833.9   0.06457
    834.0   0.06530
    834.1   0.06472
    834.3   0.06449
    834.4   0.06432
    834.5   0.06341
    834.7   0.06327
    834.8   0.06419
    835.0   0.06565
    835.1   0.06625
    835.2   0.06514
    835.3   0.06541
    835.5   0.06555
    835.6   0.06510
    835.8   0.06531
    835.9   0.06567
    836.0   0.06529
    836.2   0.06518
    836.3   0.06600
    836.4   0.06554
    836.6   0.06366
    836.7   0.06393
    836.8   0.06378
    837.0   0.06353
    837.1   0.06497
    837.2   0.06567
    837.4   0.06506
    837.5   0.06498
    837.6   0.06545
    837.8   0.06506
    837.9   0.06470
    838.0   0.06543
    838.2   0.06537
    838.3   0.06423
    838.5   0.06411
    838.6   0.06385
    838.7   0.06433
    838.9   0.06417
    839.0   0.06412
    839.1   0.06502
    839.3   0.06447
    839.4   0.06399
    839.5   0.06565
    839.7   0.06681
    839.8   0.06579
    840.0   0.06413
    840.1   0.06279
    840.2   0.06451
    840.4   0.06501
    840.5   0.06478
    840.6   0.06414
    840.8   0.06415
    840.9   0.06545
    841.0   0.06490
    841.2   0.06401
    841.3   0.06441
    841.5   0.06500
    841.6   0.06510
    841.7   0.06414
    841.9   0.06449
    842.0   0.06528
    842.1   0.06487
    842.3   0.06488
    842.4   0.06471
    842.5   0.06342
    842.7   0.06333
    842.8   0.06453
    843.0   0.06473
    843.1   0.06388
    843.2   0.06444
    843.4   0.06463
    843.5   0.06369
    843.6   0.06319
    843.8   0.06329
    843.9   0.06427
    844.0   0.06552
    844.2   0.06497
    844.3   0.06462
    844.5   0.06561
    844.6   0.06555
    844.7   0.06592
    844.9   0.06578
    845.0   0.06560
    845.2   0.06532
    845.3   0.06410
    845.4   0.06426
    845.6   0.06437
    845.7   0.06410
    845.8   0.06515
    846.0   0.06534
    846.1   0.06509
    846.3   0.06509
    846.4   0.06505
    846.5   0.06479
    846.7   0.06462
    846.8   0.06422
    847.0   0.06355
    847.1   0.06367
    847.2   0.06390
    847.4   0.06476
    847.5   0.06494
    847.6   0.06424
    847.8   0.06403
    847.9   0.06305
    848.1   0.06289
    848.2   0.06342
    848.3   0.06353
    848.5   0.06395
    848.6   0.06421
    848.8   0.06475
    848.9   0.06520
    849.0   0.06502
    849.2   0.06425
    849.3   0.06424
    849.5   0.06402
    849.6   0.06454
    849.7   0.06549
    849.9   0.06562
    850.0   0.06448
    850.1   0.06306
    850.3   0.06254
    850.4   0.06255
    850.6   0.06231
    850.7   0.06322
    850.8   0.06408
    851.0   0.06431
    851.1   0.06430
    851.3   0.06390
    851.4   0.06385
    851.5   0.06340
    851.7   0.06331
    851.8   0.06390
    852.0   0.06406
    852.1   0.06398
    852.2   0.06457
    852.4   0.06456
    852.5   0.06462
    852.7   0.06489
    852.8   0.06485
    852.9   0.06412
    853.1   0.06468
    853.2   0.06509
    853.4   0.06497
    853.5   0.06587
    853.6   0.06596
    853.8   0.06425
    853.9   0.06303
    854.1   0.06310
    854.2   0.06385
    854.3   0.06420
    854.5   0.06446
    854.6   0.06468
    854.8   0.06393
    854.9   0.06327
    855.0   0.06399
    855.2   0.06434
    855.3   0.06472
    855.5   0.06541
    855.6   0.06508
    855.8   0.06457
    855.9   0.06474
    856.0   0.06448
    856.2   0.06357
    856.3   0.06330
    856.5   0.06406
    856.6   0.06494
    856.8   0.06539
    856.9   0.06506
    857.0   0.06362
    857.2   0.06331
    857.3   0.06378
    857.5   0.06458
    857.6   0.06442
    857.7   0.06410
    857.9   0.06396
    858.0   0.06431
    858.2   0.06430
    858.3   0.06338
    858.5   0.06325
    858.6   0.06418
    858.7   0.06442
    858.9   0.06407
    859.0   0.06444
    859.2   0.06453
    859.3   0.06408
    859.4   0.06412
    859.6   0.06396
    859.7   0.06392
    859.9   0.06477
    860.0   0.06543
    860.2   0.06561
    860.3   0.06461
    860.4   0.06402
    860.6   0.06436
    860.7   0.06466
    860.9   0.06460
    861.0   0.06419
    861.2   0.06446
    861.3   0.06469
    861.4   0.06475
    861.6   0.06431
    861.7   0.06486
    861.9   0.06529
    862.0   0.06554
    862.2   0.06500
    862.3   0.06452
    862.5   0.06488
    862.6   0.06440
    862.7   0.06419
    862.9   0.06425
    863.0   0.06387
    863.2   0.06448
    863.3   0.06485
    863.5   0.06367
    863.6   0.06349
    863.7   0.06450
    863.9   0.06469
    864.0   0.06430
    864.2   0.06414
    864.3   0.06377
    864.5   0.06408
    864.6   0.06489
    864.8   0.06441
    864.9   0.06332
    865.0   0.06381
    865.2   0.06388
    865.3   0.06306
    865.5   0.06336
    865.6   0.06353
    865.8   0.06382
    865.9   0.06457
    866.0   0.06469
    866.2   0.06461
    866.3   0.06438
    866.5   0.06446
    866.6   0.06447
    866.8   0.06441
    866.9   0.06406
    867.1   0.06348
    867.2   0.06326
    867.3   0.06307
    867.5   0.06333
    867.6   0.06395
    867.8   0.06455
    867.9   0.06444
    868.1   0.06434
    868.2   0.06469
    868.4   0.06441
    868.5   0.06346
    868.7   0.06406
    868.8   0.06414
    869.0   0.06401
    869.1   0.06472
    869.2   0.06463
    869.4   0.06419
    869.5   0.06435
    869.7   0.06450
    869.8   0.06473
    870.0   0.06421
    870.1   0.06398
    870.3   0.06424
    870.4   0.06389
    870.6   0.06326
    870.7   0.06355
    870.8   0.06413
    871.0   0.06441
    871.1   0.06424
    871.3   0.06463
    871.4   0.06454
    871.6   0.06405
    871.7   0.06372
    871.9   0.06355
    872.0   0.06389
    872.2   0.06463
    872.3   0.06375
    872.5   0.06334
    872.6   0.06399
    872.8   0.06417
    872.9   0.06385
    873.0   0.06387
    873.2   0.06419
    873.3   0.06497
    873.5   0.06519
    873.6   0.06480
    873.8   0.06489
    873.9   0.06512
    874.1   0.06429
    874.2   0.06442
    874.4   0.06422
    874.5   0.06390
    874.7   0.06420
    874.8   0.06439
    875.0   0.06440
    875.1   0.06416
    875.3   0.06443
    875.4   0.06411
    875.5   0.06397
    875.7   0.06380
    875.8   0.06342
    876.0   0.06351
    876.2   0.06397
    876.3   0.06442
    876.4   0.06473
    876.6   0.06449
    876.7   0.06447
    876.9   0.06460
    877.0   0.06374
    877.2   0.06351
    877.3   0.06401
    877.5   0.06377
    877.6   0.06357
    877.8   0.06387
    877.9   0.06444
    878.1   0.06477
    878.2   0.06447
    878.4   0.06340
    878.5   0.06322
    878.7   0.06372
    878.8   0.06458
    879.0   0.06487
    879.1   0.06469
    879.3   0.06468
    879.4   0.06375
    879.6   0.06305
    879.7   0.06389
    879.9   0.06408
    880.0   0.06375
    880.2   0.06387
    880.3   0.06383
    880.5   0.06459
    880.6   0.06481
    880.8   0.06373
    880.9   0.06322
    881.1   0.06342
    881.2   0.06362
    881.4   0.06372
    881.5   0.06378
    881.7   0.06362
    881.8   0.06344
    882.0   0.06351
    882.1   0.06323
    882.3   0.06320
    882.4   0.06375
    882.6   0.06371
    882.7   0.06343
    882.9   0.06365
    883.0   0.06407
    883.2   0.06409
    883.3   0.06390
    883.5   0.06396
    883.6   0.06376
    883.8   0.06380
    883.9   0.06400
    884.1   0.06437
    884.2   0.06404
    884.4   0.06369
    884.5   0.06338
    884.7   0.06440
    884.8   0.06447
    885.0   0.06357
    885.1   0.06304
    885.3   0.06337
    885.4   0.06373
    885.6   0.06400
    885.7   0.06396
    885.9   0.06392
    886.0   0.06415
    886.2   0.06403
    886.3   0.06364
    886.5   0.06382
    886.6   0.06389
    886.8   0.06360
    886.9   0.06330
    887.1   0.06355
    887.2   0.06394
    887.4   0.06362
    887.5   0.06365
    887.7   0.06359
    887.8   0.06429
    888.0   0.06449
    888.2   0.06359
    888.3   0.06305
    888.5   0.06394
    888.6   0.06409
    888.8   0.06315
    888.9   0.06320
    889.1   0.06300
    889.2   0.06286
    889.4   0.06338
    889.5   0.06376
    889.7   0.06335
    889.8   0.06324
    890.0   0.06338
    890.1   0.06331
    890.3   0.06337
    890.4   0.06324
    890.6   0.06366
    890.8   0.06382
    890.9   0.06352
    891.0   0.06352
    891.2   0.06348
    891.4   0.06344
    891.5   0.06353
    891.7   0.06336
    891.8   0.06386
    892.0   0.06395
    892.1   0.06356
    892.3   0.06374
    892.4   0.06403
    892.6   0.06410
    892.7   0.06410
    892.9   0.06400
    893.0   0.06368
    893.2   0.06363
    893.4   0.06355
    893.5   0.06348
    893.7   0.06367
    893.8   0.06401
    894.0   0.06365
    894.1   0.06359
    894.3   0.06355
    894.4   0.06341
    894.6   0.06348
    894.7   0.06363
    894.9   0.06420
    895.0   0.06448
    895.2   0.06420
    895.4   0.06391
    895.5   0.06371
    895.7   0.06353
    895.8   0.06378
    896.0   0.06399
    896.1   0.06408
    896.3   0.06360
    896.4   0.06375
    896.6   0.06444
    896.8   0.06413
    896.9   0.06377
    897.1   0.06404
    897.2   0.06396
    897.4   0.06409
    897.5   0.06430
    897.7   0.06373
    897.8   0.06323
    898.0   0.06309
    898.2   0.06291
    898.3   0.06385
    898.5   0.06421
    898.6   0.06356
    898.8   0.06346
    898.9   0.06365
    899.1   0.06315
    899.2   0.06327
    899.4   0.06377
    899.6   0.06435
    899.7   0.06407
    899.9   0.06369
    900.0   0.06400
    900.2   0.06369
    900.3   0.06322
    900.5   0.06333
    900.7   0.06301
    900.8   0.06308
    901.0   0.06329
    901.1   0.06341
    901.3   0.06356
    901.4   0.06351
    901.6   0.06300
    901.8   0.06279
    901.9   0.06327
    902.1   0.06359
    902.2   0.06396
    902.4   0.06431
    902.5   0.06387
    902.7   0.06366
    902.8   0.06370
    903.0   0.06361
    903.2   0.06397
    903.3   0.06369
    903.5   0.06318
    903.6   0.06381
    903.8   0.06385
    904.0   0.06362
    904.1   0.06357
    904.3   0.06385
    904.4   0.06388
    904.6   0.06380
    904.7   0.06379
    904.9   0.06330
    905.0   0.06326
    905.2   0.06310
    905.4   0.06311
    905.5   0.06316
    905.7   0.06341
    905.8   0.06422
    906.0   0.06403
    906.2   0.06338
    906.3   0.06351
    906.5   0.06337
    906.6   0.06361
    906.8   0.06374
    907.0   0.06345
    907.1   0.06330
    907.3   0.06348
    907.4   0.06346
    907.6   0.06365
    907.7   0.06445
    907.9   0.06422
    908.1   0.06305
    908.2   0.06262
    908.4   0.06325
    908.5   0.06373
    908.7   0.06365
    908.9   0.06360
    909.0   0.06335
    909.2   0.06328
    909.3   0.06338
    909.5   0.06332
    909.7   0.06356
    909.8   0.06387
    910.0   0.06386
    910.1   0.06337
    910.3   0.06289
    910.5   0.06291
    910.6   0.06311
    910.8   0.06338
    910.9   0.06319
    911.1   0.06320
    911.3   0.06307
    911.4   0.06299
    911.6   0.06323
    911.7   0.06306
    911.9   0.06278
    912.1   0.06267
    912.2   0.06300
    912.4   0.06306
    912.5   0.06304
    912.7   0.06308
    912.9   0.06330
    913.0   0.06346
    913.2   0.06316
    913.3   0.06273
    913.5   0.06296
    913.7   0.06316
    913.8   0.06300
    914.0   0.06342
    914.2   0.06365
    914.3   0.06323
    914.5   0.06301
    914.6   0.06317
    914.8   0.06317
    915.0   0.06337
    915.1   0.06362
    915.3   0.06370
    915.4   0.06387
    915.6   0.06378
    915.8   0.06341
    915.9   0.06307
    916.1   0.06312
    916.3   0.06314
    916.4   0.06329
    916.6   0.06356
    916.7   0.06341
    916.9   0.06333
    917.1   0.06344
    917.2   0.06326
    917.4   0.06311
    917.5   0.06302
    917.7   0.06294
    917.9   0.06343
    918.0   0.06311
    918.2   0.06280
    918.4   0.06304
    918.5   0.06332
    918.7   0.06328
    918.8   0.06293
    919.0   0.06262
    919.2   0.06292
    919.3   0.06341
    919.5   0.06350
    919.7   0.06341
    919.8   0.06363
    920.0   0.06368
    920.2   0.06332
    920.3   0.06306
    920.5   0.06354
    920.6   0.06357
    920.8   0.06315
    921.0   0.06332
    921.1   0.06367
    921.3   0.06322
    921.5   0.06313
    921.6   0.06314
    921.8   0.06292
    922.0   0.06327
    922.1   0.06350
    922.3   0.06327
    922.4   0.06313
    922.6   0.06307
    922.8   0.06320
    922.9   0.06324
    923.1   0.06336
    923.3   0.06375
    923.4   0.06376
    923.6   0.06327
    923.8   0.06289
    923.9   0.06317
    924.1   0.06359
    924.3   0.06338
    924.4   0.06323
    924.6   0.06322
    924.7   0.06351
    924.9   0.06373
    925.1   0.06357
    925.2   0.06318
    925.4   0.06303
    925.6   0.06344
    925.7   0.06409
    925.9   0.06394
    926.1   0.06358
    926.2   0.06315
    926.4   0.06302
    926.6   0.06318
    926.7   0.06314
    926.9   0.06310
    927.1   0.06340
    927.2   0.06377
    927.4   0.06361
    927.6   0.06349
    927.7   0.06336
    927.9   0.06353
    928.0   0.06391
    928.2   0.06368
    928.4   0.06330
    928.5   0.06331
    928.7   0.06361
    928.9   0.06354
    929.0   0.06342
    929.2   0.06308
    929.4   0.06313
    929.5   0.06325
    929.7   0.06335
    929.9   0.06374
    930.0   0.06418
    930.2   0.06397
    930.4   0.06359
    930.5   0.06342
    930.7   0.06355
    930.9   0.06378
    931.0   0.06392
    931.2   0.06411
    931.4   0.06405
    931.6   0.06373
    931.7   0.06351
    931.9   0.06358
    932.1   0.06349
    932.2   0.06374
    932.4   0.06379
    932.6   0.06348
    932.7   0.06298
    932.9   0.06283
    933.1   0.06311
    933.2   0.06330
    933.4   0.06329
    933.6   0.06330
    933.7   0.06321
    933.9   0.06323
    934.1   0.06336
    934.2   0.06370
    934.4   0.06382
    934.6   0.06358
    934.8   0.06351
    934.9   0.06366
    935.1   0.06354
    935.3   0.06329
    935.4   0.06320
    935.6   0.06334
    935.8   0.06341
    935.9   0.06307
    936.1   0.06305
    936.3   0.06335
    936.4   0.06345
    936.6   0.06343
    936.8   0.06345
    936.9   0.06315
    937.1   0.06344
    937.3   0.06367
    937.5   0.06338
    937.6   0.06352
    937.8   0.06375
    938.0   0.06360
    938.1   0.06363
    938.3   0.06340
    938.5   0.06324
    938.6   0.06336
    938.8   0.06323
    939.0   0.06332
    939.2   0.06341
    939.3   0.06343
    939.5   0.06327
    939.7   0.06322
    939.8   0.06333
    940.0   0.06334
    940.2   0.06339
    940.3   0.06331
    940.5   0.06310
    940.7   0.06320
    940.8   0.06340
    941.0   0.06353
    941.2   0.06373
    941.4   0.06377
    941.5   0.06384
    941.7   0.06386
    941.9   0.06361
    942.0   0.06341
    942.2   0.06372
    942.4   0.06391
    942.6   0.06378
    942.7   0.06368
    942.9   0.06369
    943.1   0.06367
    943.3   0.06382
    943.4   0.06381
    943.6   0.06359
    943.8   0.06364
    943.9   0.06353
    944.1   0.06384
    944.3   0.06425
    944.5   0.06397
    944.6   0.06340
    944.8   0.06318
    945.0   0.06336
    945.1   0.06389
    945.3   0.06386
    945.5   0.06357
    945.7   0.06383
    945.8   0.06367
    946.0   0.06358
    946.2   0.06358
    946.3   0.06363
    946.5   0.06358
    946.7   0.06334
    946.9   0.06338
    947.0   0.06346
    947.2   0.06329
    947.4   0.06340
    947.6   0.06359
    947.7   0.06394
    947.9   0.06392
    948.1   0.06338
    948.3   0.06337
    948.4   0.06407
    948.6   0.06439
    948.8   0.06393
    949.0   0.06372
    949.1   0.06381
    949.3   0.06355
    949.5   0.06353
    949.6   0.06364
    949.8   0.06363
    950.0   0.06368
    950.2   0.06370
    950.3   0.06367
    950.5   0.06370
    950.7   0.06371
    950.9   0.06361
    951.0   0.06368
    951.2   0.06358
    951.4   0.06350
    951.6   0.06360
    951.7   0.06366
    951.9   0.06390
    952.1   0.06395
    952.3   0.06365
    952.4   0.06355
    952.6   0.06342
    952.8   0.06335
    953.0   0.06376
    953.1   0.06393
    953.3   0.06369
    953.5   0.06345
    953.7   0.06356
    953.8   0.06354
    954.0   0.06340
    954.2   0.06374
    954.4   0.06387
    954.5   0.06376
    954.7   0.06350
    954.9   0.06361
    955.1   0.06390
    955.2   0.06374
    955.4   0.06372
    955.6   0.06369
    955.8   0.06356
    956.0   0.06347
    956.1   0.06378
    956.3   0.06394
    956.5   0.06392
    956.7   0.06405
    956.8   0.06397
    957.0   0.06379
    957.2   0.06369
    957.4   0.06340
    957.5   0.06363
    957.7   0.06412
    957.9   0.06413
    958.1   0.06382
    958.2   0.06370
    958.4   0.06388
    958.6   0.06407
    958.8   0.06385
    959.0   0.06380
    959.1   0.06409
    959.3   0.06400
    959.5   0.06385
    959.7   0.06387
    959.8   0.06395
    960.0   0.06404
    960.2   0.06417
    960.4   0.06394
    960.5   0.06356
    960.7   0.06360
    960.9   0.06388
    961.1   0.06411
    961.3   0.06409
    961.4   0.06413
    961.6   0.06387
    961.8   0.06376
    962.0   0.06407
    962.2   0.06411
    962.3   0.06386
    962.5   0.06376
    962.7   0.06380
    962.9   0.06396
    963.0   0.06406
    963.2   0.06403
    963.4   0.06402
    963.6   0.06419
    963.8   0.06430
    963.9   0.06431
    964.1   0.06430
    964.3   0.06432
    964.5   0.06411
    964.7   0.06390
    964.8   0.06366
    965.0   0.06383
    965.2   0.06411
    965.4   0.06407
    965.6   0.06410
    965.7   0.06434
    965.9   0.06427
    966.1   0.06424
    966.3   0.06444
    966.5   0.06452
    966.6   0.06441
    966.8   0.06416
    967.0   0.06406
    967.2   0.06408
    967.4   0.06406
    967.5   0.06402
    967.7   0.06399
    967.9   0.06394
    968.1   0.06417
    968.3   0.06431
    968.4   0.06425
    968.6   0.06412
    968.8   0.06405
    969.0   0.06391
    969.2   0.06384
    969.3   0.06383
    969.5   0.06396
    969.7   0.06412
    969.9   0.06421
    970.1   0.06436
    970.3   0.06431
    970.4   0.06423
    970.6   0.06393
    970.8   0.06374
    971.0   0.06400
    971.2   0.06432
    971.3   0.06422
    971.5   0.06404
    971.7   0.06416
    971.9   0.06409
    972.1   0.06397
    972.3   0.06431
    972.4   0.06429
    972.6   0.06403
    972.8   0.06404
    973.0   0.06418
    973.2   0.06429
    973.3   0.06425
    973.5   0.06426
    973.7   0.06430
    973.9   0.06435
    974.1   0.06430
    974.3   0.06423
    974.5   0.06399
    974.6   0.06421
    974.8   0.06453
    975.0   0.06458
    975.2   0.06467
    975.4   0.06464
    975.5   0.06431
    975.7   0.06423
    975.9   0.06431
    976.1   0.06441
    976.3   0.06470
    976.5   0.06473
    976.7   0.06456
    976.8   0.06472
    977.0   0.06462
    977.2   0.06455
    977.4   0.06466
    977.6   0.06457
    977.8   0.06441
    977.9   0.06445
    978.1   0.06455
    978.3   0.06439
    978.5   0.06433
    978.7   0.06460
    978.9   0.06457
    979.0   0.06422
    979.2   0.06412
    979.4   0.06413
    979.6   0.06431
    979.8   0.06443
    980.0   0.06448
    980.2   0.06432
    980.3   0.06424
    980.5   0.06439
    980.7   0.06473
    980.9   0.06483
    981.1   0.06448
    981.3   0.06462
    981.5   0.06475
    981.7   0.06448
    981.8   0.06444
    982.0   0.06455
    982.2   0.06451
    982.4   0.06463
    982.6   0.06476
    982.8   0.06461
    983.0   0.06452
    983.1   0.06444
    983.3   0.06463
    983.5   0.06488
    983.7   0.06504
    983.9   0.06504
    984.1   0.06466
    984.3   0.06424
    984.4   0.06412
    984.6   0.06443
    984.8   0.06478
    985.0   0.06479
    985.2   0.06458
    985.4   0.06469
    985.6   0.06477
    985.8   0.06467
    985.9   0.06449
    986.1   0.06471
    986.3   0.06487
    986.5   0.06485
    986.7   0.06470
    986.9   0.06474
    987.1   0.06487
    987.3   0.06482
    987.4   0.06487
    987.6   0.06492
    987.8   0.06492
    988.0   0.06503
    988.2   0.06495
    988.4   0.06481
    988.6   0.06470
    988.8   0.06471
    989.0   0.06467
    989.1   0.06480
    989.3   0.06466
    989.5   0.06442
    989.7   0.06463
    989.9   0.06499
    990.1   0.06497
    990.3   0.06487
    990.5   0.06502
    990.7   0.06508
    990.8   0.06487
    991.0   0.06468
    991.2   0.06484
    991.4   0.06507
    991.6   0.06491
    991.8   0.06487
    992.0   0.06499
    992.2   0.06480
    992.4   0.06472
    992.5   0.06494
    992.7   0.06496
    992.9   0.06505
    993.1   0.06526
    993.3   0.06513
    993.5   0.06503
    993.7   0.06516
    993.9   0.06503
    994.1   0.06487
    994.3   0.06498
    994.5   0.06508
    994.6   0.06492
    994.8   0.06487
    995.0   0.06491
    995.2   0.06490
    995.4   0.06507
    995.6   0.06502
    995.8   0.06501
    996.0   0.06509
    996.2   0.06510
    996.4   0.06509
    996.5   0.06520
    996.7   0.06513
    996.9   0.06501
    997.1   0.06507
    997.3   0.06526
    997.5   0.06541
    997.7   0.06537
    997.9   0.06531
    998.1   0.06517
    998.3   0.06503
    998.5   0.06497
    998.7   0.06515
    998.9   0.06523
    999.0   0.06530
    999.2   0.06541
    999.4   0.06537
    999.6   0.06523
    999.8   0.06513
   1000.0   0.06525
   1000.2   0.06548
   1000.4   0.06541
   1000.6   0.06519
   1000.8   0.06519
   1001.0   0.06529
   1001.2   0.06531
   1001.4   0.06512
   1001.6   0.06512
   1001.8   0.06522
   1001.9   0.06516
   1002.1   0.06510
   1002.3   0.06523
   1002.5   0.06534
   1002.7   0.06541
   1002.9   0.06563
   1003.1   0.06576
   1003.3   0.06559
   1003.5   0.06534
   1003.7   0.06525
   1003.9   0.06528
   1004.1   0.06555
   1004.3   0.06569
   1004.5   0.06565
   1004.7   0.06559
   1004.9   0.06547
   1005.0   0.06528
   1005.3   0.06525
   1005.4   0.06554
   1005.6   0.06569
   1005.8   0.06569
   1006.0   0.06571
   1006.2   0.06584
   1006.4   0.06580
   1006.6   0.06560
   1006.8   0.06545
   1007.0   0.06545
   1007.2   0.06557
   1007.4   0.06555
   1007.6   0.06582
   1007.8   0.06594
   1008.0   0.06568
   1008.2   0.06563
   1008.4   0.06553
   1008.6   0.06547
   1008.8   0.06536
   1009.0   0.06547
   1009.2   0.06560
   1009.4   0.06571
   1009.5   0.06568
   1009.8   0.06573
   1010.0   0.06585
   1010.1   0.06593
   1010.3   0.06582
   1010.5   0.06589
   1010.7   0.06588
   1010.9   0.06576
   1011.1   0.06576
   1011.3   0.06577
   1011.5   0.06577
   1011.7   0.06588
   1011.9   0.06607
   1012.1   0.06605
   1012.3   0.06563
   1012.5   0.06552
   1012.7   0.06577
   1012.9   0.06578
   1013.1   0.06578
   1013.3   0.06595
   1013.5   0.06597
   1013.7   0.06593
   1013.9   0.06587
   1014.1   0.06581
   1014.3   0.06560
   1014.5   0.06581
   1014.7   0.06625
   1014.9   0.06615
   1015.1   0.06579
   1015.3   0.06572
   1015.5   0.06566
   1015.7   0.06571
   1015.9   0.06588
   1016.1   0.06596
   1016.3   0.06592
   1016.5   0.06601
   1016.7   0.06617
   1016.9   0.06618
   1017.1   0.06619
   1017.3   0.06617
   1017.5   0.06609
   1017.7   0.06588
   1017.9   0.06576
   1018.1   0.06586
   1018.3   0.06616
   1018.5   0.06641
   1018.7   0.06644
   1018.9   0.06646
   1019.1   0.06632
   1019.3   0.06618
   1019.5   0.06627
   1019.7   0.06626
   1019.9   0.06614
   1020.1   0.06601
   1020.3   0.06593
   1020.5   0.06595
   1020.7   0.06596
   1020.9   0.06588
   1021.1   0.06607
   1021.3   0.06626
   1021.5   0.06613
   1021.7   0.06619
   1021.9   0.06623
   1022.1   0.06626
   1022.3   0.06633
   1022.5   0.06639
   1022.7   0.06631
   1022.9   0.06612
   1023.1   0.06612
   1023.3   0.06635
   1023.5   0.06649
   1023.7   0.06625
   1023.9   0.06630
   1024.1   0.06644
   1024.3   0.06623
   1024.5   0.06625
   1024.7   0.06630
   1024.9   0.06633
   1025.1   0.06635
   1025.3   0.06625
   1025.5   0.06643
   1025.7   0.06649
   1025.9   0.06632
   1026.1   0.06623
   1026.3   0.06643
   1026.5   0.06659
   1026.8   0.06665
   1026.9   0.06668
   1027.2   0.06656
   1027.4   0.06662
   1027.6   0.06659
   1027.8   0.06652
   1028.0   0.06650
   1028.2   0.06641
   1028.4   0.06638
   1028.6   0.06651
   1028.8   0.06660
   1029.0   0.06666
   1029.2   0.06662
   1029.4   0.06662
   1029.6   0.06662
   1029.8   0.06659
   1030.0   0.06667
   1030.2   0.06671
   1030.4   0.06662
   1030.6   0.06667
   1030.8   0.06672
   1031.0   0.06666
   1031.2   0.06683
   1031.4   0.06685
   1031.7   0.06676
   1031.8   0.06676
   1032.1   0.06686
   1032.3   0.06689
   1032.5   0.06682
   1032.7   0.06677
   1032.9   0.06667
   1033.1   0.06667
   1033.3   0.06691
   1033.5   0.06696
   1033.7   0.06676
   1033.9   0.06668
   1034.1   0.06697
   1034.3   0.06702
   1034.5   0.06680
   1034.7   0.06685
   1034.9   0.06695
   1035.2   0.06681
   1035.4   0.06679
   1035.6   0.06683
   1035.8   0.06688
   1036.0   0.06679
   1036.2   0.06671
   1036.4   0.06692
   1036.6   0.06706
   1036.8   0.06707
   1037.0   0.06706
   1037.2   0.06697
   1037.4   0.06707
   1037.6   0.06710
   1037.8   0.06722
   1038.1   0.06722
   1038.3   0.06707
   1038.5   0.06707
   1038.7   0.06710
   1038.9   0.06718
   1039.1   0.06733
   1039.3   0.06727
   1039.5   0.06714
   1039.7   0.06710
   1039.9   0.06716
   1040.1   0.06733
   1040.3   0.06741
   1040.6   0.06733
   1040.8   0.06724
   1041.0   0.06724
   1041.2   0.06731
   1041.4   0.06747
   1041.6   0.06747
   1041.8   0.06734
   1042.0   0.06732
   1042.2   0.06743
   1042.4   0.06740
   1042.6   0.06728
   1042.8   0.06728
   1043.1   0.06733
   1043.3   0.06742
   1043.5   0.06740
   1043.7   0.06754
   1043.9   0.06758
   1044.1   0.06745
   1044.3   0.06751
   1044.5   0.06747
   1044.8   0.06747
   1045.0   0.06761
   1045.2   0.06759
   1045.4   0.06750
   1045.6   0.06756
   1045.8   0.06768
   1046.0   0.06763
   1046.2   0.06746
   1046.4   0.06745
   1046.6   0.06752
   1046.9   0.06763
   1047.1   0.06779
   1047.3   0.06772
   1047.5   0.06753
   1047.7   0.06762
   1047.9   0.06776
   1048.1   0.06762
   1048.3   0.06749
   1048.6   0.06777
   1048.8   0.06783
   1049.0   0.06779
   1049.2   0.06776
   1049.4   0.06768
   1049.6   0.06778
   1049.8   0.06796
   1050.0   0.06782
   1050.3   0.06762
   1050.5   0.06755
   1050.7   0.06764
   1050.9   0.06767
   1051.1   0.06765
   1051.3   0.06766
   1051.5   0.06779
   1051.7   0.06768
   1051.9   0.06758
   1052.2   0.06776
   1052.4   0.06788
   1052.6   0.06785
   1052.8   0.06790
   1053.0   0.06806
   1053.2   0.06800
   1053.4   0.06793
   1053.7   0.06784
   1053.9   0.06791
   1054.1   0.06799
   1054.3   0.06803
   1054.5   0.06820
   1054.7   0.06832
   1054.9   0.06828
   1055.2   0.06820
   1055.4   0.06800
   1055.6   0.06791
   1055.8   0.06818
   1056.0   0.06823
   1056.2   0.06810
   1056.4   0.06815
   1056.7   0.06833
   1056.9   0.06825
   1057.1   0.06823
   1057.3   0.06824
   1057.5   0.06823
   1057.8   0.06821
   1058.0   0.06823
   1058.2   0.06806
   1058.4   0.06800
   1058.6   0.06819
   1058.8   0.06831
   1059.0   0.06829
   1059.3   0.06836
   1059.5   0.06829
   1059.7   0.06816
   1059.9   0.06820
   1060.1   0.06837
   1060.3   0.06847
   1060.6   0.06851
   1060.8   0.06851
   1061.0   0.06840
   1061.2   0.06845
   1061.4   0.06853
   1061.7   0.06855
   1061.9   0.06861
   1062.1   0.06863
   1062.3   0.06847
   1062.5   0.06841
   1062.7   0.06845
   1062.9   0.06851
   1063.2   0.06855
   1063.4   0.06868
   1063.6   0.06865
   1063.8   0.06849
   1064.0   0.06855
   1064.3   0.06874
   1064.5   0.06881
   1064.7   0.06883
   1064.9   0.06874
   1065.1   0.06860
   1065.3   0.06855
   1065.6   0.06863
   1065.8   0.06870
   1066.0   0.06870
   1066.2   0.06882
   1066.4   0.06885
   1066.7   0.06864
   1066.9   0.06862
   1067.1   0.06885
   1067.3   0.06895
   1067.6   0.06889
   1067.8   0.06882
   1068.0   0.06879
   1068.2   0.06882
   1068.4   0.06904
   1068.7   0.06895
   1068.9   0.06873
   1069.1   0.06880
   1069.3   0.06887
   1069.5   0.06882
   1069.8   0.06869
   1070.0   0.06882
   1070.2   0.06895
   1070.4   0.06895
   1070.6   0.06912
   1070.8   0.06918
   1071.1   0.06910
   1071.3   0.06904
   1071.5   0.06914
   1071.7   0.06914
   1072.0   0.06911
   1072.2   0.06917
   1072.4   0.06911
   1072.6   0.06914
   1072.8   0.06928
   1073.1   0.06931
   1073.3   0.06917
   1073.5   0.06912
   1073.7   0.06912
   1074.0   0.06923
   1074.2   0.06937
   1074.4   0.06929
   1074.6   0.06926
   1074.8   0.06929
   1075.1   0.06927
   1075.3   0.06931
   1075.5   0.06944
   1075.7   0.06940
   1076.0   0.06943
   1076.2   0.06953
   1076.4   0.06942
   1076.6   0.06931
   1076.9   0.06934
   1077.1   0.06935
   1077.3   0.06927
   1077.5   0.06928
   1077.8   0.06935
   1078.0   0.06946
   1078.2   0.06949
   1078.4   0.06963
   1078.7   0.06968
   1078.9   0.06951
   1079.1   0.06945
   1079.3   0.06954
   1079.6   0.06974
   1079.8   0.06975
   1080.0   0.06964
   1080.2   0.06958
   1080.4   0.06963
   1080.7   0.06976
   1080.9   0.06978
   1081.1   0.06986
   1081.3   0.06987
   1081.6   0.06976
   1081.8   0.06984
   1082.0   0.06994
   1082.3   0.06988
   1082.5   0.06989
   1082.7   0.06999
   1082.9   0.07004
   1083.2   0.06990
   1083.4   0.06994
   1083.6   0.06992
   1083.8   0.06985
   1084.1   0.06987
   1084.3   0.06986
   1084.5   0.06995
   1084.8   0.07001
   1085.0   0.06999
   1085.2   0.07001
   1085.4   0.07010
   1085.7   0.07006
   1085.9   0.07003
   1086.1   0.07006
   1086.3   0.06996
   1086.6   0.07002
   1086.8   0.07009
   1087.0   0.07006
   1087.3   0.07008
   1087.5   0.07016
   1087.7   0.07017
   1087.9   0.07014
   1088.2   0.07011
   1088.4   0.07019
   1088.6   0.07018
   1088.8   0.07015
   1089.1   0.07013
   1089.3   0.07010
   1089.5   0.07011
   1089.8   0.07019
   1090.0   0.07023
   1090.2   0.07027
   1090.4   0.07038
   1090.7   0.07051
   1090.9   0.07047
   1091.1   0.07039
   1091.4   0.07041
   1091.6   0.07043
   1091.8   0.07040
   1092.1   0.07047
   1092.3   0.07048
   1092.5   0.07054
   1092.8   0.07056
   1093.0   0.07053
   1093.2   0.07052
   1093.4   0.07047
   1093.7   0.07051
   1093.9   0.07049
   1094.1   0.07051
   1094.4   0.07055
   1094.6   0.07058
   1094.8   0.07057
   1095.1   0.07054
   1095.3   0.07052
   1095.5   0.07068
   1095.8   0.07067
   1096.0   0.07047
   1096.2   0.07047
   1096.4   0.07056
   1096.7   0.07057
   1096.9   0.07059
   1097.1   0.07071
   1097.4   0.07076
   1097.6   0.07081
   1097.8   0.07092
   1098.1   0.07097
   1098.3   0.07097
   1098.5   0.07092
   1098.8   0.07086
   1099.0   0.07092
   1099.2   0.07090
   1099.5   0.07084
   1099.7   0.07082
   1099.9   0.07080
   1100.2   0.07085
   1100.4   0.07094
   1100.6   0.07104
   1100.9   0.07111
   1101.1   0.07108
   1101.3   0.07099
   1101.6   0.07098
   1101.8   0.07117
   1102.0   0.07110
   1102.3   0.07107
   1102.5   0.07117
   1102.7   0.07120
   1103.0   0.07116
   1103.2   0.07108
   1103.4   0.07110
   1103.7   0.07111
   1103.9   0.07115
   1104.2   0.07125
   1104.4   0.07142
   1104.6   0.07145
   1104.9   0.07131
   1105.1   0.07130
   1105.3   0.07129
   1105.6   0.07122
   1105.8   0.07124
   1106.0   0.07140
   1106.3   0.07150
   1106.5   0.07153
   1106.7   0.07152
   1107.0   0.07127
   1107.2   0.07125
   1107.4   0.07144
   1107.7   0.07148
   1107.9   0.07142
   1108.2   0.07146
   1108.4   0.07143
   1108.6   0.07135
   1108.9   0.07139
   1109.1   0.07145
   1109.3   0.07156
   1109.6   0.07171
   1109.8   0.07169
   1110.1   0.07156
   1110.3   0.07151
   1110.5   0.07160
   1110.8   0.07174
   1111.0   0.07171
   1111.3   0.07167
   1111.5   0.07177
   1111.7   0.07193
   1112.0   0.07190
   1112.2   0.07183
   1112.4   0.07178
   1112.7   0.07176
   1112.9   0.07180
   1113.2   0.07186
   1113.4   0.07193
   1113.6   0.07179
   1113.9   0.07173
   1114.1   0.07185
   1114.3   0.07182
   1114.6   0.07190
   1114.8   0.07197
   1115.1   0.07196
   1115.3   0.07197
   1115.6   0.07196
   1115.8   0.07194
   1116.0   0.07192
   1116.3   0.07197
   1116.5   0.07201
   1116.8   0.07195
   1117.0   0.07189
   1117.2   0.07204
   1117.5   0.07209
   1117.7   0.07205
   1118.0   0.07201
   1118.2   0.07203
   1118.4   0.07210
   1118.7   0.07207
   1118.9   0.07201
   1119.2   0.07205
   1119.4   0.07213
   1119.7   0.07224
   1119.9   0.07232
   1120.1   0.07228
   1120.4   0.07224
   1120.6   0.07226
   1120.9   0.07234
   1121.1   0.07237
   1121.3   0.07240
   1121.6   0.07243
   1121.8   0.07237
   1122.1   0.07235
   1122.3   0.07235
   1122.6   0.07232
   1122.8   0.07229
   1123.0   0.07236
   1123.3   0.07237
   1123.5   0.07238
   1123.8   0.07248
   1124.0   0.07253
   1124.3   0.07254
   1124.5   0.07247
   1124.8   0.07239
   1125.0   0.07235
   1125.2   0.07244
   1125.5   0.07261
   1125.7   0.07270
   1126.0   0.07266
   1126.2   0.07258
   1126.5   0.07256
   1126.7   0.07264
   1126.9   0.07266
   1127.2   0.07266
   1127.4   0.07267
   1127.7   0.07281
   1127.9   0.07276
   1128.2   0.07268
   1128.4   0.07273
   1128.7   0.07274
   1128.9   0.07279
   1129.2   0.07285
   1129.4   0.07282
   1129.7   0.07276
   1129.9   0.07275
   1130.1   0.07278
   1130.4   0.07279
   1130.6   0.07282
   1130.9   0.07294
   1131.1   0.07300
   1131.4   0.07310
   1131.6   0.07305
   1131.9   0.07311
   1132.1   0.07320
   1132.4   0.07329
   1132.6   0.07318
   1132.9   0.07304
   1133.1   0.07300
   1133.3   0.07306
   1133.6   0.07315
   1133.8   0.07315
   1134.1   0.07318
   1134.3   0.07321
   1134.6   0.07318
   1134.8   0.07321
   1135.1   0.07321
   1135.3   0.07316
   1135.6   0.07309
   1135.8   0.07311
   1136.1   0.07316
   1136.3   0.07325
   1136.6   0.07327
   1136.8   0.07333
   1137.1   0.07321
   1137.3   0.07317
   1137.6   0.07335
   1137.8   0.07339
   1138.1   0.07334
   1138.3   0.07339
   1138.6   0.07343
   1138.8   0.07337
   1139.1   0.07327
   1139.3   0.07329
   1139.6   0.07345
   1139.8   0.07349
   1140.1   0.07344
   1140.3   0.07336
   1140.6   0.07336
   1140.8   0.07360
   1141.1   0.07363
   1141.3   0.07362
   1141.6   0.07364
   1141.8   0.07348
   1142.1   0.07344
   1142.3   0.07361
   1142.6   0.07368
   1142.8   0.07357
   1143.1   0.07356
   1143.3   0.07360
   1143.6   0.07349
   1143.9   0.07343
   1144.1   0.07345
   1144.4   0.07353
   1144.6   0.07361
   1144.9   0.07363
   1145.1   0.07364
   1145.4   0.07362
   1145.6   0.07373
   1145.9   0.07379
   1146.1   0.07367
   1146.4   0.07366
   1146.6   0.07373
   1146.9   0.07373
   1147.2   0.07367
   1147.4   0.07377
   1147.7   0.07397
   1147.9   0.07391
   1148.2   0.07369
   1148.4   0.07365
   1148.7   0.07386
   1148.9   0.07398
   1149.2   0.07396
   1149.4   0.07393
   1149.7   0.07390
   1149.9   0.07386
   1150.2   0.07389
   1150.4   0.07403
   1150.7   0.07405
   1151.0   0.07395
   1151.2   0.07392
   1151.5   0.07396
   1151.7   0.07410
   1152.0   0.07412
   1152.2   0.07417
   1152.5   0.07416
   1152.8   0.07409
   1153.0   0.07398
   1153.3   0.07400
   1153.5   0.07409
   1153.8   0.07410
   1154.0   0.07416
   1154.3   0.07418
   1154.6   0.07418
   1154.8   0.07424
   1155.1   0.07431
   1155.3   0.07433
   1155.6   0.07432
   1155.8   0.07439
   1156.1   0.07432
   1156.4   0.07419
   1156.6   0.07419
   1156.9   0.07426
   1157.1   0.07426
   1157.4   0.07424
   1157.7   0.07435
   1157.9   0.07432
   1158.2   0.07427
   1158.4   0.07429
   1158.7   0.07428
   1158.9   0.07434
   1159.2   0.07448
   1159.5   0.07456
   1159.7   0.07454
   1160.0   0.07451
   1160.2   0.07449
   1160.5   0.07450
   1160.8   0.07453
   1161.0   0.07451
   1161.3   0.07458
   1161.5   0.07458
   1161.8   0.07456
   1162.1   0.07454
   1162.3   0.07451
   1162.6   0.07457
   1162.8   0.07470
   1163.1   0.07469
   1163.4   0.07466
   1163.6   0.07465
   1163.9   0.07468
   1164.2   0.07473
   1164.4   0.07477
   1164.7   0.07482
   1164.9   0.07475
   1165.2   0.07469
   1165.4   0.07462
   1165.7   0.07461
   1166.0   0.07469
   1166.2   0.07475
   1166.5   0.07471
   1166.8   0.07474
   1167.0   0.07485
   1167.3   0.07489
   1167.6   0.07490
   1167.8   0.07487
   1168.1   0.07480
   1168.3   0.07480
   1168.6   0.07482
   1168.9   0.07485
   1169.1   0.07494
   1169.4   0.07487
   1169.7   0.07478
   1169.9   0.07476
   1170.2   0.07489
   1170.4   0.07488
   1170.7   0.07485
   1171.0   0.07495
   1171.3   0.07495
   1171.5   0.07491
   1171.8   0.07502
   1172.0   0.07510
   1172.3   0.07507
   1172.6   0.07503
   1172.8   0.07505
   1173.1   0.07518
   1173.4   0.07523
   1173.6   0.07509
   1173.9   0.07511
   1174.2   0.07522
   1174.4   0.07518
   1174.7   0.07511
   1175.0   0.07516
   1175.2   0.07518
   1175.5   0.07517
   1175.8   0.07508
   1176.0   0.07506
   1176.3   0.07508
   1176.6   0.07521
   1176.8   0.07525
   1177.1   0.07526
   1177.4   0.07523
   1177.6   0.07525
   1177.9   0.07526
   1178.2   0.07523
   1178.4   0.07524
   1178.7   0.07529
   1179.0   0.07538
   1179.2   0.07539
   1179.5   0.07538
   1179.8   0.07541
   1180.0   0.07543
   1180.3   0.07547
   1180.6   0.07551
   1180.8   0.07552
   1181.1   0.07545
   1181.4   0.07543
   1181.7   0.07553
   1181.9   0.07558
   1182.2   0.07554
   1182.5   0.07549
   1182.7   0.07555
   1183.0   0.07565
   1183.3   0.07558
   1183.5   0.07560
   1183.8   0.07562
   1184.1   0.07549
   1184.4   0.07547
   1184.6   0.07559
   1184.9   0.07565
   1185.2   0.07563
   1185.4   0.07561
   1185.7   0.07564
   1186.0   0.07576
   1186.3   0.07575
   1186.5   0.07564
   1186.8   0.07564
   1187.1   0.07571
   1187.3   0.07571
   1187.6   0.07578
   1187.9   0.07590
   1188.2   0.07590
   1188.4   0.07576
   1188.7   0.07569
   1189.0   0.07576
   1189.3   0.07582
   1189.5   0.07583
   1189.8   0.07586
   1190.1   0.07593
   1190.3   0.07592
   1190.6   0.07581
   1190.9   0.07583
   1191.2   0.07589
   1191.4   0.07595
   1191.7   0.07598
   1192.0   0.07592
   1192.3   0.07595
   1192.5   0.07595
   1192.8   0.07590
   1193.1   0.07588
   1193.3   0.07592
   1193.6   0.07596
   1193.9   0.07599
   1194.2   0.07603
   1194.4   0.07601
   1194.7   0.07601
   1195.0   0.07604
   1195.3   0.07608
   1195.6   0.07611
   1195.8   0.07609
   1196.1   0.07609
   1196.4   0.07616
   1196.7   0.07623
   1196.9   0.07613
   1197.2   0.07607
   1197.5   0.07613
   1197.8   0.07609
   1198.0   0.07617
   1198.3   0.07627
   1198.6   0.07634
   1198.9   0.07635
   1199.2   0.07621
   1199.4   0.07617
   1199.7   0.07621
   1200.0   0.07624
   1200.3   0.07624
   1200.5   0.07625
   1200.8   0.07630
   1201.1   0.07637
   1201.4   0.07641
   1201.7   0.07640
   1201.9   0.07638
   1202.2   0.07638
   1202.5   0.07636
   1202.8   0.07631
   1203.0   0.07632
   1203.3   0.07639
   1203.6   0.07637
   1203.9   0.07636
   1204.2   0.07641
   1204.4   0.07640
   1204.7   0.07643
   1205.0   0.07654
   1205.3   0.07660
   1205.6   0.07654
   1205.8   0.07653
   1206.1   0.07659
   1206.4   0.07663
   1206.7   0.07657
   1207.0   0.07655
   1207.2   0.07660
   1207.5   0.07664
   1207.8   0.07665
   1208.1   0.07663
   1208.4   0.07662
   1208.7   0.07667
   1208.9   0.07669
   1209.2   0.07673
   1209.5   0.07669
   1209.8   0.07662
   1210.1   0.07669
   1210.3   0.07677
   1210.6   0.07678
   1210.9   0.07679
   1211.2   0.07683
   1211.5   0.07678
   1211.8   0.07672
   1212.0   0.07680
   1212.3   0.07689
   1212.6   0.07686
   1212.9   0.07677
   1213.2   0.07678
   1213.5   0.07681
   1213.7   0.07684
   1214.0   0.07685
   1214.3   0.07685
   1214.6   0.07685
   1214.9   0.07690
   1215.2   0.07692
   1215.4   0.07687
   1215.7   0.07691
   1216.0   0.07691
   1216.3   0.07686
   1216.6   0.07694
   1216.9   0.07705
   1217.2   0.07709
   1217.4   0.07707
   1217.7   0.07694
   1218.0   0.07698
   1218.3   0.07700
   1218.6   0.07697
   1218.9   0.07700
   1219.2   0.07701
   1219.4   0.07702
   1219.7   0.07704
   1220.0   0.07711
   1220.3   0.07711
   1220.6   0.07711
   1220.9   0.07713
   1221.2   0.07714
   1221.5   0.07719
   1221.8   0.07720
   1222.0   0.07725
   1222.3   0.07729
   1222.6   0.07730
   1222.9   0.07727
   1223.2   0.07722
   1223.5   0.07724
   1223.8   0.07723
   1224.1   0.07729
   1224.3   0.07728
   1224.6   0.07730
   1224.9   0.07731
   1225.2   0.07738
   1225.5   0.07739
   1225.8   0.07738
   1226.1   0.07735
   1226.4   0.07739
   1226.7   0.07741
   1227.0   0.07736
   1227.3   0.07737
   1227.5   0.07735
   1227.8   0.07733
   1228.1   0.07749
   1228.4   0.07754
   1228.7   0.07741
   1229.0   0.07741
   1229.3   0.07750
   1229.6   0.07751
   1229.9   0.07755
   1230.2   0.07755
   1230.4   0.07749
   1230.7   0.07743
   1231.0   0.07746
   1231.3   0.07751
   1231.6   0.07754
   1231.9   0.07752
   1232.2   0.07753
   1232.5   0.07759
   1232.8   0.07762
   1233.1   0.07757
   1233.4   0.07757
   1233.7   0.07757
   1234.0   0.07762
   1234.3   0.07767
   1234.6   0.07777
   1234.8   0.07777
   1235.1   0.07767
   1235.4   0.07766
   1235.7   0.07768
   1236.0   0.07770
   1236.3   0.07777
   1236.6   0.07780
   1236.9   0.07776
   1237.2   0.07785
   1237.5   0.07788
   1237.8   0.07778
   1238.1   0.07772
   1238.4   0.07783
   1238.7   0.07796
   1239.0   0.07785
   1239.3   0.07781
   1239.6   0.07796
   1239.9   0.07802
   1240.2   0.07798
   1240.5   0.07796
   1240.8   0.07793
   1241.1   0.07795
   1241.3   0.07802
   1241.7   0.07805
   1241.9   0.07802
   1242.2   0.07802
   1242.5   0.07801
   1242.8   0.07804
   1243.1   0.07805
   1243.4   0.07804
   1243.7   0.07808
   1244.0   0.07812
   1244.3   0.07807
   1244.6   0.07806
   1244.9   0.07806
   1245.2   0.07808
   1245.5   0.07811
   1245.8   0.07822
   1246.1   0.07826
   1246.4   0.07823
   1246.7   0.07826
   1247.0   0.07831
   1247.3   0.07829
   1247.6   0.07824
   1247.9   0.07826
   1248.2   0.07828
   1248.5   0.07827
   1248.8   0.07826
   1249.1   0.07827
   1249.4   0.07832
   1249.7   0.07827
   1250.0   0.07822
   1250.3   0.07821
   1250.6   0.07827
   1250.9   0.07844
   1251.2   0.07850
   1251.5   0.07846
   1251.8   0.07842
   1252.1   0.07844
   1252.4   0.07845
   1252.8   0.07850
   1253.1   0.07850
   1253.3   0.07848
   1253.7   0.07851
   1254.0   0.07853
   1254.3   0.07858
   1254.6   0.07869
   1254.9   0.07870
   1255.2   0.07862
   1255.5   0.07861
   1255.8   0.07860
   1256.1   0.07862
   1256.4   0.07867
   1256.7   0.07864
   1257.0   0.07861
   1257.3   0.07858
   1257.6   0.07863
   1257.9   0.07869
   1258.2   0.07866
   1258.5   0.07860
   1258.8   0.07861
   1259.1   0.07870
   1259.4   0.07874
   1259.8   0.07879
   1260.1   0.07885
   1260.4   0.07878
   1260.7   0.07873
   1261.0   0.07877
   1261.3   0.07872
   1261.6   0.07870
   1261.9   0.07880
   1262.2   0.07891
   1262.5   0.07896
   1262.8   0.07897
   1263.1   0.07895
   1263.4   0.07897
   1263.7   0.07896
   1264.1   0.07891
   1264.4   0.07897
   1264.7   0.07897
   1265.0   0.07892
   1265.3   0.07892
   1265.6   0.07895
   1265.9   0.07906
   1266.2   0.07918
   1266.5   0.07919
   1266.8   0.07908
   1267.1   0.07910
   1267.4   0.07913
   1267.8   0.07914
   1268.1   0.07918
   1268.4   0.07923
   1268.7   0.07919
   1269.0   0.07913
   1269.3   0.07915
   1269.6   0.07915
   1269.9   0.07913
   1270.2   0.07919
   1270.6   0.07923
   1270.9   0.07927
   1271.2   0.07929
   1271.5   0.07931
   1271.8   0.07935
   1272.1   0.07929
   1272.4   0.07916
   1272.7   0.07915
   1273.1   0.07925
   1273.4   0.07936
   1273.7   0.07938
   1274.0   0.07939
   1274.3   0.07941
   1274.6   0.07944
   1274.9   0.07945
   1275.2   0.07942
   1275.6   0.07947
   1275.9   0.07949
   1276.2   0.07949
   1276.5   0.07951
   1276.8   0.07955
   1277.1   0.07957
   1277.4   0.07957
   1277.8   0.07958
   1278.1   0.07961
   1278.4   0.07954
   1278.7   0.07949
   1279.0   0.07952
   1279.3   0.07965
   1279.7   0.07973
   1280.0   0.07968
   1280.3   0.07965
   1280.6   0.07968
   1280.9   0.07969
   1281.2   0.07969
   1281.6   0.07970
   1281.9   0.07970
   1282.2   0.07974
   1282.5   0.07982
   1282.8   0.07982
   1283.1   0.07980
   1283.4   0.07981
   1283.8   0.07977
   1284.1   0.07974
   1284.4   0.07977
   1284.7   0.07988
   1285.0   0.07993
   1285.4   0.07990
   1285.7   0.07991
   1286.0   0.08000
   1286.3   0.08004
   1286.6   0.08001
   1286.9   0.08000
   1287.3   0.08000
   1287.6   0.07999
   1287.9   0.07998
   1288.2   0.08002
   1288.6   0.08007
   1288.9   0.08005
   1289.2   0.08007
   1289.5   0.08012
   1289.8   0.08010
   1290.2   0.08012
   1290.5   0.08019
   1290.8   0.08018
   1291.1   0.08015
   1291.4   0.08013
   1291.8   0.08015
   1292.1   0.08018
   1292.4   0.08024
   1292.7   0.08027
   1293.1   0.08031
   1293.4   0.08027
   1293.7   0.08025
   1294.0   0.08025
   1294.3   0.08031
   1294.7   0.08037
   1295.0   0.08036
   1295.3   0.08036
   1295.6   0.08041
   1296.0   0.08045
   1296.3   0.08044
   1296.6   0.08044
   1296.9   0.08047
   1297.3   0.08052
   1297.6   0.08051
   1297.9   0.08051
   1298.2   0.08047
   1298.6   0.08050
   1298.9   0.08056
   1299.2   0.08059
   1299.5   0.08057
   1299.9   0.08056
   1300.2   0.08053
   1300.5   0.08056
   1300.8   0.08062
   1301.2   0.08065
   1301.5   0.08067
   1301.8   0.08075
   1302.1   0.08077
   1302.5   0.08075
   1302.8   0.08074
   1303.1   0.08073
   1303.4   0.08076
   1303.8   0.08079
   1304.1   0.08074
   1304.4   0.08068
   1304.8   0.08073
   1305.1   0.08082
   1305.4   0.08083
   1305.8   0.08086
   1306.1   0.08092
   1306.4   0.08096
   1306.7   0.08094
   1307.1   0.08093
   1307.4   0.08099
   1307.7   0.08102
   1308.1   0.08100
   1308.4   0.08100
   1308.7   0.08100
   1309.1   0.08101
   1309.4   0.08100
   1309.7   0.08101
   1310.0   0.08108
   1310.4   0.08112
   1310.7   0.08110
   1311.0   0.08117
   1311.4   0.08119
   1311.7   0.08106
   1312.0   0.08106
   1312.4   0.08114
   1312.7   0.08122
   1313.0   0.08128
   1313.4   0.08131
   1313.7   0.08127
   1314.0   0.08123
   1314.4   0.08133
   1314.7   0.08135
   1315.0   0.08127
   1315.4   0.08127
   1315.7   0.08133
   1316.0   0.08138
   1316.4   0.08140
   1316.7   0.08141
   1317.0   0.08141
   1317.4   0.08142
   1317.7   0.08144
   1318.0   0.08147
   1318.4   0.08152
   1318.7   0.08157
   1319.0   0.08161
   1319.4   0.08163
   1319.7   0.08163
   1320.1   0.08154
   1320.4   0.08149
   1320.7   0.08158
   1321.1   0.08174
   1321.4   0.08178
   1321.7   0.08173
   1322.1   0.08172
   1322.4   0.08174
   1322.7   0.08169
   1323.1   0.08166
   1323.4   0.08176
   1323.8   0.08179
   1324.1   0.08175
   1324.4   0.08179
   1324.8   0.08182
   1325.1   0.08179
   1325.4   0.08174
   1325.8   0.08181
   1326.1   0.08190
   1326.5   0.08186
   1326.8   0.08192
   1327.1   0.08195
   1327.5   0.08191
   1327.8   0.08195
   1328.2   0.08201
   1328.5   0.08197
   1328.8   0.08201
   1329.2   0.08212
   1329.5   0.08215
   1329.9   0.08215
   1330.2   0.08216
   1330.6   0.08214
   1330.9   0.08212
   1331.2   0.08210
   1331.6   0.08215
   1331.9   0.08220
   1332.3   0.08220
   1332.6   0.08220
   1332.9   0.08216
   1333.3   0.08216
   1333.6   0.08225
   1334.0   0.08229
   1334.3   0.08229
   1334.7   0.08232
   1335.0   0.08232
   1335.3   0.08233
   1335.7   0.08233
   1336.0   0.08237
   1336.4   0.08246
   1336.7   0.08255
   1337.1   0.08253
   1337.4   0.08245
   1337.8   0.08243
   1338.1   0.08245
   1338.4   0.08249
   1338.8   0.08256
   1339.1   0.08260
   1339.5   0.08261
   1339.8   0.08259
   1340.2   0.08255
   1340.5   0.08258
   1340.9   0.08259
   1341.2   0.08263
   1341.6   0.08264
   1341.9   0.08268
   1342.3   0.08268
   1342.6   0.08269
   1342.9   0.08272
   1343.3   0.08276
   1343.7   0.08278
   1344.0   0.08282
   1344.3   0.08285
   1344.7   0.08282
   1345.0   0.08285
   1345.4   0.08292
   1345.7   0.08291
   1346.1   0.08294
   1346.4   0.08299
   1346.8   0.08291
   1347.1   0.08294
   1347.5   0.08299
   1347.8   0.08294
   1348.2   0.08294
   1348.5   0.08297
   1348.9   0.08307
   1349.2   0.08310
   1349.6   0.08309
   1349.9   0.08311
   1350.3   0.08312
   1350.7   0.08308
   1351.0   0.08307
   1351.3   0.08316
   1351.7   0.08320
   1352.1   0.08322
   1352.4   0.08325
   1352.8   0.08324
   1353.1   0.08330
   1353.5   0.08333
   1353.8   0.08330
   1354.2   0.08326
   1354.5   0.08333
   1354.9   0.08335
   1355.2   0.08331
   1355.6   0.08332
   1355.9   0.08337
   1356.3   0.08345
   1356.7   0.08348
   1357.0   0.08344
   1357.4   0.08343
   1357.7   0.08341
   1358.1   0.08340
   1358.4   0.08343
   1358.8   0.08351
   1359.2   0.08355
   1359.5   0.08358
   1359.9   0.08357
   1360.2   0.08356
   1360.6   0.08358
   1360.9   0.08365
   1361.3   0.08369
   1361.7   0.08370
   1362.0   0.08369
   1362.4   0.08371
   1362.7   0.08377
   1363.1   0.08378
   1363.4   0.08375
   1363.8   0.08382
   1364.2   0.08384
   1364.5   0.08384
   1364.9   0.08382
   1365.2   0.08382
   1365.6   0.08388
   1365.9   0.08392
   1366.3   0.08387
   1366.7   0.08391
   1367.0   0.08401
   1367.4   0.08402
   1367.8   0.08396
   1368.1   0.08395
   1368.5   0.08396
   1368.8   0.08398
   1369.2   0.08403
   1369.6   0.08407
   1369.9   0.08409
   1370.3   0.08414
   1370.7   0.08414
   1371.0   0.08417
   1371.4   0.08420
   1371.7   0.08420
   1372.1   0.08423
   1372.5   0.08423
   1372.8   0.08418
   1373.2   0.08423
   1373.6   0.08433
   1373.9   0.08436
   1374.3   0.08430
   1374.6   0.08424
   1375.0   0.08431
   1375.4   0.08437
   1375.7   0.08438
   1376.1   0.08442
   1376.5   0.08439
   1376.8   0.08439
   1377.2   0.08440
   1377.6   0.08446
   1377.9   0.08449
   1378.3   0.08450
   1378.7   0.08452
   1379.0   0.08453
   1379.4   0.08459
   1379.8   0.08463
   1380.1   0.08464
   1380.5   0.08462
   1380.9   0.08458
   1381.2   0.08461
   1381.6   0.08463
   1382.0   0.08465
   1382.3   0.08470
   1382.7   0.08472
   1383.1   0.08470
   1383.4   0.08476
   1383.8   0.08481
   1384.2   0.08482
   1384.6   0.08482
   1384.9   0.08480
   1385.3   0.08488
   1385.7   0.08492
   1386.0   0.08495
   1386.4   0.08500
   1386.8   0.08500
   1387.2   0.08500
   1387.5   0.08501
   1387.9   0.08503
   1388.3   0.08504
   1388.6   0.08506
   1389.0   0.08505
   1389.4   0.08502
   1389.8   0.08507
   1390.1   0.08514
   1390.5   0.08510
   1390.9   0.08511
   1391.2   0.08519
   1391.6   0.08522
   1392.0   0.08519
   1392.4   0.08522
   1392.7   0.08528
   1393.1   0.08531
   1393.5   0.08528
   1393.9   0.08523
   1394.2   0.08526
   1394.6   0.08530
   1395.0   0.08534
   1395.4   0.08539
   1395.7   0.08542
   1396.1   0.08539
   1396.5   0.08533
   1396.9   0.08536
   1397.2   0.08547
   1397.6   0.08549
   1398.0   0.08548
   1398.4   0.08549
   1398.8   0.08546
   1399.1   0.08551
   1399.5   0.08558
   1399.9   0.08560
   1400.3   0.08562
   1400.6   0.08566
   1401.0   0.08569
   1401.4   0.08567
   1401.8   0.08567
   1402.2   0.08572
   1402.5   0.08576
   1402.9   0.08575
   1403.3   0.08578
   1403.7   0.08582
   1404.1   0.08581
   1404.4   0.08580
   1404.8   0.08577
   1405.2   0.08576
   1405.6   0.08584
   1406.0   0.08592
   1406.3   0.08592
   1406.7   0.08596
   1407.1   0.08599
   1407.5   0.08595
   1407.9   0.08596
   1408.3   0.08596
   1408.6   0.08599
   1409.0   0.08605
   1409.4   0.08608
   1409.8   0.08615
   1410.2   0.08619
   1410.6   0.08612
   1410.9   0.08607
   1411.3   0.08613
   1411.7   0.08618
   1412.1   0.08614
   1412.5   0.08621
   1412.8   0.08626
   1413.2   0.08622
   1413.6   0.08620
   1414.0   0.08627
   1414.4   0.08631
   1414.8   0.08630
   1415.2   0.08628
   1415.6   0.08632
   1415.9   0.08639
   1416.3   0.08645
   1416.7   0.08643
   1417.1   0.08644
   1417.5   0.08647
   1417.9   0.08647
   1418.3   0.08644
   1418.7   0.08645
   1419.0   0.08655
   1419.4   0.08660
   1419.8   0.08660
   1420.2   0.08656
   1420.6   0.08655
   1421.0   0.08657
   1421.4   0.08661
   1421.8   0.08668
   1422.2   0.08666
   1422.5   0.08663
   1422.9   0.08669
   1423.3   0.08675
   1423.7   0.08674
   1424.1   0.08673
   1424.5   0.08672
   1424.9   0.08671
   1425.3   0.08681
   1425.7   0.08686
   1426.1   0.08688
   1426.5   0.08692
   1426.8   0.08691
   1427.2   0.08693
   1427.6   0.08694
   1428.0   0.08699
   1428.4   0.08706
   1428.8   0.08704
   1429.2   0.08698
   1429.6   0.08698
   1430.0   0.08701
   1430.4   0.08703
   1430.8   0.08704
   1431.2   0.08713
   1431.6   0.08711
   1432.0   0.08712
   1432.4   0.08723
   1432.8   0.08724
   1433.2   0.08718
   1433.6   0.08720
   1433.9   0.08724
   1434.3   0.08722
   1434.8   0.08726
   1435.1   0.08737
   1435.5   0.08736
   1435.9   0.08730
   1436.3   0.08731
   1436.7   0.08735
   1437.1   0.08732
   1437.5   0.08730
   1437.9   0.08732
   1438.3   0.08738
   1438.7   0.08744
   1439.1   0.08751
   1439.5   0.08753
   1439.9   0.08751
   1440.3   0.08750
   1440.7   0.08753
   1441.1   0.08756
   1441.5   0.08762
   1441.9   0.08761
   1442.3   0.08761
   1442.7   0.08765
   1443.1   0.08767
   1443.5   0.08766
   1443.9   0.08766
   1444.3   0.08768
   1444.7   0.08775
   1445.1   0.08775
   1445.6   0.08771
   1445.9   0.08775
   1446.3   0.08777
   1446.8   0.08780
   1447.2   0.08782
   1447.6   0.08787
   1448.0   0.08792
   1448.4   0.08792
   1448.8   0.08792
   1449.2   0.08793
   1449.6   0.08792
   1450.0   0.08794
   1450.4   0.08795
   1450.8   0.08795
   1451.2   0.08798
   1451.6   0.08804
   1452.0   0.08803
   1452.4   0.08802
   1452.8   0.08802
   1453.2   0.08800
   1453.7   0.08805
   1454.1   0.08810
   1454.5   0.08812
   1454.9   0.08814
   1455.3   0.08811
   1455.7   0.08816
   1456.1   0.08822
   1456.5   0.08824
   1456.9   0.08823
   1457.3   0.08822
   1457.7   0.08822
   1458.2   0.08824
   1458.6   0.08827
   1459.0   0.08832
   1459.4   0.08835
   1459.8   0.08839
   1460.2   0.08841
   1460.6   0.08842
   1461.0   0.08840
   1461.4   0.08843
   1461.8   0.08847
   1462.3   0.08849
   1462.7   0.08851
   1463.1   0.08855
   1463.5   0.08853
   1463.9   0.08851
   1464.3   0.08855
   1464.7   0.08859
   1465.2   0.08859
   1465.6   0.08860
   1466.0   0.08862
   1466.4   0.08865
   1466.8   0.08870
   1467.2   0.08873
   1467.6   0.08880
   1468.1   0.08880
   1468.5   0.08878
   1468.9   0.08878
   1469.3   0.08882
   1469.7   0.08886
   1470.1   0.08887
   1470.6   0.08890
   1471.0   0.08892
   1471.4   0.08892
   1471.8   0.08894
   1472.2   0.08892
   1472.6   0.08892
   1473.1   0.08897
   1473.5   0.08899
   1473.9   0.08899
   1474.3   0.08898
   1474.7   0.08901
   1475.2   0.08899
   1475.6   0.08901
   1476.0   0.08912
   1476.4   0.08917
   1476.8   0.08916
   1477.3   0.08914
   1477.7   0.08917
   1478.1   0.08921
   1478.5   0.08922
   1478.9   0.08922
   1479.4   0.08923
   1479.8   0.08928
   1480.2   0.08936
   1480.6   0.08937
   1481.1   0.08931
   1481.5   0.08932
   1481.9   0.08936
   1482.3   0.08940
   1482.8   0.08945
   1483.2   0.08944
   1483.6   0.08938
   1484.0   0.08939
   1484.4   0.08943
   1484.9   0.08944
   1485.3   0.08950
   1485.7   0.08955
   1486.2   0.08957
   1486.6   0.08955
   1487.0   0.08952
   1487.4   0.08951
   1487.9   0.08956
   1488.3   0.08961
   1488.7   0.08960
   1489.1   0.08957
   1489.6   0.08960
   1490.0   0.08962
   1490.4   0.08961
   1490.8   0.08962
   1491.3   0.08966
   1491.7   0.08972
   1492.1   0.08975
   1492.6   0.08977
   1493.0   0.08980
   1493.4   0.08982
   1493.9   0.08983
   1494.3   0.08985
   1494.7   0.08985
   1495.2   0.08985
   1495.6   0.08986
   1496.0   0.08990
   1496.4   0.08994
   1496.9   0.08998
   1497.3   0.09004
   1497.7   0.09003
   1498.2   0.08996
   1498.6   0.08995
   1499.0   0.09000
   1499.5   0.09004
   1499.9   0.09005
   1500.3   0.09005
   1500.8   0.09003
   1501.2   0.09003
   1501.7   0.09008
   1502.1   0.09012
   1502.5   0.09015
   1502.9   0.09020
   1503.4   0.09018
   1503.8   0.09018
   1504.3   0.09022
   1504.7   0.09027
   1505.1   0.09033
   1505.6   0.09034
   1506.0   0.09033
   1506.4   0.09032
   1506.9   0.09031
   1507.3   0.09034
   1507.8   0.09037
   1508.2   0.09041
   1508.6   0.09041
   1509.1   0.09040
   1509.5   0.09042
   1510.0   0.09047
   1510.4   0.09053
   1510.8   0.09057
   1511.3   0.09054
   1511.7   0.09055
   1512.2   0.09051
   1512.6   0.09051
   1513.0   0.09059
   1513.5   0.09063
   1513.9   0.09058
   1514.4   0.09060
   1514.8   0.09065
   1515.3   0.09066
   1515.7   0.09068
   1516.1   0.09072
   1516.6   0.09074
   1517.0   0.09073
   1517.5   0.09075
   1517.9   0.09076
   1518.4   0.09069
   1518.8   0.09072
   1519.3   0.09079
   1519.7   0.09081
   1520.1   0.09081
   1520.6   0.09084
   1521.0   0.09090
   1521.5   0.09091
   1521.9   0.09093
   1522.4   0.09094
   1522.8   0.09093
   1523.3   0.09094
   1523.7   0.09095
   1524.2   0.09101
   1524.6   0.09110
   1525.1   0.09113
   1525.5   0.09108
   1525.9   0.09106
   1526.4   0.09107
   1526.8   0.09108
   1527.3   0.09114
   1527.8   0.09116
   1528.2   0.09117
   1528.7   0.09120
   1529.1   0.09120
   1529.6   0.09122
   1530.0   0.09127
   1530.5   0.09131
   1530.9   0.09131
   1531.4   0.09125
   1531.8   0.09128
   1532.3   0.09131
   1532.7   0.09134
   1533.2   0.09134
   1533.6   0.09132
   1534.1   0.09136
   1534.5   0.09141
   1535.0   0.09138
   1535.4   0.09135
   1535.9   0.09140
   1536.3   0.09142
   1536.8   0.09146
   1537.3   0.09154
   1537.7   0.09156
   1538.2   0.09154
   1538.6   0.09157
   1539.1   0.09158
   1539.6   0.09157
   1540.0   0.09158
   1540.5   0.09159
   1540.9   0.09158
   1541.4   0.09160
   1541.8   0.09164
   1542.3   0.09168
   1542.8   0.09169
   1543.2   0.09169
   1543.7   0.09174
   1544.1   0.09177
   1544.6   0.09178
   1545.1   0.09176
   1545.5   0.09173
   1546.0   0.09175
   1546.4   0.09179
   1546.9   0.09178
   1547.4   0.09183
   1547.8   0.09187
   1548.3   0.09186
   1548.8   0.09190
   1549.2   0.09198
   1549.7   0.09199
   1550.1   0.09195
   1550.6   0.09194
   1551.1   0.09198
   1551.5   0.09199
   1552.0   0.09199
   1552.5   0.09200
   1552.9   0.09202
   1553.4   0.09203
   1553.8   0.09202
   1554.3   0.09205
   1554.8   0.09207
   1555.3   0.09211
   1555.7   0.09213
   1556.2   0.09216
   1556.7   0.09221
   1557.1   0.09220
   1557.6   0.09217
   1558.1   0.09219
   1558.5   0.09223
   1559.0   0.09222
   1559.5   0.09222
   1559.9   0.09227
   1560.4   0.09232
   1560.9   0.09233
   1561.3   0.09232
   1561.8   0.09233
   1562.3   0.09234
   1562.8   0.09236
   1563.2   0.09237
   1563.7   0.09239
   1564.2   0.09245
   1564.6   0.09247
   1565.1   0.09246
   1565.6   0.09247
   1566.1   0.09250
   1566.5   0.09248
   1567.0   0.09252
   1567.5   0.09255
   1567.9   0.09254
   1568.4   0.09256
   1568.9   0.09258
   1569.4   0.09261
   1569.8   0.09262
   1570.3   0.09267
   1570.8   0.09266
   1571.3   0.09265
   1571.8   0.09266
   1572.2   0.09266
   1572.7   0.09266
   1573.2   0.09271
   1573.7   0.09273
   1574.1   0.09277
   1574.6   0.09279
   1575.1   0.09275
   1575.6   0.09278
   1576.1   0.09286
   1576.5   0.09286
   1577.0   0.09285
   1577.5   0.09290
   1578.0   0.09292
   1578.4   0.09290
   1578.9   0.09294
   1579.4   0.09295
   1579.9   0.09294
   1580.4   0.09297
   1580.9   0.09297
   1581.3   0.09298
   1581.8   0.09298
   1582.3   0.09299
   1582.8   0.09302
   1583.3   0.09303
   1583.8   0.09303
   1584.2   0.09307
   1584.7   0.09310
   1585.2   0.09310
   1585.7   0.09313
   1586.2   0.09319
   1586.7   0.09320
   1587.2   0.09322
   1587.6   0.09323
   1588.1   0.09320
   1588.6   0.09324
   1589.1   0.09330
   1589.6   0.09330
   1590.1   0.09327
   1590.6   0.09329
   1591.0   0.09332
   1591.5   0.09334
   1592.0   0.09334
   1592.5   0.09332
   1593.0   0.09332
   1593.5   0.09334
   1594.0   0.09342
   1594.5   0.09344
   1595.0   0.09339
   1595.4   0.09338
   1595.9   0.09343
   1596.4   0.09349
   1596.9   0.09354
   1597.4   0.09353
   1597.9   0.09350
   1598.4   0.09353
   1598.9   0.09357
   1599.4   0.09359
   1599.9   0.09361
   1600.4   0.09362
   1600.9   0.09364
   1601.4   0.09363
   1601.9   0.09366
   1602.3   0.09370
   1602.8   0.09370
   1603.3   0.09370
   1603.8   0.09371
   1604.3   0.09375
   1604.8   0.09376
   1605.3   0.09377
   1605.8   0.09381
   1606.3   0.09385
   1606.8   0.09383
   1607.3   0.09387
   1607.8   0.09390
   1608.3   0.09387
   1608.8   0.09387
   1609.3   0.09389
   1609.8   0.09393
   1610.3   0.09397
   1610.8   0.09399
   1611.3   0.09396
   1611.8   0.09393
   1612.3   0.09394
   1612.8   0.09396
   1613.3   0.09398
   1613.8   0.09402
   1614.3   0.09406
   1614.8   0.09407
   1615.3   0.09406
   1615.8   0.09402
   1616.3   0.09401
   1616.8   0.09403
   1617.3   0.09408
   1617.8   0.09415
   1618.4   0.09416
   1618.9   0.09414
   1619.4   0.09417
   1619.9   0.09421
   1620.4   0.09424
   1620.9   0.09428
   1621.4   0.09429
   1621.9   0.09431
   1622.4   0.09434
   1622.9   0.09433
   1623.4   0.09432
   1623.9   0.09435
   1624.4   0.09440
   1624.9   0.09439
   1625.5   0.09432
   1626.0   0.09435
   1626.5   0.09441
   1627.0   0.09444
   1627.5   0.09447
   1628.0   0.09445
   1628.5   0.09445
   1629.0   0.09449
   1629.6   0.09450
   1630.1   0.09451
   1630.6   0.09459
   1631.1   0.09461
   1631.6   0.09461
   1632.1   0.09461
   1632.6   0.09462
   1633.1   0.09460
   1633.7   0.09456
   1634.2   0.09457
   1634.7   0.09464
   1635.2   0.09470
   1635.7   0.09472
   1636.2   0.09473
   1636.8   0.09476
   1637.3   0.09476
   1637.8   0.09479
   1638.3   0.09482
   1638.8   0.09483
   1639.3   0.09482
   1639.8   0.09481
   1640.4   0.09484
   1640.9   0.09491
   1641.4   0.09493
   1641.9   0.09492
   1642.4   0.09492
   1643.0   0.09493
   1643.5   0.09497
   1644.0   0.09495
   1644.5   0.09494
   1645.1   0.09499
   1645.6   0.09502
   1646.1   0.09499
   1646.6   0.09500
   1647.2   0.09502
   1647.7   0.09505
   1648.2   0.09508
   1648.7   0.09511
   1649.2   0.09514
   1649.8   0.09514
   1650.3   0.09516
   1650.8   0.09517
   1651.3   0.09517
   1651.9   0.09519
   1652.4   0.09522
   1652.9   0.09520
   1653.4   0.09522
   1654.0   0.09527
   1654.5   0.09525
   1655.0   0.09526
   1655.6   0.09528
   1656.1   0.09531
   1656.6   0.09534
   1657.2   0.09534
   1657.7   0.09536
   1658.2   0.09538
   1658.7   0.09540
   1659.3   0.09544
   1659.8   0.09542
   1660.3   0.09543
   1660.9   0.09547
   1661.4   0.09551
   1661.9   0.09551
   1662.5   0.09553
   1663.0   0.09554
   1663.5   0.09556
   1664.1   0.09561
   1664.6   0.09560
   1665.1   0.09558
   1665.7   0.09559
   1666.2   0.09561
   1666.7   0.09563
   1667.3   0.09568
   1667.8   0.09571
   1668.3   0.09575
   1668.9   0.09575
   1669.4   0.09574
   1670.0   0.09574
   1670.5   0.09576
   1671.0   0.09573
   1671.6   0.09574
   1672.1   0.09581
   1672.7   0.09585
   1673.2   0.09588
   1673.7   0.09588
   1674.3   0.09588
   1674.8   0.09587
   1675.4   0.09592
   1675.9   0.09594
   1676.4   0.09594
   1677.0   0.09595
   1677.5   0.09598
   1678.1   0.09599
   1678.6   0.09601
   1679.2   0.09606
   1679.7   0.09610
   1680.2   0.09607
   1680.8   0.09605
   1681.3   0.09606
   1681.9   0.09607
   1682.4   0.09608
   1683.0   0.09611
   1683.5   0.09612
   1684.1   0.09613
   1684.6   0.09615
   1685.2   0.09618
   1685.7   0.09619
   1686.3   0.09624
   1686.8   0.09628
   1687.3   0.09630
   1687.9   0.09630
   1688.4   0.09632
   1689.0   0.09634
   1689.6   0.09635
   1690.1   0.09635
   1690.7   0.09635
   1691.2   0.09637
   1691.8   0.09637
   1692.3   0.09638
   1692.9   0.09639
   1693.4   0.09643
   1694.0   0.09648
   1694.5   0.09651
   1695.1   0.09650
   1695.6   0.09651
   1696.2   0.09649
   1696.7   0.09651
   1697.3   0.09657
   1697.8   0.09661
   1698.4   0.09659
   1699.0   0.09662
   1699.5   0.09663
   1700.1   0.09662
   1700.6   0.09663
   1701.2   0.09666
   1701.8   0.09668
   1702.3   0.09674
   1702.9   0.09677
   1703.4   0.09677
   1704.0   0.09677
   1704.6   0.09675
   1705.1   0.09677
   1705.7   0.09682
   1706.2   0.09684
   1706.8   0.09682
   1707.4   0.09688
   1707.9   0.09691
   1708.5   0.09690
   1709.0   0.09691
   1709.6   0.09691
   1710.2   0.09691
   1710.7   0.09692
   1711.3   0.09696
   1711.9   0.09700
   1712.4   0.09703
   1713.0   0.09705
   1713.6   0.09706
   1714.1   0.09708
   1714.7   0.09707
   1715.3   0.09707
   1715.8   0.09710
   1716.4   0.09713
   1717.0   0.09716
   1717.5   0.09716
   1718.1   0.09717
   1718.7   0.09721
   1719.2   0.09723
   1719.8   0.09725
   1720.4   0.09726
   1721.0   0.09729
   1721.5   0.09727
   1722.1   0.09724
   1722.7   0.09731
   1723.2   0.09735
   1723.8   0.09734
   1724.4   0.09735
   1725.0   0.09739
   1725.5   0.09740
   1726.1   0.09740
   1726.7   0.09743
   1727.3   0.09743
   1727.8   0.09745
   1728.4   0.09747
   1729.0   0.09750
   1729.6   0.09751
   1730.1   0.09753
   1730.7   0.09755
   1731.3   0.09757
   1731.9   0.09761
   1732.5   0.09764
   1733.0   0.09766
   1733.6   0.09766
   1734.2   0.09765
   1734.8   0.09769
   1735.4   0.09772
   1735.9   0.09775
   1736.5   0.09779
   1737.1   0.09779
   1737.7   0.09777
   1738.3   0.09777
   1738.8   0.09780
   1739.4   0.09782
   1740.0   0.09786
   1740.6   0.09788
   1741.2   0.09786
   1741.8   0.09789
   1742.3   0.09796
   1742.9   0.09801
   1743.5   0.09802
   1744.1   0.09799
   1744.7   0.09797
   1745.3   0.09799
   1745.9   0.09806
   1746.5   0.09810
   1747.1   0.09813
   1747.6   0.09814
   1748.2   0.09814
   1748.8   0.09814
   1749.4   0.09819
   1750.0   0.09821
   1750.6   0.09820
   1751.2   0.09826
   1751.8   0.09831
   1752.4   0.09829
   1753.0   0.09825
   1753.6   0.09823
   1754.1   0.09825
   1754.7   0.09832
   1755.3   0.09840
   1755.9   0.09840
   1756.5   0.09838
   1757.1   0.09839
   1757.7   0.09838
   1758.3   0.09840
   1758.9   0.09847
   1759.5   0.09850
   1760.1   0.09849
   1760.7   0.09852
   1761.3   0.09852
   1761.9   0.09856
   1762.5   0.09861
   1763.1   0.09858
   1763.7   0.09859
   1764.3   0.09862
   1764.9   0.09861
   1765.5   0.09861
   1766.1   0.09864
   1766.7   0.09871
   1767.3   0.09875
   1767.9   0.09875
   1768.5   0.09877
   1769.1   0.09875
   1769.7   0.09876
   1770.3   0.09881
   1770.9   0.09886
   1771.5   0.09888
   1772.1   0.09888
   1772.7   0.09888
   1773.3   0.09888
   1773.9   0.09889
   1774.6   0.09892
   1775.2   0.09893
   1775.8   0.09899
   1776.4   0.09904
   1777.0   0.09906
   1777.6   0.09905
   1778.2   0.09902
   1778.8   0.09904
   1779.4   0.09906
   1780.0   0.09905
   1780.7   0.09909
   1781.3   0.09917
   1781.9   0.09920
   1782.5   0.09915
   1783.1   0.09915
   1783.7   0.09922
   1784.3   0.09928
   1784.9   0.09928
   1785.6   0.09928
   1786.2   0.09931
   1786.8   0.09932
   1787.4   0.09935
   1788.0   0.09937
   1788.6   0.09940
   1789.3   0.09941
   1789.9   0.09939
   1790.5   0.09944
   1791.1   0.09952
   1791.7   0.09951
   1792.3   0.09949
   1793.0   0.09949
   1793.6   0.09955
   1794.2   0.09956
   1794.8   0.09954
   1795.4   0.09957
   1796.1   0.09962
   1796.7   0.09964
   1797.3   0.09963
   1797.9   0.09965
   1798.6   0.09967
   1799.2   0.09972
   1799.8   0.09976
   1800.4   0.09977
   1801.1   0.09973
   1801.7   0.09971
   1802.3   0.09976
   1802.9   0.09982
   1803.6   0.09982
   1804.2   0.09985
   1804.8   0.09989
   1805.4   0.09994
   1806.1   0.09992
   1806.7   0.09993
   1807.3   0.09999
   1808.0   0.10001
   1808.6   0.10000
   1809.2   0.10002
   1809.9   0.10005
   1810.5   0.10007
   1811.1   0.10009
   1811.8   0.10009
   1812.4   0.10010
   1813.0   0.10016
   1813.7   0.10020
   1814.3   0.10021
   1814.9   0.10023
   1815.6   0.10027
   1816.2   0.10032
   1816.8   0.10032
   1817.5   0.10030
   1818.1   0.10030
   1818.8   0.10033
   1819.4   0.10034
   1820.0   0.10038
   1820.7   0.10044
   1821.3   0.10046
   1821.9   0.10046
   1822.6   0.10048
   1823.2   0.10048
   1823.9   0.10048
   1824.5   0.10052
   1825.2   0.10054
   1825.8   0.10054
   1826.4   0.10058
   1827.1   0.10063
   1827.7   0.10064
   1828.4   0.10065
   1829.0   0.10065
   1829.7   0.10067
   1830.3   0.10069
   1831.0   0.10074
   1831.6   0.10077
   1832.3   0.10079
   1832.9   0.10082
   1833.6   0.10085
   1834.2   0.10084
   1834.8   0.10084
   1835.5   0.10085
   1836.1   0.10087
   1836.8   0.10087
   1837.4   0.10086
   1838.1   0.10091
   1838.8   0.10097
   1839.4   0.10097
   1840.1   0.10097
   1840.7   0.10099
   1841.4   0.10103
   1842.0   0.10109
   1842.7   0.10109
   1843.3   0.10112
   1844.0   0.10114
   1844.6   0.10115
   1845.3   0.10119
   1845.9   0.10125
   1846.6   0.10127
   1847.3   0.10130
   1847.9   0.10130
   1848.6   0.10125
   1849.2   0.10125
   1849.9   0.10132
   1850.6   0.10140
   1851.2   0.10138
   1851.9   0.10141
   1852.6   0.10140
   1853.2   0.10139
   1853.9   0.10143
   1854.5   0.10150
   1855.2   0.10157
   1855.9   0.10158
   1856.5   0.10158
   1857.2   0.10160
   1857.9   0.10160
   1858.5   0.10163
   1859.2   0.10166
   1859.9   0.10167
   1860.5   0.10172
   1861.2   0.10175
   1861.9   0.10177
   1862.5   0.10179
   1863.2   0.10181
   1863.9   0.10187
   1864.5   0.10191
   1865.2   0.10190
   1865.9   0.10192
   1866.6   0.10196
   1867.2   0.10195
   1867.9   0.10196
   1868.6   0.10202
   1869.2   0.10199
   1869.9   0.10198
   1870.6   0.10203
   1871.3   0.10209
   1871.9   0.10212
   1872.6   0.10214
   1873.3   0.10213
   1874.0   0.10215
   1874.7   0.10219
   1875.3   0.10221
   1876.0   0.10223
   1876.7   0.10226
   1877.4   0.10230
   1878.0   0.10235
   1878.7   0.10236
   1879.4   0.10237
   1880.1   0.10238
   1880.8   0.10239
   1881.4   0.10240
   1882.1   0.10243
   1882.8   0.10248
   1883.5   0.10251
   1884.2   0.10251
   1884.9   0.10253
   1885.6   0.10260
   1886.2   0.10263
   1886.9   0.10260
   1887.6   0.10263
   1888.3   0.10266
   1889.0   0.10270
   1889.7   0.10274
   1890.4   0.10270
   1891.1   0.10270
   1891.8   0.10277
   1892.4   0.10282
   1893.1   0.10285
   1893.8   0.10285
   1894.5   0.10288
   1895.2   0.10290
   1895.9   0.10293
   1896.6   0.10298
   1897.3   0.10298
   1898.0   0.10299
   1898.7   0.10303
   1899.4   0.10305
   1900.1   0.10306
   1900.8   0.10307
   1901.5   0.10312
   1902.2   0.10321
   1902.9   0.10321
   1903.6   0.10317
   1904.3   0.10324
   1905.0   0.10328
   1905.7   0.10327
   1906.4   0.10326
   1907.1   0.10329
   1907.8   0.10334
   1908.5   0.10339
   1909.2   0.10340
   1909.9   0.10338
   1910.6   0.10342
   1911.3   0.10345
   1912.0   0.10346
   1912.7   0.10346
   1913.4   0.10350
   1914.1   0.10356
   1914.8   0.10356
   1915.5   0.10358
   1916.2   0.10361
   1916.9   0.10366
   1917.6   0.10370
   1918.3   0.10369
   1919.1   0.10369
   1919.8   0.10374
   1920.5   0.10378
   1921.2   0.10384
   1921.9   0.10386
   1922.6   0.10385
   1923.3   0.10384
   1924.0   0.10385
   1924.8   0.10390
   1925.5   0.10393
   1926.2   0.10396
   1926.9   0.10400
   1927.6   0.10404
   1928.3   0.10402
   1929.1   0.10405
   1929.8   0.10408
   1930.5   0.10412
   1931.2   0.10413
   1931.9   0.10417
   1932.7   0.10418
   1933.4   0.10422
   1934.1   0.10425
   1934.8   0.10427
   1935.5   0.10432
   1936.3   0.10440
   1937.0   0.10439
   1937.7   0.10436
   1938.4   0.10438
   1939.2   0.10439
   1939.9   0.10442
   1940.6   0.10449
   1941.3   0.10449
   1942.1   0.10449
   1942.8   0.10450
   1943.5   0.10451
   1944.2   0.10458
   1945.0   0.10466
   1945.7   0.10468
   1946.4   0.10470
   1947.2   0.10468
   1947.9   0.10468
   1948.6   0.10472
   1949.4   0.10472
   1950.1   0.10476
   1950.8   0.10483
   1951.6   0.10488
   1952.3   0.10492
   1953.0   0.10492
   1953.8   0.10498
   1954.5   0.10501
   1955.2   0.10498
   1956.0   0.10499
   1956.7   0.10503
   1957.5   0.10507
   1958.2   0.10511
   1958.9   0.10512
   1959.7   0.10513
   1960.4   0.10516
   1961.2   0.10521
   1961.9   0.10522
   1962.6   0.10522
   1963.4   0.10526
   1964.1   0.10528
   1964.9   0.10525
   1965.6   0.10527
   1966.4   0.10533
   1967.1   0.10537
   1967.9   0.10542
   1968.6   0.10547
   1969.3   0.10549
   1970.1   0.10550
   1970.8   0.10554
   1971.6   0.10556
   1972.3   0.10557
   1973.1   0.10563
   1973.8   0.10567
   1974.6   0.10570
   1975.3   0.10569
   1976.1   0.10567
   1976.9   0.10573
   1977.6   0.10578
   1978.4   0.10575
   1979.1   0.10577
   1979.9   0.10583
   1980.6   0.10587
   1981.4   0.10588
   1982.2   0.10588
   1982.9   0.10588
   1983.7   0.10593
   1984.4   0.10602
   1985.2   0.10606
   1985.9   0.10605
   1986.7   0.10609
   1987.5   0.10611
   1988.2   0.10613
   1989.0   0.10615
   1989.8   0.10620
   1990.5   0.10623
   1991.3   0.10623
   1992.1   0.10628
   1992.8   0.10632
   1993.6   0.10634
   1994.3   0.10638
   1995.1   0.10640
   1995.9   0.10641
   1996.7   0.10644
   1997.4   0.10648
   1998.2   0.10650
   1999.0   0.10650
   1999.7   0.10656
   2000.5   0.10663
   2001.3   0.10667
   2002.1   0.10669
   2002.8   0.10669
   2003.6   0.10670
   2004.4   0.10675
   2005.2   0.10679
   2005.9   0.10680
   2006.7   0.10681
   2007.5   0.10686
   2008.3   0.10689
   2009.0   0.10694
   2009.8   0.10693
   2010.6   0.10691
   2011.4   0.10695
   2012.2   0.10703
   2012.9   0.10709
   2013.7   0.10707
   2014.5   0.10709
   2015.3   0.10713
   2016.1   0.10713
   2016.8   0.10713
   2017.6   0.10720
   2018.4   0.10727
   2019.2   0.10729
   2020.0   0.10727
   2020.8   0.10729
   2021.6   0.10734
   2022.3   0.10734
   2023.1   0.10740
   2023.9   0.10747
   2024.7   0.10747
   2025.5   0.10751
   2026.3   0.10757
   2027.1   0.10761
   2027.9   0.10760
   2028.7   0.10762
   2029.5   0.10767
   2030.3   0.10771
   2031.1   0.10772
   2031.9   0.10771
   2032.7   0.10773
   2033.5   0.10774
   2034.3   0.10780
   2035.1   0.10785
   2035.8   0.10788
   2036.7   0.10790
   2037.4   0.10793
   2038.3   0.10796
   2039.1   0.10799
   2039.9   0.10802
   2040.7   0.10802
   2041.5   0.10806
   2042.3   0.10812
   2043.1   0.10815
   2043.9   0.10821
   2044.7   0.10826
   2045.5   0.10827
   2046.3   0.10826
   2047.1   0.10829
   2047.9   0.10831
   2048.7   0.10835
   2049.5   0.10838
   2050.4   0.10840
   2051.2   0.10844
   2052.0   0.10848
   2052.8   0.10851
   2053.6   0.10854
   2054.4   0.10858
   2055.2   0.10860
   2056.0   0.10862
   2056.9   0.10864
   2057.7   0.10869
   2058.5   0.10873
   2059.3   0.10878
   2060.1   0.10879
   2060.9   0.10883
   2061.8   0.10888
   2062.6   0.10887
   2063.4   0.10886
   2064.2   0.10889
   2065.1   0.10896
   2065.9   0.10901
   2066.7   0.10903
   2067.5   0.10901
   2068.3   0.10904
   2069.2   0.10911
   2070.0   0.10916
   2070.8   0.10918
   2071.6   0.10919
   2072.5   0.10922
   2073.3   0.10927
   2074.1   0.10929
   2075.0   0.10931
   2075.8   0.10936
   2076.6   0.10937
   2077.5   0.10936
   2078.3   0.10939
   2079.1   0.10945
   2080.0   0.10947
   2080.8   0.10953
   2081.6   0.10958
   2082.5   0.10958
   2083.3   0.10962
   2084.1   0.10963
   2085.0   0.10964
   2085.8   0.10972
   2086.6   0.10978
   2087.5   0.10981
   2088.3   0.10982
   2089.2   0.10983
   2090.0   0.10985
   2090.9   0.10989
   2091.7   0.10995
   2092.6   0.11001
   2093.4   0.11005
   2094.2   0.11003
   2095.1   0.11003
   2095.9   0.11006
   2096.8   0.11010
   2097.6   0.11014
   2098.5   0.11018
   2099.3   0.11022
   2100.2   0.11024
   2101.0   0.11026
   2101.9   0.11026
   2102.7   0.11029
   2103.6   0.11036
   2104.4   0.11044
   2105.3   0.11046
   2106.1   0.11044
   2107.0   0.11045
   2107.9   0.11051
   2108.7   0.11057
   2109.6   0.11061
   2110.4   0.11064
   2111.3   0.11068
   2112.1   0.11070
   2113.0   0.11073
   2113.9   0.11076
   2114.7   0.11081
   2115.6   0.11087
   2116.5   0.11089
   2117.3   0.11090
   2118.2   0.11094
   2119.1   0.11100
   2119.9   0.11098
   2120.8   0.11097
   2121.7   0.11103
   2122.5   0.11109
   2123.4   0.11115
   2124.3   0.11113
   2125.1   0.11115
   2126.0   0.11122
   2126.9   0.11124
   2127.8   0.11126
   2128.6   0.11132
   2129.5   0.11135
   2130.4   0.11136
   2131.3   0.11145
   2132.1   0.11151
   2133.0   0.11154
   2133.9   0.11156
   2134.8   0.11155
   2135.6   0.11160
   2136.5   0.11166
   2137.4   0.11170
   2138.3   0.11172
   2139.2   0.11175
   2140.1   0.11178
   2140.9   0.11184
   2141.8   0.11187
   2142.7   0.11188
   2143.6   0.11190
   2144.5   0.11191
   2145.4   0.11192
   2146.3   0.11195
   2147.1   0.11198
   2148.0   0.11202
   2148.9   0.11210
   2149.8   0.11214
   2150.7   0.11213
   2151.6   0.11216
   2152.5   0.11217
   2153.4   0.11220
   2154.3   0.11224
   2155.2   0.11227
   2156.1   0.11231
   2157.0   0.11238
   2157.9   0.11240
   2158.8   0.11240
   2159.7   0.11246
   2160.6   0.11249
   2161.5   0.11255
   2162.4   0.11262
   2163.3   0.11262
   2164.2   0.11264
   2165.1   0.11266
   2166.0   0.11268
   2166.9   0.11276
   2167.8   0.11278
   2168.7   0.11279
   2169.6   0.11282
   2170.5   0.11288
   2171.4   0.11292
   2172.3   0.11298
   2173.2   0.11302
   2174.1   0.11303
   2175.1   0.11305
   2176.0   0.11313
   2176.9   0.11321
   2177.8   0.11321
   2178.7   0.11321
   2179.6   0.11323
   2180.6   0.11328
   2181.5   0.11328
   2182.4   0.11335
   2183.3   0.11343
   2184.2   0.11343
   2185.1   0.11344
   2186.1   0.11348
   2187.0   0.11354
   2187.9   0.11359
   2188.8   0.11360
   2189.8   0.11361
   2190.7   0.11362
   2191.6   0.11366
   2192.5   0.11373
   2193.5   0.11373
   2194.4   0.11376
   2195.3   0.11383
   2196.3   0.11389
   2197.2   0.11395
   2198.1   0.11399
   2199.1   0.11401
   2200.0   0.11405
   2200.9   0.11409
   2201.9   0.11410
   2202.8   0.11416
   2203.7   0.11420
   2204.7   0.11419
   2205.6   0.11419
   2206.5   0.11423
   2207.5   0.11427
   2208.4   0.11433
   2209.4   0.11442
   2210.3   0.11448
   2211.2   0.11449
   2212.2   0.11450
   2213.1   0.11453
   2214.1   0.11454
   2215.0   0.11459
   2216.0   0.11464
   2216.9   0.11465
   2217.9   0.11469
   2218.8   0.11474
   2219.8   0.11476
   2220.7   0.11477
   2221.7   0.11484
   2222.6   0.11490
   2223.6   0.11495
   2224.5   0.11501
   2225.5   0.11503
   2226.4   0.11505
   2227.4   0.11508
   2228.4   0.11509
   2229.3   0.11510
   2230.3   0.11515
   2231.2   0.11523
   2232.2   0.11525
   2233.1   0.11526
   2234.1   0.11531
   2235.1   0.11536
   2236.0   0.11539
   2237.0   0.11541
   2238.0   0.11543
   2238.9   0.11546
   2239.9   0.11553
   2240.9   0.11559
   2241.8   0.11564
   2242.8   0.11567
   2243.8   0.11569
   2244.8   0.11573
   2245.7   0.11577
   2246.7   0.11581
   2247.7   0.11585
   2248.6   0.11589
   2249.6   0.11589
   2250.6   0.11594
   2251.6   0.11601
   2252.6   0.11601
   2253.5   0.11603
   2254.5   0.11607
   2255.5   0.11610
   2256.5   0.11613
   2257.5   0.11616
   2258.4   0.11623
   2259.4   0.11628
   2260.4   0.11632
   2261.4   0.11636
   2262.4   0.11643
   2263.4   0.11648
   2264.4   0.11654
   2265.4   0.11656
   2266.3   0.11656
   2267.3   0.11660
   2268.3   0.11661
   2269.3   0.11663
   2270.3   0.11669
   2271.3   0.11670
   2272.3   0.11677
   2273.3   0.11684
   2274.3   0.11686
   2275.3   0.11690
   2276.3   0.11695
   2277.3   0.11697
   2278.3   0.11697
   2279.3   0.11699
   2280.3   0.11706
   2281.3   0.11715
   2282.3   0.11718
   2283.3   0.11719
   2284.3   0.11723
   2285.3   0.11729
   2286.3   0.11735
   2287.3   0.11739
   2288.3   0.11742
   2289.4   0.11748
   2290.4   0.11749
   2291.4   0.11751
   2292.4   0.11760
   2293.4   0.11767
   2294.4   0.11773
   2295.4   0.11775
   2296.4   0.11774
   2297.5   0.11772
   2298.5   0.11778
   2299.5   0.11785
   2300.5   0.11786
   2301.6   0.11792
   2302.6   0.11800
   2303.6   0.11801
   2304.6   0.11803
   2305.6   0.11808
   2306.7   0.11818
   2307.7   0.11824
   2308.7   0.11825
   2309.8   0.11830
   2310.8   0.11836
   2311.8   0.11838
   2312.8   0.11845
   2313.9   0.11849
   2314.9   0.11852
   2315.9   0.11856
   2317.0   0.11860
   2318.0   0.11867
   2319.1   0.11873
   2320.1   0.11876
   2321.1   0.11879
   2322.2   0.11883
   2323.2   0.11890
   2324.3   0.11898
   2325.3   0.11902
   2326.3   0.11906
   2327.4   0.11905
   2328.4   0.11907
   2329.5   0.11913
   2330.5   0.11919
   2331.6   0.11925
   2332.6   0.11931
   2333.7   0.11935
   2334.7   0.11938
   2335.8   0.11943
   2336.8   0.11947
   2337.9   0.11948
   2338.9   0.11952
   2340.0   0.11962
   2341.0   0.11968
   2342.1   0.11970
   2343.1   0.11975
   2344.2   0.11980
   2345.3   0.11989
   2346.3   0.11994
   2347.4   0.11993
   2348.5   0.11995
   2349.5   0.11998
   2350.6   0.12003
   2351.7   0.12009
   2352.7   0.12012
   2353.8   0.12015
   2354.9   0.12022
   2355.9   0.12029
   2357.0   0.12030
   2358.1   0.12031
   2359.1   0.12034
   2360.2   0.12041
   2361.3   0.12051
   2362.4   0.12056
   2363.4   0.12060
   2364.5   0.12064
   2365.6   0.12068
   2366.7   0.12072
   2367.8   0.12074
   2368.9   0.12078
   2369.9   0.12088
   2371.0   0.12097
   2372.1   0.12102
   2373.2   0.12104
   2374.3   0.12106
   2375.4   0.12111
   2376.4   0.12114
   2377.5   0.12119
   2378.6   0.12126
   2379.7   0.12134
   2380.8   0.12138
   2381.9   0.12141
   2383.0   0.12147
   2384.1   0.12153
   2385.2   0.12163
   2386.3   0.12166
   2387.4   0.12167
   2388.5   0.12176
   2389.6   0.12180
   2390.7   0.12182
   2391.8   0.12187
   2392.9   0.12192
   2394.0   0.12195
   2395.1   0.12202
   2396.2   0.12207
   2397.3   0.12211
   2398.4   0.12216
   2399.5   0.12223
   2400.6   0.12226
   2401.8   0.12229
   2402.9   0.12234
   2404.0   0.12242
   2405.1   0.12248
   2406.2   0.12255
   2407.3   0.12261
   2408.5   0.12264
   2409.6   0.12269
   2410.7   0.12274
   2411.8   0.12277
   2412.9   0.12279
   2414.1   0.12288
   2415.2   0.12296
   2416.3   0.12296
   2417.4   0.12299
   2418.6   0.12309
   2419.7   0.12320
   2420.8   0.12325
   2422.0   0.12327
   2423.1   0.12328
   2424.2   0.12333
   2425.4   0.12342
   2426.5   0.12348
   2427.6   0.12352
   2428.8   0.12357
   2429.9   0.12359
   2431.1   0.12363
   2432.2   0.12369
   2433.3   0.12369
   2434.5   0.12373
   2435.6   0.12387
   2436.8   0.12398
   2437.9   0.12401
   2439.1   0.12406
   2440.2   0.12410
   2441.4   0.12417
   2442.5   0.12423
   2443.6   0.12427
   2444.8   0.12431
   2445.9   0.12437
   2447.1   0.12443
   2448.3   0.12450
   2449.4   0.12455
   2450.6   0.12459
   2451.7   0.12467
   2452.9   0.12473
   2454.1   0.12478
   2455.2   0.12484
   2456.4   0.12487
   2457.6   0.12489
   2458.7   0.12495
   2459.9   0.12504
   2461.1   0.12508
   2462.2   0.12511
   2463.4   0.12520
   2464.6   0.12525
   2465.7   0.12526
   2466.9   0.12530
   2468.1   0.12540
   2469.3   0.12547
   2470.4   0.12549
   2471.6   0.12554
   2472.8   0.12561
   2474.0   0.12568
   2475.1   0.12575
   2476.3   0.12580
   2477.5   0.12587
   2478.7   0.12593
   2479.9   0.12597
   2481.1   0.12599
   2482.3   0.12601
   2483.4   0.12609
   2484.6   0.12617
   2485.8   0.12624
   2487.0   0.12633
   2488.2   0.12639
   2489.4   0.12644
   2490.6   0.12648
   2491.8   0.12651
   2493.0   0.12658
   2494.2   0.12666
   2495.4   0.12673
   2496.6   0.12676
   2497.8   0.12683
   2499.0   0.12687
   2500.2   0.12692
   2501.4   0.12696
   2502.6   0.12704
   2503.8   0.12707
   2505.0   0.12711
   2506.3   0.12721
   2507.5   0.12730
   2508.7   0.12736
   2509.9   0.12737
   2511.1   0.12744
   2512.3   0.12755
   2513.5   0.12762
   2514.8   0.12765
   2516.0   0.12771
   2517.2   0.12772
   2518.4   0.12777
   2519.6   0.12780
   2520.9   0.12783
   2522.1   0.12793
   2523.3   0.12803
   2524.6   0.12811
   2525.8   0.12820
   2527.0   0.12827
   2528.2   0.12832
   2529.5   0.12836
   2530.7   0.12843
   2531.9   0.12853
   2533.2   0.12859
   2534.4   0.12863
   2535.7   0.12869
   2536.9   0.12876
   2538.1   0.12879
   2539.4   0.12882
   2540.6   0.12889
   2541.9   0.12898
   2543.1   0.12904
   2544.4   0.12911
   2545.6   0.12916
   2546.9   0.12921
   2548.1   0.12927
   2549.4   0.12934
   2550.6   0.12938
   2551.9   0.12941
   2553.1   0.12945
   2554.4   0.12955
   2555.6   0.12962
   2556.9   0.12967
   2558.2   0.12973
   2559.4   0.12979
   2560.7   0.12981
   2562.0   0.12986
   2563.2   0.12997
   2564.5   0.13008
   2565.8   0.13015
   2567.0   0.13015
   2568.3   0.13021
   2569.6   0.13032
   2570.9   0.13037
   2572.1   0.13039
   2573.4   0.13043
   2574.7   0.13050
   2576.0   0.13055
   2577.3   0.13063
   2578.5   0.13071
   2579.8   0.13074
   2581.1   0.13076
   2582.4   0.13086
   2583.7   0.13095
   2585.0   0.13103
   2586.2   0.13107
   2587.5   0.13111
   2588.8   0.13113
   2590.1   0.13116
   2591.4   0.13128
   2592.7   0.13135
   2594.0   0.13135
   2595.3   0.13138
   2596.6   0.13146
   2597.9   0.13156
   2599.2   0.13161
   2600.5   0.13168
   2601.8   0.13175
   2603.1   0.13181
   2604.4   0.13184
   2605.7   0.13184
   2607.1   0.13191
   2608.4   0.13199
   2609.7   0.13208
   2611.0   0.13216
   2612.3   0.13219
   2613.6   0.13223
   2614.9   0.13229
   2616.3   0.13231
   2617.6   0.13237
   2618.9   0.13243
   2620.2   0.13247
   2621.6   0.13258
   2622.9   0.13264
   2624.2   0.13267
   2625.5   0.13269
   2626.9   0.13276
   2628.2   0.13285
   2629.5   0.13287
   2630.9   0.13291
   2632.2   0.13298
   2633.5   0.13303
   2634.9   0.13314
   2636.2   0.13322
   2637.6   0.13319
   2638.9   0.13321
   2640.2   0.13324
   2641.6   0.13332
   2642.9   0.13344
   2644.3   0.13348
   2645.6   0.13347
   2647.0   0.13349
   2648.3   0.13356
   2649.7   0.13362
   2651.0   0.13365
   2652.4   0.13372
   2653.8   0.13378
   2655.1   0.13382
   2656.5   0.13392
   2657.8   0.13404
   2659.2   0.13411
   2660.6   0.13408
   2661.9   0.13406
   2663.3   0.13408
   2664.7   0.13416
   2666.0   0.13424
   2667.4   0.13428
   2668.8   0.13433
   2670.1   0.13431
   2671.5   0.13435
   2672.9   0.13445
   2674.3   0.13447
   2675.6   0.13446
   2677.0   0.13453
   2678.4   0.13460
   2679.8   0.13461
   2681.2   0.13463
   2682.6   0.13470
   2684.0   0.13475
   2685.4   0.13473
   2686.8   0.13473
   2688.1   0.13480
   2689.5   0.13488
   2690.9   0.13490
   2692.3   0.13488
   2693.7   0.13486
   2695.1   0.13488
   2696.5   0.13495
   2697.9   0.13495
   2699.3   0.13499
   2700.7   0.13503
   2702.1   0.13500
   2703.6   0.13500
   2705.0   0.13501
   2706.4   0.13501
   2707.8   0.13506
   2709.2   0.13503
   2710.6   0.13494
   2712.0   0.13490
   2713.5   0.13489
   2714.9   0.13489
   2716.3   0.13490
   2717.7   0.13493
   2719.1   0.13499
   2720.6   0.13491
   2722.0   0.13483
   2723.4   0.13478
   2724.9   0.13471
   2726.3   0.13467
   2727.7   0.13469
   2729.2   0.13474
   2730.6   0.13472
   2732.0   0.13467
   2733.5   0.13467
   2734.9   0.13459
   2736.4   0.13456
   2737.8   0.13455
   2739.3   0.13450
   2740.7   0.13443
   2742.2   0.13439
   2743.6   0.13434
   2745.1   0.13429
   2746.5   0.13422
   2748.0   0.13416
   2749.4   0.13414
   2750.9   0.13408
   2752.3   0.13400
   2753.8   0.13393
   2755.3   0.13379
   2756.7   0.13369
   2758.2   0.13364
   2759.7   0.13359
   2761.1   0.13352
   2762.6   0.13340
   2764.1   0.13329
   2765.6   0.13323
   2767.0   0.13310
   2768.5   0.13298
   2770.0   0.13290
   2771.5   0.13281
   2772.9   0.13277
   2774.4   0.13275
   2775.9   0.13269
   2777.4   0.13265
   2778.9   0.13263
   2780.4   0.13255
   2781.9   0.13247
   2783.4   0.13241
   2784.9   0.13237
   2786.4   0.13235
   2787.9   0.13231
   2789.4   0.13219
   2790.9   0.13211
   2792.4   0.13210
   2793.9   0.13205
   2795.4   0.13203
   2796.9   0.13200
   2798.4   0.13190
   2799.9   0.13184
   2801.4   0.13180
   2802.9   0.13174
   2804.4   0.13171
   2806.0   0.13171
   2807.5   0.13171
   2809.0   0.13167
   2810.5   0.13159
   2812.1   0.13157
   2813.6   0.13160
   2815.1   0.13161
   2816.6   0.13158
   2818.2   0.13160
   2819.7   0.13153
   2821.2   0.13154
   2822.8   0.13159
   2824.3   0.13153
   2825.8   0.13149
   2827.4   0.13151
   2828.9   0.13157
   2830.5   0.13160
   2832.0   0.13157
   2833.6   0.13153
   2835.1   0.13149
   2836.7   0.13156
   2838.2   0.13164
   2839.8   0.13170
   2841.3   0.13170
   2842.9   0.13163
   2844.4   0.13161
   2846.0   0.13162
   2847.6   0.13162
   2849.1   0.13163
   2850.7   0.13166
   2852.3   0.13170
   2853.8   0.13170
   2855.4   0.13175
   2857.0   0.13179
   2858.6   0.13183
   2860.1   0.13185
   2861.7   0.13183
   2863.3   0.13177
   2864.9   0.13177
   2866.4   0.13181
   2868.0   0.13185
   2869.6   0.13185
   2871.2   0.13186
   2872.8   0.13191
   2874.4   0.13195
   2876.0   0.13194
   2877.6   0.13196
   2879.2   0.13199
   2880.8   0.13202
   2882.4   0.13203
   2884.0   0.13205
   2885.6   0.13203
   2887.2   0.13201
   2888.8   0.13208
   2890.4   0.13214
   2892.0   0.13218
   2893.6   0.13218
   2895.3   0.13222
   2896.9   0.13225
   2898.5   0.13226
   2900.1   0.13233
   2901.7   0.13241
   2903.4   0.13242
   2905.0   0.13243
   2906.6   0.13242
   2908.3   0.13249
   2909.9   0.13256
   2911.5   0.13257
   2913.1   0.13257
   2914.8   0.13262
   2916.4   0.13270
   2918.1   0.13271
   2919.7   0.13273
   2921.4   0.13280
   2923.0   0.13281
   2924.7   0.13280
   2926.3   0.13286
   2928.0   0.13292
   2929.6   0.13293
   2931.3   0.13291
   2932.9   0.13293
   2934.6   0.13297
   2936.3   0.13303
   2937.9   0.13311
   2939.6   0.13315
   2941.2   0.13313
   2942.9   0.13314
   2944.6   0.13321
   2946.3   0.13327
   2947.9   0.13329
   2949.6   0.13331
   2951.3   0.13337
   2953.0   0.13341
   2954.6   0.13345
   2956.3   0.13347
   2958.0   0.13353
   2959.7   0.13358
   2961.4   0.13354
   2963.1   0.13359
   2964.8   0.13369
   2966.5   0.13376
   2968.2   0.13378
   2969.9   0.13381
   2971.6   0.13386
   2973.3   0.13385
   2975.0   0.13386
   2976.7   0.13397
   2978.4   0.13406
   2980.1   0.13411
   2981.8   0.13416
   2983.6   0.13416
   2985.3   0.13417
   2987.0   0.13422
   2988.7   0.13429
   2990.4   0.13436
   2992.2   0.13446
   2993.9   0.13449
   2995.6   0.13455
   2997.4   0.13464
   2999.1   0.13466
   3000.8   0.13471
   3002.6   0.13475
   3004.3   0.13478
   3006.0   0.13489
   3007.8   0.13495
   3009.5   0.13495
   3011.3   0.13504
   3013.0   0.13512
   3014.8   0.13515
   3016.5   0.13523
   3018.3   0.13532
   3020.0   0.13536
   3021.8   0.13538
   3023.6   0.13546
   3025.3   0.13551
   3027.1   0.13558
   3028.9   0.13565
   3030.6   0.13565
   3032.4   0.13568
   3034.2   0.13574
   3036.0   0.13577
   3037.7   0.13584
   3039.5   0.13592
   3041.3   0.13593
   3043.1   0.13599
   3044.9   0.13606
   3046.7   0.13613
   3048.4   0.13615
   3050.2   0.13621
   3052.0   0.13633
   3053.8   0.13637
   3055.6   0.13636
   3057.4   0.13647
   3059.2   0.13650
   3061.1   0.13649
   3062.9   0.13654
   3064.7   0.13660
   3066.5   0.13667
   3068.3   0.13672
   3070.1   0.13676
   3071.9   0.13677
   3073.8   0.13679
   3075.6   0.13692
   3077.4   0.13703
   3079.2   0.13699
   3081.1   0.13702
   3082.9   0.13709
   3084.7   0.13713
   3086.6   0.13719
   3088.4   0.13722
   3090.2   0.13727
   3092.1   0.13734
   3093.9   0.13736
   3095.8   0.13739
   3097.6   0.13745
   3099.5   0.13750
   3101.3   0.13755
   3103.2   0.13760
   3105.0   0.13763
   3106.9   0.13771
   3108.8   0.13780
   3110.6   0.13785
   3112.5   0.13784
   3114.4   0.13789
   3116.2   0.13793
   3118.1   0.13801
   3120.0   0.13810
   3121.9   0.13817
   3123.7   0.13820
   3125.6   0.13827
   3127.5   0.13830
   3129.4   0.13832
   3131.3   0.13839
   3133.2   0.13845
   3135.1   0.13849
   3137.0   0.13853
   3138.9   0.13862
   3140.8   0.13872
   3142.7   0.13875
   3144.6   0.13874
   3146.5   0.13876
   3148.4   0.13881
   3150.3   0.13887
   3152.2   0.13895
   3154.1   0.13902
   3156.1   0.13901
   3158.0   0.13908
   3159.9   0.13914
   3161.8   0.13913
   3163.8   0.13921
   3165.7   0.13935
   3167.6   0.13935
   3169.6   0.13940
   3171.5   0.13954
   3173.4   0.13968
   3175.4   0.13969
   3177.3   0.13966
   3179.3   0.13974
   3181.2   0.13978
   3183.2   0.13980
   3185.1   0.13989
   3187.1   0.13999
   3189.1   0.14006
   3191.0   0.14010
   3193.0   0.14011
   3194.9   0.14019
   3196.9   0.14028
   3198.9   0.14032
   3200.9   0.14038
   3202.9   0.14037
   3204.8   0.14041
   3206.8   0.14046
   3208.8   0.14057
   3210.8   0.14061
   3212.8   0.14064
   3214.8   0.14069
   3216.8   0.14072
   3218.8   0.14085
   3220.8   0.14093
   3222.8   0.14088
   3224.8   0.14090
   3226.8   0.14098
   3228.8   0.14105
   3230.8   0.14113
   3232.8   0.14118
   3234.8   0.14123
   3236.8   0.14128
   3238.9   0.14129
   3240.9   0.14133
   3242.9   0.14145
   3244.9   0.14149
   3247.0   0.14153
   3249.0   0.14162
   3251.0   0.14166
   3253.1   0.14170
   3255.1   0.14179
   3257.2   0.14180
   3259.2   0.14179
   3261.3   0.14186
   3263.3   0.14191
   3265.4   0.14197
   3267.4   0.14207
   3269.5   0.14217
   3271.6   0.14218
   3273.6   0.14222
   3275.7   0.14231
   3277.8   0.14238
   3279.8   0.14240
   3281.9   0.14235
   3284.0   0.14239
   3286.1   0.14245
   3288.1   0.14250
   3290.2   0.14251
   3292.3   0.14263
   3294.4   0.14268
   3296.5   0.14265
   3298.6   0.14272
   3300.7   0.14276
   3302.8   0.14284
   3304.9   0.14293
   3307.0   0.14299
   3309.1   0.14305
   3311.2   0.14309
   3313.4   0.14308
   3315.5   0.14308
   3317.6   0.14314
   3319.7   0.14320
   3321.9   0.14327
   3324.0   0.14327
   3326.1   0.14332
   3328.3   0.14340
   3330.4   0.14343
   3332.5   0.14349
   3334.7   0.14355
   3336.8   0.14362
   3339.0   0.14368
   3341.1   0.14372
   3343.3   0.14370
   3345.4   0.14372
   3347.6   0.14377
   3349.8   0.14378
   3351.9   0.14383
   3354.1   0.14385
   3356.3   0.14390
   3358.4   0.14397
   3360.6   0.14396
   3362.8   0.14397
   3365.0   0.14399
   3367.1   0.14403
   3369.3   0.14412
   3371.5   0.14418
   3373.7   0.14422
   3375.9   0.14424
   3378.1   0.14424
   3380.3   0.14428
   3382.5   0.14434
   3384.7   0.14444
   3386.9   0.14445
   3389.1   0.14446
   3391.4   0.14452
   3393.6   0.14459
   3395.8   0.14468
   3398.0   0.14473
   3400.3   0.14475
   3402.5   0.14475
   3404.7   0.14480
   3407.0   0.14485
   3409.2   0.14491
   3411.4   0.14500
   3413.7   0.14503
   3415.9   0.14503
   3418.2   0.14514
   3420.4   0.14522
   3422.7   0.14524
   3425.0   0.14525
   3427.2   0.14528
   3429.5   0.14534
   3431.8   0.14538
   3434.0   0.14540
   3436.3   0.14545
   3438.6   0.14549
   3440.9   0.14553
   3443.2   0.14558
   3445.4   0.14560
   3447.7   0.14567
   3450.0   0.14572
   3452.3   0.14577
   3454.6   0.14587
   3456.9   0.14591
   3459.2   0.14589
   3461.6   0.14595
   3463.9   0.14600
   3466.2   0.14604
   3468.5   0.14608
   3470.8   0.14605
   3473.1   0.14609
   3475.5   0.14613
   3477.8   0.14615
   3480.1   0.14626
   3482.5   0.14632
   3484.8   0.14633
   3487.2   0.14635
   3489.5   0.14640
   3491.9   0.14648
   3494.2   0.14651
   3496.6   0.14661
   3498.9   0.14667
   3501.3   0.14670
   3503.6   0.14668
   3506.0   0.14672
   3508.4   0.14687
   3510.8   0.14694
   3513.1   0.14696
   3515.5   0.14696
   3517.9   0.14697
   3520.3   0.14695
   3522.7   0.14695
   3525.1   0.14697
   3527.5   0.14703
   3529.9   0.14702
   3532.3   0.14708
   3534.7   0.14716
   3537.1   0.14720
   3539.5   0.14721
   3541.9   0.14728
   3544.4   0.14736
   3546.8   0.14742
   3549.2   0.14746
   3551.6   0.14754
   3554.1   0.14750
   3556.5   0.14745
   3559.0   0.14751
   3561.4   0.14758
   3563.9   0.14761
   3566.3   0.14764
   3568.8   0.14765
   3571.2   0.14769
   3573.7   0.14772
   3576.1   0.14775
   3578.6   0.14782
   3581.1   0.14788
   3583.6   0.14786
   3586.0   0.14785
   3588.5   0.14788
   3591.0   0.14789
   3593.5   0.14795
   3596.0   0.14798
   3598.5   0.14800
   3601.0   0.14809
   3603.5   0.14808
   3606.0   0.14810
   3608.5   0.14816
   3611.0   0.14817
   3613.5   0.14817
   3616.0   0.14825
   3618.6   0.14834
   3621.1   0.14838
   3623.6   0.14842
   3626.1   0.14841
   3628.7   0.14845
   3631.2   0.14850
   3633.8   0.14855
   3636.3   0.14852
   3638.9   0.14856
   3641.4   0.14867
   3644.0   0.14871
   3646.6   0.14863
   3649.1   0.14867
   3651.7   0.14877
   3654.3   0.14880
   3656.9   0.14886
   3659.4   0.14891
   3662.0   0.14895
   3664.6   0.14897
   3667.2   0.14900
   3669.8   0.14905
   3672.4   0.14907
   3675.0   0.14909
   3677.6   0.14915
   3680.2   0.14920
   3682.8   0.14922
   3685.4   0.14926
   3688.1   0.14930
   3690.7   0.14936
   3693.3   0.14941
   3695.9   0.14943
   3698.6   0.14944
   3701.2   0.14948
   3703.9   0.14956
   3706.5   0.14962
   3709.2   0.14963
   3711.8   0.14963
   3714.5   0.14967
   3717.1   0.14972
   3719.8   0.14976
   3722.5   0.14980
   3725.2   0.14982
   3727.8   0.14986
   3730.5   0.14991
   3733.2   0.14994
   3735.9   0.14996
   3738.6   0.14999
   3741.3   0.15003
   3744.0   0.15007
   3746.7   0.15008
   3749.4   0.15010
   3752.1   0.15013
   3754.8   0.15018
   3757.6   0.15023
   3760.3   0.15026
   3763.0   0.15029
   3765.7   0.15032
   3768.5   0.15035
   3771.2   0.15040
   3774.0   0.15043
   3776.7   0.15045
   3779.5   0.15048
   3782.2   0.15050
   3785.0   0.15053
   3787.7   0.15057
   3790.5   0.15059
   3793.3   0.15063
   3796.1   0.15070
   3798.8   0.15072
   3801.6   0.15069
   3804.4   0.15071
   3807.2   0.15075
   3810.0   0.15079
   3812.8   0.15083
   3815.6   0.15085
   3818.4   0.15089
   3821.2   0.15091
   3824.1   0.15094
   3826.9   0.15096
   3829.7   0.15101
   3832.5   0.15105
   3835.4   0.15107
   3838.2   0.15109
   3841.1   0.15112
   3843.9   0.15115
   3846.8   0.15117
   3849.6   0.15119
   3852.5   0.15122
   3855.3   0.15123
   3858.2   0.15125
   3861.1   0.15127
   3863.9   0.15129
   3866.8   0.15133
   3869.7   0.15135
   3872.6   0.15139
   3875.5   0.15145
   3878.4   0.15145
   3881.3   0.15147
   3884.2   0.15149
   3887.1   0.15151
   3890.0   0.15154
   3892.9   0.15156
   3895.9   0.15158
   3898.8   0.15162
   3901.7   0.15164
   3904.7   0.15165
   3907.6   0.15167
   3910.6   0.15169
   3913.5   0.15172
   3916.5   0.15175
   3919.4   0.15175
   3922.4   0.15176
   3925.4   0.15179
   3928.4   0.15183
   3931.3   0.15186
   3934.3   0.15187
   3937.3   0.15191
   3940.3   0.15195
   3943.3   0.15198
   3946.3   0.15197
   3949.3   0.15197
   3952.3   0.15199
   3955.3   0.15199
   3958.3   0.15198
   3961.4   0.15200
   3964.4   0.15204
   3967.4   0.15206
   3970.5   0.15208
   3973.5   0.15210
   3976.6   0.15209
   3979.6   0.15209
   3982.6   0.15212
   3985.7   0.15215
   3988.8   0.15215
   3991.9   0.15215
   3994.9   0.15217
   3998.0   0.15219
   4001.1   0.15221
   4004.2   0.15221
   4007.3   0.15221
   4010.4   0.15222
   4013.5   0.15222
   4016.6   0.15222
   4019.7   0.15223
   4022.8   0.15224
   4025.9   0.15226
   4029.1   0.15228
   4032.2   0.15227
   4035.3   0.15228
   4038.5   0.15230
   4041.6   0.15231
   4044.8   0.15232
   4047.9   0.15234
   4051.1   0.15237
   4054.3   0.15239
   4057.4   0.15242
   4060.6   0.15242
   4063.8   0.15242
   4067.0   0.15242
   4070.2   0.15242
   4073.4   0.15242
   4076.6   0.15243
   4079.8   0.15244
   4083.0   0.15245
   4086.2   0.15246
   4089.4   0.15247
   4092.7   0.15247
   4095.9   0.15249
   4099.1   0.15250
   4102.4   0.15250
   4105.6   0.15248
   4108.9   0.15246
   4112.1   0.15247
   4115.4   0.15248
   4118.7   0.15249
   4122.0   0.15250
   4125.2   0.15248
   4128.5   0.15247
   4131.8   0.15249
   4135.1   0.15250
   4138.4   0.15252
   4141.7   0.15253
   4145.0   0.15254
   4148.3   0.15255
   4151.6   0.15254
   4155.0   0.15254
   4158.3   0.15255
   4161.6   0.15254
   4165.0   0.15255
   4168.3   0.15257
   4171.7   0.15257
   4175.0   0.15256
   4178.4   0.15255
   4181.8   0.15258
   4185.2   0.15258
   4188.5   0.15259
   4191.9   0.15260
   4195.3   0.15259
   4198.7   0.15257
   4202.1   0.15259
   4205.5   0.15263
   4208.9   0.15265
   4212.4   0.15266
   4215.8   0.15265
   4219.2   0.15264
   4222.6   0.15265
   4226.1   0.15265
   4229.5   0.15267
   4233.0   0.15267
   4236.5   0.15266
   4239.9   0.15264
   4243.4   0.15265
   4246.9   0.15263
   4250.3   0.15259
   4253.8   0.15256
   4257.3   0.15255
   4260.8   0.15254
   4264.3   0.15252
   4267.8   0.15250
   4271.3   0.15248
   4274.9   0.15246
   4278.4   0.15246
   4281.9   0.15246
   4285.5   0.15245
   4289.0   0.15243
   4292.6   0.15239
   4296.1   0.15235
   4299.7   0.15231
   4303.3   0.15230
   4306.8   0.15227
   4310.4   0.15224
   4314.0   0.15222
   4317.6   0.15216
   4321.2   0.15211
   4324.8   0.15208
   4328.4   0.15206
   4332.0   0.15204
   4335.6   0.15199
   4339.3   0.15195
   4342.9   0.15192
   4346.5   0.15189
   4350.2   0.15187
   4353.8   0.15185
   4357.5   0.15180
   4361.1   0.15177
   4364.8   0.15174
   4368.5   0.15170
   4372.2   0.15165
   4375.9   0.15160
   4379.6   0.15157
   4383.3   0.15155
   4387.0   0.15151
   4390.7   0.15148
   4394.4   0.15144
   4398.1   0.15141
   4401.9   0.15139
   4405.6   0.15136
   4409.4   0.15134
   4413.1   0.15132
   4416.9   0.15129
   4420.6   0.15125
   4424.4   0.15121
   4428.2   0.15118
   4432.0   0.15115
   4435.8   0.15114
   4439.6   0.15113
   4443.4   0.15109
   4447.2   0.15107
   4451.0   0.15106
   4454.8   0.15102
   4458.6   0.15098
   4462.5   0.15095
   4466.3   0.15090
   4470.2   0.15087
   4474.0   0.15085
   4477.9   0.15081
   4481.8   0.15076
   4485.6   0.15070
   4489.5   0.15062
   4493.4   0.15058
   4497.3   0.15055
   4501.2   0.15050
   4505.1   0.15042
   4509.0   0.15039
   4513.0   0.15036
   4516.9   0.15030
   4520.8   0.15022
   4524.8   0.15018
   4528.7   0.15010
   4532.7   0.15000
   4536.7   0.14992
   4540.6   0.14984
   4544.6   0.14977
   4548.6   0.14970
   4552.6   0.14960
   4556.6   0.14950
   4560.6   0.14940
   4564.6   0.14932
   4568.6   0.14923
   4572.7   0.14913
   4576.7   0.14901
   4580.8   0.14889
   4584.8   0.14879
   4588.9   0.14866
   4592.9   0.14853
   4597.0   0.14841
   4601.1   0.14826
   4605.2   0.14812
   4609.3   0.14799
   4613.4   0.14784
   4617.5   0.14770
   4621.6   0.14755
   4625.7   0.14736
   4629.8   0.14720
   4634.0   0.14704
   4638.1   0.14688
   4642.3   0.14673
   4646.4   0.14656
   4650.6   0.14639
   4654.8   0.14624
   4659.0   0.14608
   4663.1   0.14591
   4667.3   0.14572
   4671.5   0.14554
   4675.8   0.14537
   4680.0   0.14519
   4684.2   0.14500
   4688.4   0.14480
   4692.7   0.14461
   4696.9   0.14443
   4701.2   0.14425
   4705.5   0.14405
   4709.7   0.14384
   4714.0   0.14364
   4718.3   0.14346
   4722.6   0.14329
   4726.9   0.14308
   4731.2   0.14288
   4735.5   0.14266
   4739.9   0.14247
   4744.2   0.14227
   4748.5   0.14208
   4752.9   0.14189
   4757.3   0.14171
   4761.6   0.14152
   4766.0   0.14131
   4770.4   0.14109
   4774.8   0.14089
   4779.2   0.14070
   4783.6   0.14051
   4788.0   0.14031
   4792.4   0.14012
   4796.9   0.13992
   4801.3   0.13973
   4805.8   0.13954
   4810.2   0.13936
   4814.7   0.13915
   4819.1   0.13895
   4823.6   0.13875
   4828.1   0.13854
   4832.6   0.13832
   4837.1   0.13809
   4841.6   0.13788
   4846.2   0.13767
   4850.7   0.13743
   4855.3   0.13718
   4859.8   0.13693
   4864.4   0.13669
   4868.9   0.13643
   4873.5   0.13620
   4878.1   0.13596
   4882.7   0.13569
   4887.3   0.13545
   4891.9   0.13519
   4896.5   0.13490
   4901.1   0.13461
   4905.8   0.13433
   4910.4   0.13406
   4915.1   0.13377
   4919.7   0.13346
   4924.4   0.13317
   4929.1   0.13287
   4933.8   0.13257
   4938.5   0.13227
   4943.2   0.13193
   4947.9   0.13162
   4952.6   0.13134
   4957.4   0.13106
   4962.1   0.13079
   4966.9   0.13049
   4971.6   0.13021
   4976.4   0.12996
   4981.2   0.12968
   4986.0   0.12942
   4990.8   0.12918
   4995.6   0.12892
   5000.4   0.12867
   5005.2   0.12841
   5010.0   0.12813
   5014.9   0.12788
   5019.8   0.12765
   5024.6   0.12740
   5029.5   0.12715
   5034.4   0.12692
   5039.3   0.12665
   5044.2   0.12641
   5049.1   0.12621
   5054.0   0.12597
   5058.9   0.12574
   5063.9   0.12553
   5068.8   0.12532
   5073.8   0.12512
   5078.8   0.12492
   5083.7   0.12475
   5088.7   0.12457
   5093.7   0.12439
   5098.7   0.12421
   5103.7   0.12403
   5108.8   0.12385
   5113.8   0.12369
   5118.9   0.12352
   5123.9   0.12336
   5129.0   0.12317
   5134.1   0.12297
   5139.1   0.12276
   5144.3   0.12255
   5149.4   0.12232
   5154.5   0.12213
   5159.6   0.12196
   5164.7   0.12174
   5169.9   0.12152
   5175.0   0.12131
   5180.2   0.12113
   5185.4   0.12092
   5190.6   0.12069
   5195.8   0.12049
   5201.0   0.12030
   5206.2   0.12010
   5211.5   0.11990
   5216.7   0.11967
   5222.0   0.11940
   5227.2   0.11917
   5232.5   0.11893
   5237.8   0.11866
   5243.1   0.11839
   5248.4   0.11812
   5253.7   0.11785
   5259.0   0.11760
   5264.4   0.11737
   5269.7   0.11714
   5275.1   0.11694
   5280.5   0.11679
   5285.8   0.11662
   5291.2   0.11643
   5296.6   0.11628
   5302.0   0.11617
   5307.5   0.11605
   5312.9   0.11597
   5318.4   0.11592
   5323.8   0.11586
   5329.3   0.11581
   5334.8   0.11579
   5340.3   0.11577
   5345.8   0.11579
   5351.3   0.11586
   5356.8   0.11588
   5362.4   0.11589
   5367.9   0.11597
   5373.5   0.11604
   5379.0   0.11610
   5384.6   0.11616
   5390.2   0.11623
   5395.8   0.11629
   5401.5   0.11632
   5407.1   0.11634
   5412.7   0.11637
   5418.4   0.11639
   5424.1   0.11643
   5429.7   0.11644
   5435.4   0.11643
   5441.1   0.11641
   5446.9   0.11640
   5452.6   0.11641
   5458.3   0.11642
   5464.1   0.11643
   5469.8   0.11643
   5475.6   0.11644
   5481.4   0.11645
   5487.2   0.11642
   5493.0   0.11645
   5498.8   0.11645
   5504.7   0.11646
   5510.5   0.11645
   5516.4   0.11642
   5522.3   0.11640
   5528.1   0.11638
   5534.0   0.11633
   5540.0   0.11629
   5545.9   0.11622
   5551.8   0.11615
   5557.8   0.11605
   5563.7   0.11593
   5569.7   0.11581
   5575.7   0.11567
   5581.7   0.11552
   5587.7   0.11531
   5593.7   0.11511
   5599.8   0.11493
   5605.8   0.11474
   5611.9   0.11455
   5618.0   0.11434
   5624.1   0.11411
   5630.2   0.11392
   5636.3   0.11375
   5642.4   0.11361
   5648.6   0.11344
   5654.7   0.11326
   5660.9   0.11312
   5667.1   0.11295
   5673.3   0.11284
   5679.5   0.11275
   5685.7   0.11266
   5692.0   0.11259
   5698.2   0.11251
   5704.5   0.11244
   5710.8   0.11241
   5717.1   0.11234
   5723.4   0.11224
   5729.7   0.11211
   5736.0   0.11197
   5742.4   0.11184
   5748.8   0.11170
   5755.1   0.11151
   5761.5   0.11133
   5768.0   0.11117
   5774.4   0.11090
   5780.8   0.11059
   5787.3   0.11032
   5793.7   0.11003
   5800.2   0.10975
   5806.7   0.10948
   5813.2   0.10920
   5819.7   0.10898
   5826.3   0.10875
   5832.8   0.10839
   5839.4   0.10805
   5846.0   0.10775
   5852.6   0.10747
   5859.2   0.10721
   5865.8   0.10695
   5872.5   0.10663
   5879.1   0.10639
   5885.8   0.10609
   5892.5   0.10573
   5899.2   0.10540
   5905.9   0.10501
   5912.6   0.10461
   5919.4   0.10427
   5926.2   0.10393
   5932.9   0.10365
   5939.7   0.10334
   5946.5   0.10290
   5953.4   0.10249
   5960.2   0.10214
   5967.1   0.10184
   5974.0   0.10153
   5980.8   0.10118
   5987.8   0.10087
   5994.7   0.10057
   6001.6   0.10030
   6008.6   0.10004
   6015.5   0.09977
   6022.5   0.09946
   6029.5   0.09922
   6036.5   0.09906
   6043.6   0.09898
   6050.6   0.09897
   6057.7   0.09881
   6064.8   0.09862
   6071.9   0.09858
   6079.0   0.09852
   6086.1   0.09841
   6093.3   0.09831
   6100.5   0.09823
   6107.6   0.09815
   6114.8   0.09809
   6122.1   0.09792
   6129.3   0.09777
   6136.5   0.09768
   6143.8   0.09759
   6151.1   0.09745
   6158.4   0.09736
   6165.7   0.09724
   6173.1   0.09709
   6180.4   0.09702
   6187.8   0.09701
   6195.2   0.09691
   6202.6   0.09680
   6210.0   0.09674
   6217.5   0.09674
   6225.0   0.09670
   6232.4   0.09666
   6239.9   0.09662
   6247.5   0.09659
   6255.0   0.09655
   6262.5   0.09653
   6270.1   0.09651
   6277.7   0.09650
   6285.3   0.09646
   6292.9   0.09640
   6300.6   0.09638
   6308.3   0.09636
   6315.9   0.09632
   6323.6   0.09631
   6331.4   0.09630
   6339.1   0.09632
   6346.9   0.09634
   6354.6   0.09625
   6362.4   0.09617
   6370.3   0.09616
   6378.1   0.09611
   6385.9   0.09604
   6393.8   0.09598
   6401.7   0.09592
   6409.6   0.09592
   6417.6   0.09590
   6425.5   0.09575
   6433.5   0.09558
   6441.5   0.09543
   6449.5   0.09532
   6457.5   0.09520
   6465.6   0.09508
   6473.6   0.09501
   6481.7   0.09495
   6489.8   0.09490
   6498.0   0.09480
   6506.1   0.09459
   6514.3   0.09444
   6522.5   0.09436
   6530.7   0.09423
   6539.0   0.09413
   6547.2   0.09407
   6555.5   0.09398
   6563.8   0.09391
   6572.1   0.09389
   6580.4   0.09379
   6588.8   0.09366
   6597.2   0.09357
   6605.6   0.09348
   6614.0   0.09340
   6622.5   0.09333
   6630.9   0.09331
   6639.4   0.09330
   6647.9   0.09319
   6656.5   0.09305
   6665.0   0.09298
   6673.6   0.09298
   6682.2   0.09298
   6690.8   0.09291
   6699.5   0.09281
   6708.1   0.09276
   6716.8   0.09275
   6725.5   0.09268
   6734.3   0.09254
   6743.0   0.09242
   6751.8   0.09233
   6760.6   0.09221
   6769.4   0.09208
   6778.3   0.09194
   6787.1   0.09181
   6796.0   0.09167
   6805.0   0.09147
   6813.9   0.09126
   6822.9   0.09106
   6831.9   0.09087
   6840.9   0.09064
   6849.9   0.09044
   6859.0   0.09030
   6868.0   0.09007
   6877.2   0.08975
   6886.3   0.08948
   6895.5   0.08923
   6904.6   0.08898
   6913.8   0.08871
   6923.1   0.08844
   6932.3   0.08816
   6941.6   0.08785
   6950.9   0.08754
   6960.2   0.08724
   6969.6   0.08690
   6979.0   0.08657
   6988.4   0.08627
   6997.8   0.08595
   7007.3   0.08564
   7016.8   0.08534
   7026.3   0.08506
   7035.8   0.08475
   7045.4   0.08446
   7054.9   0.08414
   7064.5   0.08379
   7074.2   0.08347
   7083.9   0.08317
   7093.5   0.08287
   7103.3   0.08254
   7113.0   0.08223
   7122.8   0.08193
   7132.6   0.08159
   7142.4   0.08130
   7152.2   0.08100
   7162.1   0.08068
   7172.0   0.08036
   7182.0   0.08002
   7191.9   0.07967
   7201.9   0.07932
   7211.9   0.07893
   7222.0   0.07857
   7232.0   0.07820
   7242.1   0.07779
   7252.3   0.07740
   7262.4   0.07701
   7272.6   0.07662
   7282.8   0.07627
   7293.1   0.07587
   7303.3   0.07548
   7313.6   0.07510
   7324.0   0.07470
   7334.3   0.07426
   7344.7   0.07383
   7355.1   0.07339
   7365.6   0.07294
   7376.1   0.07243
   7386.6   0.07195
   7397.1   0.07147
   7407.7   0.07100
   7418.3   0.07049
   7428.9   0.06999
   7439.6   0.06947
   7450.2   0.06895
   7461.0   0.06844
   7471.7   0.06794
   7482.5   0.06741
   7493.3   0.06689
   7504.1   0.06636
   7515.0   0.06581
   7525.9   0.06522
   7536.9   0.06465
   7547.9   0.06407
   7558.9   0.06353
   7569.9   0.06298
   7581.0   0.06243
   7592.0   0.06186
   7603.2   0.06131
   7614.4   0.06075
   7625.5   0.06018
   7636.8   0.05961
   7648.0   0.05901
   7659.3   0.05843
   7670.7   0.05787
   7682.0   0.05724
   7693.4   0.05662
   7704.9   0.05598
   7716.3   0.05534
   7727.8   0.05470
   7739.4   0.05403
   7750.9   0.05336
   7762.5   0.05269
   7774.2   0.05201
   7785.8   0.05129
   7797.5   0.05055
   7809.3   0.04983
   7821.1   0.04907
   7832.9   0.04831
   7844.7   0.04754
   7856.6   0.04671
   7868.5   0.04588
   7880.5   0.04502
   7892.5   0.04412
   7904.5   0.04326
   7916.6   0.04239
   7928.7   0.04149
   7940.8   0.04054
   7953.0   0.03960
   7965.2   0.03864
   7977.5   0.03767
   7989.8   0.03667
   8002.1   0.03572
   8014.5   0.03476
   8026.9   0.03380
   8039.3   0.03287
   8051.8   0.03196
   8064.3   0.03106
   8076.9   0.03021
   8089.5   0.02933
   8102.1   0.02849
   8114.8   0.02771
   8127.5   0.02694
   8140.3   0.02618
   8153.1   0.02548
   8165.9   0.02478
   8178.8   0.02414
   8191.7   0.02349
   8204.7   0.02289
   8217.7   0.02231
   8230.7   0.02178
   8243.8   0.02124
   8257.0   0.02076
   8270.1   0.02029
   8283.3   0.01983
   8296.6   0.01940
   8309.9   0.01898
   8323.2   0.01858
   8336.6   0.01821
   8350.0   0.01785
   8363.5   0.01756
   8377.0   0.01730
   8390.5   0.01708
   8404.2   0.01686
   8417.8   0.01670
   8431.5   0.01658
   8445.2   0.01650
   8459.0   0.01640
   8472.8   0.01632
   8486.7   0.01621
   8500.6   0.01610
   8514.5   0.01599
   8528.5   0.01595
   8542.6   0.01588
   8556.7   0.01584
   8570.8   0.01580
   8585.0   0.01577
   8599.3   0.01574
   8613.5   0.01578
   8627.9   0.01581
   8642.3   0.01587
   8656.7   0.01597
   8671.2   0.01609
   8685.7   0.01620
   8700.3   0.01633
   8714.9   0.01647
   8729.5   0.01665
   8744.3   0.01683
   8759.0   0.01706
   8773.9   0.01727
   8788.7   0.01752
   8803.7   0.01773
   8818.6   0.01794
   8833.7   0.01818
   8848.7   0.01846
   8863.8   0.01869
   8879.0   0.01894
   8894.3   0.01920
   8909.5   0.01947
   8924.9   0.01970
   8940.3   0.01996
   8955.7   0.02017
   8971.2   0.02035
   8986.8   0.02052
   9002.3   0.02069
   9018.0   0.02078
   9033.7   0.02088
   9049.5   0.02096
   9065.3   0.02101
   9081.2   0.02104
   9097.1   0.02107
   9113.1   0.02103
   9129.1   0.02101
   9145.2   0.02098
   9161.4   0.02095
   9177.6   0.02086
   9193.9   0.02081
   9210.2   0.02078
   9226.6   0.02074
   9243.0   0.02068
   9259.5   0.02067
   9276.1   0.02067
   9292.7   0.02062
   9309.4   0.02060
   9326.2   0.02060
   9343.0   0.02053
   9359.8   0.02045
   9376.8   0.02037
   9393.8   0.02031
   9410.8   0.02026
   9427.9   0.02023
   9445.1   0.02019
   9462.3   0.02014
   9479.6   0.02005
   9497.0   0.02005
   9514.4   0.02008
   9531.9   0.02009
   9549.4   0.02009
   9567.0   0.02010
   9584.7   0.02008
   9602.5   0.02010
   9620.3   0.02012
   9638.2   0.02017
   9656.1   0.02017
   9674.2   0.02017
   9692.2   0.02017
   9710.4   0.02017
   9728.6   0.02020
   9746.9   0.02023
   9765.2   0.02025
   9783.7   0.02030
   9802.2   0.02032
   9820.7   0.02033
   9839.4   0.02033
   9858.1   0.02032
   9876.8   0.02032
   9895.7   0.02041
   9914.6   0.02044
   9933.6   0.02044
   9952.7   0.02045
   9971.8   0.02048
   9991.0   0.02051
  10010.3   0.02053
  10029.7   0.02052
  10049.1   0.02053
  10068.6   0.02054
  10088.2   0.02054
  10107.9   0.02055
  10127.6   0.02058
  10147.5   0.02060
  10167.3   0.02062
  10187.3   0.02064
  10207.4   0.02071
  10227.5   0.02078
  10247.7   0.02094
  10268.0   0.02110
  10288.4   0.02122
  10308.8   0.02137
  10329.4   0.02163
  10350.0   0.02182
  10370.7   0.02199
  10391.5   0.02211
  10412.3   0.02219
  10433.3   0.02226
  10454.3   0.02239
  10475.4   0.02246
  10496.7   0.02248
  10517.9   0.02252
  10539.3   0.02261
  10560.8   0.02271
  10582.3   0.02280
  10604.0   0.02291
  10625.7   0.02309
  10647.5   0.02326
  10669.4   0.02342
  10691.4   0.02345
  10713.5   0.02348
  10735.7   0.02358
  10758.0   0.02372
  10780.3   0.02380
  10802.8   0.02386
  10825.4   0.02390
  10848.0   0.02388
  10870.8   0.02385
  10893.6   0.02384
  10916.5   0.02377
  10939.5   0.02373
  10962.7   0.02372
  10985.9   0.02369
  11009.2   0.02363
  11032.7   0.02363
  11056.2   0.02367
  11079.8   0.02365
  11103.5   0.02364
  11127.4   0.02375
  11151.3   0.02381
  11175.3   0.02389
  11199.5   0.02400
  11223.7   0.02412
  11248.0   0.02418
  11272.5   0.02420
  11297.1   0.02426
  11321.7   0.02436
  11346.5   0.02443
  11371.4   0.02448
  11396.4   0.02452
  11421.5   0.02452
  11446.7   0.02456
  11472.0   0.02459
  11497.5   0.02449
  11523.0   0.02437
  11548.7   0.02425
  11574.4   0.02417
  11600.3   0.02412
  11626.3   0.02402
  11652.5   0.02390
  11678.7   0.02387
  11705.1   0.02383
  11731.6   0.02382
  11758.2   0.02376
  11784.9   0.02373
  11811.7   0.02366
  11838.7   0.02363
  11865.8   0.02356
  11893.0   0.02348
  11920.3   0.02347
  11947.8   0.02351
  11975.4   0.02364
  12003.1   0.02379
  12031.0   0.02394
  12059.0   0.02406
  12087.1   0.02414
  12115.3   0.02427
  12143.7   0.02446
  12172.2   0.02456
  12200.8   0.02457
  12229.6   0.02458
  12258.5   0.02456
  12287.6   0.02449
  12316.8   0.02434
  12346.1   0.02419
  12375.5   0.02407
  12405.2   0.02388
  12434.9   0.02363
  12464.8   0.02343
  12494.8   0.02317
  12525.0   0.02287
  12555.3   0.02251
  12585.8   0.02219
  12616.4   0.02192
  12647.2   0.02164
  12678.1   0.02139
  12709.2   0.02110
  12740.4   0.02081
  12771.8   0.02053
  12803.3   0.02021
  12835.0   0.01990
  12866.9   0.01970
  12898.9   0.01954
  12931.1   0.01932
  12963.4   0.01920
  12995.9   0.01911
  13028.5   0.01907
  13061.3   0.01900
  13094.3   0.01895
  13127.5   0.01889
  13160.8   0.01892
  13194.3   0.01889
  13228.0   0.01887
  13261.8   0.01893
  13295.8   0.01900
  13330.0   0.01907
  13364.3   0.01915
  13398.8   0.01921
  13433.6   0.01924
  13468.5   0.01921
  13503.5   0.01923
  13538.8   0.01928
  13574.2   0.01933
  13609.9   0.01928
  13645.7   0.01929
  13681.7   0.01935
  13717.9   0.01947
  13754.3   0.01961
  13790.8   0.01986
  13827.6   0.01999
  13864.6   0.02005
  13901.8   0.02018
  13939.2   0.02032
  13976.7   0.02043
  14014.5   0.02042
  14052.5   0.02031
  14090.7   0.02030
  14129.0   0.02028
  14167.6   0.02020
  14206.5   0.02006
  14245.5   0.01999
  14284.7   0.01990
  14324.2   0.01981
  14363.9   0.01970
  14403.8   0.01962
  14443.9   0.01953
  14484.3   0.01938
  14524.8   0.01920
  14565.6   0.01901
  14606.7   0.01890
  14647.9   0.01882
  14689.4   0.01869
  14731.2   0.01858
  14773.1   0.01854
  14815.3   0.01855
  14857.8   0.01849
  14900.5   0.01836
  14943.4   0.01824
  14986.6   0.01837
  15030.0   0.01850
  15073.7   0.01848
  15117.7   0.01847
  15161.9   0.01852
  15206.3   0.01842
  15251.1   0.01834
  15296.1   0.01833
  15341.3   0.01842
  15386.8   0.01838
  15432.6   0.01833
  15478.7   0.01844
  15525.0   0.01865
  15571.7   0.01881
  15618.6   0.01897
  15665.8   0.01910
  15713.2   0.01918
  15761.0   0.01922
  15809.0   0.01925
  15857.4   0.01934
  15906.0   0.01945
  15955.0   0.01939
  16004.2   0.01932
  16053.8   0.01937
  16103.6   0.01944
  16153.8   0.01952
  16204.3   0.01961
  16255.1   0.01956
  16306.2   0.01968
  16357.6   0.01985
  16409.4   0.01993
  16461.5   0.02011
  16513.9   0.02044
  16566.7   0.02072
  16619.8   0.02094
  16673.2   0.02104
  16727.0   0.02130
  16781.1   0.02160
  16835.6   0.02183
  16890.5   0.02211
  16945.7   0.02249
  17001.2   0.02275
  17057.2   0.02297
  17113.4   0.02312
  17170.1   0.02332
  17227.2   0.02358
  17284.6   0.02385
  17342.4   0.02408
  17400.6   0.02436
  17459.2   0.02464
  17518.2   0.02494
  17577.5   0.02530
  17637.3   0.02565
  17697.5   0.02597
  17758.1   0.02621
  17819.2   0.02640
  17880.6   0.02669
  17942.5   0.02696
  18004.8   0.02721
  18067.5   0.02752
  18130.7   0.02787
  18194.3   0.02802
  18258.4   0.02822
  18322.9   0.02851
  18387.9   0.02887
  18453.3   0.02915
  18519.2   0.02959
  18585.6   0.02977
  18652.4   0.02982
  18719.8   0.02987
  18787.6   0.02998
  18855.9   0.03007
  18924.7   0.03029
  18994.1   0.03046
  19063.9   0.03067
  19134.2   0.03098
  19205.1   0.03116
  19276.5   0.03128
  19348.4   0.03134
  19420.9   0.03128
  19493.9   0.03141
  19567.5   0.03159
  19641.6   0.03145
  19716.3   0.03159
  19791.6   0.03171
  19867.4   0.03126
  19943.8   0.03117
  20020.8   0.03142
  20098.4   0.03134
  20176.6   0.03096
  20255.4   0.03069
  20334.9   0.03057
  20414.9   0.03060
  20495.6   0.03055
  20576.9   0.03041
  20658.9   0.03030
  20741.6   0.03041
  20824.8   0.03028
  20908.8   0.03029
  20993.5   0.03035
  21078.8   0.02990
  21164.8   0.02954
  21251.6   0.02960
  21339.1   0.02963
  21427.2   0.02944
  21516.1   0.02949
  21605.8   0.02970
  21696.2   0.02932
  21787.3   0.02887
  21879.3   0.02884
  21972.0   0.02889
  22065.5   0.02870
  22159.8   0.02847
  22254.9   0.02839
  22350.8   0.02808
  22447.6   0.02796
  22545.2   0.02827
  22643.6   0.02811
  22742.9   0.02796
  22843.1   0.02815
  22944.2   0.02841
  23046.2   0.02858
  23149.1   0.02870
  23252.9   0.02895
  23357.6   0.02916
  23463.3   0.02936
  23569.9   0.02961
  23677.6   0.02951
  23786.2   0.02939
  23895.8   0.02963
  24006.4   0.02980
  24118.1   0.02977
  24230.8   0.02966
  24344.5   0.02967
  24459.3   0.02978
  24575.3   0.02989
  24692.3   0.03013
  24810.4   0.03025
  24929.7   0.03022
  25050.1   0.03015
  25171.7   0.03030
  25294.5   0.03029
  25418.5   0.03015
  25543.7   0.02994
  25670.2   0.03010
  25797.9   0.03041
  25926.9   0.03061
  26057.2   0.03039
  26188.8   0.03012
  26321.7   0.03002
  26456.0   0.03004
  26591.7   0.02974
  26728.8   0.02970
  26867.2   0.02968
  27007.2   0.02969
  27148.6   0.02961
  27291.5   0.02951
  27435.9   0.02948
  27581.8   0.02956
  27729.3   0.02977
  27878.4   0.02987
  28029.1   0.02967
  28181.4   0.02968
  28335.4   0.02989
  28491.1   0.03007
  28648.5   0.02986
  28807.7   0.03003
  28968.6   0.03053
  29131.3   0.03105
  29295.9   0.03177
  29462.4   0.03236
  29630.7   0.03222
  29801.0   0.03221
  29973.3   0.03251
  30147.5   0.03269
  30323.8   0.03285
  30502.2   0.03297
  30682.7   0.03287
  30865.3   0.03290
  31050.2   0.03291
  31237.2   0.03286
  31426.5   0.03285
  31618.2   0.03297
  31812.1   0.03340
  32008.5   0.03363
  32207.3   0.03382
  32408.6   0.03463
  32612.4   0.03505
  32818.8   0.03481
  33027.9   0.03508
  33239.6   0.03562
  33454.1   0.03575
  33671.3   0.03554
  33891.4   0.03545
  34114.3   0.03557
  34340.3   0.03584
  34569.2   0.03595
  34801.2   0.03616
  35036.3   0.03658
  35274.7   0.03667
  35516.3   0.03652
  35761.2   0.03671
  36009.6   0.03665
  36261.4   0.03638
  36516.7   0.03698
  36775.7   0.03722
  37038.4   0.03641
  37304.9   0.03600
  37575.2   0.03586
  37849.5   0.03608
  38127.8   0.03631
  38410.2   0.03594
  38696.8   0.03564
  38987.8   0.03530
  39283.2   0.03613
  39583.0   0.03683
  39887.5   0.03585
  40196.7   0.03536
  40510.8   0.03605
  40829.7   0.03708
  41153.8   0.03795
  41483.0   0.03821
  41817.6   0.03767
  42157.5   0.03752
  42503.1   0.03756
  42854.4   0.03781
  43211.5   0.03842
  43574.6   0.03942
  43943.9   0.04028
  44319.5   0.03989
  44701.5   0.03895
  45090.2   0.03857
  45485.8   0.03846
  45888.3   0.03850
  46298.0   0.03970
  46715.1   0.04059
  47139.8   0.03942
  47572.3   0.03938
  48012.8   0.04056
  48461.5   0.03982
  48918.6   0.03958
  49384.6   0.03888
  49859.4   0.03811
  50343.5   0.03905
  50837.0   0.03962
  51340.4   0.03984
  51853.8   0.04059
  52377.6   0.04187
  52912.0   0.04159
  53457.5   0.03995
  54014.4   0.03794
  54582.9   0.03776
  55163.6   0.03870
  55756.8   0.03972
  56362.8   0.04139
  56982.2   0.04216
  57615.3   0.04149
  58262.7   0.03982
  58924.7   0.03934
  59602.0   0.04076
  60295.1   0.04013
  61004.4   0.04123
  61730.7   0.04258
  62474.4   0.04383
  63236.3   0.04359
  64017.0   0.04142
  64817.2   0.03971
  65637.7   0.03904
  66479.2   0.03976
  67342.6   0.04415
  68228.6   0.04813
  69138.4   0.04753
  70072.7   0.04589
  71032.6   0.04521
  72019.1   0.04455
  73033.5   0.04643
  74076.8   0.04898
  75150.4   0.04814
  76255.5   0.04831
  77393.7   0.04925
  78566.3   0.05075
  79775.0   0.04996
  81021.5   0.04738
  82307.6   0.04516
  83635.1   0.05079
  85006.2   0.05830
  86423.0   0.05708
  87887.8   0.05320
  89403.0   0.05209
  90971.5   0.05387
  92596.0   0.05878
  94279.6   0.05747
  96025.5   0.05148
  97837.3   0.05291
  99718.8   0.05198



 BIR1LS131           .ASC                        

 LS-GJT-131                                                              
 Apollo 71041,25 <150 um                                                 
 Connected at 3.65 & 19.5 um                                             

 Source Ang: 30.00   Detect Ang:  0.00  Volt: 1.222
 Date: 19-JUN-14   Time: 16:15:00
