  6171
    833.3   0.31127
    833.5   0.31144
    833.6   0.31069
    833.7   0.30978
    833.9   0.31067
    834.0   0.31152
    834.1   0.31270
    834.3   0.31216
    834.4   0.31098
    834.5   0.30944
    834.7   0.30852
    834.8   0.30890
    835.0   0.31077
    835.1   0.31197
    835.2   0.31139
    835.3   0.31148
    835.5   0.31156
    835.6   0.31101
    835.8   0.31029
    835.9   0.30924
    836.0   0.30962
    836.2   0.31097
    836.3   0.31029
    836.4   0.30998
    836.6   0.31148
    836.7   0.31174
    836.8   0.31192
    837.0   0.31233
    837.1   0.31126
    837.2   0.30988
    837.4   0.30978
    837.5   0.30950
    837.6   0.31020
    837.8   0.31066
    837.9   0.30967
    838.0   0.30955
    838.2   0.30921
    838.3   0.31045
    838.5   0.31115
    838.6   0.31074
    838.7   0.31039
    838.9   0.30997
    839.0   0.31090
    839.1   0.31122
    839.3   0.31021
    839.4   0.31091
    839.5   0.31083
    839.7   0.30970
    839.8   0.30868
    840.0   0.30950
    840.1   0.31096
    840.2   0.31073
    840.4   0.31018
    840.5   0.31116
    840.6   0.31147
    840.8   0.31048
    840.9   0.31041
    841.0   0.31016
    841.2   0.31058
    841.3   0.31119
    841.5   0.30963
    841.6   0.30858
    841.7   0.30958
    841.9   0.31080
    842.0   0.31224
    842.1   0.31251
    842.3   0.31099
    842.4   0.30906
    842.5   0.30878
    842.7   0.30933
    842.8   0.30986
    843.0   0.30941
    843.1   0.30854
    843.2   0.30965
    843.4   0.31073
    843.5   0.31139
    843.6   0.31059
    843.8   0.30917
    843.9   0.30944
    844.0   0.30959
    844.2   0.30930
    844.3   0.30903
    844.5   0.30864
    844.6   0.30880
    844.7   0.30875
    844.9   0.30827
    845.0   0.30711
    845.2   0.30769
    845.3   0.30869
    845.4   0.30863
    845.6   0.30889
    845.7   0.30885
    845.8   0.30980
    846.0   0.30922
    846.1   0.30849
    846.3   0.30981
    846.4   0.30964
    846.5   0.30847
    846.7   0.30869
    846.8   0.30877
    847.0   0.30786
    847.1   0.30817
    847.2   0.30842
    847.4   0.30859
    847.5   0.30778
    847.6   0.30728
    847.8   0.30790
    847.9   0.30894
    848.1   0.30924
    848.2   0.30838
    848.3   0.30801
    848.5   0.30841
    848.6   0.30916
    848.8   0.30894
    848.9   0.30849
    849.0   0.30880
    849.2   0.30820
    849.3   0.30785
    849.5   0.30839
    849.6   0.30805
    849.7   0.30780
    849.9   0.30862
    850.0   0.30889
    850.1   0.30866
    850.3   0.30834
    850.4   0.30712
    850.6   0.30655
    850.7   0.30678
    850.8   0.30735
    851.0   0.30796
    851.1   0.30898
    851.3   0.30894
    851.4   0.30803
    851.5   0.30776
    851.7   0.30840
    851.8   0.30857
    852.0   0.30768
    852.1   0.30708
    852.2   0.30653
    852.4   0.30654
    852.5   0.30768
    852.7   0.30822
    852.8   0.30811
    852.9   0.30854
    853.1   0.30846
    853.2   0.30791
    853.4   0.30746
    853.5   0.30743
    853.6   0.30789
    853.8   0.30801
    853.9   0.30858
    854.1   0.30836
    854.2   0.30838
    854.3   0.30909
    854.5   0.30785
    854.6   0.30759
    854.8   0.30844
    854.9   0.30818
    855.0   0.30804
    855.2   0.30750
    855.3   0.30641
    855.5   0.30713
    855.6   0.30829
    855.8   0.30822
    855.9   0.30808
    856.0   0.30832
    856.2   0.30797
    856.3   0.30682
    856.5   0.30644
    856.6   0.30705
    856.8   0.30816
    856.9   0.30764
    857.0   0.30661
    857.2   0.30676
    857.3   0.30697
    857.5   0.30719
    857.6   0.30714
    857.7   0.30648
    857.9   0.30642
    858.0   0.30656
    858.2   0.30653
    858.3   0.30631
    858.5   0.30623
    858.6   0.30667
    858.7   0.30725
    858.9   0.30686
    859.0   0.30655
    859.2   0.30637
    859.3   0.30511
    859.4   0.30447
    859.6   0.30570
    859.7   0.30628
    859.9   0.30661
    860.0   0.30664
    860.2   0.30588
    860.3   0.30582
    860.4   0.30596
    860.6   0.30613
    860.7   0.30722
    860.9   0.30624
    861.0   0.30520
    861.2   0.30585
    861.3   0.30564
    861.4   0.30566
    861.6   0.30572
    861.7   0.30496
    861.9   0.30530
    862.0   0.30603
    862.2   0.30542
    862.3   0.30515
    862.5   0.30458
    862.6   0.30474
    862.7   0.30572
    862.9   0.30663
    863.0   0.30683
    863.2   0.30542
    863.3   0.30494
    863.5   0.30587
    863.6   0.30527
    863.7   0.30476
    863.9   0.30555
    864.0   0.30513
    864.2   0.30509
    864.3   0.30512
    864.5   0.30545
    864.6   0.30623
    864.8   0.30655
    864.9   0.30630
    865.0   0.30604
    865.2   0.30593
    865.3   0.30615
    865.5   0.30559
    865.6   0.30436
    865.8   0.30506
    865.9   0.30603
    866.0   0.30646
    866.2   0.30638
    866.3   0.30573
    866.5   0.30537
    866.6   0.30444
    866.8   0.30382
    866.9   0.30505
    867.1   0.30574
    867.2   0.30444
    867.3   0.30456
    867.5   0.30497
    867.6   0.30469
    867.8   0.30409
    867.9   0.30365
    868.1   0.30407
    868.2   0.30480
    868.4   0.30434
    868.5   0.30419
    868.7   0.30458
    868.8   0.30425
    869.0   0.30352
    869.1   0.30379
    869.2   0.30502
    869.4   0.30453
    869.5   0.30284
    869.7   0.30253
    869.8   0.30393
    870.0   0.30523
    870.1   0.30539
    870.3   0.30404
    870.4   0.30341
    870.6   0.30418
    870.7   0.30518
    870.8   0.30502
    871.0   0.30437
    871.1   0.30447
    871.3   0.30485
    871.4   0.30448
    871.6   0.30404
    871.7   0.30309
    871.9   0.30341
    872.0   0.30409
    872.2   0.30390
    872.3   0.30469
    872.5   0.30503
    872.6   0.30365
    872.8   0.30276
    872.9   0.30264
    873.0   0.30345
    873.2   0.30398
    873.3   0.30349
    873.5   0.30256
    873.6   0.30275
    873.8   0.30296
    873.9   0.30287
    874.1   0.30325
    874.2   0.30336
    874.4   0.30319
    874.5   0.30339
    874.7   0.30319
    874.8   0.30324
    875.0   0.30244
    875.1   0.30235
    875.3   0.30284
    875.4   0.30272
    875.5   0.30237
    875.7   0.30284
    875.8   0.30339
    876.0   0.30361
    876.2   0.30400
    876.3   0.30398
    876.4   0.30359
    876.6   0.30261
    876.7   0.30232
    876.9   0.30309
    877.0   0.30350
    877.2   0.30268
    877.3   0.30255
    877.5   0.30307
    877.6   0.30262
    877.8   0.30212
    877.9   0.30221
    878.1   0.30259
    878.2   0.30279
    878.4   0.30266
    878.5   0.30269
    878.7   0.30279
    878.8   0.30244
    879.0   0.30240
    879.1   0.30259
    879.3   0.30279
    879.4   0.30315
    879.6   0.30334
    879.7   0.30247
    879.9   0.30162
    880.0   0.30221
    880.2   0.30238
    880.3   0.30240
    880.5   0.30244
    880.6   0.30236
    880.8   0.30273
    880.9   0.30282
    881.1   0.30241
    881.2   0.30246
    881.4   0.30217
    881.5   0.30126
    881.7   0.30126
    881.8   0.30182
    882.0   0.30209
    882.1   0.30217
    882.3   0.30244
    882.4   0.30277
    882.6   0.30206
    882.7   0.30174
    882.9   0.30140
    883.0   0.30131
    883.2   0.30194
    883.3   0.30167
    883.5   0.30078
    883.6   0.30040
    883.8   0.30084
    883.9   0.30148
    884.1   0.30204
    884.2   0.30209
    884.4   0.30128
    884.5   0.30164
    884.7   0.30231
    884.8   0.30140
    885.0   0.30086
    885.1   0.30134
    885.3   0.30184
    885.4   0.30209
    885.6   0.30125
    885.7   0.30126
    885.9   0.30173
    886.0   0.30067
    886.2   0.30016
    886.3   0.30059
    886.5   0.30070
    886.6   0.30134
    886.8   0.30149
    886.9   0.30176
    887.1   0.30180
    887.2   0.30155
    887.4   0.30110
    887.5   0.30056
    887.7   0.30033
    887.8   0.30050
    888.0   0.30075
    888.2   0.30011
    888.3   0.30029
    888.5   0.30091
    888.6   0.30136
    888.8   0.30135
    888.9   0.30094
    889.1   0.30019
    889.2   0.30022
    889.4   0.30053
    889.5   0.30125
    889.7   0.30149
    889.8   0.30092
    890.0   0.29989
    890.1   0.29996
    890.3   0.30039
    890.4   0.29998
    890.6   0.29988
    890.8   0.30062
    890.9   0.30053
    891.0   0.30004
    891.2   0.29995
    891.4   0.29965
    891.5   0.29989
    891.7   0.30059
    891.8   0.30017
    892.0   0.30015
    892.1   0.30086
    892.3   0.30062
    892.4   0.30032
    892.6   0.30005
    892.7   0.30019
    892.9   0.29960
    893.0   0.29945
    893.2   0.30002
    893.4   0.30028
    893.5   0.30057
    893.7   0.30099
    893.8   0.30094
    894.0   0.30015
    894.1   0.30001
    894.3   0.30002
    894.4   0.29950
    894.6   0.29951
    894.7   0.30003
    894.9   0.30042
    895.0   0.30009
    895.2   0.29918
    895.4   0.29877
    895.5   0.29920
    895.7   0.29961
    895.8   0.29961
    896.0   0.30013
    896.1   0.29971
    896.3   0.29932
    896.4   0.29963
    896.6   0.29969
    896.8   0.29938
    896.9   0.29972
    897.1   0.30006
    897.2   0.29973
    897.4   0.29989
    897.5   0.29976
    897.7   0.29937
    897.8   0.29963
    898.0   0.29973
    898.2   0.29944
    898.3   0.29953
    898.5   0.29938
    898.6   0.29908
    898.8   0.29908
    898.9   0.29920
    899.1   0.29938
    899.2   0.29966
    899.4   0.29931
    899.6   0.29867
    899.7   0.29832
    899.9   0.29838
    900.0   0.29891
    900.2   0.29944
    900.3   0.29950
    900.5   0.29892
    900.7   0.29862
    900.8   0.29871
    901.0   0.29900
    901.1   0.29938
    901.3   0.29934
    901.4   0.29932
    901.6   0.29948
    901.8   0.29948
    901.9   0.29925
    902.1   0.29918
    902.2   0.29927
    902.4   0.29916
    902.5   0.29912
    902.7   0.29895
    902.8   0.29867
    903.0   0.29882
    903.2   0.29856
    903.3   0.29889
    903.5   0.29950
    903.6   0.29929
    903.8   0.29877
    904.0   0.29851
    904.1   0.29842
    904.3   0.29887
    904.4   0.29933
    904.6   0.29952
    904.7   0.29863
    904.9   0.29859
    905.0   0.29901
    905.2   0.29871
    905.4   0.29855
    905.5   0.29865
    905.7   0.29809
    905.8   0.29849
    906.0   0.29954
    906.2   0.29973
    906.3   0.29897
    906.5   0.29826
    906.6   0.29810
    906.8   0.29808
    907.0   0.29834
    907.1   0.29827
    907.3   0.29840
    907.4   0.29810
    907.6   0.29763
    907.7   0.29769
    907.9   0.29801
    908.1   0.29824
    908.2   0.29835
    908.4   0.29814
    908.5   0.29782
    908.7   0.29812
    908.9   0.29925
    909.0   0.29964
    909.2   0.29886
    909.3   0.29804
    909.5   0.29828
    909.7   0.29846
    909.8   0.29804
    910.0   0.29820
    910.1   0.29840
    910.3   0.29824
    910.5   0.29841
    910.6   0.29884
    910.8   0.29873
    910.9   0.29864
    911.1   0.29818
    911.3   0.29803
    911.4   0.29788
    911.6   0.29818
    911.7   0.29893
    911.9   0.29897
    912.1   0.29829
    912.2   0.29818
    912.4   0.29831
    912.5   0.29827
    912.7   0.29827
    912.9   0.29793
    913.0   0.29814
    913.2   0.29862
    913.3   0.29866
    913.5   0.29836
    913.7   0.29810
    913.8   0.29782
    914.0   0.29823
    914.2   0.29834
    914.3   0.29809
    914.5   0.29778
    914.6   0.29789
    914.8   0.29790
    915.0   0.29806
    915.1   0.29824
    915.3   0.29827
    915.4   0.29795
    915.6   0.29750
    915.8   0.29753
    915.9   0.29802
    916.1   0.29819
    916.3   0.29802
    916.4   0.29788
    916.6   0.29804
    916.7   0.29769
    916.9   0.29756
    917.1   0.29753
    917.2   0.29768
    917.4   0.29796
    917.5   0.29790
    917.7   0.29787
    917.9   0.29771
    918.0   0.29766
    918.2   0.29805
    918.4   0.29808
    918.5   0.29807
    918.7   0.29807
    918.8   0.29778
    919.0   0.29787
    919.2   0.29766
    919.3   0.29738
    919.5   0.29790
    919.7   0.29814
    919.8   0.29774
    920.0   0.29743
    920.2   0.29763
    920.3   0.29768
    920.5   0.29736
    920.6   0.29756
    920.8   0.29792
    921.0   0.29750
    921.1   0.29760
    921.3   0.29774
    921.5   0.29748
    921.6   0.29772
    921.8   0.29794
    922.0   0.29796
    922.1   0.29789
    922.3   0.29779
    922.4   0.29731
    922.6   0.29718
    922.8   0.29710
    922.9   0.29744
    923.1   0.29770
    923.3   0.29759
    923.4   0.29743
    923.6   0.29772
    923.8   0.29827
    923.9   0.29844
    924.1   0.29820
    924.3   0.29808
    924.4   0.29775
    924.6   0.29799
    924.7   0.29816
    924.9   0.29800
    925.1   0.29794
    925.2   0.29789
    925.4   0.29796
    925.6   0.29803
    925.7   0.29827
    925.9   0.29841
    926.1   0.29776
    926.2   0.29787
    926.4   0.29813
    926.6   0.29820
    926.7   0.29789
    926.9   0.29765
    927.1   0.29797
    927.2   0.29817
    927.4   0.29782
    927.6   0.29757
    927.7   0.29764
    927.9   0.29808
    928.0   0.29847
    928.2   0.29858
    928.4   0.29851
    928.5   0.29816
    928.7   0.29808
    928.9   0.29781
    929.0   0.29749
    929.2   0.29810
    929.4   0.29842
    929.5   0.29795
    929.7   0.29797
    929.9   0.29798
    930.0   0.29799
    930.2   0.29822
    930.4   0.29821
    930.5   0.29822
    930.7   0.29805
    930.9   0.29783
    931.0   0.29766
    931.2   0.29759
    931.4   0.29779
    931.6   0.29770
    931.7   0.29763
    931.9   0.29774
    932.1   0.29798
    932.2   0.29779
    932.4   0.29766
    932.6   0.29766
    932.7   0.29750
    932.9   0.29781
    933.1   0.29799
    933.2   0.29801
    933.4   0.29758
    933.6   0.29748
    933.7   0.29768
    933.9   0.29792
    934.1   0.29786
    934.2   0.29777
    934.4   0.29797
    934.6   0.29795
    934.8   0.29809
    934.9   0.29837
    935.1   0.29831
    935.3   0.29790
    935.4   0.29784
    935.6   0.29783
    935.8   0.29745
    935.9   0.29756
    936.1   0.29802
    936.3   0.29786
    936.4   0.29777
    936.6   0.29804
    936.8   0.29789
    936.9   0.29774
    937.1   0.29786
    937.3   0.29779
    937.5   0.29794
    937.6   0.29827
    937.8   0.29855
    938.0   0.29856
    938.1   0.29848
    938.3   0.29840
    938.5   0.29804
    938.6   0.29789
    938.8   0.29775
    939.0   0.29818
    939.2   0.29836
    939.3   0.29807
    939.5   0.29831
    939.7   0.29847
    939.8   0.29862
    940.0   0.29879
    940.2   0.29885
    940.3   0.29870
    940.5   0.29816
    940.7   0.29799
    940.8   0.29801
    941.0   0.29800
    941.2   0.29820
    941.4   0.29847
    941.5   0.29869
    941.7   0.29842
    941.9   0.29836
    942.0   0.29848
    942.2   0.29832
    942.4   0.29827
    942.6   0.29840
    942.7   0.29851
    942.9   0.29874
    943.1   0.29870
    943.3   0.29842
    943.4   0.29846
    943.6   0.29853
    943.8   0.29884
    943.9   0.29901
    944.1   0.29871
    944.3   0.29835
    944.5   0.29826
    944.6   0.29825
    944.8   0.29820
    945.0   0.29858
    945.1   0.29901
    945.3   0.29883
    945.5   0.29879
    945.7   0.29874
    945.8   0.29850
    946.0   0.29846
    946.2   0.29871
    946.3   0.29859
    946.5   0.29880
    946.7   0.29890
    946.9   0.29839
    947.0   0.29848
    947.2   0.29875
    947.4   0.29866
    947.6   0.29862
    947.7   0.29868
    947.9   0.29868
    948.1   0.29874
    948.3   0.29877
    948.4   0.29882
    948.6   0.29886
    948.8   0.29879
    949.0   0.29866
    949.1   0.29893
    949.3   0.29913
    949.5   0.29921
    949.6   0.29927
    949.8   0.29915
    950.0   0.29908
    950.2   0.29908
    950.3   0.29918
    950.5   0.29915
    950.7   0.29947
    950.9   0.29961
    951.0   0.29933
    951.2   0.29948
    951.4   0.29958
    951.6   0.29934
    951.7   0.29919
    951.9   0.29903
    952.1   0.29922
    952.3   0.29961
    952.4   0.29949
    952.6   0.29951
    952.8   0.29985
    953.0   0.29951
    953.1   0.29915
    953.3   0.29944
    953.5   0.29973
    953.7   0.29958
    953.8   0.29934
    954.0   0.29936
    954.2   0.29940
    954.4   0.29924
    954.5   0.29958
    954.7   0.29992
    954.9   0.29968
    955.1   0.29931
    955.2   0.29934
    955.4   0.29936
    955.6   0.29965
    955.8   0.29974
    956.0   0.29958
    956.1   0.29937
    956.3   0.29945
    956.5   0.29986
    956.7   0.30003
    956.8   0.29995
    957.0   0.29970
    957.2   0.29962
    957.4   0.29978
    957.5   0.29968
    957.7   0.29953
    957.9   0.29926
    958.1   0.29936
    958.2   0.29958
    958.4   0.29977
    958.6   0.29999
    958.8   0.29978
    959.0   0.29968
    959.1   0.30004
    959.3   0.30013
    959.5   0.30013
    959.7   0.30012
    959.8   0.29998
    960.0   0.29978
    960.2   0.29986
    960.4   0.30020
    960.5   0.30030
    960.7   0.30023
    960.9   0.30053
    961.1   0.30044
    961.3   0.29991
    961.4   0.29996
    961.6   0.30027
    961.8   0.30024
    962.0   0.30023
    962.2   0.30033
    962.3   0.30019
    962.5   0.30014
    962.7   0.30008
    962.9   0.30012
    963.0   0.30004
    963.2   0.30001
    963.4   0.30032
    963.6   0.30040
    963.8   0.30032
    963.9   0.30042
    964.1   0.30074
    964.3   0.30061
    964.5   0.30024
    964.7   0.30023
    964.8   0.30051
    965.0   0.30061
    965.2   0.30065
    965.4   0.30083
    965.6   0.30112
    965.7   0.30101
    965.9   0.30080
    966.1   0.30064
    966.3   0.30043
    966.5   0.30068
    966.6   0.30075
    966.8   0.30067
    967.0   0.30094
    967.2   0.30125
    967.4   0.30108
    967.5   0.30098
    967.7   0.30095
    967.9   0.30061
    968.1   0.30064
    968.3   0.30079
    968.4   0.30089
    968.6   0.30102
    968.8   0.30122
    969.0   0.30136
    969.2   0.30103
    969.3   0.30089
    969.5   0.30101
    969.7   0.30105
    969.9   0.30102
    970.1   0.30130
    970.3   0.30158
    970.4   0.30129
    970.6   0.30097
    970.8   0.30092
    971.0   0.30123
    971.2   0.30139
    971.3   0.30139
    971.5   0.30165
    971.7   0.30183
    971.9   0.30155
    972.1   0.30129
    972.3   0.30125
    972.4   0.30152
    972.6   0.30170
    972.8   0.30144
    973.0   0.30121
    973.2   0.30140
    973.3   0.30152
    973.5   0.30166
    973.7   0.30186
    973.9   0.30172
    974.1   0.30164
    974.3   0.30182
    974.5   0.30187
    974.6   0.30175
    974.8   0.30181
    975.0   0.30187
    975.2   0.30196
    975.4   0.30200
    975.5   0.30195
    975.7   0.30181
    975.9   0.30178
    976.1   0.30217
    976.3   0.30232
    976.5   0.30212
    976.7   0.30191
    976.8   0.30205
    977.0   0.30225
    977.2   0.30237
    977.4   0.30219
    977.6   0.30209
    977.8   0.30222
    977.9   0.30224
    978.1   0.30226
    978.3   0.30232
    978.5   0.30245
    978.7   0.30283
    978.9   0.30265
    979.0   0.30229
    979.2   0.30230
    979.4   0.30250
    979.6   0.30263
    979.8   0.30264
    980.0   0.30253
    980.2   0.30260
    980.3   0.30274
    980.5   0.30264
    980.7   0.30265
    980.9   0.30257
    981.1   0.30258
    981.3   0.30290
    981.5   0.30279
    981.7   0.30251
    981.8   0.30233
    982.0   0.30254
    982.2   0.30284
    982.4   0.30274
    982.6   0.30258
    982.8   0.30269
    983.0   0.30281
    983.1   0.30288
    983.3   0.30287
    983.5   0.30301
    983.7   0.30319
    983.9   0.30345
    984.1   0.30347
    984.3   0.30330
    984.4   0.30316
    984.6   0.30307
    984.8   0.30303
    985.0   0.30321
    985.2   0.30339
    985.4   0.30333
    985.6   0.30335
    985.8   0.30339
    985.9   0.30342
    986.1   0.30334
    986.3   0.30327
    986.5   0.30334
    986.7   0.30323
    986.9   0.30315
    987.1   0.30343
    987.3   0.30359
    987.4   0.30335
    987.6   0.30318
    987.8   0.30344
    988.0   0.30387
    988.2   0.30391
    988.4   0.30380
    988.6   0.30376
    988.8   0.30392
    989.0   0.30428
    989.1   0.30423
    989.3   0.30405
    989.5   0.30399
    989.7   0.30397
    989.9   0.30418
    990.1   0.30423
    990.3   0.30410
    990.5   0.30424
    990.7   0.30422
    990.8   0.30400
    991.0   0.30396
    991.2   0.30402
    991.4   0.30381
    991.6   0.30391
    991.8   0.30413
    992.0   0.30408
    992.2   0.30407
    992.4   0.30408
    992.5   0.30415
    992.7   0.30419
    992.9   0.30439
    993.1   0.30444
    993.3   0.30426
    993.5   0.30424
    993.7   0.30449
    993.9   0.30470
    994.1   0.30494
    994.3   0.30496
    994.5   0.30461
    994.6   0.30454
    994.8   0.30466
    995.0   0.30454
    995.2   0.30443
    995.4   0.30469
    995.6   0.30496
    995.8   0.30489
    996.0   0.30457
    996.2   0.30453
    996.4   0.30484
    996.5   0.30481
    996.7   0.30457
    996.9   0.30475
    997.1   0.30499
    997.3   0.30496
    997.5   0.30495
    997.7   0.30492
    997.9   0.30490
    998.1   0.30492
    998.3   0.30506
    998.5   0.30519
    998.7   0.30513
    998.9   0.30506
    999.0   0.30516
    999.2   0.30512
    999.4   0.30522
    999.6   0.30539
    999.8   0.30538
   1000.0   0.30515
   1000.2   0.30512
   1000.4   0.30521
   1000.6   0.30525
   1000.8   0.30533
   1001.0   0.30536
   1001.2   0.30523
   1001.4   0.30523
   1001.6   0.30549
   1001.8   0.30565
   1001.9   0.30562
   1002.1   0.30578
   1002.3   0.30591
   1002.5   0.30586
   1002.7   0.30579
   1002.9   0.30580
   1003.1   0.30564
   1003.3   0.30547
   1003.5   0.30554
   1003.7   0.30602
   1003.9   0.30621
   1004.1   0.30606
   1004.3   0.30586
   1004.5   0.30585
   1004.7   0.30583
   1004.9   0.30568
   1005.0   0.30587
   1005.3   0.30621
   1005.4   0.30634
   1005.6   0.30606
   1005.8   0.30592
   1006.0   0.30620
   1006.2   0.30626
   1006.4   0.30621
   1006.6   0.30623
   1006.8   0.30625
   1007.0   0.30628
   1007.2   0.30634
   1007.4   0.30626
   1007.6   0.30620
   1007.8   0.30612
   1008.0   0.30629
   1008.2   0.30641
   1008.4   0.30637
   1008.6   0.30646
   1008.8   0.30657
   1009.0   0.30654
   1009.2   0.30641
   1009.4   0.30659
   1009.5   0.30665
   1009.8   0.30653
   1010.0   0.30651
   1010.1   0.30643
   1010.3   0.30658
   1010.5   0.30666
   1010.7   0.30671
   1010.9   0.30675
   1011.1   0.30693
   1011.3   0.30700
   1011.5   0.30680
   1011.7   0.30666
   1011.9   0.30671
   1012.1   0.30682
   1012.3   0.30692
   1012.5   0.30697
   1012.7   0.30697
   1012.9   0.30694
   1013.1   0.30667
   1013.3   0.30680
   1013.5   0.30714
   1013.7   0.30722
   1013.9   0.30702
   1014.1   0.30701
   1014.3   0.30709
   1014.5   0.30712
   1014.7   0.30727
   1014.9   0.30728
   1015.1   0.30718
   1015.3   0.30721
   1015.5   0.30718
   1015.7   0.30717
   1015.9   0.30719
   1016.1   0.30735
   1016.3   0.30757
   1016.5   0.30748
   1016.7   0.30742
   1016.9   0.30742
   1017.1   0.30762
   1017.3   0.30769
   1017.5   0.30757
   1017.7   0.30753
   1017.9   0.30749
   1018.1   0.30743
   1018.3   0.30736
   1018.5   0.30747
   1018.7   0.30756
   1018.9   0.30769
   1019.1   0.30762
   1019.3   0.30762
   1019.5   0.30773
   1019.7   0.30787
   1019.9   0.30790
   1020.1   0.30793
   1020.3   0.30803
   1020.5   0.30790
   1020.7   0.30780
   1020.9   0.30775
   1021.1   0.30776
   1021.3   0.30788
   1021.5   0.30793
   1021.7   0.30811
   1021.9   0.30827
   1022.1   0.30826
   1022.3   0.30806
   1022.5   0.30805
   1022.7   0.30811
   1022.9   0.30819
   1023.1   0.30814
   1023.3   0.30810
   1023.5   0.30812
   1023.7   0.30809
   1023.9   0.30821
   1024.1   0.30827
   1024.3   0.30821
   1024.5   0.30826
   1024.7   0.30841
   1024.9   0.30841
   1025.1   0.30822
   1025.3   0.30814
   1025.5   0.30818
   1025.7   0.30821
   1025.9   0.30834
   1026.1   0.30860
   1026.3   0.30856
   1026.5   0.30845
   1026.8   0.30847
   1026.9   0.30855
   1027.2   0.30861
   1027.4   0.30867
   1027.6   0.30873
   1027.8   0.30878
   1028.0   0.30878
   1028.2   0.30867
   1028.4   0.30880
   1028.6   0.30887
   1028.8   0.30869
   1029.0   0.30869
   1029.2   0.30885
   1029.4   0.30883
   1029.6   0.30889
   1029.8   0.30880
   1030.0   0.30867
   1030.2   0.30879
   1030.4   0.30899
   1030.6   0.30899
   1030.8   0.30897
   1031.0   0.30897
   1031.2   0.30887
   1031.4   0.30891
   1031.7   0.30902
   1031.8   0.30891
   1032.1   0.30902
   1032.3   0.30940
   1032.5   0.30953
   1032.7   0.30934
   1032.9   0.30919
   1033.1   0.30915
   1033.3   0.30921
   1033.5   0.30932
   1033.7   0.30941
   1033.9   0.30941
   1034.1   0.30935
   1034.3   0.30943
   1034.5   0.30960
   1034.7   0.30951
   1034.9   0.30939
   1035.2   0.30958
   1035.4   0.30965
   1035.6   0.30955
   1035.8   0.30959
   1036.0   0.30948
   1036.2   0.30934
   1036.4   0.30945
   1036.6   0.30959
   1036.8   0.30967
   1037.0   0.30978
   1037.2   0.30964
   1037.4   0.30959
   1037.6   0.30977
   1037.8   0.30986
   1038.1   0.30990
   1038.3   0.30997
   1038.5   0.31000
   1038.7   0.30997
   1038.9   0.30986
   1039.1   0.30971
   1039.3   0.30978
   1039.5   0.30997
   1039.7   0.31003
   1039.9   0.31002
   1040.1   0.31017
   1040.3   0.31014
   1040.6   0.31001
   1040.8   0.31013
   1041.0   0.31015
   1041.2   0.31006
   1041.4   0.31003
   1041.6   0.31016
   1041.8   0.31025
   1042.0   0.31039
   1042.2   0.31039
   1042.4   0.31035
   1042.6   0.31036
   1042.8   0.31033
   1043.1   0.31039
   1043.3   0.31052
   1043.5   0.31043
   1043.7   0.31042
   1043.9   0.31043
   1044.1   0.31066
   1044.3   0.31076
   1044.5   0.31067
   1044.8   0.31078
   1045.0   0.31082
   1045.2   0.31080
   1045.4   0.31079
   1045.6   0.31091
   1045.8   0.31091
   1046.0   0.31080
   1046.2   0.31073
   1046.4   0.31067
   1046.6   0.31054
   1046.9   0.31072
   1047.1   0.31096
   1047.3   0.31097
   1047.5   0.31093
   1047.7   0.31093
   1047.9   0.31104
   1048.1   0.31109
   1048.3   0.31111
   1048.6   0.31115
   1048.8   0.31110
   1049.0   0.31111
   1049.2   0.31117
   1049.4   0.31107
   1049.6   0.31129
   1049.8   0.31139
   1050.0   0.31134
   1050.3   0.31120
   1050.5   0.31118
   1050.7   0.31126
   1050.9   0.31122
   1051.1   0.31119
   1051.3   0.31124
   1051.5   0.31131
   1051.7   0.31151
   1051.9   0.31159
   1052.2   0.31155
   1052.4   0.31152
   1052.6   0.31157
   1052.8   0.31155
   1053.0   0.31143
   1053.2   0.31133
   1053.4   0.31152
   1053.7   0.31157
   1053.9   0.31151
   1054.1   0.31159
   1054.3   0.31169
   1054.5   0.31159
   1054.7   0.31160
   1054.9   0.31166
   1055.2   0.31165
   1055.4   0.31166
   1055.6   0.31177
   1055.8   0.31189
   1056.0   0.31184
   1056.2   0.31201
   1056.4   0.31212
   1056.7   0.31199
   1056.9   0.31194
   1057.1   0.31200
   1057.3   0.31192
   1057.5   0.31195
   1057.8   0.31210
   1058.0   0.31224
   1058.2   0.31224
   1058.4   0.31216
   1058.6   0.31213
   1058.8   0.31215
   1059.0   0.31224
   1059.3   0.31234
   1059.5   0.31223
   1059.7   0.31233
   1059.9   0.31245
   1060.1   0.31235
   1060.3   0.31218
   1060.6   0.31218
   1060.8   0.31244
   1061.0   0.31274
   1061.2   0.31267
   1061.4   0.31265
   1061.7   0.31264
   1061.9   0.31265
   1062.1   0.31260
   1062.3   0.31261
   1062.5   0.31266
   1062.7   0.31274
   1062.9   0.31280
   1063.2   0.31272
   1063.4   0.31274
   1063.6   0.31284
   1063.8   0.31277
   1064.0   0.31267
   1064.3   0.31279
   1064.5   0.31288
   1064.7   0.31295
   1064.9   0.31316
   1065.1   0.31320
   1065.3   0.31300
   1065.6   0.31299
   1065.8   0.31312
   1066.0   0.31318
   1066.2   0.31317
   1066.4   0.31303
   1066.7   0.31306
   1066.9   0.31318
   1067.1   0.31330
   1067.3   0.31337
   1067.6   0.31330
   1067.8   0.31327
   1068.0   0.31327
   1068.2   0.31330
   1068.4   0.31337
   1068.7   0.31356
   1068.9   0.31367
   1069.1   0.31355
   1069.3   0.31344
   1069.5   0.31345
   1069.8   0.31346
   1070.0   0.31351
   1070.2   0.31366
   1070.4   0.31374
   1070.6   0.31381
   1070.8   0.31390
   1071.1   0.31386
   1071.3   0.31383
   1071.5   0.31391
   1071.7   0.31394
   1072.0   0.31382
   1072.2   0.31371
   1072.4   0.31379
   1072.6   0.31394
   1072.8   0.31391
   1073.1   0.31378
   1073.3   0.31382
   1073.5   0.31393
   1073.7   0.31393
   1074.0   0.31397
   1074.2   0.31408
   1074.4   0.31411
   1074.6   0.31413
   1074.8   0.31407
   1075.1   0.31395
   1075.3   0.31408
   1075.5   0.31430
   1075.7   0.31434
   1076.0   0.31438
   1076.2   0.31437
   1076.4   0.31429
   1076.6   0.31423
   1076.9   0.31429
   1077.1   0.31435
   1077.3   0.31446
   1077.5   0.31463
   1077.8   0.31455
   1078.0   0.31446
   1078.2   0.31465
   1078.4   0.31479
   1078.7   0.31477
   1078.9   0.31470
   1079.1   0.31480
   1079.3   0.31482
   1079.6   0.31482
   1079.8   0.31490
   1080.0   0.31488
   1080.2   0.31495
   1080.4   0.31486
   1080.7   0.31483
   1080.9   0.31482
   1081.1   0.31488
   1081.3   0.31508
   1081.6   0.31512
   1081.8   0.31511
   1082.0   0.31511
   1082.3   0.31519
   1082.5   0.31527
   1082.7   0.31525
   1082.9   0.31536
   1083.2   0.31542
   1083.4   0.31536
   1083.6   0.31532
   1083.8   0.31539
   1084.1   0.31544
   1084.3   0.31549
   1084.5   0.31553
   1084.8   0.31559
   1085.0   0.31563
   1085.2   0.31565
   1085.4   0.31567
   1085.7   0.31556
   1085.9   0.31553
   1086.1   0.31568
   1086.3   0.31587
   1086.6   0.31589
   1086.8   0.31589
   1087.0   0.31588
   1087.3   0.31584
   1087.5   0.31593
   1087.7   0.31603
   1087.9   0.31597
   1088.2   0.31588
   1088.4   0.31590
   1088.6   0.31607
   1088.8   0.31625
   1089.1   0.31625
   1089.3   0.31618
   1089.5   0.31612
   1089.8   0.31618
   1090.0   0.31624
   1090.2   0.31637
   1090.4   0.31654
   1090.7   0.31650
   1090.9   0.31648
   1091.1   0.31639
   1091.4   0.31629
   1091.6   0.31639
   1091.8   0.31653
   1092.1   0.31655
   1092.3   0.31649
   1092.5   0.31652
   1092.8   0.31663
   1093.0   0.31671
   1093.2   0.31677
   1093.4   0.31666
   1093.7   0.31656
   1093.9   0.31668
   1094.1   0.31682
   1094.4   0.31696
   1094.6   0.31701
   1094.8   0.31688
   1095.1   0.31683
   1095.3   0.31698
   1095.5   0.31709
   1095.8   0.31711
   1096.0   0.31707
   1096.2   0.31701
   1096.4   0.31705
   1096.7   0.31709
   1096.9   0.31712
   1097.1   0.31718
   1097.4   0.31730
   1097.6   0.31729
   1097.8   0.31722
   1098.1   0.31723
   1098.3   0.31738
   1098.5   0.31748
   1098.8   0.31740
   1099.0   0.31736
   1099.2   0.31743
   1099.5   0.31763
   1099.7   0.31774
   1099.9   0.31769
   1100.2   0.31759
   1100.4   0.31762
   1100.6   0.31763
   1100.9   0.31761
   1101.1   0.31771
   1101.3   0.31793
   1101.6   0.31794
   1101.8   0.31781
   1102.0   0.31778
   1102.3   0.31786
   1102.5   0.31792
   1102.7   0.31800
   1103.0   0.31809
   1103.2   0.31807
   1103.4   0.31808
   1103.7   0.31807
   1103.9   0.31803
   1104.2   0.31798
   1104.4   0.31812
   1104.6   0.31828
   1104.9   0.31831
   1105.1   0.31843
   1105.3   0.31846
   1105.6   0.31843
   1105.8   0.31851
   1106.0   0.31848
   1106.3   0.31842
   1106.5   0.31843
   1106.7   0.31850
   1107.0   0.31856
   1107.2   0.31866
   1107.4   0.31861
   1107.7   0.31862
   1107.9   0.31860
   1108.2   0.31854
   1108.4   0.31851
   1108.6   0.31869
   1108.9   0.31881
   1109.1   0.31868
   1109.3   0.31860
   1109.6   0.31870
   1109.8   0.31884
   1110.1   0.31890
   1110.3   0.31902
   1110.5   0.31902
   1110.8   0.31890
   1111.0   0.31890
   1111.3   0.31903
   1111.5   0.31909
   1111.7   0.31911
   1112.0   0.31917
   1112.2   0.31929
   1112.4   0.31931
   1112.7   0.31932
   1112.9   0.31934
   1113.2   0.31939
   1113.4   0.31934
   1113.6   0.31927
   1113.9   0.31932
   1114.1   0.31941
   1114.3   0.31942
   1114.6   0.31948
   1114.8   0.31949
   1115.1   0.31947
   1115.3   0.31959
   1115.6   0.31962
   1115.8   0.31949
   1116.0   0.31948
   1116.3   0.31963
   1116.5   0.31979
   1116.8   0.31973
   1117.0   0.31964
   1117.2   0.31969
   1117.5   0.31972
   1117.7   0.31980
   1118.0   0.31988
   1118.2   0.32001
   1118.4   0.32001
   1118.7   0.31996
   1118.9   0.31994
   1119.2   0.31994
   1119.4   0.31991
   1119.7   0.31995
   1119.9   0.31998
   1120.1   0.32000
   1120.4   0.32006
   1120.6   0.32012
   1120.9   0.32016
   1121.1   0.32026
   1121.3   0.32033
   1121.6   0.32028
   1121.8   0.32020
   1122.1   0.32025
   1122.3   0.32035
   1122.6   0.32035
   1122.8   0.32037
   1123.0   0.32043
   1123.3   0.32048
   1123.5   0.32054
   1123.8   0.32056
   1124.0   0.32052
   1124.3   0.32054
   1124.5   0.32054
   1124.8   0.32060
   1125.0   0.32064
   1125.2   0.32065
   1125.5   0.32071
   1125.7   0.32078
   1126.0   0.32080
   1126.2   0.32085
   1126.5   0.32089
   1126.7   0.32085
   1126.9   0.32093
   1127.2   0.32095
   1127.4   0.32082
   1127.7   0.32087
   1127.9   0.32101
   1128.2   0.32103
   1128.4   0.32107
   1128.7   0.32120
   1128.9   0.32121
   1129.2   0.32119
   1129.4   0.32122
   1129.7   0.32131
   1129.9   0.32135
   1130.1   0.32131
   1130.4   0.32129
   1130.6   0.32131
   1130.9   0.32133
   1131.1   0.32140
   1131.4   0.32141
   1131.6   0.32142
   1131.9   0.32146
   1132.1   0.32148
   1132.4   0.32147
   1132.6   0.32146
   1132.9   0.32151
   1133.1   0.32158
   1133.3   0.32157
   1133.6   0.32154
   1133.8   0.32150
   1134.1   0.32157
   1134.3   0.32172
   1134.6   0.32174
   1134.8   0.32168
   1135.1   0.32169
   1135.3   0.32168
   1135.6   0.32170
   1135.8   0.32169
   1136.1   0.32176
   1136.3   0.32190
   1136.6   0.32197
   1136.8   0.32193
   1137.1   0.32189
   1137.3   0.32193
   1137.6   0.32193
   1137.8   0.32190
   1138.1   0.32199
   1138.3   0.32200
   1138.6   0.32201
   1138.8   0.32211
   1139.1   0.32217
   1139.3   0.32217
   1139.6   0.32217
   1139.8   0.32224
   1140.1   0.32237
   1140.3   0.32235
   1140.6   0.32234
   1140.8   0.32238
   1141.1   0.32232
   1141.3   0.32231
   1141.6   0.32237
   1141.8   0.32240
   1142.1   0.32232
   1142.3   0.32230
   1142.6   0.32239
   1142.8   0.32241
   1143.1   0.32252
   1143.3   0.32265
   1143.6   0.32266
   1143.9   0.32259
   1144.1   0.32250
   1144.4   0.32242
   1144.6   0.32259
   1144.9   0.32269
   1145.1   0.32265
   1145.4   0.32270
   1145.6   0.32267
   1145.9   0.32269
   1146.1   0.32278
   1146.4   0.32289
   1146.6   0.32290
   1146.9   0.32282
   1147.2   0.32272
   1147.4   0.32271
   1147.7   0.32277
   1147.9   0.32285
   1148.2   0.32287
   1148.4   0.32292
   1148.7   0.32291
   1148.9   0.32281
   1149.2   0.32287
   1149.4   0.32299
   1149.7   0.32309
   1149.9   0.32311
   1150.2   0.32308
   1150.4   0.32314
   1150.7   0.32314
   1151.0   0.32311
   1151.2   0.32322
   1151.5   0.32331
   1151.7   0.32327
   1152.0   0.32323
   1152.2   0.32325
   1152.5   0.32327
   1152.8   0.32340
   1153.0   0.32344
   1153.3   0.32340
   1153.5   0.32341
   1153.8   0.32335
   1154.0   0.32332
   1154.3   0.32340
   1154.6   0.32336
   1154.8   0.32327
   1155.1   0.32336
   1155.3   0.32341
   1155.6   0.32339
   1155.8   0.32340
   1156.1   0.32343
   1156.4   0.32343
   1156.6   0.32344
   1156.9   0.32357
   1157.1   0.32354
   1157.4   0.32341
   1157.7   0.32349
   1157.9   0.32356
   1158.2   0.32355
   1158.4   0.32366
   1158.7   0.32372
   1158.9   0.32369
   1159.2   0.32361
   1159.5   0.32360
   1159.7   0.32360
   1160.0   0.32366
   1160.2   0.32374
   1160.5   0.32379
   1160.8   0.32389
   1161.0   0.32394
   1161.3   0.32397
   1161.5   0.32393
   1161.8   0.32387
   1162.1   0.32387
   1162.3   0.32379
   1162.6   0.32376
   1162.8   0.32390
   1163.1   0.32396
   1163.4   0.32395
   1163.6   0.32402
   1163.9   0.32403
   1164.2   0.32401
   1164.4   0.32403
   1164.7   0.32404
   1164.9   0.32409
   1165.2   0.32414
   1165.4   0.32402
   1165.7   0.32399
   1166.0   0.32408
   1166.2   0.32416
   1166.5   0.32423
   1166.8   0.32419
   1167.0   0.32410
   1167.3   0.32411
   1167.6   0.32414
   1167.8   0.32423
   1168.1   0.32434
   1168.3   0.32432
   1168.6   0.32419
   1168.9   0.32420
   1169.1   0.32431
   1169.4   0.32433
   1169.7   0.32436
   1169.9   0.32436
   1170.2   0.32439
   1170.4   0.32445
   1170.7   0.32450
   1171.0   0.32440
   1171.3   0.32433
   1171.5   0.32440
   1171.8   0.32448
   1172.0   0.32447
   1172.3   0.32446
   1172.6   0.32455
   1172.8   0.32457
   1173.1   0.32456
   1173.4   0.32463
   1173.6   0.32458
   1173.9   0.32466
   1174.2   0.32469
   1174.4   0.32460
   1174.7   0.32461
   1175.0   0.32468
   1175.2   0.32469
   1175.5   0.32469
   1175.8   0.32467
   1176.0   0.32470
   1176.3   0.32468
   1176.6   0.32473
   1176.8   0.32487
   1177.1   0.32483
   1177.4   0.32471
   1177.6   0.32470
   1177.9   0.32473
   1178.2   0.32478
   1178.4   0.32492
   1178.7   0.32493
   1179.0   0.32490
   1179.2   0.32486
   1179.5   0.32479
   1179.8   0.32481
   1180.0   0.32478
   1180.3   0.32484
   1180.6   0.32491
   1180.8   0.32492
   1181.1   0.32487
   1181.4   0.32492
   1181.7   0.32492
   1181.9   0.32491
   1182.2   0.32491
   1182.5   0.32501
   1182.7   0.32513
   1183.0   0.32518
   1183.3   0.32517
   1183.5   0.32513
   1183.8   0.32509
   1184.1   0.32513
   1184.4   0.32512
   1184.6   0.32510
   1184.9   0.32514
   1185.2   0.32510
   1185.4   0.32504
   1185.7   0.32520
   1186.0   0.32535
   1186.3   0.32530
   1186.5   0.32526
   1186.8   0.32521
   1187.1   0.32519
   1187.3   0.32519
   1187.6   0.32517
   1187.9   0.32523
   1188.2   0.32534
   1188.4   0.32536
   1188.7   0.32533
   1189.0   0.32525
   1189.3   0.32527
   1189.5   0.32536
   1189.8   0.32531
   1190.1   0.32532
   1190.3   0.32532
   1190.6   0.32531
   1190.9   0.32540
   1191.2   0.32542
   1191.4   0.32542
   1191.7   0.32541
   1192.0   0.32541
   1192.3   0.32539
   1192.5   0.32537
   1192.8   0.32538
   1193.1   0.32545
   1193.3   0.32554
   1193.6   0.32558
   1193.9   0.32558
   1194.2   0.32553
   1194.4   0.32555
   1194.7   0.32563
   1195.0   0.32563
   1195.3   0.32564
   1195.6   0.32560
   1195.8   0.32551
   1196.1   0.32548
   1196.4   0.32557
   1196.7   0.32565
   1196.9   0.32570
   1197.2   0.32565
   1197.5   0.32561
   1197.8   0.32568
   1198.0   0.32566
   1198.3   0.32561
   1198.6   0.32574
   1198.9   0.32575
   1199.2   0.32568
   1199.4   0.32567
   1199.7   0.32564
   1200.0   0.32558
   1200.3   0.32558
   1200.5   0.32568
   1200.8   0.32578
   1201.1   0.32571
   1201.4   0.32574
   1201.7   0.32588
   1201.9   0.32591
   1202.2   0.32582
   1202.5   0.32573
   1202.8   0.32578
   1203.0   0.32583
   1203.3   0.32583
   1203.6   0.32590
   1203.9   0.32583
   1204.2   0.32581
   1204.4   0.32587
   1204.7   0.32591
   1205.0   0.32602
   1205.3   0.32602
   1205.6   0.32602
   1205.8   0.32594
   1206.1   0.32589
   1206.4   0.32600
   1206.7   0.32602
   1207.0   0.32605
   1207.2   0.32607
   1207.5   0.32606
   1207.8   0.32607
   1208.1   0.32606
   1208.4   0.32610
   1208.7   0.32614
   1208.9   0.32611
   1209.2   0.32615
   1209.5   0.32618
   1209.8   0.32611
   1210.1   0.32611
   1210.3   0.32610
   1210.6   0.32606
   1210.9   0.32613
   1211.2   0.32620
   1211.5   0.32614
   1211.8   0.32603
   1212.0   0.32611
   1212.3   0.32614
   1212.6   0.32614
   1212.9   0.32617
   1213.2   0.32629
   1213.5   0.32633
   1213.7   0.32626
   1214.0   0.32624
   1214.3   0.32628
   1214.6   0.32633
   1214.9   0.32631
   1215.2   0.32633
   1215.4   0.32635
   1215.7   0.32637
   1216.0   0.32644
   1216.3   0.32644
   1216.6   0.32644
   1216.9   0.32646
   1217.2   0.32643
   1217.4   0.32639
   1217.7   0.32635
   1218.0   0.32636
   1218.3   0.32646
   1218.6   0.32646
   1218.9   0.32645
   1219.2   0.32651
   1219.4   0.32651
   1219.7   0.32647
   1220.0   0.32648
   1220.3   0.32650
   1220.6   0.32656
   1220.9   0.32660
   1221.2   0.32667
   1221.5   0.32669
   1221.8   0.32666
   1222.0   0.32662
   1222.3   0.32656
   1222.6   0.32656
   1222.9   0.32660
   1223.2   0.32656
   1223.5   0.32663
   1223.8   0.32664
   1224.1   0.32664
   1224.3   0.32667
   1224.6   0.32671
   1224.9   0.32677
   1225.2   0.32671
   1225.5   0.32669
   1225.8   0.32667
   1226.1   0.32673
   1226.4   0.32686
   1226.7   0.32694
   1227.0   0.32694
   1227.3   0.32691
   1227.5   0.32677
   1227.8   0.32672
   1228.1   0.32683
   1228.4   0.32687
   1228.7   0.32687
   1229.0   0.32689
   1229.3   0.32693
   1229.6   0.32693
   1229.9   0.32697
   1230.2   0.32704
   1230.4   0.32701
   1230.7   0.32697
   1231.0   0.32704
   1231.3   0.32706
   1231.6   0.32706
   1231.9   0.32704
   1232.2   0.32708
   1232.5   0.32710
   1232.8   0.32708
   1233.1   0.32710
   1233.4   0.32713
   1233.7   0.32716
   1234.0   0.32715
   1234.3   0.32712
   1234.6   0.32710
   1234.8   0.32717
   1235.1   0.32722
   1235.4   0.32720
   1235.7   0.32718
   1236.0   0.32727
   1236.3   0.32732
   1236.6   0.32730
   1236.9   0.32721
   1237.2   0.32724
   1237.5   0.32726
   1237.8   0.32721
   1238.1   0.32729
   1238.4   0.32730
   1238.7   0.32730
   1239.0   0.32734
   1239.3   0.32731
   1239.6   0.32727
   1239.9   0.32725
   1240.2   0.32730
   1240.5   0.32741
   1240.8   0.32748
   1241.1   0.32750
   1241.3   0.32741
   1241.7   0.32743
   1241.9   0.32749
   1242.2   0.32755
   1242.5   0.32759
   1242.8   0.32750
   1243.1   0.32739
   1243.4   0.32740
   1243.7   0.32748
   1244.0   0.32748
   1244.3   0.32747
   1244.6   0.32752
   1244.9   0.32759
   1245.2   0.32767
   1245.5   0.32768
   1245.8   0.32767
   1246.1   0.32766
   1246.4   0.32768
   1246.7   0.32767
   1247.0   0.32759
   1247.3   0.32758
   1247.6   0.32765
   1247.9   0.32776
   1248.2   0.32771
   1248.5   0.32768
   1248.8   0.32775
   1249.1   0.32781
   1249.4   0.32778
   1249.7   0.32777
   1250.0   0.32777
   1250.3   0.32773
   1250.6   0.32776
   1250.9   0.32790
   1251.2   0.32794
   1251.5   0.32792
   1251.8   0.32794
   1252.1   0.32794
   1252.4   0.32797
   1252.8   0.32793
   1253.1   0.32795
   1253.3   0.32798
   1253.7   0.32799
   1254.0   0.32796
   1254.3   0.32794
   1254.6   0.32796
   1254.9   0.32805
   1255.2   0.32813
   1255.5   0.32813
   1255.8   0.32814
   1256.1   0.32819
   1256.4   0.32817
   1256.7   0.32814
   1257.0   0.32820
   1257.3   0.32818
   1257.6   0.32820
   1257.9   0.32823
   1258.2   0.32828
   1258.5   0.32832
   1258.8   0.32824
   1259.1   0.32824
   1259.4   0.32832
   1259.8   0.32836
   1260.1   0.32840
   1260.4   0.32844
   1260.7   0.32836
   1261.0   0.32830
   1261.3   0.32840
   1261.6   0.32841
   1261.9   0.32836
   1262.2   0.32838
   1262.5   0.32845
   1262.8   0.32848
   1263.1   0.32843
   1263.4   0.32846
   1263.7   0.32855
   1264.1   0.32853
   1264.4   0.32846
   1264.7   0.32846
   1265.0   0.32855
   1265.3   0.32865
   1265.6   0.32866
   1265.9   0.32859
   1266.2   0.32855
   1266.5   0.32868
   1266.8   0.32877
   1267.1   0.32874
   1267.4   0.32870
   1267.8   0.32866
   1268.1   0.32869
   1268.4   0.32878
   1268.7   0.32884
   1269.0   0.32882
   1269.3   0.32881
   1269.6   0.32884
   1269.9   0.32889
   1270.2   0.32889
   1270.6   0.32887
   1270.9   0.32889
   1271.2   0.32887
   1271.5   0.32889
   1271.8   0.32890
   1272.1   0.32895
   1272.4   0.32900
   1272.7   0.32901
   1273.1   0.32900
   1273.4   0.32905
   1273.7   0.32911
   1274.0   0.32914
   1274.3   0.32917
   1274.6   0.32914
   1274.9   0.32906
   1275.2   0.32909
   1275.6   0.32918
   1275.9   0.32921
   1276.2   0.32923
   1276.5   0.32927
   1276.8   0.32928
   1277.1   0.32923
   1277.4   0.32925
   1277.8   0.32939
   1278.1   0.32938
   1278.4   0.32928
   1278.7   0.32931
   1279.0   0.32937
   1279.3   0.32941
   1279.7   0.32946
   1280.0   0.32947
   1280.3   0.32949
   1280.6   0.32954
   1280.9   0.32955
   1281.2   0.32953
   1281.6   0.32955
   1281.9   0.32959
   1282.2   0.32958
   1282.5   0.32956
   1282.8   0.32962
   1283.1   0.32964
   1283.4   0.32964
   1283.8   0.32963
   1284.1   0.32975
   1284.4   0.32982
   1284.7   0.32973
   1285.0   0.32967
   1285.4   0.32973
   1285.7   0.32983
   1286.0   0.32977
   1286.3   0.32977
   1286.6   0.32979
   1286.9   0.32983
   1287.3   0.32995
   1287.6   0.33005
   1287.9   0.33008
   1288.2   0.33002
   1288.6   0.33000
   1288.9   0.33002
   1289.2   0.33007
   1289.5   0.33013
   1289.8   0.33017
   1290.2   0.33020
   1290.5   0.33018
   1290.8   0.33017
   1291.1   0.33020
   1291.4   0.33019
   1291.8   0.33015
   1292.1   0.33020
   1292.4   0.33027
   1292.7   0.33026
   1293.1   0.33027
   1293.4   0.33032
   1293.7   0.33040
   1294.0   0.33041
   1294.3   0.33039
   1294.7   0.33044
   1295.0   0.33047
   1295.3   0.33044
   1295.6   0.33049
   1296.0   0.33058
   1296.3   0.33060
   1296.6   0.33066
   1296.9   0.33070
   1297.3   0.33062
   1297.6   0.33055
   1297.9   0.33060
   1298.2   0.33060
   1298.6   0.33057
   1298.9   0.33071
   1299.2   0.33081
   1299.5   0.33085
   1299.9   0.33081
   1300.2   0.33071
   1300.5   0.33078
   1300.8   0.33089
   1301.2   0.33097
   1301.5   0.33093
   1301.8   0.33088
   1302.1   0.33098
   1302.5   0.33102
   1302.8   0.33099
   1303.1   0.33106
   1303.4   0.33113
   1303.8   0.33113
   1304.1   0.33109
   1304.4   0.33104
   1304.8   0.33105
   1305.1   0.33119
   1305.4   0.33125
   1305.8   0.33126
   1306.1   0.33134
   1306.4   0.33136
   1306.7   0.33134
   1307.1   0.33132
   1307.4   0.33131
   1307.7   0.33134
   1308.1   0.33137
   1308.4   0.33145
   1308.7   0.33148
   1309.1   0.33150
   1309.4   0.33143
   1309.7   0.33146
   1310.0   0.33155
   1310.4   0.33159
   1310.7   0.33165
   1311.0   0.33165
   1311.4   0.33162
   1311.7   0.33165
   1312.0   0.33167
   1312.4   0.33172
   1312.7   0.33178
   1313.0   0.33186
   1313.4   0.33183
   1313.7   0.33183
   1314.0   0.33190
   1314.4   0.33191
   1314.7   0.33192
   1315.0   0.33193
   1315.4   0.33187
   1315.7   0.33189
   1316.0   0.33204
   1316.4   0.33214
   1316.7   0.33216
   1317.0   0.33213
   1317.4   0.33217
   1317.7   0.33217
   1318.0   0.33217
   1318.4   0.33222
   1318.7   0.33230
   1319.0   0.33233
   1319.4   0.33230
   1319.7   0.33227
   1320.1   0.33226
   1320.4   0.33231
   1320.7   0.33239
   1321.1   0.33241
   1321.4   0.33242
   1321.7   0.33244
   1322.1   0.33251
   1322.4   0.33251
   1322.7   0.33253
   1323.1   0.33260
   1323.4   0.33263
   1323.8   0.33272
   1324.1   0.33277
   1324.4   0.33279
   1324.8   0.33281
   1325.1   0.33285
   1325.4   0.33279
   1325.8   0.33279
   1326.1   0.33280
   1326.5   0.33286
   1326.8   0.33294
   1327.1   0.33298
   1327.5   0.33296
   1327.8   0.33288
   1328.2   0.33293
   1328.5   0.33306
   1328.8   0.33310
   1329.2   0.33306
   1329.5   0.33309
   1329.9   0.33316
   1330.2   0.33314
   1330.6   0.33314
   1330.9   0.33325
   1331.2   0.33332
   1331.6   0.33333
   1331.9   0.33334
   1332.3   0.33333
   1332.6   0.33339
   1332.9   0.33345
   1333.3   0.33347
   1333.6   0.33350
   1334.0   0.33356
   1334.3   0.33358
   1334.7   0.33349
   1335.0   0.33341
   1335.3   0.33345
   1335.7   0.33356
   1336.0   0.33369
   1336.4   0.33375
   1336.7   0.33371
   1337.1   0.33371
   1337.4   0.33378
   1337.8   0.33382
   1338.1   0.33383
   1338.4   0.33387
   1338.8   0.33386
   1339.1   0.33385
   1339.5   0.33393
   1339.8   0.33398
   1340.2   0.33397
   1340.5   0.33401
   1340.9   0.33412
   1341.2   0.33413
   1341.6   0.33414
   1341.9   0.33421
   1342.3   0.33421
   1342.6   0.33424
   1342.9   0.33434
   1343.3   0.33435
   1343.7   0.33436
   1344.0   0.33440
   1344.3   0.33443
   1344.7   0.33444
   1345.0   0.33444
   1345.4   0.33450
   1345.7   0.33461
   1346.1   0.33464
   1346.4   0.33465
   1346.8   0.33466
   1347.1   0.33468
   1347.5   0.33469
   1347.8   0.33468
   1348.2   0.33469
   1348.5   0.33478
   1348.9   0.33483
   1349.3   0.33487
   1349.6   0.33489
   1349.9   0.33490
   1350.3   0.33491
   1350.7   0.33498
   1351.0   0.33506
   1351.3   0.33510
   1351.7   0.33506
   1352.1   0.33499
   1352.4   0.33505
   1352.8   0.33511
   1353.1   0.33512
   1353.5   0.33519
   1353.8   0.33522
   1354.2   0.33525
   1354.5   0.33526
   1354.9   0.33531
   1355.2   0.33540
   1355.6   0.33538
   1355.9   0.33539
   1356.3   0.33547
   1356.7   0.33552
   1357.0   0.33549
   1357.4   0.33550
   1357.7   0.33557
   1358.1   0.33569
   1358.4   0.33573
   1358.8   0.33570
   1359.2   0.33571
   1359.5   0.33576
   1359.9   0.33577
   1360.2   0.33575
   1360.6   0.33578
   1360.9   0.33587
   1361.3   0.33592
   1361.7   0.33592
   1362.0   0.33597
   1362.4   0.33601
   1362.7   0.33605
   1363.1   0.33609
   1363.4   0.33613
   1363.8   0.33615
   1364.2   0.33619
   1364.5   0.33622
   1364.9   0.33621
   1365.2   0.33624
   1365.6   0.33634
   1365.9   0.33641
   1366.3   0.33639
   1366.7   0.33634
   1367.0   0.33636
   1367.4   0.33642
   1367.8   0.33646
   1368.1   0.33651
   1368.5   0.33655
   1368.8   0.33656
   1369.2   0.33656
   1369.6   0.33657
   1369.9   0.33658
   1370.3   0.33665
   1370.7   0.33677
   1371.0   0.33684
   1371.4   0.33689
   1371.7   0.33688
   1372.1   0.33692
   1372.5   0.33696
   1372.8   0.33695
   1373.2   0.33694
   1373.6   0.33697
   1373.9   0.33705
   1374.3   0.33713
   1374.6   0.33716
   1375.0   0.33715
   1375.4   0.33715
   1375.7   0.33717
   1376.1   0.33721
   1376.5   0.33733
   1376.8   0.33736
   1377.2   0.33735
   1377.6   0.33736
   1377.9   0.33735
   1378.3   0.33738
   1378.7   0.33744
   1379.0   0.33753
   1379.4   0.33760
   1379.8   0.33765
   1380.1   0.33773
   1380.5   0.33770
   1380.9   0.33762
   1381.2   0.33764
   1381.6   0.33771
   1382.0   0.33779
   1382.3   0.33786
   1382.7   0.33786
   1383.1   0.33788
   1383.4   0.33791
   1383.8   0.33791
   1384.2   0.33797
   1384.6   0.33801
   1384.9   0.33803
   1385.3   0.33806
   1385.7   0.33810
   1386.0   0.33811
   1386.4   0.33815
   1386.8   0.33822
   1387.2   0.33822
   1387.5   0.33825
   1387.9   0.33833
   1388.3   0.33838
   1388.6   0.33836
   1389.0   0.33834
   1389.4   0.33844
   1389.8   0.33852
   1390.1   0.33855
   1390.5   0.33852
   1390.9   0.33856
   1391.2   0.33868
   1391.6   0.33872
   1392.0   0.33870
   1392.4   0.33871
   1392.7   0.33876
   1393.1   0.33880
   1393.5   0.33880
   1393.9   0.33881
   1394.2   0.33894
   1394.6   0.33899
   1395.0   0.33898
   1395.4   0.33900
   1395.7   0.33899
   1396.1   0.33901
   1396.5   0.33904
   1396.9   0.33910
   1397.2   0.33912
   1397.6   0.33909
   1398.0   0.33910
   1398.4   0.33922
   1398.8   0.33932
   1399.1   0.33933
   1399.5   0.33931
   1399.9   0.33938
   1400.3   0.33946
   1400.6   0.33947
   1401.0   0.33945
   1401.4   0.33950
   1401.8   0.33961
   1402.2   0.33965
   1402.5   0.33969
   1402.9   0.33969
   1403.3   0.33972
   1403.7   0.33976
   1404.1   0.33977
   1404.4   0.33981
   1404.8   0.33986
   1405.2   0.33988
   1405.6   0.33988
   1406.0   0.33989
   1406.3   0.33997
   1406.7   0.34003
   1407.1   0.34001
   1407.5   0.34004
   1407.9   0.34010
   1408.3   0.34014
   1408.6   0.34015
   1409.0   0.34015
   1409.4   0.34024
   1409.8   0.34023
   1410.2   0.34018
   1410.6   0.34027
   1410.9   0.34033
   1411.3   0.34028
   1411.7   0.34034
   1412.1   0.34041
   1412.5   0.34046
   1412.8   0.34053
   1413.2   0.34056
   1413.6   0.34058
   1414.0   0.34062
   1414.4   0.34066
   1414.8   0.34071
   1415.2   0.34075
   1415.6   0.34075
   1415.9   0.34080
   1416.3   0.34085
   1416.7   0.34086
   1417.1   0.34087
   1417.5   0.34090
   1417.9   0.34096
   1418.3   0.34099
   1418.7   0.34100
   1419.0   0.34104
   1419.4   0.34108
   1419.8   0.34113
   1420.2   0.34113
   1420.6   0.34114
   1421.0   0.34120
   1421.4   0.34127
   1421.8   0.34130
   1422.2   0.34133
   1422.5   0.34135
   1422.9   0.34139
   1423.3   0.34142
   1423.7   0.34141
   1424.1   0.34150
   1424.5   0.34160
   1424.9   0.34157
   1425.3   0.34157
   1425.7   0.34161
   1426.1   0.34171
   1426.5   0.34172
   1426.8   0.34173
   1427.2   0.34172
   1427.6   0.34176
   1428.0   0.34181
   1428.4   0.34185
   1428.8   0.34191
   1429.2   0.34197
   1429.6   0.34201
   1430.0   0.34203
   1430.4   0.34203
   1430.8   0.34203
   1431.2   0.34206
   1431.6   0.34211
   1432.0   0.34215
   1432.4   0.34217
   1432.8   0.34226
   1433.2   0.34233
   1433.6   0.34235
   1433.9   0.34232
   1434.3   0.34230
   1434.8   0.34237
   1435.1   0.34237
   1435.5   0.34236
   1435.9   0.34244
   1436.3   0.34252
   1436.7   0.34253
   1437.1   0.34258
   1437.5   0.34261
   1437.9   0.34264
   1438.3   0.34262
   1438.7   0.34265
   1439.1   0.34273
   1439.5   0.34277
   1439.9   0.34282
   1440.3   0.34279
   1440.7   0.34282
   1441.1   0.34290
   1441.5   0.34288
   1441.9   0.34286
   1442.3   0.34293
   1442.7   0.34297
   1443.1   0.34297
   1443.5   0.34302
   1443.9   0.34310
   1444.3   0.34312
   1444.7   0.34316
   1445.1   0.34323
   1445.6   0.34324
   1445.9   0.34319
   1446.3   0.34323
   1446.8   0.34329
   1447.2   0.34334
   1447.6   0.34335
   1448.0   0.34340
   1448.4   0.34347
   1448.8   0.34351
   1449.2   0.34356
   1449.6   0.34355
   1450.0   0.34353
   1450.4   0.34360
   1450.8   0.34367
   1451.2   0.34367
   1451.6   0.34372
   1452.0   0.34377
   1452.4   0.34380
   1452.8   0.34380
   1453.2   0.34381
   1453.7   0.34386
   1454.1   0.34392
   1454.5   0.34395
   1454.9   0.34388
   1455.3   0.34390
   1455.7   0.34397
   1456.1   0.34399
   1456.5   0.34398
   1456.9   0.34401
   1457.3   0.34406
   1457.7   0.34409
   1458.2   0.34412
   1458.6   0.34418
   1459.0   0.34426
   1459.4   0.34425
   1459.8   0.34426
   1460.2   0.34436
   1460.6   0.34441
   1461.0   0.34443
   1461.4   0.34442
   1461.8   0.34444
   1462.3   0.34444
   1462.7   0.34446
   1463.1   0.34449
   1463.5   0.34454
   1463.9   0.34463
   1464.3   0.34473
   1464.7   0.34475
   1465.2   0.34476
   1465.6   0.34473
   1466.0   0.34469
   1466.4   0.34468
   1466.8   0.34476
   1467.2   0.34482
   1467.6   0.34482
   1468.1   0.34484
   1468.5   0.34491
   1468.9   0.34496
   1469.3   0.34498
   1469.7   0.34504
   1470.1   0.34506
   1470.6   0.34505
   1471.0   0.34509
   1471.4   0.34517
   1471.8   0.34518
   1472.2   0.34519
   1472.6   0.34525
   1473.1   0.34529
   1473.5   0.34525
   1473.9   0.34520
   1474.3   0.34521
   1474.7   0.34525
   1475.2   0.34530
   1475.6   0.34532
   1476.0   0.34538
   1476.4   0.34548
   1476.8   0.34552
   1477.3   0.34555
   1477.7   0.34554
   1478.1   0.34551
   1478.5   0.34552
   1478.9   0.34555
   1479.4   0.34558
   1479.8   0.34562
   1480.2   0.34564
   1480.6   0.34567
   1481.1   0.34572
   1481.5   0.34574
   1481.9   0.34573
   1482.3   0.34574
   1482.8   0.34579
   1483.2   0.34580
   1483.6   0.34582
   1484.0   0.34587
   1484.4   0.34588
   1484.9   0.34590
   1485.3   0.34594
   1485.7   0.34599
   1486.2   0.34603
   1486.6   0.34606
   1487.0   0.34612
   1487.4   0.34614
   1487.9   0.34615
   1488.3   0.34618
   1488.7   0.34622
   1489.1   0.34617
   1489.6   0.34617
   1490.0   0.34622
   1490.4   0.34623
   1490.8   0.34624
   1491.3   0.34631
   1491.7   0.34633
   1492.1   0.34634
   1492.6   0.34640
   1493.0   0.34644
   1493.4   0.34641
   1493.9   0.34640
   1494.3   0.34649
   1494.7   0.34655
   1495.2   0.34653
   1495.6   0.34652
   1496.0   0.34657
   1496.4   0.34664
   1496.9   0.34670
   1497.3   0.34669
   1497.7   0.34666
   1498.2   0.34667
   1498.6   0.34671
   1499.0   0.34676
   1499.5   0.34677
   1499.9   0.34681
   1500.3   0.34684
   1500.8   0.34686
   1501.2   0.34690
   1501.7   0.34691
   1502.1   0.34693
   1502.5   0.34697
   1502.9   0.34703
   1503.4   0.34705
   1503.8   0.34705
   1504.3   0.34706
   1504.7   0.34701
   1505.1   0.34699
   1505.6   0.34705
   1506.0   0.34713
   1506.4   0.34716
   1506.9   0.34712
   1507.3   0.34715
   1507.8   0.34721
   1508.2   0.34722
   1508.6   0.34721
   1509.1   0.34725
   1509.5   0.34731
   1510.0   0.34739
   1510.4   0.34738
   1510.8   0.34737
   1511.3   0.34743
   1511.7   0.34751
   1512.2   0.34752
   1512.6   0.34750
   1513.0   0.34748
   1513.5   0.34749
   1513.9   0.34754
   1514.4   0.34754
   1514.8   0.34750
   1515.3   0.34755
   1515.7   0.34765
   1516.1   0.34769
   1516.6   0.34771
   1517.0   0.34769
   1517.5   0.34768
   1517.9   0.34772
   1518.4   0.34776
   1518.8   0.34778
   1519.3   0.34783
   1519.7   0.34789
   1520.1   0.34791
   1520.6   0.34785
   1521.0   0.34780
   1521.5   0.34782
   1521.9   0.34788
   1522.4   0.34791
   1522.8   0.34793
   1523.3   0.34798
   1523.7   0.34802
   1524.2   0.34803
   1524.6   0.34802
   1525.1   0.34804
   1525.5   0.34807
   1525.9   0.34813
   1526.4   0.34816
   1526.8   0.34815
   1527.3   0.34814
   1527.8   0.34817
   1528.2   0.34818
   1528.7   0.34822
   1529.1   0.34827
   1529.6   0.34830
   1530.0   0.34828
   1530.5   0.34829
   1530.9   0.34826
   1531.4   0.34825
   1531.8   0.34829
   1532.3   0.34830
   1532.7   0.34834
   1533.2   0.34836
   1533.6   0.34834
   1534.1   0.34832
   1534.5   0.34839
   1535.0   0.34843
   1535.4   0.34842
   1535.9   0.34842
   1536.3   0.34842
   1536.8   0.34844
   1537.3   0.34845
   1537.7   0.34843
   1538.2   0.34846
   1538.6   0.34855
   1539.1   0.34858
   1539.6   0.34857
   1540.0   0.34858
   1540.5   0.34859
   1540.9   0.34861
   1541.4   0.34862
   1541.8   0.34862
   1542.3   0.34861
   1542.8   0.34860
   1543.2   0.34866
   1543.7   0.34871
   1544.1   0.34873
   1544.6   0.34875
   1545.1   0.34872
   1545.5   0.34868
   1546.0   0.34869
   1546.4   0.34871
   1546.9   0.34871
   1547.4   0.34876
   1547.8   0.34876
   1548.3   0.34873
   1548.8   0.34875
   1549.2   0.34879
   1549.7   0.34886
   1550.1   0.34890
   1550.6   0.34887
   1551.1   0.34883
   1551.5   0.34881
   1552.0   0.34884
   1552.4   0.34888
   1552.9   0.34888
   1553.4   0.34887
   1553.8   0.34890
   1554.3   0.34895
   1554.8   0.34893
   1555.3   0.34896
   1555.7   0.34898
   1556.2   0.34898
   1556.7   0.34903
   1557.1   0.34905
   1557.6   0.34902
   1558.1   0.34904
   1558.5   0.34906
   1559.0   0.34909
   1559.5   0.34908
   1559.9   0.34906
   1560.4   0.34908
   1560.9   0.34912
   1561.3   0.34912
   1561.8   0.34910
   1562.3   0.34910
   1562.8   0.34913
   1563.2   0.34915
   1563.7   0.34914
   1564.2   0.34919
   1564.6   0.34924
   1565.1   0.34923
   1565.6   0.34927
   1566.1   0.34932
   1566.5   0.34931
   1567.0   0.34929
   1567.5   0.34928
   1567.9   0.34927
   1568.4   0.34930
   1568.9   0.34933
   1569.4   0.34935
   1569.8   0.34937
   1570.3   0.34936
   1570.8   0.34935
   1571.3   0.34938
   1571.8   0.34940
   1572.2   0.34936
   1572.7   0.34934
   1573.2   0.34937
   1573.7   0.34936
   1574.1   0.34938
   1574.6   0.34940
   1575.1   0.34941
   1575.6   0.34941
   1576.1   0.34945
   1576.5   0.34945
   1577.0   0.34942
   1577.5   0.34946
   1578.0   0.34948
   1578.4   0.34949
   1578.9   0.34950
   1579.4   0.34953
   1579.9   0.34953
   1580.4   0.34953
   1580.9   0.34952
   1581.3   0.34947
   1581.8   0.34950
   1582.3   0.34956
   1582.8   0.34958
   1583.3   0.34956
   1583.8   0.34961
   1584.2   0.34960
   1584.7   0.34958
   1585.2   0.34957
   1585.7   0.34956
   1586.2   0.34956
   1586.7   0.34958
   1587.2   0.34960
   1587.6   0.34961
   1588.1   0.34962
   1588.6   0.34960
   1589.1   0.34959
   1589.6   0.34958
   1590.1   0.34960
   1590.6   0.34961
   1591.0   0.34962
   1591.5   0.34965
   1592.0   0.34968
   1592.5   0.34967
   1593.0   0.34968
   1593.5   0.34968
   1594.0   0.34964
   1594.5   0.34964
   1595.0   0.34970
   1595.4   0.34972
   1595.9   0.34968
   1596.4   0.34968
   1596.9   0.34970
   1597.4   0.34971
   1597.9   0.34969
   1598.4   0.34971
   1598.9   0.34968
   1599.4   0.34966
   1599.9   0.34968
   1600.4   0.34973
   1600.9   0.34976
   1601.4   0.34977
   1601.9   0.34976
   1602.3   0.34975
   1602.8   0.34972
   1603.3   0.34968
   1603.8   0.34973
   1604.3   0.34981
   1604.8   0.34979
   1605.3   0.34975
   1605.8   0.34975
   1606.3   0.34975
   1606.8   0.34973
   1607.3   0.34973
   1607.8   0.34978
   1608.3   0.34978
   1608.8   0.34978
   1609.3   0.34977
   1609.8   0.34979
   1610.3   0.34978
   1610.8   0.34979
   1611.3   0.34980
   1611.8   0.34978
   1612.3   0.34974
   1612.8   0.34974
   1613.3   0.34976
   1613.8   0.34982
   1614.3   0.34984
   1614.8   0.34977
   1615.3   0.34976
   1615.8   0.34978
   1616.3   0.34980
   1616.8   0.34981
   1617.3   0.34982
   1617.8   0.34980
   1618.4   0.34978
   1618.9   0.34977
   1619.4   0.34976
   1619.9   0.34977
   1620.4   0.34977
   1620.9   0.34977
   1621.4   0.34979
   1621.9   0.34980
   1622.4   0.34981
   1622.9   0.34977
   1623.4   0.34973
   1623.9   0.34976
   1624.4   0.34981
   1624.9   0.34978
   1625.5   0.34976
   1626.0   0.34978
   1626.5   0.34980
   1627.0   0.34979
   1627.5   0.34981
   1628.0   0.34979
   1628.5   0.34977
   1629.0   0.34976
   1629.6   0.34975
   1630.1   0.34976
   1630.6   0.34975
   1631.1   0.34977
   1631.6   0.34975
   1632.1   0.34973
   1632.6   0.34974
   1633.1   0.34973
   1633.7   0.34972
   1634.2   0.34974
   1634.7   0.34976
   1635.2   0.34975
   1635.7   0.34974
   1636.2   0.34976
   1636.8   0.34975
   1637.3   0.34975
   1637.8   0.34971
   1638.3   0.34972
   1638.8   0.34973
   1639.3   0.34973
   1639.8   0.34973
   1640.4   0.34972
   1640.9   0.34973
   1641.4   0.34976
   1641.9   0.34976
   1642.4   0.34971
   1643.0   0.34970
   1643.5   0.34971
   1644.0   0.34969
   1644.5   0.34965
   1645.1   0.34968
   1645.6   0.34971
   1646.1   0.34970
   1646.6   0.34970
   1647.2   0.34970
   1647.7   0.34971
   1648.2   0.34968
   1648.7   0.34963
   1649.2   0.34961
   1649.8   0.34962
   1650.3   0.34960
   1650.8   0.34964
   1651.3   0.34963
   1651.9   0.34960
   1652.4   0.34964
   1652.9   0.34968
   1653.4   0.34966
   1654.0   0.34961
   1654.5   0.34962
   1655.0   0.34960
   1655.6   0.34958
   1656.1   0.34961
   1656.6   0.34959
   1657.2   0.34959
   1657.7   0.34958
   1658.2   0.34957
   1658.7   0.34962
   1659.3   0.34962
   1659.8   0.34958
   1660.3   0.34957
   1660.9   0.34954
   1661.4   0.34955
   1661.9   0.34956
   1662.5   0.34951
   1663.0   0.34949
   1663.5   0.34949
   1664.1   0.34950
   1664.6   0.34952
   1665.1   0.34953
   1665.7   0.34954
   1666.2   0.34952
   1666.7   0.34950
   1667.3   0.34955
   1667.8   0.34953
   1668.3   0.34949
   1668.9   0.34952
   1669.4   0.34955
   1670.0   0.34954
   1670.5   0.34948
   1671.0   0.34946
   1671.6   0.34946
   1672.1   0.34946
   1672.7   0.34948
   1673.2   0.34953
   1673.7   0.34953
   1674.3   0.34948
   1674.8   0.34945
   1675.4   0.34943
   1675.9   0.34940
   1676.4   0.34939
   1677.0   0.34941
   1677.5   0.34944
   1678.1   0.34946
   1678.6   0.34942
   1679.2   0.34938
   1679.7   0.34936
   1680.2   0.34935
   1680.8   0.34934
   1681.3   0.34935
   1681.9   0.34938
   1682.4   0.34936
   1683.0   0.34936
   1683.5   0.34936
   1684.1   0.34938
   1684.6   0.34937
   1685.2   0.34934
   1685.7   0.34935
   1686.3   0.34933
   1686.8   0.34926
   1687.3   0.34926
   1687.9   0.34930
   1688.4   0.34928
   1689.0   0.34928
   1689.6   0.34927
   1690.1   0.34927
   1690.7   0.34929
   1691.2   0.34929
   1691.8   0.34924
   1692.3   0.34924
   1692.9   0.34925
   1693.4   0.34925
   1694.0   0.34922
   1694.5   0.34919
   1695.1   0.34920
   1695.6   0.34920
   1696.2   0.34918
   1696.7   0.34918
   1697.3   0.34918
   1697.8   0.34915
   1698.4   0.34914
   1699.0   0.34917
   1699.5   0.34918
   1700.1   0.34914
   1700.6   0.34912
   1701.2   0.34911
   1701.8   0.34910
   1702.3   0.34907
   1702.9   0.34904
   1703.4   0.34904
   1704.0   0.34905
   1704.6   0.34904
   1705.1   0.34902
   1705.7   0.34900
   1706.2   0.34900
   1706.8   0.34897
   1707.4   0.34896
   1707.9   0.34894
   1708.5   0.34890
   1709.0   0.34891
   1709.6   0.34893
   1710.2   0.34894
   1710.7   0.34894
   1711.3   0.34889
   1711.9   0.34887
   1712.4   0.34885
   1713.0   0.34883
   1713.6   0.34881
   1714.1   0.34883
   1714.7   0.34885
   1715.3   0.34881
   1715.8   0.34880
   1716.4   0.34883
   1717.0   0.34882
   1717.5   0.34879
   1718.1   0.34880
   1718.7   0.34882
   1719.2   0.34880
   1719.8   0.34879
   1720.4   0.34875
   1721.0   0.34873
   1721.5   0.34874
   1722.1   0.34874
   1722.7   0.34872
   1723.2   0.34874
   1723.8   0.34874
   1724.4   0.34871
   1725.0   0.34872
   1725.5   0.34876
   1726.1   0.34872
   1726.7   0.34868
   1727.3   0.34870
   1727.8   0.34869
   1728.4   0.34869
   1729.0   0.34868
   1729.6   0.34869
   1730.1   0.34869
   1730.7   0.34868
   1731.3   0.34869
   1731.9   0.34865
   1732.5   0.34860
   1733.0   0.34861
   1733.6   0.34865
   1734.2   0.34867
   1734.8   0.34866
   1735.4   0.34863
   1735.9   0.34862
   1736.5   0.34860
   1737.1   0.34859
   1737.7   0.34860
   1738.3   0.34862
   1738.8   0.34864
   1739.4   0.34863
   1740.0   0.34861
   1740.6   0.34860
   1741.2   0.34860
   1741.8   0.34858
   1742.3   0.34852
   1742.9   0.34847
   1743.5   0.34847
   1744.1   0.34852
   1744.7   0.34855
   1745.3   0.34852
   1745.9   0.34847
   1746.5   0.34849
   1747.1   0.34850
   1747.6   0.34845
   1748.2   0.34843
   1748.8   0.34846
   1749.4   0.34845
   1750.0   0.34844
   1750.6   0.34845
   1751.2   0.34844
   1751.8   0.34841
   1752.4   0.34837
   1753.0   0.34837
   1753.6   0.34839
   1754.1   0.34841
   1754.7   0.34847
   1755.3   0.34844
   1755.9   0.34836
   1756.5   0.34833
   1757.1   0.34834
   1757.7   0.34833
   1758.3   0.34830
   1758.9   0.34831
   1759.5   0.34833
   1760.1   0.34832
   1760.7   0.34827
   1761.3   0.34825
   1761.9   0.34829
   1762.5   0.34831
   1763.1   0.34829
   1763.7   0.34831
   1764.3   0.34830
   1764.9   0.34830
   1765.5   0.34828
   1766.1   0.34826
   1766.7   0.34823
   1767.3   0.34820
   1767.9   0.34823
   1768.5   0.34825
   1769.1   0.34826
   1769.7   0.34823
   1770.3   0.34824
   1770.9   0.34823
   1771.5   0.34823
   1772.1   0.34823
   1772.7   0.34821
   1773.3   0.34816
   1773.9   0.34814
   1774.6   0.34814
   1775.2   0.34816
   1775.8   0.34819
   1776.4   0.34817
   1777.0   0.34815
   1777.6   0.34815
   1778.2   0.34815
   1778.8   0.34814
   1779.4   0.34813
   1780.0   0.34809
   1780.7   0.34807
   1781.3   0.34806
   1781.9   0.34804
   1782.5   0.34804
   1783.1   0.34804
   1783.7   0.34806
   1784.3   0.34804
   1784.9   0.34803
   1785.6   0.34803
   1786.2   0.34802
   1786.8   0.34801
   1787.4   0.34802
   1788.0   0.34804
   1788.6   0.34803
   1789.3   0.34801
   1789.9   0.34797
   1790.5   0.34799
   1791.1   0.34804
   1791.7   0.34801
   1792.3   0.34798
   1793.0   0.34798
   1793.6   0.34800
   1794.2   0.34803
   1794.8   0.34801
   1795.4   0.34802
   1796.1   0.34804
   1796.7   0.34803
   1797.3   0.34800
   1797.9   0.34796
   1798.6   0.34796
   1799.2   0.34795
   1799.8   0.34792
   1800.4   0.34792
   1801.1   0.34790
   1801.7   0.34789
   1802.3   0.34788
   1802.9   0.34790
   1803.6   0.34791
   1804.2   0.34792
   1804.8   0.34793
   1805.4   0.34789
   1806.1   0.34791
   1806.7   0.34795
   1807.3   0.34794
   1808.0   0.34794
   1808.6   0.34794
   1809.2   0.34789
   1809.9   0.34789
   1810.5   0.34791
   1811.1   0.34793
   1811.8   0.34791
   1812.4   0.34787
   1813.0   0.34784
   1813.7   0.34786
   1814.3   0.34783
   1814.9   0.34780
   1815.6   0.34780
   1816.2   0.34782
   1816.8   0.34785
   1817.5   0.34789
   1818.1   0.34788
   1818.8   0.34784
   1819.4   0.34783
   1820.0   0.34782
   1820.7   0.34784
   1821.3   0.34781
   1821.9   0.34775
   1822.6   0.34781
   1823.2   0.34783
   1823.9   0.34779
   1824.5   0.34779
   1825.2   0.34780
   1825.8   0.34779
   1826.4   0.34780
   1827.1   0.34778
   1827.7   0.34776
   1828.4   0.34776
   1829.0   0.34778
   1829.7   0.34778
   1830.3   0.34777
   1831.0   0.34781
   1831.6   0.34781
   1832.3   0.34778
   1832.9   0.34777
   1833.6   0.34778
   1834.2   0.34778
   1834.8   0.34775
   1835.5   0.34772
   1836.1   0.34770
   1836.8   0.34773
   1837.4   0.34773
   1838.1   0.34770
   1838.8   0.34772
   1839.4   0.34773
   1840.1   0.34776
   1840.7   0.34777
   1841.4   0.34772
   1842.0   0.34770
   1842.7   0.34773
   1843.3   0.34779
   1844.0   0.34782
   1844.6   0.34782
   1845.3   0.34781
   1845.9   0.34778
   1846.6   0.34773
   1847.3   0.34775
   1847.9   0.34773
   1848.6   0.34772
   1849.2   0.34780
   1849.9   0.34779
   1850.6   0.34774
   1851.2   0.34777
   1851.9   0.34780
   1852.6   0.34774
   1853.2   0.34771
   1853.9   0.34774
   1854.5   0.34779
   1855.2   0.34781
   1855.9   0.34780
   1856.5   0.34776
   1857.2   0.34774
   1857.9   0.34775
   1858.5   0.34779
   1859.2   0.34782
   1859.9   0.34780
   1860.5   0.34781
   1861.2   0.34780
   1861.9   0.34782
   1862.5   0.34783
   1863.2   0.34784
   1863.9   0.34788
   1864.5   0.34787
   1865.2   0.34781
   1865.9   0.34781
   1866.6   0.34784
   1867.2   0.34783
   1867.9   0.34784
   1868.6   0.34790
   1869.2   0.34791
   1869.9   0.34791
   1870.6   0.34788
   1871.3   0.34785
   1871.9   0.34791
   1872.6   0.34789
   1873.3   0.34786
   1874.0   0.34792
   1874.7   0.34794
   1875.3   0.34795
   1876.0   0.34795
   1876.7   0.34791
   1877.4   0.34796
   1878.0   0.34798
   1878.7   0.34793
   1879.4   0.34795
   1880.1   0.34796
   1880.8   0.34799
   1881.4   0.34804
   1882.1   0.34803
   1882.8   0.34801
   1883.5   0.34799
   1884.2   0.34796
   1884.9   0.34802
   1885.6   0.34807
   1886.2   0.34809
   1886.9   0.34810
   1887.6   0.34809
   1888.3   0.34807
   1889.0   0.34806
   1889.7   0.34804
   1890.4   0.34805
   1891.1   0.34810
   1891.8   0.34811
   1892.4   0.34812
   1893.1   0.34811
   1893.8   0.34812
   1894.5   0.34812
   1895.2   0.34811
   1895.9   0.34814
   1896.6   0.34817
   1897.3   0.34821
   1898.0   0.34822
   1898.7   0.34817
   1899.4   0.34816
   1900.1   0.34821
   1900.8   0.34822
   1901.5   0.34822
   1902.2   0.34822
   1902.9   0.34823
   1903.6   0.34828
   1904.3   0.34831
   1905.0   0.34826
   1905.7   0.34827
   1906.4   0.34833
   1907.1   0.34836
   1907.8   0.34838
   1908.5   0.34837
   1909.2   0.34837
   1909.9   0.34841
   1910.6   0.34845
   1911.3   0.34844
   1912.0   0.34844
   1912.7   0.34844
   1913.4   0.34842
   1914.1   0.34843
   1914.8   0.34845
   1915.5   0.34850
   1916.2   0.34850
   1916.9   0.34849
   1917.6   0.34853
   1918.3   0.34855
   1919.1   0.34856
   1919.8   0.34855
   1920.5   0.34855
   1921.2   0.34853
   1921.9   0.34856
   1922.6   0.34863
   1923.3   0.34868
   1924.0   0.34865
   1924.8   0.34865
   1925.5   0.34867
   1926.2   0.34870
   1926.9   0.34873
   1927.6   0.34876
   1928.3   0.34876
   1929.1   0.34876
   1929.8   0.34880
   1930.5   0.34883
   1931.2   0.34881
   1931.9   0.34882
   1932.7   0.34888
   1933.4   0.34890
   1934.1   0.34890
   1934.8   0.34892
   1935.5   0.34896
   1936.3   0.34898
   1937.0   0.34895
   1937.7   0.34895
   1938.4   0.34899
   1939.2   0.34901
   1939.9   0.34905
   1940.6   0.34904
   1941.3   0.34905
   1942.1   0.34911
   1942.8   0.34915
   1943.5   0.34920
   1944.2   0.34921
   1945.0   0.34921
   1945.7   0.34925
   1946.4   0.34931
   1947.2   0.34934
   1947.9   0.34937
   1948.6   0.34936
   1949.4   0.34938
   1950.1   0.34942
   1950.8   0.34945
   1951.6   0.34945
   1952.3   0.34944
   1953.0   0.34948
   1953.8   0.34952
   1954.5   0.34952
   1955.2   0.34955
   1956.0   0.34960
   1956.7   0.34962
   1957.5   0.34961
   1958.2   0.34965
   1958.9   0.34970
   1959.7   0.34970
   1960.4   0.34969
   1961.2   0.34973
   1961.9   0.34979
   1962.6   0.34983
   1963.4   0.34986
   1964.1   0.34988
   1964.9   0.34990
   1965.6   0.34991
   1966.4   0.34992
   1967.1   0.34993
   1967.9   0.34999
   1968.6   0.35002
   1969.3   0.35004
   1970.1   0.35006
   1970.8   0.35008
   1971.6   0.35009
   1972.3   0.35013
   1973.1   0.35015
   1973.8   0.35017
   1974.6   0.35019
   1975.3   0.35021
   1976.1   0.35025
   1976.9   0.35030
   1977.6   0.35034
   1978.4   0.35038
   1979.1   0.35039
   1979.9   0.35041
   1980.6   0.35045
   1981.4   0.35047
   1982.2   0.35046
   1982.9   0.35049
   1983.7   0.35059
   1984.4   0.35066
   1985.2   0.35066
   1985.9   0.35066
   1986.7   0.35070
   1987.5   0.35070
   1988.2   0.35070
   1989.0   0.35075
   1989.8   0.35081
   1990.5   0.35086
   1991.3   0.35089
   1992.1   0.35091
   1992.8   0.35096
   1993.6   0.35099
   1994.3   0.35102
   1995.1   0.35106
   1995.9   0.35108
   1996.7   0.35110
   1997.4   0.35115
   1998.2   0.35120
   1999.0   0.35127
   1999.7   0.35129
   2000.5   0.35130
   2001.3   0.35133
   2002.1   0.35137
   2002.8   0.35143
   2003.6   0.35148
   2004.4   0.35152
   2005.2   0.35158
   2005.9   0.35164
   2006.7   0.35165
   2007.5   0.35167
   2008.3   0.35171
   2009.0   0.35177
   2009.8   0.35179
   2010.6   0.35184
   2011.4   0.35188
   2012.2   0.35190
   2012.9   0.35192
   2013.7   0.35195
   2014.5   0.35200
   2015.3   0.35204
   2016.1   0.35206
   2016.8   0.35212
   2017.6   0.35216
   2018.4   0.35220
   2019.2   0.35223
   2020.0   0.35228
   2020.8   0.35235
   2021.6   0.35239
   2022.3   0.35242
   2023.1   0.35243
   2023.9   0.35244
   2024.7   0.35250
   2025.5   0.35259
   2026.3   0.35264
   2027.1   0.35267
   2027.9   0.35269
   2028.7   0.35272
   2029.5   0.35274
   2030.3   0.35282
   2031.1   0.35285
   2031.9   0.35291
   2032.7   0.35297
   2033.5   0.35301
   2034.3   0.35306
   2035.1   0.35310
   2035.8   0.35315
   2036.7   0.35319
   2037.4   0.35320
   2038.3   0.35324
   2039.1   0.35332
   2039.9   0.35338
   2040.7   0.35341
   2041.5   0.35345
   2042.3   0.35350
   2043.1   0.35352
   2043.9   0.35353
   2044.7   0.35360
   2045.5   0.35364
   2046.3   0.35369
   2047.1   0.35370
   2047.9   0.35372
   2048.7   0.35379
   2049.5   0.35387
   2050.4   0.35394
   2051.2   0.35393
   2052.0   0.35397
   2052.8   0.35408
   2053.6   0.35413
   2054.4   0.35415
   2055.2   0.35419
   2056.0   0.35425
   2056.9   0.35432
   2057.7   0.35435
   2058.5   0.35436
   2059.3   0.35442
   2060.1   0.35447
   2060.9   0.35453
   2061.8   0.35457
   2062.6   0.35461
   2063.4   0.35465
   2064.2   0.35469
   2065.1   0.35474
   2065.9   0.35481
   2066.7   0.35487
   2067.5   0.35491
   2068.3   0.35493
   2069.2   0.35497
   2070.0   0.35499
   2070.8   0.35507
   2071.6   0.35514
   2072.5   0.35517
   2073.3   0.35522
   2074.1   0.35525
   2075.0   0.35526
   2075.8   0.35536
   2076.6   0.35545
   2077.5   0.35549
   2078.3   0.35554
   2079.1   0.35557
   2080.0   0.35558
   2080.8   0.35563
   2081.6   0.35569
   2082.5   0.35574
   2083.3   0.35579
   2084.1   0.35585
   2085.0   0.35593
   2085.8   0.35601
   2086.6   0.35608
   2087.5   0.35610
   2088.3   0.35614
   2089.2   0.35621
   2090.0   0.35626
   2090.9   0.35630
   2091.7   0.35633
   2092.6   0.35636
   2093.4   0.35640
   2094.2   0.35646
   2095.1   0.35651
   2095.9   0.35657
   2096.8   0.35666
   2097.6   0.35673
   2098.5   0.35674
   2099.3   0.35676
   2100.2   0.35683
   2101.0   0.35693
   2101.9   0.35701
   2102.7   0.35702
   2103.6   0.35702
   2104.4   0.35708
   2105.3   0.35715
   2106.1   0.35720
   2107.0   0.35728
   2107.9   0.35732
   2108.7   0.35738
   2109.6   0.35746
   2110.4   0.35753
   2111.3   0.35758
   2112.1   0.35763
   2113.0   0.35768
   2113.9   0.35772
   2114.7   0.35778
   2115.6   0.35784
   2116.5   0.35791
   2117.3   0.35794
   2118.2   0.35798
   2119.1   0.35804
   2119.9   0.35811
   2120.8   0.35820
   2121.7   0.35825
   2122.5   0.35828
   2123.4   0.35832
   2124.3   0.35838
   2125.1   0.35843
   2126.0   0.35848
   2126.9   0.35855
   2127.8   0.35860
   2128.6   0.35866
   2129.5   0.35873
   2130.4   0.35880
   2131.3   0.35886
   2132.1   0.35890
   2133.0   0.35897
   2133.9   0.35903
   2134.8   0.35907
   2135.6   0.35911
   2136.5   0.35918
   2137.4   0.35922
   2138.3   0.35926
   2139.2   0.35929
   2140.1   0.35936
   2140.9   0.35945
   2141.8   0.35950
   2142.7   0.35951
   2143.6   0.35955
   2144.5   0.35961
   2145.4   0.35970
   2146.3   0.35976
   2147.1   0.35983
   2148.0   0.35992
   2148.9   0.35999
   2149.8   0.36005
   2150.7   0.36007
   2151.6   0.36011
   2152.5   0.36016
   2153.4   0.36019
   2154.3   0.36024
   2155.2   0.36028
   2156.1   0.36035
   2157.0   0.36042
   2157.9   0.36049
   2158.8   0.36059
   2159.7   0.36064
   2160.6   0.36069
   2161.5   0.36077
   2162.4   0.36080
   2163.3   0.36082
   2164.2   0.36089
   2165.1   0.36100
   2166.0   0.36106
   2166.9   0.36108
   2167.8   0.36112
   2168.7   0.36119
   2169.6   0.36125
   2170.5   0.36125
   2171.4   0.36129
   2172.3   0.36139
   2173.2   0.36149
   2174.1   0.36152
   2175.1   0.36152
   2176.0   0.36156
   2176.9   0.36166
   2177.8   0.36172
   2178.7   0.36178
   2179.6   0.36180
   2180.6   0.36182
   2181.5   0.36189
   2182.4   0.36193
   2183.3   0.36199
   2184.2   0.36204
   2185.1   0.36211
   2186.1   0.36220
   2187.0   0.36224
   2187.9   0.36230
   2188.8   0.36235
   2189.8   0.36241
   2190.7   0.36248
   2191.6   0.36254
   2192.5   0.36261
   2193.5   0.36267
   2194.4   0.36270
   2195.3   0.36272
   2196.3   0.36281
   2197.2   0.36288
   2198.1   0.36292
   2199.1   0.36299
   2200.0   0.36305
   2200.9   0.36312
   2201.9   0.36318
   2202.8   0.36323
   2203.7   0.36329
   2204.7   0.36333
   2205.6   0.36336
   2206.5   0.36341
   2207.5   0.36348
   2208.4   0.36354
   2209.4   0.36359
   2210.3   0.36368
   2211.2   0.36375
   2212.2   0.36381
   2213.1   0.36386
   2214.1   0.36391
   2215.0   0.36399
   2216.0   0.36403
   2216.9   0.36403
   2217.9   0.36404
   2218.8   0.36410
   2219.8   0.36417
   2220.7   0.36422
   2221.7   0.36430
   2222.6   0.36436
   2223.6   0.36445
   2224.5   0.36451
   2225.5   0.36454
   2226.4   0.36462
   2227.4   0.36470
   2228.4   0.36474
   2229.3   0.36479
   2230.3   0.36483
   2231.2   0.36484
   2232.2   0.36489
   2233.1   0.36492
   2234.1   0.36498
   2235.1   0.36506
   2236.0   0.36512
   2237.0   0.36512
   2238.0   0.36520
   2238.9   0.36529
   2239.9   0.36531
   2240.9   0.36535
   2241.8   0.36538
   2242.8   0.36544
   2243.8   0.36551
   2244.8   0.36554
   2245.7   0.36560
   2246.7   0.36567
   2247.7   0.36570
   2248.6   0.36575
   2249.6   0.36582
   2250.6   0.36589
   2251.6   0.36596
   2252.6   0.36598
   2253.5   0.36601
   2254.5   0.36608
   2255.5   0.36613
   2256.5   0.36615
   2257.5   0.36621
   2258.4   0.36625
   2259.4   0.36629
   2260.4   0.36637
   2261.4   0.36643
   2262.4   0.36646
   2263.4   0.36652
   2264.4   0.36664
   2265.4   0.36667
   2266.3   0.36667
   2267.3   0.36672
   2268.3   0.36676
   2269.3   0.36677
   2270.3   0.36679
   2271.3   0.36686
   2272.3   0.36690
   2273.3   0.36694
   2274.3   0.36702
   2275.3   0.36707
   2276.3   0.36713
   2277.3   0.36721
   2278.3   0.36724
   2279.3   0.36727
   2280.3   0.36736
   2281.3   0.36740
   2282.3   0.36742
   2283.3   0.36744
   2284.3   0.36748
   2285.3   0.36759
   2286.3   0.36765
   2287.3   0.36770
   2288.3   0.36777
   2289.4   0.36783
   2290.4   0.36787
   2291.4   0.36792
   2292.4   0.36796
   2293.4   0.36803
   2294.4   0.36811
   2295.4   0.36816
   2296.4   0.36821
   2297.5   0.36823
   2298.5   0.36824
   2299.5   0.36825
   2300.5   0.36831
   2301.6   0.36842
   2302.6   0.36847
   2303.6   0.36849
   2304.6   0.36855
   2305.6   0.36858
   2306.7   0.36867
   2307.7   0.36875
   2308.7   0.36881
   2309.8   0.36887
   2310.8   0.36895
   2311.8   0.36908
   2312.8   0.36915
   2313.9   0.36917
   2314.9   0.36925
   2315.9   0.36934
   2317.0   0.36943
   2318.0   0.36950
   2319.1   0.36955
   2320.1   0.36962
   2321.1   0.36968
   2322.2   0.36974
   2323.2   0.36976
   2324.3   0.36981
   2325.3   0.36988
   2326.3   0.36997
   2327.4   0.37007
   2328.4   0.37012
   2329.5   0.37014
   2330.5   0.37018
   2331.6   0.37026
   2332.6   0.37031
   2333.7   0.37035
   2334.7   0.37043
   2335.8   0.37047
   2336.8   0.37050
   2337.9   0.37056
   2338.9   0.37058
   2340.0   0.37060
   2341.0   0.37067
   2342.1   0.37069
   2343.1   0.37072
   2344.2   0.37080
   2345.3   0.37089
   2346.3   0.37096
   2347.4   0.37103
   2348.5   0.37112
   2349.5   0.37116
   2350.6   0.37119
   2351.7   0.37127
   2352.7   0.37134
   2353.8   0.37141
   2354.9   0.37149
   2355.9   0.37153
   2357.0   0.37160
   2358.1   0.37166
   2359.1   0.37173
   2360.2   0.37179
   2361.3   0.37182
   2362.4   0.37188
   2363.4   0.37194
   2364.5   0.37198
   2365.6   0.37203
   2366.7   0.37211
   2367.8   0.37218
   2368.9   0.37221
   2369.9   0.37227
   2371.0   0.37234
   2372.1   0.37238
   2373.2   0.37240
   2374.3   0.37248
   2375.4   0.37258
   2376.4   0.37260
   2377.5   0.37266
   2378.6   0.37273
   2379.7   0.37278
   2380.8   0.37283
   2381.9   0.37292
   2383.0   0.37297
   2384.1   0.37299
   2385.2   0.37301
   2386.3   0.37307
   2387.4   0.37312
   2388.5   0.37321
   2389.6   0.37330
   2390.7   0.37337
   2391.8   0.37341
   2392.9   0.37349
   2394.0   0.37355
   2395.1   0.37361
   2396.2   0.37363
   2397.3   0.37367
   2398.4   0.37377
   2399.5   0.37385
   2400.6   0.37392
   2401.8   0.37401
   2402.9   0.37408
   2404.0   0.37413
   2405.1   0.37421
   2406.2   0.37429
   2407.3   0.37433
   2408.5   0.37436
   2409.6   0.37443
   2410.7   0.37453
   2411.8   0.37458
   2412.9   0.37465
   2414.1   0.37472
   2415.2   0.37481
   2416.3   0.37491
   2417.4   0.37498
   2418.6   0.37501
   2419.7   0.37501
   2420.8   0.37508
   2422.0   0.37516
   2423.1   0.37529
   2424.2   0.37535
   2425.4   0.37538
   2426.5   0.37544
   2427.6   0.37548
   2428.8   0.37556
   2429.9   0.37564
   2431.1   0.37570
   2432.2   0.37576
   2433.3   0.37587
   2434.5   0.37593
   2435.6   0.37594
   2436.8   0.37600
   2437.9   0.37608
   2439.1   0.37613
   2440.2   0.37624
   2441.4   0.37631
   2442.5   0.37635
   2443.6   0.37645
   2444.8   0.37651
   2445.9   0.37656
   2447.1   0.37661
   2448.3   0.37666
   2449.4   0.37673
   2450.6   0.37680
   2451.7   0.37688
   2452.9   0.37696
   2454.1   0.37701
   2455.2   0.37701
   2456.4   0.37706
   2457.6   0.37711
   2458.7   0.37718
   2459.9   0.37730
   2461.1   0.37738
   2462.2   0.37744
   2463.4   0.37750
   2464.6   0.37757
   2465.7   0.37765
   2466.9   0.37769
   2468.1   0.37776
   2469.3   0.37782
   2470.4   0.37786
   2471.6   0.37790
   2472.8   0.37797
   2474.0   0.37800
   2475.1   0.37804
   2476.3   0.37815
   2477.5   0.37825
   2478.7   0.37830
   2479.9   0.37833
   2481.1   0.37840
   2482.3   0.37846
   2483.4   0.37846
   2484.6   0.37850
   2485.8   0.37862
   2487.0   0.37871
   2488.2   0.37879
   2489.4   0.37886
   2490.6   0.37890
   2491.8   0.37892
   2493.0   0.37896
   2494.2   0.37903
   2495.4   0.37911
   2496.6   0.37924
   2497.8   0.37933
   2499.0   0.37937
   2500.2   0.37942
   2501.4   0.37945
   2502.6   0.37946
   2503.8   0.37953
   2505.0   0.37964
   2506.3   0.37969
   2507.5   0.37974
   2508.7   0.37984
   2509.9   0.37988
   2511.1   0.37992
   2512.3   0.37999
   2513.5   0.38004
   2514.8   0.38012
   2516.0   0.38021
   2517.2   0.38025
   2518.4   0.38031
   2519.6   0.38038
   2520.9   0.38044
   2522.1   0.38046
   2523.3   0.38048
   2524.6   0.38058
   2525.8   0.38067
   2527.0   0.38073
   2528.2   0.38080
   2529.5   0.38086
   2530.7   0.38087
   2531.9   0.38089
   2533.2   0.38099
   2534.4   0.38109
   2535.7   0.38109
   2536.9   0.38117
   2538.1   0.38132
   2539.4   0.38139
   2540.6   0.38142
   2541.9   0.38141
   2543.1   0.38142
   2544.4   0.38152
   2545.6   0.38160
   2546.9   0.38169
   2548.1   0.38177
   2549.4   0.38178
   2550.6   0.38177
   2551.9   0.38185
   2553.1   0.38195
   2554.4   0.38203
   2555.6   0.38207
   2556.9   0.38215
   2558.2   0.38221
   2559.4   0.38228
   2560.7   0.38223
   2562.0   0.38216
   2563.2   0.38222
   2564.5   0.38234
   2565.8   0.38249
   2567.0   0.38264
   2568.3   0.38264
   2569.6   0.38261
   2570.9   0.38270
   2572.1   0.38276
   2573.4   0.38270
   2574.7   0.38285
   2576.0   0.38293
   2577.3   0.38297
   2578.5   0.38313
   2579.8   0.38317
   2581.1   0.38314
   2582.4   0.38313
   2583.7   0.38297
   2585.0   0.38315
   2586.2   0.38326
   2587.5   0.38326
   2588.8   0.38345
   2590.1   0.38357
   2591.4   0.38364
   2592.7   0.38354
   2594.0   0.38309
   2595.3   0.38302
   2596.6   0.38353
   2597.9   0.38383
   2599.2   0.38395
   2600.5   0.38398
   2601.8   0.38395
   2603.1   0.38395
   2604.4   0.38387
   2605.7   0.38378
   2607.1   0.38402
   2608.4   0.38417
   2609.7   0.38419
   2611.0   0.38423
   2612.3   0.38425
   2613.6   0.38432
   2614.9   0.38437
   2616.3   0.38424
   2617.6   0.38427
   2618.9   0.38439
   2620.2   0.38427
   2621.6   0.38450
   2622.9   0.38472
   2624.2   0.38474
   2625.5   0.38463
   2626.9   0.38456
   2628.2   0.38477
   2629.5   0.38462
   2630.9   0.38454
   2632.2   0.38489
   2633.5   0.38501
   2634.9   0.38506
   2636.2   0.38512
   2637.6   0.38517
   2638.9   0.38522
   2640.2   0.38526
   2641.6   0.38527
   2642.9   0.38529
   2644.3   0.38534
   2645.6   0.38533
   2647.0   0.38541
   2648.3   0.38549
   2649.7   0.38554
   2651.0   0.38554
   2652.4   0.38548
   2653.8   0.38555
   2655.1   0.38568
   2656.5   0.38578
   2657.8   0.38588
   2659.2   0.38581
   2660.6   0.38580
   2661.9   0.38590
   2663.3   0.38598
   2664.7   0.38577
   2666.0   0.38563
   2667.4   0.38574
   2668.8   0.38595
   2670.1   0.38568
   2671.5   0.38591
   2672.9   0.38636
   2674.3   0.38638
   2675.6   0.38617
   2677.0   0.38612
   2678.4   0.38620
   2679.8   0.38625
   2681.2   0.38648
   2682.6   0.38651
   2684.0   0.38655
   2685.4   0.38662
   2686.8   0.38664
   2688.1   0.38667
   2689.5   0.38669
   2690.9   0.38670
   2692.3   0.38665
   2693.7   0.38648
   2695.1   0.38650
   2696.5   0.38663
   2697.9   0.38664
   2699.3   0.38655
   2700.7   0.38649
   2702.1   0.38648
   2703.6   0.38655
   2705.0   0.38651
   2706.4   0.38640
   2707.8   0.38625
   2709.2   0.38604
   2710.6   0.38583
   2712.0   0.38588
   2713.5   0.38594
   2714.9   0.38580
   2716.3   0.38575
   2717.7   0.38565
   2719.1   0.38536
   2720.6   0.38495
   2722.0   0.38486
   2723.4   0.38458
   2724.9   0.38434
   2726.3   0.38438
   2727.7   0.38427
   2729.2   0.38408
   2730.6   0.38390
   2732.0   0.38362
   2733.5   0.38327
   2734.9   0.38297
   2736.4   0.38283
   2737.8   0.38251
   2739.3   0.38198
   2740.7   0.38164
   2742.2   0.38149
   2743.6   0.38129
   2745.1   0.38101
   2746.5   0.38070
   2748.0   0.38033
   2749.4   0.37996
   2750.9   0.37958
   2752.3   0.37922
   2753.8   0.37878
   2755.3   0.37821
   2756.7   0.37797
   2758.2   0.37775
   2759.7   0.37740
   2761.1   0.37697
   2762.6   0.37650
   2764.1   0.37618
   2765.6   0.37592
   2767.0   0.37552
   2768.5   0.37515
   2770.0   0.37478
   2771.5   0.37447
   2772.9   0.37427
   2774.4   0.37398
   2775.9   0.37358
   2777.4   0.37325
   2778.9   0.37299
   2780.4   0.37267
   2781.9   0.37235
   2783.4   0.37209
   2784.9   0.37174
   2786.4   0.37133
   2787.9   0.37106
   2789.4   0.37091
   2790.9   0.37073
   2792.4   0.37048
   2793.9   0.37023
   2795.4   0.36999
   2796.9   0.36974
   2798.4   0.36946
   2799.9   0.36928
   2801.4   0.36904
   2802.9   0.36863
   2804.4   0.36836
   2806.0   0.36821
   2807.5   0.36808
   2809.0   0.36787
   2810.5   0.36759
   2812.1   0.36740
   2813.6   0.36724
   2815.1   0.36701
   2816.6   0.36682
   2818.2   0.36659
   2819.7   0.36639
   2821.2   0.36624
   2822.8   0.36604
   2824.3   0.36586
   2825.8   0.36572
   2827.4   0.36553
   2828.9   0.36533
   2830.5   0.36513
   2832.0   0.36495
   2833.6   0.36479
   2835.1   0.36460
   2836.7   0.36439
   2838.2   0.36418
   2839.8   0.36401
   2841.3   0.36382
   2842.9   0.36362
   2844.4   0.36346
   2846.0   0.36330
   2847.6   0.36308
   2849.1   0.36277
   2850.7   0.36255
   2852.3   0.36235
   2853.8   0.36217
   2855.4   0.36199
   2857.0   0.36174
   2858.6   0.36149
   2860.1   0.36127
   2861.7   0.36099
   2863.3   0.36074
   2864.9   0.36054
   2866.4   0.36030
   2868.0   0.36010
   2869.6   0.35987
   2871.2   0.35961
   2872.8   0.35941
   2874.4   0.35925
   2876.0   0.35907
   2877.6   0.35889
   2879.2   0.35867
   2880.8   0.35840
   2882.4   0.35815
   2884.0   0.35794
   2885.6   0.35778
   2887.2   0.35767
   2888.8   0.35757
   2890.4   0.35743
   2892.0   0.35726
   2893.6   0.35708
   2895.3   0.35694
   2896.9   0.35682
   2898.5   0.35670
   2900.1   0.35658
   2901.7   0.35652
   2903.4   0.35643
   2905.0   0.35633
   2906.6   0.35622
   2908.3   0.35611
   2909.9   0.35604
   2911.5   0.35601
   2913.1   0.35597
   2914.8   0.35592
   2916.4   0.35585
   2918.1   0.35578
   2919.7   0.35574
   2921.4   0.35570
   2923.0   0.35567
   2924.7   0.35565
   2926.3   0.35568
   2928.0   0.35567
   2929.6   0.35560
   2931.3   0.35552
   2932.9   0.35552
   2934.6   0.35557
   2936.3   0.35555
   2937.9   0.35544
   2939.6   0.35539
   2941.2   0.35535
   2942.9   0.35527
   2944.6   0.35521
   2946.3   0.35521
   2947.9   0.35515
   2949.6   0.35515
   2951.3   0.35509
   2953.0   0.35495
   2954.6   0.35481
   2956.3   0.35471
   2958.0   0.35463
   2959.7   0.35456
   2961.4   0.35450
   2963.1   0.35443
   2964.8   0.35437
   2966.5   0.35436
   2968.2   0.35429
   2969.9   0.35419
   2971.6   0.35414
   2973.3   0.35410
   2975.0   0.35401
   2976.7   0.35402
   2978.4   0.35406
   2980.1   0.35410
   2981.8   0.35417
   2983.6   0.35426
   2985.3   0.35435
   2987.0   0.35444
   2988.7   0.35453
   2990.4   0.35462
   2992.2   0.35471
   2993.9   0.35480
   2995.6   0.35484
   2997.4   0.35497
   2999.1   0.35518
   3000.8   0.35525
   3002.6   0.35530
   3004.3   0.35541
   3006.0   0.35555
   3007.8   0.35571
   3009.5   0.35587
   3011.3   0.35598
   3013.0   0.35602
   3014.8   0.35606
   3016.5   0.35612
   3018.3   0.35624
   3020.0   0.35636
   3021.8   0.35647
   3023.6   0.35656
   3025.3   0.35663
   3027.1   0.35674
   3028.9   0.35681
   3030.6   0.35681
   3032.4   0.35687
   3034.2   0.35695
   3036.0   0.35704
   3037.7   0.35715
   3039.5   0.35727
   3041.3   0.35731
   3043.1   0.35741
   3044.9   0.35757
   3046.7   0.35762
   3048.4   0.35761
   3050.2   0.35775
   3052.0   0.35788
   3053.8   0.35797
   3055.6   0.35807
   3057.4   0.35813
   3059.2   0.35824
   3061.1   0.35834
   3062.9   0.35837
   3064.7   0.35843
   3066.5   0.35853
   3068.3   0.35864
   3070.1   0.35875
   3071.9   0.35880
   3073.8   0.35877
   3075.6   0.35887
   3077.4   0.35894
   3079.2   0.35899
   3081.1   0.35911
   3082.9   0.35922
   3084.7   0.35926
   3086.6   0.35932
   3088.4   0.35938
   3090.2   0.35945
   3092.1   0.35956
   3093.9   0.35967
   3095.8   0.35973
   3097.6   0.35980
   3099.5   0.35988
   3101.3   0.35994
   3103.2   0.36004
   3105.0   0.36016
   3106.9   0.36022
   3108.8   0.36034
   3110.6   0.36044
   3112.5   0.36054
   3114.4   0.36060
   3116.2   0.36070
   3118.1   0.36082
   3120.0   0.36092
   3121.9   0.36101
   3123.7   0.36115
   3125.6   0.36127
   3127.5   0.36144
   3129.4   0.36162
   3131.3   0.36176
   3133.2   0.36187
   3135.1   0.36201
   3137.0   0.36219
   3138.9   0.36237
   3140.8   0.36252
   3142.7   0.36266
   3144.6   0.36283
   3146.5   0.36296
   3148.4   0.36308
   3150.3   0.36331
   3152.2   0.36357
   3154.1   0.36375
   3156.1   0.36389
   3158.0   0.36407
   3159.9   0.36431
   3161.8   0.36452
   3163.8   0.36473
   3165.7   0.36493
   3167.6   0.36507
   3169.6   0.36523
   3171.5   0.36540
   3173.4   0.36560
   3175.4   0.36574
   3177.3   0.36585
   3179.3   0.36602
   3181.2   0.36625
   3183.2   0.36642
   3185.1   0.36659
   3187.1   0.36675
   3189.1   0.36693
   3191.0   0.36712
   3193.0   0.36727
   3194.9   0.36744
   3196.9   0.36760
   3198.9   0.36773
   3200.9   0.36787
   3202.9   0.36805
   3204.8   0.36819
   3206.8   0.36838
   3208.8   0.36856
   3210.8   0.36866
   3212.8   0.36878
   3214.8   0.36897
   3216.8   0.36915
   3218.8   0.36927
   3220.8   0.36935
   3222.8   0.36952
   3224.8   0.36970
   3226.8   0.36983
   3228.8   0.36994
   3230.8   0.37005
   3232.8   0.37024
   3234.8   0.37039
   3236.8   0.37051
   3238.9   0.37066
   3240.9   0.37080
   3242.9   0.37089
   3244.9   0.37098
   3247.0   0.37110
   3249.0   0.37122
   3251.0   0.37131
   3253.1   0.37141
   3255.1   0.37149
   3257.2   0.37165
   3259.2   0.37174
   3261.3   0.37185
   3263.3   0.37197
   3265.4   0.37206
   3267.4   0.37217
   3269.5   0.37233
   3271.6   0.37245
   3273.6   0.37264
   3275.7   0.37280
   3277.8   0.37290
   3279.8   0.37300
   3281.9   0.37315
   3284.0   0.37328
   3286.1   0.37336
   3288.1   0.37345
   3290.2   0.37352
   3292.3   0.37356
   3294.4   0.37364
   3296.5   0.37371
   3298.6   0.37375
   3300.7   0.37382
   3302.8   0.37388
   3304.9   0.37398
   3307.0   0.37406
   3309.1   0.37407
   3311.2   0.37411
   3313.4   0.37420
   3315.5   0.37424
   3317.6   0.37432
   3319.7   0.37436
   3321.9   0.37439
   3324.0   0.37437
   3326.1   0.37431
   3328.3   0.37422
   3330.4   0.37417
   3332.5   0.37414
   3334.7   0.37403
   3336.8   0.37394
   3339.0   0.37384
   3341.1   0.37360
   3343.3   0.37330
   3345.4   0.37302
   3347.6   0.37276
   3349.8   0.37238
   3351.9   0.37192
   3354.1   0.37142
   3356.3   0.37073
   3358.4   0.36994
   3360.6   0.36907
   3362.8   0.36786
   3365.0   0.36615
   3367.1   0.36421
   3369.3   0.36234
   3371.5   0.36081
   3373.7   0.35973
   3375.9   0.35891
   3378.1   0.35844
   3380.3   0.35857
   3382.5   0.35898
   3384.7   0.35939
   3386.9   0.35962
   3389.1   0.35955
   3391.4   0.35909
   3393.6   0.35816
   3395.8   0.35673
   3398.0   0.35491
   3400.3   0.35280
   3402.5   0.35054
   3404.7   0.34821
   3407.0   0.34590
   3409.2   0.34371
   3411.4   0.34170
   3413.7   0.34008
   3415.9   0.33927
   3418.2   0.33959
   3420.4   0.34108
   3422.7   0.34355
   3425.0   0.34644
   3427.2   0.34926
   3429.5   0.35181
   3431.8   0.35410
   3434.0   0.35596
   3436.3   0.35744
   3438.6   0.35867
   3440.9   0.35979
   3443.2   0.36076
   3445.4   0.36163
   3447.7   0.36255
   3450.0   0.36354
   3452.3   0.36449
   3454.6   0.36545
   3456.9   0.36633
   3459.2   0.36711
   3461.6   0.36784
   3463.9   0.36829
   3466.2   0.36840
   3468.5   0.36823
   3470.8   0.36790
   3473.1   0.36775
   3475.5   0.36773
   3477.8   0.36762
   3480.1   0.36737
   3482.5   0.36690
   3484.8   0.36616
   3487.2   0.36508
   3489.5   0.36369
   3491.9   0.36214
   3494.2   0.36041
   3496.6   0.35865
   3498.9   0.35723
   3501.3   0.35686
   3503.6   0.35787
   3506.0   0.36002
   3508.4   0.36282
   3510.8   0.36576
   3513.1   0.36847
   3515.5   0.37080
   3517.9   0.37276
   3520.3   0.37433
   3522.7   0.37544
   3525.1   0.37627
   3527.5   0.37697
   3529.9   0.37742
   3532.3   0.37779
   3534.7   0.37813
   3537.1   0.37839
   3539.5   0.37856
   3541.9   0.37872
   3544.4   0.37892
   3546.8   0.37906
   3549.2   0.37918
   3551.6   0.37932
   3554.1   0.37931
   3556.5   0.37936
   3559.0   0.37954
   3561.4   0.37968
   3563.9   0.37974
   3566.3   0.37981
   3568.8   0.37995
   3571.2   0.38005
   3573.7   0.38015
   3576.1   0.38017
   3578.6   0.38017
   3581.1   0.38023
   3583.6   0.38029
   3586.0   0.38030
   3588.5   0.38030
   3591.0   0.38034
   3593.5   0.38046
   3596.0   0.38055
   3598.5   0.38049
   3601.0   0.38044
   3603.5   0.38048
   3606.0   0.38052
   3608.5   0.38055
   3611.0   0.38061
   3613.5   0.38063
   3616.0   0.38063
   3618.6   0.38062
   3621.1   0.38060
   3623.6   0.38060
   3626.1   0.38058
   3628.7   0.38064
   3631.2   0.38071
   3633.8   0.38069
   3636.3   0.38062
   3638.9   0.38057
   3641.4   0.38058
   3644.0   0.38054
   3646.6   0.38057
   3649.1   0.38063
   3651.7   0.38059
   3654.3   0.38058
   3656.9   0.38058
   3659.4   0.38057
   3662.0   0.38059
   3664.6   0.38061
   3667.2   0.38062
   3669.8   0.38065
   3672.4   0.38066
   3675.0   0.38065
   3677.6   0.38064
   3680.2   0.38065
   3682.8   0.38070
   3685.4   0.38070
   3688.1   0.38069
   3690.7   0.38072
   3693.3   0.38074
   3695.9   0.38075
   3698.6   0.38081
   3701.2   0.38085
   3703.9   0.38088
   3706.5   0.38089
   3709.2   0.38090
   3711.8   0.38090
   3714.5   0.38093
   3717.1   0.38096
   3719.8   0.38097
   3722.5   0.38097
   3725.2   0.38097
   3727.8   0.38095
   3730.5   0.38098
   3733.2   0.38100
   3735.9   0.38102
   3738.6   0.38103
   3741.3   0.38104
   3744.0   0.38107
   3746.7   0.38109
   3749.4   0.38109
   3752.1   0.38112
   3754.8   0.38114
   3757.6   0.38113
   3760.3   0.38113
   3763.0   0.38113
   3765.7   0.38114
   3768.5   0.38112
   3771.2   0.38109
   3774.0   0.38107
   3776.7   0.38105
   3779.5   0.38104
   3782.2   0.38099
   3785.0   0.38093
   3787.7   0.38089
   3790.5   0.38089
   3793.3   0.38084
   3796.1   0.38079
   3798.8   0.38075
   3801.6   0.38072
   3804.4   0.38067
   3807.2   0.38062
   3810.0   0.38057
   3812.8   0.38053
   3815.6   0.38047
   3818.4   0.38042
   3821.2   0.38039
   3824.1   0.38032
   3826.9   0.38023
   3829.7   0.38017
   3832.5   0.38011
   3835.4   0.38005
   3838.2   0.37998
   3841.1   0.37991
   3843.9   0.37982
   3846.8   0.37975
   3849.6   0.37968
   3852.5   0.37962
   3855.3   0.37954
   3858.2   0.37948
   3861.1   0.37941
   3863.9   0.37933
   3866.8   0.37923
   3869.7   0.37916
   3872.6   0.37907
   3875.5   0.37899
   3878.4   0.37892
   3881.3   0.37886
   3884.2   0.37877
   3887.1   0.37869
   3890.0   0.37860
   3893.0   0.37851
   3895.9   0.37843
   3898.8   0.37835
   3901.7   0.37826
   3904.7   0.37817
   3907.6   0.37808
   3910.6   0.37800
   3913.5   0.37792
   3916.5   0.37784
   3919.4   0.37775
   3922.4   0.37764
   3925.4   0.37753
   3928.4   0.37746
   3931.3   0.37740
   3934.3   0.37729
   3937.3   0.37720
   3940.3   0.37714
   3943.3   0.37703
   3946.3   0.37693
   3949.3   0.37684
   3952.3   0.37675
   3955.3   0.37665
   3958.3   0.37654
   3961.4   0.37644
   3964.4   0.37636
   3967.4   0.37625
   3970.5   0.37614
   3973.5   0.37601
   3976.6   0.37590
   3979.6   0.37581
   3982.6   0.37572
   3985.7   0.37560
   3988.8   0.37550
   3991.9   0.37539
   3994.9   0.37529
   3998.0   0.37517
   4001.1   0.37503
   4004.2   0.37489
   4007.3   0.37479
   4010.4   0.37466
   4013.5   0.37453
   4016.6   0.37443
   4019.7   0.37432
   4022.8   0.37418
   4025.9   0.37406
   4029.1   0.37393
   4032.2   0.37381
   4035.3   0.37369
   4038.5   0.37358
   4041.6   0.37347
   4044.8   0.37336
   4047.9   0.37323
   4051.1   0.37310
   4054.3   0.37298
   4057.4   0.37288
   4060.6   0.37276
   4063.8   0.37265
   4067.0   0.37253
   4070.2   0.37239
   4073.4   0.37223
   4076.6   0.37210
   4079.8   0.37198
   4083.0   0.37187
   4086.2   0.37172
   4089.4   0.37161
   4092.7   0.37148
   4095.9   0.37134
   4099.1   0.37119
   4102.4   0.37102
   4105.6   0.37084
   4108.9   0.37068
   4112.1   0.37052
   4115.4   0.37041
   4118.7   0.37022
   4122.0   0.37005
   4125.2   0.36988
   4128.5   0.36972
   4131.8   0.36956
   4135.1   0.36937
   4138.4   0.36917
   4141.7   0.36901
   4145.0   0.36885
   4148.3   0.36868
   4151.6   0.36849
   4155.0   0.36833
   4158.3   0.36816
   4161.6   0.36798
   4165.0   0.36776
   4168.3   0.36756
   4171.7   0.36736
   4175.0   0.36715
   4178.4   0.36692
   4181.8   0.36671
   4185.2   0.36650
   4188.5   0.36633
   4191.9   0.36614
   4195.3   0.36593
   4198.7   0.36568
   4202.1   0.36545
   4205.5   0.36523
   4208.9   0.36500
   4212.4   0.36475
   4215.8   0.36450
   4219.2   0.36424
   4222.6   0.36395
   4226.1   0.36362
   4229.5   0.36331
   4233.0   0.36296
   4236.5   0.36261
   4239.9   0.36223
   4243.4   0.36184
   4246.9   0.36141
   4250.3   0.36096
   4253.8   0.36044
   4257.3   0.35993
   4260.8   0.35936
   4264.3   0.35875
   4267.8   0.35812
   4271.4   0.35750
   4274.9   0.35677
   4278.4   0.35603
   4281.9   0.35524
   4285.5   0.35444
   4289.0   0.35359
   4292.6   0.35274
   4296.1   0.35190
   4299.7   0.35104
   4303.3   0.35014
   4306.8   0.34929
   4310.4   0.34847
   4314.0   0.34768
   4317.6   0.34692
   4321.2   0.34621
   4324.8   0.34550
   4328.4   0.34481
   4332.0   0.34414
   4335.6   0.34351
   4339.3   0.34288
   4342.9   0.34229
   4346.5   0.34166
   4350.2   0.34105
   4353.8   0.34046
   4357.5   0.33989
   4361.1   0.33934
   4364.8   0.33881
   4368.5   0.33826
   4372.2   0.33772
   4375.9   0.33719
   4379.6   0.33669
   4383.3   0.33622
   4387.0   0.33577
   4390.7   0.33532
   4394.4   0.33492
   4398.1   0.33455
   4401.9   0.33423
   4405.6   0.33395
   4409.4   0.33372
   4413.1   0.33351
   4416.9   0.33336
   4420.6   0.33320
   4424.4   0.33309
   4428.2   0.33298
   4432.0   0.33291
   4435.8   0.33282
   4439.6   0.33276
   4443.4   0.33268
   4447.2   0.33259
   4451.0   0.33244
   4454.8   0.33227
   4458.6   0.33209
   4462.5   0.33191
   4466.3   0.33170
   4470.2   0.33144
   4474.0   0.33114
   4477.9   0.33082
   4481.8   0.33046
   4485.6   0.33010
   4489.5   0.32967
   4493.4   0.32924
   4497.3   0.32879
   4501.2   0.32830
   4505.1   0.32776
   4509.0   0.32720
   4513.0   0.32660
   4516.9   0.32600
   4520.8   0.32535
   4524.8   0.32470
   4528.7   0.32402
   4532.7   0.32332
   4536.7   0.32257
   4540.6   0.32179
   4544.6   0.32095
   4548.6   0.32014
   4552.6   0.31931
   4556.6   0.31847
   4560.6   0.31755
   4564.6   0.31664
   4568.6   0.31570
   4572.7   0.31473
   4576.7   0.31375
   4580.8   0.31276
   4584.8   0.31174
   4588.9   0.31070
   4592.9   0.30961
   4597.0   0.30850
   4601.1   0.30734
   4605.2   0.30618
   4609.3   0.30499
   4613.4   0.30376
   4617.5   0.30251
   4621.6   0.30129
   4625.7   0.30004
   4629.8   0.29881
   4634.0   0.29759
   4638.1   0.29642
   4642.3   0.29531
   4646.4   0.29432
   4650.6   0.29339
   4654.8   0.29252
   4659.0   0.29171
   4663.1   0.29097
   4667.3   0.29024
   4671.5   0.28954
   4675.8   0.28881
   4680.0   0.28805
   4684.2   0.28728
   4688.4   0.28652
   4692.7   0.28571
   4696.9   0.28492
   4701.2   0.28408
   4705.5   0.28326
   4709.7   0.28242
   4714.0   0.28159
   4718.3   0.28070
   4722.6   0.27983
   4726.9   0.27897
   4731.2   0.27815
   4735.5   0.27732
   4739.9   0.27653
   4744.2   0.27573
   4748.5   0.27496
   4752.9   0.27422
   4757.3   0.27351
   4761.6   0.27281
   4766.0   0.27218
   4770.4   0.27158
   4774.8   0.27100
   4779.2   0.27042
   4783.6   0.26987
   4788.0   0.26932
   4792.4   0.26877
   4796.9   0.26819
   4801.3   0.26760
   4805.8   0.26697
   4810.2   0.26633
   4814.7   0.26566
   4819.1   0.26501
   4823.6   0.26432
   4828.1   0.26364
   4832.6   0.26291
   4837.1   0.26220
   4841.6   0.26148
   4846.2   0.26075
   4850.7   0.25999
   4855.3   0.25925
   4859.8   0.25848
   4864.4   0.25772
   4868.9   0.25697
   4873.5   0.25620
   4878.1   0.25539
   4882.7   0.25464
   4887.3   0.25386
   4891.9   0.25306
   4896.5   0.25225
   4901.1   0.25143
   4905.8   0.25059
   4910.4   0.24975
   4915.1   0.24889
   4919.7   0.24805
   4924.4   0.24718
   4929.1   0.24633
   4933.8   0.24548
   4938.5   0.24465
   4943.2   0.24381
   4947.9   0.24297
   4952.6   0.24212
   4957.4   0.24130
   4962.1   0.24045
   4966.9   0.23958
   4971.6   0.23870
   4976.4   0.23782
   4981.2   0.23693
   4986.0   0.23605
   4990.8   0.23514
   4995.6   0.23422
   5000.4   0.23329
   5005.2   0.23236
   5010.0   0.23140
   5014.9   0.23049
   5019.8   0.22956
   5024.6   0.22862
   5029.5   0.22765
   5034.4   0.22675
   5039.3   0.22584
   5044.2   0.22496
   5049.1   0.22411
   5054.0   0.22330
   5058.9   0.22252
   5063.9   0.22176
   5068.8   0.22102
   5073.8   0.22034
   5078.8   0.21967
   5083.7   0.21900
   5088.7   0.21829
   5093.7   0.21762
   5098.7   0.21695
   5103.7   0.21622
   5108.8   0.21544
   5113.8   0.21462
   5118.9   0.21374
   5123.9   0.21283
   5129.0   0.21190
   5134.1   0.21097
   5139.1   0.20999
   5144.3   0.20902
   5149.4   0.20804
   5154.5   0.20704
   5159.6   0.20605
   5164.7   0.20511
   5169.9   0.20421
   5175.0   0.20335
   5180.2   0.20254
   5185.4   0.20177
   5190.6   0.20100
   5195.8   0.20026
   5201.0   0.19953
   5206.2   0.19882
   5211.5   0.19815
   5216.7   0.19746
   5222.0   0.19670
   5227.2   0.19598
   5232.5   0.19526
   5237.8   0.19454
   5243.1   0.19373
   5248.4   0.19293
   5253.7   0.19210
   5259.0   0.19126
   5264.4   0.19043
   5269.7   0.18958
   5275.1   0.18870
   5280.5   0.18788
   5285.8   0.18707
   5291.2   0.18632
   5296.6   0.18556
   5302.0   0.18485
   5307.5   0.18424
   5312.9   0.18365
   5318.4   0.18308
   5323.8   0.18256
   5329.3   0.18204
   5334.8   0.18150
   5340.3   0.18089
   5345.8   0.18028
   5351.3   0.17963
   5356.8   0.17884
   5362.4   0.17795
   5367.9   0.17710
   5373.5   0.17620
   5379.0   0.17528
   5384.6   0.17437
   5390.2   0.17346
   5395.8   0.17254
   5401.5   0.17165
   5407.1   0.17081
   5412.7   0.17008
   5418.4   0.16945
   5424.1   0.16890
   5429.7   0.16820
   5435.4   0.16760
   5441.1   0.16714
   5446.9   0.16675
   5452.6   0.16640
   5458.3   0.16621
   5464.1   0.16610
   5469.8   0.16601
   5475.6   0.16599
   5481.4   0.16607
   5487.2   0.16613
   5493.0   0.16628
   5498.8   0.16646
   5504.7   0.16668
   5510.5   0.16690
   5516.4   0.16718
   5522.3   0.16750
   5528.1   0.16777
   5534.0   0.16799
   5540.0   0.16824
   5545.9   0.16846
   5551.8   0.16863
   5557.8   0.16868
   5563.7   0.16867
   5569.7   0.16860
   5575.7   0.16858
   5581.7   0.16844
   5587.7   0.16808
   5593.7   0.16767
   5599.8   0.16730
   5605.8   0.16688
   5611.9   0.16641
   5618.0   0.16589
   5624.1   0.16531
   5630.2   0.16471
   5636.3   0.16422
   5642.4   0.16374
   5648.6   0.16308
   5654.7   0.16242
   5660.9   0.16184
   5667.1   0.16125
   5673.3   0.16087
   5679.5   0.16046
   5685.7   0.15998
   5692.0   0.15961
   5698.2   0.15922
   5704.5   0.15883
   5710.8   0.15850
   5717.1   0.15795
   5723.4   0.15736
   5729.7   0.15674
   5736.0   0.15614
   5742.4   0.15549
   5748.8   0.15487
   5755.1   0.15407
   5761.5   0.15343
   5768.0   0.15281
   5774.4   0.15171
   5780.8   0.15059
   5787.3   0.14960
   5793.7   0.14859
   5800.2   0.14761
   5806.7   0.14659
   5813.2   0.14563
   5819.7   0.14480
   5826.3   0.14383
   5832.8   0.14259
   5839.4   0.14142
   5846.0   0.14029
   5852.6   0.13928
   5859.2   0.13826
   5865.8   0.13724
   5872.5   0.13619
   5879.1   0.13544
   5885.8   0.13440
   5892.5   0.13323
   5899.2   0.13217
   5905.9   0.13082
   5912.6   0.12963
   5919.4   0.12853
   5926.2   0.12745
   5932.9   0.12658
   5939.7   0.12552
   5946.5   0.12406
   5953.4   0.12274
   5960.2   0.12157
   5967.1   0.12054
   5974.0   0.11942
   5980.8   0.11827
   5987.8   0.11734
   5994.7   0.11638
   6001.6   0.11544
   6008.6   0.11469
   6015.5   0.11409
   6022.5   0.11353
   6029.5   0.11313
   6036.5   0.11290
   6043.6   0.11302
   6050.6   0.11329
   6057.7   0.11303
   6064.8   0.11286
   6071.9   0.11305
   6079.0   0.11307
   6086.1   0.11296
   6093.3   0.11289
   6100.5   0.11286
   6107.6   0.11287
   6114.9   0.11289
   6122.1   0.11256
   6129.3   0.11217
   6136.5   0.11194
   6143.8   0.11172
   6151.1   0.11148
   6158.4   0.11131
   6165.7   0.11111
   6173.1   0.11088
   6180.4   0.11087
   6187.8   0.11090
   6195.2   0.11063
   6202.6   0.11045
   6210.0   0.11038
   6217.5   0.11031
   6225.0   0.11019
   6232.4   0.11006
   6239.9   0.10994
   6247.5   0.10983
   6255.0   0.10969
   6262.5   0.10955
   6270.1   0.10938
   6277.7   0.10918
   6285.3   0.10895
   6293.0   0.10875
   6300.6   0.10857
   6308.3   0.10841
   6315.9   0.10829
   6323.6   0.10823
   6331.4   0.10821
   6339.1   0.10837
   6346.9   0.10857
   6354.6   0.10853
   6362.4   0.10858
   6370.3   0.10880
   6378.1   0.10895
   6385.9   0.10905
   6393.8   0.10918
   6401.7   0.10932
   6409.6   0.10970
   6417.6   0.10988
   6425.5   0.10953
   6433.5   0.10926
   6441.5   0.10900
   6449.5   0.10874
   6457.5   0.10850
   6465.6   0.10826
   6473.6   0.10811
   6481.7   0.10798
   6489.8   0.10798
   6498.0   0.10782
   6506.1   0.10732
   6514.3   0.10703
   6522.5   0.10692
   6530.7   0.10666
   6539.0   0.10640
   6547.2   0.10618
   6555.5   0.10598
   6563.8   0.10572
   6572.1   0.10550
   6580.4   0.10511
   6588.8   0.10469
   6597.2   0.10431
   6605.6   0.10386
   6614.0   0.10356
   6622.5   0.10331
   6630.9   0.10322
   6639.4   0.10314
   6647.9   0.10272
   6656.5   0.10236
   6665.0   0.10224
   6673.6   0.10220
   6682.2   0.10217
   6690.8   0.10199
   6699.5   0.10180
   6708.1   0.10175
   6716.8   0.10161
   6725.5   0.10136
   6734.3   0.10106
   6743.0   0.10073
   6751.8   0.10042
   6760.6   0.10004
   6769.4   0.09968
   6778.3   0.09929
   6787.1   0.09890
   6796.0   0.09837
   6805.0   0.09773
   6813.9   0.09723
   6822.9   0.09690
   6831.9   0.09655
   6840.9   0.09617
   6849.9   0.09594
   6859.0   0.09588
   6868.0   0.09569
   6877.2   0.09528
   6886.3   0.09498
   6895.5   0.09475
   6904.6   0.09452
   6913.8   0.09423
   6923.1   0.09390
   6932.3   0.09356
   6941.6   0.09317
   6950.9   0.09286
   6960.2   0.09257
   6969.6   0.09205
   6979.0   0.09146
   6988.4   0.09096
   6997.8   0.09041
   7007.3   0.08983
   7016.8   0.08925
   7026.3   0.08870
   7035.8   0.08816
   7045.4   0.08765
   7054.9   0.08699
   7064.5   0.08631
   7074.2   0.08571
   7083.9   0.08517
   7093.5   0.08461
   7103.3   0.08406
   7113.0   0.08354
   7122.8   0.08302
   7132.6   0.08244
   7142.4   0.08184
   7152.2   0.08120
   7162.1   0.08055
   7172.0   0.07988
   7182.0   0.07913
   7191.9   0.07838
   7201.9   0.07765
   7211.9   0.07688
   7222.0   0.07607
   7232.0   0.07527
   7242.1   0.07450
   7252.3   0.07372
   7262.4   0.07296
   7272.6   0.07221
   7282.8   0.07145
   7293.1   0.07064
   7303.3   0.06982
   7313.6   0.06900
   7324.0   0.06823
   7334.3   0.06745
   7344.7   0.06660
   7355.1   0.06570
   7365.6   0.06481
   7376.1   0.06390
   7386.6   0.06299
   7397.1   0.06207
   7407.7   0.06119
   7418.3   0.06028
   7428.9   0.05938
   7439.6   0.05845
   7450.2   0.05754
   7461.0   0.05666
   7471.7   0.05578
   7482.5   0.05484
   7493.3   0.05393
   7504.1   0.05302
   7515.0   0.05212
   7525.9   0.05124
   7536.9   0.05035
   7547.9   0.04941
   7558.9   0.04849
   7569.9   0.04760
   7581.0   0.04674
   7592.0   0.04585
   7603.2   0.04497
   7614.4   0.04409
   7625.5   0.04322
   7636.8   0.04228
   7648.0   0.04135
   7659.3   0.04040
   7670.7   0.03942
   7682.0   0.03844
   7693.4   0.03747
   7704.9   0.03645
   7716.3   0.03544
   7727.8   0.03443
   7739.4   0.03341
   7750.9   0.03237
   7762.5   0.03137
   7774.2   0.03038
   7785.8   0.02940
   7797.5   0.02843
   7809.3   0.02748
   7821.1   0.02651
   7832.9   0.02556
   7844.7   0.02460
   7856.6   0.02366
   7868.5   0.02273
   7880.5   0.02186
   7892.5   0.02098
   7904.5   0.02014
   7916.6   0.01929
   7928.7   0.01849
   7940.8   0.01773
   7953.0   0.01703
   7965.2   0.01630
   7977.5   0.01565
   7989.8   0.01503
   8002.1   0.01445
   8014.5   0.01392
   8026.9   0.01344
   8039.3   0.01301
   8051.8   0.01266
   8064.3   0.01235
   8076.9   0.01210
   8089.5   0.01193
   8102.1   0.01187
   8114.8   0.01182
   8127.5   0.01186
   8140.3   0.01204
   8153.1   0.01239
   8165.9   0.01282
   8178.8   0.01337
   8191.7   0.01400
   8204.7   0.01481
   8217.7   0.01573
   8230.7   0.01679
   8243.8   0.01791
   8257.0   0.01912
   8270.1   0.02036
   8283.3   0.02164
   8296.6   0.02288
   8309.9   0.02407
   8323.2   0.02513
   8336.6   0.02608
   8350.0   0.02686
   8363.5   0.02751
   8377.0   0.02803
   8390.5   0.02851
   8404.2   0.02897
   8417.8   0.02951
   8431.5   0.03002
   8445.2   0.03045
   8459.0   0.03071
   8472.8   0.03076
   8486.7   0.03066
   8500.6   0.03053
   8514.5   0.03034
   8528.5   0.03015
   8542.6   0.02990
   8556.7   0.02963
   8570.8   0.02932
   8585.0   0.02896
   8599.3   0.02852
   8613.5   0.02805
   8627.9   0.02757
   8642.3   0.02717
   8656.7   0.02678
   8671.2   0.02643
   8685.7   0.02609
   8700.3   0.02583
   8714.9   0.02558
   8729.5   0.02532
   8744.3   0.02501
   8759.0   0.02472
   8773.9   0.02444
   8788.7   0.02411
   8803.7   0.02376
   8818.6   0.02349
   8833.7   0.02324
   8848.7   0.02306
   8863.8   0.02291
   8879.0   0.02280
   8894.3   0.02273
   8909.5   0.02270
   8924.9   0.02263
   8940.3   0.02255
   8955.7   0.02248
   8971.2   0.02245
   8986.8   0.02241
   9002.3   0.02233
   9018.0   0.02217
   9033.7   0.02200
   9049.5   0.02177
   9065.3   0.02145
   9081.2   0.02105
   9097.1   0.02062
   9113.1   0.02014
   9129.1   0.01966
   9145.2   0.01914
   9161.4   0.01862
   9177.6   0.01816
   9193.9   0.01780
   9210.2   0.01753
   9226.6   0.01744
   9243.0   0.01739
   9259.5   0.01731
   9276.1   0.01724
   9292.7   0.01724
   9309.4   0.01723
   9326.2   0.01733
   9343.0   0.01738
   9359.8   0.01746
   9376.8   0.01758
   9393.8   0.01780
   9410.8   0.01804
   9427.9   0.01837
   9445.1   0.01874
   9462.3   0.01921
   9479.6   0.01975
   9497.0   0.02033
   9514.4   0.02100
   9531.9   0.02172
   9549.4   0.02241
   9567.0   0.02302
   9584.7   0.02355
   9602.5   0.02403
   9620.3   0.02438
   9638.2   0.02464
   9656.1   0.02485
   9674.2   0.02501
   9692.2   0.02508
   9710.4   0.02509
   9728.6   0.02502
   9746.9   0.02494
   9765.2   0.02481
   9783.7   0.02460
   9802.2   0.02434
   9820.7   0.02414
   9839.4   0.02397
   9858.1   0.02388
   9876.8   0.02384
   9895.7   0.02377
   9914.6   0.02372
   9933.6   0.02378
   9952.7   0.02388
   9971.8   0.02406
   9991.0   0.02422
  10010.3   0.02436
  10029.7   0.02454
  10049.1   0.02480
  10068.6   0.02507
  10088.2   0.02541
  10107.9   0.02572
  10127.6   0.02596
  10147.5   0.02610
  10167.3   0.02631
  10187.3   0.02649
  10207.4   0.02673
  10227.5   0.02712
  10247.7   0.02766
  10268.0   0.02832
  10288.4   0.02905
  10308.8   0.02974
  10329.4   0.03035
  10350.0   0.03083
  10370.7   0.03133
  10391.5   0.03199
  10412.3   0.03271
  10433.3   0.03327
  10454.3   0.03367
  10475.4   0.03396
  10496.7   0.03423
  10517.9   0.03452
  10539.3   0.03476
  10560.8   0.03488
  10582.3   0.03500
  10604.0   0.03513
  10625.7   0.03528
  10647.5   0.03533
  10669.4   0.03535
  10691.4   0.03542
  10713.5   0.03561
  10735.7   0.03579
  10758.0   0.03585
  10780.3   0.03578
  10802.8   0.03566
  10825.4   0.03544
  10848.0   0.03524
  10870.8   0.03498
  10893.6   0.03471
  10916.5   0.03444
  10939.5   0.03427
  10962.7   0.03413
  10985.9   0.03398
  11009.2   0.03381
  11032.7   0.03376
  11056.2   0.03377
  11079.8   0.03374
  11103.5   0.03375
  11127.4   0.03383
  11151.3   0.03393
  11175.3   0.03407
  11199.5   0.03429
  11223.7   0.03463
  11248.0   0.03504
  11272.5   0.03559
  11297.1   0.03634
  11321.7   0.03720
  11346.5   0.03802
  11371.4   0.03893
  11396.4   0.03992
  11421.5   0.04093
  11446.7   0.04188
  11472.0   0.04279
  11497.5   0.04360
  11523.0   0.04432
  11548.7   0.04503
  11574.4   0.04575
  11600.3   0.04638
  11626.3   0.04702
  11652.5   0.04762
  11678.7   0.04815
  11705.1   0.04876
  11731.6   0.04940
  11758.2   0.05003
  11784.9   0.05070
  11811.7   0.05144
  11838.7   0.05208
  11865.8   0.05249
  11893.0   0.05275
  11920.3   0.05307
  11947.8   0.05363
  11975.4   0.05449
  12003.1   0.05549
  12031.0   0.05653
  12059.0   0.05762
  12087.1   0.05862
  12115.3   0.05944
  12143.7   0.06002
  12172.2   0.06052
  12200.8   0.06089
  12229.6   0.06108
  12258.5   0.06092
  12287.6   0.06055
  12316.8   0.06006
  12346.1   0.05943
  12375.5   0.05851
  12405.2   0.05733
  12434.9   0.05594
  12464.8   0.05436
  12494.8   0.05257
  12525.0   0.05063
  12555.3   0.04862
  12585.8   0.04656
  12616.4   0.04447
  12647.2   0.04224
  12678.1   0.03968
  12709.2   0.03691
  12740.4   0.03403
  12771.8   0.03125
  12803.3   0.02864
  12835.0   0.02649
  12866.9   0.02496
  12898.9   0.02395
  12931.1   0.02329
  12963.4   0.02286
  12995.9   0.02257
  13028.5   0.02234
  13061.3   0.02201
  13094.3   0.02163
  13127.5   0.02134
  13160.8   0.02130
  13194.3   0.02150
  13228.0   0.02188
  13261.8   0.02223
  13295.8   0.02262
  13330.0   0.02304
  13364.3   0.02331
  13398.8   0.02335
  13433.6   0.02303
  13468.5   0.02247
  13503.5   0.02179
  13538.8   0.02109
  13574.2   0.02041
  13609.9   0.01991
  13645.7   0.01982
  13681.7   0.01987
  13717.9   0.02003
  13754.3   0.02035
  13790.8   0.02081
  13827.6   0.02139
  13864.6   0.02201
  13901.8   0.02261
  13939.2   0.02295
  13976.7   0.02300
  14014.5   0.02282
  14052.5   0.02229
  14090.7   0.02154
  14129.0   0.02064
  14167.6   0.01965
  14206.5   0.01860
  14245.5   0.01771
  14284.7   0.01710
  14324.2   0.01677
  14363.9   0.01645
  14403.8   0.01604
  14443.9   0.01562
  14484.3   0.01538
  14524.8   0.01513
  14565.6   0.01502
  14606.7   0.01486
  14647.9   0.01463
  14689.4   0.01444
  14731.2   0.01439
  14773.1   0.01431
  14815.3   0.01431
  14857.8   0.01453
  14900.5   0.01488
  14943.4   0.01523
  14986.6   0.01570
  15030.0   0.01624
  15073.7   0.01683
  15117.7   0.01746
  15161.9   0.01823
  15206.3   0.01911
  15251.1   0.01998
  15296.1   0.02090
  15341.3   0.02185
  15386.8   0.02277
  15432.6   0.02375
  15478.7   0.02459
  15525.0   0.02521
  15571.7   0.02563
  15618.6   0.02593
  15665.8   0.02604
  15713.2   0.02606
  15761.0   0.02613
  15809.0   0.02627
  15857.4   0.02630
  15906.0   0.02631
  15955.0   0.02623
  16004.2   0.02611
  16053.8   0.02577
  16103.6   0.02531
  16153.8   0.02482
  16204.3   0.02425
  16255.1   0.02380
  16306.2   0.02368
  16357.6   0.02391
  16409.4   0.02442
  16461.5   0.02496
  16513.9   0.02560
  16566.7   0.02624
  16619.8   0.02657
  16673.2   0.02674
  16727.0   0.02703
  16781.1   0.02772
  16835.6   0.02862
  16890.5   0.02958
  16945.7   0.03043
  17001.2   0.03083
  17057.2   0.03101
  17113.4   0.03097
  17170.1   0.03058
  17227.2   0.03005
  17284.6   0.02943
  17342.4   0.02881
  17400.6   0.02836
  17459.2   0.02821
  17518.2   0.02836
  17577.5   0.02862
  17637.3   0.02894
  17697.5   0.02916
  17758.1   0.02933
  17819.2   0.02926
  17880.6   0.02899
  17942.5   0.02873
  18004.8   0.02851
  18067.5   0.02854
  18130.7   0.02882
  18194.3   0.02919
  18258.4   0.02962
  18322.9   0.03040
  18387.9   0.03129
  18453.3   0.03185
  18519.2   0.03220
  18585.6   0.03242
  18652.4   0.03241
  18719.8   0.03216
  18787.6   0.03209
  18855.9   0.03212
  18924.7   0.03208
  18994.1   0.03217
  19063.9   0.03221
  19134.2   0.03204
  19205.1   0.03203
  19276.5   0.03211
  19348.4   0.03229
  19420.9   0.03243
  19493.9   0.03260
  19567.5   0.03269
  19641.6   0.03318
  19716.3   0.03346
  19791.6   0.03357
  19867.4   0.03326
  19943.8   0.03269
  20020.8   0.03164
  20098.4   0.03041
  20176.6   0.02926
  20255.4   0.02807
  20334.9   0.02675
  20414.9   0.02552
  20495.6   0.02453
  20576.9   0.02430
  20658.9   0.02475
  20741.6   0.02492
  20824.8   0.02513
  20908.8   0.02533
  20993.5   0.02535
  21078.8   0.02515
  21164.8   0.02462
  21251.6   0.02492
  21339.1   0.02533
  21427.2   0.02549
  21516.1   0.02580
  21605.8   0.02582
  21696.2   0.02573
  21787.3   0.02582
  21879.3   0.02566
  21972.0   0.02519
  22065.5   0.02493
  22159.8   0.02461
  22254.9   0.02407
  22350.8   0.02331
  22447.6   0.02234
  22545.2   0.02159
  22643.6   0.02143
  22742.9   0.02156
  22843.1   0.02195
  22944.2   0.02327
  23046.2   0.02507
  23149.1   0.02641
  23252.9   0.02735
  23357.6   0.02813
  23463.3   0.02853
  23569.9   0.02861
  23677.6   0.02841
  23786.2   0.02830
  23895.8   0.02857
  24006.4   0.02873
  24118.1   0.02878
  24230.8   0.02883
  24344.5   0.02873
  24459.3   0.02872
  24575.3   0.02885
  24692.3   0.02898
  24810.4   0.02903
  24929.7   0.02905
  25050.1   0.02907
  25171.7   0.02977
  25294.5   0.03072
  25418.5   0.03135
  25543.7   0.03151
  25670.2   0.03181
  25797.9   0.03229
  25926.9   0.03285
  26057.2   0.03343
  26188.8   0.03392
  26321.7   0.03406
  26456.0   0.03397
  26591.7   0.03396
  26728.8   0.03363
  26867.2   0.03321
  27007.2   0.03304
  27148.6   0.03328
  27291.5   0.03342
  27435.9   0.03271
  27581.8   0.03198
  27729.3   0.03132
  27878.4   0.03108
  28029.1   0.03138
  28181.4   0.03178
  28335.4   0.03209
  28491.1   0.03275
  28648.5   0.03324
  28807.7   0.03375
  28968.6   0.03432
  29131.3   0.03453
  29295.9   0.03491
  29462.4   0.03555
  29630.7   0.03552
  29801.0   0.03490
  29973.3   0.03458
  30147.5   0.03428
  30323.8   0.03359
  30502.2   0.03292
  30682.7   0.03184
  30865.3   0.03061
  31050.2   0.02981
  31237.2   0.02987
  31426.5   0.03016
  31618.2   0.03011
  31812.1   0.02989
  32008.5   0.03014
  32207.3   0.03042
  32408.6   0.03125
  32612.4   0.03250
  32818.8   0.03369
  33027.9   0.03505
  33239.6   0.03631
  33454.1   0.03669
  33671.3   0.03667
  33891.4   0.03649
  34114.3   0.03586
  34340.3   0.03490
  34569.2   0.03379
  34801.2   0.03257
  35036.3   0.03193
  35274.7   0.03183
  35516.3   0.03219
  35761.2   0.03262
  36009.6   0.03304
  36261.4   0.03249
  36516.7   0.03190
  36775.7   0.03111
  37038.4   0.03035
  37304.9   0.02921
  37575.2   0.02811
  37849.5   0.02730
  38127.8   0.02634
  38410.2   0.02495
  38696.8   0.02444
  38987.8   0.02399
  39283.2   0.02382
  39583.0   0.02473
  39887.5   0.02594
  40196.7   0.02768
  40510.8   0.02998
  40829.7   0.03136
  41153.8   0.03278
  41483.0   0.03307
  41817.6   0.03338
  42157.5   0.03461
  42503.1   0.03595
  42854.4   0.03664
  43211.5   0.03627
  43574.6   0.03545
  43943.9   0.03525
  44319.5   0.03507
  44701.5   0.03472
  45090.2   0.03487
  45485.8   0.03603
  45888.3   0.03580
  46298.0   0.03412
  46715.1   0.03324
  47139.8   0.03367
  47572.3   0.03463
  48012.8   0.03511
  48461.5   0.03597
  48918.6   0.03705
  49384.6   0.03824
  49859.4   0.03873
  50343.5   0.03824
  50837.0   0.03801
  51340.4   0.03786
  51853.8   0.03731
  52377.6   0.03626
  52912.0   0.03546
  53457.5   0.03453
  54014.4   0.03377
  54582.9   0.03281
  55163.6   0.03212
  55756.8   0.03431
  56362.8   0.03528
  56982.2   0.03357
  57615.3   0.03141
  58262.7   0.03219
  58924.7   0.03503
  59602.0   0.03523
  60295.1   0.03627
  61004.4   0.03731
  61730.7   0.03711
  62474.4   0.03674
  63236.3   0.03613
  64017.0   0.03761
  64817.2   0.03928
  65637.7   0.03798
  66479.2   0.04026
  67342.6   0.04142
  68228.6   0.04170
  69138.4   0.04355
  70072.7   0.04495
  71032.6   0.04563
  72019.1   0.04603
  73033.5   0.04645
  74076.8   0.04667
  75150.4   0.04606
  76255.5   0.04533
  77393.7   0.04257
  78566.3   0.04360
  79775.0   0.04677
  81021.5   0.04728
  82307.6   0.04725
  83635.1   0.05131
  85006.2   0.06660
  86423.0   0.06313
  87887.8   0.05157
  89403.0   0.04915
  90971.5   0.05044
  92596.0   0.05182
  94279.6   0.05875
  96025.5   0.05991
  97837.3   0.05558
  99718.8   0.05871



 BIR1LS129           .ASC                        

 LS-GJT-129                                                              
 Apollo 67711,42 <150 um                                                 
 Connected at 3.65 & 19.6 um                                             

 Source Ang: 30.00   Detect Ang:  0.00  Volt: 1.222
 Date: 18-JUN-14   Time: 14:23:58
