  5653
    909.0   0.31493
    909.2   0.31489
    909.3   0.31491
    909.5   0.31488
    909.7   0.31469
    909.8   0.31458
    910.0   0.31442
    910.1   0.31431
    910.3   0.31457
    910.5   0.31444
    910.6   0.31445
    910.8   0.31456
    910.9   0.31406
    911.1   0.31394
    911.3   0.31417
    911.4   0.31430
    911.6   0.31431
    911.7   0.31445
    911.9   0.31428
    912.1   0.31408
    912.2   0.31409
    912.4   0.31428
    912.5   0.31451
    912.7   0.31460
    912.9   0.31451
    913.0   0.31419
    913.2   0.31388
    913.3   0.31410
    913.5   0.31435
    913.7   0.31402
    913.8   0.31391
    914.0   0.31406
    914.2   0.31397
    914.3   0.31387
    914.5   0.31352
    914.6   0.31345
    914.8   0.31379
    915.0   0.31398
    915.1   0.31390
    915.3   0.31352
    915.4   0.31358
    915.6   0.31385
    915.8   0.31391
    915.9   0.31383
    916.1   0.31369
    916.3   0.31356
    916.4   0.31313
    916.6   0.31322
    916.7   0.31339
    916.9   0.31337
    917.1   0.31318
    917.2   0.31319
    917.4   0.31337
    917.5   0.31348
    917.7   0.31356
    917.9   0.31322
    918.0   0.31301
    918.2   0.31271
    918.4   0.31291
    918.5   0.31341
    918.7   0.31350
    918.8   0.31302
    919.0   0.31267
    919.2   0.31297
    919.3   0.31322
    919.5   0.31314
    919.7   0.31324
    919.8   0.31321
    920.0   0.31297
    920.2   0.31260
    920.3   0.31274
    920.5   0.31287
    920.6   0.31292
    920.8   0.31298
    921.0   0.31292
    921.1   0.31262
    921.3   0.31246
    921.5   0.31268
    921.6   0.31278
    921.8   0.31260
    922.0   0.31261
    922.1   0.31250
    922.3   0.31219
    922.4   0.31222
    922.6   0.31265
    922.8   0.31273
    922.9   0.31266
    923.1   0.31222
    923.3   0.31204
    923.4   0.31219
    923.6   0.31216
    923.8   0.31203
    923.9   0.31189
    924.1   0.31208
    924.3   0.31216
    924.4   0.31210
    924.6   0.31211
    924.7   0.31188
    924.9   0.31187
    925.1   0.31187
    925.2   0.31189
    925.4   0.31182
    925.6   0.31200
    925.7   0.31213
    925.9   0.31203
    926.1   0.31206
    926.2   0.31211
    926.4   0.31200
    926.6   0.31188
    926.7   0.31180
    926.9   0.31167
    927.1   0.31167
    927.2   0.31161
    927.4   0.31173
    927.6   0.31152
    927.7   0.31123
    927.9   0.31132
    928.0   0.31159
    928.2   0.31141
    928.4   0.31122
    928.5   0.31156
    928.7   0.31178
    928.9   0.31162
    929.0   0.31134
    929.2   0.31141
    929.4   0.31134
    929.5   0.31131
    929.7   0.31145
    929.9   0.31144
    930.0   0.31144
    930.2   0.31116
    930.4   0.31115
    930.5   0.31090
    930.7   0.31101
    930.9   0.31130
    931.0   0.31109
    931.2   0.31072
    931.4   0.31072
    931.6   0.31080
    931.7   0.31104
    931.9   0.31139
    932.1   0.31135
    932.2   0.31102
    932.4   0.31072
    932.6   0.31091
    932.7   0.31111
    932.9   0.31103
    933.1   0.31111
    933.2   0.31137
    933.4   0.31104
    933.6   0.31067
    933.7   0.31079
    933.9   0.31092
    934.1   0.31076
    934.2   0.31068
    934.4   0.31078
    934.6   0.31068
    934.8   0.31036
    934.9   0.31023
    935.1   0.31028
    935.3   0.31018
    935.4   0.31001
    935.6   0.31011
    935.8   0.31014
    935.9   0.31007
    936.1   0.31018
    936.3   0.31029
    936.4   0.31016
    936.6   0.31018
    936.8   0.31014
    936.9   0.30994
    937.1   0.31027
    937.3   0.31044
    937.5   0.31041
    937.6   0.31037
    937.8   0.31032
    938.0   0.31031
    938.1   0.31014
    938.3   0.30997
    938.5   0.31011
    938.6   0.31005
    938.8   0.30991
    939.0   0.30973
    939.2   0.30963
    939.3   0.30985
    939.5   0.30972
    939.7   0.30974
    939.8   0.31003
    940.0   0.30992
    940.2   0.31002
    940.3   0.31004
    940.5   0.30987
    940.7   0.30949
    940.8   0.30940
    941.0   0.30967
    941.2   0.30978
    941.4   0.30976
    941.5   0.30967
    941.7   0.30972
    941.9   0.30983
    942.0   0.30996
    942.2   0.30980
    942.4   0.30952
    942.6   0.30944
    942.7   0.30948
    942.9   0.30939
    943.1   0.30926
    943.3   0.30922
    943.4   0.30925
    943.6   0.30935
    943.8   0.30934
    943.9   0.30934
    944.1   0.30938
    944.3   0.30925
    944.5   0.30920
    944.6   0.30927
    944.8   0.30929
    945.0   0.30942
    945.1   0.30931
    945.3   0.30912
    945.5   0.30932
    945.7   0.30933
    945.8   0.30928
    946.0   0.30941
    946.2   0.30944
    946.3   0.30915
    946.5   0.30916
    946.7   0.30918
    946.9   0.30902
    947.0   0.30876
    947.2   0.30881
    947.4   0.30880
    947.6   0.30868
    947.7   0.30861
    947.9   0.30877
    948.1   0.30873
    948.3   0.30880
    948.4   0.30868
    948.6   0.30861
    948.8   0.30876
    949.0   0.30875
    949.1   0.30859
    949.3   0.30855
    949.5   0.30858
    949.6   0.30874
    949.8   0.30878
    950.0   0.30865
    950.2   0.30897
    950.3   0.30885
    950.5   0.30842
    950.7   0.30850
    950.9   0.30879
    951.0   0.30861
    951.2   0.30845
    951.4   0.30881
    951.6   0.30887
    951.7   0.30867
    951.9   0.30844
    952.1   0.30836
    952.3   0.30845
    952.4   0.30844
    952.6   0.30840
    952.8   0.30854
    953.0   0.30854
    953.1   0.30833
    953.3   0.30812
    953.5   0.30813
    953.7   0.30830
    953.8   0.30844
    954.0   0.30832
    954.2   0.30807
    954.4   0.30802
    954.5   0.30811
    954.7   0.30814
    954.9   0.30800
    955.1   0.30800
    955.2   0.30814
    955.4   0.30805
    955.6   0.30795
    955.8   0.30799
    956.0   0.30804
    956.1   0.30812
    956.3   0.30789
    956.5   0.30779
    956.7   0.30791
    956.8   0.30789
    957.0   0.30773
    957.2   0.30763
    957.4   0.30777
    957.5   0.30789
    957.7   0.30788
    957.9   0.30764
    958.1   0.30740
    958.2   0.30765
    958.4   0.30774
    958.6   0.30760
    958.8   0.30767
    959.0   0.30783
    959.1   0.30772
    959.3   0.30748
    959.5   0.30738
    959.7   0.30760
    959.8   0.30774
    960.0   0.30757
    960.2   0.30763
    960.4   0.30767
    960.5   0.30737
    960.7   0.30732
    960.9   0.30746
    961.1   0.30731
    961.3   0.30722
    961.4   0.30740
    961.6   0.30746
    961.8   0.30723
    962.0   0.30727
    962.2   0.30737
    962.3   0.30742
    962.5   0.30736
    962.7   0.30726
    962.9   0.30724
    963.0   0.30729
    963.2   0.30736
    963.4   0.30746
    963.6   0.30730
    963.8   0.30723
    963.9   0.30720
    964.1   0.30722
    964.3   0.30726
    964.5   0.30701
    964.7   0.30709
    964.8   0.30725
    965.0   0.30722
    965.2   0.30714
    965.4   0.30719
    965.6   0.30714
    965.7   0.30708
    965.9   0.30715
    966.1   0.30716
    966.3   0.30709
    966.5   0.30692
    966.6   0.30700
    966.8   0.30695
    967.0   0.30682
    967.2   0.30673
    967.4   0.30680
    967.5   0.30688
    967.7   0.30669
    967.9   0.30659
    968.1   0.30682
    968.3   0.30686
    968.4   0.30669
    968.6   0.30667
    968.8   0.30675
    969.0   0.30689
    969.2   0.30692
    969.3   0.30683
    969.5   0.30680
    969.7   0.30686
    969.9   0.30689
    970.1   0.30682
    970.3   0.30673
    970.4   0.30668
    970.6   0.30655
    970.8   0.30654
    971.0   0.30668
    971.2   0.30679
    971.3   0.30671
    971.5   0.30654
    971.7   0.30654
    971.9   0.30643
    972.1   0.30658
    972.3   0.30667
    972.4   0.30643
    972.6   0.30629
    972.8   0.30628
    973.0   0.30618
    973.2   0.30626
    973.3   0.30631
    973.5   0.30646
    973.7   0.30641
    973.9   0.30635
    974.1   0.30634
    974.3   0.30619
    974.5   0.30613
    974.6   0.30624
    974.8   0.30639
    975.0   0.30628
    975.2   0.30610
    975.4   0.30608
    975.5   0.30599
    975.7   0.30590
    975.9   0.30587
    976.1   0.30603
    976.3   0.30624
    976.5   0.30624
    976.7   0.30611
    976.8   0.30591
    977.0   0.30606
    977.2   0.30607
    977.4   0.30612
    977.6   0.30611
    977.8   0.30617
    977.9   0.30623
    978.1   0.30607
    978.3   0.30589
    978.5   0.30596
    978.7   0.30607
    978.9   0.30597
    979.0   0.30587
    979.2   0.30595
    979.4   0.30605
    979.6   0.30607
    979.8   0.30596
    980.0   0.30582
    980.2   0.30578
    980.3   0.30577
    980.5   0.30586
    980.7   0.30597
    980.9   0.30586
    981.1   0.30557
    981.3   0.30567
    981.5   0.30554
    981.7   0.30558
    981.8   0.30580
    982.0   0.30599
    982.2   0.30594
    982.4   0.30575
    982.6   0.30563
    982.8   0.30548
    983.0   0.30542
    983.1   0.30556
    983.3   0.30570
    983.5   0.30573
    983.7   0.30569
    983.9   0.30565
    984.1   0.30577
    984.3   0.30579
    984.4   0.30568
    984.6   0.30561
    984.8   0.30553
    985.0   0.30555
    985.2   0.30548
    985.4   0.30541
    985.6   0.30549
    985.8   0.30556
    985.9   0.30553
    986.1   0.30553
    986.3   0.30540
    986.5   0.30506
    986.7   0.30494
    986.9   0.30519
    987.1   0.30547
    987.3   0.30554
    987.4   0.30547
    987.6   0.30534
    987.8   0.30522
    988.0   0.30530
    988.2   0.30531
    988.4   0.30523
    988.6   0.30521
    988.8   0.30529
    989.0   0.30524
    989.1   0.30529
    989.3   0.30533
    989.5   0.30515
    989.7   0.30499
    989.9   0.30504
    990.1   0.30515
    990.3   0.30505
    990.5   0.30501
    990.7   0.30496
    990.8   0.30488
    991.0   0.30492
    991.2   0.30495
    991.4   0.30498
    991.6   0.30508
    991.8   0.30507
    992.0   0.30500
    992.2   0.30496
    992.4   0.30495
    992.5   0.30492
    992.7   0.30485
    992.9   0.30481
    993.1   0.30481
    993.3   0.30477
    993.5   0.30480
    993.7   0.30488
    993.9   0.30489
    994.1   0.30476
    994.3   0.30473
    994.5   0.30468
    994.6   0.30466
    994.8   0.30469
    995.0   0.30470
    995.2   0.30474
    995.4   0.30471
    995.6   0.30486
    995.8   0.30480
    996.0   0.30468
    996.2   0.30463
    996.4   0.30471
    996.5   0.30465
    996.7   0.30447
    996.9   0.30448
    997.1   0.30467
    997.3   0.30476
    997.5   0.30468
    997.7   0.30449
    997.9   0.30440
    998.1   0.30439
    998.3   0.30443
    998.5   0.30436
    998.7   0.30440
    998.9   0.30446
    999.0   0.30457
    999.2   0.30462
    999.4   0.30455
    999.6   0.30451
    999.8   0.30464
   1000.0   0.30458
   1000.2   0.30437
   1000.4   0.30443
   1000.6   0.30463
   1000.8   0.30451
   1001.0   0.30443
   1001.2   0.30434
   1001.4   0.30420
   1001.6   0.30409
   1001.8   0.30406
   1001.9   0.30423
   1002.1   0.30445
   1002.3   0.30443
   1002.5   0.30435
   1002.7   0.30424
   1002.9   0.30418
   1003.1   0.30424
   1003.3   0.30441
   1003.5   0.30436
   1003.7   0.30419
   1003.9   0.30409
   1004.1   0.30397
   1004.3   0.30396
   1004.5   0.30408
   1004.7   0.30425
   1004.9   0.30435
   1005.0   0.30414
   1005.3   0.30405
   1005.4   0.30410
   1005.6   0.30407
   1005.8   0.30406
   1006.0   0.30404
   1006.2   0.30402
   1006.4   0.30397
   1006.6   0.30388
   1006.8   0.30387
   1007.0   0.30380
   1007.2   0.30372
   1007.4   0.30378
   1007.6   0.30381
   1007.8   0.30376
   1008.0   0.30380
   1008.2   0.30376
   1008.4   0.30384
   1008.6   0.30388
   1008.8   0.30368
   1009.0   0.30360
   1009.2   0.30368
   1009.4   0.30362
   1009.5   0.30356
   1009.8   0.30363
   1010.0   0.30365
   1010.1   0.30355
   1010.3   0.30341
   1010.5   0.30339
   1010.7   0.30349
   1010.9   0.30362
   1011.1   0.30353
   1011.3   0.30348
   1011.5   0.30347
   1011.7   0.30341
   1011.9   0.30349
   1012.1   0.30342
   1012.3   0.30330
   1012.5   0.30328
   1012.7   0.30327
   1012.9   0.30328
   1013.1   0.30339
   1013.3   0.30344
   1013.5   0.30330
   1013.7   0.30337
   1013.9   0.30337
   1014.1   0.30329
   1014.3   0.30332
   1014.5   0.30336
   1014.7   0.30323
   1014.9   0.30318
   1015.1   0.30316
   1015.3   0.30320
   1015.5   0.30326
   1015.7   0.30317
   1015.9   0.30319
   1016.1   0.30314
   1016.3   0.30307
   1016.5   0.30320
   1016.7   0.30328
   1016.9   0.30313
   1017.1   0.30291
   1017.3   0.30293
   1017.5   0.30286
   1017.7   0.30276
   1017.9   0.30280
   1018.1   0.30296
   1018.3   0.30289
   1018.5   0.30282
   1018.7   0.30284
   1018.9   0.30290
   1019.1   0.30282
   1019.3   0.30268
   1019.5   0.30257
   1019.7   0.30259
   1019.9   0.30268
   1020.1   0.30283
   1020.3   0.30288
   1020.5   0.30283
   1020.7   0.30290
   1020.9   0.30281
   1021.1   0.30277
   1021.3   0.30277
   1021.5   0.30259
   1021.7   0.30252
   1021.9   0.30265
   1022.1   0.30265
   1022.3   0.30271
   1022.5   0.30256
   1022.7   0.30234
   1022.9   0.30236
   1023.1   0.30242
   1023.3   0.30237
   1023.5   0.30229
   1023.7   0.30239
   1023.9   0.30243
   1024.1   0.30243
   1024.3   0.30229
   1024.5   0.30212
   1024.7   0.30222
   1024.9   0.30231
   1025.1   0.30231
   1025.3   0.30229
   1025.5   0.30221
   1025.7   0.30222
   1025.9   0.30214
   1026.1   0.30206
   1026.3   0.30223
   1026.5   0.30226
   1026.8   0.30219
   1026.9   0.30221
   1027.2   0.30218
   1027.4   0.30218
   1027.6   0.30222
   1027.8   0.30211
   1028.0   0.30192
   1028.2   0.30187
   1028.4   0.30194
   1028.6   0.30192
   1028.8   0.30187
   1029.0   0.30193
   1029.2   0.30189
   1029.4   0.30190
   1029.6   0.30197
   1029.8   0.30201
   1030.0   0.30193
   1030.2   0.30180
   1030.4   0.30188
   1030.6   0.30181
   1030.8   0.30181
   1031.0   0.30187
   1031.2   0.30175
   1031.4   0.30168
   1031.7   0.30165
   1031.8   0.30157
   1032.1   0.30164
   1032.3   0.30172
   1032.5   0.30165
   1032.7   0.30150
   1032.9   0.30150
   1033.1   0.30152
   1033.3   0.30160
   1033.5   0.30161
   1033.7   0.30158
   1033.9   0.30155
   1034.1   0.30139
   1034.3   0.30127
   1034.5   0.30128
   1034.7   0.30139
   1034.9   0.30152
   1035.2   0.30142
   1035.4   0.30132
   1035.6   0.30129
   1035.8   0.30124
   1036.0   0.30118
   1036.2   0.30108
   1036.4   0.30103
   1036.6   0.30108
   1036.8   0.30117
   1037.0   0.30115
   1037.2   0.30124
   1037.4   0.30131
   1037.6   0.30118
   1037.8   0.30108
   1038.1   0.30102
   1038.3   0.30094
   1038.5   0.30095
   1038.7   0.30086
   1038.9   0.30079
   1039.1   0.30089
   1039.3   0.30105
   1039.5   0.30103
   1039.7   0.30097
   1039.9   0.30092
   1040.1   0.30084
   1040.3   0.30075
   1040.6   0.30080
   1040.8   0.30086
   1041.0   0.30068
   1041.2   0.30061
   1041.4   0.30056
   1041.6   0.30049
   1041.8   0.30044
   1042.0   0.30052
   1042.2   0.30052
   1042.4   0.30051
   1042.6   0.30047
   1042.8   0.30039
   1043.1   0.30039
   1043.3   0.30043
   1043.5   0.30040
   1043.7   0.30039
   1043.9   0.30042
   1044.1   0.30045
   1044.3   0.30047
   1044.5   0.30044
   1044.8   0.30038
   1045.0   0.30034
   1045.2   0.30021
   1045.4   0.30017
   1045.6   0.30019
   1045.8   0.30008
   1046.0   0.30006
   1046.2   0.30012
   1046.4   0.30009
   1046.6   0.30015
   1046.9   0.30022
   1047.1   0.30018
   1047.3   0.30010
   1047.5   0.30005
   1047.7   0.30010
   1047.9   0.30011
   1048.1   0.30003
   1048.3   0.29998
   1048.6   0.29991
   1048.8   0.29998
   1049.0   0.29998
   1049.2   0.29995
   1049.4   0.29993
   1049.6   0.29984
   1049.8   0.29978
   1050.0   0.29987
   1050.3   0.29981
   1050.5   0.29979
   1050.7   0.29990
   1050.9   0.29985
   1051.1   0.29967
   1051.3   0.29963
   1051.5   0.29969
   1051.7   0.29972
   1051.9   0.29965
   1052.2   0.29957
   1052.4   0.29956
   1052.6   0.29952
   1052.8   0.29948
   1053.0   0.29954
   1053.2   0.29960
   1053.4   0.29962
   1053.7   0.29959
   1053.9   0.29946
   1054.1   0.29935
   1054.3   0.29933
   1054.5   0.29932
   1054.7   0.29934
   1054.9   0.29938
   1055.2   0.29937
   1055.4   0.29928
   1055.6   0.29918
   1055.8   0.29909
   1056.0   0.29914
   1056.2   0.29920
   1056.4   0.29922
   1056.7   0.29929
   1056.9   0.29926
   1057.1   0.29920
   1057.3   0.29917
   1057.5   0.29907
   1057.8   0.29893
   1058.0   0.29889
   1058.2   0.29884
   1058.4   0.29881
   1058.6   0.29888
   1058.8   0.29884
   1059.0   0.29882
   1059.3   0.29886
   1059.5   0.29890
   1059.7   0.29891
   1059.9   0.29880
   1060.1   0.29879
   1060.3   0.29873
   1060.6   0.29869
   1060.8   0.29867
   1061.0   0.29864
   1061.2   0.29861
   1061.4   0.29861
   1061.7   0.29856
   1061.9   0.29853
   1062.1   0.29862
   1062.3   0.29853
   1062.5   0.29842
   1062.7   0.29847
   1062.9   0.29843
   1063.2   0.29834
   1063.4   0.29840
   1063.6   0.29838
   1063.8   0.29838
   1064.0   0.29841
   1064.3   0.29840
   1064.5   0.29829
   1064.7   0.29821
   1064.9   0.29819
   1065.1   0.29814
   1065.3   0.29808
   1065.6   0.29807
   1065.8   0.29811
   1066.0   0.29810
   1066.2   0.29801
   1066.4   0.29796
   1066.7   0.29788
   1066.9   0.29791
   1067.1   0.29795
   1067.3   0.29791
   1067.6   0.29786
   1067.8   0.29784
   1068.0   0.29786
   1068.2   0.29783
   1068.4   0.29765
   1068.7   0.29756
   1068.9   0.29771
   1069.1   0.29780
   1069.3   0.29769
   1069.5   0.29765
   1069.8   0.29766
   1070.0   0.29767
   1070.2   0.29760
   1070.4   0.29761
   1070.6   0.29759
   1070.8   0.29758
   1071.1   0.29753
   1071.3   0.29750
   1071.5   0.29742
   1071.7   0.29730
   1072.0   0.29732
   1072.2   0.29735
   1072.4   0.29738
   1072.6   0.29746
   1072.8   0.29736
   1073.1   0.29712
   1073.3   0.29711
   1073.5   0.29719
   1073.7   0.29724
   1074.0   0.29725
   1074.2   0.29720
   1074.4   0.29717
   1074.6   0.29706
   1074.8   0.29701
   1075.1   0.29704
   1075.3   0.29705
   1075.5   0.29698
   1075.7   0.29691
   1076.0   0.29691
   1076.2   0.29697
   1076.4   0.29696
   1076.6   0.29690
   1076.9   0.29682
   1077.1   0.29691
   1077.3   0.29695
   1077.5   0.29685
   1077.8   0.29674
   1078.0   0.29668
   1078.2   0.29672
   1078.4   0.29671
   1078.7   0.29669
   1078.9   0.29666
   1079.1   0.29659
   1079.3   0.29655
   1079.6   0.29661
   1079.8   0.29669
   1080.0   0.29662
   1080.2   0.29649
   1080.4   0.29649
   1080.7   0.29653
   1080.9   0.29650
   1081.1   0.29645
   1081.3   0.29638
   1081.6   0.29631
   1081.8   0.29635
   1082.0   0.29638
   1082.3   0.29634
   1082.5   0.29624
   1082.7   0.29622
   1082.9   0.29623
   1083.2   0.29626
   1083.4   0.29621
   1083.6   0.29616
   1083.8   0.29616
   1084.1   0.29609
   1084.3   0.29615
   1084.5   0.29613
   1084.8   0.29608
   1085.0   0.29605
   1085.2   0.29592
   1085.4   0.29592
   1085.7   0.29591
   1085.9   0.29590
   1086.1   0.29582
   1086.3   0.29578
   1086.6   0.29583
   1086.8   0.29578
   1087.0   0.29579
   1087.3   0.29572
   1087.5   0.29566
   1087.7   0.29570
   1087.9   0.29567
   1088.2   0.29554
   1088.4   0.29553
   1088.6   0.29562
   1088.8   0.29564
   1089.1   0.29558
   1089.3   0.29557
   1089.5   0.29559
   1089.8   0.29553
   1090.0   0.29546
   1090.2   0.29535
   1090.4   0.29526
   1090.7   0.29530
   1090.9   0.29534
   1091.1   0.29527
   1091.4   0.29524
   1091.6   0.29514
   1091.8   0.29513
   1092.1   0.29526
   1092.3   0.29526
   1092.5   0.29511
   1092.8   0.29504
   1093.0   0.29511
   1093.2   0.29517
   1093.4   0.29509
   1093.7   0.29507
   1093.9   0.29494
   1094.1   0.29482
   1094.4   0.29486
   1094.6   0.29482
   1094.8   0.29477
   1095.1   0.29482
   1095.3   0.29484
   1095.5   0.29482
   1095.8   0.29478
   1096.0   0.29470
   1096.2   0.29466
   1096.4   0.29464
   1096.7   0.29466
   1096.9   0.29464
   1097.1   0.29459
   1097.4   0.29463
   1097.6   0.29461
   1097.8   0.29454
   1098.1   0.29449
   1098.3   0.29438
   1098.5   0.29434
   1098.8   0.29438
   1099.0   0.29439
   1099.2   0.29435
   1099.5   0.29436
   1099.7   0.29435
   1099.9   0.29432
   1100.2   0.29434
   1100.4   0.29432
   1100.6   0.29426
   1100.9   0.29422
   1101.1   0.29424
   1101.3   0.29418
   1101.6   0.29409
   1101.8   0.29410
   1102.0   0.29406
   1102.3   0.29400
   1102.5   0.29397
   1102.7   0.29406
   1103.0   0.29408
   1103.2   0.29395
   1103.4   0.29392
   1103.7   0.29391
   1103.9   0.29391
   1104.2   0.29394
   1104.4   0.29393
   1104.6   0.29397
   1104.9   0.29395
   1105.1   0.29384
   1105.3   0.29374
   1105.6   0.29377
   1105.8   0.29379
   1106.0   0.29374
   1106.3   0.29370
   1106.5   0.29370
   1106.7   0.29363
   1107.0   0.29357
   1107.2   0.29352
   1107.4   0.29356
   1107.7   0.29351
   1107.9   0.29354
   1108.2   0.29360
   1108.4   0.29356
   1108.6   0.29349
   1108.9   0.29344
   1109.1   0.29338
   1109.3   0.29333
   1109.6   0.29332
   1109.8   0.29334
   1110.1   0.29329
   1110.3   0.29319
   1110.5   0.29321
   1110.8   0.29324
   1111.0   0.29319
   1111.3   0.29306
   1111.5   0.29306
   1111.7   0.29312
   1112.0   0.29307
   1112.2   0.29302
   1112.4   0.29307
   1112.7   0.29308
   1112.9   0.29297
   1113.2   0.29295
   1113.4   0.29297
   1113.6   0.29287
   1113.9   0.29274
   1114.1   0.29274
   1114.3   0.29278
   1114.6   0.29284
   1114.8   0.29286
   1115.1   0.29282
   1115.3   0.29270
   1115.6   0.29255
   1115.8   0.29258
   1116.0   0.29262
   1116.3   0.29259
   1116.5   0.29258
   1116.8   0.29253
   1117.0   0.29247
   1117.2   0.29242
   1117.5   0.29243
   1117.7   0.29243
   1118.0   0.29250
   1118.2   0.29242
   1118.4   0.29231
   1118.7   0.29236
   1118.9   0.29237
   1119.2   0.29235
   1119.4   0.29223
   1119.7   0.29214
   1119.9   0.29216
   1120.1   0.29221
   1120.4   0.29222
   1120.6   0.29222
   1120.9   0.29219
   1121.1   0.29217
   1121.3   0.29211
   1121.6   0.29200
   1121.8   0.29198
   1122.1   0.29203
   1122.3   0.29200
   1122.6   0.29194
   1122.8   0.29194
   1123.0   0.29189
   1123.3   0.29184
   1123.5   0.29180
   1123.8   0.29180
   1124.0   0.29175
   1124.3   0.29176
   1124.5   0.29181
   1124.8   0.29176
   1125.0   0.29169
   1125.2   0.29171
   1125.5   0.29169
   1125.7   0.29162
   1126.0   0.29161
   1126.2   0.29162
   1126.5   0.29155
   1126.7   0.29156
   1126.9   0.29158
   1127.2   0.29147
   1127.4   0.29140
   1127.7   0.29142
   1127.9   0.29138
   1128.2   0.29148
   1128.4   0.29157
   1128.7   0.29149
   1128.9   0.29141
   1129.2   0.29128
   1129.4   0.29125
   1129.7   0.29134
   1129.9   0.29133
   1130.1   0.29121
   1130.4   0.29121
   1130.6   0.29115
   1130.9   0.29111
   1131.1   0.29104
   1131.4   0.29104
   1131.6   0.29102
   1131.9   0.29096
   1132.1   0.29094
   1132.4   0.29105
   1132.6   0.29114
   1132.9   0.29103
   1133.1   0.29100
   1133.3   0.29101
   1133.6   0.29085
   1133.8   0.29074
   1134.1   0.29083
   1134.3   0.29089
   1134.6   0.29083
   1134.8   0.29081
   1135.1   0.29081
   1135.3   0.29077
   1135.6   0.29078
   1135.8   0.29074
   1136.1   0.29064
   1136.3   0.29066
   1136.6   0.29072
   1136.8   0.29071
   1137.1   0.29067
   1137.3   0.29059
   1137.6   0.29049
   1137.8   0.29049
   1138.1   0.29053
   1138.3   0.29053
   1138.6   0.29049
   1138.8   0.29049
   1139.1   0.29043
   1139.3   0.29032
   1139.6   0.29032
   1139.8   0.29027
   1140.1   0.29027
   1140.3   0.29032
   1140.6   0.29033
   1140.8   0.29036
   1141.1   0.29028
   1141.3   0.29017
   1141.6   0.29013
   1141.8   0.29015
   1142.1   0.29014
   1142.3   0.29006
   1142.6   0.29002
   1142.8   0.28996
   1143.1   0.28997
   1143.3   0.28997
   1143.6   0.28997
   1143.9   0.28996
   1144.1   0.28995
   1144.4   0.28992
   1144.6   0.28988
   1144.9   0.28985
   1145.1   0.28979
   1145.4   0.28969
   1145.6   0.28969
   1145.9   0.28975
   1146.1   0.28967
   1146.4   0.28961
   1146.6   0.28963
   1146.9   0.28961
   1147.2   0.28958
   1147.4   0.28953
   1147.7   0.28954
   1147.9   0.28950
   1148.2   0.28949
   1148.4   0.28947
   1148.7   0.28949
   1148.9   0.28946
   1149.2   0.28939
   1149.4   0.28936
   1149.7   0.28935
   1149.9   0.28938
   1150.2   0.28936
   1150.4   0.28936
   1150.7   0.28934
   1151.0   0.28926
   1151.2   0.28929
   1151.5   0.28929
   1151.7   0.28931
   1152.0   0.28931
   1152.2   0.28925
   1152.5   0.28916
   1152.8   0.28913
   1153.0   0.28912
   1153.3   0.28915
   1153.5   0.28918
   1153.8   0.28911
   1154.0   0.28906
   1154.3   0.28906
   1154.6   0.28902
   1154.8   0.28900
   1155.1   0.28896
   1155.3   0.28893
   1155.6   0.28893
   1155.8   0.28892
   1156.1   0.28891
   1156.4   0.28894
   1156.6   0.28882
   1156.9   0.28869
   1157.1   0.28883
   1157.4   0.28892
   1157.7   0.28878
   1157.9   0.28866
   1158.2   0.28866
   1158.4   0.28872
   1158.7   0.28869
   1158.9   0.28864
   1159.2   0.28858
   1159.5   0.28859
   1159.7   0.28861
   1160.0   0.28858
   1160.2   0.28848
   1160.5   0.28849
   1160.8   0.28851
   1161.0   0.28847
   1161.3   0.28846
   1161.5   0.28846
   1161.8   0.28845
   1162.1   0.28841
   1162.3   0.28836
   1162.6   0.28840
   1162.8   0.28842
   1163.1   0.28840
   1163.4   0.28839
   1163.6   0.28835
   1163.9   0.28831
   1164.2   0.28828
   1164.4   0.28826
   1164.7   0.28822
   1164.9   0.28820
   1165.2   0.28820
   1165.4   0.28815
   1165.7   0.28803
   1166.0   0.28802
   1166.2   0.28811
   1166.5   0.28814
   1166.8   0.28811
   1167.0   0.28801
   1167.3   0.28798
   1167.6   0.28801
   1167.8   0.28799
   1168.1   0.28795
   1168.3   0.28788
   1168.6   0.28788
   1168.9   0.28794
   1169.1   0.28792
   1169.4   0.28782
   1169.7   0.28776
   1169.9   0.28777
   1170.2   0.28777
   1170.4   0.28777
   1170.7   0.28775
   1171.0   0.28772
   1171.3   0.28771
   1171.5   0.28772
   1171.8   0.28772
   1172.0   0.28770
   1172.3   0.28765
   1172.6   0.28766
   1172.8   0.28769
   1173.1   0.28770
   1173.4   0.28765
   1173.6   0.28762
   1173.9   0.28758
   1174.2   0.28755
   1174.4   0.28754
   1174.7   0.28750
   1175.0   0.28747
   1175.2   0.28748
   1175.5   0.28744
   1175.8   0.28736
   1176.0   0.28732
   1176.3   0.28733
   1176.6   0.28733
   1176.8   0.28732
   1177.1   0.28734
   1177.4   0.28731
   1177.6   0.28724
   1177.9   0.28719
   1178.2   0.28724
   1178.4   0.28733
   1178.7   0.28730
   1179.0   0.28726
   1179.2   0.28725
   1179.5   0.28720
   1179.8   0.28720
   1180.0   0.28725
   1180.3   0.28719
   1180.6   0.28709
   1180.8   0.28709
   1181.1   0.28709
   1181.4   0.28713
   1181.7   0.28716
   1181.9   0.28712
   1182.2   0.28710
   1182.5   0.28709
   1182.7   0.28705
   1183.0   0.28700
   1183.3   0.28695
   1183.5   0.28692
   1183.8   0.28695
   1184.1   0.28700
   1184.4   0.28698
   1184.6   0.28692
   1184.9   0.28690
   1185.2   0.28694
   1185.4   0.28692
   1185.7   0.28690
   1186.0   0.28694
   1186.3   0.28698
   1186.5   0.28699
   1186.8   0.28692
   1187.1   0.28688
   1187.3   0.28682
   1187.6   0.28670
   1187.9   0.28673
   1188.2   0.28679
   1188.4   0.28675
   1188.7   0.28673
   1189.0   0.28672
   1189.3   0.28671
   1189.5   0.28662
   1189.8   0.28660
   1190.1   0.28662
   1190.3   0.28664
   1190.6   0.28664
   1190.9   0.28655
   1191.2   0.28652
   1191.4   0.28653
   1191.7   0.28657
   1192.0   0.28655
   1192.3   0.28648
   1192.5   0.28651
   1192.8   0.28654
   1193.1   0.28655
   1193.3   0.28648
   1193.6   0.28647
   1193.9   0.28646
   1194.2   0.28642
   1194.4   0.28641
   1194.7   0.28634
   1195.0   0.28631
   1195.3   0.28634
   1195.6   0.28640
   1195.8   0.28636
   1196.1   0.28626
   1196.4   0.28628
   1196.7   0.28627
   1196.9   0.28629
   1197.2   0.28631
   1197.5   0.28629
   1197.8   0.28624
   1198.0   0.28619
   1198.3   0.28617
   1198.6   0.28621
   1198.9   0.28624
   1199.2   0.28621
   1199.4   0.28618
   1199.7   0.28614
   1200.0   0.28614
   1200.3   0.28618
   1200.5   0.28617
   1200.8   0.28609
   1201.1   0.28607
   1201.4   0.28609
   1201.7   0.28608
   1201.9   0.28602
   1202.2   0.28600
   1202.5   0.28605
   1202.8   0.28606
   1203.0   0.28605
   1203.3   0.28604
   1203.6   0.28601
   1203.9   0.28604
   1204.2   0.28603
   1204.4   0.28595
   1204.7   0.28593
   1205.0   0.28592
   1205.3   0.28589
   1205.6   0.28592
   1205.8   0.28599
   1206.1   0.28595
   1206.4   0.28588
   1206.7   0.28590
   1207.0   0.28588
   1207.2   0.28582
   1207.5   0.28581
   1207.8   0.28586
   1208.1   0.28591
   1208.4   0.28587
   1208.7   0.28578
   1208.9   0.28582
   1209.2   0.28588
   1209.5   0.28586
   1209.8   0.28586
   1210.1   0.28584
   1210.3   0.28584
   1210.6   0.28589
   1210.9   0.28592
   1211.2   0.28579
   1211.5   0.28566
   1211.8   0.28572
   1212.0   0.28575
   1212.3   0.28569
   1212.6   0.28567
   1212.9   0.28570
   1213.2   0.28571
   1213.5   0.28566
   1213.7   0.28560
   1214.0   0.28562
   1214.3   0.28566
   1214.6   0.28568
   1214.9   0.28562
   1215.2   0.28558
   1215.4   0.28557
   1215.7   0.28558
   1216.0   0.28559
   1216.3   0.28560
   1216.6   0.28559
   1216.9   0.28558
   1217.2   0.28556
   1217.4   0.28556
   1217.7   0.28553
   1218.0   0.28554
   1218.3   0.28560
   1218.6   0.28558
   1218.9   0.28554
   1219.2   0.28553
   1219.4   0.28552
   1219.7   0.28552
   1220.0   0.28548
   1220.3   0.28547
   1220.6   0.28552
   1220.9   0.28551
   1221.2   0.28550
   1221.5   0.28551
   1221.8   0.28550
   1222.0   0.28547
   1222.3   0.28542
   1222.6   0.28540
   1222.9   0.28541
   1223.2   0.28538
   1223.5   0.28543
   1223.8   0.28542
   1224.1   0.28539
   1224.3   0.28543
   1224.6   0.28546
   1224.9   0.28547
   1225.2   0.28544
   1225.5   0.28534
   1225.8   0.28531
   1226.1   0.28535
   1226.4   0.28539
   1226.7   0.28544
   1227.0   0.28546
   1227.3   0.28538
   1227.5   0.28534
   1227.8   0.28542
   1228.1   0.28542
   1228.4   0.28538
   1228.7   0.28537
   1229.0   0.28537
   1229.3   0.28533
   1229.6   0.28531
   1229.9   0.28533
   1230.2   0.28530
   1230.4   0.28532
   1230.7   0.28541
   1231.0   0.28537
   1231.3   0.28531
   1231.6   0.28528
   1231.9   0.28530
   1232.2   0.28533
   1232.5   0.28536
   1232.8   0.28536
   1233.1   0.28533
   1233.4   0.28526
   1233.7   0.28528
   1234.0   0.28532
   1234.3   0.28527
   1234.6   0.28529
   1234.8   0.28529
   1235.1   0.28530
   1235.4   0.28524
   1235.7   0.28519
   1236.0   0.28523
   1236.3   0.28525
   1236.6   0.28523
   1236.9   0.28524
   1237.2   0.28523
   1237.5   0.28524
   1237.8   0.28524
   1238.1   0.28524
   1238.4   0.28532
   1238.7   0.28530
   1239.0   0.28523
   1239.3   0.28520
   1239.6   0.28520
   1239.9   0.28524
   1240.2   0.28521
   1240.5   0.28516
   1240.8   0.28515
   1241.1   0.28520
   1241.3   0.28522
   1241.7   0.28522
   1241.9   0.28524
   1242.2   0.28528
   1242.5   0.28525
   1242.8   0.28519
   1243.1   0.28520
   1243.4   0.28526
   1243.7   0.28526
   1244.0   0.28517
   1244.3   0.28512
   1244.6   0.28516
   1244.9   0.28524
   1245.2   0.28526
   1245.5   0.28520
   1245.8   0.28519
   1246.1   0.28524
   1246.4   0.28525
   1246.7   0.28514
   1247.0   0.28517
   1247.3   0.28522
   1247.6   0.28523
   1247.9   0.28523
   1248.2   0.28526
   1248.5   0.28530
   1248.8   0.28523
   1249.1   0.28523
   1249.4   0.28525
   1249.7   0.28523
   1250.0   0.28520
   1250.3   0.28516
   1250.6   0.28519
   1250.9   0.28521
   1251.2   0.28518
   1251.5   0.28517
   1251.8   0.28521
   1252.1   0.28521
   1252.4   0.28517
   1252.8   0.28520
   1253.1   0.28528
   1253.3   0.28533
   1253.7   0.28531
   1254.0   0.28525
   1254.3   0.28523
   1254.6   0.28526
   1254.9   0.28528
   1255.2   0.28527
   1255.5   0.28524
   1255.8   0.28523
   1256.1   0.28528
   1256.4   0.28529
   1256.7   0.28524
   1257.0   0.28523
   1257.3   0.28524
   1257.6   0.28526
   1257.9   0.28532
   1258.2   0.28535
   1258.5   0.28534
   1258.8   0.28532
   1259.1   0.28523
   1259.4   0.28518
   1259.8   0.28523
   1260.1   0.28529
   1260.4   0.28527
   1260.7   0.28528
   1261.0   0.28531
   1261.3   0.28530
   1261.6   0.28529
   1261.9   0.28528
   1262.2   0.28533
   1262.5   0.28536
   1262.8   0.28529
   1263.1   0.28531
   1263.4   0.28535
   1263.7   0.28534
   1264.1   0.28535
   1264.4   0.28537
   1264.7   0.28537
   1265.0   0.28537
   1265.3   0.28536
   1265.6   0.28533
   1265.9   0.28532
   1266.2   0.28537
   1266.5   0.28542
   1266.8   0.28542
   1267.1   0.28541
   1267.4   0.28541
   1267.8   0.28538
   1268.1   0.28537
   1268.4   0.28540
   1268.7   0.28541
   1269.0   0.28541
   1269.3   0.28542
   1269.6   0.28543
   1269.9   0.28544
   1270.2   0.28545
   1270.6   0.28547
   1270.9   0.28545
   1271.2   0.28545
   1271.5   0.28543
   1271.8   0.28542
   1272.1   0.28546
   1272.4   0.28548
   1272.7   0.28547
   1273.1   0.28545
   1273.4   0.28548
   1273.7   0.28552
   1274.0   0.28552
   1274.3   0.28552
   1274.6   0.28555
   1274.9   0.28559
   1275.2   0.28560
   1275.6   0.28557
   1275.9   0.28552
   1276.2   0.28554
   1276.5   0.28556
   1276.8   0.28555
   1277.1   0.28555
   1277.4   0.28551
   1277.8   0.28556
   1278.1   0.28562
   1278.4   0.28562
   1278.7   0.28566
   1279.0   0.28568
   1279.3   0.28568
   1279.7   0.28573
   1280.0   0.28569
   1280.3   0.28564
   1280.6   0.28567
   1280.9   0.28571
   1281.2   0.28568
   1281.6   0.28566
   1281.9   0.28572
   1282.2   0.28572
   1282.5   0.28573
   1282.8   0.28578
   1283.1   0.28580
   1283.4   0.28581
   1283.8   0.28580
   1284.1   0.28579
   1284.4   0.28577
   1284.7   0.28578
   1285.0   0.28583
   1285.4   0.28583
   1285.7   0.28584
   1286.0   0.28589
   1286.3   0.28591
   1286.6   0.28590
   1286.9   0.28589
   1287.3   0.28592
   1287.6   0.28590
   1287.9   0.28590
   1288.2   0.28594
   1288.6   0.28595
   1288.9   0.28594
   1289.2   0.28593
   1289.5   0.28593
   1289.8   0.28592
   1290.2   0.28590
   1290.5   0.28596
   1290.8   0.28595
   1291.1   0.28594
   1291.4   0.28600
   1291.8   0.28604
   1292.1   0.28603
   1292.4   0.28605
   1292.7   0.28605
   1293.1   0.28605
   1293.4   0.28609
   1293.7   0.28614
   1294.0   0.28615
   1294.3   0.28613
   1294.7   0.28606
   1295.0   0.28605
   1295.3   0.28611
   1295.6   0.28614
   1296.0   0.28615
   1296.3   0.28621
   1296.6   0.28623
   1296.9   0.28620
   1297.3   0.28611
   1297.6   0.28608
   1297.9   0.28614
   1298.2   0.28619
   1298.6   0.28625
   1298.9   0.28627
   1299.2   0.28627
   1299.5   0.28626
   1299.9   0.28625
   1300.2   0.28630
   1300.5   0.28634
   1300.8   0.28636
   1301.2   0.28637
   1301.5   0.28637
   1301.8   0.28638
   1302.1   0.28644
   1302.5   0.28642
   1302.8   0.28638
   1303.1   0.28643
   1303.4   0.28648
   1303.8   0.28643
   1304.1   0.28647
   1304.4   0.28654
   1304.8   0.28652
   1305.1   0.28649
   1305.4   0.28647
   1305.8   0.28653
   1306.1   0.28656
   1306.4   0.28653
   1306.7   0.28655
   1307.1   0.28656
   1307.4   0.28659
   1307.7   0.28661
   1308.1   0.28664
   1308.4   0.28664
   1308.7   0.28663
   1309.1   0.28668
   1309.4   0.28670
   1309.7   0.28667
   1310.0   0.28670
   1310.4   0.28673
   1310.7   0.28679
   1311.0   0.28683
   1311.4   0.28684
   1311.7   0.28686
   1312.0   0.28683
   1312.4   0.28685
   1312.7   0.28685
   1313.0   0.28682
   1313.4   0.28680
   1313.7   0.28686
   1314.0   0.28694
   1314.4   0.28694
   1314.7   0.28688
   1315.0   0.28682
   1315.4   0.28686
   1315.7   0.28695
   1316.0   0.28700
   1316.4   0.28703
   1316.7   0.28708
   1317.0   0.28709
   1317.4   0.28707
   1317.7   0.28710
   1318.0   0.28715
   1318.4   0.28722
   1318.7   0.28725
   1319.0   0.28720
   1319.4   0.28715
   1319.7   0.28714
   1320.1   0.28717
   1320.4   0.28716
   1320.7   0.28723
   1321.1   0.28730
   1321.4   0.28729
   1321.7   0.28726
   1322.1   0.28732
   1322.4   0.28737
   1322.7   0.28740
   1323.1   0.28738
   1323.4   0.28733
   1323.8   0.28731
   1324.1   0.28735
   1324.4   0.28741
   1324.8   0.28748
   1325.1   0.28748
   1325.4   0.28747
   1325.8   0.28748
   1326.1   0.28744
   1326.5   0.28751
   1326.8   0.28761
   1327.1   0.28766
   1327.5   0.28764
   1327.8   0.28760
   1328.2   0.28757
   1328.5   0.28762
   1328.8   0.28770
   1329.2   0.28773
   1329.5   0.28772
   1329.9   0.28773
   1330.2   0.28772
   1330.6   0.28776
   1330.9   0.28774
   1331.2   0.28774
   1331.6   0.28778
   1331.9   0.28783
   1332.3   0.28783
   1332.6   0.28777
   1332.9   0.28781
   1333.3   0.28789
   1333.6   0.28786
   1334.0   0.28786
   1334.3   0.28789
   1334.7   0.28786
   1335.0   0.28790
   1335.3   0.28796
   1335.7   0.28803
   1336.0   0.28803
   1336.4   0.28805
   1336.7   0.28807
   1337.1   0.28808
   1337.4   0.28815
   1337.8   0.28819
   1338.1   0.28817
   1338.4   0.28818
   1338.8   0.28820
   1339.1   0.28825
   1339.5   0.28831
   1339.8   0.28836
   1340.2   0.28836
   1340.5   0.28834
   1340.9   0.28834
   1341.2   0.28840
   1341.6   0.28840
   1341.9   0.28841
   1342.3   0.28840
   1342.6   0.28843
   1342.9   0.28849
   1343.3   0.28851
   1343.7   0.28855
   1344.0   0.28857
   1344.3   0.28858
   1344.7   0.28860
   1345.0   0.28859
   1345.4   0.28859
   1345.7   0.28862
   1346.1   0.28858
   1346.4   0.28860
   1346.8   0.28863
   1347.1   0.28864
   1347.5   0.28866
   1347.8   0.28873
   1348.2   0.28878
   1348.5   0.28876
   1348.9   0.28881
   1349.3   0.28889
   1349.6   0.28892
   1349.9   0.28890
   1350.3   0.28893
   1350.7   0.28893
   1351.0   0.28887
   1351.3   0.28890
   1351.7   0.28902
   1352.1   0.28905
   1352.4   0.28905
   1352.8   0.28907
   1353.1   0.28908
   1353.5   0.28912
   1353.8   0.28913
   1354.2   0.28914
   1354.5   0.28916
   1354.9   0.28920
   1355.2   0.28920
   1355.6   0.28922
   1355.9   0.28924
   1356.3   0.28926
   1356.7   0.28932
   1357.0   0.28933
   1357.4   0.28931
   1357.7   0.28933
   1358.1   0.28938
   1358.4   0.28943
   1358.8   0.28944
   1359.2   0.28952
   1359.5   0.28958
   1359.9   0.28954
   1360.2   0.28954
   1360.6   0.28957
   1360.9   0.28960
   1361.3   0.28960
   1361.7   0.28965
   1362.0   0.28969
   1362.4   0.28967
   1362.7   0.28967
   1363.1   0.28975
   1363.4   0.28982
   1363.8   0.28982
   1364.2   0.28983
   1364.5   0.28986
   1364.9   0.28986
   1365.2   0.28989
   1365.6   0.28991
   1365.9   0.28990
   1366.3   0.28988
   1366.7   0.28992
   1367.0   0.29004
   1367.4   0.29010
   1367.8   0.29009
   1368.1   0.29008
   1368.5   0.29009
   1368.8   0.29007
   1369.2   0.29006
   1369.6   0.29012
   1369.9   0.29016
   1370.3   0.29019
   1370.7   0.29024
   1371.0   0.29027
   1371.4   0.29025
   1371.7   0.29026
   1372.1   0.29032
   1372.5   0.29039
   1372.8   0.29038
   1373.2   0.29038
   1373.6   0.29044
   1373.9   0.29048
   1374.3   0.29047
   1374.6   0.29050
   1375.0   0.29052
   1375.4   0.29053
   1375.7   0.29058
   1376.1   0.29065
   1376.5   0.29068
   1376.8   0.29067
   1377.2   0.29066
   1377.6   0.29066
   1377.9   0.29068
   1378.3   0.29073
   1378.7   0.29077
   1379.0   0.29078
   1379.4   0.29083
   1379.8   0.29091
   1380.1   0.29095
   1380.5   0.29098
   1380.9   0.29097
   1381.2   0.29092
   1381.6   0.29087
   1382.0   0.29093
   1382.3   0.29105
   1382.7   0.29112
   1383.1   0.29107
   1383.4   0.29108
   1383.8   0.29112
   1384.2   0.29116
   1384.6   0.29121
   1384.9   0.29123
   1385.3   0.29121
   1385.7   0.29125
   1386.0   0.29130
   1386.4   0.29136
   1386.8   0.29139
   1387.2   0.29139
   1387.5   0.29142
   1387.9   0.29146
   1388.3   0.29148
   1388.6   0.29151
   1389.0   0.29155
   1389.4   0.29159
   1389.8   0.29159
   1390.1   0.29160
   1390.5   0.29168
   1390.9   0.29175
   1391.2   0.29175
   1391.6   0.29175
   1392.0   0.29179
   1392.4   0.29182
   1392.7   0.29182
   1393.1   0.29184
   1393.5   0.29184
   1393.9   0.29189
   1394.2   0.29197
   1394.6   0.29198
   1395.0   0.29198
   1395.4   0.29200
   1395.7   0.29201
   1396.1   0.29205
   1396.5   0.29209
   1396.9   0.29209
   1397.2   0.29216
   1397.6   0.29219
   1398.0   0.29222
   1398.4   0.29223
   1398.8   0.29222
   1399.1   0.29224
   1399.5   0.29231
   1399.9   0.29240
   1400.3   0.29242
   1400.6   0.29243
   1401.0   0.29244
   1401.4   0.29245
   1401.8   0.29248
   1402.2   0.29253
   1402.5   0.29262
   1402.9   0.29266
   1403.3   0.29266
   1403.7   0.29269
   1404.1   0.29271
   1404.4   0.29271
   1404.8   0.29271
   1405.2   0.29269
   1405.6   0.29270
   1406.0   0.29277
   1406.3   0.29283
   1406.7   0.29285
   1407.1   0.29289
   1407.5   0.29291
   1407.9   0.29296
   1408.3   0.29302
   1408.6   0.29303
   1409.0   0.29307
   1409.4   0.29311
   1409.8   0.29311
   1410.2   0.29312
   1410.6   0.29314
   1410.9   0.29318
   1411.3   0.29323
   1411.7   0.29323
   1412.1   0.29327
   1412.5   0.29334
   1412.8   0.29334
   1413.2   0.29338
   1413.6   0.29339
   1414.0   0.29340
   1414.4   0.29347
   1414.8   0.29350
   1415.2   0.29349
   1415.6   0.29351
   1415.9   0.29359
   1416.3   0.29363
   1416.7   0.29363
   1417.1   0.29370
   1417.5   0.29375
   1417.9   0.29376
   1418.3   0.29383
   1418.7   0.29384
   1419.0   0.29382
   1419.4   0.29385
   1419.8   0.29389
   1420.2   0.29393
   1420.6   0.29395
   1421.0   0.29399
   1421.4   0.29406
   1421.8   0.29407
   1422.2   0.29408
   1422.5   0.29409
   1422.9   0.29414
   1423.3   0.29419
   1423.7   0.29422
   1424.1   0.29427
   1424.5   0.29431
   1424.9   0.29437
   1425.3   0.29438
   1425.7   0.29438
   1426.1   0.29443
   1426.5   0.29446
   1426.8   0.29448
   1427.2   0.29451
   1427.6   0.29459
   1428.0   0.29461
   1428.4   0.29461
   1428.8   0.29464
   1429.2   0.29467
   1429.6   0.29470
   1430.0   0.29475
   1430.4   0.29476
   1430.8   0.29478
   1431.2   0.29483
   1431.6   0.29491
   1432.0   0.29495
   1432.4   0.29493
   1432.8   0.29492
   1433.2   0.29495
   1433.6   0.29503
   1433.9   0.29511
   1434.3   0.29513
   1434.8   0.29511
   1435.1   0.29510
   1435.5   0.29515
   1435.9   0.29523
   1436.3   0.29528
   1436.7   0.29530
   1437.1   0.29531
   1437.5   0.29531
   1437.9   0.29534
   1438.3   0.29543
   1438.7   0.29549
   1439.1   0.29549
   1439.5   0.29550
   1439.9   0.29550
   1440.3   0.29552
   1440.7   0.29557
   1441.1   0.29559
   1441.5   0.29561
   1441.9   0.29563
   1442.3   0.29565
   1442.7   0.29572
   1443.1   0.29580
   1443.5   0.29583
   1443.9   0.29583
   1444.3   0.29586
   1444.7   0.29588
   1445.1   0.29592
   1445.6   0.29597
   1445.9   0.29597
   1446.3   0.29604
   1446.8   0.29610
   1447.2   0.29612
   1447.6   0.29609
   1448.0   0.29611
   1448.4   0.29620
   1448.8   0.29623
   1449.2   0.29624
   1449.6   0.29626
   1450.0   0.29631
   1450.4   0.29635
   1450.8   0.29638
   1451.2   0.29641
   1451.6   0.29643
   1452.0   0.29646
   1452.4   0.29651
   1452.8   0.29653
   1453.2   0.29657
   1453.7   0.29662
   1454.1   0.29662
   1454.5   0.29663
   1454.9   0.29672
   1455.3   0.29677
   1455.7   0.29674
   1456.1   0.29677
   1456.5   0.29685
   1456.9   0.29692
   1457.3   0.29694
   1457.7   0.29693
   1458.2   0.29695
   1458.6   0.29700
   1459.0   0.29705
   1459.4   0.29709
   1459.8   0.29713
   1460.2   0.29713
   1460.6   0.29719
   1461.0   0.29723
   1461.4   0.29726
   1461.8   0.29727
   1462.3   0.29730
   1462.7   0.29735
   1463.1   0.29739
   1463.5   0.29743
   1463.9   0.29745
   1464.3   0.29746
   1464.7   0.29751
   1465.2   0.29756
   1465.6   0.29758
   1466.0   0.29757
   1466.4   0.29763
   1466.8   0.29764
   1467.2   0.29764
   1467.6   0.29769
   1468.1   0.29774
   1468.5   0.29778
   1468.9   0.29783
   1469.3   0.29783
   1469.7   0.29783
   1470.1   0.29790
   1470.6   0.29793
   1471.0   0.29796
   1471.4   0.29800
   1471.8   0.29803
   1472.2   0.29809
   1472.6   0.29815
   1473.1   0.29816
   1473.5   0.29819
   1473.9   0.29820
   1474.3   0.29827
   1474.7   0.29831
   1475.2   0.29833
   1475.6   0.29838
   1476.0   0.29840
   1476.4   0.29841
   1476.8   0.29841
   1477.3   0.29843
   1477.7   0.29849
   1478.1   0.29850
   1478.5   0.29851
   1478.9   0.29855
   1479.4   0.29858
   1479.8   0.29863
   1480.2   0.29869
   1480.6   0.29873
   1481.1   0.29872
   1481.5   0.29872
   1481.9   0.29878
   1482.3   0.29881
   1482.8   0.29881
   1483.2   0.29885
   1483.6   0.29892
   1484.0   0.29894
   1484.4   0.29895
   1484.9   0.29903
   1485.3   0.29908
   1485.7   0.29907
   1486.2   0.29908
   1486.6   0.29912
   1487.0   0.29913
   1487.4   0.29913
   1487.9   0.29916
   1488.3   0.29920
   1488.7   0.29924
   1489.1   0.29930
   1489.6   0.29932
   1490.0   0.29933
   1490.4   0.29935
   1490.8   0.29940
   1491.3   0.29945
   1491.7   0.29945
   1492.1   0.29947
   1492.6   0.29952
   1493.0   0.29957
   1493.4   0.29963
   1493.9   0.29964
   1494.3   0.29963
   1494.7   0.29966
   1495.2   0.29972
   1495.6   0.29974
   1496.0   0.29974
   1496.4   0.29976
   1496.9   0.29981
   1497.3   0.29986
   1497.7   0.29988
   1498.2   0.29989
   1498.6   0.29992
   1499.0   0.29998
   1499.5   0.30000
   1499.9   0.30001
   1500.3   0.30003
   1500.8   0.30004
   1501.2   0.30007
   1501.7   0.30008
   1502.1   0.30014
   1502.5   0.30022
   1502.9   0.30026
   1503.4   0.30032
   1503.8   0.30034
   1504.3   0.30032
   1504.7   0.30033
   1505.1   0.30037
   1505.6   0.30041
   1506.0   0.30042
   1506.4   0.30046
   1506.9   0.30050
   1507.3   0.30053
   1507.8   0.30057
   1508.2   0.30060
   1508.6   0.30063
   1509.1   0.30067
   1509.5   0.30069
   1510.0   0.30070
   1510.4   0.30073
   1510.8   0.30076
   1511.3   0.30078
   1511.7   0.30079
   1512.2   0.30080
   1512.6   0.30083
   1513.0   0.30090
   1513.5   0.30094
   1513.9   0.30096
   1514.4   0.30100
   1514.8   0.30101
   1515.3   0.30104
   1515.7   0.30108
   1516.1   0.30112
   1516.6   0.30113
   1517.0   0.30114
   1517.5   0.30116
   1517.9   0.30117
   1518.4   0.30120
   1518.8   0.30126
   1519.3   0.30130
   1519.7   0.30132
   1520.1   0.30134
   1520.6   0.30137
   1521.0   0.30138
   1521.5   0.30141
   1521.9   0.30144
   1522.4   0.30144
   1522.8   0.30144
   1523.3   0.30145
   1523.7   0.30147
   1524.2   0.30151
   1524.6   0.30155
   1525.1   0.30156
   1525.5   0.30160
   1525.9   0.30166
   1526.4   0.30170
   1526.8   0.30174
   1527.3   0.30176
   1527.8   0.30173
   1528.2   0.30172
   1528.7   0.30176
   1529.1   0.30180
   1529.6   0.30182
   1530.0   0.30183
   1530.5   0.30186
   1530.9   0.30190
   1531.4   0.30191
   1531.8   0.30197
   1532.3   0.30199
   1532.7   0.30197
   1533.2   0.30201
   1533.6   0.30205
   1534.1   0.30204
   1534.5   0.30206
   1535.0   0.30212
   1535.4   0.30213
   1535.9   0.30214
   1536.3   0.30217
   1536.8   0.30214
   1537.3   0.30215
   1537.7   0.30224
   1538.2   0.30228
   1538.6   0.30229
   1539.1   0.30229
   1539.6   0.30229
   1540.0   0.30231
   1540.5   0.30232
   1540.9   0.30233
   1541.4   0.30234
   1541.8   0.30235
   1542.3   0.30240
   1542.8   0.30243
   1543.2   0.30245
   1543.7   0.30247
   1544.1   0.30249
   1544.6   0.30253
   1545.1   0.30257
   1545.5   0.30257
   1546.0   0.30259
   1546.4   0.30258
   1546.9   0.30257
   1547.4   0.30260
   1547.8   0.30262
   1548.3   0.30266
   1548.8   0.30270
   1549.2   0.30268
   1549.7   0.30270
   1550.1   0.30275
   1550.6   0.30279
   1551.1   0.30279
   1551.5   0.30280
   1552.0   0.30282
   1552.4   0.30283
   1552.9   0.30281
   1553.4   0.30285
   1553.8   0.30290
   1554.3   0.30291
   1554.8   0.30292
   1555.3   0.30295
   1555.7   0.30298
   1556.2   0.30300
   1556.7   0.30300
   1557.1   0.30304
   1557.6   0.30304
   1558.1   0.30303
   1558.5   0.30305
   1559.0   0.30309
   1559.5   0.30313
   1559.9   0.30315
   1560.4   0.30314
   1560.9   0.30313
   1561.3   0.30316
   1561.8   0.30323
   1562.3   0.30326
   1562.8   0.30325
   1563.2   0.30327
   1563.7   0.30331
   1564.2   0.30331
   1564.6   0.30330
   1565.1   0.30336
   1565.6   0.30340
   1566.1   0.30341
   1566.5   0.30346
   1567.0   0.30342
   1567.5   0.30339
   1567.9   0.30343
   1568.4   0.30343
   1568.9   0.30343
   1569.4   0.30347
   1569.8   0.30349
   1570.3   0.30350
   1570.8   0.30352
   1571.3   0.30354
   1571.8   0.30358
   1572.2   0.30359
   1572.7   0.30359
   1573.2   0.30361
   1573.7   0.30364
   1574.1   0.30366
   1574.6   0.30364
   1575.1   0.30364
   1575.6   0.30367
   1576.1   0.30369
   1576.5   0.30373
   1577.0   0.30373
   1577.5   0.30373
   1578.0   0.30372
   1578.4   0.30373
   1578.9   0.30376
   1579.4   0.30379
   1579.9   0.30382
   1580.4   0.30380
   1580.9   0.30377
   1581.3   0.30380
   1581.8   0.30387
   1582.3   0.30388
   1582.8   0.30386
   1583.3   0.30383
   1583.8   0.30386
   1584.2   0.30388
   1584.7   0.30386
   1585.2   0.30386
   1585.7   0.30386
   1586.2   0.30389
   1586.7   0.30393
   1587.2   0.30399
   1587.6   0.30402
   1588.1   0.30399
   1588.6   0.30400
   1589.1   0.30402
   1589.6   0.30400
   1590.1   0.30404
   1590.6   0.30404
   1591.0   0.30404
   1591.5   0.30406
   1592.0   0.30409
   1592.5   0.30409
   1593.0   0.30407
   1593.5   0.30407
   1594.0   0.30409
   1594.5   0.30412
   1595.0   0.30417
   1595.4   0.30417
   1595.9   0.30415
   1596.4   0.30413
   1596.9   0.30415
   1597.4   0.30421
   1597.9   0.30422
   1598.4   0.30418
   1598.9   0.30418
   1599.4   0.30425
   1599.9   0.30425
   1600.4   0.30420
   1600.9   0.30417
   1601.4   0.30421
   1601.9   0.30425
   1602.3   0.30429
   1602.8   0.30431
   1603.3   0.30427
   1603.8   0.30424
   1604.3   0.30428
   1604.8   0.30430
   1605.3   0.30432
   1605.8   0.30432
   1606.3   0.30432
   1606.8   0.30431
   1607.3   0.30430
   1607.8   0.30430
   1608.3   0.30433
   1608.8   0.30436
   1609.3   0.30438
   1609.8   0.30436
   1610.3   0.30437
   1610.8   0.30441
   1611.3   0.30444
   1611.8   0.30446
   1612.3   0.30449
   1612.8   0.30448
   1613.3   0.30446
   1613.8   0.30446
   1614.3   0.30444
   1614.8   0.30445
   1615.3   0.30451
   1615.8   0.30448
   1616.3   0.30448
   1616.8   0.30449
   1617.3   0.30449
   1617.8   0.30449
   1618.4   0.30451
   1618.9   0.30451
   1619.4   0.30449
   1619.9   0.30450
   1620.4   0.30454
   1620.9   0.30452
   1621.4   0.30451
   1621.9   0.30454
   1622.4   0.30455
   1622.9   0.30457
   1623.4   0.30461
   1623.9   0.30463
   1624.4   0.30461
   1624.9   0.30458
   1625.5   0.30463
   1626.0   0.30465
   1626.5   0.30463
   1627.0   0.30462
   1627.5   0.30463
   1628.0   0.30462
   1628.5   0.30462
   1629.0   0.30462
   1629.6   0.30462
   1630.1   0.30464
   1630.6   0.30464
   1631.1   0.30465
   1631.6   0.30466
   1632.1   0.30466
   1632.6   0.30464
   1633.1   0.30461
   1633.7   0.30464
   1634.2   0.30468
   1634.7   0.30465
   1635.2   0.30464
   1635.7   0.30466
   1636.2   0.30467
   1636.8   0.30469
   1637.3   0.30471
   1637.8   0.30472
   1638.3   0.30467
   1638.8   0.30464
   1639.3   0.30466
   1639.8   0.30468
   1640.4   0.30469
   1640.9   0.30469
   1641.4   0.30469
   1641.9   0.30471
   1642.4   0.30468
   1643.0   0.30465
   1643.5   0.30468
   1644.0   0.30472
   1644.5   0.30472
   1645.1   0.30471
   1645.6   0.30470
   1646.1   0.30468
   1646.6   0.30468
   1647.2   0.30472
   1647.7   0.30472
   1648.2   0.30471
   1648.7   0.30473
   1649.2   0.30473
   1649.8   0.30473
   1650.3   0.30477
   1650.8   0.30476
   1651.3   0.30473
   1651.9   0.30470
   1652.4   0.30470
   1652.9   0.30472
   1653.4   0.30474
   1654.0   0.30474
   1654.5   0.30474
   1655.0   0.30476
   1655.6   0.30478
   1656.1   0.30478
   1656.6   0.30478
   1657.2   0.30476
   1657.7   0.30476
   1658.2   0.30478
   1658.7   0.30478
   1659.3   0.30478
   1659.8   0.30477
   1660.3   0.30477
   1660.9   0.30478
   1661.4   0.30481
   1661.9   0.30483
   1662.5   0.30485
   1663.0   0.30485
   1663.5   0.30486
   1664.1   0.30484
   1664.6   0.30483
   1665.1   0.30483
   1665.7   0.30482
   1666.2   0.30482
   1666.7   0.30485
   1667.3   0.30490
   1667.8   0.30491
   1668.3   0.30491
   1668.9   0.30490
   1669.4   0.30487
   1670.0   0.30483
   1670.5   0.30484
   1671.0   0.30484
   1671.6   0.30486
   1672.1   0.30490
   1672.7   0.30491
   1673.2   0.30492
   1673.7   0.30493
   1674.3   0.30491
   1674.8   0.30491
   1675.4   0.30490
   1675.9   0.30489
   1676.4   0.30488
   1677.0   0.30489
   1677.5   0.30492
   1678.1   0.30493
   1678.6   0.30492
   1679.2   0.30494
   1679.7   0.30495
   1680.2   0.30495
   1680.8   0.30496
   1681.3   0.30495
   1681.9   0.30493
   1682.4   0.30496
   1683.0   0.30498
   1683.5   0.30500
   1684.1   0.30500
   1684.6   0.30498
   1685.2   0.30497
   1685.7   0.30497
   1686.3   0.30496
   1686.8   0.30497
   1687.3   0.30494
   1687.9   0.30493
   1688.4   0.30497
   1689.0   0.30498
   1689.6   0.30497
   1690.1   0.30500
   1690.7   0.30502
   1691.2   0.30501
   1691.8   0.30501
   1692.3   0.30503
   1692.9   0.30500
   1693.4   0.30495
   1694.0   0.30499
   1694.5   0.30504
   1695.1   0.30505
   1695.6   0.30501
   1696.2   0.30500
   1696.7   0.30501
   1697.3   0.30501
   1697.8   0.30503
   1698.4   0.30506
   1699.0   0.30505
   1699.5   0.30502
   1700.1   0.30501
   1700.6   0.30501
   1701.2   0.30501
   1701.8   0.30500
   1702.3   0.30504
   1702.9   0.30504
   1703.4   0.30504
   1704.0   0.30505
   1704.6   0.30505
   1705.1   0.30505
   1705.7   0.30503
   1706.2   0.30503
   1706.8   0.30505
   1707.4   0.30506
   1707.9   0.30505
   1708.5   0.30509
   1709.0   0.30509
   1709.6   0.30507
   1710.2   0.30506
   1710.7   0.30505
   1711.3   0.30508
   1711.9   0.30510
   1712.4   0.30508
   1713.0   0.30505
   1713.6   0.30506
   1714.1   0.30508
   1714.7   0.30510
   1715.3   0.30510
   1715.8   0.30511
   1716.4   0.30512
   1717.0   0.30514
   1717.5   0.30512
   1718.1   0.30508
   1718.7   0.30510
   1719.2   0.30516
   1719.8   0.30517
   1720.4   0.30516
   1721.0   0.30518
   1721.5   0.30521
   1722.1   0.30521
   1722.7   0.30521
   1723.2   0.30520
   1723.8   0.30518
   1724.4   0.30517
   1725.0   0.30517
   1725.5   0.30518
   1726.1   0.30518
   1726.7   0.30519
   1727.3   0.30521
   1727.8   0.30522
   1728.4   0.30523
   1729.0   0.30521
   1729.6   0.30520
   1730.1   0.30522
   1730.7   0.30525
   1731.3   0.30526
   1731.9   0.30525
   1732.5   0.30525
   1733.0   0.30525
   1733.6   0.30525
   1734.2   0.30529
   1734.8   0.30531
   1735.4   0.30532
   1735.9   0.30533
   1736.5   0.30531
   1737.1   0.30529
   1737.7   0.30531
   1738.3   0.30535
   1738.8   0.30536
   1739.4   0.30536
   1740.0   0.30535
   1740.6   0.30536
   1741.2   0.30538
   1741.8   0.30536
   1742.3   0.30537
   1742.9   0.30539
   1743.5   0.30540
   1744.1   0.30542
   1744.7   0.30544
   1745.3   0.30545
   1745.9   0.30542
   1746.5   0.30541
   1747.1   0.30543
   1747.6   0.30545
   1748.2   0.30544
   1748.8   0.30544
   1749.4   0.30545
   1750.0   0.30542
   1750.6   0.30542
   1751.2   0.30545
   1751.8   0.30548
   1752.4   0.30548
   1753.0   0.30549
   1753.6   0.30548
   1754.1   0.30547
   1754.7   0.30548
   1755.3   0.30547
   1755.9   0.30548
   1756.5   0.30551
   1757.1   0.30552
   1757.7   0.30552
   1758.3   0.30553
   1758.9   0.30554
   1759.5   0.30554
   1760.1   0.30556
   1760.7   0.30559
   1761.3   0.30561
   1761.9   0.30557
   1762.5   0.30556
   1763.1   0.30558
   1763.7   0.30558
   1764.3   0.30561
   1764.9   0.30562
   1765.5   0.30558
   1766.1   0.30557
   1766.7   0.30559
   1767.3   0.30563
   1767.9   0.30565
   1768.5   0.30560
   1769.1   0.30559
   1769.7   0.30562
   1770.3   0.30566
   1770.9   0.30566
   1771.5   0.30566
   1772.1   0.30570
   1772.7   0.30569
   1773.3   0.30567
   1773.9   0.30567
   1774.6   0.30567
   1775.2   0.30570
   1775.8   0.30572
   1776.4   0.30572
   1777.0   0.30575
   1777.6   0.30577
   1778.2   0.30577
   1778.8   0.30577
   1779.4   0.30576
   1780.0   0.30578
   1780.7   0.30580
   1781.3   0.30577
   1781.9   0.30577
   1782.5   0.30577
   1783.1   0.30579
   1783.7   0.30582
   1784.3   0.30582
   1784.9   0.30585
   1785.6   0.30587
   1786.2   0.30587
   1786.8   0.30587
   1787.4   0.30588
   1788.0   0.30588
   1788.6   0.30585
   1789.3   0.30585
   1789.9   0.30590
   1790.5   0.30596
   1791.1   0.30597
   1791.7   0.30595
   1792.3   0.30593
   1793.0   0.30595
   1793.6   0.30595
   1794.2   0.30595
   1794.8   0.30596
   1795.4   0.30597
   1796.1   0.30600
   1796.7   0.30602
   1797.3   0.30603
   1797.9   0.30605
   1798.6   0.30602
   1799.2   0.30598
   1799.8   0.30599
   1800.4   0.30602
   1801.1   0.30604
   1801.7   0.30607
   1802.3   0.30608
   1802.9   0.30606
   1803.6   0.30604
   1804.2   0.30608
   1804.8   0.30610
   1805.4   0.30609
   1806.1   0.30610
   1806.7   0.30611
   1807.3   0.30614
   1808.0   0.30616
   1808.6   0.30617
   1809.2   0.30616
   1809.9   0.30614
   1810.5   0.30614
   1811.1   0.30615
   1811.8   0.30618
   1812.4   0.30619
   1813.0   0.30618
   1813.7   0.30619
   1814.3   0.30621
   1814.9   0.30620
   1815.6   0.30621
   1816.2   0.30622
   1816.8   0.30623
   1817.5   0.30623
   1818.1   0.30620
   1818.8   0.30619
   1819.4   0.30620
   1820.0   0.30625
   1820.7   0.30625
   1821.3   0.30623
   1821.9   0.30624
   1822.6   0.30626
   1823.2   0.30628
   1823.9   0.30628
   1824.5   0.30627
   1825.2   0.30625
   1825.8   0.30630
   1826.4   0.30630
   1827.1   0.30627
   1827.7   0.30632
   1828.4   0.30636
   1829.0   0.30635
   1829.7   0.30636
   1830.3   0.30634
   1831.0   0.30630
   1831.6   0.30632
   1832.3   0.30637
   1832.9   0.30639
   1833.6   0.30640
   1834.2   0.30640
   1834.8   0.30640
   1835.5   0.30639
   1836.1   0.30640
   1836.8   0.30639
   1837.4   0.30639
   1838.1   0.30638
   1838.8   0.30640
   1839.4   0.30646
   1840.1   0.30645
   1840.7   0.30645
   1841.4   0.30648
   1842.0   0.30645
   1842.7   0.30643
   1843.3   0.30650
   1844.0   0.30651
   1844.6   0.30651
   1845.3   0.30652
   1845.9   0.30655
   1846.6   0.30657
   1847.3   0.30651
   1847.9   0.30648
   1848.6   0.30652
   1849.2   0.30653
   1849.9   0.30657
   1850.6   0.30660
   1851.2   0.30660
   1851.9   0.30662
   1852.6   0.30662
   1853.2   0.30660
   1853.9   0.30662
   1854.5   0.30660
   1855.2   0.30663
   1855.9   0.30668
   1856.5   0.30669
   1857.2   0.30667
   1857.9   0.30668
   1858.5   0.30669
   1859.2   0.30671
   1859.9   0.30669
   1860.5   0.30667
   1861.2   0.30672
   1861.9   0.30674
   1862.5   0.30677
   1863.2   0.30679
   1863.9   0.30679
   1864.5   0.30678
   1865.2   0.30678
   1865.9   0.30679
   1866.6   0.30682
   1867.2   0.30687
   1867.9   0.30684
   1868.6   0.30675
   1869.2   0.30681
   1869.9   0.30687
   1870.6   0.30685
   1871.3   0.30683
   1871.9   0.30683
   1872.6   0.30690
   1873.3   0.30686
   1874.0   0.30681
   1874.7   0.30687
   1875.3   0.30691
   1876.0   0.30692
   1876.7   0.30694
   1877.4   0.30691
   1878.0   0.30691
   1878.7   0.30696
   1879.4   0.30698
   1880.1   0.30700
   1880.8   0.30702
   1881.4   0.30703
   1882.1   0.30703
   1882.8   0.30702
   1883.5   0.30702
   1884.2   0.30701
   1884.9   0.30698
   1885.6   0.30700
   1886.2   0.30702
   1886.9   0.30703
   1887.6   0.30703
   1888.3   0.30703
   1889.0   0.30703
   1889.7   0.30706
   1890.4   0.30705
   1891.1   0.30700
   1891.8   0.30701
   1892.4   0.30705
   1893.1   0.30707
   1893.8   0.30709
   1894.5   0.30708
   1895.2   0.30708
   1895.9   0.30709
   1896.6   0.30710
   1897.3   0.30707
   1898.0   0.30708
   1898.7   0.30710
   1899.4   0.30709
   1900.1   0.30708
   1900.8   0.30709
   1901.5   0.30708
   1902.2   0.30710
   1902.9   0.30710
   1903.6   0.30707
   1904.3   0.30709
   1905.0   0.30712
   1905.7   0.30708
   1906.4   0.30707
   1907.1   0.30709
   1907.8   0.30711
   1908.5   0.30717
   1909.2   0.30716
   1909.9   0.30714
   1910.6   0.30716
   1911.3   0.30716
   1912.0   0.30715
   1912.7   0.30716
   1913.4   0.30717
   1914.1   0.30713
   1914.8   0.30715
   1915.5   0.30717
   1916.2   0.30716
   1916.9   0.30714
   1917.6   0.30716
   1918.3   0.30719
   1919.1   0.30722
   1919.8   0.30721
   1920.5   0.30718
   1921.2   0.30713
   1921.9   0.30718
   1922.6   0.30727
   1923.3   0.30727
   1924.0   0.30726
   1924.8   0.30725
   1925.5   0.30723
   1926.2   0.30725
   1926.9   0.30729
   1927.6   0.30730
   1928.3   0.30727
   1929.1   0.30725
   1929.8   0.30725
   1930.5   0.30727
   1931.2   0.30728
   1931.9   0.30731
   1932.7   0.30731
   1933.4   0.30732
   1934.1   0.30735
   1934.8   0.30736
   1935.5   0.30739
   1936.3   0.30740
   1937.0   0.30740
   1937.7   0.30741
   1938.4   0.30743
   1939.2   0.30746
   1939.9   0.30742
   1940.6   0.30738
   1941.3   0.30742
   1942.1   0.30750
   1942.8   0.30750
   1943.5   0.30749
   1944.2   0.30750
   1945.0   0.30750
   1945.7   0.30749
   1946.4   0.30751
   1947.2   0.30754
   1947.9   0.30756
   1948.6   0.30757
   1949.4   0.30757
   1950.1   0.30756
   1950.8   0.30756
   1951.6   0.30760
   1952.3   0.30762
   1953.0   0.30760
   1953.8   0.30760
   1954.5   0.30762
   1955.2   0.30761
   1956.0   0.30760
   1956.7   0.30762
   1957.5   0.30764
   1958.2   0.30764
   1958.9   0.30766
   1959.7   0.30769
   1960.4   0.30771
   1961.2   0.30770
   1961.9   0.30771
   1962.6   0.30773
   1963.4   0.30773
   1964.1   0.30773
   1964.9   0.30771
   1965.6   0.30772
   1966.4   0.30775
   1967.1   0.30777
   1967.9   0.30778
   1968.6   0.30777
   1969.3   0.30774
   1970.1   0.30778
   1970.8   0.30783
   1971.6   0.30782
   1972.3   0.30780
   1973.1   0.30781
   1973.8   0.30781
   1974.6   0.30783
   1975.3   0.30785
   1976.1   0.30786
   1976.9   0.30787
   1977.6   0.30788
   1978.4   0.30788
   1979.1   0.30789
   1979.9   0.30788
   1980.6   0.30790
   1981.4   0.30794
   1982.2   0.30795
   1982.9   0.30794
   1983.7   0.30792
   1984.4   0.30792
   1985.2   0.30792
   1985.9   0.30793
   1986.7   0.30797
   1987.5   0.30798
   1988.2   0.30797
   1989.0   0.30796
   1989.8   0.30797
   1990.5   0.30799
   1991.3   0.30801
   1992.1   0.30800
   1992.8   0.30802
   1993.6   0.30804
   1994.3   0.30802
   1995.1   0.30802
   1995.9   0.30806
   1996.7   0.30811
   1997.4   0.30813
   1998.2   0.30810
   1999.0   0.30808
   1999.7   0.30809
   2000.5   0.30812
   2001.3   0.30815
   2002.1   0.30814
   2002.8   0.30812
   2003.6   0.30812
   2004.4   0.30814
   2005.2   0.30815
   2005.9   0.30816
   2006.7   0.30815
   2007.5   0.30816
   2008.3   0.30821
   2009.0   0.30823
   2009.8   0.30826
   2010.6   0.30824
   2011.4   0.30821
   2012.2   0.30824
   2012.9   0.30829
   2013.7   0.30829
   2014.5   0.30828
   2015.3   0.30829
   2016.1   0.30833
   2016.8   0.30837
   2017.6   0.30834
   2018.4   0.30831
   2019.2   0.30835
   2020.0   0.30841
   2020.8   0.30843
   2021.6   0.30843
   2022.3   0.30842
   2023.1   0.30843
   2023.9   0.30845
   2024.7   0.30846
   2025.5   0.30847
   2026.3   0.30848
   2027.1   0.30850
   2027.9   0.30852
   2028.7   0.30854
   2029.5   0.30853
   2030.3   0.30852
   2031.1   0.30855
   2031.9   0.30858
   2032.7   0.30859
   2033.5   0.30860
   2034.3   0.30860
   2035.1   0.30864
   2035.8   0.30867
   2036.7   0.30871
   2037.4   0.30870
   2038.3   0.30868
   2039.1   0.30868
   2039.9   0.30870
   2040.7   0.30870
   2041.5   0.30872
   2042.3   0.30872
   2043.1   0.30875
   2043.9   0.30880
   2044.7   0.30881
   2045.5   0.30879
   2046.3   0.30881
   2047.1   0.30884
   2047.9   0.30884
   2048.7   0.30885
   2049.5   0.30887
   2050.4   0.30887
   2051.2   0.30887
   2052.0   0.30890
   2052.8   0.30891
   2053.6   0.30890
   2054.4   0.30893
   2055.2   0.30897
   2056.0   0.30896
   2056.9   0.30894
   2057.7   0.30894
   2058.5   0.30894
   2059.3   0.30896
   2060.1   0.30901
   2060.9   0.30903
   2061.8   0.30901
   2062.6   0.30901
   2063.4   0.30902
   2064.2   0.30902
   2065.1   0.30902
   2065.9   0.30903
   2066.7   0.30906
   2067.5   0.30906
   2068.3   0.30909
   2069.2   0.30912
   2070.0   0.30913
   2070.8   0.30914
   2071.6   0.30910
   2072.5   0.30908
   2073.3   0.30910
   2074.1   0.30913
   2075.0   0.30917
   2075.8   0.30918
   2076.6   0.30917
   2077.5   0.30919
   2078.3   0.30920
   2079.1   0.30920
   2080.0   0.30919
   2080.8   0.30921
   2081.6   0.30925
   2082.5   0.30926
   2083.3   0.30926
   2084.1   0.30926
   2085.0   0.30928
   2085.8   0.30931
   2086.6   0.30933
   2087.5   0.30935
   2088.3   0.30933
   2089.2   0.30936
   2090.0   0.30942
   2090.9   0.30942
   2091.7   0.30941
   2092.6   0.30939
   2093.4   0.30939
   2094.2   0.30944
   2095.1   0.30946
   2095.9   0.30947
   2096.8   0.30949
   2097.6   0.30949
   2098.5   0.30948
   2099.3   0.30951
   2100.2   0.30952
   2101.0   0.30952
   2101.9   0.30954
   2102.7   0.30957
   2103.6   0.30960
   2104.4   0.30960
   2105.3   0.30961
   2106.1   0.30964
   2107.0   0.30965
   2107.9   0.30968
   2108.7   0.30969
   2109.6   0.30969
   2110.4   0.30972
   2111.3   0.30974
   2112.1   0.30974
   2113.0   0.30974
   2113.9   0.30974
   2114.7   0.30975
   2115.6   0.30979
   2116.5   0.30983
   2117.3   0.30983
   2118.2   0.30982
   2119.1   0.30984
   2119.9   0.30985
   2120.8   0.30985
   2121.7   0.30988
   2122.5   0.30989
   2123.4   0.30990
   2124.3   0.30995
   2125.1   0.30998
   2126.0   0.30997
   2126.9   0.30999
   2127.8   0.30998
   2128.6   0.30998
   2129.5   0.31001
   2130.4   0.31003
   2131.3   0.31005
   2132.1   0.31007
   2133.0   0.31008
   2133.9   0.31008
   2134.8   0.31010
   2135.6   0.31013
   2136.5   0.31013
   2137.4   0.31013
   2138.3   0.31016
   2139.2   0.31020
   2140.1   0.31021
   2140.9   0.31020
   2141.8   0.31019
   2142.7   0.31020
   2143.6   0.31022
   2144.5   0.31024
   2145.4   0.31027
   2146.3   0.31029
   2147.1   0.31030
   2148.0   0.31031
   2148.9   0.31034
   2149.8   0.31034
   2150.7   0.31032
   2151.6   0.31033
   2152.5   0.31038
   2153.4   0.31043
   2154.3   0.31043
   2155.2   0.31042
   2156.1   0.31044
   2157.0   0.31047
   2157.9   0.31047
   2158.8   0.31047
   2159.7   0.31048
   2160.6   0.31048
   2161.5   0.31050
   2162.4   0.31055
   2163.3   0.31059
   2164.2   0.31059
   2165.1   0.31057
   2166.0   0.31059
   2166.9   0.31062
   2167.8   0.31065
   2168.7   0.31064
   2169.6   0.31064
   2170.5   0.31066
   2171.4   0.31071
   2172.3   0.31073
   2173.2   0.31070
   2174.1   0.31068
   2175.1   0.31071
   2176.0   0.31073
   2176.9   0.31074
   2177.8   0.31074
   2178.7   0.31079
   2179.6   0.31084
   2180.6   0.31085
   2181.5   0.31087
   2182.4   0.31089
   2183.3   0.31089
   2184.2   0.31091
   2185.1   0.31093
   2186.1   0.31097
   2187.0   0.31100
   2187.9   0.31101
   2188.8   0.31100
   2189.8   0.31098
   2190.7   0.31098
   2191.6   0.31101
   2192.5   0.31103
   2193.5   0.31106
   2194.4   0.31109
   2195.3   0.31111
   2196.3   0.31111
   2197.2   0.31111
   2198.1   0.31115
   2199.1   0.31118
   2200.0   0.31118
   2200.9   0.31118
   2201.9   0.31121
   2202.8   0.31127
   2203.7   0.31130
   2204.7   0.31128
   2205.6   0.31127
   2206.5   0.31133
   2207.5   0.31133
   2208.4   0.31133
   2209.4   0.31137
   2210.3   0.31138
   2211.2   0.31137
   2212.2   0.31140
   2213.1   0.31143
   2214.1   0.31145
   2215.0   0.31147
   2216.0   0.31150
   2216.9   0.31152
   2217.9   0.31152
   2218.8   0.31154
   2219.8   0.31157
   2220.7   0.31159
   2221.7   0.31159
   2222.6   0.31161
   2223.6   0.31163
   2224.5   0.31167
   2225.5   0.31171
   2226.4   0.31173
   2227.4   0.31174
   2228.4   0.31174
   2229.3   0.31178
   2230.3   0.31181
   2231.2   0.31180
   2232.2   0.31181
   2233.1   0.31187
   2234.1   0.31188
   2235.1   0.31191
   2236.0   0.31194
   2237.0   0.31195
   2238.0   0.31193
   2238.9   0.31195
   2239.9   0.31198
   2240.9   0.31198
   2241.8   0.31199
   2242.8   0.31202
   2243.8   0.31208
   2244.8   0.31213
   2245.7   0.31212
   2246.7   0.31212
   2247.7   0.31214
   2248.6   0.31216
   2249.6   0.31215
   2250.6   0.31215
   2251.6   0.31218
   2252.6   0.31220
   2253.5   0.31224
   2254.5   0.31225
   2255.5   0.31229
   2256.5   0.31229
   2257.5   0.31229
   2258.4   0.31231
   2259.4   0.31233
   2260.4   0.31237
   2261.4   0.31240
   2262.4   0.31242
   2263.4   0.31243
   2264.4   0.31245
   2265.4   0.31244
   2266.3   0.31247
   2267.3   0.31249
   2268.3   0.31253
   2269.3   0.31257
   2270.3   0.31259
   2271.3   0.31258
   2272.3   0.31259
   2273.3   0.31262
   2274.3   0.31265
   2275.3   0.31266
   2276.3   0.31266
   2277.3   0.31269
   2278.3   0.31271
   2279.3   0.31273
   2280.3   0.31275
   2281.3   0.31280
   2282.3   0.31283
   2283.3   0.31284
   2284.3   0.31287
   2285.3   0.31290
   2286.3   0.31292
   2287.3   0.31291
   2288.3   0.31293
   2289.4   0.31295
   2290.4   0.31297
   2291.4   0.31298
   2292.4   0.31301
   2293.4   0.31304
   2294.4   0.31306
   2295.4   0.31307
   2296.4   0.31309
   2297.5   0.31311
   2298.5   0.31310
   2299.5   0.31312
   2300.5   0.31315
   2301.6   0.31316
   2302.6   0.31318
   2303.6   0.31320
   2304.6   0.31320
   2305.6   0.31321
   2306.7   0.31322
   2307.7   0.31323
   2308.7   0.31327
   2309.8   0.31328
   2310.8   0.31333
   2311.8   0.31338
   2312.8   0.31341
   2313.9   0.31344
   2314.9   0.31349
   2315.9   0.31352
   2317.0   0.31355
   2318.0   0.31358
   2319.1   0.31360
   2320.1   0.31364
   2321.1   0.31367
   2322.2   0.31368
   2323.2   0.31372
   2324.3   0.31376
   2325.3   0.31378
   2326.3   0.31378
   2327.4   0.31378
   2328.4   0.31380
   2329.5   0.31384
   2330.5   0.31388
   2331.6   0.31391
   2332.6   0.31394
   2333.7   0.31395
   2334.7   0.31393
   2335.8   0.31394
   2336.8   0.31397
   2337.9   0.31399
   2338.9   0.31400
   2340.0   0.31402
   2341.0   0.31404
   2342.1   0.31407
   2343.1   0.31407
   2344.2   0.31407
   2345.3   0.31407
   2346.3   0.31412
   2347.4   0.31414
   2348.5   0.31414
   2349.5   0.31419
   2350.6   0.31422
   2351.7   0.31425
   2352.7   0.31428
   2353.8   0.31429
   2354.9   0.31431
   2355.9   0.31434
   2357.0   0.31437
   2358.1   0.31438
   2359.1   0.31441
   2360.2   0.31445
   2361.3   0.31449
   2362.4   0.31449
   2363.4   0.31452
   2364.5   0.31456
   2365.6   0.31451
   2366.7   0.31452
   2367.8   0.31457
   2368.9   0.31459
   2369.9   0.31461
   2371.0   0.31465
   2372.1   0.31468
   2373.2   0.31471
   2374.3   0.31471
   2375.4   0.31468
   2376.4   0.31473
   2377.5   0.31477
   2378.6   0.31477
   2379.7   0.31478
   2380.8   0.31480
   2381.9   0.31480
   2383.0   0.31480
   2384.1   0.31481
   2385.2   0.31487
   2386.3   0.31491
   2387.4   0.31491
   2388.5   0.31493
   2389.6   0.31497
   2390.7   0.31498
   2391.8   0.31498
   2392.9   0.31499
   2394.0   0.31502
   2395.1   0.31504
   2396.2   0.31508
   2397.3   0.31508
   2398.4   0.31511
   2399.5   0.31514
   2400.6   0.31516
   2401.8   0.31518
   2402.9   0.31517
   2404.0   0.31517
   2405.1   0.31522
   2406.2   0.31526
   2407.3   0.31529
   2408.5   0.31527
   2409.6   0.31528
   2410.7   0.31529
   2411.8   0.31531
   2412.9   0.31534
   2414.1   0.31537
   2415.2   0.31538
   2416.3   0.31542
   2417.4   0.31545
   2418.6   0.31546
   2419.7   0.31546
   2420.8   0.31547
   2422.0   0.31550
   2423.1   0.31551
   2424.2   0.31554
   2425.4   0.31555
   2426.5   0.31555
   2427.6   0.31557
   2428.8   0.31559
   2429.9   0.31562
   2431.1   0.31560
   2432.2   0.31562
   2433.3   0.31569
   2434.5   0.31571
   2435.6   0.31568
   2436.8   0.31570
   2437.9   0.31573
   2439.1   0.31575
   2440.2   0.31576
   2441.4   0.31578
   2442.5   0.31580
   2443.6   0.31581
   2444.8   0.31579
   2445.9   0.31581
   2447.1   0.31587
   2448.3   0.31591
   2449.4   0.31592
   2450.6   0.31590
   2451.7   0.31589
   2452.9   0.31591
   2454.1   0.31590
   2455.2   0.31591
   2456.4   0.31592
   2457.6   0.31593
   2458.7   0.31594
   2459.9   0.31594
   2461.1   0.31597
   2462.2   0.31601
   2463.4   0.31602
   2464.6   0.31605
   2465.7   0.31606
   2466.9   0.31605
   2468.1   0.31607
   2469.3   0.31610
   2470.4   0.31611
   2471.6   0.31613
   2472.8   0.31615
   2474.0   0.31614
   2475.1   0.31614
   2476.3   0.31618
   2477.5   0.31622
   2478.7   0.31624
   2479.9   0.31624
   2481.1   0.31627
   2482.3   0.31628
   2483.4   0.31633
   2484.6   0.31636
   2485.8   0.31635
   2487.0   0.31633
   2488.2   0.31635
   2489.4   0.31633
   2490.6   0.31631
   2491.8   0.31635
   2493.0   0.31642
   2494.2   0.31645
   2495.4   0.31645
   2496.6   0.31644
   2497.8   0.31644
   2499.0   0.31650
   2500.2   0.31654
   2501.4   0.31656
   2502.6   0.31658
   2503.8   0.31660
   2505.0   0.31663
   2506.3   0.31663
   2507.5   0.31663
   2508.7   0.31665
   2509.9   0.31663
   2511.1   0.31665
   2512.3   0.31672
   2513.5   0.31674
   2514.8   0.31674
   2516.0   0.31674
   2517.2   0.31676
   2518.4   0.31677
   2519.6   0.31677
   2520.9   0.31678
   2522.1   0.31681
   2523.3   0.31686
   2524.6   0.31686
   2525.8   0.31687
   2527.0   0.31690
   2528.2   0.31690
   2529.5   0.31693
   2530.7   0.31692
   2531.9   0.31692
   2533.2   0.31695
   2534.4   0.31697
   2535.7   0.31700
   2536.9   0.31697
   2538.1   0.31702
   2539.4   0.31707
   2540.6   0.31710
   2541.9   0.31713
   2543.1   0.31704
   2544.4   0.31700
   2545.6   0.31709
   2546.9   0.31718
   2548.1   0.31717
   2549.4   0.31714
   2550.6   0.31718
   2551.9   0.31717
   2553.1   0.31713
   2554.4   0.31713
   2555.6   0.31723
   2556.9   0.31726
   2558.2   0.31725
   2559.4   0.31726
   2560.7   0.31728
   2562.0   0.31717
   2563.2   0.31710
   2564.5   0.31704
   2565.8   0.31707
   2567.0   0.31727
   2568.3   0.31737
   2569.6   0.31731
   2570.9   0.31720
   2572.1   0.31738
   2573.4   0.31744
   2574.7   0.31722
   2576.0   0.31735
   2577.3   0.31727
   2578.5   0.31726
   2579.8   0.31750
   2581.1   0.31753
   2582.4   0.31752
   2583.7   0.31756
   2585.0   0.31723
   2586.2   0.31741
   2587.5   0.31747
   2588.8   0.31738
   2590.1   0.31746
   2591.4   0.31753
   2592.7   0.31768
   2594.0   0.31786
   2595.3   0.31730
   2596.6   0.31695
   2597.9   0.31739
   2599.2   0.31763
   2600.5   0.31773
   2601.8   0.31769
   2603.1   0.31766
   2604.4   0.31772
   2605.7   0.31762
   2607.1   0.31743
   2608.4   0.31759
   2609.7   0.31768
   2611.0   0.31763
   2612.3   0.31767
   2613.6   0.31766
   2614.9   0.31772
   2616.3   0.31783
   2617.6   0.31747
   2618.9   0.31761
   2620.2   0.31788
   2621.6   0.31755
   2622.9   0.31768
   2624.2   0.31791
   2625.5   0.31801
   2626.9   0.31788
   2628.2   0.31769
   2629.5   0.31794
   2630.9   0.31768
   2632.2   0.31754
   2633.5   0.31785
   2634.9   0.31779
   2636.2   0.31781
   2637.6   0.31792
   2638.9   0.31788
   2640.2   0.31785
   2641.6   0.31790
   2642.9   0.31790
   2644.3   0.31790
   2645.6   0.31788
   2647.0   0.31777
   2648.3   0.31783
   2649.7   0.31785
   2651.0   0.31788
   2652.4   0.31785
   2653.8   0.31769
   2655.1   0.31776
   2656.5   0.31774
   2657.8   0.31771
   2659.2   0.31774
   2660.6   0.31763
   2661.9   0.31762
   2663.3   0.31776
   2664.7   0.31782
   2666.0   0.31741
   2667.4   0.31709
   2668.8   0.31712
   2670.1   0.31730
   2671.5   0.31667
   2672.9   0.31692
   2674.3   0.31727
   2675.6   0.31728
   2677.0   0.31686
   2678.4   0.31677
   2679.8   0.31689
   2681.2   0.31691
   2682.6   0.31702
   2684.0   0.31684
   2685.4   0.31676
   2686.8   0.31675
   2688.1   0.31664
   2689.5   0.31656
   2690.9   0.31647
   2692.3   0.31642
   2693.7   0.31617
   2695.1   0.31578
   2696.5   0.31568
   2697.9   0.31572
   2699.3   0.31568
   2700.7   0.31551
   2702.1   0.31521
   2703.6   0.31507
   2705.0   0.31502
   2706.4   0.31484
   2707.8   0.31464
   2709.2   0.31437
   2710.6   0.31407
   2712.0   0.31366
   2713.5   0.31359
   2714.9   0.31357
   2716.3   0.31338
   2717.7   0.31321
   2719.1   0.31327
   2720.6   0.31292
   2722.0   0.31210
   2723.4   0.31211
   2724.9   0.31174
   2726.3   0.31130
   2727.7   0.31118
   2729.2   0.31101
   2730.6   0.31075
   2732.0   0.31056
   2733.5   0.31025
   2734.9   0.30980
   2736.4   0.30929
   2737.8   0.30911
   2739.3   0.30871
   2740.7   0.30811
   2742.2   0.30766
   2743.6   0.30745
   2745.1   0.30721
   2746.5   0.30687
   2748.0   0.30651
   2749.4   0.30613
   2750.9   0.30571
   2752.3   0.30531
   2753.8   0.30498
   2755.3   0.30449
   2756.7   0.30373
   2758.2   0.30353
   2759.7   0.30328
   2761.1   0.30293
   2762.6   0.30242
   2764.1   0.30190
   2765.6   0.30166
   2767.0   0.30142
   2768.5   0.30097
   2770.0   0.30055
   2771.5   0.30008
   2772.9   0.29970
   2774.4   0.29948
   2775.9   0.29922
   2777.4   0.29887
   2778.9   0.29855
   2780.4   0.29818
   2781.9   0.29780
   2783.4   0.29746
   2784.9   0.29723
   2786.4   0.29692
   2787.9   0.29648
   2789.4   0.29620
   2790.9   0.29602
   2792.4   0.29573
   2793.9   0.29546
   2795.4   0.29523
   2796.9   0.29498
   2798.4   0.29471
   2799.9   0.29450
   2801.4   0.29426
   2802.9   0.29399
   2804.4   0.29368
   2806.0   0.29347
   2807.5   0.29324
   2809.0   0.29304
   2810.5   0.29282
   2812.1   0.29265
   2813.6   0.29249
   2815.1   0.29227
   2816.6   0.29206
   2818.2   0.29193
   2819.7   0.29172
   2821.2   0.29147
   2822.8   0.29127
   2824.3   0.29117
   2825.8   0.29102
   2827.4   0.29083
   2828.9   0.29064
   2830.5   0.29052
   2832.0   0.29036
   2833.6   0.29019
   2835.1   0.29002
   2836.7   0.28986
   2838.2   0.28967
   2839.8   0.28953
   2841.3   0.28943
   2842.9   0.28927
   2844.4   0.28911
   2846.0   0.28897
   2847.6   0.28886
   2849.1   0.28875
   2850.7   0.28858
   2852.3   0.28848
   2853.8   0.28840
   2855.4   0.28824
   2857.0   0.28806
   2858.6   0.28794
   2860.1   0.28787
   2861.7   0.28775
   2863.3   0.28760
   2864.9   0.28751
   2866.4   0.28742
   2868.0   0.28729
   2869.6   0.28717
   2871.2   0.28710
   2872.8   0.28696
   2874.4   0.28686
   2876.0   0.28675
   2877.6   0.28665
   2879.2   0.28653
   2880.8   0.28647
   2882.4   0.28645
   2884.0   0.28637
   2885.6   0.28625
   2887.2   0.28617
   2888.8   0.28610
   2890.4   0.28606
   2892.0   0.28595
   2893.6   0.28585
   2895.3   0.28579
   2896.9   0.28574
   2898.5   0.28569
   2900.1   0.28566
   2901.7   0.28558
   2903.4   0.28550
   2905.0   0.28542
   2906.6   0.28541
   2908.3   0.28541
   2909.9   0.28538
   2911.5   0.28535
   2913.1   0.28529
   2914.8   0.28525
   2916.4   0.28526
   2918.1   0.28521
   2919.7   0.28513
   2921.4   0.28509
   2923.0   0.28508
   2924.7   0.28504
   2926.3   0.28504
   2928.0   0.28506
   2929.6   0.28504
   2931.3   0.28498
   2932.9   0.28497
   2934.6   0.28495
   2936.3   0.28490
   2937.9   0.28488
   2939.6   0.28489
   2941.2   0.28486
   2942.9   0.28487
   2944.6   0.28488
   2946.3   0.28487
   2947.9   0.28488
   2949.6   0.28492
   2951.3   0.28492
   2953.0   0.28499
   2954.6   0.28501
   2956.3   0.28500
   2958.0   0.28501
   2959.7   0.28504
   2961.4   0.28506
   2963.1   0.28507
   2964.8   0.28513
   2966.5   0.28523
   2968.2   0.28529
   2969.9   0.28533
   2971.6   0.28539
   2973.3   0.28546
   2975.0   0.28548
   2976.7   0.28554
   2978.4   0.28560
   2980.1   0.28572
   2981.8   0.28580
   2983.6   0.28584
   2985.3   0.28592
   2987.0   0.28601
   2988.7   0.28610
   2990.4   0.28616
   2992.2   0.28622
   2993.9   0.28635
   2995.6   0.28648
   2997.4   0.28655
   2999.1   0.28663
   3000.8   0.28671
   3002.6   0.28679
   3004.3   0.28688
   3006.0   0.28697
   3007.8   0.28708
   3009.5   0.28711
   3011.3   0.28717
   3013.0   0.28726
   3014.8   0.28737
   3016.5   0.28748
   3018.3   0.28756
   3020.0   0.28764
   3021.8   0.28776
   3023.6   0.28787
   3025.3   0.28796
   3027.1   0.28800
   3028.9   0.28805
   3030.6   0.28815
   3032.4   0.28827
   3034.2   0.28834
   3036.0   0.28840
   3037.7   0.28845
   3039.5   0.28849
   3041.3   0.28855
   3043.1   0.28863
   3044.9   0.28870
   3046.7   0.28878
   3048.4   0.28880
   3050.2   0.28881
   3052.0   0.28886
   3053.8   0.28896
   3055.6   0.28901
   3057.4   0.28908
   3059.2   0.28910
   3061.1   0.28910
   3062.9   0.28914
   3064.7   0.28918
   3066.5   0.28918
   3068.3   0.28918
   3070.1   0.28922
   3071.9   0.28927
   3073.8   0.28929
   3075.6   0.28932
   3077.4   0.28940
   3079.2   0.28945
   3081.1   0.28949
   3082.9   0.28953
   3084.7   0.28955
   3086.6   0.28955
   3088.4   0.28957
   3090.2   0.28964
   3092.1   0.28973
   3093.9   0.28983
   3095.8   0.28984
   3097.6   0.28993
   3099.5   0.29004
   3101.3   0.29011
   3103.2   0.29018
   3105.0   0.29028
   3106.9   0.29033
   3108.8   0.29039
   3110.6   0.29047
   3112.5   0.29058
   3114.4   0.29069
   3116.2   0.29076
   3118.1   0.29088
   3120.0   0.29098
   3121.9   0.29104
   3123.7   0.29110
   3125.6   0.29117
   3127.5   0.29128
   3129.4   0.29140
   3131.3   0.29149
   3133.2   0.29159
   3135.1   0.29172
   3137.0   0.29183
   3138.9   0.29190
   3140.8   0.29203
   3142.7   0.29216
   3144.6   0.29227
   3146.5   0.29236
   3148.4   0.29246
   3150.3   0.29257
   3152.2   0.29266
   3154.1   0.29275
   3156.1   0.29288
   3158.0   0.29296
   3159.9   0.29307
   3161.8   0.29323
   3163.8   0.29337
   3165.7   0.29346
   3167.6   0.29353
   3169.6   0.29365
   3171.5   0.29375
   3173.4   0.29386
   3175.4   0.29398
   3177.3   0.29409
   3179.3   0.29422
   3181.2   0.29435
   3183.2   0.29445
   3185.1   0.29454
   3187.1   0.29465
   3189.1   0.29480
   3191.0   0.29494
   3193.0   0.29503
   3194.9   0.29513
   3196.9   0.29527
   3198.9   0.29540
   3200.9   0.29554
   3202.9   0.29566
   3204.8   0.29575
   3206.8   0.29581
   3208.8   0.29594
   3210.8   0.29610
   3212.8   0.29622
   3214.8   0.29632
   3216.8   0.29646
   3218.8   0.29658
   3220.8   0.29671
   3222.8   0.29686
   3224.8   0.29698
   3226.8   0.29705
   3228.8   0.29715
   3230.8   0.29728
   3232.8   0.29739
   3234.8   0.29751
   3236.8   0.29763
   3238.9   0.29774
   3240.9   0.29786
   3242.9   0.29797
   3244.9   0.29806
   3247.0   0.29814
   3249.0   0.29826
   3251.0   0.29837
   3253.1   0.29845
   3255.1   0.29856
   3257.2   0.29869
   3259.2   0.29882
   3261.3   0.29893
   3263.3   0.29898
   3265.4   0.29906
   3267.4   0.29919
   3269.5   0.29930
   3271.6   0.29937
   3273.6   0.29944
   3275.7   0.29953
   3277.8   0.29965
   3279.8   0.29973
   3281.9   0.29981
   3284.0   0.29992
   3286.1   0.30000
   3288.1   0.30005
   3290.2   0.30011
   3292.3   0.30020
   3294.4   0.30031
   3296.5   0.30039
   3298.6   0.30038
   3300.7   0.30041
   3302.8   0.30051
   3304.9   0.30057
   3307.0   0.30058
   3309.1   0.30062
   3311.2   0.30065
   3313.4   0.30069
   3315.5   0.30072
   3317.6   0.30070
   3319.7   0.30070
   3321.9   0.30071
   3324.0   0.30073
   3326.1   0.30070
   3328.3   0.30066
   3330.4   0.30068
   3332.5   0.30071
   3334.7   0.30069
   3336.8   0.30060
   3339.0   0.30051
   3341.1   0.30049
   3343.3   0.30040
   3345.4   0.30023
   3347.6   0.30013
   3349.8   0.30004
   3351.9   0.29987
   3354.1   0.29964
   3356.3   0.29934
   3358.4   0.29906
   3360.6   0.29864
   3362.8   0.29804
   3365.0   0.29729
   3367.1   0.29645
   3369.3   0.29557
   3371.5   0.29481
   3373.7   0.29420
   3375.9   0.29383
   3378.1   0.29367
   3380.3   0.29376
   3382.5   0.29413
   3384.7   0.29456
   3386.9   0.29490
   3389.1   0.29506
   3391.4   0.29497
   3393.6   0.29463
   3395.8   0.29395
   3398.0   0.29299
   3400.3   0.29183
   3402.5   0.29051
   3404.7   0.28908
   3407.0   0.28762
   3409.2   0.28610
   3411.4   0.28457
   3413.7   0.28323
   3415.9   0.28229
   3418.2   0.28202
   3420.4   0.28249
   3422.7   0.28345
   3425.0   0.28459
   3427.2   0.28590
   3429.5   0.28741
   3431.8   0.28911
   3434.0   0.29085
   3436.3   0.29231
   3438.6   0.29343
   3440.9   0.29427
   3443.2   0.29492
   3445.4   0.29548
   3447.7   0.29600
   3450.0   0.29647
   3452.3   0.29699
   3454.6   0.29748
   3456.9   0.29790
   3459.2   0.29827
   3461.6   0.29855
   3463.9   0.29870
   3466.2   0.29880
   3468.5   0.29877
   3470.8   0.29862
   3473.1   0.29856
   3475.5   0.29854
   3477.8   0.29846
   3480.1   0.29851
   3482.5   0.29852
   3484.8   0.29829
   3487.2   0.29790
   3489.5   0.29733
   3491.9   0.29653
   3494.2   0.29546
   3496.6   0.29417
   3498.9   0.29306
   3501.3   0.29256
   3503.6   0.29265
   3506.0   0.29312
   3508.4   0.29407
   3510.8   0.29562
   3513.1   0.29763
   3515.5   0.29942
   3517.9   0.30067
   3520.3   0.30161
   3522.7   0.30231
   3525.1   0.30277
   3527.5   0.30312
   3529.9   0.30342
   3532.3   0.30367
   3534.7   0.30390
   3537.1   0.30409
   3539.5   0.30419
   3541.9   0.30429
   3544.4   0.30441
   3546.8   0.30449
   3549.2   0.30459
   3551.6   0.30466
   3554.1   0.30469
   3556.5   0.30479
   3559.0   0.30491
   3561.4   0.30497
   3563.9   0.30497
   3566.3   0.30501
   3568.8   0.30506
   3571.2   0.30516
   3573.7   0.30520
   3576.1   0.30519
   3578.6   0.30521
   3581.1   0.30533
   3583.6   0.30537
   3586.0   0.30540
   3588.5   0.30544
   3591.0   0.30541
   3593.5   0.30543
   3596.0   0.30548
   3598.5   0.30552
   3601.0   0.30560
   3603.5   0.30564
   3606.0   0.30561
   3608.5   0.30558
   3611.0   0.30557
   3613.5   0.30557
   3616.0   0.30564
   3618.6   0.30569
   3621.1   0.30567
   3623.6   0.30569
   3626.1   0.30569
   3628.7   0.30567
   3631.2   0.30563
   3633.8   0.30561
   3636.3   0.30563
   3638.9   0.30566
   3641.4   0.30573
   3644.0   0.30572
   3646.6   0.30566
   3649.1   0.30563
   3651.7   0.30566
   3654.3   0.30564
   3656.9   0.30565
   3659.4   0.30564
   3662.0   0.30565
   3664.6   0.30561
   3667.2   0.30561
   3669.8   0.30559
   3672.4   0.30560
   3675.0   0.30560
   3677.6   0.30562
   3680.2   0.30560
   3682.8   0.30560
   3685.4   0.30559
   3688.1   0.30558
   3690.7   0.30555
   3693.3   0.30556
   3695.9   0.30553
   3698.6   0.30553
   3701.2   0.30552
   3703.9   0.30550
   3706.5   0.30547
   3709.2   0.30548
   3711.8   0.30545
   3714.5   0.30544
   3717.1   0.30541
   3719.8   0.30540
   3722.5   0.30536
   3725.2   0.30533
   3727.8   0.30529
   3730.5   0.30527
   3733.2   0.30525
   3735.9   0.30526
   3738.6   0.30522
   3741.3   0.30520
   3744.0   0.30515
   3746.7   0.30513
   3749.4   0.30509
   3752.1   0.30506
   3754.8   0.30500
   3757.6   0.30500
   3760.3   0.30496
   3763.0   0.30492
   3765.7   0.30486
   3768.5   0.30480
   3771.2   0.30471
   3774.0   0.30468
   3776.7   0.30462
   3779.5   0.30457
   3782.2   0.30449
   3785.0   0.30445
   3787.7   0.30437
   3790.5   0.30429
   3793.3   0.30422
   3796.1   0.30417
   3798.8   0.30408
   3801.6   0.30399
   3804.4   0.30389
   3807.2   0.30384
   3810.0   0.30372
   3812.8   0.30363
   3815.6   0.30354
   3818.4   0.30346
   3821.2   0.30337
   3824.1   0.30328
   3826.9   0.30316
   3829.7   0.30307
   3832.5   0.30295
   3835.4   0.30284
   3838.2   0.30273
   3841.1   0.30264
   3843.9   0.30253
   3846.8   0.30245
   3849.6   0.30233
   3852.5   0.30222
   3855.3   0.30207
   3858.2   0.30198
   3861.1   0.30186
   3863.9   0.30172
   3866.8   0.30158
   3869.7   0.30150
   3872.6   0.30135
   3875.5   0.30124
   3878.4   0.30112
   3881.3   0.30100
   3884.2   0.30087
   3887.1   0.30076
   3890.0   0.30061
   3892.9   0.30049
   3895.9   0.30036
   3898.8   0.30026
   3901.7   0.30010
   3904.7   0.29996
   3907.6   0.29982
   3910.6   0.29969
   3913.5   0.29954
   3916.5   0.29943
   3919.4   0.29930
   3922.4   0.29918
   3925.4   0.29902
   3928.4   0.29890
   3931.3   0.29874
   3934.3   0.29862
   3937.3   0.29846
   3940.3   0.29833
   3943.3   0.29817
   3946.3   0.29804
   3949.3   0.29787
   3952.3   0.29775
   3955.3   0.29760
   3958.3   0.29746
   3961.4   0.29730
   3964.4   0.29719
   3967.4   0.29701
   3970.5   0.29686
   3973.5   0.29670
   3976.6   0.29656
   3979.6   0.29640
   3982.6   0.29628
   3985.7   0.29611
   3988.8   0.29597
   3991.9   0.29578
   3994.9   0.29562
   3998.0   0.29543
   4001.1   0.29529
   4004.2   0.29509
   4007.3   0.29494
   4010.4   0.29476
   4013.5   0.29461
   4016.6   0.29442
   4019.7   0.29424
   4022.8   0.29404
   4025.9   0.29388
   4029.1   0.29369
   4032.2   0.29351
   4035.3   0.29329
   4038.5   0.29311
   4041.6   0.29293
   4044.8   0.29278
   4047.9   0.29257
   4051.1   0.29236
   4054.3   0.29211
   4057.4   0.29193
   4060.6   0.29172
   4063.8   0.29152
   4067.0   0.29130
   4070.2   0.29109
   4073.4   0.29085
   4076.6   0.29066
   4079.8   0.29039
   4083.0   0.29017
   4086.2   0.28992
   4089.4   0.28969
   4092.7   0.28942
   4095.9   0.28920
   4099.1   0.28894
   4102.4   0.28867
   4105.6   0.28838
   4108.9   0.28814
   4112.1   0.28784
   4115.4   0.28756
   4118.7   0.28725
   4122.0   0.28697
   4125.2   0.28662
   4128.5   0.28632
   4131.8   0.28595
   4135.1   0.28562
   4138.4   0.28524
   4141.7   0.28488
   4145.0   0.28447
   4148.3   0.28408
   4151.6   0.28366
   4155.0   0.28327
   4158.3   0.28284
   4161.6   0.28240
   4165.0   0.28192
   4168.3   0.28145
   4171.7   0.28093
   4175.0   0.28044
   4178.4   0.27987
   4181.8   0.27935
   4185.2   0.27878
   4188.5   0.27824
   4191.9   0.27764
   4195.3   0.27704
   4198.7   0.27642
   4202.1   0.27582
   4205.5   0.27517
   4208.9   0.27455
   4212.4   0.27387
   4215.8   0.27322
   4219.2   0.27252
   4222.6   0.27184
   4226.1   0.27107
   4229.5   0.27031
   4233.0   0.26949
   4236.5   0.26866
   4239.9   0.26778
   4243.4   0.26692
   4246.9   0.26595
   4250.3   0.26500
   4253.8   0.26402
   4257.3   0.26309
   4260.8   0.26218
   4264.3   0.26129
   4267.8   0.26029
   4271.3   0.25930
   4274.9   0.25823
   4278.4   0.25719
   4281.9   0.25611
   4285.5   0.25505
   4289.0   0.25393
   4292.6   0.25285
   4296.1   0.25170
   4299.7   0.25060
   4303.3   0.24946
   4306.8   0.24837
   4310.4   0.24726
   4314.0   0.24619
   4317.6   0.24513
   4321.2   0.24412
   4324.8   0.24308
   4328.4   0.24210
   4332.0   0.24112
   4335.6   0.24018
   4339.3   0.23920
   4342.9   0.23826
   4346.5   0.23730
   4350.2   0.23642
   4353.8   0.23551
   4357.5   0.23465
   4361.1   0.23376
   4364.8   0.23290
   4368.5   0.23203
   4372.2   0.23122
   4375.9   0.23038
   4379.6   0.22959
   4383.3   0.22878
   4387.0   0.22803
   4390.7   0.22722
   4394.4   0.22646
   4398.1   0.22570
   4401.9   0.22498
   4405.6   0.22424
   4409.4   0.22356
   4413.1   0.22283
   4416.9   0.22215
   4420.6   0.22143
   4424.4   0.22075
   4428.2   0.22006
   4432.0   0.21938
   4435.8   0.21867
   4439.6   0.21801
   4443.4   0.21728
   4447.2   0.21657
   4451.0   0.21580
   4454.8   0.21507
   4458.6   0.21432
   4462.5   0.21358
   4466.3   0.21276
   4470.2   0.21195
   4474.0   0.21109
   4477.9   0.21026
   4481.8   0.20937
   4485.6   0.20852
   4489.5   0.20761
   4493.4   0.20670
   4497.3   0.20575
   4501.2   0.20484
   4505.1   0.20386
   4509.0   0.20291
   4513.0   0.20190
   4516.9   0.20093
   4520.8   0.19991
   4524.8   0.19889
   4528.7   0.19782
   4532.7   0.19678
   4536.7   0.19571
   4540.6   0.19466
   4544.6   0.19354
   4548.6   0.19246
   4552.6   0.19137
   4556.6   0.19029
   4560.6   0.18914
   4564.6   0.18804
   4568.6   0.18690
   4572.7   0.18578
   4576.7   0.18460
   4580.8   0.18344
   4584.8   0.18227
   4588.9   0.18115
   4592.9   0.18000
   4597.0   0.17887
   4601.1   0.17769
   4605.2   0.17656
   4609.3   0.17538
   4613.4   0.17423
   4617.5   0.17308
   4621.6   0.17195
   4625.7   0.17078
   4629.8   0.16966
   4634.0   0.16853
   4638.1   0.16745
   4642.3   0.16637
   4646.4   0.16535
   4650.6   0.16431
   4654.8   0.16332
   4659.0   0.16232
   4663.1   0.16140
   4667.3   0.16045
   4671.5   0.15956
   4675.8   0.15864
   4680.0   0.15775
   4684.2   0.15682
   4688.4   0.15595
   4692.7   0.15504
   4696.9   0.15416
   4701.2   0.15326
   4705.5   0.15242
   4709.7   0.15155
   4714.0   0.15071
   4718.3   0.14986
   4722.6   0.14903
   4726.9   0.14818
   4731.2   0.14738
   4735.5   0.14654
   4739.9   0.14575
   4744.2   0.14494
   4748.5   0.14417
   4752.9   0.14340
   4757.3   0.14266
   4761.6   0.14190
   4766.0   0.14120
   4770.4   0.14043
   4774.8   0.13972
   4779.2   0.13902
   4783.6   0.13835
   4788.0   0.13766
   4792.4   0.13699
   4796.9   0.13627
   4801.3   0.13558
   4805.8   0.13485
   4810.2   0.13418
   4814.7   0.13348
   4819.1   0.13279
   4823.6   0.13206
   4828.1   0.13137
   4832.6   0.13065
   4837.1   0.12996
   4841.6   0.12923
   4846.2   0.12854
   4850.7   0.12780
   4855.3   0.12711
   4859.8   0.12640
   4864.4   0.12572
   4868.9   0.12500
   4873.5   0.12430
   4878.1   0.12356
   4882.7   0.12284
   4887.3   0.12210
   4891.9   0.12141
   4896.5   0.12068
   4901.1   0.11997
   4905.8   0.11924
   4910.4   0.11855
   4915.1   0.11782
   4919.7   0.11712
   4924.4   0.11637
   4929.1   0.11566
   4933.8   0.11493
   4938.5   0.11424
   4943.2   0.11355
   4947.9   0.11289
   4952.6   0.11216
   4957.4   0.11146
   4962.1   0.11072
   4966.9   0.11005
   4971.6   0.10931
   4976.4   0.10859
   4981.2   0.10787
   4986.0   0.10716
   4990.8   0.10640
   4995.6   0.10568
   5000.4   0.10490
   5005.2   0.10417
   5010.0   0.10342
   5014.9   0.10268
   5019.8   0.10190
   5024.6   0.10116
   5029.5   0.10040
   5034.4   0.09969
   5039.3   0.09895
   5044.2   0.09822
   5049.1   0.09747
   5054.0   0.09675
   5058.9   0.09600
   5063.9   0.09528
   5068.8   0.09453
   5073.8   0.09381
   5078.8   0.09306
   5083.7   0.09235
   5088.7   0.09159
   5093.7   0.09087
   5098.7   0.09011
   5103.7   0.08936
   5108.8   0.08857
   5113.8   0.08778
   5118.9   0.08697
   5123.9   0.08620
   5129.0   0.08539
   5134.1   0.08459
   5139.1   0.08379
   5144.3   0.08302
   5149.4   0.08221
   5154.5   0.08142
   5159.6   0.08063
   5164.7   0.07989
   5169.9   0.07915
   5175.0   0.07843
   5180.2   0.07772
   5185.4   0.07703
   5190.6   0.07633
   5195.8   0.07567
   5201.0   0.07499
   5206.2   0.07436
   5211.5   0.07371
   5216.7   0.07307
   5222.0   0.07245
   5227.2   0.07186
   5232.5   0.07124
   5237.8   0.07067
   5243.1   0.07006
   5248.4   0.06949
   5253.7   0.06890
   5259.0   0.06834
   5264.4   0.06777
   5269.7   0.06724
   5275.1   0.06668
   5280.5   0.06614
   5285.8   0.06560
   5291.2   0.06510
   5296.6   0.06457
   5302.0   0.06410
   5307.5   0.06362
   5312.9   0.06318
   5318.4   0.06273
   5323.8   0.06231
   5329.3   0.06188
   5334.8   0.06145
   5340.3   0.06102
   5345.8   0.06061
   5351.3   0.06017
   5356.8   0.05976
   5362.4   0.05935
   5367.9   0.05895
   5373.5   0.05854
   5379.0   0.05813
   5384.6   0.05772
   5390.2   0.05734
   5395.8   0.05696
   5401.5   0.05663
   5407.1   0.05631
   5412.7   0.05601
   5418.4   0.05569
   5424.1   0.05540
   5429.7   0.05512
   5435.4   0.05490
   5441.1   0.05469
   5446.9   0.05451
   5452.6   0.05431
   5458.3   0.05416
   5464.1   0.05398
   5469.8   0.05384
   5475.6   0.05372
   5481.4   0.05363
   5487.2   0.05353
   5493.0   0.05345
   5498.8   0.05334
   5504.7   0.05328
   5510.5   0.05320
   5516.4   0.05315
   5522.3   0.05307
   5528.1   0.05301
   5534.0   0.05291
   5540.0   0.05285
   5545.9   0.05277
   5551.8   0.05269
   5557.8   0.05254
   5563.7   0.05244
   5569.7   0.05230
   5575.7   0.05218
   5581.7   0.05199
   5587.7   0.05183
   5593.7   0.05163
   5599.8   0.05144
   5605.8   0.05118
   5611.9   0.05096
   5618.0   0.05069
   5624.1   0.05044
   5630.2   0.05014
   5636.3   0.04987
   5642.4   0.04954
   5648.6   0.04924
   5654.7   0.04893
   5660.9   0.04859
   5667.1   0.04825
   5673.3   0.04793
   5679.5   0.04752
   5685.7   0.04722
   5692.0   0.04687
   5698.2   0.04653
   5704.5   0.04619
   5710.8   0.04583
   5717.1   0.04542
   5723.4   0.04505
   5729.7   0.04468
   5736.1   0.04432
   5742.4   0.04390
   5748.8   0.04350
   5755.1   0.04306
   5761.5   0.04270
   5768.0   0.04216
   5774.4   0.04173
   5780.8   0.04134
   5787.3   0.04091
   5793.7   0.04046
   5800.2   0.04003
   5806.7   0.03955
   5813.2   0.03915
   5819.7   0.03869
   5826.3   0.03819
   5832.8   0.03775
   5839.4   0.03735
   5846.0   0.03692
   5852.6   0.03653
   5859.2   0.03613
   5865.8   0.03571
   5872.5   0.03532
   5879.1   0.03499
   5885.8   0.03452
   5892.5   0.03421
   5899.2   0.03376
   5905.9   0.03339
   5912.6   0.03306
   5919.4   0.03271
   5926.2   0.03239
   5932.9   0.03212
   5939.7   0.03169
   5946.5   0.03137
   5953.4   0.03109
   5960.2   0.03082
   5967.1   0.03053
   5974.0   0.03020
   5980.8   0.02992
   5987.8   0.02969
   5994.7   0.02942
   6001.6   0.02918
   6008.6   0.02894
   6015.5   0.02872
   6022.5   0.02853
   6029.5   0.02836
   6036.5   0.02819
   6043.6   0.02808
   6050.6   0.02784
   6057.7   0.02766
   6064.8   0.02759
   6071.9   0.02747
   6079.0   0.02731
   6086.1   0.02721
   6093.3   0.02708
   6100.5   0.02697
   6107.6   0.02688
   6114.9   0.02674
   6122.1   0.02659
   6129.3   0.02650
   6136.5   0.02638
   6143.8   0.02628
   6151.1   0.02618
   6158.4   0.02608
   6165.7   0.02595
   6173.1   0.02587
   6180.4   0.02579
   6187.8   0.02569
   6195.2   0.02563
   6202.6   0.02558
   6210.0   0.02549
   6217.5   0.02543
   6225.0   0.02534
   6232.4   0.02528
   6239.9   0.02524
   6247.5   0.02516
   6255.0   0.02510
   6262.5   0.02507
   6270.1   0.02500
   6277.7   0.02493
   6285.3   0.02488
   6293.0   0.02484
   6300.6   0.02478
   6308.3   0.02474
   6315.9   0.02472
   6323.6   0.02470
   6331.4   0.02467
   6339.1   0.02466
   6346.9   0.02464
   6354.6   0.02463
   6362.4   0.02464
   6370.3   0.02466
   6378.1   0.02466
   6385.9   0.02465
   6393.8   0.02463
   6401.7   0.02464
   6409.6   0.02466
   6417.6   0.02460
   6425.5   0.02456
   6433.5   0.02456
   6441.5   0.02451
   6449.5   0.02447
   6457.5   0.02442
   6465.6   0.02436
   6473.6   0.02429
   6481.7   0.02426
   6489.8   0.02420
   6498.0   0.02409
   6506.1   0.02401
   6514.3   0.02397
   6522.5   0.02389
   6530.7   0.02383
   6538.9   0.02375
   6547.2   0.02370
   6555.5   0.02361
   6563.8   0.02355
   6572.1   0.02350
   6580.4   0.02345
   6588.8   0.02337
   6597.2   0.02329
   6605.6   0.02321
   6614.0   0.02315
   6622.5   0.02309
   6630.9   0.02304
   6639.4   0.02294
   6647.9   0.02287
   6656.5   0.02284
   6665.0   0.02280
   6673.6   0.02273
   6682.2   0.02269
   6690.8   0.02262
   6699.5   0.02258
   6708.1   0.02255
   6716.8   0.02249
   6725.5   0.02241
   6734.3   0.02237
   6743.0   0.02231
   6751.8   0.02224
   6760.6   0.02217
   6769.4   0.02210
   6778.3   0.02202
   6787.1   0.02195
   6796.0   0.02187
   6805.0   0.02178
   6813.9   0.02171
   6822.9   0.02167
   6831.9   0.02158
   6840.9   0.02149
   6849.9   0.02142
   6859.0   0.02138
   6868.0   0.02129
   6877.2   0.02123
   6886.3   0.02116
   6895.5   0.02108
   6904.6   0.02099
   6913.8   0.02092
   6923.1   0.02083
   6932.3   0.02074
   6941.6   0.02063
   6950.9   0.02055
   6960.2   0.02042
   6969.6   0.02030
   6979.0   0.02020
   6988.4   0.02010
   6997.8   0.01998
   7007.3   0.01985
   7016.8   0.01971
   7026.3   0.01958
   7035.8   0.01947
   7045.4   0.01935
   7054.9   0.01919
   7064.5   0.01904
   7074.2   0.01889
   7083.9   0.01877
   7093.5   0.01862
   7103.3   0.01849
   7113.0   0.01834
   7122.8   0.01819
   7132.6   0.01805
   7142.4   0.01790
   7152.2   0.01772
   7162.1   0.01756
   7172.0   0.01737
   7182.0   0.01719
   7191.9   0.01703
   7201.9   0.01686
   7211.9   0.01665
   7222.0   0.01646
   7232.0   0.01629
   7242.1   0.01610
   7252.3   0.01589
   7262.4   0.01570
   7272.6   0.01551
   7282.8   0.01532
   7293.1   0.01513
   7303.3   0.01493
   7313.6   0.01472
   7324.0   0.01453
   7334.3   0.01431
   7344.7   0.01409
   7355.1   0.01385
   7365.6   0.01365
   7376.1   0.01342
   7386.6   0.01320
   7397.1   0.01298
   7407.7   0.01278
   7418.3   0.01253
   7428.9   0.01231
   7439.6   0.01208
   7450.3   0.01186
   7461.0   0.01160
   7471.7   0.01139
   7482.5   0.01116
   7493.3   0.01092
   7504.2   0.01068
   7515.0   0.01047
   7525.9   0.01022
   7536.9   0.00998
   7547.9   0.00975
   7558.9   0.00952
   7569.9   0.00928
   7581.0   0.00905
   7592.0   0.00882
   7603.2   0.00861
   7614.3   0.00836
   7625.5   0.00811
   7636.8   0.00787
   7648.0   0.00767
   7659.3   0.00742
   7670.7   0.00719
   7682.0   0.00696
   7693.4   0.00675
   7704.9   0.00649
   7716.3   0.00626
   7727.8   0.00601
   7739.4   0.00581
   7750.9   0.00560
   7762.5   0.00538
   7774.2   0.00515
   7785.8   0.00493
   7797.5   0.00470
   7809.3   0.00450
   7821.1   0.00430
   7832.9   0.00413
   7844.7   0.00394
   7856.6   0.00377
   7868.5   0.00357
   7880.5   0.00338
   7892.5   0.00319
   7904.5   0.00303
   7916.6   0.00286
   7928.7   0.00270
   7940.8   0.00252
   7953.0   0.00239
   7965.2   0.00225
   7977.5   0.00214
   7989.8   0.00200
   8002.1   0.00189
   8014.5   0.00176
   8026.9   0.00167
   8039.3   0.00158
   8051.8   0.00153
   8064.3   0.00149
   8076.9   0.00147
   8089.5   0.00145
   8102.1   0.00149
   8114.8   0.00158
   8127.5   0.00173
   8140.3   0.00192
   8153.1   0.00222
   8165.9   0.00261
   8178.8   0.00312
   8191.7   0.00376
   8204.7   0.00458
   8217.7   0.00556
   8230.7   0.00671
   8243.8   0.00799
   8257.0   0.00942
   8270.1   0.01093
   8283.3   0.01255
   8296.6   0.01423
   8309.9   0.01592
   8323.2   0.01756
   8336.6   0.01912
   8350.0   0.02057
   8363.5   0.02195
   8377.0   0.02323
   8390.5   0.02442
   8404.2   0.02550
   8417.8   0.02648
   8431.5   0.02738
   8445.2   0.02818
   8459.0   0.02890
   8472.8   0.02954
   8486.7   0.03012
   8500.6   0.03061
   8514.5   0.03105
   8528.5   0.03148
   8542.6   0.03189
   8556.7   0.03231
   8570.8   0.03272
   8585.0   0.03306
   8599.3   0.03337
   8613.5   0.03367
   8627.9   0.03392
   8642.3   0.03411
   8656.7   0.03432
   8671.2   0.03448
   8685.7   0.03463
   8700.3   0.03477
   8714.9   0.03489
   8729.5   0.03498
   8744.3   0.03504
   8759.0   0.03510
   8773.9   0.03510
   8788.7   0.03507
   8803.7   0.03507
   8818.6   0.03503
   8833.7   0.03498
   8848.7   0.03495
   8863.8   0.03487
   8879.0   0.03476
   8894.3   0.03462
   8909.5   0.03447
   8924.9   0.03430
   8940.3   0.03410
   8955.7   0.03388
   8971.2   0.03359
   8986.8   0.03332
   9002.3   0.03307
   9018.0   0.03279
   9033.7   0.03247
   9049.5   0.03211
   9065.3   0.03175
   9081.2   0.03142
   9097.1   0.03108
   9113.1   0.03073
   9129.1   0.03036
   9145.2   0.03005
   9161.4   0.02976
   9177.6   0.02949
   9193.9   0.02931
   9210.2   0.02923
   9226.6   0.02918
   9243.0   0.02919
   9259.5   0.02927
   9276.1   0.02937
   9292.7   0.02947
   9309.4   0.02963
   9326.2   0.02982
   9343.0   0.03003
   9359.8   0.03029
   9376.8   0.03057
   9393.8   0.03089
   9410.8   0.03126
   9427.9   0.03164
   9445.1   0.03205
   9462.3   0.03247
   9479.6   0.03295
   9497.0   0.03344
   9514.4   0.03398
   9531.9   0.03452
   9549.4   0.03496
   9567.0   0.03538
   9584.7   0.03578
   9602.5   0.03614
   9620.3   0.03649
   9638.2   0.03680
   9656.1   0.03709
   9674.2   0.03736
   9692.2   0.03757
   9710.4   0.03774
   9728.6   0.03795
   9746.9   0.03813
   9765.2   0.03827
   9783.7   0.03838
   9802.2   0.03845
   9820.7   0.03848
   9839.4   0.03848
   9858.1   0.03853
   9876.8   0.03863
   9895.7   0.03873
   9914.6   0.03893
   9933.6   0.03923
   9952.7   0.03958
   9971.8   0.04000
   9991.0   0.04049
  10010.3   0.04098
  10029.7   0.04150
  10049.1   0.04206
  10068.6   0.04270
  10088.2   0.04341
  10107.9   0.04412
  10127.6   0.04482
  10147.5   0.04553
  10167.3   0.04623
  10187.3   0.04703
  10207.4   0.04795
  10227.5   0.04900
  10247.7   0.05022
  10268.0   0.05151
  10288.4   0.05278
  10308.8   0.05408
  10329.4   0.05527
  10350.0   0.05635
  10370.7   0.05731
  10391.5   0.05825
  10412.3   0.05904
  10433.3   0.05972
  10454.3   0.06030
  10475.4   0.06074
  10496.7   0.06106
  10517.9   0.06131
  10539.3   0.06142
  10560.8   0.06144
  10582.3   0.06140
  10604.0   0.06136
  10625.7   0.06125
  10647.5   0.06110
  10669.4   0.06085
  10691.4   0.06065
  10713.5   0.06040
  10735.7   0.06011
  10758.0   0.05970
  10780.3   0.05916
  10802.8   0.05859
  10825.4   0.05794
  10848.0   0.05722
  10870.8   0.05653
  10893.6   0.05581
  10916.5   0.05509
  10939.5   0.05437
  10962.7   0.05362
  10985.9   0.05282
  11009.2   0.05205
  11032.7   0.05129
  11056.2   0.05053
  11079.8   0.04967
  11103.5   0.04879
  11127.4   0.04789
  11151.3   0.04696
  11175.3   0.04601
  11199.5   0.04507
  11223.7   0.04411
  11248.0   0.04312
  11272.5   0.04212
  11297.1   0.04117
  11321.7   0.04025
  11346.5   0.03937
  11371.4   0.03854
  11396.4   0.03775
  11421.5   0.03703
  11446.7   0.03644
  11472.0   0.03590
  11497.5   0.03532
  11523.0   0.03478
  11548.7   0.03431
  11574.4   0.03386
  11600.3   0.03342
  11626.3   0.03300
  11652.5   0.03267
  11678.7   0.03232
  11705.1   0.03202
  11731.6   0.03173
  11758.2   0.03141
  11784.9   0.03112
  11811.7   0.03084
  11838.7   0.03054
  11865.8   0.03028
  11893.0   0.02996
  11920.3   0.02959
  11947.8   0.02925
  11975.4   0.02895
  12003.1   0.02865
  12031.0   0.02832
  12059.0   0.02794
  12087.1   0.02756
  12115.3   0.02723
  12143.7   0.02687
  12172.2   0.02647
  12200.8   0.02604
  12229.6   0.02566
  12258.5   0.02529
  12287.6   0.02487
  12316.8   0.02444
  12346.1   0.02404
  12375.5   0.02362
  12405.2   0.02319
  12434.9   0.02277
  12464.8   0.02233
  12494.8   0.02188
  12525.0   0.02144
  12555.3   0.02102
  12585.8   0.02063
  12616.4   0.02025
  12647.2   0.01990
  12678.1   0.01956
  12709.2   0.01920
  12740.4   0.01885
  12771.8   0.01860
  12803.3   0.01845
  12835.0   0.01839
  12866.9   0.01844
  12898.9   0.01857
  12931.1   0.01877
  12963.4   0.01896
  12995.9   0.01909
  13028.5   0.01926
  13061.3   0.01946
  13094.3   0.01967
  13127.5   0.01990
  13160.8   0.02017
  13194.3   0.02033
  13228.0   0.02039
  13261.8   0.02039
  13295.8   0.02031
  13330.0   0.02019
  13364.3   0.02007
  13398.8   0.01991
  13433.6   0.01978
  13468.5   0.01975
  13503.5   0.01971
  13538.8   0.01971
  13574.2   0.01977
  13609.9   0.01985
  13645.7   0.01996
  13681.7   0.02011
  13717.9   0.02028
  13754.3   0.02039
  13790.8   0.02045
  13827.6   0.02043
  13864.6   0.02036
  13901.8   0.02025
  13939.2   0.02006
  13976.7   0.01987
  14014.5   0.01973
  14052.5   0.01956
  14090.7   0.01938
  14129.0   0.01923
  14167.6   0.01914
  14206.5   0.01907
  14245.5   0.01904
  14284.7   0.01898
  14324.2   0.01888
  14363.9   0.01879
  14403.8   0.01872
  14443.9   0.01869
  14484.3   0.01874
  14524.8   0.01878
  14565.6   0.01883
  14606.7   0.01895
  14647.9   0.01904
  14689.4   0.01905
  14731.2   0.01905
  14773.1   0.01903
  14815.3   0.01901
  14857.8   0.01905
  14900.5   0.01913
  14943.4   0.01919
  14986.6   0.01915
  15030.0   0.01909
  15073.7   0.01897
  15117.7   0.01879
  15161.9   0.01862
  15206.3   0.01853
  15251.1   0.01870
  15296.1   0.01916
  15341.3   0.01998
  15386.8   0.02130
  15432.6   0.02300
  15478.7   0.02485
  15525.0   0.02674
  15571.7   0.02862
  15618.6   0.03035
  15665.8   0.03180
  15713.2   0.03320
  15761.0   0.03442
  15809.0   0.03535
  15857.4   0.03612
  15906.0   0.03680
  15955.0   0.03732
  16004.2   0.03766
  16053.8   0.03781
  16103.6   0.03769
  16153.8   0.03746
  16204.3   0.03730
  16255.1   0.03728
  16306.2   0.03733
  16357.6   0.03745
  16409.4   0.03773
  16461.5   0.03810
  16513.9   0.03841
  16566.7   0.03863
  16619.8   0.03869
  16673.2   0.03854
  16727.0   0.03849
  16781.1   0.03864
  16835.6   0.03882
  16890.5   0.03904
  16945.7   0.03921
  17001.2   0.03936
  17057.2   0.03924
  17113.4   0.03900
  17170.1   0.03865
  17227.2   0.03817
  17284.6   0.03778
  17342.4   0.03746
  17400.6   0.03729
  17459.2   0.03729
  17518.2   0.03737
  17577.5   0.03748
  17637.3   0.03761
  17697.5   0.03769
  17758.1   0.03756
  17819.2   0.03728
  17880.6   0.03681
  17942.5   0.03620
  18004.8   0.03586
  18067.5   0.03572
  18130.7   0.03565
  18194.3   0.03579
  18258.4   0.03620
  18322.9   0.03696
  18387.9   0.03776
  18453.3   0.03855
  18519.2   0.03921
  18585.6   0.03946
  18652.4   0.03918
  18719.8   0.03844
  18787.6   0.03733
  18855.9   0.03617
  18924.7   0.03512
  18994.1   0.03413
  19063.9   0.03306
  19134.3   0.03220
  19205.1   0.03139
  19276.5   0.03083
  19348.5   0.03034
  19420.9   0.02973
  19493.9   0.02919
  19567.5   0.02888
  19641.6   0.02862
  19716.3   0.02835
  19791.6   0.02772
  19867.4   0.02728
  19943.8   0.02690
  20020.8   0.02666
  20098.4   0.02638
  20176.6   0.02631
  20255.4   0.02622
  20334.9   0.02630
  20414.9   0.02657
  20495.6   0.02705
  20576.9   0.02752
  20658.9   0.02765
  20741.6   0.02747
  20824.8   0.02759
  20908.8   0.02765
  20993.5   0.02777
  21078.8   0.02807
  21164.8   0.02855
  21251.6   0.02878
  21339.1   0.02879
  21427.2   0.02859
  21516.1   0.02843
  21605.8   0.02815
  21696.2   0.02778
  21787.3   0.02761
  21879.3   0.02769
  21972.0   0.02730
  22065.5   0.02703
  22159.8   0.02687
  22254.9   0.02674
  22350.8   0.02657
  22447.6   0.02664
  22545.2   0.02690
  22643.6   0.02767
  22742.9   0.02829
  22843.1   0.02912
  22944.2   0.03021
  23046.2   0.03146
  23149.1   0.03239
  23252.9   0.03333
  23357.6   0.03382
  23463.3   0.03426
  23569.9   0.03479
  23677.6   0.03527
  23786.2   0.03543
  23895.8   0.03574
  24006.4   0.03623
  24118.1   0.03665
  24230.8   0.03674
  24344.5   0.03712
  24459.3   0.03774
  24575.3   0.03859
  24692.3   0.03930
  24810.4   0.03986
  24929.7   0.04009
  25050.1   0.04064
  25171.7   0.04158
  25294.5   0.04271
  25418.5   0.04342
  25543.7   0.04411
  25670.2   0.04511
  25797.9   0.04635
  25926.9   0.04704
  26057.2   0.04748
  26188.8   0.04788
  26321.7   0.04824
  26456.0   0.04822
  26591.7   0.04814
  26728.8   0.04779
  26867.2   0.04739
  27007.2   0.04715
  27148.6   0.04673
  27291.5   0.04619
  27435.9   0.04590
  27581.8   0.04551
  27729.3   0.04512
  27878.4   0.04463
  28029.1   0.04413
  28181.4   0.04395
  28335.4   0.04437
  28491.1   0.04423
  28648.5   0.04404
  28807.7   0.04369
  28968.6   0.04335
  29131.3   0.04347
  29295.9   0.04310
  29462.4   0.04183
  29630.7   0.04106
  29801.0   0.04017
  29973.3   0.03963
  30147.5   0.03938
  30323.8   0.03932
  30502.2   0.03878
  30682.7   0.03870
  30865.3   0.03867
  31050.2   0.03812
  31237.2   0.03785
  31426.5   0.03818
  31618.2   0.03858
  31812.1   0.03800
  32008.5   0.03721
  32207.3   0.03675
  32408.6   0.03706
  32612.4   0.03722
  32818.8   0.03693
  33027.9   0.03652
  33239.6   0.03580
  33454.1   0.03535
  33671.3   0.03523
  33891.4   0.03508
  34114.3   0.03442
  34340.3   0.03379
  34569.2   0.03365
  34801.2   0.03280
  35036.3   0.03264
  35274.7   0.03300
  35516.3   0.03181
  35761.2   0.03095
  36009.6   0.03136
  36261.4   0.03150
  36516.7   0.03071
  36775.7   0.03000
  37038.4   0.02916
  37304.9   0.02818
  37575.2   0.02713
  37849.5   0.02752
  38127.8   0.02786
  38410.2   0.02793
  38696.8   0.02717
  38987.8   0.02724
  39283.2   0.02849
  39583.0   0.02872
  39887.5   0.02888
  40196.7   0.02943
  40510.8   0.03066
  40829.7   0.03414
  41153.8   0.03547
  41483.0   0.03701
  41817.6   0.03814
  42157.5   0.03860
  42503.1   0.03944
  42854.4   0.04000
  43211.5   0.04025
  43574.6   0.04045
  43943.9   0.04044
  44319.5   0.04024
  44701.5   0.04074
  45090.2   0.04106
  45485.8   0.03958
  45888.3   0.03828
  46298.0   0.03666
  46715.1   0.03776
  47139.8   0.03925
  47572.3   0.03946
  48012.8   0.04082
  48461.5   0.04074
  48918.6   0.04043
  49384.6   0.04258
  49859.4   0.04260
  50343.5   0.03986
  50837.0   0.03781
  51340.4   0.03843
  51853.8   0.03622
  52377.6   0.03582
  52912.0   0.03366
  53457.5   0.03085
  54014.4   0.03300
  54582.9   0.03688
  55163.6   0.03829
  55756.8   0.03873
  56362.8   0.03864
  56982.2   0.03482
  57615.3   0.03515
  58262.7   0.04182
  58924.7   0.04270
  59602.0   0.04102
  60295.1   0.04072
  61004.4   0.04047
  61730.7   0.04102
  62474.4   0.04077
  63236.3   0.04441
  64017.0   0.04555
  64817.2   0.04213
  65637.7   0.04426
  66479.2   0.04703
  67342.6   0.04350
  68228.6   0.04258
  69138.4   0.04243
  70072.7   0.03815
  71032.6   0.03774
  72019.1   0.04439
  73033.5   0.04670
  74076.8   0.04263
  75150.4   0.03596
  76255.5   0.03262
  77393.7   0.03000
  78566.3   0.02674
  79775.0   0.04009
  81021.5   0.04336
  82307.6   0.04127
  83635.1   0.04300
  85006.2   0.03640
  86423.0   0.03819
  87887.8   0.04708
  89403.0   0.05385
  90971.5   0.05349
  92596.0   0.04194
  94279.6   0.01331
  96025.5   0.02159
  97837.3   0.02438
  99718.8   0.01627



 BIR1LR229           .ASC                        

 LR-LEN-229
 60015 plagioclase 75-150 um                                             
 Connected at 3.65 & 18.8 um                                             

 Source Ang: 30.00   Detect Ang:  0.00  Volt: 1.222
 Date: 21-DEC-10   Time: 15:07:18
