  6016
    833.3   0.38436
    833.5   0.38395
    833.6   0.38370
    833.7   0.38460
    833.9   0.38454
    834.0   0.38346
    834.1   0.38330
    834.3   0.38384
    834.4   0.38386
    834.5   0.38406
    834.7   0.38450
    834.8   0.38331
    835.0   0.38300
    835.1   0.38395
    835.2   0.38395
    835.3   0.38360
    835.5   0.38330
    835.6   0.38358
    835.8   0.38389
    835.9   0.38397
    836.0   0.38347
    836.2   0.38284
    836.3   0.38259
    836.4   0.38328
    836.6   0.38332
    836.7   0.38263
    836.8   0.38245
    837.0   0.38291
    837.1   0.38389
    837.2   0.38326
    837.4   0.38283
    837.5   0.38327
    837.6   0.38312
    837.8   0.38284
    837.9   0.38259
    838.0   0.38246
    838.2   0.38283
    838.3   0.38338
    838.5   0.38331
    838.6   0.38304
    838.7   0.38309
    838.9   0.38329
    839.0   0.38320
    839.1   0.38185
    839.3   0.38101
    839.4   0.38142
    839.5   0.38227
    839.7   0.38249
    839.8   0.38221
    840.0   0.38238
    840.1   0.38270
    840.2   0.38285
    840.4   0.38241
    840.5   0.38219
    840.6   0.38194
    840.8   0.38100
    840.9   0.38110
    841.0   0.38104
    841.2   0.38098
    841.3   0.38209
    841.5   0.38193
    841.6   0.38153
    841.7   0.38210
    841.9   0.38209
    842.0   0.38146
    842.1   0.38119
    842.3   0.38062
    842.4   0.38025
    842.5   0.38147
    842.7   0.38237
    842.8   0.38111
    843.0   0.38030
    843.1   0.38085
    843.2   0.38172
    843.4   0.38182
    843.5   0.38105
    843.6   0.38030
    843.8   0.38039
    843.9   0.38057
    844.0   0.38112
    844.2   0.38167
    844.3   0.38119
    844.5   0.38027
    844.6   0.38080
    844.7   0.38176
    844.9   0.38111
    845.0   0.37967
    845.2   0.37922
    845.3   0.37983
    845.4   0.38031
    845.6   0.37996
    845.7   0.37955
    845.8   0.37974
    846.0   0.38008
    846.1   0.38056
    846.3   0.38049
    846.4   0.37957
    846.5   0.37986
    846.7   0.38021
    846.8   0.38025
    847.0   0.37951
    847.1   0.37978
    847.2   0.38031
    847.4   0.38016
    847.5   0.37985
    847.6   0.37979
    847.8   0.37940
    847.9   0.37955
    848.1   0.38013
    848.2   0.38047
    848.3   0.38065
    848.5   0.38025
    848.6   0.37932
    848.8   0.37848
    848.9   0.37856
    849.0   0.37903
    849.2   0.37953
    849.3   0.38006
    849.5   0.37948
    849.6   0.37879
    849.7   0.37960
    849.9   0.37968
    850.0   0.37916
    850.1   0.37959
    850.3   0.37964
    850.4   0.37888
    850.6   0.37890
    850.7   0.37964
    850.8   0.37874
    851.0   0.37796
    851.1   0.37854
    851.3   0.37851
    851.4   0.37940
    851.5   0.38013
    851.7   0.37921
    851.8   0.37818
    852.0   0.37802
    852.1   0.37853
    852.2   0.37883
    852.4   0.37828
    852.5   0.37797
    852.7   0.37787
    852.8   0.37776
    852.9   0.37799
    853.1   0.37828
    853.2   0.37897
    853.4   0.37929
    853.5   0.37936
    853.6   0.37945
    853.8   0.37922
    853.9   0.37921
    854.1   0.37854
    854.2   0.37793
    854.3   0.37850
    854.5   0.37902
    854.6   0.37855
    854.8   0.37844
    854.9   0.37798
    855.0   0.37761
    855.2   0.37854
    855.3   0.37928
    855.5   0.37840
    855.6   0.37766
    855.8   0.37736
    855.9   0.37796
    856.0   0.37835
    856.2   0.37849
    856.3   0.37884
    856.5   0.37849
    856.6   0.37724
    856.8   0.37712
    856.9   0.37831
    857.0   0.37849
    857.2   0.37798
    857.3   0.37768
    857.5   0.37736
    857.6   0.37695
    857.7   0.37720
    857.9   0.37776
    858.0   0.37721
    858.2   0.37653
    858.3   0.37713
    858.5   0.37765
    858.6   0.37710
    858.7   0.37724
    858.9   0.37728
    859.0   0.37660
    859.2   0.37581
    859.3   0.37597
    859.4   0.37651
    859.6   0.37705
    859.7   0.37728
    859.9   0.37756
    860.0   0.37779
    860.2   0.37640
    860.3   0.37600
    860.4   0.37667
    860.6   0.37680
    860.7   0.37639
    860.9   0.37642
    861.0   0.37672
    861.2   0.37765
    861.3   0.37752
    861.4   0.37664
    861.6   0.37670
    861.7   0.37660
    861.9   0.37682
    862.0   0.37746
    862.2   0.37682
    862.3   0.37620
    862.5   0.37594
    862.6   0.37582
    862.7   0.37616
    862.9   0.37634
    863.0   0.37610
    863.2   0.37600
    863.3   0.37581
    863.5   0.37548
    863.6   0.37597
    863.7   0.37641
    863.9   0.37546
    864.0   0.37450
    864.2   0.37483
    864.3   0.37556
    864.5   0.37607
    864.6   0.37588
    864.8   0.37520
    864.9   0.37494
    865.0   0.37540
    865.2   0.37592
    865.3   0.37633
    865.5   0.37564
    865.6   0.37498
    865.8   0.37473
    865.9   0.37510
    866.0   0.37554
    866.2   0.37520
    866.3   0.37533
    866.5   0.37537
    866.6   0.37509
    866.8   0.37476
    866.9   0.37461
    867.1   0.37451
    867.2   0.37447
    867.3   0.37490
    867.5   0.37470
    867.6   0.37411
    867.8   0.37444
    867.9   0.37529
    868.1   0.37546
    868.2   0.37464
    868.4   0.37425
    868.5   0.37469
    868.7   0.37411
    868.8   0.37362
    869.0   0.37395
    869.1   0.37411
    869.2   0.37458
    869.4   0.37452
    869.5   0.37447
    869.7   0.37448
    869.8   0.37407
    870.0   0.37417
    870.1   0.37432
    870.3   0.37421
    870.4   0.37381
    870.6   0.37378
    870.7   0.37327
    870.8   0.37304
    871.0   0.37345
    871.1   0.37371
    871.3   0.37367
    871.4   0.37357
    871.6   0.37356
    871.7   0.37329
    871.9   0.37312
    872.0   0.37315
    872.2   0.37327
    872.3   0.37341
    872.5   0.37304
    872.6   0.37256
    872.8   0.37283
    872.9   0.37325
    873.0   0.37338
    873.2   0.37351
    873.3   0.37324
    873.5   0.37320
    873.6   0.37363
    873.8   0.37359
    873.9   0.37336
    874.1   0.37333
    874.2   0.37274
    874.4   0.37280
    874.5   0.37268
    874.7   0.37172
    874.8   0.37134
    875.0   0.37224
    875.1   0.37296
    875.3   0.37291
    875.4   0.37271
    875.5   0.37264
    875.7   0.37218
    875.8   0.37228
    876.0   0.37233
    876.2   0.37205
    876.3   0.37243
    876.4   0.37310
    876.6   0.37299
    876.7   0.37224
    876.9   0.37189
    877.0   0.37220
    877.2   0.37248
    877.3   0.37208
    877.5   0.37179
    877.6   0.37199
    877.8   0.37203
    877.9   0.37208
    878.1   0.37205
    878.2   0.37207
    878.4   0.37228
    878.5   0.37245
    878.7   0.37231
    878.8   0.37217
    879.0   0.37205
    879.1   0.37220
    879.3   0.37202
    879.4   0.37155
    879.6   0.37133
    879.7   0.37092
    879.9   0.37094
    880.0   0.37180
    880.2   0.37191
    880.3   0.37114
    880.5   0.37094
    880.6   0.37205
    880.8   0.37241
    880.9   0.37210
    881.1   0.37189
    881.2   0.37146
    881.4   0.37103
    881.5   0.37108
    881.7   0.37143
    881.8   0.37141
    882.0   0.37123
    882.1   0.37091
    882.3   0.37089
    882.4   0.37139
    882.6   0.37168
    882.7   0.37098
    882.9   0.37024
    883.0   0.37053
    883.2   0.37110
    883.3   0.37114
    883.5   0.37058
    883.6   0.37048
    883.8   0.37066
    883.9   0.37063
    884.1   0.37061
    884.2   0.37065
    884.4   0.37039
    884.5   0.37002
    884.7   0.36979
    884.8   0.36970
    885.0   0.36980
    885.1   0.37012
    885.3   0.36993
    885.4   0.36977
    885.6   0.37010
    885.7   0.37047
    885.9   0.36992
    886.0   0.36986
    886.2   0.37007
    886.3   0.37022
    886.5   0.37020
    886.6   0.37025
    886.8   0.37025
    886.9   0.36974
    887.1   0.36965
    887.2   0.37016
    887.4   0.37013
    887.5   0.36999
    887.7   0.37013
    887.8   0.37010
    888.0   0.36997
    888.2   0.36980
    888.3   0.36971
    888.5   0.36948
    888.6   0.36948
    888.8   0.36956
    888.9   0.36951
    889.1   0.36964
    889.2   0.36924
    889.4   0.36876
    889.5   0.36869
    889.7   0.36907
    889.8   0.36946
    890.0   0.36947
    890.1   0.36908
    890.3   0.36882
    890.4   0.36902
    890.6   0.36966
    890.8   0.36949
    890.9   0.36904
    891.0   0.36920
    891.2   0.36934
    891.4   0.36901
    891.5   0.36865
    891.7   0.36839
    891.8   0.36856
    892.0   0.36885
    892.1   0.36865
    892.3   0.36866
    892.4   0.36892
    892.6   0.36902
    892.7   0.36893
    892.9   0.36891
    893.0   0.36893
    893.2   0.36908
    893.4   0.36903
    893.5   0.36883
    893.7   0.36899
    893.8   0.36876
    894.0   0.36836
    894.1   0.36830
    894.3   0.36843
    894.4   0.36858
    894.6   0.36846
    894.7   0.36825
    894.9   0.36824
    895.0   0.36809
    895.2   0.36829
    895.4   0.36823
    895.5   0.36801
    895.7   0.36804
    895.8   0.36822
    896.0   0.36833
    896.1   0.36823
    896.3   0.36784
    896.4   0.36788
    896.6   0.36820
    896.8   0.36816
    896.9   0.36786
    897.1   0.36767
    897.2   0.36788
    897.4   0.36786
    897.5   0.36743
    897.7   0.36736
    897.8   0.36753
    898.0   0.36745
    898.2   0.36750
    898.3   0.36805
    898.5   0.36831
    898.6   0.36784
    898.8   0.36740
    898.9   0.36753
    899.1   0.36752
    899.2   0.36747
    899.4   0.36756
    899.6   0.36711
    899.7   0.36695
    899.9   0.36725
    900.0   0.36768
    900.2   0.36767
    900.3   0.36718
    900.5   0.36732
    900.7   0.36751
    900.8   0.36716
    901.0   0.36721
    901.1   0.36721
    901.3   0.36695
    901.4   0.36693
    901.6   0.36713
    901.8   0.36738
    901.9   0.36726
    902.1   0.36699
    902.2   0.36681
    902.4   0.36688
    902.5   0.36692
    902.7   0.36659
    902.8   0.36637
    903.0   0.36636
    903.2   0.36673
    903.3   0.36691
    903.5   0.36662
    903.6   0.36651
    903.8   0.36665
    904.0   0.36667
    904.1   0.36669
    904.3   0.36635
    904.4   0.36636
    904.6   0.36650
    904.7   0.36657
    904.9   0.36632
    905.0   0.36599
    905.2   0.36597
    905.4   0.36582
    905.5   0.36565
    905.7   0.36600
    905.8   0.36637
    906.0   0.36602
    906.2   0.36588
    906.3   0.36577
    906.5   0.36572
    906.6   0.36584
    906.8   0.36560
    907.0   0.36549
    907.1   0.36555
    907.3   0.36532
    907.4   0.36548
    907.6   0.36596
    907.7   0.36560
    907.9   0.36514
    908.1   0.36519
    908.2   0.36519
    908.4   0.36545
    908.5   0.36554
    908.7   0.36545
    908.9   0.36546
    909.0   0.36584
    909.2   0.36599
    909.3   0.36564
    909.5   0.36568
    909.7   0.36571
    909.8   0.36552
    910.0   0.36526
    910.1   0.36510
    910.3   0.36534
    910.5   0.36582
    910.6   0.36621
    910.8   0.36618
    910.9   0.36561
    911.1   0.36558
    911.3   0.36602
    911.4   0.36577
    911.6   0.36555
    911.7   0.36562
    911.9   0.36532
    912.1   0.36516
    912.2   0.36545
    912.4   0.36536
    912.5   0.36504
    912.7   0.36520
    912.9   0.36518
    913.0   0.36498
    913.2   0.36498
    913.3   0.36503
    913.5   0.36458
    913.7   0.36463
    913.8   0.36500
    914.0   0.36485
    914.2   0.36465
    914.3   0.36470
    914.5   0.36501
    914.6   0.36514
    914.8   0.36468
    915.0   0.36428
    915.1   0.36423
    915.3   0.36435
    915.4   0.36472
    915.6   0.36478
    915.8   0.36469
    915.9   0.36446
    916.1   0.36442
    916.3   0.36439
    916.4   0.36464
    916.6   0.36483
    916.7   0.36457
    916.9   0.36410
    917.1   0.36403
    917.2   0.36446
    917.4   0.36442
    917.5   0.36437
    917.7   0.36448
    917.9   0.36480
    918.0   0.36481
    918.2   0.36456
    918.4   0.36443
    918.5   0.36418
    918.7   0.36400
    918.8   0.36378
    919.0   0.36378
    919.2   0.36389
    919.3   0.36399
    919.5   0.36424
    919.7   0.36430
    919.8   0.36429
    920.0   0.36414
    920.2   0.36386
    920.3   0.36364
    920.5   0.36384
    920.6   0.36429
    920.8   0.36419
    921.0   0.36398
    921.1   0.36397
    921.3   0.36413
    921.5   0.36421
    921.6   0.36414
    921.8   0.36383
    922.0   0.36372
    922.1   0.36379
    922.3   0.36373
    922.4   0.36392
    922.6   0.36422
    922.8   0.36406
    922.9   0.36389
    923.1   0.36401
    923.3   0.36409
    923.4   0.36393
    923.6   0.36392
    923.8   0.36370
    923.9   0.36362
    924.1   0.36360
    924.3   0.36360
    924.4   0.36380
    924.6   0.36372
    924.7   0.36340
    924.9   0.36323
    925.1   0.36344
    925.2   0.36344
    925.4   0.36342
    925.6   0.36324
    925.7   0.36318
    925.9   0.36313
    926.1   0.36290
    926.2   0.36299
    926.4   0.36300
    926.6   0.36309
    926.7   0.36338
    926.9   0.36344
    927.1   0.36319
    927.2   0.36339
    927.4   0.36337
    927.6   0.36311
    927.7   0.36319
    927.9   0.36332
    928.0   0.36305
    928.2   0.36285
    928.4   0.36315
    928.5   0.36336
    928.7   0.36304
    928.9   0.36298
    929.0   0.36306
    929.2   0.36294
    929.4   0.36313
    929.5   0.36300
    929.7   0.36258
    929.9   0.36266
    930.0   0.36293
    930.2   0.36295
    930.4   0.36306
    930.5   0.36305
    930.7   0.36288
    930.9   0.36268
    931.0   0.36240
    931.2   0.36254
    931.4   0.36268
    931.6   0.36260
    931.7   0.36279
    931.9   0.36280
    932.1   0.36252
    932.2   0.36233
    932.4   0.36216
    932.6   0.36194
    932.7   0.36210
    932.9   0.36258
    933.1   0.36269
    933.2   0.36249
    933.4   0.36231
    933.6   0.36247
    933.7   0.36243
    933.9   0.36234
    934.1   0.36220
    934.2   0.36233
    934.4   0.36266
    934.6   0.36251
    934.8   0.36215
    934.9   0.36216
    935.1   0.36217
    935.3   0.36224
    935.4   0.36219
    935.6   0.36209
    935.8   0.36209
    935.9   0.36200
    936.1   0.36199
    936.3   0.36202
    936.4   0.36213
    936.6   0.36209
    936.8   0.36218
    936.9   0.36196
    937.1   0.36183
    937.3   0.36193
    937.5   0.36202
    937.6   0.36187
    937.8   0.36173
    938.0   0.36169
    938.1   0.36149
    938.3   0.36141
    938.5   0.36134
    938.6   0.36157
    938.8   0.36177
    939.0   0.36152
    939.2   0.36154
    939.3   0.36169
    939.5   0.36159
    939.7   0.36147
    939.8   0.36159
    940.0   0.36167
    940.2   0.36160
    940.3   0.36152
    940.5   0.36158
    940.7   0.36157
    940.8   0.36139
    941.0   0.36144
    941.2   0.36158
    941.4   0.36157
    941.5   0.36161
    941.7   0.36158
    941.9   0.36154
    942.0   0.36159
    942.2   0.36153
    942.4   0.36162
    942.6   0.36162
    942.7   0.36141
    942.9   0.36134
    943.1   0.36124
    943.3   0.36122
    943.4   0.36121
    943.6   0.36144
    943.8   0.36130
    943.9   0.36120
    944.1   0.36143
    944.3   0.36125
    944.5   0.36092
    944.6   0.36085
    944.8   0.36099
    945.0   0.36111
    945.1   0.36089
    945.3   0.36097
    945.5   0.36133
    945.7   0.36146
    945.8   0.36133
    946.0   0.36108
    946.2   0.36091
    946.3   0.36078
    946.5   0.36087
    946.7   0.36097
    946.9   0.36103
    947.0   0.36119
    947.2   0.36136
    947.4   0.36127
    947.6   0.36117
    947.7   0.36111
    947.9   0.36095
    948.1   0.36082
    948.3   0.36078
    948.4   0.36088
    948.6   0.36084
    948.8   0.36062
    949.0   0.36058
    949.1   0.36068
    949.3   0.36074
    949.5   0.36073
    949.6   0.36081
    949.8   0.36080
    950.0   0.36077
    950.2   0.36084
    950.3   0.36066
    950.5   0.36046
    950.7   0.36046
    950.9   0.36052
    951.0   0.36043
    951.2   0.36054
    951.4   0.36068
    951.6   0.36068
    951.7   0.36034
    951.9   0.36031
    952.1   0.36045
    952.3   0.36050
    952.4   0.36048
    952.6   0.36025
    952.8   0.36014
    953.0   0.36037
    953.1   0.36039
    953.3   0.36045
    953.5   0.36048
    953.7   0.36049
    953.8   0.36033
    954.0   0.36026
    954.2   0.36044
    954.4   0.36044
    954.5   0.36045
    954.7   0.36049
    954.9   0.36054
    955.1   0.36038
    955.2   0.36032
    955.4   0.36024
    955.6   0.36046
    955.8   0.36063
    956.0   0.36041
    956.1   0.36032
    956.3   0.36036
    956.5   0.36015
    956.7   0.36000
    956.8   0.36010
    957.0   0.36013
    957.2   0.36017
    957.4   0.36038
    957.5   0.36028
    957.7   0.36011
    957.9   0.35998
    958.1   0.35973
    958.2   0.35999
    958.4   0.36027
    958.6   0.36018
    958.8   0.36019
    959.0   0.35997
    959.1   0.35964
    959.3   0.35965
    959.5   0.35992
    959.7   0.35998
    959.8   0.36001
    960.0   0.35988
    960.2   0.35970
    960.4   0.35981
    960.5   0.36001
    960.7   0.36017
    960.9   0.35998
    961.1   0.35979
    961.3   0.35993
    961.4   0.35997
    961.6   0.35993
    961.8   0.35987
    962.0   0.35974
    962.2   0.35969
    962.3   0.35966
    962.5   0.35965
    962.7   0.35959
    962.9   0.35962
    963.0   0.35990
    963.2   0.35984
    963.4   0.35971
    963.6   0.35977
    963.8   0.35956
    963.9   0.35939
    964.1   0.35951
    964.3   0.35969
    964.5   0.35963
    964.7   0.35959
    964.8   0.35965
    965.0   0.35982
    965.2   0.35969
    965.4   0.35945
    965.6   0.35936
    965.7   0.35932
    965.9   0.35938
    966.1   0.35944
    966.3   0.35946
    966.5   0.35938
    966.6   0.35918
    966.8   0.35929
    967.0   0.35936
    967.2   0.35942
    967.4   0.35936
    967.5   0.35931
    967.7   0.35936
    967.9   0.35932
    968.1   0.35926
    968.3   0.35926
    968.4   0.35933
    968.6   0.35922
    968.8   0.35921
    969.0   0.35942
    969.2   0.35938
    969.3   0.35910
    969.5   0.35906
    969.7   0.35907
    969.9   0.35908
    970.1   0.35920
    970.3   0.35917
    970.4   0.35917
    970.6   0.35934
    970.8   0.35940
    971.0   0.35953
    971.2   0.35947
    971.3   0.35912
    971.5   0.35906
    971.7   0.35923
    971.9   0.35935
    972.1   0.35913
    972.3   0.35893
    972.4   0.35878
    972.6   0.35881
    972.8   0.35878
    973.0   0.35867
    973.2   0.35879
    973.3   0.35902
    973.5   0.35914
    973.7   0.35917
    973.9   0.35920
    974.1   0.35894
    974.3   0.35872
    974.5   0.35881
    974.6   0.35885
    974.8   0.35879
    975.0   0.35883
    975.2   0.35888
    975.4   0.35883
    975.5   0.35888
    975.7   0.35893
    975.9   0.35876
    976.1   0.35863
    976.3   0.35866
    976.5   0.35881
    976.7   0.35884
    976.8   0.35884
    977.0   0.35885
    977.2   0.35880
    977.4   0.35870
    977.6   0.35864
    977.8   0.35866
    977.9   0.35869
    978.1   0.35868
    978.3   0.35872
    978.5   0.35875
    978.7   0.35879
    978.9   0.35888
    979.0   0.35864
    979.2   0.35855
    979.4   0.35852
    979.6   0.35838
    979.8   0.35840
    980.0   0.35860
    980.2   0.35871
    980.3   0.35872
    980.5   0.35875
    980.7   0.35877
    980.9   0.35851
    981.1   0.35826
    981.3   0.35853
    981.5   0.35860
    981.7   0.35849
    981.8   0.35850
    982.0   0.35849
    982.2   0.35845
    982.4   0.35828
    982.6   0.35811
    982.8   0.35827
    983.0   0.35840
    983.1   0.35841
    983.3   0.35846
    983.5   0.35829
    983.7   0.35824
    983.9   0.35847
    984.1   0.35847
    984.3   0.35817
    984.4   0.35810
    984.6   0.35838
    984.8   0.35841
    985.0   0.35838
    985.2   0.35831
    985.4   0.35812
    985.6   0.35800
    985.8   0.35797
    985.9   0.35801
    986.1   0.35809
    986.3   0.35822
    986.5   0.35821
    986.7   0.35810
    986.9   0.35809
    987.1   0.35817
    987.3   0.35824
    987.4   0.35801
    987.6   0.35773
    987.8   0.35795
    988.0   0.35822
    988.2   0.35828
    988.4   0.35815
    988.6   0.35804
    988.8   0.35809
    989.0   0.35790
    989.1   0.35777
    989.3   0.35774
    989.5   0.35792
    989.7   0.35805
    989.9   0.35803
    990.1   0.35799
    990.3   0.35795
    990.5   0.35786
    990.7   0.35780
    990.8   0.35773
    991.0   0.35773
    991.2   0.35786
    991.4   0.35783
    991.6   0.35786
    991.8   0.35798
    992.0   0.35800
    992.2   0.35802
    992.4   0.35802
    992.5   0.35791
    992.7   0.35793
    992.9   0.35786
    993.1   0.35776
    993.3   0.35775
    993.5   0.35789
    993.7   0.35806
    993.9   0.35785
    994.1   0.35760
    994.3   0.35769
    994.5   0.35773
    994.6   0.35768
    994.8   0.35764
    995.0   0.35773
    995.2   0.35774
    995.4   0.35779
    995.6   0.35788
    995.8   0.35782
    996.0   0.35757
    996.2   0.35758
    996.4   0.35785
    996.5   0.35778
    996.7   0.35768
    996.9   0.35768
    997.1   0.35751
    997.3   0.35740
    997.5   0.35759
    997.7   0.35766
    997.9   0.35757
    998.1   0.35764
    998.3   0.35766
    998.5   0.35748
    998.7   0.35737
    998.9   0.35738
    999.0   0.35734
    999.2   0.35723
    999.4   0.35726
    999.6   0.35753
    999.8   0.35770
   1000.0   0.35773
   1000.2   0.35762
   1000.4   0.35749
   1000.6   0.35757
   1000.8   0.35763
   1001.0   0.35754
   1001.2   0.35745
   1001.4   0.35742
   1001.6   0.35738
   1001.8   0.35731
   1001.9   0.35728
   1002.1   0.35720
   1002.3   0.35720
   1002.5   0.35737
   1002.7   0.35743
   1002.9   0.35737
   1003.1   0.35737
   1003.3   0.35752
   1003.5   0.35745
   1003.7   0.35741
   1003.9   0.35730
   1004.1   0.35711
   1004.3   0.35729
   1004.5   0.35759
   1004.7   0.35743
   1004.9   0.35719
   1005.0   0.35707
   1005.3   0.35709
   1005.4   0.35716
   1005.6   0.35712
   1005.8   0.35694
   1006.0   0.35691
   1006.2   0.35706
   1006.4   0.35714
   1006.6   0.35723
   1006.8   0.35728
   1007.0   0.35723
   1007.2   0.35713
   1007.4   0.35707
   1007.6   0.35700
   1007.8   0.35705
   1008.0   0.35702
   1008.2   0.35705
   1008.4   0.35699
   1008.6   0.35696
   1008.8   0.35701
   1009.0   0.35702
   1009.2   0.35694
   1009.4   0.35684
   1009.5   0.35689
   1009.8   0.35689
   1010.0   0.35679
   1010.1   0.35684
   1010.3   0.35690
   1010.5   0.35693
   1010.7   0.35687
   1010.9   0.35685
   1011.1   0.35692
   1011.3   0.35682
   1011.5   0.35682
   1011.7   0.35686
   1011.9   0.35681
   1012.1   0.35689
   1012.3   0.35686
   1012.5   0.35685
   1012.7   0.35700
   1012.9   0.35702
   1013.1   0.35695
   1013.3   0.35679
   1013.5   0.35665
   1013.7   0.35664
   1013.9   0.35681
   1014.1   0.35691
   1014.3   0.35692
   1014.5   0.35679
   1014.7   0.35669
   1014.9   0.35660
   1015.1   0.35653
   1015.3   0.35671
   1015.5   0.35663
   1015.7   0.35640
   1015.9   0.35644
   1016.1   0.35649
   1016.3   0.35656
   1016.5   0.35662
   1016.7   0.35660
   1016.9   0.35668
   1017.1   0.35674
   1017.3   0.35668
   1017.5   0.35662
   1017.7   0.35656
   1017.9   0.35644
   1018.1   0.35640
   1018.3   0.35650
   1018.5   0.35652
   1018.7   0.35653
   1018.9   0.35646
   1019.1   0.35632
   1019.3   0.35632
   1019.5   0.35631
   1019.7   0.35630
   1019.9   0.35626
   1020.1   0.35630
   1020.3   0.35638
   1020.5   0.35638
   1020.7   0.35627
   1020.9   0.35638
   1021.1   0.35644
   1021.3   0.35643
   1021.5   0.35637
   1021.7   0.35638
   1021.9   0.35630
   1022.1   0.35624
   1022.3   0.35629
   1022.5   0.35628
   1022.7   0.35634
   1022.9   0.35643
   1023.1   0.35633
   1023.3   0.35620
   1023.5   0.35614
   1023.7   0.35604
   1023.9   0.35613
   1024.1   0.35621
   1024.3   0.35613
   1024.5   0.35619
   1024.7   0.35614
   1024.9   0.35598
   1025.1   0.35601
   1025.3   0.35607
   1025.5   0.35597
   1025.7   0.35604
   1025.9   0.35617
   1026.1   0.35617
   1026.3   0.35602
   1026.5   0.35594
   1026.8   0.35594
   1026.9   0.35608
   1027.2   0.35607
   1027.4   0.35598
   1027.6   0.35596
   1027.8   0.35592
   1028.0   0.35586
   1028.2   0.35592
   1028.4   0.35588
   1028.6   0.35575
   1028.8   0.35571
   1029.0   0.35574
   1029.2   0.35576
   1029.4   0.35576
   1029.6   0.35570
   1029.8   0.35566
   1030.0   0.35562
   1030.2   0.35562
   1030.4   0.35566
   1030.6   0.35571
   1030.8   0.35566
   1031.0   0.35561
   1031.2   0.35562
   1031.4   0.35555
   1031.7   0.35545
   1031.8   0.35542
   1032.1   0.35544
   1032.3   0.35543
   1032.5   0.35537
   1032.7   0.35528
   1032.9   0.35528
   1033.1   0.35536
   1033.3   0.35543
   1033.5   0.35549
   1033.7   0.35552
   1033.9   0.35545
   1034.1   0.35530
   1034.3   0.35529
   1034.5   0.35532
   1034.7   0.35527
   1034.9   0.35522
   1035.2   0.35518
   1035.4   0.35524
   1035.6   0.35519
   1035.8   0.35512
   1036.0   0.35518
   1036.2   0.35522
   1036.4   0.35519
   1036.6   0.35521
   1036.8   0.35510
   1037.0   0.35499
   1037.2   0.35499
   1037.4   0.35508
   1037.6   0.35502
   1037.8   0.35491
   1038.1   0.35489
   1038.3   0.35492
   1038.5   0.35501
   1038.7   0.35504
   1038.9   0.35510
   1039.1   0.35503
   1039.3   0.35485
   1039.5   0.35478
   1039.7   0.35482
   1039.9   0.35487
   1040.1   0.35492
   1040.3   0.35480
   1040.6   0.35466
   1040.8   0.35458
   1041.0   0.35463
   1041.2   0.35469
   1041.4   0.35470
   1041.6   0.35462
   1041.8   0.35446
   1042.0   0.35439
   1042.2   0.35454
   1042.4   0.35462
   1042.6   0.35455
   1042.8   0.35460
   1043.1   0.35457
   1043.3   0.35457
   1043.5   0.35454
   1043.7   0.35456
   1043.9   0.35457
   1044.1   0.35448
   1044.3   0.35435
   1044.5   0.35429
   1044.8   0.35435
   1045.0   0.35440
   1045.2   0.35443
   1045.4   0.35438
   1045.6   0.35431
   1045.8   0.35434
   1046.0   0.35431
   1046.2   0.35417
   1046.4   0.35415
   1046.6   0.35413
   1046.9   0.35401
   1047.1   0.35410
   1047.3   0.35414
   1047.5   0.35406
   1047.7   0.35409
   1047.9   0.35401
   1048.1   0.35391
   1048.3   0.35388
   1048.6   0.35394
   1048.8   0.35403
   1049.0   0.35413
   1049.2   0.35423
   1049.4   0.35409
   1049.6   0.35388
   1049.8   0.35380
   1050.0   0.35383
   1050.3   0.35384
   1050.5   0.35384
   1050.7   0.35373
   1050.9   0.35365
   1051.1   0.35364
   1051.3   0.35371
   1051.5   0.35375
   1051.7   0.35364
   1051.9   0.35357
   1052.2   0.35355
   1052.4   0.35343
   1052.6   0.35340
   1052.8   0.35347
   1053.0   0.35342
   1053.2   0.35329
   1053.4   0.35330
   1053.7   0.35341
   1053.9   0.35346
   1054.1   0.35353
   1054.3   0.35359
   1054.5   0.35349
   1054.7   0.35336
   1054.9   0.35333
   1055.2   0.35327
   1055.4   0.35320
   1055.6   0.35315
   1055.8   0.35315
   1056.0   0.35318
   1056.2   0.35320
   1056.4   0.35311
   1056.7   0.35305
   1056.9   0.35304
   1057.1   0.35300
   1057.3   0.35302
   1057.5   0.35305
   1057.8   0.35297
   1058.0   0.35288
   1058.2   0.35280
   1058.4   0.35278
   1058.6   0.35280
   1058.8   0.35281
   1059.0   0.35271
   1059.3   0.35272
   1059.5   0.35274
   1059.7   0.35264
   1059.9   0.35257
   1060.1   0.35261
   1060.3   0.35269
   1060.6   0.35271
   1060.8   0.35275
   1061.0   0.35272
   1061.2   0.35258
   1061.4   0.35244
   1061.7   0.35235
   1061.9   0.35237
   1062.1   0.35241
   1062.3   0.35231
   1062.5   0.35217
   1062.7   0.35210
   1062.9   0.35215
   1063.2   0.35212
   1063.4   0.35212
   1063.6   0.35216
   1063.8   0.35214
   1064.0   0.35210
   1064.3   0.35212
   1064.5   0.35208
   1064.7   0.35205
   1064.9   0.35201
   1065.1   0.35184
   1065.3   0.35181
   1065.6   0.35193
   1065.8   0.35201
   1066.0   0.35189
   1066.2   0.35185
   1066.4   0.35189
   1066.7   0.35182
   1066.9   0.35168
   1067.1   0.35160
   1067.3   0.35160
   1067.6   0.35150
   1067.8   0.35148
   1068.0   0.35163
   1068.2   0.35171
   1068.4   0.35160
   1068.7   0.35145
   1068.9   0.35137
   1069.1   0.35138
   1069.3   0.35137
   1069.5   0.35120
   1069.8   0.35113
   1070.0   0.35130
   1070.2   0.35131
   1070.4   0.35127
   1070.6   0.35119
   1070.8   0.35104
   1071.1   0.35108
   1071.3   0.35112
   1071.5   0.35100
   1071.7   0.35101
   1072.0   0.35106
   1072.2   0.35103
   1072.4   0.35101
   1072.6   0.35092
   1072.8   0.35092
   1073.1   0.35093
   1073.3   0.35085
   1073.5   0.35086
   1073.7   0.35080
   1074.0   0.35066
   1074.2   0.35064
   1074.4   0.35070
   1074.6   0.35079
   1074.8   0.35066
   1075.1   0.35062
   1075.3   0.35064
   1075.5   0.35059
   1075.7   0.35056
   1076.0   0.35047
   1076.2   0.35041
   1076.4   0.35033
   1076.6   0.35030
   1076.9   0.35033
   1077.1   0.35034
   1077.3   0.35020
   1077.5   0.35007
   1077.8   0.35012
   1078.0   0.35008
   1078.2   0.35008
   1078.4   0.35008
   1078.7   0.34998
   1078.9   0.34993
   1079.1   0.34996
   1079.3   0.34991
   1079.6   0.34988
   1079.8   0.34985
   1080.0   0.34983
   1080.2   0.34979
   1080.4   0.34962
   1080.7   0.34953
   1080.9   0.34971
   1081.1   0.34964
   1081.3   0.34936
   1081.6   0.34939
   1081.8   0.34947
   1082.0   0.34951
   1082.3   0.34942
   1082.5   0.34935
   1082.7   0.34937
   1082.9   0.34936
   1083.2   0.34926
   1083.4   0.34931
   1083.6   0.34931
   1083.8   0.34930
   1084.1   0.34930
   1084.3   0.34923
   1084.5   0.34917
   1084.8   0.34907
   1085.0   0.34900
   1085.2   0.34895
   1085.4   0.34895
   1085.7   0.34896
   1085.9   0.34893
   1086.1   0.34886
   1086.3   0.34882
   1086.6   0.34882
   1086.8   0.34871
   1087.0   0.34857
   1087.3   0.34861
   1087.5   0.34863
   1087.7   0.34844
   1087.9   0.34842
   1088.2   0.34846
   1088.4   0.34839
   1088.6   0.34842
   1088.8   0.34846
   1089.1   0.34836
   1089.3   0.34834
   1089.5   0.34834
   1089.8   0.34831
   1090.0   0.34831
   1090.2   0.34824
   1090.4   0.34822
   1090.7   0.34815
   1090.9   0.34800
   1091.1   0.34795
   1091.4   0.34801
   1091.6   0.34801
   1091.8   0.34798
   1092.1   0.34792
   1092.3   0.34778
   1092.5   0.34775
   1092.8   0.34776
   1093.0   0.34774
   1093.2   0.34769
   1093.4   0.34765
   1093.7   0.34765
   1093.9   0.34766
   1094.1   0.34760
   1094.4   0.34732
   1094.6   0.34728
   1094.8   0.34738
   1095.1   0.34736
   1095.3   0.34728
   1095.5   0.34727
   1095.8   0.34730
   1096.0   0.34726
   1096.2   0.34715
   1096.4   0.34717
   1096.7   0.34714
   1096.9   0.34705
   1097.1   0.34702
   1097.4   0.34697
   1097.6   0.34692
   1097.8   0.34688
   1098.1   0.34684
   1098.3   0.34679
   1098.5   0.34680
   1098.8   0.34680
   1099.0   0.34672
   1099.2   0.34666
   1099.5   0.34662
   1099.7   0.34657
   1099.9   0.34651
   1100.2   0.34652
   1100.4   0.34649
   1100.6   0.34640
   1100.9   0.34635
   1101.1   0.34634
   1101.3   0.34627
   1101.6   0.34615
   1101.8   0.34615
   1102.0   0.34620
   1102.3   0.34617
   1102.5   0.34602
   1102.7   0.34589
   1103.0   0.34592
   1103.2   0.34599
   1103.4   0.34600
   1103.7   0.34601
   1103.9   0.34601
   1104.2   0.34592
   1104.4   0.34579
   1104.6   0.34576
   1104.9   0.34568
   1105.1   0.34563
   1105.3   0.34562
   1105.6   0.34562
   1105.8   0.34558
   1106.0   0.34555
   1106.3   0.34556
   1106.5   0.34556
   1106.7   0.34546
   1107.0   0.34539
   1107.2   0.34535
   1107.4   0.34526
   1107.7   0.34515
   1107.9   0.34516
   1108.2   0.34515
   1108.4   0.34511
   1108.6   0.34505
   1108.9   0.34503
   1109.1   0.34500
   1109.3   0.34497
   1109.6   0.34493
   1109.8   0.34484
   1110.1   0.34481
   1110.3   0.34485
   1110.5   0.34479
   1110.8   0.34465
   1111.0   0.34463
   1111.3   0.34468
   1111.5   0.34464
   1111.7   0.34452
   1112.0   0.34451
   1112.2   0.34441
   1112.4   0.34431
   1112.7   0.34433
   1112.9   0.34441
   1113.2   0.34436
   1113.4   0.34420
   1113.6   0.34412
   1113.9   0.34403
   1114.1   0.34400
   1114.3   0.34401
   1114.6   0.34400
   1114.8   0.34399
   1115.1   0.34401
   1115.3   0.34400
   1115.6   0.34393
   1115.8   0.34389
   1116.0   0.34386
   1116.3   0.34384
   1116.5   0.34375
   1116.8   0.34366
   1117.0   0.34368
   1117.2   0.34366
   1117.5   0.34357
   1117.7   0.34352
   1118.0   0.34350
   1118.2   0.34340
   1118.4   0.34331
   1118.7   0.34334
   1118.9   0.34333
   1119.2   0.34321
   1119.4   0.34313
   1119.7   0.34314
   1119.9   0.34316
   1120.1   0.34320
   1120.4   0.34315
   1120.6   0.34302
   1120.9   0.34306
   1121.1   0.34301
   1121.3   0.34290
   1121.6   0.34288
   1121.8   0.34284
   1122.1   0.34276
   1122.3   0.34270
   1122.6   0.34264
   1122.8   0.34268
   1123.0   0.34273
   1123.3   0.34259
   1123.5   0.34241
   1123.8   0.34250
   1124.0   0.34250
   1124.3   0.34238
   1124.5   0.34234
   1124.8   0.34229
   1125.0   0.34219
   1125.2   0.34219
   1125.5   0.34216
   1125.7   0.34205
   1126.0   0.34199
   1126.2   0.34208
   1126.5   0.34218
   1126.7   0.34212
   1126.9   0.34202
   1127.2   0.34201
   1127.4   0.34201
   1127.7   0.34198
   1127.9   0.34190
   1128.2   0.34185
   1128.4   0.34187
   1128.7   0.34183
   1128.9   0.34174
   1129.2   0.34160
   1129.4   0.34157
   1129.7   0.34160
   1129.9   0.34158
   1130.1   0.34140
   1130.4   0.34130
   1130.6   0.34130
   1130.9   0.34132
   1131.1   0.34128
   1131.4   0.34126
   1131.6   0.34129
   1131.9   0.34129
   1132.1   0.34120
   1132.4   0.34112
   1132.6   0.34101
   1132.9   0.34091
   1133.1   0.34094
   1133.3   0.34088
   1133.6   0.34094
   1133.8   0.34097
   1134.1   0.34089
   1134.3   0.34079
   1134.6   0.34079
   1134.8   0.34071
   1135.1   0.34067
   1135.3   0.34071
   1135.6   0.34061
   1135.8   0.34048
   1136.1   0.34050
   1136.3   0.34052
   1136.6   0.34039
   1136.8   0.34032
   1137.1   0.34032
   1137.3   0.34028
   1137.6   0.34026
   1137.8   0.34023
   1138.1   0.34022
   1138.3   0.34023
   1138.6   0.34015
   1138.8   0.34003
   1139.1   0.33993
   1139.3   0.33986
   1139.6   0.33985
   1139.8   0.33990
   1140.1   0.33986
   1140.3   0.33977
   1140.6   0.33969
   1140.8   0.33966
   1141.1   0.33967
   1141.3   0.33969
   1141.6   0.33964
   1141.8   0.33959
   1142.1   0.33959
   1142.3   0.33950
   1142.6   0.33950
   1142.8   0.33952
   1143.1   0.33944
   1143.3   0.33935
   1143.6   0.33927
   1143.9   0.33918
   1144.1   0.33917
   1144.4   0.33916
   1144.6   0.33907
   1144.9   0.33900
   1145.1   0.33894
   1145.4   0.33893
   1145.6   0.33897
   1145.9   0.33893
   1146.1   0.33884
   1146.4   0.33883
   1146.6   0.33878
   1146.9   0.33878
   1147.2   0.33879
   1147.4   0.33880
   1147.7   0.33873
   1147.9   0.33857
   1148.2   0.33851
   1148.4   0.33849
   1148.7   0.33853
   1148.9   0.33856
   1149.2   0.33852
   1149.4   0.33838
   1149.7   0.33827
   1149.9   0.33827
   1150.2   0.33824
   1150.4   0.33821
   1150.7   0.33816
   1151.0   0.33812
   1151.2   0.33816
   1151.5   0.33819
   1151.7   0.33811
   1152.0   0.33802
   1152.2   0.33796
   1152.5   0.33789
   1152.8   0.33786
   1153.0   0.33789
   1153.3   0.33779
   1153.5   0.33772
   1153.8   0.33768
   1154.0   0.33763
   1154.3   0.33759
   1154.6   0.33756
   1154.8   0.33753
   1155.1   0.33745
   1155.3   0.33744
   1155.6   0.33748
   1155.8   0.33744
   1156.1   0.33735
   1156.4   0.33730
   1156.6   0.33727
   1156.9   0.33726
   1157.1   0.33730
   1157.4   0.33727
   1157.7   0.33719
   1157.9   0.33717
   1158.2   0.33711
   1158.4   0.33701
   1158.7   0.33696
   1158.9   0.33695
   1159.2   0.33694
   1159.5   0.33687
   1159.7   0.33679
   1160.0   0.33680
   1160.2   0.33681
   1160.5   0.33675
   1160.8   0.33669
   1161.0   0.33663
   1161.3   0.33661
   1161.5   0.33658
   1161.8   0.33651
   1162.1   0.33647
   1162.3   0.33649
   1162.6   0.33651
   1162.8   0.33646
   1163.1   0.33642
   1163.4   0.33638
   1163.6   0.33633
   1163.9   0.33629
   1164.2   0.33629
   1164.4   0.33624
   1164.7   0.33615
   1164.9   0.33611
   1165.2   0.33610
   1165.4   0.33603
   1165.7   0.33599
   1166.0   0.33592
   1166.2   0.33588
   1166.5   0.33593
   1166.8   0.33592
   1167.0   0.33585
   1167.3   0.33583
   1167.6   0.33574
   1167.8   0.33563
   1168.1   0.33565
   1168.3   0.33562
   1168.6   0.33554
   1168.9   0.33547
   1169.1   0.33545
   1169.4   0.33551
   1169.7   0.33546
   1169.9   0.33536
   1170.2   0.33534
   1170.4   0.33537
   1170.7   0.33534
   1171.0   0.33536
   1171.3   0.33531
   1171.5   0.33518
   1171.8   0.33514
   1172.0   0.33518
   1172.3   0.33516
   1172.6   0.33511
   1172.8   0.33507
   1173.1   0.33500
   1173.4   0.33493
   1173.6   0.33492
   1173.9   0.33490
   1174.2   0.33490
   1174.4   0.33491
   1174.7   0.33486
   1175.0   0.33478
   1175.2   0.33472
   1175.5   0.33474
   1175.8   0.33472
   1176.0   0.33467
   1176.3   0.33460
   1176.6   0.33460
   1176.8   0.33457
   1177.1   0.33456
   1177.4   0.33456
   1177.6   0.33452
   1177.9   0.33447
   1178.2   0.33444
   1178.4   0.33438
   1178.7   0.33430
   1179.0   0.33429
   1179.2   0.33428
   1179.5   0.33422
   1179.8   0.33412
   1180.0   0.33413
   1180.3   0.33415
   1180.6   0.33418
   1180.8   0.33413
   1181.1   0.33403
   1181.4   0.33394
   1181.7   0.33387
   1181.9   0.33388
   1182.2   0.33387
   1182.5   0.33391
   1182.7   0.33388
   1183.0   0.33380
   1183.3   0.33378
   1183.5   0.33376
   1183.8   0.33374
   1184.1   0.33375
   1184.4   0.33367
   1184.6   0.33367
   1184.9   0.33363
   1185.2   0.33360
   1185.4   0.33359
   1185.7   0.33359
   1186.0   0.33354
   1186.3   0.33351
   1186.5   0.33343
   1186.8   0.33341
   1187.1   0.33350
   1187.3   0.33349
   1187.6   0.33333
   1187.9   0.33331
   1188.2   0.33328
   1188.4   0.33321
   1188.7   0.33318
   1189.0   0.33310
   1189.3   0.33308
   1189.5   0.33310
   1189.8   0.33307
   1190.1   0.33301
   1190.3   0.33297
   1190.6   0.33295
   1190.9   0.33292
   1191.2   0.33286
   1191.4   0.33284
   1191.7   0.33284
   1192.0   0.33279
   1192.3   0.33280
   1192.5   0.33285
   1192.8   0.33282
   1193.1   0.33267
   1193.3   0.33264
   1193.6   0.33269
   1193.9   0.33268
   1194.2   0.33263
   1194.4   0.33258
   1194.7   0.33261
   1195.0   0.33260
   1195.3   0.33254
   1195.6   0.33255
   1195.8   0.33247
   1196.1   0.33240
   1196.4   0.33238
   1196.7   0.33231
   1196.9   0.33225
   1197.2   0.33227
   1197.5   0.33229
   1197.8   0.33226
   1198.0   0.33223
   1198.3   0.33220
   1198.6   0.33220
   1198.9   0.33216
   1199.2   0.33211
   1199.4   0.33208
   1199.7   0.33209
   1200.0   0.33207
   1200.3   0.33203
   1200.5   0.33201
   1200.8   0.33197
   1201.1   0.33188
   1201.4   0.33188
   1201.7   0.33193
   1201.9   0.33192
   1202.2   0.33186
   1202.5   0.33180
   1202.8   0.33178
   1203.0   0.33179
   1203.3   0.33177
   1203.6   0.33170
   1203.9   0.33166
   1204.2   0.33162
   1204.4   0.33157
   1204.7   0.33158
   1205.0   0.33160
   1205.3   0.33162
   1205.6   0.33160
   1205.8   0.33156
   1206.1   0.33154
   1206.4   0.33148
   1206.7   0.33146
   1207.0   0.33147
   1207.2   0.33141
   1207.5   0.33136
   1207.8   0.33131
   1208.1   0.33129
   1208.4   0.33127
   1208.7   0.33126
   1208.9   0.33127
   1209.2   0.33124
   1209.5   0.33115
   1209.8   0.33112
   1210.1   0.33116
   1210.3   0.33117
   1210.6   0.33110
   1210.9   0.33109
   1211.2   0.33109
   1211.5   0.33106
   1211.8   0.33105
   1212.0   0.33101
   1212.3   0.33096
   1212.6   0.33092
   1212.9   0.33095
   1213.2   0.33095
   1213.5   0.33090
   1213.7   0.33090
   1214.0   0.33093
   1214.3   0.33091
   1214.6   0.33090
   1214.9   0.33087
   1215.2   0.33078
   1215.4   0.33077
   1215.7   0.33073
   1216.0   0.33066
   1216.3   0.33070
   1216.6   0.33070
   1216.9   0.33062
   1217.2   0.33057
   1217.4   0.33065
   1217.7   0.33068
   1218.0   0.33064
   1218.3   0.33060
   1218.6   0.33058
   1218.9   0.33053
   1219.2   0.33046
   1219.4   0.33048
   1219.7   0.33049
   1220.0   0.33047
   1220.3   0.33048
   1220.6   0.33046
   1220.9   0.33041
   1221.2   0.33034
   1221.5   0.33033
   1221.8   0.33036
   1222.0   0.33031
   1222.3   0.33028
   1222.6   0.33031
   1222.9   0.33037
   1223.2   0.33041
   1223.5   0.33033
   1223.8   0.33017
   1224.1   0.33011
   1224.3   0.33012
   1224.6   0.33012
   1224.9   0.33009
   1225.2   0.33009
   1225.5   0.33010
   1225.8   0.33006
   1226.1   0.33002
   1226.4   0.33003
   1226.7   0.33008
   1227.0   0.33004
   1227.3   0.32997
   1227.5   0.32992
   1227.8   0.32987
   1228.1   0.32990
   1228.4   0.32993
   1228.7   0.32992
   1229.0   0.32991
   1229.3   0.32986
   1229.6   0.32982
   1229.9   0.32988
   1230.2   0.32991
   1230.4   0.32987
   1230.7   0.32982
   1231.0   0.32981
   1231.3   0.32983
   1231.6   0.32987
   1231.9   0.32986
   1232.2   0.32979
   1232.5   0.32976
   1232.8   0.32970
   1233.1   0.32970
   1233.4   0.32971
   1233.7   0.32962
   1234.0   0.32959
   1234.3   0.32968
   1234.6   0.32968
   1234.8   0.32965
   1235.1   0.32972
   1235.4   0.32967
   1235.7   0.32957
   1236.0   0.32954
   1236.3   0.32953
   1236.6   0.32954
   1236.9   0.32959
   1237.2   0.32965
   1237.5   0.32955
   1237.8   0.32940
   1238.1   0.32938
   1238.4   0.32940
   1238.7   0.32944
   1239.0   0.32947
   1239.3   0.32942
   1239.6   0.32940
   1239.9   0.32945
   1240.2   0.32942
   1240.5   0.32936
   1240.8   0.32939
   1241.1   0.32942
   1241.3   0.32941
   1241.7   0.32935
   1241.9   0.32931
   1242.2   0.32931
   1242.5   0.32932
   1242.8   0.32929
   1243.1   0.32929
   1243.4   0.32931
   1243.7   0.32929
   1244.0   0.32927
   1244.3   0.32927
   1244.6   0.32932
   1244.9   0.32930
   1245.2   0.32927
   1245.5   0.32933
   1245.8   0.32929
   1246.1   0.32915
   1246.4   0.32917
   1246.7   0.32917
   1247.0   0.32914
   1247.3   0.32919
   1247.6   0.32918
   1247.9   0.32916
   1248.2   0.32915
   1248.5   0.32914
   1248.8   0.32915
   1249.1   0.32915
   1249.4   0.32914
   1249.7   0.32912
   1250.0   0.32909
   1250.3   0.32907
   1250.6   0.32909
   1250.9   0.32915
   1251.2   0.32915
   1251.5   0.32911
   1251.8   0.32909
   1252.1   0.32907
   1252.4   0.32906
   1252.8   0.32902
   1253.1   0.32899
   1253.3   0.32901
   1253.7   0.32907
   1254.0   0.32908
   1254.3   0.32905
   1254.6   0.32900
   1254.9   0.32894
   1255.2   0.32898
   1255.5   0.32894
   1255.8   0.32884
   1256.1   0.32889
   1256.4   0.32898
   1256.7   0.32900
   1257.0   0.32897
   1257.3   0.32896
   1257.6   0.32898
   1257.9   0.32892
   1258.2   0.32889
   1258.5   0.32893
   1258.8   0.32896
   1259.1   0.32895
   1259.4   0.32891
   1259.8   0.32891
   1260.1   0.32894
   1260.4   0.32890
   1260.7   0.32888
   1261.0   0.32887
   1261.3   0.32886
   1261.6   0.32888
   1261.9   0.32890
   1262.2   0.32890
   1262.5   0.32891
   1262.8   0.32889
   1263.1   0.32889
   1263.4   0.32897
   1263.7   0.32893
   1264.1   0.32889
   1264.4   0.32890
   1264.7   0.32887
   1265.0   0.32883
   1265.3   0.32890
   1265.6   0.32884
   1265.9   0.32877
   1266.2   0.32879
   1266.5   0.32886
   1266.8   0.32891
   1267.1   0.32892
   1267.4   0.32895
   1267.8   0.32898
   1268.1   0.32895
   1268.4   0.32892
   1268.7   0.32893
   1269.0   0.32890
   1269.3   0.32889
   1269.6   0.32889
   1269.9   0.32887
   1270.2   0.32879
   1270.6   0.32878
   1270.9   0.32885
   1271.2   0.32888
   1271.5   0.32891
   1271.8   0.32893
   1272.1   0.32895
   1272.4   0.32896
   1272.7   0.32891
   1273.1   0.32889
   1273.4   0.32891
   1273.7   0.32895
   1274.0   0.32891
   1274.3   0.32887
   1274.6   0.32884
   1274.9   0.32883
   1275.2   0.32887
   1275.6   0.32887
   1275.9   0.32887
   1276.2   0.32887
   1276.5   0.32886
   1276.8   0.32891
   1277.1   0.32896
   1277.4   0.32897
   1277.8   0.32897
   1278.1   0.32899
   1278.4   0.32898
   1278.7   0.32894
   1279.0   0.32896
   1279.3   0.32893
   1279.7   0.32891
   1280.0   0.32893
   1280.3   0.32896
   1280.6   0.32897
   1280.9   0.32897
   1281.2   0.32898
   1281.6   0.32896
   1281.9   0.32893
   1282.2   0.32898
   1282.5   0.32901
   1282.8   0.32901
   1283.1   0.32898
   1283.4   0.32898
   1283.8   0.32903
   1284.1   0.32907
   1284.4   0.32908
   1284.7   0.32906
   1285.0   0.32904
   1285.4   0.32903
   1285.7   0.32904
   1286.0   0.32907
   1286.3   0.32909
   1286.6   0.32910
   1286.9   0.32907
   1287.3   0.32909
   1287.6   0.32911
   1287.9   0.32912
   1288.2   0.32912
   1288.6   0.32912
   1288.9   0.32910
   1289.2   0.32910
   1289.5   0.32918
   1289.8   0.32920
   1290.2   0.32922
   1290.5   0.32921
   1290.8   0.32918
   1291.1   0.32920
   1291.4   0.32926
   1291.8   0.32924
   1292.1   0.32922
   1292.4   0.32925
   1292.7   0.32927
   1293.1   0.32929
   1293.4   0.32927
   1293.7   0.32925
   1294.0   0.32923
   1294.3   0.32923
   1294.7   0.32926
   1295.0   0.32931
   1295.3   0.32933
   1295.6   0.32932
   1296.0   0.32932
   1296.3   0.32937
   1296.6   0.32940
   1296.9   0.32939
   1297.3   0.32935
   1297.6   0.32932
   1297.9   0.32933
   1298.2   0.32933
   1298.6   0.32938
   1298.9   0.32944
   1299.2   0.32943
   1299.5   0.32943
   1299.9   0.32947
   1300.2   0.32952
   1300.5   0.32950
   1300.8   0.32951
   1301.2   0.32953
   1301.5   0.32953
   1301.8   0.32955
   1302.1   0.32951
   1302.5   0.32949
   1302.8   0.32953
   1303.1   0.32958
   1303.4   0.32962
   1303.8   0.32963
   1304.1   0.32962
   1304.4   0.32967
   1304.8   0.32968
   1305.1   0.32966
   1305.4   0.32968
   1305.8   0.32971
   1306.1   0.32967
   1306.4   0.32967
   1306.7   0.32972
   1307.1   0.32978
   1307.4   0.32979
   1307.7   0.32976
   1308.1   0.32977
   1308.4   0.32981
   1308.7   0.32981
   1309.1   0.32986
   1309.4   0.32992
   1309.7   0.32994
   1310.0   0.32995
   1310.4   0.32994
   1310.7   0.32985
   1311.0   0.32985
   1311.4   0.32994
   1311.7   0.32996
   1312.0   0.32997
   1312.4   0.33000
   1312.7   0.33000
   1313.0   0.33004
   1313.4   0.33005
   1313.7   0.33006
   1314.0   0.33010
   1314.4   0.33014
   1314.7   0.33016
   1315.0   0.33012
   1315.4   0.33015
   1315.7   0.33022
   1316.0   0.33020
   1316.4   0.33021
   1316.7   0.33024
   1317.0   0.33026
   1317.4   0.33031
   1317.7   0.33034
   1318.0   0.33036
   1318.4   0.33038
   1318.7   0.33037
   1319.0   0.33039
   1319.4   0.33039
   1319.7   0.33041
   1320.1   0.33046
   1320.4   0.33046
   1320.7   0.33048
   1321.1   0.33053
   1321.4   0.33055
   1321.7   0.33055
   1322.1   0.33054
   1322.4   0.33056
   1322.7   0.33055
   1323.1   0.33055
   1323.4   0.33061
   1323.8   0.33069
   1324.1   0.33072
   1324.4   0.33075
   1324.8   0.33079
   1325.1   0.33075
   1325.4   0.33071
   1325.8   0.33073
   1326.1   0.33076
   1326.5   0.33084
   1326.8   0.33088
   1327.1   0.33084
   1327.5   0.33085
   1327.8   0.33087
   1328.2   0.33090
   1328.5   0.33095
   1328.8   0.33101
   1329.2   0.33100
   1329.5   0.33100
   1329.9   0.33106
   1330.2   0.33109
   1330.6   0.33110
   1330.9   0.33109
   1331.2   0.33112
   1331.6   0.33116
   1331.9   0.33119
   1332.3   0.33120
   1332.6   0.33120
   1332.9   0.33124
   1333.3   0.33124
   1333.6   0.33125
   1334.0   0.33127
   1334.3   0.33130
   1334.7   0.33136
   1335.0   0.33139
   1335.3   0.33139
   1335.7   0.33141
   1336.0   0.33146
   1336.4   0.33148
   1336.7   0.33149
   1337.1   0.33150
   1337.4   0.33152
   1337.8   0.33152
   1338.1   0.33152
   1338.4   0.33161
   1338.8   0.33165
   1339.1   0.33166
   1339.5   0.33168
   1339.8   0.33170
   1340.2   0.33173
   1340.5   0.33175
   1340.9   0.33182
   1341.2   0.33185
   1341.6   0.33187
   1341.9   0.33192
   1342.3   0.33190
   1342.6   0.33193
   1342.9   0.33198
   1343.3   0.33200
   1343.7   0.33197
   1344.0   0.33197
   1344.3   0.33200
   1344.7   0.33205
   1345.0   0.33212
   1345.4   0.33214
   1345.7   0.33215
   1346.1   0.33221
   1346.4   0.33220
   1346.8   0.33222
   1347.1   0.33226
   1347.5   0.33231
   1347.8   0.33233
   1348.2   0.33236
   1348.5   0.33241
   1348.9   0.33244
   1349.3   0.33243
   1349.6   0.33244
   1349.9   0.33251
   1350.3   0.33254
   1350.7   0.33254
   1351.0   0.33261
   1351.3   0.33265
   1351.7   0.33267
   1352.1   0.33268
   1352.4   0.33269
   1352.8   0.33269
   1353.1   0.33274
   1353.5   0.33282
   1353.8   0.33284
   1354.2   0.33287
   1354.5   0.33291
   1354.9   0.33291
   1355.2   0.33290
   1355.6   0.33295
   1355.9   0.33302
   1356.3   0.33306
   1356.7   0.33305
   1357.0   0.33304
   1357.4   0.33309
   1357.7   0.33314
   1358.1   0.33315
   1358.4   0.33320
   1358.8   0.33324
   1359.2   0.33326
   1359.5   0.33330
   1359.9   0.33338
   1360.2   0.33338
   1360.6   0.33339
   1360.9   0.33345
   1361.3   0.33347
   1361.7   0.33347
   1362.0   0.33348
   1362.4   0.33352
   1362.7   0.33357
   1363.1   0.33360
   1363.4   0.33358
   1363.8   0.33359
   1364.2   0.33366
   1364.5   0.33366
   1364.9   0.33369
   1365.2   0.33378
   1365.6   0.33384
   1365.9   0.33384
   1366.3   0.33388
   1366.7   0.33392
   1367.0   0.33394
   1367.4   0.33399
   1367.8   0.33405
   1368.1   0.33408
   1368.5   0.33412
   1368.8   0.33416
   1369.2   0.33417
   1369.6   0.33420
   1369.9   0.33423
   1370.3   0.33429
   1370.7   0.33432
   1371.0   0.33432
   1371.4   0.33431
   1371.7   0.33432
   1372.1   0.33438
   1372.5   0.33445
   1372.8   0.33451
   1373.2   0.33453
   1373.6   0.33453
   1373.9   0.33457
   1374.3   0.33462
   1374.6   0.33469
   1375.0   0.33474
   1375.4   0.33479
   1375.7   0.33480
   1376.1   0.33478
   1376.5   0.33487
   1376.8   0.33494
   1377.2   0.33497
   1377.6   0.33499
   1377.9   0.33500
   1378.3   0.33502
   1378.7   0.33504
   1379.0   0.33509
   1379.4   0.33513
   1379.8   0.33519
   1380.1   0.33524
   1380.5   0.33524
   1380.9   0.33525
   1381.2   0.33530
   1381.6   0.33538
   1382.0   0.33542
   1382.3   0.33545
   1382.7   0.33546
   1383.1   0.33551
   1383.4   0.33557
   1383.8   0.33562
   1384.2   0.33564
   1384.6   0.33566
   1384.9   0.33570
   1385.3   0.33570
   1385.7   0.33575
   1386.0   0.33583
   1386.4   0.33588
   1386.8   0.33588
   1387.2   0.33591
   1387.5   0.33596
   1387.9   0.33601
   1388.3   0.33605
   1388.6   0.33614
   1389.0   0.33617
   1389.4   0.33618
   1389.8   0.33624
   1390.1   0.33628
   1390.5   0.33629
   1390.9   0.33632
   1391.2   0.33639
   1391.6   0.33647
   1392.0   0.33651
   1392.4   0.33651
   1392.7   0.33656
   1393.1   0.33661
   1393.5   0.33661
   1393.9   0.33664
   1394.2   0.33671
   1394.6   0.33678
   1395.0   0.33680
   1395.4   0.33684
   1395.7   0.33691
   1396.1   0.33695
   1396.5   0.33697
   1396.9   0.33702
   1397.2   0.33707
   1397.6   0.33707
   1398.0   0.33707
   1398.4   0.33714
   1398.8   0.33724
   1399.1   0.33730
   1399.5   0.33732
   1399.9   0.33736
   1400.3   0.33741
   1400.6   0.33744
   1401.0   0.33748
   1401.4   0.33754
   1401.8   0.33760
   1402.2   0.33764
   1402.5   0.33764
   1402.9   0.33768
   1403.3   0.33774
   1403.7   0.33779
   1404.1   0.33783
   1404.4   0.33790
   1404.8   0.33794
   1405.2   0.33796
   1405.6   0.33802
   1406.0   0.33807
   1406.3   0.33809
   1406.7   0.33814
   1407.1   0.33819
   1407.5   0.33823
   1407.9   0.33829
   1408.3   0.33839
   1408.6   0.33844
   1409.0   0.33845
   1409.4   0.33848
   1409.8   0.33851
   1410.2   0.33857
   1410.6   0.33860
   1410.9   0.33863
   1411.3   0.33864
   1411.7   0.33874
   1412.1   0.33883
   1412.5   0.33883
   1412.8   0.33887
   1413.2   0.33893
   1413.6   0.33896
   1414.0   0.33898
   1414.4   0.33902
   1414.8   0.33907
   1415.2   0.33910
   1415.6   0.33914
   1415.9   0.33922
   1416.3   0.33928
   1416.7   0.33935
   1417.1   0.33939
   1417.5   0.33941
   1417.9   0.33950
   1418.3   0.33957
   1418.7   0.33962
   1419.0   0.33963
   1419.4   0.33966
   1419.8   0.33970
   1420.2   0.33973
   1420.6   0.33977
   1421.0   0.33984
   1421.4   0.33989
   1421.8   0.33996
   1422.2   0.34000
   1422.5   0.34009
   1422.9   0.34018
   1423.3   0.34024
   1423.7   0.34027
   1424.1   0.34027
   1424.5   0.34034
   1424.9   0.34039
   1425.3   0.34038
   1425.7   0.34043
   1426.1   0.34050
   1426.5   0.34054
   1426.8   0.34058
   1427.2   0.34063
   1427.6   0.34068
   1428.0   0.34074
   1428.4   0.34079
   1428.8   0.34081
   1429.2   0.34084
   1429.6   0.34089
   1430.0   0.34096
   1430.4   0.34104
   1430.8   0.34110
   1431.2   0.34114
   1431.6   0.34123
   1432.0   0.34127
   1432.4   0.34128
   1432.8   0.34130
   1433.2   0.34137
   1433.6   0.34147
   1433.9   0.34150
   1434.3   0.34152
   1434.8   0.34156
   1435.1   0.34161
   1435.5   0.34170
   1435.9   0.34173
   1436.3   0.34175
   1436.7   0.34183
   1437.1   0.34189
   1437.5   0.34193
   1437.9   0.34199
   1438.3   0.34206
   1438.7   0.34208
   1439.1   0.34211
   1439.5   0.34218
   1439.9   0.34225
   1440.3   0.34230
   1440.7   0.34234
   1441.1   0.34240
   1441.5   0.34247
   1441.9   0.34252
   1442.3   0.34257
   1442.7   0.34263
   1443.1   0.34269
   1443.5   0.34276
   1443.9   0.34275
   1444.3   0.34278
   1444.7   0.34287
   1445.1   0.34291
   1445.6   0.34293
   1445.9   0.34298
   1446.3   0.34307
   1446.8   0.34315
   1447.2   0.34318
   1447.6   0.34322
   1448.0   0.34330
   1448.4   0.34337
   1448.8   0.34342
   1449.2   0.34343
   1449.6   0.34346
   1450.0   0.34352
   1450.4   0.34358
   1450.8   0.34367
   1451.2   0.34375
   1451.6   0.34375
   1452.0   0.34376
   1452.4   0.34381
   1452.8   0.34388
   1453.2   0.34389
   1453.7   0.34389
   1454.1   0.34396
   1454.5   0.34405
   1454.9   0.34413
   1455.3   0.34421
   1455.7   0.34424
   1456.1   0.34429
   1456.5   0.34437
   1456.9   0.34441
   1457.3   0.34446
   1457.7   0.34456
   1458.2   0.34462
   1458.6   0.34464
   1459.0   0.34470
   1459.4   0.34474
   1459.8   0.34478
   1460.2   0.34480
   1460.6   0.34486
   1461.0   0.34490
   1461.4   0.34496
   1461.8   0.34503
   1462.3   0.34507
   1462.7   0.34514
   1463.1   0.34520
   1463.5   0.34521
   1463.9   0.34526
   1464.3   0.34532
   1464.7   0.34539
   1465.2   0.34545
   1465.6   0.34550
   1466.0   0.34558
   1466.4   0.34562
   1466.8   0.34566
   1467.2   0.34576
   1467.6   0.34581
   1468.1   0.34586
   1468.5   0.34593
   1468.9   0.34596
   1469.3   0.34602
   1469.7   0.34607
   1470.1   0.34611
   1470.6   0.34616
   1471.0   0.34619
   1471.4   0.34623
   1471.8   0.34629
   1472.2   0.34637
   1472.6   0.34644
   1473.1   0.34649
   1473.5   0.34651
   1473.9   0.34654
   1474.3   0.34659
   1474.7   0.34667
   1475.2   0.34675
   1475.6   0.34681
   1476.0   0.34684
   1476.4   0.34689
   1476.8   0.34691
   1477.3   0.34697
   1477.7   0.34708
   1478.1   0.34712
   1478.5   0.34714
   1478.9   0.34718
   1479.4   0.34721
   1479.8   0.34722
   1480.2   0.34730
   1480.6   0.34742
   1481.1   0.34748
   1481.5   0.34750
   1481.9   0.34753
   1482.3   0.34755
   1482.8   0.34760
   1483.2   0.34767
   1483.6   0.34772
   1484.0   0.34780
   1484.4   0.34790
   1484.9   0.34793
   1485.3   0.34792
   1485.7   0.34798
   1486.2   0.34801
   1486.6   0.34807
   1487.0   0.34812
   1487.4   0.34814
   1487.9   0.34820
   1488.3   0.34825
   1488.7   0.34829
   1489.1   0.34835
   1489.6   0.34837
   1490.0   0.34840
   1490.4   0.34847
   1490.8   0.34854
   1491.3   0.34857
   1491.7   0.34858
   1492.1   0.34864
   1492.6   0.34872
   1493.0   0.34881
   1493.4   0.34887
   1493.9   0.34891
   1494.3   0.34896
   1494.7   0.34901
   1495.2   0.34905
   1495.6   0.34912
   1496.0   0.34916
   1496.4   0.34919
   1496.9   0.34924
   1497.3   0.34927
   1497.7   0.34930
   1498.2   0.34935
   1498.6   0.34941
   1499.0   0.34949
   1499.5   0.34954
   1499.9   0.34957
   1500.3   0.34961
   1500.8   0.34962
   1501.2   0.34965
   1501.7   0.34971
   1502.1   0.34976
   1502.5   0.34980
   1502.9   0.34984
   1503.4   0.34993
   1503.8   0.34999
   1504.3   0.35002
   1504.7   0.35007
   1505.1   0.35014
   1505.6   0.35020
   1506.0   0.35024
   1506.4   0.35032
   1506.9   0.35038
   1507.3   0.35040
   1507.8   0.35041
   1508.2   0.35043
   1508.6   0.35049
   1509.1   0.35055
   1509.5   0.35059
   1510.0   0.35063
   1510.4   0.35068
   1510.8   0.35073
   1511.3   0.35075
   1511.7   0.35078
   1512.2   0.35085
   1512.6   0.35091
   1513.0   0.35093
   1513.5   0.35097
   1513.9   0.35102
   1514.4   0.35106
   1514.8   0.35112
   1515.3   0.35118
   1515.7   0.35122
   1516.1   0.35123
   1516.6   0.35127
   1517.0   0.35131
   1517.5   0.35136
   1517.9   0.35144
   1518.4   0.35149
   1518.8   0.35151
   1519.3   0.35154
   1519.7   0.35160
   1520.1   0.35164
   1520.6   0.35166
   1521.0   0.35170
   1521.5   0.35172
   1521.9   0.35176
   1522.4   0.35184
   1522.8   0.35192
   1523.3   0.35195
   1523.7   0.35193
   1524.2   0.35197
   1524.6   0.35204
   1525.1   0.35210
   1525.5   0.35214
   1525.9   0.35219
   1526.4   0.35220
   1526.8   0.35222
   1527.3   0.35227
   1527.8   0.35231
   1528.2   0.35233
   1528.7   0.35238
   1529.1   0.35244
   1529.6   0.35248
   1530.0   0.35250
   1530.5   0.35253
   1530.9   0.35257
   1531.4   0.35261
   1531.8   0.35265
   1532.3   0.35266
   1532.7   0.35268
   1533.2   0.35274
   1533.6   0.35278
   1534.1   0.35283
   1534.5   0.35285
   1535.0   0.35285
   1535.4   0.35287
   1535.9   0.35291
   1536.3   0.35298
   1536.8   0.35304
   1537.3   0.35306
   1537.7   0.35307
   1538.2   0.35309
   1538.6   0.35312
   1539.1   0.35318
   1539.6   0.35320
   1540.0   0.35320
   1540.5   0.35327
   1540.9   0.35333
   1541.4   0.35334
   1541.8   0.35339
   1542.3   0.35343
   1542.8   0.35344
   1543.2   0.35344
   1543.7   0.35346
   1544.1   0.35347
   1544.6   0.35351
   1545.1   0.35357
   1545.5   0.35360
   1546.0   0.35364
   1546.4   0.35369
   1546.9   0.35372
   1547.4   0.35373
   1547.8   0.35375
   1548.3   0.35377
   1548.8   0.35378
   1549.2   0.35382
   1549.7   0.35385
   1550.1   0.35388
   1550.6   0.35392
   1551.1   0.35394
   1551.5   0.35395
   1552.0   0.35399
   1552.4   0.35402
   1552.9   0.35402
   1553.4   0.35406
   1553.8   0.35413
   1554.3   0.35413
   1554.8   0.35414
   1555.3   0.35418
   1555.7   0.35422
   1556.2   0.35427
   1556.7   0.35428
   1557.1   0.35427
   1557.6   0.35430
   1558.1   0.35432
   1558.5   0.35432
   1559.0   0.35432
   1559.5   0.35436
   1559.9   0.35440
   1560.4   0.35441
   1560.9   0.35443
   1561.3   0.35449
   1561.8   0.35453
   1562.3   0.35454
   1562.8   0.35457
   1563.2   0.35462
   1563.7   0.35464
   1564.2   0.35464
   1564.6   0.35463
   1565.1   0.35465
   1565.6   0.35468
   1566.1   0.35473
   1566.5   0.35473
   1567.0   0.35472
   1567.5   0.35475
   1567.9   0.35478
   1568.4   0.35478
   1568.9   0.35479
   1569.4   0.35485
   1569.8   0.35489
   1570.3   0.35493
   1570.8   0.35494
   1571.3   0.35495
   1571.8   0.35499
   1572.2   0.35501
   1572.7   0.35502
   1573.2   0.35503
   1573.7   0.35505
   1574.1   0.35506
   1574.6   0.35508
   1575.1   0.35508
   1575.6   0.35507
   1576.1   0.35510
   1576.5   0.35516
   1577.0   0.35518
   1577.5   0.35519
   1578.0   0.35523
   1578.4   0.35523
   1578.9   0.35522
   1579.4   0.35521
   1579.9   0.35522
   1580.4   0.35526
   1580.9   0.35530
   1581.3   0.35531
   1581.8   0.35531
   1582.3   0.35532
   1582.8   0.35534
   1583.3   0.35534
   1583.8   0.35539
   1584.2   0.35540
   1584.7   0.35539
   1585.2   0.35541
   1585.7   0.35542
   1586.2   0.35545
   1586.7   0.35546
   1587.2   0.35545
   1587.6   0.35548
   1588.1   0.35552
   1588.6   0.35553
   1589.1   0.35551
   1589.6   0.35551
   1590.1   0.35552
   1590.6   0.35554
   1591.0   0.35559
   1591.5   0.35559
   1592.0   0.35560
   1592.5   0.35563
   1593.0   0.35560
   1593.5   0.35559
   1594.0   0.35563
   1594.5   0.35566
   1595.0   0.35567
   1595.4   0.35567
   1595.9   0.35569
   1596.4   0.35569
   1596.9   0.35570
   1597.4   0.35574
   1597.9   0.35573
   1598.4   0.35573
   1598.9   0.35574
   1599.4   0.35575
   1599.9   0.35577
   1600.4   0.35579
   1600.9   0.35580
   1601.4   0.35581
   1601.9   0.35581
   1602.3   0.35580
   1602.8   0.35581
   1603.3   0.35582
   1603.8   0.35582
   1604.3   0.35583
   1604.8   0.35586
   1605.3   0.35586
   1605.8   0.35586
   1606.3   0.35589
   1606.8   0.35589
   1607.3   0.35586
   1607.8   0.35588
   1608.3   0.35591
   1608.8   0.35590
   1609.3   0.35589
   1609.8   0.35588
   1610.3   0.35589
   1610.8   0.35592
   1611.3   0.35593
   1611.8   0.35595
   1612.3   0.35595
   1612.8   0.35592
   1613.3   0.35590
   1613.8   0.35595
   1614.3   0.35601
   1614.8   0.35598
   1615.3   0.35594
   1615.8   0.35597
   1616.3   0.35602
   1616.8   0.35602
   1617.3   0.35601
   1617.8   0.35602
   1618.4   0.35601
   1618.9   0.35601
   1619.4   0.35602
   1619.9   0.35601
   1620.4   0.35602
   1620.9   0.35605
   1621.4   0.35604
   1621.9   0.35603
   1622.4   0.35602
   1622.9   0.35603
   1623.4   0.35604
   1623.9   0.35605
   1624.4   0.35606
   1624.9   0.35603
   1625.5   0.35602
   1626.0   0.35604
   1626.5   0.35606
   1627.0   0.35607
   1627.5   0.35605
   1628.0   0.35605
   1628.5   0.35607
   1629.0   0.35607
   1629.6   0.35608
   1630.1   0.35605
   1630.6   0.35602
   1631.1   0.35603
   1631.6   0.35603
   1632.1   0.35602
   1632.6   0.35603
   1633.1   0.35602
   1633.7   0.35601
   1634.2   0.35603
   1634.7   0.35604
   1635.2   0.35606
   1635.7   0.35602
   1636.2   0.35599
   1636.8   0.35598
   1637.3   0.35602
   1637.8   0.35606
   1638.3   0.35606
   1638.8   0.35604
   1639.3   0.35602
   1639.8   0.35601
   1640.4   0.35603
   1640.9   0.35604
   1641.4   0.35603
   1641.9   0.35604
   1642.4   0.35603
   1643.0   0.35602
   1643.5   0.35602
   1644.0   0.35603
   1644.5   0.35604
   1645.1   0.35605
   1645.6   0.35602
   1646.1   0.35602
   1646.6   0.35602
   1647.2   0.35601
   1647.7   0.35601
   1648.2   0.35601
   1648.7   0.35601
   1649.2   0.35598
   1649.8   0.35599
   1650.3   0.35605
   1650.8   0.35603
   1651.3   0.35596
   1651.9   0.35595
   1652.4   0.35597
   1652.9   0.35599
   1653.4   0.35600
   1654.0   0.35598
   1654.5   0.35600
   1655.0   0.35604
   1655.6   0.35602
   1656.1   0.35598
   1656.6   0.35596
   1657.2   0.35595
   1657.7   0.35592
   1658.2   0.35593
   1658.7   0.35594
   1659.3   0.35594
   1659.8   0.35594
   1660.3   0.35595
   1660.9   0.35596
   1661.4   0.35593
   1661.9   0.35593
   1662.5   0.35594
   1663.0   0.35595
   1663.5   0.35595
   1664.1   0.35593
   1664.6   0.35592
   1665.1   0.35593
   1665.7   0.35591
   1666.2   0.35587
   1666.7   0.35587
   1667.3   0.35589
   1667.8   0.35589
   1668.3   0.35588
   1668.9   0.35587
   1669.4   0.35587
   1670.0   0.35585
   1670.5   0.35587
   1671.0   0.35589
   1671.6   0.35589
   1672.1   0.35589
   1672.7   0.35588
   1673.2   0.35585
   1673.7   0.35586
   1674.3   0.35585
   1674.8   0.35584
   1675.4   0.35583
   1675.9   0.35581
   1676.4   0.35584
   1677.0   0.35587
   1677.5   0.35585
   1678.1   0.35583
   1678.6   0.35583
   1679.2   0.35582
   1679.7   0.35581
   1680.2   0.35584
   1680.8   0.35584
   1681.3   0.35583
   1681.9   0.35580
   1682.4   0.35579
   1683.0   0.35578
   1683.5   0.35577
   1684.1   0.35575
   1684.6   0.35571
   1685.2   0.35571
   1685.7   0.35575
   1686.3   0.35575
   1686.8   0.35574
   1687.3   0.35575
   1687.9   0.35576
   1688.4   0.35574
   1689.0   0.35568
   1689.6   0.35565
   1690.1   0.35568
   1690.7   0.35574
   1691.2   0.35576
   1691.8   0.35574
   1692.3   0.35571
   1692.9   0.35572
   1693.4   0.35569
   1694.0   0.35566
   1694.5   0.35567
   1695.1   0.35568
   1695.6   0.35566
   1696.2   0.35565
   1696.7   0.35566
   1697.3   0.35564
   1697.8   0.35565
   1698.4   0.35565
   1699.0   0.35565
   1699.5   0.35563
   1700.1   0.35561
   1700.6   0.35560
   1701.2   0.35559
   1701.8   0.35560
   1702.3   0.35558
   1702.9   0.35559
   1703.4   0.35560
   1704.0   0.35558
   1704.6   0.35556
   1705.1   0.35556
   1705.7   0.35558
   1706.2   0.35555
   1706.8   0.35553
   1707.4   0.35554
   1707.9   0.35552
   1708.5   0.35552
   1709.0   0.35557
   1709.6   0.35554
   1710.2   0.35550
   1710.7   0.35551
   1711.3   0.35552
   1711.9   0.35554
   1712.4   0.35552
   1713.0   0.35550
   1713.6   0.35553
   1714.1   0.35554
   1714.7   0.35550
   1715.3   0.35548
   1715.8   0.35548
   1716.4   0.35551
   1717.0   0.35552
   1717.5   0.35551
   1718.1   0.35551
   1718.7   0.35549
   1719.2   0.35547
   1719.8   0.35550
   1720.4   0.35551
   1721.0   0.35548
   1721.5   0.35549
   1722.1   0.35550
   1722.7   0.35550
   1723.2   0.35547
   1723.8   0.35546
   1724.4   0.35547
   1725.0   0.35546
   1725.5   0.35548
   1726.1   0.35550
   1726.7   0.35549
   1727.3   0.35549
   1727.8   0.35549
   1728.4   0.35548
   1729.0   0.35546
   1729.6   0.35545
   1730.1   0.35545
   1730.7   0.35546
   1731.3   0.35547
   1731.9   0.35549
   1732.5   0.35547
   1733.0   0.35547
   1733.6   0.35549
   1734.2   0.35549
   1734.8   0.35548
   1735.4   0.35548
   1735.9   0.35551
   1736.5   0.35552
   1737.1   0.35550
   1737.7   0.35551
   1738.3   0.35550
   1738.8   0.35548
   1739.4   0.35548
   1740.0   0.35550
   1740.6   0.35550
   1741.2   0.35550
   1741.8   0.35549
   1742.3   0.35548
   1742.9   0.35548
   1743.5   0.35548
   1744.1   0.35548
   1744.7   0.35547
   1745.3   0.35547
   1745.9   0.35548
   1746.5   0.35549
   1747.1   0.35548
   1747.6   0.35546
   1748.2   0.35547
   1748.8   0.35549
   1749.4   0.35549
   1750.0   0.35549
   1750.6   0.35548
   1751.2   0.35546
   1751.8   0.35544
   1752.4   0.35546
   1753.0   0.35547
   1753.6   0.35548
   1754.1   0.35549
   1754.7   0.35546
   1755.3   0.35544
   1755.9   0.35544
   1756.5   0.35543
   1757.1   0.35544
   1757.7   0.35547
   1758.3   0.35547
   1758.9   0.35545
   1759.5   0.35546
   1760.1   0.35548
   1760.7   0.35548
   1761.3   0.35547
   1761.9   0.35547
   1762.5   0.35550
   1763.1   0.35547
   1763.7   0.35545
   1764.3   0.35548
   1764.9   0.35546
   1765.5   0.35546
   1766.1   0.35550
   1766.7   0.35548
   1767.3   0.35546
   1767.9   0.35546
   1768.5   0.35548
   1769.1   0.35552
   1769.7   0.35552
   1770.3   0.35550
   1770.9   0.35550
   1771.5   0.35551
   1772.1   0.35551
   1772.7   0.35546
   1773.3   0.35546
   1773.9   0.35548
   1774.6   0.35548
   1775.2   0.35549
   1775.8   0.35550
   1776.4   0.35551
   1777.0   0.35549
   1777.6   0.35548
   1778.2   0.35547
   1778.8   0.35547
   1779.4   0.35548
   1780.0   0.35550
   1780.7   0.35550
   1781.3   0.35547
   1781.9   0.35548
   1782.5   0.35547
   1783.1   0.35545
   1783.7   0.35547
   1784.3   0.35547
   1784.9   0.35546
   1785.6   0.35547
   1786.2   0.35547
   1786.8   0.35546
   1787.4   0.35544
   1788.0   0.35545
   1788.6   0.35548
   1789.3   0.35550
   1789.9   0.35549
   1790.5   0.35550
   1791.1   0.35550
   1791.7   0.35547
   1792.3   0.35543
   1793.0   0.35547
   1793.6   0.35548
   1794.2   0.35546
   1794.8   0.35547
   1795.4   0.35549
   1796.1   0.35550
   1796.7   0.35548
   1797.3   0.35548
   1797.9   0.35549
   1798.6   0.35549
   1799.2   0.35546
   1799.8   0.35547
   1800.4   0.35552
   1801.1   0.35552
   1801.7   0.35551
   1802.3   0.35550
   1802.9   0.35551
   1803.6   0.35550
   1804.2   0.35546
   1804.8   0.35547
   1805.4   0.35548
   1806.1   0.35547
   1806.7   0.35547
   1807.3   0.35549
   1808.0   0.35550
   1808.6   0.35548
   1809.2   0.35549
   1809.9   0.35550
   1810.5   0.35548
   1811.1   0.35548
   1811.8   0.35553
   1812.4   0.35555
   1813.0   0.35552
   1813.7   0.35547
   1814.3   0.35549
   1814.9   0.35553
   1815.6   0.35551
   1816.2   0.35549
   1816.8   0.35546
   1817.5   0.35547
   1818.1   0.35548
   1818.8   0.35549
   1819.4   0.35549
   1820.0   0.35547
   1820.7   0.35545
   1821.3   0.35546
   1821.9   0.35549
   1822.6   0.35547
   1823.2   0.35546
   1823.9   0.35547
   1824.5   0.35547
   1825.2   0.35550
   1825.8   0.35549
   1826.4   0.35546
   1827.1   0.35545
   1827.7   0.35545
   1828.4   0.35545
   1829.0   0.35548
   1829.7   0.35547
   1830.3   0.35547
   1831.0   0.35547
   1831.6   0.35547
   1832.3   0.35548
   1832.9   0.35548
   1833.6   0.35547
   1834.2   0.35545
   1834.8   0.35543
   1835.5   0.35546
   1836.1   0.35549
   1836.8   0.35550
   1837.4   0.35548
   1838.1   0.35547
   1838.8   0.35549
   1839.4   0.35549
   1840.1   0.35548
   1840.7   0.35545
   1841.4   0.35545
   1842.0   0.35548
   1842.7   0.35550
   1843.3   0.35550
   1844.0   0.35549
   1844.6   0.35547
   1845.3   0.35547
   1845.9   0.35551
   1846.6   0.35553
   1847.3   0.35550
   1847.9   0.35550
   1848.6   0.35551
   1849.2   0.35549
   1849.9   0.35548
   1850.6   0.35547
   1851.2   0.35547
   1851.9   0.35548
   1852.6   0.35549
   1853.2   0.35550
   1853.9   0.35548
   1854.5   0.35546
   1855.2   0.35547
   1855.9   0.35549
   1856.5   0.35551
   1857.2   0.35554
   1857.9   0.35554
   1858.5   0.35553
   1859.2   0.35556
   1859.9   0.35555
   1860.5   0.35554
   1861.2   0.35553
   1861.9   0.35551
   1862.5   0.35551
   1863.2   0.35553
   1863.9   0.35553
   1864.5   0.35555
   1865.2   0.35557
   1865.9   0.35555
   1866.6   0.35555
   1867.2   0.35557
   1867.9   0.35556
   1868.6   0.35555
   1869.2   0.35558
   1869.9   0.35557
   1870.6   0.35555
   1871.3   0.35556
   1871.9   0.35555
   1872.6   0.35554
   1873.3   0.35555
   1874.0   0.35554
   1874.7   0.35554
   1875.3   0.35557
   1876.0   0.35560
   1876.7   0.35561
   1877.4   0.35558
   1878.0   0.35556
   1878.7   0.35557
   1879.4   0.35558
   1880.1   0.35557
   1880.8   0.35559
   1881.4   0.35559
   1882.1   0.35560
   1882.8   0.35560
   1883.5   0.35556
   1884.2   0.35557
   1884.9   0.35560
   1885.6   0.35561
   1886.2   0.35562
   1886.9   0.35561
   1887.6   0.35560
   1888.3   0.35560
   1889.0   0.35558
   1889.7   0.35557
   1890.4   0.35557
   1891.1   0.35558
   1891.8   0.35558
   1892.4   0.35554
   1893.1   0.35553
   1893.8   0.35558
   1894.5   0.35560
   1895.2   0.35557
   1895.9   0.35552
   1896.6   0.35551
   1897.3   0.35553
   1898.0   0.35553
   1898.7   0.35554
   1899.4   0.35552
   1900.1   0.35553
   1900.8   0.35552
   1901.5   0.35550
   1902.2   0.35552
   1902.9   0.35551
   1903.6   0.35553
   1904.3   0.35554
   1905.0   0.35550
   1905.7   0.35549
   1906.4   0.35549
   1907.1   0.35550
   1907.8   0.35552
   1908.5   0.35551
   1909.2   0.35549
   1909.9   0.35550
   1910.6   0.35552
   1911.3   0.35550
   1912.0   0.35550
   1912.7   0.35551
   1913.4   0.35550
   1914.1   0.35548
   1914.8   0.35552
   1915.5   0.35554
   1916.2   0.35549
   1916.9   0.35549
   1917.6   0.35553
   1918.3   0.35553
   1919.1   0.35553
   1919.8   0.35553
   1920.5   0.35554
   1921.2   0.35552
   1921.9   0.35551
   1922.6   0.35552
   1923.3   0.35553
   1924.0   0.35554
   1924.8   0.35556
   1925.5   0.35559
   1926.2   0.35558
   1926.9   0.35557
   1927.6   0.35558
   1928.3   0.35559
   1929.1   0.35559
   1929.8   0.35559
   1930.5   0.35562
   1931.2   0.35566
   1931.9   0.35567
   1932.7   0.35565
   1933.4   0.35564
   1934.1   0.35564
   1934.8   0.35565
   1935.5   0.35569
   1936.3   0.35572
   1937.0   0.35571
   1937.7   0.35571
   1938.4   0.35571
   1939.2   0.35572
   1939.9   0.35574
   1940.6   0.35578
   1941.3   0.35578
   1942.1   0.35576
   1942.8   0.35576
   1943.5   0.35578
   1944.2   0.35581
   1945.0   0.35584
   1945.7   0.35583
   1946.4   0.35583
   1947.2   0.35586
   1947.9   0.35590
   1948.6   0.35592
   1949.4   0.35594
   1950.1   0.35594
   1950.8   0.35592
   1951.6   0.35592
   1952.3   0.35594
   1953.0   0.35597
   1953.8   0.35598
   1954.5   0.35598
   1955.2   0.35599
   1956.0   0.35599
   1956.7   0.35601
   1957.5   0.35604
   1958.2   0.35604
   1958.9   0.35605
   1959.7   0.35608
   1960.4   0.35610
   1961.2   0.35613
   1961.9   0.35610
   1962.6   0.35609
   1963.4   0.35615
   1964.1   0.35616
   1964.9   0.35614
   1965.6   0.35616
   1966.4   0.35618
   1967.1   0.35622
   1967.9   0.35623
   1968.6   0.35621
   1969.3   0.35622
   1970.1   0.35625
   1970.8   0.35626
   1971.6   0.35626
   1972.3   0.35627
   1973.1   0.35628
   1973.8   0.35630
   1974.6   0.35633
   1975.3   0.35632
   1976.1   0.35635
   1976.9   0.35638
   1977.6   0.35637
   1978.4   0.35638
   1979.1   0.35640
   1979.9   0.35641
   1980.6   0.35641
   1981.4   0.35642
   1982.2   0.35646
   1982.9   0.35648
   1983.7   0.35648
   1984.4   0.35648
   1985.2   0.35648
   1985.9   0.35652
   1986.7   0.35654
   1987.5   0.35656
   1988.2   0.35661
   1989.0   0.35664
   1989.8   0.35660
   1990.5   0.35659
   1991.3   0.35664
   1992.1   0.35666
   1992.8   0.35667
   1993.6   0.35671
   1994.3   0.35674
   1995.1   0.35675
   1995.9   0.35677
   1996.7   0.35680
   1997.4   0.35681
   1998.2   0.35681
   1999.0   0.35682
   1999.7   0.35683
   2000.5   0.35685
   2001.3   0.35686
   2002.1   0.35688
   2002.8   0.35691
   2003.6   0.35691
   2004.4   0.35694
   2005.2   0.35698
   2005.9   0.35700
   2006.7   0.35700
   2007.5   0.35699
   2008.3   0.35705
   2009.0   0.35712
   2009.8   0.35715
   2010.6   0.35713
   2011.4   0.35712
   2012.2   0.35714
   2012.9   0.35719
   2013.7   0.35722
   2014.5   0.35723
   2015.3   0.35724
   2016.1   0.35727
   2016.8   0.35734
   2017.6   0.35736
   2018.4   0.35733
   2019.2   0.35735
   2020.0   0.35739
   2020.8   0.35744
   2021.6   0.35745
   2022.3   0.35745
   2023.1   0.35747
   2023.9   0.35749
   2024.7   0.35751
   2025.5   0.35755
   2026.3   0.35760
   2027.1   0.35760
   2027.9   0.35760
   2028.7   0.35763
   2029.5   0.35766
   2030.3   0.35767
   2031.1   0.35769
   2031.9   0.35775
   2032.7   0.35780
   2033.5   0.35780
   2034.3   0.35781
   2035.1   0.35785
   2035.8   0.35786
   2036.7   0.35788
   2037.4   0.35791
   2038.3   0.35795
   2039.1   0.35799
   2039.9   0.35802
   2040.7   0.35803
   2041.5   0.35804
   2042.3   0.35806
   2043.1   0.35808
   2043.9   0.35812
   2044.7   0.35816
   2045.5   0.35819
   2046.3   0.35822
   2047.1   0.35827
   2047.9   0.35830
   2048.7   0.35831
   2049.5   0.35837
   2050.4   0.35842
   2051.2   0.35841
   2052.0   0.35840
   2052.8   0.35842
   2053.6   0.35847
   2054.4   0.35848
   2055.2   0.35850
   2056.0   0.35853
   2056.9   0.35858
   2057.7   0.35863
   2058.5   0.35866
   2059.3   0.35869
   2060.1   0.35872
   2060.9   0.35875
   2061.8   0.35878
   2062.6   0.35882
   2063.4   0.35885
   2064.2   0.35886
   2065.1   0.35887
   2065.9   0.35890
   2066.7   0.35895
   2067.5   0.35899
   2068.3   0.35903
   2069.2   0.35906
   2070.0   0.35908
   2070.8   0.35910
   2071.6   0.35911
   2072.5   0.35913
   2073.3   0.35918
   2074.1   0.35923
   2075.0   0.35928
   2075.8   0.35931
   2076.6   0.35929
   2077.5   0.35933
   2078.3   0.35940
   2079.1   0.35946
   2080.0   0.35949
   2080.8   0.35950
   2081.6   0.35954
   2082.5   0.35958
   2083.3   0.35961
   2084.1   0.35966
   2085.0   0.35969
   2085.8   0.35971
   2086.6   0.35973
   2087.5   0.35977
   2088.3   0.35978
   2089.2   0.35981
   2090.0   0.35984
   2090.9   0.35989
   2091.7   0.35993
   2092.6   0.35996
   2093.4   0.36001
   2094.2   0.36004
   2095.1   0.36007
   2095.9   0.36013
   2096.8   0.36019
   2097.6   0.36020
   2098.5   0.36020
   2099.3   0.36025
   2100.2   0.36030
   2101.0   0.36036
   2101.9   0.36038
   2102.7   0.36044
   2103.6   0.36050
   2104.4   0.36053
   2105.3   0.36056
   2106.1   0.36059
   2107.0   0.36061
   2107.9   0.36065
   2108.7   0.36071
   2109.6   0.36074
   2110.4   0.36077
   2111.3   0.36083
   2112.1   0.36089
   2113.0   0.36093
   2113.9   0.36096
   2114.7   0.36101
   2115.6   0.36104
   2116.5   0.36107
   2117.3   0.36109
   2118.2   0.36112
   2119.1   0.36117
   2119.9   0.36123
   2120.8   0.36128
   2121.7   0.36130
   2122.5   0.36133
   2123.4   0.36141
   2124.3   0.36148
   2125.1   0.36149
   2126.0   0.36152
   2126.9   0.36156
   2127.8   0.36161
   2128.6   0.36166
   2129.5   0.36170
   2130.4   0.36173
   2131.3   0.36175
   2132.1   0.36179
   2133.0   0.36185
   2133.9   0.36192
   2134.8   0.36196
   2135.6   0.36198
   2136.5   0.36201
   2137.4   0.36206
   2138.3   0.36209
   2139.2   0.36212
   2140.1   0.36215
   2140.9   0.36220
   2141.8   0.36226
   2142.7   0.36230
   2143.6   0.36233
   2144.5   0.36235
   2145.4   0.36241
   2146.3   0.36247
   2147.1   0.36253
   2148.0   0.36255
   2148.9   0.36262
   2149.8   0.36268
   2150.7   0.36270
   2151.6   0.36275
   2152.5   0.36280
   2153.4   0.36283
   2154.3   0.36287
   2155.2   0.36293
   2156.1   0.36298
   2157.0   0.36303
   2157.9   0.36306
   2158.8   0.36309
   2159.7   0.36315
   2160.6   0.36323
   2161.5   0.36328
   2162.4   0.36331
   2163.3   0.36335
   2164.2   0.36340
   2165.1   0.36343
   2166.0   0.36347
   2166.9   0.36351
   2167.8   0.36355
   2168.7   0.36358
   2169.6   0.36362
   2170.5   0.36369
   2171.4   0.36374
   2172.3   0.36376
   2173.2   0.36381
   2174.1   0.36388
   2175.1   0.36393
   2176.0   0.36396
   2176.9   0.36399
   2177.8   0.36407
   2178.7   0.36411
   2179.6   0.36415
   2180.6   0.36421
   2181.5   0.36425
   2182.4   0.36430
   2183.3   0.36434
   2184.2   0.36437
   2185.1   0.36443
   2186.1   0.36451
   2187.0   0.36455
   2187.9   0.36457
   2188.8   0.36463
   2189.8   0.36468
   2190.7   0.36470
   2191.6   0.36477
   2192.5   0.36485
   2193.5   0.36490
   2194.4   0.36492
   2195.3   0.36497
   2196.3   0.36502
   2197.2   0.36506
   2198.1   0.36510
   2199.1   0.36515
   2200.0   0.36520
   2200.9   0.36526
   2201.9   0.36531
   2202.8   0.36536
   2203.7   0.36540
   2204.7   0.36543
   2205.6   0.36549
   2206.5   0.36559
   2207.5   0.36565
   2208.4   0.36569
   2209.4   0.36573
   2210.3   0.36579
   2211.2   0.36584
   2212.2   0.36589
   2213.1   0.36592
   2214.1   0.36597
   2215.0   0.36605
   2216.0   0.36613
   2216.9   0.36616
   2217.9   0.36617
   2218.8   0.36624
   2219.8   0.36632
   2220.7   0.36636
   2221.7   0.36643
   2222.6   0.36648
   2223.6   0.36656
   2224.5   0.36663
   2225.5   0.36665
   2226.4   0.36668
   2227.4   0.36674
   2228.4   0.36679
   2229.3   0.36685
   2230.3   0.36690
   2231.2   0.36696
   2232.2   0.36702
   2233.1   0.36705
   2234.1   0.36708
   2235.1   0.36716
   2236.0   0.36723
   2237.0   0.36726
   2238.0   0.36732
   2238.9   0.36736
   2239.9   0.36741
   2240.9   0.36747
   2241.8   0.36750
   2242.8   0.36755
   2243.8   0.36763
   2244.8   0.36768
   2245.7   0.36774
   2246.7   0.36778
   2247.7   0.36779
   2248.6   0.36784
   2249.6   0.36789
   2250.6   0.36791
   2251.6   0.36796
   2252.6   0.36803
   2253.5   0.36810
   2254.5   0.36812
   2255.5   0.36818
   2256.5   0.36825
   2257.5   0.36831
   2258.4   0.36834
   2259.4   0.36836
   2260.4   0.36840
   2261.4   0.36845
   2262.4   0.36848
   2263.4   0.36850
   2264.4   0.36853
   2265.4   0.36858
   2266.3   0.36866
   2267.3   0.36872
   2268.3   0.36875
   2269.3   0.36878
   2270.3   0.36882
   2271.3   0.36886
   2272.3   0.36894
   2273.3   0.36900
   2274.3   0.36905
   2275.3   0.36908
   2276.3   0.36914
   2277.3   0.36919
   2278.3   0.36924
   2279.3   0.36927
   2280.3   0.36933
   2281.3   0.36938
   2282.3   0.36942
   2283.3   0.36946
   2284.3   0.36950
   2285.3   0.36954
   2286.3   0.36960
   2287.3   0.36963
   2288.3   0.36967
   2289.4   0.36972
   2290.4   0.36976
   2291.4   0.36981
   2292.4   0.36987
   2293.4   0.36990
   2294.4   0.36990
   2295.4   0.36996
   2296.4   0.37003
   2297.5   0.37005
   2298.5   0.37009
   2299.5   0.37014
   2300.5   0.37019
   2301.6   0.37022
   2302.6   0.37027
   2303.6   0.37030
   2304.6   0.37032
   2305.6   0.37040
   2306.7   0.37052
   2307.7   0.37061
   2308.7   0.37063
   2309.8   0.37068
   2310.8   0.37075
   2311.8   0.37085
   2312.8   0.37095
   2313.9   0.37100
   2314.9   0.37107
   2315.9   0.37116
   2317.0   0.37123
   2318.0   0.37129
   2319.1   0.37134
   2320.1   0.37140
   2321.1   0.37145
   2322.2   0.37153
   2323.2   0.37161
   2324.3   0.37165
   2325.3   0.37170
   2326.3   0.37177
   2327.4   0.37182
   2328.4   0.37187
   2329.5   0.37191
   2330.5   0.37193
   2331.6   0.37196
   2332.6   0.37200
   2333.7   0.37206
   2334.7   0.37214
   2335.8   0.37219
   2336.8   0.37219
   2337.9   0.37222
   2338.9   0.37229
   2340.0   0.37233
   2341.0   0.37234
   2342.1   0.37237
   2343.1   0.37241
   2344.2   0.37245
   2345.3   0.37249
   2346.3   0.37256
   2347.4   0.37258
   2348.5   0.37263
   2349.5   0.37272
   2350.6   0.37280
   2351.7   0.37284
   2352.7   0.37289
   2353.8   0.37293
   2354.9   0.37299
   2355.9   0.37306
   2357.0   0.37310
   2358.1   0.37316
   2359.1   0.37322
   2360.2   0.37327
   2361.3   0.37329
   2362.4   0.37327
   2363.4   0.37335
   2364.5   0.37343
   2365.6   0.37347
   2366.7   0.37349
   2367.8   0.37350
   2368.9   0.37353
   2369.9   0.37361
   2371.0   0.37369
   2372.1   0.37376
   2373.2   0.37377
   2374.3   0.37379
   2375.4   0.37381
   2376.4   0.37385
   2377.5   0.37390
   2378.6   0.37395
   2379.7   0.37402
   2380.8   0.37406
   2381.9   0.37411
   2383.0   0.37413
   2384.1   0.37413
   2385.2   0.37417
   2386.3   0.37425
   2387.4   0.37430
   2388.5   0.37431
   2389.6   0.37433
   2390.7   0.37436
   2391.8   0.37441
   2392.9   0.37444
   2394.0   0.37445
   2395.1   0.37449
   2396.2   0.37453
   2397.3   0.37458
   2398.4   0.37462
   2399.5   0.37466
   2400.6   0.37470
   2401.8   0.37475
   2402.9   0.37478
   2404.0   0.37481
   2405.1   0.37486
   2406.2   0.37490
   2407.3   0.37492
   2408.5   0.37495
   2409.6   0.37499
   2410.7   0.37503
   2411.8   0.37506
   2412.9   0.37512
   2414.1   0.37516
   2415.2   0.37518
   2416.3   0.37519
   2417.4   0.37520
   2418.6   0.37522
   2419.7   0.37527
   2420.8   0.37533
   2422.0   0.37536
   2423.1   0.37539
   2424.2   0.37541
   2425.4   0.37545
   2426.5   0.37549
   2427.6   0.37551
   2428.8   0.37551
   2429.9   0.37553
   2431.1   0.37558
   2432.2   0.37561
   2433.3   0.37562
   2434.5   0.37566
   2435.6   0.37570
   2436.8   0.37571
   2437.9   0.37570
   2439.1   0.37571
   2440.2   0.37574
   2441.4   0.37575
   2442.5   0.37578
   2443.6   0.37582
   2444.8   0.37585
   2445.9   0.37586
   2447.1   0.37587
   2448.3   0.37587
   2449.4   0.37590
   2450.6   0.37594
   2451.7   0.37595
   2452.9   0.37600
   2454.1   0.37603
   2455.2   0.37604
   2456.4   0.37605
   2457.6   0.37605
   2458.7   0.37606
   2459.9   0.37607
   2461.1   0.37609
   2462.2   0.37613
   2463.4   0.37616
   2464.6   0.37618
   2465.7   0.37622
   2466.9   0.37625
   2468.1   0.37627
   2469.3   0.37627
   2470.4   0.37631
   2471.6   0.37635
   2472.8   0.37637
   2474.0   0.37638
   2475.1   0.37642
   2476.3   0.37646
   2477.5   0.37646
   2478.7   0.37643
   2479.9   0.37647
   2481.1   0.37657
   2482.3   0.37659
   2483.4   0.37657
   2484.6   0.37660
   2485.8   0.37664
   2487.0   0.37665
   2488.2   0.37668
   2489.4   0.37672
   2490.6   0.37676
   2491.8   0.37680
   2493.0   0.37681
   2494.2   0.37681
   2495.4   0.37683
   2496.6   0.37685
   2497.8   0.37687
   2499.0   0.37689
   2500.2   0.37690
   2501.4   0.37692
   2502.6   0.37693
   2503.8   0.37695
   2505.0   0.37700
   2506.3   0.37703
   2507.5   0.37707
   2508.7   0.37709
   2509.9   0.37709
   2511.1   0.37711
   2512.3   0.37709
   2513.5   0.37714
   2514.8   0.37720
   2516.0   0.37721
   2517.2   0.37726
   2518.4   0.37733
   2519.6   0.37736
   2520.9   0.37735
   2522.1   0.37735
   2523.3   0.37739
   2524.6   0.37742
   2525.8   0.37744
   2527.0   0.37747
   2528.2   0.37752
   2529.5   0.37756
   2530.7   0.37757
   2531.9   0.37757
   2533.2   0.37760
   2534.4   0.37764
   2535.7   0.37766
   2536.9   0.37769
   2538.1   0.37770
   2539.4   0.37770
   2540.6   0.37769
   2541.9   0.37772
   2543.1   0.37778
   2544.4   0.37781
   2545.6   0.37785
   2546.9   0.37788
   2548.1   0.37788
   2549.4   0.37789
   2550.6   0.37790
   2551.9   0.37795
   2553.1   0.37797
   2554.4   0.37798
   2555.6   0.37799
   2556.9   0.37801
   2558.2   0.37804
   2559.4   0.37807
   2560.7   0.37810
   2562.0   0.37810
   2563.2   0.37812
   2564.5   0.37817
   2565.8   0.37819
   2567.0   0.37821
   2568.3   0.37823
   2569.6   0.37825
   2570.9   0.37825
   2572.1   0.37826
   2573.4   0.37831
   2574.7   0.37834
   2576.0   0.37832
   2577.3   0.37833
   2578.5   0.37837
   2579.8   0.37841
   2581.1   0.37840
   2582.4   0.37840
   2583.7   0.37841
   2585.0   0.37843
   2586.2   0.37845
   2587.5   0.37845
   2588.8   0.37848
   2590.1   0.37850
   2591.4   0.37851
   2592.7   0.37853
   2594.0   0.37852
   2595.3   0.37850
   2596.6   0.37854
   2597.9   0.37861
   2599.2   0.37863
   2600.5   0.37858
   2601.8   0.37856
   2603.1   0.37860
   2604.4   0.37859
   2605.7   0.37858
   2607.1   0.37859
   2608.4   0.37862
   2609.7   0.37863
   2611.0   0.37864
   2612.3   0.37864
   2613.6   0.37867
   2614.9   0.37868
   2616.3   0.37866
   2617.6   0.37863
   2618.9   0.37863
   2620.2   0.37863
   2621.6   0.37865
   2622.9   0.37865
   2624.2   0.37865
   2625.5   0.37862
   2626.9   0.37859
   2628.2   0.37864
   2629.5   0.37867
   2630.9   0.37863
   2632.2   0.37861
   2633.5   0.37862
   2634.9   0.37865
   2636.2   0.37867
   2637.6   0.37864
   2638.9   0.37858
   2640.2   0.37859
   2641.6   0.37860
   2642.9   0.37857
   2644.3   0.37853
   2645.6   0.37849
   2647.0   0.37848
   2648.3   0.37846
   2649.7   0.37839
   2651.0   0.37834
   2652.4   0.37829
   2653.8   0.37822
   2655.1   0.37814
   2656.5   0.37806
   2657.8   0.37796
   2659.2   0.37784
   2660.6   0.37772
   2661.9   0.37759
   2663.3   0.37743
   2664.7   0.37725
   2666.0   0.37702
   2667.4   0.37678
   2668.8   0.37656
   2670.1   0.37630
   2671.5   0.37604
   2672.9   0.37577
   2674.3   0.37552
   2675.6   0.37530
   2677.0   0.37505
   2678.4   0.37483
   2679.8   0.37460
   2681.2   0.37430
   2682.6   0.37405
   2684.0   0.37385
   2685.4   0.37360
   2686.8   0.37331
   2688.1   0.37303
   2689.5   0.37274
   2690.9   0.37240
   2692.3   0.37202
   2693.7   0.37164
   2695.1   0.37123
   2696.5   0.37081
   2697.9   0.37037
   2699.3   0.36989
   2700.7   0.36936
   2702.1   0.36882
   2703.6   0.36830
   2705.0   0.36776
   2706.4   0.36721
   2707.8   0.36659
   2709.2   0.36600
   2710.6   0.36539
   2712.0   0.36473
   2713.5   0.36412
   2714.9   0.36353
   2716.3   0.36291
   2717.7   0.36230
   2719.1   0.36176
   2720.6   0.36113
   2722.0   0.36041
   2723.4   0.35973
   2724.9   0.35906
   2726.3   0.35838
   2727.7   0.35769
   2729.2   0.35701
   2730.6   0.35633
   2732.0   0.35561
   2733.5   0.35489
   2734.9   0.35415
   2736.4   0.35343
   2737.8   0.35271
   2739.3   0.35194
   2740.7   0.35117
   2742.2   0.35041
   2743.6   0.34965
   2745.1   0.34888
   2746.5   0.34811
   2748.0   0.34735
   2749.4   0.34660
   2750.9   0.34583
   2752.3   0.34505
   2753.8   0.34425
   2755.3   0.34347
   2756.7   0.34272
   2758.2   0.34192
   2759.7   0.34113
   2761.1   0.34042
   2762.6   0.33972
   2764.1   0.33898
   2765.6   0.33821
   2767.0   0.33752
   2768.5   0.33685
   2770.0   0.33617
   2771.5   0.33550
   2772.9   0.33487
   2774.4   0.33422
   2775.9   0.33355
   2777.4   0.33291
   2778.9   0.33233
   2780.4   0.33177
   2781.9   0.33120
   2783.4   0.33067
   2784.9   0.33013
   2786.4   0.32954
   2787.9   0.32899
   2789.4   0.32847
   2790.9   0.32794
   2792.4   0.32745
   2793.9   0.32691
   2795.4   0.32642
   2796.9   0.32596
   2798.4   0.32549
   2799.9   0.32504
   2801.4   0.32463
   2802.9   0.32420
   2804.4   0.32377
   2806.0   0.32332
   2807.5   0.32293
   2809.0   0.32254
   2810.5   0.32213
   2812.1   0.32172
   2813.6   0.32134
   2815.1   0.32098
   2816.6   0.32060
   2818.2   0.32022
   2819.7   0.31986
   2821.2   0.31950
   2822.8   0.31911
   2824.3   0.31876
   2825.8   0.31844
   2827.4   0.31812
   2828.9   0.31781
   2830.5   0.31753
   2832.0   0.31725
   2833.6   0.31693
   2835.1   0.31662
   2836.7   0.31633
   2838.2   0.31600
   2839.8   0.31569
   2841.3   0.31543
   2842.9   0.31515
   2844.4   0.31488
   2846.0   0.31458
   2847.6   0.31426
   2849.1   0.31402
   2850.7   0.31378
   2852.3   0.31352
   2853.8   0.31327
   2855.4   0.31300
   2857.0   0.31274
   2858.6   0.31249
   2860.1   0.31225
   2861.7   0.31203
   2863.3   0.31180
   2864.9   0.31156
   2866.4   0.31133
   2868.0   0.31117
   2869.6   0.31100
   2871.2   0.31076
   2872.8   0.31054
   2874.4   0.31031
   2876.0   0.31015
   2877.6   0.30999
   2879.2   0.30983
   2880.8   0.30964
   2882.4   0.30949
   2884.0   0.30935
   2885.6   0.30918
   2887.2   0.30904
   2888.8   0.30889
   2890.4   0.30874
   2892.0   0.30857
   2893.6   0.30841
   2895.3   0.30830
   2896.9   0.30823
   2898.5   0.30811
   2900.1   0.30800
   2901.7   0.30790
   2903.4   0.30778
   2905.0   0.30766
   2906.6   0.30756
   2908.3   0.30748
   2909.9   0.30739
   2911.5   0.30727
   2913.1   0.30721
   2914.8   0.30715
   2916.4   0.30707
   2918.1   0.30701
   2919.7   0.30694
   2921.4   0.30688
   2923.0   0.30683
   2924.7   0.30678
   2926.3   0.30679
   2928.0   0.30677
   2929.6   0.30667
   2931.3   0.30659
   2932.9   0.30657
   2934.6   0.30654
   2936.3   0.30652
   2937.9   0.30650
   2939.6   0.30648
   2941.2   0.30646
   2942.9   0.30642
   2944.6   0.30638
   2946.3   0.30640
   2947.9   0.30643
   2949.6   0.30642
   2951.3   0.30642
   2953.0   0.30642
   2954.6   0.30639
   2956.3   0.30642
   2958.0   0.30648
   2959.7   0.30650
   2961.4   0.30650
   2963.1   0.30654
   2964.8   0.30660
   2966.5   0.30659
   2968.2   0.30663
   2969.9   0.30672
   2971.6   0.30682
   2973.3   0.30690
   2975.0   0.30694
   2976.7   0.30698
   2978.4   0.30706
   2980.1   0.30720
   2981.8   0.30732
   2983.6   0.30746
   2985.3   0.30756
   2987.0   0.30763
   2988.7   0.30777
   2990.4   0.30793
   2992.2   0.30806
   2993.9   0.30819
   2995.6   0.30832
   2997.4   0.30848
   2999.1   0.30865
   3000.8   0.30881
   3002.6   0.30898
   3004.3   0.30915
   3006.0   0.30932
   3007.8   0.30942
   3009.5   0.30953
   3011.3   0.30971
   3013.0   0.30993
   3014.8   0.31008
   3016.5   0.31024
   3018.3   0.31039
   3020.0   0.31054
   3021.8   0.31068
   3023.6   0.31083
   3025.3   0.31095
   3027.1   0.31106
   3028.9   0.31118
   3030.6   0.31132
   3032.4   0.31149
   3034.2   0.31169
   3036.0   0.31181
   3037.7   0.31192
   3039.5   0.31208
   3041.3   0.31224
   3043.1   0.31236
   3044.9   0.31247
   3046.7   0.31261
   3048.4   0.31277
   3050.2   0.31289
   3052.0   0.31301
   3053.8   0.31315
   3055.6   0.31331
   3057.4   0.31344
   3059.2   0.31352
   3061.1   0.31361
   3062.9   0.31374
   3064.7   0.31389
   3066.5   0.31404
   3068.3   0.31418
   3070.1   0.31431
   3071.9   0.31446
   3073.8   0.31462
   3075.6   0.31480
   3077.4   0.31496
   3079.2   0.31507
   3081.1   0.31518
   3082.9   0.31528
   3084.7   0.31545
   3086.6   0.31563
   3088.4   0.31578
   3090.2   0.31593
   3092.1   0.31611
   3093.9   0.31632
   3095.8   0.31646
   3097.6   0.31655
   3099.5   0.31671
   3101.3   0.31692
   3103.2   0.31715
   3105.0   0.31733
   3106.9   0.31752
   3108.8   0.31772
   3110.6   0.31789
   3112.5   0.31807
   3114.4   0.31830
   3116.2   0.31851
   3118.1   0.31871
   3120.0   0.31893
   3121.9   0.31912
   3123.7   0.31931
   3125.6   0.31952
   3127.5   0.31975
   3129.4   0.31998
   3131.3   0.32021
   3133.2   0.32047
   3135.1   0.32072
   3137.0   0.32094
   3138.9   0.32116
   3140.8   0.32145
   3142.7   0.32171
   3144.6   0.32191
   3146.5   0.32214
   3148.4   0.32240
   3150.3   0.32267
   3152.2   0.32290
   3154.1   0.32314
   3156.1   0.32339
   3158.0   0.32362
   3159.9   0.32393
   3161.8   0.32423
   3163.8   0.32444
   3165.7   0.32466
   3167.6   0.32490
   3169.6   0.32518
   3171.5   0.32545
   3173.4   0.32570
   3175.4   0.32597
   3177.3   0.32626
   3179.3   0.32650
   3181.2   0.32675
   3183.2   0.32700
   3185.1   0.32724
   3187.1   0.32750
   3189.1   0.32775
   3191.0   0.32801
   3193.0   0.32828
   3194.9   0.32853
   3196.9   0.32878
   3198.9   0.32900
   3200.9   0.32920
   3202.9   0.32943
   3204.8   0.32965
   3206.8   0.32989
   3208.8   0.33013
   3210.8   0.33037
   3212.8   0.33063
   3214.8   0.33087
   3216.8   0.33116
   3218.8   0.33143
   3220.8   0.33164
   3222.8   0.33187
   3224.8   0.33212
   3226.8   0.33234
   3228.8   0.33255
   3230.8   0.33277
   3232.8   0.33299
   3234.8   0.33312
   3236.8   0.33331
   3238.9   0.33358
   3240.9   0.33376
   3242.9   0.33394
   3244.9   0.33413
   3247.0   0.33428
   3249.0   0.33444
   3251.0   0.33460
   3253.1   0.33471
   3255.1   0.33487
   3257.2   0.33509
   3259.2   0.33534
   3261.3   0.33555
   3263.3   0.33573
   3265.4   0.33599
   3267.4   0.33621
   3269.5   0.33645
   3271.6   0.33668
   3273.6   0.33688
   3275.7   0.33713
   3277.8   0.33742
   3279.8   0.33768
   3281.9   0.33789
   3284.0   0.33805
   3286.1   0.33819
   3288.1   0.33837
   3290.2   0.33853
   3292.3   0.33871
   3294.4   0.33888
   3296.5   0.33900
   3298.6   0.33909
   3300.7   0.33924
   3302.8   0.33943
   3304.9   0.33962
   3307.0   0.33978
   3309.1   0.33993
   3311.2   0.34013
   3313.4   0.34028
   3315.5   0.34040
   3317.6   0.34051
   3319.7   0.34058
   3321.9   0.34063
   3324.0   0.34066
   3326.1   0.34067
   3328.3   0.34070
   3330.4   0.34066
   3332.5   0.34057
   3334.7   0.34049
   3336.8   0.34041
   3339.0   0.34023
   3341.1   0.34001
   3343.3   0.33972
   3345.4   0.33933
   3347.6   0.33892
   3349.8   0.33840
   3351.9   0.33775
   3354.1   0.33696
   3356.3   0.33607
   3358.4   0.33494
   3360.6   0.33346
   3362.8   0.33159
   3365.0   0.32911
   3367.1   0.32635
   3369.3   0.32392
   3371.5   0.32226
   3373.7   0.32137
   3375.9   0.32111
   3378.1   0.32156
   3380.3   0.32275
   3382.5   0.32445
   3384.7   0.32609
   3386.9   0.32725
   3389.1   0.32778
   3391.4   0.32772
   3393.6   0.32697
   3395.8   0.32566
   3398.0   0.32399
   3400.3   0.32214
   3402.5   0.32028
   3404.7   0.31848
   3407.0   0.31678
   3409.2   0.31526
   3411.4   0.31399
   3413.7   0.31306
   3415.9   0.31274
   3418.2   0.31340
   3420.4   0.31505
   3422.7   0.31737
   3425.0   0.31993
   3427.2   0.32238
   3429.5   0.32459
   3431.8   0.32647
   3434.0   0.32806
   3436.3   0.32945
   3438.6   0.33059
   3440.9   0.33158
   3443.2   0.33260
   3445.4   0.33363
   3447.7   0.33465
   3450.0   0.33563
   3452.3   0.33651
   3454.6   0.33731
   3456.9   0.33808
   3459.2   0.33870
   3461.6   0.33912
   3463.9   0.33930
   3466.2   0.33914
   3468.5   0.33866
   3470.8   0.33809
   3473.1   0.33775
   3475.5   0.33775
   3477.8   0.33795
   3480.1   0.33809
   3482.5   0.33802
   3484.8   0.33752
   3487.2   0.33670
   3489.5   0.33567
   3491.9   0.33459
   3494.2   0.33349
   3496.6   0.33237
   3498.9   0.33160
   3501.3   0.33180
   3503.6   0.33312
   3506.0   0.33525
   3508.4   0.33777
   3510.8   0.34036
   3513.1   0.34280
   3515.5   0.34486
   3517.9   0.34650
   3520.3   0.34778
   3522.7   0.34882
   3525.1   0.34957
   3527.5   0.35015
   3529.9   0.35072
   3532.3   0.35121
   3534.7   0.35159
   3537.1   0.35194
   3539.5   0.35224
   3541.9   0.35244
   3544.4   0.35265
   3546.8   0.35285
   3549.2   0.35308
   3551.6   0.35327
   3554.1   0.35339
   3556.5   0.35355
   3559.0   0.35374
   3561.4   0.35388
   3563.9   0.35400
   3566.3   0.35420
   3568.8   0.35439
   3571.2   0.35454
   3573.7   0.35467
   3576.1   0.35481
   3578.6   0.35487
   3581.1   0.35497
   3583.6   0.35511
   3586.0   0.35525
   3588.5   0.35532
   3591.0   0.35542
   3593.5   0.35555
   3596.0   0.35564
   3598.5   0.35572
   3601.0   0.35580
   3603.5   0.35587
   3606.0   0.35594
   3608.5   0.35599
   3611.0   0.35602
   3613.5   0.35604
   3616.0   0.35607
   3618.6   0.35614
   3621.1   0.35624
   3623.6   0.35636
   3626.1   0.35645
   3628.7   0.35647
   3631.2   0.35653
   3633.8   0.35656
   3636.3   0.35655
   3638.9   0.35663
   3641.4   0.35668
   3644.0   0.35675
   3646.6   0.35689
   3649.1   0.35699
   3651.7   0.35700
   3654.3   0.35707
   3656.9   0.35712
   3659.4   0.35718
   3662.0   0.35727
   3664.6   0.35732
   3667.2   0.35739
   3669.8   0.35741
   3672.4   0.35746
   3675.0   0.35752
   3677.6   0.35758
   3680.2   0.35764
   3682.8   0.35768
   3685.4   0.35775
   3688.1   0.35784
   3690.7   0.35793
   3693.3   0.35801
   3695.9   0.35807
   3698.6   0.35813
   3701.2   0.35823
   3703.9   0.35835
   3706.5   0.35844
   3709.2   0.35847
   3711.8   0.35853
   3714.5   0.35861
   3717.1   0.35867
   3719.8   0.35873
   3722.5   0.35880
   3725.2   0.35888
   3727.8   0.35896
   3730.5   0.35905
   3733.2   0.35911
   3735.9   0.35919
   3738.6   0.35927
   3741.3   0.35935
   3744.0   0.35943
   3746.7   0.35952
   3749.4   0.35962
   3752.1   0.35971
   3754.8   0.35978
   3757.6   0.35987
   3760.3   0.35995
   3763.0   0.36001
   3765.7   0.36003
   3768.5   0.36006
   3771.2   0.36011
   3774.0   0.36016
   3776.7   0.36018
   3779.5   0.36018
   3782.2   0.36019
   3785.0   0.36020
   3787.7   0.36020
   3790.5   0.36018
   3793.3   0.36015
   3796.1   0.36010
   3798.8   0.36007
   3801.6   0.36005
   3804.4   0.36001
   3807.2   0.35998
   3810.0   0.35993
   3812.8   0.35988
   3815.6   0.35982
   3818.4   0.35976
   3821.2   0.35970
   3824.1   0.35967
   3826.9   0.35961
   3829.7   0.35953
   3832.5   0.35949
   3835.4   0.35942
   3838.2   0.35930
   3841.1   0.35921
   3843.9   0.35914
   3846.8   0.35910
   3849.6   0.35902
   3852.5   0.35893
   3855.3   0.35882
   3858.2   0.35871
   3861.1   0.35861
   3863.9   0.35853
   3866.8   0.35844
   3869.7   0.35835
   3872.6   0.35825
   3875.5   0.35814
   3878.4   0.35803
   3881.3   0.35795
   3884.2   0.35783
   3887.1   0.35771
   3890.0   0.35762
   3893.0   0.35752
   3895.9   0.35740
   3898.8   0.35728
   3901.7   0.35717
   3904.7   0.35706
   3907.6   0.35694
   3910.6   0.35683
   3913.5   0.35675
   3916.5   0.35666
   3919.4   0.35655
   3922.4   0.35642
   3925.4   0.35628
   3928.4   0.35616
   3931.3   0.35604
   3934.3   0.35594
   3937.3   0.35582
   3940.3   0.35567
   3943.3   0.35554
   3946.3   0.35541
   3949.3   0.35530
   3952.3   0.35519
   3955.3   0.35507
   3958.3   0.35494
   3961.4   0.35480
   3964.4   0.35467
   3967.4   0.35457
   3970.5   0.35446
   3973.5   0.35434
   3976.6   0.35421
   3979.6   0.35404
   3982.6   0.35389
   3985.7   0.35376
   3988.8   0.35364
   3991.9   0.35350
   3994.9   0.35335
   3998.0   0.35320
   4001.1   0.35305
   4004.2   0.35289
   4007.3   0.35277
   4010.4   0.35262
   4013.5   0.35245
   4016.6   0.35230
   4019.7   0.35215
   4022.8   0.35199
   4025.9   0.35183
   4029.1   0.35167
   4032.2   0.35152
   4035.3   0.35136
   4038.5   0.35120
   4041.6   0.35104
   4044.8   0.35089
   4047.9   0.35071
   4051.1   0.35054
   4054.3   0.35038
   4057.4   0.35023
   4060.6   0.35007
   4063.8   0.34991
   4067.0   0.34973
   4070.2   0.34956
   4073.4   0.34937
   4076.6   0.34919
   4079.8   0.34901
   4083.0   0.34883
   4086.2   0.34863
   4089.4   0.34844
   4092.7   0.34825
   4095.9   0.34803
   4099.1   0.34782
   4102.4   0.34765
   4105.6   0.34745
   4108.9   0.34724
   4112.1   0.34703
   4115.4   0.34682
   4118.7   0.34661
   4122.0   0.34638
   4125.2   0.34617
   4128.5   0.34594
   4131.8   0.34570
   4135.1   0.34547
   4138.4   0.34525
   4141.7   0.34505
   4145.0   0.34484
   4148.3   0.34463
   4151.6   0.34439
   4155.0   0.34415
   4158.3   0.34393
   4161.6   0.34370
   4165.0   0.34344
   4168.3   0.34319
   4171.7   0.34294
   4175.0   0.34268
   4178.4   0.34242
   4181.8   0.34216
   4185.2   0.34184
   4188.5   0.34153
   4191.9   0.34124
   4195.3   0.34096
   4198.7   0.34063
   4202.1   0.34028
   4205.5   0.33997
   4208.9   0.33966
   4212.4   0.33928
   4215.8   0.33890
   4219.2   0.33851
   4222.6   0.33810
   4226.1   0.33765
   4229.5   0.33716
   4233.0   0.33666
   4236.5   0.33613
   4239.9   0.33554
   4243.4   0.33488
   4246.9   0.33414
   4250.3   0.33336
   4253.8   0.33251
   4257.3   0.33157
   4260.8   0.33054
   4264.3   0.32945
   4267.8   0.32826
   4271.3   0.32699
   4274.9   0.32563
   4278.4   0.32419
   4281.9   0.32266
   4285.5   0.32108
   4289.0   0.31945
   4292.6   0.31776
   4296.1   0.31607
   4299.7   0.31442
   4303.3   0.31282
   4306.8   0.31137
   4310.4   0.31003
   4314.0   0.30879
   4317.6   0.30767
   4321.2   0.30666
   4324.8   0.30573
   4328.4   0.30482
   4332.0   0.30396
   4335.6   0.30313
   4339.3   0.30231
   4342.9   0.30150
   4346.5   0.30069
   4350.2   0.29991
   4353.8   0.29910
   4357.5   0.29828
   4361.1   0.29744
   4364.8   0.29661
   4368.5   0.29576
   4372.2   0.29492
   4375.9   0.29411
   4379.6   0.29332
   4383.3   0.29260
   4387.0   0.29196
   4390.7   0.29134
   4394.4   0.29079
   4398.1   0.29032
   4401.9   0.28995
   4405.6   0.28970
   4409.4   0.28956
   4413.1   0.28954
   4416.9   0.28962
   4420.6   0.28972
   4424.4   0.28988
   4428.2   0.29011
   4432.0   0.29036
   4435.8   0.29061
   4439.6   0.29085
   4443.4   0.29109
   4447.2   0.29132
   4451.0   0.29153
   4454.8   0.29169
   4458.6   0.29179
   4462.5   0.29183
   4466.3   0.29180
   4470.2   0.29171
   4474.0   0.29156
   4477.9   0.29135
   4481.8   0.29104
   4485.6   0.29066
   4489.5   0.29022
   4493.4   0.28973
   4497.3   0.28917
   4501.2   0.28855
   4505.1   0.28785
   4509.0   0.28709
   4513.0   0.28631
   4516.9   0.28549
   4520.9   0.28463
   4524.8   0.28372
   4528.7   0.28277
   4532.7   0.28180
   4536.7   0.28079
   4540.6   0.27977
   4544.6   0.27872
   4548.6   0.27763
   4552.6   0.27647
   4556.6   0.27532
   4560.6   0.27416
   4564.6   0.27295
   4568.6   0.27168
   4572.7   0.27038
   4576.7   0.26903
   4580.8   0.26763
   4584.8   0.26620
   4588.9   0.26471
   4592.9   0.26318
   4597.0   0.26156
   4601.1   0.25987
   4605.2   0.25808
   4609.3   0.25620
   4613.4   0.25425
   4617.5   0.25224
   4621.6   0.25022
   4625.7   0.24821
   4629.8   0.24626
   4634.0   0.24440
   4638.1   0.24270
   4642.3   0.24117
   4646.4   0.23986
   4650.6   0.23879
   4654.8   0.23794
   4659.0   0.23728
   4663.1   0.23674
   4667.3   0.23629
   4671.5   0.23583
   4675.8   0.23534
   4680.0   0.23481
   4684.2   0.23420
   4688.4   0.23352
   4692.7   0.23278
   4696.9   0.23198
   4701.2   0.23111
   4705.5   0.23019
   4709.7   0.22923
   4714.0   0.22824
   4718.3   0.22718
   4722.6   0.22606
   4726.9   0.22494
   4731.2   0.22383
   4735.5   0.22274
   4739.9   0.22163
   4744.2   0.22055
   4748.5   0.21953
   4752.9   0.21857
   4757.3   0.21767
   4761.6   0.21684
   4766.0   0.21611
   4770.4   0.21552
   4774.8   0.21505
   4779.2   0.21464
   4783.6   0.21430
   4788.0   0.21395
   4792.4   0.21360
   4796.9   0.21320
   4801.3   0.21273
   4805.8   0.21220
   4810.2   0.21158
   4814.7   0.21093
   4819.1   0.21024
   4823.6   0.20948
   4828.1   0.20871
   4832.6   0.20791
   4837.1   0.20706
   4841.6   0.20619
   4846.2   0.20529
   4850.7   0.20435
   4855.3   0.20340
   4859.8   0.20242
   4864.4   0.20141
   4868.9   0.20037
   4873.5   0.19932
   4878.1   0.19830
   4882.7   0.19727
   4887.3   0.19622
   4891.9   0.19519
   4896.5   0.19415
   4901.1   0.19311
   4905.8   0.19207
   4910.4   0.19106
   4915.1   0.19009
   4919.7   0.18913
   4924.4   0.18824
   4929.1   0.18739
   4933.8   0.18654
   4938.5   0.18572
   4943.2   0.18492
   4947.9   0.18411
   4952.6   0.18331
   4957.4   0.18248
   4962.1   0.18160
   4966.9   0.18069
   4971.6   0.17976
   4976.4   0.17882
   4981.2   0.17781
   4986.0   0.17674
   4990.8   0.17562
   4995.6   0.17449
   5000.4   0.17329
   5005.2   0.17202
   5010.0   0.17076
   5014.9   0.16950
   5019.8   0.16822
   5024.6   0.16699
   5029.5   0.16581
   5034.4   0.16464
   5039.3   0.16354
   5044.2   0.16251
   5049.1   0.16155
   5054.0   0.16067
   5058.9   0.15986
   5063.9   0.15912
   5068.8   0.15846
   5073.8   0.15784
   5078.8   0.15723
   5083.7   0.15663
   5088.7   0.15605
   5093.7   0.15548
   5098.7   0.15489
   5103.7   0.15423
   5108.8   0.15351
   5113.8   0.15268
   5118.9   0.15171
   5123.9   0.15067
   5129.0   0.14954
   5134.1   0.14836
   5139.1   0.14717
   5144.3   0.14598
   5149.4   0.14482
   5154.5   0.14369
   5159.6   0.14259
   5164.7   0.14152
   5169.9   0.14049
   5175.0   0.13954
   5180.2   0.13865
   5185.4   0.13777
   5190.6   0.13694
   5195.8   0.13616
   5201.0   0.13538
   5206.2   0.13463
   5211.5   0.13392
   5216.7   0.13323
   5222.0   0.13257
   5227.2   0.13188
   5232.5   0.13114
   5237.8   0.13036
   5243.1   0.12956
   5248.4   0.12869
   5253.7   0.12776
   5259.0   0.12675
   5264.4   0.12571
   5269.7   0.12461
   5275.1   0.12347
   5280.5   0.12235
   5285.8   0.12125
   5291.2   0.12020
   5296.6   0.11920
   5302.0   0.11829
   5307.5   0.11749
   5312.9   0.11676
   5318.4   0.11609
   5323.8   0.11551
   5329.3   0.11499
   5334.8   0.11446
   5340.3   0.11385
   5345.8   0.11318
   5351.3   0.11243
   5356.8   0.11158
   5362.4   0.11068
   5367.9   0.10973
   5373.5   0.10875
   5379.0   0.10773
   5384.6   0.10671
   5390.2   0.10570
   5395.8   0.10471
   5401.5   0.10373
   5407.1   0.10284
   5412.7   0.10207
   5418.4   0.10137
   5424.1   0.10077
   5429.7   0.10024
   5435.4   0.09981
   5441.1   0.09947
   5446.8   0.09922
   5452.6   0.09905
   5458.3   0.09897
   5464.1   0.09898
   5469.8   0.09911
   5475.6   0.09935
   5481.4   0.09965
   5487.2   0.10003
   5493.0   0.10044
   5498.8   0.10086
   5504.7   0.10130
   5510.5   0.10173
   5516.4   0.10221
   5522.3   0.10275
   5528.1   0.10333
   5534.0   0.10391
   5540.0   0.10446
   5545.9   0.10495
   5551.8   0.10537
   5557.8   0.10575
   5563.7   0.10606
   5569.7   0.10625
   5575.7   0.10637
   5581.7   0.10643
   5587.7   0.10640
   5593.7   0.10632
   5599.8   0.10618
   5605.8   0.10601
   5611.9   0.10576
   5618.0   0.10542
   5624.1   0.10500
   5630.2   0.10453
   5636.3   0.10399
   5642.4   0.10343
   5648.6   0.10284
   5654.7   0.10222
   5660.9   0.10163
   5667.1   0.10108
   5673.3   0.10056
   5679.5   0.10008
   5685.7   0.09962
   5692.0   0.09916
   5698.2   0.09868
   5704.5   0.09816
   5710.8   0.09762
   5717.1   0.09704
   5723.4   0.09642
   5729.7   0.09574
   5736.0   0.09501
   5742.4   0.09424
   5748.8   0.09345
   5755.1   0.09266
   5761.5   0.09182
   5768.0   0.09095
   5774.4   0.09005
   5780.8   0.08909
   5787.3   0.08814
   5793.7   0.08716
   5800.2   0.08614
   5806.7   0.08509
   5813.2   0.08403
   5819.7   0.08297
   5826.3   0.08190
   5832.8   0.08079
   5839.4   0.07968
   5846.0   0.07859
   5852.6   0.07749
   5859.2   0.07642
   5865.8   0.07537
   5872.5   0.07434
   5879.1   0.07333
   5885.8   0.07231
   5892.5   0.07133
   5899.2   0.07039
   5905.9   0.06944
   5912.6   0.06849
   5919.4   0.06757
   5926.2   0.06666
   5932.9   0.06572
   5939.7   0.06478
   5946.5   0.06385
   5953.4   0.06289
   5960.2   0.06191
   5967.1   0.06095
   5974.0   0.06002
   5980.8   0.05912
   5987.8   0.05827
   5994.7   0.05748
   6001.6   0.05677
   6008.6   0.05616
   6015.5   0.05559
   6022.5   0.05510
   6029.5   0.05475
   6036.5   0.05449
   6043.6   0.05430
   6050.6   0.05419
   6057.7   0.05413
   6064.8   0.05411
   6071.9   0.05411
   6079.0   0.05412
   6086.1   0.05412
   6093.3   0.05409
   6100.5   0.05402
   6107.6   0.05390
   6114.9   0.05377
   6122.1   0.05362
   6129.3   0.05346
   6136.5   0.05330
   6143.8   0.05315
   6151.1   0.05304
   6158.4   0.05296
   6165.7   0.05291
   6173.1   0.05291
   6180.4   0.05294
   6187.8   0.05299
   6195.2   0.05303
   6202.6   0.05309
   6210.0   0.05315
   6217.5   0.05320
   6225.0   0.05324
   6232.4   0.05327
   6239.9   0.05326
   6247.5   0.05325
   6255.0   0.05325
   6262.5   0.05320
   6270.1   0.05310
   6277.7   0.05296
   6285.3   0.05284
   6293.0   0.05271
   6300.6   0.05256
   6308.3   0.05244
   6315.9   0.05238
   6323.6   0.05234
   6331.4   0.05237
   6339.1   0.05246
   6346.9   0.05260
   6354.6   0.05283
   6362.4   0.05314
   6370.3   0.05347
   6378.1   0.05382
   6385.9   0.05415
   6393.8   0.05446
   6401.7   0.05471
   6409.6   0.05493
   6417.5   0.05509
   6425.5   0.05515
   6433.5   0.05511
   6441.5   0.05502
   6449.5   0.05486
   6457.5   0.05468
   6465.6   0.05447
   6473.6   0.05424
   6481.7   0.05405
   6489.8   0.05391
   6498.0   0.05380
   6506.1   0.05369
   6514.3   0.05359
   6522.5   0.05353
   6530.7   0.05347
   6539.0   0.05336
   6547.2   0.05321
   6555.5   0.05304
   6563.8   0.05285
   6572.1   0.05265
   6580.4   0.05247
   6588.8   0.05227
   6597.2   0.05204
   6605.6   0.05182
   6614.0   0.05161
   6622.5   0.05144
   6630.9   0.05132
   6639.4   0.05122
   6647.9   0.05116
   6656.5   0.05115
   6665.0   0.05118
   6673.6   0.05123
   6682.2   0.05130
   6690.8   0.05137
   6699.5   0.05141
   6708.1   0.05145
   6716.8   0.05146
   6725.5   0.05139
   6734.3   0.05128
   6743.0   0.05110
   6751.8   0.05086
   6760.6   0.05061
   6769.4   0.05035
   6778.3   0.05003
   6787.1   0.04969
   6796.0   0.04938
   6805.0   0.04910
   6813.9   0.04884
   6822.9   0.04862
   6831.9   0.04844
   6840.9   0.04830
   6849.9   0.04820
   6859.0   0.04814
   6868.0   0.04810
   6877.2   0.04806
   6886.3   0.04806
   6895.5   0.04805
   6904.6   0.04802
   6913.8   0.04800
   6923.1   0.04794
   6932.3   0.04786
   6941.6   0.04777
   6950.9   0.04763
   6960.2   0.04746
   6969.6   0.04725
   6979.0   0.04701
   6988.4   0.04676
   6997.8   0.04650
   7007.3   0.04621
   7016.8   0.04591
   7026.3   0.04561
   7035.8   0.04531
   7045.4   0.04502
   7054.9   0.04470
   7064.5   0.04437
   7074.2   0.04410
   7083.9   0.04386
   7093.5   0.04360
   7103.3   0.04337
   7113.0   0.04311
   7122.8   0.04284
   7132.6   0.04258
   7142.4   0.04230
   7152.2   0.04196
   7162.1   0.04161
   7172.0   0.04123
   7182.0   0.04078
   7191.9   0.04031
   7201.9   0.03982
   7211.9   0.03932
   7222.0   0.03885
   7232.0   0.03840
   7242.1   0.03794
   7252.3   0.03747
   7262.4   0.03705
   7272.6   0.03665
   7282.8   0.03622
   7293.1   0.03579
   7303.3   0.03536
   7313.6   0.03489
   7324.0   0.03441
   7334.3   0.03396
   7344.7   0.03348
   7355.1   0.03297
   7365.6   0.03244
   7376.1   0.03190
   7386.6   0.03140
   7397.1   0.03090
   7407.7   0.03040
   7418.3   0.02990
   7428.9   0.02936
   7439.6   0.02883
   7450.3   0.02834
   7461.0   0.02783
   7471.7   0.02732
   7482.5   0.02682
   7493.3   0.02630
   7504.2   0.02579
   7515.0   0.02530
   7525.9   0.02482
   7536.9   0.02433
   7547.9   0.02383
   7558.9   0.02333
   7569.9   0.02283
   7581.0   0.02236
   7592.0   0.02190
   7603.2   0.02143
   7614.4   0.02096
   7625.5   0.02046
   7636.8   0.01998
   7648.0   0.01950
   7659.3   0.01897
   7670.7   0.01846
   7682.0   0.01791
   7693.4   0.01735
   7704.9   0.01678
   7716.3   0.01619
   7727.8   0.01560
   7739.4   0.01504
   7750.9   0.01450
   7762.5   0.01397
   7774.2   0.01342
   7785.8   0.01284
   7797.5   0.01229
   7809.3   0.01177
   7821.1   0.01128
   7832.9   0.01078
   7844.7   0.01027
   7856.6   0.00976
   7868.5   0.00926
   7880.5   0.00877
   7892.5   0.00832
   7904.5   0.00788
   7916.6   0.00745
   7928.7   0.00703
   7940.8   0.00662
   7953.0   0.00625
   7965.2   0.00591
   7977.5   0.00559
   7989.8   0.00528
   8002.1   0.00500
   8014.5   0.00476
   8026.9   0.00455
   8039.3   0.00436
   8051.8   0.00421
   8064.3   0.00407
   8076.9   0.00398
   8089.5   0.00392
   8102.1   0.00392
   8114.8   0.00400
   8127.5   0.00415
   8140.3   0.00439
   8153.1   0.00472
   8165.9   0.00514
   8178.8   0.00573
   8191.7   0.00646
   8204.7   0.00739
   8217.7   0.00851
   8230.7   0.00979
   8243.8   0.01130
   8257.0   0.01300
   8270.1   0.01486
   8283.3   0.01684
   8296.6   0.01892
   8309.9   0.02107
   8323.2   0.02323
   8336.6   0.02537
   8350.0   0.02744
   8363.5   0.02942
   8377.0   0.03128
   8390.5   0.03313
   8404.2   0.03505
   8417.8   0.03712
   8431.5   0.03924
   8445.2   0.04117
   8459.0   0.04278
   8472.8   0.04406
   8486.7   0.04499
   8500.6   0.04564
   8514.5   0.04612
   8528.5   0.04649
   8542.6   0.04674
   8556.7   0.04691
   8570.8   0.04698
   8585.0   0.04692
   8599.3   0.04679
   8613.5   0.04662
   8627.9   0.04638
   8642.3   0.04613
   8656.7   0.04591
   8671.2   0.04570
   8685.7   0.04558
   8700.3   0.04548
   8714.9   0.04532
   8729.5   0.04501
   8744.3   0.04456
   8759.0   0.04395
   8773.9   0.04324
   8788.7   0.04243
   8803.7   0.04155
   8818.6   0.04066
   8833.7   0.03982
   8848.7   0.03905
   8863.8   0.03832
   8879.0   0.03755
   8894.3   0.03673
   8909.5   0.03586
   8924.9   0.03509
   8940.3   0.03451
   8955.7   0.03410
   8971.2   0.03385
   8986.8   0.03368
   9002.3   0.03352
   9018.0   0.03329
   9033.7   0.03287
   9049.5   0.03235
   9065.3   0.03166
   9081.2   0.03082
   9097.1   0.02986
   9113.1   0.02879
   9129.1   0.02757
   9145.2   0.02627
   9161.4   0.02497
   9177.6   0.02373
   9193.9   0.02267
   9210.2   0.02198
   9226.6   0.02166
   9243.0   0.02148
   9259.5   0.02126
   9276.1   0.02091
   9292.7   0.02053
   9309.4   0.02028
   9326.2   0.02008
   9343.0   0.01998
   9359.8   0.02005
   9376.8   0.02026
   9393.8   0.02072
   9410.8   0.02151
   9427.9   0.02255
   9445.1   0.02388
   9462.3   0.02556
   9479.6   0.02755
   9497.0   0.02981
   9514.4   0.03222
   9531.9   0.03460
   9549.4   0.03686
   9567.0   0.03889
   9584.7   0.04061
   9602.5   0.04196
   9620.3   0.04292
   9638.2   0.04356
   9656.1   0.04393
   9674.2   0.04402
   9692.2   0.04374
   9710.4   0.04317
   9728.6   0.04251
   9746.9   0.04200
   9765.2   0.04165
   9783.7   0.04110
   9802.2   0.04016
   9820.7   0.03889
   9839.4   0.03762
   9858.1   0.03665
   9876.8   0.03597
   9895.7   0.03554
   9914.6   0.03538
   9933.6   0.03556
   9952.7   0.03613
   9971.8   0.03693
   9991.0   0.03764
  10010.3   0.03819
  10029.7   0.03878
  10049.1   0.03964
  10068.6   0.04086
  10088.2   0.04238
  10107.9   0.04388
  10127.6   0.04499
  10147.5   0.04554
  10167.3   0.04566
  10187.3   0.04557
  10207.4   0.04564
  10227.5   0.04619
  10247.7   0.04721
  10268.0   0.04857
  10288.4   0.05000
  10308.8   0.05124
  10329.4   0.05231
  10350.0   0.05347
  10370.7   0.05512
  10391.5   0.05745
  10412.3   0.05989
  10433.3   0.06171
  10454.3   0.06285
  10475.4   0.06374
  10496.7   0.06473
  10517.9   0.06563
  10539.3   0.06601
  10560.8   0.06584
  10582.3   0.06566
  10604.0   0.06571
  10625.7   0.06578
  10647.5   0.06552
  10669.4   0.06504
  10691.4   0.06482
  10713.5   0.06499
  10735.7   0.06506
  10758.0   0.06448
  10780.3   0.06327
  10802.8   0.06194
  10825.4   0.06079
  10848.0   0.05952
  10870.8   0.05825
  10893.6   0.05742
  10916.5   0.05720
  10939.5   0.05725
  10962.7   0.05687
  10985.9   0.05600
  11009.2   0.05513
  11032.7   0.05444
  11056.2   0.05366
  11079.8   0.05252
  11103.5   0.05115
  11127.4   0.04978
  11151.3   0.04853
  11175.3   0.04720
  11199.5   0.04569
  11223.7   0.04414
  11248.0   0.04269
  11272.5   0.04131
  11297.1   0.04002
  11321.7   0.03881
  11346.5   0.03778
  11371.4   0.03690
  11396.4   0.03612
  11421.5   0.03536
  11446.7   0.03466
  11472.0   0.03405
  11497.5   0.03351
  11523.0   0.03303
  11548.7   0.03259
  11574.4   0.03217
  11600.3   0.03171
  11626.3   0.03139
  11652.5   0.03120
  11678.7   0.03089
  11705.1   0.03059
  11731.6   0.03035
  11758.2   0.03015
  11784.9   0.02999
  11811.7   0.02982
  11838.7   0.02968
  11865.8   0.02957
  11893.0   0.02947
  11920.3   0.02936
  11947.8   0.02929
  11975.4   0.02925
  12003.1   0.02915
  12031.0   0.02903
  12059.0   0.02896
  12087.1   0.02883
  12115.3   0.02870
  12143.7   0.02863
  12172.2   0.02848
  12200.8   0.02831
  12229.6   0.02813
  12258.5   0.02792
  12287.6   0.02768
  12316.8   0.02738
  12346.1   0.02695
  12375.5   0.02647
  12405.2   0.02600
  12434.9   0.02543
  12464.8   0.02480
  12494.8   0.02407
  12525.0   0.02323
  12555.3   0.02237
  12585.8   0.02152
  12616.4   0.02067
  12647.2   0.01984
  12678.1   0.01892
  12709.2   0.01787
  12740.4   0.01683
  12771.8   0.01597
  12803.3   0.01533
  12835.0   0.01503
  12866.9   0.01510
  12898.9   0.01549
  12931.1   0.01605
  12963.4   0.01659
  12995.9   0.01693
  13028.5   0.01711
  13061.3   0.01744
  13094.3   0.01817
  13127.5   0.01923
  13160.8   0.02010
  13194.3   0.02037
  13228.0   0.02011
  13261.8   0.01960
  13295.8   0.01898
  13330.0   0.01836
  13364.3   0.01778
  13398.8   0.01724
  13433.6   0.01668
  13468.5   0.01612
  13503.5   0.01563
  13538.8   0.01542
  13574.2   0.01554
  13609.9   0.01593
  13645.7   0.01655
  13681.7   0.01736
  13717.9   0.01816
  13754.3   0.01858
  13790.8   0.01843
  13827.6   0.01800
  13864.6   0.01752
  13901.8   0.01703
  13939.2   0.01652
  13976.7   0.01591
  14014.5   0.01525
  14052.5   0.01469
  14090.7   0.01415
  14129.0   0.01364
  14167.6   0.01323
  14206.5   0.01300
  14245.5   0.01305
  14284.7   0.01334
  14324.2   0.01347
  14363.9   0.01334
  14403.8   0.01325
  14443.9   0.01358
  14484.3   0.01414
  14524.8   0.01460
  14565.6   0.01467
  14606.7   0.01452
  14647.9   0.01434
  14689.4   0.01421
  14731.2   0.01403
  14773.1   0.01387
  14815.3   0.01402
  14857.8   0.01445
  14900.5   0.01499
  14943.4   0.01559
  14986.6   0.01625
  15030.0   0.01683
  15073.7   0.01702
  15117.7   0.01684
  15161.9   0.01657
  15206.3   0.01653
  15251.1   0.01718
  15296.1   0.01868
  15341.3   0.02107
  15386.8   0.02424
  15432.6   0.02773
  15478.7   0.03110
  15525.0   0.03382
  15571.7   0.03566
  15618.6   0.03677
  15665.8   0.03746
  15713.2   0.03811
  15761.0   0.03888
  15809.0   0.03971
  15857.4   0.04044
  15906.0   0.04083
  15955.0   0.04083
  16004.2   0.04056
  16053.8   0.03976
  16103.6   0.03819
  16153.8   0.03617
  16204.3   0.03411
  16255.1   0.03277
  16306.2   0.03256
  16357.6   0.03342
  16409.4   0.03489
  16461.5   0.03687
  16513.9   0.03867
  16566.7   0.03939
  16619.8   0.03889
  16673.2   0.03787
  16727.0   0.03737
  16781.1   0.03812
  16835.6   0.04018
  16890.5   0.04283
  16945.7   0.04499
  17001.2   0.04624
  17057.2   0.04652
  17113.4   0.04591
  17170.1   0.04450
  17227.2   0.04273
  17284.6   0.04065
  17342.4   0.03890
  17400.6   0.03795
  17459.2   0.03795
  17518.2   0.03838
  17577.5   0.03862
  17637.3   0.03849
  17697.5   0.03814
  17758.1   0.03697
  17819.2   0.03538
  17880.6   0.03387
  17942.5   0.03274
  18004.8   0.03233
  18067.5   0.03310
  18130.7   0.03447
  18194.3   0.03597
  18258.4   0.03792
  18322.9   0.04018
  18387.9   0.04205
  18453.3   0.04305
  18519.2   0.04311
  18585.6   0.04244
  18652.4   0.04099
  18719.8   0.03882
  18787.6   0.03638
  18855.9   0.03420
  18924.7   0.03262
  18994.1   0.03140
  19063.9   0.03036
  19134.2   0.02959
  19205.1   0.02885
  19276.5   0.02814
  19348.4   0.02730
  19420.9   0.02668
  19493.9   0.02655
  19567.5   0.02660
  19641.6   0.02618
  19716.3   0.02541
  19791.5   0.02491
  19867.3   0.02446
  19943.8   0.02361
  20020.8   0.02239
  20098.4   0.02132
  20176.6   0.02054
  20255.4   0.01987
  20334.8   0.01974
  20414.9   0.02075
  20495.6   0.02273
  20576.9   0.02452
  20658.9   0.02558
  20741.5   0.02506
  20824.8   0.02399
  20908.8   0.02319
  20993.4   0.02261
  21078.8   0.02266
  21164.8   0.02379
  21251.6   0.02513
  21339.0   0.02559
  21427.2   0.02480
  21516.1   0.02342
  21605.8   0.02220
  21696.2   0.02139
  21787.3   0.02062
  21879.3   0.01941
  21972.0   0.01863
  22065.5   0.01850
  22159.7   0.01780
  22254.8   0.01707
  22350.8   0.01632
  22447.5   0.01565
  22545.1   0.01590
  22643.6   0.01673
  22742.9   0.01875
  22843.1   0.02209
  22944.2   0.02606
  23046.2   0.03069
  23149.0   0.03531
  23252.8   0.03793
  23357.6   0.03865
  23463.3   0.03871
  23569.9   0.03857
  23677.5   0.03722
  23786.1   0.03612
  23895.8   0.03606
  24006.4   0.03599
  24118.0   0.03671
  24230.7   0.03700
  24344.5   0.03615
  24459.4   0.03731
  24575.3   0.03897
  24692.3   0.03962
  24810.4   0.04033
  24929.7   0.04099
  25050.2   0.04311



 BIR1LR245C          .ASC                        

 LR-CMP-245-C                                                            
 65315,153 45-75 um                                                      
 Connected at 3.65 um                                                    

 Source Ang: 30.00   Detect Ang:  0.00  Volt: 1.222
 Date: 27-JAN-14   Time: 12:55:55
