  6171
    833.3   0.23694
    833.5   0.23653
    833.6   0.23742
    833.7   0.23753
    833.9   0.23797
    834.0   0.23853
    834.1   0.23741
    834.3   0.23733
    834.4   0.23761
    834.5   0.23722
    834.7   0.23770
    834.8   0.23833
    835.0   0.23774
    835.1   0.23859
    835.2   0.23942
    835.3   0.23859
    835.5   0.23712
    835.6   0.23755
    835.8   0.23923
    835.9   0.23827
    836.0   0.23788
    836.2   0.23841
    836.3   0.23767
    836.4   0.23836
    836.6   0.23890
    836.7   0.23771
    836.8   0.23577
    837.0   0.23616
    837.1   0.23882
    837.2   0.23890
    837.4   0.23766
    837.5   0.23652
    837.6   0.23495
    837.8   0.23583
    837.9   0.23769
    838.0   0.23753
    838.2   0.23694
    838.3   0.23708
    838.5   0.23630
    838.6   0.23670
    838.7   0.23663
    838.9   0.23654
    839.0   0.23679
    839.1   0.23616
    839.3   0.23608
    839.4   0.23675
    839.5   0.23593
    839.7   0.23532
    839.8   0.23640
    840.0   0.23727
    840.1   0.23754
    840.2   0.23737
    840.4   0.23761
    840.5   0.23715
    840.6   0.23741
    840.8   0.23783
    840.9   0.23857
    841.0   0.23748
    841.2   0.23619
    841.3   0.23663
    841.5   0.23797
    841.6   0.23832
    841.7   0.23638
    841.9   0.23480
    842.0   0.23440
    842.1   0.23440
    842.3   0.23533
    842.4   0.23649
    842.5   0.23675
    842.7   0.23657
    842.8   0.23569
    843.0   0.23530
    843.1   0.23569
    843.2   0.23528
    843.4   0.23569
    843.5   0.23620
    843.6   0.23610
    843.8   0.23622
    843.9   0.23630
    844.0   0.23506
    844.2   0.23406
    844.3   0.23451
    844.5   0.23550
    844.6   0.23602
    844.7   0.23638
    844.9   0.23679
    845.0   0.23730
    845.2   0.23727
    845.3   0.23734
    845.4   0.23777
    845.6   0.23750
    845.7   0.23643
    845.8   0.23561
    846.0   0.23620
    846.1   0.23715
    846.3   0.23629
    846.4   0.23584
    846.5   0.23545
    846.7   0.23495
    846.8   0.23642
    847.0   0.23804
    847.1   0.23684
    847.2   0.23655
    847.4   0.23734
    847.5   0.23614
    847.6   0.23560
    847.8   0.23624
    847.9   0.23593
    848.1   0.23536
    848.2   0.23454
    848.3   0.23464
    848.5   0.23588
    848.6   0.23581
    848.8   0.23494
    848.9   0.23438
    849.0   0.23501
    849.2   0.23566
    849.3   0.23525
    849.5   0.23483
    849.6   0.23457
    849.7   0.23504
    849.9   0.23467
    850.0   0.23483
    850.1   0.23459
    850.3   0.23490
    850.4   0.23589
    850.6   0.23628
    850.7   0.23561
    850.8   0.23441
    851.0   0.23592
    851.1   0.23730
    851.3   0.23629
    851.4   0.23447
    851.5   0.23396
    851.7   0.23440
    851.8   0.23405
    852.0   0.23411
    852.1   0.23325
    852.2   0.23398
    852.4   0.23486
    852.5   0.23558
    852.7   0.23643
    852.8   0.23604
    852.9   0.23451
    853.1   0.23377
    853.2   0.23417
    853.4   0.23520
    853.5   0.23507
    853.6   0.23476
    853.8   0.23493
    853.9   0.23566
    854.1   0.23552
    854.2   0.23520
    854.3   0.23498
    854.5   0.23523
    854.6   0.23564
    854.8   0.23567
    854.9   0.23511
    855.0   0.23431
    855.2   0.23372
    855.3   0.23436
    855.5   0.23432
    855.6   0.23323
    855.8   0.23366
    855.9   0.23364
    856.0   0.23406
    856.2   0.23506
    856.3   0.23511
    856.5   0.23506
    856.6   0.23557
    856.8   0.23575
    856.9   0.23446
    857.0   0.23362
    857.2   0.23333
    857.3   0.23349
    857.5   0.23473
    857.6   0.23497
    857.7   0.23433
    857.9   0.23334
    858.0   0.23457
    858.2   0.23519
    858.3   0.23396
    858.5   0.23393
    858.6   0.23457
    858.7   0.23492
    858.9   0.23384
    859.0   0.23343
    859.2   0.23391
    859.3   0.23460
    859.4   0.23396
    859.6   0.23349
    859.7   0.23275
    859.9   0.23219
    860.0   0.23272
    860.2   0.23477
    860.3   0.23459
    860.4   0.23324
    860.6   0.23315
    860.7   0.23414
    860.9   0.23454
    861.0   0.23374
    861.2   0.23377
    861.3   0.23422
    861.4   0.23431
    861.6   0.23429
    861.7   0.23508
    861.9   0.23520
    862.0   0.23405
    862.2   0.23467
    862.3   0.23449
    862.5   0.23417
    862.6   0.23456
    862.7   0.23419
    862.9   0.23364
    863.0   0.23380
    863.2   0.23374
    863.3   0.23374
    863.5   0.23361
    863.6   0.23334
    863.7   0.23299
    863.9   0.23383
    864.0   0.23454
    864.2   0.23428
    864.3   0.23430
    864.5   0.23372
    864.6   0.23357
    864.8   0.23363
    864.9   0.23304
    865.0   0.23308
    865.2   0.23295
    865.3   0.23277
    865.5   0.23269
    865.6   0.23263
    865.8   0.23290
    865.9   0.23313
    866.0   0.23201
    866.2   0.23202
    866.3   0.23249
    866.5   0.23389
    866.6   0.23482
    866.8   0.23334
    866.9   0.23169
    867.1   0.23173
    867.2   0.23242
    867.3   0.23221
    867.5   0.23287
    867.6   0.23353
    867.8   0.23324
    867.9   0.23417
    868.1   0.23361
    868.2   0.23249
    868.4   0.23291
    868.5   0.23316
    868.7   0.23225
    868.8   0.23235
    869.0   0.23326
    869.1   0.23269
    869.2   0.23224
    869.4   0.23298
    869.5   0.23389
    869.7   0.23332
    869.8   0.23271
    870.0   0.23348
    870.1   0.23263
    870.3   0.23178
    870.4   0.23307
    870.6   0.23430
    870.7   0.23395
    870.8   0.23220
    871.0   0.23149
    871.1   0.23200
    871.3   0.23231
    871.4   0.23274
    871.6   0.23322
    871.7   0.23339
    871.9   0.23263
    872.0   0.23192
    872.2   0.23240
    872.3   0.23307
    872.5   0.23404
    872.6   0.23387
    872.8   0.23315
    872.9   0.23293
    873.0   0.23271
    873.2   0.23270
    873.3   0.23207
    873.5   0.23223
    873.6   0.23260
    873.8   0.23261
    873.9   0.23228
    874.1   0.23219
    874.2   0.23265
    874.4   0.23323
    874.5   0.23290
    874.7   0.23217
    874.8   0.23127
    875.0   0.23134
    875.1   0.23167
    875.3   0.23192
    875.4   0.23205
    875.5   0.23223
    875.7   0.23276
    875.8   0.23326
    876.0   0.23217
    876.2   0.23236
    876.3   0.23222
    876.4   0.23113
    876.6   0.23155
    876.7   0.23243
    876.9   0.23190
    877.0   0.23131
    877.2   0.23184
    877.3   0.23207
    877.5   0.23133
    877.6   0.23174
    877.8   0.23161
    877.9   0.23098
    878.1   0.23115
    878.2   0.23146
    878.4   0.23162
    878.5   0.23119
    878.7   0.23124
    878.8   0.23191
    879.0   0.23180
    879.1   0.23141
    879.3   0.23188
    879.4   0.23247
    879.6   0.23229
    879.7   0.23199
    879.9   0.23168
    880.0   0.23092
    880.2   0.23132
    880.3   0.23222
    880.5   0.23186
    880.6   0.23195
    880.8   0.23179
    880.9   0.23111
    881.1   0.23065
    881.2   0.23140
    881.4   0.23127
    881.5   0.23104
    881.7   0.23159
    881.8   0.23178
    882.0   0.23130
    882.1   0.23144
    882.3   0.23177
    882.4   0.23144
    882.6   0.23104
    882.7   0.23089
    882.9   0.23071
    883.0   0.23046
    883.2   0.23062
    883.3   0.23104
    883.5   0.23078
    883.6   0.23023
    883.8   0.23001
    883.9   0.22999
    884.1   0.23064
    884.2   0.23105
    884.4   0.23124
    884.5   0.23098
    884.7   0.23072
    884.8   0.23088
    885.0   0.23085
    885.1   0.23075
    885.3   0.23080
    885.4   0.23040
    885.6   0.23100
    885.7   0.23133
    885.9   0.23092
    886.0   0.23109
    886.2   0.23129
    886.3   0.23158
    886.5   0.23182
    886.6   0.23172
    886.8   0.23117
    886.9   0.23062
    887.1   0.23085
    887.2   0.23141
    887.4   0.23114
    887.5   0.23079
    887.7   0.23020
    887.8   0.23041
    888.0   0.23093
    888.2   0.23035
    888.3   0.23025
    888.5   0.23091
    888.6   0.23117
    888.8   0.23034
    888.9   0.22965
    889.1   0.22939
    889.2   0.23004
    889.4   0.23044
    889.5   0.22988
    889.7   0.22959
    889.8   0.23013
    890.0   0.23020
    890.1   0.22977
    890.3   0.22952
    890.4   0.23002
    890.6   0.22982
    890.8   0.22967
    890.9   0.22954
    891.0   0.22979
    891.2   0.23033
    891.4   0.23023
    891.5   0.23007
    891.7   0.23021
    891.8   0.22988
    892.0   0.23006
    892.1   0.23074
    892.3   0.23039
    892.4   0.22960
    892.6   0.22983
    892.7   0.23031
    892.9   0.23060
    893.0   0.23056
    893.2   0.23003
    893.4   0.22936
    893.5   0.22955
    893.7   0.22978
    893.8   0.23000
    894.0   0.22973
    894.1   0.22923
    894.3   0.22948
    894.4   0.23007
    894.6   0.22969
    894.7   0.22972
    894.9   0.22968
    895.0   0.22947
    895.2   0.22974
    895.4   0.22983
    895.5   0.22946
    895.7   0.22910
    895.8   0.22955
    896.0   0.22984
    896.1   0.22956
    896.3   0.22973
    896.4   0.23007
    896.6   0.23009
    896.8   0.22975
    896.9   0.23015
    897.1   0.22990
    897.2   0.22929
    897.4   0.22892
    897.5   0.22861
    897.7   0.22885
    897.8   0.22929
    898.0   0.22973
    898.2   0.23011
    898.3   0.22989
    898.5   0.22981
    898.6   0.22940
    898.8   0.22979
    898.9   0.23008
    899.1   0.22923
    899.2   0.22921
    899.4   0.22943
    899.6   0.22906
    899.7   0.22974
    899.9   0.22988
    900.0   0.22881
    900.2   0.22859
    900.3   0.22914
    900.5   0.22923
    900.7   0.22915
    900.8   0.22892
    901.0   0.22889
    901.1   0.22895
    901.3   0.22979
    901.4   0.23002
    901.6   0.23003
    901.8   0.22988
    901.9   0.22969
    902.1   0.22955
    902.2   0.22887
    902.4   0.22875
    902.5   0.22878
    902.7   0.22876
    902.8   0.22925
    903.0   0.22919
    903.2   0.22885
    903.3   0.22905
    903.5   0.22923
    903.6   0.22923
    903.8   0.22928
    904.0   0.22931
    904.1   0.22935
    904.3   0.22929
    904.4   0.22914
    904.6   0.22929
    904.7   0.22938
    904.9   0.22904
    905.0   0.22866
    905.2   0.22878
    905.4   0.22906
    905.5   0.22892
    905.7   0.22891
    905.8   0.22939
    906.0   0.22940
    906.2   0.22867
    906.3   0.22826
    906.5   0.22832
    906.6   0.22849
    906.8   0.22910
    907.0   0.22934
    907.1   0.22927
    907.3   0.22879
    907.4   0.22828
    907.6   0.22835
    907.7   0.22810
    907.9   0.22828
    908.1   0.22890
    908.2   0.22893
    908.4   0.22854
    908.5   0.22857
    908.7   0.22884
    908.9   0.22899
    909.0   0.22880
    909.2   0.22853
    909.3   0.22827
    909.5   0.22826
    909.7   0.22879
    909.8   0.22901
    910.0   0.22897
    910.1   0.22854
    910.3   0.22801
    910.5   0.22786
    910.6   0.22815
    910.8   0.22825
    910.9   0.22837
    911.1   0.22856
    911.3   0.22864
    911.4   0.22850
    911.6   0.22833
    911.7   0.22869
    911.9   0.22937
    912.1   0.22926
    912.2   0.22872
    912.4   0.22816
    912.5   0.22785
    912.7   0.22830
    912.9   0.22863
    913.0   0.22862
    913.2   0.22835
    913.3   0.22802
    913.5   0.22777
    913.7   0.22772
    913.8   0.22826
    914.0   0.22835
    914.2   0.22814
    914.3   0.22798
    914.5   0.22809
    914.6   0.22830
    914.8   0.22871
    915.0   0.22874
    915.1   0.22872
    915.3   0.22872
    915.4   0.22885
    915.6   0.22861
    915.8   0.22838
    915.9   0.22835
    916.1   0.22815
    916.3   0.22840
    916.4   0.22865
    916.6   0.22844
    916.7   0.22812
    916.9   0.22767
    917.1   0.22785
    917.2   0.22833
    917.4   0.22783
    917.5   0.22775
    917.7   0.22848
    917.9   0.22841
    918.0   0.22802
    918.2   0.22808
    918.4   0.22778
    918.5   0.22778
    918.7   0.22821
    918.8   0.22821
    919.0   0.22838
    919.2   0.22823
    919.3   0.22797
    919.5   0.22764
    919.7   0.22760
    919.8   0.22798
    920.0   0.22842
    920.2   0.22875
    920.3   0.22845
    920.5   0.22765
    920.6   0.22749
    920.8   0.22812
    921.0   0.22821
    921.1   0.22780
    921.3   0.22817
    921.5   0.22810
    921.6   0.22786
    921.8   0.22792
    922.0   0.22829
    922.1   0.22862
    922.3   0.22794
    922.4   0.22791
    922.6   0.22858
    922.8   0.22838
    922.9   0.22798
    923.1   0.22817
    923.3   0.22826
    923.4   0.22822
    923.6   0.22820
    923.8   0.22803
    923.9   0.22806
    924.1   0.22791
    924.3   0.22792
    924.4   0.22776
    924.6   0.22764
    924.7   0.22758
    924.9   0.22760
    925.1   0.22803
    925.2   0.22833
    925.4   0.22803
    925.6   0.22827
    925.7   0.22843
    925.9   0.22832
    926.1   0.22805
    926.2   0.22789
    926.4   0.22826
    926.6   0.22785
    926.7   0.22750
    926.9   0.22844
    927.1   0.22870
    927.2   0.22842
    927.4   0.22816
    927.6   0.22741
    927.7   0.22728
    927.9   0.22785
    928.0   0.22809
    928.2   0.22818
    928.4   0.22801
    928.5   0.22806
    928.7   0.22825
    928.9   0.22810
    929.0   0.22767
    929.2   0.22768
    929.4   0.22793
    929.5   0.22797
    929.7   0.22808
    929.9   0.22768
    930.0   0.22756
    930.2   0.22793
    930.4   0.22833
    930.5   0.22802
    930.7   0.22763
    930.9   0.22780
    931.0   0.22795
    931.2   0.22791
    931.4   0.22802
    931.6   0.22809
    931.7   0.22789
    931.9   0.22776
    932.1   0.22793
    932.2   0.22808
    932.4   0.22833
    932.6   0.22836
    932.7   0.22794
    932.9   0.22780
    933.1   0.22773
    933.2   0.22807
    933.4   0.22828
    933.6   0.22777
    933.7   0.22817
    933.9   0.22851
    934.1   0.22803
    934.2   0.22814
    934.4   0.22833
    934.6   0.22796
    934.8   0.22782
    934.9   0.22789
    935.1   0.22788
    935.3   0.22811
    935.4   0.22805
    935.6   0.22786
    935.8   0.22764
    935.9   0.22796
    936.1   0.22803
    936.3   0.22761
    936.4   0.22743
    936.6   0.22762
    936.8   0.22796
    936.9   0.22833
    937.1   0.22837
    937.3   0.22818
    937.5   0.22815
    937.6   0.22821
    937.8   0.22788
    938.0   0.22772
    938.1   0.22790
    938.3   0.22763
    938.5   0.22738
    938.6   0.22739
    938.8   0.22767
    939.0   0.22823
    939.2   0.22815
    939.3   0.22814
    939.5   0.22790
    939.7   0.22758
    939.8   0.22788
    940.0   0.22799
    940.2   0.22801
    940.3   0.22826
    940.5   0.22822
    940.7   0.22838
    940.8   0.22833
    941.0   0.22814
    941.2   0.22821
    941.4   0.22806
    941.5   0.22815
    941.7   0.22834
    941.9   0.22810
    942.0   0.22797
    942.2   0.22758
    942.4   0.22713
    942.6   0.22743
    942.7   0.22806
    942.9   0.22799
    943.1   0.22805
    943.3   0.22807
    943.4   0.22796
    943.6   0.22800
    943.8   0.22818
    943.9   0.22809
    944.1   0.22816
    944.3   0.22831
    944.5   0.22852
    944.6   0.22852
    944.8   0.22859
    945.0   0.22832
    945.1   0.22798
    945.3   0.22808
    945.5   0.22813
    945.7   0.22803
    945.8   0.22805
    946.0   0.22816
    946.2   0.22807
    946.3   0.22821
    946.5   0.22813
    946.7   0.22792
    946.9   0.22813
    947.0   0.22843
    947.2   0.22827
    947.4   0.22797
    947.6   0.22810
    947.7   0.22833
    947.9   0.22835
    948.1   0.22854
    948.3   0.22851
    948.4   0.22820
    948.6   0.22811
    948.8   0.22807
    949.0   0.22798
    949.1   0.22800
    949.3   0.22807
    949.5   0.22831
    949.6   0.22851
    949.8   0.22847
    950.0   0.22840
    950.2   0.22834
    950.3   0.22827
    950.5   0.22824
    950.7   0.22842
    950.9   0.22851
    951.0   0.22830
    951.2   0.22817
    951.4   0.22845
    951.6   0.22883
    951.7   0.22862
    951.9   0.22816
    952.1   0.22805
    952.3   0.22796
    952.4   0.22807
    952.6   0.22833
    952.8   0.22843
    953.0   0.22866
    953.1   0.22897
    953.3   0.22862
    953.5   0.22812
    953.7   0.22803
    953.8   0.22822
    954.0   0.22854
    954.2   0.22858
    954.4   0.22837
    954.5   0.22869
    954.7   0.22909
    954.9   0.22917
    955.1   0.22878
    955.2   0.22853
    955.4   0.22865
    955.6   0.22847
    955.8   0.22826
    956.0   0.22818
    956.1   0.22827
    956.3   0.22824
    956.5   0.22864
    956.7   0.22871
    956.8   0.22859
    957.0   0.22881
    957.2   0.22888
    957.4   0.22875
    957.5   0.22879
    957.7   0.22885
    957.9   0.22894
    958.1   0.22872
    958.2   0.22860
    958.4   0.22852
    958.6   0.22879
    958.8   0.22898
    959.0   0.22878
    959.1   0.22883
    959.3   0.22914
    959.5   0.22922
    959.7   0.22900
    959.8   0.22884
    960.0   0.22876
    960.2   0.22882
    960.4   0.22899
    960.5   0.22905
    960.7   0.22898
    960.9   0.22878
    961.1   0.22860
    961.3   0.22900
    961.4   0.22906
    961.6   0.22883
    961.8   0.22888
    962.0   0.22914
    962.2   0.22938
    962.3   0.22949
    962.5   0.22945
    962.7   0.22912
    962.9   0.22884
    963.0   0.22924
    963.2   0.22930
    963.4   0.22910
    963.6   0.22905
    963.8   0.22885
    963.9   0.22879
    964.1   0.22889
    964.3   0.22898
    964.5   0.22919
    964.7   0.22940
    964.8   0.22945
    965.0   0.22921
    965.2   0.22891
    965.4   0.22863
    965.6   0.22874
    965.7   0.22881
    965.9   0.22890
    966.1   0.22901
    966.3   0.22913
    966.5   0.22932
    966.6   0.22952
    966.8   0.22919
    967.0   0.22909
    967.2   0.22897
    967.4   0.22915
    967.5   0.22934
    967.7   0.22938
    967.9   0.22935
    968.1   0.22953
    968.3   0.22949
    968.4   0.22947
    968.6   0.22980
    968.8   0.22973
    969.0   0.22955
    969.2   0.22964
    969.3   0.22970
    969.5   0.22949
    969.7   0.22929
    969.9   0.22930
    970.1   0.22959
    970.3   0.22973
    970.4   0.22980
    970.6   0.22992
    970.8   0.22992
    971.0   0.23008
    971.2   0.23018
    971.3   0.23001
    971.5   0.22970
    971.7   0.22977
    971.9   0.22995
    972.1   0.23004
    972.3   0.23032
    972.4   0.23052
    972.6   0.23013
    972.8   0.22966
    973.0   0.22961
    973.2   0.22984
    973.3   0.23007
    973.5   0.23006
    973.7   0.23000
    973.9   0.22986
    974.1   0.22996
    974.3   0.22982
    974.5   0.22968
    974.6   0.22990
    974.8   0.22988
    975.0   0.23002
    975.2   0.23002
    975.4   0.23005
    975.5   0.22998
    975.7   0.22998
    975.9   0.22997
    976.1   0.23013
    976.3   0.22996
    976.5   0.22973
    976.7   0.22992
    976.8   0.23012
    977.0   0.23011
    977.2   0.23020
    977.4   0.23028
    977.6   0.23040
    977.8   0.23011
    977.9   0.23030
    978.1   0.23072
    978.3   0.23063
    978.5   0.23038
    978.7   0.23022
    978.9   0.22999
    979.0   0.23012
    979.2   0.23040
    979.4   0.23038
    979.6   0.23045
    979.8   0.23049
    980.0   0.23052
    980.2   0.23075
    980.3   0.23098
    980.5   0.23081
    980.7   0.23071
    980.9   0.23064
    981.1   0.23041
    981.3   0.23055
    981.5   0.23045
    981.7   0.23036
    981.8   0.23058
    982.0   0.23093
    982.2   0.23095
    982.4   0.23090
    982.6   0.23072
    982.8   0.23069
    983.0   0.23088
    983.1   0.23091
    983.3   0.23091
    983.5   0.23102
    983.7   0.23118
    983.9   0.23115
    984.1   0.23115
    984.3   0.23090
    984.4   0.23073
    984.6   0.23110
    984.8   0.23124
    985.0   0.23095
    985.2   0.23088
    985.4   0.23100
    985.6   0.23128
    985.8   0.23130
    985.9   0.23131
    986.1   0.23133
    986.3   0.23110
    986.5   0.23100
    986.7   0.23115
    986.9   0.23094
    987.1   0.23074
    987.3   0.23095
    987.4   0.23131
    987.6   0.23147
    987.8   0.23133
    988.0   0.23137
    988.2   0.23138
    988.4   0.23140
    988.6   0.23164
    988.8   0.23171
    989.0   0.23162
    989.1   0.23166
    989.3   0.23157
    989.5   0.23138
    989.7   0.23146
    989.9   0.23128
    990.1   0.23106
    990.3   0.23140
    990.5   0.23176
    990.7   0.23166
    990.8   0.23164
    991.0   0.23177
    991.2   0.23169
    991.4   0.23165
    991.6   0.23162
    991.8   0.23147
    992.0   0.23144
    992.2   0.23148
    992.4   0.23160
    992.5   0.23170
    992.7   0.23188
    992.9   0.23188
    993.1   0.23169
    993.3   0.23164
    993.5   0.23164
    993.7   0.23171
    993.9   0.23185
    994.1   0.23186
    994.3   0.23187
    994.5   0.23178
    994.6   0.23190
    994.8   0.23205
    995.0   0.23228
    995.2   0.23234
    995.4   0.23216
    995.6   0.23224
    995.8   0.23246
    996.0   0.23240
    996.2   0.23216
    996.4   0.23226
    996.5   0.23242
    996.7   0.23229
    996.9   0.23229
    997.1   0.23241
    997.3   0.23239
    997.5   0.23233
    997.7   0.23245
    997.9   0.23251
    998.1   0.23235
    998.3   0.23233
    998.5   0.23246
    998.7   0.23273
    998.9   0.23265
    999.0   0.23259
    999.2   0.23266
    999.4   0.23250
    999.6   0.23239
    999.8   0.23245
   1000.0   0.23263
   1000.2   0.23275
   1000.4   0.23252
   1000.6   0.23258
   1000.8   0.23267
   1001.0   0.23283
   1001.2   0.23288
   1001.4   0.23282
   1001.6   0.23284
   1001.8   0.23279
   1001.9   0.23269
   1002.1   0.23268
   1002.3   0.23273
   1002.5   0.23288
   1002.7   0.23307
   1002.9   0.23310
   1003.1   0.23299
   1003.3   0.23296
   1003.5   0.23309
   1003.7   0.23334
   1003.9   0.23332
   1004.1   0.23340
   1004.3   0.23364
   1004.5   0.23351
   1004.7   0.23336
   1004.9   0.23343
   1005.0   0.23339
   1005.3   0.23338
   1005.4   0.23342
   1005.6   0.23333
   1005.8   0.23324
   1006.0   0.23311
   1006.2   0.23331
   1006.4   0.23336
   1006.6   0.23345
   1006.8   0.23346
   1007.0   0.23343
   1007.2   0.23364
   1007.4   0.23373
   1007.6   0.23349
   1007.8   0.23352
   1008.0   0.23365
   1008.2   0.23358
   1008.4   0.23379
   1008.6   0.23375
   1008.8   0.23345
   1009.0   0.23340
   1009.2   0.23366
   1009.4   0.23389
   1009.5   0.23391
   1009.8   0.23387
   1010.0   0.23389
   1010.1   0.23382
   1010.3   0.23383
   1010.5   0.23391
   1010.7   0.23388
   1010.9   0.23382
   1011.1   0.23396
   1011.3   0.23434
   1011.5   0.23432
   1011.7   0.23424
   1011.9   0.23418
   1012.1   0.23400
   1012.3   0.23387
   1012.5   0.23385
   1012.7   0.23387
   1012.9   0.23410
   1013.1   0.23431
   1013.3   0.23436
   1013.5   0.23433
   1013.7   0.23437
   1013.9   0.23418
   1014.1   0.23407
   1014.3   0.23430
   1014.5   0.23431
   1014.7   0.23411
   1014.9   0.23401
   1015.1   0.23408
   1015.3   0.23436
   1015.5   0.23438
   1015.7   0.23439
   1015.9   0.23471
   1016.1   0.23482
   1016.3   0.23458
   1016.5   0.23462
   1016.7   0.23471
   1016.9   0.23463
   1017.1   0.23471
   1017.3   0.23486
   1017.5   0.23469
   1017.7   0.23455
   1017.9   0.23469
   1018.1   0.23464
   1018.3   0.23468
   1018.5   0.23476
   1018.7   0.23486
   1018.9   0.23490
   1019.1   0.23497
   1019.3   0.23500
   1019.5   0.23489
   1019.7   0.23490
   1019.9   0.23499
   1020.1   0.23497
   1020.3   0.23514
   1020.5   0.23512
   1020.7   0.23502
   1020.9   0.23519
   1021.1   0.23520
   1021.3   0.23512
   1021.5   0.23515
   1021.7   0.23530
   1021.9   0.23530
   1022.1   0.23529
   1022.3   0.23533
   1022.5   0.23522
   1022.7   0.23523
   1022.9   0.23522
   1023.1   0.23522
   1023.3   0.23529
   1023.5   0.23532
   1023.7   0.23537
   1023.9   0.23543
   1024.1   0.23558
   1024.3   0.23571
   1024.5   0.23573
   1024.7   0.23558
   1024.9   0.23562
   1025.1   0.23580
   1025.3   0.23583
   1025.5   0.23570
   1025.7   0.23567
   1025.9   0.23591
   1026.1   0.23586
   1026.3   0.23557
   1026.5   0.23556
   1026.8   0.23571
   1026.9   0.23578
   1027.2   0.23582
   1027.4   0.23602
   1027.6   0.23619
   1027.8   0.23622
   1028.0   0.23612
   1028.2   0.23597
   1028.4   0.23578
   1028.6   0.23588
   1028.8   0.23586
   1029.0   0.23594
   1029.2   0.23609
   1029.4   0.23601
   1029.6   0.23592
   1029.8   0.23606
   1030.0   0.23615
   1030.2   0.23606
   1030.4   0.23619
   1030.6   0.23634
   1030.8   0.23636
   1031.0   0.23639
   1031.2   0.23647
   1031.4   0.23656
   1031.7   0.23642
   1031.8   0.23644
   1032.1   0.23654
   1032.3   0.23635
   1032.5   0.23627
   1032.7   0.23656
   1032.9   0.23664
   1033.1   0.23650
   1033.3   0.23652
   1033.5   0.23662
   1033.7   0.23684
   1033.9   0.23688
   1034.1   0.23664
   1034.3   0.23648
   1034.5   0.23680
   1034.7   0.23702
   1034.9   0.23701
   1035.2   0.23690
   1035.4   0.23680
   1035.6   0.23671
   1035.8   0.23677
   1036.0   0.23683
   1036.2   0.23685
   1036.4   0.23686
   1036.6   0.23701
   1036.8   0.23713
   1037.0   0.23731
   1037.2   0.23740
   1037.4   0.23729
   1037.6   0.23733
   1037.8   0.23736
   1038.1   0.23732
   1038.3   0.23728
   1038.5   0.23732
   1038.7   0.23729
   1038.9   0.23733
   1039.1   0.23745
   1039.3   0.23754
   1039.5   0.23749
   1039.7   0.23748
   1039.9   0.23743
   1040.1   0.23733
   1040.3   0.23741
   1040.6   0.23761
   1040.8   0.23770
   1041.0   0.23757
   1041.2   0.23745
   1041.4   0.23745
   1041.6   0.23757
   1041.8   0.23769
   1042.0   0.23788
   1042.2   0.23794
   1042.4   0.23773
   1042.6   0.23751
   1042.8   0.23763
   1043.1   0.23774
   1043.3   0.23800
   1043.5   0.23807
   1043.7   0.23806
   1043.9   0.23806
   1044.1   0.23806
   1044.3   0.23818
   1044.5   0.23812
   1044.8   0.23807
   1045.0   0.23812
   1045.2   0.23812
   1045.4   0.23802
   1045.6   0.23802
   1045.8   0.23810
   1046.0   0.23813
   1046.2   0.23818
   1046.4   0.23833
   1046.6   0.23835
   1046.9   0.23828
   1047.1   0.23832
   1047.3   0.23842
   1047.5   0.23847
   1047.7   0.23841
   1047.9   0.23845
   1048.1   0.23843
   1048.3   0.23835
   1048.6   0.23832
   1048.8   0.23820
   1049.0   0.23829
   1049.2   0.23849
   1049.4   0.23861
   1049.6   0.23871
   1049.8   0.23881
   1050.0   0.23871
   1050.3   0.23874
   1050.5   0.23886
   1050.7   0.23887
   1050.9   0.23893
   1051.1   0.23905
   1051.3   0.23903
   1051.5   0.23895
   1051.7   0.23898
   1051.9   0.23904
   1052.2   0.23904
   1052.4   0.23903
   1052.6   0.23900
   1052.8   0.23910
   1053.0   0.23902
   1053.2   0.23898
   1053.4   0.23924
   1053.7   0.23938
   1053.9   0.23935
   1054.1   0.23905
   1054.3   0.23892
   1054.5   0.23905
   1054.7   0.23912
   1054.9   0.23923
   1055.2   0.23929
   1055.4   0.23951
   1055.6   0.23971
   1055.8   0.23972
   1056.0   0.23965
   1056.2   0.23967
   1056.4   0.23979
   1056.7   0.23975
   1056.9   0.23956
   1057.1   0.23946
   1057.3   0.23952
   1057.5   0.23949
   1057.8   0.23948
   1058.0   0.23965
   1058.2   0.23983
   1058.4   0.23989
   1058.6   0.23986
   1058.8   0.23987
   1059.0   0.23981
   1059.3   0.23973
   1059.5   0.23980
   1059.7   0.23995
   1059.9   0.24002
   1060.1   0.23988
   1060.3   0.23991
   1060.6   0.24010
   1060.8   0.24017
   1061.0   0.24009
   1061.2   0.24008
   1061.4   0.24034
   1061.7   0.24047
   1061.9   0.24043
   1062.1   0.24043
   1062.3   0.24030
   1062.5   0.24034
   1062.7   0.24021
   1062.9   0.24008
   1063.2   0.24024
   1063.4   0.24036
   1063.6   0.24038
   1063.8   0.24051
   1064.0   0.24069
   1064.3   0.24076
   1064.5   0.24075
   1064.7   0.24068
   1064.9   0.24069
   1065.1   0.24076
   1065.3   0.24074
   1065.6   0.24065
   1065.8   0.24074
   1066.0   0.24100
   1066.2   0.24082
   1066.4   0.24074
   1066.7   0.24076
   1066.9   0.24066
   1067.1   0.24076
   1067.3   0.24087
   1067.6   0.24082
   1067.8   0.24092
   1068.0   0.24102
   1068.2   0.24097
   1068.4   0.24103
   1068.7   0.24108
   1068.9   0.24118
   1069.1   0.24132
   1069.3   0.24132
   1069.5   0.24120
   1069.8   0.24118
   1070.0   0.24117
   1070.2   0.24121
   1070.4   0.24122
   1070.6   0.24122
   1070.8   0.24145
   1071.1   0.24140
   1071.3   0.24112
   1071.5   0.24118
   1071.7   0.24140
   1072.0   0.24149
   1072.2   0.24149
   1072.4   0.24151
   1072.6   0.24151
   1072.8   0.24161
   1073.1   0.24165
   1073.3   0.24171
   1073.5   0.24165
   1073.7   0.24161
   1074.0   0.24167
   1074.2   0.24165
   1074.4   0.24168
   1074.6   0.24168
   1074.8   0.24167
   1075.1   0.24172
   1075.3   0.24174
   1075.5   0.24174
   1075.7   0.24178
   1076.0   0.24173
   1076.2   0.24186
   1076.4   0.24194
   1076.6   0.24189
   1076.9   0.24188
   1077.1   0.24201
   1077.3   0.24213
   1077.5   0.24202
   1077.8   0.24203
   1078.0   0.24209
   1078.2   0.24210
   1078.4   0.24221
   1078.7   0.24221
   1078.9   0.24232
   1079.1   0.24246
   1079.3   0.24235
   1079.6   0.24233
   1079.8   0.24242
   1080.0   0.24247
   1080.2   0.24247
   1080.4   0.24249
   1080.7   0.24270
   1080.9   0.24266
   1081.1   0.24253
   1081.3   0.24256
   1081.6   0.24263
   1081.8   0.24266
   1082.0   0.24270
   1082.3   0.24281
   1082.5   0.24284
   1082.7   0.24284
   1082.9   0.24292
   1083.2   0.24307
   1083.4   0.24286
   1083.6   0.24259
   1083.8   0.24278
   1084.1   0.24301
   1084.3   0.24294
   1084.5   0.24279
   1084.8   0.24298
   1085.0   0.24304
   1085.2   0.24294
   1085.4   0.24296
   1085.7   0.24315
   1085.9   0.24320
   1086.1   0.24313
   1086.3   0.24330
   1086.6   0.24341
   1086.8   0.24336
   1087.0   0.24351
   1087.3   0.24349
   1087.5   0.24336
   1087.7   0.24335
   1087.9   0.24338
   1088.2   0.24338
   1088.4   0.24345
   1088.6   0.24350
   1088.8   0.24360
   1089.1   0.24367
   1089.3   0.24380
   1089.5   0.24376
   1089.8   0.24370
   1090.0   0.24370
   1090.2   0.24369
   1090.4   0.24377
   1090.7   0.24371
   1090.9   0.24375
   1091.1   0.24388
   1091.4   0.24387
   1091.6   0.24391
   1091.8   0.24400
   1092.1   0.24397
   1092.3   0.24397
   1092.5   0.24400
   1092.8   0.24391
   1093.0   0.24394
   1093.2   0.24404
   1093.4   0.24412
   1093.7   0.24418
   1093.9   0.24422
   1094.1   0.24417
   1094.4   0.24410
   1094.6   0.24421
   1094.8   0.24427
   1095.1   0.24428
   1095.3   0.24428
   1095.5   0.24442
   1095.8   0.24450
   1096.0   0.24438
   1096.2   0.24435
   1096.4   0.24438
   1096.7   0.24441
   1096.9   0.24449
   1097.1   0.24445
   1097.4   0.24442
   1097.6   0.24459
   1097.8   0.24459
   1098.1   0.24449
   1098.3   0.24451
   1098.5   0.24465
   1098.8   0.24472
   1099.0   0.24480
   1099.2   0.24486
   1099.5   0.24478
   1099.7   0.24479
   1099.9   0.24490
   1100.2   0.24491
   1100.4   0.24488
   1100.6   0.24487
   1100.9   0.24487
   1101.1   0.24492
   1101.3   0.24502
   1101.6   0.24499
   1101.8   0.24513
   1102.0   0.24526
   1102.3   0.24517
   1102.5   0.24512
   1102.7   0.24504
   1103.0   0.24514
   1103.2   0.24540
   1103.4   0.24541
   1103.7   0.24526
   1103.9   0.24532
   1104.2   0.24545
   1104.4   0.24548
   1104.6   0.24546
   1104.9   0.24541
   1105.1   0.24535
   1105.3   0.24537
   1105.6   0.24539
   1105.8   0.24555
   1106.0   0.24555
   1106.3   0.24554
   1106.5   0.24559
   1106.7   0.24564
   1107.0   0.24570
   1107.2   0.24566
   1107.4   0.24551
   1107.7   0.24552
   1107.9   0.24564
   1108.2   0.24579
   1108.4   0.24582
   1108.6   0.24576
   1108.9   0.24579
   1109.1   0.24598
   1109.3   0.24606
   1109.6   0.24606
   1109.8   0.24598
   1110.1   0.24597
   1110.3   0.24603
   1110.5   0.24610
   1110.8   0.24609
   1111.0   0.24611
   1111.3   0.24611
   1111.5   0.24601
   1111.7   0.24609
   1112.0   0.24620
   1112.2   0.24622
   1112.4   0.24619
   1112.7   0.24622
   1112.9   0.24628
   1113.2   0.24639
   1113.4   0.24648
   1113.6   0.24652
   1113.9   0.24648
   1114.1   0.24651
   1114.3   0.24660
   1114.6   0.24661
   1114.8   0.24652
   1115.1   0.24644
   1115.3   0.24642
   1115.6   0.24651
   1115.8   0.24658
   1116.0   0.24658
   1116.3   0.24674
   1116.5   0.24675
   1116.8   0.24665
   1117.0   0.24667
   1117.2   0.24680
   1117.5   0.24685
   1117.7   0.24683
   1118.0   0.24691
   1118.2   0.24699
   1118.4   0.24702
   1118.7   0.24714
   1118.9   0.24717
   1119.2   0.24711
   1119.4   0.24709
   1119.7   0.24701
   1119.9   0.24701
   1120.1   0.24700
   1120.4   0.24704
   1120.6   0.24719
   1120.9   0.24725
   1121.1   0.24717
   1121.3   0.24714
   1121.6   0.24730
   1121.8   0.24741
   1122.1   0.24723
   1122.3   0.24721
   1122.6   0.24744
   1122.8   0.24755
   1123.0   0.24750
   1123.3   0.24751
   1123.5   0.24756
   1123.8   0.24749
   1124.0   0.24734
   1124.3   0.24733
   1124.5   0.24744
   1124.8   0.24756
   1125.0   0.24762
   1125.2   0.24768
   1125.5   0.24773
   1125.7   0.24771
   1126.0   0.24761
   1126.2   0.24760
   1126.5   0.24771
   1126.7   0.24780
   1126.9   0.24787
   1127.2   0.24790
   1127.4   0.24791
   1127.7   0.24795
   1127.9   0.24787
   1128.2   0.24778
   1128.4   0.24786
   1128.7   0.24793
   1128.9   0.24785
   1129.2   0.24788
   1129.4   0.24796
   1129.7   0.24804
   1129.9   0.24802
   1130.1   0.24804
   1130.4   0.24823
   1130.6   0.24825
   1130.9   0.24815
   1131.1   0.24809
   1131.4   0.24816
   1131.6   0.24826
   1131.9   0.24822
   1132.1   0.24826
   1132.4   0.24830
   1132.6   0.24826
   1132.9   0.24832
   1133.1   0.24833
   1133.3   0.24838
   1133.6   0.24849
   1133.8   0.24856
   1134.1   0.24857
   1134.3   0.24861
   1134.6   0.24861
   1134.8   0.24859
   1135.1   0.24868
   1135.3   0.24866
   1135.6   0.24862
   1135.8   0.24868
   1136.1   0.24876
   1136.3   0.24879
   1136.6   0.24877
   1136.8   0.24869
   1137.1   0.24869
   1137.3   0.24872
   1137.6   0.24883
   1137.8   0.24892
   1138.1   0.24893
   1138.3   0.24883
   1138.6   0.24884
   1138.8   0.24899
   1139.1   0.24904
   1139.3   0.24901
   1139.6   0.24896
   1139.8   0.24888
   1140.1   0.24890
   1140.3   0.24902
   1140.6   0.24916
   1140.8   0.24920
   1141.1   0.24912
   1141.3   0.24908
   1141.6   0.24915
   1141.8   0.24928
   1142.1   0.24932
   1142.3   0.24932
   1142.6   0.24932
   1142.8   0.24926
   1143.1   0.24939
   1143.3   0.24945
   1143.6   0.24941
   1143.9   0.24945
   1144.1   0.24937
   1144.4   0.24936
   1144.6   0.24938
   1144.9   0.24939
   1145.1   0.24951
   1145.4   0.24952
   1145.6   0.24943
   1145.9   0.24944
   1146.1   0.24949
   1146.4   0.24962
   1146.6   0.24961
   1146.9   0.24960
   1147.2   0.24969
   1147.4   0.24964
   1147.7   0.24962
   1147.9   0.24958
   1148.2   0.24959
   1148.4   0.24965
   1148.7   0.24980
   1148.9   0.24990
   1149.2   0.24994
   1149.4   0.24999
   1149.7   0.25002
   1149.9   0.24999
   1150.2   0.25009
   1150.4   0.25007
   1150.7   0.24995
   1151.0   0.24992
   1151.2   0.24992
   1151.5   0.24995
   1151.7   0.25001
   1152.0   0.25007
   1152.2   0.25014
   1152.5   0.25026
   1152.8   0.25027
   1153.0   0.25022
   1153.3   0.25018
   1153.5   0.25007
   1153.8   0.25008
   1154.0   0.25017
   1154.3   0.25031
   1154.6   0.25042
   1154.8   0.25036
   1155.1   0.25030
   1155.3   0.25033
   1155.6   0.25042
   1155.8   0.25046
   1156.1   0.25043
   1156.4   0.25045
   1156.6   0.25043
   1156.9   0.25053
   1157.1   0.25067
   1157.4   0.25063
   1157.7   0.25059
   1157.9   0.25063
   1158.2   0.25070
   1158.4   0.25068
   1158.7   0.25061
   1158.9   0.25065
   1159.2   0.25065
   1159.5   0.25063
   1159.7   0.25063
   1160.0   0.25069
   1160.2   0.25080
   1160.5   0.25088
   1160.8   0.25090
   1161.0   0.25088
   1161.3   0.25081
   1161.5   0.25075
   1161.8   0.25084
   1162.1   0.25092
   1162.3   0.25089
   1162.6   0.25091
   1162.8   0.25099
   1163.1   0.25102
   1163.4   0.25107
   1163.6   0.25107
   1163.9   0.25107
   1164.2   0.25110
   1164.4   0.25101
   1164.7   0.25102
   1164.9   0.25106
   1165.2   0.25123
   1165.4   0.25130
   1165.7   0.25126
   1166.0   0.25119
   1166.2   0.25118
   1166.5   0.25116
   1166.8   0.25124
   1167.0   0.25133
   1167.3   0.25129
   1167.6   0.25126
   1167.8   0.25128
   1168.1   0.25128
   1168.3   0.25135
   1168.6   0.25146
   1168.9   0.25149
   1169.1   0.25138
   1169.4   0.25137
   1169.7   0.25146
   1169.9   0.25148
   1170.2   0.25146
   1170.4   0.25144
   1170.7   0.25145
   1171.0   0.25148
   1171.3   0.25153
   1171.5   0.25160
   1171.8   0.25167
   1172.0   0.25175
   1172.3   0.25178
   1172.6   0.25168
   1172.8   0.25161
   1173.1   0.25163
   1173.4   0.25175
   1173.6   0.25183
   1173.9   0.25188
   1174.2   0.25188
   1174.4   0.25185
   1174.7   0.25185
   1175.0   0.25184
   1175.2   0.25184
   1175.5   0.25189
   1175.8   0.25192
   1176.0   0.25190
   1176.3   0.25202
   1176.6   0.25208
   1176.8   0.25202
   1177.1   0.25203
   1177.4   0.25202
   1177.6   0.25200
   1177.9   0.25208
   1178.2   0.25216
   1178.4   0.25215
   1178.7   0.25210
   1179.0   0.25215
   1179.2   0.25220
   1179.5   0.25214
   1179.8   0.25213
   1180.0   0.25215
   1180.3   0.25223
   1180.6   0.25229
   1180.8   0.25229
   1181.1   0.25239
   1181.4   0.25234
   1181.7   0.25225
   1181.9   0.25235
   1182.2   0.25243
   1182.5   0.25240
   1182.7   0.25239
   1183.0   0.25246
   1183.3   0.25251
   1183.5   0.25259
   1183.8   0.25255
   1184.1   0.25247
   1184.4   0.25251
   1184.6   0.25259
   1184.9   0.25267
   1185.2   0.25267
   1185.4   0.25262
   1185.7   0.25268
   1186.0   0.25281
   1186.3   0.25275
   1186.5   0.25274
   1186.8   0.25275
   1187.1   0.25275
   1187.3   0.25277
   1187.6   0.25285
   1187.9   0.25290
   1188.2   0.25285
   1188.4   0.25286
   1188.7   0.25298
   1189.0   0.25305
   1189.3   0.25299
   1189.5   0.25285
   1189.8   0.25291
   1190.1   0.25300
   1190.3   0.25294
   1190.6   0.25293
   1190.9   0.25298
   1191.2   0.25309
   1191.4   0.25314
   1191.7   0.25315
   1192.0   0.25316
   1192.3   0.25316
   1192.5   0.25313
   1192.8   0.25311
   1193.1   0.25320
   1193.3   0.25319
   1193.6   0.25322
   1193.9   0.25330
   1194.2   0.25334
   1194.4   0.25328
   1194.7   0.25323
   1195.0   0.25328
   1195.3   0.25334
   1195.6   0.25341
   1195.8   0.25344
   1196.1   0.25348
   1196.4   0.25348
   1196.7   0.25344
   1196.9   0.25341
   1197.2   0.25336
   1197.5   0.25342
   1197.8   0.25346
   1198.0   0.25348
   1198.3   0.25356
   1198.6   0.25354
   1198.9   0.25351
   1199.2   0.25354
   1199.4   0.25357
   1199.7   0.25363
   1200.0   0.25361
   1200.3   0.25367
   1200.5   0.25381
   1200.8   0.25382
   1201.1   0.25372
   1201.4   0.25368
   1201.7   0.25374
   1201.9   0.25379
   1202.2   0.25372
   1202.5   0.25370
   1202.8   0.25377
   1203.0   0.25383
   1203.3   0.25390
   1203.6   0.25390
   1203.9   0.25391
   1204.2   0.25398
   1204.4   0.25392
   1204.7   0.25392
   1205.0   0.25404
   1205.3   0.25412
   1205.6   0.25409
   1205.8   0.25408
   1206.1   0.25408
   1206.4   0.25405
   1206.7   0.25404
   1207.0   0.25414
   1207.2   0.25423
   1207.5   0.25419
   1207.8   0.25411
   1208.1   0.25405
   1208.4   0.25413
   1208.7   0.25427
   1208.9   0.25431
   1209.2   0.25432
   1209.5   0.25430
   1209.8   0.25434
   1210.1   0.25438
   1210.3   0.25439
   1210.6   0.25447
   1210.9   0.25445
   1211.2   0.25440
   1211.5   0.25436
   1211.8   0.25436
   1212.0   0.25440
   1212.3   0.25447
   1212.6   0.25450
   1212.9   0.25447
   1213.2   0.25456
   1213.5   0.25464
   1213.7   0.25464
   1214.0   0.25461
   1214.3   0.25457
   1214.6   0.25459
   1214.9   0.25456
   1215.2   0.25451
   1215.4   0.25464
   1215.7   0.25475
   1216.0   0.25482
   1216.3   0.25486
   1216.6   0.25484
   1216.9   0.25481
   1217.2   0.25480
   1217.4   0.25484
   1217.7   0.25487
   1218.0   0.25485
   1218.3   0.25486
   1218.6   0.25493
   1218.9   0.25492
   1219.2   0.25492
   1219.4   0.25498
   1219.7   0.25495
   1220.0   0.25490
   1220.3   0.25496
   1220.6   0.25505
   1220.9   0.25504
   1221.2   0.25508
   1221.5   0.25513
   1221.8   0.25510
   1222.0   0.25514
   1222.3   0.25519
   1222.6   0.25511
   1222.9   0.25503
   1223.2   0.25521
   1223.5   0.25532
   1223.8   0.25526
   1224.1   0.25526
   1224.3   0.25529
   1224.6   0.25532
   1224.9   0.25531
   1225.2   0.25536
   1225.5   0.25536
   1225.8   0.25537
   1226.1   0.25536
   1226.4   0.25542
   1226.7   0.25543
   1227.0   0.25544
   1227.3   0.25552
   1227.5   0.25558
   1227.8   0.25561
   1228.1   0.25566
   1228.4   0.25566
   1228.7   0.25552
   1229.0   0.25553
   1229.3   0.25567
   1229.6   0.25573
   1229.9   0.25567
   1230.2   0.25565
   1230.4   0.25578
   1230.7   0.25580
   1231.0   0.25574
   1231.3   0.25578
   1231.6   0.25589
   1231.9   0.25589
   1232.2   0.25580
   1232.5   0.25576
   1232.8   0.25582
   1233.1   0.25595
   1233.4   0.25600
   1233.7   0.25592
   1234.0   0.25592
   1234.3   0.25596
   1234.6   0.25597
   1234.8   0.25600
   1235.1   0.25605
   1235.4   0.25605
   1235.7   0.25610
   1236.0   0.25610
   1236.3   0.25613
   1236.6   0.25619
   1236.9   0.25623
   1237.2   0.25617
   1237.5   0.25619
   1237.8   0.25622
   1238.1   0.25623
   1238.4   0.25618
   1238.7   0.25614
   1239.0   0.25623
   1239.3   0.25635
   1239.6   0.25636
   1239.9   0.25633
   1240.2   0.25637
   1240.5   0.25636
   1240.8   0.25641
   1241.1   0.25642
   1241.3   0.25637
   1241.7   0.25640
   1241.9   0.25653
   1242.2   0.25655
   1242.5   0.25655
   1242.8   0.25659
   1243.1   0.25666
   1243.4   0.25670
   1243.7   0.25673
   1244.0   0.25673
   1244.3   0.25679
   1244.6   0.25684
   1244.9   0.25673
   1245.2   0.25674
   1245.5   0.25686
   1245.8   0.25689
   1246.1   0.25681
   1246.4   0.25684
   1246.7   0.25690
   1247.0   0.25688
   1247.3   0.25687
   1247.6   0.25696
   1247.9   0.25701
   1248.2   0.25703
   1248.5   0.25697
   1248.8   0.25692
   1249.1   0.25701
   1249.4   0.25711
   1249.7   0.25714
   1250.0   0.25708
   1250.3   0.25708
   1250.6   0.25716
   1250.9   0.25714
   1251.2   0.25715
   1251.5   0.25721
   1251.8   0.25723
   1252.1   0.25727
   1252.4   0.25727
   1252.8   0.25731
   1253.1   0.25733
   1253.3   0.25735
   1253.7   0.25740
   1254.0   0.25741
   1254.3   0.25738
   1254.6   0.25737
   1254.9   0.25743
   1255.2   0.25745
   1255.5   0.25750
   1255.8   0.25757
   1256.1   0.25757
   1256.4   0.25759
   1256.7   0.25756
   1257.0   0.25753
   1257.3   0.25754
   1257.6   0.25760
   1257.9   0.25764
   1258.2   0.25764
   1258.5   0.25765
   1258.8   0.25770
   1259.1   0.25773
   1259.4   0.25779
   1259.8   0.25791
   1260.1   0.25796
   1260.4   0.25781
   1260.7   0.25775
   1261.0   0.25784
   1261.3   0.25790
   1261.6   0.25794
   1261.9   0.25788
   1262.2   0.25788
   1262.5   0.25804
   1262.8   0.25808
   1263.1   0.25798
   1263.4   0.25800
   1263.7   0.25809
   1264.1   0.25807
   1264.4   0.25806
   1264.7   0.25816
   1265.0   0.25825
   1265.3   0.25823
   1265.6   0.25822
   1265.9   0.25822
   1266.2   0.25821
   1266.5   0.25825
   1266.8   0.25821
   1267.1   0.25819
   1267.4   0.25825
   1267.8   0.25832
   1268.1   0.25836
   1268.4   0.25842
   1268.7   0.25844
   1269.0   0.25843
   1269.3   0.25835
   1269.6   0.25841
   1269.9   0.25846
   1270.2   0.25848
   1270.6   0.25850
   1270.9   0.25851
   1271.2   0.25859
   1271.5   0.25864
   1271.8   0.25868
   1272.1   0.25868
   1272.4   0.25860
   1272.7   0.25865
   1273.1   0.25874
   1273.4   0.25879
   1273.7   0.25882
   1274.0   0.25877
   1274.3   0.25879
   1274.6   0.25888
   1274.9   0.25892
   1275.2   0.25896
   1275.6   0.25901
   1275.9   0.25902
   1276.2   0.25903
   1276.5   0.25902
   1276.8   0.25906
   1277.1   0.25915
   1277.4   0.25912
   1277.8   0.25907
   1278.1   0.25908
   1278.4   0.25915
   1278.7   0.25919
   1279.0   0.25917
   1279.3   0.25920
   1279.7   0.25925
   1280.0   0.25927
   1280.3   0.25920
   1280.6   0.25922
   1280.9   0.25927
   1281.2   0.25936
   1281.6   0.25941
   1281.9   0.25937
   1282.2   0.25938
   1282.5   0.25940
   1282.8   0.25943
   1283.1   0.25949
   1283.4   0.25958
   1283.8   0.25955
   1284.1   0.25952
   1284.4   0.25959
   1284.7   0.25958
   1285.0   0.25951
   1285.4   0.25964
   1285.7   0.25979
   1286.0   0.25981
   1286.3   0.25981
   1286.6   0.25978
   1286.9   0.25969
   1287.3   0.25968
   1287.6   0.25978
   1287.9   0.25984
   1288.2   0.25985
   1288.6   0.25982
   1288.9   0.25991
   1289.2   0.25992
   1289.5   0.25991
   1289.8   0.25991
   1290.2   0.26001
   1290.5   0.26015
   1290.8   0.26012
   1291.1   0.26002
   1291.4   0.26004
   1291.8   0.26013
   1292.1   0.26016
   1292.4   0.26012
   1292.7   0.26013
   1293.1   0.26026
   1293.4   0.26034
   1293.7   0.26032
   1294.0   0.26034
   1294.3   0.26029
   1294.7   0.26031
   1295.0   0.26045
   1295.3   0.26049
   1295.6   0.26050
   1296.0   0.26046
   1296.3   0.26045
   1296.6   0.26053
   1296.9   0.26062
   1297.3   0.26061
   1297.6   0.26059
   1297.9   0.26060
   1298.2   0.26063
   1298.6   0.26071
   1298.9   0.26077
   1299.2   0.26078
   1299.5   0.26077
   1299.9   0.26084
   1300.2   0.26089
   1300.5   0.26089
   1300.8   0.26086
   1301.2   0.26087
   1301.5   0.26090
   1301.8   0.26094
   1302.1   0.26096
   1302.5   0.26095
   1302.8   0.26101
   1303.1   0.26108
   1303.4   0.26110
   1303.8   0.26108
   1304.1   0.26103
   1304.4   0.26104
   1304.8   0.26111
   1305.1   0.26117
   1305.4   0.26123
   1305.8   0.26123
   1306.1   0.26120
   1306.4   0.26117
   1306.7   0.26126
   1307.1   0.26131
   1307.4   0.26138
   1307.7   0.26143
   1308.1   0.26145
   1308.4   0.26141
   1308.7   0.26137
   1309.1   0.26144
   1309.4   0.26147
   1309.7   0.26143
   1310.0   0.26146
   1310.4   0.26153
   1310.7   0.26154
   1311.0   0.26156
   1311.4   0.26161
   1311.7   0.26159
   1312.0   0.26156
   1312.4   0.26164
   1312.7   0.26169
   1313.0   0.26176
   1313.4   0.26181
   1313.7   0.26181
   1314.0   0.26179
   1314.4   0.26184
   1314.7   0.26184
   1315.0   0.26182
   1315.4   0.26191
   1315.7   0.26193
   1316.0   0.26197
   1316.4   0.26202
   1316.7   0.26203
   1317.0   0.26200
   1317.4   0.26199
   1317.7   0.26204
   1318.0   0.26204
   1318.4   0.26207
   1318.7   0.26220
   1319.0   0.26230
   1319.4   0.26228
   1319.7   0.26224
   1320.1   0.26228
   1320.4   0.26234
   1320.7   0.26232
   1321.1   0.26233
   1321.4   0.26241
   1321.7   0.26243
   1322.1   0.26249
   1322.4   0.26254
   1322.7   0.26252
   1323.1   0.26255
   1323.4   0.26262
   1323.8   0.26267
   1324.1   0.26272
   1324.4   0.26269
   1324.8   0.26266
   1325.1   0.26270
   1325.4   0.26275
   1325.8   0.26275
   1326.1   0.26274
   1326.5   0.26279
   1326.8   0.26280
   1327.1   0.26286
   1327.5   0.26293
   1327.8   0.26299
   1328.2   0.26306
   1328.5   0.26310
   1328.8   0.26311
   1329.2   0.26310
   1329.5   0.26305
   1329.9   0.26303
   1330.2   0.26303
   1330.6   0.26306
   1330.9   0.26314
   1331.2   0.26322
   1331.6   0.26323
   1331.9   0.26324
   1332.3   0.26327
   1332.6   0.26332
   1332.9   0.26341
   1333.3   0.26337
   1333.6   0.26332
   1334.0   0.26330
   1334.3   0.26333
   1334.7   0.26337
   1335.0   0.26343
   1335.3   0.26346
   1335.7   0.26349
   1336.0   0.26351
   1336.4   0.26349
   1336.7   0.26349
   1337.1   0.26356
   1337.4   0.26363
   1337.8   0.26370
   1338.1   0.26370
   1338.4   0.26373
   1338.8   0.26381
   1339.1   0.26385
   1339.5   0.26387
   1339.8   0.26383
   1340.2   0.26381
   1340.5   0.26388
   1340.9   0.26397
   1341.2   0.26403
   1341.6   0.26404
   1341.9   0.26403
   1342.3   0.26401
   1342.6   0.26403
   1342.9   0.26407
   1343.3   0.26405
   1343.7   0.26403
   1344.0   0.26410
   1344.3   0.26419
   1344.7   0.26423
   1345.0   0.26423
   1345.4   0.26427
   1345.7   0.26428
   1346.1   0.26433
   1346.4   0.26435
   1346.8   0.26436
   1347.1   0.26439
   1347.5   0.26441
   1347.8   0.26444
   1348.2   0.26444
   1348.5   0.26441
   1348.9   0.26450
   1349.3   0.26458
   1349.6   0.26455
   1349.9   0.26460
   1350.3   0.26464
   1350.7   0.26469
   1351.0   0.26478
   1351.3   0.26486
   1351.7   0.26494
   1352.1   0.26489
   1352.4   0.26477
   1352.8   0.26474
   1353.1   0.26485
   1353.5   0.26496
   1353.8   0.26498
   1354.2   0.26499
   1354.5   0.26498
   1354.9   0.26503
   1355.2   0.26509
   1355.6   0.26511
   1355.9   0.26515
   1356.3   0.26520
   1356.7   0.26520
   1357.0   0.26520
   1357.4   0.26520
   1357.7   0.26526
   1358.1   0.26527
   1358.4   0.26530
   1358.8   0.26534
   1359.2   0.26538
   1359.5   0.26544
   1359.9   0.26542
   1360.2   0.26547
   1360.6   0.26557
   1360.9   0.26559
   1361.3   0.26559
   1361.7   0.26566
   1362.0   0.26566
   1362.4   0.26562
   1362.7   0.26563
   1363.1   0.26564
   1363.4   0.26562
   1363.8   0.26571
   1364.2   0.26579
   1364.5   0.26582
   1364.9   0.26585
   1365.2   0.26592
   1365.6   0.26598
   1365.9   0.26593
   1366.3   0.26590
   1366.7   0.26593
   1367.0   0.26603
   1367.4   0.26605
   1367.8   0.26599
   1368.1   0.26604
   1368.5   0.26611
   1368.8   0.26615
   1369.2   0.26614
   1369.6   0.26619
   1369.9   0.26621
   1370.3   0.26621
   1370.7   0.26627
   1371.0   0.26632
   1371.4   0.26634
   1371.7   0.26638
   1372.1   0.26639
   1372.5   0.26637
   1372.8   0.26637
   1373.2   0.26643
   1373.6   0.26649
   1373.9   0.26653
   1374.3   0.26651
   1374.6   0.26654
   1375.0   0.26656
   1375.4   0.26654
   1375.7   0.26658
   1376.1   0.26669
   1376.5   0.26674
   1376.8   0.26669
   1377.2   0.26674
   1377.6   0.26682
   1377.9   0.26681
   1378.3   0.26677
   1378.7   0.26682
   1379.0   0.26693
   1379.4   0.26693
   1379.8   0.26692
   1380.1   0.26697
   1380.5   0.26699
   1380.9   0.26704
   1381.2   0.26706
   1381.6   0.26704
   1382.0   0.26702
   1382.3   0.26704
   1382.7   0.26715
   1383.1   0.26719
   1383.4   0.26719
   1383.8   0.26724
   1384.2   0.26729
   1384.6   0.26730
   1384.9   0.26731
   1385.3   0.26733
   1385.7   0.26737
   1386.0   0.26744
   1386.4   0.26745
   1386.8   0.26738
   1387.2   0.26741
   1387.5   0.26750
   1387.9   0.26750
   1388.3   0.26751
   1388.6   0.26762
   1389.0   0.26761
   1389.4   0.26759
   1389.8   0.26764
   1390.1   0.26763
   1390.5   0.26762
   1390.9   0.26774
   1391.2   0.26782
   1391.6   0.26781
   1392.0   0.26778
   1392.4   0.26782
   1392.7   0.26789
   1393.1   0.26797
   1393.5   0.26797
   1393.9   0.26794
   1394.2   0.26802
   1394.6   0.26809
   1395.0   0.26808
   1395.4   0.26808
   1395.7   0.26815
   1396.1   0.26820
   1396.5   0.26822
   1396.9   0.26820
   1397.2   0.26824
   1397.6   0.26829
   1398.0   0.26831
   1398.4   0.26834
   1398.8   0.26833
   1399.1   0.26836
   1399.5   0.26839
   1399.9   0.26842
   1400.3   0.26843
   1400.6   0.26844
   1401.0   0.26849
   1401.4   0.26849
   1401.8   0.26855
   1402.2   0.26865
   1402.5   0.26868
   1402.9   0.26872
   1403.3   0.26873
   1403.7   0.26871
   1404.1   0.26869
   1404.4   0.26876
   1404.8   0.26878
   1405.2   0.26879
   1405.6   0.26882
   1406.0   0.26884
   1406.3   0.26890
   1406.7   0.26896
   1407.1   0.26896
   1407.5   0.26900
   1407.9   0.26907
   1408.3   0.26909
   1408.6   0.26908
   1409.0   0.26909
   1409.4   0.26915
   1409.8   0.26923
   1410.2   0.26928
   1410.6   0.26927
   1410.9   0.26921
   1411.3   0.26920
   1411.7   0.26924
   1412.1   0.26929
   1412.5   0.26931
   1412.8   0.26933
   1413.2   0.26938
   1413.6   0.26945
   1414.0   0.26942
   1414.4   0.26938
   1414.8   0.26940
   1415.2   0.26951
   1415.6   0.26954
   1415.9   0.26954
   1416.3   0.26959
   1416.7   0.26966
   1417.1   0.26969
   1417.5   0.26971
   1417.9   0.26974
   1418.3   0.26979
   1418.7   0.26984
   1419.0   0.26984
   1419.4   0.26986
   1419.8   0.26992
   1420.2   0.26996
   1420.6   0.26997
   1421.0   0.26999
   1421.4   0.27001
   1421.8   0.27008
   1422.2   0.27008
   1422.5   0.27010
   1422.9   0.27016
   1423.3   0.27017
   1423.7   0.27014
   1424.1   0.27016
   1424.5   0.27023
   1424.9   0.27022
   1425.3   0.27019
   1425.7   0.27024
   1426.1   0.27031
   1426.5   0.27033
   1426.8   0.27035
   1427.2   0.27038
   1427.6   0.27037
   1428.0   0.27038
   1428.4   0.27043
   1428.8   0.27049
   1429.2   0.27056
   1429.6   0.27063
   1430.0   0.27070
   1430.4   0.27071
   1430.8   0.27070
   1431.2   0.27073
   1431.6   0.27075
   1432.0   0.27074
   1432.4   0.27069
   1432.8   0.27068
   1433.2   0.27073
   1433.6   0.27081
   1433.9   0.27085
   1434.3   0.27090
   1434.8   0.27092
   1435.1   0.27093
   1435.5   0.27099
   1435.9   0.27099
   1436.3   0.27097
   1436.7   0.27099
   1437.1   0.27102
   1437.5   0.27110
   1437.9   0.27114
   1438.3   0.27116
   1438.7   0.27118
   1439.1   0.27119
   1439.5   0.27125
   1439.9   0.27129
   1440.3   0.27134
   1440.7   0.27135
   1441.1   0.27132
   1441.5   0.27134
   1441.9   0.27138
   1442.3   0.27140
   1442.7   0.27144
   1443.1   0.27147
   1443.5   0.27154
   1443.9   0.27156
   1444.3   0.27150
   1444.7   0.27151
   1445.1   0.27161
   1445.6   0.27164
   1445.9   0.27163
   1446.3   0.27169
   1446.8   0.27177
   1447.2   0.27177
   1447.6   0.27178
   1448.0   0.27181
   1448.4   0.27179
   1448.8   0.27182
   1449.2   0.27187
   1449.6   0.27189
   1450.0   0.27189
   1450.4   0.27197
   1450.8   0.27203
   1451.2   0.27198
   1451.6   0.27192
   1452.0   0.27198
   1452.4   0.27207
   1452.8   0.27209
   1453.2   0.27207
   1453.7   0.27210
   1454.1   0.27216
   1454.5   0.27216
   1454.9   0.27218
   1455.3   0.27221
   1455.7   0.27219
   1456.1   0.27217
   1456.5   0.27223
   1456.9   0.27230
   1457.3   0.27236
   1457.7   0.27244
   1458.2   0.27249
   1458.6   0.27246
   1459.0   0.27243
   1459.4   0.27248
   1459.8   0.27250
   1460.2   0.27254
   1460.6   0.27255
   1461.0   0.27257
   1461.4   0.27258
   1461.8   0.27263
   1462.3   0.27267
   1462.7   0.27266
   1463.1   0.27269
   1463.5   0.27276
   1463.9   0.27281
   1464.3   0.27283
   1464.7   0.27286
   1465.2   0.27284
   1465.6   0.27283
   1466.0   0.27285
   1466.4   0.27291
   1466.8   0.27297
   1467.2   0.27299
   1467.6   0.27295
   1468.1   0.27294
   1468.5   0.27301
   1468.9   0.27306
   1469.3   0.27314
   1469.7   0.27316
   1470.1   0.27318
   1470.6   0.27318
   1471.0   0.27318
   1471.4   0.27324
   1471.8   0.27329
   1472.2   0.27325
   1472.6   0.27329
   1473.1   0.27334
   1473.5   0.27336
   1473.9   0.27336
   1474.3   0.27341
   1474.7   0.27339
   1475.2   0.27339
   1475.6   0.27347
   1476.0   0.27350
   1476.4   0.27353
   1476.8   0.27358
   1477.3   0.27361
   1477.7   0.27364
   1478.1   0.27363
   1478.5   0.27360
   1478.9   0.27368
   1479.4   0.27373
   1479.8   0.27375
   1480.2   0.27377
   1480.6   0.27378
   1481.1   0.27382
   1481.5   0.27382
   1481.9   0.27381
   1482.3   0.27387
   1482.8   0.27385
   1483.2   0.27386
   1483.6   0.27388
   1484.0   0.27394
   1484.4   0.27398
   1484.9   0.27404
   1485.3   0.27408
   1485.7   0.27409
   1486.2   0.27412
   1486.6   0.27407
   1487.0   0.27406
   1487.4   0.27409
   1487.9   0.27416
   1488.3   0.27418
   1488.7   0.27419
   1489.1   0.27422
   1489.6   0.27424
   1490.0   0.27434
   1490.4   0.27440
   1490.8   0.27438
   1491.3   0.27433
   1491.7   0.27433
   1492.1   0.27440
   1492.6   0.27449
   1493.0   0.27454
   1493.4   0.27452
   1493.9   0.27450
   1494.3   0.27452
   1494.7   0.27454
   1495.2   0.27451
   1495.6   0.27459
   1496.0   0.27459
   1496.4   0.27454
   1496.9   0.27459
   1497.3   0.27463
   1497.7   0.27470
   1498.2   0.27473
   1498.6   0.27472
   1499.0   0.27475
   1499.5   0.27477
   1499.9   0.27480
   1500.3   0.27485
   1500.8   0.27487
   1501.2   0.27489
   1501.7   0.27487
   1502.1   0.27487
   1502.5   0.27490
   1502.9   0.27496
   1503.4   0.27498
   1503.8   0.27497
   1504.3   0.27499
   1504.7   0.27503
   1505.1   0.27506
   1505.6   0.27507
   1506.0   0.27508
   1506.4   0.27512
   1506.9   0.27516
   1507.3   0.27516
   1507.8   0.27520
   1508.2   0.27524
   1508.6   0.27526
   1509.1   0.27531
   1509.5   0.27531
   1510.0   0.27530
   1510.4   0.27530
   1510.8   0.27531
   1511.3   0.27538
   1511.7   0.27543
   1512.2   0.27543
   1512.6   0.27539
   1513.0   0.27539
   1513.5   0.27541
   1513.9   0.27542
   1514.4   0.27552
   1514.8   0.27557
   1515.3   0.27554
   1515.7   0.27555
   1516.1   0.27557
   1516.6   0.27561
   1517.0   0.27566
   1517.5   0.27569
   1517.9   0.27572
   1518.4   0.27571
   1518.8   0.27572
   1519.3   0.27572
   1519.7   0.27572
   1520.1   0.27575
   1520.6   0.27577
   1521.0   0.27581
   1521.5   0.27586
   1521.9   0.27590
   1522.4   0.27594
   1522.8   0.27592
   1523.3   0.27591
   1523.7   0.27594
   1524.2   0.27599
   1524.6   0.27597
   1525.1   0.27596
   1525.5   0.27602
   1525.9   0.27606
   1526.4   0.27604
   1526.8   0.27606
   1527.3   0.27613
   1527.8   0.27616
   1528.2   0.27615
   1528.7   0.27617
   1529.1   0.27621
   1529.6   0.27623
   1530.0   0.27624
   1530.5   0.27628
   1530.9   0.27627
   1531.4   0.27628
   1531.8   0.27633
   1532.3   0.27635
   1532.7   0.27639
   1533.2   0.27641
   1533.6   0.27638
   1534.1   0.27640
   1534.5   0.27642
   1535.0   0.27640
   1535.4   0.27641
   1535.9   0.27648
   1536.3   0.27649
   1536.8   0.27648
   1537.3   0.27649
   1537.7   0.27652
   1538.2   0.27650
   1538.6   0.27652
   1539.1   0.27658
   1539.6   0.27657
   1540.0   0.27661
   1540.5   0.27662
   1540.9   0.27664
   1541.4   0.27669
   1541.8   0.27669
   1542.3   0.27672
   1542.8   0.27676
   1543.2   0.27674
   1543.7   0.27672
   1544.1   0.27679
   1544.6   0.27681
   1545.1   0.27678
   1545.5   0.27678
   1546.0   0.27685
   1546.4   0.27694
   1546.9   0.27693
   1547.4   0.27691
   1547.8   0.27691
   1548.3   0.27697
   1548.8   0.27700
   1549.2   0.27695
   1549.7   0.27694
   1550.1   0.27695
   1550.6   0.27700
   1551.1   0.27705
   1551.5   0.27705
   1552.0   0.27703
   1552.4   0.27706
   1552.9   0.27712
   1553.4   0.27714
   1553.8   0.27714
   1554.3   0.27717
   1554.8   0.27719
   1555.3   0.27718
   1555.7   0.27721
   1556.2   0.27724
   1556.7   0.27727
   1557.1   0.27724
   1557.6   0.27721
   1558.1   0.27723
   1558.5   0.27727
   1559.0   0.27728
   1559.5   0.27732
   1559.9   0.27738
   1560.4   0.27738
   1560.9   0.27737
   1561.3   0.27740
   1561.8   0.27744
   1562.3   0.27746
   1562.8   0.27749
   1563.2   0.27751
   1563.7   0.27755
   1564.2   0.27751
   1564.6   0.27748
   1565.1   0.27756
   1565.6   0.27755
   1566.1   0.27751
   1566.5   0.27760
   1567.0   0.27766
   1567.5   0.27768
   1567.9   0.27766
   1568.4   0.27763
   1568.9   0.27767
   1569.4   0.27766
   1569.8   0.27766
   1570.3   0.27768
   1570.8   0.27770
   1571.3   0.27774
   1571.8   0.27780
   1572.2   0.27777
   1572.7   0.27776
   1573.2   0.27779
   1573.7   0.27785
   1574.1   0.27791
   1574.6   0.27793
   1575.1   0.27794
   1575.6   0.27791
   1576.1   0.27789
   1576.5   0.27790
   1577.0   0.27793
   1577.5   0.27798
   1578.0   0.27801
   1578.4   0.27801
   1578.9   0.27801
   1579.4   0.27805
   1579.9   0.27808
   1580.4   0.27806
   1580.9   0.27807
   1581.3   0.27807
   1581.8   0.27810
   1582.3   0.27812
   1582.8   0.27813
   1583.3   0.27814
   1583.8   0.27816
   1584.2   0.27818
   1584.7   0.27819
   1585.2   0.27820
   1585.7   0.27821
   1586.2   0.27822
   1586.7   0.27821
   1587.2   0.27820
   1587.6   0.27825
   1588.1   0.27829
   1588.6   0.27833
   1589.1   0.27836
   1589.6   0.27833
   1590.1   0.27835
   1590.6   0.27837
   1591.0   0.27837
   1591.5   0.27841
   1592.0   0.27843
   1592.5   0.27839
   1593.0   0.27837
   1593.5   0.27842
   1594.0   0.27844
   1594.5   0.27845
   1595.0   0.27848
   1595.4   0.27847
   1595.9   0.27847
   1596.4   0.27850
   1596.9   0.27853
   1597.4   0.27855
   1597.9   0.27851
   1598.4   0.27852
   1598.9   0.27858
   1599.4   0.27860
   1599.9   0.27862
   1600.4   0.27863
   1600.9   0.27863
   1601.4   0.27864
   1601.9   0.27865
   1602.3   0.27863
   1602.8   0.27866
   1603.3   0.27870
   1603.8   0.27870
   1604.3   0.27873
   1604.8   0.27876
   1605.3   0.27877
   1605.8   0.27878
   1606.3   0.27875
   1606.8   0.27875
   1607.3   0.27885
   1607.8   0.27892
   1608.3   0.27894
   1608.8   0.27892
   1609.3   0.27889
   1609.8   0.27885
   1610.3   0.27887
   1610.8   0.27889
   1611.3   0.27891
   1611.8   0.27891
   1612.3   0.27892
   1612.8   0.27894
   1613.3   0.27893
   1613.8   0.27892
   1614.3   0.27892
   1614.8   0.27900
   1615.3   0.27904
   1615.8   0.27900
   1616.3   0.27898
   1616.8   0.27900
   1617.3   0.27902
   1617.8   0.27901
   1618.4   0.27902
   1618.9   0.27907
   1619.4   0.27913
   1619.9   0.27916
   1620.4   0.27915
   1620.9   0.27912
   1621.4   0.27909
   1621.9   0.27911
   1622.4   0.27913
   1622.9   0.27914
   1623.4   0.27916
   1623.9   0.27918
   1624.4   0.27923
   1624.9   0.27925
   1625.5   0.27925
   1626.0   0.27924
   1626.5   0.27922
   1627.0   0.27924
   1627.5   0.27929
   1628.0   0.27930
   1628.5   0.27927
   1629.0   0.27924
   1629.6   0.27925
   1630.1   0.27929
   1630.6   0.27934
   1631.1   0.27937
   1631.6   0.27938
   1632.1   0.27937
   1632.6   0.27936
   1633.1   0.27936
   1633.7   0.27939
   1634.2   0.27939
   1634.7   0.27939
   1635.2   0.27939
   1635.7   0.27938
   1636.2   0.27938
   1636.8   0.27937
   1637.3   0.27934
   1637.8   0.27938
   1638.3   0.27944
   1638.8   0.27944
   1639.3   0.27945
   1639.8   0.27950
   1640.4   0.27950
   1640.9   0.27948
   1641.4   0.27949
   1641.9   0.27952
   1642.4   0.27953
   1643.0   0.27957
   1643.5   0.27962
   1644.0   0.27962
   1644.5   0.27961
   1645.1   0.27962
   1645.6   0.27964
   1646.1   0.27966
   1646.6   0.27966
   1647.2   0.27965
   1647.7   0.27962
   1648.2   0.27961
   1648.7   0.27966
   1649.2   0.27969
   1649.8   0.27966
   1650.3   0.27966
   1650.8   0.27972
   1651.3   0.27970
   1651.9   0.27966
   1652.4   0.27970
   1652.9   0.27972
   1653.4   0.27973
   1654.0   0.27976
   1654.5   0.27981
   1655.0   0.27982
   1655.6   0.27980
   1656.1   0.27979
   1656.6   0.27981
   1657.2   0.27981
   1657.7   0.27982
   1658.2   0.27981
   1658.7   0.27981
   1659.3   0.27987
   1659.8   0.27989
   1660.3   0.27990
   1660.9   0.27992
   1661.4   0.27988
   1661.9   0.27989
   1662.5   0.27992
   1663.0   0.27994
   1663.5   0.27994
   1664.1   0.27994
   1664.6   0.27995
   1665.1   0.27998
   1665.7   0.27997
   1666.2   0.27995
   1666.7   0.27998
   1667.3   0.28003
   1667.8   0.28006
   1668.3   0.28006
   1668.9   0.28004
   1669.4   0.28002
   1670.0   0.28002
   1670.5   0.28008
   1671.0   0.28009
   1671.6   0.28011
   1672.1   0.28015
   1672.7   0.28012
   1673.2   0.28008
   1673.7   0.28008
   1674.3   0.28009
   1674.8   0.28014
   1675.4   0.28016
   1675.9   0.28015
   1676.4   0.28015
   1677.0   0.28017
   1677.5   0.28017
   1678.1   0.28020
   1678.6   0.28023
   1679.2   0.28022
   1679.7   0.28022
   1680.2   0.28023
   1680.8   0.28025
   1681.3   0.28029
   1681.9   0.28030
   1682.4   0.28029
   1683.0   0.28023
   1683.5   0.28028
   1684.1   0.28031
   1684.6   0.28026
   1685.2   0.28028
   1685.7   0.28034
   1686.3   0.28035
   1686.8   0.28035
   1687.3   0.28037
   1687.9   0.28036
   1688.4   0.28037
   1689.0   0.28038
   1689.6   0.28041
   1690.1   0.28044
   1690.7   0.28046
   1691.2   0.28043
   1691.8   0.28040
   1692.3   0.28036
   1692.9   0.28033
   1693.4   0.28036
   1694.0   0.28038
   1694.5   0.28044
   1695.1   0.28049
   1695.6   0.28047
   1696.2   0.28049
   1696.7   0.28049
   1697.3   0.28050
   1697.8   0.28052
   1698.4   0.28051
   1699.0   0.28048
   1699.5   0.28051
   1700.1   0.28048
   1700.6   0.28048
   1701.2   0.28051
   1701.8   0.28054
   1702.3   0.28054
   1702.9   0.28054
   1703.4   0.28056
   1704.0   0.28058
   1704.6   0.28058
   1705.1   0.28051
   1705.7   0.28048
   1706.2   0.28052
   1706.8   0.28054
   1707.4   0.28050
   1707.9   0.28053
   1708.5   0.28060
   1709.0   0.28059
   1709.6   0.28057
   1710.2   0.28061
   1710.7   0.28060
   1711.3   0.28054
   1711.9   0.28054
   1712.4   0.28059
   1713.0   0.28064
   1713.6   0.28066
   1714.1   0.28064
   1714.7   0.28062
   1715.3   0.28065
   1715.8   0.28066
   1716.4   0.28066
   1717.0   0.28065
   1717.5   0.28062
   1718.1   0.28065
   1718.7   0.28071
   1719.2   0.28075
   1719.8   0.28076
   1720.4   0.28072
   1721.0   0.28069
   1721.5   0.28070
   1722.1   0.28071
   1722.7   0.28065
   1723.2   0.28064
   1723.8   0.28068
   1724.4   0.28071
   1725.0   0.28077
   1725.5   0.28080
   1726.1   0.28082
   1726.7   0.28081
   1727.3   0.28078
   1727.8   0.28078
   1728.4   0.28082
   1729.0   0.28082
   1729.6   0.28076
   1730.1   0.28078
   1730.7   0.28084
   1731.3   0.28086
   1731.9   0.28083
   1732.5   0.28079
   1733.0   0.28080
   1733.6   0.28086
   1734.2   0.28089
   1734.8   0.28088
   1735.4   0.28089
   1735.9   0.28090
   1736.5   0.28086
   1737.1   0.28087
   1737.7   0.28093
   1738.3   0.28099
   1738.8   0.28099
   1739.4   0.28097
   1740.0   0.28096
   1740.6   0.28095
   1741.2   0.28097
   1741.8   0.28103
   1742.3   0.28103
   1742.9   0.28103
   1743.5   0.28103
   1744.1   0.28104
   1744.7   0.28105
   1745.3   0.28106
   1745.9   0.28107
   1746.5   0.28111
   1747.1   0.28111
   1747.6   0.28109
   1748.2   0.28108
   1748.8   0.28109
   1749.4   0.28110
   1750.0   0.28110
   1750.6   0.28109
   1751.2   0.28109
   1751.8   0.28116
   1752.4   0.28113
   1753.0   0.28111
   1753.6   0.28114
   1754.1   0.28116
   1754.7   0.28119
   1755.3   0.28120
   1755.9   0.28120
   1756.5   0.28122
   1757.1   0.28123
   1757.7   0.28119
   1758.3   0.28122
   1758.9   0.28125
   1759.5   0.28126
   1760.1   0.28128
   1760.7   0.28128
   1761.3   0.28126
   1761.9   0.28129
   1762.5   0.28130
   1763.1   0.28127
   1763.7   0.28129
   1764.3   0.28130
   1764.9   0.28126
   1765.5   0.28124
   1766.1   0.28128
   1766.7   0.28131
   1767.3   0.28135
   1767.9   0.28139
   1768.5   0.28133
   1769.1   0.28133
   1769.7   0.28137
   1770.3   0.28140
   1770.9   0.28142
   1771.5   0.28142
   1772.1   0.28140
   1772.7   0.28139
   1773.3   0.28137
   1773.9   0.28136
   1774.6   0.28139
   1775.2   0.28143
   1775.8   0.28143
   1776.4   0.28146
   1777.0   0.28148
   1777.6   0.28147
   1778.2   0.28144
   1778.8   0.28139
   1779.4   0.28144
   1780.0   0.28150
   1780.7   0.28150
   1781.3   0.28147
   1781.9   0.28143
   1782.5   0.28148
   1783.1   0.28154
   1783.7   0.28155
   1784.3   0.28152
   1784.9   0.28147
   1785.6   0.28145
   1786.2   0.28150
   1786.8   0.28153
   1787.4   0.28159
   1788.0   0.28159
   1788.6   0.28155
   1789.3   0.28159
   1789.9   0.28163
   1790.5   0.28165
   1791.1   0.28164
   1791.7   0.28166
   1792.3   0.28166
   1793.0   0.28164
   1793.6   0.28164
   1794.2   0.28166
   1794.8   0.28169
   1795.4   0.28172
   1796.1   0.28171
   1796.7   0.28168
   1797.3   0.28167
   1797.9   0.28167
   1798.6   0.28169
   1799.2   0.28171
   1799.8   0.28171
   1800.4   0.28170
   1801.1   0.28176
   1801.7   0.28181
   1802.3   0.28181
   1802.9   0.28185
   1803.6   0.28185
   1804.2   0.28179
   1804.8   0.28178
   1805.4   0.28184
   1806.1   0.28187
   1806.7   0.28187
   1807.3   0.28187
   1808.0   0.28187
   1808.6   0.28188
   1809.2   0.28190
   1809.9   0.28190
   1810.5   0.28188
   1811.1   0.28186
   1811.8   0.28190
   1812.4   0.28194
   1813.0   0.28196
   1813.7   0.28199
   1814.3   0.28201
   1814.9   0.28201
   1815.6   0.28200
   1816.2   0.28200
   1816.8   0.28200
   1817.5   0.28198
   1818.1   0.28196
   1818.8   0.28201
   1819.4   0.28204
   1820.0   0.28204
   1820.7   0.28207
   1821.3   0.28210
   1821.9   0.28212
   1822.6   0.28207
   1823.2   0.28207
   1823.9   0.28211
   1824.5   0.28212
   1825.2   0.28213
   1825.8   0.28214
   1826.4   0.28216
   1827.1   0.28213
   1827.7   0.28214
   1828.4   0.28216
   1829.0   0.28215
   1829.7   0.28215
   1830.3   0.28216
   1831.0   0.28220
   1831.6   0.28222
   1832.3   0.28226
   1832.9   0.28229
   1833.6   0.28227
   1834.2   0.28227
   1834.8   0.28230
   1835.5   0.28230
   1836.1   0.28233
   1836.8   0.28233
   1837.4   0.28233
   1838.1   0.28235
   1838.8   0.28233
   1839.4   0.28233
   1840.1   0.28237
   1840.7   0.28235
   1841.4   0.28235
   1842.0   0.28242
   1842.7   0.28244
   1843.3   0.28243
   1844.0   0.28243
   1844.6   0.28243
   1845.3   0.28241
   1845.9   0.28243
   1846.6   0.28248
   1847.3   0.28251
   1847.9   0.28253
   1848.6   0.28251
   1849.2   0.28253
   1849.9   0.28256
   1850.6   0.28259
   1851.2   0.28262
   1851.9   0.28264
   1852.6   0.28262
   1853.2   0.28259
   1853.9   0.28260
   1854.5   0.28262
   1855.2   0.28263
   1855.9   0.28262
   1856.5   0.28265
   1857.2   0.28268
   1857.9   0.28266
   1858.5   0.28268
   1859.2   0.28268
   1859.9   0.28271
   1860.5   0.28270
   1861.2   0.28271
   1861.9   0.28279
   1862.5   0.28280
   1863.2   0.28282
   1863.9   0.28285
   1864.5   0.28287
   1865.2   0.28290
   1865.9   0.28291
   1866.6   0.28289
   1867.2   0.28292
   1867.9   0.28294
   1868.6   0.28295
   1869.2   0.28294
   1869.9   0.28295
   1870.6   0.28302
   1871.3   0.28304
   1871.9   0.28301
   1872.6   0.28301
   1873.3   0.28302
   1874.0   0.28306
   1874.7   0.28311
   1875.3   0.28312
   1876.0   0.28310
   1876.7   0.28311
   1877.4   0.28317
   1878.0   0.28319
   1878.7   0.28320
   1879.4   0.28320
   1880.1   0.28316
   1880.8   0.28313
   1881.4   0.28318
   1882.1   0.28325
   1882.8   0.28328
   1883.5   0.28328
   1884.2   0.28328
   1884.9   0.28327
   1885.6   0.28332
   1886.2   0.28335
   1886.9   0.28332
   1887.6   0.28330
   1888.3   0.28334
   1889.0   0.28337
   1889.7   0.28339
   1890.4   0.28343
   1891.1   0.28343
   1891.8   0.28342
   1892.4   0.28343
   1893.1   0.28341
   1893.8   0.28341
   1894.5   0.28346
   1895.2   0.28349
   1895.9   0.28348
   1896.6   0.28352
   1897.3   0.28356
   1898.0   0.28359
   1898.7   0.28361
   1899.4   0.28359
   1900.1   0.28359
   1900.8   0.28361
   1901.5   0.28361
   1902.2   0.28363
   1902.9   0.28368
   1903.6   0.28371
   1904.3   0.28371
   1905.0   0.28374
   1905.7   0.28377
   1906.4   0.28377
   1907.1   0.28376
   1907.8   0.28376
   1908.5   0.28376
   1909.2   0.28377
   1909.9   0.28376
   1910.6   0.28380
   1911.3   0.28387
   1912.0   0.28390
   1912.7   0.28391
   1913.4   0.28391
   1914.1   0.28393
   1914.8   0.28392
   1915.5   0.28392
   1916.2   0.28400
   1916.9   0.28400
   1917.6   0.28396
   1918.3   0.28398
   1919.1   0.28402
   1919.8   0.28404
   1920.5   0.28407
   1921.2   0.28411
   1921.9   0.28413
   1922.6   0.28415
   1923.3   0.28418
   1924.0   0.28418
   1924.8   0.28420
   1925.5   0.28423
   1926.2   0.28422
   1926.9   0.28423
   1927.6   0.28428
   1928.3   0.28433
   1929.1   0.28432
   1929.8   0.28430
   1930.5   0.28430
   1931.2   0.28431
   1931.9   0.28434
   1932.7   0.28440
   1933.4   0.28444
   1934.1   0.28452
   1934.8   0.28453
   1935.5   0.28449
   1936.3   0.28453
   1937.0   0.28452
   1937.7   0.28454
   1938.4   0.28462
   1939.2   0.28466
   1939.9   0.28463
   1940.6   0.28465
   1941.3   0.28470
   1942.1   0.28472
   1942.8   0.28473
   1943.5   0.28475
   1944.2   0.28476
   1945.0   0.28480
   1945.7   0.28487
   1946.4   0.28489
   1947.2   0.28488
   1947.9   0.28489
   1948.6   0.28494
   1949.4   0.28494
   1950.1   0.28496
   1950.8   0.28503
   1951.6   0.28506
   1952.3   0.28503
   1953.0   0.28506
   1953.8   0.28512
   1954.5   0.28516
   1955.2   0.28519
   1956.0   0.28520
   1956.7   0.28521
   1957.5   0.28521
   1958.2   0.28521
   1958.9   0.28525
   1959.7   0.28530
   1960.4   0.28536
   1961.2   0.28536
   1961.9   0.28535
   1962.6   0.28539
   1963.4   0.28545
   1964.1   0.28552
   1964.9   0.28554
   1965.6   0.28555
   1966.4   0.28553
   1967.1   0.28555
   1967.9   0.28558
   1968.6   0.28561
   1969.3   0.28564
   1970.1   0.28568
   1970.8   0.28569
   1971.6   0.28572
   1972.3   0.28576
   1973.1   0.28578
   1973.8   0.28578
   1974.6   0.28583
   1975.3   0.28589
   1976.1   0.28592
   1976.9   0.28592
   1977.6   0.28593
   1978.4   0.28595
   1979.1   0.28596
   1979.9   0.28604
   1980.6   0.28612
   1981.4   0.28616
   1982.2   0.28618
   1982.9   0.28616
   1983.7   0.28615
   1984.4   0.28619
   1985.2   0.28623
   1985.9   0.28624
   1986.7   0.28624
   1987.5   0.28624
   1988.2   0.28627
   1989.0   0.28636
   1989.8   0.28637
   1990.5   0.28634
   1991.3   0.28638
   1992.1   0.28645
   1992.8   0.28651
   1993.6   0.28650
   1994.3   0.28654
   1995.1   0.28657
   1995.9   0.28661
   1996.7   0.28666
   1997.4   0.28668
   1998.2   0.28673
   1999.0   0.28680
   1999.7   0.28680
   2000.5   0.28677
   2001.3   0.28682
   2002.1   0.28689
   2002.8   0.28691
   2003.6   0.28692
   2004.4   0.28694
   2005.2   0.28700
   2005.9   0.28704
   2006.7   0.28705
   2007.5   0.28708
   2008.3   0.28712
   2009.0   0.28717
   2009.8   0.28718
   2010.6   0.28720
   2011.4   0.28722
   2012.2   0.28724
   2012.9   0.28725
   2013.7   0.28729
   2014.5   0.28734
   2015.3   0.28739
   2016.1   0.28743
   2016.8   0.28745
   2017.6   0.28744
   2018.4   0.28746
   2019.2   0.28752
   2020.0   0.28758
   2020.8   0.28759
   2021.6   0.28763
   2022.3   0.28768
   2023.1   0.28764
   2023.9   0.28767
   2024.7   0.28777
   2025.5   0.28783
   2026.3   0.28785
   2027.1   0.28785
   2027.9   0.28788
   2028.7   0.28795
   2029.5   0.28798
   2030.3   0.28800
   2031.1   0.28804
   2031.9   0.28809
   2032.7   0.28813
   2033.5   0.28818
   2034.3   0.28823
   2035.1   0.28824
   2035.8   0.28826
   2036.7   0.28833
   2037.4   0.28836
   2038.3   0.28839
   2039.1   0.28844
   2039.9   0.28850
   2040.7   0.28852
   2041.5   0.28852
   2042.3   0.28855
   2043.1   0.28860
   2043.9   0.28861
   2044.7   0.28863
   2045.5   0.28865
   2046.3   0.28871
   2047.1   0.28878
   2047.9   0.28884
   2048.7   0.28890
   2049.5   0.28888
   2050.4   0.28890
   2051.2   0.28900
   2052.0   0.28905
   2052.8   0.28905
   2053.6   0.28910
   2054.4   0.28913
   2055.2   0.28914
   2056.0   0.28920
   2056.9   0.28926
   2057.7   0.28929
   2058.5   0.28932
   2059.3   0.28940
   2060.1   0.28945
   2060.9   0.28944
   2061.8   0.28949
   2062.6   0.28954
   2063.4   0.28957
   2064.2   0.28961
   2065.1   0.28967
   2065.9   0.28968
   2066.7   0.28969
   2067.5   0.28973
   2068.3   0.28979
   2069.2   0.28983
   2070.0   0.28987
   2070.8   0.28992
   2071.6   0.28995
   2072.5   0.28997
   2073.3   0.28997
   2074.1   0.29001
   2075.0   0.29010
   2075.8   0.29015
   2076.6   0.29016
   2077.5   0.29021
   2078.3   0.29026
   2079.1   0.29032
   2080.0   0.29037
   2080.8   0.29035
   2081.6   0.29038
   2082.5   0.29043
   2083.3   0.29043
   2084.1   0.29046
   2085.0   0.29053
   2085.8   0.29059
   2086.6   0.29067
   2087.5   0.29073
   2088.3   0.29078
   2089.2   0.29078
   2090.0   0.29081
   2090.9   0.29085
   2091.7   0.29089
   2092.6   0.29093
   2093.4   0.29094
   2094.2   0.29094
   2095.1   0.29102
   2095.9   0.29109
   2096.8   0.29111
   2097.6   0.29112
   2098.5   0.29118
   2099.3   0.29125
   2100.2   0.29130
   2101.0   0.29136
   2101.9   0.29139
   2102.7   0.29140
   2103.6   0.29143
   2104.4   0.29148
   2105.3   0.29152
   2106.1   0.29157
   2107.0   0.29162
   2107.9   0.29166
   2108.7   0.29172
   2109.6   0.29177
   2110.4   0.29178
   2111.3   0.29182
   2112.1   0.29186
   2113.0   0.29190
   2113.9   0.29197
   2114.7   0.29202
   2115.6   0.29202
   2116.5   0.29207
   2117.3   0.29217
   2118.2   0.29223
   2119.1   0.29223
   2119.9   0.29226
   2120.8   0.29234
   2121.7   0.29241
   2122.5   0.29245
   2123.4   0.29245
   2124.3   0.29249
   2125.1   0.29256
   2126.0   0.29260
   2126.9   0.29261
   2127.8   0.29264
   2128.6   0.29272
   2129.5   0.29279
   2130.4   0.29284
   2131.3   0.29287
   2132.1   0.29296
   2133.0   0.29300
   2133.9   0.29299
   2134.8   0.29302
   2135.6   0.29309
   2136.5   0.29313
   2137.4   0.29318
   2138.3   0.29323
   2139.2   0.29327
   2140.1   0.29333
   2140.9   0.29337
   2141.8   0.29339
   2142.7   0.29343
   2143.6   0.29349
   2144.5   0.29353
   2145.4   0.29361
   2146.3   0.29367
   2147.1   0.29370
   2148.0   0.29373
   2148.9   0.29373
   2149.8   0.29377
   2150.7   0.29384
   2151.6   0.29389
   2152.5   0.29395
   2153.4   0.29401
   2154.3   0.29402
   2155.2   0.29407
   2156.1   0.29412
   2157.0   0.29416
   2157.9   0.29421
   2158.8   0.29426
   2159.7   0.29429
   2160.6   0.29433
   2161.5   0.29436
   2162.4   0.29438
   2163.3   0.29440
   2164.2   0.29447
   2165.1   0.29457
   2166.0   0.29463
   2166.9   0.29464
   2167.8   0.29464
   2168.7   0.29469
   2169.6   0.29476
   2170.5   0.29481
   2171.4   0.29484
   2172.3   0.29489
   2173.2   0.29496
   2174.1   0.29501
   2175.1   0.29504
   2176.0   0.29509
   2176.9   0.29513
   2177.8   0.29515
   2178.7   0.29521
   2179.6   0.29527
   2180.6   0.29534
   2181.5   0.29542
   2182.4   0.29548
   2183.3   0.29550
   2184.2   0.29552
   2185.1   0.29559
   2186.1   0.29564
   2187.0   0.29567
   2187.9   0.29571
   2188.8   0.29578
   2189.8   0.29580
   2190.7   0.29583
   2191.6   0.29588
   2192.5   0.29589
   2193.5   0.29598
   2194.4   0.29605
   2195.3   0.29610
   2196.3   0.29617
   2197.2   0.29620
   2198.1   0.29620
   2199.1   0.29626
   2200.0   0.29633
   2200.9   0.29638
   2201.9   0.29643
   2202.8   0.29644
   2203.7   0.29651
   2204.7   0.29658
   2205.6   0.29664
   2206.5   0.29668
   2207.5   0.29671
   2208.4   0.29675
   2209.4   0.29680
   2210.3   0.29692
   2211.2   0.29697
   2212.2   0.29696
   2213.1   0.29699
   2214.1   0.29707
   2215.0   0.29708
   2216.0   0.29712
   2216.9   0.29722
   2217.9   0.29726
   2218.8   0.29731
   2219.8   0.29738
   2220.7   0.29740
   2221.7   0.29741
   2222.6   0.29745
   2223.6   0.29752
   2224.5   0.29760
   2225.5   0.29766
   2226.4   0.29769
   2227.4   0.29776
   2228.4   0.29780
   2229.3   0.29780
   2230.3   0.29783
   2231.2   0.29788
   2232.2   0.29792
   2233.1   0.29796
   2234.1   0.29803
   2235.1   0.29811
   2236.0   0.29816
   2237.0   0.29819
   2238.0   0.29826
   2238.9   0.29835
   2239.9   0.29840
   2240.9   0.29844
   2241.8   0.29851
   2242.8   0.29856
   2243.8   0.29858
   2244.8   0.29863
   2245.7   0.29868
   2246.7   0.29871
   2247.7   0.29874
   2248.6   0.29880
   2249.6   0.29883
   2250.6   0.29888
   2251.6   0.29892
   2252.6   0.29895
   2253.5   0.29901
   2254.5   0.29908
   2255.5   0.29911
   2256.5   0.29915
   2257.5   0.29921
   2258.4   0.29932
   2259.4   0.29941
   2260.4   0.29944
   2261.4   0.29947
   2262.4   0.29950
   2263.4   0.29951
   2264.4   0.29958
   2265.4   0.29966
   2266.3   0.29971
   2267.3   0.29974
   2268.3   0.29976
   2269.3   0.29976
   2270.3   0.29979
   2271.3   0.29988
   2272.3   0.29996
   2273.3   0.30001
   2274.3   0.30009
   2275.3   0.30011
   2276.3   0.30011
   2277.3   0.30017
   2278.3   0.30024
   2279.3   0.30028
   2280.3   0.30033
   2281.3   0.30038
   2282.3   0.30043
   2283.3   0.30051
   2284.3   0.30059
   2285.3   0.30062
   2286.3   0.30068
   2287.3   0.30074
   2288.3   0.30079
   2289.4   0.30086
   2290.4   0.30090
   2291.4   0.30095
   2292.4   0.30096
   2293.4   0.30099
   2294.4   0.30107
   2295.4   0.30113
   2296.4   0.30116
   2297.5   0.30119
   2298.5   0.30126
   2299.5   0.30133
   2300.5   0.30135
   2301.6   0.30139
   2302.6   0.30145
   2303.6   0.30152
   2304.6   0.30156
   2305.6   0.30162
   2306.7   0.30169
   2307.7   0.30172
   2308.7   0.30178
   2309.8   0.30188
   2310.8   0.30192
   2311.8   0.30190
   2312.8   0.30196
   2313.9   0.30203
   2314.9   0.30209
   2315.9   0.30214
   2317.0   0.30219
   2318.0   0.30224
   2319.1   0.30235
   2320.1   0.30244
   2321.1   0.30244
   2322.2   0.30244
   2323.2   0.30255
   2324.3   0.30261
   2325.3   0.30263
   2326.3   0.30269
   2327.4   0.30280
   2328.4   0.30285
   2329.5   0.30285
   2330.5   0.30291
   2331.6   0.30300
   2332.6   0.30305
   2333.7   0.30306
   2334.7   0.30313
   2335.8   0.30321
   2336.8   0.30326
   2337.9   0.30329
   2338.9   0.30334
   2340.0   0.30339
   2341.0   0.30342
   2342.1   0.30346
   2343.1   0.30355
   2344.2   0.30360
   2345.3   0.30365
   2346.3   0.30369
   2347.4   0.30375
   2348.5   0.30379
   2349.5   0.30383
   2350.6   0.30389
   2351.7   0.30397
   2352.7   0.30403
   2353.8   0.30406
   2354.9   0.30406
   2355.9   0.30411
   2357.0   0.30420
   2358.1   0.30425
   2359.1   0.30429
   2360.2   0.30435
   2361.3   0.30443
   2362.4   0.30448
   2363.4   0.30447
   2364.5   0.30452
   2365.6   0.30461
   2366.7   0.30466
   2367.8   0.30468
   2368.9   0.30473
   2369.9   0.30480
   2371.0   0.30487
   2372.1   0.30494
   2373.2   0.30497
   2374.3   0.30503
   2375.4   0.30511
   2376.4   0.30518
   2377.5   0.30522
   2378.6   0.30528
   2379.7   0.30532
   2380.8   0.30533
   2381.9   0.30538
   2383.0   0.30547
   2384.1   0.30552
   2385.2   0.30552
   2386.3   0.30559
   2387.4   0.30568
   2388.5   0.30572
   2389.6   0.30574
   2390.7   0.30580
   2391.8   0.30584
   2392.9   0.30591
   2394.0   0.30594
   2395.1   0.30595
   2396.2   0.30602
   2397.3   0.30608
   2398.4   0.30619
   2399.5   0.30628
   2400.6   0.30632
   2401.8   0.30638
   2402.9   0.30643
   2404.0   0.30647
   2405.1   0.30651
   2406.2   0.30659
   2407.3   0.30665
   2408.5   0.30669
   2409.6   0.30673
   2410.7   0.30676
   2411.8   0.30681
   2412.9   0.30687
   2414.1   0.30691
   2415.2   0.30694
   2416.3   0.30701
   2417.4   0.30710
   2418.6   0.30717
   2419.7   0.30722
   2420.8   0.30726
   2422.0   0.30726
   2423.1   0.30731
   2424.2   0.30740
   2425.4   0.30747
   2426.5   0.30749
   2427.6   0.30754
   2428.8   0.30764
   2429.9   0.30770
   2431.1   0.30775
   2432.2   0.30778
   2433.3   0.30780
   2434.5   0.30781
   2435.6   0.30785
   2436.8   0.30795
   2437.9   0.30803
   2439.1   0.30809
   2440.2   0.30812
   2441.4   0.30816
   2442.5   0.30826
   2443.6   0.30834
   2444.8   0.30836
   2445.9   0.30834
   2447.1   0.30837
   2448.3   0.30846
   2449.4   0.30852
   2450.6   0.30855
   2451.7   0.30861
   2452.9   0.30871
   2454.1   0.30876
   2455.2   0.30879
   2456.4   0.30883
   2457.6   0.30888
   2458.7   0.30890
   2459.9   0.30894
   2461.1   0.30905
   2462.2   0.30911
   2463.4   0.30914
   2464.6   0.30919
   2465.7   0.30925
   2466.9   0.30930
   2468.1   0.30939
   2469.3   0.30942
   2470.4   0.30945
   2471.6   0.30947
   2472.8   0.30953
   2474.0   0.30958
   2475.1   0.30961
   2476.3   0.30966
   2477.5   0.30971
   2478.7   0.30975
   2479.9   0.30984
   2481.1   0.30990
   2482.3   0.30993
   2483.4   0.30996
   2484.6   0.31005
   2485.8   0.31013
   2487.0   0.31015
   2488.2   0.31020
   2489.4   0.31029
   2490.6   0.31034
   2491.8   0.31036
   2493.0   0.31039
   2494.2   0.31043
   2495.4   0.31047
   2496.6   0.31051
   2497.8   0.31056
   2499.0   0.31066
   2500.2   0.31074
   2501.4   0.31076
   2502.6   0.31074
   2503.8   0.31079
   2505.0   0.31088
   2506.3   0.31096
   2507.5   0.31104
   2508.7   0.31109
   2509.9   0.31111
   2511.1   0.31115
   2512.3   0.31122
   2513.5   0.31129
   2514.8   0.31131
   2516.0   0.31135
   2517.2   0.31138
   2518.4   0.31143
   2519.6   0.31148
   2520.9   0.31152
   2522.1   0.31158
   2523.3   0.31164
   2524.6   0.31172
   2525.8   0.31175
   2527.0   0.31177
   2528.2   0.31182
   2529.5   0.31189
   2530.7   0.31192
   2531.9   0.31196
   2533.2   0.31202
   2534.4   0.31205
   2535.7   0.31211
   2536.9   0.31218
   2538.1   0.31223
   2539.4   0.31226
   2540.6   0.31224
   2541.9   0.31228
   2543.1   0.31236
   2544.4   0.31246
   2545.6   0.31249
   2546.9   0.31250
   2548.1   0.31257
   2549.4   0.31270
   2550.6   0.31275
   2551.9   0.31280
   2553.1   0.31290
   2554.4   0.31293
   2555.6   0.31295
   2556.9   0.31297
   2558.2   0.31302
   2559.4   0.31313
   2560.7   0.31322
   2562.0   0.31325
   2563.2   0.31328
   2564.5   0.31336
   2565.8   0.31340
   2567.0   0.31339
   2568.3   0.31345
   2569.6   0.31354
   2570.9   0.31361
   2572.1   0.31364
   2573.4   0.31368
   2574.7   0.31369
   2576.0   0.31374
   2577.3   0.31382
   2578.5   0.31387
   2579.8   0.31391
   2581.1   0.31392
   2582.4   0.31398
   2583.7   0.31412
   2585.0   0.31418
   2586.2   0.31416
   2587.5   0.31423
   2588.8   0.31424
   2590.1   0.31425
   2591.4   0.31432
   2592.7   0.31440
   2594.0   0.31454
   2595.3   0.31466
   2596.6   0.31465
   2597.9   0.31458
   2599.2   0.31454
   2600.5   0.31462
   2601.8   0.31473
   2603.1   0.31475
   2604.4   0.31478
   2605.7   0.31491
   2607.1   0.31493
   2608.4   0.31488
   2609.7   0.31493
   2611.0   0.31496
   2612.3   0.31497
   2613.6   0.31501
   2614.9   0.31504
   2616.3   0.31514
   2617.6   0.31521
   2618.9   0.31524
   2620.2   0.31530
   2621.6   0.31535
   2622.9   0.31533
   2624.2   0.31532
   2625.5   0.31536
   2626.9   0.31551
   2628.2   0.31555
   2629.5   0.31558
   2630.9   0.31567
   2632.2   0.31565
   2633.5   0.31567
   2634.9   0.31574
   2636.2   0.31573
   2637.6   0.31576
   2638.9   0.31581
   2640.2   0.31583
   2641.6   0.31584
   2642.9   0.31586
   2644.3   0.31589
   2645.6   0.31597
   2647.0   0.31602
   2648.3   0.31604
   2649.7   0.31608
   2651.0   0.31613
   2652.4   0.31616
   2653.8   0.31618
   2655.1   0.31623
   2656.5   0.31629
   2657.8   0.31630
   2659.2   0.31634
   2660.6   0.31643
   2661.9   0.31646
   2663.3   0.31640
   2664.7   0.31648
   2666.0   0.31659
   2667.4   0.31659
   2668.8   0.31660
   2670.1   0.31667
   2671.5   0.31664
   2672.9   0.31649
   2674.3   0.31643
   2675.6   0.31648
   2677.0   0.31651
   2678.4   0.31647
   2679.8   0.31648
   2681.2   0.31642
   2682.6   0.31641
   2684.0   0.31645
   2685.4   0.31639
   2686.8   0.31633
   2688.1   0.31630
   2689.5   0.31622
   2690.9   0.31614
   2692.3   0.31609
   2693.7   0.31604
   2695.1   0.31601
   2696.5   0.31585
   2697.9   0.31561
   2699.3   0.31541
   2700.7   0.31521
   2702.1   0.31503
   2703.6   0.31481
   2705.0   0.31451
   2706.4   0.31420
   2707.8   0.31390
   2709.2   0.31361
   2710.6   0.31343
   2712.0   0.31323
   2713.5   0.31295
   2714.9   0.31268
   2716.3   0.31246
   2717.7   0.31227
   2719.1   0.31213
   2720.6   0.31197
   2722.0   0.31160
   2723.4   0.31126
   2724.9   0.31099
   2726.3   0.31066
   2727.7   0.31030
   2729.2   0.30995
   2730.6   0.30961
   2732.0   0.30929
   2733.5   0.30900
   2734.9   0.30872
   2736.4   0.30832
   2737.8   0.30789
   2739.3   0.30757
   2740.7   0.30727
   2742.2   0.30683
   2743.6   0.30632
   2745.1   0.30589
   2746.5   0.30554
   2748.0   0.30515
   2749.4   0.30476
   2750.9   0.30432
   2752.3   0.30386
   2753.8   0.30342
   2755.3   0.30299
   2756.7   0.30253
   2758.2   0.30203
   2759.7   0.30157
   2761.1   0.30115
   2762.6   0.30076
   2764.1   0.30030
   2765.6   0.29985
   2767.0   0.29944
   2768.5   0.29906
   2770.0   0.29863
   2771.5   0.29822
   2772.9   0.29779
   2774.4   0.29736
   2775.9   0.29696
   2777.4   0.29653
   2778.9   0.29614
   2780.4   0.29588
   2781.9   0.29554
   2783.4   0.29513
   2784.9   0.29475
   2786.4   0.29443
   2787.9   0.29409
   2789.4   0.29372
   2790.9   0.29337
   2792.4   0.29309
   2793.9   0.29281
   2795.4   0.29249
   2796.9   0.29219
   2798.4   0.29192
   2799.9   0.29168
   2801.4   0.29146
   2802.9   0.29123
   2804.4   0.29106
   2806.0   0.29078
   2807.5   0.29045
   2809.0   0.29019
   2810.5   0.28998
   2812.1   0.28984
   2813.6   0.28965
   2815.1   0.28943
   2816.6   0.28923
   2818.2   0.28903
   2819.7   0.28886
   2821.2   0.28870
   2822.8   0.28851
   2824.3   0.28832
   2825.8   0.28812
   2827.4   0.28794
   2828.9   0.28781
   2830.5   0.28766
   2832.0   0.28754
   2833.6   0.28735
   2835.1   0.28718
   2836.7   0.28711
   2838.2   0.28700
   2839.8   0.28684
   2841.3   0.28670
   2842.9   0.28657
   2844.4   0.28642
   2846.0   0.28633
   2847.6   0.28621
   2849.1   0.28607
   2850.7   0.28595
   2852.3   0.28579
   2853.8   0.28569
   2855.4   0.28558
   2857.0   0.28551
   2858.6   0.28540
   2860.1   0.28529
   2861.7   0.28521
   2863.3   0.28512
   2864.9   0.28499
   2866.4   0.28488
   2868.0   0.28486
   2869.6   0.28482
   2871.2   0.28472
   2872.8   0.28462
   2874.4   0.28452
   2876.0   0.28443
   2877.6   0.28439
   2879.2   0.28433
   2880.8   0.28425
   2882.4   0.28417
   2884.0   0.28411
   2885.6   0.28406
   2887.2   0.28403
   2888.8   0.28397
   2890.4   0.28395
   2892.0   0.28393
   2893.6   0.28390
   2895.3   0.28383
   2896.9   0.28376
   2898.5   0.28369
   2900.1   0.28364
   2901.7   0.28361
   2903.4   0.28361
   2905.0   0.28361
   2906.6   0.28358
   2908.3   0.28352
   2909.9   0.28353
   2911.5   0.28352
   2913.1   0.28353
   2914.8   0.28350
   2916.4   0.28346
   2918.1   0.28349
   2919.7   0.28347
   2921.4   0.28344
   2923.0   0.28341
   2924.7   0.28341
   2926.3   0.28342
   2928.0   0.28335
   2929.6   0.28335
   2931.3   0.28341
   2932.9   0.28344
   2934.6   0.28342
   2936.3   0.28343
   2937.9   0.28346
   2939.6   0.28348
   2941.2   0.28351
   2942.9   0.28352
   2944.6   0.28355
   2946.3   0.28354
   2947.9   0.28357
   2949.6   0.28358
   2951.3   0.28360
   2953.0   0.28365
   2954.6   0.28373
   2956.3   0.28374
   2958.0   0.28376
   2959.7   0.28378
   2961.4   0.28380
   2963.1   0.28383
   2964.8   0.28390
   2966.5   0.28396
   2968.2   0.28406
   2969.9   0.28410
   2971.6   0.28411
   2973.3   0.28420
   2975.0   0.28430
   2976.7   0.28442
   2978.4   0.28454
   2980.1   0.28459
   2981.8   0.28461
   2983.6   0.28475
   2985.3   0.28492
   2987.0   0.28504
   2988.7   0.28510
   2990.4   0.28514
   2992.2   0.28521
   2993.9   0.28528
   2995.6   0.28544
   2997.4   0.28558
   2999.1   0.28567
   3000.8   0.28576
   3002.6   0.28586
   3004.3   0.28594
   3006.0   0.28605
   3007.8   0.28620
   3009.5   0.28632
   3011.3   0.28645
   3013.0   0.28658
   3014.8   0.28671
   3016.5   0.28681
   3018.3   0.28694
   3020.0   0.28703
   3021.8   0.28715
   3023.6   0.28728
   3025.3   0.28735
   3027.1   0.28746
   3028.9   0.28758
   3030.6   0.28766
   3032.4   0.28777
   3034.2   0.28792
   3036.0   0.28809
   3037.7   0.28819
   3039.5   0.28828
   3041.3   0.28837
   3043.1   0.28840
   3044.9   0.28851
   3046.7   0.28862
   3048.4   0.28875
   3050.2   0.28890
   3052.0   0.28896
   3053.8   0.28899
   3055.6   0.28908
   3057.4   0.28923
   3059.2   0.28931
   3061.1   0.28937
   3062.9   0.28950
   3064.7   0.28961
   3066.5   0.28966
   3068.3   0.28969
   3070.1   0.28976
   3071.9   0.28990
   3073.8   0.29004
   3075.6   0.29013
   3077.4   0.29021
   3079.2   0.29030
   3081.1   0.29040
   3082.9   0.29051
   3084.7   0.29061
   3086.6   0.29074
   3088.4   0.29079
   3090.2   0.29085
   3092.1   0.29103
   3093.9   0.29115
   3095.8   0.29124
   3097.6   0.29139
   3099.5   0.29152
   3101.3   0.29166
   3103.2   0.29179
   3105.0   0.29190
   3106.9   0.29199
   3108.8   0.29207
   3110.6   0.29221
   3112.5   0.29234
   3114.4   0.29248
   3116.2   0.29270
   3118.1   0.29288
   3120.0   0.29300
   3121.9   0.29314
   3123.7   0.29327
   3125.6   0.29341
   3127.5   0.29354
   3129.4   0.29370
   3131.3   0.29389
   3133.2   0.29401
   3135.1   0.29412
   3137.0   0.29430
   3138.9   0.29440
   3140.8   0.29454
   3142.7   0.29470
   3144.6   0.29487
   3146.5   0.29506
   3148.4   0.29523
   3150.3   0.29539
   3152.2   0.29556
   3154.1   0.29571
   3156.1   0.29583
   3158.0   0.29592
   3159.9   0.29604
   3161.8   0.29626
   3163.8   0.29647
   3165.7   0.29660
   3167.6   0.29671
   3169.6   0.29687
   3171.5   0.29704
   3173.4   0.29722
   3175.4   0.29730
   3177.3   0.29743
   3179.3   0.29766
   3181.2   0.29786
   3183.2   0.29802
   3185.1   0.29813
   3187.1   0.29828
   3189.1   0.29849
   3191.0   0.29860
   3193.0   0.29878
   3194.9   0.29897
   3196.9   0.29914
   3198.9   0.29935
   3200.9   0.29948
   3202.9   0.29962
   3204.8   0.29982
   3206.8   0.29990
   3208.8   0.30001
   3210.8   0.30018
   3212.8   0.30033
   3214.8   0.30049
   3216.8   0.30067
   3218.8   0.30081
   3220.8   0.30096
   3222.8   0.30115
   3224.8   0.30135
   3226.8   0.30155
   3228.8   0.30169
   3230.8   0.30178
   3232.8   0.30194
   3234.8   0.30211
   3236.8   0.30225
   3238.9   0.30240
   3240.9   0.30254
   3242.9   0.30268
   3244.9   0.30286
   3247.0   0.30297
   3249.0   0.30305
   3251.0   0.30317
   3253.1   0.30332
   3255.1   0.30346
   3257.2   0.30361
   3259.2   0.30380
   3261.3   0.30395
   3263.3   0.30408
   3265.4   0.30421
   3267.4   0.30429
   3269.5   0.30440
   3271.6   0.30462
   3273.6   0.30478
   3275.7   0.30493
   3277.8   0.30509
   3279.8   0.30521
   3281.9   0.30538
   3284.0   0.30553
   3286.1   0.30571
   3288.1   0.30583
   3290.2   0.30589
   3292.3   0.30605
   3294.4   0.30624
   3296.5   0.30637
   3298.6   0.30651
   3300.7   0.30665
   3302.8   0.30674
   3304.9   0.30685
   3307.0   0.30702
   3309.1   0.30719
   3311.2   0.30727
   3313.4   0.30732
   3315.5   0.30746
   3317.6   0.30759
   3319.7   0.30771
   3321.9   0.30775
   3324.0   0.30781
   3326.1   0.30795
   3328.3   0.30810
   3330.4   0.30814
   3332.5   0.30812
   3334.7   0.30817
   3336.8   0.30832
   3339.0   0.30838
   3341.1   0.30830
   3343.3   0.30828
   3345.4   0.30823
   3347.6   0.30820
   3349.8   0.30821
   3351.9   0.30815
   3354.1   0.30797
   3356.3   0.30772
   3358.4   0.30751
   3360.6   0.30727
   3362.8   0.30696
   3365.0   0.30657
   3367.1   0.30616
   3369.3   0.30592
   3371.5   0.30584
   3373.7   0.30587
   3375.9   0.30591
   3378.1   0.30607
   3380.3   0.30631
   3382.5   0.30652
   3384.7   0.30677
   3386.9   0.30707
   3389.1   0.30723
   3391.4   0.30719
   3393.6   0.30701
   3395.8   0.30677
   3398.0   0.30639
   3400.3   0.30594
   3402.5   0.30544
   3404.7   0.30490
   3407.0   0.30443
   3409.2   0.30401
   3411.4   0.30363
   3413.7   0.30337
   3415.9   0.30334
   3418.2   0.30366
   3420.4   0.30425
   3422.7   0.30507
   3425.0   0.30589
   3427.2   0.30660
   3429.5   0.30733
   3431.8   0.30797
   3434.0   0.30847
   3436.3   0.30891
   3438.6   0.30924
   3440.9   0.30950
   3443.2   0.30986
   3445.4   0.31019
   3447.7   0.31047
   3450.0   0.31075
   3452.3   0.31106
   3454.6   0.31144
   3456.9   0.31166
   3459.2   0.31181
   3461.6   0.31197
   3463.9   0.31209
   3466.2   0.31216
   3468.5   0.31217
   3470.8   0.31217
   3473.1   0.31213
   3475.5   0.31211
   3477.8   0.31213
   3480.1   0.31220
   3482.5   0.31235
   3484.8   0.31238
   3487.2   0.31220
   3489.5   0.31210
   3491.9   0.31197
   3494.2   0.31178
   3496.6   0.31157
   3498.9   0.31135
   3501.3   0.31151
   3503.6   0.31209
   3506.0   0.31270
   3508.4   0.31336
   3510.8   0.31411
   3513.1   0.31476
   3515.5   0.31528
   3517.9   0.31577
   3520.3   0.31616
   3522.7   0.31652
   3525.1   0.31682
   3527.5   0.31704
   3529.9   0.31723
   3532.3   0.31746
   3534.7   0.31768
   3537.1   0.31785
   3539.5   0.31795
   3541.9   0.31808
   3544.4   0.31824
   3546.8   0.31833
   3549.2   0.31841
   3551.6   0.31852
   3554.1   0.31857
   3556.5   0.31874
   3559.0   0.31886
   3561.4   0.31886
   3563.9   0.31898
   3566.3   0.31921
   3568.8   0.31940
   3571.2   0.31950
   3573.7   0.31948
   3576.1   0.31956
   3578.6   0.31967
   3581.1   0.31973
   3583.6   0.31981
   3586.0   0.31988
   3588.5   0.31990
   3591.0   0.32001
   3593.5   0.32016
   3596.0   0.32024
   3598.5   0.32026
   3601.0   0.32032
   3603.5   0.32045
   3606.0   0.32051
   3608.5   0.32053
   3611.0   0.32061
   3613.5   0.32070
   3616.0   0.32075
   3618.6   0.32080
   3621.1   0.32089
   3623.6   0.32097
   3626.1   0.32105
   3628.7   0.32106
   3631.2   0.32117
   3633.8   0.32127
   3636.3   0.32141
   3638.9   0.32153
   3641.4   0.32153
   3644.0   0.32157
   3646.6   0.32164
   3649.1   0.32171
   3651.7   0.32176
   3654.3   0.32184
   3656.9   0.32193
   3659.4   0.32199
   3662.0   0.32204
   3664.6   0.32211
   3667.2   0.32219
   3669.8   0.32226
   3672.4   0.32233
   3675.0   0.32241
   3677.6   0.32250
   3680.2   0.32259
   3682.8   0.32266
   3685.4   0.32271
   3688.1   0.32278
   3690.7   0.32286
   3693.3   0.32294
   3695.9   0.32299
   3698.6   0.32307
   3701.2   0.32315
   3703.9   0.32322
   3706.5   0.32327
   3709.2   0.32334
   3711.8   0.32340
   3714.5   0.32346
   3717.1   0.32350
   3719.8   0.32355
   3722.5   0.32362
   3725.2   0.32369
   3727.8   0.32376
   3730.5   0.32383
   3733.2   0.32392
   3735.9   0.32400
   3738.6   0.32405
   3741.3   0.32411
   3744.0   0.32417
   3746.7   0.32422
   3749.4   0.32428
   3752.1   0.32433
   3754.8   0.32440
   3757.6   0.32446
   3760.3   0.32452
   3763.0   0.32458
   3765.7   0.32464
   3768.5   0.32469
   3771.2   0.32477
   3774.0   0.32484
   3776.7   0.32488
   3779.5   0.32493
   3782.2   0.32496
   3785.0   0.32499
   3787.7   0.32502
   3790.5   0.32508
   3793.3   0.32512
   3796.1   0.32516
   3798.8   0.32521
   3801.6   0.32525
   3804.4   0.32528
   3807.2   0.32530
   3810.0   0.32532
   3812.8   0.32536
   3815.6   0.32540
   3818.4   0.32544
   3821.2   0.32548
   3824.1   0.32551
   3826.9   0.32552
   3829.7   0.32552
   3832.5   0.32556
   3835.4   0.32561
   3838.2   0.32565
   3841.1   0.32567
   3843.9   0.32567
   3846.8   0.32571
   3849.6   0.32575
   3852.5   0.32576
   3855.3   0.32577
   3858.2   0.32581
   3861.1   0.32583
   3863.9   0.32583
   3866.8   0.32584
   3869.7   0.32587
   3872.6   0.32587
   3875.5   0.32588
   3878.4   0.32591
   3881.3   0.32592
   3884.2   0.32593
   3887.1   0.32595
   3890.0   0.32596
   3893.0   0.32598
   3895.9   0.32599
   3898.8   0.32599
   3901.7   0.32602
   3904.7   0.32601
   3907.6   0.32600
   3910.6   0.32602
   3913.5   0.32603
   3916.5   0.32605
   3919.4   0.32605
   3922.4   0.32604
   3925.4   0.32602
   3928.4   0.32601
   3931.3   0.32602
   3934.3   0.32603
   3937.3   0.32605
   3940.3   0.32605
   3943.3   0.32600
   3946.3   0.32596
   3949.3   0.32594
   3952.3   0.32593
   3955.3   0.32591
   3958.3   0.32591
   3961.4   0.32590
   3964.4   0.32589
   3967.4   0.32589
   3970.5   0.32587
   3973.5   0.32585
   3976.6   0.32586
   3979.6   0.32587
   3982.6   0.32586
   3985.7   0.32582
   3988.8   0.32582
   3991.9   0.32583
   3994.9   0.32583
   3998.0   0.32579
   4001.1   0.32578
   4004.2   0.32578
   4007.3   0.32578
   4010.4   0.32578
   4013.5   0.32577
   4016.6   0.32574
   4019.7   0.32571
   4022.8   0.32570
   4025.9   0.32571
   4029.1   0.32572
   4032.2   0.32571
   4035.3   0.32569
   4038.5   0.32567
   4041.6   0.32566
   4044.8   0.32566
   4047.9   0.32565
   4051.1   0.32563
   4054.3   0.32563
   4057.4   0.32560
   4060.6   0.32556
   4063.8   0.32554
   4067.0   0.32552
   4070.2   0.32549
   4073.4   0.32549
   4076.6   0.32547
   4079.8   0.32544
   4083.0   0.32539
   4086.2   0.32534
   4089.4   0.32534
   4092.7   0.32532
   4095.9   0.32530
   4099.1   0.32527
   4102.4   0.32522
   4105.6   0.32520
   4108.9   0.32517
   4112.1   0.32513
   4115.4   0.32507
   4118.7   0.32504
   4122.0   0.32501
   4125.2   0.32495
   4128.5   0.32492
   4131.8   0.32489
   4135.1   0.32483
   4138.4   0.32476
   4141.7   0.32472
   4145.0   0.32467
   4148.3   0.32465
   4151.6   0.32462
   4155.0   0.32456
   4158.3   0.32452
   4161.6   0.32450
   4165.0   0.32443
   4168.3   0.32435
   4171.7   0.32430
   4175.0   0.32427
   4178.4   0.32422
   4181.8   0.32417
   4185.2   0.32416
   4188.5   0.32414
   4191.9   0.32409
   4195.3   0.32405
   4198.7   0.32401
   4202.1   0.32398
   4205.5   0.32394
   4208.9   0.32390
   4212.4   0.32384
   4215.8   0.32377
   4219.2   0.32368
   4222.6   0.32364
   4226.1   0.32357
   4229.5   0.32350
   4233.0   0.32342
   4236.5   0.32334
   4239.9   0.32324
   4243.4   0.32310
   4246.9   0.32297
   4250.3   0.32284
   4253.8   0.32271
   4257.3   0.32257
   4260.8   0.32241
   4264.3   0.32227
   4267.8   0.32211
   4271.4   0.32195
   4274.9   0.32179
   4278.4   0.32161
   4281.9   0.32140
   4285.5   0.32118
   4289.0   0.32096
   4292.6   0.32072
   4296.1   0.32046
   4299.7   0.32022
   4303.3   0.31998
   4306.8   0.31972
   4310.4   0.31945
   4314.0   0.31923
   4317.6   0.31899
   4321.2   0.31876
   4324.8   0.31853
   4328.4   0.31829
   4332.0   0.31806
   4335.6   0.31785
   4339.3   0.31763
   4342.9   0.31743
   4346.5   0.31724
   4350.2   0.31704
   4353.8   0.31681
   4357.5   0.31661
   4361.1   0.31642
   4364.8   0.31621
   4368.5   0.31597
   4372.2   0.31576
   4375.9   0.31555
   4379.6   0.31537
   4383.3   0.31517
   4387.0   0.31499
   4390.7   0.31480
   4394.4   0.31462
   4398.1   0.31446
   4401.9   0.31435
   4405.6   0.31421
   4409.4   0.31408
   4413.1   0.31397
   4416.9   0.31386
   4420.6   0.31375
   4424.4   0.31366
   4428.2   0.31356
   4432.0   0.31346
   4435.8   0.31336
   4439.6   0.31328
   4443.4   0.31317
   4447.2   0.31306
   4451.0   0.31298
   4454.8   0.31287
   4458.6   0.31275
   4462.5   0.31261
   4466.3   0.31246
   4470.2   0.31233
   4474.0   0.31217
   4477.9   0.31197
   4481.8   0.31175
   4485.6   0.31155
   4489.5   0.31133
   4493.4   0.31112
   4497.3   0.31088
   4501.2   0.31065
   4505.1   0.31041
   4509.0   0.31015
   4513.0   0.30987
   4516.9   0.30959
   4520.8   0.30932
   4524.8   0.30903
   4528.7   0.30868
   4532.7   0.30836
   4536.7   0.30806
   4540.6   0.30773
   4544.6   0.30738
   4548.6   0.30704
   4552.6   0.30671
   4556.6   0.30634
   4560.6   0.30597
   4564.6   0.30564
   4568.6   0.30528
   4572.7   0.30490
   4576.7   0.30448
   4580.8   0.30407
   4584.8   0.30366
   4588.9   0.30322
   4592.9   0.30278
   4597.0   0.30234
   4601.1   0.30185
   4605.2   0.30134
   4609.3   0.30081
   4613.4   0.30028
   4617.5   0.29975
   4621.6   0.29918
   4625.7   0.29861
   4629.8   0.29805
   4634.0   0.29745
   4638.1   0.29685
   4642.3   0.29631
   4646.4   0.29580
   4650.6   0.29531
   4654.8   0.29483
   4659.0   0.29434
   4663.1   0.29390
   4667.3   0.29345
   4671.5   0.29300
   4675.8   0.29258
   4680.0   0.29214
   4684.2   0.29167
   4688.4   0.29120
   4692.7   0.29070
   4696.9   0.29024
   4701.2   0.28977
   4705.5   0.28927
   4709.7   0.28875
   4714.0   0.28827
   4718.3   0.28777
   4722.6   0.28723
   4726.9   0.28670
   4731.2   0.28621
   4735.5   0.28571
   4739.9   0.28522
   4744.2   0.28471
   4748.5   0.28422
   4752.9   0.28375
   4757.3   0.28328
   4761.6   0.28281
   4766.0   0.28235
   4770.4   0.28189
   4774.8   0.28147
   4779.2   0.28105
   4783.6   0.28064
   4788.0   0.28024
   4792.4   0.27980
   4796.9   0.27935
   4801.3   0.27893
   4805.8   0.27847
   4810.2   0.27802
   4814.7   0.27754
   4819.1   0.27705
   4823.6   0.27654
   4828.1   0.27605
   4832.6   0.27555
   4837.1   0.27504
   4841.6   0.27448
   4846.2   0.27393
   4850.7   0.27337
   4855.3   0.27284
   4859.8   0.27230
   4864.4   0.27170
   4868.9   0.27113
   4873.5   0.27055
   4878.1   0.26997
   4882.7   0.26940
   4887.3   0.26880
   4891.9   0.26820
   4896.5   0.26760
   4901.1   0.26700
   4905.8   0.26638
   4910.4   0.26575
   4915.1   0.26509
   4919.7   0.26447
   4924.4   0.26382
   4929.1   0.26318
   4933.8   0.26253
   4938.5   0.26187
   4943.2   0.26122
   4947.9   0.26058
   4952.6   0.25994
   4957.4   0.25931
   4962.1   0.25868
   4966.9   0.25806
   4971.6   0.25743
   4976.4   0.25681
   4981.2   0.25619
   4986.0   0.25553
   4990.8   0.25487
   4995.6   0.25426
   5000.4   0.25361
   5005.2   0.25293
   5010.0   0.25228
   5014.9   0.25163
   5019.8   0.25099
   5024.6   0.25032
   5029.5   0.24965
   5034.4   0.24899
   5039.3   0.24833
   5044.2   0.24768
   5049.1   0.24706
   5054.0   0.24645
   5058.9   0.24585
   5063.9   0.24522
   5068.8   0.24460
   5073.8   0.24403
   5078.8   0.24347
   5083.7   0.24291
   5088.7   0.24233
   5093.7   0.24175
   5098.7   0.24114
   5103.7   0.24054
   5108.8   0.23994
   5113.8   0.23933
   5118.9   0.23866
   5123.9   0.23797
   5129.0   0.23728
   5134.1   0.23654
   5139.1   0.23580
   5144.3   0.23508
   5149.4   0.23435
   5154.5   0.23358
   5159.6   0.23282
   5164.7   0.23213
   5169.9   0.23145
   5175.0   0.23077
   5180.2   0.23013
   5185.4   0.22950
   5190.6   0.22887
   5195.8   0.22826
   5201.0   0.22766
   5206.2   0.22706
   5211.5   0.22650
   5216.7   0.22592
   5222.0   0.22530
   5227.2   0.22469
   5232.5   0.22410
   5237.8   0.22352
   5243.1   0.22288
   5248.4   0.22227
   5253.7   0.22164
   5259.0   0.22098
   5264.4   0.22032
   5269.7   0.21967
   5275.1   0.21904
   5280.5   0.21846
   5285.8   0.21785
   5291.2   0.21727
   5296.6   0.21671
   5302.0   0.21617
   5307.5   0.21569
   5312.9   0.21524
   5318.4   0.21482
   5323.8   0.21441
   5329.3   0.21398
   5334.8   0.21359
   5340.3   0.21318
   5345.8   0.21276
   5351.3   0.21233
   5356.8   0.21178
   5362.4   0.21120
   5367.9   0.21065
   5373.5   0.21007
   5379.0   0.20947
   5384.6   0.20883
   5390.2   0.20819
   5395.8   0.20757
   5401.5   0.20697
   5407.1   0.20641
   5412.7   0.20589
   5418.4   0.20544
   5424.1   0.20504
   5429.7   0.20452
   5435.4   0.20406
   5441.1   0.20369
   5446.9   0.20337
   5452.6   0.20312
   5458.3   0.20295
   5464.1   0.20284
   5469.8   0.20272
   5475.6   0.20264
   5481.4   0.20263
   5487.2   0.20260
   5493.0   0.20263
   5498.8   0.20268
   5504.7   0.20277
   5510.5   0.20278
   5516.4   0.20283
   5522.3   0.20294
   5528.1   0.20301
   5534.0   0.20302
   5540.0   0.20306
   5545.9   0.20310
   5551.8   0.20311
   5557.8   0.20300
   5563.7   0.20287
   5569.7   0.20268
   5575.7   0.20257
   5581.7   0.20238
   5587.7   0.20194
   5593.7   0.20149
   5599.8   0.20111
   5605.8   0.20066
   5611.9   0.20019
   5618.0   0.19972
   5624.1   0.19920
   5630.2   0.19869
   5636.3   0.19823
   5642.4   0.19782
   5648.6   0.19723
   5654.7   0.19663
   5660.9   0.19611
   5667.1   0.19564
   5673.3   0.19531
   5679.5   0.19490
   5685.7   0.19446
   5692.0   0.19411
   5698.2   0.19373
   5704.5   0.19335
   5710.8   0.19308
   5717.1   0.19258
   5723.4   0.19201
   5729.7   0.19144
   5736.0   0.19088
   5742.4   0.19032
   5748.8   0.18975
   5755.1   0.18902
   5761.5   0.18844
   5768.0   0.18788
   5774.4   0.18689
   5780.8   0.18592
   5787.3   0.18503
   5793.7   0.18413
   5800.2   0.18325
   5806.7   0.18232
   5813.2   0.18146
   5819.8   0.18076
   5826.3   0.17988
   5832.8   0.17873
   5839.4   0.17766
   5846.0   0.17664
   5852.6   0.17571
   5859.2   0.17481
   5865.8   0.17390
   5872.5   0.17291
   5879.1   0.17220
   5885.8   0.17123
   5892.5   0.17015
   5899.2   0.16920
   5905.9   0.16795
   5912.6   0.16685
   5919.4   0.16587
   5926.2   0.16489
   5932.9   0.16409
   5939.7   0.16312
   5946.5   0.16177
   5953.4   0.16057
   5960.2   0.15951
   5967.1   0.15855
   5974.0   0.15749
   5980.8   0.15641
   5987.8   0.15551
   5994.7   0.15455
   6001.6   0.15357
   6008.6   0.15280
   6015.5   0.15210
   6022.5   0.15139
   6029.5   0.15083
   6036.5   0.15039
   6043.6   0.15026
   6050.6   0.15024
   6057.7   0.14971
   6064.8   0.14930
   6071.9   0.14922
   6079.0   0.14904
   6086.1   0.14874
   6093.3   0.14851
   6100.5   0.14832
   6107.6   0.14822
   6114.8   0.14812
   6122.1   0.14772
   6129.3   0.14732
   6136.5   0.14705
   6143.8   0.14681
   6151.1   0.14652
   6158.4   0.14631
   6165.7   0.14605
   6173.1   0.14578
   6180.4   0.14568
   6187.8   0.14557
   6195.2   0.14524
   6202.6   0.14503
   6210.0   0.14490
   6217.5   0.14478
   6225.0   0.14465
   6232.4   0.14456
   6239.9   0.14452
   6247.5   0.14446
   6255.0   0.14433
   6262.5   0.14424
   6270.1   0.14412
   6277.7   0.14398
   6285.3   0.14383
   6293.0   0.14369
   6300.6   0.14353
   6308.3   0.14341
   6315.9   0.14335
   6323.6   0.14335
   6331.4   0.14339
   6339.1   0.14361
   6346.9   0.14383
   6354.6   0.14375
   6362.4   0.14382
   6370.3   0.14405
   6378.1   0.14415
   6385.9   0.14424
   6393.8   0.14434
   6401.7   0.14448
   6409.6   0.14483
   6417.5   0.14492
   6425.5   0.14454
   6433.5   0.14422
   6441.5   0.14390
   6449.5   0.14355
   6457.5   0.14318
   6465.6   0.14281
   6473.6   0.14250
   6481.7   0.14218
   6489.8   0.14194
   6498.0   0.14158
   6506.1   0.14094
   6514.3   0.14045
   6522.5   0.14011
   6530.7   0.13966
   6539.0   0.13922
   6547.2   0.13880
   6555.5   0.13837
   6563.8   0.13792
   6572.1   0.13755
   6580.4   0.13696
   6588.8   0.13627
   6597.2   0.13564
   6605.6   0.13498
   6614.0   0.13443
   6622.5   0.13402
   6630.9   0.13387
   6639.4   0.13381
   6647.9   0.13348
   6656.5   0.13312
   6665.0   0.13296
   6673.6   0.13285
   6682.2   0.13274
   6690.8   0.13246
   6699.5   0.13218
   6708.1   0.13202
   6716.8   0.13179
   6725.5   0.13145
   6734.3   0.13109
   6743.0   0.13068
   6751.8   0.13024
   6760.6   0.12980
   6769.4   0.12934
   6778.3   0.12887
   6787.1   0.12844
   6796.0   0.12788
   6805.0   0.12723
   6813.9   0.12671
   6822.9   0.12632
   6831.9   0.12592
   6840.9   0.12549
   6849.9   0.12518
   6859.0   0.12503
   6868.0   0.12478
   6877.2   0.12429
   6886.3   0.12392
   6895.5   0.12362
   6904.6   0.12334
   6913.8   0.12301
   6923.1   0.12265
   6932.3   0.12229
   6941.6   0.12190
   6950.9   0.12152
   6960.2   0.12115
   6969.6   0.12058
   6979.0   0.12001
   6988.4   0.11950
   6997.8   0.11897
   7007.3   0.11840
   7016.8   0.11786
   7026.3   0.11732
   7035.8   0.11679
   7045.4   0.11633
   7054.9   0.11573
   7064.5   0.11510
   7074.2   0.11455
   7083.9   0.11401
   7093.5   0.11347
   7103.3   0.11297
   7113.0   0.11247
   7122.8   0.11197
   7132.6   0.11142
   7142.4   0.11086
   7152.2   0.11029
   7162.1   0.10968
   7172.0   0.10903
   7182.0   0.10829
   7191.9   0.10750
   7201.9   0.10673
   7211.9   0.10590
   7222.0   0.10502
   7232.0   0.10416
   7242.1   0.10333
   7252.3   0.10250
   7262.4   0.10163
   7272.6   0.10075
   7282.8   0.09987
   7293.1   0.09896
   7303.3   0.09804
   7313.6   0.09710
   7324.0   0.09616
   7334.3   0.09519
   7344.7   0.09419
   7355.1   0.09315
   7365.6   0.09210
   7376.1   0.09099
   7386.6   0.08990
   7397.1   0.08883
   7407.7   0.08775
   7418.3   0.08661
   7428.9   0.08547
   7439.6   0.08433
   7450.2   0.08320
   7461.0   0.08207
   7471.7   0.08092
   7482.5   0.07974
   7493.3   0.07856
   7504.1   0.07737
   7515.0   0.07618
   7525.9   0.07500
   7536.9   0.07380
   7547.9   0.07258
   7558.9   0.07136
   7569.9   0.07015
   7581.0   0.06893
   7592.0   0.06772
   7603.2   0.06651
   7614.4   0.06530
   7625.5   0.06410
   7636.8   0.06285
   7648.0   0.06161
   7659.3   0.06034
   7670.7   0.05901
   7682.0   0.05765
   7693.4   0.05629
   7704.9   0.05492
   7716.3   0.05354
   7727.8   0.05212
   7739.4   0.05074
   7750.9   0.04937
   7762.5   0.04800
   7774.2   0.04657
   7785.8   0.04518
   7797.5   0.04380
   7809.3   0.04244
   7821.1   0.04101
   7832.9   0.03961
   7844.7   0.03823
   7856.6   0.03686
   7868.5   0.03545
   7880.5   0.03411
   7892.5   0.03278
   7904.5   0.03141
   7916.6   0.03006
   7928.7   0.02877
   7940.8   0.02751
   7953.0   0.02629
   7965.2   0.02506
   7977.5   0.02394
   7989.8   0.02286
   8002.1   0.02180
   8014.5   0.02075
   8026.9   0.01984
   8039.3   0.01897
   8051.8   0.01814
   8064.3   0.01736
   8076.9   0.01666
   8089.5   0.01599
   8102.1   0.01544
   8114.8   0.01495
   8127.5   0.01455
   8140.3   0.01421
   8153.1   0.01394
   8165.9   0.01375
   8178.8   0.01365
   8191.7   0.01365
   8204.7   0.01374
   8217.7   0.01392
   8230.7   0.01423
   8243.8   0.01455
   8257.0   0.01496
   8270.1   0.01543
   8283.3   0.01596
   8296.6   0.01649
   8309.9   0.01706
   8323.2   0.01760
   8336.6   0.01815
   8350.0   0.01864
   8363.5   0.01907
   8377.0   0.01946
   8390.5   0.01980
   8404.2   0.02014
   8417.8   0.02054
   8431.5   0.02089
   8445.2   0.02119
   8459.0   0.02140
   8472.8   0.02156
   8486.7   0.02166
   8500.6   0.02169
   8514.5   0.02170
   8528.5   0.02170
   8542.6   0.02170
   8556.7   0.02171
   8570.8   0.02164
   8585.0   0.02154
   8599.3   0.02142
   8613.5   0.02131
   8627.9   0.02118
   8642.3   0.02104
   8656.7   0.02090
   8671.2   0.02078
   8685.7   0.02071
   8700.3   0.02068
   8714.9   0.02064
   8729.5   0.02056
   8744.3   0.02048
   8759.0   0.02035
   8773.9   0.02021
   8788.7   0.02014
   8803.7   0.02004
   8818.6   0.01993
   8833.7   0.01983
   8848.7   0.01975
   8863.8   0.01967
   8879.0   0.01962
   8894.3   0.01957
   8909.5   0.01957
   8924.9   0.01959
   8940.3   0.01963
   8955.7   0.01965
   8971.2   0.01965
   8986.8   0.01967
   9002.3   0.01970
   9018.0   0.01968
   9033.7   0.01963
   9049.5   0.01953
   9065.3   0.01940
   9081.2   0.01924
   9097.1   0.01904
   9113.1   0.01880
   9129.1   0.01853
   9145.2   0.01822
   9161.4   0.01792
   9177.6   0.01769
   9193.9   0.01751
   9210.2   0.01737
   9226.6   0.01732
   9243.0   0.01734
   9259.5   0.01733
   9276.1   0.01729
   9292.7   0.01732
   9309.4   0.01733
   9326.2   0.01734
   9343.0   0.01734
   9359.8   0.01738
   9376.8   0.01749
   9393.8   0.01762
   9410.8   0.01772
   9427.9   0.01789
   9445.1   0.01812
   9462.3   0.01838
   9479.6   0.01865
   9497.0   0.01892
   9514.4   0.01923
   9531.9   0.01962
   9549.4   0.01994
   9567.0   0.02027
   9584.7   0.02057
   9602.5   0.02081
   9620.3   0.02097
   9638.2   0.02114
   9656.1   0.02126
   9674.2   0.02134
   9692.2   0.02134
   9710.4   0.02132
   9728.6   0.02133
   9746.9   0.02130
   9765.2   0.02127
   9783.7   0.02123
   9802.2   0.02113
   9820.7   0.02106
   9839.4   0.02096
   9858.1   0.02087
   9876.8   0.02083
   9895.7   0.02086
   9914.6   0.02084
   9933.6   0.02088
   9952.7   0.02098
   9971.8   0.02110
   9991.0   0.02124
  10010.3   0.02140
  10029.7   0.02154
  10049.1   0.02168
  10068.6   0.02190
  10088.2   0.02217
  10107.9   0.02238
  10127.6   0.02257
  10147.5   0.02273
  10167.3   0.02284
  10187.3   0.02294
  10207.4   0.02311
  10227.5   0.02334
  10247.7   0.02367
  10268.0   0.02408
  10288.4   0.02454
  10308.8   0.02504
  10329.4   0.02545
  10350.0   0.02582
  10370.7   0.02624
  10391.5   0.02663
  10412.3   0.02709
  10433.3   0.02749
  10454.3   0.02779
  10475.4   0.02807
  10496.7   0.02827
  10517.9   0.02846
  10539.3   0.02870
  10560.8   0.02888
  10582.3   0.02902
  10604.0   0.02914
  10625.7   0.02928
  10647.5   0.02937
  10669.4   0.02938
  10691.4   0.02943
  10713.5   0.02959
  10735.7   0.02980
  10758.0   0.02988
  10780.3   0.02984
  10802.8   0.02976
  10825.4   0.02964
  10848.0   0.02954
  10870.8   0.02936
  10893.6   0.02919
  10916.5   0.02897
  10939.5   0.02882
  10962.7   0.02878
  10985.9   0.02873
  11009.2   0.02866
  11032.7   0.02869
  11056.2   0.02864
  11079.8   0.02860
  11103.5   0.02860
  11127.4   0.02865
  11151.3   0.02875
  11175.3   0.02887
  11199.5   0.02896
  11223.7   0.02910
  11248.0   0.02932
  11272.5   0.02960
  11297.1   0.02992
  11321.7   0.03024
  11346.5   0.03061
  11371.4   0.03106
  11396.4   0.03154
  11421.5   0.03201
  11446.7   0.03240
  11472.0   0.03284
  11497.5   0.03327
  11523.0   0.03366
  11548.7   0.03400
  11574.4   0.03434
  11600.3   0.03466
  11626.3   0.03503
  11652.5   0.03543
  11678.7   0.03578
  11705.1   0.03610
  11731.6   0.03652
  11758.2   0.03695
  11784.9   0.03734
  11811.7   0.03763
  11838.7   0.03788
  11865.8   0.03820
  11893.0   0.03862
  11920.3   0.03901
  11947.8   0.03942
  11975.4   0.03982
  12003.1   0.04030
  12031.0   0.04093
  12059.0   0.04154
  12087.1   0.04209
  12115.3   0.04265
  12143.7   0.04321
  12172.2   0.04368
  12200.8   0.04400
  12229.6   0.04420
  12258.5   0.04436
  12287.6   0.04441
  12316.8   0.04436
  12346.1   0.04416
  12375.5   0.04376
  12405.2   0.04327
  12434.9   0.04262
  12464.8   0.04184
  12494.8   0.04091
  12525.0   0.03979
  12555.3   0.03871
  12585.8   0.03766
  12616.4   0.03647
  12647.2   0.03515
  12678.1   0.03374
  12709.2   0.03221
  12740.4   0.03047
  12771.8   0.02871
  12803.3   0.02706
  12835.0   0.02561
  12866.9   0.02443
  12898.9   0.02357
  12931.1   0.02300
  12963.4   0.02266
  12995.9   0.02234
  13028.5   0.02200
  13061.3   0.02164
  13094.3   0.02126
  13127.5   0.02094
  13160.8   0.02074
  13194.3   0.02063
  13228.0   0.02063
  13261.8   0.02083
  13295.8   0.02104
  13330.0   0.02119
  13364.3   0.02133
  13398.8   0.02137
  13433.6   0.02125
  13468.5   0.02098
  13503.5   0.02050
  13538.8   0.01996
  13574.2   0.01953
  13609.9   0.01917
  13645.7   0.01898
  13681.7   0.01897
  13717.9   0.01909
  13754.3   0.01922
  13790.8   0.01948
  13827.6   0.01991
  13864.6   0.02035
  13901.8   0.02075
  13939.2   0.02104
  13976.7   0.02121
  14014.5   0.02117
  14052.5   0.02091
  14090.7   0.02050
  14129.0   0.01994
  14167.6   0.01931
  14206.5   0.01865
  14245.5   0.01809
  14284.7   0.01761
  14324.2   0.01723
  14363.9   0.01694
  14403.8   0.01669
  14443.9   0.01646
  14484.3   0.01617
  14524.8   0.01588
  14565.6   0.01568
  14606.7   0.01544
  14647.9   0.01521
  14689.4   0.01506
  14731.2   0.01503
  14773.1   0.01501
  14815.3   0.01499
  14857.8   0.01498
  14900.5   0.01509
  14943.4   0.01533
  14986.6   0.01568
  15030.0   0.01602
  15073.7   0.01639
  15117.7   0.01682
  15161.9   0.01732
  15206.3   0.01773
  15251.1   0.01812
  15296.1   0.01850
  15341.3   0.01883
  15386.8   0.01906
  15432.6   0.01939
  15478.7   0.01965
  15525.0   0.01986
  15571.7   0.02006
  15618.6   0.02020
  15665.8   0.02022
  15713.2   0.02021
  15761.0   0.02031
  15809.0   0.02042
  15857.4   0.02050
  15906.0   0.02054
  15955.0   0.02061
  16004.2   0.02067
  16053.8   0.02062
  16103.6   0.02047
  16153.8   0.02025
  16204.3   0.02008
  16255.1   0.01995
  16306.2   0.01994
  16357.6   0.02003
  16409.4   0.02016
  16461.5   0.02045
  16513.9   0.02097
  16566.7   0.02139
  16619.8   0.02171
  16673.2   0.02182
  16727.0   0.02209
  16781.1   0.02264
  16835.6   0.02309
  16890.5   0.02364
  16945.7   0.02421
  17001.2   0.02450
  17057.2   0.02458
  17113.4   0.02446
  17170.1   0.02433
  17227.2   0.02415
  17284.6   0.02376
  17342.4   0.02337
  17400.6   0.02320
  17459.2   0.02316
  17518.2   0.02324
  17577.5   0.02333
  17637.3   0.02350
  17697.5   0.02371
  17758.1   0.02383
  17819.2   0.02384
  17880.6   0.02374
  17942.5   0.02372
  18004.8   0.02382
  18067.5   0.02404
  18130.7   0.02419
  18194.3   0.02437
  18258.4   0.02475
  18322.9   0.02500
  18387.9   0.02534
  18453.3   0.02589
  18519.2   0.02617
  18585.6   0.02633
  18652.4   0.02640
  18719.8   0.02637
  18787.6   0.02645
  18855.9   0.02653
  18924.7   0.02665
  18994.1   0.02673
  19063.9   0.02677
  19134.2   0.02681
  19205.1   0.02688
  19276.5   0.02714
  19348.4   0.02721
  19420.9   0.02714
  19493.9   0.02709
  19567.5   0.02721
  19641.6   0.02777
  19716.3   0.02811
  19791.5   0.02802
  19867.3   0.02779
  19943.8   0.02753
  20020.8   0.02683
  20098.4   0.02596
  20176.6   0.02532
  20255.4   0.02474
  20334.9   0.02400
  20414.9   0.02346
  20495.6   0.02332
  20576.9   0.02312
  20658.9   0.02304
  20741.6   0.02320
  20824.8   0.02358
  20908.8   0.02379
  20993.5   0.02383
  21078.8   0.02377
  21164.8   0.02358
  21251.6   0.02352
  21339.1   0.02355
  21427.2   0.02347
  21516.1   0.02338
  21605.8   0.02360
  21696.2   0.02360
  21787.3   0.02353
  21879.3   0.02340
  21972.0   0.02309
  22065.5   0.02279
  22159.8   0.02244
  22254.9   0.02234
  22350.8   0.02220
  22447.6   0.02178
  22545.2   0.02162
  22643.6   0.02146
  22742.9   0.02124
  22843.1   0.02150
  22944.2   0.02214
  23046.2   0.02279
  23149.1   0.02333
  23252.9   0.02385
  23357.6   0.02420
  23463.3   0.02439
  23569.9   0.02464
  23677.6   0.02482
  23786.2   0.02465
  23895.8   0.02474
  24006.4   0.02492
  24118.1   0.02494
  24230.8   0.02482
  24344.5   0.02496
  24459.3   0.02514
  24575.3   0.02530
  24692.3   0.02569
  24810.4   0.02581
  24929.7   0.02568
  25050.1   0.02565
  25171.7   0.02583
  25294.5   0.02634
  25418.5   0.02683
  25543.7   0.02705
  25670.2   0.02721
  25797.9   0.02750
  25926.9   0.02817
  26057.2   0.02860
  26188.8   0.02865
  26321.7   0.02884
  26456.0   0.02907
  26591.7   0.02936
  26728.8   0.02920
  26867.2   0.02907
  27007.2   0.02921
  27148.6   0.02909
  27291.5   0.02889
  27435.9   0.02891
  27581.8   0.02863
  27729.3   0.02817
  27878.4   0.02775
  28029.1   0.02788
  28181.4   0.02847
  28335.4   0.02891
  28491.1   0.02920
  28648.5   0.02972
  28807.7   0.03011
  28968.6   0.03014
  29131.3   0.03026
  29295.9   0.03079
  29462.4   0.03108
  29630.7   0.03126
  29801.0   0.03132
  29973.3   0.03123
  30147.5   0.03098
  30323.8   0.03057
  30502.2   0.03009
  30682.7   0.02949
  30865.3   0.02910
  31050.2   0.02895
  31237.2   0.02875
  31426.5   0.02857
  31618.2   0.02872
  31812.1   0.02870
  32008.5   0.02872
  32207.3   0.02896
  32408.6   0.02922
  32612.4   0.03011
  32818.8   0.03075
  33027.9   0.03140
  33239.6   0.03207
  33454.1   0.03260
  33671.3   0.03253
  33891.4   0.03251
  34114.3   0.03256
  34340.3   0.03191
  34569.2   0.03073
  34801.2   0.03016
  35036.3   0.03008
  35274.7   0.02990
  35516.3   0.03001
  35761.2   0.03066
  36009.6   0.03089
  36261.4   0.03046
  36516.7   0.03022
  36775.7   0.02980
  37038.4   0.02918
  37304.9   0.02896
  37575.2   0.02829
  37849.5   0.02700
  38127.8   0.02597
  38410.2   0.02541
  38696.8   0.02543
  38987.8   0.02564
  39283.2   0.02604
  39583.0   0.02613
  39887.5   0.02621
  40196.7   0.02653
  40510.8   0.02679
  40829.7   0.02791
  41153.8   0.02866
  41483.0   0.02892
  41817.6   0.02932
  42157.5   0.03029
  42503.1   0.03064
  42854.4   0.03091
  43211.5   0.03103
  43574.6   0.03031
  43943.9   0.03060
  44319.5   0.03069
  44701.5   0.03095
  45090.2   0.03151
  45485.8   0.03188
  45888.3   0.03200
  46298.0   0.03196
  46715.1   0.03154
  47139.8   0.03169
  47572.3   0.03244
  48012.8   0.03305
  48461.5   0.03377
  48918.6   0.03494
  49384.6   0.03590
  49859.4   0.03469
  50343.5   0.03404
  50837.0   0.03486
  51340.4   0.03562
  51853.8   0.03503
  52377.6   0.03504
  52912.0   0.03469
  53457.5   0.03469
  54014.4   0.03443
  54582.9   0.03498
  55163.6   0.03492
  55756.8   0.03431
  56362.8   0.03510
  56982.2   0.03532
  57615.3   0.03304
  58262.7   0.03214
  58924.7   0.03384
  59602.0   0.03459
  60295.1   0.03383
  61004.4   0.03393
  61730.7   0.03411
  62474.4   0.03417
  63236.3   0.03493
  64017.0   0.03616
  64817.2   0.03592
  65637.7   0.03562
  66479.2   0.03591
  67342.6   0.03645
  68228.6   0.03665
  69138.4   0.03581
  70072.7   0.03525
  71032.6   0.03685
  72019.1   0.03790
  73033.5   0.03821
  74076.8   0.03899
  75150.4   0.03994
  76255.5   0.03818
  77393.7   0.03870
  78566.3   0.04009
  79775.0   0.04030
  81021.5   0.03837
  82307.6   0.03953
  83635.1   0.04565
  85006.2   0.05021
  86423.0   0.04575
  87887.8   0.04224
  89403.0   0.04033
  90971.5   0.04243
  92596.0   0.04585
  94279.6   0.04447
  96025.5   0.04225
  97837.3   0.03536
  99718.8   0.04131



 BIR1LS139A          .ASC                        

 LS-GJT-139-A                                                            
 Apollo 61221,175 <25 um                                                 
 Connected at 3.65 & 19.8 um                                             

 Source Ang: 30.00   Detect Ang:  0.00  Volt: 1.222
 Date: 23-JUN-14   Time: 11:58:41
