  6171
    833.3   0.19496
    833.5   0.19447
    833.6   0.19286
    833.7   0.19290
    833.9   0.19402
    834.0   0.19437
    834.1   0.19456
    834.3   0.19429
    834.4   0.19285
    834.5   0.19206
    834.7   0.19310
    834.8   0.19395
    835.0   0.19518
    835.1   0.19620
    835.2   0.19618
    835.3   0.19360
    835.5   0.19162
    835.6   0.19177
    835.8   0.19331
    835.9   0.19414
    836.0   0.19473
    836.2   0.19467
    836.3   0.19457
    836.4   0.19471
    836.6   0.19301
    836.7   0.19248
    836.8   0.19390
    837.0   0.19554
    837.1   0.19518
    837.2   0.19479
    837.4   0.19435
    837.5   0.19254
    837.6   0.19230
    837.8   0.19337
    837.9   0.19385
    838.0   0.19376
    838.2   0.19314
    838.3   0.19315
    838.5   0.19464
    838.6   0.19436
    838.7   0.19282
    838.9   0.19291
    839.0   0.19270
    839.1   0.19410
    839.3   0.19407
    839.4   0.19242
    839.5   0.19288
    839.7   0.19265
    839.8   0.19281
    840.0   0.19238
    840.1   0.19180
    840.2   0.19156
    840.4   0.19228
    840.5   0.19215
    840.6   0.19168
    840.8   0.19293
    840.9   0.19471
    841.0   0.19431
    841.2   0.19404
    841.3   0.19452
    841.5   0.19451
    841.6   0.19413
    841.7   0.19372
    841.9   0.19321
    842.0   0.19293
    842.1   0.19255
    842.3   0.19388
    842.4   0.19518
    842.5   0.19373
    842.7   0.19286
    842.8   0.19266
    843.0   0.19298
    843.1   0.19374
    843.2   0.19385
    843.4   0.19323
    843.5   0.19301
    843.6   0.19222
    843.8   0.19176
    843.9   0.19239
    844.0   0.19392
    844.2   0.19387
    844.3   0.19241
    844.5   0.19258
    844.6   0.19359
    844.7   0.19417
    844.9   0.19239
    845.0   0.19100
    845.2   0.19071
    845.3   0.19221
    845.4   0.19291
    845.6   0.19279
    845.7   0.19202
    845.8   0.19168
    846.0   0.19200
    846.1   0.19241
    846.3   0.19324
    846.4   0.19219
    846.5   0.19122
    846.7   0.19186
    846.8   0.19153
    847.0   0.19062
    847.1   0.18999
    847.2   0.19133
    847.4   0.19211
    847.5   0.19223
    847.6   0.19247
    847.8   0.19188
    847.9   0.19074
    848.1   0.19094
    848.2   0.19137
    848.3   0.19173
    848.5   0.19206
    848.6   0.19175
    848.8   0.19209
    848.9   0.19301
    849.0   0.19227
    849.2   0.19183
    849.3   0.19163
    849.5   0.19205
    849.6   0.19220
    849.7   0.19121
    849.9   0.19012
    850.0   0.19063
    850.1   0.19120
    850.3   0.19094
    850.4   0.19138
    850.6   0.19184
    850.7   0.19242
    850.8   0.19245
    851.0   0.19162
    851.1   0.19123
    851.3   0.19156
    851.4   0.19121
    851.5   0.19074
    851.7   0.19079
    851.8   0.19104
    852.0   0.19090
    852.1   0.19055
    852.2   0.19025
    852.4   0.18971
    852.5   0.19030
    852.7   0.19185
    852.8   0.19252
    852.9   0.19264
    853.1   0.19273
    853.2   0.19304
    853.4   0.19298
    853.5   0.19135
    853.6   0.19098
    853.8   0.19225
    853.9   0.19191
    854.1   0.19088
    854.2   0.19083
    854.3   0.19129
    854.5   0.19184
    854.6   0.19095
    854.8   0.19027
    854.9   0.19049
    855.0   0.19083
    855.2   0.19123
    855.3   0.19167
    855.5   0.19113
    855.6   0.19022
    855.8   0.18944
    855.9   0.18890
    856.0   0.18930
    856.2   0.19067
    856.3   0.19148
    856.5   0.19044
    856.6   0.18979
    856.8   0.19065
    856.9   0.19175
    857.0   0.19146
    857.2   0.19125
    857.3   0.19134
    857.5   0.19133
    857.6   0.19020
    857.7   0.18967
    857.9   0.18962
    858.0   0.19053
    858.2   0.19101
    858.3   0.19009
    858.5   0.19063
    858.6   0.19142
    858.7   0.19054
    858.9   0.18960
    859.0   0.19001
    859.2   0.19057
    859.3   0.19132
    859.4   0.19169
    859.6   0.19047
    859.7   0.19030
    859.9   0.18946
    860.0   0.18970
    860.2   0.18991
    860.3   0.19013
    860.4   0.19034
    860.6   0.18935
    860.7   0.18891
    860.9   0.18972
    861.0   0.19001
    861.2   0.18955
    861.3   0.18961
    861.4   0.18988
    861.6   0.18939
    861.7   0.19017
    861.9   0.18995
    862.0   0.18951
    862.2   0.18984
    862.3   0.18969
    862.5   0.19089
    862.6   0.19168
    862.7   0.19134
    862.9   0.19104
    863.0   0.19029
    863.2   0.18946
    863.3   0.18889
    863.5   0.18870
    863.6   0.18965
    863.7   0.19000
    863.9   0.18990
    864.0   0.19027
    864.2   0.19105
    864.3   0.19031
    864.5   0.18979
    864.6   0.19060
    864.8   0.19079
    864.9   0.18988
    865.0   0.19008
    865.2   0.18980
    865.3   0.18892
    865.5   0.18955
    865.6   0.18991
    865.8   0.18980
    865.9   0.18934
    866.0   0.18918
    866.2   0.18893
    866.3   0.18856
    866.5   0.18801
    866.6   0.18869
    866.8   0.18912
    866.9   0.18950
    867.1   0.18940
    867.2   0.18928
    867.3   0.18905
    867.5   0.18917
    867.6   0.19026
    867.8   0.19013
    867.9   0.18922
    868.1   0.18879
    868.2   0.18923
    868.4   0.19004
    868.5   0.18945
    868.7   0.18775
    868.8   0.18753
    869.0   0.18755
    869.1   0.18754
    869.2   0.18870
    869.4   0.18886
    869.5   0.18908
    869.7   0.19012
    869.8   0.19027
    870.0   0.18922
    870.1   0.18895
    870.3   0.18916
    870.4   0.18849
    870.6   0.18805
    870.7   0.18863
    870.8   0.18948
    871.0   0.18934
    871.1   0.18801
    871.3   0.18761
    871.4   0.18868
    871.6   0.18937
    871.7   0.18885
    871.9   0.18936
    872.0   0.18903
    872.2   0.18780
    872.3   0.18708
    872.5   0.18857
    872.6   0.18932
    872.8   0.18878
    872.9   0.18842
    873.0   0.18785
    873.2   0.18734
    873.3   0.18795
    873.5   0.18856
    873.6   0.18881
    873.8   0.18876
    873.9   0.18831
    874.1   0.18790
    874.2   0.18802
    874.4   0.18851
    874.5   0.18811
    874.7   0.18733
    874.8   0.18786
    875.0   0.18843
    875.1   0.18807
    875.3   0.18829
    875.4   0.18824
    875.5   0.18798
    875.7   0.18765
    875.8   0.18789
    876.0   0.18776
    876.2   0.18726
    876.3   0.18700
    876.4   0.18663
    876.6   0.18722
    876.7   0.18732
    876.9   0.18700
    877.0   0.18723
    877.2   0.18799
    877.3   0.18808
    877.5   0.18734
    877.6   0.18648
    877.8   0.18606
    877.9   0.18671
    878.1   0.18762
    878.2   0.18745
    878.4   0.18677
    878.5   0.18740
    878.7   0.18894
    878.8   0.18870
    879.0   0.18758
    879.1   0.18721
    879.3   0.18749
    879.4   0.18798
    879.6   0.18812
    879.7   0.18764
    879.9   0.18790
    880.0   0.18771
    880.2   0.18709
    880.3   0.18684
    880.5   0.18670
    880.6   0.18685
    880.8   0.18685
    880.9   0.18720
    881.1   0.18722
    881.2   0.18628
    881.4   0.18635
    881.5   0.18751
    881.7   0.18728
    881.8   0.18628
    882.0   0.18607
    882.1   0.18682
    882.3   0.18741
    882.4   0.18730
    882.6   0.18635
    882.7   0.18662
    882.9   0.18735
    883.0   0.18734
    883.2   0.18618
    883.3   0.18566
    883.5   0.18673
    883.6   0.18684
    883.8   0.18636
    883.9   0.18584
    884.1   0.18607
    884.2   0.18672
    884.4   0.18707
    884.5   0.18672
    884.7   0.18679
    884.8   0.18716
    885.0   0.18696
    885.1   0.18638
    885.3   0.18637
    885.4   0.18682
    885.6   0.18708
    885.7   0.18692
    885.9   0.18689
    886.0   0.18635
    886.2   0.18618
    886.3   0.18709
    886.5   0.18749
    886.6   0.18746
    886.8   0.18712
    886.9   0.18674
    887.1   0.18639
    887.2   0.18658
    887.4   0.18720
    887.5   0.18765
    887.7   0.18756
    887.8   0.18712
    888.0   0.18688
    888.2   0.18638
    888.3   0.18576
    888.5   0.18525
    888.6   0.18567
    888.8   0.18605
    888.9   0.18572
    889.1   0.18522
    889.2   0.18565
    889.4   0.18617
    889.5   0.18637
    889.7   0.18598
    889.8   0.18515
    890.0   0.18533
    890.1   0.18579
    890.3   0.18603
    890.4   0.18631
    890.6   0.18647
    890.8   0.18645
    890.9   0.18632
    891.0   0.18620
    891.2   0.18567
    891.4   0.18563
    891.5   0.18584
    891.7   0.18602
    891.8   0.18607
    892.0   0.18635
    892.1   0.18652
    892.3   0.18542
    892.4   0.18450
    892.6   0.18493
    892.7   0.18539
    892.9   0.18567
    893.0   0.18564
    893.2   0.18531
    893.4   0.18544
    893.5   0.18548
    893.7   0.18541
    893.8   0.18569
    894.0   0.18589
    894.1   0.18596
    894.3   0.18623
    894.4   0.18617
    894.6   0.18567
    894.7   0.18543
    894.9   0.18542
    895.0   0.18526
    895.2   0.18572
    895.4   0.18600
    895.5   0.18634
    895.7   0.18638
    895.8   0.18601
    896.0   0.18591
    896.1   0.18575
    896.3   0.18567
    896.4   0.18539
    896.6   0.18505
    896.8   0.18582
    896.9   0.18561
    897.1   0.18428
    897.2   0.18410
    897.4   0.18515
    897.5   0.18570
    897.7   0.18558
    897.8   0.18543
    898.0   0.18498
    898.2   0.18462
    898.3   0.18479
    898.5   0.18526
    898.6   0.18528
    898.8   0.18502
    898.9   0.18528
    899.1   0.18515
    899.2   0.18440
    899.4   0.18462
    899.6   0.18517
    899.7   0.18479
    899.9   0.18501
    900.0   0.18541
    900.2   0.18527
    900.3   0.18457
    900.5   0.18405
    900.7   0.18393
    900.8   0.18444
    901.0   0.18498
    901.1   0.18519
    901.3   0.18451
    901.4   0.18440
    901.6   0.18520
    901.8   0.18523
    901.9   0.18502
    902.1   0.18500
    902.2   0.18498
    902.4   0.18510
    902.5   0.18503
    902.7   0.18442
    902.8   0.18435
    903.0   0.18481
    903.2   0.18503
    903.3   0.18454
    903.5   0.18439
    903.6   0.18463
    903.8   0.18490
    904.0   0.18479
    904.1   0.18464
    904.3   0.18492
    904.4   0.18524
    904.6   0.18561
    904.7   0.18498
    904.9   0.18441
    905.0   0.18428
    905.2   0.18385
    905.4   0.18385
    905.5   0.18427
    905.7   0.18443
    905.8   0.18470
    906.0   0.18429
    906.2   0.18387
    906.3   0.18417
    906.5   0.18452
    906.6   0.18437
    906.8   0.18431
    907.0   0.18479
    907.1   0.18435
    907.3   0.18389
    907.4   0.18391
    907.6   0.18407
    907.7   0.18443
    907.9   0.18492
    908.1   0.18481
    908.2   0.18485
    908.4   0.18466
    908.5   0.18438
    908.7   0.18418
    908.9   0.18390
    909.0   0.18351
    909.2   0.18389
    909.3   0.18467
    909.5   0.18413
    909.7   0.18373
    909.8   0.18452
    910.0   0.18417
    910.1   0.18392
    910.3   0.18391
    910.5   0.18374
    910.6   0.18420
    910.8   0.18424
    910.9   0.18418
    911.1   0.18408
    911.3   0.18399
    911.4   0.18383
    911.6   0.18382
    911.7   0.18443
    911.9   0.18493
    912.1   0.18456
    912.2   0.18411
    912.4   0.18403
    912.5   0.18445
    912.7   0.18408
    912.9   0.18307
    913.0   0.18320
    913.2   0.18386
    913.3   0.18397
    913.5   0.18393
    913.7   0.18392
    913.8   0.18396
    914.0   0.18396
    914.2   0.18413
    914.3   0.18435
    914.5   0.18412
    914.6   0.18379
    914.8   0.18375
    915.0   0.18386
    915.1   0.18382
    915.3   0.18357
    915.4   0.18421
    915.6   0.18435
    915.8   0.18392
    915.9   0.18395
    916.1   0.18395
    916.3   0.18394
    916.4   0.18334
    916.6   0.18299
    916.7   0.18352
    916.9   0.18387
    917.1   0.18405
    917.2   0.18396
    917.4   0.18320
    917.5   0.18273
    917.7   0.18339
    917.9   0.18407
    918.0   0.18442
    918.2   0.18420
    918.4   0.18358
    918.5   0.18342
    918.7   0.18334
    918.8   0.18290
    919.0   0.18311
    919.2   0.18364
    919.3   0.18381
    919.5   0.18351
    919.7   0.18352
    919.8   0.18369
    920.0   0.18335
    920.2   0.18348
    920.3   0.18381
    920.5   0.18341
    920.6   0.18309
    920.8   0.18287
    921.0   0.18332
    921.1   0.18364
    921.3   0.18372
    921.5   0.18362
    921.6   0.18337
    921.8   0.18328
    922.0   0.18364
    922.1   0.18383
    922.3   0.18329
    922.4   0.18329
    922.6   0.18364
    922.8   0.18374
    922.9   0.18362
    923.1   0.18379
    923.3   0.18356
    923.4   0.18318
    923.6   0.18308
    923.8   0.18315
    923.9   0.18364
    924.1   0.18404
    924.3   0.18343
    924.4   0.18291
    924.6   0.18289
    924.7   0.18313
    924.9   0.18331
    925.1   0.18334
    925.2   0.18346
    925.4   0.18309
    925.6   0.18256
    925.7   0.18254
    925.9   0.18303
    926.1   0.18329
    926.2   0.18344
    926.4   0.18350
    926.6   0.18306
    926.7   0.18317
    926.9   0.18385
    927.1   0.18401
    927.2   0.18343
    927.4   0.18311
    927.6   0.18357
    927.7   0.18362
    927.9   0.18328
    928.0   0.18339
    928.2   0.18352
    928.4   0.18369
    928.5   0.18337
    928.7   0.18283
    928.9   0.18274
    929.0   0.18296
    929.2   0.18272
    929.4   0.18254
    929.5   0.18266
    929.7   0.18317
    929.9   0.18325
    930.0   0.18313
    930.2   0.18333
    930.4   0.18335
    930.5   0.18313
    930.7   0.18314
    930.9   0.18313
    931.0   0.18317
    931.2   0.18317
    931.4   0.18291
    931.6   0.18286
    931.7   0.18354
    931.9   0.18410
    932.1   0.18389
    932.2   0.18331
    932.4   0.18325
    932.6   0.18332
    932.7   0.18314
    932.9   0.18329
    933.1   0.18364
    933.2   0.18339
    933.4   0.18327
    933.6   0.18333
    933.7   0.18319
    933.9   0.18329
    934.1   0.18306
    934.2   0.18307
    934.4   0.18354
    934.6   0.18365
    934.8   0.18341
    934.9   0.18331
    935.1   0.18317
    935.3   0.18277
    935.4   0.18279
    935.6   0.18306
    935.8   0.18326
    935.9   0.18300
    936.1   0.18286
    936.3   0.18273
    936.4   0.18265
    936.6   0.18293
    936.8   0.18301
    936.9   0.18268
    937.1   0.18266
    937.3   0.18263
    937.5   0.18274
    937.6   0.18286
    937.8   0.18302
    938.0   0.18319
    938.1   0.18312
    938.3   0.18302
    938.5   0.18301
    938.6   0.18320
    938.8   0.18311
    939.0   0.18298
    939.2   0.18295
    939.3   0.18321
    939.5   0.18300
    939.7   0.18263
    939.8   0.18240
    940.0   0.18250
    940.2   0.18265
    940.3   0.18310
    940.5   0.18329
    940.7   0.18321
    940.8   0.18293
    941.0   0.18282
    941.2   0.18282
    941.4   0.18296
    941.5   0.18315
    941.7   0.18318
    941.9   0.18311
    942.0   0.18342
    942.2   0.18354
    942.4   0.18335
    942.6   0.18331
    942.7   0.18319
    942.9   0.18300
    943.1   0.18275
    943.3   0.18306
    943.4   0.18325
    943.6   0.18316
    943.8   0.18336
    943.9   0.18326
    944.1   0.18310
    944.3   0.18296
    944.5   0.18308
    944.6   0.18321
    944.8   0.18328
    945.0   0.18302
    945.1   0.18270
    945.3   0.18306
    945.5   0.18309
    945.7   0.18307
    945.8   0.18295
    946.0   0.18306
    946.2   0.18323
    946.3   0.18310
    946.5   0.18318
    946.7   0.18325
    946.9   0.18311
    947.0   0.18322
    947.2   0.18336
    947.4   0.18334
    947.6   0.18342
    947.7   0.18306
    947.9   0.18283
    948.1   0.18307
    948.3   0.18315
    948.4   0.18301
    948.6   0.18271
    948.8   0.18258
    949.0   0.18290
    949.1   0.18334
    949.3   0.18366
    949.5   0.18352
    949.6   0.18340
    949.8   0.18315
    950.0   0.18276
    950.2   0.18296
    950.3   0.18335
    950.5   0.18303
    950.7   0.18278
    950.9   0.18310
    951.0   0.18305
    951.2   0.18322
    951.4   0.18364
    951.6   0.18366
    951.7   0.18322
    951.9   0.18294
    952.1   0.18313
    952.3   0.18336
    952.4   0.18312
    952.6   0.18280
    952.8   0.18279
    953.0   0.18307
    953.1   0.18304
    953.3   0.18316
    953.5   0.18359
    953.7   0.18349
    953.8   0.18297
    954.0   0.18281
    954.2   0.18288
    954.4   0.18291
    954.5   0.18304
    954.7   0.18316
    954.9   0.18333
    955.1   0.18344
    955.2   0.18358
    955.4   0.18340
    955.6   0.18310
    955.8   0.18321
    956.0   0.18345
    956.1   0.18349
    956.3   0.18329
    956.5   0.18345
    956.7   0.18350
    956.8   0.18338
    957.0   0.18340
    957.2   0.18365
    957.4   0.18345
    957.5   0.18326
    957.7   0.18328
    957.9   0.18310
    958.1   0.18307
    958.2   0.18311
    958.4   0.18351
    958.6   0.18389
    958.8   0.18360
    959.0   0.18331
    959.1   0.18342
    959.3   0.18351
    959.5   0.18355
    959.7   0.18381
    959.8   0.18373
    960.0   0.18338
    960.2   0.18330
    960.4   0.18359
    960.5   0.18342
    960.7   0.18338
    960.9   0.18343
    961.1   0.18337
    961.3   0.18357
    961.4   0.18354
    961.6   0.18343
    961.8   0.18354
    962.0   0.18367
    962.2   0.18376
    962.3   0.18363
    962.5   0.18369
    962.7   0.18372
    962.9   0.18358
    963.0   0.18356
    963.2   0.18382
    963.4   0.18395
    963.6   0.18372
    963.8   0.18357
    963.9   0.18380
    964.1   0.18379
    964.3   0.18358
    964.5   0.18384
    964.7   0.18380
    964.8   0.18368
    965.0   0.18355
    965.2   0.18336
    965.4   0.18380
    965.6   0.18429
    965.7   0.18434
    965.9   0.18413
    966.1   0.18404
    966.3   0.18399
    966.5   0.18392
    966.6   0.18383
    966.8   0.18353
    967.0   0.18340
    967.2   0.18369
    967.4   0.18397
    967.5   0.18393
    967.7   0.18402
    967.9   0.18406
    968.1   0.18385
    968.3   0.18372
    968.4   0.18391
    968.6   0.18389
    968.8   0.18395
    969.0   0.18410
    969.2   0.18411
    969.3   0.18395
    969.5   0.18385
    969.7   0.18400
    969.9   0.18391
    970.1   0.18402
    970.3   0.18428
    970.4   0.18430
    970.6   0.18423
    970.8   0.18407
    971.0   0.18397
    971.2   0.18427
    971.3   0.18433
    971.5   0.18408
    971.7   0.18398
    971.9   0.18410
    972.1   0.18428
    972.3   0.18418
    972.4   0.18406
    972.6   0.18413
    972.8   0.18409
    973.0   0.18409
    973.2   0.18399
    973.3   0.18399
    973.5   0.18418
    973.7   0.18420
    973.9   0.18406
    974.1   0.18429
    974.3   0.18439
    974.5   0.18427
    974.6   0.18417
    974.8   0.18440
    975.0   0.18444
    975.2   0.18436
    975.4   0.18443
    975.5   0.18430
    975.7   0.18432
    975.9   0.18438
    976.1   0.18439
    976.3   0.18463
    976.5   0.18492
    976.7   0.18490
    976.8   0.18479
    977.0   0.18460
    977.2   0.18444
    977.4   0.18432
    977.6   0.18422
    977.8   0.18432
    977.9   0.18421
    978.1   0.18405
    978.3   0.18398
    978.5   0.18420
    978.7   0.18467
    978.9   0.18483
    979.0   0.18482
    979.2   0.18496
    979.4   0.18478
    979.6   0.18460
    979.8   0.18471
    980.0   0.18491
    980.2   0.18467
    980.3   0.18451
    980.5   0.18476
    980.7   0.18487
    980.9   0.18482
    981.1   0.18485
    981.3   0.18509
    981.5   0.18506
    981.7   0.18477
    981.8   0.18476
    982.0   0.18487
    982.2   0.18489
    982.4   0.18499
    982.6   0.18534
    982.8   0.18547
    983.0   0.18520
    983.1   0.18535
    983.3   0.18531
    983.5   0.18513
    983.7   0.18516
    983.9   0.18511
    984.1   0.18504
    984.3   0.18504
    984.4   0.18498
    984.6   0.18512
    984.8   0.18506
    985.0   0.18522
    985.2   0.18545
    985.4   0.18548
    985.6   0.18548
    985.8   0.18517
    985.9   0.18508
    986.1   0.18517
    986.3   0.18512
    986.5   0.18517
    986.7   0.18531
    986.9   0.18532
    987.1   0.18523
    987.3   0.18505
    987.4   0.18515
    987.6   0.18527
    987.8   0.18517
    988.0   0.18519
    988.2   0.18539
    988.4   0.18566
    988.6   0.18563
    988.8   0.18555
    989.0   0.18540
    989.1   0.18523
    989.3   0.18550
    989.5   0.18590
    989.7   0.18572
    989.9   0.18522
    990.1   0.18507
    990.3   0.18529
    990.5   0.18554
    990.7   0.18580
    990.8   0.18576
    991.0   0.18580
    991.2   0.18595
    991.4   0.18577
    991.6   0.18563
    991.8   0.18573
    992.0   0.18588
    992.2   0.18594
    992.4   0.18593
    992.5   0.18578
    992.7   0.18579
    992.9   0.18582
    993.1   0.18586
    993.3   0.18594
    993.5   0.18575
    993.7   0.18561
    993.9   0.18579
    994.1   0.18605
    994.3   0.18606
    994.5   0.18604
    994.6   0.18599
    994.8   0.18581
    995.0   0.18598
    995.2   0.18616
    995.4   0.18604
    995.6   0.18594
    995.8   0.18603
    996.0   0.18607
    996.2   0.18598
    996.4   0.18598
    996.5   0.18623
    996.7   0.18652
    996.9   0.18643
    997.1   0.18629
    997.3   0.18636
    997.5   0.18636
    997.7   0.18604
    997.9   0.18590
    998.1   0.18620
    998.3   0.18636
    998.5   0.18635
    998.7   0.18667
    998.9   0.18679
    999.0   0.18660
    999.2   0.18647
    999.4   0.18644
    999.6   0.18640
    999.8   0.18627
   1000.0   0.18639
   1000.2   0.18644
   1000.4   0.18655
   1000.6   0.18650
   1000.8   0.18645
   1001.0   0.18660
   1001.2   0.18640
   1001.4   0.18635
   1001.6   0.18651
   1001.8   0.18654
   1001.9   0.18652
   1002.1   0.18658
   1002.3   0.18677
   1002.5   0.18674
   1002.7   0.18678
   1002.9   0.18689
   1003.1   0.18675
   1003.3   0.18670
   1003.5   0.18676
   1003.7   0.18681
   1003.9   0.18686
   1004.1   0.18697
   1004.3   0.18701
   1004.5   0.18687
   1004.7   0.18678
   1004.9   0.18689
   1005.0   0.18692
   1005.3   0.18716
   1005.4   0.18732
   1005.6   0.18744
   1005.8   0.18736
   1006.0   0.18721
   1006.2   0.18716
   1006.4   0.18712
   1006.6   0.18714
   1006.8   0.18709
   1007.0   0.18703
   1007.2   0.18697
   1007.4   0.18696
   1007.6   0.18696
   1007.8   0.18710
   1008.0   0.18734
   1008.2   0.18759
   1008.4   0.18758
   1008.6   0.18741
   1008.8   0.18725
   1009.0   0.18732
   1009.2   0.18739
   1009.4   0.18730
   1009.5   0.18744
   1009.8   0.18762
   1010.0   0.18748
   1010.1   0.18736
   1010.3   0.18752
   1010.5   0.18755
   1010.7   0.18751
   1010.9   0.18768
   1011.1   0.18769
   1011.3   0.18760
   1011.5   0.18761
   1011.7   0.18780
   1011.9   0.18776
   1012.1   0.18749
   1012.3   0.18750
   1012.5   0.18782
   1012.7   0.18790
   1012.9   0.18780
   1013.1   0.18788
   1013.3   0.18785
   1013.5   0.18788
   1013.7   0.18808
   1013.9   0.18799
   1014.1   0.18777
   1014.3   0.18802
   1014.5   0.18818
   1014.7   0.18824
   1014.9   0.18820
   1015.1   0.18807
   1015.3   0.18824
   1015.5   0.18827
   1015.7   0.18807
   1015.9   0.18827
   1016.1   0.18838
   1016.3   0.18806
   1016.5   0.18792
   1016.7   0.18832
   1016.9   0.18861
   1017.1   0.18858
   1017.3   0.18833
   1017.5   0.18806
   1017.7   0.18815
   1017.9   0.18834
   1018.1   0.18823
   1018.3   0.18815
   1018.5   0.18822
   1018.7   0.18817
   1018.9   0.18842
   1019.1   0.18867
   1019.3   0.18851
   1019.5   0.18856
   1019.7   0.18878
   1019.9   0.18869
   1020.1   0.18849
   1020.3   0.18857
   1020.5   0.18850
   1020.7   0.18855
   1020.9   0.18882
   1021.1   0.18884
   1021.3   0.18881
   1021.5   0.18877
   1021.7   0.18901
   1021.9   0.18894
   1022.1   0.18868
   1022.3   0.18852
   1022.5   0.18879
   1022.7   0.18904
   1022.9   0.18886
   1023.1   0.18879
   1023.3   0.18888
   1023.5   0.18887
   1023.7   0.18893
   1023.9   0.18905
   1024.1   0.18887
   1024.3   0.18898
   1024.5   0.18918
   1024.7   0.18918
   1024.9   0.18900
   1025.1   0.18899
   1025.3   0.18903
   1025.5   0.18901
   1025.7   0.18916
   1025.9   0.18923
   1026.1   0.18932
   1026.3   0.18943
   1026.5   0.18932
   1026.8   0.18941
   1026.9   0.18955
   1027.2   0.18948
   1027.4   0.18941
   1027.6   0.18939
   1027.8   0.18947
   1028.0   0.18950
   1028.2   0.18953
   1028.4   0.18949
   1028.6   0.18950
   1028.8   0.18951
   1029.0   0.18941
   1029.2   0.18931
   1029.4   0.18954
   1029.6   0.18963
   1029.8   0.18965
   1030.0   0.18964
   1030.2   0.18967
   1030.4   0.18961
   1030.6   0.18975
   1030.8   0.18988
   1031.0   0.18967
   1031.2   0.18971
   1031.4   0.18981
   1031.7   0.18972
   1031.8   0.18966
   1032.1   0.18971
   1032.3   0.18976
   1032.5   0.18995
   1032.7   0.18998
   1032.9   0.18990
   1033.1   0.18995
   1033.3   0.19004
   1033.5   0.19009
   1033.7   0.19007
   1033.9   0.19011
   1034.1   0.19020
   1034.3   0.19004
   1034.5   0.19001
   1034.7   0.19019
   1034.9   0.19043
   1035.2   0.19040
   1035.4   0.19019
   1035.6   0.19019
   1035.8   0.19017
   1036.0   0.19008
   1036.2   0.19001
   1036.4   0.19004
   1036.6   0.19014
   1036.8   0.19040
   1037.0   0.19054
   1037.2   0.19059
   1037.4   0.19075
   1037.6   0.19073
   1037.8   0.19057
   1038.1   0.19053
   1038.3   0.19072
   1038.5   0.19068
   1038.7   0.19047
   1038.9   0.19048
   1039.1   0.19043
   1039.3   0.19043
   1039.5   0.19051
   1039.7   0.19062
   1039.9   0.19080
   1040.1   0.19084
   1040.3   0.19072
   1040.6   0.19086
   1040.8   0.19097
   1041.0   0.19088
   1041.2   0.19090
   1041.4   0.19112
   1041.6   0.19125
   1041.8   0.19101
   1042.0   0.19092
   1042.2   0.19105
   1042.4   0.19112
   1042.6   0.19104
   1042.8   0.19098
   1043.1   0.19102
   1043.3   0.19120
   1043.5   0.19129
   1043.7   0.19142
   1043.9   0.19149
   1044.1   0.19148
   1044.3   0.19143
   1044.5   0.19129
   1044.8   0.19130
   1045.0   0.19130
   1045.2   0.19139
   1045.4   0.19145
   1045.6   0.19134
   1045.8   0.19147
   1046.0   0.19152
   1046.2   0.19144
   1046.4   0.19147
   1046.6   0.19162
   1046.9   0.19167
   1047.1   0.19165
   1047.3   0.19167
   1047.5   0.19173
   1047.7   0.19173
   1047.9   0.19179
   1048.1   0.19179
   1048.3   0.19170
   1048.6   0.19181
   1048.8   0.19187
   1049.0   0.19177
   1049.2   0.19171
   1049.4   0.19185
   1049.6   0.19194
   1049.8   0.19177
   1050.0   0.19171
   1050.3   0.19184
   1050.5   0.19196
   1050.7   0.19198
   1050.9   0.19190
   1051.1   0.19206
   1051.3   0.19214
   1051.5   0.19204
   1051.7   0.19214
   1051.9   0.19233
   1052.2   0.19232
   1052.4   0.19213
   1052.6   0.19203
   1052.8   0.19207
   1053.0   0.19211
   1053.2   0.19208
   1053.4   0.19220
   1053.7   0.19240
   1053.9   0.19244
   1054.1   0.19249
   1054.3   0.19256
   1054.5   0.19253
   1054.7   0.19230
   1054.9   0.19242
   1055.2   0.19274
   1055.4   0.19269
   1055.6   0.19241
   1055.8   0.19255
   1056.0   0.19272
   1056.2   0.19261
   1056.4   0.19254
   1056.7   0.19268
   1056.9   0.19261
   1057.1   0.19247
   1057.3   0.19256
   1057.5   0.19268
   1057.8   0.19287
   1058.0   0.19291
   1058.2   0.19282
   1058.4   0.19280
   1058.6   0.19274
   1058.8   0.19283
   1059.0   0.19307
   1059.3   0.19310
   1059.5   0.19314
   1059.7   0.19315
   1059.9   0.19301
   1060.1   0.19306
   1060.3   0.19322
   1060.6   0.19316
   1060.8   0.19320
   1061.0   0.19339
   1061.2   0.19329
   1061.4   0.19328
   1061.7   0.19327
   1061.9   0.19323
   1062.1   0.19327
   1062.3   0.19336
   1062.5   0.19347
   1062.7   0.19333
   1062.9   0.19335
   1063.2   0.19353
   1063.4   0.19365
   1063.6   0.19372
   1063.8   0.19358
   1064.0   0.19349
   1064.3   0.19343
   1064.5   0.19345
   1064.7   0.19364
   1064.9   0.19376
   1065.1   0.19387
   1065.3   0.19400
   1065.6   0.19384
   1065.8   0.19376
   1066.0   0.19384
   1066.2   0.19386
   1066.4   0.19391
   1066.7   0.19405
   1066.9   0.19407
   1067.1   0.19391
   1067.3   0.19380
   1067.6   0.19388
   1067.8   0.19398
   1068.0   0.19413
   1068.2   0.19416
   1068.4   0.19409
   1068.7   0.19414
   1068.9   0.19419
   1069.1   0.19429
   1069.3   0.19444
   1069.5   0.19442
   1069.8   0.19439
   1070.0   0.19422
   1070.2   0.19411
   1070.4   0.19412
   1070.6   0.19422
   1070.8   0.19431
   1071.1   0.19437
   1071.3   0.19440
   1071.5   0.19452
   1071.7   0.19455
   1072.0   0.19445
   1072.2   0.19438
   1072.4   0.19449
   1072.6   0.19443
   1072.8   0.19443
   1073.1   0.19463
   1073.3   0.19471
   1073.5   0.19479
   1073.7   0.19481
   1074.0   0.19484
   1074.2   0.19488
   1074.4   0.19477
   1074.6   0.19489
   1074.8   0.19508
   1075.1   0.19495
   1075.3   0.19477
   1075.5   0.19484
   1075.7   0.19489
   1076.0   0.19487
   1076.2   0.19495
   1076.4   0.19503
   1076.6   0.19503
   1076.9   0.19505
   1077.1   0.19521
   1077.3   0.19524
   1077.5   0.19524
   1077.8   0.19519
   1078.0   0.19525
   1078.2   0.19551
   1078.4   0.19549
   1078.7   0.19519
   1078.9   0.19519
   1079.1   0.19543
   1079.3   0.19560
   1079.6   0.19557
   1079.8   0.19551
   1080.0   0.19551
   1080.2   0.19549
   1080.4   0.19543
   1080.7   0.19543
   1080.9   0.19552
   1081.1   0.19560
   1081.3   0.19574
   1081.6   0.19578
   1081.8   0.19573
   1082.0   0.19580
   1082.3   0.19583
   1082.5   0.19585
   1082.7   0.19574
   1082.9   0.19578
   1083.2   0.19578
   1083.4   0.19580
   1083.6   0.19585
   1083.8   0.19586
   1084.1   0.19581
   1084.3   0.19602
   1084.5   0.19604
   1084.8   0.19587
   1085.0   0.19596
   1085.2   0.19618
   1085.4   0.19617
   1085.7   0.19627
   1085.9   0.19639
   1086.1   0.19628
   1086.3   0.19630
   1086.6   0.19632
   1086.8   0.19632
   1087.0   0.19640
   1087.3   0.19645
   1087.5   0.19643
   1087.7   0.19631
   1087.9   0.19635
   1088.2   0.19640
   1088.4   0.19653
   1088.6   0.19664
   1088.8   0.19665
   1089.1   0.19666
   1089.3   0.19674
   1089.5   0.19686
   1089.8   0.19679
   1090.0   0.19663
   1090.2   0.19665
   1090.4   0.19674
   1090.7   0.19683
   1090.9   0.19697
   1091.1   0.19691
   1091.4   0.19675
   1091.6   0.19684
   1091.8   0.19694
   1092.1   0.19700
   1092.3   0.19691
   1092.5   0.19680
   1092.8   0.19689
   1093.0   0.19695
   1093.2   0.19699
   1093.4   0.19705
   1093.7   0.19710
   1093.9   0.19718
   1094.1   0.19707
   1094.4   0.19700
   1094.6   0.19706
   1094.8   0.19717
   1095.1   0.19730
   1095.3   0.19735
   1095.5   0.19731
   1095.8   0.19729
   1096.0   0.19735
   1096.2   0.19738
   1096.4   0.19745
   1096.7   0.19750
   1096.9   0.19752
   1097.1   0.19753
   1097.4   0.19758
   1097.6   0.19759
   1097.8   0.19750
   1098.1   0.19752
   1098.3   0.19767
   1098.5   0.19764
   1098.8   0.19766
   1099.0   0.19772
   1099.2   0.19782
   1099.5   0.19773
   1099.7   0.19773
   1099.9   0.19782
   1100.2   0.19790
   1100.4   0.19794
   1100.6   0.19798
   1100.9   0.19797
   1101.1   0.19800
   1101.3   0.19789
   1101.6   0.19786
   1101.8   0.19794
   1102.0   0.19793
   1102.3   0.19798
   1102.5   0.19817
   1102.7   0.19813
   1103.0   0.19806
   1103.2   0.19808
   1103.4   0.19815
   1103.7   0.19810
   1103.9   0.19821
   1104.2   0.19824
   1104.4   0.19826
   1104.6   0.19835
   1104.9   0.19833
   1105.1   0.19830
   1105.3   0.19832
   1105.6   0.19838
   1105.8   0.19847
   1106.0   0.19864
   1106.3   0.19860
   1106.5   0.19855
   1106.7   0.19864
   1107.0   0.19857
   1107.2   0.19848
   1107.4   0.19855
   1107.7   0.19856
   1107.9   0.19866
   1108.2   0.19884
   1108.4   0.19883
   1108.6   0.19871
   1108.9   0.19872
   1109.1   0.19883
   1109.3   0.19887
   1109.6   0.19886
   1109.8   0.19876
   1110.1   0.19884
   1110.3   0.19906
   1110.5   0.19896
   1110.8   0.19879
   1111.0   0.19887
   1111.3   0.19895
   1111.5   0.19906
   1111.7   0.19915
   1112.0   0.19906
   1112.2   0.19906
   1112.4   0.19912
   1112.7   0.19919
   1112.9   0.19929
   1113.2   0.19927
   1113.4   0.19926
   1113.6   0.19926
   1113.9   0.19930
   1114.1   0.19936
   1114.3   0.19943
   1114.6   0.19951
   1114.8   0.19954
   1115.1   0.19950
   1115.3   0.19940
   1115.6   0.19951
   1115.8   0.19960
   1116.0   0.19954
   1116.3   0.19956
   1116.5   0.19974
   1116.8   0.19978
   1117.0   0.19964
   1117.2   0.19966
   1117.5   0.19978
   1117.7   0.19972
   1118.0   0.19967
   1118.2   0.19968
   1118.4   0.19968
   1118.7   0.19970
   1118.9   0.19984
   1119.2   0.19989
   1119.4   0.19978
   1119.7   0.19971
   1119.9   0.19978
   1120.1   0.19993
   1120.4   0.19996
   1120.6   0.20005
   1120.9   0.20007
   1121.1   0.19998
   1121.3   0.19997
   1121.6   0.20010
   1121.8   0.20024
   1122.1   0.20010
   1122.3   0.20011
   1122.6   0.20022
   1122.8   0.20030
   1123.0   0.20029
   1123.3   0.20020
   1123.5   0.20024
   1123.8   0.20031
   1124.0   0.20041
   1124.3   0.20046
   1124.5   0.20044
   1124.8   0.20040
   1125.0   0.20035
   1125.2   0.20034
   1125.5   0.20038
   1125.7   0.20046
   1126.0   0.20055
   1126.2   0.20057
   1126.5   0.20056
   1126.7   0.20051
   1126.9   0.20052
   1127.2   0.20063
   1127.4   0.20072
   1127.7   0.20071
   1127.9   0.20072
   1128.2   0.20067
   1128.4   0.20075
   1128.7   0.20083
   1128.9   0.20079
   1129.2   0.20082
   1129.4   0.20083
   1129.7   0.20089
   1129.9   0.20086
   1130.1   0.20086
   1130.4   0.20093
   1130.6   0.20091
   1130.9   0.20090
   1131.1   0.20096
   1131.4   0.20100
   1131.6   0.20100
   1131.9   0.20105
   1132.1   0.20108
   1132.4   0.20118
   1132.6   0.20119
   1132.9   0.20110
   1133.1   0.20121
   1133.3   0.20123
   1133.6   0.20114
   1133.8   0.20114
   1134.1   0.20121
   1134.3   0.20127
   1134.6   0.20127
   1134.8   0.20132
   1135.1   0.20138
   1135.3   0.20140
   1135.6   0.20143
   1135.8   0.20142
   1136.1   0.20141
   1136.3   0.20142
   1136.6   0.20142
   1136.8   0.20145
   1137.1   0.20151
   1137.3   0.20153
   1137.6   0.20164
   1137.8   0.20168
   1138.1   0.20162
   1138.3   0.20170
   1138.6   0.20176
   1138.8   0.20161
   1139.1   0.20163
   1139.3   0.20168
   1139.6   0.20171
   1139.8   0.20175
   1140.1   0.20182
   1140.3   0.20194
   1140.6   0.20185
   1140.8   0.20181
   1141.1   0.20187
   1141.3   0.20196
   1141.6   0.20199
   1141.8   0.20190
   1142.1   0.20185
   1142.3   0.20187
   1142.6   0.20191
   1142.8   0.20191
   1143.1   0.20194
   1143.3   0.20212
   1143.6   0.20214
   1143.9   0.20211
   1144.1   0.20205
   1144.4   0.20208
   1144.6   0.20216
   1144.9   0.20216
   1145.1   0.20222
   1145.4   0.20227
   1145.6   0.20225
   1145.9   0.20221
   1146.1   0.20226
   1146.4   0.20225
   1146.6   0.20220
   1146.9   0.20220
   1147.2   0.20225
   1147.4   0.20242
   1147.7   0.20250
   1147.9   0.20240
   1148.2   0.20244
   1148.4   0.20256
   1148.7   0.20259
   1148.9   0.20256
   1149.2   0.20249
   1149.4   0.20234
   1149.7   0.20237
   1149.9   0.20250
   1150.2   0.20256
   1150.4   0.20273
   1150.7   0.20283
   1151.0   0.20271
   1151.2   0.20261
   1151.5   0.20269
   1151.7   0.20276
   1152.0   0.20269
   1152.2   0.20269
   1152.5   0.20267
   1152.8   0.20273
   1153.0   0.20285
   1153.3   0.20284
   1153.5   0.20275
   1153.8   0.20269
   1154.0   0.20276
   1154.3   0.20294
   1154.6   0.20305
   1154.8   0.20292
   1155.1   0.20281
   1155.3   0.20287
   1155.6   0.20299
   1155.8   0.20305
   1156.1   0.20308
   1156.4   0.20306
   1156.6   0.20307
   1156.9   0.20301
   1157.1   0.20303
   1157.4   0.20302
   1157.7   0.20303
   1157.9   0.20309
   1158.2   0.20314
   1158.4   0.20313
   1158.7   0.20323
   1158.9   0.20330
   1159.2   0.20330
   1159.5   0.20331
   1159.7   0.20329
   1160.0   0.20328
   1160.2   0.20334
   1160.5   0.20338
   1160.8   0.20332
   1161.0   0.20328
   1161.3   0.20326
   1161.5   0.20329
   1161.8   0.20343
   1162.1   0.20337
   1162.3   0.20322
   1162.6   0.20329
   1162.8   0.20343
   1163.1   0.20348
   1163.4   0.20345
   1163.6   0.20346
   1163.9   0.20346
   1164.2   0.20351
   1164.4   0.20356
   1164.7   0.20349
   1164.9   0.20358
   1165.2   0.20360
   1165.4   0.20353
   1165.7   0.20361
   1166.0   0.20368
   1166.2   0.20370
   1166.5   0.20381
   1166.8   0.20376
   1167.0   0.20370
   1167.3   0.20373
   1167.6   0.20374
   1167.8   0.20369
   1168.1   0.20370
   1168.3   0.20390
   1168.6   0.20400
   1168.9   0.20393
   1169.1   0.20391
   1169.4   0.20392
   1169.7   0.20391
   1169.9   0.20397
   1170.2   0.20403
   1170.4   0.20407
   1170.7   0.20406
   1171.0   0.20396
   1171.3   0.20399
   1171.5   0.20409
   1171.8   0.20411
   1172.0   0.20407
   1172.3   0.20408
   1172.6   0.20410
   1172.8   0.20413
   1173.1   0.20418
   1173.4   0.20421
   1173.6   0.20418
   1173.9   0.20409
   1174.2   0.20408
   1174.4   0.20411
   1174.7   0.20426
   1175.0   0.20436
   1175.2   0.20428
   1175.5   0.20422
   1175.8   0.20424
   1176.0   0.20420
   1176.3   0.20420
   1176.6   0.20425
   1176.8   0.20438
   1177.1   0.20443
   1177.4   0.20435
   1177.6   0.20422
   1177.9   0.20432
   1178.2   0.20443
   1178.4   0.20443
   1178.7   0.20442
   1179.0   0.20448
   1179.2   0.20464
   1179.5   0.20469
   1179.8   0.20459
   1180.0   0.20456
   1180.3   0.20454
   1180.6   0.20451
   1180.8   0.20460
   1181.1   0.20467
   1181.4   0.20466
   1181.7   0.20471
   1181.9   0.20472
   1182.2   0.20469
   1182.5   0.20460
   1182.7   0.20463
   1183.0   0.20466
   1183.3   0.20470
   1183.5   0.20476
   1183.8   0.20481
   1184.1   0.20479
   1184.4   0.20479
   1184.6   0.20480
   1184.9   0.20481
   1185.2   0.20477
   1185.4   0.20480
   1185.7   0.20488
   1186.0   0.20496
   1186.3   0.20497
   1186.5   0.20504
   1186.8   0.20496
   1187.1   0.20491
   1187.3   0.20493
   1187.6   0.20506
   1187.9   0.20519
   1188.2   0.20522
   1188.4   0.20523
   1188.7   0.20513
   1189.0   0.20506
   1189.3   0.20508
   1189.5   0.20513
   1189.8   0.20513
   1190.1   0.20511
   1190.3   0.20505
   1190.6   0.20508
   1190.9   0.20514
   1191.2   0.20523
   1191.4   0.20523
   1191.7   0.20523
   1192.0   0.20522
   1192.3   0.20521
   1192.5   0.20525
   1192.8   0.20527
   1193.1   0.20532
   1193.3   0.20529
   1193.6   0.20535
   1193.9   0.20544
   1194.2   0.20541
   1194.4   0.20536
   1194.7   0.20545
   1195.0   0.20547
   1195.3   0.20541
   1195.6   0.20543
   1195.8   0.20547
   1196.1   0.20544
   1196.4   0.20544
   1196.7   0.20551
   1196.9   0.20549
   1197.2   0.20551
   1197.5   0.20558
   1197.8   0.20557
   1198.0   0.20549
   1198.3   0.20549
   1198.6   0.20559
   1198.9   0.20571
   1199.2   0.20565
   1199.4   0.20566
   1199.7   0.20563
   1200.0   0.20567
   1200.3   0.20575
   1200.5   0.20576
   1200.8   0.20576
   1201.1   0.20578
   1201.4   0.20578
   1201.7   0.20581
   1201.9   0.20584
   1202.2   0.20581
   1202.5   0.20576
   1202.8   0.20573
   1203.0   0.20585
   1203.3   0.20598
   1203.6   0.20598
   1203.9   0.20596
   1204.2   0.20589
   1204.4   0.20584
   1204.7   0.20588
   1205.0   0.20599
   1205.3   0.20604
   1205.6   0.20604
   1205.8   0.20605
   1206.1   0.20602
   1206.4   0.20599
   1206.7   0.20601
   1207.0   0.20603
   1207.2   0.20605
   1207.5   0.20608
   1207.8   0.20610
   1208.1   0.20612
   1208.4   0.20616
   1208.7   0.20620
   1208.9   0.20617
   1209.2   0.20613
   1209.5   0.20616
   1209.8   0.20616
   1210.1   0.20611
   1210.3   0.20617
   1210.6   0.20626
   1210.9   0.20627
   1211.2   0.20622
   1211.5   0.20623
   1211.8   0.20630
   1212.0   0.20639
   1212.3   0.20642
   1212.6   0.20644
   1212.9   0.20642
   1213.2   0.20636
   1213.5   0.20640
   1213.7   0.20643
   1214.0   0.20640
   1214.3   0.20640
   1214.6   0.20642
   1214.9   0.20641
   1215.2   0.20643
   1215.4   0.20652
   1215.7   0.20658
   1216.0   0.20660
   1216.3   0.20649
   1216.6   0.20647
   1216.9   0.20654
   1217.2   0.20653
   1217.4   0.20655
   1217.7   0.20660
   1218.0   0.20660
   1218.3   0.20661
   1218.6   0.20664
   1218.9   0.20668
   1219.2   0.20673
   1219.4   0.20672
   1219.7   0.20675
   1220.0   0.20677
   1220.3   0.20676
   1220.6   0.20679
   1220.9   0.20682
   1221.2   0.20678
   1221.5   0.20675
   1221.8   0.20677
   1222.0   0.20690
   1222.3   0.20694
   1222.6   0.20689
   1222.9   0.20691
   1223.2   0.20687
   1223.5   0.20688
   1223.8   0.20692
   1224.1   0.20695
   1224.3   0.20699
   1224.6   0.20698
   1224.9   0.20698
   1225.2   0.20701
   1225.5   0.20699
   1225.8   0.20695
   1226.1   0.20699
   1226.4   0.20706
   1226.7   0.20711
   1227.0   0.20710
   1227.3   0.20707
   1227.5   0.20710
   1227.8   0.20714
   1228.1   0.20717
   1228.4   0.20721
   1228.7   0.20719
   1229.0   0.20718
   1229.3   0.20728
   1229.6   0.20734
   1229.9   0.20735
   1230.2   0.20739
   1230.4   0.20740
   1230.7   0.20738
   1231.0   0.20740
   1231.3   0.20740
   1231.6   0.20738
   1231.9   0.20733
   1232.2   0.20735
   1232.5   0.20742
   1232.8   0.20746
   1233.1   0.20746
   1233.4   0.20746
   1233.7   0.20746
   1234.0   0.20753
   1234.3   0.20759
   1234.6   0.20766
   1234.8   0.20769
   1235.1   0.20761
   1235.4   0.20757
   1235.7   0.20763
   1236.0   0.20762
   1236.3   0.20765
   1236.6   0.20773
   1236.9   0.20773
   1237.2   0.20776
   1237.5   0.20777
   1237.8   0.20775
   1238.1   0.20774
   1238.4   0.20782
   1238.7   0.20780
   1239.0   0.20774
   1239.3   0.20779
   1239.6   0.20785
   1239.9   0.20788
   1240.2   0.20787
   1240.5   0.20788
   1240.8   0.20797
   1241.1   0.20799
   1241.3   0.20794
   1241.7   0.20797
   1241.9   0.20799
   1242.2   0.20795
   1242.5   0.20788
   1242.8   0.20781
   1243.1   0.20791
   1243.4   0.20806
   1243.7   0.20809
   1244.0   0.20805
   1244.3   0.20804
   1244.6   0.20806
   1244.9   0.20808
   1245.2   0.20815
   1245.5   0.20823
   1245.8   0.20822
   1246.1   0.20817
   1246.4   0.20816
   1246.7   0.20825
   1247.0   0.20824
   1247.3   0.20826
   1247.6   0.20830
   1247.9   0.20838
   1248.2   0.20839
   1248.5   0.20832
   1248.8   0.20832
   1249.1   0.20835
   1249.4   0.20840
   1249.7   0.20847
   1250.0   0.20846
   1250.3   0.20838
   1250.6   0.20840
   1250.9   0.20845
   1251.2   0.20846
   1251.5   0.20850
   1251.8   0.20855
   1252.1   0.20857
   1252.4   0.20861
   1252.8   0.20869
   1253.1   0.20865
   1253.3   0.20862
   1253.7   0.20860
   1254.0   0.20858
   1254.3   0.20861
   1254.6   0.20867
   1254.9   0.20868
   1255.2   0.20871
   1255.5   0.20875
   1255.8   0.20876
   1256.1   0.20881
   1256.4   0.20886
   1256.7   0.20881
   1257.0   0.20878
   1257.3   0.20885
   1257.6   0.20890
   1257.9   0.20896
   1258.2   0.20895
   1258.5   0.20893
   1258.8   0.20900
   1259.1   0.20899
   1259.4   0.20898
   1259.8   0.20894
   1260.1   0.20894
   1260.4   0.20895
   1260.7   0.20907
   1261.0   0.20920
   1261.3   0.20919
   1261.6   0.20908
   1261.9   0.20903
   1262.2   0.20911
   1262.5   0.20918
   1262.8   0.20927
   1263.1   0.20926
   1263.4   0.20921
   1263.7   0.20925
   1264.1   0.20926
   1264.4   0.20930
   1264.7   0.20935
   1265.0   0.20928
   1265.3   0.20924
   1265.6   0.20929
   1265.9   0.20931
   1266.2   0.20937
   1266.5   0.20947
   1266.8   0.20948
   1267.1   0.20939
   1267.4   0.20939
   1267.8   0.20941
   1268.1   0.20947
   1268.4   0.20953
   1268.7   0.20955
   1269.0   0.20952
   1269.3   0.20959
   1269.6   0.20958
   1269.9   0.20954
   1270.2   0.20960
   1270.6   0.20966
   1270.9   0.20969
   1271.2   0.20968
   1271.5   0.20968
   1271.8   0.20966
   1272.1   0.20969
   1272.4   0.20975
   1272.7   0.20980
   1273.1   0.20982
   1273.4   0.20980
   1273.7   0.20982
   1274.0   0.20985
   1274.3   0.20987
   1274.6   0.20987
   1274.9   0.20984
   1275.2   0.20981
   1275.6   0.20985
   1275.9   0.20994
   1276.2   0.20995
   1276.5   0.20999
   1276.8   0.21007
   1277.1   0.21009
   1277.4   0.21010
   1277.8   0.21004
   1278.1   0.21000
   1278.4   0.21007
   1278.7   0.21015
   1279.0   0.21020
   1279.3   0.21021
   1279.7   0.21020
   1280.0   0.21019
   1280.3   0.21022
   1280.6   0.21019
   1280.9   0.21017
   1281.2   0.21025
   1281.6   0.21033
   1281.9   0.21029
   1282.2   0.21030
   1282.5   0.21035
   1282.8   0.21038
   1283.1   0.21042
   1283.4   0.21038
   1283.8   0.21043
   1284.1   0.21047
   1284.4   0.21041
   1284.7   0.21044
   1285.0   0.21053
   1285.4   0.21053
   1285.7   0.21055
   1286.0   0.21054
   1286.3   0.21053
   1286.6   0.21058
   1286.9   0.21061
   1287.3   0.21064
   1287.6   0.21069
   1287.9   0.21070
   1288.2   0.21074
   1288.6   0.21075
   1288.9   0.21080
   1289.2   0.21088
   1289.5   0.21089
   1289.8   0.21090
   1290.2   0.21090
   1290.5   0.21087
   1290.8   0.21085
   1291.1   0.21085
   1291.4   0.21082
   1291.8   0.21092
   1292.1   0.21102
   1292.4   0.21105
   1292.7   0.21107
   1293.1   0.21107
   1293.4   0.21108
   1293.7   0.21110
   1294.0   0.21109
   1294.3   0.21115
   1294.7   0.21123
   1295.0   0.21118
   1295.3   0.21116
   1295.6   0.21119
   1296.0   0.21118
   1296.3   0.21125
   1296.6   0.21132
   1296.9   0.21134
   1297.3   0.21137
   1297.6   0.21141
   1297.9   0.21143
   1298.2   0.21145
   1298.6   0.21148
   1298.9   0.21149
   1299.2   0.21143
   1299.5   0.21139
   1299.9   0.21151
   1300.2   0.21159
   1300.5   0.21160
   1300.8   0.21161
   1301.2   0.21163
   1301.5   0.21167
   1301.8   0.21174
   1302.1   0.21178
   1302.5   0.21170
   1302.8   0.21163
   1303.1   0.21162
   1303.4   0.21167
   1303.8   0.21177
   1304.1   0.21185
   1304.4   0.21189
   1304.8   0.21186
   1305.1   0.21192
   1305.4   0.21200
   1305.8   0.21197
   1306.1   0.21188
   1306.4   0.21189
   1306.7   0.21196
   1307.1   0.21193
   1307.4   0.21194
   1307.7   0.21199
   1308.1   0.21197
   1308.4   0.21192
   1308.7   0.21200
   1309.1   0.21205
   1309.4   0.21207
   1309.7   0.21214
   1310.0   0.21221
   1310.4   0.21224
   1310.7   0.21224
   1311.0   0.21222
   1311.4   0.21223
   1311.7   0.21228
   1312.0   0.21232
   1312.4   0.21236
   1312.7   0.21237
   1313.0   0.21243
   1313.4   0.21241
   1313.7   0.21240
   1314.0   0.21246
   1314.4   0.21250
   1314.7   0.21248
   1315.0   0.21254
   1315.4   0.21262
   1315.7   0.21259
   1316.0   0.21259
   1316.4   0.21263
   1316.7   0.21271
   1317.0   0.21276
   1317.4   0.21278
   1317.7   0.21276
   1318.0   0.21277
   1318.4   0.21280
   1318.7   0.21289
   1319.0   0.21294
   1319.4   0.21290
   1319.7   0.21290
   1320.1   0.21292
   1320.4   0.21298
   1320.7   0.21298
   1321.1   0.21302
   1321.4   0.21301
   1321.7   0.21294
   1322.1   0.21296
   1322.4   0.21299
   1322.7   0.21300
   1323.1   0.21304
   1323.4   0.21310
   1323.8   0.21317
   1324.1   0.21325
   1324.4   0.21327
   1324.8   0.21324
   1325.1   0.21326
   1325.4   0.21328
   1325.8   0.21327
   1326.1   0.21330
   1326.5   0.21340
   1326.8   0.21349
   1327.1   0.21346
   1327.5   0.21339
   1327.8   0.21340
   1328.2   0.21350
   1328.5   0.21350
   1328.8   0.21341
   1329.2   0.21339
   1329.5   0.21347
   1329.9   0.21351
   1330.2   0.21351
   1330.6   0.21358
   1330.9   0.21365
   1331.2   0.21367
   1331.6   0.21370
   1331.9   0.21374
   1332.3   0.21375
   1332.6   0.21381
   1332.9   0.21383
   1333.3   0.21382
   1333.6   0.21386
   1334.0   0.21383
   1334.3   0.21379
   1334.7   0.21384
   1335.0   0.21392
   1335.3   0.21396
   1335.7   0.21397
   1336.0   0.21401
   1336.4   0.21405
   1336.7   0.21407
   1337.1   0.21406
   1337.4   0.21409
   1337.8   0.21416
   1338.1   0.21417
   1338.4   0.21416
   1338.8   0.21419
   1339.1   0.21421
   1339.5   0.21426
   1339.8   0.21426
   1340.2   0.21427
   1340.5   0.21431
   1340.9   0.21432
   1341.2   0.21435
   1341.6   0.21438
   1341.9   0.21438
   1342.3   0.21445
   1342.6   0.21450
   1342.9   0.21451
   1343.3   0.21452
   1343.7   0.21453
   1344.0   0.21456
   1344.3   0.21460
   1344.7   0.21464
   1345.0   0.21466
   1345.4   0.21464
   1345.7   0.21465
   1346.1   0.21468
   1346.4   0.21470
   1346.8   0.21477
   1347.1   0.21482
   1347.5   0.21481
   1347.8   0.21485
   1348.2   0.21487
   1348.5   0.21486
   1348.9   0.21487
   1349.3   0.21494
   1349.6   0.21500
   1349.9   0.21503
   1350.3   0.21509
   1350.7   0.21516
   1351.0   0.21513
   1351.3   0.21512
   1351.7   0.21511
   1352.1   0.21515
   1352.4   0.21518
   1352.8   0.21520
   1353.1   0.21520
   1353.5   0.21526
   1353.8   0.21536
   1354.2   0.21538
   1354.5   0.21536
   1354.9   0.21539
   1355.2   0.21545
   1355.6   0.21545
   1355.9   0.21543
   1356.3   0.21546
   1356.7   0.21552
   1357.0   0.21557
   1357.4   0.21561
   1357.7   0.21556
   1358.1   0.21551
   1358.4   0.21559
   1358.8   0.21559
   1359.2   0.21560
   1359.5   0.21573
   1359.9   0.21579
   1360.2   0.21579
   1360.6   0.21582
   1360.9   0.21585
   1361.3   0.21588
   1361.7   0.21590
   1362.0   0.21591
   1362.4   0.21592
   1362.7   0.21590
   1363.1   0.21596
   1363.4   0.21603
   1363.8   0.21608
   1364.2   0.21607
   1364.5   0.21607
   1364.9   0.21612
   1365.2   0.21611
   1365.6   0.21616
   1365.9   0.21624
   1366.3   0.21623
   1366.7   0.21622
   1367.0   0.21622
   1367.4   0.21627
   1367.8   0.21633
   1368.1   0.21635
   1368.5   0.21640
   1368.8   0.21644
   1369.2   0.21642
   1369.6   0.21643
   1369.9   0.21648
   1370.3   0.21649
   1370.7   0.21650
   1371.0   0.21658
   1371.4   0.21662
   1371.7   0.21658
   1372.1   0.21659
   1372.5   0.21664
   1372.8   0.21664
   1373.2   0.21664
   1373.6   0.21668
   1373.9   0.21675
   1374.3   0.21675
   1374.6   0.21675
   1375.0   0.21680
   1375.4   0.21685
   1375.7   0.21688
   1376.1   0.21687
   1376.5   0.21685
   1376.8   0.21691
   1377.2   0.21703
   1377.6   0.21705
   1377.9   0.21703
   1378.3   0.21704
   1378.7   0.21699
   1379.0   0.21703
   1379.4   0.21712
   1379.8   0.21716
   1380.1   0.21722
   1380.5   0.21722
   1380.9   0.21717
   1381.2   0.21715
   1381.6   0.21722
   1382.0   0.21726
   1382.3   0.21734
   1382.7   0.21739
   1383.1   0.21740
   1383.4   0.21739
   1383.8   0.21740
   1384.2   0.21744
   1384.6   0.21745
   1384.9   0.21749
   1385.3   0.21750
   1385.7   0.21747
   1386.0   0.21750
   1386.4   0.21754
   1386.8   0.21759
   1387.2   0.21767
   1387.5   0.21775
   1387.9   0.21774
   1388.3   0.21769
   1388.6   0.21770
   1389.0   0.21778
   1389.4   0.21779
   1389.8   0.21777
   1390.1   0.21783
   1390.5   0.21790
   1390.9   0.21788
   1391.2   0.21790
   1391.6   0.21799
   1392.0   0.21801
   1392.4   0.21803
   1392.7   0.21802
   1393.1   0.21800
   1393.5   0.21806
   1393.9   0.21815
   1394.2   0.21821
   1394.6   0.21824
   1395.0   0.21825
   1395.4   0.21828
   1395.7   0.21827
   1396.1   0.21824
   1396.5   0.21828
   1396.9   0.21829
   1397.2   0.21831
   1397.6   0.21839
   1398.0   0.21843
   1398.4   0.21849
   1398.8   0.21853
   1399.1   0.21847
   1399.5   0.21847
   1399.9   0.21847
   1400.3   0.21844
   1400.6   0.21847
   1401.0   0.21858
   1401.4   0.21867
   1401.8   0.21870
   1402.2   0.21870
   1402.5   0.21868
   1402.9   0.21869
   1403.3   0.21874
   1403.7   0.21878
   1404.1   0.21883
   1404.4   0.21885
   1404.8   0.21885
   1405.2   0.21883
   1405.6   0.21884
   1406.0   0.21892
   1406.3   0.21902
   1406.7   0.21904
   1407.1   0.21904
   1407.5   0.21904
   1407.9   0.21909
   1408.3   0.21910
   1408.6   0.21913
   1409.0   0.21919
   1409.4   0.21915
   1409.8   0.21918
   1410.2   0.21928
   1410.6   0.21931
   1410.9   0.21924
   1411.3   0.21920
   1411.7   0.21922
   1412.1   0.21926
   1412.5   0.21931
   1412.8   0.21933
   1413.2   0.21940
   1413.6   0.21947
   1414.0   0.21947
   1414.4   0.21945
   1414.8   0.21947
   1415.2   0.21951
   1415.6   0.21957
   1415.9   0.21967
   1416.3   0.21973
   1416.7   0.21970
   1417.1   0.21968
   1417.5   0.21970
   1417.9   0.21974
   1418.3   0.21975
   1418.7   0.21975
   1419.0   0.21976
   1419.4   0.21981
   1419.8   0.21981
   1420.2   0.21985
   1420.6   0.21992
   1421.0   0.21991
   1421.4   0.21994
   1421.8   0.21996
   1422.2   0.22000
   1422.5   0.22004
   1422.9   0.22004
   1423.3   0.21998
   1423.7   0.22003
   1424.1   0.22009
   1424.5   0.22012
   1424.9   0.22010
   1425.3   0.22013
   1425.7   0.22018
   1426.1   0.22025
   1426.5   0.22034
   1426.8   0.22036
   1427.2   0.22033
   1427.6   0.22031
   1428.0   0.22033
   1428.4   0.22032
   1428.8   0.22035
   1429.2   0.22042
   1429.6   0.22049
   1430.0   0.22049
   1430.4   0.22049
   1430.8   0.22048
   1431.2   0.22059
   1431.6   0.22064
   1432.0   0.22060
   1432.4   0.22056
   1432.8   0.22057
   1433.2   0.22068
   1433.6   0.22070
   1433.9   0.22070
   1434.3   0.22072
   1434.8   0.22073
   1435.1   0.22077
   1435.5   0.22080
   1435.9   0.22087
   1436.3   0.22092
   1436.7   0.22097
   1437.1   0.22100
   1437.5   0.22095
   1437.9   0.22095
   1438.3   0.22102
   1438.7   0.22107
   1439.1   0.22114
   1439.5   0.22116
   1439.9   0.22117
   1440.3   0.22120
   1440.7   0.22121
   1441.1   0.22118
   1441.5   0.22117
   1441.9   0.22127
   1442.3   0.22133
   1442.7   0.22133
   1443.1   0.22130
   1443.5   0.22132
   1443.9   0.22133
   1444.3   0.22131
   1444.7   0.22134
   1445.1   0.22147
   1445.6   0.22150
   1445.9   0.22148
   1446.3   0.22149
   1446.8   0.22152
   1447.2   0.22155
   1447.6   0.22160
   1448.0   0.22157
   1448.4   0.22162
   1448.8   0.22167
   1449.2   0.22168
   1449.6   0.22169
   1450.0   0.22171
   1450.4   0.22173
   1450.8   0.22175
   1451.2   0.22179
   1451.6   0.22178
   1452.0   0.22186
   1452.4   0.22193
   1452.8   0.22187
   1453.2   0.22185
   1453.7   0.22188
   1454.1   0.22195
   1454.5   0.22201
   1454.9   0.22196
   1455.3   0.22196
   1455.7   0.22204
   1456.1   0.22207
   1456.5   0.22207
   1456.9   0.22210
   1457.3   0.22215
   1457.7   0.22211
   1458.2   0.22203
   1458.6   0.22208
   1459.0   0.22221
   1459.4   0.22224
   1459.8   0.22225
   1460.2   0.22228
   1460.6   0.22228
   1461.0   0.22229
   1461.4   0.22235
   1461.8   0.22238
   1462.3   0.22239
   1462.7   0.22239
   1463.1   0.22242
   1463.5   0.22244
   1463.9   0.22245
   1464.3   0.22245
   1464.7   0.22250
   1465.2   0.22255
   1465.6   0.22256
   1466.0   0.22260
   1466.4   0.22261
   1466.8   0.22260
   1467.2   0.22267
   1467.6   0.22271
   1468.1   0.22273
   1468.5   0.22278
   1468.9   0.22276
   1469.3   0.22275
   1469.7   0.22279
   1470.1   0.22280
   1470.6   0.22286
   1471.0   0.22286
   1471.4   0.22285
   1471.8   0.22291
   1472.2   0.22292
   1472.6   0.22289
   1473.1   0.22294
   1473.5   0.22296
   1473.9   0.22300
   1474.3   0.22306
   1474.7   0.22307
   1475.2   0.22306
   1475.6   0.22309
   1476.0   0.22312
   1476.4   0.22314
   1476.8   0.22316
   1477.3   0.22316
   1477.7   0.22317
   1478.1   0.22323
   1478.5   0.22330
   1478.9   0.22330
   1479.4   0.22331
   1479.8   0.22332
   1480.2   0.22331
   1480.6   0.22334
   1481.1   0.22337
   1481.5   0.22340
   1481.9   0.22341
   1482.3   0.22342
   1482.8   0.22341
   1483.2   0.22347
   1483.6   0.22354
   1484.0   0.22354
   1484.4   0.22358
   1484.9   0.22357
   1485.3   0.22353
   1485.7   0.22360
   1486.2   0.22364
   1486.6   0.22364
   1487.0   0.22365
   1487.4   0.22367
   1487.9   0.22374
   1488.3   0.22375
   1488.7   0.22371
   1489.1   0.22371
   1489.6   0.22375
   1490.0   0.22376
   1490.4   0.22380
   1490.8   0.22389
   1491.3   0.22389
   1491.7   0.22384
   1492.1   0.22384
   1492.6   0.22388
   1493.0   0.22394
   1493.4   0.22401
   1493.9   0.22400
   1494.3   0.22399
   1494.7   0.22400
   1495.2   0.22403
   1495.6   0.22407
   1496.0   0.22408
   1496.4   0.22407
   1496.9   0.22413
   1497.3   0.22419
   1497.7   0.22418
   1498.2   0.22422
   1498.6   0.22425
   1499.0   0.22424
   1499.5   0.22420
   1499.9   0.22417
   1500.3   0.22422
   1500.8   0.22428
   1501.2   0.22430
   1501.7   0.22433
   1502.1   0.22435
   1502.5   0.22436
   1502.9   0.22441
   1503.4   0.22442
   1503.8   0.22440
   1504.3   0.22443
   1504.7   0.22447
   1505.1   0.22449
   1505.6   0.22450
   1506.0   0.22455
   1506.4   0.22459
   1506.9   0.22464
   1507.3   0.22460
   1507.8   0.22457
   1508.2   0.22464
   1508.6   0.22467
   1509.1   0.22467
   1509.5   0.22466
   1510.0   0.22468
   1510.4   0.22471
   1510.8   0.22472
   1511.3   0.22475
   1511.7   0.22473
   1512.2   0.22470
   1512.6   0.22477
   1513.0   0.22483
   1513.5   0.22485
   1513.9   0.22485
   1514.4   0.22481
   1514.8   0.22481
   1515.3   0.22481
   1515.7   0.22486
   1516.1   0.22496
   1516.6   0.22499
   1517.0   0.22497
   1517.5   0.22501
   1517.9   0.22505
   1518.4   0.22500
   1518.8   0.22503
   1519.3   0.22514
   1519.7   0.22514
   1520.1   0.22510
   1520.6   0.22511
   1521.0   0.22516
   1521.5   0.22517
   1521.9   0.22519
   1522.4   0.22521
   1522.8   0.22520
   1523.3   0.22523
   1523.7   0.22526
   1524.2   0.22527
   1524.6   0.22519
   1525.1   0.22520
   1525.5   0.22526
   1525.9   0.22529
   1526.4   0.22534
   1526.8   0.22535
   1527.3   0.22534
   1527.8   0.22533
   1528.2   0.22537
   1528.7   0.22541
   1529.1   0.22543
   1529.6   0.22550
   1530.0   0.22550
   1530.5   0.22547
   1530.9   0.22546
   1531.4   0.22547
   1531.8   0.22549
   1532.3   0.22551
   1532.7   0.22555
   1533.2   0.22557
   1533.6   0.22559
   1534.1   0.22559
   1534.5   0.22556
   1535.0   0.22559
   1535.4   0.22565
   1535.9   0.22568
   1536.3   0.22567
   1536.8   0.22565
   1537.3   0.22569
   1537.7   0.22570
   1538.2   0.22574
   1538.6   0.22573
   1539.1   0.22572
   1539.6   0.22575
   1540.0   0.22577
   1540.5   0.22577
   1540.9   0.22578
   1541.4   0.22580
   1541.8   0.22578
   1542.3   0.22579
   1542.8   0.22585
   1543.2   0.22589
   1543.7   0.22589
   1544.1   0.22586
   1544.6   0.22590
   1545.1   0.22591
   1545.5   0.22590
   1546.0   0.22593
   1546.4   0.22596
   1546.9   0.22597
   1547.4   0.22597
   1547.8   0.22598
   1548.3   0.22602
   1548.8   0.22600
   1549.2   0.22599
   1549.7   0.22604
   1550.1   0.22606
   1550.6   0.22602
   1551.1   0.22603
   1551.5   0.22608
   1552.0   0.22612
   1552.4   0.22613
   1552.9   0.22615
   1553.4   0.22616
   1553.8   0.22613
   1554.3   0.22612
   1554.8   0.22612
   1555.3   0.22614
   1555.7   0.22617
   1556.2   0.22616
   1556.7   0.22614
   1557.1   0.22617
   1557.6   0.22620
   1558.1   0.22620
   1558.5   0.22626
   1559.0   0.22628
   1559.5   0.22622
   1559.9   0.22624
   1560.4   0.22627
   1560.9   0.22630
   1561.3   0.22636
   1561.8   0.22633
   1562.3   0.22630
   1562.8   0.22628
   1563.2   0.22632
   1563.7   0.22637
   1564.2   0.22635
   1564.6   0.22636
   1565.1   0.22637
   1565.6   0.22636
   1566.1   0.22641
   1566.5   0.22648
   1567.0   0.22651
   1567.5   0.22653
   1567.9   0.22651
   1568.4   0.22651
   1568.9   0.22647
   1569.4   0.22646
   1569.8   0.22654
   1570.3   0.22654
   1570.8   0.22655
   1571.3   0.22657
   1571.8   0.22654
   1572.2   0.22654
   1572.7   0.22657
   1573.2   0.22660
   1573.7   0.22662
   1574.1   0.22662
   1574.6   0.22663
   1575.1   0.22661
   1575.6   0.22664
   1576.1   0.22669
   1576.5   0.22670
   1577.0   0.22668
   1577.5   0.22669
   1578.0   0.22675
   1578.4   0.22676
   1578.9   0.22675
   1579.4   0.22676
   1579.9   0.22674
   1580.4   0.22672
   1580.9   0.22677
   1581.3   0.22675
   1581.8   0.22673
   1582.3   0.22678
   1582.8   0.22682
   1583.3   0.22678
   1583.8   0.22678
   1584.2   0.22683
   1584.7   0.22688
   1585.2   0.22686
   1585.7   0.22687
   1586.2   0.22692
   1586.7   0.22695
   1587.2   0.22691
   1587.6   0.22688
   1588.1   0.22689
   1588.6   0.22689
   1589.1   0.22688
   1589.6   0.22691
   1590.1   0.22693
   1590.6   0.22693
   1591.0   0.22694
   1591.5   0.22694
   1592.0   0.22699
   1592.5   0.22698
   1593.0   0.22693
   1593.5   0.22692
   1594.0   0.22698
   1594.5   0.22700
   1595.0   0.22700
   1595.4   0.22704
   1595.9   0.22702
   1596.4   0.22700
   1596.9   0.22701
   1597.4   0.22705
   1597.9   0.22707
   1598.4   0.22708
   1598.9   0.22707
   1599.4   0.22706
   1599.9   0.22707
   1600.4   0.22708
   1600.9   0.22707
   1601.4   0.22710
   1601.9   0.22710
   1602.3   0.22708
   1602.8   0.22708
   1603.3   0.22707
   1603.8   0.22707
   1604.3   0.22712
   1604.8   0.22715
   1605.3   0.22715
   1605.8   0.22716
   1606.3   0.22719
   1606.8   0.22718
   1607.3   0.22715
   1607.8   0.22719
   1608.3   0.22723
   1608.8   0.22720
   1609.3   0.22715
   1609.8   0.22715
   1610.3   0.22718
   1610.8   0.22722
   1611.3   0.22724
   1611.8   0.22721
   1612.3   0.22719
   1612.8   0.22720
   1613.3   0.22727
   1613.8   0.22731
   1614.3   0.22728
   1614.8   0.22728
   1615.3   0.22730
   1615.8   0.22729
   1616.3   0.22727
   1616.8   0.22729
   1617.3   0.22731
   1617.8   0.22729
   1618.4   0.22727
   1618.9   0.22730
   1619.4   0.22736
   1619.9   0.22739
   1620.4   0.22741
   1620.9   0.22734
   1621.4   0.22730
   1621.9   0.22732
   1622.4   0.22736
   1622.9   0.22736
   1623.4   0.22735
   1623.9   0.22731
   1624.4   0.22727
   1624.9   0.22730
   1625.5   0.22740
   1626.0   0.22744
   1626.5   0.22740
   1627.0   0.22737
   1627.5   0.22735
   1628.0   0.22737
   1628.5   0.22742
   1629.0   0.22742
   1629.6   0.22738
   1630.1   0.22734
   1630.6   0.22735
   1631.1   0.22736
   1631.6   0.22740
   1632.1   0.22741
   1632.6   0.22738
   1633.1   0.22740
   1633.7   0.22744
   1634.2   0.22746
   1634.7   0.22743
   1635.2   0.22737
   1635.7   0.22739
   1636.2   0.22742
   1636.8   0.22741
   1637.3   0.22739
   1637.8   0.22744
   1638.3   0.22746
   1638.8   0.22742
   1639.3   0.22739
   1639.8   0.22742
   1640.4   0.22744
   1640.9   0.22745
   1641.4   0.22744
   1641.9   0.22744
   1642.4   0.22743
   1643.0   0.22744
   1643.5   0.22750
   1644.0   0.22753
   1644.5   0.22749
   1645.1   0.22748
   1645.6   0.22746
   1646.1   0.22744
   1646.6   0.22746
   1647.2   0.22750
   1647.7   0.22749
   1648.2   0.22747
   1648.7   0.22747
   1649.2   0.22747
   1649.8   0.22747
   1650.3   0.22744
   1650.8   0.22744
   1651.3   0.22749
   1651.9   0.22748
   1652.4   0.22748
   1652.9   0.22749
   1653.4   0.22747
   1654.0   0.22749
   1654.5   0.22749
   1655.0   0.22747
   1655.6   0.22748
   1656.1   0.22750
   1656.6   0.22748
   1657.2   0.22748
   1657.7   0.22749
   1658.2   0.22750
   1658.7   0.22754
   1659.3   0.22754
   1659.8   0.22753
   1660.3   0.22752
   1660.9   0.22752
   1661.4   0.22754
   1661.9   0.22754
   1662.5   0.22754
   1663.0   0.22753
   1663.5   0.22749
   1664.1   0.22752
   1664.6   0.22754
   1665.1   0.22752
   1665.7   0.22757
   1666.2   0.22760
   1666.7   0.22761
   1667.3   0.22760
   1667.8   0.22760
   1668.3   0.22760
   1668.9   0.22760
   1669.4   0.22757
   1670.0   0.22754
   1670.5   0.22758
   1671.0   0.22757
   1671.6   0.22758
   1672.1   0.22761
   1672.7   0.22756
   1673.2   0.22752
   1673.7   0.22756
   1674.3   0.22759
   1674.8   0.22757
   1675.4   0.22754
   1675.9   0.22753
   1676.4   0.22754
   1677.0   0.22758
   1677.5   0.22760
   1678.1   0.22759
   1678.6   0.22758
   1679.2   0.22758
   1679.7   0.22759
   1680.2   0.22762
   1680.8   0.22760
   1681.3   0.22756
   1681.9   0.22754
   1682.4   0.22753
   1683.0   0.22754
   1683.5   0.22756
   1684.1   0.22761
   1684.6   0.22762
   1685.2   0.22760
   1685.7   0.22760
   1686.3   0.22757
   1686.8   0.22754
   1687.3   0.22758
   1687.9   0.22762
   1688.4   0.22761
   1689.0   0.22759
   1689.6   0.22758
   1690.1   0.22756
   1690.7   0.22758
   1691.2   0.22760
   1691.8   0.22762
   1692.3   0.22760
   1692.9   0.22759
   1693.4   0.22759
   1694.0   0.22762
   1694.5   0.22764
   1695.1   0.22763
   1695.6   0.22760
   1696.2   0.22757
   1696.7   0.22760
   1697.3   0.22759
   1697.8   0.22762
   1698.4   0.22761
   1699.0   0.22756
   1699.5   0.22756
   1700.1   0.22757
   1700.6   0.22759
   1701.2   0.22759
   1701.8   0.22758
   1702.3   0.22758
   1702.9   0.22761
   1703.4   0.22763
   1704.0   0.22759
   1704.6   0.22753
   1705.1   0.22752
   1705.7   0.22751
   1706.2   0.22754
   1706.8   0.22753
   1707.4   0.22753
   1707.9   0.22755
   1708.5   0.22752
   1709.0   0.22747
   1709.6   0.22747
   1710.2   0.22750
   1710.7   0.22755
   1711.3   0.22757
   1711.9   0.22753
   1712.4   0.22752
   1713.0   0.22751
   1713.6   0.22751
   1714.1   0.22751
   1714.7   0.22751
   1715.3   0.22752
   1715.8   0.22754
   1716.4   0.22751
   1717.0   0.22750
   1717.5   0.22755
   1718.1   0.22758
   1718.7   0.22754
   1719.2   0.22747
   1719.8   0.22743
   1720.4   0.22743
   1721.0   0.22744
   1721.5   0.22750
   1722.1   0.22751
   1722.7   0.22750
   1723.2   0.22751
   1723.8   0.22751
   1724.4   0.22747
   1725.0   0.22747
   1725.5   0.22746
   1726.1   0.22746
   1726.7   0.22749
   1727.3   0.22751
   1727.8   0.22751
   1728.4   0.22751
   1729.0   0.22749
   1729.6   0.22749
   1730.1   0.22750
   1730.7   0.22747
   1731.3   0.22745
   1731.9   0.22747
   1732.5   0.22749
   1733.0   0.22749
   1733.6   0.22749
   1734.2   0.22750
   1734.8   0.22752
   1735.4   0.22752
   1735.9   0.22751
   1736.5   0.22749
   1737.1   0.22745
   1737.7   0.22742
   1738.3   0.22749
   1738.8   0.22753
   1739.4   0.22752
   1740.0   0.22753
   1740.6   0.22752
   1741.2   0.22750
   1741.8   0.22750
   1742.3   0.22748
   1742.9   0.22748
   1743.5   0.22747
   1744.1   0.22746
   1744.7   0.22748
   1745.3   0.22748
   1745.9   0.22744
   1746.5   0.22742
   1747.1   0.22745
   1747.6   0.22747
   1748.2   0.22742
   1748.8   0.22743
   1749.4   0.22748
   1750.0   0.22750
   1750.6   0.22748
   1751.2   0.22744
   1751.8   0.22743
   1752.4   0.22743
   1753.0   0.22747
   1753.6   0.22746
   1754.1   0.22743
   1754.7   0.22743
   1755.3   0.22746
   1755.9   0.22747
   1756.5   0.22747
   1757.1   0.22751
   1757.7   0.22749
   1758.3   0.22749
   1758.9   0.22750
   1759.5   0.22749
   1760.1   0.22750
   1760.7   0.22748
   1761.3   0.22741
   1761.9   0.22735
   1762.5   0.22738
   1763.1   0.22740
   1763.7   0.22743
   1764.3   0.22746
   1764.9   0.22746
   1765.5   0.22744
   1766.1   0.22744
   1766.7   0.22745
   1767.3   0.22745
   1767.9   0.22745
   1768.5   0.22746
   1769.1   0.22743
   1769.7   0.22741
   1770.3   0.22738
   1770.9   0.22738
   1771.5   0.22746
   1772.1   0.22749
   1772.7   0.22746
   1773.3   0.22741
   1773.9   0.22743
   1774.6   0.22745
   1775.2   0.22746
   1775.8   0.22748
   1776.4   0.22746
   1777.0   0.22743
   1777.6   0.22746
   1778.2   0.22750
   1778.8   0.22749
   1779.4   0.22747
   1780.0   0.22743
   1780.7   0.22745
   1781.3   0.22745
   1781.9   0.22745
   1782.5   0.22745
   1783.1   0.22744
   1783.7   0.22746
   1784.3   0.22750
   1784.9   0.22751
   1785.6   0.22746
   1786.2   0.22745
   1786.8   0.22748
   1787.4   0.22748
   1788.0   0.22745
   1788.6   0.22741
   1789.3   0.22737
   1789.9   0.22737
   1790.5   0.22739
   1791.1   0.22743
   1791.7   0.22742
   1792.3   0.22740
   1793.0   0.22743
   1793.6   0.22749
   1794.2   0.22751
   1794.8   0.22747
   1795.4   0.22745
   1796.1   0.22744
   1796.7   0.22745
   1797.3   0.22748
   1797.9   0.22747
   1798.6   0.22746
   1799.2   0.22747
   1799.8   0.22743
   1800.4   0.22738
   1801.1   0.22738
   1801.7   0.22744
   1802.3   0.22745
   1802.9   0.22743
   1803.6   0.22742
   1804.2   0.22743
   1804.8   0.22742
   1805.4   0.22745
   1806.1   0.22746
   1806.7   0.22743
   1807.3   0.22745
   1808.0   0.22746
   1808.6   0.22742
   1809.2   0.22741
   1809.9   0.22742
   1810.5   0.22746
   1811.1   0.22752
   1811.8   0.22752
   1812.4   0.22752
   1813.0   0.22748
   1813.7   0.22747
   1814.3   0.22749
   1814.9   0.22746
   1815.6   0.22742
   1816.2   0.22744
   1816.8   0.22747
   1817.5   0.22747
   1818.1   0.22744
   1818.8   0.22748
   1819.4   0.22753
   1820.0   0.22752
   1820.7   0.22748
   1821.3   0.22741
   1821.9   0.22742
   1822.6   0.22743
   1823.2   0.22747
   1823.9   0.22746
   1824.5   0.22746
   1825.2   0.22749
   1825.8   0.22751
   1826.4   0.22748
   1827.1   0.22746
   1827.7   0.22748
   1828.4   0.22748
   1829.0   0.22745
   1829.7   0.22745
   1830.3   0.22747
   1831.0   0.22749
   1831.6   0.22749
   1832.3   0.22753
   1832.9   0.22756
   1833.6   0.22757
   1834.2   0.22757
   1834.8   0.22751
   1835.5   0.22749
   1836.1   0.22750
   1836.8   0.22750
   1837.4   0.22753
   1838.1   0.22755
   1838.8   0.22753
   1839.4   0.22756
   1840.1   0.22760
   1840.7   0.22758
   1841.4   0.22756
   1842.0   0.22760
   1842.7   0.22763
   1843.3   0.22759
   1844.0   0.22757
   1844.6   0.22757
   1845.3   0.22754
   1845.9   0.22758
   1846.6   0.22759
   1847.3   0.22756
   1847.9   0.22759
   1848.6   0.22761
   1849.2   0.22763
   1849.9   0.22762
   1850.6   0.22757
   1851.2   0.22758
   1851.9   0.22761
   1852.6   0.22761
   1853.2   0.22762
   1853.9   0.22767
   1854.5   0.22769
   1855.2   0.22768
   1855.9   0.22769
   1856.5   0.22773
   1857.2   0.22771
   1857.9   0.22771
   1858.5   0.22773
   1859.2   0.22772
   1859.9   0.22772
   1860.5   0.22768
   1861.2   0.22767
   1861.9   0.22769
   1862.5   0.22771
   1863.2   0.22774
   1863.9   0.22778
   1864.5   0.22775
   1865.2   0.22773
   1865.9   0.22772
   1866.6   0.22773
   1867.2   0.22780
   1867.9   0.22782
   1868.6   0.22780
   1869.2   0.22776
   1869.9   0.22773
   1870.6   0.22779
   1871.3   0.22786
   1871.9   0.22785
   1872.6   0.22783
   1873.3   0.22782
   1874.0   0.22782
   1874.7   0.22784
   1875.3   0.22786
   1876.0   0.22787
   1876.7   0.22788
   1877.4   0.22788
   1878.0   0.22791
   1878.7   0.22792
   1879.4   0.22790
   1880.1   0.22792
   1880.8   0.22790
   1881.4   0.22789
   1882.1   0.22791
   1882.8   0.22793
   1883.5   0.22792
   1884.2   0.22794
   1884.9   0.22790
   1885.6   0.22790
   1886.2   0.22791
   1886.9   0.22794
   1887.6   0.22795
   1888.3   0.22795
   1889.0   0.22797
   1889.7   0.22801
   1890.4   0.22802
   1891.1   0.22804
   1891.8   0.22802
   1892.4   0.22799
   1893.1   0.22798
   1893.8   0.22800
   1894.5   0.22804
   1895.2   0.22806
   1895.9   0.22808
   1896.6   0.22812
   1897.3   0.22808
   1898.0   0.22804
   1898.7   0.22801
   1899.4   0.22802
   1900.1   0.22808
   1900.8   0.22809
   1901.5   0.22808
   1902.2   0.22811
   1902.9   0.22814
   1903.6   0.22814
   1904.3   0.22814
   1905.0   0.22818
   1905.7   0.22820
   1906.4   0.22817
   1907.1   0.22818
   1907.8   0.22819
   1908.5   0.22820
   1909.2   0.22822
   1909.9   0.22818
   1910.6   0.22817
   1911.3   0.22825
   1912.0   0.22828
   1912.7   0.22826
   1913.4   0.22826
   1914.1   0.22827
   1914.8   0.22829
   1915.5   0.22829
   1916.2   0.22828
   1916.9   0.22832
   1917.6   0.22833
   1918.3   0.22835
   1919.1   0.22836
   1919.8   0.22835
   1920.5   0.22836
   1921.2   0.22842
   1921.9   0.22842
   1922.6   0.22839
   1923.3   0.22838
   1924.0   0.22839
   1924.8   0.22846
   1925.5   0.22847
   1926.2   0.22849
   1926.9   0.22852
   1927.6   0.22854
   1928.3   0.22857
   1929.1   0.22859
   1929.8   0.22859
   1930.5   0.22858
   1931.2   0.22858
   1931.9   0.22860
   1932.7   0.22858
   1933.4   0.22860
   1934.1   0.22866
   1934.8   0.22868
   1935.5   0.22868
   1936.3   0.22868
   1937.0   0.22870
   1937.7   0.22871
   1938.4   0.22873
   1939.2   0.22876
   1939.9   0.22877
   1940.6   0.22879
   1941.3   0.22880
   1942.1   0.22881
   1942.8   0.22884
   1943.5   0.22884
   1944.2   0.22889
   1945.0   0.22893
   1945.7   0.22892
   1946.4   0.22892
   1947.2   0.22894
   1947.9   0.22897
   1948.6   0.22901
   1949.4   0.22904
   1950.1   0.22905
   1950.8   0.22909
   1951.6   0.22912
   1952.3   0.22914
   1953.0   0.22915
   1953.8   0.22914
   1954.5   0.22913
   1955.2   0.22914
   1956.0   0.22919
   1956.7   0.22923
   1957.5   0.22925
   1958.2   0.22925
   1958.9   0.22926
   1959.7   0.22931
   1960.4   0.22939
   1961.2   0.22940
   1961.9   0.22936
   1962.6   0.22936
   1963.4   0.22939
   1964.1   0.22944
   1964.9   0.22947
   1965.6   0.22951
   1966.4   0.22951
   1967.1   0.22949
   1967.9   0.22952
   1968.6   0.22954
   1969.3   0.22955
   1970.1   0.22960
   1970.8   0.22959
   1971.6   0.22959
   1972.3   0.22962
   1973.1   0.22964
   1973.8   0.22970
   1974.6   0.22973
   1975.3   0.22973
   1976.1   0.22976
   1976.9   0.22979
   1977.6   0.22978
   1978.4   0.22979
   1979.1   0.22983
   1979.9   0.22987
   1980.6   0.22991
   1981.4   0.22992
   1982.2   0.22994
   1982.9   0.22996
   1983.7   0.22998
   1984.4   0.23001
   1985.2   0.23002
   1985.9   0.23004
   1986.7   0.23006
   1987.5   0.23007
   1988.2   0.23013
   1989.0   0.23017
   1989.8   0.23020
   1990.5   0.23020
   1991.3   0.23019
   1992.1   0.23021
   1992.8   0.23024
   1993.6   0.23025
   1994.3   0.23028
   1995.1   0.23034
   1995.9   0.23038
   1996.7   0.23037
   1997.4   0.23037
   1998.2   0.23039
   1999.0   0.23042
   1999.7   0.23047
   2000.5   0.23051
   2001.3   0.23053
   2002.1   0.23053
   2002.8   0.23055
   2003.6   0.23058
   2004.4   0.23062
   2005.2   0.23068
   2005.9   0.23070
   2006.7   0.23069
   2007.5   0.23068
   2008.3   0.23072
   2009.0   0.23074
   2009.8   0.23077
   2010.6   0.23078
   2011.4   0.23081
   2012.2   0.23080
   2012.9   0.23081
   2013.7   0.23086
   2014.5   0.23096
   2015.3   0.23102
   2016.1   0.23105
   2016.8   0.23108
   2017.6   0.23111
   2018.4   0.23114
   2019.2   0.23113
   2020.0   0.23116
   2020.8   0.23119
   2021.6   0.23123
   2022.3   0.23126
   2023.1   0.23128
   2023.9   0.23129
   2024.7   0.23130
   2025.5   0.23132
   2026.3   0.23138
   2027.1   0.23141
   2027.9   0.23143
   2028.7   0.23146
   2029.5   0.23148
   2030.3   0.23154
   2031.1   0.23159
   2031.9   0.23163
   2032.7   0.23164
   2033.5   0.23164
   2034.3   0.23162
   2035.1   0.23165
   2035.8   0.23173
   2036.7   0.23178
   2037.4   0.23182
   2038.3   0.23186
   2039.1   0.23184
   2039.9   0.23186
   2040.7   0.23188
   2041.5   0.23192
   2042.3   0.23198
   2043.1   0.23201
   2043.9   0.23209
   2044.7   0.23218
   2045.5   0.23220
   2046.3   0.23220
   2047.1   0.23224
   2047.9   0.23228
   2048.7   0.23228
   2049.5   0.23228
   2050.4   0.23229
   2051.2   0.23229
   2052.0   0.23232
   2052.8   0.23238
   2053.6   0.23239
   2054.4   0.23242
   2055.2   0.23247
   2056.0   0.23252
   2056.9   0.23257
   2057.7   0.23261
   2058.5   0.23262
   2059.3   0.23262
   2060.1   0.23266
   2060.9   0.23269
   2061.8   0.23272
   2062.6   0.23276
   2063.4   0.23280
   2064.2   0.23283
   2065.1   0.23287
   2065.9   0.23292
   2066.7   0.23295
   2067.5   0.23296
   2068.3   0.23304
   2069.2   0.23305
   2070.0   0.23303
   2070.8   0.23308
   2071.6   0.23312
   2072.5   0.23314
   2073.3   0.23318
   2074.1   0.23324
   2075.0   0.23331
   2075.8   0.23334
   2076.6   0.23333
   2077.5   0.23338
   2078.3   0.23345
   2079.1   0.23350
   2080.0   0.23349
   2080.8   0.23351
   2081.6   0.23356
   2082.5   0.23361
   2083.3   0.23366
   2084.1   0.23368
   2085.0   0.23374
   2085.8   0.23377
   2086.6   0.23376
   2087.5   0.23380
   2088.3   0.23387
   2089.2   0.23389
   2090.0   0.23389
   2090.9   0.23395
   2091.7   0.23402
   2092.6   0.23408
   2093.4   0.23412
   2094.2   0.23415
   2095.1   0.23419
   2095.9   0.23422
   2096.8   0.23426
   2097.6   0.23425
   2098.5   0.23428
   2099.3   0.23434
   2100.2   0.23440
   2101.0   0.23445
   2101.9   0.23446
   2102.7   0.23446
   2103.6   0.23451
   2104.4   0.23454
   2105.3   0.23457
   2106.1   0.23465
   2107.0   0.23470
   2107.9   0.23475
   2108.7   0.23476
   2109.6   0.23476
   2110.4   0.23482
   2111.3   0.23488
   2112.1   0.23491
   2113.0   0.23495
   2113.9   0.23502
   2114.7   0.23507
   2115.6   0.23511
   2116.5   0.23513
   2117.3   0.23517
   2118.2   0.23524
   2119.1   0.23527
   2119.9   0.23528
   2120.8   0.23530
   2121.7   0.23536
   2122.5   0.23543
   2123.4   0.23550
   2124.3   0.23555
   2125.1   0.23555
   2126.0   0.23558
   2126.9   0.23563
   2127.8   0.23569
   2128.6   0.23574
   2129.5   0.23578
   2130.4   0.23583
   2131.3   0.23590
   2132.1   0.23592
   2133.0   0.23598
   2133.9   0.23605
   2134.8   0.23605
   2135.6   0.23611
   2136.5   0.23617
   2137.4   0.23619
   2138.3   0.23620
   2139.2   0.23622
   2140.1   0.23626
   2140.9   0.23630
   2141.8   0.23636
   2142.7   0.23641
   2143.6   0.23646
   2144.5   0.23652
   2145.4   0.23655
   2146.3   0.23659
   2147.1   0.23663
   2148.0   0.23669
   2148.9   0.23674
   2149.8   0.23678
   2150.7   0.23684
   2151.6   0.23688
   2152.5   0.23692
   2153.4   0.23695
   2154.3   0.23700
   2155.2   0.23702
   2156.1   0.23707
   2157.0   0.23710
   2157.9   0.23714
   2158.8   0.23722
   2159.7   0.23730
   2160.6   0.23733
   2161.5   0.23737
   2162.4   0.23741
   2163.3   0.23744
   2164.2   0.23746
   2165.1   0.23751
   2166.0   0.23760
   2166.9   0.23759
   2167.8   0.23763
   2168.7   0.23773
   2169.6   0.23781
   2170.5   0.23785
   2171.4   0.23788
   2172.3   0.23791
   2173.2   0.23796
   2174.1   0.23801
   2175.1   0.23802
   2176.0   0.23805
   2176.9   0.23811
   2177.8   0.23817
   2178.7   0.23822
   2179.6   0.23826
   2180.6   0.23830
   2181.5   0.23834
   2182.4   0.23842
   2183.3   0.23847
   2184.2   0.23852
   2185.1   0.23858
   2186.1   0.23859
   2187.0   0.23861
   2187.9   0.23867
   2188.8   0.23873
   2189.8   0.23877
   2190.7   0.23882
   2191.6   0.23886
   2192.5   0.23891
   2193.5   0.23899
   2194.4   0.23900
   2195.3   0.23907
   2196.3   0.23914
   2197.2   0.23919
   2198.1   0.23926
   2199.1   0.23932
   2200.0   0.23935
   2200.9   0.23936
   2201.9   0.23938
   2202.8   0.23944
   2203.7   0.23948
   2204.7   0.23955
   2205.6   0.23962
   2206.5   0.23965
   2207.5   0.23970
   2208.4   0.23977
   2209.4   0.23981
   2210.3   0.23984
   2211.2   0.23987
   2212.2   0.23990
   2213.1   0.23990
   2214.1   0.23995
   2215.0   0.24003
   2216.0   0.24011
   2216.9   0.24019
   2217.9   0.24018
   2218.8   0.24019
   2219.8   0.24025
   2220.7   0.24031
   2221.7   0.24035
   2222.6   0.24038
   2223.6   0.24046
   2224.5   0.24050
   2225.5   0.24054
   2226.4   0.24059
   2227.4   0.24061
   2228.4   0.24068
   2229.3   0.24074
   2230.3   0.24076
   2231.2   0.24079
   2232.2   0.24087
   2233.1   0.24092
   2234.1   0.24096
   2235.1   0.24100
   2236.0   0.24104
   2237.0   0.24112
   2238.0   0.24115
   2238.9   0.24119
   2239.9   0.24126
   2240.9   0.24131
   2241.8   0.24135
   2242.8   0.24140
   2243.8   0.24142
   2244.8   0.24145
   2245.7   0.24152
   2246.7   0.24157
   2247.7   0.24160
   2248.6   0.24162
   2249.6   0.24165
   2250.6   0.24171
   2251.6   0.24180
   2252.6   0.24181
   2253.5   0.24181
   2254.5   0.24186
   2255.5   0.24193
   2256.5   0.24195
   2257.5   0.24202
   2258.4   0.24208
   2259.4   0.24211
   2260.4   0.24215
   2261.4   0.24220
   2262.4   0.24228
   2263.4   0.24234
   2264.4   0.24239
   2265.4   0.24243
   2266.3   0.24245
   2267.3   0.24248
   2268.3   0.24256
   2269.3   0.24261
   2270.3   0.24262
   2271.3   0.24267
   2272.3   0.24274
   2273.3   0.24279
   2274.3   0.24281
   2275.3   0.24285
   2276.3   0.24292
   2277.3   0.24298
   2278.3   0.24306
   2279.3   0.24308
   2280.3   0.24310
   2281.3   0.24317
   2282.3   0.24323
   2283.3   0.24328
   2284.3   0.24337
   2285.3   0.24343
   2286.3   0.24344
   2287.3   0.24347
   2288.3   0.24356
   2289.4   0.24361
   2290.4   0.24362
   2291.4   0.24366
   2292.4   0.24372
   2293.4   0.24376
   2294.4   0.24379
   2295.4   0.24386
   2296.4   0.24392
   2297.5   0.24397
   2298.5   0.24401
   2299.5   0.24405
   2300.5   0.24408
   2301.6   0.24414
   2302.6   0.24423
   2303.6   0.24427
   2304.6   0.24432
   2305.6   0.24439
   2306.7   0.24444
   2307.7   0.24446
   2308.7   0.24450
   2309.8   0.24455
   2310.8   0.24461
   2311.8   0.24466
   2312.8   0.24470
   2313.9   0.24473
   2314.9   0.24477
   2315.9   0.24484
   2317.0   0.24491
   2318.0   0.24496
   2319.1   0.24507
   2320.1   0.24514
   2321.1   0.24514
   2322.2   0.24517
   2323.2   0.24521
   2324.3   0.24526
   2325.3   0.24532
   2326.3   0.24536
   2327.4   0.24544
   2328.4   0.24553
   2329.5   0.24555
   2330.5   0.24561
   2331.6   0.24566
   2332.6   0.24566
   2333.7   0.24567
   2334.7   0.24572
   2335.8   0.24579
   2336.8   0.24585
   2337.9   0.24593
   2338.9   0.24604
   2340.0   0.24610
   2341.0   0.24611
   2342.1   0.24613
   2343.1   0.24618
   2344.2   0.24623
   2345.3   0.24627
   2346.3   0.24633
   2347.4   0.24639
   2348.5   0.24642
   2349.5   0.24647
   2350.6   0.24657
   2351.7   0.24663
   2352.7   0.24664
   2353.8   0.24667
   2354.9   0.24672
   2355.9   0.24684
   2357.0   0.24690
   2358.1   0.24691
   2359.1   0.24697
   2360.2   0.24702
   2361.3   0.24703
   2362.4   0.24706
   2363.4   0.24715
   2364.5   0.24725
   2365.6   0.24729
   2366.7   0.24733
   2367.8   0.24736
   2368.9   0.24740
   2369.9   0.24746
   2371.0   0.24754
   2372.1   0.24761
   2373.2   0.24762
   2374.3   0.24769
   2375.4   0.24778
   2376.4   0.24782
   2377.5   0.24789
   2378.6   0.24792
   2379.7   0.24794
   2380.8   0.24797
   2381.9   0.24802
   2383.0   0.24810
   2384.1   0.24818
   2385.2   0.24827
   2386.3   0.24833
   2387.4   0.24835
   2388.5   0.24838
   2389.6   0.24845
   2390.7   0.24850
   2391.8   0.24853
   2392.9   0.24859
   2394.0   0.24865
   2395.1   0.24868
   2396.2   0.24872
   2397.3   0.24877
   2398.4   0.24884
   2399.5   0.24890
   2400.6   0.24894
   2401.8   0.24898
   2402.9   0.24905
   2404.0   0.24911
   2405.1   0.24916
   2406.2   0.24919
   2407.3   0.24923
   2408.5   0.24929
   2409.6   0.24936
   2410.7   0.24942
   2411.8   0.24952
   2412.9   0.24963
   2414.1   0.24971
   2415.2   0.24971
   2416.3   0.24972
   2417.4   0.24978
   2418.6   0.24987
   2419.7   0.24989
   2420.8   0.24991
   2422.0   0.24997
   2423.1   0.25002
   2424.2   0.25007
   2425.4   0.25013
   2426.5   0.25019
   2427.6   0.25028
   2428.8   0.25032
   2429.9   0.25034
   2431.1   0.25038
   2432.2   0.25042
   2433.3   0.25045
   2434.5   0.25053
   2435.6   0.25059
   2436.8   0.25061
   2437.9   0.25065
   2439.1   0.25069
   2440.2   0.25074
   2441.4   0.25080
   2442.5   0.25088
   2443.6   0.25092
   2444.8   0.25095
   2445.9   0.25099
   2447.1   0.25107
   2448.3   0.25118
   2449.4   0.25124
   2450.6   0.25126
   2451.7   0.25130
   2452.9   0.25134
   2454.1   0.25139
   2455.2   0.25144
   2456.4   0.25149
   2457.6   0.25154
   2458.7   0.25161
   2459.9   0.25166
   2461.1   0.25168
   2462.2   0.25170
   2463.4   0.25176
   2464.6   0.25182
   2465.7   0.25184
   2466.9   0.25186
   2468.1   0.25196
   2469.3   0.25205
   2470.4   0.25207
   2471.6   0.25207
   2472.8   0.25213
   2474.0   0.25217
   2475.1   0.25221
   2476.3   0.25229
   2477.5   0.25236
   2478.7   0.25237
   2479.9   0.25238
   2481.1   0.25245
   2482.3   0.25251
   2483.4   0.25256
   2484.6   0.25262
   2485.8   0.25264
   2487.0   0.25269
   2488.2   0.25275
   2489.4   0.25279
   2490.6   0.25287
   2491.8   0.25297
   2493.0   0.25303
   2494.2   0.25308
   2495.4   0.25313
   2496.6   0.25316
   2497.8   0.25323
   2499.0   0.25333
   2500.2   0.25337
   2501.4   0.25338
   2502.6   0.25341
   2503.8   0.25342
   2505.0   0.25349
   2506.3   0.25359
   2507.5   0.25368
   2508.7   0.25374
   2509.9   0.25376
   2511.1   0.25378
   2512.3   0.25382
   2513.5   0.25389
   2514.8   0.25398
   2516.0   0.25404
   2517.2   0.25408
   2518.4   0.25411
   2519.6   0.25420
   2520.9   0.25428
   2522.1   0.25438
   2523.3   0.25443
   2524.6   0.25442
   2525.8   0.25443
   2527.0   0.25451
   2528.2   0.25457
   2529.5   0.25458
   2530.7   0.25463
   2531.9   0.25470
   2533.2   0.25475
   2534.4   0.25482
   2535.7   0.25490
   2536.9   0.25493
   2538.1   0.25497
   2539.4   0.25502
   2540.6   0.25505
   2541.9   0.25511
   2543.1   0.25518
   2544.4   0.25524
   2545.6   0.25531
   2546.9   0.25535
   2548.1   0.25539
   2549.4   0.25543
   2550.6   0.25550
   2551.9   0.25559
   2553.1   0.25566
   2554.4   0.25564
   2555.6   0.25564
   2556.9   0.25570
   2558.2   0.25577
   2559.4   0.25587
   2560.7   0.25602
   2562.0   0.25608
   2563.2   0.25608
   2564.5   0.25613
   2565.8   0.25617
   2567.0   0.25617
   2568.3   0.25624
   2569.6   0.25635
   2570.9   0.25639
   2572.1   0.25640
   2573.4   0.25647
   2574.7   0.25649
   2576.0   0.25652
   2577.3   0.25657
   2578.5   0.25658
   2579.8   0.25659
   2581.1   0.25667
   2582.4   0.25675
   2583.7   0.25686
   2585.0   0.25687
   2586.2   0.25691
   2587.5   0.25699
   2588.8   0.25706
   2590.1   0.25712
   2591.4   0.25712
   2592.7   0.25714
   2594.0   0.25735
   2595.3   0.25752
   2596.6   0.25741
   2597.9   0.25735
   2599.2   0.25737
   2600.5   0.25737
   2601.8   0.25745
   2603.1   0.25756
   2604.4   0.25765
   2605.7   0.25772
   2607.1   0.25773
   2608.4   0.25771
   2609.7   0.25769
   2611.0   0.25773
   2612.3   0.25783
   2613.6   0.25788
   2614.9   0.25788
   2616.3   0.25798
   2617.6   0.25807
   2618.9   0.25808
   2620.2   0.25815
   2621.6   0.25817
   2622.9   0.25812
   2624.2   0.25813
   2625.5   0.25820
   2626.9   0.25834
   2628.2   0.25838
   2629.5   0.25842
   2630.9   0.25849
   2632.2   0.25852
   2633.5   0.25852
   2634.9   0.25854
   2636.2   0.25857
   2637.6   0.25861
   2638.9   0.25865
   2640.2   0.25870
   2641.6   0.25872
   2642.9   0.25871
   2644.3   0.25875
   2645.6   0.25882
   2647.0   0.25883
   2648.3   0.25882
   2649.7   0.25888
   2651.0   0.25895
   2652.4   0.25901
   2653.8   0.25903
   2655.1   0.25904
   2656.5   0.25910
   2657.8   0.25910
   2659.2   0.25914
   2660.6   0.25920
   2661.9   0.25921
   2663.3   0.25922
   2664.7   0.25936
   2666.0   0.25947
   2667.4   0.25945
   2668.8   0.25938
   2670.1   0.25943
   2671.5   0.25938
   2672.9   0.25926
   2674.3   0.25925
   2675.6   0.25934
   2677.0   0.25938
   2678.4   0.25932
   2679.8   0.25930
   2681.2   0.25924
   2682.6   0.25922
   2684.0   0.25924
   2685.4   0.25919
   2686.8   0.25911
   2688.1   0.25905
   2689.5   0.25897
   2690.9   0.25892
   2692.3   0.25889
   2693.7   0.25884
   2695.1   0.25872
   2696.5   0.25859
   2697.9   0.25839
   2699.3   0.25819
   2700.7   0.25806
   2702.1   0.25787
   2703.6   0.25759
   2705.0   0.25739
   2706.4   0.25713
   2707.8   0.25678
   2709.2   0.25655
   2710.6   0.25639
   2712.0   0.25614
   2713.5   0.25581
   2714.9   0.25556
   2716.3   0.25535
   2717.7   0.25523
   2719.1   0.25506
   2720.6   0.25484
   2722.0   0.25452
   2723.4   0.25421
   2724.9   0.25391
   2726.3   0.25351
   2727.7   0.25316
   2729.2   0.25288
   2730.6   0.25259
   2732.0   0.25226
   2733.5   0.25198
   2734.9   0.25165
   2736.4   0.25128
   2737.8   0.25091
   2739.3   0.25063
   2740.7   0.25030
   2742.2   0.24984
   2743.6   0.24938
   2745.1   0.24893
   2746.5   0.24850
   2748.0   0.24813
   2749.4   0.24780
   2750.9   0.24735
   2752.3   0.24691
   2753.8   0.24655
   2755.3   0.24618
   2756.7   0.24570
   2758.2   0.24518
   2759.7   0.24469
   2761.1   0.24425
   2762.6   0.24386
   2764.1   0.24344
   2765.6   0.24302
   2767.0   0.24266
   2768.5   0.24229
   2770.0   0.24186
   2771.5   0.24148
   2772.9   0.24106
   2774.4   0.24061
   2775.9   0.24016
   2777.4   0.23979
   2778.9   0.23946
   2780.4   0.23913
   2781.9   0.23876
   2783.4   0.23839
   2784.9   0.23803
   2786.4   0.23772
   2787.9   0.23738
   2789.4   0.23705
   2790.9   0.23671
   2792.4   0.23637
   2793.9   0.23610
   2795.4   0.23580
   2796.9   0.23552
   2798.4   0.23524
   2799.9   0.23497
   2801.4   0.23477
   2802.9   0.23460
   2804.4   0.23431
   2806.0   0.23401
   2807.5   0.23379
   2809.0   0.23350
   2810.5   0.23323
   2812.1   0.23301
   2813.6   0.23276
   2815.1   0.23253
   2816.6   0.23236
   2818.2   0.23216
   2819.7   0.23198
   2821.2   0.23182
   2822.8   0.23162
   2824.3   0.23142
   2825.8   0.23121
   2827.4   0.23105
   2828.9   0.23089
   2830.5   0.23068
   2832.0   0.23050
   2833.6   0.23034
   2835.1   0.23024
   2836.7   0.23011
   2838.2   0.22996
   2839.8   0.22982
   2841.3   0.22966
   2842.9   0.22953
   2844.4   0.22938
   2846.0   0.22918
   2847.6   0.22899
   2849.1   0.22885
   2850.7   0.22875
   2852.3   0.22865
   2853.8   0.22857
   2855.4   0.22844
   2857.0   0.22831
   2858.6   0.22819
   2860.1   0.22808
   2861.7   0.22805
   2863.3   0.22797
   2864.9   0.22784
   2866.4   0.22773
   2868.0   0.22759
   2869.6   0.22749
   2871.2   0.22737
   2872.8   0.22726
   2874.4   0.22719
   2876.0   0.22709
   2877.6   0.22700
   2879.2   0.22696
   2880.8   0.22690
   2882.4   0.22681
   2884.0   0.22672
   2885.6   0.22664
   2887.2   0.22661
   2888.8   0.22655
   2890.4   0.22647
   2892.0   0.22639
   2893.6   0.22634
   2895.3   0.22635
   2896.9   0.22636
   2898.5   0.22630
   2900.1   0.22621
   2901.7   0.22617
   2903.4   0.22616
   2905.0   0.22611
   2906.6   0.22607
   2908.3   0.22601
   2909.9   0.22596
   2911.5   0.22599
   2913.1   0.22598
   2914.8   0.22589
   2916.4   0.22584
   2918.1   0.22583
   2919.7   0.22582
   2921.4   0.22583
   2923.0   0.22581
   2924.7   0.22580
   2926.3   0.22577
   2928.0   0.22572
   2929.6   0.22574
   2931.3   0.22573
   2932.9   0.22573
   2934.6   0.22576
   2936.3   0.22578
   2937.9   0.22576
   2939.6   0.22576
   2941.2   0.22575
   2942.9   0.22575
   2944.6   0.22576
   2946.3   0.22572
   2947.9   0.22577
   2949.6   0.22580
   2951.3   0.22579
   2953.0   0.22581
   2954.6   0.22587
   2956.3   0.22589
   2958.0   0.22592
   2959.7   0.22600
   2961.4   0.22601
   2963.1   0.22602
   2964.8   0.22605
   2966.5   0.22608
   2968.2   0.22613
   2969.9   0.22617
   2971.6   0.22616
   2973.3   0.22626
   2975.0   0.22640
   2976.7   0.22645
   2978.4   0.22649
   2980.1   0.22658
   2981.8   0.22662
   2983.6   0.22669
   2985.3   0.22679
   2987.0   0.22689
   2988.7   0.22702
   2990.4   0.22710
   2992.2   0.22715
   2993.9   0.22724
   2995.6   0.22734
   2997.4   0.22746
   2999.1   0.22752
   3000.8   0.22754
   3002.6   0.22765
   3004.3   0.22775
   3006.0   0.22784
   3007.8   0.22797
   3009.5   0.22808
   3011.3   0.22819
   3013.0   0.22830
   3014.8   0.22841
   3016.5   0.22850
   3018.3   0.22856
   3020.0   0.22861
   3021.8   0.22872
   3023.6   0.22879
   3025.3   0.22889
   3027.1   0.22904
   3028.9   0.22913
   3030.6   0.22923
   3032.4   0.22941
   3034.2   0.22949
   3036.0   0.22953
   3037.7   0.22961
   3039.5   0.22973
   3041.3   0.22981
   3043.1   0.22987
   3044.9   0.22997
   3046.7   0.23010
   3048.4   0.23019
   3050.2   0.23024
   3052.0   0.23031
   3053.8   0.23040
   3055.6   0.23052
   3057.4   0.23067
   3059.2   0.23076
   3061.1   0.23080
   3062.9   0.23089
   3064.7   0.23102
   3066.5   0.23111
   3068.3   0.23119
   3070.1   0.23125
   3071.9   0.23136
   3073.8   0.23151
   3075.6   0.23156
   3077.4   0.23161
   3079.2   0.23179
   3081.1   0.23193
   3082.9   0.23196
   3084.7   0.23201
   3086.6   0.23212
   3088.4   0.23225
   3090.2   0.23235
   3092.1   0.23253
   3093.9   0.23267
   3095.8   0.23272
   3097.6   0.23286
   3099.5   0.23304
   3101.3   0.23312
   3103.2   0.23321
   3105.0   0.23336
   3106.9   0.23351
   3108.8   0.23369
   3110.6   0.23381
   3112.5   0.23395
   3114.4   0.23407
   3116.2   0.23416
   3118.1   0.23430
   3120.0   0.23444
   3121.9   0.23458
   3123.7   0.23471
   3125.6   0.23483
   3127.5   0.23496
   3129.4   0.23511
   3131.3   0.23528
   3133.2   0.23546
   3135.1   0.23556
   3137.0   0.23570
   3138.9   0.23591
   3140.8   0.23608
   3142.7   0.23624
   3144.6   0.23636
   3146.5   0.23649
   3148.4   0.23668
   3150.3   0.23681
   3152.2   0.23696
   3154.1   0.23718
   3156.1   0.23731
   3158.0   0.23745
   3159.9   0.23757
   3161.8   0.23772
   3163.8   0.23798
   3165.7   0.23817
   3167.6   0.23823
   3169.6   0.23843
   3171.5   0.23866
   3173.4   0.23880
   3175.4   0.23894
   3177.3   0.23907
   3179.3   0.23923
   3181.2   0.23939
   3183.2   0.23954
   3185.1   0.23972
   3187.1   0.23991
   3189.1   0.24004
   3191.0   0.24015
   3193.0   0.24032
   3194.9   0.24049
   3196.9   0.24070
   3198.9   0.24084
   3200.9   0.24099
   3202.9   0.24117
   3204.8   0.24132
   3206.8   0.24146
   3208.8   0.24159
   3210.8   0.24174
   3212.8   0.24190
   3214.8   0.24207
   3216.8   0.24222
   3218.8   0.24239
   3220.8   0.24257
   3222.8   0.24268
   3224.8   0.24284
   3226.8   0.24298
   3228.8   0.24314
   3230.8   0.24327
   3232.8   0.24338
   3234.8   0.24351
   3236.8   0.24364
   3238.9   0.24376
   3240.9   0.24388
   3242.9   0.24408
   3244.9   0.24424
   3247.0   0.24432
   3249.0   0.24443
   3251.0   0.24460
   3253.1   0.24470
   3255.1   0.24485
   3257.2   0.24502
   3259.2   0.24515
   3261.3   0.24528
   3263.3   0.24543
   3265.4   0.24559
   3267.4   0.24579
   3269.5   0.24600
   3271.6   0.24618
   3273.6   0.24631
   3275.7   0.24639
   3277.8   0.24644
   3279.8   0.24657
   3281.9   0.24678
   3284.0   0.24692
   3286.1   0.24704
   3288.1   0.24723
   3290.2   0.24738
   3292.3   0.24747
   3294.4   0.24758
   3296.5   0.24774
   3298.6   0.24786
   3300.7   0.24800
   3302.8   0.24809
   3304.9   0.24816
   3307.0   0.24833
   3309.1   0.24851
   3311.2   0.24860
   3313.4   0.24866
   3315.5   0.24875
   3317.6   0.24887
   3319.7   0.24893
   3321.9   0.24898
   3324.0   0.24904
   3326.1   0.24914
   3328.3   0.24919
   3330.4   0.24924
   3332.5   0.24928
   3334.7   0.24933
   3336.8   0.24940
   3339.0   0.24942
   3341.1   0.24941
   3343.3   0.24937
   3345.4   0.24932
   3347.6   0.24930
   3349.8   0.24926
   3351.9   0.24914
   3354.1   0.24903
   3356.3   0.24888
   3358.4   0.24868
   3360.6   0.24837
   3362.8   0.24803
   3365.0   0.24772
   3367.1   0.24738
   3369.3   0.24709
   3371.5   0.24696
   3373.7   0.24693
   3375.9   0.24696
   3378.1   0.24708
   3380.3   0.24735
   3382.5   0.24762
   3384.7   0.24783
   3386.9   0.24807
   3389.1   0.24829
   3391.4   0.24838
   3393.6   0.24836
   3395.8   0.24818
   3398.0   0.24805
   3400.3   0.24787
   3402.5   0.24760
   3404.7   0.24740
   3407.0   0.24719
   3409.2   0.24705
   3411.4   0.24690
   3413.7   0.24682
   3415.9   0.24690
   3418.2   0.24708
   3420.4   0.24741
   3422.7   0.24781
   3425.0   0.24819
   3427.2   0.24854
   3429.5   0.24887
   3431.8   0.24919
   3434.0   0.24954
   3436.3   0.24980
   3438.6   0.25001
   3440.9   0.25023
   3443.2   0.25045
   3445.4   0.25063
   3447.7   0.25086
   3450.0   0.25113
   3452.3   0.25135
   3454.6   0.25155
   3456.9   0.25170
   3459.2   0.25185
   3461.6   0.25202
   3463.9   0.25213
   3466.2   0.25212
   3468.5   0.25207
   3470.8   0.25210
   3473.1   0.25214
   3475.5   0.25217
   3477.8   0.25231
   3480.1   0.25244
   3482.5   0.25255
   3484.8   0.25265
   3487.2   0.25267
   3489.5   0.25264
   3491.9   0.25263
   3494.2   0.25265
   3496.6   0.25259
   3498.9   0.25257
   3501.3   0.25273
   3503.6   0.25305
   3506.0   0.25343
   3508.4   0.25383
   3510.8   0.25426
   3513.1   0.25464
   3515.5   0.25502
   3517.9   0.25538
   3520.3   0.25575
   3522.7   0.25601
   3525.1   0.25623
   3527.5   0.25652
   3529.9   0.25665
   3532.3   0.25675
   3534.7   0.25701
   3537.1   0.25727
   3539.5   0.25743
   3541.9   0.25747
   3544.4   0.25763
   3546.8   0.25781
   3549.2   0.25790
   3551.6   0.25790
   3554.1   0.25803
   3556.5   0.25820
   3559.0   0.25834
   3561.4   0.25843
   3563.9   0.25849
   3566.3   0.25863
   3568.8   0.25877
   3571.2   0.25886
   3573.7   0.25890
   3576.1   0.25896
   3578.6   0.25901
   3581.1   0.25915
   3583.6   0.25931
   3586.0   0.25933
   3588.5   0.25938
   3591.0   0.25945
   3593.5   0.25950
   3596.0   0.25951
   3598.5   0.25950
   3601.0   0.25966
   3603.5   0.25979
   3606.0   0.25980
   3608.5   0.25985
   3611.0   0.25998
   3613.5   0.26005
   3616.0   0.26007
   3618.6   0.26006
   3621.1   0.26007
   3623.6   0.26014
   3626.1   0.26022
   3628.7   0.26031
   3631.2   0.26037
   3633.8   0.26050
   3636.3   0.26060
   3638.9   0.26064
   3641.4   0.26069
   3644.0   0.26072
   3646.6   0.26070
   3649.1   0.26074
   3651.7   0.26079
   3654.3   0.26090
   3656.9   0.26097
   3659.4   0.26103
   3662.0   0.26111
   3664.6   0.26120
   3667.2   0.26128
   3669.8   0.26134
   3672.4   0.26140
   3675.0   0.26148
   3677.6   0.26158
   3680.2   0.26168
   3682.8   0.26177
   3685.4   0.26183
   3688.1   0.26191
   3690.7   0.26201
   3693.3   0.26212
   3695.9   0.26220
   3698.6   0.26227
   3701.2   0.26234
   3703.9   0.26240
   3706.5   0.26247
   3709.2   0.26256
   3711.8   0.26264
   3714.5   0.26271
   3717.1   0.26276
   3719.8   0.26284
   3722.5   0.26293
   3725.2   0.26301
   3727.8   0.26308
   3730.5   0.26315
   3733.2   0.26321
   3735.9   0.26328
   3738.6   0.26335
   3741.3   0.26341
   3744.0   0.26346
   3746.7   0.26354
   3749.4   0.26359
   3752.1   0.26366
   3754.8   0.26373
   3757.6   0.26379
   3760.3   0.26385
   3763.0   0.26389
   3765.7   0.26394
   3768.5   0.26403
   3771.2   0.26408
   3774.0   0.26412
   3776.7   0.26420
   3779.5   0.26428
   3782.2   0.26430
   3785.0   0.26431
   3787.7   0.26436
   3790.5   0.26442
   3793.3   0.26447
   3796.1   0.26450
   3798.8   0.26453
   3801.6   0.26455
   3804.4   0.26460
   3807.2   0.26465
   3810.0   0.26468
   3812.8   0.26474
   3815.6   0.26480
   3818.4   0.26484
   3821.2   0.26486
   3824.1   0.26489
   3826.9   0.26492
   3829.7   0.26494
   3832.5   0.26497
   3835.4   0.26496
   3838.2   0.26496
   3841.1   0.26500
   3843.9   0.26503
   3846.8   0.26508
   3849.6   0.26510
   3852.5   0.26510
   3855.3   0.26512
   3858.2   0.26514
   3861.1   0.26516
   3863.9   0.26518
   3866.8   0.26520
   3869.7   0.26521
   3872.6   0.26522
   3875.5   0.26526
   3878.4   0.26527
   3881.3   0.26526
   3884.2   0.26526
   3887.1   0.26528
   3890.0   0.26529
   3893.0   0.26529
   3895.9   0.26530
   3898.8   0.26532
   3901.7   0.26534
   3904.7   0.26533
   3907.6   0.26531
   3910.6   0.26531
   3913.5   0.26530
   3916.5   0.26531
   3919.4   0.26532
   3922.4   0.26534
   3925.4   0.26534
   3928.4   0.26531
   3931.3   0.26531
   3934.3   0.26532
   3937.3   0.26530
   3940.3   0.26528
   3943.3   0.26526
   3946.3   0.26526
   3949.3   0.26524
   3952.3   0.26522
   3955.3   0.26522
   3958.3   0.26521
   3961.4   0.26518
   3964.4   0.26514
   3967.4   0.26512
   3970.5   0.26513
   3973.5   0.26513
   3976.6   0.26513
   3979.6   0.26512
   3982.6   0.26511
   3985.7   0.26510
   3988.8   0.26511
   3991.9   0.26514
   3994.9   0.26516
   3998.0   0.26515
   4001.1   0.26513
   4004.2   0.26512
   4007.3   0.26514
   4010.4   0.26514
   4013.5   0.26514
   4016.6   0.26513
   4019.7   0.26513
   4022.8   0.26514
   4025.9   0.26514
   4029.1   0.26510
   4032.2   0.26506
   4035.3   0.26505
   4038.5   0.26505
   4041.6   0.26503
   4044.8   0.26501
   4047.9   0.26500
   4051.1   0.26500
   4054.3   0.26500
   4057.4   0.26499
   4060.6   0.26497
   4063.8   0.26494
   4067.0   0.26492
   4070.2   0.26492
   4073.4   0.26491
   4076.6   0.26488
   4079.8   0.26485
   4083.0   0.26484
   4086.2   0.26479
   4089.4   0.26477
   4092.7   0.26475
   4095.9   0.26471
   4099.1   0.26467
   4102.4   0.26465
   4105.6   0.26463
   4108.9   0.26459
   4112.1   0.26456
   4115.4   0.26453
   4118.7   0.26449
   4122.0   0.26448
   4125.2   0.26445
   4128.5   0.26439
   4131.8   0.26435
   4135.1   0.26433
   4138.4   0.26427
   4141.7   0.26423
   4145.0   0.26418
   4148.3   0.26413
   4151.6   0.26409
   4155.0   0.26405
   4158.3   0.26399
   4161.6   0.26394
   4165.0   0.26389
   4168.3   0.26387
   4171.7   0.26382
   4175.0   0.26376
   4178.4   0.26372
   4181.8   0.26367
   4185.2   0.26364
   4188.5   0.26362
   4191.9   0.26357
   4195.3   0.26352
   4198.7   0.26344
   4202.1   0.26338
   4205.5   0.26332
   4208.9   0.26327
   4212.4   0.26320
   4215.8   0.26312
   4219.2   0.26303
   4222.6   0.26299
   4226.1   0.26290
   4229.5   0.26279
   4233.0   0.26265
   4236.5   0.26255
   4239.9   0.26244
   4243.4   0.26231
   4246.9   0.26214
   4250.3   0.26198
   4253.8   0.26179
   4257.3   0.26162
   4260.8   0.26143
   4264.3   0.26123
   4267.8   0.26100
   4271.3   0.26074
   4274.9   0.26051
   4278.4   0.26029
   4281.9   0.26000
   4285.5   0.25969
   4289.0   0.25940
   4292.6   0.25912
   4296.1   0.25879
   4299.7   0.25843
   4303.3   0.25808
   4306.8   0.25776
   4310.4   0.25742
   4314.0   0.25710
   4317.6   0.25680
   4321.2   0.25651
   4324.8   0.25621
   4328.4   0.25593
   4332.0   0.25566
   4335.6   0.25542
   4339.3   0.25514
   4342.9   0.25486
   4346.5   0.25457
   4350.2   0.25428
   4353.8   0.25406
   4357.5   0.25383
   4361.1   0.25354
   4364.8   0.25328
   4368.5   0.25304
   4372.2   0.25277
   4375.9   0.25250
   4379.6   0.25227
   4383.3   0.25204
   4387.0   0.25183
   4390.7   0.25161
   4394.4   0.25140
   4398.1   0.25120
   4401.9   0.25103
   4405.6   0.25087
   4409.4   0.25072
   4413.1   0.25056
   4416.9   0.25044
   4420.6   0.25032
   4424.4   0.25022
   4428.2   0.25010
   4432.0   0.24999
   4435.8   0.24990
   4439.6   0.24981
   4443.4   0.24970
   4447.2   0.24959
   4451.0   0.24946
   4454.8   0.24931
   4458.6   0.24917
   4462.5   0.24903
   4466.3   0.24885
   4470.2   0.24867
   4474.0   0.24848
   4477.9   0.24830
   4481.8   0.24808
   4485.6   0.24785
   4489.5   0.24760
   4493.4   0.24734
   4497.3   0.24706
   4501.2   0.24677
   4505.1   0.24649
   4509.0   0.24621
   4513.0   0.24588
   4516.9   0.24554
   4520.9   0.24519
   4524.8   0.24484
   4528.7   0.24446
   4532.7   0.24408
   4536.7   0.24369
   4540.6   0.24327
   4544.6   0.24284
   4548.6   0.24238
   4552.6   0.24195
   4556.6   0.24155
   4560.6   0.24111
   4564.6   0.24063
   4568.6   0.24012
   4572.7   0.23963
   4576.7   0.23912
   4580.8   0.23860
   4584.8   0.23807
   4588.9   0.23748
   4592.9   0.23689
   4597.0   0.23633
   4601.1   0.23572
   4605.2   0.23508
   4609.3   0.23444
   4613.4   0.23380
   4617.5   0.23312
   4621.6   0.23244
   4625.7   0.23175
   4629.8   0.23106
   4634.0   0.23037
   4638.1   0.22970
   4642.3   0.22904
   4646.4   0.22842
   4650.6   0.22785
   4654.8   0.22730
   4659.0   0.22677
   4663.1   0.22623
   4667.3   0.22570
   4671.5   0.22521
   4675.8   0.22470
   4680.0   0.22418
   4684.2   0.22366
   4688.4   0.22314
   4692.7   0.22259
   4696.9   0.22205
   4701.2   0.22150
   4705.5   0.22095
   4709.7   0.22038
   4714.0   0.21979
   4718.3   0.21923
   4722.6   0.21866
   4726.9   0.21810
   4731.2   0.21755
   4735.5   0.21696
   4739.9   0.21641
   4744.2   0.21584
   4748.5   0.21529
   4752.9   0.21476
   4757.3   0.21428
   4761.6   0.21381
   4766.0   0.21331
   4770.4   0.21282
   4774.8   0.21239
   4779.2   0.21195
   4783.6   0.21153
   4788.0   0.21108
   4792.4   0.21064
   4796.9   0.21018
   4801.3   0.20970
   4805.8   0.20920
   4810.2   0.20871
   4814.7   0.20821
   4819.1   0.20770
   4823.6   0.20716
   4828.1   0.20662
   4832.6   0.20608
   4837.1   0.20553
   4841.6   0.20496
   4846.2   0.20442
   4850.7   0.20382
   4855.3   0.20324
   4859.8   0.20266
   4864.4   0.20207
   4868.9   0.20146
   4873.5   0.20087
   4878.1   0.20027
   4882.7   0.19968
   4887.3   0.19907
   4891.9   0.19847
   4896.5   0.19786
   4901.1   0.19723
   4905.8   0.19657
   4910.4   0.19592
   4915.1   0.19525
   4919.7   0.19462
   4924.4   0.19401
   4929.1   0.19340
   4933.8   0.19278
   4938.5   0.19213
   4943.2   0.19147
   4947.9   0.19084
   4952.6   0.19020
   4957.4   0.18955
   4962.1   0.18890
   4966.9   0.18825
   4971.6   0.18760
   4976.4   0.18697
   4981.2   0.18631
   4986.0   0.18564
   4990.8   0.18497
   4995.6   0.18429
   5000.4   0.18361
   5005.2   0.18296
   5010.0   0.18227
   5014.9   0.18157
   5019.8   0.18089
   5024.6   0.18021
   5029.5   0.17951
   5034.4   0.17884
   5039.3   0.17816
   5044.2   0.17750
   5049.1   0.17684
   5054.0   0.17616
   5058.9   0.17555
   5063.9   0.17495
   5068.8   0.17432
   5073.8   0.17374
   5078.8   0.17316
   5083.7   0.17260
   5088.7   0.17203
   5093.7   0.17142
   5098.7   0.17081
   5103.7   0.17020
   5108.8   0.16958
   5113.8   0.16896
   5118.9   0.16828
   5123.9   0.16756
   5129.0   0.16683
   5134.1   0.16611
   5139.1   0.16538
   5144.3   0.16466
   5149.4   0.16393
   5154.5   0.16317
   5159.6   0.16244
   5164.7   0.16173
   5169.9   0.16105
   5175.0   0.16040
   5180.2   0.15974
   5185.4   0.15911
   5190.6   0.15849
   5195.8   0.15791
   5201.0   0.15734
   5206.2   0.15676
   5211.5   0.15624
   5216.7   0.15571
   5222.0   0.15513
   5227.2   0.15458
   5232.5   0.15401
   5237.8   0.15345
   5243.1   0.15290
   5248.4   0.15233
   5253.7   0.15174
   5259.0   0.15113
   5264.4   0.15051
   5269.7   0.14989
   5275.1   0.14930
   5280.5   0.14873
   5285.8   0.14814
   5291.2   0.14762
   5296.6   0.14711
   5302.0   0.14662
   5307.5   0.14618
   5312.9   0.14577
   5318.4   0.14537
   5323.8   0.14497
   5329.3   0.14454
   5334.8   0.14415
   5340.3   0.14378
   5345.8   0.14338
   5351.3   0.14295
   5356.8   0.14241
   5362.4   0.14182
   5367.9   0.14124
   5373.5   0.14065
   5379.0   0.14007
   5384.6   0.13946
   5390.2   0.13883
   5395.8   0.13822
   5401.5   0.13763
   5407.1   0.13709
   5412.7   0.13659
   5418.4   0.13614
   5424.1   0.13572
   5429.7   0.13525
   5435.4   0.13485
   5441.1   0.13453
   5446.8   0.13427
   5452.6   0.13402
   5458.3   0.13386
   5464.1   0.13379
   5469.8   0.13372
   5475.6   0.13370
   5481.4   0.13374
   5487.2   0.13375
   5493.0   0.13380
   5498.8   0.13387
   5504.7   0.13396
   5510.5   0.13405
   5516.4   0.13419
   5522.3   0.13433
   5528.1   0.13445
   5534.0   0.13454
   5540.0   0.13464
   5545.9   0.13471
   5551.8   0.13476
   5557.8   0.13473
   5563.7   0.13463
   5569.7   0.13451
   5575.7   0.13443
   5581.7   0.13426
   5587.7   0.13392
   5593.7   0.13357
   5599.8   0.13325
   5605.8   0.13290
   5611.9   0.13252
   5618.0   0.13210
   5624.1   0.13165
   5630.2   0.13124
   5636.3   0.13087
   5642.4   0.13052
   5648.6   0.13000
   5654.7   0.12947
   5660.9   0.12903
   5667.1   0.12861
   5673.3   0.12830
   5679.5   0.12794
   5685.7   0.12757
   5692.0   0.12724
   5698.2   0.12687
   5704.5   0.12652
   5710.8   0.12621
   5717.1   0.12573
   5723.4   0.12520
   5729.7   0.12464
   5736.1   0.12405
   5742.4   0.12343
   5748.8   0.12283
   5755.1   0.12212
   5761.5   0.12152
   5768.0   0.12092
   5774.4   0.12001
   5780.8   0.11910
   5787.3   0.11826
   5793.7   0.11742
   5800.2   0.11660
   5806.7   0.11577
   5813.2   0.11501
   5819.7   0.11439
   5826.3   0.11366
   5832.8   0.11282
   5839.4   0.11206
   5846.0   0.11131
   5852.6   0.11059
   5859.2   0.10984
   5865.8   0.10910
   5872.5   0.10833
   5879.1   0.10772
   5885.8   0.10691
   5892.5   0.10603
   5899.2   0.10525
   5905.9   0.10431
   5912.6   0.10345
   5919.4   0.10263
   5926.2   0.10182
   5932.9   0.10118
   5939.7   0.10042
   5946.5   0.09937
   5953.4   0.09844
   5960.2   0.09761
   5967.1   0.09684
   5974.0   0.09600
   5980.8   0.09517
   5987.8   0.09451
   5994.7   0.09377
   6001.6   0.09304
   6008.6   0.09248
   6015.5   0.09196
   6022.5   0.09144
   6029.5   0.09103
   6036.5   0.09073
   6043.6   0.09066
   6050.6   0.09069
   6057.7   0.09037
   6064.8   0.09012
   6071.9   0.09010
   6079.0   0.09000
   6086.1   0.08983
   6093.3   0.08972
   6100.5   0.08962
   6107.6   0.08955
   6114.8   0.08949
   6122.1   0.08922
   6129.3   0.08892
   6136.5   0.08872
   6143.8   0.08854
   6151.1   0.08837
   6158.4   0.08824
   6165.7   0.08805
   6173.1   0.08787
   6180.4   0.08786
   6187.8   0.08781
   6195.2   0.08762
   6202.6   0.08748
   6210.0   0.08739
   6217.5   0.08732
   6225.0   0.08725
   6232.4   0.08721
   6239.9   0.08716
   6247.5   0.08711
   6255.0   0.08704
   6262.5   0.08697
   6270.1   0.08691
   6277.7   0.08683
   6285.3   0.08672
   6292.9   0.08664
   6300.6   0.08657
   6308.3   0.08650
   6315.9   0.08645
   6323.6   0.08646
   6331.4   0.08652
   6339.1   0.08671
   6346.9   0.08688
   6354.6   0.08688
   6362.4   0.08698
   6370.3   0.08718
   6378.1   0.08728
   6385.9   0.08735
   6393.8   0.08746
   6401.7   0.08760
   6409.6   0.08786
   6417.6   0.08791
   6425.5   0.08765
   6433.5   0.08746
   6441.5   0.08730
   6449.5   0.08711
   6457.5   0.08690
   6465.6   0.08669
   6473.6   0.08655
   6481.7   0.08643
   6489.8   0.08634
   6498.0   0.08615
   6506.1   0.08580
   6514.3   0.08558
   6522.5   0.08543
   6530.7   0.08517
   6538.9   0.08492
   6547.2   0.08467
   6555.5   0.08445
   6563.8   0.08422
   6572.1   0.08402
   6580.4   0.08367
   6588.8   0.08328
   6597.2   0.08290
   6605.6   0.08252
   6614.0   0.08223
   6622.5   0.08200
   6630.9   0.08190
   6639.4   0.08183
   6647.9   0.08157
   6656.5   0.08137
   6665.0   0.08132
   6673.6   0.08131
   6682.2   0.08129
   6690.8   0.08114
   6699.5   0.08099
   6708.1   0.08094
   6716.8   0.08084
   6725.5   0.08065
   6734.3   0.08040
   6743.0   0.08015
   6751.8   0.07991
   6760.6   0.07964
   6769.4   0.07935
   6778.3   0.07906
   6787.1   0.07879
   6796.0   0.07842
   6805.0   0.07801
   6813.9   0.07771
   6822.9   0.07747
   6831.9   0.07720
   6840.9   0.07691
   6849.9   0.07671
   6859.0   0.07662
   6868.0   0.07645
   6877.2   0.07611
   6886.3   0.07585
   6895.5   0.07565
   6904.6   0.07550
   6913.8   0.07531
   6923.1   0.07508
   6932.3   0.07485
   6941.6   0.07457
   6950.9   0.07430
   6960.2   0.07404
   6969.6   0.07365
   6979.0   0.07324
   6988.4   0.07290
   6997.8   0.07253
   7007.3   0.07213
   7016.8   0.07175
   7026.3   0.07139
   7035.8   0.07104
   7045.4   0.07073
   7054.9   0.07032
   7064.5   0.06990
   7074.2   0.06949
   7083.9   0.06908
   7093.5   0.06871
   7103.3   0.06835
   7113.0   0.06803
   7122.8   0.06769
   7132.6   0.06729
   7142.4   0.06688
   7152.2   0.06647
   7162.1   0.06604
   7172.0   0.06557
   7182.0   0.06504
   7191.9   0.06447
   7201.9   0.06395
   7211.9   0.06339
   7222.0   0.06278
   7232.0   0.06220
   7242.1   0.06161
   7252.3   0.06102
   7262.4   0.06046
   7272.6   0.05988
   7282.8   0.05926
   7293.1   0.05863
   7303.3   0.05802
   7313.6   0.05740
   7324.0   0.05678
   7334.3   0.05615
   7344.7   0.05546
   7355.1   0.05475
   7365.6   0.05403
   7376.1   0.05330
   7386.6   0.05260
   7397.1   0.05188
   7407.7   0.05114
   7418.3   0.05037
   7428.9   0.04959
   7439.6   0.04880
   7450.3   0.04799
   7461.0   0.04719
   7471.7   0.04643
   7482.5   0.04567
   7493.3   0.04488
   7504.1   0.04408
   7515.0   0.04331
   7525.9   0.04253
   7536.9   0.04173
   7547.9   0.04090
   7558.9   0.04009
   7569.9   0.03929
   7581.0   0.03851
   7592.0   0.03771
   7603.2   0.03692
   7614.4   0.03615
   7625.5   0.03538
   7636.8   0.03457
   7648.0   0.03374
   7659.3   0.03290
   7670.7   0.03208
   7682.0   0.03121
   7693.4   0.03030
   7704.9   0.02938
   7716.3   0.02850
   7727.8   0.02760
   7739.4   0.02670
   7750.9   0.02581
   7762.5   0.02493
   7774.2   0.02407
   7785.8   0.02322
   7797.5   0.02236
   7809.3   0.02151
   7821.1   0.02067
   7832.9   0.01986
   7844.7   0.01907
   7856.6   0.01828
   7868.5   0.01751
   7880.5   0.01673
   7892.5   0.01595
   7904.5   0.01523
   7916.6   0.01451
   7928.7   0.01379
   7940.8   0.01310
   7953.0   0.01246
   7965.2   0.01184
   7977.5   0.01126
   7989.8   0.01069
   8002.1   0.01014
   8014.5   0.00963
   8026.9   0.00917
   8039.3   0.00874
   8051.8   0.00836
   8064.3   0.00803
   8076.9   0.00774
   8089.5   0.00745
   8102.1   0.00722
   8114.8   0.00699
   8127.5   0.00679
   8140.3   0.00668
   8153.1   0.00662
   8165.9   0.00662
   8178.8   0.00669
   8191.7   0.00681
   8204.7   0.00700
   8217.7   0.00725
   8230.7   0.00756
   8243.8   0.00794
   8257.0   0.00843
   8270.1   0.00896
   8283.3   0.00958
   8296.6   0.01024
   8309.9   0.01090
   8323.2   0.01158
   8336.6   0.01226
   8350.0   0.01290
   8363.5   0.01351
   8377.0   0.01408
   8390.5   0.01466
   8404.2   0.01524
   8417.8   0.01580
   8431.5   0.01632
   8445.2   0.01685
   8459.0   0.01729
   8472.8   0.01762
   8486.7   0.01793
   8500.6   0.01819
   8514.5   0.01835
   8528.5   0.01850
   8542.6   0.01863
   8556.7   0.01877
   8570.8   0.01888
   8585.0   0.01902
   8599.3   0.01912
   8613.5   0.01915
   8627.9   0.01916
   8642.3   0.01922
   8656.7   0.01926
   8671.2   0.01923
   8685.7   0.01921
   8700.3   0.01925
   8714.9   0.01924
   8729.5   0.01922
   8744.3   0.01923
   8759.0   0.01920
   8773.9   0.01915
   8788.7   0.01906
   8803.7   0.01895
   8818.6   0.01886
   8833.7   0.01877
   8848.7   0.01873
   8863.8   0.01874
   8879.0   0.01874
   8894.3   0.01873
   8909.5   0.01875
   8924.9   0.01875
   8940.3   0.01876
   8955.7   0.01880
   8971.2   0.01885
   8986.8   0.01890
   9002.3   0.01891
   9018.0   0.01889
   9033.7   0.01883
   9049.5   0.01873
   9065.3   0.01862
   9081.2   0.01845
   9097.1   0.01820
   9113.1   0.01793
   9129.1   0.01763
   9145.2   0.01732
   9161.4   0.01704
   9177.6   0.01674
   9193.9   0.01655
   9210.2   0.01642
   9226.6   0.01633
   9243.0   0.01630
   9259.5   0.01627
   9276.1   0.01625
   9292.7   0.01627
   9309.4   0.01628
   9326.2   0.01634
   9343.0   0.01643
   9359.8   0.01656
   9376.8   0.01668
   9393.8   0.01683
   9410.8   0.01699
   9427.9   0.01719
   9445.1   0.01747
   9462.3   0.01782
   9479.6   0.01821
   9497.0   0.01865
   9514.4   0.01912
   9531.9   0.01959
   9549.4   0.02003
   9567.0   0.02046
   9584.7   0.02089
   9602.5   0.02122
   9620.3   0.02148
   9638.2   0.02172
   9656.1   0.02190
   9674.2   0.02200
   9692.2   0.02205
   9710.4   0.02206
   9728.6   0.02211
   9746.9   0.02212
   9765.2   0.02204
   9783.7   0.02199
   9802.2   0.02184
   9820.7   0.02162
   9839.4   0.02147
   9858.1   0.02138
   9876.8   0.02127
   9895.7   0.02122
   9914.6   0.02129
   9933.6   0.02142
   9952.7   0.02157
   9971.8   0.02174
   9991.0   0.02196
  10010.3   0.02219
  10029.7   0.02236
  10049.1   0.02261
  10068.6   0.02295
  10088.2   0.02326
  10107.9   0.02348
  10127.6   0.02366
  10147.5   0.02382
  10167.3   0.02400
  10187.3   0.02411
  10207.4   0.02430
  10227.5   0.02461
  10247.7   0.02506
  10268.0   0.02564
  10288.4   0.02626
  10308.8   0.02682
  10329.4   0.02739
  10350.0   0.02789
  10370.7   0.02839
  10391.5   0.02897
  10412.3   0.02953
  10433.3   0.02998
  10454.3   0.03029
  10475.4   0.03059
  10496.7   0.03092
  10517.9   0.03119
  10539.3   0.03132
  10560.8   0.03139
  10582.3   0.03151
  10604.0   0.03165
  10625.7   0.03177
  10647.5   0.03181
  10669.4   0.03179
  10691.4   0.03182
  10713.5   0.03193
  10735.7   0.03203
  10758.0   0.03202
  10780.3   0.03185
  10802.8   0.03156
  10825.4   0.03127
  10848.0   0.03101
  10870.8   0.03070
  10893.6   0.03035
  10916.5   0.03003
  10939.5   0.02979
  10962.7   0.02957
  10985.9   0.02929
  11009.2   0.02903
  11032.7   0.02883
  11056.2   0.02861
  11079.8   0.02832
  11103.5   0.02804
  11127.4   0.02780
  11151.3   0.02751
  11175.3   0.02723
  11199.5   0.02695
  11223.7   0.02667
  11248.0   0.02637
  11272.5   0.02610
  11297.1   0.02580
  11321.7   0.02556
  11346.5   0.02539
  11371.4   0.02517
  11396.4   0.02494
  11421.5   0.02480
  11446.7   0.02468
  11472.0   0.02457
  11497.5   0.02444
  11523.0   0.02430
  11548.7   0.02414
  11574.4   0.02401
  11600.3   0.02386
  11626.3   0.02375
  11652.5   0.02368
  11678.7   0.02361
  11705.1   0.02356
  11731.6   0.02355
  11758.2   0.02350
  11784.9   0.02346
  11811.7   0.02348
  11838.7   0.02347
  11865.8   0.02348
  11893.0   0.02356
  11920.3   0.02363
  11947.8   0.02368
  11975.4   0.02377
  12003.1   0.02391
  12031.0   0.02402
  12059.0   0.02412
  12087.1   0.02425
  12115.3   0.02431
  12143.7   0.02434
  12172.2   0.02441
  12200.8   0.02452
  12229.6   0.02453
  12258.5   0.02446
  12287.6   0.02435
  12316.8   0.02421
  12346.1   0.02399
  12375.5   0.02372
  12405.2   0.02338
  12434.9   0.02298
  12464.8   0.02256
  12494.8   0.02199
  12525.0   0.02137
  12555.3   0.02079
  12585.8   0.02015
  12616.4   0.01949
  12647.2   0.01881
  12678.1   0.01810
  12709.2   0.01736
  12740.4   0.01653
  12771.8   0.01570
  12803.3   0.01505
  12835.0   0.01449
  12866.9   0.01406
  12898.9   0.01383
  12931.1   0.01374
  12963.4   0.01376
  12995.9   0.01378
  13028.5   0.01377
  13061.3   0.01378
  13094.3   0.01390
  13127.5   0.01395
  13160.8   0.01401
  13194.3   0.01410
  13228.0   0.01407
  13261.8   0.01401
  13295.8   0.01398
  13330.0   0.01393
  13364.3   0.01376
  13398.8   0.01360
  13433.6   0.01354
  13468.5   0.01327
  13503.5   0.01293
  13538.8   0.01274
  13574.2   0.01268
  13609.9   0.01272
  13645.7   0.01276
  13681.7   0.01289
  13717.9   0.01303
  13754.3   0.01316
  13790.8   0.01327
  13827.6   0.01331
  13864.6   0.01334
  13901.8   0.01332
  13939.2   0.01323
  13976.7   0.01320
  14014.5   0.01312
  14052.5   0.01294
  14090.7   0.01274
  14129.0   0.01244
  14167.6   0.01218
  14206.5   0.01186
  14245.5   0.01161
  14284.7   0.01141
  14324.2   0.01136
  14363.9   0.01128
  14403.8   0.01117
  14443.9   0.01107
  14484.3   0.01105
  14524.8   0.01107
  14565.6   0.01114
  14606.7   0.01116
  14647.9   0.01108
  14689.4   0.01096
  14731.2   0.01095
  14773.1   0.01088
  14815.3   0.01084
  14857.8   0.01098
  14900.5   0.01111
  14943.4   0.01123
  14986.6   0.01147
  15030.0   0.01173
  15073.7   0.01182
  15117.7   0.01181
  15161.9   0.01192
  15206.3   0.01212
  15251.1   0.01232
  15296.1   0.01265
  15341.3   0.01325
  15386.8   0.01396
  15432.6   0.01476
  15478.7   0.01567
  15525.0   0.01643
  15571.7   0.01699
  15618.6   0.01750
  15665.8   0.01797
  15713.2   0.01831
  15761.0   0.01853
  15809.0   0.01881
  15857.4   0.01905
  15906.0   0.01922
  15955.0   0.01933
  16004.2   0.01931
  16053.8   0.01919
  16103.6   0.01896
  16153.8   0.01851
  16204.3   0.01804
  16255.1   0.01786
  16306.2   0.01790
  16357.6   0.01809
  16409.4   0.01854
  16461.5   0.01909
  16513.9   0.01962
  16566.7   0.02000
  16619.8   0.02017
  16673.2   0.02020
  16727.0   0.02035
  16781.1   0.02086
  16835.6   0.02149
  16890.5   0.02209
  16945.7   0.02255
  17001.2   0.02284
  17057.2   0.02289
  17113.4   0.02274
  17170.1   0.02259
  17227.2   0.02204
  17284.6   0.02143
  17342.4   0.02107
  17400.6   0.02084
  17459.2   0.02078
  17518.2   0.02076
  17577.5   0.02084
  17637.3   0.02106
  17697.5   0.02096
  17758.1   0.02065
  17819.2   0.02029
  17880.6   0.01986
  17942.5   0.01964
  18004.8   0.01950
  18067.5   0.01948
  18130.7   0.01989
  18194.3   0.02043
  18258.4   0.02103
  18322.9   0.02174
  18387.9   0.02241
  18453.3   0.02293
  18519.2   0.02317
  18585.6   0.02320
  18652.4   0.02292
  18719.8   0.02228
  18787.6   0.02174
  18855.9   0.02148
  18924.7   0.02108
  18994.1   0.02056
  19063.9   0.02027
  19134.2   0.02008
  19205.1   0.02024
  19276.5   0.02043
  19348.4   0.02021
  19420.9   0.02007
  19493.9   0.02028
  19567.5   0.02049
  19641.6   0.02048
  19716.3   0.02033
  19791.5   0.02031
  19867.3   0.02006
  19943.8   0.01975
  20020.8   0.01931
  20098.4   0.01876
  20176.6   0.01837
  20255.4   0.01797
  20334.9   0.01775
  20414.9   0.01773
  20495.6   0.01792
  20576.9   0.01802
  20658.9   0.01819
  20741.6   0.01822
  20824.8   0.01813
  20908.8   0.01810
  20993.5   0.01810
  21078.8   0.01795
  21164.8   0.01780
  21251.6   0.01794
  21339.1   0.01810
  21427.2   0.01801
  21516.1   0.01762
  21605.8   0.01758
  21696.2   0.01744
  21787.3   0.01727
  21879.3   0.01719
  21972.0   0.01690
  22065.5   0.01657
  22159.8   0.01623
  22254.9   0.01612
  22350.8   0.01607
  22447.6   0.01590
  22545.2   0.01593
  22643.6   0.01598
  22742.9   0.01604
  22843.1   0.01657
  22944.2   0.01739
  23046.2   0.01809
  23149.1   0.01903
  23252.9   0.02003
  23357.6   0.02052
  23463.3   0.02071
  23569.9   0.02077
  23677.6   0.02081
  23786.2   0.02104
  23895.8   0.02141
  24006.4   0.02159
  24118.1   0.02162
  24230.8   0.02163
  24344.5   0.02159
  24459.3   0.02179
  24575.3   0.02179
  24692.3   0.02192
  24810.4   0.02222
  24929.7   0.02219
  25050.1   0.02219
  25171.7   0.02252
  25294.5   0.02305
  25418.5   0.02360
  25543.7   0.02382
  25670.2   0.02373
  25797.9   0.02397
  25926.9   0.02454
  26057.2   0.02503
  26188.8   0.02540
  26321.7   0.02538
  26456.0   0.02533
  26591.7   0.02516
  26728.8   0.02479
  26867.2   0.02446
  27007.2   0.02433
  27148.6   0.02407
  27291.5   0.02355
  27435.9   0.02294
  27581.8   0.02242
  27729.3   0.02215
  27878.4   0.02198
  28029.1   0.02212
  28181.4   0.02257
  28335.4   0.02304
  28491.1   0.02354
  28648.5   0.02377
  28807.7   0.02376
  28968.6   0.02364
  29131.3   0.02355
  29295.9   0.02366
  29462.4   0.02346
  29630.7   0.02329
  29801.0   0.02327
  29973.3   0.02316
  30147.5   0.02284
  30323.8   0.02240
  30502.2   0.02194
  30682.7   0.02141
  30865.3   0.02149
  31050.2   0.02180
  31237.2   0.02184
  31426.5   0.02183
  31618.2   0.02190
  31812.1   0.02155
  32008.5   0.02152
  32207.3   0.02157
  32408.6   0.02172
  32612.4   0.02253
  32818.8   0.02312
  33027.9   0.02363
  33239.6   0.02370
  33454.1   0.02351
  33671.3   0.02340
  33891.4   0.02351
  34114.3   0.02378
  34340.3   0.02328
  34569.2   0.02235
  34801.2   0.02182
  35036.3   0.02155
  35274.7   0.02148
  35516.3   0.02158
  35761.2   0.02188
  36009.6   0.02204
  36261.4   0.02173
  36516.7   0.02180
  36775.7   0.02155
  37038.4   0.02109
  37304.9   0.02083
  37575.2   0.02032
  37849.5   0.01934
  38127.8   0.01868
  38410.2   0.01876
  38696.8   0.01911
  38987.8   0.01901
  39283.2   0.01911
  39583.0   0.01974
  39887.5   0.02020
  40196.7   0.02040
  40510.8   0.02141
  40829.7   0.02289
  41153.8   0.02330
  41483.0   0.02370
  41817.6   0.02443
  42157.5   0.02517
  42503.1   0.02518
  42854.4   0.02490
  43211.5   0.02483
  43574.6   0.02443
  43943.9   0.02461
  44319.5   0.02401
  44701.5   0.02380
  45090.2   0.02449
  45485.8   0.02503
  45888.3   0.02494
  46298.0   0.02549
  46715.1   0.02489
  47139.8   0.02460
  47572.3   0.02554
  48012.8   0.02632
  48461.5   0.02654
  48918.6   0.02735
  49384.6   0.02790
  49859.4   0.02673
  50343.5   0.02605
  50837.0   0.02686
  51340.4   0.02641
  51853.8   0.02640
  52377.6   0.02668
  52912.0   0.02638
  53457.5   0.02602
  54014.4   0.02552
  54582.9   0.02626
  55163.6   0.02658
  55756.8   0.02637
  56362.8   0.02721
  56982.2   0.02754
  57615.3   0.02495
  58262.7   0.02275
  58924.7   0.02467
  59602.0   0.02705
  60295.1   0.02748
  61004.4   0.02776
  61730.7   0.02768
  62474.4   0.02722
  63236.3   0.02699
  64017.0   0.02718
  64817.2   0.02855
  65637.7   0.02935
  66479.2   0.02878
  67342.6   0.02910
  68228.6   0.02959
  69138.4   0.02929
  70072.7   0.03112
  71032.6   0.03375
  72019.1   0.03300
  73033.5   0.03144
  74076.8   0.03220
  75150.4   0.03387
  76255.5   0.03497
  77393.7   0.03606
  78566.3   0.03617
  79775.0   0.03529
  81021.5   0.03469
  82307.6   0.03656
  83635.1   0.03703
  85006.2   0.02889
  86423.0   0.03331
  87887.8   0.03753
  89403.0   0.03675
  90971.5   0.03729
  92596.0   0.03930
  94279.6   0.03980
  96025.5   0.03983
  97837.3   0.03501
  99718.8   0.04035



 BIR1LS139B          .ASC                        

 LS-GJT-139-B                                                            
 Apollo 61221,175 25-45 um                                               
 Connected at 3.65 & 20.0 um                                             

 Source Ang: 30.00   Detect Ang:  0.00  Volt: 1.222
 Date: 23-JUN-14   Time: 12:00:51
