  6171
    833.3   0.06823
    833.5   0.06842
    833.6   0.06811
    833.7   0.06772
    833.9   0.06697
    834.0   0.06640
    834.1   0.06659
    834.3   0.06740
    834.4   0.06777
    834.5   0.06806
    834.7   0.06815
    834.8   0.06713
    835.0   0.06625
    835.1   0.06762
    835.2   0.06852
    835.3   0.06821
    835.5   0.06810
    835.6   0.06823
    835.8   0.06809
    835.9   0.06788
    836.0   0.06804
    836.2   0.06915
    836.3   0.06983
    836.4   0.06848
    836.6   0.06649
    836.7   0.06640
    836.8   0.06783
    837.0   0.06801
    837.1   0.06828
    837.2   0.06866
    837.4   0.06822
    837.5   0.06753
    837.6   0.06729
    837.8   0.06719
    837.9   0.06735
    838.0   0.06668
    838.2   0.06662
    838.3   0.06795
    838.5   0.06799
    838.6   0.06736
    838.7   0.06648
    838.9   0.06870
    839.0   0.07033
    839.1   0.06964
    839.3   0.06807
    839.4   0.06773
    839.5   0.06803
    839.7   0.06766
    839.8   0.06781
    840.0   0.06785
    840.1   0.06720
    840.2   0.06730
    840.4   0.06812
    840.5   0.06757
    840.6   0.06760
    840.8   0.06865
    840.9   0.06853
    841.0   0.06754
    841.2   0.06700
    841.3   0.06667
    841.5   0.06732
    841.6   0.06835
    841.7   0.06784
    841.9   0.06725
    842.0   0.06685
    842.1   0.06705
    842.3   0.06793
    842.4   0.06820
    842.5   0.06894
    842.7   0.06882
    842.8   0.06850
    843.0   0.06890
    843.1   0.06801
    843.2   0.06639
    843.4   0.06639
    843.5   0.06746
    843.6   0.06724
    843.8   0.06690
    843.9   0.06756
    844.0   0.06654
    844.2   0.06565
    844.3   0.06641
    844.5   0.06731
    844.6   0.06798
    844.7   0.06706
    844.9   0.06680
    845.0   0.06737
    845.2   0.06718
    845.3   0.06683
    845.4   0.06740
    845.6   0.06728
    845.7   0.06691
    845.8   0.06739
    846.0   0.06681
    846.1   0.06613
    846.3   0.06609
    846.4   0.06632
    846.5   0.06661
    846.7   0.06772
    846.8   0.06848
    847.0   0.06736
    847.1   0.06573
    847.2   0.06630
    847.4   0.06744
    847.5   0.06759
    847.6   0.06722
    847.8   0.06711
    847.9   0.06810
    848.1   0.06891
    848.2   0.06789
    848.3   0.06638
    848.5   0.06690
    848.6   0.06688
    848.8   0.06647
    848.9   0.06544
    849.0   0.06474
    849.2   0.06572
    849.3   0.06653
    849.5   0.06696
    849.6   0.06721
    849.7   0.06697
    849.9   0.06660
    850.0   0.06733
    850.1   0.06770
    850.3   0.06761
    850.4   0.06717
    850.6   0.06679
    850.7   0.06666
    850.8   0.06650
    851.0   0.06628
    851.1   0.06582
    851.3   0.06615
    851.4   0.06630
    851.5   0.06611
    851.7   0.06582
    851.8   0.06642
    852.0   0.06747
    852.1   0.06816
    852.2   0.06750
    852.4   0.06630
    852.5   0.06619
    852.7   0.06668
    852.8   0.06680
    852.9   0.06628
    853.1   0.06679
    853.2   0.06657
    853.4   0.06543
    853.5   0.06571
    853.6   0.06659
    853.8   0.06669
    853.9   0.06682
    854.1   0.06670
    854.2   0.06668
    854.3   0.06739
    854.5   0.06805
    854.6   0.06799
    854.8   0.06777
    854.9   0.06743
    855.0   0.06668
    855.2   0.06607
    855.3   0.06638
    855.5   0.06624
    855.6   0.06639
    855.8   0.06736
    855.9   0.06703
    856.0   0.06655
    856.2   0.06668
    856.3   0.06652
    856.5   0.06613
    856.6   0.06649
    856.8   0.06672
    856.9   0.06690
    857.0   0.06711
    857.2   0.06658
    857.3   0.06655
    857.5   0.06695
    857.6   0.06652
    857.7   0.06577
    857.9   0.06535
    858.0   0.06624
    858.2   0.06639
    858.3   0.06591
    858.5   0.06616
    858.6   0.06701
    858.7   0.06819
    858.9   0.06830
    859.0   0.06683
    859.2   0.06610
    859.3   0.06575
    859.4   0.06556
    859.6   0.06617
    859.7   0.06586
    859.9   0.06515
    860.0   0.06617
    860.2   0.06667
    860.3   0.06698
    860.4   0.06775
    860.6   0.06719
    860.7   0.06669
    860.9   0.06718
    861.0   0.06704
    861.2   0.06643
    861.3   0.06559
    861.4   0.06566
    861.6   0.06658
    861.7   0.06731
    861.9   0.06696
    862.0   0.06578
    862.2   0.06572
    862.3   0.06687
    862.5   0.06731
    862.6   0.06727
    862.7   0.06717
    862.9   0.06723
    863.0   0.06692
    863.2   0.06595
    863.3   0.06532
    863.5   0.06518
    863.6   0.06615
    863.7   0.06647
    863.9   0.06616
    864.0   0.06548
    864.2   0.06530
    864.3   0.06534
    864.5   0.06470
    864.6   0.06499
    864.8   0.06591
    864.9   0.06652
    865.0   0.06648
    865.2   0.06671
    865.3   0.06662
    865.5   0.06626
    865.6   0.06594
    865.8   0.06528
    865.9   0.06535
    866.0   0.06570
    866.2   0.06509
    866.3   0.06468
    866.5   0.06469
    866.6   0.06482
    866.8   0.06478
    866.9   0.06491
    867.1   0.06506
    867.2   0.06510
    867.3   0.06536
    867.5   0.06572
    867.6   0.06533
    867.8   0.06526
    867.9   0.06494
    868.1   0.06497
    868.2   0.06547
    868.4   0.06474
    868.5   0.06557
    868.7   0.06634
    868.8   0.06599
    869.0   0.06516
    869.1   0.06526
    869.2   0.06586
    869.4   0.06614
    869.5   0.06586
    869.7   0.06576
    869.8   0.06545
    870.0   0.06618
    870.1   0.06618
    870.3   0.06566
    870.4   0.06536
    870.6   0.06472
    870.7   0.06508
    870.8   0.06592
    871.0   0.06548
    871.1   0.06528
    871.3   0.06536
    871.4   0.06533
    871.6   0.06567
    871.7   0.06597
    871.9   0.06515
    872.0   0.06533
    872.2   0.06561
    872.3   0.06589
    872.5   0.06547
    872.6   0.06495
    872.8   0.06489
    872.9   0.06578
    873.0   0.06644
    873.2   0.06540
    873.3   0.06516
    873.5   0.06582
    873.6   0.06523
    873.8   0.06484
    873.9   0.06499
    874.1   0.06521
    874.2   0.06548
    874.4   0.06495
    874.5   0.06497
    874.7   0.06508
    874.8   0.06553
    875.0   0.06629
    875.1   0.06520
    875.3   0.06425
    875.4   0.06450
    875.5   0.06432
    875.7   0.06471
    875.8   0.06565
    876.0   0.06588
    876.2   0.06572
    876.3   0.06490
    876.4   0.06449
    876.6   0.06476
    876.7   0.06494
    876.9   0.06546
    877.0   0.06536
    877.2   0.06451
    877.3   0.06476
    877.5   0.06487
    877.6   0.06448
    877.8   0.06395
    877.9   0.06417
    878.1   0.06441
    878.2   0.06500
    878.4   0.06507
    878.5   0.06498
    878.7   0.06450
    878.8   0.06385
    879.0   0.06428
    879.1   0.06517
    879.3   0.06541
    879.4   0.06448
    879.6   0.06427
    879.7   0.06504
    879.9   0.06457
    880.0   0.06414
    880.2   0.06411
    880.3   0.06488
    880.5   0.06517
    880.6   0.06457
    880.8   0.06431
    880.9   0.06402
    881.1   0.06434
    881.2   0.06498
    881.4   0.06502
    881.5   0.06466
    881.7   0.06399
    881.8   0.06391
    882.0   0.06450
    882.1   0.06487
    882.3   0.06501
    882.4   0.06438
    882.6   0.06466
    882.7   0.06513
    882.9   0.06488
    883.0   0.06455
    883.2   0.06462
    883.3   0.06452
    883.5   0.06419
    883.6   0.06380
    883.8   0.06410
    883.9   0.06424
    884.1   0.06431
    884.2   0.06466
    884.4   0.06497
    884.5   0.06478
    884.7   0.06457
    884.8   0.06435
    885.0   0.06419
    885.1   0.06453
    885.3   0.06484
    885.4   0.06480
    885.6   0.06453
    885.7   0.06481
    885.9   0.06473
    886.0   0.06415
    886.2   0.06424
    886.3   0.06412
    886.5   0.06347
    886.6   0.06359
    886.8   0.06369
    886.9   0.06387
    887.1   0.06473
    887.2   0.06508
    887.4   0.06423
    887.5   0.06399
    887.7   0.06440
    887.8   0.06437
    888.0   0.06403
    888.2   0.06464
    888.3   0.06469
    888.5   0.06379
    888.6   0.06408
    888.8   0.06447
    888.9   0.06427
    889.1   0.06406
    889.2   0.06413
    889.4   0.06369
    889.5   0.06344
    889.7   0.06401
    889.8   0.06454
    890.0   0.06431
    890.1   0.06407
    890.3   0.06436
    890.4   0.06448
    890.6   0.06377
    890.8   0.06368
    890.9   0.06363
    891.0   0.06392
    891.2   0.06446
    891.4   0.06391
    891.5   0.06349
    891.7   0.06399
    891.8   0.06366
    892.0   0.06320
    892.1   0.06356
    892.3   0.06364
    892.4   0.06378
    892.6   0.06359
    892.7   0.06369
    892.9   0.06377
    893.0   0.06364
    893.2   0.06360
    893.4   0.06374
    893.5   0.06396
    893.7   0.06349
    893.8   0.06342
    894.0   0.06365
    894.1   0.06364
    894.3   0.06353
    894.4   0.06364
    894.6   0.06336
    894.7   0.06372
    894.9   0.06403
    895.0   0.06393
    895.2   0.06379
    895.4   0.06300
    895.5   0.06238
    895.7   0.06306
    895.8   0.06362
    896.0   0.06337
    896.1   0.06337
    896.3   0.06403
    896.4   0.06382
    896.6   0.06320
    896.8   0.06273
    896.9   0.06277
    897.1   0.06246
    897.2   0.06258
    897.4   0.06304
    897.5   0.06352
    897.7   0.06336
    897.8   0.06328
    898.0   0.06366
    898.2   0.06361
    898.3   0.06350
    898.5   0.06319
    898.6   0.06271
    898.8   0.06260
    898.9   0.06307
    899.1   0.06354
    899.2   0.06298
    899.4   0.06256
    899.6   0.06275
    899.7   0.06350
    899.9   0.06340
    900.0   0.06304
    900.2   0.06290
    900.3   0.06290
    900.5   0.06288
    900.7   0.06314
    900.8   0.06329
    901.0   0.06340
    901.1   0.06336
    901.3   0.06325
    901.4   0.06327
    901.6   0.06331
    901.8   0.06298
    901.9   0.06311
    902.1   0.06320
    902.2   0.06318
    902.4   0.06375
    902.5   0.06380
    902.7   0.06314
    902.8   0.06256
    903.0   0.06288
    903.2   0.06377
    903.3   0.06365
    903.5   0.06346
    903.6   0.06349
    903.8   0.06285
    904.0   0.06250
    904.1   0.06296
    904.3   0.06361
    904.4   0.06384
    904.6   0.06339
    904.7   0.06309
    904.9   0.06336
    905.0   0.06347
    905.2   0.06304
    905.4   0.06295
    905.5   0.06312
    905.7   0.06279
    905.8   0.06328
    906.0   0.06372
    906.2   0.06343
    906.3   0.06282
    906.5   0.06257
    906.6   0.06253
    906.8   0.06215
    907.0   0.06231
    907.1   0.06299
    907.3   0.06332
    907.4   0.06331
    907.6   0.06257
    907.7   0.06270
    907.9   0.06305
    908.1   0.06259
    908.2   0.06218
    908.4   0.06219
    908.5   0.06268
    908.7   0.06291
    908.9   0.06295
    909.0   0.06297
    909.2   0.06286
    909.3   0.06295
    909.5   0.06302
    909.7   0.06282
    909.8   0.06288
    910.0   0.06264
    910.1   0.06216
    910.3   0.06213
    910.5   0.06231
    910.6   0.06263
    910.8   0.06294
    910.9   0.06310
    911.1   0.06259
    911.3   0.06240
    911.4   0.06269
    911.6   0.06286
    911.7   0.06281
    911.9   0.06277
    912.1   0.06279
    912.2   0.06278
    912.4   0.06270
    912.5   0.06289
    912.7   0.06244
    912.9   0.06272
    913.0   0.06299
    913.2   0.06268
    913.3   0.06315
    913.5   0.06305
    913.7   0.06242
    913.8   0.06205
    914.0   0.06252
    914.2   0.06278
    914.3   0.06247
    914.5   0.06236
    914.6   0.06256
    914.8   0.06291
    915.0   0.06266
    915.1   0.06238
    915.3   0.06259
    915.4   0.06248
    915.6   0.06242
    915.8   0.06213
    915.9   0.06206
    916.1   0.06246
    916.3   0.06260
    916.4   0.06244
    916.6   0.06237
    916.7   0.06227
    916.9   0.06210
    917.1   0.06202
    917.2   0.06231
    917.4   0.06261
    917.5   0.06255
    917.7   0.06263
    917.9   0.06249
    918.0   0.06206
    918.2   0.06188
    918.4   0.06256
    918.5   0.06321
    918.7   0.06262
    918.8   0.06220
    919.0   0.06173
    919.2   0.06152
    919.3   0.06187
    919.5   0.06201
    919.7   0.06235
    919.8   0.06246
    920.0   0.06181
    920.2   0.06179
    920.3   0.06225
    920.5   0.06233
    920.6   0.06217
    920.8   0.06215
    921.0   0.06206
    921.1   0.06213
    921.3   0.06260
    921.5   0.06276
    921.6   0.06261
    921.8   0.06223
    922.0   0.06188
    922.1   0.06165
    922.3   0.06171
    922.4   0.06216
    922.6   0.06200
    922.8   0.06154
    922.9   0.06139
    923.1   0.06203
    923.3   0.06222
    923.4   0.06219
    923.6   0.06206
    923.8   0.06217
    923.9   0.06246
    924.1   0.06238
    924.3   0.06240
    924.4   0.06231
    924.6   0.06196
    924.7   0.06177
    924.9   0.06194
    925.1   0.06215
    925.2   0.06209
    925.4   0.06252
    925.6   0.06266
    925.7   0.06232
    925.9   0.06225
    926.1   0.06229
    926.2   0.06189
    926.4   0.06161
    926.6   0.06201
    926.7   0.06210
    926.9   0.06185
    927.1   0.06186
    927.2   0.06170
    927.4   0.06169
    927.6   0.06182
    927.7   0.06226
    927.9   0.06231
    928.0   0.06197
    928.2   0.06180
    928.4   0.06210
    928.5   0.06197
    928.7   0.06175
    928.9   0.06201
    929.0   0.06209
    929.2   0.06164
    929.4   0.06178
    929.5   0.06185
    929.7   0.06170
    929.9   0.06176
    930.0   0.06186
    930.2   0.06193
    930.4   0.06204
    930.5   0.06239
    930.7   0.06225
    930.9   0.06212
    931.0   0.06208
    931.2   0.06194
    931.4   0.06208
    931.6   0.06226
    931.7   0.06200
    931.9   0.06194
    932.1   0.06218
    932.2   0.06208
    932.4   0.06141
    932.6   0.06138
    932.7   0.06156
    932.9   0.06178
    933.1   0.06192
    933.2   0.06213
    933.4   0.06189
    933.6   0.06159
    933.7   0.06183
    933.9   0.06213
    934.1   0.06213
    934.2   0.06171
    934.4   0.06151
    934.6   0.06169
    934.8   0.06228
    934.9   0.06240
    935.1   0.06199
    935.3   0.06168
    935.4   0.06215
    935.6   0.06172
    935.8   0.06118
    935.9   0.06136
    936.1   0.06167
    936.3   0.06164
    936.4   0.06176
    936.6   0.06174
    936.8   0.06168
    936.9   0.06191
    937.1   0.06201
    937.3   0.06183
    937.5   0.06173
    937.6   0.06176
    937.8   0.06202
    938.0   0.06179
    938.1   0.06167
    938.3   0.06166
    938.5   0.06206
    938.6   0.06208
    938.8   0.06180
    939.0   0.06185
    939.2   0.06191
    939.3   0.06164
    939.5   0.06153
    939.7   0.06147
    939.8   0.06191
    940.0   0.06210
    940.2   0.06197
    940.3   0.06199
    940.5   0.06179
    940.7   0.06162
    940.8   0.06163
    941.0   0.06167
    941.2   0.06155
    941.4   0.06174
    941.5   0.06187
    941.7   0.06195
    941.9   0.06187
    942.0   0.06169
    942.2   0.06155
    942.4   0.06172
    942.6   0.06223
    942.7   0.06212
    942.9   0.06195
    943.1   0.06213
    943.3   0.06187
    943.4   0.06189
    943.6   0.06205
    943.8   0.06209
    943.9   0.06220
    944.1   0.06225
    944.3   0.06245
    944.5   0.06240
    944.6   0.06196
    944.8   0.06166
    945.0   0.06159
    945.1   0.06180
    945.3   0.06219
    945.5   0.06221
    945.7   0.06185
    945.8   0.06144
    946.0   0.06153
    946.2   0.06198
    946.3   0.06199
    946.5   0.06192
    946.7   0.06215
    946.9   0.06218
    947.0   0.06217
    947.2   0.06238
    947.4   0.06222
    947.6   0.06180
    947.7   0.06180
    947.9   0.06192
    948.1   0.06196
    948.3   0.06197
    948.4   0.06189
    948.6   0.06174
    948.8   0.06131
    949.0   0.06132
    949.1   0.06152
    949.3   0.06166
    949.5   0.06188
    949.6   0.06189
    949.8   0.06188
    950.0   0.06177
    950.2   0.06184
    950.3   0.06192
    950.5   0.06204
    950.7   0.06186
    950.9   0.06172
    951.0   0.06152
    951.2   0.06150
    951.4   0.06182
    951.6   0.06192
    951.7   0.06177
    951.9   0.06163
    952.1   0.06169
    952.3   0.06190
    952.4   0.06180
    952.6   0.06152
    952.8   0.06130
    953.0   0.06141
    953.1   0.06161
    953.3   0.06152
    953.5   0.06135
    953.7   0.06133
    953.8   0.06150
    954.0   0.06162
    954.2   0.06181
    954.4   0.06200
    954.5   0.06214
    954.7   0.06203
    954.9   0.06174
    955.1   0.06173
    955.2   0.06167
    955.4   0.06184
    955.6   0.06192
    955.8   0.06158
    956.0   0.06141
    956.1   0.06170
    956.3   0.06208
    956.5   0.06211
    956.7   0.06188
    956.8   0.06155
    957.0   0.06159
    957.2   0.06147
    957.4   0.06150
    957.5   0.06186
    957.7   0.06202
    957.9   0.06202
    958.1   0.06182
    958.2   0.06177
    958.4   0.06191
    958.6   0.06214
    958.8   0.06205
    959.0   0.06203
    959.1   0.06211
    959.3   0.06165
    959.5   0.06156
    959.7   0.06181
    959.8   0.06200
    960.0   0.06182
    960.2   0.06183
    960.4   0.06201
    960.5   0.06203
    960.7   0.06193
    960.9   0.06168
    961.1   0.06161
    961.3   0.06193
    961.4   0.06204
    961.6   0.06213
    961.8   0.06222
    962.0   0.06199
    962.2   0.06202
    962.3   0.06201
    962.5   0.06187
    962.7   0.06184
    962.9   0.06187
    963.0   0.06180
    963.2   0.06180
    963.4   0.06199
    963.6   0.06211
    963.8   0.06202
    963.9   0.06194
    964.1   0.06191
    964.3   0.06174
    964.5   0.06161
    964.7   0.06182
    964.8   0.06190
    965.0   0.06179
    965.2   0.06152
    965.4   0.06155
    965.6   0.06172
    965.7   0.06173
    965.9   0.06177
    966.1   0.06198
    966.3   0.06199
    966.5   0.06193
    966.6   0.06156
    966.8   0.06155
    967.0   0.06171
    967.2   0.06180
    967.4   0.06173
    967.5   0.06162
    967.7   0.06174
    967.9   0.06187
    968.1   0.06178
    968.3   0.06166
    968.4   0.06183
    968.6   0.06182
    968.8   0.06144
    969.0   0.06143
    969.2   0.06159
    969.3   0.06203
    969.5   0.06225
    969.7   0.06194
    969.9   0.06199
    970.1   0.06206
    970.3   0.06204
    970.4   0.06201
    970.6   0.06196
    970.8   0.06210
    971.0   0.06199
    971.2   0.06174
    971.3   0.06190
    971.5   0.06218
    971.7   0.06214
    971.9   0.06191
    972.1   0.06196
    972.3   0.06238
    972.4   0.06234
    972.6   0.06187
    972.8   0.06184
    973.0   0.06224
    973.2   0.06238
    973.3   0.06244
    973.5   0.06229
    973.7   0.06209
    973.9   0.06199
    974.1   0.06185
    974.3   0.06174
    974.5   0.06188
    974.6   0.06209
    974.8   0.06205
    975.0   0.06217
    975.2   0.06235
    975.4   0.06216
    975.5   0.06191
    975.7   0.06217
    975.9   0.06219
    976.1   0.06226
    976.3   0.06231
    976.5   0.06215
    976.7   0.06225
    976.8   0.06238
    977.0   0.06218
    977.2   0.06203
    977.4   0.06221
    977.6   0.06219
    977.8   0.06177
    977.9   0.06179
    978.1   0.06230
    978.3   0.06244
    978.5   0.06233
    978.7   0.06204
    978.9   0.06206
    979.0   0.06217
    979.2   0.06241
    979.4   0.06269
    979.6   0.06237
    979.8   0.06209
    980.0   0.06238
    980.2   0.06258
    980.3   0.06252
    980.5   0.06255
    980.7   0.06241
    980.9   0.06227
    981.1   0.06230
    981.3   0.06249
    981.5   0.06243
    981.7   0.06217
    981.8   0.06223
    982.0   0.06236
    982.2   0.06214
    982.4   0.06216
    982.6   0.06264
    982.8   0.06296
    983.0   0.06281
    983.1   0.06256
    983.3   0.06231
    983.5   0.06219
    983.7   0.06231
    983.9   0.06239
    984.1   0.06253
    984.3   0.06244
    984.4   0.06220
    984.6   0.06208
    984.8   0.06204
    985.0   0.06227
    985.2   0.06234
    985.4   0.06219
    985.6   0.06223
    985.8   0.06243
    985.9   0.06238
    986.1   0.06228
    986.3   0.06235
    986.5   0.06237
    986.7   0.06248
    986.9   0.06258
    987.1   0.06230
    987.3   0.06237
    987.4   0.06240
    987.6   0.06253
    987.8   0.06267
    988.0   0.06264
    988.2   0.06247
    988.4   0.06233
    988.6   0.06250
    988.8   0.06273
    989.0   0.06267
    989.1   0.06278
    989.3   0.06285
    989.5   0.06274
    989.7   0.06275
    989.9   0.06263
    990.1   0.06271
    990.3   0.06275
    990.5   0.06256
    990.7   0.06256
    990.8   0.06259
    991.0   0.06249
    991.2   0.06252
    991.4   0.06258
    991.6   0.06268
    991.8   0.06273
    992.0   0.06266
    992.2   0.06260
    992.4   0.06265
    992.5   0.06284
    992.7   0.06289
    992.9   0.06267
    993.1   0.06275
    993.3   0.06303
    993.5   0.06290
    993.7   0.06278
    993.9   0.06291
    994.1   0.06304
    994.3   0.06276
    994.5   0.06257
    994.6   0.06268
    994.8   0.06255
    995.0   0.06265
    995.2   0.06301
    995.4   0.06295
    995.6   0.06282
    995.8   0.06299
    996.0   0.06302
    996.2   0.06299
    996.4   0.06305
    996.5   0.06296
    996.7   0.06291
    996.9   0.06296
    997.1   0.06288
    997.3   0.06289
    997.5   0.06291
    997.7   0.06309
    997.9   0.06327
    998.1   0.06316
    998.3   0.06293
    998.5   0.06310
    998.7   0.06330
    998.9   0.06310
    999.0   0.06312
    999.2   0.06342
    999.4   0.06361
    999.6   0.06347
    999.8   0.06324
   1000.0   0.06315
   1000.2   0.06320
   1000.4   0.06319
   1000.6   0.06326
   1000.8   0.06326
   1001.0   0.06322
   1001.2   0.06325
   1001.4   0.06327
   1001.6   0.06323
   1001.8   0.06325
   1001.9   0.06319
   1002.1   0.06297
   1002.3   0.06301
   1002.5   0.06319
   1002.7   0.06319
   1002.9   0.06329
   1003.1   0.06338
   1003.3   0.06344
   1003.5   0.06357
   1003.7   0.06353
   1003.9   0.06335
   1004.1   0.06330
   1004.3   0.06328
   1004.5   0.06323
   1004.7   0.06337
   1004.9   0.06331
   1005.0   0.06334
   1005.3   0.06352
   1005.4   0.06343
   1005.6   0.06323
   1005.8   0.06335
   1006.0   0.06347
   1006.2   0.06352
   1006.4   0.06346
   1006.6   0.06347
   1006.8   0.06352
   1007.0   0.06360
   1007.2   0.06354
   1007.4   0.06354
   1007.6   0.06355
   1007.8   0.06356
   1008.0   0.06368
   1008.2   0.06374
   1008.4   0.06359
   1008.6   0.06340
   1008.8   0.06342
   1009.0   0.06349
   1009.2   0.06352
   1009.4   0.06377
   1009.5   0.06401
   1009.8   0.06387
   1010.0   0.06367
   1010.1   0.06361
   1010.3   0.06362
   1010.5   0.06362
   1010.7   0.06373
   1010.9   0.06388
   1011.1   0.06392
   1011.3   0.06380
   1011.5   0.06366
   1011.7   0.06375
   1011.9   0.06381
   1012.1   0.06380
   1012.3   0.06382
   1012.5   0.06398
   1012.7   0.06418
   1012.9   0.06411
   1013.1   0.06386
   1013.3   0.06403
   1013.5   0.06421
   1013.7   0.06384
   1013.9   0.06380
   1014.1   0.06395
   1014.3   0.06399
   1014.5   0.06426
   1014.7   0.06429
   1014.9   0.06417
   1015.1   0.06404
   1015.3   0.06395
   1015.5   0.06394
   1015.7   0.06387
   1015.9   0.06390
   1016.1   0.06416
   1016.3   0.06435
   1016.5   0.06431
   1016.7   0.06421
   1016.9   0.06406
   1017.1   0.06402
   1017.3   0.06418
   1017.5   0.06429
   1017.7   0.06431
   1017.9   0.06432
   1018.1   0.06430
   1018.3   0.06437
   1018.5   0.06446
   1018.7   0.06436
   1018.9   0.06442
   1019.1   0.06434
   1019.3   0.06416
   1019.5   0.06401
   1019.7   0.06410
   1019.9   0.06438
   1020.1   0.06431
   1020.3   0.06428
   1020.5   0.06434
   1020.7   0.06422
   1020.9   0.06427
   1021.1   0.06438
   1021.3   0.06444
   1021.5   0.06456
   1021.7   0.06461
   1021.9   0.06456
   1022.1   0.06455
   1022.3   0.06436
   1022.5   0.06432
   1022.7   0.06446
   1022.9   0.06453
   1023.1   0.06476
   1023.3   0.06475
   1023.5   0.06462
   1023.7   0.06459
   1023.9   0.06450
   1024.1   0.06464
   1024.3   0.06467
   1024.5   0.06450
   1024.7   0.06478
   1024.9   0.06487
   1025.1   0.06478
   1025.3   0.06472
   1025.5   0.06473
   1025.7   0.06478
   1025.9   0.06473
   1026.1   0.06475
   1026.3   0.06486
   1026.5   0.06492
   1026.8   0.06481
   1026.9   0.06482
   1027.2   0.06487
   1027.4   0.06497
   1027.6   0.06494
   1027.8   0.06506
   1028.0   0.06518
   1028.2   0.06502
   1028.4   0.06491
   1028.6   0.06497
   1028.8   0.06495
   1029.0   0.06487
   1029.2   0.06486
   1029.4   0.06489
   1029.6   0.06513
   1029.8   0.06530
   1030.0   0.06527
   1030.2   0.06515
   1030.4   0.06507
   1030.6   0.06508
   1030.8   0.06523
   1031.0   0.06515
   1031.2   0.06492
   1031.4   0.06490
   1031.7   0.06522
   1031.8   0.06546
   1032.1   0.06539
   1032.3   0.06513
   1032.5   0.06509
   1032.7   0.06521
   1032.9   0.06523
   1033.1   0.06515
   1033.3   0.06525
   1033.5   0.06530
   1033.7   0.06538
   1033.9   0.06554
   1034.1   0.06551
   1034.3   0.06535
   1034.5   0.06542
   1034.7   0.06561
   1034.9   0.06567
   1035.2   0.06564
   1035.4   0.06560
   1035.6   0.06551
   1035.8   0.06545
   1036.0   0.06538
   1036.2   0.06540
   1036.4   0.06546
   1036.6   0.06550
   1036.8   0.06569
   1037.0   0.06582
   1037.2   0.06570
   1037.4   0.06557
   1037.6   0.06564
   1037.8   0.06575
   1038.1   0.06572
   1038.3   0.06578
   1038.5   0.06585
   1038.7   0.06582
   1038.9   0.06569
   1039.1   0.06569
   1039.3   0.06578
   1039.5   0.06589
   1039.7   0.06580
   1039.9   0.06586
   1040.1   0.06601
   1040.3   0.06598
   1040.6   0.06591
   1040.8   0.06596
   1041.0   0.06603
   1041.2   0.06602
   1041.4   0.06595
   1041.6   0.06581
   1041.8   0.06573
   1042.0   0.06582
   1042.2   0.06586
   1042.4   0.06584
   1042.6   0.06595
   1042.8   0.06608
   1043.1   0.06604
   1043.3   0.06607
   1043.5   0.06627
   1043.7   0.06638
   1043.9   0.06638
   1044.1   0.06641
   1044.3   0.06640
   1044.5   0.06637
   1044.8   0.06644
   1045.0   0.06638
   1045.2   0.06624
   1045.4   0.06627
   1045.6   0.06637
   1045.8   0.06646
   1046.0   0.06645
   1046.2   0.06635
   1046.4   0.06637
   1046.6   0.06652
   1046.9   0.06655
   1047.1   0.06666
   1047.3   0.06671
   1047.5   0.06652
   1047.7   0.06647
   1047.9   0.06655
   1048.1   0.06664
   1048.3   0.06661
   1048.6   0.06659
   1048.8   0.06662
   1049.0   0.06656
   1049.2   0.06647
   1049.4   0.06671
   1049.6   0.06679
   1049.8   0.06674
   1050.0   0.06689
   1050.3   0.06690
   1050.5   0.06687
   1050.7   0.06690
   1050.9   0.06684
   1051.1   0.06681
   1051.3   0.06678
   1051.5   0.06689
   1051.7   0.06701
   1051.9   0.06705
   1052.2   0.06694
   1052.4   0.06682
   1052.6   0.06679
   1052.8   0.06685
   1053.0   0.06691
   1053.2   0.06696
   1053.4   0.06707
   1053.7   0.06714
   1053.9   0.06705
   1054.1   0.06683
   1054.3   0.06695
   1054.5   0.06722
   1054.7   0.06723
   1054.9   0.06716
   1055.2   0.06726
   1055.4   0.06734
   1055.6   0.06728
   1055.8   0.06727
   1056.0   0.06739
   1056.2   0.06737
   1056.4   0.06733
   1056.7   0.06741
   1056.9   0.06732
   1057.1   0.06740
   1057.3   0.06753
   1057.5   0.06757
   1057.8   0.06754
   1058.0   0.06737
   1058.2   0.06747
   1058.4   0.06760
   1058.6   0.06755
   1058.8   0.06755
   1059.0   0.06760
   1059.3   0.06764
   1059.5   0.06764
   1059.7   0.06771
   1059.9   0.06785
   1060.1   0.06794
   1060.3   0.06793
   1060.6   0.06790
   1060.8   0.06780
   1061.0   0.06766
   1061.2   0.06772
   1061.4   0.06783
   1061.7   0.06791
   1061.9   0.06786
   1062.1   0.06779
   1062.3   0.06790
   1062.5   0.06801
   1062.7   0.06809
   1062.9   0.06814
   1063.2   0.06805
   1063.4   0.06798
   1063.6   0.06804
   1063.8   0.06803
   1064.0   0.06801
   1064.3   0.06795
   1064.5   0.06805
   1064.7   0.06833
   1064.9   0.06834
   1065.1   0.06823
   1065.3   0.06821
   1065.6   0.06823
   1065.8   0.06828
   1066.0   0.06829
   1066.2   0.06829
   1066.4   0.06828
   1066.7   0.06835
   1066.9   0.06860
   1067.1   0.06857
   1067.3   0.06836
   1067.6   0.06849
   1067.8   0.06866
   1068.0   0.06868
   1068.2   0.06852
   1068.4   0.06851
   1068.7   0.06857
   1068.9   0.06859
   1069.1   0.06881
   1069.3   0.06888
   1069.5   0.06886
   1069.8   0.06892
   1070.0   0.06880
   1070.2   0.06870
   1070.4   0.06870
   1070.6   0.06887
   1070.8   0.06891
   1071.1   0.06890
   1071.3   0.06883
   1071.5   0.06889
   1071.7   0.06908
   1072.0   0.06909
   1072.2   0.06908
   1072.4   0.06908
   1072.6   0.06905
   1072.8   0.06898
   1073.1   0.06894
   1073.3   0.06907
   1073.5   0.06917
   1073.7   0.06923
   1074.0   0.06914
   1074.2   0.06907
   1074.4   0.06926
   1074.6   0.06936
   1074.8   0.06934
   1075.1   0.06929
   1075.3   0.06923
   1075.5   0.06932
   1075.7   0.06938
   1076.0   0.06927
   1076.2   0.06934
   1076.4   0.06959
   1076.6   0.06954
   1076.9   0.06944
   1077.1   0.06940
   1077.3   0.06943
   1077.5   0.06946
   1077.8   0.06941
   1078.0   0.06942
   1078.2   0.06943
   1078.4   0.06947
   1078.7   0.06962
   1078.9   0.06971
   1079.1   0.06981
   1079.3   0.06995
   1079.6   0.06994
   1079.8   0.06975
   1080.0   0.06968
   1080.2   0.06978
   1080.4   0.06991
   1080.7   0.06987
   1080.9   0.06991
   1081.1   0.06999
   1081.3   0.07000
   1081.6   0.07012
   1081.8   0.07008
   1082.0   0.07000
   1082.3   0.07000
   1082.5   0.07012
   1082.7   0.07012
   1082.9   0.06999
   1083.2   0.06995
   1083.4   0.07007
   1083.6   0.07017
   1083.8   0.07025
   1084.1   0.07027
   1084.3   0.07023
   1084.5   0.07029
   1084.8   0.07024
   1085.0   0.07027
   1085.2   0.07033
   1085.4   0.07026
   1085.7   0.07034
   1085.9   0.07036
   1086.1   0.07038
   1086.3   0.07040
   1086.6   0.07039
   1086.8   0.07040
   1087.0   0.07050
   1087.3   0.07063
   1087.5   0.07058
   1087.7   0.07056
   1087.9   0.07063
   1088.2   0.07078
   1088.4   0.07079
   1088.6   0.07074
   1088.8   0.07082
   1089.1   0.07083
   1089.3   0.07080
   1089.5   0.07080
   1089.8   0.07084
   1090.0   0.07093
   1090.2   0.07096
   1090.4   0.07095
   1090.7   0.07091
   1090.9   0.07096
   1091.1   0.07098
   1091.4   0.07096
   1091.6   0.07094
   1091.8   0.07096
   1092.1   0.07101
   1092.3   0.07113
   1092.5   0.07119
   1092.8   0.07110
   1093.0   0.07113
   1093.2   0.07122
   1093.4   0.07129
   1093.7   0.07138
   1093.9   0.07130
   1094.1   0.07127
   1094.4   0.07136
   1094.6   0.07141
   1094.8   0.07140
   1095.1   0.07138
   1095.3   0.07141
   1095.5   0.07147
   1095.8   0.07158
   1096.0   0.07158
   1096.2   0.07156
   1096.4   0.07154
   1096.7   0.07157
   1096.9   0.07163
   1097.1   0.07177
   1097.4   0.07181
   1097.6   0.07184
   1097.8   0.07184
   1098.1   0.07177
   1098.3   0.07172
   1098.5   0.07175
   1098.8   0.07180
   1099.0   0.07183
   1099.2   0.07184
   1099.5   0.07188
   1099.7   0.07199
   1099.9   0.07207
   1100.2   0.07210
   1100.4   0.07213
   1100.6   0.07219
   1100.9   0.07220
   1101.1   0.07215
   1101.3   0.07218
   1101.6   0.07232
   1101.8   0.07235
   1102.0   0.07237
   1102.3   0.07238
   1102.5   0.07231
   1102.7   0.07225
   1103.0   0.07232
   1103.2   0.07238
   1103.4   0.07239
   1103.7   0.07240
   1103.9   0.07245
   1104.2   0.07250
   1104.4   0.07242
   1104.6   0.07245
   1104.9   0.07259
   1105.1   0.07262
   1105.3   0.07260
   1105.6   0.07265
   1105.8   0.07267
   1106.0   0.07255
   1106.3   0.07266
   1106.5   0.07284
   1106.7   0.07281
   1107.0   0.07284
   1107.2   0.07285
   1107.4   0.07277
   1107.7   0.07276
   1107.9   0.07280
   1108.2   0.07286
   1108.4   0.07292
   1108.6   0.07295
   1108.9   0.07297
   1109.1   0.07296
   1109.3   0.07297
   1109.6   0.07295
   1109.8   0.07301
   1110.1   0.07310
   1110.3   0.07309
   1110.5   0.07310
   1110.8   0.07319
   1111.0   0.07321
   1111.3   0.07326
   1111.5   0.07331
   1111.7   0.07328
   1112.0   0.07320
   1112.2   0.07324
   1112.4   0.07338
   1112.7   0.07337
   1112.9   0.07339
   1113.2   0.07342
   1113.4   0.07334
   1113.6   0.07331
   1113.9   0.07342
   1114.1   0.07355
   1114.3   0.07358
   1114.6   0.07369
   1114.8   0.07376
   1115.1   0.07370
   1115.3   0.07368
   1115.6   0.07364
   1115.8   0.07373
   1116.0   0.07379
   1116.3   0.07377
   1116.5   0.07381
   1116.8   0.07382
   1117.0   0.07369
   1117.2   0.07371
   1117.5   0.07389
   1117.7   0.07395
   1118.0   0.07395
   1118.2   0.07386
   1118.4   0.07384
   1118.7   0.07392
   1118.9   0.07396
   1119.2   0.07403
   1119.4   0.07409
   1119.7   0.07415
   1119.9   0.07417
   1120.1   0.07419
   1120.4   0.07413
   1120.6   0.07418
   1120.9   0.07426
   1121.1   0.07418
   1121.3   0.07413
   1121.6   0.07417
   1121.8   0.07421
   1122.1   0.07440
   1122.3   0.07450
   1122.6   0.07456
   1122.8   0.07461
   1123.0   0.07467
   1123.3   0.07464
   1123.5   0.07456
   1123.8   0.07450
   1124.0   0.07457
   1124.3   0.07454
   1124.5   0.07449
   1124.8   0.07451
   1125.0   0.07462
   1125.2   0.07469
   1125.5   0.07472
   1125.7   0.07477
   1126.0   0.07478
   1126.2   0.07478
   1126.5   0.07481
   1126.7   0.07486
   1126.9   0.07493
   1127.2   0.07486
   1127.4   0.07487
   1127.7   0.07509
   1127.9   0.07511
   1128.2   0.07505
   1128.4   0.07507
   1128.7   0.07513
   1128.9   0.07506
   1129.2   0.07500
   1129.4   0.07511
   1129.7   0.07519
   1129.9   0.07523
   1130.1   0.07523
   1130.4   0.07529
   1130.6   0.07527
   1130.9   0.07534
   1131.1   0.07532
   1131.4   0.07522
   1131.6   0.07524
   1131.9   0.07534
   1132.1   0.07539
   1132.4   0.07538
   1132.6   0.07542
   1132.9   0.07545
   1133.1   0.07551
   1133.3   0.07552
   1133.6   0.07540
   1133.8   0.07544
   1134.1   0.07547
   1134.3   0.07548
   1134.6   0.07561
   1134.8   0.07569
   1135.1   0.07581
   1135.3   0.07583
   1135.6   0.07581
   1135.8   0.07569
   1136.1   0.07566
   1136.3   0.07575
   1136.6   0.07585
   1136.8   0.07588
   1137.1   0.07587
   1137.3   0.07580
   1137.6   0.07575
   1137.8   0.07582
   1138.1   0.07605
   1138.3   0.07609
   1138.6   0.07604
   1138.8   0.07610
   1139.1   0.07614
   1139.3   0.07615
   1139.6   0.07611
   1139.8   0.07607
   1140.1   0.07615
   1140.3   0.07620
   1140.6   0.07624
   1140.8   0.07629
   1141.1   0.07628
   1141.3   0.07636
   1141.6   0.07640
   1141.8   0.07642
   1142.1   0.07649
   1142.3   0.07647
   1142.6   0.07633
   1142.8   0.07636
   1143.1   0.07644
   1143.3   0.07647
   1143.6   0.07648
   1143.9   0.07651
   1144.1   0.07655
   1144.4   0.07659
   1144.6   0.07666
   1144.9   0.07670
   1145.1   0.07665
   1145.4   0.07667
   1145.6   0.07669
   1145.9   0.07670
   1146.1   0.07674
   1146.4   0.07680
   1146.6   0.07679
   1146.9   0.07677
   1147.2   0.07684
   1147.4   0.07688
   1147.7   0.07688
   1147.9   0.07693
   1148.2   0.07695
   1148.4   0.07698
   1148.7   0.07697
   1148.9   0.07693
   1149.2   0.07701
   1149.4   0.07713
   1149.7   0.07718
   1149.9   0.07709
   1150.2   0.07705
   1150.4   0.07718
   1150.7   0.07724
   1151.0   0.07711
   1151.2   0.07710
   1151.5   0.07720
   1151.7   0.07726
   1152.0   0.07734
   1152.2   0.07736
   1152.5   0.07727
   1152.8   0.07730
   1153.0   0.07733
   1153.3   0.07723
   1153.5   0.07733
   1153.8   0.07742
   1154.0   0.07744
   1154.3   0.07754
   1154.6   0.07750
   1154.8   0.07752
   1155.1   0.07751
   1155.3   0.07760
   1155.6   0.07767
   1155.8   0.07763
   1156.1   0.07763
   1156.4   0.07766
   1156.6   0.07768
   1156.9   0.07772
   1157.1   0.07772
   1157.4   0.07782
   1157.7   0.07791
   1157.9   0.07786
   1158.2   0.07781
   1158.4   0.07780
   1158.7   0.07778
   1158.9   0.07786
   1159.2   0.07797
   1159.5   0.07793
   1159.7   0.07793
   1160.0   0.07795
   1160.2   0.07799
   1160.5   0.07803
   1160.8   0.07804
   1161.0   0.07805
   1161.3   0.07806
   1161.5   0.07808
   1161.8   0.07821
   1162.1   0.07827
   1162.3   0.07826
   1162.6   0.07819
   1162.8   0.07810
   1163.1   0.07814
   1163.4   0.07825
   1163.6   0.07837
   1163.9   0.07837
   1164.2   0.07832
   1164.4   0.07839
   1164.7   0.07851
   1164.9   0.07847
   1165.2   0.07846
   1165.4   0.07847
   1165.7   0.07846
   1166.0   0.07843
   1166.2   0.07848
   1166.5   0.07855
   1166.8   0.07854
   1167.0   0.07855
   1167.3   0.07862
   1167.6   0.07858
   1167.8   0.07848
   1168.1   0.07853
   1168.3   0.07856
   1168.6   0.07864
   1168.9   0.07870
   1169.1   0.07877
   1169.4   0.07878
   1169.7   0.07880
   1169.9   0.07883
   1170.2   0.07875
   1170.4   0.07875
   1170.7   0.07879
   1171.0   0.07876
   1171.3   0.07878
   1171.5   0.07880
   1171.8   0.07881
   1172.0   0.07895
   1172.3   0.07904
   1172.6   0.07900
   1172.8   0.07902
   1173.1   0.07901
   1173.4   0.07902
   1173.6   0.07907
   1173.9   0.07906
   1174.2   0.07905
   1174.4   0.07911
   1174.7   0.07915
   1175.0   0.07916
   1175.2   0.07915
   1175.5   0.07914
   1175.8   0.07925
   1176.0   0.07933
   1176.3   0.07934
   1176.6   0.07936
   1176.8   0.07939
   1177.1   0.07943
   1177.4   0.07944
   1177.6   0.07949
   1177.9   0.07942
   1178.2   0.07939
   1178.4   0.07947
   1178.7   0.07949
   1179.0   0.07951
   1179.2   0.07955
   1179.5   0.07962
   1179.8   0.07965
   1180.0   0.07962
   1180.3   0.07956
   1180.6   0.07959
   1180.8   0.07968
   1181.1   0.07961
   1181.4   0.07954
   1181.7   0.07953
   1181.9   0.07959
   1182.2   0.07965
   1182.5   0.07972
   1182.7   0.07980
   1183.0   0.07985
   1183.3   0.07987
   1183.5   0.07991
   1183.8   0.07991
   1184.1   0.07995
   1184.4   0.08004
   1184.6   0.08000
   1184.9   0.07999
   1185.2   0.08002
   1185.4   0.08002
   1185.7   0.08005
   1186.0   0.08007
   1186.3   0.08003
   1186.5   0.08004
   1186.8   0.08012
   1187.1   0.08012
   1187.3   0.08008
   1187.6   0.08011
   1187.9   0.08011
   1188.2   0.08016
   1188.4   0.08028
   1188.7   0.08035
   1189.0   0.08035
   1189.3   0.08030
   1189.5   0.08027
   1189.8   0.08028
   1190.1   0.08033
   1190.3   0.08040
   1190.6   0.08036
   1190.9   0.08040
   1191.2   0.08043
   1191.4   0.08042
   1191.7   0.08049
   1192.0   0.08051
   1192.3   0.08049
   1192.5   0.08058
   1192.8   0.08063
   1193.1   0.08063
   1193.3   0.08066
   1193.6   0.08063
   1193.9   0.08064
   1194.2   0.08071
   1194.4   0.08066
   1194.7   0.08066
   1195.0   0.08069
   1195.3   0.08080
   1195.6   0.08088
   1195.8   0.08087
   1196.1   0.08085
   1196.4   0.08083
   1196.7   0.08087
   1196.9   0.08091
   1197.2   0.08091
   1197.5   0.08094
   1197.8   0.08092
   1198.0   0.08084
   1198.3   0.08083
   1198.6   0.08091
   1198.9   0.08100
   1199.2   0.08106
   1199.4   0.08102
   1199.7   0.08100
   1200.0   0.08104
   1200.3   0.08105
   1200.5   0.08098
   1200.8   0.08098
   1201.1   0.08109
   1201.4   0.08113
   1201.7   0.08117
   1201.9   0.08120
   1202.2   0.08125
   1202.5   0.08115
   1202.8   0.08118
   1203.0   0.08132
   1203.3   0.08137
   1203.6   0.08128
   1203.9   0.08119
   1204.2   0.08124
   1204.4   0.08137
   1204.7   0.08149
   1205.0   0.08144
   1205.3   0.08141
   1205.6   0.08153
   1205.8   0.08159
   1206.1   0.08151
   1206.4   0.08152
   1206.7   0.08158
   1207.0   0.08158
   1207.2   0.08158
   1207.5   0.08160
   1207.8   0.08164
   1208.1   0.08166
   1208.4   0.08168
   1208.7   0.08167
   1208.9   0.08163
   1209.2   0.08166
   1209.5   0.08169
   1209.8   0.08174
   1210.1   0.08175
   1210.3   0.08176
   1210.6   0.08175
   1210.9   0.08177
   1211.2   0.08181
   1211.5   0.08184
   1211.8   0.08182
   1212.0   0.08182
   1212.3   0.08189
   1212.6   0.08199
   1212.9   0.08203
   1213.2   0.08198
   1213.5   0.08195
   1213.7   0.08195
   1214.0   0.08197
   1214.3   0.08198
   1214.6   0.08204
   1214.9   0.08217
   1215.2   0.08219
   1215.4   0.08213
   1215.7   0.08216
   1216.0   0.08216
   1216.3   0.08216
   1216.6   0.08219
   1216.9   0.08218
   1217.2   0.08218
   1217.4   0.08227
   1217.7   0.08232
   1218.0   0.08228
   1218.3   0.08224
   1218.6   0.08225
   1218.9   0.08237
   1219.2   0.08244
   1219.4   0.08245
   1219.7   0.08240
   1220.0   0.08242
   1220.3   0.08247
   1220.6   0.08242
   1220.9   0.08243
   1221.2   0.08251
   1221.5   0.08254
   1221.8   0.08260
   1222.0   0.08269
   1222.3   0.08267
   1222.6   0.08267
   1222.9   0.08268
   1223.2   0.08269
   1223.5   0.08276
   1223.8   0.08280
   1224.1   0.08275
   1224.3   0.08269
   1224.6   0.08277
   1224.9   0.08285
   1225.2   0.08285
   1225.5   0.08285
   1225.8   0.08291
   1226.1   0.08289
   1226.4   0.08274
   1226.7   0.08275
   1227.0   0.08289
   1227.3   0.08300
   1227.5   0.08301
   1227.8   0.08306
   1228.1   0.08312
   1228.4   0.08314
   1228.7   0.08309
   1229.0   0.08311
   1229.3   0.08315
   1229.6   0.08311
   1229.9   0.08306
   1230.2   0.08315
   1230.4   0.08324
   1230.7   0.08317
   1231.0   0.08313
   1231.3   0.08320
   1231.6   0.08324
   1231.9   0.08328
   1232.2   0.08331
   1232.5   0.08334
   1232.8   0.08333
   1233.1   0.08331
   1233.4   0.08331
   1233.7   0.08341
   1234.0   0.08352
   1234.3   0.08345
   1234.6   0.08337
   1234.8   0.08344
   1235.1   0.08348
   1235.4   0.08348
   1235.7   0.08348
   1236.0   0.08342
   1236.3   0.08344
   1236.6   0.08349
   1236.9   0.08349
   1237.2   0.08352
   1237.5   0.08352
   1237.8   0.08359
   1238.1   0.08368
   1238.4   0.08368
   1238.7   0.08367
   1239.0   0.08369
   1239.3   0.08369
   1239.6   0.08368
   1239.9   0.08374
   1240.2   0.08377
   1240.5   0.08377
   1240.8   0.08376
   1241.1   0.08378
   1241.3   0.08381
   1241.7   0.08389
   1241.9   0.08393
   1242.2   0.08389
   1242.5   0.08389
   1242.8   0.08389
   1243.1   0.08395
   1243.4   0.08405
   1243.7   0.08410
   1244.0   0.08409
   1244.3   0.08408
   1244.6   0.08410
   1244.9   0.08414
   1245.2   0.08420
   1245.5   0.08421
   1245.8   0.08419
   1246.1   0.08421
   1246.4   0.08431
   1246.7   0.08430
   1247.0   0.08426
   1247.3   0.08425
   1247.6   0.08430
   1247.9   0.08434
   1248.2   0.08442
   1248.5   0.08441
   1248.8   0.08440
   1249.1   0.08445
   1249.4   0.08446
   1249.7   0.08449
   1250.0   0.08452
   1250.3   0.08459
   1250.6   0.08457
   1250.9   0.08453
   1251.2   0.08457
   1251.5   0.08456
   1251.8   0.08454
   1252.1   0.08457
   1252.4   0.08459
   1252.8   0.08462
   1253.1   0.08462
   1253.3   0.08461
   1253.7   0.08470
   1254.0   0.08479
   1254.3   0.08476
   1254.6   0.08467
   1254.9   0.08463
   1255.2   0.08469
   1255.5   0.08472
   1255.8   0.08483
   1256.1   0.08494
   1256.4   0.08484
   1256.7   0.08478
   1257.0   0.08479
   1257.3   0.08488
   1257.6   0.08501
   1257.9   0.08507
   1258.2   0.08510
   1258.5   0.08510
   1258.8   0.08506
   1259.1   0.08506
   1259.4   0.08505
   1259.8   0.08510
   1260.1   0.08516
   1260.4   0.08517
   1260.7   0.08519
   1261.0   0.08527
   1261.3   0.08533
   1261.6   0.08538
   1261.9   0.08539
   1262.2   0.08534
   1262.5   0.08534
   1262.8   0.08540
   1263.1   0.08541
   1263.4   0.08538
   1263.7   0.08533
   1264.1   0.08531
   1264.4   0.08539
   1264.7   0.08540
   1265.0   0.08549
   1265.3   0.08554
   1265.6   0.08555
   1265.9   0.08560
   1266.2   0.08557
   1266.5   0.08558
   1266.8   0.08562
   1267.1   0.08563
   1267.4   0.08565
   1267.8   0.08566
   1268.1   0.08567
   1268.4   0.08571
   1268.7   0.08572
   1269.0   0.08574
   1269.3   0.08579
   1269.6   0.08586
   1269.9   0.08591
   1270.2   0.08587
   1270.6   0.08585
   1270.9   0.08591
   1271.2   0.08591
   1271.5   0.08590
   1271.8   0.08594
   1272.1   0.08603
   1272.4   0.08604
   1272.7   0.08602
   1273.1   0.08600
   1273.4   0.08599
   1273.7   0.08599
   1274.0   0.08606
   1274.3   0.08613
   1274.6   0.08618
   1274.9   0.08621
   1275.2   0.08617
   1275.6   0.08615
   1275.9   0.08626
   1276.2   0.08630
   1276.5   0.08628
   1276.8   0.08630
   1277.1   0.08629
   1277.4   0.08631
   1277.8   0.08634
   1278.1   0.08644
   1278.4   0.08640
   1278.7   0.08638
   1279.0   0.08648
   1279.3   0.08653
   1279.7   0.08655
   1280.0   0.08652
   1280.3   0.08645
   1280.6   0.08651
   1280.9   0.08662
   1281.2   0.08668
   1281.6   0.08672
   1281.9   0.08674
   1282.2   0.08669
   1282.5   0.08658
   1282.8   0.08659
   1283.1   0.08675
   1283.4   0.08683
   1283.8   0.08680
   1284.1   0.08682
   1284.4   0.08686
   1284.7   0.08687
   1285.0   0.08691
   1285.4   0.08694
   1285.7   0.08689
   1286.0   0.08695
   1286.3   0.08695
   1286.6   0.08694
   1286.9   0.08698
   1287.3   0.08695
   1287.6   0.08697
   1287.9   0.08705
   1288.2   0.08716
   1288.6   0.08721
   1288.9   0.08714
   1289.2   0.08710
   1289.5   0.08713
   1289.8   0.08715
   1290.2   0.08720
   1290.5   0.08726
   1290.8   0.08725
   1291.1   0.08729
   1291.4   0.08737
   1291.8   0.08740
   1292.1   0.08740
   1292.4   0.08739
   1292.7   0.08738
   1293.1   0.08744
   1293.4   0.08752
   1293.7   0.08749
   1294.0   0.08751
   1294.3   0.08759
   1294.7   0.08762
   1295.0   0.08765
   1295.3   0.08768
   1295.6   0.08771
   1296.0   0.08768
   1296.3   0.08764
   1296.6   0.08765
   1296.9   0.08766
   1297.3   0.08771
   1297.6   0.08778
   1297.9   0.08781
   1298.2   0.08781
   1298.6   0.08783
   1298.9   0.08790
   1299.2   0.08792
   1299.5   0.08790
   1299.9   0.08791
   1300.2   0.08795
   1300.5   0.08804
   1300.8   0.08809
   1301.2   0.08806
   1301.5   0.08804
   1301.8   0.08812
   1302.1   0.08818
   1302.5   0.08818
   1302.8   0.08820
   1303.1   0.08824
   1303.4   0.08822
   1303.8   0.08821
   1304.1   0.08823
   1304.4   0.08829
   1304.8   0.08835
   1305.1   0.08837
   1305.4   0.08839
   1305.8   0.08843
   1306.1   0.08847
   1306.4   0.08845
   1306.7   0.08845
   1307.1   0.08846
   1307.4   0.08845
   1307.7   0.08852
   1308.1   0.08856
   1308.4   0.08862
   1308.7   0.08864
   1309.1   0.08857
   1309.4   0.08863
   1309.7   0.08875
   1310.0   0.08874
   1310.4   0.08867
   1310.7   0.08868
   1311.0   0.08879
   1311.4   0.08886
   1311.7   0.08885
   1312.0   0.08884
   1312.4   0.08889
   1312.7   0.08889
   1313.0   0.08888
   1313.4   0.08890
   1313.7   0.08900
   1314.0   0.08907
   1314.4   0.08904
   1314.7   0.08907
   1315.0   0.08916
   1315.4   0.08917
   1315.7   0.08914
   1316.0   0.08913
   1316.4   0.08913
   1316.7   0.08914
   1317.0   0.08914
   1317.4   0.08922
   1317.7   0.08929
   1318.0   0.08931
   1318.4   0.08933
   1318.7   0.08939
   1319.0   0.08942
   1319.4   0.08939
   1319.7   0.08940
   1320.1   0.08945
   1320.4   0.08949
   1320.7   0.08950
   1321.1   0.08946
   1321.4   0.08947
   1321.7   0.08950
   1322.1   0.08957
   1322.4   0.08962
   1322.7   0.08962
   1323.1   0.08963
   1323.4   0.08968
   1323.8   0.08977
   1324.1   0.08980
   1324.4   0.08978
   1324.8   0.08976
   1325.1   0.08978
   1325.4   0.08979
   1325.8   0.08980
   1326.1   0.08986
   1326.5   0.08993
   1326.8   0.08995
   1327.1   0.08995
   1327.5   0.08999
   1327.8   0.09000
   1328.2   0.08998
   1328.5   0.09006
   1328.8   0.09016
   1329.2   0.09018
   1329.5   0.09015
   1329.9   0.09019
   1330.2   0.09022
   1330.6   0.09025
   1330.9   0.09029
   1331.2   0.09032
   1331.6   0.09030
   1331.9   0.09029
   1332.3   0.09036
   1332.6   0.09036
   1332.9   0.09038
   1333.3   0.09048
   1333.6   0.09053
   1334.0   0.09053
   1334.3   0.09059
   1334.7   0.09060
   1335.0   0.09055
   1335.3   0.09056
   1335.7   0.09064
   1336.0   0.09071
   1336.4   0.09066
   1336.7   0.09065
   1337.1   0.09070
   1337.4   0.09076
   1337.8   0.09078
   1338.1   0.09081
   1338.4   0.09084
   1338.8   0.09089
   1339.1   0.09088
   1339.5   0.09090
   1339.8   0.09094
   1340.2   0.09095
   1340.5   0.09094
   1340.9   0.09092
   1341.2   0.09098
   1341.6   0.09101
   1341.9   0.09105
   1342.3   0.09110
   1342.6   0.09110
   1342.9   0.09113
   1343.3   0.09119
   1343.7   0.09120
   1344.0   0.09119
   1344.3   0.09116
   1344.7   0.09118
   1345.0   0.09130
   1345.4   0.09134
   1345.7   0.09136
   1346.1   0.09138
   1346.4   0.09140
   1346.8   0.09144
   1347.1   0.09153
   1347.5   0.09163
   1347.8   0.09158
   1348.2   0.09145
   1348.5   0.09144
   1348.9   0.09159
   1349.2   0.09168
   1349.6   0.09165
   1349.9   0.09164
   1350.3   0.09168
   1350.7   0.09170
   1351.0   0.09176
   1351.3   0.09184
   1351.7   0.09186
   1352.1   0.09189
   1352.4   0.09188
   1352.8   0.09187
   1353.1   0.09188
   1353.5   0.09188
   1353.8   0.09195
   1354.2   0.09209
   1354.5   0.09212
   1354.9   0.09206
   1355.2   0.09203
   1355.6   0.09208
   1355.9   0.09216
   1356.3   0.09215
   1356.7   0.09215
   1357.0   0.09218
   1357.4   0.09220
   1357.7   0.09224
   1358.1   0.09229
   1358.4   0.09227
   1358.8   0.09228
   1359.2   0.09236
   1359.5   0.09236
   1359.9   0.09235
   1360.2   0.09240
   1360.6   0.09247
   1360.9   0.09250
   1361.3   0.09253
   1361.7   0.09259
   1362.0   0.09262
   1362.4   0.09260
   1362.7   0.09261
   1363.1   0.09267
   1363.4   0.09265
   1363.8   0.09266
   1364.2   0.09272
   1364.5   0.09280
   1364.9   0.09286
   1365.2   0.09283
   1365.6   0.09284
   1365.9   0.09289
   1366.3   0.09297
   1366.7   0.09300
   1367.0   0.09297
   1367.4   0.09299
   1367.8   0.09304
   1368.1   0.09305
   1368.5   0.09303
   1368.8   0.09307
   1369.2   0.09314
   1369.6   0.09317
   1369.9   0.09316
   1370.3   0.09316
   1370.7   0.09323
   1371.0   0.09324
   1371.4   0.09322
   1371.7   0.09328
   1372.1   0.09336
   1372.5   0.09343
   1372.8   0.09348
   1373.2   0.09347
   1373.6   0.09345
   1373.9   0.09344
   1374.3   0.09345
   1374.6   0.09350
   1375.0   0.09351
   1375.4   0.09354
   1375.7   0.09362
   1376.1   0.09370
   1376.5   0.09374
   1376.8   0.09376
   1377.2   0.09377
   1377.6   0.09376
   1377.9   0.09382
   1378.3   0.09386
   1378.7   0.09385
   1379.0   0.09385
   1379.4   0.09384
   1379.8   0.09386
   1380.1   0.09398
   1380.5   0.09401
   1380.9   0.09400
   1381.2   0.09408
   1381.6   0.09410
   1382.0   0.09407
   1382.3   0.09412
   1382.7   0.09421
   1383.1   0.09419
   1383.4   0.09421
   1383.8   0.09419
   1384.2   0.09417
   1384.6   0.09419
   1384.9   0.09426
   1385.3   0.09431
   1385.7   0.09438
   1386.0   0.09442
   1386.4   0.09442
   1386.8   0.09444
   1387.2   0.09448
   1387.5   0.09451
   1387.9   0.09455
   1388.3   0.09461
   1388.6   0.09463
   1389.0   0.09461
   1389.4   0.09458
   1389.8   0.09464
   1390.1   0.09471
   1390.5   0.09477
   1390.9   0.09481
   1391.2   0.09482
   1391.6   0.09484
   1392.0   0.09485
   1392.4   0.09482
   1392.7   0.09483
   1393.1   0.09489
   1393.5   0.09492
   1393.9   0.09495
   1394.2   0.09498
   1394.6   0.09503
   1395.0   0.09504
   1395.4   0.09502
   1395.7   0.09510
   1396.1   0.09514
   1396.5   0.09515
   1396.9   0.09521
   1397.2   0.09523
   1397.6   0.09525
   1398.0   0.09532
   1398.4   0.09535
   1398.8   0.09539
   1399.1   0.09541
   1399.5   0.09542
   1399.9   0.09548
   1400.3   0.09552
   1400.6   0.09553
   1401.0   0.09553
   1401.4   0.09554
   1401.8   0.09553
   1402.2   0.09554
   1402.5   0.09563
   1402.9   0.09570
   1403.3   0.09574
   1403.7   0.09575
   1404.1   0.09571
   1404.4   0.09572
   1404.8   0.09581
   1405.2   0.09583
   1405.6   0.09581
   1406.0   0.09585
   1406.3   0.09591
   1406.7   0.09594
   1407.1   0.09597
   1407.5   0.09599
   1407.9   0.09603
   1408.3   0.09603
   1408.6   0.09601
   1409.0   0.09600
   1409.4   0.09608
   1409.8   0.09619
   1410.2   0.09622
   1410.6   0.09621
   1410.9   0.09623
   1411.3   0.09635
   1411.7   0.09638
   1412.1   0.09629
   1412.5   0.09634
   1412.8   0.09639
   1413.2   0.09641
   1413.6   0.09648
   1414.0   0.09652
   1414.4   0.09650
   1414.8   0.09649
   1415.2   0.09649
   1415.6   0.09650
   1415.9   0.09659
   1416.3   0.09664
   1416.7   0.09671
   1417.1   0.09669
   1417.5   0.09661
   1417.9   0.09670
   1418.3   0.09682
   1418.7   0.09684
   1419.0   0.09678
   1419.4   0.09678
   1419.8   0.09684
   1420.2   0.09692
   1420.6   0.09696
   1421.0   0.09692
   1421.4   0.09698
   1421.8   0.09706
   1422.2   0.09705
   1422.5   0.09704
   1422.9   0.09712
   1423.3   0.09715
   1423.7   0.09717
   1424.1   0.09716
   1424.5   0.09715
   1424.9   0.09720
   1425.3   0.09725
   1425.7   0.09724
   1426.1   0.09732
   1426.5   0.09740
   1426.8   0.09747
   1427.2   0.09746
   1427.6   0.09744
   1428.0   0.09744
   1428.4   0.09745
   1428.8   0.09755
   1429.2   0.09759
   1429.6   0.09758
   1430.0   0.09760
   1430.4   0.09760
   1430.8   0.09759
   1431.2   0.09763
   1431.6   0.09771
   1432.0   0.09774
   1432.4   0.09778
   1432.8   0.09782
   1433.2   0.09783
   1433.6   0.09788
   1433.9   0.09796
   1434.3   0.09800
   1434.8   0.09802
   1435.1   0.09799
   1435.5   0.09797
   1435.9   0.09802
   1436.3   0.09810
   1436.7   0.09812
   1437.1   0.09811
   1437.5   0.09813
   1437.9   0.09817
   1438.3   0.09827
   1438.7   0.09830
   1439.1   0.09830
   1439.5   0.09833
   1439.9   0.09837
   1440.3   0.09835
   1440.7   0.09831
   1441.1   0.09832
   1441.5   0.09835
   1441.9   0.09838
   1442.3   0.09843
   1442.7   0.09846
   1443.1   0.09849
   1443.5   0.09854
   1443.9   0.09865
   1444.3   0.09869
   1444.7   0.09866
   1445.1   0.09868
   1445.6   0.09864
   1445.9   0.09863
   1446.3   0.09874
   1446.8   0.09887
   1447.2   0.09891
   1447.6   0.09888
   1448.0   0.09892
   1448.4   0.09893
   1448.8   0.09890
   1449.2   0.09893
   1449.6   0.09897
   1450.0   0.09895
   1450.4   0.09894
   1450.8   0.09902
   1451.2   0.09905
   1451.6   0.09908
   1452.0   0.09913
   1452.4   0.09916
   1452.8   0.09921
   1453.2   0.09921
   1453.7   0.09921
   1454.1   0.09927
   1454.5   0.09934
   1454.9   0.09937
   1455.3   0.09930
   1455.7   0.09931
   1456.1   0.09933
   1456.5   0.09939
   1456.9   0.09946
   1457.3   0.09947
   1457.7   0.09949
   1458.2   0.09950
   1458.6   0.09951
   1459.0   0.09956
   1459.4   0.09960
   1459.8   0.09963
   1460.2   0.09968
   1460.6   0.09976
   1461.0   0.09976
   1461.4   0.09973
   1461.8   0.09976
   1462.3   0.09977
   1462.7   0.09981
   1463.1   0.09986
   1463.5   0.09990
   1463.9   0.09993
   1464.3   0.09996
   1464.7   0.09999
   1465.2   0.10003
   1465.6   0.10005
   1466.0   0.10006
   1466.4   0.10010
   1466.8   0.10018
   1467.2   0.10015
   1467.6   0.10010
   1468.1   0.10017
   1468.5   0.10026
   1468.9   0.10029
   1469.3   0.10028
   1469.7   0.10030
   1470.1   0.10033
   1470.6   0.10037
   1471.0   0.10038
   1471.4   0.10037
   1471.8   0.10038
   1472.2   0.10042
   1472.6   0.10047
   1473.1   0.10054
   1473.5   0.10057
   1473.9   0.10056
   1474.3   0.10056
   1474.7   0.10064
   1475.2   0.10069
   1475.6   0.10070
   1476.0   0.10069
   1476.4   0.10068
   1476.8   0.10071
   1477.3   0.10074
   1477.7   0.10078
   1478.1   0.10083
   1478.5   0.10088
   1478.9   0.10087
   1479.4   0.10087
   1479.8   0.10095
   1480.2   0.10095
   1480.6   0.10099
   1481.1   0.10103
   1481.5   0.10105
   1481.9   0.10112
   1482.3   0.10114
   1482.8   0.10113
   1483.2   0.10114
   1483.6   0.10114
   1484.0   0.10115
   1484.4   0.10122
   1484.9   0.10123
   1485.3   0.10118
   1485.7   0.10122
   1486.2   0.10129
   1486.6   0.10135
   1487.0   0.10141
   1487.4   0.10148
   1487.9   0.10146
   1488.3   0.10147
   1488.7   0.10153
   1489.1   0.10152
   1489.6   0.10152
   1490.0   0.10153
   1490.4   0.10155
   1490.8   0.10161
   1491.3   0.10161
   1491.7   0.10160
   1492.1   0.10165
   1492.6   0.10168
   1493.0   0.10175
   1493.4   0.10181
   1493.9   0.10180
   1494.3   0.10182
   1494.7   0.10185
   1495.2   0.10184
   1495.6   0.10187
   1496.0   0.10191
   1496.4   0.10194
   1496.9   0.10199
   1497.3   0.10198
   1497.7   0.10198
   1498.2   0.10203
   1498.6   0.10203
   1499.0   0.10205
   1499.5   0.10211
   1499.9   0.10214
   1500.3   0.10223
   1500.8   0.10225
   1501.2   0.10220
   1501.7   0.10222
   1502.1   0.10229
   1502.5   0.10236
   1502.9   0.10233
   1503.4   0.10227
   1503.8   0.10232
   1504.3   0.10239
   1504.7   0.10243
   1505.1   0.10244
   1505.6   0.10246
   1506.0   0.10249
   1506.4   0.10247
   1506.9   0.10247
   1507.3   0.10250
   1507.8   0.10252
   1508.2   0.10256
   1508.6   0.10261
   1509.1   0.10266
   1509.5   0.10271
   1510.0   0.10269
   1510.4   0.10263
   1510.8   0.10267
   1511.3   0.10274
   1511.7   0.10279
   1512.2   0.10282
   1512.6   0.10282
   1513.0   0.10282
   1513.5   0.10288
   1513.9   0.10294
   1514.4   0.10295
   1514.8   0.10295
   1515.3   0.10296
   1515.7   0.10297
   1516.1   0.10300
   1516.6   0.10304
   1517.0   0.10304
   1517.5   0.10305
   1517.9   0.10304
   1518.4   0.10308
   1518.8   0.10317
   1519.3   0.10325
   1519.7   0.10329
   1520.1   0.10327
   1520.6   0.10329
   1521.0   0.10327
   1521.5   0.10328
   1521.9   0.10333
   1522.4   0.10333
   1522.8   0.10333
   1523.3   0.10334
   1523.7   0.10337
   1524.2   0.10343
   1524.6   0.10351
   1525.1   0.10357
   1525.5   0.10355
   1525.9   0.10351
   1526.4   0.10352
   1526.8   0.10360
   1527.3   0.10364
   1527.8   0.10363
   1528.2   0.10363
   1528.7   0.10369
   1529.1   0.10372
   1529.6   0.10372
   1530.0   0.10372
   1530.5   0.10374
   1530.9   0.10379
   1531.4   0.10382
   1531.8   0.10385
   1532.3   0.10388
   1532.7   0.10387
   1533.2   0.10390
   1533.6   0.10395
   1534.1   0.10390
   1534.5   0.10390
   1535.0   0.10398
   1535.4   0.10403
   1535.9   0.10405
   1536.3   0.10405
   1536.8   0.10410
   1537.3   0.10410
   1537.7   0.10406
   1538.2   0.10407
   1538.6   0.10411
   1539.1   0.10418
   1539.6   0.10420
   1540.0   0.10418
   1540.5   0.10421
   1540.9   0.10427
   1541.4   0.10427
   1541.8   0.10427
   1542.3   0.10429
   1542.8   0.10433
   1543.2   0.10434
   1543.7   0.10437
   1544.1   0.10441
   1544.6   0.10442
   1545.1   0.10446
   1545.5   0.10452
   1546.0   0.10450
   1546.4   0.10447
   1546.9   0.10451
   1547.4   0.10458
   1547.8   0.10462
   1548.3   0.10463
   1548.8   0.10456
   1549.2   0.10453
   1549.7   0.10458
   1550.1   0.10467
   1550.6   0.10472
   1551.1   0.10472
   1551.5   0.10471
   1552.0   0.10475
   1552.4   0.10482
   1552.9   0.10476
   1553.4   0.10475
   1553.8   0.10482
   1554.3   0.10488
   1554.8   0.10491
   1555.3   0.10490
   1555.7   0.10488
   1556.2   0.10490
   1556.7   0.10498
   1557.1   0.10501
   1557.6   0.10501
   1558.1   0.10502
   1558.5   0.10501
   1559.0   0.10505
   1559.5   0.10510
   1559.9   0.10513
   1560.4   0.10515
   1560.9   0.10512
   1561.3   0.10509
   1561.8   0.10516
   1562.3   0.10519
   1562.8   0.10517
   1563.2   0.10520
   1563.7   0.10523
   1564.2   0.10525
   1564.6   0.10528
   1565.1   0.10533
   1565.6   0.10535
   1566.1   0.10534
   1566.5   0.10535
   1567.0   0.10539
   1567.5   0.10544
   1567.9   0.10545
   1568.4   0.10543
   1568.9   0.10543
   1569.4   0.10547
   1569.8   0.10554
   1570.3   0.10557
   1570.8   0.10556
   1571.3   0.10554
   1571.8   0.10557
   1572.2   0.10559
   1572.7   0.10561
   1573.2   0.10565
   1573.7   0.10564
   1574.1   0.10566
   1574.6   0.10568
   1575.1   0.10571
   1575.6   0.10568
   1576.1   0.10571
   1576.5   0.10579
   1577.0   0.10579
   1577.5   0.10574
   1578.0   0.10576
   1578.4   0.10583
   1578.9   0.10588
   1579.4   0.10589
   1579.9   0.10588
   1580.4   0.10592
   1580.9   0.10594
   1581.3   0.10594
   1581.8   0.10593
   1582.3   0.10592
   1582.8   0.10590
   1583.3   0.10589
   1583.8   0.10596
   1584.2   0.10602
   1584.7   0.10607
   1585.2   0.10608
   1585.7   0.10607
   1586.2   0.10608
   1586.7   0.10613
   1587.2   0.10614
   1587.6   0.10610
   1588.1   0.10611
   1588.6   0.10614
   1589.1   0.10615
   1589.6   0.10617
   1590.1   0.10622
   1590.6   0.10623
   1591.0   0.10625
   1591.5   0.10628
   1592.0   0.10632
   1592.5   0.10637
   1593.0   0.10639
   1593.5   0.10638
   1594.0   0.10635
   1594.5   0.10634
   1595.0   0.10638
   1595.4   0.10639
   1595.9   0.10637
   1596.4   0.10637
   1596.9   0.10636
   1597.4   0.10638
   1597.9   0.10644
   1598.4   0.10647
   1598.9   0.10654
   1599.4   0.10657
   1599.9   0.10655
   1600.4   0.10656
   1600.9   0.10657
   1601.4   0.10659
   1601.9   0.10660
   1602.3   0.10662
   1602.8   0.10662
   1603.3   0.10663
   1603.8   0.10668
   1604.3   0.10671
   1604.8   0.10669
   1605.3   0.10667
   1605.8   0.10669
   1606.3   0.10675
   1606.8   0.10679
   1607.3   0.10681
   1607.8   0.10679
   1608.3   0.10677
   1608.8   0.10684
   1609.3   0.10686
   1609.8   0.10684
   1610.3   0.10687
   1610.8   0.10693
   1611.3   0.10697
   1611.8   0.10699
   1612.3   0.10699
   1612.8   0.10700
   1613.3   0.10696
   1613.8   0.10692
   1614.3   0.10700
   1614.8   0.10705
   1615.3   0.10700
   1615.8   0.10701
   1616.3   0.10703
   1616.8   0.10707
   1617.3   0.10708
   1617.8   0.10711
   1618.4   0.10710
   1618.9   0.10709
   1619.4   0.10708
   1619.9   0.10710
   1620.4   0.10713
   1620.9   0.10720
   1621.4   0.10725
   1621.9   0.10722
   1622.4   0.10720
   1622.9   0.10718
   1623.4   0.10720
   1623.9   0.10724
   1624.4   0.10725
   1624.9   0.10725
   1625.5   0.10728
   1626.0   0.10731
   1626.5   0.10733
   1627.0   0.10735
   1627.5   0.10734
   1628.0   0.10733
   1628.5   0.10735
   1629.0   0.10737
   1629.6   0.10735
   1630.1   0.10739
   1630.6   0.10740
   1631.1   0.10739
   1631.6   0.10740
   1632.1   0.10742
   1632.6   0.10745
   1633.1   0.10745
   1633.7   0.10742
   1634.2   0.10742
   1634.7   0.10744
   1635.2   0.10750
   1635.7   0.10757
   1636.2   0.10760
   1636.8   0.10756
   1637.3   0.10752
   1637.8   0.10758
   1638.3   0.10764
   1638.8   0.10764
   1639.3   0.10765
   1639.8   0.10761
   1640.4   0.10760
   1640.9   0.10763
   1641.4   0.10766
   1641.9   0.10768
   1642.4   0.10769
   1643.0   0.10767
   1643.5   0.10765
   1644.0   0.10769
   1644.5   0.10772
   1645.1   0.10771
   1645.6   0.10773
   1646.1   0.10775
   1646.6   0.10780
   1647.2   0.10780
   1647.7   0.10778
   1648.2   0.10776
   1648.7   0.10775
   1649.2   0.10781
   1649.8   0.10787
   1650.3   0.10783
   1650.8   0.10783
   1651.3   0.10785
   1651.9   0.10785
   1652.4   0.10787
   1652.9   0.10790
   1653.4   0.10791
   1654.0   0.10792
   1654.5   0.10792
   1655.0   0.10791
   1655.6   0.10792
   1656.1   0.10797
   1656.6   0.10801
   1657.2   0.10802
   1657.7   0.10801
   1658.2   0.10800
   1658.7   0.10802
   1659.3   0.10806
   1659.8   0.10805
   1660.3   0.10802
   1660.9   0.10804
   1661.4   0.10804
   1661.9   0.10803
   1662.5   0.10806
   1663.0   0.10807
   1663.5   0.10807
   1664.1   0.10806
   1664.6   0.10809
   1665.1   0.10813
   1665.7   0.10815
   1666.2   0.10818
   1666.7   0.10821
   1667.3   0.10819
   1667.8   0.10821
   1668.3   0.10825
   1668.9   0.10825
   1669.4   0.10825
   1670.0   0.10824
   1670.5   0.10824
   1671.0   0.10825
   1671.6   0.10824
   1672.1   0.10825
   1672.7   0.10829
   1673.2   0.10829
   1673.7   0.10827
   1674.3   0.10827
   1674.8   0.10826
   1675.4   0.10827
   1675.9   0.10827
   1676.4   0.10830
   1677.0   0.10831
   1677.5   0.10831
   1678.1   0.10836
   1678.6   0.10839
   1679.2   0.10837
   1679.7   0.10838
   1680.2   0.10842
   1680.8   0.10844
   1681.3   0.10841
   1681.9   0.10841
   1682.4   0.10844
   1683.0   0.10847
   1683.5   0.10849
   1684.1   0.10845
   1684.6   0.10841
   1685.2   0.10844
   1685.7   0.10849
   1686.3   0.10850
   1686.8   0.10853
   1687.3   0.10851
   1687.9   0.10851
   1688.4   0.10854
   1689.0   0.10853
   1689.6   0.10851
   1690.1   0.10853
   1690.7   0.10854
   1691.2   0.10856
   1691.8   0.10856
   1692.3   0.10856
   1692.9   0.10856
   1693.4   0.10859
   1694.0   0.10861
   1694.5   0.10860
   1695.1   0.10859
   1695.6   0.10857
   1696.2   0.10857
   1696.7   0.10861
   1697.3   0.10865
   1697.8   0.10866
   1698.4   0.10865
   1699.0   0.10867
   1699.5   0.10870
   1700.1   0.10866
   1700.6   0.10866
   1701.2   0.10865
   1701.8   0.10870
   1702.3   0.10871
   1702.9   0.10868
   1703.4   0.10867
   1704.0   0.10870
   1704.6   0.10869
   1705.1   0.10869
   1705.7   0.10874
   1706.2   0.10875
   1706.8   0.10870
   1707.4   0.10873
   1707.9   0.10879
   1708.5   0.10879
   1709.0   0.10877
   1709.6   0.10877
   1710.2   0.10880
   1710.7   0.10882
   1711.3   0.10878
   1711.9   0.10877
   1712.4   0.10882
   1713.0   0.10884
   1713.6   0.10880
   1714.1   0.10878
   1714.7   0.10879
   1715.3   0.10887
   1715.8   0.10888
   1716.4   0.10885
   1717.0   0.10884
   1717.5   0.10883
   1718.1   0.10885
   1718.7   0.10889
   1719.2   0.10890
   1719.8   0.10890
   1720.4   0.10891
   1721.0   0.10893
   1721.5   0.10891
   1722.1   0.10891
   1722.7   0.10894
   1723.2   0.10892
   1723.8   0.10895
   1724.4   0.10900
   1725.0   0.10897
   1725.5   0.10895
   1726.1   0.10900
   1726.7   0.10899
   1727.3   0.10896
   1727.8   0.10896
   1728.4   0.10897
   1729.0   0.10896
   1729.6   0.10896
   1730.1   0.10897
   1730.7   0.10897
   1731.3   0.10899
   1731.9   0.10899
   1732.5   0.10897
   1733.0   0.10900
   1733.6   0.10904
   1734.2   0.10906
   1734.8   0.10903
   1735.4   0.10905
   1735.9   0.10905
   1736.5   0.10903
   1737.1   0.10904
   1737.7   0.10904
   1738.3   0.10909
   1738.8   0.10909
   1739.4   0.10908
   1740.0   0.10910
   1740.6   0.10915
   1741.2   0.10916
   1741.8   0.10912
   1742.3   0.10911
   1742.9   0.10910
   1743.5   0.10908
   1744.1   0.10908
   1744.7   0.10909
   1745.3   0.10913
   1745.9   0.10916
   1746.5   0.10916
   1747.1   0.10915
   1747.6   0.10915
   1748.2   0.10914
   1748.8   0.10911
   1749.4   0.10911
   1750.0   0.10917
   1750.6   0.10918
   1751.2   0.10921
   1751.8   0.10923
   1752.4   0.10920
   1753.0   0.10918
   1753.6   0.10921
   1754.1   0.10920
   1754.7   0.10915
   1755.3   0.10914
   1755.9   0.10918
   1756.5   0.10921
   1757.1   0.10921
   1757.7   0.10921
   1758.3   0.10924
   1758.9   0.10925
   1759.5   0.10924
   1760.1   0.10925
   1760.7   0.10930
   1761.3   0.10932
   1761.9   0.10926
   1762.5   0.10922
   1763.1   0.10926
   1763.7   0.10929
   1764.3   0.10930
   1764.9   0.10931
   1765.5   0.10931
   1766.1   0.10932
   1766.7   0.10930
   1767.3   0.10929
   1767.9   0.10932
   1768.5   0.10930
   1769.1   0.10928
   1769.7   0.10929
   1770.3   0.10933
   1770.9   0.10934
   1771.5   0.10932
   1772.1   0.10933
   1772.7   0.10933
   1773.3   0.10937
   1773.9   0.10937
   1774.6   0.10936
   1775.2   0.10936
   1775.8   0.10936
   1776.4   0.10938
   1777.0   0.10937
   1777.6   0.10932
   1778.2   0.10935
   1778.8   0.10938
   1779.4   0.10937
   1780.0   0.10935
   1780.7   0.10937
   1781.3   0.10939
   1781.9   0.10940
   1782.5   0.10942
   1783.1   0.10944
   1783.7   0.10945
   1784.3   0.10944
   1784.9   0.10945
   1785.6   0.10945
   1786.2   0.10943
   1786.8   0.10945
   1787.4   0.10950
   1788.0   0.10951
   1788.6   0.10947
   1789.3   0.10944
   1789.9   0.10945
   1790.5   0.10948
   1791.1   0.10949
   1791.7   0.10948
   1792.3   0.10947
   1793.0   0.10944
   1793.6   0.10944
   1794.2   0.10942
   1794.8   0.10944
   1795.4   0.10947
   1796.1   0.10946
   1796.7   0.10946
   1797.3   0.10951
   1797.9   0.10954
   1798.6   0.10953
   1799.2   0.10955
   1799.8   0.10956
   1800.4   0.10953
   1801.1   0.10953
   1801.7   0.10954
   1802.3   0.10953
   1802.9   0.10952
   1803.6   0.10953
   1804.2   0.10954
   1804.8   0.10956
   1805.4   0.10958
   1806.1   0.10955
   1806.7   0.10952
   1807.3   0.10952
   1808.0   0.10954
   1808.6   0.10953
   1809.2   0.10950
   1809.9   0.10955
   1810.5   0.10959
   1811.1   0.10958
   1811.8   0.10954
   1812.4   0.10951
   1813.0   0.10952
   1813.7   0.10956
   1814.3   0.10957
   1814.9   0.10960
   1815.6   0.10963
   1816.2   0.10962
   1816.8   0.10962
   1817.5   0.10964
   1818.1   0.10964
   1818.8   0.10960
   1819.4   0.10959
   1820.0   0.10959
   1820.7   0.10963
   1821.3   0.10964
   1821.9   0.10964
   1822.6   0.10967
   1823.2   0.10966
   1823.9   0.10963
   1824.5   0.10962
   1825.2   0.10962
   1825.8   0.10962
   1826.4   0.10965
   1827.1   0.10964
   1827.7   0.10961
   1828.4   0.10958
   1829.0   0.10965
   1829.7   0.10972
   1830.3   0.10970
   1831.0   0.10969
   1831.6   0.10969
   1832.3   0.10971
   1832.9   0.10972
   1833.6   0.10971
   1834.2   0.10971
   1834.8   0.10969
   1835.5   0.10967
   1836.1   0.10970
   1836.8   0.10973
   1837.4   0.10975
   1838.1   0.10978
   1838.8   0.10977
   1839.4   0.10977
   1840.1   0.10977
   1840.7   0.10975
   1841.4   0.10975
   1842.0   0.10979
   1842.7   0.10978
   1843.3   0.10978
   1844.0   0.10976
   1844.6   0.10976
   1845.3   0.10977
   1845.9   0.10976
   1846.6   0.10972
   1847.3   0.10976
   1847.9   0.10980
   1848.6   0.10980
   1849.2   0.10981
   1849.9   0.10978
   1850.6   0.10973
   1851.2   0.10973
   1851.9   0.10977
   1852.6   0.10977
   1853.2   0.10978
   1853.9   0.10982
   1854.5   0.10983
   1855.2   0.10980
   1855.9   0.10980
   1856.5   0.10981
   1857.2   0.10983
   1857.9   0.10989
   1858.5   0.10991
   1859.2   0.10989
   1859.9   0.10987
   1860.5   0.10989
   1861.2   0.10990
   1861.9   0.10989
   1862.5   0.10988
   1863.2   0.10987
   1863.9   0.10988
   1864.5   0.10991
   1865.2   0.10993
   1865.9   0.10993
   1866.6   0.10994
   1867.2   0.10992
   1867.9   0.10989
   1868.6   0.10988
   1869.2   0.10990
   1869.9   0.10990
   1870.6   0.10990
   1871.3   0.10989
   1871.9   0.10992
   1872.6   0.10994
   1873.3   0.10996
   1874.0   0.10997
   1874.7   0.10999
   1875.3   0.11002
   1876.0   0.10997
   1876.7   0.10994
   1877.4   0.10996
   1878.0   0.10997
   1878.7   0.10999
   1879.4   0.10996
   1880.1   0.10994
   1880.8   0.10996
   1881.4   0.10998
   1882.1   0.11001
   1882.8   0.11001
   1883.5   0.11005
   1884.2   0.11002
   1884.9   0.10999
   1885.6   0.10999
   1886.2   0.11002
   1886.9   0.11007
   1887.6   0.11008
   1888.3   0.11009
   1889.0   0.11006
   1889.7   0.11002
   1890.4   0.11003
   1891.1   0.11008
   1891.8   0.11010
   1892.4   0.11009
   1893.1   0.11009
   1893.8   0.11010
   1894.5   0.11014
   1895.2   0.11015
   1895.9   0.11012
   1896.6   0.11012
   1897.3   0.11013
   1898.0   0.11013
   1898.7   0.11014
   1899.4   0.11017
   1900.1   0.11019
   1900.8   0.11018
   1901.5   0.11020
   1902.2   0.11021
   1902.9   0.11019
   1903.6   0.11016
   1904.3   0.11016
   1905.0   0.11021
   1905.7   0.11021
   1906.4   0.11021
   1907.1   0.11023
   1907.8   0.11021
   1908.5   0.11018
   1909.2   0.11019
   1909.9   0.11023
   1910.6   0.11026
   1911.3   0.11024
   1912.0   0.11024
   1912.7   0.11023
   1913.4   0.11025
   1914.1   0.11028
   1914.8   0.11027
   1915.5   0.11027
   1916.2   0.11028
   1916.9   0.11032
   1917.6   0.11032
   1918.3   0.11033
   1919.1   0.11034
   1919.8   0.11033
   1920.5   0.11033
   1921.2   0.11033
   1921.9   0.11032
   1922.6   0.11032
   1923.3   0.11033
   1924.0   0.11033
   1924.8   0.11035
   1925.5   0.11041
   1926.2   0.11042
   1926.9   0.11041
   1927.6   0.11040
   1928.3   0.11042
   1929.1   0.11045
   1929.8   0.11045
   1930.5   0.11043
   1931.2   0.11042
   1931.9   0.11045
   1932.7   0.11048
   1933.4   0.11050
   1934.1   0.11048
   1934.8   0.11049
   1935.5   0.11054
   1936.3   0.11056
   1937.0   0.11053
   1937.7   0.11053
   1938.4   0.11056
   1939.2   0.11058
   1939.9   0.11059
   1940.6   0.11060
   1941.3   0.11060
   1942.1   0.11061
   1942.8   0.11059
   1943.5   0.11061
   1944.2   0.11065
   1945.0   0.11065
   1945.7   0.11063
   1946.4   0.11062
   1947.2   0.11062
   1947.9   0.11064
   1948.6   0.11065
   1949.4   0.11066
   1950.1   0.11069
   1950.8   0.11071
   1951.6   0.11069
   1952.3   0.11067
   1953.0   0.11070
   1953.8   0.11074
   1954.5   0.11074
   1955.2   0.11073
   1956.0   0.11076
   1956.7   0.11080
   1957.5   0.11078
   1958.2   0.11080
   1958.9   0.11082
   1959.7   0.11083
   1960.4   0.11084
   1961.2   0.11085
   1961.9   0.11086
   1962.6   0.11084
   1963.4   0.11084
   1964.1   0.11087
   1964.9   0.11089
   1965.6   0.11091
   1966.4   0.11092
   1967.1   0.11091
   1967.9   0.11090
   1968.6   0.11091
   1969.3   0.11092
   1970.1   0.11096
   1970.8   0.11097
   1971.6   0.11099
   1972.3   0.11099
   1973.1   0.11100
   1973.8   0.11103
   1974.6   0.11103
   1975.3   0.11103
   1976.1   0.11104
   1976.9   0.11103
   1977.6   0.11106
   1978.4   0.11108
   1979.1   0.11107
   1979.9   0.11108
   1980.6   0.11110
   1981.4   0.11107
   1982.2   0.11108
   1982.9   0.11111
   1983.7   0.11113
   1984.4   0.11114
   1985.2   0.11114
   1985.9   0.11115
   1986.7   0.11118
   1987.5   0.11121
   1988.2   0.11123
   1989.0   0.11126
   1989.8   0.11128
   1990.5   0.11127
   1991.3   0.11126
   1992.1   0.11124
   1992.8   0.11128
   1993.6   0.11133
   1994.3   0.11134
   1995.1   0.11133
   1995.9   0.11132
   1996.7   0.11136
   1997.4   0.11140
   1998.2   0.11141
   1999.0   0.11142
   1999.7   0.11144
   2000.5   0.11142
   2001.3   0.11144
   2002.1   0.11144
   2002.8   0.11144
   2003.6   0.11148
   2004.4   0.11149
   2005.2   0.11149
   2005.9   0.11149
   2006.7   0.11152
   2007.5   0.11155
   2008.3   0.11157
   2009.0   0.11158
   2009.8   0.11159
   2010.6   0.11159
   2011.4   0.11161
   2012.2   0.11160
   2012.9   0.11162
   2013.7   0.11166
   2014.5   0.11167
   2015.3   0.11169
   2016.1   0.11170
   2016.8   0.11173
   2017.6   0.11172
   2018.4   0.11173
   2019.2   0.11178
   2020.0   0.11179
   2020.8   0.11179
   2021.6   0.11180
   2022.3   0.11181
   2023.1   0.11182
   2023.9   0.11183
   2024.7   0.11186
   2025.5   0.11187
   2026.3   0.11186
   2027.1   0.11191
   2027.9   0.11196
   2028.7   0.11198
   2029.5   0.11200
   2030.3   0.11201
   2031.1   0.11202
   2031.9   0.11201
   2032.7   0.11203
   2033.5   0.11202
   2034.3   0.11201
   2035.1   0.11204
   2035.8   0.11206
   2036.7   0.11210
   2037.4   0.11215
   2038.3   0.11219
   2039.1   0.11220
   2039.9   0.11217
   2040.7   0.11216
   2041.5   0.11220
   2042.3   0.11223
   2043.1   0.11225
   2043.9   0.11228
   2044.7   0.11230
   2045.5   0.11228
   2046.3   0.11227
   2047.1   0.11231
   2047.9   0.11236
   2048.7   0.11238
   2049.5   0.11239
   2050.4   0.11241
   2051.2   0.11244
   2052.0   0.11244
   2052.8   0.11246
   2053.6   0.11249
   2054.4   0.11249
   2055.2   0.11250
   2056.0   0.11253
   2056.9   0.11257
   2057.7   0.11259
   2058.5   0.11258
   2059.3   0.11258
   2060.1   0.11265
   2060.9   0.11271
   2061.8   0.11273
   2062.6   0.11272
   2063.4   0.11268
   2064.2   0.11269
   2065.1   0.11273
   2065.9   0.11277
   2066.7   0.11279
   2067.5   0.11280
   2068.3   0.11283
   2069.2   0.11287
   2070.0   0.11290
   2070.8   0.11290
   2071.6   0.11291
   2072.5   0.11293
   2073.3   0.11294
   2074.1   0.11295
   2075.0   0.11300
   2075.8   0.11304
   2076.6   0.11305
   2077.5   0.11306
   2078.3   0.11305
   2079.1   0.11308
   2080.0   0.11313
   2080.8   0.11315
   2081.6   0.11317
   2082.5   0.11317
   2083.3   0.11317
   2084.1   0.11319
   2085.0   0.11321
   2085.8   0.11326
   2086.6   0.11325
   2087.5   0.11324
   2088.3   0.11330
   2089.2   0.11340
   2090.0   0.11344
   2090.9   0.11345
   2091.7   0.11343
   2092.6   0.11341
   2093.4   0.11344
   2094.2   0.11350
   2095.1   0.11352
   2095.9   0.11354
   2096.8   0.11354
   2097.6   0.11359
   2098.5   0.11363
   2099.3   0.11362
   2100.2   0.11364
   2101.0   0.11368
   2101.9   0.11374
   2102.7   0.11376
   2103.6   0.11376
   2104.4   0.11376
   2105.3   0.11378
   2106.1   0.11384
   2107.0   0.11386
   2107.9   0.11389
   2108.7   0.11389
   2109.6   0.11388
   2110.4   0.11392
   2111.3   0.11396
   2112.1   0.11400
   2113.0   0.11406
   2113.9   0.11407
   2114.7   0.11404
   2115.6   0.11406
   2116.5   0.11413
   2117.3   0.11417
   2118.2   0.11417
   2119.1   0.11420
   2119.9   0.11423
   2120.8   0.11422
   2121.7   0.11422
   2122.5   0.11427
   2123.4   0.11429
   2124.3   0.11434
   2125.1   0.11435
   2126.0   0.11435
   2126.9   0.11440
   2127.8   0.11444
   2128.6   0.11447
   2129.5   0.11453
   2130.4   0.11458
   2131.3   0.11458
   2132.1   0.11460
   2133.0   0.11463
   2133.9   0.11463
   2134.8   0.11464
   2135.6   0.11468
   2136.5   0.11473
   2137.4   0.11477
   2138.3   0.11478
   2139.2   0.11482
   2140.1   0.11489
   2140.9   0.11489
   2141.8   0.11493
   2142.7   0.11498
   2143.6   0.11496
   2144.5   0.11495
   2145.4   0.11498
   2146.3   0.11502
   2147.1   0.11505
   2148.0   0.11509
   2148.9   0.11515
   2149.8   0.11519
   2150.7   0.11520
   2151.6   0.11520
   2152.5   0.11524
   2153.4   0.11531
   2154.3   0.11533
   2155.2   0.11536
   2156.1   0.11539
   2157.0   0.11540
   2157.9   0.11542
   2158.8   0.11541
   2159.7   0.11543
   2160.6   0.11551
   2161.5   0.11556
   2162.4   0.11562
   2163.3   0.11564
   2164.2   0.11566
   2165.1   0.11567
   2166.0   0.11570
   2166.9   0.11574
   2167.8   0.11573
   2168.7   0.11573
   2169.6   0.11577
   2170.5   0.11582
   2171.4   0.11582
   2172.3   0.11584
   2173.2   0.11589
   2174.1   0.11596
   2175.1   0.11602
   2176.0   0.11606
   2176.9   0.11611
   2177.8   0.11609
   2178.7   0.11607
   2179.6   0.11614
   2180.6   0.11620
   2181.5   0.11626
   2182.4   0.11628
   2183.3   0.11632
   2184.2   0.11634
   2185.1   0.11635
   2186.1   0.11639
   2187.0   0.11643
   2187.9   0.11649
   2188.8   0.11656
   2189.8   0.11657
   2190.7   0.11657
   2191.6   0.11662
   2192.5   0.11666
   2193.5   0.11667
   2194.4   0.11668
   2195.3   0.11671
   2196.3   0.11680
   2197.2   0.11686
   2198.1   0.11690
   2199.1   0.11692
   2200.0   0.11693
   2200.9   0.11699
   2201.9   0.11702
   2202.8   0.11705
   2203.7   0.11707
   2204.7   0.11710
   2205.6   0.11714
   2206.5   0.11718
   2207.5   0.11726
   2208.4   0.11731
   2209.4   0.11733
   2210.3   0.11736
   2211.2   0.11741
   2212.2   0.11745
   2213.1   0.11747
   2214.1   0.11752
   2215.0   0.11755
   2216.0   0.11760
   2216.9   0.11762
   2217.9   0.11766
   2218.8   0.11767
   2219.8   0.11769
   2220.7   0.11774
   2221.7   0.11779
   2222.6   0.11785
   2223.6   0.11789
   2224.5   0.11795
   2225.5   0.11797
   2226.4   0.11802
   2227.4   0.11809
   2228.4   0.11813
   2229.3   0.11814
   2230.3   0.11817
   2231.2   0.11823
   2232.2   0.11827
   2233.1   0.11827
   2234.1   0.11832
   2235.1   0.11838
   2236.0   0.11841
   2237.0   0.11845
   2238.0   0.11848
   2238.9   0.11849
   2239.9   0.11852
   2240.9   0.11859
   2241.8   0.11864
   2242.8   0.11870
   2243.8   0.11875
   2244.8   0.11877
   2245.7   0.11881
   2246.7   0.11887
   2247.7   0.11895
   2248.6   0.11898
   2249.6   0.11896
   2250.6   0.11898
   2251.6   0.11903
   2252.6   0.11910
   2253.5   0.11916
   2254.5   0.11921
   2255.5   0.11926
   2256.5   0.11930
   2257.5   0.11935
   2258.4   0.11937
   2259.4   0.11942
   2260.4   0.11949
   2261.4   0.11954
   2262.4   0.11958
   2263.4   0.11961
   2264.4   0.11963
   2265.4   0.11967
   2266.3   0.11971
   2267.3   0.11975
   2268.3   0.11979
   2269.3   0.11984
   2270.3   0.11993
   2271.3   0.11999
   2272.3   0.12001
   2273.3   0.12002
   2274.3   0.12007
   2275.3   0.12013
   2276.3   0.12020
   2277.3   0.12025
   2278.3   0.12027
   2279.3   0.12031
   2280.3   0.12038
   2281.3   0.12045
   2282.3   0.12051
   2283.3   0.12055
   2284.3   0.12061
   2285.3   0.12066
   2286.3   0.12065
   2287.3   0.12069
   2288.3   0.12074
   2289.4   0.12079
   2290.4   0.12085
   2291.4   0.12092
   2292.4   0.12096
   2293.4   0.12098
   2294.4   0.12106
   2295.4   0.12108
   2296.4   0.12110
   2297.5   0.12119
   2298.5   0.12127
   2299.5   0.12133
   2300.5   0.12139
   2301.6   0.12139
   2302.6   0.12143
   2303.6   0.12152
   2304.6   0.12157
   2305.6   0.12159
   2306.7   0.12166
   2307.7   0.12172
   2308.7   0.12177
   2309.8   0.12187
   2310.8   0.12194
   2311.8   0.12195
   2312.8   0.12200
   2313.9   0.12204
   2314.9   0.12209
   2315.9   0.12215
   2317.0   0.12220
   2318.0   0.12226
   2319.1   0.12232
   2320.1   0.12238
   2321.1   0.12242
   2322.2   0.12246
   2323.2   0.12249
   2324.3   0.12257
   2325.3   0.12265
   2326.3   0.12273
   2327.4   0.12280
   2328.4   0.12286
   2329.5   0.12293
   2330.5   0.12300
   2331.6   0.12303
   2332.6   0.12305
   2333.7   0.12307
   2334.7   0.12310
   2335.8   0.12319
   2336.8   0.12328
   2337.9   0.12335
   2338.9   0.12339
   2340.0   0.12344
   2341.0   0.12350
   2342.1   0.12353
   2343.1   0.12360
   2344.2   0.12368
   2345.3   0.12372
   2346.3   0.12377
   2347.4   0.12385
   2348.5   0.12393
   2349.5   0.12397
   2350.6   0.12399
   2351.7   0.12408
   2352.7   0.12416
   2353.8   0.12420
   2354.9   0.12425
   2355.9   0.12432
   2357.0   0.12439
   2358.1   0.12445
   2359.1   0.12449
   2360.2   0.12452
   2361.3   0.12462
   2362.4   0.12472
   2363.4   0.12479
   2364.5   0.12485
   2365.6   0.12484
   2366.7   0.12488
   2367.8   0.12497
   2368.9   0.12503
   2369.9   0.12507
   2371.0   0.12515
   2372.1   0.12524
   2373.2   0.12529
   2374.3   0.12531
   2375.4   0.12535
   2376.4   0.12546
   2377.5   0.12554
   2378.6   0.12561
   2379.7   0.12564
   2380.8   0.12566
   2381.9   0.12575
   2383.0   0.12582
   2384.1   0.12587
   2385.2   0.12593
   2386.3   0.12601
   2387.4   0.12611
   2388.5   0.12619
   2389.6   0.12623
   2390.7   0.12628
   2391.8   0.12633
   2392.9   0.12642
   2394.0   0.12653
   2395.1   0.12656
   2396.2   0.12660
   2397.3   0.12666
   2398.4   0.12675
   2399.5   0.12681
   2400.6   0.12690
   2401.8   0.12698
   2402.9   0.12709
   2404.0   0.12716
   2405.1   0.12718
   2406.2   0.12723
   2407.3   0.12729
   2408.5   0.12738
   2409.6   0.12743
   2410.7   0.12750
   2411.8   0.12759
   2412.9   0.12764
   2414.1   0.12770
   2415.2   0.12772
   2416.3   0.12781
   2417.4   0.12792
   2418.6   0.12796
   2419.7   0.12804
   2420.8   0.12812
   2422.0   0.12819
   2423.1   0.12825
   2424.2   0.12833
   2425.4   0.12843
   2426.5   0.12850
   2427.6   0.12855
   2428.8   0.12866
   2429.9   0.12874
   2431.1   0.12879
   2432.2   0.12886
   2433.3   0.12895
   2434.5   0.12900
   2435.6   0.12907
   2436.8   0.12913
   2437.9   0.12918
   2439.1   0.12924
   2440.2   0.12931
   2441.4   0.12939
   2442.5   0.12949
   2443.6   0.12958
   2444.8   0.12964
   2445.9   0.12972
   2447.1   0.12980
   2448.3   0.12986
   2449.4   0.12993
   2450.6   0.13002
   2451.7   0.13014
   2452.9   0.13022
   2454.1   0.13027
   2455.2   0.13031
   2456.4   0.13037
   2457.6   0.13048
   2458.7   0.13055
   2459.9   0.13061
   2461.1   0.13069
   2462.2   0.13079
   2463.4   0.13084
   2464.6   0.13090
   2465.7   0.13098
   2466.9   0.13102
   2468.1   0.13110
   2469.3   0.13121
   2470.4   0.13132
   2471.6   0.13141
   2472.8   0.13149
   2474.0   0.13157
   2475.1   0.13165
   2476.3   0.13169
   2477.5   0.13174
   2478.7   0.13184
   2479.9   0.13193
   2481.1   0.13203
   2482.3   0.13212
   2483.4   0.13220
   2484.6   0.13230
   2485.8   0.13236
   2487.0   0.13239
   2488.2   0.13246
   2489.4   0.13257
   2490.6   0.13264
   2491.8   0.13270
   2493.0   0.13279
   2494.2   0.13290
   2495.4   0.13296
   2496.6   0.13301
   2497.8   0.13310
   2499.0   0.13321
   2500.2   0.13330
   2501.4   0.13336
   2502.6   0.13343
   2503.8   0.13352
   2505.0   0.13361
   2506.3   0.13366
   2507.5   0.13376
   2508.7   0.13387
   2509.9   0.13399
   2511.1   0.13407
   2512.3   0.13409
   2513.5   0.13416
   2514.8   0.13429
   2516.0   0.13437
   2517.2   0.13439
   2518.4   0.13446
   2519.6   0.13457
   2520.9   0.13464
   2522.1   0.13469
   2523.3   0.13479
   2524.6   0.13490
   2525.8   0.13498
   2527.0   0.13507
   2528.2   0.13514
   2529.5   0.13523
   2530.7   0.13531
   2531.9   0.13538
   2533.2   0.13548
   2534.4   0.13554
   2535.7   0.13561
   2536.9   0.13569
   2538.1   0.13580
   2539.4   0.13587
   2540.6   0.13593
   2541.9   0.13603
   2543.1   0.13614
   2544.4   0.13622
   2545.6   0.13626
   2546.9   0.13636
   2548.1   0.13647
   2549.4   0.13654
   2550.6   0.13661
   2551.9   0.13669
   2553.1   0.13678
   2554.4   0.13688
   2555.6   0.13693
   2556.9   0.13699
   2558.2   0.13706
   2559.4   0.13713
   2560.7   0.13719
   2562.0   0.13731
   2563.2   0.13747
   2564.5   0.13754
   2565.8   0.13761
   2567.0   0.13771
   2568.3   0.13776
   2569.6   0.13783
   2570.9   0.13792
   2572.1   0.13802
   2573.4   0.13810
   2574.7   0.13821
   2576.0   0.13826
   2577.3   0.13834
   2578.5   0.13841
   2579.8   0.13849
   2581.1   0.13856
   2582.4   0.13861
   2583.7   0.13868
   2585.0   0.13882
   2586.2   0.13893
   2587.5   0.13900
   2588.8   0.13905
   2590.1   0.13914
   2591.4   0.13925
   2592.7   0.13928
   2594.0   0.13930
   2595.3   0.13941
   2596.6   0.13952
   2597.9   0.13960
   2599.2   0.13969
   2600.5   0.13977
   2601.8   0.13986
   2603.1   0.13994
   2604.4   0.13998
   2605.7   0.14003
   2607.1   0.14011
   2608.4   0.14020
   2609.7   0.14028
   2611.0   0.14034
   2612.3   0.14037
   2613.6   0.14044
   2614.9   0.14051
   2616.3   0.14055
   2617.6   0.14063
   2618.9   0.14072
   2620.2   0.14081
   2621.6   0.14093
   2622.9   0.14104
   2624.2   0.14108
   2625.5   0.14112
   2626.9   0.14123
   2628.2   0.14133
   2629.5   0.14135
   2630.9   0.14139
   2632.2   0.14150
   2633.5   0.14161
   2634.9   0.14170
   2636.2   0.14178
   2637.6   0.14189
   2638.9   0.14197
   2640.2   0.14198
   2641.6   0.14198
   2642.9   0.14203
   2644.3   0.14213
   2645.6   0.14222
   2647.0   0.14233
   2648.3   0.14242
   2649.7   0.14248
   2651.0   0.14252
   2652.4   0.14259
   2653.8   0.14266
   2655.1   0.14270
   2656.5   0.14280
   2657.8   0.14289
   2659.2   0.14296
   2660.6   0.14307
   2661.9   0.14315
   2663.3   0.14318
   2664.7   0.14316
   2666.0   0.14321
   2667.4   0.14331
   2668.8   0.14338
   2670.1   0.14342
   2671.5   0.14347
   2672.9   0.14355
   2674.3   0.14365
   2675.6   0.14372
   2677.0   0.14380
   2678.4   0.14384
   2679.8   0.14387
   2681.2   0.14393
   2682.6   0.14394
   2684.0   0.14398
   2685.4   0.14404
   2686.8   0.14412
   2688.1   0.14419
   2689.5   0.14424
   2690.9   0.14428
   2692.3   0.14429
   2693.7   0.14431
   2695.1   0.14436
   2696.5   0.14437
   2697.9   0.14438
   2699.3   0.14444
   2700.7   0.14446
   2702.1   0.14446
   2703.6   0.14447
   2705.0   0.14445
   2706.4   0.14442
   2707.8   0.14437
   2709.2   0.14434
   2710.6   0.14430
   2712.0   0.14428
   2713.5   0.14425
   2714.9   0.14419
   2716.3   0.14415
   2717.7   0.14407
   2719.1   0.14393
   2720.6   0.14385
   2722.0   0.14385
   2723.4   0.14377
   2724.9   0.14374
   2726.3   0.14371
   2727.7   0.14362
   2729.2   0.14358
   2730.6   0.14358
   2732.0   0.14354
   2733.5   0.14342
   2734.9   0.14332
   2736.4   0.14324
   2737.8   0.14314
   2739.3   0.14300
   2740.7   0.14291
   2742.2   0.14278
   2743.6   0.14267
   2745.1   0.14260
   2746.5   0.14252
   2748.0   0.14237
   2749.4   0.14225
   2750.9   0.14216
   2752.3   0.14205
   2753.8   0.14191
   2755.3   0.14170
   2756.7   0.14155
   2758.2   0.14148
   2759.7   0.14138
   2761.1   0.14127
   2762.6   0.14111
   2764.1   0.14095
   2765.6   0.14084
   2767.0   0.14074
   2768.5   0.14060
   2770.0   0.14048
   2771.5   0.14032
   2772.9   0.14020
   2774.4   0.14014
   2775.9   0.14002
   2777.4   0.13990
   2778.9   0.13983
   2780.4   0.13973
   2781.9   0.13962
   2783.4   0.13951
   2784.9   0.13939
   2786.4   0.13928
   2787.9   0.13923
   2789.4   0.13920
   2790.9   0.13905
   2792.4   0.13889
   2793.9   0.13882
   2795.4   0.13882
   2796.9   0.13877
   2798.4   0.13871
   2799.9   0.13866
   2801.4   0.13853
   2802.9   0.13845
   2804.4   0.13841
   2806.0   0.13840
   2807.5   0.13837
   2809.0   0.13833
   2810.5   0.13825
   2812.1   0.13820
   2813.6   0.13820
   2815.1   0.13821
   2816.6   0.13821
   2818.2   0.13821
   2819.7   0.13820
   2821.2   0.13815
   2822.8   0.13814
   2824.3   0.13822
   2825.8   0.13828
   2827.4   0.13827
   2828.9   0.13819
   2830.5   0.13818
   2832.0   0.13821
   2833.6   0.13820
   2835.1   0.13816
   2836.7   0.13819
   2838.2   0.13823
   2839.8   0.13826
   2841.3   0.13825
   2842.9   0.13828
   2844.4   0.13834
   2846.0   0.13840
   2847.6   0.13841
   2849.1   0.13840
   2850.7   0.13844
   2852.3   0.13846
   2853.8   0.13852
   2855.4   0.13857
   2857.0   0.13859
   2858.6   0.13853
   2860.1   0.13853
   2861.7   0.13855
   2863.3   0.13861
   2864.9   0.13874
   2866.4   0.13881
   2868.0   0.13878
   2869.6   0.13879
   2871.2   0.13877
   2872.8   0.13886
   2874.4   0.13891
   2876.0   0.13889
   2877.6   0.13895
   2879.2   0.13902
   2880.8   0.13905
   2882.4   0.13909
   2884.0   0.13910
   2885.6   0.13916
   2887.2   0.13923
   2888.8   0.13923
   2890.4   0.13925
   2892.0   0.13929
   2893.6   0.13932
   2895.3   0.13940
   2896.9   0.13946
   2898.5   0.13946
   2900.1   0.13945
   2901.7   0.13950
   2903.4   0.13956
   2905.0   0.13963
   2906.6   0.13969
   2908.3   0.13970
   2909.9   0.13974
   2911.5   0.13980
   2913.1   0.13984
   2914.8   0.13990
   2916.4   0.13992
   2918.1   0.13996
   2919.7   0.14000
   2921.4   0.13998
   2923.0   0.14000
   2924.7   0.14006
   2926.3   0.14010
   2928.0   0.14011
   2929.6   0.14012
   2931.3   0.14018
   2932.9   0.14028
   2934.6   0.14035
   2936.3   0.14036
   2937.9   0.14040
   2939.6   0.14047
   2941.2   0.14047
   2942.9   0.14051
   2944.6   0.14056
   2946.3   0.14060
   2947.9   0.14065
   2949.6   0.14071
   2951.3   0.14075
   2953.0   0.14078
   2954.6   0.14081
   2956.3   0.14082
   2958.0   0.14087
   2959.7   0.14095
   2961.4   0.14100
   2963.1   0.14100
   2964.8   0.14106
   2966.5   0.14112
   2968.2   0.14117
   2969.9   0.14124
   2971.6   0.14129
   2973.3   0.14133
   2975.0   0.14137
   2976.7   0.14146
   2978.4   0.14150
   2980.1   0.14146
   2981.8   0.14148
   2983.6   0.14156
   2985.3   0.14173
   2987.0   0.14184
   2988.7   0.14187
   2990.4   0.14188
   2992.2   0.14191
   2993.9   0.14195
   2995.6   0.14202
   2997.4   0.14205
   2999.1   0.14212
   3000.8   0.14220
   3002.6   0.14226
   3004.3   0.14236
   3006.0   0.14244
   3007.8   0.14244
   3009.5   0.14251
   3011.3   0.14260
   3013.0   0.14269
   3014.8   0.14276
   3016.5   0.14280
   3018.3   0.14278
   3020.0   0.14286
   3021.8   0.14296
   3023.6   0.14302
   3025.3   0.14313
   3027.1   0.14320
   3028.9   0.14325
   3030.6   0.14333
   3032.4   0.14340
   3034.2   0.14336
   3036.0   0.14334
   3037.7   0.14345
   3039.5   0.14361
   3041.3   0.14369
   3043.1   0.14371
   3044.9   0.14375
   3046.7   0.14378
   3048.4   0.14381
   3050.2   0.14392
   3052.0   0.14405
   3053.8   0.14409
   3055.6   0.14413
   3057.4   0.14420
   3059.2   0.14427
   3061.1   0.14433
   3062.9   0.14436
   3064.7   0.14440
   3066.5   0.14445
   3068.3   0.14445
   3070.1   0.14448
   3071.9   0.14453
   3073.8   0.14464
   3075.6   0.14476
   3077.4   0.14483
   3079.2   0.14486
   3081.1   0.14487
   3082.9   0.14487
   3084.7   0.14491
   3086.6   0.14502
   3088.4   0.14505
   3090.2   0.14513
   3092.1   0.14528
   3093.9   0.14529
   3095.8   0.14537
   3097.6   0.14548
   3099.5   0.14549
   3101.3   0.14551
   3103.2   0.14555
   3105.0   0.14557
   3106.9   0.14561
   3108.8   0.14572
   3110.6   0.14578
   3112.5   0.14584
   3114.4   0.14596
   3116.2   0.14601
   3118.1   0.14602
   3120.0   0.14605
   3121.9   0.14615
   3123.7   0.14624
   3125.6   0.14632
   3127.5   0.14640
   3129.4   0.14646
   3131.3   0.14648
   3133.2   0.14654
   3135.1   0.14666
   3137.0   0.14673
   3138.9   0.14676
   3140.8   0.14679
   3142.7   0.14684
   3144.6   0.14685
   3146.5   0.14694
   3148.4   0.14706
   3150.3   0.14715
   3152.2   0.14724
   3154.1   0.14729
   3156.1   0.14735
   3158.0   0.14744
   3159.9   0.14751
   3161.8   0.14755
   3163.8   0.14758
   3165.7   0.14764
   3167.6   0.14773
   3169.6   0.14781
   3171.5   0.14784
   3173.4   0.14793
   3175.4   0.14805
   3177.3   0.14809
   3179.3   0.14812
   3181.2   0.14822
   3183.2   0.14833
   3185.1   0.14836
   3187.1   0.14840
   3189.1   0.14848
   3191.0   0.14852
   3193.0   0.14853
   3194.9   0.14859
   3196.9   0.14870
   3198.9   0.14877
   3200.9   0.14885
   3202.9   0.14891
   3204.8   0.14898
   3206.8   0.14904
   3208.8   0.14910
   3210.8   0.14921
   3212.8   0.14925
   3214.8   0.14928
   3216.8   0.14936
   3218.8   0.14943
   3220.8   0.14949
   3222.8   0.14956
   3224.8   0.14963
   3226.8   0.14967
   3228.8   0.14974
   3230.8   0.14979
   3232.8   0.14981
   3234.8   0.14991
   3236.8   0.14999
   3238.9   0.14999
   3240.9   0.15006
   3242.9   0.15019
   3244.9   0.15028
   3247.0   0.15034
   3249.0   0.15034
   3251.0   0.15039
   3253.1   0.15049
   3255.1   0.15056
   3257.2   0.15060
   3259.2   0.15068
   3261.3   0.15078
   3263.3   0.15081
   3265.4   0.15084
   3267.4   0.15090
   3269.5   0.15095
   3271.6   0.15103
   3273.6   0.15108
   3275.7   0.15115
   3277.8   0.15119
   3279.8   0.15126
   3281.9   0.15134
   3284.0   0.15136
   3286.1   0.15143
   3288.1   0.15156
   3290.2   0.15160
   3292.3   0.15158
   3294.4   0.15163
   3296.5   0.15170
   3298.6   0.15172
   3300.7   0.15179
   3302.8   0.15186
   3304.9   0.15189
   3307.0   0.15190
   3309.1   0.15200
   3311.2   0.15209
   3313.4   0.15209
   3315.5   0.15216
   3317.6   0.15221
   3319.7   0.15223
   3321.9   0.15227
   3324.0   0.15240
   3326.1   0.15244
   3328.3   0.15245
   3330.4   0.15253
   3332.5   0.15259
   3334.7   0.15266
   3336.8   0.15267
   3339.0   0.15263
   3341.1   0.15271
   3343.3   0.15276
   3345.4   0.15281
   3347.6   0.15287
   3349.8   0.15287
   3351.9   0.15291
   3354.1   0.15296
   3356.3   0.15295
   3358.4   0.15294
   3360.6   0.15297
   3362.8   0.15299
   3365.0   0.15291
   3367.1   0.15280
   3369.3   0.15281
   3371.5   0.15292
   3373.7   0.15299
   3375.9   0.15303
   3378.1   0.15316
   3380.3   0.15332
   3382.5   0.15338
   3384.7   0.15345
   3386.9   0.15357
   3389.1   0.15366
   3391.4   0.15374
   3393.6   0.15380
   3395.8   0.15382
   3398.0   0.15381
   3400.3   0.15383
   3402.5   0.15385
   3404.7   0.15389
   3407.0   0.15393
   3409.2   0.15399
   3411.4   0.15406
   3413.7   0.15414
   3415.9   0.15419
   3418.2   0.15424
   3420.4   0.15432
   3422.7   0.15445
   3425.0   0.15451
   3427.2   0.15454
   3429.5   0.15456
   3431.8   0.15466
   3434.0   0.15477
   3436.3   0.15483
   3438.6   0.15488
   3440.9   0.15495
   3443.2   0.15504
   3445.4   0.15511
   3447.7   0.15513
   3450.0   0.15526
   3452.3   0.15531
   3454.6   0.15537
   3456.9   0.15543
   3459.2   0.15548
   3461.6   0.15557
   3463.9   0.15562
   3466.2   0.15564
   3468.5   0.15567
   3470.8   0.15568
   3473.1   0.15574
   3475.5   0.15582
   3477.8   0.15588
   3480.1   0.15586
   3482.5   0.15585
   3484.8   0.15600
   3487.2   0.15612
   3489.5   0.15614
   3491.9   0.15612
   3494.2   0.15618
   3496.6   0.15628
   3498.9   0.15633
   3501.3   0.15637
   3503.6   0.15640
   3506.0   0.15650
   3508.4   0.15656
   3510.8   0.15661
   3513.1   0.15664
   3515.5   0.15672
   3517.9   0.15686
   3520.3   0.15691
   3522.7   0.15697
   3525.1   0.15700
   3527.5   0.15705
   3529.9   0.15709
   3532.3   0.15719
   3534.7   0.15730
   3537.1   0.15732
   3539.5   0.15732
   3541.9   0.15734
   3544.4   0.15742
   3546.8   0.15755
   3549.2   0.15760
   3551.6   0.15761
   3554.1   0.15759
   3556.5   0.15766
   3559.0   0.15771
   3561.4   0.15774
   3563.9   0.15783
   3566.3   0.15792
   3568.8   0.15794
   3571.2   0.15796
   3573.7   0.15808
   3576.1   0.15815
   3578.6   0.15818
   3581.1   0.15821
   3583.6   0.15826
   3586.0   0.15831
   3588.5   0.15831
   3591.0   0.15830
   3593.5   0.15839
   3596.0   0.15848
   3598.5   0.15855
   3601.0   0.15859
   3603.5   0.15860
   3606.0   0.15870
   3608.5   0.15877
   3611.0   0.15883
   3613.5   0.15886
   3616.0   0.15891
   3618.6   0.15886
   3621.1   0.15887
   3623.6   0.15899
   3626.1   0.15910
   3628.7   0.15911
   3631.2   0.15913
   3633.8   0.15919
   3636.3   0.15923
   3638.9   0.15923
   3641.4   0.15933
   3644.0   0.15935
   3646.6   0.15936
   3649.1   0.15946
   3651.7   0.15953
   3654.3   0.15958
   3656.9   0.15963
   3659.4   0.15967
   3662.0   0.15972
   3664.6   0.15979
   3667.2   0.15984
   3669.8   0.15988
   3672.4   0.15992
   3675.0   0.15997
   3677.6   0.15999
   3680.2   0.16004
   3682.8   0.16011
   3685.4   0.16016
   3688.1   0.16019
   3690.7   0.16025
   3693.3   0.16030
   3695.9   0.16036
   3698.6   0.16042
   3701.2   0.16048
   3703.9   0.16051
   3706.5   0.16056
   3709.2   0.16062
   3711.8   0.16067
   3714.5   0.16070
   3717.1   0.16075
   3719.8   0.16081
   3722.5   0.16084
   3725.2   0.16090
   3727.8   0.16095
   3730.5   0.16098
   3733.2   0.16102
   3735.9   0.16106
   3738.6   0.16112
   3741.3   0.16115
   3744.0   0.16118
   3746.7   0.16124
   3749.4   0.16129
   3752.1   0.16131
   3754.8   0.16136
   3757.6   0.16141
   3760.3   0.16145
   3763.0   0.16150
   3765.7   0.16154
   3768.5   0.16159
   3771.2   0.16164
   3774.0   0.16167
   3776.7   0.16171
   3779.5   0.16176
   3782.2   0.16180
   3785.0   0.16185
   3787.7   0.16190
   3790.5   0.16194
   3793.3   0.16197
   3796.1   0.16202
   3798.8   0.16206
   3801.6   0.16209
   3804.4   0.16212
   3807.2   0.16217
   3810.0   0.16221
   3812.8   0.16225
   3815.6   0.16228
   3818.4   0.16233
   3821.2   0.16237
   3824.1   0.16240
   3826.9   0.16243
   3829.7   0.16245
   3832.5   0.16249
   3835.4   0.16254
   3838.2   0.16257
   3841.1   0.16262
   3843.9   0.16264
   3846.8   0.16266
   3849.6   0.16269
   3852.5   0.16273
   3855.3   0.16276
   3858.2   0.16279
   3861.1   0.16281
   3863.9   0.16284
   3866.8   0.16289
   3869.7   0.16291
   3872.6   0.16292
   3875.5   0.16294
   3878.4   0.16298
   3881.3   0.16302
   3884.2   0.16307
   3887.1   0.16309
   3890.0   0.16310
   3893.0   0.16314
   3895.9   0.16317
   3898.8   0.16318
   3901.7   0.16322
   3904.7   0.16326
   3907.6   0.16328
   3910.6   0.16330
   3913.5   0.16334
   3916.5   0.16337
   3919.4   0.16338
   3922.4   0.16340
   3925.4   0.16343
   3928.4   0.16346
   3931.3   0.16348
   3934.3   0.16352
   3937.3   0.16355
   3940.3   0.16357
   3943.3   0.16360
   3946.3   0.16364
   3949.3   0.16365
   3952.3   0.16366
   3955.3   0.16370
   3958.3   0.16375
   3961.4   0.16376
   3964.4   0.16376
   3967.4   0.16377
   3970.5   0.16378
   3973.5   0.16381
   3976.6   0.16383
   3979.6   0.16383
   3982.6   0.16383
   3985.7   0.16384
   3988.8   0.16388
   3991.9   0.16390
   3994.9   0.16392
   3998.0   0.16395
   4001.1   0.16399
   4004.2   0.16402
   4007.3   0.16402
   4010.4   0.16403
   4013.5   0.16406
   4016.6   0.16407
   4019.7   0.16410
   4022.8   0.16411
   4025.9   0.16411
   4029.1   0.16412
   4032.2   0.16412
   4035.3   0.16414
   4038.5   0.16418
   4041.6   0.16421
   4044.8   0.16421
   4047.9   0.16419
   4051.1   0.16420
   4054.3   0.16423
   4057.4   0.16424
   4060.6   0.16424
   4063.8   0.16425
   4067.0   0.16426
   4070.2   0.16430
   4073.4   0.16431
   4076.6   0.16432
   4079.8   0.16432
   4083.0   0.16433
   4086.2   0.16432
   4089.4   0.16433
   4092.7   0.16434
   4095.9   0.16434
   4099.1   0.16436
   4102.4   0.16439
   4105.6   0.16440
   4108.9   0.16440
   4112.1   0.16441
   4115.4   0.16440
   4118.7   0.16439
   4122.0   0.16439
   4125.2   0.16440
   4128.5   0.16442
   4131.8   0.16444
   4135.1   0.16445
   4138.4   0.16445
   4141.7   0.16447
   4145.0   0.16447
   4148.3   0.16445
   4151.6   0.16447
   4155.0   0.16450
   4158.3   0.16451
   4161.6   0.16451
   4165.0   0.16449
   4168.3   0.16452
   4171.7   0.16454
   4175.0   0.16455
   4178.4   0.16458
   4181.8   0.16460
   4185.2   0.16459
   4188.5   0.16458
   4191.9   0.16460
   4195.3   0.16463
   4198.7   0.16464
   4202.1   0.16463
   4205.5   0.16465
   4208.9   0.16466
   4212.4   0.16468
   4215.8   0.16470
   4219.2   0.16472
   4222.6   0.16469
   4226.1   0.16467
   4229.5   0.16466
   4233.0   0.16467
   4236.5   0.16467
   4239.9   0.16468
   4243.4   0.16468
   4246.9   0.16467
   4250.3   0.16467
   4253.8   0.16467
   4257.3   0.16466
   4260.8   0.16464
   4264.3   0.16461
   4267.8   0.16459
   4271.4   0.16460
   4274.9   0.16459
   4278.4   0.16458
   4281.9   0.16456
   4285.5   0.16453
   4289.0   0.16449
   4292.6   0.16449
   4296.1   0.16449
   4299.7   0.16447
   4303.3   0.16444
   4306.8   0.16441
   4310.4   0.16439
   4314.0   0.16437
   4317.6   0.16435
   4321.2   0.16433
   4324.8   0.16430
   4328.4   0.16427
   4332.0   0.16426
   4335.6   0.16422
   4339.3   0.16418
   4342.9   0.16415
   4346.5   0.16412
   4350.2   0.16407
   4353.8   0.16404
   4357.5   0.16403
   4361.1   0.16400
   4364.8   0.16394
   4368.5   0.16391
   4372.2   0.16390
   4375.9   0.16387
   4379.6   0.16384
   4383.3   0.16382
   4387.0   0.16378
   4390.7   0.16375
   4394.4   0.16374
   4398.1   0.16370
   4401.9   0.16366
   4405.6   0.16362
   4409.4   0.16358
   4413.1   0.16357
   4416.9   0.16353
   4420.6   0.16348
   4424.4   0.16346
   4428.2   0.16344
   4432.0   0.16342
   4435.8   0.16338
   4439.6   0.16335
   4443.4   0.16334
   4447.2   0.16330
   4451.0   0.16325
   4454.8   0.16322
   4458.6   0.16318
   4462.5   0.16314
   4466.3   0.16309
   4470.2   0.16306
   4474.0   0.16303
   4477.9   0.16298
   4481.8   0.16293
   4485.6   0.16289
   4489.5   0.16284
   4493.4   0.16279
   4497.3   0.16274
   4501.2   0.16268
   4505.1   0.16260
   4509.0   0.16253
   4513.0   0.16247
   4516.9   0.16240
   4520.8   0.16231
   4524.8   0.16224
   4528.7   0.16216
   4532.7   0.16207
   4536.7   0.16199
   4540.6   0.16189
   4544.6   0.16176
   4548.6   0.16165
   4552.6   0.16154
   4556.6   0.16140
   4560.6   0.16125
   4564.6   0.16115
   4568.6   0.16103
   4572.7   0.16088
   4576.7   0.16073
   4580.8   0.16060
   4584.8   0.16043
   4588.9   0.16027
   4592.9   0.16010
   4597.0   0.15995
   4601.1   0.15980
   4605.2   0.15961
   4609.3   0.15941
   4613.4   0.15924
   4617.5   0.15903
   4621.6   0.15882
   4625.7   0.15861
   4629.8   0.15841
   4634.0   0.15820
   4638.1   0.15796
   4642.3   0.15773
   4646.4   0.15753
   4650.6   0.15730
   4654.8   0.15706
   4659.0   0.15682
   4663.1   0.15655
   4667.3   0.15629
   4671.5   0.15604
   4675.8   0.15579
   4680.0   0.15552
   4684.2   0.15523
   4688.4   0.15496
   4692.7   0.15468
   4696.9   0.15442
   4701.2   0.15414
   4705.5   0.15386
   4709.7   0.15358
   4714.0   0.15328
   4718.3   0.15299
   4722.6   0.15267
   4726.9   0.15235
   4731.2   0.15207
   4735.5   0.15179
   4739.9   0.15150
   4744.2   0.15121
   4748.5   0.15093
   4752.9   0.15062
   4757.3   0.15033
   4761.6   0.15006
   4766.0   0.14979
   4770.4   0.14953
   4774.8   0.14926
   4779.2   0.14898
   4783.6   0.14872
   4788.0   0.14846
   4792.4   0.14819
   4796.9   0.14792
   4801.3   0.14766
   4805.8   0.14741
   4810.2   0.14713
   4814.7   0.14682
   4819.1   0.14658
   4823.6   0.14632
   4828.1   0.14602
   4832.6   0.14571
   4837.1   0.14542
   4841.6   0.14515
   4846.2   0.14485
   4850.7   0.14453
   4855.3   0.14424
   4859.8   0.14393
   4864.4   0.14361
   4868.9   0.14329
   4873.5   0.14300
   4878.1   0.14270
   4882.7   0.14241
   4887.3   0.14208
   4891.9   0.14173
   4896.5   0.14141
   4901.1   0.14112
   4905.8   0.14079
   4910.4   0.14045
   4915.1   0.14011
   4919.7   0.13979
   4924.4   0.13948
   4929.1   0.13913
   4933.8   0.13876
   4938.5   0.13842
   4943.2   0.13808
   4947.9   0.13774
   4952.6   0.13738
   4957.4   0.13702
   4962.1   0.13665
   4966.9   0.13630
   4971.6   0.13593
   4976.4   0.13557
   4981.2   0.13520
   4986.0   0.13484
   4990.8   0.13450
   4995.6   0.13411
   5000.4   0.13373
   5005.2   0.13337
   5010.0   0.13300
   5014.9   0.13265
   5019.8   0.13231
   5024.6   0.13198
   5029.5   0.13160
   5034.4   0.13121
   5039.3   0.13088
   5044.2   0.13058
   5049.1   0.13027
   5054.0   0.12995
   5058.9   0.12966
   5063.9   0.12937
   5068.8   0.12906
   5073.8   0.12877
   5078.8   0.12850
   5083.7   0.12824
   5088.7   0.12796
   5093.7   0.12768
   5098.7   0.12742
   5103.7   0.12714
   5108.8   0.12684
   5113.8   0.12655
   5118.9   0.12629
   5123.9   0.12602
   5129.0   0.12574
   5134.1   0.12548
   5139.1   0.12521
   5144.3   0.12493
   5149.4   0.12465
   5154.5   0.12436
   5159.6   0.12409
   5164.7   0.12381
   5169.9   0.12356
   5175.0   0.12328
   5180.2   0.12301
   5185.4   0.12273
   5190.6   0.12246
   5195.8   0.12221
   5201.0   0.12197
   5206.2   0.12171
   5211.5   0.12147
   5216.7   0.12123
   5222.0   0.12094
   5227.2   0.12068
   5232.5   0.12046
   5237.8   0.12023
   5243.1   0.11998
   5248.4   0.11974
   5253.7   0.11952
   5259.0   0.11931
   5264.4   0.11913
   5269.7   0.11896
   5275.1   0.11879
   5280.5   0.11864
   5285.8   0.11849
   5291.2   0.11840
   5296.6   0.11831
   5302.0   0.11824
   5307.5   0.11821
   5312.9   0.11818
   5318.4   0.11815
   5323.8   0.11814
   5329.3   0.11817
   5334.8   0.11825
   5340.3   0.11830
   5345.8   0.11838
   5351.3   0.11848
   5356.8   0.11851
   5362.4   0.11851
   5367.9   0.11857
   5373.5   0.11862
   5379.0   0.11870
   5384.6   0.11878
   5390.2   0.11883
   5395.8   0.11886
   5401.5   0.11890
   5407.1   0.11894
   5412.7   0.11899
   5418.4   0.11908
   5424.1   0.11917
   5429.7   0.11917
   5435.4   0.11915
   5441.1   0.11916
   5446.9   0.11920
   5452.6   0.11924
   5458.3   0.11932
   5464.1   0.11939
   5469.8   0.11942
   5475.6   0.11943
   5481.4   0.11948
   5487.2   0.11950
   5493.0   0.11951
   5498.8   0.11952
   5504.7   0.11953
   5510.5   0.11953
   5516.4   0.11954
   5522.3   0.11952
   5528.1   0.11946
   5534.0   0.11938
   5540.0   0.11930
   5545.9   0.11924
   5551.8   0.11916
   5557.8   0.11899
   5563.7   0.11880
   5569.7   0.11862
   5575.7   0.11846
   5581.7   0.11826
   5587.7   0.11796
   5593.7   0.11767
   5599.8   0.11743
   5605.8   0.11716
   5611.9   0.11689
   5618.0   0.11663
   5624.1   0.11635
   5630.2   0.11609
   5636.3   0.11591
   5642.4   0.11576
   5648.6   0.11550
   5654.7   0.11522
   5660.9   0.11502
   5667.1   0.11479
   5673.3   0.11464
   5679.5   0.11450
   5685.7   0.11433
   5692.0   0.11422
   5698.2   0.11409
   5704.5   0.11399
   5710.8   0.11398
   5717.1   0.11388
   5723.4   0.11372
   5729.7   0.11355
   5736.0   0.11342
   5742.4   0.11331
   5748.8   0.11318
   5755.1   0.11296
   5761.5   0.11283
   5768.0   0.11277
   5774.4   0.11245
   5780.8   0.11207
   5787.3   0.11176
   5793.7   0.11145
   5800.2   0.11118
   5806.7   0.11087
   5813.2   0.11060
   5819.8   0.11042
   5826.3   0.11017
   5832.8   0.10973
   5839.4   0.10931
   5846.0   0.10893
   5852.6   0.10859
   5859.2   0.10827
   5865.8   0.10795
   5872.5   0.10757
   5879.1   0.10737
   5885.8   0.10704
   5892.5   0.10659
   5899.2   0.10622
   5905.9   0.10569
   5912.6   0.10520
   5919.4   0.10480
   5926.2   0.10440
   5932.9   0.10414
   5939.7   0.10386
   5946.5   0.10329
   5953.4   0.10281
   5960.2   0.10242
   5967.1   0.10212
   5974.0   0.10180
   5980.8   0.10144
   5987.8   0.10119
   5994.7   0.10087
   6001.6   0.10049
   6008.6   0.10022
   6015.5   0.10001
   6022.5   0.09974
   6029.5   0.09952
   6036.5   0.09937
   6043.6   0.09937
   6050.6   0.09945
   6057.7   0.09912
   6064.8   0.09883
   6071.9   0.09882
   6079.0   0.09870
   6086.1   0.09848
   6093.3   0.09833
   6100.5   0.09823
   6107.6   0.09816
   6114.8   0.09816
   6122.1   0.09793
   6129.3   0.09768
   6136.5   0.09752
   6143.8   0.09738
   6151.1   0.09723
   6158.4   0.09712
   6165.7   0.09695
   6173.1   0.09674
   6180.4   0.09669
   6187.8   0.09665
   6195.2   0.09643
   6202.6   0.09627
   6210.0   0.09619
   6217.5   0.09614
   6225.0   0.09608
   6232.4   0.09603
   6239.9   0.09597
   6247.5   0.09592
   6255.0   0.09589
   6262.5   0.09587
   6270.1   0.09586
   6277.7   0.09587
   6285.3   0.09586
   6292.9   0.09587
   6300.6   0.09587
   6308.3   0.09590
   6315.9   0.09592
   6323.6   0.09595
   6331.4   0.09599
   6339.1   0.09611
   6346.9   0.09624
   6354.6   0.09619
   6362.4   0.09616
   6370.3   0.09624
   6378.1   0.09625
   6385.9   0.09626
   6393.8   0.09628
   6401.7   0.09631
   6409.6   0.09652
   6417.6   0.09665
   6425.5   0.09645
   6433.5   0.09631
   6441.5   0.09621
   6449.5   0.09614
   6457.5   0.09609
   6465.6   0.09604
   6473.6   0.09604
   6481.7   0.09603
   6489.8   0.09608
   6498.0   0.09607
   6506.1   0.09582
   6514.3   0.09566
   6522.5   0.09562
   6530.7   0.09549
   6539.0   0.09540
   6547.2   0.09540
   6555.5   0.09539
   6563.8   0.09537
   6572.1   0.09543
   6580.4   0.09536
   6588.8   0.09523
   6597.2   0.09519
   6605.6   0.09512
   6614.0   0.09509
   6622.5   0.09507
   6630.9   0.09513
   6639.4   0.09523
   6647.9   0.09508
   6656.5   0.09489
   6665.0   0.09488
   6673.6   0.09492
   6682.2   0.09495
   6690.8   0.09489
   6699.5   0.09481
   6708.1   0.09484
   6716.8   0.09484
   6725.5   0.09477
   6734.3   0.09469
   6743.0   0.09461
   6751.8   0.09454
   6760.6   0.09444
   6769.4   0.09435
   6778.3   0.09423
   6787.1   0.09411
   6796.0   0.09394
   6805.0   0.09365
   6813.9   0.09344
   6822.9   0.09328
   6831.9   0.09308
   6840.9   0.09282
   6849.9   0.09262
   6859.0   0.09255
   6868.0   0.09235
   6877.2   0.09190
   6886.3   0.09156
   6895.5   0.09128
   6904.6   0.09100
   6913.8   0.09070
   6923.1   0.09040
   6932.3   0.09012
   6941.6   0.08982
   6950.9   0.08953
   6960.2   0.08927
   6969.6   0.08889
   6979.0   0.08846
   6988.4   0.08809
   6997.8   0.08773
   7007.3   0.08739
   7016.8   0.08705
   7026.3   0.08669
   7035.8   0.08634
   7045.4   0.08604
   7054.9   0.08563
   7064.5   0.08517
   7074.2   0.08478
   7083.9   0.08440
   7093.5   0.08402
   7103.3   0.08360
   7113.0   0.08324
   7122.8   0.08287
   7132.6   0.08247
   7142.4   0.08210
   7152.2   0.08172
   7162.1   0.08131
   7172.0   0.08092
   7182.0   0.08051
   7191.9   0.08007
   7201.9   0.07964
   7211.9   0.07921
   7222.0   0.07873
   7232.0   0.07825
   7242.1   0.07780
   7252.3   0.07735
   7262.4   0.07688
   7272.6   0.07638
   7282.8   0.07587
   7293.1   0.07535
   7303.3   0.07487
   7313.6   0.07438
   7324.0   0.07385
   7334.3   0.07331
   7344.7   0.07278
   7355.1   0.07219
   7365.6   0.07159
   7376.1   0.07100
   7386.6   0.07038
   7397.1   0.06975
   7407.7   0.06916
   7418.3   0.06852
   7428.9   0.06786
   7439.6   0.06719
   7450.2   0.06653
   7461.0   0.06587
   7471.7   0.06521
   7482.5   0.06452
   7493.3   0.06384
   7504.1   0.06315
   7515.0   0.06246
   7525.9   0.06176
   7536.9   0.06103
   7547.9   0.06026
   7558.9   0.05952
   7569.9   0.05879
   7581.0   0.05808
   7592.0   0.05735
   7603.2   0.05663
   7614.4   0.05590
   7625.5   0.05515
   7636.8   0.05442
   7648.0   0.05369
   7659.3   0.05293
   7670.7   0.05217
   7682.0   0.05139
   7693.4   0.05064
   7704.9   0.04986
   7716.3   0.04907
   7727.8   0.04828
   7739.4   0.04751
   7750.9   0.04667
   7762.5   0.04581
   7774.2   0.04495
   7785.8   0.04413
   7797.5   0.04326
   7809.3   0.04239
   7821.1   0.04151
   7832.9   0.04062
   7844.7   0.03968
   7856.6   0.03875
   7868.5   0.03781
   7880.5   0.03689
   7892.5   0.03592
   7904.5   0.03492
   7916.6   0.03393
   7928.7   0.03296
   7940.8   0.03195
   7953.0   0.03095
   7965.2   0.02994
   7977.5   0.02898
   7989.8   0.02800
   8002.1   0.02704
   8014.5   0.02607
   8026.9   0.02518
   8039.3   0.02432
   8051.8   0.02346
   8064.3   0.02262
   8076.9   0.02187
   8089.5   0.02111
   8102.1   0.02039
   8114.8   0.01972
   8127.5   0.01914
   8140.3   0.01853
   8153.1   0.01796
   8165.9   0.01747
   8178.8   0.01706
   8191.7   0.01662
   8204.7   0.01626
   8217.7   0.01591
   8230.7   0.01563
   8243.8   0.01536
   8257.0   0.01511
   8270.1   0.01484
   8283.3   0.01463
   8296.6   0.01446
   8309.9   0.01432
   8323.2   0.01414
   8336.6   0.01399
   8350.0   0.01385
   8363.5   0.01374
   8377.0   0.01364
   8390.5   0.01361
   8404.2   0.01356
   8417.8   0.01352
   8431.5   0.01348
   8445.2   0.01350
   8459.0   0.01351
   8472.8   0.01353
   8486.7   0.01354
   8500.6   0.01358
   8514.5   0.01359
   8528.5   0.01361
   8542.6   0.01367
   8556.7   0.01379
   8570.8   0.01391
   8585.0   0.01406
   8599.3   0.01424
   8613.5   0.01447
   8627.9   0.01467
   8642.3   0.01490
   8656.7   0.01521
   8671.2   0.01556
   8685.7   0.01586
   8700.3   0.01625
   8714.9   0.01668
   8729.5   0.01709
   8744.3   0.01750
   8759.0   0.01795
   8773.9   0.01842
   8788.7   0.01891
   8803.7   0.01940
   8818.6   0.01991
   8833.7   0.02041
   8848.7   0.02098
   8863.8   0.02156
   8879.0   0.02211
   8894.3   0.02260
   8909.5   0.02311
   8924.9   0.02363
   8940.3   0.02412
   8955.7   0.02455
   8971.2   0.02497
   8986.8   0.02538
   9002.3   0.02577
   9018.0   0.02604
   9033.7   0.02628
   9049.5   0.02649
   9065.3   0.02664
   9081.2   0.02676
   9097.1   0.02689
   9113.1   0.02694
   9129.1   0.02694
   9145.2   0.02690
   9161.4   0.02685
   9177.6   0.02680
   9193.9   0.02683
   9210.2   0.02680
   9226.6   0.02672
   9243.0   0.02668
   9259.5   0.02670
   9276.1   0.02671
   9292.7   0.02674
   9309.4   0.02671
   9326.2   0.02667
   9343.0   0.02662
   9359.8   0.02657
   9376.8   0.02653
   9393.8   0.02652
   9410.8   0.02649
   9427.9   0.02645
   9445.1   0.02644
   9462.3   0.02650
   9479.6   0.02653
   9497.0   0.02656
   9514.4   0.02657
   9531.9   0.02664
   9549.4   0.02672
   9567.0   0.02681
   9584.7   0.02684
   9602.5   0.02685
   9620.3   0.02689
   9638.2   0.02696
   9656.1   0.02703
   9674.2   0.02706
   9692.2   0.02704
   9710.4   0.02705
   9728.6   0.02710
   9746.9   0.02718
   9765.2   0.02726
   9783.7   0.02731
   9802.2   0.02731
   9820.7   0.02732
   9839.4   0.02734
   9858.1   0.02740
   9876.8   0.02739
   9895.7   0.02740
   9914.6   0.02739
   9933.6   0.02739
   9952.7   0.02736
   9971.8   0.02733
   9991.0   0.02728
  10010.3   0.02726
  10029.7   0.02723
  10049.1   0.02720
  10068.6   0.02712
  10088.2   0.02704
  10107.9   0.02697
  10127.6   0.02691
  10147.5   0.02684
  10167.3   0.02677
  10187.3   0.02676
  10207.4   0.02676
  10227.5   0.02679
  10247.7   0.02685
  10268.0   0.02695
  10288.4   0.02716
  10308.8   0.02740
  10329.4   0.02770
  10350.0   0.02798
  10370.7   0.02828
  10391.5   0.02858
  10412.3   0.02878
  10433.3   0.02889
  10454.3   0.02903
  10475.4   0.02911
  10496.7   0.02914
  10517.9   0.02918
  10539.3   0.02921
  10560.8   0.02926
  10582.3   0.02937
  10604.0   0.02951
  10625.7   0.02971
  10647.5   0.02990
  10669.4   0.03009
  10691.4   0.03025
  10713.5   0.03038
  10735.7   0.03047
  10758.0   0.03058
  10780.3   0.03070
  10802.8   0.03078
  10825.4   0.03075
  10848.0   0.03065
  10870.8   0.03056
  10893.6   0.03052
  10916.5   0.03045
  10939.5   0.03034
  10962.7   0.03022
  10985.9   0.03016
  11009.2   0.03015
  11032.7   0.03018
  11056.2   0.03023
  11079.8   0.03031
  11103.5   0.03040
  11127.4   0.03052
  11151.3   0.03062
  11175.3   0.03075
  11199.5   0.03091
  11223.7   0.03103
  11248.0   0.03108
  11272.5   0.03115
  11297.1   0.03121
  11321.7   0.03129
  11346.5   0.03131
  11371.4   0.03130
  11396.4   0.03119
  11421.5   0.03112
  11446.7   0.03106
  11472.0   0.03095
  11497.5   0.03078
  11523.0   0.03051
  11548.7   0.03027
  11574.4   0.03012
  11600.3   0.02993
  11626.3   0.02970
  11652.5   0.02941
  11678.7   0.02919
  11705.1   0.02897
  11731.6   0.02879
  11758.2   0.02861
  11784.9   0.02842
  11811.7   0.02829
  11838.7   0.02814
  11865.8   0.02799
  11893.0   0.02783
  11920.3   0.02770
  11947.8   0.02767
  11975.4   0.02774
  12003.1   0.02788
  12031.0   0.02798
  12059.0   0.02810
  12087.1   0.02820
  12115.3   0.02832
  12143.7   0.02840
  12172.2   0.02846
  12200.8   0.02851
  12229.6   0.02857
  12258.5   0.02853
  12287.6   0.02845
  12316.8   0.02835
  12346.1   0.02820
  12375.5   0.02801
  12405.2   0.02780
  12434.9   0.02758
  12464.8   0.02735
  12494.8   0.02703
  12525.0   0.02673
  12555.3   0.02651
  12585.8   0.02625
  12616.4   0.02591
  12647.2   0.02559
  12678.1   0.02537
  12709.2   0.02509
  12740.4   0.02471
  12771.8   0.02441
  12803.3   0.02418
  12835.0   0.02390
  12866.9   0.02365
  12898.9   0.02351
  12931.1   0.02332
  12963.4   0.02317
  12995.9   0.02301
  13028.5   0.02281
  13061.3   0.02256
  13094.3   0.02236
  13127.5   0.02218
  13160.8   0.02205
  13194.3   0.02197
  13228.0   0.02187
  13261.8   0.02174
  13295.8   0.02158
  13330.0   0.02143
  13364.3   0.02137
  13398.8   0.02121
  13433.6   0.02099
  13468.5   0.02077
  13503.5   0.02054
  13538.8   0.02031
  13574.2   0.02017
  13609.9   0.02006
  13645.7   0.01997
  13681.7   0.01992
  13717.9   0.01997
  13754.3   0.02008
  13790.8   0.02023
  13827.6   0.02031
  13864.6   0.02034
  13901.8   0.02039
  13939.2   0.02040
  13976.7   0.02033
  14014.5   0.02026
  14052.5   0.02017
  14090.7   0.02001
  14129.0   0.01985
  14167.6   0.01972
  14206.5   0.01952
  14245.5   0.01934
  14284.7   0.01920
  14324.2   0.01902
  14363.9   0.01879
  14403.8   0.01859
  14443.9   0.01837
  14484.3   0.01816
  14524.8   0.01799
  14565.6   0.01777
  14606.7   0.01752
  14647.9   0.01732
  14689.4   0.01707
  14731.2   0.01686
  14773.1   0.01675
  14815.3   0.01669
  14857.8   0.01653
  14900.5   0.01648
  14943.4   0.01652
  14986.6   0.01654
  15030.0   0.01647
  15073.7   0.01641
  15117.7   0.01631
  15161.9   0.01630
  15206.3   0.01627
  15251.1   0.01619
  15296.1   0.01611
  15341.3   0.01615
  15386.8   0.01614
  15432.6   0.01630
  15478.7   0.01656
  15525.0   0.01676
  15571.7   0.01694
  15618.6   0.01716
  15665.8   0.01734
  15713.2   0.01749
  15761.0   0.01766
  15809.0   0.01779
  15857.4   0.01793
  15906.0   0.01809
  15955.0   0.01821
  16004.2   0.01832
  16053.8   0.01849
  16103.6   0.01863
  16153.8   0.01875
  16204.3   0.01906
  16255.1   0.01940
  16306.2   0.01970
  16357.6   0.02006
  16409.4   0.02056
  16461.5   0.02106
  16513.9   0.02155
  16566.7   0.02202
  16619.8   0.02238
  16673.2   0.02263
  16727.0   0.02282
  16781.1   0.02306
  16835.6   0.02335
  16890.5   0.02358
  16945.7   0.02384
  17001.2   0.02410
  17057.2   0.02434
  17113.4   0.02456
  17170.1   0.02482
  17227.2   0.02514
  17284.6   0.02539
  17342.4   0.02549
  17400.6   0.02576
  17459.2   0.02625
  17518.2   0.02674
  17577.5   0.02711
  17637.3   0.02746
  17697.5   0.02783
  17758.1   0.02807
  17819.2   0.02823
  17880.6   0.02864
  17942.5   0.02893
  18004.8   0.02909
  18067.5   0.02935
  18130.7   0.02965
  18194.3   0.02982
  18258.4   0.03027
  18322.9   0.03088
  18387.9   0.03135
  18453.3   0.03156
  18519.2   0.03176
  18585.6   0.03206
  18652.4   0.03243
  18719.8   0.03264
  18787.6   0.03282
  18855.9   0.03296
  18924.7   0.03333
  18994.1   0.03374
  19063.9   0.03405
  19134.2   0.03438
  19205.1   0.03482
  19276.5   0.03527
  19348.4   0.03555
  19420.9   0.03576
  19493.9   0.03611
  19567.5   0.03616
  19641.6   0.03613
  19716.3   0.03624
  19791.5   0.03612
  19867.3   0.03588
  19943.8   0.03572
  20020.8   0.03557
  20098.4   0.03534
  20176.6   0.03521
  20255.4   0.03522
  20334.8   0.03494
  20414.9   0.03466
  20495.6   0.03453
  20576.9   0.03440
  20658.9   0.03397
  20741.5   0.03382
  20824.8   0.03372
  20908.8   0.03359
  20993.4   0.03322
  21078.8   0.03303
  21164.8   0.03292
  21251.6   0.03270
  21339.0   0.03244
  21427.2   0.03202
  21516.1   0.03143
  21605.8   0.03113
  21696.2   0.03119
  21787.3   0.03100
  21879.3   0.03045
  21972.0   0.03023
  22065.5   0.03014
  22159.7   0.02971
  22254.8   0.02914
  22350.8   0.02888
  22447.5   0.02863
  22545.1   0.02825
  22643.6   0.02834
  22742.9   0.02832
  22843.1   0.02829
  22944.2   0.02857
  23046.2   0.02887
  23149.1   0.02895
  23252.9   0.02893
  23357.6   0.02908
  23463.3   0.02949
  23569.9   0.02983
  23677.6   0.02992
  23786.2   0.02983
  23895.8   0.02989
  24006.4   0.03002
  24118.1   0.03031
  24230.8   0.03053
  24344.5   0.03061
  24459.3   0.03104
  24575.3   0.03139
  24692.3   0.03155
  24810.4   0.03168
  24929.7   0.03188
  25050.1   0.03220
  25171.7   0.03229
  25294.5   0.03246
  25418.5   0.03278
  25543.7   0.03305
  25670.2   0.03356
  25797.9   0.03387
  25926.9   0.03403
  26057.2   0.03396
  26188.8   0.03382
  26321.7   0.03355
  26456.0   0.03348
  26591.7   0.03356
  26728.8   0.03365
  26867.2   0.03337
  27007.2   0.03278
  27148.6   0.03250
  27291.5   0.03286
  27435.9   0.03307
  27581.8   0.03290
  27729.3   0.03259
  27878.4   0.03223
  28029.1   0.03241
  28181.4   0.03277
  28335.4   0.03317
  28491.1   0.03351
  28648.5   0.03356
  28807.7   0.03365
  28968.6   0.03424
  29131.3   0.03479
  29295.9   0.03535
  29462.4   0.03553
  29630.7   0.03536
  29801.0   0.03530
  29973.3   0.03540
  30147.5   0.03565
  30323.8   0.03570
  30502.2   0.03582
  30682.7   0.03598
  30865.3   0.03591
  31050.2   0.03559
  31237.2   0.03545
  31426.5   0.03535
  31618.2   0.03486
  31812.1   0.03499
  32008.5   0.03533
  32207.3   0.03542
  32408.6   0.03562
  32612.4   0.03617
  32818.8   0.03659
  33027.9   0.03680
  33239.6   0.03628
  33454.1   0.03571
  33671.3   0.03575
  33891.4   0.03588
  34114.3   0.03584
  34340.3   0.03616
  34569.2   0.03638
  34801.2   0.03651
  35036.3   0.03597
  35274.7   0.03541
  35516.3   0.03547
  35761.2   0.03616
  36009.6   0.03698
  36261.4   0.03675
  36516.7   0.03613
  36775.7   0.03603
  37038.4   0.03644
  37304.9   0.03607
  37575.2   0.03551
  37849.5   0.03560
  38127.8   0.03607
  38410.2   0.03591
  38696.8   0.03527
  38987.8   0.03504
  39283.2   0.03541
  39583.0   0.03521
  39887.5   0.03562
  40196.7   0.03669
  40510.8   0.03667
  40829.7   0.03632
  41153.8   0.03737
  41483.0   0.03820
  41817.6   0.03803
  42157.5   0.03773
  42503.1   0.03814
  42854.4   0.03889
  43211.5   0.03901
  43574.6   0.03900
  43943.9   0.03893
  44319.5   0.03917
  44701.5   0.03911
  45090.2   0.04020
  45485.8   0.04064
  45888.3   0.04084
  46298.0   0.04001
  46715.1   0.03964
  47139.8   0.03946
  47572.3   0.03887
  48012.8   0.03925
  48461.5   0.04061
  48918.6   0.04174
  49384.6   0.04444
  49859.4   0.04391
  50343.5   0.04239
  50837.0   0.04125
  51340.4   0.04011
  51853.8   0.04018
  52377.6   0.04204
  52912.0   0.04197
  53457.5   0.04074
  54014.4   0.04195
  54582.9   0.04201
  55163.6   0.04098
  55756.8   0.04305
  56362.8   0.04449
  56982.2   0.04219
  57615.3   0.03948
  58262.7   0.04001
  58924.7   0.04361
  59602.0   0.04526
  60295.1   0.04647
  61004.4   0.04543
  61730.7   0.04376
  62474.4   0.04359
  63236.3   0.04439
  64017.0   0.04619
  64817.2   0.04766
  65637.7   0.04741
  66479.2   0.04896
  67342.6   0.04849
  68228.6   0.04793
  69138.4   0.04978
  70072.7   0.05147
  71032.6   0.05471
  72019.1   0.05512
  73033.5   0.05465
  74076.8   0.05529
  75150.4   0.05549
  76255.5   0.05456
  77393.7   0.04875
  78566.3   0.04766
  79775.0   0.05141
  81021.5   0.05177
  82307.6   0.05257
  83635.1   0.05988
  85006.2   0.09031
  86423.0   0.07111
  87887.8   0.05635
  89403.0   0.05949
  90971.5   0.06435
  92596.0   0.06389
  94279.6   0.06772
  96025.5   0.06290
  97837.3   0.06271
  99718.8   0.06254



 BIR1LS127           .ASC                        

 LS-GJT-127                                                              
 Apollo 15601,356 <150 um                                                
 Connected at 3.65 & 22.6 um                                             

 Source Ang: 30.00   Detect Ang:  0.00  Volt: 1.222
 Date: 18-JUN-14   Time: 14:02:43
