  6431
    799.9   0.12060
    800.0   0.11957
    800.2   0.11979
    800.3   0.12044
    800.4   0.12032
    800.5   0.12166
    800.7   0.12154
    800.8   0.12037
    800.9   0.12022
    801.0   0.11949
    801.2   0.11932
    801.3   0.12083
    801.4   0.12211
    801.5   0.12245
    801.6   0.12074
    801.8   0.11885
    801.9   0.11866
    802.0   0.11930
    802.1   0.11982
    802.3   0.12024
    802.4   0.12043
    802.5   0.12080
    802.6   0.11963
    802.8   0.11951
    802.9   0.12076
    803.0   0.12066
    803.1   0.12012
    803.3   0.11935
    803.4   0.11927
    803.5   0.11868
    803.6   0.11857
    803.8   0.11951
    803.9   0.12052
    804.0   0.12186
    804.1   0.12287
    804.3   0.12222
    804.4   0.11954
    804.5   0.11930
    804.6   0.11807
    804.8   0.11825
    804.9   0.12091
    805.0   0.12181
    805.1   0.11915
    805.3   0.11803
    805.4   0.11825
    805.5   0.11850
    805.6   0.11813
    805.8   0.11804
    805.9   0.11835
    806.0   0.11861
    806.1   0.11785
    806.3   0.11811
    806.4   0.11927
    806.5   0.12012
    806.6   0.12075
    806.8   0.12114
    806.9   0.12093
    807.0   0.12086
    807.1   0.11976
    807.3   0.11902
    807.4   0.11977
    807.5   0.11872
    807.6   0.11826
    807.8   0.11864
    807.9   0.11977
    808.0   0.12134
    808.1   0.12327
    808.3   0.12222
    808.4   0.12064
    808.5   0.12153
    808.6   0.12253
    808.8   0.12133
    808.9   0.12018
    809.0   0.11883
    809.2   0.11905
    809.3   0.12023
    809.4   0.12008
    809.5   0.11953
    809.7   0.11953
    809.8   0.11992
    809.9   0.11957
    810.0   0.11995
    810.2   0.11854
    810.3   0.11917
    810.4   0.12099
    810.5   0.12067
    810.7   0.12108
    810.8   0.12108
    810.9   0.11826
    811.0   0.11733
    811.2   0.11777
    811.3   0.12010
    811.4   0.12097
    811.5   0.12126
    811.7   0.12100
    811.8   0.11974
    811.9   0.11953
    812.1   0.11934
    812.2   0.11993
    812.3   0.12078
    812.4   0.12094
    812.6   0.11911
    812.7   0.11842
    812.8   0.11926
    813.0   0.11998
    813.1   0.11873
    813.2   0.11779
    813.3   0.11901
    813.5   0.12065
    813.6   0.12078
    813.7   0.12005
    813.8   0.11945
    814.0   0.11840
    814.1   0.11902
    814.2   0.11948
    814.4   0.11998
    814.5   0.12052
    814.6   0.11989
    814.7   0.11971
    814.9   0.11969
    815.0   0.12103
    815.1   0.12177
    815.3   0.12158
    815.4   0.12130
    815.5   0.12238
    815.6   0.12151
    815.8   0.12054
    815.9   0.11985
    816.0   0.11926
    816.2   0.11946
    816.3   0.12059
    816.4   0.12078
    816.5   0.11993
    816.7   0.11971
    816.8   0.12030
    816.9   0.12056
    817.0   0.12009
    817.2   0.11983
    817.3   0.11918
    817.4   0.11835
    817.6   0.12011
    817.7   0.12112
    817.8   0.12061
    818.0   0.12141
    818.1   0.12075
    818.2   0.11974
    818.3   0.12100
    818.5   0.12113
    818.6   0.12035
    818.7   0.12086
    818.9   0.12104
    819.0   0.12082
    819.1   0.12002
    819.3   0.12045
    819.4   0.12110
    819.5   0.12066
    819.6   0.12150
    819.8   0.12204
    819.9   0.12073
    820.0   0.12050
    820.2   0.12160
    820.3   0.12145
    820.4   0.12193
    820.5   0.12287
    820.7   0.12173
    820.8   0.11897
    820.9   0.11906
    821.1   0.11984
    821.2   0.12034
    821.3   0.12144
    821.5   0.12183
    821.6   0.12007
    821.7   0.11996
    821.8   0.12089
    822.0   0.12083
    822.1   0.11930
    822.2   0.11963
    822.4   0.12154
    822.5   0.12127
    822.6   0.11924
    822.8   0.11892
    822.9   0.11995
    823.0   0.12008
    823.2   0.12033
    823.3   0.12082
    823.4   0.12089
    823.5   0.12082
    823.7   0.12012
    823.8   0.12057
    823.9   0.12103
    824.1   0.12071
    824.2   0.12152
    824.3   0.12059
    824.5   0.11890
    824.6   0.12019
    824.7   0.12061
    824.8   0.12045
    825.0   0.12177
    825.1   0.12169
    825.3   0.12147
    825.4   0.12161
    825.5   0.12094
    825.6   0.12042
    825.8   0.12072
    825.9   0.12086
    826.0   0.12150
    826.2   0.12203
    826.3   0.12026
    826.4   0.12008
    826.6   0.12202
    826.7   0.12269
    826.8   0.12219
    827.0   0.12244
    827.1   0.12176
    827.2   0.12144
    827.3   0.12137
    827.5   0.12134
    827.6   0.12226
    827.8   0.12263
    827.9   0.12089
    828.0   0.12039
    828.2   0.12246
    828.3   0.12308
    828.4   0.12102
    828.5   0.12062
    828.7   0.12098
    828.8   0.12149
    828.9   0.12165
    829.1   0.12002
    829.2   0.11846
    829.3   0.12033
    829.5   0.12025
    829.6   0.11944
    829.7   0.12085
    829.9   0.12124
    830.0   0.12169
    830.1   0.12259
    830.3   0.12229
    830.4   0.12159
    830.5   0.12055
    830.7   0.12041
    830.8   0.12033
    830.9   0.12201
    831.1   0.12346
    831.2   0.12254
    831.3   0.12047
    831.5   0.12011
    831.6   0.12136
    831.7   0.12237
    831.9   0.12237
    832.0   0.12184
    832.1   0.12165
    832.3   0.12266
    832.4   0.12217
    832.5   0.12151
    832.7   0.12201
    832.8   0.12333
    832.9   0.12226
    833.1   0.12032
    833.2   0.12101
    833.3   0.12146
    833.5   0.12239
    833.6   0.12198
    833.7   0.12021
    833.9   0.11932
    834.0   0.11981
    834.1   0.12054
    834.3   0.12103
    834.4   0.12186
    834.5   0.12320
    834.7   0.12327
    834.8   0.12159
    835.0   0.12241
    835.1   0.12290
    835.2   0.12148
    835.3   0.12073
    835.5   0.12179
    835.6   0.12256
    835.8   0.12244
    835.9   0.12175
    836.0   0.12050
    836.2   0.12111
    836.3   0.12205
    836.4   0.12168
    836.6   0.12186
    836.7   0.12352
    836.8   0.12273
    837.0   0.12065
    837.1   0.12020
    837.2   0.12130
    837.4   0.12162
    837.5   0.12095
    837.6   0.12084
    837.8   0.12113
    837.9   0.12144
    838.0   0.12178
    838.2   0.12095
    838.3   0.12045
    838.5   0.12063
    838.6   0.12064
    838.7   0.12069
    838.9   0.12123
    839.0   0.12156
    839.1   0.12114
    839.3   0.12122
    839.4   0.12097
    839.5   0.12252
    839.7   0.12277
    839.8   0.12186
    840.0   0.12219
    840.1   0.12242
    840.2   0.12266
    840.4   0.12261
    840.5   0.12160
    840.6   0.12124
    840.8   0.12160
    840.9   0.12244
    841.0   0.12158
    841.2   0.12106
    841.3   0.12137
    841.5   0.12106
    841.6   0.12074
    841.7   0.12134
    841.9   0.12244
    842.0   0.12166
    842.1   0.12075
    842.3   0.12113
    842.4   0.12118
    842.5   0.12071
    842.7   0.12045
    842.8   0.12042
    843.0   0.12050
    843.1   0.12088
    843.2   0.12187
    843.4   0.12174
    843.5   0.12239
    843.6   0.12195
    843.8   0.12011
    843.9   0.12134
    844.0   0.12339
    844.2   0.12269
    844.3   0.12071
    844.5   0.12095
    844.6   0.12030
    844.7   0.11999
    844.9   0.11965
    845.0   0.11879
    845.2   0.11972
    845.3   0.12123
    845.4   0.12274
    845.6   0.12317
    845.7   0.12198
    845.8   0.12122
    846.0   0.12157
    846.1   0.12172
    846.3   0.12169
    846.4   0.12142
    846.5   0.12120
    846.7   0.12086
    846.8   0.12143
    847.0   0.12275
    847.1   0.12276
    847.2   0.12179
    847.4   0.12125
    847.5   0.12152
    847.6   0.12098
    847.8   0.12011
    847.9   0.12095
    848.1   0.12171
    848.2   0.12091
    848.3   0.12074
    848.5   0.12068
    848.6   0.12021
    848.8   0.12089
    848.9   0.12235
    849.0   0.12286
    849.2   0.12150
    849.3   0.12061
    849.5   0.12051
    849.6   0.12117
    849.7   0.12331
    849.9   0.12421
    850.0   0.12275
    850.1   0.12170
    850.3   0.12149
    850.4   0.12098
    850.6   0.12083
    850.7   0.12188
    850.8   0.12249
    851.0   0.12194
    851.1   0.12146
    851.3   0.12128
    851.4   0.12069
    851.5   0.12056
    851.7   0.12143
    851.8   0.12167
    852.0   0.12184
    852.1   0.12183
    852.2   0.12178
    852.4   0.12112
    852.5   0.11980
    852.7   0.12109
    852.8   0.12147
    852.9   0.12078
    853.1   0.12136
    853.2   0.12132
    853.4   0.12068
    853.5   0.12133
    853.6   0.12148
    853.8   0.12063
    853.9   0.12031
    854.1   0.12142
    854.2   0.12192
    854.3   0.12218
    854.5   0.12198
    854.6   0.12064
    854.8   0.11998
    854.9   0.12037
    855.0   0.12005
    855.2   0.12069
    855.3   0.12150
    855.5   0.12123
    855.6   0.12068
    855.8   0.12102
    855.9   0.12222
    856.0   0.12220
    856.2   0.12093
    856.3   0.12066
    856.5   0.12123
    856.6   0.12146
    856.8   0.12152
    856.9   0.12173
    857.0   0.12107
    857.2   0.12081
    857.3   0.12090
    857.5   0.12111
    857.6   0.12081
    857.7   0.12152
    857.9   0.12228
    858.0   0.12195
    858.2   0.12076
    858.3   0.12099
    858.5   0.12158
    858.6   0.12175
    858.7   0.12166
    858.9   0.12190
    859.0   0.12134
    859.2   0.12071
    859.3   0.12114
    859.4   0.12126
    859.6   0.12035
    859.7   0.11978
    859.9   0.11989
    860.0   0.11977
    860.2   0.11970
    860.3   0.11994
    860.4   0.12025
    860.6   0.12138
    860.7   0.12185
    860.9   0.12129
    861.0   0.12217
    861.2   0.12273
    861.3   0.12203
    861.4   0.12156
    861.6   0.12116
    861.7   0.12036
    861.9   0.12029
    862.0   0.12051
    862.2   0.12080
    862.3   0.12034
    862.5   0.11985
    862.6   0.12087
    862.7   0.12032
    862.9   0.11992
    863.0   0.12116
    863.2   0.12183
    863.3   0.12090
    863.5   0.11961
    863.6   0.12053
    863.7   0.12133
    863.9   0.12068
    864.0   0.12096
    864.2   0.12159
    864.3   0.12158
    864.5   0.12103
    864.6   0.12005
    864.8   0.12000
    864.9   0.12112
    865.0   0.12232
    865.2   0.12193
    865.3   0.12120
    865.5   0.12110
    865.6   0.12100
    865.8   0.12095
    865.9   0.12012
    866.0   0.12081
    866.2   0.12246
    866.3   0.12190
    866.5   0.12105
    866.6   0.12040
    866.8   0.11984
    866.9   0.12027
    867.1   0.12044
    867.2   0.12076
    867.3   0.12050
    867.5   0.11947
    867.6   0.12017
    867.8   0.12137
    867.9   0.12096
    868.1   0.12008
    868.2   0.11968
    868.4   0.11976
    868.5   0.12068
    868.7   0.12062
    868.8   0.12039
    869.0   0.12044
    869.1   0.12057
    869.2   0.11960
    869.4   0.11883
    869.5   0.11979
    869.7   0.12063
    869.8   0.12099
    870.0   0.12073
    870.1   0.12056
    870.3   0.12085
    870.4   0.12057
    870.6   0.12128
    870.7   0.12250
    870.8   0.12162
    871.0   0.11982
    871.1   0.11984
    871.3   0.12078
    871.4   0.12113
    871.6   0.12093
    871.7   0.12053
    871.9   0.12025
    872.0   0.12062
    872.2   0.12085
    872.3   0.11962
    872.5   0.11961
    872.6   0.12104
    872.8   0.12166
    872.9   0.12126
    873.0   0.12082
    873.2   0.12065
    873.3   0.12049
    873.5   0.12158
    873.6   0.12208
    873.8   0.12188
    873.9   0.12166
    874.1   0.12081
    874.2   0.12010
    874.4   0.12015
    874.5   0.11975
    874.7   0.11942
    874.8   0.11963
    875.0   0.12029
    875.1   0.12146
    875.3   0.12146
    875.4   0.12072
    875.5   0.12013
    875.7   0.12003
    875.8   0.12053
    876.0   0.12116
    876.2   0.12127
    876.3   0.12051
    876.4   0.12026
    876.6   0.12080
    876.7   0.12161
    876.9   0.12223
    877.0   0.12147
    877.2   0.12062
    877.3   0.12068
    877.5   0.12134
    877.6   0.12166
    877.8   0.12082
    877.9   0.12083
    878.1   0.12068
    878.2   0.12043
    878.4   0.12081
    878.5   0.12114
    878.7   0.12018
    878.8   0.11902
    879.0   0.11886
    879.1   0.11934
    879.3   0.12011
    879.4   0.12036
    879.6   0.12103
    879.7   0.12171
    879.9   0.12101
    880.0   0.11953
    880.2   0.12012
    880.3   0.12164
    880.5   0.12215
    880.6   0.12109
    880.8   0.11965
    880.9   0.11968
    881.1   0.12086
    881.2   0.12079
    881.4   0.12020
    881.5   0.12044
    881.7   0.12070
    881.8   0.12062
    882.0   0.12117
    882.1   0.12142
    882.3   0.12057
    882.4   0.12043
    882.6   0.12098
    882.7   0.12088
    882.9   0.12115
    883.0   0.12089
    883.2   0.12000
    883.3   0.12042
    883.5   0.12103
    883.6   0.12092
    883.8   0.12110
    883.9   0.12139
    884.1   0.12102
    884.2   0.12080
    884.4   0.12058
    884.5   0.12017
    884.7   0.12024
    884.8   0.12056
    885.0   0.12041
    885.1   0.12011
    885.3   0.12012
    885.4   0.11996
    885.6   0.11983
    885.7   0.11993
    885.9   0.12023
    886.0   0.12052
    886.2   0.12042
    886.3   0.12096
    886.5   0.12093
    886.6   0.12103
    886.8   0.12094
    886.9   0.12080
    887.1   0.12034
    887.2   0.12040
    887.4   0.12046
    887.5   0.12007
    887.7   0.11998
    887.8   0.11998
    888.0   0.11987
    888.2   0.12007
    888.3   0.12110
    888.5   0.12126
    888.6   0.12088
    888.8   0.12074
    888.9   0.12069
    889.1   0.12051
    889.2   0.12022
    889.4   0.12038
    889.5   0.12106
    889.7   0.12102
    889.8   0.12015
    890.0   0.12031
    890.1   0.12077
    890.3   0.12053
    890.4   0.12021
    890.6   0.12038
    890.8   0.12023
    890.9   0.12023
    891.0   0.11999
    891.2   0.12011
    891.4   0.12092
    891.5   0.12087
    891.7   0.12022
    891.8   0.12005
    892.0   0.12015
    892.1   0.12044
    892.3   0.12034
    892.4   0.12020
    892.6   0.12015
    892.7   0.12026
    892.9   0.12045
    893.0   0.12038
    893.2   0.12003
    893.4   0.12031
    893.5   0.12052
    893.7   0.12067
    893.8   0.12081
    894.0   0.12082
    894.1   0.12005
    894.3   0.11975
    894.4   0.12071
    894.6   0.12120
    894.7   0.12129
    894.9   0.12133
    895.0   0.12097
    895.2   0.12047
    895.4   0.12083
    895.5   0.12134
    895.7   0.12093
    895.8   0.12043
    896.0   0.12010
    896.1   0.11998
    896.3   0.12058
    896.4   0.12144
    896.6   0.12115
    896.8   0.12053
    896.9   0.12004
    897.1   0.12036
    897.2   0.12097
    897.4   0.12110
    897.5   0.12044
    897.7   0.12003
    897.8   0.12005
    898.0   0.12020
    898.2   0.12049
    898.3   0.11971
    898.5   0.11949
    898.6   0.11988
    898.8   0.12017
    898.9   0.12041
    899.1   0.12056
    899.2   0.12047
    899.4   0.12073
    899.6   0.12096
    899.7   0.12032
    899.9   0.12057
    900.0   0.12155
    900.2   0.12121
    900.3   0.12086
    900.5   0.12078
    900.7   0.12113
    900.8   0.12115
    901.0   0.12020
    901.1   0.11995
    901.3   0.12030
    901.4   0.12053
    901.6   0.12008
    901.8   0.11974
    901.9   0.12060
    902.1   0.12108
    902.2   0.12115
    902.4   0.12074
    902.5   0.12047
    902.7   0.12076
    902.8   0.12037
    903.0   0.12051
    903.2   0.12087
    903.3   0.12096
    903.5   0.12092
    903.6   0.12058
    903.8   0.12018
    904.0   0.12032
    904.1   0.12032
    904.3   0.12028
    904.4   0.12091
    904.6   0.12108
    904.7   0.12119
    904.9   0.12091
    905.0   0.12075
    905.2   0.12074
    905.4   0.12065
    905.5   0.12053
    905.7   0.12081
    905.8   0.12106
    906.0   0.12088
    906.2   0.12056
    906.3   0.12080
    906.5   0.12141
    906.6   0.12133
    906.8   0.12084
    907.0   0.12042
    907.1   0.12055
    907.3   0.12065
    907.4   0.12098
    907.6   0.12109
    907.7   0.12111
    907.9   0.12117
    908.1   0.12097
    908.2   0.12107
    908.4   0.12114
    908.5   0.12108
    908.7   0.12094
    908.9   0.12079
    909.0   0.12048
    909.2   0.12097
    909.3   0.12111
    909.5   0.12086
    909.7   0.12000
    909.8   0.11982
    910.0   0.12053
    910.1   0.12062
    910.3   0.12037
    910.5   0.12049
    910.6   0.12079
    910.8   0.12119
    910.9   0.12099
    911.1   0.12081
    911.3   0.12061
    911.4   0.12022
    911.6   0.12084
    911.7   0.12104
    911.9   0.12065
    912.1   0.12033
    912.2   0.12046
    912.4   0.12025
    912.5   0.12029
    912.7   0.12079
    912.9   0.12099
    913.0   0.12075
    913.2   0.12115
    913.3   0.12178
    913.5   0.12130
    913.7   0.12050
    913.8   0.12021
    914.0   0.12019
    914.2   0.12062
    914.3   0.12115
    914.5   0.12121
    914.6   0.12080
    914.8   0.12099
    915.0   0.12163
    915.1   0.12165
    915.3   0.12091
    915.4   0.12003
    915.6   0.12040
    915.8   0.12098
    915.9   0.12063
    916.1   0.12071
    916.3   0.12114
    916.4   0.12117
    916.6   0.12097
    916.7   0.12106
    916.9   0.12094
    917.1   0.12077
    917.2   0.12111
    917.4   0.12141
    917.5   0.12144
    917.7   0.12122
    917.9   0.12097
    918.0   0.12064
    918.2   0.12040
    918.4   0.12053
    918.5   0.12093
    918.7   0.12109
    918.8   0.12096
    919.0   0.12060
    919.2   0.12071
    919.3   0.12129
    919.5   0.12173
    919.7   0.12190
    919.8   0.12173
    920.0   0.12160
    920.2   0.12179
    920.3   0.12159
    920.5   0.12123
    920.6   0.12135
    920.8   0.12146
    921.0   0.12126
    921.1   0.12112
    921.3   0.12101
    921.5   0.12080
    921.6   0.12114
    921.8   0.12115
    922.0   0.12099
    922.1   0.12122
    922.3   0.12104
    922.4   0.12081
    922.6   0.12060
    922.8   0.12054
    922.9   0.12113
    923.1   0.12171
    923.3   0.12165
    923.4   0.12138
    923.6   0.12152
    923.8   0.12117
    923.9   0.12055
    924.1   0.12081
    924.3   0.12117
    924.4   0.12129
    924.6   0.12106
    924.7   0.12087
    924.9   0.12101
    925.1   0.12113
    925.2   0.12095
    925.4   0.12104
    925.6   0.12112
    925.7   0.12109
    925.9   0.12104
    926.1   0.12064
    926.2   0.12056
    926.4   0.12090
    926.6   0.12094
    926.7   0.12120
    926.9   0.12141
    927.1   0.12112
    927.2   0.12129
    927.4   0.12147
    927.6   0.12144
    927.7   0.12106
    927.9   0.12083
    928.0   0.12126
    928.2   0.12172
    928.4   0.12141
    928.5   0.12116
    928.7   0.12103
    928.9   0.12111
    929.0   0.12134
    929.2   0.12177
    929.4   0.12188
    929.5   0.12174
    929.7   0.12146
    929.9   0.12086
    930.0   0.12097
    930.2   0.12144
    930.4   0.12143
    930.5   0.12144
    930.7   0.12124
    930.9   0.12105
    931.0   0.12090
    931.2   0.12140
    931.4   0.12197
    931.6   0.12178
    931.7   0.12147
    931.9   0.12113
    932.1   0.12084
    932.2   0.12114
    932.4   0.12181
    932.6   0.12191
    932.7   0.12143
    932.9   0.12110
    933.1   0.12122
    933.2   0.12153
    933.4   0.12165
    933.6   0.12147
    933.7   0.12131
    933.9   0.12149
    934.1   0.12194
    934.2   0.12185
    934.4   0.12141
    934.6   0.12150
    934.8   0.12134
    934.9   0.12151
    935.1   0.12179
    935.3   0.12180
    935.4   0.12173
    935.6   0.12190
    935.8   0.12218
    935.9   0.12235
    936.1   0.12243
    936.3   0.12192
    936.4   0.12176
    936.6   0.12189
    936.8   0.12161
    936.9   0.12152
    937.1   0.12135
    937.3   0.12136
    937.5   0.12149
    937.6   0.12142
    937.8   0.12157
    938.0   0.12149
    938.1   0.12151
    938.3   0.12174
    938.5   0.12199
    938.6   0.12183
    938.8   0.12159
    939.0   0.12174
    939.2   0.12181
    939.3   0.12182
    939.5   0.12165
    939.7   0.12146
    939.8   0.12163
    940.0   0.12181
    940.2   0.12164
    940.3   0.12154
    940.5   0.12161
    940.7   0.12177
    940.8   0.12224
    941.0   0.12250
    941.2   0.12235
    941.4   0.12197
    941.5   0.12181
    941.7   0.12206
    941.9   0.12199
    942.0   0.12204
    942.2   0.12241
    942.4   0.12235
    942.6   0.12244
    942.7   0.12222
    942.9   0.12226
    943.1   0.12214
    943.3   0.12190
    943.4   0.12195
    943.6   0.12212
    943.8   0.12218
    943.9   0.12214
    944.1   0.12210
    944.3   0.12218
    944.5   0.12219
    944.6   0.12215
    944.8   0.12224
    945.0   0.12212
    945.1   0.12216
    945.3   0.12222
    945.5   0.12210
    945.7   0.12208
    945.8   0.12187
    946.0   0.12214
    946.2   0.12251
    946.3   0.12235
    946.5   0.12237
    946.7   0.12208
    946.9   0.12212
    947.0   0.12231
    947.2   0.12218
    947.4   0.12220
    947.6   0.12241
    947.7   0.12253
    947.9   0.12249
    948.1   0.12205
    948.3   0.12182
    948.4   0.12216
    948.6   0.12245
    948.8   0.12241
    949.0   0.12248
    949.1   0.12224
    949.3   0.12210
    949.5   0.12215
    949.6   0.12221
    949.8   0.12240
    950.0   0.12247
    950.2   0.12266
    950.3   0.12262
    950.5   0.12258
    950.7   0.12260
    950.9   0.12228
    951.0   0.12228
    951.2   0.12251
    951.4   0.12255
    951.6   0.12245
    951.7   0.12250
    951.9   0.12264
    952.1   0.12268
    952.3   0.12284
    952.4   0.12291
    952.6   0.12263
    952.8   0.12242
    953.0   0.12286
    953.1   0.12316
    953.3   0.12278
    953.5   0.12277
    953.7   0.12286
    953.8   0.12282
    954.0   0.12276
    954.2   0.12249
    954.4   0.12266
    954.5   0.12265
    954.7   0.12237
    954.9   0.12246
    955.1   0.12270
    955.2   0.12264
    955.4   0.12263
    955.6   0.12268
    955.8   0.12268
    956.0   0.12259
    956.1   0.12282
    956.3   0.12276
    956.5   0.12279
    956.7   0.12273
    956.8   0.12263
    957.0   0.12282
    957.2   0.12289
    957.4   0.12298
    957.5   0.12282
    957.7   0.12255
    957.9   0.12246
    958.1   0.12257
    958.2   0.12291
    958.4   0.12289
    958.6   0.12257
    958.8   0.12267
    959.0   0.12281
    959.1   0.12252
    959.3   0.12262
    959.5   0.12298
    959.7   0.12299
    959.8   0.12303
    960.0   0.12277
    960.2   0.12235
    960.4   0.12252
    960.5   0.12281
    960.7   0.12286
    960.9   0.12282
    961.1   0.12282
    961.3   0.12291
    961.4   0.12306
    961.6   0.12319
    961.8   0.12320
    962.0   0.12314
    962.2   0.12312
    962.3   0.12290
    962.5   0.12293
    962.7   0.12308
    962.9   0.12338
    963.0   0.12357
    963.2   0.12333
    963.4   0.12319
    963.6   0.12314
    963.8   0.12324
    963.9   0.12348
    964.1   0.12335
    964.3   0.12328
    964.5   0.12340
    964.7   0.12357
    964.8   0.12369
    965.0   0.12364
    965.2   0.12355
    965.4   0.12350
    965.6   0.12330
    965.7   0.12321
    965.9   0.12352
    966.1   0.12387
    966.3   0.12380
    966.5   0.12341
    966.6   0.12320
    966.8   0.12329
    967.0   0.12328
    967.2   0.12330
    967.4   0.12342
    967.5   0.12355
    967.7   0.12364
    967.9   0.12367
    968.1   0.12350
    968.3   0.12343
    968.4   0.12344
    968.6   0.12344
    968.8   0.12342
    969.0   0.12346
    969.2   0.12374
    969.3   0.12387
    969.5   0.12371
    969.7   0.12389
    969.9   0.12393
    970.1   0.12366
    970.3   0.12366
    970.4   0.12392
    970.6   0.12391
    970.8   0.12398
    971.0   0.12396
    971.2   0.12381
    971.3   0.12374
    971.5   0.12379
    971.7   0.12381
    971.9   0.12376
    972.1   0.12389
    972.3   0.12403
    972.4   0.12402
    972.6   0.12403
    972.8   0.12371
    973.0   0.12356
    973.2   0.12393
    973.3   0.12405
    973.5   0.12384
    973.7   0.12381
    973.9   0.12410
    974.1   0.12422
    974.3   0.12402
    974.5   0.12385
    974.6   0.12405
    974.8   0.12438
    975.0   0.12439
    975.2   0.12422
    975.4   0.12419
    975.5   0.12428
    975.7   0.12413
    975.9   0.12395
    976.1   0.12411
    976.3   0.12451
    976.5   0.12447
    976.7   0.12420
    976.8   0.12424
    977.0   0.12417
    977.2   0.12413
    977.4   0.12429
    977.6   0.12451
    977.8   0.12442
    977.9   0.12404
    978.1   0.12411
    978.3   0.12426
    978.5   0.12424
    978.7   0.12431
    978.9   0.12455
    979.0   0.12462
    979.2   0.12444
    979.4   0.12443
    979.6   0.12448
    979.8   0.12425
    980.0   0.12411
    980.2   0.12437
    980.3   0.12457
    980.5   0.12430
    980.7   0.12418
    980.9   0.12430
    981.1   0.12431
    981.3   0.12437
    981.5   0.12454
    981.7   0.12449
    981.8   0.12426
    982.0   0.12408
    982.2   0.12441
    982.4   0.12474
    982.6   0.12462
    982.8   0.12433
    983.0   0.12448
    983.1   0.12456
    983.3   0.12451
    983.5   0.12440
    983.7   0.12443
    983.9   0.12467
    984.1   0.12475
    984.3   0.12483
    984.4   0.12474
    984.6   0.12481
    984.8   0.12477
    985.0   0.12475
    985.2   0.12486
    985.4   0.12461
    985.6   0.12444
    985.8   0.12456
    985.9   0.12465
    986.1   0.12480
    986.3   0.12470
    986.5   0.12463
    986.7   0.12475
    986.9   0.12486
    987.1   0.12485
    987.3   0.12470
    987.4   0.12471
    987.6   0.12477
    987.8   0.12470
    988.0   0.12484
    988.2   0.12492
    988.4   0.12501
    988.6   0.12526
    988.8   0.12523
    989.0   0.12530
    989.1   0.12543
    989.3   0.12509
    989.5   0.12495
    989.7   0.12499
    989.9   0.12523
    990.1   0.12538
    990.3   0.12522
    990.5   0.12523
    990.7   0.12537
    990.8   0.12527
    991.0   0.12517
    991.2   0.12515
    991.4   0.12514
    991.6   0.12530
    991.8   0.12548
    992.0   0.12518
    992.2   0.12507
    992.4   0.12519
    992.5   0.12540
    992.7   0.12558
    992.9   0.12552
    993.1   0.12546
    993.3   0.12558
    993.5   0.12552
    993.7   0.12539
    993.9   0.12560
    994.1   0.12575
    994.3   0.12561
    994.5   0.12563
    994.6   0.12570
    994.8   0.12552
    995.0   0.12536
    995.2   0.12551
    995.4   0.12568
    995.6   0.12564
    995.8   0.12558
    996.0   0.12560
    996.2   0.12563
    996.4   0.12550
    996.5   0.12531
    996.7   0.12542
    996.9   0.12570
    997.1   0.12597
    997.3   0.12605
    997.5   0.12584
    997.7   0.12543
    997.9   0.12536
    998.1   0.12562
    998.3   0.12574
    998.5   0.12592
    998.7   0.12607
    998.9   0.12605
    999.0   0.12612
    999.2   0.12598
    999.4   0.12589
    999.6   0.12597
    999.8   0.12611
   1000.0   0.12607
   1000.2   0.12600
   1000.4   0.12605
   1000.6   0.12601
   1000.8   0.12605
   1001.0   0.12620
   1001.2   0.12615
   1001.4   0.12595
   1001.6   0.12584
   1001.8   0.12601
   1001.9   0.12640
   1002.1   0.12647
   1002.3   0.12641
   1002.5   0.12642
   1002.7   0.12631
   1002.9   0.12616
   1003.1   0.12615
   1003.3   0.12622
   1003.5   0.12620
   1003.7   0.12598
   1003.9   0.12612
   1004.1   0.12642
   1004.3   0.12646
   1004.5   0.12640
   1004.7   0.12636
   1004.9   0.12636
   1005.0   0.12643
   1005.3   0.12640
   1005.4   0.12636
   1005.6   0.12641
   1005.8   0.12652
   1006.0   0.12652
   1006.2   0.12646
   1006.4   0.12642
   1006.6   0.12644
   1006.8   0.12649
   1007.0   0.12653
   1007.2   0.12649
   1007.4   0.12637
   1007.6   0.12603
   1007.8   0.12624
   1008.0   0.12657
   1008.2   0.12644
   1008.4   0.12658
   1008.6   0.12672
   1008.8   0.12674
   1009.0   0.12686
   1009.2   0.12674
   1009.4   0.12645
   1009.5   0.12650
   1009.8   0.12665
   1010.0   0.12667
   1010.1   0.12667
   1010.3   0.12677
   1010.5   0.12689
   1010.7   0.12689
   1010.9   0.12671
   1011.1   0.12676
   1011.3   0.12705
   1011.5   0.12705
   1011.7   0.12688
   1011.9   0.12694
   1012.1   0.12685
   1012.3   0.12688
   1012.5   0.12701
   1012.7   0.12694
   1012.9   0.12702
   1013.1   0.12722
   1013.3   0.12720
   1013.5   0.12716
   1013.7   0.12711
   1013.9   0.12707
   1014.1   0.12713
   1014.3   0.12700
   1014.5   0.12694
   1014.7   0.12703
   1014.9   0.12710
   1015.1   0.12706
   1015.3   0.12708
   1015.5   0.12716
   1015.7   0.12723
   1015.9   0.12718
   1016.1   0.12728
   1016.3   0.12739
   1016.5   0.12739
   1016.7   0.12749
   1016.9   0.12743
   1017.1   0.12721
   1017.3   0.12726
   1017.5   0.12729
   1017.7   0.12729
   1017.9   0.12739
   1018.1   0.12743
   1018.3   0.12729
   1018.5   0.12722
   1018.7   0.12728
   1018.9   0.12740
   1019.1   0.12734
   1019.3   0.12723
   1019.5   0.12734
   1019.7   0.12760
   1019.9   0.12778
   1020.1   0.12765
   1020.3   0.12740
   1020.5   0.12739
   1020.7   0.12753
   1020.9   0.12762
   1021.1   0.12774
   1021.3   0.12786
   1021.5   0.12797
   1021.7   0.12777
   1021.9   0.12765
   1022.1   0.12778
   1022.3   0.12763
   1022.5   0.12757
   1022.7   0.12769
   1022.9   0.12773
   1023.1   0.12785
   1023.3   0.12808
   1023.5   0.12803
   1023.7   0.12782
   1023.9   0.12777
   1024.1   0.12779
   1024.3   0.12798
   1024.5   0.12802
   1024.7   0.12802
   1024.9   0.12807
   1025.1   0.12800
   1025.3   0.12790
   1025.5   0.12804
   1025.7   0.12827
   1025.9   0.12836
   1026.1   0.12814
   1026.3   0.12786
   1026.5   0.12790
   1026.8   0.12822
   1026.9   0.12829
   1027.2   0.12824
   1027.4   0.12816
   1027.6   0.12816
   1027.8   0.12819
   1028.0   0.12819
   1028.2   0.12821
   1028.4   0.12832
   1028.6   0.12848
   1028.8   0.12830
   1029.0   0.12816
   1029.2   0.12822
   1029.4   0.12840
   1029.6   0.12843
   1029.8   0.12833
   1030.0   0.12833
   1030.2   0.12856
   1030.4   0.12863
   1030.6   0.12855
   1030.8   0.12846
   1031.0   0.12847
   1031.2   0.12852
   1031.4   0.12858
   1031.7   0.12862
   1031.8   0.12884
   1032.1   0.12887
   1032.3   0.12866
   1032.5   0.12849
   1032.7   0.12854
   1032.9   0.12876
   1033.1   0.12874
   1033.3   0.12853
   1033.5   0.12841
   1033.7   0.12864
   1033.9   0.12882
   1034.1   0.12867
   1034.3   0.12850
   1034.5   0.12864
   1034.7   0.12875
   1034.9   0.12864
   1035.2   0.12868
   1035.4   0.12871
   1035.6   0.12875
   1035.8   0.12880
   1036.0   0.12889
   1036.2   0.12897
   1036.4   0.12905
   1036.6   0.12899
   1036.8   0.12893
   1037.0   0.12900
   1037.2   0.12913
   1037.4   0.12926
   1037.6   0.12920
   1037.8   0.12922
   1038.1   0.12921
   1038.3   0.12914
   1038.5   0.12930
   1038.7   0.12936
   1038.9   0.12928
   1039.1   0.12913
   1039.3   0.12905
   1039.5   0.12901
   1039.7   0.12894
   1039.9   0.12923
   1040.1   0.12937
   1040.3   0.12933
   1040.6   0.12927
   1040.8   0.12922
   1041.0   0.12934
   1041.2   0.12942
   1041.4   0.12948
   1041.6   0.12951
   1041.8   0.12927
   1042.0   0.12916
   1042.2   0.12938
   1042.4   0.12952
   1042.6   0.12953
   1042.8   0.12960
   1043.1   0.12963
   1043.3   0.12952
   1043.5   0.12953
   1043.7   0.12965
   1043.9   0.12959
   1044.1   0.12962
   1044.3   0.12973
   1044.5   0.12982
   1044.8   0.12966
   1045.0   0.12964
   1045.2   0.12967
   1045.4   0.12957
   1045.6   0.12959
   1045.8   0.12964
   1046.0   0.12973
   1046.2   0.12986
   1046.4   0.12990
   1046.6   0.12974
   1046.9   0.12973
   1047.1   0.12988
   1047.3   0.12991
   1047.5   0.12978
   1047.7   0.12979
   1047.9   0.13003
   1048.1   0.13012
   1048.3   0.13006
   1048.6   0.13011
   1048.8   0.12997
   1049.0   0.12984
   1049.2   0.12994
   1049.4   0.13006
   1049.6   0.13025
   1049.8   0.13037
   1050.0   0.13033
   1050.3   0.13027
   1050.5   0.13028
   1050.7   0.13024
   1050.9   0.13030
   1051.1   0.13039
   1051.3   0.13038
   1051.5   0.13040
   1051.7   0.13033
   1051.9   0.13023
   1052.2   0.13024
   1052.4   0.13034
   1052.6   0.13037
   1052.8   0.13039
   1053.0   0.13047
   1053.2   0.13046
   1053.4   0.13045
   1053.7   0.13044
   1053.9   0.13038
   1054.1   0.13062
   1054.3   0.13077
   1054.5   0.13056
   1054.7   0.13049
   1054.9   0.13058
   1055.2   0.13067
   1055.4   0.13078
   1055.6   0.13083
   1055.8   0.13076
   1056.0   0.13076
   1056.2   0.13070
   1056.4   0.13062
   1056.7   0.13060
   1056.9   0.13064
   1057.1   0.13066
   1057.3   0.13081
   1057.5   0.13082
   1057.8   0.13067
   1058.0   0.13070
   1058.2   0.13086
   1058.4   0.13102
   1058.6   0.13106
   1058.8   0.13100
   1059.0   0.13098
   1059.3   0.13088
   1059.5   0.13086
   1059.7   0.13104
   1059.9   0.13115
   1060.1   0.13103
   1060.3   0.13089
   1060.6   0.13108
   1060.8   0.13115
   1061.0   0.13104
   1061.2   0.13118
   1061.4   0.13134
   1061.7   0.13134
   1061.9   0.13114
   1062.1   0.13102
   1062.3   0.13100
   1062.5   0.13101
   1062.7   0.13107
   1062.9   0.13112
   1063.2   0.13118
   1063.4   0.13129
   1063.6   0.13127
   1063.8   0.13131
   1064.0   0.13144
   1064.3   0.13140
   1064.5   0.13126
   1064.7   0.13134
   1064.9   0.13138
   1065.1   0.13127
   1065.3   0.13139
   1065.6   0.13144
   1065.8   0.13132
   1066.0   0.13135
   1066.2   0.13148
   1066.4   0.13159
   1066.7   0.13150
   1066.9   0.13146
   1067.1   0.13161
   1067.3   0.13157
   1067.6   0.13157
   1067.8   0.13183
   1068.0   0.13187
   1068.2   0.13173
   1068.4   0.13181
   1068.7   0.13187
   1068.9   0.13184
   1069.1   0.13189
   1069.3   0.13201
   1069.5   0.13211
   1069.8   0.13208
   1070.0   0.13187
   1070.2   0.13198
   1070.4   0.13213
   1070.6   0.13191
   1070.8   0.13186
   1071.1   0.13204
   1071.3   0.13209
   1071.5   0.13193
   1071.7   0.13189
   1072.0   0.13203
   1072.2   0.13214
   1072.4   0.13233
   1072.6   0.13245
   1072.8   0.13229
   1073.1   0.13220
   1073.3   0.13222
   1073.5   0.13211
   1073.7   0.13205
   1074.0   0.13212
   1074.2   0.13218
   1074.4   0.13223
   1074.6   0.13215
   1074.8   0.13195
   1075.1   0.13200
   1075.3   0.13229
   1075.5   0.13239
   1075.7   0.13229
   1076.0   0.13236
   1076.2   0.13247
   1076.4   0.13243
   1076.6   0.13230
   1076.9   0.13227
   1077.1   0.13237
   1077.3   0.13243
   1077.5   0.13257
   1077.8   0.13261
   1078.0   0.13246
   1078.2   0.13255
   1078.4   0.13277
   1078.7   0.13266
   1078.9   0.13259
   1079.1   0.13278
   1079.3   0.13287
   1079.6   0.13289
   1079.8   0.13283
   1080.0   0.13276
   1080.2   0.13289
   1080.4   0.13291
   1080.7   0.13270
   1080.9   0.13276
   1081.1   0.13290
   1081.3   0.13285
   1081.6   0.13283
   1081.8   0.13298
   1082.0   0.13298
   1082.3   0.13294
   1082.5   0.13296
   1082.7   0.13298
   1082.9   0.13303
   1083.2   0.13310
   1083.4   0.13310
   1083.6   0.13311
   1083.8   0.13317
   1084.1   0.13304
   1084.3   0.13311
   1084.5   0.13326
   1084.8   0.13330
   1085.0   0.13322
   1085.2   0.13319
   1085.4   0.13329
   1085.7   0.13330
   1085.9   0.13318
   1086.1   0.13320
   1086.3   0.13325
   1086.6   0.13329
   1086.8   0.13330
   1087.0   0.13336
   1087.3   0.13351
   1087.5   0.13359
   1087.7   0.13347
   1087.9   0.13350
   1088.2   0.13363
   1088.4   0.13351
   1088.6   0.13330
   1088.8   0.13333
   1089.1   0.13347
   1089.3   0.13342
   1089.5   0.13341
   1089.8   0.13355
   1090.0   0.13357
   1090.2   0.13343
   1090.4   0.13349
   1090.7   0.13365
   1090.9   0.13382
   1091.1   0.13382
   1091.4   0.13372
   1091.6   0.13365
   1091.8   0.13367
   1092.1   0.13368
   1092.3   0.13379
   1092.5   0.13392
   1092.8   0.13400
   1093.0   0.13396
   1093.2   0.13391
   1093.4   0.13387
   1093.7   0.13387
   1093.9   0.13386
   1094.1   0.13390
   1094.4   0.13404
   1094.6   0.13412
   1094.8   0.13404
   1095.1   0.13401
   1095.3   0.13401
   1095.5   0.13406
   1095.8   0.13425
   1096.0   0.13426
   1096.2   0.13422
   1096.4   0.13432
   1096.7   0.13447
   1096.9   0.13442
   1097.1   0.13432
   1097.4   0.13417
   1097.6   0.13421
   1097.8   0.13424
   1098.1   0.13422
   1098.3   0.13435
   1098.5   0.13449
   1098.8   0.13448
   1099.0   0.13440
   1099.2   0.13438
   1099.5   0.13446
   1099.7   0.13442
   1099.9   0.13435
   1100.2   0.13432
   1100.4   0.13450
   1100.6   0.13476
   1100.9   0.13481
   1101.1   0.13468
   1101.3   0.13451
   1101.6   0.13458
   1101.8   0.13469
   1102.0   0.13472
   1102.3   0.13470
   1102.5   0.13471
   1102.7   0.13463
   1103.0   0.13467
   1103.2   0.13478
   1103.4   0.13476
   1103.7   0.13476
   1103.9   0.13479
   1104.2   0.13476
   1104.4   0.13471
   1104.6   0.13474
   1104.9   0.13488
   1105.1   0.13509
   1105.3   0.13503
   1105.6   0.13497
   1105.8   0.13502
   1106.0   0.13506
   1106.3   0.13512
   1106.5   0.13511
   1106.7   0.13515
   1107.0   0.13518
   1107.2   0.13515
   1107.4   0.13518
   1107.7   0.13514
   1107.9   0.13516
   1108.2   0.13530
   1108.4   0.13527
   1108.6   0.13515
   1108.9   0.13516
   1109.1   0.13519
   1109.3   0.13523
   1109.6   0.13542
   1109.8   0.13544
   1110.1   0.13534
   1110.3   0.13522
   1110.5   0.13517
   1110.8   0.13511
   1111.0   0.13520
   1111.3   0.13542
   1111.5   0.13556
   1111.7   0.13555
   1112.0   0.13551
   1112.2   0.13564
   1112.4   0.13567
   1112.7   0.13561
   1112.9   0.13555
   1113.2   0.13551
   1113.4   0.13572
   1113.6   0.13586
   1113.9   0.13577
   1114.1   0.13556
   1114.3   0.13558
   1114.6   0.13578
   1114.8   0.13583
   1115.1   0.13577
   1115.3   0.13577
   1115.6   0.13577
   1115.8   0.13590
   1116.0   0.13586
   1116.3   0.13576
   1116.5   0.13581
   1116.8   0.13580
   1117.0   0.13581
   1117.2   0.13587
   1117.5   0.13595
   1117.7   0.13593
   1118.0   0.13603
   1118.2   0.13612
   1118.4   0.13624
   1118.7   0.13621
   1118.9   0.13615
   1119.2   0.13624
   1119.4   0.13626
   1119.7   0.13615
   1119.9   0.13597
   1120.1   0.13598
   1120.4   0.13608
   1120.6   0.13612
   1120.9   0.13618
   1121.1   0.13625
   1121.3   0.13639
   1121.6   0.13641
   1121.8   0.13635
   1122.1   0.13634
   1122.3   0.13651
   1122.6   0.13652
   1122.8   0.13639
   1123.0   0.13643
   1123.3   0.13654
   1123.5   0.13645
   1123.8   0.13647
   1124.0   0.13672
   1124.3   0.13677
   1124.5   0.13672
   1124.8   0.13666
   1125.0   0.13657
   1125.2   0.13658
   1125.5   0.13664
   1125.7   0.13662
   1126.0   0.13666
   1126.2   0.13664
   1126.5   0.13668
   1126.7   0.13669
   1126.9   0.13660
   1127.2   0.13657
   1127.4   0.13672
   1127.7   0.13679
   1127.9   0.13677
   1128.2   0.13682
   1128.4   0.13694
   1128.7   0.13698
   1128.9   0.13693
   1129.2   0.13691
   1129.4   0.13699
   1129.7   0.13697
   1129.9   0.13699
   1130.1   0.13698
   1130.4   0.13685
   1130.6   0.13692
   1130.9   0.13709
   1131.1   0.13716
   1131.4   0.13724
   1131.6   0.13735
   1131.9   0.13731
   1132.1   0.13717
   1132.4   0.13717
   1132.6   0.13735
   1132.9   0.13737
   1133.1   0.13723
   1133.3   0.13721
   1133.6   0.13723
   1133.8   0.13719
   1134.1   0.13722
   1134.3   0.13737
   1134.6   0.13734
   1134.8   0.13730
   1135.1   0.13738
   1135.3   0.13741
   1135.6   0.13744
   1135.8   0.13745
   1136.1   0.13743
   1136.3   0.13736
   1136.6   0.13740
   1136.8   0.13763
   1137.1   0.13779
   1137.3   0.13770
   1137.6   0.13761
   1137.8   0.13770
   1138.1   0.13777
   1138.3   0.13779
   1138.6   0.13784
   1138.8   0.13790
   1139.1   0.13784
   1139.3   0.13784
   1139.6   0.13787
   1139.8   0.13790
   1140.1   0.13784
   1140.3   0.13785
   1140.6   0.13797
   1140.8   0.13799
   1141.1   0.13798
   1141.3   0.13794
   1141.6   0.13799
   1141.8   0.13804
   1142.1   0.13806
   1142.3   0.13805
   1142.6   0.13797
   1142.8   0.13807
   1143.1   0.13819
   1143.3   0.13818
   1143.6   0.13825
   1143.9   0.13826
   1144.1   0.13818
   1144.4   0.13822
   1144.6   0.13829
   1144.9   0.13832
   1145.1   0.13834
   1145.4   0.13829
   1145.6   0.13826
   1145.9   0.13837
   1146.1   0.13840
   1146.4   0.13835
   1146.6   0.13834
   1146.9   0.13838
   1147.2   0.13844
   1147.4   0.13842
   1147.7   0.13841
   1147.9   0.13848
   1148.2   0.13855
   1148.4   0.13858
   1148.7   0.13849
   1148.9   0.13856
   1149.2   0.13861
   1149.4   0.13854
   1149.7   0.13851
   1149.9   0.13856
   1150.2   0.13855
   1150.4   0.13864
   1150.7   0.13875
   1151.0   0.13879
   1151.2   0.13875
   1151.5   0.13870
   1151.7   0.13875
   1152.0   0.13880
   1152.2   0.13887
   1152.5   0.13900
   1152.8   0.13905
   1153.0   0.13898
   1153.3   0.13898
   1153.5   0.13899
   1153.8   0.13896
   1154.0   0.13912
   1154.3   0.13912
   1154.6   0.13905
   1154.8   0.13916
   1155.1   0.13922
   1155.3   0.13918
   1155.6   0.13916
   1155.8   0.13922
   1156.1   0.13919
   1156.4   0.13919
   1156.6   0.13919
   1156.9   0.13921
   1157.1   0.13923
   1157.4   0.13924
   1157.7   0.13928
   1157.9   0.13938
   1158.2   0.13944
   1158.4   0.13934
   1158.7   0.13930
   1158.9   0.13934
   1159.2   0.13935
   1159.5   0.13938
   1159.7   0.13944
   1160.0   0.13940
   1160.2   0.13945
   1160.5   0.13950
   1160.8   0.13949
   1161.0   0.13960
   1161.3   0.13962
   1161.5   0.13960
   1161.8   0.13954
   1162.1   0.13955
   1162.3   0.13966
   1162.6   0.13969
   1162.8   0.13962
   1163.1   0.13958
   1163.4   0.13972
   1163.6   0.13981
   1163.9   0.13986
   1164.2   0.13979
   1164.4   0.13974
   1164.7   0.13981
   1164.9   0.13991
   1165.2   0.13997
   1165.4   0.14002
   1165.7   0.13996
   1166.0   0.13995
   1166.2   0.14000
   1166.5   0.14003
   1166.8   0.14003
   1167.0   0.13999
   1167.3   0.13987
   1167.6   0.14005
   1167.8   0.14016
   1168.1   0.14011
   1168.3   0.14019
   1168.6   0.14019
   1168.9   0.14003
   1169.1   0.14004
   1169.4   0.14017
   1169.7   0.14026
   1169.9   0.14031
   1170.2   0.14034
   1170.4   0.14032
   1170.7   0.14038
   1171.0   0.14035
   1171.3   0.14031
   1171.5   0.14035
   1171.8   0.14039
   1172.0   0.14039
   1172.3   0.14044
   1172.6   0.14054
   1172.8   0.14054
   1173.1   0.14043
   1173.4   0.14042
   1173.6   0.14044
   1173.9   0.14055
   1174.2   0.14071
   1174.4   0.14079
   1174.7   0.14079
   1175.0   0.14075
   1175.2   0.14086
   1175.5   0.14087
   1175.8   0.14083
   1176.0   0.14086
   1176.3   0.14077
   1176.6   0.14077
   1176.8   0.14092
   1177.1   0.14090
   1177.4   0.14075
   1177.6   0.14078
   1177.9   0.14083
   1178.2   0.14086
   1178.4   0.14090
   1178.7   0.14093
   1179.0   0.14095
   1179.2   0.14101
   1179.5   0.14106
   1179.8   0.14106
   1180.0   0.14107
   1180.3   0.14109
   1180.6   0.14112
   1180.8   0.14124
   1181.1   0.14125
   1181.4   0.14111
   1181.7   0.14108
   1181.9   0.14119
   1182.2   0.14127
   1182.5   0.14122
   1182.7   0.14131
   1183.0   0.14140
   1183.3   0.14148
   1183.5   0.14149
   1183.8   0.14140
   1184.1   0.14145
   1184.4   0.14151
   1184.6   0.14152
   1184.9   0.14150
   1185.2   0.14153
   1185.4   0.14147
   1185.7   0.14149
   1186.0   0.14162
   1186.3   0.14166
   1186.5   0.14151
   1186.8   0.14144
   1187.1   0.14162
   1187.3   0.14165
   1187.6   0.14161
   1187.9   0.14170
   1188.2   0.14173
   1188.4   0.14172
   1188.7   0.14178
   1189.0   0.14181
   1189.3   0.14181
   1189.5   0.14187
   1189.8   0.14188
   1190.1   0.14193
   1190.3   0.14195
   1190.6   0.14188
   1190.9   0.14184
   1191.2   0.14198
   1191.4   0.14207
   1191.7   0.14203
   1192.0   0.14198
   1192.3   0.14207
   1192.5   0.14216
   1192.8   0.14218
   1193.1   0.14216
   1193.3   0.14206
   1193.6   0.14211
   1193.9   0.14223
   1194.2   0.14223
   1194.4   0.14222
   1194.7   0.14219
   1195.0   0.14214
   1195.3   0.14209
   1195.6   0.14214
   1195.8   0.14231
   1196.1   0.14242
   1196.4   0.14237
   1196.7   0.14238
   1196.9   0.14246
   1197.2   0.14255
   1197.5   0.14258
   1197.8   0.14250
   1198.0   0.14248
   1198.3   0.14248
   1198.6   0.14254
   1198.9   0.14264
   1199.2   0.14266
   1199.4   0.14257
   1199.7   0.14259
   1200.0   0.14270
   1200.3   0.14271
   1200.5   0.14275
   1200.8   0.14273
   1201.1   0.14273
   1201.4   0.14274
   1201.7   0.14280
   1201.9   0.14282
   1202.2   0.14278
   1202.5   0.14285
   1202.8   0.14289
   1203.0   0.14286
   1203.3   0.14297
   1203.6   0.14307
   1203.9   0.14296
   1204.2   0.14297
   1204.4   0.14303
   1204.7   0.14301
   1205.0   0.14297
   1205.3   0.14300
   1205.6   0.14304
   1205.8   0.14314
   1206.1   0.14316
   1206.4   0.14314
   1206.7   0.14328
   1207.0   0.14333
   1207.2   0.14325
   1207.5   0.14320
   1207.8   0.14322
   1208.1   0.14329
   1208.4   0.14335
   1208.7   0.14336
   1208.9   0.14336
   1209.2   0.14334
   1209.5   0.14328
   1209.8   0.14332
   1210.1   0.14341
   1210.3   0.14357
   1210.6   0.14363
   1210.9   0.14356
   1211.2   0.14359
   1211.5   0.14356
   1211.8   0.14349
   1212.0   0.14360
   1212.3   0.14366
   1212.6   0.14360
   1212.9   0.14360
   1213.2   0.14368
   1213.5   0.14376
   1213.7   0.14381
   1214.0   0.14380
   1214.3   0.14379
   1214.6   0.14386
   1214.9   0.14390
   1215.2   0.14390
   1215.4   0.14393
   1215.7   0.14400
   1216.0   0.14402
   1216.3   0.14395
   1216.6   0.14396
   1216.9   0.14401
   1217.2   0.14397
   1217.4   0.14393
   1217.7   0.14399
   1218.0   0.14405
   1218.3   0.14404
   1218.6   0.14405
   1218.9   0.14412
   1219.2   0.14413
   1219.4   0.14412
   1219.7   0.14420
   1220.0   0.14426
   1220.3   0.14432
   1220.6   0.14433
   1220.9   0.14433
   1221.2   0.14439
   1221.5   0.14443
   1221.8   0.14447
   1222.0   0.14451
   1222.3   0.14454
   1222.6   0.14457
   1222.9   0.14453
   1223.2   0.14447
   1223.5   0.14451
   1223.8   0.14453
   1224.1   0.14449
   1224.3   0.14456
   1224.6   0.14468
   1224.9   0.14459
   1225.2   0.14457
   1225.5   0.14464
   1225.8   0.14474
   1226.1   0.14469
   1226.4   0.14471
   1226.7   0.14488
   1227.0   0.14494
   1227.3   0.14490
   1227.5   0.14482
   1227.8   0.14485
   1228.1   0.14494
   1228.4   0.14496
   1228.7   0.14496
   1229.0   0.14505
   1229.3   0.14508
   1229.6   0.14501
   1229.9   0.14495
   1230.2   0.14496
   1230.4   0.14505
   1230.7   0.14515
   1231.0   0.14510
   1231.3   0.14512
   1231.6   0.14517
   1231.9   0.14514
   1232.2   0.14512
   1232.5   0.14528
   1232.8   0.14542
   1233.1   0.14542
   1233.4   0.14538
   1233.7   0.14534
   1234.0   0.14535
   1234.3   0.14540
   1234.6   0.14551
   1234.8   0.14561
   1235.1   0.14555
   1235.4   0.14549
   1235.7   0.14550
   1236.0   0.14556
   1236.3   0.14554
   1236.6   0.14546
   1236.9   0.14544
   1237.2   0.14553
   1237.5   0.14559
   1237.8   0.14556
   1238.1   0.14560
   1238.4   0.14567
   1238.7   0.14574
   1239.0   0.14581
   1239.3   0.14572
   1239.6   0.14569
   1239.9   0.14577
   1240.2   0.14581
   1240.5   0.14585
   1240.8   0.14587
   1241.1   0.14586
   1241.3   0.14593
   1241.7   0.14599
   1241.9   0.14598
   1242.2   0.14601
   1242.5   0.14612
   1242.8   0.14617
   1243.1   0.14608
   1243.4   0.14612
   1243.7   0.14612
   1244.0   0.14606
   1244.3   0.14615
   1244.6   0.14619
   1244.9   0.14618
   1245.2   0.14632
   1245.5   0.14630
   1245.8   0.14625
   1246.1   0.14633
   1246.4   0.14635
   1246.7   0.14633
   1247.0   0.14634
   1247.3   0.14634
   1247.6   0.14636
   1247.9   0.14641
   1248.2   0.14639
   1248.5   0.14640
   1248.8   0.14640
   1249.1   0.14640
   1249.4   0.14646
   1249.7   0.14661
   1250.0   0.14665
   1250.3   0.14666
   1250.6   0.14671
   1250.9   0.14674
   1251.2   0.14681
   1251.5   0.14684
   1251.8   0.14679
   1252.1   0.14678
   1252.4   0.14681
   1252.8   0.14683
   1253.1   0.14681
   1253.3   0.14681
   1253.7   0.14683
   1254.0   0.14685
   1254.3   0.14694
   1254.6   0.14695
   1254.9   0.14691
   1255.2   0.14693
   1255.5   0.14697
   1255.8   0.14702
   1256.1   0.14707
   1256.4   0.14712
   1256.7   0.14713
   1257.0   0.14715
   1257.3   0.14717
   1257.6   0.14724
   1257.9   0.14726
   1258.2   0.14728
   1258.5   0.14729
   1258.8   0.14728
   1259.1   0.14732
   1259.4   0.14741
   1259.8   0.14743
   1260.1   0.14744
   1260.4   0.14744
   1260.7   0.14750
   1261.0   0.14758
   1261.3   0.14755
   1261.6   0.14752
   1261.9   0.14762
   1262.2   0.14766
   1262.5   0.14760
   1262.8   0.14763
   1263.1   0.14771
   1263.4   0.14771
   1263.7   0.14768
   1264.1   0.14766
   1264.4   0.14769
   1264.7   0.14775
   1265.0   0.14785
   1265.3   0.14790
   1265.6   0.14786
   1265.9   0.14789
   1266.2   0.14798
   1266.5   0.14800
   1266.8   0.14804
   1267.1   0.14799
   1267.4   0.14798
   1267.8   0.14806
   1268.1   0.14818
   1268.4   0.14814
   1268.7   0.14807
   1269.0   0.14808
   1269.3   0.14815
   1269.6   0.14817
   1269.9   0.14820
   1270.2   0.14826
   1270.6   0.14829
   1270.9   0.14830
   1271.2   0.14835
   1271.5   0.14844
   1271.8   0.14845
   1272.1   0.14844
   1272.4   0.14844
   1272.7   0.14843
   1273.1   0.14848
   1273.4   0.14854
   1273.7   0.14858
   1274.0   0.14856
   1274.3   0.14856
   1274.6   0.14857
   1274.9   0.14866
   1275.2   0.14873
   1275.6   0.14874
   1275.9   0.14875
   1276.2   0.14880
   1276.5   0.14884
   1276.8   0.14880
   1277.1   0.14877
   1277.4   0.14879
   1277.8   0.14879
   1278.1   0.14879
   1278.4   0.14881
   1278.7   0.14888
   1279.0   0.14891
   1279.3   0.14895
   1279.7   0.14900
   1280.0   0.14901
   1280.3   0.14897
   1280.6   0.14899
   1280.9   0.14913
   1281.2   0.14917
   1281.6   0.14917
   1281.9   0.14919
   1282.2   0.14917
   1282.5   0.14918
   1282.8   0.14928
   1283.1   0.14930
   1283.4   0.14929
   1283.8   0.14938
   1284.1   0.14944
   1284.4   0.14939
   1284.7   0.14938
   1285.0   0.14942
   1285.4   0.14943
   1285.7   0.14948
   1286.0   0.14949
   1286.3   0.14951
   1286.6   0.14955
   1286.9   0.14956
   1287.3   0.14959
   1287.6   0.14961
   1287.9   0.14965
   1288.2   0.14965
   1288.6   0.14961
   1288.9   0.14965
   1289.2   0.14979
   1289.5   0.14979
   1289.8   0.14978
   1290.2   0.14980
   1290.5   0.14986
   1290.8   0.14992
   1291.1   0.14991
   1291.4   0.14988
   1291.8   0.14997
   1292.1   0.15001
   1292.4   0.15005
   1292.7   0.15013
   1293.1   0.15015
   1293.4   0.15012
   1293.7   0.15010
   1294.0   0.15011
   1294.3   0.15016
   1294.7   0.15022
   1295.0   0.15023
   1295.3   0.15029
   1295.6   0.15034
   1296.0   0.15030
   1296.3   0.15031
   1296.6   0.15038
   1296.9   0.15039
   1297.3   0.15045
   1297.6   0.15048
   1297.9   0.15042
   1298.2   0.15043
   1298.6   0.15052
   1298.9   0.15059
   1299.2   0.15060
   1299.5   0.15061
   1299.9   0.15062
   1300.2   0.15067
   1300.5   0.15068
   1300.8   0.15075
   1301.2   0.15077
   1301.5   0.15071
   1301.8   0.15071
   1302.1   0.15079
   1302.5   0.15082
   1302.8   0.15079
   1303.1   0.15082
   1303.4   0.15085
   1303.8   0.15085
   1304.1   0.15087
   1304.4   0.15090
   1304.8   0.15092
   1305.1   0.15099
   1305.4   0.15109
   1305.8   0.15103
   1306.1   0.15101
   1306.4   0.15118
   1306.7   0.15131
   1307.1   0.15130
   1307.4   0.15126
   1307.7   0.15127
   1308.1   0.15126
   1308.4   0.15122
   1308.7   0.15121
   1309.1   0.15133
   1309.4   0.15134
   1309.7   0.15134
   1310.0   0.15146
   1310.4   0.15151
   1310.7   0.15146
   1311.0   0.15153
   1311.4   0.15152
   1311.7   0.15157
   1312.0   0.15165
   1312.4   0.15162
   1312.7   0.15166
   1313.0   0.15173
   1313.4   0.15172
   1313.7   0.15173
   1314.0   0.15181
   1314.4   0.15182
   1314.7   0.15175
   1315.0   0.15175
   1315.4   0.15189
   1315.7   0.15200
   1316.0   0.15200
   1316.4   0.15197
   1316.7   0.15202
   1317.0   0.15207
   1317.4   0.15208
   1317.7   0.15205
   1318.0   0.15208
   1318.4   0.15207
   1318.7   0.15212
   1319.0   0.15220
   1319.4   0.15219
   1319.7   0.15221
   1320.1   0.15227
   1320.4   0.15228
   1320.7   0.15227
   1321.1   0.15227
   1321.4   0.15234
   1321.7   0.15238
   1322.1   0.15238
   1322.4   0.15242
   1322.7   0.15251
   1323.1   0.15255
   1323.4   0.15253
   1323.8   0.15252
   1324.1   0.15257
   1324.4   0.15261
   1324.8   0.15261
   1325.1   0.15264
   1325.4   0.15269
   1325.8   0.15272
   1326.1   0.15272
   1326.5   0.15277
   1326.8   0.15284
   1327.1   0.15281
   1327.5   0.15280
   1327.8   0.15281
   1328.2   0.15290
   1328.5   0.15296
   1328.8   0.15296
   1329.2   0.15300
   1329.5   0.15302
   1329.9   0.15304
   1330.2   0.15315
   1330.6   0.15311
   1330.9   0.15309
   1331.2   0.15315
   1331.6   0.15320
   1331.9   0.15324
   1332.3   0.15325
   1332.6   0.15325
   1332.9   0.15325
   1333.3   0.15334
   1333.6   0.15338
   1334.0   0.15340
   1334.3   0.15346
   1334.7   0.15345
   1335.0   0.15339
   1335.3   0.15341
   1335.7   0.15352
   1336.0   0.15358
   1336.4   0.15362
   1336.7   0.15365
   1337.1   0.15369
   1337.4   0.15364
   1337.8   0.15363
   1338.1   0.15362
   1338.4   0.15374
   1338.8   0.15388
   1339.1   0.15381
   1339.5   0.15375
   1339.8   0.15381
   1340.2   0.15384
   1340.5   0.15391
   1340.9   0.15394
   1341.2   0.15392
   1341.6   0.15400
   1341.9   0.15404
   1342.3   0.15405
   1342.6   0.15406
   1342.9   0.15406
   1343.3   0.15404
   1343.7   0.15405
   1344.0   0.15412
   1344.3   0.15413
   1344.7   0.15416
   1345.0   0.15424
   1345.4   0.15424
   1345.7   0.15432
   1346.1   0.15437
   1346.4   0.15436
   1346.8   0.15442
   1347.1   0.15448
   1347.5   0.15452
   1347.8   0.15454
   1348.2   0.15453
   1348.5   0.15459
   1348.9   0.15461
   1349.3   0.15461
   1349.6   0.15461
   1349.9   0.15463
   1350.3   0.15474
   1350.7   0.15474
   1351.0   0.15474
   1351.3   0.15480
   1351.7   0.15484
   1352.1   0.15487
   1352.4   0.15491
   1352.8   0.15488
   1353.1   0.15482
   1353.5   0.15483
   1353.8   0.15489
   1354.2   0.15496
   1354.5   0.15505
   1354.9   0.15510
   1355.2   0.15510
   1355.6   0.15509
   1355.9   0.15516
   1356.3   0.15523
   1356.7   0.15526
   1357.0   0.15534
   1357.4   0.15535
   1357.7   0.15529
   1358.1   0.15527
   1358.4   0.15536
   1358.8   0.15543
   1359.2   0.15544
   1359.5   0.15548
   1359.9   0.15552
   1360.2   0.15554
   1360.6   0.15553
   1360.9   0.15555
   1361.3   0.15561
   1361.7   0.15562
   1362.0   0.15562
   1362.4   0.15570
   1362.7   0.15572
   1363.1   0.15569
   1363.4   0.15573
   1363.8   0.15584
   1364.2   0.15586
   1364.5   0.15587
   1364.9   0.15588
   1365.2   0.15588
   1365.6   0.15595
   1365.9   0.15601
   1366.3   0.15599
   1366.7   0.15598
   1367.0   0.15603
   1367.4   0.15607
   1367.8   0.15613
   1368.1   0.15615
   1368.5   0.15616
   1368.8   0.15624
   1369.2   0.15626
   1369.6   0.15623
   1369.9   0.15630
   1370.3   0.15634
   1370.7   0.15636
   1371.0   0.15637
   1371.4   0.15637
   1371.7   0.15639
   1372.1   0.15643
   1372.5   0.15655
   1372.8   0.15655
   1373.2   0.15652
   1373.6   0.15656
   1373.9   0.15659
   1374.3   0.15665
   1374.6   0.15667
   1375.0   0.15667
   1375.4   0.15668
   1375.7   0.15669
   1376.1   0.15672
   1376.5   0.15675
   1376.8   0.15678
   1377.2   0.15673
   1377.6   0.15675
   1377.9   0.15683
   1378.3   0.15691
   1378.7   0.15695
   1379.0   0.15693
   1379.4   0.15694
   1379.8   0.15697
   1380.1   0.15701
   1380.5   0.15702
   1380.9   0.15710
   1381.2   0.15714
   1381.6   0.15713
   1382.0   0.15722
   1382.3   0.15731
   1382.7   0.15732
   1383.1   0.15729
   1383.4   0.15732
   1383.8   0.15736
   1384.2   0.15741
   1384.6   0.15744
   1384.9   0.15745
   1385.3   0.15747
   1385.7   0.15749
   1386.0   0.15749
   1386.4   0.15756
   1386.8   0.15758
   1387.2   0.15757
   1387.5   0.15764
   1387.9   0.15771
   1388.3   0.15773
   1388.6   0.15773
   1389.0   0.15775
   1389.4   0.15779
   1389.8   0.15785
   1390.1   0.15784
   1390.5   0.15785
   1390.9   0.15786
   1391.2   0.15789
   1391.6   0.15800
   1392.0   0.15808
   1392.4   0.15812
   1392.7   0.15808
   1393.1   0.15806
   1393.5   0.15813
   1393.9   0.15819
   1394.2   0.15820
   1394.6   0.15820
   1395.0   0.15821
   1395.4   0.15827
   1395.7   0.15830
   1396.1   0.15832
   1396.5   0.15835
   1396.9   0.15835
   1397.2   0.15835
   1397.6   0.15838
   1398.0   0.15847
   1398.4   0.15851
   1398.8   0.15851
   1399.1   0.15860
   1399.5   0.15866
   1399.9   0.15866
   1400.3   0.15865
   1400.6   0.15867
   1401.0   0.15870
   1401.4   0.15871
   1401.8   0.15875
   1402.2   0.15879
   1402.5   0.15881
   1402.9   0.15889
   1403.3   0.15885
   1403.7   0.15878
   1404.1   0.15886
   1404.4   0.15895
   1404.8   0.15897
   1405.2   0.15900
   1405.6   0.15906
   1406.0   0.15913
   1406.3   0.15910
   1406.7   0.15911
   1407.1   0.15917
   1407.5   0.15923
   1407.9   0.15921
   1408.3   0.15923
   1408.6   0.15924
   1409.0   0.15923
   1409.4   0.15932
   1409.8   0.15940
   1410.2   0.15942
   1410.6   0.15944
   1410.9   0.15949
   1411.3   0.15950
   1411.7   0.15953
   1412.1   0.15960
   1412.5   0.15958
   1412.8   0.15955
   1413.2   0.15964
   1413.6   0.15965
   1414.0   0.15962
   1414.4   0.15970
   1414.8   0.15972
   1415.2   0.15970
   1415.6   0.15973
   1415.9   0.15975
   1416.3   0.15974
   1416.7   0.15984
   1417.1   0.16000
   1417.5   0.16003
   1417.9   0.15999
   1418.3   0.16001
   1418.7   0.16001
   1419.0   0.15998
   1419.4   0.16004
   1419.8   0.16013
   1420.2   0.16017
   1420.6   0.16014
   1421.0   0.16016
   1421.4   0.16025
   1421.8   0.16027
   1422.2   0.16030
   1422.5   0.16027
   1422.9   0.16025
   1423.3   0.16032
   1423.7   0.16036
   1424.1   0.16043
   1424.5   0.16047
   1424.9   0.16050
   1425.3   0.16055
   1425.7   0.16053
   1426.1   0.16055
   1426.5   0.16061
   1426.8   0.16063
   1427.2   0.16070
   1427.6   0.16073
   1428.0   0.16076
   1428.4   0.16078
   1428.8   0.16079
   1429.2   0.16082
   1429.6   0.16090
   1430.0   0.16097
   1430.4   0.16097
   1430.8   0.16098
   1431.2   0.16102
   1431.6   0.16106
   1432.0   0.16107
   1432.4   0.16110
   1432.8   0.16111
   1433.2   0.16112
   1433.6   0.16118
   1433.9   0.16121
   1434.3   0.16118
   1434.8   0.16118
   1435.1   0.16125
   1435.5   0.16128
   1435.9   0.16132
   1436.3   0.16139
   1436.7   0.16140
   1437.1   0.16138
   1437.5   0.16141
   1437.9   0.16141
   1438.3   0.16144
   1438.7   0.16153
   1439.1   0.16161
   1439.5   0.16162
   1439.9   0.16164
   1440.3   0.16169
   1440.7   0.16171
   1441.1   0.16174
   1441.5   0.16176
   1441.9   0.16176
   1442.3   0.16182
   1442.7   0.16187
   1443.1   0.16194
   1443.5   0.16196
   1443.9   0.16193
   1444.3   0.16195
   1444.7   0.16204
   1445.1   0.16205
   1445.6   0.16202
   1445.9   0.16207
   1446.3   0.16215
   1446.8   0.16213
   1447.2   0.16209
   1447.6   0.16216
   1448.0   0.16224
   1448.4   0.16223
   1448.8   0.16224
   1449.2   0.16228
   1449.6   0.16234
   1450.0   0.16233
   1450.4   0.16238
   1450.8   0.16246
   1451.2   0.16245
   1451.6   0.16248
   1452.0   0.16258
   1452.4   0.16264
   1452.8   0.16258
   1453.2   0.16253
   1453.7   0.16260
   1454.1   0.16264
   1454.5   0.16268
   1454.9   0.16275
   1455.3   0.16281
   1455.7   0.16277
   1456.1   0.16274
   1456.5   0.16278
   1456.9   0.16282
   1457.3   0.16286
   1457.7   0.16286
   1458.2   0.16290
   1458.6   0.16300
   1459.0   0.16302
   1459.4   0.16298
   1459.8   0.16302
   1460.2   0.16309
   1460.6   0.16310
   1461.0   0.16311
   1461.4   0.16314
   1461.8   0.16318
   1462.3   0.16321
   1462.7   0.16326
   1463.1   0.16329
   1463.5   0.16334
   1463.9   0.16341
   1464.3   0.16341
   1464.7   0.16344
   1465.2   0.16346
   1465.6   0.16348
   1466.0   0.16347
   1466.4   0.16347
   1466.8   0.16355
   1467.2   0.16361
   1467.6   0.16363
   1468.1   0.16363
   1468.5   0.16367
   1468.9   0.16371
   1469.3   0.16372
   1469.7   0.16378
   1470.1   0.16384
   1470.6   0.16384
   1471.0   0.16386
   1471.4   0.16386
   1471.8   0.16388
   1472.2   0.16392
   1472.6   0.16396
   1473.1   0.16396
   1473.5   0.16402
   1473.9   0.16408
   1474.3   0.16406
   1474.7   0.16406
   1475.2   0.16410
   1475.6   0.16410
   1476.0   0.16423
   1476.4   0.16433
   1476.8   0.16430
   1477.3   0.16433
   1477.7   0.16440
   1478.1   0.16439
   1478.5   0.16436
   1478.9   0.16437
   1479.4   0.16440
   1479.8   0.16445
   1480.2   0.16451
   1480.6   0.16455
   1481.1   0.16456
   1481.5   0.16457
   1481.9   0.16461
   1482.3   0.16469
   1482.8   0.16475
   1483.2   0.16472
   1483.6   0.16471
   1484.0   0.16472
   1484.4   0.16481
   1484.9   0.16486
   1485.3   0.16485
   1485.7   0.16489
   1486.2   0.16496
   1486.6   0.16502
   1487.0   0.16501
   1487.4   0.16496
   1487.9   0.16498
   1488.3   0.16502
   1488.7   0.16506
   1489.1   0.16511
   1489.6   0.16517
   1490.0   0.16517
   1490.4   0.16518
   1490.8   0.16523
   1491.3   0.16526
   1491.7   0.16530
   1492.1   0.16534
   1492.6   0.16539
   1493.0   0.16542
   1493.4   0.16543
   1493.9   0.16539
   1494.3   0.16538
   1494.7   0.16546
   1495.2   0.16553
   1495.6   0.16555
   1496.0   0.16556
   1496.4   0.16564
   1496.9   0.16569
   1497.3   0.16570
   1497.7   0.16571
   1498.2   0.16570
   1498.6   0.16569
   1499.0   0.16575
   1499.5   0.16578
   1499.9   0.16585
   1500.3   0.16590
   1500.8   0.16592
   1501.2   0.16595
   1501.7   0.16593
   1502.1   0.16593
   1502.5   0.16597
   1502.9   0.16602
   1503.4   0.16604
   1503.8   0.16607
   1504.3   0.16614
   1504.7   0.16618
   1505.1   0.16616
   1505.6   0.16615
   1506.0   0.16617
   1506.4   0.16624
   1506.9   0.16630
   1507.3   0.16632
   1507.8   0.16635
   1508.2   0.16640
   1508.6   0.16640
   1509.1   0.16640
   1509.5   0.16647
   1510.0   0.16656
   1510.4   0.16659
   1510.8   0.16662
   1511.3   0.16664
   1511.7   0.16661
   1512.2   0.16665
   1512.6   0.16669
   1513.0   0.16669
   1513.5   0.16668
   1513.9   0.16677
   1514.4   0.16685
   1514.8   0.16684
   1515.3   0.16687
   1515.7   0.16690
   1516.1   0.16691
   1516.6   0.16692
   1517.0   0.16694
   1517.5   0.16703
   1517.9   0.16708
   1518.4   0.16707
   1518.8   0.16707
   1519.3   0.16715
   1519.7   0.16718
   1520.1   0.16719
   1520.6   0.16718
   1521.0   0.16720
   1521.5   0.16727
   1521.9   0.16731
   1522.4   0.16731
   1522.8   0.16733
   1523.3   0.16734
   1523.7   0.16735
   1524.2   0.16740
   1524.6   0.16745
   1525.1   0.16748
   1525.5   0.16752
   1525.9   0.16755
   1526.4   0.16757
   1526.8   0.16762
   1527.3   0.16765
   1527.8   0.16763
   1528.2   0.16765
   1528.7   0.16770
   1529.1   0.16774
   1529.6   0.16776
   1530.0   0.16780
   1530.5   0.16782
   1530.9   0.16785
   1531.4   0.16786
   1531.8   0.16789
   1532.3   0.16796
   1532.7   0.16801
   1533.2   0.16801
   1533.6   0.16806
   1534.1   0.16807
   1534.5   0.16808
   1535.0   0.16813
   1535.4   0.16811
   1535.9   0.16810
   1536.3   0.16817
   1536.8   0.16825
   1537.3   0.16828
   1537.7   0.16829
   1538.2   0.16827
   1538.6   0.16829
   1539.1   0.16833
   1539.6   0.16831
   1540.0   0.16836
   1540.5   0.16842
   1540.9   0.16844
   1541.4   0.16849
   1541.8   0.16854
   1542.3   0.16856
   1542.8   0.16856
   1543.2   0.16855
   1543.7   0.16857
   1544.1   0.16865
   1544.6   0.16867
   1545.1   0.16869
   1545.5   0.16875
   1546.0   0.16876
   1546.4   0.16871
   1546.9   0.16875
   1547.4   0.16881
   1547.8   0.16892
   1548.3   0.16896
   1548.8   0.16895
   1549.2   0.16898
   1549.7   0.16905
   1550.1   0.16904
   1550.6   0.16907
   1551.1   0.16910
   1551.5   0.16913
   1552.0   0.16911
   1552.4   0.16911
   1552.9   0.16915
   1553.4   0.16916
   1553.8   0.16921
   1554.3   0.16925
   1554.8   0.16927
   1555.3   0.16933
   1555.7   0.16940
   1556.2   0.16943
   1556.7   0.16945
   1557.1   0.16943
   1557.6   0.16942
   1558.1   0.16946
   1558.5   0.16948
   1559.0   0.16950
   1559.5   0.16954
   1559.9   0.16960
   1560.4   0.16962
   1560.9   0.16965
   1561.3   0.16966
   1561.8   0.16967
   1562.3   0.16967
   1562.8   0.16969
   1563.2   0.16976
   1563.7   0.16983
   1564.2   0.16982
   1564.6   0.16984
   1565.1   0.16980
   1565.6   0.16977
   1566.1   0.16986
   1566.5   0.16994
   1567.0   0.16998
   1567.5   0.17006
   1567.9   0.17013
   1568.4   0.17015
   1568.9   0.17013
   1569.4   0.17017
   1569.8   0.17020
   1570.3   0.17018
   1570.8   0.17018
   1571.3   0.17023
   1571.8   0.17026
   1572.2   0.17023
   1572.7   0.17026
   1573.2   0.17034
   1573.7   0.17038
   1574.1   0.17042
   1574.6   0.17048
   1575.1   0.17051
   1575.6   0.17051
   1576.1   0.17054
   1576.5   0.17055
   1577.0   0.17056
   1577.5   0.17062
   1578.0   0.17065
   1578.4   0.17065
   1578.9   0.17068
   1579.4   0.17069
   1579.9   0.17071
   1580.4   0.17074
   1580.9   0.17072
   1581.3   0.17076
   1581.8   0.17085
   1582.3   0.17090
   1582.8   0.17092
   1583.3   0.17098
   1583.8   0.17098
   1584.2   0.17099
   1584.7   0.17108
   1585.2   0.17110
   1585.7   0.17107
   1586.2   0.17111
   1586.7   0.17119
   1587.2   0.17119
   1587.6   0.17114
   1588.1   0.17117
   1588.6   0.17126
   1589.1   0.17131
   1589.6   0.17129
   1590.1   0.17129
   1590.6   0.17134
   1591.0   0.17140
   1591.5   0.17139
   1592.0   0.17135
   1592.5   0.17138
   1593.0   0.17143
   1593.5   0.17149
   1594.0   0.17154
   1594.5   0.17156
   1595.0   0.17156
   1595.4   0.17159
   1595.9   0.17165
   1596.4   0.17166
   1596.9   0.17171
   1597.4   0.17173
   1597.9   0.17172
   1598.4   0.17177
   1598.9   0.17188
   1599.4   0.17184
   1599.9   0.17183
   1600.4   0.17187
   1600.9   0.17186
   1601.4   0.17186
   1601.9   0.17192
   1602.3   0.17196
   1602.8   0.17199
   1603.3   0.17201
   1603.8   0.17203
   1604.3   0.17206
   1604.8   0.17212
   1605.3   0.17215
   1605.8   0.17217
   1606.3   0.17221
   1606.8   0.17224
   1607.3   0.17221
   1607.8   0.17223
   1608.3   0.17233
   1608.8   0.17237
   1609.3   0.17234
   1609.8   0.17237
   1610.3   0.17240
   1610.8   0.17243
   1611.3   0.17250
   1611.8   0.17252
   1612.3   0.17255
   1612.8   0.17257
   1613.3   0.17259
   1613.8   0.17255
   1614.3   0.17256
   1614.8   0.17261
   1615.3   0.17266
   1615.8   0.17269
   1616.3   0.17274
   1616.8   0.17278
   1617.3   0.17279
   1617.8   0.17280
   1618.4   0.17280
   1618.9   0.17282
   1619.4   0.17287
   1619.9   0.17291
   1620.4   0.17295
   1620.9   0.17298
   1621.4   0.17302
   1621.9   0.17304
   1622.4   0.17306
   1622.9   0.17310
   1623.4   0.17312
   1623.9   0.17314
   1624.4   0.17317
   1624.9   0.17321
   1625.5   0.17323
   1626.0   0.17327
   1626.5   0.17328
   1627.0   0.17330
   1627.5   0.17335
   1628.0   0.17337
   1628.5   0.17336
   1629.0   0.17337
   1629.6   0.17341
   1630.1   0.17341
   1630.6   0.17342
   1631.1   0.17346
   1631.6   0.17349
   1632.1   0.17354
   1632.6   0.17359
   1633.1   0.17360
   1633.7   0.17361
   1634.2   0.17367
   1634.7   0.17370
   1635.2   0.17372
   1635.7   0.17372
   1636.2   0.17375
   1636.8   0.17380
   1637.3   0.17383
   1637.8   0.17382
   1638.3   0.17383
   1638.8   0.17389
   1639.3   0.17390
   1639.8   0.17392
   1640.4   0.17396
   1640.9   0.17397
   1641.4   0.17399
   1641.9   0.17400
   1642.4   0.17405
   1643.0   0.17412
   1643.5   0.17414
   1644.0   0.17413
   1644.5   0.17414
   1645.1   0.17421
   1645.6   0.17426
   1646.1   0.17430
   1646.6   0.17431
   1647.2   0.17429
   1647.7   0.17432
   1648.2   0.17433
   1648.7   0.17435
   1649.2   0.17440
   1649.8   0.17444
   1650.3   0.17447
   1650.8   0.17450
   1651.3   0.17452
   1651.9   0.17455
   1652.4   0.17458
   1652.9   0.17458
   1653.4   0.17462
   1654.0   0.17465
   1654.5   0.17466
   1655.0   0.17466
   1655.6   0.17470
   1656.1   0.17473
   1656.6   0.17473
   1657.2   0.17473
   1657.7   0.17476
   1658.2   0.17485
   1658.7   0.17493
   1659.3   0.17490
   1659.8   0.17488
   1660.3   0.17492
   1660.9   0.17492
   1661.4   0.17495
   1661.9   0.17500
   1662.5   0.17503
   1663.0   0.17511
   1663.5   0.17515
   1664.1   0.17514
   1664.6   0.17516
   1665.1   0.17518
   1665.7   0.17521
   1666.2   0.17527
   1666.7   0.17533
   1667.3   0.17534
   1667.8   0.17536
   1668.3   0.17540
   1668.9   0.17543
   1669.4   0.17547
   1670.0   0.17546
   1670.5   0.17545
   1671.0   0.17545
   1671.6   0.17548
   1672.1   0.17557
   1672.7   0.17559
   1673.2   0.17559
   1673.7   0.17559
   1674.3   0.17562
   1674.8   0.17566
   1675.4   0.17567
   1675.9   0.17567
   1676.4   0.17569
   1677.0   0.17575
   1677.5   0.17581
   1678.1   0.17584
   1678.6   0.17585
   1679.2   0.17589
   1679.7   0.17596
   1680.2   0.17599
   1680.8   0.17597
   1681.3   0.17593
   1681.9   0.17598
   1682.4   0.17605
   1683.0   0.17608
   1683.5   0.17611
   1684.1   0.17617
   1684.6   0.17620
   1685.2   0.17619
   1685.7   0.17622
   1686.3   0.17626
   1686.8   0.17628
   1687.3   0.17629
   1687.9   0.17629
   1688.4   0.17634
   1689.0   0.17634
   1689.6   0.17636
   1690.1   0.17645
   1690.7   0.17648
   1691.2   0.17648
   1691.8   0.17649
   1692.3   0.17650
   1692.9   0.17652
   1693.4   0.17656
   1694.0   0.17660
   1694.5   0.17663
   1695.1   0.17665
   1695.6   0.17668
   1696.2   0.17669
   1696.7   0.17670
   1697.3   0.17670
   1697.8   0.17675
   1698.4   0.17679
   1699.0   0.17683
   1699.5   0.17683
   1700.1   0.17686
   1700.6   0.17687
   1701.2   0.17688
   1701.8   0.17693
   1702.3   0.17695
   1702.9   0.17702
   1703.4   0.17708
   1704.0   0.17707
   1704.6   0.17706
   1705.1   0.17708
   1705.7   0.17714
   1706.2   0.17717
   1706.8   0.17719
   1707.4   0.17720
   1707.9   0.17722
   1708.5   0.17724
   1709.0   0.17728
   1709.6   0.17732
   1710.2   0.17730
   1710.7   0.17730
   1711.3   0.17737
   1711.9   0.17739
   1712.4   0.17742
   1713.0   0.17746
   1713.6   0.17748
   1714.1   0.17753
   1714.7   0.17753
   1715.3   0.17753
   1715.8   0.17758
   1716.4   0.17766
   1717.0   0.17768
   1717.5   0.17767
   1718.1   0.17768
   1718.7   0.17770
   1719.2   0.17772
   1719.8   0.17780
   1720.4   0.17785
   1721.0   0.17783
   1721.5   0.17786
   1722.1   0.17791
   1722.7   0.17789
   1723.2   0.17790
   1723.8   0.17793
   1724.4   0.17797
   1725.0   0.17802
   1725.5   0.17805
   1726.1   0.17807
   1726.7   0.17809
   1727.3   0.17811
   1727.8   0.17815
   1728.4   0.17815
   1729.0   0.17816
   1729.6   0.17821
   1730.1   0.17825
   1730.7   0.17829
   1731.3   0.17833
   1731.9   0.17839
   1732.5   0.17841
   1733.0   0.17842
   1733.6   0.17845
   1734.2   0.17849
   1734.8   0.17851
   1735.4   0.17852
   1735.9   0.17853
   1736.5   0.17851
   1737.1   0.17855
   1737.7   0.17857
   1738.3   0.17858
   1738.8   0.17859
   1739.4   0.17862
   1740.0   0.17866
   1740.6   0.17872
   1741.2   0.17878
   1741.8   0.17880
   1742.3   0.17883
   1742.9   0.17885
   1743.5   0.17885
   1744.1   0.17886
   1744.7   0.17890
   1745.3   0.17898
   1745.9   0.17899
   1746.5   0.17897
   1747.1   0.17899
   1747.6   0.17904
   1748.2   0.17906
   1748.8   0.17907
   1749.4   0.17910
   1750.0   0.17913
   1750.6   0.17916
   1751.2   0.17919
   1751.8   0.17921
   1752.4   0.17924
   1753.0   0.17927
   1753.6   0.17931
   1754.1   0.17935
   1754.7   0.17938
   1755.3   0.17944
   1755.9   0.17947
   1756.5   0.17948
   1757.1   0.17951
   1757.7   0.17947
   1758.3   0.17949
   1758.9   0.17958
   1759.5   0.17959
   1760.1   0.17957
   1760.7   0.17960
   1761.3   0.17966
   1761.9   0.17970
   1762.5   0.17970
   1763.1   0.17974
   1763.7   0.17977
   1764.3   0.17977
   1764.9   0.17980
   1765.5   0.17985
   1766.1   0.17986
   1766.7   0.17989
   1767.3   0.17994
   1767.9   0.17996
   1768.5   0.17995
   1769.1   0.18000
   1769.7   0.18002
   1770.3   0.18002
   1770.9   0.18008
   1771.5   0.18013
   1772.1   0.18018
   1772.7   0.18021
   1773.3   0.18022
   1773.9   0.18022
   1774.6   0.18022
   1775.2   0.18024
   1775.8   0.18027
   1776.4   0.18030
   1777.0   0.18032
   1777.6   0.18034
   1778.2   0.18039
   1778.8   0.18041
   1779.4   0.18047
   1780.0   0.18050
   1780.7   0.18051
   1781.3   0.18053
   1781.9   0.18056
   1782.5   0.18059
   1783.1   0.18061
   1783.7   0.18067
   1784.3   0.18072
   1784.9   0.18073
   1785.6   0.18075
   1786.2   0.18078
   1786.8   0.18081
   1787.4   0.18087
   1788.0   0.18089
   1788.6   0.18088
   1789.3   0.18086
   1789.9   0.18091
   1790.5   0.18097
   1791.1   0.18100
   1791.7   0.18099
   1792.3   0.18102
   1793.0   0.18104
   1793.6   0.18108
   1794.2   0.18112
   1794.8   0.18113
   1795.4   0.18119
   1796.1   0.18126
   1796.7   0.18127
   1797.3   0.18128
   1797.9   0.18128
   1798.6   0.18128
   1799.2   0.18131
   1799.8   0.18135
   1800.4   0.18140
   1801.1   0.18143
   1801.7   0.18146
   1802.3   0.18149
   1802.9   0.18151
   1803.6   0.18154
   1804.2   0.18158
   1804.8   0.18162
   1805.4   0.18165
   1806.1   0.18168
   1806.7   0.18171
   1807.3   0.18176
   1808.0   0.18181
   1808.6   0.18183
   1809.2   0.18188
   1809.9   0.18186
   1810.5   0.18181
   1811.1   0.18185
   1811.8   0.18193
   1812.4   0.18199
   1813.0   0.18201
   1813.7   0.18202
   1814.3   0.18204
   1814.9   0.18208
   1815.6   0.18212
   1816.2   0.18217
   1816.8   0.18218
   1817.5   0.18219
   1818.1   0.18222
   1818.8   0.18223
   1819.4   0.18223
   1820.0   0.18228
   1820.7   0.18236
   1821.3   0.18235
   1821.9   0.18233
   1822.6   0.18235
   1823.2   0.18241
   1823.9   0.18245
   1824.5   0.18249
   1825.2   0.18255
   1825.8   0.18258
   1826.4   0.18264
   1827.1   0.18266
   1827.7   0.18265
   1828.4   0.18271
   1829.0   0.18273
   1829.7   0.18274
   1830.3   0.18277
   1831.0   0.18277
   1831.6   0.18281
   1832.3   0.18284
   1832.9   0.18287
   1833.6   0.18290
   1834.2   0.18294
   1834.8   0.18296
   1835.5   0.18301
   1836.1   0.18311
   1836.8   0.18311
   1837.4   0.18309
   1838.1   0.18312
   1838.8   0.18312
   1839.4   0.18313
   1840.1   0.18322
   1840.7   0.18327
   1841.4   0.18328
   1842.0   0.18335
   1842.7   0.18339
   1843.3   0.18339
   1844.0   0.18338
   1844.6   0.18338
   1845.3   0.18341
   1845.9   0.18347
   1846.6   0.18352
   1847.3   0.18359
   1847.9   0.18364
   1848.6   0.18369
   1849.2   0.18370
   1849.9   0.18364
   1850.6   0.18364
   1851.2   0.18368
   1851.9   0.18371
   1852.6   0.18375
   1853.2   0.18381
   1853.9   0.18386
   1854.5   0.18390
   1855.2   0.18391
   1855.9   0.18394
   1856.5   0.18399
   1857.2   0.18402
   1857.9   0.18401
   1858.5   0.18403
   1859.2   0.18407
   1859.9   0.18416
   1860.5   0.18420
   1861.2   0.18418
   1861.9   0.18419
   1862.5   0.18424
   1863.2   0.18428
   1863.9   0.18431
   1864.5   0.18435
   1865.2   0.18438
   1865.9   0.18442
   1866.6   0.18444
   1867.2   0.18448
   1867.9   0.18453
   1868.6   0.18451
   1869.2   0.18449
   1869.9   0.18454
   1870.6   0.18462
   1871.3   0.18470
   1871.9   0.18470
   1872.6   0.18468
   1873.3   0.18473
   1874.0   0.18479
   1874.7   0.18483
   1875.3   0.18484
   1876.0   0.18483
   1876.7   0.18488
   1877.4   0.18495
   1878.0   0.18497
   1878.7   0.18494
   1879.4   0.18499
   1880.1   0.18505
   1880.8   0.18507
   1881.4   0.18511
   1882.1   0.18521
   1882.8   0.18524
   1883.5   0.18521
   1884.2   0.18523
   1884.9   0.18524
   1885.6   0.18529
   1886.2   0.18533
   1886.9   0.18536
   1887.6   0.18539
   1888.3   0.18544
   1889.0   0.18545
   1889.7   0.18548
   1890.4   0.18554
   1891.1   0.18556
   1891.8   0.18560
   1892.4   0.18562
   1893.1   0.18568
   1893.8   0.18571
   1894.5   0.18570
   1895.2   0.18570
   1895.9   0.18571
   1896.6   0.18575
   1897.3   0.18583
   1898.0   0.18587
   1898.7   0.18591
   1899.4   0.18600
   1900.1   0.18605
   1900.8   0.18601
   1901.5   0.18599
   1902.2   0.18604
   1902.9   0.18612
   1903.6   0.18620
   1904.3   0.18625
   1905.0   0.18624
   1905.7   0.18624
   1906.4   0.18623
   1907.1   0.18626
   1907.8   0.18631
   1908.5   0.18633
   1909.2   0.18638
   1909.9   0.18642
   1910.6   0.18644
   1911.3   0.18647
   1912.0   0.18652
   1912.7   0.18655
   1913.4   0.18659
   1914.1   0.18664
   1914.8   0.18665
   1915.5   0.18671
   1916.2   0.18672
   1916.9   0.18672
   1917.6   0.18674
   1918.3   0.18679
   1919.1   0.18688
   1919.8   0.18692
   1920.5   0.18697
   1921.2   0.18700
   1921.9   0.18702
   1922.6   0.18705
   1923.3   0.18704
   1924.0   0.18708
   1924.8   0.18711
   1925.5   0.18712
   1926.2   0.18718
   1926.9   0.18722
   1927.6   0.18726
   1928.3   0.18731
   1929.1   0.18732
   1929.8   0.18731
   1930.5   0.18734
   1931.2   0.18739
   1931.9   0.18747
   1932.7   0.18752
   1933.4   0.18756
   1934.1   0.18758
   1934.8   0.18760
   1935.5   0.18762
   1936.3   0.18768
   1937.0   0.18771
   1937.7   0.18773
   1938.4   0.18776
   1939.2   0.18780
   1939.9   0.18789
   1940.6   0.18794
   1941.3   0.18794
   1942.1   0.18797
   1942.8   0.18801
   1943.5   0.18806
   1944.2   0.18810
   1945.0   0.18813
   1945.7   0.18819
   1946.4   0.18821
   1947.2   0.18821
   1947.9   0.18825
   1948.6   0.18830
   1949.4   0.18835
   1950.1   0.18839
   1950.8   0.18842
   1951.6   0.18849
   1952.3   0.18852
   1953.0   0.18853
   1953.8   0.18859
   1954.5   0.18862
   1955.2   0.18865
   1956.0   0.18865
   1956.7   0.18870
   1957.5   0.18874
   1958.2   0.18875
   1958.9   0.18879
   1959.7   0.18885
   1960.4   0.18891
   1961.2   0.18897
   1961.9   0.18895
   1962.6   0.18900
   1963.4   0.18905
   1964.1   0.18906
   1964.9   0.18910
   1965.6   0.18917
   1966.4   0.18925
   1967.1   0.18930
   1967.9   0.18930
   1968.6   0.18930
   1969.3   0.18932
   1970.1   0.18936
   1970.8   0.18943
   1971.6   0.18945
   1972.3   0.18949
   1973.1   0.18953
   1973.8   0.18955
   1974.6   0.18963
   1975.3   0.18969
   1976.1   0.18970
   1976.9   0.18975
   1977.6   0.18979
   1978.4   0.18982
   1979.1   0.18986
   1979.9   0.18991
   1980.6   0.18996
   1981.4   0.18994
   1982.2   0.18996
   1982.9   0.18997
   1983.7   0.19002
   1984.4   0.19012
   1985.2   0.19019
   1985.9   0.19019
   1986.7   0.19019
   1987.5   0.19024
   1988.2   0.19029
   1989.0   0.19038
   1989.8   0.19044
   1990.5   0.19044
   1991.3   0.19043
   1992.1   0.19049
   1992.8   0.19053
   1993.6   0.19058
   1994.3   0.19062
   1995.1   0.19063
   1995.9   0.19066
   1996.7   0.19068
   1997.4   0.19071
   1998.2   0.19078
   1999.0   0.19084
   1999.7   0.19088
   2000.5   0.19089
   2001.3   0.19093
   2002.1   0.19096
   2002.8   0.19096
   2003.6   0.19101
   2004.4   0.19114
   2005.2   0.19119
   2005.9   0.19118
   2006.7   0.19118
   2007.5   0.19121
   2008.3   0.19127
   2009.0   0.19132
   2009.8   0.19134
   2010.6   0.19136
   2011.4   0.19139
   2012.2   0.19148
   2012.9   0.19159
   2013.7   0.19164
   2014.5   0.19165
   2015.3   0.19165
   2016.1   0.19167
   2016.8   0.19176
   2017.6   0.19184
   2018.4   0.19185
   2019.2   0.19186
   2020.0   0.19191
   2020.8   0.19194
   2021.6   0.19199
   2022.3   0.19203
   2023.1   0.19209
   2023.9   0.19215
   2024.7   0.19217
   2025.5   0.19220
   2026.3   0.19219
   2027.1   0.19223
   2027.9   0.19232
   2028.7   0.19236
   2029.5   0.19238
   2030.3   0.19244
   2031.1   0.19250
   2031.9   0.19255
   2032.7   0.19259
   2033.5   0.19261
   2034.3   0.19266
   2035.1   0.19276
   2035.8   0.19280
   2036.7   0.19282
   2037.4   0.19287
   2038.3   0.19288
   2039.1   0.19295
   2039.9   0.19300
   2040.7   0.19302
   2041.5   0.19306
   2042.3   0.19305
   2043.1   0.19308
   2043.9   0.19315
   2044.7   0.19322
   2045.5   0.19329
   2046.3   0.19333
   2047.1   0.19335
   2047.9   0.19336
   2048.7   0.19341
   2049.5   0.19346
   2050.4   0.19352
   2051.2   0.19356
   2052.0   0.19358
   2052.8   0.19363
   2053.6   0.19371
   2054.4   0.19378
   2055.2   0.19383
   2056.0   0.19387
   2056.9   0.19384
   2057.7   0.19386
   2058.5   0.19393
   2059.3   0.19399
   2060.1   0.19402
   2060.9   0.19407
   2061.8   0.19413
   2062.6   0.19417
   2063.4   0.19424
   2064.2   0.19430
   2065.1   0.19434
   2065.9   0.19438
   2066.7   0.19439
   2067.5   0.19441
   2068.3   0.19450
   2069.2   0.19454
   2070.0   0.19457
   2070.8   0.19461
   2071.6   0.19463
   2072.5   0.19467
   2073.3   0.19473
   2074.1   0.19478
   2075.0   0.19484
   2075.8   0.19491
   2076.6   0.19498
   2077.5   0.19500
   2078.3   0.19500
   2079.1   0.19504
   2080.0   0.19513
   2080.8   0.19520
   2081.6   0.19526
   2082.5   0.19530
   2083.3   0.19532
   2084.1   0.19531
   2085.0   0.19535
   2085.8   0.19541
   2086.6   0.19546
   2087.5   0.19550
   2088.3   0.19555
   2089.2   0.19560
   2090.0   0.19565
   2090.9   0.19569
   2091.7   0.19574
   2092.6   0.19575
   2093.4   0.19579
   2094.2   0.19584
   2095.1   0.19590
   2095.9   0.19596
   2096.8   0.19599
   2097.6   0.19602
   2098.5   0.19607
   2099.3   0.19611
   2100.2   0.19620
   2101.0   0.19628
   2101.9   0.19630
   2102.7   0.19627
   2103.6   0.19631
   2104.4   0.19639
   2105.3   0.19647
   2106.1   0.19652
   2107.0   0.19656
   2107.9   0.19661
   2108.7   0.19666
   2109.6   0.19673
   2110.4   0.19680
   2111.3   0.19682
   2112.1   0.19685
   2113.0   0.19686
   2113.9   0.19691
   2114.7   0.19698
   2115.6   0.19702
   2116.5   0.19707
   2117.3   0.19712
   2118.2   0.19717
   2119.1   0.19724
   2119.9   0.19729
   2120.8   0.19731
   2121.7   0.19738
   2122.5   0.19743
   2123.4   0.19746
   2124.3   0.19753
   2125.1   0.19759
   2126.0   0.19762
   2126.9   0.19765
   2127.8   0.19768
   2128.6   0.19773
   2129.5   0.19775
   2130.4   0.19777
   2131.3   0.19787
   2132.1   0.19796
   2133.0   0.19800
   2133.9   0.19800
   2134.8   0.19803
   2135.6   0.19808
   2136.5   0.19811
   2137.4   0.19818
   2138.3   0.19824
   2139.2   0.19829
   2140.1   0.19838
   2140.9   0.19842
   2141.8   0.19843
   2142.7   0.19845
   2143.6   0.19851
   2144.5   0.19857
   2145.4   0.19864
   2146.3   0.19872
   2147.1   0.19875
   2148.0   0.19873
   2148.9   0.19878
   2149.8   0.19888
   2150.7   0.19897
   2151.6   0.19903
   2152.5   0.19907
   2153.4   0.19913
   2154.3   0.19914
   2155.2   0.19917
   2156.1   0.19921
   2157.0   0.19930
   2157.9   0.19934
   2158.8   0.19934
   2159.7   0.19935
   2160.6   0.19940
   2161.5   0.19950
   2162.4   0.19954
   2163.3   0.19958
   2164.2   0.19964
   2165.1   0.19965
   2166.0   0.19969
   2166.9   0.19974
   2167.8   0.19980
   2168.7   0.19984
   2169.6   0.19988
   2170.5   0.19998
   2171.4   0.20005
   2172.3   0.20007
   2173.2   0.20009
   2174.1   0.20016
   2175.1   0.20024
   2176.0   0.20029
   2176.9   0.20030
   2177.8   0.20035
   2178.7   0.20044
   2179.6   0.20049
   2180.6   0.20053
   2181.5   0.20058
   2182.4   0.20063
   2183.3   0.20067
   2184.2   0.20075
   2185.1   0.20083
   2186.1   0.20086
   2187.0   0.20088
   2187.9   0.20091
   2188.8   0.20093
   2189.8   0.20099
   2190.7   0.20105
   2191.6   0.20107
   2192.5   0.20113
   2193.5   0.20121
   2194.4   0.20127
   2195.3   0.20132
   2196.3   0.20135
   2197.2   0.20140
   2198.1   0.20145
   2199.1   0.20150
   2200.0   0.20156
   2200.9   0.20162
   2201.9   0.20172
   2202.8   0.20180
   2203.7   0.20183
   2204.7   0.20183
   2205.6   0.20181
   2206.5   0.20188
   2207.5   0.20201
   2208.4   0.20208
   2209.4   0.20205
   2210.3   0.20210
   2211.2   0.20213
   2212.2   0.20218
   2213.1   0.20228
   2214.1   0.20237
   2215.0   0.20240
   2216.0   0.20244
   2216.9   0.20250
   2217.9   0.20256
   2218.8   0.20261
   2219.8   0.20264
   2220.7   0.20268
   2221.7   0.20273
   2222.6   0.20280
   2223.6   0.20286
   2224.5   0.20292
   2225.5   0.20293
   2226.4   0.20296
   2227.4   0.20303
   2228.4   0.20310
   2229.3   0.20315
   2230.3   0.20319
   2231.2   0.20320
   2232.2   0.20325
   2233.1   0.20335
   2234.1   0.20340
   2235.1   0.20344
   2236.0   0.20350
   2237.0   0.20356
   2238.0   0.20359
   2238.9   0.20366
   2239.9   0.20375
   2240.9   0.20379
   2241.8   0.20380
   2242.8   0.20387
   2243.8   0.20393
   2244.8   0.20397
   2245.7   0.20400
   2246.7   0.20404
   2247.7   0.20411
   2248.6   0.20418
   2249.6   0.20426
   2250.6   0.20432
   2251.6   0.20436
   2252.6   0.20440
   2253.5   0.20442
   2254.5   0.20442
   2255.5   0.20449
   2256.5   0.20456
   2257.5   0.20459
   2258.4   0.20467
   2259.4   0.20473
   2260.4   0.20477
   2261.4   0.20483
   2262.4   0.20492
   2263.4   0.20497
   2264.4   0.20499
   2265.4   0.20505
   2266.3   0.20512
   2267.3   0.20515
   2268.3   0.20521
   2269.3   0.20528
   2270.3   0.20535
   2271.3   0.20537
   2272.3   0.20540
   2273.3   0.20549
   2274.3   0.20554
   2275.3   0.20560
   2276.3   0.20564
   2277.3   0.20570
   2278.3   0.20576
   2279.3   0.20582
   2280.3   0.20587
   2281.3   0.20589
   2282.3   0.20596
   2283.3   0.20607
   2284.3   0.20613
   2285.3   0.20617
   2286.3   0.20624
   2287.3   0.20630
   2288.3   0.20630
   2289.4   0.20633
   2290.4   0.20644
   2291.4   0.20651
   2292.4   0.20655
   2293.4   0.20660
   2294.4   0.20664
   2295.4   0.20666
   2296.4   0.20670
   2297.5   0.20677
   2298.5   0.20681
   2299.5   0.20690
   2300.5   0.20697
   2301.6   0.20699
   2302.6   0.20705
   2303.6   0.20715
   2304.6   0.20719
   2305.6   0.20718
   2306.7   0.20726
   2307.7   0.20734
   2308.7   0.20740
   2309.8   0.20747
   2310.8   0.20750
   2311.8   0.20757
   2312.8   0.20764
   2313.9   0.20768
   2314.9   0.20768
   2315.9   0.20770
   2317.0   0.20777
   2318.0   0.20788
   2319.1   0.20795
   2320.1   0.20800
   2321.1   0.20806
   2322.2   0.20809
   2323.2   0.20814
   2324.3   0.20821
   2325.3   0.20828
   2326.3   0.20831
   2327.4   0.20834
   2328.4   0.20839
   2329.5   0.20847
   2330.5   0.20851
   2331.6   0.20851
   2332.6   0.20857
   2333.7   0.20864
   2334.7   0.20870
   2335.8   0.20882
   2336.8   0.20890
   2337.9   0.20895
   2338.9   0.20897
   2340.0   0.20904
   2341.0   0.20912
   2342.1   0.20914
   2343.1   0.20915
   2344.2   0.20919
   2345.3   0.20926
   2346.3   0.20932
   2347.4   0.20936
   2348.5   0.20939
   2349.5   0.20944
   2350.6   0.20950
   2351.7   0.20957
   2352.7   0.20962
   2353.8   0.20966
   2354.9   0.20972
   2355.9   0.20979
   2357.0   0.20988
   2358.1   0.20995
   2359.1   0.21001
   2360.2   0.21007
   2361.3   0.21013
   2362.4   0.21017
   2363.4   0.21022
   2364.5   0.21027
   2365.6   0.21031
   2366.7   0.21038
   2367.8   0.21043
   2368.9   0.21046
   2369.9   0.21047
   2371.0   0.21053
   2372.1   0.21061
   2373.2   0.21066
   2374.3   0.21071
   2375.4   0.21073
   2376.4   0.21081
   2377.5   0.21091
   2378.6   0.21097
   2379.7   0.21101
   2380.8   0.21111
   2381.9   0.21112
   2383.0   0.21113
   2384.1   0.21120
   2385.2   0.21127
   2386.3   0.21134
   2387.4   0.21135
   2388.5   0.21138
   2389.6   0.21145
   2390.7   0.21152
   2391.8   0.21158
   2392.9   0.21164
   2394.0   0.21172
   2395.1   0.21175
   2396.2   0.21179
   2397.3   0.21186
   2398.4   0.21192
   2399.5   0.21193
   2400.6   0.21199
   2401.8   0.21207
   2402.9   0.21212
   2404.0   0.21219
   2405.1   0.21223
   2406.2   0.21228
   2407.3   0.21237
   2408.5   0.21247
   2409.6   0.21251
   2410.7   0.21257
   2411.8   0.21264
   2412.9   0.21270
   2414.1   0.21273
   2415.2   0.21281
   2416.3   0.21284
   2417.4   0.21285
   2418.6   0.21289
   2419.7   0.21295
   2420.8   0.21303
   2422.0   0.21308
   2423.1   0.21314
   2424.2   0.21322
   2425.4   0.21328
   2426.5   0.21333
   2427.6   0.21334
   2428.8   0.21337
   2429.9   0.21345
   2431.1   0.21350
   2432.2   0.21357
   2433.3   0.21366
   2434.5   0.21371
   2435.6   0.21376
   2436.8   0.21381
   2437.9   0.21382
   2439.1   0.21388
   2440.2   0.21395
   2441.4   0.21402
   2442.5   0.21404
   2443.6   0.21406
   2444.8   0.21413
   2445.9   0.21420
   2447.1   0.21422
   2448.3   0.21427
   2449.4   0.21436
   2450.6   0.21442
   2451.7   0.21448
   2452.9   0.21456
   2454.1   0.21459
   2455.2   0.21464
   2456.4   0.21471
   2457.6   0.21477
   2458.7   0.21482
   2459.9   0.21490
   2461.1   0.21500
   2462.2   0.21508
   2463.4   0.21509
   2464.6   0.21508
   2465.7   0.21518
   2466.9   0.21525
   2468.1   0.21528
   2469.3   0.21538
   2470.4   0.21543
   2471.6   0.21546
   2472.8   0.21553
   2474.0   0.21558
   2475.1   0.21564
   2476.3   0.21566
   2477.5   0.21567
   2478.7   0.21576
   2479.9   0.21586
   2481.1   0.21592
   2482.3   0.21595
   2483.4   0.21599
   2484.6   0.21605
   2485.8   0.21608
   2487.0   0.21614
   2488.2   0.21618
   2489.4   0.21622
   2490.6   0.21629
   2491.8   0.21637
   2493.0   0.21641
   2494.2   0.21642
   2495.4   0.21645
   2496.6   0.21650
   2497.8   0.21658
   2499.0   0.21668
   2500.2   0.21674
   2501.4   0.21671
   2502.6   0.21685
   2503.8   0.21700
   2505.0   0.21706
   2506.3   0.21706
   2507.5   0.21708
   2508.7   0.21711
   2509.9   0.21717
   2511.1   0.21724
   2512.3   0.21733
   2513.5   0.21739
   2514.8   0.21745
   2516.0   0.21749
   2517.2   0.21759
   2518.4   0.21764
   2519.6   0.21766
   2520.9   0.21767
   2522.1   0.21773
   2523.3   0.21778
   2524.6   0.21789
   2525.8   0.21802
   2527.0   0.21809
   2528.3   0.21814
   2529.5   0.21821
   2530.7   0.21824
   2531.9   0.21827
   2533.2   0.21836
   2534.4   0.21846
   2535.7   0.21850
   2536.9   0.21860
   2538.1   0.21858
   2539.4   0.21851
   2540.6   0.21858
   2541.9   0.21867
   2543.1   0.21872
   2544.4   0.21882
   2545.6   0.21887
   2546.9   0.21891
   2548.1   0.21899
   2549.4   0.21909
   2550.6   0.21912
   2551.9   0.21921
   2553.1   0.21928
   2554.4   0.21940
   2555.7   0.21942
   2556.9   0.21949
   2558.2   0.21944
   2559.4   0.21940
   2560.7   0.21944
   2562.0   0.21968
   2563.2   0.21987
   2564.5   0.21999
   2565.8   0.22008
   2567.1   0.21999
   2568.3   0.21986
   2569.6   0.21994
   2570.9   0.22020
   2572.1   0.22015
   2573.4   0.22010
   2574.7   0.22047
   2576.0   0.22034
   2577.3   0.22039
   2578.5   0.22061
   2579.8   0.22057
   2581.1   0.22052
   2582.4   0.22061
   2583.7   0.22050
   2585.0   0.22101
   2586.3   0.22095
   2587.5   0.22085
   2588.8   0.22106
   2590.1   0.22108
   2591.4   0.22099
   2592.7   0.22085
   2594.0   0.22076
   2595.3   0.22154
   2596.6   0.22208
   2597.9   0.22160
   2599.2   0.22128
   2600.5   0.22123
   2601.8   0.22128
   2603.1   0.22143
   2604.4   0.22149
   2605.7   0.22175
   2607.1   0.22207
   2608.4   0.22188
   2609.7   0.22178
   2611.0   0.22190
   2612.3   0.22185
   2613.6   0.22188
   2614.9   0.22195
   2616.3   0.22192
   2617.6   0.22233
   2618.9   0.22242
   2620.2   0.22215
   2621.6   0.22256
   2622.9   0.22250
   2624.2   0.22226
   2625.5   0.22220
   2626.9   0.22239
   2628.2   0.22272
   2629.5   0.22244
   2630.9   0.22270
   2632.2   0.22309
   2633.5   0.22276
   2634.9   0.22280
   2636.2   0.22286
   2637.6   0.22279
   2638.9   0.22281
   2640.2   0.22282
   2641.6   0.22289
   2642.9   0.22302
   2644.3   0.22302
   2645.6   0.22305
   2647.0   0.22331
   2648.3   0.22336
   2649.7   0.22328
   2651.0   0.22321
   2652.4   0.22338
   2653.8   0.22364
   2655.1   0.22362
   2656.5   0.22363
   2657.8   0.22364
   2659.2   0.22359
   2660.6   0.22375
   2661.9   0.22383
   2663.3   0.22379
   2664.7   0.22378
   2666.0   0.22417
   2667.4   0.22454
   2668.8   0.22443
   2670.1   0.22404
   2671.5   0.22467
   2672.9   0.22449
   2674.3   0.22397
   2675.7   0.22397
   2677.0   0.22437
   2678.4   0.22459
   2679.8   0.22447
   2681.2   0.22435
   2682.6   0.22402
   2684.0   0.22404
   2685.4   0.22406
   2686.8   0.22404
   2688.1   0.22410
   2689.5   0.22409
   2690.9   0.22405
   2692.3   0.22401
   2693.7   0.22409
   2695.1   0.22439
   2696.5   0.22437
   2697.9   0.22418
   2699.3   0.22401
   2700.8   0.22405
   2702.1   0.22409
   2703.6   0.22401
   2705.0   0.22387
   2706.4   0.22384
   2707.8   0.22379
   2709.2   0.22380
   2710.6   0.22387
   2712.1   0.22418
   2713.5   0.22391
   2714.9   0.22346
   2716.3   0.22332
   2717.7   0.22325
   2719.2   0.22322
   2720.6   0.22337
   2722.0   0.22366
   2723.4   0.22311
   2724.9   0.22301
   2726.3   0.22306
   2727.7   0.22253
   2729.2   0.22214
   2730.6   0.22198
   2732.1   0.22187
   2733.5   0.22160
   2734.9   0.22143
   2736.4   0.22142
   2737.8   0.22106
   2739.3   0.22080
   2740.7   0.22096
   2742.2   0.22082
   2743.6   0.22034
   2745.1   0.21990
   2746.5   0.21960
   2748.0   0.21928
   2749.4   0.21905
   2750.9   0.21881
   2752.4   0.21857
   2753.8   0.21824
   2755.3   0.21802
   2756.7   0.21828
   2758.2   0.21794
   2759.7   0.21737
   2761.1   0.21696
   2762.6   0.21678
   2764.1   0.21675
   2765.6   0.21641
   2767.0   0.21600
   2768.5   0.21578
   2770.0   0.21552
   2771.5   0.21530
   2773.0   0.21515
   2774.4   0.21481
   2775.9   0.21452
   2777.4   0.21434
   2778.9   0.21426
   2780.4   0.21404
   2781.9   0.21384
   2783.4   0.21367
   2784.9   0.21340
   2786.4   0.21318
   2787.9   0.21323
   2789.4   0.21310
   2790.9   0.21277
   2792.4   0.21251
   2793.9   0.21232
   2795.4   0.21220
   2796.9   0.21211
   2798.4   0.21195
   2799.9   0.21179
   2801.4   0.21164
   2802.9   0.21166
   2804.4   0.21175
   2806.0   0.21159
   2807.5   0.21135
   2809.0   0.21126
   2810.5   0.21120
   2812.1   0.21112
   2813.6   0.21100
   2815.1   0.21093
   2816.6   0.21087
   2818.2   0.21078
   2819.7   0.21081
   2821.2   0.21088
   2822.8   0.21083
   2824.3   0.21072
   2825.9   0.21068
   2827.4   0.21069
   2828.9   0.21067
   2830.5   0.21062
   2832.0   0.21058
   2833.6   0.21059
   2835.1   0.21062
   2836.7   0.21067
   2838.2   0.21065
   2839.8   0.21062
   2841.3   0.21058
   2842.9   0.21057
   2844.4   0.21055
   2846.0   0.21055
   2847.6   0.21061
   2849.1   0.21067
   2850.7   0.21064
   2852.3   0.21059
   2853.8   0.21061
   2855.4   0.21072
   2857.0   0.21073
   2858.6   0.21072
   2860.1   0.21075
   2861.7   0.21076
   2863.3   0.21075
   2864.9   0.21073
   2866.5   0.21083
   2868.1   0.21085
   2869.6   0.21080
   2871.2   0.21085
   2872.8   0.21092
   2874.4   0.21094
   2876.0   0.21089
   2877.6   0.21093
   2879.2   0.21099
   2880.8   0.21103
   2882.4   0.21107
   2884.0   0.21109
   2885.6   0.21114
   2887.2   0.21123
   2888.8   0.21131
   2890.4   0.21131
   2892.0   0.21131
   2893.7   0.21139
   2895.3   0.21140
   2896.9   0.21141
   2898.5   0.21144
   2900.1   0.21151
   2901.8   0.21155
   2903.4   0.21159
   2905.0   0.21166
   2906.6   0.21170
   2908.3   0.21169
   2909.9   0.21178
   2911.5   0.21185
   2913.2   0.21187
   2914.8   0.21187
   2916.4   0.21190
   2918.1   0.21199
   2919.7   0.21205
   2921.4   0.21207
   2923.0   0.21213
   2924.7   0.21214
   2926.3   0.21221
   2928.0   0.21229
   2929.6   0.21233
   2931.3   0.21238
   2932.9   0.21240
   2934.6   0.21243
   2936.3   0.21249
   2937.9   0.21253
   2939.6   0.21259
   2941.3   0.21269
   2942.9   0.21277
   2944.6   0.21283
   2946.3   0.21285
   2947.9   0.21290
   2949.6   0.21301
   2951.3   0.21306
   2953.0   0.21314
   2954.7   0.21318
   2956.3   0.21323
   2958.0   0.21333
   2959.7   0.21338
   2961.4   0.21343
   2963.1   0.21351
   2964.8   0.21356
   2966.5   0.21359
   2968.2   0.21369
   2969.9   0.21377
   2971.6   0.21383
   2973.3   0.21397
   2975.0   0.21407
   2976.7   0.21414
   2978.4   0.21418
   2980.1   0.21425
   2981.8   0.21430
   2983.6   0.21439
   2985.3   0.21448
   2987.0   0.21453
   2988.7   0.21461
   2990.4   0.21473
   2992.2   0.21481
   2993.9   0.21490
   2995.6   0.21498
   2997.4   0.21507
   2999.1   0.21519
   3000.8   0.21525
   3002.6   0.21532
   3004.3   0.21548
   3006.0   0.21561
   3007.8   0.21566
   3009.5   0.21571
   3011.3   0.21579
   3013.0   0.21591
   3014.8   0.21601
   3016.5   0.21605
   3018.3   0.21614
   3020.1   0.21628
   3021.8   0.21640
   3023.6   0.21649
   3025.3   0.21654
   3027.1   0.21658
   3028.9   0.21668
   3030.6   0.21676
   3032.4   0.21684
   3034.2   0.21693
   3036.0   0.21701
   3037.7   0.21709
   3039.5   0.21721
   3041.3   0.21731
   3043.1   0.21744
   3044.9   0.21751
   3046.7   0.21757
   3048.5   0.21764
   3050.3   0.21775
   3052.1   0.21779
   3053.8   0.21784
   3055.6   0.21790
   3057.4   0.21797
   3059.3   0.21807
   3061.1   0.21815
   3062.9   0.21822
   3064.7   0.21829
   3066.5   0.21832
   3068.3   0.21843
   3070.1   0.21851
   3071.9   0.21858
   3073.8   0.21863
   3075.6   0.21869
   3077.4   0.21876
   3079.2   0.21882
   3081.1   0.21890
   3082.9   0.21899
   3084.7   0.21905
   3086.6   0.21913
   3088.4   0.21920
   3090.2   0.21928
   3092.1   0.21933
   3093.9   0.21944
   3095.8   0.21955
   3097.6   0.21968
   3099.5   0.21975
   3101.3   0.21982
   3103.2   0.21988
   3105.1   0.21998
   3106.9   0.22009
   3108.8   0.22021
   3110.6   0.22030
   3112.5   0.22035
   3114.4   0.22042
   3116.2   0.22051
   3118.1   0.22060
   3120.0   0.22072
   3121.9   0.22085
   3123.8   0.22097
   3125.6   0.22106
   3127.5   0.22116
   3129.4   0.22127
   3131.3   0.22138
   3133.2   0.22142
   3135.1   0.22151
   3137.0   0.22165
   3138.9   0.22177
   3140.8   0.22183
   3142.7   0.22192
   3144.6   0.22200
   3146.5   0.22209
   3148.4   0.22219
   3150.3   0.22230
   3152.2   0.22239
   3154.1   0.22249
   3156.1   0.22259
   3158.0   0.22271
   3159.9   0.22282
   3161.9   0.22291
   3163.8   0.22302
   3165.7   0.22315
   3167.6   0.22326
   3169.6   0.22333
   3171.5   0.22341
   3173.4   0.22353
   3175.4   0.22363
   3177.3   0.22376
   3179.3   0.22389
   3181.2   0.22398
   3183.2   0.22407
   3185.1   0.22416
   3187.1   0.22421
   3189.1   0.22432
   3191.0   0.22444
   3193.0   0.22457
   3195.0   0.22468
   3196.9   0.22481
   3198.9   0.22492
   3200.9   0.22506
   3202.9   0.22514
   3204.8   0.22521
   3206.8   0.22531
   3208.8   0.22542
   3210.8   0.22549
   3212.8   0.22561
   3214.8   0.22574
   3216.8   0.22584
   3218.8   0.22595
   3220.8   0.22607
   3222.8   0.22619
   3224.8   0.22629
   3226.8   0.22639
   3228.8   0.22652
   3230.8   0.22664
   3232.8   0.22677
   3234.8   0.22685
   3236.8   0.22695
   3238.9   0.22705
   3240.9   0.22716
   3242.9   0.22728
   3244.9   0.22735
   3247.0   0.22741
   3249.0   0.22752
   3251.1   0.22765
   3253.1   0.22779
   3255.1   0.22788
   3257.2   0.22798
   3259.2   0.22806
   3261.3   0.22816
   3263.3   0.22827
   3265.4   0.22838
   3267.4   0.22848
   3269.5   0.22858
   3271.6   0.22868
   3273.6   0.22879
   3275.7   0.22888
   3277.8   0.22895
   3279.8   0.22903
   3281.9   0.22917
   3284.0   0.22927
   3286.1   0.22936
   3288.2   0.22942
   3290.2   0.22952
   3292.3   0.22965
   3294.4   0.22975
   3296.5   0.22983
   3298.6   0.22996
   3300.7   0.23007
   3302.8   0.23017
   3304.9   0.23023
   3307.0   0.23030
   3309.1   0.23042
   3311.3   0.23052
   3313.4   0.23058
   3315.5   0.23067
   3317.6   0.23075
   3319.7   0.23083
   3321.9   0.23093
   3324.0   0.23108
   3326.1   0.23118
   3328.3   0.23127
   3330.4   0.23136
   3332.5   0.23147
   3334.7   0.23153
   3336.8   0.23160
   3339.0   0.23170
   3341.1   0.23180
   3343.3   0.23190
   3345.4   0.23202
   3347.6   0.23210
   3349.8   0.23222
   3351.9   0.23231
   3354.1   0.23239
   3356.3   0.23245
   3358.4   0.23252
   3360.6   0.23262
   3362.8   0.23274
   3365.0   0.23284
   3367.2   0.23296
   3369.4   0.23305
   3371.5   0.23315
   3373.7   0.23329
   3375.9   0.23349
   3378.1   0.23367
   3380.3   0.23381
   3382.5   0.23396
   3384.7   0.23413
   3386.9   0.23425
   3389.2   0.23437
   3391.4   0.23443
   3393.6   0.23450
   3395.8   0.23456
   3398.1   0.23468
   3400.3   0.23481
   3402.5   0.23495
   3404.7   0.23509
   3407.0   0.23531
   3409.2   0.23550
   3411.5   0.23569
   3413.7   0.23586
   3416.0   0.23604
   3418.2   0.23620
   3420.5   0.23637
   3422.7   0.23651
   3425.0   0.23662
   3427.3   0.23664
   3429.5   0.23666
   3431.8   0.23664
   3434.1   0.23661
   3436.3   0.23663
   3438.6   0.23667
   3440.9   0.23668
   3443.2   0.23672
   3445.5   0.23681
   3447.8   0.23691
   3450.1   0.23699
   3452.4   0.23705
   3454.6   0.23710
   3456.9   0.23713
   3459.3   0.23718
   3461.6   0.23725
   3463.9   0.23731
   3466.2   0.23734
   3468.5   0.23739
   3470.8   0.23751
   3473.2   0.23761
   3475.5   0.23772
   3477.8   0.23780
   3480.1   0.23789
   3482.5   0.23801
   3484.8   0.23814
   3487.2   0.23824
   3489.5   0.23832
   3491.9   0.23839
   3494.2   0.23852
   3496.6   0.23866
   3498.9   0.23887
   3501.3   0.23907
   3503.7   0.23927
   3506.0   0.23946
   3508.4   0.23962
   3510.8   0.23968
   3513.2   0.23963
   3515.5   0.23955
   3517.9   0.23954
   3520.3   0.23953
   3522.7   0.23956
   3525.1   0.23960
   3527.5   0.23967
   3529.9   0.23974
   3532.3   0.23985
   3534.7   0.23994
   3537.1   0.24003
   3539.5   0.24012
   3541.9   0.24022
   3544.4   0.24032
   3546.8   0.24039
   3549.2   0.24043
   3551.7   0.24051
   3554.1   0.24064
   3556.5   0.24077
   3559.0   0.24084
   3561.4   0.24093
   3563.9   0.24101
   3566.3   0.24112
   3568.8   0.24120
   3571.2   0.24127
   3573.7   0.24134
   3576.1   0.24145
   3578.6   0.24157
   3581.1   0.24165
   3583.6   0.24173
   3586.0   0.24182
   3588.5   0.24190
   3591.0   0.24199
   3593.5   0.24210
   3596.0   0.24220
   3598.5   0.24230
   3601.0   0.24239
   3603.5   0.24246
   3606.0   0.24254
   3608.5   0.24261
   3611.0   0.24272
   3613.5   0.24280
   3616.1   0.24289
   3618.6   0.24299
   3621.1   0.24309
   3623.6   0.24315
   3626.2   0.24323
   3628.7   0.24330
   3631.3   0.24338
   3633.8   0.24345
   3636.3   0.24353
   3638.9   0.24360
   3641.4   0.24370
   3644.0   0.24380
   3646.6   0.24390
   3649.1   0.24400
   3651.7   0.24407
   3654.3   0.24413
   3656.9   0.24422
   3659.4   0.24432
   3662.0   0.24441
   3664.6   0.24447
   3667.2   0.24455
   3669.8   0.24461
   3672.4   0.24471
   3675.0   0.24479
   3677.6   0.24487
   3680.2   0.24498
   3682.8   0.24507
   3685.4   0.24513
   3688.1   0.24522
   3690.7   0.24528
   3693.3   0.24537
   3695.9   0.24546
   3698.6   0.24552
   3701.2   0.24561
   3703.9   0.24570
   3706.5   0.24577
   3709.2   0.24586
   3711.8   0.24594
   3714.5   0.24604
   3717.1   0.24611
   3719.8   0.24620
   3722.5   0.24625
   3725.2   0.24630
   3727.8   0.24637
   3730.5   0.24647
   3733.2   0.24654
   3735.9   0.24660
   3738.6   0.24668
   3741.3   0.24676
   3744.0   0.24684
   3746.7   0.24697
   3749.4   0.24705
   3752.1   0.24711
   3754.8   0.24716
   3757.6   0.24723
   3760.3   0.24731
   3763.0   0.24744
   3765.7   0.24753
   3768.5   0.24758
   3771.2   0.24763
   3774.0   0.24774
   3776.7   0.24783
   3779.5   0.24787
   3782.2   0.24790
   3785.0   0.24799
   3787.7   0.24806
   3790.5   0.24813
   3793.3   0.24818
   3796.1   0.24824
   3798.8   0.24831
   3801.6   0.24840
   3804.4   0.24846
   3807.2   0.24852
   3810.0   0.24856
   3812.8   0.24863
   3815.6   0.24870
   3818.4   0.24879
   3821.2   0.24884
   3824.1   0.24888
   3826.9   0.24894
   3829.7   0.24900
   3832.5   0.24903
   3835.4   0.24910
   3838.2   0.24916
   3841.1   0.24922
   3843.9   0.24925
   3846.8   0.24931
   3849.6   0.24937
   3852.5   0.24943
   3855.3   0.24947
   3858.2   0.24953
   3861.1   0.24958
   3863.9   0.24963
   3866.8   0.24967
   3869.7   0.24973
   3872.6   0.24975
   3875.5   0.24980
   3878.4   0.24984
   3881.3   0.24991
   3884.2   0.24995
   3887.1   0.24998
   3890.0   0.25002
   3893.0   0.25009
   3895.9   0.25011
   3898.8   0.25014
   3901.7   0.25018
   3904.7   0.25025
   3907.6   0.25027
   3910.6   0.25031
   3913.5   0.25034
   3916.5   0.25040
   3919.4   0.25042
   3922.4   0.25043
   3925.4   0.25046
   3928.4   0.25053
   3931.3   0.25056
   3934.3   0.25058
   3937.3   0.25059
   3940.3   0.25063
   3943.3   0.25067
   3946.3   0.25073
   3949.3   0.25076
   3952.3   0.25078
   3955.3   0.25079
   3958.3   0.25084
   3961.4   0.25088
   3964.4   0.25088
   3967.4   0.25087
   3970.5   0.25094
   3973.5   0.25097
   3976.6   0.25099
   3979.6   0.25098
   3982.6   0.25104
   3985.7   0.25107
   3988.8   0.25110
   3991.9   0.25112
   3994.9   0.25117
   3998.0   0.25118
   4001.1   0.25120
   4004.2   0.25122
   4007.3   0.25125
   4010.4   0.25125
   4013.5   0.25128
   4016.6   0.25129
   4019.7   0.25132
   4022.8   0.25133
   4025.9   0.25133
   4029.1   0.25133
   4032.2   0.25137
   4035.3   0.25140
   4038.5   0.25141
   4041.6   0.25140
   4044.8   0.25147
   4047.9   0.25149
   4051.1   0.25151
   4054.3   0.25152
   4057.4   0.25154
   4060.6   0.25152
   4063.8   0.25153
   4067.0   0.25153
   4070.2   0.25154
   4073.4   0.25152
   4076.6   0.25154
   4079.8   0.25155
   4083.0   0.25156
   4086.2   0.25156
   4089.4   0.25160
   4092.7   0.25162
   4095.9   0.25165
   4099.1   0.25167
   4102.4   0.25168
   4105.6   0.25167
   4108.9   0.25168
   4112.1   0.25166
   4115.4   0.25168
   4118.7   0.25167
   4122.0   0.25168
   4125.2   0.25166
   4128.5   0.25165
   4131.8   0.25163
   4135.1   0.25167
   4138.4   0.25167
   4141.7   0.25169
   4145.0   0.25169
   4148.3   0.25170
   4151.6   0.25169
   4155.0   0.25168
   4158.3   0.25168
   4161.6   0.25167
   4165.0   0.25165
   4168.3   0.25170
   4171.7   0.25169
   4175.0   0.25167
   4178.4   0.25165
   4181.8   0.25166
   4185.2   0.25167
   4188.5   0.25169
   4191.9   0.25168
   4195.3   0.25169
   4198.7   0.25169
   4202.1   0.25169
   4205.5   0.25167
   4208.9   0.25166
   4212.4   0.25163
   4215.8   0.25162
   4219.2   0.25159
   4222.6   0.25159
   4226.1   0.25155
   4229.5   0.25152
   4233.0   0.25147
   4236.5   0.25144
   4239.9   0.25142
   4243.4   0.25140
   4246.9   0.25136
   4250.3   0.25135
   4253.8   0.25128
   4257.3   0.25123
   4260.8   0.25116
   4264.3   0.25115
   4267.8   0.25110
   4271.4   0.25103
   4274.9   0.25097
   4278.4   0.25095
   4281.9   0.25089
   4285.5   0.25084
   4289.0   0.25077
   4292.6   0.25070
   4296.1   0.25060
   4299.7   0.25051
   4303.3   0.25041
   4306.8   0.25035
   4310.4   0.25025
   4314.0   0.25016
   4317.6   0.25007
   4321.2   0.25000
   4324.8   0.24988
   4328.4   0.24980
   4332.0   0.24973
   4335.6   0.24961
   4339.3   0.24948
   4342.9   0.24939
   4346.5   0.24928
   4350.2   0.24921
   4353.8   0.24913
   4357.5   0.24906
   4361.1   0.24894
   4364.8   0.24883
   4368.5   0.24872
   4372.2   0.24861
   4375.9   0.24850
   4379.6   0.24843
   4383.3   0.24831
   4387.0   0.24824
   4390.7   0.24816
   4394.4   0.24807
   4398.1   0.24796
   4401.9   0.24788
   4405.6   0.24777
   4409.4   0.24772
   4413.1   0.24764
   4416.9   0.24755
   4420.6   0.24742
   4424.4   0.24737
   4428.2   0.24732
   4432.0   0.24727
   4435.8   0.24715
   4439.6   0.24705
   4443.4   0.24695
   4447.2   0.24686
   4451.0   0.24677
   4454.8   0.24672
   4458.6   0.24662
   4462.5   0.24654
   4466.3   0.24646
   4470.2   0.24640
   4474.0   0.24629
   4477.9   0.24619
   4481.8   0.24604
   4485.6   0.24593
   4489.5   0.24582
   4493.4   0.24571
   4497.3   0.24555
   4501.2   0.24544
   4505.1   0.24531
   4509.0   0.24517
   4513.0   0.24501
   4516.9   0.24489
   4520.8   0.24475
   4524.8   0.24458
   4528.7   0.24437
   4532.7   0.24422
   4536.7   0.24403
   4540.6   0.24384
   4544.6   0.24367
   4548.6   0.24353
   4552.6   0.24331
   4556.6   0.24313
   4560.6   0.24291
   4564.6   0.24269
   4568.6   0.24243
   4572.7   0.24220
   4576.7   0.24196
   4580.8   0.24177
   4584.8   0.24153
   4588.9   0.24127
   4592.9   0.24098
   4597.0   0.24074
   4601.1   0.24044
   4605.2   0.24014
   4609.3   0.23986
   4613.4   0.23957
   4617.5   0.23924
   4621.6   0.23892
   4625.7   0.23859
   4629.8   0.23830
   4634.0   0.23796
   4638.1   0.23761
   4642.3   0.23726
   4646.4   0.23693
   4650.6   0.23659
   4654.8   0.23632
   4659.0   0.23602
   4663.1   0.23570
   4667.3   0.23536
   4671.5   0.23509
   4675.8   0.23477
   4680.0   0.23445
   4684.2   0.23413
   4688.4   0.23380
   4692.7   0.23344
   4696.9   0.23312
   4701.2   0.23280
   4705.5   0.23252
   4709.7   0.23217
   4714.0   0.23183
   4718.3   0.23151
   4722.6   0.23122
   4726.9   0.23089
   4731.2   0.23056
   4735.5   0.23019
   4739.9   0.22987
   4744.2   0.22952
   4748.5   0.22920
   4752.9   0.22889
   4757.3   0.22861
   4761.6   0.22827
   4766.0   0.22797
   4770.4   0.22764
   4774.8   0.22732
   4779.2   0.22701
   4783.6   0.22672
   4788.0   0.22638
   4792.4   0.22607
   4796.9   0.22571
   4801.3   0.22539
   4805.8   0.22505
   4810.2   0.22469
   4814.7   0.22430
   4819.1   0.22396
   4823.6   0.22362
   4828.1   0.22325
   4832.6   0.22285
   4837.1   0.22251
   4841.6   0.22212
   4846.2   0.22176
   4850.7   0.22138
   4855.3   0.22099
   4859.8   0.22058
   4864.4   0.22022
   4868.9   0.21984
   4873.5   0.21947
   4878.1   0.21904
   4882.7   0.21863
   4887.3   0.21821
   4891.9   0.21783
   4896.5   0.21743
   4901.1   0.21702
   4905.8   0.21658
   4910.4   0.21616
   4915.1   0.21571
   4919.7   0.21525
   4924.4   0.21478
   4929.1   0.21436
   4933.8   0.21386
   4938.5   0.21339
   4943.2   0.21294
   4947.9   0.21251
   4952.6   0.21204
   4957.4   0.21159
   4962.1   0.21108
   4966.9   0.21061
   4971.6   0.21015
   4976.4   0.20969
   4981.2   0.20919
   4986.0   0.20874
   4990.8   0.20828
   4995.6   0.20784
   5000.4   0.20734
   5005.2   0.20686
   5010.0   0.20637
   5014.9   0.20591
   5019.8   0.20545
   5024.6   0.20499
   5029.5   0.20447
   5034.4   0.20397
   5039.3   0.20346
   5044.2   0.20297
   5049.1   0.20247
   5054.0   0.20200
   5058.9   0.20151
   5063.9   0.20106
   5068.8   0.20058
   5073.8   0.20014
   5078.8   0.19967
   5083.7   0.19919
   5088.7   0.19866
   5093.7   0.19815
   5098.7   0.19765
   5103.7   0.19716
   5108.8   0.19661
   5113.8   0.19609
   5118.9   0.19556
   5123.9   0.19501
   5129.0   0.19443
   5134.1   0.19389
   5139.1   0.19335
   5144.3   0.19281
   5149.4   0.19225
   5154.5   0.19166
   5159.6   0.19107
   5164.7   0.19054
   5169.9   0.19000
   5175.0   0.18951
   5180.2   0.18899
   5185.4   0.18852
   5190.6   0.18802
   5195.8   0.18757
   5201.0   0.18714
   5206.2   0.18670
   5211.5   0.18631
   5216.7   0.18594
   5222.0   0.18545
   5227.2   0.18499
   5232.5   0.18451
   5237.8   0.18413
   5243.1   0.18368
   5248.4   0.18325
   5253.7   0.18280
   5259.0   0.18235
   5264.4   0.18192
   5269.7   0.18151
   5275.1   0.18108
   5280.5   0.18069
   5285.8   0.18029
   5291.2   0.17994
   5296.6   0.17955
   5302.0   0.17914
   5307.5   0.17877
   5312.9   0.17844
   5318.4   0.17811
   5323.8   0.17780
   5329.3   0.17747
   5334.8   0.17715
   5340.3   0.17679
   5345.8   0.17647
   5351.3   0.17621
   5356.8   0.17583
   5362.4   0.17533
   5367.9   0.17489
   5373.5   0.17442
   5379.0   0.17401
   5384.6   0.17357
   5390.2   0.17316
   5395.8   0.17275
   5401.5   0.17238
   5407.1   0.17200
   5412.7   0.17163
   5418.4   0.17130
   5424.1   0.17111
   5429.7   0.17068
   5435.4   0.17024
   5441.1   0.16996
   5446.9   0.16974
   5452.6   0.16948
   5458.3   0.16928
   5464.1   0.16916
   5469.8   0.16905
   5475.6   0.16886
   5481.4   0.16879
   5487.2   0.16862
   5493.0   0.16848
   5498.8   0.16837
   5504.7   0.16831
   5510.5   0.16820
   5516.4   0.16816
   5522.3   0.16815
   5528.1   0.16812
   5534.0   0.16801
   5540.0   0.16795
   5545.9   0.16782
   5551.8   0.16774
   5557.8   0.16764
   5563.7   0.16746
   5569.7   0.16724
   5575.7   0.16711
   5581.7   0.16698
   5587.7   0.16660
   5593.7   0.16616
   5599.8   0.16587
   5605.8   0.16555
   5611.9   0.16516
   5618.0   0.16482
   5624.1   0.16448
   5630.2   0.16409
   5636.3   0.16376
   5642.4   0.16357
   5648.6   0.16327
   5654.7   0.16281
   5660.9   0.16244
   5667.1   0.16201
   5673.3   0.16179
   5679.5   0.16159
   5685.7   0.16127
   5692.0   0.16101
   5698.2   0.16078
   5704.5   0.16048
   5710.8   0.16042
   5717.1   0.16016
   5723.4   0.15979
   5729.7   0.15944
   5736.0   0.15915
   5742.4   0.15877
   5748.8   0.15846
   5755.1   0.15795
   5761.5   0.15747
   5768.0   0.15725
   5774.4   0.15662
   5780.8   0.15584
   5787.3   0.15522
   5793.7   0.15455
   5800.2   0.15398
   5806.7   0.15335
   5813.2   0.15277
   5819.8   0.15236
   5826.3   0.15193
   5832.8   0.15111
   5839.4   0.15032
   5846.0   0.14958
   5852.6   0.14899
   5859.2   0.14838
   5865.8   0.14780
   5872.5   0.14714
   5879.1   0.14677
   5885.8   0.14628
   5892.5   0.14543
   5899.2   0.14483
   5905.9   0.14402
   5912.6   0.14320
   5919.4   0.14256
   5926.2   0.14189
   5932.9   0.14142
   5939.7   0.14100
   5946.5   0.14013
   5953.4   0.13925
   5960.2   0.13853
   5967.1   0.13796
   5974.0   0.13737
   5980.8   0.13655
   5987.8   0.13600
   5994.7   0.13543
   6001.6   0.13473
   6008.6   0.13412
   6015.5   0.13371
   6022.5   0.13318
   6029.5   0.13270
   6036.5   0.13228
   6043.6   0.13211
   6050.6   0.13223
   6057.7   0.13175
   6064.8   0.13113
   6071.9   0.13103
   6079.0   0.13080
   6086.1   0.13037
   6093.3   0.13002
   6100.5   0.12980
   6107.6   0.12956
   6114.8   0.12953
   6122.1   0.12918
   6129.3   0.12869
   6136.5   0.12833
   6143.8   0.12810
   6151.1   0.12781
   6158.4   0.12758
   6165.7   0.12730
   6173.1   0.12694
   6180.4   0.12672
   6187.8   0.12670
   6195.2   0.12638
   6202.6   0.12605
   6210.0   0.12586
   6217.5   0.12569
   6225.0   0.12550
   6232.4   0.12532
   6239.9   0.12516
   6247.5   0.12503
   6255.0   0.12488
   6262.5   0.12477
   6270.1   0.12465
   6277.7   0.12450
   6285.3   0.12432
   6293.0   0.12415
   6300.6   0.12399
   6308.3   0.12390
   6315.9   0.12380
   6323.6   0.12373
   6331.4   0.12367
   6339.1   0.12370
   6346.9   0.12387
   6354.6   0.12375
   6362.4   0.12361
   6370.3   0.12379
   6378.1   0.12381
   6385.9   0.12369
   6393.8   0.12364
   6401.7   0.12360
   6409.6   0.12381
   6417.5   0.12417
   6425.5   0.12376
   6433.5   0.12337
   6441.5   0.12314
   6449.5   0.12287
   6457.5   0.12263
   6465.6   0.12239
   6473.6   0.12223
   6481.7   0.12208
   6489.8   0.12199
   6498.0   0.12182
   6506.1   0.12128
   6514.3   0.12082
   6522.5   0.12066
   6530.7   0.12033
   6539.0   0.11993
   6547.2   0.11967
   6555.5   0.11944
   6563.8   0.11916
   6572.1   0.11899
   6580.4   0.11870
   6588.8   0.11825
   6597.2   0.11792
   6605.6   0.11753
   6614.0   0.11722
   6622.5   0.11693
   6630.9   0.11678
   6639.4   0.11669
   6647.9   0.11623
   6656.5   0.11572
   6665.0   0.11545
   6673.6   0.11525
   6682.2   0.11509
   6690.8   0.11484
   6699.5   0.11452
   6708.1   0.11433
   6716.8   0.11415
   6725.5   0.11382
   6734.3   0.11349
   6743.0   0.11316
   6751.8   0.11285
   6760.6   0.11247
   6769.4   0.11217
   6778.3   0.11189
   6787.1   0.11162
   6796.0   0.11128
   6805.0   0.11080
   6813.9   0.11034
   6822.9   0.11005
   6831.9   0.10972
   6840.9   0.10927
   6849.9   0.10889
   6859.0   0.10869
   6868.0   0.10841
   6877.2   0.10781
   6886.3   0.10728
   6895.5   0.10689
   6904.6   0.10652
   6913.8   0.10614
   6923.1   0.10569
   6932.3   0.10524
   6941.6   0.10478
   6950.9   0.10438
   6960.2   0.10403
   6969.6   0.10351
   6979.0   0.10288
   6988.4   0.10241
   6997.8   0.10185
   7007.3   0.10128
   7016.8   0.10075
   7026.3   0.10023
   7035.8   0.09967
   7045.4   0.09927
   7054.9   0.09869
   7064.5   0.09803
   7074.2   0.09741
   7083.9   0.09685
   7093.5   0.09623
   7103.3   0.09565
   7113.0   0.09510
   7122.8   0.09452
   7132.6   0.09389
   7142.4   0.09335
   7152.2   0.09273
   7162.1   0.09210
   7172.0   0.09145
   7182.0   0.09074
   7191.9   0.09000
   7201.9   0.08934
   7211.9   0.08864
   7222.0   0.08791
   7232.0   0.08718
   7242.1   0.08645
   7252.3   0.08568
   7262.4   0.08490
   7272.6   0.08412
   7282.8   0.08337
   7293.1   0.08253
   7303.3   0.08177
   7313.6   0.08095
   7324.0   0.08014
   7334.3   0.07930
   7344.7   0.07846
   7355.1   0.07752
   7365.6   0.07662
   7376.1   0.07570
   7386.6   0.07481
   7397.1   0.07385
   7407.7   0.07292
   7418.3   0.07195
   7428.9   0.07101
   7439.6   0.07003
   7450.3   0.06907
   7461.0   0.06806
   7471.7   0.06707
   7482.5   0.06605
   7493.3   0.06506
   7504.1   0.06400
   7515.0   0.06296
   7525.9   0.06188
   7536.9   0.06084
   7547.9   0.05974
   7558.9   0.05870
   7569.9   0.05764
   7581.0   0.05662
   7592.0   0.05552
   7603.2   0.05446
   7614.4   0.05334
   7625.5   0.05224
   7636.8   0.05111
   7648.0   0.05003
   7659.3   0.04887
   7670.7   0.04771
   7682.0   0.04651
   7693.4   0.04535
   7704.9   0.04413
   7716.3   0.04296
   7727.8   0.04172
   7739.4   0.04050
   7750.9   0.03924
   7762.5   0.03807
   7774.2   0.03682
   7785.8   0.03559
   7797.5   0.03434
   7809.3   0.03313
   7821.1   0.03188
   7832.9   0.03067
   7844.7   0.02940
   7856.6   0.02826
   7868.5   0.02704
   7880.5   0.02586
   7892.5   0.02465
   7904.5   0.02352
   7916.6   0.02235
   7928.7   0.02125
   7940.8   0.02011
   7953.0   0.01907
   7965.2   0.01799
   7977.5   0.01699
   7989.8   0.01601
   8002.1   0.01513
   8014.5   0.01421
   8026.9   0.01342
   8039.3   0.01264
   8051.8   0.01196
   8064.3   0.01125
   8076.9   0.01064
   8089.5   0.01004
   8102.1   0.00957
   8114.8   0.00911
   8127.5   0.00874
   8140.3   0.00836
   8153.1   0.00812
   8165.9   0.00786
   8178.8   0.00771
   8191.7   0.00757
   8204.7   0.00757
   8217.7   0.00755
   8230.7   0.00764
   8243.8   0.00775
   8256.9   0.00795
   8270.1   0.00813
   8283.3   0.00841
   8296.6   0.00869
   8309.9   0.00905
   8323.2   0.00934
   8336.6   0.00968
   8350.0   0.01000
   8363.5   0.01037
   8377.0   0.01069
   8390.5   0.01106
   8404.2   0.01135
   8417.8   0.01168
   8431.5   0.01194
   8445.2   0.01221
   8459.0   0.01245
   8472.8   0.01272
   8486.7   0.01289
   8500.6   0.01313
   8514.5   0.01331
   8528.5   0.01351
   8542.6   0.01368
   8556.7   0.01387
   8570.8   0.01398
   8585.0   0.01414
   8599.3   0.01425
   8613.5   0.01443
   8627.9   0.01457
   8642.3   0.01474
   8656.7   0.01483
   8671.2   0.01496
   8685.7   0.01505
   8700.3   0.01518
   8714.9   0.01523
   8729.5   0.01533
   8744.3   0.01542
   8759.0   0.01554
   8773.9   0.01557
   8788.7   0.01565
   8803.7   0.01569
   8818.6   0.01580
   8833.7   0.01583
   8848.7   0.01588
   8863.8   0.01593
   8879.0   0.01601
   8894.3   0.01603
   8909.5   0.01611
   8924.9   0.01613
   8940.3   0.01618
   8955.7   0.01622
   8971.2   0.01633
   8986.8   0.01635
   9002.3   0.01639
   9018.0   0.01639
   9033.7   0.01647
   9049.5   0.01648
   9065.3   0.01652
   9081.2   0.01649
   9097.1   0.01648
   9113.1   0.01642
   9129.1   0.01643
   9145.2   0.01638
   9161.4   0.01635
   9177.6   0.01629
   9193.9   0.01625
   9210.2   0.01621
   9226.6   0.01628
   9243.0   0.01626
   9259.5   0.01631
   9276.1   0.01630
   9292.7   0.01639
   9309.4   0.01644
   9326.2   0.01648
   9343.0   0.01653
   9359.8   0.01662
   9376.8   0.01665
   9393.8   0.01674
   9410.8   0.01678
   9427.9   0.01687
   9445.1   0.01693
   9462.3   0.01705
   9479.6   0.01711
   9497.0   0.01723
   9514.4   0.01736
   9531.9   0.01748
   9549.4   0.01757
   9567.0   0.01771
   9584.7   0.01777
   9602.5   0.01787
   9620.3   0.01789
   9638.2   0.01797
   9656.1   0.01803
   9674.2   0.01814
   9692.2   0.01823
   9710.4   0.01835
   9728.6   0.01836
   9746.9   0.01845
   9765.2   0.01851
   9783.7   0.01857
   9802.2   0.01856
   9820.7   0.01861
   9839.4   0.01862
   9858.1   0.01869
   9876.8   0.01874
   9895.7   0.01878
   9914.6   0.01879
   9933.6   0.01892
   9952.7   0.01899
   9971.8   0.01907
   9991.0   0.01914
  10010.3   0.01925
  10029.7   0.01931
  10049.1   0.01943
  10068.6   0.01955
  10088.2   0.01972
  10107.9   0.01981
  10127.6   0.01988
  10147.5   0.01997
  10167.3   0.02009
  10187.3   0.02019
  10207.4   0.02032
  10227.5   0.02042
  10247.7   0.02060
  10268.0   0.02081
  10288.4   0.02111
  10308.8   0.02135
  10329.4   0.02158
  10350.0   0.02180
  10370.7   0.02207
  10391.5   0.02227
  10412.3   0.02249
  10433.3   0.02269
  10454.3   0.02287
  10475.4   0.02295
  10496.7   0.02313
  10517.9   0.02329
  10539.3   0.02346
  10560.8   0.02358
  10582.3   0.02370
  10604.0   0.02379
  10625.7   0.02392
  10647.5   0.02402
  10669.4   0.02414
  10691.4   0.02418
  10713.5   0.02433
  10735.7   0.02445
  10758.0   0.02455
  10780.3   0.02462
  10802.8   0.02476
  10825.4   0.02480
  10848.0   0.02485
  10870.8   0.02481
  10893.6   0.02479
  10916.5   0.02473
  10939.5   0.02471
  10962.7   0.02465
  10985.9   0.02464
  11009.2   0.02459
  11032.7   0.02460
  11056.2   0.02459
  11079.8   0.02461
  11103.5   0.02461
  11127.4   0.02470
  11151.3   0.02477
  11175.3   0.02489
  11199.5   0.02497
  11223.7   0.02501
  11248.0   0.02502
  11272.5   0.02516
  11297.1   0.02530
  11321.7   0.02545
  11346.5   0.02557
  11371.4   0.02574
  11396.4   0.02584
  11421.5   0.02594
  11446.7   0.02605
  11472.0   0.02615
  11497.5   0.02620
  11523.0   0.02626
  11548.7   0.02626
  11574.4   0.02638
  11600.3   0.02650
  11626.3   0.02658
  11652.5   0.02661
  11678.7   0.02673
  11705.1   0.02674
  11731.6   0.02682
  11758.2   0.02694
  11784.9   0.02709
  11811.7   0.02722
  11838.7   0.02734
  11865.8   0.02734
  11893.0   0.02747
  11920.3   0.02759
  11947.8   0.02776
  11975.4   0.02791
  12003.1   0.02813
  12031.0   0.02834
  12059.0   0.02860
  12087.1   0.02880
  12115.3   0.02900
  12143.7   0.02908
  12172.2   0.02920
  12200.8   0.02930
  12229.6   0.02933
  12258.5   0.02922
  12287.6   0.02909
  12316.8   0.02901
  12346.1   0.02884
  12375.5   0.02851
  12405.2   0.02820
  12434.9   0.02780
  12464.8   0.02739
  12494.8   0.02690
  12525.0   0.02647
  12555.3   0.02599
  12585.8   0.02549
  12616.4   0.02496
  12647.2   0.02443
  12678.1   0.02384
  12709.2   0.02318
  12740.4   0.02248
  12771.8   0.02182
  12803.3   0.02115
  12835.0   0.02063
  12866.9   0.02015
  12898.9   0.01976
  12931.1   0.01943
  12963.4   0.01924
  12995.9   0.01905
  13028.5   0.01893
  13061.3   0.01875
  13094.3   0.01856
  13127.5   0.01837
  13160.8   0.01820
  13194.3   0.01816
  13228.0   0.01827
  13261.8   0.01830
  13295.8   0.01837
  13330.0   0.01841
  13364.3   0.01844
  13398.8   0.01826
  13433.6   0.01809
  13468.5   0.01793
  13503.5   0.01781
  13538.8   0.01756
  13574.2   0.01734
  13609.9   0.01722
  13645.7   0.01723
  13681.7   0.01720
  13717.9   0.01723
  13754.3   0.01737
  13790.8   0.01755
  13827.6   0.01770
  13864.6   0.01785
  13901.8   0.01785
  13939.2   0.01788
  13976.7   0.01784
  14014.5   0.01771
  14052.5   0.01757
  14090.7   0.01747
  14129.0   0.01717
  14167.6   0.01692
  14206.5   0.01671
  14245.5   0.01655
  14284.7   0.01639
  14324.2   0.01623
  14363.9   0.01601
  14403.8   0.01589
  14443.9   0.01574
  14484.3   0.01564
  14524.8   0.01554
  14565.6   0.01551
  14606.7   0.01546
  14647.9   0.01547
  14689.4   0.01540
  14731.2   0.01527
  14773.1   0.01520
  14815.3   0.01526
  14857.8   0.01520
  14900.5   0.01529
  14943.4   0.01548
  14986.6   0.01577
  15030.0   0.01585
  15073.7   0.01586
  15117.7   0.01595
  15161.9   0.01602
  15206.3   0.01602
  15251.1   0.01606
  15296.1   0.01610
  15341.3   0.01623
  15386.8   0.01615
  15432.6   0.01609
  15478.7   0.01615
  15525.0   0.01637
  15571.7   0.01645
  15618.6   0.01647
  15665.8   0.01660
  15713.2   0.01687
  15761.0   0.01703
  15809.0   0.01718
  15857.4   0.01730
  15906.0   0.01753
  15955.0   0.01773
  16004.2   0.01788
  16053.8   0.01815
  16103.6   0.01835
  16153.8   0.01834
  16204.3   0.01836
  16255.1   0.01829
  16306.2   0.01839
  16357.6   0.01841
  16409.4   0.01851
  16461.5   0.01875
  16513.9   0.01914
  16566.7   0.01933
  16619.8   0.01961
  16673.2   0.01983
  16727.0   0.01999
  16781.1   0.02020
  16835.6   0.02039
  16890.5   0.02051
  16945.7   0.02097
  17001.2   0.02133
  17057.2   0.02149
  17113.4   0.02147
  17170.1   0.02151
  17227.2   0.02136
  17284.6   0.02136
  17342.4   0.02123
  17400.6   0.02110
  17459.2   0.02115
  17518.2   0.02148
  17577.5   0.02170
  17637.3   0.02181
  17697.5   0.02198
  17758.1   0.02218
  17819.2   0.02217
  17880.6   0.02212
  17942.5   0.02206
  18004.8   0.02204
  18067.5   0.02199
  18130.7   0.02225
  18194.3   0.02249
  18258.4   0.02275
  18322.9   0.02294
  18387.9   0.02340
  18453.3   0.02383
  18519.2   0.02417
  18585.6   0.02441
  18652.4   0.02463
  18719.8   0.02456
  18787.6   0.02439
  18855.9   0.02426
  18924.7   0.02432
  18994.1   0.02433
  19063.9   0.02419
  19134.2   0.02415
  19205.1   0.02445
  19276.5   0.02462
  19348.4   0.02473
  19420.9   0.02443
  19493.9   0.02435
  19567.5   0.02462
  19641.6   0.02472
  19716.3   0.02457
  19791.5   0.02466
  19867.3   0.02444
  19943.8   0.02423
  20020.8   0.02405
  20098.4   0.02397
  20176.6   0.02367
  20255.4   0.02341
  20334.8   0.02321
  20414.9   0.02316
  20495.6   0.02299
  20576.9   0.02331
  20658.9   0.02350
  20741.6   0.02374
  20824.8   0.02383
  20908.8   0.02374
  20993.5   0.02359
  21078.8   0.02324
  21164.8   0.02306
  21251.6   0.02335
  21339.1   0.02351
  21427.2   0.02376
  21516.1   0.02381
  21605.8   0.02381
  21696.2   0.02361
  21787.3   0.02358
  21879.3   0.02357
  21972.0   0.02372
  22065.5   0.02368
  22159.8   0.02356
  22254.9   0.02376
  22350.8   0.02356
  22447.6   0.02325
  22545.2   0.02290
  22643.6   0.02270
  22742.9   0.02288
  22843.1   0.02320
  22944.2   0.02360
  23046.2   0.02415
  23149.1   0.02456
  23252.9   0.02478
  23357.6   0.02485
  23463.3   0.02485
  23569.9   0.02524
  23677.6   0.02574
  23786.2   0.02579
  23895.8   0.02566
  24006.4   0.02588
  24118.1   0.02624
  24230.8   0.02638
  24344.5   0.02606
  24459.3   0.02630
  24575.3   0.02650
  24692.3   0.02670
  24810.4   0.02696
  24929.7   0.02714
  25050.1   0.02717
  25171.7   0.02746
  25294.5   0.02794
  25418.5   0.02834
  25543.7   0.02866
  25670.2   0.02880
  25797.9   0.02898
  25926.9   0.02932
  26057.2   0.02981
  26188.8   0.03035
  26321.7   0.03037
  26456.0   0.03044
  26591.7   0.03041
  26728.8   0.03057
  26867.2   0.03060
  27007.2   0.03076
  27148.6   0.03099
  27291.5   0.03084
  27435.9   0.03056
  27581.8   0.03073
  27729.3   0.03061
  27878.4   0.03029
  28029.1   0.03049
  28181.4   0.03105
  28335.4   0.03114
  28491.1   0.03140
  28648.5   0.03139
  28807.7   0.03142
  28968.6   0.03189
  29131.3   0.03213
  29295.9   0.03184
  29462.4   0.03207
  29630.7   0.03218
  29801.0   0.03264
  29973.3   0.03245
  30147.5   0.03230
  30323.8   0.03202
  30502.2   0.03251
  30682.7   0.03248
  30865.3   0.03195
  31050.2   0.03167
  31237.2   0.03152
  31426.5   0.03154
  31618.2   0.03188
  31812.1   0.03177
  32008.5   0.03111
  32207.3   0.03114
  32408.6   0.03156
  32612.4   0.03178
  32818.8   0.03264
  33027.9   0.03325
  33239.6   0.03385
  33454.1   0.03363
  33671.3   0.03357
  33891.4   0.03357
  34114.3   0.03270
  34340.3   0.03228
  34569.2   0.03289
  34801.2   0.03266
  35036.3   0.03166
  35274.7   0.03153
  35516.3   0.03203
  35761.2   0.03177
  36009.6   0.03210
  36261.4   0.03287
  36516.7   0.03272
  36775.7   0.03248
  37038.4   0.03275
  37304.9   0.03205
  37575.2   0.03126
  37849.5   0.03118
  38127.8   0.03087
  38410.2   0.03031
  38696.8   0.03035
  38987.8   0.02918
  39283.2   0.02864
  39583.0   0.03011
  39887.5   0.03076
  40196.7   0.03000
  40510.8   0.02991
  40829.7   0.03126
  41153.8   0.03220
  41483.0   0.03232
  41817.6   0.03345
  42157.5   0.03601
  42503.1   0.03668
  42854.4   0.03488
  43211.5   0.03385
  43574.6   0.03374
  43943.9   0.03287
  44319.5   0.03243
  44701.5   0.03442
  45090.2   0.03675
  45485.8   0.03676
  45888.3   0.03696
  46298.0   0.03675
  46715.1   0.03572
  47139.8   0.03599
  47572.3   0.03702
  48012.8   0.03837
  48461.5   0.03777
  48918.6   0.03879
  49384.6   0.03957
  49859.4   0.04097
  50343.5   0.04073
  50837.0   0.03722
  51340.4   0.03629
  51853.8   0.03768
  52377.6   0.03869
  52912.0   0.03890
  53457.5   0.03742
  54014.4   0.03833
  54582.9   0.03909
  55163.6   0.04024
  55756.8   0.03883
  56362.8   0.03563
  56982.2   0.03766
  57615.3   0.03769
  58262.7   0.03373
  58924.7   0.03567
  59602.0   0.03755
  60295.1   0.04002
  61004.4   0.04008
  61730.7   0.04082
  62474.4   0.04360
  63236.3   0.04311
  64017.0   0.03885
  64817.2   0.04003
  65637.7   0.04083
  66479.2   0.04670
  67342.6   0.04482
  68228.6   0.04474
  69138.4   0.04185
  70072.7   0.04408
  71032.6   0.04236
  72019.1   0.03895
  73033.5   0.04307
  74076.8   0.04218
  75150.4   0.03984
  76255.5   0.04621
  77393.7   0.04899
  78566.3   0.04638
  79775.0   0.04076
  81021.5   0.04183
  82307.6   0.03500
  83635.1   0.03627
  85006.2   0.04118
  86423.0   0.03792
  87887.8   0.03730
  89403.0   0.04149
  90971.5   0.04418
  92596.0   0.04801
  94279.6   0.05340
  96025.5   0.06118
  97837.3   0.04978
  99718.8   0.04387



 BIR1LS112           .ASC                        

 LS-GJT-112                                                              
 Lunar soil 65701,153 <150 um                                            
 Bulk density 1.096                                                      
 Connected at 2.5 & 20.5 um                                              

 Source Ang: 30.00   Detect Ang:  0.00  Volt: 1.222
 Date: 18-JUL-12   Time: 15:35:33
