  6016
    833.3   0.40786
    833.5   0.40823
    833.6   0.40837
    833.7   0.40728
    833.9   0.40607
    834.0   0.40656
    834.1   0.40684
    834.3   0.40640
    834.4   0.40647
    834.5   0.40668
    834.7   0.40636
    834.8   0.40661
    835.0   0.40758
    835.1   0.40794
    835.2   0.40734
    835.3   0.40759
    835.5   0.40747
    835.6   0.40781
    835.8   0.40763
    835.9   0.40648
    836.0   0.40552
    836.2   0.40571
    836.3   0.40644
    836.4   0.40573
    836.6   0.40493
    836.7   0.40598
    836.8   0.40658
    837.0   0.40580
    837.1   0.40609
    837.2   0.40645
    837.4   0.40668
    837.5   0.40707
    837.6   0.40692
    837.8   0.40661
    837.9   0.40588
    838.0   0.40592
    838.2   0.40629
    838.3   0.40583
    838.5   0.40520
    838.6   0.40487
    838.7   0.40526
    838.9   0.40599
    839.0   0.40615
    839.1   0.40613
    839.3   0.40676
    839.4   0.40702
    839.5   0.40606
    839.7   0.40541
    839.8   0.40582
    840.0   0.40705
    840.1   0.40690
    840.2   0.40550
    840.4   0.40479
    840.5   0.40524
    840.6   0.40521
    840.8   0.40481
    840.9   0.40438
    841.0   0.40504
    841.2   0.40561
    841.3   0.40514
    841.5   0.40447
    841.6   0.40425
    841.7   0.40492
    841.9   0.40516
    842.0   0.40536
    842.1   0.40580
    842.3   0.40555
    842.4   0.40541
    842.5   0.40533
    842.7   0.40517
    842.8   0.40535
    843.0   0.40467
    843.1   0.40415
    843.2   0.40433
    843.4   0.40459
    843.5   0.40426
    843.6   0.40420
    843.8   0.40464
    843.9   0.40498
    844.0   0.40478
    844.2   0.40429
    844.3   0.40494
    844.5   0.40500
    844.6   0.40457
    844.7   0.40451
    844.9   0.40488
    845.0   0.40501
    845.2   0.40495
    845.3   0.40465
    845.4   0.40393
    845.6   0.40355
    845.7   0.40391
    845.8   0.40424
    846.0   0.40398
    846.1   0.40373
    846.3   0.40351
    846.4   0.40308
    846.5   0.40312
    846.7   0.40383
    846.8   0.40467
    847.0   0.40432
    847.1   0.40454
    847.2   0.40511
    847.4   0.40425
    847.5   0.40279
    847.6   0.40294
    847.8   0.40378
    847.9   0.40337
    848.1   0.40386
    848.2   0.40422
    848.3   0.40366
    848.5   0.40296
    848.6   0.40371
    848.8   0.40449
    848.9   0.40342
    849.0   0.40306
    849.2   0.40300
    849.3   0.40276
    849.5   0.40332
    849.6   0.40372
    849.7   0.40408
    849.9   0.40410
    850.0   0.40342
    850.1   0.40271
    850.3   0.40351
    850.4   0.40420
    850.6   0.40396
    850.7   0.40325
    850.8   0.40312
    851.0   0.40318
    851.1   0.40239
    851.3   0.40206
    851.4   0.40300
    851.5   0.40279
    851.7   0.40275
    851.8   0.40265
    852.0   0.40199
    852.1   0.40228
    852.2   0.40274
    852.4   0.40257
    852.5   0.40190
    852.7   0.40137
    852.8   0.40181
    852.9   0.40254
    853.1   0.40208
    853.2   0.40198
    853.4   0.40249
    853.5   0.40324
    853.6   0.40251
    853.8   0.40197
    853.9   0.40236
    854.1   0.40242
    854.2   0.40247
    854.3   0.40272
    854.5   0.40251
    854.6   0.40197
    854.8   0.40154
    854.9   0.40205
    855.0   0.40240
    855.2   0.40176
    855.3   0.40144
    855.5   0.40152
    855.6   0.40187
    855.8   0.40210
    855.9   0.40254
    856.0   0.40276
    856.2   0.40239
    856.3   0.40162
    856.5   0.40103
    856.6   0.40078
    856.8   0.40117
    856.9   0.40166
    857.0   0.40092
    857.2   0.40044
    857.3   0.40112
    857.5   0.40095
    857.6   0.40120
    857.7   0.40190
    857.9   0.40156
    858.0   0.40128
    858.2   0.40151
    858.3   0.40095
    858.5   0.40045
    858.6   0.40029
    858.7   0.40104
    858.9   0.40142
    859.0   0.40158
    859.2   0.40141
    859.3   0.40100
    859.4   0.40086
    859.6   0.40091
    859.7   0.40092
    859.9   0.40092
    860.0   0.40112
    860.2   0.40103
    860.3   0.40113
    860.4   0.40084
    860.6   0.40116
    860.7   0.40115
    860.9   0.40056
    861.0   0.39968
    861.2   0.40012
    861.3   0.39987
    861.4   0.39961
    861.6   0.40079
    861.7   0.40112
    861.9   0.40082
    862.0   0.40072
    862.2   0.40068
    862.3   0.40027
    862.5   0.39985
    862.6   0.39968
    862.7   0.39958
    862.9   0.39982
    863.0   0.40049
    863.2   0.40072
    863.3   0.39993
    863.5   0.39948
    863.6   0.39979
    863.7   0.39979
    863.9   0.39982
    864.0   0.40009
    864.2   0.40080
    864.3   0.40139
    864.5   0.40041
    864.6   0.39924
    864.8   0.39907
    864.9   0.39916
    865.0   0.39933
    865.2   0.39928
    865.3   0.39938
    865.5   0.39913
    865.6   0.39878
    865.8   0.39921
    865.9   0.39922
    866.0   0.39901
    866.2   0.39884
    866.3   0.39869
    866.5   0.39888
    866.6   0.39911
    866.8   0.39964
    866.9   0.39941
    867.1   0.39871
    867.2   0.39889
    867.3   0.39891
    867.5   0.39867
    867.6   0.39862
    867.8   0.39892
    867.9   0.39897
    868.1   0.39873
    868.2   0.39874
    868.4   0.39866
    868.5   0.39865
    868.7   0.39879
    868.8   0.39902
    869.0   0.39906
    869.1   0.39910
    869.2   0.39942
    869.4   0.39935
    869.5   0.39833
    869.7   0.39786
    869.8   0.39815
    870.0   0.39859
    870.1   0.39814
    870.3   0.39750
    870.4   0.39801
    870.6   0.39836
    870.7   0.39764
    870.8   0.39756
    871.0   0.39796
    871.1   0.39789
    871.3   0.39739
    871.4   0.39755
    871.6   0.39802
    871.7   0.39810
    871.9   0.39813
    872.0   0.39817
    872.2   0.39807
    872.3   0.39788
    872.5   0.39754
    872.6   0.39752
    872.8   0.39777
    872.9   0.39753
    873.0   0.39730
    873.2   0.39755
    873.3   0.39812
    873.5   0.39759
    873.6   0.39728
    873.8   0.39767
    873.9   0.39761
    874.1   0.39744
    874.2   0.39654
    874.4   0.39643
    874.5   0.39719
    874.7   0.39755
    874.8   0.39706
    875.0   0.39665
    875.1   0.39675
    875.3   0.39692
    875.4   0.39726
    875.5   0.39778
    875.7   0.39779
    875.8   0.39700
    876.0   0.39646
    876.2   0.39674
    876.3   0.39662
    876.4   0.39666
    876.6   0.39703
    876.7   0.39748
    876.9   0.39724
    877.0   0.39679
    877.2   0.39699
    877.3   0.39685
    877.5   0.39664
    877.6   0.39632
    877.8   0.39642
    877.9   0.39711
    878.1   0.39764
    878.2   0.39778
    878.4   0.39755
    878.5   0.39707
    878.7   0.39668
    878.8   0.39659
    879.0   0.39636
    879.1   0.39632
    879.3   0.39666
    879.4   0.39691
    879.6   0.39633
    879.7   0.39620
    879.9   0.39614
    880.0   0.39582
    880.2   0.39624
    880.3   0.39673
    880.5   0.39637
    880.6   0.39665
    880.8   0.39685
    880.9   0.39641
    881.1   0.39553
    881.2   0.39534
    881.4   0.39564
    881.5   0.39584
    881.7   0.39573
    881.8   0.39636
    882.0   0.39693
    882.1   0.39633
    882.3   0.39563
    882.4   0.39597
    882.6   0.39592
    882.7   0.39567
    882.9   0.39504
    883.0   0.39487
    883.2   0.39523
    883.3   0.39563
    883.5   0.39610
    883.6   0.39557
    883.8   0.39504
    883.9   0.39571
    884.1   0.39593
    884.2   0.39554
    884.4   0.39537
    884.5   0.39530
    884.7   0.39519
    884.8   0.39491
    885.0   0.39495
    885.1   0.39549
    885.3   0.39582
    885.4   0.39572
    885.6   0.39508
    885.7   0.39469
    885.9   0.39517
    886.0   0.39498
    886.2   0.39522
    886.3   0.39505
    886.5   0.39505
    886.6   0.39517
    886.8   0.39482
    886.9   0.39472
    887.1   0.39480
    887.2   0.39492
    887.4   0.39468
    887.5   0.39453
    887.7   0.39445
    887.8   0.39470
    888.0   0.39457
    888.2   0.39481
    888.3   0.39504
    888.5   0.39461
    888.6   0.39496
    888.8   0.39478
    888.9   0.39406
    889.1   0.39406
    889.2   0.39434
    889.4   0.39445
    889.5   0.39461
    889.7   0.39446
    889.8   0.39434
    890.0   0.39432
    890.1   0.39407
    890.3   0.39381
    890.4   0.39426
    890.6   0.39450
    890.8   0.39409
    890.9   0.39375
    891.0   0.39398
    891.2   0.39356
    891.4   0.39354
    891.5   0.39387
    891.7   0.39418
    891.8   0.39428
    892.0   0.39433
    892.1   0.39442
    892.3   0.39382
    892.4   0.39374
    892.6   0.39373
    892.7   0.39402
    892.9   0.39401
    893.0   0.39323
    893.2   0.39311
    893.4   0.39373
    893.5   0.39432
    893.7   0.39429
    893.8   0.39416
    894.0   0.39457
    894.1   0.39431
    894.3   0.39393
    894.4   0.39348
    894.6   0.39335
    894.7   0.39340
    894.9   0.39328
    895.0   0.39366
    895.2   0.39374
    895.4   0.39315
    895.5   0.39296
    895.7   0.39318
    895.8   0.39302
    896.0   0.39353
    896.1   0.39363
    896.3   0.39338
    896.4   0.39383
    896.6   0.39419
    896.8   0.39405
    896.9   0.39348
    897.1   0.39300
    897.2   0.39351
    897.4   0.39370
    897.5   0.39364
    897.7   0.39319
    897.8   0.39265
    898.0   0.39294
    898.2   0.39328
    898.3   0.39289
    898.5   0.39313
    898.6   0.39376
    898.8   0.39318
    898.9   0.39258
    899.1   0.39306
    899.2   0.39313
    899.4   0.39280
    899.6   0.39274
    899.7   0.39276
    899.9   0.39246
    900.0   0.39244
    900.2   0.39244
    900.3   0.39220
    900.5   0.39256
    900.7   0.39250
    900.8   0.39276
    901.0   0.39297
    901.1   0.39273
    901.3   0.39260
    901.4   0.39262
    901.6   0.39229
    901.8   0.39220
    901.9   0.39257
    902.1   0.39260
    902.2   0.39246
    902.4   0.39269
    902.5   0.39241
    902.7   0.39208
    902.8   0.39187
    903.0   0.39215
    903.2   0.39241
    903.3   0.39240
    903.5   0.39219
    903.6   0.39211
    903.8   0.39221
    904.0   0.39198
    904.1   0.39197
    904.3   0.39230
    904.4   0.39211
    904.6   0.39178
    904.7   0.39216
    904.9   0.39238
    905.0   0.39208
    905.2   0.39149
    905.4   0.39156
    905.5   0.39167
    905.7   0.39154
    905.8   0.39145
    906.0   0.39168
    906.2   0.39179
    906.3   0.39188
    906.5   0.39207
    906.6   0.39215
    906.8   0.39192
    907.0   0.39172
    907.1   0.39193
    907.3   0.39210
    907.4   0.39203
    907.6   0.39186
    907.7   0.39155
    907.9   0.39129
    908.1   0.39133
    908.2   0.39135
    908.4   0.39153
    908.5   0.39169
    908.7   0.39137
    908.9   0.39129
    909.0   0.39138
    909.2   0.39166
    909.3   0.39193
    909.5   0.39184
    909.7   0.39139
    909.8   0.39107
    910.0   0.39096
    910.1   0.39102
    910.3   0.39103
    910.5   0.39095
    910.6   0.39075
    910.8   0.39081
    910.9   0.39078
    911.1   0.39049
    911.3   0.39049
    911.4   0.39070
    911.6   0.39081
    911.7   0.39080
    911.9   0.39112
    912.1   0.39137
    912.2   0.39102
    912.4   0.39078
    912.5   0.39111
    912.7   0.39155
    912.9   0.39120
    913.0   0.39097
    913.2   0.39076
    913.3   0.39069
    913.5   0.39113
    913.7   0.39126
    913.8   0.39111
    914.0   0.39133
    914.2   0.39129
    914.3   0.39116
    914.5   0.39117
    914.6   0.39137
    914.8   0.39114
    915.0   0.39093
    915.1   0.39076
    915.3   0.39072
    915.4   0.39089
    915.6   0.39104
    915.8   0.39068
    915.9   0.39059
    916.1   0.39063
    916.3   0.39070
    916.4   0.39063
    916.6   0.39035
    916.7   0.39037
    916.9   0.39090
    917.1   0.39104
    917.2   0.39099
    917.4   0.39062
    917.5   0.39011
    917.7   0.39025
    917.9   0.39027
    918.0   0.39039
    918.2   0.39064
    918.4   0.39049
    918.5   0.39041
    918.7   0.39060
    918.8   0.39054
    919.0   0.39021
    919.2   0.38997
    919.3   0.38991
    919.5   0.39012
    919.7   0.39032
    919.8   0.39008
    920.0   0.38971
    920.2   0.38970
    920.3   0.38993
    920.5   0.39030
    920.6   0.39052
    920.8   0.39026
    921.0   0.38995
    921.1   0.39010
    921.3   0.39048
    921.5   0.39055
    921.6   0.39041
    921.8   0.39071
    922.0   0.39075
    922.1   0.39025
    922.3   0.39006
    922.4   0.39003
    922.6   0.39010
    922.8   0.39051
    922.9   0.39050
    923.1   0.39008
    923.3   0.39012
    923.4   0.39034
    923.6   0.39033
    923.8   0.39020
    923.9   0.39017
    924.1   0.39025
    924.3   0.39027
    924.4   0.39006
    924.6   0.38994
    924.7   0.38985
    924.9   0.39002
    925.1   0.39012
    925.2   0.39010
    925.4   0.39023
    925.6   0.39018
    925.7   0.38992
    925.9   0.38964
    926.1   0.38954
    926.2   0.38984
    926.4   0.38996
    926.6   0.39009
    926.7   0.39035
    926.9   0.39028
    927.1   0.38988
    927.2   0.38927
    927.4   0.38934
    927.6   0.38972
    927.7   0.38985
    927.9   0.38976
    928.0   0.38990
    928.2   0.38978
    928.4   0.38992
    928.5   0.39004
    928.7   0.38967
    928.9   0.38938
    929.0   0.38959
    929.2   0.38957
    929.4   0.38945
    929.5   0.38958
    929.7   0.38981
    929.9   0.38978
    930.0   0.38984
    930.2   0.38951
    930.4   0.38910
    930.5   0.38934
    930.7   0.38950
    930.9   0.38935
    931.0   0.38940
    931.2   0.38947
    931.4   0.38952
    931.6   0.38949
    931.7   0.38926
    931.9   0.38914
    932.1   0.38922
    932.2   0.38970
    932.4   0.38995
    932.6   0.38972
    932.7   0.38963
    932.9   0.38945
    933.1   0.38912
    933.2   0.38936
    933.4   0.38942
    933.6   0.38932
    933.7   0.38948
    933.9   0.38961
    934.1   0.38950
    934.2   0.38931
    934.4   0.38959
    934.6   0.38959
    934.8   0.38949
    934.9   0.38939
    935.1   0.38952
    935.3   0.38938
    935.4   0.38933
    935.6   0.38965
    935.8   0.38980
    935.9   0.38953
    936.1   0.38936
    936.3   0.38928
    936.4   0.38928
    936.6   0.38959
    936.8   0.38950
    936.9   0.38934
    937.1   0.38925
    937.3   0.38929
    937.5   0.38951
    937.6   0.38947
    937.8   0.38953
    938.0   0.38974
    938.1   0.38971
    938.3   0.38935
    938.5   0.38909
    938.6   0.38908
    938.8   0.38931
    939.0   0.38919
    939.2   0.38929
    939.3   0.38952
    939.5   0.38930
    939.7   0.38907
    939.8   0.38923
    940.0   0.38930
    940.2   0.38914
    940.3   0.38928
    940.5   0.38936
    940.7   0.38906
    940.8   0.38894
    941.0   0.38914
    941.2   0.38923
    941.4   0.38919
    941.5   0.38905
    941.7   0.38881
    941.9   0.38870
    942.0   0.38891
    942.2   0.38923
    942.4   0.38931
    942.6   0.38917
    942.7   0.38880
    942.9   0.38875
    943.1   0.38896
    943.3   0.38917
    943.4   0.38891
    943.6   0.38870
    943.8   0.38883
    943.9   0.38912
    944.1   0.38897
    944.3   0.38889
    944.5   0.38897
    944.6   0.38916
    944.8   0.38905
    945.0   0.38903
    945.1   0.38920
    945.3   0.38926
    945.5   0.38927
    945.7   0.38916
    945.8   0.38891
    946.0   0.38877
    946.2   0.38879
    946.3   0.38901
    946.5   0.38917
    946.7   0.38927
    946.9   0.38927
    947.0   0.38914
    947.2   0.38927
    947.4   0.38914
    947.6   0.38879
    947.7   0.38900
    947.9   0.38895
    948.1   0.38898
    948.3   0.38901
    948.4   0.38889
    948.6   0.38912
    948.8   0.38937
    949.0   0.38935
    949.1   0.38935
    949.3   0.38931
    949.5   0.38922
    949.6   0.38913
    949.8   0.38911
    950.0   0.38896
    950.2   0.38885
    950.3   0.38892
    950.5   0.38906
    950.7   0.38904
    950.9   0.38896
    951.0   0.38919
    951.2   0.38937
    951.4   0.38914
    951.6   0.38913
    951.7   0.38900
    951.9   0.38881
    952.1   0.38886
    952.3   0.38901
    952.4   0.38902
    952.6   0.38901
    952.8   0.38906
    953.0   0.38895
    953.1   0.38901
    953.3   0.38913
    953.5   0.38924
    953.7   0.38915
    953.8   0.38896
    954.0   0.38886
    954.2   0.38871
    954.4   0.38892
    954.5   0.38912
    954.7   0.38905
    954.9   0.38894
    955.1   0.38896
    955.2   0.38902
    955.4   0.38925
    955.6   0.38933
    955.8   0.38937
    956.0   0.38946
    956.1   0.38934
    956.3   0.38911
    956.5   0.38881
    956.7   0.38887
    956.8   0.38918
    957.0   0.38914
    957.2   0.38922
    957.4   0.38929
    957.5   0.38914
    957.7   0.38913
    957.9   0.38918
    958.1   0.38901
    958.2   0.38917
    958.4   0.38941
    958.6   0.38932
    958.8   0.38910
    959.0   0.38901
    959.1   0.38902
    959.3   0.38903
    959.5   0.38923
    959.7   0.38943
    959.8   0.38942
    960.0   0.38924
    960.2   0.38924
    960.4   0.38914
    960.5   0.38906
    960.7   0.38918
    960.9   0.38924
    961.1   0.38931
    961.3   0.38925
    961.4   0.38913
    961.6   0.38911
    961.8   0.38908
    962.0   0.38916
    962.2   0.38953
    962.3   0.38949
    962.5   0.38939
    962.7   0.38942
    962.9   0.38945
    963.0   0.38934
    963.2   0.38923
    963.4   0.38941
    963.6   0.38932
    963.8   0.38921
    963.9   0.38906
    964.1   0.38910
    964.3   0.38927
    964.5   0.38935
    964.7   0.38926
    964.8   0.38919
    965.0   0.38936
    965.2   0.38938
    965.4   0.38938
    965.6   0.38937
    965.7   0.38950
    965.9   0.38943
    966.1   0.38933
    966.3   0.38933
    966.5   0.38950
    966.6   0.38950
    966.8   0.38955
    967.0   0.38958
    967.2   0.38966
    967.4   0.38966
    967.5   0.38973
    967.7   0.38963
    967.9   0.38950
    968.1   0.38951
    968.3   0.38962
    968.4   0.38960
    968.6   0.38966
    968.8   0.38959
    969.0   0.38938
    969.2   0.38947
    969.3   0.38962
    969.5   0.38955
    969.7   0.38950
    969.9   0.38954
    970.1   0.38977
    970.3   0.38989
    970.4   0.38981
    970.6   0.38963
    970.8   0.38972
    971.0   0.38987
    971.2   0.38982
    971.3   0.38984
    971.5   0.38986
    971.7   0.38983
    971.9   0.38986
    972.1   0.38991
    972.3   0.38990
    972.4   0.38990
    972.6   0.38998
    972.8   0.38983
    973.0   0.38969
    973.2   0.38980
    973.3   0.38972
    973.5   0.38960
    973.7   0.38978
    973.9   0.39001
    974.1   0.39003
    974.3   0.38989
    974.5   0.38980
    974.6   0.38994
    974.8   0.38989
    975.0   0.38986
    975.2   0.38988
    975.4   0.38991
    975.5   0.38999
    975.7   0.38992
    975.9   0.38977
    976.1   0.38990
    976.3   0.38997
    976.5   0.38992
    976.7   0.39000
    976.8   0.39007
    977.0   0.39000
    977.2   0.38996
    977.4   0.38999
    977.6   0.38990
    977.8   0.38998
    977.9   0.39009
    978.1   0.39010
    978.3   0.39011
    978.5   0.39015
    978.7   0.39011
    978.9   0.39029
    979.0   0.39030
    979.2   0.39004
    979.4   0.39011
    979.6   0.39020
    979.8   0.39018
    980.0   0.39023
    980.2   0.39038
    980.3   0.39039
    980.5   0.39033
    980.7   0.39042
    980.9   0.39054
    981.1   0.39060
    981.3   0.39059
    981.5   0.39036
    981.7   0.39024
    981.8   0.39029
    982.0   0.39020
    982.2   0.39034
    982.4   0.39055
    982.6   0.39050
    982.8   0.39047
    983.0   0.39070
    983.1   0.39060
    983.3   0.39037
    983.5   0.39044
    983.7   0.39050
    983.9   0.39051
    984.1   0.39056
    984.3   0.39066
    984.4   0.39062
    984.6   0.39045
    984.8   0.39044
    985.0   0.39054
    985.2   0.39069
    985.4   0.39060
    985.6   0.39041
    985.8   0.39054
    985.9   0.39059
    986.1   0.39058
    986.3   0.39072
    986.5   0.39067
    986.7   0.39068
    986.9   0.39078
    987.1   0.39071
    987.3   0.39071
    987.4   0.39081
    987.6   0.39089
    987.8   0.39084
    988.0   0.39085
    988.2   0.39092
    988.4   0.39092
    988.6   0.39097
    988.8   0.39094
    989.0   0.39080
    989.1   0.39080
    989.3   0.39075
    989.5   0.39061
    989.7   0.39060
    989.9   0.39089
    990.1   0.39109
    990.3   0.39108
    990.5   0.39098
    990.7   0.39093
    990.8   0.39105
    991.0   0.39107
    991.2   0.39091
    991.4   0.39077
    991.6   0.39096
    991.8   0.39111
    992.0   0.39096
    992.2   0.39107
    992.4   0.39135
    992.5   0.39127
    992.7   0.39106
    992.9   0.39098
    993.1   0.39111
    993.3   0.39121
    993.5   0.39122
    993.7   0.39123
    993.9   0.39121
    994.1   0.39125
    994.3   0.39139
    994.5   0.39128
    994.6   0.39109
    994.8   0.39123
    995.0   0.39143
    995.2   0.39126
    995.4   0.39127
    995.6   0.39134
    995.8   0.39128
    996.0   0.39112
    996.2   0.39110
    996.4   0.39124
    996.5   0.39127
    996.7   0.39132
    996.9   0.39141
    997.1   0.39138
    997.3   0.39144
    997.5   0.39147
    997.7   0.39151
    997.9   0.39146
    998.1   0.39151
    998.3   0.39161
    998.5   0.39169
    998.7   0.39165
    998.9   0.39173
    999.0   0.39173
    999.2   0.39166
    999.4   0.39178
    999.6   0.39162
    999.8   0.39143
   1000.0   0.39143
   1000.2   0.39161
   1000.4   0.39168
   1000.6   0.39157
   1000.8   0.39158
   1001.0   0.39170
   1001.2   0.39170
   1001.4   0.39166
   1001.6   0.39181
   1001.8   0.39195
   1001.9   0.39173
   1002.1   0.39174
   1002.3   0.39194
   1002.5   0.39182
   1002.7   0.39171
   1002.9   0.39185
   1003.1   0.39198
   1003.3   0.39201
   1003.5   0.39206
   1003.7   0.39220
   1003.9   0.39217
   1004.1   0.39198
   1004.3   0.39195
   1004.5   0.39195
   1004.7   0.39207
   1004.9   0.39211
   1005.0   0.39198
   1005.3   0.39190
   1005.4   0.39201
   1005.6   0.39222
   1005.8   0.39223
   1006.0   0.39216
   1006.2   0.39221
   1006.4   0.39226
   1006.6   0.39215
   1006.8   0.39203
   1007.0   0.39216
   1007.2   0.39214
   1007.4   0.39221
   1007.6   0.39223
   1007.8   0.39231
   1008.0   0.39225
   1008.2   0.39211
   1008.4   0.39225
   1008.6   0.39244
   1008.8   0.39236
   1009.0   0.39213
   1009.2   0.39204
   1009.4   0.39207
   1009.5   0.39225
   1009.8   0.39246
   1010.0   0.39240
   1010.1   0.39239
   1010.3   0.39248
   1010.5   0.39239
   1010.7   0.39245
   1010.9   0.39256
   1011.1   0.39255
   1011.3   0.39244
   1011.5   0.39243
   1011.7   0.39245
   1011.9   0.39251
   1012.1   0.39255
   1012.3   0.39267
   1012.5   0.39262
   1012.7   0.39253
   1012.9   0.39264
   1013.1   0.39274
   1013.3   0.39271
   1013.5   0.39260
   1013.7   0.39267
   1013.9   0.39272
   1014.1   0.39266
   1014.3   0.39254
   1014.5   0.39258
   1014.7   0.39272
   1014.9   0.39256
   1015.1   0.39252
   1015.3   0.39258
   1015.5   0.39257
   1015.7   0.39274
   1015.9   0.39286
   1016.1   0.39290
   1016.3   0.39291
   1016.5   0.39293
   1016.7   0.39290
   1016.9   0.39278
   1017.1   0.39282
   1017.3   0.39284
   1017.5   0.39282
   1017.7   0.39285
   1017.9   0.39290
   1018.1   0.39287
   1018.3   0.39305
   1018.5   0.39312
   1018.7   0.39296
   1018.9   0.39296
   1019.1   0.39303
   1019.3   0.39301
   1019.5   0.39301
   1019.7   0.39290
   1019.9   0.39287
   1020.1   0.39309
   1020.3   0.39320
   1020.5   0.39310
   1020.7   0.39298
   1020.9   0.39300
   1021.1   0.39312
   1021.3   0.39315
   1021.5   0.39312
   1021.7   0.39330
   1021.9   0.39338
   1022.1   0.39325
   1022.3   0.39310
   1022.5   0.39320
   1022.7   0.39338
   1022.9   0.39326
   1023.1   0.39300
   1023.3   0.39299
   1023.5   0.39306
   1023.7   0.39302
   1023.9   0.39301
   1024.1   0.39308
   1024.3   0.39321
   1024.5   0.39328
   1024.7   0.39333
   1024.9   0.39329
   1025.1   0.39334
   1025.3   0.39330
   1025.5   0.39329
   1025.7   0.39314
   1025.9   0.39324
   1026.1   0.39345
   1026.3   0.39341
   1026.5   0.39334
   1026.8   0.39328
   1026.9   0.39335
   1027.2   0.39336
   1027.4   0.39347
   1027.6   0.39352
   1027.8   0.39342
   1028.0   0.39333
   1028.2   0.39334
   1028.4   0.39328
   1028.6   0.39321
   1028.8   0.39316
   1029.0   0.39318
   1029.2   0.39336
   1029.4   0.39344
   1029.6   0.39339
   1029.8   0.39339
   1030.0   0.39363
   1030.2   0.39375
   1030.4   0.39363
   1030.6   0.39342
   1030.8   0.39354
   1031.0   0.39349
   1031.2   0.39336
   1031.4   0.39326
   1031.7   0.39334
   1031.8   0.39344
   1032.1   0.39346
   1032.3   0.39338
   1032.5   0.39330
   1032.7   0.39329
   1032.9   0.39331
   1033.1   0.39351
   1033.3   0.39361
   1033.5   0.39352
   1033.7   0.39342
   1033.9   0.39353
   1034.1   0.39351
   1034.3   0.39340
   1034.5   0.39352
   1034.7   0.39362
   1034.9   0.39365
   1035.2   0.39360
   1035.4   0.39362
   1035.6   0.39372
   1035.8   0.39359
   1036.0   0.39343
   1036.2   0.39352
   1036.4   0.39360
   1036.6   0.39364
   1036.8   0.39362
   1037.0   0.39361
   1037.2   0.39367
   1037.4   0.39357
   1037.6   0.39356
   1037.8   0.39365
   1038.1   0.39361
   1038.3   0.39352
   1038.5   0.39346
   1038.7   0.39343
   1038.9   0.39354
   1039.1   0.39370
   1039.3   0.39368
   1039.5   0.39370
   1039.7   0.39365
   1039.9   0.39361
   1040.1   0.39357
   1040.3   0.39344
   1040.6   0.39354
   1040.8   0.39367
   1041.0   0.39367
   1041.2   0.39364
   1041.4   0.39362
   1041.6   0.39360
   1041.8   0.39355
   1042.0   0.39345
   1042.2   0.39356
   1042.4   0.39365
   1042.6   0.39374
   1042.8   0.39380
   1043.1   0.39381
   1043.3   0.39380
   1043.5   0.39382
   1043.7   0.39381
   1043.9   0.39380
   1044.1   0.39381
   1044.3   0.39366
   1044.5   0.39365
   1044.8   0.39368
   1045.0   0.39364
   1045.2   0.39363
   1045.4   0.39368
   1045.6   0.39377
   1045.8   0.39380
   1046.0   0.39374
   1046.2   0.39373
   1046.4   0.39376
   1046.6   0.39371
   1046.9   0.39360
   1047.1   0.39371
   1047.3   0.39369
   1047.5   0.39365
   1047.7   0.39368
   1047.9   0.39364
   1048.1   0.39377
   1048.3   0.39373
   1048.6   0.39370
   1048.8   0.39376
   1049.0   0.39380
   1049.2   0.39378
   1049.4   0.39376
   1049.6   0.39373
   1049.8   0.39382
   1050.0   0.39393
   1050.3   0.39389
   1050.5   0.39384
   1050.7   0.39374
   1050.9   0.39374
   1051.1   0.39377
   1051.3   0.39375
   1051.5   0.39367
   1051.7   0.39364
   1051.9   0.39369
   1052.2   0.39378
   1052.4   0.39377
   1052.6   0.39374
   1052.8   0.39377
   1053.0   0.39390
   1053.2   0.39380
   1053.4   0.39364
   1053.7   0.39367
   1053.9   0.39369
   1054.1   0.39362
   1054.3   0.39360
   1054.5   0.39364
   1054.7   0.39373
   1054.9   0.39373
   1055.2   0.39359
   1055.4   0.39358
   1055.6   0.39374
   1055.8   0.39369
   1056.0   0.39369
   1056.2   0.39388
   1056.4   0.39386
   1056.7   0.39372
   1056.9   0.39370
   1057.1   0.39373
   1057.3   0.39373
   1057.5   0.39364
   1057.8   0.39355
   1058.0   0.39368
   1058.2   0.39371
   1058.4   0.39358
   1058.6   0.39342
   1058.8   0.39347
   1059.0   0.39361
   1059.3   0.39366
   1059.5   0.39363
   1059.7   0.39370
   1059.9   0.39368
   1060.1   0.39363
   1060.3   0.39371
   1060.6   0.39364
   1060.8   0.39363
   1061.0   0.39363
   1061.2   0.39356
   1061.4   0.39359
   1061.7   0.39360
   1061.9   0.39357
   1062.1   0.39360
   1062.3   0.39355
   1062.5   0.39350
   1062.7   0.39357
   1062.9   0.39364
   1063.2   0.39370
   1063.4   0.39374
   1063.6   0.39370
   1063.8   0.39365
   1064.0   0.39359
   1064.3   0.39356
   1064.5   0.39362
   1064.7   0.39372
   1064.9   0.39358
   1065.1   0.39343
   1065.3   0.39352
   1065.6   0.39361
   1065.8   0.39362
   1066.0   0.39357
   1066.2   0.39350
   1066.4   0.39344
   1066.7   0.39349
   1066.9   0.39360
   1067.1   0.39367
   1067.3   0.39364
   1067.6   0.39353
   1067.8   0.39340
   1068.0   0.39341
   1068.2   0.39347
   1068.4   0.39346
   1068.7   0.39344
   1068.9   0.39346
   1069.1   0.39336
   1069.3   0.39333
   1069.5   0.39342
   1069.8   0.39351
   1070.0   0.39349
   1070.2   0.39343
   1070.4   0.39344
   1070.6   0.39352
   1070.8   0.39357
   1071.1   0.39341
   1071.3   0.39337
   1071.5   0.39344
   1071.7   0.39341
   1072.0   0.39338
   1072.2   0.39338
   1072.4   0.39334
   1072.6   0.39331
   1072.8   0.39338
   1073.1   0.39339
   1073.3   0.39346
   1073.5   0.39333
   1073.7   0.39320
   1074.0   0.39322
   1074.2   0.39327
   1074.4   0.39333
   1074.6   0.39341
   1074.8   0.39341
   1075.1   0.39337
   1075.3   0.39342
   1075.5   0.39337
   1075.7   0.39326
   1076.0   0.39330
   1076.2   0.39332
   1076.4   0.39330
   1076.6   0.39324
   1076.9   0.39326
   1077.1   0.39323
   1077.3   0.39322
   1077.5   0.39329
   1077.8   0.39336
   1078.0   0.39334
   1078.2   0.39323
   1078.4   0.39319
   1078.7   0.39319
   1078.9   0.39318
   1079.1   0.39315
   1079.3   0.39326
   1079.6   0.39318
   1079.8   0.39316
   1080.0   0.39323
   1080.2   0.39329
   1080.4   0.39327
   1080.7   0.39321
   1080.9   0.39314
   1081.1   0.39311
   1081.3   0.39311
   1081.6   0.39313
   1081.8   0.39322
   1082.0   0.39327
   1082.3   0.39317
   1082.5   0.39306
   1082.7   0.39299
   1082.9   0.39300
   1083.2   0.39303
   1083.4   0.39302
   1083.6   0.39303
   1083.8   0.39311
   1084.1   0.39308
   1084.3   0.39299
   1084.5   0.39304
   1084.8   0.39304
   1085.0   0.39290
   1085.2   0.39290
   1085.4   0.39289
   1085.7   0.39284
   1085.9   0.39289
   1086.1   0.39289
   1086.3   0.39287
   1086.6   0.39287
   1086.8   0.39290
   1087.0   0.39282
   1087.3   0.39286
   1087.5   0.39299
   1087.7   0.39299
   1087.9   0.39292
   1088.2   0.39279
   1088.4   0.39270
   1088.6   0.39274
   1088.8   0.39277
   1089.1   0.39278
   1089.3   0.39280
   1089.5   0.39287
   1089.8   0.39287
   1090.0   0.39283
   1090.2   0.39282
   1090.4   0.39276
   1090.7   0.39269
   1090.9   0.39278
   1091.1   0.39284
   1091.4   0.39282
   1091.6   0.39285
   1091.8   0.39281
   1092.1   0.39266
   1092.3   0.39265
   1092.5   0.39269
   1092.8   0.39264
   1093.0   0.39258
   1093.2   0.39258
   1093.4   0.39258
   1093.7   0.39254
   1093.9   0.39258
   1094.1   0.39269
   1094.4   0.39264
   1094.6   0.39255
   1094.8   0.39251
   1095.1   0.39249
   1095.3   0.39249
   1095.5   0.39246
   1095.8   0.39252
   1096.0   0.39252
   1096.2   0.39242
   1096.4   0.39240
   1096.7   0.39240
   1096.9   0.39242
   1097.1   0.39253
   1097.4   0.39257
   1097.6   0.39254
   1097.8   0.39250
   1098.1   0.39247
   1098.3   0.39244
   1098.5   0.39245
   1098.8   0.39251
   1099.0   0.39246
   1099.2   0.39255
   1099.5   0.39257
   1099.7   0.39235
   1099.9   0.39223
   1100.2   0.39224
   1100.4   0.39221
   1100.6   0.39224
   1100.9   0.39233
   1101.1   0.39227
   1101.3   0.39225
   1101.6   0.39225
   1101.8   0.39223
   1102.0   0.39217
   1102.3   0.39215
   1102.5   0.39221
   1102.7   0.39220
   1103.0   0.39215
   1103.2   0.39209
   1103.4   0.39211
   1103.7   0.39218
   1103.9   0.39226
   1104.2   0.39226
   1104.4   0.39224
   1104.6   0.39219
   1104.9   0.39215
   1105.1   0.39209
   1105.3   0.39202
   1105.6   0.39197
   1105.8   0.39201
   1106.0   0.39209
   1106.3   0.39204
   1106.5   0.39194
   1106.7   0.39193
   1107.0   0.39192
   1107.2   0.39187
   1107.4   0.39198
   1107.7   0.39207
   1107.9   0.39193
   1108.2   0.39182
   1108.4   0.39185
   1108.6   0.39180
   1108.9   0.39185
   1109.1   0.39188
   1109.3   0.39190
   1109.6   0.39197
   1109.8   0.39196
   1110.1   0.39188
   1110.3   0.39181
   1110.5   0.39181
   1110.8   0.39177
   1111.0   0.39172
   1111.3   0.39174
   1111.5   0.39184
   1111.7   0.39184
   1112.0   0.39175
   1112.2   0.39169
   1112.4   0.39173
   1112.7   0.39170
   1112.9   0.39172
   1113.2   0.39178
   1113.4   0.39172
   1113.6   0.39163
   1113.9   0.39162
   1114.1   0.39160
   1114.3   0.39158
   1114.6   0.39155
   1114.8   0.39156
   1115.1   0.39166
   1115.3   0.39172
   1115.6   0.39165
   1115.8   0.39153
   1116.0   0.39152
   1116.3   0.39149
   1116.5   0.39150
   1116.8   0.39152
   1117.0   0.39149
   1117.2   0.39149
   1117.5   0.39146
   1117.7   0.39134
   1118.0   0.39132
   1118.2   0.39134
   1118.4   0.39138
   1118.7   0.39142
   1118.9   0.39144
   1119.2   0.39142
   1119.4   0.39140
   1119.7   0.39134
   1119.9   0.39132
   1120.1   0.39132
   1120.4   0.39128
   1120.6   0.39129
   1120.9   0.39134
   1121.1   0.39134
   1121.3   0.39130
   1121.6   0.39120
   1121.8   0.39109
   1122.1   0.39114
   1122.3   0.39119
   1122.6   0.39121
   1122.8   0.39131
   1123.0   0.39128
   1123.3   0.39120
   1123.5   0.39122
   1123.8   0.39117
   1124.0   0.39111
   1124.3   0.39107
   1124.5   0.39102
   1124.8   0.39096
   1125.0   0.39096
   1125.2   0.39097
   1125.5   0.39097
   1125.7   0.39101
   1126.0   0.39099
   1126.2   0.39103
   1126.5   0.39107
   1126.7   0.39096
   1126.9   0.39093
   1127.2   0.39097
   1127.4   0.39099
   1127.7   0.39097
   1127.9   0.39095
   1128.2   0.39095
   1128.4   0.39090
   1128.7   0.39089
   1128.9   0.39095
   1129.2   0.39091
   1129.4   0.39088
   1129.7   0.39088
   1129.9   0.39081
   1130.1   0.39086
   1130.4   0.39087
   1130.6   0.39079
   1130.9   0.39079
   1131.1   0.39085
   1131.4   0.39084
   1131.6   0.39082
   1131.9   0.39078
   1132.1   0.39075
   1132.4   0.39072
   1132.6   0.39075
   1132.9   0.39074
   1133.1   0.39064
   1133.3   0.39061
   1133.6   0.39066
   1133.8   0.39071
   1134.1   0.39069
   1134.3   0.39070
   1134.6   0.39075
   1134.8   0.39074
   1135.1   0.39068
   1135.3   0.39060
   1135.6   0.39057
   1135.8   0.39056
   1136.1   0.39051
   1136.3   0.39046
   1136.6   0.39046
   1136.8   0.39047
   1137.1   0.39049
   1137.3   0.39052
   1137.6   0.39046
   1137.8   0.39047
   1138.1   0.39059
   1138.3   0.39062
   1138.6   0.39058
   1138.8   0.39044
   1139.1   0.39042
   1139.3   0.39044
   1139.6   0.39032
   1139.8   0.39031
   1140.1   0.39042
   1140.3   0.39050
   1140.6   0.39049
   1140.8   0.39046
   1141.1   0.39046
   1141.3   0.39044
   1141.6   0.39036
   1141.8   0.39019
   1142.1   0.39006
   1142.3   0.39020
   1142.6   0.39031
   1142.8   0.39029
   1143.1   0.39018
   1143.3   0.39012
   1143.6   0.39013
   1143.9   0.39012
   1144.1   0.39011
   1144.4   0.39010
   1144.6   0.39015
   1144.9   0.39014
   1145.1   0.39009
   1145.4   0.39005
   1145.6   0.39004
   1145.9   0.39009
   1146.1   0.39015
   1146.4   0.39015
   1146.6   0.39011
   1146.9   0.39015
   1147.2   0.39020
   1147.4   0.39013
   1147.7   0.39006
   1147.9   0.39008
   1148.2   0.39004
   1148.4   0.38993
   1148.7   0.38991
   1148.9   0.39007
   1149.2   0.39007
   1149.4   0.38999
   1149.7   0.38995
   1149.9   0.38990
   1150.2   0.38986
   1150.4   0.38983
   1150.7   0.38980
   1151.0   0.38981
   1151.2   0.38978
   1151.5   0.38980
   1151.7   0.38990
   1152.0   0.38993
   1152.2   0.38989
   1152.5   0.38984
   1152.8   0.38971
   1153.0   0.38962
   1153.3   0.38973
   1153.5   0.38978
   1153.8   0.38973
   1154.0   0.38980
   1154.3   0.38982
   1154.6   0.38973
   1154.8   0.38966
   1155.1   0.38964
   1155.3   0.38970
   1155.6   0.38971
   1155.8   0.38974
   1156.1   0.38970
   1156.4   0.38960
   1156.6   0.38951
   1156.9   0.38955
   1157.1   0.38961
   1157.4   0.38962
   1157.7   0.38966
   1157.9   0.38968
   1158.2   0.38969
   1158.4   0.38971
   1158.7   0.38968
   1158.9   0.38960
   1159.2   0.38957
   1159.5   0.38957
   1159.7   0.38959
   1160.0   0.38958
   1160.2   0.38948
   1160.5   0.38938
   1160.8   0.38938
   1161.0   0.38948
   1161.3   0.38950
   1161.5   0.38941
   1161.8   0.38939
   1162.1   0.38940
   1162.3   0.38934
   1162.6   0.38936
   1162.8   0.38937
   1163.1   0.38940
   1163.4   0.38946
   1163.6   0.38937
   1163.9   0.38932
   1164.2   0.38937
   1164.4   0.38940
   1164.7   0.38935
   1164.9   0.38933
   1165.2   0.38935
   1165.4   0.38937
   1165.7   0.38935
   1166.0   0.38930
   1166.2   0.38925
   1166.5   0.38930
   1166.8   0.38932
   1167.0   0.38923
   1167.3   0.38918
   1167.6   0.38921
   1167.8   0.38921
   1168.1   0.38920
   1168.3   0.38921
   1168.6   0.38922
   1168.9   0.38921
   1169.1   0.38915
   1169.4   0.38906
   1169.7   0.38911
   1169.9   0.38917
   1170.2   0.38915
   1170.4   0.38909
   1170.7   0.38908
   1171.0   0.38909
   1171.3   0.38913
   1171.5   0.38912
   1171.8   0.38908
   1172.0   0.38904
   1172.3   0.38904
   1172.6   0.38904
   1172.8   0.38903
   1173.1   0.38907
   1173.4   0.38904
   1173.6   0.38894
   1173.9   0.38897
   1174.2   0.38903
   1174.4   0.38901
   1174.7   0.38901
   1175.0   0.38903
   1175.2   0.38899
   1175.5   0.38903
   1175.8   0.38903
   1176.0   0.38902
   1176.3   0.38902
   1176.6   0.38900
   1176.8   0.38898
   1177.1   0.38893
   1177.4   0.38888
   1177.6   0.38885
   1177.9   0.38888
   1178.2   0.38888
   1178.4   0.38891
   1178.7   0.38897
   1179.0   0.38901
   1179.2   0.38892
   1179.5   0.38885
   1179.8   0.38889
   1180.0   0.38890
   1180.3   0.38885
   1180.6   0.38881
   1180.8   0.38877
   1181.1   0.38877
   1181.4   0.38880
   1181.7   0.38886
   1181.9   0.38882
   1182.2   0.38871
   1182.5   0.38873
   1182.7   0.38875
   1183.0   0.38873
   1183.3   0.38873
   1183.5   0.38874
   1183.8   0.38876
   1184.1   0.38875
   1184.4   0.38880
   1184.6   0.38876
   1184.9   0.38871
   1185.2   0.38872
   1185.4   0.38871
   1185.7   0.38872
   1186.0   0.38875
   1186.3   0.38874
   1186.5   0.38869
   1186.8   0.38868
   1187.1   0.38868
   1187.3   0.38861
   1187.6   0.38856
   1187.9   0.38855
   1188.2   0.38857
   1188.4   0.38861
   1188.7   0.38859
   1189.0   0.38859
   1189.3   0.38859
   1189.5   0.38852
   1189.8   0.38853
   1190.1   0.38856
   1190.3   0.38853
   1190.6   0.38854
   1190.9   0.38856
   1191.2   0.38855
   1191.4   0.38848
   1191.7   0.38845
   1192.0   0.38855
   1192.3   0.38858
   1192.5   0.38851
   1192.8   0.38852
   1193.1   0.38851
   1193.3   0.38847
   1193.6   0.38848
   1193.9   0.38846
   1194.2   0.38848
   1194.4   0.38849
   1194.7   0.38844
   1195.0   0.38838
   1195.3   0.38837
   1195.6   0.38842
   1195.8   0.38844
   1196.1   0.38838
   1196.4   0.38830
   1196.7   0.38829
   1196.9   0.38835
   1197.2   0.38838
   1197.5   0.38836
   1197.8   0.38835
   1198.0   0.38834
   1198.3   0.38837
   1198.6   0.38835
   1198.9   0.38831
   1199.2   0.38835
   1199.4   0.38844
   1199.7   0.38841
   1200.0   0.38834
   1200.3   0.38832
   1200.5   0.38830
   1200.8   0.38835
   1201.1   0.38836
   1201.4   0.38832
   1201.7   0.38835
   1201.9   0.38836
   1202.2   0.38830
   1202.5   0.38832
   1202.8   0.38833
   1203.0   0.38828
   1203.3   0.38828
   1203.6   0.38837
   1203.9   0.38833
   1204.2   0.38823
   1204.4   0.38821
   1204.7   0.38822
   1205.0   0.38829
   1205.3   0.38837
   1205.6   0.38834
   1205.8   0.38823
   1206.1   0.38822
   1206.4   0.38823
   1206.7   0.38822
   1207.0   0.38824
   1207.2   0.38826
   1207.5   0.38824
   1207.8   0.38826
   1208.1   0.38825
   1208.4   0.38821
   1208.7   0.38821
   1208.9   0.38823
   1209.2   0.38820
   1209.5   0.38812
   1209.8   0.38810
   1210.1   0.38815
   1210.3   0.38818
   1210.6   0.38813
   1210.9   0.38816
   1211.2   0.38818
   1211.5   0.38817
   1211.8   0.38825
   1212.0   0.38828
   1212.3   0.38818
   1212.6   0.38810
   1212.9   0.38813
   1213.2   0.38816
   1213.5   0.38814
   1213.7   0.38811
   1214.0   0.38816
   1214.3   0.38818
   1214.6   0.38813
   1214.9   0.38814
   1215.2   0.38820
   1215.4   0.38815
   1215.7   0.38807
   1216.0   0.38806
   1216.3   0.38811
   1216.6   0.38816
   1216.9   0.38812
   1217.2   0.38813
   1217.4   0.38819
   1217.7   0.38815
   1218.0   0.38809
   1218.3   0.38812
   1218.6   0.38818
   1218.9   0.38817
   1219.2   0.38814
   1219.4   0.38811
   1219.7   0.38810
   1220.0   0.38816
   1220.3   0.38817
   1220.6   0.38811
   1220.9   0.38813
   1221.2   0.38811
   1221.5   0.38813
   1221.8   0.38812
   1222.0   0.38809
   1222.3   0.38813
   1222.6   0.38814
   1222.9   0.38809
   1223.2   0.38812
   1223.5   0.38813
   1223.8   0.38812
   1224.1   0.38809
   1224.3   0.38804
   1224.6   0.38804
   1224.9   0.38814
   1225.2   0.38814
   1225.5   0.38810
   1225.8   0.38809
   1226.1   0.38808
   1226.4   0.38808
   1226.7   0.38813
   1227.0   0.38817
   1227.3   0.38818
   1227.5   0.38816
   1227.8   0.38806
   1228.1   0.38801
   1228.4   0.38806
   1228.7   0.38812
   1229.0   0.38812
   1229.3   0.38809
   1229.6   0.38809
   1229.9   0.38810
   1230.2   0.38804
   1230.4   0.38805
   1230.7   0.38814
   1231.0   0.38811
   1231.3   0.38806
   1231.6   0.38806
   1231.9   0.38805
   1232.2   0.38808
   1232.5   0.38809
   1232.8   0.38807
   1233.1   0.38807
   1233.4   0.38806
   1233.7   0.38806
   1234.0   0.38807
   1234.3   0.38811
   1234.6   0.38811
   1234.8   0.38810
   1235.1   0.38812
   1235.4   0.38813
   1235.7   0.38809
   1236.0   0.38811
   1236.3   0.38813
   1236.6   0.38807
   1236.9   0.38806
   1237.2   0.38810
   1237.5   0.38804
   1237.8   0.38802
   1238.1   0.38805
   1238.4   0.38811
   1238.7   0.38814
   1239.0   0.38811
   1239.3   0.38809
   1239.6   0.38809
   1239.9   0.38811
   1240.2   0.38816
   1240.5   0.38813
   1240.8   0.38808
   1241.1   0.38808
   1241.3   0.38813
   1241.7   0.38811
   1241.9   0.38804
   1242.2   0.38806
   1242.5   0.38813
   1242.8   0.38809
   1243.1   0.38811
   1243.4   0.38816
   1243.7   0.38814
   1244.0   0.38815
   1244.3   0.38817
   1244.6   0.38815
   1244.9   0.38809
   1245.2   0.38806
   1245.5   0.38813
   1245.8   0.38816
   1246.1   0.38816
   1246.4   0.38818
   1246.7   0.38822
   1247.0   0.38824
   1247.3   0.38822
   1247.6   0.38816
   1247.9   0.38810
   1248.2   0.38809
   1248.5   0.38811
   1248.8   0.38814
   1249.1   0.38818
   1249.4   0.38821
   1249.7   0.38824
   1250.0   0.38822
   1250.3   0.38817
   1250.6   0.38817
   1250.9   0.38822
   1251.2   0.38823
   1251.5   0.38819
   1251.8   0.38826
   1252.1   0.38827
   1252.4   0.38822
   1252.8   0.38823
   1253.1   0.38820
   1253.3   0.38817
   1253.7   0.38818
   1254.0   0.38823
   1254.3   0.38824
   1254.6   0.38823
   1254.9   0.38825
   1255.2   0.38831
   1255.5   0.38829
   1255.8   0.38822
   1256.1   0.38819
   1256.4   0.38822
   1256.7   0.38826
   1257.0   0.38827
   1257.3   0.38822
   1257.6   0.38822
   1257.9   0.38827
   1258.2   0.38832
   1258.5   0.38829
   1258.8   0.38825
   1259.1   0.38826
   1259.4   0.38826
   1259.8   0.38821
   1260.1   0.38820
   1260.4   0.38823
   1260.7   0.38828
   1261.0   0.38830
   1261.3   0.38829
   1261.6   0.38831
   1261.9   0.38836
   1262.2   0.38835
   1262.5   0.38832
   1262.8   0.38829
   1263.1   0.38829
   1263.4   0.38833
   1263.7   0.38838
   1264.1   0.38836
   1264.4   0.38838
   1264.7   0.38842
   1265.0   0.38832
   1265.3   0.38831
   1265.6   0.38836
   1265.9   0.38836
   1266.2   0.38837
   1266.5   0.38842
   1266.8   0.38840
   1267.1   0.38841
   1267.4   0.38840
   1267.8   0.38841
   1268.1   0.38843
   1268.4   0.38842
   1268.7   0.38850
   1269.0   0.38851
   1269.3   0.38846
   1269.6   0.38845
   1269.9   0.38841
   1270.2   0.38847
   1270.6   0.38853
   1270.9   0.38852
   1271.2   0.38849
   1271.5   0.38850
   1271.8   0.38854
   1272.1   0.38854
   1272.4   0.38852
   1272.7   0.38852
   1273.1   0.38852
   1273.4   0.38851
   1273.7   0.38852
   1274.0   0.38855
   1274.3   0.38858
   1274.6   0.38855
   1274.9   0.38852
   1275.2   0.38856
   1275.6   0.38858
   1275.9   0.38859
   1276.2   0.38861
   1276.5   0.38861
   1276.8   0.38856
   1277.1   0.38855
   1277.4   0.38859
   1277.8   0.38863
   1278.1   0.38865
   1278.4   0.38865
   1278.7   0.38869
   1279.0   0.38868
   1279.3   0.38868
   1279.7   0.38871
   1280.0   0.38869
   1280.3   0.38867
   1280.6   0.38868
   1280.9   0.38864
   1281.2   0.38868
   1281.6   0.38875
   1281.9   0.38878
   1282.2   0.38877
   1282.5   0.38875
   1282.8   0.38880
   1283.1   0.38881
   1283.4   0.38880
   1283.8   0.38879
   1284.1   0.38876
   1284.4   0.38874
   1284.7   0.38880
   1285.0   0.38882
   1285.4   0.38876
   1285.7   0.38877
   1286.0   0.38879
   1286.3   0.38884
   1286.6   0.38890
   1286.9   0.38892
   1287.3   0.38889
   1287.6   0.38888
   1287.9   0.38884
   1288.2   0.38882
   1288.6   0.38886
   1288.9   0.38890
   1289.2   0.38891
   1289.5   0.38894
   1289.8   0.38892
   1290.2   0.38890
   1290.5   0.38892
   1290.8   0.38893
   1291.1   0.38897
   1291.4   0.38900
   1291.8   0.38896
   1292.1   0.38898
   1292.4   0.38896
   1292.7   0.38897
   1293.1   0.38898
   1293.4   0.38898
   1293.7   0.38902
   1294.0   0.38902
   1294.3   0.38903
   1294.7   0.38907
   1295.0   0.38907
   1295.3   0.38909
   1295.6   0.38908
   1296.0   0.38907
   1296.3   0.38913
   1296.6   0.38914
   1296.9   0.38912
   1297.3   0.38914
   1297.6   0.38914
   1297.9   0.38917
   1298.2   0.38916
   1298.6   0.38916
   1298.9   0.38916
   1299.2   0.38916
   1299.5   0.38920
   1299.9   0.38923
   1300.2   0.38927
   1300.5   0.38928
   1300.8   0.38924
   1301.2   0.38926
   1301.5   0.38926
   1301.8   0.38925
   1302.1   0.38926
   1302.5   0.38928
   1302.8   0.38934
   1303.1   0.38934
   1303.4   0.38930
   1303.8   0.38928
   1304.1   0.38932
   1304.4   0.38939
   1304.8   0.38940
   1305.1   0.38942
   1305.4   0.38940
   1305.8   0.38942
   1306.1   0.38945
   1306.4   0.38948
   1306.7   0.38950
   1307.1   0.38950
   1307.4   0.38947
   1307.7   0.38946
   1308.1   0.38951
   1308.4   0.38953
   1308.7   0.38947
   1309.1   0.38949
   1309.4   0.38951
   1309.7   0.38951
   1310.0   0.38955
   1310.4   0.38957
   1310.7   0.38958
   1311.0   0.38960
   1311.4   0.38959
   1311.7   0.38954
   1312.0   0.38954
   1312.4   0.38961
   1312.7   0.38963
   1313.0   0.38959
   1313.4   0.38962
   1313.7   0.38963
   1314.0   0.38966
   1314.4   0.38971
   1314.7   0.38971
   1315.0   0.38969
   1315.4   0.38972
   1315.7   0.38977
   1316.0   0.38974
   1316.4   0.38975
   1316.7   0.38975
   1317.0   0.38975
   1317.4   0.38978
   1317.7   0.38981
   1318.0   0.38979
   1318.4   0.38977
   1318.7   0.38980
   1319.0   0.38981
   1319.4   0.38982
   1319.7   0.38988
   1320.1   0.38992
   1320.4   0.38995
   1320.7   0.38993
   1321.1   0.38993
   1321.4   0.38994
   1321.7   0.38996
   1322.1   0.38995
   1322.4   0.38996
   1322.7   0.38997
   1323.1   0.38999
   1323.4   0.39001
   1323.8   0.39001
   1324.1   0.39001
   1324.4   0.39007
   1324.8   0.39012
   1325.1   0.39011
   1325.4   0.39010
   1325.8   0.39013
   1326.1   0.39015
   1326.5   0.39012
   1326.8   0.39013
   1327.1   0.39017
   1327.5   0.39022
   1327.8   0.39022
   1328.2   0.39020
   1328.5   0.39018
   1328.8   0.39022
   1329.2   0.39025
   1329.5   0.39024
   1329.9   0.39027
   1330.2   0.39031
   1330.6   0.39025
   1330.9   0.39018
   1331.2   0.39024
   1331.6   0.39034
   1331.9   0.39037
   1332.3   0.39038
   1332.6   0.39039
   1332.9   0.39040
   1333.3   0.39042
   1333.6   0.39040
   1334.0   0.39038
   1334.3   0.39044
   1334.7   0.39049
   1335.0   0.39047
   1335.3   0.39049
   1335.7   0.39053
   1336.0   0.39051
   1336.4   0.39053
   1336.7   0.39058
   1337.1   0.39056
   1337.4   0.39054
   1337.8   0.39054
   1338.1   0.39056
   1338.4   0.39058
   1338.8   0.39060
   1339.1   0.39065
   1339.5   0.39064
   1339.8   0.39062
   1340.2   0.39064
   1340.5   0.39066
   1340.9   0.39070
   1341.2   0.39072
   1341.6   0.39074
   1341.9   0.39079
   1342.3   0.39079
   1342.6   0.39077
   1342.9   0.39080
   1343.3   0.39084
   1343.7   0.39084
   1344.0   0.39088
   1344.3   0.39087
   1344.7   0.39086
   1345.0   0.39091
   1345.4   0.39095
   1345.7   0.39091
   1346.1   0.39090
   1346.4   0.39094
   1346.8   0.39094
   1347.1   0.39095
   1347.5   0.39098
   1347.8   0.39099
   1348.2   0.39102
   1348.5   0.39109
   1348.9   0.39108
   1349.3   0.39106
   1349.6   0.39110
   1349.9   0.39113
   1350.3   0.39111
   1350.7   0.39105
   1351.0   0.39102
   1351.3   0.39105
   1351.7   0.39114
   1352.1   0.39117
   1352.4   0.39119
   1352.8   0.39121
   1353.1   0.39120
   1353.5   0.39119
   1353.8   0.39119
   1354.2   0.39125
   1354.5   0.39133
   1354.9   0.39134
   1355.2   0.39129
   1355.6   0.39126
   1355.9   0.39131
   1356.3   0.39134
   1356.7   0.39130
   1357.0   0.39130
   1357.4   0.39136
   1357.7   0.39139
   1358.1   0.39139
   1358.4   0.39140
   1358.8   0.39146
   1359.2   0.39150
   1359.5   0.39151
   1359.9   0.39148
   1360.2   0.39146
   1360.6   0.39151
   1360.9   0.39158
   1361.3   0.39162
   1361.7   0.39163
   1362.0   0.39162
   1362.4   0.39166
   1362.7   0.39170
   1363.1   0.39170
   1363.4   0.39172
   1363.8   0.39173
   1364.2   0.39174
   1364.5   0.39172
   1364.9   0.39172
   1365.2   0.39174
   1365.6   0.39176
   1365.9   0.39177
   1366.3   0.39181
   1366.7   0.39183
   1367.0   0.39186
   1367.4   0.39186
   1367.8   0.39187
   1368.1   0.39188
   1368.5   0.39191
   1368.8   0.39196
   1369.2   0.39199
   1369.6   0.39199
   1369.9   0.39195
   1370.3   0.39199
   1370.7   0.39203
   1371.0   0.39205
   1371.4   0.39201
   1371.7   0.39198
   1372.1   0.39203
   1372.5   0.39210
   1372.8   0.39213
   1373.2   0.39214
   1373.6   0.39218
   1373.9   0.39222
   1374.3   0.39218
   1374.6   0.39218
   1375.0   0.39226
   1375.4   0.39228
   1375.7   0.39225
   1376.1   0.39225
   1376.5   0.39228
   1376.8   0.39231
   1377.2   0.39235
   1377.6   0.39235
   1377.9   0.39234
   1378.3   0.39237
   1378.7   0.39237
   1379.0   0.39235
   1379.4   0.39237
   1379.8   0.39244
   1380.1   0.39246
   1380.5   0.39247
   1380.9   0.39250
   1381.2   0.39250
   1381.6   0.39252
   1382.0   0.39256
   1382.3   0.39256
   1382.7   0.39257
   1383.1   0.39263
   1383.4   0.39264
   1383.8   0.39261
   1384.2   0.39261
   1384.6   0.39263
   1384.9   0.39265
   1385.3   0.39267
   1385.7   0.39270
   1386.0   0.39270
   1386.4   0.39272
   1386.8   0.39274
   1387.2   0.39275
   1387.5   0.39277
   1387.9   0.39279
   1388.3   0.39284
   1388.6   0.39285
   1389.0   0.39287
   1389.4   0.39290
   1389.8   0.39288
   1390.1   0.39290
   1390.5   0.39293
   1390.9   0.39299
   1391.2   0.39300
   1391.6   0.39299
   1392.0   0.39299
   1392.4   0.39299
   1392.7   0.39304
   1393.1   0.39311
   1393.5   0.39310
   1393.9   0.39310
   1394.2   0.39317
   1394.6   0.39317
   1395.0   0.39314
   1395.4   0.39313
   1395.7   0.39316
   1396.1   0.39325
   1396.5   0.39329
   1396.9   0.39327
   1397.2   0.39329
   1397.6   0.39331
   1398.0   0.39333
   1398.4   0.39334
   1398.8   0.39331
   1399.1   0.39331
   1399.5   0.39340
   1399.9   0.39345
   1400.3   0.39342
   1400.6   0.39345
   1401.0   0.39352
   1401.4   0.39353
   1401.8   0.39354
   1402.2   0.39354
   1402.5   0.39355
   1402.9   0.39353
   1403.3   0.39359
   1403.7   0.39363
   1404.1   0.39360
   1404.4   0.39359
   1404.8   0.39360
   1405.2   0.39362
   1405.6   0.39367
   1406.0   0.39372
   1406.3   0.39372
   1406.7   0.39375
   1407.1   0.39380
   1407.5   0.39377
   1407.9   0.39372
   1408.3   0.39377
   1408.6   0.39384
   1409.0   0.39382
   1409.4   0.39380
   1409.8   0.39382
   1410.2   0.39384
   1410.6   0.39389
   1410.9   0.39393
   1411.3   0.39395
   1411.7   0.39398
   1412.1   0.39401
   1412.5   0.39401
   1412.8   0.39401
   1413.2   0.39404
   1413.6   0.39406
   1414.0   0.39409
   1414.4   0.39413
   1414.8   0.39413
   1415.2   0.39414
   1415.6   0.39419
   1415.9   0.39422
   1416.3   0.39422
   1416.7   0.39423
   1417.1   0.39426
   1417.5   0.39428
   1417.9   0.39426
   1418.3   0.39430
   1418.7   0.39434
   1419.0   0.39435
   1419.4   0.39437
   1419.8   0.39441
   1420.2   0.39444
   1420.6   0.39444
   1421.0   0.39443
   1421.4   0.39448
   1421.8   0.39451
   1422.2   0.39453
   1422.5   0.39459
   1422.9   0.39459
   1423.3   0.39457
   1423.7   0.39458
   1424.1   0.39457
   1424.5   0.39463
   1424.9   0.39466
   1425.3   0.39465
   1425.7   0.39467
   1426.1   0.39472
   1426.5   0.39475
   1426.8   0.39476
   1427.2   0.39481
   1427.6   0.39482
   1428.0   0.39484
   1428.4   0.39486
   1428.8   0.39487
   1429.2   0.39487
   1429.6   0.39492
   1430.0   0.39496
   1430.4   0.39496
   1430.8   0.39496
   1431.2   0.39500
   1431.6   0.39505
   1432.0   0.39504
   1432.4   0.39501
   1432.8   0.39502
   1433.2   0.39505
   1433.6   0.39508
   1433.9   0.39510
   1434.3   0.39512
   1434.8   0.39518
   1435.1   0.39519
   1435.5   0.39519
   1435.9   0.39521
   1436.3   0.39522
   1436.7   0.39526
   1437.1   0.39528
   1437.5   0.39528
   1437.9   0.39533
   1438.3   0.39534
   1438.7   0.39534
   1439.1   0.39538
   1439.5   0.39542
   1439.9   0.39548
   1440.3   0.39550
   1440.7   0.39545
   1441.1   0.39549
   1441.5   0.39557
   1441.9   0.39556
   1442.3   0.39554
   1442.7   0.39556
   1443.1   0.39557
   1443.5   0.39563
   1443.9   0.39566
   1444.3   0.39566
   1444.7   0.39567
   1445.1   0.39568
   1445.6   0.39572
   1445.9   0.39573
   1446.3   0.39572
   1446.8   0.39578
   1447.2   0.39582
   1447.6   0.39581
   1448.0   0.39584
   1448.4   0.39584
   1448.8   0.39586
   1449.2   0.39591
   1449.6   0.39592
   1450.0   0.39593
   1450.4   0.39595
   1450.8   0.39599
   1451.2   0.39600
   1451.6   0.39601
   1452.0   0.39604
   1452.4   0.39607
   1452.8   0.39607
   1453.2   0.39611
   1453.7   0.39612
   1454.1   0.39613
   1454.5   0.39615
   1454.9   0.39617
   1455.3   0.39619
   1455.7   0.39618
   1456.1   0.39621
   1456.5   0.39623
   1456.9   0.39624
   1457.3   0.39629
   1457.7   0.39629
   1458.2   0.39630
   1458.6   0.39634
   1459.0   0.39638
   1459.4   0.39642
   1459.8   0.39645
   1460.2   0.39647
   1460.6   0.39649
   1461.0   0.39648
   1461.4   0.39645
   1461.8   0.39646
   1462.3   0.39651
   1462.7   0.39655
   1463.1   0.39658
   1463.5   0.39662
   1463.9   0.39663
   1464.3   0.39665
   1464.7   0.39665
   1465.2   0.39664
   1465.6   0.39666
   1466.0   0.39671
   1466.4   0.39674
   1466.8   0.39676
   1467.2   0.39680
   1467.6   0.39683
   1468.1   0.39683
   1468.5   0.39686
   1468.9   0.39689
   1469.3   0.39688
   1469.7   0.39690
   1470.1   0.39692
   1470.6   0.39694
   1471.0   0.39695
   1471.4   0.39699
   1471.8   0.39703
   1472.2   0.39707
   1472.6   0.39708
   1473.1   0.39707
   1473.5   0.39706
   1473.9   0.39708
   1474.3   0.39712
   1474.7   0.39713
   1475.2   0.39716
   1475.6   0.39718
   1476.0   0.39722
   1476.4   0.39728
   1476.8   0.39727
   1477.3   0.39726
   1477.7   0.39728
   1478.1   0.39731
   1478.5   0.39735
   1478.9   0.39733
   1479.4   0.39732
   1479.8   0.39739
   1480.2   0.39742
   1480.6   0.39740
   1481.1   0.39744
   1481.5   0.39748
   1481.9   0.39748
   1482.3   0.39749
   1482.8   0.39753
   1483.2   0.39757
   1483.6   0.39755
   1484.0   0.39755
   1484.4   0.39760
   1484.9   0.39762
   1485.3   0.39762
   1485.7   0.39765
   1486.2   0.39767
   1486.6   0.39768
   1487.0   0.39773
   1487.4   0.39772
   1487.9   0.39772
   1488.3   0.39773
   1488.7   0.39773
   1489.1   0.39774
   1489.6   0.39775
   1490.0   0.39779
   1490.4   0.39784
   1490.8   0.39788
   1491.3   0.39789
   1491.7   0.39789
   1492.1   0.39793
   1492.6   0.39796
   1493.0   0.39798
   1493.4   0.39798
   1493.9   0.39802
   1494.3   0.39803
   1494.7   0.39801
   1495.2   0.39800
   1495.6   0.39805
   1496.0   0.39811
   1496.4   0.39814
   1496.9   0.39815
   1497.3   0.39813
   1497.7   0.39813
   1498.2   0.39815
   1498.6   0.39819
   1499.0   0.39818
   1499.5   0.39818
   1499.9   0.39823
   1500.3   0.39824
   1500.8   0.39826
   1501.2   0.39829
   1501.7   0.39830
   1502.1   0.39829
   1502.5   0.39832
   1502.9   0.39837
   1503.4   0.39842
   1503.8   0.39843
   1504.3   0.39844
   1504.7   0.39843
   1505.1   0.39843
   1505.6   0.39848
   1506.0   0.39847
   1506.4   0.39848
   1506.9   0.39855
   1507.3   0.39859
   1507.8   0.39856
   1508.2   0.39857
   1508.6   0.39861
   1509.1   0.39860
   1509.5   0.39859
   1510.0   0.39861
   1510.4   0.39865
   1510.8   0.39869
   1511.3   0.39872
   1511.7   0.39875
   1512.2   0.39876
   1512.6   0.39879
   1513.0   0.39882
   1513.5   0.39879
   1513.9   0.39879
   1514.4   0.39880
   1514.8   0.39886
   1515.3   0.39889
   1515.7   0.39887
   1516.1   0.39889
   1516.6   0.39891
   1517.0   0.39891
   1517.5   0.39891
   1517.9   0.39892
   1518.4   0.39895
   1518.8   0.39897
   1519.3   0.39901
   1519.7   0.39900
   1520.1   0.39901
   1520.6   0.39903
   1521.0   0.39905
   1521.5   0.39906
   1521.9   0.39906
   1522.4   0.39908
   1522.8   0.39912
   1523.3   0.39915
   1523.7   0.39915
   1524.2   0.39915
   1524.6   0.39917
   1525.1   0.39919
   1525.5   0.39922
   1525.9   0.39920
   1526.4   0.39920
   1526.8   0.39923
   1527.3   0.39921
   1527.8   0.39922
   1528.2   0.39927
   1528.7   0.39930
   1529.1   0.39930
   1529.6   0.39929
   1530.0   0.39934
   1530.5   0.39937
   1530.9   0.39936
   1531.4   0.39933
   1531.8   0.39935
   1532.3   0.39941
   1532.7   0.39944
   1533.2   0.39944
   1533.6   0.39942
   1534.1   0.39941
   1534.5   0.39946
   1535.0   0.39948
   1535.4   0.39945
   1535.9   0.39942
   1536.3   0.39944
   1536.8   0.39950
   1537.3   0.39953
   1537.7   0.39953
   1538.2   0.39956
   1538.6   0.39959
   1539.1   0.39959
   1539.6   0.39959
   1540.0   0.39960
   1540.5   0.39961
   1540.9   0.39966
   1541.4   0.39968
   1541.8   0.39964
   1542.3   0.39962
   1542.8   0.39963
   1543.2   0.39966
   1543.7   0.39969
   1544.1   0.39968
   1544.6   0.39971
   1545.1   0.39970
   1545.5   0.39970
   1546.0   0.39972
   1546.4   0.39974
   1546.9   0.39975
   1547.4   0.39974
   1547.8   0.39976
   1548.3   0.39976
   1548.8   0.39973
   1549.2   0.39974
   1549.7   0.39980
   1550.1   0.39984
   1550.6   0.39984
   1551.1   0.39983
   1551.5   0.39981
   1552.0   0.39979
   1552.4   0.39978
   1552.9   0.39982
   1553.4   0.39985
   1553.8   0.39985
   1554.3   0.39986
   1554.8   0.39984
   1555.3   0.39987
   1555.7   0.39988
   1556.2   0.39987
   1556.7   0.39989
   1557.1   0.39991
   1557.6   0.39993
   1558.1   0.39997
   1558.5   0.39999
   1559.0   0.39996
   1559.5   0.39997
   1559.9   0.39997
   1560.4   0.39999
   1560.9   0.40002
   1561.3   0.40006
   1561.8   0.40003
   1562.3   0.39999
   1562.8   0.39999
   1563.2   0.40003
   1563.7   0.40004
   1564.2   0.40004
   1564.6   0.40004
   1565.1   0.40003
   1565.6   0.40004
   1566.1   0.40010
   1566.5   0.40013
   1567.0   0.40014
   1567.5   0.40015
   1567.9   0.40018
   1568.4   0.40020
   1568.9   0.40017
   1569.4   0.40015
   1569.8   0.40014
   1570.3   0.40014
   1570.8   0.40016
   1571.3   0.40020
   1571.8   0.40020
   1572.2   0.40019
   1572.7   0.40017
   1573.2   0.40019
   1573.7   0.40020
   1574.1   0.40018
   1574.6   0.40019
   1575.1   0.40022
   1575.6   0.40024
   1576.1   0.40023
   1576.5   0.40020
   1577.0   0.40020
   1577.5   0.40021
   1578.0   0.40023
   1578.4   0.40023
   1578.9   0.40024
   1579.4   0.40027
   1579.9   0.40026
   1580.4   0.40025
   1580.9   0.40024
   1581.3   0.40026
   1581.8   0.40027
   1582.3   0.40025
   1582.8   0.40027
   1583.3   0.40029
   1583.8   0.40031
   1584.2   0.40030
   1584.7   0.40027
   1585.2   0.40029
   1585.7   0.40033
   1586.2   0.40033
   1586.7   0.40030
   1587.2   0.40029
   1587.6   0.40032
   1588.1   0.40033
   1588.6   0.40034
   1589.1   0.40036
   1589.6   0.40033
   1590.1   0.40033
   1590.6   0.40033
   1591.0   0.40032
   1591.5   0.40036
   1592.0   0.40037
   1592.5   0.40033
   1593.0   0.40033
   1593.5   0.40038
   1594.0   0.40038
   1594.5   0.40036
   1595.0   0.40036
   1595.4   0.40037
   1595.9   0.40037
   1596.4   0.40036
   1596.9   0.40039
   1597.4   0.40041
   1597.9   0.40041
   1598.4   0.40044
   1598.9   0.40043
   1599.4   0.40039
   1599.9   0.40039
   1600.4   0.40039
   1600.9   0.40038
   1601.4   0.40040
   1601.9   0.40042
   1602.3   0.40041
   1602.8   0.40037
   1603.3   0.40033
   1603.8   0.40034
   1604.3   0.40037
   1604.8   0.40041
   1605.3   0.40042
   1605.8   0.40041
   1606.3   0.40040
   1606.8   0.40040
   1607.3   0.40041
   1607.8   0.40042
   1608.3   0.40041
   1608.8   0.40040
   1609.3   0.40044
   1609.8   0.40045
   1610.3   0.40042
   1610.8   0.40041
   1611.3   0.40043
   1611.8   0.40042
   1612.3   0.40041
   1612.8   0.40039
   1613.3   0.40040
   1613.8   0.40041
   1614.3   0.40042
   1614.8   0.40043
   1615.3   0.40047
   1615.8   0.40050
   1616.3   0.40047
   1616.8   0.40043
   1617.3   0.40043
   1617.8   0.40044
   1618.4   0.40043
   1618.9   0.40043
   1619.4   0.40042
   1619.9   0.40043
   1620.4   0.40043
   1620.9   0.40043
   1621.4   0.40044
   1621.9   0.40042
   1622.4   0.40041
   1622.9   0.40043
   1623.4   0.40048
   1623.9   0.40051
   1624.4   0.40046
   1624.9   0.40039
   1625.5   0.40041
   1626.0   0.40045
   1626.5   0.40045
   1627.0   0.40044
   1627.5   0.40041
   1628.0   0.40038
   1628.5   0.40040
   1629.0   0.40042
   1629.6   0.40039
   1630.1   0.40040
   1630.6   0.40042
   1631.1   0.40039
   1631.6   0.40038
   1632.1   0.40037
   1632.6   0.40036
   1633.1   0.40036
   1633.7   0.40036
   1634.2   0.40040
   1634.7   0.40040
   1635.2   0.40040
   1635.7   0.40037
   1636.2   0.40035
   1636.8   0.40035
   1637.3   0.40035
   1637.8   0.40035
   1638.3   0.40035
   1638.8   0.40035
   1639.3   0.40033
   1639.8   0.40034
   1640.4   0.40036
   1640.9   0.40032
   1641.4   0.40028
   1641.9   0.40030
   1642.4   0.40033
   1643.0   0.40032
   1643.5   0.40030
   1644.0   0.40029
   1644.5   0.40028
   1645.1   0.40028
   1645.6   0.40030
   1646.1   0.40029
   1646.6   0.40027
   1647.2   0.40026
   1647.7   0.40026
   1648.2   0.40026
   1648.7   0.40024
   1649.2   0.40023
   1649.8   0.40025
   1650.3   0.40025
   1650.8   0.40024
   1651.3   0.40022
   1651.9   0.40023
   1652.4   0.40024
   1652.9   0.40023
   1653.4   0.40021
   1654.0   0.40022
   1654.5   0.40022
   1655.0   0.40023
   1655.6   0.40021
   1656.1   0.40020
   1656.6   0.40019
   1657.2   0.40018
   1657.7   0.40017
   1658.2   0.40015
   1658.7   0.40017
   1659.3   0.40020
   1659.8   0.40019
   1660.3   0.40017
   1660.9   0.40015
   1661.4   0.40014
   1661.9   0.40017
   1662.5   0.40018
   1663.0   0.40014
   1663.5   0.40013
   1664.1   0.40012
   1664.6   0.40011
   1665.1   0.40013
   1665.7   0.40012
   1666.2   0.40012
   1666.7   0.40014
   1667.3   0.40014
   1667.8   0.40011
   1668.3   0.40010
   1668.9   0.40010
   1669.4   0.40009
   1670.0   0.40008
   1670.5   0.40007
   1671.0   0.40006
   1671.6   0.40006
   1672.1   0.40007
   1672.7   0.40006
   1673.2   0.40005
   1673.7   0.40007
   1674.3   0.40010
   1674.8   0.40007
   1675.4   0.40004
   1675.9   0.40003
   1676.4   0.40002
   1677.0   0.39997
   1677.5   0.40000
   1678.1   0.40006
   1678.6   0.40003
   1679.2   0.39998
   1679.7   0.39995
   1680.2   0.39994
   1680.8   0.39994
   1681.3   0.39996
   1681.9   0.39996
   1682.4   0.39995
   1683.0   0.39996
   1683.5   0.39995
   1684.1   0.39992
   1684.6   0.39992
   1685.2   0.39993
   1685.7   0.39992
   1686.3   0.39990
   1686.8   0.39988
   1687.3   0.39986
   1687.9   0.39984
   1688.4   0.39982
   1689.0   0.39985
   1689.6   0.39987
   1690.1   0.39984
   1690.7   0.39983
   1691.2   0.39985
   1691.8   0.39988
   1692.3   0.39986
   1692.9   0.39985
   1693.4   0.39982
   1694.0   0.39979
   1694.5   0.39979
   1695.1   0.39980
   1695.6   0.39979
   1696.2   0.39978
   1696.7   0.39979
   1697.3   0.39978
   1697.8   0.39976
   1698.4   0.39976
   1699.0   0.39977
   1699.5   0.39975
   1700.1   0.39974
   1700.6   0.39973
   1701.2   0.39969
   1701.8   0.39966
   1702.3   0.39964
   1702.9   0.39964
   1703.4   0.39963
   1704.0   0.39964
   1704.6   0.39968
   1705.1   0.39967
   1705.7   0.39961
   1706.2   0.39959
   1706.8   0.39963
   1707.4   0.39964
   1707.9   0.39963
   1708.5   0.39962
   1709.0   0.39959
   1709.6   0.39960
   1710.2   0.39962
   1710.7   0.39960
   1711.3   0.39958
   1711.9   0.39957
   1712.4   0.39958
   1713.0   0.39957
   1713.6   0.39957
   1714.1   0.39958
   1714.7   0.39959
   1715.3   0.39957
   1715.8   0.39954
   1716.4   0.39956
   1717.0   0.39956
   1717.5   0.39955
   1718.1   0.39959
   1718.7   0.39959
   1719.2   0.39958
   1719.8   0.39956
   1720.4   0.39954
   1721.0   0.39952
   1721.5   0.39948
   1722.1   0.39948
   1722.7   0.39952
   1723.2   0.39950
   1723.8   0.39949
   1724.4   0.39952
   1725.0   0.39953
   1725.5   0.39952
   1726.1   0.39948
   1726.7   0.39947
   1727.3   0.39951
   1727.8   0.39953
   1728.4   0.39953
   1729.0   0.39953
   1729.6   0.39952
   1730.1   0.39948
   1730.7   0.39947
   1731.3   0.39950
   1731.9   0.39952
   1732.5   0.39951
   1733.0   0.39948
   1733.6   0.39948
   1734.2   0.39950
   1734.8   0.39949
   1735.4   0.39948
   1735.9   0.39950
   1736.5   0.39950
   1737.1   0.39947
   1737.7   0.39946
   1738.3   0.39947
   1738.8   0.39952
   1739.4   0.39952
   1740.0   0.39951
   1740.6   0.39952
   1741.2   0.39950
   1741.8   0.39952
   1742.3   0.39954
   1742.9   0.39954
   1743.5   0.39953
   1744.1   0.39951
   1744.7   0.39951
   1745.3   0.39951
   1745.9   0.39950
   1746.5   0.39948
   1747.1   0.39945
   1747.6   0.39944
   1748.2   0.39943
   1748.8   0.39944
   1749.4   0.39945
   1750.0   0.39941
   1750.6   0.39939
   1751.2   0.39944
   1751.8   0.39948
   1752.4   0.39944
   1753.0   0.39940
   1753.6   0.39940
   1754.1   0.39940
   1754.7   0.39938
   1755.3   0.39939
   1755.9   0.39942
   1756.5   0.39940
   1757.1   0.39938
   1757.7   0.39941
   1758.3   0.39943
   1758.9   0.39940
   1759.5   0.39940
   1760.1   0.39943
   1760.7   0.39942
   1761.3   0.39941
   1761.9   0.39941
   1762.5   0.39943
   1763.1   0.39944
   1763.7   0.39939
   1764.3   0.39940
   1764.9   0.39941
   1765.5   0.39941
   1766.1   0.39943
   1766.7   0.39941
   1767.3   0.39938
   1767.9   0.39938
   1768.5   0.39937
   1769.1   0.39938
   1769.7   0.39940
   1770.3   0.39938
   1770.9   0.39939
   1771.5   0.39940
   1772.1   0.39940
   1772.7   0.39941
   1773.3   0.39940
   1773.9   0.39939
   1774.6   0.39939
   1775.2   0.39941
   1775.8   0.39942
   1776.4   0.39941
   1777.0   0.39936
   1777.6   0.39934
   1778.2   0.39935
   1778.8   0.39936
   1779.4   0.39936
   1780.0   0.39939
   1780.7   0.39938
   1781.3   0.39939
   1781.9   0.39940
   1782.5   0.39937
   1783.1   0.39937
   1783.7   0.39937
   1784.3   0.39937
   1784.9   0.39937
   1785.6   0.39937
   1786.2   0.39936
   1786.8   0.39936
   1787.4   0.39934
   1788.0   0.39934
   1788.6   0.39936
   1789.3   0.39936
   1789.9   0.39935
   1790.5   0.39934
   1791.1   0.39933
   1791.7   0.39932
   1792.3   0.39935
   1793.0   0.39934
   1793.6   0.39934
   1794.2   0.39937
   1794.8   0.39936
   1795.4   0.39938
   1796.1   0.39938
   1796.7   0.39934
   1797.3   0.39935
   1797.9   0.39939
   1798.6   0.39937
   1799.2   0.39937
   1799.8   0.39937
   1800.4   0.39938
   1801.1   0.39937
   1801.7   0.39935
   1802.3   0.39933
   1802.9   0.39934
   1803.6   0.39937
   1804.2   0.39937
   1804.8   0.39936
   1805.4   0.39938
   1806.1   0.39938
   1806.7   0.39938
   1807.3   0.39937
   1808.0   0.39938
   1808.6   0.39940
   1809.2   0.39940
   1809.9   0.39937
   1810.5   0.39937
   1811.1   0.39938
   1811.8   0.39937
   1812.4   0.39936
   1813.0   0.39937
   1813.7   0.39936
   1814.3   0.39936
   1814.9   0.39935
   1815.6   0.39933
   1816.2   0.39932
   1816.8   0.39934
   1817.5   0.39939
   1818.1   0.39939
   1818.8   0.39937
   1819.4   0.39934
   1820.0   0.39933
   1820.7   0.39933
   1821.3   0.39936
   1821.9   0.39934
   1822.6   0.39935
   1823.2   0.39938
   1823.9   0.39938
   1824.5   0.39935
   1825.2   0.39935
   1825.8   0.39937
   1826.4   0.39935
   1827.1   0.39934
   1827.7   0.39935
   1828.4   0.39936
   1829.0   0.39935
   1829.7   0.39932
   1830.3   0.39933
   1831.0   0.39934
   1831.6   0.39934
   1832.3   0.39934
   1832.9   0.39936
   1833.6   0.39939
   1834.2   0.39937
   1834.8   0.39934
   1835.5   0.39935
   1836.1   0.39936
   1836.8   0.39936
   1837.4   0.39936
   1838.1   0.39937
   1838.8   0.39936
   1839.4   0.39934
   1840.1   0.39936
   1840.7   0.39938
   1841.4   0.39935
   1842.0   0.39932
   1842.7   0.39932
   1843.3   0.39929
   1844.0   0.39932
   1844.6   0.39937
   1845.3   0.39935
   1845.9   0.39933
   1846.6   0.39935
   1847.3   0.39939
   1847.9   0.39942
   1848.6   0.39942
   1849.2   0.39941
   1849.9   0.39943
   1850.6   0.39943
   1851.2   0.39942
   1851.9   0.39940
   1852.6   0.39939
   1853.2   0.39941
   1853.9   0.39940
   1854.5   0.39940
   1855.2   0.39945
   1855.9   0.39947
   1856.5   0.39947
   1857.2   0.39945
   1857.9   0.39943
   1858.5   0.39944
   1859.2   0.39947
   1859.9   0.39946
   1860.5   0.39945
   1861.2   0.39948
   1861.9   0.39949
   1862.5   0.39947
   1863.2   0.39945
   1863.9   0.39949
   1864.5   0.39953
   1865.2   0.39951
   1865.9   0.39950
   1866.6   0.39951
   1867.2   0.39952
   1867.9   0.39951
   1868.6   0.39949
   1869.2   0.39947
   1869.9   0.39949
   1870.6   0.39950
   1871.3   0.39950
   1871.9   0.39950
   1872.6   0.39952
   1873.3   0.39953
   1874.0   0.39953
   1874.7   0.39955
   1875.3   0.39955
   1876.0   0.39954
   1876.7   0.39955
   1877.4   0.39953
   1878.0   0.39954
   1878.7   0.39956
   1879.4   0.39955
   1880.1   0.39955
   1880.8   0.39954
   1881.4   0.39955
   1882.1   0.39955
   1882.8   0.39956
   1883.5   0.39957
   1884.2   0.39955
   1884.9   0.39957
   1885.6   0.39959
   1886.2   0.39961
   1886.9   0.39961
   1887.6   0.39960
   1888.3   0.39957
   1889.0   0.39955
   1889.7   0.39957
   1890.4   0.39959
   1891.1   0.39960
   1891.8   0.39960
   1892.4   0.39962
   1893.1   0.39963
   1893.8   0.39964
   1894.5   0.39962
   1895.2   0.39961
   1895.9   0.39962
   1896.6   0.39962
   1897.3   0.39961
   1898.0   0.39961
   1898.7   0.39963
   1899.4   0.39964
   1900.1   0.39962
   1900.8   0.39962
   1901.5   0.39963
   1902.2   0.39962
   1902.9   0.39959
   1903.6   0.39962
   1904.3   0.39964
   1905.0   0.39962
   1905.7   0.39962
   1906.4   0.39961
   1907.1   0.39961
   1907.8   0.39961
   1908.5   0.39961
   1909.2   0.39963
   1909.9   0.39963
   1910.6   0.39961
   1911.3   0.39962
   1912.0   0.39966
   1912.7   0.39968
   1913.4   0.39967
   1914.1   0.39964
   1914.8   0.39965
   1915.5   0.39967
   1916.2   0.39967
   1916.9   0.39965
   1917.6   0.39968
   1918.3   0.39972
   1919.1   0.39971
   1919.8   0.39973
   1920.5   0.39977
   1921.2   0.39976
   1921.9   0.39973
   1922.6   0.39972
   1923.3   0.39972
   1924.0   0.39974
   1924.8   0.39976
   1925.5   0.39977
   1926.2   0.39976
   1926.9   0.39972
   1927.6   0.39975
   1928.3   0.39979
   1929.1   0.39981
   1929.8   0.39981
   1930.5   0.39983
   1931.2   0.39984
   1931.9   0.39985
   1932.7   0.39984
   1933.4   0.39986
   1934.1   0.39985
   1934.8   0.39983
   1935.5   0.39985
   1936.3   0.39987
   1937.0   0.39989
   1937.7   0.39992
   1938.4   0.39991
   1939.2   0.39993
   1939.9   0.39994
   1940.6   0.39993
   1941.3   0.39993
   1942.1   0.39997
   1942.8   0.39999
   1943.5   0.40002
   1944.2   0.40001
   1945.0   0.39998
   1945.7   0.40000
   1946.4   0.40003
   1947.2   0.40005
   1947.9   0.40007
   1948.6   0.40008
   1949.4   0.40008
   1950.1   0.40007
   1950.8   0.40009
   1951.6   0.40013
   1952.3   0.40012
   1953.0   0.40013
   1953.8   0.40016
   1954.5   0.40017
   1955.2   0.40018
   1956.0   0.40019
   1956.7   0.40021
   1957.5   0.40021
   1958.2   0.40019
   1958.9   0.40019
   1959.7   0.40023
   1960.4   0.40024
   1961.2   0.40024
   1961.9   0.40025
   1962.6   0.40029
   1963.4   0.40031
   1964.1   0.40031
   1964.9   0.40032
   1965.6   0.40033
   1966.4   0.40032
   1967.1   0.40036
   1967.9   0.40038
   1968.6   0.40035
   1969.3   0.40036
   1970.1   0.40040
   1970.8   0.40040
   1971.6   0.40040
   1972.3   0.40042
   1973.1   0.40042
   1973.8   0.40040
   1974.6   0.40041
   1975.3   0.40044
   1976.1   0.40048
   1976.9   0.40048
   1977.6   0.40044
   1978.4   0.40042
   1979.1   0.40048
   1979.9   0.40052
   1980.6   0.40054
   1981.4   0.40054
   1982.2   0.40056
   1982.9   0.40058
   1983.7   0.40060
   1984.4   0.40060
   1985.2   0.40060
   1985.9   0.40061
   1986.7   0.40063
   1987.5   0.40063
   1988.2   0.40063
   1989.0   0.40066
   1989.8   0.40067
   1990.5   0.40070
   1991.3   0.40074
   1992.1   0.40077
   1992.8   0.40080
   1993.6   0.40078
   1994.3   0.40076
   1995.1   0.40079
   1995.9   0.40082
   1996.7   0.40084
   1997.4   0.40085
   1998.2   0.40084
   1999.0   0.40084
   1999.7   0.40088
   2000.5   0.40089
   2001.3   0.40088
   2002.1   0.40090
   2002.8   0.40093
   2003.6   0.40095
   2004.4   0.40097
   2005.2   0.40099
   2005.9   0.40100
   2006.7   0.40103
   2007.5   0.40105
   2008.3   0.40103
   2009.0   0.40104
   2009.8   0.40107
   2010.6   0.40107
   2011.4   0.40110
   2012.2   0.40111
   2012.9   0.40114
   2013.7   0.40117
   2014.5   0.40119
   2015.3   0.40120
   2016.1   0.40120
   2016.8   0.40124
   2017.6   0.40127
   2018.4   0.40127
   2019.2   0.40131
   2020.0   0.40133
   2020.8   0.40134
   2021.6   0.40135
   2022.3   0.40136
   2023.1   0.40138
   2023.9   0.40139
   2024.7   0.40141
   2025.5   0.40144
   2026.3   0.40144
   2027.1   0.40144
   2027.9   0.40147
   2028.7   0.40149
   2029.5   0.40153
   2030.3   0.40158
   2031.1   0.40160
   2031.9   0.40158
   2032.7   0.40158
   2033.5   0.40157
   2034.3   0.40159
   2035.1   0.40162
   2035.8   0.40165
   2036.7   0.40167
   2037.4   0.40167
   2038.3   0.40169
   2039.1   0.40171
   2039.9   0.40172
   2040.7   0.40175
   2041.5   0.40179
   2042.3   0.40181
   2043.1   0.40181
   2043.9   0.40182
   2044.7   0.40186
   2045.5   0.40190
   2046.3   0.40188
   2047.1   0.40187
   2047.9   0.40192
   2048.7   0.40193
   2049.5   0.40194
   2050.4   0.40197
   2051.2   0.40200
   2052.0   0.40198
   2052.8   0.40199
   2053.6   0.40202
   2054.4   0.40205
   2055.2   0.40209
   2056.0   0.40212
   2056.9   0.40213
   2057.7   0.40214
   2058.5   0.40216
   2059.3   0.40217
   2060.1   0.40219
   2060.9   0.40223
   2061.8   0.40224
   2062.6   0.40226
   2063.4   0.40228
   2064.2   0.40232
   2065.1   0.40235
   2065.9   0.40234
   2066.7   0.40234
   2067.5   0.40238
   2068.3   0.40241
   2069.2   0.40242
   2070.0   0.40245
   2070.8   0.40248
   2071.6   0.40250
   2072.5   0.40251
   2073.3   0.40252
   2074.1   0.40255
   2075.0   0.40258
   2075.8   0.40260
   2076.6   0.40261
   2077.5   0.40265
   2078.3   0.40269
   2079.1   0.40269
   2080.0   0.40270
   2080.8   0.40276
   2081.6   0.40278
   2082.5   0.40280
   2083.3   0.40280
   2084.1   0.40280
   2085.0   0.40284
   2085.8   0.40289
   2086.6   0.40292
   2087.5   0.40292
   2088.3   0.40294
   2089.2   0.40299
   2090.0   0.40302
   2090.9   0.40303
   2091.7   0.40307
   2092.6   0.40308
   2093.4   0.40309
   2094.2   0.40314
   2095.1   0.40317
   2095.9   0.40318
   2096.8   0.40320
   2097.6   0.40327
   2098.5   0.40333
   2099.3   0.40332
   2100.2   0.40330
   2101.0   0.40334
   2101.9   0.40338
   2102.7   0.40343
   2103.6   0.40342
   2104.4   0.40341
   2105.3   0.40345
   2106.1   0.40351
   2107.0   0.40353
   2107.9   0.40356
   2108.7   0.40358
   2109.6   0.40360
   2110.4   0.40363
   2111.3   0.40369
   2112.1   0.40372
   2113.0   0.40373
   2113.9   0.40376
   2114.7   0.40378
   2115.6   0.40379
   2116.5   0.40382
   2117.3   0.40385
   2118.2   0.40392
   2119.1   0.40395
   2119.9   0.40397
   2120.8   0.40400
   2121.7   0.40402
   2122.5   0.40402
   2123.4   0.40405
   2124.3   0.40410
   2125.1   0.40415
   2126.0   0.40416
   2126.9   0.40416
   2127.8   0.40419
   2128.6   0.40423
   2129.5   0.40424
   2130.4   0.40427
   2131.3   0.40428
   2132.1   0.40430
   2133.0   0.40436
   2133.9   0.40441
   2134.8   0.40443
   2135.6   0.40447
   2136.5   0.40451
   2137.4   0.40452
   2138.3   0.40454
   2139.2   0.40458
   2140.1   0.40460
   2140.9   0.40463
   2141.8   0.40464
   2142.7   0.40465
   2143.6   0.40470
   2144.5   0.40473
   2145.4   0.40473
   2146.3   0.40475
   2147.1   0.40480
   2148.0   0.40485
   2148.9   0.40487
   2149.8   0.40489
   2150.7   0.40493
   2151.6   0.40495
   2152.5   0.40499
   2153.4   0.40507
   2154.3   0.40509
   2155.2   0.40509
   2156.1   0.40511
   2157.0   0.40513
   2157.9   0.40518
   2158.8   0.40524
   2159.7   0.40526
   2160.6   0.40529
   2161.5   0.40532
   2162.4   0.40533
   2163.3   0.40538
   2164.2   0.40538
   2165.1   0.40538
   2166.0   0.40543
   2166.9   0.40548
   2167.8   0.40550
   2168.7   0.40552
   2169.6   0.40553
   2170.5   0.40557
   2171.4   0.40563
   2172.3   0.40565
   2173.2   0.40566
   2174.1   0.40568
   2175.1   0.40573
   2176.0   0.40578
   2176.9   0.40583
   2177.8   0.40585
   2178.7   0.40589
   2179.6   0.40593
   2180.6   0.40596
   2181.5   0.40599
   2182.4   0.40602
   2183.3   0.40603
   2184.2   0.40603
   2185.1   0.40604
   2186.1   0.40609
   2187.0   0.40613
   2187.9   0.40617
   2188.8   0.40622
   2189.8   0.40624
   2190.7   0.40625
   2191.6   0.40628
   2192.5   0.40632
   2193.5   0.40636
   2194.4   0.40640
   2195.3   0.40645
   2196.3   0.40651
   2197.2   0.40655
   2198.1   0.40658
   2199.1   0.40658
   2200.0   0.40660
   2200.9   0.40665
   2201.9   0.40672
   2202.8   0.40675
   2203.7   0.40676
   2204.7   0.40677
   2205.6   0.40678
   2206.5   0.40684
   2207.5   0.40688
   2208.4   0.40690
   2209.4   0.40694
   2210.3   0.40699
   2211.2   0.40704
   2212.2   0.40706
   2213.1   0.40707
   2214.1   0.40706
   2215.0   0.40711
   2216.0   0.40715
   2216.9   0.40718
   2217.9   0.40719
   2218.8   0.40725
   2219.8   0.40731
   2220.7   0.40733
   2221.7   0.40738
   2222.6   0.40741
   2223.6   0.40740
   2224.5   0.40744
   2225.5   0.40748
   2226.4   0.40749
   2227.4   0.40751
   2228.4   0.40754
   2229.3   0.40758
   2230.3   0.40762
   2231.2   0.40763
   2232.2   0.40764
   2233.1   0.40767
   2234.1   0.40769
   2235.1   0.40774
   2236.0   0.40776
   2237.0   0.40779
   2238.0   0.40784
   2238.9   0.40787
   2239.9   0.40792
   2240.9   0.40793
   2241.8   0.40791
   2242.8   0.40793
   2243.8   0.40798
   2244.8   0.40801
   2245.7   0.40803
   2246.7   0.40804
   2247.7   0.40806
   2248.6   0.40808
   2249.6   0.40806
   2250.6   0.40810
   2251.6   0.40818
   2252.6   0.40821
   2253.5   0.40822
   2254.5   0.40822
   2255.5   0.40822
   2256.5   0.40824
   2257.5   0.40824
   2258.4   0.40828
   2259.4   0.40832
   2260.4   0.40833
   2261.4   0.40835
   2262.4   0.40835
   2263.4   0.40836
   2264.4   0.40839
   2265.4   0.40840
   2266.3   0.40842
   2267.3   0.40844
   2268.3   0.40844
   2269.3   0.40847
   2270.3   0.40850
   2271.3   0.40852
   2272.3   0.40852
   2273.3   0.40852
   2274.3   0.40855
   2275.3   0.40859
   2276.3   0.40864
   2277.3   0.40867
   2278.3   0.40869
   2279.3   0.40870
   2280.3   0.40874
   2281.3   0.40879
   2282.3   0.40881
   2283.3   0.40885
   2284.3   0.40888
   2285.3   0.40889
   2286.3   0.40890
   2287.3   0.40892
   2288.3   0.40893
   2289.4   0.40895
   2290.4   0.40902
   2291.4   0.40906
   2292.4   0.40906
   2293.4   0.40911
   2294.4   0.40913
   2295.4   0.40914
   2296.4   0.40918
   2297.5   0.40920
   2298.5   0.40922
   2299.5   0.40921
   2300.5   0.40916
   2301.6   0.40920
   2302.6   0.40927
   2303.6   0.40926
   2304.6   0.40926
   2305.6   0.40930
   2306.7   0.40932
   2307.7   0.40936
   2308.7   0.40944
   2309.8   0.40950
   2310.8   0.40951
   2311.8   0.40954
   2312.8   0.40961
   2313.9   0.40964
   2314.9   0.40969
   2315.9   0.40975
   2317.0   0.40983
   2318.0   0.40991
   2319.1   0.40995
   2320.1   0.41002
   2321.1   0.41008
   2322.2   0.41012
   2323.2   0.41014
   2324.3   0.41015
   2325.3   0.41021
   2326.3   0.41028
   2327.4   0.41029
   2328.4   0.41029
   2329.5   0.41031
   2330.5   0.41032
   2331.6   0.41035
   2332.6   0.41037
   2333.7   0.41040
   2334.7   0.41045
   2335.8   0.41049
   2336.8   0.41052
   2337.9   0.41051
   2338.9   0.41051
   2340.0   0.41054
   2341.0   0.41058
   2342.1   0.41060
   2343.1   0.41063
   2344.2   0.41065
   2345.3   0.41065
   2346.3   0.41063
   2347.4   0.41065
   2348.5   0.41070
   2349.5   0.41074
   2350.6   0.41075
   2351.7   0.41079
   2352.7   0.41084
   2353.8   0.41088
   2354.9   0.41093
   2355.9   0.41102
   2357.0   0.41107
   2358.1   0.41110
   2359.1   0.41115
   2360.2   0.41116
   2361.3   0.41117
   2362.4   0.41121
   2363.4   0.41127
   2364.5   0.41128
   2365.6   0.41129
   2366.7   0.41131
   2367.8   0.41133
   2368.9   0.41135
   2369.9   0.41136
   2371.0   0.41143
   2372.1   0.41149
   2373.2   0.41151
   2374.3   0.41154
   2375.4   0.41157
   2376.4   0.41160
   2377.5   0.41163
   2378.6   0.41163
   2379.7   0.41167
   2380.8   0.41171
   2381.9   0.41173
   2383.0   0.41175
   2384.1   0.41178
   2385.2   0.41181
   2386.3   0.41184
   2387.4   0.41185
   2388.5   0.41187
   2389.6   0.41191
   2390.7   0.41194
   2391.8   0.41194
   2392.9   0.41195
   2394.0   0.41201
   2395.1   0.41206
   2396.2   0.41212
   2397.3   0.41214
   2398.4   0.41215
   2399.5   0.41217
   2400.6   0.41218
   2401.8   0.41223
   2402.9   0.41227
   2404.0   0.41225
   2405.1   0.41226
   2406.2   0.41234
   2407.3   0.41238
   2408.5   0.41238
   2409.6   0.41242
   2410.7   0.41246
   2411.8   0.41244
   2412.9   0.41244
   2414.1   0.41248
   2415.2   0.41251
   2416.3   0.41254
   2417.4   0.41259
   2418.6   0.41261
   2419.7   0.41262
   2420.8   0.41261
   2422.0   0.41261
   2423.1   0.41262
   2424.2   0.41266
   2425.4   0.41271
   2426.5   0.41274
   2427.6   0.41275
   2428.8   0.41276
   2429.9   0.41279
   2431.1   0.41278
   2432.2   0.41280
   2433.3   0.41286
   2434.5   0.41286
   2435.6   0.41284
   2436.8   0.41287
   2437.9   0.41289
   2439.1   0.41286
   2440.2   0.41288
   2441.4   0.41291
   2442.5   0.41291
   2443.6   0.41290
   2444.8   0.41292
   2445.9   0.41296
   2447.1   0.41297
   2448.3   0.41300
   2449.4   0.41301
   2450.6   0.41297
   2451.7   0.41296
   2452.9   0.41300
   2454.1   0.41305
   2455.2   0.41305
   2456.4   0.41304
   2457.6   0.41304
   2458.7   0.41303
   2459.9   0.41304
   2461.1   0.41304
   2462.2   0.41305
   2463.4   0.41305
   2464.6   0.41305
   2465.7   0.41308
   2466.9   0.41309
   2468.1   0.41311
   2469.3   0.41311
   2470.4   0.41312
   2471.6   0.41315
   2472.8   0.41316
   2474.0   0.41315
   2475.1   0.41313
   2476.3   0.41317
   2477.5   0.41320
   2478.7   0.41322
   2479.9   0.41321
   2481.1   0.41324
   2482.3   0.41329
   2483.4   0.41330
   2484.6   0.41333
   2485.8   0.41336
   2487.0   0.41339
   2488.2   0.41340
   2489.4   0.41341
   2490.6   0.41344
   2491.8   0.41349
   2493.0   0.41351
   2494.2   0.41353
   2495.4   0.41355
   2496.6   0.41357
   2497.8   0.41362
   2499.0   0.41365
   2500.2   0.41367
   2501.4   0.41369
   2502.6   0.41373
   2503.8   0.41377
   2505.0   0.41377
   2506.3   0.41377
   2507.5   0.41379
   2508.7   0.41380
   2509.9   0.41386
   2511.1   0.41392
   2512.3   0.41393
   2513.5   0.41392
   2514.8   0.41396
   2516.0   0.41397
   2517.2   0.41397
   2518.4   0.41401
   2519.6   0.41408
   2520.9   0.41412
   2522.1   0.41410
   2523.3   0.41413
   2524.6   0.41418
   2525.8   0.41418
   2527.0   0.41419
   2528.2   0.41421
   2529.5   0.41425
   2530.7   0.41431
   2531.9   0.41434
   2533.2   0.41434
   2534.4   0.41437
   2535.7   0.41441
   2536.9   0.41445
   2538.1   0.41449
   2539.4   0.41452
   2540.6   0.41454
   2541.9   0.41456
   2543.1   0.41457
   2544.4   0.41457
   2545.6   0.41462
   2546.9   0.41465
   2548.1   0.41466
   2549.4   0.41469
   2550.6   0.41471
   2551.9   0.41475
   2553.1   0.41483
   2554.4   0.41487
   2555.6   0.41488
   2556.9   0.41493
   2558.2   0.41497
   2559.4   0.41498
   2560.7   0.41494
   2562.0   0.41494
   2563.2   0.41498
   2564.5   0.41503
   2565.8   0.41511
   2567.0   0.41513
   2568.3   0.41511
   2569.6   0.41511
   2570.9   0.41516
   2572.1   0.41519
   2573.4   0.41523
   2574.7   0.41530
   2576.0   0.41532
   2577.3   0.41533
   2578.5   0.41539
   2579.8   0.41541
   2581.1   0.41541
   2582.4   0.41544
   2583.7   0.41540
   2585.0   0.41542
   2586.2   0.41544
   2587.5   0.41547
   2588.8   0.41551
   2590.1   0.41554
   2591.4   0.41556
   2592.7   0.41558
   2594.0   0.41553
   2595.3   0.41554
   2596.6   0.41564
   2597.9   0.41567
   2599.2   0.41565
   2600.5   0.41569
   2601.8   0.41570
   2603.1   0.41567
   2604.4   0.41564
   2605.7   0.41569
   2607.1   0.41578
   2608.4   0.41577
   2609.7   0.41574
   2611.0   0.41576
   2612.3   0.41581
   2613.6   0.41585
   2614.9   0.41584
   2616.3   0.41581
   2617.6   0.41587
   2618.9   0.41589
   2620.2   0.41585
   2621.6   0.41590
   2622.9   0.41593
   2624.2   0.41593
   2625.5   0.41593
   2626.9   0.41591
   2628.2   0.41596
   2629.5   0.41596
   2630.9   0.41595
   2632.2   0.41598
   2633.5   0.41598
   2634.9   0.41601
   2636.2   0.41604
   2637.6   0.41604
   2638.9   0.41605
   2640.2   0.41607
   2641.6   0.41607
   2642.9   0.41605
   2644.3   0.41606
   2645.6   0.41610
   2647.0   0.41613
   2648.3   0.41610
   2649.7   0.41606
   2651.0   0.41603
   2652.4   0.41603
   2653.8   0.41607
   2655.1   0.41605
   2656.5   0.41606
   2657.8   0.41610
   2659.2   0.41607
   2660.6   0.41605
   2661.9   0.41602
   2663.3   0.41598
   2664.7   0.41592
   2666.0   0.41587
   2667.4   0.41585
   2668.8   0.41582
   2670.1   0.41565
   2671.5   0.41560
   2672.9   0.41560
   2674.3   0.41551
   2675.6   0.41538
   2677.0   0.41528
   2678.4   0.41521
   2679.8   0.41513
   2681.2   0.41507
   2682.6   0.41496
   2684.0   0.41481
   2685.4   0.41469
   2686.8   0.41455
   2688.1   0.41441
   2689.5   0.41422
   2690.9   0.41405
   2692.3   0.41386
   2693.7   0.41357
   2695.1   0.41334
   2696.5   0.41311
   2697.9   0.41283
   2699.3   0.41248
   2700.7   0.41214
   2702.1   0.41182
   2703.6   0.41149
   2705.0   0.41113
   2706.4   0.41079
   2707.8   0.41044
   2709.2   0.41002
   2710.6   0.40961
   2712.0   0.40928
   2713.5   0.40894
   2714.9   0.40855
   2716.3   0.40819
   2717.7   0.40778
   2719.1   0.40735
   2720.6   0.40689
   2722.0   0.40642
   2723.4   0.40593
   2724.9   0.40547
   2726.3   0.40503
   2727.7   0.40457
   2729.2   0.40405
   2730.6   0.40355
   2732.0   0.40307
   2733.5   0.40255
   2734.9   0.40200
   2736.4   0.40145
   2737.8   0.40086
   2739.3   0.40026
   2740.7   0.39969
   2742.2   0.39916
   2743.6   0.39859
   2745.1   0.39799
   2746.5   0.39741
   2748.0   0.39686
   2749.4   0.39627
   2750.9   0.39564
   2752.3   0.39504
   2753.8   0.39442
   2755.3   0.39377
   2756.7   0.39320
   2758.2   0.39259
   2759.7   0.39197
   2761.1   0.39137
   2762.6   0.39081
   2764.1   0.39024
   2765.6   0.38967
   2767.0   0.38910
   2768.5   0.38854
   2770.0   0.38799
   2771.5   0.38744
   2772.9   0.38692
   2774.4   0.38638
   2775.9   0.38585
   2777.4   0.38537
   2778.9   0.38486
   2780.4   0.38434
   2781.9   0.38385
   2783.4   0.38336
   2784.9   0.38285
   2786.4   0.38237
   2787.9   0.38195
   2789.4   0.38153
   2790.9   0.38107
   2792.4   0.38059
   2793.9   0.38016
   2795.4   0.37977
   2796.9   0.37938
   2798.4   0.37898
   2799.9   0.37859
   2801.4   0.37822
   2802.9   0.37783
   2804.4   0.37742
   2806.0   0.37700
   2807.5   0.37663
   2809.0   0.37627
   2810.5   0.37592
   2812.1   0.37559
   2813.6   0.37528
   2815.1   0.37498
   2816.6   0.37465
   2818.2   0.37427
   2819.7   0.37394
   2821.2   0.37364
   2822.8   0.37334
   2824.3   0.37301
   2825.8   0.37269
   2827.4   0.37240
   2828.9   0.37208
   2830.5   0.37177
   2832.0   0.37149
   2833.6   0.37117
   2835.1   0.37092
   2836.7   0.37065
   2838.2   0.37033
   2839.8   0.37007
   2841.3   0.36979
   2842.9   0.36948
   2844.4   0.36916
   2846.0   0.36893
   2847.6   0.36871
   2849.1   0.36843
   2850.7   0.36816
   2852.3   0.36791
   2853.8   0.36766
   2855.4   0.36739
   2857.0   0.36718
   2858.6   0.36699
   2860.1   0.36673
   2861.7   0.36650
   2863.3   0.36628
   2864.9   0.36605
   2866.4   0.36588
   2868.0   0.36564
   2869.6   0.36533
   2871.2   0.36514
   2872.8   0.36500
   2874.4   0.36480
   2876.0   0.36460
   2877.6   0.36444
   2879.2   0.36424
   2880.8   0.36408
   2882.4   0.36389
   2884.0   0.36367
   2885.6   0.36351
   2887.2   0.36340
   2888.8   0.36324
   2890.4   0.36307
   2892.0   0.36297
   2893.6   0.36286
   2895.3   0.36272
   2896.9   0.36258
   2898.5   0.36245
   2900.1   0.36236
   2901.7   0.36221
   2903.4   0.36207
   2905.0   0.36197
   2906.6   0.36186
   2908.3   0.36174
   2909.9   0.36163
   2911.5   0.36153
   2913.1   0.36144
   2914.8   0.36135
   2916.4   0.36127
   2918.1   0.36119
   2919.7   0.36111
   2921.4   0.36101
   2923.0   0.36091
   2924.7   0.36082
   2926.3   0.36075
   2928.0   0.36071
   2929.6   0.36063
   2931.3   0.36056
   2932.9   0.36054
   2934.6   0.36053
   2936.3   0.36048
   2937.9   0.36043
   2939.6   0.36040
   2941.2   0.36035
   2942.9   0.36033
   2944.6   0.36030
   2946.3   0.36023
   2947.9   0.36022
   2949.6   0.36022
   2951.3   0.36021
   2953.0   0.36022
   2954.6   0.36021
   2956.3   0.36018
   2958.0   0.36019
   2959.7   0.36020
   2961.4   0.36019
   2963.1   0.36022
   2964.8   0.36023
   2966.5   0.36021
   2968.2   0.36021
   2969.9   0.36020
   2971.6   0.36024
   2973.3   0.36024
   2975.0   0.36027
   2976.7   0.36030
   2978.4   0.36036
   2980.1   0.36043
   2981.8   0.36044
   2983.6   0.36047
   2985.3   0.36060
   2987.0   0.36071
   2988.7   0.36075
   2990.4   0.36082
   2992.2   0.36092
   2993.9   0.36101
   2995.6   0.36106
   2997.4   0.36108
   2999.1   0.36114
   3000.8   0.36120
   3002.6   0.36128
   3004.3   0.36139
   3006.0   0.36151
   3007.8   0.36167
   3009.5   0.36173
   3011.3   0.36177
   3013.0   0.36184
   3014.8   0.36196
   3016.5   0.36207
   3018.3   0.36213
   3020.0   0.36224
   3021.8   0.36235
   3023.6   0.36245
   3025.3   0.36253
   3027.1   0.36258
   3028.9   0.36266
   3030.6   0.36275
   3032.4   0.36288
   3034.2   0.36301
   3036.0   0.36307
   3037.7   0.36313
   3039.5   0.36321
   3041.3   0.36333
   3043.1   0.36346
   3044.9   0.36355
   3046.7   0.36361
   3048.4   0.36370
   3050.2   0.36381
   3052.0   0.36390
   3053.8   0.36400
   3055.6   0.36411
   3057.4   0.36421
   3059.2   0.36434
   3061.1   0.36448
   3062.9   0.36461
   3064.7   0.36475
   3066.5   0.36487
   3068.3   0.36497
   3070.1   0.36506
   3071.9   0.36516
   3073.8   0.36529
   3075.6   0.36543
   3077.4   0.36555
   3079.2   0.36570
   3081.1   0.36587
   3082.9   0.36602
   3084.7   0.36616
   3086.6   0.36627
   3088.4   0.36641
   3090.2   0.36656
   3092.1   0.36669
   3093.9   0.36680
   3095.8   0.36693
   3097.6   0.36708
   3099.5   0.36723
   3101.3   0.36738
   3103.2   0.36747
   3105.0   0.36759
   3106.9   0.36775
   3108.8   0.36794
   3110.6   0.36813
   3112.5   0.36830
   3114.4   0.36839
   3116.2   0.36851
   3118.1   0.36869
   3120.0   0.36885
   3121.9   0.36903
   3123.7   0.36915
   3125.6   0.36927
   3127.5   0.36949
   3129.4   0.36967
   3131.3   0.36982
   3133.2   0.37000
   3135.1   0.37011
   3137.0   0.37028
   3138.9   0.37051
   3140.8   0.37065
   3142.7   0.37079
   3144.6   0.37103
   3146.5   0.37121
   3148.4   0.37137
   3150.3   0.37154
   3152.2   0.37172
   3154.1   0.37191
   3156.1   0.37211
   3158.0   0.37225
   3159.9   0.37244
   3161.8   0.37264
   3163.8   0.37279
   3165.7   0.37295
   3167.6   0.37320
   3169.6   0.37345
   3171.5   0.37361
   3173.4   0.37379
   3175.4   0.37403
   3177.3   0.37419
   3179.3   0.37432
   3181.2   0.37447
   3183.2   0.37467
   3185.1   0.37489
   3187.1   0.37509
   3189.1   0.37525
   3191.0   0.37546
   3193.0   0.37566
   3194.9   0.37581
   3196.9   0.37598
   3198.9   0.37617
   3200.9   0.37638
   3202.9   0.37654
   3204.8   0.37672
   3206.8   0.37694
   3208.8   0.37708
   3210.8   0.37721
   3212.8   0.37741
   3214.8   0.37757
   3216.8   0.37772
   3218.8   0.37786
   3220.8   0.37801
   3222.8   0.37818
   3224.8   0.37831
   3226.8   0.37849
   3228.8   0.37869
   3230.8   0.37886
   3232.8   0.37902
   3234.8   0.37909
   3236.8   0.37918
   3238.9   0.37928
   3240.9   0.37940
   3242.9   0.37952
   3244.9   0.37962
   3247.0   0.37983
   3249.0   0.38003
   3251.0   0.38016
   3253.1   0.38029
   3255.1   0.38044
   3257.2   0.38054
   3259.2   0.38063
   3261.3   0.38075
   3263.3   0.38088
   3265.4   0.38100
   3267.4   0.38114
   3269.5   0.38130
   3271.6   0.38153
   3273.6   0.38179
   3275.7   0.38202
   3277.8   0.38214
   3279.8   0.38228
   3281.9   0.38247
   3284.0   0.38262
   3286.1   0.38274
   3288.1   0.38288
   3290.2   0.38297
   3292.3   0.38302
   3294.4   0.38303
   3296.5   0.38303
   3298.6   0.38309
   3300.7   0.38311
   3302.8   0.38310
   3304.9   0.38317
   3307.0   0.38328
   3309.1   0.38344
   3311.2   0.38368
   3313.4   0.38383
   3315.5   0.38395
   3317.6   0.38407
   3319.7   0.38419
   3321.9   0.38422
   3324.0   0.38414
   3326.1   0.38406
   3328.3   0.38396
   3330.4   0.38376
   3332.5   0.38348
   3334.7   0.38322
   3336.8   0.38299
   3339.0   0.38273
   3341.1   0.38236
   3343.3   0.38193
   3345.4   0.38151
   3347.6   0.38101
   3349.8   0.38045
   3351.9   0.37987
   3354.1   0.37920
   3356.3   0.37843
   3358.4   0.37749
   3360.6   0.37635
   3362.8   0.37492
   3365.0   0.37310
   3367.1   0.37101
   3369.3   0.36900
   3371.5   0.36747
   3373.7   0.36646
   3375.9   0.36579
   3378.1   0.36564
   3380.3   0.36611
   3382.5   0.36710
   3384.7   0.36819
   3386.9   0.36902
   3389.1   0.36950
   3391.4   0.36949
   3393.6   0.36895
   3395.8   0.36794
   3398.0   0.36654
   3400.3   0.36486
   3402.5   0.36300
   3404.7   0.36109
   3407.0   0.35922
   3409.2   0.35737
   3411.4   0.35567
   3413.7   0.35430
   3415.9   0.35343
   3418.2   0.35340
   3420.4   0.35444
   3422.7   0.35624
   3425.0   0.35847
   3427.2   0.36086
   3429.5   0.36315
   3431.8   0.36522
   3434.0   0.36698
   3436.3   0.36846
   3438.6   0.36968
   3440.9   0.37068
   3443.2   0.37157
   3445.4   0.37246
   3447.7   0.37333
   3450.0   0.37413
   3452.3   0.37498
   3454.6   0.37581
   3456.9   0.37648
   3459.2   0.37709
   3461.6   0.37757
   3463.9   0.37783
   3466.2   0.37787
   3468.5   0.37774
   3470.8   0.37748
   3473.1   0.37722
   3475.5   0.37716
   3477.8   0.37726
   3480.1   0.37742
   3482.5   0.37743
   3484.8   0.37724
   3487.2   0.37681
   3489.5   0.37620
   3491.9   0.37540
   3494.2   0.37430
   3496.6   0.37298
   3498.9   0.37193
   3501.3   0.37153
   3503.6   0.37208
   3506.0   0.37355
   3508.4   0.37565
   3510.8   0.37810
   3513.1   0.38070
   3515.5   0.38305
   3517.9   0.38499
   3520.3   0.38651
   3522.7   0.38773
   3525.1   0.38877
   3527.5   0.38956
   3529.9   0.39020
   3532.3   0.39071
   3534.7   0.39112
   3537.1   0.39152
   3539.5   0.39192
   3541.9   0.39227
   3544.4   0.39256
   3546.8   0.39282
   3549.2   0.39309
   3551.6   0.39339
   3554.1   0.39365
   3556.5   0.39382
   3559.0   0.39401
   3561.4   0.39422
   3563.9   0.39442
   3566.3   0.39460
   3568.8   0.39485
   3571.2   0.39508
   3573.7   0.39527
   3576.1   0.39543
   3578.6   0.39559
   3581.1   0.39573
   3583.6   0.39592
   3586.0   0.39610
   3588.5   0.39621
   3591.0   0.39631
   3593.5   0.39643
   3596.0   0.39657
   3598.5   0.39668
   3601.0   0.39677
   3603.5   0.39688
   3606.0   0.39696
   3608.5   0.39701
   3611.0   0.39707
   3613.5   0.39713
   3616.0   0.39724
   3618.6   0.39738
   3621.1   0.39751
   3623.6   0.39761
   3626.1   0.39766
   3628.7   0.39770
   3631.2   0.39777
   3633.8   0.39779
   3636.3   0.39785
   3638.9   0.39794
   3641.4   0.39800
   3644.0   0.39805
   3646.6   0.39805
   3649.1   0.39805
   3651.7   0.39815
   3654.3   0.39822
   3656.9   0.39829
   3659.4   0.39834
   3662.0   0.39843
   3664.6   0.39855
   3667.2   0.39865
   3669.8   0.39872
   3672.4   0.39877
   3675.0   0.39884
   3677.6   0.39893
   3680.2   0.39903
   3682.8   0.39912
   3685.4   0.39918
   3688.1   0.39928
   3690.7   0.39941
   3693.3   0.39952
   3695.9   0.39960
   3698.6   0.39969
   3701.2   0.39977
   3703.9   0.39982
   3706.5   0.39988
   3709.2   0.39995
   3711.8   0.40001
   3714.5   0.40008
   3717.1   0.40016
   3719.8   0.40023
   3722.5   0.40031
   3725.2   0.40038
   3727.8   0.40043
   3730.5   0.40050
   3733.2   0.40055
   3735.9   0.40061
   3738.6   0.40067
   3741.3   0.40073
   3744.0   0.40079
   3746.7   0.40085
   3749.4   0.40091
   3752.1   0.40096
   3754.8   0.40102
   3757.6   0.40108
   3760.3   0.40112
   3763.0   0.40118
   3765.7   0.40124
   3768.5   0.40127
   3771.2   0.40130
   3774.0   0.40134
   3776.7   0.40137
   3779.5   0.40141
   3782.2   0.40145
   3785.0   0.40149
   3787.7   0.40150
   3790.5   0.40149
   3793.3   0.40151
   3796.1   0.40155
   3798.8   0.40156
   3801.6   0.40157
   3804.4   0.40158
   3807.2   0.40159
   3810.0   0.40160
   3812.8   0.40163
   3815.6   0.40164
   3818.4   0.40165
   3821.2   0.40164
   3824.1   0.40163
   3826.9   0.40164
   3829.7   0.40163
   3832.5   0.40163
   3835.4   0.40162
   3838.2   0.40160
   3841.1   0.40161
   3843.9   0.40160
   3846.8   0.40157
   3849.6   0.40157
   3852.5   0.40156
   3855.3   0.40153
   3858.2   0.40151
   3861.1   0.40150
   3863.9   0.40150
   3866.8   0.40146
   3869.7   0.40140
   3872.6   0.40136
   3875.5   0.40137
   3878.4   0.40134
   3881.3   0.40130
   3884.2   0.40127
   3887.1   0.40122
   3890.0   0.40116
   3893.0   0.40112
   3895.9   0.40107
   3898.8   0.40102
   3901.7   0.40097
   3904.7   0.40090
   3907.6   0.40084
   3910.6   0.40079
   3913.5   0.40073
   3916.5   0.40068
   3919.4   0.40064
   3922.4   0.40058
   3925.4   0.40050
   3928.4   0.40041
   3931.3   0.40032
   3934.3   0.40027
   3937.3   0.40021
   3940.3   0.40015
   3943.3   0.40008
   3946.3   0.40000
   3949.3   0.39995
   3952.3   0.39990
   3955.3   0.39979
   3958.3   0.39970
   3961.4   0.39964
   3964.4   0.39958
   3967.4   0.39950
   3970.5   0.39941
   3973.5   0.39933
   3976.6   0.39925
   3979.6   0.39916
   3982.6   0.39907
   3985.7   0.39902
   3988.8   0.39897
   3991.9   0.39887
   3994.9   0.39878
   3998.0   0.39874
   4001.1   0.39869
   4004.2   0.39862
   4007.3   0.39855
   4010.4   0.39848
   4013.5   0.39844
   4016.6   0.39837
   4019.7   0.39826
   4022.8   0.39815
   4025.9   0.39808
   4029.1   0.39800
   4032.2   0.39789
   4035.3   0.39778
   4038.5   0.39769
   4041.6   0.39761
   4044.8   0.39753
   4047.9   0.39747
   4051.1   0.39736
   4054.3   0.39722
   4057.4   0.39709
   4060.6   0.39697
   4063.8   0.39686
   4067.0   0.39675
   4070.2   0.39663
   4073.4   0.39652
   4076.6   0.39641
   4079.8   0.39628
   4083.0   0.39615
   4086.2   0.39604
   4089.4   0.39594
   4092.7   0.39581
   4095.9   0.39568
   4099.1   0.39554
   4102.4   0.39536
   4105.6   0.39521
   4108.9   0.39509
   4112.1   0.39494
   4115.4   0.39478
   4118.7   0.39460
   4122.0   0.39441
   4125.2   0.39421
   4128.5   0.39402
   4131.8   0.39387
   4135.1   0.39370
   4138.4   0.39347
   4141.7   0.39325
   4145.0   0.39305
   4148.3   0.39283
   4151.6   0.39260
   4155.0   0.39239
   4158.3   0.39216
   4161.6   0.39190
   4165.0   0.39155
   4168.3   0.39124
   4171.7   0.39096
   4175.0   0.39067
   4178.4   0.39034
   4181.8   0.39003
   4185.2   0.38975
   4188.5   0.38945
   4191.9   0.38910
   4195.3   0.38872
   4198.7   0.38835
   4202.1   0.38797
   4205.5   0.38757
   4208.9   0.38719
   4212.4   0.38680
   4215.8   0.38637
   4219.2   0.38591
   4222.6   0.38547
   4226.1   0.38503
   4229.5   0.38454
   4233.0   0.38404
   4236.5   0.38356
   4239.9   0.38304
   4243.4   0.38249
   4246.9   0.38190
   4250.3   0.38132
   4253.8   0.38073
   4257.3   0.38013
   4260.8   0.37951
   4264.3   0.37890
   4267.8   0.37825
   4271.4   0.37760
   4274.9   0.37693
   4278.4   0.37625
   4281.9   0.37557
   4285.5   0.37487
   4289.0   0.37416
   4292.6   0.37345
   4296.1   0.37274
   4299.7   0.37200
   4303.3   0.37125
   4306.8   0.37050
   4310.4   0.36977
   4314.0   0.36907
   4317.6   0.36835
   4321.2   0.36765
   4324.8   0.36697
   4328.4   0.36628
   4332.0   0.36561
   4335.6   0.36498
   4339.3   0.36435
   4342.9   0.36370
   4346.5   0.36307
   4350.2   0.36244
   4353.8   0.36182
   4357.5   0.36123
   4361.1   0.36062
   4364.8   0.36002
   4368.5   0.35942
   4372.2   0.35882
   4375.9   0.35824
   4379.6   0.35768
   4383.3   0.35713
   4387.0   0.35656
   4390.7   0.35600
   4394.4   0.35550
   4398.1   0.35497
   4401.9   0.35443
   4405.6   0.35391
   4409.4   0.35339
   4413.1   0.35292
   4416.9   0.35244
   4420.6   0.35192
   4424.4   0.35143
   4428.2   0.35094
   4432.0   0.35045
   4435.8   0.34995
   4439.6   0.34945
   4443.4   0.34893
   4447.2   0.34838
   4451.0   0.34782
   4454.8   0.34726
   4458.6   0.34668
   4462.5   0.34611
   4466.3   0.34552
   4470.2   0.34491
   4474.0   0.34429
   4477.9   0.34365
   4481.8   0.34299
   4485.6   0.34232
   4489.5   0.34164
   4493.4   0.34095
   4497.3   0.34023
   4501.2   0.33948
   4505.1   0.33874
   4509.0   0.33800
   4513.0   0.33723
   4516.9   0.33645
   4520.8   0.33566
   4524.8   0.33486
   4528.7   0.33402
   4532.7   0.33313
   4536.7   0.33227
   4540.6   0.33141
   4544.6   0.33054
   4548.6   0.32969
   4552.6   0.32880
   4556.6   0.32788
   4560.6   0.32694
   4564.6   0.32596
   4568.6   0.32502
   4572.7   0.32410
   4576.7   0.32315
   4580.8   0.32220
   4584.8   0.32121
   4588.9   0.32021
   4592.9   0.31924
   4597.0   0.31829
   4601.1   0.31730
   4605.2   0.31629
   4609.3   0.31529
   4613.4   0.31431
   4617.5   0.31330
   4621.6   0.31227
   4625.7   0.31126
   4629.8   0.31025
   4634.0   0.30926
   4638.1   0.30829
   4642.3   0.30736
   4646.4   0.30646
   4650.6   0.30551
   4654.8   0.30459
   4659.0   0.30371
   4663.1   0.30288
   4667.3   0.30207
   4671.5   0.30122
   4675.8   0.30036
   4680.0   0.29956
   4684.2   0.29875
   4688.4   0.29796
   4692.7   0.29713
   4696.9   0.29630
   4701.2   0.29551
   4705.5   0.29472
   4709.7   0.29390
   4714.0   0.29309
   4718.3   0.29227
   4722.6   0.29149
   4726.9   0.29074
   4731.2   0.28998
   4735.5   0.28922
   4739.9   0.28846
   4744.2   0.28771
   4748.5   0.28700
   4752.9   0.28628
   4757.3   0.28555
   4761.6   0.28485
   4766.0   0.28415
   4770.4   0.28347
   4774.8   0.28278
   4779.2   0.28211
   4783.6   0.28146
   4788.0   0.28078
   4792.4   0.28011
   4796.9   0.27944
   4801.3   0.27875
   4805.8   0.27805
   4810.2   0.27736
   4814.7   0.27668
   4819.1   0.27599
   4823.6   0.27528
   4828.1   0.27460
   4832.6   0.27389
   4837.1   0.27315
   4841.6   0.27243
   4846.2   0.27171
   4850.7   0.27099
   4855.3   0.27026
   4859.8   0.26953
   4864.4   0.26883
   4868.9   0.26809
   4873.5   0.26735
   4878.1   0.26663
   4882.7   0.26592
   4887.3   0.26519
   4891.9   0.26445
   4896.5   0.26368
   4901.1   0.26293
   4905.8   0.26220
   4910.4   0.26144
   4915.1   0.26067
   4919.7   0.25989
   4924.4   0.25913
   4929.1   0.25839
   4933.8   0.25765
   4938.5   0.25692
   4943.2   0.25617
   4947.9   0.25543
   4952.6   0.25468
   4957.4   0.25392
   4962.1   0.25318
   4966.9   0.25243
   4971.6   0.25166
   4976.4   0.25086
   4981.2   0.25008
   4986.0   0.24929
   4990.8   0.24848
   4995.6   0.24767
   5000.4   0.24682
   5005.2   0.24598
   5010.0   0.24514
   5014.9   0.24429
   5019.8   0.24346
   5024.6   0.24260
   5029.5   0.24170
   5034.4   0.24083
   5039.3   0.23998
   5044.2   0.23910
   5049.1   0.23822
   5054.0   0.23735
   5058.9   0.23647
   5063.9   0.23559
   5068.8   0.23469
   5073.8   0.23379
   5078.8   0.23289
   5083.7   0.23195
   5088.7   0.23099
   5093.7   0.23003
   5098.7   0.22905
   5103.7   0.22807
   5108.8   0.22707
   5113.8   0.22603
   5118.9   0.22498
   5123.9   0.22392
   5129.0   0.22284
   5134.1   0.22176
   5139.1   0.22071
   5144.3   0.21964
   5149.4   0.21857
   5154.5   0.21745
   5159.6   0.21637
   5164.7   0.21533
   5169.9   0.21430
   5175.0   0.21329
   5180.2   0.21226
   5185.4   0.21126
   5190.6   0.21029
   5195.8   0.20934
   5201.0   0.20838
   5206.2   0.20744
   5211.5   0.20651
   5216.7   0.20560
   5222.0   0.20468
   5227.2   0.20377
   5232.5   0.20285
   5237.8   0.20194
   5243.1   0.20105
   5248.4   0.20016
   5253.7   0.19929
   5259.0   0.19844
   5264.4   0.19755
   5269.7   0.19668
   5275.1   0.19580
   5280.5   0.19494
   5285.8   0.19410
   5291.2   0.19328
   5296.6   0.19247
   5302.0   0.19166
   5307.5   0.19088
   5312.9   0.19014
   5318.4   0.18940
   5323.8   0.18867
   5329.3   0.18796
   5334.8   0.18723
   5340.3   0.18648
   5345.8   0.18579
   5351.3   0.18507
   5356.8   0.18431
   5362.4   0.18356
   5367.9   0.18285
   5373.5   0.18213
   5379.0   0.18143
   5384.6   0.18074
   5390.2   0.18007
   5395.8   0.17940
   5401.5   0.17877
   5407.1   0.17816
   5412.7   0.17758
   5418.4   0.17703
   5424.1   0.17652
   5429.7   0.17603
   5435.4   0.17558
   5441.1   0.17518
   5446.9   0.17482
   5452.6   0.17447
   5458.3   0.17416
   5464.1   0.17389
   5469.8   0.17364
   5475.6   0.17341
   5481.4   0.17319
   5487.2   0.17300
   5493.0   0.17283
   5498.8   0.17268
   5504.7   0.17251
   5510.5   0.17234
   5516.4   0.17219
   5522.3   0.17205
   5528.1   0.17190
   5534.0   0.17174
   5540.0   0.17158
   5545.9   0.17142
   5551.8   0.17124
   5557.8   0.17103
   5563.7   0.17078
   5569.7   0.17052
   5575.7   0.17026
   5581.7   0.16996
   5587.7   0.16960
   5593.7   0.16921
   5599.8   0.16883
   5605.8   0.16840
   5611.9   0.16794
   5618.0   0.16746
   5624.1   0.16694
   5630.2   0.16640
   5636.3   0.16581
   5642.4   0.16521
   5648.6   0.16460
   5654.7   0.16396
   5660.9   0.16330
   5667.1   0.16261
   5673.3   0.16193
   5679.5   0.16122
   5685.7   0.16047
   5692.0   0.15972
   5698.2   0.15900
   5704.5   0.15826
   5710.8   0.15750
   5717.1   0.15669
   5723.4   0.15586
   5729.7   0.15500
   5736.0   0.15414
   5742.4   0.15324
   5748.8   0.15233
   5755.1   0.15139
   5761.5   0.15043
   5768.0   0.14946
   5774.4   0.14848
   5780.8   0.14748
   5787.3   0.14645
   5793.7   0.14542
   5800.2   0.14441
   5806.7   0.14335
   5813.2   0.14231
   5819.8   0.14129
   5826.3   0.14025
   5832.8   0.13919
   5839.4   0.13816
   5846.0   0.13711
   5852.6   0.13608
   5859.2   0.13507
   5865.8   0.13406
   5872.5   0.13306
   5879.1   0.13211
   5885.8   0.13113
   5892.5   0.13015
   5899.2   0.12919
   5905.9   0.12821
   5912.6   0.12727
   5919.4   0.12635
   5926.2   0.12542
   5932.9   0.12456
   5939.7   0.12371
   5946.5   0.12280
   5953.4   0.12190
   5960.2   0.12105
   5967.1   0.12021
   5974.0   0.11935
   5980.8   0.11855
   5987.8   0.11781
   5994.7   0.11708
   6001.6   0.11636
   6008.6   0.11568
   6015.5   0.11504
   6022.5   0.11441
   6029.5   0.11384
   6036.5   0.11331
   6043.6   0.11285
   6050.6   0.11243
   6057.7   0.11196
   6064.8   0.11151
   6071.9   0.11112
   6079.0   0.11074
   6086.1   0.11035
   6093.3   0.10998
   6100.5   0.10963
   6107.6   0.10929
   6114.8   0.10896
   6122.1   0.10860
   6129.3   0.10823
   6136.5   0.10788
   6143.8   0.10755
   6151.1   0.10720
   6158.4   0.10687
   6165.7   0.10656
   6173.1   0.10626
   6180.4   0.10601
   6187.8   0.10578
   6195.2   0.10552
   6202.6   0.10527
   6210.0   0.10504
   6217.5   0.10483
   6225.0   0.10463
   6232.4   0.10440
   6239.9   0.10422
   6247.5   0.10407
   6255.0   0.10394
   6262.5   0.10380
   6270.1   0.10366
   6277.7   0.10354
   6285.3   0.10344
   6293.0   0.10333
   6300.6   0.10323
   6308.3   0.10317
   6315.9   0.10314
   6323.6   0.10312
   6331.4   0.10311
   6339.1   0.10315
   6346.9   0.10322
   6354.6   0.10327
   6362.4   0.10333
   6370.3   0.10341
   6378.1   0.10350
   6385.9   0.10361
   6393.8   0.10371
   6401.7   0.10380
   6409.6   0.10390
   6417.5   0.10398
   6425.5   0.10398
   6433.5   0.10396
   6441.5   0.10394
   6449.5   0.10391
   6457.5   0.10387
   6465.6   0.10381
   6473.6   0.10375
   6481.7   0.10370
   6489.8   0.10363
   6498.0   0.10355
   6506.1   0.10342
   6514.3   0.10331
   6522.5   0.10322
   6530.7   0.10311
   6539.0   0.10299
   6547.2   0.10285
   6555.5   0.10270
   6563.8   0.10255
   6572.1   0.10242
   6580.4   0.10227
   6588.8   0.10208
   6597.2   0.10188
   6605.6   0.10171
   6614.0   0.10156
   6622.5   0.10141
   6630.9   0.10130
   6639.4   0.10121
   6647.9   0.10104
   6656.5   0.10084
   6665.0   0.10070
   6673.6   0.10060
   6682.2   0.10047
   6690.8   0.10031
   6699.5   0.10016
   6708.1   0.10001
   6716.8   0.09984
   6725.5   0.09967
   6734.3   0.09951
   6743.0   0.09928
   6751.8   0.09901
   6760.6   0.09877
   6769.4   0.09849
   6778.3   0.09817
   6787.1   0.09782
   6796.0   0.09749
   6805.0   0.09715
   6813.9   0.09682
   6822.9   0.09656
   6831.9   0.09633
   6840.9   0.09609
   6849.9   0.09584
   6859.0   0.09558
   6868.0   0.09533
   6877.2   0.09508
   6886.3   0.09484
   6895.5   0.09461
   6904.6   0.09436
   6913.8   0.09411
   6923.1   0.09381
   6932.3   0.09352
   6941.6   0.09320
   6950.9   0.09284
   6960.2   0.09248
   6969.6   0.09211
   6979.0   0.09171
   6988.4   0.09127
   6997.8   0.09082
   7007.3   0.09039
   7016.8   0.08994
   7026.3   0.08948
   7035.8   0.08900
   7045.4   0.08855
   7054.9   0.08807
   7064.5   0.08757
   7074.2   0.08709
   7083.9   0.08660
   7093.5   0.08609
   7103.3   0.08560
   7113.0   0.08511
   7122.8   0.08460
   7132.6   0.08407
   7142.4   0.08351
   7152.2   0.08294
   7162.1   0.08235
   7172.0   0.08174
   7182.0   0.08110
   7191.9   0.08043
   7201.9   0.07976
   7211.9   0.07909
   7222.0   0.07839
   7232.0   0.07766
   7242.1   0.07694
   7252.3   0.07622
   7262.4   0.07549
   7272.6   0.07475
   7282.8   0.07401
   7293.1   0.07324
   7303.3   0.07242
   7313.6   0.07161
   7324.0   0.07080
   7334.3   0.06997
   7344.7   0.06912
   7355.1   0.06823
   7365.6   0.06733
   7376.1   0.06641
   7386.6   0.06550
   7397.1   0.06455
   7407.7   0.06357
   7418.3   0.06259
   7428.9   0.06157
   7439.6   0.06053
   7450.3   0.05950
   7461.0   0.05848
   7471.7   0.05741
   7482.5   0.05631
   7493.3   0.05526
   7504.1   0.05418
   7515.0   0.05306
   7525.9   0.05193
   7536.9   0.05080
   7547.9   0.04965
   7558.9   0.04851
   7569.9   0.04735
   7581.0   0.04619
   7592.0   0.04503
   7603.2   0.04386
   7614.4   0.04269
   7625.5   0.04152
   7636.8   0.04032
   7648.0   0.03910
   7659.3   0.03789
   7670.7   0.03665
   7682.0   0.03541
   7693.4   0.03418
   7704.9   0.03292
   7716.3   0.03168
   7727.8   0.03040
   7739.4   0.02914
   7750.9   0.02789
   7762.5   0.02662
   7774.2   0.02538
   7785.8   0.02415
   7797.5   0.02295
   7809.3   0.02176
   7821.1   0.02060
   7832.9   0.01944
   7844.7   0.01827
   7856.6   0.01716
   7868.5   0.01608
   7880.5   0.01503
   7892.5   0.01401
   7904.5   0.01303
   7916.6   0.01210
   7928.7   0.01121
   7940.8   0.01036
   7953.0   0.00954
   7965.2   0.00879
   7977.5   0.00809
   7989.8   0.00743
   8002.1   0.00686
   8014.5   0.00632
   8026.9   0.00583
   8039.3   0.00541
   8051.8   0.00505
   8064.3   0.00478
   8076.9   0.00459
   8089.5   0.00443
   8102.1   0.00435
   8114.8   0.00436
   8127.5   0.00451
   8140.3   0.00472
   8153.1   0.00504
   8165.9   0.00551
   8178.8   0.00614
   8191.7   0.00690
   8204.7   0.00780
   8217.7   0.00881
   8230.7   0.00994
   8243.8   0.01116
   8257.0   0.01246
   8270.1   0.01380
   8283.3   0.01512
   8296.6   0.01636
   8309.9   0.01749
   8323.2   0.01858
   8336.6   0.01959
   8350.0   0.02048
   8363.5   0.02122
   8377.0   0.02185
   8390.5   0.02243
   8404.2   0.02294
   8417.8   0.02339
   8431.5   0.02378
   8445.2   0.02410
   8459.0   0.02435
   8472.8   0.02456
   8486.7   0.02480
   8500.6   0.02497
   8514.5   0.02511
   8528.5   0.02527
   8542.6   0.02543
   8556.7   0.02558
   8570.8   0.02569
   8585.0   0.02580
   8599.3   0.02592
   8613.5   0.02602
   8627.9   0.02609
   8642.3   0.02614
   8656.7   0.02623
   8671.2   0.02630
   8685.7   0.02634
   8700.3   0.02637
   8714.9   0.02639
   8729.5   0.02639
   8744.3   0.02636
   8759.0   0.02633
   8773.9   0.02628
   8788.7   0.02620
   8803.7   0.02613
   8818.6   0.02605
   8833.7   0.02596
   8848.7   0.02586
   8863.8   0.02578
   8879.0   0.02567
   8894.3   0.02553
   8909.5   0.02535
   8924.9   0.02518
   8940.3   0.02498
   8955.7   0.02475
   8971.2   0.02452
   8986.8   0.02427
   9002.3   0.02401
   9018.0   0.02375
   9033.7   0.02344
   9049.5   0.02316
   9065.3   0.02287
   9081.2   0.02258
   9097.1   0.02229
   9113.1   0.02198
   9129.1   0.02168
   9145.2   0.02142
   9161.4   0.02115
   9177.6   0.02088
   9193.9   0.02070
   9210.2   0.02057
   9226.6   0.02047
   9243.0   0.02040
   9259.5   0.02039
   9276.1   0.02039
   9292.7   0.02039
   9309.4   0.02044
   9326.2   0.02052
   9343.0   0.02063
   9359.8   0.02074
   9376.8   0.02088
   9393.8   0.02100
   9410.8   0.02116
   9427.9   0.02138
   9445.1   0.02155
   9462.3   0.02177
   9479.6   0.02203
   9497.0   0.02226
   9514.4   0.02246
   9531.9   0.02269
   9549.4   0.02295
   9567.0   0.02317
   9584.7   0.02338
   9602.5   0.02358
   9620.3   0.02377
   9638.2   0.02394
   9656.1   0.02405
   9674.2   0.02416
   9692.2   0.02427
   9710.4   0.02437
   9728.6   0.02444
   9746.9   0.02446
   9765.2   0.02451
   9783.7   0.02457
   9802.2   0.02456
   9820.7   0.02456
   9839.4   0.02457
   9858.1   0.02458
   9876.8   0.02471
   9895.7   0.02484
   9914.6   0.02494
   9933.6   0.02515
   9952.7   0.02541
   9971.8   0.02572
   9991.0   0.02606
  10010.3   0.02643
  10029.7   0.02682
  10049.1   0.02725
  10068.6   0.02775
  10088.2   0.02832
  10107.9   0.02888
  10127.6   0.02941
  10147.5   0.02997
  10167.3   0.03055
  10187.3   0.03118
  10207.4   0.03187
  10227.5   0.03267
  10247.7   0.03355
  10268.0   0.03448
  10288.4   0.03536
  10308.8   0.03621
  10329.4   0.03705
  10350.0   0.03782
  10370.7   0.03851
  10391.5   0.03916
  10412.3   0.03976
  10433.3   0.04028
  10454.3   0.04063
  10475.4   0.04088
  10496.7   0.04114
  10517.9   0.04135
  10539.3   0.04144
  10560.8   0.04151
  10582.3   0.04159
  10604.0   0.04163
  10625.7   0.04163
  10647.5   0.04152
  10669.4   0.04137
  10691.4   0.04124
  10713.5   0.04116
  10735.7   0.04099
  10758.0   0.04076
  10780.3   0.04047
  10802.8   0.04012
  10825.4   0.03980
  10848.0   0.03940
  10870.8   0.03895
  10893.6   0.03850
  10916.5   0.03804
  10939.5   0.03757
  10962.7   0.03710
  10985.9   0.03664
  11009.2   0.03617
  11032.7   0.03569
  11056.2   0.03521
  11079.8   0.03476
  11103.5   0.03433
  11127.4   0.03382
  11151.3   0.03333
  11175.3   0.03284
  11199.5   0.03231
  11223.7   0.03183
  11248.0   0.03135
  11272.5   0.03088
  11297.1   0.03043
  11321.7   0.02998
  11346.5   0.02957
  11371.4   0.02914
  11396.4   0.02872
  11421.5   0.02841
  11446.7   0.02814
  11472.0   0.02790
  11497.5   0.02770
  11523.0   0.02748
  11548.7   0.02724
  11574.4   0.02707
  11600.3   0.02696
  11626.3   0.02692
  11652.5   0.02683
  11678.7   0.02672
  11705.1   0.02663
  11731.6   0.02658
  11758.2   0.02663
  11784.9   0.02664
  11811.7   0.02664
  11838.7   0.02673
  11865.8   0.02689
  11893.0   0.02698
  11920.3   0.02709
  11947.8   0.02721
  11975.4   0.02729
  12003.1   0.02753
  12031.0   0.02785
  12059.0   0.02815
  12087.1   0.02852
  12115.3   0.02893
  12143.7   0.02939
  12172.2   0.02986
  12200.8   0.03040
  12229.6   0.03098
  12258.5   0.03153
  12287.6   0.03206
  12316.8   0.03252
  12346.1   0.03287
  12375.5   0.03310
  12405.2   0.03307
  12434.9   0.03276
  12464.8   0.03215
  12494.8   0.03133
  12525.0   0.03041
  12555.3   0.02939
  12585.8   0.02833
  12616.4   0.02723
  12647.2   0.02607
  12678.1   0.02495
  12709.2   0.02383
  12740.4   0.02265
  12771.8   0.02160
  12803.3   0.02068
  12835.0   0.01984
  12866.9   0.01915
  12898.9   0.01869
  12931.1   0.01845
  12963.4   0.01831
  12995.9   0.01816
  13028.5   0.01803
  13061.3   0.01791
  13094.3   0.01777
  13127.5   0.01769
  13160.8   0.01768
  13194.3   0.01769
  13228.0   0.01765
  13261.8   0.01755
  13295.8   0.01749
  13330.0   0.01741
  13364.3   0.01723
  13398.8   0.01717
  13433.6   0.01706
  13468.5   0.01686
  13503.5   0.01667
  13538.8   0.01653
  13574.2   0.01642
  13609.9   0.01642
  13645.7   0.01645
  13681.7   0.01655
  13717.9   0.01661
  13754.3   0.01660
  13790.8   0.01669
  13827.6   0.01674
  13864.6   0.01675
  13901.8   0.01673
  13939.2   0.01665
  13976.7   0.01655
  14014.5   0.01651
  14052.5   0.01643
  14090.7   0.01625
  14129.0   0.01609
  14167.6   0.01595
  14206.5   0.01580
  14245.5   0.01562
  14284.7   0.01547
  14324.2   0.01545
  14363.9   0.01539
  14403.8   0.01528
  14443.9   0.01519
  14484.3   0.01516
  14524.8   0.01513
  14565.6   0.01515
  14606.7   0.01513
  14647.9   0.01507
  14689.4   0.01504
  14731.2   0.01501
  14773.1   0.01506
  14815.3   0.01516
  14857.8   0.01522
  14900.5   0.01533
  14943.4   0.01541
  14986.6   0.01548
  15030.0   0.01554
  15073.7   0.01565
  15117.7   0.01579
  15161.9   0.01585
  15206.3   0.01595
  15251.1   0.01624
  15296.1   0.01673
  15341.3   0.01741
  15386.8   0.01821
  15432.6   0.01917
  15478.7   0.02034
  15525.0   0.02155
  15571.7   0.02281
  15618.6   0.02393
  15665.8   0.02483
  15713.2   0.02568
  15761.0   0.02652
  15809.0   0.02721
  15857.4   0.02795
  15906.0   0.02852
  15955.0   0.02873
  16004.2   0.02882
  16053.8   0.02890
  16103.6   0.02885
  16153.8   0.02871
  16204.3   0.02865
  16255.1   0.02857
  16306.2   0.02859
  16357.6   0.02867
  16409.4   0.02885
  16461.5   0.02916
  16513.9   0.02937
  16566.7   0.02936
  16619.8   0.02938
  16673.2   0.02943
  16727.0   0.02944
  16781.1   0.02951
  16835.6   0.02964
  16890.5   0.02981
  16945.7   0.03000
  17001.2   0.03002
  17057.2   0.02998
  17113.4   0.02986
  17170.1   0.02958
  17227.2   0.02927
  17284.6   0.02892
  17342.4   0.02861
  17400.6   0.02862
  17459.2   0.02889
  17518.2   0.02893
  17577.5   0.02889
  17637.3   0.02904
  17697.5   0.02923
  17758.1   0.02918
  17819.2   0.02909
  17880.6   0.02895
  17942.5   0.02885
  18004.8   0.02892
  18067.5   0.02896
  18130.7   0.02895
  18194.3   0.02913
  18258.4   0.02956
  18322.9   0.03014
  18387.9   0.03075
  18453.3   0.03147
  18519.2   0.03205
  18585.6   0.03228
  18652.4   0.03248
  18719.8   0.03239
  18787.6   0.03192
  18855.9   0.03139
  18924.7   0.03110
  18994.1   0.03080
  19063.9   0.03003
  19134.2   0.02921
  19205.1   0.02896
  19276.5   0.02874
  19348.4   0.02847
  19420.9   0.02833
  19493.9   0.02812
  19567.5   0.02793
  19641.6   0.02799
  19716.3   0.02782
  19791.5   0.02732
  19867.3   0.02717
  19943.8   0.02705
  20020.8   0.02673
  20098.4   0.02585
  20176.6   0.02504
  20255.4   0.02431
  20334.8   0.02328
  20414.9   0.02284
  20495.6   0.02260
  20576.9   0.02220
  20658.9   0.02222
  20741.5   0.02213
  20824.8   0.02223
  20908.8   0.02221
  20993.4   0.02165
  21078.8   0.02113
  21164.8   0.02076
  21251.6   0.02135
  21339.0   0.02197
  21427.2   0.02134
  21516.1   0.02064
  21605.8   0.02044
  21696.2   0.02055
  21787.3   0.02072
  21879.3   0.02045
  21972.0   0.01953
  22065.5   0.01920
  22159.7   0.01935
  22254.8   0.01911
  22350.8   0.01867
  22447.5   0.01824
  22545.1   0.01802
  22643.6   0.01817
  22742.9   0.01888
  22843.1   0.01908
  22944.2   0.01905
  23046.2   0.01998
  23149.0   0.02080
  23252.8   0.02101
  23357.6   0.02161
  23463.3   0.02225
  23569.9   0.02331
  23677.5   0.02405
  23786.1   0.02382
  23895.8   0.02415
  24006.4   0.02281
  24118.0   0.02127
  24230.7   0.02137
  24344.5   0.02358
  24459.4   0.02515
  24575.3   0.02425
  24692.3   0.02425
  24810.4   0.02498
  24929.7   0.02647
  25050.2   0.02763



 BIR1LR246B          .ASC                        

 LR-CMP-246-B                                                            
 60015,801 <45 um                                                        
 Connected at 3.65 um                                                    

 Source Ang: 30.00   Detect Ang:  0.00  Volt: 1.222
 Date: 27-JAN-14   Time: 15:46:55
