  6171
    833.3   0.20003
    833.5   0.20044
    833.6   0.19906
    833.7   0.19775
    833.9   0.19765
    834.0   0.19821
    834.1   0.19896
    834.3   0.19867
    834.4   0.19771
    834.5   0.19743
    834.7   0.19731
    834.8   0.19878
    835.0   0.19946
    835.1   0.19942
    835.2   0.19887
    835.3   0.19870
    835.5   0.19804
    835.6   0.19823
    835.8   0.19868
    835.9   0.19830
    836.0   0.19795
    836.2   0.19743
    836.3   0.19730
    836.4   0.19746
    836.6   0.19862
    836.7   0.20000
    836.8   0.19991
    837.0   0.19936
    837.1   0.19834
    837.2   0.19767
    837.4   0.19807
    837.5   0.19770
    837.6   0.19695
    837.8   0.19766
    837.9   0.19800
    838.0   0.19732
    838.2   0.19729
    838.3   0.19932
    838.5   0.19984
    838.6   0.19831
    838.7   0.19842
    838.9   0.19913
    839.0   0.19866
    839.1   0.19832
    839.3   0.19775
    839.4   0.19695
    839.5   0.19658
    839.7   0.19689
    839.8   0.19595
    840.0   0.19591
    840.1   0.19692
    840.2   0.19766
    840.4   0.19720
    840.5   0.19721
    840.6   0.19853
    840.8   0.19893
    840.9   0.19871
    841.0   0.19940
    841.2   0.19978
    841.3   0.19800
    841.5   0.19731
    841.6   0.19821
    841.7   0.19972
    841.9   0.19952
    842.0   0.19791
    842.1   0.19821
    842.3   0.20007
    842.4   0.19934
    842.5   0.19745
    842.7   0.19719
    842.8   0.19679
    843.0   0.19685
    843.1   0.19758
    843.2   0.19769
    843.4   0.19724
    843.5   0.19680
    843.6   0.19709
    843.8   0.19703
    843.9   0.19654
    844.0   0.19673
    844.2   0.19833
    844.3   0.19864
    844.5   0.19819
    844.6   0.19763
    844.7   0.19735
    844.9   0.19756
    845.0   0.19628
    845.2   0.19636
    845.3   0.19748
    845.4   0.19690
    845.6   0.19632
    845.7   0.19559
    845.8   0.19546
    846.0   0.19644
    846.1   0.19713
    846.3   0.19846
    846.4   0.19853
    846.5   0.19742
    846.7   0.19708
    846.8   0.19685
    847.0   0.19635
    847.1   0.19721
    847.2   0.19827
    847.4   0.19849
    847.5   0.19882
    847.6   0.19899
    847.8   0.19839
    847.9   0.19700
    848.1   0.19716
    848.2   0.19731
    848.3   0.19667
    848.5   0.19649
    848.6   0.19613
    848.8   0.19610
    848.9   0.19654
    849.0   0.19750
    849.2   0.19720
    849.3   0.19651
    849.5   0.19743
    849.6   0.19828
    849.7   0.19815
    849.9   0.19810
    850.0   0.19767
    850.1   0.19718
    850.3   0.19683
    850.4   0.19613
    850.6   0.19646
    850.7   0.19581
    850.8   0.19561
    851.0   0.19590
    851.1   0.19656
    851.3   0.19728
    851.4   0.19702
    851.5   0.19657
    851.7   0.19617
    851.8   0.19651
    852.0   0.19662
    852.1   0.19626
    852.2   0.19622
    852.4   0.19618
    852.5   0.19724
    852.7   0.19646
    852.8   0.19574
    852.9   0.19627
    853.1   0.19707
    853.2   0.19764
    853.4   0.19773
    853.5   0.19647
    853.6   0.19595
    853.8   0.19625
    853.9   0.19578
    854.1   0.19521
    854.2   0.19607
    854.3   0.19744
    854.5   0.19697
    854.6   0.19668
    854.8   0.19647
    854.9   0.19624
    855.0   0.19610
    855.2   0.19516
    855.3   0.19533
    855.5   0.19697
    855.6   0.19771
    855.8   0.19705
    855.9   0.19534
    856.0   0.19592
    856.2   0.19647
    856.3   0.19589
    856.5   0.19590
    856.6   0.19618
    856.8   0.19631
    856.9   0.19610
    857.0   0.19503
    857.2   0.19471
    857.3   0.19606
    857.5   0.19743
    857.6   0.19715
    857.7   0.19581
    857.9   0.19508
    858.0   0.19542
    858.2   0.19611
    858.3   0.19568
    858.5   0.19511
    858.6   0.19471
    858.7   0.19485
    858.9   0.19487
    859.0   0.19478
    859.2   0.19461
    859.3   0.19510
    859.4   0.19498
    859.6   0.19498
    859.7   0.19611
    859.9   0.19556
    860.0   0.19482
    860.2   0.19489
    860.3   0.19497
    860.4   0.19538
    860.6   0.19505
    860.7   0.19530
    860.9   0.19482
    861.0   0.19360
    861.2   0.19461
    861.3   0.19660
    861.4   0.19624
    861.6   0.19534
    861.7   0.19592
    861.9   0.19496
    862.0   0.19385
    862.2   0.19454
    862.3   0.19562
    862.5   0.19570
    862.6   0.19486
    862.7   0.19465
    862.9   0.19493
    863.0   0.19476
    863.2   0.19502
    863.3   0.19573
    863.5   0.19562
    863.6   0.19543
    863.7   0.19490
    863.9   0.19433
    864.0   0.19478
    864.2   0.19550
    864.3   0.19525
    864.5   0.19445
    864.6   0.19448
    864.8   0.19457
    864.9   0.19467
    865.0   0.19522
    865.2   0.19438
    865.3   0.19404
    865.5   0.19460
    865.6   0.19432
    865.8   0.19399
    865.9   0.19404
    866.0   0.19459
    866.2   0.19445
    866.3   0.19411
    866.5   0.19431
    866.6   0.19497
    866.8   0.19467
    866.9   0.19324
    867.1   0.19330
    867.2   0.19498
    867.3   0.19480
    867.5   0.19365
    867.6   0.19376
    867.8   0.19423
    867.9   0.19354
    868.1   0.19315
    868.2   0.19364
    868.4   0.19419
    868.5   0.19428
    868.7   0.19433
    868.8   0.19471
    869.0   0.19461
    869.1   0.19340
    869.2   0.19289
    869.4   0.19325
    869.5   0.19418
    869.7   0.19435
    869.8   0.19355
    870.0   0.19325
    870.1   0.19362
    870.3   0.19381
    870.4   0.19333
    870.6   0.19316
    870.7   0.19334
    870.8   0.19332
    871.0   0.19344
    871.1   0.19386
    871.3   0.19414
    871.4   0.19358
    871.6   0.19241
    871.7   0.19288
    871.9   0.19388
    872.0   0.19380
    872.2   0.19319
    872.3   0.19372
    872.5   0.19350
    872.6   0.19275
    872.8   0.19284
    872.9   0.19304
    873.0   0.19295
    873.2   0.19347
    873.3   0.19348
    873.5   0.19370
    873.6   0.19442
    873.8   0.19394
    873.9   0.19275
    874.1   0.19246
    874.2   0.19321
    874.4   0.19365
    874.5   0.19377
    874.7   0.19405
    874.8   0.19417
    875.0   0.19359
    875.1   0.19271
    875.3   0.19321
    875.4   0.19279
    875.5   0.19253
    875.7   0.19248
    875.8   0.19253
    876.0   0.19304
    876.2   0.19332
    876.3   0.19321
    876.4   0.19375
    876.6   0.19348
    876.7   0.19251
    876.9   0.19226
    877.0   0.19289
    877.2   0.19304
    877.3   0.19250
    877.5   0.19200
    877.6   0.19240
    877.8   0.19236
    877.9   0.19288
    878.1   0.19302
    878.2   0.19231
    878.4   0.19240
    878.5   0.19285
    878.7   0.19261
    878.8   0.19215
    879.0   0.19220
    879.1   0.19256
    879.3   0.19311
    879.4   0.19322
    879.6   0.19262
    879.7   0.19197
    879.9   0.19151
    880.0   0.19124
    880.2   0.19131
    880.3   0.19162
    880.5   0.19224
    880.6   0.19242
    880.8   0.19199
    880.9   0.19221
    881.1   0.19224
    881.2   0.19251
    881.4   0.19283
    881.5   0.19219
    881.7   0.19154
    881.8   0.19149
    882.0   0.19211
    882.1   0.19221
    882.3   0.19238
    882.4   0.19227
    882.6   0.19229
    882.7   0.19269
    882.9   0.19206
    883.0   0.19164
    883.2   0.19127
    883.3   0.19129
    883.5   0.19117
    883.6   0.19140
    883.8   0.19166
    883.9   0.19156
    884.1   0.19156
    884.2   0.19144
    884.4   0.19185
    884.5   0.19222
    884.7   0.19221
    884.8   0.19217
    885.0   0.19195
    885.1   0.19209
    885.3   0.19196
    885.4   0.19158
    885.6   0.19191
    885.7   0.19278
    885.9   0.19216
    886.0   0.19135
    886.2   0.19182
    886.3   0.19222
    886.5   0.19201
    886.6   0.19184
    886.8   0.19163
    886.9   0.19171
    887.1   0.19145
    887.2   0.19150
    887.4   0.19141
    887.5   0.19137
    887.7   0.19180
    887.8   0.19180
    888.0   0.19151
    888.2   0.19101
    888.3   0.19139
    888.5   0.19167
    888.6   0.19087
    888.8   0.19099
    888.9   0.19115
    889.1   0.19100
    889.2   0.19117
    889.4   0.19121
    889.5   0.19133
    889.7   0.19124
    889.8   0.19157
    890.0   0.19152
    890.1   0.19081
    890.3   0.19075
    890.4   0.19045
    890.6   0.19106
    890.8   0.19183
    890.9   0.19188
    891.0   0.19150
    891.2   0.19076
    891.4   0.19118
    891.5   0.19128
    891.7   0.19074
    891.8   0.19089
    892.0   0.19103
    892.1   0.19098
    892.3   0.19140
    892.4   0.19150
    892.6   0.19131
    892.7   0.19106
    892.9   0.19134
    893.0   0.19197
    893.2   0.19241
    893.4   0.19166
    893.5   0.19056
    893.7   0.19095
    893.8   0.19173
    894.0   0.19176
    894.1   0.19153
    894.3   0.19063
    894.4   0.19003
    894.6   0.19049
    894.7   0.19090
    894.9   0.19092
    895.0   0.19084
    895.2   0.19072
    895.4   0.19072
    895.5   0.19064
    895.7   0.19044
    895.8   0.19033
    896.0   0.19040
    896.1   0.19072
    896.3   0.19090
    896.4   0.19077
    896.6   0.19091
    896.8   0.19070
    896.9   0.19065
    897.1   0.19116
    897.2   0.19040
    897.4   0.19006
    897.5   0.19054
    897.7   0.19101
    897.8   0.19094
    898.0   0.19066
    898.2   0.19094
    898.3   0.19113
    898.5   0.19119
    898.6   0.19191
    898.8   0.19136
    898.9   0.19067
    899.1   0.19092
    899.2   0.19139
    899.4   0.19148
    899.6   0.19102
    899.7   0.19027
    899.9   0.19029
    900.0   0.19148
    900.2   0.19170
    900.3   0.19073
    900.5   0.19041
    900.7   0.19093
    900.8   0.19106
    901.0   0.19107
    901.1   0.19036
    901.3   0.18963
    901.4   0.19035
    901.6   0.19105
    901.8   0.19048
    901.9   0.18984
    902.1   0.19012
    902.2   0.19024
    902.4   0.19012
    902.5   0.18981
    902.7   0.18944
    902.8   0.18989
    903.0   0.19039
    903.2   0.19050
    903.3   0.19016
    903.5   0.19005
    903.6   0.19060
    903.8   0.19030
    904.0   0.18982
    904.1   0.19046
    904.3   0.19015
    904.4   0.18952
    904.6   0.18979
    904.7   0.19017
    904.9   0.19029
    905.0   0.19022
    905.2   0.19014
    905.4   0.18980
    905.5   0.18976
    905.7   0.19032
    905.8   0.19081
    906.0   0.19080
    906.2   0.19065
    906.3   0.19048
    906.5   0.19008
    906.6   0.19009
    906.8   0.19072
    907.0   0.19092
    907.1   0.19026
    907.3   0.19003
    907.4   0.18996
    907.6   0.18998
    907.7   0.19026
    907.9   0.19035
    908.1   0.19030
    908.2   0.18955
    908.4   0.18917
    908.5   0.18977
    908.7   0.19015
    908.9   0.19002
    909.0   0.18960
    909.2   0.18954
    909.3   0.19016
    909.5   0.19034
    909.7   0.19023
    909.8   0.18997
    910.0   0.18922
    910.1   0.18944
    910.3   0.18975
    910.5   0.18946
    910.6   0.18957
    910.8   0.19020
    910.9   0.19035
    911.1   0.18992
    911.3   0.18933
    911.4   0.18921
    911.6   0.18951
    911.7   0.18960
    911.9   0.18925
    912.1   0.18977
    912.2   0.18984
    912.4   0.18964
    912.5   0.18950
    912.7   0.18958
    912.9   0.18950
    913.0   0.18943
    913.2   0.18919
    913.3   0.18899
    913.5   0.18982
    913.7   0.18997
    913.8   0.18955
    914.0   0.18970
    914.2   0.18989
    914.3   0.18974
    914.5   0.18994
    914.6   0.18986
    914.8   0.18966
    915.0   0.18992
    915.1   0.18993
    915.3   0.18942
    915.4   0.18977
    915.6   0.19019
    915.8   0.19002
    915.9   0.18985
    916.1   0.18991
    916.3   0.18977
    916.4   0.18979
    916.6   0.18976
    916.7   0.18993
    916.9   0.19030
    917.1   0.19036
    917.2   0.18984
    917.4   0.18915
    917.5   0.18934
    917.7   0.18968
    917.9   0.18982
    918.0   0.18992
    918.2   0.19011
    918.4   0.19057
    918.5   0.19066
    918.7   0.19002
    918.8   0.18914
    919.0   0.18911
    919.2   0.18957
    919.3   0.18948
    919.5   0.18944
    919.7   0.18978
    919.8   0.19005
    920.0   0.18969
    920.2   0.18936
    920.3   0.18937
    920.5   0.18946
    920.6   0.18963
    920.8   0.18967
    921.0   0.18930
    921.1   0.18908
    921.3   0.18932
    921.5   0.18927
    921.6   0.18960
    921.8   0.18991
    922.0   0.19010
    922.1   0.19006
    922.3   0.18974
    922.4   0.18934
    922.6   0.18941
    922.8   0.18968
    922.9   0.19013
    923.1   0.19012
    923.3   0.18977
    923.4   0.18984
    923.6   0.18990
    923.8   0.18980
    923.9   0.18963
    924.1   0.18972
    924.3   0.18955
    924.4   0.18918
    924.6   0.18926
    924.7   0.18931
    924.9   0.18940
    925.1   0.18993
    925.2   0.19005
    925.4   0.18993
    925.6   0.18952
    925.7   0.18898
    925.9   0.18873
    926.1   0.18876
    926.2   0.18943
    926.4   0.19008
    926.6   0.19027
    926.7   0.19005
    926.9   0.18962
    927.1   0.18922
    927.2   0.18932
    927.4   0.18945
    927.6   0.18947
    927.7   0.18946
    927.9   0.18912
    928.0   0.18888
    928.2   0.18918
    928.4   0.18983
    928.5   0.18969
    928.7   0.18962
    928.9   0.18969
    929.0   0.18952
    929.2   0.18995
    929.4   0.18995
    929.5   0.18960
    929.7   0.18942
    929.9   0.18945
    930.0   0.18945
    930.2   0.18948
    930.4   0.18928
    930.5   0.18951
    930.7   0.18984
    930.9   0.18983
    931.0   0.18980
    931.2   0.19008
    931.4   0.18979
    931.6   0.18931
    931.7   0.18965
    931.9   0.18982
    932.1   0.18969
    932.2   0.18994
    932.4   0.18980
    932.6   0.18917
    932.7   0.18950
    932.9   0.18990
    933.1   0.19005
    933.2   0.19002
    933.4   0.18993
    933.6   0.18967
    933.7   0.18979
    933.9   0.18994
    934.1   0.19000
    934.2   0.18994
    934.4   0.18983
    934.6   0.18971
    934.8   0.18952
    934.9   0.18944
    935.1   0.18950
    935.3   0.18990
    935.4   0.19016
    935.6   0.18995
    935.8   0.18969
    935.9   0.18970
    936.1   0.18974
    936.3   0.18963
    936.4   0.18940
    936.6   0.18981
    936.8   0.19024
    936.9   0.19036
    937.1   0.19006
    937.3   0.18952
    937.5   0.18926
    937.6   0.18922
    937.8   0.18936
    938.0   0.18976
    938.1   0.19005
    938.3   0.18996
    938.5   0.18984
    938.6   0.18995
    938.8   0.19006
    939.0   0.19023
    939.2   0.19050
    939.3   0.19041
    939.5   0.19009
    939.7   0.19005
    939.8   0.19008
    940.0   0.19006
    940.2   0.19014
    940.3   0.19019
    940.5   0.18991
    940.7   0.19000
    940.8   0.19018
    941.0   0.19021
    941.2   0.19007
    941.4   0.18977
    941.5   0.18969
    941.7   0.18976
    941.9   0.18979
    942.0   0.18986
    942.2   0.18993
    942.4   0.18994
    942.6   0.18987
    942.7   0.18988
    942.9   0.18982
    943.1   0.19008
    943.3   0.19042
    943.4   0.19041
    943.6   0.18996
    943.8   0.18966
    943.9   0.18993
    944.1   0.19002
    944.3   0.18972
    944.5   0.18991
    944.6   0.19020
    944.8   0.19040
    945.0   0.19046
    945.1   0.19017
    945.3   0.18991
    945.5   0.18993
    945.7   0.19001
    945.8   0.19013
    946.0   0.19014
    946.2   0.19015
    946.3   0.18992
    946.5   0.18973
    946.7   0.19023
    946.9   0.19019
    947.0   0.19007
    947.2   0.19004
    947.4   0.19020
    947.6   0.19045
    947.7   0.19026
    947.9   0.18998
    948.1   0.19008
    948.3   0.19030
    948.4   0.19015
    948.6   0.18998
    948.8   0.19016
    949.0   0.19005
    949.1   0.19022
    949.3   0.19048
    949.5   0.19046
    949.6   0.19021
    949.8   0.19001
    950.0   0.19045
    950.2   0.19053
    950.3   0.19030
    950.5   0.19034
    950.7   0.19050
    950.9   0.19080
    951.0   0.19075
    951.2   0.19061
    951.4   0.19056
    951.6   0.19034
    951.7   0.19027
    951.9   0.19040
    952.1   0.19058
    952.3   0.19085
    952.4   0.19115
    952.6   0.19111
    952.8   0.19091
    953.0   0.19074
    953.1   0.19043
    953.3   0.19024
    953.5   0.19047
    953.7   0.19077
    953.8   0.19056
    954.0   0.19050
    954.2   0.19080
    954.4   0.19079
    954.5   0.19049
    954.7   0.19077
    954.9   0.19126
    955.1   0.19088
    955.2   0.19046
    955.4   0.19067
    955.6   0.19126
    955.8   0.19139
    956.0   0.19102
    956.1   0.19118
    956.3   0.19153
    956.5   0.19153
    956.7   0.19165
    956.8   0.19156
    957.0   0.19093
    957.2   0.19047
    957.4   0.19065
    957.5   0.19064
    957.7   0.19074
    957.9   0.19127
    958.1   0.19131
    958.2   0.19111
    958.4   0.19115
    958.6   0.19138
    958.8   0.19146
    959.0   0.19129
    959.1   0.19104
    959.3   0.19125
    959.5   0.19156
    959.7   0.19133
    959.8   0.19119
    960.0   0.19136
    960.2   0.19153
    960.4   0.19144
    960.5   0.19130
    960.7   0.19128
    960.9   0.19148
    961.1   0.19172
    961.3   0.19161
    961.4   0.19134
    961.6   0.19115
    961.8   0.19137
    962.0   0.19148
    962.2   0.19145
    962.3   0.19132
    962.5   0.19149
    962.7   0.19179
    962.9   0.19152
    963.0   0.19122
    963.2   0.19113
    963.4   0.19148
    963.6   0.19193
    963.8   0.19192
    963.9   0.19172
    964.1   0.19149
    964.3   0.19161
    964.5   0.19172
    964.7   0.19181
    964.8   0.19178
    965.0   0.19188
    965.2   0.19196
    965.4   0.19158
    965.6   0.19128
    965.7   0.19134
    965.9   0.19163
    966.1   0.19202
    966.3   0.19217
    966.5   0.19214
    966.6   0.19179
    966.8   0.19169
    967.0   0.19195
    967.2   0.19196
    967.4   0.19199
    967.5   0.19199
    967.7   0.19193
    967.9   0.19211
    968.1   0.19205
    968.3   0.19173
    968.4   0.19159
    968.6   0.19158
    968.8   0.19174
    969.0   0.19188
    969.2   0.19212
    969.3   0.19231
    969.5   0.19204
    969.7   0.19171
    969.9   0.19180
    970.1   0.19188
    970.3   0.19216
    970.4   0.19225
    970.6   0.19247
    970.8   0.19259
    971.0   0.19251
    971.2   0.19237
    971.3   0.19209
    971.5   0.19198
    971.7   0.19228
    971.9   0.19252
    972.1   0.19261
    972.3   0.19250
    972.4   0.19257
    972.6   0.19254
    972.8   0.19246
    973.0   0.19254
    973.2   0.19265
    973.3   0.19254
    973.5   0.19236
    973.7   0.19239
    973.9   0.19251
    974.1   0.19266
    974.3   0.19282
    974.5   0.19285
    974.6   0.19293
    974.8   0.19285
    975.0   0.19278
    975.2   0.19268
    975.4   0.19270
    975.5   0.19272
    975.7   0.19267
    975.9   0.19258
    976.1   0.19267
    976.3   0.19287
    976.5   0.19293
    976.7   0.19292
    976.8   0.19275
    977.0   0.19276
    977.2   0.19304
    977.4   0.19293
    977.6   0.19284
    977.8   0.19292
    977.9   0.19307
    978.1   0.19323
    978.3   0.19329
    978.5   0.19311
    978.7   0.19322
    978.9   0.19340
    979.0   0.19331
    979.2   0.19309
    979.4   0.19283
    979.6   0.19300
    979.8   0.19328
    980.0   0.19330
    980.2   0.19313
    980.3   0.19307
    980.5   0.19339
    980.7   0.19346
    980.9   0.19342
    981.1   0.19336
    981.3   0.19322
    981.5   0.19313
    981.7   0.19337
    981.8   0.19359
    982.0   0.19360
    982.2   0.19352
    982.4   0.19373
    982.6   0.19394
    982.8   0.19387
    983.0   0.19375
    983.1   0.19371
    983.3   0.19371
    983.5   0.19384
    983.7   0.19381
    983.9   0.19379
    984.1   0.19399
    984.3   0.19399
    984.4   0.19382
    984.6   0.19398
    984.8   0.19395
    985.0   0.19375
    985.2   0.19379
    985.4   0.19368
    985.6   0.19355
    985.8   0.19376
    985.9   0.19393
    986.1   0.19410
    986.3   0.19405
    986.5   0.19398
    986.7   0.19404
    986.9   0.19416
    987.1   0.19443
    987.3   0.19441
    987.4   0.19431
    987.6   0.19419
    987.8   0.19425
    988.0   0.19429
    988.2   0.19424
    988.4   0.19422
    988.6   0.19424
    988.8   0.19440
    989.0   0.19455
    989.1   0.19446
    989.3   0.19460
    989.5   0.19464
    989.7   0.19438
    989.9   0.19421
    990.1   0.19435
    990.3   0.19452
    990.5   0.19458
    990.7   0.19466
    990.8   0.19460
    991.0   0.19470
    991.2   0.19485
    991.4   0.19472
    991.6   0.19465
    991.8   0.19469
    992.0   0.19460
    992.2   0.19469
    992.4   0.19476
    992.5   0.19484
    992.7   0.19506
    992.9   0.19520
    993.1   0.19512
    993.3   0.19526
    993.5   0.19532
    993.7   0.19518
    993.9   0.19506
    994.1   0.19502
    994.3   0.19514
    994.5   0.19520
    994.6   0.19520
    994.8   0.19508
    995.0   0.19510
    995.2   0.19535
    995.4   0.19539
    995.6   0.19513
    995.8   0.19514
    996.0   0.19521
    996.2   0.19510
    996.4   0.19515
    996.5   0.19541
    996.7   0.19553
    996.9   0.19550
    997.1   0.19547
    997.3   0.19552
    997.5   0.19565
    997.7   0.19547
    997.9   0.19564
    998.1   0.19570
    998.3   0.19556
    998.5   0.19558
    998.7   0.19566
    998.9   0.19570
    999.0   0.19564
    999.2   0.19590
    999.4   0.19600
    999.6   0.19587
    999.8   0.19585
   1000.0   0.19585
   1000.2   0.19586
   1000.4   0.19591
   1000.6   0.19587
   1000.8   0.19571
   1001.0   0.19564
   1001.2   0.19582
   1001.4   0.19590
   1001.6   0.19616
   1001.8   0.19626
   1001.9   0.19635
   1002.1   0.19639
   1002.3   0.19624
   1002.5   0.19609
   1002.7   0.19617
   1002.9   0.19622
   1003.1   0.19637
   1003.3   0.19657
   1003.5   0.19645
   1003.7   0.19623
   1003.9   0.19616
   1004.1   0.19606
   1004.3   0.19629
   1004.5   0.19655
   1004.7   0.19644
   1004.9   0.19641
   1005.0   0.19664
   1005.3   0.19680
   1005.4   0.19654
   1005.6   0.19643
   1005.8   0.19645
   1006.0   0.19660
   1006.2   0.19663
   1006.4   0.19667
   1006.6   0.19693
   1006.8   0.19692
   1007.0   0.19670
   1007.2   0.19649
   1007.4   0.19653
   1007.6   0.19666
   1007.8   0.19681
   1008.0   0.19692
   1008.2   0.19710
   1008.4   0.19717
   1008.6   0.19716
   1008.8   0.19709
   1009.0   0.19697
   1009.2   0.19689
   1009.4   0.19704
   1009.5   0.19716
   1009.8   0.19728
   1010.0   0.19731
   1010.1   0.19738
   1010.3   0.19739
   1010.5   0.19725
   1010.7   0.19712
   1010.9   0.19726
   1011.1   0.19748
   1011.3   0.19758
   1011.5   0.19767
   1011.7   0.19766
   1011.9   0.19753
   1012.1   0.19738
   1012.3   0.19752
   1012.5   0.19776
   1012.7   0.19779
   1012.9   0.19765
   1013.1   0.19740
   1013.3   0.19755
   1013.5   0.19789
   1013.7   0.19785
   1013.9   0.19773
   1014.1   0.19772
   1014.3   0.19776
   1014.5   0.19790
   1014.7   0.19789
   1014.9   0.19783
   1015.1   0.19795
   1015.3   0.19792
   1015.5   0.19791
   1015.7   0.19793
   1015.9   0.19788
   1016.1   0.19813
   1016.3   0.19814
   1016.5   0.19813
   1016.7   0.19847
   1016.9   0.19851
   1017.1   0.19839
   1017.3   0.19837
   1017.5   0.19839
   1017.7   0.19845
   1017.9   0.19846
   1018.1   0.19835
   1018.3   0.19819
   1018.5   0.19817
   1018.7   0.19830
   1018.9   0.19827
   1019.1   0.19820
   1019.3   0.19831
   1019.5   0.19833
   1019.7   0.19845
   1019.9   0.19858
   1020.1   0.19853
   1020.3   0.19848
   1020.5   0.19863
   1020.7   0.19873
   1020.9   0.19872
   1021.1   0.19875
   1021.3   0.19885
   1021.5   0.19894
   1021.7   0.19897
   1021.9   0.19876
   1022.1   0.19863
   1022.3   0.19880
   1022.5   0.19901
   1022.7   0.19892
   1022.9   0.19883
   1023.1   0.19883
   1023.3   0.19883
   1023.5   0.19889
   1023.7   0.19894
   1023.9   0.19910
   1024.1   0.19927
   1024.3   0.19929
   1024.5   0.19916
   1024.7   0.19925
   1024.9   0.19938
   1025.1   0.19927
   1025.3   0.19933
   1025.5   0.19953
   1025.7   0.19941
   1025.9   0.19940
   1026.1   0.19934
   1026.3   0.19938
   1026.5   0.19944
   1026.8   0.19958
   1026.9   0.19980
   1027.2   0.19974
   1027.4   0.19948
   1027.6   0.19942
   1027.8   0.19939
   1028.0   0.19950
   1028.2   0.19960
   1028.4   0.19979
   1028.6   0.19988
   1028.8   0.19971
   1029.0   0.19983
   1029.2   0.20001
   1029.4   0.19999
   1029.6   0.20004
   1029.8   0.20004
   1030.0   0.20004
   1030.2   0.19992
   1030.4   0.20001
   1030.6   0.20009
   1030.8   0.19999
   1031.0   0.20008
   1031.2   0.20027
   1031.4   0.20019
   1031.7   0.20003
   1031.8   0.19988
   1032.1   0.19999
   1032.3   0.20031
   1032.5   0.20031
   1032.7   0.20028
   1032.9   0.20031
   1033.1   0.20037
   1033.3   0.20049
   1033.5   0.20055
   1033.7   0.20047
   1033.9   0.20047
   1034.1   0.20061
   1034.3   0.20066
   1034.5   0.20070
   1034.7   0.20074
   1034.9   0.20049
   1035.2   0.20040
   1035.4   0.20052
   1035.6   0.20061
   1035.8   0.20065
   1036.0   0.20084
   1036.2   0.20081
   1036.4   0.20092
   1036.6   0.20104
   1036.8   0.20090
   1037.0   0.20075
   1037.2   0.20084
   1037.4   0.20091
   1037.6   0.20097
   1037.8   0.20095
   1038.1   0.20093
   1038.3   0.20094
   1038.5   0.20109
   1038.7   0.20127
   1038.9   0.20125
   1039.1   0.20130
   1039.3   0.20145
   1039.5   0.20135
   1039.7   0.20123
   1039.9   0.20146
   1040.1   0.20171
   1040.3   0.20177
   1040.6   0.20149
   1040.8   0.20138
   1041.0   0.20138
   1041.2   0.20139
   1041.4   0.20142
   1041.6   0.20142
   1041.8   0.20140
   1042.0   0.20152
   1042.2   0.20174
   1042.4   0.20183
   1042.6   0.20183
   1042.8   0.20171
   1043.1   0.20163
   1043.3   0.20183
   1043.5   0.20182
   1043.7   0.20177
   1043.9   0.20184
   1044.1   0.20190
   1044.3   0.20193
   1044.5   0.20189
   1044.8   0.20180
   1045.0   0.20182
   1045.2   0.20192
   1045.4   0.20206
   1045.6   0.20214
   1045.8   0.20211
   1046.0   0.20194
   1046.2   0.20195
   1046.4   0.20204
   1046.6   0.20217
   1046.9   0.20223
   1047.1   0.20220
   1047.3   0.20225
   1047.5   0.20239
   1047.7   0.20229
   1047.9   0.20219
   1048.1   0.20220
   1048.3   0.20243
   1048.6   0.20243
   1048.8   0.20227
   1049.0   0.20247
   1049.2   0.20260
   1049.4   0.20267
   1049.6   0.20272
   1049.8   0.20266
   1050.0   0.20253
   1050.3   0.20256
   1050.5   0.20261
   1050.7   0.20266
   1050.9   0.20277
   1051.1   0.20280
   1051.3   0.20280
   1051.5   0.20287
   1051.7   0.20296
   1051.9   0.20293
   1052.2   0.20289
   1052.4   0.20296
   1052.6   0.20287
   1052.8   0.20298
   1053.0   0.20319
   1053.2   0.20322
   1053.4   0.20325
   1053.7   0.20316
   1053.9   0.20316
   1054.1   0.20320
   1054.3   0.20314
   1054.5   0.20310
   1054.7   0.20321
   1054.9   0.20338
   1055.2   0.20350
   1055.4   0.20356
   1055.6   0.20350
   1055.8   0.20345
   1056.0   0.20337
   1056.2   0.20342
   1056.4   0.20357
   1056.7   0.20365
   1056.9   0.20365
   1057.1   0.20356
   1057.3   0.20351
   1057.5   0.20353
   1057.8   0.20352
   1058.0   0.20353
   1058.2   0.20369
   1058.4   0.20378
   1058.6   0.20377
   1058.8   0.20376
   1059.0   0.20375
   1059.3   0.20375
   1059.5   0.20375
   1059.7   0.20381
   1059.9   0.20392
   1060.1   0.20395
   1060.3   0.20399
   1060.6   0.20404
   1060.8   0.20418
   1061.0   0.20411
   1061.2   0.20406
   1061.4   0.20404
   1061.7   0.20414
   1061.9   0.20429
   1062.1   0.20442
   1062.3   0.20443
   1062.5   0.20431
   1062.7   0.20420
   1062.9   0.20423
   1063.2   0.20433
   1063.4   0.20431
   1063.6   0.20433
   1063.8   0.20445
   1064.0   0.20448
   1064.3   0.20454
   1064.5   0.20458
   1064.7   0.20455
   1064.9   0.20461
   1065.1   0.20483
   1065.3   0.20485
   1065.6   0.20483
   1065.8   0.20485
   1066.0   0.20499
   1066.2   0.20492
   1066.4   0.20495
   1066.7   0.20509
   1066.9   0.20493
   1067.1   0.20500
   1067.3   0.20521
   1067.6   0.20516
   1067.8   0.20509
   1068.0   0.20508
   1068.2   0.20488
   1068.4   0.20486
   1068.7   0.20495
   1068.9   0.20501
   1069.1   0.20512
   1069.3   0.20522
   1069.5   0.20535
   1069.8   0.20537
   1070.0   0.20530
   1070.2   0.20526
   1070.4   0.20531
   1070.6   0.20534
   1070.8   0.20542
   1071.1   0.20545
   1071.3   0.20550
   1071.5   0.20553
   1071.7   0.20555
   1072.0   0.20560
   1072.2   0.20560
   1072.4   0.20571
   1072.6   0.20579
   1072.8   0.20567
   1073.1   0.20573
   1073.3   0.20587
   1073.5   0.20585
   1073.7   0.20569
   1074.0   0.20573
   1074.2   0.20587
   1074.4   0.20589
   1074.6   0.20576
   1074.8   0.20581
   1075.1   0.20599
   1075.3   0.20596
   1075.5   0.20587
   1075.7   0.20588
   1076.0   0.20595
   1076.2   0.20606
   1076.4   0.20623
   1076.6   0.20628
   1076.9   0.20626
   1077.1   0.20641
   1077.3   0.20645
   1077.5   0.20632
   1077.8   0.20633
   1078.0   0.20626
   1078.2   0.20622
   1078.4   0.20649
   1078.7   0.20665
   1078.9   0.20653
   1079.1   0.20636
   1079.3   0.20635
   1079.6   0.20642
   1079.8   0.20648
   1080.0   0.20646
   1080.2   0.20657
   1080.4   0.20667
   1080.7   0.20673
   1080.9   0.20680
   1081.1   0.20682
   1081.3   0.20687
   1081.6   0.20688
   1081.8   0.20692
   1082.0   0.20696
   1082.3   0.20702
   1082.5   0.20695
   1082.7   0.20701
   1082.9   0.20710
   1083.2   0.20710
   1083.4   0.20715
   1083.6   0.20718
   1083.8   0.20723
   1084.1   0.20717
   1084.3   0.20705
   1084.5   0.20699
   1084.8   0.20703
   1085.0   0.20705
   1085.2   0.20704
   1085.4   0.20701
   1085.7   0.20712
   1085.9   0.20737
   1086.1   0.20752
   1086.3   0.20742
   1086.6   0.20743
   1086.8   0.20747
   1087.0   0.20751
   1087.3   0.20761
   1087.5   0.20765
   1087.7   0.20766
   1087.9   0.20762
   1088.2   0.20761
   1088.4   0.20766
   1088.6   0.20764
   1088.8   0.20770
   1089.1   0.20771
   1089.3   0.20768
   1089.5   0.20759
   1089.8   0.20762
   1090.0   0.20786
   1090.2   0.20791
   1090.4   0.20792
   1090.7   0.20807
   1090.9   0.20814
   1091.1   0.20807
   1091.4   0.20796
   1091.6   0.20803
   1091.8   0.20810
   1092.1   0.20822
   1092.3   0.20838
   1092.5   0.20843
   1092.8   0.20844
   1093.0   0.20844
   1093.2   0.20829
   1093.4   0.20829
   1093.7   0.20835
   1093.9   0.20847
   1094.1   0.20852
   1094.4   0.20840
   1094.6   0.20836
   1094.8   0.20835
   1095.1   0.20833
   1095.3   0.20854
   1095.5   0.20871
   1095.8   0.20872
   1096.0   0.20862
   1096.2   0.20851
   1096.4   0.20860
   1096.7   0.20878
   1096.9   0.20881
   1097.1   0.20872
   1097.4   0.20884
   1097.6   0.20899
   1097.8   0.20881
   1098.1   0.20876
   1098.3   0.20893
   1098.5   0.20892
   1098.8   0.20888
   1099.0   0.20897
   1099.2   0.20905
   1099.5   0.20912
   1099.7   0.20916
   1099.9   0.20911
   1100.2   0.20907
   1100.4   0.20921
   1100.6   0.20925
   1100.9   0.20919
   1101.1   0.20934
   1101.3   0.20930
   1101.6   0.20925
   1101.8   0.20930
   1102.0   0.20938
   1102.3   0.20948
   1102.5   0.20942
   1102.7   0.20949
   1103.0   0.20959
   1103.2   0.20951
   1103.4   0.20954
   1103.7   0.20950
   1103.9   0.20946
   1104.2   0.20951
   1104.4   0.20959
   1104.6   0.20967
   1104.9   0.20964
   1105.1   0.20976
   1105.3   0.20980
   1105.6   0.20976
   1105.8   0.20982
   1106.0   0.20998
   1106.3   0.20999
   1106.5   0.20995
   1106.7   0.21003
   1107.0   0.21004
   1107.2   0.20992
   1107.4   0.20997
   1107.7   0.21011
   1107.9   0.21024
   1108.2   0.21023
   1108.4   0.21007
   1108.6   0.21005
   1108.9   0.21001
   1109.1   0.21012
   1109.3   0.21033
   1109.6   0.21036
   1109.8   0.21030
   1110.1   0.21030
   1110.3   0.21040
   1110.5   0.21042
   1110.8   0.21040
   1111.0   0.21036
   1111.3   0.21032
   1111.5   0.21034
   1111.7   0.21037
   1112.0   0.21041
   1112.2   0.21050
   1112.4   0.21067
   1112.7   0.21078
   1112.9   0.21079
   1113.2   0.21068
   1113.4   0.21070
   1113.6   0.21071
   1113.9   0.21073
   1114.1   0.21089
   1114.3   0.21098
   1114.6   0.21095
   1114.8   0.21083
   1115.1   0.21074
   1115.3   0.21087
   1115.6   0.21083
   1115.8   0.21077
   1116.0   0.21101
   1116.3   0.21107
   1116.5   0.21100
   1116.8   0.21096
   1117.0   0.21101
   1117.2   0.21114
   1117.5   0.21129
   1117.7   0.21133
   1118.0   0.21132
   1118.2   0.21126
   1118.4   0.21123
   1118.7   0.21128
   1118.9   0.21143
   1119.2   0.21148
   1119.4   0.21143
   1119.7   0.21139
   1119.9   0.21137
   1120.1   0.21136
   1120.4   0.21139
   1120.6   0.21151
   1120.9   0.21145
   1121.1   0.21143
   1121.3   0.21157
   1121.6   0.21169
   1121.8   0.21171
   1122.1   0.21161
   1122.3   0.21159
   1122.6   0.21167
   1122.8   0.21168
   1123.0   0.21174
   1123.3   0.21184
   1123.5   0.21187
   1123.8   0.21187
   1124.0   0.21191
   1124.3   0.21190
   1124.5   0.21188
   1124.8   0.21192
   1125.0   0.21195
   1125.2   0.21191
   1125.5   0.21200
   1125.7   0.21210
   1126.0   0.21222
   1126.2   0.21222
   1126.5   0.21215
   1126.7   0.21214
   1126.9   0.21219
   1127.2   0.21217
   1127.4   0.21212
   1127.7   0.21218
   1127.9   0.21228
   1128.2   0.21221
   1128.4   0.21227
   1128.7   0.21239
   1128.9   0.21243
   1129.2   0.21247
   1129.4   0.21240
   1129.7   0.21240
   1129.9   0.21248
   1130.1   0.21257
   1130.4   0.21264
   1130.6   0.21271
   1130.9   0.21269
   1131.1   0.21265
   1131.4   0.21265
   1131.6   0.21265
   1131.9   0.21272
   1132.1   0.21278
   1132.4   0.21290
   1132.6   0.21292
   1132.9   0.21279
   1133.1   0.21285
   1133.3   0.21297
   1133.6   0.21290
   1133.8   0.21279
   1134.1   0.21270
   1134.3   0.21284
   1134.6   0.21307
   1134.8   0.21306
   1135.1   0.21305
   1135.3   0.21299
   1135.6   0.21295
   1135.8   0.21306
   1136.1   0.21306
   1136.3   0.21313
   1136.6   0.21320
   1136.8   0.21310
   1137.1   0.21307
   1137.3   0.21323
   1137.6   0.21338
   1137.8   0.21334
   1138.1   0.21332
   1138.3   0.21335
   1138.6   0.21326
   1138.8   0.21326
   1139.1   0.21335
   1139.3   0.21332
   1139.6   0.21341
   1139.8   0.21352
   1140.1   0.21353
   1140.3   0.21354
   1140.6   0.21351
   1140.8   0.21359
   1141.1   0.21369
   1141.3   0.21367
   1141.6   0.21371
   1141.8   0.21371
   1142.1   0.21369
   1142.3   0.21370
   1142.6   0.21371
   1142.8   0.21369
   1143.1   0.21362
   1143.3   0.21363
   1143.6   0.21380
   1143.9   0.21392
   1144.1   0.21390
   1144.4   0.21374
   1144.6   0.21372
   1144.9   0.21385
   1145.1   0.21399
   1145.4   0.21402
   1145.6   0.21399
   1145.9   0.21394
   1146.1   0.21394
   1146.4   0.21399
   1146.6   0.21405
   1146.9   0.21399
   1147.2   0.21391
   1147.4   0.21399
   1147.7   0.21418
   1147.9   0.21435
   1148.2   0.21439
   1148.4   0.21434
   1148.7   0.21427
   1148.9   0.21427
   1149.2   0.21422
   1149.4   0.21418
   1149.7   0.21423
   1149.9   0.21431
   1150.2   0.21435
   1150.4   0.21440
   1150.7   0.21444
   1151.0   0.21435
   1151.2   0.21435
   1151.5   0.21448
   1151.7   0.21451
   1152.0   0.21444
   1152.2   0.21447
   1152.5   0.21447
   1152.8   0.21455
   1153.0   0.21458
   1153.3   0.21454
   1153.5   0.21453
   1153.8   0.21465
   1154.0   0.21478
   1154.3   0.21473
   1154.6   0.21475
   1154.8   0.21474
   1155.1   0.21474
   1155.3   0.21479
   1155.6   0.21484
   1155.8   0.21492
   1156.1   0.21488
   1156.4   0.21487
   1156.6   0.21499
   1156.9   0.21503
   1157.1   0.21487
   1157.4   0.21487
   1157.7   0.21496
   1157.9   0.21495
   1158.2   0.21505
   1158.4   0.21517
   1158.7   0.21513
   1158.9   0.21505
   1159.2   0.21504
   1159.5   0.21498
   1159.7   0.21500
   1160.0   0.21516
   1160.2   0.21514
   1160.5   0.21506
   1160.8   0.21512
   1161.0   0.21525
   1161.3   0.21530
   1161.5   0.21518
   1161.8   0.21520
   1162.1   0.21532
   1162.3   0.21540
   1162.6   0.21540
   1162.8   0.21542
   1163.1   0.21544
   1163.4   0.21540
   1163.6   0.21541
   1163.9   0.21547
   1164.2   0.21549
   1164.4   0.21559
   1164.7   0.21564
   1164.9   0.21564
   1165.2   0.21559
   1165.4   0.21559
   1165.7   0.21566
   1166.0   0.21562
   1166.2   0.21559
   1166.5   0.21566
   1166.8   0.21566
   1167.0   0.21565
   1167.3   0.21573
   1167.6   0.21583
   1167.8   0.21588
   1168.1   0.21588
   1168.3   0.21584
   1168.6   0.21584
   1168.9   0.21581
   1169.1   0.21570
   1169.4   0.21573
   1169.7   0.21587
   1169.9   0.21585
   1170.2   0.21591
   1170.4   0.21591
   1170.7   0.21591
   1171.0   0.21604
   1171.3   0.21606
   1171.5   0.21599
   1171.8   0.21604
   1172.0   0.21603
   1172.3   0.21605
   1172.6   0.21612
   1172.8   0.21613
   1173.1   0.21617
   1173.4   0.21622
   1173.6   0.21619
   1173.9   0.21629
   1174.2   0.21646
   1174.4   0.21653
   1174.7   0.21647
   1175.0   0.21638
   1175.2   0.21631
   1175.5   0.21632
   1175.8   0.21627
   1176.0   0.21629
   1176.3   0.21638
   1176.6   0.21648
   1176.8   0.21644
   1177.1   0.21640
   1177.4   0.21642
   1177.6   0.21635
   1177.9   0.21634
   1178.2   0.21644
   1178.4   0.21649
   1178.7   0.21641
   1179.0   0.21634
   1179.2   0.21633
   1179.5   0.21646
   1179.8   0.21663
   1180.0   0.21672
   1180.3   0.21673
   1180.6   0.21666
   1180.8   0.21668
   1181.1   0.21681
   1181.4   0.21681
   1181.7   0.21672
   1181.9   0.21675
   1182.2   0.21675
   1182.5   0.21670
   1182.7   0.21675
   1183.0   0.21682
   1183.3   0.21687
   1183.5   0.21689
   1183.8   0.21683
   1184.1   0.21682
   1184.4   0.21693
   1184.6   0.21696
   1184.9   0.21698
   1185.2   0.21700
   1185.4   0.21701
   1185.7   0.21707
   1186.0   0.21713
   1186.3   0.21703
   1186.5   0.21700
   1186.8   0.21712
   1187.1   0.21721
   1187.3   0.21711
   1187.6   0.21713
   1187.9   0.21725
   1188.2   0.21729
   1188.4   0.21728
   1188.7   0.21728
   1189.0   0.21730
   1189.3   0.21727
   1189.5   0.21728
   1189.8   0.21732
   1190.1   0.21730
   1190.3   0.21730
   1190.6   0.21725
   1190.9   0.21727
   1191.2   0.21725
   1191.4   0.21727
   1191.7   0.21730
   1192.0   0.21739
   1192.3   0.21745
   1192.5   0.21735
   1192.8   0.21739
   1193.1   0.21751
   1193.3   0.21754
   1193.6   0.21759
   1193.9   0.21760
   1194.2   0.21762
   1194.4   0.21766
   1194.7   0.21767
   1195.0   0.21764
   1195.3   0.21763
   1195.6   0.21770
   1195.8   0.21778
   1196.1   0.21771
   1196.4   0.21765
   1196.7   0.21779
   1196.9   0.21788
   1197.2   0.21786
   1197.5   0.21786
   1197.8   0.21787
   1198.0   0.21781
   1198.3   0.21774
   1198.6   0.21785
   1198.9   0.21798
   1199.2   0.21802
   1199.4   0.21800
   1199.7   0.21791
   1200.0   0.21786
   1200.3   0.21790
   1200.5   0.21802
   1200.8   0.21806
   1201.1   0.21807
   1201.4   0.21810
   1201.7   0.21809
   1201.9   0.21805
   1202.2   0.21806
   1202.5   0.21801
   1202.8   0.21796
   1203.0   0.21805
   1203.3   0.21816
   1203.6   0.21821
   1203.9   0.21813
   1204.2   0.21814
   1204.4   0.21819
   1204.7   0.21823
   1205.0   0.21829
   1205.3   0.21827
   1205.6   0.21829
   1205.8   0.21830
   1206.1   0.21843
   1206.4   0.21849
   1206.7   0.21840
   1207.0   0.21838
   1207.2   0.21837
   1207.5   0.21837
   1207.8   0.21830
   1208.1   0.21827
   1208.4   0.21840
   1208.7   0.21857
   1208.9   0.21862
   1209.2   0.21864
   1209.5   0.21866
   1209.8   0.21863
   1210.1   0.21862
   1210.3   0.21862
   1210.6   0.21867
   1210.9   0.21876
   1211.2   0.21876
   1211.5   0.21869
   1211.8   0.21865
   1212.0   0.21869
   1212.3   0.21870
   1212.6   0.21875
   1212.9   0.21875
   1213.2   0.21876
   1213.5   0.21886
   1213.7   0.21890
   1214.0   0.21886
   1214.3   0.21873
   1214.6   0.21868
   1214.9   0.21879
   1215.2   0.21889
   1215.4   0.21890
   1215.7   0.21893
   1216.0   0.21894
   1216.3   0.21894
   1216.6   0.21893
   1216.9   0.21896
   1217.2   0.21889
   1217.4   0.21887
   1217.7   0.21888
   1218.0   0.21890
   1218.3   0.21899
   1218.6   0.21911
   1218.9   0.21918
   1219.2   0.21913
   1219.4   0.21913
   1219.7   0.21920
   1220.0   0.21925
   1220.3   0.21932
   1220.6   0.21929
   1220.9   0.21917
   1221.2   0.21916
   1221.5   0.21932
   1221.8   0.21942
   1222.0   0.21944
   1222.3   0.21949
   1222.6   0.21945
   1222.9   0.21936
   1223.2   0.21936
   1223.5   0.21946
   1223.8   0.21954
   1224.1   0.21950
   1224.3   0.21946
   1224.6   0.21942
   1224.9   0.21943
   1225.2   0.21947
   1225.5   0.21951
   1225.8   0.21952
   1226.1   0.21960
   1226.4   0.21966
   1226.7   0.21964
   1227.0   0.21959
   1227.3   0.21959
   1227.5   0.21963
   1227.8   0.21966
   1228.1   0.21970
   1228.4   0.21975
   1228.7   0.21974
   1229.0   0.21974
   1229.3   0.21981
   1229.6   0.21985
   1229.9   0.21981
   1230.2   0.21974
   1230.4   0.21978
   1230.7   0.21979
   1231.0   0.21976
   1231.3   0.21982
   1231.6   0.21993
   1231.9   0.21993
   1232.2   0.21988
   1232.5   0.21993
   1232.8   0.21999
   1233.1   0.22000
   1233.4   0.22007
   1233.7   0.22014
   1234.0   0.22009
   1234.3   0.22004
   1234.6   0.22011
   1234.8   0.22018
   1235.1   0.22023
   1235.4   0.22016
   1235.7   0.22007
   1236.0   0.22011
   1236.3   0.22023
   1236.6   0.22024
   1236.9   0.22022
   1237.2   0.22031
   1237.5   0.22035
   1237.8   0.22028
   1238.1   0.22027
   1238.4   0.22030
   1238.7   0.22030
   1239.0   0.22042
   1239.3   0.22046
   1239.6   0.22043
   1239.9   0.22040
   1240.2   0.22039
   1240.5   0.22041
   1240.8   0.22046
   1241.1   0.22054
   1241.3   0.22055
   1241.7   0.22049
   1241.9   0.22051
   1242.2   0.22053
   1242.5   0.22062
   1242.8   0.22067
   1243.1   0.22067
   1243.4   0.22070
   1243.7   0.22068
   1244.0   0.22065
   1244.3   0.22070
   1244.6   0.22068
   1244.9   0.22074
   1245.2   0.22078
   1245.5   0.22070
   1245.8   0.22072
   1246.1   0.22081
   1246.4   0.22086
   1246.7   0.22084
   1247.0   0.22089
   1247.3   0.22091
   1247.6   0.22087
   1247.9   0.22087
   1248.2   0.22094
   1248.5   0.22104
   1248.8   0.22106
   1249.1   0.22102
   1249.4   0.22103
   1249.7   0.22105
   1250.0   0.22108
   1250.3   0.22109
   1250.6   0.22104
   1250.9   0.22108
   1251.2   0.22117
   1251.5   0.22121
   1251.8   0.22121
   1252.1   0.22128
   1252.4   0.22127
   1252.8   0.22126
   1253.1   0.22127
   1253.3   0.22126
   1253.7   0.22126
   1254.0   0.22129
   1254.3   0.22131
   1254.6   0.22136
   1254.9   0.22136
   1255.2   0.22137
   1255.5   0.22141
   1255.8   0.22140
   1256.1   0.22148
   1256.4   0.22153
   1256.7   0.22156
   1257.0   0.22160
   1257.3   0.22162
   1257.6   0.22157
   1257.9   0.22153
   1258.2   0.22155
   1258.5   0.22158
   1258.8   0.22155
   1259.1   0.22156
   1259.4   0.22160
   1259.8   0.22166
   1260.1   0.22167
   1260.4   0.22165
   1260.7   0.22165
   1261.0   0.22168
   1261.3   0.22169
   1261.6   0.22175
   1261.9   0.22183
   1262.2   0.22184
   1262.5   0.22177
   1262.8   0.22182
   1263.1   0.22186
   1263.4   0.22182
   1263.7   0.22184
   1264.1   0.22195
   1264.4   0.22202
   1264.7   0.22201
   1265.0   0.22198
   1265.3   0.22198
   1265.6   0.22203
   1265.9   0.22208
   1266.2   0.22213
   1266.5   0.22209
   1266.8   0.22207
   1267.1   0.22208
   1267.4   0.22216
   1267.8   0.22217
   1268.1   0.22214
   1268.4   0.22220
   1268.7   0.22236
   1269.0   0.22235
   1269.3   0.22226
   1269.6   0.22236
   1269.9   0.22242
   1270.2   0.22236
   1270.6   0.22233
   1270.9   0.22241
   1271.2   0.22246
   1271.5   0.22243
   1271.8   0.22245
   1272.1   0.22246
   1272.4   0.22241
   1272.7   0.22248
   1273.1   0.22254
   1273.4   0.22251
   1273.7   0.22256
   1274.0   0.22257
   1274.3   0.22256
   1274.6   0.22258
   1274.9   0.22262
   1275.2   0.22263
   1275.6   0.22269
   1275.9   0.22280
   1276.2   0.22276
   1276.5   0.22267
   1276.8   0.22275
   1277.1   0.22281
   1277.4   0.22287
   1277.8   0.22287
   1278.1   0.22280
   1278.4   0.22280
   1278.7   0.22290
   1279.0   0.22293
   1279.3   0.22295
   1279.7   0.22292
   1280.0   0.22296
   1280.3   0.22309
   1280.6   0.22308
   1280.9   0.22310
   1281.2   0.22315
   1281.6   0.22315
   1281.9   0.22308
   1282.2   0.22306
   1282.5   0.22317
   1282.8   0.22318
   1283.1   0.22316
   1283.4   0.22318
   1283.8   0.22325
   1284.1   0.22334
   1284.4   0.22329
   1284.7   0.22329
   1285.0   0.22336
   1285.4   0.22339
   1285.7   0.22341
   1286.0   0.22335
   1286.3   0.22337
   1286.6   0.22344
   1286.9   0.22348
   1287.3   0.22354
   1287.6   0.22361
   1287.9   0.22357
   1288.2   0.22357
   1288.6   0.22365
   1288.9   0.22368
   1289.2   0.22366
   1289.5   0.22373
   1289.8   0.22378
   1290.2   0.22376
   1290.5   0.22378
   1290.8   0.22374
   1291.1   0.22375
   1291.4   0.22380
   1291.8   0.22378
   1292.1   0.22384
   1292.4   0.22390
   1292.7   0.22387
   1293.1   0.22388
   1293.4   0.22393
   1293.7   0.22395
   1294.0   0.22394
   1294.3   0.22395
   1294.7   0.22396
   1295.0   0.22398
   1295.3   0.22401
   1295.6   0.22404
   1296.0   0.22412
   1296.3   0.22416
   1296.6   0.22415
   1296.9   0.22422
   1297.3   0.22431
   1297.6   0.22433
   1297.9   0.22435
   1298.2   0.22431
   1298.6   0.22427
   1298.9   0.22430
   1299.2   0.22432
   1299.5   0.22435
   1299.9   0.22437
   1300.2   0.22440
   1300.5   0.22440
   1300.8   0.22442
   1301.2   0.22452
   1301.5   0.22453
   1301.8   0.22452
   1302.1   0.22451
   1302.5   0.22453
   1302.8   0.22455
   1303.1   0.22463
   1303.4   0.22465
   1303.8   0.22459
   1304.1   0.22463
   1304.4   0.22473
   1304.8   0.22471
   1305.1   0.22473
   1305.4   0.22477
   1305.8   0.22479
   1306.1   0.22480
   1306.4   0.22485
   1306.7   0.22485
   1307.1   0.22483
   1307.4   0.22487
   1307.7   0.22493
   1308.1   0.22502
   1308.4   0.22502
   1308.7   0.22499
   1309.1   0.22499
   1309.4   0.22510
   1309.7   0.22520
   1310.0   0.22519
   1310.4   0.22516
   1310.7   0.22517
   1311.0   0.22523
   1311.4   0.22524
   1311.7   0.22523
   1312.0   0.22525
   1312.4   0.22530
   1312.7   0.22535
   1313.0   0.22530
   1313.4   0.22527
   1313.7   0.22535
   1314.0   0.22544
   1314.4   0.22555
   1314.7   0.22551
   1315.0   0.22551
   1315.4   0.22561
   1315.7   0.22568
   1316.0   0.22568
   1316.4   0.22561
   1316.7   0.22563
   1317.0   0.22570
   1317.4   0.22566
   1317.7   0.22566
   1318.0   0.22573
   1318.4   0.22575
   1318.7   0.22571
   1319.0   0.22572
   1319.4   0.22582
   1319.7   0.22582
   1320.1   0.22585
   1320.4   0.22591
   1320.7   0.22589
   1321.1   0.22591
   1321.4   0.22595
   1321.7   0.22595
   1322.1   0.22597
   1322.4   0.22598
   1322.7   0.22603
   1323.1   0.22609
   1323.4   0.22613
   1323.8   0.22612
   1324.1   0.22611
   1324.4   0.22617
   1324.8   0.22618
   1325.1   0.22617
   1325.4   0.22626
   1325.8   0.22631
   1326.1   0.22633
   1326.5   0.22637
   1326.8   0.22636
   1327.1   0.22634
   1327.5   0.22637
   1327.8   0.22643
   1328.2   0.22648
   1328.5   0.22644
   1328.8   0.22654
   1329.2   0.22667
   1329.5   0.22664
   1329.9   0.22659
   1330.2   0.22662
   1330.6   0.22664
   1330.9   0.22666
   1331.2   0.22676
   1331.6   0.22674
   1331.9   0.22675
   1332.3   0.22682
   1332.6   0.22684
   1332.9   0.22678
   1333.3   0.22674
   1333.6   0.22675
   1334.0   0.22680
   1334.3   0.22689
   1334.7   0.22697
   1335.0   0.22701
   1335.3   0.22700
   1335.7   0.22695
   1336.0   0.22694
   1336.4   0.22700
   1336.7   0.22712
   1337.1   0.22715
   1337.4   0.22711
   1337.8   0.22714
   1338.1   0.22714
   1338.4   0.22715
   1338.8   0.22720
   1339.1   0.22722
   1339.5   0.22727
   1339.8   0.22733
   1340.2   0.22735
   1340.5   0.22741
   1340.9   0.22741
   1341.2   0.22736
   1341.6   0.22738
   1341.9   0.22741
   1342.3   0.22746
   1342.6   0.22750
   1342.9   0.22749
   1343.3   0.22753
   1343.7   0.22764
   1344.0   0.22766
   1344.3   0.22764
   1344.7   0.22769
   1345.0   0.22768
   1345.4   0.22771
   1345.7   0.22775
   1346.1   0.22777
   1346.4   0.22783
   1346.8   0.22783
   1347.1   0.22787
   1347.5   0.22796
   1347.8   0.22797
   1348.2   0.22793
   1348.5   0.22791
   1348.9   0.22793
   1349.3   0.22797
   1349.6   0.22805
   1349.9   0.22811
   1350.3   0.22806
   1350.7   0.22801
   1351.0   0.22809
   1351.3   0.22819
   1351.7   0.22818
   1352.1   0.22817
   1352.4   0.22820
   1352.8   0.22822
   1353.1   0.22825
   1353.5   0.22829
   1353.8   0.22837
   1354.2   0.22842
   1354.5   0.22848
   1354.9   0.22850
   1355.2   0.22844
   1355.6   0.22841
   1355.9   0.22849
   1356.3   0.22854
   1356.7   0.22852
   1357.0   0.22853
   1357.4   0.22859
   1357.7   0.22865
   1358.1   0.22864
   1358.4   0.22870
   1358.8   0.22883
   1359.2   0.22883
   1359.5   0.22879
   1359.9   0.22880
   1360.2   0.22879
   1360.6   0.22884
   1360.9   0.22888
   1361.3   0.22888
   1361.7   0.22894
   1362.0   0.22896
   1362.4   0.22892
   1362.7   0.22896
   1363.1   0.22907
   1363.4   0.22913
   1363.8   0.22905
   1364.2   0.22905
   1364.5   0.22904
   1364.9   0.22905
   1365.2   0.22916
   1365.6   0.22921
   1365.9   0.22923
   1366.3   0.22923
   1366.7   0.22929
   1367.0   0.22936
   1367.4   0.22938
   1367.8   0.22938
   1368.1   0.22940
   1368.5   0.22945
   1368.8   0.22952
   1369.2   0.22958
   1369.6   0.22959
   1369.9   0.22952
   1370.3   0.22952
   1370.7   0.22958
   1371.0   0.22964
   1371.4   0.22970
   1371.7   0.22973
   1372.1   0.22974
   1372.5   0.22975
   1372.8   0.22973
   1373.2   0.22976
   1373.6   0.22977
   1373.9   0.22979
   1374.3   0.22988
   1374.6   0.22993
   1375.0   0.22991
   1375.4   0.22992
   1375.7   0.22996
   1376.1   0.23003
   1376.5   0.23001
   1376.8   0.23001
   1377.2   0.23008
   1377.6   0.23015
   1377.9   0.23017
   1378.3   0.23012
   1378.7   0.23014
   1379.0   0.23016
   1379.4   0.23019
   1379.8   0.23025
   1380.1   0.23026
   1380.5   0.23026
   1380.9   0.23033
   1381.2   0.23035
   1381.6   0.23039
   1382.0   0.23042
   1382.3   0.23044
   1382.7   0.23044
   1383.1   0.23045
   1383.4   0.23048
   1383.8   0.23049
   1384.2   0.23053
   1384.6   0.23062
   1384.9   0.23064
   1385.3   0.23067
   1385.7   0.23068
   1386.0   0.23076
   1386.4   0.23081
   1386.8   0.23077
   1387.2   0.23072
   1387.5   0.23072
   1387.9   0.23080
   1388.3   0.23090
   1388.6   0.23093
   1389.0   0.23098
   1389.4   0.23100
   1389.8   0.23093
   1390.1   0.23090
   1390.5   0.23095
   1390.9   0.23110
   1391.2   0.23117
   1391.6   0.23111
   1392.0   0.23110
   1392.4   0.23111
   1392.7   0.23112
   1393.1   0.23123
   1393.5   0.23133
   1393.9   0.23131
   1394.2   0.23129
   1394.6   0.23127
   1395.0   0.23133
   1395.4   0.23139
   1395.7   0.23139
   1396.1   0.23145
   1396.5   0.23153
   1396.9   0.23152
   1397.2   0.23151
   1397.6   0.23153
   1398.0   0.23156
   1398.4   0.23160
   1398.8   0.23164
   1399.1   0.23167
   1399.5   0.23168
   1399.9   0.23165
   1400.3   0.23169
   1400.6   0.23173
   1401.0   0.23175
   1401.4   0.23176
   1401.8   0.23181
   1402.2   0.23185
   1402.5   0.23191
   1402.9   0.23193
   1403.3   0.23198
   1403.7   0.23202
   1404.1   0.23200
   1404.4   0.23201
   1404.8   0.23203
   1405.2   0.23208
   1405.6   0.23209
   1406.0   0.23207
   1406.3   0.23212
   1406.7   0.23216
   1407.1   0.23214
   1407.5   0.23215
   1407.9   0.23226
   1408.3   0.23230
   1408.6   0.23227
   1409.0   0.23226
   1409.4   0.23230
   1409.8   0.23239
   1410.2   0.23246
   1410.6   0.23244
   1410.9   0.23243
   1411.3   0.23246
   1411.7   0.23251
   1412.1   0.23252
   1412.5   0.23250
   1412.8   0.23256
   1413.2   0.23268
   1413.6   0.23274
   1414.0   0.23270
   1414.4   0.23264
   1414.8   0.23267
   1415.2   0.23270
   1415.6   0.23271
   1415.9   0.23278
   1416.3   0.23283
   1416.7   0.23283
   1417.1   0.23284
   1417.5   0.23289
   1417.9   0.23297
   1418.3   0.23300
   1418.7   0.23298
   1419.0   0.23296
   1419.4   0.23302
   1419.8   0.23310
   1420.2   0.23313
   1420.6   0.23308
   1421.0   0.23311
   1421.4   0.23319
   1421.8   0.23324
   1422.2   0.23323
   1422.5   0.23328
   1422.9   0.23332
   1423.3   0.23332
   1423.7   0.23334
   1424.1   0.23336
   1424.5   0.23339
   1424.9   0.23336
   1425.3   0.23338
   1425.7   0.23345
   1426.1   0.23350
   1426.5   0.23358
   1426.8   0.23359
   1427.2   0.23361
   1427.6   0.23367
   1428.0   0.23370
   1428.4   0.23365
   1428.8   0.23362
   1429.2   0.23365
   1429.6   0.23370
   1430.0   0.23373
   1430.4   0.23376
   1430.8   0.23377
   1431.2   0.23379
   1431.6   0.23388
   1432.0   0.23393
   1432.4   0.23393
   1432.8   0.23391
   1433.2   0.23395
   1433.6   0.23398
   1433.9   0.23396
   1434.3   0.23401
   1434.8   0.23405
   1435.1   0.23404
   1435.5   0.23405
   1435.9   0.23413
   1436.3   0.23420
   1436.7   0.23423
   1437.1   0.23417
   1437.5   0.23413
   1437.9   0.23417
   1438.3   0.23426
   1438.7   0.23433
   1439.1   0.23439
   1439.5   0.23440
   1439.9   0.23438
   1440.3   0.23440
   1440.7   0.23442
   1441.1   0.23445
   1441.5   0.23449
   1441.9   0.23455
   1442.3   0.23458
   1442.7   0.23457
   1443.1   0.23460
   1443.5   0.23461
   1443.9   0.23462
   1444.3   0.23464
   1444.7   0.23467
   1445.1   0.23469
   1445.6   0.23469
   1445.9   0.23472
   1446.3   0.23480
   1446.8   0.23482
   1447.2   0.23480
   1447.6   0.23484
   1448.0   0.23489
   1448.4   0.23493
   1448.8   0.23492
   1449.2   0.23489
   1449.6   0.23497
   1450.0   0.23503
   1450.4   0.23498
   1450.8   0.23496
   1451.2   0.23501
   1451.6   0.23505
   1452.0   0.23515
   1452.4   0.23523
   1452.8   0.23522
   1453.2   0.23523
   1453.7   0.23529
   1454.1   0.23527
   1454.5   0.23522
   1454.9   0.23524
   1455.3   0.23529
   1455.7   0.23532
   1456.1   0.23535
   1456.5   0.23536
   1456.9   0.23537
   1457.3   0.23540
   1457.7   0.23545
   1458.2   0.23546
   1458.6   0.23550
   1459.0   0.23552
   1459.4   0.23554
   1459.8   0.23554
   1460.2   0.23556
   1460.6   0.23563
   1461.0   0.23564
   1461.4   0.23560
   1461.8   0.23563
   1462.3   0.23572
   1462.7   0.23576
   1463.1   0.23576
   1463.5   0.23577
   1463.9   0.23579
   1464.3   0.23582
   1464.7   0.23584
   1465.2   0.23588
   1465.6   0.23587
   1466.0   0.23588
   1466.4   0.23591
   1466.8   0.23591
   1467.2   0.23593
   1467.6   0.23597
   1468.1   0.23600
   1468.5   0.23603
   1468.9   0.23610
   1469.3   0.23610
   1469.7   0.23611
   1470.1   0.23614
   1470.6   0.23618
   1471.0   0.23618
   1471.4   0.23621
   1471.8   0.23625
   1472.2   0.23625
   1472.6   0.23630
   1473.1   0.23633
   1473.5   0.23632
   1473.9   0.23638
   1474.3   0.23637
   1474.7   0.23635
   1475.2   0.23639
   1475.6   0.23644
   1476.0   0.23647
   1476.4   0.23649
   1476.8   0.23647
   1477.3   0.23649
   1477.7   0.23656
   1478.1   0.23659
   1478.5   0.23660
   1478.9   0.23662
   1479.4   0.23662
   1479.8   0.23668
   1480.2   0.23668
   1480.6   0.23666
   1481.1   0.23666
   1481.5   0.23665
   1481.9   0.23674
   1482.3   0.23685
   1482.8   0.23685
   1483.2   0.23678
   1483.6   0.23677
   1484.0   0.23685
   1484.4   0.23697
   1484.9   0.23700
   1485.3   0.23695
   1485.7   0.23696
   1486.2   0.23699
   1486.6   0.23696
   1487.0   0.23698
   1487.4   0.23704
   1487.9   0.23705
   1488.3   0.23701
   1488.7   0.23701
   1489.1   0.23707
   1489.6   0.23712
   1490.0   0.23714
   1490.4   0.23713
   1490.8   0.23717
   1491.3   0.23720
   1491.7   0.23725
   1492.1   0.23730
   1492.6   0.23734
   1493.0   0.23734
   1493.4   0.23734
   1493.9   0.23730
   1494.3   0.23728
   1494.7   0.23731
   1495.2   0.23737
   1495.6   0.23740
   1496.0   0.23740
   1496.4   0.23745
   1496.9   0.23744
   1497.3   0.23745
   1497.7   0.23750
   1498.2   0.23750
   1498.6   0.23751
   1499.0   0.23751
   1499.5   0.23757
   1499.9   0.23757
   1500.3   0.23757
   1500.8   0.23760
   1501.2   0.23758
   1501.7   0.23761
   1502.1   0.23768
   1502.5   0.23772
   1502.9   0.23771
   1503.4   0.23773
   1503.8   0.23775
   1504.3   0.23776
   1504.7   0.23780
   1505.1   0.23784
   1505.6   0.23785
   1506.0   0.23787
   1506.4   0.23791
   1506.9   0.23790
   1507.3   0.23792
   1507.8   0.23799
   1508.2   0.23803
   1508.6   0.23808
   1509.1   0.23807
   1509.5   0.23802
   1510.0   0.23806
   1510.4   0.23808
   1510.8   0.23807
   1511.3   0.23810
   1511.7   0.23810
   1512.2   0.23811
   1512.6   0.23820
   1513.0   0.23824
   1513.5   0.23820
   1513.9   0.23819
   1514.4   0.23822
   1514.8   0.23827
   1515.3   0.23828
   1515.7   0.23826
   1516.1   0.23830
   1516.6   0.23832
   1517.0   0.23836
   1517.5   0.23844
   1517.9   0.23841
   1518.4   0.23839
   1518.8   0.23839
   1519.3   0.23839
   1519.7   0.23842
   1520.1   0.23846
   1520.6   0.23847
   1521.0   0.23847
   1521.5   0.23848
   1521.9   0.23854
   1522.4   0.23858
   1522.8   0.23859
   1523.3   0.23861
   1523.7   0.23863
   1524.2   0.23867
   1524.6   0.23871
   1525.1   0.23876
   1525.5   0.23874
   1525.9   0.23874
   1526.4   0.23876
   1526.8   0.23875
   1527.3   0.23874
   1527.8   0.23878
   1528.2   0.23882
   1528.7   0.23881
   1529.1   0.23882
   1529.6   0.23887
   1530.0   0.23891
   1530.5   0.23890
   1530.9   0.23886
   1531.4   0.23892
   1531.8   0.23899
   1532.3   0.23900
   1532.7   0.23901
   1533.2   0.23903
   1533.6   0.23903
   1534.1   0.23901
   1534.5   0.23903
   1535.0   0.23906
   1535.4   0.23910
   1535.9   0.23915
   1536.3   0.23914
   1536.8   0.23914
   1537.3   0.23912
   1537.7   0.23911
   1538.2   0.23914
   1538.6   0.23918
   1539.1   0.23914
   1539.6   0.23918
   1540.0   0.23926
   1540.5   0.23923
   1540.9   0.23920
   1541.4   0.23925
   1541.8   0.23930
   1542.3   0.23933
   1542.8   0.23935
   1543.2   0.23930
   1543.7   0.23929
   1544.1   0.23928
   1544.6   0.23934
   1545.1   0.23940
   1545.5   0.23939
   1546.0   0.23938
   1546.4   0.23938
   1546.9   0.23941
   1547.4   0.23944
   1547.8   0.23948
   1548.3   0.23950
   1548.8   0.23952
   1549.2   0.23953
   1549.7   0.23954
   1550.1   0.23953
   1550.6   0.23956
   1551.1   0.23961
   1551.5   0.23959
   1552.0   0.23957
   1552.4   0.23961
   1552.9   0.23966
   1553.4   0.23965
   1553.8   0.23964
   1554.3   0.23964
   1554.8   0.23967
   1555.3   0.23971
   1555.7   0.23972
   1556.2   0.23969
   1556.7   0.23966
   1557.1   0.23972
   1557.6   0.23978
   1558.1   0.23977
   1558.5   0.23974
   1559.0   0.23975
   1559.5   0.23979
   1559.9   0.23980
   1560.4   0.23979
   1560.9   0.23981
   1561.3   0.23986
   1561.8   0.23987
   1562.3   0.23988
   1562.8   0.23988
   1563.2   0.23990
   1563.7   0.23992
   1564.2   0.23995
   1564.6   0.23996
   1565.1   0.23996
   1565.6   0.23997
   1566.1   0.23998
   1566.5   0.24000
   1567.0   0.24003
   1567.5   0.24006
   1567.9   0.24007
   1568.4   0.24009
   1568.9   0.24005
   1569.4   0.24008
   1569.8   0.24013
   1570.3   0.24015
   1570.8   0.24012
   1571.3   0.24006
   1571.8   0.24012
   1572.2   0.24016
   1572.7   0.24012
   1573.2   0.24014
   1573.7   0.24016
   1574.1   0.24017
   1574.6   0.24019
   1575.1   0.24022
   1575.6   0.24020
   1576.1   0.24022
   1576.5   0.24028
   1577.0   0.24031
   1577.5   0.24031
   1578.0   0.24031
   1578.4   0.24031
   1578.9   0.24028
   1579.4   0.24027
   1579.9   0.24032
   1580.4   0.24036
   1580.9   0.24038
   1581.3   0.24037
   1581.8   0.24036
   1582.3   0.24042
   1582.8   0.24042
   1583.3   0.24039
   1583.8   0.24038
   1584.2   0.24040
   1584.7   0.24045
   1585.2   0.24044
   1585.7   0.24044
   1586.2   0.24044
   1586.7   0.24048
   1587.2   0.24049
   1587.6   0.24047
   1588.1   0.24050
   1588.6   0.24056
   1589.1   0.24054
   1589.6   0.24051
   1590.1   0.24056
   1590.6   0.24054
   1591.0   0.24051
   1591.5   0.24053
   1592.0   0.24059
   1592.5   0.24060
   1593.0   0.24060
   1593.5   0.24065
   1594.0   0.24062
   1594.5   0.24059
   1595.0   0.24064
   1595.4   0.24062
   1595.9   0.24063
   1596.4   0.24068
   1596.9   0.24064
   1597.4   0.24065
   1597.9   0.24071
   1598.4   0.24072
   1598.9   0.24070
   1599.4   0.24072
   1599.9   0.24071
   1600.4   0.24070
   1600.9   0.24072
   1601.4   0.24075
   1601.9   0.24071
   1602.3   0.24073
   1602.8   0.24082
   1603.3   0.24085
   1603.8   0.24088
   1604.3   0.24081
   1604.8   0.24077
   1605.3   0.24079
   1605.8   0.24080
   1606.3   0.24083
   1606.8   0.24085
   1607.3   0.24083
   1607.8   0.24081
   1608.3   0.24079
   1608.8   0.24084
   1609.3   0.24085
   1609.8   0.24087
   1610.3   0.24090
   1610.8   0.24091
   1611.3   0.24092
   1611.8   0.24087
   1612.3   0.24083
   1612.8   0.24088
   1613.3   0.24095
   1613.8   0.24095
   1614.3   0.24093
   1614.8   0.24091
   1615.3   0.24091
   1615.8   0.24096
   1616.3   0.24096
   1616.8   0.24096
   1617.3   0.24100
   1617.8   0.24104
   1618.4   0.24105
   1618.9   0.24105
   1619.4   0.24104
   1619.9   0.24099
   1620.4   0.24099
   1620.9   0.24102
   1621.4   0.24104
   1621.9   0.24105
   1622.4   0.24105
   1622.9   0.24108
   1623.4   0.24106
   1623.9   0.24108
   1624.4   0.24110
   1624.9   0.24111
   1625.5   0.24114
   1626.0   0.24115
   1626.5   0.24114
   1627.0   0.24116
   1627.5   0.24118
   1628.0   0.24112
   1628.5   0.24108
   1629.0   0.24113
   1629.6   0.24112
   1630.1   0.24111
   1630.6   0.24112
   1631.1   0.24114
   1631.6   0.24121
   1632.1   0.24121
   1632.6   0.24116
   1633.1   0.24115
   1633.7   0.24114
   1634.2   0.24115
   1634.7   0.24115
   1635.2   0.24118
   1635.7   0.24119
   1636.2   0.24119
   1636.8   0.24119
   1637.3   0.24118
   1637.8   0.24123
   1638.3   0.24124
   1638.8   0.24121
   1639.3   0.24121
   1639.8   0.24124
   1640.4   0.24130
   1640.9   0.24132
   1641.4   0.24130
   1641.9   0.24129
   1642.4   0.24128
   1643.0   0.24128
   1643.5   0.24128
   1644.0   0.24132
   1644.5   0.24133
   1645.1   0.24130
   1645.6   0.24134
   1646.1   0.24138
   1646.6   0.24134
   1647.2   0.24131
   1647.7   0.24129
   1648.2   0.24129
   1648.7   0.24131
   1649.2   0.24132
   1649.8   0.24132
   1650.3   0.24133
   1650.8   0.24132
   1651.3   0.24131
   1651.9   0.24132
   1652.4   0.24135
   1652.9   0.24137
   1653.4   0.24136
   1654.0   0.24134
   1654.5   0.24134
   1655.0   0.24135
   1655.6   0.24136
   1656.1   0.24137
   1656.6   0.24140
   1657.2   0.24139
   1657.7   0.24136
   1658.2   0.24134
   1658.7   0.24136
   1659.3   0.24136
   1659.8   0.24137
   1660.3   0.24145
   1660.9   0.24146
   1661.4   0.24144
   1661.9   0.24143
   1662.5   0.24142
   1663.0   0.24146
   1663.5   0.24150
   1664.1   0.24147
   1664.6   0.24145
   1665.1   0.24151
   1665.7   0.24151
   1666.2   0.24144
   1666.7   0.24144
   1667.3   0.24147
   1667.8   0.24147
   1668.3   0.24152
   1668.9   0.24156
   1669.4   0.24151
   1670.0   0.24144
   1670.5   0.24148
   1671.0   0.24150
   1671.6   0.24150
   1672.1   0.24151
   1672.7   0.24153
   1673.2   0.24158
   1673.7   0.24157
   1674.3   0.24153
   1674.8   0.24151
   1675.4   0.24150
   1675.9   0.24153
   1676.4   0.24150
   1677.0   0.24145
   1677.5   0.24144
   1678.1   0.24152
   1678.6   0.24156
   1679.2   0.24155
   1679.7   0.24156
   1680.2   0.24157
   1680.8   0.24155
   1681.3   0.24153
   1681.9   0.24153
   1682.4   0.24151
   1683.0   0.24149
   1683.5   0.24158
   1684.1   0.24163
   1684.6   0.24162
   1685.2   0.24157
   1685.7   0.24155
   1686.3   0.24158
   1686.8   0.24160
   1687.3   0.24159
   1687.9   0.24158
   1688.4   0.24158
   1689.0   0.24160
   1689.6   0.24160
   1690.1   0.24160
   1690.7   0.24162
   1691.2   0.24162
   1691.8   0.24161
   1692.3   0.24156
   1692.9   0.24152
   1693.4   0.24154
   1694.0   0.24155
   1694.5   0.24154
   1695.1   0.24160
   1695.6   0.24165
   1696.2   0.24162
   1696.7   0.24157
   1697.3   0.24159
   1697.8   0.24161
   1698.4   0.24160
   1699.0   0.24159
   1699.5   0.24159
   1700.1   0.24159
   1700.6   0.24163
   1701.2   0.24170
   1701.8   0.24170
   1702.3   0.24166
   1702.9   0.24166
   1703.4   0.24167
   1704.0   0.24166
   1704.6   0.24164
   1705.1   0.24164
   1705.7   0.24165
   1706.2   0.24165
   1706.8   0.24165
   1707.4   0.24166
   1707.9   0.24168
   1708.5   0.24166
   1709.0   0.24163
   1709.6   0.24165
   1710.2   0.24162
   1710.7   0.24163
   1711.3   0.24164
   1711.9   0.24157
   1712.4   0.24157
   1713.0   0.24159
   1713.6   0.24161
   1714.1   0.24164
   1714.7   0.24163
   1715.3   0.24162
   1715.8   0.24165
   1716.4   0.24167
   1717.0   0.24167
   1717.5   0.24164
   1718.1   0.24164
   1718.7   0.24164
   1719.2   0.24164
   1719.8   0.24167
   1720.4   0.24164
   1721.0   0.24164
   1721.5   0.24165
   1722.1   0.24167
   1722.7   0.24170
   1723.2   0.24172
   1723.8   0.24169
   1724.4   0.24168
   1725.0   0.24168
   1725.5   0.24168
   1726.1   0.24172
   1726.7   0.24173
   1727.3   0.24169
   1727.8   0.24171
   1728.4   0.24172
   1729.0   0.24170
   1729.6   0.24171
   1730.1   0.24172
   1730.7   0.24172
   1731.3   0.24168
   1731.9   0.24165
   1732.5   0.24166
   1733.0   0.24171
   1733.6   0.24174
   1734.2   0.24176
   1734.8   0.24175
   1735.4   0.24175
   1735.9   0.24178
   1736.5   0.24178
   1737.1   0.24177
   1737.7   0.24175
   1738.3   0.24177
   1738.8   0.24179
   1739.4   0.24180
   1740.0   0.24178
   1740.6   0.24177
   1741.2   0.24183
   1741.8   0.24189
   1742.3   0.24186
   1742.9   0.24182
   1743.5   0.24183
   1744.1   0.24181
   1744.7   0.24180
   1745.3   0.24181
   1745.9   0.24182
   1746.5   0.24180
   1747.1   0.24179
   1747.6   0.24180
   1748.2   0.24180
   1748.8   0.24180
   1749.4   0.24179
   1750.0   0.24178
   1750.6   0.24177
   1751.2   0.24180
   1751.8   0.24181
   1752.4   0.24183
   1753.0   0.24183
   1753.6   0.24183
   1754.1   0.24182
   1754.7   0.24183
   1755.3   0.24184
   1755.9   0.24184
   1756.5   0.24188
   1757.1   0.24191
   1757.7   0.24186
   1758.3   0.24186
   1758.9   0.24189
   1759.5   0.24187
   1760.1   0.24185
   1760.7   0.24186
   1761.3   0.24185
   1761.9   0.24186
   1762.5   0.24187
   1763.1   0.24185
   1763.7   0.24184
   1764.3   0.24185
   1764.9   0.24183
   1765.5   0.24183
   1766.1   0.24187
   1766.7   0.24190
   1767.3   0.24191
   1767.9   0.24192
   1768.5   0.24192
   1769.1   0.24193
   1769.7   0.24192
   1770.3   0.24189
   1770.9   0.24191
   1771.5   0.24193
   1772.1   0.24190
   1772.7   0.24190
   1773.3   0.24192
   1773.9   0.24190
   1774.6   0.24190
   1775.2   0.24192
   1775.8   0.24194
   1776.4   0.24195
   1777.0   0.24194
   1777.6   0.24191
   1778.2   0.24191
   1778.8   0.24192
   1779.4   0.24192
   1780.0   0.24189
   1780.7   0.24189
   1781.3   0.24189
   1781.9   0.24190
   1782.5   0.24192
   1783.1   0.24195
   1783.7   0.24198
   1784.3   0.24196
   1784.9   0.24193
   1785.6   0.24192
   1786.2   0.24195
   1786.8   0.24198
   1787.4   0.24198
   1788.0   0.24197
   1788.6   0.24198
   1789.3   0.24199
   1789.9   0.24197
   1790.5   0.24197
   1791.1   0.24197
   1791.7   0.24197
   1792.3   0.24200
   1793.0   0.24200
   1793.6   0.24196
   1794.2   0.24197
   1794.8   0.24199
   1795.4   0.24196
   1796.1   0.24193
   1796.7   0.24197
   1797.3   0.24198
   1797.9   0.24199
   1798.6   0.24200
   1799.2   0.24202
   1799.8   0.24203
   1800.4   0.24201
   1801.1   0.24200
   1801.7   0.24201
   1802.3   0.24201
   1802.9   0.24199
   1803.6   0.24199
   1804.2   0.24201
   1804.8   0.24203
   1805.4   0.24201
   1806.1   0.24203
   1806.7   0.24206
   1807.3   0.24207
   1808.0   0.24209
   1808.6   0.24206
   1809.2   0.24204
   1809.9   0.24208
   1810.5   0.24208
   1811.1   0.24207
   1811.8   0.24208
   1812.4   0.24211
   1813.0   0.24209
   1813.7   0.24208
   1814.3   0.24211
   1814.9   0.24212
   1815.6   0.24210
   1816.2   0.24210
   1816.8   0.24210
   1817.5   0.24213
   1818.1   0.24212
   1818.8   0.24209
   1819.4   0.24208
   1820.0   0.24209
   1820.7   0.24211
   1821.3   0.24216
   1821.9   0.24217
   1822.6   0.24215
   1823.2   0.24213
   1823.9   0.24214
   1824.5   0.24219
   1825.2   0.24219
   1825.8   0.24216
   1826.4   0.24221
   1827.1   0.24223
   1827.7   0.24222
   1828.4   0.24222
   1829.0   0.24221
   1829.7   0.24216
   1830.3   0.24214
   1831.0   0.24216
   1831.6   0.24218
   1832.3   0.24221
   1832.9   0.24224
   1833.6   0.24224
   1834.2   0.24222
   1834.8   0.24227
   1835.5   0.24233
   1836.1   0.24231
   1836.8   0.24223
   1837.4   0.24221
   1838.1   0.24226
   1838.8   0.24228
   1839.4   0.24224
   1840.1   0.24222
   1840.7   0.24227
   1841.4   0.24228
   1842.0   0.24229
   1842.7   0.24231
   1843.3   0.24232
   1844.0   0.24234
   1844.6   0.24233
   1845.3   0.24234
   1845.9   0.24234
   1846.6   0.24233
   1847.3   0.24235
   1847.9   0.24238
   1848.6   0.24239
   1849.2   0.24238
   1849.9   0.24239
   1850.6   0.24240
   1851.2   0.24240
   1851.9   0.24237
   1852.6   0.24239
   1853.2   0.24239
   1853.9   0.24240
   1854.5   0.24242
   1855.2   0.24241
   1855.9   0.24239
   1856.5   0.24242
   1857.2   0.24247
   1857.9   0.24248
   1858.5   0.24249
   1859.2   0.24249
   1859.9   0.24251
   1860.5   0.24252
   1861.2   0.24250
   1861.9   0.24250
   1862.5   0.24253
   1863.2   0.24253
   1863.9   0.24255
   1864.5   0.24258
   1865.2   0.24258
   1865.9   0.24259
   1866.6   0.24260
   1867.2   0.24259
   1867.9   0.24261
   1868.6   0.24265
   1869.2   0.24265
   1869.9   0.24269
   1870.6   0.24272
   1871.3   0.24271
   1871.9   0.24270
   1872.6   0.24268
   1873.3   0.24271
   1874.0   0.24274
   1874.7   0.24272
   1875.3   0.24274
   1876.0   0.24277
   1876.7   0.24278
   1877.4   0.24278
   1878.0   0.24281
   1878.7   0.24281
   1879.4   0.24280
   1880.1   0.24286
   1880.8   0.24289
   1881.4   0.24289
   1882.1   0.24285
   1882.8   0.24286
   1883.5   0.24288
   1884.2   0.24288
   1884.9   0.24291
   1885.6   0.24294
   1886.2   0.24293
   1886.9   0.24292
   1887.6   0.24296
   1888.3   0.24298
   1889.0   0.24299
   1889.7   0.24300
   1890.4   0.24301
   1891.1   0.24299
   1891.8   0.24302
   1892.4   0.24306
   1893.1   0.24304
   1893.8   0.24305
   1894.5   0.24306
   1895.2   0.24307
   1895.9   0.24307
   1896.6   0.24309
   1897.3   0.24310
   1898.0   0.24308
   1898.7   0.24310
   1899.4   0.24314
   1900.1   0.24318
   1900.8   0.24316
   1901.5   0.24315
   1902.2   0.24320
   1902.9   0.24319
   1903.6   0.24319
   1904.3   0.24322
   1905.0   0.24324
   1905.7   0.24327
   1906.4   0.24330
   1907.1   0.24330
   1907.8   0.24331
   1908.5   0.24331
   1909.2   0.24332
   1909.9   0.24336
   1910.6   0.24338
   1911.3   0.24332
   1912.0   0.24332
   1912.7   0.24334
   1913.4   0.24337
   1914.1   0.24341
   1914.8   0.24342
   1915.5   0.24343
   1916.2   0.24346
   1916.9   0.24348
   1917.6   0.24349
   1918.3   0.24349
   1919.1   0.24349
   1919.8   0.24351
   1920.5   0.24352
   1921.2   0.24356
   1921.9   0.24357
   1922.6   0.24355
   1923.3   0.24359
   1924.0   0.24364
   1924.8   0.24367
   1925.5   0.24367
   1926.2   0.24366
   1926.9   0.24369
   1927.6   0.24373
   1928.3   0.24375
   1929.1   0.24379
   1929.8   0.24379
   1930.5   0.24379
   1931.2   0.24381
   1931.9   0.24381
   1932.7   0.24383
   1933.4   0.24386
   1934.1   0.24386
   1934.8   0.24388
   1935.5   0.24392
   1936.3   0.24396
   1937.0   0.24400
   1937.7   0.24401
   1938.4   0.24402
   1939.2   0.24404
   1939.9   0.24406
   1940.6   0.24405
   1941.3   0.24405
   1942.1   0.24406
   1942.8   0.24410
   1943.5   0.24417
   1944.2   0.24421
   1945.0   0.24419
   1945.7   0.24420
   1946.4   0.24422
   1947.2   0.24425
   1947.9   0.24427
   1948.6   0.24427
   1949.4   0.24429
   1950.1   0.24428
   1950.8   0.24429
   1951.6   0.24435
   1952.3   0.24440
   1953.0   0.24444
   1953.8   0.24446
   1954.5   0.24448
   1955.2   0.24451
   1956.0   0.24451
   1956.7   0.24455
   1957.5   0.24458
   1958.2   0.24460
   1958.9   0.24461
   1959.7   0.24463
   1960.4   0.24465
   1961.2   0.24469
   1961.9   0.24474
   1962.6   0.24477
   1963.4   0.24479
   1964.1   0.24480
   1964.9   0.24480
   1965.6   0.24481
   1966.4   0.24483
   1967.1   0.24489
   1967.9   0.24495
   1968.6   0.24496
   1969.3   0.24494
   1970.1   0.24498
   1970.8   0.24499
   1971.6   0.24499
   1972.3   0.24504
   1973.1   0.24508
   1973.8   0.24511
   1974.6   0.24514
   1975.3   0.24514
   1976.1   0.24515
   1976.9   0.24518
   1977.6   0.24524
   1978.4   0.24529
   1979.1   0.24528
   1979.9   0.24527
   1980.6   0.24531
   1981.4   0.24533
   1982.2   0.24533
   1982.9   0.24537
   1983.7   0.24543
   1984.4   0.24546
   1985.2   0.24550
   1985.9   0.24549
   1986.7   0.24549
   1987.5   0.24555
   1988.2   0.24557
   1989.0   0.24559
   1989.8   0.24562
   1990.5   0.24563
   1991.3   0.24561
   1992.1   0.24567
   1992.8   0.24574
   1993.6   0.24576
   1994.3   0.24579
   1995.1   0.24582
   1995.9   0.24583
   1996.7   0.24588
   1997.4   0.24593
   1998.2   0.24596
   1999.0   0.24594
   1999.7   0.24597
   2000.5   0.24600
   2001.3   0.24607
   2002.1   0.24611
   2002.8   0.24610
   2003.6   0.24617
   2004.4   0.24620
   2005.2   0.24621
   2005.9   0.24627
   2006.7   0.24628
   2007.5   0.24627
   2008.3   0.24631
   2009.0   0.24638
   2009.8   0.24637
   2010.6   0.24641
   2011.4   0.24644
   2012.2   0.24648
   2012.9   0.24653
   2013.7   0.24657
   2014.5   0.24661
   2015.3   0.24664
   2016.1   0.24667
   2016.8   0.24670
   2017.6   0.24677
   2018.4   0.24679
   2019.2   0.24677
   2020.0   0.24679
   2020.8   0.24685
   2021.6   0.24689
   2022.3   0.24692
   2023.1   0.24697
   2023.9   0.24702
   2024.7   0.24704
   2025.5   0.24705
   2026.3   0.24709
   2027.1   0.24715
   2027.9   0.24716
   2028.7   0.24722
   2029.5   0.24729
   2030.3   0.24728
   2031.1   0.24731
   2031.9   0.24738
   2032.7   0.24742
   2033.5   0.24745
   2034.3   0.24750
   2035.1   0.24754
   2035.8   0.24753
   2036.7   0.24757
   2037.4   0.24762
   2038.3   0.24768
   2039.1   0.24770
   2039.9   0.24772
   2040.7   0.24776
   2041.5   0.24779
   2042.3   0.24784
   2043.1   0.24790
   2043.9   0.24794
   2044.7   0.24798
   2045.5   0.24799
   2046.3   0.24807
   2047.1   0.24813
   2047.9   0.24813
   2048.7   0.24814
   2049.5   0.24817
   2050.4   0.24820
   2051.2   0.24827
   2052.0   0.24831
   2052.8   0.24834
   2053.6   0.24840
   2054.4   0.24847
   2055.2   0.24851
   2056.0   0.24852
   2056.9   0.24853
   2057.7   0.24854
   2058.5   0.24857
   2059.3   0.24861
   2060.1   0.24867
   2060.9   0.24870
   2061.8   0.24872
   2062.6   0.24884
   2063.4   0.24891
   2064.2   0.24893
   2065.1   0.24893
   2065.9   0.24895
   2066.7   0.24904
   2067.5   0.24909
   2068.3   0.24908
   2069.2   0.24915
   2070.0   0.24923
   2070.8   0.24923
   2071.6   0.24923
   2072.5   0.24925
   2073.3   0.24929
   2074.1   0.24934
   2075.0   0.24940
   2075.8   0.24945
   2076.6   0.24946
   2077.5   0.24952
   2078.3   0.24960
   2079.1   0.24965
   2080.0   0.24971
   2080.8   0.24973
   2081.6   0.24977
   2082.5   0.24983
   2083.3   0.24989
   2084.1   0.24990
   2085.0   0.24991
   2085.8   0.24998
   2086.6   0.25005
   2087.5   0.25007
   2088.3   0.25010
   2089.2   0.25016
   2090.0   0.25019
   2090.9   0.25018
   2091.7   0.25023
   2092.6   0.25030
   2093.4   0.25038
   2094.2   0.25044
   2095.1   0.25046
   2095.9   0.25049
   2096.8   0.25053
   2097.6   0.25061
   2098.5   0.25064
   2099.3   0.25064
   2100.2   0.25069
   2101.0   0.25075
   2101.9   0.25078
   2102.7   0.25086
   2103.6   0.25092
   2104.4   0.25096
   2105.3   0.25100
   2106.1   0.25101
   2107.0   0.25102
   2107.9   0.25109
   2108.7   0.25117
   2109.6   0.25120
   2110.4   0.25124
   2111.3   0.25131
   2112.1   0.25138
   2113.0   0.25140
   2113.9   0.25139
   2114.7   0.25144
   2115.6   0.25151
   2116.5   0.25158
   2117.3   0.25163
   2118.2   0.25169
   2119.1   0.25174
   2119.9   0.25179
   2120.8   0.25182
   2121.7   0.25184
   2122.5   0.25188
   2123.4   0.25193
   2124.3   0.25199
   2125.1   0.25205
   2126.0   0.25207
   2126.9   0.25212
   2127.8   0.25218
   2128.6   0.25224
   2129.5   0.25227
   2130.4   0.25229
   2131.3   0.25233
   2132.1   0.25241
   2133.0   0.25247
   2133.9   0.25249
   2134.8   0.25253
   2135.6   0.25256
   2136.5   0.25259
   2137.4   0.25263
   2138.3   0.25270
   2139.2   0.25275
   2140.1   0.25282
   2140.9   0.25291
   2141.8   0.25296
   2142.7   0.25297
   2143.6   0.25297
   2144.5   0.25303
   2145.4   0.25310
   2146.3   0.25316
   2147.1   0.25322
   2148.0   0.25326
   2148.9   0.25329
   2149.8   0.25333
   2150.7   0.25339
   2151.6   0.25346
   2152.5   0.25352
   2153.4   0.25359
   2154.3   0.25363
   2155.2   0.25366
   2156.1   0.25372
   2157.0   0.25376
   2157.9   0.25378
   2158.8   0.25383
   2159.7   0.25389
   2160.6   0.25394
   2161.5   0.25400
   2162.4   0.25405
   2163.3   0.25410
   2164.2   0.25415
   2165.1   0.25425
   2166.0   0.25429
   2166.9   0.25430
   2167.8   0.25436
   2168.7   0.25442
   2169.6   0.25446
   2170.5   0.25450
   2171.4   0.25452
   2172.3   0.25458
   2173.2   0.25467
   2174.1   0.25472
   2175.1   0.25473
   2176.0   0.25476
   2176.9   0.25483
   2177.8   0.25491
   2178.7   0.25498
   2179.6   0.25501
   2180.6   0.25505
   2181.5   0.25511
   2182.4   0.25517
   2183.3   0.25519
   2184.2   0.25522
   2185.1   0.25529
   2186.1   0.25539
   2187.0   0.25543
   2187.9   0.25543
   2188.8   0.25549
   2189.8   0.25552
   2190.7   0.25554
   2191.6   0.25562
   2192.5   0.25567
   2193.5   0.25572
   2194.4   0.25585
   2195.3   0.25590
   2196.3   0.25593
   2197.2   0.25600
   2198.1   0.25605
   2199.1   0.25609
   2200.0   0.25614
   2200.9   0.25619
   2201.9   0.25621
   2202.8   0.25626
   2203.7   0.25633
   2204.7   0.25638
   2205.6   0.25641
   2206.5   0.25645
   2207.5   0.25649
   2208.4   0.25659
   2209.4   0.25665
   2210.3   0.25670
   2211.2   0.25675
   2212.2   0.25677
   2213.1   0.25685
   2214.1   0.25694
   2215.0   0.25696
   2216.0   0.25699
   2216.9   0.25702
   2217.9   0.25707
   2218.8   0.25716
   2219.8   0.25725
   2220.7   0.25728
   2221.7   0.25731
   2222.6   0.25738
   2223.6   0.25742
   2224.5   0.25749
   2225.5   0.25755
   2226.4   0.25759
   2227.4   0.25763
   2228.4   0.25768
   2229.3   0.25771
   2230.3   0.25774
   2231.2   0.25781
   2232.2   0.25790
   2233.1   0.25796
   2234.1   0.25799
   2235.1   0.25804
   2236.0   0.25810
   2237.0   0.25814
   2238.0   0.25819
   2238.9   0.25825
   2239.9   0.25829
   2240.9   0.25833
   2241.8   0.25839
   2242.8   0.25846
   2243.8   0.25851
   2244.8   0.25857
   2245.7   0.25860
   2246.7   0.25865
   2247.7   0.25869
   2248.6   0.25872
   2249.6   0.25875
   2250.6   0.25881
   2251.6   0.25889
   2252.6   0.25894
   2253.5   0.25898
   2254.5   0.25907
   2255.5   0.25914
   2256.5   0.25917
   2257.5   0.25921
   2258.4   0.25925
   2259.4   0.25927
   2260.4   0.25930
   2261.4   0.25937
   2262.4   0.25944
   2263.4   0.25948
   2264.4   0.25955
   2265.4   0.25962
   2266.3   0.25967
   2267.3   0.25974
   2268.3   0.25976
   2269.3   0.25980
   2270.3   0.25985
   2271.3   0.25991
   2272.3   0.25997
   2273.3   0.26002
   2274.3   0.26009
   2275.3   0.26013
   2276.3   0.26015
   2277.3   0.26021
   2278.3   0.26028
   2279.3   0.26034
   2280.3   0.26039
   2281.3   0.26046
   2282.3   0.26050
   2283.3   0.26056
   2284.3   0.26065
   2285.3   0.26066
   2286.3   0.26068
   2287.3   0.26076
   2288.3   0.26079
   2289.4   0.26086
   2290.4   0.26090
   2291.4   0.26093
   2292.4   0.26098
   2293.4   0.26102
   2294.4   0.26108
   2295.4   0.26116
   2296.4   0.26126
   2297.5   0.26131
   2298.5   0.26132
   2299.5   0.26136
   2300.5   0.26144
   2301.6   0.26152
   2302.6   0.26159
   2303.6   0.26164
   2304.6   0.26171
   2305.6   0.26178
   2306.7   0.26181
   2307.7   0.26183
   2308.7   0.26190
   2309.8   0.26199
   2310.8   0.26204
   2311.8   0.26207
   2312.8   0.26213
   2313.9   0.26219
   2314.9   0.26221
   2315.9   0.26223
   2317.0   0.26230
   2318.0   0.26238
   2319.1   0.26245
   2320.1   0.26251
   2321.1   0.26256
   2322.2   0.26261
   2323.2   0.26266
   2324.3   0.26273
   2325.3   0.26279
   2326.3   0.26284
   2327.4   0.26288
   2328.4   0.26294
   2329.5   0.26302
   2330.5   0.26304
   2331.6   0.26310
   2332.6   0.26320
   2333.7   0.26323
   2334.7   0.26326
   2335.8   0.26334
   2336.8   0.26341
   2337.9   0.26349
   2338.9   0.26355
   2340.0   0.26360
   2341.0   0.26364
   2342.1   0.26372
   2343.1   0.26378
   2344.2   0.26381
   2345.3   0.26384
   2346.3   0.26392
   2347.4   0.26399
   2348.5   0.26401
   2349.5   0.26406
   2350.6   0.26410
   2351.7   0.26414
   2352.7   0.26421
   2353.8   0.26420
   2354.9   0.26424
   2355.9   0.26434
   2357.0   0.26443
   2358.1   0.26449
   2359.1   0.26454
   2360.2   0.26460
   2361.3   0.26466
   2362.4   0.26469
   2363.4   0.26476
   2364.5   0.26481
   2365.6   0.26488
   2366.7   0.26496
   2367.8   0.26498
   2368.9   0.26501
   2369.9   0.26509
   2371.0   0.26514
   2372.1   0.26518
   2373.2   0.26522
   2374.3   0.26530
   2375.4   0.26534
   2376.4   0.26535
   2377.5   0.26542
   2378.6   0.26549
   2379.7   0.26553
   2380.8   0.26562
   2381.9   0.26570
   2383.0   0.26570
   2384.1   0.26574
   2385.2   0.26582
   2386.3   0.26589
   2387.4   0.26593
   2388.5   0.26596
   2389.6   0.26597
   2390.7   0.26601
   2391.8   0.26613
   2392.9   0.26622
   2394.0   0.26626
   2395.1   0.26634
   2396.2   0.26638
   2397.3   0.26641
   2398.4   0.26648
   2399.5   0.26651
   2400.6   0.26652
   2401.8   0.26658
   2402.9   0.26668
   2404.0   0.26675
   2405.1   0.26679
   2406.2   0.26683
   2407.3   0.26691
   2408.5   0.26700
   2409.6   0.26707
   2410.7   0.26712
   2411.8   0.26718
   2412.9   0.26722
   2414.1   0.26724
   2415.2   0.26731
   2416.3   0.26737
   2417.4   0.26742
   2418.6   0.26748
   2419.7   0.26755
   2420.8   0.26756
   2422.0   0.26757
   2423.1   0.26764
   2424.2   0.26774
   2425.4   0.26783
   2426.5   0.26784
   2427.6   0.26787
   2428.8   0.26795
   2429.9   0.26801
   2431.1   0.26804
   2432.2   0.26808
   2433.3   0.26815
   2434.5   0.26823
   2435.6   0.26827
   2436.8   0.26834
   2437.9   0.26842
   2439.1   0.26848
   2440.2   0.26847
   2441.4   0.26848
   2442.5   0.26854
   2443.6   0.26862
   2444.8   0.26869
   2445.9   0.26877
   2447.1   0.26884
   2448.3   0.26887
   2449.4   0.26890
   2450.6   0.26893
   2451.7   0.26897
   2452.9   0.26902
   2454.1   0.26906
   2455.2   0.26915
   2456.4   0.26925
   2457.6   0.26927
   2458.7   0.26926
   2459.9   0.26936
   2461.1   0.26944
   2462.2   0.26947
   2463.4   0.26953
   2464.6   0.26955
   2465.7   0.26961
   2466.9   0.26970
   2468.1   0.26976
   2469.3   0.26977
   2470.4   0.26981
   2471.6   0.26987
   2472.8   0.26992
   2474.0   0.26994
   2475.1   0.26997
   2476.3   0.27004
   2477.5   0.27012
   2478.7   0.27018
   2479.9   0.27023
   2481.1   0.27027
   2482.3   0.27032
   2483.4   0.27038
   2484.6   0.27040
   2485.8   0.27044
   2487.0   0.27053
   2488.2   0.27059
   2489.4   0.27064
   2490.6   0.27069
   2491.8   0.27077
   2493.0   0.27082
   2494.2   0.27085
   2495.4   0.27086
   2496.6   0.27092
   2497.8   0.27100
   2499.0   0.27104
   2500.2   0.27109
   2501.4   0.27112
   2502.6   0.27119
   2503.8   0.27128
   2505.0   0.27131
   2506.3   0.27138
   2507.5   0.27145
   2508.7   0.27147
   2509.9   0.27156
   2511.1   0.27163
   2512.3   0.27164
   2513.5   0.27165
   2514.8   0.27169
   2516.0   0.27175
   2517.2   0.27182
   2518.4   0.27186
   2519.6   0.27192
   2520.9   0.27198
   2522.1   0.27202
   2523.3   0.27206
   2524.6   0.27214
   2525.8   0.27221
   2527.0   0.27226
   2528.2   0.27232
   2529.5   0.27237
   2530.7   0.27241
   2531.9   0.27246
   2533.2   0.27248
   2534.4   0.27250
   2535.7   0.27253
   2536.9   0.27260
   2538.1   0.27266
   2539.4   0.27272
   2540.6   0.27278
   2541.9   0.27278
   2543.1   0.27283
   2544.4   0.27292
   2545.6   0.27298
   2546.9   0.27299
   2548.1   0.27304
   2549.4   0.27311
   2550.6   0.27318
   2551.9   0.27330
   2553.1   0.27336
   2554.4   0.27339
   2555.6   0.27345
   2556.9   0.27352
   2558.2   0.27349
   2559.4   0.27350
   2560.7   0.27356
   2562.0   0.27366
   2563.2   0.27376
   2564.5   0.27374
   2565.8   0.27380
   2567.0   0.27389
   2568.3   0.27390
   2569.6   0.27393
   2570.9   0.27406
   2572.1   0.27408
   2573.4   0.27404
   2574.7   0.27411
   2576.0   0.27416
   2577.3   0.27422
   2578.5   0.27428
   2579.8   0.27434
   2581.1   0.27446
   2582.4   0.27450
   2583.7   0.27448
   2585.0   0.27459
   2586.2   0.27465
   2587.5   0.27467
   2588.8   0.27473
   2590.1   0.27479
   2591.4   0.27487
   2592.7   0.27486
   2594.0   0.27482
   2595.3   0.27494
   2596.6   0.27506
   2597.9   0.27510
   2599.2   0.27515
   2600.5   0.27514
   2601.8   0.27517
   2603.1   0.27526
   2604.4   0.27525
   2605.7   0.27527
   2607.1   0.27535
   2608.4   0.27535
   2609.7   0.27540
   2611.0   0.27550
   2612.3   0.27550
   2613.6   0.27552
   2614.9   0.27557
   2616.3   0.27557
   2617.6   0.27565
   2618.9   0.27571
   2620.2   0.27575
   2621.6   0.27579
   2622.9   0.27578
   2624.2   0.27582
   2625.5   0.27587
   2626.9   0.27593
   2628.2   0.27599
   2629.5   0.27594
   2630.9   0.27603
   2632.2   0.27612
   2633.5   0.27613
   2634.9   0.27616
   2636.2   0.27617
   2637.6   0.27616
   2638.9   0.27618
   2640.2   0.27619
   2641.6   0.27617
   2642.9   0.27623
   2644.3   0.27632
   2645.6   0.27632
   2647.0   0.27633
   2648.3   0.27633
   2649.7   0.27638
   2651.0   0.27641
   2652.4   0.27643
   2653.8   0.27645
   2655.1   0.27648
   2656.5   0.27653
   2657.8   0.27654
   2659.2   0.27652
   2660.6   0.27657
   2661.9   0.27661
   2663.3   0.27658
   2664.7   0.27656
   2666.0   0.27657
   2667.4   0.27660
   2668.8   0.27652
   2670.1   0.27633
   2671.5   0.27625
   2672.9   0.27601
   2674.3   0.27583
   2675.6   0.27578
   2677.0   0.27575
   2678.4   0.27567
   2679.8   0.27567
   2681.2   0.27569
   2682.6   0.27565
   2684.0   0.27563
   2685.4   0.27561
   2686.8   0.27557
   2688.1   0.27557
   2689.5   0.27555
   2690.9   0.27548
   2692.3   0.27540
   2693.7   0.27540
   2695.1   0.27546
   2696.5   0.27543
   2697.9   0.27542
   2699.3   0.27540
   2700.7   0.27534
   2702.1   0.27527
   2703.6   0.27524
   2705.0   0.27514
   2706.4   0.27499
   2707.8   0.27485
   2709.2   0.27478
   2710.6   0.27465
   2712.0   0.27459
   2713.5   0.27454
   2714.9   0.27444
   2716.3   0.27430
   2717.7   0.27416
   2719.1   0.27398
   2720.6   0.27380
   2722.0   0.27366
   2723.4   0.27342
   2724.9   0.27322
   2726.3   0.27298
   2727.7   0.27273
   2729.2   0.27250
   2730.6   0.27230
   2732.0   0.27210
   2733.5   0.27184
   2734.9   0.27158
   2736.4   0.27132
   2737.8   0.27098
   2739.3   0.27071
   2740.7   0.27052
   2742.2   0.27027
   2743.6   0.26996
   2745.1   0.26964
   2746.5   0.26935
   2748.0   0.26901
   2749.4   0.26868
   2750.9   0.26836
   2752.3   0.26805
   2753.8   0.26772
   2755.3   0.26737
   2756.7   0.26711
   2758.2   0.26678
   2759.7   0.26639
   2761.1   0.26605
   2762.6   0.26572
   2764.1   0.26538
   2765.6   0.26502
   2767.0   0.26468
   2768.5   0.26437
   2770.0   0.26408
   2771.5   0.26377
   2772.9   0.26348
   2774.4   0.26319
   2775.9   0.26296
   2777.4   0.26271
   2778.9   0.26245
   2780.4   0.26219
   2781.9   0.26194
   2783.4   0.26170
   2784.9   0.26146
   2786.4   0.26124
   2787.9   0.26101
   2789.4   0.26075
   2790.9   0.26048
   2792.4   0.26023
   2793.9   0.26005
   2795.4   0.25982
   2796.9   0.25958
   2798.4   0.25939
   2799.9   0.25920
   2801.4   0.25903
   2802.9   0.25885
   2804.4   0.25866
   2806.0   0.25850
   2807.5   0.25835
   2809.0   0.25820
   2810.5   0.25803
   2812.1   0.25789
   2813.6   0.25784
   2815.1   0.25774
   2816.6   0.25761
   2818.2   0.25750
   2819.7   0.25735
   2821.2   0.25724
   2822.8   0.25716
   2824.3   0.25706
   2825.8   0.25690
   2827.4   0.25681
   2828.9   0.25677
   2830.5   0.25668
   2832.0   0.25659
   2833.6   0.25646
   2835.1   0.25638
   2836.7   0.25633
   2838.2   0.25624
   2839.8   0.25616
   2841.3   0.25615
   2842.9   0.25609
   2844.4   0.25600
   2846.0   0.25591
   2847.6   0.25584
   2849.1   0.25579
   2850.7   0.25574
   2852.3   0.25569
   2853.8   0.25560
   2855.4   0.25556
   2857.0   0.25550
   2858.6   0.25540
   2860.1   0.25535
   2861.7   0.25533
   2863.3   0.25531
   2864.9   0.25525
   2866.4   0.25519
   2868.0   0.25517
   2869.6   0.25512
   2871.2   0.25505
   2872.8   0.25504
   2874.4   0.25505
   2876.0   0.25502
   2877.6   0.25495
   2879.2   0.25490
   2880.8   0.25490
   2882.4   0.25488
   2884.0   0.25485
   2885.6   0.25481
   2887.2   0.25471
   2888.8   0.25463
   2890.4   0.25465
   2892.0   0.25468
   2893.6   0.25466
   2895.3   0.25461
   2896.9   0.25456
   2898.5   0.25451
   2900.1   0.25448
   2901.7   0.25451
   2903.4   0.25451
   2905.0   0.25449
   2906.6   0.25450
   2908.3   0.25444
   2909.9   0.25439
   2911.5   0.25442
   2913.1   0.25440
   2914.8   0.25439
   2916.4   0.25442
   2918.1   0.25444
   2919.7   0.25439
   2921.4   0.25438
   2923.0   0.25442
   2924.7   0.25447
   2926.3   0.25450
   2928.0   0.25448
   2929.6   0.25447
   2931.3   0.25442
   2932.9   0.25440
   2934.6   0.25444
   2936.3   0.25449
   2937.9   0.25452
   2939.6   0.25455
   2941.2   0.25454
   2942.9   0.25453
   2944.6   0.25454
   2946.3   0.25457
   2947.9   0.25460
   2949.6   0.25465
   2951.3   0.25469
   2953.0   0.25467
   2954.6   0.25471
   2956.3   0.25473
   2958.0   0.25475
   2959.7   0.25481
   2961.4   0.25491
   2963.1   0.25492
   2964.8   0.25490
   2966.5   0.25493
   2968.2   0.25500
   2969.9   0.25503
   2971.6   0.25507
   2973.3   0.25516
   2975.0   0.25523
   2976.7   0.25530
   2978.4   0.25534
   2980.1   0.25538
   2981.8   0.25543
   2983.6   0.25552
   2985.3   0.25559
   2987.0   0.25568
   2988.7   0.25577
   2990.4   0.25583
   2992.2   0.25591
   2993.9   0.25600
   2995.6   0.25606
   2997.4   0.25611
   2999.1   0.25617
   3000.8   0.25624
   3002.6   0.25628
   3004.3   0.25637
   3006.0   0.25650
   3007.8   0.25663
   3009.5   0.25672
   3011.3   0.25677
   3013.0   0.25681
   3014.8   0.25692
   3016.5   0.25702
   3018.3   0.25707
   3020.0   0.25712
   3021.8   0.25721
   3023.6   0.25731
   3025.3   0.25734
   3027.1   0.25738
   3028.9   0.25750
   3030.6   0.25762
   3032.4   0.25767
   3034.2   0.25779
   3036.0   0.25791
   3037.7   0.25802
   3039.5   0.25805
   3041.3   0.25808
   3043.1   0.25813
   3044.9   0.25813
   3046.7   0.25820
   3048.4   0.25829
   3050.2   0.25834
   3052.0   0.25836
   3053.8   0.25841
   3055.6   0.25855
   3057.4   0.25862
   3059.2   0.25864
   3061.1   0.25864
   3062.9   0.25866
   3064.7   0.25872
   3066.5   0.25883
   3068.3   0.25894
   3070.1   0.25894
   3071.9   0.25897
   3073.8   0.25907
   3075.6   0.25915
   3077.4   0.25915
   3079.2   0.25916
   3081.1   0.25925
   3082.9   0.25940
   3084.7   0.25949
   3086.6   0.25953
   3088.4   0.25960
   3090.2   0.25967
   3092.1   0.25970
   3093.9   0.25984
   3095.8   0.25996
   3097.6   0.26002
   3099.5   0.26010
   3101.3   0.26015
   3103.2   0.26021
   3105.0   0.26030
   3106.9   0.26035
   3108.8   0.26042
   3110.6   0.26055
   3112.5   0.26071
   3114.4   0.26082
   3116.2   0.26088
   3118.1   0.26090
   3120.0   0.26099
   3121.9   0.26109
   3123.7   0.26120
   3125.6   0.26131
   3127.5   0.26132
   3129.4   0.26135
   3131.3   0.26143
   3133.2   0.26151
   3135.1   0.26164
   3137.0   0.26183
   3138.9   0.26198
   3140.8   0.26201
   3142.7   0.26210
   3144.6   0.26224
   3146.5   0.26233
   3148.4   0.26236
   3150.3   0.26246
   3152.2   0.26262
   3154.1   0.26275
   3156.1   0.26285
   3158.0   0.26294
   3159.9   0.26300
   3161.8   0.26310
   3163.8   0.26324
   3165.7   0.26336
   3167.6   0.26348
   3169.6   0.26359
   3171.5   0.26365
   3173.4   0.26373
   3175.4   0.26385
   3177.3   0.26399
   3179.3   0.26408
   3181.2   0.26414
   3183.2   0.26425
   3185.1   0.26444
   3187.1   0.26454
   3189.1   0.26459
   3191.0   0.26468
   3193.0   0.26483
   3194.9   0.26499
   3196.9   0.26510
   3198.9   0.26515
   3200.9   0.26525
   3202.9   0.26536
   3204.8   0.26552
   3206.8   0.26566
   3208.8   0.26574
   3210.8   0.26584
   3212.8   0.26596
   3214.8   0.26605
   3216.8   0.26615
   3218.8   0.26628
   3220.8   0.26642
   3222.8   0.26656
   3224.8   0.26666
   3226.8   0.26675
   3228.8   0.26687
   3230.8   0.26694
   3232.8   0.26707
   3234.8   0.26725
   3236.8   0.26736
   3238.9   0.26747
   3240.9   0.26757
   3242.9   0.26766
   3244.9   0.26777
   3247.0   0.26783
   3249.0   0.26789
   3251.0   0.26799
   3253.1   0.26806
   3255.1   0.26819
   3257.2   0.26833
   3259.2   0.26844
   3261.3   0.26859
   3263.3   0.26868
   3265.4   0.26876
   3267.4   0.26888
   3269.5   0.26898
   3271.6   0.26904
   3273.6   0.26915
   3275.7   0.26930
   3277.8   0.26943
   3279.8   0.26951
   3281.9   0.26965
   3284.0   0.26975
   3286.1   0.26981
   3288.1   0.26992
   3290.2   0.26994
   3292.3   0.27002
   3294.4   0.27015
   3296.5   0.27025
   3298.6   0.27036
   3300.7   0.27039
   3302.8   0.27045
   3304.9   0.27061
   3307.0   0.27071
   3309.1   0.27080
   3311.2   0.27091
   3313.4   0.27091
   3315.5   0.27097
   3317.6   0.27107
   3319.7   0.27111
   3321.9   0.27124
   3324.0   0.27136
   3326.1   0.27140
   3328.3   0.27150
   3330.4   0.27159
   3332.5   0.27163
   3334.7   0.27167
   3336.8   0.27178
   3339.0   0.27187
   3341.1   0.27189
   3343.3   0.27196
   3345.4   0.27204
   3347.6   0.27203
   3349.8   0.27200
   3351.9   0.27206
   3354.1   0.27210
   3356.3   0.27213
   3358.4   0.27217
   3360.6   0.27222
   3362.8   0.27218
   3365.0   0.27209
   3367.1   0.27209
   3369.3   0.27206
   3371.5   0.27208
   3373.7   0.27213
   3375.9   0.27210
   3378.1   0.27213
   3380.3   0.27233
   3382.5   0.27252
   3384.7   0.27264
   3386.9   0.27277
   3389.1   0.27286
   3391.4   0.27298
   3393.6   0.27310
   3395.8   0.27311
   3398.0   0.27312
   3400.3   0.27319
   3402.5   0.27324
   3404.7   0.27328
   3407.0   0.27337
   3409.2   0.27343
   3411.4   0.27347
   3413.7   0.27354
   3415.9   0.27365
   3418.2   0.27381
   3420.4   0.27394
   3422.7   0.27406
   3425.0   0.27417
   3427.2   0.27428
   3429.5   0.27434
   3431.8   0.27444
   3434.0   0.27464
   3436.3   0.27478
   3438.6   0.27480
   3440.9   0.27493
   3443.2   0.27507
   3445.4   0.27512
   3447.7   0.27519
   3450.0   0.27532
   3452.3   0.27541
   3454.6   0.27551
   3456.9   0.27561
   3459.2   0.27572
   3461.6   0.27577
   3463.9   0.27582
   3466.2   0.27594
   3468.5   0.27599
   3470.8   0.27595
   3473.1   0.27597
   3475.5   0.27605
   3477.8   0.27617
   3480.1   0.27620
   3482.5   0.27623
   3484.8   0.27631
   3487.2   0.27643
   3489.5   0.27654
   3491.9   0.27662
   3494.2   0.27664
   3496.6   0.27666
   3498.9   0.27678
   3501.3   0.27688
   3503.6   0.27702
   3506.0   0.27717
   3508.4   0.27728
   3510.8   0.27743
   3513.1   0.27749
   3515.5   0.27751
   3517.9   0.27760
   3520.3   0.27773
   3522.7   0.27793
   3525.1   0.27808
   3527.5   0.27812
   3529.9   0.27817
   3532.3   0.27835
   3534.7   0.27847
   3537.1   0.27847
   3539.5   0.27854
   3541.9   0.27863
   3544.4   0.27866
   3546.8   0.27878
   3549.2   0.27877
   3551.6   0.27875
   3554.1   0.27887
   3556.5   0.27896
   3559.0   0.27900
   3561.4   0.27906
   3563.9   0.27908
   3566.3   0.27912
   3568.8   0.27922
   3571.2   0.27931
   3573.7   0.27938
   3576.1   0.27940
   3578.6   0.27937
   3581.1   0.27934
   3583.6   0.27947
   3586.0   0.27958
   3588.5   0.27963
   3591.0   0.27964
   3593.5   0.27968
   3596.0   0.27972
   3598.5   0.27978
   3601.0   0.27994
   3603.5   0.28001
   3606.0   0.28001
   3608.5   0.28004
   3611.0   0.28008
   3613.5   0.28011
   3616.0   0.28007
   3618.6   0.28014
   3621.1   0.28028
   3623.6   0.28033
   3626.1   0.28029
   3628.7   0.28030
   3631.2   0.28036
   3633.8   0.28043
   3636.3   0.28045
   3638.9   0.28044
   3641.4   0.28046
   3644.0   0.28058
   3646.6   0.28067
   3649.1   0.28068
   3651.7   0.28068
   3654.3   0.28070
   3656.9   0.28074
   3659.4   0.28080
   3662.0   0.28086
   3664.6   0.28089
   3667.2   0.28090
   3669.8   0.28098
   3672.4   0.28105
   3675.0   0.28109
   3677.6   0.28114
   3680.2   0.28121
   3682.8   0.28126
   3685.4   0.28129
   3688.1   0.28132
   3690.7   0.28135
   3693.3   0.28141
   3695.9   0.28147
   3698.6   0.28153
   3701.2   0.28157
   3703.9   0.28162
   3706.5   0.28166
   3709.2   0.28168
   3711.8   0.28172
   3714.5   0.28178
   3717.1   0.28182
   3719.8   0.28185
   3722.5   0.28187
   3725.2   0.28189
   3727.8   0.28195
   3730.5   0.28202
   3733.2   0.28207
   3735.9   0.28213
   3738.6   0.28213
   3741.3   0.28216
   3744.0   0.28221
   3746.7   0.28225
   3749.4   0.28228
   3752.1   0.28233
   3754.8   0.28235
   3757.6   0.28238
   3760.3   0.28242
   3763.0   0.28245
   3765.7   0.28247
   3768.5   0.28249
   3771.2   0.28253
   3774.0   0.28256
   3776.7   0.28257
   3779.5   0.28260
   3782.2   0.28261
   3785.0   0.28261
   3787.7   0.28262
   3790.5   0.28267
   3793.3   0.28270
   3796.1   0.28271
   3798.8   0.28273
   3801.6   0.28274
   3804.4   0.28274
   3807.2   0.28277
   3810.0   0.28281
   3812.8   0.28283
   3815.6   0.28283
   3818.4   0.28283
   3821.2   0.28284
   3824.1   0.28288
   3826.9   0.28290
   3829.7   0.28292
   3832.5   0.28293
   3835.4   0.28294
   3838.2   0.28294
   3841.1   0.28292
   3843.9   0.28293
   3846.8   0.28294
   3849.6   0.28292
   3852.5   0.28293
   3855.3   0.28297
   3858.2   0.28300
   3861.1   0.28298
   3863.9   0.28298
   3866.8   0.28299
   3869.7   0.28298
   3872.6   0.28296
   3875.5   0.28299
   3878.4   0.28300
   3881.3   0.28299
   3884.2   0.28298
   3887.1   0.28297
   3890.0   0.28296
   3893.0   0.28296
   3895.9   0.28295
   3898.8   0.28296
   3901.7   0.28296
   3904.7   0.28294
   3907.6   0.28294
   3910.6   0.28295
   3913.5   0.28294
   3916.5   0.28293
   3919.4   0.28291
   3922.4   0.28291
   3925.4   0.28291
   3928.4   0.28289
   3931.3   0.28287
   3934.3   0.28283
   3937.3   0.28281
   3940.3   0.28281
   3943.3   0.28280
   3946.3   0.28276
   3949.3   0.28271
   3952.3   0.28270
   3955.3   0.28269
   3958.3   0.28266
   3961.4   0.28265
   3964.4   0.28263
   3967.4   0.28258
   3970.5   0.28254
   3973.5   0.28251
   3976.6   0.28252
   3979.6   0.28250
   3982.6   0.28246
   3985.7   0.28242
   3988.8   0.28239
   3991.9   0.28235
   3994.9   0.28232
   3998.0   0.28230
   4001.1   0.28228
   4004.2   0.28224
   4007.3   0.28219
   4010.4   0.28217
   4013.5   0.28215
   4016.6   0.28213
   4019.7   0.28209
   4022.8   0.28203
   4025.9   0.28201
   4029.1   0.28200
   4032.2   0.28199
   4035.3   0.28197
   4038.5   0.28194
   4041.6   0.28189
   4044.8   0.28187
   4047.9   0.28186
   4051.1   0.28184
   4054.3   0.28182
   4057.4   0.28178
   4060.6   0.28174
   4063.8   0.28172
   4067.0   0.28168
   4070.2   0.28163
   4073.4   0.28159
   4076.6   0.28158
   4079.8   0.28157
   4083.0   0.28154
   4086.2   0.28152
   4089.4   0.28147
   4092.7   0.28141
   4095.9   0.28136
   4099.1   0.28131
   4102.4   0.28126
   4105.6   0.28121
   4108.9   0.28116
   4112.1   0.28113
   4115.4   0.28108
   4118.7   0.28101
   4122.0   0.28097
   4125.2   0.28091
   4128.5   0.28087
   4131.8   0.28083
   4135.1   0.28078
   4138.4   0.28072
   4141.7   0.28065
   4145.0   0.28061
   4148.3   0.28059
   4151.6   0.28053
   4155.0   0.28046
   4158.3   0.28039
   4161.6   0.28036
   4165.0   0.28032
   4168.3   0.28025
   4171.7   0.28019
   4175.0   0.28016
   4178.4   0.28009
   4181.8   0.28002
   4185.2   0.27997
   4188.5   0.27992
   4191.9   0.27986
   4195.3   0.27979
   4198.7   0.27975
   4202.1   0.27971
   4205.5   0.27965
   4208.9   0.27957
   4212.4   0.27949
   4215.8   0.27943
   4219.2   0.27934
   4222.6   0.27926
   4226.1   0.27915
   4229.5   0.27905
   4233.0   0.27896
   4236.5   0.27888
   4239.9   0.27880
   4243.4   0.27870
   4246.9   0.27861
   4250.3   0.27850
   4253.8   0.27838
   4257.3   0.27826
   4260.8   0.27809
   4264.3   0.27793
   4267.8   0.27775
   4271.3   0.27760
   4274.9   0.27744
   4278.4   0.27726
   4281.9   0.27706
   4285.5   0.27686
   4289.0   0.27664
   4292.6   0.27642
   4296.1   0.27621
   4299.7   0.27600
   4303.3   0.27573
   4306.8   0.27549
   4310.4   0.27527
   4314.0   0.27507
   4317.6   0.27484
   4321.2   0.27462
   4324.8   0.27439
   4328.4   0.27421
   4332.0   0.27403
   4335.6   0.27383
   4339.3   0.27361
   4342.9   0.27341
   4346.5   0.27321
   4350.2   0.27304
   4353.8   0.27285
   4357.5   0.27266
   4361.1   0.27248
   4364.8   0.27229
   4368.5   0.27212
   4372.2   0.27194
   4375.9   0.27175
   4379.6   0.27157
   4383.3   0.27140
   4387.0   0.27123
   4390.7   0.27106
   4394.4   0.27093
   4398.1   0.27077
   4401.9   0.27063
   4405.6   0.27049
   4409.4   0.27038
   4413.1   0.27029
   4416.9   0.27018
   4420.6   0.27009
   4424.4   0.27002
   4428.2   0.26994
   4432.0   0.26986
   4435.8   0.26978
   4439.6   0.26971
   4443.4   0.26963
   4447.2   0.26954
   4451.0   0.26943
   4454.8   0.26933
   4458.6   0.26923
   4462.5   0.26912
   4466.3   0.26900
   4470.2   0.26888
   4474.0   0.26875
   4477.9   0.26861
   4481.8   0.26845
   4485.6   0.26829
   4489.5   0.26812
   4493.4   0.26795
   4497.3   0.26776
   4501.2   0.26757
   4505.1   0.26735
   4509.0   0.26715
   4513.0   0.26692
   4516.9   0.26667
   4520.8   0.26644
   4524.8   0.26619
   4528.7   0.26590
   4532.7   0.26561
   4536.7   0.26531
   4540.6   0.26500
   4544.6   0.26466
   4548.6   0.26433
   4552.6   0.26401
   4556.6   0.26365
   4560.6   0.26327
   4564.6   0.26291
   4568.6   0.26253
   4572.7   0.26211
   4576.7   0.26169
   4580.8   0.26129
   4584.8   0.26085
   4588.9   0.26042
   4592.9   0.25996
   4597.0   0.25949
   4601.1   0.25900
   4605.2   0.25847
   4609.3   0.25793
   4613.4   0.25740
   4617.5   0.25686
   4621.6   0.25631
   4625.7   0.25573
   4629.8   0.25515
   4634.0   0.25455
   4638.1   0.25399
   4642.3   0.25345
   4646.4   0.25294
   4650.6   0.25245
   4654.8   0.25198
   4659.0   0.25151
   4663.1   0.25108
   4667.3   0.25065
   4671.5   0.25020
   4675.8   0.24974
   4680.0   0.24928
   4684.2   0.24883
   4688.4   0.24837
   4692.7   0.24789
   4696.9   0.24744
   4701.2   0.24696
   4705.5   0.24650
   4709.7   0.24604
   4714.0   0.24557
   4718.3   0.24511
   4722.6   0.24465
   4726.9   0.24419
   4731.2   0.24372
   4735.5   0.24323
   4739.9   0.24276
   4744.2   0.24228
   4748.5   0.24181
   4752.9   0.24137
   4757.3   0.24097
   4761.6   0.24054
   4766.0   0.24009
   4770.4   0.23965
   4774.8   0.23923
   4779.2   0.23880
   4783.6   0.23840
   4788.0   0.23800
   4792.4   0.23757
   4796.9   0.23713
   4801.3   0.23667
   4805.8   0.23620
   4810.2   0.23576
   4814.7   0.23529
   4819.1   0.23478
   4823.6   0.23426
   4828.1   0.23378
   4832.6   0.23327
   4837.1   0.23275
   4841.6   0.23220
   4846.2   0.23167
   4850.7   0.23112
   4855.3   0.23059
   4859.8   0.23005
   4864.4   0.22951
   4868.9   0.22892
   4873.5   0.22834
   4878.1   0.22775
   4882.7   0.22713
   4887.3   0.22652
   4891.9   0.22590
   4896.5   0.22528
   4901.1   0.22463
   4905.8   0.22395
   4910.4   0.22328
   4915.1   0.22259
   4919.7   0.22192
   4924.4   0.22127
   4929.1   0.22063
   4933.8   0.21997
   4938.5   0.21932
   4943.2   0.21870
   4947.9   0.21810
   4952.6   0.21751
   4957.4   0.21694
   4962.1   0.21638
   4966.9   0.21582
   4971.6   0.21525
   4976.4   0.21475
   4981.2   0.21422
   4986.0   0.21369
   4990.8   0.21316
   4995.6   0.21268
   5000.4   0.21218
   5005.2   0.21166
   5010.0   0.21113
   5014.9   0.21062
   5019.8   0.21011
   5024.6   0.20957
   5029.5   0.20901
   5034.4   0.20850
   5039.3   0.20795
   5044.2   0.20742
   5049.1   0.20690
   5054.0   0.20634
   5058.9   0.20579
   5063.9   0.20528
   5068.8   0.20477
   5073.8   0.20428
   5078.8   0.20378
   5083.7   0.20329
   5088.7   0.20278
   5093.7   0.20227
   5098.7   0.20176
   5103.7   0.20123
   5108.8   0.20067
   5113.8   0.20011
   5118.9   0.19953
   5123.9   0.19892
   5129.0   0.19829
   5134.1   0.19765
   5139.1   0.19697
   5144.3   0.19631
   5149.4   0.19567
   5154.5   0.19503
   5159.6   0.19440
   5164.7   0.19384
   5169.9   0.19325
   5175.0   0.19267
   5180.2   0.19214
   5185.4   0.19165
   5190.6   0.19115
   5195.8   0.19068
   5201.0   0.19022
   5206.2   0.18978
   5211.5   0.18935
   5216.7   0.18892
   5222.0   0.18844
   5227.2   0.18800
   5232.5   0.18759
   5237.8   0.18717
   5243.1   0.18669
   5248.4   0.18623
   5253.7   0.18579
   5259.0   0.18532
   5264.4   0.18482
   5269.7   0.18437
   5275.1   0.18392
   5280.5   0.18348
   5285.8   0.18305
   5291.2   0.18265
   5296.6   0.18225
   5302.0   0.18186
   5307.5   0.18149
   5312.9   0.18118
   5318.4   0.18089
   5323.8   0.18059
   5329.3   0.18030
   5334.8   0.18003
   5340.3   0.17972
   5345.8   0.17938
   5351.3   0.17902
   5356.8   0.17860
   5362.4   0.17812
   5367.9   0.17763
   5373.5   0.17713
   5379.0   0.17664
   5384.6   0.17612
   5390.2   0.17557
   5395.8   0.17505
   5401.5   0.17455
   5407.1   0.17402
   5412.7   0.17354
   5418.4   0.17315
   5424.1   0.17278
   5429.7   0.17228
   5435.4   0.17185
   5441.1   0.17153
   5446.8   0.17125
   5452.6   0.17099
   5458.3   0.17083
   5464.1   0.17075
   5469.8   0.17066
   5475.6   0.17061
   5481.4   0.17063
   5487.2   0.17058
   5493.0   0.17061
   5498.8   0.17069
   5504.7   0.17077
   5510.5   0.17082
   5516.4   0.17089
   5522.3   0.17097
   5528.1   0.17100
   5534.0   0.17099
   5540.0   0.17099
   5545.9   0.17093
   5551.8   0.17084
   5557.8   0.17065
   5563.7   0.17038
   5569.7   0.17006
   5575.7   0.16977
   5581.7   0.16934
   5587.7   0.16871
   5593.7   0.16811
   5599.8   0.16761
   5605.8   0.16706
   5611.9   0.16647
   5618.0   0.16595
   5624.1   0.16545
   5630.2   0.16498
   5636.3   0.16466
   5642.4   0.16441
   5648.6   0.16399
   5654.7   0.16363
   5660.9   0.16337
   5667.1   0.16310
   5673.3   0.16299
   5679.5   0.16288
   5685.7   0.16273
   5692.0   0.16264
   5698.2   0.16254
   5704.5   0.16246
   5710.8   0.16245
   5717.1   0.16225
   5723.4   0.16200
   5729.7   0.16172
   5736.1   0.16146
   5742.4   0.16115
   5748.8   0.16083
   5755.1   0.16033
   5761.5   0.15993
   5768.0   0.15958
   5774.4   0.15885
   5780.8   0.15806
   5787.3   0.15733
   5793.7   0.15658
   5800.2   0.15588
   5806.7   0.15516
   5813.2   0.15447
   5819.7   0.15390
   5826.3   0.15320
   5832.8   0.15226
   5839.4   0.15137
   5846.0   0.15050
   5852.6   0.14973
   5859.2   0.14899
   5865.8   0.14823
   5872.5   0.14743
   5879.1   0.14688
   5885.8   0.14606
   5892.5   0.14517
   5899.2   0.14437
   5905.9   0.14333
   5912.6   0.14240
   5919.4   0.14157
   5926.2   0.14075
   5932.9   0.14010
   5939.7   0.13931
   5946.5   0.13821
   5953.4   0.13721
   5960.2   0.13629
   5967.1   0.13548
   5974.0   0.13463
   5980.8   0.13375
   5987.8   0.13304
   5994.7   0.13228
   6001.6   0.13151
   6008.6   0.13091
   6015.5   0.13045
   6022.5   0.12997
   6029.5   0.12961
   6036.5   0.12944
   6043.6   0.12956
   6050.6   0.12978
   6057.7   0.12953
   6064.8   0.12934
   6071.9   0.12944
   6079.0   0.12943
   6086.1   0.12932
   6093.3   0.12926
   6100.5   0.12922
   6107.6   0.12923
   6114.8   0.12927
   6122.1   0.12899
   6129.3   0.12867
   6136.5   0.12846
   6143.8   0.12827
   6151.1   0.12804
   6158.4   0.12788
   6165.7   0.12766
   6173.1   0.12744
   6180.4   0.12737
   6187.8   0.12734
   6195.2   0.12708
   6202.6   0.12690
   6210.0   0.12678
   6217.5   0.12670
   6225.0   0.12662
   6232.4   0.12656
   6239.9   0.12646
   6247.5   0.12638
   6255.0   0.12629
   6262.5   0.12620
   6270.1   0.12610
   6277.7   0.12603
   6285.3   0.12590
   6292.9   0.12576
   6300.6   0.12565
   6308.3   0.12554
   6315.9   0.12542
   6323.6   0.12534
   6331.4   0.12527
   6339.1   0.12537
   6346.9   0.12551
   6354.6   0.12535
   6362.4   0.12530
   6370.3   0.12543
   6378.1   0.12543
   6385.9   0.12537
   6393.8   0.12535
   6401.7   0.12536
   6409.6   0.12558
   6417.6   0.12560
   6425.5   0.12513
   6433.5   0.12473
   6441.5   0.12435
   6449.5   0.12398
   6457.5   0.12362
   6465.6   0.12326
   6473.6   0.12296
   6481.7   0.12268
   6489.8   0.12250
   6498.0   0.12218
   6506.1   0.12161
   6514.3   0.12118
   6522.5   0.12087
   6530.7   0.12045
   6538.9   0.12007
   6547.2   0.11978
   6555.5   0.11948
   6563.8   0.11917
   6572.1   0.11893
   6580.4   0.11850
   6588.8   0.11804
   6597.2   0.11768
   6605.6   0.11732
   6614.0   0.11706
   6622.5   0.11684
   6630.9   0.11679
   6639.4   0.11674
   6647.9   0.11641
   6656.5   0.11608
   6665.0   0.11598
   6673.6   0.11594
   6682.2   0.11593
   6690.8   0.11581
   6699.5   0.11567
   6708.1   0.11562
   6716.8   0.11556
   6725.5   0.11539
   6734.3   0.11517
   6743.0   0.11495
   6751.8   0.11474
   6760.6   0.11449
   6769.4   0.11424
   6778.3   0.11398
   6787.1   0.11376
   6796.0   0.11344
   6805.0   0.11301
   6813.9   0.11262
   6822.9   0.11237
   6831.9   0.11207
   6840.9   0.11171
   6849.9   0.11145
   6859.0   0.11134
   6868.0   0.11111
   6877.2   0.11062
   6886.3   0.11025
   6895.5   0.10997
   6904.6   0.10972
   6913.8   0.10944
   6923.1   0.10910
   6932.3   0.10875
   6941.6   0.10836
   6950.9   0.10800
   6960.2   0.10763
   6969.6   0.10707
   6979.0   0.10649
   6988.4   0.10601
   6997.8   0.10547
   7007.3   0.10491
   7016.8   0.10435
   7026.3   0.10380
   7035.8   0.10327
   7045.4   0.10281
   7054.9   0.10221
   7064.5   0.10159
   7074.2   0.10103
   7083.9   0.10050
   7093.5   0.09998
   7103.3   0.09946
   7113.0   0.09895
   7122.8   0.09842
   7132.6   0.09783
   7142.4   0.09726
   7152.2   0.09668
   7162.1   0.09612
   7172.0   0.09550
   7182.0   0.09481
   7191.9   0.09411
   7201.9   0.09344
   7211.9   0.09275
   7222.0   0.09202
   7232.0   0.09130
   7242.1   0.09060
   7252.3   0.08989
   7262.4   0.08920
   7272.6   0.08850
   7282.8   0.08775
   7293.1   0.08699
   7303.3   0.08626
   7313.6   0.08545
   7324.0   0.08466
   7334.3   0.08389
   7344.7   0.08308
   7355.1   0.08219
   7365.6   0.08131
   7376.1   0.08043
   7386.6   0.07954
   7397.1   0.07864
   7407.7   0.07773
   7418.3   0.07679
   7428.9   0.07589
   7439.6   0.07497
   7450.2   0.07404
   7461.0   0.07313
   7471.7   0.07219
   7482.5   0.07126
   7493.3   0.07037
   7504.1   0.06942
   7515.0   0.06849
   7525.9   0.06755
   7536.9   0.06662
   7547.9   0.06570
   7558.9   0.06481
   7569.9   0.06388
   7581.0   0.06300
   7592.0   0.06212
   7603.2   0.06125
   7614.4   0.06037
   7625.5   0.05944
   7636.8   0.05850
   7648.0   0.05758
   7659.3   0.05661
   7670.7   0.05565
   7682.0   0.05465
   7693.4   0.05364
   7704.9   0.05262
   7716.3   0.05161
   7727.8   0.05057
   7739.4   0.04952
   7750.9   0.04844
   7762.5   0.04740
   7774.2   0.04634
   7785.8   0.04530
   7797.5   0.04423
   7809.3   0.04320
   7821.1   0.04214
   7832.9   0.04104
   7844.7   0.03995
   7856.6   0.03887
   7868.5   0.03780
   7880.5   0.03672
   7892.5   0.03564
   7904.5   0.03461
   7916.6   0.03352
   7928.7   0.03245
   7940.8   0.03141
   7953.0   0.03040
   7965.2   0.02938
   7977.5   0.02839
   7989.8   0.02741
   8002.1   0.02648
   8014.5   0.02558
   8026.9   0.02471
   8039.3   0.02387
   8051.8   0.02310
   8064.3   0.02236
   8076.9   0.02171
   8089.5   0.02108
   8102.1   0.02050
   8114.8   0.01995
   8127.5   0.01950
   8140.3   0.01908
   8153.1   0.01873
   8165.9   0.01845
   8178.8   0.01825
   8191.7   0.01811
   8204.7   0.01804
   8217.7   0.01801
   8230.7   0.01806
   8243.8   0.01818
   8257.0   0.01839
   8270.1   0.01863
   8283.3   0.01894
   8296.6   0.01926
   8309.9   0.01961
   8323.2   0.01992
   8336.6   0.02020
   8350.0   0.02045
   8363.5   0.02069
   8377.0   0.02088
   8390.5   0.02105
   8404.2   0.02121
   8417.8   0.02141
   8431.5   0.02156
   8445.2   0.02165
   8459.0   0.02172
   8472.8   0.02176
   8486.7   0.02170
   8500.6   0.02162
   8514.5   0.02150
   8528.5   0.02142
   8542.6   0.02132
   8556.7   0.02123
   8570.8   0.02115
   8585.0   0.02107
   8599.3   0.02099
   8613.5   0.02087
   8627.9   0.02073
   8642.3   0.02069
   8656.7   0.02064
   8671.2   0.02060
   8685.7   0.02054
   8700.3   0.02053
   8714.9   0.02053
   8729.5   0.02054
   8744.3   0.02054
   8759.0   0.02055
   8773.9   0.02050
   8788.7   0.02046
   8803.7   0.02039
   8818.6   0.02038
   8833.7   0.02039
   8848.7   0.02045
   8863.8   0.02050
   8879.0   0.02055
   8894.3   0.02059
   8909.5   0.02067
   8924.9   0.02071
   8940.3   0.02076
   8955.7   0.02081
   8971.2   0.02089
   8986.8   0.02095
   9002.3   0.02098
   9018.0   0.02101
   9033.7   0.02105
   9049.5   0.02098
   9065.3   0.02087
   9081.2   0.02070
   9097.1   0.02054
   9113.1   0.02032
   9129.1   0.02008
   9145.2   0.01983
   9161.4   0.01966
   9177.6   0.01946
   9193.9   0.01931
   9210.2   0.01922
   9226.6   0.01918
   9243.0   0.01917
   9259.5   0.01926
   9276.1   0.01933
   9292.7   0.01937
   9309.4   0.01945
   9326.2   0.01950
   9343.0   0.01955
   9359.8   0.01965
   9376.8   0.01976
   9393.8   0.01989
   9410.8   0.02000
   9427.9   0.02017
   9445.1   0.02030
   9462.3   0.02050
   9479.6   0.02074
   9497.0   0.02103
   9514.4   0.02126
   9531.9   0.02149
   9549.4   0.02173
   9567.0   0.02197
   9584.7   0.02214
   9602.5   0.02224
   9620.3   0.02229
   9638.2   0.02235
   9656.1   0.02240
   9674.2   0.02245
   9692.2   0.02247
   9710.4   0.02248
   9728.6   0.02238
   9746.9   0.02236
   9765.2   0.02234
   9783.7   0.02223
   9802.2   0.02210
   9820.7   0.02200
   9839.4   0.02194
   9858.1   0.02190
   9876.8   0.02185
   9895.7   0.02189
   9914.6   0.02195
   9933.6   0.02200
   9952.7   0.02212
   9971.8   0.02232
   9991.0   0.02245
  10010.3   0.02256
  10029.7   0.02269
  10049.1   0.02290
  10068.6   0.02314
  10088.2   0.02340
  10107.9   0.02359
  10127.6   0.02378
  10147.5   0.02397
  10167.3   0.02413
  10187.3   0.02428
  10207.4   0.02448
  10227.5   0.02471
  10247.7   0.02501
  10268.0   0.02540
  10288.4   0.02584
  10308.8   0.02618
  10329.4   0.02649
  10350.0   0.02679
  10370.7   0.02715
  10391.5   0.02755
  10412.3   0.02797
  10433.3   0.02834
  10454.3   0.02865
  10475.4   0.02890
  10496.7   0.02918
  10517.9   0.02944
  10539.3   0.02968
  10560.8   0.02985
  10582.3   0.03004
  10604.0   0.03025
  10625.7   0.03043
  10647.5   0.03052
  10669.4   0.03062
  10691.4   0.03076
  10713.5   0.03090
  10735.7   0.03108
  10758.0   0.03120
  10780.3   0.03128
  10802.8   0.03129
  10825.4   0.03122
  10848.0   0.03113
  10870.8   0.03101
  10893.6   0.03083
  10916.5   0.03069
  10939.5   0.03064
  10962.7   0.03057
  10985.9   0.03055
  11009.2   0.03055
  11032.7   0.03059
  11056.2   0.03064
  11079.8   0.03078
  11103.5   0.03097
  11127.4   0.03113
  11151.3   0.03133
  11175.3   0.03163
  11199.5   0.03189
  11223.7   0.03222
  11248.0   0.03264
  11272.5   0.03306
  11297.1   0.03352
  11321.7   0.03403
  11346.5   0.03457
  11371.4   0.03510
  11396.4   0.03562
  11421.5   0.03615
  11446.7   0.03657
  11472.0   0.03696
  11497.5   0.03730
  11523.0   0.03756
  11548.7   0.03780
  11574.4   0.03808
  11600.3   0.03831
  11626.3   0.03864
  11652.5   0.03897
  11678.7   0.03925
  11705.1   0.03959
  11731.6   0.03990
  11758.2   0.04022
  11784.9   0.04058
  11811.7   0.04084
  11838.7   0.04099
  11865.8   0.04105
  11893.0   0.04118
  11920.3   0.04148
  11947.8   0.04194
  11975.4   0.04254
  12003.1   0.04323
  12031.0   0.04406
  12059.0   0.04489
  12087.1   0.04557
  12115.3   0.04627
  12143.7   0.04692
  12172.2   0.04753
  12200.8   0.04802
  12229.6   0.04833
  12258.5   0.04852
  12287.6   0.04863
  12316.8   0.04853
  12346.1   0.04835
  12375.5   0.04798
  12405.2   0.04741
  12434.9   0.04675
  12464.8   0.04595
  12494.8   0.04499
  12525.0   0.04403
  12555.3   0.04295
  12585.8   0.04187
  12616.4   0.04073
  12647.2   0.03948
  12678.1   0.03800
  12709.2   0.03649
  12740.4   0.03486
  12771.8   0.03312
  12803.3   0.03145
  12835.0   0.02996
  12866.9   0.02869
  12898.9   0.02771
  12931.1   0.02710
  12963.4   0.02662
  12995.9   0.02615
  13028.5   0.02578
  13061.3   0.02533
  13094.3   0.02481
  13127.5   0.02436
  13160.8   0.02413
  13194.3   0.02408
  13228.0   0.02417
  13261.8   0.02430
  13295.8   0.02450
  13330.0   0.02469
  13364.3   0.02480
  13398.8   0.02474
  13433.6   0.02448
  13468.5   0.02398
  13503.5   0.02347
  13538.8   0.02291
  13574.2   0.02227
  13609.9   0.02181
  13645.7   0.02157
  13681.7   0.02152
  13717.9   0.02158
  13754.3   0.02167
  13790.8   0.02201
  13827.6   0.02247
  13864.6   0.02289
  13901.8   0.02335
  13939.2   0.02365
  13976.7   0.02359
  14014.5   0.02339
  14052.5   0.02310
  14090.7   0.02265
  14129.0   0.02201
  14167.6   0.02133
  14206.5   0.02061
  14245.5   0.01989
  14284.7   0.01922
  14324.2   0.01875
  14363.9   0.01834
  14403.8   0.01803
  14443.9   0.01774
  14484.3   0.01749
  14524.8   0.01716
  14565.6   0.01693
  14606.7   0.01681
  14647.9   0.01667
  14689.4   0.01644
  14731.2   0.01629
  14773.1   0.01613
  14815.3   0.01605
  14857.8   0.01610
  14900.5   0.01618
  14943.4   0.01637
  14986.6   0.01668
  15030.0   0.01695
  15073.7   0.01735
  15117.7   0.01767
  15161.9   0.01801
  15206.3   0.01835
  15251.1   0.01859
  15296.1   0.01878
  15341.3   0.01906
  15386.8   0.01937
  15432.6   0.01967
  15478.7   0.01982
  15525.0   0.01994
  15571.7   0.02025
  15618.6   0.02046
  15665.8   0.02038
  15713.2   0.02035
  15761.0   0.02047
  15809.0   0.02058
  15857.4   0.02072
  15906.0   0.02092
  15955.0   0.02104
  16004.2   0.02115
  16053.8   0.02119
  16103.6   0.02111
  16153.8   0.02092
  16204.3   0.02071
  16255.1   0.02069
  16306.2   0.02085
  16357.6   0.02101
  16409.4   0.02118
  16461.5   0.02140
  16513.9   0.02183
  16566.7   0.02226
  16619.8   0.02250
  16673.2   0.02263
  16727.0   0.02295
  16781.1   0.02339
  16835.6   0.02383
  16890.5   0.02426
  16945.7   0.02483
  17001.2   0.02519
  17057.2   0.02529
  17113.4   0.02526
  17170.1   0.02516
  17227.2   0.02492
  17284.6   0.02474
  17342.4   0.02465
  17400.6   0.02448
  17459.2   0.02431
  17518.2   0.02458
  17577.5   0.02498
  17637.3   0.02541
  17697.5   0.02573
  17758.1   0.02593
  17819.2   0.02608
  17880.6   0.02624
  17942.5   0.02622
  18004.8   0.02619
  18067.5   0.02617
  18130.7   0.02639
  18194.3   0.02671
  18258.4   0.02700
  18322.9   0.02747
  18387.9   0.02811
  18453.3   0.02851
  18519.2   0.02883
  18585.6   0.02905
  18652.4   0.02930
  18719.8   0.02938
  18787.6   0.02926
  18855.9   0.02929
  18924.7   0.02952
  18994.1   0.02938
  19063.9   0.02929
  19134.2   0.02958
  19205.1   0.02972
  19276.5   0.02983
  19348.4   0.03019
  19420.9   0.03042
  19493.9   0.03056
  19567.5   0.03062
  19641.6   0.03076
  19716.3   0.03074
  19791.5   0.03038
  19867.3   0.03006
  19943.8   0.02970
  20020.8   0.02938
  20098.4   0.02858
  20176.6   0.02785
  20255.4   0.02727
  20334.9   0.02671
  20414.9   0.02631
  20495.6   0.02599
  20576.9   0.02556
  20658.9   0.02552
  20741.6   0.02551
  20824.8   0.02542
  20908.8   0.02536
  20993.5   0.02521
  21078.8   0.02480
  21164.8   0.02440
  21251.6   0.02451
  21339.1   0.02480
  21427.2   0.02499
  21516.1   0.02487
  21605.8   0.02491
  21696.2   0.02511
  21787.3   0.02508
  21879.3   0.02478
  21972.0   0.02473
  22065.5   0.02454
  22159.8   0.02437
  22254.9   0.02443
  22350.8   0.02429
  22447.6   0.02401
  22545.2   0.02365
  22643.6   0.02332
  22742.9   0.02346
  22843.1   0.02358
  22944.2   0.02402
  23046.2   0.02475
  23149.1   0.02546
  23252.9   0.02585
  23357.6   0.02616
  23463.3   0.02663
  23569.9   0.02703
  23677.6   0.02709
  23786.2   0.02702
  23895.8   0.02714
  24006.4   0.02747
  24118.1   0.02768
  24230.8   0.02740
  24344.5   0.02719
  24459.3   0.02727
  24575.3   0.02740
  24692.3   0.02768
  24810.4   0.02771
  24929.7   0.02776
  25050.1   0.02785
  25171.7   0.02774
  25294.5   0.02776
  25418.5   0.02828
  25543.7   0.02845
  25670.2   0.02834
  25797.9   0.02870
  25926.9   0.02912
  26057.2   0.02944
  26188.8   0.02986
  26321.7   0.03026
  26456.0   0.03051
  26591.7   0.03046
  26728.8   0.03040
  26867.2   0.03044
  27007.2   0.03051
  27148.6   0.03058
  27291.5   0.03058
  27435.9   0.03025
  27581.8   0.03011
  27729.3   0.03005
  27878.4   0.02973
  28029.1   0.02986
  28181.4   0.03055
  28335.4   0.03130
  28491.1   0.03170
  28648.5   0.03211
  28807.7   0.03257
  28968.6   0.03313
  29131.3   0.03353
  29295.9   0.03384
  29462.4   0.03401
  29630.7   0.03395
  29801.0   0.03391
  29973.3   0.03373
  30147.5   0.03355
  30323.8   0.03350
  30502.2   0.03312
  30682.7   0.03220
  30865.3   0.03164
  31050.2   0.03119
  31237.2   0.03093
  31426.5   0.03115
  31618.2   0.03128
  31812.1   0.03104
  32008.5   0.03064
  32207.3   0.03058
  32408.6   0.03107
  32612.4   0.03171
  32818.8   0.03233
  33027.9   0.03348
  33239.6   0.03406
  33454.1   0.03437
  33671.3   0.03457
  33891.4   0.03473
  34114.3   0.03438
  34340.3   0.03405
  34569.2   0.03330
  34801.2   0.03295
  35036.3   0.03310
  35274.7   0.03307
  35516.3   0.03311
  35761.2   0.03343
  36009.6   0.03331
  36261.4   0.03274
  36516.7   0.03252
  36775.7   0.03241
  37038.4   0.03164
  37304.9   0.03091
  37575.2   0.03026
  37849.5   0.02942
  38127.8   0.02887
  38410.2   0.02852
  38696.8   0.02808
  38987.8   0.02765
  39283.2   0.02803
  39583.0   0.02835
  39887.5   0.02786
  40196.7   0.02822
  40510.8   0.02878
  40829.7   0.02933
  41153.8   0.03014
  41483.0   0.03127
  41817.6   0.03188
  42157.5   0.03164
  42503.1   0.03145
  42854.4   0.03191
  43211.5   0.03319
  43574.6   0.03421
  43943.9   0.03458
  44319.5   0.03391
  44701.5   0.03392
  45090.2   0.03448
  45485.8   0.03386
  45888.3   0.03424
  46298.0   0.03479
  46715.1   0.03380
  47139.8   0.03252
  47572.3   0.03265
  48012.8   0.03436
  48461.5   0.03474
  48918.6   0.03496
  49384.6   0.03500
  49859.4   0.03407
  50343.5   0.03533
  50837.0   0.03661
  51340.4   0.03612
  51853.8   0.03559
  52377.6   0.03630
  52912.0   0.03596
  53457.5   0.03497
  54014.4   0.03454
  54582.9   0.03382
  55163.6   0.03348
  55756.8   0.03502
  56362.8   0.03615
  56982.2   0.03691
  57615.3   0.03656
  58262.7   0.03569
  58924.7   0.03521
  59602.0   0.03509
  60295.1   0.03360
  61004.4   0.03296
  61730.7   0.03281
  62474.4   0.03611
  63236.3   0.03745
  64017.0   0.03460
  64817.2   0.03551
  65637.7   0.03715
  66479.2   0.03615
  67342.6   0.03771
  68228.6   0.04129
  69138.4   0.04113
  70072.7   0.03990
  71032.6   0.04071
  72019.1   0.03942
  73033.5   0.04012
  74076.8   0.04240
  75150.4   0.04124
  76255.5   0.04071
  77393.7   0.04464
  78566.3   0.04870
  79775.0   0.04509
  81021.5   0.04183
  82307.6   0.03793
  83635.1   0.03858
  85006.2   0.04573
  86423.0   0.04874
  87887.8   0.04341
  89403.0   0.04307
  90971.5   0.04564
  92596.0   0.04856
  94279.6   0.04985
  96025.5   0.04388
  97837.3   0.04113
  99718.8   0.05052



 BIR1LS133           .ASC                        

 LS-GJT-133                                                              
 Apollo 73131,4 <150 um                                                  
 Connected at 3.65 & 19.8 um                                             

 Source Ang: 30.00   Detect Ang:  0.00  Volt: 1.222
 Date: 19-JUN-14   Time: 16:18:20
