  6431
    799.9   0.15102
    800.0   0.15106
    800.2   0.15091
    800.3   0.14989
    800.4   0.14900
    800.5   0.14981
    800.7   0.14992
    800.8   0.14939
    800.9   0.15039
    801.0   0.15120
    801.2   0.15154
    801.3   0.15218
    801.4   0.15283
    801.5   0.15202
    801.6   0.15067
    801.8   0.14997
    801.9   0.14907
    802.0   0.14963
    802.1   0.14999
    802.3   0.15015
    802.4   0.15086
    802.5   0.15194
    802.6   0.15207
    802.8   0.15147
    802.9   0.14953
    803.0   0.14834
    803.1   0.15068
    803.3   0.15122
    803.4   0.15208
    803.5   0.15183
    803.6   0.15097
    803.8   0.15090
    803.9   0.15042
    804.0   0.15052
    804.1   0.15195
    804.3   0.15210
    804.4   0.15063
    804.5   0.15181
    804.6   0.15168
    804.8   0.15176
    804.9   0.15225
    805.0   0.15083
    805.1   0.15054
    805.3   0.15034
    805.4   0.14888
    805.5   0.15086
    805.6   0.15257
    805.8   0.15056
    805.9   0.14863
    806.0   0.15118
    806.1   0.15189
    806.3   0.14975
    806.4   0.15101
    806.5   0.15153
    806.6   0.15088
    806.8   0.15122
    806.9   0.15108
    807.0   0.15081
    807.1   0.15052
    807.3   0.15109
    807.4   0.15239
    807.5   0.15197
    807.6   0.15042
    807.8   0.14862
    807.9   0.14925
    808.0   0.15076
    808.1   0.15131
    808.3   0.15091
    808.4   0.15137
    808.5   0.15169
    808.6   0.15062
    808.8   0.15017
    808.9   0.15127
    809.0   0.15119
    809.2   0.15135
    809.3   0.15175
    809.4   0.15109
    809.5   0.15042
    809.7   0.15015
    809.8   0.15146
    809.9   0.15225
    810.0   0.15131
    810.2   0.15096
    810.3   0.15175
    810.4   0.15238
    810.5   0.15226
    810.7   0.15195
    810.8   0.15173
    810.9   0.15120
    811.0   0.15063
    811.2   0.15187
    811.3   0.15120
    811.4   0.15015
    811.5   0.15026
    811.7   0.15070
    811.8   0.15116
    811.9   0.15094
    812.1   0.15012
    812.2   0.15110
    812.3   0.15057
    812.4   0.14954
    812.6   0.15056
    812.7   0.15137
    812.8   0.15148
    813.0   0.15200
    813.1   0.15243
    813.2   0.15225
    813.3   0.15276
    813.5   0.15211
    813.6   0.15107
    813.7   0.15088
    813.8   0.15135
    814.0   0.15043
    814.1   0.15025
    814.2   0.15165
    814.4   0.15221
    814.5   0.15117
    814.6   0.15237
    814.7   0.15187
    814.9   0.14969
    815.0   0.15001
    815.1   0.15131
    815.3   0.15191
    815.4   0.15089
    815.5   0.15103
    815.6   0.15149
    815.8   0.15060
    815.9   0.15092
    816.0   0.15216
    816.2   0.15100
    816.3   0.15019
    816.4   0.15048
    816.5   0.15099
    816.7   0.15189
    816.8   0.15164
    816.9   0.15230
    817.0   0.15180
    817.2   0.15143
    817.3   0.15181
    817.4   0.15122
    817.6   0.15061
    817.7   0.15094
    817.8   0.15146
    818.0   0.15183
    818.1   0.15164
    818.2   0.15078
    818.3   0.15085
    818.5   0.15138
    818.6   0.15130
    818.7   0.14991
    818.9   0.15015
    819.0   0.15181
    819.1   0.15157
    819.3   0.15086
    819.4   0.15065
    819.5   0.15069
    819.6   0.15137
    819.8   0.15083
    819.9   0.15084
    820.0   0.15124
    820.2   0.15188
    820.3   0.15279
    820.4   0.15307
    820.5   0.15204
    820.7   0.15206
    820.8   0.15203
    820.9   0.15132
    821.1   0.15147
    821.2   0.15084
    821.3   0.14972
    821.5   0.15206
    821.6   0.15243
    821.7   0.15069
    821.8   0.15138
    822.0   0.15127
    822.1   0.15146
    822.2   0.15225
    822.4   0.15223
    822.5   0.15087
    822.6   0.15028
    822.8   0.15062
    822.9   0.15015
    823.0   0.15005
    823.2   0.15124
    823.3   0.15208
    823.4   0.15165
    823.5   0.15070
    823.7   0.15081
    823.8   0.14991
    823.9   0.14898
    824.1   0.14954
    824.2   0.15070
    824.3   0.15208
    824.5   0.15213
    824.6   0.15099
    824.7   0.15031
    824.8   0.15105
    825.0   0.15099
    825.1   0.15036
    825.3   0.15180
    825.4   0.15263
    825.5   0.15268
    825.6   0.15279
    825.8   0.15177
    825.9   0.15128
    826.0   0.15120
    826.2   0.15189
    826.3   0.15222
    826.4   0.15135
    826.6   0.15164
    826.7   0.15092
    826.8   0.15083
    827.0   0.15189
    827.1   0.15265
    827.2   0.15274
    827.3   0.15170
    827.5   0.15130
    827.6   0.15148
    827.8   0.15230
    827.9   0.15297
    828.0   0.15198
    828.2   0.15180
    828.3   0.15226
    828.4   0.15216
    828.5   0.15206
    828.7   0.15297
    828.8   0.15285
    828.9   0.15168
    829.1   0.15215
    829.2   0.15234
    829.3   0.15153
    829.5   0.15057
    829.6   0.15137
    829.7   0.15187
    829.9   0.15044
    830.0   0.14993
    830.1   0.15055
    830.3   0.15080
    830.4   0.15236
    830.5   0.15279
    830.7   0.15199
    830.8   0.15201
    830.9   0.15299
    831.1   0.15250
    831.2   0.15227
    831.3   0.15230
    831.5   0.15164
    831.6   0.15238
    831.7   0.15276
    831.9   0.15311
    832.0   0.15337
    832.1   0.15272
    832.3   0.15263
    832.4   0.15241
    832.5   0.15220
    832.7   0.15220
    832.8   0.15222
    832.9   0.15115
    833.1   0.15076
    833.2   0.15263
    833.3   0.15340
    833.5   0.15244
    833.6   0.15152
    833.7   0.15116
    833.9   0.15059
    834.0   0.15124
    834.1   0.15143
    834.3   0.15115
    834.4   0.15196
    834.5   0.15245
    834.7   0.15132
    834.8   0.15079
    835.0   0.15032
    835.1   0.15128
    835.2   0.15202
    835.3   0.15232
    835.5   0.15156
    835.6   0.15129
    835.8   0.15074
    835.9   0.15025
    836.0   0.15135
    836.2   0.15215
    836.3   0.15115
    836.4   0.15068
    836.6   0.15100
    836.7   0.15198
    836.8   0.15244
    837.0   0.15110
    837.1   0.15182
    837.2   0.15208
    837.4   0.15133
    837.5   0.15166
    837.6   0.15253
    837.8   0.15266
    837.9   0.15210
    838.0   0.15153
    838.2   0.15150
    838.3   0.15097
    838.5   0.15182
    838.6   0.15325
    838.7   0.15392
    838.9   0.15239
    839.0   0.15078
    839.1   0.15054
    839.3   0.15037
    839.4   0.15137
    839.5   0.15162
    839.7   0.15084
    839.8   0.15107
    840.0   0.15225
    840.1   0.15264
    840.2   0.15157
    840.4   0.15157
    840.5   0.15195
    840.6   0.15077
    840.8   0.15131
    840.9   0.15189
    841.0   0.15184
    841.2   0.15269
    841.3   0.15326
    841.5   0.15242
    841.6   0.15175
    841.7   0.15050
    841.9   0.15037
    842.0   0.15194
    842.1   0.15154
    842.3   0.15093
    842.4   0.15089
    842.5   0.15163
    842.7   0.15164
    842.8   0.15067
    843.0   0.15094
    843.1   0.15155
    843.2   0.15215
    843.4   0.15282
    843.5   0.15220
    843.6   0.15091
    843.8   0.15138
    843.9   0.15171
    844.0   0.15095
    844.2   0.15045
    844.3   0.15079
    844.5   0.15124
    844.6   0.15132
    844.7   0.15154
    844.9   0.15071
    845.0   0.14998
    845.2   0.15005
    845.3   0.15052
    845.4   0.15126
    845.6   0.15257
    845.7   0.15235
    845.8   0.15096
    846.0   0.15087
    846.1   0.15160
    846.3   0.15173
    846.4   0.15235
    846.5   0.15224
    846.7   0.15051
    846.8   0.14985
    847.0   0.15105
    847.1   0.15158
    847.2   0.15101
    847.4   0.15113
    847.5   0.15205
    847.6   0.15213
    847.8   0.15182
    847.9   0.15121
    848.1   0.15076
    848.2   0.15112
    848.3   0.15107
    848.5   0.15103
    848.6   0.15147
    848.8   0.15123
    848.9   0.15213
    849.0   0.15360
    849.2   0.15298
    849.3   0.15166
    849.5   0.15094
    849.6   0.15110
    849.7   0.15149
    849.9   0.15122
    850.0   0.15052
    850.1   0.14922
    850.3   0.14936
    850.4   0.15120
    850.6   0.15202
    850.7   0.15101
    850.8   0.15025
    851.0   0.15111
    851.1   0.15197
    851.3   0.15138
    851.4   0.14995
    851.5   0.14895
    851.7   0.14986
    851.8   0.15059
    852.0   0.15033
    852.1   0.15016
    852.2   0.15059
    852.4   0.15017
    852.5   0.14985
    852.7   0.15077
    852.8   0.15209
    852.9   0.15253
    853.1   0.15168
    853.2   0.15032
    853.4   0.15060
    853.5   0.15101
    853.6   0.15055
    853.8   0.15033
    853.9   0.15013
    854.1   0.14961
    854.2   0.14903
    854.3   0.14929
    854.5   0.15056
    854.6   0.15129
    854.8   0.15099
    854.9   0.14932
    855.0   0.14937
    855.2   0.14900
    855.3   0.14907
    855.5   0.15003
    855.6   0.15086
    855.8   0.15166
    855.9   0.15168
    856.0   0.15119
    856.2   0.15038
    856.3   0.15103
    856.5   0.15091
    856.6   0.15029
    856.8   0.14998
    856.9   0.14996
    857.0   0.15115
    857.2   0.15127
    857.3   0.15024
    857.5   0.15059
    857.6   0.15075
    857.7   0.14987
    857.9   0.14952
    858.0   0.14993
    858.2   0.14999
    858.3   0.14962
    858.5   0.14997
    858.6   0.15128
    858.7   0.15118
    858.9   0.14953
    859.0   0.14935
    859.2   0.15103
    859.3   0.15105
    859.4   0.15025
    859.6   0.15046
    859.7   0.15078
    859.9   0.15033
    860.0   0.14993
    860.2   0.15001
    860.3   0.15039
    860.4   0.15012
    860.6   0.15040
    860.7   0.15105
    860.9   0.15117
    861.0   0.15028
    861.2   0.14970
    861.3   0.15010
    861.4   0.15064
    861.6   0.15122
    861.7   0.15098
    861.9   0.15034
    862.0   0.14927
    862.2   0.14897
    862.3   0.14975
    862.5   0.15070
    862.6   0.15098
    862.7   0.15070
    862.9   0.15111
    863.0   0.15122
    863.2   0.15042
    863.3   0.14986
    863.5   0.14965
    863.6   0.14935
    863.7   0.14949
    863.9   0.14889
    864.0   0.14924
    864.2   0.15022
    864.3   0.15048
    864.5   0.15023
    864.6   0.15046
    864.8   0.15044
    864.9   0.14953
    865.0   0.14940
    865.2   0.14973
    865.3   0.14973
    865.5   0.14990
    865.6   0.14912
    865.8   0.14941
    865.9   0.15040
    866.0   0.15044
    866.2   0.14996
    866.3   0.14940
    866.5   0.14864
    866.6   0.14896
    866.8   0.14980
    866.9   0.14974
    867.1   0.14875
    867.2   0.14913
    867.3   0.15004
    867.5   0.14972
    867.6   0.14998
    867.8   0.15076
    867.9   0.15016
    868.1   0.14979
    868.2   0.14951
    868.4   0.14990
    868.5   0.15033
    868.7   0.15025
    868.8   0.15109
    869.0   0.15192
    869.1   0.15113
    869.2   0.15038
    869.4   0.15014
    869.5   0.15007
    869.7   0.15029
    869.8   0.15001
    870.0   0.14962
    870.1   0.15002
    870.3   0.15062
    870.4   0.15042
    870.6   0.14956
    870.7   0.14955
    870.8   0.15039
    871.0   0.15039
    871.1   0.14943
    871.3   0.14912
    871.4   0.14912
    871.6   0.14979
    871.7   0.14979
    871.9   0.14986
    872.0   0.14933
    872.2   0.14915
    872.3   0.15038
    872.5   0.15061
    872.6   0.15049
    872.8   0.15049
    872.9   0.15015
    873.0   0.14976
    873.2   0.14980
    873.3   0.14940
    873.5   0.14908
    873.6   0.14885
    873.8   0.14914
    873.9   0.14893
    874.1   0.14886
    874.2   0.14976
    874.4   0.15020
    874.5   0.15008
    874.7   0.14994
    874.8   0.15010
    875.0   0.14984
    875.1   0.14975
    875.3   0.14906
    875.4   0.14960
    875.5   0.15033
    875.7   0.15019
    875.8   0.15013
    876.0   0.15053
    876.2   0.15026
    876.3   0.14926
    876.4   0.14921
    876.6   0.14918
    876.7   0.15016
    876.9   0.15088
    877.0   0.15097
    877.2   0.15071
    877.3   0.15050
    877.5   0.14960
    877.6   0.14883
    877.8   0.14917
    877.9   0.14949
    878.1   0.14996
    878.2   0.14993
    878.4   0.14944
    878.5   0.14951
    878.7   0.14918
    878.8   0.14885
    879.0   0.14940
    879.1   0.14971
    879.3   0.14919
    879.4   0.14930
    879.6   0.15030
    879.7   0.15039
    879.9   0.14990
    880.0   0.14945
    880.2   0.14891
    880.3   0.14862
    880.5   0.14817
    880.6   0.14864
    880.8   0.15007
    880.9   0.15018
    881.1   0.14961
    881.2   0.14954
    881.4   0.14952
    881.5   0.14959
    881.7   0.14967
    881.8   0.14957
    882.0   0.14957
    882.1   0.14959
    882.3   0.14945
    882.4   0.14908
    882.6   0.14878
    882.7   0.14885
    882.9   0.14859
    883.0   0.14905
    883.2   0.14959
    883.3   0.14919
    883.5   0.14920
    883.6   0.15001
    883.8   0.14956
    883.9   0.14929
    884.1   0.14931
    884.2   0.14913
    884.4   0.14951
    884.5   0.14966
    884.7   0.14923
    884.8   0.14925
    885.0   0.14880
    885.1   0.14855
    885.3   0.14914
    885.4   0.14966
    885.6   0.14963
    885.7   0.15008
    885.9   0.15019
    886.0   0.14975
    886.2   0.14970
    886.3   0.14949
    886.5   0.14968
    886.6   0.14943
    886.8   0.14849
    886.9   0.14867
    887.1   0.14987
    887.2   0.14998
    887.4   0.14921
    887.5   0.14937
    887.7   0.14965
    887.8   0.14937
    888.0   0.14998
    888.2   0.15020
    888.3   0.14980
    888.5   0.14970
    888.6   0.14979
    888.8   0.14960
    888.9   0.14888
    889.1   0.14899
    889.2   0.14934
    889.4   0.14950
    889.5   0.14946
    889.7   0.14906
    889.8   0.14962
    890.0   0.14968
    890.1   0.14911
    890.3   0.14909
    890.4   0.14939
    890.6   0.14960
    890.8   0.14987
    890.9   0.15009
    891.0   0.14989
    891.2   0.14920
    891.4   0.14960
    891.5   0.14965
    891.7   0.14936
    891.8   0.14907
    892.0   0.14887
    892.1   0.14930
    892.3   0.14941
    892.4   0.14893
    892.6   0.14884
    892.7   0.14920
    892.9   0.14921
    893.0   0.14907
    893.2   0.14923
    893.4   0.14924
    893.5   0.14915
    893.7   0.14906
    893.8   0.14882
    894.0   0.14884
    894.1   0.14887
    894.3   0.14903
    894.4   0.14879
    894.6   0.14875
    894.7   0.14887
    894.9   0.14911
    895.0   0.14911
    895.2   0.14903
    895.4   0.14870
    895.5   0.14889
    895.7   0.14999
    895.8   0.15015
    896.0   0.14968
    896.1   0.14975
    896.3   0.14972
    896.4   0.14907
    896.6   0.14866
    896.8   0.14938
    896.9   0.14951
    897.1   0.14877
    897.2   0.14897
    897.4   0.14899
    897.5   0.14903
    897.7   0.14934
    897.8   0.14943
    898.0   0.14940
    898.2   0.14954
    898.3   0.14944
    898.5   0.14963
    898.6   0.14981
    898.8   0.15044
    898.9   0.15103
    899.1   0.15050
    899.2   0.14971
    899.4   0.14892
    899.6   0.14880
    899.7   0.14935
    899.9   0.14930
    900.0   0.14897
    900.2   0.14911
    900.3   0.14943
    900.5   0.14931
    900.7   0.14865
    900.8   0.14837
    901.0   0.14867
    901.1   0.14855
    901.3   0.14874
    901.4   0.14967
    901.6   0.15021
    901.8   0.14970
    901.9   0.14906
    902.1   0.14876
    902.2   0.14892
    902.4   0.14934
    902.5   0.14949
    902.7   0.14960
    902.8   0.14895
    903.0   0.14865
    903.2   0.14962
    903.3   0.15045
    903.5   0.15013
    903.6   0.14991
    903.8   0.14909
    904.0   0.14845
    904.1   0.14902
    904.3   0.14929
    904.4   0.14943
    904.6   0.14950
    904.7   0.14922
    904.9   0.14919
    905.0   0.14954
    905.2   0.14953
    905.4   0.14916
    905.5   0.14940
    905.7   0.14955
    905.8   0.14898
    906.0   0.14895
    906.2   0.14958
    906.3   0.15015
    906.5   0.15022
    906.6   0.15027
    906.8   0.15012
    907.0   0.14947
    907.1   0.14887
    907.3   0.14882
    907.4   0.14915
    907.6   0.14934
    907.7   0.14909
    907.9   0.14941
    908.1   0.14931
    908.2   0.14901
    908.4   0.14916
    908.5   0.14905
    908.7   0.14889
    908.9   0.14933
    909.0   0.14913
    909.2   0.14878
    909.3   0.14895
    909.5   0.14939
    909.7   0.14965
    909.8   0.14957
    910.0   0.14942
    910.1   0.14924
    910.3   0.14882
    910.5   0.14884
    910.6   0.14901
    910.8   0.14864
    910.9   0.14880
    911.1   0.14951
    911.3   0.14981
    911.4   0.15010
    911.6   0.14981
    911.7   0.14950
    911.9   0.14938
    912.1   0.14926
    912.2   0.14857
    912.4   0.14869
    912.5   0.14927
    912.7   0.14905
    912.9   0.14909
    913.0   0.14971
    913.2   0.14975
    913.3   0.14972
    913.5   0.14962
    913.7   0.14920
    913.8   0.14889
    914.0   0.14892
    914.2   0.14896
    914.3   0.14860
    914.5   0.14854
    914.6   0.14893
    914.8   0.14917
    915.0   0.14925
    915.1   0.14888
    915.3   0.14892
    915.4   0.14933
    915.6   0.14948
    915.8   0.14963
    915.9   0.14975
    916.1   0.14986
    916.3   0.14976
    916.4   0.14905
    916.6   0.14877
    916.7   0.14947
    916.9   0.14987
    917.1   0.14954
    917.2   0.14956
    917.4   0.14983
    917.5   0.14983
    917.7   0.14971
    917.9   0.14922
    918.0   0.14911
    918.2   0.14936
    918.4   0.14928
    918.5   0.14938
    918.7   0.14924
    918.8   0.14925
    919.0   0.14931
    919.2   0.14941
    919.3   0.14929
    919.5   0.14902
    919.7   0.14951
    919.8   0.14951
    920.0   0.14934
    920.2   0.14945
    920.3   0.14972
    920.5   0.14976
    920.6   0.14958
    920.8   0.14954
    921.0   0.14962
    921.1   0.14954
    921.3   0.14957
    921.5   0.14939
    921.6   0.14899
    921.8   0.14917
    922.0   0.14958
    922.1   0.14955
    922.3   0.14931
    922.4   0.14951
    922.6   0.14984
    922.8   0.15016
    922.9   0.15035
    923.1   0.14996
    923.3   0.14985
    923.4   0.14983
    923.6   0.14940
    923.8   0.14918
    923.9   0.14938
    924.1   0.14958
    924.3   0.14978
    924.4   0.14951
    924.6   0.14940
    924.7   0.14957
    924.9   0.14967
    925.1   0.14975
    925.2   0.14962
    925.4   0.14949
    925.6   0.14955
    925.7   0.14959
    925.9   0.14955
    926.1   0.14942
    926.2   0.14932
    926.4   0.14931
    926.6   0.14963
    926.7   0.14992
    926.9   0.15013
    927.1   0.14992
    927.2   0.14982
    927.4   0.14963
    927.6   0.14948
    927.7   0.14995
    927.9   0.15000
    928.0   0.14983
    928.2   0.14992
    928.4   0.14990
    928.5   0.14986
    928.7   0.14985
    928.9   0.14992
    929.0   0.14999
    929.2   0.15012
    929.4   0.15006
    929.5   0.14969
    929.7   0.14960
    929.9   0.14986
    930.0   0.14999
    930.2   0.14985
    930.4   0.14994
    930.5   0.15002
    930.7   0.14991
    930.9   0.14966
    931.0   0.14941
    931.2   0.14978
    931.4   0.15012
    931.6   0.15008
    931.7   0.14967
    931.9   0.14991
    932.1   0.15012
    932.2   0.14988
    932.4   0.14997
    932.6   0.15029
    932.7   0.15017
    932.9   0.15008
    933.1   0.15010
    933.2   0.15019
    933.4   0.14991
    933.6   0.14984
    933.7   0.15013
    933.9   0.14998
    934.1   0.14971
    934.2   0.15024
    934.4   0.15050
    934.6   0.15028
    934.8   0.15018
    934.9   0.14989
    935.1   0.15003
    935.3   0.15012
    935.4   0.15014
    935.6   0.14997
    935.8   0.14999
    935.9   0.14988
    936.1   0.14999
    936.3   0.15018
    936.4   0.15030
    936.6   0.15043
    936.8   0.15036
    936.9   0.15033
    937.1   0.15017
    937.3   0.15001
    937.5   0.14982
    937.6   0.14993
    937.8   0.15029
    938.0   0.15034
    938.1   0.15027
    938.3   0.14991
    938.5   0.14988
    938.6   0.15011
    938.8   0.15028
    939.0   0.15029
    939.2   0.15025
    939.3   0.15028
    939.5   0.15022
    939.7   0.15054
    939.8   0.15088
    940.0   0.15061
    940.2   0.15058
    940.3   0.15101
    940.5   0.15087
    940.7   0.15041
    940.8   0.15009
    941.0   0.15025
    941.2   0.15031
    941.4   0.15038
    941.5   0.15055
    941.7   0.15065
    941.9   0.15057
    942.0   0.15068
    942.2   0.15092
    942.4   0.15068
    942.6   0.15091
    942.7   0.15085
    942.9   0.15048
    943.1   0.15057
    943.3   0.15060
    943.4   0.15046
    943.6   0.15038
    943.8   0.15055
    943.9   0.15086
    944.1   0.15084
    944.3   0.15076
    944.5   0.15052
    944.6   0.15053
    944.8   0.15053
    945.0   0.14992
    945.1   0.15011
    945.3   0.15056
    945.5   0.15059
    945.7   0.15045
    945.8   0.15077
    946.0   0.15133
    946.2   0.15134
    946.3   0.15118
    946.5   0.15100
    946.7   0.15061
    946.9   0.15057
    947.0   0.15051
    947.2   0.15055
    947.4   0.15080
    947.6   0.15109
    947.7   0.15126
    947.9   0.15094
    948.1   0.15065
    948.3   0.15063
    948.4   0.15082
    948.6   0.15072
    948.8   0.15071
    949.0   0.15081
    949.1   0.15100
    949.3   0.15115
    949.5   0.15129
    949.6   0.15108
    949.8   0.15113
    950.0   0.15122
    950.2   0.15116
    950.3   0.15126
    950.5   0.15145
    950.7   0.15144
    950.9   0.15131
    951.0   0.15115
    951.2   0.15127
    951.4   0.15130
    951.6   0.15074
    951.7   0.15060
    951.9   0.15094
    952.1   0.15127
    952.3   0.15118
    952.4   0.15124
    952.6   0.15163
    952.8   0.15166
    953.0   0.15151
    953.1   0.15138
    953.3   0.15119
    953.5   0.15128
    953.7   0.15124
    953.8   0.15127
    954.0   0.15153
    954.2   0.15187
    954.4   0.15186
    954.5   0.15123
    954.7   0.15109
    954.9   0.15130
    955.1   0.15122
    955.2   0.15114
    955.4   0.15161
    955.6   0.15168
    955.8   0.15160
    956.0   0.15194
    956.1   0.15195
    956.3   0.15193
    956.5   0.15178
    956.7   0.15125
    956.8   0.15123
    957.0   0.15136
    957.2   0.15134
    957.4   0.15164
    957.5   0.15196
    957.7   0.15193
    957.9   0.15157
    958.1   0.15164
    958.2   0.15176
    958.4   0.15155
    958.6   0.15150
    958.8   0.15130
    959.0   0.15131
    959.1   0.15166
    959.3   0.15190
    959.5   0.15199
    959.7   0.15192
    959.8   0.15193
    960.0   0.15171
    960.2   0.15144
    960.4   0.15127
    960.5   0.15137
    960.7   0.15165
    960.9   0.15187
    961.1   0.15193
    961.3   0.15187
    961.4   0.15154
    961.6   0.15169
    961.8   0.15220
    962.0   0.15205
    962.2   0.15192
    962.3   0.15189
    962.5   0.15184
    962.7   0.15206
    962.9   0.15208
    963.0   0.15200
    963.2   0.15189
    963.4   0.15170
    963.6   0.15174
    963.8   0.15179
    963.9   0.15176
    964.1   0.15180
    964.3   0.15182
    964.5   0.15194
    964.7   0.15213
    964.8   0.15200
    965.0   0.15162
    965.2   0.15191
    965.4   0.15222
    965.6   0.15226
    965.7   0.15225
    965.9   0.15225
    966.1   0.15244
    966.3   0.15252
    966.5   0.15237
    966.6   0.15253
    966.8   0.15243
    967.0   0.15229
    967.2   0.15234
    967.4   0.15242
    967.5   0.15244
    967.7   0.15261
    967.9   0.15303
    968.1   0.15279
    968.3   0.15226
    968.4   0.15240
    968.6   0.15281
    968.8   0.15272
    969.0   0.15242
    969.2   0.15266
    969.3   0.15270
    969.5   0.15246
    969.7   0.15271
    969.9   0.15290
    970.1   0.15268
    970.3   0.15269
    970.4   0.15272
    970.6   0.15255
    970.8   0.15252
    971.0   0.15257
    971.2   0.15273
    971.3   0.15278
    971.5   0.15270
    971.7   0.15297
    971.9   0.15322
    972.1   0.15287
    972.3   0.15271
    972.4   0.15297
    972.6   0.15278
    972.8   0.15260
    973.0   0.15291
    973.2   0.15308
    973.3   0.15304
    973.5   0.15316
    973.7   0.15331
    973.9   0.15318
    974.1   0.15300
    974.3   0.15302
    974.5   0.15278
    974.6   0.15259
    974.8   0.15269
    975.0   0.15305
    975.2   0.15318
    975.4   0.15335
    975.5   0.15322
    975.7   0.15327
    975.9   0.15325
    976.1   0.15323
    976.3   0.15335
    976.5   0.15329
    976.7   0.15297
    976.8   0.15322
    977.0   0.15347
    977.2   0.15309
    977.4   0.15289
    977.6   0.15315
    977.8   0.15353
    977.9   0.15360
    978.1   0.15339
    978.3   0.15337
    978.5   0.15332
    978.7   0.15348
    978.9   0.15382
    979.0   0.15361
    979.2   0.15314
    979.4   0.15343
    979.6   0.15370
    979.8   0.15333
    980.0   0.15320
    980.2   0.15345
    980.3   0.15379
    980.5   0.15382
    980.7   0.15348
    980.9   0.15353
    981.1   0.15380
    981.3   0.15386
    981.5   0.15363
    981.7   0.15374
    981.8   0.15373
    982.0   0.15347
    982.2   0.15356
    982.4   0.15378
    982.6   0.15375
    982.8   0.15366
    983.0   0.15365
    983.1   0.15367
    983.3   0.15387
    983.5   0.15409
    983.7   0.15382
    983.9   0.15359
    984.1   0.15384
    984.3   0.15404
    984.4   0.15404
    984.6   0.15390
    984.8   0.15392
    985.0   0.15403
    985.2   0.15400
    985.4   0.15392
    985.6   0.15385
    985.8   0.15410
    985.9   0.15439
    986.1   0.15454
    986.3   0.15436
    986.5   0.15408
    986.7   0.15409
    986.9   0.15414
    987.1   0.15430
    987.3   0.15438
    987.4   0.15445
    987.6   0.15427
    987.8   0.15421
    988.0   0.15431
    988.2   0.15432
    988.4   0.15442
    988.6   0.15431
    988.8   0.15402
    989.0   0.15420
    989.1   0.15431
    989.3   0.15431
    989.5   0.15435
    989.7   0.15471
    989.9   0.15490
    990.1   0.15470
    990.3   0.15448
    990.5   0.15438
    990.7   0.15448
    990.8   0.15455
    991.0   0.15465
    991.2   0.15458
    991.4   0.15440
    991.6   0.15437
    991.8   0.15437
    992.0   0.15451
    992.2   0.15490
    992.4   0.15473
    992.5   0.15436
    992.7   0.15455
    992.9   0.15474
    993.1   0.15461
    993.3   0.15483
    993.5   0.15516
    993.7   0.15532
    993.9   0.15544
    994.1   0.15534
    994.3   0.15520
    994.5   0.15511
    994.6   0.15527
    994.8   0.15528
    995.0   0.15497
    995.2   0.15468
    995.4   0.15478
    995.6   0.15488
    995.8   0.15505
    996.0   0.15513
    996.2   0.15508
    996.4   0.15511
    996.5   0.15526
    996.7   0.15527
    996.9   0.15527
    997.1   0.15558
    997.3   0.15573
    997.5   0.15555
    997.7   0.15537
    997.9   0.15532
    998.1   0.15538
    998.3   0.15533
    998.5   0.15512
    998.7   0.15528
    998.9   0.15572
    999.0   0.15579
    999.2   0.15564
    999.4   0.15554
    999.6   0.15531
    999.8   0.15537
   1000.0   0.15556
   1000.2   0.15565
   1000.4   0.15571
   1000.6   0.15583
   1000.8   0.15583
   1001.0   0.15561
   1001.2   0.15564
   1001.4   0.15590
   1001.6   0.15593
   1001.8   0.15588
   1001.9   0.15586
   1002.1   0.15588
   1002.3   0.15602
   1002.5   0.15600
   1002.7   0.15595
   1002.9   0.15598
   1003.1   0.15596
   1003.3   0.15593
   1003.5   0.15596
   1003.7   0.15597
   1003.9   0.15599
   1004.1   0.15594
   1004.3   0.15600
   1004.5   0.15594
   1004.7   0.15601
   1004.9   0.15600
   1005.0   0.15588
   1005.3   0.15581
   1005.4   0.15581
   1005.6   0.15604
   1005.8   0.15600
   1006.0   0.15590
   1006.2   0.15613
   1006.4   0.15623
   1006.6   0.15622
   1006.8   0.15632
   1007.0   0.15651
   1007.2   0.15671
   1007.4   0.15646
   1007.6   0.15606
   1007.8   0.15608
   1008.0   0.15632
   1008.2   0.15643
   1008.4   0.15664
   1008.6   0.15667
   1008.8   0.15649
   1009.0   0.15659
   1009.2   0.15671
   1009.4   0.15644
   1009.5   0.15631
   1009.8   0.15659
   1010.0   0.15680
   1010.1   0.15665
   1010.3   0.15661
   1010.5   0.15662
   1010.7   0.15661
   1010.9   0.15678
   1011.1   0.15689
   1011.3   0.15678
   1011.5   0.15677
   1011.7   0.15691
   1011.9   0.15703
   1012.1   0.15700
   1012.3   0.15691
   1012.5   0.15693
   1012.7   0.15705
   1012.9   0.15709
   1013.1   0.15714
   1013.3   0.15698
   1013.5   0.15688
   1013.7   0.15695
   1013.9   0.15690
   1014.1   0.15710
   1014.3   0.15727
   1014.5   0.15714
   1014.7   0.15713
   1014.9   0.15735
   1015.1   0.15731
   1015.3   0.15716
   1015.5   0.15721
   1015.7   0.15738
   1015.9   0.15752
   1016.1   0.15733
   1016.3   0.15715
   1016.5   0.15726
   1016.7   0.15756
   1016.9   0.15766
   1017.1   0.15756
   1017.3   0.15749
   1017.5   0.15736
   1017.7   0.15731
   1017.9   0.15748
   1018.1   0.15751
   1018.3   0.15741
   1018.5   0.15750
   1018.7   0.15758
   1018.9   0.15740
   1019.1   0.15739
   1019.3   0.15734
   1019.5   0.15733
   1019.7   0.15743
   1019.9   0.15744
   1020.1   0.15772
   1020.3   0.15795
   1020.5   0.15792
   1020.7   0.15794
   1020.9   0.15782
   1021.1   0.15782
   1021.3   0.15789
   1021.5   0.15794
   1021.7   0.15800
   1021.9   0.15793
   1022.1   0.15794
   1022.3   0.15803
   1022.5   0.15810
   1022.7   0.15804
   1022.9   0.15798
   1023.1   0.15808
   1023.3   0.15819
   1023.5   0.15824
   1023.7   0.15814
   1023.9   0.15793
   1024.1   0.15788
   1024.3   0.15796
   1024.5   0.15821
   1024.7   0.15834
   1024.9   0.15824
   1025.1   0.15838
   1025.3   0.15834
   1025.5   0.15807
   1025.7   0.15817
   1025.9   0.15843
   1026.1   0.15843
   1026.3   0.15845
   1026.5   0.15855
   1026.8   0.15836
   1026.9   0.15826
   1027.2   0.15839
   1027.4   0.15849
   1027.6   0.15846
   1027.8   0.15847
   1028.0   0.15862
   1028.2   0.15868
   1028.4   0.15854
   1028.6   0.15855
   1028.8   0.15853
   1029.0   0.15855
   1029.2   0.15865
   1029.4   0.15859
   1029.6   0.15851
   1029.8   0.15862
   1030.0   0.15860
   1030.2   0.15876
   1030.4   0.15888
   1030.6   0.15874
   1030.8   0.15877
   1031.0   0.15885
   1031.2   0.15869
   1031.4   0.15867
   1031.7   0.15882
   1031.8   0.15905
   1032.1   0.15905
   1032.3   0.15894
   1032.5   0.15912
   1032.7   0.15928
   1032.9   0.15912
   1033.1   0.15901
   1033.3   0.15891
   1033.5   0.15889
   1033.7   0.15900
   1033.9   0.15912
   1034.1   0.15916
   1034.3   0.15912
   1034.5   0.15916
   1034.7   0.15930
   1034.9   0.15950
   1035.2   0.15955
   1035.4   0.15936
   1035.6   0.15943
   1035.8   0.15937
   1036.0   0.15928
   1036.2   0.15937
   1036.4   0.15949
   1036.6   0.15942
   1036.8   0.15930
   1037.0   0.15930
   1037.2   0.15934
   1037.4   0.15938
   1037.6   0.15942
   1037.8   0.15946
   1038.1   0.15944
   1038.3   0.15955
   1038.5   0.15965
   1038.7   0.15970
   1038.9   0.15977
   1039.1   0.15979
   1039.3   0.15968
   1039.5   0.15963
   1039.7   0.15958
   1039.9   0.15952
   1040.1   0.15973
   1040.3   0.15979
   1040.6   0.15972
   1040.8   0.15977
   1041.0   0.15983
   1041.2   0.15992
   1041.4   0.16003
   1041.6   0.16003
   1041.8   0.16009
   1042.0   0.16018
   1042.2   0.16012
   1042.4   0.15994
   1042.6   0.15994
   1042.8   0.15996
   1043.1   0.15986
   1043.3   0.15998
   1043.5   0.16021
   1043.7   0.16026
   1043.9   0.16011
   1044.1   0.16014
   1044.3   0.16034
   1044.5   0.16048
   1044.8   0.16053
   1045.0   0.16050
   1045.2   0.16045
   1045.4   0.16033
   1045.6   0.16010
   1045.8   0.16002
   1046.0   0.16034
   1046.2   0.16051
   1046.4   0.16047
   1046.6   0.16039
   1046.9   0.16036
   1047.1   0.16036
   1047.3   0.16054
   1047.5   0.16042
   1047.7   0.16045
   1047.9   0.16066
   1048.1   0.16061
   1048.3   0.16055
   1048.6   0.16054
   1048.8   0.16069
   1049.0   0.16074
   1049.2   0.16073
   1049.4   0.16067
   1049.6   0.16066
   1049.8   0.16079
   1050.0   0.16082
   1050.3   0.16078
   1050.5   0.16084
   1050.7   0.16088
   1050.9   0.16087
   1051.1   0.16089
   1051.3   0.16093
   1051.5   0.16100
   1051.7   0.16095
   1051.9   0.16108
   1052.2   0.16111
   1052.4   0.16114
   1052.6   0.16124
   1052.8   0.16118
   1053.0   0.16131
   1053.2   0.16144
   1053.4   0.16129
   1053.7   0.16139
   1053.9   0.16152
   1054.1   0.16146
   1054.3   0.16135
   1054.5   0.16129
   1054.7   0.16139
   1054.9   0.16149
   1055.2   0.16156
   1055.4   0.16161
   1055.6   0.16158
   1055.8   0.16147
   1056.0   0.16148
   1056.2   0.16158
   1056.4   0.16158
   1056.7   0.16149
   1056.9   0.16144
   1057.1   0.16148
   1057.3   0.16170
   1057.5   0.16184
   1057.8   0.16188
   1058.0   0.16188
   1058.2   0.16172
   1058.4   0.16161
   1058.6   0.16166
   1058.8   0.16170
   1059.0   0.16180
   1059.3   0.16183
   1059.5   0.16165
   1059.7   0.16153
   1059.9   0.16177
   1060.1   0.16206
   1060.3   0.16203
   1060.6   0.16181
   1060.8   0.16184
   1061.0   0.16206
   1061.2   0.16201
   1061.4   0.16195
   1061.7   0.16197
   1061.9   0.16192
   1062.1   0.16182
   1062.3   0.16187
   1062.5   0.16201
   1062.7   0.16224
   1062.9   0.16234
   1063.2   0.16230
   1063.4   0.16223
   1063.6   0.16219
   1063.8   0.16227
   1064.0   0.16229
   1064.3   0.16231
   1064.5   0.16238
   1064.7   0.16238
   1064.9   0.16242
   1065.1   0.16249
   1065.3   0.16240
   1065.6   0.16236
   1065.8   0.16254
   1066.0   0.16258
   1066.2   0.16256
   1066.4   0.16262
   1066.7   0.16267
   1066.9   0.16256
   1067.1   0.16246
   1067.3   0.16244
   1067.6   0.16254
   1067.8   0.16274
   1068.0   0.16275
   1068.2   0.16271
   1068.4   0.16270
   1068.7   0.16276
   1068.9   0.16283
   1069.1   0.16290
   1069.3   0.16287
   1069.5   0.16282
   1069.8   0.16280
   1070.0   0.16295
   1070.2   0.16306
   1070.4   0.16303
   1070.6   0.16310
   1070.8   0.16313
   1071.1   0.16311
   1071.3   0.16310
   1071.5   0.16309
   1071.7   0.16298
   1072.0   0.16306
   1072.2   0.16315
   1072.4   0.16326
   1072.6   0.16338
   1072.8   0.16337
   1073.1   0.16332
   1073.3   0.16341
   1073.5   0.16349
   1073.7   0.16337
   1074.0   0.16330
   1074.2   0.16330
   1074.4   0.16344
   1074.6   0.16358
   1074.8   0.16357
   1075.1   0.16350
   1075.3   0.16356
   1075.5   0.16366
   1075.7   0.16366
   1076.0   0.16349
   1076.2   0.16361
   1076.4   0.16380
   1076.6   0.16373
   1076.9   0.16354
   1077.1   0.16350
   1077.3   0.16368
   1077.5   0.16369
   1077.8   0.16375
   1078.0   0.16394
   1078.2   0.16390
   1078.4   0.16372
   1078.7   0.16373
   1078.9   0.16387
   1079.1   0.16385
   1079.3   0.16389
   1079.6   0.16406
   1079.8   0.16405
   1080.0   0.16400
   1080.2   0.16401
   1080.4   0.16401
   1080.7   0.16409
   1080.9   0.16417
   1081.1   0.16407
   1081.3   0.16413
   1081.6   0.16417
   1081.8   0.16417
   1082.0   0.16424
   1082.3   0.16443
   1082.5   0.16450
   1082.7   0.16439
   1082.9   0.16434
   1083.2   0.16439
   1083.4   0.16448
   1083.6   0.16446
   1083.8   0.16452
   1084.1   0.16442
   1084.3   0.16444
   1084.5   0.16449
   1084.8   0.16447
   1085.0   0.16454
   1085.2   0.16462
   1085.4   0.16456
   1085.7   0.16436
   1085.9   0.16449
   1086.1   0.16472
   1086.3   0.16469
   1086.6   0.16473
   1086.8   0.16483
   1087.0   0.16486
   1087.3   0.16478
   1087.5   0.16465
   1087.7   0.16472
   1087.9   0.16486
   1088.2   0.16494
   1088.4   0.16494
   1088.6   0.16491
   1088.8   0.16492
   1089.1   0.16499
   1089.3   0.16504
   1089.5   0.16511
   1089.8   0.16514
   1090.0   0.16506
   1090.2   0.16507
   1090.4   0.16530
   1090.7   0.16538
   1090.9   0.16531
   1091.1   0.16530
   1091.4   0.16524
   1091.6   0.16514
   1091.8   0.16517
   1092.1   0.16526
   1092.3   0.16528
   1092.5   0.16520
   1092.8   0.16526
   1093.0   0.16535
   1093.2   0.16549
   1093.4   0.16553
   1093.7   0.16539
   1093.9   0.16533
   1094.1   0.16549
   1094.4   0.16553
   1094.6   0.16546
   1094.8   0.16556
   1095.1   0.16558
   1095.3   0.16549
   1095.5   0.16550
   1095.8   0.16551
   1096.0   0.16559
   1096.2   0.16573
   1096.4   0.16578
   1096.7   0.16578
   1096.9   0.16593
   1097.1   0.16599
   1097.4   0.16591
   1097.6   0.16598
   1097.8   0.16597
   1098.1   0.16591
   1098.3   0.16589
   1098.5   0.16589
   1098.8   0.16601
   1099.0   0.16614
   1099.2   0.16610
   1099.5   0.16605
   1099.7   0.16609
   1099.9   0.16607
   1100.2   0.16609
   1100.4   0.16611
   1100.6   0.16605
   1100.9   0.16617
   1101.1   0.16624
   1101.3   0.16619
   1101.6   0.16617
   1101.8   0.16621
   1102.0   0.16628
   1102.3   0.16634
   1102.5   0.16632
   1102.7   0.16637
   1103.0   0.16644
   1103.2   0.16636
   1103.4   0.16640
   1103.7   0.16647
   1103.9   0.16653
   1104.2   0.16663
   1104.4   0.16658
   1104.6   0.16664
   1104.9   0.16669
   1105.1   0.16662
   1105.3   0.16667
   1105.6   0.16667
   1105.8   0.16669
   1106.0   0.16673
   1106.3   0.16664
   1106.5   0.16668
   1106.7   0.16679
   1107.0   0.16684
   1107.2   0.16673
   1107.4   0.16667
   1107.7   0.16676
   1107.9   0.16682
   1108.2   0.16688
   1108.4   0.16690
   1108.6   0.16688
   1108.9   0.16690
   1109.1   0.16691
   1109.3   0.16698
   1109.6   0.16712
   1109.8   0.16715
   1110.1   0.16701
   1110.3   0.16690
   1110.5   0.16700
   1110.8   0.16708
   1111.0   0.16704
   1111.3   0.16696
   1111.5   0.16702
   1111.7   0.16718
   1112.0   0.16726
   1112.2   0.16735
   1112.4   0.16738
   1112.7   0.16744
   1112.9   0.16751
   1113.2   0.16736
   1113.4   0.16732
   1113.6   0.16746
   1113.9   0.16755
   1114.1   0.16759
   1114.3   0.16751
   1114.6   0.16755
   1114.8   0.16768
   1115.1   0.16773
   1115.3   0.16777
   1115.6   0.16761
   1115.8   0.16757
   1116.0   0.16768
   1116.3   0.16782
   1116.5   0.16783
   1116.8   0.16775
   1117.0   0.16771
   1117.2   0.16767
   1117.5   0.16780
   1117.7   0.16794
   1118.0   0.16791
   1118.2   0.16791
   1118.4   0.16788
   1118.7   0.16794
   1118.9   0.16789
   1119.2   0.16792
   1119.4   0.16802
   1119.7   0.16803
   1119.9   0.16799
   1120.1   0.16802
   1120.4   0.16808
   1120.6   0.16818
   1120.9   0.16826
   1121.1   0.16818
   1121.3   0.16815
   1121.6   0.16825
   1121.8   0.16826
   1122.1   0.16825
   1122.3   0.16829
   1122.6   0.16824
   1122.8   0.16827
   1123.0   0.16839
   1123.3   0.16836
   1123.5   0.16837
   1123.8   0.16844
   1124.0   0.16846
   1124.3   0.16839
   1124.5   0.16841
   1124.8   0.16856
   1125.0   0.16856
   1125.2   0.16856
   1125.5   0.16855
   1125.7   0.16857
   1126.0   0.16862
   1126.2   0.16870
   1126.5   0.16875
   1126.7   0.16865
   1126.9   0.16861
   1127.2   0.16868
   1127.4   0.16877
   1127.7   0.16877
   1127.9   0.16876
   1128.2   0.16880
   1128.4   0.16889
   1128.7   0.16900
   1128.9   0.16893
   1129.2   0.16890
   1129.4   0.16902
   1129.7   0.16897
   1129.9   0.16883
   1130.1   0.16879
   1130.4   0.16886
   1130.6   0.16898
   1130.9   0.16917
   1131.1   0.16919
   1131.4   0.16915
   1131.6   0.16916
   1131.9   0.16908
   1132.1   0.16907
   1132.4   0.16915
   1132.6   0.16923
   1132.9   0.16928
   1133.1   0.16924
   1133.3   0.16923
   1133.6   0.16926
   1133.8   0.16932
   1134.1   0.16929
   1134.3   0.16927
   1134.6   0.16932
   1134.8   0.16942
   1135.1   0.16954
   1135.3   0.16952
   1135.6   0.16948
   1135.8   0.16941
   1136.1   0.16945
   1136.3   0.16959
   1136.6   0.16972
   1136.8   0.16977
   1137.1   0.16965
   1137.3   0.16963
   1137.6   0.16964
   1137.8   0.16963
   1138.1   0.16963
   1138.3   0.16966
   1138.6   0.16970
   1138.8   0.16977
   1139.1   0.16988
   1139.3   0.16989
   1139.6   0.16985
   1139.8   0.16977
   1140.1   0.16974
   1140.3   0.16988
   1140.6   0.16992
   1140.8   0.16996
   1141.1   0.16995
   1141.3   0.16998
   1141.6   0.16997
   1141.8   0.16991
   1142.1   0.17001
   1142.3   0.17010
   1142.6   0.17015
   1142.8   0.17009
   1143.1   0.17001
   1143.3   0.17019
   1143.6   0.17030
   1143.9   0.17021
   1144.1   0.17017
   1144.4   0.17025
   1144.6   0.17039
   1144.9   0.17035
   1145.1   0.17020
   1145.4   0.17024
   1145.6   0.17038
   1145.9   0.17040
   1146.1   0.17035
   1146.4   0.17034
   1146.6   0.17036
   1146.9   0.17036
   1147.2   0.17042
   1147.4   0.17052
   1147.7   0.17047
   1147.9   0.17042
   1148.2   0.17048
   1148.4   0.17061
   1148.7   0.17067
   1148.9   0.17070
   1149.2   0.17074
   1149.4   0.17071
   1149.7   0.17061
   1149.9   0.17063
   1150.2   0.17074
   1150.4   0.17081
   1150.7   0.17088
   1151.0   0.17086
   1151.2   0.17076
   1151.5   0.17080
   1151.7   0.17081
   1152.0   0.17078
   1152.2   0.17076
   1152.5   0.17085
   1152.8   0.17101
   1153.0   0.17111
   1153.3   0.17110
   1153.5   0.17110
   1153.8   0.17114
   1154.0   0.17108
   1154.3   0.17100
   1154.6   0.17107
   1154.8   0.17106
   1155.1   0.17111
   1155.3   0.17116
   1155.6   0.17122
   1155.8   0.17125
   1156.1   0.17120
   1156.4   0.17119
   1156.6   0.17131
   1156.9   0.17135
   1157.1   0.17131
   1157.4   0.17135
   1157.7   0.17144
   1157.9   0.17146
   1158.2   0.17144
   1158.4   0.17149
   1158.7   0.17149
   1158.9   0.17143
   1159.2   0.17139
   1159.5   0.17141
   1159.7   0.17143
   1160.0   0.17146
   1160.2   0.17156
   1160.5   0.17160
   1160.8   0.17160
   1161.0   0.17168
   1161.3   0.17170
   1161.5   0.17168
   1161.8   0.17176
   1162.1   0.17177
   1162.3   0.17174
   1162.6   0.17180
   1162.8   0.17184
   1163.1   0.17186
   1163.4   0.17190
   1163.6   0.17187
   1163.9   0.17186
   1164.2   0.17199
   1164.4   0.17193
   1164.7   0.17180
   1164.9   0.17184
   1165.2   0.17193
   1165.4   0.17195
   1165.7   0.17200
   1166.0   0.17209
   1166.2   0.17211
   1166.5   0.17214
   1166.8   0.17209
   1167.0   0.17208
   1167.3   0.17212
   1167.6   0.17209
   1167.8   0.17210
   1168.1   0.17217
   1168.3   0.17223
   1168.6   0.17219
   1168.9   0.17226
   1169.1   0.17236
   1169.4   0.17228
   1169.7   0.17225
   1169.9   0.17229
   1170.2   0.17234
   1170.4   0.17238
   1170.7   0.17237
   1171.0   0.17238
   1171.3   0.17234
   1171.5   0.17235
   1171.8   0.17238
   1172.0   0.17238
   1172.3   0.17241
   1172.6   0.17251
   1172.8   0.17260
   1173.1   0.17258
   1173.4   0.17255
   1173.6   0.17265
   1173.9   0.17273
   1174.2   0.17269
   1174.4   0.17260
   1174.7   0.17264
   1175.0   0.17272
   1175.2   0.17277
   1175.5   0.17288
   1175.8   0.17292
   1176.0   0.17292
   1176.3   0.17292
   1176.6   0.17289
   1176.8   0.17289
   1177.1   0.17292
   1177.4   0.17295
   1177.6   0.17298
   1177.9   0.17296
   1178.2   0.17295
   1178.4   0.17300
   1178.7   0.17307
   1179.0   0.17309
   1179.2   0.17306
   1179.5   0.17300
   1179.8   0.17309
   1180.0   0.17323
   1180.3   0.17317
   1180.6   0.17308
   1180.8   0.17312
   1181.1   0.17319
   1181.4   0.17324
   1181.7   0.17325
   1181.9   0.17315
   1182.2   0.17312
   1182.5   0.17325
   1182.7   0.17336
   1183.0   0.17335
   1183.3   0.17336
   1183.5   0.17341
   1183.8   0.17337
   1184.1   0.17339
   1184.4   0.17349
   1184.6   0.17361
   1184.9   0.17356
   1185.2   0.17350
   1185.4   0.17349
   1185.7   0.17356
   1186.0   0.17360
   1186.3   0.17353
   1186.5   0.17358
   1186.8   0.17363
   1187.1   0.17363
   1187.3   0.17368
   1187.6   0.17372
   1187.9   0.17374
   1188.2   0.17368
   1188.4   0.17368
   1188.7   0.17378
   1189.0   0.17378
   1189.3   0.17380
   1189.5   0.17391
   1189.8   0.17396
   1190.1   0.17395
   1190.3   0.17392
   1190.6   0.17394
   1190.9   0.17400
   1191.2   0.17402
   1191.4   0.17403
   1191.7   0.17402
   1192.0   0.17399
   1192.3   0.17400
   1192.5   0.17403
   1192.8   0.17405
   1193.1   0.17406
   1193.3   0.17402
   1193.6   0.17403
   1193.9   0.17411
   1194.2   0.17412
   1194.4   0.17417
   1194.7   0.17426
   1195.0   0.17429
   1195.3   0.17425
   1195.6   0.17421
   1195.8   0.17422
   1196.1   0.17436
   1196.4   0.17440
   1196.7   0.17437
   1196.9   0.17444
   1197.2   0.17446
   1197.5   0.17444
   1197.8   0.17443
   1198.0   0.17445
   1198.3   0.17451
   1198.6   0.17454
   1198.9   0.17458
   1199.2   0.17461
   1199.4   0.17454
   1199.7   0.17450
   1200.0   0.17448
   1200.3   0.17453
   1200.5   0.17456
   1200.8   0.17466
   1201.1   0.17477
   1201.4   0.17476
   1201.7   0.17477
   1201.9   0.17479
   1202.2   0.17472
   1202.5   0.17470
   1202.8   0.17474
   1203.0   0.17484
   1203.3   0.17492
   1203.6   0.17490
   1203.9   0.17489
   1204.2   0.17486
   1204.4   0.17488
   1204.7   0.17496
   1205.0   0.17500
   1205.3   0.17495
   1205.6   0.17504
   1205.8   0.17517
   1206.1   0.17515
   1206.4   0.17507
   1206.7   0.17504
   1207.0   0.17511
   1207.2   0.17509
   1207.5   0.17499
   1207.8   0.17503
   1208.1   0.17511
   1208.4   0.17519
   1208.7   0.17528
   1208.9   0.17525
   1209.2   0.17529
   1209.5   0.17538
   1209.8   0.17537
   1210.1   0.17537
   1210.3   0.17532
   1210.6   0.17530
   1210.9   0.17543
   1211.2   0.17549
   1211.5   0.17543
   1211.8   0.17546
   1212.0   0.17547
   1212.3   0.17545
   1212.6   0.17550
   1212.9   0.17551
   1213.2   0.17549
   1213.5   0.17556
   1213.7   0.17560
   1214.0   0.17567
   1214.3   0.17571
   1214.6   0.17564
   1214.9   0.17573
   1215.2   0.17586
   1215.4   0.17588
   1215.7   0.17582
   1216.0   0.17582
   1216.3   0.17583
   1216.6   0.17586
   1216.9   0.17582
   1217.2   0.17578
   1217.4   0.17580
   1217.7   0.17586
   1218.0   0.17590
   1218.3   0.17596
   1218.6   0.17602
   1218.9   0.17594
   1219.2   0.17589
   1219.4   0.17594
   1219.7   0.17601
   1220.0   0.17605
   1220.3   0.17606
   1220.6   0.17607
   1220.9   0.17611
   1221.2   0.17611
   1221.5   0.17614
   1221.8   0.17622
   1222.0   0.17626
   1222.3   0.17623
   1222.6   0.17619
   1222.9   0.17618
   1223.2   0.17625
   1223.5   0.17637
   1223.8   0.17639
   1224.1   0.17637
   1224.3   0.17638
   1224.6   0.17642
   1224.9   0.17650
   1225.2   0.17649
   1225.5   0.17644
   1225.8   0.17645
   1226.1   0.17648
   1226.4   0.17654
   1226.7   0.17655
   1227.0   0.17645
   1227.3   0.17649
   1227.5   0.17655
   1227.8   0.17652
   1228.1   0.17658
   1228.4   0.17671
   1228.7   0.17680
   1229.0   0.17679
   1229.3   0.17679
   1229.6   0.17680
   1229.9   0.17682
   1230.2   0.17682
   1230.4   0.17683
   1230.7   0.17682
   1231.0   0.17682
   1231.3   0.17680
   1231.6   0.17688
   1231.9   0.17691
   1232.2   0.17691
   1232.5   0.17698
   1232.8   0.17697
   1233.1   0.17695
   1233.4   0.17704
   1233.7   0.17710
   1234.0   0.17708
   1234.3   0.17711
   1234.6   0.17718
   1234.8   0.17720
   1235.1   0.17723
   1235.4   0.17723
   1235.7   0.17723
   1236.0   0.17723
   1236.3   0.17727
   1236.6   0.17727
   1236.9   0.17726
   1237.2   0.17727
   1237.5   0.17727
   1237.8   0.17731
   1238.1   0.17737
   1238.4   0.17739
   1238.7   0.17738
   1239.0   0.17741
   1239.3   0.17747
   1239.6   0.17752
   1239.9   0.17750
   1240.2   0.17748
   1240.5   0.17752
   1240.8   0.17755
   1241.1   0.17756
   1241.3   0.17761
   1241.7   0.17766
   1241.9   0.17769
   1242.2   0.17769
   1242.5   0.17773
   1242.8   0.17786
   1243.1   0.17789
   1243.4   0.17778
   1243.7   0.17775
   1244.0   0.17774
   1244.3   0.17775
   1244.6   0.17780
   1244.9   0.17786
   1245.2   0.17793
   1245.5   0.17795
   1245.8   0.17797
   1246.1   0.17800
   1246.4   0.17800
   1246.7   0.17808
   1247.0   0.17812
   1247.3   0.17812
   1247.6   0.17818
   1247.9   0.17816
   1248.2   0.17817
   1248.5   0.17817
   1248.8   0.17810
   1249.1   0.17814
   1249.4   0.17817
   1249.7   0.17817
   1250.0   0.17821
   1250.3   0.17827
   1250.6   0.17833
   1250.9   0.17837
   1251.2   0.17836
   1251.5   0.17839
   1251.8   0.17843
   1252.1   0.17849
   1252.4   0.17853
   1252.8   0.17850
   1253.1   0.17851
   1253.3   0.17854
   1253.7   0.17855
   1254.0   0.17849
   1254.3   0.17852
   1254.6   0.17868
   1254.9   0.17875
   1255.2   0.17869
   1255.5   0.17869
   1255.8   0.17881
   1256.1   0.17879
   1256.4   0.17875
   1256.7   0.17879
   1257.0   0.17883
   1257.3   0.17885
   1257.6   0.17886
   1257.9   0.17891
   1258.2   0.17897
   1258.5   0.17892
   1258.8   0.17892
   1259.1   0.17893
   1259.4   0.17894
   1259.8   0.17894
   1260.1   0.17895
   1260.4   0.17906
   1260.7   0.17908
   1261.0   0.17906
   1261.3   0.17912
   1261.6   0.17922
   1261.9   0.17925
   1262.2   0.17919
   1262.5   0.17918
   1262.8   0.17928
   1263.1   0.17931
   1263.4   0.17927
   1263.7   0.17925
   1264.1   0.17932
   1264.4   0.17940
   1264.7   0.17943
   1265.0   0.17943
   1265.3   0.17942
   1265.6   0.17940
   1265.9   0.17941
   1266.2   0.17948
   1266.5   0.17950
   1266.8   0.17947
   1267.1   0.17954
   1267.4   0.17965
   1267.8   0.17965
   1268.1   0.17960
   1268.4   0.17965
   1268.7   0.17965
   1269.0   0.17969
   1269.3   0.17970
   1269.6   0.17969
   1269.9   0.17978
   1270.2   0.17977
   1270.6   0.17978
   1270.9   0.17980
   1271.2   0.17979
   1271.5   0.17985
   1271.8   0.17992
   1272.1   0.17994
   1272.4   0.17995
   1272.7   0.17999
   1273.1   0.18005
   1273.4   0.18010
   1273.7   0.18008
   1274.0   0.18007
   1274.3   0.18005
   1274.6   0.18005
   1274.9   0.18007
   1275.2   0.18016
   1275.6   0.18024
   1275.9   0.18029
   1276.2   0.18020
   1276.5   0.18011
   1276.8   0.18019
   1277.1   0.18025
   1277.4   0.18022
   1277.8   0.18024
   1278.1   0.18029
   1278.4   0.18029
   1278.7   0.18033
   1279.0   0.18036
   1279.3   0.18037
   1279.7   0.18042
   1280.0   0.18043
   1280.3   0.18047
   1280.6   0.18058
   1280.9   0.18066
   1281.2   0.18072
   1281.6   0.18067
   1281.9   0.18056
   1282.2   0.18060
   1282.5   0.18071
   1282.8   0.18074
   1283.1   0.18076
   1283.4   0.18082
   1283.8   0.18088
   1284.1   0.18090
   1284.4   0.18086
   1284.7   0.18080
   1285.0   0.18077
   1285.4   0.18078
   1285.7   0.18083
   1286.0   0.18097
   1286.3   0.18104
   1286.6   0.18100
   1286.9   0.18097
   1287.3   0.18100
   1287.6   0.18102
   1287.9   0.18109
   1288.2   0.18118
   1288.6   0.18117
   1288.9   0.18110
   1289.2   0.18113
   1289.5   0.18119
   1289.8   0.18115
   1290.2   0.18121
   1290.5   0.18125
   1290.8   0.18133
   1291.1   0.18146
   1291.4   0.18147
   1291.8   0.18143
   1292.1   0.18148
   1292.4   0.18147
   1292.7   0.18143
   1293.1   0.18145
   1293.4   0.18150
   1293.7   0.18149
   1294.0   0.18150
   1294.3   0.18147
   1294.7   0.18146
   1295.0   0.18153
   1295.3   0.18158
   1295.6   0.18160
   1296.0   0.18163
   1296.3   0.18164
   1296.6   0.18171
   1296.9   0.18176
   1297.3   0.18180
   1297.6   0.18184
   1297.9   0.18182
   1298.2   0.18184
   1298.6   0.18187
   1298.9   0.18191
   1299.2   0.18194
   1299.5   0.18190
   1299.9   0.18189
   1300.2   0.18197
   1300.5   0.18206
   1300.8   0.18213
   1301.2   0.18213
   1301.5   0.18209
   1301.8   0.18212
   1302.1   0.18212
   1302.5   0.18214
   1302.8   0.18218
   1303.1   0.18225
   1303.4   0.18225
   1303.8   0.18227
   1304.1   0.18227
   1304.4   0.18227
   1304.8   0.18234
   1305.1   0.18246
   1305.4   0.18246
   1305.8   0.18243
   1306.1   0.18249
   1306.4   0.18248
   1306.7   0.18244
   1307.1   0.18246
   1307.4   0.18249
   1307.7   0.18257
   1308.1   0.18265
   1308.4   0.18264
   1308.7   0.18266
   1309.1   0.18276
   1309.4   0.18276
   1309.7   0.18271
   1310.0   0.18278
   1310.4   0.18288
   1310.7   0.18285
   1311.0   0.18276
   1311.4   0.18279
   1311.7   0.18283
   1312.0   0.18284
   1312.4   0.18290
   1312.7   0.18293
   1313.0   0.18300
   1313.4   0.18304
   1313.7   0.18313
   1314.0   0.18318
   1314.4   0.18317
   1314.7   0.18317
   1315.0   0.18314
   1315.4   0.18319
   1315.7   0.18324
   1316.0   0.18323
   1316.4   0.18325
   1316.7   0.18330
   1317.0   0.18328
   1317.4   0.18327
   1317.7   0.18333
   1318.0   0.18337
   1318.4   0.18342
   1318.7   0.18351
   1319.0   0.18357
   1319.4   0.18359
   1319.7   0.18357
   1320.1   0.18357
   1320.4   0.18358
   1320.7   0.18365
   1321.1   0.18370
   1321.4   0.18367
   1321.7   0.18366
   1322.1   0.18368
   1322.4   0.18372
   1322.7   0.18373
   1323.1   0.18378
   1323.4   0.18386
   1323.8   0.18383
   1324.1   0.18385
   1324.4   0.18389
   1324.8   0.18380
   1325.1   0.18382
   1325.4   0.18395
   1325.8   0.18403
   1326.1   0.18402
   1326.5   0.18400
   1326.8   0.18407
   1327.1   0.18408
   1327.5   0.18410
   1327.8   0.18415
   1328.2   0.18420
   1328.5   0.18425
   1328.8   0.18425
   1329.2   0.18426
   1329.5   0.18429
   1329.9   0.18425
   1330.2   0.18426
   1330.6   0.18433
   1330.9   0.18436
   1331.2   0.18444
   1331.6   0.18448
   1331.9   0.18442
   1332.3   0.18443
   1332.6   0.18445
   1332.9   0.18449
   1333.3   0.18453
   1333.6   0.18454
   1334.0   0.18458
   1334.3   0.18464
   1334.7   0.18466
   1335.0   0.18466
   1335.3   0.18472
   1335.7   0.18478
   1336.0   0.18474
   1336.4   0.18472
   1336.7   0.18479
   1337.1   0.18483
   1337.4   0.18488
   1337.8   0.18494
   1338.1   0.18495
   1338.4   0.18494
   1338.8   0.18497
   1339.1   0.18498
   1339.5   0.18505
   1339.8   0.18507
   1340.2   0.18511
   1340.5   0.18517
   1340.9   0.18512
   1341.2   0.18515
   1341.6   0.18524
   1341.9   0.18530
   1342.3   0.18533
   1342.6   0.18530
   1342.9   0.18533
   1343.3   0.18537
   1343.7   0.18538
   1344.0   0.18539
   1344.3   0.18545
   1344.7   0.18546
   1345.0   0.18553
   1345.4   0.18558
   1345.7   0.18556
   1346.1   0.18555
   1346.4   0.18554
   1346.8   0.18558
   1347.1   0.18558
   1347.5   0.18566
   1347.8   0.18575
   1348.2   0.18583
   1348.5   0.18581
   1348.9   0.18576
   1349.3   0.18574
   1349.6   0.18580
   1349.9   0.18584
   1350.3   0.18589
   1350.7   0.18596
   1351.0   0.18601
   1351.3   0.18602
   1351.7   0.18600
   1352.1   0.18597
   1352.4   0.18603
   1352.8   0.18614
   1353.1   0.18614
   1353.5   0.18613
   1353.8   0.18612
   1354.2   0.18613
   1354.5   0.18624
   1354.9   0.18632
   1355.2   0.18632
   1355.6   0.18632
   1355.9   0.18634
   1356.3   0.18642
   1356.7   0.18648
   1357.0   0.18650
   1357.4   0.18650
   1357.7   0.18650
   1358.1   0.18654
   1358.4   0.18659
   1358.8   0.18664
   1359.2   0.18665
   1359.5   0.18666
   1359.9   0.18663
   1360.2   0.18663
   1360.6   0.18670
   1360.9   0.18682
   1361.3   0.18690
   1361.7   0.18688
   1362.0   0.18686
   1362.4   0.18688
   1362.7   0.18693
   1363.1   0.18697
   1363.4   0.18693
   1363.8   0.18693
   1364.2   0.18697
   1364.5   0.18705
   1364.9   0.18711
   1365.2   0.18707
   1365.6   0.18708
   1365.9   0.18715
   1366.3   0.18714
   1366.7   0.18712
   1367.0   0.18715
   1367.4   0.18719
   1367.8   0.18722
   1368.1   0.18727
   1368.5   0.18732
   1368.8   0.18731
   1369.2   0.18729
   1369.6   0.18737
   1369.9   0.18743
   1370.3   0.18741
   1370.7   0.18746
   1371.0   0.18762
   1371.4   0.18763
   1371.7   0.18758
   1372.1   0.18758
   1372.5   0.18764
   1372.8   0.18768
   1373.2   0.18765
   1373.6   0.18768
   1373.9   0.18772
   1374.3   0.18776
   1374.6   0.18776
   1375.0   0.18780
   1375.4   0.18787
   1375.7   0.18787
   1376.1   0.18783
   1376.5   0.18786
   1376.8   0.18790
   1377.2   0.18797
   1377.6   0.18800
   1377.9   0.18802
   1378.3   0.18802
   1378.7   0.18802
   1379.0   0.18809
   1379.4   0.18813
   1379.8   0.18817
   1380.1   0.18820
   1380.5   0.18824
   1380.9   0.18834
   1381.2   0.18833
   1381.6   0.18833
   1382.0   0.18837
   1382.3   0.18844
   1382.7   0.18854
   1383.1   0.18855
   1383.4   0.18852
   1383.8   0.18851
   1384.2   0.18848
   1384.6   0.18853
   1384.9   0.18854
   1385.3   0.18857
   1385.7   0.18860
   1386.0   0.18859
   1386.4   0.18859
   1386.8   0.18864
   1387.2   0.18869
   1387.5   0.18871
   1387.9   0.18875
   1388.3   0.18876
   1388.6   0.18876
   1389.0   0.18883
   1389.4   0.18890
   1389.8   0.18893
   1390.1   0.18894
   1390.5   0.18891
   1390.9   0.18893
   1391.2   0.18899
   1391.6   0.18906
   1392.0   0.18910
   1392.4   0.18913
   1392.7   0.18913
   1393.1   0.18914
   1393.5   0.18917
   1393.9   0.18918
   1394.2   0.18924
   1394.6   0.18928
   1395.0   0.18933
   1395.4   0.18942
   1395.7   0.18943
   1396.1   0.18937
   1396.5   0.18942
   1396.9   0.18950
   1397.2   0.18949
   1397.6   0.18946
   1398.0   0.18950
   1398.4   0.18956
   1398.8   0.18954
   1399.1   0.18953
   1399.5   0.18960
   1399.9   0.18966
   1400.3   0.18975
   1400.6   0.18981
   1401.0   0.18979
   1401.4   0.18978
   1401.8   0.18976
   1402.2   0.18980
   1402.5   0.18982
   1402.9   0.18985
   1403.3   0.18985
   1403.7   0.18987
   1404.1   0.18996
   1404.4   0.19006
   1404.8   0.19008
   1405.2   0.19008
   1405.6   0.19010
   1406.0   0.19009
   1406.3   0.19010
   1406.7   0.19017
   1407.1   0.19023
   1407.5   0.19026
   1407.9   0.19027
   1408.3   0.19022
   1408.6   0.19025
   1409.0   0.19035
   1409.4   0.19040
   1409.8   0.19039
   1410.2   0.19040
   1410.6   0.19044
   1410.9   0.19046
   1411.3   0.19046
   1411.7   0.19054
   1412.1   0.19058
   1412.5   0.19060
   1412.8   0.19063
   1413.2   0.19065
   1413.6   0.19067
   1414.0   0.19068
   1414.4   0.19072
   1414.8   0.19078
   1415.2   0.19078
   1415.6   0.19075
   1415.9   0.19083
   1416.3   0.19087
   1416.7   0.19090
   1417.1   0.19096
   1417.5   0.19097
   1417.9   0.19097
   1418.3   0.19102
   1418.7   0.19107
   1419.0   0.19114
   1419.4   0.19116
   1419.8   0.19116
   1420.2   0.19120
   1420.6   0.19125
   1421.0   0.19130
   1421.4   0.19129
   1421.8   0.19125
   1422.2   0.19124
   1422.5   0.19126
   1422.9   0.19135
   1423.3   0.19142
   1423.7   0.19143
   1424.1   0.19149
   1424.5   0.19151
   1424.9   0.19153
   1425.3   0.19153
   1425.7   0.19155
   1426.1   0.19160
   1426.5   0.19166
   1426.8   0.19174
   1427.2   0.19175
   1427.6   0.19170
   1428.0   0.19166
   1428.4   0.19171
   1428.8   0.19175
   1429.2   0.19176
   1429.6   0.19181
   1430.0   0.19184
   1430.4   0.19187
   1430.8   0.19190
   1431.2   0.19197
   1431.6   0.19201
   1432.0   0.19199
   1432.4   0.19203
   1432.8   0.19207
   1433.2   0.19212
   1433.6   0.19217
   1433.9   0.19218
   1434.3   0.19219
   1434.8   0.19215
   1435.1   0.19218
   1435.5   0.19224
   1435.9   0.19226
   1436.3   0.19228
   1436.7   0.19231
   1437.1   0.19239
   1437.5   0.19245
   1437.9   0.19247
   1438.3   0.19246
   1438.7   0.19250
   1439.1   0.19251
   1439.5   0.19251
   1439.9   0.19257
   1440.3   0.19261
   1440.7   0.19263
   1441.1   0.19264
   1441.5   0.19265
   1441.9   0.19272
   1442.3   0.19277
   1442.7   0.19275
   1443.1   0.19276
   1443.5   0.19279
   1443.9   0.19280
   1444.3   0.19281
   1444.7   0.19293
   1445.1   0.19297
   1445.6   0.19292
   1445.9   0.19296
   1446.3   0.19305
   1446.8   0.19307
   1447.2   0.19305
   1447.6   0.19306
   1448.0   0.19310
   1448.4   0.19316
   1448.8   0.19321
   1449.2   0.19324
   1449.6   0.19324
   1450.0   0.19328
   1450.4   0.19334
   1450.8   0.19336
   1451.2   0.19334
   1451.6   0.19337
   1452.0   0.19344
   1452.4   0.19343
   1452.8   0.19343
   1453.2   0.19347
   1453.7   0.19350
   1454.1   0.19353
   1454.5   0.19362
   1454.9   0.19367
   1455.3   0.19366
   1455.7   0.19366
   1456.1   0.19371
   1456.5   0.19374
   1456.9   0.19372
   1457.3   0.19374
   1457.7   0.19378
   1458.2   0.19376
   1458.6   0.19377
   1459.0   0.19383
   1459.4   0.19387
   1459.8   0.19391
   1460.2   0.19395
   1460.6   0.19396
   1461.0   0.19402
   1461.4   0.19410
   1461.8   0.19411
   1462.3   0.19411
   1462.7   0.19419
   1463.1   0.19419
   1463.5   0.19416
   1463.9   0.19418
   1464.3   0.19417
   1464.7   0.19421
   1465.2   0.19424
   1465.6   0.19425
   1466.0   0.19431
   1466.4   0.19437
   1466.8   0.19441
   1467.2   0.19446
   1467.6   0.19449
   1468.1   0.19448
   1468.5   0.19446
   1468.9   0.19447
   1469.3   0.19448
   1469.7   0.19450
   1470.1   0.19458
   1470.6   0.19464
   1471.0   0.19464
   1471.4   0.19468
   1471.8   0.19474
   1472.2   0.19473
   1472.6   0.19476
   1473.1   0.19481
   1473.5   0.19485
   1473.9   0.19487
   1474.3   0.19487
   1474.7   0.19490
   1475.2   0.19494
   1475.6   0.19494
   1476.0   0.19498
   1476.4   0.19504
   1476.8   0.19507
   1477.3   0.19502
   1477.7   0.19501
   1478.1   0.19511
   1478.5   0.19515
   1478.9   0.19512
   1479.4   0.19513
   1479.8   0.19519
   1480.2   0.19523
   1480.6   0.19527
   1481.1   0.19529
   1481.5   0.19533
   1481.9   0.19537
   1482.3   0.19542
   1482.8   0.19541
   1483.2   0.19543
   1483.6   0.19551
   1484.0   0.19553
   1484.4   0.19552
   1484.9   0.19555
   1485.3   0.19555
   1485.7   0.19557
   1486.2   0.19563
   1486.6   0.19565
   1487.0   0.19568
   1487.4   0.19572
   1487.9   0.19573
   1488.3   0.19570
   1488.7   0.19582
   1489.1   0.19591
   1489.6   0.19588
   1490.0   0.19587
   1490.4   0.19594
   1490.8   0.19601
   1491.3   0.19599
   1491.7   0.19601
   1492.1   0.19600
   1492.6   0.19599
   1493.0   0.19604
   1493.4   0.19609
   1493.9   0.19612
   1494.3   0.19614
   1494.7   0.19619
   1495.2   0.19621
   1495.6   0.19624
   1496.0   0.19630
   1496.4   0.19632
   1496.9   0.19633
   1497.3   0.19637
   1497.7   0.19638
   1498.2   0.19639
   1498.6   0.19634
   1499.0   0.19632
   1499.5   0.19637
   1499.9   0.19644
   1500.3   0.19648
   1500.8   0.19653
   1501.2   0.19659
   1501.7   0.19660
   1502.1   0.19661
   1502.5   0.19660
   1502.9   0.19664
   1503.4   0.19666
   1503.8   0.19667
   1504.3   0.19674
   1504.7   0.19679
   1505.1   0.19683
   1505.6   0.19685
   1506.0   0.19683
   1506.4   0.19684
   1506.9   0.19685
   1507.3   0.19687
   1507.8   0.19690
   1508.2   0.19701
   1508.6   0.19707
   1509.1   0.19703
   1509.5   0.19704
   1510.0   0.19707
   1510.4   0.19709
   1510.8   0.19710
   1511.3   0.19714
   1511.7   0.19720
   1512.2   0.19716
   1512.6   0.19718
   1513.0   0.19728
   1513.5   0.19735
   1513.9   0.19733
   1514.4   0.19732
   1514.8   0.19735
   1515.3   0.19735
   1515.7   0.19737
   1516.1   0.19743
   1516.6   0.19745
   1517.0   0.19747
   1517.5   0.19751
   1517.9   0.19753
   1518.4   0.19756
   1518.8   0.19760
   1519.3   0.19761
   1519.7   0.19767
   1520.1   0.19768
   1520.6   0.19767
   1521.0   0.19772
   1521.5   0.19777
   1521.9   0.19782
   1522.4   0.19782
   1522.8   0.19782
   1523.3   0.19783
   1523.7   0.19787
   1524.2   0.19790
   1524.6   0.19793
   1525.1   0.19796
   1525.5   0.19792
   1525.9   0.19796
   1526.4   0.19806
   1526.8   0.19808
   1527.3   0.19806
   1527.8   0.19810
   1528.2   0.19816
   1528.7   0.19815
   1529.1   0.19813
   1529.6   0.19817
   1530.0   0.19817
   1530.5   0.19816
   1530.9   0.19822
   1531.4   0.19828
   1531.8   0.19832
   1532.3   0.19836
   1532.7   0.19840
   1533.2   0.19838
   1533.6   0.19837
   1534.1   0.19841
   1534.5   0.19843
   1535.0   0.19843
   1535.4   0.19843
   1535.9   0.19842
   1536.3   0.19849
   1536.8   0.19857
   1537.3   0.19861
   1537.7   0.19863
   1538.2   0.19859
   1538.6   0.19855
   1539.1   0.19859
   1539.6   0.19862
   1540.0   0.19867
   1540.5   0.19872
   1540.9   0.19873
   1541.4   0.19878
   1541.8   0.19882
   1542.3   0.19883
   1542.8   0.19882
   1543.2   0.19882
   1543.7   0.19888
   1544.1   0.19891
   1544.6   0.19891
   1545.1   0.19893
   1545.5   0.19895
   1546.0   0.19896
   1546.4   0.19902
   1546.9   0.19903
   1547.4   0.19902
   1547.8   0.19905
   1548.3   0.19911
   1548.8   0.19918
   1549.2   0.19914
   1549.7   0.19909
   1550.1   0.19914
   1550.6   0.19919
   1551.1   0.19925
   1551.5   0.19928
   1552.0   0.19929
   1552.4   0.19937
   1552.9   0.19943
   1553.4   0.19945
   1553.8   0.19941
   1554.3   0.19938
   1554.8   0.19942
   1555.3   0.19950
   1555.7   0.19951
   1556.2   0.19945
   1556.7   0.19947
   1557.1   0.19955
   1557.6   0.19958
   1558.1   0.19961
   1558.5   0.19964
   1559.0   0.19964
   1559.5   0.19967
   1559.9   0.19971
   1560.4   0.19972
   1560.9   0.19974
   1561.3   0.19975
   1561.8   0.19972
   1562.3   0.19971
   1562.8   0.19978
   1563.2   0.19980
   1563.7   0.19983
   1564.2   0.19988
   1564.6   0.19988
   1565.1   0.19987
   1565.6   0.19990
   1566.1   0.19992
   1566.5   0.19999
   1567.0   0.20004
   1567.5   0.19999
   1567.9   0.20001
   1568.4   0.20010
   1568.9   0.20017
   1569.4   0.20020
   1569.8   0.20019
   1570.3   0.20013
   1570.8   0.20016
   1571.3   0.20022
   1571.8   0.20024
   1572.2   0.20025
   1572.7   0.20030
   1573.2   0.20034
   1573.7   0.20034
   1574.1   0.20035
   1574.6   0.20036
   1575.1   0.20041
   1575.6   0.20041
   1576.1   0.20043
   1576.5   0.20048
   1577.0   0.20051
   1577.5   0.20048
   1578.0   0.20045
   1578.4   0.20048
   1578.9   0.20048
   1579.4   0.20052
   1579.9   0.20060
   1580.4   0.20062
   1580.9   0.20058
   1581.3   0.20060
   1581.8   0.20064
   1582.3   0.20069
   1582.8   0.20069
   1583.3   0.20067
   1583.8   0.20074
   1584.2   0.20079
   1584.7   0.20080
   1585.2   0.20080
   1585.7   0.20082
   1586.2   0.20087
   1586.7   0.20090
   1587.2   0.20088
   1587.6   0.20087
   1588.1   0.20089
   1588.6   0.20090
   1589.1   0.20095
   1589.6   0.20100
   1590.1   0.20105
   1590.6   0.20110
   1591.0   0.20110
   1591.5   0.20109
   1592.0   0.20109
   1592.5   0.20112
   1593.0   0.20115
   1593.5   0.20117
   1594.0   0.20114
   1594.5   0.20115
   1595.0   0.20122
   1595.4   0.20125
   1595.9   0.20121
   1596.4   0.20123
   1596.9   0.20130
   1597.4   0.20135
   1597.9   0.20139
   1598.4   0.20140
   1598.9   0.20139
   1599.4   0.20144
   1599.9   0.20146
   1600.4   0.20147
   1600.9   0.20153
   1601.4   0.20155
   1601.9   0.20156
   1602.3   0.20152
   1602.8   0.20155
   1603.3   0.20159
   1603.8   0.20164
   1604.3   0.20164
   1604.8   0.20164
   1605.3   0.20169
   1605.8   0.20169
   1606.3   0.20167
   1606.8   0.20173
   1607.3   0.20178
   1607.8   0.20174
   1608.3   0.20175
   1608.8   0.20180
   1609.3   0.20182
   1609.8   0.20181
   1610.3   0.20183
   1610.8   0.20186
   1611.3   0.20189
   1611.8   0.20191
   1612.3   0.20193
   1612.8   0.20200
   1613.3   0.20203
   1613.8   0.20200
   1614.3   0.20198
   1614.8   0.20202
   1615.3   0.20206
   1615.8   0.20206
   1616.3   0.20208
   1616.8   0.20208
   1617.3   0.20211
   1617.8   0.20216
   1618.4   0.20216
   1618.9   0.20219
   1619.4   0.20227
   1619.9   0.20225
   1620.4   0.20224
   1620.9   0.20229
   1621.4   0.20231
   1621.9   0.20228
   1622.4   0.20229
   1622.9   0.20234
   1623.4   0.20237
   1623.9   0.20239
   1624.4   0.20239
   1624.9   0.20237
   1625.5   0.20242
   1626.0   0.20244
   1626.5   0.20241
   1627.0   0.20243
   1627.5   0.20245
   1628.0   0.20245
   1628.5   0.20249
   1629.0   0.20251
   1629.6   0.20255
   1630.1   0.20257
   1630.6   0.20261
   1631.1   0.20268
   1631.6   0.20271
   1632.1   0.20268
   1632.6   0.20269
   1633.1   0.20270
   1633.7   0.20271
   1634.2   0.20271
   1634.7   0.20276
   1635.2   0.20276
   1635.7   0.20277
   1636.2   0.20280
   1636.8   0.20285
   1637.3   0.20287
   1637.8   0.20288
   1638.3   0.20291
   1638.8   0.20297
   1639.3   0.20296
   1639.8   0.20294
   1640.4   0.20292
   1640.9   0.20292
   1641.4   0.20292
   1641.9   0.20298
   1642.4   0.20302
   1643.0   0.20306
   1643.5   0.20311
   1644.0   0.20306
   1644.5   0.20309
   1645.1   0.20311
   1645.6   0.20315
   1646.1   0.20320
   1646.6   0.20319
   1647.2   0.20319
   1647.7   0.20322
   1648.2   0.20320
   1648.7   0.20320
   1649.2   0.20326
   1649.8   0.20335
   1650.3   0.20340
   1650.8   0.20341
   1651.3   0.20338
   1651.9   0.20337
   1652.4   0.20339
   1652.9   0.20339
   1653.4   0.20342
   1654.0   0.20344
   1654.5   0.20344
   1655.0   0.20343
   1655.6   0.20346
   1656.1   0.20353
   1656.6   0.20355
   1657.2   0.20352
   1657.7   0.20356
   1658.2   0.20357
   1658.7   0.20358
   1659.3   0.20364
   1659.8   0.20366
   1660.3   0.20366
   1660.9   0.20367
   1661.4   0.20368
   1661.9   0.20369
   1662.5   0.20370
   1663.0   0.20371
   1663.5   0.20370
   1664.1   0.20372
   1664.6   0.20378
   1665.1   0.20383
   1665.7   0.20384
   1666.2   0.20384
   1666.7   0.20386
   1667.3   0.20386
   1667.8   0.20385
   1668.3   0.20386
   1668.9   0.20387
   1669.4   0.20391
   1670.0   0.20396
   1670.5   0.20398
   1671.0   0.20396
   1671.6   0.20395
   1672.1   0.20400
   1672.7   0.20404
   1673.2   0.20406
   1673.7   0.20413
   1674.3   0.20417
   1674.8   0.20416
   1675.4   0.20413
   1675.9   0.20413
   1676.4   0.20415
   1677.0   0.20415
   1677.5   0.20419
   1678.1   0.20420
   1678.6   0.20422
   1679.2   0.20425
   1679.7   0.20426
   1680.2   0.20428
   1680.8   0.20429
   1681.3   0.20431
   1681.9   0.20430
   1682.4   0.20434
   1683.0   0.20440
   1683.5   0.20441
   1684.1   0.20439
   1684.6   0.20442
   1685.2   0.20444
   1685.7   0.20445
   1686.3   0.20445
   1686.8   0.20443
   1687.3   0.20448
   1687.9   0.20455
   1688.4   0.20455
   1689.0   0.20451
   1689.6   0.20457
   1690.1   0.20462
   1690.7   0.20463
   1691.2   0.20461
   1691.8   0.20459
   1692.3   0.20460
   1692.9   0.20467
   1693.4   0.20468
   1694.0   0.20469
   1694.5   0.20470
   1695.1   0.20476
   1695.6   0.20478
   1696.2   0.20476
   1696.7   0.20478
   1697.3   0.20480
   1697.8   0.20479
   1698.4   0.20479
   1699.0   0.20481
   1699.5   0.20485
   1700.1   0.20491
   1700.6   0.20493
   1701.2   0.20491
   1701.8   0.20491
   1702.3   0.20493
   1702.9   0.20496
   1703.4   0.20497
   1704.0   0.20501
   1704.6   0.20500
   1705.1   0.20495
   1705.7   0.20497
   1706.2   0.20503
   1706.8   0.20506
   1707.4   0.20508
   1707.9   0.20513
   1708.5   0.20514
   1709.0   0.20513
   1709.6   0.20514
   1710.2   0.20519
   1710.7   0.20520
   1711.3   0.20518
   1711.9   0.20521
   1712.4   0.20525
   1713.0   0.20527
   1713.6   0.20527
   1714.1   0.20526
   1714.7   0.20528
   1715.3   0.20532
   1715.8   0.20534
   1716.4   0.20536
   1717.0   0.20532
   1717.5   0.20535
   1718.1   0.20543
   1718.7   0.20543
   1719.2   0.20543
   1719.8   0.20544
   1720.4   0.20544
   1721.0   0.20551
   1721.5   0.20555
   1722.1   0.20559
   1722.7   0.20559
   1723.2   0.20558
   1723.8   0.20559
   1724.4   0.20558
   1725.0   0.20559
   1725.5   0.20563
   1726.1   0.20566
   1726.7   0.20567
   1727.3   0.20569
   1727.8   0.20571
   1728.4   0.20573
   1729.0   0.20572
   1729.6   0.20572
   1730.1   0.20576
   1730.7   0.20577
   1731.3   0.20576
   1731.9   0.20581
   1732.5   0.20583
   1733.0   0.20585
   1733.6   0.20588
   1734.2   0.20591
   1734.8   0.20592
   1735.4   0.20593
   1735.9   0.20600
   1736.5   0.20603
   1737.1   0.20601
   1737.7   0.20602
   1738.3   0.20602
   1738.8   0.20599
   1739.4   0.20604
   1740.0   0.20607
   1740.6   0.20607
   1741.2   0.20609
   1741.8   0.20611
   1742.3   0.20611
   1742.9   0.20612
   1743.5   0.20616
   1744.1   0.20618
   1744.7   0.20616
   1745.3   0.20621
   1745.9   0.20627
   1746.5   0.20629
   1747.1   0.20627
   1747.6   0.20629
   1748.2   0.20632
   1748.8   0.20633
   1749.4   0.20633
   1750.0   0.20636
   1750.6   0.20639
   1751.2   0.20642
   1751.8   0.20643
   1752.4   0.20641
   1753.0   0.20642
   1753.6   0.20645
   1754.1   0.20642
   1754.7   0.20643
   1755.3   0.20647
   1755.9   0.20647
   1756.5   0.20649
   1757.1   0.20654
   1757.7   0.20658
   1758.3   0.20660
   1758.9   0.20658
   1759.5   0.20661
   1760.1   0.20669
   1760.7   0.20673
   1761.3   0.20672
   1761.9   0.20674
   1762.5   0.20677
   1763.1   0.20678
   1763.7   0.20680
   1764.3   0.20677
   1764.9   0.20676
   1765.5   0.20684
   1766.1   0.20689
   1766.7   0.20686
   1767.3   0.20685
   1767.9   0.20689
   1768.5   0.20690
   1769.1   0.20688
   1769.7   0.20692
   1770.3   0.20696
   1770.9   0.20696
   1771.5   0.20692
   1772.1   0.20696
   1772.7   0.20699
   1773.3   0.20698
   1773.9   0.20700
   1774.6   0.20704
   1775.2   0.20709
   1775.8   0.20710
   1776.4   0.20713
   1777.0   0.20715
   1777.6   0.20715
   1778.2   0.20718
   1778.8   0.20717
   1779.4   0.20717
   1780.0   0.20720
   1780.7   0.20722
   1781.3   0.20723
   1781.9   0.20723
   1782.5   0.20724
   1783.1   0.20729
   1783.7   0.20733
   1784.3   0.20733
   1784.9   0.20735
   1785.6   0.20738
   1786.2   0.20741
   1786.8   0.20741
   1787.4   0.20739
   1788.0   0.20739
   1788.6   0.20744
   1789.3   0.20748
   1789.9   0.20751
   1790.5   0.20751
   1791.1   0.20749
   1791.7   0.20751
   1792.3   0.20756
   1793.0   0.20755
   1793.6   0.20759
   1794.2   0.20762
   1794.8   0.20764
   1795.4   0.20768
   1796.1   0.20771
   1796.7   0.20769
   1797.3   0.20767
   1797.9   0.20768
   1798.6   0.20776
   1799.2   0.20780
   1799.8   0.20775
   1800.4   0.20774
   1801.1   0.20776
   1801.7   0.20778
   1802.3   0.20781
   1802.9   0.20784
   1803.6   0.20784
   1804.2   0.20786
   1804.8   0.20785
   1805.4   0.20788
   1806.1   0.20795
   1806.7   0.20792
   1807.3   0.20790
   1808.0   0.20796
   1808.6   0.20798
   1809.2   0.20798
   1809.9   0.20805
   1810.5   0.20813
   1811.1   0.20812
   1811.8   0.20807
   1812.4   0.20807
   1813.0   0.20811
   1813.7   0.20810
   1814.3   0.20810
   1814.9   0.20812
   1815.6   0.20820
   1816.2   0.20825
   1816.8   0.20823
   1817.5   0.20824
   1818.1   0.20826
   1818.8   0.20828
   1819.4   0.20829
   1820.0   0.20832
   1820.7   0.20840
   1821.3   0.20842
   1821.9   0.20842
   1822.6   0.20840
   1823.2   0.20842
   1823.9   0.20844
   1824.5   0.20844
   1825.2   0.20844
   1825.8   0.20850
   1826.4   0.20858
   1827.1   0.20857
   1827.7   0.20854
   1828.4   0.20857
   1829.0   0.20857
   1829.7   0.20859
   1830.3   0.20861
   1831.0   0.20863
   1831.6   0.20867
   1832.3   0.20868
   1832.9   0.20868
   1833.6   0.20867
   1834.2   0.20872
   1834.8   0.20880
   1835.5   0.20882
   1836.1   0.20886
   1836.8   0.20888
   1837.4   0.20889
   1838.1   0.20895
   1838.8   0.20893
   1839.4   0.20891
   1840.1   0.20896
   1840.7   0.20898
   1841.4   0.20902
   1842.0   0.20912
   1842.7   0.20915
   1843.3   0.20909
   1844.0   0.20908
   1844.6   0.20906
   1845.3   0.20904
   1845.9   0.20911
   1846.6   0.20920
   1847.3   0.20929
   1847.9   0.20931
   1848.6   0.20930
   1849.2   0.20924
   1849.9   0.20924
   1850.6   0.20934
   1851.2   0.20937
   1851.9   0.20930
   1852.6   0.20925
   1853.2   0.20930
   1853.9   0.20940
   1854.5   0.20945
   1855.2   0.20941
   1855.9   0.20944
   1856.5   0.20949
   1857.2   0.20952
   1857.9   0.20951
   1858.5   0.20949
   1859.2   0.20952
   1859.9   0.20967
   1860.5   0.20972
   1861.2   0.20965
   1861.9   0.20960
   1862.5   0.20960
   1863.2   0.20964
   1863.9   0.20970
   1864.5   0.20974
   1865.2   0.20973
   1865.9   0.20975
   1866.6   0.20979
   1867.2   0.20985
   1867.9   0.20990
   1868.6   0.20988
   1869.2   0.20987
   1869.9   0.20993
   1870.6   0.20997
   1871.3   0.21000
   1871.9   0.20999
   1872.6   0.21004
   1873.3   0.21011
   1874.0   0.21013
   1874.7   0.21009
   1875.3   0.21008
   1876.0   0.21008
   1876.7   0.21014
   1877.4   0.21020
   1878.0   0.21017
   1878.7   0.21016
   1879.4   0.21021
   1880.1   0.21021
   1880.8   0.21027
   1881.4   0.21032
   1882.1   0.21032
   1882.8   0.21030
   1883.5   0.21032
   1884.2   0.21039
   1884.9   0.21039
   1885.6   0.21038
   1886.2   0.21041
   1886.9   0.21046
   1887.6   0.21050
   1888.3   0.21050
   1889.0   0.21053
   1889.7   0.21060
   1890.4   0.21068
   1891.1   0.21067
   1891.8   0.21060
   1892.4   0.21064
   1893.1   0.21068
   1893.8   0.21071
   1894.5   0.21074
   1895.2   0.21070
   1895.9   0.21068
   1896.6   0.21071
   1897.3   0.21079
   1898.0   0.21083
   1898.7   0.21083
   1899.4   0.21088
   1900.1   0.21094
   1900.8   0.21095
   1901.5   0.21092
   1902.2   0.21091
   1902.9   0.21095
   1903.6   0.21099
   1904.3   0.21103
   1905.0   0.21107
   1905.7   0.21114
   1906.4   0.21119
   1907.1   0.21119
   1907.8   0.21117
   1908.5   0.21114
   1909.2   0.21114
   1909.9   0.21118
   1910.6   0.21123
   1911.3   0.21127
   1912.0   0.21130
   1912.7   0.21131
   1913.4   0.21137
   1914.1   0.21142
   1914.8   0.21140
   1915.5   0.21138
   1916.2   0.21140
   1916.9   0.21143
   1917.6   0.21145
   1918.3   0.21146
   1919.1   0.21145
   1919.8   0.21151
   1920.5   0.21165
   1921.2   0.21174
   1921.9   0.21170
   1922.6   0.21167
   1923.3   0.21167
   1924.0   0.21172
   1924.8   0.21178
   1925.5   0.21181
   1926.2   0.21181
   1926.9   0.21179
   1927.6   0.21181
   1928.3   0.21185
   1929.1   0.21187
   1929.8   0.21192
   1930.5   0.21194
   1931.2   0.21194
   1931.9   0.21197
   1932.7   0.21199
   1933.4   0.21204
   1934.1   0.21207
   1934.8   0.21205
   1935.5   0.21212
   1936.3   0.21215
   1937.0   0.21218
   1937.7   0.21223
   1938.4   0.21226
   1939.2   0.21227
   1939.9   0.21230
   1940.6   0.21233
   1941.3   0.21234
   1942.1   0.21240
   1942.8   0.21239
   1943.5   0.21241
   1944.2   0.21247
   1945.0   0.21250
   1945.7   0.21252
   1946.4   0.21255
   1947.2   0.21260
   1947.9   0.21266
   1948.6   0.21267
   1949.4   0.21269
   1950.1   0.21273
   1950.8   0.21273
   1951.6   0.21272
   1952.3   0.21276
   1953.0   0.21279
   1953.8   0.21280
   1954.5   0.21281
   1955.2   0.21285
   1956.0   0.21290
   1956.7   0.21292
   1957.5   0.21294
   1958.2   0.21297
   1958.9   0.21302
   1959.7   0.21306
   1960.4   0.21307
   1961.2   0.21312
   1961.9   0.21322
   1962.6   0.21327
   1963.4   0.21327
   1964.1   0.21324
   1964.9   0.21324
   1965.6   0.21330
   1966.4   0.21338
   1967.1   0.21341
   1967.9   0.21341
   1968.6   0.21344
   1969.3   0.21348
   1970.1   0.21352
   1970.8   0.21357
   1971.6   0.21357
   1972.3   0.21361
   1973.1   0.21368
   1973.8   0.21372
   1974.6   0.21372
   1975.3   0.21378
   1976.1   0.21384
   1976.9   0.21384
   1977.6   0.21381
   1978.4   0.21381
   1979.1   0.21388
   1979.9   0.21391
   1980.6   0.21392
   1981.4   0.21394
   1982.2   0.21400
   1982.9   0.21404
   1983.7   0.21404
   1984.4   0.21405
   1985.2   0.21411
   1985.9   0.21414
   1986.7   0.21416
   1987.5   0.21417
   1988.2   0.21420
   1989.0   0.21424
   1989.8   0.21431
   1990.5   0.21439
   1991.3   0.21442
   1992.1   0.21443
   1992.8   0.21442
   1993.6   0.21448
   1994.3   0.21453
   1995.1   0.21455
   1995.9   0.21459
   1996.7   0.21462
   1997.4   0.21466
   1998.2   0.21469
   1999.0   0.21474
   1999.7   0.21478
   2000.5   0.21475
   2001.3   0.21477
   2002.1   0.21486
   2002.8   0.21490
   2003.6   0.21493
   2004.4   0.21500
   2005.2   0.21506
   2005.9   0.21509
   2006.7   0.21512
   2007.5   0.21514
   2008.3   0.21517
   2009.0   0.21520
   2009.8   0.21525
   2010.6   0.21528
   2011.4   0.21528
   2012.2   0.21535
   2012.9   0.21544
   2013.7   0.21552
   2014.5   0.21553
   2015.3   0.21552
   2016.1   0.21556
   2016.8   0.21557
   2017.6   0.21560
   2018.4   0.21566
   2019.2   0.21568
   2020.0   0.21570
   2020.8   0.21573
   2021.6   0.21577
   2022.3   0.21585
   2023.1   0.21589
   2023.9   0.21590
   2024.7   0.21596
   2025.5   0.21597
   2026.3   0.21600
   2027.1   0.21606
   2027.9   0.21610
   2028.7   0.21613
   2029.5   0.21618
   2030.3   0.21627
   2031.1   0.21632
   2031.9   0.21632
   2032.7   0.21634
   2033.5   0.21637
   2034.3   0.21638
   2035.1   0.21644
   2035.8   0.21652
   2036.7   0.21652
   2037.4   0.21655
   2038.3   0.21659
   2039.1   0.21666
   2039.9   0.21669
   2040.7   0.21669
   2041.5   0.21673
   2042.3   0.21679
   2043.1   0.21683
   2043.9   0.21687
   2044.7   0.21691
   2045.5   0.21698
   2046.3   0.21701
   2047.1   0.21704
   2047.9   0.21707
   2048.7   0.21710
   2049.5   0.21717
   2050.4   0.21720
   2051.2   0.21722
   2052.0   0.21727
   2052.8   0.21734
   2053.6   0.21736
   2054.4   0.21737
   2055.2   0.21740
   2056.0   0.21744
   2056.9   0.21748
   2057.7   0.21751
   2058.5   0.21756
   2059.3   0.21764
   2060.1   0.21768
   2060.9   0.21771
   2061.8   0.21775
   2062.6   0.21778
   2063.4   0.21781
   2064.2   0.21786
   2065.1   0.21791
   2065.9   0.21793
   2066.7   0.21795
   2067.5   0.21800
   2068.3   0.21805
   2069.2   0.21812
   2070.0   0.21817
   2070.8   0.21819
   2071.6   0.21827
   2072.5   0.21830
   2073.3   0.21832
   2074.1   0.21834
   2075.0   0.21840
   2075.8   0.21852
   2076.6   0.21858
   2077.5   0.21859
   2078.3   0.21859
   2079.1   0.21860
   2080.0   0.21864
   2080.8   0.21868
   2081.6   0.21872
   2082.5   0.21877
   2083.3   0.21881
   2084.1   0.21887
   2085.0   0.21891
   2085.8   0.21896
   2086.6   0.21900
   2087.5   0.21900
   2088.3   0.21905
   2089.2   0.21912
   2090.0   0.21920
   2090.9   0.21925
   2091.7   0.21926
   2092.6   0.21930
   2093.4   0.21934
   2094.2   0.21936
   2095.1   0.21937
   2095.9   0.21944
   2096.8   0.21953
   2097.6   0.21957
   2098.5   0.21958
   2099.3   0.21961
   2100.2   0.21968
   2101.0   0.21975
   2101.9   0.21976
   2102.7   0.21979
   2103.6   0.21985
   2104.4   0.21987
   2105.3   0.21993
   2106.1   0.22001
   2107.0   0.22005
   2107.9   0.22005
   2108.7   0.22011
   2109.6   0.22017
   2110.4   0.22020
   2111.3   0.22025
   2112.1   0.22029
   2113.0   0.22031
   2113.9   0.22036
   2114.7   0.22042
   2115.6   0.22044
   2116.5   0.22049
   2117.3   0.22055
   2118.2   0.22057
   2119.1   0.22062
   2119.9   0.22070
   2120.8   0.22073
   2121.7   0.22077
   2122.5   0.22082
   2123.4   0.22089
   2124.3   0.22092
   2125.1   0.22091
   2126.0   0.22097
   2126.9   0.22105
   2127.8   0.22111
   2128.6   0.22116
   2129.5   0.22116
   2130.4   0.22119
   2131.3   0.22127
   2132.1   0.22133
   2133.0   0.22141
   2133.9   0.22147
   2134.8   0.22151
   2135.6   0.22156
   2136.5   0.22157
   2137.4   0.22160
   2138.3   0.22163
   2139.2   0.22167
   2140.1   0.22174
   2140.9   0.22182
   2141.8   0.22186
   2142.7   0.22190
   2143.6   0.22195
   2144.5   0.22197
   2145.4   0.22197
   2146.3   0.22203
   2147.1   0.22210
   2148.0   0.22214
   2148.9   0.22220
   2149.8   0.22226
   2150.7   0.22230
   2151.6   0.22234
   2152.5   0.22240
   2153.4   0.22241
   2154.3   0.22243
   2155.2   0.22248
   2156.1   0.22252
   2157.0   0.22257
   2157.9   0.22264
   2158.8   0.22273
   2159.7   0.22276
   2160.6   0.22280
   2161.5   0.22286
   2162.4   0.22287
   2163.3   0.22288
   2164.2   0.22298
   2165.1   0.22307
   2166.0   0.22310
   2166.9   0.22316
   2167.8   0.22319
   2168.7   0.22321
   2169.6   0.22327
   2170.5   0.22333
   2171.4   0.22338
   2172.3   0.22342
   2173.2   0.22345
   2174.1   0.22345
   2175.1   0.22350
   2176.0   0.22359
   2176.9   0.22363
   2177.8   0.22366
   2178.7   0.22372
   2179.6   0.22377
   2180.6   0.22384
   2181.5   0.22388
   2182.4   0.22393
   2183.3   0.22399
   2184.2   0.22404
   2185.1   0.22406
   2186.1   0.22406
   2187.0   0.22410
   2187.9   0.22419
   2188.8   0.22425
   2189.8   0.22430
   2190.7   0.22432
   2191.6   0.22433
   2192.5   0.22440
   2193.5   0.22448
   2194.4   0.22453
   2195.3   0.22460
   2196.3   0.22464
   2197.2   0.22465
   2198.1   0.22469
   2199.1   0.22480
   2200.0   0.22484
   2200.9   0.22482
   2201.9   0.22483
   2202.8   0.22494
   2203.7   0.22503
   2204.7   0.22506
   2205.6   0.22513
   2206.5   0.22519
   2207.5   0.22519
   2208.4   0.22521
   2209.4   0.22525
   2210.3   0.22530
   2211.2   0.22535
   2212.2   0.22545
   2213.1   0.22548
   2214.1   0.22550
   2215.0   0.22554
   2216.0   0.22558
   2216.9   0.22569
   2217.9   0.22575
   2218.8   0.22576
   2219.8   0.22580
   2220.7   0.22588
   2221.7   0.22595
   2222.6   0.22599
   2223.6   0.22602
   2224.5   0.22604
   2225.5   0.22611
   2226.4   0.22614
   2227.4   0.22619
   2228.4   0.22626
   2229.3   0.22630
   2230.3   0.22631
   2231.2   0.22635
   2232.2   0.22643
   2233.1   0.22646
   2234.1   0.22651
   2235.1   0.22657
   2236.0   0.22658
   2237.0   0.22664
   2238.0   0.22673
   2238.9   0.22679
   2239.9   0.22685
   2240.9   0.22690
   2241.8   0.22693
   2242.8   0.22698
   2243.8   0.22701
   2244.8   0.22707
   2245.7   0.22712
   2246.7   0.22716
   2247.7   0.22721
   2248.6   0.22727
   2249.6   0.22734
   2250.6   0.22737
   2251.6   0.22740
   2252.6   0.22745
   2253.5   0.22749
   2254.5   0.22757
   2255.5   0.22765
   2256.5   0.22770
   2257.5   0.22771
   2258.4   0.22774
   2259.4   0.22781
   2260.4   0.22789
   2261.4   0.22794
   2262.4   0.22796
   2263.4   0.22800
   2264.4   0.22806
   2265.4   0.22812
   2266.3   0.22817
   2267.3   0.22824
   2268.3   0.22829
   2269.3   0.22831
   2270.3   0.22836
   2271.3   0.22841
   2272.3   0.22846
   2273.3   0.22854
   2274.3   0.22858
   2275.3   0.22862
   2276.3   0.22866
   2277.3   0.22875
   2278.3   0.22879
   2279.3   0.22882
   2280.3   0.22883
   2281.3   0.22888
   2282.3   0.22897
   2283.3   0.22904
   2284.3   0.22909
   2285.3   0.22915
   2286.3   0.22921
   2287.3   0.22927
   2288.3   0.22929
   2289.4   0.22932
   2290.4   0.22939
   2291.4   0.22945
   2292.4   0.22948
   2293.4   0.22950
   2294.4   0.22958
   2295.4   0.22964
   2296.4   0.22970
   2297.5   0.22978
   2298.5   0.22986
   2299.5   0.22991
   2300.5   0.22996
   2301.6   0.23000
   2302.6   0.23006
   2303.6   0.23015
   2304.6   0.23021
   2305.6   0.23028
   2306.7   0.23032
   2307.7   0.23029
   2308.7   0.23033
   2309.8   0.23039
   2310.8   0.23043
   2311.8   0.23049
   2312.8   0.23058
   2313.9   0.23065
   2314.9   0.23070
   2315.9   0.23075
   2317.0   0.23080
   2318.0   0.23085
   2319.1   0.23089
   2320.1   0.23097
   2321.1   0.23102
   2322.2   0.23107
   2323.2   0.23112
   2324.3   0.23116
   2325.3   0.23120
   2326.3   0.23125
   2327.4   0.23134
   2328.4   0.23139
   2329.5   0.23143
   2330.5   0.23147
   2331.6   0.23155
   2332.6   0.23163
   2333.7   0.23167
   2334.7   0.23175
   2335.8   0.23180
   2336.8   0.23183
   2337.9   0.23189
   2338.9   0.23193
   2340.0   0.23196
   2341.0   0.23198
   2342.1   0.23206
   2343.1   0.23215
   2344.2   0.23222
   2345.3   0.23226
   2346.3   0.23230
   2347.4   0.23239
   2348.5   0.23245
   2349.5   0.23247
   2350.6   0.23249
   2351.7   0.23254
   2352.7   0.23258
   2353.8   0.23266
   2354.9   0.23272
   2355.9   0.23273
   2357.0   0.23277
   2358.1   0.23282
   2359.1   0.23288
   2360.2   0.23295
   2361.3   0.23302
   2362.4   0.23306
   2363.4   0.23313
   2364.5   0.23319
   2365.6   0.23323
   2366.7   0.23331
   2367.8   0.23335
   2368.9   0.23337
   2369.9   0.23344
   2371.0   0.23352
   2372.1   0.23355
   2373.2   0.23355
   2374.3   0.23362
   2375.4   0.23373
   2376.4   0.23378
   2377.5   0.23383
   2378.6   0.23386
   2379.7   0.23386
   2380.8   0.23393
   2381.9   0.23400
   2383.0   0.23402
   2384.1   0.23409
   2385.2   0.23414
   2386.3   0.23421
   2387.4   0.23427
   2388.5   0.23429
   2389.6   0.23433
   2390.7   0.23438
   2391.8   0.23443
   2392.9   0.23450
   2394.0   0.23457
   2395.1   0.23465
   2396.2   0.23469
   2397.3   0.23475
   2398.4   0.23484
   2399.5   0.23486
   2400.6   0.23489
   2401.8   0.23490
   2402.9   0.23492
   2404.0   0.23501
   2405.1   0.23508
   2406.2   0.23511
   2407.3   0.23520
   2408.5   0.23525
   2409.6   0.23526
   2410.7   0.23531
   2411.8   0.23538
   2412.9   0.23547
   2414.1   0.23553
   2415.2   0.23557
   2416.3   0.23562
   2417.4   0.23563
   2418.6   0.23565
   2419.7   0.23574
   2420.8   0.23579
   2422.0   0.23588
   2423.1   0.23597
   2424.2   0.23599
   2425.4   0.23600
   2426.5   0.23602
   2427.6   0.23606
   2428.8   0.23610
   2429.9   0.23619
   2431.1   0.23624
   2432.2   0.23629
   2433.3   0.23639
   2434.5   0.23645
   2435.6   0.23649
   2436.8   0.23653
   2437.9   0.23657
   2439.1   0.23662
   2440.2   0.23668
   2441.4   0.23674
   2442.5   0.23677
   2443.6   0.23685
   2444.8   0.23691
   2445.9   0.23695
   2447.1   0.23700
   2448.3   0.23706
   2449.4   0.23713
   2450.6   0.23718
   2451.7   0.23724
   2452.9   0.23727
   2454.1   0.23732
   2455.2   0.23735
   2456.4   0.23740
   2457.6   0.23746
   2458.7   0.23752
   2459.9   0.23756
   2461.1   0.23761
   2462.2   0.23766
   2463.4   0.23771
   2464.6   0.23774
   2465.7   0.23775
   2466.9   0.23784
   2468.1   0.23795
   2469.3   0.23798
   2470.4   0.23801
   2471.6   0.23809
   2472.8   0.23813
   2474.0   0.23816
   2475.1   0.23817
   2476.3   0.23821
   2477.5   0.23826
   2478.7   0.23832
   2479.9   0.23836
   2481.1   0.23845
   2482.3   0.23856
   2483.4   0.23858
   2484.6   0.23859
   2485.8   0.23862
   2487.0   0.23864
   2488.2   0.23873
   2489.4   0.23883
   2490.6   0.23886
   2491.8   0.23885
   2493.0   0.23891
   2494.2   0.23900
   2495.4   0.23904
   2496.6   0.23909
   2497.8   0.23915
   2499.0   0.23921
   2500.2   0.23924
   2501.4   0.23930
   2502.6   0.23941
   2503.8   0.23940
   2505.0   0.23945
   2506.3   0.23956
   2507.5   0.23964
   2508.7   0.23970
   2509.9   0.23978
   2511.1   0.23981
   2512.3   0.23983
   2513.5   0.23982
   2514.8   0.23984
   2516.0   0.23987
   2517.2   0.23992
   2518.4   0.23995
   2519.6   0.24005
   2520.9   0.24012
   2522.1   0.24015
   2523.3   0.24016
   2524.6   0.24024
   2525.8   0.24030
   2527.0   0.24039
   2528.3   0.24044
   2529.5   0.24053
   2530.7   0.24057
   2531.9   0.24059
   2533.2   0.24059
   2534.4   0.24064
   2535.7   0.24072
   2536.9   0.24087
   2538.1   0.24093
   2539.4   0.24090
   2540.6   0.24090
   2541.9   0.24100
   2543.1   0.24118
   2544.4   0.24127
   2545.6   0.24118
   2546.9   0.24116
   2548.1   0.24131
   2549.4   0.24145
   2550.6   0.24141
   2551.9   0.24144
   2553.1   0.24151
   2554.4   0.24158
   2555.7   0.24157
   2556.9   0.24164
   2558.2   0.24168
   2559.4   0.24179
   2560.7   0.24191
   2562.0   0.24210
   2563.2   0.24217
   2564.5   0.24223
   2565.8   0.24226
   2567.1   0.24222
   2568.3   0.24214
   2569.6   0.24223
   2570.9   0.24241
   2572.1   0.24230
   2573.4   0.24239
   2574.7   0.24264
   2576.0   0.24254
   2577.3   0.24263
   2578.5   0.24265
   2579.8   0.24254
   2581.1   0.24267
   2582.4   0.24279
   2583.7   0.24281
   2585.0   0.24313
   2586.3   0.24296
   2587.5   0.24299
   2588.8   0.24321
   2590.1   0.24319
   2591.4   0.24312
   2592.7   0.24305
   2594.0   0.24313
   2595.3   0.24380
   2596.6   0.24401
   2597.9   0.24366
   2599.2   0.24346
   2600.5   0.24343
   2601.8   0.24354
   2603.1   0.24365
   2604.4   0.24373
   2605.7   0.24393
   2607.1   0.24406
   2608.4   0.24395
   2609.7   0.24393
   2611.0   0.24398
   2612.3   0.24389
   2613.6   0.24389
   2614.9   0.24392
   2616.3   0.24406
   2617.6   0.24449
   2618.9   0.24442
   2620.2   0.24423
   2621.6   0.24453
   2622.9   0.24440
   2624.2   0.24427
   2625.5   0.24425
   2626.9   0.24451
   2628.2   0.24471
   2629.5   0.24458
   2630.9   0.24488
   2632.2   0.24496
   2633.5   0.24465
   2634.9   0.24469
   2636.2   0.24468
   2637.6   0.24470
   2638.9   0.24476
   2640.2   0.24479
   2641.6   0.24484
   2642.9   0.24495
   2644.3   0.24495
   2645.6   0.24507
   2647.0   0.24519
   2648.3   0.24511
   2649.7   0.24506
   2651.0   0.24508
   2652.4   0.24522
   2653.8   0.24538
   2655.1   0.24528
   2656.5   0.24531
   2657.8   0.24528
   2659.2   0.24533
   2660.6   0.24549
   2661.9   0.24555
   2663.3   0.24556
   2664.7   0.24562
   2666.0   0.24599
   2667.4   0.24616
   2668.8   0.24591
   2670.1   0.24573
   2671.5   0.24623
   2672.9   0.24596
   2674.3   0.24571
   2675.7   0.24574
   2677.0   0.24604
   2678.4   0.24615
   2679.8   0.24611
   2681.2   0.24598
   2682.6   0.24565
   2684.0   0.24569
   2685.4   0.24570
   2686.8   0.24572
   2688.1   0.24571
   2689.5   0.24565
   2690.9   0.24552
   2692.3   0.24541
   2693.7   0.24555
   2695.1   0.24579
   2696.5   0.24563
   2697.9   0.24539
   2699.3   0.24515
   2700.8   0.24511
   2702.1   0.24518
   2703.6   0.24507
   2705.0   0.24481
   2706.4   0.24462
   2707.8   0.24446
   2709.2   0.24451
   2710.6   0.24458
   2712.1   0.24463
   2713.5   0.24416
   2714.9   0.24374
   2716.3   0.24354
   2717.7   0.24352
   2719.2   0.24350
   2720.6   0.24359
   2722.0   0.24348
   2723.4   0.24285
   2724.9   0.24273
   2726.3   0.24258
   2727.7   0.24200
   2729.2   0.24159
   2730.6   0.24127
   2732.1   0.24095
   2733.5   0.24068
   2734.9   0.24056
   2736.4   0.24032
   2737.8   0.23990
   2739.3   0.23980
   2740.7   0.23983
   2742.2   0.23949
   2743.6   0.23886
   2745.1   0.23829
   2746.5   0.23787
   2748.0   0.23748
   2749.4   0.23718
   2750.9   0.23685
   2752.4   0.23655
   2753.8   0.23620
   2755.3   0.23608
   2756.7   0.23595
   2758.2   0.23530
   2759.7   0.23475
   2761.1   0.23443
   2762.6   0.23419
   2764.1   0.23397
   2765.6   0.23349
   2767.0   0.23305
   2768.5   0.23281
   2770.0   0.23254
   2771.5   0.23228
   2773.0   0.23199
   2774.4   0.23151
   2775.9   0.23117
   2777.4   0.23096
   2778.9   0.23076
   2780.4   0.23046
   2781.9   0.23024
   2783.4   0.22997
   2784.9   0.22967
   2786.4   0.22951
   2787.9   0.22948
   2789.4   0.22924
   2790.9   0.22887
   2792.4   0.22855
   2793.9   0.22835
   2795.4   0.22813
   2796.9   0.22792
   2798.4   0.22774
   2799.9   0.22760
   2801.4   0.22746
   2802.9   0.22747
   2804.4   0.22741
   2806.0   0.22712
   2807.5   0.22682
   2809.0   0.22669
   2810.5   0.22654
   2812.1   0.22639
   2813.6   0.22627
   2815.1   0.22622
   2816.6   0.22618
   2818.2   0.22607
   2819.7   0.22598
   2821.2   0.22595
   2822.8   0.22580
   2824.3   0.22563
   2825.9   0.22556
   2827.4   0.22552
   2828.9   0.22547
   2830.5   0.22539
   2832.0   0.22533
   2833.6   0.22535
   2835.1   0.22533
   2836.7   0.22523
   2838.2   0.22516
   2839.8   0.22512
   2841.3   0.22506
   2842.9   0.22503
   2844.4   0.22498
   2846.0   0.22494
   2847.6   0.22493
   2849.1   0.22495
   2850.7   0.22490
   2852.3   0.22480
   2853.8   0.22477
   2855.4   0.22484
   2857.0   0.22479
   2858.6   0.22475
   2860.1   0.22472
   2861.7   0.22468
   2863.3   0.22463
   2864.9   0.22462
   2866.5   0.22457
   2868.1   0.22458
   2869.6   0.22459
   2871.2   0.22458
   2872.8   0.22455
   2874.4   0.22455
   2876.0   0.22455
   2877.6   0.22455
   2879.2   0.22450
   2880.8   0.22447
   2882.4   0.22452
   2884.0   0.22457
   2885.6   0.22456
   2887.2   0.22454
   2888.8   0.22452
   2890.4   0.22454
   2892.0   0.22450
   2893.7   0.22451
   2895.3   0.22453
   2896.9   0.22451
   2898.5   0.22450
   2900.1   0.22452
   2901.8   0.22456
   2903.4   0.22458
   2905.0   0.22458
   2906.6   0.22464
   2908.3   0.22467
   2909.9   0.22469
   2911.5   0.22469
   2913.2   0.22471
   2914.8   0.22470
   2916.4   0.22472
   2918.1   0.22479
   2919.7   0.22484
   2921.4   0.22485
   2923.0   0.22492
   2924.7   0.22494
   2926.3   0.22495
   2928.0   0.22496
   2929.6   0.22497
   2931.3   0.22498
   2932.9   0.22501
   2934.6   0.22503
   2936.3   0.22508
   2937.9   0.22510
   2939.6   0.22513
   2941.3   0.22517
   2942.9   0.22525
   2944.6   0.22529
   2946.3   0.22530
   2947.9   0.22535
   2949.6   0.22542
   2951.3   0.22551
   2953.0   0.22555
   2954.7   0.22551
   2956.3   0.22556
   2958.0   0.22561
   2959.7   0.22568
   2961.4   0.22575
   2963.1   0.22581
   2964.8   0.22583
   2966.5   0.22590
   2968.2   0.22596
   2969.9   0.22608
   2971.6   0.22620
   2973.3   0.22623
   2975.0   0.22628
   2976.7   0.22639
   2978.4   0.22645
   2980.1   0.22652
   2981.8   0.22659
   2983.6   0.22668
   2985.3   0.22675
   2987.0   0.22687
   2988.7   0.22696
   2990.4   0.22707
   2992.2   0.22715
   2993.9   0.22723
   2995.6   0.22733
   2997.4   0.22743
   2999.1   0.22751
   3000.8   0.22756
   3002.6   0.22766
   3004.3   0.22782
   3006.0   0.22789
   3007.8   0.22799
   3009.5   0.22810
   3011.3   0.22821
   3013.0   0.22826
   3014.8   0.22834
   3016.5   0.22846
   3018.3   0.22855
   3020.1   0.22863
   3021.8   0.22875
   3023.6   0.22884
   3025.3   0.22889
   3027.1   0.22896
   3028.9   0.22910
   3030.6   0.22920
   3032.4   0.22930
   3034.2   0.22939
   3036.0   0.22948
   3037.7   0.22951
   3039.5   0.22961
   3041.3   0.22970
   3043.1   0.22979
   3044.9   0.22987
   3046.7   0.22998
   3048.5   0.23005
   3050.3   0.23011
   3052.1   0.23018
   3053.8   0.23025
   3055.6   0.23029
   3057.4   0.23036
   3059.3   0.23045
   3061.1   0.23052
   3062.9   0.23059
   3064.7   0.23070
   3066.5   0.23076
   3068.3   0.23085
   3070.1   0.23092
   3071.9   0.23096
   3073.8   0.23101
   3075.6   0.23112
   3077.4   0.23116
   3079.2   0.23119
   3081.1   0.23128
   3082.9   0.23138
   3084.7   0.23144
   3086.6   0.23150
   3088.4   0.23159
   3090.2   0.23171
   3092.1   0.23178
   3093.9   0.23186
   3095.8   0.23195
   3097.6   0.23205
   3099.5   0.23214
   3101.3   0.23227
   3103.2   0.23237
   3105.1   0.23245
   3106.9   0.23257
   3108.8   0.23268
   3110.6   0.23278
   3112.5   0.23289
   3114.4   0.23296
   3116.2   0.23312
   3118.1   0.23324
   3120.0   0.23329
   3121.9   0.23338
   3123.8   0.23349
   3125.6   0.23360
   3127.5   0.23374
   3129.4   0.23386
   3131.3   0.23396
   3133.2   0.23405
   3135.1   0.23421
   3137.0   0.23435
   3138.9   0.23445
   3140.8   0.23454
   3142.7   0.23465
   3144.6   0.23477
   3146.5   0.23493
   3148.4   0.23506
   3150.3   0.23515
   3152.2   0.23520
   3154.1   0.23532
   3156.1   0.23546
   3158.0   0.23560
   3159.9   0.23573
   3161.9   0.23583
   3163.8   0.23590
   3165.7   0.23600
   3167.6   0.23612
   3169.6   0.23627
   3171.5   0.23640
   3173.4   0.23652
   3175.4   0.23664
   3177.3   0.23678
   3179.3   0.23690
   3181.2   0.23703
   3183.2   0.23717
   3185.1   0.23729
   3187.1   0.23739
   3189.1   0.23752
   3191.0   0.23765
   3193.0   0.23777
   3195.0   0.23788
   3196.9   0.23802
   3198.9   0.23819
   3200.9   0.23832
   3202.9   0.23840
   3204.8   0.23849
   3206.8   0.23859
   3208.8   0.23870
   3210.8   0.23881
   3212.8   0.23900
   3214.8   0.23914
   3216.8   0.23927
   3218.8   0.23939
   3220.8   0.23951
   3222.8   0.23962
   3224.8   0.23973
   3226.8   0.23987
   3228.8   0.24006
   3230.8   0.24017
   3232.8   0.24026
   3234.8   0.24035
   3236.8   0.24047
   3238.9   0.24057
   3240.9   0.24071
   3242.9   0.24081
   3244.9   0.24090
   3247.0   0.24100
   3249.0   0.24112
   3251.1   0.24125
   3253.1   0.24140
   3255.1   0.24150
   3257.2   0.24161
   3259.2   0.24167
   3261.3   0.24177
   3263.3   0.24195
   3265.4   0.24211
   3267.4   0.24219
   3269.5   0.24232
   3271.6   0.24242
   3273.6   0.24253
   3275.7   0.24264
   3277.8   0.24275
   3279.8   0.24290
   3281.9   0.24302
   3284.0   0.24307
   3286.1   0.24316
   3288.2   0.24325
   3290.2   0.24337
   3292.3   0.24347
   3294.4   0.24356
   3296.5   0.24365
   3298.6   0.24375
   3300.7   0.24389
   3302.8   0.24404
   3304.9   0.24413
   3307.0   0.24423
   3309.1   0.24433
   3311.3   0.24443
   3313.4   0.24447
   3315.5   0.24453
   3317.6   0.24461
   3319.7   0.24474
   3321.9   0.24483
   3324.0   0.24493
   3326.1   0.24502
   3328.3   0.24509
   3330.4   0.24516
   3332.5   0.24527
   3334.7   0.24533
   3336.8   0.24536
   3339.0   0.24544
   3341.1   0.24549
   3343.3   0.24551
   3345.4   0.24555
   3347.6   0.24560
   3349.8   0.24567
   3351.9   0.24567
   3354.1   0.24567
   3356.3   0.24566
   3358.4   0.24562
   3360.6   0.24557
   3362.8   0.24548
   3365.0   0.24527
   3367.2   0.24504
   3369.4   0.24476
   3371.5   0.24462
   3373.7   0.24463
   3375.9   0.24474
   3378.1   0.24493
   3380.3   0.24525
   3382.5   0.24563
   3384.7   0.24597
   3386.9   0.24622
   3389.2   0.24642
   3391.4   0.24650
   3393.6   0.24648
   3395.8   0.24637
   3398.1   0.24628
   3400.3   0.24616
   3402.5   0.24606
   3404.7   0.24599
   3407.0   0.24600
   3409.2   0.24603
   3411.5   0.24610
   3413.7   0.24616
   3416.0   0.24633
   3418.2   0.24664
   3420.5   0.24705
   3422.7   0.24742
   3425.0   0.24780
   3427.3   0.24816
   3429.5   0.24842
   3431.8   0.24854
   3434.1   0.24869
   3436.3   0.24883
   3438.6   0.24900
   3440.9   0.24916
   3443.2   0.24929
   3445.5   0.24944
   3447.8   0.24963
   3450.1   0.24980
   3452.4   0.24997
   3454.6   0.25015
   3456.9   0.25029
   3459.3   0.25039
   3461.6   0.25051
   3463.9   0.25057
   3466.2   0.25057
   3468.5   0.25053
   3470.8   0.25050
   3473.2   0.25049
   3475.5   0.25059
   3477.8   0.25071
   3480.1   0.25081
   3482.5   0.25092
   3484.8   0.25100
   3487.2   0.25096
   3489.5   0.25094
   3491.9   0.25097
   3494.2   0.25105
   3496.6   0.25110
   3498.9   0.25120
   3501.3   0.25143
   3503.7   0.25183
   3506.0   0.25225
   3508.4   0.25264
   3510.8   0.25295
   3513.2   0.25311
   3515.5   0.25321
   3517.9   0.25332
   3520.3   0.25342
   3522.7   0.25352
   3525.1   0.25363
   3527.5   0.25374
   3529.9   0.25385
   3532.3   0.25397
   3534.7   0.25408
   3537.1   0.25421
   3539.5   0.25431
   3541.9   0.25441
   3544.4   0.25448
   3546.8   0.25457
   3549.2   0.25468
   3551.7   0.25480
   3554.1   0.25489
   3556.5   0.25499
   3559.0   0.25502
   3561.4   0.25510
   3563.9   0.25523
   3566.3   0.25535
   3568.8   0.25544
   3571.2   0.25553
   3573.7   0.25560
   3576.1   0.25571
   3578.6   0.25577
   3581.1   0.25582
   3583.6   0.25592
   3586.0   0.25599
   3588.5   0.25606
   3591.0   0.25616
   3593.5   0.25626
   3596.0   0.25636
   3598.5   0.25642
   3601.0   0.25651
   3603.5   0.25655
   3606.0   0.25664
   3608.5   0.25674
   3611.0   0.25684
   3613.5   0.25692
   3616.1   0.25701
   3618.6   0.25708
   3621.1   0.25716
   3623.6   0.25720
   3626.2   0.25728
   3628.7   0.25738
   3631.3   0.25749
   3633.8   0.25755
   3636.3   0.25761
   3638.9   0.25765
   3641.4   0.25774
   3644.0   0.25781
   3646.6   0.25792
   3649.1   0.25799
   3651.7   0.25804
   3654.3   0.25808
   3656.9   0.25817
   3659.4   0.25823
   3662.0   0.25831
   3664.6   0.25839
   3667.2   0.25847
   3669.8   0.25854
   3672.4   0.25864
   3675.0   0.25870
   3677.6   0.25877
   3680.2   0.25883
   3682.8   0.25893
   3685.4   0.25901
   3688.1   0.25908
   3690.7   0.25913
   3693.3   0.25922
   3695.9   0.25930
   3698.6   0.25940
   3701.2   0.25948
   3703.9   0.25955
   3706.5   0.25955
   3709.2   0.25961
   3711.8   0.25970
   3714.5   0.25981
   3717.1   0.25986
   3719.8   0.25992
   3722.5   0.25995
   3725.2   0.26003
   3727.8   0.26011
   3730.5   0.26018
   3733.2   0.26024
   3735.9   0.26032
   3738.6   0.26038
   3741.3   0.26046
   3744.0   0.26048
   3746.7   0.26056
   3749.4   0.26062
   3752.1   0.26071
   3754.8   0.26079
   3757.6   0.26087
   3760.3   0.26093
   3763.0   0.26100
   3765.7   0.26102
   3768.5   0.26106
   3771.2   0.26111
   3774.0   0.26118
   3776.7   0.26122
   3779.5   0.26128
   3782.2   0.26134
   3785.0   0.26141
   3787.7   0.26148
   3790.5   0.26153
   3793.3   0.26152
   3796.1   0.26154
   3798.8   0.26159
   3801.6   0.26168
   3804.4   0.26173
   3807.2   0.26179
   3810.0   0.26182
   3812.8   0.26186
   3815.6   0.26190
   3818.4   0.26196
   3821.2   0.26198
   3824.1   0.26201
   3826.9   0.26204
   3829.7   0.26208
   3832.5   0.26212
   3835.4   0.26218
   3838.2   0.26221
   3841.1   0.26222
   3843.9   0.26222
   3846.8   0.26228
   3849.6   0.26233
   3852.5   0.26236
   3855.3   0.26236
   3858.2   0.26237
   3861.1   0.26239
   3863.9   0.26245
   3866.8   0.26246
   3869.7   0.26249
   3872.6   0.26252
   3875.5   0.26256
   3878.4   0.26257
   3881.3   0.26261
   3884.2   0.26261
   3887.1   0.26262
   3890.0   0.26263
   3893.0   0.26268
   3895.9   0.26268
   3898.8   0.26271
   3901.7   0.26271
   3904.7   0.26276
   3907.6   0.26277
   3910.6   0.26277
   3913.5   0.26276
   3916.5   0.26279
   3919.4   0.26279
   3922.4   0.26282
   3925.4   0.26285
   3928.4   0.26290
   3931.3   0.26289
   3934.3   0.26290
   3937.3   0.26290
   3940.3   0.26291
   3943.3   0.26291
   3946.3   0.26293
   3949.3   0.26291
   3952.3   0.26292
   3955.3   0.26293
   3958.3   0.26296
   3961.4   0.26295
   3964.4   0.26294
   3967.4   0.26291
   3970.5   0.26292
   3973.5   0.26292
   3976.6   0.26294
   3979.6   0.26295
   3982.6   0.26296
   3985.7   0.26295
   3988.8   0.26296
   3991.9   0.26292
   3994.9   0.26291
   3998.0   0.26292
   4001.1   0.26293
   4004.2   0.26289
   4007.3   0.26287
   4010.4   0.26284
   4013.5   0.26284
   4016.6   0.26283
   4019.7   0.26284
   4022.8   0.26280
   4025.9   0.26278
   4029.1   0.26276
   4032.2   0.26279
   4035.3   0.26278
   4038.5   0.26278
   4041.6   0.26273
   4044.8   0.26270
   4047.9   0.26265
   4051.1   0.26264
   4054.3   0.26261
   4057.4   0.26262
   4060.6   0.26259
   4063.8   0.26258
   4067.0   0.26256
   4070.2   0.26257
   4073.4   0.26254
   4076.6   0.26252
   4079.8   0.26250
   4083.0   0.26250
   4086.2   0.26248
   4089.4   0.26246
   4092.7   0.26239
   4095.9   0.26239
   4099.1   0.26236
   4102.4   0.26236
   4105.6   0.26236
   4108.9   0.26236
   4112.1   0.26231
   4115.4   0.26228
   4118.7   0.26222
   4122.0   0.26219
   4125.2   0.26216
   4128.5   0.26215
   4131.8   0.26210
   4135.1   0.26205
   4138.4   0.26201
   4141.7   0.26202
   4145.0   0.26197
   4148.3   0.26191
   4151.6   0.26186
   4155.0   0.26184
   4158.3   0.26178
   4161.6   0.26174
   4165.0   0.26169
   4168.3   0.26166
   4171.7   0.26160
   4175.0   0.26157
   4178.4   0.26150
   4181.8   0.26147
   4185.2   0.26142
   4188.5   0.26136
   4191.9   0.26128
   4195.3   0.26124
   4198.7   0.26118
   4202.1   0.26113
   4205.5   0.26103
   4208.9   0.26094
   4212.4   0.26085
   4215.8   0.26080
   4219.2   0.26070
   4222.6   0.26060
   4226.1   0.26048
   4229.5   0.26042
   4233.0   0.26033
   4236.5   0.26026
   4239.9   0.26016
   4243.4   0.26009
   4246.9   0.25996
   4250.3   0.25990
   4253.8   0.25977
   4257.3   0.25964
   4260.8   0.25948
   4264.3   0.25932
   4267.8   0.25916
   4271.4   0.25903
   4274.9   0.25885
   4278.4   0.25871
   4281.9   0.25853
   4285.5   0.25833
   4289.0   0.25813
   4292.6   0.25795
   4296.1   0.25771
   4299.7   0.25750
   4303.3   0.25726
   4306.8   0.25705
   4310.4   0.25682
   4314.0   0.25664
   4317.6   0.25641
   4321.2   0.25619
   4324.8   0.25596
   4328.4   0.25578
   4332.0   0.25557
   4335.6   0.25541
   4339.3   0.25520
   4342.9   0.25501
   4346.5   0.25479
   4350.2   0.25460
   4353.8   0.25438
   4357.5   0.25422
   4361.1   0.25403
   4364.8   0.25387
   4368.5   0.25368
   4372.2   0.25351
   4375.9   0.25330
   4379.6   0.25313
   4383.3   0.25296
   4387.0   0.25280
   4390.7   0.25263
   4394.4   0.25251
   4398.1   0.25236
   4401.9   0.25223
   4405.6   0.25207
   4409.4   0.25196
   4413.1   0.25182
   4416.9   0.25173
   4420.6   0.25162
   4424.4   0.25155
   4428.2   0.25145
   4432.0   0.25136
   4435.8   0.25127
   4439.6   0.25120
   4443.4   0.25108
   4447.2   0.25100
   4451.0   0.25092
   4454.8   0.25085
   4458.6   0.25072
   4462.5   0.25059
   4466.3   0.25045
   4470.2   0.25034
   4474.0   0.25020
   4477.9   0.25007
   4481.8   0.24988
   4485.6   0.24972
   4489.5   0.24950
   4493.4   0.24933
   4497.3   0.24910
   4501.2   0.24890
   4505.1   0.24868
   4509.0   0.24847
   4513.0   0.24821
   4516.9   0.24797
   4520.8   0.24771
   4524.8   0.24746
   4528.7   0.24717
   4532.7   0.24690
   4536.7   0.24660
   4540.6   0.24630
   4544.6   0.24600
   4548.6   0.24572
   4552.6   0.24537
   4556.6   0.24501
   4560.6   0.24463
   4564.6   0.24428
   4568.6   0.24393
   4572.7   0.24359
   4576.7   0.24318
   4580.8   0.24279
   4584.8   0.24237
   4588.9   0.24195
   4592.9   0.24149
   4597.0   0.24106
   4601.1   0.24060
   4605.2   0.24015
   4609.3   0.23963
   4613.4   0.23915
   4617.5   0.23860
   4621.6   0.23806
   4625.7   0.23750
   4629.8   0.23699
   4634.0   0.23644
   4638.1   0.23592
   4642.3   0.23539
   4646.4   0.23491
   4650.6   0.23442
   4654.8   0.23396
   4659.0   0.23351
   4663.1   0.23309
   4667.3   0.23265
   4671.5   0.23224
   4675.8   0.23179
   4680.0   0.23139
   4684.2   0.23093
   4688.4   0.23049
   4692.7   0.23005
   4696.9   0.22962
   4701.2   0.22913
   4705.5   0.22868
   4709.7   0.22821
   4714.0   0.22775
   4718.3   0.22729
   4722.6   0.22685
   4726.9   0.22635
   4731.2   0.22592
   4735.5   0.22546
   4739.9   0.22503
   4744.2   0.22457
   4748.5   0.22415
   4752.9   0.22371
   4757.3   0.22330
   4761.6   0.22287
   4766.0   0.22248
   4770.4   0.22208
   4774.8   0.22171
   4779.2   0.22131
   4783.6   0.22091
   4788.0   0.22050
   4792.4   0.22014
   4796.9   0.21972
   4801.3   0.21931
   4805.8   0.21890
   4810.2   0.21850
   4814.7   0.21802
   4819.1   0.21758
   4823.6   0.21714
   4828.1   0.21669
   4832.6   0.21619
   4837.1   0.21570
   4841.6   0.21521
   4846.2   0.21476
   4850.7   0.21426
   4855.3   0.21381
   4859.8   0.21329
   4864.4   0.21280
   4868.9   0.21230
   4873.5   0.21183
   4878.1   0.21132
   4882.7   0.21082
   4887.3   0.21027
   4891.9   0.20976
   4896.5   0.20919
   4901.1   0.20865
   4905.8   0.20809
   4910.4   0.20756
   4915.1   0.20699
   4919.7   0.20644
   4924.4   0.20585
   4929.1   0.20530
   4933.8   0.20472
   4938.5   0.20418
   4943.2   0.20359
   4947.9   0.20301
   4952.6   0.20243
   4957.4   0.20190
   4962.1   0.20131
   4966.9   0.20074
   4971.6   0.20013
   4976.4   0.19957
   4981.2   0.19896
   4986.0   0.19837
   4990.8   0.19778
   4995.6   0.19722
   5000.4   0.19659
   5005.2   0.19600
   5010.0   0.19539
   5014.9   0.19484
   5019.8   0.19427
   5024.6   0.19366
   5029.5   0.19305
   5034.4   0.19250
   5039.3   0.19188
   5044.2   0.19130
   5049.1   0.19072
   5054.0   0.19018
   5058.9   0.18960
   5063.9   0.18907
   5068.8   0.18854
   5073.8   0.18805
   5078.8   0.18753
   5083.7   0.18703
   5088.7   0.18650
   5093.7   0.18599
   5098.7   0.18545
   5103.7   0.18496
   5108.8   0.18444
   5113.8   0.18390
   5118.9   0.18329
   5123.9   0.18267
   5129.0   0.18201
   5134.1   0.18138
   5139.1   0.18072
   5144.3   0.18010
   5149.4   0.17949
   5154.5   0.17887
   5159.6   0.17820
   5164.7   0.17758
   5169.9   0.17698
   5175.0   0.17641
   5180.2   0.17582
   5185.4   0.17528
   5190.6   0.17475
   5195.8   0.17426
   5201.0   0.17376
   5206.2   0.17327
   5211.5   0.17277
   5216.7   0.17230
   5222.0   0.17173
   5227.2   0.17120
   5232.5   0.17069
   5237.8   0.17021
   5243.1   0.16967
   5248.4   0.16918
   5253.7   0.16866
   5259.0   0.16812
   5264.4   0.16754
   5269.7   0.16701
   5275.1   0.16648
   5280.5   0.16598
   5285.8   0.16546
   5291.2   0.16503
   5296.6   0.16456
   5302.0   0.16410
   5307.5   0.16365
   5312.9   0.16325
   5318.4   0.16285
   5323.8   0.16251
   5329.3   0.16215
   5334.8   0.16180
   5340.3   0.16141
   5345.8   0.16107
   5351.3   0.16072
   5356.8   0.16024
   5362.4   0.15968
   5367.9   0.15919
   5373.5   0.15868
   5379.0   0.15815
   5384.6   0.15758
   5390.2   0.15711
   5395.8   0.15662
   5401.5   0.15614
   5407.1   0.15568
   5412.7   0.15527
   5418.4   0.15489
   5424.1   0.15461
   5429.7   0.15413
   5435.4   0.15371
   5441.1   0.15343
   5446.9   0.15321
   5452.6   0.15297
   5458.3   0.15280
   5464.1   0.15273
   5469.8   0.15267
   5475.6   0.15256
   5481.4   0.15255
   5487.2   0.15245
   5493.0   0.15245
   5498.8   0.15247
   5504.7   0.15252
   5510.5   0.15257
   5516.4   0.15265
   5522.3   0.15272
   5528.1   0.15278
   5534.0   0.15274
   5540.0   0.15276
   5545.9   0.15280
   5551.8   0.15286
   5557.8   0.15282
   5563.7   0.15275
   5569.7   0.15256
   5575.7   0.15248
   5581.7   0.15237
   5587.7   0.15202
   5593.7   0.15163
   5599.8   0.15137
   5605.8   0.15103
   5611.9   0.15067
   5618.0   0.15031
   5624.1   0.14991
   5630.2   0.14951
   5636.3   0.14919
   5642.4   0.14893
   5648.6   0.14850
   5654.7   0.14800
   5660.9   0.14762
   5667.1   0.14718
   5673.3   0.14698
   5679.5   0.14671
   5685.7   0.14637
   5692.0   0.14610
   5698.2   0.14584
   5704.5   0.14553
   5710.8   0.14544
   5717.1   0.14514
   5723.4   0.14476
   5729.7   0.14433
   5736.0   0.14397
   5742.4   0.14356
   5748.8   0.14319
   5755.1   0.14257
   5761.5   0.14208
   5768.0   0.14171
   5774.4   0.14093
   5780.8   0.14004
   5787.3   0.13930
   5793.7   0.13851
   5800.2   0.13780
   5806.7   0.13702
   5813.2   0.13634
   5819.8   0.13577
   5826.3   0.13514
   5832.8   0.13424
   5839.4   0.13336
   5846.0   0.13249
   5852.6   0.13175
   5859.2   0.13102
   5865.8   0.13033
   5872.5   0.12953
   5879.1   0.12904
   5885.8   0.12828
   5892.5   0.12738
   5899.2   0.12666
   5905.9   0.12566
   5912.6   0.12477
   5919.4   0.12404
   5926.2   0.12327
   5932.9   0.12271
   5939.7   0.12205
   5946.5   0.12101
   5953.4   0.12003
   5960.2   0.11920
   5967.1   0.11852
   5974.0   0.11778
   5980.8   0.11690
   5987.8   0.11628
   5994.7   0.11558
   6001.6   0.11483
   6008.6   0.11420
   6015.5   0.11379
   6022.5   0.11326
   6029.5   0.11280
   6036.5   0.11244
   6043.6   0.11236
   6050.6   0.11247
   6057.7   0.11203
   6064.8   0.11161
   6071.9   0.11158
   6079.0   0.11136
   6086.1   0.11102
   6093.3   0.11076
   6100.5   0.11058
   6107.6   0.11043
   6114.8   0.11039
   6122.1   0.10997
   6129.3   0.10952
   6136.5   0.10922
   6143.8   0.10897
   6151.1   0.10863
   6158.4   0.10843
   6165.7   0.10818
   6173.1   0.10786
   6180.4   0.10771
   6187.8   0.10766
   6195.2   0.10732
   6202.6   0.10705
   6210.0   0.10692
   6217.5   0.10686
   6225.0   0.10675
   6232.4   0.10665
   6239.9   0.10653
   6247.5   0.10641
   6255.0   0.10630
   6262.5   0.10617
   6270.1   0.10605
   6277.7   0.10591
   6285.3   0.10574
   6293.0   0.10563
   6300.6   0.10554
   6308.3   0.10549
   6315.9   0.10542
   6323.6   0.10538
   6331.4   0.10536
   6339.1   0.10549
   6346.9   0.10569
   6354.6   0.10564
   6362.4   0.10564
   6370.3   0.10587
   6378.1   0.10596
   6385.9   0.10596
   6393.8   0.10605
   6401.7   0.10614
   6409.6   0.10647
   6417.5   0.10686
   6425.5   0.10656
   6433.5   0.10632
   6441.5   0.10615
   6449.5   0.10599
   6457.5   0.10582
   6465.6   0.10562
   6473.6   0.10555
   6481.7   0.10553
   6489.8   0.10557
   6498.0   0.10545
   6506.1   0.10499
   6514.3   0.10472
   6522.5   0.10466
   6530.7   0.10438
   6539.0   0.10412
   6547.2   0.10398
   6555.5   0.10384
   6563.8   0.10365
   6572.1   0.10357
   6580.4   0.10330
   6588.8   0.10295
   6597.2   0.10267
   6605.6   0.10232
   6614.0   0.10206
   6622.5   0.10180
   6630.9   0.10176
   6639.4   0.10175
   6647.9   0.10135
   6656.5   0.10096
   6665.0   0.10080
   6673.6   0.10068
   6682.2   0.10063
   6690.8   0.10044
   6699.5   0.10022
   6708.1   0.10015
   6716.8   0.10006
   6725.5   0.09980
   6734.3   0.09951
   6743.0   0.09925
   6751.8   0.09906
   6760.6   0.09878
   6769.4   0.09851
   6778.3   0.09824
   6787.1   0.09801
   6796.0   0.09763
   6805.0   0.09713
   6813.9   0.09675
   6822.9   0.09652
   6831.9   0.09620
   6840.9   0.09582
   6849.9   0.09558
   6859.0   0.09553
   6868.0   0.09530
   6877.2   0.09481
   6886.3   0.09439
   6895.5   0.09408
   6904.6   0.09385
   6913.8   0.09356
   6923.1   0.09318
   6932.3   0.09285
   6941.6   0.09247
   6950.9   0.09213
   6960.2   0.09185
   6969.6   0.09136
   6979.0   0.09079
   6988.4   0.09033
   6997.8   0.08980
   7007.3   0.08928
   7016.8   0.08879
   7026.3   0.08830
   7035.8   0.08779
   7045.4   0.08742
   7054.9   0.08686
   7064.5   0.08627
   7074.2   0.08571
   7083.9   0.08522
   7093.5   0.08473
   7103.3   0.08429
   7113.0   0.08384
   7122.8   0.08333
   7132.6   0.08278
   7142.4   0.08233
   7152.2   0.08183
   7162.1   0.08129
   7172.0   0.08070
   7182.0   0.08007
   7191.9   0.07942
   7201.9   0.07883
   7211.9   0.07818
   7222.0   0.07752
   7232.0   0.07684
   7242.1   0.07617
   7252.3   0.07547
   7262.4   0.07480
   7272.6   0.07414
   7282.8   0.07347
   7293.1   0.07271
   7303.3   0.07201
   7313.6   0.07128
   7324.0   0.07059
   7334.3   0.06985
   7344.7   0.06910
   7355.1   0.06828
   7365.6   0.06751
   7376.1   0.06668
   7386.6   0.06585
   7397.1   0.06499
   7407.7   0.06417
   7418.3   0.06330
   7428.9   0.06247
   7439.6   0.06160
   7450.2   0.06077
   7461.0   0.05991
   7471.7   0.05904
   7482.5   0.05811
   7493.3   0.05724
   7504.1   0.05635
   7515.0   0.05549
   7525.9   0.05456
   7536.9   0.05366
   7547.9   0.05272
   7558.9   0.05182
   7569.9   0.05089
   7581.0   0.04999
   7592.0   0.04906
   7603.2   0.04818
   7614.4   0.04723
   7625.5   0.04635
   7636.8   0.04541
   7648.0   0.04450
   7659.3   0.04353
   7670.7   0.04257
   7682.0   0.04152
   7693.4   0.04051
   7704.9   0.03947
   7716.3   0.03848
   7727.8   0.03743
   7739.4   0.03641
   7750.9   0.03535
   7762.5   0.03433
   7774.2   0.03327
   7785.8   0.03221
   7797.5   0.03113
   7809.3   0.03014
   7821.1   0.02909
   7832.9   0.02808
   7844.7   0.02701
   7856.6   0.02601
   7868.5   0.02499
   7880.5   0.02403
   7892.5   0.02301
   7904.5   0.02205
   7916.6   0.02107
   7928.7   0.02016
   7940.8   0.01922
   7953.0   0.01837
   7965.2   0.01751
   7977.5   0.01671
   7989.8   0.01588
   8002.1   0.01513
   8014.5   0.01439
   8026.9   0.01375
   8039.3   0.01308
   8051.8   0.01253
   8064.3   0.01198
   8076.9   0.01154
   8089.5   0.01107
   8102.1   0.01073
   8114.8   0.01040
   8127.5   0.01016
   8140.3   0.00993
   8153.1   0.00983
   8165.9   0.00973
   8178.8   0.00978
   8191.7   0.00985
   8204.7   0.01002
   8217.7   0.01020
   8230.7   0.01052
   8243.8   0.01086
   8257.0   0.01132
   8270.1   0.01177
   8283.3   0.01233
   8296.6   0.01287
   8309.9   0.01346
   8323.2   0.01397
   8336.6   0.01456
   8350.0   0.01508
   8363.5   0.01558
   8377.0   0.01600
   8390.5   0.01644
   8404.2   0.01684
   8417.8   0.01728
   8431.5   0.01766
   8445.2   0.01805
   8459.0   0.01833
   8472.8   0.01860
   8486.7   0.01875
   8500.6   0.01890
   8514.5   0.01898
   8528.5   0.01910
   8542.6   0.01917
   8556.7   0.01931
   8570.8   0.01942
   8585.0   0.01952
   8599.3   0.01956
   8613.5   0.01962
   8627.9   0.01962
   8642.3   0.01967
   8656.7   0.01968
   8671.2   0.01971
   8685.7   0.01968
   8700.3   0.01970
   8714.9   0.01968
   8729.5   0.01971
   8744.3   0.01967
   8759.0   0.01969
   8773.9   0.01961
   8788.7   0.01954
   8803.7   0.01946
   8818.6   0.01941
   8833.7   0.01931
   8848.7   0.01930
   8863.8   0.01926
   8879.0   0.01926
   8894.3   0.01921
   8909.5   0.01922
   8924.9   0.01917
   8940.3   0.01912
   8955.7   0.01898
   8971.2   0.01892
   8986.8   0.01890
   9002.3   0.01891
   9018.0   0.01883
   9033.7   0.01876
   9049.5   0.01861
   9065.3   0.01854
   9081.2   0.01839
   9097.1   0.01824
   9113.1   0.01804
   9129.1   0.01791
   9145.2   0.01773
   9161.4   0.01758
   9177.6   0.01739
   9193.9   0.01727
   9210.2   0.01714
   9226.6   0.01712
   9243.0   0.01708
   9259.5   0.01709
   9276.1   0.01712
   9292.7   0.01719
   9309.4   0.01718
   9326.2   0.01725
   9343.0   0.01725
   9359.8   0.01734
   9376.8   0.01738
   9393.8   0.01743
   9410.8   0.01747
   9427.9   0.01759
   9445.1   0.01765
   9462.3   0.01783
   9479.6   0.01802
   9497.0   0.01824
   9514.4   0.01844
   9531.9   0.01872
   9549.4   0.01894
   9567.0   0.01922
   9584.7   0.01944
   9602.5   0.01968
   9620.3   0.01985
   9638.2   0.02000
   9656.1   0.02012
   9674.2   0.02027
   9692.2   0.02037
   9710.4   0.02052
   9728.6   0.02061
   9746.9   0.02074
   9765.2   0.02078
   9783.7   0.02082
   9802.2   0.02079
   9820.7   0.02079
   9839.4   0.02074
   9858.1   0.02072
   9876.8   0.02068
   9895.7   0.02074
   9914.6   0.02077
   9933.6   0.02084
   9952.7   0.02087
   9971.8   0.02099
   9991.0   0.02115
  10010.3   0.02132
  10029.7   0.02144
  10049.1   0.02162
  10068.6   0.02177
  10088.2   0.02197
  10107.9   0.02210
  10127.6   0.02224
  10147.5   0.02236
  10167.3   0.02248
  10187.3   0.02254
  10207.4   0.02269
  10227.5   0.02285
  10247.7   0.02317
  10268.0   0.02351
  10288.4   0.02392
  10308.8   0.02437
  10329.4   0.02484
  10350.0   0.02516
  10370.7   0.02546
  10391.5   0.02578
  10412.3   0.02613
  10433.3   0.02642
  10454.3   0.02666
  10475.4   0.02689
  10496.7   0.02709
  10517.9   0.02724
  10539.3   0.02744
  10560.8   0.02756
  10582.3   0.02773
  10604.0   0.02786
  10625.7   0.02798
  10647.5   0.02807
  10669.4   0.02818
  10691.4   0.02830
  10713.5   0.02845
  10735.7   0.02856
  10758.0   0.02870
  10780.3   0.02875
  10802.8   0.02878
  10825.4   0.02873
  10848.0   0.02865
  10870.8   0.02849
  10893.6   0.02835
  10916.5   0.02820
  10939.5   0.02814
  10962.7   0.02801
  10985.9   0.02786
  11009.2   0.02770
  11032.7   0.02768
  11056.2   0.02768
  11079.8   0.02765
  11103.5   0.02760
  11127.4   0.02760
  11151.3   0.02757
  11175.3   0.02761
  11199.5   0.02762
  11223.7   0.02767
  11248.0   0.02770
  11272.5   0.02777
  11297.1   0.02774
  11321.7   0.02775
  11346.5   0.02784
  11371.4   0.02802
  11396.4   0.02810
  11421.5   0.02820
  11446.7   0.02831
  11472.0   0.02847
  11497.5   0.02855
  11523.0   0.02860
  11548.7   0.02864
  11574.4   0.02879
  11600.3   0.02882
  11626.3   0.02891
  11652.5   0.02901
  11678.7   0.02909
  11705.1   0.02917
  11731.6   0.02935
  11758.2   0.02947
  11784.9   0.02967
  11811.7   0.02981
  11838.7   0.02997
  11865.8   0.03007
  11893.0   0.03022
  11920.3   0.03038
  11947.8   0.03059
  11975.4   0.03083
  12003.1   0.03115
  12031.0   0.03148
  12059.0   0.03190
  12087.1   0.03218
  12115.3   0.03246
  12143.7   0.03269
  12172.2   0.03294
  12200.8   0.03312
  12229.6   0.03327
  12258.5   0.03324
  12287.6   0.03318
  12316.8   0.03307
  12346.1   0.03295
  12375.5   0.03267
  12405.2   0.03230
  12434.9   0.03185
  12464.8   0.03129
  12494.8   0.03061
  12525.0   0.02997
  12555.3   0.02923
  12585.8   0.02849
  12616.4   0.02775
  12647.2   0.02693
  12678.1   0.02601
  12709.2   0.02503
  12740.4   0.02397
  12771.8   0.02302
  12803.3   0.02205
  12835.0   0.02112
  12866.9   0.02037
  12898.9   0.01998
  12931.1   0.01964
  12963.4   0.01932
  12995.9   0.01915
  13028.5   0.01906
  13061.3   0.01881
  13094.3   0.01864
  13127.5   0.01849
  13160.8   0.01846
  13194.3   0.01851
  13228.0   0.01862
  13261.8   0.01870
  13295.8   0.01879
  13330.0   0.01881
  13364.3   0.01880
  13398.8   0.01866
  13433.6   0.01857
  13468.5   0.01829
  13503.5   0.01798
  13538.8   0.01767
  13574.2   0.01747
  13609.9   0.01731
  13645.7   0.01727
  13681.7   0.01730
  13717.9   0.01747
  13754.3   0.01768
  13790.8   0.01792
  13827.6   0.01808
  13864.6   0.01829
  13901.8   0.01844
  13939.2   0.01859
  13976.7   0.01847
  14014.5   0.01830
  14052.5   0.01804
  14090.7   0.01774
  14129.0   0.01731
  14167.6   0.01689
  14206.5   0.01649
  14245.5   0.01618
  14284.7   0.01585
  14324.2   0.01556
  14363.9   0.01531
  14403.8   0.01516
  14443.9   0.01504
  14484.3   0.01492
  14524.8   0.01472
  14565.6   0.01464
  14606.7   0.01453
  14647.9   0.01456
  14689.4   0.01451
  14731.2   0.01441
  14773.1   0.01430
  14815.3   0.01429
  14857.8   0.01425
  14900.5   0.01438
  14943.4   0.01463
  14986.6   0.01493
  15030.0   0.01515
  15073.7   0.01542
  15117.7   0.01561
  15161.9   0.01585
  15206.3   0.01601
  15251.1   0.01619
  15296.1   0.01644
  15341.3   0.01666
  15386.8   0.01683
  15432.6   0.01725
  15478.7   0.01761
  15525.0   0.01802
  15571.7   0.01839
  15618.6   0.01878
  15665.8   0.01909
  15713.2   0.01938
  15761.0   0.01961
  15809.0   0.01990
  15857.4   0.02012
  15906.0   0.02049
  15955.0   0.02075
  16004.2   0.02087
  16053.8   0.02085
  16103.6   0.02082
  16153.8   0.02063
  16204.3   0.02058
  16255.1   0.02043
  16306.2   0.02031
  16357.6   0.02033
  16409.4   0.02059
  16461.5   0.02084
  16513.9   0.02128
  16566.7   0.02166
  16619.8   0.02198
  16673.2   0.02221
  16727.0   0.02242
  16781.1   0.02268
  16835.6   0.02324
  16890.5   0.02380
  16945.7   0.02426
  17001.2   0.02450
  17057.2   0.02468
  17113.4   0.02465
  17170.1   0.02449
  17227.2   0.02428
  17284.6   0.02391
  17342.4   0.02353
  17400.6   0.02339
  17459.2   0.02340
  17518.2   0.02360
  17577.5   0.02380
  17637.3   0.02401
  17697.5   0.02417
  17758.1   0.02423
  17819.2   0.02413
  17880.6   0.02406
  17942.5   0.02385
  18004.8   0.02364
  18067.5   0.02352
  18130.7   0.02371
  18194.3   0.02409
  18258.4   0.02474
  18322.9   0.02537
  18387.9   0.02595
  18453.3   0.02637
  18519.2   0.02672
  18585.6   0.02687
  18652.4   0.02685
  18719.8   0.02660
  18787.6   0.02643
  18855.9   0.02637
  18924.7   0.02622
  18994.1   0.02603
  19063.9   0.02618
  19134.2   0.02618
  19205.1   0.02618
  19276.5   0.02598
  19348.4   0.02573
  19420.9   0.02564
  19493.9   0.02587
  19567.5   0.02594
  19641.6   0.02594
  19716.3   0.02592
  19791.6   0.02597
  19867.4   0.02582
  19943.8   0.02560
  20020.8   0.02547
  20098.4   0.02492
  20176.6   0.02427
  20255.4   0.02373
  20334.9   0.02321
  20414.9   0.02302
  20495.6   0.02325
  20576.9   0.02337
  20658.9   0.02361
  20741.6   0.02353
  20824.8   0.02343
  20908.8   0.02337
  20993.5   0.02302
  21078.8   0.02296
  21164.8   0.02312
  21251.6   0.02336
  21339.1   0.02359
  21427.2   0.02366
  21516.1   0.02368
  21605.8   0.02360
  21696.2   0.02344
  21787.3   0.02315
  21879.3   0.02292
  21972.0   0.02273
  22065.5   0.02261
  22159.8   0.02229
  22254.9   0.02191
  22350.8   0.02149
  22447.6   0.02133
  22545.2   0.02111
  22643.6   0.02071
  22742.9   0.02051
  22843.1   0.02082
  22944.2   0.02133
  23046.2   0.02198
  23149.1   0.02270
  23252.9   0.02348
  23357.6   0.02392
  23463.3   0.02432
  23569.9   0.02433
  23677.6   0.02455
  23786.2   0.02497
  23895.8   0.02519
  24006.4   0.02525
  24118.1   0.02534
  24230.8   0.02515
  24344.5   0.02502
  24459.3   0.02522
  24575.3   0.02564
  24692.3   0.02609
  24810.4   0.02618
  24929.7   0.02628
  25050.1   0.02674
  25171.7   0.02729
  25294.5   0.02792
  25418.5   0.02785
  25543.7   0.02775
  25670.2   0.02820
  25797.9   0.02884
  25926.9   0.02937
  26057.2   0.02969
  26188.8   0.02964
  26321.7   0.02934
  26456.0   0.02923
  26591.7   0.02969
  26728.8   0.02997
  26867.2   0.02963
  27007.2   0.02953
  27148.6   0.02994
  27291.5   0.02979
  27435.9   0.02933
  27581.8   0.02884
  27729.3   0.02818
  27878.4   0.02807
  28029.1   0.02799
  28181.4   0.02790
  28335.4   0.02855
  28491.1   0.02885
  28648.5   0.02900
  28807.7   0.02951
  28968.6   0.02998
  29131.3   0.03033
  29295.9   0.03019
  29462.4   0.03014
  29630.7   0.03037
  29801.0   0.03025
  29973.3   0.03000
  30147.5   0.03003
  30323.8   0.03002
  30502.2   0.02971
  30682.7   0.02936
  30865.3   0.02943
  31050.2   0.02905
  31237.2   0.02890
  31426.5   0.02883
  31618.2   0.02867
  31812.1   0.02846
  32008.5   0.02804
  32207.3   0.02795
  32408.6   0.02805
  32612.4   0.02915
  32818.8   0.03025
  33027.9   0.03137
  33239.6   0.03137
  33454.1   0.03113
  33671.3   0.03114
  33891.4   0.03115
  34114.3   0.03046
  34340.3   0.03037
  34569.2   0.02993
  34801.2   0.02926
  35036.3   0.02871
  35274.7   0.02854
  35516.3   0.02969
  35761.2   0.03074
  36009.6   0.03042
  36261.4   0.02997
  36516.7   0.02899
  36775.7   0.02771
  37038.4   0.02677
  37304.9   0.02645
  37575.2   0.02584
  37849.5   0.02544
  38127.8   0.02543
  38410.2   0.02469
  38696.8   0.02371
  38987.8   0.02397
  39283.2   0.02445
  39583.0   0.02486
  39887.5   0.02457
  40196.7   0.02572
  40510.8   0.02770
  40829.7   0.02720
  41153.8   0.02780
  41483.0   0.02842
  41817.6   0.02783
  42157.5   0.02904
  42503.1   0.03094
  42854.4   0.03310
  43211.5   0.03280
  43574.6   0.03266
  43943.9   0.03247
  44319.5   0.03148
  44701.5   0.03222
  45090.2   0.03312
  45485.8   0.03422
  45888.3   0.03402
  46298.0   0.03158
  46715.1   0.03131
  47139.8   0.03198
  47572.3   0.03423
  48012.8   0.03572
  48461.5   0.03223
  48918.6   0.03106
  49384.6   0.03108
  49859.4   0.03049
  50343.5   0.03208
  50837.0   0.03184
  51340.4   0.03172
  51853.8   0.03110
  52377.6   0.02965
  52912.0   0.02857
  53457.5   0.02886
  54014.4   0.03083
  54582.9   0.03079
  55163.6   0.03099
  55756.8   0.03278
  56362.8   0.03269
  56982.2   0.03259
  57615.3   0.03106
  58262.7   0.02985
  58924.7   0.03263
  59602.0   0.03244
  60295.1   0.03412
  61004.4   0.03267
  61730.7   0.03076
  62474.4   0.02892
  63236.3   0.02917
  64017.0   0.03621
  64817.2   0.03470
  65637.7   0.02659
  66479.2   0.03141
  67342.6   0.03589
  68228.6   0.03640
  69138.4   0.03603
  70072.7   0.03128
  71032.6   0.03454
  72019.1   0.04082
  73033.5   0.03803
  74076.8   0.04025
  75150.4   0.04647
  76255.5   0.03844
  77393.7   0.03848
  78566.3   0.04515
  79775.0   0.04180
  81021.5   0.04222
  82307.6   0.07426
  83635.1   0.08002
  85006.2   0.04627
  86423.0   0.03816
  87887.8   0.04204
  89403.0   0.04037
  90971.5   0.04319
  92596.0   0.05161
  94279.6   0.06029
  96025.5   0.04509
  97837.3   0.03749
  99718.8   0.04956



 BIR1LS108           .ASC                        

 LS-GJT-108                                                              
 Lunar soil 63341,83 <150 um                                             
 Bulk density 1.120                                                      
 Connected at 2.5 & 19.5 um                                              

 Source Ang: 30.00   Detect Ang:  0.00  Volt: 1.222
 Date: 17-JUL-12   Time: 15:34:11
