  6431
    799.9   0.15309
    800.0   0.15335
    800.2   0.15135
    800.3   0.15113
    800.4   0.15318
    800.5   0.15444
    800.7   0.15433
    800.8   0.15393
    800.9   0.15158
    801.0   0.14969
    801.2   0.15110
    801.3   0.15285
    801.4   0.15445
    801.5   0.15330
    801.6   0.15338
    801.8   0.15346
    801.9   0.15293
    802.0   0.15227
    802.1   0.15036
    802.3   0.15051
    802.4   0.15027
    802.5   0.14846
    802.6   0.14909
    802.8   0.15140
    802.9   0.15396
    803.0   0.15479
    803.1   0.15315
    803.3   0.15194
    803.4   0.15127
    803.5   0.15080
    803.6   0.15293
    803.8   0.15379
    803.9   0.15317
    804.0   0.15284
    804.1   0.15191
    804.3   0.15240
    804.4   0.15293
    804.5   0.15220
    804.6   0.15298
    804.8   0.15223
    804.9   0.15161
    805.0   0.15326
    805.1   0.15242
    805.3   0.15154
    805.4   0.15371
    805.5   0.15329
    805.6   0.15227
    805.8   0.15174
    805.9   0.15232
    806.0   0.15170
    806.1   0.15110
    806.3   0.15106
    806.4   0.15135
    806.5   0.15214
    806.6   0.15366
    806.8   0.15285
    806.9   0.15126
    807.0   0.15246
    807.1   0.15306
    807.3   0.15247
    807.4   0.15284
    807.5   0.15391
    807.6   0.15052
    807.8   0.15019
    807.9   0.15174
    808.0   0.15199
    808.1   0.15313
    808.3   0.15337
    808.4   0.15303
    808.5   0.15280
    808.6   0.15207
    808.8   0.15184
    808.9   0.15150
    809.0   0.15195
    809.2   0.15329
    809.3   0.15378
    809.4   0.15324
    809.5   0.15259
    809.7   0.15239
    809.8   0.15228
    809.9   0.15231
    810.0   0.15262
    810.2   0.15299
    810.3   0.15227
    810.4   0.15307
    810.5   0.15505
    810.7   0.15635
    810.8   0.15547
    810.9   0.15417
    811.0   0.15223
    811.2   0.15232
    811.3   0.15383
    811.4   0.15387
    811.5   0.15257
    811.7   0.15305
    811.8   0.15412
    811.9   0.15374
    812.1   0.15180
    812.2   0.15129
    812.3   0.15168
    812.4   0.15254
    812.6   0.15340
    812.7   0.15285
    812.8   0.15174
    813.0   0.15306
    813.1   0.15426
    813.2   0.15375
    813.3   0.15303
    813.5   0.15123
    813.6   0.15060
    813.7   0.15255
    813.8   0.15449
    814.0   0.15387
    814.1   0.15241
    814.2   0.15202
    814.4   0.15283
    814.5   0.15424
    814.6   0.15518
    814.7   0.15440
    814.9   0.15228
    815.0   0.15246
    815.1   0.15441
    815.3   0.15455
    815.4   0.15347
    815.5   0.15293
    815.6   0.15353
    815.8   0.15432
    815.9   0.15257
    816.0   0.15134
    816.2   0.15200
    816.3   0.15281
    816.4   0.15207
    816.5   0.14992
    816.7   0.15048
    816.8   0.15301
    816.9   0.15415
    817.0   0.15384
    817.2   0.15258
    817.3   0.15032
    817.4   0.15046
    817.6   0.15161
    817.7   0.15101
    817.8   0.15150
    818.0   0.15167
    818.1   0.15095
    818.2   0.15179
    818.3   0.15369
    818.5   0.15365
    818.6   0.15358
    818.7   0.15389
    818.9   0.15247
    819.0   0.15237
    819.1   0.15309
    819.3   0.15125
    819.4   0.14979
    819.5   0.15188
    819.6   0.15339
    819.8   0.15288
    819.9   0.15225
    820.0   0.15277
    820.2   0.15305
    820.3   0.15268
    820.4   0.15320
    820.5   0.15404
    820.7   0.15551
    820.8   0.15524
    820.9   0.15202
    821.1   0.15185
    821.2   0.15400
    821.3   0.15325
    821.5   0.15284
    821.6   0.15288
    821.7   0.15214
    821.8   0.15142
    822.0   0.15216
    822.1   0.15325
    822.2   0.15315
    822.4   0.15398
    822.5   0.15526
    822.6   0.15464
    822.8   0.15457
    822.9   0.15389
    823.0   0.15369
    823.2   0.15399
    823.3   0.15291
    823.4   0.15288
    823.5   0.15366
    823.7   0.15375
    823.8   0.15280
    823.9   0.15172
    824.1   0.15207
    824.2   0.15202
    824.3   0.15256
    824.5   0.15255
    824.6   0.15298
    824.7   0.15296
    824.8   0.15356
    825.0   0.15421
    825.1   0.15322
    825.3   0.15315
    825.4   0.15336
    825.5   0.15317
    825.6   0.15165
    825.8   0.15106
    825.9   0.15243
    826.0   0.15502
    826.2   0.15470
    826.3   0.15299
    826.4   0.15187
    826.6   0.15219
    826.7   0.15341
    826.8   0.15320
    827.0   0.15266
    827.1   0.15253
    827.2   0.15339
    827.3   0.15359
    827.5   0.15367
    827.6   0.15433
    827.8   0.15303
    827.9   0.15153
    828.0   0.15237
    828.2   0.15329
    828.3   0.15383
    828.4   0.15278
    828.5   0.15220
    828.7   0.15319
    828.8   0.15307
    828.9   0.15271
    829.1   0.15275
    829.2   0.15285
    829.3   0.15323
    829.5   0.15340
    829.6   0.15392
    829.7   0.15471
    829.9   0.15555
    830.0   0.15456
    830.1   0.15400
    830.3   0.15526
    830.4   0.15533
    830.5   0.15478
    830.7   0.15380
    830.8   0.15343
    830.9   0.15318
    831.1   0.15433
    831.2   0.15488
    831.3   0.15479
    831.5   0.15535
    831.6   0.15562
    831.7   0.15521
    831.9   0.15378
    832.0   0.15249
    832.1   0.15273
    832.3   0.15347
    832.4   0.15229
    832.5   0.15185
    832.7   0.15260
    832.8   0.15352
    832.9   0.15432
    833.1   0.15476
    833.2   0.15506
    833.3   0.15461
    833.5   0.15210
    833.6   0.15213
    833.7   0.15347
    833.9   0.15229
    834.0   0.15308
    834.1   0.15460
    834.3   0.15498
    834.4   0.15371
    834.5   0.15366
    834.7   0.15396
    834.8   0.15246
    835.0   0.15286
    835.1   0.15333
    835.2   0.15328
    835.3   0.15337
    835.5   0.15299
    835.6   0.15309
    835.8   0.15433
    835.9   0.15522
    836.0   0.15505
    836.2   0.15354
    836.3   0.15358
    836.4   0.15403
    836.6   0.15376
    836.7   0.15451
    836.8   0.15555
    837.0   0.15429
    837.1   0.15283
    837.2   0.15396
    837.4   0.15546
    837.5   0.15558
    837.6   0.15464
    837.8   0.15312
    837.9   0.15386
    838.0   0.15505
    838.2   0.15522
    838.3   0.15476
    838.5   0.15325
    838.6   0.15371
    838.7   0.15330
    838.9   0.15334
    839.0   0.15335
    839.1   0.15362
    839.3   0.15370
    839.4   0.15353
    839.5   0.15315
    839.7   0.15293
    839.8   0.15302
    840.0   0.15250
    840.1   0.15265
    840.2   0.15244
    840.4   0.15339
    840.5   0.15389
    840.6   0.15295
    840.8   0.15247
    840.9   0.15438
    841.0   0.15433
    841.2   0.15310
    841.3   0.15395
    841.5   0.15461
    841.6   0.15370
    841.7   0.15315
    841.9   0.15288
    842.0   0.15321
    842.1   0.15326
    842.3   0.15449
    842.4   0.15445
    842.5   0.15224
    842.7   0.15240
    842.8   0.15373
    843.0   0.15381
    843.1   0.15284
    843.2   0.15322
    843.4   0.15341
    843.5   0.15252
    843.6   0.15238
    843.8   0.15250
    843.9   0.15200
    844.0   0.15302
    844.2   0.15363
    844.3   0.15341
    844.5   0.15373
    844.6   0.15471
    844.7   0.15513
    844.9   0.15381
    845.0   0.15268
    845.2   0.15269
    845.3   0.15322
    845.4   0.15392
    845.6   0.15462
    845.7   0.15416
    845.8   0.15417
    846.0   0.15483
    846.1   0.15501
    846.3   0.15527
    846.4   0.15481
    846.5   0.15330
    846.7   0.15240
    846.8   0.15356
    847.0   0.15400
    847.1   0.15393
    847.2   0.15360
    847.4   0.15376
    847.5   0.15480
    847.6   0.15535
    847.8   0.15395
    847.9   0.15346
    848.1   0.15347
    848.2   0.15305
    848.3   0.15290
    848.5   0.15319
    848.6   0.15369
    848.8   0.15357
    848.9   0.15340
    849.0   0.15360
    849.2   0.15351
    849.3   0.15381
    849.5   0.15362
    849.6   0.15258
    849.7   0.15240
    849.9   0.15349
    850.0   0.15388
    850.1   0.15381
    850.3   0.15468
    850.4   0.15421
    850.6   0.15403
    850.7   0.15400
    850.8   0.15305
    851.0   0.15332
    851.1   0.15439
    851.3   0.15426
    851.4   0.15358
    851.5   0.15367
    851.7   0.15317
    851.8   0.15322
    852.0   0.15358
    852.1   0.15371
    852.2   0.15390
    852.4   0.15314
    852.5   0.15239
    852.7   0.15241
    852.8   0.15229
    852.9   0.15229
    853.1   0.15173
    853.2   0.15206
    853.4   0.15291
    853.5   0.15264
    853.6   0.15271
    853.8   0.15342
    853.9   0.15293
    854.1   0.15250
    854.2   0.15271
    854.3   0.15232
    854.5   0.15261
    854.6   0.15379
    854.8   0.15261
    854.9   0.15249
    855.0   0.15396
    855.2   0.15391
    855.3   0.15304
    855.5   0.15333
    855.6   0.15324
    855.8   0.15403
    855.9   0.15374
    856.0   0.15210
    856.2   0.15199
    856.3   0.15317
    856.5   0.15281
    856.6   0.15159
    856.8   0.15227
    856.9   0.15360
    857.0   0.15290
    857.2   0.15263
    857.3   0.15320
    857.5   0.15275
    857.6   0.15218
    857.7   0.15249
    857.9   0.15285
    858.0   0.15350
    858.2   0.15336
    858.3   0.15380
    858.5   0.15409
    858.6   0.15394
    858.7   0.15390
    858.9   0.15350
    859.0   0.15293
    859.2   0.15231
    859.3   0.15277
    859.4   0.15360
    859.6   0.15310
    859.7   0.15334
    859.9   0.15265
    860.0   0.15152
    860.2   0.15193
    860.3   0.15307
    860.4   0.15268
    860.6   0.15223
    860.7   0.15228
    860.9   0.15173
    861.0   0.15164
    861.2   0.15193
    861.3   0.15313
    861.4   0.15341
    861.6   0.15266
    861.7   0.15202
    861.9   0.15197
    862.0   0.15267
    862.2   0.15313
    862.3   0.15200
    862.5   0.15234
    862.6   0.15340
    862.7   0.15314
    862.9   0.15232
    863.0   0.15236
    863.2   0.15236
    863.3   0.15290
    863.5   0.15332
    863.6   0.15252
    863.7   0.15242
    863.9   0.15234
    864.0   0.15187
    864.2   0.15192
    864.3   0.15310
    864.5   0.15282
    864.6   0.15194
    864.8   0.15208
    864.9   0.15269
    865.0   0.15295
    865.2   0.15209
    865.3   0.15229
    865.5   0.15247
    865.6   0.15192
    865.8   0.15279
    865.9   0.15321
    866.0   0.15286
    866.2   0.15304
    866.3   0.15305
    866.5   0.15261
    866.6   0.15161
    866.8   0.15127
    866.9   0.15211
    867.1   0.15262
    867.2   0.15268
    867.3   0.15351
    867.5   0.15334
    867.6   0.15215
    867.8   0.15192
    867.9   0.15211
    868.1   0.15337
    868.2   0.15352
    868.4   0.15236
    868.5   0.15232
    868.7   0.15199
    868.8   0.15203
    869.0   0.15295
    869.1   0.15293
    869.2   0.15253
    869.4   0.15233
    869.5   0.15268
    869.7   0.15222
    869.8   0.15146
    870.0   0.15196
    870.1   0.15346
    870.3   0.15354
    870.4   0.15272
    870.6   0.15233
    870.7   0.15149
    870.8   0.15175
    871.0   0.15268
    871.1   0.15267
    871.3   0.15204
    871.4   0.15223
    871.6   0.15214
    871.7   0.15117
    871.9   0.15156
    872.0   0.15211
    872.2   0.15272
    872.3   0.15218
    872.5   0.15109
    872.6   0.15151
    872.8   0.15249
    872.9   0.15289
    873.0   0.15268
    873.2   0.15205
    873.3   0.15245
    873.5   0.15254
    873.6   0.15223
    873.8   0.15258
    873.9   0.15254
    874.1   0.15226
    874.2   0.15195
    874.4   0.15151
    874.5   0.15157
    874.7   0.15154
    874.8   0.15100
    875.0   0.15111
    875.1   0.15215
    875.3   0.15241
    875.4   0.15229
    875.5   0.15169
    875.7   0.15140
    875.8   0.15113
    876.0   0.15120
    876.2   0.15138
    876.3   0.15093
    876.4   0.15115
    876.6   0.15078
    876.7   0.15065
    876.9   0.15093
    877.0   0.15154
    877.2   0.15229
    877.3   0.15223
    877.5   0.15137
    877.6   0.15080
    877.8   0.15102
    877.9   0.15166
    878.1   0.15216
    878.2   0.15200
    878.4   0.15268
    878.5   0.15263
    878.7   0.15166
    878.8   0.15188
    879.0   0.15220
    879.1   0.15215
    879.3   0.15225
    879.4   0.15234
    879.6   0.15220
    879.7   0.15194
    879.9   0.15216
    880.0   0.15202
    880.2   0.15188
    880.3   0.15205
    880.5   0.15160
    880.6   0.15134
    880.8   0.15210
    880.9   0.15221
    881.1   0.15247
    881.2   0.15235
    881.4   0.15146
    881.5   0.15140
    881.7   0.15179
    881.8   0.15227
    882.0   0.15242
    882.1   0.15224
    882.3   0.15179
    882.4   0.15188
    882.6   0.15180
    882.7   0.15123
    882.9   0.15137
    883.0   0.15175
    883.2   0.15178
    883.3   0.15091
    883.5   0.15047
    883.6   0.15093
    883.8   0.15175
    883.9   0.15156
    884.1   0.15133
    884.2   0.15089
    884.4   0.15122
    884.5   0.15182
    884.7   0.15160
    884.8   0.15118
    885.0   0.15082
    885.1   0.15052
    885.3   0.15027
    885.4   0.15074
    885.6   0.15136
    885.7   0.15111
    885.9   0.15091
    886.0   0.15112
    886.2   0.15076
    886.3   0.15108
    886.5   0.15141
    886.6   0.15120
    886.8   0.15106
    886.9   0.15152
    887.1   0.15216
    887.2   0.15192
    887.4   0.15158
    887.5   0.15158
    887.7   0.15179
    887.8   0.15112
    888.0   0.15102
    888.2   0.15102
    888.3   0.15080
    888.5   0.15144
    888.6   0.15147
    888.8   0.15134
    888.9   0.15216
    889.1   0.15247
    889.2   0.15227
    889.4   0.15208
    889.5   0.15218
    889.7   0.15184
    889.8   0.15092
    890.0   0.15115
    890.1   0.15157
    890.3   0.15132
    890.4   0.15146
    890.6   0.15107
    890.8   0.15014
    890.9   0.15083
    891.0   0.15167
    891.2   0.15164
    891.4   0.15185
    891.5   0.15105
    891.7   0.15018
    891.8   0.15035
    892.0   0.15031
    892.1   0.15133
    892.3   0.15130
    892.4   0.15117
    892.6   0.15171
    892.7   0.15151
    892.9   0.15059
    893.0   0.14986
    893.2   0.15020
    893.4   0.15112
    893.5   0.15147
    893.7   0.15146
    893.8   0.15183
    894.0   0.15143
    894.1   0.15109
    894.3   0.15143
    894.4   0.15133
    894.6   0.15081
    894.7   0.15061
    894.9   0.15088
    895.0   0.15121
    895.2   0.15120
    895.4   0.15085
    895.5   0.15048
    895.7   0.15034
    895.8   0.15031
    896.0   0.15088
    896.1   0.15156
    896.3   0.15121
    896.4   0.15111
    896.6   0.15068
    896.8   0.15034
    896.9   0.15024
    897.1   0.15039
    897.2   0.15076
    897.4   0.15106
    897.5   0.15116
    897.7   0.15079
    897.8   0.15057
    898.0   0.15135
    898.2   0.15159
    898.3   0.15113
    898.5   0.15113
    898.6   0.15142
    898.8   0.15171
    898.9   0.15149
    899.1   0.15111
    899.2   0.15137
    899.4   0.15188
    899.6   0.15196
    899.7   0.15138
    899.9   0.15143
    900.0   0.15133
    900.2   0.15097
    900.3   0.15122
    900.5   0.15132
    900.7   0.15109
    900.8   0.15062
    901.0   0.15047
    901.1   0.15051
    901.3   0.15082
    901.4   0.15082
    901.6   0.15061
    901.8   0.15045
    901.9   0.15078
    902.1   0.15129
    902.2   0.15113
    902.4   0.15110
    902.5   0.15106
    902.7   0.15099
    902.8   0.15067
    903.0   0.15102
    903.2   0.15137
    903.3   0.15123
    903.5   0.15067
    903.6   0.14991
    903.8   0.15008
    904.0   0.15080
    904.1   0.15103
    904.3   0.15097
    904.4   0.15127
    904.6   0.15162
    904.7   0.15138
    904.9   0.15094
    905.0   0.15088
    905.2   0.15084
    905.4   0.15044
    905.5   0.15042
    905.7   0.15084
    905.8   0.15087
    906.0   0.15054
    906.2   0.15038
    906.3   0.15060
    906.5   0.15125
    906.6   0.15162
    906.8   0.15157
    907.0   0.15102
    907.1   0.15087
    907.3   0.15087
    907.4   0.15083
    907.6   0.15138
    907.7   0.15181
    907.9   0.15102
    908.1   0.15058
    908.2   0.15124
    908.4   0.15158
    908.5   0.15102
    908.7   0.15033
    908.9   0.15034
    909.0   0.15065
    909.2   0.15061
    909.3   0.15097
    909.5   0.15118
    909.7   0.15052
    909.8   0.15038
    910.0   0.15065
    910.1   0.15076
    910.3   0.15091
    910.5   0.15124
    910.6   0.15121
    910.8   0.15086
    910.9   0.15120
    911.1   0.15144
    911.3   0.15099
    911.4   0.15059
    911.6   0.15041
    911.7   0.15027
    911.9   0.15034
    912.1   0.15041
    912.2   0.15053
    912.4   0.15077
    912.5   0.15104
    912.7   0.15113
    912.9   0.15065
    913.0   0.15033
    913.2   0.15043
    913.3   0.15050
    913.5   0.15055
    913.7   0.15099
    913.8   0.15114
    914.0   0.15103
    914.2   0.15147
    914.3   0.15138
    914.5   0.15118
    914.6   0.15073
    914.8   0.15045
    915.0   0.15062
    915.1   0.15051
    915.3   0.15087
    915.4   0.15108
    915.6   0.15087
    915.8   0.15088
    915.9   0.15067
    916.1   0.15066
    916.3   0.15047
    916.4   0.15028
    916.6   0.15061
    916.7   0.15082
    916.9   0.15072
    917.1   0.15042
    917.2   0.15046
    917.4   0.15039
    917.5   0.15044
    917.7   0.15093
    917.9   0.15105
    918.0   0.15085
    918.2   0.15088
    918.4   0.15103
    918.5   0.15109
    918.7   0.15095
    918.8   0.15071
    919.0   0.15104
    919.2   0.15116
    919.3   0.15086
    919.5   0.15080
    919.7   0.15074
    919.8   0.15026
    920.0   0.14994
    920.2   0.15000
    920.3   0.14999
    920.5   0.15050
    920.6   0.15072
    920.8   0.15031
    921.0   0.15047
    921.1   0.15074
    921.3   0.15062
    921.5   0.15064
    921.6   0.15114
    921.8   0.15137
    922.0   0.15114
    922.1   0.15131
    922.3   0.15153
    922.4   0.15139
    922.6   0.15113
    922.8   0.15112
    922.9   0.15075
    923.1   0.15053
    923.3   0.15063
    923.4   0.15091
    923.6   0.15098
    923.8   0.15112
    923.9   0.15126
    924.1   0.15131
    924.3   0.15108
    924.4   0.15063
    924.6   0.15063
    924.7   0.15075
    924.9   0.15081
    925.1   0.15080
    925.2   0.15090
    925.4   0.15078
    925.6   0.15087
    925.7   0.15085
    925.9   0.15071
    926.1   0.15074
    926.2   0.15078
    926.4   0.15087
    926.6   0.15104
    926.7   0.15104
    926.9   0.15089
    927.1   0.15084
    927.2   0.15090
    927.4   0.15089
    927.6   0.15080
    927.7   0.15090
    927.9   0.15084
    928.0   0.15079
    928.2   0.15082
    928.4   0.15095
    928.5   0.15107
    928.7   0.15072
    928.9   0.15073
    929.0   0.15109
    929.2   0.15124
    929.4   0.15111
    929.5   0.15100
    929.7   0.15091
    929.9   0.15086
    930.0   0.15099
    930.2   0.15153
    930.4   0.15185
    930.5   0.15192
    930.7   0.15119
    930.9   0.15080
    931.0   0.15100
    931.2   0.15094
    931.4   0.15093
    931.6   0.15125
    931.7   0.15162
    931.9   0.15166
    932.1   0.15127
    932.2   0.15103
    932.4   0.15109
    932.6   0.15118
    932.7   0.15145
    932.9   0.15133
    933.1   0.15104
    933.2   0.15105
    933.4   0.15119
    933.6   0.15134
    933.7   0.15150
    933.9   0.15130
    934.1   0.15123
    934.2   0.15097
    934.4   0.15068
    934.6   0.15100
    934.8   0.15116
    934.9   0.15119
    935.1   0.15123
    935.3   0.15133
    935.4   0.15151
    935.6   0.15130
    935.8   0.15107
    935.9   0.15123
    936.1   0.15135
    936.3   0.15129
    936.4   0.15122
    936.6   0.15123
    936.8   0.15136
    936.9   0.15138
    937.1   0.15142
    937.3   0.15134
    937.5   0.15142
    937.6   0.15128
    937.8   0.15129
    938.0   0.15151
    938.1   0.15164
    938.3   0.15157
    938.5   0.15149
    938.6   0.15125
    938.8   0.15141
    939.0   0.15126
    939.2   0.15071
    939.3   0.15071
    939.5   0.15083
    939.7   0.15082
    939.8   0.15101
    940.0   0.15128
    940.2   0.15157
    940.3   0.15173
    940.5   0.15122
    940.7   0.15128
    940.8   0.15158
    941.0   0.15153
    941.2   0.15163
    941.4   0.15191
    941.5   0.15181
    941.7   0.15170
    941.9   0.15183
    942.0   0.15183
    942.2   0.15186
    942.4   0.15208
    942.6   0.15184
    942.7   0.15158
    942.9   0.15178
    943.1   0.15213
    943.3   0.15216
    943.4   0.15172
    943.6   0.15135
    943.8   0.15109
    943.9   0.15124
    944.1   0.15135
    944.3   0.15151
    944.5   0.15147
    944.6   0.15162
    944.8   0.15165
    945.0   0.15158
    945.1   0.15136
    945.3   0.15142
    945.5   0.15155
    945.7   0.15176
    945.8   0.15180
    946.0   0.15168
    946.2   0.15191
    946.3   0.15162
    946.5   0.15142
    946.7   0.15185
    946.9   0.15186
    947.0   0.15181
    947.2   0.15192
    947.4   0.15204
    947.6   0.15210
    947.7   0.15215
    947.9   0.15218
    948.1   0.15202
    948.3   0.15167
    948.4   0.15184
    948.6   0.15203
    948.8   0.15180
    949.0   0.15157
    949.1   0.15177
    949.3   0.15213
    949.5   0.15215
    949.6   0.15202
    949.8   0.15168
    950.0   0.15169
    950.2   0.15197
    950.3   0.15211
    950.5   0.15211
    950.7   0.15219
    950.9   0.15240
    951.0   0.15237
    951.2   0.15216
    951.4   0.15230
    951.6   0.15236
    951.7   0.15223
    951.9   0.15214
    952.1   0.15218
    952.3   0.15215
    952.4   0.15195
    952.6   0.15169
    952.8   0.15176
    953.0   0.15198
    953.1   0.15211
    953.3   0.15225
    953.5   0.15229
    953.7   0.15219
    953.8   0.15233
    954.0   0.15246
    954.2   0.15253
    954.4   0.15256
    954.5   0.15230
    954.7   0.15234
    954.9   0.15258
    955.1   0.15280
    955.2   0.15273
    955.4   0.15247
    955.6   0.15240
    955.8   0.15229
    956.0   0.15230
    956.1   0.15247
    956.3   0.15259
    956.5   0.15266
    956.7   0.15239
    956.8   0.15226
    957.0   0.15201
    957.2   0.15216
    957.4   0.15255
    957.5   0.15270
    957.7   0.15250
    957.9   0.15235
    958.1   0.15259
    958.2   0.15264
    958.4   0.15253
    958.6   0.15228
    958.8   0.15247
    959.0   0.15274
    959.1   0.15253
    959.3   0.15247
    959.5   0.15259
    959.7   0.15251
    959.8   0.15249
    960.0   0.15262
    960.2   0.15268
    960.4   0.15272
    960.5   0.15247
    960.7   0.15258
    960.9   0.15279
    961.1   0.15289
    961.3   0.15269
    961.4   0.15266
    961.6   0.15278
    961.8   0.15263
    962.0   0.15254
    962.2   0.15275
    962.3   0.15268
    962.5   0.15256
    962.7   0.15274
    962.9   0.15283
    963.0   0.15280
    963.2   0.15285
    963.4   0.15285
    963.6   0.15304
    963.8   0.15297
    963.9   0.15289
    964.1   0.15282
    964.3   0.15276
    964.5   0.15288
    964.7   0.15321
    964.8   0.15314
    965.0   0.15307
    965.2   0.15322
    965.4   0.15308
    965.6   0.15290
    965.7   0.15298
    965.9   0.15309
    966.1   0.15306
    966.3   0.15294
    966.5   0.15298
    966.6   0.15301
    966.8   0.15308
    967.0   0.15315
    967.2   0.15325
    967.4   0.15326
    967.5   0.15324
    967.7   0.15324
    967.9   0.15330
    968.1   0.15314
    968.3   0.15308
    968.4   0.15318
    968.6   0.15331
    968.8   0.15339
    969.0   0.15347
    969.2   0.15330
    969.3   0.15336
    969.5   0.15346
    969.7   0.15351
    969.9   0.15347
    970.1   0.15347
    970.3   0.15351
    970.4   0.15362
    970.6   0.15365
    970.8   0.15361
    971.0   0.15381
    971.2   0.15374
    971.3   0.15355
    971.5   0.15373
    971.7   0.15378
    971.9   0.15343
    972.1   0.15334
    972.3   0.15339
    972.4   0.15368
    972.6   0.15406
    972.8   0.15395
    973.0   0.15378
    973.2   0.15389
    973.3   0.15391
    973.5   0.15400
    973.7   0.15416
    973.9   0.15414
    974.1   0.15398
    974.3   0.15372
    974.5   0.15371
    974.6   0.15394
    974.8   0.15409
    975.0   0.15402
    975.2   0.15400
    975.4   0.15407
    975.5   0.15411
    975.7   0.15402
    975.9   0.15403
    976.1   0.15418
    976.3   0.15418
    976.5   0.15401
    976.7   0.15391
    976.8   0.15396
    977.0   0.15413
    977.2   0.15445
    977.4   0.15447
    977.6   0.15426
    977.8   0.15409
    977.9   0.15385
    978.1   0.15379
    978.3   0.15388
    978.5   0.15401
    978.7   0.15429
    978.9   0.15445
    979.0   0.15458
    979.2   0.15448
    979.4   0.15431
    979.6   0.15437
    979.8   0.15438
    980.0   0.15427
    980.2   0.15426
    980.3   0.15425
    980.5   0.15424
    980.7   0.15431
    980.9   0.15445
    981.1   0.15465
    981.3   0.15471
    981.5   0.15466
    981.7   0.15450
    981.8   0.15460
    982.0   0.15478
    982.2   0.15463
    982.4   0.15445
    982.6   0.15443
    982.8   0.15470
    983.0   0.15488
    983.1   0.15464
    983.3   0.15439
    983.5   0.15446
    983.7   0.15466
    983.9   0.15472
    984.1   0.15474
    984.3   0.15472
    984.4   0.15469
    984.6   0.15471
    984.8   0.15461
    985.0   0.15464
    985.2   0.15475
    985.4   0.15467
    985.6   0.15478
    985.8   0.15481
    985.9   0.15468
    986.1   0.15487
    986.3   0.15489
    986.5   0.15484
    986.7   0.15516
    986.9   0.15530
    987.1   0.15515
    987.3   0.15503
    987.4   0.15529
    987.6   0.15551
    987.8   0.15519
    988.0   0.15507
    988.2   0.15509
    988.4   0.15520
    988.6   0.15522
    988.8   0.15515
    989.0   0.15517
    989.1   0.15510
    989.3   0.15492
    989.5   0.15503
    989.7   0.15522
    989.9   0.15524
    990.1   0.15516
    990.3   0.15513
    990.5   0.15524
    990.7   0.15534
    990.8   0.15558
    991.0   0.15580
    991.2   0.15563
    991.4   0.15550
    991.6   0.15552
    991.8   0.15572
    992.0   0.15589
    992.2   0.15542
    992.4   0.15512
    992.5   0.15529
    992.7   0.15546
    992.9   0.15552
    993.1   0.15572
    993.3   0.15580
    993.5   0.15568
    993.7   0.15572
    993.9   0.15588
    994.1   0.15591
    994.3   0.15589
    994.5   0.15590
    994.6   0.15584
    994.8   0.15582
    995.0   0.15571
    995.2   0.15558
    995.4   0.15551
    995.6   0.15563
    995.8   0.15572
    996.0   0.15585
    996.2   0.15593
    996.4   0.15589
    996.5   0.15612
    996.7   0.15611
    996.9   0.15600
    997.1   0.15587
    997.3   0.15597
    997.5   0.15613
    997.7   0.15604
    997.9   0.15578
    998.1   0.15581
    998.3   0.15596
    998.5   0.15613
    998.7   0.15623
    998.9   0.15638
    999.0   0.15636
    999.2   0.15603
    999.4   0.15600
    999.6   0.15611
    999.8   0.15587
   1000.0   0.15579
   1000.2   0.15623
   1000.4   0.15662
   1000.6   0.15666
   1000.8   0.15667
   1001.0   0.15666
   1001.2   0.15651
   1001.4   0.15637
   1001.6   0.15663
   1001.8   0.15690
   1001.9   0.15673
   1002.1   0.15658
   1002.3   0.15667
   1002.5   0.15651
   1002.7   0.15632
   1002.9   0.15633
   1003.1   0.15650
   1003.3   0.15669
   1003.5   0.15676
   1003.7   0.15667
   1003.9   0.15657
   1004.1   0.15663
   1004.3   0.15666
   1004.5   0.15657
   1004.7   0.15660
   1004.9   0.15664
   1005.0   0.15680
   1005.3   0.15695
   1005.4   0.15690
   1005.6   0.15685
   1005.8   0.15684
   1006.0   0.15700
   1006.2   0.15712
   1006.4   0.15712
   1006.6   0.15712
   1006.8   0.15687
   1007.0   0.15699
   1007.2   0.15735
   1007.4   0.15735
   1007.6   0.15724
   1007.8   0.15705
   1008.0   0.15683
   1008.2   0.15686
   1008.4   0.15719
   1008.6   0.15733
   1008.8   0.15736
   1009.0   0.15739
   1009.2   0.15719
   1009.4   0.15701
   1009.5   0.15697
   1009.8   0.15699
   1010.0   0.15715
   1010.1   0.15711
   1010.3   0.15711
   1010.5   0.15718
   1010.7   0.15706
   1010.9   0.15716
   1011.1   0.15736
   1011.3   0.15740
   1011.5   0.15740
   1011.7   0.15752
   1011.9   0.15755
   1012.1   0.15755
   1012.3   0.15760
   1012.5   0.15763
   1012.7   0.15754
   1012.9   0.15769
   1013.1   0.15782
   1013.3   0.15777
   1013.5   0.15764
   1013.7   0.15762
   1013.9   0.15767
   1014.1   0.15767
   1014.3   0.15788
   1014.5   0.15796
   1014.7   0.15806
   1014.9   0.15798
   1015.1   0.15776
   1015.3   0.15776
   1015.5   0.15788
   1015.7   0.15776
   1015.9   0.15773
   1016.1   0.15787
   1016.3   0.15808
   1016.5   0.15793
   1016.7   0.15791
   1016.9   0.15810
   1017.1   0.15812
   1017.3   0.15802
   1017.5   0.15815
   1017.7   0.15821
   1017.9   0.15809
   1018.1   0.15808
   1018.3   0.15829
   1018.5   0.15823
   1018.7   0.15818
   1018.9   0.15827
   1019.1   0.15833
   1019.3   0.15828
   1019.5   0.15825
   1019.7   0.15820
   1019.9   0.15810
   1020.1   0.15820
   1020.3   0.15840
   1020.5   0.15840
   1020.7   0.15830
   1020.9   0.15838
   1021.1   0.15870
   1021.3   0.15865
   1021.5   0.15853
   1021.7   0.15852
   1021.9   0.15837
   1022.1   0.15830
   1022.3   0.15855
   1022.5   0.15859
   1022.7   0.15850
   1022.9   0.15847
   1023.1   0.15860
   1023.3   0.15864
   1023.5   0.15845
   1023.7   0.15841
   1023.9   0.15855
   1024.1   0.15864
   1024.3   0.15875
   1024.5   0.15882
   1024.7   0.15885
   1024.9   0.15897
   1025.1   0.15899
   1025.3   0.15889
   1025.5   0.15878
   1025.7   0.15870
   1025.9   0.15865
   1026.1   0.15873
   1026.3   0.15889
   1026.5   0.15885
   1026.8   0.15875
   1026.9   0.15887
   1027.2   0.15898
   1027.4   0.15900
   1027.6   0.15895
   1027.8   0.15900
   1028.0   0.15906
   1028.2   0.15911
   1028.4   0.15921
   1028.6   0.15933
   1028.8   0.15948
   1029.0   0.15933
   1029.2   0.15920
   1029.4   0.15915
   1029.6   0.15916
   1029.8   0.15923
   1030.0   0.15936
   1030.2   0.15945
   1030.4   0.15942
   1030.6   0.15922
   1030.8   0.15916
   1031.0   0.15937
   1031.2   0.15969
   1031.4   0.15965
   1031.7   0.15957
   1031.8   0.15946
   1032.1   0.15932
   1032.3   0.15931
   1032.5   0.15947
   1032.7   0.15961
   1032.9   0.15955
   1033.1   0.15955
   1033.3   0.15942
   1033.5   0.15963
   1033.7   0.15976
   1033.9   0.15968
   1034.1   0.15969
   1034.3   0.15969
   1034.5   0.15973
   1034.7   0.15961
   1034.9   0.15965
   1035.2   0.15967
   1035.4   0.15979
   1035.6   0.15995
   1035.8   0.15992
   1036.0   0.15989
   1036.2   0.15998
   1036.4   0.16007
   1036.6   0.16010
   1036.8   0.15991
   1037.0   0.15980
   1037.2   0.15995
   1037.4   0.16007
   1037.6   0.16020
   1037.8   0.16010
   1038.1   0.15996
   1038.3   0.16008
   1038.5   0.16018
   1038.7   0.16014
   1038.9   0.16001
   1039.1   0.16017
   1039.3   0.16034
   1039.5   0.16039
   1039.7   0.16019
   1039.9   0.16002
   1040.1   0.16014
   1040.3   0.16011
   1040.6   0.16000
   1040.8   0.16005
   1041.0   0.16024
   1041.2   0.16046
   1041.4   0.16035
   1041.6   0.16009
   1041.8   0.16009
   1042.0   0.16017
   1042.2   0.16038
   1042.4   0.16050
   1042.6   0.16054
   1042.8   0.16065
   1043.1   0.16077
   1043.3   0.16066
   1043.5   0.16068
   1043.7   0.16074
   1043.9   0.16077
   1044.1   0.16072
   1044.3   0.16069
   1044.5   0.16071
   1044.8   0.16074
   1045.0   0.16076
   1045.2   0.16093
   1045.4   0.16083
   1045.6   0.16062
   1045.8   0.16062
   1046.0   0.16071
   1046.2   0.16084
   1046.4   0.16104
   1046.6   0.16096
   1046.9   0.16093
   1047.1   0.16103
   1047.3   0.16090
   1047.5   0.16081
   1047.7   0.16087
   1047.9   0.16092
   1048.1   0.16101
   1048.3   0.16097
   1048.6   0.16092
   1048.8   0.16093
   1049.0   0.16115
   1049.2   0.16134
   1049.4   0.16127
   1049.6   0.16116
   1049.8   0.16118
   1050.0   0.16124
   1050.3   0.16139
   1050.5   0.16132
   1050.7   0.16124
   1050.9   0.16123
   1051.1   0.16133
   1051.3   0.16148
   1051.5   0.16147
   1051.7   0.16141
   1051.9   0.16136
   1052.2   0.16147
   1052.4   0.16163
   1052.6   0.16175
   1052.8   0.16175
   1053.0   0.16146
   1053.2   0.16135
   1053.4   0.16145
   1053.7   0.16145
   1053.9   0.16145
   1054.1   0.16155
   1054.3   0.16160
   1054.5   0.16164
   1054.7   0.16168
   1054.9   0.16172
   1055.2   0.16166
   1055.4   0.16158
   1055.6   0.16180
   1055.8   0.16190
   1056.0   0.16186
   1056.2   0.16179
   1056.4   0.16167
   1056.7   0.16172
   1056.9   0.16183
   1057.1   0.16193
   1057.3   0.16187
   1057.5   0.16183
   1057.8   0.16198
   1058.0   0.16215
   1058.2   0.16219
   1058.4   0.16211
   1058.6   0.16213
   1058.8   0.16207
   1059.0   0.16203
   1059.3   0.16213
   1059.5   0.16213
   1059.7   0.16219
   1059.9   0.16240
   1060.1   0.16233
   1060.3   0.16211
   1060.6   0.16213
   1060.8   0.16233
   1061.0   0.16243
   1061.2   0.16245
   1061.4   0.16238
   1061.7   0.16243
   1061.9   0.16239
   1062.1   0.16241
   1062.3   0.16245
   1062.5   0.16267
   1062.7   0.16275
   1062.9   0.16264
   1063.2   0.16247
   1063.4   0.16239
   1063.6   0.16245
   1063.8   0.16266
   1064.0   0.16275
   1064.3   0.16275
   1064.5   0.16265
   1064.7   0.16259
   1064.9   0.16275
   1065.1   0.16279
   1065.3   0.16267
   1065.6   0.16271
   1065.8   0.16284
   1066.0   0.16296
   1066.2   0.16304
   1066.4   0.16304
   1066.7   0.16299
   1066.9   0.16288
   1067.1   0.16297
   1067.3   0.16300
   1067.6   0.16289
   1067.8   0.16296
   1068.0   0.16298
   1068.2   0.16289
   1068.4   0.16285
   1068.7   0.16293
   1068.9   0.16305
   1069.1   0.16316
   1069.3   0.16312
   1069.5   0.16312
   1069.8   0.16322
   1070.0   0.16329
   1070.2   0.16320
   1070.4   0.16311
   1070.6   0.16315
   1070.8   0.16315
   1071.1   0.16324
   1071.3   0.16337
   1071.5   0.16335
   1071.7   0.16331
   1072.0   0.16346
   1072.2   0.16358
   1072.4   0.16340
   1072.6   0.16330
   1072.8   0.16339
   1073.1   0.16353
   1073.3   0.16360
   1073.5   0.16354
   1073.7   0.16356
   1074.0   0.16352
   1074.2   0.16361
   1074.4   0.16369
   1074.6   0.16376
   1074.8   0.16367
   1075.1   0.16350
   1075.3   0.16345
   1075.5   0.16346
   1075.7   0.16363
   1076.0   0.16375
   1076.2   0.16372
   1076.4   0.16366
   1076.6   0.16379
   1076.9   0.16391
   1077.1   0.16400
   1077.3   0.16390
   1077.5   0.16385
   1077.8   0.16402
   1078.0   0.16408
   1078.2   0.16412
   1078.4   0.16412
   1078.7   0.16409
   1078.9   0.16405
   1079.1   0.16409
   1079.3   0.16413
   1079.6   0.16405
   1079.8   0.16407
   1080.0   0.16418
   1080.2   0.16420
   1080.4   0.16416
   1080.7   0.16408
   1080.9   0.16411
   1081.1   0.16414
   1081.3   0.16413
   1081.6   0.16414
   1081.8   0.16416
   1082.0   0.16431
   1082.3   0.16434
   1082.5   0.16432
   1082.7   0.16436
   1082.9   0.16444
   1083.2   0.16450
   1083.4   0.16455
   1083.6   0.16460
   1083.8   0.16458
   1084.1   0.16442
   1084.3   0.16432
   1084.5   0.16443
   1084.8   0.16444
   1085.0   0.16453
   1085.2   0.16472
   1085.4   0.16465
   1085.7   0.16451
   1085.9   0.16457
   1086.1   0.16467
   1086.3   0.16474
   1086.6   0.16474
   1086.8   0.16474
   1087.0   0.16471
   1087.3   0.16472
   1087.5   0.16483
   1087.7   0.16498
   1087.9   0.16502
   1088.2   0.16492
   1088.4   0.16495
   1088.6   0.16486
   1088.8   0.16468
   1089.1   0.16476
   1089.3   0.16484
   1089.5   0.16486
   1089.8   0.16493
   1090.0   0.16504
   1090.2   0.16520
   1090.4   0.16527
   1090.7   0.16516
   1090.9   0.16515
   1091.1   0.16531
   1091.4   0.16529
   1091.6   0.16519
   1091.8   0.16520
   1092.1   0.16539
   1092.3   0.16541
   1092.5   0.16534
   1092.8   0.16532
   1093.0   0.16535
   1093.2   0.16526
   1093.4   0.16525
   1093.7   0.16536
   1093.9   0.16529
   1094.1   0.16531
   1094.4   0.16539
   1094.6   0.16541
   1094.8   0.16536
   1095.1   0.16543
   1095.3   0.16563
   1095.5   0.16575
   1095.8   0.16572
   1096.0   0.16571
   1096.2   0.16570
   1096.4   0.16565
   1096.7   0.16571
   1096.9   0.16590
   1097.1   0.16598
   1097.4   0.16575
   1097.6   0.16567
   1097.8   0.16581
   1098.1   0.16584
   1098.3   0.16575
   1098.5   0.16576
   1098.8   0.16585
   1099.0   0.16592
   1099.2   0.16581
   1099.5   0.16579
   1099.7   0.16585
   1099.9   0.16585
   1100.2   0.16590
   1100.4   0.16607
   1100.6   0.16607
   1100.9   0.16592
   1101.1   0.16604
   1101.3   0.16609
   1101.6   0.16606
   1101.8   0.16611
   1102.0   0.16616
   1102.3   0.16619
   1102.5   0.16623
   1102.7   0.16620
   1103.0   0.16617
   1103.2   0.16625
   1103.4   0.16639
   1103.7   0.16644
   1103.9   0.16643
   1104.2   0.16649
   1104.4   0.16649
   1104.6   0.16656
   1104.9   0.16656
   1105.1   0.16659
   1105.3   0.16656
   1105.6   0.16648
   1105.8   0.16660
   1106.0   0.16674
   1106.3   0.16671
   1106.5   0.16666
   1106.7   0.16667
   1107.0   0.16674
   1107.2   0.16677
   1107.4   0.16676
   1107.7   0.16684
   1107.9   0.16682
   1108.2   0.16674
   1108.4   0.16676
   1108.6   0.16689
   1108.9   0.16701
   1109.1   0.16696
   1109.3   0.16689
   1109.6   0.16684
   1109.8   0.16687
   1110.1   0.16695
   1110.3   0.16702
   1110.5   0.16701
   1110.8   0.16695
   1111.0   0.16699
   1111.3   0.16706
   1111.5   0.16694
   1111.7   0.16687
   1112.0   0.16706
   1112.2   0.16716
   1112.4   0.16725
   1112.7   0.16728
   1112.9   0.16721
   1113.2   0.16713
   1113.4   0.16711
   1113.6   0.16716
   1113.9   0.16721
   1114.1   0.16739
   1114.3   0.16745
   1114.6   0.16735
   1114.8   0.16727
   1115.1   0.16730
   1115.3   0.16734
   1115.6   0.16734
   1115.8   0.16751
   1116.0   0.16761
   1116.3   0.16763
   1116.5   0.16758
   1116.8   0.16747
   1117.0   0.16752
   1117.2   0.16762
   1117.5   0.16760
   1117.7   0.16753
   1118.0   0.16760
   1118.2   0.16777
   1118.4   0.16788
   1118.7   0.16782
   1118.9   0.16772
   1119.2   0.16766
   1119.4   0.16774
   1119.7   0.16777
   1119.9   0.16774
   1120.1   0.16771
   1120.4   0.16764
   1120.6   0.16775
   1120.9   0.16782
   1121.1   0.16782
   1121.3   0.16777
   1121.6   0.16780
   1121.8   0.16796
   1122.1   0.16805
   1122.3   0.16806
   1122.6   0.16810
   1122.8   0.16810
   1123.0   0.16810
   1123.3   0.16803
   1123.5   0.16803
   1123.8   0.16816
   1124.0   0.16820
   1124.3   0.16821
   1124.5   0.16825
   1124.8   0.16817
   1125.0   0.16812
   1125.2   0.16820
   1125.5   0.16826
   1125.7   0.16829
   1126.0   0.16828
   1126.2   0.16827
   1126.5   0.16834
   1126.7   0.16847
   1126.9   0.16849
   1127.2   0.16844
   1127.4   0.16848
   1127.7   0.16861
   1127.9   0.16850
   1128.2   0.16846
   1128.4   0.16865
   1128.7   0.16861
   1128.9   0.16852
   1129.2   0.16859
   1129.4   0.16859
   1129.7   0.16867
   1129.9   0.16884
   1130.1   0.16885
   1130.4   0.16877
   1130.6   0.16863
   1130.9   0.16862
   1131.1   0.16866
   1131.4   0.16875
   1131.6   0.16873
   1131.9   0.16877
   1132.1   0.16892
   1132.4   0.16893
   1132.6   0.16874
   1132.9   0.16878
   1133.1   0.16896
   1133.3   0.16901
   1133.6   0.16896
   1133.8   0.16899
   1134.1   0.16906
   1134.3   0.16906
   1134.6   0.16902
   1134.8   0.16906
   1135.1   0.16910
   1135.3   0.16918
   1135.6   0.16928
   1135.8   0.16921
   1136.1   0.16928
   1136.3   0.16937
   1136.6   0.16934
   1136.8   0.16925
   1137.1   0.16918
   1137.3   0.16917
   1137.6   0.16914
   1137.8   0.16924
   1138.1   0.16936
   1138.3   0.16937
   1138.6   0.16940
   1138.8   0.16933
   1139.1   0.16936
   1139.3   0.16948
   1139.6   0.16955
   1139.8   0.16948
   1140.1   0.16934
   1140.3   0.16945
   1140.6   0.16958
   1140.8   0.16957
   1141.1   0.16960
   1141.3   0.16954
   1141.6   0.16963
   1141.8   0.16975
   1142.1   0.16977
   1142.3   0.16968
   1142.6   0.16961
   1142.8   0.16962
   1143.1   0.16964
   1143.3   0.16969
   1143.6   0.16982
   1143.9   0.16991
   1144.1   0.16986
   1144.4   0.16989
   1144.6   0.16992
   1144.9   0.16986
   1145.1   0.16987
   1145.4   0.16995
   1145.6   0.16996
   1145.9   0.16990
   1146.1   0.16985
   1146.4   0.16990
   1146.6   0.16996
   1146.9   0.17006
   1147.2   0.17018
   1147.4   0.17018
   1147.7   0.17012
   1147.9   0.17001
   1148.2   0.17009
   1148.4   0.17023
   1148.7   0.17022
   1148.9   0.17016
   1149.2   0.17020
   1149.4   0.17024
   1149.7   0.17023
   1149.9   0.17020
   1150.2   0.17025
   1150.4   0.17030
   1150.7   0.17037
   1151.0   0.17044
   1151.2   0.17047
   1151.5   0.17054
   1151.7   0.17046
   1152.0   0.17047
   1152.2   0.17057
   1152.5   0.17055
   1152.8   0.17053
   1153.0   0.17055
   1153.3   0.17063
   1153.5   0.17063
   1153.8   0.17063
   1154.0   0.17072
   1154.3   0.17058
   1154.6   0.17051
   1154.8   0.17069
   1155.1   0.17079
   1155.3   0.17079
   1155.6   0.17068
   1155.8   0.17068
   1156.1   0.17079
   1156.4   0.17089
   1156.6   0.17093
   1156.9   0.17081
   1157.1   0.17073
   1157.4   0.17085
   1157.7   0.17094
   1157.9   0.17090
   1158.2   0.17097
   1158.4   0.17102
   1158.7   0.17102
   1158.9   0.17104
   1159.2   0.17116
   1159.5   0.17119
   1159.7   0.17122
   1160.0   0.17119
   1160.2   0.17115
   1160.5   0.17112
   1160.8   0.17113
   1161.0   0.17116
   1161.3   0.17113
   1161.5   0.17118
   1161.8   0.17133
   1162.1   0.17137
   1162.3   0.17128
   1162.6   0.17127
   1162.8   0.17126
   1163.1   0.17125
   1163.4   0.17137
   1163.6   0.17149
   1163.9   0.17146
   1164.2   0.17143
   1164.4   0.17135
   1164.7   0.17139
   1164.9   0.17146
   1165.2   0.17150
   1165.4   0.17154
   1165.7   0.17147
   1166.0   0.17154
   1166.2   0.17169
   1166.5   0.17163
   1166.8   0.17157
   1167.0   0.17160
   1167.3   0.17167
   1167.6   0.17168
   1167.8   0.17163
   1168.1   0.17173
   1168.3   0.17181
   1168.6   0.17175
   1168.9   0.17178
   1169.1   0.17190
   1169.4   0.17189
   1169.7   0.17177
   1169.9   0.17175
   1170.2   0.17184
   1170.4   0.17182
   1170.7   0.17188
   1171.0   0.17201
   1171.3   0.17202
   1171.5   0.17191
   1171.8   0.17195
   1172.0   0.17209
   1172.3   0.17210
   1172.6   0.17205
   1172.8   0.17215
   1173.1   0.17220
   1173.4   0.17212
   1173.6   0.17204
   1173.9   0.17211
   1174.2   0.17215
   1174.4   0.17214
   1174.7   0.17226
   1175.0   0.17224
   1175.2   0.17215
   1175.5   0.17216
   1175.8   0.17230
   1176.0   0.17234
   1176.3   0.17230
   1176.6   0.17234
   1176.8   0.17241
   1177.1   0.17244
   1177.4   0.17247
   1177.6   0.17240
   1177.9   0.17239
   1178.2   0.17247
   1178.4   0.17248
   1178.7   0.17251
   1179.0   0.17249
   1179.2   0.17245
   1179.5   0.17253
   1179.8   0.17262
   1180.0   0.17267
   1180.3   0.17263
   1180.6   0.17260
   1180.8   0.17262
   1181.1   0.17264
   1181.4   0.17272
   1181.7   0.17286
   1181.9   0.17285
   1182.2   0.17278
   1182.5   0.17274
   1182.7   0.17280
   1183.0   0.17291
   1183.3   0.17292
   1183.5   0.17290
   1183.8   0.17290
   1184.1   0.17293
   1184.4   0.17292
   1184.6   0.17299
   1184.9   0.17299
   1185.2   0.17302
   1185.4   0.17304
   1185.7   0.17309
   1186.0   0.17318
   1186.3   0.17317
   1186.5   0.17311
   1186.8   0.17309
   1187.1   0.17310
   1187.3   0.17319
   1187.6   0.17324
   1187.9   0.17319
   1188.2   0.17318
   1188.4   0.17324
   1188.7   0.17335
   1189.0   0.17338
   1189.3   0.17333
   1189.5   0.17333
   1189.8   0.17344
   1190.1   0.17353
   1190.3   0.17352
   1190.6   0.17335
   1190.9   0.17342
   1191.2   0.17358
   1191.4   0.17354
   1191.7   0.17343
   1192.0   0.17336
   1192.3   0.17341
   1192.5   0.17347
   1192.8   0.17357
   1193.1   0.17364
   1193.3   0.17353
   1193.6   0.17354
   1193.9   0.17358
   1194.2   0.17368
   1194.4   0.17374
   1194.7   0.17369
   1195.0   0.17361
   1195.3   0.17366
   1195.6   0.17369
   1195.8   0.17371
   1196.1   0.17379
   1196.4   0.17373
   1196.7   0.17374
   1196.9   0.17383
   1197.2   0.17392
   1197.5   0.17395
   1197.8   0.17389
   1198.0   0.17390
   1198.3   0.17398
   1198.6   0.17401
   1198.9   0.17401
   1199.2   0.17402
   1199.4   0.17408
   1199.7   0.17407
   1200.0   0.17404
   1200.3   0.17405
   1200.5   0.17410
   1200.8   0.17427
   1201.1   0.17432
   1201.4   0.17424
   1201.7   0.17423
   1201.9   0.17422
   1202.2   0.17426
   1202.5   0.17438
   1202.8   0.17438
   1203.0   0.17432
   1203.3   0.17424
   1203.6   0.17421
   1203.9   0.17422
   1204.2   0.17422
   1204.4   0.17428
   1204.7   0.17434
   1205.0   0.17434
   1205.3   0.17431
   1205.6   0.17437
   1205.8   0.17442
   1206.1   0.17442
   1206.4   0.17446
   1206.7   0.17451
   1207.0   0.17450
   1207.2   0.17449
   1207.5   0.17452
   1207.8   0.17460
   1208.1   0.17469
   1208.4   0.17473
   1208.7   0.17480
   1208.9   0.17475
   1209.2   0.17467
   1209.5   0.17472
   1209.8   0.17481
   1210.1   0.17483
   1210.3   0.17492
   1210.6   0.17495
   1210.9   0.17487
   1211.2   0.17485
   1211.5   0.17491
   1211.8   0.17486
   1212.0   0.17486
   1212.3   0.17490
   1212.6   0.17493
   1212.9   0.17499
   1213.2   0.17507
   1213.5   0.17509
   1213.7   0.17496
   1214.0   0.17487
   1214.3   0.17496
   1214.6   0.17514
   1214.9   0.17526
   1215.2   0.17523
   1215.4   0.17516
   1215.7   0.17516
   1216.0   0.17519
   1216.3   0.17525
   1216.6   0.17530
   1216.9   0.17529
   1217.2   0.17533
   1217.4   0.17529
   1217.7   0.17524
   1218.0   0.17534
   1218.3   0.17543
   1218.6   0.17533
   1218.9   0.17533
   1219.2   0.17537
   1219.4   0.17540
   1219.7   0.17543
   1220.0   0.17549
   1220.3   0.17553
   1220.6   0.17549
   1220.9   0.17552
   1221.2   0.17553
   1221.5   0.17550
   1221.8   0.17555
   1222.0   0.17555
   1222.3   0.17558
   1222.6   0.17567
   1222.9   0.17569
   1223.2   0.17567
   1223.5   0.17577
   1223.8   0.17578
   1224.1   0.17573
   1224.3   0.17573
   1224.6   0.17572
   1224.9   0.17583
   1225.2   0.17592
   1225.5   0.17588
   1225.8   0.17582
   1226.1   0.17588
   1226.4   0.17590
   1226.7   0.17589
   1227.0   0.17594
   1227.3   0.17597
   1227.5   0.17590
   1227.8   0.17597
   1228.1   0.17611
   1228.4   0.17620
   1228.7   0.17619
   1229.0   0.17614
   1229.3   0.17614
   1229.6   0.17612
   1229.9   0.17615
   1230.2   0.17623
   1230.4   0.17630
   1230.7   0.17633
   1231.0   0.17626
   1231.3   0.17618
   1231.6   0.17620
   1231.9   0.17631
   1232.2   0.17637
   1232.5   0.17641
   1232.8   0.17641
   1233.1   0.17641
   1233.4   0.17644
   1233.7   0.17644
   1234.0   0.17645
   1234.3   0.17651
   1234.6   0.17656
   1234.8   0.17656
   1235.1   0.17660
   1235.4   0.17662
   1235.7   0.17654
   1236.0   0.17663
   1236.3   0.17677
   1236.6   0.17682
   1236.9   0.17678
   1237.2   0.17675
   1237.5   0.17678
   1237.8   0.17671
   1238.1   0.17675
   1238.4   0.17681
   1238.7   0.17685
   1239.0   0.17684
   1239.3   0.17683
   1239.6   0.17684
   1239.9   0.17688
   1240.2   0.17689
   1240.5   0.17686
   1240.8   0.17691
   1241.1   0.17698
   1241.3   0.17705
   1241.7   0.17713
   1241.9   0.17714
   1242.2   0.17717
   1242.5   0.17717
   1242.8   0.17714
   1243.1   0.17716
   1243.4   0.17714
   1243.7   0.17718
   1244.0   0.17729
   1244.3   0.17728
   1244.6   0.17723
   1244.9   0.17723
   1245.2   0.17723
   1245.5   0.17728
   1245.8   0.17731
   1246.1   0.17732
   1246.4   0.17734
   1246.7   0.17739
   1247.0   0.17742
   1247.3   0.17742
   1247.6   0.17739
   1247.9   0.17742
   1248.2   0.17753
   1248.5   0.17761
   1248.8   0.17759
   1249.1   0.17755
   1249.4   0.17751
   1249.7   0.17750
   1250.0   0.17753
   1250.3   0.17754
   1250.6   0.17757
   1250.9   0.17770
   1251.2   0.17780
   1251.5   0.17778
   1251.8   0.17774
   1252.1   0.17776
   1252.4   0.17777
   1252.8   0.17776
   1253.1   0.17783
   1253.3   0.17791
   1253.7   0.17789
   1254.0   0.17792
   1254.3   0.17795
   1254.6   0.17793
   1254.9   0.17796
   1255.2   0.17807
   1255.5   0.17800
   1255.8   0.17794
   1256.1   0.17805
   1256.4   0.17814
   1256.7   0.17819
   1257.0   0.17821
   1257.3   0.17815
   1257.6   0.17815
   1257.9   0.17819
   1258.2   0.17824
   1258.5   0.17825
   1258.8   0.17816
   1259.1   0.17817
   1259.4   0.17825
   1259.8   0.17831
   1260.1   0.17834
   1260.4   0.17836
   1260.7   0.17838
   1261.0   0.17845
   1261.3   0.17850
   1261.6   0.17847
   1261.9   0.17852
   1262.2   0.17858
   1262.5   0.17857
   1262.8   0.17857
   1263.1   0.17862
   1263.4   0.17862
   1263.7   0.17864
   1264.1   0.17870
   1264.4   0.17874
   1264.7   0.17873
   1265.0   0.17872
   1265.3   0.17877
   1265.6   0.17878
   1265.9   0.17874
   1266.2   0.17875
   1266.5   0.17875
   1266.8   0.17883
   1267.1   0.17896
   1267.4   0.17896
   1267.8   0.17885
   1268.1   0.17890
   1268.4   0.17888
   1268.7   0.17889
   1269.0   0.17897
   1269.3   0.17902
   1269.6   0.17909
   1269.9   0.17907
   1270.2   0.17910
   1270.6   0.17907
   1270.9   0.17905
   1271.2   0.17909
   1271.5   0.17911
   1271.8   0.17916
   1272.1   0.17921
   1272.4   0.17920
   1272.7   0.17922
   1273.1   0.17935
   1273.4   0.17937
   1273.7   0.17932
   1274.0   0.17930
   1274.3   0.17939
   1274.6   0.17952
   1274.9   0.17950
   1275.2   0.17947
   1275.6   0.17950
   1275.9   0.17952
   1276.2   0.17952
   1276.5   0.17959
   1276.8   0.17962
   1277.1   0.17961
   1277.4   0.17966
   1277.8   0.17967
   1278.1   0.17970
   1278.4   0.17972
   1278.7   0.17968
   1279.0   0.17973
   1279.3   0.17982
   1279.7   0.17992
   1280.0   0.17995
   1280.3   0.17990
   1280.6   0.17987
   1280.9   0.17984
   1281.2   0.17990
   1281.6   0.17994
   1281.9   0.17996
   1282.2   0.18006
   1282.5   0.18011
   1282.8   0.18013
   1283.1   0.18007
   1283.4   0.18010
   1283.8   0.18023
   1284.1   0.18028
   1284.4   0.18026
   1284.7   0.18022
   1285.0   0.18024
   1285.4   0.18027
   1285.7   0.18024
   1286.0   0.18027
   1286.3   0.18033
   1286.6   0.18036
   1286.9   0.18037
   1287.3   0.18041
   1287.6   0.18048
   1287.9   0.18044
   1288.2   0.18039
   1288.6   0.18043
   1288.9   0.18049
   1289.2   0.18053
   1289.5   0.18058
   1289.8   0.18058
   1290.2   0.18060
   1290.5   0.18067
   1290.8   0.18070
   1291.1   0.18072
   1291.4   0.18073
   1291.8   0.18075
   1292.1   0.18077
   1292.4   0.18081
   1292.7   0.18091
   1293.1   0.18096
   1293.4   0.18093
   1293.7   0.18101
   1294.0   0.18105
   1294.3   0.18098
   1294.7   0.18089
   1295.0   0.18096
   1295.3   0.18105
   1295.6   0.18109
   1296.0   0.18114
   1296.3   0.18116
   1296.6   0.18112
   1296.9   0.18105
   1297.3   0.18113
   1297.6   0.18118
   1297.9   0.18114
   1298.2   0.18120
   1298.6   0.18127
   1298.9   0.18134
   1299.2   0.18134
   1299.5   0.18136
   1299.9   0.18144
   1300.2   0.18143
   1300.5   0.18138
   1300.8   0.18141
   1301.2   0.18145
   1301.5   0.18141
   1301.8   0.18148
   1302.1   0.18162
   1302.5   0.18163
   1302.8   0.18159
   1303.1   0.18158
   1303.4   0.18159
   1303.8   0.18164
   1304.1   0.18166
   1304.4   0.18165
   1304.8   0.18168
   1305.1   0.18177
   1305.4   0.18180
   1305.8   0.18179
   1306.1   0.18181
   1306.4   0.18187
   1306.7   0.18183
   1307.1   0.18183
   1307.4   0.18194
   1307.7   0.18200
   1308.1   0.18203
   1308.4   0.18201
   1308.7   0.18200
   1309.1   0.18199
   1309.4   0.18198
   1309.7   0.18200
   1310.0   0.18211
   1310.4   0.18223
   1310.7   0.18223
   1311.0   0.18217
   1311.4   0.18225
   1311.7   0.18232
   1312.0   0.18228
   1312.4   0.18226
   1312.7   0.18230
   1313.0   0.18237
   1313.4   0.18239
   1313.7   0.18244
   1314.0   0.18254
   1314.4   0.18256
   1314.7   0.18250
   1315.0   0.18252
   1315.4   0.18264
   1315.7   0.18265
   1316.0   0.18270
   1316.4   0.18275
   1316.7   0.18270
   1317.0   0.18270
   1317.4   0.18271
   1317.7   0.18276
   1318.0   0.18280
   1318.4   0.18279
   1318.7   0.18284
   1319.0   0.18290
   1319.4   0.18294
   1319.7   0.18298
   1320.1   0.18295
   1320.4   0.18294
   1320.7   0.18298
   1321.1   0.18305
   1321.4   0.18305
   1321.7   0.18308
   1322.1   0.18314
   1322.4   0.18315
   1322.7   0.18317
   1323.1   0.18324
   1323.4   0.18322
   1323.8   0.18321
   1324.1   0.18325
   1324.4   0.18325
   1324.8   0.18325
   1325.1   0.18328
   1325.4   0.18329
   1325.8   0.18334
   1326.1   0.18341
   1326.5   0.18343
   1326.8   0.18349
   1327.1   0.18358
   1327.5   0.18360
   1327.8   0.18355
   1328.2   0.18359
   1328.5   0.18363
   1328.8   0.18363
   1329.2   0.18367
   1329.5   0.18369
   1329.9   0.18371
   1330.2   0.18380
   1330.6   0.18385
   1330.9   0.18380
   1331.2   0.18378
   1331.6   0.18379
   1331.9   0.18382
   1332.3   0.18387
   1332.6   0.18393
   1332.9   0.18398
   1333.3   0.18394
   1333.6   0.18396
   1334.0   0.18397
   1334.3   0.18403
   1334.7   0.18411
   1335.0   0.18413
   1335.3   0.18414
   1335.7   0.18416
   1336.0   0.18420
   1336.4   0.18429
   1336.7   0.18433
   1337.1   0.18430
   1337.4   0.18426
   1337.8   0.18426
   1338.1   0.18436
   1338.4   0.18449
   1338.8   0.18446
   1339.1   0.18446
   1339.5   0.18447
   1339.8   0.18455
   1340.2   0.18455
   1340.5   0.18453
   1340.9   0.18458
   1341.2   0.18454
   1341.6   0.18457
   1341.9   0.18472
   1342.3   0.18478
   1342.6   0.18476
   1342.9   0.18475
   1343.3   0.18475
   1343.7   0.18475
   1344.0   0.18476
   1344.3   0.18484
   1344.7   0.18488
   1345.0   0.18487
   1345.4   0.18489
   1345.7   0.18498
   1346.1   0.18500
   1346.4   0.18501
   1346.8   0.18504
   1347.1   0.18509
   1347.5   0.18514
   1347.8   0.18516
   1348.2   0.18518
   1348.5   0.18522
   1348.9   0.18519
   1349.3   0.18517
   1349.6   0.18523
   1349.9   0.18529
   1350.3   0.18533
   1350.7   0.18536
   1351.0   0.18541
   1351.3   0.18542
   1351.7   0.18548
   1352.1   0.18553
   1352.4   0.18552
   1352.8   0.18550
   1353.1   0.18553
   1353.5   0.18557
   1353.8   0.18560
   1354.2   0.18561
   1354.5   0.18562
   1354.9   0.18566
   1355.2   0.18567
   1355.6   0.18570
   1355.9   0.18577
   1356.3   0.18581
   1356.7   0.18580
   1357.0   0.18584
   1357.4   0.18585
   1357.7   0.18586
   1358.1   0.18594
   1358.4   0.18597
   1358.8   0.18598
   1359.2   0.18601
   1359.5   0.18609
   1359.9   0.18608
   1360.2   0.18612
   1360.6   0.18618
   1360.9   0.18618
   1361.3   0.18617
   1361.7   0.18619
   1362.0   0.18621
   1362.4   0.18625
   1362.7   0.18628
   1363.1   0.18625
   1363.4   0.18630
   1363.8   0.18637
   1364.2   0.18639
   1364.5   0.18641
   1364.9   0.18641
   1365.2   0.18646
   1365.6   0.18654
   1365.9   0.18660
   1366.3   0.18662
   1366.7   0.18665
   1367.0   0.18667
   1367.4   0.18670
   1367.8   0.18672
   1368.1   0.18673
   1368.5   0.18669
   1368.8   0.18670
   1369.2   0.18674
   1369.6   0.18675
   1369.9   0.18681
   1370.3   0.18683
   1370.7   0.18684
   1371.0   0.18688
   1371.4   0.18687
   1371.7   0.18683
   1372.1   0.18690
   1372.5   0.18696
   1372.8   0.18699
   1373.2   0.18707
   1373.6   0.18715
   1373.9   0.18717
   1374.3   0.18718
   1374.6   0.18721
   1375.0   0.18722
   1375.4   0.18726
   1375.7   0.18726
   1376.1   0.18731
   1376.5   0.18735
   1376.8   0.18733
   1377.2   0.18732
   1377.6   0.18736
   1377.9   0.18745
   1378.3   0.18751
   1378.7   0.18755
   1379.0   0.18754
   1379.4   0.18753
   1379.8   0.18755
   1380.1   0.18757
   1380.5   0.18761
   1380.9   0.18763
   1381.2   0.18769
   1381.6   0.18772
   1382.0   0.18775
   1382.3   0.18777
   1382.7   0.18781
   1383.1   0.18785
   1383.4   0.18788
   1383.8   0.18792
   1384.2   0.18796
   1384.6   0.18799
   1384.9   0.18799
   1385.3   0.18802
   1385.7   0.18808
   1386.0   0.18811
   1386.4   0.18812
   1386.8   0.18813
   1387.2   0.18819
   1387.5   0.18827
   1387.9   0.18827
   1388.3   0.18822
   1388.6   0.18828
   1389.0   0.18834
   1389.4   0.18837
   1389.8   0.18841
   1390.1   0.18842
   1390.5   0.18839
   1390.9   0.18841
   1391.2   0.18848
   1391.6   0.18856
   1392.0   0.18860
   1392.4   0.18863
   1392.7   0.18861
   1393.1   0.18871
   1393.5   0.18875
   1393.9   0.18872
   1394.2   0.18873
   1394.6   0.18877
   1395.0   0.18881
   1395.4   0.18879
   1395.7   0.18879
   1396.1   0.18885
   1396.5   0.18883
   1396.9   0.18886
   1397.2   0.18895
   1397.6   0.18894
   1398.0   0.18894
   1398.4   0.18901
   1398.8   0.18910
   1399.1   0.18913
   1399.5   0.18909
   1399.9   0.18908
   1400.3   0.18912
   1400.6   0.18919
   1401.0   0.18928
   1401.4   0.18928
   1401.8   0.18931
   1402.2   0.18934
   1402.5   0.18938
   1402.9   0.18935
   1403.3   0.18937
   1403.7   0.18944
   1404.1   0.18948
   1404.4   0.18953
   1404.8   0.18961
   1405.2   0.18959
   1405.6   0.18956
   1406.0   0.18956
   1406.3   0.18961
   1406.7   0.18968
   1407.1   0.18963
   1407.5   0.18966
   1407.9   0.18978
   1408.3   0.18977
   1408.6   0.18979
   1409.0   0.18990
   1409.4   0.18993
   1409.8   0.18990
   1410.2   0.18985
   1410.6   0.18988
   1410.9   0.18999
   1411.3   0.19006
   1411.7   0.19007
   1412.1   0.19010
   1412.5   0.19016
   1412.8   0.19021
   1413.2   0.19024
   1413.6   0.19019
   1414.0   0.19017
   1414.4   0.19025
   1414.8   0.19031
   1415.2   0.19029
   1415.6   0.19033
   1415.9   0.19039
   1416.3   0.19040
   1416.7   0.19042
   1417.1   0.19043
   1417.5   0.19042
   1417.9   0.19047
   1418.3   0.19046
   1418.7   0.19046
   1419.0   0.19055
   1419.4   0.19064
   1419.8   0.19067
   1420.2   0.19072
   1420.6   0.19071
   1421.0   0.19071
   1421.4   0.19073
   1421.8   0.19077
   1422.2   0.19086
   1422.5   0.19092
   1422.9   0.19088
   1423.3   0.19088
   1423.7   0.19095
   1424.1   0.19098
   1424.5   0.19104
   1424.9   0.19111
   1425.3   0.19108
   1425.7   0.19103
   1426.1   0.19113
   1426.5   0.19119
   1426.8   0.19118
   1427.2   0.19117
   1427.6   0.19123
   1428.0   0.19131
   1428.4   0.19131
   1428.8   0.19129
   1429.2   0.19131
   1429.6   0.19134
   1430.0   0.19139
   1430.4   0.19142
   1430.8   0.19151
   1431.2   0.19154
   1431.6   0.19155
   1432.0   0.19158
   1432.4   0.19163
   1432.8   0.19166
   1433.2   0.19172
   1433.6   0.19173
   1433.9   0.19180
   1434.3   0.19186
   1434.8   0.19187
   1435.1   0.19189
   1435.5   0.19191
   1435.9   0.19192
   1436.3   0.19189
   1436.7   0.19190
   1437.1   0.19192
   1437.5   0.19197
   1437.9   0.19196
   1438.3   0.19199
   1438.7   0.19204
   1439.1   0.19208
   1439.5   0.19207
   1439.9   0.19206
   1440.3   0.19207
   1440.7   0.19217
   1441.1   0.19222
   1441.5   0.19227
   1441.9   0.19228
   1442.3   0.19236
   1442.7   0.19237
   1443.1   0.19239
   1443.5   0.19246
   1443.9   0.19244
   1444.3   0.19242
   1444.7   0.19244
   1445.1   0.19250
   1445.6   0.19253
   1445.9   0.19252
   1446.3   0.19256
   1446.8   0.19264
   1447.2   0.19270
   1447.6   0.19273
   1448.0   0.19272
   1448.4   0.19273
   1448.8   0.19276
   1449.2   0.19281
   1449.6   0.19284
   1450.0   0.19285
   1450.4   0.19286
   1450.8   0.19292
   1451.2   0.19299
   1451.6   0.19299
   1452.0   0.19305
   1452.4   0.19312
   1452.8   0.19313
   1453.2   0.19315
   1453.7   0.19320
   1454.1   0.19326
   1454.5   0.19329
   1454.9   0.19323
   1455.3   0.19321
   1455.7   0.19324
   1456.1   0.19328
   1456.5   0.19329
   1456.9   0.19327
   1457.3   0.19332
   1457.7   0.19339
   1458.2   0.19341
   1458.6   0.19342
   1459.0   0.19346
   1459.4   0.19353
   1459.8   0.19354
   1460.2   0.19354
   1460.6   0.19357
   1461.0   0.19360
   1461.4   0.19366
   1461.8   0.19364
   1462.3   0.19365
   1462.7   0.19373
   1463.1   0.19376
   1463.5   0.19372
   1463.9   0.19372
   1464.3   0.19382
   1464.7   0.19390
   1465.2   0.19394
   1465.6   0.19397
   1466.0   0.19401
   1466.4   0.19404
   1466.8   0.19405
   1467.2   0.19408
   1467.6   0.19410
   1468.1   0.19412
   1468.5   0.19415
   1468.9   0.19415
   1469.3   0.19419
   1469.7   0.19423
   1470.1   0.19426
   1470.6   0.19431
   1471.0   0.19432
   1471.4   0.19434
   1471.8   0.19436
   1472.2   0.19439
   1472.6   0.19448
   1473.1   0.19447
   1473.5   0.19447
   1473.9   0.19449
   1474.3   0.19450
   1474.7   0.19456
   1475.2   0.19462
   1475.6   0.19466
   1476.0   0.19475
   1476.4   0.19478
   1476.8   0.19473
   1477.3   0.19471
   1477.7   0.19481
   1478.1   0.19484
   1478.5   0.19481
   1478.9   0.19485
   1479.4   0.19487
   1479.8   0.19491
   1480.2   0.19491
   1480.6   0.19497
   1481.1   0.19505
   1481.5   0.19503
   1481.9   0.19498
   1482.3   0.19505
   1482.8   0.19516
   1483.2   0.19518
   1483.6   0.19521
   1484.0   0.19522
   1484.4   0.19521
   1484.9   0.19521
   1485.3   0.19525
   1485.7   0.19531
   1486.2   0.19536
   1486.6   0.19531
   1487.0   0.19533
   1487.4   0.19543
   1487.9   0.19546
   1488.3   0.19548
   1488.7   0.19552
   1489.1   0.19552
   1489.6   0.19552
   1490.0   0.19557
   1490.4   0.19558
   1490.8   0.19559
   1491.3   0.19558
   1491.7   0.19565
   1492.1   0.19574
   1492.6   0.19576
   1493.0   0.19577
   1493.4   0.19583
   1493.9   0.19589
   1494.3   0.19591
   1494.7   0.19590
   1495.2   0.19592
   1495.6   0.19595
   1496.0   0.19599
   1496.4   0.19601
   1496.9   0.19597
   1497.3   0.19602
   1497.7   0.19611
   1498.2   0.19613
   1498.6   0.19614
   1499.0   0.19616
   1499.5   0.19615
   1499.9   0.19617
   1500.3   0.19622
   1500.8   0.19626
   1501.2   0.19630
   1501.7   0.19633
   1502.1   0.19634
   1502.5   0.19636
   1502.9   0.19643
   1503.4   0.19642
   1503.8   0.19637
   1504.3   0.19641
   1504.7   0.19645
   1505.1   0.19654
   1505.6   0.19659
   1506.0   0.19659
   1506.4   0.19659
   1506.9   0.19659
   1507.3   0.19665
   1507.8   0.19671
   1508.2   0.19671
   1508.6   0.19673
   1509.1   0.19673
   1509.5   0.19673
   1510.0   0.19678
   1510.4   0.19681
   1510.8   0.19686
   1511.3   0.19689
   1511.7   0.19694
   1512.2   0.19694
   1512.6   0.19688
   1513.0   0.19696
   1513.5   0.19704
   1513.9   0.19706
   1514.4   0.19710
   1514.8   0.19714
   1515.3   0.19716
   1515.7   0.19714
   1516.1   0.19711
   1516.6   0.19718
   1517.0   0.19726
   1517.5   0.19728
   1517.9   0.19728
   1518.4   0.19729
   1518.8   0.19729
   1519.3   0.19731
   1519.7   0.19735
   1520.1   0.19739
   1520.6   0.19747
   1521.0   0.19754
   1521.5   0.19757
   1521.9   0.19759
   1522.4   0.19755
   1522.8   0.19754
   1523.3   0.19759
   1523.7   0.19761
   1524.2   0.19765
   1524.6   0.19773
   1525.1   0.19776
   1525.5   0.19776
   1525.9   0.19776
   1526.4   0.19777
   1526.8   0.19779
   1527.3   0.19783
   1527.8   0.19785
   1528.2   0.19786
   1528.7   0.19793
   1529.1   0.19795
   1529.6   0.19791
   1530.0   0.19795
   1530.5   0.19802
   1530.9   0.19805
   1531.4   0.19807
   1531.8   0.19808
   1532.3   0.19809
   1532.7   0.19817
   1533.2   0.19824
   1533.6   0.19829
   1534.1   0.19829
   1534.5   0.19827
   1535.0   0.19832
   1535.4   0.19833
   1535.9   0.19831
   1536.3   0.19833
   1536.8   0.19836
   1537.3   0.19840
   1537.7   0.19840
   1538.2   0.19838
   1538.6   0.19843
   1539.1   0.19851
   1539.6   0.19853
   1540.0   0.19851
   1540.5   0.19854
   1540.9   0.19859
   1541.4   0.19864
   1541.8   0.19867
   1542.3   0.19868
   1542.8   0.19870
   1543.2   0.19872
   1543.7   0.19874
   1544.1   0.19881
   1544.6   0.19886
   1545.1   0.19886
   1545.5   0.19886
   1546.0   0.19888
   1546.4   0.19890
   1546.9   0.19891
   1547.4   0.19892
   1547.8   0.19898
   1548.3   0.19904
   1548.8   0.19906
   1549.2   0.19906
   1549.7   0.19908
   1550.1   0.19912
   1550.6   0.19912
   1551.1   0.19912
   1551.5   0.19916
   1552.0   0.19919
   1552.4   0.19920
   1552.9   0.19916
   1553.4   0.19919
   1553.8   0.19929
   1554.3   0.19932
   1554.8   0.19930
   1555.3   0.19933
   1555.7   0.19936
   1556.2   0.19939
   1556.7   0.19942
   1557.1   0.19945
   1557.6   0.19948
   1558.1   0.19951
   1558.5   0.19950
   1559.0   0.19951
   1559.5   0.19954
   1559.9   0.19958
   1560.4   0.19965
   1560.9   0.19968
   1561.3   0.19970
   1561.8   0.19969
   1562.3   0.19968
   1562.8   0.19970
   1563.2   0.19973
   1563.7   0.19981
   1564.2   0.19985
   1564.6   0.19986
   1565.1   0.19986
   1565.6   0.19987
   1566.1   0.19989
   1566.5   0.19990
   1567.0   0.19994
   1567.5   0.20001
   1567.9   0.20001
   1568.4   0.20001
   1568.9   0.20002
   1569.4   0.20003
   1569.8   0.20008
   1570.3   0.20011
   1570.8   0.20014
   1571.3   0.20021
   1571.8   0.20026
   1572.2   0.20024
   1572.7   0.20024
   1573.2   0.20027
   1573.7   0.20027
   1574.1   0.20029
   1574.6   0.20029
   1575.1   0.20036
   1575.6   0.20042
   1576.1   0.20046
   1576.5   0.20049
   1577.0   0.20048
   1577.5   0.20053
   1578.0   0.20053
   1578.4   0.20049
   1578.9   0.20051
   1579.4   0.20053
   1579.9   0.20055
   1580.4   0.20058
   1580.9   0.20061
   1581.3   0.20065
   1581.8   0.20067
   1582.3   0.20065
   1582.8   0.20070
   1583.3   0.20079
   1583.8   0.20081
   1584.2   0.20079
   1584.7   0.20078
   1585.2   0.20085
   1585.7   0.20091
   1586.2   0.20094
   1586.7   0.20093
   1587.2   0.20093
   1587.6   0.20097
   1588.1   0.20098
   1588.6   0.20097
   1589.1   0.20103
   1589.6   0.20107
   1590.1   0.20103
   1590.6   0.20102
   1591.0   0.20107
   1591.5   0.20112
   1592.0   0.20116
   1592.5   0.20113
   1593.0   0.20113
   1593.5   0.20119
   1594.0   0.20122
   1594.5   0.20119
   1595.0   0.20122
   1595.4   0.20131
   1595.9   0.20132
   1596.4   0.20134
   1596.9   0.20136
   1597.4   0.20139
   1597.9   0.20142
   1598.4   0.20144
   1598.9   0.20143
   1599.4   0.20143
   1599.9   0.20145
   1600.4   0.20152
   1600.9   0.20154
   1601.4   0.20148
   1601.9   0.20150
   1602.3   0.20160
   1602.8   0.20164
   1603.3   0.20164
   1603.8   0.20165
   1604.3   0.20170
   1604.8   0.20175
   1605.3   0.20178
   1605.8   0.20173
   1606.3   0.20168
   1606.8   0.20173
   1607.3   0.20181
   1607.8   0.20186
   1608.3   0.20188
   1608.8   0.20188
   1609.3   0.20190
   1609.8   0.20190
   1610.3   0.20194
   1610.8   0.20194
   1611.3   0.20192
   1611.8   0.20198
   1612.3   0.20209
   1612.8   0.20209
   1613.3   0.20207
   1613.8   0.20206
   1614.3   0.20208
   1614.8   0.20213
   1615.3   0.20217
   1615.8   0.20221
   1616.3   0.20222
   1616.8   0.20225
   1617.3   0.20226
   1617.8   0.20224
   1618.4   0.20226
   1618.9   0.20229
   1619.4   0.20233
   1619.9   0.20235
   1620.4   0.20238
   1620.9   0.20236
   1621.4   0.20235
   1621.9   0.20237
   1622.4   0.20241
   1622.9   0.20245
   1623.4   0.20249
   1623.9   0.20253
   1624.4   0.20255
   1624.9   0.20255
   1625.5   0.20254
   1626.0   0.20255
   1626.5   0.20256
   1627.0   0.20261
   1627.5   0.20267
   1628.0   0.20270
   1628.5   0.20269
   1629.0   0.20269
   1629.6   0.20272
   1630.1   0.20279
   1630.6   0.20279
   1631.1   0.20280
   1631.6   0.20280
   1632.1   0.20279
   1632.6   0.20282
   1633.1   0.20285
   1633.7   0.20287
   1634.2   0.20293
   1634.7   0.20299
   1635.2   0.20299
   1635.7   0.20300
   1636.2   0.20302
   1636.8   0.20305
   1637.3   0.20304
   1637.8   0.20307
   1638.3   0.20308
   1638.8   0.20306
   1639.3   0.20306
   1639.8   0.20312
   1640.4   0.20313
   1640.9   0.20317
   1641.4   0.20320
   1641.9   0.20316
   1642.4   0.20319
   1643.0   0.20325
   1643.5   0.20326
   1644.0   0.20332
   1644.5   0.20336
   1645.1   0.20337
   1645.6   0.20333
   1646.1   0.20333
   1646.6   0.20333
   1647.2   0.20335
   1647.7   0.20341
   1648.2   0.20345
   1648.7   0.20349
   1649.2   0.20351
   1649.8   0.20352
   1650.3   0.20352
   1650.8   0.20356
   1651.3   0.20359
   1651.9   0.20361
   1652.4   0.20365
   1652.9   0.20364
   1653.4   0.20362
   1654.0   0.20363
   1654.5   0.20365
   1655.0   0.20366
   1655.6   0.20366
   1656.1   0.20369
   1656.6   0.20374
   1657.2   0.20381
   1657.7   0.20383
   1658.2   0.20381
   1658.7   0.20382
   1659.3   0.20385
   1659.8   0.20386
   1660.3   0.20388
   1660.9   0.20389
   1661.4   0.20390
   1661.9   0.20392
   1662.5   0.20393
   1663.0   0.20395
   1663.5   0.20398
   1664.1   0.20397
   1664.6   0.20399
   1665.1   0.20405
   1665.7   0.20408
   1666.2   0.20410
   1666.7   0.20415
   1667.3   0.20422
   1667.8   0.20425
   1668.3   0.20426
   1668.9   0.20426
   1669.4   0.20426
   1670.0   0.20424
   1670.5   0.20425
   1671.0   0.20433
   1671.6   0.20432
   1672.1   0.20431
   1672.7   0.20434
   1673.2   0.20438
   1673.7   0.20437
   1674.3   0.20434
   1674.8   0.20438
   1675.4   0.20442
   1675.9   0.20442
   1676.4   0.20447
   1677.0   0.20454
   1677.5   0.20455
   1678.1   0.20457
   1678.6   0.20461
   1679.2   0.20466
   1679.7   0.20468
   1680.2   0.20467
   1680.8   0.20467
   1681.3   0.20470
   1681.9   0.20471
   1682.4   0.20465
   1683.0   0.20467
   1683.5   0.20475
   1684.1   0.20477
   1684.6   0.20479
   1685.2   0.20483
   1685.7   0.20486
   1686.3   0.20488
   1686.8   0.20492
   1687.3   0.20491
   1687.9   0.20490
   1688.4   0.20491
   1689.0   0.20491
   1689.6   0.20496
   1690.1   0.20501
   1690.7   0.20501
   1691.2   0.20501
   1691.8   0.20501
   1692.3   0.20502
   1692.9   0.20506
   1693.4   0.20508
   1694.0   0.20513
   1694.5   0.20515
   1695.1   0.20514
   1695.6   0.20515
   1696.2   0.20517
   1696.7   0.20519
   1697.3   0.20520
   1697.8   0.20522
   1698.4   0.20527
   1699.0   0.20527
   1699.5   0.20526
   1700.1   0.20535
   1700.6   0.20536
   1701.2   0.20533
   1701.8   0.20539
   1702.3   0.20543
   1702.9   0.20542
   1703.4   0.20543
   1704.0   0.20550
   1704.6   0.20551
   1705.1   0.20545
   1705.7   0.20548
   1706.2   0.20553
   1706.8   0.20557
   1707.4   0.20562
   1707.9   0.20560
   1708.5   0.20562
   1709.0   0.20560
   1709.6   0.20556
   1710.2   0.20559
   1710.7   0.20562
   1711.3   0.20566
   1711.9   0.20569
   1712.4   0.20573
   1713.0   0.20575
   1713.6   0.20572
   1714.1   0.20574
   1714.7   0.20580
   1715.3   0.20584
   1715.8   0.20585
   1716.4   0.20591
   1717.0   0.20592
   1717.5   0.20589
   1718.1   0.20591
   1718.7   0.20595
   1719.2   0.20593
   1719.8   0.20595
   1720.4   0.20597
   1721.0   0.20600
   1721.5   0.20604
   1722.1   0.20609
   1722.7   0.20613
   1723.2   0.20610
   1723.8   0.20610
   1724.4   0.20615
   1725.0   0.20615
   1725.5   0.20616
   1726.1   0.20617
   1726.7   0.20619
   1727.3   0.20620
   1727.8   0.20624
   1728.4   0.20629
   1729.0   0.20632
   1729.6   0.20632
   1730.1   0.20632
   1730.7   0.20632
   1731.3   0.20636
   1731.9   0.20639
   1732.5   0.20639
   1733.0   0.20644
   1733.6   0.20646
   1734.2   0.20647
   1734.8   0.20650
   1735.4   0.20652
   1735.9   0.20653
   1736.5   0.20656
   1737.1   0.20659
   1737.7   0.20661
   1738.3   0.20663
   1738.8   0.20665
   1739.4   0.20664
   1740.0   0.20662
   1740.6   0.20662
   1741.2   0.20667
   1741.8   0.20674
   1742.3   0.20678
   1742.9   0.20678
   1743.5   0.20677
   1744.1   0.20676
   1744.7   0.20677
   1745.3   0.20682
   1745.9   0.20686
   1746.5   0.20690
   1747.1   0.20692
   1747.6   0.20694
   1748.2   0.20698
   1748.8   0.20698
   1749.4   0.20695
   1750.0   0.20697
   1750.6   0.20703
   1751.2   0.20705
   1751.8   0.20710
   1752.4   0.20716
   1753.0   0.20715
   1753.6   0.20711
   1754.1   0.20710
   1754.7   0.20713
   1755.3   0.20718
   1755.9   0.20720
   1756.5   0.20722
   1757.1   0.20722
   1757.7   0.20724
   1758.3   0.20729
   1758.9   0.20728
   1759.5   0.20732
   1760.1   0.20735
   1760.7   0.20735
   1761.3   0.20737
   1761.9   0.20737
   1762.5   0.20734
   1763.1   0.20738
   1763.7   0.20744
   1764.3   0.20749
   1764.9   0.20751
   1765.5   0.20752
   1766.1   0.20751
   1766.7   0.20750
   1767.3   0.20753
   1767.9   0.20760
   1768.5   0.20764
   1769.1   0.20762
   1769.7   0.20762
   1770.3   0.20766
   1770.9   0.20767
   1771.5   0.20768
   1772.1   0.20770
   1772.7   0.20770
   1773.3   0.20771
   1773.9   0.20773
   1774.6   0.20781
   1775.2   0.20782
   1775.8   0.20781
   1776.4   0.20786
   1777.0   0.20786
   1777.6   0.20786
   1778.2   0.20786
   1778.8   0.20790
   1779.4   0.20797
   1780.0   0.20796
   1780.7   0.20797
   1781.3   0.20800
   1781.9   0.20800
   1782.5   0.20801
   1783.1   0.20806
   1783.7   0.20809
   1784.3   0.20811
   1784.9   0.20814
   1785.6   0.20815
   1786.2   0.20814
   1786.8   0.20815
   1787.4   0.20818
   1788.0   0.20818
   1788.6   0.20820
   1789.3   0.20822
   1789.9   0.20822
   1790.5   0.20828
   1791.1   0.20830
   1791.7   0.20829
   1792.3   0.20832
   1793.0   0.20835
   1793.6   0.20835
   1794.2   0.20839
   1794.8   0.20842
   1795.4   0.20843
   1796.1   0.20848
   1796.7   0.20851
   1797.3   0.20849
   1797.9   0.20852
   1798.6   0.20857
   1799.2   0.20854
   1799.8   0.20857
   1800.4   0.20863
   1801.1   0.20864
   1801.7   0.20866
   1802.3   0.20869
   1802.9   0.20869
   1803.6   0.20867
   1804.2   0.20869
   1804.8   0.20873
   1805.4   0.20875
   1806.1   0.20877
   1806.7   0.20880
   1807.3   0.20884
   1808.0   0.20890
   1808.6   0.20889
   1809.2   0.20890
   1809.9   0.20892
   1810.5   0.20892
   1811.1   0.20897
   1811.8   0.20899
   1812.4   0.20900
   1813.0   0.20900
   1813.7   0.20899
   1814.3   0.20903
   1814.9   0.20908
   1815.6   0.20910
   1816.2   0.20911
   1816.8   0.20911
   1817.5   0.20915
   1818.1   0.20919
   1818.8   0.20918
   1819.4   0.20917
   1820.0   0.20921
   1820.7   0.20925
   1821.3   0.20929
   1821.9   0.20934
   1822.6   0.20935
   1823.2   0.20936
   1823.9   0.20939
   1824.5   0.20940
   1825.2   0.20942
   1825.8   0.20943
   1826.4   0.20944
   1827.1   0.20946
   1827.7   0.20948
   1828.4   0.20954
   1829.0   0.20961
   1829.7   0.20962
   1830.3   0.20962
   1831.0   0.20963
   1831.6   0.20962
   1832.3   0.20964
   1832.9   0.20967
   1833.6   0.20967
   1834.2   0.20967
   1834.8   0.20972
   1835.5   0.20978
   1836.1   0.20977
   1836.8   0.20977
   1837.4   0.20980
   1838.1   0.20984
   1838.8   0.20986
   1839.4   0.20989
   1840.1   0.20993
   1840.7   0.20997
   1841.4   0.20998
   1842.0   0.21002
   1842.7   0.21005
   1843.3   0.21008
   1844.0   0.21008
   1844.6   0.21006
   1845.3   0.21011
   1845.9   0.21012
   1846.6   0.21010
   1847.3   0.21015
   1847.9   0.21020
   1848.6   0.21024
   1849.2   0.21024
   1849.9   0.21028
   1850.6   0.21026
   1851.2   0.21024
   1851.9   0.21030
   1852.6   0.21035
   1853.2   0.21039
   1853.9   0.21045
   1854.5   0.21046
   1855.2   0.21042
   1855.9   0.21043
   1856.5   0.21050
   1857.2   0.21056
   1857.9   0.21056
   1858.5   0.21056
   1859.2   0.21059
   1859.9   0.21064
   1860.5   0.21067
   1861.2   0.21068
   1861.9   0.21067
   1862.5   0.21068
   1863.2   0.21074
   1863.9   0.21077
   1864.5   0.21079
   1865.2   0.21080
   1865.9   0.21084
   1866.6   0.21089
   1867.2   0.21092
   1867.9   0.21094
   1868.6   0.21098
   1869.2   0.21098
   1869.9   0.21099
   1870.6   0.21100
   1871.3   0.21105
   1871.9   0.21113
   1872.6   0.21115
   1873.3   0.21114
   1874.0   0.21119
   1874.7   0.21122
   1875.3   0.21122
   1876.0   0.21122
   1876.7   0.21125
   1877.4   0.21130
   1878.0   0.21130
   1878.7   0.21127
   1879.4   0.21130
   1880.1   0.21140
   1880.8   0.21145
   1881.4   0.21145
   1882.1   0.21147
   1882.8   0.21147
   1883.5   0.21147
   1884.2   0.21151
   1884.9   0.21155
   1885.6   0.21156
   1886.2   0.21158
   1886.9   0.21159
   1887.6   0.21162
   1888.3   0.21166
   1889.0   0.21168
   1889.7   0.21171
   1890.4   0.21175
   1891.1   0.21176
   1891.8   0.21179
   1892.4   0.21183
   1893.1   0.21185
   1893.8   0.21186
   1894.5   0.21187
   1895.2   0.21189
   1895.9   0.21192
   1896.6   0.21197
   1897.3   0.21200
   1898.0   0.21204
   1898.7   0.21209
   1899.4   0.21208
   1900.1   0.21206
   1900.8   0.21213
   1901.5   0.21221
   1902.2   0.21221
   1902.9   0.21219
   1903.6   0.21219
   1904.3   0.21224
   1905.0   0.21231
   1905.7   0.21231
   1906.4   0.21232
   1907.1   0.21236
   1907.8   0.21239
   1908.5   0.21240
   1909.2   0.21239
   1909.9   0.21243
   1910.6   0.21248
   1911.3   0.21248
   1912.0   0.21245
   1912.7   0.21251
   1913.4   0.21261
   1914.1   0.21263
   1914.8   0.21262
   1915.5   0.21261
   1916.2   0.21265
   1916.9   0.21269
   1917.6   0.21270
   1918.3   0.21272
   1919.1   0.21276
   1919.8   0.21283
   1920.5   0.21288
   1921.2   0.21288
   1921.9   0.21288
   1922.6   0.21287
   1923.3   0.21291
   1924.0   0.21298
   1924.8   0.21301
   1925.5   0.21302
   1926.2   0.21305
   1926.9   0.21310
   1927.6   0.21314
   1928.3   0.21317
   1929.1   0.21319
   1929.8   0.21323
   1930.5   0.21325
   1931.2   0.21328
   1931.9   0.21334
   1932.7   0.21339
   1933.4   0.21341
   1934.1   0.21342
   1934.8   0.21344
   1935.5   0.21348
   1936.3   0.21354
   1937.0   0.21354
   1937.7   0.21351
   1938.4   0.21357
   1939.2   0.21366
   1939.9   0.21367
   1940.6   0.21365
   1941.3   0.21368
   1942.1   0.21372
   1942.8   0.21374
   1943.5   0.21376
   1944.2   0.21375
   1945.0   0.21380
   1945.7   0.21388
   1946.4   0.21396
   1947.2   0.21402
   1947.9   0.21402
   1948.6   0.21401
   1949.4   0.21409
   1950.1   0.21417
   1950.8   0.21417
   1951.6   0.21418
   1952.3   0.21422
   1953.0   0.21423
   1953.8   0.21425
   1954.5   0.21426
   1955.2   0.21431
   1956.0   0.21434
   1956.7   0.21435
   1957.5   0.21440
   1958.2   0.21448
   1958.9   0.21453
   1959.7   0.21457
   1960.4   0.21461
   1961.2   0.21460
   1961.9   0.21459
   1962.6   0.21467
   1963.4   0.21474
   1964.1   0.21475
   1964.9   0.21477
   1965.6   0.21477
   1966.4   0.21481
   1967.1   0.21486
   1967.9   0.21487
   1968.6   0.21491
   1969.3   0.21497
   1970.1   0.21506
   1970.8   0.21509
   1971.6   0.21504
   1972.3   0.21507
   1973.1   0.21516
   1973.8   0.21521
   1974.6   0.21519
   1975.3   0.21522
   1976.1   0.21531
   1976.9   0.21532
   1977.6   0.21531
   1978.4   0.21537
   1979.1   0.21540
   1979.9   0.21544
   1980.6   0.21549
   1981.4   0.21551
   1982.2   0.21555
   1982.9   0.21559
   1983.7   0.21562
   1984.4   0.21567
   1985.2   0.21569
   1985.9   0.21572
   1986.7   0.21575
   1987.5   0.21576
   1988.2   0.21580
   1989.0   0.21585
   1989.8   0.21590
   1990.5   0.21589
   1991.3   0.21591
   1992.1   0.21597
   1992.8   0.21601
   1993.6   0.21602
   1994.3   0.21606
   1995.1   0.21612
   1995.9   0.21614
   1996.7   0.21615
   1997.4   0.21620
   1998.2   0.21627
   1999.0   0.21633
   1999.7   0.21635
   2000.5   0.21635
   2001.3   0.21640
   2002.1   0.21643
   2002.8   0.21646
   2003.6   0.21652
   2004.4   0.21659
   2005.2   0.21664
   2005.9   0.21664
   2006.7   0.21668
   2007.5   0.21674
   2008.3   0.21676
   2009.0   0.21679
   2009.8   0.21685
   2010.6   0.21689
   2011.4   0.21692
   2012.2   0.21695
   2012.9   0.21701
   2013.7   0.21705
   2014.5   0.21706
   2015.3   0.21708
   2016.1   0.21709
   2016.8   0.21712
   2017.6   0.21716
   2018.4   0.21721
   2019.2   0.21725
   2020.0   0.21731
   2020.8   0.21735
   2021.6   0.21740
   2022.3   0.21747
   2023.1   0.21752
   2023.9   0.21753
   2024.7   0.21756
   2025.5   0.21761
   2026.3   0.21765
   2027.1   0.21772
   2027.9   0.21777
   2028.7   0.21779
   2029.5   0.21780
   2030.3   0.21783
   2031.1   0.21790
   2031.9   0.21793
   2032.7   0.21797
   2033.5   0.21804
   2034.3   0.21805
   2035.1   0.21807
   2035.8   0.21815
   2036.7   0.21824
   2037.4   0.21826
   2038.3   0.21824
   2039.1   0.21826
   2039.9   0.21832
   2040.7   0.21838
   2041.5   0.21844
   2042.3   0.21847
   2043.1   0.21848
   2043.9   0.21852
   2044.7   0.21856
   2045.5   0.21863
   2046.3   0.21865
   2047.1   0.21867
   2047.9   0.21872
   2048.7   0.21874
   2049.5   0.21880
   2050.4   0.21885
   2051.2   0.21886
   2052.0   0.21892
   2052.8   0.21899
   2053.6   0.21903
   2054.4   0.21908
   2055.2   0.21914
   2056.0   0.21918
   2056.9   0.21918
   2057.7   0.21921
   2058.5   0.21929
   2059.3   0.21937
   2060.1   0.21941
   2060.9   0.21946
   2061.8   0.21947
   2062.6   0.21953
   2063.4   0.21959
   2064.2   0.21958
   2065.1   0.21959
   2065.9   0.21969
   2066.7   0.21972
   2067.5   0.21975
   2068.3   0.21983
   2069.2   0.21988
   2070.0   0.21990
   2070.8   0.21993
   2071.6   0.21999
   2072.5   0.22005
   2073.3   0.22008
   2074.1   0.22004
   2075.0   0.22008
   2075.8   0.22015
   2076.6   0.22021
   2077.5   0.22025
   2078.3   0.22026
   2079.1   0.22035
   2080.0   0.22043
   2080.8   0.22044
   2081.6   0.22047
   2082.5   0.22051
   2083.3   0.22056
   2084.1   0.22061
   2085.0   0.22062
   2085.8   0.22066
   2086.6   0.22073
   2087.5   0.22077
   2088.3   0.22081
   2089.2   0.22087
   2090.0   0.22089
   2090.9   0.22093
   2091.7   0.22098
   2092.6   0.22104
   2093.4   0.22112
   2094.2   0.22118
   2095.1   0.22121
   2095.9   0.22126
   2096.8   0.22133
   2097.6   0.22135
   2098.5   0.22138
   2099.3   0.22141
   2100.2   0.22143
   2101.0   0.22144
   2101.9   0.22150
   2102.7   0.22158
   2103.6   0.22163
   2104.4   0.22167
   2105.3   0.22171
   2106.1   0.22177
   2107.0   0.22185
   2107.9   0.22188
   2108.7   0.22189
   2109.6   0.22196
   2110.4   0.22200
   2111.3   0.22206
   2112.1   0.22213
   2113.0   0.22213
   2113.9   0.22215
   2114.7   0.22222
   2115.6   0.22226
   2116.5   0.22233
   2117.3   0.22236
   2118.2   0.22242
   2119.1   0.22249
   2119.9   0.22250
   2120.8   0.22253
   2121.7   0.22257
   2122.5   0.22262
   2123.4   0.22270
   2124.3   0.22275
   2125.1   0.22278
   2126.0   0.22283
   2126.9   0.22287
   2127.8   0.22290
   2128.6   0.22292
   2129.5   0.22296
   2130.4   0.22303
   2131.3   0.22311
   2132.1   0.22313
   2133.0   0.22312
   2133.9   0.22318
   2134.8   0.22327
   2135.6   0.22333
   2136.5   0.22339
   2137.4   0.22342
   2138.3   0.22343
   2139.2   0.22347
   2140.1   0.22353
   2140.9   0.22359
   2141.8   0.22365
   2142.7   0.22368
   2143.6   0.22372
   2144.5   0.22375
   2145.4   0.22376
   2146.3   0.22380
   2147.1   0.22387
   2148.0   0.22398
   2148.9   0.22404
   2149.8   0.22408
   2150.7   0.22413
   2151.6   0.22420
   2152.5   0.22422
   2153.4   0.22422
   2154.3   0.22426
   2155.2   0.22434
   2156.1   0.22441
   2157.0   0.22443
   2157.9   0.22449
   2158.8   0.22455
   2159.7   0.22460
   2160.6   0.22461
   2161.5   0.22462
   2162.4   0.22469
   2163.3   0.22476
   2164.2   0.22479
   2165.1   0.22484
   2166.0   0.22490
   2166.9   0.22494
   2167.8   0.22502
   2168.7   0.22509
   2169.6   0.22512
   2170.5   0.22513
   2171.4   0.22513
   2172.3   0.22519
   2173.2   0.22526
   2174.1   0.22531
   2175.1   0.22534
   2176.0   0.22536
   2176.9   0.22544
   2177.8   0.22551
   2178.7   0.22555
   2179.6   0.22554
   2180.6   0.22555
   2181.5   0.22562
   2182.4   0.22568
   2183.3   0.22569
   2184.2   0.22576
   2185.1   0.22583
   2186.1   0.22589
   2187.0   0.22594
   2187.9   0.22601
   2188.8   0.22608
   2189.8   0.22611
   2190.7   0.22615
   2191.6   0.22622
   2192.5   0.22630
   2193.5   0.22632
   2194.4   0.22636
   2195.3   0.22645
   2196.3   0.22650
   2197.2   0.22649
   2198.1   0.22652
   2199.1   0.22657
   2200.0   0.22661
   2200.9   0.22666
   2201.9   0.22671
   2202.8   0.22679
   2203.7   0.22681
   2204.7   0.22685
   2205.6   0.22692
   2206.5   0.22697
   2207.5   0.22703
   2208.4   0.22709
   2209.4   0.22714
   2210.3   0.22721
   2211.2   0.22727
   2212.2   0.22727
   2213.1   0.22729
   2214.1   0.22738
   2215.0   0.22747
   2216.0   0.22752
   2216.9   0.22754
   2217.9   0.22759
   2218.8   0.22763
   2219.8   0.22765
   2220.7   0.22772
   2221.7   0.22781
   2222.6   0.22783
   2223.6   0.22784
   2224.5   0.22785
   2225.5   0.22793
   2226.4   0.22801
   2227.4   0.22804
   2228.4   0.22809
   2229.3   0.22817
   2230.3   0.22819
   2231.2   0.22824
   2232.2   0.22831
   2233.1   0.22836
   2234.1   0.22840
   2235.1   0.22845
   2236.0   0.22852
   2237.0   0.22861
   2238.0   0.22867
   2238.9   0.22869
   2239.9   0.22872
   2240.9   0.22873
   2241.8   0.22875
   2242.8   0.22884
   2243.8   0.22889
   2244.8   0.22895
   2245.7   0.22903
   2246.7   0.22908
   2247.7   0.22913
   2248.6   0.22918
   2249.6   0.22918
   2250.6   0.22925
   2251.6   0.22933
   2252.6   0.22938
   2253.5   0.22942
   2254.5   0.22948
   2255.5   0.22952
   2256.5   0.22959
   2257.5   0.22967
   2258.4   0.22972
   2259.4   0.22975
   2260.4   0.22981
   2261.4   0.22985
   2262.4   0.22988
   2263.4   0.22994
   2264.4   0.23000
   2265.4   0.23007
   2266.3   0.23008
   2267.3   0.23013
   2268.3   0.23027
   2269.3   0.23035
   2270.3   0.23033
   2271.3   0.23037
   2272.3   0.23040
   2273.3   0.23043
   2274.3   0.23051
   2275.3   0.23058
   2276.3   0.23061
   2277.3   0.23063
   2278.3   0.23071
   2279.3   0.23077
   2280.3   0.23078
   2281.3   0.23081
   2282.3   0.23088
   2283.3   0.23095
   2284.3   0.23100
   2285.3   0.23106
   2286.3   0.23111
   2287.3   0.23114
   2288.3   0.23120
   2289.4   0.23126
   2290.4   0.23133
   2291.4   0.23139
   2292.4   0.23144
   2293.4   0.23147
   2294.4   0.23150
   2295.4   0.23154
   2296.4   0.23163
   2297.5   0.23170
   2298.5   0.23177
   2299.5   0.23185
   2300.5   0.23191
   2301.6   0.23197
   2302.6   0.23201
   2303.6   0.23210
   2304.6   0.23215
   2305.6   0.23216
   2306.7   0.23216
   2307.7   0.23221
   2308.7   0.23230
   2309.8   0.23236
   2310.8   0.23241
   2311.8   0.23245
   2312.8   0.23248
   2313.9   0.23253
   2314.9   0.23260
   2315.9   0.23269
   2317.0   0.23275
   2318.0   0.23280
   2319.1   0.23284
   2320.1   0.23290
   2321.1   0.23297
   2322.2   0.23302
   2323.2   0.23305
   2324.3   0.23310
   2325.3   0.23315
   2326.3   0.23321
   2327.4   0.23325
   2328.4   0.23327
   2329.5   0.23331
   2330.5   0.23339
   2331.6   0.23348
   2332.6   0.23354
   2333.7   0.23359
   2334.7   0.23364
   2335.8   0.23366
   2336.8   0.23372
   2337.9   0.23380
   2338.9   0.23385
   2340.0   0.23390
   2341.0   0.23397
   2342.1   0.23399
   2343.1   0.23405
   2344.2   0.23415
   2345.3   0.23423
   2346.3   0.23427
   2347.4   0.23426
   2348.5   0.23429
   2349.5   0.23436
   2350.6   0.23443
   2351.7   0.23447
   2352.7   0.23453
   2353.8   0.23458
   2354.9   0.23464
   2355.9   0.23471
   2357.0   0.23474
   2358.1   0.23475
   2359.1   0.23478
   2360.2   0.23484
   2361.3   0.23491
   2362.4   0.23498
   2363.4   0.23506
   2364.5   0.23514
   2365.6   0.23517
   2366.7   0.23518
   2367.8   0.23522
   2368.9   0.23530
   2369.9   0.23538
   2371.0   0.23544
   2372.1   0.23548
   2373.2   0.23549
   2374.3   0.23555
   2375.4   0.23557
   2376.4   0.23566
   2377.5   0.23580
   2378.6   0.23583
   2379.7   0.23582
   2380.8   0.23587
   2381.9   0.23590
   2383.0   0.23595
   2384.1   0.23599
   2385.2   0.23604
   2386.3   0.23613
   2387.4   0.23619
   2388.5   0.23624
   2389.6   0.23627
   2390.7   0.23635
   2391.8   0.23643
   2392.9   0.23650
   2394.0   0.23655
   2395.1   0.23658
   2396.2   0.23665
   2397.3   0.23670
   2398.4   0.23669
   2399.5   0.23673
   2400.6   0.23677
   2401.8   0.23682
   2402.9   0.23689
   2404.0   0.23697
   2405.1   0.23703
   2406.2   0.23707
   2407.3   0.23710
   2408.5   0.23715
   2409.6   0.23723
   2410.7   0.23734
   2411.8   0.23734
   2412.9   0.23737
   2414.1   0.23742
   2415.2   0.23753
   2416.3   0.23761
   2417.4   0.23759
   2418.6   0.23762
   2419.7   0.23771
   2420.8   0.23779
   2422.0   0.23785
   2423.1   0.23794
   2424.2   0.23798
   2425.4   0.23800
   2426.5   0.23803
   2427.6   0.23805
   2428.8   0.23811
   2429.9   0.23819
   2431.1   0.23823
   2432.2   0.23826
   2433.3   0.23835
   2434.5   0.23844
   2435.6   0.23850
   2436.8   0.23851
   2437.9   0.23858
   2439.1   0.23868
   2440.2   0.23873
   2441.4   0.23874
   2442.5   0.23877
   2443.6   0.23882
   2444.8   0.23885
   2445.9   0.23892
   2447.1   0.23899
   2448.3   0.23902
   2449.4   0.23907
   2450.6   0.23914
   2451.7   0.23923
   2452.9   0.23927
   2454.1   0.23926
   2455.2   0.23930
   2456.4   0.23936
   2457.6   0.23938
   2458.7   0.23944
   2459.9   0.23949
   2461.1   0.23958
   2462.2   0.23964
   2463.4   0.23968
   2464.6   0.23974
   2465.7   0.23977
   2466.9   0.23981
   2468.1   0.23985
   2469.3   0.23993
   2470.4   0.24002
   2471.6   0.24006
   2472.8   0.24010
   2474.0   0.24016
   2475.1   0.24021
   2476.3   0.24020
   2477.5   0.24028
   2478.7   0.24038
   2479.9   0.24045
   2481.1   0.24051
   2482.3   0.24052
   2483.4   0.24055
   2484.6   0.24063
   2485.8   0.24072
   2487.0   0.24075
   2488.2   0.24076
   2489.4   0.24085
   2490.6   0.24090
   2491.8   0.24089
   2493.0   0.24093
   2494.2   0.24099
   2495.4   0.24104
   2496.6   0.24105
   2497.8   0.24104
   2499.0   0.24109
   2500.2   0.24122
   2501.4   0.24128
   2502.6   0.24143
   2503.8   0.24147
   2505.0   0.24142
   2506.3   0.24146
   2507.5   0.24154
   2508.7   0.24152
   2509.9   0.24160
   2511.1   0.24170
   2512.3   0.24168
   2513.5   0.24169
   2514.8   0.24179
   2516.0   0.24188
   2517.2   0.24202
   2518.4   0.24210
   2519.6   0.24210
   2520.9   0.24212
   2522.1   0.24221
   2523.3   0.24226
   2524.6   0.24231
   2525.8   0.24233
   2527.0   0.24240
   2528.3   0.24248
   2529.5   0.24253
   2530.7   0.24255
   2531.9   0.24259
   2533.2   0.24263
   2534.4   0.24269
   2535.7   0.24272
   2536.9   0.24283
   2538.1   0.24291
   2539.4   0.24286
   2540.6   0.24289
   2541.9   0.24288
   2543.1   0.24294
   2544.4   0.24312
   2545.6   0.24319
   2546.9   0.24327
   2548.1   0.24335
   2549.4   0.24342
   2550.6   0.24340
   2551.9   0.24346
   2553.1   0.24352
   2554.4   0.24361
   2555.7   0.24362
   2556.9   0.24365
   2558.2   0.24364
   2559.4   0.24362
   2560.7   0.24359
   2562.0   0.24369
   2563.2   0.24383
   2564.5   0.24396
   2565.8   0.24404
   2567.1   0.24402
   2568.3   0.24400
   2569.6   0.24402
   2570.9   0.24418
   2572.1   0.24422
   2573.4   0.24409
   2574.7   0.24427
   2576.0   0.24432
   2577.3   0.24438
   2578.5   0.24454
   2579.8   0.24458
   2581.1   0.24456
   2582.4   0.24466
   2583.7   0.24451
   2585.0   0.24469
   2586.3   0.24480
   2587.5   0.24478
   2588.8   0.24495
   2590.1   0.24503
   2591.4   0.24499
   2592.7   0.24493
   2594.0   0.24476
   2595.3   0.24492
   2596.6   0.24538
   2597.9   0.24535
   2599.2   0.24535
   2600.5   0.24539
   2601.8   0.24540
   2603.1   0.24545
   2604.4   0.24542
   2605.7   0.24544
   2607.1   0.24569
   2608.4   0.24574
   2609.7   0.24569
   2611.0   0.24574
   2612.3   0.24582
   2613.6   0.24589
   2614.9   0.24590
   2616.3   0.24575
   2617.6   0.24589
   2618.9   0.24608
   2620.2   0.24594
   2621.6   0.24615
   2622.9   0.24628
   2624.2   0.24625
   2625.5   0.24623
   2626.9   0.24619
   2628.2   0.24638
   2629.5   0.24631
   2630.9   0.24638
   2632.2   0.24665
   2633.5   0.24658
   2634.9   0.24664
   2636.2   0.24675
   2637.6   0.24672
   2638.9   0.24672
   2640.2   0.24675
   2641.6   0.24679
   2642.9   0.24690
   2644.3   0.24690
   2645.6   0.24685
   2647.0   0.24693
   2648.3   0.24704
   2649.7   0.24709
   2651.0   0.24706
   2652.4   0.24703
   2653.8   0.24714
   2655.1   0.24717
   2656.5   0.24716
   2657.8   0.24724
   2659.2   0.24721
   2660.6   0.24726
   2661.9   0.24735
   2663.3   0.24731
   2664.7   0.24714
   2666.0   0.24722
   2667.4   0.24737
   2668.8   0.24735
   2670.1   0.24698
   2671.5   0.24722
   2672.9   0.24728
   2674.3   0.24698
   2675.7   0.24677
   2677.0   0.24675
   2678.4   0.24686
   2679.8   0.24683
   2681.2   0.24689
   2682.6   0.24674
   2684.0   0.24673
   2685.4   0.24676
   2686.8   0.24667
   2688.1   0.24663
   2689.5   0.24663
   2690.9   0.24661
   2692.3   0.24647
   2693.7   0.24631
   2695.1   0.24642
   2696.5   0.24645
   2697.9   0.24643
   2699.3   0.24628
   2700.8   0.24616
   2702.1   0.24615
   2703.6   0.24619
   2705.0   0.24607
   2706.4   0.24598
   2707.8   0.24577
   2709.2   0.24561
   2710.6   0.24548
   2712.1   0.24551
   2713.5   0.24543
   2714.9   0.24512
   2716.3   0.24486
   2717.7   0.24473
   2719.2   0.24461
   2720.6   0.24441
   2722.0   0.24437
   2723.4   0.24399
   2724.9   0.24363
   2726.3   0.24356
   2727.7   0.24326
   2729.2   0.24295
   2730.6   0.24268
   2732.1   0.24241
   2733.5   0.24209
   2734.9   0.24170
   2736.4   0.24145
   2737.8   0.24112
   2739.3   0.24065
   2740.7   0.24041
   2742.2   0.24024
   2743.6   0.23996
   2745.1   0.23951
   2746.5   0.23911
   2748.0   0.23878
   2749.4   0.23843
   2750.9   0.23801
   2752.4   0.23765
   2753.8   0.23721
   2755.3   0.23673
   2756.7   0.23653
   2758.2   0.23623
   2759.7   0.23578
   2761.1   0.23540
   2762.6   0.23499
   2764.1   0.23472
   2765.6   0.23436
   2767.0   0.23389
   2768.5   0.23354
   2770.0   0.23326
   2771.5   0.23297
   2773.0   0.23273
   2774.4   0.23237
   2775.9   0.23202
   2777.4   0.23171
   2778.9   0.23146
   2780.4   0.23117
   2781.9   0.23090
   2783.4   0.23058
   2784.9   0.23030
   2786.4   0.23003
   2787.9   0.22983
   2789.4   0.22963
   2790.9   0.22939
   2792.4   0.22911
   2793.9   0.22890
   2795.4   0.22871
   2796.9   0.22855
   2798.4   0.22833
   2799.9   0.22810
   2801.4   0.22784
   2802.9   0.22763
   2804.4   0.22756
   2806.0   0.22745
   2807.5   0.22724
   2809.0   0.22712
   2810.5   0.22700
   2812.1   0.22689
   2813.6   0.22672
   2815.1   0.22657
   2816.6   0.22647
   2818.2   0.22640
   2819.7   0.22634
   2821.2   0.22634
   2822.8   0.22627
   2824.3   0.22615
   2825.9   0.22601
   2827.4   0.22594
   2828.9   0.22589
   2830.5   0.22588
   2832.0   0.22583
   2833.6   0.22577
   2835.1   0.22571
   2836.7   0.22565
   2838.2   0.22561
   2839.8   0.22565
   2841.3   0.22563
   2842.9   0.22555
   2844.4   0.22550
   2846.0   0.22546
   2847.6   0.22539
   2849.1   0.22540
   2850.7   0.22540
   2852.3   0.22535
   2853.8   0.22531
   2855.4   0.22533
   2857.0   0.22528
   2858.6   0.22522
   2860.1   0.22522
   2861.7   0.22528
   2863.3   0.22523
   2864.9   0.22520
   2866.5   0.22519
   2868.1   0.22517
   2869.6   0.22519
   2871.2   0.22524
   2872.8   0.22524
   2874.4   0.22519
   2876.0   0.22512
   2877.6   0.22515
   2879.2   0.22520
   2880.8   0.22523
   2882.4   0.22518
   2884.0   0.22519
   2885.6   0.22525
   2887.2   0.22529
   2888.8   0.22531
   2890.4   0.22535
   2892.0   0.22536
   2893.7   0.22534
   2895.3   0.22529
   2896.9   0.22530
   2898.5   0.22536
   2900.1   0.22537
   2901.8   0.22533
   2903.4   0.22538
   2905.0   0.22542
   2906.6   0.22547
   2908.3   0.22546
   2909.9   0.22549
   2911.5   0.22551
   2913.2   0.22552
   2914.8   0.22552
   2916.4   0.22553
   2918.1   0.22558
   2919.7   0.22568
   2921.4   0.22570
   2923.0   0.22569
   2924.7   0.22568
   2926.3   0.22570
   2928.0   0.22574
   2929.6   0.22579
   2931.3   0.22582
   2932.9   0.22587
   2934.6   0.22588
   2936.3   0.22593
   2937.9   0.22597
   2939.6   0.22599
   2941.3   0.22601
   2942.9   0.22606
   2944.6   0.22616
   2946.3   0.22628
   2947.9   0.22632
   2949.6   0.22635
   2951.3   0.22640
   2953.0   0.22646
   2954.7   0.22649
   2956.3   0.22653
   2958.0   0.22662
   2959.7   0.22673
   2961.4   0.22678
   2963.1   0.22689
   2964.8   0.22694
   2966.5   0.22693
   2968.2   0.22701
   2969.9   0.22714
   2971.6   0.22722
   2973.3   0.22732
   2975.0   0.22738
   2976.7   0.22745
   2978.4   0.22756
   2980.1   0.22768
   2981.8   0.22776
   2983.6   0.22780
   2985.3   0.22785
   2987.0   0.22794
   2988.7   0.22807
   2990.4   0.22818
   2992.2   0.22828
   2993.9   0.22839
   2995.6   0.22845
   2997.4   0.22854
   2999.1   0.22863
   3000.8   0.22873
   3002.6   0.22886
   3004.3   0.22898
   3006.0   0.22908
   3007.8   0.22919
   3009.5   0.22925
   3011.3   0.22931
   3013.0   0.22939
   3014.8   0.22950
   3016.5   0.22960
   3018.3   0.22973
   3020.1   0.22984
   3021.8   0.22994
   3023.6   0.23005
   3025.3   0.23016
   3027.1   0.23022
   3028.9   0.23033
   3030.6   0.23039
   3032.4   0.23050
   3034.2   0.23061
   3036.0   0.23067
   3037.7   0.23074
   3039.5   0.23087
   3041.3   0.23099
   3043.1   0.23109
   3044.9   0.23115
   3046.7   0.23123
   3048.5   0.23128
   3050.3   0.23137
   3052.1   0.23144
   3053.8   0.23149
   3055.6   0.23154
   3057.4   0.23161
   3059.3   0.23171
   3061.1   0.23183
   3062.9   0.23192
   3064.7   0.23202
   3066.5   0.23206
   3068.3   0.23216
   3070.1   0.23222
   3071.9   0.23222
   3073.8   0.23230
   3075.6   0.23239
   3077.4   0.23244
   3079.2   0.23252
   3081.1   0.23259
   3082.9   0.23266
   3084.7   0.23276
   3086.6   0.23286
   3088.4   0.23291
   3090.2   0.23301
   3092.1   0.23314
   3093.9   0.23323
   3095.8   0.23331
   3097.6   0.23341
   3099.5   0.23352
   3101.3   0.23364
   3103.2   0.23374
   3105.1   0.23386
   3106.9   0.23394
   3108.8   0.23404
   3110.6   0.23415
   3112.5   0.23429
   3114.4   0.23442
   3116.2   0.23454
   3118.1   0.23464
   3120.0   0.23474
   3121.9   0.23482
   3123.8   0.23493
   3125.6   0.23505
   3127.5   0.23518
   3129.4   0.23526
   3131.3   0.23536
   3133.2   0.23550
   3135.1   0.23563
   3137.0   0.23570
   3138.9   0.23583
   3140.8   0.23595
   3142.7   0.23608
   3144.6   0.23620
   3146.5   0.23633
   3148.4   0.23645
   3150.3   0.23657
   3152.2   0.23667
   3154.1   0.23682
   3156.1   0.23694
   3158.0   0.23706
   3159.9   0.23718
   3161.9   0.23730
   3163.8   0.23742
   3165.7   0.23757
   3167.6   0.23769
   3169.6   0.23778
   3171.5   0.23784
   3173.4   0.23800
   3175.4   0.23817
   3177.3   0.23830
   3179.3   0.23840
   3181.2   0.23852
   3183.2   0.23868
   3185.1   0.23882
   3187.1   0.23895
   3189.1   0.23908
   3191.0   0.23917
   3193.0   0.23929
   3195.0   0.23943
   3196.9   0.23957
   3198.9   0.23972
   3200.9   0.23988
   3202.9   0.23995
   3204.8   0.24004
   3206.8   0.24019
   3208.8   0.24034
   3210.8   0.24046
   3212.8   0.24063
   3214.8   0.24075
   3216.8   0.24084
   3218.8   0.24095
   3220.8   0.24110
   3222.8   0.24120
   3224.8   0.24133
   3226.8   0.24148
   3228.8   0.24164
   3230.8   0.24174
   3232.8   0.24185
   3234.8   0.24200
   3236.8   0.24215
   3238.9   0.24223
   3240.9   0.24234
   3242.9   0.24246
   3244.9   0.24258
   3247.0   0.24265
   3249.0   0.24277
   3251.1   0.24295
   3253.1   0.24312
   3255.1   0.24325
   3257.2   0.24337
   3259.2   0.24347
   3261.3   0.24359
   3263.3   0.24373
   3265.4   0.24388
   3267.4   0.24400
   3269.5   0.24411
   3271.6   0.24420
   3273.6   0.24435
   3275.7   0.24448
   3277.8   0.24457
   3279.8   0.24467
   3281.9   0.24480
   3284.0   0.24488
   3286.1   0.24498
   3288.2   0.24510
   3290.2   0.24526
   3292.3   0.24539
   3294.4   0.24548
   3296.5   0.24555
   3298.6   0.24569
   3300.7   0.24582
   3302.8   0.24596
   3304.9   0.24604
   3307.0   0.24611
   3309.1   0.24624
   3311.3   0.24638
   3313.4   0.24646
   3315.5   0.24656
   3317.6   0.24663
   3319.7   0.24674
   3321.9   0.24685
   3324.0   0.24701
   3326.1   0.24716
   3328.3   0.24725
   3330.4   0.24734
   3332.5   0.24745
   3334.7   0.24750
   3336.8   0.24759
   3339.0   0.24773
   3341.1   0.24782
   3343.3   0.24790
   3345.4   0.24799
   3347.6   0.24811
   3349.8   0.24827
   3351.9   0.24833
   3354.1   0.24836
   3356.3   0.24843
   3358.4   0.24858
   3360.6   0.24871
   3362.8   0.24879
   3365.0   0.24886
   3367.2   0.24895
   3369.4   0.24904
   3371.5   0.24920
   3373.7   0.24935
   3375.9   0.24952
   3378.1   0.24967
   3380.3   0.24985
   3382.5   0.25005
   3384.7   0.25025
   3386.9   0.25036
   3389.2   0.25049
   3391.4   0.25057
   3393.6   0.25064
   3395.8   0.25072
   3398.1   0.25086
   3400.3   0.25101
   3402.5   0.25117
   3404.7   0.25131
   3407.0   0.25143
   3409.2   0.25160
   3411.5   0.25181
   3413.7   0.25199
   3416.0   0.25220
   3418.2   0.25241
   3420.5   0.25261
   3422.7   0.25279
   3425.0   0.25296
   3427.3   0.25304
   3429.5   0.25307
   3431.8   0.25302
   3434.1   0.25299
   3436.3   0.25303
   3438.6   0.25311
   3440.9   0.25316
   3443.2   0.25324
   3445.5   0.25331
   3447.8   0.25339
   3450.1   0.25348
   3452.4   0.25355
   3454.6   0.25362
   3456.9   0.25370
   3459.3   0.25375
   3461.6   0.25385
   3463.9   0.25391
   3466.2   0.25395
   3468.5   0.25398
   3470.8   0.25404
   3473.2   0.25416
   3475.5   0.25429
   3477.8   0.25438
   3480.1   0.25451
   3482.5   0.25465
   3484.8   0.25478
   3487.2   0.25486
   3489.5   0.25497
   3491.9   0.25506
   3494.2   0.25517
   3496.6   0.25532
   3498.9   0.25552
   3501.3   0.25572
   3503.7   0.25597
   3506.0   0.25622
   3508.4   0.25641
   3510.8   0.25648
   3513.2   0.25645
   3515.5   0.25637
   3517.9   0.25639
   3520.3   0.25639
   3522.7   0.25641
   3525.1   0.25648
   3527.5   0.25657
   3529.9   0.25667
   3532.3   0.25678
   3534.7   0.25688
   3537.1   0.25697
   3539.5   0.25701
   3541.9   0.25712
   3544.4   0.25726
   3546.8   0.25740
   3549.2   0.25750
   3551.7   0.25755
   3554.1   0.25762
   3556.5   0.25772
   3559.0   0.25779
   3561.4   0.25788
   3563.9   0.25797
   3566.3   0.25809
   3568.8   0.25818
   3571.2   0.25827
   3573.7   0.25834
   3576.1   0.25843
   3578.6   0.25853
   3581.1   0.25865
   3583.6   0.25873
   3586.0   0.25880
   3588.5   0.25888
   3591.0   0.25898
   3593.5   0.25906
   3596.0   0.25916
   3598.5   0.25922
   3601.0   0.25931
   3603.5   0.25939
   3606.0   0.25948
   3608.5   0.25958
   3611.0   0.25969
   3613.5   0.25976
   3616.1   0.25984
   3618.6   0.25991
   3621.1   0.26000
   3623.6   0.26006
   3626.2   0.26014
   3628.7   0.26020
   3631.3   0.26032
   3633.8   0.26041
   3636.3   0.26046
   3638.9   0.26053
   3641.4   0.26063
   3644.0   0.26073
   3646.6   0.26081
   3649.1   0.26087
   3651.7   0.26099
   3654.3   0.26108
   3656.9   0.26116
   3659.4   0.26123
   3662.0   0.26130
   3664.6   0.26137
   3667.2   0.26144
   3669.8   0.26152
   3672.4   0.26161
   3675.0   0.26168
   3677.6   0.26178
   3680.2   0.26187
   3682.8   0.26195
   3685.4   0.26199
   3688.1   0.26207
   3690.7   0.26212
   3693.3   0.26221
   3695.9   0.26231
   3698.6   0.26240
   3701.2   0.26247
   3703.9   0.26257
   3706.5   0.26263
   3709.2   0.26271
   3711.8   0.26278
   3714.5   0.26285
   3717.1   0.26291
   3719.8   0.26299
   3722.5   0.26307
   3725.2   0.26319
   3727.8   0.26328
   3730.5   0.26334
   3733.2   0.26340
   3735.9   0.26348
   3738.6   0.26353
   3741.3   0.26361
   3744.0   0.26370
   3746.7   0.26380
   3749.4   0.26387
   3752.1   0.26393
   3754.8   0.26396
   3757.6   0.26404
   3760.3   0.26409
   3763.0   0.26413
   3765.7   0.26416
   3768.5   0.26430
   3771.2   0.26441
   3774.0   0.26445
   3776.7   0.26447
   3779.5   0.26452
   3782.2   0.26455
   3785.0   0.26463
   3787.7   0.26470
   3790.5   0.26475
   3793.3   0.26480
   3796.1   0.26485
   3798.8   0.26491
   3801.6   0.26499
   3804.4   0.26505
   3807.2   0.26510
   3810.0   0.26511
   3812.8   0.26515
   3815.6   0.26519
   3818.4   0.26527
   3821.2   0.26531
   3824.1   0.26533
   3826.9   0.26536
   3829.7   0.26543
   3832.5   0.26545
   3835.4   0.26549
   3838.2   0.26550
   3841.1   0.26553
   3843.9   0.26556
   3846.8   0.26561
   3849.6   0.26561
   3852.5   0.26563
   3855.3   0.26567
   3858.2   0.26570
   3861.1   0.26572
   3863.9   0.26577
   3866.8   0.26580
   3869.7   0.26585
   3872.6   0.26588
   3875.5   0.26594
   3878.4   0.26597
   3881.3   0.26598
   3884.2   0.26597
   3887.1   0.26601
   3890.0   0.26602
   3893.0   0.26607
   3895.9   0.26609
   3898.8   0.26611
   3901.7   0.26612
   3904.7   0.26615
   3907.6   0.26615
   3910.6   0.26618
   3913.5   0.26619
   3916.5   0.26621
   3919.4   0.26622
   3922.4   0.26623
   3925.4   0.26623
   3928.4   0.26627
   3931.3   0.26627
   3934.3   0.26629
   3937.3   0.26629
   3940.3   0.26632
   3943.3   0.26631
   3946.3   0.26632
   3949.3   0.26631
   3952.3   0.26634
   3955.3   0.26634
   3958.3   0.26636
   3961.4   0.26634
   3964.4   0.26634
   3967.4   0.26635
   3970.5   0.26635
   3973.5   0.26630
   3976.6   0.26630
   3979.6   0.26632
   3982.6   0.26632
   3985.7   0.26630
   3988.8   0.26630
   3991.9   0.26631
   3994.9   0.26632
   3998.0   0.26628
   4001.1   0.26630
   4004.2   0.26628
   4007.3   0.26630
   4010.4   0.26629
   4013.5   0.26627
   4016.6   0.26622
   4019.7   0.26624
   4022.8   0.26621
   4025.9   0.26618
   4029.1   0.26616
   4032.2   0.26618
   4035.3   0.26619
   4038.5   0.26621
   4041.6   0.26617
   4044.8   0.26614
   4047.9   0.26611
   4051.1   0.26610
   4054.3   0.26608
   4057.4   0.26607
   4060.6   0.26605
   4063.8   0.26605
   4067.0   0.26602
   4070.2   0.26601
   4073.4   0.26596
   4076.6   0.26593
   4079.8   0.26591
   4083.0   0.26590
   4086.2   0.26586
   4089.4   0.26586
   4092.7   0.26581
   4095.9   0.26583
   4099.1   0.26581
   4102.4   0.26576
   4105.6   0.26571
   4108.9   0.26569
   4112.1   0.26565
   4115.4   0.26563
   4118.7   0.26560
   4122.0   0.26560
   4125.2   0.26555
   4128.5   0.26550
   4131.8   0.26544
   4135.1   0.26542
   4138.4   0.26539
   4141.7   0.26536
   4145.0   0.26531
   4148.3   0.26527
   4151.6   0.26524
   4155.0   0.26525
   4158.3   0.26521
   4161.6   0.26516
   4165.0   0.26510
   4168.3   0.26506
   4171.7   0.26499
   4175.0   0.26494
   4178.4   0.26491
   4181.8   0.26489
   4185.2   0.26485
   4188.5   0.26482
   4191.9   0.26473
   4195.3   0.26467
   4198.7   0.26461
   4202.1   0.26456
   4205.5   0.26445
   4208.9   0.26439
   4212.4   0.26432
   4215.8   0.26425
   4219.2   0.26413
   4222.6   0.26405
   4226.1   0.26394
   4229.5   0.26383
   4233.0   0.26371
   4236.5   0.26364
   4239.9   0.26354
   4243.4   0.26344
   4246.9   0.26332
   4250.3   0.26323
   4253.8   0.26311
   4257.3   0.26298
   4260.8   0.26281
   4264.3   0.26267
   4267.8   0.26248
   4271.4   0.26232
   4274.9   0.26214
   4278.4   0.26196
   4281.9   0.26175
   4285.5   0.26156
   4289.0   0.26133
   4292.6   0.26113
   4296.1   0.26088
   4299.7   0.26062
   4303.3   0.26033
   4306.8   0.26010
   4310.4   0.25986
   4314.0   0.25963
   4317.6   0.25938
   4321.2   0.25917
   4324.8   0.25897
   4328.4   0.25879
   4332.0   0.25856
   4335.6   0.25836
   4339.3   0.25812
   4342.9   0.25794
   4346.5   0.25775
   4350.2   0.25757
   4353.8   0.25736
   4357.5   0.25715
   4361.1   0.25693
   4364.8   0.25674
   4368.5   0.25651
   4372.2   0.25634
   4375.9   0.25614
   4379.6   0.25598
   4383.3   0.25580
   4387.0   0.25562
   4390.7   0.25543
   4394.4   0.25525
   4398.1   0.25507
   4401.9   0.25496
   4405.6   0.25479
   4409.4   0.25468
   4413.1   0.25457
   4416.9   0.25448
   4420.6   0.25436
   4424.4   0.25429
   4428.2   0.25421
   4432.0   0.25414
   4435.8   0.25403
   4439.6   0.25398
   4443.4   0.25387
   4447.2   0.25380
   4451.0   0.25373
   4454.8   0.25363
   4458.6   0.25349
   4462.5   0.25339
   4466.3   0.25325
   4470.2   0.25314
   4474.0   0.25298
   4477.9   0.25285
   4481.8   0.25266
   4485.6   0.25250
   4489.5   0.25228
   4493.4   0.25211
   4497.3   0.25189
   4501.2   0.25168
   4505.1   0.25142
   4509.0   0.25117
   4513.0   0.25093
   4516.9   0.25070
   4520.8   0.25041
   4524.8   0.25013
   4528.7   0.24984
   4532.7   0.24956
   4536.7   0.24924
   4540.6   0.24892
   4544.6   0.24857
   4548.6   0.24826
   4552.6   0.24791
   4556.6   0.24756
   4560.6   0.24715
   4564.6   0.24675
   4568.6   0.24633
   4572.7   0.24596
   4576.7   0.24554
   4580.8   0.24509
   4584.8   0.24462
   4588.9   0.24419
   4592.9   0.24370
   4597.0   0.24324
   4601.1   0.24273
   4605.2   0.24222
   4609.3   0.24169
   4613.4   0.24115
   4617.5   0.24055
   4621.6   0.23999
   4625.7   0.23942
   4629.8   0.23889
   4634.0   0.23830
   4638.1   0.23772
   4642.3   0.23716
   4646.4   0.23669
   4650.6   0.23619
   4654.8   0.23572
   4659.0   0.23525
   4663.1   0.23483
   4667.3   0.23441
   4671.5   0.23401
   4675.8   0.23356
   4680.0   0.23313
   4684.2   0.23269
   4688.4   0.23225
   4692.7   0.23176
   4696.9   0.23134
   4701.2   0.23087
   4705.5   0.23041
   4709.7   0.22992
   4714.0   0.22943
   4718.3   0.22893
   4722.6   0.22848
   4726.9   0.22797
   4731.2   0.22750
   4735.5   0.22699
   4739.9   0.22653
   4744.2   0.22607
   4748.5   0.22563
   4752.9   0.22516
   4757.3   0.22474
   4761.6   0.22428
   4766.0   0.22388
   4770.4   0.22343
   4774.8   0.22306
   4779.2   0.22269
   4783.6   0.22231
   4788.0   0.22193
   4792.4   0.22158
   4796.9   0.22117
   4801.3   0.22077
   4805.8   0.22035
   4810.2   0.21995
   4814.7   0.21948
   4819.1   0.21904
   4823.6   0.21858
   4828.1   0.21812
   4832.6   0.21765
   4837.1   0.21718
   4841.6   0.21664
   4846.2   0.21616
   4850.7   0.21567
   4855.3   0.21519
   4859.8   0.21466
   4864.4   0.21414
   4868.9   0.21361
   4873.5   0.21310
   4878.1   0.21255
   4882.7   0.21204
   4887.3   0.21147
   4891.9   0.21092
   4896.5   0.21036
   4901.1   0.20980
   4905.8   0.20920
   4910.4   0.20867
   4915.1   0.20807
   4919.7   0.20747
   4924.4   0.20682
   4929.1   0.20624
   4933.8   0.20565
   4938.5   0.20507
   4943.2   0.20447
   4947.9   0.20389
   4952.6   0.20328
   4957.4   0.20271
   4962.1   0.20209
   4966.9   0.20148
   4971.6   0.20088
   4976.4   0.20031
   4981.2   0.19969
   4986.0   0.19911
   4990.8   0.19850
   4995.6   0.19794
   5000.4   0.19733
   5005.2   0.19671
   5010.0   0.19608
   5014.9   0.19546
   5019.8   0.19483
   5024.6   0.19423
   5029.5   0.19360
   5034.4   0.19304
   5039.3   0.19245
   5044.2   0.19189
   5049.1   0.19129
   5054.0   0.19073
   5058.9   0.19014
   5063.9   0.18963
   5068.8   0.18909
   5073.8   0.18857
   5078.8   0.18803
   5083.7   0.18750
   5088.7   0.18696
   5093.7   0.18647
   5098.7   0.18593
   5103.7   0.18538
   5108.8   0.18478
   5113.8   0.18421
   5118.9   0.18361
   5123.9   0.18297
   5129.0   0.18229
   5134.1   0.18165
   5139.1   0.18095
   5144.3   0.18029
   5149.4   0.17958
   5154.5   0.17892
   5159.6   0.17824
   5164.7   0.17760
   5169.9   0.17697
   5175.0   0.17636
   5180.2   0.17574
   5185.4   0.17516
   5190.6   0.17457
   5195.8   0.17400
   5201.0   0.17345
   5206.2   0.17294
   5211.5   0.17240
   5216.7   0.17187
   5222.0   0.17132
   5227.2   0.17081
   5232.5   0.17025
   5237.8   0.16971
   5243.1   0.16913
   5248.4   0.16857
   5253.7   0.16799
   5259.0   0.16743
   5264.4   0.16682
   5269.7   0.16626
   5275.1   0.16569
   5280.5   0.16513
   5285.8   0.16458
   5291.2   0.16405
   5296.6   0.16350
   5302.0   0.16302
   5307.5   0.16258
   5312.9   0.16216
   5318.4   0.16171
   5323.8   0.16132
   5329.3   0.16094
   5334.8   0.16057
   5340.3   0.16016
   5345.8   0.15973
   5351.3   0.15930
   5356.8   0.15886
   5362.4   0.15836
   5367.9   0.15785
   5373.5   0.15727
   5379.0   0.15672
   5384.6   0.15617
   5390.2   0.15562
   5395.8   0.15507
   5401.5   0.15457
   5407.1   0.15401
   5412.7   0.15351
   5418.4   0.15306
   5424.1   0.15267
   5429.7   0.15227
   5435.4   0.15190
   5441.1   0.15157
   5446.9   0.15129
   5452.6   0.15104
   5458.3   0.15088
   5464.1   0.15071
   5469.8   0.15063
   5475.6   0.15058
   5481.4   0.15058
   5487.2   0.15057
   5493.0   0.15058
   5498.8   0.15062
   5504.7   0.15070
   5510.5   0.15072
   5516.4   0.15081
   5522.3   0.15090
   5528.1   0.15098
   5534.0   0.15102
   5540.0   0.15111
   5545.9   0.15115
   5551.8   0.15120
   5557.8   0.15115
   5563.7   0.15107
   5569.7   0.15097
   5575.7   0.15088
   5581.7   0.15068
   5587.7   0.15043
   5593.7   0.15013
   5599.8   0.14988
   5605.8   0.14953
   5611.9   0.14917
   5618.0   0.14880
   5624.1   0.14841
   5630.2   0.14796
   5636.3   0.14757
   5642.4   0.14713
   5648.6   0.14673
   5654.7   0.14632
   5660.9   0.14593
   5667.1   0.14553
   5673.3   0.14522
   5679.5   0.14490
   5685.7   0.14463
   5692.0   0.14434
   5698.2   0.14410
   5704.5   0.14381
   5710.8   0.14356
   5717.1   0.14324
   5723.4   0.14290
   5729.7   0.14254
   5736.0   0.14217
   5742.4   0.14171
   5748.8   0.14126
   5755.1   0.14066
   5761.5   0.14013
   5768.0   0.13952
   5774.4   0.13885
   5780.8   0.13814
   5787.3   0.13746
   5793.7   0.13670
   5800.2   0.13601
   5806.7   0.13525
   5813.2   0.13451
   5819.8   0.13373
   5826.3   0.13297
   5832.8   0.13218
   5839.4   0.13142
   5846.0   0.13063
   5852.6   0.12988
   5859.2   0.12910
   5865.8   0.12833
   5872.5   0.12756
   5879.1   0.12687
   5885.8   0.12605
   5892.5   0.12528
   5899.2   0.12445
   5905.9   0.12366
   5912.6   0.12286
   5919.4   0.12208
   5926.2   0.12129
   5932.9   0.12055
   5939.7   0.11970
   5946.5   0.11887
   5953.4   0.11804
   5960.2   0.11726
   5967.1   0.11649
   5974.0   0.11570
   5980.8   0.11489
   5987.8   0.11419
   5994.7   0.11346
   6001.6   0.11279
   6008.6   0.11217
   6015.5   0.11165
   6022.5   0.11115
   6029.5   0.11073
   6036.5   0.11033
   6043.6   0.11002
   6050.6   0.10980
   6057.7   0.10961
   6064.8   0.10938
   6071.9   0.10926
   6079.0   0.10910
   6086.1   0.10894
   6093.3   0.10874
   6100.5   0.10857
   6107.6   0.10839
   6114.8   0.10825
   6122.1   0.10800
   6129.3   0.10774
   6136.5   0.10751
   6143.8   0.10733
   6151.1   0.10711
   6158.4   0.10690
   6165.7   0.10668
   6173.1   0.10648
   6180.4   0.10632
   6187.8   0.10624
   6195.2   0.10612
   6202.6   0.10602
   6210.0   0.10592
   6217.5   0.10584
   6225.0   0.10575
   6232.4   0.10566
   6239.9   0.10557
   6247.5   0.10551
   6255.0   0.10542
   6262.5   0.10534
   6270.1   0.10524
   6277.7   0.10515
   6285.3   0.10503
   6293.0   0.10492
   6300.6   0.10482
   6308.3   0.10476
   6315.9   0.10471
   6323.6   0.10470
   6331.4   0.10474
   6339.1   0.10482
   6346.9   0.10491
   6354.6   0.10497
   6362.4   0.10504
   6370.3   0.10519
   6378.1   0.10534
   6385.9   0.10545
   6393.8   0.10553
   6401.7   0.10559
   6409.6   0.10565
   6417.5   0.10572
   6425.5   0.10558
   6433.5   0.10543
   6441.5   0.10529
   6449.5   0.10511
   6457.5   0.10488
   6465.6   0.10468
   6473.6   0.10445
   6481.7   0.10422
   6489.8   0.10401
   6498.0   0.10378
   6506.1   0.10350
   6514.3   0.10327
   6522.5   0.10305
   6530.7   0.10281
   6539.0   0.10258
   6547.2   0.10236
   6555.5   0.10210
   6563.8   0.10186
   6572.1   0.10159
   6580.4   0.10131
   6588.8   0.10100
   6597.2   0.10067
   6605.6   0.10036
   6614.0   0.10011
   6622.5   0.09983
   6630.9   0.09962
   6639.4   0.09944
   6647.9   0.09922
   6656.5   0.09898
   6665.0   0.09882
   6673.6   0.09870
   6682.2   0.09862
   6690.8   0.09847
   6699.5   0.09833
   6708.1   0.09819
   6716.8   0.09805
   6725.5   0.09788
   6734.3   0.09768
   6743.0   0.09746
   6751.8   0.09722
   6760.6   0.09691
   6769.4   0.09665
   6778.3   0.09638
   6787.1   0.09611
   6796.0   0.09579
   6805.0   0.09546
   6813.9   0.09515
   6822.9   0.09490
   6831.9   0.09461
   6840.9   0.09433
   6849.9   0.09406
   6859.0   0.09384
   6868.0   0.09354
   6877.2   0.09323
   6886.3   0.09298
   6895.5   0.09275
   6904.6   0.09247
   6913.8   0.09218
   6923.1   0.09184
   6932.3   0.09152
   6941.6   0.09117
   6950.9   0.09080
   6960.2   0.09042
   6969.6   0.09000
   6979.0   0.08956
   6988.4   0.08913
   6997.8   0.08865
   7007.3   0.08821
   7016.8   0.08774
   7026.3   0.08727
   7035.8   0.08681
   7045.4   0.08636
   7054.9   0.08585
   7064.5   0.08535
   7074.2   0.08484
   7083.9   0.08438
   7093.5   0.08389
   7103.3   0.08340
   7113.0   0.08289
   7122.8   0.08238
   7132.6   0.08185
   7142.4   0.08136
   7152.2   0.08082
   7162.1   0.08026
   7172.0   0.07966
   7182.0   0.07906
   7191.9   0.07843
   7201.9   0.07783
   7211.9   0.07718
   7222.0   0.07655
   7232.0   0.07587
   7242.1   0.07522
   7252.3   0.07452
   7262.4   0.07387
   7272.6   0.07321
   7282.8   0.07255
   7293.1   0.07185
   7303.3   0.07118
   7313.6   0.07047
   7324.0   0.06976
   7334.3   0.06900
   7344.7   0.06823
   7355.1   0.06744
   7365.6   0.06666
   7376.1   0.06585
   7386.6   0.06506
   7397.1   0.06423
   7407.7   0.06343
   7418.3   0.06256
   7428.9   0.06172
   7439.6   0.06085
   7450.2   0.06001
   7461.0   0.05915
   7471.7   0.05833
   7482.5   0.05747
   7493.3   0.05661
   7504.2   0.05573
   7515.0   0.05488
   7525.9   0.05397
   7536.9   0.05311
   7547.9   0.05222
   7558.9   0.05134
   7569.9   0.05042
   7581.0   0.04957
   7592.0   0.04865
   7603.2   0.04778
   7614.4   0.04686
   7625.5   0.04599
   7636.8   0.04507
   7648.0   0.04414
   7659.3   0.04316
   7670.7   0.04220
   7682.0   0.04120
   7693.4   0.04021
   7704.9   0.03918
   7716.3   0.03817
   7727.8   0.03710
   7739.4   0.03608
   7750.9   0.03503
   7762.5   0.03404
   7774.2   0.03298
   7785.8   0.03193
   7797.5   0.03083
   7809.3   0.02984
   7821.1   0.02880
   7832.9   0.02777
   7844.7   0.02670
   7856.6   0.02572
   7868.5   0.02469
   7880.5   0.02368
   7892.5   0.02263
   7904.5   0.02168
   7916.6   0.02070
   7928.7   0.01978
   7940.8   0.01883
   7953.0   0.01793
   7965.2   0.01703
   7977.5   0.01623
   7989.8   0.01540
   8002.1   0.01463
   8014.5   0.01388
   8026.9   0.01321
   8039.3   0.01256
   8051.8   0.01200
   8064.3   0.01141
   8076.9   0.01096
   8089.5   0.01048
   8102.1   0.01008
   8114.8   0.00969
   8127.5   0.00944
   8140.3   0.00922
   8153.1   0.00909
   8165.9   0.00894
   8178.8   0.00889
   8191.7   0.00886
   8204.7   0.00895
   8217.7   0.00905
   8230.7   0.00923
   8243.8   0.00941
   8257.0   0.00972
   8270.1   0.01003
   8283.3   0.01042
   8296.6   0.01072
   8309.9   0.01106
   8323.2   0.01138
   8336.6   0.01173
   8350.0   0.01199
   8363.5   0.01229
   8377.0   0.01253
   8390.5   0.01274
   8404.2   0.01293
   8417.8   0.01321
   8431.5   0.01343
   8445.2   0.01363
   8459.0   0.01374
   8472.8   0.01387
   8486.7   0.01391
   8500.6   0.01396
   8514.5   0.01400
   8528.5   0.01409
   8542.6   0.01410
   8556.7   0.01414
   8570.8   0.01413
   8585.0   0.01420
   8599.3   0.01422
   8613.5   0.01422
   8627.9   0.01417
   8642.3   0.01419
   8656.7   0.01418
   8671.2   0.01420
   8685.7   0.01416
   8700.3   0.01414
   8714.9   0.01413
   8729.5   0.01417
   8744.3   0.01415
   8759.0   0.01416
   8773.9   0.01406
   8788.7   0.01402
   8803.7   0.01395
   8818.6   0.01395
   8833.7   0.01390
   8848.7   0.01388
   8863.8   0.01382
   8879.0   0.01381
   8894.3   0.01375
   8909.5   0.01374
   8924.9   0.01369
   8940.3   0.01368
   8955.7   0.01366
   8971.2   0.01365
   8986.8   0.01359
   9002.3   0.01360
   9018.0   0.01355
   9033.7   0.01347
   9049.5   0.01340
   9065.3   0.01338
   9081.2   0.01329
   9097.1   0.01320
   9113.1   0.01304
   9129.1   0.01290
   9145.2   0.01273
   9161.4   0.01259
   9177.6   0.01241
   9193.9   0.01233
   9210.2   0.01226
   9226.6   0.01221
   9243.0   0.01215
   9259.5   0.01215
   9276.1   0.01211
   9292.7   0.01213
   9309.4   0.01211
   9326.2   0.01214
   9343.0   0.01216
   9359.8   0.01218
   9376.8   0.01214
   9393.8   0.01218
   9410.8   0.01218
   9427.9   0.01226
   9445.1   0.01229
   9462.3   0.01238
   9479.6   0.01251
   9497.0   0.01266
   9514.4   0.01277
   9531.9   0.01295
   9549.4   0.01310
   9567.0   0.01331
   9584.7   0.01343
   9602.5   0.01360
   9620.3   0.01375
   9638.2   0.01391
   9656.1   0.01402
   9674.2   0.01413
   9692.2   0.01420
   9710.4   0.01432
   9728.6   0.01437
   9746.9   0.01445
   9765.2   0.01451
   9783.7   0.01456
   9802.2   0.01452
   9820.7   0.01452
   9839.4   0.01448
   9858.1   0.01448
   9876.8   0.01446
   9895.7   0.01449
   9914.6   0.01448
   9933.6   0.01453
   9952.7   0.01455
   9971.8   0.01460
   9991.0   0.01469
  10010.3   0.01483
  10029.7   0.01494
  10049.1   0.01506
  10068.6   0.01518
  10088.2   0.01534
  10107.9   0.01540
  10127.6   0.01551
  10147.5   0.01559
  10167.3   0.01567
  10187.3   0.01576
  10207.4   0.01590
  10227.5   0.01599
  10247.7   0.01622
  10268.0   0.01650
  10288.4   0.01680
  10308.8   0.01710
  10329.4   0.01743
  10350.0   0.01772
  10370.7   0.01802
  10391.5   0.01825
  10412.3   0.01854
  10433.3   0.01877
  10454.3   0.01901
  10475.4   0.01918
  10496.7   0.01936
  10517.9   0.01953
  10539.3   0.01973
  10560.8   0.01988
  10582.3   0.02003
  10604.0   0.02012
  10625.7   0.02034
  10647.5   0.02046
  10669.4   0.02058
  10691.4   0.02070
  10713.5   0.02087
  10735.7   0.02100
  10758.0   0.02107
  10780.3   0.02117
  10802.8   0.02131
  10825.4   0.02138
  10848.0   0.02143
  10870.8   0.02134
  10893.6   0.02129
  10916.5   0.02121
  10939.5   0.02119
  10962.7   0.02112
  10985.9   0.02111
  11009.2   0.02107
  11032.7   0.02110
  11056.2   0.02109
  11079.8   0.02116
  11103.5   0.02122
  11127.4   0.02126
  11151.3   0.02126
  11175.3   0.02140
  11199.5   0.02153
  11223.7   0.02169
  11248.0   0.02184
  11272.5   0.02201
  11297.1   0.02215
  11321.7   0.02234
  11346.5   0.02252
  11371.4   0.02274
  11396.4   0.02294
  11421.5   0.02323
  11446.7   0.02346
  11472.0   0.02374
  11497.5   0.02396
  11523.0   0.02420
  11548.7   0.02429
  11574.4   0.02439
  11600.3   0.02457
  11626.3   0.02484
  11652.5   0.02495
  11678.7   0.02511
  11705.1   0.02527
  11731.6   0.02550
  11758.2   0.02571
  11784.9   0.02597
  11811.7   0.02620
  11838.7   0.02646
  11865.8   0.02664
  11893.0   0.02686
  11920.3   0.02710
  11947.8   0.02736
  11975.4   0.02766
  12003.1   0.02804
  12031.0   0.02842
  12059.0   0.02881
  12087.1   0.02917
  12115.3   0.02958
  12143.7   0.02982
  12172.2   0.03010
  12200.8   0.03030
  12229.6   0.03043
  12258.5   0.03053
  12287.6   0.03051
  12316.8   0.03032
  12346.1   0.03016
  12375.5   0.02983
  12405.2   0.02946
  12434.9   0.02901
  12464.8   0.02847
  12494.8   0.02788
  12525.0   0.02725
  12555.3   0.02657
  12585.8   0.02585
  12616.4   0.02498
  12647.2   0.02418
  12678.1   0.02331
  12709.2   0.02232
  12740.4   0.02123
  12771.8   0.02016
  12803.3   0.01917
  12835.0   0.01836
  12866.9   0.01759
  12898.9   0.01702
  12931.1   0.01663
  12963.4   0.01640
  12995.9   0.01611
  13028.5   0.01590
  13061.3   0.01569
  13094.3   0.01543
  13127.5   0.01522
  13160.8   0.01515
  13194.3   0.01515
  13228.0   0.01527
  13261.8   0.01540
  13295.8   0.01554
  13330.0   0.01561
  13364.3   0.01571
  13398.8   0.01560
  13433.6   0.01546
  13468.5   0.01523
  13503.5   0.01490
  13538.8   0.01455
  13574.2   0.01430
  13609.9   0.01403
  13645.7   0.01393
  13681.7   0.01390
  13717.9   0.01406
  13754.3   0.01430
  13790.8   0.01452
  13827.6   0.01467
  13864.6   0.01490
  13901.8   0.01511
  13939.2   0.01529
  13976.7   0.01527
  14014.5   0.01519
  14052.5   0.01499
  14090.7   0.01465
  14129.0   0.01425
  14167.6   0.01386
  14206.5   0.01340
  14245.5   0.01311
  14284.7   0.01280
  14324.2   0.01249
  14363.9   0.01225
  14403.8   0.01211
  14443.9   0.01191
  14484.3   0.01177
  14524.8   0.01160
  14565.6   0.01153
  14606.7   0.01148
  14647.9   0.01141
  14689.4   0.01131
  14731.2   0.01122
  14773.1   0.01110
  14815.3   0.01114
  14857.8   0.01118
  14900.5   0.01130
  14943.4   0.01143
  14986.6   0.01168
  15030.0   0.01193
  15073.7   0.01218
  15117.7   0.01248
  15161.9   0.01279
  15206.3   0.01298
  15251.1   0.01316
  15296.1   0.01330
  15341.3   0.01349
  15386.8   0.01369
  15432.6   0.01390
  15478.7   0.01398
  15525.0   0.01418
  15571.7   0.01436
  15618.6   0.01445
  15665.8   0.01455
  15713.2   0.01466
  15761.0   0.01466
  15809.0   0.01474
  15857.4   0.01487
  15906.0   0.01495
  15955.0   0.01503
  16004.2   0.01515
  16053.8   0.01519
  16103.6   0.01516
  16153.8   0.01506
  16204.3   0.01495
  16255.1   0.01479
  16306.2   0.01479
  16357.6   0.01476
  16409.4   0.01486
  16461.5   0.01513
  16513.9   0.01548
  16566.7   0.01571
  16619.8   0.01605
  16673.2   0.01623
  16727.0   0.01644
  16781.1   0.01668
  16835.6   0.01718
  16890.5   0.01760
  16945.7   0.01787
  17001.2   0.01798
  17057.2   0.01812
  17113.4   0.01819
  17170.1   0.01822
  17227.2   0.01799
  17284.6   0.01773
  17342.4   0.01754
  17400.6   0.01745
  17459.2   0.01739
  17518.2   0.01761
  17577.5   0.01780
  17637.3   0.01790
  17697.5   0.01808
  17758.1   0.01826
  17819.2   0.01820
  17880.6   0.01827
  17942.5   0.01811
  18004.8   0.01805
  18067.5   0.01800
  18130.7   0.01813
  18194.3   0.01828
  18258.4   0.01854
  18322.9   0.01889
  18387.9   0.01926
  18453.3   0.01975
  18519.2   0.02029
  18585.6   0.02052
  18652.4   0.02067
  18719.8   0.02053
  18787.6   0.02051
  18855.9   0.02053
  18924.7   0.02044
  18994.1   0.02020
  19063.9   0.02016
  19134.2   0.02019
  19205.1   0.02040
  19276.5   0.02053
  19348.4   0.02051
  19420.9   0.02037
  19493.9   0.02049
  19567.5   0.02041
  19641.6   0.02051
  19716.3   0.02056
  19791.5   0.02050
  19867.3   0.02022
  19943.8   0.01980
  20020.8   0.01924
  20098.4   0.01875
  20176.6   0.01818
  20255.4   0.01764
  20334.8   0.01709
  20414.9   0.01665
  20495.6   0.01653
  20576.9   0.01674
  20658.9   0.01694
  20741.5   0.01684
  20824.8   0.01715
  20908.8   0.01753
  20993.4   0.01719
  21078.8   0.01680
  21164.8   0.01659
  21251.6   0.01660
  21339.0   0.01710
  21427.2   0.01750
  21516.1   0.01742
  21605.8   0.01725
  21696.2   0.01700
  21787.3   0.01705
  21879.3   0.01696
  21972.0   0.01689
  22065.5   0.01701
  22159.8   0.01694
  22254.9   0.01660
  22350.8   0.01595
  22447.5   0.01551
  22545.1   0.01510
  22643.6   0.01481
  22742.9   0.01484
  22843.1   0.01501
  22944.2   0.01531
  23046.2   0.01555
  23149.0   0.01568
  23252.8   0.01594
  23357.6   0.01622
  23463.3   0.01649
  23569.9   0.01676
  23677.6   0.01696
  23786.2   0.01692
  23895.8   0.01673
  24006.4   0.01660
  24118.1   0.01646
  24230.8   0.01690
  24344.5   0.01690
  24459.4   0.01698
  24575.3   0.01728
  24692.3   0.01749
  24810.4   0.01741
  24929.7   0.01746
  25050.2   0.01737
  25171.8   0.01746
  25294.6   0.01782
  25418.6   0.01825
  25543.8   0.01854
  25670.2   0.01877
  25797.9   0.01915
  25926.9   0.01931
  26057.2   0.01950
  26188.8   0.01990
  26321.8   0.02027
  26456.0   0.02071
  26591.7   0.02075
  26728.8   0.02056
  26867.3   0.02083
  27007.2   0.02090
  27148.6   0.02090
  27291.5   0.02117
  27435.9   0.02115
  27581.8   0.02091
  27729.3   0.02040
  27878.4   0.02043
  28029.1   0.02078
  28181.4   0.02093
  28335.4   0.02116
  28491.1   0.02138
  28648.5   0.02150
  28807.7   0.02161
  28968.6   0.02208
  29131.4   0.02267
  29296.0   0.02308
  29462.4   0.02354
  29630.8   0.02352
  29801.1   0.02340
  29973.3   0.02317
  30147.6   0.02314
  30323.9   0.02303
  30502.3   0.02263
  30682.8   0.02158
  30865.4   0.02125
  31050.2   0.02122
  31237.3   0.02092
  31426.6   0.02129
  31618.2   0.02168
  31812.2   0.02131
  32008.6   0.02067
  32207.4   0.02071
  32408.7   0.02103
  32612.5   0.02130
  32818.9   0.02210
  33027.9   0.02284
  33239.6   0.02428
  33454.1   0.02567
  33671.3   0.02622
  33891.4   0.02589
  34114.4   0.02527
  34340.3   0.02494
  34569.2   0.02471
  34801.3   0.02366
  35036.4   0.02273
  35274.7   0.02278
  35516.4   0.02352
  35761.3   0.02341
  36009.6   0.02305
  36261.4   0.02337
  36516.8   0.02367
  36775.8   0.02308
  37038.5   0.02240
  37304.9   0.02127
  37575.3   0.02033
  37849.5   0.02006
  38127.9   0.01961
  38410.3   0.01884
  38696.9   0.01738
  38987.9   0.01561
  39283.2   0.01555
  39583.1   0.01715
  39887.6   0.01822
  40196.8   0.01747
  40510.8   0.01666
  40829.8   0.01861
  41153.9   0.01884
  41483.1   0.01851
  41817.6   0.01914
  42157.6   0.02007
  42503.2   0.02102
  42854.4   0.02090
  43211.6   0.02090
  43574.7   0.02102
  43944.0   0.02035
  44319.6   0.02010
  44701.6   0.02223
  45090.3   0.02221
  45485.9   0.02097
  45888.4   0.02162
  46298.1   0.02155
  46715.2   0.02285
  47139.9   0.02289
  47572.4   0.02333
  48012.9   0.02410
  48461.6   0.02215
  48918.8   0.02117
  49384.7   0.02299
  49859.5   0.02338
  50343.6   0.02287
  50837.2   0.02295
  51340.5   0.02363
  51853.9   0.02554
  52377.7   0.02559
  52912.2   0.02352
  53457.6   0.02082
  54014.5   0.02047
  54583.1   0.02152
  55163.7   0.02279
  55756.9   0.02326
  56363.0   0.02352
  56982.3   0.02518
  57615.5   0.02228
  58262.8   0.01892
  58924.9   0.01813
  59602.2   0.02056
  60295.3   0.02381
  61004.6   0.02584
  61730.9   0.02589
  62474.6   0.02620
  63236.5   0.02461
  64017.2   0.02124
  64817.4   0.02141
  65637.9   0.02256
  66479.4   0.02569
  67342.8   0.02294
  68228.9   0.02633
  69138.6   0.02398
  70072.9   0.02058
  71032.8   0.01956
  72019.4   0.02053
  73033.8   0.02439
  74077.1   0.02060
  75150.7   0.01954
  76255.8   0.02744
  77394.0   0.02523
  78566.6   0.02706
  79775.4   0.03111
  81021.9   0.03252
  82307.9   0.03571
  83635.5   0.03929
  85006.5   0.02998
  86423.3   0.02366
  87888.1   0.03054
  89403.1   0.03481
  90971.5   0.02631
  92596.0   0.02695
  94279.6   0.02404
  96025.5   0.02391
  97837.3   0.01323
  99718.8   0.00413



 BIR1LS109           .ASC                        

 LS-GJT-109                                                              
 Lunar soil 63501,20 <150 um                                             
 Bulk density 1.112                                                      
 Bulk density 1.112                                                      
 Connected at 2.5 & 20 um                                                

 Source Ang: 30.00   Detect Ang:  0.00  Volt: 1.222
 Date: 18-JUL-12   Time: 15:32:33
