  6431
    799.9   0.11605
    800.0   0.11462
    800.2   0.11294
    800.3   0.11268
    800.4   0.11372
    800.5   0.11481
    800.7   0.11505
    800.8   0.11589
    800.9   0.11513
    801.0   0.11381
    801.2   0.11468
    801.3   0.11591
    801.4   0.11623
    801.5   0.11451
    801.6   0.11386
    801.8   0.11542
    801.9   0.11547
    802.0   0.11519
    802.1   0.11508
    802.3   0.11501
    802.4   0.11489
    802.5   0.11549
    802.6   0.11559
    802.8   0.11540
    802.9   0.11769
    803.0   0.11941
    803.1   0.11858
    803.3   0.11608
    803.4   0.11488
    803.5   0.11777
    803.6   0.11875
    803.8   0.11553
    803.9   0.11501
    804.0   0.11574
    804.1   0.11627
    804.3   0.11597
    804.4   0.11495
    804.5   0.11479
    804.6   0.11397
    804.8   0.11362
    804.9   0.11467
    805.0   0.11679
    805.1   0.11768
    805.3   0.11575
    805.4   0.11372
    805.5   0.11528
    805.6   0.11644
    805.8   0.11583
    805.9   0.11531
    806.0   0.11485
    806.1   0.11635
    806.3   0.11689
    806.4   0.11642
    806.5   0.11621
    806.6   0.11565
    806.8   0.11546
    806.9   0.11459
    807.0   0.11517
    807.1   0.11595
    807.3   0.11607
    807.4   0.11741
    807.5   0.11671
    807.6   0.11575
    807.8   0.11573
    807.9   0.11610
    808.0   0.11721
    808.1   0.11618
    808.3   0.11598
    808.4   0.11639
    808.5   0.11680
    808.6   0.11694
    808.8   0.11714
    808.9   0.11670
    809.0   0.11610
    809.2   0.11680
    809.3   0.11630
    809.4   0.11513
    809.5   0.11580
    809.7   0.11580
    809.8   0.11414
    809.9   0.11279
    810.0   0.11353
    810.2   0.11537
    810.3   0.11576
    810.4   0.11425
    810.5   0.11629
    810.7   0.11790
    810.8   0.11705
    810.9   0.11724
    811.0   0.11632
    811.2   0.11499
    811.3   0.11451
    811.4   0.11411
    811.5   0.11459
    811.7   0.11434
    811.8   0.11213
    811.9   0.11241
    812.1   0.11516
    812.2   0.11715
    812.3   0.11654
    812.4   0.11559
    812.6   0.11552
    812.7   0.11556
    812.8   0.11433
    813.0   0.11363
    813.1   0.11477
    813.2   0.11542
    813.3   0.11531
    813.5   0.11656
    813.6   0.11631
    813.7   0.11521
    813.8   0.11654
    814.0   0.11737
    814.1   0.11663
    814.2   0.11604
    814.4   0.11640
    814.5   0.11576
    814.6   0.11591
    814.7   0.11697
    814.9   0.11703
    815.0   0.11638
    815.1   0.11800
    815.3   0.11870
    815.4   0.11707
    815.5   0.11637
    815.6   0.11599
    815.8   0.11601
    815.9   0.11617
    816.0   0.11616
    816.2   0.11455
    816.3   0.11374
    816.4   0.11509
    816.5   0.11673
    816.7   0.11763
    816.8   0.11794
    816.9   0.11705
    817.0   0.11576
    817.2   0.11590
    817.3   0.11592
    817.4   0.11535
    817.6   0.11593
    817.7   0.11617
    817.8   0.11540
    818.0   0.11461
    818.1   0.11591
    818.2   0.11632
    818.3   0.11561
    818.5   0.11534
    818.6   0.11490
    818.7   0.11570
    818.9   0.11594
    819.0   0.11394
    819.1   0.11423
    819.3   0.11654
    819.4   0.11894
    819.5   0.11870
    819.6   0.11772
    819.8   0.11653
    819.9   0.11746
    820.0   0.11940
    820.2   0.11779
    820.3   0.11506
    820.4   0.11527
    820.5   0.11667
    820.7   0.11581
    820.8   0.11623
    820.9   0.11584
    821.1   0.11508
    821.2   0.11515
    821.3   0.11543
    821.5   0.11519
    821.6   0.11375
    821.7   0.11346
    821.8   0.11532
    822.0   0.11638
    822.1   0.11527
    822.2   0.11568
    822.4   0.11745
    822.5   0.11716
    822.6   0.11497
    822.8   0.11456
    822.9   0.11441
    823.0   0.11441
    823.2   0.11654
    823.3   0.11796
    823.4   0.11621
    823.5   0.11521
    823.7   0.11732
    823.8   0.11803
    823.9   0.11804
    824.1   0.11786
    824.2   0.11791
    824.3   0.11694
    824.5   0.11597
    824.6   0.11669
    824.7   0.11587
    824.8   0.11472
    825.0   0.11687
    825.1   0.11764
    825.3   0.11677
    825.4   0.11731
    825.5   0.11708
    825.6   0.11664
    825.8   0.11579
    825.9   0.11507
    826.0   0.11502
    826.2   0.11724
    826.3   0.11751
    826.4   0.11646
    826.6   0.11626
    826.7   0.11656
    826.8   0.11652
    827.0   0.11565
    827.1   0.11508
    827.2   0.11582
    827.3   0.11580
    827.5   0.11462
    827.6   0.11464
    827.8   0.11626
    827.9   0.11771
    828.0   0.11600
    828.2   0.11427
    828.3   0.11512
    828.4   0.11672
    828.5   0.11647
    828.7   0.11584
    828.8   0.11597
    828.9   0.11601
    829.1   0.11628
    829.2   0.11569
    829.3   0.11565
    829.5   0.11500
    829.6   0.11496
    829.7   0.11511
    829.9   0.11488
    830.0   0.11714
    830.1   0.11989
    830.3   0.11910
    830.4   0.11710
    830.5   0.11734
    830.7   0.11848
    830.8   0.11880
    830.9   0.11788
    831.1   0.11726
    831.2   0.11742
    831.3   0.11835
    831.5   0.11836
    831.6   0.11851
    831.7   0.11841
    831.9   0.11621
    832.0   0.11538
    832.1   0.11625
    832.3   0.11718
    832.4   0.11725
    832.5   0.11654
    832.7   0.11744
    832.8   0.11746
    832.9   0.11657
    833.1   0.11721
    833.2   0.11761
    833.3   0.11691
    833.5   0.11688
    833.6   0.11716
    833.7   0.11761
    833.9   0.11596
    834.0   0.11604
    834.1   0.11709
    834.3   0.11667
    834.4   0.11569
    834.5   0.11662
    834.7   0.11757
    834.8   0.11759
    835.0   0.11783
    835.1   0.11741
    835.2   0.11631
    835.3   0.11593
    835.5   0.11705
    835.6   0.11765
    835.8   0.11643
    835.9   0.11620
    836.0   0.11685
    836.2   0.11764
    836.3   0.11727
    836.4   0.11767
    836.6   0.11773
    836.7   0.11804
    836.8   0.11780
    837.0   0.11768
    837.1   0.11665
    837.2   0.11636
    837.4   0.11574
    837.5   0.11688
    837.6   0.11771
    837.8   0.11694
    837.9   0.11628
    838.0   0.11604
    838.2   0.11572
    838.3   0.11534
    838.5   0.11556
    838.6   0.11620
    838.7   0.11613
    838.9   0.11568
    839.0   0.11619
    839.1   0.11601
    839.3   0.11601
    839.4   0.11681
    839.5   0.11531
    839.7   0.11601
    839.8   0.11742
    840.0   0.11742
    840.1   0.11830
    840.2   0.11898
    840.4   0.11783
    840.5   0.11690
    840.6   0.11685
    840.8   0.11597
    840.9   0.11629
    841.0   0.11703
    841.2   0.11751
    841.3   0.11717
    841.5   0.11743
    841.6   0.11657
    841.7   0.11584
    841.9   0.11567
    842.0   0.11760
    842.1   0.11852
    842.3   0.11736
    842.4   0.11635
    842.5   0.11618
    842.7   0.11699
    842.8   0.11715
    843.0   0.11787
    843.1   0.11756
    843.2   0.11652
    843.4   0.11716
    843.5   0.11826
    843.6   0.11771
    843.8   0.11731
    843.9   0.11657
    844.0   0.11547
    844.2   0.11618
    844.3   0.11650
    844.5   0.11708
    844.6   0.11688
    844.7   0.11615
    844.9   0.11535
    845.0   0.11586
    845.2   0.11578
    845.3   0.11587
    845.4   0.11676
    845.6   0.11625
    845.7   0.11680
    845.8   0.11841
    846.0   0.11837
    846.1   0.11667
    846.3   0.11549
    846.4   0.11632
    846.5   0.11823
    846.7   0.11777
    846.8   0.11643
    847.0   0.11627
    847.1   0.11664
    847.2   0.11684
    847.4   0.11672
    847.5   0.11688
    847.6   0.11647
    847.8   0.11588
    847.9   0.11615
    848.1   0.11689
    848.2   0.11696
    848.3   0.11587
    848.5   0.11604
    848.6   0.11780
    848.8   0.11710
    848.9   0.11630
    849.0   0.11649
    849.2   0.11686
    849.3   0.11726
    849.5   0.11680
    849.6   0.11661
    849.7   0.11632
    849.9   0.11704
    850.0   0.11738
    850.1   0.11625
    850.3   0.11580
    850.4   0.11606
    850.6   0.11686
    850.7   0.11725
    850.8   0.11765
    851.0   0.11782
    851.1   0.11778
    851.3   0.11699
    851.4   0.11615
    851.5   0.11673
    851.7   0.11741
    851.8   0.11762
    852.0   0.11727
    852.1   0.11721
    852.2   0.11682
    852.4   0.11639
    852.5   0.11618
    852.7   0.11684
    852.8   0.11774
    852.9   0.11729
    853.1   0.11691
    853.2   0.11651
    853.4   0.11643
    853.5   0.11714
    853.6   0.11758
    853.8   0.11705
    853.9   0.11678
    854.1   0.11691
    854.2   0.11722
    854.3   0.11650
    854.5   0.11703
    854.6   0.11770
    854.8   0.11757
    854.9   0.11680
    855.0   0.11689
    855.2   0.11693
    855.3   0.11566
    855.5   0.11651
    855.6   0.11761
    855.8   0.11766
    855.9   0.11687
    856.0   0.11653
    856.2   0.11635
    856.3   0.11662
    856.5   0.11747
    856.6   0.11714
    856.8   0.11715
    856.9   0.11686
    857.0   0.11718
    857.2   0.11704
    857.3   0.11681
    857.5   0.11667
    857.6   0.11560
    857.7   0.11562
    857.9   0.11677
    858.0   0.11632
    858.2   0.11562
    858.3   0.11576
    858.5   0.11593
    858.6   0.11596
    858.7   0.11674
    858.9   0.11771
    859.0   0.11756
    859.2   0.11845
    859.3   0.11857
    859.4   0.11754
    859.6   0.11691
    859.7   0.11618
    859.9   0.11542
    860.0   0.11534
    860.2   0.11678
    860.3   0.11760
    860.4   0.11700
    860.6   0.11639
    860.7   0.11550
    860.9   0.11604
    861.0   0.11604
    861.2   0.11622
    861.3   0.11647
    861.4   0.11592
    861.6   0.11628
    861.7   0.11665
    861.9   0.11552
    862.0   0.11565
    862.2   0.11562
    862.3   0.11574
    862.5   0.11724
    862.6   0.11772
    862.7   0.11688
    862.9   0.11631
    863.0   0.11648
    863.2   0.11590
    863.3   0.11508
    863.5   0.11517
    863.6   0.11653
    863.7   0.11763
    863.9   0.11723
    864.0   0.11648
    864.2   0.11639
    864.3   0.11700
    864.5   0.11716
    864.6   0.11664
    864.8   0.11688
    864.9   0.11711
    865.0   0.11695
    865.2   0.11617
    865.3   0.11549
    865.5   0.11536
    865.6   0.11600
    865.8   0.11673
    865.9   0.11716
    866.0   0.11705
    866.2   0.11682
    866.3   0.11692
    866.5   0.11707
    866.6   0.11567
    866.8   0.11435
    866.9   0.11558
    867.1   0.11647
    867.2   0.11669
    867.3   0.11652
    867.5   0.11646
    867.6   0.11611
    867.8   0.11635
    867.9   0.11598
    868.1   0.11598
    868.2   0.11658
    868.4   0.11648
    868.5   0.11589
    868.7   0.11457
    868.8   0.11517
    869.0   0.11640
    869.1   0.11676
    869.2   0.11663
    869.4   0.11618
    869.5   0.11555
    869.7   0.11507
    869.8   0.11604
    870.0   0.11661
    870.1   0.11638
    870.3   0.11613
    870.4   0.11608
    870.6   0.11570
    870.7   0.11566
    870.8   0.11573
    871.0   0.11521
    871.1   0.11511
    871.3   0.11573
    871.4   0.11630
    871.6   0.11712
    871.7   0.11745
    871.9   0.11667
    872.0   0.11671
    872.2   0.11661
    872.3   0.11632
    872.5   0.11612
    872.6   0.11630
    872.8   0.11676
    872.9   0.11613
    873.0   0.11617
    873.2   0.11656
    873.3   0.11515
    873.5   0.11497
    873.6   0.11615
    873.8   0.11643
    873.9   0.11552
    874.1   0.11519
    874.2   0.11545
    874.4   0.11558
    874.5   0.11607
    874.7   0.11681
    874.8   0.11653
    875.0   0.11561
    875.1   0.11582
    875.3   0.11599
    875.4   0.11633
    875.5   0.11617
    875.7   0.11613
    875.8   0.11661
    876.0   0.11728
    876.2   0.11738
    876.3   0.11641
    876.4   0.11528
    876.6   0.11512
    876.7   0.11498
    876.9   0.11521
    877.0   0.11556
    877.2   0.11551
    877.3   0.11643
    877.5   0.11726
    877.6   0.11650
    877.8   0.11604
    877.9   0.11655
    878.1   0.11711
    878.2   0.11663
    878.4   0.11583
    878.5   0.11573
    878.7   0.11583
    878.8   0.11595
    879.0   0.11601
    879.1   0.11587
    879.3   0.11539
    879.4   0.11550
    879.6   0.11635
    879.7   0.11602
    879.9   0.11560
    880.0   0.11635
    880.2   0.11620
    880.3   0.11564
    880.5   0.11611
    880.6   0.11645
    880.8   0.11661
    880.9   0.11631
    881.1   0.11639
    881.2   0.11702
    881.4   0.11712
    881.5   0.11677
    881.7   0.11586
    881.8   0.11534
    882.0   0.11536
    882.1   0.11585
    882.3   0.11654
    882.4   0.11662
    882.6   0.11641
    882.7   0.11690
    882.9   0.11719
    883.0   0.11631
    883.2   0.11604
    883.3   0.11653
    883.5   0.11736
    883.6   0.11686
    883.8   0.11596
    883.9   0.11556
    884.1   0.11577
    884.2   0.11591
    884.4   0.11653
    884.5   0.11695
    884.7   0.11654
    884.8   0.11633
    885.0   0.11643
    885.1   0.11643
    885.3   0.11594
    885.4   0.11562
    885.6   0.11581
    885.7   0.11600
    885.9   0.11586
    886.0   0.11605
    886.2   0.11613
    886.3   0.11684
    886.5   0.11619
    886.6   0.11499
    886.8   0.11524
    886.9   0.11618
    887.1   0.11587
    887.2   0.11491
    887.4   0.11539
    887.5   0.11588
    887.7   0.11569
    887.8   0.11590
    888.0   0.11601
    888.2   0.11628
    888.3   0.11690
    888.5   0.11624
    888.6   0.11547
    888.8   0.11582
    888.9   0.11624
    889.1   0.11563
    889.2   0.11498
    889.4   0.11462
    889.5   0.11487
    889.7   0.11577
    889.8   0.11677
    890.0   0.11660
    890.1   0.11633
    890.3   0.11652
    890.4   0.11622
    890.6   0.11613
    890.8   0.11645
    890.9   0.11662
    891.0   0.11650
    891.2   0.11611
    891.4   0.11605
    891.5   0.11619
    891.7   0.11597
    891.8   0.11604
    892.0   0.11620
    892.1   0.11604
    892.3   0.11629
    892.4   0.11683
    892.6   0.11660
    892.7   0.11650
    892.9   0.11599
    893.0   0.11546
    893.2   0.11562
    893.4   0.11575
    893.5   0.11535
    893.7   0.11567
    893.8   0.11625
    894.0   0.11645
    894.1   0.11654
    894.3   0.11670
    894.4   0.11677
    894.6   0.11641
    894.7   0.11598
    894.9   0.11575
    895.0   0.11591
    895.2   0.11611
    895.4   0.11573
    895.5   0.11555
    895.7   0.11517
    895.8   0.11487
    896.0   0.11494
    896.1   0.11586
    896.3   0.11646
    896.4   0.11665
    896.6   0.11667
    896.8   0.11608
    896.9   0.11568
    897.1   0.11595
    897.2   0.11594
    897.4   0.11586
    897.5   0.11568
    897.7   0.11523
    897.8   0.11519
    898.0   0.11517
    898.2   0.11569
    898.3   0.11666
    898.5   0.11668
    898.6   0.11544
    898.8   0.11469
    898.9   0.11508
    899.1   0.11563
    899.2   0.11526
    899.4   0.11528
    899.6   0.11582
    899.7   0.11601
    899.9   0.11598
    900.0   0.11613
    900.2   0.11658
    900.3   0.11601
    900.5   0.11551
    900.7   0.11597
    900.8   0.11636
    901.0   0.11637
    901.1   0.11607
    901.3   0.11574
    901.4   0.11607
    901.6   0.11594
    901.8   0.11594
    901.9   0.11638
    902.1   0.11608
    902.2   0.11592
    902.4   0.11639
    902.5   0.11672
    902.7   0.11645
    902.8   0.11646
    903.0   0.11670
    903.2   0.11664
    903.3   0.11588
    903.5   0.11551
    903.6   0.11576
    903.8   0.11600
    904.0   0.11635
    904.1   0.11643
    904.3   0.11574
    904.4   0.11576
    904.6   0.11639
    904.7   0.11689
    904.9   0.11699
    905.0   0.11679
    905.2   0.11634
    905.4   0.11594
    905.5   0.11621
    905.7   0.11641
    905.8   0.11614
    906.0   0.11620
    906.2   0.11601
    906.3   0.11574
    906.5   0.11655
    906.6   0.11696
    906.8   0.11636
    907.0   0.11648
    907.1   0.11649
    907.3   0.11595
    907.4   0.11606
    907.6   0.11630
    907.7   0.11661
    907.9   0.11631
    908.1   0.11591
    908.2   0.11624
    908.4   0.11655
    908.5   0.11597
    908.7   0.11553
    908.9   0.11581
    909.0   0.11617
    909.2   0.11578
    909.3   0.11523
    909.5   0.11537
    909.7   0.11618
    909.8   0.11656
    910.0   0.11649
    910.1   0.11659
    910.3   0.11670
    910.5   0.11641
    910.6   0.11621
    910.8   0.11643
    910.9   0.11659
    911.1   0.11689
    911.3   0.11638
    911.4   0.11587
    911.6   0.11573
    911.7   0.11608
    911.9   0.11653
    912.1   0.11660
    912.2   0.11620
    912.4   0.11579
    912.5   0.11576
    912.7   0.11621
    912.9   0.11627
    913.0   0.11618
    913.2   0.11592
    913.3   0.11580
    913.5   0.11613
    913.7   0.11643
    913.8   0.11621
    914.0   0.11649
    914.2   0.11681
    914.3   0.11632
    914.5   0.11596
    914.6   0.11612
    914.8   0.11646
    915.0   0.11672
    915.1   0.11657
    915.3   0.11622
    915.4   0.11580
    915.6   0.11559
    915.8   0.11594
    915.9   0.11627
    916.1   0.11624
    916.3   0.11637
    916.4   0.11648
    916.6   0.11636
    916.7   0.11628
    916.9   0.11650
    917.1   0.11685
    917.2   0.11643
    917.4   0.11581
    917.5   0.11622
    917.7   0.11700
    917.9   0.11663
    918.0   0.11613
    918.2   0.11661
    918.4   0.11663
    918.5   0.11676
    918.7   0.11698
    918.8   0.11665
    919.0   0.11618
    919.2   0.11605
    919.3   0.11635
    919.5   0.11665
    919.7   0.11662
    919.8   0.11665
    920.0   0.11650
    920.2   0.11627
    920.3   0.11633
    920.5   0.11633
    920.6   0.11647
    920.8   0.11694
    921.0   0.11700
    921.1   0.11664
    921.3   0.11653
    921.5   0.11638
    921.6   0.11671
    921.8   0.11697
    922.0   0.11664
    922.1   0.11628
    922.3   0.11649
    922.4   0.11660
    922.6   0.11667
    922.8   0.11654
    922.9   0.11637
    923.1   0.11642
    923.3   0.11656
    923.4   0.11639
    923.6   0.11674
    923.8   0.11691
    923.9   0.11648
    924.1   0.11629
    924.3   0.11666
    924.4   0.11694
    924.6   0.11703
    924.7   0.11674
    924.9   0.11668
    925.1   0.11645
    925.2   0.11629
    925.4   0.11679
    925.6   0.11710
    925.7   0.11703
    925.9   0.11678
    926.1   0.11675
    926.2   0.11680
    926.4   0.11720
    926.6   0.11749
    926.7   0.11736
    926.9   0.11679
    927.1   0.11639
    927.2   0.11678
    927.4   0.11710
    927.6   0.11714
    927.7   0.11700
    927.9   0.11699
    928.0   0.11697
    928.2   0.11710
    928.4   0.11695
    928.5   0.11699
    928.7   0.11658
    928.9   0.11646
    929.0   0.11661
    929.2   0.11673
    929.4   0.11693
    929.5   0.11718
    929.7   0.11720
    929.9   0.11729
    930.0   0.11734
    930.2   0.11722
    930.4   0.11683
    930.5   0.11673
    930.7   0.11703
    930.9   0.11682
    931.0   0.11686
    931.2   0.11678
    931.4   0.11666
    931.6   0.11702
    931.7   0.11726
    931.9   0.11735
    932.1   0.11736
    932.2   0.11719
    932.4   0.11700
    932.6   0.11706
    932.7   0.11715
    932.9   0.11714
    933.1   0.11707
    933.2   0.11721
    933.4   0.11734
    933.6   0.11753
    933.7   0.11782
    933.9   0.11739
    934.1   0.11677
    934.2   0.11690
    934.4   0.11710
    934.6   0.11684
    934.8   0.11722
    934.9   0.11761
    935.1   0.11731
    935.3   0.11698
    935.4   0.11714
    935.6   0.11746
    935.8   0.11746
    935.9   0.11722
    936.1   0.11694
    936.3   0.11679
    936.4   0.11693
    936.6   0.11710
    936.8   0.11721
    936.9   0.11737
    937.1   0.11737
    937.3   0.11773
    937.5   0.11774
    937.6   0.11717
    937.8   0.11722
    938.0   0.11776
    938.1   0.11787
    938.3   0.11777
    938.5   0.11741
    938.6   0.11731
    938.8   0.11763
    939.0   0.11793
    939.2   0.11794
    939.3   0.11798
    939.5   0.11790
    939.7   0.11766
    939.8   0.11793
    940.0   0.11770
    940.2   0.11745
    940.3   0.11726
    940.5   0.11703
    940.7   0.11725
    940.8   0.11735
    941.0   0.11749
    941.2   0.11769
    941.4   0.11784
    941.5   0.11751
    941.7   0.11765
    941.9   0.11809
    942.0   0.11823
    942.2   0.11808
    942.4   0.11788
    942.6   0.11744
    942.7   0.11749
    942.9   0.11794
    943.1   0.11794
    943.3   0.11785
    943.4   0.11807
    943.6   0.11787
    943.8   0.11770
    943.9   0.11799
    944.1   0.11781
    944.3   0.11759
    944.5   0.11771
    944.6   0.11753
    944.8   0.11729
    945.0   0.11760
    945.1   0.11804
    945.3   0.11798
    945.5   0.11793
    945.7   0.11784
    945.8   0.11773
    946.0   0.11767
    946.2   0.11779
    946.3   0.11765
    946.5   0.11776
    946.7   0.11778
    946.9   0.11756
    947.0   0.11786
    947.2   0.11840
    947.4   0.11813
    947.6   0.11752
    947.7   0.11740
    947.9   0.11765
    948.1   0.11766
    948.3   0.11752
    948.4   0.11757
    948.6   0.11776
    948.8   0.11782
    949.0   0.11773
    949.1   0.11759
    949.3   0.11800
    949.5   0.11812
    949.6   0.11809
    949.8   0.11831
    950.0   0.11852
    950.2   0.11826
    950.3   0.11816
    950.5   0.11827
    950.7   0.11802
    950.9   0.11793
    951.0   0.11786
    951.2   0.11825
    951.4   0.11855
    951.6   0.11787
    951.7   0.11712
    951.9   0.11762
    952.1   0.11819
    952.3   0.11819
    952.4   0.11826
    952.6   0.11825
    952.8   0.11842
    953.0   0.11845
    953.1   0.11822
    953.3   0.11819
    953.5   0.11818
    953.7   0.11805
    953.8   0.11839
    954.0   0.11851
    954.2   0.11862
    954.4   0.11886
    954.5   0.11898
    954.7   0.11861
    954.9   0.11844
    955.1   0.11902
    955.2   0.11919
    955.4   0.11883
    955.6   0.11861
    955.8   0.11863
    956.0   0.11846
    956.1   0.11831
    956.3   0.11859
    956.5   0.11880
    956.7   0.11849
    956.8   0.11813
    957.0   0.11829
    957.2   0.11885
    957.4   0.11892
    957.5   0.11872
    957.7   0.11856
    957.9   0.11854
    958.1   0.11873
    958.2   0.11849
    958.4   0.11799
    958.6   0.11821
    958.8   0.11868
    959.0   0.11894
    959.1   0.11889
    959.3   0.11858
    959.5   0.11854
    959.7   0.11894
    959.8   0.11929
    960.0   0.11903
    960.2   0.11886
    960.4   0.11904
    960.5   0.11886
    960.7   0.11869
    960.9   0.11847
    961.1   0.11853
    961.3   0.11885
    961.4   0.11896
    961.6   0.11873
    961.8   0.11857
    962.0   0.11861
    962.2   0.11875
    962.3   0.11891
    962.5   0.11931
    962.7   0.11900
    962.9   0.11870
    963.0   0.11896
    963.2   0.11905
    963.4   0.11908
    963.6   0.11915
    963.8   0.11894
    963.9   0.11900
    964.1   0.11893
    964.3   0.11882
    964.5   0.11879
    964.7   0.11895
    964.8   0.11893
    965.0   0.11935
    965.2   0.11918
    965.4   0.11891
    965.6   0.11916
    965.7   0.11952
    965.9   0.11941
    966.1   0.11876
    966.3   0.11882
    966.5   0.11938
    966.6   0.11961
    966.8   0.11960
    967.0   0.11925
    967.2   0.11908
    967.4   0.11917
    967.5   0.11952
    967.7   0.11939
    967.9   0.11938
    968.1   0.11950
    968.3   0.11925
    968.4   0.11913
    968.6   0.11919
    968.8   0.11921
    969.0   0.11930
    969.2   0.11932
    969.3   0.11948
    969.5   0.11947
    969.7   0.11933
    969.9   0.11952
    970.1   0.11970
    970.3   0.11971
    970.4   0.11959
    970.6   0.11949
    970.8   0.11950
    971.0   0.11947
    971.2   0.11930
    971.3   0.11947
    971.5   0.11975
    971.7   0.11950
    971.9   0.11931
    972.1   0.11953
    972.3   0.11970
    972.4   0.11959
    972.6   0.11972
    972.8   0.12005
    973.0   0.11997
    973.2   0.11997
    973.3   0.11997
    973.5   0.11974
    973.7   0.11964
    973.9   0.11982
    974.1   0.11967
    974.3   0.11964
    974.5   0.11976
    974.6   0.11989
    974.8   0.11982
    975.0   0.11988
    975.2   0.12008
    975.4   0.11992
    975.5   0.11988
    975.7   0.11981
    975.9   0.11966
    976.1   0.11974
    976.3   0.11997
    976.5   0.11989
    976.7   0.11972
    976.8   0.11987
    977.0   0.12005
    977.2   0.11999
    977.4   0.11999
    977.6   0.12030
    977.8   0.12040
    977.9   0.12032
    978.1   0.12003
    978.3   0.11983
    978.5   0.12000
    978.7   0.12055
    978.9   0.12059
    979.0   0.12036
    979.2   0.12005
    979.4   0.12011
    979.6   0.12026
    979.8   0.12026
    980.0   0.12030
    980.2   0.12036
    980.3   0.12022
    980.5   0.12013
    980.7   0.12026
    980.9   0.12026
    981.1   0.12024
    981.3   0.12025
    981.5   0.12032
    981.7   0.12023
    981.8   0.12008
    982.0   0.12011
    982.2   0.12029
    982.4   0.12036
    982.6   0.12048
    982.8   0.12064
    983.0   0.12039
    983.1   0.12043
    983.3   0.12050
    983.5   0.12037
    983.7   0.12045
    983.9   0.12050
    984.1   0.12023
    984.3   0.12035
    984.4   0.12048
    984.6   0.12036
    984.8   0.12046
    985.0   0.12067
    985.2   0.12082
    985.4   0.12081
    985.6   0.12075
    985.8   0.12075
    985.9   0.12085
    986.1   0.12074
    986.3   0.12080
    986.5   0.12092
    986.7   0.12112
    986.9   0.12114
    987.1   0.12091
    987.3   0.12071
    987.4   0.12101
    987.6   0.12116
    987.8   0.12086
    988.0   0.12085
    988.2   0.12100
    988.4   0.12101
    988.6   0.12073
    988.8   0.12071
    989.0   0.12069
    989.1   0.12067
    989.3   0.12091
    989.5   0.12115
    989.7   0.12096
    989.9   0.12084
    990.1   0.12103
    990.3   0.12117
    990.5   0.12120
    990.7   0.12123
    990.8   0.12128
    991.0   0.12093
    991.2   0.12074
    991.4   0.12096
    991.6   0.12118
    991.8   0.12126
    992.0   0.12120
    992.2   0.12093
    992.4   0.12092
    992.5   0.12112
    992.7   0.12127
    992.9   0.12142
    993.1   0.12139
    993.3   0.12131
    993.5   0.12137
    993.7   0.12151
    993.9   0.12135
    994.1   0.12123
    994.3   0.12135
    994.5   0.12144
    994.6   0.12140
    994.8   0.12143
    995.0   0.12146
    995.2   0.12132
    995.4   0.12142
    995.6   0.12151
    995.8   0.12133
    996.0   0.12149
    996.2   0.12171
    996.4   0.12166
    996.5   0.12167
    996.7   0.12184
    996.9   0.12186
    997.1   0.12175
    997.3   0.12169
    997.5   0.12171
    997.7   0.12157
    997.9   0.12161
    998.1   0.12175
    998.3   0.12173
    998.5   0.12178
    998.7   0.12189
    998.9   0.12187
    999.0   0.12186
    999.2   0.12192
    999.4   0.12211
    999.6   0.12201
    999.8   0.12190
   1000.0   0.12203
   1000.2   0.12207
   1000.4   0.12197
   1000.6   0.12190
   1000.8   0.12195
   1001.0   0.12206
   1001.2   0.12193
   1001.4   0.12191
   1001.6   0.12198
   1001.8   0.12178
   1001.9   0.12173
   1002.1   0.12177
   1002.3   0.12182
   1002.5   0.12207
   1002.7   0.12224
   1002.9   0.12241
   1003.1   0.12248
   1003.3   0.12251
   1003.5   0.12239
   1003.7   0.12220
   1003.9   0.12215
   1004.1   0.12206
   1004.3   0.12206
   1004.5   0.12212
   1004.7   0.12220
   1004.9   0.12230
   1005.0   0.12244
   1005.3   0.12258
   1005.4   0.12257
   1005.6   0.12246
   1005.8   0.12231
   1006.0   0.12222
   1006.2   0.12255
   1006.4   0.12290
   1006.6   0.12267
   1006.8   0.12257
   1007.0   0.12251
   1007.2   0.12242
   1007.4   0.12265
   1007.6   0.12269
   1007.8   0.12246
   1008.0   0.12236
   1008.2   0.12239
   1008.4   0.12256
   1008.6   0.12257
   1008.8   0.12273
   1009.0   0.12276
   1009.2   0.12281
   1009.4   0.12307
   1009.5   0.12300
   1009.8   0.12284
   1010.0   0.12273
   1010.1   0.12283
   1010.3   0.12283
   1010.5   0.12265
   1010.7   0.12246
   1010.9   0.12256
   1011.1   0.12285
   1011.3   0.12294
   1011.5   0.12287
   1011.7   0.12297
   1011.9   0.12299
   1012.1   0.12283
   1012.3   0.12285
   1012.5   0.12294
   1012.7   0.12290
   1012.9   0.12307
   1013.1   0.12316
   1013.3   0.12291
   1013.5   0.12289
   1013.7   0.12305
   1013.9   0.12296
   1014.1   0.12314
   1014.3   0.12331
   1014.5   0.12320
   1014.7   0.12317
   1014.9   0.12310
   1015.1   0.12319
   1015.3   0.12323
   1015.5   0.12325
   1015.7   0.12332
   1015.9   0.12336
   1016.1   0.12337
   1016.3   0.12356
   1016.5   0.12341
   1016.7   0.12323
   1016.9   0.12318
   1017.1   0.12328
   1017.3   0.12320
   1017.5   0.12314
   1017.7   0.12332
   1017.9   0.12356
   1018.1   0.12354
   1018.3   0.12349
   1018.5   0.12345
   1018.7   0.12337
   1018.9   0.12342
   1019.1   0.12363
   1019.3   0.12369
   1019.5   0.12374
   1019.7   0.12368
   1019.9   0.12348
   1020.1   0.12362
   1020.3   0.12377
   1020.5   0.12384
   1020.7   0.12382
   1020.9   0.12398
   1021.1   0.12392
   1021.3   0.12375
   1021.5   0.12371
   1021.7   0.12377
   1021.9   0.12385
   1022.1   0.12398
   1022.3   0.12395
   1022.5   0.12372
   1022.7   0.12370
   1022.9   0.12379
   1023.1   0.12377
   1023.3   0.12398
   1023.5   0.12414
   1023.7   0.12395
   1023.9   0.12392
   1024.1   0.12399
   1024.3   0.12387
   1024.5   0.12377
   1024.7   0.12387
   1024.9   0.12400
   1025.1   0.12400
   1025.3   0.12403
   1025.5   0.12421
   1025.7   0.12424
   1025.9   0.12419
   1026.1   0.12431
   1026.3   0.12453
   1026.5   0.12449
   1026.8   0.12432
   1026.9   0.12420
   1027.2   0.12427
   1027.4   0.12451
   1027.6   0.12448
   1027.8   0.12439
   1028.0   0.12448
   1028.2   0.12445
   1028.4   0.12446
   1028.6   0.12448
   1028.8   0.12448
   1029.0   0.12456
   1029.2   0.12449
   1029.4   0.12454
   1029.6   0.12447
   1029.8   0.12428
   1030.0   0.12449
   1030.2   0.12486
   1030.4   0.12483
   1030.6   0.12469
   1030.8   0.12452
   1031.0   0.12426
   1031.2   0.12432
   1031.4   0.12448
   1031.7   0.12460
   1031.8   0.12465
   1032.1   0.12469
   1032.3   0.12477
   1032.5   0.12474
   1032.7   0.12473
   1032.9   0.12499
   1033.1   0.12496
   1033.3   0.12484
   1033.5   0.12476
   1033.7   0.12478
   1033.9   0.12502
   1034.1   0.12516
   1034.3   0.12477
   1034.5   0.12457
   1034.7   0.12493
   1034.9   0.12499
   1035.2   0.12487
   1035.4   0.12488
   1035.6   0.12486
   1035.8   0.12478
   1036.0   0.12481
   1036.2   0.12467
   1036.4   0.12485
   1036.6   0.12506
   1036.8   0.12504
   1037.0   0.12509
   1037.2   0.12508
   1037.4   0.12519
   1037.6   0.12533
   1037.8   0.12517
   1038.1   0.12518
   1038.3   0.12543
   1038.5   0.12549
   1038.7   0.12534
   1038.9   0.12532
   1039.1   0.12530
   1039.3   0.12530
   1039.5   0.12546
   1039.7   0.12538
   1039.9   0.12532
   1040.1   0.12542
   1040.3   0.12542
   1040.6   0.12545
   1040.8   0.12557
   1041.0   0.12571
   1041.2   0.12574
   1041.4   0.12554
   1041.6   0.12557
   1041.8   0.12564
   1042.0   0.12572
   1042.2   0.12582
   1042.4   0.12594
   1042.6   0.12587
   1042.8   0.12579
   1043.1   0.12588
   1043.3   0.12591
   1043.5   0.12605
   1043.7   0.12598
   1043.9   0.12584
   1044.1   0.12565
   1044.3   0.12558
   1044.5   0.12570
   1044.8   0.12588
   1045.0   0.12599
   1045.2   0.12611
   1045.4   0.12611
   1045.6   0.12621
   1045.8   0.12627
   1046.0   0.12616
   1046.2   0.12605
   1046.4   0.12607
   1046.6   0.12614
   1046.9   0.12607
   1047.1   0.12594
   1047.3   0.12595
   1047.5   0.12591
   1047.7   0.12593
   1047.9   0.12605
   1048.1   0.12609
   1048.3   0.12620
   1048.6   0.12636
   1048.8   0.12641
   1049.0   0.12630
   1049.2   0.12622
   1049.4   0.12622
   1049.6   0.12636
   1049.8   0.12639
   1050.0   0.12637
   1050.3   0.12633
   1050.5   0.12630
   1050.7   0.12647
   1050.9   0.12660
   1051.1   0.12654
   1051.3   0.12650
   1051.5   0.12653
   1051.7   0.12655
   1051.9   0.12655
   1052.2   0.12653
   1052.4   0.12649
   1052.6   0.12645
   1052.8   0.12640
   1053.0   0.12661
   1053.2   0.12666
   1053.4   0.12660
   1053.7   0.12673
   1053.9   0.12676
   1054.1   0.12686
   1054.3   0.12686
   1054.5   0.12672
   1054.7   0.12665
   1054.9   0.12680
   1055.2   0.12680
   1055.4   0.12682
   1055.6   0.12673
   1055.8   0.12657
   1056.0   0.12672
   1056.2   0.12697
   1056.4   0.12694
   1056.7   0.12689
   1056.9   0.12709
   1057.1   0.12719
   1057.3   0.12705
   1057.5   0.12682
   1057.8   0.12696
   1058.0   0.12719
   1058.2   0.12715
   1058.4   0.12718
   1058.6   0.12715
   1058.8   0.12700
   1059.0   0.12705
   1059.3   0.12726
   1059.5   0.12738
   1059.7   0.12739
   1059.9   0.12739
   1060.1   0.12738
   1060.3   0.12740
   1060.6   0.12727
   1060.8   0.12721
   1061.0   0.12742
   1061.2   0.12756
   1061.4   0.12765
   1061.7   0.12772
   1061.9   0.12762
   1062.1   0.12742
   1062.3   0.12741
   1062.5   0.12762
   1062.7   0.12774
   1062.9   0.12779
   1063.2   0.12778
   1063.4   0.12759
   1063.6   0.12759
   1063.8   0.12758
   1064.0   0.12768
   1064.3   0.12771
   1064.5   0.12772
   1064.7   0.12784
   1064.9   0.12799
   1065.1   0.12795
   1065.3   0.12764
   1065.6   0.12754
   1065.8   0.12786
   1066.0   0.12811
   1066.2   0.12806
   1066.4   0.12791
   1066.7   0.12794
   1066.9   0.12799
   1067.1   0.12812
   1067.3   0.12815
   1067.6   0.12806
   1067.8   0.12803
   1068.0   0.12809
   1068.2   0.12818
   1068.4   0.12824
   1068.7   0.12820
   1068.9   0.12811
   1069.1   0.12823
   1069.3   0.12836
   1069.5   0.12823
   1069.8   0.12809
   1070.0   0.12802
   1070.2   0.12804
   1070.4   0.12817
   1070.6   0.12821
   1070.8   0.12818
   1071.1   0.12835
   1071.3   0.12840
   1071.5   0.12827
   1071.7   0.12828
   1072.0   0.12833
   1072.2   0.12833
   1072.4   0.12843
   1072.6   0.12851
   1072.8   0.12843
   1073.1   0.12846
   1073.3   0.12847
   1073.5   0.12826
   1073.7   0.12835
   1074.0   0.12867
   1074.2   0.12885
   1074.4   0.12881
   1074.6   0.12880
   1074.8   0.12873
   1075.1   0.12859
   1075.3   0.12855
   1075.5   0.12857
   1075.7   0.12855
   1076.0   0.12882
   1076.2   0.12899
   1076.4   0.12874
   1076.6   0.12861
   1076.9   0.12875
   1077.1   0.12891
   1077.3   0.12896
   1077.5   0.12887
   1077.8   0.12881
   1078.0   0.12887
   1078.2   0.12882
   1078.4   0.12889
   1078.7   0.12899
   1078.9   0.12902
   1079.1   0.12913
   1079.3   0.12905
   1079.6   0.12904
   1079.8   0.12907
   1080.0   0.12909
   1080.2   0.12904
   1080.4   0.12899
   1080.7   0.12909
   1080.9   0.12923
   1081.1   0.12938
   1081.3   0.12932
   1081.6   0.12922
   1081.8   0.12925
   1082.0   0.12923
   1082.3   0.12931
   1082.5   0.12946
   1082.7   0.12945
   1082.9   0.12924
   1083.2   0.12921
   1083.4   0.12947
   1083.6   0.12959
   1083.8   0.12952
   1084.1   0.12944
   1084.3   0.12940
   1084.5   0.12934
   1084.8   0.12941
   1085.0   0.12960
   1085.2   0.12979
   1085.4   0.12971
   1085.7   0.12957
   1085.9   0.12961
   1086.1   0.12969
   1086.3   0.12968
   1086.6   0.12974
   1086.8   0.12984
   1087.0   0.12981
   1087.3   0.12987
   1087.5   0.12987
   1087.7   0.12987
   1087.9   0.12990
   1088.2   0.12985
   1088.4   0.12996
   1088.6   0.12997
   1088.8   0.12998
   1089.1   0.13002
   1089.3   0.12998
   1089.5   0.12997
   1089.8   0.13002
   1090.0   0.13004
   1090.2   0.13005
   1090.4   0.12998
   1090.7   0.13001
   1090.9   0.13014
   1091.1   0.13016
   1091.4   0.13012
   1091.6   0.13006
   1091.8   0.13013
   1092.1   0.13014
   1092.3   0.13005
   1092.5   0.13014
   1092.8   0.13032
   1093.0   0.13030
   1093.2   0.13015
   1093.4   0.13036
   1093.7   0.13048
   1093.9   0.13050
   1094.1   0.13059
   1094.4   0.13061
   1094.6   0.13057
   1094.8   0.13057
   1095.1   0.13056
   1095.3   0.13042
   1095.5   0.13044
   1095.8   0.13057
   1096.0   0.13057
   1096.2   0.13053
   1096.4   0.13061
   1096.7   0.13063
   1096.9   0.13066
   1097.1   0.13069
   1097.4   0.13076
   1097.6   0.13071
   1097.8   0.13060
   1098.1   0.13063
   1098.3   0.13088
   1098.5   0.13103
   1098.8   0.13101
   1099.0   0.13103
   1099.2   0.13100
   1099.5   0.13087
   1099.7   0.13080
   1099.9   0.13081
   1100.2   0.13085
   1100.4   0.13092
   1100.6   0.13101
   1100.9   0.13100
   1101.1   0.13099
   1101.3   0.13113
   1101.6   0.13110
   1101.8   0.13105
   1102.0   0.13109
   1102.3   0.13113
   1102.5   0.13119
   1102.7   0.13125
   1103.0   0.13121
   1103.2   0.13128
   1103.4   0.13139
   1103.7   0.13136
   1103.9   0.13131
   1104.2   0.13121
   1104.4   0.13122
   1104.6   0.13129
   1104.9   0.13133
   1105.1   0.13139
   1105.3   0.13138
   1105.6   0.13144
   1105.8   0.13149
   1106.0   0.13157
   1106.3   0.13168
   1106.5   0.13158
   1106.7   0.13144
   1107.0   0.13151
   1107.2   0.13160
   1107.4   0.13153
   1107.7   0.13147
   1107.9   0.13152
   1108.2   0.13154
   1108.4   0.13159
   1108.6   0.13176
   1108.9   0.13182
   1109.1   0.13182
   1109.3   0.13183
   1109.6   0.13184
   1109.8   0.13191
   1110.1   0.13194
   1110.3   0.13191
   1110.5   0.13193
   1110.8   0.13205
   1111.0   0.13200
   1111.3   0.13198
   1111.5   0.13206
   1111.7   0.13195
   1112.0   0.13189
   1112.2   0.13207
   1112.4   0.13204
   1112.7   0.13191
   1112.9   0.13193
   1113.2   0.13211
   1113.4   0.13223
   1113.6   0.13216
   1113.9   0.13219
   1114.1   0.13216
   1114.3   0.13227
   1114.6   0.13229
   1114.8   0.13231
   1115.1   0.13237
   1115.3   0.13244
   1115.6   0.13247
   1115.8   0.13243
   1116.0   0.13242
   1116.3   0.13253
   1116.5   0.13252
   1116.8   0.13250
   1117.0   0.13258
   1117.2   0.13259
   1117.5   0.13252
   1117.7   0.13246
   1118.0   0.13250
   1118.2   0.13259
   1118.4   0.13272
   1118.7   0.13270
   1118.9   0.13265
   1119.2   0.13279
   1119.4   0.13280
   1119.7   0.13271
   1119.9   0.13273
   1120.1   0.13271
   1120.4   0.13269
   1120.6   0.13276
   1120.9   0.13282
   1121.1   0.13281
   1121.3   0.13273
   1121.6   0.13282
   1121.8   0.13284
   1122.1   0.13286
   1122.3   0.13291
   1122.6   0.13291
   1122.8   0.13291
   1123.0   0.13296
   1123.3   0.13303
   1123.5   0.13303
   1123.8   0.13300
   1124.0   0.13286
   1124.3   0.13293
   1124.5   0.13317
   1124.8   0.13326
   1125.0   0.13319
   1125.2   0.13321
   1125.5   0.13312
   1125.7   0.13308
   1126.0   0.13319
   1126.2   0.13332
   1126.5   0.13340
   1126.7   0.13350
   1126.9   0.13352
   1127.2   0.13340
   1127.4   0.13331
   1127.7   0.13330
   1127.9   0.13341
   1128.2   0.13347
   1128.4   0.13348
   1128.7   0.13345
   1128.9   0.13359
   1129.2   0.13368
   1129.4   0.13368
   1129.7   0.13372
   1129.9   0.13366
   1130.1   0.13362
   1130.4   0.13371
   1130.6   0.13375
   1130.9   0.13372
   1131.1   0.13362
   1131.4   0.13365
   1131.6   0.13370
   1131.9   0.13386
   1132.1   0.13399
   1132.4   0.13392
   1132.6   0.13381
   1132.9   0.13381
   1133.1   0.13380
   1133.3   0.13383
   1133.6   0.13390
   1133.8   0.13404
   1134.1   0.13405
   1134.3   0.13402
   1134.6   0.13408
   1134.8   0.13422
   1135.1   0.13421
   1135.3   0.13402
   1135.6   0.13405
   1135.8   0.13429
   1136.1   0.13427
   1136.3   0.13423
   1136.6   0.13423
   1136.8   0.13415
   1137.1   0.13420
   1137.3   0.13418
   1137.6   0.13420
   1137.8   0.13434
   1138.1   0.13437
   1138.3   0.13433
   1138.6   0.13435
   1138.8   0.13447
   1139.1   0.13460
   1139.3   0.13455
   1139.6   0.13454
   1139.8   0.13452
   1140.1   0.13446
   1140.3   0.13452
   1140.6   0.13464
   1140.8   0.13472
   1141.1   0.13465
   1141.3   0.13451
   1141.6   0.13453
   1141.8   0.13465
   1142.1   0.13471
   1142.3   0.13469
   1142.6   0.13471
   1142.8   0.13477
   1143.1   0.13470
   1143.3   0.13469
   1143.6   0.13475
   1143.9   0.13480
   1144.1   0.13484
   1144.4   0.13488
   1144.6   0.13497
   1144.9   0.13507
   1145.1   0.13509
   1145.4   0.13498
   1145.6   0.13489
   1145.9   0.13492
   1146.1   0.13503
   1146.4   0.13505
   1146.6   0.13511
   1146.9   0.13513
   1147.2   0.13509
   1147.4   0.13515
   1147.7   0.13524
   1147.9   0.13524
   1148.2   0.13518
   1148.4   0.13518
   1148.7   0.13528
   1148.9   0.13539
   1149.2   0.13533
   1149.4   0.13528
   1149.7   0.13533
   1149.9   0.13537
   1150.2   0.13540
   1150.4   0.13543
   1150.7   0.13541
   1151.0   0.13538
   1151.2   0.13541
   1151.5   0.13545
   1151.7   0.13551
   1152.0   0.13555
   1152.2   0.13547
   1152.5   0.13550
   1152.8   0.13558
   1153.0   0.13563
   1153.3   0.13577
   1153.5   0.13578
   1153.8   0.13572
   1154.0   0.13571
   1154.3   0.13578
   1154.6   0.13581
   1154.8   0.13582
   1155.1   0.13583
   1155.3   0.13585
   1155.6   0.13581
   1155.8   0.13588
   1156.1   0.13597
   1156.4   0.13599
   1156.6   0.13595
   1156.9   0.13587
   1157.1   0.13595
   1157.4   0.13602
   1157.7   0.13598
   1157.9   0.13597
   1158.2   0.13608
   1158.4   0.13608
   1158.7   0.13611
   1158.9   0.13627
   1159.2   0.13630
   1159.5   0.13624
   1159.7   0.13625
   1160.0   0.13625
   1160.2   0.13624
   1160.5   0.13617
   1160.8   0.13615
   1161.0   0.13631
   1161.3   0.13633
   1161.5   0.13626
   1161.8   0.13637
   1162.1   0.13644
   1162.3   0.13648
   1162.6   0.13654
   1162.8   0.13657
   1163.1   0.13653
   1163.4   0.13658
   1163.6   0.13662
   1163.9   0.13649
   1164.2   0.13640
   1164.4   0.13651
   1164.7   0.13666
   1164.9   0.13663
   1165.2   0.13662
   1165.4   0.13671
   1165.7   0.13678
   1166.0   0.13674
   1166.2   0.13672
   1166.5   0.13682
   1166.8   0.13678
   1167.0   0.13671
   1167.3   0.13671
   1167.6   0.13676
   1167.8   0.13686
   1168.1   0.13688
   1168.3   0.13699
   1168.6   0.13708
   1168.9   0.13696
   1169.1   0.13691
   1169.4   0.13701
   1169.7   0.13698
   1169.9   0.13697
   1170.2   0.13700
   1170.4   0.13701
   1170.7   0.13716
   1171.0   0.13723
   1171.3   0.13720
   1171.5   0.13719
   1171.8   0.13723
   1172.0   0.13739
   1172.3   0.13747
   1172.6   0.13735
   1172.8   0.13724
   1173.1   0.13729
   1173.4   0.13742
   1173.6   0.13748
   1173.9   0.13746
   1174.2   0.13741
   1174.4   0.13736
   1174.7   0.13737
   1175.0   0.13751
   1175.2   0.13760
   1175.5   0.13751
   1175.8   0.13751
   1176.0   0.13759
   1176.3   0.13761
   1176.6   0.13761
   1176.8   0.13754
   1177.1   0.13761
   1177.4   0.13775
   1177.6   0.13775
   1177.9   0.13767
   1178.2   0.13773
   1178.4   0.13790
   1178.7   0.13797
   1179.0   0.13785
   1179.2   0.13783
   1179.5   0.13783
   1179.8   0.13781
   1180.0   0.13795
   1180.3   0.13806
   1180.6   0.13798
   1180.8   0.13792
   1181.1   0.13793
   1181.4   0.13795
   1181.7   0.13809
   1181.9   0.13812
   1182.2   0.13815
   1182.5   0.13814
   1182.7   0.13806
   1183.0   0.13803
   1183.3   0.13817
   1183.5   0.13819
   1183.8   0.13812
   1184.1   0.13812
   1184.4   0.13815
   1184.6   0.13825
   1184.9   0.13844
   1185.2   0.13845
   1185.4   0.13839
   1185.7   0.13837
   1186.0   0.13838
   1186.3   0.13841
   1186.5   0.13836
   1186.8   0.13842
   1187.1   0.13852
   1187.3   0.13851
   1187.6   0.13854
   1187.9   0.13852
   1188.2   0.13859
   1188.4   0.13870
   1188.7   0.13865
   1189.0   0.13871
   1189.3   0.13881
   1189.5   0.13873
   1189.8   0.13874
   1190.1   0.13881
   1190.3   0.13886
   1190.6   0.13886
   1190.9   0.13885
   1191.2   0.13886
   1191.4   0.13883
   1191.7   0.13893
   1192.0   0.13903
   1192.3   0.13899
   1192.5   0.13891
   1192.8   0.13887
   1193.1   0.13901
   1193.3   0.13910
   1193.6   0.13905
   1193.9   0.13909
   1194.2   0.13912
   1194.4   0.13913
   1194.7   0.13919
   1195.0   0.13916
   1195.3   0.13913
   1195.6   0.13911
   1195.8   0.13913
   1196.1   0.13919
   1196.4   0.13932
   1196.7   0.13943
   1196.9   0.13942
   1197.2   0.13937
   1197.5   0.13925
   1197.8   0.13933
   1198.0   0.13944
   1198.3   0.13946
   1198.6   0.13942
   1198.9   0.13946
   1199.2   0.13952
   1199.4   0.13952
   1199.7   0.13953
   1200.0   0.13954
   1200.3   0.13954
   1200.5   0.13954
   1200.8   0.13966
   1201.1   0.13973
   1201.4   0.13968
   1201.7   0.13970
   1201.9   0.13970
   1202.2   0.13962
   1202.5   0.13964
   1202.8   0.13973
   1203.0   0.13981
   1203.3   0.13995
   1203.6   0.13998
   1203.9   0.13989
   1204.2   0.13986
   1204.4   0.13990
   1204.7   0.13991
   1205.0   0.13991
   1205.3   0.13996
   1205.6   0.14007
   1205.8   0.14009
   1206.1   0.14008
   1206.4   0.14011
   1206.7   0.14014
   1207.0   0.14021
   1207.2   0.14021
   1207.5   0.14023
   1207.8   0.14030
   1208.1   0.14018
   1208.4   0.14016
   1208.7   0.14028
   1208.9   0.14033
   1209.2   0.14034
   1209.5   0.14029
   1209.8   0.14029
   1210.1   0.14035
   1210.3   0.14038
   1210.6   0.14046
   1210.9   0.14054
   1211.2   0.14051
   1211.5   0.14044
   1211.8   0.14044
   1212.0   0.14051
   1212.3   0.14060
   1212.6   0.14064
   1212.9   0.14065
   1213.2   0.14066
   1213.5   0.14066
   1213.7   0.14064
   1214.0   0.14073
   1214.3   0.14077
   1214.6   0.14075
   1214.9   0.14082
   1215.2   0.14080
   1215.4   0.14085
   1215.7   0.14087
   1216.0   0.14095
   1216.3   0.14104
   1216.6   0.14106
   1216.9   0.14099
   1217.2   0.14098
   1217.4   0.14103
   1217.7   0.14102
   1218.0   0.14101
   1218.3   0.14106
   1218.6   0.14110
   1218.9   0.14104
   1219.2   0.14098
   1219.4   0.14110
   1219.7   0.14119
   1220.0   0.14118
   1220.3   0.14109
   1220.6   0.14111
   1220.9   0.14122
   1221.2   0.14132
   1221.5   0.14141
   1221.8   0.14142
   1222.0   0.14140
   1222.3   0.14141
   1222.6   0.14143
   1222.9   0.14140
   1223.2   0.14144
   1223.5   0.14151
   1223.8   0.14145
   1224.1   0.14151
   1224.3   0.14160
   1224.6   0.14161
   1224.9   0.14156
   1225.2   0.14154
   1225.5   0.14163
   1225.8   0.14164
   1226.1   0.14169
   1226.4   0.14177
   1226.7   0.14182
   1227.0   0.14187
   1227.3   0.14187
   1227.5   0.14186
   1227.8   0.14179
   1228.1   0.14186
   1228.4   0.14196
   1228.7   0.14202
   1229.0   0.14213
   1229.3   0.14207
   1229.6   0.14198
   1229.9   0.14197
   1230.2   0.14197
   1230.4   0.14203
   1230.7   0.14205
   1231.0   0.14205
   1231.3   0.14213
   1231.6   0.14211
   1231.9   0.14212
   1232.2   0.14221
   1232.5   0.14227
   1232.8   0.14228
   1233.1   0.14225
   1233.4   0.14226
   1233.7   0.14234
   1234.0   0.14244
   1234.3   0.14242
   1234.6   0.14230
   1234.8   0.14232
   1235.1   0.14239
   1235.4   0.14237
   1235.7   0.14239
   1236.0   0.14244
   1236.3   0.14252
   1236.6   0.14252
   1236.9   0.14255
   1237.2   0.14261
   1237.5   0.14264
   1237.8   0.14268
   1238.1   0.14271
   1238.4   0.14269
   1238.7   0.14272
   1239.0   0.14271
   1239.3   0.14271
   1239.6   0.14267
   1239.9   0.14264
   1240.2   0.14277
   1240.5   0.14296
   1240.8   0.14304
   1241.1   0.14302
   1241.3   0.14295
   1241.7   0.14289
   1241.9   0.14292
   1242.2   0.14291
   1242.5   0.14297
   1242.8   0.14307
   1243.1   0.14302
   1243.4   0.14303
   1243.7   0.14314
   1244.0   0.14315
   1244.3   0.14316
   1244.6   0.14319
   1244.9   0.14324
   1245.2   0.14332
   1245.5   0.14334
   1245.8   0.14339
   1246.1   0.14348
   1246.4   0.14340
   1246.7   0.14332
   1247.0   0.14333
   1247.3   0.14344
   1247.6   0.14349
   1247.9   0.14350
   1248.2   0.14354
   1248.5   0.14353
   1248.8   0.14356
   1249.1   0.14355
   1249.4   0.14356
   1249.7   0.14362
   1250.0   0.14368
   1250.3   0.14374
   1250.6   0.14375
   1250.9   0.14373
   1251.2   0.14381
   1251.5   0.14377
   1251.8   0.14375
   1252.1   0.14381
   1252.4   0.14390
   1252.8   0.14383
   1253.1   0.14374
   1253.3   0.14385
   1253.7   0.14393
   1254.0   0.14398
   1254.3   0.14408
   1254.6   0.14413
   1254.9   0.14408
   1255.2   0.14403
   1255.5   0.14399
   1255.8   0.14403
   1256.1   0.14408
   1256.4   0.14412
   1256.7   0.14413
   1257.0   0.14412
   1257.3   0.14418
   1257.6   0.14428
   1257.9   0.14433
   1258.2   0.14438
   1258.5   0.14433
   1258.8   0.14431
   1259.1   0.14436
   1259.4   0.14438
   1259.8   0.14439
   1260.1   0.14443
   1260.4   0.14453
   1260.7   0.14453
   1261.0   0.14451
   1261.3   0.14461
   1261.6   0.14466
   1261.9   0.14464
   1262.2   0.14466
   1262.5   0.14473
   1262.8   0.14474
   1263.1   0.14471
   1263.4   0.14474
   1263.7   0.14475
   1264.1   0.14478
   1264.4   0.14486
   1264.7   0.14485
   1265.0   0.14482
   1265.3   0.14481
   1265.6   0.14486
   1265.9   0.14502
   1266.2   0.14519
   1266.5   0.14514
   1266.8   0.14503
   1267.1   0.14506
   1267.4   0.14513
   1267.8   0.14513
   1268.1   0.14520
   1268.4   0.14526
   1268.7   0.14524
   1269.0   0.14517
   1269.3   0.14517
   1269.6   0.14524
   1269.9   0.14524
   1270.2   0.14528
   1270.6   0.14530
   1270.9   0.14534
   1271.2   0.14537
   1271.5   0.14540
   1271.8   0.14540
   1272.1   0.14543
   1272.4   0.14548
   1272.7   0.14555
   1273.1   0.14565
   1273.4   0.14567
   1273.7   0.14560
   1274.0   0.14558
   1274.3   0.14558
   1274.6   0.14563
   1274.9   0.14564
   1275.2   0.14575
   1275.6   0.14581
   1275.9   0.14581
   1276.2   0.14576
   1276.5   0.14575
   1276.8   0.14585
   1277.1   0.14591
   1277.4   0.14594
   1277.8   0.14598
   1278.1   0.14600
   1278.4   0.14603
   1278.7   0.14599
   1279.0   0.14600
   1279.3   0.14608
   1279.7   0.14614
   1280.0   0.14619
   1280.3   0.14619
   1280.6   0.14623
   1280.9   0.14628
   1281.2   0.14629
   1281.6   0.14628
   1281.9   0.14632
   1282.2   0.14635
   1282.5   0.14637
   1282.8   0.14637
   1283.1   0.14637
   1283.4   0.14641
   1283.8   0.14652
   1284.1   0.14653
   1284.4   0.14643
   1284.7   0.14646
   1285.0   0.14648
   1285.4   0.14646
   1285.7   0.14645
   1286.0   0.14650
   1286.3   0.14665
   1286.6   0.14672
   1286.9   0.14675
   1287.3   0.14674
   1287.6   0.14673
   1287.9   0.14673
   1288.2   0.14674
   1288.6   0.14680
   1288.9   0.14688
   1289.2   0.14692
   1289.5   0.14691
   1289.8   0.14695
   1290.2   0.14696
   1290.5   0.14693
   1290.8   0.14696
   1291.1   0.14701
   1291.4   0.14706
   1291.8   0.14708
   1292.1   0.14710
   1292.4   0.14722
   1292.7   0.14723
   1293.1   0.14711
   1293.4   0.14710
   1293.7   0.14724
   1294.0   0.14731
   1294.3   0.14731
   1294.7   0.14736
   1295.0   0.14736
   1295.3   0.14727
   1295.6   0.14731
   1296.0   0.14740
   1296.3   0.14743
   1296.6   0.14741
   1296.9   0.14754
   1297.3   0.14760
   1297.6   0.14752
   1297.9   0.14751
   1298.2   0.14754
   1298.6   0.14754
   1298.9   0.14767
   1299.2   0.14781
   1299.5   0.14772
   1299.9   0.14772
   1300.2   0.14774
   1300.5   0.14773
   1300.8   0.14777
   1301.2   0.14785
   1301.5   0.14792
   1301.8   0.14796
   1302.1   0.14798
   1302.5   0.14805
   1302.8   0.14807
   1303.1   0.14804
   1303.4   0.14806
   1303.8   0.14813
   1304.1   0.14813
   1304.4   0.14809
   1304.8   0.14811
   1305.1   0.14814
   1305.4   0.14817
   1305.8   0.14823
   1306.1   0.14826
   1306.4   0.14825
   1306.7   0.14832
   1307.1   0.14835
   1307.4   0.14839
   1307.7   0.14848
   1308.1   0.14848
   1308.4   0.14841
   1308.7   0.14848
   1309.1   0.14851
   1309.4   0.14849
   1309.7   0.14849
   1310.0   0.14849
   1310.4   0.14855
   1310.7   0.14863
   1311.0   0.14867
   1311.4   0.14873
   1311.7   0.14874
   1312.0   0.14871
   1312.4   0.14876
   1312.7   0.14882
   1313.0   0.14881
   1313.4   0.14881
   1313.7   0.14883
   1314.0   0.14887
   1314.4   0.14892
   1314.7   0.14894
   1315.0   0.14895
   1315.4   0.14899
   1315.7   0.14902
   1316.0   0.14907
   1316.4   0.14916
   1316.7   0.14918
   1317.0   0.14917
   1317.4   0.14917
   1317.7   0.14913
   1318.0   0.14916
   1318.4   0.14919
   1318.7   0.14918
   1319.0   0.14920
   1319.4   0.14931
   1319.7   0.14945
   1320.1   0.14944
   1320.4   0.14942
   1320.7   0.14946
   1321.1   0.14945
   1321.4   0.14952
   1321.7   0.14965
   1322.1   0.14964
   1322.4   0.14961
   1322.7   0.14968
   1323.1   0.14970
   1323.4   0.14968
   1323.8   0.14969
   1324.1   0.14974
   1324.4   0.14978
   1324.8   0.14982
   1325.1   0.14981
   1325.4   0.14983
   1325.8   0.14990
   1326.1   0.14995
   1326.5   0.14999
   1326.8   0.15000
   1327.1   0.14999
   1327.5   0.15000
   1327.8   0.15005
   1328.2   0.15010
   1328.5   0.15011
   1328.8   0.15011
   1329.2   0.15013
   1329.5   0.15022
   1329.9   0.15024
   1330.2   0.15026
   1330.6   0.15027
   1330.9   0.15029
   1331.2   0.15032
   1331.6   0.15032
   1331.9   0.15040
   1332.3   0.15049
   1332.6   0.15046
   1332.9   0.15045
   1333.3   0.15046
   1333.6   0.15049
   1334.0   0.15056
   1334.3   0.15063
   1334.7   0.15066
   1335.0   0.15066
   1335.3   0.15066
   1335.7   0.15071
   1336.0   0.15074
   1336.4   0.15071
   1336.7   0.15075
   1337.1   0.15079
   1337.4   0.15080
   1337.8   0.15083
   1338.1   0.15091
   1338.4   0.15093
   1338.8   0.15095
   1339.1   0.15101
   1339.5   0.15098
   1339.8   0.15098
   1340.2   0.15109
   1340.5   0.15113
   1340.9   0.15106
   1341.2   0.15113
   1341.6   0.15119
   1341.9   0.15116
   1342.3   0.15120
   1342.6   0.15128
   1342.9   0.15133
   1343.3   0.15132
   1343.7   0.15134
   1344.0   0.15137
   1344.3   0.15138
   1344.7   0.15143
   1345.0   0.15150
   1345.4   0.15152
   1345.7   0.15153
   1346.1   0.15155
   1346.4   0.15157
   1346.8   0.15160
   1347.1   0.15163
   1347.5   0.15170
   1347.8   0.15172
   1348.2   0.15168
   1348.5   0.15172
   1348.9   0.15178
   1349.3   0.15179
   1349.6   0.15179
   1349.9   0.15184
   1350.3   0.15193
   1350.7   0.15202
   1351.0   0.15200
   1351.3   0.15199
   1351.7   0.15207
   1352.1   0.15214
   1352.4   0.15212
   1352.8   0.15217
   1353.1   0.15222
   1353.5   0.15220
   1353.8   0.15217
   1354.2   0.15223
   1354.5   0.15230
   1354.9   0.15232
   1355.2   0.15234
   1355.6   0.15243
   1355.9   0.15246
   1356.3   0.15248
   1356.7   0.15248
   1357.0   0.15250
   1357.4   0.15255
   1357.7   0.15262
   1358.1   0.15262
   1358.4   0.15258
   1358.8   0.15266
   1359.2   0.15274
   1359.5   0.15274
   1359.9   0.15273
   1360.2   0.15277
   1360.6   0.15279
   1360.9   0.15280
   1361.3   0.15281
   1361.7   0.15277
   1362.0   0.15282
   1362.4   0.15296
   1362.7   0.15310
   1363.1   0.15307
   1363.4   0.15303
   1363.8   0.15309
   1364.2   0.15307
   1364.5   0.15306
   1364.9   0.15312
   1365.2   0.15318
   1365.6   0.15320
   1365.9   0.15316
   1366.3   0.15322
   1366.7   0.15324
   1367.0   0.15321
   1367.4   0.15323
   1367.8   0.15333
   1368.1   0.15342
   1368.5   0.15340
   1368.8   0.15344
   1369.2   0.15347
   1369.6   0.15348
   1369.9   0.15355
   1370.3   0.15356
   1370.7   0.15359
   1371.0   0.15370
   1371.4   0.15371
   1371.7   0.15372
   1372.1   0.15376
   1372.5   0.15380
   1372.8   0.15380
   1373.2   0.15379
   1373.6   0.15381
   1373.9   0.15383
   1374.3   0.15382
   1374.6   0.15387
   1375.0   0.15387
   1375.4   0.15394
   1375.7   0.15399
   1376.1   0.15400
   1376.5   0.15405
   1376.8   0.15407
   1377.2   0.15409
   1377.6   0.15417
   1377.9   0.15423
   1378.3   0.15428
   1378.7   0.15429
   1379.0   0.15428
   1379.4   0.15433
   1379.8   0.15435
   1380.1   0.15439
   1380.5   0.15437
   1380.9   0.15440
   1381.2   0.15447
   1381.6   0.15449
   1382.0   0.15449
   1382.3   0.15447
   1382.7   0.15449
   1383.1   0.15460
   1383.4   0.15465
   1383.8   0.15463
   1384.2   0.15468
   1384.6   0.15474
   1384.9   0.15470
   1385.3   0.15477
   1385.7   0.15485
   1386.0   0.15487
   1386.4   0.15488
   1386.8   0.15488
   1387.2   0.15493
   1387.5   0.15495
   1387.9   0.15497
   1388.3   0.15502
   1388.6   0.15500
   1389.0   0.15501
   1389.4   0.15501
   1389.8   0.15505
   1390.1   0.15518
   1390.5   0.15524
   1390.9   0.15521
   1391.2   0.15525
   1391.6   0.15532
   1392.0   0.15538
   1392.4   0.15538
   1392.7   0.15542
   1393.1   0.15545
   1393.5   0.15545
   1393.9   0.15551
   1394.2   0.15557
   1394.6   0.15553
   1395.0   0.15548
   1395.4   0.15551
   1395.7   0.15557
   1396.1   0.15558
   1396.5   0.15564
   1396.9   0.15574
   1397.2   0.15573
   1397.6   0.15578
   1398.0   0.15587
   1398.4   0.15586
   1398.8   0.15580
   1399.1   0.15581
   1399.5   0.15591
   1399.9   0.15599
   1400.3   0.15599
   1400.6   0.15594
   1401.0   0.15596
   1401.4   0.15601
   1401.8   0.15599
   1402.2   0.15602
   1402.5   0.15614
   1402.9   0.15620
   1403.3   0.15622
   1403.7   0.15623
   1404.1   0.15622
   1404.4   0.15622
   1404.8   0.15630
   1405.2   0.15641
   1405.6   0.15647
   1406.0   0.15648
   1406.3   0.15646
   1406.7   0.15649
   1407.1   0.15652
   1407.5   0.15655
   1407.9   0.15654
   1408.3   0.15656
   1408.6   0.15667
   1409.0   0.15667
   1409.4   0.15665
   1409.8   0.15667
   1410.2   0.15674
   1410.6   0.15681
   1410.9   0.15680
   1411.3   0.15677
   1411.7   0.15681
   1412.1   0.15694
   1412.5   0.15697
   1412.8   0.15697
   1413.2   0.15702
   1413.6   0.15705
   1414.0   0.15703
   1414.4   0.15707
   1414.8   0.15716
   1415.2   0.15715
   1415.6   0.15716
   1415.9   0.15720
   1416.3   0.15721
   1416.7   0.15721
   1417.1   0.15724
   1417.5   0.15730
   1417.9   0.15733
   1418.3   0.15732
   1418.7   0.15732
   1419.0   0.15741
   1419.4   0.15752
   1419.8   0.15757
   1420.2   0.15761
   1420.6   0.15764
   1421.0   0.15763
   1421.4   0.15768
   1421.8   0.15767
   1422.2   0.15769
   1422.5   0.15777
   1422.9   0.15786
   1423.3   0.15790
   1423.7   0.15788
   1424.1   0.15784
   1424.5   0.15783
   1424.9   0.15788
   1425.3   0.15799
   1425.7   0.15801
   1426.1   0.15804
   1426.5   0.15806
   1426.8   0.15808
   1427.2   0.15812
   1427.6   0.15813
   1428.0   0.15818
   1428.4   0.15823
   1428.8   0.15828
   1429.2   0.15826
   1429.6   0.15825
   1430.0   0.15827
   1430.4   0.15827
   1430.8   0.15834
   1431.2   0.15841
   1431.6   0.15843
   1432.0   0.15845
   1432.4   0.15847
   1432.8   0.15849
   1433.2   0.15857
   1433.6   0.15861
   1433.9   0.15861
   1434.3   0.15868
   1434.8   0.15877
   1435.1   0.15880
   1435.5   0.15881
   1435.9   0.15881
   1436.3   0.15888
   1436.7   0.15891
   1437.1   0.15892
   1437.5   0.15893
   1437.9   0.15895
   1438.3   0.15897
   1438.7   0.15901
   1439.1   0.15909
   1439.5   0.15913
   1439.9   0.15912
   1440.3   0.15911
   1440.7   0.15913
   1441.1   0.15919
   1441.5   0.15925
   1441.9   0.15928
   1442.3   0.15925
   1442.7   0.15924
   1443.1   0.15926
   1443.5   0.15932
   1443.9   0.15931
   1444.3   0.15935
   1444.7   0.15947
   1445.1   0.15950
   1445.6   0.15945
   1445.9   0.15945
   1446.3   0.15955
   1446.8   0.15965
   1447.2   0.15964
   1447.6   0.15965
   1448.0   0.15969
   1448.4   0.15968
   1448.8   0.15966
   1449.2   0.15967
   1449.6   0.15974
   1450.0   0.15985
   1450.4   0.15990
   1450.8   0.15990
   1451.2   0.15988
   1451.6   0.15990
   1452.0   0.15993
   1452.4   0.16002
   1452.8   0.16006
   1453.2   0.16007
   1453.7   0.16010
   1454.1   0.16013
   1454.5   0.16020
   1454.9   0.16020
   1455.3   0.16018
   1455.7   0.16019
   1456.1   0.16024
   1456.5   0.16027
   1456.9   0.16031
   1457.3   0.16037
   1457.7   0.16040
   1458.2   0.16042
   1458.6   0.16041
   1459.0   0.16046
   1459.4   0.16057
   1459.8   0.16058
   1460.2   0.16052
   1460.6   0.16058
   1461.0   0.16063
   1461.4   0.16061
   1461.8   0.16064
   1462.3   0.16072
   1462.7   0.16078
   1463.1   0.16077
   1463.5   0.16080
   1463.9   0.16084
   1464.3   0.16087
   1464.7   0.16089
   1465.2   0.16093
   1465.6   0.16093
   1466.0   0.16096
   1466.4   0.16104
   1466.8   0.16114
   1467.2   0.16116
   1467.6   0.16112
   1468.1   0.16118
   1468.5   0.16125
   1468.9   0.16122
   1469.3   0.16122
   1469.7   0.16125
   1470.1   0.16126
   1470.6   0.16130
   1471.0   0.16138
   1471.4   0.16143
   1471.8   0.16145
   1472.2   0.16150
   1472.6   0.16153
   1473.1   0.16156
   1473.5   0.16159
   1473.9   0.16159
   1474.3   0.16163
   1474.7   0.16165
   1475.2   0.16167
   1475.6   0.16166
   1476.0   0.16169
   1476.4   0.16175
   1476.8   0.16180
   1477.3   0.16191
   1477.7   0.16193
   1478.1   0.16187
   1478.5   0.16184
   1478.9   0.16197
   1479.4   0.16205
   1479.8   0.16203
   1480.2   0.16206
   1480.6   0.16211
   1481.1   0.16208
   1481.5   0.16210
   1481.9   0.16214
   1482.3   0.16214
   1482.8   0.16217
   1483.2   0.16230
   1483.6   0.16234
   1484.0   0.16230
   1484.4   0.16236
   1484.9   0.16243
   1485.3   0.16240
   1485.7   0.16238
   1486.2   0.16242
   1486.6   0.16250
   1487.0   0.16254
   1487.4   0.16259
   1487.9   0.16262
   1488.3   0.16263
   1488.7   0.16262
   1489.1   0.16264
   1489.6   0.16270
   1490.0   0.16278
   1490.4   0.16283
   1490.8   0.16282
   1491.3   0.16281
   1491.7   0.16286
   1492.1   0.16283
   1492.6   0.16286
   1493.0   0.16300
   1493.4   0.16301
   1493.9   0.16300
   1494.3   0.16303
   1494.7   0.16309
   1495.2   0.16318
   1495.6   0.16324
   1496.0   0.16319
   1496.4   0.16314
   1496.9   0.16321
   1497.3   0.16328
   1497.7   0.16333
   1498.2   0.16337
   1498.6   0.16335
   1499.0   0.16335
   1499.5   0.16341
   1499.9   0.16348
   1500.3   0.16349
   1500.8   0.16354
   1501.2   0.16361
   1501.7   0.16357
   1502.1   0.16356
   1502.5   0.16364
   1502.9   0.16369
   1503.4   0.16372
   1503.8   0.16373
   1504.3   0.16379
   1504.7   0.16377
   1505.1   0.16381
   1505.6   0.16394
   1506.0   0.16395
   1506.4   0.16393
   1506.9   0.16392
   1507.3   0.16398
   1507.8   0.16404
   1508.2   0.16404
   1508.6   0.16405
   1509.1   0.16409
   1509.5   0.16414
   1510.0   0.16411
   1510.4   0.16412
   1510.8   0.16420
   1511.3   0.16428
   1511.7   0.16427
   1512.2   0.16429
   1512.6   0.16429
   1513.0   0.16432
   1513.5   0.16438
   1513.9   0.16441
   1514.4   0.16446
   1514.8   0.16450
   1515.3   0.16453
   1515.7   0.16458
   1516.1   0.16459
   1516.6   0.16459
   1517.0   0.16459
   1517.5   0.16462
   1517.9   0.16465
   1518.4   0.16470
   1518.8   0.16474
   1519.3   0.16476
   1519.7   0.16478
   1520.1   0.16483
   1520.6   0.16489
   1521.0   0.16495
   1521.5   0.16494
   1521.9   0.16494
   1522.4   0.16496
   1522.8   0.16496
   1523.3   0.16500
   1523.7   0.16515
   1524.2   0.16522
   1524.6   0.16517
   1525.1   0.16512
   1525.5   0.16521
   1525.9   0.16526
   1526.4   0.16527
   1526.8   0.16530
   1527.3   0.16529
   1527.8   0.16528
   1528.2   0.16533
   1528.7   0.16533
   1529.1   0.16537
   1529.6   0.16545
   1530.0   0.16547
   1530.5   0.16544
   1530.9   0.16543
   1531.4   0.16551
   1531.8   0.16558
   1532.3   0.16559
   1532.7   0.16562
   1533.2   0.16566
   1533.6   0.16569
   1534.1   0.16572
   1534.5   0.16573
   1535.0   0.16576
   1535.4   0.16582
   1535.9   0.16581
   1536.3   0.16585
   1536.8   0.16593
   1537.3   0.16600
   1537.7   0.16605
   1538.2   0.16603
   1538.6   0.16603
   1539.1   0.16612
   1539.6   0.16613
   1540.0   0.16611
   1540.5   0.16613
   1540.9   0.16621
   1541.4   0.16627
   1541.8   0.16631
   1542.3   0.16632
   1542.8   0.16632
   1543.2   0.16633
   1543.7   0.16633
   1544.1   0.16633
   1544.6   0.16640
   1545.1   0.16646
   1545.5   0.16648
   1546.0   0.16649
   1546.4   0.16651
   1546.9   0.16654
   1547.4   0.16658
   1547.8   0.16661
   1548.3   0.16663
   1548.8   0.16665
   1549.2   0.16666
   1549.7   0.16670
   1550.1   0.16673
   1550.6   0.16677
   1551.1   0.16681
   1551.5   0.16683
   1552.0   0.16681
   1552.4   0.16681
   1552.9   0.16686
   1553.4   0.16688
   1553.8   0.16693
   1554.3   0.16700
   1554.8   0.16702
   1555.3   0.16708
   1555.7   0.16718
   1556.2   0.16720
   1556.7   0.16723
   1557.1   0.16720
   1557.6   0.16716
   1558.1   0.16717
   1558.5   0.16726
   1559.0   0.16735
   1559.5   0.16739
   1559.9   0.16740
   1560.4   0.16738
   1560.9   0.16742
   1561.3   0.16749
   1561.8   0.16753
   1562.3   0.16755
   1562.8   0.16758
   1563.2   0.16761
   1563.7   0.16762
   1564.2   0.16766
   1564.6   0.16769
   1565.1   0.16771
   1565.6   0.16775
   1566.1   0.16778
   1566.5   0.16776
   1567.0   0.16779
   1567.5   0.16787
   1567.9   0.16790
   1568.4   0.16792
   1568.9   0.16795
   1569.4   0.16794
   1569.8   0.16797
   1570.3   0.16801
   1570.8   0.16807
   1571.3   0.16813
   1571.8   0.16812
   1572.2   0.16812
   1572.7   0.16813
   1573.2   0.16815
   1573.7   0.16820
   1574.1   0.16828
   1574.6   0.16834
   1575.1   0.16836
   1575.6   0.16835
   1576.1   0.16838
   1576.5   0.16842
   1577.0   0.16842
   1577.5   0.16846
   1578.0   0.16848
   1578.4   0.16851
   1578.9   0.16856
   1579.4   0.16861
   1579.9   0.16864
   1580.4   0.16864
   1580.9   0.16861
   1581.3   0.16861
   1581.8   0.16867
   1582.3   0.16877
   1582.8   0.16886
   1583.3   0.16887
   1583.8   0.16887
   1584.2   0.16886
   1584.7   0.16891
   1585.2   0.16893
   1585.7   0.16890
   1586.2   0.16889
   1586.7   0.16894
   1587.2   0.16892
   1587.6   0.16896
   1588.1   0.16904
   1588.6   0.16905
   1589.1   0.16908
   1589.6   0.16916
   1590.1   0.16925
   1590.6   0.16926
   1591.0   0.16926
   1591.5   0.16929
   1592.0   0.16930
   1592.5   0.16931
   1593.0   0.16936
   1593.5   0.16939
   1594.0   0.16941
   1594.5   0.16940
   1595.0   0.16944
   1595.4   0.16947
   1595.9   0.16945
   1596.4   0.16947
   1596.9   0.16953
   1597.4   0.16959
   1597.9   0.16961
   1598.4   0.16966
   1598.9   0.16968
   1599.4   0.16969
   1599.9   0.16976
   1600.4   0.16980
   1600.9   0.16979
   1601.4   0.16981
   1601.9   0.16984
   1602.3   0.16984
   1602.8   0.16991
   1603.3   0.16997
   1603.8   0.16999
   1604.3   0.16998
   1604.8   0.17002
   1605.3   0.17006
   1605.8   0.17010
   1606.3   0.17012
   1606.8   0.17012
   1607.3   0.17013
   1607.8   0.17020
   1608.3   0.17023
   1608.8   0.17028
   1609.3   0.17032
   1609.8   0.17034
   1610.3   0.17036
   1610.8   0.17039
   1611.3   0.17039
   1611.8   0.17035
   1612.3   0.17039
   1612.8   0.17043
   1613.3   0.17051
   1613.8   0.17055
   1614.3   0.17056
   1614.8   0.17054
   1615.3   0.17061
   1615.8   0.17069
   1616.3   0.17071
   1616.8   0.17073
   1617.3   0.17076
   1617.8   0.17078
   1618.4   0.17079
   1618.9   0.17081
   1619.4   0.17083
   1619.9   0.17088
   1620.4   0.17091
   1620.9   0.17094
   1621.4   0.17096
   1621.9   0.17102
   1622.4   0.17106
   1622.9   0.17108
   1623.4   0.17112
   1623.9   0.17111
   1624.4   0.17114
   1624.9   0.17117
   1625.5   0.17114
   1626.0   0.17116
   1626.5   0.17122
   1627.0   0.17125
   1627.5   0.17127
   1628.0   0.17132
   1628.5   0.17133
   1629.0   0.17136
   1629.6   0.17136
   1630.1   0.17139
   1630.6   0.17143
   1631.1   0.17149
   1631.6   0.17151
   1632.1   0.17155
   1632.6   0.17160
   1633.1   0.17161
   1633.7   0.17163
   1634.2   0.17165
   1634.7   0.17167
   1635.2   0.17169
   1635.7   0.17173
   1636.2   0.17172
   1636.8   0.17171
   1637.3   0.17176
   1637.8   0.17180
   1638.3   0.17183
   1638.8   0.17188
   1639.3   0.17192
   1639.8   0.17193
   1640.4   0.17193
   1640.9   0.17197
   1641.4   0.17202
   1641.9   0.17205
   1642.4   0.17205
   1643.0   0.17207
   1643.5   0.17212
   1644.0   0.17214
   1644.5   0.17214
   1645.1   0.17217
   1645.6   0.17224
   1646.1   0.17229
   1646.6   0.17229
   1647.2   0.17229
   1647.7   0.17236
   1648.2   0.17242
   1648.7   0.17244
   1649.2   0.17240
   1649.8   0.17242
   1650.3   0.17246
   1650.8   0.17248
   1651.3   0.17247
   1651.9   0.17250
   1652.4   0.17257
   1652.9   0.17259
   1653.4   0.17260
   1654.0   0.17267
   1654.5   0.17267
   1655.0   0.17267
   1655.6   0.17271
   1656.1   0.17279
   1656.6   0.17285
   1657.2   0.17288
   1657.7   0.17291
   1658.2   0.17290
   1658.7   0.17289
   1659.3   0.17288
   1659.8   0.17294
   1660.3   0.17303
   1660.9   0.17302
   1661.4   0.17304
   1661.9   0.17312
   1662.5   0.17313
   1663.0   0.17313
   1663.5   0.17316
   1664.1   0.17321
   1664.6   0.17326
   1665.1   0.17328
   1665.7   0.17327
   1666.2   0.17330
   1666.7   0.17333
   1667.3   0.17336
   1667.8   0.17344
   1668.3   0.17350
   1668.9   0.17349
   1669.4   0.17345
   1670.0   0.17347
   1670.5   0.17350
   1671.0   0.17350
   1671.6   0.17355
   1672.1   0.17362
   1672.7   0.17363
   1673.2   0.17366
   1673.7   0.17371
   1674.3   0.17373
   1674.8   0.17376
   1675.4   0.17380
   1675.9   0.17380
   1676.4   0.17380
   1677.0   0.17384
   1677.5   0.17390
   1678.1   0.17395
   1678.6   0.17398
   1679.2   0.17400
   1679.7   0.17399
   1680.2   0.17399
   1680.8   0.17402
   1681.3   0.17404
   1681.9   0.17407
   1682.4   0.17411
   1683.0   0.17411
   1683.5   0.17414
   1684.1   0.17420
   1684.6   0.17421
   1685.2   0.17425
   1685.7   0.17428
   1686.3   0.17432
   1686.8   0.17433
   1687.3   0.17433
   1687.9   0.17438
   1688.4   0.17439
   1689.0   0.17444
   1689.6   0.17447
   1690.1   0.17448
   1690.7   0.17451
   1691.2   0.17452
   1691.8   0.17457
   1692.3   0.17464
   1692.9   0.17468
   1693.4   0.17470
   1694.0   0.17472
   1694.5   0.17475
   1695.1   0.17477
   1695.6   0.17478
   1696.2   0.17481
   1696.7   0.17489
   1697.3   0.17490
   1697.8   0.17488
   1698.4   0.17489
   1699.0   0.17493
   1699.5   0.17498
   1700.1   0.17502
   1700.6   0.17506
   1701.2   0.17508
   1701.8   0.17509
   1702.3   0.17507
   1702.9   0.17511
   1703.4   0.17516
   1704.0   0.17518
   1704.6   0.17520
   1705.1   0.17522
   1705.7   0.17524
   1706.2   0.17528
   1706.8   0.17529
   1707.4   0.17530
   1707.9   0.17533
   1708.5   0.17537
   1709.0   0.17538
   1709.6   0.17544
   1710.2   0.17548
   1710.7   0.17549
   1711.3   0.17550
   1711.9   0.17553
   1712.4   0.17557
   1713.0   0.17561
   1713.6   0.17563
   1714.1   0.17566
   1714.7   0.17568
   1715.3   0.17570
   1715.8   0.17573
   1716.4   0.17578
   1717.0   0.17584
   1717.5   0.17588
   1718.1   0.17589
   1718.7   0.17588
   1719.2   0.17588
   1719.8   0.17591
   1720.4   0.17598
   1721.0   0.17603
   1721.5   0.17604
   1722.1   0.17604
   1722.7   0.17607
   1723.2   0.17608
   1723.8   0.17612
   1724.4   0.17618
   1725.0   0.17619
   1725.5   0.17617
   1726.1   0.17620
   1726.7   0.17627
   1727.3   0.17631
   1727.8   0.17634
   1728.4   0.17639
   1729.0   0.17639
   1729.6   0.17642
   1730.1   0.17648
   1730.7   0.17648
   1731.3   0.17645
   1731.9   0.17650
   1732.5   0.17654
   1733.0   0.17655
   1733.6   0.17660
   1734.2   0.17665
   1734.8   0.17667
   1735.4   0.17669
   1735.9   0.17675
   1736.5   0.17677
   1737.1   0.17679
   1737.7   0.17685
   1738.3   0.17685
   1738.8   0.17684
   1739.4   0.17689
   1740.0   0.17694
   1740.6   0.17702
   1741.2   0.17700
   1741.8   0.17700
   1742.3   0.17706
   1742.9   0.17710
   1743.5   0.17711
   1744.1   0.17713
   1744.7   0.17719
   1745.3   0.17721
   1745.9   0.17722
   1746.5   0.17727
   1747.1   0.17729
   1747.6   0.17726
   1748.2   0.17724
   1748.8   0.17730
   1749.4   0.17739
   1750.0   0.17747
   1750.6   0.17746
   1751.2   0.17747
   1751.8   0.17752
   1752.4   0.17751
   1753.0   0.17750
   1753.6   0.17759
   1754.1   0.17765
   1754.7   0.17763
   1755.3   0.17764
   1755.9   0.17768
   1756.5   0.17768
   1757.1   0.17770
   1757.7   0.17778
   1758.3   0.17779
   1758.9   0.17777
   1759.5   0.17782
   1760.1   0.17787
   1760.7   0.17789
   1761.3   0.17790
   1761.9   0.17793
   1762.5   0.17797
   1763.1   0.17796
   1763.7   0.17798
   1764.3   0.17802
   1764.9   0.17804
   1765.5   0.17808
   1766.1   0.17812
   1766.7   0.17818
   1767.3   0.17820
   1767.9   0.17826
   1768.5   0.17831
   1769.1   0.17833
   1769.7   0.17834
   1770.3   0.17834
   1770.9   0.17835
   1771.5   0.17839
   1772.1   0.17844
   1772.7   0.17845
   1773.3   0.17843
   1773.9   0.17844
   1774.6   0.17851
   1775.2   0.17858
   1775.8   0.17860
   1776.4   0.17862
   1777.0   0.17865
   1777.6   0.17866
   1778.2   0.17866
   1778.8   0.17871
   1779.4   0.17875
   1780.0   0.17876
   1780.7   0.17878
   1781.3   0.17885
   1781.9   0.17889
   1782.5   0.17893
   1783.1   0.17894
   1783.7   0.17894
   1784.3   0.17893
   1784.9   0.17897
   1785.6   0.17910
   1786.2   0.17914
   1786.8   0.17911
   1787.4   0.17912
   1788.0   0.17916
   1788.6   0.17923
   1789.3   0.17925
   1789.9   0.17924
   1790.5   0.17930
   1791.1   0.17931
   1791.7   0.17930
   1792.3   0.17936
   1793.0   0.17938
   1793.6   0.17939
   1794.2   0.17944
   1794.8   0.17948
   1795.4   0.17950
   1796.1   0.17953
   1796.7   0.17955
   1797.3   0.17957
   1797.9   0.17964
   1798.6   0.17969
   1799.2   0.17973
   1799.8   0.17975
   1800.4   0.17980
   1801.1   0.17982
   1801.7   0.17982
   1802.3   0.17984
   1802.9   0.17989
   1803.6   0.17993
   1804.2   0.17990
   1804.8   0.17994
   1805.4   0.18007
   1806.1   0.18010
   1806.7   0.18007
   1807.3   0.18008
   1808.0   0.18014
   1808.6   0.18018
   1809.2   0.18018
   1809.9   0.18021
   1810.5   0.18024
   1811.1   0.18028
   1811.8   0.18029
   1812.4   0.18029
   1813.0   0.18032
   1813.7   0.18037
   1814.3   0.18043
   1814.9   0.18047
   1815.6   0.18049
   1816.2   0.18054
   1816.8   0.18057
   1817.5   0.18056
   1818.1   0.18058
   1818.8   0.18063
   1819.4   0.18064
   1820.0   0.18068
   1820.7   0.18071
   1821.3   0.18075
   1821.9   0.18082
   1822.6   0.18087
   1823.2   0.18084
   1823.9   0.18081
   1824.5   0.18084
   1825.2   0.18087
   1825.8   0.18090
   1826.4   0.18095
   1827.1   0.18100
   1827.7   0.18102
   1828.4   0.18104
   1829.0   0.18107
   1829.7   0.18114
   1830.3   0.18119
   1831.0   0.18119
   1831.6   0.18120
   1832.3   0.18126
   1832.9   0.18131
   1833.6   0.18133
   1834.2   0.18133
   1834.8   0.18136
   1835.5   0.18138
   1836.1   0.18139
   1836.8   0.18149
   1837.4   0.18152
   1838.1   0.18149
   1838.8   0.18153
   1839.4   0.18159
   1840.1   0.18163
   1840.7   0.18166
   1841.4   0.18167
   1842.0   0.18178
   1842.7   0.18186
   1843.3   0.18179
   1844.0   0.18176
   1844.6   0.18182
   1845.3   0.18188
   1845.9   0.18188
   1846.6   0.18190
   1847.3   0.18194
   1847.9   0.18199
   1848.6   0.18203
   1849.2   0.18207
   1849.9   0.18210
   1850.6   0.18214
   1851.2   0.18220
   1851.9   0.18224
   1852.6   0.18225
   1853.2   0.18229
   1853.9   0.18232
   1854.5   0.18231
   1855.2   0.18234
   1855.9   0.18239
   1856.5   0.18242
   1857.2   0.18245
   1857.9   0.18245
   1858.5   0.18249
   1859.2   0.18254
   1859.9   0.18256
   1860.5   0.18259
   1861.2   0.18260
   1861.9   0.18264
   1862.5   0.18272
   1863.2   0.18278
   1863.9   0.18280
   1864.5   0.18284
   1865.2   0.18291
   1865.9   0.18296
   1866.6   0.18298
   1867.2   0.18297
   1867.9   0.18296
   1868.6   0.18300
   1869.2   0.18303
   1869.9   0.18305
   1870.6   0.18309
   1871.3   0.18316
   1871.9   0.18316
   1872.6   0.18316
   1873.3   0.18320
   1874.0   0.18325
   1874.7   0.18329
   1875.3   0.18331
   1876.0   0.18333
   1876.7   0.18334
   1877.4   0.18339
   1878.0   0.18345
   1878.7   0.18344
   1879.4   0.18344
   1880.1   0.18351
   1880.8   0.18359
   1881.4   0.18363
   1882.1   0.18364
   1882.8   0.18362
   1883.5   0.18363
   1884.2   0.18369
   1884.9   0.18375
   1885.6   0.18382
   1886.2   0.18385
   1886.9   0.18387
   1887.6   0.18389
   1888.3   0.18390
   1889.0   0.18397
   1889.7   0.18405
   1890.4   0.18408
   1891.1   0.18412
   1891.8   0.18414
   1892.4   0.18416
   1893.1   0.18418
   1893.8   0.18421
   1894.5   0.18426
   1895.2   0.18427
   1895.9   0.18427
   1896.6   0.18431
   1897.3   0.18436
   1898.0   0.18435
   1898.7   0.18437
   1899.4   0.18443
   1900.1   0.18454
   1900.8   0.18456
   1901.5   0.18456
   1902.2   0.18455
   1902.9   0.18456
   1903.6   0.18467
   1904.3   0.18471
   1905.0   0.18475
   1905.7   0.18481
   1906.4   0.18479
   1907.1   0.18476
   1907.8   0.18475
   1908.5   0.18480
   1909.2   0.18488
   1909.9   0.18491
   1910.6   0.18491
   1911.3   0.18495
   1912.0   0.18502
   1912.7   0.18507
   1913.4   0.18512
   1914.1   0.18514
   1914.8   0.18517
   1915.5   0.18520
   1916.2   0.18523
   1916.9   0.18526
   1917.6   0.18525
   1918.3   0.18529
   1919.1   0.18538
   1919.8   0.18541
   1920.5   0.18545
   1921.2   0.18550
   1921.9   0.18548
   1922.6   0.18551
   1923.3   0.18557
   1924.0   0.18560
   1924.8   0.18564
   1925.5   0.18569
   1926.2   0.18572
   1926.9   0.18572
   1927.6   0.18576
   1928.3   0.18580
   1929.1   0.18584
   1929.8   0.18588
   1930.5   0.18591
   1931.2   0.18593
   1931.9   0.18599
   1932.7   0.18606
   1933.4   0.18608
   1934.1   0.18611
   1934.8   0.18613
   1935.5   0.18615
   1936.3   0.18618
   1937.0   0.18622
   1937.7   0.18628
   1938.4   0.18632
   1939.2   0.18637
   1939.9   0.18642
   1940.6   0.18644
   1941.3   0.18645
   1942.1   0.18650
   1942.8   0.18657
   1943.5   0.18659
   1944.2   0.18660
   1945.0   0.18665
   1945.7   0.18668
   1946.4   0.18672
   1947.2   0.18677
   1947.9   0.18680
   1948.6   0.18683
   1949.4   0.18685
   1950.1   0.18687
   1950.8   0.18694
   1951.6   0.18696
   1952.3   0.18700
   1953.0   0.18705
   1953.8   0.18707
   1954.5   0.18713
   1955.2   0.18717
   1956.0   0.18716
   1956.7   0.18722
   1957.5   0.18732
   1958.2   0.18736
   1958.9   0.18737
   1959.7   0.18741
   1960.4   0.18744
   1961.2   0.18749
   1961.9   0.18753
   1962.6   0.18755
   1963.4   0.18760
   1964.1   0.18763
   1964.9   0.18765
   1965.6   0.18771
   1966.4   0.18774
   1967.1   0.18773
   1967.9   0.18777
   1968.6   0.18784
   1969.3   0.18788
   1970.1   0.18789
   1970.8   0.18792
   1971.6   0.18799
   1972.3   0.18804
   1973.1   0.18808
   1973.8   0.18814
   1974.6   0.18816
   1975.3   0.18817
   1976.1   0.18819
   1976.9   0.18823
   1977.6   0.18829
   1978.4   0.18838
   1979.1   0.18840
   1979.9   0.18839
   1980.6   0.18842
   1981.4   0.18848
   1982.2   0.18850
   1982.9   0.18857
   1983.7   0.18861
   1984.4   0.18861
   1985.2   0.18860
   1985.9   0.18863
   1986.7   0.18873
   1987.5   0.18882
   1988.2   0.18884
   1989.0   0.18883
   1989.8   0.18881
   1990.5   0.18888
   1991.3   0.18899
   1992.1   0.18904
   1992.8   0.18907
   1993.6   0.18911
   1994.3   0.18916
   1995.1   0.18920
   1995.9   0.18923
   1996.7   0.18927
   1997.4   0.18931
   1998.2   0.18934
   1999.0   0.18938
   1999.7   0.18946
   2000.5   0.18950
   2001.3   0.18948
   2002.1   0.18948
   2002.8   0.18959
   2003.6   0.18967
   2004.4   0.18967
   2005.2   0.18968
   2005.9   0.18975
   2006.7   0.18984
   2007.5   0.18989
   2008.3   0.18989
   2009.0   0.18991
   2009.8   0.18997
   2010.6   0.19002
   2011.4   0.19005
   2012.2   0.19005
   2012.9   0.19008
   2013.7   0.19013
   2014.5   0.19020
   2015.3   0.19025
   2016.1   0.19027
   2016.8   0.19034
   2017.6   0.19042
   2018.4   0.19047
   2019.2   0.19049
   2020.0   0.19050
   2020.8   0.19056
   2021.6   0.19064
   2022.3   0.19066
   2023.1   0.19068
   2023.9   0.19072
   2024.7   0.19075
   2025.5   0.19079
   2026.3   0.19083
   2027.1   0.19089
   2027.9   0.19095
   2028.7   0.19101
   2029.5   0.19102
   2030.3   0.19105
   2031.1   0.19111
   2031.9   0.19113
   2032.7   0.19119
   2033.5   0.19121
   2034.3   0.19121
   2035.1   0.19130
   2035.8   0.19139
   2036.7   0.19141
   2037.4   0.19143
   2038.3   0.19147
   2039.1   0.19150
   2039.9   0.19154
   2040.7   0.19160
   2041.5   0.19162
   2042.3   0.19166
   2043.1   0.19172
   2043.9   0.19172
   2044.7   0.19177
   2045.5   0.19188
   2046.3   0.19194
   2047.1   0.19196
   2047.9   0.19198
   2048.7   0.19200
   2049.5   0.19205
   2050.4   0.19211
   2051.2   0.19217
   2052.0   0.19220
   2052.8   0.19224
   2053.6   0.19226
   2054.4   0.19230
   2055.2   0.19238
   2056.0   0.19242
   2056.9   0.19245
   2057.7   0.19251
   2058.5   0.19256
   2059.3   0.19261
   2060.1   0.19265
   2060.9   0.19270
   2061.8   0.19276
   2062.6   0.19280
   2063.4   0.19283
   2064.2   0.19289
   2065.1   0.19289
   2065.9   0.19291
   2066.7   0.19296
   2067.5   0.19302
   2068.3   0.19310
   2069.2   0.19314
   2070.0   0.19319
   2070.8   0.19320
   2071.6   0.19326
   2072.5   0.19331
   2073.3   0.19337
   2074.1   0.19341
   2075.0   0.19343
   2075.8   0.19346
   2076.6   0.19350
   2077.5   0.19356
   2078.3   0.19360
   2079.1   0.19365
   2080.0   0.19370
   2080.8   0.19373
   2081.6   0.19381
   2082.5   0.19387
   2083.3   0.19392
   2084.1   0.19399
   2085.0   0.19404
   2085.8   0.19402
   2086.6   0.19403
   2087.5   0.19410
   2088.3   0.19415
   2089.2   0.19421
   2090.0   0.19426
   2090.9   0.19432
   2091.7   0.19441
   2092.6   0.19444
   2093.4   0.19444
   2094.2   0.19448
   2095.1   0.19454
   2095.9   0.19458
   2096.8   0.19463
   2097.6   0.19470
   2098.5   0.19478
   2099.3   0.19480
   2100.2   0.19482
   2101.0   0.19484
   2101.9   0.19487
   2102.7   0.19496
   2103.6   0.19505
   2104.4   0.19511
   2105.3   0.19514
   2106.1   0.19520
   2107.0   0.19526
   2107.9   0.19529
   2108.7   0.19533
   2109.6   0.19537
   2110.4   0.19541
   2111.3   0.19543
   2112.1   0.19549
   2113.0   0.19558
   2113.9   0.19559
   2114.7   0.19561
   2115.6   0.19570
   2116.5   0.19573
   2117.3   0.19577
   2118.2   0.19585
   2119.1   0.19590
   2119.9   0.19594
   2120.8   0.19595
   2121.7   0.19597
   2122.5   0.19599
   2123.4   0.19607
   2124.3   0.19613
   2125.1   0.19619
   2126.0   0.19626
   2126.9   0.19629
   2127.8   0.19633
   2128.6   0.19640
   2129.5   0.19647
   2130.4   0.19649
   2131.3   0.19653
   2132.1   0.19658
   2133.0   0.19662
   2133.9   0.19666
   2134.8   0.19671
   2135.6   0.19676
   2136.5   0.19681
   2137.4   0.19685
   2138.3   0.19690
   2139.2   0.19695
   2140.1   0.19700
   2140.9   0.19704
   2141.8   0.19706
   2142.7   0.19713
   2143.6   0.19721
   2144.5   0.19727
   2145.4   0.19732
   2146.3   0.19736
   2147.1   0.19741
   2148.0   0.19745
   2148.9   0.19750
   2149.8   0.19755
   2150.7   0.19762
   2151.6   0.19768
   2152.5   0.19767
   2153.4   0.19770
   2154.3   0.19776
   2155.2   0.19779
   2156.1   0.19785
   2157.0   0.19788
   2157.9   0.19796
   2158.8   0.19804
   2159.7   0.19809
   2160.6   0.19815
   2161.5   0.19821
   2162.4   0.19823
   2163.3   0.19824
   2164.2   0.19828
   2165.1   0.19831
   2166.0   0.19835
   2166.9   0.19840
   2167.8   0.19845
   2168.7   0.19853
   2169.6   0.19859
   2170.5   0.19865
   2171.4   0.19874
   2172.3   0.19875
   2173.2   0.19874
   2174.1   0.19882
   2175.1   0.19893
   2176.0   0.19899
   2176.9   0.19903
   2177.8   0.19907
   2178.7   0.19911
   2179.6   0.19919
   2180.6   0.19923
   2181.5   0.19925
   2182.4   0.19930
   2183.3   0.19938
   2184.2   0.19946
   2185.1   0.19952
   2186.1   0.19957
   2187.0   0.19959
   2187.9   0.19962
   2188.8   0.19967
   2189.8   0.19974
   2190.7   0.19978
   2191.6   0.19981
   2192.5   0.19986
   2193.5   0.19994
   2194.4   0.20004
   2195.3   0.20011
   2196.3   0.20014
   2197.2   0.20021
   2198.1   0.20025
   2199.1   0.20031
   2200.0   0.20037
   2200.9   0.20040
   2201.9   0.20040
   2202.8   0.20042
   2203.7   0.20048
   2204.7   0.20054
   2205.6   0.20056
   2206.5   0.20063
   2207.5   0.20069
   2208.4   0.20077
   2209.4   0.20086
   2210.3   0.20090
   2211.2   0.20095
   2212.2   0.20102
   2213.1   0.20105
   2214.1   0.20110
   2215.0   0.20115
   2216.0   0.20119
   2216.9   0.20126
   2217.9   0.20134
   2218.8   0.20142
   2219.8   0.20145
   2220.7   0.20148
   2221.7   0.20150
   2222.6   0.20152
   2223.6   0.20159
   2224.5   0.20166
   2225.5   0.20170
   2226.4   0.20174
   2227.4   0.20179
   2228.4   0.20186
   2229.3   0.20189
   2230.3   0.20193
   2231.2   0.20198
   2232.2   0.20199
   2233.1   0.20208
   2234.1   0.20213
   2235.1   0.20215
   2236.0   0.20222
   2237.0   0.20228
   2238.0   0.20232
   2238.9   0.20239
   2239.9   0.20246
   2240.9   0.20252
   2241.8   0.20254
   2242.8   0.20259
   2243.8   0.20267
   2244.8   0.20271
   2245.7   0.20276
   2246.7   0.20284
   2247.7   0.20288
   2248.6   0.20291
   2249.6   0.20300
   2250.6   0.20306
   2251.6   0.20309
   2252.6   0.20310
   2253.5   0.20317
   2254.5   0.20323
   2255.5   0.20326
   2256.5   0.20333
   2257.5   0.20338
   2258.4   0.20343
   2259.4   0.20347
   2260.4   0.20350
   2261.4   0.20355
   2262.4   0.20361
   2263.4   0.20366
   2264.4   0.20376
   2265.4   0.20381
   2266.3   0.20383
   2267.3   0.20388
   2268.3   0.20395
   2269.3   0.20401
   2270.3   0.20405
   2271.3   0.20410
   2272.3   0.20419
   2273.3   0.20427
   2274.3   0.20430
   2275.3   0.20432
   2276.3   0.20439
   2277.3   0.20443
   2278.3   0.20445
   2279.3   0.20452
   2280.3   0.20461
   2281.3   0.20467
   2282.3   0.20471
   2283.3   0.20478
   2284.3   0.20484
   2285.3   0.20489
   2286.3   0.20493
   2287.3   0.20499
   2288.3   0.20504
   2289.4   0.20505
   2290.4   0.20512
   2291.4   0.20523
   2292.4   0.20526
   2293.4   0.20527
   2294.4   0.20534
   2295.4   0.20546
   2296.4   0.20553
   2297.5   0.20557
   2298.5   0.20561
   2299.5   0.20561
   2300.5   0.20568
   2301.6   0.20574
   2302.6   0.20576
   2303.6   0.20584
   2304.6   0.20593
   2305.6   0.20597
   2306.7   0.20599
   2307.7   0.20609
   2308.7   0.20617
   2309.8   0.20619
   2310.8   0.20624
   2311.8   0.20631
   2312.8   0.20638
   2313.9   0.20645
   2314.9   0.20649
   2315.9   0.20654
   2317.0   0.20659
   2318.0   0.20662
   2319.1   0.20670
   2320.1   0.20680
   2321.1   0.20685
   2322.2   0.20689
   2323.2   0.20695
   2324.3   0.20695
   2325.3   0.20697
   2326.3   0.20705
   2327.4   0.20712
   2328.4   0.20716
   2329.5   0.20722
   2330.5   0.20732
   2331.6   0.20738
   2332.6   0.20740
   2333.7   0.20744
   2334.7   0.20746
   2335.8   0.20755
   2336.8   0.20761
   2337.9   0.20767
   2338.9   0.20772
   2340.0   0.20777
   2341.0   0.20780
   2342.1   0.20787
   2343.1   0.20795
   2344.2   0.20802
   2345.3   0.20807
   2346.3   0.20814
   2347.4   0.20819
   2348.5   0.20819
   2349.5   0.20829
   2350.6   0.20836
   2351.7   0.20835
   2352.7   0.20843
   2353.8   0.20852
   2354.9   0.20855
   2355.9   0.20861
   2357.0   0.20864
   2358.1   0.20865
   2359.1   0.20874
   2360.2   0.20884
   2361.3   0.20895
   2362.4   0.20897
   2363.4   0.20894
   2364.5   0.20900
   2365.6   0.20911
   2366.7   0.20917
   2367.8   0.20921
   2368.9   0.20926
   2369.9   0.20932
   2371.0   0.20934
   2372.1   0.20939
   2373.2   0.20946
   2374.3   0.20955
   2375.4   0.20960
   2376.4   0.20963
   2377.5   0.20968
   2378.6   0.20976
   2379.7   0.20980
   2380.8   0.20987
   2381.9   0.20995
   2383.0   0.20996
   2384.1   0.21000
   2385.2   0.21008
   2386.3   0.21016
   2387.4   0.21023
   2388.5   0.21025
   2389.6   0.21031
   2390.7   0.21037
   2391.8   0.21044
   2392.9   0.21049
   2394.0   0.21055
   2395.1   0.21061
   2396.2   0.21063
   2397.3   0.21067
   2398.4   0.21076
   2399.5   0.21082
   2400.6   0.21090
   2401.8   0.21093
   2402.9   0.21097
   2404.0   0.21109
   2405.1   0.21119
   2406.2   0.21122
   2407.3   0.21125
   2408.5   0.21131
   2409.6   0.21137
   2410.7   0.21142
   2411.8   0.21149
   2412.9   0.21157
   2414.1   0.21162
   2415.2   0.21166
   2416.3   0.21169
   2417.4   0.21176
   2418.6   0.21182
   2419.7   0.21190
   2420.8   0.21200
   2422.0   0.21205
   2423.1   0.21208
   2424.2   0.21213
   2425.4   0.21217
   2426.5   0.21225
   2427.6   0.21231
   2428.8   0.21232
   2429.9   0.21240
   2431.1   0.21249
   2432.2   0.21255
   2433.3   0.21263
   2434.5   0.21270
   2435.6   0.21275
   2436.8   0.21281
   2437.9   0.21285
   2439.1   0.21291
   2440.2   0.21295
   2441.4   0.21299
   2442.5   0.21305
   2443.6   0.21313
   2444.8   0.21320
   2445.9   0.21324
   2447.1   0.21325
   2448.3   0.21328
   2449.4   0.21339
   2450.6   0.21345
   2451.7   0.21348
   2452.9   0.21349
   2454.1   0.21352
   2455.2   0.21359
   2456.4   0.21370
   2457.6   0.21377
   2458.7   0.21380
   2459.9   0.21386
   2461.1   0.21393
   2462.2   0.21395
   2463.4   0.21400
   2464.6   0.21410
   2465.7   0.21416
   2466.9   0.21420
   2468.1   0.21423
   2469.3   0.21428
   2470.4   0.21435
   2471.6   0.21442
   2472.8   0.21441
   2474.0   0.21446
   2475.1   0.21456
   2476.3   0.21462
   2477.5   0.21467
   2478.7   0.21472
   2479.9   0.21476
   2481.1   0.21480
   2482.3   0.21483
   2483.4   0.21490
   2484.6   0.21495
   2485.8   0.21505
   2487.0   0.21512
   2488.2   0.21517
   2489.4   0.21521
   2490.6   0.21525
   2491.8   0.21526
   2493.0   0.21534
   2494.2   0.21545
   2495.4   0.21552
   2496.6   0.21559
   2497.8   0.21566
   2499.0   0.21567
   2500.2   0.21570
   2501.4   0.21579
   2502.6   0.21586
   2503.8   0.21591
   2505.0   0.21593
   2506.3   0.21601
   2507.5   0.21610
   2508.7   0.21616
   2509.9   0.21619
   2511.1   0.21621
   2512.3   0.21627
   2513.5   0.21637
   2514.8   0.21641
   2516.0   0.21646
   2517.2   0.21657
   2518.4   0.21661
   2519.6   0.21663
   2520.9   0.21669
   2522.1   0.21675
   2523.3   0.21685
   2524.6   0.21697
   2525.8   0.21702
   2527.0   0.21700
   2528.2   0.21704
   2529.5   0.21709
   2530.7   0.21713
   2531.9   0.21721
   2533.2   0.21731
   2534.4   0.21734
   2535.7   0.21737
   2536.9   0.21751
   2538.1   0.21758
   2539.4   0.21762
   2540.6   0.21768
   2541.9   0.21772
   2543.1   0.21780
   2544.4   0.21787
   2545.6   0.21793
   2546.9   0.21801
   2548.1   0.21809
   2549.4   0.21814
   2550.6   0.21821
   2551.9   0.21827
   2553.1   0.21832
   2554.4   0.21837
   2555.6   0.21837
   2556.9   0.21844
   2558.2   0.21851
   2559.4   0.21856
   2560.7   0.21864
   2562.0   0.21881
   2563.2   0.21891
   2564.5   0.21891
   2565.8   0.21894
   2567.0   0.21893
   2568.3   0.21895
   2569.6   0.21908
   2570.9   0.21921
   2572.1   0.21917
   2573.4   0.21922
   2574.7   0.21941
   2576.0   0.21936
   2577.3   0.21942
   2578.5   0.21953
   2579.8   0.21951
   2581.1   0.21961
   2582.4   0.21973
   2583.7   0.21974
   2585.0   0.21996
   2586.2   0.21991
   2587.5   0.21989
   2588.8   0.21993
   2590.1   0.21993
   2591.4   0.22001
   2592.7   0.22001
   2594.0   0.22000
   2595.3   0.22031
   2596.6   0.22052
   2597.9   0.22041
   2599.2   0.22035
   2600.5   0.22034
   2601.8   0.22043
   2603.1   0.22055
   2604.4   0.22064
   2605.7   0.22080
   2607.1   0.22092
   2608.4   0.22088
   2609.7   0.22086
   2611.0   0.22087
   2612.3   0.22088
   2613.6   0.22090
   2614.9   0.22094
   2616.3   0.22105
   2617.6   0.22128
   2618.9   0.22124
   2620.2   0.22116
   2621.6   0.22134
   2622.9   0.22134
   2624.2   0.22127
   2625.5   0.22129
   2626.9   0.22142
   2628.2   0.22154
   2629.5   0.22146
   2630.9   0.22168
   2632.2   0.22182
   2633.5   0.22174
   2634.9   0.22181
   2636.2   0.22180
   2637.6   0.22180
   2638.9   0.22183
   2640.2   0.22188
   2641.6   0.22199
   2642.9   0.22211
   2644.3   0.22215
   2645.6   0.22217
   2647.0   0.22223
   2648.3   0.22224
   2649.7   0.22226
   2651.0   0.22228
   2652.4   0.22236
   2653.8   0.22254
   2655.1   0.22260
   2656.5   0.22264
   2657.8   0.22262
   2659.2   0.22268
   2660.6   0.22285
   2661.9   0.22292
   2663.3   0.22293
   2664.7   0.22294
   2666.0   0.22313
   2667.4   0.22324
   2668.8   0.22323
   2670.1   0.22312
   2671.5   0.22338
   2672.9   0.22332
   2674.3   0.22321
   2675.6   0.22318
   2677.0   0.22332
   2678.4   0.22347
   2679.8   0.22349
   2681.2   0.22348
   2682.6   0.22339
   2684.0   0.22341
   2685.4   0.22339
   2686.8   0.22337
   2688.1   0.22341
   2689.5   0.22344
   2690.9   0.22342
   2692.3   0.22335
   2693.7   0.22342
   2695.1   0.22350
   2696.5   0.22341
   2697.9   0.22333
   2699.3   0.22323
   2700.7   0.22320
   2702.1   0.22317
   2703.6   0.22312
   2705.0   0.22309
   2706.4   0.22313
   2707.8   0.22304
   2709.2   0.22291
   2710.6   0.22279
   2712.0   0.22280
   2713.5   0.22271
   2714.9   0.22253
   2716.3   0.22242
   2717.7   0.22235
   2719.1   0.22234
   2720.6   0.22235
   2722.0   0.22225
   2723.4   0.22193
   2724.9   0.22183
   2726.3   0.22168
   2727.7   0.22137
   2729.2   0.22115
   2730.6   0.22097
   2732.0   0.22075
   2733.5   0.22052
   2734.9   0.22041
   2736.4   0.22029
   2737.8   0.22001
   2739.3   0.21984
   2740.7   0.21972
   2742.2   0.21951
   2743.6   0.21919
   2745.1   0.21890
   2746.5   0.21866
   2748.0   0.21845
   2749.4   0.21818
   2750.9   0.21791
   2752.3   0.21771
   2753.8   0.21750
   2755.3   0.21731
   2756.7   0.21713
   2758.2   0.21677
   2759.7   0.21641
   2761.1   0.21616
   2762.6   0.21597
   2764.1   0.21579
   2765.6   0.21551
   2767.0   0.21528
   2768.5   0.21507
   2770.0   0.21478
   2771.5   0.21454
   2772.9   0.21427
   2774.4   0.21395
   2775.9   0.21376
   2777.4   0.21362
   2778.9   0.21343
   2780.4   0.21321
   2781.9   0.21301
   2783.4   0.21282
   2784.9   0.21260
   2786.4   0.21242
   2787.9   0.21235
   2789.4   0.21222
   2790.9   0.21203
   2792.4   0.21189
   2793.9   0.21173
   2795.4   0.21156
   2796.9   0.21144
   2798.4   0.21130
   2799.9   0.21120
   2801.4   0.21110
   2802.9   0.21102
   2804.4   0.21088
   2806.0   0.21079
   2807.5   0.21076
   2809.0   0.21061
   2810.5   0.21044
   2812.1   0.21039
   2813.6   0.21037
   2815.1   0.21032
   2816.6   0.21029
   2818.2   0.21024
   2819.7   0.21027
   2821.2   0.21023
   2822.8   0.21004
   2824.3   0.21001
   2825.8   0.21003
   2827.4   0.20999
   2828.9   0.20999
   2830.5   0.20999
   2832.0   0.20993
   2833.6   0.20990
   2835.1   0.20991
   2836.7   0.20994
   2838.2   0.20998
   2839.8   0.20998
   2841.3   0.20992
   2842.9   0.20992
   2844.4   0.20993
   2846.0   0.20991
   2847.6   0.20992
   2849.1   0.20999
   2850.7   0.21000
   2852.3   0.21000
   2853.8   0.21003
   2855.4   0.21005
   2857.0   0.21009
   2858.6   0.21012
   2860.1   0.21012
   2861.7   0.21012
   2863.3   0.21013
   2864.9   0.21017
   2866.4   0.21020
   2868.0   0.21022
   2869.6   0.21024
   2871.2   0.21024
   2872.8   0.21020
   2874.4   0.21024
   2876.0   0.21033
   2877.6   0.21038
   2879.2   0.21041
   2880.8   0.21043
   2882.4   0.21049
   2884.0   0.21054
   2885.6   0.21054
   2887.2   0.21053
   2888.8   0.21055
   2890.4   0.21053
   2892.0   0.21056
   2893.6   0.21059
   2895.3   0.21060
   2896.9   0.21064
   2898.5   0.21069
   2900.1   0.21076
   2901.7   0.21084
   2903.4   0.21083
   2905.0   0.21082
   2906.6   0.21084
   2908.3   0.21092
   2909.9   0.21100
   2911.5   0.21104
   2913.1   0.21104
   2914.8   0.21105
   2916.4   0.21109
   2918.1   0.21113
   2919.7   0.21116
   2921.4   0.21120
   2923.0   0.21124
   2924.7   0.21130
   2926.3   0.21132
   2928.0   0.21136
   2929.6   0.21140
   2931.3   0.21146
   2932.9   0.21149
   2934.6   0.21157
   2936.3   0.21161
   2937.9   0.21160
   2939.6   0.21168
   2941.2   0.21175
   2942.9   0.21173
   2944.6   0.21173
   2946.3   0.21176
   2947.9   0.21179
   2949.6   0.21187
   2951.3   0.21193
   2953.0   0.21199
   2954.6   0.21210
   2956.3   0.21217
   2958.0   0.21221
   2959.7   0.21223
   2961.4   0.21230
   2963.1   0.21239
   2964.8   0.21240
   2966.5   0.21248
   2968.2   0.21256
   2969.9   0.21255
   2971.6   0.21261
   2973.3   0.21271
   2975.0   0.21273
   2976.7   0.21280
   2978.4   0.21289
   2980.1   0.21300
   2981.8   0.21308
   2983.6   0.21315
   2985.3   0.21326
   2987.0   0.21330
   2988.7   0.21331
   2990.4   0.21342
   2992.2   0.21356
   2993.9   0.21362
   2995.6   0.21369
   2997.4   0.21383
   2999.1   0.21392
   3000.8   0.21394
   3002.6   0.21395
   3004.3   0.21408
   3006.0   0.21423
   3007.8   0.21442
   3009.5   0.21453
   3011.3   0.21451
   3013.0   0.21455
   3014.8   0.21469
   3016.5   0.21480
   3018.3   0.21486
   3020.0   0.21495
   3021.8   0.21503
   3023.6   0.21513
   3025.3   0.21524
   3027.1   0.21530
   3028.9   0.21541
   3030.6   0.21556
   3032.4   0.21559
   3034.2   0.21567
   3036.0   0.21579
   3037.7   0.21583
   3039.5   0.21583
   3041.3   0.21589
   3043.1   0.21604
   3044.9   0.21615
   3046.7   0.21625
   3048.4   0.21633
   3050.2   0.21634
   3052.0   0.21634
   3053.8   0.21644
   3055.6   0.21660
   3057.4   0.21673
   3059.2   0.21683
   3061.1   0.21691
   3062.9   0.21697
   3064.7   0.21699
   3066.5   0.21702
   3068.3   0.21716
   3070.1   0.21729
   3071.9   0.21737
   3073.8   0.21747
   3075.6   0.21757
   3077.4   0.21763
   3079.2   0.21766
   3081.1   0.21775
   3082.9   0.21785
   3084.7   0.21793
   3086.6   0.21803
   3088.4   0.21810
   3090.2   0.21815
   3092.1   0.21826
   3093.9   0.21834
   3095.8   0.21845
   3097.6   0.21859
   3099.5   0.21865
   3101.3   0.21867
   3103.2   0.21876
   3105.0   0.21890
   3106.9   0.21898
   3108.8   0.21914
   3110.6   0.21923
   3112.5   0.21926
   3114.4   0.21935
   3116.2   0.21946
   3118.1   0.21951
   3120.0   0.21960
   3121.9   0.21970
   3123.7   0.21980
   3125.6   0.21990
   3127.5   0.22000
   3129.4   0.22007
   3131.3   0.22012
   3133.2   0.22025
   3135.1   0.22031
   3137.0   0.22037
   3138.9   0.22052
   3140.8   0.22065
   3142.7   0.22075
   3144.6   0.22082
   3146.5   0.22088
   3148.4   0.22097
   3150.3   0.22106
   3152.2   0.22117
   3154.1   0.22131
   3156.1   0.22140
   3158.0   0.22148
   3159.9   0.22163
   3161.8   0.22173
   3163.8   0.22177
   3165.7   0.22190
   3167.6   0.22200
   3169.6   0.22207
   3171.5   0.22218
   3173.4   0.22230
   3175.4   0.22243
   3177.3   0.22258
   3179.3   0.22271
   3181.2   0.22279
   3183.2   0.22288
   3185.1   0.22306
   3187.1   0.22316
   3189.1   0.22317
   3191.0   0.22330
   3193.0   0.22342
   3194.9   0.22347
   3196.9   0.22359
   3198.9   0.22375
   3200.9   0.22383
   3202.9   0.22392
   3204.8   0.22401
   3206.8   0.22410
   3208.8   0.22421
   3210.8   0.22433
   3212.8   0.22447
   3214.8   0.22456
   3216.8   0.22470
   3218.8   0.22483
   3220.8   0.22494
   3222.8   0.22505
   3224.8   0.22514
   3226.8   0.22524
   3228.8   0.22539
   3230.8   0.22550
   3232.8   0.22563
   3234.8   0.22574
   3236.8   0.22585
   3238.9   0.22593
   3240.9   0.22600
   3242.9   0.22613
   3244.9   0.22625
   3247.0   0.22634
   3249.0   0.22641
   3251.1   0.22652
   3253.1   0.22662
   3255.1   0.22671
   3257.2   0.22683
   3259.2   0.22693
   3261.3   0.22705
   3263.3   0.22717
   3265.4   0.22729
   3267.4   0.22741
   3269.5   0.22752
   3271.6   0.22762
   3273.6   0.22772
   3275.7   0.22782
   3277.8   0.22795
   3279.8   0.22807
   3281.9   0.22821
   3284.0   0.22829
   3286.1   0.22834
   3288.2   0.22845
   3290.2   0.22859
   3292.3   0.22869
   3294.4   0.22880
   3296.5   0.22886
   3298.6   0.22897
   3300.7   0.22910
   3302.8   0.22922
   3304.9   0.22932
   3307.0   0.22939
   3309.1   0.22947
   3311.3   0.22960
   3313.4   0.22966
   3315.5   0.22973
   3317.6   0.22982
   3319.7   0.22991
   3321.9   0.23003
   3324.0   0.23014
   3326.1   0.23018
   3328.3   0.23024
   3330.4   0.23036
   3332.5   0.23047
   3334.7   0.23054
   3336.8   0.23060
   3339.0   0.23064
   3341.1   0.23069
   3343.3   0.23075
   3345.4   0.23084
   3347.6   0.23087
   3349.8   0.23086
   3351.9   0.23084
   3354.1   0.23087
   3356.3   0.23082
   3358.4   0.23071
   3360.6   0.23058
   3362.8   0.23043
   3365.0   0.23019
   3367.2   0.22993
   3369.4   0.22972
   3371.5   0.22959
   3373.7   0.22955
   3375.9   0.22964
   3378.1   0.22983
   3380.3   0.23012
   3382.5   0.23046
   3384.7   0.23082
   3386.9   0.23108
   3389.2   0.23123
   3391.4   0.23127
   3393.6   0.23127
   3395.8   0.23114
   3398.1   0.23100
   3400.3   0.23083
   3402.5   0.23061
   3404.7   0.23043
   3407.0   0.23030
   3409.2   0.23018
   3411.5   0.23011
   3413.7   0.23007
   3416.0   0.23021
   3418.2   0.23043
   3420.5   0.23074
   3422.7   0.23116
   3425.0   0.23158
   3427.3   0.23192
   3429.5   0.23224
   3431.8   0.23252
   3434.1   0.23278
   3436.3   0.23305
   3438.6   0.23330
   3440.9   0.23349
   3443.2   0.23369
   3445.5   0.23391
   3447.8   0.23410
   3450.1   0.23432
   3452.4   0.23454
   3454.6   0.23472
   3456.9   0.23490
   3459.3   0.23504
   3461.6   0.23514
   3463.9   0.23521
   3466.2   0.23523
   3468.5   0.23521
   3470.8   0.23524
   3473.2   0.23531
   3475.5   0.23541
   3477.8   0.23549
   3480.1   0.23561
   3482.5   0.23573
   3484.8   0.23579
   3487.2   0.23580
   3489.5   0.23579
   3491.9   0.23576
   3494.2   0.23574
   3496.6   0.23573
   3498.9   0.23579
   3501.3   0.23601
   3503.7   0.23631
   3506.0   0.23667
   3508.4   0.23706
   3510.8   0.23738
   3513.2   0.23765
   3515.5   0.23789
   3517.9   0.23813
   3520.3   0.23834
   3522.7   0.23851
   3525.1   0.23868
   3527.5   0.23884
   3529.9   0.23897
   3532.3   0.23909
   3534.7   0.23922
   3537.1   0.23938
   3539.5   0.23949
   3541.9   0.23959
   3544.4   0.23970
   3546.8   0.23984
   3549.2   0.23996
   3551.7   0.24008
   3554.1   0.24019
   3556.5   0.24032
   3559.0   0.24041
   3561.4   0.24048
   3563.9   0.24060
   3566.3   0.24074
   3568.8   0.24083
   3571.2   0.24094
   3573.7   0.24104
   3576.1   0.24112
   3578.6   0.24120
   3581.1   0.24134
   3583.6   0.24147
   3586.0   0.24156
   3588.5   0.24165
   3591.0   0.24177
   3593.5   0.24186
   3596.0   0.24194
   3598.5   0.24201
   3601.0   0.24215
   3603.5   0.24224
   3606.0   0.24232
   3608.5   0.24243
   3611.0   0.24252
   3613.5   0.24262
   3616.1   0.24273
   3618.6   0.24280
   3621.1   0.24294
   3623.6   0.24307
   3626.2   0.24318
   3628.7   0.24323
   3631.3   0.24329
   3633.8   0.24337
   3636.3   0.24345
   3638.9   0.24354
   3641.4   0.24364
   3644.0   0.24372
   3646.6   0.24383
   3649.1   0.24392
   3651.7   0.24398
   3654.3   0.24407
   3656.9   0.24421
   3659.4   0.24432
   3662.0   0.24441
   3664.6   0.24446
   3667.2   0.24457
   3669.8   0.24468
   3672.4   0.24475
   3675.0   0.24479
   3677.6   0.24488
   3680.2   0.24502
   3682.8   0.24510
   3685.4   0.24515
   3688.1   0.24526
   3690.7   0.24537
   3693.3   0.24546
   3695.9   0.24554
   3698.6   0.24565
   3701.2   0.24571
   3703.9   0.24580
   3706.5   0.24589
   3709.2   0.24600
   3711.8   0.24610
   3714.5   0.24619
   3717.1   0.24626
   3719.8   0.24637
   3722.5   0.24643
   3725.2   0.24649
   3727.8   0.24657
   3730.5   0.24667
   3733.2   0.24675
   3735.9   0.24680
   3738.6   0.24686
   3741.3   0.24698
   3744.0   0.24707
   3746.7   0.24714
   3749.4   0.24722
   3752.1   0.24733
   3754.8   0.24742
   3757.6   0.24750
   3760.3   0.24756
   3763.0   0.24766
   3765.7   0.24772
   3768.5   0.24780
   3771.2   0.24787
   3774.0   0.24795
   3776.7   0.24801
   3779.5   0.24810
   3782.2   0.24818
   3785.0   0.24829
   3787.7   0.24834
   3790.5   0.24838
   3793.3   0.24846
   3796.1   0.24856
   3798.8   0.24862
   3801.6   0.24872
   3804.4   0.24879
   3807.2   0.24887
   3810.0   0.24894
   3812.8   0.24902
   3815.6   0.24908
   3818.4   0.24913
   3821.2   0.24917
   3824.1   0.24925
   3826.9   0.24928
   3829.7   0.24934
   3832.5   0.24942
   3835.4   0.24948
   3838.2   0.24954
   3841.1   0.24959
   3843.9   0.24965
   3846.8   0.24973
   3849.6   0.24978
   3852.5   0.24983
   3855.3   0.24990
   3858.2   0.24997
   3861.1   0.24998
   3863.9   0.25003
   3866.8   0.25011
   3869.7   0.25018
   3872.6   0.25021
   3875.5   0.25026
   3878.4   0.25029
   3881.3   0.25034
   3884.2   0.25039
   3887.1   0.25046
   3890.0   0.25049
   3893.0   0.25051
   3895.9   0.25055
   3898.8   0.25063
   3901.7   0.25069
   3904.7   0.25075
   3907.6   0.25078
   3910.6   0.25085
   3913.5   0.25088
   3916.5   0.25093
   3919.4   0.25099
   3922.4   0.25103
   3925.4   0.25104
   3928.4   0.25108
   3931.3   0.25113
   3934.3   0.25118
   3937.3   0.25118
   3940.3   0.25121
   3943.3   0.25126
   3946.3   0.25134
   3949.3   0.25137
   3952.3   0.25142
   3955.3   0.25143
   3958.3   0.25144
   3961.4   0.25146
   3964.4   0.25150
   3967.4   0.25152
   3970.5   0.25156
   3973.5   0.25161
   3976.6   0.25166
   3979.6   0.25168
   3982.6   0.25170
   3985.7   0.25172
   3988.8   0.25174
   3991.9   0.25172
   3994.9   0.25174
   3998.0   0.25177
   4001.1   0.25182
   4004.2   0.25185
   4007.3   0.25186
   4010.4   0.25187
   4013.5   0.25192
   4016.6   0.25194
   4019.7   0.25196
   4022.8   0.25199
   4025.9   0.25202
   4029.1   0.25202
   4032.2   0.25204
   4035.3   0.25206
   4038.5   0.25208
   4041.6   0.25209
   4044.8   0.25212
   4047.9   0.25213
   4051.1   0.25216
   4054.3   0.25217
   4057.4   0.25218
   4060.6   0.25219
   4063.8   0.25222
   4067.0   0.25225
   4070.2   0.25228
   4073.4   0.25230
   4076.6   0.25233
   4079.8   0.25230
   4083.0   0.25229
   4086.2   0.25232
   4089.4   0.25233
   4092.7   0.25231
   4095.9   0.25234
   4099.1   0.25237
   4102.4   0.25239
   4105.6   0.25236
   4108.9   0.25238
   4112.1   0.25239
   4115.4   0.25241
   4118.7   0.25242
   4122.0   0.25244
   4125.2   0.25245
   4128.5   0.25244
   4131.8   0.25242
   4135.1   0.25241
   4138.4   0.25241
   4141.7   0.25244
   4145.0   0.25244
   4148.3   0.25244
   4151.6   0.25244
   4155.0   0.25245
   4158.3   0.25244
   4161.6   0.25246
   4165.0   0.25246
   4168.3   0.25247
   4171.7   0.25247
   4175.0   0.25247
   4178.4   0.25245
   4181.8   0.25246
   4185.2   0.25245
   4188.5   0.25248
   4191.9   0.25247
   4195.3   0.25246
   4198.7   0.25245
   4202.1   0.25248
   4205.5   0.25247
   4208.9   0.25242
   4212.4   0.25239
   4215.8   0.25243
   4219.2   0.25241
   4222.6   0.25239
   4226.1   0.25235
   4229.5   0.25233
   4233.0   0.25228
   4236.5   0.25225
   4239.9   0.25222
   4243.4   0.25219
   4246.9   0.25213
   4250.3   0.25210
   4253.8   0.25204
   4257.3   0.25199
   4260.8   0.25192
   4264.3   0.25187
   4267.8   0.25179
   4271.3   0.25174
   4274.9   0.25170
   4278.4   0.25166
   4281.9   0.25157
   4285.5   0.25148
   4289.0   0.25139
   4292.6   0.25131
   4296.1   0.25122
   4299.7   0.25110
   4303.3   0.25098
   4306.8   0.25091
   4310.4   0.25082
   4314.0   0.25070
   4317.6   0.25055
   4321.2   0.25046
   4324.8   0.25034
   4328.4   0.25024
   4332.0   0.25014
   4335.6   0.25005
   4339.3   0.24993
   4342.9   0.24983
   4346.5   0.24970
   4350.2   0.24961
   4353.8   0.24952
   4357.5   0.24942
   4361.1   0.24929
   4364.8   0.24917
   4368.5   0.24907
   4372.2   0.24899
   4375.9   0.24889
   4379.6   0.24880
   4383.3   0.24868
   4387.0   0.24859
   4390.7   0.24849
   4394.4   0.24840
   4398.1   0.24828
   4401.9   0.24820
   4405.6   0.24810
   4409.4   0.24803
   4413.1   0.24797
   4416.9   0.24794
   4420.6   0.24786
   4424.4   0.24779
   4428.2   0.24773
   4432.0   0.24767
   4435.8   0.24761
   4439.6   0.24753
   4443.4   0.24743
   4447.2   0.24737
   4451.0   0.24732
   4454.8   0.24729
   4458.6   0.24720
   4462.5   0.24710
   4466.3   0.24697
   4470.2   0.24685
   4474.0   0.24675
   4477.9   0.24667
   4481.8   0.24655
   4485.6   0.24643
   4489.5   0.24633
   4493.4   0.24623
   4497.3   0.24606
   4501.2   0.24591
   4505.1   0.24577
   4509.0   0.24563
   4513.0   0.24547
   4516.9   0.24531
   4520.8   0.24513
   4524.8   0.24498
   4528.7   0.24479
   4532.7   0.24461
   4536.7   0.24441
   4540.6   0.24423
   4544.6   0.24404
   4548.6   0.24385
   4552.6   0.24361
   4556.6   0.24338
   4560.6   0.24314
   4564.6   0.24292
   4568.6   0.24267
   4572.7   0.24245
   4576.7   0.24220
   4580.8   0.24197
   4584.8   0.24168
   4588.9   0.24142
   4592.9   0.24111
   4597.0   0.24083
   4601.1   0.24052
   4605.2   0.24023
   4609.3   0.23992
   4613.4   0.23958
   4617.5   0.23924
   4621.6   0.23891
   4625.7   0.23851
   4629.8   0.23815
   4634.0   0.23780
   4638.1   0.23746
   4642.3   0.23705
   4646.4   0.23670
   4650.6   0.23637
   4654.8   0.23605
   4659.0   0.23571
   4663.1   0.23539
   4667.3   0.23507
   4671.5   0.23477
   4675.8   0.23442
   4680.0   0.23409
   4684.2   0.23375
   4688.4   0.23343
   4692.7   0.23306
   4696.9   0.23275
   4701.2   0.23241
   4705.5   0.23206
   4709.7   0.23171
   4714.0   0.23138
   4718.3   0.23103
   4722.6   0.23070
   4726.9   0.23035
   4731.2   0.23001
   4735.5   0.22962
   4739.9   0.22928
   4744.2   0.22894
   4748.5   0.22861
   4752.9   0.22825
   4757.3   0.22792
   4761.6   0.22757
   4766.0   0.22725
   4770.4   0.22692
   4774.8   0.22659
   4779.2   0.22625
   4783.6   0.22595
   4788.0   0.22564
   4792.4   0.22531
   4796.9   0.22496
   4801.3   0.22463
   4805.8   0.22427
   4810.2   0.22394
   4814.7   0.22356
   4819.1   0.22320
   4823.6   0.22280
   4828.1   0.22241
   4832.6   0.22201
   4837.1   0.22167
   4841.6   0.22128
   4846.2   0.22087
   4850.7   0.22046
   4855.3   0.22009
   4859.8   0.21967
   4864.4   0.21925
   4868.9   0.21882
   4873.5   0.21840
   4878.1   0.21799
   4882.7   0.21758
   4887.3   0.21715
   4891.9   0.21674
   4896.5   0.21629
   4901.1   0.21585
   4905.8   0.21539
   4910.4   0.21496
   4915.1   0.21448
   4919.7   0.21402
   4924.4   0.21357
   4929.1   0.21309
   4933.8   0.21258
   4938.5   0.21210
   4943.2   0.21162
   4947.9   0.21113
   4952.6   0.21064
   4957.4   0.21017
   4962.1   0.20967
   4966.9   0.20920
   4971.6   0.20870
   4976.4   0.20820
   4981.2   0.20769
   4986.0   0.20721
   4990.8   0.20669
   4995.6   0.20620
   5000.4   0.20571
   5005.2   0.20523
   5010.0   0.20471
   5014.9   0.20423
   5019.8   0.20375
   5024.6   0.20327
   5029.5   0.20272
   5034.4   0.20222
   5039.3   0.20172
   5044.2   0.20120
   5049.1   0.20067
   5054.0   0.20018
   5058.9   0.19968
   5063.9   0.19921
   5068.8   0.19870
   5073.8   0.19819
   5078.8   0.19767
   5083.7   0.19722
   5088.7   0.19671
   5093.7   0.19621
   5098.7   0.19569
   5103.7   0.19518
   5108.8   0.19465
   5113.8   0.19413
   5118.9   0.19357
   5123.9   0.19304
   5129.0   0.19247
   5134.1   0.19189
   5139.1   0.19132
   5144.3   0.19081
   5149.4   0.19024
   5154.5   0.18965
   5159.6   0.18907
   5164.7   0.18855
   5169.9   0.18800
   5175.0   0.18748
   5180.2   0.18695
   5185.4   0.18643
   5190.6   0.18593
   5195.8   0.18547
   5201.0   0.18501
   5206.2   0.18454
   5211.5   0.18407
   5216.7   0.18366
   5222.0   0.18317
   5227.2   0.18271
   5232.5   0.18226
   5237.8   0.18182
   5243.1   0.18135
   5248.4   0.18090
   5253.7   0.18043
   5259.0   0.17999
   5264.4   0.17953
   5269.7   0.17907
   5275.1   0.17861
   5280.5   0.17817
   5285.8   0.17772
   5291.2   0.17735
   5296.6   0.17694
   5302.0   0.17653
   5307.5   0.17614
   5312.9   0.17580
   5318.4   0.17545
   5323.8   0.17508
   5329.3   0.17472
   5334.8   0.17442
   5340.3   0.17408
   5345.8   0.17377
   5351.3   0.17342
   5356.8   0.17301
   5362.4   0.17253
   5367.9   0.17209
   5373.5   0.17166
   5379.0   0.17123
   5384.6   0.17079
   5390.2   0.17034
   5395.8   0.16988
   5401.5   0.16947
   5407.1   0.16907
   5412.7   0.16869
   5418.4   0.16834
   5424.1   0.16806
   5429.7   0.16767
   5435.4   0.16733
   5441.1   0.16704
   5446.8   0.16679
   5452.6   0.16654
   5458.3   0.16631
   5464.1   0.16618
   5469.8   0.16606
   5475.6   0.16591
   5481.4   0.16587
   5487.2   0.16578
   5493.0   0.16571
   5498.8   0.16563
   5504.7   0.16561
   5510.5   0.16557
   5516.4   0.16557
   5522.3   0.16555
   5528.1   0.16551
   5534.0   0.16543
   5540.0   0.16540
   5545.9   0.16533
   5551.8   0.16528
   5557.8   0.16517
   5563.7   0.16501
   5569.7   0.16482
   5575.7   0.16473
   5581.7   0.16454
   5587.7   0.16419
   5593.7   0.16384
   5599.8   0.16358
   5605.8   0.16326
   5611.9   0.16291
   5618.0   0.16255
   5624.1   0.16220
   5630.2   0.16183
   5636.3   0.16151
   5642.4   0.16123
   5648.6   0.16083
   5654.7   0.16041
   5660.9   0.16005
   5667.1   0.15966
   5673.3   0.15943
   5679.5   0.15915
   5685.7   0.15881
   5692.0   0.15855
   5698.2   0.15828
   5704.5   0.15797
   5710.8   0.15781
   5717.1   0.15752
   5723.4   0.15715
   5729.7   0.15671
   5736.1   0.15635
   5742.4   0.15597
   5748.8   0.15558
   5755.1   0.15502
   5761.5   0.15457
   5768.0   0.15422
   5774.4   0.15357
   5780.8   0.15285
   5787.3   0.15221
   5793.7   0.15156
   5800.2   0.15096
   5806.7   0.15028
   5813.2   0.14969
   5819.7   0.14918
   5826.3   0.14861
   5832.8   0.14783
   5839.4   0.14707
   5846.0   0.14636
   5852.6   0.14574
   5859.2   0.14511
   5865.8   0.14451
   5872.5   0.14384
   5879.1   0.14337
   5885.8   0.14271
   5892.5   0.14197
   5899.2   0.14134
   5905.9   0.14053
   5912.6   0.13980
   5919.4   0.13917
   5926.2   0.13854
   5932.9   0.13807
   5939.7   0.13748
   5946.5   0.13662
   5953.4   0.13584
   5960.2   0.13519
   5967.1   0.13460
   5974.0   0.13396
   5980.8   0.13324
   5987.8   0.13267
   5994.7   0.13205
   6001.6   0.13139
   6008.6   0.13084
   6015.5   0.13039
   6022.5   0.12983
   6029.5   0.12937
   6036.5   0.12900
   6043.6   0.12884
   6050.6   0.12879
   6057.7   0.12836
   6064.8   0.12792
   6071.9   0.12780
   6079.0   0.12759
   6086.1   0.12727
   6093.3   0.12697
   6100.5   0.12674
   6107.6   0.12658
   6114.8   0.12653
   6122.1   0.12620
   6129.3   0.12580
   6136.5   0.12552
   6143.8   0.12531
   6151.1   0.12502
   6158.4   0.12479
   6165.7   0.12454
   6173.1   0.12427
   6180.4   0.12412
   6187.8   0.12402
   6195.2   0.12369
   6202.6   0.12345
   6210.0   0.12329
   6217.5   0.12310
   6225.0   0.12288
   6232.4   0.12270
   6239.9   0.12251
   6247.5   0.12238
   6255.0   0.12223
   6262.5   0.12210
   6270.1   0.12195
   6277.7   0.12182
   6285.3   0.12170
   6292.9   0.12159
   6300.6   0.12143
   6308.3   0.12132
   6315.9   0.12121
   6323.6   0.12111
   6331.4   0.12100
   6339.1   0.12101
   6346.9   0.12109
   6354.6   0.12096
   6362.4   0.12084
   6370.3   0.12093
   6378.1   0.12088
   6385.9   0.12080
   6393.8   0.12077
   6401.7   0.12075
   6409.6   0.12090
   6417.6   0.12101
   6425.5   0.12069
   6433.5   0.12044
   6441.5   0.12023
   6449.5   0.12001
   6457.5   0.11978
   6465.6   0.11953
   6473.6   0.11937
   6481.7   0.11922
   6489.8   0.11911
   6498.0   0.11891
   6506.1   0.11843
   6514.3   0.11811
   6522.5   0.11797
   6530.7   0.11767
   6538.9   0.11734
   6547.2   0.11713
   6555.5   0.11693
   6563.8   0.11671
   6572.1   0.11653
   6580.4   0.11619
   6588.8   0.11579
   6597.2   0.11549
   6605.6   0.11514
   6614.0   0.11486
   6622.5   0.11457
   6630.9   0.11445
   6639.4   0.11434
   6647.9   0.11396
   6656.5   0.11354
   6665.0   0.11332
   6673.6   0.11314
   6682.2   0.11302
   6690.8   0.11278
   6699.5   0.11254
   6708.1   0.11239
   6716.8   0.11223
   6725.5   0.11193
   6734.3   0.11164
   6743.0   0.11137
   6751.8   0.11111
   6760.6   0.11076
   6769.4   0.11043
   6778.3   0.11011
   6787.1   0.10981
   6796.0   0.10936
   6805.0   0.10885
   6813.9   0.10844
   6822.9   0.10814
   6831.9   0.10778
   6840.9   0.10738
   6849.9   0.10706
   6859.0   0.10690
   6868.0   0.10662
   6877.2   0.10615
   6886.3   0.10572
   6895.5   0.10536
   6904.6   0.10502
   6913.8   0.10467
   6923.1   0.10430
   6932.3   0.10391
   6941.6   0.10347
   6950.9   0.10308
   6960.2   0.10273
   6969.6   0.10224
   6979.0   0.10166
   6988.4   0.10118
   6997.8   0.10067
   7007.3   0.10010
   7016.8   0.09954
   7026.3   0.09902
   7035.8   0.09847
   7045.4   0.09800
   7054.9   0.09740
   7064.5   0.09677
   7074.2   0.09619
   7083.9   0.09565
   7093.5   0.09507
   7103.3   0.09451
   7113.0   0.09397
   7122.8   0.09342
   7132.6   0.09284
   7142.4   0.09230
   7152.2   0.09172
   7162.1   0.09114
   7172.0   0.09051
   7182.0   0.08982
   7191.9   0.08914
   7201.9   0.08850
   7211.9   0.08779
   7222.0   0.08704
   7232.0   0.08629
   7242.1   0.08561
   7252.3   0.08489
   7262.4   0.08418
   7272.6   0.08344
   7282.8   0.08271
   7293.1   0.08194
   7303.3   0.08118
   7313.6   0.08040
   7324.0   0.07965
   7334.3   0.07885
   7344.7   0.07802
   7355.1   0.07713
   7365.6   0.07626
   7376.1   0.07535
   7386.6   0.07449
   7397.1   0.07356
   7407.7   0.07264
   7418.3   0.07169
   7428.9   0.07073
   7439.6   0.06975
   7450.3   0.06883
   7461.0   0.06787
   7471.7   0.06690
   7482.5   0.06590
   7493.3   0.06491
   7504.2   0.06388
   7515.0   0.06286
   7525.9   0.06179
   7536.9   0.06078
   7547.9   0.05974
   7558.9   0.05870
   7569.9   0.05761
   7581.0   0.05658
   7592.0   0.05553
   7603.2   0.05450
   7614.4   0.05339
   7625.5   0.05230
   7636.8   0.05117
   7648.0   0.05008
   7659.3   0.04894
   7670.7   0.04778
   7682.0   0.04657
   7693.4   0.04541
   7704.9   0.04420
   7716.3   0.04303
   7727.8   0.04178
   7739.4   0.04057
   7750.9   0.03933
   7762.5   0.03813
   7774.2   0.03689
   7785.8   0.03568
   7797.5   0.03442
   7809.3   0.03321
   7821.1   0.03196
   7832.9   0.03076
   7844.7   0.02951
   7856.6   0.02830
   7868.5   0.02706
   7880.5   0.02589
   7892.5   0.02471
   7904.5   0.02353
   7916.6   0.02233
   7928.7   0.02122
   7940.8   0.02005
   7953.0   0.01897
   7965.2   0.01791
   7977.5   0.01692
   7989.8   0.01591
   8002.1   0.01498
   8014.5   0.01405
   8026.9   0.01323
   8039.3   0.01243
   8051.8   0.01173
   8064.3   0.01101
   8076.9   0.01040
   8089.5   0.00984
   8102.1   0.00935
   8114.8   0.00884
   8127.5   0.00846
   8140.3   0.00811
   8153.1   0.00784
   8165.9   0.00758
   8178.8   0.00744
   8191.7   0.00730
   8204.7   0.00724
   8217.7   0.00719
   8230.7   0.00726
   8243.8   0.00737
   8257.0   0.00756
   8270.1   0.00774
   8283.3   0.00800
   8296.6   0.00824
   8309.9   0.00854
   8323.2   0.00881
   8336.6   0.00912
   8350.0   0.00939
   8363.5   0.00972
   8377.0   0.00998
   8390.5   0.01025
   8404.2   0.01051
   8417.8   0.01081
   8431.5   0.01107
   8445.2   0.01133
   8459.0   0.01152
   8472.8   0.01172
   8486.7   0.01185
   8500.6   0.01204
   8514.5   0.01217
   8528.5   0.01230
   8542.6   0.01242
   8556.7   0.01259
   8570.8   0.01270
   8585.0   0.01284
   8599.3   0.01292
   8613.5   0.01302
   8627.9   0.01310
   8642.3   0.01322
   8656.7   0.01326
   8671.2   0.01337
   8685.7   0.01344
   8700.3   0.01354
   8714.9   0.01358
   8729.5   0.01368
   8744.3   0.01373
   8759.0   0.01380
   8773.9   0.01384
   8788.7   0.01389
   8803.7   0.01385
   8818.6   0.01388
   8833.7   0.01391
   8848.7   0.01395
   8863.8   0.01395
   8879.0   0.01401
   8894.3   0.01406
   8909.5   0.01414
   8924.9   0.01414
   8940.3   0.01415
   8955.7   0.01413
   8971.2   0.01416
   8986.8   0.01420
   9002.3   0.01424
   9018.0   0.01422
   9033.7   0.01425
   9049.5   0.01420
   9065.3   0.01421
   9081.2   0.01419
   9097.1   0.01420
   9113.1   0.01414
   9129.1   0.01414
   9145.2   0.01407
   9161.4   0.01402
   9177.6   0.01395
   9193.9   0.01392
   9210.2   0.01390
   9226.6   0.01393
   9243.0   0.01392
   9259.5   0.01399
   9276.1   0.01402
   9292.7   0.01407
   9309.4   0.01408
   9326.2   0.01412
   9343.0   0.01417
   9359.8   0.01422
   9376.8   0.01421
   9393.8   0.01427
   9410.8   0.01433
   9427.9   0.01446
   9445.1   0.01448
   9462.3   0.01458
   9479.6   0.01467
   9497.0   0.01478
   9514.4   0.01487
   9531.9   0.01501
   9549.4   0.01512
   9567.0   0.01526
   9584.7   0.01534
   9602.5   0.01545
   9620.3   0.01557
   9638.2   0.01570
   9656.1   0.01576
   9674.2   0.01585
   9692.2   0.01591
   9710.4   0.01601
   9728.6   0.01605
   9746.9   0.01611
   9765.2   0.01614
   9783.7   0.01622
   9802.2   0.01627
   9820.7   0.01630
   9839.4   0.01631
   9858.1   0.01637
   9876.8   0.01641
   9895.7   0.01645
   9914.6   0.01642
   9933.6   0.01646
   9952.7   0.01650
   9971.8   0.01660
   9991.0   0.01671
  10010.3   0.01688
  10029.7   0.01694
  10049.1   0.01703
  10068.6   0.01712
  10088.2   0.01725
  10107.9   0.01736
  10127.6   0.01744
  10147.5   0.01750
  10167.3   0.01760
  10187.3   0.01769
  10207.4   0.01783
  10227.5   0.01790
  10247.7   0.01805
  10268.0   0.01825
  10288.4   0.01850
  10308.8   0.01870
  10329.4   0.01898
  10350.0   0.01922
  10370.7   0.01946
  10391.5   0.01968
  10412.3   0.01988
  10433.3   0.02005
  10454.3   0.02029
  10475.4   0.02042
  10496.7   0.02057
  10517.9   0.02070
  10539.3   0.02088
  10560.8   0.02102
  10582.3   0.02117
  10604.0   0.02133
  10625.7   0.02144
  10647.5   0.02150
  10669.4   0.02166
  10691.4   0.02173
  10713.5   0.02184
  10735.7   0.02197
  10758.0   0.02215
  10780.3   0.02221
  10802.8   0.02231
  10825.4   0.02237
  10848.0   0.02238
  10870.8   0.02235
  10893.6   0.02231
  10916.5   0.02225
  10939.5   0.02226
  10962.7   0.02223
  10985.9   0.02220
  11009.2   0.02214
  11032.7   0.02217
  11056.2   0.02215
  11079.8   0.02217
  11103.5   0.02220
  11127.4   0.02225
  11151.3   0.02226
  11175.3   0.02233
  11199.5   0.02240
  11223.7   0.02254
  11248.0   0.02257
  11272.5   0.02263
  11297.1   0.02268
  11321.7   0.02279
  11346.5   0.02283
  11371.4   0.02296
  11396.4   0.02303
  11421.5   0.02313
  11446.7   0.02325
  11472.0   0.02337
  11497.5   0.02344
  11523.0   0.02351
  11548.7   0.02352
  11574.4   0.02364
  11600.3   0.02374
  11626.3   0.02380
  11652.5   0.02385
  11678.7   0.02395
  11705.1   0.02401
  11731.6   0.02414
  11758.2   0.02426
  11784.9   0.02434
  11811.7   0.02442
  11838.7   0.02453
  11865.8   0.02460
  11893.0   0.02474
  11920.3   0.02483
  11947.8   0.02495
  11975.4   0.02513
  12003.1   0.02542
  12031.0   0.02567
  12059.0   0.02590
  12087.1   0.02602
  12115.3   0.02619
  12143.7   0.02633
  12172.2   0.02647
  12200.8   0.02659
  12229.6   0.02670
  12258.5   0.02672
  12287.6   0.02671
  12316.8   0.02653
  12346.1   0.02637
  12375.5   0.02613
  12405.2   0.02586
  12434.9   0.02551
  12464.8   0.02516
  12494.8   0.02473
  12525.0   0.02431
  12555.3   0.02382
  12585.8   0.02334
  12616.4   0.02284
  12647.2   0.02241
  12678.1   0.02187
  12709.2   0.02132
  12740.4   0.02065
  12771.8   0.02003
  12803.3   0.01942
  12835.0   0.01884
  12866.9   0.01832
  12898.9   0.01798
  12931.1   0.01769
  12963.4   0.01750
  12995.9   0.01729
  13028.5   0.01716
  13061.3   0.01694
  13094.3   0.01683
  13127.5   0.01671
  13160.8   0.01662
  13194.3   0.01656
  13228.0   0.01657
  13261.8   0.01656
  13295.8   0.01657
  13330.0   0.01652
  13364.3   0.01654
  13398.8   0.01655
  13433.6   0.01656
  13468.5   0.01638
  13503.5   0.01609
  13538.8   0.01580
  13574.2   0.01568
  13609.9   0.01560
  13645.7   0.01559
  13681.7   0.01554
  13717.9   0.01561
  13754.3   0.01574
  13790.8   0.01589
  13827.6   0.01594
  13864.6   0.01602
  13901.8   0.01606
  13939.2   0.01622
  13976.7   0.01624
  14014.5   0.01615
  14052.5   0.01597
  14090.7   0.01577
  14129.0   0.01548
  14167.6   0.01533
  14206.5   0.01511
  14245.5   0.01489
  14284.7   0.01470
  14324.2   0.01457
  14363.9   0.01438
  14403.8   0.01424
  14443.9   0.01410
  14484.3   0.01407
  14524.8   0.01391
  14565.6   0.01376
  14606.7   0.01371
  14647.9   0.01373
  14689.4   0.01360
  14731.2   0.01352
  14773.1   0.01351
  14815.3   0.01357
  14857.8   0.01359
  14900.5   0.01360
  14943.4   0.01363
  14986.6   0.01373
  15030.0   0.01380
  15073.7   0.01395
  15117.7   0.01411
  15161.9   0.01431
  15206.3   0.01443
  15251.1   0.01448
  15296.1   0.01442
  15341.3   0.01445
  15386.8   0.01455
  15432.6   0.01467
  15478.7   0.01466
  15525.0   0.01468
  15571.7   0.01474
  15618.6   0.01488
  15665.8   0.01496
  15713.2   0.01502
  15761.0   0.01508
  15809.0   0.01522
  15857.4   0.01537
  15906.0   0.01552
  15955.0   0.01562
  16004.2   0.01574
  16053.8   0.01583
  16103.6   0.01598
  16153.8   0.01602
  16204.3   0.01602
  16255.1   0.01596
  16306.2   0.01597
  16357.6   0.01602
  16409.4   0.01618
  16461.5   0.01631
  16513.9   0.01660
  16566.7   0.01687
  16619.8   0.01711
  16673.2   0.01723
  16727.0   0.01741
  16781.1   0.01757
  16835.6   0.01790
  16890.5   0.01808
  16945.7   0.01825
  17001.2   0.01840
  17057.2   0.01861
  17113.4   0.01861
  17170.1   0.01866
  17227.2   0.01856
  17284.6   0.01847
  17342.4   0.01834
  17400.6   0.01823
  17459.2   0.01810
  17518.2   0.01813
  17577.5   0.01841
  17637.3   0.01872
  17697.5   0.01865
  17758.1   0.01880
  17819.2   0.01892
  17880.6   0.01902
  17942.5   0.01895
  18004.8   0.01877
  18067.5   0.01862
  18130.7   0.01886
  18194.3   0.01913
  18258.4   0.01925
  18322.9   0.01943
  18387.9   0.01993
  18453.3   0.02025
  18519.2   0.02053
  18585.6   0.02086
  18652.4   0.02106
  18719.8   0.02090
  18787.6   0.02078
  18855.9   0.02074
  18924.7   0.02074
  18994.1   0.02066
  19063.9   0.02059
  19134.2   0.02049
  19205.1   0.02057
  19276.5   0.02065
  19348.4   0.02079
  19420.9   0.02090
  19493.9   0.02096
  19567.5   0.02085
  19641.6   0.02090
  19716.3   0.02081
  19791.5   0.02059
  19867.3   0.02030
  19943.8   0.02019
  20020.8   0.02018
  20098.4   0.02017
  20176.6   0.01983
  20255.4   0.01943
  20334.8   0.01912
  20414.9   0.01920
  20495.6   0.01938
  20576.9   0.01950
  20658.9   0.01952
  20741.5   0.01970
  20824.8   0.01953
  20908.8   0.01944
  20993.4   0.01952
  21078.8   0.01931
  21164.8   0.01938
  21251.6   0.01960
  21339.0   0.01985
  21427.2   0.02005
  21516.1   0.02036
  21605.8   0.02014
  21696.2   0.02011
  21787.3   0.02015
  21879.3   0.02019
  21972.0   0.02017
  22065.5   0.01990
  22159.8   0.01953
  22254.9   0.01925
  22350.8   0.01925
  22447.5   0.01918
  22545.1   0.01889
  22643.6   0.01898
  22742.9   0.01904
  22843.1   0.01923
  22944.2   0.01929
  23046.2   0.01945
  23149.0   0.01987
  23252.8   0.02031
  23357.6   0.02049
  23463.3   0.02075
  23569.9   0.02086
  23677.6   0.02091
  23786.2   0.02077
  23895.8   0.02088
  24006.4   0.02101
  24118.1   0.02115
  24230.8   0.02131
  24344.5   0.02146
  24459.4   0.02175
  24575.3   0.02209
  24692.3   0.02196
  24810.4   0.02172
  24929.7   0.02174
  25050.2   0.02197
  25171.8   0.02200
  25294.6   0.02240
  25418.6   0.02309
  25543.8   0.02351
  25670.2   0.02347
  25797.9   0.02353
  25926.9   0.02361
  26057.2   0.02395
  26188.8   0.02448
  26321.8   0.02448
  26456.0   0.02433
  26591.7   0.02455
  26728.8   0.02443
  26867.3   0.02456
  27007.2   0.02452
  27148.6   0.02480
  27291.5   0.02517
  27435.9   0.02529
  27581.8   0.02528
  27729.3   0.02496
  27878.4   0.02464
  28029.1   0.02444
  28181.4   0.02431
  28335.4   0.02449
  28491.1   0.02450
  28648.5   0.02512
  28807.7   0.02586
  28968.6   0.02684
  29131.4   0.02726
  29296.0   0.02684
  29462.4   0.02668
  29630.8   0.02694
  29801.1   0.02694
  29973.3   0.02671
  30147.6   0.02672
  30323.9   0.02684
  30502.3   0.02680
  30682.8   0.02643
  30865.4   0.02556
  31050.2   0.02518
  31237.3   0.02560
  31426.6   0.02574
  31618.2   0.02599
  31812.2   0.02635
  32008.6   0.02584
  32207.4   0.02567
  32408.7   0.02645
  32612.5   0.02640
  32818.9   0.02660
  33027.9   0.02684
  33239.6   0.02740
  33454.1   0.02792
  33671.3   0.02785
  33891.4   0.02802
  34114.4   0.02856
  34340.3   0.02897
  34569.2   0.02847
  34801.3   0.02750
  35036.4   0.02718
  35274.7   0.02724
  35516.4   0.02653
  35761.3   0.02647
  36009.6   0.02700
  36261.4   0.02733
  36516.8   0.02699
  36775.8   0.02711
  37038.5   0.02670
  37304.9   0.02589
  37575.3   0.02503
  37849.5   0.02546
  38127.9   0.02536
  38410.3   0.02482
  38696.9   0.02408
  38987.9   0.02314
  39283.2   0.02196
  39583.1   0.02288
  39887.6   0.02267
  40196.8   0.02278
  40510.8   0.02568
  40829.8   0.02706
  41153.9   0.02644
  41483.1   0.02535
  41817.6   0.02507
  42157.6   0.02624
  42503.2   0.02710
  42854.4   0.02748
  43211.6   0.02740
  43574.7   0.02825
  43944.0   0.02940
  44319.6   0.02865
  44701.6   0.02911
  45090.3   0.03047
  45485.9   0.02975
  45888.4   0.02872
  46298.1   0.02815
  46715.2   0.02714
  47139.9   0.02716
  47572.4   0.02815
  48012.9   0.03064
  48461.6   0.03065
  48918.8   0.03048
  49384.7   0.03200
  49859.5   0.03265
  50343.6   0.03348
  50837.2   0.03362
  51340.5   0.03181
  51853.9   0.03157
  52377.7   0.03297
  52912.2   0.03291
  53457.6   0.03287
  54014.5   0.03066
  54583.1   0.03121
  55163.7   0.03385
  55756.9   0.03414
  56363.0   0.03372
  56982.3   0.02941
  57615.5   0.02787
  58262.8   0.03199
  58924.9   0.03794
  59602.2   0.03709
  60295.3   0.03807
  61004.6   0.03631
  61730.9   0.03268
  62474.6   0.03258
  63236.5   0.03350
  64017.2   0.03266
  64817.4   0.03515
  65637.9   0.03410
  66479.4   0.02820
  67342.8   0.02723
  68228.9   0.02902
  69138.6   0.03013
  70072.9   0.03238
  71032.8   0.03406
  72019.4   0.04248
  73033.8   0.04070
  74077.1   0.03688
  75150.7   0.03403
  76255.8   0.02373
  77394.0   0.02067
  78566.6   0.02663
  79775.4   0.04568
  81021.9   0.04271
  82307.9   0.02560
  83635.5   0.02628
  85006.5   0.03852
  86423.3   0.04085
  87888.1   0.04095
  89403.1   0.04964
  90971.5   0.05590
  92596.0   0.05112
  94279.6   0.02942
  96025.5   0.01758
  97837.3   0.01478
  99718.8   0.01152



 BIR1LS113           .ASC                        

 LS-GJT-113                                                              
 Lunar soil 65901,23 <150 um                                             
 Connected at 3.2 & 20.7 um                                              

 Source Ang: 30.00   Detect Ang:  0.00  Volt: 1.222
 Date: 24-AUG-12   Time: 15:15:45
