  6431
    799.9   0.11006
    800.0   0.10899
    800.2   0.10859
    800.3   0.10742
    800.4   0.10646
    800.5   0.10740
    800.7   0.11038
    800.8   0.11185
    800.9   0.10979
    801.0   0.10731
    801.2   0.10594
    801.3   0.10769
    801.4   0.10823
    801.5   0.10733
    801.6   0.10804
    801.8   0.10817
    801.9   0.10917
    802.0   0.10966
    802.1   0.11062
    802.3   0.11062
    802.4   0.10901
    802.5   0.10798
    802.6   0.10735
    802.8   0.10703
    802.9   0.10723
    803.0   0.10961
    803.1   0.11087
    803.3   0.10952
    803.4   0.10842
    803.5   0.10760
    803.6   0.10634
    803.8   0.10775
    803.9   0.10861
    804.0   0.10846
    804.1   0.10849
    804.3   0.10838
    804.4   0.10931
    804.5   0.11003
    804.6   0.11001
    804.8   0.11153
    804.9   0.11129
    805.0   0.10961
    805.1   0.10929
    805.3   0.10819
    805.4   0.10837
    805.5   0.10916
    805.6   0.10752
    805.8   0.10724
    805.9   0.10728
    806.0   0.10982
    806.1   0.11010
    806.3   0.10715
    806.4   0.10740
    806.5   0.10844
    806.6   0.10755
    806.8   0.10702
    806.9   0.10796
    807.0   0.10923
    807.1   0.10984
    807.3   0.10929
    807.4   0.10878
    807.5   0.10808
    807.6   0.10853
    807.8   0.11029
    807.9   0.11046
    808.0   0.10984
    808.1   0.10751
    808.3   0.10670
    808.4   0.10607
    808.5   0.10709
    808.6   0.10847
    808.8   0.10859
    808.9   0.10749
    809.0   0.10603
    809.2   0.10643
    809.3   0.10739
    809.4   0.10905
    809.5   0.10955
    809.7   0.11041
    809.8   0.10970
    809.9   0.10897
    810.0   0.10981
    810.2   0.11044
    810.3   0.11012
    810.4   0.10902
    810.5   0.10908
    810.7   0.10906
    810.8   0.10860
    810.9   0.10855
    811.0   0.10823
    811.2   0.10854
    811.3   0.10793
    811.4   0.10812
    811.5   0.10963
    811.7   0.10943
    811.8   0.10833
    811.9   0.10678
    812.1   0.10631
    812.2   0.10815
    812.3   0.10772
    812.4   0.10567
    812.6   0.10621
    812.7   0.10803
    812.8   0.10783
    813.0   0.10843
    813.1   0.10846
    813.2   0.10650
    813.3   0.10693
    813.5   0.10864
    813.6   0.10887
    813.7   0.10816
    813.8   0.10720
    814.0   0.10821
    814.1   0.10854
    814.2   0.10797
    814.4   0.10720
    814.5   0.10682
    814.6   0.10656
    814.7   0.10707
    814.9   0.10801
    815.0   0.10840
    815.1   0.10881
    815.3   0.10920
    815.4   0.10864
    815.5   0.10802
    815.6   0.10771
    815.8   0.10921
    815.9   0.11164
    816.0   0.11153
    816.2   0.11042
    816.3   0.10983
    816.4   0.10906
    816.5   0.10857
    816.7   0.10810
    816.8   0.10834
    816.9   0.10801
    817.0   0.10653
    817.2   0.10702
    817.3   0.10834
    817.4   0.10931
    817.6   0.10947
    817.7   0.10803
    817.8   0.10749
    818.0   0.10846
    818.1   0.10819
    818.2   0.10771
    818.3   0.10782
    818.5   0.10842
    818.6   0.10880
    818.7   0.10883
    818.9   0.10910
    819.0   0.10863
    819.1   0.10870
    819.3   0.10873
    819.4   0.10860
    819.5   0.10826
    819.6   0.10959
    819.8   0.11063
    819.9   0.10899
    820.0   0.10898
    820.2   0.10938
    820.3   0.10923
    820.4   0.10868
    820.5   0.10803
    820.7   0.10783
    820.8   0.10926
    820.9   0.11003
    821.1   0.10905
    821.2   0.10819
    821.3   0.10856
    821.5   0.10858
    821.6   0.10866
    821.7   0.10836
    821.8   0.10904
    822.0   0.10905
    822.1   0.10814
    822.2   0.10788
    822.4   0.10929
    822.5   0.11067
    822.6   0.11021
    822.8   0.10857
    822.9   0.10768
    823.0   0.10848
    823.2   0.10862
    823.3   0.10854
    823.4   0.10800
    823.5   0.10788
    823.7   0.11026
    823.8   0.11020
    823.9   0.10839
    824.1   0.10811
    824.2   0.10847
    824.3   0.10886
    824.5   0.10773
    824.6   0.10806
    824.7   0.10963
    824.8   0.11095
    825.0   0.11049
    825.1   0.10905
    825.3   0.10925
    825.4   0.10806
    825.5   0.10688
    825.6   0.10753
    825.8   0.10911
    825.9   0.10871
    826.0   0.10951
    826.2   0.10988
    826.3   0.10893
    826.4   0.10922
    826.6   0.10863
    826.7   0.10872
    826.8   0.10967
    827.0   0.10968
    827.1   0.10925
    827.2   0.11069
    827.3   0.11108
    827.5   0.11026
    827.6   0.10845
    827.8   0.10625
    827.9   0.10654
    828.0   0.10859
    828.2   0.10921
    828.3   0.11010
    828.4   0.11041
    828.5   0.10896
    828.7   0.10876
    828.8   0.10961
    828.9   0.10955
    829.1   0.10934
    829.2   0.10994
    829.3   0.10965
    829.5   0.10814
    829.6   0.10749
    829.7   0.10839
    829.9   0.10834
    830.0   0.10834
    830.1   0.10840
    830.3   0.10816
    830.4   0.10888
    830.5   0.10980
    830.7   0.10853
    830.8   0.10851
    830.9   0.10858
    831.1   0.10926
    831.2   0.10987
    831.3   0.10988
    831.5   0.10942
    831.6   0.10939
    831.7   0.10902
    831.9   0.10799
    832.0   0.10882
    832.1   0.11016
    832.3   0.11107
    832.4   0.11074
    832.5   0.11011
    832.7   0.10979
    832.8   0.10910
    832.9   0.10760
    833.1   0.10658
    833.2   0.10687
    833.3   0.10741
    833.5   0.10797
    833.6   0.10821
    833.7   0.10798
    833.9   0.10714
    834.0   0.10739
    834.1   0.10863
    834.3   0.10859
    834.4   0.10783
    834.5   0.10863
    834.7   0.10891
    834.8   0.10851
    835.0   0.10854
    835.1   0.10884
    835.2   0.10923
    835.3   0.11013
    835.5   0.11018
    835.6   0.11036
    835.8   0.11041
    835.9   0.10945
    836.0   0.10836
    836.2   0.10908
    836.3   0.10953
    836.4   0.10876
    836.6   0.10816
    836.7   0.10858
    836.8   0.10903
    837.0   0.10860
    837.1   0.10721
    837.2   0.10791
    837.4   0.10942
    837.5   0.10885
    837.6   0.10871
    837.8   0.10973
    837.9   0.11014
    838.0   0.11010
    838.2   0.10975
    838.3   0.10967
    838.5   0.10953
    838.6   0.10972
    838.7   0.10903
    838.9   0.10888
    839.0   0.10863
    839.1   0.10852
    839.3   0.10839
    839.4   0.10835
    839.5   0.10830
    839.7   0.10727
    839.8   0.10722
    840.0   0.10825
    840.1   0.10851
    840.2   0.10848
    840.4   0.10832
    840.5   0.10838
    840.6   0.10864
    840.8   0.10915
    840.9   0.10872
    841.0   0.10869
    841.2   0.10912
    841.3   0.10886
    841.5   0.10892
    841.6   0.10934
    841.7   0.10956
    841.9   0.11038
    842.0   0.10988
    842.1   0.10897
    842.3   0.10942
    842.4   0.10947
    842.5   0.10935
    842.7   0.10931
    842.8   0.10838
    843.0   0.10800
    843.1   0.10802
    843.2   0.10852
    843.4   0.10953
    843.5   0.11010
    843.6   0.10922
    843.8   0.10838
    843.9   0.10844
    844.0   0.10865
    844.2   0.10938
    844.3   0.11061
    844.5   0.11023
    844.6   0.10997
    844.7   0.11024
    844.9   0.10913
    845.0   0.10831
    845.2   0.10926
    845.3   0.10943
    845.4   0.10971
    845.6   0.10904
    845.7   0.10796
    845.8   0.10790
    846.0   0.10798
    846.1   0.10776
    846.3   0.10775
    846.4   0.10786
    846.5   0.10846
    846.7   0.10917
    846.8   0.10892
    847.0   0.10906
    847.1   0.10937
    847.2   0.10844
    847.4   0.10880
    847.5   0.10961
    847.6   0.10867
    847.8   0.10775
    847.9   0.10872
    848.1   0.11026
    848.2   0.10972
    848.3   0.10839
    848.5   0.10784
    848.6   0.10787
    848.8   0.10931
    848.9   0.11012
    849.0   0.10981
    849.2   0.10868
    849.3   0.10944
    849.5   0.10946
    849.6   0.10781
    849.7   0.10790
    849.9   0.10845
    850.0   0.10843
    850.1   0.10778
    850.3   0.10749
    850.4   0.10789
    850.6   0.10838
    850.7   0.10906
    850.8   0.10988
    851.0   0.10994
    851.1   0.11090
    851.3   0.11045
    851.4   0.10926
    851.5   0.10851
    851.7   0.10854
    851.8   0.10845
    852.0   0.10873
    852.1   0.10855
    852.2   0.10812
    852.4   0.10874
    852.5   0.10951
    852.7   0.10954
    852.8   0.10951
    852.9   0.10909
    853.1   0.10914
    853.2   0.10833
    853.4   0.10802
    853.5   0.10823
    853.6   0.10801
    853.8   0.10827
    853.9   0.10969
    854.1   0.11052
    854.2   0.10932
    854.3   0.10791
    854.5   0.10785
    854.6   0.10756
    854.8   0.10748
    854.9   0.10650
    855.0   0.10698
    855.2   0.10828
    855.3   0.10813
    855.5   0.10885
    855.6   0.10987
    855.8   0.10928
    855.9   0.10821
    856.0   0.10772
    856.2   0.10859
    856.3   0.10968
    856.5   0.10978
    856.6   0.10965
    856.8   0.10863
    856.9   0.10827
    857.0   0.10992
    857.2   0.10959
    857.3   0.10855
    857.5   0.10760
    857.6   0.10837
    857.7   0.10977
    857.9   0.10961
    858.0   0.10833
    858.2   0.10805
    858.3   0.10804
    858.5   0.10863
    858.6   0.10889
    858.7   0.10866
    858.9   0.10933
    859.0   0.10962
    859.2   0.10916
    859.3   0.10912
    859.4   0.10947
    859.6   0.10915
    859.7   0.10837
    859.9   0.10744
    860.0   0.10827
    860.2   0.10814
    860.3   0.10759
    860.4   0.10847
    860.6   0.10916
    860.7   0.10879
    860.9   0.10833
    861.0   0.10823
    861.2   0.10811
    861.3   0.10810
    861.4   0.10883
    861.6   0.10955
    861.7   0.10846
    861.9   0.10836
    862.0   0.10914
    862.2   0.10821
    862.3   0.10812
    862.5   0.10893
    862.6   0.10919
    862.7   0.10885
    862.9   0.10854
    863.0   0.10831
    863.2   0.10815
    863.3   0.10803
    863.5   0.10879
    863.6   0.10925
    863.7   0.10942
    863.9   0.10971
    864.0   0.10874
    864.2   0.10862
    864.3   0.10844
    864.5   0.10767
    864.6   0.10772
    864.8   0.10812
    864.9   0.10836
    865.0   0.10914
    865.2   0.10919
    865.3   0.10879
    865.5   0.10784
    865.6   0.10679
    865.8   0.10717
    865.9   0.10772
    866.0   0.10869
    866.2   0.10953
    866.3   0.10909
    866.5   0.10760
    866.6   0.10651
    866.8   0.10792
    866.9   0.10895
    867.1   0.10787
    867.2   0.10746
    867.3   0.10838
    867.5   0.10904
    867.6   0.10838
    867.8   0.10750
    867.9   0.10787
    868.1   0.10794
    868.2   0.10765
    868.4   0.10833
    868.5   0.10943
    868.7   0.10967
    868.8   0.10914
    869.0   0.10917
    869.1   0.10935
    869.2   0.10805
    869.4   0.10726
    869.5   0.10747
    869.7   0.10812
    869.8   0.10872
    870.0   0.10916
    870.1   0.10848
    870.3   0.10859
    870.4   0.10943
    870.6   0.10946
    870.7   0.10841
    870.8   0.10783
    871.0   0.10825
    871.1   0.10871
    871.3   0.10841
    871.4   0.10795
    871.6   0.10858
    871.7   0.10893
    871.9   0.10850
    872.0   0.10876
    872.2   0.10786
    872.3   0.10737
    872.5   0.10864
    872.6   0.10941
    872.8   0.10846
    872.9   0.10742
    873.0   0.10844
    873.2   0.10971
    873.3   0.10980
    873.5   0.10850
    873.6   0.10730
    873.8   0.10754
    873.9   0.10811
    874.1   0.10908
    874.2   0.10916
    874.4   0.10817
    874.5   0.10785
    874.7   0.10801
    874.8   0.10849
    875.0   0.10858
    875.1   0.10827
    875.3   0.10744
    875.4   0.10726
    875.5   0.10808
    875.7   0.10851
    875.8   0.10812
    876.0   0.10799
    876.2   0.10804
    876.3   0.10711
    876.4   0.10665
    876.6   0.10765
    876.7   0.10809
    876.9   0.10817
    877.0   0.10817
    877.2   0.10873
    877.3   0.10832
    877.5   0.10754
    877.6   0.10759
    877.8   0.10803
    877.9   0.10824
    878.1   0.10910
    878.2   0.10909
    878.4   0.10814
    878.5   0.10804
    878.7   0.10867
    878.8   0.10911
    879.0   0.10868
    879.1   0.10817
    879.3   0.10807
    879.4   0.10803
    879.6   0.10815
    879.7   0.10845
    879.9   0.10797
    880.0   0.10850
    880.2   0.10822
    880.3   0.10743
    880.5   0.10821
    880.6   0.10873
    880.8   0.10816
    880.9   0.10815
    881.1   0.10839
    881.2   0.10844
    881.4   0.10837
    881.5   0.10861
    881.7   0.10842
    881.8   0.10829
    882.0   0.10872
    882.1   0.10937
    882.3   0.10905
    882.4   0.10856
    882.6   0.10920
    882.7   0.10934
    882.9   0.10881
    883.0   0.10856
    883.2   0.10822
    883.3   0.10769
    883.5   0.10772
    883.6   0.10805
    883.8   0.10805
    883.9   0.10778
    884.1   0.10864
    884.2   0.10899
    884.4   0.10932
    884.5   0.10919
    884.7   0.10832
    884.8   0.10793
    885.0   0.10837
    885.1   0.10876
    885.3   0.10800
    885.4   0.10756
    885.6   0.10866
    885.7   0.10923
    885.9   0.10871
    886.0   0.10843
    886.2   0.10855
    886.3   0.10859
    886.5   0.10814
    886.6   0.10785
    886.8   0.10809
    886.9   0.10852
    887.1   0.10883
    887.2   0.10807
    887.4   0.10762
    887.5   0.10813
    887.7   0.10825
    887.8   0.10826
    888.0   0.10810
    888.2   0.10764
    888.3   0.10783
    888.5   0.10854
    888.6   0.10864
    888.8   0.10813
    888.9   0.10758
    889.1   0.10821
    889.2   0.10831
    889.4   0.10877
    889.5   0.10862
    889.7   0.10797
    889.8   0.10844
    890.0   0.10865
    890.1   0.10833
    890.3   0.10839
    890.4   0.10823
    890.6   0.10812
    890.8   0.10787
    890.9   0.10783
    891.0   0.10851
    891.2   0.10881
    891.4   0.10909
    891.5   0.10918
    891.7   0.10814
    891.8   0.10782
    892.0   0.10746
    892.1   0.10743
    892.3   0.10810
    892.4   0.10835
    892.6   0.10866
    892.7   0.10839
    892.9   0.10794
    893.0   0.10827
    893.2   0.10915
    893.4   0.10908
    893.5   0.10830
    893.7   0.10802
    893.8   0.10790
    894.0   0.10835
    894.1   0.10883
    894.3   0.10896
    894.4   0.10887
    894.6   0.10840
    894.7   0.10806
    894.9   0.10857
    895.0   0.10903
    895.2   0.10832
    895.4   0.10813
    895.5   0.10748
    895.7   0.10705
    895.8   0.10778
    896.0   0.10851
    896.1   0.10820
    896.3   0.10761
    896.4   0.10753
    896.6   0.10790
    896.8   0.10795
    896.9   0.10822
    897.1   0.10841
    897.2   0.10850
    897.4   0.10869
    897.5   0.10895
    897.7   0.10888
    897.8   0.10820
    898.0   0.10758
    898.2   0.10760
    898.3   0.10808
    898.5   0.10828
    898.6   0.10804
    898.8   0.10809
    898.9   0.10809
    899.1   0.10845
    899.2   0.10914
    899.4   0.10903
    899.6   0.10852
    899.7   0.10828
    899.9   0.10813
    900.0   0.10846
    900.2   0.10836
    900.3   0.10785
    900.5   0.10826
    900.7   0.10822
    900.8   0.10836
    901.0   0.10875
    901.1   0.10858
    901.3   0.10868
    901.4   0.10861
    901.6   0.10865
    901.8   0.10907
    901.9   0.10932
    902.1   0.10872
    902.2   0.10813
    902.4   0.10787
    902.5   0.10830
    902.7   0.10882
    902.8   0.10872
    903.0   0.10824
    903.2   0.10850
    903.3   0.10887
    903.5   0.10878
    903.6   0.10877
    903.8   0.10892
    904.0   0.10856
    904.1   0.10833
    904.3   0.10864
    904.4   0.10836
    904.6   0.10805
    904.7   0.10846
    904.9   0.10866
    905.0   0.10839
    905.2   0.10828
    905.4   0.10855
    905.5   0.10866
    905.7   0.10832
    905.8   0.10828
    906.0   0.10850
    906.2   0.10862
    906.3   0.10848
    906.5   0.10886
    906.6   0.10876
    906.8   0.10867
    907.0   0.10849
    907.1   0.10813
    907.3   0.10795
    907.4   0.10859
    907.6   0.10920
    907.7   0.10901
    907.9   0.10867
    908.1   0.10831
    908.2   0.10809
    908.4   0.10786
    908.5   0.10805
    908.7   0.10831
    908.9   0.10826
    909.0   0.10827
    909.2   0.10852
    909.3   0.10836
    909.5   0.10784
    909.7   0.10793
    909.8   0.10825
    910.0   0.10817
    910.1   0.10867
    910.3   0.10886
    910.5   0.10832
    910.6   0.10775
    910.8   0.10799
    910.9   0.10839
    911.1   0.10852
    911.3   0.10875
    911.4   0.10906
    911.6   0.10857
    911.7   0.10788
    911.9   0.10794
    912.1   0.10889
    912.2   0.10952
    912.4   0.10932
    912.5   0.10906
    912.7   0.10882
    912.9   0.10910
    913.0   0.10918
    913.2   0.10892
    913.3   0.10893
    913.5   0.10907
    913.7   0.10860
    913.8   0.10833
    914.0   0.10892
    914.2   0.10913
    914.3   0.10857
    914.5   0.10832
    914.6   0.10855
    914.8   0.10880
    915.0   0.10896
    915.1   0.10890
    915.3   0.10890
    915.4   0.10880
    915.6   0.10827
    915.8   0.10786
    915.9   0.10798
    916.1   0.10830
    916.3   0.10866
    916.4   0.10877
    916.6   0.10914
    916.7   0.10901
    916.9   0.10841
    917.1   0.10862
    917.2   0.10854
    917.4   0.10842
    917.5   0.10887
    917.7   0.10894
    917.9   0.10868
    918.0   0.10874
    918.2   0.10881
    918.4   0.10880
    918.5   0.10892
    918.7   0.10912
    918.8   0.10930
    919.0   0.10943
    919.2   0.10930
    919.3   0.10869
    919.5   0.10819
    919.7   0.10876
    919.8   0.10900
    920.0   0.10860
    920.2   0.10854
    920.3   0.10889
    920.5   0.10926
    920.6   0.10910
    920.8   0.10907
    921.0   0.10934
    921.1   0.10936
    921.3   0.10910
    921.5   0.10933
    921.6   0.10922
    921.8   0.10877
    922.0   0.10882
    922.1   0.10933
    922.3   0.10909
    922.4   0.10872
    922.6   0.10875
    922.8   0.10900
    922.9   0.10896
    923.1   0.10918
    923.3   0.10896
    923.4   0.10889
    923.6   0.10925
    923.8   0.10926
    923.9   0.10917
    924.1   0.10892
    924.3   0.10887
    924.4   0.10880
    924.6   0.10883
    924.7   0.10916
    924.9   0.10927
    925.1   0.10930
    925.2   0.10926
    925.4   0.10908
    925.6   0.10893
    925.7   0.10883
    925.9   0.10913
    926.1   0.10908
    926.2   0.10880
    926.4   0.10919
    926.6   0.10965
    926.7   0.10958
    926.9   0.10889
    927.1   0.10856
    927.2   0.10871
    927.4   0.10880
    927.6   0.10866
    927.7   0.10852
    927.9   0.10863
    928.0   0.10867
    928.2   0.10904
    928.4   0.10911
    928.5   0.10914
    928.7   0.10907
    928.9   0.10928
    929.0   0.10894
    929.2   0.10875
    929.4   0.10922
    929.5   0.10960
    929.7   0.10963
    929.9   0.10972
    930.0   0.10979
    930.2   0.10920
    930.4   0.10904
    930.5   0.10921
    930.7   0.10929
    930.9   0.10958
    931.0   0.10962
    931.2   0.10913
    931.4   0.10908
    931.6   0.10953
    931.7   0.10954
    931.9   0.10947
    932.1   0.10955
    932.2   0.10989
    932.4   0.10930
    932.6   0.10864
    932.7   0.10853
    932.9   0.10879
    933.1   0.10928
    933.2   0.10948
    933.4   0.10961
    933.6   0.10998
    933.7   0.10973
    933.9   0.10936
    934.1   0.10911
    934.2   0.10901
    934.4   0.10885
    934.6   0.10896
    934.8   0.10933
    934.9   0.10953
    935.1   0.10963
    935.3   0.10917
    935.4   0.10896
    935.6   0.10921
    935.8   0.10902
    935.9   0.10916
    936.1   0.10942
    936.3   0.10926
    936.4   0.10944
    936.6   0.10961
    936.8   0.10964
    936.9   0.10957
    937.1   0.10957
    937.3   0.10959
    937.5   0.10938
    937.6   0.10914
    937.8   0.10936
    938.0   0.10943
    938.1   0.10935
    938.3   0.10962
    938.5   0.10973
    938.6   0.10946
    938.8   0.10933
    939.0   0.10936
    939.2   0.10953
    939.3   0.10958
    939.5   0.10933
    939.7   0.10954
    939.8   0.10976
    940.0   0.10933
    940.2   0.10942
    940.3   0.10971
    940.5   0.10950
    940.7   0.10961
    940.8   0.10978
    941.0   0.10993
    941.2   0.10970
    941.4   0.10931
    941.5   0.10942
    941.7   0.10975
    941.9   0.11002
    942.0   0.10996
    942.2   0.11018
    942.4   0.11025
    942.6   0.10995
    942.7   0.10990
    942.9   0.11007
    943.1   0.11026
    943.3   0.10994
    943.4   0.10971
    943.6   0.10963
    943.8   0.10955
    943.9   0.10976
    944.1   0.11007
    944.3   0.11029
    944.5   0.11037
    944.6   0.11017
    944.8   0.10972
    945.0   0.10977
    945.1   0.10979
    945.3   0.10966
    945.5   0.10972
    945.7   0.10977
    945.8   0.10983
    946.0   0.11001
    946.2   0.11010
    946.3   0.11008
    946.5   0.10990
    946.7   0.10997
    946.9   0.11030
    947.0   0.10990
    947.2   0.10975
    947.4   0.11010
    947.6   0.10981
    947.7   0.10983
    947.9   0.10987
    948.1   0.10965
    948.3   0.10950
    948.4   0.10930
    948.6   0.10954
    948.8   0.11000
    949.0   0.11030
    949.1   0.11042
    949.3   0.11053
    949.5   0.11036
    949.6   0.10981
    949.8   0.10953
    950.0   0.10955
    950.2   0.10978
    950.3   0.11020
    950.5   0.11015
    950.7   0.10992
    950.9   0.11041
    951.0   0.11059
    951.2   0.11067
    951.4   0.11088
    951.6   0.11055
    951.7   0.11012
    951.9   0.10996
    952.1   0.11004
    952.3   0.10979
    952.4   0.10978
    952.6   0.10958
    952.8   0.10950
    953.0   0.10973
    953.1   0.10997
    953.3   0.11010
    953.5   0.11044
    953.7   0.11060
    953.8   0.11020
    954.0   0.11005
    954.2   0.11012
    954.4   0.11022
    954.5   0.11025
    954.7   0.11046
    954.9   0.11043
    955.1   0.11028
    955.2   0.11037
    955.4   0.11053
    955.6   0.11054
    955.8   0.11039
    956.0   0.10998
    956.1   0.11023
    956.3   0.11049
    956.5   0.11041
    956.7   0.11084
    956.8   0.11084
    957.0   0.11040
    957.2   0.11023
    957.4   0.11025
    957.5   0.11042
    957.7   0.11049
    957.9   0.11054
    958.1   0.11052
    958.2   0.11042
    958.4   0.11034
    958.6   0.11052
    958.8   0.11108
    959.0   0.11092
    959.1   0.11072
    959.3   0.11036
    959.5   0.11040
    959.7   0.11066
    959.8   0.11075
    960.0   0.11073
    960.2   0.11065
    960.4   0.11075
    960.5   0.11088
    960.7   0.11079
    960.9   0.11062
    961.1   0.11060
    961.3   0.11078
    961.4   0.11086
    961.6   0.11092
    961.8   0.11106
    962.0   0.11084
    962.2   0.11061
    962.3   0.11047
    962.5   0.11018
    962.7   0.11026
    962.9   0.11077
    963.0   0.11106
    963.2   0.11106
    963.4   0.11106
    963.6   0.11115
    963.8   0.11132
    963.9   0.11104
    964.1   0.11083
    964.3   0.11087
    964.5   0.11097
    964.7   0.11093
    964.8   0.11099
    965.0   0.11124
    965.2   0.11103
    965.4   0.11073
    965.6   0.11058
    965.7   0.11067
    965.9   0.11084
    966.1   0.11084
    966.3   0.11090
    966.5   0.11117
    966.6   0.11119
    966.8   0.11109
    967.0   0.11125
    967.2   0.11119
    967.4   0.11114
    967.5   0.11150
    967.7   0.11150
    967.9   0.11121
    968.1   0.11138
    968.3   0.11130
    968.4   0.11145
    968.6   0.11162
    968.8   0.11123
    969.0   0.11101
    969.2   0.11114
    969.3   0.11106
    969.5   0.11104
    969.7   0.11093
    969.9   0.11114
    970.1   0.11123
    970.3   0.11138
    970.4   0.11141
    970.6   0.11114
    970.8   0.11100
    971.0   0.11133
    971.2   0.11146
    971.3   0.11145
    971.5   0.11163
    971.7   0.11166
    971.9   0.11136
    972.1   0.11151
    972.3   0.11174
    972.4   0.11157
    972.6   0.11128
    972.8   0.11134
    973.0   0.11146
    973.2   0.11141
    973.3   0.11147
    973.5   0.11186
    973.7   0.11186
    973.9   0.11157
    974.1   0.11172
    974.3   0.11173
    974.5   0.11174
    974.6   0.11158
    974.8   0.11138
    975.0   0.11159
    975.2   0.11174
    975.4   0.11155
    975.5   0.11122
    975.7   0.11119
    975.9   0.11147
    976.1   0.11184
    976.3   0.11206
    976.5   0.11194
    976.7   0.11184
    976.8   0.11180
    977.0   0.11180
    977.2   0.11184
    977.4   0.11180
    977.6   0.11164
    977.8   0.11174
    977.9   0.11201
    978.1   0.11202
    978.3   0.11182
    978.5   0.11188
    978.7   0.11214
    978.9   0.11243
    979.0   0.11229
    979.2   0.11202
    979.4   0.11197
    979.6   0.11196
    979.8   0.11186
    980.0   0.11155
    980.2   0.11155
    980.3   0.11196
    980.5   0.11219
    980.7   0.11216
    980.9   0.11227
    981.1   0.11212
    981.3   0.11172
    981.5   0.11207
    981.7   0.11245
    981.8   0.11237
    982.0   0.11236
    982.2   0.11235
    982.4   0.11217
    982.6   0.11231
    982.8   0.11249
    983.0   0.11221
    983.1   0.11199
    983.3   0.11224
    983.5   0.11263
    983.7   0.11265
    983.9   0.11238
    984.1   0.11235
    984.3   0.11266
    984.4   0.11254
    984.6   0.11232
    984.8   0.11231
    985.0   0.11229
    985.2   0.11234
    985.4   0.11267
    985.6   0.11276
    985.8   0.11267
    985.9   0.11253
    986.1   0.11245
    986.3   0.11235
    986.5   0.11221
    986.7   0.11237
    986.9   0.11275
    987.1   0.11287
    987.3   0.11275
    987.4   0.11281
    987.6   0.11286
    987.8   0.11257
    988.0   0.11231
    988.2   0.11237
    988.4   0.11250
    988.6   0.11270
    988.8   0.11278
    989.0   0.11255
    989.1   0.11246
    989.3   0.11273
    989.5   0.11275
    989.7   0.11285
    989.9   0.11297
    990.1   0.11281
    990.3   0.11279
    990.5   0.11300
    990.7   0.11286
    990.8   0.11301
    991.0   0.11312
    991.2   0.11305
    991.4   0.11315
    991.6   0.11317
    991.8   0.11303
    992.0   0.11310
    992.2   0.11329
    992.4   0.11338
    992.5   0.11321
    992.7   0.11313
    992.9   0.11312
    993.1   0.11298
    993.3   0.11319
    993.5   0.11327
    993.7   0.11310
    993.9   0.11318
    994.1   0.11310
    994.3   0.11312
    994.5   0.11316
    994.6   0.11294
    994.8   0.11290
    995.0   0.11318
    995.2   0.11346
    995.4   0.11335
    995.6   0.11331
    995.8   0.11356
    996.0   0.11348
    996.2   0.11314
    996.4   0.11304
    996.5   0.11326
    996.7   0.11357
    996.9   0.11368
    997.1   0.11363
    997.3   0.11347
    997.5   0.11348
    997.7   0.11360
    997.9   0.11344
    998.1   0.11330
    998.3   0.11332
    998.5   0.11336
    998.7   0.11356
    998.9   0.11372
    999.0   0.11379
    999.2   0.11363
    999.4   0.11365
    999.6   0.11368
    999.8   0.11360
   1000.0   0.11349
   1000.2   0.11374
   1000.4   0.11408
   1000.6   0.11406
   1000.8   0.11374
   1001.0   0.11377
   1001.2   0.11377
   1001.4   0.11366
   1001.6   0.11368
   1001.8   0.11394
   1001.9   0.11391
   1002.1   0.11388
   1002.3   0.11399
   1002.5   0.11387
   1002.7   0.11389
   1002.9   0.11389
   1003.1   0.11389
   1003.3   0.11406
   1003.5   0.11410
   1003.7   0.11399
   1003.9   0.11392
   1004.1   0.11405
   1004.3   0.11416
   1004.5   0.11419
   1004.7   0.11404
   1004.9   0.11395
   1005.0   0.11411
   1005.3   0.11412
   1005.4   0.11408
   1005.6   0.11415
   1005.8   0.11417
   1006.0   0.11433
   1006.2   0.11436
   1006.4   0.11427
   1006.6   0.11427
   1006.8   0.11417
   1007.0   0.11403
   1007.2   0.11407
   1007.4   0.11420
   1007.6   0.11423
   1007.8   0.11433
   1008.0   0.11440
   1008.2   0.11435
   1008.4   0.11430
   1008.6   0.11439
   1008.8   0.11439
   1009.0   0.11443
   1009.2   0.11452
   1009.4   0.11456
   1009.5   0.11455
   1009.8   0.11444
   1010.0   0.11445
   1010.1   0.11442
   1010.3   0.11445
   1010.5   0.11448
   1010.7   0.11436
   1010.9   0.11435
   1011.1   0.11449
   1011.3   0.11447
   1011.5   0.11456
   1011.7   0.11473
   1011.9   0.11479
   1012.1   0.11477
   1012.3   0.11472
   1012.5   0.11468
   1012.7   0.11468
   1012.9   0.11466
   1013.1   0.11473
   1013.3   0.11490
   1013.5   0.11510
   1013.7   0.11509
   1013.9   0.11490
   1014.1   0.11493
   1014.3   0.11512
   1014.5   0.11511
   1014.7   0.11517
   1014.9   0.11495
   1015.1   0.11499
   1015.3   0.11497
   1015.5   0.11497
   1015.7   0.11517
   1015.9   0.11511
   1016.1   0.11525
   1016.3   0.11524
   1016.5   0.11489
   1016.7   0.11487
   1016.9   0.11510
   1017.1   0.11524
   1017.3   0.11518
   1017.5   0.11515
   1017.7   0.11531
   1017.9   0.11531
   1018.1   0.11513
   1018.3   0.11518
   1018.5   0.11526
   1018.7   0.11529
   1018.9   0.11535
   1019.1   0.11516
   1019.3   0.11505
   1019.5   0.11514
   1019.7   0.11515
   1019.9   0.11523
   1020.1   0.11553
   1020.3   0.11570
   1020.5   0.11556
   1020.7   0.11538
   1020.9   0.11544
   1021.1   0.11539
   1021.3   0.11528
   1021.5   0.11542
   1021.7   0.11563
   1021.9   0.11563
   1022.1   0.11548
   1022.3   0.11555
   1022.5   0.11555
   1022.7   0.11549
   1022.9   0.11553
   1023.1   0.11555
   1023.3   0.11558
   1023.5   0.11568
   1023.7   0.11582
   1023.9   0.11574
   1024.1   0.11577
   1024.3   0.11576
   1024.5   0.11563
   1024.7   0.11567
   1024.9   0.11573
   1025.1   0.11573
   1025.3   0.11587
   1025.5   0.11602
   1025.7   0.11581
   1025.9   0.11562
   1026.1   0.11579
   1026.3   0.11604
   1026.5   0.11605
   1026.8   0.11601
   1026.9   0.11598
   1027.2   0.11587
   1027.4   0.11596
   1027.6   0.11611
   1027.8   0.11604
   1028.0   0.11585
   1028.2   0.11589
   1028.4   0.11612
   1028.6   0.11616
   1028.8   0.11595
   1029.0   0.11605
   1029.2   0.11631
   1029.4   0.11632
   1029.6   0.11616
   1029.8   0.11614
   1030.0   0.11623
   1030.2   0.11621
   1030.4   0.11624
   1030.6   0.11625
   1030.8   0.11604
   1031.0   0.11622
   1031.2   0.11638
   1031.4   0.11650
   1031.7   0.11649
   1031.8   0.11623
   1032.1   0.11636
   1032.3   0.11666
   1032.5   0.11652
   1032.7   0.11635
   1032.9   0.11642
   1033.1   0.11631
   1033.3   0.11622
   1033.5   0.11629
   1033.7   0.11645
   1033.9   0.11643
   1034.1   0.11654
   1034.3   0.11671
   1034.5   0.11672
   1034.7   0.11666
   1034.9   0.11655
   1035.2   0.11648
   1035.4   0.11656
   1035.6   0.11679
   1035.8   0.11684
   1036.0   0.11669
   1036.2   0.11661
   1036.4   0.11652
   1036.6   0.11657
   1036.8   0.11676
   1037.0   0.11680
   1037.2   0.11679
   1037.4   0.11688
   1037.6   0.11686
   1037.8   0.11688
   1038.1   0.11692
   1038.3   0.11677
   1038.5   0.11680
   1038.7   0.11694
   1038.9   0.11694
   1039.1   0.11697
   1039.3   0.11693
   1039.5   0.11703
   1039.7   0.11707
   1039.9   0.11711
   1040.1   0.11715
   1040.3   0.11717
   1040.6   0.11721
   1040.8   0.11717
   1041.0   0.11694
   1041.2   0.11690
   1041.4   0.11701
   1041.6   0.11713
   1041.8   0.11744
   1042.0   0.11765
   1042.2   0.11753
   1042.4   0.11734
   1042.6   0.11732
   1042.8   0.11732
   1043.1   0.11737
   1043.3   0.11742
   1043.5   0.11749
   1043.7   0.11748
   1043.9   0.11757
   1044.1   0.11746
   1044.3   0.11741
   1044.5   0.11740
   1044.8   0.11733
   1045.0   0.11738
   1045.2   0.11729
   1045.4   0.11725
   1045.6   0.11732
   1045.8   0.11752
   1046.0   0.11770
   1046.2   0.11774
   1046.4   0.11772
   1046.6   0.11773
   1046.9   0.11777
   1047.1   0.11780
   1047.3   0.11781
   1047.5   0.11775
   1047.7   0.11783
   1047.9   0.11789
   1048.1   0.11795
   1048.3   0.11812
   1048.6   0.11812
   1048.8   0.11797
   1049.0   0.11796
   1049.2   0.11802
   1049.4   0.11796
   1049.6   0.11801
   1049.8   0.11809
   1050.0   0.11811
   1050.3   0.11811
   1050.5   0.11816
   1050.7   0.11818
   1050.9   0.11806
   1051.1   0.11816
   1051.3   0.11833
   1051.5   0.11825
   1051.7   0.11818
   1051.9   0.11808
   1052.2   0.11804
   1052.4   0.11812
   1052.6   0.11818
   1052.8   0.11816
   1053.0   0.11825
   1053.2   0.11833
   1053.4   0.11825
   1053.7   0.11827
   1053.9   0.11843
   1054.1   0.11850
   1054.3   0.11846
   1054.5   0.11847
   1054.7   0.11855
   1054.9   0.11842
   1055.2   0.11836
   1055.4   0.11839
   1055.6   0.11835
   1055.8   0.11847
   1056.0   0.11855
   1056.2   0.11848
   1056.4   0.11860
   1056.7   0.11862
   1056.9   0.11847
   1057.1   0.11842
   1057.3   0.11860
   1057.5   0.11878
   1057.8   0.11874
   1058.0   0.11867
   1058.2   0.11872
   1058.4   0.11874
   1058.6   0.11866
   1058.8   0.11867
   1059.0   0.11883
   1059.3   0.11892
   1059.5   0.11890
   1059.7   0.11874
   1059.9   0.11880
   1060.1   0.11892
   1060.3   0.11898
   1060.6   0.11893
   1060.8   0.11898
   1061.0   0.11900
   1061.2   0.11890
   1061.4   0.11892
   1061.7   0.11909
   1061.9   0.11905
   1062.1   0.11890
   1062.3   0.11890
   1062.5   0.11894
   1062.7   0.11910
   1062.9   0.11932
   1063.2   0.11942
   1063.4   0.11944
   1063.6   0.11933
   1063.8   0.11919
   1064.0   0.11910
   1064.3   0.11913
   1064.5   0.11928
   1064.7   0.11927
   1064.9   0.11940
   1065.1   0.11951
   1065.3   0.11940
   1065.6   0.11927
   1065.8   0.11932
   1066.0   0.11934
   1066.2   0.11951
   1066.4   0.11963
   1066.7   0.11947
   1066.9   0.11946
   1067.1   0.11955
   1067.3   0.11947
   1067.6   0.11957
   1067.8   0.11970
   1068.0   0.11960
   1068.2   0.11945
   1068.4   0.11948
   1068.7   0.11953
   1068.9   0.11953
   1069.1   0.11946
   1069.3   0.11952
   1069.5   0.11966
   1069.8   0.11972
   1070.0   0.11959
   1070.2   0.11958
   1070.4   0.11978
   1070.6   0.11986
   1070.8   0.11980
   1071.1   0.11994
   1071.3   0.12010
   1071.5   0.12001
   1071.7   0.12005
   1072.0   0.12006
   1072.2   0.12002
   1072.4   0.12012
   1072.6   0.12015
   1072.8   0.12008
   1073.1   0.12012
   1073.3   0.12017
   1073.5   0.12013
   1073.7   0.12000
   1074.0   0.11991
   1074.2   0.12008
   1074.4   0.12015
   1074.6   0.12012
   1074.8   0.12007
   1075.1   0.12009
   1075.3   0.12027
   1075.5   0.12042
   1075.7   0.12043
   1076.0   0.12036
   1076.2   0.12036
   1076.4   0.12040
   1076.6   0.12042
   1076.9   0.12047
   1077.1   0.12036
   1077.3   0.12039
   1077.5   0.12043
   1077.8   0.12040
   1078.0   0.12057
   1078.2   0.12066
   1078.4   0.12064
   1078.7   0.12066
   1078.9   0.12065
   1079.1   0.12057
   1079.3   0.12066
   1079.6   0.12065
   1079.8   0.12070
   1080.0   0.12076
   1080.2   0.12081
   1080.4   0.12089
   1080.7   0.12091
   1080.9   0.12088
   1081.1   0.12087
   1081.3   0.12077
   1081.6   0.12069
   1081.8   0.12067
   1082.0   0.12069
   1082.3   0.12077
   1082.5   0.12078
   1082.7   0.12087
   1082.9   0.12094
   1083.2   0.12101
   1083.4   0.12101
   1083.6   0.12101
   1083.8   0.12113
   1084.1   0.12114
   1084.3   0.12107
   1084.5   0.12101
   1084.8   0.12103
   1085.0   0.12106
   1085.2   0.12115
   1085.4   0.12118
   1085.7   0.12116
   1085.9   0.12118
   1086.1   0.12125
   1086.3   0.12124
   1086.6   0.12115
   1086.8   0.12115
   1087.0   0.12116
   1087.3   0.12137
   1087.5   0.12138
   1087.7   0.12126
   1087.9   0.12127
   1088.2   0.12122
   1088.4   0.12122
   1088.6   0.12132
   1088.8   0.12140
   1089.1   0.12134
   1089.3   0.12138
   1089.5   0.12142
   1089.8   0.12137
   1090.0   0.12137
   1090.2   0.12134
   1090.4   0.12143
   1090.7   0.12157
   1090.9   0.12170
   1091.1   0.12170
   1091.4   0.12169
   1091.6   0.12160
   1091.8   0.12156
   1092.1   0.12167
   1092.3   0.12181
   1092.5   0.12189
   1092.8   0.12182
   1093.0   0.12188
   1093.2   0.12186
   1093.4   0.12174
   1093.7   0.12159
   1093.9   0.12170
   1094.1   0.12186
   1094.4   0.12183
   1094.6   0.12190
   1094.8   0.12205
   1095.1   0.12199
   1095.3   0.12194
   1095.5   0.12207
   1095.8   0.12212
   1096.0   0.12187
   1096.2   0.12177
   1096.4   0.12189
   1096.7   0.12204
   1096.9   0.12212
   1097.1   0.12221
   1097.4   0.12234
   1097.6   0.12231
   1097.8   0.12220
   1098.1   0.12221
   1098.3   0.12228
   1098.5   0.12232
   1098.8   0.12239
   1099.0   0.12235
   1099.2   0.12228
   1099.5   0.12224
   1099.7   0.12219
   1099.9   0.12221
   1100.2   0.12216
   1100.4   0.12219
   1100.6   0.12238
   1100.9   0.12246
   1101.1   0.12233
   1101.3   0.12232
   1101.6   0.12245
   1101.8   0.12254
   1102.0   0.12256
   1102.3   0.12258
   1102.5   0.12270
   1102.7   0.12266
   1103.0   0.12253
   1103.2   0.12269
   1103.4   0.12271
   1103.7   0.12257
   1103.9   0.12260
   1104.2   0.12269
   1104.4   0.12271
   1104.6   0.12269
   1104.9   0.12274
   1105.1   0.12277
   1105.3   0.12267
   1105.6   0.12270
   1105.8   0.12285
   1106.0   0.12297
   1106.3   0.12306
   1106.5   0.12300
   1106.7   0.12284
   1107.0   0.12293
   1107.2   0.12316
   1107.4   0.12323
   1107.7   0.12309
   1107.9   0.12300
   1108.2   0.12304
   1108.4   0.12305
   1108.6   0.12310
   1108.9   0.12314
   1109.1   0.12314
   1109.3   0.12311
   1109.6   0.12317
   1109.8   0.12327
   1110.1   0.12313
   1110.3   0.12305
   1110.5   0.12309
   1110.8   0.12324
   1111.0   0.12330
   1111.3   0.12332
   1111.5   0.12338
   1111.7   0.12350
   1112.0   0.12352
   1112.2   0.12345
   1112.4   0.12336
   1112.7   0.12339
   1112.9   0.12352
   1113.2   0.12348
   1113.4   0.12345
   1113.6   0.12360
   1113.9   0.12369
   1114.1   0.12361
   1114.3   0.12357
   1114.6   0.12362
   1114.8   0.12363
   1115.1   0.12370
   1115.3   0.12374
   1115.6   0.12382
   1115.8   0.12380
   1116.0   0.12367
   1116.3   0.12356
   1116.5   0.12360
   1116.8   0.12379
   1117.0   0.12377
   1117.2   0.12373
   1117.5   0.12384
   1117.7   0.12388
   1118.0   0.12386
   1118.2   0.12381
   1118.4   0.12392
   1118.7   0.12404
   1118.9   0.12394
   1119.2   0.12397
   1119.4   0.12408
   1119.7   0.12413
   1119.9   0.12413
   1120.1   0.12404
   1120.4   0.12402
   1120.6   0.12416
   1120.9   0.12420
   1121.1   0.12409
   1121.3   0.12405
   1121.6   0.12405
   1121.8   0.12408
   1122.1   0.12413
   1122.3   0.12428
   1122.6   0.12429
   1122.8   0.12419
   1123.0   0.12424
   1123.3   0.12431
   1123.5   0.12433
   1123.8   0.12431
   1124.0   0.12431
   1124.3   0.12437
   1124.5   0.12440
   1124.8   0.12448
   1125.0   0.12453
   1125.2   0.12446
   1125.5   0.12445
   1125.7   0.12453
   1126.0   0.12465
   1126.2   0.12474
   1126.5   0.12473
   1126.7   0.12465
   1126.9   0.12466
   1127.2   0.12465
   1127.4   0.12468
   1127.7   0.12473
   1127.9   0.12466
   1128.2   0.12464
   1128.4   0.12466
   1128.7   0.12471
   1128.9   0.12466
   1129.2   0.12464
   1129.4   0.12475
   1129.7   0.12477
   1129.9   0.12476
   1130.1   0.12482
   1130.4   0.12486
   1130.6   0.12483
   1130.9   0.12490
   1131.1   0.12488
   1131.4   0.12486
   1131.6   0.12487
   1131.9   0.12488
   1132.1   0.12502
   1132.4   0.12506
   1132.6   0.12502
   1132.9   0.12513
   1133.1   0.12519
   1133.3   0.12517
   1133.6   0.12520
   1133.8   0.12521
   1134.1   0.12522
   1134.3   0.12521
   1134.6   0.12517
   1134.8   0.12522
   1135.1   0.12520
   1135.3   0.12523
   1135.6   0.12527
   1135.8   0.12524
   1136.1   0.12518
   1136.3   0.12529
   1136.6   0.12533
   1136.8   0.12529
   1137.1   0.12531
   1137.3   0.12534
   1137.6   0.12538
   1137.8   0.12538
   1138.1   0.12541
   1138.3   0.12549
   1138.6   0.12547
   1138.8   0.12551
   1139.1   0.12546
   1139.3   0.12546
   1139.6   0.12548
   1139.8   0.12557
   1140.1   0.12567
   1140.3   0.12568
   1140.6   0.12563
   1140.8   0.12563
   1141.1   0.12570
   1141.3   0.12585
   1141.6   0.12594
   1141.8   0.12587
   1142.1   0.12588
   1142.3   0.12584
   1142.6   0.12582
   1142.8   0.12578
   1143.1   0.12573
   1143.3   0.12585
   1143.6   0.12585
   1143.9   0.12582
   1144.1   0.12589
   1144.4   0.12589
   1144.6   0.12585
   1144.9   0.12598
   1145.1   0.12606
   1145.4   0.12606
   1145.6   0.12605
   1145.9   0.12610
   1146.1   0.12614
   1146.4   0.12611
   1146.6   0.12608
   1146.9   0.12613
   1147.2   0.12622
   1147.4   0.12622
   1147.7   0.12620
   1147.9   0.12617
   1148.2   0.12609
   1148.4   0.12613
   1148.7   0.12619
   1148.9   0.12620
   1149.2   0.12625
   1149.4   0.12623
   1149.7   0.12623
   1149.9   0.12633
   1150.2   0.12646
   1150.4   0.12640
   1150.7   0.12633
   1151.0   0.12643
   1151.2   0.12651
   1151.5   0.12645
   1151.7   0.12646
   1152.0   0.12651
   1152.2   0.12644
   1152.5   0.12644
   1152.8   0.12657
   1153.0   0.12660
   1153.3   0.12665
   1153.5   0.12680
   1153.8   0.12676
   1154.0   0.12666
   1154.3   0.12675
   1154.6   0.12677
   1154.8   0.12674
   1155.1   0.12686
   1155.3   0.12692
   1155.6   0.12687
   1155.8   0.12681
   1156.1   0.12682
   1156.4   0.12693
   1156.6   0.12692
   1156.9   0.12694
   1157.1   0.12701
   1157.4   0.12699
   1157.7   0.12704
   1157.9   0.12705
   1158.2   0.12701
   1158.4   0.12706
   1158.7   0.12711
   1158.9   0.12714
   1159.2   0.12719
   1159.5   0.12725
   1159.7   0.12724
   1160.0   0.12719
   1160.2   0.12722
   1160.5   0.12712
   1160.8   0.12715
   1161.0   0.12732
   1161.3   0.12736
   1161.5   0.12733
   1161.8   0.12721
   1162.1   0.12722
   1162.3   0.12738
   1162.6   0.12746
   1162.8   0.12743
   1163.1   0.12748
   1163.4   0.12751
   1163.6   0.12749
   1163.9   0.12742
   1164.2   0.12742
   1164.4   0.12753
   1164.7   0.12760
   1164.9   0.12758
   1165.2   0.12757
   1165.4   0.12763
   1165.7   0.12758
   1166.0   0.12753
   1166.2   0.12755
   1166.5   0.12755
   1166.8   0.12761
   1167.0   0.12765
   1167.3   0.12769
   1167.6   0.12768
   1167.8   0.12762
   1168.1   0.12760
   1168.3   0.12772
   1168.6   0.12785
   1168.9   0.12785
   1169.1   0.12783
   1169.4   0.12780
   1169.7   0.12790
   1169.9   0.12802
   1170.2   0.12799
   1170.4   0.12797
   1170.7   0.12803
   1171.0   0.12801
   1171.3   0.12797
   1171.5   0.12802
   1171.8   0.12809
   1172.0   0.12808
   1172.3   0.12801
   1172.6   0.12805
   1172.8   0.12813
   1173.1   0.12821
   1173.4   0.12823
   1173.6   0.12820
   1173.9   0.12818
   1174.2   0.12816
   1174.4   0.12819
   1174.7   0.12824
   1175.0   0.12828
   1175.2   0.12827
   1175.5   0.12831
   1175.8   0.12834
   1176.0   0.12830
   1176.3   0.12842
   1176.6   0.12847
   1176.8   0.12844
   1177.1   0.12840
   1177.4   0.12836
   1177.6   0.12843
   1177.9   0.12859
   1178.2   0.12868
   1178.4   0.12869
   1178.7   0.12861
   1179.0   0.12860
   1179.2   0.12870
   1179.5   0.12869
   1179.8   0.12861
   1180.0   0.12852
   1180.3   0.12855
   1180.6   0.12858
   1180.8   0.12856
   1181.1   0.12872
   1181.4   0.12881
   1181.7   0.12884
   1181.9   0.12893
   1182.2   0.12897
   1182.5   0.12896
   1182.7   0.12894
   1183.0   0.12900
   1183.3   0.12909
   1183.5   0.12904
   1183.8   0.12897
   1184.1   0.12900
   1184.4   0.12904
   1184.6   0.12904
   1184.9   0.12909
   1185.2   0.12914
   1185.4   0.12913
   1185.7   0.12912
   1186.0   0.12908
   1186.3   0.12911
   1186.5   0.12918
   1186.8   0.12917
   1187.1   0.12920
   1187.3   0.12931
   1187.6   0.12936
   1187.9   0.12932
   1188.2   0.12933
   1188.4   0.12939
   1188.7   0.12938
   1189.0   0.12933
   1189.3   0.12928
   1189.5   0.12936
   1189.8   0.12950
   1190.1   0.12949
   1190.3   0.12942
   1190.6   0.12932
   1190.9   0.12939
   1191.2   0.12944
   1191.4   0.12942
   1191.7   0.12951
   1192.0   0.12962
   1192.3   0.12965
   1192.5   0.12968
   1192.8   0.12963
   1193.1   0.12960
   1193.3   0.12957
   1193.6   0.12942
   1193.9   0.12952
   1194.2   0.12969
   1194.4   0.12976
   1194.7   0.12980
   1195.0   0.12983
   1195.3   0.12979
   1195.6   0.12984
   1195.8   0.12985
   1196.1   0.12981
   1196.4   0.12991
   1196.7   0.12999
   1196.9   0.12999
   1197.2   0.13000
   1197.5   0.12999
   1197.8   0.12999
   1198.0   0.13003
   1198.3   0.13005
   1198.6   0.13005
   1198.9   0.13005
   1199.2   0.13007
   1199.4   0.13016
   1199.7   0.13020
   1200.0   0.13019
   1200.3   0.13019
   1200.5   0.13020
   1200.8   0.13029
   1201.1   0.13029
   1201.4   0.13024
   1201.7   0.13024
   1201.9   0.13033
   1202.2   0.13038
   1202.5   0.13038
   1202.8   0.13035
   1203.0   0.13035
   1203.3   0.13036
   1203.6   0.13039
   1203.9   0.13039
   1204.2   0.13033
   1204.4   0.13035
   1204.7   0.13046
   1205.0   0.13053
   1205.3   0.13060
   1205.6   0.13074
   1205.8   0.13080
   1206.1   0.13076
   1206.4   0.13065
   1206.7   0.13068
   1207.0   0.13073
   1207.2   0.13078
   1207.5   0.13081
   1207.8   0.13078
   1208.1   0.13075
   1208.4   0.13079
   1208.7   0.13087
   1208.9   0.13082
   1209.2   0.13083
   1209.5   0.13089
   1209.8   0.13092
   1210.1   0.13089
   1210.3   0.13085
   1210.6   0.13089
   1210.9   0.13096
   1211.2   0.13098
   1211.5   0.13101
   1211.8   0.13102
   1212.0   0.13096
   1212.3   0.13102
   1212.6   0.13113
   1212.9   0.13109
   1213.2   0.13104
   1213.5   0.13116
   1213.7   0.13118
   1214.0   0.13114
   1214.3   0.13115
   1214.6   0.13116
   1214.9   0.13120
   1215.2   0.13129
   1215.4   0.13139
   1215.7   0.13138
   1216.0   0.13137
   1216.3   0.13137
   1216.6   0.13138
   1216.9   0.13144
   1217.2   0.13151
   1217.4   0.13150
   1217.7   0.13149
   1218.0   0.13153
   1218.3   0.13150
   1218.6   0.13157
   1218.9   0.13164
   1219.2   0.13163
   1219.4   0.13160
   1219.7   0.13156
   1220.0   0.13152
   1220.3   0.13150
   1220.6   0.13164
   1220.9   0.13165
   1221.2   0.13162
   1221.5   0.13170
   1221.8   0.13173
   1222.0   0.13167
   1222.3   0.13166
   1222.6   0.13171
   1222.9   0.13179
   1223.2   0.13189
   1223.5   0.13191
   1223.8   0.13199
   1224.1   0.13204
   1224.3   0.13210
   1224.6   0.13214
   1224.9   0.13205
   1225.2   0.13198
   1225.5   0.13206
   1225.8   0.13209
   1226.1   0.13214
   1226.4   0.13215
   1226.7   0.13211
   1227.0   0.13210
   1227.3   0.13207
   1227.5   0.13213
   1227.8   0.13211
   1228.1   0.13209
   1228.4   0.13213
   1228.7   0.13232
   1229.0   0.13239
   1229.3   0.13236
   1229.6   0.13231
   1229.9   0.13232
   1230.2   0.13237
   1230.4   0.13239
   1230.7   0.13239
   1231.0   0.13236
   1231.3   0.13235
   1231.6   0.13243
   1231.9   0.13247
   1232.2   0.13252
   1232.5   0.13260
   1232.8   0.13264
   1233.1   0.13261
   1233.4   0.13257
   1233.7   0.13257
   1234.0   0.13266
   1234.3   0.13268
   1234.6   0.13262
   1234.8   0.13262
   1235.1   0.13278
   1235.4   0.13281
   1235.7   0.13280
   1236.0   0.13283
   1236.3   0.13286
   1236.6   0.13283
   1236.9   0.13281
   1237.2   0.13280
   1237.5   0.13286
   1237.8   0.13289
   1238.1   0.13291
   1238.4   0.13298
   1238.7   0.13306
   1239.0   0.13309
   1239.3   0.13314
   1239.6   0.13310
   1239.9   0.13301
   1240.2   0.13308
   1240.5   0.13315
   1240.8   0.13318
   1241.1   0.13322
   1241.3   0.13316
   1241.7   0.13311
   1241.9   0.13315
   1242.2   0.13318
   1242.5   0.13327
   1242.8   0.13330
   1243.1   0.13327
   1243.4   0.13331
   1243.7   0.13338
   1244.0   0.13337
   1244.3   0.13338
   1244.6   0.13340
   1244.9   0.13348
   1245.2   0.13360
   1245.5   0.13363
   1245.8   0.13361
   1246.1   0.13360
   1246.4   0.13363
   1246.7   0.13359
   1247.0   0.13365
   1247.3   0.13377
   1247.6   0.13373
   1247.9   0.13370
   1248.2   0.13368
   1248.5   0.13368
   1248.8   0.13377
   1249.1   0.13386
   1249.4   0.13386
   1249.7   0.13380
   1250.0   0.13377
   1250.3   0.13386
   1250.6   0.13386
   1250.9   0.13384
   1251.2   0.13392
   1251.5   0.13402
   1251.8   0.13401
   1252.1   0.13399
   1252.4   0.13403
   1252.8   0.13408
   1253.1   0.13408
   1253.3   0.13410
   1253.7   0.13410
   1254.0   0.13409
   1254.3   0.13412
   1254.6   0.13418
   1254.9   0.13422
   1255.2   0.13428
   1255.5   0.13432
   1255.8   0.13430
   1256.1   0.13424
   1256.4   0.13425
   1256.7   0.13432
   1257.0   0.13439
   1257.3   0.13441
   1257.6   0.13432
   1257.9   0.13431
   1258.2   0.13437
   1258.5   0.13442
   1258.8   0.13442
   1259.1   0.13446
   1259.4   0.13451
   1259.8   0.13455
   1260.1   0.13465
   1260.4   0.13469
   1260.7   0.13464
   1261.0   0.13467
   1261.3   0.13472
   1261.6   0.13471
   1261.9   0.13467
   1262.2   0.13463
   1262.5   0.13469
   1262.8   0.13481
   1263.1   0.13481
   1263.4   0.13481
   1263.7   0.13488
   1264.1   0.13488
   1264.4   0.13487
   1264.7   0.13488
   1265.0   0.13485
   1265.3   0.13487
   1265.6   0.13498
   1265.9   0.13504
   1266.2   0.13505
   1266.5   0.13502
   1266.8   0.13504
   1267.1   0.13507
   1267.4   0.13505
   1267.8   0.13505
   1268.1   0.13512
   1268.4   0.13512
   1268.7   0.13513
   1269.0   0.13517
   1269.3   0.13516
   1269.6   0.13514
   1269.9   0.13519
   1270.2   0.13525
   1270.6   0.13526
   1270.9   0.13536
   1271.2   0.13543
   1271.5   0.13540
   1271.8   0.13532
   1272.1   0.13536
   1272.4   0.13545
   1272.7   0.13542
   1273.1   0.13553
   1273.4   0.13563
   1273.7   0.13566
   1274.0   0.13565
   1274.3   0.13565
   1274.6   0.13569
   1274.9   0.13571
   1275.2   0.13571
   1275.6   0.13568
   1275.9   0.13573
   1276.2   0.13579
   1276.5   0.13583
   1276.8   0.13588
   1277.1   0.13587
   1277.4   0.13582
   1277.8   0.13577
   1278.1   0.13585
   1278.4   0.13593
   1278.7   0.13597
   1279.0   0.13598
   1279.3   0.13601
   1279.7   0.13610
   1280.0   0.13615
   1280.3   0.13611
   1280.6   0.13613
   1280.9   0.13619
   1281.2   0.13614
   1281.6   0.13608
   1281.9   0.13623
   1282.2   0.13630
   1282.5   0.13630
   1282.8   0.13636
   1283.1   0.13637
   1283.4   0.13636
   1283.8   0.13641
   1284.1   0.13638
   1284.4   0.13637
   1284.7   0.13646
   1285.0   0.13650
   1285.4   0.13649
   1285.7   0.13645
   1286.0   0.13649
   1286.3   0.13646
   1286.6   0.13649
   1286.9   0.13659
   1287.3   0.13667
   1287.6   0.13666
   1287.9   0.13668
   1288.2   0.13675
   1288.6   0.13674
   1288.9   0.13670
   1289.2   0.13676
   1289.5   0.13683
   1289.8   0.13682
   1290.2   0.13679
   1290.5   0.13684
   1290.8   0.13690
   1291.1   0.13688
   1291.4   0.13686
   1291.8   0.13696
   1292.1   0.13702
   1292.4   0.13700
   1292.7   0.13701
   1293.1   0.13696
   1293.4   0.13698
   1293.7   0.13705
   1294.0   0.13703
   1294.3   0.13705
   1294.7   0.13710
   1295.0   0.13711
   1295.3   0.13715
   1295.6   0.13717
   1296.0   0.13723
   1296.3   0.13728
   1296.6   0.13726
   1296.9   0.13729
   1297.3   0.13730
   1297.6   0.13733
   1297.9   0.13734
   1298.2   0.13736
   1298.6   0.13743
   1298.9   0.13750
   1299.2   0.13753
   1299.5   0.13748
   1299.9   0.13750
   1300.2   0.13750
   1300.5   0.13751
   1300.8   0.13758
   1301.2   0.13757
   1301.5   0.13762
   1301.8   0.13773
   1302.1   0.13773
   1302.5   0.13772
   1302.8   0.13779
   1303.1   0.13785
   1303.4   0.13785
   1303.8   0.13786
   1304.1   0.13790
   1304.4   0.13795
   1304.8   0.13787
   1305.1   0.13781
   1305.4   0.13789
   1305.8   0.13797
   1306.1   0.13800
   1306.4   0.13805
   1306.7   0.13810
   1307.1   0.13811
   1307.4   0.13811
   1307.7   0.13811
   1308.1   0.13812
   1308.4   0.13816
   1308.7   0.13822
   1309.1   0.13831
   1309.4   0.13833
   1309.7   0.13824
   1310.0   0.13826
   1310.4   0.13833
   1310.7   0.13836
   1311.0   0.13836
   1311.4   0.13837
   1311.7   0.13840
   1312.0   0.13845
   1312.4   0.13850
   1312.7   0.13857
   1313.0   0.13862
   1313.4   0.13861
   1313.7   0.13866
   1314.0   0.13866
   1314.4   0.13858
   1314.7   0.13858
   1315.0   0.13871
   1315.4   0.13872
   1315.7   0.13870
   1316.0   0.13878
   1316.4   0.13886
   1316.7   0.13888
   1317.0   0.13881
   1317.4   0.13881
   1317.7   0.13883
   1318.0   0.13890
   1318.4   0.13892
   1318.7   0.13897
   1319.0   0.13899
   1319.4   0.13904
   1319.7   0.13906
   1320.1   0.13909
   1320.4   0.13914
   1320.7   0.13920
   1321.1   0.13919
   1321.4   0.13918
   1321.7   0.13919
   1322.1   0.13916
   1322.4   0.13915
   1322.7   0.13920
   1323.1   0.13933
   1323.4   0.13935
   1323.8   0.13929
   1324.1   0.13933
   1324.4   0.13936
   1324.8   0.13938
   1325.1   0.13947
   1325.4   0.13957
   1325.8   0.13954
   1326.1   0.13953
   1326.5   0.13953
   1326.8   0.13956
   1327.1   0.13960
   1327.5   0.13963
   1327.8   0.13962
   1328.2   0.13961
   1328.5   0.13961
   1328.8   0.13962
   1329.2   0.13971
   1329.5   0.13983
   1329.9   0.13984
   1330.2   0.13981
   1330.6   0.13983
   1330.9   0.13982
   1331.2   0.13986
   1331.6   0.13992
   1331.9   0.13996
   1332.3   0.13997
   1332.6   0.14000
   1332.9   0.14012
   1333.3   0.14021
   1333.6   0.14019
   1334.0   0.14020
   1334.3   0.14024
   1334.7   0.14026
   1335.0   0.14026
   1335.3   0.14025
   1335.7   0.14024
   1336.0   0.14030
   1336.4   0.14031
   1336.7   0.14027
   1337.1   0.14029
   1337.4   0.14030
   1337.8   0.14035
   1338.1   0.14042
   1338.4   0.14042
   1338.8   0.14043
   1339.1   0.14046
   1339.5   0.14050
   1339.8   0.14053
   1340.2   0.14050
   1340.5   0.14054
   1340.9   0.14061
   1341.2   0.14066
   1341.6   0.14070
   1341.9   0.14069
   1342.3   0.14073
   1342.6   0.14081
   1342.9   0.14086
   1343.3   0.14086
   1343.7   0.14087
   1344.0   0.14084
   1344.3   0.14087
   1344.7   0.14092
   1345.0   0.14090
   1345.4   0.14094
   1345.7   0.14100
   1346.1   0.14101
   1346.4   0.14110
   1346.8   0.14111
   1347.1   0.14113
   1347.5   0.14119
   1347.8   0.14119
   1348.2   0.14118
   1348.5   0.14130
   1348.9   0.14141
   1349.3   0.14140
   1349.6   0.14137
   1349.9   0.14138
   1350.3   0.14135
   1350.7   0.14133
   1351.0   0.14141
   1351.3   0.14147
   1351.7   0.14148
   1352.1   0.14148
   1352.4   0.14150
   1352.8   0.14153
   1353.1   0.14158
   1353.5   0.14163
   1353.8   0.14162
   1354.2   0.14166
   1354.5   0.14176
   1354.9   0.14178
   1355.2   0.14169
   1355.6   0.14174
   1355.9   0.14183
   1356.3   0.14182
   1356.7   0.14184
   1357.0   0.14194
   1357.4   0.14194
   1357.7   0.14188
   1358.1   0.14194
   1358.4   0.14202
   1358.8   0.14202
   1359.2   0.14206
   1359.5   0.14211
   1359.9   0.14208
   1360.2   0.14206
   1360.6   0.14209
   1360.9   0.14208
   1361.3   0.14213
   1361.7   0.14219
   1362.0   0.14224
   1362.4   0.14228
   1362.7   0.14227
   1363.1   0.14225
   1363.4   0.14231
   1363.8   0.14238
   1364.2   0.14242
   1364.5   0.14246
   1364.9   0.14247
   1365.2   0.14243
   1365.6   0.14240
   1365.9   0.14250
   1366.3   0.14255
   1366.7   0.14257
   1367.0   0.14258
   1367.4   0.14259
   1367.8   0.14271
   1368.1   0.14282
   1368.5   0.14278
   1368.8   0.14277
   1369.2   0.14280
   1369.6   0.14278
   1369.9   0.14277
   1370.3   0.14283
   1370.7   0.14288
   1371.0   0.14293
   1371.4   0.14300
   1371.7   0.14305
   1372.1   0.14304
   1372.5   0.14299
   1372.8   0.14302
   1373.2   0.14306
   1373.6   0.14309
   1373.9   0.14310
   1374.3   0.14317
   1374.6   0.14321
   1375.0   0.14319
   1375.4   0.14317
   1375.7   0.14323
   1376.1   0.14329
   1376.5   0.14331
   1376.8   0.14334
   1377.2   0.14341
   1377.6   0.14345
   1377.9   0.14340
   1378.3   0.14342
   1378.7   0.14355
   1379.0   0.14357
   1379.4   0.14354
   1379.8   0.14355
   1380.1   0.14356
   1380.5   0.14356
   1380.9   0.14366
   1381.2   0.14372
   1381.6   0.14371
   1382.0   0.14375
   1382.3   0.14376
   1382.7   0.14375
   1383.1   0.14380
   1383.4   0.14383
   1383.8   0.14387
   1384.2   0.14387
   1384.6   0.14389
   1384.9   0.14395
   1385.3   0.14402
   1385.7   0.14405
   1386.0   0.14405
   1386.4   0.14407
   1386.8   0.14408
   1387.2   0.14412
   1387.5   0.14419
   1387.9   0.14422
   1388.3   0.14423
   1388.6   0.14428
   1389.0   0.14434
   1389.4   0.14439
   1389.8   0.14437
   1390.1   0.14435
   1390.5   0.14436
   1390.9   0.14439
   1391.2   0.14447
   1391.6   0.14453
   1392.0   0.14450
   1392.4   0.14452
   1392.7   0.14453
   1393.1   0.14457
   1393.5   0.14455
   1393.9   0.14455
   1394.2   0.14457
   1394.6   0.14461
   1395.0   0.14471
   1395.4   0.14475
   1395.7   0.14472
   1396.1   0.14469
   1396.5   0.14473
   1396.9   0.14480
   1397.2   0.14483
   1397.6   0.14489
   1398.0   0.14487
   1398.4   0.14488
   1398.8   0.14495
   1399.1   0.14492
   1399.5   0.14500
   1399.9   0.14511
   1400.3   0.14510
   1400.6   0.14503
   1401.0   0.14505
   1401.4   0.14514
   1401.8   0.14519
   1402.2   0.14522
   1402.5   0.14524
   1402.9   0.14524
   1403.3   0.14521
   1403.7   0.14523
   1404.1   0.14532
   1404.4   0.14540
   1404.8   0.14542
   1405.2   0.14544
   1405.6   0.14553
   1406.0   0.14558
   1406.3   0.14557
   1406.7   0.14554
   1407.1   0.14554
   1407.5   0.14557
   1407.9   0.14560
   1408.3   0.14559
   1408.6   0.14561
   1409.0   0.14568
   1409.4   0.14573
   1409.8   0.14574
   1410.2   0.14577
   1410.6   0.14583
   1410.9   0.14581
   1411.3   0.14583
   1411.7   0.14590
   1412.1   0.14591
   1412.5   0.14593
   1412.8   0.14596
   1413.2   0.14595
   1413.6   0.14598
   1414.0   0.14606
   1414.4   0.14606
   1414.8   0.14603
   1415.2   0.14610
   1415.6   0.14615
   1415.9   0.14619
   1416.3   0.14619
   1416.7   0.14615
   1417.1   0.14619
   1417.5   0.14626
   1417.9   0.14626
   1418.3   0.14627
   1418.7   0.14632
   1419.0   0.14638
   1419.4   0.14648
   1419.8   0.14651
   1420.2   0.14648
   1420.6   0.14652
   1421.0   0.14656
   1421.4   0.14659
   1421.8   0.14667
   1422.2   0.14666
   1422.5   0.14659
   1422.9   0.14662
   1423.3   0.14674
   1423.7   0.14680
   1424.1   0.14677
   1424.5   0.14674
   1424.9   0.14677
   1425.3   0.14681
   1425.7   0.14687
   1426.1   0.14691
   1426.5   0.14696
   1426.8   0.14697
   1427.2   0.14697
   1427.6   0.14703
   1428.0   0.14712
   1428.4   0.14710
   1428.8   0.14708
   1429.2   0.14712
   1429.6   0.14712
   1430.0   0.14718
   1430.4   0.14725
   1430.8   0.14727
   1431.2   0.14732
   1431.6   0.14732
   1432.0   0.14729
   1432.4   0.14731
   1432.8   0.14738
   1433.2   0.14744
   1433.6   0.14747
   1433.9   0.14752
   1434.3   0.14753
   1434.8   0.14750
   1435.1   0.14758
   1435.5   0.14764
   1435.9   0.14764
   1436.3   0.14766
   1436.7   0.14772
   1437.1   0.14770
   1437.5   0.14770
   1437.9   0.14771
   1438.3   0.14779
   1438.7   0.14784
   1439.1   0.14787
   1439.5   0.14786
   1439.9   0.14786
   1440.3   0.14792
   1440.7   0.14797
   1441.1   0.14800
   1441.5   0.14800
   1441.9   0.14804
   1442.3   0.14805
   1442.7   0.14803
   1443.1   0.14803
   1443.5   0.14808
   1443.9   0.14815
   1444.3   0.14825
   1444.7   0.14826
   1445.1   0.14821
   1445.6   0.14823
   1445.9   0.14831
   1446.3   0.14839
   1446.8   0.14846
   1447.2   0.14841
   1447.6   0.14840
   1448.0   0.14840
   1448.4   0.14845
   1448.8   0.14851
   1449.2   0.14849
   1449.6   0.14849
   1450.0   0.14854
   1450.4   0.14860
   1450.8   0.14865
   1451.2   0.14871
   1451.6   0.14868
   1452.0   0.14867
   1452.4   0.14869
   1452.8   0.14876
   1453.2   0.14885
   1453.7   0.14884
   1454.1   0.14885
   1454.5   0.14886
   1454.9   0.14888
   1455.3   0.14891
   1455.7   0.14896
   1456.1   0.14898
   1456.5   0.14900
   1456.9   0.14902
   1457.3   0.14904
   1457.7   0.14911
   1458.2   0.14923
   1458.6   0.14922
   1459.0   0.14921
   1459.4   0.14921
   1459.8   0.14919
   1460.2   0.14924
   1460.6   0.14924
   1461.0   0.14925
   1461.4   0.14929
   1461.8   0.14938
   1462.3   0.14942
   1462.7   0.14947
   1463.1   0.14951
   1463.5   0.14954
   1463.9   0.14956
   1464.3   0.14958
   1464.7   0.14957
   1465.2   0.14959
   1465.6   0.14964
   1466.0   0.14967
   1466.4   0.14972
   1466.8   0.14972
   1467.2   0.14971
   1467.6   0.14971
   1468.1   0.14975
   1468.5   0.14983
   1468.9   0.14987
   1469.3   0.14989
   1469.7   0.14994
   1470.1   0.14997
   1470.6   0.15001
   1471.0   0.15008
   1471.4   0.15013
   1471.8   0.15014
   1472.2   0.15011
   1472.6   0.15014
   1473.1   0.15015
   1473.5   0.15014
   1473.9   0.15021
   1474.3   0.15030
   1474.7   0.15033
   1475.2   0.15037
   1475.6   0.15036
   1476.0   0.15037
   1476.4   0.15040
   1476.8   0.15043
   1477.3   0.15046
   1477.7   0.15048
   1478.1   0.15052
   1478.5   0.15057
   1478.9   0.15058
   1479.4   0.15053
   1479.8   0.15054
   1480.2   0.15065
   1480.6   0.15067
   1481.1   0.15064
   1481.5   0.15067
   1481.9   0.15074
   1482.3   0.15074
   1482.8   0.15072
   1483.2   0.15078
   1483.6   0.15084
   1484.0   0.15086
   1484.4   0.15091
   1484.9   0.15096
   1485.3   0.15099
   1485.7   0.15096
   1486.2   0.15096
   1486.6   0.15104
   1487.0   0.15112
   1487.4   0.15111
   1487.9   0.15111
   1488.3   0.15114
   1488.7   0.15114
   1489.1   0.15112
   1489.6   0.15117
   1490.0   0.15125
   1490.4   0.15133
   1490.8   0.15135
   1491.3   0.15136
   1491.7   0.15135
   1492.1   0.15134
   1492.6   0.15139
   1493.0   0.15146
   1493.4   0.15155
   1493.9   0.15160
   1494.3   0.15164
   1494.7   0.15162
   1495.2   0.15159
   1495.6   0.15160
   1496.0   0.15160
   1496.4   0.15164
   1496.9   0.15168
   1497.3   0.15169
   1497.7   0.15172
   1498.2   0.15177
   1498.6   0.15183
   1499.0   0.15186
   1499.5   0.15186
   1499.9   0.15189
   1500.3   0.15189
   1500.8   0.15193
   1501.2   0.15199
   1501.7   0.15196
   1502.1   0.15196
   1502.5   0.15204
   1502.9   0.15213
   1503.4   0.15217
   1503.8   0.15216
   1504.3   0.15218
   1504.7   0.15223
   1505.1   0.15231
   1505.6   0.15231
   1506.0   0.15227
   1506.4   0.15225
   1506.9   0.15229
   1507.3   0.15234
   1507.8   0.15240
   1508.2   0.15243
   1508.6   0.15241
   1509.1   0.15245
   1509.5   0.15251
   1510.0   0.15252
   1510.4   0.15254
   1510.8   0.15258
   1511.3   0.15258
   1511.7   0.15258
   1512.2   0.15261
   1512.6   0.15266
   1513.0   0.15272
   1513.5   0.15279
   1513.9   0.15278
   1514.4   0.15278
   1514.8   0.15279
   1515.3   0.15278
   1515.7   0.15284
   1516.1   0.15288
   1516.6   0.15292
   1517.0   0.15297
   1517.5   0.15298
   1517.9   0.15298
   1518.4   0.15300
   1518.8   0.15299
   1519.3   0.15301
   1519.7   0.15310
   1520.1   0.15310
   1520.6   0.15310
   1521.0   0.15316
   1521.5   0.15326
   1521.9   0.15327
   1522.4   0.15325
   1522.8   0.15324
   1523.3   0.15330
   1523.7   0.15336
   1524.2   0.15338
   1524.6   0.15339
   1525.1   0.15343
   1525.5   0.15345
   1525.9   0.15344
   1526.4   0.15347
   1526.8   0.15353
   1527.3   0.15358
   1527.8   0.15356
   1528.2   0.15358
   1528.7   0.15361
   1529.1   0.15361
   1529.6   0.15367
   1530.0   0.15371
   1530.5   0.15372
   1530.9   0.15381
   1531.4   0.15382
   1531.8   0.15379
   1532.3   0.15385
   1532.7   0.15396
   1533.2   0.15399
   1533.6   0.15397
   1534.1   0.15395
   1534.5   0.15395
   1535.0   0.15398
   1535.4   0.15401
   1535.9   0.15407
   1536.3   0.15408
   1536.8   0.15408
   1537.3   0.15415
   1537.7   0.15414
   1538.2   0.15414
   1538.6   0.15419
   1539.1   0.15419
   1539.6   0.15420
   1540.0   0.15426
   1540.5   0.15424
   1540.9   0.15423
   1541.4   0.15427
   1541.8   0.15430
   1542.3   0.15436
   1542.8   0.15442
   1543.2   0.15442
   1543.7   0.15445
   1544.1   0.15449
   1544.6   0.15452
   1545.1   0.15460
   1545.5   0.15465
   1546.0   0.15465
   1546.4   0.15466
   1546.9   0.15466
   1547.4   0.15463
   1547.8   0.15473
   1548.3   0.15481
   1548.8   0.15483
   1549.2   0.15481
   1549.7   0.15479
   1550.1   0.15478
   1550.6   0.15484
   1551.1   0.15493
   1551.5   0.15494
   1552.0   0.15492
   1552.4   0.15498
   1552.9   0.15501
   1553.4   0.15503
   1553.8   0.15509
   1554.3   0.15511
   1554.8   0.15516
   1555.3   0.15516
   1555.7   0.15515
   1556.2   0.15517
   1556.7   0.15518
   1557.1   0.15524
   1557.6   0.15529
   1558.1   0.15535
   1558.5   0.15539
   1559.0   0.15538
   1559.5   0.15540
   1559.9   0.15544
   1560.4   0.15545
   1560.9   0.15545
   1561.3   0.15545
   1561.8   0.15545
   1562.3   0.15553
   1562.8   0.15559
   1563.2   0.15558
   1563.7   0.15558
   1564.2   0.15563
   1564.6   0.15569
   1565.1   0.15573
   1565.6   0.15571
   1566.1   0.15573
   1566.5   0.15579
   1567.0   0.15580
   1567.5   0.15583
   1567.9   0.15587
   1568.4   0.15587
   1568.9   0.15591
   1569.4   0.15593
   1569.8   0.15595
   1570.3   0.15598
   1570.8   0.15600
   1571.3   0.15605
   1571.8   0.15604
   1572.2   0.15603
   1572.7   0.15610
   1573.2   0.15618
   1573.7   0.15619
   1574.1   0.15617
   1574.6   0.15617
   1575.1   0.15621
   1575.6   0.15626
   1576.1   0.15629
   1576.5   0.15633
   1577.0   0.15635
   1577.5   0.15640
   1578.0   0.15645
   1578.4   0.15645
   1578.9   0.15646
   1579.4   0.15647
   1579.9   0.15648
   1580.4   0.15645
   1580.9   0.15650
   1581.3   0.15654
   1581.8   0.15659
   1582.3   0.15665
   1582.8   0.15669
   1583.3   0.15671
   1583.8   0.15671
   1584.2   0.15673
   1584.7   0.15676
   1585.2   0.15676
   1585.7   0.15678
   1586.2   0.15682
   1586.7   0.15688
   1587.2   0.15692
   1587.6   0.15691
   1588.1   0.15688
   1588.6   0.15689
   1589.1   0.15692
   1589.6   0.15696
   1590.1   0.15700
   1590.6   0.15701
   1591.0   0.15707
   1591.5   0.15712
   1592.0   0.15716
   1592.5   0.15716
   1593.0   0.15717
   1593.5   0.15717
   1594.0   0.15719
   1594.5   0.15724
   1595.0   0.15728
   1595.4   0.15731
   1595.9   0.15731
   1596.4   0.15732
   1596.9   0.15734
   1597.4   0.15737
   1597.9   0.15741
   1598.4   0.15743
   1598.9   0.15742
   1599.4   0.15747
   1599.9   0.15752
   1600.4   0.15755
   1600.9   0.15759
   1601.4   0.15759
   1601.9   0.15760
   1602.3   0.15764
   1602.8   0.15771
   1603.3   0.15774
   1603.8   0.15773
   1604.3   0.15771
   1604.8   0.15776
   1605.3   0.15780
   1605.8   0.15780
   1606.3   0.15784
   1606.8   0.15790
   1607.3   0.15793
   1607.8   0.15795
   1608.3   0.15792
   1608.8   0.15795
   1609.3   0.15801
   1609.8   0.15805
   1610.3   0.15803
   1610.8   0.15804
   1611.3   0.15805
   1611.8   0.15808
   1612.3   0.15814
   1612.8   0.15816
   1613.3   0.15815
   1613.8   0.15818
   1614.3   0.15819
   1614.8   0.15822
   1615.3   0.15825
   1615.8   0.15828
   1616.3   0.15832
   1616.8   0.15837
   1617.3   0.15841
   1617.8   0.15840
   1618.4   0.15840
   1618.9   0.15843
   1619.4   0.15845
   1619.9   0.15844
   1620.4   0.15846
   1620.9   0.15853
   1621.4   0.15857
   1621.9   0.15856
   1622.4   0.15857
   1622.9   0.15863
   1623.4   0.15868
   1623.9   0.15868
   1624.4   0.15870
   1624.9   0.15872
   1625.5   0.15874
   1626.0   0.15881
   1626.5   0.15885
   1627.0   0.15882
   1627.5   0.15885
   1628.0   0.15891
   1628.5   0.15890
   1629.0   0.15892
   1629.6   0.15897
   1630.1   0.15897
   1630.6   0.15899
   1631.1   0.15903
   1631.6   0.15902
   1632.1   0.15909
   1632.6   0.15915
   1633.1   0.15914
   1633.7   0.15913
   1634.2   0.15916
   1634.7   0.15916
   1635.2   0.15919
   1635.7   0.15924
   1636.2   0.15925
   1636.8   0.15928
   1637.3   0.15928
   1637.8   0.15929
   1638.3   0.15937
   1638.8   0.15943
   1639.3   0.15942
   1639.8   0.15944
   1640.4   0.15947
   1640.9   0.15951
   1641.4   0.15953
   1641.9   0.15954
   1642.4   0.15955
   1643.0   0.15957
   1643.5   0.15960
   1644.0   0.15961
   1644.5   0.15959
   1645.1   0.15959
   1645.6   0.15970
   1646.1   0.15978
   1646.6   0.15979
   1647.2   0.15984
   1647.7   0.15986
   1648.2   0.15988
   1648.7   0.15990
   1649.2   0.15987
   1649.8   0.15986
   1650.3   0.15990
   1650.8   0.15993
   1651.3   0.15995
   1651.9   0.15996
   1652.4   0.16000
   1652.9   0.16003
   1653.4   0.16003
   1654.0   0.16006
   1654.5   0.16013
   1655.0   0.16016
   1655.6   0.16016
   1656.1   0.16020
   1656.6   0.16024
   1657.2   0.16022
   1657.7   0.16021
   1658.2   0.16029
   1658.7   0.16034
   1659.3   0.16034
   1659.8   0.16034
   1660.3   0.16039
   1660.9   0.16044
   1661.4   0.16044
   1661.9   0.16045
   1662.5   0.16047
   1663.0   0.16052
   1663.5   0.16058
   1664.1   0.16058
   1664.6   0.16053
   1665.1   0.16055
   1665.7   0.16059
   1666.2   0.16061
   1666.7   0.16062
   1667.3   0.16065
   1667.8   0.16068
   1668.3   0.16071
   1668.9   0.16077
   1669.4   0.16080
   1670.0   0.16081
   1670.5   0.16081
   1671.0   0.16083
   1671.6   0.16088
   1672.1   0.16088
   1672.7   0.16091
   1673.2   0.16093
   1673.7   0.16095
   1674.3   0.16098
   1674.8   0.16100
   1675.4   0.16100
   1675.9   0.16101
   1676.4   0.16103
   1677.0   0.16108
   1677.5   0.16114
   1678.1   0.16116
   1678.6   0.16112
   1679.2   0.16113
   1679.7   0.16124
   1680.2   0.16129
   1680.8   0.16128
   1681.3   0.16126
   1681.9   0.16128
   1682.4   0.16133
   1683.0   0.16138
   1683.5   0.16140
   1684.1   0.16143
   1684.6   0.16144
   1685.2   0.16146
   1685.7   0.16150
   1686.3   0.16150
   1686.8   0.16152
   1687.3   0.16152
   1687.9   0.16157
   1688.4   0.16162
   1689.0   0.16163
   1689.6   0.16166
   1690.1   0.16169
   1690.7   0.16173
   1691.2   0.16173
   1691.8   0.16174
   1692.3   0.16177
   1692.9   0.16181
   1693.4   0.16185
   1694.0   0.16187
   1694.5   0.16189
   1695.1   0.16192
   1695.6   0.16196
   1696.2   0.16197
   1696.7   0.16199
   1697.3   0.16203
   1697.8   0.16205
   1698.4   0.16207
   1699.0   0.16209
   1699.5   0.16208
   1700.1   0.16209
   1700.6   0.16214
   1701.2   0.16218
   1701.8   0.16219
   1702.3   0.16221
   1702.9   0.16222
   1703.4   0.16227
   1704.0   0.16231
   1704.6   0.16234
   1705.1   0.16239
   1705.7   0.16238
   1706.2   0.16233
   1706.8   0.16239
   1707.4   0.16244
   1707.9   0.16244
   1708.5   0.16246
   1709.0   0.16246
   1709.6   0.16245
   1710.2   0.16251
   1710.7   0.16259
   1711.3   0.16262
   1711.9   0.16264
   1712.4   0.16266
   1713.0   0.16264
   1713.6   0.16265
   1714.1   0.16268
   1714.7   0.16271
   1715.3   0.16275
   1715.8   0.16278
   1716.4   0.16278
   1717.0   0.16281
   1717.5   0.16287
   1718.1   0.16286
   1718.7   0.16286
   1719.2   0.16292
   1719.8   0.16297
   1720.4   0.16296
   1721.0   0.16295
   1721.5   0.16301
   1722.1   0.16305
   1722.7   0.16305
   1723.2   0.16305
   1723.8   0.16307
   1724.4   0.16308
   1725.0   0.16309
   1725.5   0.16317
   1726.1   0.16322
   1726.7   0.16319
   1727.3   0.16323
   1727.8   0.16329
   1728.4   0.16329
   1729.0   0.16334
   1729.6   0.16334
   1730.1   0.16333
   1730.7   0.16337
   1731.3   0.16341
   1731.9   0.16345
   1732.5   0.16349
   1733.0   0.16346
   1733.6   0.16346
   1734.2   0.16352
   1734.8   0.16356
   1735.4   0.16359
   1735.9   0.16365
   1736.5   0.16371
   1737.1   0.16373
   1737.7   0.16372
   1738.3   0.16372
   1738.8   0.16373
   1739.4   0.16374
   1740.0   0.16377
   1740.6   0.16379
   1741.2   0.16379
   1741.8   0.16383
   1742.3   0.16392
   1742.9   0.16392
   1743.5   0.16393
   1744.1   0.16398
   1744.7   0.16400
   1745.3   0.16402
   1745.9   0.16402
   1746.5   0.16402
   1747.1   0.16405
   1747.6   0.16406
   1748.2   0.16410
   1748.8   0.16416
   1749.4   0.16418
   1750.0   0.16418
   1750.6   0.16419
   1751.2   0.16426
   1751.8   0.16429
   1752.4   0.16432
   1753.0   0.16433
   1753.6   0.16432
   1754.1   0.16435
   1754.7   0.16441
   1755.3   0.16442
   1755.9   0.16439
   1756.5   0.16442
   1757.1   0.16445
   1757.7   0.16449
   1758.3   0.16455
   1758.9   0.16457
   1759.5   0.16457
   1760.1   0.16456
   1760.7   0.16461
   1761.3   0.16465
   1761.9   0.16465
   1762.5   0.16468
   1763.1   0.16470
   1763.7   0.16473
   1764.3   0.16472
   1764.9   0.16472
   1765.5   0.16478
   1766.1   0.16482
   1766.7   0.16483
   1767.3   0.16485
   1767.9   0.16486
   1768.5   0.16486
   1769.1   0.16492
   1769.7   0.16497
   1770.3   0.16497
   1770.9   0.16498
   1771.5   0.16503
   1772.1   0.16508
   1772.7   0.16514
   1773.3   0.16516
   1773.9   0.16517
   1774.6   0.16514
   1775.2   0.16516
   1775.8   0.16520
   1776.4   0.16523
   1777.0   0.16528
   1777.6   0.16528
   1778.2   0.16532
   1778.8   0.16532
   1779.4   0.16529
   1780.0   0.16531
   1780.7   0.16540
   1781.3   0.16545
   1781.9   0.16545
   1782.5   0.16549
   1783.1   0.16554
   1783.7   0.16555
   1784.3   0.16556
   1784.9   0.16560
   1785.6   0.16560
   1786.2   0.16559
   1786.8   0.16563
   1787.4   0.16572
   1788.0   0.16576
   1788.6   0.16576
   1789.3   0.16580
   1789.9   0.16581
   1790.5   0.16580
   1791.1   0.16580
   1791.7   0.16586
   1792.3   0.16590
   1793.0   0.16593
   1793.6   0.16594
   1794.2   0.16599
   1794.8   0.16600
   1795.4   0.16600
   1796.1   0.16601
   1796.7   0.16605
   1797.3   0.16611
   1797.9   0.16612
   1798.6   0.16615
   1799.2   0.16619
   1799.8   0.16622
   1800.4   0.16620
   1801.1   0.16624
   1801.7   0.16630
   1802.3   0.16630
   1802.9   0.16631
   1803.6   0.16636
   1804.2   0.16640
   1804.8   0.16639
   1805.4   0.16644
   1806.1   0.16649
   1806.7   0.16651
   1807.3   0.16651
   1808.0   0.16654
   1808.6   0.16651
   1809.2   0.16653
   1809.9   0.16660
   1810.5   0.16664
   1811.1   0.16665
   1811.8   0.16661
   1812.4   0.16662
   1813.0   0.16668
   1813.7   0.16677
   1814.3   0.16682
   1814.9   0.16684
   1815.6   0.16687
   1816.2   0.16686
   1816.8   0.16686
   1817.5   0.16688
   1818.1   0.16695
   1818.8   0.16700
   1819.4   0.16699
   1820.0   0.16698
   1820.7   0.16702
   1821.3   0.16704
   1821.9   0.16703
   1822.6   0.16705
   1823.2   0.16708
   1823.9   0.16712
   1824.5   0.16717
   1825.2   0.16725
   1825.8   0.16729
   1826.4   0.16730
   1827.1   0.16730
   1827.7   0.16733
   1828.4   0.16736
   1829.0   0.16736
   1829.7   0.16740
   1830.3   0.16743
   1831.0   0.16742
   1831.6   0.16747
   1832.3   0.16751
   1832.9   0.16751
   1833.6   0.16754
   1834.2   0.16757
   1834.8   0.16761
   1835.5   0.16768
   1836.1   0.16773
   1836.8   0.16775
   1837.4   0.16777
   1838.1   0.16777
   1838.8   0.16777
   1839.4   0.16778
   1840.1   0.16784
   1840.7   0.16787
   1841.4   0.16792
   1842.0   0.16797
   1842.7   0.16797
   1843.3   0.16798
   1844.0   0.16799
   1844.6   0.16795
   1845.3   0.16795
   1845.9   0.16805
   1846.6   0.16813
   1847.3   0.16812
   1847.9   0.16811
   1848.6   0.16813
   1849.2   0.16817
   1849.9   0.16822
   1850.6   0.16822
   1851.2   0.16824
   1851.9   0.16826
   1852.6   0.16829
   1853.2   0.16834
   1853.9   0.16840
   1854.5   0.16842
   1855.2   0.16843
   1855.9   0.16848
   1856.5   0.16854
   1857.2   0.16854
   1857.9   0.16853
   1858.5   0.16856
   1859.2   0.16858
   1859.9   0.16863
   1860.5   0.16866
   1861.2   0.16862
   1861.9   0.16863
   1862.5   0.16870
   1863.2   0.16875
   1863.9   0.16880
   1864.5   0.16883
   1865.2   0.16884
   1865.9   0.16891
   1866.6   0.16895
   1867.2   0.16895
   1867.9   0.16898
   1868.6   0.16904
   1869.2   0.16904
   1869.9   0.16904
   1870.6   0.16913
   1871.3   0.16918
   1871.9   0.16918
   1872.6   0.16920
   1873.3   0.16918
   1874.0   0.16917
   1874.7   0.16917
   1875.3   0.16921
   1876.0   0.16930
   1876.7   0.16938
   1877.4   0.16941
   1878.0   0.16940
   1878.7   0.16941
   1879.4   0.16943
   1880.1   0.16948
   1880.8   0.16952
   1881.4   0.16952
   1882.1   0.16952
   1882.8   0.16957
   1883.5   0.16961
   1884.2   0.16965
   1884.9   0.16968
   1885.6   0.16969
   1886.2   0.16971
   1886.9   0.16973
   1887.6   0.16975
   1888.3   0.16977
   1889.0   0.16980
   1889.7   0.16986
   1890.4   0.16988
   1891.1   0.16991
   1891.8   0.16995
   1892.4   0.16998
   1893.1   0.17005
   1893.8   0.17007
   1894.5   0.17008
   1895.2   0.17013
   1895.9   0.17017
   1896.6   0.17017
   1897.3   0.17018
   1898.0   0.17019
   1898.7   0.17021
   1899.4   0.17031
   1900.1   0.17032
   1900.8   0.17027
   1901.5   0.17030
   1902.2   0.17036
   1902.9   0.17040
   1903.6   0.17040
   1904.3   0.17044
   1905.0   0.17052
   1905.7   0.17059
   1906.4   0.17062
   1907.1   0.17059
   1907.8   0.17059
   1908.5   0.17064
   1909.2   0.17068
   1909.9   0.17066
   1910.6   0.17068
   1911.3   0.17075
   1912.0   0.17079
   1912.7   0.17081
   1913.4   0.17081
   1914.1   0.17084
   1914.8   0.17093
   1915.5   0.17096
   1916.2   0.17098
   1916.9   0.17106
   1917.6   0.17109
   1918.3   0.17107
   1919.1   0.17112
   1919.8   0.17114
   1920.5   0.17112
   1921.2   0.17119
   1921.9   0.17122
   1922.6   0.17123
   1923.3   0.17124
   1924.0   0.17133
   1924.8   0.17141
   1925.5   0.17144
   1926.2   0.17142
   1926.9   0.17143
   1927.6   0.17148
   1928.3   0.17154
   1929.1   0.17159
   1929.8   0.17161
   1930.5   0.17164
   1931.2   0.17165
   1931.9   0.17170
   1932.7   0.17171
   1933.4   0.17171
   1934.1   0.17176
   1934.8   0.17180
   1935.5   0.17185
   1936.3   0.17187
   1937.0   0.17192
   1937.7   0.17194
   1938.4   0.17196
   1939.2   0.17200
   1939.9   0.17201
   1940.6   0.17204
   1941.3   0.17210
   1942.1   0.17210
   1942.8   0.17212
   1943.5   0.17218
   1944.2   0.17223
   1945.0   0.17224
   1945.7   0.17229
   1946.4   0.17231
   1947.2   0.17233
   1947.9   0.17236
   1948.6   0.17242
   1949.4   0.17248
   1950.1   0.17247
   1950.8   0.17248
   1951.6   0.17250
   1952.3   0.17257
   1953.0   0.17263
   1953.8   0.17267
   1954.5   0.17273
   1955.2   0.17274
   1956.0   0.17273
   1956.7   0.17278
   1957.5   0.17280
   1958.2   0.17284
   1958.9   0.17291
   1959.7   0.17295
   1960.4   0.17298
   1961.2   0.17300
   1961.9   0.17300
   1962.6   0.17301
   1963.4   0.17303
   1964.1   0.17311
   1964.9   0.17318
   1965.6   0.17320
   1966.4   0.17322
   1967.1   0.17325
   1967.9   0.17331
   1968.6   0.17334
   1969.3   0.17333
   1970.1   0.17337
   1970.8   0.17341
   1971.6   0.17346
   1972.3   0.17349
   1973.1   0.17353
   1973.8   0.17359
   1974.6   0.17361
   1975.3   0.17361
   1976.1   0.17366
   1976.9   0.17369
   1977.6   0.17374
   1978.4   0.17378
   1979.1   0.17378
   1979.9   0.17383
   1980.6   0.17391
   1981.4   0.17392
   1982.2   0.17391
   1982.9   0.17396
   1983.7   0.17403
   1984.4   0.17409
   1985.2   0.17410
   1985.9   0.17409
   1986.7   0.17411
   1987.5   0.17416
   1988.2   0.17419
   1989.0   0.17422
   1989.8   0.17423
   1990.5   0.17428
   1991.3   0.17436
   1992.1   0.17437
   1992.8   0.17437
   1993.6   0.17443
   1994.3   0.17450
   1995.1   0.17453
   1995.9   0.17460
   1996.7   0.17462
   1997.4   0.17460
   1998.2   0.17467
   1999.0   0.17471
   1999.7   0.17476
   2000.5   0.17483
   2001.3   0.17487
   2002.1   0.17486
   2002.8   0.17490
   2003.6   0.17495
   2004.4   0.17496
   2005.2   0.17497
   2005.9   0.17504
   2006.7   0.17505
   2007.5   0.17508
   2008.3   0.17514
   2009.0   0.17520
   2009.8   0.17524
   2010.6   0.17523
   2011.4   0.17527
   2012.2   0.17530
   2012.9   0.17534
   2013.7   0.17540
   2014.5   0.17542
   2015.3   0.17543
   2016.1   0.17548
   2016.8   0.17558
   2017.6   0.17566
   2018.4   0.17568
   2019.2   0.17566
   2020.0   0.17566
   2020.8   0.17574
   2021.6   0.17583
   2022.3   0.17589
   2023.1   0.17592
   2023.9   0.17592
   2024.7   0.17594
   2025.5   0.17598
   2026.3   0.17602
   2027.1   0.17608
   2027.9   0.17614
   2028.7   0.17619
   2029.5   0.17624
   2030.3   0.17625
   2031.1   0.17626
   2031.9   0.17631
   2032.7   0.17638
   2033.5   0.17639
   2034.3   0.17642
   2035.1   0.17649
   2035.8   0.17652
   2036.7   0.17652
   2037.4   0.17659
   2038.3   0.17665
   2039.1   0.17673
   2039.9   0.17678
   2040.7   0.17680
   2041.5   0.17680
   2042.3   0.17684
   2043.1   0.17689
   2043.9   0.17692
   2044.7   0.17698
   2045.5   0.17704
   2046.3   0.17707
   2047.1   0.17708
   2047.9   0.17713
   2048.7   0.17720
   2049.5   0.17727
   2050.4   0.17733
   2051.2   0.17734
   2052.0   0.17733
   2052.8   0.17735
   2053.6   0.17738
   2054.4   0.17743
   2055.2   0.17749
   2056.0   0.17754
   2056.9   0.17761
   2057.7   0.17767
   2058.5   0.17773
   2059.3   0.17776
   2060.1   0.17782
   2060.9   0.17788
   2061.8   0.17789
   2062.6   0.17789
   2063.4   0.17793
   2064.2   0.17799
   2065.1   0.17803
   2065.9   0.17803
   2066.7   0.17806
   2067.5   0.17811
   2068.3   0.17814
   2069.2   0.17817
   2070.0   0.17821
   2070.8   0.17823
   2071.6   0.17830
   2072.5   0.17836
   2073.3   0.17839
   2074.1   0.17842
   2075.0   0.17844
   2075.8   0.17851
   2076.6   0.17857
   2077.5   0.17864
   2078.3   0.17868
   2079.1   0.17869
   2080.0   0.17874
   2080.8   0.17879
   2081.6   0.17884
   2082.5   0.17887
   2083.3   0.17893
   2084.1   0.17899
   2085.0   0.17898
   2085.8   0.17900
   2086.6   0.17909
   2087.5   0.17915
   2088.3   0.17920
   2089.2   0.17924
   2090.0   0.17928
   2090.9   0.17933
   2091.7   0.17938
   2092.6   0.17942
   2093.4   0.17946
   2094.2   0.17950
   2095.1   0.17953
   2095.9   0.17958
   2096.8   0.17965
   2097.6   0.17966
   2098.5   0.17970
   2099.3   0.17975
   2100.2   0.17982
   2101.0   0.17985
   2101.9   0.17986
   2102.7   0.17988
   2103.6   0.17993
   2104.4   0.18000
   2105.3   0.18003
   2106.1   0.18007
   2107.0   0.18014
   2107.9   0.18020
   2108.7   0.18025
   2109.6   0.18030
   2110.4   0.18031
   2111.3   0.18034
   2112.1   0.18040
   2113.0   0.18041
   2113.9   0.18046
   2114.7   0.18054
   2115.6   0.18055
   2116.5   0.18060
   2117.3   0.18070
   2118.2   0.18074
   2119.1   0.18073
   2119.9   0.18076
   2120.8   0.18081
   2121.7   0.18085
   2122.5   0.18091
   2123.4   0.18098
   2124.3   0.18101
   2125.1   0.18103
   2126.0   0.18108
   2126.9   0.18117
   2127.8   0.18120
   2128.6   0.18122
   2129.5   0.18125
   2130.4   0.18132
   2131.3   0.18138
   2132.1   0.18145
   2133.0   0.18144
   2133.9   0.18144
   2134.8   0.18153
   2135.6   0.18159
   2136.5   0.18161
   2137.4   0.18164
   2138.3   0.18172
   2139.2   0.18179
   2140.1   0.18180
   2140.9   0.18184
   2141.8   0.18188
   2142.7   0.18188
   2143.6   0.18193
   2144.5   0.18202
   2145.4   0.18209
   2146.3   0.18213
   2147.1   0.18214
   2148.0   0.18218
   2148.9   0.18225
   2149.8   0.18229
   2150.7   0.18237
   2151.6   0.18241
   2152.5   0.18244
   2153.4   0.18246
   2154.3   0.18253
   2155.2   0.18257
   2156.1   0.18259
   2157.0   0.18266
   2157.9   0.18274
   2158.8   0.18277
   2159.7   0.18283
   2160.6   0.18286
   2161.5   0.18292
   2162.4   0.18300
   2163.3   0.18303
   2164.2   0.18304
   2165.1   0.18308
   2166.0   0.18313
   2166.9   0.18319
   2167.8   0.18325
   2168.7   0.18328
   2169.6   0.18333
   2170.5   0.18338
   2171.4   0.18339
   2172.3   0.18345
   2173.2   0.18352
   2174.1   0.18358
   2175.1   0.18365
   2176.0   0.18370
   2176.9   0.18372
   2177.8   0.18374
   2178.7   0.18379
   2179.6   0.18383
   2180.6   0.18389
   2181.5   0.18394
   2182.4   0.18403
   2183.3   0.18408
   2184.2   0.18408
   2185.1   0.18414
   2186.1   0.18419
   2187.0   0.18426
   2187.9   0.18433
   2188.8   0.18435
   2189.8   0.18436
   2190.7   0.18440
   2191.6   0.18447
   2192.5   0.18452
   2193.5   0.18458
   2194.4   0.18466
   2195.3   0.18469
   2196.3   0.18474
   2197.2   0.18484
   2198.1   0.18485
   2199.1   0.18488
   2200.0   0.18497
   2200.9   0.18504
   2201.9   0.18507
   2202.8   0.18510
   2203.7   0.18512
   2204.7   0.18517
   2205.6   0.18522
   2206.5   0.18528
   2207.5   0.18532
   2208.4   0.18535
   2209.4   0.18540
   2210.3   0.18542
   2211.2   0.18547
   2212.2   0.18556
   2213.1   0.18562
   2214.1   0.18564
   2215.0   0.18564
   2216.0   0.18573
   2216.9   0.18581
   2217.9   0.18585
   2218.8   0.18591
   2219.8   0.18598
   2220.7   0.18605
   2221.7   0.18609
   2222.6   0.18612
   2223.6   0.18618
   2224.5   0.18622
   2225.5   0.18623
   2226.4   0.18630
   2227.4   0.18637
   2228.4   0.18644
   2229.3   0.18645
   2230.3   0.18647
   2231.2   0.18654
   2232.2   0.18659
   2233.1   0.18664
   2234.1   0.18666
   2235.1   0.18669
   2236.0   0.18678
   2237.0   0.18685
   2238.0   0.18691
   2238.9   0.18701
   2239.9   0.18705
   2240.9   0.18706
   2241.8   0.18709
   2242.8   0.18718
   2243.8   0.18727
   2244.8   0.18728
   2245.7   0.18730
   2246.7   0.18736
   2247.7   0.18738
   2248.6   0.18744
   2249.6   0.18750
   2250.6   0.18751
   2251.6   0.18758
   2252.6   0.18768
   2253.5   0.18773
   2254.5   0.18774
   2255.5   0.18780
   2256.5   0.18786
   2257.5   0.18791
   2258.4   0.18798
   2259.4   0.18801
   2260.4   0.18807
   2261.4   0.18809
   2262.4   0.18815
   2263.4   0.18821
   2264.4   0.18825
   2265.4   0.18831
   2266.3   0.18842
   2267.3   0.18848
   2268.3   0.18851
   2269.3   0.18856
   2270.3   0.18855
   2271.3   0.18858
   2272.3   0.18866
   2273.3   0.18874
   2274.3   0.18879
   2275.3   0.18882
   2276.3   0.18887
   2277.3   0.18895
   2278.3   0.18901
   2279.3   0.18905
   2280.3   0.18907
   2281.3   0.18910
   2282.3   0.18920
   2283.3   0.18929
   2284.3   0.18933
   2285.3   0.18938
   2286.3   0.18946
   2287.3   0.18951
   2288.3   0.18955
   2289.4   0.18958
   2290.4   0.18961
   2291.4   0.18968
   2292.4   0.18974
   2293.4   0.18980
   2294.4   0.18982
   2295.4   0.18990
   2296.4   0.19000
   2297.5   0.19003
   2298.5   0.19005
   2299.5   0.19013
   2300.5   0.19016
   2301.6   0.19019
   2302.6   0.19024
   2303.6   0.19030
   2304.6   0.19036
   2305.6   0.19044
   2306.7   0.19049
   2307.7   0.19054
   2308.7   0.19057
   2309.8   0.19061
   2310.8   0.19069
   2311.8   0.19076
   2312.8   0.19081
   2313.9   0.19089
   2314.9   0.19094
   2315.9   0.19098
   2317.0   0.19103
   2318.0   0.19105
   2319.1   0.19110
   2320.1   0.19118
   2321.1   0.19124
   2322.2   0.19132
   2323.2   0.19140
   2324.3   0.19142
   2325.3   0.19144
   2326.3   0.19150
   2327.4   0.19155
   2328.4   0.19160
   2329.5   0.19164
   2330.5   0.19171
   2331.6   0.19176
   2332.6   0.19185
   2333.7   0.19190
   2334.7   0.19193
   2335.8   0.19199
   2336.8   0.19205
   2337.9   0.19213
   2338.9   0.19215
   2340.0   0.19219
   2341.0   0.19226
   2342.1   0.19236
   2343.1   0.19243
   2344.2   0.19244
   2345.3   0.19247
   2346.3   0.19252
   2347.4   0.19259
   2348.5   0.19266
   2349.5   0.19272
   2350.6   0.19277
   2351.7   0.19282
   2352.7   0.19290
   2353.8   0.19295
   2354.9   0.19300
   2355.9   0.19308
   2357.0   0.19310
   2358.1   0.19312
   2359.1   0.19318
   2360.2   0.19322
   2361.3   0.19329
   2362.4   0.19334
   2363.4   0.19340
   2364.5   0.19349
   2365.6   0.19351
   2366.7   0.19355
   2367.8   0.19361
   2368.9   0.19370
   2369.9   0.19375
   2371.0   0.19379
   2372.1   0.19386
   2373.2   0.19393
   2374.3   0.19397
   2375.4   0.19403
   2376.4   0.19409
   2377.5   0.19411
   2378.6   0.19419
   2379.7   0.19425
   2380.8   0.19430
   2381.9   0.19438
   2383.0   0.19444
   2384.1   0.19446
   2385.2   0.19449
   2386.3   0.19454
   2387.4   0.19461
   2388.5   0.19471
   2389.6   0.19477
   2390.7   0.19476
   2391.8   0.19482
   2392.9   0.19489
   2394.0   0.19492
   2395.1   0.19499
   2396.2   0.19507
   2397.3   0.19512
   2398.4   0.19516
   2399.5   0.19525
   2400.6   0.19532
   2401.8   0.19536
   2402.9   0.19540
   2404.0   0.19545
   2405.1   0.19554
   2406.2   0.19554
   2407.3   0.19559
   2408.5   0.19564
   2409.6   0.19567
   2410.7   0.19573
   2411.8   0.19580
   2412.9   0.19586
   2414.1   0.19594
   2415.2   0.19601
   2416.3   0.19607
   2417.4   0.19610
   2418.6   0.19611
   2419.7   0.19617
   2420.8   0.19623
   2422.0   0.19634
   2423.1   0.19642
   2424.2   0.19644
   2425.4   0.19644
   2426.5   0.19647
   2427.6   0.19653
   2428.8   0.19666
   2429.9   0.19675
   2431.1   0.19677
   2432.2   0.19681
   2433.3   0.19692
   2434.5   0.19696
   2435.6   0.19699
   2436.8   0.19703
   2437.9   0.19705
   2439.1   0.19708
   2440.2   0.19719
   2441.4   0.19727
   2442.5   0.19731
   2443.6   0.19737
   2444.8   0.19743
   2445.9   0.19746
   2447.1   0.19745
   2448.3   0.19751
   2449.4   0.19760
   2450.6   0.19771
   2451.7   0.19779
   2452.9   0.19778
   2454.1   0.19780
   2455.2   0.19787
   2456.4   0.19793
   2457.6   0.19801
   2458.7   0.19807
   2459.9   0.19810
   2461.1   0.19815
   2462.2   0.19816
   2463.4   0.19821
   2464.6   0.19834
   2465.7   0.19843
   2466.9   0.19849
   2468.1   0.19851
   2469.3   0.19853
   2470.4   0.19857
   2471.6   0.19865
   2472.8   0.19871
   2474.0   0.19877
   2475.1   0.19881
   2476.3   0.19886
   2477.5   0.19893
   2478.7   0.19898
   2479.9   0.19907
   2481.1   0.19914
   2482.3   0.19917
   2483.4   0.19919
   2484.6   0.19927
   2485.8   0.19933
   2487.0   0.19939
   2488.2   0.19943
   2489.4   0.19945
   2490.6   0.19949
   2491.8   0.19952
   2493.0   0.19955
   2494.2   0.19964
   2495.4   0.19972
   2496.6   0.19979
   2497.8   0.19985
   2499.0   0.19984
   2500.2   0.19990
   2501.4   0.19997
   2502.6   0.20002
   2503.8   0.20007
   2505.0   0.20008
   2506.3   0.20010
   2507.5   0.20018
   2508.7   0.20026
   2509.9   0.20038
   2511.1   0.20046
   2512.3   0.20043
   2513.5   0.20046
   2514.8   0.20054
   2516.0   0.20062
   2517.2   0.20069
   2518.4   0.20072
   2519.6   0.20080
   2520.9   0.20089
   2522.1   0.20094
   2523.3   0.20097
   2524.6   0.20103
   2525.8   0.20108
   2527.0   0.20111
   2528.2   0.20119
   2529.5   0.20124
   2530.7   0.20124
   2531.9   0.20130
   2533.2   0.20140
   2534.4   0.20141
   2535.7   0.20146
   2536.9   0.20159
   2538.1   0.20158
   2539.4   0.20157
   2540.6   0.20168
   2541.9   0.20180
   2543.1   0.20186
   2544.4   0.20190
   2545.6   0.20193
   2546.9   0.20201
   2548.1   0.20208
   2549.4   0.20213
   2550.6   0.20220
   2551.9   0.20231
   2553.1   0.20241
   2554.4   0.20240
   2555.6   0.20243
   2556.9   0.20247
   2558.2   0.20247
   2559.4   0.20251
   2560.7   0.20264
   2562.0   0.20280
   2563.2   0.20287
   2564.5   0.20286
   2565.8   0.20279
   2567.0   0.20279
   2568.3   0.20288
   2569.6   0.20297
   2570.9   0.20300
   2572.1   0.20308
   2573.4   0.20321
   2574.7   0.20323
   2576.0   0.20326
   2577.3   0.20333
   2578.5   0.20336
   2579.8   0.20344
   2581.1   0.20355
   2582.4   0.20364
   2583.7   0.20379
   2585.0   0.20377
   2586.2   0.20371
   2587.5   0.20379
   2588.8   0.20385
   2590.1   0.20382
   2591.4   0.20386
   2592.7   0.20401
   2594.0   0.20424
   2595.3   0.20433
   2596.6   0.20421
   2597.9   0.20417
   2599.2   0.20419
   2600.5   0.20428
   2601.8   0.20432
   2603.1   0.20432
   2604.4   0.20448
   2605.7   0.20463
   2607.1   0.20462
   2608.4   0.20468
   2609.7   0.20472
   2611.0   0.20467
   2612.3   0.20471
   2613.6   0.20474
   2614.9   0.20477
   2616.3   0.20495
   2617.6   0.20501
   2618.9   0.20502
   2620.2   0.20512
   2621.6   0.20505
   2622.9   0.20505
   2624.2   0.20507
   2625.5   0.20520
   2626.9   0.20527
   2628.2   0.20523
   2629.5   0.20535
   2630.9   0.20543
   2632.2   0.20544
   2633.5   0.20546
   2634.9   0.20543
   2636.2   0.20541
   2637.6   0.20550
   2638.9   0.20559
   2640.2   0.20563
   2641.6   0.20567
   2642.9   0.20569
   2644.3   0.20572
   2645.6   0.20576
   2647.0   0.20583
   2648.3   0.20589
   2649.7   0.20591
   2651.0   0.20599
   2652.4   0.20612
   2653.8   0.20617
   2655.1   0.20620
   2656.5   0.20621
   2657.8   0.20624
   2659.2   0.20637
   2660.6   0.20641
   2661.9   0.20640
   2663.3   0.20648
   2664.7   0.20663
   2666.0   0.20671
   2667.4   0.20667
   2668.8   0.20662
   2670.1   0.20672
   2671.5   0.20656
   2672.9   0.20635
   2674.3   0.20632
   2675.6   0.20639
   2677.0   0.20641
   2678.4   0.20645
   2679.8   0.20644
   2681.2   0.20637
   2682.6   0.20637
   2684.0   0.20635
   2685.4   0.20635
   2686.8   0.20634
   2688.1   0.20634
   2689.5   0.20629
   2690.9   0.20619
   2692.3   0.20626
   2693.7   0.20637
   2695.1   0.20629
   2696.5   0.20619
   2697.9   0.20615
   2699.3   0.20615
   2700.7   0.20611
   2702.1   0.20598
   2703.6   0.20594
   2705.0   0.20597
   2706.4   0.20594
   2707.8   0.20592
   2709.2   0.20583
   2710.6   0.20573
   2712.0   0.20557
   2713.5   0.20538
   2714.9   0.20520
   2716.3   0.20520
   2717.7   0.20525
   2719.1   0.20527
   2720.6   0.20526
   2722.0   0.20494
   2723.4   0.20481
   2724.9   0.20468
   2726.3   0.20440
   2727.7   0.20422
   2729.2   0.20405
   2730.6   0.20388
   2732.0   0.20383
   2733.5   0.20373
   2734.9   0.20357
   2736.4   0.20334
   2737.8   0.20326
   2739.3   0.20318
   2740.7   0.20296
   2742.2   0.20266
   2743.6   0.20243
   2745.1   0.20220
   2746.5   0.20194
   2748.0   0.20173
   2749.4   0.20156
   2750.9   0.20135
   2752.3   0.20112
   2753.8   0.20096
   2755.3   0.20086
   2756.7   0.20053
   2758.2   0.20020
   2759.7   0.19996
   2761.1   0.19978
   2762.6   0.19963
   2764.1   0.19938
   2765.6   0.19909
   2767.0   0.19896
   2768.5   0.19883
   2770.0   0.19862
   2771.5   0.19832
   2772.9   0.19803
   2774.4   0.19784
   2775.9   0.19770
   2777.4   0.19753
   2778.9   0.19732
   2780.4   0.19715
   2781.9   0.19698
   2783.4   0.19684
   2784.9   0.19667
   2786.4   0.19651
   2787.9   0.19639
   2789.4   0.19620
   2790.9   0.19600
   2792.4   0.19590
   2793.9   0.19582
   2795.4   0.19565
   2796.9   0.19554
   2798.4   0.19545
   2799.9   0.19531
   2801.4   0.19519
   2802.9   0.19517
   2804.4   0.19509
   2806.0   0.19492
   2807.5   0.19480
   2809.0   0.19473
   2810.5   0.19466
   2812.1   0.19458
   2813.6   0.19453
   2815.1   0.19452
   2816.6   0.19443
   2818.2   0.19441
   2819.7   0.19442
   2821.2   0.19432
   2822.8   0.19421
   2824.3   0.19416
   2825.8   0.19412
   2827.4   0.19418
   2828.9   0.19420
   2830.5   0.19417
   2832.0   0.19413
   2833.6   0.19410
   2835.1   0.19410
   2836.7   0.19413
   2838.2   0.19420
   2839.8   0.19415
   2841.3   0.19410
   2842.9   0.19409
   2844.4   0.19408
   2846.0   0.19408
   2847.6   0.19410
   2849.1   0.19416
   2850.7   0.19417
   2852.3   0.19413
   2853.8   0.19422
   2855.4   0.19428
   2857.0   0.19425
   2858.6   0.19424
   2860.1   0.19425
   2861.7   0.19429
   2863.3   0.19432
   2864.9   0.19429
   2866.4   0.19429
   2868.0   0.19438
   2869.6   0.19440
   2871.2   0.19436
   2872.8   0.19437
   2874.4   0.19439
   2876.0   0.19444
   2877.6   0.19447
   2879.2   0.19451
   2880.8   0.19458
   2882.4   0.19460
   2884.0   0.19463
   2885.6   0.19465
   2887.2   0.19473
   2888.8   0.19475
   2890.4   0.19474
   2892.0   0.19476
   2893.6   0.19478
   2895.3   0.19484
   2896.9   0.19489
   2898.5   0.19492
   2900.1   0.19493
   2901.7   0.19496
   2903.4   0.19505
   2905.0   0.19512
   2906.6   0.19511
   2908.3   0.19514
   2909.9   0.19523
   2911.5   0.19527
   2913.1   0.19520
   2914.8   0.19520
   2916.4   0.19530
   2918.1   0.19535
   2919.7   0.19541
   2921.4   0.19553
   2923.0   0.19550
   2924.7   0.19547
   2926.3   0.19550
   2928.0   0.19553
   2929.6   0.19560
   2931.3   0.19564
   2932.9   0.19565
   2934.6   0.19569
   2936.3   0.19580
   2937.9   0.19589
   2939.6   0.19593
   2941.2   0.19591
   2942.9   0.19598
   2944.6   0.19602
   2946.3   0.19602
   2947.9   0.19607
   2949.6   0.19618
   2951.3   0.19627
   2953.0   0.19628
   2954.6   0.19630
   2956.3   0.19643
   2958.0   0.19645
   2959.7   0.19645
   2961.4   0.19652
   2963.1   0.19659
   2964.8   0.19665
   2966.5   0.19673
   2968.2   0.19678
   2969.9   0.19684
   2971.6   0.19694
   2973.3   0.19696
   2975.0   0.19698
   2976.7   0.19701
   2978.4   0.19712
   2980.1   0.19723
   2981.8   0.19729
   2983.6   0.19739
   2985.3   0.19747
   2987.0   0.19752
   2988.7   0.19762
   2990.4   0.19766
   2992.2   0.19772
   2993.9   0.19783
   2995.6   0.19792
   2997.4   0.19798
   2999.1   0.19801
   3000.8   0.19803
   3002.6   0.19811
   3004.3   0.19822
   3006.0   0.19833
   3007.8   0.19844
   3009.5   0.19850
   3011.3   0.19859
   3013.0   0.19868
   3014.8   0.19870
   3016.5   0.19877
   3018.3   0.19889
   3020.0   0.19897
   3021.8   0.19909
   3023.6   0.19922
   3025.3   0.19932
   3027.1   0.19940
   3028.9   0.19943
   3030.6   0.19950
   3032.4   0.19963
   3034.2   0.19968
   3036.0   0.19976
   3037.7   0.19988
   3039.5   0.19990
   3041.3   0.19996
   3043.1   0.20012
   3044.9   0.20016
   3046.7   0.20014
   3048.4   0.20024
   3050.2   0.20036
   3052.0   0.20047
   3053.8   0.20054
   3055.6   0.20062
   3057.4   0.20070
   3059.2   0.20070
   3061.1   0.20074
   3062.9   0.20084
   3064.7   0.20093
   3066.5   0.20103
   3068.3   0.20113
   3070.1   0.20119
   3071.9   0.20123
   3073.8   0.20134
   3075.6   0.20144
   3077.4   0.20145
   3079.2   0.20155
   3081.1   0.20164
   3082.9   0.20164
   3084.7   0.20173
   3086.6   0.20188
   3088.4   0.20201
   3090.2   0.20203
   3092.1   0.20209
   3093.9   0.20225
   3095.8   0.20234
   3097.6   0.20242
   3099.5   0.20253
   3101.3   0.20263
   3103.2   0.20271
   3105.0   0.20276
   3106.9   0.20280
   3108.8   0.20291
   3110.6   0.20303
   3112.5   0.20311
   3114.4   0.20315
   3116.2   0.20324
   3118.1   0.20336
   3120.0   0.20348
   3121.9   0.20361
   3123.7   0.20368
   3125.6   0.20378
   3127.5   0.20387
   3129.4   0.20393
   3131.3   0.20400
   3133.2   0.20403
   3135.1   0.20417
   3137.0   0.20431
   3138.9   0.20436
   3140.8   0.20443
   3142.7   0.20455
   3144.6   0.20467
   3146.5   0.20476
   3148.4   0.20480
   3150.3   0.20493
   3152.2   0.20504
   3154.1   0.20510
   3156.1   0.20519
   3158.0   0.20531
   3159.9   0.20537
   3161.8   0.20543
   3163.8   0.20551
   3165.7   0.20559
   3167.6   0.20573
   3169.6   0.20593
   3171.5   0.20606
   3173.4   0.20612
   3175.4   0.20615
   3177.3   0.20623
   3179.3   0.20638
   3181.2   0.20648
   3183.2   0.20651
   3185.1   0.20665
   3187.1   0.20682
   3189.1   0.20694
   3191.0   0.20705
   3193.0   0.20716
   3194.9   0.20725
   3196.9   0.20734
   3198.9   0.20741
   3200.9   0.20751
   3202.9   0.20761
   3204.8   0.20767
   3206.8   0.20779
   3208.8   0.20791
   3210.8   0.20802
   3212.8   0.20819
   3214.8   0.20832
   3216.8   0.20839
   3218.8   0.20845
   3220.8   0.20856
   3222.8   0.20866
   3224.8   0.20874
   3226.8   0.20885
   3228.8   0.20897
   3230.8   0.20907
   3232.8   0.20920
   3234.8   0.20930
   3236.8   0.20942
   3238.9   0.20954
   3240.9   0.20962
   3242.9   0.20968
   3244.9   0.20979
   3247.0   0.20989
   3249.0   0.20999
   3251.1   0.21010
   3253.1   0.21023
   3255.1   0.21032
   3257.2   0.21045
   3259.2   0.21054
   3261.3   0.21064
   3263.3   0.21071
   3265.4   0.21083
   3267.4   0.21093
   3269.5   0.21103
   3271.6   0.21117
   3273.6   0.21131
   3275.7   0.21140
   3277.8   0.21147
   3279.8   0.21155
   3281.9   0.21165
   3284.0   0.21175
   3286.1   0.21184
   3288.2   0.21192
   3290.2   0.21202
   3292.3   0.21215
   3294.4   0.21224
   3296.5   0.21231
   3298.6   0.21244
   3300.7   0.21255
   3302.8   0.21264
   3304.9   0.21274
   3307.0   0.21284
   3309.1   0.21293
   3311.3   0.21303
   3313.4   0.21308
   3315.5   0.21314
   3317.6   0.21321
   3319.7   0.21333
   3321.9   0.21346
   3324.0   0.21360
   3326.1   0.21371
   3328.3   0.21381
   3330.4   0.21387
   3332.5   0.21393
   3334.7   0.21403
   3336.8   0.21410
   3339.0   0.21415
   3341.1   0.21422
   3343.3   0.21429
   3345.4   0.21435
   3347.6   0.21441
   3349.8   0.21449
   3351.9   0.21458
   3354.1   0.21467
   3356.3   0.21474
   3358.4   0.21481
   3360.6   0.21487
   3362.8   0.21495
   3365.0   0.21500
   3367.2   0.21504
   3369.4   0.21512
   3371.5   0.21526
   3373.7   0.21538
   3375.9   0.21549
   3378.1   0.21564
   3380.3   0.21576
   3382.5   0.21594
   3384.7   0.21610
   3386.9   0.21618
   3389.2   0.21625
   3391.4   0.21633
   3393.6   0.21641
   3395.8   0.21652
   3398.1   0.21659
   3400.3   0.21666
   3402.5   0.21677
   3404.7   0.21688
   3407.0   0.21702
   3409.2   0.21717
   3411.5   0.21735
   3413.7   0.21751
   3416.0   0.21768
   3418.2   0.21783
   3420.5   0.21798
   3422.7   0.21814
   3425.0   0.21825
   3427.3   0.21832
   3429.5   0.21833
   3431.8   0.21833
   3434.1   0.21839
   3436.3   0.21844
   3438.6   0.21853
   3440.9   0.21863
   3443.2   0.21872
   3445.5   0.21878
   3447.8   0.21888
   3450.1   0.21897
   3452.4   0.21906
   3454.6   0.21916
   3456.9   0.21924
   3459.3   0.21929
   3461.6   0.21937
   3463.9   0.21944
   3466.2   0.21951
   3468.5   0.21959
   3470.8   0.21965
   3473.2   0.21971
   3475.5   0.21981
   3477.8   0.21992
   3480.1   0.22003
   3482.5   0.22016
   3484.8   0.22025
   3487.2   0.22032
   3489.5   0.22044
   3491.9   0.22053
   3494.2   0.22063
   3496.6   0.22076
   3498.9   0.22091
   3501.3   0.22107
   3503.7   0.22128
   3506.0   0.22147
   3508.4   0.22161
   3510.8   0.22167
   3513.2   0.22171
   3515.5   0.22170
   3517.9   0.22172
   3520.3   0.22181
   3522.7   0.22190
   3525.1   0.22198
   3527.5   0.22207
   3529.9   0.22213
   3532.3   0.22225
   3534.7   0.22236
   3537.1   0.22246
   3539.5   0.22255
   3541.9   0.22263
   3544.4   0.22273
   3546.8   0.22284
   3549.2   0.22293
   3551.7   0.22304
   3554.1   0.22309
   3556.5   0.22318
   3559.0   0.22330
   3561.4   0.22343
   3563.9   0.22354
   3566.3   0.22360
   3568.8   0.22366
   3571.2   0.22375
   3573.7   0.22384
   3576.1   0.22391
   3578.6   0.22402
   3581.1   0.22415
   3583.6   0.22423
   3586.0   0.22431
   3588.5   0.22440
   3591.0   0.22451
   3593.5   0.22459
   3596.0   0.22467
   3598.5   0.22472
   3601.0   0.22482
   3603.5   0.22491
   3606.0   0.22501
   3608.5   0.22512
   3611.0   0.22524
   3613.5   0.22532
   3616.1   0.22540
   3618.6   0.22548
   3621.1   0.22556
   3623.6   0.22563
   3626.2   0.22572
   3628.7   0.22579
   3631.3   0.22587
   3633.8   0.22596
   3636.3   0.22606
   3638.9   0.22611
   3641.4   0.22619
   3644.0   0.22630
   3646.6   0.22637
   3649.1   0.22648
   3651.7   0.22657
   3654.3   0.22663
   3656.9   0.22671
   3659.4   0.22681
   3662.0   0.22691
   3664.6   0.22700
   3667.2   0.22705
   3669.8   0.22708
   3672.4   0.22718
   3675.0   0.22726
   3677.6   0.22738
   3680.2   0.22745
   3682.8   0.22751
   3685.4   0.22758
   3688.1   0.22765
   3690.7   0.22777
   3693.3   0.22791
   3695.9   0.22797
   3698.6   0.22804
   3701.2   0.22813
   3703.9   0.22818
   3706.5   0.22823
   3709.2   0.22834
   3711.8   0.22846
   3714.5   0.22855
   3717.1   0.22858
   3719.8   0.22863
   3722.5   0.22871
   3725.2   0.22879
   3727.8   0.22886
   3730.5   0.22895
   3733.2   0.22901
   3735.9   0.22912
   3738.6   0.22918
   3741.3   0.22926
   3744.0   0.22933
   3746.7   0.22941
   3749.4   0.22949
   3752.1   0.22954
   3754.8   0.22960
   3757.6   0.22970
   3760.3   0.22979
   3763.0   0.22987
   3765.7   0.22996
   3768.5   0.23002
   3771.2   0.23007
   3774.0   0.23013
   3776.7   0.23022
   3779.5   0.23031
   3782.2   0.23036
   3785.0   0.23044
   3787.7   0.23052
   3790.5   0.23060
   3793.3   0.23067
   3796.1   0.23075
   3798.8   0.23079
   3801.6   0.23085
   3804.4   0.23092
   3807.2   0.23103
   3810.0   0.23110
   3812.8   0.23116
   3815.6   0.23118
   3818.4   0.23124
   3821.2   0.23131
   3824.1   0.23135
   3826.9   0.23137
   3829.7   0.23142
   3832.5   0.23149
   3835.4   0.23157
   3838.2   0.23163
   3841.1   0.23166
   3843.9   0.23171
   3846.8   0.23177
   3849.6   0.23184
   3852.5   0.23189
   3855.3   0.23192
   3858.2   0.23197
   3861.1   0.23201
   3863.9   0.23208
   3866.8   0.23214
   3869.7   0.23219
   3872.6   0.23225
   3875.5   0.23230
   3878.4   0.23232
   3881.3   0.23235
   3884.2   0.23238
   3887.1   0.23245
   3890.0   0.23250
   3893.0   0.23255
   3895.9   0.23259
   3898.8   0.23264
   3901.7   0.23267
   3904.7   0.23270
   3907.6   0.23274
   3910.6   0.23279
   3913.5   0.23282
   3916.5   0.23288
   3919.4   0.23291
   3922.4   0.23297
   3925.4   0.23302
   3928.4   0.23307
   3931.3   0.23309
   3934.3   0.23314
   3937.3   0.23320
   3940.3   0.23325
   3943.3   0.23327
   3946.3   0.23331
   3949.3   0.23331
   3952.3   0.23333
   3955.3   0.23337
   3958.3   0.23342
   3961.4   0.23346
   3964.4   0.23351
   3967.4   0.23355
   3970.5   0.23358
   3973.5   0.23359
   3976.6   0.23363
   3979.6   0.23366
   3982.6   0.23368
   3985.7   0.23369
   3988.8   0.23374
   3991.9   0.23377
   3994.9   0.23378
   3998.0   0.23378
   4001.1   0.23381
   4004.2   0.23383
   4007.3   0.23386
   4010.4   0.23387
   4013.5   0.23389
   4016.6   0.23390
   4019.7   0.23392
   4022.8   0.23394
   4025.9   0.23398
   4029.1   0.23398
   4032.2   0.23399
   4035.3   0.23402
   4038.5   0.23405
   4041.6   0.23406
   4044.8   0.23409
   4047.9   0.23408
   4051.1   0.23408
   4054.3   0.23409
   4057.4   0.23412
   4060.6   0.23413
   4063.8   0.23418
   4067.0   0.23419
   4070.2   0.23420
   4073.4   0.23421
   4076.6   0.23425
   4079.8   0.23425
   4083.0   0.23428
   4086.2   0.23429
   4089.4   0.23429
   4092.7   0.23427
   4095.9   0.23426
   4099.1   0.23427
   4102.4   0.23430
   4105.6   0.23432
   4108.9   0.23431
   4112.1   0.23431
   4115.4   0.23434
   4118.7   0.23433
   4122.0   0.23435
   4125.2   0.23436
   4128.5   0.23436
   4131.8   0.23437
   4135.1   0.23439
   4138.4   0.23439
   4141.7   0.23442
   4145.0   0.23442
   4148.3   0.23442
   4151.6   0.23443
   4155.0   0.23446
   4158.3   0.23444
   4161.6   0.23444
   4165.0   0.23444
   4168.3   0.23447
   4171.7   0.23445
   4175.0   0.23443
   4178.4   0.23444
   4181.8   0.23446
   4185.2   0.23446
   4188.5   0.23446
   4191.9   0.23443
   4195.3   0.23441
   4198.7   0.23440
   4202.1   0.23441
   4205.5   0.23439
   4208.9   0.23437
   4212.4   0.23432
   4215.8   0.23431
   4219.2   0.23429
   4222.6   0.23428
   4226.1   0.23424
   4229.5   0.23423
   4233.0   0.23419
   4236.5   0.23414
   4239.9   0.23408
   4243.4   0.23407
   4246.9   0.23403
   4250.3   0.23402
   4253.8   0.23399
   4257.3   0.23397
   4260.8   0.23390
   4264.3   0.23382
   4267.8   0.23375
   4271.3   0.23372
   4274.9   0.23365
   4278.4   0.23360
   4281.9   0.23351
   4285.5   0.23344
   4289.0   0.23335
   4292.6   0.23327
   4296.1   0.23317
   4299.7   0.23310
   4303.3   0.23301
   4306.8   0.23293
   4310.4   0.23282
   4314.0   0.23272
   4317.6   0.23260
   4321.2   0.23253
   4324.8   0.23243
   4328.4   0.23233
   4332.0   0.23221
   4335.6   0.23212
   4339.3   0.23203
   4342.9   0.23193
   4346.5   0.23184
   4350.2   0.23176
   4353.8   0.23165
   4357.5   0.23156
   4361.1   0.23147
   4364.8   0.23139
   4368.5   0.23128
   4372.2   0.23119
   4375.9   0.23109
   4379.6   0.23102
   4383.3   0.23092
   4387.0   0.23084
   4390.7   0.23075
   4394.4   0.23068
   4398.1   0.23060
   4401.9   0.23054
   4405.6   0.23044
   4409.4   0.23037
   4413.1   0.23030
   4416.9   0.23025
   4420.6   0.23017
   4424.4   0.23010
   4428.2   0.23003
   4432.0   0.22998
   4435.8   0.22993
   4439.6   0.22989
   4443.4   0.22979
   4447.2   0.22973
   4451.0   0.22968
   4454.8   0.22964
   4458.6   0.22956
   4462.5   0.22949
   4466.3   0.22940
   4470.2   0.22930
   4474.0   0.22919
   4477.9   0.22908
   4481.8   0.22896
   4485.6   0.22889
   4489.5   0.22879
   4493.4   0.22866
   4497.3   0.22854
   4501.2   0.22843
   4505.1   0.22829
   4509.0   0.22816
   4513.0   0.22800
   4516.9   0.22786
   4520.9   0.22771
   4524.8   0.22754
   4528.7   0.22735
   4532.7   0.22720
   4536.7   0.22701
   4540.6   0.22685
   4544.6   0.22666
   4548.6   0.22646
   4552.6   0.22623
   4556.6   0.22604
   4560.6   0.22584
   4564.6   0.22563
   4568.6   0.22540
   4572.7   0.22517
   4576.7   0.22492
   4580.8   0.22468
   4584.8   0.22440
   4588.9   0.22416
   4592.9   0.22389
   4597.0   0.22365
   4601.1   0.22334
   4605.2   0.22305
   4609.3   0.22274
   4613.4   0.22245
   4617.5   0.22210
   4621.6   0.22178
   4625.7   0.22143
   4629.8   0.22110
   4634.0   0.22077
   4638.1   0.22047
   4642.3   0.22013
   4646.4   0.21982
   4650.6   0.21950
   4654.8   0.21921
   4659.0   0.21889
   4663.1   0.21858
   4667.3   0.21825
   4671.5   0.21796
   4675.8   0.21764
   4680.0   0.21731
   4684.2   0.21697
   4688.4   0.21667
   4692.7   0.21635
   4696.9   0.21604
   4701.2   0.21571
   4705.5   0.21540
   4709.7   0.21505
   4714.0   0.21472
   4718.3   0.21439
   4722.6   0.21407
   4726.9   0.21373
   4731.2   0.21342
   4735.5   0.21311
   4739.9   0.21281
   4744.2   0.21246
   4748.5   0.21216
   4752.9   0.21183
   4757.3   0.21152
   4761.6   0.21121
   4766.0   0.21092
   4770.4   0.21058
   4774.8   0.21028
   4779.2   0.20998
   4783.6   0.20970
   4788.0   0.20939
   4792.4   0.20909
   4796.9   0.20875
   4801.3   0.20844
   4805.8   0.20811
   4810.2   0.20778
   4814.7   0.20741
   4819.1   0.20707
   4823.6   0.20672
   4828.1   0.20640
   4832.6   0.20604
   4837.1   0.20569
   4841.6   0.20533
   4846.2   0.20497
   4850.7   0.20458
   4855.3   0.20421
   4859.8   0.20380
   4864.4   0.20343
   4868.9   0.20305
   4873.5   0.20267
   4878.1   0.20227
   4882.7   0.20189
   4887.3   0.20150
   4891.9   0.20111
   4896.5   0.20069
   4901.1   0.20030
   4905.8   0.19986
   4910.4   0.19946
   4915.1   0.19903
   4919.7   0.19858
   4924.4   0.19810
   4929.1   0.19768
   4933.8   0.19726
   4938.5   0.19684
   4943.2   0.19638
   4947.9   0.19593
   4952.6   0.19549
   4957.4   0.19508
   4962.1   0.19462
   4966.9   0.19414
   4971.6   0.19367
   4976.4   0.19324
   4981.2   0.19278
   4986.0   0.19229
   4990.8   0.19182
   4995.6   0.19137
   5000.4   0.19091
   5005.2   0.19046
   5010.0   0.18998
   5014.9   0.18953
   5019.8   0.18906
   5024.6   0.18861
   5029.5   0.18814
   5034.4   0.18768
   5039.3   0.18718
   5044.2   0.18672
   5049.1   0.18624
   5054.0   0.18577
   5058.9   0.18529
   5063.9   0.18486
   5068.8   0.18442
   5073.8   0.18397
   5078.8   0.18351
   5083.7   0.18310
   5088.7   0.18261
   5093.7   0.18214
   5098.7   0.18167
   5103.7   0.18121
   5108.8   0.18072
   5113.8   0.18022
   5118.9   0.17970
   5123.9   0.17918
   5129.0   0.17864
   5134.1   0.17812
   5139.1   0.17759
   5144.3   0.17707
   5149.4   0.17653
   5154.5   0.17598
   5159.6   0.17543
   5164.7   0.17494
   5169.9   0.17444
   5175.0   0.17396
   5180.2   0.17347
   5185.4   0.17301
   5190.6   0.17255
   5195.8   0.17214
   5201.0   0.17172
   5206.2   0.17129
   5211.5   0.17091
   5216.7   0.17052
   5222.0   0.17004
   5227.2   0.16962
   5232.5   0.16922
   5237.8   0.16880
   5243.1   0.16837
   5248.4   0.16795
   5253.7   0.16753
   5259.0   0.16713
   5264.4   0.16669
   5269.7   0.16628
   5275.1   0.16587
   5280.5   0.16548
   5285.8   0.16508
   5291.2   0.16474
   5296.6   0.16435
   5302.0   0.16398
   5307.5   0.16360
   5312.9   0.16328
   5318.4   0.16298
   5323.8   0.16266
   5329.3   0.16234
   5334.8   0.16207
   5340.3   0.16176
   5345.8   0.16148
   5351.3   0.16116
   5356.8   0.16076
   5362.4   0.16034
   5367.9   0.15994
   5373.5   0.15953
   5379.0   0.15912
   5384.6   0.15870
   5390.2   0.15830
   5395.8   0.15787
   5401.5   0.15748
   5407.1   0.15710
   5412.7   0.15677
   5418.4   0.15648
   5424.1   0.15622
   5429.7   0.15583
   5435.4   0.15549
   5441.1   0.15520
   5446.9   0.15496
   5452.6   0.15473
   5458.3   0.15457
   5464.1   0.15451
   5469.8   0.15438
   5475.6   0.15424
   5481.4   0.15420
   5487.2   0.15409
   5493.0   0.15403
   5498.8   0.15399
   5504.7   0.15399
   5510.5   0.15395
   5516.4   0.15393
   5522.3   0.15392
   5528.1   0.15391
   5534.0   0.15384
   5540.0   0.15381
   5545.9   0.15377
   5551.8   0.15374
   5557.8   0.15365
   5563.7   0.15351
   5569.7   0.15335
   5575.7   0.15330
   5581.7   0.15311
   5587.7   0.15277
   5593.7   0.15245
   5599.8   0.15221
   5605.8   0.15192
   5611.9   0.15163
   5618.0   0.15130
   5624.1   0.15096
   5630.2   0.15060
   5636.3   0.15034
   5642.4   0.15011
   5648.6   0.14972
   5654.7   0.14933
   5660.9   0.14897
   5667.1   0.14860
   5673.3   0.14837
   5679.5   0.14809
   5685.7   0.14781
   5692.0   0.14760
   5698.2   0.14732
   5704.5   0.14704
   5710.8   0.14690
   5717.1   0.14658
   5723.4   0.14622
   5729.7   0.14582
   5736.0   0.14551
   5742.4   0.14517
   5748.8   0.14481
   5755.1   0.14429
   5761.5   0.14395
   5768.0   0.14362
   5774.4   0.14296
   5780.8   0.14226
   5787.3   0.14164
   5793.7   0.14105
   5800.2   0.14050
   5806.7   0.13989
   5813.2   0.13937
   5819.8   0.13891
   5826.3   0.13833
   5832.8   0.13754
   5839.4   0.13682
   5846.0   0.13611
   5852.6   0.13551
   5859.2   0.13494
   5865.8   0.13439
   5872.5   0.13379
   5879.1   0.13343
   5885.8   0.13273
   5892.5   0.13203
   5899.2   0.13140
   5905.9   0.13054
   5912.6   0.12983
   5919.4   0.12922
   5926.2   0.12862
   5932.9   0.12822
   5939.7   0.12763
   5946.5   0.12675
   5953.4   0.12599
   5960.2   0.12533
   5967.1   0.12476
   5974.0   0.12412
   5980.8   0.12346
   5987.8   0.12293
   5994.7   0.12228
   6001.6   0.12163
   6008.6   0.12115
   6015.5   0.12076
   6022.5   0.12023
   6029.5   0.11979
   6036.5   0.11945
   6043.6   0.11940
   6050.6   0.11936
   6057.7   0.11882
   6064.8   0.11845
   6071.9   0.11839
   6079.0   0.11816
   6086.1   0.11780
   6093.3   0.11753
   6100.5   0.11733
   6107.6   0.11725
   6114.9   0.11720
   6122.1   0.11682
   6129.3   0.11645
   6136.5   0.11621
   6143.8   0.11603
   6151.1   0.11579
   6158.4   0.11563
   6165.7   0.11540
   6173.1   0.11516
   6180.4   0.11507
   6187.8   0.11499
   6195.2   0.11466
   6202.6   0.11446
   6210.0   0.11435
   6217.5   0.11424
   6225.0   0.11409
   6232.4   0.11398
   6239.9   0.11386
   6247.5   0.11372
   6255.0   0.11358
   6262.5   0.11349
   6270.1   0.11337
   6277.7   0.11326
   6285.3   0.11312
   6292.9   0.11300
   6300.6   0.11290
   6308.3   0.11281
   6315.9   0.11273
   6323.6   0.11268
   6331.4   0.11266
   6339.1   0.11278
   6346.9   0.11287
   6354.6   0.11272
   6362.4   0.11266
   6370.3   0.11277
   6378.1   0.11275
   6385.9   0.11269
   6393.8   0.11269
   6401.7   0.11273
   6409.6   0.11296
   6417.6   0.11304
   6425.5   0.11270
   6433.5   0.11247
   6441.5   0.11225
   6449.5   0.11202
   6457.5   0.11176
   6465.6   0.11156
   6473.6   0.11141
   6481.7   0.11128
   6489.8   0.11123
   6498.0   0.11101
   6506.1   0.11049
   6514.3   0.11019
   6522.5   0.11001
   6530.7   0.10970
   6538.9   0.10942
   6547.2   0.10921
   6555.5   0.10899
   6563.8   0.10879
   6572.1   0.10862
   6580.4   0.10827
   6588.8   0.10787
   6597.2   0.10758
   6605.6   0.10726
   6614.0   0.10699
   6622.5   0.10676
   6630.9   0.10670
   6639.4   0.10660
   6647.9   0.10617
   6656.5   0.10577
   6665.0   0.10559
   6673.6   0.10547
   6682.2   0.10535
   6690.8   0.10509
   6699.5   0.10488
   6708.1   0.10479
   6716.8   0.10463
   6725.5   0.10438
   6734.3   0.10415
   6743.0   0.10389
   6751.8   0.10363
   6760.6   0.10332
   6769.4   0.10306
   6778.3   0.10282
   6787.1   0.10261
   6796.0   0.10224
   6805.0   0.10181
   6813.9   0.10150
   6822.9   0.10124
   6831.9   0.10091
   6840.9   0.10057
   6849.9   0.10028
   6859.0   0.10012
   6868.0   0.09985
   6877.2   0.09938
   6886.3   0.09901
   6895.5   0.09869
   6904.6   0.09835
   6913.8   0.09801
   6923.1   0.09765
   6932.3   0.09727
   6941.6   0.09687
   6950.9   0.09653
   6960.2   0.09622
   6969.6   0.09574
   6979.0   0.09519
   6988.4   0.09475
   6997.8   0.09429
   7007.3   0.09383
   7016.8   0.09336
   7026.3   0.09286
   7035.8   0.09238
   7045.4   0.09201
   7054.9   0.09147
   7064.5   0.09092
   7074.2   0.09038
   7083.9   0.08983
   7093.5   0.08929
   7103.3   0.08881
   7113.0   0.08829
   7122.8   0.08779
   7132.6   0.08724
   7142.4   0.08672
   7152.2   0.08615
   7162.1   0.08561
   7172.0   0.08504
   7182.0   0.08439
   7191.9   0.08373
   7201.9   0.08314
   7211.9   0.08250
   7222.0   0.08183
   7232.0   0.08117
   7242.1   0.08050
   7252.3   0.07982
   7262.4   0.07914
   7272.6   0.07847
   7282.8   0.07779
   7293.1   0.07705
   7303.3   0.07634
   7313.6   0.07560
   7324.0   0.07487
   7334.3   0.07413
   7344.7   0.07334
   7355.1   0.07248
   7365.6   0.07166
   7376.1   0.07079
   7386.6   0.06995
   7397.1   0.06908
   7407.7   0.06824
   7418.3   0.06735
   7428.9   0.06645
   7439.6   0.06554
   7450.3   0.06466
   7461.0   0.06373
   7471.7   0.06282
   7482.5   0.06186
   7493.3   0.06093
   7504.2   0.05998
   7515.0   0.05906
   7525.9   0.05807
   7536.9   0.05710
   7547.9   0.05610
   7558.9   0.05515
   7569.9   0.05415
   7581.0   0.05320
   7592.0   0.05222
   7603.2   0.05123
   7614.4   0.05021
   7625.5   0.04924
   7636.8   0.04819
   7648.0   0.04717
   7659.3   0.04609
   7670.7   0.04502
   7682.0   0.04390
   7693.4   0.04280
   7704.9   0.04169
   7716.3   0.04059
   7727.8   0.03943
   7739.4   0.03831
   7750.9   0.03717
   7762.5   0.03605
   7774.2   0.03488
   7785.8   0.03374
   7797.5   0.03254
   7809.3   0.03142
   7821.1   0.03027
   7832.9   0.02914
   7844.7   0.02797
   7856.6   0.02684
   7868.5   0.02568
   7880.5   0.02459
   7892.5   0.02346
   7904.5   0.02236
   7916.6   0.02124
   7928.7   0.02019
   7940.8   0.01913
   7953.0   0.01812
   7965.2   0.01709
   7977.5   0.01614
   7989.8   0.01522
   8002.1   0.01438
   8014.5   0.01353
   8026.9   0.01275
   8039.3   0.01199
   8051.8   0.01133
   8064.3   0.01069
   8076.9   0.01013
   8089.5   0.00955
   8102.1   0.00909
   8114.8   0.00864
   8127.5   0.00827
   8140.3   0.00791
   8153.1   0.00767
   8165.9   0.00746
   8178.8   0.00731
   8191.7   0.00716
   8204.7   0.00710
   8217.7   0.00707
   8230.7   0.00713
   8243.8   0.00719
   8257.0   0.00733
   8270.1   0.00745
   8283.3   0.00763
   8296.6   0.00783
   8309.9   0.00810
   8323.2   0.00833
   8336.6   0.00856
   8350.0   0.00877
   8363.5   0.00903
   8377.0   0.00923
   8390.5   0.00946
   8404.2   0.00964
   8417.8   0.00982
   8431.5   0.00998
   8445.2   0.01018
   8459.0   0.01033
   8472.8   0.01048
   8486.7   0.01057
   8500.6   0.01071
   8514.5   0.01076
   8528.5   0.01086
   8542.6   0.01093
   8556.7   0.01100
   8570.8   0.01108
   8585.0   0.01125
   8599.3   0.01133
   8613.5   0.01141
   8627.9   0.01150
   8642.3   0.01159
   8656.7   0.01162
   8671.2   0.01167
   8685.7   0.01169
   8700.3   0.01174
   8714.9   0.01179
   8729.5   0.01187
   8744.3   0.01189
   8759.0   0.01192
   8773.9   0.01192
   8788.7   0.01201
   8803.7   0.01202
   8818.6   0.01205
   8833.7   0.01206
   8848.7   0.01211
   8863.8   0.01210
   8879.0   0.01213
   8894.3   0.01214
   8909.5   0.01218
   8924.9   0.01218
   8940.3   0.01223
   8955.7   0.01223
   8971.2   0.01226
   8986.8   0.01227
   9002.3   0.01230
   9018.0   0.01227
   9033.7   0.01230
   9049.5   0.01227
   9065.3   0.01230
   9081.2   0.01225
   9097.1   0.01220
   9113.1   0.01212
   9129.1   0.01212
   9145.2   0.01207
   9161.4   0.01198
   9177.6   0.01186
   9193.9   0.01186
   9210.2   0.01182
   9226.6   0.01182
   9243.0   0.01182
   9259.5   0.01189
   9276.1   0.01191
   9292.7   0.01191
   9309.4   0.01189
   9326.2   0.01197
   9343.0   0.01202
   9359.8   0.01208
   9376.8   0.01208
   9393.8   0.01216
   9410.8   0.01219
   9427.9   0.01228
   9445.1   0.01232
   9462.3   0.01243
   9479.6   0.01255
   9497.0   0.01263
   9514.4   0.01269
   9531.9   0.01281
   9549.4   0.01293
   9567.0   0.01305
   9584.7   0.01310
   9602.5   0.01320
   9620.3   0.01330
   9638.2   0.01340
   9656.1   0.01345
   9674.2   0.01353
   9692.2   0.01354
   9710.4   0.01359
   9728.6   0.01366
   9746.9   0.01375
   9765.2   0.01380
   9783.7   0.01385
   9802.2   0.01385
   9820.7   0.01383
   9839.4   0.01381
   9858.1   0.01387
   9876.8   0.01386
   9895.7   0.01391
   9914.6   0.01393
   9933.6   0.01398
   9952.7   0.01402
   9971.8   0.01407
   9991.0   0.01410
  10010.3   0.01422
  10029.7   0.01428
  10049.1   0.01440
  10068.6   0.01450
  10088.2   0.01465
  10107.9   0.01474
  10127.6   0.01481
  10147.5   0.01481
  10167.3   0.01490
  10187.3   0.01494
  10207.4   0.01504
  10227.5   0.01516
  10247.7   0.01530
  10268.0   0.01542
  10288.4   0.01567
  10308.8   0.01590
  10329.4   0.01608
  10350.0   0.01623
  10370.7   0.01646
  10391.5   0.01666
  10412.3   0.01689
  10433.3   0.01705
  10454.3   0.01720
  10475.4   0.01735
  10496.7   0.01751
  10517.9   0.01759
  10539.3   0.01773
  10560.8   0.01785
  10582.3   0.01800
  10604.0   0.01806
  10625.7   0.01819
  10647.5   0.01829
  10669.4   0.01840
  10691.4   0.01846
  10713.5   0.01858
  10735.7   0.01873
  10758.0   0.01891
  10780.3   0.01901
  10802.8   0.01907
  10825.4   0.01909
  10848.0   0.01915
  10870.8   0.01912
  10893.6   0.01909
  10916.5   0.01905
  10939.5   0.01908
  10962.7   0.01905
  10985.9   0.01900
  11009.2   0.01893
  11032.7   0.01904
  11056.2   0.01909
  11079.8   0.01910
  11103.5   0.01913
  11127.4   0.01922
  11151.3   0.01925
  11175.3   0.01935
  11199.5   0.01945
  11223.7   0.01959
  11248.0   0.01966
  11272.5   0.01977
  11297.1   0.01988
  11321.7   0.02005
  11346.5   0.02022
  11371.4   0.02039
  11396.4   0.02048
  11421.5   0.02061
  11446.7   0.02077
  11472.0   0.02089
  11497.5   0.02091
  11523.0   0.02104
  11548.7   0.02116
  11574.4   0.02129
  11600.3   0.02143
  11626.3   0.02150
  11652.5   0.02151
  11678.7   0.02164
  11705.1   0.02179
  11731.6   0.02202
  11758.2   0.02221
  11784.9   0.02239
  11811.7   0.02240
  11838.7   0.02252
  11865.8   0.02270
  11893.0   0.02290
  11920.3   0.02299
  11947.8   0.02318
  11975.4   0.02337
  12003.1   0.02360
  12031.0   0.02391
  12059.0   0.02418
  12087.1   0.02436
  12115.3   0.02465
  12143.7   0.02485
  12172.2   0.02500
  12200.8   0.02510
  12229.6   0.02526
  12258.5   0.02535
  12287.6   0.02531
  12316.8   0.02519
  12346.1   0.02510
  12375.5   0.02482
  12405.2   0.02457
  12434.9   0.02428
  12464.8   0.02392
  12494.8   0.02348
  12525.0   0.02303
  12555.3   0.02253
  12585.8   0.02201
  12616.4   0.02146
  12647.2   0.02103
  12678.1   0.02046
  12709.2   0.01983
  12740.4   0.01917
  12771.8   0.01851
  12803.3   0.01784
  12835.0   0.01727
  12866.9   0.01682
  12898.9   0.01652
  12931.1   0.01617
  12963.4   0.01600
  12995.9   0.01582
  13028.5   0.01558
  13061.3   0.01534
  13094.3   0.01521
  13127.5   0.01507
  13160.8   0.01499
  13194.3   0.01490
  13228.0   0.01496
  13261.8   0.01499
  13295.8   0.01499
  13330.0   0.01504
  13364.3   0.01513
  13398.8   0.01505
  13433.6   0.01487
  13468.5   0.01466
  13503.5   0.01447
  13538.8   0.01427
  13574.2   0.01411
  13609.9   0.01393
  13645.7   0.01385
  13681.7   0.01386
  13717.9   0.01397
  13754.3   0.01407
  13790.8   0.01420
  13827.6   0.01430
  13864.6   0.01450
  13901.8   0.01463
  13939.2   0.01466
  13976.7   0.01471
  14014.5   0.01467
  14052.5   0.01445
  14090.7   0.01427
  14129.0   0.01407
  14167.6   0.01390
  14206.5   0.01361
  14245.5   0.01345
  14284.7   0.01328
  14324.2   0.01310
  14363.9   0.01285
  14403.8   0.01271
  14443.9   0.01260
  14484.3   0.01250
  14524.8   0.01244
  14565.6   0.01238
  14606.7   0.01230
  14647.9   0.01230
  14689.4   0.01214
  14731.2   0.01210
  14773.1   0.01207
  14815.3   0.01207
  14857.8   0.01204
  14900.5   0.01201
  14943.4   0.01203
  14986.6   0.01217
  15030.0   0.01233
  15073.7   0.01256
  15117.7   0.01271
  15161.9   0.01293
  15206.3   0.01297
  15251.1   0.01306
  15296.1   0.01307
  15341.3   0.01308
  15386.8   0.01306
  15432.6   0.01309
  15478.7   0.01317
  15525.0   0.01324
  15571.7   0.01323
  15618.6   0.01327
  15665.8   0.01342
  15713.2   0.01361
  15761.0   0.01358
  15809.0   0.01359
  15857.4   0.01366
  15906.0   0.01378
  15955.0   0.01392
  16004.2   0.01413
  16053.8   0.01424
  16103.6   0.01421
  16153.8   0.01406
  16204.3   0.01406
  16255.1   0.01403
  16306.2   0.01397
  16357.6   0.01392
  16409.4   0.01407
  16461.5   0.01425
  16513.9   0.01445
  16566.7   0.01459
  16619.8   0.01477
  16673.2   0.01493
  16727.0   0.01518
  16781.1   0.01536
  16835.6   0.01558
  16890.5   0.01574
  16945.7   0.01603
  17001.2   0.01632
  17057.2   0.01655
  17113.4   0.01656
  17170.1   0.01658
  17227.2   0.01649
  17284.6   0.01636
  17342.4   0.01611
  17400.6   0.01608
  17459.2   0.01603
  17518.2   0.01606
  17577.5   0.01622
  17637.3   0.01648
  17697.5   0.01667
  17758.1   0.01685
  17819.2   0.01672
  17880.6   0.01673
  17942.5   0.01675
  18004.8   0.01673
  18067.5   0.01671
  18130.7   0.01682
  18194.3   0.01673
  18258.4   0.01690
  18322.9   0.01726
  18387.9   0.01765
  18453.3   0.01795
  18519.2   0.01830
  18585.6   0.01850
  18652.4   0.01853
  18719.8   0.01837
  18787.6   0.01848
  18855.9   0.01858
  18924.7   0.01852
  18994.1   0.01830
  19063.9   0.01838
  19134.2   0.01848
  19205.1   0.01855
  19276.5   0.01850
  19348.4   0.01841
  19420.9   0.01847
  19493.9   0.01854
  19567.5   0.01849
  19641.6   0.01851
  19716.3   0.01853
  19791.5   0.01874
  19867.3   0.01849
  19943.8   0.01844
  20020.8   0.01828
  20098.4   0.01798
  20176.6   0.01757
  20255.4   0.01729
  20334.8   0.01710
  20414.9   0.01693
  20495.6   0.01689
  20576.9   0.01717
  20658.9   0.01727
  20741.5   0.01722
  20824.8   0.01718
  20908.8   0.01740
  20993.4   0.01751
  21078.8   0.01757
  21164.8   0.01748
  21251.6   0.01747
  21339.0   0.01742
  21427.2   0.01761
  21516.1   0.01770
  21605.8   0.01780
  21696.2   0.01789
  21787.3   0.01798
  21879.3   0.01787
  21972.0   0.01793
  22065.5   0.01770
  22159.8   0.01732
  22254.9   0.01727
  22350.8   0.01726
  22447.5   0.01707
  22545.1   0.01688
  22643.6   0.01685
  22742.9   0.01689
  22843.1   0.01711
  22944.2   0.01719
  23046.2   0.01719
  23149.0   0.01768
  23252.8   0.01839
  23357.6   0.01849
  23463.3   0.01834
  23569.9   0.01823
  23677.6   0.01833
  23786.2   0.01830
  23895.8   0.01839
  24006.4   0.01843
  24118.1   0.01868
  24230.8   0.01860
  24344.5   0.01884
  24459.4   0.01890
  24575.3   0.01895
  24692.3   0.01919
  24810.4   0.01924
  24929.7   0.01928
  25050.2   0.01942
  25171.8   0.01926
  25294.6   0.01922
  25418.6   0.01969
  25543.8   0.02037
  25670.2   0.02047
  25797.9   0.02049
  25926.9   0.02087
  26057.2   0.02136
  26188.8   0.02137
  26321.8   0.02146
  26456.0   0.02176
  26591.7   0.02169
  26728.8   0.02136
  26867.3   0.02156
  27007.2   0.02184
  27148.6   0.02217
  27291.5   0.02242
  27435.9   0.02234
  27581.8   0.02261
  27729.3   0.02260
  27878.4   0.02221
  28029.1   0.02205
  28181.4   0.02214
  28335.4   0.02214
  28491.1   0.02213
  28648.5   0.02253
  28807.7   0.02324
  28968.6   0.02392
  29131.4   0.02405
  29296.0   0.02409
  29462.4   0.02433
  29630.8   0.02421
  29801.1   0.02407
  29973.3   0.02452
  30147.6   0.02426
  30323.9   0.02384
  30502.3   0.02361
  30682.8   0.02351
  30865.4   0.02324
  31050.2   0.02308
  31237.3   0.02316
  31426.6   0.02357
  31618.2   0.02400
  31812.2   0.02379
  32008.6   0.02318
  32207.4   0.02299
  32408.7   0.02353
  32612.5   0.02382
  32818.9   0.02417
  33027.9   0.02480
  33239.6   0.02511
  33454.1   0.02534
  33671.3   0.02547
  33891.4   0.02498
  34114.4   0.02470
  34340.3   0.02597
  34569.2   0.02674
  34801.3   0.02541
  35036.4   0.02408
  35274.7   0.02445
  35516.4   0.02476
  35761.3   0.02465
  36009.6   0.02523
  36261.4   0.02508
  36516.8   0.02457
  36775.8   0.02443
  37038.5   0.02364
  37304.9   0.02318
  37575.3   0.02306
  37849.5   0.02284
  38127.9   0.02281
  38410.3   0.02255
  38696.9   0.02140
  38987.9   0.02053
  39283.2   0.02026
  39583.1   0.02120
  39887.6   0.02091
  40196.8   0.02073
  40510.8   0.02202
  40829.8   0.02265
  41153.9   0.02184
  41483.1   0.02170
  41817.6   0.02235
  42157.6   0.02247
  42503.2   0.02248
  42854.4   0.02266
  43211.6   0.02242
  43574.7   0.02389
  43944.0   0.02587
  44319.6   0.02348
  44701.6   0.02379
  45090.3   0.02456
  45485.9   0.02377
  45888.4   0.02344
  46298.1   0.02276
  46715.2   0.02332
  47139.9   0.02286
  47572.4   0.02215
  48012.9   0.02411
  48461.6   0.02606
  48918.8   0.02739
  49384.7   0.02689
  49859.5   0.02616
  50343.6   0.02852
  50837.2   0.02864
  51340.5   0.02598
  51853.9   0.02533
  52377.7   0.02628
  52912.2   0.02663
  53457.6   0.02838
  54014.5   0.02427
  54583.1   0.02301
  55163.7   0.02491
  55756.9   0.02473
  56363.0   0.02502
  56982.3   0.02205
  57615.5   0.02089
  58262.8   0.02363
  58924.9   0.02936
  59602.2   0.02855
  60295.3   0.02692
  61004.6   0.02642
  61730.9   0.02728
  62474.6   0.02844
  63236.5   0.02867
  64017.2   0.02396
  64817.4   0.02623
  65637.9   0.02965
  66479.4   0.02184
  67342.8   0.01850
  68228.9   0.02042
  69138.6   0.02404
  70072.9   0.02719
  71032.8   0.02767
  72019.4   0.03284
  73033.8   0.03111
  74077.1   0.02393
  75150.7   0.01917
  76255.8   0.01731
  77394.0   0.02187
  78566.6   0.02447
  79775.4   0.03421
  81021.9   0.03587
  82307.9   0.06365
  83635.5   0.07058
  85006.5   0.03536
  86423.3   0.02376
  87888.1   0.02791
  89403.1   0.04219
  90971.5   0.05143
  92596.0   0.04823
  94279.6   0.02856
  96025.5   0.01823
  97837.3   0.00893
  99718.8   0.00784



 BIR1LS114           .ASC                        

 LS-GJT-114                                                              
 Lunar soil 66031,66 <150 um                                             
 Connected at 3.2 & 22.0 um                                              

 Source Ang: 30.00   Detect Ang:  0.00  Volt: 1.222
 Date: 24-AUG-12   Time: 15:16:43
