  6171
    833.3   0.17706
    833.5   0.17586
    833.6   0.17466
    833.7   0.17503
    833.9   0.17590
    834.0   0.17562
    834.1   0.17453
    834.3   0.17403
    834.4   0.17407
    834.5   0.17421
    834.7   0.17492
    834.8   0.17555
    835.0   0.17454
    835.1   0.17357
    835.2   0.17375
    835.3   0.17361
    835.5   0.17409
    835.6   0.17448
    835.8   0.17440
    835.9   0.17432
    836.0   0.17428
    836.2   0.17442
    836.3   0.17475
    836.4   0.17493
    836.6   0.17533
    836.7   0.17474
    836.8   0.17448
    837.0   0.17567
    837.1   0.17588
    837.2   0.17457
    837.4   0.17482
    837.5   0.17586
    837.6   0.17529
    837.8   0.17487
    837.9   0.17456
    838.0   0.17384
    838.2   0.17375
    838.3   0.17442
    838.5   0.17425
    838.6   0.17407
    838.7   0.17416
    838.9   0.17413
    839.0   0.17377
    839.1   0.17274
    839.3   0.17337
    839.4   0.17378
    839.5   0.17277
    839.7   0.17338
    839.8   0.17435
    840.0   0.17414
    840.1   0.17439
    840.2   0.17515
    840.4   0.17481
    840.5   0.17417
    840.6   0.17361
    840.8   0.17338
    840.9   0.17414
    841.0   0.17479
    841.2   0.17440
    841.3   0.17496
    841.5   0.17489
    841.6   0.17439
    841.7   0.17459
    841.9   0.17562
    842.0   0.17635
    842.1   0.17479
    842.3   0.17434
    842.4   0.17404
    842.5   0.17254
    842.7   0.17240
    842.8   0.17383
    843.0   0.17572
    843.1   0.17543
    843.2   0.17359
    843.4   0.17311
    843.5   0.17403
    843.6   0.17397
    843.8   0.17392
    843.9   0.17378
    844.0   0.17368
    844.2   0.17344
    844.3   0.17246
    844.5   0.17263
    844.6   0.17324
    844.7   0.17357
    844.9   0.17331
    845.0   0.17284
    845.2   0.17300
    845.3   0.17390
    845.4   0.17521
    845.6   0.17523
    845.7   0.17513
    845.8   0.17517
    846.0   0.17466
    846.1   0.17504
    846.3   0.17486
    846.4   0.17477
    846.5   0.17455
    846.7   0.17359
    846.8   0.17318
    847.0   0.17388
    847.1   0.17397
    847.2   0.17398
    847.4   0.17363
    847.5   0.17341
    847.6   0.17395
    847.8   0.17422
    847.9   0.17390
    848.1   0.17426
    848.2   0.17460
    848.3   0.17375
    848.5   0.17384
    848.6   0.17467
    848.8   0.17439
    848.9   0.17412
    849.0   0.17366
    849.2   0.17330
    849.3   0.17440
    849.5   0.17422
    849.6   0.17266
    849.7   0.17246
    849.9   0.17367
    850.0   0.17417
    850.1   0.17229
    850.3   0.17212
    850.4   0.17266
    850.6   0.17229
    850.7   0.17224
    850.8   0.17303
    851.0   0.17351
    851.1   0.17387
    851.3   0.17308
    851.4   0.17334
    851.5   0.17425
    851.7   0.17359
    851.8   0.17369
    852.0   0.17375
    852.1   0.17399
    852.2   0.17473
    852.4   0.17441
    852.5   0.17448
    852.7   0.17333
    852.8   0.17267
    852.9   0.17325
    853.1   0.17362
    853.2   0.17382
    853.4   0.17320
    853.5   0.17360
    853.6   0.17379
    853.8   0.17291
    853.9   0.17259
    854.1   0.17342
    854.2   0.17391
    854.3   0.17273
    854.5   0.17229
    854.6   0.17282
    854.8   0.17330
    854.9   0.17284
    855.0   0.17333
    855.2   0.17368
    855.3   0.17276
    855.5   0.17296
    855.6   0.17341
    855.8   0.17286
    855.9   0.17255
    856.0   0.17270
    856.2   0.17286
    856.3   0.17260
    856.5   0.17307
    856.6   0.17374
    856.8   0.17436
    856.9   0.17415
    857.0   0.17323
    857.2   0.17263
    857.3   0.17254
    857.5   0.17305
    857.6   0.17388
    857.7   0.17369
    857.9   0.17355
    858.0   0.17293
    858.2   0.17260
    858.3   0.17292
    858.5   0.17365
    858.6   0.17293
    858.7   0.17329
    858.9   0.17382
    859.0   0.17372
    859.2   0.17433
    859.3   0.17333
    859.4   0.17244
    859.6   0.17223
    859.7   0.17239
    859.9   0.17259
    860.0   0.17271
    860.2   0.17302
    860.3   0.17366
    860.4   0.17401
    860.6   0.17388
    860.7   0.17365
    860.9   0.17315
    861.0   0.17285
    861.2   0.17268
    861.3   0.17250
    861.4   0.17283
    861.6   0.17358
    861.7   0.17402
    861.9   0.17361
    862.0   0.17314
    862.2   0.17360
    862.3   0.17312
    862.5   0.17276
    862.6   0.17309
    862.7   0.17371
    862.9   0.17366
    863.0   0.17387
    863.2   0.17367
    863.3   0.17375
    863.5   0.17342
    863.6   0.17312
    863.7   0.17299
    863.9   0.17254
    864.0   0.17246
    864.2   0.17260
    864.3   0.17257
    864.5   0.17284
    864.6   0.17266
    864.8   0.17178
    864.9   0.17209
    865.0   0.17253
    865.2   0.17257
    865.3   0.17262
    865.5   0.17260
    865.6   0.17202
    865.8   0.17090
    865.9   0.17109
    866.0   0.17194
    866.2   0.17195
    866.3   0.17129
    866.5   0.17139
    866.6   0.17168
    866.8   0.17225
    866.9   0.17298
    867.1   0.17283
    867.2   0.17314
    867.3   0.17250
    867.5   0.17260
    867.6   0.17280
    867.8   0.17245
    867.9   0.17335
    868.1   0.17335
    868.2   0.17253
    868.4   0.17323
    868.5   0.17406
    868.7   0.17275
    868.8   0.17124
    869.0   0.17128
    869.1   0.17246
    869.2   0.17302
    869.4   0.17286
    869.5   0.17326
    869.7   0.17299
    869.8   0.17249
    870.0   0.17221
    870.1   0.17192
    870.3   0.17195
    870.4   0.17160
    870.6   0.17105
    870.7   0.17086
    870.8   0.17148
    871.0   0.17289
    871.1   0.17220
    871.3   0.17112
    871.4   0.17119
    871.6   0.17162
    871.7   0.17242
    871.9   0.17186
    872.0   0.17146
    872.2   0.17165
    872.3   0.17201
    872.5   0.17180
    872.6   0.17184
    872.8   0.17232
    872.9   0.17254
    873.0   0.17275
    873.2   0.17348
    873.3   0.17305
    873.5   0.17264
    873.6   0.17290
    873.8   0.17255
    873.9   0.17236
    874.1   0.17268
    874.2   0.17204
    874.4   0.17230
    874.5   0.17346
    874.7   0.17324
    874.8   0.17123
    875.0   0.17051
    875.1   0.17058
    875.3   0.17067
    875.4   0.17128
    875.5   0.17177
    875.7   0.17230
    875.8   0.17258
    876.0   0.17233
    876.2   0.17183
    876.3   0.17133
    876.4   0.17163
    876.6   0.17210
    876.7   0.17165
    876.9   0.17112
    877.0   0.17110
    877.2   0.17160
    877.3   0.17192
    877.5   0.17229
    877.6   0.17239
    877.8   0.17159
    877.9   0.17112
    878.1   0.17101
    878.2   0.17124
    878.4   0.17123
    878.5   0.17110
    878.7   0.17149
    878.8   0.17218
    879.0   0.17128
    879.1   0.17096
    879.3   0.17171
    879.4   0.17118
    879.6   0.17060
    879.7   0.17198
    879.9   0.17212
    880.0   0.17150
    880.2   0.17071
    880.3   0.17032
    880.5   0.17130
    880.6   0.17234
    880.8   0.17259
    880.9   0.17206
    881.1   0.17101
    881.2   0.17027
    881.4   0.17018
    881.5   0.17031
    881.7   0.17146
    881.8   0.17223
    882.0   0.17191
    882.1   0.17107
    882.3   0.17078
    882.4   0.17168
    882.6   0.17216
    882.7   0.17135
    882.9   0.17077
    883.0   0.17072
    883.2   0.17055
    883.3   0.17082
    883.5   0.17156
    883.6   0.17147
    883.8   0.17133
    883.9   0.17121
    884.1   0.17116
    884.2   0.17129
    884.4   0.17161
    884.5   0.17144
    884.7   0.17148
    884.8   0.17178
    885.0   0.17162
    885.1   0.17148
    885.3   0.17106
    885.4   0.17057
    885.6   0.17041
    885.7   0.17095
    885.9   0.17206
    886.0   0.17209
    886.2   0.17107
    886.3   0.17048
    886.5   0.17118
    886.6   0.17183
    886.8   0.17146
    886.9   0.17088
    887.1   0.17121
    887.2   0.17132
    887.4   0.17075
    887.5   0.17032
    887.7   0.17071
    887.8   0.17106
    888.0   0.17128
    888.2   0.17119
    888.3   0.17069
    888.5   0.17085
    888.6   0.17134
    888.8   0.17116
    888.9   0.17115
    889.1   0.17120
    889.2   0.17113
    889.4   0.17089
    889.5   0.17092
    889.7   0.17105
    889.8   0.17062
    890.0   0.17026
    890.1   0.16973
    890.3   0.16982
    890.4   0.17056
    890.6   0.17062
    890.8   0.17022
    890.9   0.17020
    891.0   0.17060
    891.2   0.17091
    891.4   0.17110
    891.5   0.17096
    891.7   0.17110
    891.8   0.17148
    892.0   0.17114
    892.1   0.17026
    892.3   0.17027
    892.4   0.17084
    892.6   0.17085
    892.7   0.17117
    892.9   0.17125
    893.0   0.17067
    893.2   0.17060
    893.4   0.17022
    893.5   0.17023
    893.7   0.17049
    893.8   0.17068
    894.0   0.17078
    894.1   0.17045
    894.3   0.17060
    894.4   0.17080
    894.6   0.17053
    894.7   0.17075
    894.9   0.17063
    895.0   0.17021
    895.2   0.16979
    895.4   0.16999
    895.5   0.17020
    895.7   0.17026
    895.8   0.17026
    896.0   0.17035
    896.1   0.17065
    896.3   0.17069
    896.4   0.17058
    896.6   0.17035
    896.8   0.17020
    896.9   0.17024
    897.1   0.17030
    897.2   0.17113
    897.4   0.17133
    897.5   0.17034
    897.7   0.16984
    897.8   0.17017
    898.0   0.17098
    898.2   0.17138
    898.3   0.17118
    898.5   0.17112
    898.6   0.17131
    898.8   0.17100
    898.9   0.17048
    899.1   0.17023
    899.2   0.17034
    899.4   0.17014
    899.6   0.17023
    899.7   0.17068
    899.9   0.17093
    900.0   0.17061
    900.2   0.16999
    900.3   0.17008
    900.5   0.17086
    900.7   0.17115
    900.8   0.17085
    901.0   0.17071
    901.1   0.17040
    901.3   0.17029
    901.4   0.17055
    901.6   0.17105
    901.8   0.17089
    901.9   0.17045
    902.1   0.16997
    902.2   0.17029
    902.4   0.17064
    902.5   0.17034
    902.7   0.17019
    902.8   0.17079
    903.0   0.17073
    903.2   0.16967
    903.3   0.16950
    903.5   0.16965
    903.6   0.16959
    903.8   0.16977
    904.0   0.16995
    904.1   0.17008
    904.3   0.17033
    904.4   0.17005
    904.6   0.16976
    904.7   0.17021
    904.9   0.17046
    905.0   0.17010
    905.2   0.16970
    905.4   0.16996
    905.5   0.16998
    905.7   0.16969
    905.8   0.16982
    906.0   0.16972
    906.2   0.16991
    906.3   0.17022
    906.5   0.16984
    906.6   0.16947
    906.8   0.16954
    907.0   0.16928
    907.1   0.16933
    907.3   0.16995
    907.4   0.17027
    907.6   0.17064
    907.7   0.17096
    907.9   0.17029
    908.1   0.16976
    908.2   0.16993
    908.4   0.17011
    908.5   0.17008
    908.7   0.17021
    908.9   0.17014
    909.0   0.16975
    909.2   0.17000
    909.3   0.17056
    909.5   0.17060
    909.7   0.17038
    909.8   0.17011
    910.0   0.16985
    910.1   0.17006
    910.3   0.17001
    910.5   0.16985
    910.6   0.16998
    910.8   0.17015
    910.9   0.17005
    911.1   0.16988
    911.3   0.16973
    911.4   0.17026
    911.6   0.17037
    911.7   0.17047
    911.9   0.17066
    912.1   0.17063
    912.2   0.17000
    912.4   0.16986
    912.5   0.16987
    912.7   0.16975
    912.9   0.17014
    913.0   0.17025
    913.2   0.17033
    913.3   0.17045
    913.5   0.17026
    913.7   0.17018
    913.8   0.17009
    914.0   0.17005
    914.2   0.17008
    914.3   0.16960
    914.5   0.16972
    914.6   0.17002
    914.8   0.17004
    915.0   0.16999
    915.1   0.16977
    915.3   0.16970
    915.4   0.16999
    915.6   0.17020
    915.8   0.17012
    915.9   0.17023
    916.1   0.17058
    916.3   0.17032
    916.4   0.17017
    916.6   0.17019
    916.7   0.17041
    916.9   0.17059
    917.1   0.17040
    917.2   0.17008
    917.4   0.16984
    917.5   0.16963
    917.7   0.16952
    917.9   0.17003
    918.0   0.17037
    918.2   0.17028
    918.4   0.16958
    918.5   0.16933
    918.7   0.17007
    918.8   0.17027
    919.0   0.16975
    919.2   0.16982
    919.3   0.17031
    919.5   0.17061
    919.7   0.17022
    919.8   0.16977
    920.0   0.16953
    920.2   0.16955
    920.3   0.16967
    920.5   0.16989
    920.6   0.16971
    920.8   0.17015
    921.0   0.17042
    921.1   0.17016
    921.3   0.17014
    921.5   0.17001
    921.6   0.17038
    921.8   0.17041
    922.0   0.17052
    922.1   0.17052
    922.3   0.17040
    922.4   0.17018
    922.6   0.17006
    922.8   0.16972
    922.9   0.16965
    923.1   0.16965
    923.3   0.16947
    923.4   0.16992
    923.6   0.17051
    923.8   0.17059
    923.9   0.17031
    924.1   0.17000
    924.3   0.16980
    924.4   0.16971
    924.6   0.16931
    924.7   0.16977
    924.9   0.17010
    925.1   0.17007
    925.2   0.17062
    925.4   0.17070
    925.6   0.17029
    925.7   0.17046
    925.9   0.17078
    926.1   0.17058
    926.2   0.17022
    926.4   0.17019
    926.6   0.17023
    926.7   0.17013
    926.9   0.16992
    927.1   0.16976
    927.2   0.17002
    927.4   0.17026
    927.6   0.17029
    927.7   0.17052
    927.9   0.17023
    928.0   0.16995
    928.2   0.16983
    928.4   0.16982
    928.5   0.16985
    928.7   0.16979
    928.9   0.16993
    929.0   0.16998
    929.2   0.16989
    929.4   0.16982
    929.5   0.16986
    929.7   0.16978
    929.9   0.17012
    930.0   0.17039
    930.2   0.17052
    930.4   0.17011
    930.5   0.16997
    930.7   0.16985
    930.9   0.16977
    931.0   0.17030
    931.2   0.17033
    931.4   0.17038
    931.6   0.17016
    931.7   0.17023
    931.9   0.17035
    932.1   0.17013
    932.2   0.17009
    932.4   0.17001
    932.6   0.17026
    932.7   0.17068
    932.9   0.17050
    933.1   0.17018
    933.2   0.17042
    933.4   0.17048
    933.6   0.17029
    933.7   0.17017
    933.9   0.17017
    934.1   0.17018
    934.2   0.17011
    934.4   0.16999
    934.6   0.17008
    934.8   0.17034
    934.9   0.17018
    935.1   0.16997
    935.3   0.17009
    935.4   0.17006
    935.6   0.16987
    935.8   0.17006
    935.9   0.17022
    936.1   0.17041
    936.3   0.17018
    936.4   0.17012
    936.6   0.17033
    936.8   0.17038
    936.9   0.17031
    937.1   0.17031
    937.3   0.17042
    937.5   0.17039
    937.6   0.17022
    937.8   0.17024
    938.0   0.17032
    938.1   0.17056
    938.3   0.17086
    938.5   0.17083
    938.6   0.17047
    938.8   0.17071
    939.0   0.17055
    939.2   0.17037
    939.3   0.17031
    939.5   0.17031
    939.7   0.17046
    939.8   0.17030
    940.0   0.17019
    940.2   0.17010
    940.3   0.17012
    940.5   0.17011
    940.7   0.17008
    940.8   0.17005
    941.0   0.17022
    941.2   0.17061
    941.4   0.17044
    941.5   0.16985
    941.7   0.17003
    941.9   0.17035
    942.0   0.17043
    942.2   0.17058
    942.4   0.17096
    942.6   0.17118
    942.7   0.17075
    942.9   0.17022
    943.1   0.17025
    943.3   0.17014
    943.4   0.17033
    943.6   0.17041
    943.8   0.17042
    943.9   0.17061
    944.1   0.17049
    944.3   0.17088
    944.5   0.17119
    944.6   0.17091
    944.8   0.17077
    945.0   0.17062
    945.1   0.17048
    945.3   0.17019
    945.5   0.17021
    945.7   0.17040
    945.8   0.17048
    946.0   0.17035
    946.2   0.17050
    946.3   0.17084
    946.5   0.17082
    946.7   0.17051
    946.9   0.17018
    947.0   0.17014
    947.2   0.17034
    947.4   0.17028
    947.6   0.17043
    947.7   0.17071
    947.9   0.17078
    948.1   0.17074
    948.3   0.17083
    948.4   0.17107
    948.6   0.17130
    948.8   0.17148
    949.0   0.17114
    949.1   0.17089
    949.3   0.17084
    949.5   0.17067
    949.6   0.17068
    949.8   0.17073
    950.0   0.17056
    950.2   0.17036
    950.3   0.17041
    950.5   0.17095
    950.7   0.17133
    950.9   0.17114
    951.0   0.17080
    951.2   0.17093
    951.4   0.17094
    951.6   0.17099
    951.7   0.17086
    951.9   0.17060
    952.1   0.17056
    952.3   0.17060
    952.4   0.17076
    952.6   0.17102
    952.8   0.17115
    953.0   0.17102
    953.1   0.17091
    953.3   0.17111
    953.5   0.17104
    953.7   0.17083
    953.8   0.17075
    954.0   0.17091
    954.2   0.17106
    954.4   0.17112
    954.5   0.17118
    954.7   0.17117
    954.9   0.17096
    955.1   0.17089
    955.2   0.17098
    955.4   0.17100
    955.6   0.17107
    955.8   0.17111
    956.0   0.17107
    956.1   0.17120
    956.3   0.17128
    956.5   0.17103
    956.7   0.17096
    956.8   0.17124
    957.0   0.17133
    957.2   0.17143
    957.4   0.17136
    957.5   0.17133
    957.7   0.17122
    957.9   0.17111
    958.1   0.17121
    958.2   0.17114
    958.4   0.17091
    958.6   0.17067
    958.8   0.17094
    959.0   0.17146
    959.1   0.17170
    959.3   0.17146
    959.5   0.17149
    959.7   0.17147
    959.8   0.17138
    960.0   0.17134
    960.2   0.17140
    960.4   0.17130
    960.5   0.17116
    960.7   0.17137
    960.9   0.17146
    961.1   0.17153
    961.3   0.17158
    961.4   0.17142
    961.6   0.17165
    961.8   0.17190
    962.0   0.17164
    962.2   0.17132
    962.3   0.17137
    962.5   0.17162
    962.7   0.17201
    962.9   0.17190
    963.0   0.17187
    963.2   0.17203
    963.4   0.17190
    963.6   0.17193
    963.8   0.17203
    963.9   0.17187
    964.1   0.17164
    964.3   0.17153
    964.5   0.17141
    964.7   0.17158
    964.8   0.17176
    965.0   0.17159
    965.2   0.17166
    965.4   0.17191
    965.6   0.17175
    965.7   0.17174
    965.9   0.17208
    966.1   0.17227
    966.3   0.17209
    966.5   0.17184
    966.6   0.17190
    966.8   0.17213
    967.0   0.17214
    967.2   0.17203
    967.4   0.17197
    967.5   0.17196
    967.7   0.17189
    967.9   0.17216
    968.1   0.17240
    968.3   0.17217
    968.4   0.17220
    968.6   0.17217
    968.8   0.17202
    969.0   0.17211
    969.2   0.17228
    969.3   0.17234
    969.5   0.17238
    969.7   0.17223
    969.9   0.17220
    970.1   0.17225
    970.3   0.17244
    970.4   0.17257
    970.6   0.17241
    970.8   0.17223
    971.0   0.17233
    971.2   0.17239
    971.3   0.17242
    971.5   0.17248
    971.7   0.17242
    971.9   0.17225
    972.1   0.17240
    972.3   0.17249
    972.4   0.17245
    972.6   0.17240
    972.8   0.17244
    973.0   0.17227
    973.2   0.17245
    973.3   0.17257
    973.5   0.17239
    973.7   0.17246
    973.9   0.17280
    974.1   0.17281
    974.3   0.17271
    974.5   0.17278
    974.6   0.17271
    974.8   0.17268
    975.0   0.17278
    975.2   0.17281
    975.4   0.17292
    975.5   0.17301
    975.7   0.17266
    975.9   0.17258
    976.1   0.17283
    976.3   0.17273
    976.5   0.17251
    976.7   0.17266
    976.8   0.17282
    977.0   0.17287
    977.2   0.17294
    977.4   0.17291
    977.6   0.17299
    977.8   0.17321
    977.9   0.17326
    978.1   0.17314
    978.3   0.17287
    978.5   0.17279
    978.7   0.17288
    978.9   0.17304
    979.0   0.17308
    979.2   0.17279
    979.4   0.17279
    979.6   0.17302
    979.8   0.17329
    980.0   0.17348
    980.2   0.17336
    980.3   0.17326
    980.5   0.17328
    980.7   0.17330
    980.9   0.17346
    981.1   0.17337
    981.3   0.17318
    981.5   0.17309
    981.7   0.17334
    981.8   0.17350
    982.0   0.17336
    982.2   0.17341
    982.4   0.17367
    982.6   0.17389
    982.8   0.17373
    983.0   0.17339
    983.1   0.17328
    983.3   0.17324
    983.5   0.17323
    983.7   0.17347
    983.9   0.17364
    984.1   0.17366
    984.3   0.17377
    984.4   0.17381
    984.6   0.17373
    984.8   0.17372
    985.0   0.17364
    985.2   0.17368
    985.4   0.17367
    985.6   0.17363
    985.8   0.17361
    985.9   0.17380
    986.1   0.17366
    986.3   0.17377
    986.5   0.17408
    986.7   0.17398
    986.9   0.17385
    987.1   0.17374
    987.3   0.17354
    987.4   0.17373
    987.6   0.17406
    987.8   0.17411
    988.0   0.17409
    988.2   0.17403
    988.4   0.17409
    988.6   0.17413
    988.8   0.17407
    989.0   0.17422
    989.1   0.17432
    989.3   0.17417
    989.5   0.17399
    989.7   0.17410
    989.9   0.17399
    990.1   0.17379
    990.3   0.17383
    990.5   0.17389
    990.7   0.17412
    990.8   0.17419
    991.0   0.17415
    991.2   0.17417
    991.4   0.17410
    991.6   0.17427
    991.8   0.17471
    992.0   0.17485
    992.2   0.17466
    992.4   0.17456
    992.5   0.17454
    992.7   0.17440
    992.9   0.17439
    993.1   0.17451
    993.3   0.17446
    993.5   0.17437
    993.7   0.17438
    993.9   0.17437
    994.1   0.17444
    994.3   0.17454
    994.5   0.17464
    994.6   0.17462
    994.8   0.17464
    995.0   0.17480
    995.2   0.17477
    995.4   0.17470
    995.6   0.17467
    995.8   0.17467
    996.0   0.17472
    996.2   0.17479
    996.4   0.17490
    996.5   0.17484
    996.7   0.17492
    996.9   0.17475
    997.1   0.17458
    997.3   0.17479
    997.5   0.17490
    997.7   0.17496
    997.9   0.17498
    998.1   0.17506
    998.3   0.17522
    998.5   0.17523
    998.7   0.17525
    998.9   0.17539
    999.0   0.17542
    999.2   0.17551
    999.4   0.17546
    999.6   0.17529
    999.8   0.17534
   1000.0   0.17549
   1000.2   0.17540
   1000.4   0.17507
   1000.6   0.17514
   1000.8   0.17544
   1001.0   0.17546
   1001.2   0.17530
   1001.4   0.17527
   1001.6   0.17537
   1001.8   0.17523
   1001.9   0.17527
   1002.1   0.17560
   1002.3   0.17573
   1002.5   0.17574
   1002.7   0.17573
   1002.9   0.17549
   1003.1   0.17537
   1003.3   0.17572
   1003.5   0.17584
   1003.7   0.17569
   1003.9   0.17553
   1004.1   0.17563
   1004.3   0.17566
   1004.5   0.17563
   1004.7   0.17568
   1004.9   0.17566
   1005.0   0.17570
   1005.3   0.17582
   1005.4   0.17588
   1005.6   0.17591
   1005.8   0.17576
   1006.0   0.17559
   1006.2   0.17558
   1006.4   0.17574
   1006.6   0.17602
   1006.8   0.17614
   1007.0   0.17618
   1007.2   0.17615
   1007.4   0.17616
   1007.6   0.17610
   1007.8   0.17610
   1008.0   0.17636
   1008.2   0.17638
   1008.4   0.17611
   1008.6   0.17594
   1008.8   0.17605
   1009.0   0.17606
   1009.2   0.17603
   1009.4   0.17607
   1009.5   0.17611
   1009.8   0.17611
   1010.0   0.17608
   1010.1   0.17622
   1010.3   0.17648
   1010.5   0.17661
   1010.7   0.17671
   1010.9   0.17665
   1011.1   0.17650
   1011.3   0.17640
   1011.5   0.17659
   1011.7   0.17658
   1011.9   0.17649
   1012.1   0.17667
   1012.3   0.17675
   1012.5   0.17667
   1012.7   0.17660
   1012.9   0.17650
   1013.1   0.17641
   1013.3   0.17662
   1013.5   0.17677
   1013.7   0.17687
   1013.9   0.17689
   1014.1   0.17697
   1014.3   0.17717
   1014.5   0.17720
   1014.7   0.17715
   1014.9   0.17718
   1015.1   0.17720
   1015.3   0.17709
   1015.5   0.17693
   1015.7   0.17697
   1015.9   0.17700
   1016.1   0.17707
   1016.3   0.17714
   1016.5   0.17718
   1016.7   0.17719
   1016.9   0.17706
   1017.1   0.17696
   1017.3   0.17701
   1017.5   0.17710
   1017.7   0.17703
   1017.9   0.17693
   1018.1   0.17700
   1018.3   0.17725
   1018.5   0.17752
   1018.7   0.17742
   1018.9   0.17734
   1019.1   0.17733
   1019.3   0.17737
   1019.5   0.17737
   1019.7   0.17717
   1019.9   0.17727
   1020.1   0.17736
   1020.3   0.17737
   1020.5   0.17745
   1020.7   0.17748
   1020.9   0.17754
   1021.1   0.17783
   1021.3   0.17775
   1021.5   0.17759
   1021.7   0.17765
   1021.9   0.17771
   1022.1   0.17770
   1022.3   0.17752
   1022.5   0.17757
   1022.7   0.17765
   1022.9   0.17771
   1023.1   0.17783
   1023.3   0.17787
   1023.5   0.17800
   1023.7   0.17800
   1023.9   0.17818
   1024.1   0.17820
   1024.3   0.17798
   1024.5   0.17792
   1024.7   0.17791
   1024.9   0.17806
   1025.1   0.17816
   1025.3   0.17800
   1025.5   0.17794
   1025.7   0.17797
   1025.9   0.17809
   1026.1   0.17811
   1026.3   0.17793
   1026.5   0.17798
   1026.8   0.17808
   1026.9   0.17814
   1027.2   0.17844
   1027.4   0.17841
   1027.6   0.17829
   1027.8   0.17841
   1028.0   0.17839
   1028.2   0.17831
   1028.4   0.17834
   1028.6   0.17845
   1028.8   0.17840
   1029.0   0.17839
   1029.2   0.17854
   1029.4   0.17869
   1029.6   0.17861
   1029.8   0.17857
   1030.0   0.17852
   1030.2   0.17843
   1030.4   0.17843
   1030.6   0.17858
   1030.8   0.17863
   1031.0   0.17867
   1031.2   0.17879
   1031.4   0.17884
   1031.7   0.17895
   1031.8   0.17915
   1032.1   0.17918
   1032.3   0.17908
   1032.5   0.17907
   1032.7   0.17912
   1032.9   0.17916
   1033.1   0.17914
   1033.3   0.17894
   1033.5   0.17895
   1033.7   0.17899
   1033.9   0.17898
   1034.1   0.17912
   1034.3   0.17925
   1034.5   0.17907
   1034.7   0.17903
   1034.9   0.17909
   1035.2   0.17907
   1035.4   0.17911
   1035.6   0.17910
   1035.8   0.17930
   1036.0   0.17947
   1036.2   0.17947
   1036.4   0.17933
   1036.6   0.17921
   1036.8   0.17934
   1037.0   0.17954
   1037.2   0.17958
   1037.4   0.17946
   1037.6   0.17943
   1037.8   0.17952
   1038.1   0.17958
   1038.3   0.17955
   1038.5   0.17948
   1038.7   0.17946
   1038.9   0.17950
   1039.1   0.17962
   1039.3   0.17983
   1039.5   0.17980
   1039.7   0.17983
   1039.9   0.17990
   1040.1   0.17973
   1040.3   0.17960
   1040.6   0.17968
   1040.8   0.17969
   1041.0   0.17975
   1041.2   0.18000
   1041.4   0.18009
   1041.6   0.17998
   1041.8   0.17990
   1042.0   0.17999
   1042.2   0.18004
   1042.4   0.18014
   1042.6   0.18020
   1042.8   0.18024
   1043.1   0.18022
   1043.3   0.18021
   1043.5   0.18034
   1043.7   0.18042
   1043.9   0.18043
   1044.1   0.18035
   1044.3   0.18025
   1044.5   0.18030
   1044.8   0.18034
   1045.0   0.18040
   1045.2   0.18037
   1045.4   0.18028
   1045.6   0.18030
   1045.8   0.18040
   1046.0   0.18039
   1046.2   0.18023
   1046.4   0.18032
   1046.6   0.18060
   1046.9   0.18061
   1047.1   0.18052
   1047.3   0.18054
   1047.5   0.18046
   1047.7   0.18050
   1047.9   0.18067
   1048.1   0.18070
   1048.3   0.18061
   1048.6   0.18066
   1048.8   0.18063
   1049.0   0.18070
   1049.2   0.18071
   1049.4   0.18080
   1049.6   0.18092
   1049.8   0.18092
   1050.0   0.18090
   1050.3   0.18089
   1050.5   0.18103
   1050.7   0.18112
   1050.9   0.18099
   1051.1   0.18088
   1051.3   0.18101
   1051.5   0.18107
   1051.7   0.18099
   1051.9   0.18097
   1052.2   0.18110
   1052.4   0.18122
   1052.6   0.18106
   1052.8   0.18095
   1053.0   0.18109
   1053.2   0.18123
   1053.4   0.18130
   1053.7   0.18127
   1053.9   0.18131
   1054.1   0.18141
   1054.3   0.18132
   1054.5   0.18121
   1054.7   0.18131
   1054.9   0.18137
   1055.2   0.18143
   1055.4   0.18155
   1055.6   0.18159
   1055.8   0.18159
   1056.0   0.18157
   1056.2   0.18164
   1056.4   0.18163
   1056.7   0.18176
   1056.9   0.18195
   1057.1   0.18190
   1057.3   0.18174
   1057.5   0.18173
   1057.8   0.18180
   1058.0   0.18181
   1058.2   0.18176
   1058.4   0.18176
   1058.6   0.18190
   1058.8   0.18204
   1059.0   0.18201
   1059.3   0.18199
   1059.5   0.18196
   1059.7   0.18187
   1059.9   0.18186
   1060.1   0.18188
   1060.3   0.18198
   1060.6   0.18216
   1060.8   0.18214
   1061.0   0.18202
   1061.2   0.18203
   1061.4   0.18219
   1061.7   0.18238
   1061.9   0.18237
   1062.1   0.18236
   1062.3   0.18244
   1062.5   0.18256
   1062.7   0.18254
   1062.9   0.18247
   1063.2   0.18243
   1063.4   0.18248
   1063.6   0.18249
   1063.8   0.18262
   1064.0   0.18267
   1064.3   0.18258
   1064.5   0.18259
   1064.7   0.18259
   1064.9   0.18258
   1065.1   0.18269
   1065.3   0.18265
   1065.6   0.18259
   1065.8   0.18258
   1066.0   0.18254
   1066.2   0.18269
   1066.4   0.18288
   1066.7   0.18299
   1066.9   0.18295
   1067.1   0.18290
   1067.3   0.18282
   1067.6   0.18277
   1067.8   0.18299
   1068.0   0.18316
   1068.2   0.18314
   1068.4   0.18301
   1068.7   0.18299
   1068.9   0.18288
   1069.1   0.18283
   1069.3   0.18297
   1069.5   0.18305
   1069.8   0.18313
   1070.0   0.18331
   1070.2   0.18324
   1070.4   0.18315
   1070.6   0.18328
   1070.8   0.18341
   1071.1   0.18335
   1071.3   0.18340
   1071.5   0.18337
   1071.7   0.18322
   1072.0   0.18309
   1072.2   0.18316
   1072.4   0.18331
   1072.6   0.18353
   1072.8   0.18368
   1073.1   0.18355
   1073.3   0.18346
   1073.5   0.18345
   1073.7   0.18350
   1074.0   0.18366
   1074.2   0.18370
   1074.4   0.18375
   1074.6   0.18392
   1074.8   0.18389
   1075.1   0.18373
   1075.3   0.18372
   1075.5   0.18384
   1075.7   0.18395
   1076.0   0.18391
   1076.2   0.18381
   1076.4   0.18364
   1076.6   0.18369
   1076.9   0.18398
   1077.1   0.18401
   1077.3   0.18395
   1077.5   0.18394
   1077.8   0.18407
   1078.0   0.18420
   1078.2   0.18425
   1078.4   0.18404
   1078.7   0.18390
   1078.9   0.18395
   1079.1   0.18415
   1079.3   0.18416
   1079.6   0.18401
   1079.8   0.18412
   1080.0   0.18425
   1080.2   0.18426
   1080.4   0.18442
   1080.7   0.18465
   1080.9   0.18463
   1081.1   0.18451
   1081.3   0.18449
   1081.6   0.18453
   1081.8   0.18460
   1082.0   0.18459
   1082.3   0.18455
   1082.5   0.18459
   1082.7   0.18465
   1082.9   0.18463
   1083.2   0.18456
   1083.4   0.18455
   1083.6   0.18463
   1083.8   0.18472
   1084.1   0.18478
   1084.3   0.18487
   1084.5   0.18470
   1084.8   0.18456
   1085.0   0.18468
   1085.2   0.18487
   1085.4   0.18493
   1085.7   0.18488
   1085.9   0.18487
   1086.1   0.18488
   1086.3   0.18489
   1086.6   0.18498
   1086.8   0.18509
   1087.0   0.18514
   1087.3   0.18506
   1087.5   0.18499
   1087.7   0.18497
   1087.9   0.18507
   1088.2   0.18512
   1088.4   0.18506
   1088.6   0.18516
   1088.8   0.18517
   1089.1   0.18507
   1089.3   0.18504
   1089.5   0.18516
   1089.8   0.18530
   1090.0   0.18533
   1090.2   0.18545
   1090.4   0.18547
   1090.7   0.18546
   1090.9   0.18557
   1091.1   0.18555
   1091.4   0.18549
   1091.6   0.18553
   1091.8   0.18542
   1092.1   0.18536
   1092.3   0.18545
   1092.5   0.18561
   1092.8   0.18567
   1093.0   0.18573
   1093.2   0.18571
   1093.4   0.18572
   1093.7   0.18568
   1093.9   0.18565
   1094.1   0.18578
   1094.4   0.18583
   1094.6   0.18580
   1094.8   0.18581
   1095.1   0.18582
   1095.3   0.18586
   1095.5   0.18604
   1095.8   0.18601
   1096.0   0.18599
   1096.2   0.18600
   1096.4   0.18603
   1096.7   0.18617
   1096.9   0.18621
   1097.1   0.18617
   1097.4   0.18610
   1097.6   0.18609
   1097.8   0.18618
   1098.1   0.18627
   1098.3   0.18618
   1098.5   0.18606
   1098.8   0.18609
   1099.0   0.18621
   1099.2   0.18634
   1099.5   0.18632
   1099.7   0.18635
   1099.9   0.18649
   1100.2   0.18641
   1100.4   0.18633
   1100.6   0.18635
   1100.9   0.18635
   1101.1   0.18635
   1101.3   0.18640
   1101.6   0.18655
   1101.8   0.18657
   1102.0   0.18667
   1102.3   0.18682
   1102.5   0.18665
   1102.7   0.18658
   1103.0   0.18668
   1103.2   0.18674
   1103.4   0.18679
   1103.7   0.18674
   1103.9   0.18674
   1104.2   0.18673
   1104.4   0.18680
   1104.6   0.18695
   1104.9   0.18690
   1105.1   0.18675
   1105.3   0.18684
   1105.6   0.18689
   1105.8   0.18686
   1106.0   0.18691
   1106.3   0.18703
   1106.5   0.18708
   1106.7   0.18718
   1107.0   0.18713
   1107.2   0.18701
   1107.4   0.18715
   1107.7   0.18721
   1107.9   0.18712
   1108.2   0.18721
   1108.4   0.18719
   1108.6   0.18719
   1108.9   0.18724
   1109.1   0.18735
   1109.3   0.18746
   1109.6   0.18733
   1109.8   0.18720
   1110.1   0.18728
   1110.3   0.18727
   1110.5   0.18729
   1110.8   0.18742
   1111.0   0.18747
   1111.3   0.18743
   1111.5   0.18747
   1111.7   0.18756
   1112.0   0.18746
   1112.2   0.18742
   1112.4   0.18754
   1112.7   0.18763
   1112.9   0.18757
   1113.2   0.18743
   1113.4   0.18738
   1113.6   0.18750
   1113.9   0.18765
   1114.1   0.18770
   1114.3   0.18768
   1114.6   0.18769
   1114.8   0.18773
   1115.1   0.18781
   1115.3   0.18789
   1115.6   0.18790
   1115.8   0.18792
   1116.0   0.18802
   1116.3   0.18799
   1116.5   0.18790
   1116.8   0.18788
   1117.0   0.18796
   1117.2   0.18796
   1117.5   0.18798
   1117.7   0.18802
   1118.0   0.18798
   1118.2   0.18803
   1118.4   0.18803
   1118.7   0.18807
   1118.9   0.18825
   1119.2   0.18828
   1119.4   0.18817
   1119.7   0.18811
   1119.9   0.18809
   1120.1   0.18812
   1120.4   0.18814
   1120.6   0.18821
   1120.9   0.18825
   1121.1   0.18826
   1121.3   0.18831
   1121.6   0.18836
   1121.8   0.18836
   1122.1   0.18834
   1122.3   0.18837
   1122.6   0.18857
   1122.8   0.18851
   1123.0   0.18852
   1123.3   0.18865
   1123.5   0.18864
   1123.8   0.18861
   1124.0   0.18861
   1124.3   0.18870
   1124.5   0.18876
   1124.8   0.18873
   1125.0   0.18866
   1125.2   0.18866
   1125.5   0.18872
   1125.7   0.18879
   1126.0   0.18896
   1126.2   0.18893
   1126.5   0.18878
   1126.7   0.18877
   1126.9   0.18885
   1127.2   0.18886
   1127.4   0.18880
   1127.7   0.18870
   1127.9   0.18868
   1128.2   0.18867
   1128.4   0.18874
   1128.7   0.18883
   1128.9   0.18885
   1129.2   0.18894
   1129.4   0.18901
   1129.7   0.18911
   1129.9   0.18917
   1130.1   0.18911
   1130.4   0.18906
   1130.6   0.18899
   1130.9   0.18900
   1131.1   0.18910
   1131.4   0.18910
   1131.6   0.18911
   1131.9   0.18911
   1132.1   0.18914
   1132.4   0.18914
   1132.6   0.18918
   1132.9   0.18921
   1133.1   0.18925
   1133.3   0.18932
   1133.6   0.18935
   1133.8   0.18937
   1134.1   0.18933
   1134.3   0.18919
   1134.6   0.18921
   1134.8   0.18932
   1135.1   0.18936
   1135.3   0.18941
   1135.6   0.18945
   1135.8   0.18939
   1136.1   0.18940
   1136.3   0.18950
   1136.6   0.18944
   1136.8   0.18945
   1137.1   0.18959
   1137.3   0.18962
   1137.6   0.18966
   1137.8   0.18969
   1138.1   0.18964
   1138.3   0.18965
   1138.6   0.18971
   1138.8   0.18975
   1139.1   0.18986
   1139.3   0.18993
   1139.6   0.18986
   1139.8   0.18983
   1140.1   0.18976
   1140.3   0.18971
   1140.6   0.18978
   1140.8   0.18979
   1141.1   0.18988
   1141.3   0.18999
   1141.6   0.19002
   1141.8   0.18990
   1142.1   0.18982
   1142.3   0.18981
   1142.6   0.18988
   1142.8   0.19006
   1143.1   0.19014
   1143.3   0.19022
   1143.6   0.19018
   1143.9   0.19013
   1144.1   0.19017
   1144.4   0.19009
   1144.6   0.18998
   1144.9   0.19004
   1145.1   0.19024
   1145.4   0.19031
   1145.6   0.19023
   1145.9   0.19013
   1146.1   0.19017
   1146.4   0.19020
   1146.6   0.19035
   1146.9   0.19045
   1147.2   0.19039
   1147.4   0.19038
   1147.7   0.19040
   1147.9   0.19031
   1148.2   0.19030
   1148.4   0.19036
   1148.7   0.19033
   1148.9   0.19036
   1149.2   0.19042
   1149.4   0.19046
   1149.7   0.19045
   1149.9   0.19037
   1150.2   0.19038
   1150.4   0.19051
   1150.7   0.19055
   1151.0   0.19051
   1151.2   0.19057
   1151.5   0.19060
   1151.7   0.19056
   1152.0   0.19058
   1152.2   0.19051
   1152.5   0.19049
   1152.8   0.19061
   1153.0   0.19068
   1153.3   0.19068
   1153.5   0.19065
   1153.8   0.19062
   1154.0   0.19063
   1154.3   0.19068
   1154.6   0.19078
   1154.8   0.19076
   1155.1   0.19076
   1155.3   0.19086
   1155.6   0.19092
   1155.8   0.19094
   1156.1   0.19084
   1156.4   0.19087
   1156.6   0.19093
   1156.9   0.19095
   1157.1   0.19097
   1157.4   0.19096
   1157.7   0.19097
   1157.9   0.19095
   1158.2   0.19102
   1158.4   0.19107
   1158.7   0.19103
   1158.9   0.19105
   1159.2   0.19102
   1159.5   0.19105
   1159.7   0.19116
   1160.0   0.19117
   1160.2   0.19111
   1160.5   0.19109
   1160.8   0.19113
   1161.0   0.19129
   1161.3   0.19129
   1161.5   0.19120
   1161.8   0.19116
   1162.1   0.19124
   1162.3   0.19128
   1162.6   0.19135
   1162.8   0.19134
   1163.1   0.19127
   1163.4   0.19130
   1163.6   0.19132
   1163.9   0.19132
   1164.2   0.19131
   1164.4   0.19139
   1164.7   0.19140
   1164.9   0.19145
   1165.2   0.19147
   1165.4   0.19145
   1165.7   0.19154
   1166.0   0.19152
   1166.2   0.19156
   1166.5   0.19159
   1166.8   0.19153
   1167.0   0.19149
   1167.3   0.19148
   1167.6   0.19164
   1167.8   0.19163
   1168.1   0.19155
   1168.3   0.19160
   1168.6   0.19159
   1168.9   0.19160
   1169.1   0.19169
   1169.4   0.19174
   1169.7   0.19168
   1169.9   0.19166
   1170.2   0.19173
   1170.4   0.19182
   1170.7   0.19183
   1171.0   0.19172
   1171.3   0.19167
   1171.5   0.19169
   1171.8   0.19170
   1172.0   0.19179
   1172.3   0.19184
   1172.6   0.19188
   1172.8   0.19192
   1173.1   0.19185
   1173.4   0.19173
   1173.6   0.19173
   1173.9   0.19186
   1174.2   0.19194
   1174.4   0.19203
   1174.7   0.19200
   1175.0   0.19196
   1175.2   0.19197
   1175.5   0.19194
   1175.8   0.19189
   1176.0   0.19198
   1176.3   0.19207
   1176.6   0.19212
   1176.8   0.19208
   1177.1   0.19198
   1177.4   0.19200
   1177.6   0.19209
   1177.9   0.19208
   1178.2   0.19211
   1178.4   0.19221
   1178.7   0.19224
   1179.0   0.19219
   1179.2   0.19216
   1179.5   0.19225
   1179.8   0.19230
   1180.0   0.19227
   1180.3   0.19224
   1180.6   0.19227
   1180.8   0.19228
   1181.1   0.19232
   1181.4   0.19235
   1181.7   0.19237
   1181.9   0.19247
   1182.2   0.19249
   1182.5   0.19239
   1182.7   0.19233
   1183.0   0.19241
   1183.3   0.19245
   1183.5   0.19245
   1183.8   0.19247
   1184.1   0.19245
   1184.4   0.19250
   1184.6   0.19251
   1184.9   0.19248
   1185.2   0.19246
   1185.4   0.19247
   1185.7   0.19258
   1186.0   0.19265
   1186.3   0.19259
   1186.5   0.19260
   1186.8   0.19261
   1187.1   0.19261
   1187.3   0.19266
   1187.6   0.19279
   1187.9   0.19283
   1188.2   0.19282
   1188.4   0.19284
   1188.7   0.19277
   1189.0   0.19270
   1189.3   0.19267
   1189.5   0.19266
   1189.8   0.19265
   1190.1   0.19276
   1190.3   0.19283
   1190.6   0.19283
   1190.9   0.19285
   1191.2   0.19291
   1191.4   0.19296
   1191.7   0.19291
   1192.0   0.19289
   1192.3   0.19297
   1192.5   0.19295
   1192.8   0.19288
   1193.1   0.19295
   1193.3   0.19294
   1193.6   0.19291
   1193.9   0.19300
   1194.2   0.19301
   1194.4   0.19301
   1194.7   0.19303
   1195.0   0.19302
   1195.3   0.19297
   1195.6   0.19299
   1195.8   0.19305
   1196.1   0.19310
   1196.4   0.19316
   1196.7   0.19312
   1196.9   0.19310
   1197.2   0.19319
   1197.5   0.19316
   1197.8   0.19311
   1198.0   0.19315
   1198.3   0.19320
   1198.6   0.19326
   1198.9   0.19325
   1199.2   0.19314
   1199.4   0.19321
   1199.7   0.19341
   1200.0   0.19346
   1200.3   0.19334
   1200.5   0.19332
   1200.8   0.19332
   1201.1   0.19327
   1201.4   0.19332
   1201.7   0.19328
   1201.9   0.19320
   1202.2   0.19329
   1202.5   0.19336
   1202.8   0.19338
   1203.0   0.19342
   1203.3   0.19339
   1203.6   0.19338
   1203.9   0.19346
   1204.2   0.19352
   1204.4   0.19357
   1204.7   0.19353
   1205.0   0.19349
   1205.3   0.19362
   1205.6   0.19375
   1205.8   0.19366
   1206.1   0.19359
   1206.4   0.19367
   1206.7   0.19372
   1207.0   0.19372
   1207.2   0.19376
   1207.5   0.19371
   1207.8   0.19367
   1208.1   0.19370
   1208.4   0.19374
   1208.7   0.19372
   1208.9   0.19367
   1209.2   0.19373
   1209.5   0.19380
   1209.8   0.19385
   1210.1   0.19384
   1210.3   0.19384
   1210.6   0.19379
   1210.9   0.19382
   1211.2   0.19393
   1211.5   0.19402
   1211.8   0.19398
   1212.0   0.19396
   1212.3   0.19399
   1212.6   0.19401
   1212.9   0.19407
   1213.2   0.19407
   1213.5   0.19401
   1213.7   0.19393
   1214.0   0.19390
   1214.3   0.19399
   1214.6   0.19403
   1214.9   0.19407
   1215.2   0.19409
   1215.4   0.19415
   1215.7   0.19416
   1216.0   0.19406
   1216.3   0.19407
   1216.6   0.19418
   1216.9   0.19420
   1217.2   0.19418
   1217.4   0.19418
   1217.7   0.19427
   1218.0   0.19425
   1218.3   0.19411
   1218.6   0.19408
   1218.9   0.19417
   1219.2   0.19431
   1219.4   0.19433
   1219.7   0.19430
   1220.0   0.19438
   1220.3   0.19440
   1220.6   0.19436
   1220.9   0.19433
   1221.2   0.19435
   1221.5   0.19433
   1221.8   0.19432
   1222.0   0.19442
   1222.3   0.19447
   1222.6   0.19444
   1222.9   0.19441
   1223.2   0.19445
   1223.5   0.19455
   1223.8   0.19457
   1224.1   0.19455
   1224.3   0.19451
   1224.6   0.19448
   1224.9   0.19453
   1225.2   0.19461
   1225.5   0.19460
   1225.8   0.19458
   1226.1   0.19463
   1226.4   0.19457
   1226.7   0.19458
   1227.0   0.19468
   1227.3   0.19469
   1227.5   0.19476
   1227.8   0.19476
   1228.1   0.19470
   1228.4   0.19469
   1228.7   0.19471
   1229.0   0.19481
   1229.3   0.19488
   1229.6   0.19478
   1229.9   0.19472
   1230.2   0.19482
   1230.4   0.19493
   1230.7   0.19499
   1231.0   0.19497
   1231.3   0.19496
   1231.6   0.19488
   1231.9   0.19483
   1232.2   0.19490
   1232.5   0.19495
   1232.8   0.19501
   1233.1   0.19514
   1233.4   0.19512
   1233.7   0.19505
   1234.0   0.19500
   1234.3   0.19503
   1234.6   0.19514
   1234.8   0.19516
   1235.1   0.19517
   1235.4   0.19519
   1235.7   0.19521
   1236.0   0.19527
   1236.3   0.19529
   1236.6   0.19521
   1236.9   0.19518
   1237.2   0.19520
   1237.5   0.19521
   1237.8   0.19524
   1238.1   0.19535
   1238.4   0.19530
   1238.7   0.19525
   1239.0   0.19533
   1239.3   0.19536
   1239.6   0.19538
   1239.9   0.19536
   1240.2   0.19533
   1240.5   0.19535
   1240.8   0.19542
   1241.1   0.19550
   1241.3   0.19555
   1241.7   0.19551
   1241.9   0.19544
   1242.2   0.19545
   1242.5   0.19555
   1242.8   0.19559
   1243.1   0.19563
   1243.4   0.19565
   1243.7   0.19561
   1244.0   0.19563
   1244.3   0.19568
   1244.6   0.19568
   1244.9   0.19567
   1245.2   0.19566
   1245.5   0.19568
   1245.8   0.19572
   1246.1   0.19580
   1246.4   0.19583
   1246.7   0.19575
   1247.0   0.19571
   1247.3   0.19573
   1247.6   0.19578
   1247.9   0.19581
   1248.2   0.19586
   1248.5   0.19589
   1248.8   0.19589
   1249.1   0.19590
   1249.4   0.19589
   1249.7   0.19593
   1250.0   0.19598
   1250.3   0.19593
   1250.6   0.19591
   1250.9   0.19595
   1251.2   0.19597
   1251.5   0.19601
   1251.8   0.19606
   1252.1   0.19612
   1252.4   0.19618
   1252.8   0.19611
   1253.1   0.19603
   1253.3   0.19610
   1253.7   0.19627
   1254.0   0.19624
   1254.3   0.19614
   1254.6   0.19623
   1254.9   0.19628
   1255.2   0.19623
   1255.5   0.19622
   1255.8   0.19621
   1256.1   0.19627
   1256.4   0.19630
   1256.7   0.19638
   1257.0   0.19645
   1257.3   0.19642
   1257.6   0.19638
   1257.9   0.19641
   1258.2   0.19640
   1258.5   0.19636
   1258.8   0.19641
   1259.1   0.19653
   1259.4   0.19651
   1259.8   0.19651
   1260.1   0.19658
   1260.4   0.19658
   1260.7   0.19655
   1261.0   0.19650
   1261.3   0.19648
   1261.6   0.19647
   1261.9   0.19658
   1262.2   0.19670
   1262.5   0.19665
   1262.8   0.19662
   1263.1   0.19671
   1263.4   0.19682
   1263.7   0.19685
   1264.1   0.19681
   1264.4   0.19675
   1264.7   0.19675
   1265.0   0.19673
   1265.3   0.19675
   1265.6   0.19680
   1265.9   0.19683
   1266.2   0.19682
   1266.5   0.19682
   1266.8   0.19682
   1267.1   0.19683
   1267.4   0.19691
   1267.8   0.19697
   1268.1   0.19695
   1268.4   0.19698
   1268.7   0.19704
   1269.0   0.19703
   1269.3   0.19702
   1269.6   0.19706
   1269.9   0.19712
   1270.2   0.19718
   1270.6   0.19721
   1270.9   0.19717
   1271.2   0.19713
   1271.5   0.19711
   1271.8   0.19715
   1272.1   0.19721
   1272.4   0.19726
   1272.7   0.19730
   1273.1   0.19730
   1273.4   0.19727
   1273.7   0.19728
   1274.0   0.19731
   1274.3   0.19730
   1274.6   0.19734
   1274.9   0.19736
   1275.2   0.19745
   1275.6   0.19749
   1275.9   0.19748
   1276.2   0.19755
   1276.5   0.19757
   1276.8   0.19754
   1277.1   0.19755
   1277.4   0.19762
   1277.8   0.19769
   1278.1   0.19763
   1278.4   0.19761
   1278.7   0.19770
   1279.0   0.19770
   1279.3   0.19768
   1279.7   0.19761
   1280.0   0.19765
   1280.3   0.19775
   1280.6   0.19779
   1280.9   0.19780
   1281.2   0.19787
   1281.6   0.19791
   1281.9   0.19792
   1282.2   0.19784
   1282.5   0.19781
   1282.8   0.19789
   1283.1   0.19795
   1283.4   0.19790
   1283.8   0.19785
   1284.1   0.19793
   1284.4   0.19797
   1284.7   0.19793
   1285.0   0.19794
   1285.4   0.19795
   1285.7   0.19802
   1286.0   0.19810
   1286.3   0.19810
   1286.6   0.19809
   1286.9   0.19807
   1287.3   0.19809
   1287.6   0.19817
   1287.9   0.19819
   1288.2   0.19820
   1288.6   0.19823
   1288.9   0.19826
   1289.2   0.19828
   1289.5   0.19822
   1289.8   0.19831
   1290.2   0.19839
   1290.5   0.19835
   1290.8   0.19835
   1291.1   0.19839
   1291.4   0.19839
   1291.8   0.19837
   1292.1   0.19840
   1292.4   0.19842
   1292.7   0.19847
   1293.1   0.19849
   1293.4   0.19852
   1293.7   0.19854
   1294.0   0.19859
   1294.3   0.19863
   1294.7   0.19857
   1295.0   0.19860
   1295.3   0.19864
   1295.6   0.19863
   1296.0   0.19860
   1296.3   0.19867
   1296.6   0.19872
   1296.9   0.19872
   1297.3   0.19876
   1297.6   0.19872
   1297.9   0.19875
   1298.2   0.19882
   1298.6   0.19885
   1298.9   0.19883
   1299.2   0.19884
   1299.5   0.19887
   1299.9   0.19889
   1300.2   0.19893
   1300.5   0.19899
   1300.8   0.19907
   1301.2   0.19911
   1301.5   0.19913
   1301.8   0.19915
   1302.1   0.19914
   1302.5   0.19908
   1302.8   0.19908
   1303.1   0.19915
   1303.4   0.19917
   1303.8   0.19914
   1304.1   0.19913
   1304.4   0.19927
   1304.8   0.19927
   1305.1   0.19920
   1305.4   0.19922
   1305.8   0.19927
   1306.1   0.19931
   1306.4   0.19935
   1306.7   0.19941
   1307.1   0.19938
   1307.4   0.19938
   1307.7   0.19943
   1308.1   0.19949
   1308.4   0.19949
   1308.7   0.19948
   1309.1   0.19945
   1309.4   0.19946
   1309.7   0.19952
   1310.0   0.19961
   1310.4   0.19969
   1310.7   0.19965
   1311.0   0.19964
   1311.4   0.19971
   1311.7   0.19976
   1312.0   0.19976
   1312.4   0.19973
   1312.7   0.19971
   1313.0   0.19972
   1313.4   0.19978
   1313.7   0.19979
   1314.0   0.19986
   1314.4   0.19993
   1314.7   0.19992
   1315.0   0.19988
   1315.4   0.19990
   1315.7   0.19999
   1316.0   0.20001
   1316.4   0.19998
   1316.7   0.19996
   1317.0   0.19999
   1317.4   0.20006
   1317.7   0.20006
   1318.0   0.20008
   1318.4   0.20015
   1318.7   0.20013
   1319.0   0.20011
   1319.4   0.20013
   1319.7   0.20019
   1320.1   0.20024
   1320.4   0.20020
   1320.7   0.20021
   1321.1   0.20026
   1321.4   0.20026
   1321.7   0.20032
   1322.1   0.20037
   1322.4   0.20042
   1322.7   0.20042
   1323.1   0.20038
   1323.4   0.20039
   1323.8   0.20044
   1324.1   0.20051
   1324.4   0.20059
   1324.8   0.20056
   1325.1   0.20046
   1325.4   0.20049
   1325.8   0.20060
   1326.1   0.20065
   1326.5   0.20071
   1326.8   0.20067
   1327.1   0.20066
   1327.5   0.20071
   1327.8   0.20074
   1328.2   0.20078
   1328.5   0.20084
   1328.8   0.20090
   1329.2   0.20090
   1329.5   0.20091
   1329.9   0.20089
   1330.2   0.20093
   1330.6   0.20096
   1330.9   0.20092
   1331.2   0.20090
   1331.6   0.20091
   1331.9   0.20099
   1332.3   0.20108
   1332.6   0.20111
   1332.9   0.20108
   1333.3   0.20102
   1333.6   0.20105
   1334.0   0.20118
   1334.3   0.20116
   1334.7   0.20111
   1335.0   0.20115
   1335.3   0.20120
   1335.7   0.20127
   1336.0   0.20133
   1336.4   0.20133
   1336.7   0.20131
   1337.1   0.20130
   1337.4   0.20134
   1337.8   0.20143
   1338.1   0.20148
   1338.4   0.20147
   1338.8   0.20143
   1339.1   0.20144
   1339.5   0.20152
   1339.8   0.20155
   1340.2   0.20153
   1340.5   0.20152
   1340.9   0.20154
   1341.2   0.20156
   1341.6   0.20160
   1341.9   0.20162
   1342.3   0.20159
   1342.6   0.20166
   1342.9   0.20174
   1343.3   0.20177
   1343.7   0.20177
   1344.0   0.20175
   1344.3   0.20183
   1344.7   0.20189
   1345.0   0.20190
   1345.4   0.20192
   1345.7   0.20193
   1346.1   0.20197
   1346.4   0.20196
   1346.8   0.20197
   1347.1   0.20201
   1347.5   0.20205
   1347.8   0.20215
   1348.2   0.20212
   1348.5   0.20209
   1348.9   0.20215
   1349.3   0.20218
   1349.6   0.20220
   1349.9   0.20221
   1350.3   0.20221
   1350.7   0.20229
   1351.0   0.20237
   1351.3   0.20236
   1351.7   0.20234
   1352.1   0.20240
   1352.4   0.20250
   1352.8   0.20253
   1353.1   0.20249
   1353.5   0.20247
   1353.8   0.20251
   1354.2   0.20254
   1354.5   0.20251
   1354.9   0.20254
   1355.2   0.20262
   1355.6   0.20272
   1355.9   0.20271
   1356.3   0.20267
   1356.7   0.20265
   1357.0   0.20272
   1357.4   0.20282
   1357.7   0.20284
   1358.1   0.20278
   1358.4   0.20278
   1358.8   0.20287
   1359.2   0.20291
   1359.5   0.20289
   1359.9   0.20290
   1360.2   0.20289
   1360.6   0.20289
   1360.9   0.20294
   1361.3   0.20301
   1361.7   0.20301
   1362.0   0.20303
   1362.4   0.20312
   1362.7   0.20320
   1363.1   0.20322
   1363.4   0.20324
   1363.8   0.20327
   1364.2   0.20328
   1364.5   0.20329
   1364.9   0.20328
   1365.2   0.20330
   1365.6   0.20336
   1365.9   0.20340
   1366.3   0.20345
   1366.7   0.20349
   1367.0   0.20348
   1367.4   0.20350
   1367.8   0.20355
   1368.1   0.20353
   1368.5   0.20350
   1368.8   0.20354
   1369.2   0.20358
   1369.6   0.20356
   1369.9   0.20359
   1370.3   0.20364
   1370.7   0.20367
   1371.0   0.20368
   1371.4   0.20370
   1371.7   0.20373
   1372.1   0.20376
   1372.5   0.20377
   1372.8   0.20380
   1373.2   0.20380
   1373.6   0.20379
   1373.9   0.20381
   1374.3   0.20387
   1374.6   0.20390
   1375.0   0.20393
   1375.4   0.20398
   1375.7   0.20399
   1376.1   0.20396
   1376.5   0.20400
   1376.8   0.20402
   1377.2   0.20404
   1377.6   0.20411
   1377.9   0.20415
   1378.3   0.20412
   1378.7   0.20411
   1379.0   0.20416
   1379.4   0.20424
   1379.8   0.20425
   1380.1   0.20422
   1380.5   0.20427
   1380.9   0.20429
   1381.2   0.20430
   1381.6   0.20433
   1382.0   0.20432
   1382.3   0.20438
   1382.7   0.20438
   1383.1   0.20441
   1383.4   0.20453
   1383.8   0.20458
   1384.2   0.20457
   1384.6   0.20457
   1384.9   0.20461
   1385.3   0.20468
   1385.7   0.20469
   1386.0   0.20468
   1386.4   0.20471
   1386.8   0.20477
   1387.2   0.20482
   1387.5   0.20483
   1387.9   0.20486
   1388.3   0.20484
   1388.6   0.20485
   1389.0   0.20490
   1389.4   0.20493
   1389.8   0.20495
   1390.1   0.20498
   1390.5   0.20501
   1390.9   0.20502
   1391.2   0.20503
   1391.6   0.20505
   1392.0   0.20508
   1392.4   0.20509
   1392.7   0.20509
   1393.1   0.20516
   1393.5   0.20522
   1393.9   0.20520
   1394.2   0.20516
   1394.6   0.20523
   1395.0   0.20530
   1395.4   0.20528
   1395.7   0.20528
   1396.1   0.20538
   1396.5   0.20540
   1396.9   0.20534
   1397.2   0.20537
   1397.6   0.20550
   1398.0   0.20552
   1398.4   0.20552
   1398.8   0.20554
   1399.1   0.20552
   1399.5   0.20552
   1399.9   0.20552
   1400.3   0.20551
   1400.6   0.20554
   1401.0   0.20560
   1401.4   0.20567
   1401.8   0.20573
   1402.2   0.20575
   1402.5   0.20575
   1402.9   0.20576
   1403.3   0.20577
   1403.7   0.20580
   1404.1   0.20581
   1404.4   0.20585
   1404.8   0.20589
   1405.2   0.20588
   1405.6   0.20588
   1406.0   0.20594
   1406.3   0.20595
   1406.7   0.20600
   1407.1   0.20600
   1407.5   0.20598
   1407.9   0.20606
   1408.3   0.20614
   1408.6   0.20615
   1409.0   0.20614
   1409.4   0.20611
   1409.8   0.20610
   1410.2   0.20612
   1410.6   0.20614
   1410.9   0.20619
   1411.3   0.20626
   1411.7   0.20628
   1412.1   0.20622
   1412.5   0.20624
   1412.8   0.20633
   1413.2   0.20634
   1413.6   0.20633
   1414.0   0.20638
   1414.4   0.20641
   1414.8   0.20639
   1415.2   0.20644
   1415.6   0.20651
   1415.9   0.20657
   1416.3   0.20662
   1416.7   0.20665
   1417.1   0.20665
   1417.5   0.20667
   1417.9   0.20670
   1418.3   0.20668
   1418.7   0.20668
   1419.0   0.20672
   1419.4   0.20675
   1419.8   0.20680
   1420.2   0.20682
   1420.6   0.20680
   1421.0   0.20683
   1421.4   0.20683
   1421.8   0.20687
   1422.2   0.20691
   1422.5   0.20697
   1422.9   0.20700
   1423.3   0.20702
   1423.7   0.20703
   1424.1   0.20703
   1424.5   0.20710
   1424.9   0.20715
   1425.3   0.20711
   1425.7   0.20714
   1426.1   0.20718
   1426.5   0.20716
   1426.8   0.20720
   1427.2   0.20725
   1427.6   0.20731
   1428.0   0.20738
   1428.4   0.20734
   1428.8   0.20730
   1429.2   0.20731
   1429.6   0.20735
   1430.0   0.20742
   1430.4   0.20744
   1430.8   0.20745
   1431.2   0.20748
   1431.6   0.20744
   1432.0   0.20743
   1432.4   0.20751
   1432.8   0.20760
   1433.2   0.20763
   1433.6   0.20768
   1433.9   0.20769
   1434.3   0.20768
   1434.8   0.20773
   1435.1   0.20773
   1435.5   0.20771
   1435.9   0.20776
   1436.3   0.20778
   1436.7   0.20779
   1437.1   0.20786
   1437.5   0.20793
   1437.9   0.20793
   1438.3   0.20793
   1438.7   0.20791
   1439.1   0.20795
   1439.5   0.20796
   1439.9   0.20796
   1440.3   0.20802
   1440.7   0.20807
   1441.1   0.20806
   1441.5   0.20807
   1441.9   0.20814
   1442.3   0.20820
   1442.7   0.20815
   1443.1   0.20817
   1443.5   0.20826
   1443.9   0.20828
   1444.3   0.20826
   1444.7   0.20824
   1445.1   0.20827
   1445.6   0.20828
   1445.9   0.20828
   1446.3   0.20831
   1446.8   0.20838
   1447.2   0.20838
   1447.6   0.20833
   1448.0   0.20835
   1448.4   0.20841
   1448.8   0.20843
   1449.2   0.20844
   1449.6   0.20846
   1450.0   0.20848
   1450.4   0.20847
   1450.8   0.20853
   1451.2   0.20859
   1451.6   0.20860
   1452.0   0.20861
   1452.4   0.20868
   1452.8   0.20870
   1453.2   0.20869
   1453.7   0.20877
   1454.1   0.20880
   1454.5   0.20877
   1454.9   0.20877
   1455.3   0.20879
   1455.7   0.20882
   1456.1   0.20886
   1456.5   0.20889
   1456.9   0.20886
   1457.3   0.20892
   1457.7   0.20893
   1458.2   0.20890
   1458.6   0.20894
   1459.0   0.20903
   1459.4   0.20906
   1459.8   0.20901
   1460.2   0.20904
   1460.6   0.20909
   1461.0   0.20910
   1461.4   0.20910
   1461.8   0.20910
   1462.3   0.20913
   1462.7   0.20918
   1463.1   0.20921
   1463.5   0.20918
   1463.9   0.20918
   1464.3   0.20928
   1464.7   0.20931
   1465.2   0.20928
   1465.6   0.20931
   1466.0   0.20934
   1466.4   0.20939
   1466.8   0.20942
   1467.2   0.20944
   1467.6   0.20946
   1468.1   0.20951
   1468.5   0.20958
   1468.9   0.20959
   1469.3   0.20955
   1469.7   0.20957
   1470.1   0.20962
   1470.6   0.20962
   1471.0   0.20958
   1471.4   0.20959
   1471.8   0.20966
   1472.2   0.20974
   1472.6   0.20968
   1473.1   0.20965
   1473.5   0.20973
   1473.9   0.20981
   1474.3   0.20979
   1474.7   0.20978
   1475.2   0.20980
   1475.6   0.20984
   1476.0   0.20983
   1476.4   0.20983
   1476.8   0.20988
   1477.3   0.20991
   1477.7   0.20992
   1478.1   0.20991
   1478.5   0.20998
   1478.9   0.21001
   1479.4   0.20997
   1479.8   0.21000
   1480.2   0.21003
   1480.6   0.21005
   1481.1   0.21008
   1481.5   0.21013
   1481.9   0.21017
   1482.3   0.21021
   1482.8   0.21028
   1483.2   0.21025
   1483.6   0.21020
   1484.0   0.21022
   1484.4   0.21023
   1484.9   0.21030
   1485.3   0.21034
   1485.7   0.21032
   1486.2   0.21033
   1486.6   0.21036
   1487.0   0.21038
   1487.4   0.21037
   1487.9   0.21035
   1488.3   0.21036
   1488.7   0.21040
   1489.1   0.21043
   1489.6   0.21042
   1490.0   0.21045
   1490.4   0.21051
   1490.8   0.21051
   1491.3   0.21051
   1491.7   0.21057
   1492.1   0.21061
   1492.6   0.21061
   1493.0   0.21065
   1493.4   0.21069
   1493.9   0.21066
   1494.3   0.21063
   1494.7   0.21065
   1495.2   0.21071
   1495.6   0.21076
   1496.0   0.21075
   1496.4   0.21072
   1496.9   0.21074
   1497.3   0.21075
   1497.7   0.21082
   1498.2   0.21082
   1498.6   0.21084
   1499.0   0.21085
   1499.5   0.21084
   1499.9   0.21086
   1500.3   0.21094
   1500.8   0.21100
   1501.2   0.21098
   1501.7   0.21099
   1502.1   0.21101
   1502.5   0.21101
   1502.9   0.21105
   1503.4   0.21109
   1503.8   0.21111
   1504.3   0.21112
   1504.7   0.21113
   1505.1   0.21122
   1505.6   0.21116
   1506.0   0.21106
   1506.4   0.21108
   1506.9   0.21114
   1507.3   0.21118
   1507.8   0.21124
   1508.2   0.21126
   1508.6   0.21125
   1509.1   0.21126
   1509.5   0.21125
   1510.0   0.21124
   1510.4   0.21130
   1510.8   0.21132
   1511.3   0.21131
   1511.7   0.21136
   1512.2   0.21142
   1512.6   0.21144
   1513.0   0.21141
   1513.5   0.21142
   1513.9   0.21148
   1514.4   0.21152
   1514.8   0.21149
   1515.3   0.21150
   1515.7   0.21155
   1516.1   0.21156
   1516.6   0.21156
   1517.0   0.21159
   1517.5   0.21165
   1517.9   0.21166
   1518.4   0.21161
   1518.8   0.21163
   1519.3   0.21167
   1519.7   0.21163
   1520.1   0.21167
   1520.6   0.21172
   1521.0   0.21172
   1521.5   0.21172
   1521.9   0.21174
   1522.4   0.21179
   1522.8   0.21184
   1523.3   0.21184
   1523.7   0.21179
   1524.2   0.21182
   1524.6   0.21183
   1525.1   0.21187
   1525.5   0.21191
   1525.9   0.21194
   1526.4   0.21195
   1526.8   0.21197
   1527.3   0.21200
   1527.8   0.21199
   1528.2   0.21203
   1528.7   0.21204
   1529.1   0.21206
   1529.6   0.21208
   1530.0   0.21204
   1530.5   0.21202
   1530.9   0.21203
   1531.4   0.21210
   1531.8   0.21216
   1532.3   0.21213
   1532.7   0.21212
   1533.2   0.21210
   1533.6   0.21213
   1534.1   0.21218
   1534.5   0.21218
   1535.0   0.21220
   1535.4   0.21223
   1535.9   0.21226
   1536.3   0.21229
   1536.8   0.21227
   1537.3   0.21223
   1537.7   0.21225
   1538.2   0.21227
   1538.6   0.21233
   1539.1   0.21239
   1539.6   0.21239
   1540.0   0.21239
   1540.5   0.21239
   1540.9   0.21242
   1541.4   0.21244
   1541.8   0.21244
   1542.3   0.21245
   1542.8   0.21244
   1543.2   0.21249
   1543.7   0.21249
   1544.1   0.21248
   1544.6   0.21252
   1545.1   0.21255
   1545.5   0.21254
   1546.0   0.21256
   1546.4   0.21258
   1546.9   0.21256
   1547.4   0.21253
   1547.8   0.21251
   1548.3   0.21252
   1548.8   0.21258
   1549.2   0.21262
   1549.7   0.21267
   1550.1   0.21271
   1550.6   0.21268
   1551.1   0.21266
   1551.5   0.21269
   1552.0   0.21272
   1552.4   0.21275
   1552.9   0.21274
   1553.4   0.21276
   1553.8   0.21276
   1554.3   0.21276
   1554.8   0.21279
   1555.3   0.21284
   1555.7   0.21285
   1556.2   0.21282
   1556.7   0.21285
   1557.1   0.21292
   1557.6   0.21294
   1558.1   0.21293
   1558.5   0.21294
   1559.0   0.21289
   1559.5   0.21286
   1559.9   0.21291
   1560.4   0.21302
   1560.9   0.21309
   1561.3   0.21308
   1561.8   0.21303
   1562.3   0.21302
   1562.8   0.21302
   1563.2   0.21303
   1563.7   0.21305
   1564.2   0.21306
   1564.6   0.21307
   1565.1   0.21308
   1565.6   0.21309
   1566.1   0.21314
   1566.5   0.21316
   1567.0   0.21314
   1567.5   0.21315
   1567.9   0.21318
   1568.4   0.21322
   1568.9   0.21323
   1569.4   0.21317
   1569.8   0.21319
   1570.3   0.21324
   1570.8   0.21323
   1571.3   0.21324
   1571.8   0.21326
   1572.2   0.21329
   1572.7   0.21331
   1573.2   0.21327
   1573.7   0.21321
   1574.1   0.21322
   1574.6   0.21332
   1575.1   0.21338
   1575.6   0.21338
   1576.1   0.21335
   1576.5   0.21333
   1577.0   0.21337
   1577.5   0.21343
   1578.0   0.21346
   1578.4   0.21343
   1578.9   0.21343
   1579.4   0.21345
   1579.9   0.21348
   1580.4   0.21352
   1580.9   0.21351
   1581.3   0.21348
   1581.8   0.21350
   1582.3   0.21351
   1582.8   0.21352
   1583.3   0.21356
   1583.8   0.21358
   1584.2   0.21353
   1584.7   0.21352
   1585.2   0.21360
   1585.7   0.21361
   1586.2   0.21361
   1586.7   0.21362
   1587.2   0.21367
   1587.6   0.21369
   1588.1   0.21369
   1588.6   0.21369
   1589.1   0.21365
   1589.6   0.21374
   1590.1   0.21381
   1590.6   0.21376
   1591.0   0.21373
   1591.5   0.21375
   1592.0   0.21377
   1592.5   0.21380
   1593.0   0.21379
   1593.5   0.21376
   1594.0   0.21378
   1594.5   0.21380
   1595.0   0.21379
   1595.4   0.21379
   1595.9   0.21381
   1596.4   0.21384
   1596.9   0.21386
   1597.4   0.21386
   1597.9   0.21385
   1598.4   0.21387
   1598.9   0.21390
   1599.4   0.21391
   1599.9   0.21392
   1600.4   0.21391
   1600.9   0.21389
   1601.4   0.21392
   1601.9   0.21394
   1602.3   0.21398
   1602.8   0.21400
   1603.3   0.21397
   1603.8   0.21400
   1604.3   0.21405
   1604.8   0.21410
   1605.3   0.21407
   1605.8   0.21405
   1606.3   0.21403
   1606.8   0.21403
   1607.3   0.21402
   1607.8   0.21399
   1608.3   0.21403
   1608.8   0.21408
   1609.3   0.21404
   1609.8   0.21402
   1610.3   0.21405
   1610.8   0.21410
   1611.3   0.21412
   1611.8   0.21411
   1612.3   0.21414
   1612.8   0.21413
   1613.3   0.21414
   1613.8   0.21415
   1614.3   0.21415
   1614.8   0.21418
   1615.3   0.21417
   1615.8   0.21417
   1616.3   0.21421
   1616.8   0.21424
   1617.3   0.21423
   1617.8   0.21423
   1618.4   0.21425
   1618.9   0.21426
   1619.4   0.21421
   1619.9   0.21417
   1620.4   0.21426
   1620.9   0.21431
   1621.4   0.21429
   1621.9   0.21431
   1622.4   0.21432
   1622.9   0.21431
   1623.4   0.21432
   1623.9   0.21433
   1624.4   0.21432
   1624.9   0.21427
   1625.5   0.21428
   1626.0   0.21434
   1626.5   0.21436
   1627.0   0.21437
   1627.5   0.21439
   1628.0   0.21440
   1628.5   0.21445
   1629.0   0.21447
   1629.6   0.21446
   1630.1   0.21446
   1630.6   0.21452
   1631.1   0.21451
   1631.6   0.21448
   1632.1   0.21449
   1632.6   0.21447
   1633.1   0.21445
   1633.7   0.21446
   1634.2   0.21446
   1634.7   0.21449
   1635.2   0.21448
   1635.7   0.21451
   1636.2   0.21456
   1636.8   0.21454
   1637.3   0.21453
   1637.8   0.21448
   1638.3   0.21450
   1638.8   0.21458
   1639.3   0.21460
   1639.8   0.21460
   1640.4   0.21460
   1640.9   0.21460
   1641.4   0.21463
   1641.9   0.21461
   1642.4   0.21461
   1643.0   0.21465
   1643.5   0.21467
   1644.0   0.21466
   1644.5   0.21470
   1645.1   0.21471
   1645.6   0.21473
   1646.1   0.21468
   1646.6   0.21458
   1647.2   0.21459
   1647.7   0.21466
   1648.2   0.21469
   1648.7   0.21466
   1649.2   0.21468
   1649.8   0.21470
   1650.3   0.21472
   1650.8   0.21474
   1651.3   0.21473
   1651.9   0.21475
   1652.4   0.21478
   1652.9   0.21476
   1653.4   0.21478
   1654.0   0.21481
   1654.5   0.21477
   1655.0   0.21475
   1655.6   0.21477
   1656.1   0.21481
   1656.6   0.21482
   1657.2   0.21479
   1657.7   0.21480
   1658.2   0.21483
   1658.7   0.21485
   1659.3   0.21485
   1659.8   0.21486
   1660.3   0.21486
   1660.9   0.21487
   1661.4   0.21493
   1661.9   0.21494
   1662.5   0.21491
   1663.0   0.21493
   1663.5   0.21493
   1664.1   0.21490
   1664.6   0.21492
   1665.1   0.21492
   1665.7   0.21490
   1666.2   0.21493
   1666.7   0.21495
   1667.3   0.21494
   1667.8   0.21497
   1668.3   0.21495
   1668.9   0.21491
   1669.4   0.21499
   1670.0   0.21502
   1670.5   0.21500
   1671.0   0.21501
   1671.6   0.21500
   1672.1   0.21503
   1672.7   0.21505
   1673.2   0.21504
   1673.7   0.21502
   1674.3   0.21501
   1674.8   0.21503
   1675.4   0.21505
   1675.9   0.21509
   1676.4   0.21510
   1677.0   0.21512
   1677.5   0.21516
   1678.1   0.21514
   1678.6   0.21508
   1679.2   0.21511
   1679.7   0.21514
   1680.2   0.21513
   1680.8   0.21510
   1681.3   0.21511
   1681.9   0.21514
   1682.4   0.21518
   1683.0   0.21516
   1683.5   0.21513
   1684.1   0.21514
   1684.6   0.21519
   1685.2   0.21520
   1685.7   0.21518
   1686.3   0.21516
   1686.8   0.21514
   1687.3   0.21516
   1687.9   0.21517
   1688.4   0.21519
   1689.0   0.21521
   1689.6   0.21522
   1690.1   0.21523
   1690.7   0.21523
   1691.2   0.21524
   1691.8   0.21521
   1692.3   0.21521
   1692.9   0.21528
   1693.4   0.21526
   1694.0   0.21525
   1694.5   0.21528
   1695.1   0.21527
   1695.6   0.21528
   1696.2   0.21527
   1696.7   0.21525
   1697.3   0.21528
   1697.8   0.21530
   1698.4   0.21528
   1699.0   0.21529
   1699.5   0.21532
   1700.1   0.21535
   1700.6   0.21530
   1701.2   0.21527
   1701.8   0.21531
   1702.3   0.21536
   1702.9   0.21536
   1703.4   0.21536
   1704.0   0.21538
   1704.6   0.21539
   1705.1   0.21542
   1705.7   0.21538
   1706.2   0.21536
   1706.8   0.21537
   1707.4   0.21539
   1707.9   0.21541
   1708.5   0.21543
   1709.0   0.21542
   1709.6   0.21541
   1710.2   0.21540
   1710.7   0.21540
   1711.3   0.21543
   1711.9   0.21545
   1712.4   0.21546
   1713.0   0.21548
   1713.6   0.21549
   1714.1   0.21547
   1714.7   0.21542
   1715.3   0.21544
   1715.8   0.21548
   1716.4   0.21550
   1717.0   0.21550
   1717.5   0.21548
   1718.1   0.21547
   1718.7   0.21547
   1719.2   0.21549
   1719.8   0.21552
   1720.4   0.21550
   1721.0   0.21549
   1721.5   0.21554
   1722.1   0.21554
   1722.7   0.21554
   1723.2   0.21555
   1723.8   0.21555
   1724.4   0.21556
   1725.0   0.21563
   1725.5   0.21562
   1726.1   0.21557
   1726.7   0.21560
   1727.3   0.21562
   1727.8   0.21562
   1728.4   0.21562
   1729.0   0.21563
   1729.6   0.21564
   1730.1   0.21563
   1730.7   0.21563
   1731.3   0.21565
   1731.9   0.21566
   1732.5   0.21569
   1733.0   0.21570
   1733.6   0.21568
   1734.2   0.21567
   1734.8   0.21569
   1735.4   0.21569
   1735.9   0.21567
   1736.5   0.21568
   1737.1   0.21566
   1737.7   0.21565
   1738.3   0.21567
   1738.8   0.21569
   1739.4   0.21570
   1740.0   0.21575
   1740.6   0.21578
   1741.2   0.21577
   1741.8   0.21571
   1742.3   0.21574
   1742.9   0.21577
   1743.5   0.21574
   1744.1   0.21575
   1744.7   0.21578
   1745.3   0.21579
   1745.9   0.21578
   1746.5   0.21578
   1747.1   0.21578
   1747.6   0.21582
   1748.2   0.21583
   1748.8   0.21581
   1749.4   0.21583
   1750.0   0.21583
   1750.6   0.21587
   1751.2   0.21590
   1751.8   0.21587
   1752.4   0.21587
   1753.0   0.21588
   1753.6   0.21587
   1754.1   0.21584
   1754.7   0.21589
   1755.3   0.21594
   1755.9   0.21593
   1756.5   0.21593
   1757.1   0.21591
   1757.7   0.21591
   1758.3   0.21592
   1758.9   0.21594
   1759.5   0.21594
   1760.1   0.21594
   1760.7   0.21596
   1761.3   0.21598
   1761.9   0.21601
   1762.5   0.21603
   1763.1   0.21601
   1763.7   0.21598
   1764.3   0.21595
   1764.9   0.21598
   1765.5   0.21603
   1766.1   0.21603
   1766.7   0.21606
   1767.3   0.21606
   1767.9   0.21606
   1768.5   0.21607
   1769.1   0.21605
   1769.7   0.21601
   1770.3   0.21598
   1770.9   0.21600
   1771.5   0.21604
   1772.1   0.21609
   1772.7   0.21611
   1773.3   0.21612
   1773.9   0.21611
   1774.6   0.21613
   1775.2   0.21612
   1775.8   0.21609
   1776.4   0.21612
   1777.0   0.21615
   1777.6   0.21613
   1778.2   0.21610
   1778.8   0.21609
   1779.4   0.21610
   1780.0   0.21613
   1780.7   0.21613
   1781.3   0.21615
   1781.9   0.21615
   1782.5   0.21614
   1783.1   0.21618
   1783.7   0.21618
   1784.3   0.21619
   1784.9   0.21622
   1785.6   0.21622
   1786.2   0.21620
   1786.8   0.21621
   1787.4   0.21622
   1788.0   0.21624
   1788.6   0.21621
   1789.3   0.21620
   1789.9   0.21622
   1790.5   0.21621
   1791.1   0.21625
   1791.7   0.21629
   1792.3   0.21627
   1793.0   0.21625
   1793.6   0.21625
   1794.2   0.21627
   1794.8   0.21631
   1795.4   0.21632
   1796.1   0.21630
   1796.7   0.21629
   1797.3   0.21632
   1797.9   0.21631
   1798.6   0.21629
   1799.2   0.21632
   1799.8   0.21637
   1800.4   0.21638
   1801.1   0.21637
   1801.7   0.21642
   1802.3   0.21645
   1802.9   0.21639
   1803.6   0.21637
   1804.2   0.21639
   1804.8   0.21642
   1805.4   0.21643
   1806.1   0.21639
   1806.7   0.21644
   1807.3   0.21645
   1808.0   0.21642
   1808.6   0.21643
   1809.2   0.21644
   1809.9   0.21644
   1810.5   0.21646
   1811.1   0.21647
   1811.8   0.21647
   1812.4   0.21650
   1813.0   0.21654
   1813.7   0.21654
   1814.3   0.21653
   1814.9   0.21654
   1815.6   0.21655
   1816.2   0.21653
   1816.8   0.21651
   1817.5   0.21655
   1818.1   0.21658
   1818.8   0.21655
   1819.4   0.21655
   1820.0   0.21657
   1820.7   0.21658
   1821.3   0.21657
   1821.9   0.21660
   1822.6   0.21665
   1823.2   0.21662
   1823.9   0.21660
   1824.5   0.21664
   1825.2   0.21670
   1825.8   0.21669
   1826.4   0.21667
   1827.1   0.21669
   1827.7   0.21670
   1828.4   0.21670
   1829.0   0.21670
   1829.7   0.21669
   1830.3   0.21673
   1831.0   0.21679
   1831.6   0.21680
   1832.3   0.21679
   1832.9   0.21678
   1833.6   0.21677
   1834.2   0.21678
   1834.8   0.21681
   1835.5   0.21682
   1836.1   0.21683
   1836.8   0.21686
   1837.4   0.21685
   1838.1   0.21684
   1838.8   0.21683
   1839.4   0.21687
   1840.1   0.21691
   1840.7   0.21691
   1841.4   0.21690
   1842.0   0.21689
   1842.7   0.21691
   1843.3   0.21693
   1844.0   0.21694
   1844.6   0.21692
   1845.3   0.21695
   1845.9   0.21700
   1846.6   0.21703
   1847.3   0.21704
   1847.9   0.21702
   1848.6   0.21704
   1849.2   0.21708
   1849.9   0.21706
   1850.6   0.21704
   1851.2   0.21707
   1851.9   0.21711
   1852.6   0.21710
   1853.2   0.21712
   1853.9   0.21717
   1854.5   0.21720
   1855.2   0.21720
   1855.9   0.21718
   1856.5   0.21718
   1857.2   0.21718
   1857.9   0.21717
   1858.5   0.21718
   1859.2   0.21721
   1859.9   0.21726
   1860.5   0.21724
   1861.2   0.21723
   1861.9   0.21730
   1862.5   0.21732
   1863.2   0.21731
   1863.9   0.21731
   1864.5   0.21731
   1865.2   0.21736
   1865.9   0.21735
   1866.6   0.21735
   1867.2   0.21736
   1867.9   0.21737
   1868.6   0.21740
   1869.2   0.21743
   1869.9   0.21740
   1870.6   0.21741
   1871.3   0.21746
   1871.9   0.21747
   1872.6   0.21748
   1873.3   0.21747
   1874.0   0.21747
   1874.7   0.21749
   1875.3   0.21750
   1876.0   0.21756
   1876.7   0.21759
   1877.4   0.21759
   1878.0   0.21761
   1878.7   0.21758
   1879.4   0.21759
   1880.1   0.21763
   1880.8   0.21766
   1881.4   0.21765
   1882.1   0.21764
   1882.8   0.21767
   1883.5   0.21768
   1884.2   0.21769
   1884.9   0.21773
   1885.6   0.21775
   1886.2   0.21773
   1886.9   0.21773
   1887.6   0.21778
   1888.3   0.21777
   1889.0   0.21775
   1889.7   0.21776
   1890.4   0.21778
   1891.1   0.21777
   1891.8   0.21780
   1892.4   0.21783
   1893.1   0.21787
   1893.8   0.21791
   1894.5   0.21789
   1895.2   0.21789
   1895.9   0.21794
   1896.6   0.21801
   1897.3   0.21804
   1898.0   0.21801
   1898.7   0.21797
   1899.4   0.21795
   1900.1   0.21798
   1900.8   0.21800
   1901.5   0.21801
   1902.2   0.21802
   1902.9   0.21802
   1903.6   0.21806
   1904.3   0.21810
   1905.0   0.21811
   1905.7   0.21812
   1906.4   0.21814
   1907.1   0.21813
   1907.8   0.21816
   1908.5   0.21817
   1909.2   0.21819
   1909.9   0.21822
   1910.6   0.21823
   1911.3   0.21822
   1912.0   0.21818
   1912.7   0.21819
   1913.4   0.21821
   1914.1   0.21827
   1914.8   0.21832
   1915.5   0.21834
   1916.2   0.21833
   1916.9   0.21833
   1917.6   0.21837
   1918.3   0.21836
   1919.1   0.21835
   1919.8   0.21838
   1920.5   0.21840
   1921.2   0.21842
   1921.9   0.21847
   1922.6   0.21848
   1923.3   0.21850
   1924.0   0.21851
   1924.8   0.21853
   1925.5   0.21856
   1926.2   0.21855
   1926.9   0.21856
   1927.6   0.21859
   1928.3   0.21862
   1929.1   0.21867
   1929.8   0.21868
   1930.5   0.21864
   1931.2   0.21866
   1931.9   0.21873
   1932.7   0.21874
   1933.4   0.21874
   1934.1   0.21873
   1934.8   0.21878
   1935.5   0.21880
   1936.3   0.21880
   1937.0   0.21882
   1937.7   0.21884
   1938.4   0.21882
   1939.2   0.21884
   1939.9   0.21887
   1940.6   0.21890
   1941.3   0.21894
   1942.1   0.21896
   1942.8   0.21898
   1943.5   0.21898
   1944.2   0.21901
   1945.0   0.21909
   1945.7   0.21910
   1946.4   0.21909
   1947.2   0.21911
   1947.9   0.21915
   1948.6   0.21916
   1949.4   0.21917
   1950.1   0.21916
   1950.8   0.21919
   1951.6   0.21922
   1952.3   0.21927
   1953.0   0.21929
   1953.8   0.21933
   1954.5   0.21938
   1955.2   0.21938
   1956.0   0.21937
   1956.7   0.21938
   1957.5   0.21940
   1958.2   0.21941
   1958.9   0.21946
   1959.7   0.21948
   1960.4   0.21948
   1961.2   0.21950
   1961.9   0.21953
   1962.6   0.21956
   1963.4   0.21957
   1964.1   0.21956
   1964.9   0.21961
   1965.6   0.21970
   1966.4   0.21974
   1967.1   0.21975
   1967.9   0.21974
   1968.6   0.21977
   1969.3   0.21981
   1970.1   0.21982
   1970.8   0.21983
   1971.6   0.21987
   1972.3   0.21987
   1973.1   0.21990
   1973.8   0.21992
   1974.6   0.21995
   1975.3   0.21998
   1976.1   0.22003
   1976.9   0.22005
   1977.6   0.22002
   1978.4   0.22005
   1979.1   0.22008
   1979.9   0.22009
   1980.6   0.22010
   1981.4   0.22011
   1982.2   0.22016
   1982.9   0.22022
   1983.7   0.22023
   1984.4   0.22025
   1985.2   0.22026
   1985.9   0.22024
   1986.7   0.22030
   1987.5   0.22040
   1988.2   0.22046
   1989.0   0.22045
   1989.8   0.22042
   1990.5   0.22043
   1991.3   0.22047
   1992.1   0.22054
   1992.8   0.22059
   1993.6   0.22060
   1994.3   0.22061
   1995.1   0.22063
   1995.9   0.22064
   1996.7   0.22070
   1997.4   0.22071
   1998.2   0.22070
   1999.0   0.22070
   1999.7   0.22075
   2000.5   0.22083
   2001.3   0.22088
   2002.1   0.22091
   2002.8   0.22090
   2003.6   0.22094
   2004.4   0.22101
   2005.2   0.22100
   2005.9   0.22099
   2006.7   0.22104
   2007.5   0.22107
   2008.3   0.22107
   2009.0   0.22112
   2009.8   0.22119
   2010.6   0.22124
   2011.4   0.22123
   2012.2   0.22121
   2012.9   0.22127
   2013.7   0.22134
   2014.5   0.22138
   2015.3   0.22138
   2016.1   0.22139
   2016.8   0.22143
   2017.6   0.22144
   2018.4   0.22143
   2019.2   0.22150
   2020.0   0.22158
   2020.8   0.22162
   2021.6   0.22161
   2022.3   0.22163
   2023.1   0.22168
   2023.9   0.22171
   2024.7   0.22176
   2025.5   0.22177
   2026.3   0.22179
   2027.1   0.22187
   2027.9   0.22192
   2028.7   0.22189
   2029.5   0.22192
   2030.3   0.22194
   2031.1   0.22193
   2031.9   0.22198
   2032.7   0.22204
   2033.5   0.22206
   2034.3   0.22207
   2035.1   0.22213
   2035.8   0.22217
   2036.7   0.22222
   2037.4   0.22230
   2038.3   0.22235
   2039.1   0.22234
   2039.9   0.22237
   2040.7   0.22239
   2041.5   0.22241
   2042.3   0.22247
   2043.1   0.22250
   2043.9   0.22253
   2044.7   0.22258
   2045.5   0.22261
   2046.3   0.22262
   2047.1   0.22266
   2047.9   0.22270
   2048.7   0.22274
   2049.5   0.22277
   2050.4   0.22281
   2051.2   0.22285
   2052.0   0.22285
   2052.8   0.22288
   2053.6   0.22295
   2054.4   0.22300
   2055.2   0.22301
   2056.0   0.22305
   2056.9   0.22310
   2057.7   0.22315
   2058.5   0.22314
   2059.3   0.22314
   2060.1   0.22321
   2060.9   0.22328
   2061.8   0.22332
   2062.6   0.22335
   2063.4   0.22337
   2064.2   0.22338
   2065.1   0.22342
   2065.9   0.22352
   2066.7   0.22358
   2067.5   0.22360
   2068.3   0.22360
   2069.2   0.22363
   2070.0   0.22368
   2070.8   0.22373
   2071.6   0.22377
   2072.5   0.22380
   2073.3   0.22380
   2074.1   0.22384
   2075.0   0.22389
   2075.8   0.22391
   2076.6   0.22396
   2077.5   0.22402
   2078.3   0.22403
   2079.1   0.22408
   2080.0   0.22411
   2080.8   0.22418
   2081.6   0.22424
   2082.5   0.22428
   2083.3   0.22430
   2084.1   0.22429
   2085.0   0.22431
   2085.8   0.22441
   2086.6   0.22446
   2087.5   0.22448
   2088.3   0.22450
   2089.2   0.22451
   2090.0   0.22452
   2090.9   0.22456
   2091.7   0.22461
   2092.6   0.22471
   2093.4   0.22477
   2094.2   0.22478
   2095.1   0.22482
   2095.9   0.22488
   2096.8   0.22491
   2097.6   0.22493
   2098.5   0.22495
   2099.3   0.22496
   2100.2   0.22500
   2101.0   0.22506
   2101.9   0.22512
   2102.7   0.22515
   2103.6   0.22520
   2104.4   0.22526
   2105.3   0.22531
   2106.1   0.22532
   2107.0   0.22534
   2107.9   0.22542
   2108.7   0.22545
   2109.6   0.22547
   2110.4   0.22552
   2111.3   0.22558
   2112.1   0.22558
   2113.0   0.22560
   2113.9   0.22564
   2114.7   0.22569
   2115.6   0.22575
   2116.5   0.22581
   2117.3   0.22588
   2118.2   0.22589
   2119.1   0.22592
   2119.9   0.22599
   2120.8   0.22606
   2121.7   0.22610
   2122.5   0.22608
   2123.4   0.22610
   2124.3   0.22614
   2125.1   0.22620
   2126.0   0.22629
   2126.9   0.22635
   2127.8   0.22639
   2128.6   0.22644
   2129.5   0.22648
   2130.4   0.22652
   2131.3   0.22656
   2132.1   0.22659
   2133.0   0.22664
   2133.9   0.22669
   2134.8   0.22672
   2135.6   0.22674
   2136.5   0.22679
   2137.4   0.22684
   2138.3   0.22687
   2139.2   0.22691
   2140.1   0.22697
   2140.9   0.22703
   2141.8   0.22708
   2142.7   0.22712
   2143.6   0.22715
   2144.5   0.22719
   2145.4   0.22723
   2146.3   0.22726
   2147.1   0.22732
   2148.0   0.22733
   2148.9   0.22736
   2149.8   0.22741
   2150.7   0.22750
   2151.6   0.22757
   2152.5   0.22759
   2153.4   0.22761
   2154.3   0.22765
   2155.2   0.22771
   2156.1   0.22776
   2157.0   0.22781
   2157.9   0.22784
   2158.8   0.22788
   2159.7   0.22794
   2160.6   0.22799
   2161.5   0.22802
   2162.4   0.22806
   2163.3   0.22809
   2164.2   0.22811
   2165.1   0.22815
   2166.0   0.22820
   2166.9   0.22827
   2167.8   0.22835
   2168.7   0.22839
   2169.6   0.22842
   2170.5   0.22847
   2171.4   0.22851
   2172.3   0.22857
   2173.2   0.22859
   2174.1   0.22862
   2175.1   0.22871
   2176.0   0.22878
   2176.9   0.22882
   2177.8   0.22884
   2178.7   0.22890
   2179.6   0.22896
   2180.6   0.22901
   2181.5   0.22904
   2182.4   0.22905
   2183.3   0.22907
   2184.2   0.22915
   2185.1   0.22923
   2186.1   0.22926
   2187.0   0.22928
   2187.9   0.22929
   2188.8   0.22935
   2189.8   0.22944
   2190.7   0.22950
   2191.6   0.22953
   2192.5   0.22957
   2193.5   0.22962
   2194.4   0.22964
   2195.3   0.22970
   2196.3   0.22978
   2197.2   0.22986
   2198.1   0.22994
   2199.1   0.22998
   2200.0   0.22998
   2200.9   0.23002
   2201.9   0.23007
   2202.8   0.23008
   2203.7   0.23013
   2204.7   0.23021
   2205.6   0.23021
   2206.5   0.23027
   2207.5   0.23036
   2208.4   0.23042
   2209.4   0.23045
   2210.3   0.23052
   2211.2   0.23057
   2212.2   0.23057
   2213.1   0.23065
   2214.1   0.23071
   2215.0   0.23074
   2216.0   0.23080
   2216.9   0.23088
   2217.9   0.23090
   2218.8   0.23090
   2219.8   0.23094
   2220.7   0.23100
   2221.7   0.23105
   2222.6   0.23110
   2223.6   0.23117
   2224.5   0.23120
   2225.5   0.23127
   2226.4   0.23137
   2227.4   0.23137
   2228.4   0.23138
   2229.3   0.23139
   2230.3   0.23144
   2231.2   0.23155
   2232.2   0.23160
   2233.1   0.23164
   2234.1   0.23168
   2235.1   0.23173
   2236.0   0.23178
   2237.0   0.23183
   2238.0   0.23188
   2238.9   0.23194
   2239.9   0.23199
   2240.9   0.23203
   2241.8   0.23207
   2242.8   0.23210
   2243.8   0.23217
   2244.8   0.23226
   2245.7   0.23231
   2246.7   0.23234
   2247.7   0.23237
   2248.6   0.23240
   2249.6   0.23244
   2250.6   0.23253
   2251.6   0.23259
   2252.6   0.23262
   2253.5   0.23270
   2254.5   0.23275
   2255.5   0.23275
   2256.5   0.23275
   2257.5   0.23282
   2258.4   0.23291
   2259.4   0.23298
   2260.4   0.23299
   2261.4   0.23300
   2262.4   0.23307
   2263.4   0.23311
   2264.4   0.23318
   2265.4   0.23329
   2266.3   0.23330
   2267.3   0.23334
   2268.3   0.23340
   2269.3   0.23342
   2270.3   0.23346
   2271.3   0.23353
   2272.3   0.23355
   2273.3   0.23357
   2274.3   0.23361
   2275.3   0.23365
   2276.3   0.23369
   2277.3   0.23370
   2278.3   0.23376
   2279.3   0.23386
   2280.3   0.23393
   2281.3   0.23398
   2282.3   0.23401
   2283.3   0.23406
   2284.3   0.23412
   2285.3   0.23418
   2286.3   0.23426
   2287.3   0.23428
   2288.3   0.23436
   2289.4   0.23445
   2290.4   0.23446
   2291.4   0.23448
   2292.4   0.23455
   2293.4   0.23461
   2294.4   0.23466
   2295.4   0.23475
   2296.4   0.23480
   2297.5   0.23480
   2298.5   0.23485
   2299.5   0.23494
   2300.5   0.23497
   2301.6   0.23501
   2302.6   0.23509
   2303.6   0.23515
   2304.6   0.23519
   2305.6   0.23522
   2306.7   0.23528
   2307.7   0.23533
   2308.7   0.23538
   2309.8   0.23544
   2310.8   0.23550
   2311.8   0.23556
   2312.8   0.23561
   2313.9   0.23565
   2314.9   0.23570
   2315.9   0.23579
   2317.0   0.23584
   2318.0   0.23588
   2319.1   0.23590
   2320.1   0.23592
   2321.1   0.23597
   2322.2   0.23600
   2323.2   0.23609
   2324.3   0.23618
   2325.3   0.23622
   2326.3   0.23628
   2327.4   0.23634
   2328.4   0.23642
   2329.5   0.23647
   2330.5   0.23650
   2331.6   0.23654
   2332.6   0.23661
   2333.7   0.23668
   2334.7   0.23672
   2335.8   0.23673
   2336.8   0.23679
   2337.9   0.23685
   2338.9   0.23688
   2340.0   0.23692
   2341.0   0.23698
   2342.1   0.23704
   2343.1   0.23712
   2344.2   0.23720
   2345.3   0.23723
   2346.3   0.23729
   2347.4   0.23733
   2348.5   0.23735
   2349.5   0.23740
   2350.6   0.23747
   2351.7   0.23753
   2352.7   0.23757
   2353.8   0.23761
   2354.9   0.23764
   2355.9   0.23771
   2357.0   0.23778
   2358.1   0.23785
   2359.1   0.23792
   2360.2   0.23794
   2361.3   0.23797
   2362.4   0.23802
   2363.4   0.23808
   2364.5   0.23817
   2365.6   0.23822
   2366.7   0.23820
   2367.8   0.23824
   2368.9   0.23832
   2369.9   0.23838
   2371.0   0.23845
   2372.1   0.23852
   2373.2   0.23854
   2374.3   0.23858
   2375.4   0.23870
   2376.4   0.23877
   2377.5   0.23879
   2378.6   0.23884
   2379.7   0.23891
   2380.8   0.23897
   2381.9   0.23899
   2383.0   0.23903
   2384.1   0.23908
   2385.2   0.23910
   2386.3   0.23916
   2387.4   0.23926
   2388.5   0.23932
   2389.6   0.23935
   2390.7   0.23940
   2391.8   0.23949
   2392.9   0.23957
   2394.0   0.23964
   2395.1   0.23966
   2396.2   0.23969
   2397.3   0.23975
   2398.4   0.23980
   2399.5   0.23989
   2400.6   0.23994
   2401.8   0.23994
   2402.9   0.23998
   2404.0   0.24008
   2405.1   0.24015
   2406.2   0.24017
   2407.3   0.24022
   2408.5   0.24028
   2409.6   0.24030
   2410.7   0.24033
   2411.8   0.24043
   2412.9   0.24049
   2414.1   0.24053
   2415.2   0.24056
   2416.3   0.24061
   2417.4   0.24067
   2418.6   0.24072
   2419.7   0.24080
   2420.8   0.24089
   2422.0   0.24092
   2423.1   0.24093
   2424.2   0.24098
   2425.4   0.24107
   2426.5   0.24112
   2427.6   0.24115
   2428.8   0.24123
   2429.9   0.24126
   2431.1   0.24130
   2432.2   0.24136
   2433.3   0.24140
   2434.5   0.24142
   2435.6   0.24151
   2436.8   0.24159
   2437.9   0.24163
   2439.1   0.24167
   2440.2   0.24174
   2441.4   0.24178
   2442.5   0.24182
   2443.6   0.24185
   2444.8   0.24189
   2445.9   0.24198
   2447.1   0.24207
   2448.3   0.24214
   2449.4   0.24218
   2450.6   0.24220
   2451.7   0.24225
   2452.9   0.24229
   2454.1   0.24235
   2455.2   0.24239
   2456.4   0.24244
   2457.6   0.24251
   2458.7   0.24256
   2459.9   0.24258
   2461.1   0.24267
   2462.2   0.24274
   2463.4   0.24281
   2464.6   0.24286
   2465.7   0.24289
   2466.9   0.24293
   2468.1   0.24296
   2469.3   0.24300
   2470.4   0.24306
   2471.6   0.24314
   2472.8   0.24321
   2474.0   0.24327
   2475.1   0.24333
   2476.3   0.24334
   2477.5   0.24340
   2478.7   0.24348
   2479.9   0.24350
   2481.1   0.24353
   2482.3   0.24361
   2483.4   0.24369
   2484.6   0.24374
   2485.8   0.24375
   2487.0   0.24379
   2488.2   0.24389
   2489.4   0.24395
   2490.6   0.24401
   2491.8   0.24407
   2493.0   0.24409
   2494.2   0.24411
   2495.4   0.24418
   2496.6   0.24426
   2497.8   0.24430
   2499.0   0.24434
   2500.2   0.24440
   2501.4   0.24447
   2502.6   0.24453
   2503.8   0.24457
   2505.0   0.24463
   2506.3   0.24468
   2507.5   0.24469
   2508.7   0.24472
   2509.9   0.24478
   2511.1   0.24484
   2512.3   0.24490
   2513.5   0.24495
   2514.8   0.24503
   2516.0   0.24509
   2517.2   0.24507
   2518.4   0.24509
   2519.6   0.24514
   2520.9   0.24522
   2522.1   0.24528
   2523.3   0.24533
   2524.6   0.24539
   2525.8   0.24547
   2527.0   0.24551
   2528.2   0.24558
   2529.5   0.24567
   2530.7   0.24571
   2531.9   0.24577
   2533.2   0.24583
   2534.4   0.24591
   2535.7   0.24596
   2536.9   0.24600
   2538.1   0.24602
   2539.4   0.24604
   2540.6   0.24607
   2541.9   0.24612
   2543.1   0.24619
   2544.4   0.24622
   2545.6   0.24624
   2546.9   0.24626
   2548.1   0.24635
   2549.4   0.24642
   2550.6   0.24643
   2551.9   0.24649
   2553.1   0.24662
   2554.4   0.24671
   2555.6   0.24674
   2556.9   0.24682
   2558.2   0.24690
   2559.4   0.24693
   2560.7   0.24690
   2562.0   0.24693
   2563.2   0.24704
   2564.5   0.24712
   2565.8   0.24712
   2567.0   0.24717
   2568.3   0.24724
   2569.6   0.24728
   2570.9   0.24731
   2572.1   0.24736
   2573.4   0.24745
   2574.7   0.24751
   2576.0   0.24757
   2577.3   0.24757
   2578.5   0.24759
   2579.8   0.24764
   2581.1   0.24774
   2582.4   0.24779
   2583.7   0.24779
   2585.0   0.24784
   2586.2   0.24790
   2587.5   0.24794
   2588.8   0.24799
   2590.1   0.24807
   2591.4   0.24814
   2592.7   0.24819
   2594.0   0.24818
   2595.3   0.24820
   2596.6   0.24828
   2597.9   0.24837
   2599.2   0.24841
   2600.5   0.24842
   2601.8   0.24844
   2603.1   0.24846
   2604.4   0.24852
   2605.7   0.24856
   2607.1   0.24864
   2608.4   0.24868
   2609.7   0.24866
   2611.0   0.24871
   2612.3   0.24878
   2613.6   0.24882
   2614.9   0.24881
   2616.3   0.24885
   2617.6   0.24893
   2618.9   0.24898
   2620.2   0.24898
   2621.6   0.24899
   2622.9   0.24906
   2624.2   0.24911
   2625.5   0.24917
   2626.9   0.24921
   2628.2   0.24923
   2629.5   0.24927
   2630.9   0.24933
   2632.2   0.24937
   2633.5   0.24935
   2634.9   0.24941
   2636.2   0.24947
   2637.6   0.24949
   2638.9   0.24951
   2640.2   0.24954
   2641.6   0.24955
   2642.9   0.24961
   2644.3   0.24967
   2645.6   0.24971
   2647.0   0.24971
   2648.3   0.24974
   2649.7   0.24980
   2651.0   0.24982
   2652.4   0.24979
   2653.8   0.24977
   2655.1   0.24983
   2656.5   0.24990
   2657.8   0.24995
   2659.2   0.24998
   2660.6   0.24998
   2661.9   0.24999
   2663.3   0.25001
   2664.7   0.25007
   2666.0   0.25014
   2667.4   0.25016
   2668.8   0.25018
   2670.1   0.25019
   2671.5   0.25017
   2672.9   0.25008
   2674.3   0.25006
   2675.6   0.25008
   2677.0   0.25003
   2678.4   0.24996
   2679.8   0.24992
   2681.2   0.24999
   2682.6   0.25005
   2684.0   0.25003
   2685.4   0.24997
   2686.8   0.24994
   2688.1   0.24988
   2689.5   0.24979
   2690.9   0.24972
   2692.3   0.24974
   2693.7   0.24971
   2695.1   0.24964
   2696.5   0.24960
   2697.9   0.24952
   2699.3   0.24942
   2700.7   0.24933
   2702.1   0.24927
   2703.6   0.24919
   2705.0   0.24908
   2706.4   0.24895
   2707.8   0.24882
   2709.2   0.24867
   2710.6   0.24851
   2712.0   0.24840
   2713.5   0.24823
   2714.9   0.24804
   2716.3   0.24790
   2717.7   0.24776
   2719.1   0.24763
   2720.6   0.24742
   2722.0   0.24714
   2723.4   0.24697
   2724.9   0.24679
   2726.3   0.24654
   2727.7   0.24632
   2729.2   0.24615
   2730.6   0.24596
   2732.0   0.24573
   2733.5   0.24553
   2734.9   0.24534
   2736.4   0.24510
   2737.8   0.24483
   2739.3   0.24453
   2740.7   0.24424
   2742.2   0.24401
   2743.6   0.24382
   2745.1   0.24355
   2746.5   0.24326
   2748.0   0.24296
   2749.4   0.24268
   2750.9   0.24240
   2752.3   0.24212
   2753.8   0.24186
   2755.3   0.24154
   2756.7   0.24116
   2758.2   0.24083
   2759.7   0.24055
   2761.1   0.24034
   2762.6   0.24015
   2764.1   0.23980
   2765.6   0.23944
   2767.0   0.23919
   2768.5   0.23888
   2770.0   0.23858
   2771.5   0.23831
   2772.9   0.23811
   2774.4   0.23790
   2775.9   0.23768
   2777.4   0.23743
   2778.9   0.23718
   2780.4   0.23695
   2781.9   0.23671
   2783.4   0.23649
   2784.9   0.23633
   2786.4   0.23613
   2787.9   0.23588
   2789.4   0.23563
   2790.9   0.23545
   2792.4   0.23523
   2793.9   0.23501
   2795.4   0.23479
   2796.9   0.23458
   2798.4   0.23443
   2799.9   0.23436
   2801.4   0.23424
   2802.9   0.23406
   2804.4   0.23391
   2806.0   0.23377
   2807.5   0.23363
   2809.0   0.23347
   2810.5   0.23333
   2812.1   0.23325
   2813.6   0.23314
   2815.1   0.23302
   2816.6   0.23289
   2818.2   0.23278
   2819.7   0.23268
   2821.2   0.23257
   2822.8   0.23246
   2824.3   0.23239
   2825.8   0.23232
   2827.4   0.23226
   2828.9   0.23220
   2830.5   0.23215
   2832.0   0.23208
   2833.6   0.23200
   2835.1   0.23195
   2836.7   0.23190
   2838.2   0.23185
   2839.8   0.23182
   2841.3   0.23171
   2842.9   0.23159
   2844.4   0.23154
   2846.0   0.23145
   2847.6   0.23138
   2849.1   0.23139
   2850.7   0.23139
   2852.3   0.23132
   2853.8   0.23124
   2855.4   0.23120
   2857.0   0.23118
   2858.6   0.23119
   2860.1   0.23115
   2861.7   0.23103
   2863.3   0.23093
   2864.9   0.23090
   2866.4   0.23091
   2868.0   0.23094
   2869.6   0.23091
   2871.2   0.23081
   2872.8   0.23075
   2874.4   0.23074
   2876.0   0.23071
   2877.6   0.23067
   2879.2   0.23064
   2880.8   0.23058
   2882.4   0.23056
   2884.0   0.23057
   2885.6   0.23053
   2887.2   0.23053
   2888.8   0.23047
   2890.4   0.23045
   2892.0   0.23048
   2893.6   0.23046
   2895.3   0.23045
   2896.9   0.23043
   2898.5   0.23044
   2900.1   0.23044
   2901.7   0.23036
   2903.4   0.23031
   2905.0   0.23033
   2906.6   0.23039
   2908.3   0.23038
   2909.9   0.23036
   2911.5   0.23040
   2913.1   0.23038
   2914.8   0.23035
   2916.4   0.23037
   2918.1   0.23037
   2919.7   0.23033
   2921.4   0.23029
   2923.0   0.23028
   2924.7   0.23026
   2926.3   0.23029
   2928.0   0.23035
   2929.6   0.23036
   2931.3   0.23036
   2932.9   0.23037
   2934.6   0.23039
   2936.3   0.23045
   2937.9   0.23046
   2939.6   0.23048
   2941.2   0.23049
   2942.9   0.23048
   2944.6   0.23045
   2946.3   0.23050
   2947.9   0.23055
   2949.6   0.23055
   2951.3   0.23055
   2953.0   0.23059
   2954.6   0.23062
   2956.3   0.23064
   2958.0   0.23067
   2959.7   0.23072
   2961.4   0.23076
   2963.1   0.23079
   2964.8   0.23082
   2966.5   0.23087
   2968.2   0.23093
   2969.9   0.23099
   2971.6   0.23106
   2973.3   0.23108
   2975.0   0.23113
   2976.7   0.23124
   2978.4   0.23129
   2980.1   0.23133
   2981.8   0.23140
   2983.6   0.23145
   2985.3   0.23154
   2987.0   0.23159
   2988.7   0.23159
   2990.4   0.23167
   2992.2   0.23179
   2993.9   0.23186
   2995.6   0.23192
   2997.4   0.23199
   2999.1   0.23206
   3000.8   0.23214
   3002.6   0.23223
   3004.3   0.23233
   3006.0   0.23238
   3007.8   0.23246
   3009.5   0.23259
   3011.3   0.23268
   3013.0   0.23268
   3014.8   0.23269
   3016.5   0.23277
   3018.3   0.23289
   3020.0   0.23299
   3021.8   0.23304
   3023.6   0.23308
   3025.3   0.23321
   3027.1   0.23333
   3028.9   0.23332
   3030.6   0.23338
   3032.4   0.23349
   3034.2   0.23358
   3036.0   0.23366
   3037.7   0.23370
   3039.5   0.23373
   3041.3   0.23381
   3043.1   0.23383
   3044.9   0.23385
   3046.7   0.23392
   3048.4   0.23394
   3050.2   0.23400
   3052.0   0.23410
   3053.8   0.23417
   3055.6   0.23427
   3057.4   0.23436
   3059.2   0.23436
   3061.1   0.23438
   3062.9   0.23439
   3064.7   0.23441
   3066.5   0.23447
   3068.3   0.23456
   3070.1   0.23466
   3071.9   0.23474
   3073.8   0.23472
   3075.6   0.23474
   3077.4   0.23483
   3079.2   0.23492
   3081.1   0.23497
   3082.9   0.23502
   3084.7   0.23511
   3086.6   0.23521
   3088.4   0.23530
   3090.2   0.23533
   3092.1   0.23535
   3093.9   0.23540
   3095.8   0.23548
   3097.6   0.23554
   3099.5   0.23565
   3101.3   0.23575
   3103.2   0.23578
   3105.0   0.23585
   3106.9   0.23595
   3108.8   0.23606
   3110.6   0.23609
   3112.5   0.23613
   3114.4   0.23622
   3116.2   0.23633
   3118.1   0.23646
   3120.0   0.23656
   3121.9   0.23655
   3123.7   0.23659
   3125.6   0.23670
   3127.5   0.23681
   3129.4   0.23691
   3131.3   0.23699
   3133.2   0.23706
   3135.1   0.23718
   3137.0   0.23730
   3138.9   0.23739
   3140.8   0.23744
   3142.7   0.23751
   3144.6   0.23763
   3146.5   0.23772
   3148.4   0.23782
   3150.3   0.23793
   3152.2   0.23805
   3154.1   0.23815
   3156.1   0.23823
   3158.0   0.23832
   3159.9   0.23840
   3161.8   0.23852
   3163.8   0.23866
   3165.7   0.23872
   3167.6   0.23880
   3169.6   0.23888
   3171.5   0.23897
   3173.4   0.23909
   3175.4   0.23922
   3177.3   0.23932
   3179.3   0.23939
   3181.2   0.23954
   3183.2   0.23962
   3185.1   0.23966
   3187.1   0.23973
   3189.1   0.23981
   3191.0   0.23986
   3193.0   0.23998
   3194.9   0.24011
   3196.9   0.24026
   3198.9   0.24041
   3200.9   0.24050
   3202.9   0.24057
   3204.8   0.24066
   3206.8   0.24084
   3208.8   0.24092
   3210.8   0.24093
   3212.8   0.24101
   3214.8   0.24118
   3216.8   0.24135
   3218.8   0.24141
   3220.8   0.24148
   3222.8   0.24163
   3224.8   0.24181
   3226.8   0.24197
   3228.8   0.24207
   3230.8   0.24209
   3232.8   0.24212
   3234.8   0.24221
   3236.8   0.24231
   3238.9   0.24243
   3240.9   0.24255
   3242.9   0.24266
   3244.9   0.24279
   3247.0   0.24281
   3249.0   0.24284
   3251.0   0.24297
   3253.1   0.24306
   3255.1   0.24306
   3257.2   0.24317
   3259.2   0.24333
   3261.3   0.24345
   3263.3   0.24361
   3265.4   0.24375
   3267.4   0.24385
   3269.5   0.24391
   3271.6   0.24400
   3273.6   0.24406
   3275.7   0.24414
   3277.8   0.24424
   3279.8   0.24433
   3281.9   0.24442
   3284.0   0.24452
   3286.1   0.24465
   3288.1   0.24473
   3290.2   0.24479
   3292.3   0.24488
   3294.4   0.24494
   3296.5   0.24500
   3298.6   0.24509
   3300.7   0.24516
   3302.8   0.24523
   3304.9   0.24537
   3307.0   0.24545
   3309.1   0.24558
   3311.2   0.24568
   3313.4   0.24575
   3315.5   0.24578
   3317.6   0.24579
   3319.7   0.24587
   3321.9   0.24598
   3324.0   0.24607
   3326.1   0.24614
   3328.3   0.24621
   3330.4   0.24631
   3332.5   0.24634
   3334.7   0.24640
   3336.8   0.24640
   3339.0   0.24641
   3341.1   0.24646
   3343.3   0.24647
   3345.4   0.24652
   3347.6   0.24658
   3349.8   0.24654
   3351.9   0.24651
   3354.1   0.24654
   3356.3   0.24658
   3358.4   0.24659
   3360.6   0.24650
   3362.8   0.24632
   3365.0   0.24620
   3367.1   0.24603
   3369.3   0.24593
   3371.5   0.24594
   3373.7   0.24596
   3375.9   0.24601
   3378.1   0.24613
   3380.3   0.24635
   3382.5   0.24663
   3384.7   0.24681
   3386.9   0.24690
   3389.1   0.24699
   3391.4   0.24708
   3393.6   0.24706
   3395.8   0.24696
   3398.0   0.24688
   3400.3   0.24680
   3402.5   0.24674
   3404.7   0.24663
   3407.0   0.24652
   3409.2   0.24645
   3411.4   0.24653
   3413.7   0.24656
   3415.9   0.24657
   3418.2   0.24670
   3420.4   0.24689
   3422.7   0.24712
   3425.0   0.24735
   3427.2   0.24763
   3429.5   0.24788
   3431.8   0.24803
   3434.0   0.24822
   3436.3   0.24841
   3438.6   0.24857
   3440.9   0.24873
   3443.2   0.24891
   3445.4   0.24898
   3447.7   0.24913
   3450.0   0.24929
   3452.3   0.24938
   3454.6   0.24947
   3456.9   0.24961
   3459.2   0.24973
   3461.6   0.24979
   3463.9   0.24990
   3466.2   0.25000
   3468.5   0.25001
   3470.8   0.24998
   3473.1   0.25005
   3475.5   0.25010
   3477.8   0.25013
   3480.1   0.25021
   3482.5   0.25033
   3484.8   0.25031
   3487.2   0.25026
   3489.5   0.25023
   3491.9   0.25024
   3494.2   0.25026
   3496.6   0.25025
   3498.9   0.25028
   3501.3   0.25037
   3503.6   0.25057
   3506.0   0.25075
   3508.4   0.25088
   3510.8   0.25109
   3513.1   0.25133
   3515.5   0.25146
   3517.9   0.25162
   3520.3   0.25175
   3522.7   0.25191
   3525.1   0.25202
   3527.5   0.25205
   3529.9   0.25217
   3532.3   0.25235
   3534.7   0.25237
   3537.1   0.25236
   3539.5   0.25239
   3541.9   0.25248
   3544.4   0.25257
   3546.8   0.25256
   3549.2   0.25261
   3551.6   0.25267
   3554.1   0.25281
   3556.5   0.25293
   3559.0   0.25298
   3561.4   0.25303
   3563.9   0.25306
   3566.3   0.25310
   3568.8   0.25313
   3571.2   0.25320
   3573.7   0.25326
   3576.1   0.25328
   3578.6   0.25332
   3581.1   0.25347
   3583.6   0.25359
   3586.0   0.25365
   3588.5   0.25367
   3591.0   0.25364
   3593.5   0.25367
   3596.0   0.25375
   3598.5   0.25380
   3601.0   0.25384
   3603.5   0.25378
   3606.0   0.25380
   3608.5   0.25383
   3611.0   0.25392
   3613.5   0.25397
   3616.0   0.25393
   3618.6   0.25401
   3621.1   0.25407
   3623.6   0.25412
   3626.1   0.25418
   3628.7   0.25422
   3631.2   0.25425
   3633.8   0.25434
   3636.3   0.25437
   3638.9   0.25433
   3641.4   0.25436
   3644.0   0.25437
   3646.6   0.25437
   3649.1   0.25443
   3651.7   0.25450
   3654.3   0.25454
   3656.9   0.25460
   3659.4   0.25467
   3662.0   0.25472
   3664.6   0.25477
   3667.2   0.25481
   3669.8   0.25486
   3672.4   0.25491
   3675.0   0.25495
   3677.6   0.25501
   3680.2   0.25507
   3682.8   0.25513
   3685.4   0.25518
   3688.1   0.25524
   3690.7   0.25527
   3693.3   0.25530
   3695.9   0.25533
   3698.6   0.25538
   3701.2   0.25543
   3703.9   0.25549
   3706.5   0.25553
   3709.2   0.25556
   3711.8   0.25560
   3714.5   0.25563
   3717.1   0.25568
   3719.8   0.25574
   3722.5   0.25580
   3725.2   0.25582
   3727.8   0.25586
   3730.5   0.25593
   3733.2   0.25596
   3735.9   0.25599
   3738.6   0.25602
   3741.3   0.25606
   3744.0   0.25609
   3746.7   0.25612
   3749.4   0.25615
   3752.1   0.25621
   3754.8   0.25624
   3757.6   0.25628
   3760.3   0.25633
   3763.0   0.25637
   3765.7   0.25640
   3768.5   0.25645
   3771.2   0.25650
   3774.0   0.25653
   3776.7   0.25655
   3779.5   0.25656
   3782.2   0.25657
   3785.0   0.25660
   3787.7   0.25664
   3790.5   0.25666
   3793.3   0.25668
   3796.1   0.25668
   3798.8   0.25670
   3801.6   0.25676
   3804.4   0.25680
   3807.2   0.25682
   3810.0   0.25684
   3812.8   0.25686
   3815.6   0.25686
   3818.4   0.25686
   3821.2   0.25686
   3824.1   0.25689
   3826.9   0.25692
   3829.7   0.25694
   3832.5   0.25698
   3835.4   0.25699
   3838.2   0.25699
   3841.1   0.25699
   3843.9   0.25698
   3846.8   0.25699
   3849.6   0.25703
   3852.5   0.25707
   3855.3   0.25709
   3858.2   0.25709
   3861.1   0.25710
   3863.9   0.25711
   3866.8   0.25713
   3869.7   0.25716
   3872.6   0.25715
   3875.5   0.25715
   3878.4   0.25718
   3881.3   0.25719
   3884.2   0.25721
   3887.1   0.25725
   3890.0   0.25723
   3893.0   0.25720
   3895.9   0.25717
   3898.8   0.25716
   3901.7   0.25716
   3904.7   0.25717
   3907.6   0.25718
   3910.6   0.25721
   3913.5   0.25722
   3916.5   0.25721
   3919.4   0.25720
   3922.4   0.25721
   3925.4   0.25722
   3928.4   0.25723
   3931.3   0.25721
   3934.3   0.25719
   3937.3   0.25719
   3940.3   0.25721
   3943.3   0.25721
   3946.3   0.25720
   3949.3   0.25717
   3952.3   0.25715
   3955.3   0.25714
   3958.3   0.25713
   3961.4   0.25714
   3964.4   0.25717
   3967.4   0.25715
   3970.5   0.25712
   3973.5   0.25710
   3976.6   0.25709
   3979.6   0.25708
   3982.6   0.25708
   3985.7   0.25709
   3988.8   0.25706
   3991.9   0.25702
   3994.9   0.25699
   3998.0   0.25696
   4001.1   0.25695
   4004.2   0.25693
   4007.3   0.25691
   4010.4   0.25691
   4013.5   0.25689
   4016.6   0.25689
   4019.7   0.25689
   4022.8   0.25686
   4025.9   0.25686
   4029.1   0.25685
   4032.2   0.25684
   4035.3   0.25684
   4038.5   0.25679
   4041.6   0.25676
   4044.8   0.25678
   4047.9   0.25679
   4051.1   0.25677
   4054.3   0.25674
   4057.4   0.25672
   4060.6   0.25671
   4063.8   0.25668
   4067.0   0.25667
   4070.2   0.25665
   4073.4   0.25662
   4076.6   0.25659
   4079.8   0.25655
   4083.0   0.25651
   4086.2   0.25650
   4089.4   0.25649
   4092.7   0.25646
   4095.9   0.25643
   4099.1   0.25639
   4102.4   0.25635
   4105.6   0.25630
   4108.9   0.25629
   4112.1   0.25627
   4115.4   0.25624
   4118.7   0.25624
   4122.0   0.25621
   4125.2   0.25613
   4128.5   0.25610
   4131.8   0.25607
   4135.1   0.25602
   4138.4   0.25598
   4141.7   0.25594
   4145.0   0.25590
   4148.3   0.25587
   4151.6   0.25582
   4155.0   0.25578
   4158.3   0.25577
   4161.6   0.25575
   4165.0   0.25571
   4168.3   0.25566
   4171.7   0.25560
   4175.0   0.25555
   4178.4   0.25551
   4181.8   0.25548
   4185.2   0.25544
   4188.5   0.25540
   4191.9   0.25537
   4195.3   0.25535
   4198.7   0.25530
   4202.1   0.25525
   4205.5   0.25522
   4208.9   0.25519
   4212.4   0.25512
   4215.8   0.25506
   4219.2   0.25500
   4222.6   0.25493
   4226.1   0.25485
   4229.5   0.25479
   4233.0   0.25472
   4236.5   0.25467
   4239.9   0.25460
   4243.4   0.25453
   4246.9   0.25445
   4250.3   0.25436
   4253.8   0.25427
   4257.3   0.25419
   4260.8   0.25407
   4264.3   0.25395
   4267.8   0.25384
   4271.3   0.25373
   4274.9   0.25360
   4278.4   0.25347
   4281.9   0.25334
   4285.5   0.25320
   4289.0   0.25305
   4292.6   0.25291
   4296.1   0.25275
   4299.7   0.25257
   4303.3   0.25239
   4306.8   0.25223
   4310.4   0.25205
   4314.0   0.25187
   4317.6   0.25169
   4321.2   0.25154
   4324.8   0.25140
   4328.4   0.25126
   4332.0   0.25113
   4335.6   0.25097
   4339.3   0.25081
   4342.9   0.25067
   4346.5   0.25054
   4350.2   0.25038
   4353.8   0.25019
   4357.5   0.25003
   4361.1   0.24988
   4364.8   0.24975
   4368.5   0.24962
   4372.2   0.24949
   4375.9   0.24936
   4379.6   0.24923
   4383.3   0.24908
   4387.0   0.24892
   4390.7   0.24877
   4394.4   0.24867
   4398.1   0.24857
   4401.9   0.24847
   4405.6   0.24835
   4409.4   0.24826
   4413.1   0.24819
   4416.9   0.24814
   4420.6   0.24806
   4424.4   0.24796
   4428.2   0.24787
   4432.0   0.24779
   4435.8   0.24772
   4439.6   0.24764
   4443.4   0.24753
   4447.2   0.24747
   4451.0   0.24740
   4454.8   0.24729
   4458.6   0.24717
   4462.5   0.24708
   4466.3   0.24699
   4470.2   0.24688
   4474.0   0.24676
   4477.9   0.24662
   4481.8   0.24647
   4485.6   0.24634
   4489.5   0.24618
   4493.4   0.24602
   4497.3   0.24585
   4501.2   0.24565
   4505.1   0.24547
   4509.0   0.24533
   4513.0   0.24513
   4516.9   0.24490
   4520.9   0.24468
   4524.8   0.24449
   4528.7   0.24429
   4532.7   0.24405
   4536.7   0.24379
   4540.6   0.24354
   4544.6   0.24327
   4548.6   0.24302
   4552.6   0.24273
   4556.6   0.24244
   4560.6   0.24215
   4564.6   0.24187
   4568.6   0.24154
   4572.7   0.24119
   4576.7   0.24086
   4580.8   0.24055
   4584.8   0.24021
   4588.9   0.23984
   4592.9   0.23949
   4597.0   0.23911
   4601.1   0.23870
   4605.2   0.23830
   4609.3   0.23786
   4613.4   0.23745
   4617.5   0.23701
   4621.6   0.23655
   4625.7   0.23611
   4629.8   0.23566
   4634.0   0.23517
   4638.1   0.23472
   4642.3   0.23424
   4646.4   0.23379
   4650.6   0.23336
   4654.8   0.23296
   4659.0   0.23255
   4663.1   0.23216
   4667.3   0.23173
   4671.5   0.23132
   4675.8   0.23090
   4680.0   0.23050
   4684.2   0.23010
   4688.4   0.22967
   4692.7   0.22924
   4696.9   0.22882
   4701.2   0.22839
   4705.5   0.22797
   4709.7   0.22755
   4714.0   0.22712
   4718.3   0.22666
   4722.6   0.22624
   4726.9   0.22583
   4731.2   0.22543
   4735.5   0.22501
   4739.9   0.22461
   4744.2   0.22420
   4748.5   0.22381
   4752.9   0.22340
   4757.3   0.22300
   4761.6   0.22260
   4766.0   0.22221
   4770.4   0.22181
   4774.8   0.22144
   4779.2   0.22106
   4783.6   0.22066
   4788.0   0.22026
   4792.4   0.21987
   4796.9   0.21946
   4801.3   0.21903
   4805.8   0.21860
   4810.2   0.21820
   4814.7   0.21779
   4819.1   0.21736
   4823.6   0.21689
   4828.1   0.21642
   4832.6   0.21596
   4837.1   0.21551
   4841.6   0.21503
   4846.2   0.21456
   4850.7   0.21410
   4855.3   0.21366
   4859.8   0.21318
   4864.4   0.21268
   4868.9   0.21220
   4873.5   0.21172
   4878.1   0.21122
   4882.7   0.21072
   4887.3   0.21021
   4891.9   0.20970
   4896.5   0.20919
   4901.1   0.20867
   4905.8   0.20811
   4910.4   0.20755
   4915.1   0.20698
   4919.7   0.20642
   4924.4   0.20584
   4929.1   0.20528
   4933.8   0.20470
   4938.5   0.20412
   4943.2   0.20353
   4947.9   0.20296
   4952.6   0.20241
   4957.4   0.20188
   4962.1   0.20136
   4966.9   0.20085
   4971.6   0.20033
   4976.4   0.19981
   4981.2   0.19931
   4986.0   0.19885
   4990.8   0.19835
   4995.6   0.19785
   5000.4   0.19736
   5005.2   0.19689
   5010.0   0.19643
   5014.9   0.19596
   5019.8   0.19549
   5024.6   0.19499
   5029.5   0.19448
   5034.4   0.19400
   5039.3   0.19353
   5044.2   0.19307
   5049.1   0.19259
   5054.0   0.19211
   5058.9   0.19162
   5063.9   0.19115
   5068.8   0.19066
   5073.8   0.19021
   5078.8   0.18976
   5083.7   0.18933
   5088.7   0.18885
   5093.7   0.18838
   5098.7   0.18790
   5103.7   0.18742
   5108.8   0.18691
   5113.8   0.18639
   5118.9   0.18586
   5123.9   0.18533
   5129.0   0.18478
   5134.1   0.18422
   5139.1   0.18366
   5144.3   0.18312
   5149.4   0.18257
   5154.5   0.18198
   5159.6   0.18143
   5164.7   0.18091
   5169.9   0.18039
   5175.0   0.17991
   5180.2   0.17944
   5185.4   0.17899
   5190.6   0.17851
   5195.8   0.17808
   5201.0   0.17768
   5206.2   0.17727
   5211.5   0.17690
   5216.7   0.17652
   5222.0   0.17606
   5227.2   0.17565
   5232.5   0.17526
   5237.8   0.17486
   5243.1   0.17444
   5248.4   0.17403
   5253.7   0.17361
   5259.0   0.17319
   5264.4   0.17276
   5269.7   0.17237
   5275.1   0.17200
   5280.5   0.17161
   5285.8   0.17124
   5291.2   0.17093
   5296.6   0.17058
   5302.0   0.17025
   5307.5   0.16998
   5312.9   0.16974
   5318.4   0.16949
   5323.8   0.16926
   5329.3   0.16902
   5334.8   0.16877
   5340.3   0.16851
   5345.8   0.16830
   5351.3   0.16807
   5356.8   0.16772
   5362.4   0.16734
   5367.9   0.16698
   5373.5   0.16663
   5379.0   0.16626
   5384.6   0.16584
   5390.2   0.16546
   5395.8   0.16508
   5401.5   0.16471
   5407.1   0.16430
   5412.7   0.16393
   5418.4   0.16365
   5424.1   0.16337
   5429.7   0.16294
   5435.4   0.16260
   5441.1   0.16231
   5446.9   0.16205
   5452.6   0.16183
   5458.3   0.16169
   5464.1   0.16164
   5469.8   0.16152
   5475.6   0.16140
   5481.4   0.16137
   5487.2   0.16127
   5493.0   0.16124
   5498.8   0.16124
   5504.7   0.16126
   5510.5   0.16124
   5516.4   0.16122
   5522.3   0.16125
   5528.1   0.16126
   5534.0   0.16119
   5540.0   0.16115
   5545.9   0.16106
   5551.8   0.16098
   5557.8   0.16080
   5563.7   0.16055
   5569.7   0.16027
   5575.7   0.16006
   5581.7   0.15971
   5587.7   0.15916
   5593.7   0.15865
   5599.8   0.15824
   5605.8   0.15779
   5611.9   0.15733
   5618.0   0.15686
   5624.1   0.15638
   5630.2   0.15594
   5636.3   0.15566
   5642.4   0.15543
   5648.6   0.15498
   5654.7   0.15458
   5660.9   0.15427
   5667.1   0.15392
   5673.3   0.15376
   5679.5   0.15358
   5685.7   0.15337
   5692.0   0.15325
   5698.2   0.15309
   5704.5   0.15298
   5710.8   0.15295
   5717.1   0.15272
   5723.4   0.15243
   5729.7   0.15211
   5736.0   0.15183
   5742.4   0.15153
   5748.8   0.15124
   5755.1   0.15077
   5761.5   0.15049
   5768.0   0.15022
   5774.4   0.14949
   5780.8   0.14877
   5787.3   0.14816
   5793.7   0.14753
   5800.2   0.14694
   5806.7   0.14630
   5813.2   0.14575
   5819.8   0.14534
   5826.3   0.14471
   5832.8   0.14381
   5839.4   0.14302
   5846.0   0.14231
   5852.6   0.14167
   5859.2   0.14102
   5865.8   0.14035
   5872.5   0.13968
   5879.1   0.13931
   5885.8   0.13858
   5892.5   0.13775
   5899.2   0.13705
   5905.9   0.13605
   5912.6   0.13523
   5919.4   0.13452
   5926.2   0.13383
   5932.9   0.13335
   5939.7   0.13262
   5946.5   0.13152
   5953.4   0.13063
   5960.2   0.12985
   5967.1   0.12919
   5974.0   0.12843
   5980.8   0.12763
   5987.8   0.12702
   5994.7   0.12632
   6001.6   0.12556
   6008.6   0.12498
   6015.5   0.12453
   6022.5   0.12402
   6029.5   0.12362
   6036.5   0.12336
   6043.6   0.12345
   6050.6   0.12358
   6057.7   0.12309
   6064.8   0.12277
   6071.9   0.12281
   6079.0   0.12266
   6086.1   0.12240
   6093.3   0.12225
   6100.5   0.12213
   6107.6   0.12210
   6114.9   0.12208
   6122.1   0.12168
   6129.3   0.12130
   6136.5   0.12108
   6143.8   0.12089
   6151.1   0.12066
   6158.4   0.12048
   6165.7   0.12020
   6173.1   0.11994
   6180.4   0.11992
   6187.8   0.11984
   6195.2   0.11946
   6202.6   0.11922
   6210.0   0.11909
   6217.5   0.11897
   6225.0   0.11885
   6232.4   0.11875
   6239.9   0.11864
   6247.5   0.11852
   6255.0   0.11840
   6262.5   0.11831
   6270.1   0.11821
   6277.7   0.11810
   6285.3   0.11798
   6292.9   0.11787
   6300.6   0.11775
   6308.3   0.11764
   6315.9   0.11754
   6323.6   0.11746
   6331.4   0.11741
   6339.1   0.11751
   6346.9   0.11757
   6354.6   0.11734
   6362.4   0.11728
   6370.3   0.11738
   6378.1   0.11731
   6385.9   0.11720
   6393.8   0.11717
   6401.7   0.11722
   6409.6   0.11750
   6417.6   0.11747
   6425.5   0.11695
   6433.5   0.11660
   6441.5   0.11627
   6449.5   0.11594
   6457.5   0.11558
   6465.6   0.11528
   6473.6   0.11509
   6481.7   0.11493
   6489.8   0.11487
   6498.0   0.11462
   6506.1   0.11405
   6514.3   0.11372
   6522.5   0.11354
   6530.7   0.11318
   6538.9   0.11288
   6547.2   0.11265
   6555.5   0.11238
   6563.8   0.11212
   6572.1   0.11195
   6580.4   0.11155
   6588.8   0.11114
   6597.2   0.11081
   6605.6   0.11048
   6614.0   0.11027
   6622.5   0.11012
   6630.9   0.11018
   6639.4   0.11023
   6647.9   0.10989
   6656.5   0.10957
   6665.0   0.10952
   6673.6   0.10953
   6682.2   0.10956
   6690.8   0.10943
   6699.5   0.10929
   6708.1   0.10928
   6716.8   0.10918
   6725.5   0.10898
   6734.3   0.10878
   6743.0   0.10856
   6751.8   0.10835
   6760.6   0.10809
   6769.4   0.10788
   6778.3   0.10765
   6787.1   0.10743
   6796.0   0.10707
   6805.0   0.10659
   6813.9   0.10621
   6822.9   0.10595
   6831.9   0.10563
   6840.9   0.10526
   6849.9   0.10505
   6859.0   0.10497
   6868.0   0.10468
   6877.2   0.10413
   6886.3   0.10375
   6895.5   0.10347
   6904.6   0.10321
   6913.8   0.10289
   6923.1   0.10252
   6932.3   0.10218
   6941.6   0.10181
   6950.9   0.10148
   6960.2   0.10117
   6969.6   0.10064
   6979.0   0.10008
   6988.4   0.09963
   6997.8   0.09916
   7007.3   0.09864
   7016.8   0.09813
   7026.3   0.09766
   7035.8   0.09722
   7045.4   0.09685
   7054.9   0.09631
   7064.5   0.09574
   7074.2   0.09525
   7083.9   0.09478
   7093.5   0.09429
   7103.3   0.09382
   7113.0   0.09335
   7122.8   0.09284
   7132.6   0.09233
   7142.4   0.09190
   7152.2   0.09141
   7162.1   0.09088
   7172.0   0.09035
   7182.0   0.08972
   7191.9   0.08910
   7201.9   0.08854
   7211.9   0.08790
   7222.0   0.08720
   7232.0   0.08656
   7242.1   0.08593
   7252.3   0.08527
   7262.4   0.08461
   7272.6   0.08398
   7282.8   0.08333
   7293.1   0.08262
   7303.3   0.08193
   7313.6   0.08125
   7324.0   0.08057
   7334.3   0.07983
   7344.7   0.07905
   7355.1   0.07826
   7365.6   0.07746
   7376.1   0.07664
   7386.6   0.07581
   7397.1   0.07496
   7407.7   0.07415
   7418.3   0.07331
   7428.9   0.07245
   7439.6   0.07160
   7450.2   0.07076
   7461.0   0.06992
   7471.7   0.06907
   7482.5   0.06821
   7493.3   0.06734
   7504.1   0.06644
   7515.0   0.06559
   7525.9   0.06471
   7536.9   0.06382
   7547.9   0.06293
   7558.9   0.06206
   7569.9   0.06118
   7581.0   0.06034
   7592.0   0.05948
   7603.2   0.05862
   7614.4   0.05776
   7625.5   0.05691
   7636.8   0.05605
   7648.0   0.05518
   7659.3   0.05426
   7670.7   0.05331
   7682.0   0.05236
   7693.4   0.05143
   7704.9   0.05043
   7716.3   0.04946
   7727.8   0.04847
   7739.4   0.04746
   7750.9   0.04644
   7762.5   0.04544
   7774.2   0.04443
   7785.8   0.04344
   7797.5   0.04240
   7809.3   0.04135
   7821.1   0.04033
   7832.9   0.03931
   7844.7   0.03827
   7856.6   0.03723
   7868.5   0.03617
   7880.5   0.03512
   7892.5   0.03406
   7904.5   0.03305
   7916.6   0.03203
   7928.7   0.03099
   7940.8   0.02994
   7953.0   0.02891
   7965.2   0.02789
   7977.5   0.02693
   7989.8   0.02595
   8002.1   0.02503
   8014.5   0.02412
   8026.9   0.02326
   8039.3   0.02244
   8051.8   0.02168
   8064.3   0.02090
   8076.9   0.02020
   8089.5   0.01951
   8102.1   0.01889
   8114.8   0.01835
   8127.5   0.01785
   8140.3   0.01739
   8153.1   0.01701
   8165.9   0.01665
   8178.8   0.01641
   8191.7   0.01621
   8204.7   0.01606
   8217.7   0.01597
   8230.7   0.01597
   8243.8   0.01597
   8257.0   0.01608
   8270.1   0.01627
   8283.3   0.01652
   8296.6   0.01675
   8309.9   0.01703
   8323.2   0.01729
   8336.6   0.01754
   8350.0   0.01777
   8363.5   0.01803
   8377.0   0.01829
   8390.5   0.01852
   8404.2   0.01871
   8417.8   0.01897
   8431.5   0.01921
   8445.2   0.01945
   8459.0   0.01962
   8472.8   0.01977
   8486.7   0.01983
   8500.6   0.01989
   8514.5   0.01991
   8528.5   0.01994
   8542.6   0.01998
   8556.7   0.02002
   8570.8   0.02002
   8585.0   0.02005
   8599.3   0.02004
   8613.5   0.01999
   8627.9   0.01992
   8642.3   0.01993
   8656.7   0.01993
   8671.2   0.01993
   8685.7   0.01991
   8700.3   0.01994
   8714.9   0.01994
   8729.5   0.01996
   8744.3   0.01998
   8759.0   0.02000
   8773.9   0.02005
   8788.7   0.02009
   8803.7   0.02005
   8818.6   0.02006
   8833.7   0.02009
   8848.7   0.02020
   8863.8   0.02033
   8879.0   0.02046
   8894.3   0.02055
   8909.5   0.02070
   8924.9   0.02083
   8940.3   0.02097
   8955.7   0.02109
   8971.2   0.02122
   8986.8   0.02134
   9002.3   0.02150
   9018.0   0.02157
   9033.7   0.02163
   9049.5   0.02166
   9065.3   0.02166
   9081.2   0.02158
   9097.1   0.02149
   9113.1   0.02134
   9129.1   0.02122
   9145.2   0.02112
   9161.4   0.02103
   9177.6   0.02090
   9193.9   0.02085
   9210.2   0.02082
   9226.6   0.02086
   9243.0   0.02092
   9259.5   0.02099
   9276.1   0.02103
   9292.7   0.02113
   9309.4   0.02120
   9326.2   0.02127
   9343.0   0.02139
   9359.8   0.02153
   9376.8   0.02162
   9393.8   0.02174
   9410.8   0.02189
   9427.9   0.02205
   9445.1   0.02223
   9462.3   0.02243
   9479.6   0.02265
   9497.0   0.02289
   9514.4   0.02312
   9531.9   0.02337
   9549.4   0.02362
   9567.0   0.02387
   9584.7   0.02403
   9602.5   0.02416
   9620.3   0.02429
   9638.2   0.02443
   9656.1   0.02450
   9674.2   0.02461
   9692.2   0.02471
   9710.4   0.02477
   9728.6   0.02478
   9746.9   0.02481
   9765.2   0.02480
   9783.7   0.02478
   9802.2   0.02472
   9820.7   0.02470
   9839.4   0.02472
   9858.1   0.02474
   9876.8   0.02471
   9895.7   0.02470
   9914.6   0.02474
   9933.6   0.02482
   9952.7   0.02488
   9971.8   0.02500
   9991.0   0.02509
  10010.3   0.02522
  10029.7   0.02540
  10049.1   0.02557
  10068.6   0.02570
  10088.2   0.02586
  10107.9   0.02607
  10127.6   0.02628
  10147.5   0.02641
  10167.3   0.02655
  10187.3   0.02671
  10207.4   0.02690
  10227.5   0.02712
  10247.7   0.02743
  10268.0   0.02779
  10288.4   0.02817
  10308.8   0.02854
  10329.4   0.02889
  10350.0   0.02922
  10370.7   0.02958
  10391.5   0.02988
  10412.3   0.03018
  10433.3   0.03047
  10454.3   0.03070
  10475.4   0.03090
  10496.7   0.03116
  10517.9   0.03139
  10539.3   0.03160
  10560.8   0.03181
  10582.3   0.03204
  10604.0   0.03221
  10625.7   0.03241
  10647.5   0.03259
  10669.4   0.03267
  10691.4   0.03273
  10713.5   0.03290
  10735.7   0.03307
  10758.0   0.03321
  10780.3   0.03329
  10802.8   0.03328
  10825.4   0.03321
  10848.0   0.03317
  10870.8   0.03308
  10893.6   0.03294
  10916.5   0.03279
  10939.5   0.03272
  10962.7   0.03266
  10985.9   0.03266
  11009.2   0.03266
  11032.7   0.03266
  11056.2   0.03269
  11079.8   0.03276
  11103.5   0.03285
  11127.4   0.03304
  11151.3   0.03321
  11175.3   0.03341
  11199.5   0.03363
  11223.7   0.03398
  11248.0   0.03436
  11272.5   0.03473
  11297.1   0.03507
  11321.7   0.03550
  11346.5   0.03590
  11371.4   0.03624
  11396.4   0.03660
  11421.5   0.03699
  11446.7   0.03726
  11472.0   0.03750
  11497.5   0.03773
  11523.0   0.03799
  11548.7   0.03818
  11574.4   0.03833
  11600.3   0.03845
  11626.3   0.03860
  11652.5   0.03875
  11678.7   0.03891
  11705.1   0.03910
  11731.6   0.03934
  11758.2   0.03954
  11784.9   0.03971
  11811.7   0.03980
  11838.7   0.03985
  11865.8   0.03984
  11893.0   0.03978
  11920.3   0.03984
  11947.8   0.04019
  11975.4   0.04066
  12003.1   0.04116
  12031.0   0.04169
  12059.0   0.04230
  12087.1   0.04284
  12115.3   0.04333
  12143.7   0.04379
  12172.2   0.04420
  12200.8   0.04444
  12229.6   0.04461
  12258.5   0.04467
  12287.6   0.04464
  12316.8   0.04449
  12346.1   0.04419
  12375.5   0.04376
  12405.2   0.04326
  12434.9   0.04265
  12464.8   0.04194
  12494.8   0.04112
  12525.0   0.04023
  12555.3   0.03932
  12585.8   0.03845
  12616.4   0.03753
  12647.2   0.03650
  12678.1   0.03540
  12709.2   0.03421
  12740.4   0.03287
  12771.8   0.03152
  12803.3   0.03026
  12835.0   0.02913
  12866.9   0.02812
  12898.9   0.02737
  12931.1   0.02682
  12963.4   0.02639
  12995.9   0.02604
  13028.5   0.02564
  13061.3   0.02516
  13094.3   0.02472
  13127.5   0.02433
  13160.8   0.02411
  13194.3   0.02402
  13228.0   0.02402
  13261.8   0.02417
  13295.8   0.02436
  13330.0   0.02441
  13364.3   0.02441
  13398.8   0.02435
  13433.6   0.02406
  13468.5   0.02362
  13503.5   0.02319
  13538.8   0.02278
  13574.2   0.02238
  13609.9   0.02197
  13645.7   0.02175
  13681.7   0.02177
  13717.9   0.02184
  13754.3   0.02192
  13790.8   0.02216
  13827.6   0.02245
  13864.6   0.02275
  13901.8   0.02301
  13939.2   0.02313
  13976.7   0.02314
  14014.5   0.02303
  14052.5   0.02277
  14090.7   0.02236
  14129.0   0.02179
  14167.6   0.02130
  14206.5   0.02084
  14245.5   0.02031
  14284.7   0.01978
  14324.2   0.01947
  14363.9   0.01922
  14403.8   0.01899
  14443.9   0.01867
  14484.3   0.01838
  14524.8   0.01815
  14565.6   0.01794
  14606.7   0.01774
  14647.9   0.01765
  14689.4   0.01758
  14731.2   0.01748
  14773.1   0.01733
  14815.3   0.01721
  14857.8   0.01712
  14900.5   0.01724
  14943.4   0.01732
  14986.6   0.01755
  15030.0   0.01781
  15073.7   0.01801
  15117.7   0.01820
  15161.9   0.01837
  15206.3   0.01852
  15251.1   0.01877
  15296.1   0.01891
  15341.3   0.01904
  15386.8   0.01926
  15432.6   0.01949
  15478.7   0.01970
  15525.0   0.02001
  15571.7   0.02031
  15618.6   0.02046
  15665.8   0.02062
  15713.2   0.02091
  15761.0   0.02107
  15809.0   0.02124
  15857.4   0.02143
  15906.0   0.02165
  15955.0   0.02188
  16004.2   0.02213
  16053.8   0.02219
  16103.6   0.02223
  16153.8   0.02220
  16204.3   0.02197
  16255.1   0.02187
  16306.2   0.02203
  16357.6   0.02226
  16409.4   0.02264
  16461.5   0.02293
  16513.9   0.02320
  16566.7   0.02369
  16619.8   0.02406
  16673.2   0.02422
  16727.0   0.02441
  16781.1   0.02482
  16835.6   0.02533
  16890.5   0.02568
  16945.7   0.02606
  17001.2   0.02638
  17057.2   0.02645
  17113.4   0.02651
  17170.1   0.02660
  17227.2   0.02649
  17284.6   0.02636
  17342.4   0.02626
  17400.6   0.02625
  17459.2   0.02618
  17518.2   0.02637
  17577.5   0.02686
  17637.3   0.02718
  17697.5   0.02739
  17758.1   0.02764
  17819.2   0.02787
  17880.6   0.02786
  17942.5   0.02773
  18004.8   0.02781
  18067.5   0.02794
  18130.7   0.02814
  18194.3   0.02843
  18258.4   0.02893
  18322.9   0.02951
  18387.9   0.03014
  18453.3   0.03068
  18519.2   0.03089
  18585.6   0.03087
  18652.4   0.03103
  18719.8   0.03108
  18787.6   0.03122
  18855.9   0.03140
  18924.7   0.03148
  18994.1   0.03176
  19063.9   0.03205
  19134.2   0.03216
  19205.1   0.03239
  19276.5   0.03238
  19348.4   0.03252
  19420.9   0.03280
  19493.9   0.03283
  19567.5   0.03324
  19641.6   0.03324
  19716.3   0.03289
  19791.6   0.03298
  19867.4   0.03339
  19943.8   0.03346
  20020.8   0.03312
  20098.4   0.03257
  20176.6   0.03209
  20255.4   0.03173
  20334.9   0.03140
  20414.9   0.03126
  20495.6   0.03118
  20576.9   0.03115
  20658.9   0.03120
  20741.6   0.03104
  20824.8   0.03088
  20908.8   0.03083
  20993.5   0.03071
  21078.8   0.03032
  21164.8   0.02986
  21251.6   0.02985
  21339.1   0.03009
  21427.2   0.03002
  21516.1   0.03004
  21605.8   0.03028
  21696.2   0.03013
  21787.3   0.02989
  21879.3   0.02967
  21972.0   0.02938
  22065.5   0.02919
  22159.8   0.02920
  22254.9   0.02906
  22350.8   0.02867
  22447.6   0.02884
  22545.2   0.02891
  22643.6   0.02864
  22742.9   0.02877
  22843.1   0.02924
  22944.2   0.03002
  23046.2   0.03063
  23149.1   0.03101
  23252.9   0.03172
  23357.6   0.03233
  23463.3   0.03269
  23569.9   0.03284
  23677.6   0.03319
  23786.2   0.03336
  23895.8   0.03338
  24006.4   0.03332
  24118.1   0.03337
  24230.8   0.03353
  24344.5   0.03384
  24459.3   0.03391
  24575.3   0.03409
  24692.3   0.03430
  24810.4   0.03445
  24929.7   0.03464
  25050.1   0.03487
  25171.7   0.03513
  25294.5   0.03541
  25418.5   0.03568
  25543.7   0.03559
  25670.2   0.03548
  25797.9   0.03576
  25926.9   0.03607
  26057.2   0.03627
  26188.8   0.03636
  26321.7   0.03639
  26456.0   0.03646
  26591.7   0.03650
  26728.8   0.03640
  26867.2   0.03628
  27007.2   0.03615
  27148.6   0.03613
  27291.5   0.03605
  27435.9   0.03579
  27581.8   0.03563
  27729.3   0.03549
  27878.4   0.03541
  28029.1   0.03574
  28181.4   0.03610
  28335.4   0.03626
  28491.1   0.03636
  28648.5   0.03687
  28807.7   0.03737
  28968.6   0.03777
  29131.3   0.03811
  29295.9   0.03855
  29462.4   0.03908
  29630.7   0.03904
  29801.0   0.03904
  29973.3   0.03877
  30147.5   0.03848
  30323.8   0.03837
  30502.2   0.03858
  30682.7   0.03801
  30865.3   0.03784
  31050.2   0.03799
  31237.2   0.03754
  31426.5   0.03731
  31618.2   0.03751
  31812.1   0.03772
  32008.5   0.03774
  32207.3   0.03772
  32408.6   0.03794
  32612.4   0.03844
  32818.8   0.03913
  33027.9   0.04036
  33239.6   0.04060
  33454.1   0.04028
  33671.3   0.04006
  33891.4   0.04028
  34114.3   0.04003
  34340.3   0.03986
  34569.2   0.03967
  34801.2   0.03916
  35036.3   0.03897
  35274.7   0.03925
  35516.3   0.03945
  35761.2   0.03995
  36009.6   0.03969
  36261.4   0.03899
  36516.7   0.03882
  36775.7   0.03881
  37038.4   0.03851
  37304.9   0.03810
  37575.2   0.03767
  37849.5   0.03768
  38127.8   0.03765
  38410.2   0.03734
  38696.8   0.03711
  38987.8   0.03636
  39283.2   0.03672
  39583.0   0.03766
  39887.5   0.03714
  40196.7   0.03753
  40510.8   0.03845
  40829.7   0.03931
  41153.8   0.04009
  41483.0   0.04069
  41817.6   0.04137
  42157.5   0.04145
  42503.1   0.04142
  42854.4   0.04214
  43211.5   0.04295
  43574.6   0.04399
  43943.9   0.04459
  44319.5   0.04329
  44701.5   0.04301
  45090.2   0.04402
  45485.8   0.04414
  45888.3   0.04422
  46298.0   0.04432
  46715.1   0.04449
  47139.8   0.04409
  47572.3   0.04386
  48012.8   0.04483
  48461.5   0.04500
  48918.6   0.04558
  49384.6   0.04571
  49859.4   0.04504
  50343.5   0.04530
  50837.0   0.04613
  51340.4   0.04611
  51853.8   0.04554
  52377.6   0.04566
  52912.0   0.04557
  53457.5   0.04497
  54014.4   0.04420
  54582.9   0.04431
  55163.6   0.04461
  55756.8   0.04536
  56362.8   0.04640
  56982.2   0.04679
  57615.3   0.04587
  58262.7   0.04527
  58924.7   0.04416
  59602.0   0.04402
  60295.1   0.04376
  61004.4   0.04316
  61730.7   0.04266
  62474.4   0.04511
  63236.3   0.04535
  64017.0   0.04408
  64817.2   0.04647
  65637.7   0.04806
  66479.2   0.04720
  67342.6   0.04921
  68228.6   0.05199
  69138.4   0.05101
  70072.7   0.04955
  71032.6   0.05104
  72019.1   0.04907
  73033.5   0.04944
  74076.8   0.05279
  75150.4   0.05304
  76255.5   0.05104
  77393.7   0.05389
  78566.3   0.05795
  79775.0   0.05504
  81021.5   0.05406
  82307.6   0.05230
  83635.1   0.05391
  85006.2   0.05909
  86423.0   0.05935
  87887.8   0.05511
  89403.0   0.05538
  90971.5   0.06045
  92596.0   0.06466
  94279.6   0.06440
  96025.5   0.05775
  97837.3   0.05559
  99718.8   0.06311



 BIR1LS134           .ASC                        

 LS-GJT-134                                                              
 Apollo 73241,87 <150 um                                                 
 Connected at 3.65 & 19.4 um                                             

 Source Ang: 30.00   Detect Ang:  0.00  Volt: 1.222
 Date: 19-JUN-14   Time: 16:20:33
