  6171
    833.3   0.11700
    833.5   0.11715
    833.6   0.11588
    833.7   0.11588
    833.9   0.11537
    834.0   0.11471
    834.1   0.11552
    834.3   0.11663
    834.4   0.11623
    834.5   0.11414
    834.7   0.11378
    834.8   0.11528
    835.0   0.11570
    835.1   0.11617
    835.2   0.11634
    835.3   0.11624
    835.5   0.11583
    835.6   0.11577
    835.8   0.11492
    835.9   0.11539
    836.0   0.11675
    836.2   0.11719
    836.3   0.11563
    836.4   0.11494
    836.6   0.11500
    836.7   0.11468
    836.8   0.11438
    837.0   0.11429
    837.1   0.11446
    837.2   0.11509
    837.4   0.11493
    837.5   0.11480
    837.6   0.11442
    837.8   0.11489
    837.9   0.11525
    838.0   0.11480
    838.2   0.11514
    838.3   0.11530
    838.5   0.11515
    838.6   0.11528
    838.7   0.11528
    838.9   0.11514
    839.0   0.11530
    839.1   0.11490
    839.3   0.11423
    839.4   0.11574
    839.5   0.11597
    839.7   0.11522
    839.8   0.11559
    840.0   0.11508
    840.1   0.11466
    840.2   0.11467
    840.4   0.11418
    840.5   0.11461
    840.6   0.11478
    840.8   0.11452
    840.9   0.11496
    841.0   0.11561
    841.2   0.11487
    841.3   0.11504
    841.5   0.11531
    841.6   0.11492
    841.7   0.11531
    841.9   0.11496
    842.0   0.11395
    842.1   0.11334
    842.3   0.11317
    842.4   0.11283
    842.5   0.11339
    842.7   0.11392
    842.8   0.11415
    843.0   0.11497
    843.1   0.11510
    843.2   0.11530
    843.4   0.11528
    843.5   0.11442
    843.6   0.11472
    843.8   0.11465
    843.9   0.11312
    844.0   0.11305
    844.2   0.11432
    844.3   0.11529
    844.5   0.11499
    844.6   0.11383
    844.7   0.11268
    844.9   0.11323
    845.0   0.11451
    845.2   0.11515
    845.3   0.11541
    845.4   0.11523
    845.6   0.11536
    845.7   0.11516
    845.8   0.11595
    846.0   0.11573
    846.1   0.11416
    846.3   0.11371
    846.4   0.11368
    846.5   0.11323
    846.7   0.11407
    846.8   0.11477
    847.0   0.11468
    847.1   0.11452
    847.2   0.11415
    847.4   0.11414
    847.5   0.11452
    847.6   0.11451
    847.8   0.11436
    847.9   0.11416
    848.1   0.11415
    848.2   0.11406
    848.3   0.11307
    848.5   0.11377
    848.6   0.11506
    848.8   0.11490
    848.9   0.11499
    849.0   0.11477
    849.2   0.11411
    849.3   0.11360
    849.5   0.11374
    849.6   0.11409
    849.7   0.11339
    849.9   0.11343
    850.0   0.11431
    850.1   0.11429
    850.3   0.11406
    850.4   0.11418
    850.6   0.11433
    850.7   0.11387
    850.8   0.11308
    851.0   0.11334
    851.1   0.11361
    851.3   0.11288
    851.4   0.11301
    851.5   0.11332
    851.7   0.11339
    851.8   0.11294
    852.0   0.11346
    852.1   0.11440
    852.2   0.11422
    852.4   0.11437
    852.5   0.11478
    852.7   0.11495
    852.8   0.11471
    852.9   0.11420
    853.1   0.11420
    853.2   0.11338
    853.4   0.11199
    853.5   0.11280
    853.6   0.11362
    853.8   0.11323
    853.9   0.11360
    854.1   0.11435
    854.2   0.11353
    854.3   0.11307
    854.5   0.11302
    854.6   0.11267
    854.8   0.11269
    854.9   0.11263
    855.0   0.11271
    855.2   0.11349
    855.3   0.11337
    855.5   0.11309
    855.6   0.11273
    855.8   0.11166
    855.9   0.11266
    856.0   0.11405
    856.2   0.11275
    856.3   0.11213
    856.5   0.11318
    856.6   0.11368
    856.8   0.11389
    856.9   0.11332
    857.0   0.11319
    857.2   0.11348
    857.3   0.11315
    857.5   0.11361
    857.6   0.11418
    857.7   0.11421
    857.9   0.11321
    858.0   0.11241
    858.2   0.11350
    858.3   0.11394
    858.5   0.11389
    858.6   0.11381
    858.7   0.11365
    858.9   0.11300
    859.0   0.11268
    859.2   0.11305
    859.3   0.11248
    859.4   0.11283
    859.6   0.11331
    859.7   0.11265
    859.9   0.11220
    860.0   0.11252
    860.2   0.11268
    860.3   0.11276
    860.4   0.11287
    860.6   0.11277
    860.7   0.11248
    860.9   0.11230
    861.0   0.11217
    861.2   0.11168
    861.3   0.11164
    861.4   0.11227
    861.6   0.11253
    861.7   0.11232
    861.9   0.11197
    862.0   0.11296
    862.2   0.11403
    862.3   0.11281
    862.5   0.11129
    862.6   0.11140
    862.7   0.11209
    862.9   0.11266
    863.0   0.11320
    863.2   0.11324
    863.3   0.11220
    863.5   0.11157
    863.6   0.11139
    863.7   0.11171
    863.9   0.11165
    864.0   0.11175
    864.2   0.11186
    864.3   0.11199
    864.5   0.11216
    864.6   0.11162
    864.8   0.11151
    864.9   0.11269
    865.0   0.11295
    865.2   0.11234
    865.3   0.11211
    865.5   0.11239
    865.6   0.11233
    865.8   0.11206
    865.9   0.11212
    866.0   0.11198
    866.2   0.11184
    866.3   0.11187
    866.5   0.11141
    866.6   0.11125
    866.8   0.11222
    866.9   0.11267
    867.1   0.11127
    867.2   0.11086
    867.3   0.11188
    867.5   0.11231
    867.6   0.11228
    867.8   0.11214
    867.9   0.11217
    868.1   0.11230
    868.2   0.11223
    868.4   0.11160
    868.5   0.11262
    868.7   0.11342
    868.8   0.11267
    869.0   0.11221
    869.1   0.11224
    869.2   0.11261
    869.4   0.11277
    869.5   0.11174
    869.7   0.11093
    869.8   0.11071
    870.0   0.11104
    870.1   0.11137
    870.3   0.11135
    870.4   0.11219
    870.6   0.11249
    870.7   0.11163
    870.8   0.11112
    871.0   0.11163
    871.1   0.11269
    871.3   0.11275
    871.4   0.11177
    871.6   0.11083
    871.7   0.11053
    871.9   0.11085
    872.0   0.11135
    872.2   0.11170
    872.3   0.11165
    872.5   0.11133
    872.6   0.11114
    872.8   0.11079
    872.9   0.11091
    873.0   0.11141
    873.2   0.11160
    873.3   0.11165
    873.5   0.11175
    873.6   0.11120
    873.8   0.11132
    873.9   0.11152
    874.1   0.11116
    874.2   0.11111
    874.4   0.11097
    874.5   0.11086
    874.7   0.11094
    874.8   0.11101
    875.0   0.11143
    875.1   0.11133
    875.3   0.11088
    875.4   0.11058
    875.5   0.11034
    875.7   0.11049
    875.8   0.11075
    876.0   0.11088
    876.2   0.11042
    876.3   0.11025
    876.4   0.11056
    876.6   0.11084
    876.7   0.11015
    876.9   0.10971
    877.0   0.11063
    877.2   0.11022
    877.3   0.10983
    877.5   0.11043
    877.6   0.11025
    877.8   0.11020
    877.9   0.11053
    878.1   0.11075
    878.2   0.11098
    878.4   0.11077
    878.5   0.11040
    878.7   0.11041
    878.8   0.11057
    879.0   0.11142
    879.1   0.11157
    879.3   0.11043
    879.4   0.11030
    879.6   0.11065
    879.7   0.11070
    879.9   0.11041
    880.0   0.10994
    880.2   0.11028
    880.3   0.11078
    880.5   0.11126
    880.6   0.11118
    880.8   0.11038
    880.9   0.11026
    881.1   0.11042
    881.2   0.11004
    881.4   0.10940
    881.5   0.10988
    881.7   0.10964
    881.8   0.10910
    882.0   0.10948
    882.1   0.11007
    882.3   0.10998
    882.4   0.10952
    882.6   0.10925
    882.7   0.10956
    882.9   0.10999
    883.0   0.11003
    883.2   0.10999
    883.3   0.11037
    883.5   0.11018
    883.6   0.10979
    883.8   0.10943
    883.9   0.10932
    884.1   0.10972
    884.2   0.11017
    884.4   0.11064
    884.5   0.11044
    884.7   0.11016
    884.8   0.11015
    885.0   0.11010
    885.1   0.10991
    885.3   0.11007
    885.4   0.10958
    885.6   0.10915
    885.7   0.10952
    885.9   0.10990
    886.0   0.10930
    886.2   0.11003
    886.3   0.11010
    886.5   0.10974
    886.6   0.11010
    886.8   0.10971
    886.9   0.10978
    887.1   0.10953
    887.2   0.10933
    887.4   0.10971
    887.5   0.11006
    887.7   0.10986
    887.8   0.10992
    888.0   0.11081
    888.2   0.11112
    888.3   0.11040
    888.5   0.10963
    888.6   0.10955
    888.8   0.11030
    888.9   0.10999
    889.1   0.10920
    889.2   0.10949
    889.4   0.10983
    889.5   0.11000
    889.7   0.10968
    889.8   0.10940
    890.0   0.10929
    890.1   0.10964
    890.3   0.10964
    890.4   0.10956
    890.6   0.10953
    890.8   0.10909
    890.9   0.10911
    891.0   0.10949
    891.2   0.10986
    891.4   0.10960
    891.5   0.10907
    891.7   0.10909
    891.8   0.10904
    892.0   0.10901
    892.1   0.10912
    892.3   0.10925
    892.4   0.10942
    892.6   0.10918
    892.7   0.10907
    892.9   0.10911
    893.0   0.10927
    893.2   0.10931
    893.4   0.10929
    893.5   0.10924
    893.7   0.10914
    893.8   0.10848
    894.0   0.10838
    894.1   0.10865
    894.3   0.10831
    894.4   0.10828
    894.6   0.10853
    894.7   0.10846
    894.9   0.10864
    895.0   0.10901
    895.2   0.10876
    895.4   0.10835
    895.5   0.10886
    895.7   0.10890
    895.8   0.10841
    896.0   0.10845
    896.1   0.10829
    896.3   0.10830
    896.4   0.10870
    896.6   0.10894
    896.8   0.10934
    896.9   0.10936
    897.1   0.10896
    897.2   0.10847
    897.4   0.10856
    897.5   0.10905
    897.7   0.10871
    897.8   0.10879
    898.0   0.10860
    898.2   0.10873
    898.3   0.10929
    898.5   0.10944
    898.6   0.10904
    898.8   0.10807
    898.9   0.10764
    899.1   0.10769
    899.2   0.10806
    899.4   0.10843
    899.6   0.10880
    899.7   0.10879
    899.9   0.10853
    900.0   0.10872
    900.2   0.10819
    900.3   0.10803
    900.5   0.10837
    900.7   0.10845
    900.8   0.10806
    901.0   0.10818
    901.1   0.10827
    901.3   0.10862
    901.4   0.10837
    901.6   0.10823
    901.8   0.10857
    901.9   0.10803
    902.1   0.10786
    902.2   0.10852
    902.4   0.10848
    902.5   0.10786
    902.7   0.10806
    902.8   0.10827
    903.0   0.10808
    903.2   0.10789
    903.3   0.10796
    903.5   0.10824
    903.6   0.10815
    903.8   0.10805
    904.0   0.10821
    904.1   0.10830
    904.3   0.10825
    904.4   0.10796
    904.6   0.10764
    904.7   0.10839
    904.9   0.10881
    905.0   0.10877
    905.2   0.10879
    905.4   0.10833
    905.5   0.10831
    905.7   0.10864
    905.8   0.10842
    906.0   0.10773
    906.2   0.10817
    906.3   0.10866
    906.5   0.10855
    906.6   0.10820
    906.8   0.10824
    907.0   0.10854
    907.1   0.10860
    907.3   0.10830
    907.4   0.10804
    907.6   0.10751
    907.7   0.10740
    907.9   0.10759
    908.1   0.10759
    908.2   0.10789
    908.4   0.10814
    908.5   0.10815
    908.7   0.10838
    908.9   0.10824
    909.0   0.10811
    909.2   0.10805
    909.3   0.10772
    909.5   0.10778
    909.7   0.10799
    909.8   0.10800
    910.0   0.10818
    910.1   0.10777
    910.3   0.10767
    910.5   0.10776
    910.6   0.10756
    910.8   0.10728
    910.9   0.10700
    911.1   0.10725
    911.3   0.10765
    911.4   0.10797
    911.6   0.10811
    911.7   0.10787
    911.9   0.10735
    912.1   0.10741
    912.2   0.10774
    912.4   0.10771
    912.5   0.10724
    912.7   0.10705
    912.9   0.10726
    913.0   0.10744
    913.2   0.10732
    913.3   0.10745
    913.5   0.10766
    913.7   0.10782
    913.8   0.10751
    914.0   0.10707
    914.2   0.10755
    914.3   0.10776
    914.5   0.10749
    914.6   0.10728
    914.8   0.10724
    915.0   0.10732
    915.1   0.10701
    915.3   0.10689
    915.4   0.10684
    915.6   0.10694
    915.8   0.10731
    915.9   0.10721
    916.1   0.10747
    916.3   0.10755
    916.4   0.10739
    916.6   0.10725
    916.7   0.10704
    916.9   0.10712
    917.1   0.10697
    917.2   0.10707
    917.4   0.10700
    917.5   0.10672
    917.7   0.10658
    917.9   0.10711
    918.0   0.10714
    918.2   0.10682
    918.4   0.10691
    918.5   0.10700
    918.7   0.10711
    918.8   0.10697
    919.0   0.10680
    919.2   0.10621
    919.3   0.10600
    919.5   0.10660
    919.7   0.10713
    919.8   0.10741
    920.0   0.10745
    920.2   0.10738
    920.3   0.10727
    920.5   0.10720
    920.6   0.10768
    920.8   0.10753
    921.0   0.10701
    921.1   0.10699
    921.3   0.10704
    921.5   0.10686
    921.6   0.10667
    921.8   0.10671
    922.0   0.10692
    922.1   0.10714
    922.3   0.10678
    922.4   0.10647
    922.6   0.10648
    922.8   0.10650
    922.9   0.10676
    923.1   0.10708
    923.3   0.10715
    923.4   0.10713
    923.6   0.10674
    923.8   0.10650
    923.9   0.10656
    924.1   0.10656
    924.3   0.10657
    924.4   0.10686
    924.6   0.10703
    924.7   0.10677
    924.9   0.10641
    925.1   0.10614
    925.2   0.10639
    925.4   0.10661
    925.6   0.10637
    925.7   0.10643
    925.9   0.10676
    926.1   0.10696
    926.2   0.10696
    926.4   0.10678
    926.6   0.10671
    926.7   0.10660
    926.9   0.10661
    927.1   0.10669
    927.2   0.10684
    927.4   0.10657
    927.6   0.10686
    927.7   0.10736
    927.9   0.10704
    928.0   0.10642
    928.2   0.10605
    928.4   0.10625
    928.5   0.10662
    928.7   0.10671
    928.9   0.10673
    929.0   0.10660
    929.2   0.10653
    929.4   0.10650
    929.5   0.10638
    929.7   0.10604
    929.9   0.10610
    930.0   0.10652
    930.2   0.10697
    930.4   0.10698
    930.5   0.10691
    930.7   0.10681
    930.9   0.10676
    931.0   0.10642
    931.2   0.10625
    931.4   0.10668
    931.6   0.10699
    931.7   0.10675
    931.9   0.10664
    932.1   0.10664
    932.2   0.10638
    932.4   0.10632
    932.6   0.10675
    932.7   0.10667
    932.9   0.10649
    933.1   0.10628
    933.2   0.10629
    933.4   0.10653
    933.6   0.10650
    933.7   0.10639
    933.9   0.10659
    934.1   0.10656
    934.2   0.10623
    934.4   0.10625
    934.6   0.10642
    934.8   0.10667
    934.9   0.10672
    935.1   0.10653
    935.3   0.10631
    935.4   0.10647
    935.6   0.10668
    935.8   0.10656
    935.9   0.10671
    936.1   0.10666
    936.3   0.10648
    936.4   0.10667
    936.6   0.10690
    936.8   0.10674
    936.9   0.10626
    937.1   0.10636
    937.3   0.10642
    937.5   0.10657
    937.6   0.10682
    937.8   0.10670
    938.0   0.10629
    938.1   0.10625
    938.3   0.10621
    938.5   0.10605
    938.6   0.10600
    938.8   0.10583
    939.0   0.10583
    939.2   0.10606
    939.3   0.10611
    939.5   0.10625
    939.7   0.10651
    939.8   0.10658
    940.0   0.10670
    940.2   0.10686
    940.3   0.10675
    940.5   0.10647
    940.7   0.10632
    940.8   0.10650
    941.0   0.10648
    941.2   0.10621
    941.4   0.10605
    941.5   0.10623
    941.7   0.10631
    941.9   0.10628
    942.0   0.10620
    942.2   0.10628
    942.4   0.10629
    942.6   0.10645
    942.7   0.10649
    942.9   0.10636
    943.1   0.10639
    943.3   0.10654
    943.4   0.10673
    943.6   0.10655
    943.8   0.10640
    943.9   0.10617
    944.1   0.10590
    944.3   0.10597
    944.5   0.10607
    944.6   0.10598
    944.8   0.10628
    945.0   0.10645
    945.1   0.10629
    945.3   0.10615
    945.5   0.10617
    945.7   0.10607
    945.8   0.10623
    946.0   0.10615
    946.2   0.10622
    946.3   0.10661
    946.5   0.10669
    946.7   0.10621
    946.9   0.10588
    947.0   0.10586
    947.2   0.10614
    947.4   0.10635
    947.6   0.10652
    947.7   0.10660
    947.9   0.10640
    948.1   0.10663
    948.3   0.10646
    948.4   0.10610
    948.6   0.10603
    948.8   0.10625
    949.0   0.10633
    949.1   0.10604
    949.3   0.10596
    949.5   0.10626
    949.6   0.10656
    949.8   0.10658
    950.0   0.10628
    950.2   0.10627
    950.3   0.10663
    950.5   0.10644
    950.7   0.10646
    950.9   0.10678
    951.0   0.10671
    951.2   0.10630
    951.4   0.10611
    951.6   0.10603
    951.7   0.10607
    951.9   0.10644
    952.1   0.10650
    952.3   0.10631
    952.4   0.10615
    952.6   0.10625
    952.8   0.10621
    953.0   0.10602
    953.1   0.10586
    953.3   0.10582
    953.5   0.10596
    953.7   0.10613
    953.8   0.10614
    954.0   0.10609
    954.2   0.10620
    954.4   0.10620
    954.5   0.10610
    954.7   0.10624
    954.9   0.10631
    955.1   0.10644
    955.2   0.10636
    955.4   0.10632
    955.6   0.10613
    955.8   0.10579
    956.0   0.10592
    956.1   0.10622
    956.3   0.10610
    956.5   0.10609
    956.7   0.10650
    956.8   0.10677
    957.0   0.10660
    957.2   0.10619
    957.4   0.10610
    957.5   0.10620
    957.7   0.10629
    957.9   0.10662
    958.1   0.10648
    958.2   0.10645
    958.4   0.10655
    958.6   0.10648
    958.8   0.10619
    959.0   0.10609
    959.1   0.10638
    959.3   0.10650
    959.5   0.10662
    959.7   0.10671
    959.8   0.10649
    960.0   0.10608
    960.2   0.10607
    960.4   0.10638
    960.5   0.10624
    960.7   0.10622
    960.9   0.10633
    961.1   0.10624
    961.3   0.10614
    961.4   0.10623
    961.6   0.10616
    961.8   0.10596
    962.0   0.10620
    962.2   0.10624
    962.3   0.10627
    962.5   0.10631
    962.7   0.10620
    962.9   0.10642
    963.0   0.10684
    963.2   0.10659
    963.4   0.10638
    963.6   0.10622
    963.8   0.10623
    963.9   0.10641
    964.1   0.10642
    964.3   0.10656
    964.5   0.10665
    964.7   0.10649
    964.8   0.10636
    965.0   0.10638
    965.2   0.10646
    965.4   0.10656
    965.6   0.10668
    965.7   0.10661
    965.9   0.10669
    966.1   0.10675
    966.3   0.10676
    966.5   0.10663
    966.6   0.10665
    966.8   0.10653
    967.0   0.10640
    967.2   0.10676
    967.4   0.10666
    967.5   0.10631
    967.7   0.10658
    967.9   0.10658
    968.1   0.10642
    968.3   0.10643
    968.4   0.10634
    968.6   0.10641
    968.8   0.10644
    969.0   0.10640
    969.2   0.10641
    969.3   0.10640
    969.5   0.10643
    969.7   0.10623
    969.9   0.10629
    970.1   0.10670
    970.3   0.10678
    970.4   0.10682
    970.6   0.10682
    970.8   0.10678
    971.0   0.10676
    971.2   0.10679
    971.3   0.10669
    971.5   0.10656
    971.7   0.10663
    971.9   0.10667
    972.1   0.10673
    972.3   0.10675
    972.4   0.10668
    972.6   0.10667
    972.8   0.10675
    973.0   0.10658
    973.2   0.10649
    973.3   0.10656
    973.5   0.10678
    973.7   0.10671
    973.9   0.10666
    974.1   0.10661
    974.3   0.10673
    974.5   0.10683
    974.6   0.10692
    974.8   0.10680
    975.0   0.10674
    975.2   0.10673
    975.4   0.10686
    975.5   0.10687
    975.7   0.10675
    975.9   0.10696
    976.1   0.10703
    976.3   0.10697
    976.5   0.10706
    976.7   0.10701
    976.8   0.10699
    977.0   0.10716
    977.2   0.10706
    977.4   0.10697
    977.6   0.10700
    977.8   0.10696
    977.9   0.10696
    978.1   0.10710
    978.3   0.10704
    978.5   0.10687
    978.7   0.10714
    978.9   0.10722
    979.0   0.10713
    979.2   0.10718
    979.4   0.10732
    979.6   0.10739
    979.8   0.10715
    980.0   0.10667
    980.2   0.10679
    980.3   0.10726
    980.5   0.10747
    980.7   0.10738
    980.9   0.10713
    981.1   0.10701
    981.3   0.10680
    981.5   0.10682
    981.7   0.10689
    981.8   0.10692
    982.0   0.10701
    982.2   0.10726
    982.4   0.10747
    982.6   0.10723
    982.8   0.10712
    983.0   0.10741
    983.1   0.10764
    983.3   0.10754
    983.5   0.10716
    983.7   0.10708
    983.9   0.10720
    984.1   0.10727
    984.3   0.10714
    984.4   0.10731
    984.6   0.10756
    984.8   0.10752
    985.0   0.10741
    985.2   0.10735
    985.4   0.10740
    985.6   0.10749
    985.8   0.10747
    985.9   0.10732
    986.1   0.10730
    986.3   0.10753
    986.5   0.10761
    986.7   0.10757
    986.9   0.10770
    987.1   0.10775
    987.3   0.10773
    987.4   0.10766
    987.6   0.10747
    987.8   0.10745
    988.0   0.10764
    988.2   0.10764
    988.4   0.10750
    988.6   0.10760
    988.8   0.10762
    989.0   0.10752
    989.1   0.10741
    989.3   0.10742
    989.5   0.10754
    989.7   0.10767
    989.9   0.10780
    990.1   0.10785
    990.3   0.10774
    990.5   0.10766
    990.7   0.10759
    990.8   0.10755
    991.0   0.10782
    991.2   0.10809
    991.4   0.10832
    991.6   0.10807
    991.8   0.10784
    992.0   0.10806
    992.2   0.10821
    992.4   0.10790
    992.5   0.10794
    992.7   0.10795
    992.9   0.10764
    993.1   0.10765
    993.3   0.10798
    993.5   0.10809
    993.7   0.10827
    993.9   0.10832
    994.1   0.10826
    994.3   0.10819
    994.5   0.10805
    994.6   0.10799
    994.8   0.10794
    995.0   0.10810
    995.2   0.10839
    995.4   0.10842
    995.6   0.10835
    995.8   0.10838
    996.0   0.10850
    996.2   0.10860
    996.4   0.10867
    996.5   0.10834
    996.7   0.10819
    996.9   0.10836
    997.1   0.10847
    997.3   0.10856
    997.5   0.10867
    997.7   0.10871
    997.9   0.10856
    998.1   0.10839
    998.3   0.10853
    998.5   0.10851
    998.7   0.10825
    998.9   0.10812
    999.0   0.10849
    999.2   0.10862
    999.4   0.10844
    999.6   0.10838
    999.8   0.10847
   1000.0   0.10861
   1000.2   0.10885
   1000.4   0.10897
   1000.6   0.10907
   1000.8   0.10903
   1001.0   0.10909
   1001.2   0.10911
   1001.4   0.10884
   1001.6   0.10869
   1001.8   0.10887
   1001.9   0.10894
   1002.1   0.10905
   1002.3   0.10906
   1002.5   0.10896
   1002.7   0.10902
   1002.9   0.10903
   1003.1   0.10891
   1003.3   0.10900
   1003.5   0.10918
   1003.7   0.10899
   1003.9   0.10894
   1004.1   0.10916
   1004.3   0.10910
   1004.5   0.10900
   1004.7   0.10900
   1004.9   0.10901
   1005.0   0.10921
   1005.3   0.10933
   1005.4   0.10915
   1005.6   0.10910
   1005.8   0.10920
   1006.0   0.10939
   1006.2   0.10961
   1006.4   0.10965
   1006.6   0.10950
   1006.8   0.10962
   1007.0   0.10970
   1007.2   0.10974
   1007.4   0.10965
   1007.6   0.10970
   1007.8   0.10984
   1008.0   0.10966
   1008.2   0.10928
   1008.4   0.10927
   1008.6   0.10938
   1008.8   0.10940
   1009.0   0.10933
   1009.2   0.10943
   1009.4   0.10969
   1009.5   0.10986
   1009.8   0.10981
   1010.0   0.10981
   1010.1   0.10976
   1010.3   0.10970
   1010.5   0.10992
   1010.7   0.10993
   1010.9   0.10981
   1011.1   0.10991
   1011.3   0.10996
   1011.5   0.11000
   1011.7   0.11006
   1011.9   0.11006
   1012.1   0.11000
   1012.3   0.11016
   1012.5   0.11041
   1012.7   0.11034
   1012.9   0.11005
   1013.1   0.10998
   1013.3   0.11022
   1013.5   0.11035
   1013.7   0.11028
   1013.9   0.11000
   1014.1   0.11011
   1014.3   0.11017
   1014.5   0.11026
   1014.7   0.11044
   1014.9   0.11046
   1015.1   0.11057
   1015.3   0.11058
   1015.5   0.11039
   1015.7   0.11052
   1015.9   0.11068
   1016.1   0.11077
   1016.3   0.11080
   1016.5   0.11077
   1016.7   0.11079
   1016.9   0.11068
   1017.1   0.11070
   1017.3   0.11075
   1017.5   0.11078
   1017.7   0.11094
   1017.9   0.11098
   1018.1   0.11072
   1018.3   0.11088
   1018.5   0.11094
   1018.7   0.11085
   1018.9   0.11095
   1019.1   0.11093
   1019.3   0.11087
   1019.5   0.11089
   1019.7   0.11079
   1019.9   0.11091
   1020.1   0.11113
   1020.3   0.11126
   1020.5   0.11111
   1020.7   0.11091
   1020.9   0.11092
   1021.1   0.11084
   1021.3   0.11089
   1021.5   0.11099
   1021.7   0.11109
   1021.9   0.11133
   1022.1   0.11123
   1022.3   0.11110
   1022.5   0.11114
   1022.7   0.11110
   1022.9   0.11121
   1023.1   0.11143
   1023.3   0.11163
   1023.5   0.11169
   1023.7   0.11170
   1023.9   0.11169
   1024.1   0.11159
   1024.3   0.11161
   1024.5   0.11156
   1024.7   0.11149
   1024.9   0.11164
   1025.1   0.11178
   1025.3   0.11171
   1025.5   0.11161
   1025.7   0.11172
   1025.9   0.11170
   1026.1   0.11180
   1026.3   0.11185
   1026.5   0.11180
   1026.8   0.11187
   1026.9   0.11186
   1027.2   0.11182
   1027.4   0.11192
   1027.6   0.11213
   1027.8   0.11216
   1028.0   0.11222
   1028.2   0.11219
   1028.4   0.11220
   1028.6   0.11237
   1028.8   0.11241
   1029.0   0.11234
   1029.2   0.11243
   1029.4   0.11246
   1029.6   0.11239
   1029.8   0.11252
   1030.0   0.11256
   1030.2   0.11250
   1030.4   0.11254
   1030.6   0.11248
   1030.8   0.11244
   1031.0   0.11256
   1031.2   0.11255
   1031.4   0.11267
   1031.7   0.11276
   1031.8   0.11263
   1032.1   0.11257
   1032.3   0.11265
   1032.5   0.11275
   1032.7   0.11301
   1032.9   0.11292
   1033.1   0.11267
   1033.3   0.11274
   1033.5   0.11286
   1033.7   0.11289
   1033.9   0.11298
   1034.1   0.11305
   1034.3   0.11316
   1034.5   0.11318
   1034.7   0.11325
   1034.9   0.11323
   1035.2   0.11309
   1035.4   0.11328
   1035.6   0.11349
   1035.8   0.11346
   1036.0   0.11342
   1036.2   0.11345
   1036.4   0.11364
   1036.6   0.11363
   1036.8   0.11355
   1037.0   0.11354
   1037.2   0.11341
   1037.4   0.11343
   1037.6   0.11350
   1037.8   0.11340
   1038.1   0.11357
   1038.3   0.11377
   1038.5   0.11360
   1038.7   0.11351
   1038.9   0.11356
   1039.1   0.11364
   1039.3   0.11353
   1039.5   0.11357
   1039.7   0.11376
   1039.9   0.11382
   1040.1   0.11385
   1040.3   0.11390
   1040.6   0.11402
   1040.8   0.11388
   1041.0   0.11386
   1041.2   0.11417
   1041.4   0.11419
   1041.6   0.11417
   1041.8   0.11424
   1042.0   0.11428
   1042.2   0.11435
   1042.4   0.11437
   1042.6   0.11429
   1042.8   0.11429
   1043.1   0.11441
   1043.3   0.11446
   1043.5   0.11454
   1043.7   0.11463
   1043.9   0.11456
   1044.1   0.11450
   1044.3   0.11446
   1044.5   0.11454
   1044.8   0.11460
   1045.0   0.11461
   1045.2   0.11467
   1045.4   0.11467
   1045.6   0.11474
   1045.8   0.11494
   1046.0   0.11497
   1046.2   0.11487
   1046.4   0.11485
   1046.6   0.11493
   1046.9   0.11489
   1047.1   0.11489
   1047.3   0.11496
   1047.5   0.11511
   1047.7   0.11515
   1047.9   0.11525
   1048.1   0.11525
   1048.3   0.11517
   1048.6   0.11520
   1048.8   0.11526
   1049.0   0.11540
   1049.2   0.11532
   1049.4   0.11521
   1049.6   0.11531
   1049.8   0.11540
   1050.0   0.11546
   1050.3   0.11548
   1050.5   0.11542
   1050.7   0.11550
   1050.9   0.11552
   1051.1   0.11550
   1051.3   0.11571
   1051.5   0.11578
   1051.7   0.11564
   1051.9   0.11571
   1052.2   0.11571
   1052.4   0.11573
   1052.6   0.11588
   1052.8   0.11604
   1053.0   0.11603
   1053.2   0.11597
   1053.4   0.11589
   1053.7   0.11596
   1053.9   0.11604
   1054.1   0.11590
   1054.3   0.11592
   1054.5   0.11608
   1054.7   0.11610
   1054.9   0.11625
   1055.2   0.11638
   1055.4   0.11628
   1055.6   0.11636
   1055.8   0.11648
   1056.0   0.11647
   1056.2   0.11663
   1056.4   0.11673
   1056.7   0.11667
   1056.9   0.11661
   1057.1   0.11673
   1057.3   0.11673
   1057.5   0.11664
   1057.8   0.11680
   1058.0   0.11689
   1058.2   0.11683
   1058.4   0.11690
   1058.6   0.11688
   1058.8   0.11688
   1059.0   0.11699
   1059.3   0.11711
   1059.5   0.11709
   1059.7   0.11703
   1059.9   0.11716
   1060.1   0.11723
   1060.3   0.11720
   1060.6   0.11712
   1060.8   0.11724
   1061.0   0.11735
   1061.2   0.11739
   1061.4   0.11740
   1061.7   0.11740
   1061.9   0.11745
   1062.1   0.11751
   1062.3   0.11756
   1062.5   0.11766
   1062.7   0.11771
   1062.9   0.11772
   1063.2   0.11772
   1063.4   0.11773
   1063.6   0.11774
   1063.8   0.11792
   1064.0   0.11810
   1064.3   0.11800
   1064.5   0.11798
   1064.7   0.11819
   1064.9   0.11823
   1065.1   0.11808
   1065.3   0.11807
   1065.6   0.11821
   1065.8   0.11818
   1066.0   0.11813
   1066.2   0.11810
   1066.4   0.11813
   1066.7   0.11818
   1066.9   0.11831
   1067.1   0.11826
   1067.3   0.11834
   1067.6   0.11855
   1067.8   0.11852
   1068.0   0.11856
   1068.2   0.11849
   1068.4   0.11847
   1068.7   0.11865
   1068.9   0.11885
   1069.1   0.11876
   1069.3   0.11864
   1069.5   0.11869
   1069.8   0.11872
   1070.0   0.11883
   1070.2   0.11892
   1070.4   0.11895
   1070.6   0.11895
   1070.8   0.11892
   1071.1   0.11899
   1071.3   0.11900
   1071.5   0.11897
   1071.7   0.11901
   1072.0   0.11907
   1072.2   0.11923
   1072.4   0.11927
   1072.6   0.11933
   1072.8   0.11945
   1073.1   0.11939
   1073.3   0.11934
   1073.5   0.11936
   1073.7   0.11941
   1074.0   0.11957
   1074.2   0.11974
   1074.4   0.11984
   1074.6   0.11984
   1074.8   0.11976
   1075.1   0.11978
   1075.3   0.11996
   1075.5   0.12004
   1075.7   0.11988
   1076.0   0.11977
   1076.2   0.11990
   1076.4   0.11995
   1076.6   0.11984
   1076.9   0.11975
   1077.1   0.11975
   1077.3   0.11989
   1077.5   0.12013
   1077.8   0.12020
   1078.0   0.12016
   1078.2   0.12021
   1078.4   0.12029
   1078.7   0.12032
   1078.9   0.12030
   1079.1   0.12041
   1079.3   0.12042
   1079.6   0.12022
   1079.8   0.12023
   1080.0   0.12054
   1080.2   0.12065
   1080.4   0.12066
   1080.7   0.12067
   1080.9   0.12066
   1081.1   0.12072
   1081.3   0.12077
   1081.6   0.12084
   1081.8   0.12075
   1082.0   0.12074
   1082.3   0.12090
   1082.5   0.12104
   1082.7   0.12117
   1082.9   0.12128
   1083.2   0.12128
   1083.4   0.12127
   1083.6   0.12136
   1083.8   0.12139
   1084.1   0.12134
   1084.3   0.12131
   1084.5   0.12132
   1084.8   0.12122
   1085.0   0.12115
   1085.2   0.12127
   1085.4   0.12148
   1085.7   0.12153
   1085.9   0.12142
   1086.1   0.12138
   1086.3   0.12149
   1086.6   0.12172
   1086.8   0.12184
   1087.0   0.12181
   1087.3   0.12184
   1087.5   0.12187
   1087.7   0.12191
   1087.9   0.12191
   1088.2   0.12184
   1088.4   0.12180
   1088.6   0.12182
   1088.8   0.12189
   1089.1   0.12204
   1089.3   0.12206
   1089.5   0.12204
   1089.8   0.12211
   1090.0   0.12228
   1090.2   0.12238
   1090.4   0.12240
   1090.7   0.12251
   1090.9   0.12247
   1091.1   0.12239
   1091.4   0.12244
   1091.6   0.12247
   1091.8   0.12250
   1092.1   0.12254
   1092.3   0.12269
   1092.5   0.12279
   1092.8   0.12270
   1093.0   0.12271
   1093.2   0.12272
   1093.4   0.12279
   1093.7   0.12289
   1093.9   0.12283
   1094.1   0.12277
   1094.4   0.12287
   1094.6   0.12304
   1094.8   0.12317
   1095.1   0.12315
   1095.3   0.12309
   1095.5   0.12312
   1095.8   0.12314
   1096.0   0.12309
   1096.2   0.12327
   1096.4   0.12340
   1096.7   0.12338
   1096.9   0.12337
   1097.1   0.12329
   1097.4   0.12331
   1097.6   0.12345
   1097.8   0.12345
   1098.1   0.12356
   1098.3   0.12364
   1098.5   0.12366
   1098.8   0.12369
   1099.0   0.12376
   1099.2   0.12380
   1099.5   0.12380
   1099.7   0.12382
   1099.9   0.12387
   1100.2   0.12390
   1100.4   0.12392
   1100.6   0.12397
   1100.9   0.12405
   1101.1   0.12411
   1101.3   0.12407
   1101.6   0.12413
   1101.8   0.12422
   1102.0   0.12426
   1102.3   0.12423
   1102.5   0.12426
   1102.7   0.12431
   1103.0   0.12438
   1103.2   0.12438
   1103.4   0.12431
   1103.7   0.12428
   1103.9   0.12437
   1104.2   0.12446
   1104.4   0.12449
   1104.6   0.12445
   1104.9   0.12446
   1105.1   0.12453
   1105.3   0.12461
   1105.6   0.12462
   1105.8   0.12468
   1106.0   0.12470
   1106.3   0.12478
   1106.5   0.12489
   1106.7   0.12487
   1107.0   0.12493
   1107.2   0.12493
   1107.4   0.12492
   1107.7   0.12507
   1107.9   0.12506
   1108.2   0.12505
   1108.4   0.12514
   1108.6   0.12513
   1108.9   0.12518
   1109.1   0.12535
   1109.3   0.12548
   1109.6   0.12550
   1109.8   0.12545
   1110.1   0.12534
   1110.3   0.12530
   1110.5   0.12536
   1110.8   0.12538
   1111.0   0.12549
   1111.3   0.12557
   1111.5   0.12560
   1111.7   0.12567
   1112.0   0.12567
   1112.2   0.12570
   1112.4   0.12566
   1112.7   0.12563
   1112.9   0.12576
   1113.2   0.12574
   1113.4   0.12574
   1113.6   0.12588
   1113.9   0.12604
   1114.1   0.12613
   1114.3   0.12609
   1114.6   0.12610
   1114.8   0.12618
   1115.1   0.12618
   1115.3   0.12619
   1115.6   0.12620
   1115.8   0.12624
   1116.0   0.12625
   1116.3   0.12620
   1116.5   0.12625
   1116.8   0.12633
   1117.0   0.12638
   1117.2   0.12640
   1117.5   0.12647
   1117.7   0.12647
   1118.0   0.12649
   1118.2   0.12644
   1118.4   0.12649
   1118.7   0.12666
   1118.9   0.12663
   1119.2   0.12665
   1119.4   0.12676
   1119.7   0.12678
   1119.9   0.12682
   1120.1   0.12679
   1120.4   0.12671
   1120.6   0.12674
   1120.9   0.12685
   1121.1   0.12692
   1121.3   0.12706
   1121.6   0.12718
   1121.8   0.12708
   1122.1   0.12704
   1122.3   0.12713
   1122.6   0.12711
   1122.8   0.12705
   1123.0   0.12712
   1123.3   0.12717
   1123.5   0.12720
   1123.8   0.12718
   1124.0   0.12723
   1124.3   0.12737
   1124.5   0.12743
   1124.8   0.12748
   1125.0   0.12751
   1125.2   0.12751
   1125.5   0.12754
   1125.7   0.12754
   1126.0   0.12764
   1126.2   0.12775
   1126.5   0.12782
   1126.7   0.12780
   1126.9   0.12788
   1127.2   0.12787
   1127.4   0.12770
   1127.7   0.12770
   1127.9   0.12776
   1128.2   0.12779
   1128.4   0.12785
   1128.7   0.12786
   1128.9   0.12797
   1129.2   0.12807
   1129.4   0.12813
   1129.7   0.12808
   1129.9   0.12804
   1130.1   0.12806
   1130.4   0.12816
   1130.6   0.12819
   1130.9   0.12824
   1131.1   0.12829
   1131.4   0.12827
   1131.6   0.12818
   1131.9   0.12823
   1132.1   0.12833
   1132.4   0.12836
   1132.6   0.12835
   1132.9   0.12843
   1133.1   0.12860
   1133.3   0.12861
   1133.6   0.12842
   1133.8   0.12837
   1134.1   0.12847
   1134.3   0.12859
   1134.6   0.12862
   1134.8   0.12865
   1135.1   0.12872
   1135.3   0.12883
   1135.6   0.12885
   1135.8   0.12872
   1136.1   0.12874
   1136.3   0.12886
   1136.6   0.12891
   1136.8   0.12886
   1137.1   0.12888
   1137.3   0.12902
   1137.6   0.12902
   1137.8   0.12895
   1138.1   0.12902
   1138.3   0.12905
   1138.6   0.12904
   1138.8   0.12908
   1139.1   0.12906
   1139.3   0.12913
   1139.6   0.12915
   1139.8   0.12916
   1140.1   0.12928
   1140.3   0.12937
   1140.6   0.12937
   1140.8   0.12948
   1141.1   0.12940
   1141.3   0.12938
   1141.6   0.12949
   1141.8   0.12946
   1142.1   0.12938
   1142.3   0.12943
   1142.6   0.12948
   1142.8   0.12950
   1143.1   0.12951
   1143.3   0.12951
   1143.6   0.12967
   1143.9   0.12979
   1144.1   0.12976
   1144.4   0.12972
   1144.6   0.12977
   1144.9   0.12971
   1145.1   0.12974
   1145.4   0.12986
   1145.6   0.12981
   1145.9   0.12971
   1146.1   0.12984
   1146.4   0.13003
   1146.6   0.12999
   1146.9   0.12990
   1147.2   0.12992
   1147.4   0.13006
   1147.7   0.13013
   1147.9   0.13007
   1148.2   0.12998
   1148.4   0.13003
   1148.7   0.13013
   1148.9   0.13017
   1149.2   0.13014
   1149.4   0.13019
   1149.7   0.13024
   1149.9   0.13012
   1150.2   0.13016
   1150.4   0.13022
   1150.7   0.13022
   1151.0   0.13031
   1151.2   0.13049
   1151.5   0.13054
   1151.7   0.13051
   1152.0   0.13045
   1152.2   0.13052
   1152.5   0.13053
   1152.8   0.13052
   1153.0   0.13058
   1153.3   0.13060
   1153.5   0.13066
   1153.8   0.13067
   1154.0   0.13063
   1154.3   0.13064
   1154.6   0.13068
   1154.8   0.13068
   1155.1   0.13069
   1155.3   0.13072
   1155.6   0.13086
   1155.8   0.13094
   1156.1   0.13086
   1156.4   0.13086
   1156.6   0.13096
   1156.9   0.13098
   1157.1   0.13096
   1157.4   0.13099
   1157.7   0.13097
   1157.9   0.13103
   1158.2   0.13107
   1158.4   0.13107
   1158.7   0.13121
   1158.9   0.13126
   1159.2   0.13110
   1159.5   0.13109
   1159.7   0.13117
   1160.0   0.13115
   1160.2   0.13117
   1160.5   0.13119
   1160.8   0.13127
   1161.0   0.13130
   1161.3   0.13125
   1161.5   0.13120
   1161.8   0.13132
   1162.1   0.13149
   1162.3   0.13147
   1162.6   0.13145
   1162.8   0.13154
   1163.1   0.13151
   1163.4   0.13144
   1163.6   0.13144
   1163.9   0.13151
   1164.2   0.13157
   1164.4   0.13160
   1164.7   0.13162
   1164.9   0.13160
   1165.2   0.13169
   1165.4   0.13181
   1165.7   0.13176
   1166.0   0.13174
   1166.2   0.13176
   1166.5   0.13178
   1166.8   0.13176
   1167.0   0.13178
   1167.3   0.13185
   1167.6   0.13192
   1167.8   0.13196
   1168.1   0.13197
   1168.3   0.13194
   1168.6   0.13198
   1168.9   0.13197
   1169.1   0.13194
   1169.4   0.13200
   1169.7   0.13208
   1169.9   0.13206
   1170.2   0.13202
   1170.4   0.13207
   1170.7   0.13226
   1171.0   0.13225
   1171.3   0.13216
   1171.5   0.13220
   1171.8   0.13227
   1172.0   0.13232
   1172.3   0.13229
   1172.6   0.13225
   1172.8   0.13234
   1173.1   0.13232
   1173.4   0.13235
   1173.6   0.13239
   1173.9   0.13240
   1174.2   0.13240
   1174.4   0.13239
   1174.7   0.13249
   1175.0   0.13254
   1175.2   0.13252
   1175.5   0.13253
   1175.8   0.13249
   1176.0   0.13245
   1176.3   0.13257
   1176.6   0.13262
   1176.8   0.13258
   1177.1   0.13251
   1177.4   0.13250
   1177.6   0.13256
   1177.9   0.13259
   1178.2   0.13262
   1178.4   0.13262
   1178.7   0.13263
   1179.0   0.13257
   1179.2   0.13260
   1179.5   0.13268
   1179.8   0.13277
   1180.0   0.13273
   1180.3   0.13273
   1180.6   0.13281
   1180.8   0.13274
   1181.1   0.13280
   1181.4   0.13292
   1181.7   0.13303
   1181.9   0.13299
   1182.2   0.13296
   1182.5   0.13299
   1182.7   0.13301
   1183.0   0.13301
   1183.3   0.13297
   1183.5   0.13306
   1183.8   0.13320
   1184.1   0.13320
   1184.4   0.13318
   1184.6   0.13316
   1184.9   0.13316
   1185.2   0.13320
   1185.4   0.13316
   1185.7   0.13327
   1186.0   0.13341
   1186.3   0.13342
   1186.5   0.13335
   1186.8   0.13328
   1187.1   0.13329
   1187.3   0.13338
   1187.6   0.13341
   1187.9   0.13335
   1188.2   0.13332
   1188.4   0.13344
   1188.7   0.13342
   1189.0   0.13333
   1189.3   0.13329
   1189.5   0.13334
   1189.8   0.13346
   1190.1   0.13360
   1190.3   0.13360
   1190.6   0.13351
   1190.9   0.13347
   1191.2   0.13346
   1191.4   0.13348
   1191.7   0.13356
   1192.0   0.13362
   1192.3   0.13362
   1192.5   0.13372
   1192.8   0.13378
   1193.1   0.13372
   1193.3   0.13370
   1193.6   0.13369
   1193.9   0.13372
   1194.2   0.13377
   1194.4   0.13377
   1194.7   0.13366
   1195.0   0.13366
   1195.3   0.13376
   1195.6   0.13383
   1195.8   0.13387
   1196.1   0.13393
   1196.4   0.13402
   1196.7   0.13402
   1196.9   0.13391
   1197.2   0.13387
   1197.5   0.13389
   1197.8   0.13392
   1198.0   0.13399
   1198.3   0.13409
   1198.6   0.13411
   1198.9   0.13414
   1199.2   0.13414
   1199.4   0.13409
   1199.7   0.13409
   1200.0   0.13416
   1200.3   0.13417
   1200.5   0.13414
   1200.8   0.13416
   1201.1   0.13419
   1201.4   0.13416
   1201.7   0.13424
   1201.9   0.13436
   1202.2   0.13435
   1202.5   0.13437
   1202.8   0.13433
   1203.0   0.13429
   1203.3   0.13429
   1203.6   0.13430
   1203.9   0.13440
   1204.2   0.13439
   1204.4   0.13434
   1204.7   0.13436
   1205.0   0.13450
   1205.3   0.13452
   1205.6   0.13443
   1205.8   0.13449
   1206.1   0.13453
   1206.4   0.13452
   1206.7   0.13450
   1207.0   0.13455
   1207.2   0.13460
   1207.5   0.13462
   1207.8   0.13454
   1208.1   0.13447
   1208.4   0.13451
   1208.7   0.13466
   1208.9   0.13471
   1209.2   0.13462
   1209.5   0.13463
   1209.8   0.13465
   1210.1   0.13473
   1210.3   0.13480
   1210.6   0.13480
   1210.9   0.13485
   1211.2   0.13483
   1211.5   0.13477
   1211.8   0.13484
   1212.0   0.13488
   1212.3   0.13495
   1212.6   0.13494
   1212.9   0.13488
   1213.2   0.13494
   1213.5   0.13497
   1213.7   0.13498
   1214.0   0.13505
   1214.3   0.13507
   1214.6   0.13509
   1214.9   0.13508
   1215.2   0.13507
   1215.4   0.13510
   1215.7   0.13507
   1216.0   0.13506
   1216.3   0.13505
   1216.6   0.13513
   1216.9   0.13513
   1217.2   0.13510
   1217.4   0.13510
   1217.7   0.13521
   1218.0   0.13526
   1218.3   0.13527
   1218.6   0.13528
   1218.9   0.13531
   1219.2   0.13528
   1219.4   0.13531
   1219.7   0.13529
   1220.0   0.13530
   1220.3   0.13539
   1220.6   0.13544
   1220.9   0.13537
   1221.2   0.13528
   1221.5   0.13527
   1221.8   0.13529
   1222.0   0.13541
   1222.3   0.13549
   1222.6   0.13545
   1222.9   0.13549
   1223.2   0.13547
   1223.5   0.13547
   1223.8   0.13558
   1224.1   0.13557
   1224.3   0.13550
   1224.6   0.13554
   1224.9   0.13566
   1225.2   0.13566
   1225.5   0.13567
   1225.8   0.13571
   1226.1   0.13571
   1226.4   0.13569
   1226.7   0.13568
   1227.0   0.13569
   1227.3   0.13570
   1227.5   0.13572
   1227.8   0.13575
   1228.1   0.13581
   1228.4   0.13577
   1228.7   0.13574
   1229.0   0.13571
   1229.3   0.13577
   1229.6   0.13584
   1229.9   0.13588
   1230.2   0.13591
   1230.4   0.13597
   1230.7   0.13600
   1231.0   0.13599
   1231.3   0.13601
   1231.6   0.13599
   1231.9   0.13599
   1232.2   0.13602
   1232.5   0.13603
   1232.8   0.13598
   1233.1   0.13596
   1233.4   0.13602
   1233.7   0.13603
   1234.0   0.13606
   1234.3   0.13611
   1234.6   0.13615
   1234.8   0.13613
   1235.1   0.13613
   1235.4   0.13616
   1235.7   0.13617
   1236.0   0.13616
   1236.3   0.13620
   1236.6   0.13628
   1236.9   0.13624
   1237.2   0.13626
   1237.5   0.13646
   1237.8   0.13644
   1238.1   0.13631
   1238.4   0.13624
   1238.7   0.13628
   1239.0   0.13634
   1239.3   0.13634
   1239.6   0.13640
   1239.9   0.13641
   1240.2   0.13638
   1240.5   0.13645
   1240.8   0.13646
   1241.1   0.13650
   1241.3   0.13659
   1241.7   0.13658
   1241.9   0.13654
   1242.2   0.13651
   1242.5   0.13650
   1242.8   0.13648
   1243.1   0.13652
   1243.4   0.13648
   1243.7   0.13657
   1244.0   0.13661
   1244.3   0.13659
   1244.6   0.13661
   1244.9   0.13667
   1245.2   0.13671
   1245.5   0.13674
   1245.8   0.13682
   1246.1   0.13685
   1246.4   0.13684
   1246.7   0.13681
   1247.0   0.13686
   1247.3   0.13689
   1247.6   0.13696
   1247.9   0.13703
   1248.2   0.13698
   1248.5   0.13695
   1248.8   0.13693
   1249.1   0.13700
   1249.4   0.13705
   1249.7   0.13702
   1250.0   0.13701
   1250.3   0.13705
   1250.6   0.13711
   1250.9   0.13711
   1251.2   0.13710
   1251.5   0.13709
   1251.8   0.13713
   1252.1   0.13712
   1252.4   0.13714
   1252.8   0.13718
   1253.1   0.13715
   1253.3   0.13717
   1253.7   0.13726
   1254.0   0.13726
   1254.3   0.13730
   1254.6   0.13732
   1254.9   0.13729
   1255.2   0.13734
   1255.5   0.13737
   1255.8   0.13743
   1256.1   0.13747
   1256.4   0.13744
   1256.7   0.13743
   1257.0   0.13737
   1257.3   0.13736
   1257.6   0.13743
   1257.9   0.13750
   1258.2   0.13749
   1258.5   0.13746
   1258.8   0.13750
   1259.1   0.13756
   1259.4   0.13757
   1259.8   0.13755
   1260.1   0.13756
   1260.4   0.13759
   1260.7   0.13760
   1261.0   0.13768
   1261.3   0.13769
   1261.6   0.13765
   1261.9   0.13773
   1262.2   0.13785
   1262.5   0.13784
   1262.8   0.13782
   1263.1   0.13776
   1263.4   0.13780
   1263.7   0.13782
   1264.1   0.13783
   1264.4   0.13792
   1264.7   0.13799
   1265.0   0.13793
   1265.3   0.13792
   1265.6   0.13801
   1265.9   0.13799
   1266.2   0.13800
   1266.5   0.13802
   1266.8   0.13804
   1267.1   0.13800
   1267.4   0.13801
   1267.8   0.13804
   1268.1   0.13809
   1268.4   0.13812
   1268.7   0.13818
   1269.0   0.13818
   1269.3   0.13818
   1269.6   0.13818
   1269.9   0.13816
   1270.2   0.13816
   1270.6   0.13816
   1270.9   0.13823
   1271.2   0.13832
   1271.5   0.13837
   1271.8   0.13828
   1272.1   0.13823
   1272.4   0.13825
   1272.7   0.13828
   1273.1   0.13833
   1273.4   0.13839
   1273.7   0.13839
   1274.0   0.13842
   1274.3   0.13851
   1274.6   0.13845
   1274.9   0.13840
   1275.2   0.13848
   1275.6   0.13852
   1275.9   0.13858
   1276.2   0.13860
   1276.5   0.13869
   1276.8   0.13872
   1277.1   0.13866
   1277.4   0.13870
   1277.8   0.13873
   1278.1   0.13867
   1278.4   0.13859
   1278.7   0.13864
   1279.0   0.13867
   1279.3   0.13871
   1279.7   0.13877
   1280.0   0.13884
   1280.3   0.13887
   1280.6   0.13884
   1280.9   0.13886
   1281.2   0.13892
   1281.6   0.13889
   1281.9   0.13889
   1282.2   0.13891
   1282.5   0.13890
   1282.8   0.13890
   1283.1   0.13894
   1283.4   0.13902
   1283.8   0.13907
   1284.1   0.13906
   1284.4   0.13902
   1284.7   0.13900
   1285.0   0.13899
   1285.4   0.13904
   1285.7   0.13908
   1286.0   0.13912
   1286.3   0.13925
   1286.6   0.13927
   1286.9   0.13920
   1287.3   0.13921
   1287.6   0.13924
   1287.9   0.13926
   1288.2   0.13924
   1288.6   0.13925
   1288.9   0.13935
   1289.2   0.13941
   1289.5   0.13943
   1289.8   0.13951
   1290.2   0.13952
   1290.5   0.13946
   1290.8   0.13946
   1291.1   0.13950
   1291.4   0.13951
   1291.8   0.13952
   1292.1   0.13956
   1292.4   0.13952
   1292.7   0.13954
   1293.1   0.13967
   1293.4   0.13967
   1293.7   0.13964
   1294.0   0.13966
   1294.3   0.13967
   1294.7   0.13967
   1295.0   0.13970
   1295.3   0.13975
   1295.6   0.13977
   1296.0   0.13977
   1296.3   0.13982
   1296.6   0.13986
   1296.9   0.13991
   1297.3   0.13993
   1297.6   0.13987
   1297.9   0.13985
   1298.2   0.13990
   1298.6   0.13998
   1298.9   0.14003
   1299.2   0.14004
   1299.5   0.14004
   1299.9   0.14006
   1300.2   0.14010
   1300.5   0.14004
   1300.8   0.14003
   1301.2   0.14007
   1301.5   0.14007
   1301.8   0.14016
   1302.1   0.14022
   1302.5   0.14018
   1302.8   0.14020
   1303.1   0.14030
   1303.4   0.14039
   1303.8   0.14032
   1304.1   0.14019
   1304.4   0.14018
   1304.8   0.14026
   1305.1   0.14034
   1305.4   0.14036
   1305.8   0.14037
   1306.1   0.14037
   1306.4   0.14040
   1306.7   0.14049
   1307.1   0.14060
   1307.4   0.14064
   1307.7   0.14055
   1308.1   0.14055
   1308.4   0.14061
   1308.7   0.14064
   1309.1   0.14066
   1309.4   0.14067
   1309.7   0.14068
   1310.0   0.14073
   1310.4   0.14075
   1310.7   0.14081
   1311.0   0.14085
   1311.4   0.14089
   1311.7   0.14084
   1312.0   0.14085
   1312.4   0.14093
   1312.7   0.14091
   1313.0   0.14085
   1313.4   0.14086
   1313.7   0.14091
   1314.0   0.14099
   1314.4   0.14109
   1314.7   0.14113
   1315.0   0.14107
   1315.4   0.14104
   1315.7   0.14109
   1316.0   0.14118
   1316.4   0.14118
   1316.7   0.14117
   1317.0   0.14122
   1317.4   0.14127
   1317.7   0.14126
   1318.0   0.14125
   1318.4   0.14129
   1318.7   0.14128
   1319.0   0.14134
   1319.4   0.14140
   1319.7   0.14139
   1320.1   0.14135
   1320.4   0.14133
   1320.7   0.14141
   1321.1   0.14146
   1321.4   0.14147
   1321.7   0.14149
   1322.1   0.14147
   1322.4   0.14149
   1322.7   0.14152
   1323.1   0.14158
   1323.4   0.14160
   1323.8   0.14159
   1324.1   0.14162
   1324.4   0.14169
   1324.8   0.14174
   1325.1   0.14179
   1325.4   0.14179
   1325.8   0.14175
   1326.1   0.14174
   1326.5   0.14180
   1326.8   0.14185
   1327.1   0.14191
   1327.5   0.14197
   1327.8   0.14193
   1328.2   0.14191
   1328.5   0.14195
   1328.8   0.14197
   1329.2   0.14200
   1329.5   0.14201
   1329.9   0.14204
   1330.2   0.14209
   1330.6   0.14207
   1330.9   0.14202
   1331.2   0.14207
   1331.6   0.14213
   1331.9   0.14217
   1332.3   0.14219
   1332.6   0.14220
   1332.9   0.14221
   1333.3   0.14226
   1333.6   0.14237
   1334.0   0.14241
   1334.3   0.14241
   1334.7   0.14236
   1335.0   0.14237
   1335.3   0.14243
   1335.7   0.14247
   1336.0   0.14249
   1336.4   0.14255
   1336.7   0.14258
   1337.1   0.14258
   1337.4   0.14258
   1337.8   0.14259
   1338.1   0.14259
   1338.4   0.14263
   1338.8   0.14271
   1339.1   0.14273
   1339.5   0.14271
   1339.8   0.14269
   1340.2   0.14270
   1340.5   0.14276
   1340.9   0.14278
   1341.2   0.14275
   1341.6   0.14277
   1341.9   0.14281
   1342.3   0.14288
   1342.6   0.14291
   1342.9   0.14294
   1343.3   0.14298
   1343.7   0.14304
   1344.0   0.14299
   1344.3   0.14298
   1344.7   0.14298
   1345.0   0.14298
   1345.4   0.14299
   1345.7   0.14306
   1346.1   0.14316
   1346.4   0.14319
   1346.8   0.14317
   1347.1   0.14320
   1347.5   0.14322
   1347.8   0.14329
   1348.2   0.14331
   1348.5   0.14327
   1348.9   0.14333
   1349.3   0.14339
   1349.6   0.14343
   1349.9   0.14345
   1350.3   0.14346
   1350.7   0.14347
   1351.0   0.14350
   1351.3   0.14351
   1351.7   0.14355
   1352.1   0.14361
   1352.4   0.14362
   1352.8   0.14360
   1353.1   0.14359
   1353.5   0.14363
   1353.8   0.14367
   1354.2   0.14377
   1354.5   0.14379
   1354.9   0.14376
   1355.2   0.14379
   1355.6   0.14382
   1355.9   0.14391
   1356.3   0.14393
   1356.7   0.14390
   1357.0   0.14390
   1357.4   0.14394
   1357.7   0.14398
   1358.1   0.14403
   1358.4   0.14406
   1358.8   0.14403
   1359.2   0.14400
   1359.5   0.14402
   1359.9   0.14411
   1360.2   0.14414
   1360.6   0.14417
   1360.9   0.14421
   1361.3   0.14422
   1361.7   0.14424
   1362.0   0.14428
   1362.4   0.14428
   1362.7   0.14430
   1363.1   0.14436
   1363.4   0.14440
   1363.8   0.14441
   1364.2   0.14442
   1364.5   0.14448
   1364.9   0.14454
   1365.2   0.14453
   1365.6   0.14449
   1365.9   0.14450
   1366.3   0.14453
   1366.7   0.14458
   1367.0   0.14462
   1367.4   0.14466
   1367.8   0.14471
   1368.1   0.14470
   1368.5   0.14469
   1368.8   0.14469
   1369.2   0.14473
   1369.6   0.14478
   1369.9   0.14479
   1370.3   0.14480
   1370.7   0.14484
   1371.0   0.14491
   1371.4   0.14498
   1371.7   0.14499
   1372.1   0.14500
   1372.5   0.14499
   1372.8   0.14503
   1373.2   0.14511
   1373.6   0.14511
   1373.9   0.14514
   1374.3   0.14513
   1374.6   0.14509
   1375.0   0.14514
   1375.4   0.14517
   1375.7   0.14516
   1376.1   0.14518
   1376.5   0.14525
   1376.8   0.14531
   1377.2   0.14536
   1377.6   0.14532
   1377.9   0.14532
   1378.3   0.14536
   1378.7   0.14539
   1379.0   0.14548
   1379.4   0.14547
   1379.8   0.14542
   1380.1   0.14548
   1380.5   0.14552
   1380.9   0.14559
   1381.2   0.14567
   1381.6   0.14569
   1382.0   0.14564
   1382.3   0.14560
   1382.7   0.14564
   1383.1   0.14575
   1383.4   0.14579
   1383.8   0.14581
   1384.2   0.14588
   1384.6   0.14585
   1384.9   0.14583
   1385.3   0.14587
   1385.7   0.14592
   1386.0   0.14594
   1386.4   0.14595
   1386.8   0.14594
   1387.2   0.14597
   1387.5   0.14599
   1387.9   0.14599
   1388.3   0.14604
   1388.6   0.14605
   1389.0   0.14603
   1389.4   0.14611
   1389.8   0.14615
   1390.1   0.14616
   1390.5   0.14622
   1390.9   0.14626
   1391.2   0.14628
   1391.6   0.14629
   1392.0   0.14631
   1392.4   0.14635
   1392.7   0.14639
   1393.1   0.14639
   1393.5   0.14637
   1393.9   0.14636
   1394.2   0.14643
   1394.6   0.14651
   1395.0   0.14650
   1395.4   0.14648
   1395.7   0.14648
   1396.1   0.14651
   1396.5   0.14658
   1396.9   0.14662
   1397.2   0.14667
   1397.6   0.14672
   1398.0   0.14672
   1398.4   0.14669
   1398.8   0.14671
   1399.1   0.14678
   1399.5   0.14688
   1399.9   0.14691
   1400.3   0.14690
   1400.6   0.14685
   1401.0   0.14682
   1401.4   0.14689
   1401.8   0.14699
   1402.2   0.14704
   1402.5   0.14700
   1402.9   0.14696
   1403.3   0.14706
   1403.7   0.14713
   1404.1   0.14709
   1404.4   0.14707
   1404.8   0.14717
   1405.2   0.14728
   1405.6   0.14733
   1406.0   0.14726
   1406.3   0.14724
   1406.7   0.14727
   1407.1   0.14730
   1407.5   0.14738
   1407.9   0.14742
   1408.3   0.14742
   1408.6   0.14745
   1409.0   0.14746
   1409.4   0.14748
   1409.8   0.14752
   1410.2   0.14759
   1410.6   0.14768
   1410.9   0.14764
   1411.3   0.14762
   1411.7   0.14766
   1412.1   0.14770
   1412.5   0.14772
   1412.8   0.14770
   1413.2   0.14767
   1413.6   0.14772
   1414.0   0.14777
   1414.4   0.14776
   1414.8   0.14776
   1415.2   0.14780
   1415.6   0.14786
   1415.9   0.14788
   1416.3   0.14790
   1416.7   0.14790
   1417.1   0.14792
   1417.5   0.14795
   1417.9   0.14798
   1418.3   0.14809
   1418.7   0.14811
   1419.0   0.14808
   1419.4   0.14813
   1419.8   0.14818
   1420.2   0.14819
   1420.6   0.14817
   1421.0   0.14824
   1421.4   0.14832
   1421.8   0.14836
   1422.2   0.14836
   1422.5   0.14835
   1422.9   0.14834
   1423.3   0.14834
   1423.7   0.14835
   1424.1   0.14839
   1424.5   0.14842
   1424.9   0.14847
   1425.3   0.14857
   1425.7   0.14855
   1426.1   0.14850
   1426.5   0.14851
   1426.8   0.14858
   1427.2   0.14862
   1427.6   0.14862
   1428.0   0.14863
   1428.4   0.14865
   1428.8   0.14868
   1429.2   0.14873
   1429.6   0.14878
   1430.0   0.14880
   1430.4   0.14880
   1430.8   0.14878
   1431.2   0.14877
   1431.6   0.14885
   1432.0   0.14893
   1432.4   0.14890
   1432.8   0.14894
   1433.2   0.14897
   1433.6   0.14899
   1433.9   0.14901
   1434.3   0.14905
   1434.8   0.14911
   1435.1   0.14916
   1435.5   0.14920
   1435.9   0.14915
   1436.3   0.14914
   1436.7   0.14917
   1437.1   0.14922
   1437.5   0.14924
   1437.9   0.14923
   1438.3   0.14922
   1438.7   0.14927
   1439.1   0.14933
   1439.5   0.14937
   1439.9   0.14932
   1440.3   0.14939
   1440.7   0.14943
   1441.1   0.14943
   1441.5   0.14948
   1441.9   0.14949
   1442.3   0.14950
   1442.7   0.14952
   1443.1   0.14957
   1443.5   0.14959
   1443.9   0.14961
   1444.3   0.14965
   1444.7   0.14965
   1445.1   0.14962
   1445.6   0.14961
   1445.9   0.14964
   1446.3   0.14966
   1446.8   0.14973
   1447.2   0.14979
   1447.6   0.14979
   1448.0   0.14979
   1448.4   0.14985
   1448.8   0.14991
   1449.2   0.14989
   1449.6   0.14985
   1450.0   0.14986
   1450.4   0.14993
   1450.8   0.15002
   1451.2   0.15003
   1451.6   0.15000
   1452.0   0.15000
   1452.4   0.15007
   1452.8   0.15012
   1453.2   0.15014
   1453.7   0.15014
   1454.1   0.15019
   1454.5   0.15023
   1454.9   0.15022
   1455.3   0.15022
   1455.7   0.15026
   1456.1   0.15029
   1456.5   0.15031
   1456.9   0.15030
   1457.3   0.15027
   1457.7   0.15033
   1458.2   0.15041
   1458.6   0.15042
   1459.0   0.15044
   1459.4   0.15044
   1459.8   0.15049
   1460.2   0.15054
   1460.6   0.15055
   1461.0   0.15055
   1461.4   0.15053
   1461.8   0.15052
   1462.3   0.15059
   1462.7   0.15065
   1463.1   0.15067
   1463.5   0.15071
   1463.9   0.15077
   1464.3   0.15075
   1464.7   0.15073
   1465.2   0.15072
   1465.6   0.15077
   1466.0   0.15086
   1466.4   0.15089
   1466.8   0.15090
   1467.2   0.15096
   1467.6   0.15099
   1468.1   0.15096
   1468.5   0.15097
   1468.9   0.15099
   1469.3   0.15100
   1469.7   0.15101
   1470.1   0.15108
   1470.6   0.15111
   1471.0   0.15114
   1471.4   0.15113
   1471.8   0.15112
   1472.2   0.15117
   1472.6   0.15122
   1473.1   0.15124
   1473.5   0.15127
   1473.9   0.15128
   1474.3   0.15133
   1474.7   0.15134
   1475.2   0.15131
   1475.6   0.15127
   1476.0   0.15124
   1476.4   0.15128
   1476.8   0.15134
   1477.3   0.15138
   1477.7   0.15141
   1478.1   0.15140
   1478.5   0.15143
   1478.9   0.15150
   1479.4   0.15155
   1479.8   0.15156
   1480.2   0.15159
   1480.6   0.15158
   1481.1   0.15155
   1481.5   0.15158
   1481.9   0.15163
   1482.3   0.15164
   1482.8   0.15163
   1483.2   0.15162
   1483.6   0.15167
   1484.0   0.15172
   1484.4   0.15170
   1484.9   0.15174
   1485.3   0.15179
   1485.7   0.15180
   1486.2   0.15180
   1486.6   0.15183
   1487.0   0.15187
   1487.4   0.15187
   1487.9   0.15189
   1488.3   0.15194
   1488.7   0.15202
   1489.1   0.15202
   1489.6   0.15197
   1490.0   0.15196
   1490.4   0.15198
   1490.8   0.15203
   1491.3   0.15209
   1491.7   0.15209
   1492.1   0.15206
   1492.6   0.15211
   1493.0   0.15216
   1493.4   0.15219
   1493.9   0.15224
   1494.3   0.15230
   1494.7   0.15231
   1495.2   0.15227
   1495.6   0.15226
   1496.0   0.15230
   1496.4   0.15233
   1496.9   0.15236
   1497.3   0.15236
   1497.7   0.15237
   1498.2   0.15242
   1498.6   0.15242
   1499.0   0.15242
   1499.5   0.15242
   1499.9   0.15244
   1500.3   0.15246
   1500.8   0.15250
   1501.2   0.15249
   1501.7   0.15251
   1502.1   0.15258
   1502.5   0.15261
   1502.9   0.15261
   1503.4   0.15262
   1503.8   0.15266
   1504.3   0.15265
   1504.7   0.15263
   1505.1   0.15264
   1505.6   0.15270
   1506.0   0.15276
   1506.4   0.15276
   1506.9   0.15277
   1507.3   0.15281
   1507.8   0.15284
   1508.2   0.15287
   1508.6   0.15291
   1509.1   0.15297
   1509.5   0.15297
   1510.0   0.15293
   1510.4   0.15289
   1510.8   0.15288
   1511.3   0.15297
   1511.7   0.15302
   1512.2   0.15305
   1512.6   0.15305
   1513.0   0.15305
   1513.5   0.15306
   1513.9   0.15306
   1514.4   0.15309
   1514.8   0.15311
   1515.3   0.15309
   1515.7   0.15312
   1516.1   0.15318
   1516.6   0.15320
   1517.0   0.15322
   1517.5   0.15323
   1517.9   0.15321
   1518.4   0.15326
   1518.8   0.15332
   1519.3   0.15336
   1519.7   0.15336
   1520.1   0.15333
   1520.6   0.15332
   1521.0   0.15336
   1521.5   0.15341
   1521.9   0.15342
   1522.4   0.15344
   1522.8   0.15346
   1523.3   0.15346
   1523.7   0.15346
   1524.2   0.15348
   1524.6   0.15353
   1525.1   0.15352
   1525.5   0.15354
   1525.9   0.15358
   1526.4   0.15355
   1526.8   0.15357
   1527.3   0.15365
   1527.8   0.15365
   1528.2   0.15360
   1528.7   0.15362
   1529.1   0.15362
   1529.6   0.15359
   1530.0   0.15361
   1530.5   0.15366
   1530.9   0.15368
   1531.4   0.15367
   1531.8   0.15373
   1532.3   0.15378
   1532.7   0.15377
   1533.2   0.15378
   1533.6   0.15384
   1534.1   0.15386
   1534.5   0.15385
   1535.0   0.15389
   1535.4   0.15391
   1535.9   0.15391
   1536.3   0.15391
   1536.8   0.15392
   1537.3   0.15391
   1537.7   0.15396
   1538.2   0.15397
   1538.6   0.15397
   1539.1   0.15400
   1539.6   0.15402
   1540.0   0.15403
   1540.5   0.15406
   1540.9   0.15407
   1541.4   0.15410
   1541.8   0.15413
   1542.3   0.15412
   1542.8   0.15415
   1543.2   0.15417
   1543.7   0.15415
   1544.1   0.15417
   1544.6   0.15421
   1545.1   0.15424
   1545.5   0.15425
   1546.0   0.15426
   1546.4   0.15432
   1546.9   0.15431
   1547.4   0.15431
   1547.8   0.15429
   1548.3   0.15428
   1548.8   0.15432
   1549.2   0.15435
   1549.7   0.15438
   1550.1   0.15438
   1550.6   0.15437
   1551.1   0.15436
   1551.5   0.15435
   1552.0   0.15437
   1552.4   0.15439
   1552.9   0.15442
   1553.4   0.15441
   1553.8   0.15441
   1554.3   0.15442
   1554.8   0.15444
   1555.3   0.15449
   1555.7   0.15449
   1556.2   0.15452
   1556.7   0.15456
   1557.1   0.15457
   1557.6   0.15457
   1558.1   0.15457
   1558.5   0.15458
   1559.0   0.15462
   1559.5   0.15461
   1559.9   0.15461
   1560.4   0.15460
   1560.9   0.15456
   1561.3   0.15455
   1561.8   0.15466
   1562.3   0.15473
   1562.8   0.15472
   1563.2   0.15470
   1563.7   0.15474
   1564.2   0.15479
   1564.6   0.15480
   1565.1   0.15480
   1565.6   0.15478
   1566.1   0.15478
   1566.5   0.15479
   1567.0   0.15489
   1567.5   0.15492
   1567.9   0.15489
   1568.4   0.15492
   1568.9   0.15492
   1569.4   0.15491
   1569.8   0.15492
   1570.3   0.15493
   1570.8   0.15493
   1571.3   0.15493
   1571.8   0.15496
   1572.2   0.15497
   1572.7   0.15493
   1573.2   0.15493
   1573.7   0.15498
   1574.1   0.15499
   1574.6   0.15500
   1575.1   0.15503
   1575.6   0.15508
   1576.1   0.15509
   1576.5   0.15506
   1577.0   0.15508
   1577.5   0.15510
   1578.0   0.15513
   1578.4   0.15511
   1578.9   0.15510
   1579.4   0.15511
   1579.9   0.15517
   1580.4   0.15517
   1580.9   0.15516
   1581.3   0.15517
   1581.8   0.15519
   1582.3   0.15525
   1582.8   0.15527
   1583.3   0.15526
   1583.8   0.15526
   1584.2   0.15530
   1584.7   0.15530
   1585.2   0.15529
   1585.7   0.15531
   1586.2   0.15532
   1586.7   0.15528
   1587.2   0.15526
   1587.6   0.15531
   1588.1   0.15536
   1588.6   0.15538
   1589.1   0.15533
   1589.6   0.15534
   1590.1   0.15539
   1590.6   0.15538
   1591.0   0.15541
   1591.5   0.15541
   1592.0   0.15540
   1592.5   0.15544
   1593.0   0.15549
   1593.5   0.15545
   1594.0   0.15544
   1594.5   0.15546
   1595.0   0.15547
   1595.4   0.15550
   1595.9   0.15550
   1596.4   0.15547
   1596.9   0.15547
   1597.4   0.15548
   1597.9   0.15549
   1598.4   0.15549
   1598.9   0.15550
   1599.4   0.15554
   1599.9   0.15554
   1600.4   0.15555
   1600.9   0.15556
   1601.4   0.15555
   1601.9   0.15554
   1602.3   0.15557
   1602.8   0.15562
   1603.3   0.15563
   1603.8   0.15560
   1604.3   0.15560
   1604.8   0.15564
   1605.3   0.15562
   1605.8   0.15565
   1606.3   0.15569
   1606.8   0.15570
   1607.3   0.15570
   1607.8   0.15570
   1608.3   0.15572
   1608.8   0.15575
   1609.3   0.15574
   1609.8   0.15572
   1610.3   0.15574
   1610.8   0.15574
   1611.3   0.15575
   1611.8   0.15578
   1612.3   0.15578
   1612.8   0.15580
   1613.3   0.15577
   1613.8   0.15576
   1614.3   0.15578
   1614.8   0.15577
   1615.3   0.15580
   1615.8   0.15586
   1616.3   0.15591
   1616.8   0.15588
   1617.3   0.15585
   1617.8   0.15582
   1618.4   0.15582
   1618.9   0.15587
   1619.4   0.15587
   1619.9   0.15587
   1620.4   0.15590
   1620.9   0.15593
   1621.4   0.15593
   1621.9   0.15590
   1622.4   0.15592
   1622.9   0.15589
   1623.4   0.15588
   1623.9   0.15593
   1624.4   0.15598
   1624.9   0.15598
   1625.5   0.15595
   1626.0   0.15595
   1626.5   0.15596
   1627.0   0.15594
   1627.5   0.15594
   1628.0   0.15597
   1628.5   0.15600
   1629.0   0.15600
   1629.6   0.15598
   1630.1   0.15598
   1630.6   0.15597
   1631.1   0.15600
   1631.6   0.15600
   1632.1   0.15596
   1632.6   0.15598
   1633.1   0.15604
   1633.7   0.15606
   1634.2   0.15606
   1634.7   0.15607
   1635.2   0.15604
   1635.7   0.15603
   1636.2   0.15605
   1636.8   0.15610
   1637.3   0.15612
   1637.8   0.15609
   1638.3   0.15606
   1638.8   0.15609
   1639.3   0.15608
   1639.8   0.15604
   1640.4   0.15607
   1640.9   0.15612
   1641.4   0.15612
   1641.9   0.15612
   1642.4   0.15610
   1643.0   0.15614
   1643.5   0.15614
   1644.0   0.15613
   1644.5   0.15615
   1645.1   0.15618
   1645.6   0.15615
   1646.1   0.15610
   1646.6   0.15610
   1647.2   0.15610
   1647.7   0.15610
   1648.2   0.15618
   1648.7   0.15622
   1649.2   0.15619
   1649.8   0.15619
   1650.3   0.15620
   1650.8   0.15619
   1651.3   0.15617
   1651.9   0.15621
   1652.4   0.15623
   1652.9   0.15624
   1653.4   0.15625
   1654.0   0.15622
   1654.5   0.15622
   1655.0   0.15624
   1655.6   0.15622
   1656.1   0.15621
   1656.6   0.15622
   1657.2   0.15620
   1657.7   0.15619
   1658.2   0.15620
   1658.7   0.15624
   1659.3   0.15622
   1659.8   0.15620
   1660.3   0.15625
   1660.9   0.15625
   1661.4   0.15625
   1661.9   0.15627
   1662.5   0.15626
   1663.0   0.15625
   1663.5   0.15626
   1664.1   0.15630
   1664.6   0.15632
   1665.1   0.15631
   1665.7   0.15628
   1666.2   0.15630
   1666.7   0.15632
   1667.3   0.15628
   1667.8   0.15625
   1668.3   0.15628
   1668.9   0.15631
   1669.4   0.15631
   1670.0   0.15633
   1670.5   0.15634
   1671.0   0.15636
   1671.6   0.15637
   1672.1   0.15636
   1672.7   0.15631
   1673.2   0.15632
   1673.7   0.15635
   1674.3   0.15635
   1674.8   0.15636
   1675.4   0.15638
   1675.9   0.15634
   1676.4   0.15633
   1677.0   0.15633
   1677.5   0.15635
   1678.1   0.15635
   1678.6   0.15633
   1679.2   0.15636
   1679.7   0.15640
   1680.2   0.15642
   1680.8   0.15641
   1681.3   0.15636
   1681.9   0.15634
   1682.4   0.15634
   1683.0   0.15637
   1683.5   0.15642
   1684.1   0.15641
   1684.6   0.15640
   1685.2   0.15640
   1685.7   0.15640
   1686.3   0.15640
   1686.8   0.15641
   1687.3   0.15643
   1687.9   0.15643
   1688.4   0.15641
   1689.0   0.15643
   1689.6   0.15644
   1690.1   0.15642
   1690.7   0.15641
   1691.2   0.15641
   1691.8   0.15641
   1692.3   0.15641
   1692.9   0.15639
   1693.4   0.15639
   1694.0   0.15642
   1694.5   0.15642
   1695.1   0.15641
   1695.6   0.15642
   1696.2   0.15638
   1696.7   0.15634
   1697.3   0.15636
   1697.8   0.15636
   1698.4   0.15641
   1699.0   0.15647
   1699.5   0.15644
   1700.1   0.15638
   1700.6   0.15636
   1701.2   0.15638
   1701.8   0.15640
   1702.3   0.15640
   1702.9   0.15641
   1703.4   0.15644
   1704.0   0.15642
   1704.6   0.15637
   1705.1   0.15636
   1705.7   0.15640
   1706.2   0.15640
   1706.8   0.15639
   1707.4   0.15637
   1707.9   0.15637
   1708.5   0.15639
   1709.0   0.15640
   1709.6   0.15644
   1710.2   0.15639
   1710.7   0.15637
   1711.3   0.15641
   1711.9   0.15640
   1712.4   0.15640
   1713.0   0.15640
   1713.6   0.15636
   1714.1   0.15634
   1714.7   0.15637
   1715.3   0.15637
   1715.8   0.15642
   1716.4   0.15643
   1717.0   0.15642
   1717.5   0.15639
   1718.1   0.15634
   1718.7   0.15634
   1719.2   0.15638
   1719.8   0.15642
   1720.4   0.15641
   1721.0   0.15640
   1721.5   0.15639
   1722.1   0.15639
   1722.7   0.15639
   1723.2   0.15637
   1723.8   0.15636
   1724.4   0.15636
   1725.0   0.15635
   1725.5   0.15638
   1726.1   0.15640
   1726.7   0.15638
   1727.3   0.15638
   1727.8   0.15641
   1728.4   0.15637
   1729.0   0.15634
   1729.6   0.15635
   1730.1   0.15638
   1730.7   0.15636
   1731.3   0.15634
   1731.9   0.15636
   1732.5   0.15635
   1733.0   0.15631
   1733.6   0.15634
   1734.2   0.15634
   1734.8   0.15631
   1735.4   0.15634
   1735.9   0.15640
   1736.5   0.15640
   1737.1   0.15637
   1737.7   0.15641
   1738.3   0.15645
   1738.8   0.15642
   1739.4   0.15639
   1740.0   0.15638
   1740.6   0.15638
   1741.2   0.15638
   1741.8   0.15640
   1742.3   0.15642
   1742.9   0.15638
   1743.5   0.15634
   1744.1   0.15636
   1744.7   0.15637
   1745.3   0.15635
   1745.9   0.15635
   1746.5   0.15634
   1747.1   0.15634
   1747.6   0.15638
   1748.2   0.15638
   1748.8   0.15637
   1749.4   0.15635
   1750.0   0.15638
   1750.6   0.15636
   1751.2   0.15634
   1751.8   0.15640
   1752.4   0.15638
   1753.0   0.15630
   1753.6   0.15632
   1754.1   0.15631
   1754.7   0.15627
   1755.3   0.15629
   1755.9   0.15632
   1756.5   0.15633
   1757.1   0.15631
   1757.7   0.15627
   1758.3   0.15626
   1758.9   0.15628
   1759.5   0.15630
   1760.1   0.15632
   1760.7   0.15633
   1761.3   0.15630
   1761.9   0.15627
   1762.5   0.15626
   1763.1   0.15626
   1763.7   0.15628
   1764.3   0.15627
   1764.9   0.15624
   1765.5   0.15623
   1766.1   0.15623
   1766.7   0.15621
   1767.3   0.15621
   1767.9   0.15624
   1768.5   0.15625
   1769.1   0.15623
   1769.7   0.15620
   1770.3   0.15618
   1770.9   0.15621
   1771.5   0.15626
   1772.1   0.15628
   1772.7   0.15625
   1773.3   0.15620
   1773.9   0.15619
   1774.6   0.15621
   1775.2   0.15623
   1775.8   0.15620
   1776.4   0.15618
   1777.0   0.15622
   1777.6   0.15622
   1778.2   0.15621
   1778.8   0.15619
   1779.4   0.15614
   1780.0   0.15615
   1780.7   0.15619
   1781.3   0.15619
   1781.9   0.15618
   1782.5   0.15618
   1783.1   0.15621
   1783.7   0.15621
   1784.3   0.15619
   1784.9   0.15617
   1785.6   0.15617
   1786.2   0.15620
   1786.8   0.15618
   1787.4   0.15617
   1788.0   0.15617
   1788.6   0.15617
   1789.3   0.15619
   1789.9   0.15615
   1790.5   0.15613
   1791.1   0.15611
   1791.7   0.15613
   1792.3   0.15615
   1793.0   0.15610
   1793.6   0.15609
   1794.2   0.15612
   1794.8   0.15612
   1795.4   0.15610
   1796.1   0.15610
   1796.7   0.15609
   1797.3   0.15609
   1797.9   0.15608
   1798.6   0.15614
   1799.2   0.15611
   1799.8   0.15607
   1800.4   0.15610
   1801.1   0.15612
   1801.7   0.15615
   1802.3   0.15614
   1802.9   0.15610
   1803.6   0.15605
   1804.2   0.15607
   1804.8   0.15612
   1805.4   0.15608
   1806.1   0.15605
   1806.7   0.15605
   1807.3   0.15604
   1808.0   0.15605
   1808.6   0.15605
   1809.2   0.15603
   1809.9   0.15604
   1810.5   0.15605
   1811.1   0.15605
   1811.8   0.15606
   1812.4   0.15603
   1813.0   0.15598
   1813.7   0.15600
   1814.3   0.15604
   1814.9   0.15605
   1815.6   0.15601
   1816.2   0.15600
   1816.8   0.15602
   1817.5   0.15605
   1818.1   0.15602
   1818.8   0.15601
   1819.4   0.15600
   1820.0   0.15596
   1820.7   0.15594
   1821.3   0.15594
   1821.9   0.15594
   1822.6   0.15596
   1823.2   0.15599
   1823.9   0.15598
   1824.5   0.15594
   1825.2   0.15596
   1825.8   0.15596
   1826.4   0.15596
   1827.1   0.15596
   1827.7   0.15597
   1828.4   0.15597
   1829.0   0.15599
   1829.7   0.15598
   1830.3   0.15595
   1831.0   0.15592
   1831.6   0.15591
   1832.3   0.15591
   1832.9   0.15593
   1833.6   0.15594
   1834.2   0.15596
   1834.8   0.15593
   1835.5   0.15593
   1836.1   0.15595
   1836.8   0.15596
   1837.4   0.15589
   1838.1   0.15590
   1838.8   0.15595
   1839.4   0.15593
   1840.1   0.15593
   1840.7   0.15597
   1841.4   0.15593
   1842.0   0.15589
   1842.7   0.15588
   1843.3   0.15587
   1844.0   0.15588
   1844.6   0.15590
   1845.3   0.15588
   1845.9   0.15586
   1846.6   0.15582
   1847.3   0.15584
   1847.9   0.15590
   1848.6   0.15593
   1849.2   0.15594
   1849.9   0.15594
   1850.6   0.15591
   1851.2   0.15592
   1851.9   0.15592
   1852.6   0.15588
   1853.2   0.15591
   1853.9   0.15591
   1854.5   0.15585
   1855.2   0.15584
   1855.9   0.15585
   1856.5   0.15583
   1857.2   0.15587
   1857.9   0.15587
   1858.5   0.15588
   1859.2   0.15586
   1859.9   0.15584
   1860.5   0.15585
   1861.2   0.15584
   1861.9   0.15585
   1862.5   0.15587
   1863.2   0.15586
   1863.9   0.15586
   1864.5   0.15587
   1865.2   0.15586
   1865.9   0.15585
   1866.6   0.15586
   1867.2   0.15586
   1867.9   0.15585
   1868.6   0.15585
   1869.2   0.15587
   1869.9   0.15590
   1870.6   0.15587
   1871.3   0.15585
   1871.9   0.15588
   1872.6   0.15587
   1873.3   0.15590
   1874.0   0.15594
   1874.7   0.15590
   1875.3   0.15585
   1876.0   0.15583
   1876.7   0.15584
   1877.4   0.15587
   1878.0   0.15586
   1878.7   0.15583
   1879.4   0.15586
   1880.1   0.15588
   1880.8   0.15585
   1881.4   0.15584
   1882.1   0.15582
   1882.8   0.15583
   1883.5   0.15584
   1884.2   0.15581
   1884.9   0.15582
   1885.6   0.15585
   1886.2   0.15588
   1886.9   0.15588
   1887.6   0.15586
   1888.3   0.15585
   1889.0   0.15582
   1889.7   0.15581
   1890.4   0.15582
   1891.1   0.15587
   1891.8   0.15587
   1892.4   0.15585
   1893.1   0.15585
   1893.8   0.15588
   1894.5   0.15588
   1895.2   0.15586
   1895.9   0.15584
   1896.6   0.15585
   1897.3   0.15586
   1898.0   0.15583
   1898.7   0.15581
   1899.4   0.15582
   1900.1   0.15585
   1900.8   0.15586
   1901.5   0.15589
   1902.2   0.15586
   1902.9   0.15583
   1903.6   0.15584
   1904.3   0.15582
   1905.0   0.15582
   1905.7   0.15584
   1906.4   0.15586
   1907.1   0.15588
   1907.8   0.15585
   1908.5   0.15580
   1909.2   0.15583
   1909.9   0.15585
   1910.6   0.15583
   1911.3   0.15580
   1912.0   0.15579
   1912.7   0.15581
   1913.4   0.15584
   1914.1   0.15588
   1914.8   0.15587
   1915.5   0.15587
   1916.2   0.15587
   1916.9   0.15587
   1917.6   0.15589
   1918.3   0.15588
   1919.1   0.15587
   1919.8   0.15588
   1920.5   0.15588
   1921.2   0.15589
   1921.9   0.15592
   1922.6   0.15595
   1923.3   0.15595
   1924.0   0.15594
   1924.8   0.15589
   1925.5   0.15589
   1926.2   0.15592
   1926.9   0.15591
   1927.6   0.15591
   1928.3   0.15595
   1929.1   0.15597
   1929.8   0.15595
   1930.5   0.15598
   1931.2   0.15601
   1931.9   0.15599
   1932.7   0.15596
   1933.4   0.15596
   1934.1   0.15599
   1934.8   0.15600
   1935.5   0.15596
   1936.3   0.15595
   1937.0   0.15598
   1937.7   0.15598
   1938.4   0.15597
   1939.2   0.15599
   1939.9   0.15600
   1940.6   0.15599
   1941.3   0.15602
   1942.1   0.15604
   1942.8   0.15605
   1943.5   0.15606
   1944.2   0.15607
   1945.0   0.15601
   1945.7   0.15599
   1946.4   0.15602
   1947.2   0.15606
   1947.9   0.15607
   1948.6   0.15606
   1949.4   0.15609
   1950.1   0.15610
   1950.8   0.15610
   1951.6   0.15610
   1952.3   0.15609
   1953.0   0.15609
   1953.8   0.15612
   1954.5   0.15613
   1955.2   0.15613
   1956.0   0.15614
   1956.7   0.15615
   1957.5   0.15616
   1958.2   0.15617
   1958.9   0.15616
   1959.7   0.15617
   1960.4   0.15617
   1961.2   0.15617
   1961.9   0.15618
   1962.6   0.15620
   1963.4   0.15621
   1964.1   0.15621
   1964.9   0.15620
   1965.6   0.15621
   1966.4   0.15623
   1967.1   0.15626
   1967.9   0.15628
   1968.6   0.15629
   1969.3   0.15628
   1970.1   0.15626
   1970.8   0.15626
   1971.6   0.15627
   1972.3   0.15627
   1973.1   0.15627
   1973.8   0.15628
   1974.6   0.15629
   1975.3   0.15631
   1976.1   0.15634
   1976.9   0.15637
   1977.6   0.15637
   1978.4   0.15636
   1979.1   0.15634
   1979.9   0.15638
   1980.6   0.15640
   1981.4   0.15638
   1982.2   0.15638
   1982.9   0.15639
   1983.7   0.15641
   1984.4   0.15643
   1985.2   0.15644
   1985.9   0.15646
   1986.7   0.15644
   1987.5   0.15639
   1988.2   0.15642
   1989.0   0.15646
   1989.8   0.15648
   1990.5   0.15651
   1991.3   0.15654
   1992.1   0.15653
   1992.8   0.15655
   1993.6   0.15660
   1994.3   0.15663
   1995.1   0.15664
   1995.9   0.15663
   1996.7   0.15665
   1997.4   0.15665
   1998.2   0.15666
   1999.0   0.15668
   1999.7   0.15669
   2000.5   0.15666
   2001.3   0.15663
   2002.1   0.15666
   2002.8   0.15671
   2003.6   0.15672
   2004.4   0.15675
   2005.2   0.15677
   2005.9   0.15674
   2006.7   0.15672
   2007.5   0.15677
   2008.3   0.15679
   2009.0   0.15679
   2009.8   0.15681
   2010.6   0.15684
   2011.4   0.15688
   2012.2   0.15688
   2012.9   0.15686
   2013.7   0.15687
   2014.5   0.15687
   2015.3   0.15689
   2016.1   0.15691
   2016.8   0.15692
   2017.6   0.15694
   2018.4   0.15695
   2019.2   0.15698
   2020.0   0.15702
   2020.8   0.15703
   2021.6   0.15704
   2022.3   0.15703
   2023.1   0.15708
   2023.9   0.15713
   2024.7   0.15709
   2025.5   0.15707
   2026.3   0.15713
   2027.1   0.15722
   2027.9   0.15723
   2028.7   0.15719
   2029.5   0.15718
   2030.3   0.15723
   2031.1   0.15726
   2031.9   0.15729
   2032.7   0.15727
   2033.5   0.15726
   2034.3   0.15728
   2035.1   0.15732
   2035.8   0.15736
   2036.7   0.15740
   2037.4   0.15744
   2038.3   0.15741
   2039.1   0.15739
   2039.9   0.15742
   2040.7   0.15744
   2041.5   0.15746
   2042.3   0.15750
   2043.1   0.15749
   2043.9   0.15749
   2044.7   0.15753
   2045.5   0.15756
   2046.3   0.15760
   2047.1   0.15764
   2047.9   0.15765
   2048.7   0.15762
   2049.5   0.15758
   2050.4   0.15758
   2051.2   0.15760
   2052.0   0.15765
   2052.8   0.15770
   2053.6   0.15774
   2054.4   0.15777
   2055.2   0.15776
   2056.0   0.15779
   2056.9   0.15784
   2057.7   0.15787
   2058.5   0.15786
   2059.3   0.15787
   2060.1   0.15795
   2060.9   0.15796
   2061.8   0.15795
   2062.6   0.15797
   2063.4   0.15797
   2064.2   0.15800
   2065.1   0.15799
   2065.9   0.15799
   2066.7   0.15804
   2067.5   0.15809
   2068.3   0.15811
   2069.2   0.15810
   2070.0   0.15809
   2070.8   0.15815
   2071.6   0.15820
   2072.5   0.15821
   2073.3   0.15825
   2074.1   0.15829
   2075.0   0.15830
   2075.8   0.15828
   2076.6   0.15830
   2077.5   0.15835
   2078.3   0.15838
   2079.1   0.15840
   2080.0   0.15842
   2080.8   0.15843
   2081.6   0.15844
   2082.5   0.15849
   2083.3   0.15856
   2084.1   0.15859
   2085.0   0.15859
   2085.8   0.15860
   2086.6   0.15861
   2087.5   0.15867
   2088.3   0.15869
   2089.2   0.15869
   2090.0   0.15877
   2090.9   0.15879
   2091.7   0.15881
   2092.6   0.15888
   2093.4   0.15888
   2094.2   0.15887
   2095.1   0.15888
   2095.9   0.15889
   2096.8   0.15892
   2097.6   0.15898
   2098.5   0.15903
   2099.3   0.15906
   2100.2   0.15910
   2101.0   0.15914
   2101.9   0.15919
   2102.7   0.15922
   2103.6   0.15922
   2104.4   0.15924
   2105.3   0.15926
   2106.1   0.15929
   2107.0   0.15931
   2107.9   0.15934
   2108.7   0.15936
   2109.6   0.15938
   2110.4   0.15943
   2111.3   0.15947
   2112.1   0.15946
   2113.0   0.15946
   2113.9   0.15949
   2114.7   0.15955
   2115.6   0.15958
   2116.5   0.15958
   2117.3   0.15961
   2118.2   0.15966
   2119.1   0.15973
   2119.9   0.15978
   2120.8   0.15981
   2121.7   0.15978
   2122.5   0.15978
   2123.4   0.15987
   2124.3   0.15990
   2125.1   0.15991
   2126.0   0.15995
   2126.9   0.15997
   2127.8   0.15999
   2128.6   0.16004
   2129.5   0.16011
   2130.4   0.16017
   2131.3   0.16020
   2132.1   0.16020
   2133.0   0.16022
   2133.9   0.16029
   2134.8   0.16033
   2135.6   0.16034
   2136.5   0.16039
   2137.4   0.16044
   2138.3   0.16049
   2139.2   0.16054
   2140.1   0.16055
   2140.9   0.16056
   2141.8   0.16061
   2142.7   0.16066
   2143.6   0.16066
   2144.5   0.16069
   2145.4   0.16076
   2146.3   0.16080
   2147.1   0.16081
   2148.0   0.16088
   2148.9   0.16093
   2149.8   0.16093
   2150.7   0.16091
   2151.6   0.16096
   2152.5   0.16100
   2153.4   0.16103
   2154.3   0.16106
   2155.2   0.16111
   2156.1   0.16117
   2157.0   0.16121
   2157.9   0.16124
   2158.8   0.16129
   2159.7   0.16133
   2160.6   0.16136
   2161.5   0.16141
   2162.4   0.16147
   2163.3   0.16149
   2164.2   0.16151
   2165.1   0.16157
   2166.0   0.16159
   2166.9   0.16165
   2167.8   0.16171
   2168.7   0.16171
   2169.6   0.16175
   2170.5   0.16181
   2171.4   0.16186
   2172.3   0.16192
   2173.2   0.16195
   2174.1   0.16198
   2175.1   0.16202
   2176.0   0.16207
   2176.9   0.16211
   2177.8   0.16211
   2178.7   0.16215
   2179.6   0.16220
   2180.6   0.16228
   2181.5   0.16234
   2182.4   0.16235
   2183.3   0.16241
   2184.2   0.16248
   2185.1   0.16252
   2186.1   0.16258
   2187.0   0.16263
   2187.9   0.16268
   2188.8   0.16270
   2189.8   0.16275
   2190.7   0.16276
   2191.6   0.16279
   2192.5   0.16283
   2193.5   0.16288
   2194.4   0.16292
   2195.3   0.16300
   2196.3   0.16308
   2197.2   0.16308
   2198.1   0.16312
   2199.1   0.16322
   2200.0   0.16327
   2200.9   0.16330
   2201.9   0.16338
   2202.8   0.16340
   2203.7   0.16343
   2204.7   0.16348
   2205.6   0.16353
   2206.5   0.16356
   2207.5   0.16361
   2208.4   0.16370
   2209.4   0.16377
   2210.3   0.16379
   2211.2   0.16384
   2212.2   0.16392
   2213.1   0.16396
   2214.1   0.16402
   2215.0   0.16407
   2216.0   0.16409
   2216.9   0.16414
   2217.9   0.16421
   2218.8   0.16423
   2219.8   0.16427
   2220.7   0.16433
   2221.7   0.16435
   2222.6   0.16436
   2223.6   0.16447
   2224.5   0.16459
   2225.5   0.16460
   2226.4   0.16465
   2227.4   0.16472
   2228.4   0.16474
   2229.3   0.16476
   2230.3   0.16480
   2231.2   0.16480
   2232.2   0.16486
   2233.1   0.16495
   2234.1   0.16500
   2235.1   0.16504
   2236.0   0.16511
   2237.0   0.16515
   2238.0   0.16522
   2238.9   0.16529
   2239.9   0.16534
   2240.9   0.16538
   2241.8   0.16542
   2242.8   0.16549
   2243.8   0.16553
   2244.8   0.16556
   2245.7   0.16563
   2246.7   0.16568
   2247.7   0.16573
   2248.6   0.16582
   2249.6   0.16584
   2250.6   0.16586
   2251.6   0.16595
   2252.6   0.16604
   2253.5   0.16606
   2254.5   0.16609
   2255.5   0.16612
   2256.5   0.16617
   2257.5   0.16623
   2258.4   0.16627
   2259.4   0.16634
   2260.4   0.16644
   2261.4   0.16649
   2262.4   0.16653
   2263.4   0.16659
   2264.4   0.16663
   2265.4   0.16665
   2266.3   0.16671
   2267.3   0.16680
   2268.3   0.16690
   2269.3   0.16694
   2270.3   0.16697
   2271.3   0.16704
   2272.3   0.16711
   2273.3   0.16717
   2274.3   0.16721
   2275.3   0.16726
   2276.3   0.16734
   2277.3   0.16737
   2278.3   0.16744
   2279.3   0.16755
   2280.3   0.16759
   2281.3   0.16761
   2282.3   0.16770
   2283.3   0.16774
   2284.3   0.16780
   2285.3   0.16788
   2286.3   0.16791
   2287.3   0.16794
   2288.3   0.16800
   2289.4   0.16807
   2290.4   0.16816
   2291.4   0.16825
   2292.4   0.16832
   2293.4   0.16841
   2294.4   0.16847
   2295.4   0.16847
   2296.4   0.16853
   2297.5   0.16863
   2298.5   0.16870
   2299.5   0.16874
   2300.5   0.16887
   2301.6   0.16896
   2302.6   0.16901
   2303.6   0.16905
   2304.6   0.16912
   2305.6   0.16917
   2306.7   0.16921
   2307.7   0.16926
   2308.7   0.16934
   2309.8   0.16944
   2310.8   0.16953
   2311.8   0.16959
   2312.8   0.16964
   2313.9   0.16970
   2314.9   0.16977
   2315.9   0.16982
   2317.0   0.16987
   2318.0   0.16997
   2319.1   0.17010
   2320.1   0.17018
   2321.1   0.17023
   2322.2   0.17029
   2323.2   0.17034
   2324.3   0.17038
   2325.3   0.17043
   2326.3   0.17050
   2327.4   0.17057
   2328.4   0.17067
   2329.5   0.17076
   2330.5   0.17084
   2331.6   0.17092
   2332.6   0.17098
   2333.7   0.17102
   2334.7   0.17110
   2335.8   0.17122
   2336.8   0.17129
   2337.9   0.17134
   2338.9   0.17146
   2340.0   0.17154
   2341.0   0.17154
   2342.1   0.17158
   2343.1   0.17168
   2344.2   0.17177
   2345.3   0.17182
   2346.3   0.17189
   2347.4   0.17200
   2348.5   0.17212
   2349.5   0.17219
   2350.6   0.17229
   2351.7   0.17238
   2352.7   0.17242
   2353.8   0.17248
   2354.9   0.17253
   2355.9   0.17261
   2357.0   0.17270
   2358.1   0.17278
   2359.1   0.17283
   2360.2   0.17292
   2361.3   0.17299
   2362.4   0.17307
   2363.4   0.17316
   2364.5   0.17323
   2365.6   0.17331
   2366.7   0.17343
   2367.8   0.17355
   2368.9   0.17364
   2369.9   0.17371
   2371.0   0.17376
   2372.1   0.17383
   2373.2   0.17389
   2374.3   0.17395
   2375.4   0.17401
   2376.4   0.17407
   2377.5   0.17418
   2378.6   0.17429
   2379.7   0.17437
   2380.8   0.17446
   2381.9   0.17453
   2383.0   0.17462
   2384.1   0.17472
   2385.2   0.17481
   2386.3   0.17492
   2387.4   0.17497
   2388.5   0.17502
   2389.6   0.17510
   2390.7   0.17520
   2391.8   0.17529
   2392.9   0.17534
   2394.0   0.17541
   2395.1   0.17550
   2396.2   0.17560
   2397.3   0.17571
   2398.4   0.17583
   2399.5   0.17594
   2400.6   0.17602
   2401.8   0.17611
   2402.9   0.17619
   2404.0   0.17626
   2405.1   0.17632
   2406.2   0.17641
   2407.3   0.17652
   2408.5   0.17665
   2409.6   0.17671
   2410.7   0.17677
   2411.8   0.17689
   2412.9   0.17699
   2414.1   0.17709
   2415.2   0.17717
   2416.3   0.17722
   2417.4   0.17732
   2418.6   0.17745
   2419.7   0.17756
   2420.8   0.17763
   2422.0   0.17773
   2423.1   0.17783
   2424.2   0.17790
   2425.4   0.17801
   2426.5   0.17812
   2427.6   0.17819
   2428.8   0.17825
   2429.9   0.17836
   2431.1   0.17848
   2432.2   0.17859
   2433.3   0.17867
   2434.5   0.17875
   2435.6   0.17882
   2436.8   0.17892
   2437.9   0.17902
   2439.1   0.17912
   2440.2   0.17925
   2441.4   0.17937
   2442.5   0.17949
   2443.6   0.17957
   2444.8   0.17965
   2445.9   0.17977
   2447.1   0.17988
   2448.3   0.17995
   2449.4   0.18003
   2450.6   0.18010
   2451.7   0.18023
   2452.9   0.18033
   2454.1   0.18041
   2455.2   0.18050
   2456.4   0.18058
   2457.6   0.18069
   2458.7   0.18080
   2459.9   0.18091
   2461.1   0.18101
   2462.2   0.18110
   2463.4   0.18119
   2464.6   0.18129
   2465.7   0.18137
   2466.9   0.18147
   2468.1   0.18156
   2469.3   0.18168
   2470.4   0.18184
   2471.6   0.18196
   2472.8   0.18203
   2474.0   0.18208
   2475.1   0.18218
   2476.3   0.18228
   2477.5   0.18239
   2478.7   0.18248
   2479.9   0.18259
   2481.1   0.18272
   2482.3   0.18281
   2483.4   0.18289
   2484.6   0.18298
   2485.8   0.18308
   2487.0   0.18319
   2488.2   0.18330
   2489.4   0.18342
   2490.6   0.18356
   2491.8   0.18363
   2493.0   0.18368
   2494.2   0.18379
   2495.4   0.18387
   2496.6   0.18397
   2497.8   0.18409
   2499.0   0.18419
   2500.2   0.18431
   2501.4   0.18441
   2502.6   0.18453
   2503.8   0.18462
   2505.0   0.18472
   2506.3   0.18484
   2507.5   0.18497
   2508.7   0.18505
   2509.9   0.18515
   2511.1   0.18524
   2512.3   0.18534
   2513.5   0.18545
   2514.8   0.18553
   2516.0   0.18564
   2517.2   0.18580
   2518.4   0.18591
   2519.6   0.18598
   2520.9   0.18605
   2522.1   0.18617
   2523.3   0.18630
   2524.6   0.18638
   2525.8   0.18645
   2527.0   0.18653
   2528.2   0.18664
   2529.5   0.18680
   2530.7   0.18694
   2531.9   0.18702
   2533.2   0.18713
   2534.4   0.18723
   2535.7   0.18730
   2536.9   0.18744
   2538.1   0.18757
   2539.4   0.18767
   2540.6   0.18775
   2541.9   0.18786
   2543.1   0.18797
   2544.4   0.18805
   2545.6   0.18816
   2546.9   0.18825
   2548.1   0.18831
   2549.4   0.18844
   2550.6   0.18857
   2551.9   0.18870
   2553.1   0.18878
   2554.4   0.18890
   2555.6   0.18904
   2556.9   0.18911
   2558.2   0.18919
   2559.4   0.18928
   2560.7   0.18936
   2562.0   0.18951
   2563.2   0.18965
   2564.5   0.18977
   2565.8   0.18988
   2567.0   0.18997
   2568.3   0.19007
   2569.6   0.19017
   2570.9   0.19033
   2572.1   0.19038
   2573.4   0.19044
   2574.7   0.19066
   2576.0   0.19071
   2577.3   0.19080
   2578.5   0.19098
   2579.8   0.19102
   2581.1   0.19106
   2582.4   0.19118
   2583.7   0.19125
   2585.0   0.19149
   2586.2   0.19153
   2587.5   0.19160
   2588.8   0.19178
   2590.1   0.19188
   2591.4   0.19193
   2592.7   0.19190
   2594.0   0.19183
   2595.3   0.19214
   2596.6   0.19248
   2597.9   0.19254
   2599.2   0.19257
   2600.5   0.19263
   2601.8   0.19275
   2603.1   0.19284
   2604.4   0.19287
   2605.7   0.19301
   2607.1   0.19318
   2608.4   0.19324
   2609.7   0.19332
   2611.0   0.19345
   2612.3   0.19356
   2613.6   0.19362
   2614.9   0.19369
   2616.3   0.19369
   2617.6   0.19389
   2618.9   0.19400
   2620.2   0.19399
   2621.6   0.19426
   2622.9   0.19436
   2624.2   0.19439
   2625.5   0.19444
   2626.9   0.19454
   2628.2   0.19474
   2629.5   0.19469
   2630.9   0.19479
   2632.2   0.19504
   2633.5   0.19508
   2634.9   0.19517
   2636.2   0.19527
   2637.6   0.19537
   2638.9   0.19546
   2640.2   0.19560
   2641.6   0.19568
   2642.9   0.19578
   2644.3   0.19586
   2645.6   0.19593
   2647.0   0.19606
   2648.3   0.19618
   2649.7   0.19626
   2651.0   0.19629
   2652.4   0.19637
   2653.8   0.19655
   2655.1   0.19667
   2656.5   0.19676
   2657.8   0.19685
   2659.2   0.19692
   2660.6   0.19707
   2661.9   0.19719
   2663.3   0.19728
   2664.7   0.19729
   2666.0   0.19745
   2667.4   0.19767
   2668.8   0.19774
   2670.1   0.19765
   2671.5   0.19801
   2672.9   0.19821
   2674.3   0.19823
   2675.6   0.19824
   2677.0   0.19839
   2678.4   0.19852
   2679.8   0.19866
   2681.2   0.19879
   2682.6   0.19879
   2684.0   0.19891
   2685.4   0.19901
   2686.8   0.19912
   2688.1   0.19927
   2689.5   0.19933
   2690.9   0.19941
   2692.3   0.19951
   2693.7   0.19965
   2695.1   0.19985
   2696.5   0.19995
   2697.9   0.20002
   2699.3   0.20008
   2700.7   0.20011
   2702.1   0.20021
   2703.6   0.20034
   2705.0   0.20041
   2706.4   0.20043
   2707.8   0.20036
   2709.2   0.20037
   2710.6   0.20034
   2712.0   0.20044
   2713.5   0.20050
   2714.9   0.20041
   2716.3   0.20029
   2717.7   0.20024
   2719.1   0.20017
   2720.6   0.20011
   2722.0   0.20016
   2723.4   0.19996
   2724.9   0.19989
   2726.3   0.19989
   2727.7   0.19986
   2729.2   0.19981
   2730.6   0.19971
   2732.0   0.19966
   2733.5   0.19964
   2734.9   0.19959
   2736.4   0.19967
   2737.8   0.19964
   2739.3   0.19951
   2740.7   0.19953
   2742.2   0.19961
   2743.6   0.19966
   2745.1   0.19969
   2746.5   0.19969
   2748.0   0.19966
   2749.4   0.19958
   2750.9   0.19953
   2752.3   0.19960
   2753.8   0.19959
   2755.3   0.19956
   2756.7   0.19967
   2758.2   0.19969
   2759.7   0.19973
   2761.1   0.19969
   2762.6   0.19965
   2764.1   0.19971
   2765.6   0.19972
   2767.0   0.19968
   2768.5   0.19971
   2770.0   0.19966
   2771.5   0.19970
   2772.9   0.19978
   2774.4   0.19981
   2775.9   0.19974
   2777.4   0.19970
   2778.9   0.19974
   2780.4   0.19973
   2781.9   0.19973
   2783.4   0.19971
   2784.9   0.19961
   2786.4   0.19962
   2787.9   0.19970
   2789.4   0.19977
   2790.9   0.19971
   2792.4   0.19966
   2793.9   0.19977
   2795.4   0.19987
   2796.9   0.19990
   2798.4   0.19986
   2799.9   0.19982
   2801.4   0.19986
   2802.9   0.19995
   2804.4   0.20001
   2806.0   0.20002
   2807.5   0.20007
   2809.0   0.20016
   2810.5   0.20023
   2812.1   0.20025
   2813.6   0.20024
   2815.1   0.20029
   2816.6   0.20034
   2818.2   0.20033
   2819.7   0.20040
   2821.2   0.20049
   2822.8   0.20054
   2824.3   0.20059
   2825.8   0.20061
   2827.4   0.20063
   2828.9   0.20064
   2830.5   0.20067
   2832.0   0.20074
   2833.6   0.20079
   2835.1   0.20084
   2836.7   0.20086
   2838.2   0.20094
   2839.8   0.20100
   2841.3   0.20103
   2842.9   0.20105
   2844.4   0.20106
   2846.0   0.20110
   2847.6   0.20120
   2849.1   0.20127
   2850.7   0.20131
   2852.3   0.20137
   2853.8   0.20142
   2855.4   0.20146
   2857.0   0.20151
   2858.6   0.20154
   2860.1   0.20160
   2861.7   0.20173
   2863.3   0.20177
   2864.9   0.20179
   2866.4   0.20182
   2868.0   0.20185
   2869.6   0.20189
   2871.2   0.20193
   2872.8   0.20198
   2874.4   0.20200
   2876.0   0.20201
   2877.6   0.20206
   2879.2   0.20217
   2880.8   0.20226
   2882.4   0.20232
   2884.0   0.20238
   2885.6   0.20244
   2887.2   0.20249
   2888.8   0.20251
   2890.4   0.20254
   2892.0   0.20259
   2893.6   0.20265
   2895.3   0.20271
   2896.9   0.20280
   2898.5   0.20283
   2900.1   0.20286
   2901.7   0.20295
   2903.4   0.20300
   2905.0   0.20309
   2906.6   0.20318
   2908.3   0.20321
   2909.9   0.20319
   2911.5   0.20322
   2913.1   0.20333
   2914.8   0.20344
   2916.4   0.20346
   2918.1   0.20349
   2919.7   0.20355
   2921.4   0.20359
   2923.0   0.20362
   2924.7   0.20368
   2926.3   0.20376
   2928.0   0.20380
   2929.6   0.20387
   2931.3   0.20398
   2932.9   0.20399
   2934.6   0.20397
   2936.3   0.20403
   2937.9   0.20408
   2939.6   0.20416
   2941.2   0.20422
   2942.9   0.20431
   2944.6   0.20440
   2946.3   0.20447
   2947.9   0.20453
   2949.6   0.20462
   2951.3   0.20467
   2953.0   0.20470
   2954.6   0.20474
   2956.3   0.20481
   2958.0   0.20487
   2959.7   0.20492
   2961.4   0.20497
   2963.1   0.20504
   2964.8   0.20509
   2966.5   0.20515
   2968.2   0.20524
   2969.9   0.20532
   2971.6   0.20541
   2973.3   0.20550
   2975.0   0.20557
   2976.7   0.20568
   2978.4   0.20574
   2980.1   0.20575
   2981.8   0.20578
   2983.6   0.20586
   2985.3   0.20592
   2987.0   0.20601
   2988.7   0.20612
   2990.4   0.20611
   2992.2   0.20618
   2993.9   0.20630
   2995.6   0.20636
   2997.4   0.20638
   2999.1   0.20645
   3000.8   0.20657
   3002.6   0.20666
   3004.3   0.20676
   3006.0   0.20683
   3007.8   0.20692
   3009.5   0.20699
   3011.3   0.20704
   3013.0   0.20711
   3014.8   0.20719
   3016.5   0.20728
   3018.3   0.20734
   3020.0   0.20738
   3021.8   0.20742
   3023.6   0.20752
   3025.3   0.20763
   3027.1   0.20767
   3028.9   0.20775
   3030.6   0.20783
   3032.4   0.20783
   3034.2   0.20789
   3036.0   0.20800
   3037.7   0.20810
   3039.5   0.20817
   3041.3   0.20819
   3043.1   0.20821
   3044.9   0.20826
   3046.7   0.20837
   3048.4   0.20844
   3050.2   0.20847
   3052.0   0.20852
   3053.8   0.20858
   3055.6   0.20865
   3057.4   0.20867
   3059.2   0.20866
   3061.1   0.20877
   3062.9   0.20889
   3064.7   0.20890
   3066.5   0.20894
   3068.3   0.20901
   3070.1   0.20908
   3071.9   0.20917
   3073.8   0.20923
   3075.6   0.20923
   3077.4   0.20924
   3079.2   0.20928
   3081.1   0.20937
   3082.9   0.20948
   3084.7   0.20955
   3086.6   0.20957
   3088.4   0.20963
   3090.2   0.20971
   3092.1   0.20971
   3093.9   0.20972
   3095.8   0.20979
   3097.6   0.20985
   3099.5   0.20992
   3101.3   0.20998
   3103.2   0.21002
   3105.0   0.21008
   3106.9   0.21015
   3108.8   0.21018
   3110.6   0.21020
   3112.5   0.21030
   3114.4   0.21038
   3116.2   0.21047
   3118.1   0.21051
   3120.0   0.21052
   3121.9   0.21063
   3123.7   0.21078
   3125.6   0.21084
   3127.5   0.21084
   3129.4   0.21085
   3131.3   0.21094
   3133.2   0.21102
   3135.1   0.21107
   3137.0   0.21112
   3138.9   0.21118
   3140.8   0.21126
   3142.7   0.21132
   3144.6   0.21139
   3146.5   0.21145
   3148.4   0.21149
   3150.3   0.21154
   3152.2   0.21164
   3154.1   0.21170
   3156.1   0.21172
   3158.0   0.21181
   3159.9   0.21193
   3161.8   0.21197
   3163.8   0.21206
   3165.7   0.21217
   3167.6   0.21221
   3169.6   0.21223
   3171.5   0.21227
   3173.4   0.21231
   3175.4   0.21236
   3177.3   0.21248
   3179.3   0.21255
   3181.2   0.21257
   3183.2   0.21261
   3185.1   0.21268
   3187.1   0.21275
   3189.1   0.21280
   3191.0   0.21290
   3193.0   0.21301
   3194.9   0.21309
   3196.9   0.21314
   3198.9   0.21323
   3200.9   0.21333
   3202.9   0.21341
   3204.8   0.21344
   3206.8   0.21346
   3208.8   0.21349
   3210.8   0.21353
   3212.8   0.21360
   3214.8   0.21370
   3216.8   0.21375
   3218.8   0.21383
   3220.8   0.21391
   3222.8   0.21391
   3224.8   0.21395
   3226.8   0.21406
   3228.8   0.21416
   3230.8   0.21422
   3232.8   0.21430
   3234.8   0.21441
   3236.8   0.21447
   3238.9   0.21443
   3240.9   0.21446
   3242.9   0.21456
   3244.9   0.21466
   3247.0   0.21475
   3249.0   0.21476
   3251.0   0.21480
   3253.1   0.21489
   3255.1   0.21496
   3257.2   0.21503
   3259.2   0.21506
   3261.3   0.21507
   3263.3   0.21513
   3265.4   0.21515
   3267.4   0.21526
   3269.5   0.21536
   3271.6   0.21543
   3273.6   0.21543
   3275.7   0.21548
   3277.8   0.21564
   3279.8   0.21573
   3281.9   0.21577
   3284.0   0.21583
   3286.1   0.21586
   3288.1   0.21586
   3290.2   0.21594
   3292.3   0.21596
   3294.4   0.21591
   3296.5   0.21598
   3298.6   0.21605
   3300.7   0.21611
   3302.8   0.21619
   3304.9   0.21623
   3307.0   0.21626
   3309.1   0.21630
   3311.2   0.21634
   3313.4   0.21641
   3315.5   0.21647
   3317.6   0.21646
   3319.7   0.21651
   3321.9   0.21660
   3324.0   0.21662
   3326.1   0.21659
   3328.3   0.21658
   3330.4   0.21664
   3332.5   0.21667
   3334.7   0.21667
   3336.8   0.21667
   3339.0   0.21667
   3341.1   0.21669
   3343.3   0.21669
   3345.4   0.21668
   3347.6   0.21670
   3349.8   0.21669
   3351.9   0.21668
   3354.1   0.21671
   3356.3   0.21667
   3358.4   0.21661
   3360.6   0.21651
   3362.8   0.21636
   3365.0   0.21622
   3367.1   0.21610
   3369.3   0.21594
   3371.5   0.21582
   3373.7   0.21583
   3375.9   0.21590
   3378.1   0.21597
   3380.3   0.21606
   3382.5   0.21624
   3384.7   0.21641
   3386.9   0.21653
   3389.1   0.21668
   3391.4   0.21671
   3393.6   0.21662
   3395.8   0.21654
   3398.0   0.21644
   3400.3   0.21630
   3402.5   0.21618
   3404.7   0.21614
   3407.0   0.21612
   3409.2   0.21604
   3411.4   0.21604
   3413.7   0.21605
   3415.9   0.21603
   3418.2   0.21613
   3420.4   0.21641
   3422.7   0.21670
   3425.0   0.21688
   3427.2   0.21708
   3429.5   0.21731
   3431.8   0.21747
   3434.0   0.21760
   3436.3   0.21778
   3438.6   0.21788
   3440.9   0.21790
   3443.2   0.21798
   3445.4   0.21812
   3447.7   0.21833
   3450.0   0.21846
   3452.3   0.21848
   3454.6   0.21852
   3456.9   0.21867
   3459.2   0.21879
   3461.6   0.21885
   3463.9   0.21886
   3466.2   0.21889
   3468.5   0.21891
   3470.8   0.21891
   3473.1   0.21893
   3475.5   0.21894
   3477.8   0.21900
   3480.1   0.21905
   3482.5   0.21909
   3484.8   0.21919
   3487.2   0.21923
   3489.5   0.21920
   3491.9   0.21923
   3494.2   0.21919
   3496.6   0.21909
   3498.9   0.21906
   3501.3   0.21913
   3503.6   0.21937
   3506.0   0.21961
   3508.4   0.21980
   3510.8   0.21999
   3513.1   0.22016
   3515.5   0.22027
   3517.9   0.22039
   3520.3   0.22051
   3522.7   0.22059
   3525.1   0.22064
   3527.5   0.22079
   3529.9   0.22085
   3532.3   0.22077
   3534.7   0.22079
   3537.1   0.22088
   3539.5   0.22096
   3541.9   0.22107
   3544.4   0.22114
   3546.8   0.22120
   3549.2   0.22125
   3551.6   0.22129
   3554.1   0.22127
   3556.5   0.22132
   3559.0   0.22137
   3561.4   0.22147
   3563.9   0.22156
   3566.3   0.22163
   3568.8   0.22164
   3571.2   0.22164
   3573.7   0.22163
   3576.1   0.22161
   3578.6   0.22165
   3581.1   0.22178
   3583.6   0.22187
   3586.0   0.22195
   3588.5   0.22195
   3591.0   0.22195
   3593.5   0.22189
   3596.0   0.22201
   3598.5   0.22212
   3601.0   0.22215
   3603.5   0.22218
   3606.0   0.22222
   3608.5   0.22224
   3611.0   0.22226
   3613.5   0.22217
   3616.0   0.22219
   3618.6   0.22228
   3621.1   0.22235
   3623.6   0.22242
   3626.1   0.22248
   3628.7   0.22250
   3631.2   0.22255
   3633.8   0.22262
   3636.3   0.22263
   3638.9   0.22264
   3641.4   0.22267
   3644.0   0.22277
   3646.6   0.22287
   3649.1   0.22291
   3651.7   0.22293
   3654.3   0.22297
   3656.9   0.22304
   3659.4   0.22308
   3662.0   0.22315
   3664.6   0.22321
   3667.2   0.22327
   3669.8   0.22330
   3672.4   0.22333
   3675.0   0.22339
   3677.6   0.22345
   3680.2   0.22351
   3682.8   0.22355
   3685.4   0.22358
   3688.1   0.22362
   3690.7   0.22369
   3693.3   0.22375
   3695.9   0.22379
   3698.6   0.22384
   3701.2   0.22389
   3703.9   0.22392
   3706.5   0.22398
   3709.2   0.22404
   3711.8   0.22408
   3714.5   0.22416
   3717.1   0.22423
   3719.8   0.22427
   3722.5   0.22434
   3725.2   0.22441
   3727.8   0.22444
   3730.5   0.22447
   3733.2   0.22448
   3735.9   0.22452
   3738.6   0.22457
   3741.3   0.22461
   3744.0   0.22465
   3746.7   0.22471
   3749.4   0.22477
   3752.1   0.22481
   3754.8   0.22482
   3757.6   0.22488
   3760.3   0.22495
   3763.0   0.22500
   3765.7   0.22505
   3768.5   0.22508
   3771.2   0.22512
   3774.0   0.22517
   3776.7   0.22520
   3779.5   0.22524
   3782.2   0.22531
   3785.0   0.22536
   3787.7   0.22541
   3790.5   0.22546
   3793.3   0.22551
   3796.1   0.22554
   3798.8   0.22559
   3801.6   0.22563
   3804.4   0.22567
   3807.2   0.22572
   3810.0   0.22573
   3812.8   0.22576
   3815.6   0.22580
   3818.4   0.22584
   3821.2   0.22590
   3824.1   0.22595
   3826.9   0.22599
   3829.7   0.22602
   3832.5   0.22605
   3835.4   0.22610
   3838.2   0.22616
   3841.1   0.22621
   3843.9   0.22623
   3846.8   0.22627
   3849.6   0.22631
   3852.5   0.22633
   3855.3   0.22637
   3858.2   0.22642
   3861.1   0.22646
   3863.9   0.22647
   3866.8   0.22650
   3869.7   0.22656
   3872.6   0.22662
   3875.5   0.22666
   3878.4   0.22670
   3881.3   0.22672
   3884.2   0.22675
   3887.1   0.22677
   3890.0   0.22678
   3892.9   0.22682
   3895.9   0.22686
   3898.8   0.22692
   3901.7   0.22697
   3904.7   0.22700
   3907.6   0.22699
   3910.6   0.22704
   3913.5   0.22711
   3916.5   0.22715
   3919.4   0.22717
   3922.4   0.22718
   3925.4   0.22719
   3928.4   0.22724
   3931.3   0.22727
   3934.3   0.22728
   3937.3   0.22729
   3940.3   0.22734
   3943.3   0.22738
   3946.3   0.22741
   3949.3   0.22743
   3952.3   0.22745
   3955.3   0.22748
   3958.3   0.22754
   3961.4   0.22757
   3964.4   0.22761
   3967.4   0.22765
   3970.5   0.22768
   3973.5   0.22767
   3976.6   0.22768
   3979.6   0.22771
   3982.6   0.22775
   3985.7   0.22777
   3988.8   0.22781
   3991.9   0.22784
   3994.9   0.22784
   3998.0   0.22784
   4001.1   0.22787
   4004.2   0.22791
   4007.3   0.22795
   4010.4   0.22797
   4013.5   0.22799
   4016.6   0.22803
   4019.7   0.22805
   4022.8   0.22808
   4025.9   0.22810
   4029.1   0.22809
   4032.2   0.22811
   4035.3   0.22815
   4038.5   0.22817
   4041.6   0.22818
   4044.8   0.22821
   4047.9   0.22823
   4051.1   0.22823
   4054.3   0.22825
   4057.4   0.22826
   4060.6   0.22827
   4063.8   0.22830
   4067.0   0.22833
   4070.2   0.22837
   4073.4   0.22836
   4076.6   0.22838
   4079.8   0.22839
   4083.0   0.22841
   4086.2   0.22842
   4089.4   0.22843
   4092.7   0.22844
   4095.9   0.22847
   4099.1   0.22848
   4102.4   0.22850
   4105.6   0.22851
   4108.9   0.22851
   4112.1   0.22851
   4115.4   0.22853
   4118.7   0.22854
   4122.0   0.22854
   4125.2   0.22857
   4128.5   0.22860
   4131.8   0.22860
   4135.1   0.22858
   4138.4   0.22859
   4141.7   0.22860
   4145.0   0.22859
   4148.3   0.22859
   4151.6   0.22857
   4155.0   0.22857
   4158.3   0.22858
   4161.6   0.22860
   4165.0   0.22860
   4168.3   0.22860
   4171.7   0.22861
   4175.0   0.22863
   4178.4   0.22864
   4181.8   0.22865
   4185.2   0.22864
   4188.5   0.22864
   4191.9   0.22868
   4195.3   0.22872
   4198.7   0.22874
   4202.1   0.22875
   4205.5   0.22874
   4208.9   0.22874
   4212.4   0.22872
   4215.8   0.22869
   4219.2   0.22866
   4222.6   0.22865
   4226.1   0.22861
   4229.5   0.22856
   4233.0   0.22854
   4236.5   0.22853
   4239.9   0.22853
   4243.4   0.22855
   4246.9   0.22857
   4250.3   0.22857
   4253.8   0.22856
   4257.3   0.22853
   4260.8   0.22846
   4264.3   0.22837
   4267.8   0.22830
   4271.3   0.22825
   4274.9   0.22820
   4278.4   0.22813
   4281.9   0.22806
   4285.5   0.22801
   4289.0   0.22793
   4292.6   0.22788
   4296.1   0.22784
   4299.7   0.22779
   4303.3   0.22775
   4306.8   0.22771
   4310.4   0.22764
   4314.0   0.22757
   4317.6   0.22750
   4321.2   0.22744
   4324.8   0.22736
   4328.4   0.22730
   4332.0   0.22721
   4335.6   0.22714
   4339.3   0.22706
   4342.9   0.22699
   4346.5   0.22689
   4350.2   0.22681
   4353.8   0.22671
   4357.5   0.22663
   4361.1   0.22657
   4364.8   0.22650
   4368.5   0.22642
   4372.2   0.22634
   4375.9   0.22625
   4379.6   0.22618
   4383.3   0.22609
   4387.0   0.22600
   4390.7   0.22592
   4394.4   0.22585
   4398.1   0.22577
   4401.9   0.22570
   4405.6   0.22564
   4409.4   0.22560
   4413.1   0.22552
   4416.9   0.22545
   4420.6   0.22539
   4424.4   0.22531
   4428.2   0.22521
   4432.0   0.22516
   4435.8   0.22510
   4439.6   0.22504
   4443.4   0.22496
   4447.2   0.22486
   4451.0   0.22476
   4454.8   0.22470
   4458.6   0.22465
   4462.5   0.22456
   4466.3   0.22445
   4470.2   0.22436
   4474.0   0.22427
   4477.9   0.22419
   4481.8   0.22408
   4485.6   0.22399
   4489.5   0.22389
   4493.4   0.22378
   4497.3   0.22367
   4501.2   0.22356
   4505.1   0.22344
   4509.0   0.22332
   4513.0   0.22318
   4516.9   0.22305
   4520.8   0.22291
   4524.8   0.22279
   4528.7   0.22262
   4532.7   0.22242
   4536.7   0.22225
   4540.6   0.22208
   4544.6   0.22185
   4548.6   0.22165
   4552.6   0.22147
   4556.6   0.22127
   4560.6   0.22101
   4564.6   0.22081
   4568.6   0.22062
   4572.7   0.22040
   4576.7   0.22014
   4580.8   0.21986
   4584.8   0.21960
   4588.9   0.21933
   4592.9   0.21904
   4597.0   0.21877
   4601.1   0.21846
   4605.2   0.21813
   4609.3   0.21781
   4613.4   0.21751
   4617.5   0.21717
   4621.6   0.21681
   4625.7   0.21647
   4629.8   0.21613
   4634.0   0.21578
   4638.1   0.21543
   4642.3   0.21505
   4646.4   0.21468
   4650.6   0.21431
   4654.8   0.21393
   4659.0   0.21353
   4663.1   0.21316
   4667.3   0.21277
   4671.5   0.21238
   4675.8   0.21196
   4680.0   0.21154
   4684.2   0.21115
   4688.4   0.21073
   4692.7   0.21031
   4696.9   0.20989
   4701.2   0.20945
   4705.5   0.20904
   4709.7   0.20861
   4714.0   0.20816
   4718.3   0.20771
   4722.6   0.20728
   4726.9   0.20687
   4731.2   0.20649
   4735.5   0.20607
   4739.9   0.20564
   4744.2   0.20521
   4748.5   0.20476
   4752.9   0.20436
   4757.3   0.20397
   4761.6   0.20355
   4766.0   0.20313
   4770.4   0.20271
   4774.8   0.20232
   4779.2   0.20192
   4783.6   0.20154
   4788.0   0.20112
   4792.4   0.20071
   4796.9   0.20031
   4801.3   0.19991
   4805.8   0.19949
   4810.2   0.19907
   4814.7   0.19863
   4819.1   0.19820
   4823.6   0.19779
   4828.1   0.19738
   4832.6   0.19693
   4837.1   0.19646
   4841.6   0.19601
   4846.2   0.19558
   4850.7   0.19512
   4855.3   0.19463
   4859.8   0.19414
   4864.4   0.19367
   4868.9   0.19318
   4873.5   0.19270
   4878.1   0.19223
   4882.7   0.19176
   4887.3   0.19126
   4891.9   0.19075
   4896.5   0.19024
   4901.1   0.18974
   4905.8   0.18921
   4910.4   0.18866
   4915.1   0.18810
   4919.7   0.18755
   4924.4   0.18698
   4929.1   0.18644
   4933.8   0.18590
   4938.5   0.18534
   4943.2   0.18476
   4947.9   0.18422
   4952.6   0.18364
   4957.4   0.18308
   4962.1   0.18253
   4966.9   0.18197
   4971.6   0.18138
   4976.4   0.18081
   4981.2   0.18026
   4986.0   0.17969
   4990.8   0.17915
   4995.6   0.17863
   5000.4   0.17809
   5005.2   0.17757
   5010.0   0.17705
   5014.9   0.17654
   5019.8   0.17604
   5024.6   0.17556
   5029.5   0.17504
   5034.4   0.17459
   5039.3   0.17415
   5044.2   0.17369
   5049.1   0.17320
   5054.0   0.17273
   5058.9   0.17229
   5063.9   0.17184
   5068.8   0.17139
   5073.8   0.17100
   5078.8   0.17059
   5083.7   0.17018
   5088.7   0.16980
   5093.7   0.16940
   5098.7   0.16898
   5103.7   0.16858
   5108.8   0.16820
   5113.8   0.16782
   5118.9   0.16741
   5123.9   0.16701
   5129.0   0.16660
   5134.1   0.16616
   5139.1   0.16573
   5144.3   0.16530
   5149.4   0.16487
   5154.5   0.16446
   5159.6   0.16404
   5164.7   0.16362
   5169.9   0.16324
   5175.0   0.16287
   5180.2   0.16247
   5185.4   0.16210
   5190.6   0.16175
   5195.8   0.16138
   5201.0   0.16101
   5206.2   0.16064
   5211.5   0.16024
   5216.7   0.15990
   5222.0   0.15955
   5227.2   0.15920
   5232.5   0.15884
   5237.8   0.15845
   5243.1   0.15803
   5248.4   0.15764
   5253.7   0.15726
   5259.0   0.15690
   5264.4   0.15655
   5269.7   0.15623
   5275.1   0.15591
   5280.5   0.15563
   5285.8   0.15540
   5291.2   0.15521
   5296.6   0.15503
   5302.0   0.15485
   5307.5   0.15474
   5312.9   0.15467
   5318.4   0.15461
   5323.8   0.15458
   5329.3   0.15456
   5334.8   0.15457
   5340.3   0.15459
   5345.8   0.15461
   5351.3   0.15467
   5356.8   0.15477
   5362.4   0.15487
   5367.9   0.15501
   5373.5   0.15514
   5379.0   0.15528
   5384.6   0.15538
   5390.2   0.15549
   5395.8   0.15562
   5401.5   0.15573
   5407.1   0.15581
   5412.7   0.15588
   5418.4   0.15590
   5424.1   0.15601
   5429.7   0.15609
   5435.4   0.15610
   5441.1   0.15613
   5446.9   0.15618
   5452.6   0.15622
   5458.3   0.15625
   5464.1   0.15629
   5469.8   0.15633
   5475.6   0.15634
   5481.4   0.15638
   5487.2   0.15641
   5493.0   0.15641
   5498.8   0.15639
   5504.7   0.15640
   5510.5   0.15640
   5516.4   0.15636
   5522.3   0.15629
   5528.1   0.15618
   5534.0   0.15606
   5540.0   0.15595
   5545.9   0.15579
   5551.8   0.15559
   5557.8   0.15536
   5563.7   0.15511
   5569.7   0.15479
   5575.7   0.15445
   5581.7   0.15416
   5587.7   0.15381
   5593.7   0.15340
   5599.8   0.15301
   5605.8   0.15264
   5611.9   0.15224
   5618.0   0.15184
   5624.1   0.15148
   5630.2   0.15110
   5636.3   0.15072
   5642.4   0.15042
   5648.6   0.15015
   5654.7   0.14979
   5660.9   0.14954
   5667.1   0.14927
   5673.3   0.14903
   5679.5   0.14881
   5685.7   0.14860
   5692.0   0.14842
   5698.2   0.14825
   5704.5   0.14798
   5710.8   0.14779
   5717.1   0.14760
   5723.4   0.14737
   5729.7   0.14713
   5736.0   0.14684
   5742.4   0.14655
   5748.8   0.14629
   5755.1   0.14594
   5761.5   0.14548
   5768.0   0.14515
   5774.4   0.14483
   5780.8   0.14435
   5787.3   0.14387
   5793.7   0.14337
   5800.2   0.14289
   5806.7   0.14240
   5813.2   0.14187
   5819.7   0.14133
   5826.3   0.14090
   5832.8   0.14039
   5839.4   0.13987
   5846.0   0.13933
   5852.6   0.13881
   5859.2   0.13830
   5865.8   0.13782
   5872.5   0.13725
   5879.1   0.13668
   5885.8   0.13622
   5892.5   0.13557
   5899.2   0.13503
   5905.9   0.13444
   5912.6   0.13377
   5919.4   0.13319
   5926.2   0.13256
   5932.9   0.13190
   5939.7   0.13136
   5946.5   0.13078
   5953.4   0.13015
   5960.2   0.12954
   5967.1   0.12892
   5974.0   0.12846
   5980.8   0.12792
   5987.8   0.12743
   5994.7   0.12702
   6001.6   0.12660
   6008.6   0.12614
   6015.5   0.12575
   6022.5   0.12538
   6029.5   0.12505
   6036.5   0.12473
   6043.6   0.12437
   6050.6   0.12422
   6057.7   0.12408
   6064.8   0.12372
   6071.9   0.12349
   6079.0   0.12333
   6086.1   0.12310
   6093.3   0.12280
   6100.5   0.12253
   6107.6   0.12222
   6114.9   0.12197
   6122.1   0.12170
   6129.3   0.12136
   6136.5   0.12103
   6143.8   0.12073
   6151.1   0.12043
   6158.4   0.12016
   6165.7   0.11991
   6173.1   0.11964
   6180.4   0.11942
   6187.8   0.11938
   6195.2   0.11927
   6202.6   0.11910
   6210.0   0.11900
   6217.5   0.11894
   6225.0   0.11890
   6232.4   0.11889
   6239.9   0.11890
   6247.5   0.11890
   6255.0   0.11889
   6262.5   0.11888
   6270.1   0.11889
   6277.7   0.11893
   6285.3   0.11900
   6293.0   0.11906
   6300.6   0.11909
   6308.3   0.11911
   6315.9   0.11918
   6323.6   0.11928
   6331.4   0.11935
   6339.1   0.11940
   6346.9   0.11958
   6354.6   0.11971
   6362.4   0.11973
   6370.3   0.11982
   6378.1   0.11990
   6385.9   0.11996
   6393.8   0.11999
   6401.7   0.11996
   6409.6   0.11993
   6417.5   0.12007
   6425.5   0.12006
   6433.5   0.11999
   6441.5   0.11994
   6449.5   0.11984
   6457.5   0.11976
   6465.6   0.11968
   6473.6   0.11962
   6481.7   0.11954
   6489.8   0.11946
   6498.0   0.11945
   6506.1   0.11936
   6514.3   0.11916
   6522.5   0.11906
   6530.7   0.11898
   6539.0   0.11883
   6547.2   0.11874
   6555.5   0.11865
   6563.8   0.11851
   6572.1   0.11844
   6580.4   0.11846
   6588.8   0.11837
   6597.2   0.11829
   6605.6   0.11819
   6614.0   0.11815
   6622.5   0.11810
   6630.9   0.11803
   6639.4   0.11808
   6647.9   0.11810
   6656.5   0.11800
   6665.0   0.11795
   6673.6   0.11789
   6682.2   0.11790
   6690.8   0.11791
   6699.5   0.11784
   6708.1   0.11780
   6716.8   0.11777
   6725.5   0.11770
   6734.3   0.11763
   6743.0   0.11753
   6751.8   0.11742
   6760.6   0.11725
   6769.4   0.11706
   6778.3   0.11684
   6787.1   0.11660
   6796.0   0.11637
   6805.0   0.11608
   6813.9   0.11579
   6822.9   0.11552
   6831.9   0.11523
   6840.9   0.11490
   6849.9   0.11457
   6859.0   0.11427
   6868.0   0.11401
   6877.2   0.11366
   6886.3   0.11324
   6895.5   0.11288
   6904.6   0.11254
   6913.8   0.11221
   6923.1   0.11180
   6932.3   0.11142
   6941.6   0.11103
   6950.9   0.11060
   6960.2   0.11015
   6969.6   0.10969
   6979.0   0.10915
   6988.4   0.10866
   6997.8   0.10815
   7007.3   0.10761
   7016.8   0.10709
   7026.3   0.10656
   7035.8   0.10601
   7045.4   0.10549
   7054.9   0.10499
   7064.5   0.10445
   7074.2   0.10386
   7083.9   0.10331
   7093.5   0.10279
   7103.3   0.10222
   7113.0   0.10166
   7122.8   0.10114
   7132.6   0.10059
   7142.4   0.10004
   7152.2   0.09947
   7162.1   0.09889
   7172.0   0.09833
   7182.0   0.09776
   7191.9   0.09716
   7201.9   0.09657
   7211.9   0.09594
   7222.0   0.09528
   7232.0   0.09459
   7242.1   0.09392
   7252.3   0.09323
   7262.4   0.09254
   7272.6   0.09183
   7282.8   0.09115
   7293.1   0.09045
   7303.3   0.08974
   7313.6   0.08901
   7324.0   0.08832
   7334.3   0.08758
   7344.7   0.08681
   7355.1   0.08602
   7365.6   0.08521
   7376.1   0.08436
   7386.6   0.08353
   7397.1   0.08269
   7407.7   0.08185
   7418.3   0.08097
   7428.9   0.08008
   7439.6   0.07919
   7450.2   0.07832
   7461.0   0.07740
   7471.7   0.07648
   7482.5   0.07555
   7493.3   0.07464
   7504.1   0.07369
   7515.0   0.07275
   7525.9   0.07182
   7536.9   0.07088
   7547.9   0.06988
   7558.9   0.06890
   7569.9   0.06792
   7581.0   0.06699
   7592.0   0.06604
   7603.2   0.06507
   7614.4   0.06406
   7625.5   0.06309
   7636.8   0.06214
   7648.0   0.06119
   7659.3   0.06017
   7670.7   0.05917
   7682.0   0.05816
   7693.4   0.05716
   7704.9   0.05610
   7716.3   0.05505
   7727.8   0.05397
   7739.4   0.05288
   7750.9   0.05175
   7762.5   0.05066
   7774.2   0.04957
   7785.8   0.04845
   7797.5   0.04728
   7809.3   0.04618
   7821.1   0.04501
   7832.9   0.04381
   7844.7   0.04260
   7856.6   0.04145
   7868.5   0.04026
   7880.5   0.03907
   7892.5   0.03780
   7904.5   0.03655
   7916.6   0.03528
   7928.7   0.03406
   7940.8   0.03278
   7953.0   0.03153
   7965.2   0.03029
   7977.5   0.02911
   7989.8   0.02792
   8002.1   0.02680
   8014.5   0.02570
   8026.9   0.02470
   8039.3   0.02376
   8051.8   0.02291
   8064.3   0.02208
   8076.9   0.02133
   8089.5   0.02065
   8102.1   0.02009
   8114.8   0.01959
   8127.5   0.01917
   8140.3   0.01876
   8153.1   0.01840
   8165.9   0.01807
   8178.8   0.01783
   8191.7   0.01759
   8204.7   0.01741
   8217.7   0.01727
   8230.7   0.01716
   8243.8   0.01701
   8257.0   0.01692
   8270.1   0.01682
   8283.3   0.01674
   8296.6   0.01665
   8309.9   0.01661
   8323.2   0.01649
   8336.6   0.01640
   8350.0   0.01628
   8363.5   0.01621
   8377.0   0.01616
   8390.5   0.01613
   8404.2   0.01605
   8417.8   0.01603
   8431.5   0.01601
   8445.2   0.01604
   8459.0   0.01606
   8472.8   0.01608
   8486.7   0.01603
   8500.6   0.01599
   8514.5   0.01594
   8528.5   0.01595
   8542.6   0.01590
   8556.7   0.01593
   8570.8   0.01594
   8585.0   0.01595
   8599.3   0.01595
   8613.5   0.01598
   8627.9   0.01601
   8642.3   0.01612
   8656.7   0.01619
   8671.2   0.01634
   8685.7   0.01648
   8700.3   0.01663
   8714.9   0.01680
   8729.5   0.01701
   8744.3   0.01719
   8759.0   0.01743
   8773.9   0.01765
   8788.7   0.01793
   8803.7   0.01825
   8818.6   0.01856
   8833.7   0.01885
   8848.7   0.01916
   8863.8   0.01946
   8879.0   0.01984
   8894.3   0.02020
   8909.5   0.02056
   8924.9   0.02084
   8940.3   0.02117
   8955.7   0.02147
   8971.2   0.02177
   8986.8   0.02203
   9002.3   0.02229
   9018.0   0.02249
   9033.7   0.02264
   9049.5   0.02279
   9065.3   0.02293
   9081.2   0.02301
   9097.1   0.02310
   9113.1   0.02312
   9129.1   0.02312
   9145.2   0.02308
   9161.4   0.02310
   9177.6   0.02309
   9193.9   0.02311
   9210.2   0.02305
   9226.6   0.02300
   9243.0   0.02295
   9259.5   0.02287
   9276.1   0.02282
   9292.7   0.02283
   9309.4   0.02278
   9326.2   0.02276
   9343.0   0.02271
   9359.8   0.02265
   9376.8   0.02257
   9393.8   0.02255
   9410.8   0.02255
   9427.9   0.02255
   9445.1   0.02247
   9462.3   0.02244
   9479.6   0.02243
   9497.0   0.02244
   9514.4   0.02244
   9531.9   0.02246
   9549.4   0.02246
   9567.0   0.02245
   9584.7   0.02243
   9602.5   0.02244
   9620.3   0.02240
   9638.2   0.02237
   9656.1   0.02234
   9674.2   0.02232
   9692.2   0.02227
   9710.4   0.02232
   9728.6   0.02239
   9746.9   0.02238
   9765.2   0.02232
   9783.7   0.02232
   9802.2   0.02231
   9820.7   0.02233
   9839.4   0.02233
   9858.1   0.02234
   9876.8   0.02232
   9895.7   0.02234
   9914.6   0.02236
   9933.6   0.02242
   9952.7   0.02243
   9971.8   0.02246
   9991.0   0.02246
  10010.3   0.02250
  10029.7   0.02252
  10049.1   0.02255
  10068.6   0.02248
  10088.2   0.02243
  10107.9   0.02245
  10127.6   0.02249
  10147.5   0.02246
  10167.3   0.02244
  10187.3   0.02241
  10207.4   0.02249
  10227.5   0.02264
  10247.7   0.02279
  10268.0   0.02298
  10288.4   0.02324
  10308.8   0.02346
  10329.4   0.02373
  10350.0   0.02392
  10370.7   0.02414
  10391.5   0.02435
  10412.3   0.02449
  10433.3   0.02459
  10454.3   0.02470
  10475.4   0.02477
  10496.7   0.02484
  10517.9   0.02487
  10539.3   0.02494
  10560.8   0.02506
  10582.3   0.02524
  10604.0   0.02540
  10625.7   0.02561
  10647.5   0.02581
  10669.4   0.02594
  10691.4   0.02601
  10713.5   0.02613
  10735.7   0.02622
  10758.0   0.02627
  10780.3   0.02619
  10802.8   0.02616
  10825.4   0.02608
  10848.0   0.02597
  10870.8   0.02580
  10893.6   0.02566
  10916.5   0.02555
  10939.5   0.02543
  10962.7   0.02534
  10985.9   0.02531
  11009.2   0.02529
  11032.7   0.02529
  11056.2   0.02534
  11079.8   0.02555
  11103.5   0.02578
  11127.4   0.02600
  11151.3   0.02621
  11175.3   0.02643
  11199.5   0.02662
  11223.7   0.02687
  11248.0   0.02712
  11272.5   0.02739
  11297.1   0.02765
  11321.7   0.02791
  11346.5   0.02811
  11371.4   0.02831
  11396.4   0.02845
  11421.5   0.02855
  11446.7   0.02867
  11472.0   0.02880
  11497.5   0.02887
  11523.0   0.02887
  11548.7   0.02880
  11574.4   0.02889
  11600.3   0.02892
  11626.3   0.02895
  11652.5   0.02896
  11678.7   0.02907
  11705.1   0.02917
  11731.6   0.02933
  11758.2   0.02945
  11784.9   0.02963
  11811.7   0.02978
  11838.7   0.02995
  11865.8   0.03006
  11893.0   0.03014
  11920.3   0.03022
  11947.8   0.03038
  11975.4   0.03064
  12003.1   0.03106
  12031.0   0.03155
  12059.0   0.03207
  12087.1   0.03261
  12115.3   0.03317
  12143.7   0.03357
  12172.2   0.03393
  12200.8   0.03420
  12229.6   0.03440
  12258.5   0.03452
  12287.6   0.03456
  12316.8   0.03437
  12346.1   0.03406
  12375.5   0.03371
  12405.2   0.03324
  12434.9   0.03267
  12464.8   0.03206
  12494.8   0.03139
  12525.0   0.03077
  12555.3   0.03021
  12585.8   0.02970
  12616.4   0.02909
  12647.2   0.02850
  12678.1   0.02792
  12709.2   0.02731
  12740.4   0.02668
  12771.8   0.02605
  12803.3   0.02533
  12835.0   0.02476
  12866.9   0.02433
  12898.9   0.02396
  12931.1   0.02356
  12963.4   0.02330
  12995.9   0.02305
  13028.5   0.02281
  13061.3   0.02250
  13094.3   0.02225
  13127.5   0.02201
  13160.8   0.02177
  13194.3   0.02151
  13228.0   0.02138
  13261.8   0.02126
  13295.8   0.02117
  13330.0   0.02113
  13364.3   0.02108
  13398.8   0.02085
  13433.6   0.02065
  13468.5   0.02045
  13503.5   0.02022
  13538.8   0.01988
  13574.2   0.01961
  13609.9   0.01938
  13645.7   0.01925
  13681.7   0.01919
  13717.9   0.01920
  13754.3   0.01921
  13790.8   0.01940
  13827.6   0.01962
  13864.6   0.01976
  13901.8   0.01986
  13939.2   0.01999
  13976.7   0.01997
  14014.5   0.01990
  14052.5   0.01974
  14090.7   0.01954
  14129.0   0.01929
  14167.6   0.01911
  14206.5   0.01884
  14245.5   0.01847
  14284.7   0.01805
  14324.2   0.01770
  14363.9   0.01739
  14403.8   0.01706
  14443.9   0.01676
  14484.3   0.01651
  14524.8   0.01611
  14565.6   0.01581
  14606.7   0.01557
  14647.9   0.01526
  14689.4   0.01498
  14731.2   0.01476
  14773.1   0.01451
  14815.3   0.01440
  14857.8   0.01433
  14900.5   0.01427
  14943.4   0.01424
  14986.6   0.01424
  15030.0   0.01418
  15073.7   0.01418
  15117.7   0.01417
  15161.9   0.01410
  15206.3   0.01404
  15251.1   0.01406
  15296.1   0.01394
  15341.3   0.01392
  15386.8   0.01399
  15432.6   0.01412
  15478.7   0.01427
  15525.0   0.01450
  15571.7   0.01470
  15618.6   0.01497
  15665.8   0.01521
  15713.2   0.01538
  15761.0   0.01550
  15809.0   0.01559
  15857.4   0.01571
  15906.0   0.01585
  15955.0   0.01596
  16004.2   0.01614
  16053.8   0.01621
  16103.6   0.01629
  16153.8   0.01638
  16204.3   0.01647
  16255.1   0.01647
  16306.2   0.01655
  16357.6   0.01683
  16409.4   0.01729
  16461.5   0.01766
  16513.9   0.01800
  16566.7   0.01836
  16619.8   0.01866
  16673.2   0.01886
  16727.0   0.01916
  16781.1   0.01933
  16835.6   0.01952
  16890.5   0.01981
  16945.7   0.02006
  17001.2   0.02024
  17057.2   0.02048
  17113.4   0.02054
  17170.1   0.02067
  17227.2   0.02077
  17284.6   0.02082
  17342.4   0.02097
  17400.6   0.02113
  17459.2   0.02136
  17518.2   0.02157
  17577.5   0.02170
  17637.3   0.02202
  17697.5   0.02226
  17758.1   0.02235
  17819.2   0.02232
  17880.6   0.02238
  17942.5   0.02259
  18004.8   0.02269
  18067.5   0.02279
  18130.7   0.02294
  18194.3   0.02326
  18258.4   0.02371
  18322.9   0.02405
  18387.9   0.02431
  18453.3   0.02446
  18519.2   0.02472
  18585.6   0.02494
  18652.4   0.02510
  18719.8   0.02534
  18787.6   0.02572
  18855.9   0.02585
  18924.7   0.02605
  18994.1   0.02623
  19063.9   0.02627
  19134.2   0.02648
  19205.1   0.02699
  19276.5   0.02733
  19348.4   0.02752
  19420.9   0.02784
  19493.9   0.02786
  19567.5   0.02803
  19641.6   0.02834
  19716.3   0.02820
  19791.5   0.02803
  19867.3   0.02807
  19943.8   0.02806
  20020.8   0.02787
  20098.4   0.02765
  20176.6   0.02742
  20255.4   0.02724
  20334.8   0.02708
  20414.9   0.02696
  20495.6   0.02677
  20576.9   0.02671
  20658.9   0.02643
  20741.5   0.02619
  20824.8   0.02610
  20908.8   0.02613
  20993.4   0.02609
  21078.8   0.02577
  21164.8   0.02553
  21251.6   0.02559
  21339.1   0.02557
  21427.2   0.02526
  21516.1   0.02484
  21605.8   0.02469
  21696.2   0.02443
  21787.3   0.02424
  21879.3   0.02409
  21972.0   0.02390
  22065.5   0.02383
  22159.8   0.02363
  22254.9   0.02338
  22350.8   0.02312
  22447.6   0.02274
  22545.2   0.02254
  22643.6   0.02267
  22742.9   0.02271
  22843.1   0.02262
  22944.2   0.02268
  23046.2   0.02274
  23149.1   0.02257
  23252.9   0.02274
  23357.6   0.02273
  23463.3   0.02256
  23569.9   0.02260
  23677.6   0.02280
  23786.2   0.02287
  23895.8   0.02288
  24006.4   0.02294
  24118.1   0.02303
  24230.8   0.02291
  24344.5   0.02286
  24459.3   0.02337
  24575.3   0.02397
  24692.3   0.02410
  24810.4   0.02387
  24929.7   0.02396
  25050.1   0.02428
  25171.7   0.02448
  25294.5   0.02453
  25418.5   0.02476
  25543.7   0.02508
  25670.2   0.02497
  25797.9   0.02487
  25926.9   0.02511
  26057.2   0.02527
  26188.8   0.02515
  26321.7   0.02489
  26456.0   0.02493
  26591.7   0.02491
  26728.8   0.02471
  26867.2   0.02468
  27007.2   0.02476
  27148.6   0.02471
  27291.5   0.02482
  27435.9   0.02496
  27581.8   0.02487
  27729.3   0.02474
  27878.4   0.02466
  28029.1   0.02497
  28181.4   0.02528
  28335.4   0.02502
  28491.1   0.02491
  28648.5   0.02527
  28807.7   0.02590
  28968.6   0.02640
  29131.3   0.02649
  29295.9   0.02692
  29462.4   0.02737
  29630.7   0.02752
  29801.0   0.02738
  29973.3   0.02737
  30147.5   0.02758
  30323.8   0.02764
  30502.2   0.02753
  30682.7   0.02751
  30865.3   0.02766
  31050.2   0.02756
  31237.2   0.02732
  31426.5   0.02732
  31618.2   0.02745
  31812.1   0.02768
  32008.5   0.02781
  32207.3   0.02806
  32408.6   0.02804
  32612.4   0.02822
  32818.8   0.02882
  33027.9   0.02935
  33239.6   0.02935
  33454.1   0.02929
  33671.3   0.02938
  33891.4   0.02931
  34114.3   0.02910
  34340.3   0.02897
  34569.2   0.02890
  34801.2   0.02864
  35036.3   0.02876
  35274.7   0.02893
  35516.3   0.02877
  35761.2   0.02914
  36009.6   0.02964
  36261.4   0.02938
  36516.7   0.02931
  36775.7   0.02898
  37038.4   0.02853
  37304.9   0.02846
  37575.2   0.02830
  37849.5   0.02802
  38127.8   0.02748
  38410.2   0.02664
  38696.8   0.02643
  38987.8   0.02629
  39283.2   0.02615
  39583.0   0.02610
  39887.5   0.02647
  40196.7   0.02665
  40510.8   0.02643
  40829.7   0.02678
  41153.8   0.02719
  41483.0   0.02720
  41817.6   0.02701
  42157.5   0.02705
  42503.1   0.02727
  42854.4   0.02753
  43211.5   0.02787
  43574.6   0.02821
  43943.9   0.02872
  44319.5   0.02923
  44701.5   0.02950
  45090.2   0.03008
  45485.8   0.03076
  45888.3   0.03111
  46298.0   0.02998
  46715.1   0.02843
  47139.8   0.02905
  47572.3   0.02979
  48012.8   0.03062
  48461.5   0.03132
  48918.6   0.03061
  49384.6   0.03101
  49859.4   0.03194
  50343.5   0.03220
  50837.0   0.03238
  51340.4   0.03126
  51853.8   0.03092
  52377.6   0.03176
  52912.0   0.03203
  53457.5   0.02992
  54014.4   0.02970
  54582.9   0.03095
  55163.6   0.02985
  55756.8   0.02960
  56362.8   0.03070
  56982.2   0.03044
  57615.3   0.03053
  58262.7   0.03104
  58924.7   0.03181
  59602.0   0.03134
  60295.1   0.03055
  61004.4   0.02946
  61730.7   0.03074
  62474.4   0.03155
  63236.3   0.03270
  64017.0   0.03226
  64817.2   0.03304
  65637.7   0.03480
  66479.2   0.03631
  67342.6   0.03517
  68228.6   0.03542
  69138.4   0.03450
  70072.7   0.03340
  71032.6   0.03401
  72019.1   0.03681
  73033.5   0.03745
  74076.8   0.03737
  75150.4   0.03693
  76255.5   0.03960
  77393.7   0.04109
  78566.3   0.04169
  79775.0   0.04072
  81021.5   0.03931
  82307.6   0.04071
  83635.1   0.04456
  85006.2   0.04288
  86423.0   0.04051
  87887.8   0.04294
  89403.0   0.04753
  90971.5   0.04764
  92596.0   0.04873
  94279.6   0.04689
  96025.5   0.04446
  97837.3   0.04144
  99718.8   0.05739



 BIR1LS122           .ASC                        

 LS-GJT-122                                                              
 Apollo 12033,52 <150 um                                                 
 Connected at 3.65 & 21 um                                               

 Source Ang: 30.00   Detect Ang:  0.00  Volt: 1.222
 Date: 17-JUN-14   Time: 14:48:22
