  5082
   1000.0   0.07313
   1000.2   0.07306
   1000.4   0.07305
   1000.6   0.07319
   1000.8   0.07326
   1001.0   0.07320
   1001.2   0.07318
   1001.4   0.07323
   1001.6   0.07332
   1001.8   0.07322
   1001.9   0.07297
   1002.1   0.07284
   1002.3   0.07305
   1002.5   0.07320
   1002.7   0.07325
   1002.9   0.07327
   1003.1   0.07314
   1003.3   0.07304
   1003.5   0.07290
   1003.7   0.07308
   1003.9   0.07325
   1004.1   0.07328
   1004.3   0.07321
   1004.5   0.07305
   1004.7   0.07307
   1004.9   0.07319
   1005.0   0.07309
   1005.3   0.07311
   1005.4   0.07318
   1005.6   0.07308
   1005.8   0.07300
   1006.0   0.07292
   1006.2   0.07307
   1006.4   0.07319
   1006.6   0.07307
   1006.8   0.07293
   1007.0   0.07290
   1007.2   0.07291
   1007.4   0.07310
   1007.6   0.07319
   1007.8   0.07308
   1008.0   0.07310
   1008.2   0.07319
   1008.4   0.07320
   1008.6   0.07303
   1008.8   0.07288
   1009.0   0.07283
   1009.2   0.07303
   1009.4   0.07306
   1009.5   0.07317
   1009.8   0.07308
   1010.0   0.07284
   1010.1   0.07282
   1010.3   0.07280
   1010.5   0.07262
   1010.7   0.07270
   1010.9   0.07292
   1011.1   0.07293
   1011.3   0.07285
   1011.5   0.07292
   1011.7   0.07306
   1011.9   0.07302
   1012.1   0.07294
   1012.3   0.07285
   1012.5   0.07273
   1012.7   0.07277
   1012.9   0.07292
   1013.1   0.07288
   1013.3   0.07274
   1013.5   0.07262
   1013.7   0.07274
   1013.9   0.07282
   1014.1   0.07278
   1014.3   0.07273
   1014.5   0.07259
   1014.7   0.07250
   1014.9   0.07258
   1015.1   0.07268
   1015.3   0.07267
   1015.5   0.07278
   1015.7   0.07275
   1015.9   0.07266
   1016.1   0.07259
   1016.3   0.07260
   1016.5   0.07272
   1016.7   0.07266
   1016.9   0.07266
   1017.1   0.07281
   1017.3   0.07283
   1017.5   0.07279
   1017.7   0.07260
   1017.9   0.07253
   1018.1   0.07255
   1018.3   0.07264
   1018.5   0.07261
   1018.7   0.07246
   1018.9   0.07259
   1019.1   0.07262
   1019.3   0.07254
   1019.5   0.07249
   1019.7   0.07248
   1019.9   0.07242
   1020.1   0.07245
   1020.3   0.07244
   1020.5   0.07246
   1020.7   0.07243
   1020.9   0.07242
   1021.1   0.07235
   1021.3   0.07216
   1021.5   0.07208
   1021.7   0.07208
   1021.9   0.07219
   1022.1   0.07224
   1022.3   0.07231
   1022.5   0.07234
   1022.7   0.07236
   1022.9   0.07229
   1023.1   0.07244
   1023.3   0.07239
   1023.5   0.07221
   1023.7   0.07208
   1023.9   0.07211
   1024.1   0.07215
   1024.3   0.07213
   1024.5   0.07216
   1024.7   0.07217
   1024.9   0.07207
   1025.1   0.07210
   1025.3   0.07207
   1025.5   0.07206
   1025.7   0.07211
   1025.9   0.07214
   1026.1   0.07207
   1026.3   0.07198
   1026.5   0.07206
   1026.8   0.07191
   1026.9   0.07175
   1027.2   0.07176
   1027.4   0.07185
   1027.6   0.07194
   1027.8   0.07196
   1028.0   0.07199
   1028.2   0.07186
   1028.4   0.07180
   1028.6   0.07189
   1028.8   0.07198
   1029.0   0.07209
   1029.2   0.07206
   1029.4   0.07196
   1029.6   0.07173
   1029.8   0.07166
   1030.0   0.07180
   1030.2   0.07188
   1030.4   0.07182
   1030.6   0.07176
   1030.8   0.07170
   1031.0   0.07154
   1031.2   0.07167
   1031.4   0.07188
   1031.7   0.07185
   1031.8   0.07164
   1032.1   0.07154
   1032.3   0.07156
   1032.5   0.07162
   1032.7   0.07157
   1032.9   0.07161
   1033.1   0.07167
   1033.3   0.07163
   1033.5   0.07162
   1033.7   0.07167
   1033.9   0.07159
   1034.1   0.07148
   1034.3   0.07132
   1034.5   0.07144
   1034.7   0.07154
   1034.9   0.07157
   1035.2   0.07154
   1035.4   0.07158
   1035.6   0.07152
   1035.8   0.07145
   1036.0   0.07155
   1036.2   0.07155
   1036.4   0.07146
   1036.6   0.07127
   1036.8   0.07118
   1037.0   0.07129
   1037.2   0.07143
   1037.4   0.07149
   1037.6   0.07137
   1037.8   0.07132
   1038.1   0.07136
   1038.3   0.07136
   1038.5   0.07128
   1038.7   0.07124
   1038.9   0.07122
   1039.1   0.07126
   1039.3   0.07121
   1039.5   0.07112
   1039.7   0.07121
   1039.9   0.07130
   1040.1   0.07127
   1040.3   0.07119
   1040.6   0.07108
   1040.8   0.07094
   1041.0   0.07099
   1041.2   0.07100
   1041.4   0.07093
   1041.6   0.07094
   1041.8   0.07105
   1042.0   0.07097
   1042.2   0.07090
   1042.4   0.07095
   1042.6   0.07092
   1042.8   0.07101
   1043.1   0.07105
   1043.3   0.07090
   1043.5   0.07080
   1043.7   0.07088
   1043.9   0.07095
   1044.1   0.07091
   1044.3   0.07091
   1044.5   0.07083
   1044.7   0.07075
   1045.0   0.07076
   1045.2   0.07075
   1045.4   0.07075
   1045.6   0.07077
   1045.8   0.07074
   1046.0   0.07068
   1046.2   0.07078
   1046.4   0.07086
   1046.6   0.07074
   1046.8   0.07064
   1047.1   0.07068
   1047.3   0.07060
   1047.5   0.07060
   1047.7   0.07069
   1047.9   0.07054
   1048.1   0.07046
   1048.3   0.07041
   1048.6   0.07036
   1048.8   0.07036
   1049.0   0.07036
   1049.2   0.07042
   1049.4   0.07032
   1049.6   0.07043
   1049.8   0.07054
   1050.0   0.07042
   1050.3   0.07038
   1050.5   0.07047
   1050.7   0.07037
   1050.9   0.07034
   1051.1   0.07038
   1051.3   0.07031
   1051.5   0.07027
   1051.7   0.07030
   1051.9   0.07023
   1052.2   0.07020
   1052.4   0.07024
   1052.6   0.07031
   1052.8   0.07033
   1053.0   0.07023
   1053.2   0.07008
   1053.4   0.07009
   1053.7   0.07020
   1053.9   0.07012
   1054.1   0.07003
   1054.3   0.07003
   1054.5   0.07007
   1054.7   0.07007
   1054.9   0.06997
   1055.2   0.06983
   1055.4   0.06990
   1055.6   0.07006
   1055.8   0.06999
   1056.0   0.06993
   1056.2   0.07001
   1056.4   0.07005
   1056.7   0.06988
   1056.9   0.06976
   1057.1   0.06969
   1057.3   0.06966
   1057.5   0.06968
   1057.8   0.06970
   1058.0   0.06976
   1058.2   0.06969
   1058.4   0.06964
   1058.6   0.06972
   1058.8   0.06974
   1059.0   0.06974
   1059.3   0.06978
   1059.5   0.06980
   1059.7   0.06974
   1059.9   0.06960
   1060.1   0.06962
   1060.3   0.06972
   1060.6   0.06974
   1060.8   0.06972
   1061.0   0.06961
   1061.2   0.06940
   1061.4   0.06944
   1061.6   0.06949
   1061.9   0.06946
   1062.1   0.06944
   1062.3   0.06935
   1062.5   0.06932
   1062.7   0.06943
   1062.9   0.06945
   1063.2   0.06945
   1063.4   0.06936
   1063.6   0.06923
   1063.8   0.06927
   1064.0   0.06934
   1064.3   0.06921
   1064.5   0.06915
   1064.7   0.06919
   1064.9   0.06921
   1065.1   0.06920
   1065.3   0.06918
   1065.6   0.06922
   1065.8   0.06924
   1066.0   0.06920
   1066.2   0.06919
   1066.4   0.06918
   1066.7   0.06921
   1066.9   0.06926
   1067.1   0.06926
   1067.3   0.06917
   1067.6   0.06894
   1067.8   0.06894
   1068.0   0.06910
   1068.2   0.06917
   1068.4   0.06909
   1068.7   0.06895
   1068.9   0.06901
   1069.1   0.06910
   1069.3   0.06900
   1069.5   0.06890
   1069.8   0.06889
   1070.0   0.06886
   1070.2   0.06887
   1070.4   0.06881
   1070.6   0.06876
   1070.8   0.06884
   1071.1   0.06889
   1071.3   0.06882
   1071.5   0.06879
   1071.7   0.06877
   1072.0   0.06880
   1072.2   0.06877
   1072.4   0.06869
   1072.6   0.06868
   1072.8   0.06876
   1073.1   0.06879
   1073.3   0.06873
   1073.5   0.06861
   1073.7   0.06859
   1074.0   0.06856
   1074.2   0.06858
   1074.4   0.06858
   1074.6   0.06851
   1074.8   0.06851
   1075.1   0.06858
   1075.3   0.06854
   1075.5   0.06841
   1075.7   0.06841
   1076.0   0.06844
   1076.2   0.06846
   1076.4   0.06849
   1076.6   0.06843
   1076.9   0.06835
   1077.1   0.06826
   1077.3   0.06830
   1077.5   0.06840
   1077.8   0.06848
   1078.0   0.06839
   1078.2   0.06834
   1078.4   0.06830
   1078.7   0.06826
   1078.9   0.06826
   1079.1   0.06827
   1079.3   0.06823
   1079.6   0.06827
   1079.8   0.06824
   1080.0   0.06818
   1080.2   0.06811
   1080.4   0.06807
   1080.7   0.06810
   1080.9   0.06817
   1081.1   0.06808
   1081.3   0.06802
   1081.6   0.06804
   1081.8   0.06808
   1082.0   0.06803
   1082.3   0.06790
   1082.5   0.06794
   1082.7   0.06802
   1082.9   0.06792
   1083.2   0.06784
   1083.4   0.06783
   1083.6   0.06780
   1083.8   0.06783
   1084.1   0.06792
   1084.3   0.06791
   1084.5   0.06786
   1084.7   0.06788
   1085.0   0.06779
   1085.2   0.06773
   1085.4   0.06776
   1085.7   0.06780
   1085.9   0.06775
   1086.1   0.06761
   1086.3   0.06769
   1086.6   0.06772
   1086.8   0.06766
   1087.0   0.06766
   1087.3   0.06761
   1087.5   0.06749
   1087.7   0.06756
   1087.9   0.06765
   1088.2   0.06759
   1088.4   0.06755
   1088.6   0.06754
   1088.8   0.06756
   1089.1   0.06757
   1089.3   0.06755
   1089.5   0.06752
   1089.8   0.06743
   1090.0   0.06742
   1090.2   0.06746
   1090.4   0.06747
   1090.7   0.06750
   1090.9   0.06744
   1091.1   0.06743
   1091.4   0.06739
   1091.6   0.06741
   1091.8   0.06741
   1092.1   0.06735
   1092.3   0.06735
   1092.5   0.06736
   1092.8   0.06734
   1093.0   0.06736
   1093.2   0.06739
   1093.4   0.06736
   1093.7   0.06732
   1093.9   0.06725
   1094.1   0.06723
   1094.4   0.06728
   1094.6   0.06721
   1094.8   0.06710
   1095.1   0.06717
   1095.3   0.06719
   1095.5   0.06717
   1095.8   0.06710
   1096.0   0.06703
   1096.2   0.06701
   1096.4   0.06702
   1096.7   0.06701
   1096.9   0.06703
   1097.1   0.06710
   1097.4   0.06711
   1097.6   0.06707
   1097.8   0.06704
   1098.1   0.06701
   1098.3   0.06699
   1098.5   0.06702
   1098.8   0.06704
   1099.0   0.06698
   1099.2   0.06694
   1099.5   0.06690
   1099.7   0.06690
   1099.9   0.06692
   1100.2   0.06695
   1100.4   0.06688
   1100.6   0.06677
   1100.9   0.06674
   1101.1   0.06674
   1101.3   0.06675
   1101.6   0.06685
   1101.8   0.06689
   1102.0   0.06678
   1102.3   0.06674
   1102.5   0.06662
   1102.7   0.06661
   1103.0   0.06669
   1103.2   0.06668
   1103.4   0.06668
   1103.7   0.06665
   1103.9   0.06659
   1104.2   0.06653
   1104.4   0.06653
   1104.6   0.06657
   1104.8   0.06659
   1105.1   0.06657
   1105.3   0.06651
   1105.6   0.06659
   1105.8   0.06658
   1106.0   0.06652
   1106.3   0.06654
   1106.5   0.06657
   1106.7   0.06641
   1107.0   0.06641
   1107.2   0.06644
   1107.4   0.06645
   1107.7   0.06649
   1107.9   0.06652
   1108.2   0.06645
   1108.4   0.06636
   1108.6   0.06640
   1108.9   0.06643
   1109.1   0.06641
   1109.3   0.06633
   1109.6   0.06622
   1109.8   0.06617
   1110.1   0.06620
   1110.3   0.06619
   1110.5   0.06618
   1110.8   0.06629
   1111.0   0.06633
   1111.3   0.06621
   1111.5   0.06619
   1111.7   0.06626
   1112.0   0.06625
   1112.2   0.06627
   1112.4   0.06628
   1112.7   0.06623
   1112.9   0.06612
   1113.2   0.06601
   1113.4   0.06597
   1113.6   0.06599
   1113.9   0.06606
   1114.1   0.06603
   1114.3   0.06598
   1114.6   0.06601
   1114.8   0.06607
   1115.1   0.06613
   1115.3   0.06611
   1115.6   0.06601
   1115.8   0.06595
   1116.0   0.06594
   1116.3   0.06591
   1116.5   0.06598
   1116.8   0.06606
   1117.0   0.06596
   1117.2   0.06593
   1117.5   0.06593
   1117.7   0.06588
   1118.0   0.06586
   1118.2   0.06596
   1118.4   0.06597
   1118.7   0.06582
   1118.9   0.06578
   1119.2   0.06585
   1119.4   0.06587
   1119.7   0.06587
   1119.9   0.06584
   1120.1   0.06572
   1120.4   0.06576
   1120.6   0.06587
   1120.9   0.06585
   1121.1   0.06575
   1121.3   0.06571
   1121.6   0.06572
   1121.8   0.06573
   1122.1   0.06567
   1122.3   0.06565
   1122.6   0.06564
   1122.8   0.06562
   1123.0   0.06563
   1123.3   0.06566
   1123.5   0.06562
   1123.8   0.06549
   1124.0   0.06560
   1124.3   0.06572
   1124.5   0.06569
   1124.8   0.06560
   1125.0   0.06550
   1125.2   0.06547
   1125.5   0.06551
   1125.7   0.06554
   1126.0   0.06551
   1126.2   0.06548
   1126.5   0.06547
   1126.7   0.06546
   1126.9   0.06545
   1127.2   0.06541
   1127.4   0.06531
   1127.7   0.06530
   1127.9   0.06534
   1128.2   0.06530
   1128.4   0.06532
   1128.7   0.06540
   1128.9   0.06534
   1129.2   0.06527
   1129.4   0.06537
   1129.7   0.06541
   1129.9   0.06538
   1130.1   0.06531
   1130.4   0.06522
   1130.6   0.06529
   1130.9   0.06537
   1131.1   0.06535
   1131.4   0.06521
   1131.6   0.06517
   1131.9   0.06515
   1132.1   0.06519
   1132.4   0.06514
   1132.6   0.06506
   1132.9   0.06512
   1133.1   0.06520
   1133.3   0.06515
   1133.6   0.06506
   1133.8   0.06503
   1134.1   0.06509
   1134.3   0.06512
   1134.6   0.06507
   1134.8   0.06506
   1135.1   0.06507
   1135.3   0.06505
   1135.6   0.06505
   1135.8   0.06502
   1136.1   0.06502
   1136.3   0.06499
   1136.6   0.06494
   1136.8   0.06500
   1137.1   0.06503
   1137.3   0.06506
   1137.6   0.06503
   1137.8   0.06492
   1138.1   0.06487
   1138.3   0.06494
   1138.6   0.06495
   1138.8   0.06491
   1139.1   0.06484
   1139.3   0.06476
   1139.6   0.06481
   1139.8   0.06485
   1140.1   0.06480
   1140.3   0.06478
   1140.6   0.06483
   1140.8   0.06483
   1141.1   0.06477
   1141.3   0.06475
   1141.6   0.06478
   1141.8   0.06476
   1142.1   0.06470
   1142.3   0.06478
   1142.6   0.06479
   1142.8   0.06473
   1143.1   0.06462
   1143.3   0.06462
   1143.6   0.06464
   1143.8   0.06465
   1144.1   0.06465
   1144.4   0.06459
   1144.6   0.06460
   1144.9   0.06465
   1145.1   0.06460
   1145.4   0.06451
   1145.6   0.06451
   1145.9   0.06452
   1146.1   0.06457
   1146.4   0.06454
   1146.6   0.06459
   1146.9   0.06459
   1147.1   0.06460
   1147.4   0.06453
   1147.7   0.06445
   1147.9   0.06442
   1148.2   0.06442
   1148.4   0.06442
   1148.7   0.06438
   1148.9   0.06438
   1149.2   0.06441
   1149.4   0.06443
   1149.7   0.06447
   1149.9   0.06450
   1150.2   0.06439
   1150.4   0.06434
   1150.7   0.06439
   1151.0   0.06445
   1151.2   0.06445
   1151.5   0.06446
   1151.7   0.06447
   1152.0   0.06438
   1152.2   0.06432
   1152.5   0.06444
   1152.8   0.06441
   1153.0   0.06432
   1153.3   0.06428
   1153.5   0.06423
   1153.8   0.06424
   1154.0   0.06432
   1154.3   0.06426
   1154.6   0.06418
   1154.8   0.06425
   1155.1   0.06428
   1155.3   0.06425
   1155.6   0.06419
   1155.8   0.06414
   1156.1   0.06409
   1156.4   0.06411
   1156.6   0.06416
   1156.9   0.06418
   1157.1   0.06416
   1157.4   0.06413
   1157.7   0.06402
   1157.9   0.06397
   1158.2   0.06401
   1158.4   0.06400
   1158.7   0.06403
   1158.9   0.06404
   1159.2   0.06401
   1159.5   0.06405
   1159.7   0.06409
   1160.0   0.06408
   1160.2   0.06401
   1160.5   0.06394
   1160.8   0.06386
   1161.0   0.06392
   1161.3   0.06402
   1161.5   0.06400
   1161.8   0.06397
   1162.1   0.06395
   1162.3   0.06389
   1162.6   0.06393
   1162.8   0.06390
   1163.1   0.06382
   1163.4   0.06385
   1163.6   0.06393
   1163.9   0.06392
   1164.1   0.06385
   1164.4   0.06378
   1164.7   0.06381
   1164.9   0.06390
   1165.2   0.06388
   1165.4   0.06375
   1165.7   0.06374
   1166.0   0.06380
   1166.2   0.06381
   1166.5   0.06378
   1166.8   0.06376
   1167.0   0.06377
   1167.3   0.06370
   1167.6   0.06365
   1167.8   0.06369
   1168.1   0.06368
   1168.3   0.06369
   1168.6   0.06368
   1168.9   0.06363
   1169.1   0.06361
   1169.4   0.06366
   1169.7   0.06370
   1169.9   0.06365
   1170.2   0.06361
   1170.4   0.06356
   1170.7   0.06350
   1171.0   0.06352
   1171.2   0.06354
   1171.5   0.06360
   1171.8   0.06369
   1172.0   0.06364
   1172.3   0.06361
   1172.6   0.06360
   1172.8   0.06357
   1173.1   0.06350
   1173.4   0.06345
   1173.6   0.06346
   1173.9   0.06353
   1174.2   0.06357
   1174.4   0.06353
   1174.7   0.06346
   1175.0   0.06342
   1175.2   0.06345
   1175.5   0.06343
   1175.8   0.06343
   1176.0   0.06345
   1176.3   0.06341
   1176.6   0.06341
   1176.8   0.06344
   1177.1   0.06340
   1177.4   0.06342
   1177.6   0.06342
   1177.9   0.06330
   1178.2   0.06331
   1178.4   0.06334
   1178.7   0.06325
   1179.0   0.06326
   1179.2   0.06332
   1179.5   0.06333
   1179.8   0.06331
   1180.0   0.06327
   1180.3   0.06325
   1180.6   0.06329
   1180.8   0.06332
   1181.1   0.06330
   1181.4   0.06326
   1181.7   0.06323
   1181.9   0.06325
   1182.2   0.06323
   1182.5   0.06324
   1182.7   0.06325
   1183.0   0.06322
   1183.3   0.06316
   1183.5   0.06320
   1183.8   0.06313
   1184.1   0.06306
   1184.3   0.06313
   1184.6   0.06316
   1184.9   0.06316
   1185.2   0.06319
   1185.4   0.06318
   1185.7   0.06314
   1186.0   0.06313
   1186.3   0.06309
   1186.5   0.06307
   1186.8   0.06305
   1187.1   0.06302
   1187.3   0.06301
   1187.6   0.06300
   1187.9   0.06301
   1188.2   0.06301
   1188.4   0.06299
   1188.7   0.06298
   1189.0   0.06297
   1189.2   0.06298
   1189.5   0.06298
   1189.8   0.06295
   1190.1   0.06298
   1190.3   0.06294
   1190.6   0.06295
   1190.9   0.06296
   1191.2   0.06297
   1191.4   0.06296
   1191.7   0.06292
   1192.0   0.06289
   1192.3   0.06291
   1192.5   0.06291
   1192.8   0.06291
   1193.1   0.06288
   1193.3   0.06288
   1193.6   0.06288
   1193.9   0.06288
   1194.2   0.06288
   1194.4   0.06289
   1194.7   0.06287
   1195.0   0.06288
   1195.3   0.06290
   1195.6   0.06287
   1195.8   0.06278
   1196.1   0.06274
   1196.4   0.06277
   1196.7   0.06283
   1196.9   0.06280
   1197.2   0.06277
   1197.5   0.06271
   1197.8   0.06269
   1198.0   0.06272
   1198.3   0.06271
   1198.6   0.06266
   1198.9   0.06264
   1199.2   0.06275
   1199.4   0.06278
   1199.7   0.06273
   1200.0   0.06268
   1200.3   0.06263
   1200.5   0.06261
   1200.8   0.06261
   1201.1   0.06256
   1201.4   0.06256
   1201.7   0.06261
   1201.9   0.06267
   1202.2   0.06267
   1202.5   0.06262
   1202.8   0.06257
   1203.0   0.06256
   1203.3   0.06263
   1203.6   0.06260
   1203.9   0.06254
   1204.2   0.06259
   1204.4   0.06258
   1204.7   0.06256
   1205.0   0.06258
   1205.3   0.06254
   1205.6   0.06248
   1205.8   0.06245
   1206.1   0.06248
   1206.4   0.06253
   1206.7   0.06254
   1207.0   0.06251
   1207.2   0.06251
   1207.5   0.06244
   1207.8   0.06242
   1208.1   0.06245
   1208.4   0.06247
   1208.7   0.06247
   1208.9   0.06247
   1209.2   0.06248
   1209.5   0.06241
   1209.8   0.06238
   1210.1   0.06241
   1210.3   0.06243
   1210.6   0.06242
   1210.9   0.06240
   1211.2   0.06237
   1211.5   0.06232
   1211.8   0.06233
   1212.0   0.06234
   1212.3   0.06239
   1212.6   0.06240
   1212.9   0.06235
   1213.2   0.06232
   1213.5   0.06233
   1213.7   0.06228
   1214.0   0.06227
   1214.3   0.06226
   1214.6   0.06221
   1214.9   0.06221
   1215.2   0.06228
   1215.4   0.06231
   1215.7   0.06230
   1216.0   0.06232
   1216.3   0.06230
   1216.6   0.06222
   1216.9   0.06219
   1217.2   0.06221
   1217.4   0.06225
   1217.7   0.06225
   1218.0   0.06225
   1218.3   0.06226
   1218.6   0.06218
   1218.9   0.06214
   1219.2   0.06221
   1219.4   0.06223
   1219.7   0.06218
   1220.0   0.06218
   1220.3   0.06220
   1220.6   0.06220
   1220.9   0.06219
   1221.2   0.06222
   1221.5   0.06216
   1221.8   0.06206
   1222.0   0.06209
   1222.3   0.06215
   1222.6   0.06212
   1222.9   0.06209
   1223.2   0.06213
   1223.5   0.06210
   1223.8   0.06202
   1224.1   0.06206
   1224.3   0.06213
   1224.6   0.06207
   1224.9   0.06203
   1225.2   0.06204
   1225.5   0.06203
   1225.8   0.06204
   1226.1   0.06202
   1226.4   0.06205
   1226.7   0.06208
   1227.0   0.06202
   1227.3   0.06201
   1227.5   0.06204
   1227.8   0.06204
   1228.1   0.06203
   1228.4   0.06200
   1228.7   0.06205
   1229.0   0.06207
   1229.3   0.06201
   1229.6   0.06198
   1229.9   0.06201
   1230.2   0.06201
   1230.4   0.06199
   1230.7   0.06196
   1231.0   0.06192
   1231.3   0.06191
   1231.6   0.06198
   1231.9   0.06197
   1232.2   0.06193
   1232.5   0.06196
   1232.8   0.06195
   1233.1   0.06194
   1233.4   0.06187
   1233.7   0.06183
   1234.0   0.06194
   1234.3   0.06200
   1234.6   0.06196
   1234.8   0.06195
   1235.1   0.06194
   1235.4   0.06188
   1235.7   0.06188
   1236.0   0.06193
   1236.3   0.06195
   1236.6   0.06192
   1236.9   0.06185
   1237.2   0.06184
   1237.5   0.06186
   1237.8   0.06184
   1238.1   0.06182
   1238.4   0.06186
   1238.7   0.06189
   1239.0   0.06188
   1239.3   0.06183
   1239.6   0.06183
   1239.9   0.06180
   1240.2   0.06178
   1240.5   0.06184
   1240.8   0.06185
   1241.1   0.06180
   1241.3   0.06180
   1241.7   0.06182
   1241.9   0.06179
   1242.2   0.06181
   1242.5   0.06180
   1242.8   0.06177
   1243.1   0.06176
   1243.4   0.06175
   1243.7   0.06171
   1244.0   0.06169
   1244.3   0.06174
   1244.6   0.06180
   1244.9   0.06178
   1245.2   0.06174
   1245.5   0.06173
   1245.8   0.06176
   1246.1   0.06177
   1246.4   0.06172
   1246.7   0.06174
   1247.0   0.06176
   1247.3   0.06178
   1247.6   0.06176
   1247.9   0.06170
   1248.2   0.06170
   1248.5   0.06170
   1248.8   0.06173
   1249.1   0.06174
   1249.4   0.06171
   1249.7   0.06171
   1250.0   0.06176
   1250.3   0.06174
   1250.6   0.06170
   1250.9   0.06173
   1251.2   0.06171
   1251.5   0.06168
   1251.8   0.06167
   1252.1   0.06172
   1252.4   0.06172
   1252.8   0.06167
   1253.1   0.06166
   1253.3   0.06165
   1253.7   0.06164
   1254.0   0.06168
   1254.3   0.06172
   1254.6   0.06170
   1254.9   0.06163
   1255.2   0.06162
   1255.5   0.06167
   1255.8   0.06168
   1256.1   0.06165
   1256.4   0.06165
   1256.7   0.06166
   1257.0   0.06166
   1257.3   0.06166
   1257.6   0.06165
   1257.9   0.06163
   1258.2   0.06162
   1258.5   0.06159
   1258.8   0.06158
   1259.1   0.06152
   1259.4   0.06155
   1259.8   0.06162
   1260.1   0.06161
   1260.4   0.06157
   1260.7   0.06156
   1261.0   0.06158
   1261.3   0.06151
   1261.6   0.06151
   1261.9   0.06157
   1262.2   0.06161
   1262.5   0.06162
   1262.8   0.06163
   1263.1   0.06159
   1263.4   0.06157
   1263.7   0.06159
   1264.1   0.06155
   1264.4   0.06153
   1264.7   0.06156
   1265.0   0.06155
   1265.3   0.06153
   1265.6   0.06152
   1265.9   0.06152
   1266.2   0.06154
   1266.5   0.06157
   1266.8   0.06156
   1267.1   0.06154
   1267.4   0.06149
   1267.8   0.06146
   1268.1   0.06148
   1268.4   0.06149
   1268.7   0.06153
   1269.0   0.06161
   1269.3   0.06158
   1269.6   0.06152
   1269.9   0.06156
   1270.2   0.06161
   1270.6   0.06162
   1270.9   0.06156
   1271.2   0.06152
   1271.5   0.06154
   1271.8   0.06156
   1272.1   0.06152
   1272.4   0.06149
   1272.7   0.06152
   1273.1   0.06155
   1273.4   0.06155
   1273.7   0.06156
   1274.0   0.06157
   1274.3   0.06152
   1274.6   0.06152
   1274.9   0.06151
   1275.2   0.06150
   1275.6   0.06150
   1275.9   0.06144
   1276.2   0.06147
   1276.5   0.06158
   1276.8   0.06154
   1277.1   0.06149
   1277.4   0.06151
   1277.8   0.06152
   1278.1   0.06149
   1278.4   0.06146
   1278.7   0.06147
   1279.0   0.06148
   1279.3   0.06151
   1279.7   0.06154
   1280.0   0.06153
   1280.3   0.06150
   1280.6   0.06151
   1280.9   0.06153
   1281.2   0.06152
   1281.5   0.06148
   1281.9   0.06149
   1282.2   0.06152
   1282.5   0.06154
   1282.8   0.06152
   1283.1   0.06153
   1283.4   0.06154
   1283.8   0.06149
   1284.1   0.06147
   1284.4   0.06152
   1284.7   0.06153
   1285.0   0.06145
   1285.4   0.06139
   1285.7   0.06146
   1286.0   0.06152
   1286.3   0.06152
   1286.6   0.06151
   1286.9   0.06150
   1287.3   0.06153
   1287.6   0.06154
   1287.9   0.06152
   1288.2   0.06146
   1288.6   0.06147
   1288.9   0.06151
   1289.2   0.06148
   1289.5   0.06150
   1289.8   0.06151
   1290.2   0.06148
   1290.5   0.06148
   1290.8   0.06152
   1291.1   0.06152
   1291.4   0.06148
   1291.8   0.06147
   1292.1   0.06148
   1292.4   0.06154
   1292.7   0.06157
   1293.1   0.06151
   1293.4   0.06141
   1293.7   0.06139
   1294.0   0.06143
   1294.3   0.06146
   1294.7   0.06149
   1295.0   0.06153
   1295.3   0.06154
   1295.6   0.06151
   1296.0   0.06150
   1296.3   0.06151
   1296.6   0.06151
   1296.9   0.06149
   1297.3   0.06148
   1297.6   0.06148
   1297.9   0.06148
   1298.2   0.06153
   1298.6   0.06153
   1298.9   0.06148
   1299.2   0.06149
   1299.5   0.06150
   1299.9   0.06148
   1300.2   0.06146
   1300.5   0.06148
   1300.8   0.06148
   1301.2   0.06148
   1301.5   0.06151
   1301.8   0.06150
   1302.1   0.06150
   1302.5   0.06155
   1302.8   0.06154
   1303.1   0.06149
   1303.4   0.06149
   1303.8   0.06151
   1304.1   0.06150
   1304.4   0.06147
   1304.8   0.06147
   1305.1   0.06148
   1305.4   0.06150
   1305.8   0.06155
   1306.1   0.06158
   1306.4   0.06155
   1306.7   0.06152
   1307.1   0.06153
   1307.4   0.06150
   1307.7   0.06152
   1308.1   0.06151
   1308.4   0.06150
   1308.7   0.06153
   1309.1   0.06150
   1309.4   0.06150
   1309.7   0.06151
   1310.0   0.06149
   1310.4   0.06151
   1310.7   0.06153
   1311.0   0.06154
   1311.4   0.06157
   1311.7   0.06155
   1312.0   0.06156
   1312.4   0.06156
   1312.7   0.06156
   1313.0   0.06154
   1313.4   0.06151
   1313.7   0.06153
   1314.0   0.06154
   1314.4   0.06156
   1314.7   0.06158
   1315.0   0.06154
   1315.4   0.06154
   1315.7   0.06153
   1316.0   0.06154
   1316.4   0.06153
   1316.7   0.06150
   1317.0   0.06146
   1317.4   0.06150
   1317.7   0.06157
   1318.0   0.06155
   1318.4   0.06155
   1318.7   0.06165
   1319.0   0.06162
   1319.4   0.06154
   1319.7   0.06154
   1320.1   0.06157
   1320.4   0.06160
   1320.7   0.06162
   1321.1   0.06162
   1321.4   0.06160
   1321.7   0.06167
   1322.1   0.06172
   1322.4   0.06167
   1322.7   0.06161
   1323.1   0.06160
   1323.4   0.06164
   1323.8   0.06170
   1324.1   0.06170
   1324.4   0.06167
   1324.8   0.06166
   1325.1   0.06165
   1325.4   0.06164
   1325.8   0.06165
   1326.1   0.06166
   1326.5   0.06165
   1326.8   0.06161
   1327.1   0.06162
   1327.5   0.06167
   1327.8   0.06167
   1328.2   0.06167
   1328.5   0.06170
   1328.8   0.06170
   1329.2   0.06167
   1329.5   0.06164
   1329.9   0.06164
   1330.2   0.06164
   1330.6   0.06164
   1330.9   0.06164
   1331.2   0.06169
   1331.6   0.06169
   1331.9   0.06166
   1332.3   0.06167
   1332.6   0.06165
   1332.9   0.06167
   1333.3   0.06165
   1333.6   0.06162
   1334.0   0.06167
   1334.3   0.06172
   1334.7   0.06170
   1335.0   0.06165
   1335.3   0.06162
   1335.7   0.06165
   1336.0   0.06167
   1336.4   0.06171
   1336.7   0.06171
   1337.1   0.06172
   1337.4   0.06179
   1337.8   0.06179
   1338.1   0.06172
   1338.4   0.06171
   1338.8   0.06176
   1339.1   0.06174
   1339.5   0.06172
   1339.8   0.06172
   1340.2   0.06172
   1340.5   0.06176
   1340.9   0.06181
   1341.2   0.06182
   1341.6   0.06178
   1341.9   0.06177
   1342.3   0.06180
   1342.6   0.06182
   1342.9   0.06184
   1343.3   0.06181
   1343.7   0.06176
   1344.0   0.06174
   1344.3   0.06178
   1344.7   0.06182
   1345.0   0.06184
   1345.4   0.06182
   1345.7   0.06181
   1346.1   0.06185
   1346.4   0.06186
   1346.8   0.06186
   1347.1   0.06185
   1347.5   0.06184
   1347.8   0.06181
   1348.2   0.06178
   1348.5   0.06183
   1348.9   0.06188
   1349.2   0.06186
   1349.6   0.06184
   1349.9   0.06183
   1350.3   0.06183
   1350.7   0.06187
   1351.0   0.06193
   1351.3   0.06190
   1351.7   0.06186
   1352.1   0.06190
   1352.4   0.06196
   1352.8   0.06195
   1353.1   0.06188
   1353.5   0.06187
   1353.8   0.06187
   1354.2   0.06187
   1354.5   0.06185
   1354.9   0.06187
   1355.2   0.06191
   1355.6   0.06194
   1355.9   0.06190
   1356.3   0.06187
   1356.7   0.06190
   1357.0   0.06193
   1357.4   0.06196
   1357.7   0.06194
   1358.1   0.06194
   1358.4   0.06192
   1358.8   0.06191
   1359.2   0.06193
   1359.5   0.06196
   1359.9   0.06196
   1360.2   0.06190
   1360.6   0.06190
   1360.9   0.06196
   1361.3   0.06200
   1361.7   0.06198
   1362.0   0.06195
   1362.4   0.06197
   1362.7   0.06202
   1363.1   0.06204
   1363.4   0.06202
   1363.8   0.06202
   1364.2   0.06202
   1364.5   0.06205
   1364.9   0.06203
   1365.2   0.06201
   1365.6   0.06201
   1365.9   0.06203
   1366.3   0.06209
   1366.7   0.06209
   1367.0   0.06205
   1367.4   0.06205
   1367.8   0.06206
   1368.1   0.06206
   1368.5   0.06209
   1368.8   0.06212
   1369.2   0.06207
   1369.6   0.06203
   1369.9   0.06206
   1370.3   0.06208
   1370.6   0.06206
   1371.0   0.06207
   1371.4   0.06212
   1371.7   0.06213
   1372.1   0.06213
   1372.5   0.06213
   1372.8   0.06214
   1373.2   0.06214
   1373.6   0.06216
   1373.9   0.06215
   1374.3   0.06213
   1374.6   0.06215
   1375.0   0.06218
   1375.4   0.06220
   1375.7   0.06220
   1376.1   0.06220
   1376.5   0.06218
   1376.8   0.06216
   1377.2   0.06213
   1377.6   0.06209
   1377.9   0.06214
   1378.3   0.06219
   1378.7   0.06219
   1379.0   0.06220
   1379.4   0.06221
   1379.8   0.06224
   1380.1   0.06225
   1380.5   0.06226
   1380.9   0.06225
   1381.2   0.06222
   1381.6   0.06223
   1382.0   0.06224
   1382.3   0.06224
   1382.7   0.06223
   1383.1   0.06220
   1383.4   0.06221
   1383.8   0.06225
   1384.2   0.06224
   1384.6   0.06222
   1384.9   0.06224
   1385.3   0.06231
   1385.7   0.06233
   1386.0   0.06229
   1386.4   0.06229
   1386.8   0.06231
   1387.2   0.06233
   1387.5   0.06233
   1387.9   0.06231
   1388.3   0.06234
   1388.6   0.06236
   1389.0   0.06233
   1389.4   0.06232
   1389.8   0.06233
   1390.1   0.06232
   1390.5   0.06231
   1390.9   0.06233
   1391.2   0.06238
   1391.6   0.06232
   1392.0   0.06229
   1392.4   0.06231
   1392.7   0.06234
   1393.1   0.06236
   1393.5   0.06239
   1393.9   0.06242
   1394.2   0.06239
   1394.6   0.06240
   1395.0   0.06244
   1395.4   0.06246
   1395.7   0.06245
   1396.1   0.06240
   1396.5   0.06240
   1396.9   0.06242
   1397.2   0.06241
   1397.6   0.06240
   1398.0   0.06240
   1398.4   0.06240
   1398.8   0.06244
   1399.1   0.06246
   1399.5   0.06247
   1399.9   0.06245
   1400.3   0.06244
   1400.6   0.06248
   1401.0   0.06251
   1401.4   0.06250
   1401.8   0.06248
   1402.2   0.06252
   1402.5   0.06250
   1402.9   0.06243
   1403.3   0.06245
   1403.7   0.06248
   1404.1   0.06249
   1404.4   0.06255
   1404.8   0.06257
   1405.2   0.06253
   1405.6   0.06251
   1405.9   0.06255
   1406.3   0.06257
   1406.7   0.06257
   1407.1   0.06257
   1407.5   0.06254
   1407.9   0.06253
   1408.3   0.06260
   1408.6   0.06264
   1409.0   0.06261
   1409.4   0.06262
   1409.8   0.06261
   1410.2   0.06259
   1410.5   0.06261
   1410.9   0.06258
   1411.3   0.06261
   1411.7   0.06262
   1412.1   0.06259
   1412.5   0.06260
   1412.8   0.06261
   1413.2   0.06262
   1413.6   0.06263
   1414.0   0.06262
   1414.4   0.06265
   1414.8   0.06268
   1415.2   0.06269
   1415.6   0.06264
   1415.9   0.06259
   1416.3   0.06262
   1416.7   0.06263
   1417.1   0.06262
   1417.5   0.06263
   1417.9   0.06263
   1418.3   0.06263
   1418.7   0.06265
   1419.0   0.06269
   1419.4   0.06271
   1419.8   0.06271
   1420.2   0.06272
   1420.6   0.06269
   1421.0   0.06272
   1421.4   0.06277
   1421.8   0.06277
   1422.2   0.06273
   1422.5   0.06270
   1422.9   0.06272
   1423.3   0.06271
   1423.7   0.06271
   1424.1   0.06275
   1424.5   0.06277
   1424.9   0.06277
   1425.3   0.06276
   1425.7   0.06274
   1426.1   0.06272
   1426.4   0.06272
   1426.8   0.06269
   1427.2   0.06273
   1427.6   0.06276
   1428.0   0.06283
   1428.4   0.06286
   1428.8   0.06277
   1429.2   0.06278
   1429.6   0.06278
   1430.0   0.06278
   1430.4   0.06278
   1430.8   0.06278
   1431.2   0.06277
   1431.6   0.06280
   1432.0   0.06282
   1432.4   0.06283
   1432.8   0.06280
   1433.2   0.06278
   1433.6   0.06281
   1433.9   0.06287
   1434.3   0.06290
   1434.7   0.06285
   1435.1   0.06281
   1435.5   0.06283
   1435.9   0.06286
   1436.3   0.06288
   1436.7   0.06288
   1437.1   0.06288
   1437.5   0.06289
   1437.9   0.06290
   1438.3   0.06290
   1438.7   0.06292
   1439.1   0.06291
   1439.5   0.06289
   1439.9   0.06290
   1440.3   0.06290
   1440.7   0.06289
   1441.1   0.06292
   1441.5   0.06295
   1441.9   0.06293
   1442.3   0.06292
   1442.7   0.06294
   1443.1   0.06296
   1443.5   0.06299
   1443.9   0.06301
   1444.3   0.06301
   1444.7   0.06299
   1445.1   0.06299
   1445.5   0.06298
   1445.9   0.06298
   1446.3   0.06298
   1446.8   0.06298
   1447.2   0.06296
   1447.6   0.06301
   1448.0   0.06303
   1448.4   0.06305
   1448.8   0.06304
   1449.2   0.06301
   1449.6   0.06307
   1450.0   0.06311
   1450.4   0.06305
   1450.8   0.06301
   1451.2   0.06304
   1451.6   0.06306
   1452.0   0.06304
   1452.4   0.06306
   1452.8   0.06306
   1453.2   0.06306
   1453.7   0.06308
   1454.1   0.06309
   1454.5   0.06312
   1454.9   0.06312
   1455.3   0.06311
   1455.7   0.06311
   1456.1   0.06311
   1456.5   0.06311
   1456.9   0.06311
   1457.3   0.06312
   1457.7   0.06311
   1458.2   0.06311
   1458.6   0.06317
   1459.0   0.06318
   1459.4   0.06316
   1459.8   0.06316
   1460.2   0.06317
   1460.6   0.06315
   1461.0   0.06314
   1461.4   0.06314
   1461.8   0.06319
   1462.3   0.06319
   1462.7   0.06316
   1463.1   0.06319
   1463.5   0.06322
   1463.9   0.06323
   1464.3   0.06323
   1464.7   0.06324
   1465.2   0.06321
   1465.6   0.06320
   1466.0   0.06323
   1466.4   0.06323
   1466.8   0.06326
   1467.2   0.06326
   1467.6   0.06323
   1468.1   0.06321
   1468.5   0.06323
   1468.9   0.06323
   1469.3   0.06324
   1469.7   0.06326
   1470.1   0.06327
   1470.6   0.06326
   1471.0   0.06325
   1471.4   0.06327
   1471.8   0.06329
   1472.2   0.06331
   1472.6   0.06331
   1473.1   0.06330
   1473.5   0.06331
   1473.9   0.06332
   1474.3   0.06331
   1474.7   0.06332
   1475.2   0.06335
   1475.6   0.06335
   1476.0   0.06333
   1476.4   0.06335
   1476.8   0.06336
   1477.3   0.06335
   1477.7   0.06336
   1478.1   0.06334
   1478.5   0.06332
   1478.9   0.06333
   1479.4   0.06333
   1479.8   0.06333
   1480.2   0.06336
   1480.6   0.06340
   1481.1   0.06340
   1481.5   0.06338
   1481.9   0.06336
   1482.3   0.06340
   1482.8   0.06342
   1483.2   0.06343
   1483.6   0.06344
   1484.0   0.06344
   1484.4   0.06345
   1484.9   0.06340
   1485.3   0.06337
   1485.7   0.06340
   1486.2   0.06342
   1486.6   0.06341
   1487.0   0.06342
   1487.4   0.06343
   1487.9   0.06343
   1488.3   0.06343
   1488.7   0.06343
   1489.1   0.06343
   1489.6   0.06345
   1490.0   0.06347
   1490.4   0.06347
   1490.8   0.06344
   1491.3   0.06342
   1491.7   0.06346
   1492.1   0.06349
   1492.6   0.06347
   1493.0   0.06348
   1493.4   0.06349
   1493.9   0.06347
   1494.3   0.06349
   1494.7   0.06351
   1495.2   0.06353
   1495.6   0.06353
   1496.0   0.06350
   1496.4   0.06349
   1496.9   0.06352
   1497.3   0.06352
   1497.7   0.06351
   1498.2   0.06352
   1498.6   0.06357
   1499.0   0.06361
   1499.5   0.06359
   1499.9   0.06358
   1500.3   0.06357
   1500.8   0.06354
   1501.2   0.06356
   1501.7   0.06354
   1502.1   0.06353
   1502.5   0.06356
   1502.9   0.06356
   1503.4   0.06356
   1503.8   0.06360
   1504.3   0.06361
   1504.7   0.06360
   1505.1   0.06359
   1505.6   0.06359
   1506.0   0.06362
   1506.4   0.06361
   1506.9   0.06364
   1507.3   0.06366
   1507.8   0.06366
   1508.2   0.06364
   1508.6   0.06363
   1509.1   0.06363
   1509.5   0.06364
   1509.9   0.06361
   1510.4   0.06363
   1510.8   0.06367
   1511.3   0.06368
   1511.7   0.06368
   1512.2   0.06371
   1512.6   0.06373
   1513.0   0.06374
   1513.5   0.06371
   1513.9   0.06371
   1514.4   0.06373
   1514.8   0.06374
   1515.3   0.06376
   1515.7   0.06373
   1516.1   0.06374
   1516.6   0.06375
   1517.0   0.06371
   1517.5   0.06370
   1517.9   0.06374
   1518.4   0.06377
   1518.8   0.06377
   1519.3   0.06380
   1519.7   0.06379
   1520.1   0.06379
   1520.6   0.06379
   1521.0   0.06378
   1521.5   0.06379
   1521.9   0.06380
   1522.4   0.06383
   1522.8   0.06387
   1523.3   0.06387
   1523.7   0.06384
   1524.2   0.06383
   1524.6   0.06385
   1525.1   0.06384
   1525.5   0.06385
   1525.9   0.06384
   1526.4   0.06381
   1526.8   0.06381
   1527.3   0.06384
   1527.8   0.06387
   1528.2   0.06387
   1528.7   0.06386
   1529.1   0.06388
   1529.6   0.06389
   1530.0   0.06390
   1530.5   0.06390
   1530.9   0.06394
   1531.4   0.06397
   1531.8   0.06396
   1532.3   0.06394
   1532.7   0.06394
   1533.2   0.06391
   1533.6   0.06391
   1534.1   0.06395
   1534.5   0.06396
   1535.0   0.06393
   1535.4   0.06396
   1535.9   0.06396
   1536.3   0.06394
   1536.8   0.06392
   1537.3   0.06393
   1537.7   0.06394
   1538.2   0.06395
   1538.6   0.06397
   1539.1   0.06397
   1539.6   0.06396
   1540.0   0.06396
   1540.5   0.06398
   1540.9   0.06403
   1541.4   0.06406
   1541.8   0.06405
   1542.3   0.06406
   1542.8   0.06408
   1543.2   0.06407
   1543.7   0.06406
   1544.1   0.06405
   1544.6   0.06408
   1545.1   0.06410
   1545.5   0.06408
   1546.0   0.06408
   1546.4   0.06412
   1546.9   0.06415
   1547.4   0.06415
   1547.8   0.06411
   1548.3   0.06409
   1548.7   0.06410
   1549.2   0.06409
   1549.7   0.06410
   1550.1   0.06415
   1550.6   0.06418
   1551.1   0.06418
   1551.5   0.06415
   1552.0   0.06415
   1552.4   0.06418
   1552.9   0.06415
   1553.4   0.06414
   1553.8   0.06418
   1554.3   0.06421
   1554.8   0.06423
   1555.3   0.06424
   1555.7   0.06423
   1556.2   0.06422
   1556.7   0.06422
   1557.1   0.06421
   1557.6   0.06422
   1558.1   0.06426
   1558.5   0.06429
   1559.0   0.06427
   1559.5   0.06424
   1559.9   0.06425
   1560.4   0.06427
   1560.9   0.06427
   1561.3   0.06427
   1561.8   0.06426
   1562.3   0.06431
   1562.8   0.06434
   1563.2   0.06436
   1563.7   0.06435
   1564.2   0.06433
   1564.6   0.06435
   1565.1   0.06438
   1565.6   0.06440
   1566.1   0.06439
   1566.5   0.06435
   1567.0   0.06433
   1567.5   0.06438
   1567.9   0.06442
   1568.4   0.06442
   1568.9   0.06442
   1569.4   0.06441
   1569.8   0.06441
   1570.3   0.06441
   1570.8   0.06441
   1571.3   0.06445
   1571.8   0.06446
   1572.2   0.06445
   1572.7   0.06447
   1573.2   0.06449
   1573.7   0.06451
   1574.1   0.06453
   1574.6   0.06452
   1575.1   0.06451
   1575.6   0.06453
   1576.1   0.06455
   1576.5   0.06455
   1577.0   0.06457
   1577.5   0.06457
   1578.0   0.06455
   1578.4   0.06454
   1578.9   0.06455
   1579.4   0.06457
   1579.9   0.06461
   1580.4   0.06464
   1580.8   0.06465
   1581.3   0.06466
   1581.8   0.06467
   1582.3   0.06466
   1582.8   0.06466
   1583.3   0.06468
   1583.8   0.06469
   1584.2   0.06472
   1584.7   0.06473
   1585.2   0.06471
   1585.7   0.06472
   1586.2   0.06472
   1586.7   0.06469
   1587.2   0.06471
   1587.6   0.06475
   1588.1   0.06476
   1588.6   0.06477
   1589.1   0.06475
   1589.6   0.06476
   1590.1   0.06478
   1590.6   0.06480
   1591.0   0.06478
   1591.5   0.06476
   1592.0   0.06480
   1592.5   0.06484
   1593.0   0.06486
   1593.5   0.06484
   1594.0   0.06481
   1594.5   0.06483
   1595.0   0.06489
   1595.4   0.06493
   1595.9   0.06492
   1596.4   0.06489
   1596.9   0.06491
   1597.4   0.06494
   1597.9   0.06494
   1598.4   0.06494
   1598.9   0.06495
   1599.4   0.06494
   1599.9   0.06497
   1600.4   0.06502
   1600.9   0.06503
   1601.4   0.06499
   1601.9   0.06498
   1602.3   0.06504
   1602.8   0.06504
   1603.3   0.06504
   1603.8   0.06506
   1604.3   0.06505
   1604.8   0.06507
   1605.3   0.06509
   1605.8   0.06511
   1606.3   0.06511
   1606.8   0.06513
   1607.3   0.06513
   1607.8   0.06512
   1608.3   0.06515
   1608.8   0.06517
   1609.3   0.06518
   1609.8   0.06520
   1610.3   0.06520
   1610.8   0.06518
   1611.3   0.06520
   1611.8   0.06524
   1612.3   0.06525
   1612.8   0.06529
   1613.3   0.06534
   1613.8   0.06535
   1614.3   0.06531
   1614.8   0.06530
   1615.3   0.06529
   1615.8   0.06530
   1616.3   0.06536
   1616.8   0.06539
   1617.3   0.06538
   1617.8   0.06533
   1618.4   0.06533
   1618.9   0.06538
   1619.4   0.06540
   1619.9   0.06540
   1620.4   0.06543
   1620.9   0.06546
   1621.4   0.06544
   1621.9   0.06543
   1622.4   0.06546
   1622.9   0.06549
   1623.4   0.06554
   1623.9   0.06555
   1624.4   0.06554
   1624.9   0.06557
   1625.5   0.06556
   1626.0   0.06554
   1626.5   0.06558
   1627.0   0.06561
   1627.5   0.06561
   1628.0   0.06558
   1628.5   0.06560
   1629.0   0.06564
   1629.6   0.06566
   1630.1   0.06571
   1630.6   0.06572
   1631.1   0.06570
   1631.6   0.06570
   1632.1   0.06571
   1632.6   0.06573
   1633.1   0.06578
   1633.7   0.06580
   1634.2   0.06578
   1634.7   0.06577
   1635.2   0.06580
   1635.7   0.06582
   1636.2   0.06580
   1636.8   0.06581
   1637.3   0.06584
   1637.8   0.06588
   1638.3   0.06591
   1638.8   0.06591
   1639.3   0.06593
   1639.8   0.06595
   1640.4   0.06595
   1640.9   0.06596
   1641.4   0.06598
   1641.9   0.06602
   1642.4   0.06605
   1643.0   0.06606
   1643.5   0.06607
   1644.0   0.06607
   1644.5   0.06608
   1645.1   0.06611
   1645.6   0.06608
   1646.1   0.06607
   1646.6   0.06613
   1647.2   0.06615
   1647.7   0.06615
   1648.2   0.06619
   1648.7   0.06626
   1649.2   0.06626
   1649.8   0.06624
   1650.3   0.06627
   1650.8   0.06631
   1651.3   0.06634
   1651.9   0.06634
   1652.4   0.06633
   1652.9   0.06635
   1653.4   0.06637
   1654.0   0.06639
   1654.5   0.06641
   1655.0   0.06641
   1655.6   0.06644
   1656.1   0.06647
   1656.6   0.06646
   1657.2   0.06647
   1657.7   0.06650
   1658.2   0.06651
   1658.7   0.06651
   1659.3   0.06652
   1659.8   0.06657
   1660.3   0.06660
   1660.9   0.06657
   1661.4   0.06658
   1661.9   0.06662
   1662.5   0.06663
   1663.0   0.06664
   1663.5   0.06663
   1664.1   0.06664
   1664.6   0.06666
   1665.1   0.06669
   1665.7   0.06674
   1666.2   0.06676
   1666.7   0.06677
   1667.3   0.06680
   1667.8   0.06678
   1668.3   0.06679
   1668.9   0.06682
   1669.4   0.06682
   1670.0   0.06684
   1670.5   0.06691
   1671.0   0.06692
   1671.6   0.06692
   1672.1   0.06693
   1672.7   0.06695
   1673.2   0.06695
   1673.7   0.06696
   1674.3   0.06696
   1674.8   0.06696
   1675.4   0.06698
   1675.9   0.06699
   1676.4   0.06704
   1677.0   0.06706
   1677.5   0.06706
   1678.1   0.06708
   1678.6   0.06709
   1679.2   0.06711
   1679.7   0.06716
   1680.2   0.06722
   1680.8   0.06724
   1681.3   0.06725
   1681.9   0.06728
   1682.4   0.06728
   1683.0   0.06730
   1683.5   0.06733
   1684.1   0.06735
   1684.6   0.06738
   1685.2   0.06739
   1685.7   0.06743
   1686.3   0.06747
   1686.8   0.06747
   1687.3   0.06747
   1687.9   0.06752
   1688.4   0.06757
   1689.0   0.06760
   1689.6   0.06758
   1690.1   0.06759
   1690.7   0.06763
   1691.2   0.06764
   1691.8   0.06765
   1692.3   0.06769
   1692.9   0.06775
   1693.4   0.06778
   1694.0   0.06779
   1694.5   0.06781
   1695.1   0.06783
   1695.6   0.06789
   1696.2   0.06792
   1696.7   0.06792
   1697.3   0.06791
   1697.8   0.06795
   1698.4   0.06798
   1699.0   0.06800
   1699.5   0.06806
   1700.1   0.06812
   1700.6   0.06814
   1701.2   0.06815
   1701.8   0.06818
   1702.3   0.06821
   1702.9   0.06824
   1703.4   0.06825
   1704.0   0.06830
   1704.6   0.06836
   1705.1   0.06836
   1705.7   0.06837
   1706.2   0.06841
   1706.8   0.06844
   1707.3   0.06846
   1707.9   0.06847
   1708.5   0.06850
   1709.0   0.06855
   1709.6   0.06857
   1710.2   0.06859
   1710.7   0.06861
   1711.3   0.06865
   1711.9   0.06870
   1712.4   0.06873
   1713.0   0.06872
   1713.6   0.06874
   1714.1   0.06876
   1714.7   0.06878
   1715.3   0.06882
   1715.8   0.06888
   1716.4   0.06893
   1717.0   0.06897
   1717.5   0.06898
   1718.1   0.06898
   1718.7   0.06899
   1719.2   0.06904
   1719.8   0.06906
   1720.4   0.06909
   1720.9   0.06910
   1721.5   0.06915
   1722.1   0.06923
   1722.7   0.06930
   1723.2   0.06931
   1723.8   0.06927
   1724.4   0.06928
   1725.0   0.06931
   1725.5   0.06937
   1726.1   0.06942
   1726.7   0.06946
   1727.3   0.06950
   1727.8   0.06954
   1728.4   0.06958
   1729.0   0.06962
   1729.6   0.06964
   1730.1   0.06965
   1730.7   0.06969
   1731.3   0.06973
   1731.9   0.06975
   1732.5   0.06977
   1733.0   0.06979
   1733.6   0.06982
   1734.2   0.06986
   1734.8   0.06992
   1735.3   0.06995
   1735.9   0.06999
   1736.5   0.07004
   1737.1   0.07005
   1737.7   0.07011
   1738.3   0.07022
   1738.8   0.07025
   1739.4   0.07028
   1740.0   0.07032
   1740.6   0.07033
   1741.2   0.07035
   1741.8   0.07039
   1742.3   0.07044
   1742.9   0.07049
   1743.5   0.07052
   1744.1   0.07053
   1744.7   0.07055
   1745.3   0.07059
   1745.9   0.07062
   1746.5   0.07066
   1747.1   0.07073
   1747.6   0.07080
   1748.2   0.07080
   1748.8   0.07083
   1749.4   0.07090
   1750.0   0.07090
   1750.6   0.07093
   1751.2   0.07100
   1751.8   0.07101
   1752.4   0.07105
   1753.0   0.07112
   1753.6   0.07115
   1754.1   0.07117
   1754.7   0.07122
   1755.3   0.07127
   1755.9   0.07130
   1756.5   0.07134
   1757.1   0.07138
   1757.7   0.07141
   1758.3   0.07145
   1758.9   0.07148
   1759.5   0.07155
   1760.1   0.07161
   1760.7   0.07165
   1761.3   0.07167
   1761.9   0.07170
   1762.5   0.07175
   1763.1   0.07179
   1763.7   0.07185
   1764.3   0.07190
   1764.9   0.07191
   1765.5   0.07194
   1766.1   0.07200
   1766.7   0.07208
   1767.3   0.07210
   1767.9   0.07212
   1768.5   0.07217
   1769.1   0.07223
   1769.7   0.07227
   1770.3   0.07229
   1770.9   0.07237
   1771.5   0.07246
   1772.1   0.07252
   1772.7   0.07257
   1773.3   0.07259
   1773.9   0.07261
   1774.6   0.07264
   1775.2   0.07270
   1775.8   0.07276
   1776.4   0.07282
   1777.0   0.07288
   1777.6   0.07291
   1778.2   0.07293
   1778.8   0.07298
   1779.4   0.07304
   1780.0   0.07311
   1780.7   0.07317
   1781.3   0.07323
   1781.9   0.07330
   1782.5   0.07335
   1783.1   0.07339
   1783.7   0.07344
   1784.3   0.07349
   1784.9   0.07351
   1785.6   0.07356
   1786.2   0.07362
   1786.8   0.07367
   1787.4   0.07372
   1788.0   0.07376
   1788.6   0.07378
   1789.3   0.07384
   1789.9   0.07392
   1790.5   0.07397
   1791.1   0.07402
   1791.7   0.07406
   1792.3   0.07413
   1793.0   0.07422
   1793.6   0.07428
   1794.2   0.07433
   1794.8   0.07439
   1795.4   0.07445
   1796.1   0.07446
   1796.7   0.07453
   1797.3   0.07461
   1797.9   0.07468
   1798.6   0.07474
   1799.2   0.07479
   1799.8   0.07481
   1800.4   0.07488
   1801.1   0.07495
   1801.7   0.07501
   1802.3   0.07509
   1802.9   0.07515
   1803.6   0.07521
   1804.2   0.07526
   1804.8   0.07530
   1805.4   0.07537
   1806.1   0.07542
   1806.7   0.07546
   1807.3   0.07553
   1808.0   0.07560
   1808.6   0.07568
   1809.2   0.07575
   1809.9   0.07581
   1810.5   0.07585
   1811.1   0.07591
   1811.8   0.07597
   1812.4   0.07605
   1813.0   0.07613
   1813.7   0.07618
   1814.3   0.07623
   1814.9   0.07629
   1815.6   0.07637
   1816.2   0.07644
   1816.8   0.07648
   1817.5   0.07653
   1818.1   0.07661
   1818.8   0.07671
   1819.4   0.07678
   1820.0   0.07683
   1820.7   0.07690
   1821.3   0.07701
   1821.9   0.07709
   1822.6   0.07712
   1823.2   0.07714
   1823.9   0.07723
   1824.5   0.07732
   1825.2   0.07739
   1825.8   0.07746
   1826.4   0.07754
   1827.1   0.07762
   1827.7   0.07766
   1828.4   0.07773
   1829.0   0.07780
   1829.7   0.07785
   1830.3   0.07792
   1830.9   0.07802
   1831.6   0.07808
   1832.3   0.07816
   1832.9   0.07824
   1833.5   0.07834
   1834.2   0.07843
   1834.8   0.07849
   1835.5   0.07856
   1836.1   0.07864
   1836.8   0.07870
   1837.4   0.07874
   1838.1   0.07881
   1838.8   0.07892
   1839.4   0.07902
   1840.1   0.07909
   1840.7   0.07915
   1841.4   0.07923
   1842.0   0.07930
   1842.7   0.07937
   1843.3   0.07946
   1844.0   0.07957
   1844.6   0.07963
   1845.3   0.07968
   1845.9   0.07978
   1846.6   0.07987
   1847.3   0.07995
   1847.9   0.08003
   1848.6   0.08012
   1849.2   0.08019
   1849.9   0.08027
   1850.6   0.08034
   1851.2   0.08043
   1851.9   0.08051
   1852.5   0.08060
   1853.2   0.08067
   1853.9   0.08075
   1854.5   0.08084
   1855.2   0.08096
   1855.9   0.08107
   1856.5   0.08113
   1857.2   0.08122
   1857.8   0.08132
   1858.5   0.08142
   1859.2   0.08149
   1859.8   0.08156
   1860.5   0.08165
   1861.2   0.08175
   1861.9   0.08185
   1862.5   0.08194
   1863.2   0.08202
   1863.9   0.08212
   1864.5   0.08221
   1865.2   0.08231
   1865.9   0.08243
   1866.6   0.08252
   1867.2   0.08261
   1867.9   0.08271
   1868.6   0.08281
   1869.2   0.08289
   1869.9   0.08297
   1870.6   0.08308
   1871.3   0.08317
   1871.9   0.08326
   1872.6   0.08337
   1873.3   0.08347
   1874.0   0.08356
   1874.7   0.08365
   1875.3   0.08377
   1876.0   0.08386
   1876.7   0.08396
   1877.4   0.08409
   1878.0   0.08418
   1878.7   0.08426
   1879.4   0.08437
   1880.1   0.08449
   1880.8   0.08458
   1881.4   0.08467
   1882.1   0.08478
   1882.8   0.08488
   1883.5   0.08499
   1884.2   0.08513
   1884.9   0.08528
   1885.6   0.08538
   1886.2   0.08544
   1886.9   0.08552
   1887.6   0.08566
   1888.3   0.08577
   1889.0   0.08587
   1889.7   0.08598
   1890.4   0.08609
   1891.1   0.08621
   1891.8   0.08631
   1892.4   0.08643
   1893.1   0.08655
   1893.8   0.08665
   1894.5   0.08675
   1895.2   0.08689
   1895.9   0.08703
   1896.6   0.08712
   1897.3   0.08721
   1898.0   0.08733
   1898.7   0.08746
   1899.4   0.08755
   1900.1   0.08766
   1900.8   0.08780
   1901.5   0.08794
   1902.2   0.08805
   1902.9   0.08815
   1903.6   0.08828
   1904.3   0.08841
   1904.9   0.08852
   1905.7   0.08862
   1906.3   0.08874
   1907.1   0.08888
   1907.8   0.08902
   1908.5   0.08914
   1909.2   0.08924
   1909.9   0.08935
   1910.6   0.08947
   1911.3   0.08962
   1912.0   0.08976
   1912.7   0.08987
   1913.4   0.09000
   1914.1   0.09017
   1914.8   0.09030
   1915.5   0.09038
   1916.2   0.09049
   1916.9   0.09063
   1917.6   0.09079
   1918.3   0.09091
   1919.1   0.09103
   1919.8   0.09118
   1920.5   0.09132
   1921.2   0.09147
   1921.9   0.09159
   1922.6   0.09168
   1923.3   0.09182
   1924.0   0.09196
   1924.8   0.09210
   1925.5   0.09223
   1926.2   0.09235
   1926.9   0.09251
   1927.6   0.09268
   1928.3   0.09281
   1929.1   0.09292
   1929.8   0.09307
   1930.5   0.09322
   1931.2   0.09336
   1931.9   0.09347
   1932.7   0.09360
   1933.4   0.09373
   1934.1   0.09387
   1934.8   0.09405
   1935.5   0.09420
   1936.3   0.09433
   1937.0   0.09448
   1937.7   0.09461
   1938.4   0.09474
   1939.2   0.09490
   1939.9   0.09506
   1940.6   0.09521
   1941.3   0.09537
   1942.1   0.09554
   1942.8   0.09570
   1943.5   0.09584
   1944.2   0.09597
   1945.0   0.09613
   1945.7   0.09627
   1946.4   0.09643
   1947.2   0.09658
   1947.9   0.09670
   1948.6   0.09683
   1949.4   0.09699
   1950.1   0.09720
   1950.8   0.09738
   1951.6   0.09751
   1952.3   0.09764
   1953.0   0.09782
   1953.8   0.09799
   1954.5   0.09816
   1955.2   0.09830
   1956.0   0.09845
   1956.7   0.09862
   1957.4   0.09877
   1958.2   0.09894
   1958.9   0.09911
   1959.7   0.09926
   1960.4   0.09944
   1961.2   0.09964
   1961.9   0.09981
   1962.6   0.09993
   1963.4   0.10006
   1964.1   0.10025
   1964.9   0.10043
   1965.6   0.10060
   1966.4   0.10077
   1967.1   0.10091
   1967.8   0.10106
   1968.6   0.10124
   1969.3   0.10141
   1970.1   0.10157
   1970.8   0.10177
   1971.6   0.10196
   1972.3   0.10212
   1973.1   0.10231
   1973.8   0.10252
   1974.6   0.10271
   1975.3   0.10284
   1976.1   0.10298
   1976.9   0.10317
   1977.6   0.10334
   1978.4   0.10353
   1979.1   0.10370
   1979.9   0.10389
   1980.6   0.10408
   1981.4   0.10425
   1982.2   0.10445
   1982.9   0.10464
   1983.7   0.10480
   1984.4   0.10498
   1985.2   0.10515
   1985.9   0.10534
   1986.7   0.10553
   1987.5   0.10574
   1988.2   0.10593
   1989.0   0.10612
   1989.8   0.10630
   1990.5   0.10649
   1991.3   0.10667
   1992.1   0.10684
   1992.8   0.10702
   1993.6   0.10721
   1994.3   0.10742
   1995.1   0.10761
   1995.9   0.10779
   1996.7   0.10799
   1997.4   0.10818
   1998.2   0.10838
   1999.0   0.10862
   1999.7   0.10880
   2000.5   0.10896
   2001.3   0.10916
   2002.1   0.10936
   2002.8   0.10953
   2003.6   0.10972
   2004.4   0.10995
   2005.2   0.11016
   2005.9   0.11034
   2006.7   0.11053
   2007.5   0.11074
   2008.3   0.11094
   2009.0   0.11112
   2009.8   0.11131
   2010.6   0.11155
   2011.4   0.11176
   2012.2   0.11197
   2012.9   0.11219
   2013.7   0.11237
   2014.5   0.11256
   2015.3   0.11278
   2016.1   0.11301
   2016.8   0.11320
   2017.6   0.11338
   2018.4   0.11358
   2019.2   0.11379
   2020.0   0.11399
   2020.8   0.11418
   2021.6   0.11440
   2022.3   0.11463
   2023.1   0.11486
   2023.9   0.11505
   2024.7   0.11526
   2025.5   0.11549
   2026.3   0.11567
   2027.1   0.11587
   2027.9   0.11609
   2028.7   0.11632
   2029.5   0.11653
   2030.3   0.11676
   2031.1   0.11699
   2031.9   0.11719
   2032.7   0.11738
   2033.5   0.11761
   2034.3   0.11783
   2035.1   0.11805
   2035.8   0.11825
   2036.7   0.11845
   2037.4   0.11873
   2038.3   0.11898
   2039.1   0.11915
   2039.9   0.11936
   2040.7   0.11958
   2041.5   0.11979
   2042.3   0.12000
   2043.1   0.12022
   2043.9   0.12046
   2044.7   0.12069
   2045.5   0.12088
   2046.3   0.12110
   2047.1   0.12134
   2047.9   0.12159
   2048.7   0.12183
   2049.5   0.12206
   2050.3   0.12226
   2051.1   0.12248
   2052.0   0.12270
   2052.8   0.12289
   2053.6   0.12313
   2054.4   0.12339
   2055.2   0.12360
   2056.0   0.12380
   2056.9   0.12405
   2057.7   0.12430
   2058.5   0.12452
   2059.3   0.12476
   2060.1   0.12498
   2060.9   0.12518
   2061.8   0.12541
   2062.6   0.12564
   2063.4   0.12585
   2064.2   0.12610
   2065.0   0.12633
   2065.9   0.12656
   2066.7   0.12678
   2067.5   0.12700
   2068.3   0.12723
   2069.2   0.12744
   2070.0   0.12770
   2070.8   0.12798
   2071.6   0.12819
   2072.5   0.12840
   2073.3   0.12864
   2074.1   0.12888
   2075.0   0.12912
   2075.8   0.12935
   2076.6   0.12962
   2077.4   0.12986
   2078.3   0.13007
   2079.1   0.13030
   2079.9   0.13055
   2080.8   0.13076
   2081.6   0.13100
   2082.5   0.13123
   2083.3   0.13147
   2084.1   0.13172
   2085.0   0.13196
   2085.8   0.13217
   2086.6   0.13240
   2087.5   0.13266
   2088.3   0.13288
   2089.2   0.13311
   2090.0   0.13338
   2090.9   0.13363
   2091.7   0.13383
   2092.6   0.13408
   2093.4   0.13432
   2094.2   0.13457
   2095.1   0.13478
   2095.9   0.13501
   2096.8   0.13527
   2097.6   0.13550
   2098.5   0.13575
   2099.3   0.13602
   2100.2   0.13626
   2101.0   0.13645
   2101.9   0.13666
   2102.7   0.13690
   2103.6   0.13716
   2104.4   0.13740
   2105.3   0.13766
   2106.1   0.13793
   2107.0   0.13817
   2107.9   0.13841
   2108.7   0.13866
   2109.6   0.13887
   2110.4   0.13912
   2111.3   0.13936
   2112.1   0.13957
   2113.0   0.13981
   2113.9   0.14005
   2114.7   0.14032
   2115.6   0.14058
   2116.5   0.14082
   2117.3   0.14106
   2118.2   0.14130
   2119.1   0.14153
   2119.9   0.14173
   2120.8   0.14195
   2121.7   0.14219
   2122.5   0.14244
   2123.4   0.14270
   2124.3   0.14295
   2125.1   0.14319
   2126.0   0.14342
   2126.9   0.14365
   2127.8   0.14390
   2128.6   0.14413
   2129.5   0.14435
   2130.4   0.14459
   2131.3   0.14481
   2132.1   0.14503
   2133.0   0.14528
   2133.9   0.14554
   2134.8   0.14577
   2135.6   0.14600
   2136.5   0.14626
   2137.4   0.14648
   2138.3   0.14669
   2139.2   0.14693
   2140.1   0.14716
   2140.9   0.14734
   2141.8   0.14753
   2142.7   0.14775
   2143.6   0.14798
   2144.5   0.14821
   2145.4   0.14848
   2146.3   0.14875
   2147.1   0.14902
   2148.0   0.14929
   2148.9   0.14951
   2149.8   0.14976
   2150.7   0.15000
   2151.6   0.15021
   2152.5   0.15048
   2153.4   0.15074
   2154.3   0.15097
   2155.2   0.15118
   2156.1   0.15138
   2157.0   0.15161
   2157.9   0.15186
   2158.8   0.15210
   2159.7   0.15233
   2160.6   0.15255
   2161.5   0.15276
   2162.4   0.15298
   2163.3   0.15320
   2164.2   0.15343
   2165.1   0.15367
   2166.0   0.15391
   2166.9   0.15415
   2167.8   0.15437
   2168.7   0.15459
   2169.6   0.15484
   2170.5   0.15509
   2171.4   0.15534
   2172.3   0.15557
   2173.2   0.15579
   2174.1   0.15605
   2175.1   0.15630
   2176.0   0.15653
   2176.9   0.15678
   2177.8   0.15705
   2178.7   0.15729
   2179.6   0.15753
   2180.6   0.15776
   2181.5   0.15800
   2182.4   0.15824
   2183.3   0.15846
   2184.2   0.15866
   2185.1   0.15888
   2186.1   0.15910
   2187.0   0.15930
   2187.9   0.15951
   2188.8   0.15976
   2189.8   0.16000
   2190.7   0.16024
   2191.6   0.16050
   2192.5   0.16073
   2193.5   0.16095
   2194.4   0.16121
   2195.3   0.16145
   2196.3   0.16164
   2197.2   0.16185
   2198.1   0.16211
   2199.1   0.16235
   2200.0   0.16260
   2200.9   0.16283
   2201.9   0.16302
   2202.8   0.16324
   2203.7   0.16347
   2204.7   0.16371
   2205.6   0.16393
   2206.5   0.16413
   2207.5   0.16435
   2208.4   0.16458
   2209.4   0.16482
   2210.3   0.16504
   2211.2   0.16523
   2212.2   0.16545
   2213.1   0.16565
   2214.1   0.16583
   2215.0   0.16605
   2216.0   0.16629
   2216.9   0.16650
   2217.9   0.16671
   2218.8   0.16693
   2219.8   0.16714
   2220.7   0.16734
   2221.7   0.16753
   2222.6   0.16778
   2223.6   0.16804
   2224.5   0.16825
   2225.5   0.16840
   2226.4   0.16860
   2227.4   0.16883
   2228.4   0.16907
   2229.3   0.16925
   2230.3   0.16944
   2231.2   0.16969
   2232.2   0.16990
   2233.1   0.17008
   2234.1   0.17028
   2235.1   0.17050
   2236.0   0.17071
   2237.0   0.17090
   2238.0   0.17112
   2238.9   0.17134
   2239.9   0.17154
   2240.9   0.17174
   2241.8   0.17196
   2242.8   0.17216
   2243.8   0.17233
   2244.8   0.17252
   2245.7   0.17271
   2246.7   0.17294
   2247.7   0.17315
   2248.6   0.17330
   2249.6   0.17350
   2250.6   0.17373
   2251.6   0.17392
   2252.6   0.17411
   2253.5   0.17430
   2254.5   0.17451
   2255.5   0.17472
   2256.5   0.17492
   2257.4   0.17512
   2258.4   0.17531
   2259.4   0.17548
   2260.4   0.17564
   2261.4   0.17584
   2262.4   0.17602
   2263.4   0.17622
   2264.4   0.17644
   2265.3   0.17661
   2266.3   0.17675
   2267.3   0.17694
   2268.3   0.17715
   2269.3   0.17735
   2270.3   0.17756
   2271.3   0.17775
   2272.3   0.17793
   2273.3   0.17811
   2274.3   0.17826
   2275.3   0.17846
   2276.3   0.17867
   2277.3   0.17885
   2278.3   0.17903
   2279.3   0.17923
   2280.3   0.17940
   2281.3   0.17955
   2282.3   0.17974
   2283.3   0.17994
   2284.3   0.18015
   2285.3   0.18038
   2286.3   0.18056
   2287.3   0.18069
   2288.3   0.18083
   2289.4   0.18099
   2290.4   0.18115
   2291.4   0.18133
   2292.4   0.18150
   2293.4   0.18168
   2294.4   0.18190
   2295.4   0.18209
   2296.4   0.18222
   2297.5   0.18238
   2298.5   0.18256
   2299.5   0.18271
   2300.5   0.18292
   2301.5   0.18311
   2302.6   0.18329
   2303.6   0.18345
   2304.6   0.18358
   2305.6   0.18374
   2306.7   0.18394
   2307.7   0.18413
   2308.7   0.18428
   2309.8   0.18447
   2310.8   0.18465
   2311.8   0.18480
   2312.8   0.18495
   2313.9   0.18511
   2314.9   0.18526
   2315.9   0.18546
   2317.0   0.18572
   2318.0   0.18592
   2319.1   0.18612
   2320.1   0.18632
   2321.1   0.18651
   2322.2   0.18667
   2323.2   0.18685
   2324.2   0.18702
   2325.3   0.18718
   2326.3   0.18737
   2327.4   0.18755
   2328.4   0.18771
   2329.5   0.18788
   2330.5   0.18807
   2331.6   0.18823
   2332.6   0.18841
   2333.7   0.18856
   2334.7   0.18871
   2335.8   0.18888
   2336.8   0.18906
   2337.9   0.18922
   2338.9   0.18934
   2340.0   0.18945
   2341.0   0.18958
   2342.1   0.18972
   2343.1   0.18990
   2344.2   0.19008
   2345.3   0.19025
   2346.3   0.19038
   2347.4   0.19049
   2348.5   0.19065
   2349.5   0.19085
   2350.6   0.19103
   2351.6   0.19121
   2352.7   0.19135
   2353.8   0.19153
   2354.9   0.19171
   2355.9   0.19187
   2357.0   0.19203
   2358.1   0.19216
   2359.1   0.19230
   2360.2   0.19248
   2361.3   0.19265
   2362.4   0.19284
   2363.4   0.19302
   2364.5   0.19321
   2365.6   0.19337
   2366.7   0.19350
   2367.8   0.19366
   2368.8   0.19384
   2369.9   0.19402
   2371.0   0.19416
   2372.1   0.19432
   2373.2   0.19450
   2374.3   0.19465
   2375.4   0.19482
   2376.4   0.19498
   2377.5   0.19510
   2378.6   0.19526
   2379.7   0.19545
   2380.8   0.19564
   2381.9   0.19581
   2383.0   0.19598
   2384.1   0.19613
   2385.2   0.19630
   2386.3   0.19649
   2387.4   0.19664
   2388.5   0.19682
   2389.6   0.19696
   2390.7   0.19709
   2391.8   0.19726
   2392.9   0.19744
   2394.0   0.19762
   2395.1   0.19781
   2396.2   0.19799
   2397.3   0.19813
   2398.4   0.19830
   2399.5   0.19850
   2400.6   0.19867
   2401.8   0.19880
   2402.9   0.19896
   2404.0   0.19911
   2405.1   0.19925
   2406.2   0.19942
   2407.3   0.19960
   2408.5   0.19975
   2409.6   0.19989
   2410.7   0.20008
   2411.8   0.20025
   2412.9   0.20038
   2414.1   0.20051
   2415.2   0.20064
   2416.3   0.20080
   2417.4   0.20097
   2418.6   0.20112
   2419.7   0.20125
   2420.8   0.20141
   2422.0   0.20155
   2423.1   0.20172
   2424.2   0.20188
   2425.4   0.20202
   2426.5   0.20216
   2427.6   0.20231
   2428.8   0.20248
   2429.9   0.20262
   2431.0   0.20278
   2432.2   0.20296
   2433.3   0.20310
   2434.5   0.20321
   2435.6   0.20330
   2436.8   0.20344
   2437.9   0.20360
   2439.1   0.20374
   2440.2   0.20387
   2441.3   0.20400
   2442.5   0.20417
   2443.6   0.20434
   2444.8   0.20451
   2445.9   0.20464
   2447.1   0.20478
   2448.3   0.20489
   2449.4   0.20499
   2450.6   0.20513
   2451.7   0.20526
   2452.9   0.20539
   2454.1   0.20550
   2455.2   0.20559
   2456.4   0.20568
   2457.5   0.20579
   2458.7   0.20587
   2459.9   0.20596
   2461.0   0.20605
   2462.2   0.20614
   2463.4   0.20626
   2464.6   0.20640
   2465.7   0.20653
   2466.9   0.20667
   2468.1   0.20679
   2469.2   0.20694
   2470.4   0.20711
   2471.6   0.20728
   2472.8   0.20744
   2474.0   0.20756
   2475.1   0.20769
   2476.3   0.20780
   2477.5   0.20791
   2478.7   0.20809
   2479.9   0.20832
   2481.1   0.20851
   2482.3   0.20871
   2483.4   0.20892
   2484.6   0.20911
   2485.8   0.20931
   2487.0   0.20951
   2488.2   0.20973
   2489.4   0.20995
   2490.6   0.21016
   2491.8   0.21035
   2493.0   0.21051
   2494.2   0.21066
   2495.4   0.21082
   2496.6   0.21095
   2497.8   0.21106
   2499.0   0.21119
   2500.2   0.21133
   2501.4   0.21148
   2502.6   0.21164
   2503.8   0.21181
   2505.0   0.21200
   2506.2   0.21215
   2507.4   0.21228
   2508.7   0.21243
   2509.9   0.21260
   2511.1   0.21276
   2512.3   0.21290
   2513.5   0.21302
   2514.8   0.21317
   2516.0   0.21331
   2517.2   0.21344
   2518.4   0.21355
   2519.6   0.21366
   2520.9   0.21380
   2522.1   0.21396
   2523.3   0.21410
   2524.5   0.21423
   2525.8   0.21436
   2527.0   0.21448
   2528.2   0.21460
   2529.5   0.21473
   2530.7   0.21486
   2531.9   0.21502
   2533.2   0.21518
   2534.4   0.21533
   2535.6   0.21544
   2536.9   0.21555
   2538.1   0.21568
   2539.4   0.21581
   2540.6   0.21592
   2541.9   0.21605
   2543.1   0.21619
   2544.4   0.21631
   2545.6   0.21646
   2546.9   0.21660
   2548.1   0.21674
   2549.4   0.21689
   2550.6   0.21702
   2551.9   0.21716
   2553.1   0.21729
   2554.4   0.21740
   2555.6   0.21750
   2556.9   0.21763
   2558.2   0.21776
   2559.4   0.21789
   2560.7   0.21800
   2562.0   0.21815
   2563.2   0.21827
   2564.5   0.21834
   2565.8   0.21845
   2567.0   0.21860
   2568.3   0.21870
   2569.6   0.21879
   2570.9   0.21898
   2572.1   0.21909
   2573.4   0.21920
   2574.7   0.21938
   2576.0   0.21945
   2577.2   0.21957
   2578.5   0.21974
   2579.8   0.21988
   2581.1   0.21998
   2582.4   0.22006
   2583.7   0.22014
   2584.9   0.22032
   2586.2   0.22043
   2587.5   0.22053
   2588.8   0.22063
   2590.1   0.22074
   2591.4   0.22085
   2592.7   0.22092
   2594.0   0.22094
   2595.3   0.22110
   2596.6   0.22129
   2597.9   0.22139
   2599.2   0.22149
   2600.5   0.22159
   2601.8   0.22172
   2603.1   0.22179
   2604.4   0.22183
   2605.7   0.22195
   2607.0   0.22208
   2608.4   0.22218
   2609.7   0.22231
   2611.0   0.22246
   2612.3   0.22253
   2613.6   0.22255
   2614.9   0.22262
   2616.3   0.22268
   2617.6   0.22283
   2618.9   0.22293
   2620.2   0.22299
   2621.5   0.22314
   2622.9   0.22323
   2624.2   0.22330
   2625.5   0.22338
   2626.9   0.22347
   2628.2   0.22360
   2629.5   0.22364
   2630.9   0.22377
   2632.2   0.22391
   2633.5   0.22399
   2634.9   0.22408
   2636.2   0.22417
   2637.5   0.22429
   2638.9   0.22438
   2640.2   0.22445
   2641.6   0.22450
   2642.9   0.22458
   2644.3   0.22466
   2645.6   0.22474
   2647.0   0.22485
   2648.3   0.22492
   2649.7   0.22501
   2651.0   0.22509
   2652.4   0.22518
   2653.7   0.22527
   2655.1   0.22531
   2656.5   0.22541
   2657.8   0.22553
   2659.2   0.22558
   2660.6   0.22564
   2661.9   0.22570
   2663.3   0.22575
   2664.6   0.22579
   2666.0   0.22587
   2667.4   0.22597
   2668.8   0.22603
   2670.1   0.22608
   2671.5   0.22624
   2672.9   0.22631
   2674.3   0.22637
   2675.6   0.22639
   2677.0   0.22646
   2678.4   0.22654
   2679.8   0.22660
   2681.2   0.22668
   2682.6   0.22672
   2684.0   0.22678
   2685.4   0.22684
   2686.7   0.22687
   2688.1   0.22693
   2689.5   0.22705
   2690.9   0.22710
   2692.3   0.22712
   2693.7   0.22719
   2695.1   0.22729
   2696.5   0.22740
   2697.9   0.22750
   2699.3   0.22754
   2700.7   0.22762
   2702.1   0.22772
   2703.6   0.22778
   2705.0   0.22783
   2706.4   0.22786
   2707.8   0.22784
   2709.2   0.22784
   2710.6   0.22778
   2712.0   0.22780
   2713.4   0.22784
   2714.9   0.22779
   2716.3   0.22773
   2717.7   0.22777
   2719.1   0.22792
   2720.6   0.22789
   2722.0   0.22773
   2723.4   0.22764
   2724.9   0.22766
   2726.3   0.22775
   2727.7   0.22777
   2729.2   0.22774
   2730.6   0.22767
   2732.0   0.22763
   2733.5   0.22761
   2734.9   0.22757
   2736.4   0.22761
   2737.8   0.22755
   2739.3   0.22742
   2740.7   0.22742
   2742.1   0.22746
   2743.6   0.22746
   2745.1   0.22748
   2746.5   0.22750
   2748.0   0.22754
   2749.4   0.22752
   2750.9   0.22751
   2752.3   0.22752
   2753.8   0.22747
   2755.3   0.22741
   2756.7   0.22740
   2758.2   0.22739
   2759.7   0.22734
   2761.1   0.22724
   2762.6   0.22718
   2764.1   0.22720
   2765.6   0.22722
   2767.0   0.22720
   2768.5   0.22719
   2770.0   0.22718
   2771.5   0.22716
   2772.9   0.22712
   2774.4   0.22706
   2775.9   0.22700
   2777.4   0.22691
   2778.9   0.22686
   2780.4   0.22683
   2781.9   0.22678
   2783.4   0.22675
   2784.9   0.22668
   2786.4   0.22661
   2787.9   0.22660
   2789.4   0.22661
   2790.9   0.22657
   2792.4   0.22648
   2793.9   0.22643
   2795.4   0.22640
   2796.9   0.22639
   2798.4   0.22635
   2799.9   0.22626
   2801.4   0.22621
   2802.9   0.22623
   2804.4   0.22621
   2806.0   0.22616
   2807.5   0.22615
   2809.0   0.22609
   2810.5   0.22602
   2812.0   0.22595
   2813.6   0.22594
   2815.1   0.22592
   2816.6   0.22587
   2818.2   0.22580
   2819.7   0.22578
   2821.2   0.22575
   2822.8   0.22570
   2824.3   0.22566
   2825.8   0.22562
   2827.4   0.22559
   2828.9   0.22557
   2830.5   0.22556
   2832.0   0.22550
   2833.6   0.22541
   2835.1   0.22540
   2836.7   0.22541
   2838.2   0.22537
   2839.8   0.22534
   2841.3   0.22526
   2842.9   0.22522
   2844.4   0.22519
   2846.0   0.22515
   2847.6   0.22508
   2849.1   0.22505
   2850.7   0.22505
   2852.3   0.22500
   2853.8   0.22497
   2855.4   0.22493
   2857.0   0.22487
   2858.6   0.22480
   2860.1   0.22480
   2861.7   0.22482
   2863.3   0.22476
   2864.9   0.22468
   2866.4   0.22461
   2868.0   0.22463
   2869.6   0.22465
   2871.2   0.22463
   2872.8   0.22461
   2874.4   0.22458
   2876.0   0.22454
   2877.6   0.22455
   2879.2   0.22450
   2880.8   0.22440
   2882.4   0.22436
   2884.0   0.22436
   2885.6   0.22431
   2887.2   0.22422
   2888.8   0.22420
   2890.4   0.22420
   2892.0   0.22419
   2893.6   0.22419
   2895.3   0.22415
   2896.9   0.22412
   2898.5   0.22408
   2900.1   0.22402
   2901.7   0.22402
   2903.4   0.22403
   2905.0   0.22403
   2906.6   0.22398
   2908.3   0.22395
   2909.9   0.22397
   2911.5   0.22395
   2913.1   0.22393
   2914.8   0.22394
   2916.4   0.22392
   2918.1   0.22391
   2919.7   0.22392
   2921.4   0.22396
   2923.0   0.22390
   2924.6   0.22382
   2926.3   0.22381
   2927.9   0.22384
   2929.6   0.22385
   2931.3   0.22386
   2932.9   0.22382
   2934.6   0.22376
   2936.2   0.22375
   2937.9   0.22374
   2939.6   0.22374
   2941.2   0.22372
   2942.9   0.22369
   2944.6   0.22368
   2946.3   0.22362
   2947.9   0.22360
   2949.6   0.22364
   2951.3   0.22363
   2953.0   0.22362
   2954.6   0.22362
   2956.3   0.22360
   2958.0   0.22364
   2959.7   0.22365
   2961.4   0.22361
   2963.1   0.22359
   2964.8   0.22362
   2966.5   0.22362
   2968.2   0.22358
   2969.9   0.22354
   2971.6   0.22354
   2973.3   0.22358
   2975.0   0.22357
   2976.7   0.22357
   2978.4   0.22359
   2980.1   0.22358
   2981.8   0.22359
   2983.6   0.22358
   2985.3   0.22354
   2987.0   0.22350
   2988.7   0.22349
   2990.4   0.22351
   2992.1   0.22353
   2993.9   0.22351
   2995.6   0.22349
   2997.3   0.22346
   2999.1   0.22341
   3000.8   0.22337
   3002.6   0.22336
   3004.3   0.22335
   3006.0   0.22334
   3007.8   0.22333
   3009.5   0.22333
   3011.3   0.22332
   3013.0   0.22330
   3014.8   0.22325
   3016.5   0.22327
   3018.3   0.22326
   3020.0   0.22321
   3021.8   0.22320
   3023.6   0.22315
   3025.3   0.22309
   3027.1   0.22308
   3028.9   0.22310
   3030.6   0.22306
   3032.4   0.22302
   3034.2   0.22302
   3035.9   0.22305
   3037.7   0.22299
   3039.5   0.22290
   3041.3   0.22290
   3043.1   0.22291
   3044.9   0.22286
   3046.6   0.22281
   3048.4   0.22277
   3050.2   0.22271
   3052.0   0.22266
   3053.8   0.22258
   3055.6   0.22256
   3057.4   0.22259
   3059.2   0.22250
   3061.0   0.22242
   3062.9   0.22244
   3064.7   0.22241
   3066.5   0.22231
   3068.3   0.22224
   3070.1   0.22220
   3071.9   0.22218
   3073.7   0.22215
   3075.6   0.22207
   3077.4   0.22202
   3079.2   0.22200
   3081.1   0.22192
   3082.9   0.22185
   3084.7   0.22184
   3086.6   0.22181
   3088.4   0.22174
   3090.2   0.22169
   3092.1   0.22167
   3093.9   0.22161
   3095.8   0.22158
   3097.6   0.22156
   3099.5   0.22152
   3101.3   0.22147
   3103.2   0.22144
   3105.0   0.22141
   3106.9   0.22142
   3108.8   0.22137
   3110.6   0.22130
   3112.5   0.22125
   3114.4   0.22119
   3116.2   0.22118
   3118.1   0.22120
   3120.0   0.22120
   3121.9   0.22113
   3123.7   0.22105
   3125.6   0.22101
   3127.5   0.22101
   3129.4   0.22097
   3131.3   0.22093
   3133.2   0.22092
   3135.1   0.22089
   3137.0   0.22082
   3138.9   0.22075
   3140.8   0.22068
   3142.7   0.22068
   3144.6   0.22071
   3146.5   0.22073
   3148.4   0.22069
   3150.3   0.22062
   3152.2   0.22055
   3154.1   0.22048
   3156.1   0.22039
   3158.0   0.22029
   3159.9   0.22018
   3161.8   0.22009
   3163.8   0.22006
   3165.7   0.22010
   3167.6   0.22011
   3169.6   0.22014
   3171.5   0.22013
   3173.4   0.22008
   3175.4   0.22008
   3177.3   0.22007
   3179.3   0.22002
   3181.2   0.21998
   3183.2   0.21993
   3185.1   0.21988
   3187.1   0.21986
   3189.1   0.21983
   3191.0   0.21974
   3193.0   0.21967
   3194.9   0.21961
   3196.9   0.21956
   3198.9   0.21951
   3200.9   0.21945
   3202.8   0.21936
   3204.8   0.21922
   3206.8   0.21907
   3208.8   0.21893
   3210.8   0.21875
   3212.8   0.21848
   3214.8   0.21810
   3216.8   0.21771
   3218.7   0.21734
   3220.7   0.21701
   3222.8   0.21687
   3224.8   0.21692
   3226.8   0.21700
   3228.8   0.21705
   3230.8   0.21699
   3232.8   0.21680
   3234.8   0.21640
   3236.8   0.21584
   3238.9   0.21523
   3240.9   0.21468
   3242.9   0.21425
   3244.9   0.21409
   3247.0   0.21423
   3249.0   0.21451
   3251.0   0.21474
   3253.1   0.21485
   3255.1   0.21478
   3257.2   0.21455
   3259.2   0.21425
   3261.3   0.21383
   3263.3   0.21338
   3265.4   0.21308
   3267.4   0.21288
   3269.5   0.21285
   3271.5   0.21304
   3273.6   0.21336
   3275.7   0.21373
   3277.8   0.21402
   3279.8   0.21424
   3281.9   0.21438
   3284.0   0.21445
   3286.1   0.21433
   3288.1   0.21406
   3290.2   0.21370
   3292.3   0.21326
   3294.4   0.21275
   3296.5   0.21220
   3298.6   0.21163
   3300.7   0.21111
   3302.8   0.21076
   3304.9   0.21058
   3307.0   0.21063
   3309.1   0.21097
   3311.2   0.21149
   3313.4   0.21210
   3315.5   0.21265
   3317.6   0.21311
   3319.7   0.21353
   3321.8   0.21377
   3324.0   0.21376
   3326.1   0.21354
   3328.2   0.21321
   3330.4   0.21291
   3332.5   0.21277
   3334.7   0.21291
   3336.8   0.21322
   3338.9   0.21356
   3341.1   0.21380
   3343.3   0.21388
   3345.4   0.21382
   3347.6   0.21375
   3349.7   0.21362
   3351.9   0.21338
   3354.1   0.21312
   3356.2   0.21269
   3358.4   0.21223
   3360.6   0.21181
   3362.8   0.21142
   3364.9   0.21092
   3367.1   0.21025
   3369.3   0.20958
   3371.5   0.20900
   3373.7   0.20854
   3375.9   0.20822
   3378.1   0.20800
   3380.3   0.20780
   3382.5   0.20761
   3384.7   0.20744
   3386.9   0.20727
   3389.1   0.20702
   3391.4   0.20673
   3393.6   0.20645
   3395.8   0.20609
   3398.0   0.20564
   3400.3   0.20512
   3402.5   0.20462
   3404.7   0.20410
   3407.0   0.20355
   3409.2   0.20303
   3411.4   0.20254
   3413.7   0.20219
   3415.9   0.20192
   3418.2   0.20175
   3420.4   0.20168
   3422.7   0.20170
   3425.0   0.20178
   3427.2   0.20195
   3429.5   0.20219
   3431.8   0.20250
   3434.0   0.20280
   3436.3   0.20305
   3438.6   0.20323
   3440.9   0.20340
   3443.2   0.20356
   3445.4   0.20374
   3447.7   0.20397
   3450.0   0.20420
   3452.3   0.20446
   3454.6   0.20465
   3456.9   0.20481
   3459.2   0.20497
   3461.5   0.20509
   3463.9   0.20519
   3466.2   0.20527
   3468.5   0.20533
   3470.8   0.20535
   3473.1   0.20537
   3475.5   0.20540
   3477.8   0.20533
   3480.1   0.20526
   3482.5   0.20523
   3484.8   0.20511
   3487.1   0.20495
   3489.5   0.20475
   3491.9   0.20449
   3494.2   0.20410
   3496.6   0.20364
   3498.9   0.20319
   3501.3   0.20283
   3503.6   0.20257
   3506.0   0.20241
   3508.4   0.20241
   3510.8   0.20256
   3513.1   0.20291
   3515.5   0.20338
   3517.9   0.20391
   3520.3   0.20447
   3522.7   0.20507
   3525.1   0.20567
   3527.5   0.20622
   3529.9   0.20670
   3532.3   0.20705
   3534.7   0.20729
   3537.1   0.20746
   3539.5   0.20759
   3541.9   0.20767
   3544.4   0.20770
   3546.8   0.20766
   3549.2   0.20761
   3551.6   0.20766
   3554.1   0.20769
   3556.5   0.20767
   3558.9   0.20759
   3561.4   0.20752
   3563.8   0.20745
   3566.3   0.20739
   3568.8   0.20741
   3571.2   0.20740
   3573.7   0.20733
   3576.1   0.20729
   3578.6   0.20730
   3581.1   0.20722
   3583.6   0.20711
   3586.0   0.20705
   3588.5   0.20702
   3591.0   0.20694
   3593.5   0.20682
   3596.0   0.20668
   3598.5   0.20658
   3601.0   0.20651
   3603.5   0.20641
   3606.0   0.20636
   3608.5   0.20634
   3611.0   0.20630
   3613.5   0.20618
   3616.0   0.20607
   3618.6   0.20600
   3621.1   0.20590
   3623.6   0.20572
   3626.1   0.20554
   3628.7   0.20545
   3631.2   0.20540
   3633.8   0.20529
   3636.3   0.20519
   3638.9   0.20506
   3641.4   0.20500
   3644.0   0.20491
   3646.6   0.20474
   3649.1   0.20459
   3651.7   0.20445
   3654.3   0.20427
   3656.8   0.20412
   3659.4   0.20397
   3662.0   0.20386
   3664.6   0.20376
   3667.2   0.20364
   3669.8   0.20351
   3672.4   0.20336
   3675.0   0.20319
   3677.6   0.20305
   3680.2   0.20295
   3682.8   0.20289
   3685.4   0.20282
   3688.0   0.20271
   3690.7   0.20264
   3693.3   0.20246
   3695.9   0.20231
   3698.6   0.20224
   3701.2   0.20214
   3703.9   0.20204
   3706.5   0.20190
   3709.1   0.20176
   3711.8   0.20165
   3714.5   0.20154
   3717.1   0.20138
   3719.8   0.20127
   3722.5   0.20114
   3725.1   0.20101
   3727.8   0.20090
   3730.5   0.20073
   3733.2   0.20059
   3735.9   0.20045
   3738.6   0.20029
   3741.3   0.20016
   3744.0   0.20006
   3746.7   0.19992
   3749.4   0.19978
   3752.1   0.19965
   3754.8   0.19952
   3757.5   0.19941
   3760.3   0.19922
   3763.0   0.19902
   3765.7   0.19892
   3768.4   0.19880
   3771.2   0.19869
   3773.9   0.19855
   3776.7   0.19838
   3779.4   0.19821
   3782.2   0.19806
   3784.9   0.19794
   3787.7   0.19784
   3790.5   0.19765
   3793.3   0.19746
   3796.0   0.19732
   3798.8   0.19713
   3801.6   0.19697
   3804.4   0.19688
   3807.2   0.19668
   3810.0   0.19650
   3812.8   0.19638
   3815.6   0.19627
   3818.4   0.19612
   3821.2   0.19598
   3824.0   0.19585
   3826.9   0.19568
   3829.7   0.19548
   3832.5   0.19533
   3835.3   0.19515
   3838.2   0.19494
   3841.0   0.19476
   3843.9   0.19462
   3846.7   0.19456
   3849.6   0.19438
   3852.4   0.19417
   3855.3   0.19408
   3858.2   0.19397
   3861.0   0.19379
   3863.9   0.19353
   3866.8   0.19326
   3869.7   0.19310
   3872.6   0.19300
   3875.5   0.19281
   3878.4   0.19263
   3881.3   0.19250
   3884.2   0.19237
   3887.1   0.19221
   3890.0   0.19203
   3892.9   0.19195
   3895.9   0.19177
   3898.8   0.19154
   3901.7   0.19134
   3904.7   0.19110
   3907.6   0.19090
   3910.6   0.19073
   3913.5   0.19067
   3916.4   0.19051
   3919.4   0.19036
   3922.4   0.19022
   3925.4   0.18999
   3928.3   0.18986
   3931.3   0.18968
   3934.3   0.18947
   3937.3   0.18931
   3940.3   0.18920
   3943.3   0.18911
   3946.3   0.18888
   3949.3   0.18859
   3952.3   0.18840
   3955.3   0.18822
   3958.3   0.18801
   3961.4   0.18780
   3964.4   0.18762
   3967.4   0.18740
   3970.5   0.18718
   3973.5   0.18696
   3976.6   0.18678
   3979.6   0.18661
   3982.6   0.18644
   3985.7   0.18626
   3988.8   0.18609
   3991.9   0.18589
   3994.9   0.18571
   3998.0   0.18554
   4001.1   0.18535
   4004.2   0.18515
   4007.3   0.18492
   4010.4   0.18468
   4013.5   0.18450
   4016.6   0.18431
   4019.7   0.18412
   4022.8   0.18393
   4025.9   0.18373
   4029.1   0.18350
   4032.2   0.18330
   4035.3   0.18310
   4038.5   0.18294
   4041.6   0.18276
   4044.8   0.18256
   4047.9   0.18238
   4051.1   0.18220
   4054.3   0.18199
   4057.4   0.18178
   4060.6   0.18156
   4063.8   0.18135
   4067.0   0.18114
   4070.2   0.18094
   4073.4   0.18074
   4076.6   0.18053
   4079.8   0.18033
   4083.0   0.18012
   4086.2   0.17989
   4089.4   0.17969
   4092.7   0.17950
   4095.9   0.17930
   4099.1   0.17906
   4102.4   0.17886
   4105.6   0.17865
   4108.9   0.17846
   4112.1   0.17826
   4115.4   0.17807
   4118.7   0.17784
   4122.0   0.17763
   4125.2   0.17742
   4128.5   0.17723
   4131.8   0.17705
   4135.1   0.17684
   4138.4   0.17661
   4141.7   0.17641
   4145.0   0.17621
   4148.3   0.17601
   4151.6   0.17579
   4155.0   0.17556
   4158.3   0.17535
   4161.6   0.17517
   4165.0   0.17496
   4168.3   0.17474
   4171.7   0.17452
   4175.0   0.17430
   4178.4   0.17407
   4181.8   0.17386
   4185.2   0.17365
   4188.5   0.17345
   4191.9   0.17325
   4195.3   0.17305
   4198.7   0.17286
   4202.1   0.17267
   4205.5   0.17248
   4208.9   0.17226
   4212.4   0.17201
   4215.8   0.17178
   4219.2   0.17155
   4222.6   0.17130
   4226.1   0.17105
   4229.5   0.17084
   4233.0   0.17060
   4236.5   0.17035
   4239.9   0.17013
   4243.4   0.16996
   4246.9   0.16976
   4250.3   0.16955
   4253.8   0.16936
   4257.3   0.16917
   4260.8   0.16892
   4264.3   0.16868
   4267.8   0.16841
   4271.4   0.16813
   4274.9   0.16786
   4278.4   0.16764
   4281.9   0.16743
   4285.5   0.16723
   4289.0   0.16706
   4292.6   0.16689
   4296.1   0.16671
   4299.7   0.16655
   4303.3   0.16637
   4306.8   0.16619
   4310.4   0.16596
   4314.0   0.16572
   4317.6   0.16548
   4321.2   0.16524
   4324.8   0.16504
   4328.4   0.16485
   4332.0   0.16466
   4335.6   0.16449
   4339.3   0.16431
   4342.9   0.16411
   4346.5   0.16390
   4350.2   0.16370
   4353.8   0.16348
   4357.5   0.16325
   4361.1   0.16302
   4364.8   0.16280
   4368.5   0.16259
   4372.2   0.16239
   4375.9   0.16217
   4379.6   0.16197
   4383.3   0.16176
   4387.0   0.16156
   4390.7   0.16132
   4394.4   0.16110
   4398.1   0.16086
   4401.9   0.16064
   4405.6   0.16043
   4409.4   0.16022
   4413.1   0.15999
   4416.9   0.15977
   4420.6   0.15956
   4424.4   0.15936
   4428.2   0.15914
   4432.0   0.15895
   4435.8   0.15874
   4439.6   0.15856
   4443.4   0.15837
   4447.2   0.15818
   4451.0   0.15799
   4454.8   0.15780
   4458.6   0.15758
   4462.5   0.15737
   4466.3   0.15718
   4470.2   0.15701
   4474.0   0.15682
   4477.9   0.15658
   4481.8   0.15636
   4485.6   0.15617
   4489.5   0.15594
   4493.4   0.15573
   4497.3   0.15552
   4501.2   0.15533
   4505.1   0.15513
   4509.0   0.15493
   4513.0   0.15473
   4516.9   0.15454
   4520.8   0.15433
   4524.8   0.15410
   4528.7   0.15388
   4532.7   0.15368
   4536.7   0.15348
   4540.6   0.15326
   4544.6   0.15303
   4548.6   0.15278
   4552.6   0.15252
   4556.6   0.15229
   4560.6   0.15205
   4564.6   0.15182
   4568.6   0.15159
   4572.7   0.15136
   4576.7   0.15113
   4580.8   0.15092
   4584.8   0.15067
   4588.9   0.15045
   4592.9   0.15023
   4597.0   0.14998
   4601.1   0.14974
   4605.2   0.14952
   4609.3   0.14928
   4613.4   0.14903
   4617.5   0.14878
   4621.6   0.14853
   4625.7   0.14825
   4629.8   0.14803
   4634.0   0.14780
   4638.1   0.14753
   4642.3   0.14728
   4646.4   0.14704
   4650.6   0.14680
   4654.8   0.14658
   4659.0   0.14631
   4663.1   0.14604
   4667.3   0.14577
   4671.5   0.14553
   4675.8   0.14529
   4680.0   0.14501
   4684.2   0.14471
   4688.4   0.14447
   4692.7   0.14423
   4696.9   0.14398
   4701.2   0.14373
   4705.5   0.14347
   4709.7   0.14323
   4714.0   0.14297
   4718.3   0.14269
   4722.6   0.14243
   4726.9   0.14219
   4731.2   0.14195
   4735.5   0.14168
   4739.9   0.14143
   4744.2   0.14116
   4748.5   0.14089
   4752.9   0.14062
   4757.3   0.14034
   4761.6   0.14008
   4766.0   0.13986
   4770.4   0.13963
   4774.8   0.13938
   4779.2   0.13913
   4783.6   0.13891
   4788.0   0.13867
   4792.4   0.13844
   4796.9   0.13820
   4801.3   0.13796
   4805.8   0.13772
   4810.2   0.13746
   4814.7   0.13721
   4819.1   0.13697
   4823.6   0.13671
   4828.1   0.13645
   4832.6   0.13618
   4837.1   0.13593
   4841.6   0.13569
   4846.2   0.13544
   4850.7   0.13516
   4855.3   0.13489
   4859.8   0.13463
   4864.4   0.13436
   4868.9   0.13409
   4873.5   0.13384
   4878.1   0.13356
   4882.7   0.13330
   4887.3   0.13302
   4891.9   0.13273
   4896.5   0.13245
   4901.1   0.13219
   4905.8   0.13193
   4910.4   0.13168
   4915.1   0.13141
   4919.7   0.13113
   4924.4   0.13084
   4929.1   0.13055
   4933.8   0.13029
   4938.5   0.13002
   4943.2   0.12973
   4947.9   0.12945
   4952.6   0.12916
   4957.4   0.12889
   4962.1   0.12865
   4966.9   0.12839
   4971.6   0.12813
   4976.4   0.12789
   4981.2   0.12761
   4986.0   0.12736
   4990.8   0.12712
   4995.6   0.12688
   5000.4   0.12661
   5005.2   0.12636
   5010.0   0.12611
   5014.9   0.12585
   5019.8   0.12557
   5024.6   0.12532
   5029.5   0.12505
   5034.4   0.12479
   5039.3   0.12455
   5044.2   0.12435
   5049.1   0.12415
   5054.0   0.12393
   5058.9   0.12370
   5063.9   0.12350
   5068.8   0.12326
   5073.8   0.12300
   5078.8   0.12274
   5083.7   0.12250
   5088.7   0.12225
   5093.7   0.12199
   5098.7   0.12174
   5103.7   0.12152
   5108.8   0.12132
   5113.8   0.12111
   5118.9   0.12091
   5123.9   0.12070
   5129.0   0.12048
   5134.1   0.12026
   5139.1   0.12004
   5144.3   0.11983
   5149.4   0.11964
   5154.5   0.11951
   5159.6   0.11943
   5164.7   0.11937
   5169.9   0.11935
   5175.0   0.11935
   5180.2   0.11928
   5185.4   0.11918
   5190.6   0.11907
   5195.8   0.11895
   5201.0   0.11881
   5206.2   0.11865
   5211.5   0.11850
   5216.7   0.11833
   5222.0   0.11812
   5227.2   0.11791
   5232.5   0.11768
   5237.8   0.11747
   5243.1   0.11725
   5248.4   0.11699
   5253.7   0.11673
   5259.0   0.11648
   5264.4   0.11621
   5269.7   0.11596
   5275.1   0.11571
   5280.5   0.11544
   5285.8   0.11518
   5291.2   0.11494
   5296.6   0.11470
   5302.0   0.11450
   5307.5   0.11431
   5312.9   0.11415
   5318.4   0.11401
   5323.8   0.11389
   5329.3   0.11378
   5334.8   0.11364
   5340.3   0.11352
   5345.8   0.11346
   5351.3   0.11341
   5356.8   0.11341
   5362.4   0.11346
   5367.9   0.11355
   5373.5   0.11366
   5379.0   0.11377
   5384.6   0.11386
   5390.2   0.11394
   5395.8   0.11399
   5401.5   0.11403
   5407.1   0.11403
   5412.7   0.11400
   5418.4   0.11395
   5424.1   0.11390
   5429.7   0.11382
   5435.4   0.11375
   5441.1   0.11368
   5446.9   0.11362
   5452.6   0.11351
   5458.3   0.11340
   5464.1   0.11331
   5469.8   0.11320
   5475.6   0.11305
   5481.4   0.11293
   5487.2   0.11278
   5493.0   0.11263
   5498.8   0.11247
   5504.7   0.11234
   5510.5   0.11218
   5516.4   0.11200
   5522.3   0.11182
   5528.1   0.11163
   5534.0   0.11144
   5540.0   0.11128
   5545.9   0.11112
   5551.8   0.11096
   5557.8   0.11083
   5563.7   0.11073
   5569.7   0.11066
   5575.7   0.11060
   5581.7   0.11053
   5587.7   0.11046
   5593.7   0.11037
   5599.8   0.11027
   5605.8   0.11014
   5611.9   0.10998
   5618.0   0.10980
   5624.1   0.10962
   5630.2   0.10943
   5636.3   0.10926
   5642.4   0.10908
   5648.6   0.10895
   5654.7   0.10881
   5660.9   0.10865
   5667.1   0.10844
   5673.3   0.10823
   5679.5   0.10803
   5685.7   0.10784
   5692.0   0.10762
   5698.2   0.10739
   5704.5   0.10713
   5710.8   0.10686
   5717.1   0.10659
   5723.4   0.10634
   5729.7   0.10609
   5736.0   0.10587
   5742.4   0.10567
   5748.8   0.10551
   5755.1   0.10538
   5761.5   0.10522
   5768.0   0.10506
   5774.4   0.10495
   5780.8   0.10482
   5787.3   0.10468
   5793.7   0.10451
   5800.2   0.10436
   5806.7   0.10423
   5813.2   0.10413
   5819.8   0.10407
   5826.3   0.10404
   5832.8   0.10398
   5839.4   0.10391
   5846.0   0.10381
   5852.6   0.10369
   5859.2   0.10353
   5865.8   0.10335
   5872.5   0.10318
   5879.1   0.10297
   5885.8   0.10279
   5892.5   0.10265
   5899.2   0.10248
   5905.9   0.10231
   5912.6   0.10209
   5919.4   0.10183
   5926.2   0.10156
   5932.9   0.10128
   5939.7   0.10100
   5946.5   0.10079
   5953.4   0.10056
   5960.2   0.10029
   5967.1   0.10002
   5974.0   0.09980
   5980.8   0.09957
   5987.8   0.09934
   5994.7   0.09914
   6001.6   0.09899
   6008.6   0.09882
   6015.5   0.09867
   6022.5   0.09855
   6029.5   0.09843
   6036.5   0.09829
   6043.6   0.09810
   6050.6   0.09789
   6057.7   0.09779
   6064.8   0.09765
   6071.9   0.09744
   6079.0   0.09725
   6086.1   0.09707
   6093.3   0.09687
   6100.5   0.09668
   6107.6   0.09645
   6114.8   0.09621
   6122.1   0.09600
   6129.3   0.09579
   6136.5   0.09558
   6143.8   0.09536
   6151.1   0.09512
   6158.4   0.09490
   6165.7   0.09470
   6173.1   0.09453
   6180.4   0.09428
   6187.8   0.09404
   6195.2   0.09381
   6202.6   0.09350
   6210.0   0.09305
   6217.5   0.09248
   6225.0   0.09177
   6232.4   0.09109
   6239.9   0.09064
   6247.5   0.09050
   6255.0   0.09068
   6262.5   0.09103
   6270.1   0.09136
   6277.7   0.09161
   6285.3   0.09174
   6292.9   0.09180
   6300.6   0.09162
   6308.3   0.09124
   6315.9   0.09095
   6323.6   0.09106
   6331.4   0.09142
   6339.1   0.09163
   6346.9   0.09170
   6354.6   0.09174
   6362.4   0.09172
   6370.3   0.09168
   6378.1   0.09160
   6385.9   0.09149
   6393.8   0.09137
   6401.7   0.09124
   6409.6   0.09104
   6417.6   0.09090
   6425.5   0.09081
   6433.5   0.09066
   6441.5   0.09049
   6449.5   0.09031
   6457.5   0.09011
   6465.6   0.08994
   6473.6   0.08972
   6481.7   0.08952
   6489.8   0.08932
   6498.0   0.08923
   6506.1   0.08920
   6514.3   0.08910
   6522.5   0.08901
   6530.7   0.08898
   6539.0   0.08890
   6547.2   0.08881
   6555.5   0.08870
   6563.8   0.08856
   6572.1   0.08839
   6580.4   0.08829
   6588.8   0.08815
   6597.2   0.08800
   6605.6   0.08783
   6614.0   0.08767
   6622.5   0.08747
   6630.9   0.08719
   6639.4   0.08687
   6647.9   0.08656
   6656.5   0.08613
   6665.0   0.08548
   6673.6   0.08459
   6682.2   0.08360
   6690.8   0.08283
   6699.5   0.08252
   6708.1   0.08265
   6716.8   0.08307
   6725.5   0.08345
   6734.3   0.08374
   6743.0   0.08390
   6751.8   0.08392
   6760.6   0.08382
   6769.4   0.08363
   6778.3   0.08334
   6787.1   0.08295
   6796.0   0.08255
   6805.0   0.08217
   6813.9   0.08173
   6822.9   0.08130
   6831.9   0.08083
   6840.9   0.08035
   6849.9   0.07974
   6859.0   0.07888
   6868.0   0.07779
   6877.2   0.07698
   6886.3   0.07654
   6895.5   0.07640
   6904.6   0.07627
   6913.8   0.07613
   6923.1   0.07603
   6932.3   0.07599
   6941.6   0.07597
   6950.9   0.07591
   6960.2   0.07584
   6969.6   0.07590
   6979.0   0.07594
   6988.4   0.07592
   6997.8   0.07587
   7007.3   0.07582
   7016.8   0.07575
   7026.3   0.07563
   7035.8   0.07548
   7045.4   0.07538
   7054.9   0.07532
   7064.5   0.07529
   7074.2   0.07523
   7083.9   0.07513
   7093.5   0.07505
   7103.3   0.07497
   7113.0   0.07485
   7122.8   0.07476
   7132.6   0.07463
   7142.4   0.07449
   7152.2   0.07434
   7162.1   0.07419
   7172.0   0.07400
   7182.0   0.07379
   7191.9   0.07352
   7201.9   0.07321
   7211.9   0.07288
   7222.0   0.07259
   7232.0   0.07231
   7242.1   0.07207
   7252.3   0.07183
   7262.4   0.07160
   7272.6   0.07138
   7282.8   0.07123
   7293.1   0.07113
   7303.3   0.07107
   7313.6   0.07098
   7324.0   0.07090
   7334.3   0.07082
   7344.7   0.07075
   7355.1   0.07068
   7365.6   0.07061
   7376.1   0.07051
   7386.6   0.07040
   7397.1   0.07026
   7407.7   0.07013
   7418.3   0.07001
   7428.9   0.06990
   7439.6   0.06979
   7450.2   0.06971
   7461.0   0.06961
   7471.7   0.06950
   7482.5   0.06936
   7493.3   0.06918
   7504.1   0.06901
   7515.0   0.06881
   7525.9   0.06861
   7536.9   0.06851
   7547.9   0.06845
   7558.9   0.06837
   7569.9   0.06825
   7581.0   0.06816
   7592.0   0.06804
   7603.2   0.06787
   7614.4   0.06773
   7625.5   0.06763
   7636.8   0.06753
   7648.0   0.06747
   7659.3   0.06738
   7670.7   0.06735
   7682.0   0.06730
   7693.4   0.06723
   7704.9   0.06713
   7716.3   0.06703
   7727.8   0.06689
   7739.4   0.06679
   7750.9   0.06666
   7762.5   0.06653
   7774.2   0.06640
   7785.8   0.06627
   7797.5   0.06612
   7809.3   0.06600
   7821.1   0.06588
   7832.9   0.06575
   7844.7   0.06561
   7856.6   0.06549
   7868.5   0.06537
   7880.5   0.06522
   7892.5   0.06505
   7904.5   0.06489
   7916.6   0.06473
   7928.7   0.06464
   7940.8   0.06458
   7953.0   0.06446
   7965.2   0.06430
   7977.5   0.06416
   7989.8   0.06399
   8002.1   0.06383
   8014.5   0.06367
   8026.9   0.06353
   8039.3   0.06341
   8051.8   0.06330
   8064.3   0.06316
   8076.9   0.06307
   8089.5   0.06300
   8102.1   0.06291
   8114.8   0.06279
   8127.5   0.06273
   8140.3   0.06266
   8153.1   0.06260
   8165.9   0.06252
   8178.8   0.06245
   8191.7   0.06238
   8204.7   0.06230
   8217.7   0.06218
   8230.7   0.06204
   8243.8   0.06187
   8257.0   0.06168
   8270.1   0.06145
   8283.3   0.06120
   8296.6   0.06092
   8309.9   0.06062
   8323.2   0.06032
   8336.6   0.06004
   8350.0   0.05972
   8363.5   0.05945
   8377.0   0.05921
   8390.5   0.05904
   8404.2   0.05893
   8417.8   0.05887
   8431.5   0.05876
   8445.2   0.05856
   8459.0   0.05834
   8472.8   0.05824
   8486.7   0.05825
   8500.6   0.05833
   8514.5   0.05835
   8528.5   0.05832
   8542.6   0.05827
   8556.7   0.05826
   8570.8   0.05821
   8585.0   0.05816
   8599.3   0.05813
   8613.5   0.05811
   8627.9   0.05802
   8642.3   0.05793
   8656.7   0.05793
   8671.2   0.05810
   8685.7   0.05838
   8700.3   0.05870
   8714.9   0.05896
   8729.5   0.05918
   8744.3   0.05939
   8759.0   0.05960
   8773.9   0.05979
   8788.7   0.05995
   8803.7   0.06011
   8818.6   0.06025
   8833.7   0.06035
   8848.7   0.06045
   8863.8   0.06053
   8879.0   0.06056
   8894.3   0.06052
   8909.5   0.06048
   8924.9   0.06045
   8940.3   0.06044
   8955.7   0.06041
   8971.2   0.06036
   8986.8   0.06030
   9002.3   0.06025
   9018.0   0.06018
   9033.7   0.06010
   9049.5   0.05999
   9065.3   0.05983
   9081.2   0.05962
   9097.1   0.05934
   9113.1   0.05904
   9129.1   0.05875
   9145.2   0.05845
   9161.4   0.05813
   9177.6   0.05778
   9193.9   0.05742
   9210.2   0.05700
   9226.6   0.05656
   9243.0   0.05610
   9259.5   0.05566
   9276.1   0.05521
   9292.7   0.05474
   9309.4   0.05426
   9326.2   0.05381
   9343.0   0.05341
   9359.8   0.05304
   9376.8   0.05268
   9393.8   0.05235
   9410.8   0.05202
   9427.9   0.05171
   9445.1   0.05144
   9462.3   0.05121
   9479.6   0.05103
   9497.0   0.05089
   9514.4   0.05067
   9531.9   0.05052
   9549.4   0.05040
   9567.0   0.05020
   9584.7   0.04998
   9602.5   0.04977
   9620.3   0.04951
   9638.2   0.04924
   9656.1   0.04889
   9674.2   0.04844
   9692.2   0.04799
   9710.4   0.04763
   9728.6   0.04740
   9746.9   0.04730
   9765.2   0.04723
   9783.7   0.04719
   9802.2   0.04710
   9820.7   0.04700
   9839.4   0.04689
   9858.1   0.04679
   9876.8   0.04665
   9895.7   0.04647
   9914.6   0.04626
   9933.6   0.04602
   9952.7   0.04575
   9971.8   0.04551
   9991.0   0.04535
  10010.3   0.04525
  10029.7   0.04506
  10049.1   0.04476
  10068.6   0.04441
  10088.2   0.04410
  10107.9   0.04376
  10127.6   0.04347
  10147.5   0.04319
  10167.3   0.04292
  10187.3   0.04273
  10207.4   0.04263
  10227.5   0.04259
  10247.7   0.04263
  10268.0   0.04266
  10288.4   0.04267
  10308.8   0.04273
  10329.4   0.04274
  10350.0   0.04270
  10370.7   0.04267
  10391.5   0.04261
  10412.3   0.04254
  10433.3   0.04241
  10454.3   0.04229
  10475.4   0.04212
  10496.7   0.04189
  10517.9   0.04172
  10539.3   0.04161
  10560.8   0.04148
  10582.3   0.04144
  10604.0   0.04139
  10625.7   0.04129
  10647.5   0.04118
  10669.4   0.04111
  10691.4   0.04098
  10713.5   0.04087
  10735.7   0.04072
  10758.0   0.04054
  10780.3   0.04028
  10802.8   0.04003
  10825.4   0.03976
  10848.0   0.03940
  10870.8   0.03900
  10893.6   0.03859
  10916.5   0.03815
  10939.5   0.03767
  10962.7   0.03715
  10985.9   0.03673
  11009.2   0.03637
  11032.7   0.03604
  11056.2   0.03580
  11079.8   0.03564
  11103.5   0.03553
  11127.4   0.03545
  11151.3   0.03528
  11175.3   0.03516
  11199.5   0.03502
  11223.7   0.03485
  11248.0   0.03457
  11272.5   0.03433
  11297.1   0.03412
  11321.7   0.03386
  11346.5   0.03357
  11371.4   0.03324
  11396.4   0.03290
  11421.5   0.03256
  11446.7   0.03209
  11472.0   0.03161
  11497.5   0.03112
  11523.0   0.03066
  11548.7   0.03019
  11574.4   0.02970
  11600.3   0.02915
  11626.3   0.02863
  11652.5   0.02813
  11678.7   0.02762
  11705.1   0.02708
  11731.6   0.02652
  11758.2   0.02601
  11784.9   0.02554
  11811.7   0.02501
  11838.7   0.02455
  11865.8   0.02413
  11893.0   0.02372
  11920.3   0.02336
  11947.8   0.02311
  11975.4   0.02289
  12003.1   0.02277
  12031.0   0.02260
  12059.0   0.02238
  12087.1   0.02208
  12115.3   0.02180
  12143.7   0.02159
  12172.2   0.02139
  12200.8   0.02110
  12229.6   0.02089
  12258.5   0.02065
  12287.6   0.02050
  12316.8   0.02031
  12346.1   0.02008
  12375.5   0.01995
  12405.2   0.01989
  12434.9   0.01978
  12464.8   0.01983
  12494.8   0.01995
  12525.0   0.02006
  12555.3   0.02022
  12585.8   0.02049
  12616.4   0.02081
  12647.2   0.02127
  12678.1   0.02177
  12709.2   0.02243
  12740.4   0.02325
  12771.8   0.02418
  12803.3   0.02524
  12835.0   0.02637
  12866.9   0.02762
  12898.9   0.02903
  12931.1   0.03055
  12963.4   0.03223
  12995.9   0.03401
  13028.5   0.03594
  13061.3   0.03793
  13094.3   0.04004
  13127.5   0.04221
  13160.8   0.04451
  13194.3   0.04697
  13228.0   0.04947
  13261.8   0.05206
  13295.8   0.05470
  13330.0   0.05735
  13364.3   0.05998
  13398.8   0.06264
  13433.6   0.06534
  13468.5   0.06800
  13503.5   0.07059
  13538.8   0.07306
  13574.2   0.07539
  13609.9   0.07767
  13645.7   0.07989
  13681.7   0.08182
  13717.9   0.08355
  13754.3   0.08521
  13790.8   0.08670
  13827.6   0.08810
  13864.6   0.08933
  13901.8   0.09045
  13939.2   0.09150
  13976.7   0.09235
  14014.5   0.09308
  14052.5   0.09378
  14090.7   0.09428
  14129.0   0.09465
  14167.6   0.09497
  14206.5   0.09538
  14245.5   0.09586
  14284.7   0.09639
  14324.2   0.09680
  14363.9   0.09705
  14403.8   0.09732
  14443.9   0.09763
  14484.3   0.09785
  14524.8   0.09806
  14565.6   0.09817
  14606.7   0.09811
  14647.9   0.09792
  14689.4   0.09769
  14731.2   0.09734
  14773.1   0.09677
  14815.3   0.09668
  14857.8   0.09637
  14900.5   0.09588
  14943.4   0.09532
  14986.6   0.09477
  15030.0   0.09410
  15073.7   0.09376
  15117.7   0.09327
  15161.9   0.09260
  15206.3   0.09202
  15251.1   0.09173
  15296.1   0.09130
  15341.3   0.09070
  15386.8   0.09026
  15432.6   0.08986
  15478.7   0.08939
  15525.0   0.08888
  15571.7   0.08833
  15618.6   0.08787
  15665.8   0.08735
  15713.2   0.08673
  15761.0   0.08600
  15809.1   0.08548
  15857.4   0.08507
  15906.0   0.08490
  15955.0   0.08476
  16004.2   0.08461
  16053.8   0.08421
  16103.6   0.08366
  16153.8   0.08317
  16204.3   0.08307
  16255.1   0.08303
  16306.2   0.08335
  16357.6   0.08393
  16409.4   0.08477
  16461.5   0.08551
  16513.9   0.08630
  16566.7   0.08721
  16619.8   0.08853
  16673.2   0.08988
  16727.0   0.09130
  16781.1   0.09283
  16835.6   0.09475
  16890.5   0.09669
  16945.7   0.09848
  17001.2   0.10026
  17057.2   0.10211
  17113.4   0.10377
  17170.1   0.10525
  17227.2   0.10671
  17284.6   0.10800
  17342.4   0.10940
  17400.6   0.11080
  17459.2   0.11185
  17518.2   0.11296
  17577.5   0.11406
  17637.3   0.11493
  17697.5   0.11550
  17758.1   0.11598
  17819.2   0.11640
  17880.6   0.11688
  17942.5   0.11737
  18004.8   0.11786
  18067.5   0.11851
  18130.7   0.11917
  18194.3   0.11943
  18258.4   0.11980
  18322.9   0.12003
  18387.9   0.12021
  18453.3   0.12031
  18519.2   0.12049
  18585.6   0.12063
  18652.4   0.12058
  18719.8   0.12056
  18787.6   0.12070
  18855.9   0.12072
  18924.8   0.12086
  18994.1   0.12090
  19063.9   0.12093
  19134.3   0.12091
  19205.1   0.12081
  19276.5   0.12064
  19348.4   0.12036
  19420.9   0.11986
  19493.9   0.11943
  19567.5   0.11899
  19641.6   0.11862
  19716.3   0.11786
  19791.5   0.11698
  19867.4   0.11612
  19943.8   0.11518
  20020.8   0.11403
  20098.4   0.11292
  20176.6   0.11177
  20255.4   0.11070
  20334.8   0.10959
  20414.9   0.10848
  20495.6   0.10744
  20576.9   0.10669
  20658.9   0.10580
  20741.5   0.10505
  20824.8   0.10429
  20908.8   0.10339
  20993.4   0.10284
  21078.8   0.10255
  21164.8   0.10187
  21251.6   0.10138
  21339.0   0.10092
  21427.2   0.10029
  21516.1   0.10006
  21605.8   0.10009
  21696.2   0.10013
  21787.3   0.10019
  21879.3   0.10028
  21972.0   0.10068
  22065.5   0.10097
  22159.8   0.10116
  22254.9   0.10155
  22350.8   0.10218
  22447.5   0.10270
  22545.1   0.10308
  22643.6   0.10338
  22742.9   0.10387
  22843.1   0.10407
  22944.2   0.10405
  23046.2   0.10412
  23149.0   0.10433
  23252.8   0.10422
  23357.6   0.10363
  23463.3   0.10297
  23569.9   0.10268
  23677.6   0.10208
  23786.2   0.10100
  23895.8   0.09947
  24006.4   0.09774
  24118.1   0.09621
  24230.8   0.09472
  24344.5   0.09305
  24459.3   0.09153
  24575.3   0.08998
  24692.3   0.08827
  24810.4   0.08662
  24929.7   0.08503
  25050.1   0.08326
  25171.7   0.08178
  25294.6   0.08049
  25418.6   0.07913
  25543.8   0.07735
  25670.2   0.07580
  25797.9   0.07438
  25926.9   0.07331
  26057.2   0.07220
  26188.8   0.07101
  26321.7   0.06982
  26456.0   0.06903
  26591.7   0.06843
  26728.8   0.06788
  26867.2   0.06750
  27007.2   0.06720
  27148.6   0.06682
  27291.5   0.06611
  27435.9   0.06563
  27581.8   0.06574
  27729.3   0.06577
  27878.4   0.06529
  28029.1   0.06525
  28181.4   0.06568
  28335.4   0.06564
  28491.1   0.06582
  28648.5   0.06654
  28807.7   0.06720
  28968.6   0.06782
  29131.3   0.06846
  29296.0   0.06901
  29462.4   0.07004
  29630.8   0.07158
  29801.1   0.07311
  29973.3   0.07437
  30147.6   0.07565
  30323.9   0.07625
  30502.2   0.07744
  30682.7   0.07964
  30865.3   0.08147
  31050.2   0.08331
  31237.2   0.08487
  31426.5   0.08701
  31618.2   0.08980
  31812.1   0.09226
  32008.5   0.09438
  32207.3   0.09671
  32408.6   0.10001
  32612.4   0.10235
  32818.8   0.10342
  33027.9   0.10487
  33239.6   0.10597
  33454.1   0.10630
  33671.3   0.10730
  33891.4   0.10758
  34114.3   0.10775
  34340.3   0.10796
  34569.2   0.10806
  34801.2   0.10805
  35036.3   0.10783
  35274.7   0.10812
  35516.3   0.10867
  35761.2   0.10817
  36009.6   0.10780
  36261.4   0.10801
  36516.7   0.10825
  36775.7   0.10863
  37038.4   0.10888
  37304.9   0.10884
  37575.2   0.10870
  37849.5   0.10874
  38127.8   0.10985
  38410.2   0.11111
  38696.8   0.10987
  38987.8   0.10868
  39283.2   0.10911
  39583.0   0.10896
  39887.5   0.10792
  40196.7   0.10740
  40510.8   0.10655
  40829.8   0.10420
  41153.8   0.10251
  41483.0   0.10185
  41817.6   0.10082
  42157.5   0.09984
  42503.1   0.09863
  42854.4   0.09676
  43211.5   0.09524
  43574.6   0.09341
  43943.9   0.09316
  44319.5   0.09353
  44701.5   0.09307
  45090.2   0.09359
  45485.8   0.09466
  45888.3   0.09503
  46298.0   0.09627
  46715.1   0.09607
  47139.8   0.09479
  47572.3   0.09278
  48012.8   0.09322
  48461.5   0.09403
  48918.7   0.09365
  49384.6   0.09442
  49859.4   0.09483



 BIR1LR178           .ASC                        

 LR-CMP-178                                                              
 70017,535 ilmenite B <125 um                                            
 Connected at 3.95 & 14.7 um                                             

 Source Ang: 30.00   Detect Ang:  0.00  Volt: 1.222
 Date: 24-APR-08   Time: 16:28:27
