  6016
    833.3   0.41577
    833.5   0.41522
    833.6   0.41528
    833.7   0.41559
    833.9   0.41546
    834.0   0.41518
    834.1   0.41465
    834.3   0.41418
    834.4   0.41445
    834.5   0.41553
    834.7   0.41651
    834.8   0.41633
    835.0   0.41652
    835.1   0.41682
    835.2   0.41689
    835.3   0.41706
    835.5   0.41608
    835.6   0.41480
    835.8   0.41460
    835.9   0.41511
    836.0   0.41469
    836.2   0.41484
    836.3   0.41526
    836.4   0.41619
    836.6   0.41562
    836.7   0.41473
    836.8   0.41493
    837.0   0.41503
    837.1   0.41501
    837.2   0.41517
    837.4   0.41531
    837.5   0.41584
    837.6   0.41629
    837.8   0.41576
    837.9   0.41564
    838.0   0.41530
    838.2   0.41563
    838.3   0.41528
    838.5   0.41472
    838.6   0.41438
    838.7   0.41465
    838.9   0.41429
    839.0   0.41445
    839.1   0.41476
    839.3   0.41449
    839.4   0.41491
    839.5   0.41594
    839.7   0.41530
    839.8   0.41465
    840.0   0.41482
    840.1   0.41445
    840.2   0.41386
    840.4   0.41374
    840.5   0.41407
    840.6   0.41458
    840.8   0.41394
    840.9   0.41355
    841.0   0.41308
    841.2   0.41382
    841.3   0.41513
    841.5   0.41477
    841.6   0.41421
    841.7   0.41445
    841.9   0.41432
    842.0   0.41369
    842.1   0.41300
    842.3   0.41292
    842.4   0.41352
    842.5   0.41376
    842.7   0.41379
    842.8   0.41367
    843.0   0.41367
    843.1   0.41434
    843.2   0.41452
    843.4   0.41409
    843.5   0.41438
    843.6   0.41427
    843.8   0.41300
    843.9   0.41270
    844.0   0.41322
    844.2   0.41429
    844.3   0.41370
    844.5   0.41300
    844.6   0.41403
    844.7   0.41432
    844.9   0.41359
    845.0   0.41286
    845.2   0.41266
    845.3   0.41239
    845.4   0.41366
    845.6   0.41440
    845.7   0.41361
    845.8   0.41298
    846.0   0.41333
    846.1   0.41414
    846.3   0.41431
    846.4   0.41406
    846.5   0.41360
    846.7   0.41237
    846.8   0.41240
    847.0   0.41370
    847.1   0.41308
    847.2   0.41225
    847.4   0.41236
    847.5   0.41316
    847.6   0.41349
    847.8   0.41303
    847.9   0.41298
    848.1   0.41298
    848.2   0.41268
    848.3   0.41287
    848.5   0.41244
    848.6   0.41232
    848.8   0.41283
    848.9   0.41303
    849.0   0.41321
    849.2   0.41287
    849.3   0.41195
    849.5   0.41201
    849.6   0.41227
    849.7   0.41222
    849.9   0.41190
    850.0   0.41199
    850.1   0.41179
    850.3   0.41207
    850.4   0.41211
    850.6   0.41250
    850.7   0.41268
    850.8   0.41287
    851.0   0.41223
    851.1   0.41214
    851.3   0.41227
    851.4   0.41171
    851.5   0.41180
    851.7   0.41183
    851.8   0.41126
    852.0   0.41092
    852.1   0.41066
    852.2   0.41051
    852.4   0.41117
    852.5   0.41204
    852.7   0.41164
    852.8   0.41133
    852.9   0.41153
    853.1   0.41159
    853.2   0.41178
    853.4   0.41197
    853.5   0.41238
    853.6   0.41221
    853.8   0.41232
    853.9   0.41294
    854.1   0.41289
    854.2   0.41208
    854.3   0.41191
    854.5   0.41224
    854.6   0.41201
    854.8   0.41172
    854.9   0.41111
    855.0   0.41053
    855.2   0.41195
    855.3   0.41303
    855.5   0.41264
    855.6   0.41195
    855.8   0.41111
    855.9   0.41143
    856.0   0.41166
    856.2   0.41084
    856.3   0.41063
    856.5   0.41131
    856.6   0.41136
    856.8   0.41173
    856.9   0.41127
    857.0   0.41098
    857.2   0.41088
    857.3   0.41157
    857.5   0.41197
    857.6   0.41198
    857.7   0.41200
    857.9   0.41203
    858.0   0.41117
    858.2   0.41082
    858.3   0.41130
    858.5   0.41028
    858.6   0.40999
    858.7   0.41134
    858.9   0.41211
    859.0   0.41183
    859.2   0.41145
    859.3   0.41120
    859.4   0.41058
    859.6   0.41041
    859.7   0.41124
    859.9   0.41056
    860.0   0.40969
    860.2   0.40980
    860.3   0.40960
    860.4   0.41021
    860.6   0.41080
    860.7   0.41031
    860.9   0.40998
    861.0   0.41023
    861.2   0.41080
    861.3   0.41095
    861.4   0.41128
    861.6   0.41109
    861.7   0.41077
    861.9   0.41065
    862.0   0.41010
    862.2   0.40966
    862.3   0.40983
    862.5   0.41081
    862.6   0.41100
    862.7   0.40999
    862.9   0.40986
    863.0   0.41020
    863.2   0.41015
    863.3   0.41112
    863.5   0.41172
    863.6   0.41110
    863.7   0.41022
    863.9   0.41007
    864.0   0.41021
    864.2   0.41043
    864.3   0.41041
    864.5   0.41025
    864.6   0.40949
    864.8   0.40912
    864.9   0.40980
    865.0   0.40997
    865.2   0.40923
    865.3   0.40946
    865.5   0.40970
    865.6   0.40927
    865.8   0.40891
    865.9   0.40975
    866.0   0.40979
    866.2   0.40931
    866.3   0.40954
    866.5   0.40908
    866.6   0.40881
    866.8   0.40865
    866.9   0.40816
    867.1   0.40867
    867.2   0.40956
    867.3   0.40923
    867.5   0.40828
    867.6   0.40892
    867.8   0.40980
    867.9   0.40961
    868.1   0.40955
    868.2   0.40948
    868.4   0.40936
    868.5   0.40910
    868.7   0.40846
    868.8   0.40781
    869.0   0.40799
    869.1   0.40850
    869.2   0.40886
    869.4   0.40838
    869.5   0.40780
    869.7   0.40851
    869.8   0.40885
    870.0   0.40835
    870.1   0.40817
    870.3   0.40829
    870.4   0.40831
    870.6   0.40878
    870.7   0.40855
    870.8   0.40826
    871.0   0.40835
    871.1   0.40904
    871.3   0.40970
    871.4   0.40921
    871.6   0.40907
    871.7   0.40888
    871.9   0.40837
    872.0   0.40804
    872.2   0.40785
    872.3   0.40797
    872.5   0.40786
    872.6   0.40778
    872.8   0.40793
    872.9   0.40863
    873.0   0.40872
    873.2   0.40789
    873.3   0.40752
    873.5   0.40752
    873.6   0.40793
    873.8   0.40874
    873.9   0.40878
    874.1   0.40842
    874.2   0.40814
    874.4   0.40833
    874.5   0.40858
    874.7   0.40823
    874.8   0.40722
    875.0   0.40674
    875.1   0.40726
    875.3   0.40774
    875.4   0.40764
    875.5   0.40732
    875.7   0.40731
    875.8   0.40735
    876.0   0.40760
    876.2   0.40743
    876.3   0.40750
    876.4   0.40731
    876.6   0.40725
    876.7   0.40759
    876.9   0.40763
    877.0   0.40795
    877.2   0.40769
    877.3   0.40690
    877.5   0.40714
    877.6   0.40727
    877.8   0.40709
    877.9   0.40723
    878.1   0.40751
    878.2   0.40752
    878.4   0.40716
    878.5   0.40705
    878.7   0.40721
    878.8   0.40753
    879.0   0.40728
    879.1   0.40667
    879.3   0.40696
    879.4   0.40702
    879.6   0.40672
    879.7   0.40675
    879.9   0.40701
    880.0   0.40737
    880.2   0.40695
    880.3   0.40618
    880.5   0.40579
    880.6   0.40605
    880.8   0.40642
    880.9   0.40671
    881.1   0.40677
    881.2   0.40678
    881.4   0.40643
    881.5   0.40607
    881.7   0.40596
    881.8   0.40605
    882.0   0.40625
    882.1   0.40632
    882.3   0.40580
    882.4   0.40584
    882.6   0.40621
    882.7   0.40655
    882.9   0.40695
    883.0   0.40690
    883.2   0.40672
    883.3   0.40622
    883.5   0.40588
    883.6   0.40590
    883.8   0.40578
    883.9   0.40593
    884.1   0.40589
    884.2   0.40581
    884.4   0.40533
    884.5   0.40495
    884.7   0.40476
    884.8   0.40500
    885.0   0.40534
    885.1   0.40559
    885.3   0.40558
    885.4   0.40542
    885.6   0.40567
    885.7   0.40559
    885.9   0.40505
    886.0   0.40550
    886.2   0.40569
    886.3   0.40556
    886.5   0.40530
    886.6   0.40524
    886.8   0.40534
    886.9   0.40546
    887.1   0.40554
    887.2   0.40556
    887.4   0.40560
    887.5   0.40579
    887.7   0.40568
    887.8   0.40463
    888.0   0.40406
    888.2   0.40447
    888.3   0.40482
    888.5   0.40495
    888.6   0.40543
    888.8   0.40545
    888.9   0.40521
    889.1   0.40483
    889.2   0.40485
    889.4   0.40484
    889.5   0.40461
    889.7   0.40484
    889.8   0.40524
    890.0   0.40480
    890.1   0.40442
    890.3   0.40449
    890.4   0.40454
    890.6   0.40417
    890.8   0.40412
    890.9   0.40458
    891.0   0.40484
    891.2   0.40456
    891.4   0.40462
    891.5   0.40436
    891.7   0.40435
    891.8   0.40396
    892.0   0.40417
    892.1   0.40458
    892.3   0.40458
    892.4   0.40422
    892.6   0.40394
    892.7   0.40403
    892.9   0.40409
    893.0   0.40412
    893.2   0.40454
    893.4   0.40432
    893.5   0.40414
    893.7   0.40442
    893.8   0.40464
    894.0   0.40469
    894.1   0.40474
    894.3   0.40458
    894.4   0.40400
    894.6   0.40360
    894.7   0.40372
    894.9   0.40380
    895.0   0.40347
    895.2   0.40370
    895.4   0.40409
    895.5   0.40379
    895.7   0.40375
    895.8   0.40369
    896.0   0.40393
    896.1   0.40409
    896.3   0.40408
    896.4   0.40447
    896.6   0.40483
    896.8   0.40446
    896.9   0.40380
    897.1   0.40341
    897.2   0.40364
    897.4   0.40361
    897.5   0.40353
    897.7   0.40344
    897.8   0.40308
    898.0   0.40326
    898.2   0.40355
    898.3   0.40368
    898.5   0.40313
    898.6   0.40247
    898.8   0.40288
    898.9   0.40293
    899.1   0.40257
    899.2   0.40250
    899.4   0.40293
    899.6   0.40323
    899.7   0.40318
    899.9   0.40348
    900.0   0.40337
    900.2   0.40285
    900.3   0.40268
    900.5   0.40316
    900.7   0.40301
    900.8   0.40280
    901.0   0.40263
    901.1   0.40267
    901.3   0.40234
    901.4   0.40282
    901.6   0.40284
    901.8   0.40227
    901.9   0.40211
    902.1   0.40233
    902.2   0.40242
    902.4   0.40235
    902.5   0.40236
    902.7   0.40265
    902.8   0.40275
    903.0   0.40274
    903.2   0.40279
    903.3   0.40295
    903.5   0.40299
    903.6   0.40275
    903.8   0.40245
    904.0   0.40228
    904.1   0.40222
    904.3   0.40224
    904.4   0.40253
    904.6   0.40252
    904.7   0.40227
    904.9   0.40217
    905.0   0.40203
    905.2   0.40187
    905.4   0.40205
    905.5   0.40213
    905.7   0.40263
    905.8   0.40273
    906.0   0.40200
    906.2   0.40192
    906.3   0.40182
    906.5   0.40150
    906.6   0.40176
    906.8   0.40174
    907.0   0.40178
    907.1   0.40197
    907.3   0.40176
    907.4   0.40156
    907.6   0.40177
    907.7   0.40167
    907.9   0.40176
    908.1   0.40194
    908.2   0.40178
    908.4   0.40178
    908.5   0.40193
    908.7   0.40198
    908.9   0.40156
    909.0   0.40107
    909.2   0.40108
    909.3   0.40107
    909.5   0.40116
    909.7   0.40135
    909.8   0.40120
    910.0   0.40086
    910.1   0.40084
    910.3   0.40104
    910.5   0.40112
    910.6   0.40105
    910.8   0.40102
    910.9   0.40092
    911.1   0.40106
    911.3   0.40111
    911.4   0.40116
    911.6   0.40146
    911.7   0.40110
    911.9   0.40068
    912.1   0.40070
    912.2   0.40097
    912.4   0.40139
    912.5   0.40142
    912.7   0.40102
    912.9   0.40060
    913.0   0.40077
    913.2   0.40099
    913.3   0.40105
    913.5   0.40100
    913.7   0.40123
    913.8   0.40101
    914.0   0.40074
    914.2   0.40082
    914.3   0.40103
    914.5   0.40107
    914.6   0.40073
    914.8   0.40036
    915.0   0.40009
    915.1   0.40017
    915.3   0.40052
    915.4   0.40081
    915.6   0.40065
    915.8   0.40058
    915.9   0.40064
    916.1   0.40076
    916.3   0.40085
    916.4   0.40064
    916.6   0.40024
    916.7   0.40016
    916.9   0.40008
    917.1   0.40008
    917.2   0.40005
    917.4   0.39989
    917.5   0.39999
    917.7   0.40015
    917.9   0.40043
    918.0   0.40051
    918.2   0.40065
    918.4   0.40076
    918.5   0.40036
    918.7   0.39962
    918.8   0.39935
    919.0   0.39985
    919.2   0.40013
    919.3   0.39982
    919.5   0.39967
    919.7   0.39971
    919.8   0.39975
    920.0   0.40005
    920.2   0.40030
    920.3   0.40041
    920.5   0.40024
    920.6   0.39987
    920.8   0.39969
    921.0   0.39969
    921.1   0.39976
    921.3   0.40010
    921.5   0.40013
    921.6   0.39970
    921.8   0.39965
    922.0   0.40000
    922.1   0.40043
    922.3   0.40038
    922.4   0.40009
    922.6   0.39987
    922.8   0.39983
    922.9   0.39977
    923.1   0.39980
    923.3   0.39983
    923.4   0.39957
    923.6   0.39968
    923.8   0.39961
    923.9   0.39963
    924.1   0.39955
    924.3   0.39967
    924.4   0.39933
    924.6   0.39927
    924.7   0.39953
    924.9   0.39939
    925.1   0.39948
    925.2   0.39965
    925.4   0.39951
    925.6   0.39921
    925.7   0.39911
    925.9   0.39921
    926.1   0.39934
    926.2   0.39929
    926.4   0.39930
    926.6   0.39932
    926.7   0.39952
    926.9   0.39956
    927.1   0.39934
    927.2   0.39900
    927.4   0.39913
    927.6   0.39900
    927.7   0.39897
    927.9   0.39913
    928.0   0.39914
    928.2   0.39895
    928.4   0.39905
    928.5   0.39920
    928.7   0.39903
    928.9   0.39890
    929.0   0.39874
    929.2   0.39876
    929.4   0.39897
    929.5   0.39901
    929.7   0.39886
    929.9   0.39882
    930.0   0.39897
    930.2   0.39923
    930.4   0.39916
    930.5   0.39884
    930.7   0.39885
    930.9   0.39887
    931.0   0.39856
    931.2   0.39831
    931.4   0.39861
    931.6   0.39893
    931.7   0.39883
    931.9   0.39864
    932.1   0.39872
    932.2   0.39846
    932.4   0.39817
    932.6   0.39814
    932.7   0.39839
    932.9   0.39861
    933.1   0.39888
    933.2   0.39887
    933.4   0.39849
    933.6   0.39844
    933.7   0.39850
    933.9   0.39823
    934.1   0.39814
    934.2   0.39823
    934.4   0.39846
    934.6   0.39827
    934.8   0.39823
    934.9   0.39835
    935.1   0.39811
    935.3   0.39808
    935.4   0.39838
    935.6   0.39854
    935.8   0.39834
    935.9   0.39824
    936.1   0.39824
    936.3   0.39815
    936.4   0.39813
    936.6   0.39815
    936.8   0.39820
    936.9   0.39833
    937.1   0.39827
    937.3   0.39810
    937.5   0.39808
    937.6   0.39816
    937.8   0.39814
    938.0   0.39790
    938.1   0.39789
    938.3   0.39821
    938.5   0.39800
    938.6   0.39793
    938.8   0.39811
    939.0   0.39779
    939.2   0.39789
    939.3   0.39808
    939.5   0.39804
    939.7   0.39805
    939.8   0.39798
    940.0   0.39772
    940.2   0.39769
    940.3   0.39792
    940.5   0.39791
    940.7   0.39788
    940.8   0.39785
    941.0   0.39787
    941.2   0.39801
    941.4   0.39772
    941.5   0.39730
    941.7   0.39746
    941.9   0.39764
    942.0   0.39746
    942.2   0.39751
    942.4   0.39740
    942.6   0.39742
    942.7   0.39780
    942.9   0.39774
    943.1   0.39735
    943.3   0.39732
    943.4   0.39747
    943.6   0.39748
    943.8   0.39759
    943.9   0.39775
    944.1   0.39787
    944.3   0.39772
    944.5   0.39742
    944.6   0.39731
    944.8   0.39719
    945.0   0.39725
    945.1   0.39733
    945.3   0.39741
    945.5   0.39743
    945.7   0.39745
    945.8   0.39757
    946.0   0.39769
    946.2   0.39741
    946.3   0.39726
    946.5   0.39735
    946.7   0.39740
    946.9   0.39751
    947.0   0.39761
    947.2   0.39757
    947.4   0.39750
    947.6   0.39757
    947.7   0.39758
    947.9   0.39753
    948.1   0.39735
    948.3   0.39725
    948.4   0.39717
    948.6   0.39717
    948.8   0.39734
    949.0   0.39739
    949.1   0.39712
    949.3   0.39689
    949.5   0.39704
    949.6   0.39723
    949.8   0.39729
    950.0   0.39702
    950.2   0.39676
    950.3   0.39696
    950.5   0.39702
    950.7   0.39698
    950.9   0.39703
    951.0   0.39713
    951.2   0.39709
    951.4   0.39714
    951.6   0.39714
    951.7   0.39704
    951.9   0.39701
    952.1   0.39709
    952.3   0.39709
    952.4   0.39683
    952.6   0.39661
    952.8   0.39666
    953.0   0.39685
    953.1   0.39700
    953.3   0.39707
    953.5   0.39691
    953.7   0.39668
    953.8   0.39679
    954.0   0.39676
    954.2   0.39677
    954.4   0.39680
    954.5   0.39674
    954.7   0.39696
    954.9   0.39712
    955.1   0.39701
    955.2   0.39693
    955.4   0.39677
    955.6   0.39679
    955.8   0.39684
    956.0   0.39674
    956.1   0.39655
    956.3   0.39650
    956.5   0.39664
    956.7   0.39683
    956.8   0.39691
    957.0   0.39669
    957.2   0.39653
    957.4   0.39663
    957.5   0.39667
    957.7   0.39668
    957.9   0.39654
    958.1   0.39629
    958.2   0.39642
    958.4   0.39673
    958.6   0.39667
    958.8   0.39650
    959.0   0.39648
    959.1   0.39668
    959.3   0.39681
    959.5   0.39660
    959.7   0.39648
    959.8   0.39664
    960.0   0.39664
    960.2   0.39645
    960.4   0.39653
    960.5   0.39677
    960.7   0.39663
    960.9   0.39636
    961.1   0.39624
    961.3   0.39632
    961.4   0.39641
    961.6   0.39646
    961.8   0.39649
    962.0   0.39664
    962.2   0.39661
    962.3   0.39647
    962.5   0.39650
    962.7   0.39653
    962.9   0.39644
    963.0   0.39637
    963.2   0.39621
    963.4   0.39617
    963.6   0.39627
    963.8   0.39628
    963.9   0.39641
    964.1   0.39619
    964.3   0.39588
    964.5   0.39590
    964.7   0.39602
    964.8   0.39599
    965.0   0.39602
    965.2   0.39617
    965.4   0.39631
    965.6   0.39611
    965.7   0.39591
    965.9   0.39601
    966.1   0.39626
    966.3   0.39639
    966.5   0.39637
    966.6   0.39618
    966.8   0.39615
    967.0   0.39619
    967.2   0.39622
    967.4   0.39603
    967.5   0.39611
    967.7   0.39617
    967.9   0.39618
    968.1   0.39633
    968.3   0.39652
    968.4   0.39656
    968.6   0.39626
    968.8   0.39620
    969.0   0.39634
    969.2   0.39632
    969.3   0.39604
    969.5   0.39591
    969.7   0.39585
    969.9   0.39603
    970.1   0.39626
    970.3   0.39597
    970.4   0.39579
    970.6   0.39609
    970.8   0.39617
    971.0   0.39600
    971.2   0.39606
    971.3   0.39613
    971.5   0.39605
    971.7   0.39594
    971.9   0.39596
    972.1   0.39586
    972.3   0.39579
    972.4   0.39573
    972.6   0.39572
    972.8   0.39569
    973.0   0.39551
    973.2   0.39572
    973.3   0.39605
    973.5   0.39604
    973.7   0.39590
    973.9   0.39576
    974.1   0.39570
    974.3   0.39577
    974.5   0.39574
    974.6   0.39580
    974.8   0.39587
    975.0   0.39584
    975.2   0.39580
    975.4   0.39582
    975.5   0.39593
    975.7   0.39601
    975.9   0.39592
    976.1   0.39591
    976.3   0.39583
    976.5   0.39593
    976.7   0.39605
    976.8   0.39590
    977.0   0.39573
    977.2   0.39572
    977.4   0.39578
    977.6   0.39566
    977.8   0.39543
    977.9   0.39542
    978.1   0.39558
    978.3   0.39562
    978.5   0.39541
    978.7   0.39543
    978.9   0.39564
    979.0   0.39551
    979.2   0.39542
    979.4   0.39553
    979.6   0.39563
    979.8   0.39571
    980.0   0.39560
    980.2   0.39536
    980.3   0.39550
    980.5   0.39569
    980.7   0.39560
    980.9   0.39554
    981.1   0.39559
    981.3   0.39563
    981.5   0.39557
    981.7   0.39557
    981.8   0.39568
    982.0   0.39574
    982.2   0.39571
    982.4   0.39549
    982.6   0.39533
    982.8   0.39547
    983.0   0.39547
    983.1   0.39559
    983.3   0.39564
    983.5   0.39541
    983.7   0.39531
    983.9   0.39537
    984.1   0.39551
    984.3   0.39548
    984.4   0.39542
    984.6   0.39552
    984.8   0.39551
    985.0   0.39547
    985.2   0.39529
    985.4   0.39534
    985.6   0.39546
    985.8   0.39530
    985.9   0.39510
    986.1   0.39525
    986.3   0.39531
    986.5   0.39524
    986.7   0.39539
    986.9   0.39535
    987.1   0.39515
    987.3   0.39528
    987.4   0.39538
    987.6   0.39524
    987.8   0.39526
    988.0   0.39525
    988.2   0.39507
    988.4   0.39508
    988.6   0.39527
    988.8   0.39531
    989.0   0.39516
    989.1   0.39526
    989.3   0.39551
    989.5   0.39549
    989.7   0.39541
    989.9   0.39553
    990.1   0.39543
    990.3   0.39515
    990.5   0.39514
    990.7   0.39519
    990.8   0.39496
    991.0   0.39491
    991.2   0.39495
    991.4   0.39500
    991.6   0.39517
    991.8   0.39518
    992.0   0.39517
    992.2   0.39525
    992.4   0.39530
    992.5   0.39524
    992.7   0.39506
    992.9   0.39507
    993.1   0.39503
    993.3   0.39490
    993.5   0.39481
    993.7   0.39486
    993.9   0.39504
    994.1   0.39509
    994.3   0.39498
    994.5   0.39492
    994.6   0.39477
    994.8   0.39476
    995.0   0.39487
    995.2   0.39488
    995.4   0.39494
    995.6   0.39498
    995.8   0.39502
    996.0   0.39503
    996.2   0.39495
    996.4   0.39496
    996.5   0.39497
    996.7   0.39509
    996.9   0.39500
    997.1   0.39475
    997.3   0.39477
    997.5   0.39483
    997.7   0.39488
    997.9   0.39482
    998.1   0.39483
    998.3   0.39488
    998.5   0.39483
    998.7   0.39489
    998.9   0.39491
    999.0   0.39488
    999.2   0.39485
    999.4   0.39484
    999.6   0.39485
    999.8   0.39487
   1000.0   0.39481
   1000.2   0.39475
   1000.4   0.39478
   1000.6   0.39475
   1000.8   0.39477
   1001.0   0.39478
   1001.2   0.39486
   1001.4   0.39486
   1001.6   0.39470
   1001.8   0.39461
   1001.9   0.39466
   1002.1   0.39463
   1002.3   0.39458
   1002.5   0.39468
   1002.7   0.39478
   1002.9   0.39469
   1003.1   0.39468
   1003.3   0.39471
   1003.5   0.39468
   1003.7   0.39481
   1003.9   0.39493
   1004.1   0.39482
   1004.3   0.39472
   1004.5   0.39470
   1004.7   0.39466
   1004.9   0.39468
   1005.0   0.39474
   1005.3   0.39465
   1005.4   0.39460
   1005.6   0.39454
   1005.8   0.39459
   1006.0   0.39452
   1006.2   0.39445
   1006.4   0.39460
   1006.6   0.39481
   1006.8   0.39481
   1007.0   0.39468
   1007.2   0.39468
   1007.4   0.39469
   1007.6   0.39455
   1007.8   0.39445
   1008.0   0.39444
   1008.2   0.39430
   1008.4   0.39424
   1008.6   0.39438
   1008.8   0.39450
   1009.0   0.39456
   1009.2   0.39462
   1009.4   0.39443
   1009.5   0.39423
   1009.8   0.39423
   1010.0   0.39442
   1010.1   0.39442
   1010.3   0.39424
   1010.5   0.39436
   1010.7   0.39446
   1010.9   0.39434
   1011.1   0.39438
   1011.3   0.39454
   1011.5   0.39459
   1011.7   0.39447
   1011.9   0.39452
   1012.1   0.39461
   1012.3   0.39463
   1012.5   0.39458
   1012.7   0.39450
   1012.9   0.39452
   1013.1   0.39453
   1013.3   0.39428
   1013.5   0.39417
   1013.7   0.39426
   1013.9   0.39426
   1014.1   0.39425
   1014.3   0.39446
   1014.5   0.39456
   1014.7   0.39447
   1014.9   0.39433
   1015.1   0.39426
   1015.3   0.39427
   1015.5   0.39421
   1015.7   0.39418
   1015.9   0.39429
   1016.1   0.39440
   1016.3   0.39433
   1016.5   0.39436
   1016.7   0.39437
   1016.9   0.39425
   1017.1   0.39424
   1017.3   0.39414
   1017.5   0.39407
   1017.7   0.39413
   1017.9   0.39424
   1018.1   0.39432
   1018.3   0.39427
   1018.5   0.39413
   1018.7   0.39405
   1018.9   0.39400
   1019.1   0.39391
   1019.3   0.39402
   1019.5   0.39411
   1019.7   0.39406
   1019.9   0.39408
   1020.1   0.39423
   1020.3   0.39422
   1020.5   0.39413
   1020.7   0.39415
   1020.9   0.39421
   1021.1   0.39415
   1021.3   0.39397
   1021.5   0.39392
   1021.7   0.39407
   1021.9   0.39418
   1022.1   0.39413
   1022.3   0.39406
   1022.5   0.39401
   1022.7   0.39399
   1022.9   0.39399
   1023.1   0.39383
   1023.3   0.39374
   1023.5   0.39372
   1023.7   0.39373
   1023.9   0.39381
   1024.1   0.39388
   1024.3   0.39385
   1024.5   0.39388
   1024.7   0.39388
   1024.9   0.39373
   1025.1   0.39365
   1025.3   0.39372
   1025.5   0.39386
   1025.7   0.39379
   1025.9   0.39379
   1026.1   0.39391
   1026.3   0.39399
   1026.5   0.39399
   1026.8   0.39391
   1026.9   0.39386
   1027.2   0.39386
   1027.4   0.39387
   1027.6   0.39393
   1027.8   0.39388
   1028.0   0.39380
   1028.2   0.39390
   1028.4   0.39389
   1028.6   0.39384
   1028.8   0.39382
   1029.0   0.39377
   1029.2   0.39365
   1029.4   0.39360
   1029.6   0.39370
   1029.8   0.39373
   1030.0   0.39372
   1030.2   0.39369
   1030.4   0.39359
   1030.6   0.39358
   1030.8   0.39353
   1031.0   0.39355
   1031.2   0.39356
   1031.4   0.39358
   1031.7   0.39361
   1031.8   0.39362
   1032.1   0.39369
   1032.3   0.39372
   1032.5   0.39373
   1032.7   0.39353
   1032.9   0.39341
   1033.1   0.39354
   1033.3   0.39366
   1033.5   0.39367
   1033.7   0.39355
   1033.9   0.39338
   1034.1   0.39341
   1034.3   0.39357
   1034.5   0.39361
   1034.7   0.39353
   1034.9   0.39338
   1035.2   0.39328
   1035.4   0.39343
   1035.6   0.39347
   1035.8   0.39340
   1036.0   0.39336
   1036.2   0.39343
   1036.4   0.39348
   1036.6   0.39346
   1036.8   0.39337
   1037.0   0.39335
   1037.2   0.39338
   1037.4   0.39334
   1037.6   0.39324
   1037.8   0.39323
   1038.1   0.39328
   1038.3   0.39331
   1038.5   0.39333
   1038.7   0.39339
   1038.9   0.39335
   1039.1   0.39321
   1039.3   0.39320
   1039.5   0.39320
   1039.7   0.39322
   1039.9   0.39328
   1040.1   0.39323
   1040.3   0.39316
   1040.6   0.39310
   1040.8   0.39314
   1041.0   0.39314
   1041.2   0.39309
   1041.4   0.39320
   1041.6   0.39328
   1041.8   0.39316
   1042.0   0.39305
   1042.2   0.39312
   1042.4   0.39312
   1042.6   0.39292
   1042.8   0.39296
   1043.1   0.39312
   1043.3   0.39310
   1043.5   0.39303
   1043.7   0.39308
   1043.9   0.39307
   1044.1   0.39307
   1044.3   0.39310
   1044.5   0.39299
   1044.8   0.39304
   1045.0   0.39315
   1045.2   0.39296
   1045.4   0.39290
   1045.6   0.39299
   1045.8   0.39301
   1046.0   0.39294
   1046.2   0.39279
   1046.4   0.39276
   1046.6   0.39278
   1046.9   0.39282
   1047.1   0.39291
   1047.3   0.39287
   1047.5   0.39279
   1047.7   0.39279
   1047.9   0.39284
   1048.1   0.39286
   1048.3   0.39287
   1048.6   0.39277
   1048.8   0.39279
   1049.0   0.39286
   1049.2   0.39278
   1049.4   0.39266
   1049.6   0.39254
   1049.8   0.39252
   1050.0   0.39257
   1050.3   0.39263
   1050.5   0.39265
   1050.7   0.39269
   1050.9   0.39281
   1051.1   0.39274
   1051.3   0.39262
   1051.5   0.39266
   1051.7   0.39266
   1051.9   0.39264
   1052.2   0.39263
   1052.4   0.39261
   1052.6   0.39262
   1052.8   0.39253
   1053.0   0.39246
   1053.2   0.39246
   1053.4   0.39244
   1053.7   0.39244
   1053.9   0.39253
   1054.1   0.39251
   1054.3   0.39249
   1054.5   0.39255
   1054.7   0.39257
   1054.9   0.39259
   1055.2   0.39258
   1055.4   0.39256
   1055.6   0.39262
   1055.8   0.39257
   1056.0   0.39247
   1056.2   0.39248
   1056.4   0.39243
   1056.7   0.39237
   1056.9   0.39250
   1057.1   0.39264
   1057.3   0.39266
   1057.5   0.39265
   1057.8   0.39249
   1058.0   0.39238
   1058.2   0.39236
   1058.4   0.39222
   1058.6   0.39220
   1058.8   0.39218
   1059.0   0.39222
   1059.3   0.39228
   1059.5   0.39229
   1059.7   0.39229
   1059.9   0.39226
   1060.1   0.39228
   1060.3   0.39228
   1060.6   0.39219
   1060.8   0.39214
   1061.0   0.39217
   1061.2   0.39217
   1061.4   0.39209
   1061.7   0.39203
   1061.9   0.39209
   1062.1   0.39214
   1062.3   0.39207
   1062.5   0.39208
   1062.7   0.39219
   1062.9   0.39214
   1063.2   0.39200
   1063.4   0.39204
   1063.6   0.39204
   1063.8   0.39198
   1064.0   0.39202
   1064.3   0.39208
   1064.5   0.39211
   1064.7   0.39208
   1064.9   0.39201
   1065.1   0.39198
   1065.3   0.39204
   1065.6   0.39201
   1065.8   0.39196
   1066.0   0.39193
   1066.2   0.39194
   1066.4   0.39186
   1066.7   0.39184
   1066.9   0.39190
   1067.1   0.39198
   1067.3   0.39190
   1067.6   0.39187
   1067.8   0.39195
   1068.0   0.39190
   1068.2   0.39186
   1068.4   0.39190
   1068.7   0.39187
   1068.9   0.39173
   1069.1   0.39176
   1069.3   0.39181
   1069.5   0.39184
   1069.8   0.39185
   1070.0   0.39178
   1070.2   0.39180
   1070.4   0.39184
   1070.6   0.39171
   1070.8   0.39160
   1071.1   0.39159
   1071.3   0.39170
   1071.5   0.39167
   1071.7   0.39167
   1072.0   0.39161
   1072.2   0.39158
   1072.4   0.39157
   1072.6   0.39156
   1072.8   0.39164
   1073.1   0.39169
   1073.3   0.39163
   1073.5   0.39164
   1073.7   0.39161
   1074.0   0.39155
   1074.2   0.39159
   1074.4   0.39168
   1074.6   0.39170
   1074.8   0.39157
   1075.1   0.39156
   1075.3   0.39166
   1075.5   0.39170
   1075.7   0.39172
   1076.0   0.39158
   1076.2   0.39145
   1076.4   0.39146
   1076.6   0.39150
   1076.9   0.39150
   1077.1   0.39152
   1077.3   0.39145
   1077.5   0.39140
   1077.8   0.39143
   1078.0   0.39139
   1078.2   0.39139
   1078.4   0.39136
   1078.7   0.39133
   1078.9   0.39135
   1079.1   0.39140
   1079.3   0.39142
   1079.6   0.39146
   1079.8   0.39145
   1080.0   0.39140
   1080.2   0.39134
   1080.4   0.39133
   1080.7   0.39133
   1080.9   0.39130
   1081.1   0.39130
   1081.3   0.39134
   1081.6   0.39127
   1081.8   0.39130
   1082.0   0.39138
   1082.3   0.39132
   1082.5   0.39123
   1082.7   0.39125
   1082.9   0.39123
   1083.2   0.39113
   1083.4   0.39105
   1083.6   0.39117
   1083.8   0.39122
   1084.1   0.39120
   1084.3   0.39129
   1084.5   0.39129
   1084.8   0.39126
   1085.0   0.39122
   1085.2   0.39114
   1085.4   0.39118
   1085.7   0.39119
   1085.9   0.39114
   1086.1   0.39101
   1086.3   0.39099
   1086.6   0.39104
   1086.8   0.39104
   1087.0   0.39104
   1087.3   0.39109
   1087.5   0.39108
   1087.7   0.39106
   1087.9   0.39103
   1088.2   0.39101
   1088.4   0.39103
   1088.6   0.39100
   1088.8   0.39094
   1089.1   0.39088
   1089.3   0.39099
   1089.5   0.39106
   1089.8   0.39097
   1090.0   0.39088
   1090.2   0.39096
   1090.4   0.39100
   1090.7   0.39102
   1090.9   0.39096
   1091.1   0.39083
   1091.4   0.39083
   1091.6   0.39091
   1091.8   0.39091
   1092.1   0.39089
   1092.3   0.39089
   1092.5   0.39084
   1092.8   0.39080
   1093.0   0.39079
   1093.2   0.39075
   1093.4   0.39072
   1093.7   0.39084
   1093.9   0.39084
   1094.1   0.39070
   1094.4   0.39066
   1094.6   0.39071
   1094.8   0.39072
   1095.1   0.39064
   1095.3   0.39059
   1095.5   0.39063
   1095.8   0.39071
   1096.0   0.39068
   1096.2   0.39068
   1096.4   0.39070
   1096.7   0.39072
   1096.9   0.39071
   1097.1   0.39066
   1097.4   0.39058
   1097.6   0.39053
   1097.8   0.39059
   1098.1   0.39065
   1098.3   0.39065
   1098.5   0.39053
   1098.8   0.39049
   1099.0   0.39053
   1099.2   0.39050
   1099.5   0.39045
   1099.7   0.39043
   1099.9   0.39041
   1100.2   0.39048
   1100.4   0.39048
   1100.6   0.39036
   1100.9   0.39040
   1101.1   0.39044
   1101.3   0.39044
   1101.6   0.39041
   1101.8   0.39039
   1102.0   0.39042
   1102.3   0.39042
   1102.5   0.39040
   1102.7   0.39038
   1103.0   0.39041
   1103.2   0.39037
   1103.4   0.39033
   1103.7   0.39028
   1103.9   0.39032
   1104.2   0.39037
   1104.4   0.39035
   1104.6   0.39033
   1104.9   0.39032
   1105.1   0.39031
   1105.3   0.39024
   1105.6   0.39026
   1105.8   0.39026
   1106.0   0.39026
   1106.3   0.39033
   1106.5   0.39033
   1106.7   0.39017
   1107.0   0.39013
   1107.2   0.39024
   1107.4   0.39024
   1107.7   0.39022
   1107.9   0.39014
   1108.2   0.39003
   1108.4   0.39006
   1108.6   0.39008
   1108.9   0.39004
   1109.1   0.39009
   1109.3   0.39012
   1109.6   0.39007
   1109.8   0.39003
   1110.1   0.39006
   1110.3   0.39006
   1110.5   0.39005
   1110.8   0.39004
   1111.0   0.39006
   1111.3   0.39000
   1111.5   0.38992
   1111.7   0.38990
   1112.0   0.38990
   1112.2   0.38989
   1112.4   0.39000
   1112.7   0.39005
   1112.9   0.38992
   1113.2   0.38980
   1113.4   0.38975
   1113.6   0.38978
   1113.9   0.38979
   1114.1   0.38983
   1114.3   0.38983
   1114.6   0.38984
   1114.8   0.38988
   1115.1   0.38986
   1115.3   0.38986
   1115.6   0.38986
   1115.8   0.38977
   1116.0   0.38976
   1116.3   0.38983
   1116.5   0.38982
   1116.8   0.38972
   1117.0   0.38970
   1117.2   0.38980
   1117.5   0.38991
   1117.7   0.38984
   1118.0   0.38979
   1118.2   0.38973
   1118.4   0.38967
   1118.7   0.38967
   1118.9   0.38959
   1119.2   0.38958
   1119.4   0.38963
   1119.7   0.38962
   1119.9   0.38958
   1120.1   0.38965
   1120.4   0.38967
   1120.6   0.38967
   1120.9   0.38969
   1121.1   0.38970
   1121.3   0.38968
   1121.6   0.38963
   1121.8   0.38946
   1122.1   0.38939
   1122.3   0.38953
   1122.6   0.38965
   1122.8   0.38963
   1123.0   0.38961
   1123.3   0.38957
   1123.5   0.38945
   1123.8   0.38949
   1124.0   0.38950
   1124.3   0.38948
   1124.5   0.38950
   1124.8   0.38945
   1125.0   0.38949
   1125.2   0.38950
   1125.5   0.38941
   1125.7   0.38944
   1126.0   0.38949
   1126.2   0.38945
   1126.5   0.38937
   1126.7   0.38946
   1126.9   0.38944
   1127.2   0.38943
   1127.4   0.38945
   1127.7   0.38944
   1127.9   0.38936
   1128.2   0.38937
   1128.4   0.38940
   1128.7   0.38936
   1128.9   0.38934
   1129.2   0.38935
   1129.4   0.38932
   1129.7   0.38931
   1129.9   0.38933
   1130.1   0.38926
   1130.4   0.38925
   1130.6   0.38929
   1130.9   0.38923
   1131.1   0.38929
   1131.4   0.38931
   1131.6   0.38925
   1131.9   0.38921
   1132.1   0.38914
   1132.4   0.38916
   1132.6   0.38918
   1132.9   0.38914
   1133.1   0.38912
   1133.3   0.38908
   1133.6   0.38911
   1133.8   0.38916
   1134.1   0.38913
   1134.3   0.38906
   1134.6   0.38906
   1134.8   0.38909
   1135.1   0.38912
   1135.3   0.38910
   1135.6   0.38906
   1135.8   0.38905
   1136.1   0.38910
   1136.3   0.38913
   1136.6   0.38903
   1136.8   0.38899
   1137.1   0.38910
   1137.3   0.38912
   1137.6   0.38907
   1137.8   0.38903
   1138.1   0.38901
   1138.3   0.38897
   1138.6   0.38888
   1138.8   0.38887
   1139.1   0.38884
   1139.3   0.38882
   1139.6   0.38882
   1139.8   0.38889
   1140.1   0.38894
   1140.3   0.38896
   1140.6   0.38887
   1140.8   0.38883
   1141.1   0.38886
   1141.3   0.38885
   1141.6   0.38881
   1141.8   0.38881
   1142.1   0.38880
   1142.3   0.38879
   1142.6   0.38880
   1142.8   0.38881
   1143.1   0.38878
   1143.3   0.38876
   1143.6   0.38874
   1143.9   0.38869
   1144.1   0.38869
   1144.4   0.38875
   1144.6   0.38874
   1144.9   0.38872
   1145.1   0.38874
   1145.4   0.38872
   1145.6   0.38864
   1145.9   0.38857
   1146.1   0.38861
   1146.4   0.38870
   1146.6   0.38859
   1146.9   0.38847
   1147.2   0.38855
   1147.4   0.38860
   1147.7   0.38857
   1147.9   0.38858
   1148.2   0.38858
   1148.4   0.38851
   1148.7   0.38846
   1148.9   0.38853
   1149.2   0.38854
   1149.4   0.38853
   1149.7   0.38849
   1149.9   0.38849
   1150.2   0.38861
   1150.4   0.38853
   1150.7   0.38846
   1151.0   0.38844
   1151.2   0.38841
   1151.5   0.38839
   1151.7   0.38842
   1152.0   0.38843
   1152.2   0.38842
   1152.5   0.38846
   1152.8   0.38850
   1153.0   0.38849
   1153.3   0.38843
   1153.5   0.38840
   1153.8   0.38838
   1154.0   0.38838
   1154.3   0.38841
   1154.6   0.38839
   1154.8   0.38831
   1155.1   0.38824
   1155.3   0.38820
   1155.6   0.38824
   1155.8   0.38827
   1156.1   0.38829
   1156.4   0.38832
   1156.6   0.38832
   1156.9   0.38830
   1157.1   0.38828
   1157.4   0.38825
   1157.7   0.38823
   1157.9   0.38826
   1158.2   0.38831
   1158.4   0.38831
   1158.7   0.38822
   1158.9   0.38816
   1159.2   0.38815
   1159.5   0.38813
   1159.7   0.38822
   1160.0   0.38828
   1160.2   0.38822
   1160.5   0.38814
   1160.8   0.38811
   1161.0   0.38814
   1161.3   0.38817
   1161.5   0.38814
   1161.8   0.38810
   1162.1   0.38806
   1162.3   0.38804
   1162.6   0.38814
   1162.8   0.38815
   1163.1   0.38811
   1163.4   0.38806
   1163.6   0.38808
   1163.9   0.38817
   1164.2   0.38810
   1164.4   0.38801
   1164.7   0.38803
   1164.9   0.38806
   1165.2   0.38814
   1165.4   0.38808
   1165.7   0.38803
   1166.0   0.38804
   1166.2   0.38800
   1166.5   0.38796
   1166.8   0.38793
   1167.0   0.38795
   1167.3   0.38798
   1167.6   0.38794
   1167.8   0.38795
   1168.1   0.38801
   1168.3   0.38797
   1168.6   0.38789
   1168.9   0.38787
   1169.1   0.38793
   1169.4   0.38789
   1169.7   0.38779
   1169.9   0.38776
   1170.2   0.38783
   1170.4   0.38792
   1170.7   0.38793
   1171.0   0.38789
   1171.3   0.38779
   1171.5   0.38777
   1171.8   0.38780
   1172.0   0.38779
   1172.3   0.38777
   1172.6   0.38771
   1172.8   0.38774
   1173.1   0.38777
   1173.4   0.38774
   1173.6   0.38768
   1173.9   0.38770
   1174.2   0.38780
   1174.4   0.38776
   1174.7   0.38773
   1175.0   0.38775
   1175.2   0.38772
   1175.5   0.38769
   1175.8   0.38773
   1176.0   0.38775
   1176.3   0.38770
   1176.6   0.38769
   1176.8   0.38772
   1177.1   0.38774
   1177.4   0.38776
   1177.6   0.38771
   1177.9   0.38767
   1178.2   0.38763
   1178.4   0.38763
   1178.7   0.38767
   1179.0   0.38767
   1179.2   0.38765
   1179.5   0.38760
   1179.8   0.38760
   1180.0   0.38758
   1180.3   0.38763
   1180.6   0.38765
   1180.8   0.38762
   1181.1   0.38763
   1181.4   0.38767
   1181.7   0.38767
   1181.9   0.38761
   1182.2   0.38758
   1182.5   0.38757
   1182.7   0.38755
   1183.0   0.38754
   1183.3   0.38759
   1183.5   0.38760
   1183.8   0.38762
   1184.1   0.38766
   1184.4   0.38762
   1184.6   0.38759
   1184.9   0.38763
   1185.2   0.38760
   1185.4   0.38755
   1185.7   0.38750
   1186.0   0.38747
   1186.3   0.38748
   1186.5   0.38753
   1186.8   0.38752
   1187.1   0.38751
   1187.3   0.38746
   1187.6   0.38743
   1187.9   0.38748
   1188.2   0.38747
   1188.4   0.38748
   1188.7   0.38748
   1189.0   0.38747
   1189.3   0.38750
   1189.5   0.38747
   1189.8   0.38739
   1190.1   0.38735
   1190.3   0.38739
   1190.6   0.38744
   1190.9   0.38745
   1191.2   0.38741
   1191.4   0.38747
   1191.7   0.38749
   1192.0   0.38742
   1192.3   0.38739
   1192.5   0.38742
   1192.8   0.38748
   1193.1   0.38748
   1193.3   0.38743
   1193.6   0.38739
   1193.9   0.38734
   1194.2   0.38737
   1194.4   0.38740
   1194.7   0.38738
   1195.0   0.38743
   1195.3   0.38750
   1195.6   0.38745
   1195.8   0.38734
   1196.1   0.38728
   1196.4   0.38728
   1196.7   0.38726
   1196.9   0.38729
   1197.2   0.38734
   1197.5   0.38732
   1197.8   0.38725
   1198.0   0.38727
   1198.3   0.38730
   1198.6   0.38732
   1198.9   0.38726
   1199.2   0.38722
   1199.4   0.38724
   1199.7   0.38723
   1200.0   0.38725
   1200.3   0.38723
   1200.5   0.38725
   1200.8   0.38728
   1201.1   0.38731
   1201.4   0.38732
   1201.7   0.38728
   1201.9   0.38727
   1202.2   0.38724
   1202.5   0.38720
   1202.8   0.38715
   1203.0   0.38715
   1203.3   0.38725
   1203.6   0.38731
   1203.9   0.38725
   1204.2   0.38716
   1204.4   0.38715
   1204.7   0.38715
   1205.0   0.38714
   1205.3   0.38720
   1205.6   0.38720
   1205.8   0.38716
   1206.1   0.38717
   1206.4   0.38717
   1206.7   0.38719
   1207.0   0.38725
   1207.2   0.38717
   1207.5   0.38713
   1207.8   0.38715
   1208.1   0.38716
   1208.4   0.38721
   1208.7   0.38718
   1208.9   0.38714
   1209.2   0.38708
   1209.5   0.38709
   1209.8   0.38714
   1210.1   0.38713
   1210.3   0.38710
   1210.6   0.38711
   1210.9   0.38716
   1211.2   0.38719
   1211.5   0.38716
   1211.8   0.38713
   1212.0   0.38708
   1212.3   0.38710
   1212.6   0.38716
   1212.9   0.38712
   1213.2   0.38705
   1213.5   0.38704
   1213.7   0.38712
   1214.0   0.38718
   1214.3   0.38720
   1214.6   0.38716
   1214.9   0.38721
   1215.2   0.38725
   1215.4   0.38713
   1215.7   0.38706
   1216.0   0.38704
   1216.3   0.38712
   1216.6   0.38718
   1216.9   0.38716
   1217.2   0.38709
   1217.4   0.38707
   1217.7   0.38709
   1218.0   0.38711
   1218.3   0.38714
   1218.6   0.38717
   1218.9   0.38712
   1219.2   0.38705
   1219.4   0.38707
   1219.7   0.38708
   1220.0   0.38710
   1220.3   0.38710
   1220.6   0.38706
   1220.9   0.38703
   1221.2   0.38704
   1221.5   0.38706
   1221.8   0.38704
   1222.0   0.38705
   1222.3   0.38704
   1222.6   0.38704
   1222.9   0.38709
   1223.2   0.38707
   1223.5   0.38706
   1223.8   0.38710
   1224.1   0.38711
   1224.3   0.38709
   1224.6   0.38702
   1224.9   0.38703
   1225.2   0.38702
   1225.5   0.38701
   1225.8   0.38701
   1226.1   0.38701
   1226.4   0.38704
   1226.7   0.38708
   1227.0   0.38708
   1227.3   0.38705
   1227.5   0.38708
   1227.8   0.38711
   1228.1   0.38702
   1228.4   0.38692
   1228.7   0.38697
   1229.0   0.38707
   1229.3   0.38704
   1229.6   0.38699
   1229.9   0.38705
   1230.2   0.38707
   1230.4   0.38703
   1230.7   0.38707
   1231.0   0.38709
   1231.3   0.38710
   1231.6   0.38709
   1231.9   0.38706
   1232.2   0.38708
   1232.5   0.38708
   1232.8   0.38707
   1233.1   0.38705
   1233.4   0.38709
   1233.7   0.38710
   1234.0   0.38709
   1234.3   0.38713
   1234.6   0.38712
   1234.8   0.38708
   1235.1   0.38710
   1235.4   0.38709
   1235.7   0.38707
   1236.0   0.38709
   1236.3   0.38708
   1236.6   0.38709
   1236.9   0.38712
   1237.2   0.38714
   1237.5   0.38715
   1237.8   0.38716
   1238.1   0.38714
   1238.4   0.38709
   1238.7   0.38708
   1239.0   0.38708
   1239.3   0.38710
   1239.6   0.38715
   1239.9   0.38718
   1240.2   0.38716
   1240.5   0.38711
   1240.8   0.38712
   1241.1   0.38713
   1241.3   0.38713
   1241.7   0.38714
   1241.9   0.38717
   1242.2   0.38718
   1242.5   0.38711
   1242.8   0.38710
   1243.1   0.38717
   1243.4   0.38715
   1243.7   0.38719
   1244.0   0.38722
   1244.3   0.38717
   1244.6   0.38717
   1244.9   0.38717
   1245.2   0.38716
   1245.5   0.38719
   1245.8   0.38727
   1246.1   0.38721
   1246.4   0.38721
   1246.7   0.38727
   1247.0   0.38724
   1247.3   0.38722
   1247.6   0.38723
   1247.9   0.38724
   1248.2   0.38728
   1248.5   0.38732
   1248.8   0.38722
   1249.1   0.38716
   1249.4   0.38721
   1249.7   0.38726
   1250.0   0.38730
   1250.3   0.38728
   1250.6   0.38726
   1250.9   0.38726
   1251.2   0.38728
   1251.5   0.38724
   1251.8   0.38723
   1252.1   0.38729
   1252.4   0.38733
   1252.8   0.38732
   1253.1   0.38731
   1253.3   0.38729
   1253.7   0.38729
   1254.0   0.38734
   1254.3   0.38737
   1254.6   0.38736
   1254.9   0.38735
   1255.2   0.38734
   1255.5   0.38730
   1255.8   0.38732
   1256.1   0.38738
   1256.4   0.38739
   1256.7   0.38740
   1257.0   0.38735
   1257.3   0.38733
   1257.6   0.38736
   1257.9   0.38741
   1258.2   0.38735
   1258.5   0.38734
   1258.8   0.38740
   1259.1   0.38738
   1259.4   0.38736
   1259.8   0.38734
   1260.1   0.38738
   1260.4   0.38741
   1260.7   0.38742
   1261.0   0.38744
   1261.3   0.38749
   1261.6   0.38750
   1261.9   0.38747
   1262.2   0.38748
   1262.5   0.38749
   1262.8   0.38746
   1263.1   0.38749
   1263.4   0.38747
   1263.7   0.38739
   1264.1   0.38741
   1264.4   0.38748
   1264.7   0.38756
   1265.0   0.38755
   1265.3   0.38757
   1265.6   0.38751
   1265.9   0.38745
   1266.2   0.38744
   1266.5   0.38745
   1266.8   0.38751
   1267.1   0.38752
   1267.4   0.38751
   1267.8   0.38753
   1268.1   0.38755
   1268.4   0.38756
   1268.7   0.38759
   1269.0   0.38756
   1269.3   0.38754
   1269.6   0.38758
   1269.9   0.38759
   1270.2   0.38755
   1270.6   0.38756
   1270.9   0.38759
   1271.2   0.38763
   1271.5   0.38761
   1271.8   0.38761
   1272.1   0.38765
   1272.4   0.38765
   1272.7   0.38763
   1273.1   0.38768
   1273.4   0.38772
   1273.7   0.38768
   1274.0   0.38766
   1274.3   0.38769
   1274.6   0.38775
   1274.9   0.38777
   1275.2   0.38779
   1275.6   0.38781
   1275.9   0.38778
   1276.2   0.38771
   1276.5   0.38773
   1276.8   0.38778
   1277.1   0.38781
   1277.4   0.38787
   1277.8   0.38787
   1278.1   0.38782
   1278.4   0.38781
   1278.7   0.38782
   1279.0   0.38780
   1279.3   0.38783
   1279.7   0.38785
   1280.0   0.38785
   1280.3   0.38793
   1280.6   0.38794
   1280.9   0.38788
   1281.2   0.38788
   1281.6   0.38785
   1281.9   0.38786
   1282.2   0.38788
   1282.5   0.38793
   1282.8   0.38798
   1283.1   0.38801
   1283.4   0.38802
   1283.8   0.38799
   1284.1   0.38800
   1284.4   0.38805
   1284.7   0.38805
   1285.0   0.38799
   1285.4   0.38802
   1285.7   0.38811
   1286.0   0.38813
   1286.3   0.38809
   1286.6   0.38807
   1286.9   0.38808
   1287.3   0.38807
   1287.6   0.38808
   1287.9   0.38812
   1288.2   0.38814
   1288.6   0.38814
   1288.9   0.38817
   1289.2   0.38817
   1289.5   0.38815
   1289.8   0.38817
   1290.2   0.38815
   1290.5   0.38811
   1290.8   0.38810
   1291.1   0.38813
   1291.4   0.38820
   1291.8   0.38822
   1292.1   0.38821
   1292.4   0.38824
   1292.7   0.38826
   1293.1   0.38824
   1293.4   0.38827
   1293.7   0.38831
   1294.0   0.38829
   1294.3   0.38830
   1294.7   0.38829
   1295.0   0.38822
   1295.3   0.38822
   1295.6   0.38827
   1296.0   0.38835
   1296.3   0.38840
   1296.6   0.38839
   1296.9   0.38837
   1297.3   0.38835
   1297.6   0.38837
   1297.9   0.38837
   1298.2   0.38838
   1298.6   0.38843
   1298.9   0.38843
   1299.2   0.38845
   1299.5   0.38850
   1299.9   0.38850
   1300.2   0.38848
   1300.5   0.38849
   1300.8   0.38853
   1301.2   0.38852
   1301.5   0.38855
   1301.8   0.38860
   1302.1   0.38857
   1302.5   0.38852
   1302.8   0.38857
   1303.1   0.38859
   1303.4   0.38856
   1303.8   0.38853
   1304.1   0.38854
   1304.4   0.38859
   1304.8   0.38864
   1305.1   0.38865
   1305.4   0.38865
   1305.8   0.38867
   1306.1   0.38871
   1306.4   0.38870
   1306.7   0.38871
   1307.1   0.38876
   1307.4   0.38880
   1307.7   0.38883
   1308.1   0.38883
   1308.4   0.38879
   1308.7   0.38880
   1309.1   0.38881
   1309.4   0.38887
   1309.7   0.38890
   1310.0   0.38889
   1310.4   0.38889
   1310.7   0.38890
   1311.0   0.38897
   1311.4   0.38893
   1311.7   0.38888
   1312.0   0.38893
   1312.4   0.38897
   1312.7   0.38898
   1313.0   0.38904
   1313.4   0.38904
   1313.7   0.38899
   1314.0   0.38900
   1314.4   0.38902
   1314.7   0.38903
   1315.0   0.38902
   1315.4   0.38905
   1315.7   0.38907
   1316.0   0.38913
   1316.4   0.38921
   1316.7   0.38918
   1317.0   0.38916
   1317.4   0.38918
   1317.7   0.38919
   1318.0   0.38921
   1318.4   0.38924
   1318.7   0.38924
   1319.0   0.38918
   1319.4   0.38918
   1319.7   0.38926
   1320.1   0.38929
   1320.4   0.38929
   1320.7   0.38931
   1321.1   0.38933
   1321.4   0.38932
   1321.7   0.38935
   1322.1   0.38940
   1322.4   0.38939
   1322.7   0.38938
   1323.1   0.38939
   1323.4   0.38941
   1323.8   0.38944
   1324.1   0.38947
   1324.4   0.38949
   1324.8   0.38950
   1325.1   0.38950
   1325.4   0.38952
   1325.8   0.38954
   1326.1   0.38954
   1326.5   0.38954
   1326.8   0.38957
   1327.1   0.38960
   1327.5   0.38963
   1327.8   0.38963
   1328.2   0.38963
   1328.5   0.38964
   1328.8   0.38968
   1329.2   0.38970
   1329.5   0.38973
   1329.9   0.38975
   1330.2   0.38973
   1330.6   0.38978
   1330.9   0.38985
   1331.2   0.38988
   1331.6   0.38990
   1331.9   0.38986
   1332.3   0.38983
   1332.6   0.38984
   1332.9   0.38984
   1333.3   0.38985
   1333.6   0.38988
   1334.0   0.38988
   1334.3   0.38985
   1334.7   0.38989
   1335.0   0.38996
   1335.3   0.38999
   1335.7   0.39001
   1336.0   0.38999
   1336.4   0.38998
   1336.7   0.38999
   1337.1   0.39006
   1337.4   0.39009
   1337.8   0.39006
   1338.1   0.39005
   1338.4   0.39007
   1338.8   0.39008
   1339.1   0.39015
   1339.5   0.39020
   1339.8   0.39018
   1340.2   0.39019
   1340.5   0.39018
   1340.9   0.39018
   1341.2   0.39021
   1341.6   0.39024
   1341.9   0.39029
   1342.3   0.39033
   1342.6   0.39034
   1342.9   0.39031
   1343.3   0.39034
   1343.7   0.39039
   1344.0   0.39039
   1344.3   0.39041
   1344.7   0.39043
   1345.0   0.39044
   1345.4   0.39047
   1345.7   0.39051
   1346.1   0.39050
   1346.4   0.39049
   1346.8   0.39051
   1347.1   0.39057
   1347.5   0.39058
   1347.8   0.39058
   1348.2   0.39057
   1348.5   0.39060
   1348.9   0.39062
   1349.3   0.39064
   1349.6   0.39066
   1349.9   0.39064
   1350.3   0.39065
   1350.7   0.39066
   1351.0   0.39072
   1351.3   0.39074
   1351.7   0.39076
   1352.1   0.39077
   1352.4   0.39078
   1352.8   0.39083
   1353.1   0.39084
   1353.5   0.39085
   1353.8   0.39089
   1354.2   0.39087
   1354.5   0.39088
   1354.9   0.39092
   1355.2   0.39091
   1355.6   0.39094
   1355.9   0.39099
   1356.3   0.39098
   1356.7   0.39099
   1357.0   0.39104
   1357.4   0.39108
   1357.7   0.39108
   1358.1   0.39108
   1358.4   0.39111
   1358.8   0.39118
   1359.2   0.39120
   1359.5   0.39116
   1359.9   0.39117
   1360.2   0.39121
   1360.6   0.39121
   1360.9   0.39125
   1361.3   0.39129
   1361.7   0.39132
   1362.0   0.39131
   1362.4   0.39130
   1362.7   0.39128
   1363.1   0.39129
   1363.4   0.39134
   1363.8   0.39137
   1364.2   0.39138
   1364.5   0.39142
   1364.9   0.39146
   1365.2   0.39147
   1365.6   0.39148
   1365.9   0.39146
   1366.3   0.39148
   1366.7   0.39151
   1367.0   0.39156
   1367.4   0.39163
   1367.8   0.39165
   1368.1   0.39162
   1368.5   0.39160
   1368.8   0.39162
   1369.2   0.39165
   1369.6   0.39168
   1369.9   0.39173
   1370.3   0.39180
   1370.7   0.39181
   1371.0   0.39180
   1371.4   0.39185
   1371.7   0.39186
   1372.1   0.39186
   1372.5   0.39183
   1372.8   0.39183
   1373.2   0.39190
   1373.6   0.39189
   1373.9   0.39186
   1374.3   0.39186
   1374.6   0.39187
   1375.0   0.39191
   1375.4   0.39198
   1375.7   0.39202
   1376.1   0.39203
   1376.5   0.39206
   1376.8   0.39211
   1377.2   0.39214
   1377.6   0.39211
   1377.9   0.39210
   1378.3   0.39215
   1378.7   0.39220
   1379.0   0.39219
   1379.4   0.39219
   1379.8   0.39221
   1380.1   0.39222
   1380.5   0.39227
   1380.9   0.39233
   1381.2   0.39233
   1381.6   0.39230
   1382.0   0.39235
   1382.3   0.39241
   1382.7   0.39242
   1383.1   0.39242
   1383.4   0.39245
   1383.8   0.39245
   1384.2   0.39246
   1384.6   0.39248
   1384.9   0.39249
   1385.3   0.39250
   1385.7   0.39254
   1386.0   0.39256
   1386.4   0.39260
   1386.8   0.39264
   1387.2   0.39266
   1387.5   0.39267
   1387.9   0.39268
   1388.3   0.39271
   1388.6   0.39280
   1389.0   0.39283
   1389.4   0.39278
   1389.8   0.39280
   1390.1   0.39283
   1390.5   0.39283
   1390.9   0.39285
   1391.2   0.39288
   1391.6   0.39290
   1392.0   0.39296
   1392.4   0.39300
   1392.7   0.39301
   1393.1   0.39305
   1393.5   0.39309
   1393.9   0.39311
   1394.2   0.39312
   1394.6   0.39312
   1395.0   0.39312
   1395.4   0.39317
   1395.7   0.39318
   1396.1   0.39319
   1396.5   0.39321
   1396.9   0.39324
   1397.2   0.39328
   1397.6   0.39331
   1398.0   0.39329
   1398.4   0.39328
   1398.8   0.39330
   1399.1   0.39332
   1399.5   0.39334
   1399.9   0.39338
   1400.3   0.39346
   1400.6   0.39347
   1401.0   0.39347
   1401.4   0.39351
   1401.8   0.39357
   1402.2   0.39353
   1402.5   0.39353
   1402.9   0.39359
   1403.3   0.39362
   1403.7   0.39364
   1404.1   0.39364
   1404.4   0.39368
   1404.8   0.39371
   1405.2   0.39372
   1405.6   0.39378
   1406.0   0.39380
   1406.3   0.39382
   1406.7   0.39383
   1407.1   0.39385
   1407.5   0.39389
   1407.9   0.39385
   1408.3   0.39383
   1408.6   0.39386
   1409.0   0.39389
   1409.4   0.39394
   1409.8   0.39399
   1410.2   0.39403
   1410.6   0.39404
   1410.9   0.39405
   1411.3   0.39407
   1411.7   0.39408
   1412.1   0.39410
   1412.5   0.39417
   1412.8   0.39422
   1413.2   0.39424
   1413.6   0.39423
   1414.0   0.39422
   1414.4   0.39422
   1414.8   0.39427
   1415.2   0.39434
   1415.6   0.39436
   1415.9   0.39435
   1416.3   0.39442
   1416.7   0.39450
   1417.1   0.39453
   1417.5   0.39450
   1417.9   0.39448
   1418.3   0.39451
   1418.7   0.39450
   1419.0   0.39451
   1419.4   0.39453
   1419.8   0.39461
   1420.2   0.39468
   1420.6   0.39469
   1421.0   0.39471
   1421.4   0.39471
   1421.8   0.39471
   1422.2   0.39474
   1422.5   0.39477
   1422.9   0.39478
   1423.3   0.39482
   1423.7   0.39486
   1424.1   0.39487
   1424.5   0.39488
   1424.9   0.39490
   1425.3   0.39494
   1425.7   0.39496
   1426.1   0.39498
   1426.5   0.39502
   1426.8   0.39507
   1427.2   0.39508
   1427.6   0.39507
   1428.0   0.39511
   1428.4   0.39517
   1428.8   0.39515
   1429.2   0.39512
   1429.6   0.39518
   1430.0   0.39524
   1430.4   0.39527
   1430.8   0.39526
   1431.2   0.39525
   1431.6   0.39531
   1432.0   0.39533
   1432.4   0.39533
   1432.8   0.39534
   1433.2   0.39535
   1433.6   0.39538
   1433.9   0.39546
   1434.3   0.39551
   1434.8   0.39551
   1435.1   0.39553
   1435.5   0.39556
   1435.9   0.39560
   1436.3   0.39564
   1436.7   0.39564
   1437.1   0.39569
   1437.5   0.39572
   1437.9   0.39576
   1438.3   0.39577
   1438.7   0.39574
   1439.1   0.39575
   1439.5   0.39579
   1439.9   0.39580
   1440.3   0.39581
   1440.7   0.39587
   1441.1   0.39592
   1441.5   0.39597
   1441.9   0.39597
   1442.3   0.39601
   1442.7   0.39605
   1443.1   0.39606
   1443.5   0.39609
   1443.9   0.39610
   1444.3   0.39608
   1444.7   0.39609
   1445.1   0.39612
   1445.6   0.39614
   1445.9   0.39620
   1446.3   0.39624
   1446.8   0.39623
   1447.2   0.39625
   1447.6   0.39626
   1448.0   0.39630
   1448.4   0.39633
   1448.8   0.39635
   1449.2   0.39640
   1449.6   0.39642
   1450.0   0.39644
   1450.4   0.39646
   1450.8   0.39647
   1451.2   0.39649
   1451.6   0.39652
   1452.0   0.39655
   1452.4   0.39658
   1452.8   0.39660
   1453.2   0.39663
   1453.7   0.39664
   1454.1   0.39665
   1454.5   0.39669
   1454.9   0.39672
   1455.3   0.39672
   1455.7   0.39676
   1456.1   0.39677
   1456.5   0.39678
   1456.9   0.39681
   1457.3   0.39685
   1457.7   0.39691
   1458.2   0.39695
   1458.6   0.39693
   1459.0   0.39693
   1459.4   0.39696
   1459.8   0.39699
   1460.2   0.39703
   1460.6   0.39705
   1461.0   0.39707
   1461.4   0.39713
   1461.8   0.39719
   1462.3   0.39718
   1462.7   0.39715
   1463.1   0.39720
   1463.5   0.39724
   1463.9   0.39725
   1464.3   0.39732
   1464.7   0.39736
   1465.2   0.39735
   1465.6   0.39737
   1466.0   0.39738
   1466.4   0.39739
   1466.8   0.39743
   1467.2   0.39748
   1467.6   0.39750
   1468.1   0.39754
   1468.5   0.39756
   1468.9   0.39756
   1469.3   0.39759
   1469.7   0.39764
   1470.1   0.39766
   1470.6   0.39767
   1471.0   0.39769
   1471.4   0.39772
   1471.8   0.39776
   1472.2   0.39780
   1472.6   0.39782
   1473.1   0.39787
   1473.5   0.39789
   1473.9   0.39789
   1474.3   0.39786
   1474.7   0.39787
   1475.2   0.39791
   1475.6   0.39792
   1476.0   0.39796
   1476.4   0.39801
   1476.8   0.39802
   1477.3   0.39806
   1477.7   0.39810
   1478.1   0.39811
   1478.5   0.39812
   1478.9   0.39817
   1479.4   0.39816
   1479.8   0.39816
   1480.2   0.39821
   1480.6   0.39826
   1481.1   0.39827
   1481.5   0.39828
   1481.9   0.39831
   1482.3   0.39832
   1482.8   0.39830
   1483.2   0.39831
   1483.6   0.39836
   1484.0   0.39841
   1484.4   0.39842
   1484.9   0.39844
   1485.3   0.39844
   1485.7   0.39847
   1486.2   0.39853
   1486.6   0.39855
   1487.0   0.39854
   1487.4   0.39853
   1487.9   0.39856
   1488.3   0.39859
   1488.7   0.39863
   1489.1   0.39866
   1489.6   0.39869
   1490.0   0.39873
   1490.4   0.39875
   1490.8   0.39876
   1491.3   0.39875
   1491.7   0.39875
   1492.1   0.39876
   1492.6   0.39879
   1493.0   0.39884
   1493.4   0.39889
   1493.9   0.39892
   1494.3   0.39894
   1494.7   0.39896
   1495.2   0.39901
   1495.6   0.39908
   1496.0   0.39907
   1496.4   0.39904
   1496.9   0.39904
   1497.3   0.39907
   1497.7   0.39915
   1498.2   0.39916
   1498.6   0.39916
   1499.0   0.39918
   1499.5   0.39922
   1499.9   0.39923
   1500.3   0.39922
   1500.8   0.39925
   1501.2   0.39927
   1501.7   0.39927
   1502.1   0.39929
   1502.5   0.39934
   1502.9   0.39934
   1503.4   0.39939
   1503.8   0.39941
   1504.3   0.39939
   1504.7   0.39944
   1505.1   0.39951
   1505.6   0.39952
   1506.0   0.39954
   1506.4   0.39955
   1506.9   0.39955
   1507.3   0.39960
   1507.8   0.39963
   1508.2   0.39963
   1508.6   0.39963
   1509.1   0.39966
   1509.5   0.39970
   1510.0   0.39974
   1510.4   0.39977
   1510.8   0.39978
   1511.3   0.39980
   1511.7   0.39982
   1512.2   0.39985
   1512.6   0.39988
   1513.0   0.39987
   1513.5   0.39986
   1513.9   0.39989
   1514.4   0.39990
   1514.8   0.39990
   1515.3   0.39995
   1515.7   0.39997
   1516.1   0.39999
   1516.6   0.39999
   1517.0   0.40001
   1517.5   0.40006
   1517.9   0.40010
   1518.4   0.40013
   1518.8   0.40017
   1519.3   0.40019
   1519.7   0.40020
   1520.1   0.40022
   1520.6   0.40026
   1521.0   0.40026
   1521.5   0.40026
   1521.9   0.40031
   1522.4   0.40036
   1522.8   0.40035
   1523.3   0.40033
   1523.7   0.40034
   1524.2   0.40037
   1524.6   0.40039
   1525.1   0.40040
   1525.5   0.40045
   1525.9   0.40048
   1526.4   0.40047
   1526.8   0.40046
   1527.3   0.40045
   1527.8   0.40047
   1528.2   0.40055
   1528.7   0.40061
   1529.1   0.40062
   1529.6   0.40059
   1530.0   0.40059
   1530.5   0.40063
   1530.9   0.40070
   1531.4   0.40074
   1531.8   0.40071
   1532.3   0.40067
   1532.7   0.40068
   1533.2   0.40074
   1533.6   0.40072
   1534.1   0.40072
   1534.5   0.40075
   1535.0   0.40080
   1535.4   0.40081
   1535.9   0.40083
   1536.3   0.40084
   1536.8   0.40085
   1537.3   0.40090
   1537.7   0.40090
   1538.2   0.40091
   1538.6   0.40091
   1539.1   0.40093
   1539.6   0.40096
   1540.0   0.40093
   1540.5   0.40096
   1540.9   0.40101
   1541.4   0.40102
   1541.8   0.40105
   1542.3   0.40110
   1542.8   0.40111
   1543.2   0.40109
   1543.7   0.40110
   1544.1   0.40110
   1544.6   0.40109
   1545.1   0.40110
   1545.5   0.40114
   1546.0   0.40117
   1546.4   0.40121
   1546.9   0.40120
   1547.4   0.40118
   1547.8   0.40122
   1548.3   0.40124
   1548.8   0.40123
   1549.2   0.40123
   1549.7   0.40124
   1550.1   0.40126
   1550.6   0.40130
   1551.1   0.40131
   1551.5   0.40132
   1552.0   0.40134
   1552.4   0.40134
   1552.9   0.40135
   1553.4   0.40137
   1553.8   0.40134
   1554.3   0.40130
   1554.8   0.40132
   1555.3   0.40140
   1555.7   0.40145
   1556.2   0.40144
   1556.7   0.40145
   1557.1   0.40146
   1557.6   0.40146
   1558.1   0.40151
   1558.5   0.40157
   1559.0   0.40154
   1559.5   0.40151
   1559.9   0.40153
   1560.4   0.40154
   1560.9   0.40160
   1561.3   0.40161
   1561.8   0.40161
   1562.3   0.40161
   1562.8   0.40159
   1563.2   0.40159
   1563.7   0.40161
   1564.2   0.40163
   1564.6   0.40164
   1565.1   0.40167
   1565.6   0.40171
   1566.1   0.40175
   1566.5   0.40174
   1567.0   0.40177
   1567.5   0.40178
   1567.9   0.40177
   1568.4   0.40179
   1568.9   0.40181
   1569.4   0.40179
   1569.8   0.40180
   1570.3   0.40180
   1570.8   0.40179
   1571.3   0.40180
   1571.8   0.40181
   1572.2   0.40183
   1572.7   0.40183
   1573.2   0.40185
   1573.7   0.40189
   1574.1   0.40190
   1574.6   0.40188
   1575.1   0.40191
   1575.6   0.40191
   1576.1   0.40189
   1576.5   0.40192
   1577.0   0.40197
   1577.5   0.40197
   1578.0   0.40195
   1578.4   0.40197
   1578.9   0.40199
   1579.4   0.40197
   1579.9   0.40197
   1580.4   0.40201
   1580.9   0.40207
   1581.3   0.40207
   1581.8   0.40205
   1582.3   0.40205
   1582.8   0.40207
   1583.3   0.40211
   1583.8   0.40212
   1584.2   0.40209
   1584.7   0.40211
   1585.2   0.40211
   1585.7   0.40211
   1586.2   0.40211
   1586.7   0.40211
   1587.2   0.40212
   1587.6   0.40215
   1588.1   0.40218
   1588.6   0.40217
   1589.1   0.40217
   1589.6   0.40216
   1590.1   0.40216
   1590.6   0.40216
   1591.0   0.40217
   1591.5   0.40217
   1592.0   0.40218
   1592.5   0.40218
   1593.0   0.40218
   1593.5   0.40221
   1594.0   0.40223
   1594.5   0.40226
   1595.0   0.40226
   1595.4   0.40225
   1595.9   0.40224
   1596.4   0.40225
   1596.9   0.40228
   1597.4   0.40232
   1597.9   0.40234
   1598.4   0.40232
   1598.9   0.40233
   1599.4   0.40237
   1599.9   0.40238
   1600.4   0.40238
   1600.9   0.40235
   1601.4   0.40233
   1601.9   0.40236
   1602.3   0.40238
   1602.8   0.40240
   1603.3   0.40243
   1603.8   0.40244
   1604.3   0.40243
   1604.8   0.40243
   1605.3   0.40241
   1605.8   0.40243
   1606.3   0.40247
   1606.8   0.40249
   1607.3   0.40251
   1607.8   0.40250
   1608.3   0.40249
   1608.8   0.40248
   1609.3   0.40248
   1609.8   0.40251
   1610.3   0.40251
   1610.8   0.40247
   1611.3   0.40247
   1611.8   0.40249
   1612.3   0.40253
   1612.8   0.40256
   1613.3   0.40255
   1613.8   0.40252
   1614.3   0.40251
   1614.8   0.40255
   1615.3   0.40259
   1615.8   0.40261
   1616.3   0.40259
   1616.8   0.40257
   1617.3   0.40258
   1617.8   0.40259
   1618.4   0.40261
   1618.9   0.40258
   1619.4   0.40256
   1619.9   0.40259
   1620.4   0.40264
   1620.9   0.40266
   1621.4   0.40264
   1621.9   0.40263
   1622.4   0.40262
   1622.9   0.40264
   1623.4   0.40264
   1623.9   0.40262
   1624.4   0.40263
   1624.9   0.40268
   1625.5   0.40267
   1626.0   0.40267
   1626.5   0.40267
   1627.0   0.40263
   1627.5   0.40266
   1628.0   0.40271
   1628.5   0.40273
   1629.0   0.40268
   1629.6   0.40268
   1630.1   0.40271
   1630.6   0.40268
   1631.1   0.40268
   1631.6   0.40269
   1632.1   0.40266
   1632.6   0.40269
   1633.1   0.40271
   1633.7   0.40269
   1634.2   0.40267
   1634.7   0.40269
   1635.2   0.40272
   1635.7   0.40270
   1636.2   0.40271
   1636.8   0.40270
   1637.3   0.40271
   1637.8   0.40274
   1638.3   0.40276
   1638.8   0.40277
   1639.3   0.40277
   1639.8   0.40275
   1640.4   0.40273
   1640.9   0.40276
   1641.4   0.40278
   1641.9   0.40277
   1642.4   0.40274
   1643.0   0.40276
   1643.5   0.40278
   1644.0   0.40277
   1644.5   0.40276
   1645.1   0.40273
   1645.6   0.40272
   1646.1   0.40275
   1646.6   0.40278
   1647.2   0.40277
   1647.7   0.40277
   1648.2   0.40279
   1648.7   0.40280
   1649.2   0.40281
   1649.8   0.40279
   1650.3   0.40278
   1650.8   0.40278
   1651.3   0.40274
   1651.9   0.40273
   1652.4   0.40276
   1652.9   0.40275
   1653.4   0.40273
   1654.0   0.40272
   1654.5   0.40274
   1655.0   0.40278
   1655.6   0.40279
   1656.1   0.40279
   1656.6   0.40283
   1657.2   0.40287
   1657.7   0.40283
   1658.2   0.40280
   1658.7   0.40280
   1659.3   0.40280
   1659.8   0.40283
   1660.3   0.40285
   1660.9   0.40285
   1661.4   0.40284
   1661.9   0.40281
   1662.5   0.40280
   1663.0   0.40282
   1663.5   0.40285
   1664.1   0.40284
   1664.6   0.40283
   1665.1   0.40283
   1665.7   0.40283
   1666.2   0.40284
   1666.7   0.40284
   1667.3   0.40283
   1667.8   0.40281
   1668.3   0.40276
   1668.9   0.40275
   1669.4   0.40279
   1670.0   0.40279
   1670.5   0.40281
   1671.0   0.40284
   1671.6   0.40283
   1672.1   0.40282
   1672.7   0.40283
   1673.2   0.40280
   1673.7   0.40278
   1674.3   0.40278
   1674.8   0.40278
   1675.4   0.40277
   1675.9   0.40276
   1676.4   0.40278
   1677.0   0.40278
   1677.5   0.40276
   1678.1   0.40282
   1678.6   0.40284
   1679.2   0.40283
   1679.7   0.40283
   1680.2   0.40281
   1680.8   0.40279
   1681.3   0.40280
   1681.9   0.40280
   1682.4   0.40280
   1683.0   0.40278
   1683.5   0.40277
   1684.1   0.40281
   1684.6   0.40283
   1685.2   0.40284
   1685.7   0.40287
   1686.3   0.40284
   1686.8   0.40282
   1687.3   0.40282
   1687.9   0.40283
   1688.4   0.40283
   1689.0   0.40284
   1689.6   0.40286
   1690.1   0.40285
   1690.7   0.40285
   1691.2   0.40285
   1691.8   0.40286
   1692.3   0.40288
   1692.9   0.40290
   1693.4   0.40290
   1694.0   0.40290
   1694.5   0.40286
   1695.1   0.40286
   1695.6   0.40286
   1696.2   0.40287
   1696.7   0.40287
   1697.3   0.40288
   1697.8   0.40289
   1698.4   0.40289
   1699.0   0.40289
   1699.5   0.40290
   1700.1   0.40290
   1700.6   0.40292
   1701.2   0.40292
   1701.8   0.40289
   1702.3   0.40289
   1702.9   0.40291
   1703.4   0.40289
   1704.0   0.40289
   1704.6   0.40291
   1705.1   0.40292
   1705.7   0.40291
   1706.2   0.40292
   1706.8   0.40293
   1707.4   0.40295
   1707.9   0.40294
   1708.5   0.40292
   1709.0   0.40293
   1709.6   0.40294
   1710.2   0.40295
   1710.7   0.40294
   1711.3   0.40295
   1711.9   0.40298
   1712.4   0.40299
   1713.0   0.40296
   1713.6   0.40299
   1714.1   0.40300
   1714.7   0.40298
   1715.3   0.40297
   1715.8   0.40297
   1716.4   0.40299
   1717.0   0.40303
   1717.5   0.40306
   1718.1   0.40305
   1718.7   0.40304
   1719.2   0.40303
   1719.8   0.40302
   1720.4   0.40305
   1721.0   0.40305
   1721.5   0.40306
   1722.1   0.40306
   1722.7   0.40307
   1723.2   0.40305
   1723.8   0.40303
   1724.4   0.40305
   1725.0   0.40307
   1725.5   0.40308
   1726.1   0.40310
   1726.7   0.40310
   1727.3   0.40308
   1727.8   0.40305
   1728.4   0.40304
   1729.0   0.40307
   1729.6   0.40306
   1730.1   0.40305
   1730.7   0.40308
   1731.3   0.40309
   1731.9   0.40309
   1732.5   0.40310
   1733.0   0.40317
   1733.6   0.40322
   1734.2   0.40320
   1734.8   0.40316
   1735.4   0.40319
   1735.9   0.40323
   1736.5   0.40323
   1737.1   0.40326
   1737.7   0.40330
   1738.3   0.40330
   1738.8   0.40328
   1739.4   0.40332
   1740.0   0.40337
   1740.6   0.40338
   1741.2   0.40337
   1741.8   0.40335
   1742.3   0.40332
   1742.9   0.40334
   1743.5   0.40336
   1744.1   0.40337
   1744.7   0.40338
   1745.3   0.40338
   1745.9   0.40339
   1746.5   0.40340
   1747.1   0.40339
   1747.6   0.40340
   1748.2   0.40339
   1748.8   0.40338
   1749.4   0.40337
   1750.0   0.40338
   1750.6   0.40337
   1751.2   0.40338
   1751.8   0.40343
   1752.4   0.40344
   1753.0   0.40345
   1753.6   0.40344
   1754.1   0.40342
   1754.7   0.40339
   1755.3   0.40342
   1755.9   0.40348
   1756.5   0.40351
   1757.1   0.40349
   1757.7   0.40347
   1758.3   0.40349
   1758.9   0.40353
   1759.5   0.40350
   1760.1   0.40349
   1760.7   0.40350
   1761.3   0.40350
   1761.9   0.40350
   1762.5   0.40351
   1763.1   0.40350
   1763.7   0.40350
   1764.3   0.40351
   1764.9   0.40351
   1765.5   0.40354
   1766.1   0.40357
   1766.7   0.40357
   1767.3   0.40358
   1767.9   0.40361
   1768.5   0.40366
   1769.1   0.40368
   1769.7   0.40366
   1770.3   0.40363
   1770.9   0.40364
   1771.5   0.40366
   1772.1   0.40365
   1772.7   0.40364
   1773.3   0.40365
   1773.9   0.40367
   1774.6   0.40369
   1775.2   0.40368
   1775.8   0.40371
   1776.4   0.40376
   1777.0   0.40375
   1777.6   0.40372
   1778.2   0.40373
   1778.8   0.40377
   1779.4   0.40381
   1780.0   0.40382
   1780.7   0.40380
   1781.3   0.40380
   1781.9   0.40380
   1782.5   0.40380
   1783.1   0.40384
   1783.7   0.40386
   1784.3   0.40384
   1784.9   0.40381
   1785.6   0.40382
   1786.2   0.40385
   1786.8   0.40386
   1787.4   0.40388
   1788.0   0.40389
   1788.6   0.40384
   1789.3   0.40384
   1789.9   0.40388
   1790.5   0.40391
   1791.1   0.40396
   1791.7   0.40399
   1792.3   0.40393
   1793.0   0.40390
   1793.6   0.40390
   1794.2   0.40393
   1794.8   0.40396
   1795.4   0.40398
   1796.1   0.40398
   1796.7   0.40400
   1797.3   0.40402
   1797.9   0.40404
   1798.6   0.40404
   1799.2   0.40400
   1799.8   0.40400
   1800.4   0.40405
   1801.1   0.40407
   1801.7   0.40405
   1802.3   0.40409
   1802.9   0.40411
   1803.6   0.40409
   1804.2   0.40410
   1804.8   0.40415
   1805.4   0.40416
   1806.1   0.40411
   1806.7   0.40408
   1807.3   0.40410
   1808.0   0.40413
   1808.6   0.40414
   1809.2   0.40413
   1809.9   0.40412
   1810.5   0.40412
   1811.1   0.40413
   1811.8   0.40418
   1812.4   0.40421
   1813.0   0.40420
   1813.7   0.40419
   1814.3   0.40418
   1814.9   0.40420
   1815.6   0.40425
   1816.2   0.40427
   1816.8   0.40425
   1817.5   0.40423
   1818.1   0.40422
   1818.8   0.40421
   1819.4   0.40422
   1820.0   0.40426
   1820.7   0.40427
   1821.3   0.40426
   1821.9   0.40426
   1822.6   0.40427
   1823.2   0.40429
   1823.9   0.40431
   1824.5   0.40433
   1825.2   0.40433
   1825.8   0.40433
   1826.4   0.40433
   1827.1   0.40435
   1827.7   0.40434
   1828.4   0.40435
   1829.0   0.40436
   1829.7   0.40437
   1830.3   0.40439
   1831.0   0.40438
   1831.6   0.40438
   1832.3   0.40439
   1832.9   0.40439
   1833.6   0.40440
   1834.2   0.40441
   1834.8   0.40441
   1835.5   0.40441
   1836.1   0.40442
   1836.8   0.40441
   1837.4   0.40442
   1838.1   0.40445
   1838.8   0.40447
   1839.4   0.40449
   1840.1   0.40449
   1840.7   0.40450
   1841.4   0.40451
   1842.0   0.40451
   1842.7   0.40451
   1843.3   0.40453
   1844.0   0.40452
   1844.6   0.40451
   1845.3   0.40452
   1845.9   0.40455
   1846.6   0.40456
   1847.3   0.40457
   1847.9   0.40459
   1848.6   0.40460
   1849.2   0.40462
   1849.9   0.40462
   1850.6   0.40461
   1851.2   0.40462
   1851.9   0.40464
   1852.6   0.40466
   1853.2   0.40467
   1853.9   0.40467
   1854.5   0.40468
   1855.2   0.40469
   1855.9   0.40469
   1856.5   0.40468
   1857.2   0.40472
   1857.9   0.40474
   1858.5   0.40473
   1859.2   0.40473
   1859.9   0.40477
   1860.5   0.40478
   1861.2   0.40480
   1861.9   0.40482
   1862.5   0.40480
   1863.2   0.40478
   1863.9   0.40478
   1864.5   0.40479
   1865.2   0.40482
   1865.9   0.40484
   1866.6   0.40485
   1867.2   0.40485
   1867.9   0.40484
   1868.6   0.40485
   1869.2   0.40487
   1869.9   0.40488
   1870.6   0.40492
   1871.3   0.40491
   1871.9   0.40491
   1872.6   0.40492
   1873.3   0.40493
   1874.0   0.40495
   1874.7   0.40495
   1875.3   0.40497
   1876.0   0.40499
   1876.7   0.40497
   1877.4   0.40496
   1878.0   0.40498
   1878.7   0.40498
   1879.4   0.40501
   1880.1   0.40505
   1880.8   0.40505
   1881.4   0.40507
   1882.1   0.40508
   1882.8   0.40505
   1883.5   0.40500
   1884.2   0.40499
   1884.9   0.40503
   1885.6   0.40506
   1886.2   0.40504
   1886.9   0.40507
   1887.6   0.40511
   1888.3   0.40512
   1889.0   0.40510
   1889.7   0.40508
   1890.4   0.40507
   1891.1   0.40510
   1891.8   0.40513
   1892.4   0.40514
   1893.1   0.40512
   1893.8   0.40511
   1894.5   0.40515
   1895.2   0.40517
   1895.9   0.40518
   1896.6   0.40518
   1897.3   0.40518
   1898.0   0.40520
   1898.7   0.40521
   1899.4   0.40517
   1900.1   0.40515
   1900.8   0.40518
   1901.5   0.40519
   1902.2   0.40519
   1902.9   0.40521
   1903.6   0.40523
   1904.3   0.40522
   1905.0   0.40520
   1905.7   0.40519
   1906.4   0.40522
   1907.1   0.40522
   1907.8   0.40520
   1908.5   0.40520
   1909.2   0.40523
   1909.9   0.40526
   1910.6   0.40527
   1911.3   0.40526
   1912.0   0.40525
   1912.7   0.40524
   1913.4   0.40526
   1914.1   0.40527
   1914.8   0.40527
   1915.5   0.40529
   1916.2   0.40529
   1916.9   0.40529
   1917.6   0.40530
   1918.3   0.40533
   1919.1   0.40538
   1919.8   0.40539
   1920.5   0.40537
   1921.2   0.40539
   1921.9   0.40540
   1922.6   0.40536
   1923.3   0.40535
   1924.0   0.40539
   1924.8   0.40541
   1925.5   0.40540
   1926.2   0.40539
   1926.9   0.40538
   1927.6   0.40538
   1928.3   0.40540
   1929.1   0.40543
   1929.8   0.40546
   1930.5   0.40546
   1931.2   0.40547
   1931.9   0.40547
   1932.7   0.40543
   1933.4   0.40547
   1934.1   0.40548
   1934.8   0.40546
   1935.5   0.40548
   1936.3   0.40550
   1937.0   0.40551
   1937.7   0.40553
   1938.4   0.40556
   1939.2   0.40558
   1939.9   0.40560
   1940.6   0.40562
   1941.3   0.40562
   1942.1   0.40563
   1942.8   0.40564
   1943.5   0.40567
   1944.2   0.40568
   1945.0   0.40566
   1945.7   0.40566
   1946.4   0.40567
   1947.2   0.40569
   1947.9   0.40573
   1948.6   0.40574
   1949.4   0.40573
   1950.1   0.40572
   1950.8   0.40573
   1951.6   0.40574
   1952.3   0.40574
   1953.0   0.40575
   1953.8   0.40578
   1954.5   0.40578
   1955.2   0.40577
   1956.0   0.40580
   1956.7   0.40584
   1957.5   0.40584
   1958.2   0.40588
   1958.9   0.40591
   1959.7   0.40592
   1960.4   0.40594
   1961.2   0.40593
   1961.9   0.40591
   1962.6   0.40591
   1963.4   0.40596
   1964.1   0.40598
   1964.9   0.40596
   1965.6   0.40595
   1966.4   0.40598
   1967.1   0.40601
   1967.9   0.40600
   1968.6   0.40601
   1969.3   0.40601
   1970.1   0.40601
   1970.8   0.40601
   1971.6   0.40600
   1972.3   0.40601
   1973.1   0.40603
   1973.8   0.40606
   1974.6   0.40607
   1975.3   0.40606
   1976.1   0.40606
   1976.9   0.40609
   1977.6   0.40613
   1978.4   0.40611
   1979.1   0.40612
   1979.9   0.40614
   1980.6   0.40613
   1981.4   0.40612
   1982.2   0.40614
   1982.9   0.40616
   1983.7   0.40617
   1984.4   0.40618
   1985.2   0.40620
   1985.9   0.40622
   1986.7   0.40624
   1987.5   0.40625
   1988.2   0.40628
   1989.0   0.40629
   1989.8   0.40629
   1990.5   0.40630
   1991.3   0.40632
   1992.1   0.40635
   1992.8   0.40635
   1993.6   0.40632
   1994.3   0.40633
   1995.1   0.40636
   1995.9   0.40635
   1996.7   0.40636
   1997.4   0.40641
   1998.2   0.40642
   1999.0   0.40642
   1999.7   0.40644
   2000.5   0.40646
   2001.3   0.40646
   2002.1   0.40647
   2002.8   0.40650
   2003.6   0.40649
   2004.4   0.40649
   2005.2   0.40653
   2005.9   0.40653
   2006.7   0.40650
   2007.5   0.40651
   2008.3   0.40653
   2009.0   0.40656
   2009.8   0.40660
   2010.6   0.40663
   2011.4   0.40662
   2012.2   0.40662
   2012.9   0.40663
   2013.7   0.40666
   2014.5   0.40668
   2015.3   0.40667
   2016.1   0.40669
   2016.8   0.40672
   2017.6   0.40673
   2018.4   0.40670
   2019.2   0.40671
   2020.0   0.40675
   2020.8   0.40680
   2021.6   0.40682
   2022.3   0.40681
   2023.1   0.40678
   2023.9   0.40676
   2024.7   0.40679
   2025.5   0.40684
   2026.3   0.40686
   2027.1   0.40686
   2027.9   0.40688
   2028.7   0.40690
   2029.5   0.40689
   2030.3   0.40689
   2031.1   0.40689
   2031.9   0.40692
   2032.7   0.40693
   2033.5   0.40694
   2034.3   0.40693
   2035.1   0.40692
   2035.8   0.40695
   2036.7   0.40696
   2037.4   0.40700
   2038.3   0.40703
   2039.1   0.40700
   2039.9   0.40699
   2040.7   0.40700
   2041.5   0.40703
   2042.3   0.40707
   2043.1   0.40708
   2043.9   0.40711
   2044.7   0.40713
   2045.5   0.40714
   2046.3   0.40715
   2047.1   0.40717
   2047.9   0.40718
   2048.7   0.40718
   2049.5   0.40720
   2050.4   0.40724
   2051.2   0.40725
   2052.0   0.40723
   2052.8   0.40723
   2053.6   0.40724
   2054.4   0.40723
   2055.2   0.40725
   2056.0   0.40728
   2056.9   0.40730
   2057.7   0.40733
   2058.5   0.40730
   2059.3   0.40731
   2060.1   0.40733
   2060.9   0.40735
   2061.8   0.40738
   2062.6   0.40740
   2063.4   0.40741
   2064.2   0.40739
   2065.1   0.40737
   2065.9   0.40740
   2066.7   0.40741
   2067.5   0.40742
   2068.3   0.40744
   2069.2   0.40746
   2070.0   0.40750
   2070.8   0.40751
   2071.6   0.40753
   2072.5   0.40754
   2073.3   0.40752
   2074.1   0.40755
   2075.0   0.40758
   2075.8   0.40759
   2076.6   0.40761
   2077.5   0.40762
   2078.3   0.40764
   2079.1   0.40768
   2080.0   0.40768
   2080.8   0.40768
   2081.6   0.40770
   2082.5   0.40772
   2083.3   0.40775
   2084.1   0.40776
   2085.0   0.40780
   2085.8   0.40782
   2086.6   0.40780
   2087.5   0.40780
   2088.3   0.40781
   2089.2   0.40783
   2090.0   0.40786
   2090.9   0.40789
   2091.7   0.40789
   2092.6   0.40789
   2093.4   0.40793
   2094.2   0.40799
   2095.1   0.40800
   2095.9   0.40801
   2096.8   0.40802
   2097.6   0.40803
   2098.5   0.40803
   2099.3   0.40804
   2100.2   0.40807
   2101.0   0.40811
   2101.9   0.40813
   2102.7   0.40816
   2103.6   0.40817
   2104.4   0.40817
   2105.3   0.40816
   2106.1   0.40819
   2107.0   0.40824
   2107.9   0.40826
   2108.7   0.40822
   2109.6   0.40825
   2110.4   0.40829
   2111.3   0.40833
   2112.1   0.40837
   2113.0   0.40839
   2113.9   0.40839
   2114.7   0.40839
   2115.6   0.40840
   2116.5   0.40844
   2117.3   0.40848
   2118.2   0.40848
   2119.1   0.40850
   2119.9   0.40850
   2120.8   0.40850
   2121.7   0.40851
   2122.5   0.40855
   2123.4   0.40858
   2124.3   0.40857
   2125.1   0.40857
   2126.0   0.40862
   2126.9   0.40865
   2127.8   0.40865
   2128.6   0.40865
   2129.5   0.40869
   2130.4   0.40875
   2131.3   0.40873
   2132.1   0.40871
   2133.0   0.40870
   2133.9   0.40871
   2134.8   0.40875
   2135.6   0.40875
   2136.5   0.40878
   2137.4   0.40882
   2138.3   0.40880
   2139.2   0.40875
   2140.1   0.40872
   2140.9   0.40874
   2141.8   0.40878
   2142.7   0.40877
   2143.6   0.40875
   2144.5   0.40878
   2145.4   0.40879
   2146.3   0.40879
   2147.1   0.40883
   2148.0   0.40887
   2148.9   0.40892
   2149.8   0.40896
   2150.7   0.40899
   2151.6   0.40901
   2152.5   0.40901
   2153.4   0.40903
   2154.3   0.40904
   2155.2   0.40907
   2156.1   0.40911
   2157.0   0.40914
   2157.9   0.40916
   2158.8   0.40915
   2159.7   0.40913
   2160.6   0.40913
   2161.5   0.40915
   2162.4   0.40917
   2163.3   0.40919
   2164.2   0.40923
   2165.1   0.40922
   2166.0   0.40923
   2166.9   0.40924
   2167.8   0.40927
   2168.7   0.40928
   2169.6   0.40932
   2170.5   0.40933
   2171.4   0.40931
   2172.3   0.40934
   2173.2   0.40938
   2174.1   0.40943
   2175.1   0.40949
   2176.0   0.40952
   2176.9   0.40955
   2177.8   0.40957
   2178.7   0.40960
   2179.6   0.40965
   2180.6   0.40967
   2181.5   0.40967
   2182.4   0.40968
   2183.3   0.40970
   2184.2   0.40970
   2185.1   0.40969
   2186.1   0.40974
   2187.0   0.40976
   2187.9   0.40975
   2188.8   0.40978
   2189.8   0.40983
   2190.7   0.40986
   2191.6   0.40990
   2192.5   0.40992
   2193.5   0.40991
   2194.4   0.40993
   2195.3   0.40996
   2196.3   0.40998
   2197.2   0.41002
   2198.1   0.41006
   2199.1   0.41012
   2200.0   0.41014
   2200.9   0.41016
   2201.9   0.41018
   2202.8   0.41021
   2203.7   0.41023
   2204.7   0.41026
   2205.6   0.41030
   2206.5   0.41032
   2207.5   0.41035
   2208.4   0.41038
   2209.4   0.41040
   2210.3   0.41040
   2211.2   0.41042
   2212.2   0.41047
   2213.1   0.41051
   2214.1   0.41054
   2215.0   0.41053
   2216.0   0.41053
   2216.9   0.41055
   2217.9   0.41056
   2218.8   0.41058
   2219.8   0.41061
   2220.7   0.41063
   2221.7   0.41065
   2222.6   0.41067
   2223.6   0.41067
   2224.5   0.41067
   2225.5   0.41070
   2226.4   0.41075
   2227.4   0.41080
   2228.4   0.41081
   2229.3   0.41078
   2230.3   0.41079
   2231.2   0.41083
   2232.2   0.41086
   2233.1   0.41090
   2234.1   0.41091
   2235.1   0.41091
   2236.0   0.41092
   2237.0   0.41093
   2238.0   0.41098
   2238.9   0.41104
   2239.9   0.41106
   2240.9   0.41105
   2241.8   0.41104
   2242.8   0.41107
   2243.8   0.41111
   2244.8   0.41111
   2245.7   0.41112
   2246.7   0.41111
   2247.7   0.41112
   2248.6   0.41114
   2249.6   0.41116
   2250.6   0.41117
   2251.6   0.41117
   2252.6   0.41117
   2253.5   0.41117
   2254.5   0.41119
   2255.5   0.41122
   2256.5   0.41124
   2257.5   0.41124
   2258.4   0.41123
   2259.4   0.41124
   2260.4   0.41128
   2261.4   0.41131
   2262.4   0.41130
   2263.4   0.41129
   2264.4   0.41130
   2265.4   0.41131
   2266.3   0.41130
   2267.3   0.41130
   2268.3   0.41133
   2269.3   0.41136
   2270.3   0.41135
   2271.3   0.41133
   2272.3   0.41135
   2273.3   0.41136
   2274.3   0.41135
   2275.3   0.41135
   2276.3   0.41140
   2277.3   0.41143
   2278.3   0.41144
   2279.3   0.41144
   2280.3   0.41147
   2281.3   0.41151
   2282.3   0.41150
   2283.3   0.41148
   2284.3   0.41149
   2285.3   0.41152
   2286.3   0.41156
   2287.3   0.41157
   2288.3   0.41155
   2289.4   0.41156
   2290.4   0.41158
   2291.4   0.41158
   2292.4   0.41158
   2293.4   0.41158
   2294.4   0.41157
   2295.4   0.41161
   2296.4   0.41161
   2297.5   0.41159
   2298.5   0.41156
   2299.5   0.41153
   2300.5   0.41154
   2301.6   0.41152
   2302.6   0.41148
   2303.6   0.41145
   2304.6   0.41144
   2305.6   0.41144
   2306.7   0.41145
   2307.7   0.41145
   2308.7   0.41146
   2309.8   0.41144
   2310.8   0.41140
   2311.8   0.41137
   2312.8   0.41136
   2313.9   0.41145
   2314.9   0.41157
   2315.9   0.41171
   2317.0   0.41184
   2318.0   0.41197
   2319.1   0.41209
   2320.1   0.41218
   2321.1   0.41223
   2322.2   0.41227
   2323.2   0.41232
   2324.3   0.41235
   2325.3   0.41241
   2326.3   0.41247
   2327.4   0.41249
   2328.4   0.41250
   2329.5   0.41251
   2330.5   0.41255
   2331.6   0.41257
   2332.6   0.41257
   2333.7   0.41258
   2334.7   0.41260
   2335.8   0.41259
   2336.8   0.41263
   2337.9   0.41258
   2338.9   0.41255
   2340.0   0.41256
   2341.0   0.41255
   2342.1   0.41255
   2343.1   0.41254
   2344.2   0.41252
   2345.3   0.41252
   2346.3   0.41251
   2347.4   0.41251
   2348.5   0.41247
   2349.5   0.41245
   2350.6   0.41246
   2351.7   0.41248
   2352.7   0.41252
   2353.8   0.41257
   2354.9   0.41263
   2355.9   0.41271
   2357.0   0.41281
   2358.1   0.41289
   2359.1   0.41294
   2360.2   0.41298
   2361.3   0.41299
   2362.4   0.41300
   2363.4   0.41304
   2364.5   0.41309
   2365.6   0.41308
   2366.7   0.41306
   2367.8   0.41308
   2368.9   0.41310
   2369.9   0.41313
   2371.0   0.41316
   2372.1   0.41316
   2373.2   0.41318
   2374.3   0.41324
   2375.4   0.41328
   2376.4   0.41331
   2377.5   0.41336
   2378.6   0.41337
   2379.7   0.41336
   2380.8   0.41336
   2381.9   0.41338
   2383.0   0.41341
   2384.1   0.41343
   2385.2   0.41345
   2386.3   0.41347
   2387.4   0.41348
   2388.5   0.41351
   2389.6   0.41353
   2390.7   0.41354
   2391.8   0.41357
   2392.9   0.41362
   2394.0   0.41367
   2395.1   0.41368
   2396.2   0.41368
   2397.3   0.41373
   2398.4   0.41378
   2399.5   0.41381
   2400.6   0.41384
   2401.8   0.41385
   2402.9   0.41383
   2404.0   0.41386
   2405.1   0.41393
   2406.2   0.41396
   2407.3   0.41395
   2408.5   0.41396
   2409.6   0.41400
   2410.7   0.41401
   2411.8   0.41402
   2412.9   0.41407
   2414.1   0.41410
   2415.2   0.41412
   2416.3   0.41415
   2417.4   0.41417
   2418.6   0.41418
   2419.7   0.41419
   2420.8   0.41418
   2422.0   0.41418
   2423.1   0.41422
   2424.2   0.41425
   2425.4   0.41426
   2426.5   0.41428
   2427.6   0.41429
   2428.8   0.41432
   2429.9   0.41434
   2431.1   0.41433
   2432.2   0.41432
   2433.3   0.41432
   2434.5   0.41434
   2435.6   0.41437
   2436.8   0.41439
   2437.9   0.41439
   2439.1   0.41441
   2440.2   0.41443
   2441.4   0.41443
   2442.5   0.41444
   2443.6   0.41444
   2444.8   0.41445
   2445.9   0.41448
   2447.1   0.41449
   2448.3   0.41447
   2449.4   0.41444
   2450.6   0.41442
   2451.7   0.41442
   2452.9   0.41445
   2454.1   0.41446
   2455.2   0.41444
   2456.4   0.41440
   2457.6   0.41438
   2458.7   0.41436
   2459.9   0.41434
   2461.1   0.41433
   2462.2   0.41431
   2463.4   0.41430
   2464.6   0.41431
   2465.7   0.41431
   2466.9   0.41432
   2468.1   0.41433
   2469.3   0.41435
   2470.4   0.41440
   2471.6   0.41439
   2472.8   0.41438
   2474.0   0.41441
   2475.1   0.41444
   2476.3   0.41444
   2477.5   0.41444
   2478.7   0.41443
   2479.9   0.41448
   2481.1   0.41459
   2482.3   0.41469
   2483.4   0.41470
   2484.6   0.41473
   2485.8   0.41479
   2487.0   0.41487
   2488.2   0.41497
   2489.4   0.41505
   2490.6   0.41510
   2491.8   0.41515
   2493.0   0.41516
   2494.2   0.41516
   2495.4   0.41521
   2496.6   0.41524
   2497.8   0.41521
   2499.0   0.41527
   2500.2   0.41533
   2501.4   0.41536
   2502.6   0.41540
   2503.8   0.41541
   2505.0   0.41546
   2506.3   0.41550
   2507.5   0.41553
   2508.7   0.41557
   2509.9   0.41557
   2511.1   0.41559
   2512.3   0.41565
   2513.5   0.41570
   2514.8   0.41574
   2516.0   0.41573
   2517.2   0.41576
   2518.4   0.41582
   2519.6   0.41586
   2520.9   0.41590
   2522.1   0.41593
   2523.3   0.41594
   2524.6   0.41597
   2525.8   0.41602
   2527.0   0.41607
   2528.2   0.41610
   2529.5   0.41611
   2530.7   0.41613
   2531.9   0.41618
   2533.2   0.41621
   2534.4   0.41621
   2535.7   0.41623
   2536.9   0.41626
   2538.1   0.41630
   2539.4   0.41634
   2540.6   0.41636
   2541.9   0.41637
   2543.1   0.41640
   2544.4   0.41644
   2545.6   0.41647
   2546.9   0.41649
   2548.1   0.41650
   2549.4   0.41651
   2550.6   0.41657
   2551.9   0.41663
   2553.1   0.41667
   2554.4   0.41669
   2555.6   0.41669
   2556.9   0.41672
   2558.2   0.41674
   2559.4   0.41679
   2560.7   0.41682
   2562.0   0.41682
   2563.2   0.41683
   2564.5   0.41686
   2565.8   0.41693
   2567.0   0.41700
   2568.3   0.41703
   2569.6   0.41703
   2570.9   0.41705
   2572.1   0.41706
   2573.4   0.41710
   2574.7   0.41712
   2576.0   0.41712
   2577.3   0.41710
   2578.5   0.41715
   2579.8   0.41719
   2581.1   0.41721
   2582.4   0.41724
   2583.7   0.41724
   2585.0   0.41727
   2586.2   0.41729
   2587.5   0.41730
   2588.8   0.41733
   2590.1   0.41740
   2591.4   0.41743
   2592.7   0.41743
   2594.0   0.41738
   2595.3   0.41739
   2596.6   0.41745
   2597.9   0.41748
   2599.2   0.41749
   2600.5   0.41751
   2601.8   0.41754
   2603.1   0.41753
   2604.4   0.41752
   2605.7   0.41753
   2607.1   0.41757
   2608.4   0.41761
   2609.7   0.41763
   2611.0   0.41764
   2612.3   0.41766
   2613.6   0.41768
   2614.9   0.41769
   2616.3   0.41766
   2617.6   0.41769
   2618.9   0.41772
   2620.2   0.41771
   2621.6   0.41775
   2622.9   0.41780
   2624.2   0.41779
   2625.5   0.41779
   2626.9   0.41779
   2628.2   0.41779
   2629.5   0.41778
   2630.9   0.41778
   2632.2   0.41781
   2633.5   0.41783
   2634.9   0.41786
   2636.2   0.41788
   2637.6   0.41785
   2638.9   0.41785
   2640.2   0.41792
   2641.6   0.41794
   2642.9   0.41793
   2644.3   0.41796
   2645.6   0.41799
   2647.0   0.41800
   2648.3   0.41797
   2649.7   0.41796
   2651.0   0.41796
   2652.4   0.41798
   2653.8   0.41802
   2655.1   0.41800
   2656.5   0.41795
   2657.8   0.41796
   2659.2   0.41797
   2660.6   0.41797
   2661.9   0.41797
   2663.3   0.41797
   2664.7   0.41792
   2666.0   0.41785
   2667.4   0.41782
   2668.8   0.41779
   2670.1   0.41769
   2671.5   0.41762
   2672.9   0.41755
   2674.3   0.41744
   2675.6   0.41730
   2677.0   0.41717
   2678.4   0.41705
   2679.8   0.41690
   2681.2   0.41677
   2682.6   0.41666
   2684.0   0.41657
   2685.4   0.41646
   2686.8   0.41634
   2688.1   0.41617
   2689.5   0.41600
   2690.9   0.41583
   2692.3   0.41563
   2693.7   0.41537
   2695.1   0.41510
   2696.5   0.41483
   2697.9   0.41458
   2699.3   0.41430
   2700.7   0.41396
   2702.1   0.41362
   2703.6   0.41327
   2705.0   0.41288
   2706.4   0.41252
   2707.8   0.41214
   2709.2   0.41172
   2710.6   0.41135
   2712.0   0.41098
   2713.5   0.41063
   2714.9   0.41026
   2716.3   0.40988
   2717.7   0.40950
   2719.1   0.40915
   2720.6   0.40873
   2722.0   0.40825
   2723.4   0.40779
   2724.9   0.40737
   2726.3   0.40695
   2727.7   0.40649
   2729.2   0.40603
   2730.6   0.40558
   2732.0   0.40507
   2733.5   0.40457
   2734.9   0.40404
   2736.4   0.40352
   2737.8   0.40302
   2739.3   0.40249
   2740.7   0.40194
   2742.2   0.40142
   2743.6   0.40092
   2745.1   0.40040
   2746.5   0.39989
   2748.0   0.39939
   2749.4   0.39886
   2750.9   0.39834
   2752.3   0.39782
   2753.8   0.39722
   2755.3   0.39663
   2756.7   0.39611
   2758.2   0.39557
   2759.7   0.39502
   2761.1   0.39442
   2762.6   0.39386
   2764.1   0.39335
   2765.6   0.39282
   2767.0   0.39229
   2768.5   0.39177
   2770.0   0.39128
   2771.5   0.39078
   2772.9   0.39024
   2774.4   0.38972
   2775.9   0.38923
   2777.4   0.38873
   2778.9   0.38829
   2780.4   0.38788
   2781.9   0.38745
   2783.4   0.38704
   2784.9   0.38658
   2786.4   0.38615
   2787.9   0.38575
   2789.4   0.38536
   2790.9   0.38500
   2792.4   0.38462
   2793.9   0.38421
   2795.4   0.38387
   2796.9   0.38351
   2798.4   0.38315
   2799.9   0.38283
   2801.4   0.38244
   2802.9   0.38207
   2804.4   0.38180
   2806.0   0.38149
   2807.5   0.38112
   2809.0   0.38082
   2810.5   0.38054
   2812.1   0.38024
   2813.6   0.37994
   2815.1   0.37962
   2816.6   0.37935
   2818.2   0.37907
   2819.7   0.37882
   2821.2   0.37859
   2822.8   0.37830
   2824.3   0.37805
   2825.8   0.37778
   2827.4   0.37749
   2828.9   0.37726
   2830.5   0.37703
   2832.0   0.37678
   2833.6   0.37657
   2835.1   0.37636
   2836.7   0.37613
   2838.2   0.37589
   2839.8   0.37564
   2841.3   0.37544
   2842.9   0.37525
   2844.4   0.37504
   2846.0   0.37478
   2847.6   0.37455
   2849.1   0.37438
   2850.7   0.37420
   2852.3   0.37399
   2853.8   0.37382
   2855.4   0.37363
   2857.0   0.37341
   2858.6   0.37322
   2860.1   0.37308
   2861.7   0.37293
   2863.3   0.37274
   2864.9   0.37255
   2866.4   0.37240
   2868.0   0.37224
   2869.6   0.37206
   2871.2   0.37193
   2872.8   0.37179
   2874.4   0.37165
   2876.0   0.37150
   2877.6   0.37133
   2879.2   0.37122
   2880.8   0.37114
   2882.4   0.37103
   2884.0   0.37088
   2885.6   0.37073
   2887.2   0.37062
   2888.8   0.37052
   2890.4   0.37041
   2892.0   0.37033
   2893.6   0.37026
   2895.3   0.37013
   2896.9   0.37004
   2898.5   0.36994
   2900.1   0.36983
   2901.7   0.36979
   2903.4   0.36970
   2905.0   0.36959
   2906.6   0.36954
   2908.3   0.36946
   2909.9   0.36940
   2911.5   0.36931
   2913.1   0.36919
   2914.8   0.36915
   2916.4   0.36909
   2918.1   0.36905
   2919.7   0.36904
   2921.4   0.36898
   2923.0   0.36890
   2924.7   0.36885
   2926.3   0.36881
   2928.0   0.36880
   2929.6   0.36881
   2931.3   0.36874
   2932.9   0.36865
   2934.6   0.36861
   2936.3   0.36860
   2937.9   0.36858
   2939.6   0.36855
   2941.2   0.36852
   2942.9   0.36851
   2944.6   0.36848
   2946.3   0.36847
   2947.9   0.36850
   2949.6   0.36855
   2951.3   0.36857
   2953.0   0.36853
   2954.6   0.36847
   2956.3   0.36847
   2958.0   0.36851
   2959.7   0.36850
   2961.4   0.36849
   2963.1   0.36852
   2964.8   0.36855
   2966.5   0.36852
   2968.2   0.36853
   2969.9   0.36857
   2971.6   0.36863
   2973.3   0.36868
   2975.0   0.36870
   2976.7   0.36876
   2978.4   0.36880
   2980.1   0.36881
   2981.8   0.36884
   2983.6   0.36890
   2985.3   0.36900
   2987.0   0.36907
   2988.7   0.36913
   2990.4   0.36917
   2992.2   0.36922
   2993.9   0.36934
   2995.6   0.36938
   2997.4   0.36945
   2999.1   0.36954
   3000.8   0.36964
   3002.6   0.36975
   3004.3   0.36986
   3006.0   0.36993
   3007.8   0.37002
   3009.5   0.37010
   3011.3   0.37020
   3013.0   0.37035
   3014.8   0.37048
   3016.5   0.37056
   3018.3   0.37065
   3020.0   0.37073
   3021.8   0.37080
   3023.6   0.37086
   3025.3   0.37094
   3027.1   0.37104
   3028.9   0.37116
   3030.6   0.37127
   3032.4   0.37139
   3034.2   0.37149
   3036.0   0.37155
   3037.7   0.37162
   3039.5   0.37170
   3041.3   0.37181
   3043.1   0.37190
   3044.9   0.37197
   3046.7   0.37205
   3048.4   0.37212
   3050.2   0.37221
   3052.0   0.37231
   3053.8   0.37240
   3055.6   0.37251
   3057.4   0.37265
   3059.2   0.37279
   3061.1   0.37289
   3062.9   0.37300
   3064.7   0.37313
   3066.5   0.37324
   3068.3   0.37333
   3070.1   0.37344
   3071.9   0.37361
   3073.8   0.37378
   3075.6   0.37392
   3077.4   0.37403
   3079.2   0.37410
   3081.1   0.37420
   3082.9   0.37434
   3084.7   0.37452
   3086.6   0.37470
   3088.4   0.37484
   3090.2   0.37493
   3092.1   0.37503
   3093.9   0.37520
   3095.8   0.37536
   3097.6   0.37549
   3099.5   0.37560
   3101.3   0.37572
   3103.2   0.37585
   3105.0   0.37599
   3106.9   0.37614
   3108.8   0.37630
   3110.6   0.37645
   3112.5   0.37652
   3114.4   0.37662
   3116.2   0.37680
   3118.1   0.37697
   3120.0   0.37713
   3121.9   0.37728
   3123.7   0.37739
   3125.6   0.37750
   3127.5   0.37764
   3129.4   0.37783
   3131.3   0.37799
   3133.2   0.37816
   3135.1   0.37829
   3137.0   0.37841
   3138.9   0.37859
   3140.8   0.37877
   3142.7   0.37891
   3144.6   0.37909
   3146.5   0.37925
   3148.4   0.37935
   3150.3   0.37956
   3152.2   0.37974
   3154.1   0.37990
   3156.1   0.38005
   3158.0   0.38018
   3159.9   0.38032
   3161.8   0.38050
   3163.8   0.38068
   3165.7   0.38083
   3167.6   0.38099
   3169.6   0.38114
   3171.5   0.38132
   3173.4   0.38146
   3175.4   0.38162
   3177.3   0.38179
   3179.3   0.38196
   3181.2   0.38214
   3183.2   0.38232
   3185.1   0.38248
   3187.1   0.38260
   3189.1   0.38278
   3191.0   0.38294
   3193.0   0.38306
   3194.9   0.38324
   3196.9   0.38336
   3198.9   0.38346
   3200.9   0.38362
   3202.9   0.38378
   3204.8   0.38394
   3206.8   0.38405
   3208.8   0.38411
   3210.8   0.38410
   3212.8   0.38416
   3214.8   0.38421
   3216.8   0.38413
   3218.8   0.38404
   3220.8   0.38403
   3222.8   0.38416
   3224.8   0.38434
   3226.8   0.38454
   3228.8   0.38474
   3230.8   0.38485
   3232.8   0.38487
   3234.8   0.38477
   3236.8   0.38450
   3238.9   0.38409
   3240.9   0.38365
   3242.9   0.38336
   3244.9   0.38332
   3247.0   0.38368
   3249.0   0.38420
   3251.0   0.38461
   3253.1   0.38482
   3255.1   0.38493
   3257.2   0.38493
   3259.2   0.38474
   3261.3   0.38437
   3263.3   0.38395
   3265.4   0.38359
   3267.4   0.38344
   3269.5   0.38364
   3271.6   0.38417
   3273.6   0.38483
   3275.7   0.38547
   3277.8   0.38598
   3279.8   0.38641
   3281.9   0.38672
   3284.0   0.38689
   3286.1   0.38691
   3288.1   0.38682
   3290.2   0.38657
   3292.3   0.38620
   3294.4   0.38566
   3296.5   0.38493
   3298.6   0.38405
   3300.7   0.38316
   3302.8   0.38246
   3304.9   0.38213
   3307.0   0.38247
   3309.1   0.38350
   3311.2   0.38482
   3313.4   0.38604
   3315.5   0.38702
   3317.6   0.38767
   3319.7   0.38807
   3321.9   0.38830
   3324.0   0.38833
   3326.1   0.38820
   3328.3   0.38804
   3330.4   0.38786
   3332.5   0.38776
   3334.7   0.38788
   3336.8   0.38811
   3339.0   0.38826
   3341.1   0.38828
   3343.3   0.38821
   3345.4   0.38802
   3347.6   0.38768
   3349.8   0.38724
   3351.9   0.38667
   3354.1   0.38599
   3356.3   0.38520
   3358.4   0.38426
   3360.6   0.38308
   3362.8   0.38160
   3365.0   0.37970
   3367.1   0.37746
   3369.3   0.37527
   3371.5   0.37350
   3373.7   0.37216
   3375.9   0.37112
   3378.1   0.37049
   3380.3   0.37040
   3382.5   0.37082
   3384.7   0.37135
   3386.9   0.37172
   3389.1   0.37181
   3391.4   0.37146
   3393.6   0.37064
   3395.8   0.36929
   3398.0   0.36746
   3400.3   0.36529
   3402.5   0.36290
   3404.7   0.36041
   3407.0   0.35787
   3409.2   0.35537
   3411.4   0.35302
   3413.7   0.35097
   3415.9   0.34951
   3418.2   0.34891
   3420.4   0.34927
   3422.7   0.35041
   3425.0   0.35209
   3427.2   0.35413
   3429.5   0.35632
   3431.8   0.35860
   3434.0   0.36089
   3436.3   0.36306
   3438.6   0.36489
   3440.9   0.36640
   3443.2   0.36772
   3445.4   0.36898
   3447.7   0.37029
   3450.0   0.37154
   3452.3   0.37263
   3454.6   0.37372
   3456.9   0.37477
   3459.2   0.37566
   3461.6   0.37647
   3463.9   0.37727
   3466.2   0.37781
   3468.5   0.37803
   3470.8   0.37814
   3473.1   0.37825
   3475.5   0.37839
   3477.8   0.37841
   3480.1   0.37831
   3482.5   0.37818
   3484.8   0.37789
   3487.2   0.37730
   3489.5   0.37636
   3491.9   0.37509
   3494.2   0.37341
   3496.6   0.37141
   3498.9   0.36944
   3501.3   0.36802
   3503.6   0.36739
   3506.0   0.36777
   3508.4   0.36917
   3510.8   0.37164
   3513.1   0.37482
   3515.5   0.37817
   3517.9   0.38129
   3520.3   0.38394
   3522.7   0.38621
   3525.1   0.38816
   3527.5   0.38970
   3529.9   0.39090
   3532.3   0.39186
   3534.7   0.39263
   3537.1   0.39327
   3539.5   0.39381
   3541.9   0.39430
   3544.4   0.39473
   3546.8   0.39510
   3549.2   0.39540
   3551.6   0.39569
   3554.1   0.39602
   3556.5   0.39630
   3559.0   0.39654
   3561.4   0.39681
   3563.9   0.39704
   3566.3   0.39727
   3568.8   0.39748
   3571.2   0.39766
   3573.7   0.39786
   3576.1   0.39806
   3578.6   0.39826
   3581.1   0.39850
   3583.6   0.39872
   3586.0   0.39890
   3588.5   0.39901
   3591.0   0.39917
   3593.5   0.39930
   3596.0   0.39943
   3598.5   0.39950
   3601.0   0.39960
   3603.5   0.39971
   3606.0   0.39980
   3608.5   0.39990
   3611.0   0.39997
   3613.5   0.40000
   3616.0   0.40009
   3618.6   0.40015
   3621.1   0.40029
   3623.6   0.40045
   3626.1   0.40046
   3628.7   0.40047
   3631.2   0.40055
   3633.8   0.40066
   3636.3   0.40070
   3638.9   0.40077
   3641.4   0.40084
   3644.0   0.40082
   3646.6   0.40087
   3649.1   0.40089
   3651.7   0.40089
   3654.3   0.40094
   3656.9   0.40097
   3659.4   0.40100
   3662.0   0.40105
   3664.6   0.40109
   3667.2   0.40112
   3669.8   0.40118
   3672.4   0.40125
   3675.0   0.40132
   3677.6   0.40141
   3680.2   0.40147
   3682.8   0.40152
   3685.4   0.40157
   3688.1   0.40164
   3690.7   0.40172
   3693.3   0.40180
   3695.9   0.40188
   3698.6   0.40196
   3701.2   0.40202
   3703.9   0.40207
   3706.5   0.40211
   3709.2   0.40215
   3711.8   0.40217
   3714.5   0.40222
   3717.1   0.40229
   3719.8   0.40231
   3722.5   0.40234
   3725.2   0.40238
   3727.8   0.40240
   3730.5   0.40246
   3733.2   0.40250
   3735.9   0.40254
   3738.6   0.40257
   3741.3   0.40262
   3744.0   0.40266
   3746.7   0.40266
   3749.4   0.40271
   3752.1   0.40278
   3754.8   0.40282
   3757.6   0.40285
   3760.3   0.40285
   3763.0   0.40286
   3765.7   0.40289
   3768.5   0.40292
   3771.2   0.40293
   3774.0   0.40295
   3776.7   0.40295
   3779.5   0.40295
   3782.2   0.40298
   3785.0   0.40300
   3787.7   0.40299
   3790.5   0.40295
   3793.3   0.40290
   3796.1   0.40287
   3798.8   0.40288
   3801.6   0.40291
   3804.4   0.40294
   3807.2   0.40294
   3810.0   0.40293
   3812.8   0.40291
   3815.6   0.40290
   3818.4   0.40293
   3821.2   0.40294
   3824.1   0.40292
   3826.9   0.40290
   3829.7   0.40288
   3832.5   0.40284
   3835.4   0.40281
   3838.2   0.40275
   3841.1   0.40271
   3843.9   0.40267
   3846.8   0.40266
   3849.6   0.40266
   3852.5   0.40264
   3855.3   0.40260
   3858.2   0.40257
   3861.1   0.40253
   3863.9   0.40250
   3866.8   0.40245
   3869.7   0.40242
   3872.6   0.40237
   3875.5   0.40230
   3878.4   0.40225
   3881.3   0.40221
   3884.2   0.40215
   3887.1   0.40212
   3890.0   0.40207
   3893.0   0.40199
   3895.9   0.40192
   3898.8   0.40188
   3901.7   0.40183
   3904.7   0.40174
   3907.6   0.40166
   3910.6   0.40159
   3913.5   0.40151
   3916.5   0.40143
   3919.4   0.40136
   3922.4   0.40131
   3925.4   0.40122
   3928.4   0.40112
   3931.3   0.40102
   3934.3   0.40095
   3937.3   0.40090
   3940.3   0.40083
   3943.3   0.40075
   3946.3   0.40065
   3949.3   0.40056
   3952.3   0.40046
   3955.3   0.40035
   3958.3   0.40027
   3961.4   0.40020
   3964.4   0.40011
   3967.4   0.40001
   3970.5   0.39991
   3973.5   0.39982
   3976.6   0.39974
   3979.6   0.39966
   3982.6   0.39956
   3985.7   0.39944
   3988.8   0.39935
   3991.9   0.39928
   3994.9   0.39919
   3998.0   0.39910
   4001.1   0.39900
   4004.2   0.39890
   4007.3   0.39881
   4010.4   0.39869
   4013.5   0.39859
   4016.6   0.39852
   4019.7   0.39843
   4022.8   0.39832
   4025.9   0.39822
   4029.1   0.39812
   4032.2   0.39798
   4035.3   0.39785
   4038.5   0.39776
   4041.6   0.39767
   4044.8   0.39754
   4047.9   0.39740
   4051.1   0.39726
   4054.3   0.39712
   4057.4   0.39700
   4060.6   0.39689
   4063.8   0.39676
   4067.0   0.39663
   4070.2   0.39648
   4073.4   0.39632
   4076.6   0.39616
   4079.8   0.39599
   4083.0   0.39583
   4086.2   0.39567
   4089.4   0.39550
   4092.7   0.39534
   4095.9   0.39516
   4099.1   0.39497
   4102.4   0.39479
   4105.6   0.39461
   4108.9   0.39443
   4112.1   0.39423
   4115.4   0.39404
   4118.7   0.39384
   4122.0   0.39365
   4125.2   0.39342
   4128.5   0.39316
   4131.8   0.39293
   4135.1   0.39270
   4138.4   0.39243
   4141.7   0.39218
   4145.0   0.39193
   4148.3   0.39166
   4151.6   0.39140
   4155.0   0.39112
   4158.3   0.39083
   4161.6   0.39057
   4165.0   0.39028
   4168.3   0.38998
   4171.7   0.38964
   4175.0   0.38930
   4178.4   0.38897
   4181.8   0.38864
   4185.2   0.38829
   4188.5   0.38792
   4191.9   0.38753
   4195.3   0.38716
   4198.7   0.38677
   4202.1   0.38635
   4205.5   0.38596
   4208.9   0.38552
   4212.4   0.38509
   4215.8   0.38467
   4219.2   0.38421
   4222.6   0.38369
   4226.1   0.38316
   4229.5   0.38265
   4233.0   0.38213
   4236.5   0.38155
   4239.9   0.38096
   4243.4   0.38040
   4246.9   0.37981
   4250.3   0.37920
   4253.8   0.37855
   4257.3   0.37788
   4260.8   0.37717
   4264.3   0.37644
   4267.8   0.37568
   4271.3   0.37488
   4274.9   0.37406
   4278.4   0.37328
   4281.9   0.37247
   4285.5   0.37163
   4289.0   0.37081
   4292.6   0.36996
   4296.1   0.36909
   4299.7   0.36823
   4303.3   0.36737
   4306.8   0.36650
   4310.4   0.36561
   4314.0   0.36471
   4317.6   0.36383
   4321.2   0.36300
   4324.8   0.36219
   4328.4   0.36138
   4332.0   0.36059
   4335.6   0.35981
   4339.3   0.35904
   4342.9   0.35826
   4346.5   0.35748
   4350.2   0.35674
   4353.8   0.35601
   4357.5   0.35526
   4361.1   0.35450
   4364.8   0.35376
   4368.5   0.35302
   4372.2   0.35229
   4375.9   0.35158
   4379.6   0.35088
   4383.3   0.35021
   4387.0   0.34953
   4390.7   0.34887
   4394.4   0.34822
   4398.1   0.34757
   4401.9   0.34697
   4405.6   0.34640
   4409.4   0.34581
   4413.1   0.34522
   4416.9   0.34468
   4420.6   0.34414
   4424.4   0.34361
   4428.2   0.34306
   4432.0   0.34252
   4435.8   0.34199
   4439.6   0.34144
   4443.4   0.34089
   4447.2   0.34035
   4451.0   0.33978
   4454.8   0.33919
   4458.6   0.33859
   4462.5   0.33797
   4466.3   0.33733
   4470.2   0.33669
   4474.0   0.33603
   4477.9   0.33537
   4481.8   0.33468
   4485.6   0.33398
   4489.5   0.33324
   4493.4   0.33248
   4497.3   0.33173
   4501.2   0.33095
   4505.1   0.33015
   4509.0   0.32934
   4513.0   0.32853
   4516.9   0.32769
   4520.9   0.32682
   4524.8   0.32595
   4528.7   0.32507
   4532.7   0.32417
   4536.7   0.32328
   4540.6   0.32238
   4544.6   0.32145
   4548.6   0.32052
   4552.6   0.31955
   4556.6   0.31857
   4560.6   0.31759
   4564.6   0.31660
   4568.6   0.31560
   4572.7   0.31458
   4576.7   0.31354
   4580.8   0.31250
   4584.8   0.31146
   4588.9   0.31042
   4592.9   0.30936
   4597.0   0.30828
   4601.1   0.30721
   4605.2   0.30614
   4609.3   0.30505
   4613.4   0.30394
   4617.5   0.30281
   4621.6   0.30169
   4625.7   0.30058
   4629.8   0.29948
   4634.0   0.29839
   4638.1   0.29733
   4642.3   0.29629
   4646.4   0.29527
   4650.6   0.29427
   4654.8   0.29332
   4659.0   0.29239
   4663.1   0.29147
   4667.3   0.29057
   4671.5   0.28968
   4675.8   0.28879
   4680.0   0.28789
   4684.2   0.28698
   4688.4   0.28607
   4692.7   0.28517
   4696.9   0.28424
   4701.2   0.28331
   4705.5   0.28241
   4709.7   0.28147
   4714.0   0.28055
   4718.3   0.27966
   4722.6   0.27878
   4726.9   0.27790
   4731.2   0.27702
   4735.5   0.27615
   4739.9   0.27528
   4744.2   0.27442
   4748.5   0.27357
   4752.9   0.27272
   4757.3   0.27189
   4761.6   0.27106
   4766.0   0.27023
   4770.4   0.26944
   4774.8   0.26866
   4779.2   0.26789
   4783.6   0.26713
   4788.0   0.26637
   4792.4   0.26559
   4796.9   0.26484
   4801.3   0.26408
   4805.8   0.26328
   4810.2   0.26247
   4814.7   0.26167
   4819.1   0.26086
   4823.6   0.26005
   4828.1   0.25925
   4832.6   0.25842
   4837.1   0.25759
   4841.6   0.25676
   4846.2   0.25592
   4850.7   0.25509
   4855.3   0.25426
   4859.8   0.25340
   4864.4   0.25257
   4868.9   0.25172
   4873.5   0.25086
   4878.1   0.25002
   4882.7   0.24918
   4887.3   0.24831
   4891.9   0.24744
   4896.5   0.24657
   4901.1   0.24568
   4905.8   0.24479
   4910.4   0.24389
   4915.1   0.24299
   4919.7   0.24208
   4924.4   0.24119
   4929.1   0.24030
   4933.8   0.23942
   4938.5   0.23853
   4943.2   0.23763
   4947.9   0.23671
   4952.6   0.23580
   4957.4   0.23488
   4962.1   0.23394
   4966.9   0.23300
   4971.6   0.23204
   4976.4   0.23109
   4981.2   0.23012
   4986.0   0.22912
   4990.8   0.22812
   4995.6   0.22710
   5000.4   0.22609
   5005.2   0.22507
   5010.0   0.22402
   5014.9   0.22298
   5019.8   0.22194
   5024.6   0.22090
   5029.5   0.21988
   5034.4   0.21885
   5039.3   0.21785
   5044.2   0.21686
   5049.1   0.21581
   5054.0   0.21480
   5058.9   0.21383
   5063.9   0.21285
   5068.8   0.21187
   5073.8   0.21088
   5078.8   0.20989
   5083.7   0.20889
   5088.7   0.20792
   5093.7   0.20693
   5098.7   0.20593
   5103.7   0.20491
   5108.8   0.20389
   5113.8   0.20287
   5118.9   0.20181
   5123.9   0.20071
   5129.0   0.19962
   5134.1   0.19853
   5139.1   0.19744
   5144.3   0.19635
   5149.4   0.19528
   5154.5   0.19422
   5159.6   0.19317
   5164.7   0.19217
   5169.9   0.19118
   5175.0   0.19019
   5180.2   0.18920
   5185.4   0.18821
   5190.6   0.18725
   5195.8   0.18634
   5201.0   0.18540
   5206.2   0.18447
   5211.5   0.18358
   5216.7   0.18270
   5222.0   0.18179
   5227.2   0.18091
   5232.5   0.18003
   5237.8   0.17915
   5243.1   0.17827
   5248.4   0.17741
   5253.7   0.17655
   5259.0   0.17568
   5264.4   0.17481
   5269.7   0.17395
   5275.1   0.17311
   5280.5   0.17228
   5285.8   0.17143
   5291.2   0.17062
   5296.6   0.16984
   5302.0   0.16909
   5307.5   0.16835
   5312.9   0.16764
   5318.4   0.16693
   5323.8   0.16624
   5329.3   0.16560
   5334.8   0.16495
   5340.3   0.16426
   5345.8   0.16358
   5351.3   0.16289
   5356.8   0.16219
   5362.4   0.16151
   5367.9   0.16079
   5373.5   0.16008
   5379.0   0.15940
   5384.6   0.15871
   5390.2   0.15802
   5395.8   0.15735
   5401.5   0.15669
   5407.1   0.15611
   5412.7   0.15556
   5418.4   0.15502
   5424.1   0.15451
   5429.7   0.15406
   5435.4   0.15364
   5441.1   0.15325
   5446.8   0.15292
   5452.6   0.15262
   5458.3   0.15235
   5464.1   0.15213
   5469.8   0.15191
   5475.6   0.15172
   5481.4   0.15158
   5487.2   0.15145
   5493.0   0.15132
   5498.8   0.15121
   5504.7   0.15110
   5510.5   0.15101
   5516.4   0.15093
   5522.3   0.15085
   5528.1   0.15076
   5534.0   0.15070
   5540.0   0.15061
   5545.9   0.15052
   5551.8   0.15042
   5557.8   0.15029
   5563.7   0.15014
   5569.7   0.14997
   5575.7   0.14979
   5581.7   0.14957
   5587.7   0.14931
   5593.7   0.14904
   5599.8   0.14872
   5605.8   0.14838
   5611.9   0.14801
   5618.0   0.14758
   5624.1   0.14714
   5630.2   0.14666
   5636.3   0.14616
   5642.4   0.14564
   5648.6   0.14511
   5654.7   0.14456
   5660.9   0.14397
   5667.1   0.14340
   5673.3   0.14284
   5679.5   0.14225
   5685.7   0.14166
   5692.0   0.14105
   5698.2   0.14041
   5704.5   0.13976
   5710.8   0.13910
   5717.1   0.13843
   5723.4   0.13776
   5729.7   0.13703
   5736.1   0.13630
   5742.4   0.13557
   5748.8   0.13479
   5755.1   0.13398
   5761.5   0.13318
   5768.0   0.13236
   5774.4   0.13153
   5780.8   0.13068
   5787.3   0.12985
   5793.7   0.12899
   5800.2   0.12808
   5806.7   0.12720
   5813.2   0.12634
   5819.7   0.12545
   5826.3   0.12455
   5832.8   0.12365
   5839.4   0.12278
   5846.0   0.12190
   5852.6   0.12106
   5859.2   0.12021
   5865.8   0.11934
   5872.5   0.11849
   5879.1   0.11766
   5885.8   0.11682
   5892.5   0.11598
   5899.2   0.11515
   5905.9   0.11435
   5912.6   0.11355
   5919.4   0.11275
   5926.2   0.11198
   5932.9   0.11119
   5939.7   0.11041
   5946.5   0.10965
   5953.4   0.10887
   5960.2   0.10809
   5967.1   0.10735
   5974.0   0.10661
   5980.8   0.10591
   5987.8   0.10522
   5994.7   0.10455
   6001.6   0.10392
   6008.6   0.10333
   6015.5   0.10275
   6022.5   0.10221
   6029.5   0.10171
   6036.5   0.10124
   6043.6   0.10082
   6050.6   0.10045
   6057.7   0.10011
   6064.8   0.09977
   6071.9   0.09949
   6079.0   0.09923
   6086.1   0.09895
   6093.3   0.09869
   6100.5   0.09842
   6107.6   0.09814
   6114.9   0.09787
   6122.1   0.09760
   6129.3   0.09732
   6136.5   0.09705
   6143.8   0.09678
   6151.1   0.09649
   6158.4   0.09624
   6165.7   0.09602
   6173.1   0.09579
   6180.4   0.09555
   6187.8   0.09536
   6195.2   0.09518
   6202.6   0.09502
   6210.0   0.09484
   6217.5   0.09463
   6225.0   0.09441
   6232.4   0.09422
   6239.9   0.09403
   6247.5   0.09384
   6255.0   0.09369
   6262.5   0.09356
   6270.1   0.09342
   6277.7   0.09327
   6285.3   0.09308
   6293.0   0.09291
   6300.6   0.09278
   6308.3   0.09263
   6315.9   0.09247
   6323.6   0.09236
   6331.4   0.09230
   6339.1   0.09225
   6346.9   0.09221
   6354.6   0.09217
   6362.4   0.09213
   6370.3   0.09213
   6378.1   0.09214
   6385.9   0.09213
   6393.8   0.09211
   6401.7   0.09208
   6409.6   0.09204
   6417.5   0.09198
   6425.5   0.09188
   6433.5   0.09175
   6441.5   0.09162
   6449.5   0.09145
   6457.5   0.09127
   6465.6   0.09109
   6473.6   0.09089
   6481.7   0.09072
   6489.8   0.09054
   6498.0   0.09036
   6506.1   0.09017
   6514.3   0.08996
   6522.5   0.08978
   6530.7   0.08959
   6539.0   0.08940
   6547.2   0.08918
   6555.5   0.08898
   6563.8   0.08877
   6572.1   0.08853
   6580.4   0.08829
   6588.8   0.08805
   6597.2   0.08782
   6605.6   0.08758
   6614.0   0.08735
   6622.5   0.08713
   6630.9   0.08695
   6639.4   0.08675
   6647.9   0.08656
   6656.5   0.08639
   6665.0   0.08622
   6673.6   0.08604
   6682.2   0.08580
   6690.8   0.08553
   6699.5   0.08531
   6708.1   0.08522
   6716.8   0.08517
   6725.5   0.08508
   6734.3   0.08491
   6743.0   0.08472
   6751.8   0.08450
   6760.6   0.08427
   6769.4   0.08397
   6778.3   0.08364
   6787.1   0.08329
   6796.0   0.08298
   6805.0   0.08271
   6813.9   0.08243
   6822.9   0.08217
   6831.9   0.08196
   6840.9   0.08177
   6849.9   0.08158
   6859.0   0.08135
   6868.0   0.08107
   6877.2   0.08075
   6886.3   0.08051
   6895.5   0.08034
   6904.6   0.08020
   6913.8   0.08004
   6923.1   0.07985
   6932.3   0.07964
   6941.6   0.07940
   6950.9   0.07913
   6960.2   0.07885
   6969.6   0.07852
   6979.0   0.07818
   6988.4   0.07786
   6997.8   0.07753
   7007.3   0.07718
   7016.8   0.07679
   7026.3   0.07640
   7035.8   0.07600
   7045.4   0.07559
   7054.9   0.07516
   7064.5   0.07475
   7074.2   0.07434
   7083.9   0.07391
   7093.5   0.07346
   7103.3   0.07302
   7113.0   0.07260
   7122.8   0.07214
   7132.6   0.07165
   7142.4   0.07119
   7152.2   0.07073
   7162.1   0.07024
   7172.0   0.06969
   7182.0   0.06911
   7191.9   0.06853
   7201.9   0.06795
   7211.9   0.06735
   7222.0   0.06672
   7232.0   0.06609
   7242.1   0.06545
   7252.3   0.06481
   7262.4   0.06419
   7272.6   0.06356
   7282.8   0.06290
   7293.1   0.06222
   7303.3   0.06156
   7313.6   0.06086
   7324.0   0.06014
   7334.3   0.05943
   7344.7   0.05870
   7355.1   0.05792
   7365.6   0.05713
   7376.1   0.05637
   7386.6   0.05558
   7397.1   0.05477
   7407.7   0.05394
   7418.3   0.05310
   7428.9   0.05227
   7439.6   0.05142
   7450.3   0.05054
   7461.0   0.04965
   7471.7   0.04877
   7482.5   0.04790
   7493.3   0.04700
   7504.2   0.04607
   7515.0   0.04515
   7525.9   0.04419
   7536.9   0.04322
   7547.9   0.04229
   7558.9   0.04135
   7569.9   0.04042
   7581.0   0.03945
   7592.0   0.03846
   7603.2   0.03747
   7614.4   0.03648
   7625.5   0.03548
   7636.8   0.03447
   7648.0   0.03344
   7659.3   0.03240
   7670.7   0.03134
   7682.0   0.03028
   7693.4   0.02920
   7704.9   0.02809
   7716.3   0.02702
   7727.8   0.02596
   7739.4   0.02488
   7750.9   0.02380
   7762.5   0.02273
   7774.2   0.02167
   7785.8   0.02060
   7797.5   0.01954
   7809.3   0.01851
   7821.1   0.01749
   7832.9   0.01648
   7844.7   0.01549
   7856.6   0.01454
   7868.5   0.01357
   7880.5   0.01261
   7892.5   0.01172
   7904.5   0.01082
   7916.6   0.00994
   7928.7   0.00916
   7940.8   0.00840
   7953.0   0.00766
   7965.2   0.00697
   7977.5   0.00633
   7989.8   0.00571
   8002.1   0.00515
   8014.5   0.00465
   8026.9   0.00419
   8039.3   0.00377
   8051.8   0.00341
   8064.3   0.00311
   8076.9   0.00287
   8089.5   0.00268
   8102.1   0.00254
   8114.8   0.00245
   8127.5   0.00245
   8140.3   0.00255
   8153.1   0.00271
   8165.9   0.00293
   8178.8   0.00327
   8191.7   0.00371
   8204.7   0.00423
   8217.7   0.00483
   8230.7   0.00552
   8243.8   0.00629
   8257.0   0.00712
   8270.1   0.00798
   8283.3   0.00887
   8296.6   0.00976
   8309.9   0.01063
   8323.2   0.01146
   8336.6   0.01226
   8350.0   0.01300
   8363.5   0.01371
   8377.0   0.01436
   8390.5   0.01497
   8404.2   0.01558
   8417.8   0.01615
   8431.5   0.01663
   8445.2   0.01708
   8459.0   0.01749
   8472.8   0.01784
   8486.7   0.01815
   8500.6   0.01842
   8514.5   0.01864
   8528.5   0.01889
   8542.6   0.01915
   8556.7   0.01944
   8570.8   0.01969
   8585.0   0.01992
   8599.3   0.02014
   8613.5   0.02032
   8627.9   0.02050
   8642.3   0.02067
   8656.7   0.02083
   8671.2   0.02097
   8685.7   0.02109
   8700.3   0.02117
   8714.9   0.02124
   8729.5   0.02132
   8744.3   0.02136
   8759.0   0.02140
   8773.9   0.02143
   8788.7   0.02139
   8803.7   0.02132
   8818.6   0.02130
   8833.7   0.02128
   8848.7   0.02126
   8863.8   0.02126
   8879.0   0.02124
   8894.3   0.02122
   8909.5   0.02121
   8924.9   0.02117
   8940.3   0.02112
   8955.7   0.02108
   8971.2   0.02097
   8986.8   0.02082
   9002.3   0.02071
   9018.0   0.02060
   9033.7   0.02047
   9049.5   0.02035
   9065.3   0.02016
   9081.2   0.01993
   9097.1   0.01973
   9113.1   0.01954
   9129.1   0.01930
   9145.2   0.01907
   9161.4   0.01888
   9177.6   0.01871
   9193.9   0.01859
   9210.2   0.01858
   9226.6   0.01856
   9243.0   0.01854
   9259.5   0.01861
   9276.1   0.01864
   9292.7   0.01869
   9309.4   0.01880
   9326.2   0.01891
   9343.0   0.01904
   9359.8   0.01920
   9376.8   0.01935
   9393.8   0.01954
   9410.8   0.01979
   9427.9   0.02004
   9445.1   0.02029
   9462.3   0.02056
   9479.6   0.02091
   9497.0   0.02128
   9514.4   0.02163
   9531.9   0.02198
   9549.4   0.02235
   9567.0   0.02268
   9584.7   0.02302
   9602.5   0.02334
   9620.3   0.02360
   9638.2   0.02386
   9656.1   0.02409
   9674.2   0.02432
   9692.2   0.02459
   9710.4   0.02479
   9728.6   0.02488
   9746.9   0.02495
   9765.2   0.02507
   9783.7   0.02518
   9802.2   0.02521
   9820.7   0.02518
   9839.4   0.02519
   9858.1   0.02524
   9876.8   0.02532
   9895.7   0.02544
   9914.6   0.02560
   9933.6   0.02579
   9952.7   0.02607
   9971.8   0.02634
   9991.0   0.02662
  10010.3   0.02693
  10029.7   0.02722
  10049.1   0.02756
  10068.6   0.02790
  10088.2   0.02817
  10107.9   0.02846
  10127.6   0.02877
  10147.5   0.02906
  10167.3   0.02934
  10187.3   0.02958
  10207.4   0.02987
  10227.5   0.03032
  10247.7   0.03091
  10268.0   0.03156
  10288.4   0.03226
  10308.8   0.03290
  10329.4   0.03346
  10350.0   0.03398
  10370.7   0.03448
  10391.5   0.03499
  10412.3   0.03546
  10433.3   0.03581
  10454.3   0.03602
  10475.4   0.03626
  10496.7   0.03647
  10517.9   0.03665
  10539.3   0.03678
  10560.8   0.03681
  10582.3   0.03681
  10604.0   0.03680
  10625.7   0.03679
  10647.5   0.03677
  10669.4   0.03668
  10691.4   0.03659
  10713.5   0.03657
  10735.7   0.03652
  10758.0   0.03640
  10780.3   0.03614
  10802.8   0.03580
  10825.4   0.03549
  10848.0   0.03510
  10870.8   0.03464
  10893.6   0.03416
  10916.5   0.03371
  10939.5   0.03327
  10962.7   0.03287
  10985.9   0.03240
  11009.2   0.03190
  11032.7   0.03150
  11056.2   0.03110
  11079.8   0.03060
  11103.5   0.03014
  11127.4   0.02967
  11151.3   0.02914
  11175.3   0.02861
  11199.5   0.02807
  11223.7   0.02752
  11248.0   0.02696
  11272.5   0.02643
  11297.1   0.02594
  11321.7   0.02542
  11346.5   0.02501
  11371.4   0.02464
  11396.4   0.02424
  11421.5   0.02385
  11446.7   0.02351
  11472.0   0.02321
  11497.5   0.02292
  11523.0   0.02264
  11548.7   0.02240
  11574.4   0.02214
  11600.3   0.02188
  11626.3   0.02170
  11652.5   0.02153
  11678.7   0.02131
  11705.1   0.02117
  11731.6   0.02105
  11758.2   0.02085
  11784.9   0.02067
  11811.7   0.02054
  11838.7   0.02046
  11865.8   0.02041
  11893.0   0.02024
  11920.3   0.02014
  11947.8   0.02008
  11975.4   0.02000
  12003.1   0.01993
  12031.0   0.01988
  12059.0   0.01983
  12087.1   0.01973
  12115.3   0.01967
  12143.7   0.01959
  12172.2   0.01946
  12200.8   0.01938
  12229.6   0.01933
  12258.5   0.01926
  12287.6   0.01917
  12316.8   0.01901
  12346.1   0.01877
  12375.5   0.01855
  12405.2   0.01822
  12434.9   0.01789
  12464.8   0.01760
  12494.8   0.01722
  12525.0   0.01690
  12555.3   0.01657
  12585.8   0.01617
  12616.4   0.01590
  12647.2   0.01556
  12678.1   0.01516
  12709.2   0.01483
  12740.4   0.01455
  12771.8   0.01425
  12803.3   0.01403
  12835.0   0.01381
  12866.9   0.01365
  12898.9   0.01363
  12931.1   0.01373
  12963.4   0.01380
  12995.9   0.01382
  13028.5   0.01388
  13061.3   0.01397
  13094.3   0.01406
  13127.5   0.01422
  13160.8   0.01443
  13194.3   0.01451
  13228.0   0.01450
  13261.8   0.01454
  13295.8   0.01453
  13330.0   0.01446
  13364.3   0.01436
  13398.8   0.01427
  13433.6   0.01419
  13468.5   0.01412
  13503.5   0.01407
  13538.8   0.01403
  13574.2   0.01405
  13609.9   0.01415
  13645.7   0.01423
  13681.7   0.01436
  13717.9   0.01456
  13754.3   0.01472
  13790.8   0.01471
  13827.6   0.01468
  13864.6   0.01474
  13901.8   0.01472
  13939.2   0.01465
  13976.7   0.01457
  14014.5   0.01444
  14052.5   0.01436
  14090.7   0.01431
  14129.0   0.01419
  14167.6   0.01407
  14206.5   0.01407
  14245.5   0.01405
  14284.7   0.01397
  14324.2   0.01392
  14363.9   0.01399
  14403.8   0.01406
  14443.9   0.01411
  14484.3   0.01413
  14524.8   0.01414
  14565.6   0.01418
  14606.7   0.01432
  14647.9   0.01439
  14689.4   0.01427
  14731.2   0.01421
  14773.1   0.01431
  14815.3   0.01436
  14857.8   0.01436
  14900.5   0.01446
  14943.4   0.01463
  14986.6   0.01473
  15030.0   0.01480
  15073.7   0.01481
  15117.7   0.01482
  15161.9   0.01487
  15206.3   0.01489
  15251.1   0.01503
  15296.1   0.01534
  15341.3   0.01563
  15386.8   0.01607
  15432.6   0.01666
  15478.7   0.01744
  15525.0   0.01816
  15571.7   0.01878
  15618.6   0.01923
  15665.8   0.01958
  15713.2   0.01995
  15761.0   0.02020
  15809.0   0.02031
  15857.4   0.02051
  15906.0   0.02073
  15955.0   0.02084
  16004.2   0.02094
  16053.8   0.02091
  16103.6   0.02087
  16153.8   0.02073
  16204.3   0.02049
  16255.1   0.02045
  16306.2   0.02061
  16357.6   0.02095
  16409.4   0.02135
  16461.5   0.02171
  16513.9   0.02202
  16566.7   0.02214
  16619.8   0.02232
  16673.2   0.02253
  16727.0   0.02251
  16781.1   0.02258
  16835.6   0.02271
  16890.5   0.02299
  16945.7   0.02325
  17001.2   0.02325
  17057.2   0.02308
  17113.4   0.02282
  17170.1   0.02239
  17227.2   0.02192
  17284.6   0.02151
  17342.4   0.02116
  17400.6   0.02091
  17459.2   0.02057
  17518.2   0.02051
  17577.5   0.02067
  17637.3   0.02070
  17697.5   0.02056
  17758.1   0.02035
  17819.2   0.01997
  17880.6   0.01970
  17942.5   0.01970
  18004.8   0.01961
  18067.5   0.01930
  18130.7   0.01932
  18194.3   0.01950
  18258.4   0.01978
  18322.9   0.02023
  18387.9   0.02098
  18453.3   0.02177
  18519.2   0.02201
  18585.6   0.02181
  18652.4   0.02146
  18719.8   0.02085
  18787.6   0.02018
  18855.9   0.01939
  18924.7   0.01871
  18994.1   0.01846
  19063.9   0.01826
  19134.2   0.01786
  19205.1   0.01754
  19276.5   0.01729
  19348.4   0.01699
  19420.9   0.01691
  19493.9   0.01668
  19567.5   0.01664
  19641.6   0.01675
  19716.3   0.01691
  19791.5   0.01658
  19867.3   0.01619
  19943.8   0.01622
  20020.8   0.01626
  20098.4   0.01630
  20176.6   0.01630
  20255.4   0.01615
  20334.8   0.01624
  20414.9   0.01645
  20495.6   0.01665
  20576.9   0.01690
  20658.9   0.01727
  20741.5   0.01774
  20824.8   0.01802
  20908.8   0.01814
  20993.4   0.01837
  21078.8   0.01837
  21164.8   0.01817
  21251.6   0.01839
  21339.0   0.01875
  21427.2   0.01868
  21516.1   0.01845
  21605.8   0.01881
  21696.2   0.01934
  21787.3   0.01943
  21879.3   0.01948
  21972.0   0.01922
  22065.5   0.01849
  22159.7   0.01803
  22254.8   0.01837
  22350.8   0.01817
  22447.5   0.01837
  22545.1   0.01879
  22643.6   0.01931
  22742.9   0.01937
  22843.1   0.01992
  22944.2   0.02083
  23046.2   0.02171
  23149.0   0.02262
  23252.8   0.02313
  23357.6   0.02329
  23463.3   0.02367
  23569.9   0.02367
  23677.5   0.02476
  23786.1   0.02589
  23895.8   0.02579
  24006.4   0.02454
  24118.0   0.02367
  24230.7   0.02396
  24344.5   0.02373
  24459.4   0.02347
  24575.3   0.02290
  24692.3   0.02446
  24810.4   0.02645
  24929.7   0.02606
  25050.2   0.02697



 BIR1LR247B          .ASC                        

 LR-CMP-247-B                                                            
 69955,65 <45 um                                                         
 Connected at 3.65 um                                                    

 Source Ang: 30.00   Detect Ang:  0.00  Volt: 1.222
 Date: 27-JAN-14   Time: 12:56:24
