  6431
    799.9   0.11027
    800.0   0.10945
    800.2   0.11018
    800.3   0.11104
    800.4   0.11114
    800.5   0.11044
    800.7   0.11017
    800.8   0.10900
    800.9   0.10770
    801.0   0.10761
    801.2   0.10846
    801.3   0.11078
    801.4   0.11273
    801.5   0.11085
    801.6   0.11043
    801.8   0.11043
    801.9   0.10954
    802.0   0.11021
    802.1   0.10966
    802.3   0.10931
    802.4   0.10853
    802.5   0.10805
    802.6   0.10984
    802.8   0.11061
    802.9   0.11066
    803.0   0.10945
    803.1   0.10883
    803.3   0.10828
    803.4   0.10732
    803.5   0.10659
    803.6   0.10806
    803.8   0.10988
    803.9   0.10983
    804.0   0.11010
    804.1   0.10951
    804.3   0.10872
    804.4   0.10842
    804.5   0.10823
    804.6   0.10903
    804.8   0.11134
    804.9   0.11115
    805.0   0.10932
    805.1   0.10870
    805.3   0.10875
    805.4   0.10978
    805.5   0.11200
    805.6   0.11154
    805.8   0.11077
    805.9   0.11106
    806.0   0.11009
    806.1   0.10822
    806.3   0.10757
    806.4   0.10878
    806.5   0.11025
    806.6   0.11055
    806.8   0.11027
    806.9   0.11056
    807.0   0.10952
    807.1   0.10820
    807.3   0.10792
    807.4   0.10749
    807.5   0.10806
    807.6   0.10980
    807.8   0.11020
    807.9   0.10876
    808.0   0.10886
    808.1   0.11050
    808.3   0.10964
    808.4   0.10819
    808.5   0.10918
    808.6   0.11048
    808.8   0.11011
    808.9   0.10943
    809.0   0.10910
    809.2   0.11037
    809.3   0.11044
    809.4   0.11049
    809.5   0.11224
    809.7   0.11148
    809.8   0.10948
    809.9   0.11160
    810.0   0.11381
    810.2   0.11070
    810.3   0.10814
    810.4   0.10802
    810.5   0.10915
    810.7   0.10855
    810.8   0.10717
    810.9   0.10774
    811.0   0.10917
    811.2   0.10874
    811.3   0.10648
    811.4   0.10600
    811.5   0.10867
    811.7   0.11095
    811.8   0.11006
    811.9   0.10983
    812.1   0.10998
    812.2   0.10947
    812.3   0.11011
    812.4   0.11064
    812.6   0.10933
    812.7   0.10806
    812.8   0.10716
    813.0   0.10799
    813.1   0.10795
    813.2   0.10867
    813.3   0.10930
    813.5   0.10864
    813.6   0.10874
    813.7   0.11147
    813.8   0.11275
    814.0   0.11127
    814.1   0.10823
    814.2   0.10743
    814.4   0.10855
    814.5   0.11041
    814.6   0.11129
    814.7   0.11135
    814.9   0.11091
    815.0   0.11023
    815.1   0.11042
    815.3   0.11058
    815.4   0.11105
    815.5   0.10964
    815.6   0.11016
    815.8   0.11052
    815.9   0.11053
    816.0   0.11192
    816.2   0.11184
    816.3   0.11032
    816.4   0.10986
    816.5   0.11047
    816.7   0.11052
    816.8   0.10959
    816.9   0.10936
    817.0   0.10960
    817.2   0.11064
    817.3   0.11169
    817.4   0.11301
    817.6   0.11298
    817.7   0.11058
    817.8   0.10929
    818.0   0.10959
    818.1   0.10995
    818.2   0.11108
    818.3   0.11056
    818.5   0.10927
    818.6   0.10990
    818.7   0.11127
    818.9   0.11225
    819.0   0.11168
    819.1   0.11021
    819.3   0.10909
    819.4   0.10740
    819.5   0.10816
    819.6   0.10987
    819.8   0.10994
    819.9   0.11050
    820.0   0.11067
    820.2   0.10881
    820.3   0.10880
    820.4   0.10905
    820.5   0.10884
    820.7   0.10884
    820.8   0.11028
    820.9   0.11138
    821.1   0.10961
    821.2   0.10884
    821.3   0.10993
    821.5   0.11018
    821.6   0.10874
    821.7   0.10823
    821.8   0.10901
    822.0   0.11042
    822.1   0.11079
    822.2   0.11010
    822.4   0.11015
    822.5   0.11061
    822.6   0.11147
    822.8   0.11223
    822.9   0.11234
    823.0   0.11159
    823.2   0.10853
    823.3   0.10807
    823.4   0.10918
    823.5   0.10940
    823.7   0.10958
    823.8   0.10942
    823.9   0.11013
    824.1   0.11054
    824.2   0.11014
    824.3   0.10938
    824.5   0.10860
    824.6   0.10784
    824.7   0.10739
    824.8   0.10744
    825.0   0.10866
    825.1   0.11158
    825.3   0.11265
    825.4   0.11271
    825.5   0.11077
    825.6   0.10841
    825.8   0.10988
    825.9   0.11200
    826.0   0.11208
    826.2   0.11133
    826.3   0.11070
    826.4   0.11006
    826.6   0.10983
    826.7   0.11134
    826.8   0.11168
    827.0   0.11067
    827.1   0.11050
    827.2   0.10991
    827.3   0.11017
    827.5   0.11065
    827.6   0.11098
    827.8   0.11106
    827.9   0.11102
    828.0   0.11087
    828.2   0.11088
    828.3   0.11006
    828.4   0.11028
    828.5   0.11092
    828.7   0.11078
    828.8   0.11049
    828.9   0.10963
    829.1   0.10952
    829.2   0.11079
    829.3   0.11044
    829.5   0.10856
    829.6   0.10971
    829.7   0.11084
    829.9   0.11072
    830.0   0.11122
    830.1   0.11166
    830.3   0.11092
    830.4   0.11083
    830.5   0.11242
    830.7   0.11278
    830.8   0.11196
    830.9   0.10989
    831.1   0.11057
    831.2   0.11060
    831.3   0.11030
    831.5   0.11126
    831.6   0.11160
    831.7   0.11231
    831.9   0.11298
    832.0   0.11266
    832.1   0.11026
    832.3   0.10921
    832.4   0.11129
    832.5   0.11186
    832.7   0.11138
    832.8   0.11070
    832.9   0.10970
    833.1   0.10988
    833.2   0.11028
    833.3   0.11162
    833.5   0.11218
    833.6   0.11133
    833.7   0.11069
    833.9   0.11058
    834.0   0.11064
    834.1   0.11097
    834.3   0.11107
    834.4   0.11004
    834.5   0.10970
    834.7   0.11092
    834.8   0.11107
    835.0   0.11044
    835.1   0.11009
    835.2   0.10993
    835.3   0.11009
    835.5   0.10975
    835.6   0.11051
    835.8   0.11182
    835.9   0.11190
    836.0   0.11174
    836.2   0.11200
    836.3   0.11125
    836.4   0.11080
    836.6   0.11096
    836.7   0.11087
    836.8   0.11028
    837.0   0.10985
    837.1   0.10954
    837.2   0.11063
    837.4   0.11224
    837.5   0.11290
    837.6   0.11260
    837.8   0.11239
    837.9   0.11187
    838.0   0.11204
    838.2   0.11196
    838.3   0.11119
    838.5   0.11035
    838.6   0.10919
    838.7   0.10922
    838.9   0.10908
    839.0   0.10980
    839.1   0.11131
    839.3   0.11054
    839.4   0.10961
    839.5   0.10963
    839.7   0.11089
    839.8   0.11161
    840.0   0.11155
    840.1   0.11125
    840.2   0.11079
    840.4   0.11080
    840.5   0.11120
    840.6   0.11109
    840.8   0.11155
    840.9   0.11177
    841.0   0.11185
    841.2   0.11209
    841.3   0.11132
    841.5   0.10984
    841.6   0.11062
    841.7   0.11098
    841.9   0.11120
    842.0   0.11153
    842.1   0.11150
    842.3   0.11113
    842.4   0.11145
    842.5   0.11189
    842.7   0.11206
    842.8   0.11292
    843.0   0.11231
    843.1   0.11094
    843.2   0.11004
    843.4   0.11128
    843.5   0.11229
    843.6   0.11109
    843.8   0.11084
    843.9   0.11094
    844.0   0.11050
    844.2   0.10979
    844.3   0.11005
    844.5   0.11011
    844.6   0.11120
    844.7   0.11167
    844.9   0.11102
    845.0   0.11120
    845.2   0.11173
    845.3   0.11173
    845.4   0.11182
    845.6   0.11202
    845.7   0.11130
    845.8   0.11121
    846.0   0.11279
    846.1   0.11292
    846.3   0.11139
    846.4   0.11077
    846.5   0.11071
    846.7   0.11194
    846.8   0.11247
    847.0   0.11166
    847.1   0.11116
    847.2   0.11125
    847.4   0.11150
    847.5   0.11256
    847.6   0.11290
    847.8   0.11258
    847.9   0.11255
    848.1   0.11215
    848.2   0.11190
    848.3   0.11179
    848.5   0.11112
    848.6   0.11019
    848.8   0.10985
    848.9   0.11013
    849.0   0.11059
    849.2   0.11160
    849.3   0.11204
    849.5   0.11142
    849.6   0.11113
    849.7   0.11150
    849.9   0.11178
    850.0   0.11159
    850.1   0.11111
    850.3   0.11058
    850.4   0.11026
    850.6   0.10985
    850.7   0.11014
    850.8   0.11071
    851.0   0.11123
    851.1   0.11196
    851.3   0.11126
    851.4   0.11077
    851.5   0.11092
    851.7   0.10969
    851.8   0.10907
    852.0   0.10939
    852.1   0.10927
    852.2   0.10960
    852.4   0.11041
    852.5   0.11143
    852.7   0.11081
    852.8   0.10927
    852.9   0.10909
    853.1   0.11007
    853.2   0.11073
    853.4   0.11039
    853.5   0.11025
    853.6   0.11044
    853.8   0.11075
    853.9   0.11025
    854.1   0.11058
    854.2   0.11155
    854.3   0.11172
    854.5   0.11149
    854.6   0.11069
    854.8   0.11048
    854.9   0.11047
    855.0   0.11077
    855.2   0.11095
    855.3   0.11066
    855.5   0.11043
    855.6   0.10993
    855.8   0.11021
    855.9   0.11061
    856.0   0.11031
    856.2   0.11072
    856.3   0.11186
    856.5   0.11248
    856.6   0.11184
    856.8   0.11082
    856.9   0.11095
    857.0   0.11109
    857.2   0.11033
    857.3   0.11018
    857.5   0.11105
    857.6   0.11137
    857.7   0.11095
    857.9   0.11053
    858.0   0.11091
    858.2   0.11203
    858.3   0.11289
    858.5   0.11237
    858.6   0.11113
    858.7   0.11010
    858.9   0.10975
    859.0   0.11054
    859.2   0.11105
    859.3   0.11057
    859.4   0.10999
    859.6   0.11090
    859.7   0.11158
    859.9   0.11122
    860.0   0.11095
    860.2   0.11106
    860.3   0.11109
    860.4   0.11038
    860.6   0.11019
    860.7   0.11028
    860.9   0.11027
    861.0   0.11157
    861.2   0.11181
    861.3   0.11146
    861.4   0.11082
    861.6   0.11084
    861.7   0.11082
    861.9   0.10988
    862.0   0.10990
    862.2   0.11104
    862.3   0.11066
    862.5   0.11027
    862.6   0.11052
    862.7   0.11016
    862.9   0.11111
    863.0   0.11105
    863.2   0.11072
    863.3   0.11103
    863.5   0.11142
    863.6   0.11015
    863.7   0.10903
    863.9   0.10964
    864.0   0.11092
    864.2   0.11065
    864.3   0.11008
    864.5   0.10967
    864.6   0.10959
    864.8   0.10973
    864.9   0.11007
    865.0   0.11023
    865.2   0.11038
    865.3   0.11080
    865.5   0.11105
    865.6   0.11076
    865.8   0.11016
    865.9   0.10933
    866.0   0.10974
    866.2   0.11093
    866.3   0.11149
    866.5   0.11081
    866.6   0.10986
    866.8   0.10969
    866.9   0.11035
    867.1   0.11142
    867.2   0.11093
    867.3   0.10967
    867.5   0.10971
    867.6   0.11036
    867.8   0.11024
    867.9   0.11061
    868.1   0.11054
    868.2   0.11088
    868.4   0.11131
    868.5   0.11114
    868.7   0.11063
    868.8   0.11065
    869.0   0.11044
    869.1   0.10976
    869.2   0.11029
    869.4   0.11081
    869.5   0.11039
    869.7   0.11003
    869.8   0.10945
    870.0   0.10937
    870.1   0.11056
    870.3   0.11096
    870.4   0.11066
    870.6   0.11060
    870.7   0.11108
    870.8   0.11073
    871.0   0.11058
    871.1   0.11098
    871.3   0.11092
    871.4   0.11102
    871.6   0.11060
    871.7   0.10991
    871.9   0.10998
    872.0   0.11033
    872.2   0.10991
    872.3   0.11057
    872.5   0.11065
    872.6   0.11055
    872.8   0.11102
    872.9   0.10981
    873.0   0.10936
    873.2   0.11051
    873.3   0.11048
    873.5   0.10989
    873.6   0.10988
    873.8   0.11062
    873.9   0.11165
    874.1   0.11135
    874.2   0.11102
    874.4   0.11074
    874.5   0.11045
    874.7   0.10976
    874.8   0.10864
    875.0   0.10930
    875.1   0.11041
    875.3   0.11074
    875.4   0.11082
    875.5   0.11094
    875.7   0.11080
    875.8   0.11111
    876.0   0.11149
    876.2   0.11142
    876.3   0.11113
    876.4   0.11060
    876.6   0.11039
    876.7   0.11064
    876.9   0.10996
    877.0   0.10952
    877.2   0.11024
    877.3   0.11071
    877.5   0.11078
    877.6   0.11062
    877.8   0.11035
    877.9   0.11050
    878.1   0.11090
    878.2   0.11084
    878.4   0.11104
    878.5   0.11145
    878.7   0.11085
    878.8   0.11023
    879.0   0.11051
    879.1   0.11053
    879.3   0.11006
    879.4   0.11007
    879.6   0.11050
    879.7   0.11036
    879.9   0.10949
    880.0   0.10966
    880.2   0.10973
    880.3   0.10951
    880.5   0.10972
    880.6   0.11008
    880.8   0.11069
    880.9   0.11090
    881.1   0.11095
    881.2   0.11073
    881.4   0.11007
    881.5   0.10956
    881.7   0.10962
    881.8   0.10987
    882.0   0.11021
    882.1   0.11024
    882.3   0.11050
    882.4   0.11057
    882.6   0.11017
    882.7   0.11002
    882.9   0.11034
    883.0   0.11047
    883.2   0.11010
    883.3   0.10970
    883.5   0.10982
    883.6   0.10921
    883.8   0.10898
    883.9   0.10948
    884.1   0.11007
    884.2   0.10992
    884.4   0.10921
    884.5   0.10924
    884.7   0.10977
    884.8   0.11040
    885.0   0.11085
    885.1   0.11031
    885.3   0.10944
    885.4   0.10984
    885.6   0.11010
    885.7   0.11002
    885.9   0.11006
    886.0   0.11027
    886.2   0.11029
    886.3   0.11005
    886.5   0.10981
    886.6   0.10998
    886.8   0.11037
    886.9   0.11117
    887.1   0.11081
    887.2   0.11045
    887.4   0.11046
    887.5   0.11052
    887.7   0.10994
    887.8   0.11004
    888.0   0.11050
    888.2   0.11027
    888.3   0.10975
    888.5   0.10954
    888.6   0.10948
    888.8   0.10991
    888.9   0.11005
    889.1   0.11003
    889.2   0.10974
    889.4   0.10965
    889.5   0.11056
    889.7   0.11107
    889.8   0.11091
    890.0   0.11040
    890.1   0.11064
    890.3   0.11076
    890.4   0.11067
    890.6   0.11107
    890.8   0.11103
    890.9   0.11117
    891.0   0.11074
    891.2   0.11018
    891.4   0.10983
    891.5   0.11058
    891.7   0.11120
    891.8   0.11011
    892.0   0.10987
    892.1   0.11086
    892.3   0.11119
    892.4   0.11104
    892.6   0.11073
    892.7   0.11054
    892.9   0.11010
    893.0   0.10994
    893.2   0.11012
    893.4   0.11015
    893.5   0.11031
    893.7   0.11040
    893.8   0.11012
    894.0   0.11007
    894.1   0.10989
    894.3   0.10971
    894.4   0.10979
    894.6   0.10980
    894.7   0.11011
    894.9   0.11034
    895.0   0.11087
    895.2   0.11094
    895.4   0.11030
    895.5   0.11046
    895.7   0.10983
    895.8   0.10935
    896.0   0.10990
    896.1   0.10992
    896.3   0.10960
    896.4   0.10989
    896.6   0.11023
    896.8   0.10992
    896.9   0.11038
    897.1   0.11058
    897.2   0.11013
    897.4   0.10968
    897.5   0.10948
    897.7   0.10955
    897.8   0.10915
    898.0   0.10934
    898.2   0.11044
    898.3   0.11061
    898.5   0.11022
    898.6   0.11010
    898.8   0.11017
    898.9   0.11073
    899.1   0.11077
    899.2   0.11027
    899.4   0.11064
    899.6   0.11112
    899.7   0.11100
    899.9   0.11045
    900.0   0.11024
    900.2   0.11013
    900.3   0.11041
    900.5   0.11078
    900.7   0.11058
    900.8   0.11014
    901.0   0.11014
    901.1   0.11011
    901.3   0.11008
    901.4   0.10962
    901.6   0.10968
    901.8   0.10986
    901.9   0.10965
    902.1   0.11003
    902.2   0.11015
    902.4   0.10998
    902.5   0.10982
    902.7   0.11059
    902.8   0.11118
    903.0   0.11060
    903.2   0.11036
    903.3   0.11047
    903.5   0.11046
    903.6   0.11016
    903.8   0.11001
    904.0   0.11051
    904.1   0.11042
    904.3   0.10994
    904.4   0.11026
    904.6   0.11068
    904.7   0.11016
    904.9   0.10978
    905.0   0.11032
    905.2   0.11064
    905.4   0.11080
    905.5   0.11073
    905.7   0.11061
    905.8   0.11083
    906.0   0.11080
    906.2   0.11058
    906.3   0.11078
    906.5   0.11097
    906.6   0.11083
    906.8   0.11017
    907.0   0.10961
    907.1   0.10973
    907.3   0.11008
    907.4   0.11040
    907.6   0.11095
    907.7   0.11056
    907.9   0.11046
    908.1   0.11093
    908.2   0.11099
    908.4   0.11075
    908.5   0.11066
    908.7   0.11101
    908.9   0.11090
    909.0   0.11016
    909.2   0.10973
    909.3   0.10992
    909.5   0.11025
    909.7   0.11010
    909.8   0.11003
    910.0   0.11033
    910.1   0.11062
    910.3   0.11034
    910.5   0.11003
    910.6   0.11006
    910.8   0.10959
    910.9   0.10986
    911.1   0.11047
    911.3   0.11081
    911.4   0.11061
    911.6   0.11048
    911.7   0.11079
    911.9   0.11090
    912.1   0.11037
    912.2   0.11013
    912.4   0.11034
    912.5   0.11007
    912.7   0.11010
    912.9   0.11046
    913.0   0.11018
    913.2   0.11073
    913.3   0.11104
    913.5   0.11045
    913.7   0.10981
    913.8   0.10972
    914.0   0.11027
    914.2   0.11036
    914.3   0.11044
    914.5   0.11101
    914.6   0.11092
    914.8   0.11064
    915.0   0.11058
    915.1   0.11057
    915.3   0.11078
    915.4   0.11062
    915.6   0.10973
    915.8   0.10948
    915.9   0.11025
    916.1   0.11018
    916.3   0.11028
    916.4   0.11059
    916.6   0.11052
    916.7   0.11054
    916.9   0.11036
    917.1   0.11026
    917.2   0.11042
    917.4   0.11045
    917.5   0.11056
    917.7   0.11065
    917.9   0.11096
    918.0   0.11078
    918.2   0.11064
    918.4   0.11084
    918.5   0.11089
    918.7   0.11073
    918.8   0.11072
    919.0   0.11042
    919.2   0.11046
    919.3   0.11091
    919.5   0.11090
    919.7   0.11044
    919.8   0.10998
    920.0   0.11004
    920.2   0.11036
    920.3   0.11059
    920.5   0.11024
    920.6   0.11054
    920.8   0.11125
    921.0   0.11121
    921.1   0.11106
    921.3   0.11100
    921.5   0.11053
    921.6   0.11038
    921.8   0.11050
    922.0   0.11063
    922.1   0.11098
    922.3   0.11119
    922.4   0.11051
    922.6   0.11060
    922.8   0.11111
    922.9   0.11094
    923.1   0.11050
    923.3   0.11053
    923.4   0.11069
    923.6   0.11098
    923.8   0.11079
    923.9   0.11048
    924.1   0.11034
    924.3   0.11005
    924.4   0.11023
    924.6   0.11062
    924.7   0.11095
    924.9   0.11118
    925.1   0.11077
    925.2   0.11058
    925.4   0.11099
    925.6   0.11129
    925.7   0.11139
    925.9   0.11133
    926.1   0.11087
    926.2   0.11087
    926.4   0.11100
    926.6   0.11094
    926.7   0.11087
    926.9   0.11106
    927.1   0.11090
    927.2   0.11031
    927.4   0.11030
    927.6   0.11053
    927.7   0.11090
    927.9   0.11126
    928.0   0.11095
    928.2   0.11061
    928.4   0.11118
    928.5   0.11134
    928.7   0.11124
    928.9   0.11111
    929.0   0.11101
    929.2   0.11079
    929.4   0.11070
    929.5   0.11104
    929.7   0.11076
    929.9   0.11017
    930.0   0.11041
    930.2   0.11066
    930.4   0.11047
    930.5   0.11073
    930.7   0.11074
    930.9   0.11083
    931.0   0.11107
    931.2   0.11120
    931.4   0.11111
    931.6   0.11073
    931.7   0.11097
    931.9   0.11122
    932.1   0.11110
    932.2   0.11123
    932.4   0.11137
    932.6   0.11150
    932.7   0.11173
    932.9   0.11164
    933.1   0.11131
    933.2   0.11101
    933.4   0.11109
    933.6   0.11135
    933.7   0.11128
    933.9   0.11092
    934.1   0.11099
    934.2   0.11113
    934.4   0.11139
    934.6   0.11151
    934.8   0.11148
    934.9   0.11145
    935.1   0.11133
    935.3   0.11129
    935.4   0.11134
    935.6   0.11140
    935.8   0.11108
    935.9   0.11128
    936.1   0.11157
    936.3   0.11142
    936.4   0.11141
    936.6   0.11133
    936.8   0.11130
    936.9   0.11158
    937.1   0.11139
    937.3   0.11121
    937.5   0.11128
    937.6   0.11139
    937.8   0.11134
    938.0   0.11126
    938.1   0.11133
    938.3   0.11123
    938.5   0.11115
    938.6   0.11123
    938.8   0.11102
    939.0   0.11123
    939.2   0.11139
    939.3   0.11137
    939.5   0.11135
    939.7   0.11145
    939.8   0.11127
    940.0   0.11116
    940.2   0.11161
    940.3   0.11214
    940.5   0.11201
    940.7   0.11156
    940.8   0.11142
    941.0   0.11163
    941.2   0.11222
    941.4   0.11191
    941.5   0.11129
    941.7   0.11125
    941.9   0.11130
    942.0   0.11132
    942.2   0.11184
    942.4   0.11192
    942.6   0.11179
    942.7   0.11168
    942.9   0.11161
    943.1   0.11168
    943.3   0.11111
    943.4   0.11113
    943.6   0.11154
    943.8   0.11167
    943.9   0.11182
    944.1   0.11190
    944.3   0.11210
    944.5   0.11198
    944.6   0.11181
    944.8   0.11186
    945.0   0.11145
    945.1   0.11142
    945.3   0.11161
    945.5   0.11144
    945.7   0.11192
    945.8   0.11206
    946.0   0.11170
    946.2   0.11157
    946.3   0.11167
    946.5   0.11178
    946.7   0.11204
    946.9   0.11215
    947.0   0.11224
    947.2   0.11231
    947.4   0.11208
    947.6   0.11187
    947.7   0.11174
    947.9   0.11171
    948.1   0.11145
    948.3   0.11155
    948.4   0.11184
    948.6   0.11195
    948.8   0.11194
    949.0   0.11176
    949.1   0.11171
    949.3   0.11209
    949.5   0.11213
    949.6   0.11213
    949.8   0.11209
    950.0   0.11190
    950.2   0.11224
    950.3   0.11264
    950.5   0.11209
    950.7   0.11190
    950.9   0.11223
    951.0   0.11232
    951.2   0.11244
    951.4   0.11242
    951.6   0.11242
    951.7   0.11229
    951.9   0.11241
    952.1   0.11243
    952.3   0.11241
    952.4   0.11248
    952.6   0.11215
    952.8   0.11234
    953.0   0.11263
    953.1   0.11242
    953.3   0.11215
    953.5   0.11223
    953.7   0.11243
    953.8   0.11245
    954.0   0.11246
    954.2   0.11243
    954.4   0.11258
    954.5   0.11242
    954.7   0.11229
    954.9   0.11244
    955.1   0.11249
    955.2   0.11234
    955.4   0.11203
    955.6   0.11182
    955.8   0.11213
    956.0   0.11266
    956.1   0.11294
    956.3   0.11264
    956.5   0.11243
    956.7   0.11263
    956.8   0.11293
    957.0   0.11278
    957.2   0.11248
    957.4   0.11254
    957.5   0.11282
    957.7   0.11273
    957.9   0.11241
    958.1   0.11236
    958.2   0.11233
    958.4   0.11222
    958.6   0.11256
    958.8   0.11274
    959.0   0.11271
    959.1   0.11277
    959.3   0.11270
    959.5   0.11280
    959.7   0.11300
    959.8   0.11291
    960.0   0.11307
    960.2   0.11314
    960.4   0.11273
    960.5   0.11267
    960.7   0.11257
    960.9   0.11239
    961.1   0.11253
    961.3   0.11258
    961.4   0.11256
    961.6   0.11274
    961.8   0.11278
    962.0   0.11284
    962.2   0.11305
    962.3   0.11322
    962.5   0.11335
    962.7   0.11304
    962.9   0.11277
    963.0   0.11306
    963.2   0.11314
    963.4   0.11306
    963.6   0.11335
    963.8   0.11338
    963.9   0.11319
    964.1   0.11299
    964.3   0.11265
    964.5   0.11284
    964.7   0.11326
    964.8   0.11326
    965.0   0.11291
    965.2   0.11276
    965.4   0.11304
    965.6   0.11309
    965.7   0.11309
    965.9   0.11325
    966.1   0.11322
    966.3   0.11323
    966.5   0.11316
    966.6   0.11312
    966.8   0.11303
    967.0   0.11311
    967.2   0.11334
    967.4   0.11364
    967.5   0.11388
    967.7   0.11343
    967.9   0.11301
    968.1   0.11286
    968.3   0.11294
    968.4   0.11312
    968.6   0.11344
    968.8   0.11352
    969.0   0.11335
    969.2   0.11322
    969.3   0.11328
    969.5   0.11342
    969.7   0.11327
    969.9   0.11355
    970.1   0.11389
    970.3   0.11366
    970.4   0.11341
    970.6   0.11350
    970.8   0.11354
    971.0   0.11358
    971.2   0.11341
    971.3   0.11341
    971.5   0.11349
    971.7   0.11372
    971.9   0.11382
    972.1   0.11377
    972.3   0.11368
    972.4   0.11396
    972.6   0.11403
    972.8   0.11410
    973.0   0.11395
    973.2   0.11365
    973.3   0.11372
    973.5   0.11391
    973.7   0.11389
    973.9   0.11381
    974.1   0.11377
    974.3   0.11366
    974.5   0.11353
    974.6   0.11379
    974.8   0.11390
    975.0   0.11382
    975.2   0.11375
    975.4   0.11377
    975.5   0.11406
    975.7   0.11383
    975.9   0.11367
    976.1   0.11378
    976.3   0.11396
    976.5   0.11378
    976.7   0.11372
    976.8   0.11406
    977.0   0.11404
    977.2   0.11401
    977.4   0.11411
    977.6   0.11394
    977.8   0.11391
    977.9   0.11405
    978.1   0.11415
    978.3   0.11403
    978.5   0.11402
    978.7   0.11419
    978.9   0.11433
    979.0   0.11431
    979.2   0.11412
    979.4   0.11406
    979.6   0.11413
    979.8   0.11423
    980.0   0.11418
    980.2   0.11414
    980.3   0.11417
    980.5   0.11418
    980.7   0.11417
    980.9   0.11425
    981.1   0.11425
    981.3   0.11427
    981.5   0.11442
    981.7   0.11427
    981.8   0.11429
    982.0   0.11446
    982.2   0.11445
    982.4   0.11447
    982.6   0.11434
    982.8   0.11419
    983.0   0.11429
    983.1   0.11465
    983.3   0.11471
    983.5   0.11443
    983.7   0.11436
    983.9   0.11440
    984.1   0.11433
    984.3   0.11451
    984.4   0.11452
    984.6   0.11433
    984.8   0.11451
    985.0   0.11462
    985.2   0.11464
    985.4   0.11474
    985.6   0.11475
    985.8   0.11462
    985.9   0.11443
    986.1   0.11465
    986.3   0.11490
    986.5   0.11486
    986.7   0.11465
    986.9   0.11454
    987.1   0.11470
    987.3   0.11470
    987.4   0.11469
    987.6   0.11469
    987.8   0.11471
    988.0   0.11500
    988.2   0.11516
    988.4   0.11481
    988.6   0.11463
    988.8   0.11459
    989.0   0.11470
    989.1   0.11488
    989.3   0.11494
    989.5   0.11497
    989.7   0.11492
    989.9   0.11498
    990.1   0.11507
    990.3   0.11525
    990.5   0.11544
    990.7   0.11528
    990.8   0.11501
    991.0   0.11487
    991.2   0.11477
    991.4   0.11481
    991.6   0.11504
    991.8   0.11525
    992.0   0.11532
    992.2   0.11528
    992.4   0.11521
    992.5   0.11498
    992.7   0.11515
    992.9   0.11553
    993.1   0.11548
    993.3   0.11534
    993.5   0.11527
    993.7   0.11527
    993.9   0.11518
    994.1   0.11517
    994.3   0.11510
    994.5   0.11522
    994.6   0.11535
    994.8   0.11535
    995.0   0.11532
    995.2   0.11545
    995.4   0.11558
    995.6   0.11557
    995.8   0.11547
    996.0   0.11545
    996.2   0.11544
    996.4   0.11549
    996.5   0.11560
    996.7   0.11561
    996.9   0.11564
    997.1   0.11581
    997.3   0.11577
    997.5   0.11536
    997.7   0.11555
    997.9   0.11598
    998.1   0.11585
    998.3   0.11566
    998.5   0.11567
    998.7   0.11569
    998.9   0.11582
    999.0   0.11586
    999.2   0.11571
    999.4   0.11580
    999.6   0.11610
    999.8   0.11586
   1000.0   0.11563
   1000.2   0.11590
   1000.4   0.11587
   1000.6   0.11568
   1000.8   0.11570
   1001.0   0.11568
   1001.2   0.11581
   1001.4   0.11603
   1001.6   0.11584
   1001.8   0.11578
   1001.9   0.11600
   1002.1   0.11594
   1002.3   0.11590
   1002.5   0.11608
   1002.7   0.11611
   1002.9   0.11589
   1003.1   0.11585
   1003.3   0.11607
   1003.5   0.11615
   1003.7   0.11593
   1003.9   0.11580
   1004.1   0.11587
   1004.3   0.11598
   1004.5   0.11620
   1004.7   0.11632
   1004.9   0.11631
   1005.0   0.11630
   1005.3   0.11644
   1005.4   0.11646
   1005.6   0.11620
   1005.8   0.11609
   1006.0   0.11611
   1006.2   0.11629
   1006.4   0.11635
   1006.6   0.11641
   1006.8   0.11633
   1007.0   0.11638
   1007.2   0.11667
   1007.4   0.11676
   1007.6   0.11666
   1007.8   0.11675
   1008.0   0.11665
   1008.2   0.11641
   1008.4   0.11629
   1008.6   0.11647
   1008.8   0.11666
   1009.0   0.11683
   1009.2   0.11688
   1009.4   0.11675
   1009.5   0.11679
   1009.8   0.11679
   1010.0   0.11666
   1010.1   0.11665
   1010.3   0.11681
   1010.5   0.11685
   1010.7   0.11668
   1010.9   0.11662
   1011.1   0.11668
   1011.3   0.11672
   1011.5   0.11665
   1011.7   0.11670
   1011.9   0.11673
   1012.1   0.11677
   1012.3   0.11710
   1012.5   0.11719
   1012.7   0.11703
   1012.9   0.11696
   1013.1   0.11696
   1013.3   0.11689
   1013.5   0.11712
   1013.7   0.11713
   1013.9   0.11696
   1014.1   0.11697
   1014.3   0.11701
   1014.5   0.11696
   1014.7   0.11710
   1014.9   0.11718
   1015.1   0.11708
   1015.3   0.11719
   1015.5   0.11734
   1015.7   0.11714
   1015.9   0.11704
   1016.1   0.11723
   1016.3   0.11730
   1016.5   0.11731
   1016.7   0.11730
   1016.9   0.11723
   1017.1   0.11731
   1017.3   0.11740
   1017.5   0.11739
   1017.7   0.11756
   1017.9   0.11758
   1018.1   0.11726
   1018.3   0.11713
   1018.5   0.11726
   1018.7   0.11744
   1018.9   0.11741
   1019.1   0.11737
   1019.3   0.11735
   1019.5   0.11747
   1019.7   0.11757
   1019.9   0.11739
   1020.1   0.11741
   1020.3   0.11759
   1020.5   0.11757
   1020.7   0.11752
   1020.9   0.11751
   1021.1   0.11747
   1021.3   0.11749
   1021.5   0.11767
   1021.7   0.11770
   1021.9   0.11770
   1022.1   0.11772
   1022.3   0.11773
   1022.5   0.11773
   1022.7   0.11785
   1022.9   0.11784
   1023.1   0.11764
   1023.3   0.11758
   1023.5   0.11766
   1023.7   0.11773
   1023.9   0.11785
   1024.1   0.11793
   1024.3   0.11787
   1024.5   0.11796
   1024.7   0.11806
   1024.9   0.11800
   1025.1   0.11787
   1025.3   0.11779
   1025.5   0.11782
   1025.7   0.11795
   1025.9   0.11792
   1026.1   0.11781
   1026.3   0.11789
   1026.5   0.11794
   1026.8   0.11801
   1026.9   0.11809
   1027.2   0.11814
   1027.4   0.11822
   1027.6   0.11832
   1027.8   0.11830
   1028.0   0.11828
   1028.2   0.11826
   1028.4   0.11822
   1028.6   0.11822
   1028.8   0.11824
   1029.0   0.11825
   1029.2   0.11823
   1029.4   0.11837
   1029.6   0.11829
   1029.8   0.11818
   1030.0   0.11829
   1030.2   0.11848
   1030.4   0.11849
   1030.6   0.11852
   1030.8   0.11856
   1031.0   0.11847
   1031.2   0.11840
   1031.4   0.11846
   1031.7   0.11857
   1031.8   0.11859
   1032.1   0.11846
   1032.3   0.11858
   1032.5   0.11878
   1032.7   0.11860
   1032.9   0.11838
   1033.1   0.11845
   1033.3   0.11851
   1033.5   0.11861
   1033.7   0.11890
   1033.9   0.11901
   1034.1   0.11892
   1034.3   0.11874
   1034.5   0.11872
   1034.7   0.11898
   1034.9   0.11895
   1035.2   0.11869
   1035.4   0.11866
   1035.6   0.11864
   1035.8   0.11862
   1036.0   0.11879
   1036.2   0.11893
   1036.4   0.11896
   1036.6   0.11896
   1036.8   0.11903
   1037.0   0.11906
   1037.2   0.11914
   1037.4   0.11918
   1037.6   0.11912
   1037.8   0.11923
   1038.1   0.11927
   1038.3   0.11910
   1038.5   0.11921
   1038.7   0.11933
   1038.9   0.11929
   1039.1   0.11923
   1039.3   0.11914
   1039.5   0.11921
   1039.7   0.11943
   1039.9   0.11931
   1040.1   0.11915
   1040.3   0.11923
   1040.6   0.11924
   1040.8   0.11921
   1041.0   0.11946
   1041.2   0.11969
   1041.4   0.11974
   1041.6   0.11958
   1041.8   0.11941
   1042.0   0.11939
   1042.2   0.11947
   1042.4   0.11948
   1042.6   0.11946
   1042.8   0.11960
   1043.1   0.11961
   1043.3   0.11951
   1043.5   0.11965
   1043.7   0.11971
   1043.9   0.11974
   1044.1   0.11971
   1044.3   0.11962
   1044.5   0.11968
   1044.8   0.11979
   1045.0   0.11994
   1045.2   0.11989
   1045.4   0.11972
   1045.6   0.11977
   1045.8   0.11989
   1046.0   0.11985
   1046.2   0.11993
   1046.4   0.11996
   1046.6   0.12000
   1046.9   0.12018
   1047.1   0.12001
   1047.3   0.11977
   1047.5   0.11990
   1047.7   0.12005
   1047.9   0.12013
   1048.1   0.11999
   1048.3   0.11997
   1048.6   0.11995
   1048.8   0.12003
   1049.0   0.12017
   1049.2   0.12015
   1049.4   0.12007
   1049.6   0.12011
   1049.8   0.12030
   1050.0   0.12025
   1050.3   0.12005
   1050.5   0.12011
   1050.7   0.12027
   1050.9   0.12019
   1051.1   0.12024
   1051.3   0.12034
   1051.5   0.12025
   1051.7   0.12037
   1051.9   0.12058
   1052.2   0.12057
   1052.4   0.12054
   1052.6   0.12056
   1052.8   0.12058
   1053.0   0.12059
   1053.2   0.12047
   1053.4   0.12048
   1053.7   0.12071
   1053.9   0.12073
   1054.1   0.12053
   1054.3   0.12057
   1054.5   0.12054
   1054.7   0.12045
   1054.9   0.12047
   1055.2   0.12065
   1055.4   0.12091
   1055.6   0.12091
   1055.8   0.12091
   1056.0   0.12085
   1056.2   0.12072
   1056.4   0.12080
   1056.7   0.12075
   1056.9   0.12073
   1057.1   0.12084
   1057.3   0.12089
   1057.5   0.12091
   1057.8   0.12104
   1058.0   0.12091
   1058.2   0.12077
   1058.4   0.12090
   1058.6   0.12095
   1058.8   0.12119
   1059.0   0.12129
   1059.3   0.12117
   1059.5   0.12108
   1059.7   0.12097
   1059.9   0.12106
   1060.1   0.12125
   1060.3   0.12123
   1060.6   0.12116
   1060.8   0.12118
   1061.0   0.12120
   1061.2   0.12122
   1061.4   0.12127
   1061.7   0.12125
   1061.9   0.12126
   1062.1   0.12114
   1062.3   0.12113
   1062.5   0.12123
   1062.7   0.12140
   1062.9   0.12138
   1063.2   0.12139
   1063.4   0.12135
   1063.6   0.12140
   1063.8   0.12152
   1064.0   0.12141
   1064.3   0.12134
   1064.5   0.12148
   1064.7   0.12162
   1064.9   0.12155
   1065.1   0.12148
   1065.3   0.12148
   1065.6   0.12146
   1065.8   0.12157
   1066.0   0.12161
   1066.2   0.12157
   1066.4   0.12152
   1066.7   0.12165
   1066.9   0.12187
   1067.1   0.12194
   1067.3   0.12191
   1067.6   0.12170
   1067.8   0.12162
   1068.0   0.12167
   1068.2   0.12171
   1068.4   0.12180
   1068.7   0.12175
   1068.9   0.12182
   1069.1   0.12193
   1069.3   0.12208
   1069.5   0.12212
   1069.8   0.12211
   1070.0   0.12211
   1070.2   0.12217
   1070.4   0.12215
   1070.6   0.12210
   1070.8   0.12210
   1071.1   0.12215
   1071.3   0.12213
   1071.5   0.12209
   1071.7   0.12215
   1072.0   0.12206
   1072.2   0.12188
   1072.4   0.12200
   1072.6   0.12220
   1072.8   0.12220
   1073.1   0.12228
   1073.3   0.12238
   1073.5   0.12241
   1073.7   0.12236
   1074.0   0.12230
   1074.2   0.12224
   1074.4   0.12236
   1074.6   0.12251
   1074.8   0.12265
   1075.1   0.12263
   1075.3   0.12254
   1075.5   0.12256
   1075.7   0.12263
   1076.0   0.12268
   1076.2   0.12278
   1076.4   0.12271
   1076.6   0.12253
   1076.9   0.12257
   1077.1   0.12269
   1077.3   0.12278
   1077.5   0.12269
   1077.8   0.12263
   1078.0   0.12280
   1078.2   0.12279
   1078.4   0.12278
   1078.7   0.12279
   1078.9   0.12276
   1079.1   0.12293
   1079.3   0.12305
   1079.6   0.12299
   1079.8   0.12295
   1080.0   0.12297
   1080.2   0.12297
   1080.4   0.12300
   1080.7   0.12298
   1080.9   0.12292
   1081.1   0.12285
   1081.3   0.12297
   1081.6   0.12312
   1081.8   0.12318
   1082.0   0.12321
   1082.3   0.12306
   1082.5   0.12307
   1082.7   0.12325
   1082.9   0.12326
   1083.2   0.12333
   1083.4   0.12350
   1083.6   0.12344
   1083.8   0.12328
   1084.1   0.12324
   1084.3   0.12320
   1084.5   0.12327
   1084.8   0.12344
   1085.0   0.12353
   1085.2   0.12346
   1085.4   0.12352
   1085.7   0.12351
   1085.9   0.12348
   1086.1   0.12342
   1086.3   0.12347
   1086.6   0.12356
   1086.8   0.12356
   1087.0   0.12363
   1087.3   0.12371
   1087.5   0.12370
   1087.7   0.12359
   1087.9   0.12348
   1088.2   0.12351
   1088.4   0.12353
   1088.6   0.12365
   1088.8   0.12368
   1089.1   0.12365
   1089.3   0.12368
   1089.5   0.12376
   1089.8   0.12382
   1090.0   0.12388
   1090.2   0.12389
   1090.4   0.12391
   1090.7   0.12401
   1090.9   0.12395
   1091.1   0.12378
   1091.4   0.12390
   1091.6   0.12403
   1091.8   0.12396
   1092.1   0.12395
   1092.3   0.12394
   1092.5   0.12396
   1092.8   0.12396
   1093.0   0.12399
   1093.2   0.12415
   1093.4   0.12431
   1093.7   0.12428
   1093.9   0.12424
   1094.1   0.12425
   1094.4   0.12432
   1094.6   0.12422
   1094.8   0.12415
   1095.1   0.12429
   1095.3   0.12447
   1095.5   0.12452
   1095.8   0.12458
   1096.0   0.12436
   1096.2   0.12419
   1096.4   0.12417
   1096.7   0.12430
   1096.9   0.12445
   1097.1   0.12453
   1097.4   0.12456
   1097.6   0.12457
   1097.8   0.12459
   1098.1   0.12466
   1098.3   0.12463
   1098.5   0.12441
   1098.8   0.12439
   1099.0   0.12457
   1099.2   0.12461
   1099.5   0.12460
   1099.7   0.12460
   1099.9   0.12467
   1100.2   0.12475
   1100.4   0.12477
   1100.6   0.12481
   1100.9   0.12486
   1101.1   0.12488
   1101.3   0.12481
   1101.6   0.12477
   1101.8   0.12488
   1102.0   0.12501
   1102.3   0.12510
   1102.5   0.12513
   1102.7   0.12507
   1103.0   0.12508
   1103.2   0.12506
   1103.4   0.12509
   1103.7   0.12502
   1103.9   0.12488
   1104.2   0.12494
   1104.4   0.12513
   1104.6   0.12530
   1104.9   0.12535
   1105.1   0.12522
   1105.3   0.12519
   1105.6   0.12530
   1105.8   0.12527
   1106.0   0.12528
   1106.3   0.12538
   1106.5   0.12544
   1106.7   0.12538
   1107.0   0.12532
   1107.2   0.12537
   1107.4   0.12553
   1107.7   0.12553
   1107.9   0.12538
   1108.2   0.12542
   1108.4   0.12556
   1108.6   0.12563
   1108.9   0.12556
   1109.1   0.12547
   1109.3   0.12551
   1109.6   0.12565
   1109.8   0.12570
   1110.1   0.12558
   1110.3   0.12562
   1110.5   0.12572
   1110.8   0.12577
   1111.0   0.12583
   1111.3   0.12587
   1111.5   0.12586
   1111.7   0.12587
   1112.0   0.12586
   1112.2   0.12581
   1112.4   0.12581
   1112.7   0.12580
   1112.9   0.12581
   1113.2   0.12586
   1113.4   0.12597
   1113.6   0.12605
   1113.9   0.12600
   1114.1   0.12596
   1114.3   0.12588
   1114.6   0.12584
   1114.8   0.12598
   1115.1   0.12606
   1115.3   0.12605
   1115.6   0.12607
   1115.8   0.12617
   1116.0   0.12616
   1116.3   0.12616
   1116.5   0.12619
   1116.8   0.12630
   1117.0   0.12639
   1117.2   0.12625
   1117.5   0.12620
   1117.7   0.12629
   1118.0   0.12639
   1118.2   0.12639
   1118.4   0.12634
   1118.7   0.12620
   1118.9   0.12612
   1119.2   0.12627
   1119.4   0.12646
   1119.7   0.12657
   1119.9   0.12657
   1120.1   0.12642
   1120.4   0.12637
   1120.6   0.12653
   1120.9   0.12667
   1121.1   0.12664
   1121.3   0.12654
   1121.6   0.12657
   1121.8   0.12664
   1122.1   0.12666
   1122.3   0.12671
   1122.6   0.12679
   1122.8   0.12673
   1123.0   0.12670
   1123.3   0.12677
   1123.5   0.12691
   1123.8   0.12693
   1124.0   0.12686
   1124.3   0.12679
   1124.5   0.12682
   1124.8   0.12701
   1125.0   0.12698
   1125.2   0.12696
   1125.5   0.12705
   1125.7   0.12698
   1126.0   0.12681
   1126.2   0.12685
   1126.5   0.12693
   1126.7   0.12690
   1126.9   0.12700
   1127.2   0.12717
   1127.4   0.12723
   1127.7   0.12736
   1127.9   0.12737
   1128.2   0.12722
   1128.4   0.12722
   1128.7   0.12728
   1128.9   0.12722
   1129.2   0.12715
   1129.4   0.12722
   1129.7   0.12733
   1129.9   0.12742
   1130.1   0.12740
   1130.4   0.12739
   1130.6   0.12737
   1130.9   0.12737
   1131.1   0.12734
   1131.4   0.12736
   1131.6   0.12735
   1131.9   0.12738
   1132.1   0.12753
   1132.4   0.12759
   1132.6   0.12755
   1132.9   0.12757
   1133.1   0.12754
   1133.3   0.12763
   1133.6   0.12767
   1133.8   0.12761
   1134.1   0.12775
   1134.3   0.12771
   1134.6   0.12758
   1134.8   0.12768
   1135.1   0.12774
   1135.3   0.12779
   1135.6   0.12788
   1135.8   0.12794
   1136.1   0.12790
   1136.3   0.12786
   1136.6   0.12785
   1136.8   0.12796
   1137.1   0.12806
   1137.3   0.12803
   1137.6   0.12793
   1137.8   0.12793
   1138.1   0.12801
   1138.3   0.12812
   1138.6   0.12808
   1138.8   0.12811
   1139.1   0.12824
   1139.3   0.12823
   1139.6   0.12819
   1139.8   0.12819
   1140.1   0.12827
   1140.3   0.12833
   1140.6   0.12830
   1140.8   0.12825
   1141.1   0.12814
   1141.3   0.12826
   1141.6   0.12849
   1141.8   0.12842
   1142.1   0.12843
   1142.3   0.12851
   1142.6   0.12854
   1142.8   0.12844
   1143.1   0.12843
   1143.3   0.12856
   1143.6   0.12863
   1143.9   0.12857
   1144.1   0.12848
   1144.4   0.12846
   1144.6   0.12860
   1144.9   0.12872
   1145.1   0.12878
   1145.4   0.12877
   1145.6   0.12872
   1145.9   0.12875
   1146.1   0.12871
   1146.4   0.12867
   1146.6   0.12877
   1146.9   0.12874
   1147.2   0.12871
   1147.4   0.12879
   1147.7   0.12883
   1147.9   0.12884
   1148.2   0.12878
   1148.4   0.12882
   1148.7   0.12892
   1148.9   0.12897
   1149.2   0.12900
   1149.4   0.12896
   1149.7   0.12891
   1149.9   0.12898
   1150.2   0.12916
   1150.4   0.12920
   1150.7   0.12921
   1151.0   0.12918
   1151.2   0.12922
   1151.5   0.12924
   1151.7   0.12913
   1152.0   0.12912
   1152.2   0.12921
   1152.5   0.12927
   1152.8   0.12932
   1153.0   0.12944
   1153.3   0.12946
   1153.5   0.12935
   1153.8   0.12933
   1154.0   0.12933
   1154.3   0.12934
   1154.6   0.12940
   1154.8   0.12948
   1155.1   0.12933
   1155.3   0.12931
   1155.6   0.12943
   1155.8   0.12949
   1156.1   0.12948
   1156.4   0.12953
   1156.6   0.12956
   1156.9   0.12958
   1157.1   0.12961
   1157.4   0.12963
   1157.7   0.12955
   1157.9   0.12944
   1158.2   0.12950
   1158.4   0.12960
   1158.7   0.12968
   1158.9   0.12977
   1159.2   0.12978
   1159.5   0.12977
   1159.7   0.12986
   1160.0   0.12986
   1160.2   0.12983
   1160.5   0.12973
   1160.8   0.12976
   1161.0   0.12990
   1161.3   0.12994
   1161.5   0.12990
   1161.8   0.12995
   1162.1   0.13002
   1162.3   0.13010
   1162.6   0.13017
   1162.8   0.13012
   1163.1   0.13006
   1163.4   0.13005
   1163.6   0.13013
   1163.9   0.13014
   1164.2   0.13010
   1164.4   0.13014
   1164.7   0.13025
   1164.9   0.13046
   1165.2   0.13044
   1165.4   0.13031
   1165.7   0.13027
   1166.0   0.13027
   1166.2   0.13032
   1166.5   0.13034
   1166.8   0.13037
   1167.0   0.13040
   1167.3   0.13043
   1167.6   0.13039
   1167.8   0.13038
   1168.1   0.13049
   1168.3   0.13048
   1168.6   0.13043
   1168.9   0.13050
   1169.1   0.13058
   1169.4   0.13054
   1169.7   0.13060
   1169.9   0.13074
   1170.2   0.13082
   1170.4   0.13083
   1170.7   0.13080
   1171.0   0.13072
   1171.3   0.13071
   1171.5   0.13076
   1171.8   0.13077
   1172.0   0.13081
   1172.3   0.13090
   1172.6   0.13099
   1172.8   0.13106
   1173.1   0.13101
   1173.4   0.13092
   1173.6   0.13087
   1173.9   0.13092
   1174.2   0.13100
   1174.4   0.13104
   1174.7   0.13107
   1175.0   0.13108
   1175.2   0.13107
   1175.5   0.13108
   1175.8   0.13109
   1176.0   0.13109
   1176.3   0.13116
   1176.6   0.13119
   1176.8   0.13116
   1177.1   0.13118
   1177.4   0.13127
   1177.6   0.13130
   1177.9   0.13131
   1178.2   0.13134
   1178.4   0.13135
   1178.7   0.13142
   1179.0   0.13148
   1179.2   0.13143
   1179.5   0.13137
   1179.8   0.13134
   1180.0   0.13135
   1180.3   0.13144
   1180.6   0.13151
   1180.8   0.13146
   1181.1   0.13149
   1181.4   0.13157
   1181.7   0.13158
   1181.9   0.13160
   1182.2   0.13162
   1182.5   0.13162
   1182.7   0.13168
   1183.0   0.13178
   1183.3   0.13184
   1183.5   0.13184
   1183.8   0.13184
   1184.1   0.13179
   1184.4   0.13177
   1184.6   0.13180
   1184.9   0.13174
   1185.2   0.13188
   1185.4   0.13198
   1185.7   0.13190
   1186.0   0.13193
   1186.3   0.13205
   1186.5   0.13211
   1186.8   0.13211
   1187.1   0.13210
   1187.3   0.13212
   1187.6   0.13212
   1187.9   0.13206
   1188.2   0.13206
   1188.4   0.13205
   1188.7   0.13215
   1189.0   0.13227
   1189.3   0.13227
   1189.5   0.13219
   1189.8   0.13214
   1190.1   0.13225
   1190.3   0.13229
   1190.6   0.13226
   1190.9   0.13231
   1191.2   0.13236
   1191.4   0.13231
   1191.7   0.13230
   1192.0   0.13240
   1192.3   0.13249
   1192.5   0.13254
   1192.8   0.13260
   1193.1   0.13265
   1193.3   0.13266
   1193.6   0.13266
   1193.9   0.13264
   1194.2   0.13266
   1194.4   0.13256
   1194.7   0.13256
   1195.0   0.13274
   1195.3   0.13276
   1195.6   0.13270
   1195.8   0.13263
   1196.1   0.13264
   1196.4   0.13271
   1196.7   0.13281
   1196.9   0.13284
   1197.2   0.13285
   1197.5   0.13286
   1197.8   0.13292
   1198.0   0.13298
   1198.3   0.13305
   1198.6   0.13306
   1198.9   0.13302
   1199.2   0.13303
   1199.4   0.13306
   1199.7   0.13310
   1200.0   0.13313
   1200.3   0.13315
   1200.5   0.13318
   1200.8   0.13315
   1201.1   0.13316
   1201.4   0.13322
   1201.7   0.13327
   1201.9   0.13328
   1202.2   0.13327
   1202.5   0.13328
   1202.8   0.13332
   1203.0   0.13336
   1203.3   0.13340
   1203.6   0.13336
   1203.9   0.13335
   1204.2   0.13335
   1204.4   0.13337
   1204.7   0.13337
   1205.0   0.13339
   1205.3   0.13339
   1205.6   0.13340
   1205.8   0.13352
   1206.1   0.13361
   1206.4   0.13356
   1206.7   0.13355
   1207.0   0.13357
   1207.2   0.13367
   1207.5   0.13369
   1207.8   0.13368
   1208.1   0.13373
   1208.4   0.13371
   1208.7   0.13370
   1208.9   0.13376
   1209.2   0.13375
   1209.5   0.13377
   1209.8   0.13384
   1210.1   0.13388
   1210.3   0.13389
   1210.6   0.13386
   1210.9   0.13388
   1211.2   0.13397
   1211.5   0.13399
   1211.8   0.13399
   1212.0   0.13404
   1212.3   0.13407
   1212.6   0.13409
   1212.9   0.13417
   1213.2   0.13419
   1213.5   0.13416
   1213.7   0.13417
   1214.0   0.13408
   1214.3   0.13408
   1214.6   0.13418
   1214.9   0.13428
   1215.2   0.13433
   1215.4   0.13430
   1215.7   0.13431
   1216.0   0.13427
   1216.3   0.13436
   1216.6   0.13446
   1216.9   0.13440
   1217.2   0.13448
   1217.4   0.13453
   1217.7   0.13443
   1218.0   0.13449
   1218.3   0.13459
   1218.6   0.13459
   1218.9   0.13464
   1219.2   0.13463
   1219.4   0.13464
   1219.7   0.13463
   1220.0   0.13458
   1220.3   0.13464
   1220.6   0.13466
   1220.9   0.13470
   1221.2   0.13475
   1221.5   0.13475
   1221.8   0.13470
   1222.0   0.13471
   1222.3   0.13478
   1222.6   0.13486
   1222.9   0.13484
   1223.2   0.13485
   1223.5   0.13487
   1223.8   0.13493
   1224.1   0.13496
   1224.3   0.13500
   1224.6   0.13506
   1224.9   0.13505
   1225.2   0.13500
   1225.5   0.13506
   1225.8   0.13512
   1226.1   0.13509
   1226.4   0.13509
   1226.7   0.13521
   1227.0   0.13525
   1227.3   0.13528
   1227.5   0.13526
   1227.8   0.13527
   1228.1   0.13540
   1228.4   0.13540
   1228.7   0.13529
   1229.0   0.13538
   1229.3   0.13549
   1229.6   0.13545
   1229.9   0.13538
   1230.2   0.13549
   1230.4   0.13562
   1230.7   0.13556
   1231.0   0.13553
   1231.3   0.13557
   1231.6   0.13556
   1231.9   0.13557
   1232.2   0.13558
   1232.5   0.13554
   1232.8   0.13559
   1233.1   0.13567
   1233.4   0.13569
   1233.7   0.13573
   1234.0   0.13575
   1234.3   0.13581
   1234.6   0.13587
   1234.8   0.13584
   1235.1   0.13580
   1235.4   0.13577
   1235.7   0.13580
   1236.0   0.13587
   1236.3   0.13592
   1236.6   0.13595
   1236.9   0.13599
   1237.2   0.13602
   1237.5   0.13601
   1237.8   0.13593
   1238.1   0.13600
   1238.4   0.13612
   1238.7   0.13616
   1239.0   0.13613
   1239.3   0.13617
   1239.6   0.13627
   1239.9   0.13623
   1240.2   0.13617
   1240.5   0.13613
   1240.8   0.13610
   1241.1   0.13621
   1241.3   0.13625
   1241.7   0.13625
   1241.9   0.13626
   1242.2   0.13636
   1242.5   0.13640
   1242.8   0.13637
   1243.1   0.13639
   1243.4   0.13648
   1243.7   0.13650
   1244.0   0.13653
   1244.3   0.13660
   1244.6   0.13661
   1244.9   0.13661
   1245.2   0.13657
   1245.5   0.13661
   1245.8   0.13673
   1246.1   0.13679
   1246.4   0.13676
   1246.7   0.13674
   1247.0   0.13674
   1247.3   0.13670
   1247.6   0.13670
   1247.9   0.13680
   1248.2   0.13691
   1248.5   0.13688
   1248.8   0.13682
   1249.1   0.13684
   1249.4   0.13691
   1249.7   0.13700
   1250.0   0.13709
   1250.3   0.13711
   1250.6   0.13705
   1250.9   0.13702
   1251.2   0.13702
   1251.5   0.13711
   1251.8   0.13716
   1252.1   0.13718
   1252.4   0.13722
   1252.8   0.13715
   1253.1   0.13714
   1253.3   0.13735
   1253.7   0.13738
   1254.0   0.13730
   1254.3   0.13729
   1254.6   0.13730
   1254.9   0.13736
   1255.2   0.13742
   1255.5   0.13745
   1255.8   0.13755
   1256.1   0.13754
   1256.4   0.13748
   1256.7   0.13749
   1257.0   0.13752
   1257.3   0.13754
   1257.6   0.13755
   1257.9   0.13763
   1258.2   0.13770
   1258.5   0.13768
   1258.8   0.13773
   1259.1   0.13776
   1259.4   0.13776
   1259.8   0.13779
   1260.1   0.13780
   1260.4   0.13782
   1260.7   0.13787
   1261.0   0.13793
   1261.3   0.13795
   1261.6   0.13787
   1261.9   0.13790
   1262.2   0.13799
   1262.5   0.13801
   1262.8   0.13802
   1263.1   0.13805
   1263.4   0.13805
   1263.7   0.13809
   1264.1   0.13810
   1264.4   0.13811
   1264.7   0.13812
   1265.0   0.13820
   1265.3   0.13820
   1265.6   0.13816
   1265.9   0.13824
   1266.2   0.13838
   1266.5   0.13845
   1266.8   0.13837
   1267.1   0.13833
   1267.4   0.13831
   1267.8   0.13841
   1268.1   0.13850
   1268.4   0.13848
   1268.7   0.13846
   1269.0   0.13853
   1269.3   0.13862
   1269.6   0.13861
   1269.9   0.13861
   1270.2   0.13865
   1270.6   0.13858
   1270.9   0.13862
   1271.2   0.13868
   1271.5   0.13866
   1271.8   0.13870
   1272.1   0.13878
   1272.4   0.13885
   1272.7   0.13887
   1273.1   0.13882
   1273.4   0.13882
   1273.7   0.13887
   1274.0   0.13891
   1274.3   0.13898
   1274.6   0.13901
   1274.9   0.13893
   1275.2   0.13889
   1275.6   0.13890
   1275.9   0.13897
   1276.2   0.13907
   1276.5   0.13906
   1276.8   0.13908
   1277.1   0.13916
   1277.4   0.13920
   1277.8   0.13929
   1278.1   0.13937
   1278.4   0.13938
   1278.7   0.13930
   1279.0   0.13933
   1279.3   0.13947
   1279.7   0.13950
   1280.0   0.13941
   1280.3   0.13938
   1280.6   0.13936
   1280.9   0.13936
   1281.2   0.13947
   1281.6   0.13952
   1281.9   0.13947
   1282.2   0.13942
   1282.5   0.13948
   1282.8   0.13957
   1283.1   0.13968
   1283.4   0.13978
   1283.8   0.13977
   1284.1   0.13976
   1284.4   0.13980
   1284.7   0.13974
   1285.0   0.13975
   1285.4   0.13986
   1285.7   0.13991
   1286.0   0.13992
   1286.3   0.13991
   1286.6   0.13989
   1286.9   0.13989
   1287.3   0.13994
   1287.6   0.13999
   1287.9   0.14008
   1288.2   0.14008
   1288.6   0.14007
   1288.9   0.14017
   1289.2   0.14017
   1289.5   0.14014
   1289.8   0.14025
   1290.2   0.14027
   1290.5   0.14023
   1290.8   0.14026
   1291.1   0.14028
   1291.4   0.14025
   1291.8   0.14032
   1292.1   0.14040
   1292.4   0.14038
   1292.7   0.14045
   1293.1   0.14051
   1293.4   0.14044
   1293.7   0.14045
   1294.0   0.14046
   1294.3   0.14056
   1294.7   0.14060
   1295.0   0.14056
   1295.3   0.14054
   1295.6   0.14056
   1296.0   0.14062
   1296.3   0.14071
   1296.6   0.14073
   1296.9   0.14070
   1297.3   0.14071
   1297.6   0.14074
   1297.9   0.14079
   1298.2   0.14083
   1298.6   0.14085
   1298.9   0.14088
   1299.2   0.14093
   1299.5   0.14095
   1299.9   0.14100
   1300.2   0.14103
   1300.5   0.14102
   1300.8   0.14108
   1301.2   0.14111
   1301.5   0.14113
   1301.8   0.14119
   1302.1   0.14124
   1302.5   0.14130
   1302.8   0.14126
   1303.1   0.14120
   1303.4   0.14120
   1303.8   0.14123
   1304.1   0.14130
   1304.4   0.14135
   1304.8   0.14135
   1305.1   0.14133
   1305.4   0.14137
   1305.8   0.14150
   1306.1   0.14154
   1306.4   0.14153
   1306.7   0.14158
   1307.1   0.14159
   1307.4   0.14155
   1307.7   0.14159
   1308.1   0.14170
   1308.4   0.14175
   1308.7   0.14172
   1309.1   0.14172
   1309.4   0.14180
   1309.7   0.14182
   1310.0   0.14186
   1310.4   0.14187
   1310.7   0.14190
   1311.0   0.14194
   1311.4   0.14191
   1311.7   0.14196
   1312.0   0.14206
   1312.4   0.14206
   1312.7   0.14203
   1313.0   0.14204
   1313.4   0.14207
   1313.7   0.14210
   1314.0   0.14214
   1314.4   0.14219
   1314.7   0.14228
   1315.0   0.14226
   1315.4   0.14224
   1315.7   0.14227
   1316.0   0.14231
   1316.4   0.14235
   1316.7   0.14239
   1317.0   0.14239
   1317.4   0.14244
   1317.7   0.14243
   1318.0   0.14242
   1318.4   0.14248
   1318.7   0.14252
   1319.0   0.14255
   1319.4   0.14259
   1319.7   0.14257
   1320.1   0.14258
   1320.4   0.14259
   1320.7   0.14263
   1321.1   0.14260
   1321.4   0.14266
   1321.7   0.14277
   1322.1   0.14277
   1322.4   0.14277
   1322.7   0.14281
   1323.1   0.14286
   1323.4   0.14285
   1323.8   0.14289
   1324.1   0.14287
   1324.4   0.14284
   1324.8   0.14294
   1325.1   0.14305
   1325.4   0.14308
   1325.8   0.14303
   1326.1   0.14305
   1326.5   0.14306
   1326.8   0.14310
   1327.1   0.14316
   1327.5   0.14323
   1327.8   0.14327
   1328.2   0.14327
   1328.5   0.14327
   1328.8   0.14328
   1329.2   0.14328
   1329.5   0.14330
   1329.9   0.14341
   1330.2   0.14349
   1330.6   0.14344
   1330.9   0.14341
   1331.2   0.14344
   1331.6   0.14346
   1331.9   0.14350
   1332.3   0.14355
   1332.6   0.14356
   1332.9   0.14359
   1333.3   0.14367
   1333.6   0.14373
   1334.0   0.14373
   1334.3   0.14372
   1334.7   0.14375
   1335.0   0.14380
   1335.3   0.14380
   1335.7   0.14382
   1336.0   0.14386
   1336.4   0.14386
   1336.7   0.14390
   1337.1   0.14399
   1337.4   0.14403
   1337.8   0.14406
   1338.1   0.14407
   1338.4   0.14405
   1338.8   0.14406
   1339.1   0.14416
   1339.5   0.14422
   1339.8   0.14420
   1340.2   0.14425
   1340.5   0.14426
   1340.9   0.14433
   1341.2   0.14441
   1341.6   0.14435
   1341.9   0.14433
   1342.3   0.14443
   1342.6   0.14445
   1342.9   0.14445
   1343.3   0.14447
   1343.7   0.14450
   1344.0   0.14458
   1344.3   0.14461
   1344.7   0.14463
   1345.0   0.14460
   1345.4   0.14468
   1345.7   0.14470
   1346.1   0.14465
   1346.4   0.14468
   1346.8   0.14475
   1347.1   0.14475
   1347.5   0.14477
   1347.8   0.14480
   1348.2   0.14478
   1348.5   0.14490
   1348.9   0.14500
   1349.3   0.14504
   1349.6   0.14511
   1349.9   0.14510
   1350.3   0.14506
   1350.7   0.14507
   1351.0   0.14513
   1351.3   0.14521
   1351.7   0.14520
   1352.1   0.14521
   1352.4   0.14525
   1352.8   0.14528
   1353.1   0.14528
   1353.5   0.14530
   1353.8   0.14534
   1354.2   0.14539
   1354.5   0.14544
   1354.9   0.14547
   1355.2   0.14543
   1355.6   0.14540
   1355.9   0.14545
   1356.3   0.14549
   1356.7   0.14551
   1357.0   0.14559
   1357.4   0.14563
   1357.7   0.14564
   1358.1   0.14568
   1358.4   0.14567
   1358.8   0.14568
   1359.2   0.14572
   1359.5   0.14579
   1359.9   0.14583
   1360.2   0.14580
   1360.6   0.14580
   1360.9   0.14586
   1361.3   0.14593
   1361.7   0.14596
   1362.0   0.14598
   1362.4   0.14605
   1362.7   0.14608
   1363.1   0.14607
   1363.4   0.14609
   1363.8   0.14615
   1364.2   0.14618
   1364.5   0.14622
   1364.9   0.14624
   1365.2   0.14623
   1365.6   0.14622
   1365.9   0.14626
   1366.3   0.14628
   1366.7   0.14632
   1367.0   0.14639
   1367.4   0.14644
   1367.8   0.14644
   1368.1   0.14649
   1368.5   0.14652
   1368.8   0.14657
   1369.2   0.14658
   1369.6   0.14650
   1369.9   0.14649
   1370.3   0.14658
   1370.7   0.14661
   1371.0   0.14665
   1371.4   0.14668
   1371.7   0.14672
   1372.1   0.14674
   1372.5   0.14678
   1372.8   0.14684
   1373.2   0.14688
   1373.6   0.14690
   1373.9   0.14691
   1374.3   0.14693
   1374.6   0.14701
   1375.0   0.14703
   1375.4   0.14700
   1375.7   0.14699
   1376.1   0.14702
   1376.5   0.14710
   1376.8   0.14720
   1377.2   0.14724
   1377.6   0.14723
   1377.9   0.14719
   1378.3   0.14721
   1378.7   0.14728
   1379.0   0.14726
   1379.4   0.14731
   1379.8   0.14737
   1380.1   0.14743
   1380.5   0.14756
   1380.9   0.14756
   1381.2   0.14752
   1381.6   0.14751
   1382.0   0.14751
   1382.3   0.14752
   1382.7   0.14751
   1383.1   0.14758
   1383.4   0.14764
   1383.8   0.14766
   1384.2   0.14771
   1384.6   0.14773
   1384.9   0.14778
   1385.3   0.14782
   1385.7   0.14781
   1386.0   0.14782
   1386.4   0.14788
   1386.8   0.14793
   1387.2   0.14792
   1387.5   0.14796
   1387.9   0.14805
   1388.3   0.14809
   1388.6   0.14813
   1389.0   0.14816
   1389.4   0.14817
   1389.8   0.14819
   1390.1   0.14822
   1390.5   0.14823
   1390.9   0.14824
   1391.2   0.14825
   1391.6   0.14825
   1392.0   0.14829
   1392.4   0.14833
   1392.7   0.14838
   1393.1   0.14839
   1393.5   0.14845
   1393.9   0.14853
   1394.2   0.14857
   1394.6   0.14855
   1395.0   0.14854
   1395.4   0.14858
   1395.7   0.14867
   1396.1   0.14871
   1396.5   0.14869
   1396.9   0.14868
   1397.2   0.14868
   1397.6   0.14874
   1398.0   0.14881
   1398.4   0.14883
   1398.8   0.14882
   1399.1   0.14882
   1399.5   0.14886
   1399.9   0.14890
   1400.3   0.14896
   1400.6   0.14901
   1401.0   0.14902
   1401.4   0.14905
   1401.8   0.14909
   1402.2   0.14916
   1402.5   0.14922
   1402.9   0.14922
   1403.3   0.14921
   1403.7   0.14922
   1404.1   0.14925
   1404.4   0.14935
   1404.8   0.14937
   1405.2   0.14939
   1405.6   0.14946
   1406.0   0.14946
   1406.3   0.14947
   1406.7   0.14949
   1407.1   0.14953
   1407.5   0.14959
   1407.9   0.14956
   1408.3   0.14961
   1408.6   0.14966
   1409.0   0.14965
   1409.4   0.14967
   1409.8   0.14974
   1410.2   0.14975
   1410.6   0.14979
   1410.9   0.14983
   1411.3   0.14984
   1411.7   0.14983
   1412.1   0.14985
   1412.5   0.14985
   1412.8   0.14988
   1413.2   0.14995
   1413.6   0.14999
   1414.0   0.15004
   1414.4   0.15010
   1414.8   0.15009
   1415.2   0.15010
   1415.6   0.15015
   1415.9   0.15023
   1416.3   0.15027
   1416.7   0.15024
   1417.1   0.15023
   1417.5   0.15026
   1417.9   0.15032
   1418.3   0.15034
   1418.7   0.15038
   1419.0   0.15049
   1419.4   0.15052
   1419.8   0.15049
   1420.2   0.15050
   1420.6   0.15054
   1421.0   0.15050
   1421.4   0.15049
   1421.8   0.15056
   1422.2   0.15058
   1422.5   0.15067
   1422.9   0.15073
   1423.3   0.15077
   1423.7   0.15083
   1424.1   0.15084
   1424.5   0.15082
   1424.9   0.15086
   1425.3   0.15093
   1425.7   0.15094
   1426.1   0.15094
   1426.5   0.15097
   1426.8   0.15098
   1427.2   0.15096
   1427.6   0.15100
   1428.0   0.15104
   1428.4   0.15114
   1428.8   0.15120
   1429.2   0.15120
   1429.6   0.15124
   1430.0   0.15130
   1430.4   0.15131
   1430.8   0.15130
   1431.2   0.15135
   1431.6   0.15145
   1432.0   0.15144
   1432.4   0.15143
   1432.8   0.15149
   1433.2   0.15154
   1433.6   0.15150
   1433.9   0.15146
   1434.3   0.15154
   1434.8   0.15161
   1435.1   0.15164
   1435.5   0.15167
   1435.9   0.15168
   1436.3   0.15169
   1436.7   0.15175
   1437.1   0.15179
   1437.5   0.15182
   1437.9   0.15184
   1438.3   0.15186
   1438.7   0.15189
   1439.1   0.15194
   1439.5   0.15196
   1439.9   0.15198
   1440.3   0.15198
   1440.7   0.15201
   1441.1   0.15209
   1441.5   0.15215
   1441.9   0.15214
   1442.3   0.15219
   1442.7   0.15226
   1443.1   0.15223
   1443.5   0.15218
   1443.9   0.15222
   1444.3   0.15227
   1444.7   0.15231
   1445.1   0.15233
   1445.6   0.15235
   1445.9   0.15237
   1446.3   0.15241
   1446.8   0.15243
   1447.2   0.15248
   1447.6   0.15251
   1448.0   0.15254
   1448.4   0.15255
   1448.8   0.15259
   1449.2   0.15264
   1449.6   0.15268
   1450.0   0.15272
   1450.4   0.15278
   1450.8   0.15277
   1451.2   0.15277
   1451.6   0.15282
   1452.0   0.15288
   1452.4   0.15291
   1452.8   0.15295
   1453.2   0.15300
   1453.7   0.15299
   1454.1   0.15303
   1454.5   0.15302
   1454.9   0.15296
   1455.3   0.15299
   1455.7   0.15307
   1456.1   0.15311
   1456.5   0.15314
   1456.9   0.15321
   1457.3   0.15326
   1457.7   0.15325
   1458.2   0.15324
   1458.6   0.15330
   1459.0   0.15334
   1459.4   0.15340
   1459.8   0.15346
   1460.2   0.15349
   1460.6   0.15349
   1461.0   0.15350
   1461.4   0.15352
   1461.8   0.15356
   1462.3   0.15362
   1462.7   0.15362
   1463.1   0.15358
   1463.5   0.15360
   1463.9   0.15363
   1464.3   0.15368
   1464.7   0.15375
   1465.2   0.15377
   1465.6   0.15380
   1466.0   0.15378
   1466.4   0.15380
   1466.8   0.15390
   1467.2   0.15398
   1467.6   0.15401
   1468.1   0.15406
   1468.5   0.15406
   1468.9   0.15408
   1469.3   0.15409
   1469.7   0.15410
   1470.1   0.15414
   1470.6   0.15417
   1471.0   0.15422
   1471.4   0.15428
   1471.8   0.15427
   1472.2   0.15430
   1472.6   0.15430
   1473.1   0.15430
   1473.5   0.15436
   1473.9   0.15442
   1474.3   0.15443
   1474.7   0.15448
   1475.2   0.15454
   1475.6   0.15457
   1476.0   0.15456
   1476.4   0.15458
   1476.8   0.15458
   1477.3   0.15461
   1477.7   0.15466
   1478.1   0.15474
   1478.5   0.15479
   1478.9   0.15478
   1479.4   0.15478
   1479.8   0.15484
   1480.2   0.15488
   1480.6   0.15488
   1481.1   0.15487
   1481.5   0.15488
   1481.9   0.15496
   1482.3   0.15508
   1482.8   0.15512
   1483.2   0.15512
   1483.6   0.15507
   1484.0   0.15507
   1484.4   0.15517
   1484.9   0.15522
   1485.3   0.15519
   1485.7   0.15522
   1486.2   0.15524
   1486.6   0.15522
   1487.0   0.15524
   1487.4   0.15529
   1487.9   0.15537
   1488.3   0.15539
   1488.7   0.15540
   1489.1   0.15544
   1489.6   0.15550
   1490.0   0.15552
   1490.4   0.15552
   1490.8   0.15558
   1491.3   0.15560
   1491.7   0.15559
   1492.1   0.15566
   1492.6   0.15572
   1493.0   0.15575
   1493.4   0.15578
   1493.9   0.15578
   1494.3   0.15578
   1494.7   0.15579
   1495.2   0.15582
   1495.6   0.15589
   1496.0   0.15596
   1496.4   0.15594
   1496.9   0.15597
   1497.3   0.15600
   1497.7   0.15603
   1498.2   0.15609
   1498.6   0.15615
   1499.0   0.15615
   1499.5   0.15613
   1499.9   0.15613
   1500.3   0.15618
   1500.8   0.15624
   1501.2   0.15630
   1501.7   0.15628
   1502.1   0.15625
   1502.5   0.15627
   1502.9   0.15635
   1503.4   0.15638
   1503.8   0.15640
   1504.3   0.15647
   1504.7   0.15655
   1505.1   0.15653
   1505.6   0.15654
   1506.0   0.15658
   1506.4   0.15655
   1506.9   0.15657
   1507.3   0.15667
   1507.8   0.15674
   1508.2   0.15676
   1508.6   0.15674
   1509.1   0.15676
   1509.5   0.15679
   1510.0   0.15677
   1510.4   0.15685
   1510.8   0.15695
   1511.3   0.15695
   1511.7   0.15694
   1512.2   0.15699
   1512.6   0.15705
   1513.0   0.15710
   1513.5   0.15718
   1513.9   0.15717
   1514.4   0.15711
   1514.8   0.15714
   1515.3   0.15720
   1515.7   0.15722
   1516.1   0.15725
   1516.6   0.15730
   1517.0   0.15732
   1517.5   0.15734
   1517.9   0.15741
   1518.4   0.15740
   1518.8   0.15738
   1519.3   0.15740
   1519.7   0.15744
   1520.1   0.15748
   1520.6   0.15752
   1521.0   0.15754
   1521.5   0.15755
   1521.9   0.15758
   1522.4   0.15759
   1522.8   0.15761
   1523.3   0.15769
   1523.7   0.15775
   1524.2   0.15773
   1524.6   0.15774
   1525.1   0.15778
   1525.5   0.15780
   1525.9   0.15783
   1526.4   0.15786
   1526.8   0.15788
   1527.3   0.15791
   1527.8   0.15793
   1528.2   0.15795
   1528.7   0.15797
   1529.1   0.15799
   1529.6   0.15806
   1530.0   0.15810
   1530.5   0.15812
   1530.9   0.15813
   1531.4   0.15817
   1531.8   0.15821
   1532.3   0.15823
   1532.7   0.15825
   1533.2   0.15826
   1533.6   0.15829
   1534.1   0.15835
   1534.5   0.15841
   1535.0   0.15842
   1535.4   0.15841
   1535.9   0.15844
   1536.3   0.15848
   1536.8   0.15846
   1537.3   0.15853
   1537.7   0.15856
   1538.2   0.15857
   1538.6   0.15859
   1539.1   0.15859
   1539.6   0.15863
   1540.0   0.15873
   1540.5   0.15877
   1540.9   0.15878
   1541.4   0.15880
   1541.8   0.15881
   1542.3   0.15887
   1542.8   0.15888
   1543.2   0.15883
   1543.7   0.15883
   1544.1   0.15893
   1544.6   0.15896
   1545.1   0.15897
   1545.5   0.15902
   1546.0   0.15906
   1546.4   0.15908
   1546.9   0.15910
   1547.4   0.15908
   1547.8   0.15911
   1548.3   0.15913
   1548.8   0.15914
   1549.2   0.15919
   1549.7   0.15922
   1550.1   0.15925
   1550.6   0.15928
   1551.1   0.15933
   1551.5   0.15939
   1552.0   0.15944
   1552.4   0.15942
   1552.9   0.15945
   1553.4   0.15950
   1553.8   0.15951
   1554.3   0.15948
   1554.8   0.15954
   1555.3   0.15959
   1555.7   0.15968
   1556.2   0.15972
   1556.7   0.15971
   1557.1   0.15972
   1557.6   0.15978
   1558.1   0.15982
   1558.5   0.15980
   1559.0   0.15977
   1559.5   0.15982
   1559.9   0.15989
   1560.4   0.15990
   1560.9   0.15990
   1561.3   0.15987
   1561.8   0.15991
   1562.3   0.15998
   1562.8   0.16007
   1563.2   0.16014
   1563.7   0.16011
   1564.2   0.16007
   1564.6   0.16013
   1565.1   0.16019
   1565.6   0.16020
   1566.1   0.16024
   1566.5   0.16027
   1567.0   0.16029
   1567.5   0.16033
   1567.9   0.16035
   1568.4   0.16032
   1568.9   0.16030
   1569.4   0.16034
   1569.8   0.16042
   1570.3   0.16044
   1570.8   0.16046
   1571.3   0.16053
   1571.8   0.16057
   1572.2   0.16059
   1572.7   0.16064
   1573.2   0.16064
   1573.7   0.16061
   1574.1   0.16064
   1574.6   0.16068
   1575.1   0.16070
   1575.6   0.16073
   1576.1   0.16075
   1576.5   0.16078
   1577.0   0.16081
   1577.5   0.16085
   1578.0   0.16089
   1578.4   0.16095
   1578.9   0.16100
   1579.4   0.16097
   1579.9   0.16094
   1580.4   0.16100
   1580.9   0.16103
   1581.3   0.16109
   1581.8   0.16113
   1582.3   0.16110
   1582.8   0.16106
   1583.3   0.16116
   1583.8   0.16125
   1584.2   0.16127
   1584.7   0.16126
   1585.2   0.16126
   1585.7   0.16131
   1586.2   0.16134
   1586.7   0.16137
   1587.2   0.16143
   1587.6   0.16145
   1588.1   0.16145
   1588.6   0.16146
   1589.1   0.16147
   1589.6   0.16149
   1590.1   0.16154
   1590.6   0.16160
   1591.0   0.16163
   1591.5   0.16165
   1592.0   0.16168
   1592.5   0.16173
   1593.0   0.16176
   1593.5   0.16171
   1594.0   0.16170
   1594.5   0.16175
   1595.0   0.16179
   1595.4   0.16184
   1595.9   0.16191
   1596.4   0.16195
   1596.9   0.16197
   1597.4   0.16200
   1597.9   0.16198
   1598.4   0.16201
   1598.9   0.16203
   1599.4   0.16200
   1599.9   0.16203
   1600.4   0.16206
   1600.9   0.16208
   1601.4   0.16213
   1601.9   0.16216
   1602.3   0.16218
   1602.8   0.16222
   1603.3   0.16227
   1603.8   0.16228
   1604.3   0.16227
   1604.8   0.16229
   1605.3   0.16234
   1605.8   0.16238
   1606.3   0.16239
   1606.8   0.16244
   1607.3   0.16250
   1607.8   0.16250
   1608.3   0.16245
   1608.8   0.16248
   1609.3   0.16257
   1609.8   0.16259
   1610.3   0.16264
   1610.8   0.16266
   1611.3   0.16267
   1611.8   0.16270
   1612.3   0.16271
   1612.8   0.16274
   1613.3   0.16282
   1613.8   0.16287
   1614.3   0.16288
   1614.8   0.16287
   1615.3   0.16288
   1615.8   0.16286
   1616.3   0.16289
   1616.8   0.16294
   1617.3   0.16295
   1617.8   0.16297
   1618.4   0.16304
   1618.9   0.16308
   1619.4   0.16308
   1619.9   0.16311
   1620.4   0.16317
   1620.9   0.16318
   1621.4   0.16316
   1621.9   0.16317
   1622.4   0.16319
   1622.9   0.16323
   1623.4   0.16330
   1623.9   0.16331
   1624.4   0.16333
   1624.9   0.16336
   1625.5   0.16339
   1626.0   0.16339
   1626.5   0.16341
   1627.0   0.16346
   1627.5   0.16346
   1628.0   0.16345
   1628.5   0.16352
   1629.0   0.16361
   1629.6   0.16363
   1630.1   0.16359
   1630.6   0.16361
   1631.1   0.16365
   1631.6   0.16368
   1632.1   0.16369
   1632.6   0.16370
   1633.1   0.16377
   1633.7   0.16381
   1634.2   0.16380
   1634.7   0.16383
   1635.2   0.16392
   1635.7   0.16396
   1636.2   0.16396
   1636.8   0.16395
   1637.3   0.16398
   1637.8   0.16404
   1638.3   0.16408
   1638.8   0.16407
   1639.3   0.16403
   1639.8   0.16404
   1640.4   0.16410
   1640.9   0.16415
   1641.4   0.16420
   1641.9   0.16420
   1642.4   0.16422
   1643.0   0.16423
   1643.5   0.16423
   1644.0   0.16428
   1644.5   0.16430
   1645.1   0.16433
   1645.6   0.16437
   1646.1   0.16440
   1646.6   0.16441
   1647.2   0.16445
   1647.7   0.16450
   1648.2   0.16451
   1648.7   0.16457
   1649.2   0.16460
   1649.8   0.16459
   1650.3   0.16464
   1650.8   0.16469
   1651.3   0.16470
   1651.9   0.16470
   1652.4   0.16470
   1652.9   0.16473
   1653.4   0.16477
   1654.0   0.16478
   1654.5   0.16478
   1655.0   0.16481
   1655.6   0.16484
   1656.1   0.16484
   1656.6   0.16487
   1657.2   0.16491
   1657.7   0.16495
   1658.2   0.16497
   1658.7   0.16499
   1659.3   0.16499
   1659.8   0.16499
   1660.3   0.16506
   1660.9   0.16514
   1661.4   0.16514
   1661.9   0.16512
   1662.5   0.16511
   1663.0   0.16515
   1663.5   0.16520
   1664.1   0.16525
   1664.6   0.16532
   1665.1   0.16534
   1665.7   0.16537
   1666.2   0.16541
   1666.7   0.16544
   1667.3   0.16541
   1667.8   0.16542
   1668.3   0.16545
   1668.9   0.16549
   1669.4   0.16553
   1670.0   0.16554
   1670.5   0.16554
   1671.0   0.16558
   1671.6   0.16565
   1672.1   0.16568
   1672.7   0.16567
   1673.2   0.16567
   1673.7   0.16567
   1674.3   0.16570
   1674.8   0.16575
   1675.4   0.16578
   1675.9   0.16578
   1676.4   0.16584
   1677.0   0.16590
   1677.5   0.16589
   1678.1   0.16590
   1678.6   0.16592
   1679.2   0.16595
   1679.7   0.16600
   1680.2   0.16604
   1680.8   0.16603
   1681.3   0.16606
   1681.9   0.16609
   1682.4   0.16610
   1683.0   0.16612
   1683.5   0.16613
   1684.1   0.16617
   1684.6   0.16626
   1685.2   0.16630
   1685.7   0.16632
   1686.3   0.16632
   1686.8   0.16635
   1687.3   0.16636
   1687.9   0.16629
   1688.4   0.16634
   1689.0   0.16638
   1689.6   0.16642
   1690.1   0.16643
   1690.7   0.16642
   1691.2   0.16644
   1691.8   0.16648
   1692.3   0.16652
   1692.9   0.16655
   1693.4   0.16658
   1694.0   0.16660
   1694.5   0.16671
   1695.1   0.16673
   1695.6   0.16670
   1696.2   0.16670
   1696.7   0.16675
   1697.3   0.16677
   1697.8   0.16680
   1698.4   0.16686
   1699.0   0.16685
   1699.5   0.16680
   1700.1   0.16683
   1700.6   0.16689
   1701.2   0.16691
   1701.8   0.16696
   1702.3   0.16699
   1702.9   0.16700
   1703.4   0.16703
   1704.0   0.16712
   1704.6   0.16712
   1705.1   0.16709
   1705.7   0.16708
   1706.2   0.16712
   1706.8   0.16713
   1707.4   0.16713
   1707.9   0.16721
   1708.5   0.16729
   1709.0   0.16734
   1709.6   0.16734
   1710.2   0.16735
   1710.7   0.16737
   1711.3   0.16735
   1711.9   0.16733
   1712.4   0.16739
   1713.0   0.16746
   1713.6   0.16747
   1714.1   0.16750
   1714.7   0.16755
   1715.3   0.16755
   1715.8   0.16758
   1716.4   0.16761
   1717.0   0.16763
   1717.5   0.16766
   1718.1   0.16770
   1718.7   0.16768
   1719.2   0.16770
   1719.8   0.16774
   1720.4   0.16778
   1721.0   0.16779
   1721.5   0.16779
   1722.1   0.16786
   1722.7   0.16789
   1723.2   0.16785
   1723.8   0.16786
   1724.4   0.16792
   1725.0   0.16795
   1725.5   0.16799
   1726.1   0.16805
   1726.7   0.16805
   1727.3   0.16807
   1727.8   0.16813
   1728.4   0.16814
   1729.0   0.16814
   1729.6   0.16818
   1730.1   0.16822
   1730.7   0.16822
   1731.3   0.16824
   1731.9   0.16827
   1732.5   0.16831
   1733.0   0.16836
   1733.6   0.16838
   1734.2   0.16840
   1734.8   0.16842
   1735.4   0.16845
   1735.9   0.16847
   1736.5   0.16848
   1737.1   0.16851
   1737.7   0.16853
   1738.3   0.16858
   1738.8   0.16859
   1739.4   0.16857
   1740.0   0.16860
   1740.6   0.16863
   1741.2   0.16865
   1741.8   0.16867
   1742.3   0.16870
   1742.9   0.16873
   1743.5   0.16879
   1744.1   0.16886
   1744.7   0.16890
   1745.3   0.16889
   1745.9   0.16887
   1746.5   0.16889
   1747.1   0.16893
   1747.6   0.16895
   1748.2   0.16901
   1748.8   0.16903
   1749.4   0.16903
   1750.0   0.16907
   1750.6   0.16911
   1751.2   0.16916
   1751.8   0.16919
   1752.4   0.16916
   1753.0   0.16918
   1753.6   0.16925
   1754.1   0.16924
   1754.7   0.16921
   1755.3   0.16922
   1755.9   0.16931
   1756.5   0.16936
   1757.1   0.16939
   1757.7   0.16942
   1758.3   0.16946
   1758.9   0.16947
   1759.5   0.16948
   1760.1   0.16949
   1760.7   0.16952
   1761.3   0.16957
   1761.9   0.16959
   1762.5   0.16959
   1763.1   0.16961
   1763.7   0.16963
   1764.3   0.16962
   1764.9   0.16964
   1765.5   0.16968
   1766.1   0.16972
   1766.7   0.16974
   1767.3   0.16977
   1767.9   0.16982
   1768.5   0.16987
   1769.1   0.16987
   1769.7   0.16991
   1770.3   0.16999
   1770.9   0.16999
   1771.5   0.16998
   1772.1   0.16999
   1772.7   0.17006
   1773.3   0.17011
   1773.9   0.17012
   1774.6   0.17012
   1775.2   0.17015
   1775.8   0.17018
   1776.4   0.17019
   1777.0   0.17022
   1777.6   0.17026
   1778.2   0.17029
   1778.8   0.17031
   1779.4   0.17031
   1780.0   0.17034
   1780.7   0.17038
   1781.3   0.17040
   1781.9   0.17041
   1782.5   0.17046
   1783.1   0.17052
   1783.7   0.17053
   1784.3   0.17053
   1784.9   0.17054
   1785.6   0.17060
   1786.2   0.17063
   1786.8   0.17064
   1787.4   0.17068
   1788.0   0.17072
   1788.6   0.17072
   1789.3   0.17077
   1789.9   0.17082
   1790.5   0.17082
   1791.1   0.17085
   1791.7   0.17090
   1792.3   0.17092
   1793.0   0.17090
   1793.6   0.17093
   1794.2   0.17099
   1794.8   0.17100
   1795.4   0.17099
   1796.1   0.17104
   1796.7   0.17108
   1797.3   0.17110
   1797.9   0.17113
   1798.6   0.17116
   1799.2   0.17120
   1799.8   0.17119
   1800.4   0.17118
   1801.1   0.17123
   1801.7   0.17127
   1802.3   0.17129
   1802.9   0.17133
   1803.6   0.17138
   1804.2   0.17139
   1804.8   0.17142
   1805.4   0.17144
   1806.1   0.17148
   1806.7   0.17150
   1807.3   0.17151
   1808.0   0.17155
   1808.6   0.17157
   1809.2   0.17157
   1809.9   0.17160
   1810.5   0.17165
   1811.1   0.17166
   1811.8   0.17168
   1812.4   0.17173
   1813.0   0.17178
   1813.7   0.17182
   1814.3   0.17180
   1814.9   0.17181
   1815.6   0.17191
   1816.2   0.17193
   1816.8   0.17187
   1817.5   0.17188
   1818.1   0.17195
   1818.8   0.17201
   1819.4   0.17205
   1820.0   0.17205
   1820.7   0.17209
   1821.3   0.17213
   1821.9   0.17217
   1822.6   0.17218
   1823.2   0.17218
   1823.9   0.17223
   1824.5   0.17224
   1825.2   0.17224
   1825.8   0.17230
   1826.4   0.17235
   1827.1   0.17238
   1827.7   0.17237
   1828.4   0.17238
   1829.0   0.17244
   1829.7   0.17251
   1830.3   0.17252
   1831.0   0.17253
   1831.6   0.17258
   1832.3   0.17262
   1832.9   0.17267
   1833.6   0.17266
   1834.2   0.17263
   1834.8   0.17262
   1835.5   0.17266
   1836.1   0.17273
   1836.8   0.17281
   1837.4   0.17282
   1838.1   0.17282
   1838.8   0.17287
   1839.4   0.17293
   1840.1   0.17295
   1840.7   0.17298
   1841.4   0.17301
   1842.0   0.17305
   1842.7   0.17307
   1843.3   0.17305
   1844.0   0.17306
   1844.6   0.17312
   1845.3   0.17316
   1845.9   0.17319
   1846.6   0.17324
   1847.3   0.17335
   1847.9   0.17337
   1848.6   0.17333
   1849.2   0.17333
   1849.9   0.17337
   1850.6   0.17338
   1851.2   0.17341
   1851.9   0.17345
   1852.6   0.17353
   1853.2   0.17358
   1853.9   0.17360
   1854.5   0.17361
   1855.2   0.17364
   1855.9   0.17367
   1856.5   0.17370
   1857.2   0.17373
   1857.9   0.17374
   1858.5   0.17373
   1859.2   0.17381
   1859.9   0.17391
   1860.5   0.17388
   1861.2   0.17384
   1861.9   0.17387
   1862.5   0.17391
   1863.2   0.17396
   1863.9   0.17401
   1864.5   0.17403
   1865.2   0.17410
   1865.9   0.17416
   1866.6   0.17419
   1867.2   0.17416
   1867.9   0.17418
   1868.6   0.17423
   1869.2   0.17425
   1869.9   0.17429
   1870.6   0.17432
   1871.3   0.17437
   1871.9   0.17440
   1872.6   0.17441
   1873.3   0.17446
   1874.0   0.17450
   1874.7   0.17451
   1875.3   0.17452
   1876.0   0.17455
   1876.7   0.17457
   1877.4   0.17462
   1878.0   0.17463
   1878.7   0.17468
   1879.4   0.17473
   1880.1   0.17473
   1880.8   0.17478
   1881.4   0.17482
   1882.1   0.17481
   1882.8   0.17485
   1883.5   0.17492
   1884.2   0.17496
   1884.9   0.17493
   1885.6   0.17494
   1886.2   0.17498
   1886.9   0.17500
   1887.6   0.17499
   1888.3   0.17503
   1889.0   0.17510
   1889.7   0.17514
   1890.4   0.17518
   1891.1   0.17522
   1891.8   0.17525
   1892.4   0.17525
   1893.1   0.17530
   1893.8   0.17533
   1894.5   0.17532
   1895.2   0.17531
   1895.9   0.17537
   1896.6   0.17548
   1897.3   0.17553
   1898.0   0.17551
   1898.7   0.17549
   1899.4   0.17553
   1900.1   0.17557
   1900.8   0.17559
   1901.5   0.17563
   1902.2   0.17568
   1902.9   0.17575
   1903.6   0.17580
   1904.3   0.17578
   1905.0   0.17580
   1905.7   0.17587
   1906.4   0.17592
   1907.1   0.17593
   1907.8   0.17595
   1908.5   0.17596
   1909.2   0.17596
   1909.9   0.17600
   1910.6   0.17607
   1911.3   0.17609
   1912.0   0.17613
   1912.7   0.17620
   1913.4   0.17625
   1914.1   0.17626
   1914.8   0.17628
   1915.5   0.17631
   1916.2   0.17633
   1916.9   0.17634
   1917.6   0.17635
   1918.3   0.17640
   1919.1   0.17643
   1919.8   0.17646
   1920.5   0.17652
   1921.2   0.17656
   1921.9   0.17657
   1922.6   0.17655
   1923.3   0.17657
   1924.0   0.17659
   1924.8   0.17665
   1925.5   0.17675
   1926.2   0.17681
   1926.9   0.17684
   1927.6   0.17685
   1928.3   0.17685
   1929.1   0.17691
   1929.8   0.17698
   1930.5   0.17698
   1931.2   0.17698
   1931.9   0.17702
   1932.7   0.17706
   1933.4   0.17711
   1934.1   0.17714
   1934.8   0.17718
   1935.5   0.17721
   1936.3   0.17723
   1937.0   0.17723
   1937.7   0.17727
   1938.4   0.17731
   1939.2   0.17732
   1939.9   0.17734
   1940.6   0.17740
   1941.3   0.17746
   1942.1   0.17750
   1942.8   0.17753
   1943.5   0.17756
   1944.2   0.17763
   1945.0   0.17770
   1945.7   0.17771
   1946.4   0.17772
   1947.2   0.17775
   1947.9   0.17779
   1948.6   0.17784
   1949.4   0.17789
   1950.1   0.17791
   1950.8   0.17791
   1951.6   0.17797
   1952.3   0.17800
   1953.0   0.17797
   1953.8   0.17803
   1954.5   0.17807
   1955.2   0.17810
   1956.0   0.17811
   1956.7   0.17815
   1957.5   0.17825
   1958.2   0.17830
   1958.9   0.17829
   1959.7   0.17829
   1960.4   0.17834
   1961.2   0.17841
   1961.9   0.17845
   1962.6   0.17847
   1963.4   0.17848
   1964.1   0.17851
   1964.9   0.17858
   1965.6   0.17860
   1966.4   0.17861
   1967.1   0.17866
   1967.9   0.17872
   1968.6   0.17874
   1969.3   0.17875
   1970.1   0.17882
   1970.8   0.17892
   1971.6   0.17896
   1972.3   0.17897
   1973.1   0.17899
   1973.8   0.17901
   1974.6   0.17904
   1975.3   0.17907
   1976.1   0.17913
   1976.9   0.17917
   1977.6   0.17919
   1978.4   0.17922
   1979.1   0.17928
   1979.9   0.17936
   1980.6   0.17941
   1981.4   0.17942
   1982.2   0.17945
   1982.9   0.17947
   1983.7   0.17949
   1984.4   0.17953
   1985.2   0.17958
   1985.9   0.17963
   1986.7   0.17964
   1987.5   0.17969
   1988.2   0.17979
   1989.0   0.17980
   1989.8   0.17980
   1990.5   0.17985
   1991.3   0.17986
   1992.1   0.17988
   1992.8   0.17995
   1993.6   0.18001
   1994.3   0.18004
   1995.1   0.18007
   1995.9   0.18010
   1996.7   0.18015
   1997.4   0.18022
   1998.2   0.18026
   1999.0   0.18028
   1999.7   0.18034
   2000.5   0.18041
   2001.3   0.18043
   2002.1   0.18044
   2002.8   0.18047
   2003.6   0.18050
   2004.4   0.18055
   2005.2   0.18061
   2005.9   0.18065
   2006.7   0.18066
   2007.5   0.18072
   2008.3   0.18078
   2009.0   0.18078
   2009.8   0.18079
   2010.6   0.18081
   2011.4   0.18086
   2012.2   0.18094
   2012.9   0.18103
   2013.7   0.18108
   2014.5   0.18111
   2015.3   0.18113
   2016.1   0.18115
   2016.8   0.18119
   2017.6   0.18123
   2018.4   0.18127
   2019.2   0.18130
   2020.0   0.18134
   2020.8   0.18140
   2021.6   0.18147
   2022.3   0.18151
   2023.1   0.18150
   2023.9   0.18151
   2024.7   0.18157
   2025.5   0.18164
   2026.3   0.18170
   2027.1   0.18176
   2027.9   0.18181
   2028.7   0.18182
   2029.5   0.18183
   2030.3   0.18188
   2031.1   0.18194
   2031.9   0.18197
   2032.7   0.18198
   2033.5   0.18203
   2034.3   0.18211
   2035.1   0.18217
   2035.8   0.18218
   2036.7   0.18225
   2037.4   0.18229
   2038.3   0.18233
   2039.1   0.18238
   2039.9   0.18246
   2040.7   0.18248
   2041.5   0.18248
   2042.3   0.18249
   2043.1   0.18255
   2043.9   0.18265
   2044.7   0.18270
   2045.5   0.18272
   2046.3   0.18276
   2047.1   0.18282
   2047.9   0.18284
   2048.7   0.18288
   2049.5   0.18295
   2050.4   0.18300
   2051.2   0.18304
   2052.0   0.18307
   2052.8   0.18309
   2053.6   0.18314
   2054.4   0.18318
   2055.2   0.18322
   2056.0   0.18329
   2056.9   0.18334
   2057.7   0.18341
   2058.5   0.18348
   2059.3   0.18350
   2060.1   0.18353
   2060.9   0.18356
   2061.8   0.18359
   2062.6   0.18363
   2063.4   0.18369
   2064.2   0.18375
   2065.1   0.18380
   2065.9   0.18384
   2066.7   0.18388
   2067.5   0.18393
   2068.3   0.18394
   2069.2   0.18397
   2070.0   0.18406
   2070.8   0.18414
   2071.6   0.18416
   2072.5   0.18414
   2073.3   0.18420
   2074.1   0.18428
   2075.0   0.18432
   2075.8   0.18434
   2076.6   0.18438
   2077.5   0.18442
   2078.3   0.18446
   2079.1   0.18450
   2080.0   0.18455
   2080.8   0.18462
   2081.6   0.18469
   2082.5   0.18472
   2083.3   0.18474
   2084.1   0.18478
   2085.0   0.18482
   2085.8   0.18488
   2086.6   0.18494
   2087.5   0.18496
   2088.3   0.18499
   2089.2   0.18501
   2090.0   0.18505
   2090.9   0.18512
   2091.7   0.18518
   2092.6   0.18523
   2093.4   0.18526
   2094.2   0.18532
   2095.1   0.18539
   2095.9   0.18544
   2096.8   0.18546
   2097.6   0.18552
   2098.5   0.18556
   2099.3   0.18559
   2100.2   0.18563
   2101.0   0.18566
   2101.9   0.18572
   2102.7   0.18578
   2103.6   0.18583
   2104.4   0.18589
   2105.3   0.18592
   2106.1   0.18595
   2107.0   0.18601
   2107.9   0.18608
   2108.7   0.18610
   2109.6   0.18614
   2110.4   0.18620
   2111.3   0.18625
   2112.1   0.18631
   2113.0   0.18637
   2113.9   0.18641
   2114.7   0.18643
   2115.6   0.18645
   2116.5   0.18651
   2117.3   0.18656
   2118.2   0.18660
   2119.1   0.18665
   2119.9   0.18671
   2120.8   0.18675
   2121.7   0.18680
   2122.5   0.18686
   2123.4   0.18688
   2124.3   0.18691
   2125.1   0.18695
   2126.0   0.18702
   2126.9   0.18709
   2127.8   0.18712
   2128.6   0.18715
   2129.5   0.18722
   2130.4   0.18728
   2131.3   0.18731
   2132.1   0.18732
   2133.0   0.18737
   2133.9   0.18743
   2134.8   0.18750
   2135.6   0.18754
   2136.5   0.18757
   2137.4   0.18764
   2138.3   0.18770
   2139.2   0.18772
   2140.1   0.18775
   2140.9   0.18783
   2141.8   0.18789
   2142.7   0.18791
   2143.6   0.18794
   2144.5   0.18800
   2145.4   0.18809
   2146.3   0.18817
   2147.1   0.18819
   2148.0   0.18820
   2148.9   0.18828
   2149.8   0.18838
   2150.7   0.18841
   2151.6   0.18839
   2152.5   0.18843
   2153.4   0.18848
   2154.3   0.18854
   2155.2   0.18860
   2156.1   0.18867
   2157.0   0.18872
   2157.9   0.18874
   2158.8   0.18880
   2159.7   0.18888
   2160.6   0.18889
   2161.5   0.18893
   2162.4   0.18902
   2163.3   0.18909
   2164.2   0.18916
   2165.1   0.18922
   2166.0   0.18927
   2166.9   0.18929
   2167.8   0.18929
   2168.7   0.18934
   2169.6   0.18938
   2170.5   0.18942
   2171.4   0.18950
   2172.3   0.18951
   2173.2   0.18956
   2174.1   0.18966
   2175.1   0.18972
   2176.0   0.18977
   2176.9   0.18983
   2177.8   0.18987
   2178.7   0.18992
   2179.6   0.19002
   2180.6   0.19005
   2181.5   0.19005
   2182.4   0.19012
   2183.3   0.19021
   2184.2   0.19026
   2185.1   0.19031
   2186.1   0.19037
   2187.0   0.19042
   2187.9   0.19045
   2188.8   0.19051
   2189.8   0.19055
   2190.7   0.19056
   2191.6   0.19057
   2192.5   0.19066
   2193.5   0.19076
   2194.4   0.19075
   2195.3   0.19077
   2196.3   0.19084
   2197.2   0.19091
   2198.1   0.19096
   2199.1   0.19103
   2200.0   0.19107
   2200.9   0.19108
   2201.9   0.19116
   2202.8   0.19124
   2203.7   0.19128
   2204.7   0.19131
   2205.6   0.19133
   2206.5   0.19138
   2207.5   0.19143
   2208.4   0.19150
   2209.4   0.19155
   2210.3   0.19159
   2211.2   0.19166
   2212.2   0.19175
   2213.1   0.19181
   2214.1   0.19181
   2215.0   0.19184
   2216.0   0.19191
   2216.9   0.19201
   2217.9   0.19208
   2218.8   0.19209
   2219.8   0.19210
   2220.7   0.19213
   2221.7   0.19220
   2222.6   0.19228
   2223.6   0.19233
   2224.5   0.19238
   2225.5   0.19240
   2226.4   0.19248
   2227.4   0.19256
   2228.4   0.19257
   2229.3   0.19257
   2230.3   0.19265
   2231.2   0.19277
   2232.2   0.19285
   2233.1   0.19287
   2234.1   0.19287
   2235.1   0.19292
   2236.0   0.19301
   2237.0   0.19311
   2238.0   0.19316
   2238.9   0.19318
   2239.9   0.19321
   2240.9   0.19327
   2241.8   0.19332
   2242.8   0.19338
   2243.8   0.19345
   2244.8   0.19348
   2245.7   0.19347
   2246.7   0.19349
   2247.7   0.19355
   2248.6   0.19366
   2249.6   0.19375
   2250.6   0.19380
   2251.6   0.19386
   2252.6   0.19392
   2253.5   0.19394
   2254.5   0.19397
   2255.5   0.19403
   2256.5   0.19410
   2257.5   0.19421
   2258.4   0.19424
   2259.4   0.19427
   2260.4   0.19433
   2261.4   0.19438
   2262.4   0.19445
   2263.4   0.19455
   2264.4   0.19457
   2265.4   0.19455
   2266.3   0.19460
   2267.3   0.19469
   2268.3   0.19478
   2269.3   0.19482
   2270.3   0.19487
   2271.3   0.19494
   2272.3   0.19498
   2273.3   0.19501
   2274.3   0.19505
   2275.3   0.19508
   2276.3   0.19516
   2277.3   0.19528
   2278.3   0.19533
   2279.3   0.19537
   2280.3   0.19543
   2281.3   0.19547
   2282.3   0.19551
   2283.3   0.19557
   2284.3   0.19564
   2285.3   0.19568
   2286.3   0.19574
   2287.3   0.19582
   2288.3   0.19587
   2289.4   0.19592
   2290.4   0.19599
   2291.4   0.19602
   2292.4   0.19611
   2293.4   0.19621
   2294.4   0.19622
   2295.4   0.19623
   2296.4   0.19631
   2297.5   0.19638
   2298.5   0.19643
   2299.5   0.19643
   2300.5   0.19647
   2301.6   0.19656
   2302.6   0.19663
   2303.6   0.19669
   2304.6   0.19675
   2305.6   0.19681
   2306.7   0.19691
   2307.7   0.19695
   2308.7   0.19698
   2309.8   0.19702
   2310.8   0.19707
   2311.8   0.19717
   2312.8   0.19723
   2313.9   0.19727
   2314.9   0.19735
   2315.9   0.19743
   2317.0   0.19748
   2318.0   0.19753
   2319.1   0.19757
   2320.1   0.19759
   2321.1   0.19765
   2322.2   0.19768
   2323.2   0.19771
   2324.3   0.19779
   2325.3   0.19787
   2326.3   0.19791
   2327.4   0.19794
   2328.4   0.19800
   2329.5   0.19810
   2330.5   0.19817
   2331.6   0.19820
   2332.6   0.19824
   2333.7   0.19832
   2334.7   0.19840
   2335.8   0.19845
   2336.8   0.19850
   2337.9   0.19857
   2338.9   0.19863
   2340.0   0.19866
   2341.0   0.19868
   2342.1   0.19873
   2343.1   0.19878
   2344.2   0.19884
   2345.3   0.19892
   2346.3   0.19902
   2347.4   0.19906
   2348.5   0.19912
   2349.5   0.19917
   2350.6   0.19920
   2351.7   0.19925
   2352.7   0.19933
   2353.8   0.19940
   2354.9   0.19947
   2355.9   0.19956
   2357.0   0.19960
   2358.1   0.19961
   2359.1   0.19965
   2360.2   0.19971
   2361.3   0.19979
   2362.4   0.19987
   2363.4   0.19995
   2364.5   0.20000
   2365.6   0.20001
   2366.7   0.20006
   2367.8   0.20013
   2368.9   0.20018
   2369.9   0.20022
   2371.0   0.20028
   2372.1   0.20038
   2373.2   0.20043
   2374.3   0.20045
   2375.4   0.20053
   2376.4   0.20060
   2377.5   0.20062
   2378.6   0.20064
   2379.7   0.20071
   2380.8   0.20083
   2381.9   0.20086
   2383.0   0.20090
   2384.1   0.20096
   2385.2   0.20098
   2386.3   0.20105
   2387.4   0.20114
   2388.5   0.20122
   2389.6   0.20129
   2390.7   0.20134
   2391.8   0.20138
   2392.9   0.20144
   2394.0   0.20150
   2395.1   0.20158
   2396.2   0.20162
   2397.3   0.20163
   2398.4   0.20168
   2399.5   0.20173
   2400.6   0.20184
   2401.8   0.20194
   2402.9   0.20197
   2404.0   0.20199
   2405.1   0.20200
   2406.2   0.20205
   2407.3   0.20210
   2408.5   0.20215
   2409.6   0.20223
   2410.7   0.20232
   2411.8   0.20239
   2412.9   0.20246
   2414.1   0.20252
   2415.2   0.20254
   2416.3   0.20257
   2417.4   0.20266
   2418.6   0.20271
   2419.7   0.20275
   2420.8   0.20281
   2422.0   0.20290
   2423.1   0.20298
   2424.2   0.20302
   2425.4   0.20304
   2426.5   0.20311
   2427.6   0.20313
   2428.8   0.20317
   2429.9   0.20327
   2431.1   0.20337
   2432.2   0.20342
   2433.3   0.20347
   2434.5   0.20352
   2435.6   0.20356
   2436.8   0.20360
   2437.9   0.20365
   2439.1   0.20371
   2440.2   0.20374
   2441.4   0.20381
   2442.5   0.20385
   2443.6   0.20390
   2444.8   0.20401
   2445.9   0.20410
   2447.1   0.20412
   2448.3   0.20415
   2449.4   0.20423
   2450.6   0.20430
   2451.7   0.20434
   2452.9   0.20435
   2454.1   0.20439
   2455.2   0.20446
   2456.4   0.20452
   2457.6   0.20456
   2458.7   0.20464
   2459.9   0.20470
   2461.1   0.20472
   2462.2   0.20478
   2463.4   0.20489
   2464.6   0.20495
   2465.7   0.20497
   2466.9   0.20500
   2468.1   0.20507
   2469.3   0.20516
   2470.4   0.20522
   2471.6   0.20529
   2472.8   0.20532
   2474.0   0.20539
   2475.1   0.20548
   2476.3   0.20550
   2477.5   0.20552
   2478.7   0.20559
   2479.9   0.20564
   2481.1   0.20568
   2482.3   0.20575
   2483.4   0.20582
   2484.6   0.20586
   2485.8   0.20588
   2487.0   0.20591
   2488.2   0.20597
   2489.4   0.20607
   2490.6   0.20614
   2491.8   0.20621
   2493.0   0.20628
   2494.2   0.20631
   2495.4   0.20635
   2496.6   0.20641
   2497.8   0.20645
   2499.0   0.20648
   2500.2   0.20654
   2501.4   0.20665
   2502.6   0.20674
   2503.8   0.20675
   2505.0   0.20680
   2506.3   0.20687
   2507.5   0.20693
   2508.7   0.20699
   2509.9   0.20703
   2511.1   0.20707
   2512.3   0.20715
   2513.5   0.20722
   2514.8   0.20728
   2516.0   0.20730
   2517.2   0.20733
   2518.4   0.20737
   2519.6   0.20746
   2520.9   0.20754
   2522.1   0.20762
   2523.3   0.20765
   2524.6   0.20768
   2525.8   0.20774
   2527.0   0.20780
   2528.2   0.20783
   2529.5   0.20791
   2530.7   0.20797
   2531.9   0.20799
   2533.2   0.20808
   2534.4   0.20815
   2535.7   0.20822
   2536.9   0.20833
   2538.1   0.20837
   2539.4   0.20845
   2540.6   0.20849
   2541.9   0.20849
   2543.1   0.20860
   2544.4   0.20869
   2545.6   0.20872
   2546.9   0.20880
   2548.1   0.20888
   2549.4   0.20892
   2550.6   0.20896
   2551.9   0.20902
   2553.1   0.20912
   2554.4   0.20915
   2555.6   0.20914
   2556.9   0.20920
   2558.2   0.20930
   2559.4   0.20938
   2560.7   0.20949
   2562.0   0.20962
   2563.2   0.20967
   2564.5   0.20969
   2565.8   0.20962
   2567.0   0.20962
   2568.3   0.20972
   2569.6   0.20988
   2570.9   0.20998
   2572.1   0.21002
   2573.4   0.21018
   2574.7   0.21024
   2576.0   0.21019
   2577.3   0.21022
   2578.5   0.21021
   2579.8   0.21023
   2581.1   0.21039
   2582.4   0.21053
   2583.7   0.21065
   2585.0   0.21074
   2586.2   0.21067
   2587.5   0.21071
   2588.8   0.21082
   2590.1   0.21085
   2591.4   0.21083
   2592.7   0.21089
   2594.0   0.21111
   2595.3   0.21146
   2596.6   0.21143
   2597.9   0.21120
   2599.2   0.21113
   2600.5   0.21119
   2601.8   0.21129
   2603.1   0.21141
   2604.4   0.21155
   2605.7   0.21171
   2607.1   0.21170
   2608.4   0.21164
   2609.7   0.21162
   2611.0   0.21161
   2612.3   0.21167
   2613.6   0.21177
   2614.9   0.21182
   2616.3   0.21198
   2617.6   0.21211
   2618.9   0.21207
   2620.2   0.21215
   2621.6   0.21226
   2622.9   0.21219
   2624.2   0.21213
   2625.5   0.21215
   2626.9   0.21233
   2628.2   0.21242
   2629.5   0.21247
   2630.9   0.21265
   2632.2   0.21258
   2633.5   0.21248
   2634.9   0.21252
   2636.2   0.21253
   2637.6   0.21254
   2638.9   0.21258
   2640.2   0.21264
   2641.6   0.21273
   2642.9   0.21280
   2644.3   0.21279
   2645.6   0.21282
   2647.0   0.21288
   2648.3   0.21292
   2649.7   0.21294
   2651.0   0.21297
   2652.4   0.21307
   2653.8   0.21317
   2655.1   0.21321
   2656.5   0.21328
   2657.8   0.21326
   2659.2   0.21334
   2660.6   0.21345
   2661.9   0.21347
   2663.3   0.21351
   2664.7   0.21367
   2666.0   0.21386
   2667.4   0.21395
   2668.8   0.21388
   2670.1   0.21387
   2671.5   0.21394
   2672.9   0.21377
   2674.3   0.21371
   2675.6   0.21378
   2677.0   0.21392
   2678.4   0.21390
   2679.8   0.21392
   2681.2   0.21391
   2682.6   0.21383
   2684.0   0.21381
   2685.4   0.21376
   2686.8   0.21373
   2688.1   0.21375
   2689.5   0.21370
   2690.9   0.21363
   2692.3   0.21365
   2693.7   0.21374
   2695.1   0.21372
   2696.5   0.21358
   2697.9   0.21343
   2699.3   0.21332
   2700.7   0.21328
   2702.1   0.21323
   2703.6   0.21312
   2705.0   0.21305
   2706.4   0.21297
   2707.8   0.21290
   2709.2   0.21294
   2710.6   0.21301
   2712.0   0.21296
   2713.5   0.21263
   2714.9   0.21244
   2716.3   0.21239
   2717.7   0.21234
   2719.1   0.21238
   2720.6   0.21243
   2722.0   0.21221
   2723.4   0.21195
   2724.9   0.21191
   2726.3   0.21173
   2727.7   0.21146
   2729.2   0.21125
   2730.6   0.21105
   2732.0   0.21089
   2733.5   0.21073
   2734.9   0.21064
   2736.4   0.21047
   2737.8   0.21029
   2739.3   0.21025
   2740.7   0.21008
   2742.2   0.20967
   2743.6   0.20926
   2745.1   0.20904
   2746.5   0.20889
   2748.0   0.20868
   2749.4   0.20846
   2750.9   0.20827
   2752.3   0.20799
   2753.8   0.20772
   2755.3   0.20764
   2756.7   0.20750
   2758.2   0.20712
   2759.7   0.20682
   2761.1   0.20662
   2762.6   0.20649
   2764.1   0.20626
   2765.6   0.20595
   2767.0   0.20570
   2768.5   0.20553
   2770.0   0.20529
   2771.5   0.20507
   2772.9   0.20482
   2774.4   0.20455
   2775.9   0.20432
   2777.4   0.20410
   2778.9   0.20393
   2780.4   0.20377
   2781.9   0.20361
   2783.4   0.20342
   2784.9   0.20321
   2786.4   0.20309
   2787.9   0.20306
   2789.4   0.20289
   2790.9   0.20268
   2792.4   0.20252
   2793.9   0.20237
   2795.4   0.20223
   2796.9   0.20206
   2798.4   0.20189
   2799.9   0.20182
   2801.4   0.20178
   2802.9   0.20174
   2804.4   0.20163
   2806.0   0.20157
   2807.5   0.20155
   2809.0   0.20140
   2810.5   0.20126
   2812.1   0.20118
   2813.6   0.20108
   2815.1   0.20105
   2816.6   0.20101
   2818.2   0.20096
   2819.7   0.20090
   2821.2   0.20088
   2822.8   0.20080
   2824.3   0.20071
   2825.8   0.20069
   2827.4   0.20067
   2828.9   0.20063
   2830.5   0.20062
   2832.0   0.20063
   2833.6   0.20070
   2835.1   0.20067
   2836.7   0.20061
   2838.2   0.20061
   2839.8   0.20062
   2841.3   0.20061
   2842.9   0.20061
   2844.4   0.20061
   2846.0   0.20061
   2847.6   0.20066
   2849.1   0.20071
   2850.7   0.20069
   2852.3   0.20070
   2853.8   0.20071
   2855.4   0.20069
   2857.0   0.20070
   2858.6   0.20070
   2860.1   0.20067
   2861.7   0.20068
   2863.3   0.20069
   2864.9   0.20070
   2866.4   0.20074
   2868.0   0.20080
   2869.6   0.20082
   2871.2   0.20080
   2872.8   0.20082
   2874.4   0.20090
   2876.0   0.20094
   2877.6   0.20095
   2879.2   0.20099
   2880.8   0.20101
   2882.4   0.20099
   2884.0   0.20103
   2885.6   0.20111
   2887.2   0.20117
   2888.8   0.20116
   2890.4   0.20115
   2892.0   0.20124
   2893.6   0.20125
   2895.3   0.20120
   2896.9   0.20124
   2898.5   0.20131
   2900.1   0.20136
   2901.7   0.20140
   2903.4   0.20137
   2905.0   0.20135
   2906.6   0.20142
   2908.3   0.20149
   2909.9   0.20152
   2911.5   0.20155
   2913.1   0.20158
   2914.8   0.20160
   2916.4   0.20165
   2918.1   0.20173
   2919.7   0.20181
   2921.4   0.20186
   2923.0   0.20190
   2924.7   0.20195
   2926.3   0.20199
   2928.0   0.20200
   2929.6   0.20198
   2931.3   0.20200
   2932.9   0.20209
   2934.6   0.20218
   2936.3   0.20223
   2937.9   0.20224
   2939.6   0.20222
   2941.2   0.20227
   2942.9   0.20238
   2944.6   0.20249
   2946.3   0.20252
   2947.9   0.20260
   2949.6   0.20268
   2951.3   0.20274
   2953.0   0.20275
   2954.6   0.20275
   2956.3   0.20278
   2958.0   0.20287
   2959.7   0.20293
   2961.4   0.20294
   2963.1   0.20302
   2964.8   0.20309
   2966.5   0.20314
   2968.2   0.20323
   2969.9   0.20337
   2971.6   0.20344
   2973.3   0.20346
   2975.0   0.20350
   2976.7   0.20355
   2978.4   0.20359
   2980.1   0.20370
   2981.8   0.20382
   2983.6   0.20391
   2985.3   0.20394
   2987.0   0.20400
   2988.7   0.20408
   2990.4   0.20414
   2992.2   0.20424
   2993.9   0.20433
   2995.6   0.20442
   2997.4   0.20451
   2999.1   0.20460
   3000.8   0.20463
   3002.6   0.20469
   3004.3   0.20479
   3006.0   0.20489
   3007.8   0.20504
   3009.5   0.20514
   3011.3   0.20518
   3013.0   0.20521
   3014.8   0.20528
   3016.5   0.20535
   3018.3   0.20544
   3020.0   0.20553
   3021.8   0.20561
   3023.6   0.20574
   3025.3   0.20589
   3027.1   0.20598
   3028.9   0.20605
   3030.6   0.20610
   3032.4   0.20618
   3034.2   0.20628
   3036.0   0.20635
   3037.7   0.20644
   3039.5   0.20658
   3041.3   0.20670
   3043.1   0.20678
   3044.9   0.20685
   3046.7   0.20690
   3048.4   0.20692
   3050.2   0.20697
   3052.0   0.20709
   3053.8   0.20721
   3055.6   0.20726
   3057.4   0.20729
   3059.2   0.20736
   3061.1   0.20748
   3062.9   0.20761
   3064.7   0.20767
   3066.5   0.20775
   3068.3   0.20786
   3070.1   0.20796
   3071.9   0.20801
   3073.8   0.20808
   3075.6   0.20811
   3077.4   0.20819
   3079.2   0.20827
   3081.1   0.20831
   3082.9   0.20838
   3084.7   0.20852
   3086.6   0.20864
   3088.4   0.20867
   3090.2   0.20871
   3092.1   0.20881
   3093.9   0.20892
   3095.8   0.20904
   3097.6   0.20911
   3099.5   0.20918
   3101.3   0.20930
   3103.2   0.20945
   3105.0   0.20955
   3106.9   0.20962
   3108.8   0.20967
   3110.6   0.20975
   3112.5   0.20990
   3114.4   0.21001
   3116.2   0.21007
   3118.1   0.21008
   3120.0   0.21011
   3121.9   0.21029
   3123.7   0.21047
   3125.6   0.21056
   3127.5   0.21062
   3129.4   0.21070
   3131.3   0.21081
   3133.2   0.21086
   3135.1   0.21101
   3137.0   0.21115
   3138.9   0.21125
   3140.8   0.21136
   3142.7   0.21148
   3144.6   0.21156
   3146.5   0.21166
   3148.4   0.21176
   3150.3   0.21182
   3152.2   0.21189
   3154.1   0.21204
   3156.1   0.21219
   3158.0   0.21224
   3159.9   0.21237
   3161.8   0.21250
   3163.8   0.21256
   3165.7   0.21264
   3167.6   0.21274
   3169.6   0.21287
   3171.5   0.21302
   3173.4   0.21319
   3175.4   0.21327
   3177.3   0.21334
   3179.3   0.21345
   3181.2   0.21356
   3183.2   0.21366
   3185.1   0.21372
   3187.1   0.21380
   3189.1   0.21390
   3191.0   0.21397
   3193.0   0.21408
   3194.9   0.21423
   3196.9   0.21435
   3198.9   0.21447
   3200.9   0.21458
   3202.9   0.21471
   3204.8   0.21478
   3206.8   0.21486
   3208.8   0.21499
   3210.8   0.21510
   3212.8   0.21519
   3214.8   0.21531
   3216.8   0.21545
   3218.8   0.21559
   3220.8   0.21568
   3222.8   0.21577
   3224.8   0.21589
   3226.8   0.21601
   3228.8   0.21612
   3230.8   0.21622
   3232.8   0.21634
   3234.8   0.21642
   3236.9   0.21650
   3238.9   0.21664
   3240.9   0.21678
   3242.9   0.21685
   3244.9   0.21693
   3247.0   0.21704
   3249.0   0.21714
   3251.1   0.21727
   3253.1   0.21742
   3255.1   0.21755
   3257.2   0.21762
   3259.2   0.21766
   3261.3   0.21778
   3263.3   0.21787
   3265.4   0.21797
   3267.4   0.21809
   3269.5   0.21819
   3271.6   0.21832
   3273.6   0.21843
   3275.7   0.21850
   3277.8   0.21859
   3279.8   0.21868
   3281.9   0.21878
   3284.0   0.21890
   3286.1   0.21899
   3288.2   0.21908
   3290.2   0.21919
   3292.3   0.21929
   3294.4   0.21936
   3296.5   0.21943
   3298.6   0.21954
   3300.7   0.21966
   3302.8   0.21976
   3304.9   0.21987
   3307.0   0.21996
   3309.1   0.22001
   3311.3   0.22013
   3313.4   0.22020
   3315.5   0.22026
   3317.6   0.22035
   3319.7   0.22045
   3321.9   0.22052
   3324.0   0.22059
   3326.1   0.22070
   3328.3   0.22081
   3330.4   0.22085
   3332.5   0.22094
   3334.7   0.22103
   3336.8   0.22105
   3339.0   0.22106
   3341.1   0.22111
   3343.3   0.22115
   3345.4   0.22117
   3347.6   0.22117
   3349.8   0.22117
   3351.9   0.22113
   3354.1   0.22105
   3356.3   0.22093
   3358.4   0.22077
   3360.6   0.22052
   3362.8   0.22022
   3365.0   0.21983
   3367.2   0.21937
   3369.4   0.21894
   3371.5   0.21863
   3373.7   0.21854
   3375.9   0.21859
   3378.1   0.21876
   3380.3   0.21909
   3382.5   0.21952
   3384.7   0.21992
   3386.9   0.22023
   3389.2   0.22046
   3391.4   0.22050
   3393.6   0.22039
   3395.8   0.22019
   3398.1   0.21990
   3400.3   0.21951
   3402.5   0.21910
   3404.7   0.21869
   3407.0   0.21830
   3409.2   0.21795
   3411.5   0.21765
   3413.7   0.21745
   3416.0   0.21747
   3418.2   0.21769
   3420.5   0.21809
   3422.7   0.21863
   3425.0   0.21922
   3427.3   0.21980
   3429.5   0.22035
   3431.8   0.22081
   3434.1   0.22125
   3436.3   0.22164
   3438.6   0.22197
   3440.9   0.22232
   3443.2   0.22266
   3445.5   0.22293
   3447.8   0.22320
   3450.1   0.22351
   3452.3   0.22379
   3454.6   0.22400
   3456.9   0.22421
   3459.3   0.22440
   3461.6   0.22457
   3463.9   0.22466
   3466.2   0.22468
   3468.5   0.22466
   3470.8   0.22466
   3473.2   0.22467
   3475.5   0.22473
   3477.8   0.22476
   3480.1   0.22482
   3482.5   0.22492
   3484.8   0.22498
   3487.2   0.22494
   3489.5   0.22489
   3491.9   0.22477
   3494.2   0.22463
   3496.6   0.22452
   3498.9   0.22451
   3501.3   0.22461
   3503.7   0.22492
   3506.0   0.22541
   3508.4   0.22596
   3510.8   0.22649
   3513.2   0.22697
   3515.5   0.22740
   3517.9   0.22780
   3520.3   0.22810
   3522.7   0.22833
   3525.1   0.22856
   3527.5   0.22875
   3529.9   0.22889
   3532.3   0.22904
   3534.7   0.22918
   3537.1   0.22934
   3539.5   0.22949
   3541.9   0.22962
   3544.4   0.22974
   3546.8   0.22989
   3549.2   0.22998
   3551.7   0.23006
   3554.1   0.23016
   3556.5   0.23028
   3559.0   0.23042
   3561.4   0.23052
   3563.9   0.23062
   3566.3   0.23071
   3568.8   0.23083
   3571.2   0.23093
   3573.7   0.23102
   3576.1   0.23115
   3578.6   0.23126
   3581.1   0.23135
   3583.6   0.23144
   3586.0   0.23155
   3588.5   0.23163
   3591.0   0.23175
   3593.5   0.23185
   3596.0   0.23195
   3598.5   0.23204
   3601.0   0.23212
   3603.5   0.23220
   3606.0   0.23229
   3608.5   0.23239
   3611.0   0.23249
   3613.5   0.23256
   3616.1   0.23264
   3618.6   0.23274
   3621.1   0.23285
   3623.6   0.23293
   3626.2   0.23301
   3628.7   0.23309
   3631.3   0.23320
   3633.8   0.23328
   3636.3   0.23336
   3638.9   0.23345
   3641.4   0.23352
   3644.0   0.23359
   3646.6   0.23368
   3649.1   0.23378
   3651.7   0.23385
   3654.3   0.23391
   3656.9   0.23400
   3659.4   0.23407
   3662.0   0.23415
   3664.6   0.23426
   3667.2   0.23438
   3669.8   0.23445
   3672.4   0.23454
   3675.0   0.23465
   3677.6   0.23473
   3680.2   0.23481
   3682.8   0.23488
   3685.4   0.23495
   3688.1   0.23502
   3690.7   0.23509
   3693.3   0.23520
   3695.9   0.23529
   3698.6   0.23539
   3701.2   0.23547
   3703.9   0.23554
   3706.5   0.23560
   3709.2   0.23568
   3711.8   0.23574
   3714.5   0.23582
   3717.1   0.23594
   3719.8   0.23605
   3722.5   0.23610
   3725.2   0.23617
   3727.8   0.23623
   3730.5   0.23633
   3733.2   0.23642
   3735.9   0.23649
   3738.6   0.23653
   3741.3   0.23663
   3744.0   0.23673
   3746.7   0.23680
   3749.4   0.23686
   3752.1   0.23696
   3754.8   0.23705
   3757.6   0.23714
   3760.3   0.23719
   3763.0   0.23727
   3765.7   0.23735
   3768.5   0.23741
   3771.2   0.23747
   3774.0   0.23753
   3776.7   0.23760
   3779.5   0.23771
   3782.2   0.23778
   3785.0   0.23785
   3787.7   0.23791
   3790.5   0.23800
   3793.3   0.23806
   3796.1   0.23811
   3798.8   0.23816
   3801.6   0.23823
   3804.4   0.23829
   3807.2   0.23839
   3810.0   0.23848
   3812.8   0.23854
   3815.6   0.23858
   3818.4   0.23862
   3821.2   0.23867
   3824.1   0.23876
   3826.9   0.23882
   3829.7   0.23888
   3832.5   0.23893
   3835.4   0.23897
   3838.2   0.23898
   3841.1   0.23903
   3843.9   0.23910
   3846.8   0.23918
   3849.6   0.23922
   3852.5   0.23925
   3855.3   0.23930
   3858.2   0.23936
   3861.1   0.23943
   3863.9   0.23949
   3866.8   0.23954
   3869.7   0.23959
   3872.6   0.23963
   3875.5   0.23969
   3878.4   0.23974
   3881.3   0.23980
   3884.2   0.23986
   3887.1   0.23990
   3890.0   0.23995
   3893.0   0.23998
   3895.9   0.24001
   3898.8   0.24008
   3901.7   0.24012
   3904.7   0.24015
   3907.6   0.24021
   3910.6   0.24026
   3913.5   0.24030
   3916.5   0.24035
   3919.4   0.24039
   3922.4   0.24042
   3925.4   0.24044
   3928.4   0.24049
   3931.3   0.24050
   3934.3   0.24054
   3937.3   0.24058
   3940.3   0.24066
   3943.3   0.24070
   3946.3   0.24075
   3949.3   0.24078
   3952.3   0.24081
   3955.3   0.24086
   3958.3   0.24088
   3961.4   0.24087
   3964.4   0.24090
   3967.4   0.24093
   3970.5   0.24095
   3973.5   0.24097
   3976.6   0.24101
   3979.6   0.24104
   3982.6   0.24107
   3985.7   0.24109
   3988.8   0.24113
   3991.9   0.24112
   3994.9   0.24112
   3998.0   0.24116
   4001.1   0.24120
   4004.2   0.24121
   4007.3   0.24121
   4010.4   0.24121
   4013.5   0.24125
   4016.6   0.24126
   4019.7   0.24126
   4022.8   0.24126
   4025.9   0.24127
   4029.1   0.24128
   4032.2   0.24133
   4035.3   0.24136
   4038.5   0.24139
   4041.6   0.24139
   4044.8   0.24141
   4047.9   0.24142
   4051.1   0.24146
   4054.3   0.24148
   4057.4   0.24151
   4060.6   0.24151
   4063.8   0.24153
   4067.0   0.24154
   4070.2   0.24156
   4073.4   0.24157
   4076.6   0.24158
   4079.8   0.24161
   4083.0   0.24163
   4086.2   0.24164
   4089.4   0.24168
   4092.7   0.24167
   4095.9   0.24167
   4099.1   0.24167
   4102.4   0.24166
   4105.6   0.24165
   4108.9   0.24165
   4112.1   0.24166
   4115.4   0.24169
   4118.7   0.24170
   4122.0   0.24172
   4125.2   0.24171
   4128.5   0.24173
   4131.8   0.24174
   4135.1   0.24177
   4138.4   0.24178
   4141.7   0.24181
   4145.0   0.24180
   4148.3   0.24179
   4151.6   0.24178
   4155.0   0.24179
   4158.3   0.24179
   4161.6   0.24180
   4165.0   0.24177
   4168.3   0.24175
   4171.7   0.24175
   4175.0   0.24180
   4178.4   0.24181
   4181.8   0.24182
   4185.2   0.24177
   4188.5   0.24175
   4191.9   0.24174
   4195.3   0.24175
   4198.7   0.24173
   4202.1   0.24174
   4205.5   0.24173
   4208.9   0.24172
   4212.4   0.24168
   4215.8   0.24165
   4219.2   0.24163
   4222.6   0.24161
   4226.1   0.24156
   4229.5   0.24154
   4233.0   0.24150
   4236.5   0.24147
   4239.9   0.24142
   4243.4   0.24140
   4246.9   0.24136
   4250.3   0.24132
   4253.8   0.24127
   4257.3   0.24122
   4260.8   0.24115
   4264.3   0.24110
   4267.8   0.24102
   4271.4   0.24098
   4274.9   0.24092
   4278.4   0.24086
   4281.9   0.24076
   4285.5   0.24069
   4289.0   0.24061
   4292.6   0.24053
   4296.1   0.24042
   4299.7   0.24031
   4303.3   0.24018
   4306.8   0.24008
   4310.4   0.23997
   4314.0   0.23986
   4317.6   0.23972
   4321.2   0.23963
   4324.8   0.23952
   4328.4   0.23941
   4332.0   0.23928
   4335.6   0.23919
   4339.3   0.23909
   4342.9   0.23901
   4346.5   0.23887
   4350.2   0.23876
   4353.8   0.23865
   4357.5   0.23854
   4361.1   0.23844
   4364.8   0.23836
   4368.5   0.23825
   4372.2   0.23816
   4375.9   0.23804
   4379.6   0.23795
   4383.3   0.23785
   4387.0   0.23775
   4390.7   0.23765
   4394.4   0.23757
   4398.1   0.23746
   4401.9   0.23738
   4405.6   0.23730
   4409.4   0.23722
   4413.1   0.23712
   4416.9   0.23706
   4420.6   0.23698
   4424.4   0.23690
   4428.2   0.23683
   4432.0   0.23678
   4435.8   0.23670
   4439.6   0.23663
   4443.4   0.23655
   4447.2   0.23646
   4451.0   0.23639
   4454.8   0.23635
   4458.6   0.23626
   4462.5   0.23619
   4466.3   0.23607
   4470.2   0.23595
   4474.0   0.23584
   4477.9   0.23576
   4481.8   0.23564
   4485.6   0.23553
   4489.5   0.23540
   4493.4   0.23529
   4497.3   0.23516
   4501.2   0.23502
   4505.1   0.23487
   4509.0   0.23471
   4513.0   0.23450
   4516.9   0.23435
   4520.8   0.23420
   4524.8   0.23404
   4528.7   0.23386
   4532.7   0.23369
   4536.7   0.23351
   4540.6   0.23334
   4544.6   0.23313
   4548.6   0.23293
   4552.6   0.23271
   4556.6   0.23252
   4560.6   0.23229
   4564.6   0.23206
   4568.6   0.23181
   4572.7   0.23158
   4576.7   0.23130
   4580.8   0.23104
   4584.8   0.23079
   4588.9   0.23053
   4592.9   0.23024
   4597.0   0.22996
   4601.1   0.22967
   4605.2   0.22937
   4609.3   0.22901
   4613.4   0.22869
   4617.5   0.22835
   4621.6   0.22801
   4625.7   0.22763
   4629.8   0.22728
   4634.0   0.22693
   4638.1   0.22661
   4642.3   0.22624
   4646.4   0.22588
   4650.6   0.22554
   4654.8   0.22523
   4659.0   0.22489
   4663.1   0.22458
   4667.3   0.22427
   4671.5   0.22393
   4675.8   0.22360
   4680.0   0.22330
   4684.2   0.22295
   4688.4   0.22261
   4692.7   0.22225
   4696.9   0.22192
   4701.2   0.22159
   4705.5   0.22126
   4709.7   0.22092
   4714.0   0.22058
   4718.3   0.22020
   4722.6   0.21985
   4726.9   0.21949
   4731.2   0.21916
   4735.5   0.21880
   4739.9   0.21845
   4744.2   0.21810
   4748.5   0.21778
   4752.9   0.21744
   4757.3   0.21713
   4761.6   0.21679
   4766.0   0.21647
   4770.4   0.21612
   4774.8   0.21581
   4779.2   0.21549
   4783.6   0.21519
   4788.0   0.21486
   4792.4   0.21455
   4796.9   0.21421
   4801.3   0.21386
   4805.8   0.21349
   4810.2   0.21316
   4814.7   0.21280
   4819.1   0.21244
   4823.6   0.21207
   4828.1   0.21173
   4832.6   0.21133
   4837.1   0.21095
   4841.6   0.21056
   4846.2   0.21018
   4850.7   0.20980
   4855.3   0.20943
   4859.8   0.20899
   4864.4   0.20860
   4868.9   0.20817
   4873.5   0.20776
   4878.1   0.20734
   4882.7   0.20695
   4887.3   0.20654
   4891.9   0.20615
   4896.5   0.20572
   4901.1   0.20527
   4905.8   0.20479
   4910.4   0.20435
   4915.1   0.20390
   4919.7   0.20345
   4924.4   0.20298
   4929.1   0.20252
   4933.8   0.20204
   4938.5   0.20156
   4943.2   0.20107
   4947.9   0.20059
   4952.6   0.20012
   4957.4   0.19967
   4962.1   0.19917
   4966.9   0.19867
   4971.6   0.19819
   4976.4   0.19772
   4981.2   0.19723
   4986.0   0.19678
   4990.8   0.19632
   4995.6   0.19583
   5000.4   0.19533
   5005.2   0.19487
   5010.0   0.19438
   5014.9   0.19390
   5019.8   0.19344
   5024.6   0.19297
   5029.5   0.19247
   5034.4   0.19198
   5039.3   0.19147
   5044.2   0.19099
   5049.1   0.19051
   5054.0   0.19002
   5058.9   0.18953
   5063.9   0.18905
   5068.8   0.18857
   5073.8   0.18812
   5078.8   0.18766
   5083.7   0.18723
   5088.7   0.18673
   5093.7   0.18622
   5098.7   0.18573
   5103.7   0.18524
   5108.8   0.18474
   5113.8   0.18421
   5118.9   0.18367
   5123.9   0.18315
   5129.0   0.18259
   5134.1   0.18206
   5139.1   0.18150
   5144.3   0.18099
   5149.4   0.18048
   5154.5   0.17992
   5159.6   0.17935
   5164.7   0.17880
   5169.9   0.17826
   5175.0   0.17776
   5180.2   0.17724
   5185.4   0.17676
   5190.6   0.17629
   5195.8   0.17587
   5201.0   0.17545
   5206.2   0.17498
   5211.5   0.17456
   5216.7   0.17417
   5222.0   0.17365
   5227.2   0.17318
   5232.5   0.17276
   5237.8   0.17236
   5243.1   0.17190
   5248.4   0.17145
   5253.7   0.17100
   5259.0   0.17059
   5264.4   0.17014
   5269.7   0.16972
   5275.1   0.16930
   5280.5   0.16890
   5285.8   0.16846
   5291.2   0.16813
   5296.6   0.16774
   5302.0   0.16734
   5307.5   0.16695
   5312.9   0.16660
   5318.4   0.16627
   5323.8   0.16594
   5329.3   0.16563
   5334.8   0.16532
   5340.3   0.16497
   5345.8   0.16471
   5351.3   0.16443
   5356.8   0.16399
   5362.4   0.16350
   5367.9   0.16306
   5373.5   0.16262
   5379.0   0.16219
   5384.6   0.16174
   5390.2   0.16134
   5395.8   0.16093
   5401.5   0.16052
   5407.1   0.16013
   5412.7   0.15978
   5418.4   0.15951
   5424.1   0.15928
   5429.7   0.15882
   5435.4   0.15845
   5441.1   0.15818
   5446.9   0.15793
   5452.6   0.15766
   5458.3   0.15751
   5464.1   0.15749
   5469.8   0.15738
   5475.6   0.15722
   5481.4   0.15719
   5487.2   0.15704
   5493.0   0.15695
   5498.8   0.15690
   5504.7   0.15686
   5510.5   0.15682
   5516.4   0.15683
   5522.3   0.15685
   5528.1   0.15683
   5534.0   0.15673
   5540.0   0.15668
   5545.9   0.15665
   5551.8   0.15665
   5557.8   0.15655
   5563.7   0.15639
   5569.7   0.15622
   5575.7   0.15623
   5581.7   0.15614
   5587.7   0.15568
   5593.7   0.15527
   5599.8   0.15504
   5605.8   0.15474
   5611.9   0.15442
   5618.0   0.15407
   5624.1   0.15368
   5630.2   0.15330
   5636.3   0.15308
   5642.4   0.15293
   5648.6   0.15249
   5654.7   0.15204
   5660.9   0.15166
   5667.1   0.15122
   5673.3   0.15103
   5679.5   0.15078
   5685.7   0.15045
   5692.0   0.15021
   5698.2   0.14995
   5704.5   0.14971
   5710.8   0.14964
   5717.1   0.14934
   5723.4   0.14895
   5729.7   0.14855
   5736.0   0.14822
   5742.4   0.14787
   5748.8   0.14756
   5755.1   0.14703
   5761.5   0.14673
   5768.0   0.14655
   5774.4   0.14576
   5780.8   0.14496
   5787.3   0.14431
   5793.7   0.14365
   5800.2   0.14308
   5806.7   0.14246
   5813.2   0.14195
   5819.7   0.14161
   5826.3   0.14105
   5832.8   0.14014
   5839.4   0.13932
   5846.0   0.13858
   5852.6   0.13795
   5859.2   0.13737
   5865.8   0.13681
   5872.5   0.13615
   5879.1   0.13592
   5885.8   0.13529
   5892.5   0.13444
   5899.2   0.13382
   5905.9   0.13285
   5912.6   0.13208
   5919.4   0.13150
   5926.2   0.13089
   5932.9   0.13062
   5939.7   0.13018
   5946.5   0.12915
   5953.4   0.12831
   5960.2   0.12768
   5967.1   0.12722
   5974.0   0.12661
   5980.8   0.12590
   5987.8   0.12545
   5994.7   0.12482
   6001.6   0.12410
   6008.6   0.12360
   6015.5   0.12324
   6022.5   0.12269
   6029.5   0.12223
   6036.5   0.12192
   6043.6   0.12206
   6050.6   0.12230
   6057.7   0.12159
   6064.8   0.12105
   6071.9   0.12106
   6079.0   0.12079
   6086.1   0.12036
   6093.3   0.12010
   6100.5   0.11992
   6107.6   0.11991
   6114.9   0.11999
   6122.1   0.11952
   6129.3   0.11904
   6136.5   0.11878
   6143.8   0.11860
   6151.1   0.11836
   6158.4   0.11824
   6165.7   0.11799
   6173.1   0.11768
   6180.4   0.11765
   6187.8   0.11764
   6195.2   0.11722
   6202.6   0.11693
   6210.0   0.11681
   6217.5   0.11670
   6225.0   0.11652
   6232.4   0.11636
   6239.9   0.11624
   6247.5   0.11609
   6255.0   0.11595
   6262.5   0.11586
   6270.1   0.11572
   6277.7   0.11556
   6285.3   0.11540
   6293.0   0.11526
   6300.6   0.11511
   6308.3   0.11498
   6315.9   0.11489
   6323.6   0.11485
   6331.4   0.11480
   6339.1   0.11491
   6346.9   0.11504
   6354.6   0.11480
   6362.4   0.11470
   6370.3   0.11486
   6378.1   0.11478
   6385.9   0.11467
   6393.8   0.11466
   6401.7   0.11471
   6409.6   0.11516
   6417.6   0.11540
   6425.5   0.11487
   6433.5   0.11452
   6441.5   0.11422
   6449.5   0.11396
   6457.5   0.11375
   6465.6   0.11354
   6473.6   0.11345
   6481.7   0.11339
   6489.8   0.11344
   6498.0   0.11324
   6506.1   0.11256
   6514.3   0.11218
   6522.5   0.11206
   6530.7   0.11170
   6539.0   0.11138
   6547.2   0.11122
   6555.5   0.11109
   6563.8   0.11091
   6572.1   0.11081
   6580.4   0.11042
   6588.8   0.10997
   6597.2   0.10965
   6605.6   0.10926
   6614.0   0.10901
   6622.5   0.10881
   6630.9   0.10887
   6639.4   0.10883
   6647.9   0.10825
   6656.5   0.10775
   6665.0   0.10756
   6673.6   0.10747
   6682.2   0.10739
   6690.8   0.10710
   6699.5   0.10686
   6708.1   0.10680
   6716.8   0.10664
   6725.5   0.10633
   6734.3   0.10601
   6743.0   0.10569
   6751.8   0.10543
   6760.6   0.10509
   6769.4   0.10484
   6778.3   0.10456
   6787.1   0.10432
   6796.0   0.10389
   6805.0   0.10328
   6813.9   0.10284
   6822.9   0.10259
   6831.9   0.10225
   6840.9   0.10184
   6849.9   0.10163
   6859.0   0.10168
   6868.0   0.10147
   6877.2   0.10089
   6886.3   0.10049
   6895.5   0.10023
   6904.6   0.09995
   6913.8   0.09960
   6923.1   0.09920
   6932.3   0.09883
   6941.6   0.09846
   6950.9   0.09820
   6960.2   0.09793
   6969.6   0.09738
   6979.0   0.09682
   6988.4   0.09642
   6997.8   0.09594
   7007.3   0.09541
   7016.8   0.09493
   7026.3   0.09448
   7035.8   0.09401
   7045.4   0.09365
   7054.9   0.09304
   7064.5   0.09242
   7074.2   0.09188
   7083.9   0.09136
   7093.5   0.09080
   7103.3   0.09029
   7113.0   0.08980
   7122.8   0.08934
   7132.6   0.08876
   7142.4   0.08824
   7152.2   0.08772
   7162.1   0.08719
   7172.0   0.08661
   7182.0   0.08589
   7191.9   0.08521
   7201.9   0.08466
   7211.9   0.08401
   7222.0   0.08327
   7232.0   0.08253
   7242.1   0.08184
   7252.3   0.08118
   7262.4   0.08052
   7272.6   0.07985
   7282.8   0.07915
   7293.1   0.07840
   7303.3   0.07772
   7313.6   0.07698
   7324.0   0.07626
   7334.3   0.07553
   7344.7   0.07475
   7355.1   0.07389
   7365.6   0.07306
   7376.1   0.07221
   7386.6   0.07136
   7397.1   0.07048
   7407.7   0.06962
   7418.3   0.06870
   7428.9   0.06783
   7439.6   0.06694
   7450.3   0.06605
   7461.0   0.06513
   7471.7   0.06422
   7482.5   0.06326
   7493.3   0.06230
   7504.1   0.06133
   7515.0   0.06039
   7525.9   0.05940
   7536.9   0.05843
   7547.9   0.05743
   7558.9   0.05648
   7569.9   0.05550
   7581.0   0.05453
   7592.0   0.05350
   7603.2   0.05248
   7614.4   0.05145
   7625.5   0.05044
   7636.8   0.04938
   7648.0   0.04833
   7659.3   0.04725
   7670.7   0.04619
   7682.0   0.04507
   7693.4   0.04396
   7704.9   0.04281
   7716.3   0.04167
   7727.8   0.04050
   7739.4   0.03937
   7750.9   0.03821
   7762.5   0.03708
   7774.2   0.03589
   7785.8   0.03474
   7797.5   0.03355
   7809.3   0.03240
   7821.1   0.03121
   7832.9   0.03009
   7844.7   0.02892
   7856.6   0.02775
   7868.5   0.02654
   7880.5   0.02543
   7892.5   0.02430
   7904.5   0.02319
   7916.6   0.02206
   7928.7   0.02098
   7940.8   0.01987
   7953.0   0.01885
   7965.2   0.01781
   7977.5   0.01683
   7989.8   0.01586
   8002.1   0.01499
   8014.5   0.01413
   8026.9   0.01335
   8039.3   0.01256
   8051.8   0.01186
   8064.3   0.01118
   8076.9   0.01058
   8089.5   0.00999
   8102.1   0.00954
   8114.8   0.00908
   8127.5   0.00871
   8140.3   0.00833
   8153.1   0.00806
   8165.9   0.00785
   8178.8   0.00772
   8191.7   0.00755
   8204.7   0.00751
   8217.7   0.00748
   8230.7   0.00753
   8243.8   0.00763
   8256.9   0.00784
   8270.1   0.00803
   8283.3   0.00827
   8296.6   0.00850
   8309.9   0.00879
   8323.2   0.00905
   8336.6   0.00938
   8350.0   0.00968
   8363.5   0.00999
   8377.0   0.01020
   8390.5   0.01047
   8404.2   0.01070
   8417.8   0.01098
   8431.5   0.01122
   8445.2   0.01145
   8459.0   0.01164
   8472.8   0.01184
   8486.7   0.01198
   8500.6   0.01212
   8514.5   0.01220
   8528.5   0.01235
   8542.6   0.01244
   8556.7   0.01258
   8570.8   0.01269
   8585.0   0.01283
   8599.3   0.01291
   8613.5   0.01298
   8627.9   0.01303
   8642.3   0.01314
   8656.7   0.01318
   8671.2   0.01325
   8685.7   0.01329
   8700.3   0.01337
   8714.9   0.01341
   8729.5   0.01348
   8744.3   0.01353
   8759.0   0.01360
   8773.9   0.01361
   8788.7   0.01362
   8803.7   0.01363
   8818.6   0.01368
   8833.7   0.01369
   8848.7   0.01373
   8863.8   0.01368
   8879.0   0.01373
   8894.3   0.01377
   8909.5   0.01382
   8924.9   0.01382
   8940.3   0.01383
   8955.7   0.01382
   8971.2   0.01384
   8986.8   0.01382
   9002.3   0.01386
   9018.0   0.01386
   9033.7   0.01386
   9049.5   0.01381
   9065.3   0.01384
   9081.2   0.01383
   9097.1   0.01382
   9113.1   0.01374
   9129.1   0.01369
   9145.2   0.01361
   9161.4   0.01355
   9177.6   0.01349
   9193.9   0.01347
   9210.2   0.01341
   9226.6   0.01345
   9243.0   0.01345
   9259.5   0.01351
   9276.1   0.01355
   9292.7   0.01360
   9309.4   0.01361
   9326.2   0.01368
   9343.0   0.01375
   9359.8   0.01384
   9376.8   0.01382
   9393.8   0.01386
   9410.8   0.01392
   9427.9   0.01405
   9445.1   0.01412
   9462.3   0.01417
   9479.6   0.01422
   9497.0   0.01433
   9514.4   0.01444
   9531.9   0.01463
   9549.4   0.01476
   9567.0   0.01489
   9584.7   0.01500
   9602.5   0.01511
   9620.3   0.01518
   9638.2   0.01530
   9656.1   0.01537
   9674.2   0.01548
   9692.2   0.01556
   9710.4   0.01565
   9728.6   0.01568
   9746.9   0.01577
   9765.2   0.01580
   9783.7   0.01583
   9802.2   0.01583
   9820.7   0.01591
   9839.4   0.01594
   9858.1   0.01598
   9876.8   0.01596
   9895.7   0.01600
   9914.6   0.01605
   9933.6   0.01615
   9952.7   0.01618
   9971.8   0.01625
   9991.0   0.01632
  10010.3   0.01642
  10029.7   0.01648
  10049.1   0.01659
  10068.6   0.01670
  10088.2   0.01683
  10107.9   0.01689
  10127.6   0.01698
  10147.5   0.01705
  10167.3   0.01719
  10187.3   0.01724
  10207.4   0.01731
  10227.5   0.01742
  10247.7   0.01759
  10268.0   0.01775
  10288.4   0.01800
  10308.8   0.01826
  10329.4   0.01854
  10350.0   0.01875
  10370.7   0.01894
  10391.5   0.01912
  10412.3   0.01937
  10433.3   0.01955
  10454.3   0.01977
  10475.4   0.01992
  10496.7   0.02004
  10517.9   0.02016
  10539.3   0.02032
  10560.8   0.02041
  10582.3   0.02052
  10604.0   0.02065
  10625.7   0.02075
  10647.5   0.02079
  10669.4   0.02088
  10691.4   0.02097
  10713.5   0.02115
  10735.7   0.02128
  10758.0   0.02139
  10780.3   0.02143
  10802.8   0.02149
  10825.4   0.02152
  10848.0   0.02157
  10870.8   0.02149
  10893.6   0.02143
  10916.5   0.02136
  10939.5   0.02136
  10962.7   0.02132
  10985.9   0.02128
  11009.2   0.02123
  11032.7   0.02125
  11056.2   0.02121
  11079.8   0.02121
  11103.5   0.02123
  11127.4   0.02128
  11151.3   0.02130
  11175.3   0.02142
  11199.5   0.02148
  11223.7   0.02156
  11248.0   0.02154
  11272.5   0.02162
  11297.1   0.02172
  11321.7   0.02181
  11346.5   0.02185
  11371.4   0.02196
  11396.4   0.02207
  11421.5   0.02223
  11446.7   0.02230
  11472.0   0.02238
  11497.5   0.02242
  11523.0   0.02247
  11548.7   0.02253
  11574.4   0.02265
  11600.3   0.02270
  11626.3   0.02276
  11652.5   0.02281
  11678.7   0.02295
  11705.1   0.02303
  11731.6   0.02312
  11758.2   0.02321
  11784.9   0.02333
  11811.7   0.02344
  11838.7   0.02365
  11865.8   0.02375
  11893.0   0.02385
  11920.3   0.02401
  11947.8   0.02421
  11975.4   0.02437
  12003.1   0.02457
  12031.0   0.02477
  12059.0   0.02507
  12087.1   0.02527
  12115.3   0.02551
  12143.7   0.02570
  12172.2   0.02589
  12200.8   0.02601
  12229.6   0.02613
  12258.5   0.02613
  12287.6   0.02609
  12316.8   0.02597
  12346.1   0.02584
  12375.5   0.02568
  12405.2   0.02545
  12434.9   0.02506
  12464.8   0.02469
  12494.8   0.02429
  12525.0   0.02392
  12555.3   0.02344
  12585.8   0.02291
  12616.4   0.02236
  12647.2   0.02190
  12678.1   0.02137
  12709.2   0.02079
  12740.4   0.02014
  12771.8   0.01957
  12803.3   0.01892
  12835.0   0.01830
  12866.9   0.01782
  12898.9   0.01750
  12931.1   0.01721
  12963.4   0.01699
  12995.9   0.01679
  13028.5   0.01668
  13061.3   0.01650
  13094.3   0.01626
  13127.5   0.01607
  13160.8   0.01604
  13194.3   0.01609
  13228.0   0.01615
  13261.8   0.01613
  13295.8   0.01617
  13330.0   0.01618
  13364.3   0.01620
  13398.8   0.01609
  13433.6   0.01592
  13468.5   0.01575
  13503.5   0.01562
  13538.8   0.01538
  13574.2   0.01518
  13609.9   0.01498
  13645.7   0.01495
  13681.7   0.01500
  13717.9   0.01512
  13754.3   0.01524
  13790.8   0.01535
  13827.6   0.01548
  13864.6   0.01564
  13901.8   0.01573
  13939.2   0.01579
  13976.7   0.01569
  14014.5   0.01563
  14052.5   0.01549
  14090.7   0.01533
  14129.0   0.01514
  14167.6   0.01494
  14206.5   0.01467
  14245.5   0.01447
  14284.7   0.01424
  14324.2   0.01410
  14363.9   0.01394
  14403.8   0.01379
  14443.9   0.01357
  14484.3   0.01342
  14524.8   0.01326
  14565.6   0.01319
  14606.7   0.01311
  14647.9   0.01304
  14689.4   0.01299
  14731.2   0.01299
  14773.1   0.01291
  14815.3   0.01294
  14857.8   0.01300
  14900.5   0.01304
  14943.4   0.01306
  14986.6   0.01325
  15030.0   0.01338
  15073.7   0.01355
  15117.7   0.01369
  15161.9   0.01382
  15206.3   0.01391
  15251.1   0.01396
  15296.1   0.01398
  15341.3   0.01409
  15386.8   0.01412
  15432.6   0.01428
  15478.7   0.01444
  15525.0   0.01464
  15571.7   0.01470
  15618.6   0.01476
  15665.8   0.01481
  15713.2   0.01489
  15761.0   0.01495
  15809.0   0.01514
  15857.4   0.01530
  15906.0   0.01544
  15955.0   0.01548
  16004.2   0.01562
  16053.8   0.01571
  16103.6   0.01584
  16153.8   0.01578
  16204.3   0.01572
  16255.1   0.01569
  16306.2   0.01577
  16357.6   0.01580
  16409.4   0.01592
  16461.5   0.01602
  16513.9   0.01627
  16566.7   0.01654
  16619.8   0.01686
  16673.2   0.01708
  16727.0   0.01727
  16781.1   0.01735
  16835.6   0.01763
  16890.5   0.01780
  16945.7   0.01807
  17001.2   0.01838
  17057.2   0.01847
  17113.4   0.01838
  17170.1   0.01832
  17227.2   0.01819
  17284.6   0.01826
  17342.4   0.01822
  17400.6   0.01803
  17459.2   0.01781
  17518.2   0.01793
  17577.5   0.01812
  17637.3   0.01834
  17697.5   0.01850
  17758.1   0.01862
  17819.2   0.01850
  17880.6   0.01856
  17942.5   0.01848
  18004.8   0.01835
  18067.5   0.01837
  18130.7   0.01844
  18194.3   0.01835
  18258.4   0.01853
  18322.9   0.01883
  18387.9   0.01933
  18453.3   0.01962
  18519.2   0.01986
  18585.6   0.02007
  18652.4   0.02020
  18719.8   0.02018
  18787.6   0.02012
  18855.9   0.02007
  18924.7   0.02010
  18994.1   0.02011
  19063.9   0.02004
  19134.2   0.01997
  19205.1   0.02019
  19276.5   0.02019
  19348.4   0.02012
  19420.9   0.02009
  19493.9   0.02026
  19567.5   0.02024
  19641.6   0.02041
  19716.3   0.02035
  19791.5   0.02026
  19867.3   0.01992
  19943.8   0.01972
  20020.8   0.01957
  20098.4   0.01943
  20176.6   0.01930
  20255.4   0.01925
  20334.8   0.01895
  20414.9   0.01874
  20495.6   0.01868
  20576.9   0.01901
  20658.9   0.01910
  20741.5   0.01913
  20824.8   0.01917
  20908.8   0.01900
  20993.4   0.01882
  21078.8   0.01911
  21164.8   0.01921
  21251.6   0.01923
  21339.0   0.01929
  21427.2   0.01950
  21516.1   0.01941
  21605.8   0.01959
  21696.2   0.01979
  21787.3   0.01955
  21879.3   0.01918
  21972.0   0.01888
  22065.5   0.01863
  22159.8   0.01840
  22254.9   0.01846
  22350.8   0.01841
  22447.6   0.01827
  22545.2   0.01823
  22643.6   0.01828
  22742.9   0.01825
  22843.1   0.01837
  22944.2   0.01818
  23046.2   0.01832
  23149.1   0.01865
  23252.9   0.01914
  23357.6   0.01945
  23463.3   0.01972
  23569.9   0.01989
  23677.6   0.02008
  23786.2   0.01999
  23895.8   0.01978
  24006.4   0.01977
  24118.1   0.01990
  24230.8   0.01955
  24344.5   0.01966
  24459.3   0.01984
  24575.3   0.02026
  24692.3   0.02037
  24810.4   0.02023
  24929.7   0.01995
  25050.1   0.02022
  25171.7   0.02062
  25294.5   0.02085
  25418.5   0.02137
  25543.7   0.02181
  25670.2   0.02173
  25797.9   0.02181
  25926.9   0.02209
  26057.2   0.02228
  26188.8   0.02247
  26321.7   0.02280
  26456.0   0.02285
  26591.7   0.02317
  26728.8   0.02351
  26867.2   0.02360
  27007.2   0.02370
  27148.6   0.02380
  27291.5   0.02337
  27435.9   0.02350
  27581.8   0.02359
  27729.3   0.02332
  27878.4   0.02301
  28029.1   0.02292
  28181.4   0.02308
  28335.4   0.02336
  28491.1   0.02319
  28648.5   0.02362
  28807.7   0.02434
  28968.6   0.02465
  29131.3   0.02465
  29295.9   0.02477
  29462.4   0.02500
  29630.7   0.02530
  29801.0   0.02533
  29973.3   0.02539
  30147.5   0.02533
  30323.8   0.02568
  30502.2   0.02544
  30682.7   0.02505
  30865.3   0.02437
  31050.2   0.02399
  31237.2   0.02384
  31426.5   0.02415
  31618.2   0.02450
  31812.1   0.02441
  32008.5   0.02401
  32207.3   0.02429
  32408.6   0.02460
  32612.4   0.02444
  32818.8   0.02440
  33027.9   0.02601
  33239.6   0.02659
  33454.1   0.02642
  33671.3   0.02653
  33891.4   0.02617
  34114.3   0.02580
  34340.3   0.02594
  34569.2   0.02617
  34801.2   0.02568
  35036.3   0.02500
  35274.7   0.02556
  35516.3   0.02546
  35761.2   0.02554
  36009.6   0.02630
  36261.4   0.02578
  36516.7   0.02528
  36775.7   0.02503
  37038.4   0.02505
  37304.9   0.02532
  37575.2   0.02434
  37849.5   0.02411
  38127.8   0.02469
  38410.2   0.02410
  38696.8   0.02253
  38987.8   0.02169
  39283.2   0.02143
  39583.0   0.02160
  39887.5   0.02094
  40196.7   0.02083
  40510.8   0.02288
  40829.7   0.02365
  41153.8   0.02333
  41483.0   0.02329
  41817.6   0.02317
  42157.5   0.02433
  42503.1   0.02485
  42854.4   0.02544
  43211.5   0.02555
  43574.6   0.02593
  43943.9   0.02787
  44319.5   0.02717
  44701.5   0.02573
  45090.2   0.02666
  45485.8   0.02668
  45888.3   0.02741
  46298.0   0.02751
  46715.1   0.02723
  47139.8   0.02658
  47572.3   0.02722
  48012.8   0.02817
  48461.5   0.02912
  48918.6   0.03139
  49384.6   0.03120
  49859.4   0.02882
  50343.5   0.03007
  50837.0   0.03114
  51340.4   0.02978
  51853.8   0.02990
  52377.6   0.02941
  52912.0   0.02855
  53457.5   0.03150
  54014.4   0.02886
  54582.9   0.02659
  55163.6   0.02881
  55756.8   0.03204
  56362.8   0.03297
  56982.2   0.02867
  57615.3   0.02511
  58262.7   0.02673
  58924.7   0.02893
  59602.0   0.02982
  60295.1   0.03229
  61004.4   0.03004
  61730.7   0.02869
  62474.4   0.02874
  63236.3   0.02679
  64017.0   0.02709
  64817.2   0.03254
  65637.7   0.03260
  66479.2   0.02091
  67342.6   0.02396
  68228.6   0.02917
  69138.4   0.03151
  70072.7   0.03127
  71032.6   0.03031
  72019.1   0.03058
  73033.5   0.03339
  74076.8   0.03572
  75150.4   0.04171
  76255.5   0.03284
  77393.7   0.02996
  78566.3   0.03635
  79775.0   0.03824
  81021.5   0.03881
  82307.6   0.07090
  83635.1   0.07162
  85006.2   0.03936
  86423.0   0.03587
  87887.8   0.03553
  89403.0   0.03548
  90971.5   0.04668
  92596.0   0.05131
  94279.6   0.03593
  96025.5   0.02867
  97837.3   0.02999
  99718.8   0.03545



 BIR1LS118           .ASC                        

 LS-GJT-118                                                              
 Lunar soil 69921,14 <150 um                                             
 Connected at 3.2 & 21.5 um                                              

 Source Ang: 30.00   Detect Ang:  0.00  Volt: 1.222
 Date: 24-AUG-12   Time: 15:23:17
