  6119
    833.3   0.38441
    833.5   0.38433
    833.6   0.38488
    833.7   0.38484
    833.9   0.38452
    834.0   0.38430
    834.1   0.38435
    834.3   0.38468
    834.4   0.38463
    834.5   0.38443
    834.7   0.38444
    834.8   0.38458
    835.0   0.38454
    835.1   0.38441
    835.2   0.38442
    835.3   0.38468
    835.5   0.38465
    835.6   0.38429
    835.8   0.38410
    835.9   0.38480
    836.0   0.38528
    836.2   0.38467
    836.3   0.38418
    836.4   0.38439
    836.6   0.38437
    836.7   0.38464
    836.8   0.38493
    837.0   0.38500
    837.1   0.38504
    837.2   0.38484
    837.4   0.38442
    837.5   0.38414
    837.6   0.38430
    837.8   0.38448
    837.9   0.38458
    838.0   0.38472
    838.2   0.38469
    838.3   0.38474
    838.5   0.38451
    838.6   0.38465
    838.7   0.38428
    838.9   0.38373
    839.0   0.38410
    839.1   0.38435
    839.3   0.38428
    839.4   0.38463
    839.5   0.38484
    839.7   0.38479
    839.8   0.38478
    840.0   0.38494
    840.1   0.38463
    840.2   0.38470
    840.4   0.38477
    840.5   0.38442
    840.6   0.38447
    840.8   0.38494
    840.9   0.38479
    841.0   0.38478
    841.2   0.38460
    841.3   0.38425
    841.5   0.38451
    841.6   0.38506
    841.7   0.38489
    841.9   0.38479
    842.0   0.38490
    842.1   0.38492
    842.3   0.38448
    842.4   0.38413
    842.5   0.38428
    842.7   0.38468
    842.8   0.38458
    843.0   0.38429
    843.1   0.38414
    843.2   0.38426
    843.4   0.38463
    843.5   0.38464
    843.6   0.38490
    843.8   0.38513
    843.9   0.38506
    844.0   0.38484
    844.2   0.38484
    844.3   0.38446
    844.5   0.38406
    844.6   0.38422
    844.7   0.38432
    844.9   0.38401
    845.0   0.38390
    845.2   0.38414
    845.3   0.38426
    845.4   0.38398
    845.6   0.38381
    845.7   0.38394
    845.8   0.38408
    846.0   0.38428
    846.1   0.38423
    846.3   0.38423
    846.4   0.38441
    846.5   0.38411
    846.7   0.38402
    846.8   0.38406
    847.0   0.38414
    847.1   0.38429
    847.2   0.38444
    847.4   0.38431
    847.5   0.38444
    847.6   0.38419
    847.8   0.38370
    847.9   0.38357
    848.1   0.38392
    848.2   0.38405
    848.3   0.38421
    848.5   0.38434
    848.6   0.38458
    848.8   0.38451
    848.9   0.38402
    849.0   0.38387
    849.2   0.38418
    849.3   0.38429
    849.5   0.38418
    849.6   0.38410
    849.7   0.38389
    849.9   0.38391
    850.0   0.38432
    850.1   0.38442
    850.3   0.38419
    850.4   0.38394
    850.6   0.38403
    850.7   0.38424
    850.8   0.38402
    851.0   0.38358
    851.1   0.38386
    851.3   0.38426
    851.4   0.38426
    851.5   0.38394
    851.7   0.38405
    851.8   0.38405
    852.0   0.38380
    852.1   0.38399
    852.2   0.38411
    852.4   0.38414
    852.5   0.38410
    852.7   0.38430
    852.8   0.38435
    852.9   0.38451
    853.1   0.38431
    853.2   0.38361
    853.4   0.38358
    853.5   0.38410
    853.6   0.38413
    853.8   0.38369
    853.9   0.38379
    854.1   0.38414
    854.2   0.38385
    854.3   0.38343
    854.5   0.38350
    854.6   0.38366
    854.8   0.38374
    854.9   0.38368
    855.0   0.38364
    855.2   0.38373
    855.3   0.38363
    855.5   0.38356
    855.6   0.38349
    855.8   0.38368
    855.9   0.38375
    856.0   0.38364
    856.2   0.38376
    856.3   0.38395
    856.5   0.38389
    856.6   0.38340
    856.8   0.38322
    856.9   0.38354
    857.0   0.38372
    857.2   0.38341
    857.3   0.38314
    857.5   0.38350
    857.6   0.38381
    857.7   0.38397
    857.9   0.38372
    858.0   0.38320
    858.2   0.38311
    858.3   0.38331
    858.5   0.38357
    858.6   0.38337
    858.7   0.38325
    858.9   0.38355
    859.0   0.38378
    859.2   0.38358
    859.3   0.38359
    859.4   0.38393
    859.6   0.38400
    859.7   0.38400
    859.9   0.38387
    860.0   0.38353
    860.2   0.38315
    860.3   0.38353
    860.4   0.38388
    860.6   0.38374
    860.7   0.38353
    860.9   0.38377
    861.0   0.38390
    861.2   0.38369
    861.3   0.38342
    861.4   0.38317
    861.6   0.38300
    861.7   0.38315
    861.9   0.38315
    862.0   0.38302
    862.2   0.38310
    862.3   0.38316
    862.5   0.38334
    862.6   0.38336
    862.7   0.38327
    862.9   0.38313
    863.0   0.38297
    863.2   0.38288
    863.3   0.38280
    863.5   0.38267
    863.6   0.38298
    863.7   0.38317
    863.9   0.38274
    864.0   0.38270
    864.2   0.38281
    864.3   0.38279
    864.5   0.38320
    864.6   0.38324
    864.8   0.38314
    864.9   0.38327
    865.0   0.38293
    865.2   0.38307
    865.3   0.38307
    865.5   0.38262
    865.6   0.38234
    865.8   0.38286
    865.9   0.38303
    866.0   0.38282
    866.2   0.38275
    866.3   0.38284
    866.5   0.38280
    866.6   0.38264
    866.8   0.38292
    866.9   0.38320
    867.1   0.38305
    867.2   0.38299
    867.3   0.38309
    867.5   0.38312
    867.6   0.38298
    867.8   0.38281
    867.9   0.38274
    868.1   0.38276
    868.2   0.38281
    868.4   0.38281
    868.5   0.38283
    868.7   0.38269
    868.8   0.38261
    869.0   0.38268
    869.1   0.38247
    869.2   0.38224
    869.4   0.38234
    869.5   0.38250
    869.7   0.38263
    869.8   0.38243
    870.0   0.38221
    870.1   0.38260
    870.3   0.38253
    870.4   0.38210
    870.6   0.38209
    870.7   0.38248
    870.8   0.38241
    871.0   0.38219
    871.1   0.38224
    871.3   0.38235
    871.4   0.38243
    871.6   0.38252
    871.7   0.38258
    871.9   0.38246
    872.0   0.38238
    872.2   0.38250
    872.3   0.38239
    872.5   0.38200
    872.6   0.38190
    872.8   0.38232
    872.9   0.38240
    873.0   0.38217
    873.2   0.38207
    873.3   0.38194
    873.5   0.38211
    873.6   0.38235
    873.8   0.38238
    873.9   0.38209
    874.1   0.38210
    874.2   0.38192
    874.4   0.38180
    874.5   0.38212
    874.7   0.38217
    874.8   0.38218
    875.0   0.38208
    875.1   0.38199
    875.3   0.38201
    875.4   0.38183
    875.5   0.38169
    875.7   0.38192
    875.8   0.38196
    876.0   0.38194
    876.2   0.38207
    876.3   0.38213
    876.4   0.38197
    876.6   0.38205
    876.7   0.38194
    876.9   0.38167
    877.0   0.38173
    877.2   0.38194
    877.3   0.38181
    877.5   0.38149
    877.6   0.38147
    877.8   0.38150
    877.9   0.38148
    878.1   0.38132
    878.2   0.38133
    878.4   0.38168
    878.5   0.38162
    878.7   0.38140
    878.8   0.38153
    879.0   0.38129
    879.1   0.38103
    879.3   0.38114
    879.4   0.38127
    879.6   0.38159
    879.7   0.38167
    879.9   0.38135
    880.0   0.38133
    880.2   0.38104
    880.3   0.38092
    880.5   0.38112
    880.6   0.38128
    880.8   0.38125
    880.9   0.38106
    881.1   0.38106
    881.2   0.38131
    881.4   0.38125
    881.5   0.38123
    881.7   0.38123
    881.8   0.38117
    882.0   0.38116
    882.1   0.38094
    882.3   0.38062
    882.4   0.38057
    882.6   0.38090
    882.7   0.38111
    882.9   0.38106
    883.0   0.38089
    883.2   0.38085
    883.3   0.38079
    883.5   0.38061
    883.6   0.38063
    883.8   0.38096
    883.9   0.38104
    884.1   0.38098
    884.2   0.38069
    884.4   0.38066
    884.5   0.38075
    884.7   0.38056
    884.8   0.38070
    885.0   0.38098
    885.1   0.38077
    885.3   0.38086
    885.4   0.38096
    885.6   0.38072
    885.7   0.38054
    885.9   0.38051
    886.0   0.38053
    886.2   0.38053
    886.3   0.38067
    886.5   0.38084
    886.6   0.38086
    886.8   0.38056
    886.9   0.38052
    887.1   0.38087
    887.2   0.38075
    887.4   0.38041
    887.5   0.38049
    887.7   0.38049
    887.8   0.38055
    888.0   0.38066
    888.2   0.38050
    888.3   0.38024
    888.5   0.38033
    888.6   0.38058
    888.8   0.38036
    888.9   0.38022
    889.1   0.38035
    889.2   0.38020
    889.4   0.37996
    889.5   0.38009
    889.7   0.38038
    889.8   0.38038
    890.0   0.37991
    890.1   0.37986
    890.3   0.38017
    890.4   0.38018
    890.6   0.38011
    890.8   0.38005
    890.9   0.37998
    891.0   0.37991
    891.2   0.37972
    891.4   0.37965
    891.5   0.37980
    891.7   0.37996
    891.8   0.37986
    892.0   0.37997
    892.1   0.37980
    892.3   0.37940
    892.4   0.37944
    892.6   0.37998
    892.7   0.38024
    892.9   0.37976
    893.0   0.37955
    893.2   0.37972
    893.4   0.37984
    893.5   0.37962
    893.7   0.37946
    893.8   0.37944
    894.0   0.37956
    894.1   0.37961
    894.3   0.37955
    894.4   0.37945
    894.6   0.37960
    894.7   0.37950
    894.9   0.37934
    895.0   0.37941
    895.2   0.37951
    895.4   0.37948
    895.5   0.37937
    895.7   0.37935
    895.8   0.37939
    896.0   0.37958
    896.1   0.37953
    896.3   0.37949
    896.4   0.37943
    896.6   0.37932
    896.8   0.37928
    896.9   0.37932
    897.1   0.37925
    897.2   0.37905
    897.4   0.37907
    897.5   0.37910
    897.7   0.37903
    897.8   0.37913
    898.0   0.37907
    898.2   0.37901
    898.3   0.37904
    898.5   0.37908
    898.6   0.37900
    898.8   0.37896
    898.9   0.37908
    899.1   0.37933
    899.2   0.37935
    899.4   0.37910
    899.6   0.37892
    899.7   0.37896
    899.9   0.37892
    900.0   0.37897
    900.2   0.37889
    900.3   0.37864
    900.5   0.37861
    900.7   0.37857
    900.8   0.37850
    901.0   0.37853
    901.1   0.37870
    901.3   0.37868
    901.4   0.37865
    901.6   0.37883
    901.8   0.37886
    901.9   0.37858
    902.1   0.37845
    902.2   0.37844
    902.4   0.37840
    902.5   0.37845
    902.7   0.37869
    902.8   0.37874
    903.0   0.37878
    903.2   0.37872
    903.3   0.37845
    903.5   0.37833
    903.6   0.37835
    903.8   0.37843
    904.0   0.37843
    904.1   0.37822
    904.3   0.37820
    904.4   0.37818
    904.6   0.37824
    904.7   0.37843
    904.9   0.37835
    905.0   0.37823
    905.2   0.37827
    905.4   0.37817
    905.5   0.37803
    905.7   0.37799
    905.8   0.37809
    906.0   0.37805
    906.2   0.37800
    906.3   0.37805
    906.5   0.37814
    906.6   0.37814
    906.8   0.37829
    907.0   0.37812
    907.1   0.37776
    907.3   0.37766
    907.4   0.37773
    907.6   0.37776
    907.7   0.37781
    907.9   0.37781
    908.1   0.37775
    908.2   0.37772
    908.4   0.37771
    908.5   0.37784
    908.7   0.37776
    908.9   0.37763
    909.0   0.37770
    909.2   0.37773
    909.3   0.37775
    909.5   0.37780
    909.7   0.37769
    909.8   0.37755
    910.0   0.37747
    910.1   0.37735
    910.3   0.37716
    910.5   0.37718
    910.6   0.37734
    910.8   0.37745
    910.9   0.37736
    911.1   0.37717
    911.3   0.37715
    911.4   0.37731
    911.6   0.37738
    911.7   0.37727
    911.9   0.37723
    912.1   0.37737
    912.2   0.37737
    912.4   0.37723
    912.5   0.37698
    912.7   0.37688
    912.9   0.37700
    913.0   0.37727
    913.2   0.37733
    913.3   0.37721
    913.5   0.37695
    913.7   0.37690
    913.8   0.37700
    914.0   0.37700
    914.2   0.37683
    914.3   0.37678
    914.5   0.37680
    914.6   0.37675
    914.8   0.37677
    915.0   0.37699
    915.1   0.37686
    915.3   0.37667
    915.4   0.37661
    915.6   0.37664
    915.8   0.37677
    915.9   0.37682
    916.1   0.37686
    916.3   0.37683
    916.4   0.37654
    916.6   0.37641
    916.7   0.37644
    916.9   0.37652
    917.1   0.37648
    917.2   0.37658
    917.4   0.37661
    917.5   0.37661
    917.7   0.37648
    917.9   0.37645
    918.0   0.37655
    918.2   0.37641
    918.4   0.37632
    918.5   0.37621
    918.7   0.37616
    918.8   0.37610
    919.0   0.37624
    919.2   0.37634
    919.3   0.37626
    919.5   0.37618
    919.7   0.37614
    919.8   0.37610
    920.0   0.37602
    920.2   0.37595
    920.3   0.37585
    920.5   0.37593
    920.6   0.37602
    920.8   0.37597
    921.0   0.37580
    921.1   0.37586
    921.3   0.37597
    921.5   0.37594
    921.6   0.37582
    921.8   0.37566
    922.0   0.37588
    922.1   0.37596
    922.3   0.37594
    922.4   0.37592
    922.6   0.37564
    922.8   0.37556
    922.9   0.37565
    923.1   0.37560
    923.3   0.37577
    923.4   0.37590
    923.6   0.37571
    923.8   0.37559
    923.9   0.37571
    924.1   0.37583
    924.3   0.37587
    924.4   0.37572
    924.6   0.37558
    924.7   0.37551
    924.9   0.37547
    925.1   0.37544
    925.2   0.37540
    925.4   0.37549
    925.6   0.37550
    925.7   0.37529
    925.9   0.37525
    926.1   0.37529
    926.2   0.37525
    926.4   0.37521
    926.6   0.37506
    926.7   0.37498
    926.9   0.37511
    927.1   0.37515
    927.2   0.37500
    927.4   0.37488
    927.6   0.37494
    927.7   0.37484
    927.9   0.37479
    928.1   0.37483
    928.2   0.37490
    928.4   0.37499
    928.5   0.37494
    928.7   0.37475
    928.9   0.37467
    929.0   0.37472
    929.2   0.37476
    929.4   0.37461
    929.5   0.37458
    929.7   0.37475
    929.9   0.37476
    930.0   0.37467
    930.2   0.37469
    930.4   0.37461
    930.5   0.37457
    930.7   0.37468
    930.9   0.37468
    931.0   0.37445
    931.2   0.37438
    931.4   0.37440
    931.6   0.37424
    931.7   0.37406
    931.9   0.37416
    932.1   0.37430
    932.2   0.37442
    932.4   0.37431
    932.6   0.37420
    932.7   0.37420
    932.9   0.37411
    933.1   0.37402
    933.2   0.37410
    933.4   0.37416
    933.6   0.37414
    933.7   0.37407
    933.9   0.37389
    934.1   0.37385
    934.2   0.37406
    934.4   0.37408
    934.6   0.37394
    934.8   0.37389
    934.9   0.37389
    935.1   0.37387
    935.3   0.37387
    935.4   0.37387
    935.6   0.37396
    935.8   0.37395
    935.9   0.37380
    936.1   0.37377
    936.3   0.37368
    936.4   0.37362
    936.6   0.37376
    936.8   0.37364
    936.9   0.37352
    937.1   0.37362
    937.3   0.37344
    937.5   0.37335
    937.6   0.37347
    937.8   0.37352
    938.0   0.37353
    938.1   0.37354
    938.3   0.37355
    938.5   0.37356
    938.6   0.37350
    938.8   0.37339
    939.0   0.37330
    939.2   0.37319
    939.3   0.37325
    939.5   0.37331
    939.7   0.37330
    939.8   0.37318
    940.0   0.37304
    940.2   0.37293
    940.3   0.37295
    940.5   0.37297
    940.7   0.37292
    940.8   0.37295
    941.0   0.37297
    941.2   0.37296
    941.4   0.37286
    941.5   0.37286
    941.7   0.37279
    941.9   0.37281
    942.0   0.37277
    942.2   0.37271
    942.4   0.37272
    942.6   0.37276
    942.7   0.37265
    942.9   0.37249
    943.1   0.37249
    943.3   0.37255
    943.4   0.37259
    943.6   0.37256
    943.8   0.37249
    943.9   0.37242
    944.1   0.37242
    944.3   0.37241
    944.5   0.37244
    944.6   0.37253
    944.8   0.37249
    945.0   0.37232
    945.1   0.37224
    945.3   0.37223
    945.5   0.37231
    945.7   0.37221
    945.8   0.37214
    946.0   0.37222
    946.2   0.37220
    946.3   0.37214
    946.5   0.37218
    946.7   0.37220
    946.9   0.37200
    947.0   0.37189
    947.2   0.37193
    947.4   0.37195
    947.6   0.37192
    947.7   0.37191
    947.9   0.37190
    948.1   0.37183
    948.3   0.37178
    948.4   0.37172
    948.6   0.37174
    948.8   0.37175
    949.0   0.37168
    949.1   0.37160
    949.3   0.37161
    949.5   0.37153
    949.6   0.37143
    949.8   0.37149
    950.0   0.37160
    950.2   0.37162
    950.3   0.37156
    950.5   0.37150
    950.7   0.37147
    950.9   0.37138
    951.0   0.37116
    951.2   0.37121
    951.4   0.37126
    951.6   0.37117
    951.7   0.37116
    951.9   0.37126
    952.1   0.37132
    952.3   0.37119
    952.4   0.37112
    952.6   0.37104
    952.8   0.37103
    953.0   0.37110
    953.1   0.37100
    953.3   0.37096
    953.5   0.37096
    953.7   0.37092
    953.8   0.37093
    954.0   0.37087
    954.2   0.37076
    954.4   0.37069
    954.5   0.37067
    954.7   0.37074
    954.9   0.37075
    955.1   0.37075
    955.2   0.37069
    955.4   0.37066
    955.6   0.37070
    955.8   0.37064
    956.0   0.37054
    956.1   0.37045
    956.3   0.37043
    956.5   0.37044
    956.7   0.37034
    956.8   0.37038
    957.0   0.37040
    957.2   0.37033
    957.4   0.37034
    957.5   0.37037
    957.7   0.37037
    957.9   0.37026
    958.1   0.37021
    958.2   0.37020
    958.4   0.37008
    958.6   0.37013
    958.8   0.37014
    959.0   0.37005
    959.1   0.37001
    959.3   0.36996
    959.5   0.36989
    959.7   0.36986
    959.8   0.36985
    960.0   0.36985
    960.2   0.36982
    960.4   0.36978
    960.5   0.36974
    960.7   0.36969
    960.9   0.36971
    961.1   0.36971
    961.3   0.36963
    961.4   0.36961
    961.6   0.36970
    961.8   0.36962
    962.0   0.36950
    962.2   0.36952
    962.3   0.36953
    962.5   0.36946
    962.7   0.36942
    962.9   0.36948
    963.0   0.36955
    963.2   0.36950
    963.4   0.36937
    963.6   0.36932
    963.8   0.36924
    963.9   0.36915
    964.1   0.36918
    964.3   0.36918
    964.5   0.36921
    964.7   0.36919
    964.8   0.36914
    965.0   0.36918
    965.2   0.36915
    965.4   0.36908
    965.6   0.36904
    965.7   0.36900
    965.9   0.36890
    966.1   0.36876
    966.3   0.36876
    966.5   0.36878
    966.6   0.36879
    966.8   0.36871
    967.0   0.36868
    967.2   0.36863
    967.4   0.36855
    967.5   0.36850
    967.7   0.36844
    967.9   0.36843
    968.1   0.36851
    968.3   0.36848
    968.5   0.36842
    968.6   0.36842
    968.8   0.36845
    969.0   0.36837
    969.2   0.36835
    969.3   0.36835
    969.5   0.36828
    969.7   0.36821
    969.9   0.36816
    970.1   0.36814
    970.3   0.36814
    970.4   0.36818
    970.6   0.36812
    970.8   0.36802
    971.0   0.36799
    971.2   0.36798
    971.3   0.36798
    971.5   0.36803
    971.7   0.36800
    971.9   0.36797
    972.1   0.36793
    972.3   0.36789
    972.4   0.36789
    972.6   0.36786
    972.8   0.36776
    973.0   0.36765
    973.2   0.36758
    973.3   0.36758
    973.5   0.36753
    973.7   0.36742
    973.9   0.36741
    974.1   0.36742
    974.3   0.36743
    974.5   0.36739
    974.6   0.36738
    974.8   0.36729
    975.0   0.36722
    975.2   0.36722
    975.4   0.36724
    975.5   0.36726
    975.7   0.36716
    975.9   0.36711
    976.1   0.36703
    976.3   0.36694
    976.5   0.36698
    976.7   0.36702
    976.8   0.36700
    977.0   0.36696
    977.2   0.36683
    977.4   0.36687
    977.6   0.36695
    977.8   0.36691
    977.9   0.36674
    978.1   0.36671
    978.3   0.36672
    978.5   0.36667
    978.7   0.36667
    978.9   0.36665
    979.0   0.36654
    979.2   0.36646
    979.4   0.36645
    979.6   0.36648
    979.8   0.36642
    980.0   0.36627
    980.2   0.36613
    980.3   0.36618
    980.5   0.36633
    980.7   0.36632
    980.9   0.36617
    981.1   0.36611
    981.3   0.36606
    981.5   0.36609
    981.7   0.36609
    981.8   0.36602
    982.0   0.36597
    982.2   0.36589
    982.4   0.36584
    982.6   0.36582
    982.8   0.36584
    983.0   0.36585
    983.1   0.36585
    983.3   0.36589
    983.5   0.36584
    983.7   0.36574
    983.9   0.36566
    984.1   0.36562
    984.3   0.36559
    984.4   0.36560
    984.6   0.36560
    984.8   0.36553
    985.0   0.36549
    985.2   0.36547
    985.4   0.36540
    985.6   0.36538
    985.8   0.36538
    985.9   0.36532
    986.1   0.36526
    986.3   0.36530
    986.5   0.36533
    986.7   0.36522
    986.9   0.36512
    987.1   0.36513
    987.3   0.36511
    987.4   0.36506
    987.6   0.36504
    987.8   0.36497
    988.0   0.36491
    988.2   0.36493
    988.4   0.36487
    988.6   0.36479
    988.8   0.36482
    989.0   0.36485
    989.1   0.36479
    989.3   0.36473
    989.5   0.36468
    989.7   0.36464
    989.9   0.36458
    990.1   0.36449
    990.3   0.36444
    990.5   0.36437
    990.7   0.36439
    990.8   0.36439
    991.0   0.36433
    991.2   0.36427
    991.4   0.36427
    991.6   0.36419
    991.8   0.36407
    992.0   0.36400
    992.2   0.36402
    992.4   0.36403
    992.5   0.36401
    992.7   0.36394
    992.9   0.36388
    993.1   0.36389
    993.3   0.36385
    993.5   0.36388
    993.7   0.36390
    993.9   0.36383
    994.1   0.36377
    994.3   0.36372
    994.5   0.36368
    994.6   0.36365
    994.8   0.36361
    995.0   0.36357
    995.2   0.36354
    995.4   0.36351
    995.6   0.36343
    995.8   0.36337
    996.0   0.36337
    996.2   0.36334
    996.4   0.36331
    996.5   0.36328
    996.7   0.36324
    996.9   0.36317
    997.1   0.36312
    997.3   0.36305
    997.5   0.36298
    997.7   0.36295
    997.9   0.36295
    998.1   0.36294
    998.3   0.36294
    998.5   0.36292
    998.7   0.36293
    998.9   0.36285
    999.0   0.36281
    999.2   0.36281
    999.4   0.36274
    999.6   0.36274
    999.8   0.36280
   1000.0   0.36275
   1000.2   0.36266
   1000.4   0.36257
   1000.6   0.36251
   1000.8   0.36244
   1001.0   0.36237
   1001.2   0.36233
   1001.4   0.36229
   1001.6   0.36229
   1001.8   0.36220
   1001.9   0.36213
   1002.1   0.36215
   1002.3   0.36209
   1002.5   0.36198
   1002.7   0.36195
   1002.9   0.36196
   1003.1   0.36193
   1003.3   0.36193
   1003.5   0.36190
   1003.7   0.36184
   1003.9   0.36171
   1004.1   0.36167
   1004.3   0.36173
   1004.5   0.36172
   1004.7   0.36162
   1004.9   0.36156
   1005.0   0.36159
   1005.3   0.36156
   1005.4   0.36151
   1005.6   0.36150
   1005.8   0.36139
   1006.0   0.36131
   1006.2   0.36135
   1006.4   0.36133
   1006.6   0.36129
   1006.8   0.36131
   1007.0   0.36129
   1007.2   0.36125
   1007.4   0.36120
   1007.6   0.36111
   1007.8   0.36102
   1008.0   0.36093
   1008.2   0.36093
   1008.4   0.36094
   1008.6   0.36093
   1008.8   0.36089
   1009.0   0.36081
   1009.2   0.36080
   1009.4   0.36079
   1009.5   0.36074
   1009.8   0.36071
   1010.0   0.36064
   1010.1   0.36055
   1010.3   0.36053
   1010.5   0.36046
   1010.7   0.36038
   1010.9   0.36031
   1011.1   0.36030
   1011.3   0.36028
   1011.5   0.36024
   1011.7   0.36014
   1011.9   0.36007
   1012.1   0.36004
   1012.3   0.36002
   1012.5   0.36007
   1012.7   0.36010
   1012.9   0.35999
   1013.1   0.35993
   1013.3   0.35988
   1013.5   0.35989
   1013.7   0.35984
   1013.9   0.35975
   1014.1   0.35970
   1014.3   0.35963
   1014.5   0.35959
   1014.7   0.35961
   1014.9   0.35961
   1015.1   0.35958
   1015.3   0.35954
   1015.5   0.35945
   1015.7   0.35939
   1015.9   0.35933
   1016.1   0.35923
   1016.3   0.35919
   1016.5   0.35916
   1016.7   0.35912
   1016.9   0.35909
   1017.1   0.35910
   1017.3   0.35904
   1017.5   0.35899
   1017.7   0.35889
   1017.9   0.35885
   1018.1   0.35886
   1018.3   0.35881
   1018.5   0.35876
   1018.7   0.35874
   1018.9   0.35873
   1019.1   0.35866
   1019.3   0.35860
   1019.5   0.35859
   1019.7   0.35853
   1019.9   0.35845
   1020.1   0.35841
   1020.3   0.35840
   1020.5   0.35837
   1020.7   0.35832
   1020.9   0.35824
   1021.1   0.35816
   1021.3   0.35816
   1021.5   0.35813
   1021.7   0.35808
   1021.9   0.35805
   1022.1   0.35799
   1022.3   0.35795
   1022.5   0.35787
   1022.7   0.35781
   1022.9   0.35781
   1023.1   0.35777
   1023.3   0.35763
   1023.5   0.35759
   1023.7   0.35757
   1023.9   0.35756
   1024.1   0.35749
   1024.3   0.35746
   1024.5   0.35753
   1024.7   0.35749
   1024.9   0.35741
   1025.1   0.35735
   1025.3   0.35727
   1025.5   0.35725
   1025.7   0.35721
   1025.9   0.35718
   1026.1   0.35718
   1026.3   0.35716
   1026.5   0.35711
   1026.8   0.35707
   1026.9   0.35700
   1027.2   0.35696
   1027.4   0.35691
   1027.6   0.35684
   1027.8   0.35676
   1028.0   0.35670
   1028.2   0.35668
   1028.4   0.35663
   1028.6   0.35656
   1028.8   0.35645
   1029.0   0.35640
   1029.2   0.35640
   1029.4   0.35637
   1029.6   0.35633
   1029.8   0.35631
   1030.0   0.35630
   1030.2   0.35625
   1030.4   0.35616
   1030.6   0.35610
   1030.8   0.35609
   1031.0   0.35605
   1031.2   0.35596
   1031.4   0.35587
   1031.7   0.35584
   1031.8   0.35580
   1032.1   0.35577
   1032.3   0.35575
   1032.5   0.35571
   1032.7   0.35568
   1032.9   0.35562
   1033.1   0.35554
   1033.3   0.35551
   1033.5   0.35551
   1033.7   0.35544
   1033.9   0.35537
   1034.1   0.35532
   1034.3   0.35527
   1034.5   0.35525
   1034.7   0.35525
   1034.9   0.35522
   1035.2   0.35517
   1035.4   0.35510
   1035.6   0.35502
   1035.8   0.35498
   1036.0   0.35498
   1036.2   0.35495
   1036.4   0.35489
   1036.6   0.35483
   1036.8   0.35473
   1037.0   0.35468
   1037.2   0.35465
   1037.4   0.35460
   1037.6   0.35453
   1037.8   0.35448
   1038.1   0.35442
   1038.3   0.35436
   1038.5   0.35436
   1038.7   0.35429
   1038.9   0.35420
   1039.1   0.35416
   1039.3   0.35414
   1039.5   0.35405
   1039.7   0.35397
   1039.9   0.35396
   1040.1   0.35397
   1040.3   0.35397
   1040.6   0.35392
   1040.8   0.35389
   1041.0   0.35384
   1041.2   0.35374
   1041.4   0.35366
   1041.6   0.35357
   1041.8   0.35356
   1042.0   0.35356
   1042.2   0.35349
   1042.4   0.35345
   1042.7   0.35337
   1042.8   0.35332
   1043.1   0.35332
   1043.3   0.35328
   1043.5   0.35319
   1043.7   0.35310
   1043.9   0.35309
   1044.1   0.35306
   1044.3   0.35295
   1044.5   0.35290
   1044.8   0.35289
   1045.0   0.35285
   1045.2   0.35278
   1045.4   0.35274
   1045.6   0.35271
   1045.8   0.35264
   1046.0   0.35256
   1046.2   0.35252
   1046.4   0.35249
   1046.6   0.35248
   1046.9   0.35238
   1047.1   0.35229
   1047.3   0.35224
   1047.5   0.35221
   1047.7   0.35216
   1047.9   0.35211
   1048.1   0.35206
   1048.3   0.35205
   1048.6   0.35204
   1048.8   0.35199
   1049.0   0.35187
   1049.2   0.35179
   1049.4   0.35177
   1049.6   0.35171
   1049.8   0.35161
   1050.0   0.35155
   1050.3   0.35149
   1050.5   0.35147
   1050.7   0.35146
   1050.9   0.35140
   1051.1   0.35135
   1051.3   0.35130
   1051.5   0.35126
   1051.7   0.35121
   1051.9   0.35113
   1052.2   0.35102
   1052.4   0.35096
   1052.6   0.35098
   1052.8   0.35095
   1053.0   0.35087
   1053.2   0.35086
   1053.4   0.35083
   1053.7   0.35074
   1053.9   0.35067
   1054.1   0.35068
   1054.3   0.35062
   1054.5   0.35055
   1054.7   0.35046
   1054.9   0.35037
   1055.2   0.35032
   1055.4   0.35030
   1055.6   0.35023
   1055.8   0.35019
   1056.0   0.35017
   1056.2   0.35013
   1056.4   0.35005
   1056.7   0.35002
   1056.9   0.35000
   1057.1   0.34992
   1057.3   0.34982
   1057.5   0.34978
   1057.8   0.34974
   1058.0   0.34967
   1058.2   0.34961
   1058.4   0.34957
   1058.6   0.34952
   1058.8   0.34947
   1059.0   0.34943
   1059.3   0.34935
   1059.5   0.34930
   1059.7   0.34926
   1059.9   0.34918
   1060.1   0.34913
   1060.3   0.34912
   1060.6   0.34909
   1060.8   0.34900
   1061.0   0.34895
   1061.2   0.34891
   1061.4   0.34885
   1061.7   0.34877
   1061.9   0.34871
   1062.1   0.34867
   1062.3   0.34861
   1062.5   0.34857
   1062.7   0.34857
   1062.9   0.34851
   1063.2   0.34840
   1063.4   0.34837
   1063.6   0.34833
   1063.8   0.34824
   1064.0   0.34819
   1064.3   0.34813
   1064.5   0.34809
   1064.7   0.34804
   1064.9   0.34799
   1065.1   0.34794
   1065.3   0.34789
   1065.6   0.34787
   1065.8   0.34781
   1066.0   0.34773
   1066.2   0.34768
   1066.4   0.34763
   1066.7   0.34756
   1066.9   0.34750
   1067.1   0.34744
   1067.3   0.34736
   1067.6   0.34730
   1067.8   0.34724
   1068.0   0.34721
   1068.2   0.34718
   1068.4   0.34715
   1068.7   0.34712
   1068.9   0.34705
   1069.1   0.34698
   1069.3   0.34696
   1069.5   0.34689
   1069.8   0.34679
   1070.0   0.34672
   1070.2   0.34669
   1070.4   0.34666
   1070.6   0.34659
   1070.9   0.34653
   1071.1   0.34647
   1071.3   0.34646
   1071.5   0.34640
   1071.7   0.34627
   1072.0   0.34622
   1072.2   0.34624
   1072.4   0.34620
   1072.6   0.34612
   1072.8   0.34607
   1073.1   0.34603
   1073.3   0.34596
   1073.5   0.34588
   1073.7   0.34582
   1074.0   0.34575
   1074.2   0.34568
   1074.4   0.34562
   1074.6   0.34558
   1074.8   0.34551
   1075.1   0.34545
   1075.3   0.34543
   1075.5   0.34538
   1075.7   0.34532
   1076.0   0.34526
   1076.2   0.34521
   1076.4   0.34517
   1076.6   0.34511
   1076.9   0.34504
   1077.1   0.34498
   1077.3   0.34494
   1077.5   0.34491
   1077.8   0.34484
   1078.0   0.34480
   1078.2   0.34476
   1078.4   0.34469
   1078.7   0.34462
   1078.9   0.34457
   1079.1   0.34455
   1079.3   0.34449
   1079.6   0.34443
   1079.8   0.34435
   1080.0   0.34426
   1080.2   0.34422
   1080.4   0.34416
   1080.7   0.34408
   1080.9   0.34402
   1081.1   0.34396
   1081.3   0.34391
   1081.6   0.34385
   1081.8   0.34378
   1082.0   0.34370
   1082.3   0.34364
   1082.5   0.34362
   1082.7   0.34360
   1082.9   0.34356
   1083.2   0.34349
   1083.4   0.34341
   1083.6   0.34336
   1083.8   0.34333
   1084.1   0.34330
   1084.3   0.34325
   1084.5   0.34319
   1084.8   0.34312
   1085.0   0.34304
   1085.2   0.34300
   1085.4   0.34297
   1085.7   0.34289
   1085.9   0.34280
   1086.1   0.34275
   1086.3   0.34267
   1086.6   0.34264
   1086.8   0.34261
   1087.0   0.34253
   1087.3   0.34247
   1087.5   0.34243
   1087.7   0.34239
   1087.9   0.34231
   1088.2   0.34225
   1088.4   0.34219
   1088.6   0.34213
   1088.8   0.34208
   1089.1   0.34204
   1089.3   0.34197
   1089.5   0.34189
   1089.8   0.34182
   1090.0   0.34181
   1090.2   0.34176
   1090.4   0.34167
   1090.7   0.34159
   1090.9   0.34157
   1091.1   0.34153
   1091.4   0.34146
   1091.6   0.34138
   1091.8   0.34130
   1092.1   0.34124
   1092.3   0.34120
   1092.5   0.34113
   1092.8   0.34108
   1093.0   0.34103
   1093.2   0.34100
   1093.4   0.34095
   1093.7   0.34087
   1093.9   0.34077
   1094.1   0.34068
   1094.4   0.34063
   1094.6   0.34059
   1094.8   0.34057
   1095.1   0.34056
   1095.3   0.34051
   1095.5   0.34047
   1095.8   0.34043
   1096.0   0.34036
   1096.2   0.34025
   1096.4   0.34020
   1096.7   0.34017
   1096.9   0.34008
   1097.1   0.34001
   1097.4   0.33993
   1097.6   0.33988
   1097.8   0.33986
   1098.1   0.33982
   1098.3   0.33975
   1098.5   0.33967
   1098.8   0.33965
   1099.0   0.33961
   1099.2   0.33954
   1099.5   0.33949
   1099.7   0.33944
   1099.9   0.33937
   1100.2   0.33931
   1100.4   0.33925
   1100.6   0.33920
   1100.9   0.33915
   1101.1   0.33907
   1101.3   0.33898
   1101.6   0.33893
   1101.8   0.33891
   1102.0   0.33884
   1102.3   0.33875
   1102.5   0.33868
   1102.7   0.33861
   1103.0   0.33856
   1103.2   0.33851
   1103.4   0.33845
   1103.7   0.33837
   1103.9   0.33832
   1104.2   0.33829
   1104.4   0.33823
   1104.6   0.33817
   1104.9   0.33812
   1105.1   0.33806
   1105.3   0.33805
   1105.6   0.33800
   1105.8   0.33791
   1106.0   0.33784
   1106.3   0.33779
   1106.5   0.33769
   1106.7   0.33763
   1107.0   0.33762
   1107.2   0.33757
   1107.4   0.33749
   1107.7   0.33740
   1107.9   0.33730
   1108.2   0.33726
   1108.4   0.33725
   1108.6   0.33722
   1108.9   0.33718
   1109.1   0.33708
   1109.3   0.33699
   1109.6   0.33694
   1109.8   0.33689
   1110.1   0.33686
   1110.3   0.33682
   1110.5   0.33673
   1110.8   0.33666
   1111.0   0.33661
   1111.3   0.33656
   1111.5   0.33647
   1111.7   0.33638
   1112.0   0.33635
   1112.2   0.33633
   1112.4   0.33630
   1112.7   0.33621
   1112.9   0.33616
   1113.2   0.33609
   1113.4   0.33605
   1113.6   0.33601
   1113.9   0.33595
   1114.1   0.33586
   1114.3   0.33578
   1114.6   0.33573
   1114.8   0.33569
   1115.1   0.33565
   1115.3   0.33558
   1115.6   0.33553
   1115.8   0.33547
   1116.0   0.33541
   1116.3   0.33535
   1116.5   0.33528
   1116.8   0.33523
   1117.0   0.33518
   1117.2   0.33511
   1117.5   0.33505
   1117.7   0.33500
   1118.0   0.33496
   1118.2   0.33492
   1118.4   0.33486
   1118.7   0.33481
   1118.9   0.33474
   1119.2   0.33468
   1119.4   0.33462
   1119.7   0.33456
   1119.9   0.33454
   1120.1   0.33450
   1120.4   0.33439
   1120.6   0.33429
   1120.9   0.33425
   1121.1   0.33422
   1121.3   0.33418
   1121.6   0.33413
   1121.8   0.33404
   1122.1   0.33396
   1122.3   0.33391
   1122.6   0.33387
   1122.8   0.33380
   1123.0   0.33372
   1123.3   0.33369
   1123.5   0.33365
   1123.8   0.33361
   1124.0   0.33355
   1124.3   0.33349
   1124.5   0.33342
   1124.8   0.33336
   1125.0   0.33330
   1125.2   0.33323
   1125.5   0.33323
   1125.7   0.33319
   1126.0   0.33312
   1126.2   0.33305
   1126.5   0.33298
   1126.7   0.33294
   1126.9   0.33288
   1127.2   0.33281
   1127.4   0.33275
   1127.7   0.33269
   1127.9   0.33263
   1128.2   0.33255
   1128.4   0.33244
   1128.7   0.33239
   1128.9   0.33237
   1129.2   0.33234
   1129.4   0.33227
   1129.7   0.33220
   1129.9   0.33214
   1130.1   0.33208
   1130.4   0.33202
   1130.6   0.33196
   1130.9   0.33191
   1131.1   0.33188
   1131.4   0.33183
   1131.6   0.33179
   1131.9   0.33173
   1132.1   0.33166
   1132.4   0.33163
   1132.6   0.33157
   1132.9   0.33147
   1133.1   0.33141
   1133.3   0.33138
   1133.6   0.33134
   1133.8   0.33126
   1134.1   0.33119
   1134.3   0.33115
   1134.6   0.33110
   1134.8   0.33103
   1135.1   0.33098
   1135.3   0.33093
   1135.6   0.33088
   1135.8   0.33083
   1136.1   0.33077
   1136.3   0.33071
   1136.6   0.33066
   1136.8   0.33058
   1137.1   0.33052
   1137.3   0.33047
   1137.6   0.33042
   1137.8   0.33038
   1138.1   0.33032
   1138.3   0.33023
   1138.6   0.33018
   1138.8   0.33012
   1139.1   0.33006
   1139.3   0.33003
   1139.6   0.33001
   1139.8   0.32995
   1140.1   0.32988
   1140.3   0.32982
   1140.6   0.32975
   1140.8   0.32969
   1141.1   0.32961
   1141.3   0.32954
   1141.6   0.32950
   1141.8   0.32945
   1142.1   0.32939
   1142.3   0.32935
   1142.6   0.32929
   1142.8   0.32920
   1143.1   0.32913
   1143.3   0.32908
   1143.6   0.32905
   1143.9   0.32900
   1144.1   0.32893
   1144.4   0.32888
   1144.6   0.32883
   1144.9   0.32878
   1145.1   0.32872
   1145.4   0.32868
   1145.6   0.32866
   1145.9   0.32861
   1146.1   0.32857
   1146.4   0.32852
   1146.6   0.32846
   1146.9   0.32840
   1147.2   0.32834
   1147.4   0.32829
   1147.7   0.32823
   1147.9   0.32817
   1148.2   0.32809
   1148.4   0.32801
   1148.7   0.32794
   1148.9   0.32792
   1149.2   0.32790
   1149.4   0.32783
   1149.7   0.32777
   1149.9   0.32773
   1150.2   0.32768
   1150.5   0.32762
   1150.7   0.32758
   1151.0   0.32753
   1151.2   0.32748
   1151.5   0.32743
   1151.7   0.32737
   1152.0   0.32731
   1152.2   0.32723
   1152.5   0.32716
   1152.8   0.32710
   1153.0   0.32702
   1153.3   0.32699
   1153.5   0.32695
   1153.8   0.32690
   1154.0   0.32686
   1154.3   0.32682
   1154.6   0.32678
   1154.8   0.32672
   1155.1   0.32666
   1155.3   0.32660
   1155.6   0.32654
   1155.8   0.32646
   1156.1   0.32641
   1156.4   0.32638
   1156.6   0.32634
   1156.9   0.32628
   1157.1   0.32623
   1157.4   0.32619
   1157.7   0.32615
   1157.9   0.32609
   1158.2   0.32603
   1158.4   0.32600
   1158.7   0.32596
   1158.9   0.32592
   1159.2   0.32587
   1159.5   0.32581
   1159.7   0.32577
   1160.0   0.32574
   1160.2   0.32568
   1160.5   0.32560
   1160.8   0.32553
   1161.0   0.32550
   1161.3   0.32545
   1161.5   0.32537
   1161.8   0.32529
   1162.1   0.32525
   1162.3   0.32520
   1162.6   0.32515
   1162.8   0.32512
   1163.1   0.32508
   1163.4   0.32503
   1163.6   0.32498
   1163.9   0.32491
   1164.2   0.32485
   1164.4   0.32479
   1164.7   0.32475
   1164.9   0.32471
   1165.2   0.32467
   1165.4   0.32462
   1165.7   0.32457
   1166.0   0.32452
   1166.2   0.32448
   1166.5   0.32446
   1166.8   0.32441
   1167.0   0.32434
   1167.3   0.32429
   1167.6   0.32423
   1167.8   0.32419
   1168.1   0.32413
   1168.3   0.32406
   1168.6   0.32402
   1168.9   0.32398
   1169.1   0.32394
   1169.4   0.32390
   1169.7   0.32384
   1169.9   0.32379
   1170.2   0.32374
   1170.4   0.32369
   1170.7   0.32365
   1171.0   0.32360
   1171.3   0.32356
   1171.5   0.32351
   1171.8   0.32346
   1172.0   0.32341
   1172.3   0.32338
   1172.6   0.32333
   1172.8   0.32325
   1173.1   0.32320
   1173.4   0.32315
   1173.6   0.32312
   1173.9   0.32307
   1174.2   0.32302
   1174.4   0.32298
   1174.7   0.32293
   1175.0   0.32288
   1175.2   0.32283
   1175.5   0.32277
   1175.8   0.32273
   1176.0   0.32270
   1176.3   0.32268
   1176.6   0.32263
   1176.8   0.32257
   1177.1   0.32252
   1177.4   0.32248
   1177.6   0.32243
   1177.9   0.32238
   1178.2   0.32236
   1178.4   0.32231
   1178.7   0.32225
   1179.0   0.32221
   1179.2   0.32216
   1179.5   0.32210
   1179.8   0.32207
   1180.0   0.32203
   1180.3   0.32197
   1180.6   0.32192
   1180.8   0.32190
   1181.1   0.32186
   1181.4   0.32180
   1181.7   0.32173
   1181.9   0.32169
   1182.2   0.32164
   1182.5   0.32159
   1182.7   0.32157
   1183.0   0.32151
   1183.3   0.32147
   1183.5   0.32143
   1183.8   0.32136
   1184.1   0.32132
   1184.4   0.32127
   1184.6   0.32123
   1184.9   0.32119
   1185.2   0.32116
   1185.4   0.32112
   1185.7   0.32106
   1186.0   0.32102
   1186.3   0.32099
   1186.5   0.32092
   1186.8   0.32087
   1187.1   0.32085
   1187.3   0.32081
   1187.6   0.32078
   1187.9   0.32076
   1188.2   0.32070
   1188.4   0.32064
   1188.7   0.32062
   1189.0   0.32059
   1189.3   0.32054
   1189.5   0.32049
   1189.8   0.32045
   1190.1   0.32041
   1190.3   0.32036
   1190.6   0.32032
   1190.9   0.32028
   1191.2   0.32023
   1191.4   0.32016
   1191.7   0.32012
   1192.0   0.32009
   1192.3   0.32005
   1192.5   0.31999
   1192.8   0.31996
   1193.1   0.31996
   1193.3   0.31991
   1193.6   0.31985
   1193.9   0.31981
   1194.2   0.31977
   1194.4   0.31973
   1194.7   0.31970
   1195.0   0.31965
   1195.3   0.31960
   1195.6   0.31956
   1195.8   0.31953
   1196.1   0.31951
   1196.4   0.31948
   1196.7   0.31945
   1196.9   0.31941
   1197.2   0.31935
   1197.5   0.31931
   1197.8   0.31926
   1198.0   0.31922
   1198.3   0.31917
   1198.6   0.31913
   1198.9   0.31910
   1199.2   0.31906
   1199.4   0.31903
   1199.7   0.31900
   1200.0   0.31895
   1200.3   0.31892
   1200.5   0.31889
   1200.8   0.31883
   1201.1   0.31877
   1201.4   0.31876
   1201.7   0.31875
   1201.9   0.31872
   1202.2   0.31867
   1202.5   0.31861
   1202.8   0.31857
   1203.0   0.31855
   1203.3   0.31850
   1203.6   0.31846
   1203.9   0.31843
   1204.2   0.31840
   1204.4   0.31837
   1204.7   0.31835
   1205.0   0.31831
   1205.3   0.31825
   1205.6   0.31821
   1205.8   0.31819
   1206.1   0.31815
   1206.4   0.31812
   1206.7   0.31810
   1207.0   0.31807
   1207.2   0.31803
   1207.5   0.31799
   1207.8   0.31797
   1208.1   0.31794
   1208.4   0.31790
   1208.7   0.31786
   1208.9   0.31784
   1209.2   0.31778
   1209.5   0.31773
   1209.8   0.31769
   1210.1   0.31766
   1210.3   0.31765
   1210.6   0.31762
   1210.9   0.31759
   1211.2   0.31756
   1211.5   0.31753
   1211.8   0.31750
   1212.0   0.31747
   1212.3   0.31742
   1212.6   0.31739
   1212.9   0.31736
   1213.2   0.31735
   1213.5   0.31733
   1213.7   0.31730
   1214.0   0.31727
   1214.3   0.31724
   1214.6   0.31720
   1214.9   0.31716
   1215.2   0.31716
   1215.4   0.31712
   1215.7   0.31708
   1216.0   0.31705
   1216.3   0.31701
   1216.6   0.31697
   1216.9   0.31695
   1217.2   0.31692
   1217.4   0.31689
   1217.7   0.31686
   1218.0   0.31684
   1218.3   0.31679
   1218.6   0.31673
   1218.9   0.31670
   1219.2   0.31670
   1219.4   0.31668
   1219.7   0.31664
   1220.0   0.31660
   1220.3   0.31659
   1220.6   0.31656
   1220.9   0.31653
   1221.2   0.31650
   1221.5   0.31646
   1221.8   0.31644
   1222.0   0.31644
   1222.3   0.31642
   1222.6   0.31640
   1222.9   0.31637
   1223.2   0.31633
   1223.5   0.31632
   1223.8   0.31630
   1224.1   0.31626
   1224.3   0.31624
   1224.6   0.31622
   1224.9   0.31619
   1225.2   0.31617
   1225.5   0.31615
   1225.8   0.31613
   1226.1   0.31610
   1226.4   0.31607
   1226.7   0.31605
   1227.0   0.31604
   1227.3   0.31603
   1227.5   0.31600
   1227.8   0.31596
   1228.1   0.31594
   1228.4   0.31592
   1228.7   0.31589
   1229.0   0.31586
   1229.3   0.31584
   1229.6   0.31581
   1229.9   0.31579
   1230.2   0.31577
   1230.4   0.31573
   1230.7   0.31570
   1231.0   0.31568
   1231.3   0.31566
   1231.6   0.31565
   1231.9   0.31563
   1232.2   0.31560
   1232.5   0.31559
   1232.8   0.31556
   1233.1   0.31555
   1233.4   0.31553
   1233.7   0.31549
   1234.0   0.31546
   1234.3   0.31544
   1234.6   0.31541
   1234.8   0.31538
   1235.1   0.31536
   1235.4   0.31535
   1235.7   0.31533
   1236.0   0.31531
   1236.3   0.31530
   1236.6   0.31528
   1236.9   0.31526
   1237.2   0.31525
   1237.5   0.31522
   1237.8   0.31521
   1238.1   0.31520
   1238.4   0.31518
   1238.7   0.31515
   1239.0   0.31514
   1239.3   0.31513
   1239.6   0.31509
   1239.9   0.31508
   1240.2   0.31508
   1240.5   0.31505
   1240.8   0.31501
   1241.1   0.31499
   1241.3   0.31498
   1241.7   0.31496
   1241.9   0.31496
   1242.2   0.31494
   1242.5   0.31492
   1242.8   0.31488
   1243.1   0.31484
   1243.4   0.31481
   1243.7   0.31480
   1244.0   0.31478
   1244.3   0.31477
   1244.6   0.31475
   1244.9   0.31473
   1245.2   0.31472
   1245.5   0.31471
   1245.8   0.31470
   1246.1   0.31467
   1246.4   0.31465
   1246.7   0.31465
   1247.0   0.31462
   1247.3   0.31458
   1247.6   0.31456
   1247.9   0.31456
   1248.2   0.31456
   1248.5   0.31455
   1248.8   0.31452
   1249.1   0.31452
   1249.4   0.31452
   1249.7   0.31451
   1250.0   0.31450
   1250.3   0.31447
   1250.6   0.31447
   1250.9   0.31446
   1251.2   0.31442
   1251.5   0.31440
   1251.8   0.31439
   1252.1   0.31438
   1252.4   0.31436
   1252.8   0.31434
   1253.1   0.31434
   1253.3   0.31433
   1253.7   0.31432
   1254.0   0.31430
   1254.3   0.31427
   1254.6   0.31425
   1254.9   0.31425
   1255.2   0.31425
   1255.5   0.31423
   1255.8   0.31421
   1256.1   0.31420
   1256.4   0.31420
   1256.7   0.31419
   1257.0   0.31419
   1257.3   0.31419
   1257.6   0.31417
   1257.9   0.31415
   1258.2   0.31414
   1258.5   0.31411
   1258.8   0.31410
   1259.1   0.31410
   1259.4   0.31409
   1259.8   0.31408
   1260.1   0.31406
   1260.4   0.31403
   1260.7   0.31402
   1261.0   0.31401
   1261.3   0.31401
   1261.6   0.31401
   1261.9   0.31398
   1262.2   0.31395
   1262.5   0.31396
   1262.8   0.31398
   1263.1   0.31397
   1263.4   0.31395
   1263.7   0.31392
   1264.1   0.31391
   1264.4   0.31390
   1264.7   0.31391
   1265.0   0.31392
   1265.3   0.31389
   1265.6   0.31387
   1265.9   0.31387
   1266.2   0.31387
   1266.5   0.31387
   1266.8   0.31385
   1267.1   0.31385
   1267.4   0.31384
   1267.8   0.31383
   1268.1   0.31384
   1268.4   0.31384
   1268.7   0.31384
   1269.0   0.31383
   1269.3   0.31381
   1269.6   0.31382
   1269.9   0.31382
   1270.2   0.31381
   1270.6   0.31381
   1270.9   0.31380
   1271.2   0.31379
   1271.5   0.31380
   1271.8   0.31380
   1272.1   0.31379
   1272.4   0.31378
   1272.7   0.31378
   1273.1   0.31380
   1273.4   0.31380
   1273.7   0.31377
   1274.0   0.31375
   1274.3   0.31375
   1274.6   0.31376
   1274.9   0.31376
   1275.2   0.31376
   1275.6   0.31376
   1275.9   0.31375
   1276.2   0.31376
   1276.5   0.31378
   1276.8   0.31378
   1277.1   0.31375
   1277.4   0.31373
   1277.8   0.31373
   1278.1   0.31374
   1278.4   0.31374
   1278.7   0.31373
   1279.0   0.31375
   1279.3   0.31377
   1279.7   0.31376
   1280.0   0.31376
   1280.3   0.31376
   1280.6   0.31376
   1280.9   0.31377
   1281.2   0.31376
   1281.6   0.31375
   1281.9   0.31376
   1282.2   0.31376
   1282.5   0.31374
   1282.8   0.31374
   1283.1   0.31376
   1283.4   0.31378
   1283.8   0.31378
   1284.1   0.31377
   1284.4   0.31377
   1284.7   0.31377
   1285.0   0.31377
   1285.4   0.31377
   1285.7   0.31377
   1286.0   0.31379
   1286.3   0.31379
   1286.6   0.31380
   1286.9   0.31380
   1287.3   0.31381
   1287.6   0.31383
   1287.9   0.31384
   1288.2   0.31383
   1288.6   0.31383
   1288.9   0.31383
   1289.2   0.31383
   1289.5   0.31382
   1289.8   0.31383
   1290.2   0.31383
   1290.5   0.31384
   1290.8   0.31385
   1291.1   0.31387
   1291.4   0.31387
   1291.8   0.31387
   1292.1   0.31389
   1292.4   0.31390
   1292.7   0.31390
   1293.1   0.31390
   1293.4   0.31391
   1293.7   0.31391
   1294.0   0.31392
   1294.3   0.31393
   1294.7   0.31395
   1295.0   0.31394
   1295.3   0.31392
   1295.6   0.31391
   1296.0   0.31392
   1296.3   0.31394
   1296.6   0.31397
   1296.9   0.31398
   1297.3   0.31399
   1297.6   0.31401
   1297.9   0.31401
   1298.2   0.31400
   1298.6   0.31402
   1298.9   0.31403
   1299.2   0.31403
   1299.5   0.31404
   1299.9   0.31406
   1300.2   0.31406
   1300.5   0.31407
   1300.8   0.31410
   1301.2   0.31410
   1301.5   0.31411
   1301.8   0.31412
   1302.1   0.31415
   1302.5   0.31417
   1302.8   0.31417
   1303.1   0.31417
   1303.4   0.31418
   1303.8   0.31419
   1304.1   0.31420
   1304.4   0.31421
   1304.8   0.31422
   1305.1   0.31424
   1305.4   0.31426
   1305.8   0.31427
   1306.1   0.31427
   1306.4   0.31429
   1306.7   0.31431
   1307.1   0.31432
   1307.4   0.31431
   1307.7   0.31432
   1308.1   0.31435
   1308.4   0.31436
   1308.7   0.31439
   1309.1   0.31440
   1309.4   0.31442
   1309.7   0.31444
   1310.0   0.31445
   1310.4   0.31445
   1310.7   0.31446
   1311.0   0.31448
   1311.4   0.31450
   1311.7   0.31452
   1312.0   0.31454
   1312.4   0.31456
   1312.7   0.31458
   1313.0   0.31459
   1313.4   0.31461
   1313.7   0.31462
   1314.0   0.31464
   1314.4   0.31466
   1314.7   0.31467
   1315.0   0.31469
   1315.4   0.31470
   1315.7   0.31471
   1316.0   0.31473
   1316.4   0.31475
   1316.7   0.31477
   1317.0   0.31479
   1317.4   0.31480
   1317.7   0.31481
   1318.0   0.31483
   1318.4   0.31484
   1318.7   0.31486
   1319.0   0.31487
   1319.4   0.31489
   1319.7   0.31492
   1320.1   0.31494
   1320.4   0.31494
   1320.7   0.31496
   1321.1   0.31499
   1321.4   0.31500
   1321.7   0.31500
   1322.1   0.31501
   1322.4   0.31502
   1322.7   0.31505
   1323.1   0.31507
   1323.4   0.31510
   1323.8   0.31512
   1324.1   0.31514
   1324.4   0.31516
   1324.8   0.31518
   1325.1   0.31522
   1325.4   0.31525
   1325.8   0.31526
   1326.1   0.31528
   1326.5   0.31531
   1326.8   0.31534
   1327.1   0.31537
   1327.5   0.31539
   1327.8   0.31541
   1328.2   0.31544
   1328.5   0.31545
   1328.8   0.31546
   1329.2   0.31548
   1329.5   0.31553
   1329.9   0.31557
   1330.2   0.31559
   1330.6   0.31561
   1330.9   0.31562
   1331.2   0.31564
   1331.6   0.31567
   1331.9   0.31569
   1332.3   0.31572
   1332.6   0.31575
   1332.9   0.31579
   1333.3   0.31582
   1333.6   0.31584
   1334.0   0.31587
   1334.3   0.31590
   1334.7   0.31591
   1335.0   0.31591
   1335.3   0.31593
   1335.7   0.31597
   1336.0   0.31600
   1336.4   0.31602
   1336.7   0.31606
   1337.1   0.31609
   1337.4   0.31613
   1337.8   0.31616
   1338.1   0.31618
   1338.4   0.31622
   1338.8   0.31623
   1339.1   0.31624
   1339.5   0.31627
   1339.8   0.31629
   1340.2   0.31632
   1340.5   0.31636
   1340.9   0.31640
   1341.2   0.31641
   1341.6   0.31643
   1341.9   0.31645
   1342.3   0.31648
   1342.6   0.31651
   1343.0   0.31654
   1343.3   0.31658
   1343.7   0.31660
   1344.0   0.31662
   1344.3   0.31665
   1344.7   0.31669
   1345.1   0.31672
   1345.4   0.31676
   1345.7   0.31680
   1346.1   0.31683
   1346.4   0.31685
   1346.8   0.31688
   1347.1   0.31691
   1347.5   0.31693
   1347.8   0.31696
   1348.2   0.31701
   1348.5   0.31705
   1348.9   0.31706
   1349.3   0.31707
   1349.6   0.31711
   1349.9   0.31715
   1350.3   0.31718
   1350.7   0.31722
   1351.0   0.31727
   1351.4   0.31730
   1351.7   0.31732
   1352.1   0.31735
   1352.4   0.31739
   1352.8   0.31743
   1353.1   0.31745
   1353.5   0.31749
   1353.8   0.31752
   1354.2   0.31756
   1354.5   0.31760
   1354.9   0.31762
   1355.2   0.31765
   1355.6   0.31768
   1355.9   0.31771
   1356.3   0.31775
   1356.7   0.31779
   1357.0   0.31783
   1357.4   0.31787
   1357.7   0.31790
   1358.1   0.31793
   1358.4   0.31798
   1358.8   0.31803
   1359.2   0.31805
   1359.5   0.31808
   1359.9   0.31812
   1360.2   0.31815
   1360.6   0.31819
   1360.9   0.31823
   1361.3   0.31826
   1361.7   0.31828
   1362.0   0.31831
   1362.4   0.31835
   1362.7   0.31838
   1363.1   0.31843
   1363.4   0.31848
   1363.8   0.31853
   1364.2   0.31856
   1364.5   0.31859
   1364.9   0.31861
   1365.2   0.31865
   1365.6   0.31871
   1365.9   0.31876
   1366.3   0.31879
   1366.7   0.31883
   1367.0   0.31888
   1367.4   0.31891
   1367.8   0.31895
   1368.1   0.31900
   1368.5   0.31903
   1368.8   0.31905
   1369.2   0.31911
   1369.6   0.31915
   1369.9   0.31917
   1370.3   0.31922
   1370.7   0.31926
   1371.0   0.31929
   1371.4   0.31933
   1371.7   0.31938
   1372.1   0.31943
   1372.5   0.31947
   1372.8   0.31951
   1373.2   0.31957
   1373.6   0.31962
   1373.9   0.31965
   1374.3   0.31969
   1374.6   0.31973
   1375.0   0.31978
   1375.4   0.31982
   1375.7   0.31986
   1376.1   0.31990
   1376.5   0.31995
   1376.8   0.31998
   1377.2   0.32003
   1377.6   0.32008
   1377.9   0.32013
   1378.3   0.32018
   1378.7   0.32024
   1379.0   0.32027
   1379.4   0.32031
   1379.8   0.32036
   1380.1   0.32041
   1380.5   0.32044
   1380.9   0.32047
   1381.2   0.32052
   1381.6   0.32058
   1382.0   0.32063
   1382.3   0.32067
   1382.7   0.32072
   1383.1   0.32078
   1383.4   0.32082
   1383.8   0.32085
   1384.2   0.32088
   1384.6   0.32093
   1384.9   0.32100
   1385.3   0.32105
   1385.7   0.32109
   1386.0   0.32112
   1386.4   0.32117
   1386.8   0.32123
   1387.2   0.32128
   1387.5   0.32133
   1387.9   0.32137
   1388.3   0.32142
   1388.6   0.32147
   1389.0   0.32151
   1389.4   0.32156
   1389.8   0.32160
   1390.1   0.32164
   1390.5   0.32168
   1390.9   0.32173
   1391.2   0.32179
   1391.6   0.32186
   1392.0   0.32192
   1392.4   0.32197
   1392.7   0.32201
   1393.1   0.32206
   1393.5   0.32210
   1393.9   0.32216
   1394.2   0.32220
   1394.6   0.32225
   1395.0   0.32230
   1395.4   0.32235
   1395.7   0.32241
   1396.1   0.32247
   1396.5   0.32252
   1396.9   0.32258
   1397.2   0.32263
   1397.6   0.32267
   1398.0   0.32272
   1398.4   0.32278
   1398.8   0.32281
   1399.1   0.32286
   1399.5   0.32291
   1399.9   0.32296
   1400.3   0.32302
   1400.6   0.32309
   1401.0   0.32315
   1401.4   0.32320
   1401.8   0.32324
   1402.2   0.32329
   1402.5   0.32333
   1402.9   0.32340
   1403.3   0.32344
   1403.7   0.32348
   1404.1   0.32354
   1404.4   0.32358
   1404.8   0.32363
   1405.2   0.32368
   1405.6   0.32373
   1406.0   0.32380
   1406.3   0.32387
   1406.7   0.32392
   1407.1   0.32398
   1407.5   0.32403
   1407.9   0.32408
   1408.3   0.32414
   1408.6   0.32419
   1409.0   0.32425
   1409.4   0.32432
   1409.8   0.32438
   1410.2   0.32442
   1410.6   0.32447
   1410.9   0.32454
   1411.3   0.32459
   1411.7   0.32465
   1412.1   0.32472
   1412.5   0.32478
   1412.8   0.32483
   1413.2   0.32489
   1413.6   0.32495
   1414.0   0.32499
   1414.4   0.32504
   1414.8   0.32508
   1415.2   0.32514
   1415.6   0.32521
   1415.9   0.32525
   1416.3   0.32531
   1416.7   0.32537
   1417.1   0.32544
   1417.5   0.32548
   1417.9   0.32554
   1418.3   0.32560
   1418.7   0.32566
   1419.0   0.32571
   1419.4   0.32578
   1419.8   0.32584
   1420.2   0.32590
   1420.6   0.32596
   1421.0   0.32601
   1421.4   0.32607
   1421.8   0.32614
   1422.2   0.32619
   1422.5   0.32625
   1422.9   0.32631
   1423.3   0.32637
   1423.7   0.32642
   1424.1   0.32649
   1424.5   0.32654
   1424.9   0.32660
   1425.3   0.32666
   1425.7   0.32672
   1426.1   0.32678
   1426.5   0.32684
   1426.8   0.32689
   1427.2   0.32695
   1427.6   0.32701
   1428.0   0.32708
   1428.4   0.32713
   1428.8   0.32718
   1429.2   0.32724
   1429.6   0.32732
   1430.0   0.32739
   1430.4   0.32745
   1430.8   0.32752
   1431.2   0.32759
   1431.6   0.32765
   1432.0   0.32772
   1432.4   0.32779
   1432.8   0.32785
   1433.2   0.32790
   1433.6   0.32796
   1433.9   0.32802
   1434.3   0.32809
   1434.8   0.32815
   1435.1   0.32820
   1435.5   0.32826
   1435.9   0.32833
   1436.3   0.32842
   1436.7   0.32848
   1437.1   0.32853
   1437.5   0.32858
   1437.9   0.32864
   1438.3   0.32871
   1438.7   0.32879
   1439.1   0.32887
   1439.5   0.32891
   1439.9   0.32897
   1440.3   0.32903
   1440.7   0.32910
   1441.1   0.32917
   1441.5   0.32924
   1441.9   0.32930
   1442.3   0.32936
   1442.7   0.32942
   1443.1   0.32947
   1443.5   0.32953
   1443.9   0.32960
   1444.3   0.32967
   1444.7   0.32975
   1445.1   0.32983
   1445.6   0.32990
   1445.9   0.32996
   1446.3   0.33003
   1446.8   0.33009
   1447.2   0.33015
   1447.6   0.33020
   1448.0   0.33027
   1448.4   0.33034
   1448.8   0.33041
   1449.2   0.33049
   1449.6   0.33056
   1450.0   0.33061
   1450.4   0.33068
   1450.8   0.33075
   1451.2   0.33081
   1451.6   0.33089
   1452.0   0.33097
   1452.4   0.33104
   1452.8   0.33109
   1453.2   0.33116
   1453.7   0.33124
   1454.1   0.33129
   1454.5   0.33134
   1454.9   0.33142
   1455.3   0.33149
   1455.7   0.33156
   1456.1   0.33161
   1456.5   0.33169
   1456.9   0.33174
   1457.3   0.33180
   1457.7   0.33188
   1458.2   0.33195
   1458.6   0.33202
   1459.0   0.33209
   1459.4   0.33217
   1459.8   0.33224
   1460.2   0.33230
   1460.6   0.33235
   1461.0   0.33242
   1461.4   0.33248
   1461.8   0.33254
   1462.3   0.33260
   1462.7   0.33266
   1463.1   0.33271
   1463.5   0.33277
   1463.9   0.33286
   1464.3   0.33294
   1464.7   0.33300
   1465.2   0.33305
   1465.6   0.33313
   1466.0   0.33321
   1466.4   0.33328
   1466.8   0.33333
   1467.2   0.33338
   1467.6   0.33346
   1468.1   0.33353
   1468.5   0.33359
   1468.9   0.33365
   1469.3   0.33372
   1469.7   0.33378
   1470.1   0.33385
   1470.6   0.33392
   1471.0   0.33396
   1471.4   0.33400
   1471.8   0.33407
   1472.2   0.33414
   1472.6   0.33421
   1473.1   0.33428
   1473.5   0.33435
   1473.9   0.33442
   1474.3   0.33448
   1474.7   0.33453
   1475.2   0.33461
   1475.6   0.33469
   1476.0   0.33475
   1476.4   0.33481
   1476.8   0.33487
   1477.3   0.33495
   1477.7   0.33503
   1478.1   0.33508
   1478.5   0.33512
   1478.9   0.33519
   1479.4   0.33526
   1479.8   0.33533
   1480.2   0.33540
   1480.6   0.33546
   1481.1   0.33553
   1481.5   0.33560
   1481.9   0.33566
   1482.3   0.33572
   1482.8   0.33580
   1483.2   0.33586
   1483.6   0.33591
   1484.0   0.33598
   1484.4   0.33605
   1484.9   0.33613
   1485.3   0.33620
   1485.7   0.33627
   1486.2   0.33632
   1486.6   0.33639
   1487.0   0.33647
   1487.4   0.33652
   1487.9   0.33658
   1488.3   0.33664
   1488.7   0.33673
   1489.1   0.33680
   1489.6   0.33686
   1490.0   0.33692
   1490.4   0.33698
   1490.8   0.33704
   1491.3   0.33710
   1491.7   0.33718
   1492.1   0.33724
   1492.6   0.33729
   1493.0   0.33736
   1493.4   0.33743
   1493.9   0.33749
   1494.3   0.33756
   1494.7   0.33762
   1495.2   0.33770
   1495.6   0.33778
   1496.0   0.33785
   1496.4   0.33791
   1496.9   0.33796
   1497.3   0.33802
   1497.7   0.33807
   1498.2   0.33813
   1498.6   0.33821
   1499.0   0.33829
   1499.5   0.33835
   1499.9   0.33841
   1500.3   0.33849
   1500.8   0.33855
   1501.2   0.33861
   1501.7   0.33866
   1502.1   0.33872
   1502.5   0.33879
   1502.9   0.33885
   1503.4   0.33892
   1503.8   0.33897
   1504.3   0.33902
   1504.7   0.33907
   1505.1   0.33914
   1505.6   0.33923
   1506.0   0.33928
   1506.4   0.33933
   1506.9   0.33941
   1507.3   0.33946
   1507.8   0.33952
   1508.2   0.33957
   1508.6   0.33963
   1509.1   0.33971
   1509.5   0.33980
   1510.0   0.33985
   1510.4   0.33990
   1510.8   0.33999
   1511.3   0.34005
   1511.7   0.34010
   1512.2   0.34014
   1512.6   0.34019
   1513.0   0.34024
   1513.5   0.34031
   1513.9   0.34036
   1514.4   0.34041
   1514.8   0.34047
   1515.3   0.34054
   1515.7   0.34060
   1516.1   0.34066
   1516.6   0.34072
   1517.0   0.34077
   1517.5   0.34084
   1517.9   0.34091
   1518.4   0.34098
   1518.8   0.34105
   1519.3   0.34110
   1519.7   0.34115
   1520.1   0.34123
   1520.6   0.34130
   1521.0   0.34134
   1521.5   0.34139
   1521.9   0.34145
   1522.4   0.34148
   1522.8   0.34154
   1523.3   0.34160
   1523.7   0.34165
   1524.2   0.34172
   1524.6   0.34177
   1525.1   0.34183
   1525.5   0.34190
   1526.0   0.34196
   1526.4   0.34201
   1526.8   0.34207
   1527.3   0.34213
   1527.8   0.34220
   1528.2   0.34225
   1528.7   0.34232
   1529.1   0.34237
   1529.6   0.34240
   1530.0   0.34247
   1530.5   0.34254
   1530.9   0.34258
   1531.4   0.34264
   1531.8   0.34269
   1532.3   0.34273
   1532.7   0.34276
   1533.2   0.34282
   1533.6   0.34288
   1534.1   0.34293
   1534.5   0.34298
   1535.0   0.34304
   1535.4   0.34311
   1535.9   0.34316
   1536.3   0.34322
   1536.8   0.34326
   1537.3   0.34330
   1537.7   0.34336
   1538.2   0.34341
   1538.6   0.34345
   1539.1   0.34350
   1539.6   0.34355
   1540.0   0.34359
   1540.5   0.34365
   1540.9   0.34371
   1541.4   0.34376
   1541.8   0.34381
   1542.3   0.34387
   1542.8   0.34391
   1543.2   0.34396
   1543.7   0.34401
   1544.1   0.34406
   1544.6   0.34412
   1545.1   0.34416
   1545.5   0.34421
   1546.0   0.34427
   1546.4   0.34431
   1546.9   0.34436
   1547.4   0.34439
   1547.8   0.34443
   1548.3   0.34448
   1548.8   0.34454
   1549.2   0.34459
   1549.7   0.34462
   1550.1   0.34466
   1550.6   0.34471
   1551.1   0.34476
   1551.5   0.34481
   1552.0   0.34485
   1552.5   0.34489
   1552.9   0.34494
   1553.4   0.34498
   1553.8   0.34502
   1554.3   0.34509
   1554.8   0.34514
   1555.3   0.34518
   1555.7   0.34521
   1556.2   0.34526
   1556.7   0.34531
   1557.1   0.34534
   1557.6   0.34538
   1558.1   0.34542
   1558.5   0.34545
   1559.0   0.34549
   1559.5   0.34555
   1559.9   0.34560
   1560.4   0.34564
   1560.9   0.34568
   1561.3   0.34573
   1561.8   0.34579
   1562.3   0.34581
   1562.8   0.34583
   1563.2   0.34587
   1563.7   0.34592
   1564.2   0.34596
   1564.6   0.34601
   1565.1   0.34606
   1565.6   0.34610
   1566.1   0.34615
   1566.5   0.34619
   1567.0   0.34622
   1567.5   0.34626
   1567.9   0.34629
   1568.4   0.34633
   1568.9   0.34637
   1569.4   0.34640
   1569.8   0.34644
   1570.3   0.34647
   1570.8   0.34649
   1571.3   0.34654
   1571.8   0.34659
   1572.2   0.34663
   1572.7   0.34667
   1573.2   0.34671
   1573.7   0.34675
   1574.1   0.34679
   1574.6   0.34683
   1575.1   0.34687
   1575.6   0.34691
   1576.1   0.34695
   1576.5   0.34696
   1577.0   0.34700
   1577.5   0.34704
   1578.0   0.34708
   1578.4   0.34712
   1578.9   0.34715
   1579.4   0.34718
   1579.9   0.34721
   1580.4   0.34723
   1580.9   0.34726
   1581.3   0.34729
   1581.8   0.34732
   1582.3   0.34736
   1582.8   0.34740
   1583.3   0.34743
   1583.8   0.34746
   1584.2   0.34748
   1584.7   0.34750
   1585.2   0.34753
   1585.7   0.34756
   1586.2   0.34758
   1586.7   0.34761
   1587.2   0.34766
   1587.6   0.34770
   1588.1   0.34773
   1588.6   0.34776
   1589.1   0.34780
   1589.6   0.34783
   1590.1   0.34787
   1590.6   0.34789
   1591.0   0.34791
   1591.5   0.34793
   1592.0   0.34797
   1592.5   0.34801
   1593.0   0.34804
   1593.5   0.34806
   1594.0   0.34807
   1594.5   0.34809
   1595.0   0.34813
   1595.4   0.34816
   1595.9   0.34820
   1596.4   0.34824
   1596.9   0.34826
   1597.4   0.34828
   1597.9   0.34830
   1598.4   0.34832
   1598.9   0.34834
   1599.4   0.34836
   1599.9   0.34839
   1600.4   0.34842
   1600.9   0.34845
   1601.4   0.34847
   1601.9   0.34849
   1602.3   0.34853
   1602.8   0.34856
   1603.3   0.34859
   1603.8   0.34862
   1604.3   0.34864
   1604.8   0.34865
   1605.3   0.34867
   1605.8   0.34871
   1606.3   0.34874
   1606.8   0.34875
   1607.3   0.34876
   1607.8   0.34877
   1608.3   0.34879
   1608.8   0.34884
   1609.3   0.34888
   1609.8   0.34890
   1610.3   0.34892
   1610.8   0.34895
   1611.3   0.34898
   1611.8   0.34900
   1612.3   0.34903
   1612.8   0.34905
   1613.3   0.34906
   1613.8   0.34908
   1614.3   0.34912
   1614.8   0.34915
   1615.3   0.34918
   1615.8   0.34920
   1616.3   0.34922
   1616.8   0.34924
   1617.3   0.34927
   1617.8   0.34929
   1618.4   0.34929
   1618.9   0.34931
   1619.4   0.34935
   1619.9   0.34937
   1620.4   0.34939
   1620.9   0.34940
   1621.4   0.34943
   1621.9   0.34945
   1622.4   0.34947
   1622.9   0.34949
   1623.4   0.34951
   1623.9   0.34953
   1624.4   0.34954
   1624.9   0.34955
   1625.5   0.34957
   1626.0   0.34958
   1626.5   0.34961
   1627.0   0.34964
   1627.5   0.34966
   1628.0   0.34966
   1628.5   0.34966
   1629.0   0.34969
   1629.6   0.34971
   1630.1   0.34973
   1630.6   0.34975
   1631.1   0.34977
   1631.6   0.34978
   1632.1   0.34978
   1632.6   0.34978
   1633.1   0.34979
   1633.7   0.34981
   1634.2   0.34983
   1634.7   0.34986
   1635.2   0.34988
   1635.7   0.34988
   1636.2   0.34989
   1636.8   0.34992
   1637.3   0.34996
   1637.8   0.34998
   1638.3   0.34999
   1638.8   0.35000
   1639.3   0.35001
   1639.9   0.35003
   1640.4   0.35004
   1640.9   0.35005
   1641.4   0.35005
   1641.9   0.35006
   1642.4   0.35009
   1643.0   0.35010
   1643.5   0.35012
   1644.0   0.35016
   1644.5   0.35020
   1645.1   0.35021
   1645.6   0.35022
   1646.1   0.35023
   1646.6   0.35025
   1647.2   0.35026
   1647.7   0.35028
   1648.2   0.35030
   1648.7   0.35031
   1649.3   0.35032
   1649.8   0.35034
   1650.3   0.35035
   1650.8   0.35036
   1651.3   0.35037
   1651.9   0.35038
   1652.4   0.35038
   1652.9   0.35037
   1653.4   0.35038
   1654.0   0.35040
   1654.5   0.35042
   1655.0   0.35044
   1655.6   0.35044
   1656.1   0.35044
   1656.6   0.35047
   1657.2   0.35048
   1657.7   0.35048
   1658.2   0.35049
   1658.7   0.35049
   1659.3   0.35049
   1659.8   0.35051
   1660.3   0.35054
   1660.9   0.35055
   1661.4   0.35056
   1661.9   0.35057
   1662.5   0.35057
   1663.0   0.35058
   1663.5   0.35058
   1664.1   0.35059
   1664.6   0.35061
   1665.1   0.35063
   1665.7   0.35065
   1666.2   0.35067
   1666.7   0.35068
   1667.3   0.35069
   1667.8   0.35068
   1668.3   0.35069
   1668.9   0.35070
   1669.4   0.35071
   1670.0   0.35073
   1670.5   0.35073
   1671.0   0.35072
   1671.6   0.35074
   1672.1   0.35076
   1672.7   0.35077
   1673.2   0.35076
   1673.7   0.35077
   1674.3   0.35080
   1674.8   0.35082
   1675.4   0.35083
   1675.9   0.35083
   1676.4   0.35086
   1677.0   0.35087
   1677.5   0.35086
   1678.1   0.35087
   1678.6   0.35088
   1679.2   0.35090
   1679.7   0.35090
   1680.2   0.35089
   1680.8   0.35090
   1681.3   0.35092
   1681.9   0.35095
   1682.4   0.35096
   1683.0   0.35095
   1683.5   0.35095
   1684.1   0.35094
   1684.6   0.35095
   1685.2   0.35096
   1685.7   0.35096
   1686.3   0.35097
   1686.8   0.35099
   1687.3   0.35101
   1687.9   0.35102
   1688.4   0.35104
   1689.0   0.35106
   1689.6   0.35106
   1690.1   0.35106
   1690.7   0.35106
   1691.2   0.35109
   1691.8   0.35110
   1692.3   0.35108
   1692.9   0.35108
   1693.4   0.35112
   1694.0   0.35114
   1694.5   0.35116
   1695.1   0.35118
   1695.6   0.35119
   1696.2   0.35120
   1696.7   0.35120
   1697.3   0.35118
   1697.8   0.35119
   1698.4   0.35121
   1699.0   0.35123
   1699.5   0.35123
   1700.1   0.35125
   1700.6   0.35126
   1701.2   0.35127
   1701.8   0.35127
   1702.3   0.35125
   1702.9   0.35125
   1703.4   0.35127
   1704.0   0.35128
   1704.6   0.35130
   1705.1   0.35130
   1705.7   0.35131
   1706.2   0.35131
   1706.8   0.35133
   1707.4   0.35135
   1707.9   0.35136
   1708.5   0.35137
   1709.0   0.35138
   1709.6   0.35139
   1710.2   0.35140
   1710.7   0.35141
   1711.3   0.35142
   1711.9   0.35142
   1712.4   0.35143
   1713.0   0.35146
   1713.6   0.35149
   1714.1   0.35149
   1714.7   0.35149
   1715.3   0.35149
   1715.8   0.35151
   1716.4   0.35153
   1717.0   0.35155
   1717.5   0.35157
   1718.1   0.35157
   1718.7   0.35158
   1719.3   0.35160
   1719.8   0.35160
   1720.4   0.35160
   1721.0   0.35161
   1721.5   0.35162
   1722.1   0.35165
   1722.7   0.35166
   1723.3   0.35165
   1723.8   0.35165
   1724.4   0.35166
   1725.0   0.35168
   1725.5   0.35169
   1726.1   0.35170
   1726.7   0.35172
   1727.3   0.35173
   1727.8   0.35173
   1728.4   0.35175
   1729.0   0.35176
   1729.6   0.35177
   1730.2   0.35179
   1730.7   0.35181
   1731.3   0.35182
   1731.9   0.35183
   1732.5   0.35184
   1733.0   0.35183
   1733.6   0.35184
   1734.2   0.35184
   1734.8   0.35185
   1735.4   0.35187
   1735.9   0.35188
   1736.5   0.35188
   1737.1   0.35189
   1737.7   0.35191
   1738.3   0.35192
   1738.8   0.35193
   1739.4   0.35194
   1740.0   0.35196
   1740.6   0.35197
   1741.2   0.35196
   1741.8   0.35196
   1742.4   0.35197
   1742.9   0.35199
   1743.5   0.35201
   1744.1   0.35202
   1744.7   0.35202
   1745.3   0.35203
   1745.9   0.35202
   1746.5   0.35202
   1747.1   0.35203
   1747.6   0.35203
   1748.2   0.35204
   1748.8   0.35206
   1749.4   0.35206
   1750.0   0.35206
   1750.6   0.35208
   1751.2   0.35209
   1751.8   0.35210
   1752.4   0.35212
   1753.0   0.35215
   1753.6   0.35216
   1754.2   0.35215
   1754.7   0.35216
   1755.3   0.35219
   1755.9   0.35222
   1756.5   0.35223
   1757.1   0.35224
   1757.7   0.35226
   1758.3   0.35228
   1758.9   0.35230
   1759.5   0.35232
   1760.1   0.35232
   1760.7   0.35232
   1761.3   0.35234
   1761.9   0.35234
   1762.5   0.35235
   1763.1   0.35235
   1763.7   0.35236
   1764.3   0.35238
   1764.9   0.35239
   1765.5   0.35241
   1766.1   0.35243
   1766.7   0.35244
   1767.3   0.35246
   1767.9   0.35246
   1768.5   0.35246
   1769.1   0.35247
   1769.7   0.35248
   1770.3   0.35249
   1770.9   0.35251
   1771.5   0.35254
   1772.1   0.35256
   1772.7   0.35257
   1773.3   0.35256
   1773.9   0.35256
   1774.6   0.35255
   1775.2   0.35255
   1775.8   0.35256
   1776.4   0.35257
   1777.0   0.35258
   1777.6   0.35260
   1778.2   0.35261
   1778.8   0.35262
   1779.4   0.35263
   1780.0   0.35263
   1780.7   0.35264
   1781.3   0.35264
   1781.9   0.35265
   1782.5   0.35266
   1783.1   0.35268
   1783.7   0.35270
   1784.3   0.35270
   1784.9   0.35269
   1785.6   0.35271
   1786.2   0.35272
   1786.8   0.35272
   1787.4   0.35274
   1788.0   0.35275
   1788.6   0.35275
   1789.3   0.35275
   1789.9   0.35275
   1790.5   0.35276
   1791.1   0.35277
   1791.7   0.35276
   1792.3   0.35276
   1793.0   0.35277
   1793.6   0.35280
   1794.2   0.35282
   1794.8   0.35283
   1795.4   0.35283
   1796.1   0.35283
   1796.7   0.35284
   1797.3   0.35285
   1797.9   0.35285
   1798.6   0.35285
   1799.2   0.35286
   1799.8   0.35287
   1800.4   0.35288
   1801.1   0.35291
   1801.7   0.35292
   1802.3   0.35292
   1802.9   0.35293
   1803.6   0.35293
   1804.2   0.35292
   1804.8   0.35291
   1805.4   0.35292
   1806.1   0.35293
   1806.7   0.35292
   1807.3   0.35292
   1808.0   0.35293
   1808.6   0.35294
   1809.2   0.35295
   1809.9   0.35296
   1810.5   0.35296
   1811.1   0.35297
   1811.8   0.35299
   1812.4   0.35299
   1813.0   0.35299
   1813.7   0.35300
   1814.3   0.35301
   1814.9   0.35301
   1815.6   0.35301
   1816.2   0.35302
   1816.8   0.35304
   1817.5   0.35304
   1818.1   0.35304
   1818.8   0.35305
   1819.4   0.35305
   1820.0   0.35305
   1820.7   0.35306
   1821.3   0.35306
   1821.9   0.35307
   1822.6   0.35309
   1823.2   0.35311
   1823.9   0.35312
   1824.5   0.35314
   1825.2   0.35315
   1825.8   0.35313
   1826.4   0.35313
   1827.1   0.35315
   1827.7   0.35316
   1828.4   0.35316
   1829.0   0.35318
   1829.7   0.35319
   1830.3   0.35319
   1831.0   0.35320
   1831.6   0.35319
   1832.3   0.35319
   1832.9   0.35322
   1833.6   0.35323
   1834.2   0.35322
   1834.8   0.35322
   1835.5   0.35322
   1836.2   0.35323
   1836.8   0.35323
   1837.4   0.35324
   1838.1   0.35325
   1838.8   0.35325
   1839.4   0.35325
   1840.1   0.35325
   1840.7   0.35327
   1841.4   0.35330
   1842.0   0.35331
   1842.7   0.35330
   1843.3   0.35330
   1844.0   0.35331
   1844.6   0.35332
   1845.3   0.35333
   1845.9   0.35333
   1846.6   0.35332
   1847.3   0.35329
   1847.9   0.35330
   1848.6   0.35331
   1849.2   0.35333
   1849.9   0.35334
   1850.6   0.35335
   1851.2   0.35335
   1851.9   0.35335
   1852.6   0.35336
   1853.2   0.35336
   1853.9   0.35335
   1854.5   0.35335
   1855.2   0.35336
   1855.9   0.35337
   1856.5   0.35337
   1857.2   0.35338
   1857.9   0.35337
   1858.5   0.35337
   1859.2   0.35338
   1859.9   0.35337
   1860.5   0.35338
   1861.2   0.35339
   1861.9   0.35340
   1862.5   0.35343
   1863.2   0.35344
   1863.9   0.35343
   1864.5   0.35343
   1865.2   0.35343
   1865.9   0.35344
   1866.6   0.35345
   1867.2   0.35344
   1867.9   0.35344
   1868.6   0.35346
   1869.2   0.35348
   1869.9   0.35349
   1870.6   0.35350
   1871.3   0.35351
   1871.9   0.35351
   1872.6   0.35351
   1873.3   0.35350
   1874.0   0.35351
   1874.7   0.35354
   1875.3   0.35356
   1876.0   0.35356
   1876.7   0.35356
   1877.4   0.35356
   1878.1   0.35356
   1878.7   0.35357
   1879.4   0.35355
   1880.1   0.35355
   1880.8   0.35355
   1881.4   0.35355
   1882.1   0.35356
   1882.8   0.35357
   1883.5   0.35357
   1884.2   0.35357
   1884.9   0.35357
   1885.6   0.35357
   1886.2   0.35358
   1886.9   0.35359
   1887.6   0.35358
   1888.3   0.35358
   1889.0   0.35357
   1889.7   0.35358
   1890.4   0.35358
   1891.1   0.35357
   1891.8   0.35357
   1892.4   0.35358
   1893.1   0.35360
   1893.8   0.35360
   1894.5   0.35358
   1895.2   0.35358
   1895.9   0.35359
   1896.6   0.35360
   1897.3   0.35361
   1898.0   0.35359
   1898.7   0.35358
   1899.4   0.35357
   1900.1   0.35357
   1900.8   0.35358
   1901.5   0.35358
   1902.2   0.35357
   1902.9   0.35356
   1903.6   0.35356
   1904.3   0.35357
   1905.0   0.35357
   1905.7   0.35356
   1906.4   0.35355
   1907.1   0.35354
   1907.8   0.35353
   1908.5   0.35354
   1909.2   0.35353
   1909.9   0.35353
   1910.6   0.35353
   1911.3   0.35353
   1912.0   0.35354
   1912.7   0.35355
   1913.4   0.35355
   1914.1   0.35356
   1914.8   0.35355
   1915.5   0.35355
   1916.2   0.35354
   1916.9   0.35353
   1917.6   0.35352
   1918.3   0.35353
   1919.1   0.35354
   1919.8   0.35353
   1920.5   0.35354
   1921.2   0.35355
   1921.9   0.35354
   1922.6   0.35353
   1923.3   0.35353
   1924.0   0.35355
   1924.8   0.35356
   1925.5   0.35356
   1926.2   0.35356
   1926.9   0.35357
   1927.6   0.35357
   1928.3   0.35358
   1929.1   0.35357
   1929.8   0.35358
   1930.5   0.35359
   1931.2   0.35359
   1931.9   0.35360
   1932.7   0.35361
   1933.4   0.35360
   1934.1   0.35360
   1934.8   0.35361
   1935.5   0.35362
   1936.3   0.35363
   1937.0   0.35363
   1937.7   0.35362
   1938.4   0.35363
   1939.2   0.35364
   1939.9   0.35362
   1940.6   0.35362
   1941.3   0.35363
   1942.1   0.35363
   1942.8   0.35364
   1943.5   0.35364
   1944.3   0.35364
   1945.0   0.35362
   1945.7   0.35363
   1946.4   0.35365
   1947.2   0.35366
   1947.9   0.35367
   1948.6   0.35368
   1949.4   0.35370
   1950.1   0.35372
   1950.8   0.35372
   1951.6   0.35372
   1952.3   0.35371
   1953.0   0.35372
   1953.8   0.35370
   1954.5   0.35368
   1955.2   0.35369
   1956.0   0.35369
   1956.7   0.35369
   1957.5   0.35370
   1958.2   0.35371
   1958.9   0.35370
   1959.7   0.35369
   1960.4   0.35370
   1961.2   0.35371
   1961.9   0.35370
   1962.6   0.35370
   1963.4   0.35371
   1964.1   0.35373
   1964.9   0.35373
   1965.6   0.35374
   1966.4   0.35375
   1967.1   0.35375
   1967.9   0.35374
   1968.6   0.35373
   1969.3   0.35373
   1970.1   0.35375
   1970.8   0.35378
   1971.6   0.35379
   1972.3   0.35378
   1973.1   0.35377
   1973.8   0.35378
   1974.6   0.35379
   1975.4   0.35380
   1976.1   0.35379
   1976.9   0.35381
   1977.6   0.35382
   1978.4   0.35382
   1979.1   0.35381
   1979.9   0.35382
   1980.6   0.35383
   1981.4   0.35385
   1982.2   0.35385
   1982.9   0.35385
   1983.7   0.35385
   1984.4   0.35386
   1985.2   0.35385
   1985.9   0.35384
   1986.7   0.35384
   1987.5   0.35384
   1988.2   0.35384
   1989.0   0.35385
   1989.8   0.35386
   1990.5   0.35388
   1991.3   0.35389
   1992.1   0.35389
   1992.8   0.35390
   1993.6   0.35391
   1994.3   0.35391
   1995.1   0.35391
   1995.9   0.35390
   1996.7   0.35389
   1997.4   0.35390
   1998.2   0.35391
   1999.0   0.35391
   1999.7   0.35392
   2000.5   0.35394
   2001.3   0.35394
   2002.1   0.35395
   2002.8   0.35395
   2003.6   0.35395
   2004.4   0.35396
   2005.2   0.35396
   2005.9   0.35396
   2006.7   0.35396
   2007.5   0.35398
   2008.3   0.35400
   2009.0   0.35401
   2009.8   0.35402
   2010.6   0.35403
   2011.4   0.35404
   2012.2   0.35404
   2012.9   0.35404
   2013.7   0.35405
   2014.5   0.35404
   2015.3   0.35405
   2016.1   0.35406
   2016.8   0.35405
   2017.6   0.35405
   2018.4   0.35405
   2019.2   0.35407
   2020.0   0.35407
   2020.8   0.35407
   2021.6   0.35408
   2022.4   0.35410
   2023.2   0.35411
   2023.9   0.35411
   2024.7   0.35411
   2025.5   0.35411
   2026.3   0.35412
   2027.1   0.35412
   2027.9   0.35413
   2028.7   0.35413
   2029.5   0.35416
   2030.3   0.35418
   2031.1   0.35416
   2031.9   0.35418
   2032.7   0.35420
   2033.5   0.35420
   2034.3   0.35421
   2035.1   0.35423
   2035.9   0.35425
   2036.7   0.35427
   2037.5   0.35426
   2038.3   0.35426
   2039.1   0.35428
   2039.9   0.35429
   2040.7   0.35431
   2041.5   0.35433
   2042.3   0.35433
   2043.1   0.35433
   2043.9   0.35435
   2044.7   0.35436
   2045.5   0.35435
   2046.3   0.35436
   2047.1   0.35437
   2047.9   0.35438
   2048.7   0.35440
   2049.5   0.35443
   2050.4   0.35443
   2051.2   0.35444
   2052.0   0.35444
   2052.8   0.35444
   2053.6   0.35446
   2054.4   0.35448
   2055.2   0.35448
   2056.0   0.35449
   2056.9   0.35451
   2057.7   0.35451
   2058.5   0.35452
   2059.3   0.35454
   2060.1   0.35455
   2060.9   0.35454
   2061.8   0.35457
   2062.6   0.35459
   2063.4   0.35460
   2064.2   0.35460
   2065.1   0.35460
   2065.9   0.35460
   2066.7   0.35462
   2067.5   0.35463
   2068.3   0.35463
   2069.2   0.35464
   2070.0   0.35464
   2070.8   0.35464
   2071.6   0.35464
   2072.5   0.35463
   2073.3   0.35463
   2074.1   0.35464
   2075.0   0.35464
   2075.8   0.35465
   2076.6   0.35465
   2077.5   0.35466
   2078.3   0.35467
   2079.1   0.35467
   2080.0   0.35468
   2080.8   0.35469
   2081.6   0.35470
   2082.5   0.35471
   2083.3   0.35474
   2084.1   0.35475
   2085.0   0.35476
   2085.8   0.35478
   2086.7   0.35480
   2087.5   0.35480
   2088.3   0.35482
   2089.2   0.35483
   2090.0   0.35484
   2090.9   0.35484
   2091.7   0.35484
   2092.6   0.35488
   2093.4   0.35490
   2094.2   0.35490
   2095.1   0.35489
   2095.9   0.35491
   2096.8   0.35491
   2097.6   0.35492
   2098.5   0.35495
   2099.3   0.35499
   2100.2   0.35499
   2101.0   0.35499
   2101.9   0.35501
   2102.7   0.35503
   2103.6   0.35504
   2104.4   0.35504
   2105.3   0.35506
   2106.1   0.35507
   2107.0   0.35508
   2107.9   0.35511
   2108.7   0.35512
   2109.6   0.35511
   2110.4   0.35512
   2111.3   0.35513
   2112.2   0.35515
   2113.0   0.35517
   2113.9   0.35519
   2114.7   0.35520
   2115.6   0.35520
   2116.5   0.35520
   2117.3   0.35522
   2118.2   0.35524
   2119.1   0.35525
   2119.9   0.35526
   2120.8   0.35526
   2121.7   0.35526
   2122.5   0.35528
   2123.4   0.35531
   2124.3   0.35533
   2125.1   0.35536
   2126.0   0.35539
   2126.9   0.35540
   2127.8   0.35541
   2128.6   0.35542
   2129.5   0.35542
   2130.4   0.35540
   2131.3   0.35540
   2132.1   0.35543
   2133.0   0.35545
   2133.9   0.35547
   2134.8   0.35548
   2135.6   0.35549
   2136.5   0.35550
   2137.4   0.35552
   2138.3   0.35551
   2139.2   0.35550
   2140.1   0.35552
   2140.9   0.35555
   2141.8   0.35558
   2142.7   0.35559
   2143.6   0.35558
   2144.5   0.35559
   2145.4   0.35561
   2146.3   0.35563
   2147.1   0.35566
   2148.0   0.35568
   2148.9   0.35570
   2149.8   0.35572
   2150.7   0.35574
   2151.6   0.35577
   2152.5   0.35579
   2153.4   0.35582
   2154.3   0.35583
   2155.2   0.35583
   2156.1   0.35584
   2157.0   0.35587
   2157.9   0.35588
   2158.8   0.35589
   2159.7   0.35590
   2160.6   0.35591
   2161.5   0.35593
   2162.4   0.35593
   2163.3   0.35593
   2164.2   0.35594
   2165.1   0.35595
   2166.0   0.35597
   2166.9   0.35599
   2167.8   0.35601
   2168.7   0.35601
   2169.6   0.35601
   2170.5   0.35602
   2171.4   0.35603
   2172.3   0.35606
   2173.2   0.35610
   2174.1   0.35612
   2175.1   0.35613
   2176.0   0.35616
   2176.9   0.35617
   2177.8   0.35618
   2178.7   0.35619
   2179.6   0.35622
   2180.6   0.35624
   2181.5   0.35627
   2182.4   0.35629
   2183.3   0.35630
   2184.2   0.35630
   2185.1   0.35629
   2186.1   0.35630
   2187.0   0.35631
   2187.9   0.35633
   2188.8   0.35635
   2189.8   0.35635
   2190.7   0.35636
   2191.6   0.35638
   2192.5   0.35641
   2193.5   0.35644
   2194.4   0.35645
   2195.3   0.35648
   2196.3   0.35651
   2197.2   0.35652
   2198.1   0.35652
   2199.1   0.35653
   2200.0   0.35656
   2200.9   0.35659
   2201.9   0.35662
   2202.8   0.35667
   2203.7   0.35670
   2204.7   0.35670
   2205.6   0.35668
   2206.5   0.35669
   2207.5   0.35670
   2208.4   0.35672
   2209.4   0.35674
   2210.3   0.35677
   2211.2   0.35680
   2212.2   0.35682
   2213.1   0.35684
   2214.1   0.35686
   2215.0   0.35690
   2216.0   0.35696
   2216.9   0.35699
   2217.9   0.35700
   2218.8   0.35702
   2219.8   0.35705
   2220.7   0.35709
   2221.7   0.35710
   2222.6   0.35711
   2223.6   0.35713
   2224.5   0.35715
   2225.5   0.35715
   2226.4   0.35717
   2227.4   0.35719
   2228.4   0.35723
   2229.3   0.35724
   2230.3   0.35724
   2231.2   0.35727
   2232.2   0.35729
   2233.1   0.35732
   2234.1   0.35733
   2235.1   0.35735
   2236.0   0.35739
   2237.0   0.35741
   2238.0   0.35745
   2238.9   0.35748
   2239.9   0.35748
   2240.9   0.35749
   2241.8   0.35752
   2242.8   0.35756
   2243.8   0.35760
   2244.8   0.35761
   2245.7   0.35762
   2246.7   0.35763
   2247.7   0.35766
   2248.6   0.35768
   2249.6   0.35770
   2250.6   0.35771
   2251.6   0.35771
   2252.6   0.35772
   2253.5   0.35775
   2254.5   0.35778
   2255.5   0.35778
   2256.5   0.35779
   2257.5   0.35783
   2258.4   0.35786
   2259.4   0.35787
   2260.4   0.35789
   2261.4   0.35792
   2262.4   0.35795
   2263.4   0.35796
   2264.4   0.35798
   2265.4   0.35800
   2266.3   0.35803
   2267.3   0.35803
   2268.3   0.35803
   2269.3   0.35804
   2270.3   0.35805
   2271.3   0.35809
   2272.3   0.35813
   2273.3   0.35816
   2274.3   0.35821
   2275.3   0.35825
   2276.3   0.35830
   2277.3   0.35833
   2278.3   0.35835
   2279.3   0.35836
   2280.3   0.35838
   2281.3   0.35841
   2282.3   0.35843
   2283.3   0.35845
   2284.3   0.35849
   2285.3   0.35852
   2286.3   0.35854
   2287.3   0.35857
   2288.3   0.35859
   2289.4   0.35862
   2290.4   0.35866
   2291.4   0.35868
   2292.4   0.35870
   2293.4   0.35872
   2294.4   0.35874
   2295.4   0.35875
   2296.4   0.35876
   2297.5   0.35877
   2298.5   0.35879
   2299.5   0.35881
   2300.5   0.35884
   2301.6   0.35885
   2302.6   0.35888
   2303.6   0.35890
   2304.6   0.35891
   2305.6   0.35893
   2306.7   0.35897
   2307.7   0.35901
   2308.7   0.35906
   2309.8   0.35912
   2310.8   0.35917
   2311.8   0.35921
   2312.8   0.35923
   2313.9   0.35925
   2314.9   0.35928
   2315.9   0.35931
   2317.0   0.35937
   2318.0   0.35939
   2319.1   0.35940
   2320.1   0.35942
   2321.1   0.35945
   2322.2   0.35947
   2323.2   0.35949
   2324.3   0.35952
   2325.3   0.35956
   2326.3   0.35959
   2327.4   0.35964
   2328.4   0.35968
   2329.5   0.35970
   2330.5   0.35972
   2331.6   0.35974
   2332.6   0.35976
   2333.7   0.35978
   2334.7   0.35979
   2335.8   0.35981
   2336.8   0.35982
   2337.9   0.35985
   2338.9   0.35988
   2340.0   0.35991
   2341.0   0.35992
   2342.1   0.35992
   2343.2   0.35994
   2344.2   0.35996
   2345.3   0.35996
   2346.3   0.35999
   2347.4   0.36002
   2348.5   0.36006
   2349.5   0.36010
   2350.6   0.36014
   2351.7   0.36019
   2352.7   0.36022
   2353.8   0.36026
   2354.9   0.36031
   2355.9   0.36035
   2357.0   0.36037
   2358.1   0.36039
   2359.1   0.36040
   2360.2   0.36042
   2361.3   0.36045
   2362.4   0.36047
   2363.4   0.36050
   2364.5   0.36051
   2365.6   0.36052
   2366.7   0.36053
   2367.8   0.36055
   2368.9   0.36057
   2369.9   0.36059
   2371.0   0.36060
   2372.1   0.36063
   2373.2   0.36067
   2374.3   0.36070
   2375.4   0.36071
   2376.4   0.36072
   2377.5   0.36072
   2378.6   0.36073
   2379.7   0.36074
   2380.8   0.36076
   2381.9   0.36079
   2383.0   0.36082
   2384.1   0.36086
   2385.2   0.36088
   2386.3   0.36088
   2387.4   0.36089
   2388.5   0.36091
   2389.6   0.36092
   2390.7   0.36092
   2391.8   0.36093
   2392.9   0.36096
   2394.0   0.36099
   2395.1   0.36100
   2396.2   0.36103
   2397.3   0.36105
   2398.4   0.36106
   2399.5   0.36108
   2400.7   0.36109
   2401.8   0.36110
   2402.9   0.36112
   2404.0   0.36114
   2405.1   0.36114
   2406.2   0.36115
   2407.3   0.36118
   2408.5   0.36120
   2409.6   0.36123
   2410.7   0.36125
   2411.8   0.36125
   2412.9   0.36123
   2414.1   0.36124
   2415.2   0.36128
   2416.3   0.36133
   2417.4   0.36135
   2418.6   0.36137
   2419.7   0.36138
   2420.8   0.36139
   2422.0   0.36138
   2423.1   0.36138
   2424.2   0.36140
   2425.4   0.36142
   2426.5   0.36144
   2427.6   0.36145
   2428.8   0.36146
   2429.9   0.36147
   2431.1   0.36147
   2432.2   0.36149
   2433.3   0.36150
   2434.5   0.36151
   2435.6   0.36153
   2436.8   0.36155
   2437.9   0.36156
   2439.1   0.36157
   2440.2   0.36159
   2441.4   0.36159
   2442.5   0.36159
   2443.6   0.36158
   2444.8   0.36156
   2446.0   0.36156
   2447.1   0.36158
   2448.3   0.36160
   2449.4   0.36161
   2450.6   0.36160
   2451.7   0.36159
   2452.9   0.36160
   2454.1   0.36161
   2455.2   0.36160
   2456.4   0.36160
   2457.6   0.36162
   2458.7   0.36162
   2459.9   0.36162
   2461.1   0.36163
   2462.2   0.36164
   2463.4   0.36167
   2464.6   0.36170
   2465.7   0.36173
   2466.9   0.36175
   2468.1   0.36175
   2469.3   0.36178
   2470.4   0.36182
   2471.6   0.36183
   2472.8   0.36187
   2474.0   0.36192
   2475.1   0.36195
   2476.3   0.36197
   2477.5   0.36199
   2478.7   0.36201
   2479.9   0.36201
   2481.1   0.36202
   2482.3   0.36202
   2483.4   0.36203
   2484.6   0.36205
   2485.8   0.36206
   2487.0   0.36208
   2488.2   0.36211
   2489.4   0.36215
   2490.6   0.36218
   2491.8   0.36220
   2493.0   0.36222
   2494.2   0.36225
   2495.4   0.36227
   2496.6   0.36229
   2497.8   0.36232
   2499.0   0.36234
   2500.2   0.36234
   2501.4   0.36236
   2502.6   0.36238
   2503.8   0.36238
   2505.0   0.36240
   2506.3   0.36243
   2507.5   0.36246
   2508.7   0.36248
   2509.9   0.36248
   2511.1   0.36251
   2512.3   0.36256
   2513.5   0.36257
   2514.8   0.36256
   2516.0   0.36256
   2517.2   0.36259
   2518.4   0.36261
   2519.6   0.36263
   2520.9   0.36264
   2522.1   0.36264
   2523.3   0.36266
   2524.6   0.36269
   2525.8   0.36272
   2527.0   0.36274
   2528.2   0.36274
   2529.5   0.36276
   2530.7   0.36279
   2531.9   0.36282
   2533.2   0.36281
   2534.4   0.36280
   2535.7   0.36278
   2536.9   0.36277
   2538.1   0.36280
   2539.4   0.36283
   2540.6   0.36284
   2541.9   0.36283
   2543.1   0.36285
   2544.4   0.36290
   2545.6   0.36293
   2546.9   0.36294
   2548.1   0.36296
   2549.4   0.36299
   2550.6   0.36301
   2551.9   0.36301
   2553.1   0.36301
   2554.4   0.36302
   2555.7   0.36303
   2556.9   0.36302
   2558.2   0.36302
   2559.4   0.36303
   2560.7   0.36302
   2562.0   0.36304
   2563.2   0.36305
   2564.5   0.36305
   2565.8   0.36306
   2567.0   0.36307
   2568.3   0.36308
   2569.6   0.36309
   2570.9   0.36313
   2572.1   0.36315
   2573.4   0.36314
   2574.7   0.36315
   2576.0   0.36317
   2577.3   0.36318
   2578.5   0.36318
   2579.8   0.36319
   2581.1   0.36320
   2582.4   0.36320
   2583.7   0.36316
   2585.0   0.36317
   2586.3   0.36318
   2587.5   0.36318
   2588.8   0.36322
   2590.1   0.36323
   2591.4   0.36322
   2592.7   0.36321
   2594.0   0.36316
   2595.3   0.36314
   2596.6   0.36318
   2597.9   0.36319
   2599.2   0.36320
   2600.5   0.36322
   2601.8   0.36323
   2603.1   0.36321
   2604.4   0.36318
   2605.7   0.36317
   2607.1   0.36320
   2608.4   0.36320
   2609.7   0.36320
   2611.0   0.36320
   2612.3   0.36320
   2613.6   0.36320
   2614.9   0.36320
   2616.3   0.36316
   2617.6   0.36315
   2618.9   0.36314
   2620.2   0.36312
   2621.6   0.36313
   2622.9   0.36313
   2624.2   0.36311
   2625.5   0.36307
   2626.9   0.36305
   2628.2   0.36308
   2629.5   0.36309
   2630.9   0.36308
   2632.2   0.36310
   2633.5   0.36309
   2634.9   0.36308
   2636.2   0.36308
   2637.6   0.36308
   2638.9   0.36306
   2640.2   0.36302
   2641.6   0.36298
   2642.9   0.36294
   2644.3   0.36291
   2645.6   0.36290
   2647.0   0.36289
   2648.3   0.36287
   2649.7   0.36286
   2651.0   0.36283
   2652.4   0.36277
   2653.8   0.36270
   2655.1   0.36263
   2656.5   0.36257
   2657.8   0.36252
   2659.2   0.36243
   2660.6   0.36236
   2661.9   0.36229
   2663.3   0.36221
   2664.7   0.36209
   2666.0   0.36197
   2667.4   0.36184
   2668.8   0.36170
   2670.1   0.36147
   2671.5   0.36130
   2672.9   0.36112
   2674.3   0.36086
   2675.7   0.36057
   2677.0   0.36029
   2678.4   0.36002
   2679.8   0.35975
   2681.2   0.35947
   2682.6   0.35918
   2684.0   0.35892
   2685.4   0.35867
   2686.8   0.35843
   2688.1   0.35817
   2689.5   0.35788
   2690.9   0.35758
   2692.3   0.35728
   2693.7   0.35697
   2695.1   0.35670
   2696.5   0.35643
   2697.9   0.35611
   2699.3   0.35579
   2700.7   0.35546
   2702.1   0.35514
   2703.6   0.35482
   2705.0   0.35452
   2706.4   0.35423
   2707.8   0.35392
   2709.2   0.35362
   2710.6   0.35333
   2712.0   0.35309
   2713.5   0.35290
   2714.9   0.35268
   2716.3   0.35246
   2717.7   0.35230
   2719.1   0.35219
   2720.6   0.35195
   2722.0   0.35162
   2723.4   0.35129
   2724.9   0.35102
   2726.3   0.35079
   2727.7   0.35052
   2729.2   0.35023
   2730.6   0.34989
   2732.1   0.34954
   2733.5   0.34916
   2734.9   0.34875
   2736.4   0.34834
   2737.8   0.34791
   2739.3   0.34746
   2740.7   0.34702
   2742.2   0.34658
   2743.6   0.34611
   2745.1   0.34562
   2746.5   0.34511
   2748.0   0.34462
   2749.4   0.34414
   2750.9   0.34364
   2752.4   0.34314
   2753.8   0.34265
   2755.3   0.34215
   2756.7   0.34168
   2758.2   0.34120
   2759.7   0.34072
   2761.1   0.34026
   2762.6   0.33979
   2764.1   0.33936
   2765.6   0.33893
   2767.0   0.33849
   2768.5   0.33808
   2770.0   0.33768
   2771.5   0.33730
   2772.9   0.33694
   2774.4   0.33656
   2775.9   0.33617
   2777.4   0.33577
   2778.9   0.33540
   2780.4   0.33504
   2781.9   0.33470
   2783.4   0.33437
   2784.9   0.33404
   2786.4   0.33369
   2787.9   0.33333
   2789.4   0.33303
   2790.9   0.33275
   2792.4   0.33242
   2793.9   0.33210
   2795.4   0.33180
   2796.9   0.33151
   2798.4   0.33124
   2799.9   0.33095
   2801.4   0.33066
   2802.9   0.33035
   2804.4   0.33008
   2806.0   0.32982
   2807.5   0.32954
   2809.0   0.32924
   2810.5   0.32897
   2812.1   0.32871
   2813.6   0.32847
   2815.1   0.32824
   2816.6   0.32799
   2818.2   0.32773
   2819.7   0.32749
   2821.2   0.32727
   2822.8   0.32704
   2824.3   0.32681
   2825.8   0.32660
   2827.4   0.32639
   2828.9   0.32617
   2830.5   0.32595
   2832.0   0.32574
   2833.6   0.32553
   2835.1   0.32533
   2836.7   0.32512
   2838.2   0.32492
   2839.8   0.32474
   2841.3   0.32454
   2842.9   0.32434
   2844.4   0.32416
   2846.0   0.32397
   2847.6   0.32377
   2849.1   0.32354
   2850.7   0.32335
   2852.3   0.32318
   2853.8   0.32297
   2855.4   0.32278
   2857.0   0.32258
   2858.6   0.32241
   2860.1   0.32223
   2861.7   0.32204
   2863.3   0.32187
   2864.9   0.32173
   2866.5   0.32158
   2868.0   0.32142
   2869.6   0.32127
   2871.2   0.32111
   2872.8   0.32092
   2874.4   0.32076
   2876.0   0.32063
   2877.6   0.32051
   2879.2   0.32036
   2880.8   0.32019
   2882.4   0.32005
   2884.0   0.31991
   2885.6   0.31974
   2887.2   0.31956
   2888.8   0.31940
   2890.4   0.31928
   2892.0   0.31918
   2893.6   0.31908
   2895.3   0.31898
   2896.9   0.31884
   2898.5   0.31871
   2900.1   0.31859
   2901.8   0.31849
   2903.4   0.31842
   2905.0   0.31834
   2906.6   0.31824
   2908.3   0.31814
   2909.9   0.31802
   2911.5   0.31791
   2913.2   0.31780
   2914.8   0.31768
   2916.4   0.31757
   2918.1   0.31748
   2919.7   0.31742
   2921.4   0.31736
   2923.0   0.31725
   2924.7   0.31716
   2926.3   0.31708
   2928.0   0.31700
   2929.6   0.31691
   2931.3   0.31683
   2932.9   0.31677
   2934.6   0.31672
   2936.3   0.31667
   2937.9   0.31660
   2939.6   0.31654
   2941.3   0.31649
   2942.9   0.31644
   2944.6   0.31637
   2946.3   0.31627
   2947.9   0.31622
   2949.6   0.31619
   2951.3   0.31619
   2953.0   0.31618
   2954.6   0.31614
   2956.3   0.31609
   2958.0   0.31606
   2959.7   0.31604
   2961.4   0.31601
   2963.1   0.31602
   2964.8   0.31603
   2966.5   0.31604
   2968.2   0.31606
   2969.9   0.31609
   2971.6   0.31612
   2973.3   0.31611
   2975.0   0.31611
   2976.7   0.31614
   2978.4   0.31618
   2980.1   0.31622
   2981.8   0.31627
   2983.6   0.31634
   2985.3   0.31639
   2987.0   0.31641
   2988.7   0.31643
   2990.4   0.31646
   2992.2   0.31650
   2993.9   0.31655
   2995.6   0.31661
   2997.4   0.31666
   2999.1   0.31675
   3000.8   0.31682
   3002.6   0.31690
   3004.3   0.31699
   3006.0   0.31709
   3007.8   0.31719
   3009.5   0.31727
   3011.3   0.31738
   3013.0   0.31749
   3014.8   0.31754
   3016.5   0.31760
   3018.3   0.31767
   3020.0   0.31776
   3021.8   0.31783
   3023.6   0.31791
   3025.3   0.31802
   3027.1   0.31810
   3028.9   0.31814
   3030.6   0.31817
   3032.4   0.31823
   3034.2   0.31833
   3036.0   0.31844
   3037.7   0.31852
   3039.5   0.31860
   3041.3   0.31868
   3043.1   0.31877
   3044.9   0.31884
   3046.7   0.31891
   3048.4   0.31899
   3050.3   0.31910
   3052.0   0.31919
   3053.8   0.31924
   3055.6   0.31927
   3057.4   0.31932
   3059.2   0.31939
   3061.1   0.31946
   3062.9   0.31953
   3064.7   0.31960
   3066.5   0.31970
   3068.3   0.31979
   3070.1   0.31987
   3071.9   0.31993
   3073.8   0.32000
   3075.6   0.32008
   3077.4   0.32016
   3079.2   0.32025
   3081.1   0.32034
   3082.9   0.32045
   3084.7   0.32058
   3086.6   0.32070
   3088.4   0.32084
   3090.2   0.32096
   3092.1   0.32108
   3093.9   0.32120
   3095.8   0.32131
   3097.6   0.32144
   3099.5   0.32160
   3101.3   0.32179
   3103.2   0.32199
   3105.0   0.32217
   3106.9   0.32236
   3108.8   0.32254
   3110.6   0.32270
   3112.5   0.32284
   3114.4   0.32300
   3116.2   0.32316
   3118.1   0.32332
   3120.0   0.32346
   3121.9   0.32358
   3123.7   0.32370
   3125.6   0.32383
   3127.5   0.32399
   3129.4   0.32415
   3131.3   0.32429
   3133.2   0.32443
   3135.1   0.32459
   3137.0   0.32477
   3138.9   0.32493
   3140.8   0.32507
   3142.7   0.32522
   3144.6   0.32537
   3146.5   0.32555
   3148.4   0.32574
   3150.3   0.32593
   3152.2   0.32611
   3154.1   0.32628
   3156.1   0.32645
   3158.0   0.32661
   3159.9   0.32676
   3161.8   0.32693
   3163.8   0.32712
   3165.7   0.32731
   3167.6   0.32749
   3169.6   0.32766
   3171.5   0.32784
   3173.4   0.32802
   3175.4   0.32821
   3177.3   0.32840
   3179.3   0.32856
   3181.2   0.32877
   3183.2   0.32903
   3185.1   0.32927
   3187.1   0.32950
   3189.1   0.32970
   3191.0   0.32986
   3193.0   0.33001
   3195.0   0.33015
   3196.9   0.33031
   3198.9   0.33047
   3200.9   0.33062
   3202.9   0.33077
   3204.8   0.33095
   3206.8   0.33114
   3208.8   0.33130
   3210.8   0.33142
   3212.8   0.33152
   3214.8   0.33164
   3216.8   0.33178
   3218.8   0.33194
   3220.8   0.33208
   3222.8   0.33221
   3224.8   0.33238
   3226.8   0.33252
   3228.8   0.33264
   3230.8   0.33274
   3232.8   0.33279
   3234.8   0.33284
   3236.8   0.33290
   3238.9   0.33300
   3240.9   0.33313
   3242.9   0.33326
   3244.9   0.33336
   3247.0   0.33345
   3249.0   0.33342
   3251.0   0.33323
   3253.1   0.33301
   3255.1   0.33284
   3257.2   0.33276
   3259.2   0.33278
   3261.3   0.33292
   3263.3   0.33314
   3265.4   0.33342
   3267.4   0.33377
   3269.5   0.33414
   3271.6   0.33451
   3273.6   0.33484
   3275.7   0.33511
   3277.8   0.33533
   3279.8   0.33552
   3281.9   0.33568
   3284.0   0.33580
   3286.1   0.33589
   3288.1   0.33593
   3290.2   0.33590
   3292.3   0.33586
   3294.4   0.33582
   3296.5   0.33585
   3298.6   0.33598
   3300.7   0.33620
   3302.8   0.33645
   3304.9   0.33673
   3307.0   0.33700
   3309.1   0.33724
   3311.3   0.33741
   3313.4   0.33748
   3315.5   0.33757
   3317.6   0.33764
   3319.7   0.33767
   3321.9   0.33769
   3324.0   0.33768
   3326.1   0.33766
   3328.3   0.33766
   3330.4   0.33763
   3332.5   0.33757
   3334.7   0.33748
   3336.8   0.33735
   3339.0   0.33715
   3341.1   0.33690
   3343.3   0.33663
   3345.4   0.33633
   3347.6   0.33595
   3349.8   0.33543
   3351.9   0.33487
   3354.1   0.33427
   3356.3   0.33358
   3358.4   0.33277
   3360.6   0.33178
   3362.8   0.33059
   3365.0   0.32921
   3367.1   0.32775
   3369.3   0.32642
   3371.5   0.32542
   3373.7   0.32479
   3375.9   0.32452
   3378.1   0.32460
   3380.3   0.32509
   3382.5   0.32588
   3384.7   0.32668
   3386.9   0.32734
   3389.2   0.32772
   3391.4   0.32769
   3393.6   0.32730
   3395.8   0.32659
   3398.0   0.32564
   3400.3   0.32460
   3402.5   0.32357
   3404.7   0.32266
   3407.0   0.32190
   3409.2   0.32136
   3411.5   0.32103
   3413.7   0.32095
   3415.9   0.32119
   3418.2   0.32184
   3420.5   0.32283
   3422.7   0.32403
   3425.0   0.32532
   3427.2   0.32660
   3429.5   0.32780
   3431.8   0.32882
   3434.1   0.32963
   3436.3   0.33037
   3438.6   0.33100
   3440.9   0.33156
   3443.2   0.33207
   3445.5   0.33256
   3447.8   0.33303
   3450.0   0.33348
   3452.3   0.33393
   3454.6   0.33432
   3456.9   0.33466
   3459.3   0.33495
   3461.6   0.33517
   3463.9   0.33525
   3466.2   0.33513
   3468.5   0.33487
   3470.8   0.33456
   3473.1   0.33434
   3475.5   0.33427
   3477.8   0.33433
   3480.1   0.33444
   3482.5   0.33452
   3484.8   0.33454
   3487.2   0.33442
   3489.5   0.33415
   3491.9   0.33379
   3494.2   0.33344
   3496.6   0.33316
   3498.9   0.33306
   3501.3   0.33333
   3503.7   0.33406
   3506.0   0.33517
   3508.4   0.33646
   3510.8   0.33775
   3513.1   0.33891
   3515.5   0.33990
   3517.9   0.34079
   3520.3   0.34151
   3522.7   0.34211
   3525.1   0.34260
   3527.5   0.34302
   3529.9   0.34332
   3532.3   0.34355
   3534.7   0.34378
   3537.1   0.34400
   3539.5   0.34421
   3541.9   0.34440
   3544.4   0.34452
   3546.8   0.34460
   3549.2   0.34472
   3551.6   0.34487
   3554.1   0.34500
   3556.5   0.34518
   3559.0   0.34532
   3561.4   0.34541
   3563.9   0.34551
   3566.3   0.34560
   3568.8   0.34571
   3571.2   0.34579
   3573.7   0.34590
   3576.1   0.34600
   3578.6   0.34607
   3581.1   0.34612
   3583.6   0.34616
   3586.0   0.34624
   3588.5   0.34632
   3591.0   0.34639
   3593.5   0.34640
   3596.0   0.34643
   3598.5   0.34652
   3601.0   0.34656
   3603.5   0.34660
   3606.0   0.34661
   3608.5   0.34663
   3611.0   0.34664
   3613.5   0.34664
   3616.0   0.34669
   3618.6   0.34673
   3621.1   0.34676
   3623.6   0.34679
   3626.2   0.34686
   3628.7   0.34692
   3631.2   0.34696
   3633.8   0.34698
   3636.3   0.34700
   3638.9   0.34704
   3641.4   0.34707
   3644.0   0.34711
   3646.6   0.34712
   3649.1   0.34714
   3651.7   0.34716
   3654.3   0.34714
   3656.9   0.34716
   3659.4   0.34716
   3662.0   0.34718
   3664.6   0.34722
   3667.2   0.34719
   3669.8   0.34713
   3672.4   0.34713
   3675.0   0.34723
   3677.6   0.34733
   3680.2   0.34739
   3682.8   0.34746
   3685.4   0.34752
   3688.1   0.34756
   3690.7   0.34759
   3693.3   0.34767
   3695.9   0.34775
   3698.6   0.34778
   3701.2   0.34779
   3703.9   0.34787
   3706.5   0.34797
   3709.2   0.34804
   3711.8   0.34815
   3714.5   0.34825
   3717.1   0.34831
   3719.8   0.34836
   3722.5   0.34842
   3725.1   0.34853
   3727.8   0.34863
   3730.5   0.34873
   3733.2   0.34877
   3735.9   0.34881
   3738.6   0.34890
   3741.3   0.34896
   3744.0   0.34904
   3746.7   0.34912
   3749.4   0.34917
   3752.1   0.34922
   3754.8   0.34928
   3757.5   0.34931
   3760.3   0.34932
   3763.0   0.34935
   3765.7   0.34938
   3768.5   0.34944
   3771.2   0.34947
   3773.9   0.34947
   3776.7   0.34944
   3779.4   0.34940
   3782.2   0.34933
   3785.0   0.34923
   3787.7   0.34918
   3790.5   0.34915
   3793.3   0.34912
   3796.1   0.34904
   3798.8   0.34898
   3801.6   0.34894
   3804.4   0.34888
   3807.2   0.34882
   3810.0   0.34874
   3812.8   0.34867
   3815.6   0.34858
   3818.4   0.34851
   3821.2   0.34840
   3824.1   0.34831
   3826.9   0.34822
   3829.7   0.34813
   3832.5   0.34801
   3835.4   0.34790
   3838.2   0.34778
   3841.1   0.34767
   3843.9   0.34757
   3846.8   0.34745
   3849.6   0.34732
   3852.5   0.34720
   3855.3   0.34709
   3858.2   0.34697
   3861.1   0.34683
   3863.9   0.34671
   3866.8   0.34658
   3869.7   0.34647
   3872.6   0.34635
   3875.5   0.34622
   3878.4   0.34610
   3881.3   0.34596
   3884.2   0.34581
   3887.1   0.34565
   3890.0   0.34552
   3893.0   0.34542
   3895.9   0.34527
   3898.8   0.34510
   3901.7   0.34497
   3904.7   0.34483
   3907.6   0.34470
   3910.6   0.34457
   3913.5   0.34445
   3916.5   0.34432
   3919.4   0.34419
   3922.4   0.34405
   3925.4   0.34392
   3928.4   0.34380
   3931.3   0.34366
   3934.3   0.34352
   3937.3   0.34339
   3940.3   0.34325
   3943.3   0.34312
   3946.3   0.34301
   3949.3   0.34287
   3952.3   0.34272
   3955.3   0.34257
   3958.3   0.34241
   3961.4   0.34227
   3964.4   0.34214
   3967.4   0.34202
   3970.5   0.34190
   3973.5   0.34173
   3976.6   0.34157
   3979.6   0.34139
   3982.6   0.34122
   3985.7   0.34108
   3988.8   0.34095
   3991.9   0.34079
   3994.9   0.34061
   3998.0   0.34046
   4001.1   0.34033
   4004.2   0.34015
   4007.3   0.33995
   4010.4   0.33978
   4013.5   0.33964
   4016.6   0.33947
   4019.7   0.33929
   4022.8   0.33913
   4025.9   0.33897
   4029.1   0.33877
   4032.2   0.33856
   4035.3   0.33837
   4038.5   0.33820
   4041.6   0.33801
   4044.8   0.33783
   4047.9   0.33766
   4051.1   0.33744
   4054.3   0.33723
   4057.4   0.33707
   4060.6   0.33688
   4063.8   0.33667
   4067.0   0.33647
   4070.2   0.33626
   4073.4   0.33605
   4076.6   0.33584
   4079.8   0.33563
   4083.0   0.33541
   4086.2   0.33519
   4089.4   0.33499
   4092.7   0.33475
   4095.9   0.33451
   4099.1   0.33428
   4102.4   0.33402
   4105.6   0.33376
   4108.9   0.33353
   4112.1   0.33327
   4115.4   0.33302
   4118.7   0.33277
   4122.0   0.33254
   4125.2   0.33229
   4128.5   0.33203
   4131.8   0.33176
   4135.1   0.33154
   4138.4   0.33128
   4141.7   0.33103
   4145.0   0.33078
   4148.3   0.33049
   4151.6   0.33022
   4155.0   0.32997
   4158.3   0.32971
   4161.6   0.32943
   4165.0   0.32912
   4168.3   0.32884
   4171.7   0.32851
   4175.0   0.32818
   4178.4   0.32786
   4181.8   0.32755
   4185.2   0.32719
   4188.5   0.32681
   4191.9   0.32643
   4195.3   0.32607
   4198.7   0.32570
   4202.1   0.32529
   4205.5   0.32487
   4208.9   0.32445
   4212.4   0.32404
   4215.8   0.32361
   4219.2   0.32312
   4222.6   0.32262
   4226.1   0.32209
   4229.5   0.32154
   4233.0   0.32092
   4236.5   0.32027
   4239.9   0.31955
   4243.4   0.31876
   4246.9   0.31788
   4250.3   0.31694
   4253.8   0.31592
   4257.3   0.31482
   4260.8   0.31365
   4264.3   0.31239
   4267.8   0.31104
   4271.3   0.30960
   4274.9   0.30804
   4278.4   0.30639
   4281.9   0.30470
   4285.5   0.30295
   4289.0   0.30112
   4292.6   0.29929
   4296.1   0.29746
   4299.7   0.29566
   4303.3   0.29388
   4306.8   0.29226
   4310.4   0.29077
   4314.0   0.28937
   4317.6   0.28810
   4321.2   0.28696
   4324.8   0.28586
   4328.4   0.28483
   4332.0   0.28387
   4335.6   0.28293
   4339.3   0.28199
   4342.9   0.28107
   4346.5   0.28017
   4350.2   0.27928
   4353.8   0.27837
   4357.5   0.27746
   4361.1   0.27653
   4364.8   0.27565
   4368.5   0.27477
   4372.2   0.27389
   4375.9   0.27306
   4379.6   0.27226
   4383.3   0.27148
   4387.0   0.27077
   4390.7   0.27012
   4394.4   0.26955
   4398.1   0.26906
   4401.9   0.26868
   4405.6   0.26844
   4409.4   0.26830
   4413.1   0.26824
   4416.9   0.26829
   4420.6   0.26838
   4424.4   0.26854
   4428.2   0.26874
   4432.0   0.26897
   4435.8   0.26924
   4439.6   0.26949
   4443.4   0.26968
   4447.2   0.26985
   4451.0   0.27001
   4454.8   0.27013
   4458.6   0.27019
   4462.5   0.27018
   4466.3   0.27011
   4470.2   0.26998
   4474.0   0.26975
   4477.9   0.26947
   4481.8   0.26909
   4485.6   0.26867
   4489.5   0.26819
   4493.4   0.26765
   4497.3   0.26701
   4501.2   0.26629
   4505.1   0.26553
   4509.0   0.26474
   4513.0   0.26390
   4516.9   0.26304
   4520.9   0.26213
   4524.8   0.26117
   4528.7   0.26016
   4532.7   0.25909
   4536.7   0.25802
   4540.6   0.25692
   4544.6   0.25577
   4548.6   0.25460
   4552.6   0.25338
   4556.6   0.25217
   4560.6   0.25094
   4564.6   0.24964
   4568.6   0.24829
   4572.7   0.24692
   4576.7   0.24548
   4580.8   0.24403
   4584.8   0.24253
   4588.9   0.24101
   4592.9   0.23940
   4597.0   0.23770
   4601.1   0.23595
   4605.2   0.23414
   4609.3   0.23223
   4613.4   0.23026
   4617.5   0.22828
   4621.6   0.22629
   4625.7   0.22433
   4629.8   0.22244
   4634.0   0.22064
   4638.1   0.21900
   4642.3   0.21755
   4646.4   0.21631
   4650.6   0.21525
   4654.8   0.21439
   4659.0   0.21368
   4663.1   0.21306
   4667.3   0.21250
   4671.5   0.21196
   4675.8   0.21140
   4680.0   0.21082
   4684.2   0.21013
   4688.4   0.20938
   4692.7   0.20858
   4696.9   0.20776
   4701.2   0.20687
   4705.5   0.20594
   4709.7   0.20496
   4714.0   0.20395
   4718.3   0.20290
   4722.6   0.20184
   4726.9   0.20077
   4731.2   0.19969
   4735.5   0.19860
   4739.9   0.19756
   4744.2   0.19655
   4748.5   0.19557
   4752.9   0.19463
   4757.3   0.19376
   4761.6   0.19299
   4766.0   0.19232
   4770.4   0.19174
   4774.8   0.19126
   4779.2   0.19083
   4783.6   0.19046
   4788.0   0.19007
   4792.4   0.18967
   4796.9   0.18922
   4801.3   0.18872
   4805.8   0.18818
   4810.2   0.18759
   4814.7   0.18693
   4819.1   0.18628
   4823.6   0.18556
   4828.1   0.18483
   4832.6   0.18404
   4837.1   0.18321
   4841.6   0.18236
   4846.2   0.18150
   4850.7   0.18059
   4855.3   0.17966
   4859.8   0.17872
   4864.4   0.17777
   4868.9   0.17678
   4873.5   0.17583
   4878.1   0.17487
   4882.7   0.17392
   4887.3   0.17295
   4891.9   0.17200
   4896.5   0.17103
   4901.1   0.17006
   4905.8   0.16912
   4910.4   0.16818
   4915.1   0.16724
   4919.7   0.16633
   4924.4   0.16549
   4929.1   0.16469
   4933.8   0.16387
   4938.5   0.16305
   4943.2   0.16226
   4947.9   0.16149
   4952.6   0.16070
   4957.4   0.15989
   4962.1   0.15905
   4966.9   0.15818
   4971.6   0.15728
   4976.4   0.15638
   4981.2   0.15543
   4986.0   0.15443
   4990.8   0.15338
   4995.6   0.15228
   5000.4   0.15116
   5005.2   0.15001
   5010.0   0.14884
   5014.9   0.14769
   5019.8   0.14656
   5024.6   0.14543
   5029.5   0.14431
   5034.4   0.14326
   5039.3   0.14227
   5044.2   0.14133
   5049.1   0.14043
   5054.0   0.13961
   5058.9   0.13887
   5063.9   0.13818
   5068.8   0.13756
   5073.8   0.13697
   5078.8   0.13641
   5083.7   0.13585
   5088.7   0.13528
   5093.7   0.13472
   5098.7   0.13413
   5103.7   0.13349
   5108.8   0.13277
   5113.8   0.13197
   5118.9   0.13110
   5123.9   0.13016
   5129.0   0.12915
   5134.1   0.12811
   5139.1   0.12705
   5144.3   0.12599
   5149.4   0.12495
   5154.5   0.12391
   5159.6   0.12290
   5164.7   0.12194
   5169.9   0.12102
   5175.0   0.12015
   5180.2   0.11930
   5185.4   0.11849
   5190.6   0.11773
   5195.8   0.11700
   5201.0   0.11626
   5206.2   0.11555
   5211.5   0.11488
   5216.7   0.11421
   5222.0   0.11353
   5227.2   0.11285
   5232.5   0.11218
   5237.8   0.11145
   5243.1   0.11067
   5248.4   0.10986
   5253.7   0.10899
   5259.0   0.10811
   5264.4   0.10715
   5269.7   0.10615
   5275.1   0.10514
   5280.5   0.10414
   5285.8   0.10318
   5291.2   0.10225
   5296.6   0.10137
   5302.0   0.10058
   5307.5   0.09986
   5312.9   0.09922
   5318.4   0.09866
   5323.8   0.09816
   5329.3   0.09765
   5334.8   0.09714
   5340.3   0.09660
   5345.8   0.09601
   5351.3   0.09534
   5356.8   0.09458
   5362.4   0.09377
   5367.9   0.09293
   5373.5   0.09207
   5379.0   0.09120
   5384.6   0.09032
   5390.2   0.08945
   5395.8   0.08862
   5401.5   0.08783
   5407.1   0.08707
   5412.7   0.08639
   5418.4   0.08585
   5424.1   0.08537
   5429.7   0.08490
   5435.4   0.08453
   5441.1   0.08423
   5446.8   0.08402
   5452.6   0.08388
   5458.3   0.08385
   5464.1   0.08389
   5469.8   0.08397
   5475.6   0.08415
   5481.4   0.08440
   5487.2   0.08468
   5493.0   0.08501
   5498.8   0.08536
   5504.7   0.08570
   5510.5   0.08605
   5516.4   0.08647
   5522.3   0.08692
   5528.1   0.08737
   5534.0   0.08781
   5540.0   0.08827
   5545.9   0.08870
   5551.8   0.08908
   5557.8   0.08938
   5563.7   0.08960
   5569.7   0.08975
   5575.7   0.08989
   5581.7   0.08992
   5587.7   0.08984
   5593.7   0.08977
   5599.8   0.08970
   5605.8   0.08951
   5611.9   0.08924
   5618.0   0.08895
   5624.1   0.08860
   5630.2   0.08819
   5636.3   0.08779
   5642.4   0.08735
   5648.6   0.08680
   5654.7   0.08627
   5660.9   0.08573
   5667.1   0.08522
   5673.3   0.08480
   5679.5   0.08435
   5685.7   0.08393
   5692.0   0.08354
   5698.2   0.08312
   5704.5   0.08269
   5710.8   0.08222
   5717.1   0.08165
   5723.4   0.08106
   5729.7   0.08045
   5736.0   0.07982
   5742.4   0.07917
   5748.8   0.07853
   5755.1   0.07781
   5761.5   0.07714
   5768.0   0.07642
   5774.4   0.07556
   5780.8   0.07471
   5787.3   0.07388
   5793.7   0.07301
   5800.2   0.07217
   5806.7   0.07132
   5813.2   0.07048
   5819.8   0.06965
   5826.3   0.06876
   5832.8   0.06782
   5839.4   0.06691
   5846.0   0.06600
   5852.6   0.06513
   5859.2   0.06426
   5865.8   0.06340
   5872.5   0.06256
   5879.1   0.06181
   5885.8   0.06096
   5892.5   0.06015
   5899.2   0.05936
   5905.9   0.05850
   5912.6   0.05771
   5919.4   0.05696
   5926.2   0.05622
   5932.9   0.05553
   5939.7   0.05478
   5946.5   0.05393
   5953.4   0.05314
   5960.2   0.05237
   5967.1   0.05165
   5974.0   0.05091
   5980.8   0.05018
   5987.8   0.04955
   5994.7   0.04893
   6001.6   0.04835
   6008.6   0.04783
   6015.5   0.04739
   6022.5   0.04700
   6029.5   0.04668
   6036.5   0.04644
   6043.6   0.04634
   6050.6   0.04626
   6057.7   0.04609
   6064.8   0.04600
   6071.9   0.04602
   6079.0   0.04597
   6086.1   0.04590
   6093.3   0.04585
   6100.5   0.04579
   6107.6   0.04573
   6114.8   0.04565
   6122.1   0.04547
   6129.3   0.04531
   6136.5   0.04516
   6143.8   0.04502
   6151.1   0.04491
   6158.4   0.04485
   6165.7   0.04480
   6173.1   0.04479
   6180.4   0.04482
   6187.8   0.04485
   6195.2   0.04483
   6202.6   0.04485
   6210.0   0.04489
   6217.5   0.04490
   6225.0   0.04489
   6232.4   0.04489
   6239.9   0.04489
   6247.5   0.04491
   6255.0   0.04489
   6262.5   0.04485
   6270.1   0.04481
   6277.7   0.04475
   6285.3   0.04467
   6292.9   0.04459
   6300.6   0.04451
   6308.3   0.04444
   6315.9   0.04437
   6323.6   0.04435
   6331.4   0.04438
   6339.1   0.04447
   6346.9   0.04460
   6354.6   0.04472
   6362.4   0.04490
   6370.3   0.04513
   6378.1   0.04534
   6385.9   0.04555
   6393.8   0.04576
   6401.7   0.04594
   6409.6   0.04614
   6417.6   0.04623
   6425.5   0.04616
   6433.5   0.04605
   6441.5   0.04590
   6449.5   0.04571
   6457.5   0.04550
   6465.6   0.04531
   6473.6   0.04514
   6481.7   0.04498
   6489.8   0.04483
   6498.0   0.04469
   6506.1   0.04451
   6514.3   0.04440
   6522.5   0.04429
   6530.7   0.04415
   6538.9   0.04401
   6547.2   0.04387
   6555.5   0.04369
   6563.8   0.04351
   6572.1   0.04335
   6580.4   0.04314
   6588.8   0.04292
   6597.2   0.04270
   6605.6   0.04250
   6614.0   0.04235
   6622.5   0.04220
   6630.9   0.04211
   6639.4   0.04204
   6647.9   0.04194
   6656.5   0.04185
   6665.0   0.04182
   6673.6   0.04185
   6682.2   0.04191
   6690.8   0.04192
   6699.5   0.04194
   6708.1   0.04198
   6716.8   0.04199
   6725.5   0.04190
   6734.3   0.04178
   6743.0   0.04164
   6751.8   0.04147
   6760.6   0.04127
   6769.4   0.04108
   6778.3   0.04089
   6787.1   0.04068
   6796.0   0.04044
   6805.0   0.04019
   6813.9   0.04001
   6822.9   0.03986
   6831.9   0.03971
   6840.9   0.03958
   6849.9   0.03949
   6859.0   0.03946
   6868.0   0.03941
   6877.2   0.03929
   6886.3   0.03922
   6895.5   0.03916
   6904.6   0.03911
   6913.8   0.03907
   6923.1   0.03899
   6932.3   0.03889
   6941.6   0.03877
   6950.9   0.03864
   6960.2   0.03850
   6969.6   0.03830
   6979.0   0.03806
   6988.4   0.03784
   6997.8   0.03760
   7007.3   0.03734
   7016.8   0.03709
   7026.3   0.03681
   7035.8   0.03654
   7045.4   0.03629
   7054.9   0.03601
   7064.5   0.03576
   7074.2   0.03552
   7083.9   0.03529
   7093.5   0.03508
   7103.3   0.03484
   7113.0   0.03459
   7122.8   0.03434
   7132.6   0.03408
   7142.4   0.03384
   7152.2   0.03354
   7162.1   0.03322
   7172.0   0.03289
   7182.0   0.03252
   7191.9   0.03213
   7201.9   0.03176
   7211.9   0.03138
   7222.0   0.03095
   7232.0   0.03053
   7242.1   0.03017
   7252.3   0.02982
   7262.4   0.02945
   7272.6   0.02908
   7282.8   0.02872
   7293.1   0.02836
   7303.4   0.02800
   7313.6   0.02762
   7324.0   0.02724
   7334.3   0.02685
   7344.7   0.02645
   7355.1   0.02603
   7365.6   0.02560
   7376.1   0.02516
   7386.6   0.02474
   7397.1   0.02430
   7407.7   0.02389
   7418.3   0.02349
   7428.9   0.02306
   7439.6   0.02265
   7450.3   0.02224
   7461.0   0.02183
   7471.7   0.02143
   7482.5   0.02101
   7493.3   0.02058
   7504.1   0.02017
   7515.0   0.01977
   7525.9   0.01936
   7536.9   0.01897
   7547.9   0.01857
   7558.9   0.01816
   7569.9   0.01777
   7581.0   0.01743
   7592.0   0.01704
   7603.2   0.01663
   7614.4   0.01623
   7625.5   0.01584
   7636.8   0.01543
   7648.0   0.01503
   7659.3   0.01460
   7670.7   0.01417
   7682.0   0.01371
   7693.4   0.01326
   7704.9   0.01281
   7716.3   0.01234
   7727.8   0.01189
   7739.4   0.01144
   7750.9   0.01098
   7762.5   0.01055
   7774.2   0.01011
   7785.8   0.00967
   7797.5   0.00925
   7809.3   0.00884
   7821.1   0.00844
   7832.9   0.00803
   7844.7   0.00764
   7856.6   0.00724
   7868.5   0.00684
   7880.5   0.00646
   7892.5   0.00612
   7904.5   0.00579
   7916.6   0.00543
   7928.7   0.00507
   7940.8   0.00475
   7953.0   0.00446
   7965.2   0.00420
   7977.5   0.00400
   7989.8   0.00376
   8002.1   0.00353
   8014.5   0.00333
   8026.9   0.00316
   8039.3   0.00303
   8051.8   0.00293
   8064.3   0.00285
   8076.9   0.00282
   8089.5   0.00283
   8102.1   0.00293
   8114.8   0.00307
   8127.5   0.00329
   8140.3   0.00365
   8153.1   0.00415
   8165.9   0.00474
   8178.8   0.00550
   8191.7   0.00644
   8204.7   0.00755
   8217.7   0.00887
   8230.7   0.01040
   8243.8   0.01213
   8257.0   0.01404
   8270.1   0.01612
   8283.3   0.01837
   8296.6   0.02071
   8309.9   0.02313
   8323.2   0.02551
   8336.6   0.02782
   8350.0   0.03007
   8363.5   0.03213
   8377.0   0.03402
   8390.5   0.03586
   8404.2   0.03774
   8417.8   0.03968
   8431.5   0.04166
   8445.2   0.04343
   8459.0   0.04484
   8472.8   0.04584
   8486.7   0.04651
   8500.6   0.04698
   8514.5   0.04728
   8528.5   0.04753
   8542.6   0.04769
   8556.7   0.04771
   8570.8   0.04765
   8585.0   0.04752
   8599.3   0.04732
   8613.5   0.04702
   8627.9   0.04668
   8642.3   0.04637
   8656.7   0.04611
   8671.2   0.04586
   8685.7   0.04564
   8700.3   0.04543
   8714.9   0.04518
   8729.5   0.04488
   8744.3   0.04449
   8759.0   0.04399
   8773.9   0.04332
   8788.7   0.04259
   8803.7   0.04189
   8818.6   0.04125
   8833.7   0.04069
   8848.7   0.04017
   8863.8   0.03970
   8879.0   0.03926
   8894.3   0.03877
   8909.5   0.03824
   8924.9   0.03778
   8940.3   0.03748
   8955.7   0.03727
   8971.2   0.03713
   8986.8   0.03702
   9002.3   0.03688
   9018.0   0.03665
   9033.7   0.03625
   9049.5   0.03565
   9065.3   0.03487
   9081.2   0.03394
   9097.1   0.03288
   9113.1   0.03166
   9129.1   0.03031
   9145.2   0.02890
   9161.4   0.02750
   9177.6   0.02616
   9193.9   0.02508
   9210.2   0.02436
   9226.6   0.02396
   9243.0   0.02368
   9259.5   0.02325
   9276.1   0.02264
   9292.7   0.02205
   9309.4   0.02159
   9326.2   0.02127
   9343.0   0.02107
   9359.8   0.02101
   9376.8   0.02115
   9393.8   0.02150
   9410.8   0.02214
   9427.9   0.02308
   9445.1   0.02427
   9462.3   0.02576
   9479.6   0.02757
   9497.0   0.02961
   9514.4   0.03181
   9531.9   0.03409
   9549.4   0.03626
   9567.0   0.03818
   9584.7   0.03983
   9602.5   0.04113
   9620.3   0.04210
   9638.2   0.04277
   9656.1   0.04319
   9674.2   0.04334
   9692.2   0.04317
   9710.4   0.04271
   9728.6   0.04212
   9746.9   0.04162
   9765.2   0.04124
   9783.7   0.04064
   9802.2   0.03972
   9820.7   0.03864
   9839.4   0.03760
   9858.1   0.03677
   9876.8   0.03618
   9895.7   0.03578
   9914.6   0.03559
   9933.6   0.03568
   9952.7   0.03611
   9971.8   0.03670
   9991.0   0.03733
  10010.3   0.03791
  10029.7   0.03852
  10049.1   0.03934
  10068.6   0.04044
  10088.2   0.04174
  10107.9   0.04297
  10127.6   0.04382
  10147.5   0.04419
  10167.3   0.04422
  10187.3   0.04417
  10207.4   0.04437
  10227.5   0.04496
  10247.7   0.04609
  10268.0   0.04769
  10288.4   0.04933
  10308.8   0.05085
  10329.4   0.05225
  10350.0   0.05363
  10370.7   0.05535
  10391.5   0.05744
  10412.3   0.05948
  10433.3   0.06097
  10454.3   0.06190
  10475.4   0.06264
  10496.7   0.06343
  10517.9   0.06405
  10539.3   0.06419
  10560.8   0.06397
  10582.3   0.06385
  10604.0   0.06397
  10625.7   0.06398
  10647.5   0.06373
  10669.4   0.06333
  10691.4   0.06315
  10713.5   0.06331
  10735.7   0.06336
  10758.0   0.06294
  10780.3   0.06203
  10802.8   0.06089
  10825.4   0.05972
  10848.0   0.05848
  10870.8   0.05724
  10893.6   0.05642
  10916.5   0.05611
  10939.5   0.05593
  10962.7   0.05545
  10985.9   0.05465
  11009.2   0.05382
  11032.7   0.05315
  11056.2   0.05244
  11079.8   0.05142
  11103.5   0.05018
  11127.4   0.04899
  11151.3   0.04785
  11175.3   0.04663
  11199.5   0.04526
  11223.7   0.04394
  11248.0   0.04274
  11272.5   0.04159
  11297.1   0.04052
  11321.7   0.03966
  11346.5   0.03892
  11371.4   0.03824
  11396.4   0.03761
  11421.5   0.03707
  11446.7   0.03657
  11472.0   0.03616
  11497.5   0.03582
  11523.0   0.03547
  11548.7   0.03510
  11574.4   0.03479
  11600.3   0.03452
  11626.3   0.03420
  11652.5   0.03389
  11678.7   0.03372
  11705.1   0.03353
  11731.6   0.03334
  11758.2   0.03313
  11784.9   0.03298
  11811.7   0.03288
  11838.7   0.03264
  11865.8   0.03244
  11893.0   0.03226
  11920.3   0.03206
  11947.8   0.03194
  11975.4   0.03176
  12003.1   0.03156
  12031.0   0.03143
  12059.0   0.03128
  12087.1   0.03113
  12115.3   0.03095
  12143.7   0.03073
  12172.2   0.03048
  12200.8   0.03021
  12229.6   0.02995
  12258.5   0.02963
  12287.6   0.02925
  12316.8   0.02887
  12346.1   0.02841
  12375.5   0.02782
  12405.2   0.02728
  12434.9   0.02671
  12464.8   0.02603
  12494.8   0.02530
  12525.0   0.02452
  12555.3   0.02369
  12585.8   0.02283
  12616.4   0.02201
  12647.2   0.02116
  12678.1   0.02018
  12709.2   0.01920
  12740.4   0.01822
  12771.8   0.01728
  12803.3   0.01656
  12835.0   0.01623
  12866.9   0.01629
  12898.9   0.01663
  12931.1   0.01710
  12963.4   0.01753
  12995.9   0.01781
  13028.5   0.01794
  13061.3   0.01823
  13094.3   0.01893
  13127.5   0.01982
  13160.8   0.02048
  13194.3   0.02063
  13228.0   0.02029
  13261.8   0.01974
  13295.8   0.01921
  13330.0   0.01871
  13364.3   0.01826
  13398.8   0.01773
  13433.6   0.01719
  13468.5   0.01675
  13503.5   0.01640
  13538.8   0.01619
  13574.2   0.01628
  13609.9   0.01670
  13645.7   0.01737
  13681.7   0.01824
  13717.9   0.01906
  13754.3   0.01947
  13790.8   0.01946
  13827.6   0.01912
  13864.6   0.01864
  13901.8   0.01815
  13939.2   0.01756
  13976.7   0.01690
  14014.5   0.01629
  14052.5   0.01567
  14090.7   0.01515
  14129.0   0.01455
  14167.6   0.01394
  14206.5   0.01364
  14245.5   0.01368
  14284.7   0.01397
  14324.2   0.01422
  14363.9   0.01425
  14403.8   0.01421
  14443.9   0.01437
  14484.3   0.01486
  14524.8   0.01537
  14565.6   0.01549
  14606.7   0.01528
  14647.9   0.01507
  14689.4   0.01485
  14731.2   0.01462
  14773.1   0.01451
  14815.3   0.01463
  14857.8   0.01513
  14900.5   0.01594
  14943.4   0.01680
  14986.6   0.01767
  15030.0   0.01838
  15073.7   0.01861
  15117.7   0.01848
  15161.9   0.01834
  15206.3   0.01847
  15251.1   0.01921
  15296.1   0.02084
  15341.3   0.02354
  15386.8   0.02717
  15432.6   0.03122
  15478.7   0.03503
  15525.0   0.03803
  15571.7   0.03992
  15618.6   0.04077
  15665.8   0.04101
  15713.2   0.04112
  15761.0   0.04117
  15809.0   0.04126
  15857.4   0.04140
  15906.0   0.04139
  15955.0   0.04121
  16004.2   0.04067
  16053.8   0.03961
  16103.6   0.03800
  16153.8   0.03615
  16204.3   0.03457
  16255.1   0.03368
  16306.2   0.03398
  16357.6   0.03522
  16409.4   0.03702
  16461.5   0.03897
  16513.9   0.04053
  16566.7   0.04133
  16619.8   0.04120
  16673.2   0.04063
  16727.0   0.04074
  16781.1   0.04215
  16835.6   0.04491
  16890.5   0.04826
  16945.7   0.05089
  17001.2   0.05238
  17057.2   0.05277
  17113.4   0.05203
  17170.1   0.05052
  17227.2   0.04870
  17284.6   0.04673
  17342.4   0.04504
  17400.6   0.04376
  17459.2   0.04320
  17518.2   0.04313
  17577.5   0.04311
  17637.3   0.04283
  17697.5   0.04197
  17758.1   0.04066
  17819.2   0.03903
  17880.6   0.03735
  17942.5   0.03626
  18004.8   0.03613
  18067.5   0.03682
  18130.7   0.03808
  18194.3   0.03970
  18258.4   0.04192
  18322.9   0.04435
  18387.9   0.04647
  18453.3   0.04765
  18519.2   0.04768
  18585.6   0.04678
  18652.4   0.04490
  18719.8   0.04276
  18787.6   0.04033
  18855.9   0.03825
  18924.7   0.03613
  18994.1   0.03464
  19063.9   0.03363
  19134.3   0.03280
  19205.1   0.03195
  19276.5   0.03140
  19348.5   0.03097
  19420.9   0.03045
  19493.9   0.02972
  19567.5   0.02946
  19641.6   0.02913
  19716.3   0.02841
  19791.6   0.02748
  19867.4   0.02680
  19943.8   0.02570
  20020.8   0.02469
  20098.4   0.02362
  20176.6   0.02264
  20255.4   0.02195
  20334.8   0.02197
  20414.9   0.02305
  20495.6   0.02508
  20576.9   0.02653
  20658.9   0.02728
  20741.6   0.02690
  20824.8   0.02603
  20908.8   0.02478
  20993.5   0.02408
  21078.8   0.02428
  21164.8   0.02535
  21251.6   0.02632
  21339.1   0.02675
  21427.2   0.02639
  21516.1   0.02548
  21605.8   0.02417
  21696.2   0.02313
  21787.3   0.02228
  21879.3   0.02148
  21972.0   0.02071
  22065.4   0.02016
  22159.7   0.01938
  22254.8   0.01851
  22350.8   0.01741
  22447.5   0.01703
  22545.1   0.01722
  22643.6   0.01806
  22742.9   0.02002
  22843.1   0.02371
  22944.2   0.02819
  23046.1   0.03350
  23149.0   0.03807
  23252.8   0.04118
  23357.6   0.04246
  23463.3   0.04250
  23569.9   0.04149
  23677.5   0.04024
  23786.1   0.03895
  23895.8   0.03879
  24006.4   0.03899
  24118.0   0.03946
  24230.7   0.03912
  24344.5   0.03805
  24459.3   0.03748
  24575.3   0.03792
  24692.3   0.03872
  24810.4   0.03924
  24929.7   0.03949
  25050.1   0.04006
  25171.7   0.04141
  25294.5   0.04319
  25418.5   0.04413
  25543.7   0.04433
  25670.2   0.04504
  25797.9   0.04728
  25926.9   0.05071
  26057.2   0.05370
  26188.8   0.05474
  26321.7   0.05450
  26456.0   0.05358
  26591.7   0.05207
  26728.8   0.05009
  26867.2   0.04846
  27007.2   0.04706
  27148.6   0.04572
  27291.5   0.04333
  27435.9   0.04069
  27581.8   0.03822
  27729.3   0.03643
  27878.4   0.03632
  28029.1   0.03820
  28181.4   0.04026
  28335.4   0.04150
  28491.1   0.04224
  28648.5   0.04196
  28807.7   0.04122
  28968.6   0.04076
  29131.3   0.03975
  29295.9   0.03862
  29462.4   0.03723
  29630.7   0.03609
  29801.0   0.03485
  29973.3   0.03343
  30147.5   0.03173
  30323.8   0.03019
  30502.2   0.02948
  30682.7   0.03001
  30865.3   0.03106
  31050.2   0.03259
  31237.2   0.03355
  31426.5   0.03397
  31618.2   0.03310
  31812.1   0.03242
  32008.5   0.03300
  32207.3   0.03422
  32408.6   0.03539
  32612.4   0.03670
  32818.8   0.03818
  33027.9   0.03819
  33239.6   0.03607
  33454.1   0.03463
  33671.3   0.03398
  33891.4   0.03302
  34114.3   0.03150
  34340.3   0.03040
  34569.2   0.02976
  34801.2   0.02985
  35036.3   0.02962
  35274.7   0.02911
  35516.3   0.02876
  35761.2   0.02887
  36009.6   0.02751
  36261.4   0.02635
  36516.7   0.02646
  36775.7   0.02538
  37038.4   0.02439
  37304.9   0.02490
  37575.2   0.02314
  37849.5   0.02190
  38127.8   0.02167
  38410.2   0.02186
  38696.8   0.02290
  38987.8   0.02354
  39283.2   0.02391
  39583.0   0.02729
  39887.5   0.03006
  40196.7   0.03505
  40510.8   0.04013
  40829.8   0.04348
  41153.8   0.04367
  41483.0   0.04430
  41817.6   0.04590
  42157.5   0.04809
  42503.1   0.04862
  42854.4   0.04716
  43211.5   0.04520
  43574.6   0.04380
  43943.9   0.04143
  44319.5   0.04004
  44701.5   0.03927
  45090.2   0.03801
  45485.8   0.03573
  45888.3   0.03503
  46298.0   0.03395
  46715.1   0.03562
  47139.8   0.03869
  47572.3   0.04109
  48012.8   0.04170
  48461.5   0.03942
  48918.7   0.03918
  49384.6   0.04091
  49859.4   0.03880



 BIRALR254           .ASC                        

 LR-CMP-254                                                              
 60055,27 lunar FAN <200 um (est)                                        
 Connected at 3.8 & 18.5 um                                              

 Source Ang: 30.00   Detect Ang:  0.00  Volt: 1.222
 Date: 19-DEC-17   Time: 12:52:42
