   9542
   1999.97   .102201
   2000.16   .102632
   2000.35   .102779
   2000.54   .102667
   2000.74   .102681
   2000.93   .102499
   2001.12   .102350
   2001.32   .102225
   2001.51   .102400
   2001.70   .102394
   2001.90   .102624
   2002.09   .103057
   2002.28   .102923
   2002.48   .102342
   2002.67   .102230
   2002.86   .102871
   2003.06   .102988
   2003.25   .102797
   2003.44   .102570
   2003.64   .102587
   2003.83   .103249
   2004.02   .103297
   2004.22   .103221
   2004.41   .103239
   2004.60   .103276
   2004.80   .103158
   2004.99   .102762
   2005.18   .102693
   2005.38   .102885
   2005.57   .102791
   2005.77   .102745
   2005.96   .102981
   2006.15   .102974
   2006.35   .102910
   2006.54   .102771
   2006.74   .102989
   2006.93   .102950
   2007.12   .102690
   2007.32   .103373
   2007.51   .103880
   2007.71   .103866
   2007.90   .103601
   2008.10   .103340
   2008.29   .102767
   2008.48   .102558
   2008.68   .103019
   2008.87   .103644
   2009.07   .103228
   2009.26   .103061
   2009.46   .103488
   2009.65   .103577
   2009.85   .103753
   2010.04   .103394
   2010.24   .103545
   2010.43   .103499
   2010.63   .103211
   2010.82   .102935
   2011.01   .102758
   2011.21   .102956
   2011.40   .103510
   2011.60   .103166
   2011.79   .103180
   2011.99   .103818
   2012.18   .103473
   2012.38   .102926
   2012.58   .102670
   2012.77   .102854
   2012.97   .103266
   2013.16   .103339
   2013.36   .103369
   2013.55   .103289
   2013.75   .103482
   2013.94   .103721
   2014.14   .103661
   2014.33   .103429
   2014.53   .103457
   2014.72   .103600
   2014.92   .103225
   2015.12   .102971
   2015.31   .103302
   2015.51   .103633
   2015.70   .103953
   2015.90   .103734
   2016.10   .103268
   2016.29   .103520
   2016.49   .103392
   2016.68   .103383
   2016.88   .103240
   2017.08   .103487
   2017.27   .103843
   2017.47   .104151
   2017.66   .104278
   2017.86   .103728
   2018.06   .103515
   2018.25   .103771
   2018.45   .103772
   2018.64   .103607
   2018.84   .103546
   2019.04   .103262
   2019.23   .103634
   2019.43   .103913
   2019.63   .103817
   2019.82   .103935
   2020.02   .104216
   2020.22   .103630
   2020.41   .103287
   2020.61   .103503
   2020.81   .103625
   2021.00   .103771
   2021.20   .103987
   2021.40   .103821
   2021.59   .103759
   2021.79   .103691
   2021.99   .103200
   2022.19   .102873
   2022.38   .103876
   2022.58   .104396
   2022.78   .103380
   2022.97   .102981
   2023.17   .103227
   2023.37   .103492
   2023.57   .103652
   2023.76   .103991
   2023.96   .104093
   2024.16   .103733
   2024.36   .103741
   2024.55   .104306
   2024.75   .104501
   2024.95   .104144
   2025.15   .103721
   2025.34   .103377
   2025.54   .103760
   2025.74   .104633
   2025.94   .104648
   2026.13   .104179
   2026.33   .103920
   2026.53   .103949
   2026.73   .104029
   2026.93   .103875
   2027.12   .104016
   2027.32   .104335
   2027.52   .104271
   2027.72   .104247
   2027.92   .104038
   2028.12   .104148
   2028.31   .104109
   2028.51   .104158
   2028.71   .104235
   2028.91   .104475
   2029.11   .104989
   2029.31   .104813
   2029.50   .104211
   2029.70   .104324
   2029.90   .104642
   2030.10   .104570
   2030.30   .104474
   2030.50   .104504
   2030.70   .104449
   2030.89   .104144
   2031.09   .104066
   2031.29   .104361
   2031.49   .104494
   2031.69   .104351
   2031.89   .104041
   2032.09   .104069
   2032.29   .104545
   2032.49   .104543
   2032.68   .104373
   2032.88   .104431
   2033.08   .104784
   2033.28   .104724
   2033.48   .104520
   2033.68   .104514
   2033.88   .104468
   2034.08   .103850
   2034.28   .103916
   2034.48   .104492
   2034.68   .104655
   2034.88   .104464
   2035.08   .104828
   2035.28   .105220
   2035.48   .105018
   2035.68   .104820
   2035.88   .104445
   2036.08   .104459
   2036.28   .104368
   2036.48   .104113
   2036.68   .104131
   2036.88   .104601
   2037.08   .104743
   2037.28   .104559
   2037.48   .104517
   2037.68   .104503
   2037.88   .104455
   2038.08   .104750
   2038.28   .104598
   2038.48   .104453
   2038.68   .104539
   2038.88   .104680
   2039.08   .104356
   2039.28   .104468
   2039.48   .104780
   2039.68   .105089
   2039.88   .105194
   2040.08   .105012
   2040.28   .105423
   2040.48   .105309
   2040.68   .104840
   2040.88   .104893
   2041.08   .104978
   2041.28   .104652
   2041.48   .104752
   2041.69   .104927
   2041.89   .104846
   2042.09   .105034
   2042.29   .104935
   2042.49   .104580
   2042.69   .104710
   2042.89   .104724
   2043.09   .104614
   2043.29   .105035
   2043.50   .105383
   2043.70   .104975
   2043.90   .104594
   2044.10   .104679
   2044.30   .104881
   2044.50   .104870
   2044.70   .104751
   2044.90   .104884
   2045.11   .105120
   2045.31   .105289
   2045.51   .105414
   2045.71   .105522
   2045.91   .105434
   2046.11   .105197
   2046.32   .105045
   2046.52   .105236
   2046.72   .105844
   2046.92   .105570
   2047.12   .105490
   2047.33   .105703
   2047.53   .105777
   2047.73   .105521
   2047.93   .105199
   2048.13   .105319
   2048.34   .105446
   2048.54   .105613
   2048.74   .105510
   2048.94   .105315
   2049.15   .105283
   2049.35   .105103
   2049.55   .105068
   2049.75   .105356
   2049.96   .105309
   2050.16   .105072
   2050.36   .104833
   2050.56   .105024
   2050.77   .105317
   2050.97   .105332
   2051.17   .105477
   2051.37   .106009
   2051.58   .105879
   2051.78   .105326
   2051.98   .105267
   2052.19   .105487
   2052.39   .106034
   2052.59   .105909
   2052.79   .105859
   2053.00   .105976
   2053.20   .105246
   2053.40   .105207
   2053.61   .105410
   2053.81   .105727
   2054.01   .106041
   2054.22   .105914
   2054.42   .105802
   2054.62   .105739
   2054.83   .105659
   2055.03   .105362
   2055.23   .105457
   2055.44   .105523
   2055.64   .105408
   2055.85   .105324
   2056.05   .105376
   2056.25   .105759
   2056.46   .106036
   2056.66   .106044
   2056.86   .105975
   2057.07   .105834
   2057.27   .105487
   2057.48   .105564
   2057.68   .105470
   2057.88   .105860
   2058.09   .105955
   2058.29   .105732
   2058.50   .106185
   2058.70   .106832
   2058.91   .106288
   2059.11   .105773
   2059.31   .105663
   2059.52   .105748
   2059.72   .105724
   2059.93   .105749
   2060.13   .106200
   2060.34   .106114
   2060.54   .106235
   2060.75   .106468
   2060.95   .106148
   2061.16   .106214
   2061.36   .106193
   2061.56   .105727
   2061.77   .106163
   2061.97   .106230
   2062.18   .106133
   2062.38   .106588
   2062.59   .106374
   2062.79   .105873
   2063.00   .106205
   2063.20   .106575
   2063.41   .106391
   2063.61   .106352
   2063.82   .106256
   2064.03   .106187
   2064.23   .105927
   2064.44   .106008
   2064.64   .106631
   2064.85   .106602
   2065.05   .106007
   2065.26   .106078
   2065.46   .106356
   2065.67   .105914
   2065.87   .106033
   2066.08   .106493
   2066.29   .106538
   2066.49   .106594
   2066.70   .106368
   2066.90   .106418
   2067.11   .106295
   2067.32   .105874
   2067.52   .106211
   2067.73   .106725
   2067.93   .106572
   2068.14   .106340
   2068.35   .106581
   2068.55   .106629
   2068.76   .106327
   2068.96   .106374
   2069.17   .107134
   2069.38   .107017
   2069.58   .106224
   2069.79   .106405
   2070.00   .106647
   2070.20   .106396
   2070.41   .106457
   2070.62   .106804
   2070.82   .106502
   2071.03   .106302
   2071.24   .106789
   2071.44   .107161
   2071.65   .107084
   2071.86   .107038
   2072.06   .106520
   2072.27   .106087
   2072.48   .106603
   2072.68   .107016
   2072.89   .106573
   2073.10   .106235
   2073.31   .106349
   2073.51   .106893
   2073.72   .107179
   2073.93   .107188
   2074.14   .106758
   2074.34   .106189
   2074.55   .106329
   2074.76   .107105
   2074.96   .107049
   2075.17   .106853
   2075.38   .106631
   2075.59   .106935
   2075.79   .107611
   2076.00   .107341
   2076.21   .106713
   2076.42   .106798
   2076.63   .107009
   2076.83   .107280
   2077.04   .107209
   2077.25   .106980
   2077.46   .106919
   2077.67   .106587
   2077.87   .106601
   2078.08   .107190
   2078.29   .107552
   2078.50   .107112
   2078.71   .106817
   2078.91   .106791
   2079.12   .106717
   2079.33   .107030
   2079.54   .107271
   2079.75   .107636
   2079.96   .107695
   2080.17   .107621
   2080.37   .107510
   2080.58   .107097
   2080.79   .106962
   2081.00   .107091
   2081.21   .107685
   2081.42   .107776
   2081.63   .107373
   2081.83   .107387
   2082.04   .107730
   2082.25   .108021
   2082.46   .107685
   2082.67   .107821
   2082.88   .107935
   2083.09   .107750
   2083.30   .107244
   2083.51   .107149
   2083.72   .107401
   2083.93   .107207
   2084.13   .107542
   2084.34   .107742
   2084.55   .107877
   2084.76   .107538
   2084.97   .107130
   2085.18   .107446
   2085.39   .107960
   2085.60   .108321
   2085.81   .108102
   2086.02   .107819
   2086.23   .107949
   2086.44   .107667
   2086.65   .107472
   2086.86   .107791
   2087.07   .107927
   2087.28   .107565
   2087.49   .107331
   2087.70   .107551
   2087.91   .107884
   2088.12   .107706
   2088.33   .107333
   2088.54   .107551
   2088.75   .107883
   2088.96   .107868
   2089.17   .107766
   2089.38   .107703
   2089.59   .107828
   2089.80   .107870
   2090.01   .108020
   2090.22   .108081
   2090.43   .108191
   2090.64   .108252
   2090.85   .107962
   2091.07   .107721
   2091.28   .107914
   2091.49   .108158
   2091.70   .107977
   2091.91   .107842
   2092.12   .107802
   2092.33   .107806
   2092.54   .108030
   2092.75   .108287
   2092.96   .108267
   2093.18   .108214
   2093.39   .108130
   2093.60   .107988
   2093.81   .108388
   2094.02   .108428
   2094.23   .108228
   2094.44   .108209
   2094.65   .108155
   2094.87   .108258
   2095.08   .108128
   2095.29   .108119
   2095.50   .108152
   2095.71   .108469
   2095.92   .108508
   2096.14   .107936
   2096.35   .107631
   2096.56   .107923
   2096.77   .108165
   2096.98   .108511
   2097.19   .108642
   2097.41   .108408
   2097.62   .108181
   2097.83   .108403
   2098.04   .107990
   2098.26   .107451
   2098.47   .107889
   2098.68   .108376
   2098.89   .108924
   2099.10   .109314
   2099.32   .108974
   2099.53   .108672
   2099.74   .108773
   2099.95   .108773
   2100.17   .108960
   2100.38   .108899
   2100.59   .108429
   2100.80   .108359
   2101.02   .108570
   2101.23   .108673
   2101.44   .109226
   2101.66   .109014
   2101.87   .108572
   2102.08   .108894
   2102.29   .109152
   2102.51   .108938
   2102.72   .108741
   2102.93   .108664
   2103.15   .108687
   2103.36   .108492
   2103.57   .108585
   2103.79   .109058
   2104.00   .108980
   2104.21   .108571
   2104.43   .108370
   2104.64   .108852
   2104.85   .108780
   2105.07   .108412
   2105.28   .108688
   2105.49   .108773
   2105.71   .108576
   2105.92   .108170
   2106.14   .108301
   2106.35   .109215
   2106.56   .109277
   2106.78   .108716
   2106.99   .108648
   2107.20   .109169
   2107.42   .109487
   2107.63   .109130
   2107.85   .109079
   2108.06   .108911
   2108.28   .108896
   2108.49   .108948
   2108.70   .108914
   2108.92   .109007
   2109.13   .109098
   2109.35   .109140
   2109.56   .109740
   2109.78   .110001
   2109.99   .109484
   2110.20   .109494
   2110.42   .109453
   2110.63   .109201
   2110.85   .109112
   2111.06   .109253
   2111.28   .109372
   2111.49   .109295
   2111.71   .109529
   2111.92   .109405
   2112.14   .109204
   2112.35   .109395
   2112.57   .109581
   2112.78   .109328
   2113.00   .109418
   2113.21   .109621
   2113.43   .109302
   2113.64   .109310
   2113.86   .109270
   2114.07   .109430
   2114.29   .109213
   2114.51   .108656
   2114.72   .109032
   2114.94   .109379
   2115.15   .109579
   2115.37   .109735
   2115.58   .109774
   2115.80   .109525
   2116.01   .109555
   2116.23   .109891
   2116.45   .109932
   2116.66   .109891
   2116.88   .109753
   2117.09   .109455
   2117.31   .109255
   2117.53   .109451
   2117.74   .109977
   2117.96   .110107
   2118.18   .109758
   2118.39   .109570
   2118.61   .109555
   2118.82   .110015
   2119.04   .110254
   2119.26   .109630
   2119.47   .109772
   2119.69   .110264
   2119.91   .110193
   2120.12   .109927
   2120.34   .109931
   2120.56   .110394
   2120.77   .110429
   2120.99   .110268
   2121.21   .109985
   2121.42   .110075
   2121.64   .110574
   2121.86   .110187
   2122.07   .109719
   2122.29   .109600
   2122.51   .109553
   2122.73   .109534
   2122.94   .110051
   2123.16   .110546
   2123.38   .110393
   2123.59   .110443
   2123.81   .110372
   2124.03   .110339
   2124.25   .110529
   2124.46   .110517
   2124.68   .110458
   2124.90   .110592
   2125.12   .110492
   2125.33   .110436
   2125.55   .110478
   2125.77   .110103
   2125.99   .109975
   2126.21   .110057
   2126.42   .110093
   2126.64   .110199
   2126.86   .110329
   2127.08   .110344
   2127.30   .110422
   2127.51   .110464
   2127.73   .110559
   2127.95   .110446
   2128.17   .110246
   2128.39   .110163
   2128.61   .110530
   2128.82   .110722
   2129.04   .110534
   2129.26   .110401
   2129.48   .110385
   2129.70   .110333
   2129.92   .110300
   2130.13   .110485
   2130.35   .111128
   2130.57   .111057
   2130.79   .110969
   2131.01   .111463
   2131.23   .111519
   2131.45   .111035
   2131.67   .110993
   2131.89   .111138
   2132.10   .110973
   2132.32   .110767
   2132.54   .110554
   2132.76   .110784
   2132.98   .110823
   2133.20   .110589
   2133.42   .110324
   2133.64   .110248
   2133.86   .110427
   2134.08   .110720
   2134.30   .110702
   2134.52   .111038
   2134.74   .111520
   2134.96   .111408
   2135.18   .111220
   2135.40   .111306
   2135.62   .111224
   2135.84   .111005
   2136.06   .111072
   2136.28   .111285
   2136.50   .111070
   2136.72   .111010
   2136.94   .111030
   2137.16   .111205
   2137.38   .111215
   2137.60   .110939
   2137.82   .111268
   2138.04   .111221
   2138.26   .111252
   2138.48   .111294
   2138.70   .111203
   2138.92   .110891
   2139.14   .111407
   2139.36   .111838
   2139.58   .111530
   2139.80   .111311
   2140.02   .111248
   2140.24   .111252
   2140.46   .110949
   2140.68   .110953
   2140.90   .111287
   2141.13   .111421
   2141.35   .111766
   2141.57   .111731
   2141.79   .111502
   2142.01   .111469
   2142.23   .111351
   2142.45   .111223
   2142.67   .111722
   2142.89   .111842
   2143.11   .111414
   2143.34   .111128
   2143.56   .111323
   2143.78   .111471
   2144.00   .111714
   2144.22   .111871
   2144.44   .111531
   2144.67   .111527
   2144.89   .111974
   2145.11   .112113
   2145.33   .111584
   2145.55   .111299
   2145.78   .111747
   2146.00   .111764
   2146.22   .111429
   2146.44   .111647
   2146.66   .112034
   2146.88   .112163
   2147.11   .112215
   2147.33   .112101
   2147.55   .112075
   2147.77   .111850
   2148.00   .111436
   2148.22   .111747
   2148.44   .111887
   2148.66   .111671
   2148.89   .111674
   2149.11   .111835
   2149.33   .111977
   2149.55   .111995
   2149.78   .111750
   2150.00   .111782
   2150.22   .112170
   2150.44   .111998
   2150.67   .111650
   2150.89   .111974
   2151.11   .112457
   2151.34   .112075
   2151.56   .111804
   2151.78   .112037
   2152.01   .112074
   2152.23   .112039
   2152.45   .112142
   2152.68   .112193
   2152.90   .112006
   2153.12   .112161
   2153.35   .112817
   2153.57   .113084
   2153.79   .112354
   2154.02   .112230
   2154.24   .112896
   2154.46   .112799
   2154.69   .112644
   2154.91   .112506
   2155.14   .112432
   2155.36   .112481
   2155.58   .112396
   2155.81   .112060
   2156.03   .112182
   2156.25   .112640
   2156.48   .112554
   2156.70   .112590
   2156.93   .112960
   2157.15   .112710
   2157.38   .112260
   2157.60   .112320
   2157.82   .112796
   2158.05   .112918
   2158.27   .112649
   2158.50   .112567
   2158.72   .112297
   2158.95   .112298
   2159.17   .112588
   2159.40   .112860
   2159.62   .112782
   2159.85   .112764
   2160.07   .112817
   2160.30   .113165
   2160.52   .113405
   2160.75   .113427
   2160.97   .113048
   2161.20   .112745
   2161.42   .112750
   2161.65   .112952
   2161.87   .112776
   2162.10   .112936
   2162.32   .113158
   2162.55   .112817
   2162.77   .112651
   2163.00   .112619
   2163.22   .112602
   2163.45   .112904
   2163.67   .113138
   2163.90   .113163
   2164.13   .113310
   2164.35   .113081
   2164.58   .112876
   2164.80   .112959
   2165.03   .112903
   2165.26   .112803
   2165.48   .112898
   2165.71   .113042
   2165.93   .112965
   2166.16   .112889
   2166.39   .112779
   2166.61   .112687
   2166.84   .112932
   2167.06   .113139
   2167.29   .113131
   2167.52   .113537
   2167.74   .113651
   2167.97   .113009
   2168.20   .113090
   2168.42   .113372
   2168.65   .113427
   2168.88   .113587
   2169.10   .113894
   2169.33   .113799
   2169.56   .113628
   2169.78   .113489
   2170.01   .113706
   2170.24   .113605
   2170.46   .113314
   2170.69   .113324
   2170.92   .113377
   2171.15   .113374
   2171.37   .113336
   2171.60   .113584
   2171.83   .113794
   2172.06   .113891
   2172.28   .113646
   2172.51   .113433
   2172.74   .113338
   2172.97   .113295
   2173.19   .113513
   2173.42   .113724
   2173.65   .113617
   2173.88   .113448
   2174.10   .113607
   2174.33   .113597
   2174.56   .113629
   2174.79   .113919
   2175.01   .114011
   2175.24   .113931
   2175.47   .114109
   2175.70   .114347
   2175.93   .114120
   2176.16   .114073
   2176.38   .113989
   2176.61   .113705
   2176.84   .113686
   2177.07   .113908
   2177.30   .113844
   2177.53   .113526
   2177.75   .113555
   2177.98   .113850
   2178.21   .114079
   2178.44   .113876
   2178.67   .113934
   2178.90   .113986
   2179.13   .114108
   2179.36   .114107
   2179.58   .113965
   2179.81   .114072
   2180.04   .114014
   2180.27   .113996
   2180.50   .114066
   2180.73   .114041
   2180.96   .114281
   2181.19   .114276
   2181.42   .114413
   2181.65   .114559
   2181.88   .114535
   2182.11   .114410
   2182.33   .114369
   2182.56   .114370
   2182.79   .114433
   2183.02   .114673
   2183.25   .114705
   2183.48   .114343
   2183.71   .114804
   2183.94   .115180
   2184.17   .114846
   2184.40   .114523
   2184.63   .114503
   2184.86   .114575
   2185.09   .114458
   2185.32   .114430
   2185.55   .114780
   2185.78   .114960
   2186.01   .114650
   2186.24   .115025
   2186.47   .115176
   2186.70   .114951
   2186.93   .114499
   2187.17   .114639
   2187.40   .115172
   2187.63   .115149
   2187.86   .115008
   2188.09   .114776
   2188.32   .114903
   2188.55   .114930
   2188.78   .114566
   2189.01   .114560
   2189.24   .114853
   2189.47   .114958
   2189.70   .115060
   2189.94   .115275
   2190.17   .115334
   2190.40   .115435
   2190.63   .115373
   2190.86   .115532
   2191.09   .115483
   2191.32   .115408
   2191.55   .115227
   2191.79   .114966
   2192.02   .115058
   2192.25   .115121
   2192.48   .115219
   2192.71   .115219
   2192.94   .115117
   2193.18   .114922
   2193.41   .115246
   2193.64   .115749
   2193.87   .115404
   2194.10   .114835
   2194.34   .114927
   2194.57   .115155
   2194.80   .115339
   2195.03   .115368
   2195.26   .115438
   2195.50   .115197
   2195.73   .115163
   2195.96   .115348
   2196.19   .115317
   2196.43   .115298
   2196.66   .115647
   2196.89   .115977
   2197.12   .115698
   2197.36   .115552
   2197.59   .116022
   2197.82   .116092
   2198.06   .115968
   2198.29   .115878
   2198.52   .115848
   2198.75   .115613
   2198.99   .115479
   2199.22   .115165
   2199.45   .114912
   2199.69   .114974
   2199.92   .115261
   2200.15   .115505
   2200.39   .115969
   2200.62   .116211
   2200.85   .115999
   2201.09   .116273
   2201.32   .116063
   2201.55   .115683
   2201.79   .115484
   2202.02   .115558
   2202.25   .115461
   2202.49   .115785
   2202.72   .115928
   2202.96   .115532
   2203.19   .115765
   2203.42   .115859
   2203.66   .115739
   2203.89   .115814
   2204.13   .115564
   2204.36   .115762
   2204.59   .116255
   2204.83   .116041
   2205.06   .115821
   2205.30   .115749
   2205.53   .115837
   2205.77   .115865
   2206.00   .115784
   2206.23   .116014
   2206.47   .116330
   2206.70   .116467
   2206.94   .116192
   2207.17   .115820
   2207.41   .115707
   2207.64   .116064
   2207.88   .116438
   2208.11   .116386
   2208.35   .116120
   2208.58   .116253
   2208.82   .116216
   2209.05   .116429
   2209.29   .116451
   2209.52   .116299
   2209.76   .116692
   2209.99   .117059
   2210.23   .116672
   2210.47   .116309
   2210.70   .116355
   2210.94   .116660
   2211.17   .116597
   2211.41   .116465
   2211.64   .116451
   2211.88   .116439
   2212.11   .116564
   2212.35   .116717
   2212.59   .116554
   2212.82   .116571
   2213.06   .116591
   2213.29   .116696
   2213.53   .116852
   2213.77   .116897
   2214.00   .117074
   2214.24   .116837
   2214.48   .116638
   2214.71   .116904
   2214.95   .117073
   2215.18   .116947
   2215.42   .116946
   2215.66   .116764
   2215.89   .116772
   2216.13   .117171
   2216.37   .117204
   2216.60   .116909
   2216.84   .116884
   2217.08   .116869
   2217.32   .117083
   2217.55   .117179
   2217.79   .117036
   2218.03   .116819
   2218.26   .116575
   2218.50   .116964
   2218.74   .117302
   2218.98   .117280
   2219.21   .117426
   2219.45   .117436
   2219.69   .117360
   2219.93   .117457
   2220.16   .117329
   2220.40   .117017
   2220.64   .116843
   2220.88   .117133
   2221.11   .117554
   2221.35   .117480
   2221.59   .117364
   2221.83   .117642
   2222.06   .117746
   2222.30   .117558
   2222.54   .117409
   2222.78   .117319
   2223.02   .117232
   2223.25   .117137
   2223.49   .117397
   2223.73   .117467
   2223.97   .117233
   2224.21   .117159
   2224.45   .117485
   2224.69   .117676
   2224.92   .117485
   2225.16   .117553
   2225.40   .117776
   2225.64   .117864
   2225.88   .118012
   2226.12   .117694
   2226.36   .117528
   2226.59   .118310
   2226.83   .118501
   2227.07   .117931
   2227.31   .117538
   2227.55   .117720
   2227.79   .118035
   2228.03   .117949
   2228.27   .117847
   2228.51   .117821
   2228.75   .117795
   2228.99   .117655
   2229.23   .117808
   2229.47   .118382
   2229.71   .118584
   2229.94   .117957
   2230.18   .117742
   2230.42   .117771
   2230.66   .117678
   2230.90   .117665
   2231.14   .118075
   2231.38   .118138
   2231.62   .118365
   2231.86   .118708
   2232.10   .118588
   2232.34   .118215
   2232.58   .117978
   2232.82   .118013
   2233.06   .118004
   2233.31   .118220
   2233.55   .118500
   2233.79   .118536
   2234.03   .118325
   2234.27   .118217
   2234.51   .118135
   2234.75   .118351
   2234.99   .118677
   2235.23   .118590
   2235.47   .118382
   2235.71   .118381
   2235.95   .118440
   2236.19   .118381
   2236.43   .118040
   2236.68   .118358
   2236.92   .118421
   2237.16   .118494
   2237.40   .118602
   2237.64   .118634
   2237.88   .118992
   2238.12   .118812
   2238.36   .118302
   2238.61   .118319
   2238.85   .118469
   2239.09   .118471
   2239.33   .118562
   2239.57   .118611
   2239.81   .118416
   2240.06   .118908
   2240.30   .119050
   2240.54   .118914
   2240.78   .118835
   2241.02   .118882
   2241.27   .118657
   2241.51   .118478
   2241.75   .118615
   2241.99   .118713
   2242.23   .118727
   2242.48   .118809
   2242.72   .118817
   2242.96   .118827
   2243.20   .118797
   2243.45   .118766
   2243.69   .119270
   2243.93   .119455
   2244.17   .119030
   2244.42   .118933
   2244.66   .119018
   2244.90   .119165
   2245.15   .119107
   2245.39   .119227
   2245.63   .119184
   2245.87   .118973
   2246.12   .118974
   2246.36   .118949
   2246.60   .118989
   2246.85   .119052
   2247.09   .119036
   2247.33   .119112
   2247.58   .118869
   2247.82   .119036
   2248.06   .119276
   2248.31   .119216
   2248.55   .119143
   2248.80   .119110
   2249.04   .119183
   2249.28   .119388
   2249.53   .119683
   2249.77   .119493
   2250.01   .119320
   2250.26   .119277
   2250.50   .119126
   2250.75   .119155
   2250.99   .119510
   2251.24   .119816
   2251.48   .119935
   2251.72   .119896
   2251.97   .120015
   2252.21   .119774
   2252.46   .119751
   2252.70   .119442
   2252.95   .119163
   2253.19   .119411
   2253.44   .119950
   2253.68   .119863
   2253.93   .119785
   2254.17   .120101
   2254.42   .119846
   2254.66   .119505
   2254.91   .119425
   2255.15   .119462
   2255.40   .119618
   2255.64   .119906
   2255.89   .120028
   2256.13   .120084
   2256.38   .119823
   2256.62   .119702
   2256.87   .119997
   2257.11   .120006
   2257.36   .119837
   2257.60   .120041
   2257.85   .120097
   2258.10   .119842
   2258.34   .119713
   2258.59   .119826
   2258.83   .120063
   2259.08   .120130
   2259.32   .120036
   2259.57   .120040
   2259.82   .120398
   2260.06   .120338
   2260.31   .120162
   2260.56   .120112
   2260.80   .119748
   2261.05   .119814
   2261.29   .119861
   2261.54   .120000
   2261.79   .120441
   2262.03   .120741
   2262.28   .120505
   2262.53   .120269
   2262.77   .120191
   2263.02   .120273
   2263.27   .120563
   2263.51   .120456
   2263.76   .120087
   2264.01   .120509
   2264.26   .120768
   2264.50   .120389
   2264.75   .120343
   2265.00   .120608
   2265.24   .120681
   2265.49   .120641
   2265.74   .120688
   2265.99   .120750
   2266.23   .120610
   2266.48   .120798
   2266.73   .121068
   2266.98   .120792
   2267.22   .120587
   2267.47   .120819
   2267.72   .120828
   2267.97   .120808
   2268.22   .120583
   2268.46   .120699
   2268.71   .120877
   2268.96   .120706
   2269.21   .120524
   2269.46   .120525
   2269.70   .121014
   2269.95   .120958
   2270.20   .120907
   2270.45   .120879
   2270.70   .120617
   2270.95   .120707
   2271.19   .120766
   2271.44   .120619
   2271.69   .120829
   2271.94   .121134
   2272.19   .120703
   2272.44   .120559
   2272.69   .120903
   2272.94   .121339
   2273.19   .121689
   2273.43   .121534
   2273.68   .121058
   2273.93   .121015
   2274.18   .120994
   2274.43   .121170
   2274.68   .121314
   2274.93   .121192
   2275.18   .121100
   2275.43   .121291
   2275.68   .121556
   2275.93   .121433
   2276.18   .121182
   2276.43   .121140
   2276.68   .121374
   2276.93   .121454
   2277.18   .121451
   2277.43   .121342
   2277.68   .121235
   2277.93   .121330
   2278.18   .121569
   2278.43   .121978
   2278.68   .121758
   2278.93   .121521
   2279.18   .121596
   2279.43   .121672
   2279.68   .121730
   2279.93   .121793
   2280.18   .121576
   2280.43   .121743
   2280.68   .121758
   2280.93   .121327
   2281.18   .121434
   2281.43   .121755
   2281.68   .121781
   2281.93   .121970
   2282.19   .122042
   2282.44   .122086
   2282.69   .121959
   2282.94   .121813
   2283.19   .121755
   2283.44   .121909
   2283.69   .121982
   2283.94   .121890
   2284.20   .121831
   2284.45   .121806
   2284.70   .121916
   2284.95   .121950
   2285.20   .121904
   2285.45   .121911
   2285.71   .121908
   2285.96   .121669
   2286.21   .121852
   2286.46   .122307
   2286.71   .122515
   2286.97   .122354
   2287.22   .122264
   2287.47   .122221
   2287.72   .122311
   2287.97   .122233
   2288.23   .122251
   2288.48   .122472
   2288.73   .122635
   2288.98   .122487
   2289.24   .121932
   2289.49   .121774
   2289.74   .122057
   2289.99   .122258
   2290.25   .122593
   2290.50   .122473
   2290.75   .122302
   2291.01   .122567
   2291.26   .122394
   2291.51   .122136
   2291.76   .122452
   2292.02   .122505
   2292.27   .122313
   2292.52   .122324
   2292.78   .122702
   2293.03   .122852
   2293.28   .122604
   2293.54   .122398
   2293.79   .122579
   2294.04   .122490
   2294.30   .122579
   2294.55   .122667
   2294.81   .122500
   2295.06   .122527
   2295.31   .122789
   2295.57   .122890
   2295.82   .122614
   2296.08   .122811
   2296.33   .123101
   2296.58   .122906
   2296.84   .122694
   2297.09   .122862
   2297.35   .122827
   2297.60   .122682
   2297.86   .123127
   2298.11   .123115
   2298.36   .122802
   2298.62   .122913
   2298.87   .123245
   2299.13   .123300
   2299.38   .123079
   2299.64   .122847
   2299.89   .122633
   2300.15   .122793
   2300.40   .123190
   2300.66   .123368
   2300.91   .123211
   2301.17   .123217
   2301.42   .123594
   2301.68   .123558
   2301.93   .123086
   2302.19   .123040
   2302.45   .123220
   2302.70   .123097
   2302.96   .122991
   2303.21   .122982
   2303.47   .123221
   2303.72   .123621
   2303.98   .123638
   2304.23   .123336
   2304.49   .123235
   2304.75   .123593
   2305.00   .123748
   2305.26   .123664
   2305.51   .123619
   2305.77   .123601
   2306.03   .123603
   2306.28   .123440
   2306.54   .123541
   2306.80   .123743
   2307.05   .123645
   2307.31   .123632
   2307.57   .123625
   2307.82   .123610
   2308.08   .123500
   2308.34   .123282
   2308.59   .123469
   2308.85   .123489
   2309.11   .123532
   2309.36   .123772
   2309.62   .123548
   2309.88   .123611
   2310.14   .123948
   2310.39   .124092
   2310.65   .123950
   2310.91   .123726
   2311.16   .123449
   2311.42   .123506
   2311.68   .124127
   2311.94   .124370
   2312.19   .124055
   2312.45   .124109
   2312.71   .124108
   2312.97   .123897
   2313.23   .124003
   2313.48   .124217
   2313.74   .124163
   2314.00   .124232
   2314.26   .124250
   2314.52   .124225
   2314.77   .124177
   2315.03   .124112
   2315.29   .124026
   2315.55   .123923
   2315.81   .124153
   2316.07   .124473
   2316.32   .124360
   2316.58   .123988
   2316.84   .124081
   2317.10   .124300
   2317.36   .124479
   2317.62   .124558
   2317.88   .124681
   2318.14   .124566
   2318.39   .124302
   2318.65   .124597
   2318.91   .124744
   2319.17   .124622
   2319.43   .124671
   2319.69   .124518
   2319.95   .124236
   2320.21   .124491
   2320.47   .124611
   2320.73   .124558
   2320.99   .124401
   2321.25   .124321
   2321.51   .124557
   2321.77   .124508
   2322.03   .124470
   2322.29   .124391
   2322.55   .124403
   2322.81   .124680
   2323.07   .125009
   2323.33   .124960
   2323.59   .124946
   2323.85   .125133
   2324.11   .125103
   2324.37   .124984
   2324.63   .124914
   2324.89   .124917
   2325.15   .124877
   2325.41   .125043
   2325.67   .125319
   2325.93   .125311
   2326.19   .124800
   2326.45   .124789
   2326.71   .125163
   2326.97   .125148
   2327.24   .124790
   2327.50   .124885
   2327.76   .125400
   2328.02   .125718
   2328.28   .125522
   2328.54   .125180
   2328.80   .125081
   2329.06   .125186
   2329.33   .125609
   2329.59   .125693
   2329.85   .125330
   2330.11   .124978
   2330.37   .125084
   2330.63   .125381
   2330.90   .125569
   2331.16   .125308
   2331.42   .125303
   2331.68   .125428
   2331.94   .125346
   2332.21   .125336
   2332.47   .125449
   2332.73   .125492
   2332.99   .125559
   2333.25   .125563
   2333.52   .125330
   2333.78   .125246
   2334.04   .125236
   2334.30   .125499
   2334.57   .125611
   2334.83   .125551
   2335.09   .125577
   2335.36   .125592
   2335.62   .125650
   2335.88   .125562
   2336.14   .125672
   2336.41   .125601
   2336.67   .125679
   2336.93   .125883
   2337.20   .125578
   2337.46   .125354
   2337.72   .125590
   2337.99   .125780
   2338.25   .125768
   2338.51   .125614
   2338.78   .125716
   2339.04   .125794
   2339.30   .125866
   2339.57   .126017
   2339.83   .126193
   2340.10   .126255
   2340.36   .126336
   2340.62   .126418
   2340.89   .126122
   2341.15   .125734
   2341.42   .126232
   2341.68   .126668
   2341.95   .126425
   2342.21   .126222
   2342.47   .126502
   2342.74   .126544
   2343.00   .126318
   2343.27   .125992
   2343.53   .125757
   2343.80   .125650
   2344.06   .125944
   2344.33   .126395
   2344.59   .126497
   2344.86   .126453
   2345.12   .126288
   2345.39   .126151
   2345.65   .126285
   2345.92   .126360
   2346.18   .126301
   2346.45   .126463
   2346.71   .126687
   2346.98   .126431
   2347.24   .126051
   2347.51   .126330
   2347.77   .126657
   2348.04   .126568
   2348.31   .126542
   2348.57   .126652
   2348.84   .126717
   2349.10   .126756
   2349.37   .126719
   2349.64   .126742
   2349.90   .126811
   2350.17   .126652
   2350.43   .126401
   2350.70   .126480
   2350.97   .126697
   2351.23   .126669
   2351.50   .126645
   2351.77   .126787
   2352.03   .126659
   2352.30   .126587
   2352.57   .126642
   2352.83   .126712
   2353.10   .127001
   2353.37   .127123
   2353.63   .126861
   2353.90   .126803
   2354.17   .126780
   2354.43   .126852
   2354.70   .126900
   2354.97   .126732
   2355.24   .126663
   2355.50   .126816
   2355.77   .126901
   2356.04   .126829
   2356.31   .126949
   2356.57   .127222
   2356.84   .127200
   2357.11   .127112
   2357.38   .127141
   2357.64   .127312
   2357.91   .127461
   2358.18   .127400
   2358.45   .127105
   2358.72   .127067
   2358.98   .127467
   2359.25   .127401
   2359.52   .127196
   2359.79   .127231
   2360.06   .127368
   2360.33   .127369
   2360.60   .127402
   2360.86   .127472
   2361.13   .127235
   2361.40   .127236
   2361.67   .127458
   2361.94   .127484
   2362.21   .127548
   2362.48   .127357
   2362.75   .127163
   2363.01   .127323
   2363.28   .127532
   2363.55   .127563
   2363.82   .127428
   2364.09   .127734
   2364.36   .127992
   2364.63   .127831
   2364.90   .127754
   2365.17   .127624
   2365.44   .127446
   2365.71   .127547
   2365.98   .127713
   2366.25   .127900
   2366.52   .128012
   2366.79   .127702
   2367.06   .127657
   2367.33   .127823
   2367.60   .127970
   2367.87   .128169
   2368.14   .128280
   2368.41   .128318
   2368.68   .128049
   2368.95   .127985
   2369.22   .128151
   2369.49   .128150
   2369.76   .128098
   2370.03   .128043
   2370.30   .127992
   2370.57   .128038
   2370.84   .128283
   2371.12   .128460
   2371.39   .128282
   2371.66   .128201
   2371.93   .127997
   2372.20   .127924
   2372.47   .128086
   2372.74   .128256
   2373.01   .128078
   2373.29   .128056
   2373.56   .128164
   2373.83   .128275
   2374.10   .128252
   2374.37   .128346
   2374.64   .128619
   2374.91   .128523
   2375.19   .128403
   2375.46   .128282
   2375.73   .128088
   2376.00   .128368
   2376.27   .128537
   2376.55   .128185
   2376.82   .128230
   2377.09   .128310
   2377.36   .128457
   2377.64   .128626
   2377.91   .128538
   2378.18   .128517
   2378.45   .128662
   2378.73   .128765
   2379.00   .128618
   2379.27   .128477
   2379.54   .128602
   2379.82   .128614
   2380.09   .128957
   2380.36   .129147
   2380.64   .128867
   2380.91   .128712
   2381.18   .128736
   2381.46   .128838
   2381.73   .128972
   2382.00   .128847
   2382.28   .128724
   2382.55   .128858
   2382.82   .128941
   2383.10   .128900
   2383.37   .128880
   2383.64   .129186
   2383.92   .129319
   2384.19   .129342
   2384.47   .129157
   2384.74   .129306
   2385.02   .129623
   2385.29   .129410
   2385.56   .129172
   2385.84   .129059
   2386.11   .129189
   2386.39   .129500
   2386.66   .129493
   2386.94   .129431
   2387.21   .129161
   2387.49   .129327
   2387.76   .129513
   2388.03   .129576
   2388.31   .129262
   2388.58   .128872
   2388.86   .129199
   2389.13   .129322
   2389.41   .129186
   2389.68   .129196
   2389.96   .129507
   2390.24   .129804
   2390.51   .129938
   2390.79   .129662
   2391.06   .129497
   2391.34   .129407
   2391.61   .129665
   2391.89   .129985
   2392.16   .129948
   2392.44   .129800
   2392.72   .129875
   2392.99   .129941
   2393.27   .129703
   2393.54   .129562
   2393.82   .129638
   2394.10   .129798
   2394.37   .129931
   2394.65   .129922
   2394.93   .129573
   2395.20   .129590
   2395.48   .129793
   2395.75   .129611
   2396.03   .129618
   2396.31   .129771
   2396.58   .129995
   2396.86   .130192
   2397.14   .130123
   2397.42   .130029
   2397.69   .130164
   2397.97   .130150
   2398.25   .130056
   2398.52   .130082
   2398.80   .130190
   2399.08   .130264
   2399.36   .130438
   2399.63   .130538
   2399.91   .130420
   2400.19   .130297
   2400.47   .130257
   2400.74   .130281
   2401.02   .130211
   2401.30   .130319
   2401.58   .130660
   2401.86   .130418
   2402.13   .130185
   2402.41   .130379
   2402.69   .130585
   2402.97   .130759
   2403.25   .130535
   2403.53   .130474
   2403.80   .130460
   2404.08   .130451
   2404.36   .130580
   2404.64   .130478
   2404.92   .130257
   2405.20   .130494
   2405.48   .130593
   2405.75   .130470
   2406.03   .130496
   2406.31   .130624
   2406.59   .130533
   2406.87   .130430
   2407.15   .130767
   2407.43   .130681
   2407.71   .130558
   2407.99   .130711
   2408.27   .130797
   2408.55   .130948
   2408.83   .131081
   2409.11   .130943
   2409.39   .130887
   2409.67   .130863
   2409.95   .130675
   2410.23   .130703
   2410.51   .130786
   2410.79   .131052
   2411.07   .131194
   2411.35   .131195
   2411.63   .131258
   2411.91   .131149
   2412.19   .130907
   2412.47   .131105
   2412.75   .131194
   2413.03   .131049
   2413.31   .131013
   2413.59   .131207
   2413.87   .131291
   2414.15   .131272
   2414.43   .131212
   2414.71   .131132
   2414.99   .131252
   2415.28   .131580
   2415.56   .131731
   2415.84   .131710
   2416.12   .131321
   2416.40   .131394
   2416.68   .131459
   2416.96   .131434
   2417.25   .131545
   2417.53   .131351
   2417.81   .131249
   2418.09   .131683
   2418.37   .131785
   2418.65   .131537
   2418.94   .131529
   2419.22   .131663
   2419.50   .131679
   2419.78   .131693
   2420.06   .131545
   2420.35   .131480
   2420.63   .131407
   2420.91   .131509
   2421.19   .131833
   2421.48   .131757
   2421.76   .131637
   2422.04   .131785
   2422.32   .132032
   2422.61   .131954
   2422.89   .131615
   2423.17   .131588
   2423.46   .131634
   2423.74   .131572
   2424.02   .131740
   2424.31   .132101
   2424.59   .132163
   2424.87   .131813
   2425.16   .131680
   2425.44   .131766
   2425.72   .131576
   2426.01   .131652
   2426.29   .131994
   2426.57   .132055
   2426.86   .132104
   2427.14   .132168
   2427.43   .132182
   2427.71   .132215
   2427.99   .132151
   2428.28   .132055
   2428.56   .131878
   2428.85   .132233
   2429.13   .132407
   2429.41   .132184
   2429.70   .132281
   2429.98   .132385
   2430.27   .132479
   2430.55   .132490
   2430.84   .132304
   2431.12   .132464
   2431.41   .132630
   2431.69   .132446
   2431.98   .132231
   2432.26   .132150
   2432.55   .132271
   2432.83   .132402
   2433.12   .132468
   2433.40   .132441
   2433.69   .132539
   2433.97   .132782
   2434.26   .132929
   2434.55   .132731
   2434.83   .132631
   2435.12   .132567
   2435.40   .132527
   2435.69   .132595
   2435.97   .132690
   2436.26   .132772
   2436.55   .132843
   2436.83   .132711
   2437.12   .132558
   2437.41   .132757
   2437.69   .132916
   2437.98   .132836
   2438.26   .132666
   2438.55   .132798
   2438.84   .133079
   2439.12   .133140
   2439.41   .132941
   2439.70   .132899
   2439.98   .132833
   2440.27   .132752
   2440.56   .132930
   2440.85   .133142
   2441.13   .133311
   2441.42   .133032
   2441.71   .132689
   2441.99   .132927
   2442.28   .133471
   2442.57   .133560
   2442.86   .133401
   2443.15   .133200
   2443.43   .133184
   2443.72   .133091
   2444.01   .132928
   2444.30   .132865
   2444.59   .132962
   2444.87   .132939
   2445.16   .132993
   2445.45   .133264
   2445.74   .133262
   2446.03   .133196
   2446.32   .133369
   2446.60   .133476
   2446.89   .133416
   2447.18   .133497
   2447.47   .133837
   2447.76   .133748
   2448.05   .133673
   2448.34   .133844
   2448.63   .133660
   2448.92   .133466
   2449.21   .133800
   2449.49   .133806
   2449.78   .133563
   2450.07   .133548
   2450.36   .133559
   2450.65   .133470
   2450.94   .133482
   2451.23   .133613
   2451.52   .133730
   2451.81   .133687
   2452.10   .133773
   2452.39   .133732
   2452.68   .133553
   2452.97   .133473
   2453.26   .133793
   2453.55   .133968
   2453.84   .133855
   2454.13   .133768
   2454.42   .133821
   2454.71   .133797
   2455.00   .133929
   2455.29   .134144
   2455.58   .134110
   2455.88   .134288
   2456.17   .134298
   2456.46   .134079
   2456.75   .134015
   2457.04   .134236
   2457.33   .134150
   2457.62   .133812
   2457.91   .133786
   2458.20   .133946
   2458.50   .133960
   2458.79   .134002
   2459.08   .134366
   2459.37   .134382
   2459.66   .134367
   2459.95   .134336
   2460.25   .134155
   2460.54   .134356
   2460.83   .134441
   2461.12   .134417
   2461.41   .134507
   2461.71   .134483
   2462.00   .134190
   2462.29   .134163
   2462.58   .134349
   2462.87   .134430
   2463.17   .134383
   2463.46   .134318
   2463.75   .134401
   2464.05   .134661
   2464.34   .134824
   2464.63   .134942
   2464.92   .135017
   2465.22   .134657
   2465.51   .134502
   2465.80   .134592
   2466.10   .134667
   2466.39   .134772
   2466.68   .134854
   2466.98   .134961
   2467.27   .134851
   2467.56   .134822
   2467.86   .134809
   2468.15   .134934
   2468.44   .135019
   2468.74   .134979
   2469.03   .134876
   2469.33   .134792
   2469.62   .134724
   2469.91   .134848
   2470.21   .135174
   2470.50   .135123
   2470.80   .135034
   2471.09   .135014
   2471.39   .134673
   2471.68   .134688
   2471.97   .134995
   2472.27   .134798
   2472.56   .134852
   2472.86   .135187
   2473.15   .135293
   2473.45   .135287
   2473.74   .135356
   2474.04   .135178
   2474.33   .134989
   2474.63   .135093
   2474.93   .135331
   2475.22   .135249
   2475.52   .135207
   2475.81   .135145
   2476.11   .134882
   2476.40   .135211
   2476.70   .135464
   2476.99   .135307
   2477.29   .135255
   2477.59   .135353
   2477.88   .135568
   2478.18   .135822
   2478.47   .135885
   2478.77   .135637
   2479.07   .135337
   2479.36   .135282
   2479.66   .135320
   2479.96   .135668
   2480.25   .135767
   2480.55   .135669
   2480.85   .135887
   2481.14   .135980
   2481.44   .135945
   2481.74   .135984
   2482.03   .136061
   2482.33   .136005
   2482.63   .135997
   2482.93   .135855
   2483.22   .135646
   2483.52   .135857
   2483.82   .135966
   2484.11   .136005
   2484.41   .135966
   2484.71   .135837
   2485.01   .135950
   2485.31   .135947
   2485.60   .135721
   2485.90   .135864
   2486.20   .135889
   2486.50   .135669
   2486.80   .135661
   2487.09   .135928
   2487.39   .136093
   2487.69   .136322
   2487.99   .136341
   2488.29   .136249
   2488.59   .136217
   2488.88   .136156
   2489.18   .136197
   2489.48   .136357
   2489.78   .136215
   2490.08   .135998
   2490.38   .136006
   2490.68   .136098
   2490.98   .136410
   2491.28   .136626
   2491.58   .136662
   2491.88   .136616
   2492.17   .136390
   2492.47   .136215
   2492.77   .136546
   2493.07   .136660
   2493.37   .136602
   2493.67   .136544
   2493.97   .136304
   2494.27   .136357
   2494.57   .136698
   2494.87   .136861
   2495.17   .136580
   2495.47   .136405
   2495.77   .136369
   2496.07   .136460
   2496.37   .136671
   2496.67   .136564
   2496.98   .136475
   2497.28   .136589
   2497.58   .136682
   2497.88   .136570
   2498.18   .136519
   2498.48   .136662
   2498.78   .136697
   2499.08   .136524
   2499.38   .136654
   2499.68   .136860
   2499.99   .136962
   2500.29   .137126
   2500.59   .137152
   2500.89   .137026
   2501.19   .136983
   2501.49   .137074
   2501.80   .137141
   2502.10   .136999
   2502.40   .136960
   2502.70   .137121
   2503.00   .137026
   2503.30   .137026
   2503.61   .137222
   2503.91   .137281
   2504.21   .137252
   2504.51   .137110
   2504.82   .137145
   2505.12   .136907
   2505.42   .136970
   2505.72   .137327
   2506.03   .137341
   2506.33   .137137
   2506.63   .137314
   2506.94   .137400
   2507.24   .137438
   2507.54   .137399
   2507.85   .137331
   2508.15   .137330
   2508.45   .137159
   2508.76   .137239
   2509.06   .137261
   2509.36   .137080
   2509.67   .137173
   2509.97   .137388
   2510.27   .137496
   2510.58   .137450
   2510.88   .137296
   2511.19   .137431
   2511.49   .137762
   2511.79   .137822
   2512.10   .137592
   2512.40   .137641
   2512.71   .137892
   2513.01   .137891
   2513.32   .137751
   2513.62   .137678
   2513.93   .137910
   2514.23   .137908
   2514.53   .137739
   2514.84   .137796
   2515.14   .137805
   2515.45   .137757
   2515.75   .138084
   2516.06   .138215
   2516.37   .138125
   2516.67   .138190
   2516.98   .137943
   2517.28   .137669
   2517.59   .137669
   2517.89   .137920
   2518.20   .137959
   2518.50   .137910
   2518.81   .138062
   2519.12   .138131
   2519.42   .138156
   2519.73   .138316
   2520.03   .138176
   2520.34   .137995
   2520.65   .138150
   2520.95   .138343
   2521.26   .138374
   2521.57   .138338
   2521.87   .138314
   2522.18   .138229
   2522.49   .138519
   2522.79   .138420
   2523.10   .138246
   2523.41   .138459
   2523.71   .138440
   2524.02   .138300
   2524.33   .138537
   2524.64   .138774
   2524.94   .138620
   2525.25   .138555
   2525.56   .138350
   2525.87   .138291
   2526.17   .138560
   2526.48   .138734
   2526.79   .138682
   2527.10   .138859
   2527.40   .138702
   2527.71   .138458
   2528.02   .138438
   2528.33   .138456
   2528.64   .138503
   2528.95   .138567
   2529.25   .138599
   2529.56   .138685
   2529.87   .138813
   2530.18   .138828
   2530.49   .138711
   2530.80   .138549
   2531.11   .138656
   2531.42   .138800
   2531.72   .139015
   2532.03   .139093
   2532.34   .138857
   2532.65   .138802
   2532.96   .138726
   2533.27   .138772
   2533.58   .138709
   2533.89   .138767
   2534.20   .138971
   2534.51   .139106
   2534.82   .139227
   2535.13   .139064
   2535.44   .138746
   2535.75   .138753
   2536.06   .139046
   2536.37   .139217
   2536.68   .139290
   2536.99   .139387
   2537.30   .139232
   2537.61   .139054
   2537.92   .139247
   2538.23   .139414
   2538.54   .139413
   2538.85   .139394
   2539.16   .139477
   2539.47   .139557
   2539.79   .139449
   2540.10   .139195
   2540.41   .139068
   2540.72   .139148
   2541.03   .139357
   2541.34   .139349
   2541.65   .139453
   2541.96   .139465
   2542.28   .139250
   2542.59   .139242
   2542.90   .139493
   2543.21   .139556
   2543.52   .139458
   2543.84   .139543
   2544.15   .139805
   2544.46   .139775
   2544.77   .139512
   2545.08   .139553
   2545.40   .139721
   2545.71   .139757
   2546.02   .139785
   2546.33   .139735
   2546.65   .139861
   2546.96   .139808
   2547.27   .139694
   2547.59   .139929
   2547.90   .139949
   2548.21   .140108
   2548.52   .140037
   2548.84   .139872
   2549.15   .140054
   2549.46   .140159
   2549.78   .139972
   2550.09   .140071
   2550.40   .140075
   2550.72   .139815
   2551.03   .139700
   2551.35   .139993
   2551.66   .140341
   2551.97   .140420
   2552.29   .140633
   2552.60   .140433
   2552.92   .140072
   2553.23   .140103
   2553.54   .140353
   2553.86   .140481
   2554.17   .140442
   2554.49   .140125
   2554.80   .139941
   2555.12   .140298
   2555.43   .140382
   2555.75   .140287
   2556.06   .140225
   2556.38   .140232
   2556.69   .140461
   2557.01   .140536
   2557.32   .140477
   2557.64   .140589
   2557.95   .140580
   2558.27   .140278
   2558.59   .140170
   2558.90   .140407
   2559.22   .140592
   2559.53   .140468
   2559.85   .140448
   2560.17   .140600
   2560.48   .140747
   2560.80   .140906
   2561.11   .140702
   2561.43   .140635
   2561.75   .140930
   2562.06   .140988
   2562.38   .140799
   2562.70   .140741
   2563.01   .140682
   2563.33   .140660
   2563.65   .140723
   2563.96   .140724
   2564.28   .140791
   2564.60   .140790
   2564.91   .140864
   2565.23   .140952
   2565.55   .141211
   2565.87   .140859
   2566.18   .140638
   2566.50   .140953
   2566.82   .141087
   2567.14   .141168
   2567.45   .141248
   2567.77   .141085
   2568.09   .140842
   2568.41   .141033
   2568.73   .141106
   2569.04   .140897
   2569.36   .140936
   2569.68   .140973
   2570.00   .140965
   2570.32   .140954
   2570.64   .141053
   2570.96   .141197
   2571.27   .141160
   2571.59   .141052
   2571.91   .141235
   2572.23   .141302
   2572.55   .141145
   2572.87   .141190
   2573.19   .141337
   2573.51   .141320
   2573.83   .141219
   2574.15   .141399
   2574.47   .141557
   2574.79   .141520
   2575.11   .141599
   2575.43   .141540
   2575.74   .141607
   2576.06   .141761
   2576.38   .141726
   2576.70   .141479
   2577.02   .141375
   2577.35   .141657
   2577.67   .141948
   2577.99   .141842
   2578.31   .141485
   2578.63   .141539
   2578.95   .141705
   2579.27   .141698
   2579.59   .141778
   2579.91   .141721
   2580.23   .141708
   2580.55   .141900
   2580.87   .141880
   2581.19   .141832
   2581.52   .141606
   2581.84   .141535
   2582.16   .141750
   2582.48   .141992
   2582.80   .141940
   2583.12   .141697
   2583.45   .141615
   2583.77   .141603
   2584.09   .141733
   2584.41   .141759
   2584.73   .141972
   2585.06   .142052
   2585.38   .142214
   2585.70   .142308
   2586.02   .142231
   2586.35   .142073
   2586.67   .142070
   2586.99   .142135
   2587.31   .142138
   2587.64   .142077
   2587.96   .141850
   2588.28   .141960
   2588.60   .142150
   2588.93   .142085
   2589.25   .142104
   2589.57   .142279
   2589.90   .142336
   2590.22   .142309
   2590.54   .142352
   2590.87   .142355
   2591.19   .142418
   2591.52   .142487
   2591.84   .142460
   2592.16   .142534
   2592.49   .142477
   2592.81   .142590
   2593.14   .142834
   2593.46   .142899
   2593.78   .142598
   2594.11   .142228
   2594.43   .141982
   2594.76   .142131
   2595.08   .142580
   2595.41   .142816
   2595.73   .142414
   2596.06   .142415
   2596.38   .142621
   2596.71   .142697
   2597.03   .142855
   2597.36   .142706
   2597.68   .142355
   2598.01   .142395
   2598.33   .142586
   2598.66   .142659
   2598.99   .142965
   2599.31   .142940
   2599.64   .142822
   2599.96   .142843
   2600.29   .142920
   2600.61   .142856
   2600.94   .142792
   2601.27   .142731
   2601.59   .142758
   2601.92   .142914
   2602.25   .143089
   2602.57   .143129
   2602.90   .142992
   2603.23   .142875
   2603.55   .143004
   2603.88   .143222
   2604.21   .143309
   2604.53   .143189
   2604.86   .143192
   2605.19   .142873
   2605.52   .142621
   2605.84   .142908
   2606.17   .143189
   2606.50   .143178
   2606.83   .143167
   2607.15   .143199
   2607.48   .143122
   2607.81   .143276
   2608.14   .143390
   2608.46   .143364
   2608.79   .143379
   2609.12   .143391
   2609.45   .143312
   2609.78   .143077
   2610.11   .142892
   2610.43   .143123
   2610.76   .143362
   2611.09   .143476
   2611.42   .143609
   2611.75   .143602
   2612.08   .143427
   2612.41   .143335
   2612.74   .143312
   2613.07   .143221
   2613.40   .143428
   2613.72   .143719
   2614.05   .143832
   2614.38   .143881
   2614.71   .143767
   2615.04   .143568
   2615.37   .143605
   2615.70   .143919
   2616.03   .143944
   2616.36   .143676
   2616.69   .143575
   2617.02   .143397
   2617.35   .143382
   2617.68   .143527
   2618.01   .143650
   2618.34   .143592
   2618.68   .143669
   2619.01   .143766
   2619.34   .143825
   2619.67   .143930
   2620.00   .143937
   2620.33   .143721
   2620.66   .143804
   2620.99   .143781
   2621.32   .143669
   2621.65   .143796
   2621.99   .143896
   2622.32   .144011
   2622.65   .143977
   2622.98   .144083
   2623.31   .144194
   2623.64   .144183
   2623.98   .144286
   2624.31   .144262
   2624.64   .143974
   2624.97   .143826
   2625.31   .143972
   2625.64   .144186
   2625.97   .144227
   2626.30   .144028
   2626.64   .144049
   2626.97   .144357
   2627.30   .144451
   2627.63   .144537
   2627.97   .144550
   2628.30   .144525
   2628.63   .144657
   2628.97   .144603
   2629.30   .144304
   2629.63   .144439
   2629.97   .144605
   2630.30   .144353
   2630.63   .144264
   2630.97   .144514
   2631.30   .144449
   2631.63   .144341
   2631.97   .144528
   2632.30   .144654
   2632.64   .144667
   2632.97   .144653
   2633.31   .144592
   2633.64   .144655
   2633.97   .144557
   2634.31   .144450
   2634.64   .144542
   2634.98   .144652
   2635.31   .144720
   2635.65   .144846
   2635.98   .144997
   2636.32   .144955
   2636.65   .144739
   2636.99   .144806
   2637.32   .144916
   2637.66   .144772
   2637.99   .144801
   2638.33   .144894
   2638.67   .144947
   2639.00   .144816
   2639.34   .144706
   2639.67   .144890
   2640.01   .144929
   2640.35   .144782
   2640.68   .144955
   2641.02   .144979
   2641.35   .144868
   2641.69   .144993
   2642.03   .144986
   2642.36   .144687
   2642.70   .144734
   2643.04   .145224
   2643.37   .145342
   2643.71   .145356
   2644.05   .145426
   2644.39   .145240
   2644.72   .145005
   2645.06   .144949
   2645.40   .144839
   2645.73   .144853
   2646.07   .145106
   2646.41   .145161
   2646.75   .145269
   2647.09   .145424
   2647.42   .145367
   2647.76   .145306
   2648.10   .145265
   2648.44   .145270
   2648.78   .145289
   2649.11   .145372
   2649.45   .145426
   2649.79   .145488
   2650.13   .145449
   2650.47   .145419
   2650.81   .145302
   2651.15   .145066
   2651.49   .144946
   2651.82   .145238
   2652.16   .145381
   2652.50   .145294
   2652.84   .145493
   2653.18   .145547
   2653.52   .145514
   2653.86   .145584
   2654.20   .145458
   2654.54   .145509
   2654.88   .145575
   2655.22   .145727
   2655.56   .145774
   2655.90   .145839
   2656.24   .145930
   2656.58   .145849
   2656.92   .145795
   2657.26   .145840
   2657.60   .145646
   2657.94   .145608
   2658.28   .145609
   2658.62   .145668
   2658.96   .145784
   2659.30   .145782
   2659.65   .145703
   2659.99   .145622
   2660.33   .145771
   2660.67   .145903
   2661.01   .145898
   2661.35   .145704
   2661.69   .145559
   2662.04   .145674
   2662.38   .145981
   2662.72   .146188
   2663.06   .146241
   2663.40   .146026
   2663.75   .145864
   2664.09   .145864
   2664.43   .145981
   2664.77   .145950
   2665.11   .145946
   2665.46   .145996
   2665.80   .146103
   2666.14   .146234
   2666.48   .146244
   2666.83   .146015
   2667.17   .145885
   2667.51   .146273
   2667.86   .146535
   2668.20   .146452
   2668.54   .146251
   2668.89   .146228
   2669.23   .146239
   2669.57   .146174
   2669.92   .146106
   2670.26   .146028
   2670.61   .146091
   2670.95   .146316
   2671.29   .146408
   2671.64   .146551
   2671.98   .146650
   2672.33   .146742
   2672.67   .146537
   2673.01   .146406
   2673.36   .146552
   2673.70   .146559
   2674.05   .146757
   2674.39   .146853
   2674.74   .146722
   2675.08   .146745
   2675.43   .146798
   2675.77   .146514
   2676.12   .146210
   2676.46   .146593
   2676.81   .146830
   2677.16   .146736
   2677.50   .146738
   2677.85   .146760
   2678.19   .146804
   2678.54   .147032
   2678.89   .147098
   2679.23   .146855
   2679.58   .146699
   2679.92   .146856
   2680.27   .146910
   2680.62   .146873
   2680.96   .146840
   2681.31   .146972
   2681.66   .147035
   2682.00   .146963
   2682.35   .146828
   2682.70   .146982
   2683.04   .146865
   2683.39   .146748
   2683.74   .146641
   2684.09   .146734
   2684.43   .146951
   2684.78   .146922
   2685.13   .146862
   2685.48   .146916
   2685.82   .146816
   2686.17   .146671
   2686.52   .146613
   2686.87   .146638
   2687.22   .146777
   2687.56   .147071
   2687.91   .147128
   2688.26   .146856
   2688.61   .146697
   2688.96   .146864
   2689.31   .147175
   2689.65   .147120
   2690.00   .146911
   2690.35   .146887
   2690.70   .146869
   2691.05   .146988
   2691.40   .146963
   2691.75   .146810
   2692.10   .146817
   2692.45   .146768
   2692.80   .146619
   2693.15   .146654
   2693.50   .146535
   2693.85   .146582
   2694.20   .146788
   2694.55   .146677
   2694.90   .146686
   2695.25   .146728
   2695.60   .146539
   2695.95   .146576
   2696.30   .146778
   2696.65   .146820
   2697.00   .146891
   2697.35   .146845
   2697.70   .146752
   2698.05   .146762
   2698.40   .146821
   2698.75   .147044
   2699.11   .147230
   2699.46   .147023
   2699.81   .146802
   2700.16   .146752
   2700.51   .146736
   2700.86   .146522
   2701.21   .146329
   2701.57   .146308
   2701.92   .146460
   2702.27   .146456
   2702.62   .146695
   2702.98   .146800
   2703.33   .146742
   2703.68   .146957
   2704.03   .146795
   2704.39   .146611
   2704.74   .146580
   2705.09   .146611
   2705.44   .146641
   2705.80   .146417
   2706.15   .146442
   2706.50   .146551
   2706.86   .146560
   2707.21   .146619
   2707.56   .146769
   2707.92   .146666
   2708.27   .146646
   2708.62   .146588
   2708.98   .146473
   2709.33   .146525
   2709.69   .146533
   2710.04   .146430
   2710.39   .146302
   2710.75   .145902
   2711.10   .145765
   2711.46   .146050
   2711.81   .146454
   2712.17   .146726
   2712.52   .146473
   2712.88   .146233
   2713.23   .146047
   2713.59   .145805
   2713.94   .146167
   2714.30   .146348
   2714.65   .146099
   2715.01   .145967
   2715.36   .146132
   2715.72   .146198
   2716.07   .146067
   2716.43   .146189
   2716.78   .146259
   2717.14   .146196
   2717.50   .146243
   2717.85   .146202
   2718.21   .146165
   2718.57   .146001
   2718.92   .145889
   2719.28   .145838
   2719.64   .145699
   2719.99   .145691
   2720.35   .145772
   2720.71   .145824
   2721.06   .145602
   2721.42   .145557
   2721.78   .145690
   2722.13   .145772
   2722.49   .145641
   2722.85   .145602
   2723.21   .145536
   2723.56   .145571
   2723.92   .145406
   2724.28   .145350
   2724.64   .145482
   2724.99   .145571
   2725.35   .145418
   2725.71   .145360
   2726.07   .145416
   2726.43   .145474
   2726.79   .145588
   2727.14   .145531
   2727.50   .145465
   2727.86   .145399
   2728.22   .145308
   2728.58   .145239
   2728.94   .145382
   2729.30   .145520
   2729.66   .145446
   2730.02   .145187
   2730.38   .145040
   2730.74   .145119
   2731.09   .145269
   2731.45   .145328
   2731.81   .145245
   2732.17   .145229
   2732.53   .145189
   2732.89   .144981
   2733.25   .144838
   2733.61   .144786
   2733.98   .144810
   2734.34   .144832
   2734.70   .144642
   2735.06   .144456
   2735.42   .144638
   2735.78   .144879
   2736.14   .144774
   2736.50   .144702
   2736.86   .144587
   2737.22   .144464
   2737.58   .144524
   2737.95   .144339
   2738.31   .144255
   2738.67   .144271
   2739.03   .144348
   2739.39   .144471
   2739.75   .144276
   2740.12   .143943
   2740.48   .143848
   2740.84   .144009
   2741.20   .144024
   2741.56   .143837
   2741.93   .143682
   2742.29   .143689
   2742.65   .143728
   2743.02   .143825
   2743.38   .143951
   2743.74   .143884
   2744.10   .143665
   2744.47   .143715
   2744.83   .143792
   2745.19   .143796
   2745.56   .143469
   2745.92   .143254
   2746.28   .143313
   2746.65   .143388
   2747.01   .143376
   2747.38   .143296
   2747.74   .143418
   2748.10   .143521
   2748.47   .143176
   2748.83   .142998
   2749.20   .143039
   2749.56   .143111
   2749.93   .143003
   2750.29   .142896
   2750.66   .142805
   2751.02   .142742
   2751.39   .142697
   2751.75   .142456
   2752.12   .142585
   2752.48   .142764
   2752.85   .142601
   2753.21   .142485
   2753.58   .142465
   2753.94   .142591
   2754.31   .142639
   2754.67   .142291
   2755.04   .141933
   2755.41   .142040
   2755.77   .142140
   2756.14   .142125
   2756.51   .142120
   2756.87   .142164
   2757.24   .142071
   2757.60   .141942
   2757.97   .141876
   2758.34   .141851
   2758.71   .141820
   2759.07   .141831
   2759.44   .141755
   2759.81   .141802
   2760.17   .141765
   2760.54   .141783
   2760.91   .141684
   2761.28   .141394
   2761.64   .141306
   2762.01   .141291
   2762.38   .141238
   2762.75   .141166
   2763.12   .141099
   2763.48   .141097
   2763.85   .140974
   2764.22   .140937
   2764.59   .141245
   2764.96   .141184
   2765.33   .140924
   2765.69   .140840
   2766.06   .140879
   2766.43   .140915
   2766.80   .140984
   2767.17   .141083
   2767.54   .140934
   2767.91   .140681
   2768.28   .140522
   2768.65   .140374
   2769.02   .140439
   2769.39   .140418
   2769.76   .140357
   2770.13   .140423
   2770.50   .140467
   2770.87   .140400
   2771.24   .140388
   2771.61   .140298
   2771.98   .140252
   2772.35   .140203
   2772.72   .140042
   2773.09   .140115
   2773.46   .140150
   2773.83   .140052
   2774.20   .140052
   2774.57   .139967
   2774.95   .139912
   2775.32   .139852
   2775.69   .139911
   2776.06   .139918
   2776.43   .139754
   2776.80   .139670
   2777.18   .139578
   2777.55   .139500
   2777.92   .139447
   2778.29   .139345
   2778.66   .139359
   2779.04   .139428
   2779.41   .139594
   2779.78   .139413
   2780.15   .139220
   2780.53   .139266
   2780.90   .139375
   2781.27   .139330
   2781.65   .139261
   2782.02   .139238
   2782.39   .139269
   2782.77   .139208
   2783.14   .139036
   2783.51   .139061
   2783.89   .138981
   2784.26   .138819
   2784.63   .138683
   2785.01   .138578
   2785.38   .138539
   2785.76   .138447
   2786.13   .138384
   2786.50   .138405
   2786.88   .138597
   2787.25   .138771
   2787.63   .138626
   2788.00   .138508
   2788.38   .138584
   2788.75   .138591
   2789.13   .138561
   2789.50   .138523
   2789.88   .138322
   2790.25   .138240
   2790.63   .138282
   2791.00   .138328
   2791.38   .138323
   2791.76   .138151
   2792.13   .138070
   2792.51   .138028
   2792.88   .138022
   2793.26   .138074
   2793.64   .138055
   2794.01   .138073
   2794.39   .138087
   2794.77   .138208
   2795.14   .138216
   2795.52   .137856
   2795.90   .137656
   2796.27   .137724
   2796.65   .137814
   2797.03   .138000
   2797.40   .138164
   2797.78   .138249
   2798.16   .138273
   2798.54   .138050
   2798.91   .137804
   2799.29   .137578
   2799.67   .137649
   2800.05   .137706
   2800.43   .137761
   2800.80   .137796
   2801.18   .137679
   2801.56   .137629
   2801.94   .137530
   2802.32   .137338
   2802.70   .137491
   2803.08   .137520
   2803.45   .137250
   2803.83   .137228
   2804.21   .137337
   2804.59   .137409
   2804.97   .137387
   2805.35   .137292
   2805.73   .137215
   2806.11   .137231
   2806.49   .137413
   2806.87   .137320
   2807.25   .137241
   2807.63   .137469
   2808.01   .137416
   2808.39   .137318
   2808.77   .137186
   2809.15   .137173
   2809.53   .137180
   2809.91   .137187
   2810.29   .137200
   2810.67   .137261
   2811.05   .137343
   2811.44   .137258
   2811.82   .137067
   2812.20   .137174
   2812.58   .137161
   2812.96   .136981
   2813.34   .136924
   2813.72   .136854
   2814.11   .137015
   2814.49   .137147
   2814.87   .136995
   2815.25   .136874
   2815.63   .137180
   2816.02   .137210
   2816.40   .137128
   2816.78   .136972
   2817.16   .136936
   2817.55   .136904
   2817.93   .136737
   2818.31   .136680
   2818.70   .136758
   2819.08   .136788
   2819.46   .136717
   2819.85   .136724
   2820.23   .136764
   2820.61   .136715
   2821.00   .136768
   2821.38   .136834
   2821.76   .137021
   2822.15   .137064
   2822.53   .136961
   2822.92   .136648
   2823.30   .136462
   2823.68   .136702
   2824.07   .136906
   2824.45   .136694
   2824.84   .136595
   2825.22   .136671
   2825.61   .136603
   2825.99   .136666
   2826.38   .136751
   2826.76   .136755
   2827.15   .136613
   2827.53   .136519
   2827.92   .136601
   2828.31   .136684
   2828.69   .136639
   2829.08   .136786
   2829.46   .136949
   2829.85   .136798
   2830.23   .136728
   2830.62   .136602
   2831.01   .136592
   2831.39   .136614
   2831.78   .136617
   2832.17   .136602
   2832.55   .136491
   2832.94   .136514
   2833.33   .136586
   2833.72   .136742
   2834.10   .136722
   2834.49   .136529
   2834.88   .136515
   2835.26   .136653
   2835.65   .136678
   2836.04   .136505
   2836.43   .136443
   2836.82   .136423
   2837.20   .136405
   2837.59   .136325
   2837.98   .136368
   2838.37   .136439
   2838.76   .136638
   2839.15   .136593
   2839.53   .136475
   2839.92   .136473
   2840.31   .136336
   2840.70   .136395
   2841.09   .136463
   2841.48   .136429
   2841.87   .136443
   2842.26   .136430
   2842.65   .136407
   2843.04   .136457
   2843.43   .136569
   2843.82   .136523
   2844.21   .136488
   2844.60   .136511
   2844.99   .136456
   2845.38   .136417
   2845.77   .136324
   2846.16   .136398
   2846.55   .136599
   2846.94   .136620
   2847.33   .136689
   2847.72   .136677
   2848.11   .136381
   2848.51   .136472
   2848.90   .136434
   2849.29   .136162
   2849.68   .136373
   2850.07   .136579
   2850.46   .136385
   2850.85   .136160
   2851.25   .136293
   2851.64   .136448
   2852.03   .136335
   2852.42   .136182
   2852.82   .136056
   2853.21   .136122
   2853.60   .136271
   2853.99   .136325
   2854.39   .136370
   2854.78   .136450
   2855.17   .136441
   2855.57   .136423
   2855.96   .136428
   2856.35   .136375
   2856.75   .136389
   2857.14   .136606
   2857.53   .136528
   2857.93   .136417
   2858.32   .136495
   2858.71   .136501
   2859.11   .136433
   2859.50   .136418
   2859.90   .136495
   2860.29   .136356
   2860.69   .136365
   2861.08   .136557
   2861.48   .136669
   2861.87   .136578
   2862.26   .136481
   2862.66   .136466
   2863.06   .136468
   2863.45   .136484
   2863.85   .136500
   2864.24   .136390
   2864.64   .136326
   2865.03   .136387
   2865.43   .136457
   2865.82   .136437
   2866.22   .136324
   2866.62   .136412
   2867.01   .136557
   2867.41   .136477
   2867.81   .136411
   2868.20   .136480
   2868.60   .136454
   2869.00   .136244
   2869.39   .136337
   2869.79   .136486
   2870.19   .136305
   2870.58   .136143
   2870.98   .136162
   2871.38   .136276
   2871.78   .136451
   2872.17   .136495
   2872.57   .136470
   2872.97   .136523
   2873.37   .136611
   2873.77   .136589
   2874.16   .136501
   2874.56   .136623
   2874.96   .136794
   2875.36   .136564
   2875.76   .136255
   2876.16   .136322
   2876.56   .136465
   2876.96   .136411
   2877.35   .136302
   2877.75   .136352
   2878.15   .136399
   2878.55   .136521
   2878.95   .136665
   2879.35   .136649
   2879.75   .136559
   2880.15   .136567
   2880.55   .136598
   2880.95   .136584
   2881.35   .136452
   2881.75   .136312
   2882.15   .136289
   2882.55   .136470
   2882.96   .136634
   2883.36   .136678
   2883.76   .136505
   2884.16   .136425
   2884.56   .136603
   2884.96   .136642
   2885.36   .136705
   2885.76   .136755
   2886.16   .136708
   2886.57   .136662
   2886.97   .136644
   2887.37   .136657
   2887.77   .136661
   2888.17   .136737
   2888.58   .136810
   2888.98   .136776
   2889.38   .136593
   2889.78   .136589
   2890.19   .136660
   2890.59   .136570
   2890.99   .136549
   2891.40   .136596
   2891.80   .136677
   2892.20   .136897
   2892.61   .137044
   2893.01   .136988
   2893.41   .136756
   2893.82   .136521
   2894.22   .136638
   2894.62   .136748
   2895.03   .136758
   2895.43   .136753
   2895.84   .136618
   2896.24   .136557
   2896.65   .136619
   2897.05   .136682
   2897.45   .136676
   2897.86   .136781
   2898.26   .136838
   2898.67   .136749
   2899.07   .136672
   2899.48   .136717
   2899.89   .136689
   2900.29   .136718
   2900.70   .136929
   2901.10   .137046
   2901.51   .136862
   2901.91   .136662
   2902.32   .136646
   2902.73   .136484
   2903.13   .136419
   2903.54   .136640
   2903.95   .136730
   2904.35   .136721
   2904.76   .136865
   2905.17   .136971
   2905.57   .136850
   2905.98   .136830
   2906.39   .136795
   2906.79   .136829
   2907.20   .136930
   2907.61   .136868
   2908.02   .136898
   2908.43   .136879
   2908.83   .136847
   2909.24   .136935
   2909.65   .136914
   2910.06   .136928
   2910.47   .136951
   2910.87   .136983
   2911.28   .136965
   2911.69   .136989
   2912.10   .136969
   2912.51   .136939
   2912.92   .136896
   2913.33   .136910
   2913.74   .136941
   2914.15   .136898
   2914.56   .136856
   2914.97   .136951
   2915.38   .137018
   2915.79   .137059
   2916.20   .137129
   2916.61   .137120
   2917.02   .137048
   2917.43   .137088
   2917.84   .137095
   2918.25   .137026
   2918.66   .136859
   2919.07   .136893
   2919.48   .136992
   2919.89   .137222
   2920.30   .137315
   2920.71   .137133
   2921.13   .137047
   2921.54   .137070
   2921.95   .137136
   2922.36   .137071
   2922.77   .136940
   2923.18   .137042
   2923.60   .137114
   2924.01   .137151
   2924.42   .137203
   2924.83   .137128
   2925.25   .137094
   2925.66   .137094
   2926.07   .137287
   2926.48   .137194
   2926.90   .137037
   2927.31   .137211
   2927.72   .137405
   2928.14   .137531
   2928.55   .137373
   2928.96   .137071
   2929.38   .137035
   2929.79   .137160
   2930.20   .137202
   2930.62   .137166
   2931.03   .137209
   2931.45   .137130
   2931.86   .137104
   2932.28   .137226
   2932.69   .137395
   2933.11   .137449
   2933.52   .137453
   2933.94   .137542
   2934.35   .137549
   2934.77   .137466
   2935.18   .137364
   2935.60   .137320
   2936.01   .137367
   2936.43   .137255
   2936.84   .137231
   2937.26   .137391
   2937.68   .137471
   2938.09   .137407
   2938.51   .137472
   2938.92   .137561
   2939.34   .137426
   2939.76   .137394
   2940.17   .137543
   2940.59   .137626
   2941.01   .137560
   2941.43   .137494
   2941.84   .137460
   2942.26   .137360
   2942.68   .137264
   2943.09   .137477
   2943.51   .137688
   2943.93   .137597
   2944.35   .137582
   2944.77   .137472
   2945.18   .137439
   2945.60   .137675
   2946.02   .137687
   2946.44   .137650
   2946.86   .137678
   2947.28   .137613
   2947.70   .137599
   2948.12   .137595
   2948.53   .137541
   2948.95   .137550
   2949.37   .137560
   2949.79   .137598
   2950.21   .137664
   2950.63   .137574
   2951.05   .137588
   2951.47   .137639
   2951.89   .137601
   2952.31   .137630
   2952.73   .137649
   2953.15   .137617
   2953.57   .137687
   2953.99   .137758
   2954.42   .137715
   2954.84   .137652
   2955.26   .137677
   2955.68   .137687
   2956.10   .137692
   2956.52   .137681
   2956.94   .137692
   2957.36   .137793
   2957.79   .137985
   2958.21   .138004
   2958.63   .138012
   2959.05   .137902
   2959.47   .137776
   2959.90   .137678
   2960.32   .137786
   2960.74   .138019
   2961.16   .137928
   2961.59   .137743
   2962.01   .137788
   2962.43   .137987
   2962.86   .137940
   2963.28   .137785
   2963.70   .137659
   2964.13   .137693
   2964.55   .137865
   2964.97   .137998
   2965.40   .138057
   2965.82   .138105
   2966.25   .138095
   2966.67   .137970
   2967.10   .138088
   2967.52   .138213
   2967.94   .138159
   2968.37   .138104
   2968.79   .138131
   2969.22   .138078
   2969.64   .138017
   2970.07   .137977
   2970.50   .138074
   2970.92   .138161
   2971.35   .138185
   2971.77   .138239
   2972.20   .138300
   2972.62   .138256
   2973.05   .138240
   2973.48   .138327
   2973.90   .138460
   2974.33   .138263
   2974.76   .138054
   2975.18   .138260
   2975.61   .138292
   2976.04   .138236
   2976.46   .138093
   2976.89   .138114
   2977.32   .138301
   2977.75   .138339
   2978.17   .138379
   2978.60   .138538
   2979.03   .138561
   2979.46   .138396
   2979.89   .138239
   2980.31   .138275
   2980.74   .138363
   2981.17   .138353
   2981.60   .138216
   2982.03   .138163
   2982.46   .138115
   2982.89   .138177
   2983.31   .138305
   2983.74   .138345
   2984.17   .138447
   2984.60   .138537
   2985.03   .138587
   2985.46   .138613
   2985.89   .138516
   2986.32   .138449
   2986.75   .138497
   2987.18   .138566
   2987.61   .138642
   2988.04   .138667
   2988.47   .138727
   2988.90   .138725
   2989.33   .138684
   2989.77   .138680
   2990.20   .138596
   2990.63   .138505
   2991.06   .138501
   2991.49   .138675
   2991.92   .138818
   2992.35   .138818
   2992.79   .138652
   2993.22   .138698
   2993.65   .138810
   2994.08   .138803
   2994.51   .138871
   2994.95   .138858
   2995.38   .138923
   2995.81   .138920
   2996.24   .138922
   2996.68   .138992
   2997.11   .138963
   2997.54   .138926
   2997.98   .138988
   2998.41   .139038
   2998.84   .138902
   2999.28   .138928
   2999.71   .139117
   3000.15   .139150
   3000.58   .139166
   3001.01   .139196
   3001.45   .139032
   3001.88   .138984
   3002.32   .139095
   3002.75   .139095
   3003.19   .139031
   3003.62   .139036
   3004.06   .139080
   3004.49   .139150
   3004.93   .139128
   3005.36   .139190
   3005.80   .139358
   3006.23   .139382
   3006.67   .139355
   3007.11   .139344
   3007.54   .139424
   3007.98   .139448
   3008.41   .139355
   3008.85   .139277
   3009.29   .139198
   3009.72   .139343
   3010.16   .139545
   3010.60   .139510
   3011.03   .139420
   3011.47   .139451
   3011.91   .139447
   3012.35   .139485
   3012.78   .139597
   3013.22   .139649
   3013.66   .139664
   3014.10   .139746
   3014.54   .139783
   3014.97   .139578
   3015.41   .139423
   3015.85   .139568
   3016.29   .139792
   3016.73   .139744
   3017.17   .139692
   3017.61   .139780
   3018.05   .139896
   3018.48   .139986
   3018.92   .139991
   3019.36   .139858
   3019.80   .139805
   3020.24   .139852
   3020.68   .139906
   3021.12   .139821
   3021.56   .139777
   3022.00   .139913
   3022.44   .140019
   3022.88   .139981
   3023.33   .139965
   3023.77   .139910
   3024.21   .139886
   3024.65   .140029
   3025.09   .140142
   3025.53   .140128
   3025.97   .140111
   3026.41   .140111
   3026.85   .140181
   3027.30   .140227
   3027.74   .140235
   3028.18   .140159
   3028.62   .140137
   3029.07   .140210
   3029.51   .140277
   3029.95   .140334
   3030.39   .140349
   3030.84   .140389
   3031.28   .140375
   3031.72   .140434
   3032.17   .140378
   3032.61   .140325
   3033.05   .140306
   3033.50   .140408
   3033.94   .140501
   3034.38   .140515
   3034.83   .140442
   3035.27   .140309
   3035.72   .140417
   3036.16   .140532
   3036.61   .140557
   3037.05   .140557
   3037.50   .140469
   3037.94   .140436
   3038.39   .140602
   3038.83   .140705
   3039.28   .140717
   3039.72   .140600
   3040.17   .140563
   3040.61   .140586
   3041.06   .140585
   3041.50   .140598
   3041.95   .140667
   3042.40   .140608
   3042.84   .140682
   3043.29   .140884
   3043.74   .140806
   3044.18   .140666
   3044.63   .140769
   3045.08   .140896
   3045.52   .140940
   3045.97   .140913
   3046.42   .140819
   3046.87   .140842
   3047.31   .140964
   3047.76   .141037
   3048.21   .140914
   3048.66   .140963
   3049.11   .141171
   3049.55   .141161
   3050.00   .141025
   3050.45   .140973
   3050.90   .140914
   3051.35   .140854
   3051.80   .140999
   3052.25   .141213
   3052.70   .141269
   3053.15   .141186
   3053.60   .141125
   3054.04   .141114
   3054.49   .141243
   3054.94   .141358
   3055.39   .141383
   3055.84   .141381
   3056.30   .141494
   3056.75   .141531
   3057.20   .141231
   3057.65   .141066
   3058.10   .141314
   3058.55   .141404
   3059.00   .141331
   3059.45   .141316
   3059.90   .141386
   3060.35   .141459
   3060.81   .141541
   3061.26   .141741
   3061.71   .141732
   3062.16   .141639
   3062.61   .141601
   3063.07   .141607
   3063.52   .141668
   3063.97   .141634
   3064.42   .141611
   3064.88   .141626
   3065.33   .141654
   3065.78   .141722
   3066.24   .141673
   3066.69   .141635
   3067.14   .141601
   3067.60   .141585
   3068.05   .141697
   3068.50   .141750
   3068.96   .141710
   3069.41   .141826
   3069.87   .141987
   3070.32   .141959
   3070.78   .141943
   3071.23   .141938
   3071.69   .141952
   3072.14   .141931
   3072.60   .142029
   3073.05   .141967
   3073.51   .141991
   3073.96   .142088
   3074.42   .142071
   3074.87   .142123
   3075.33   .142075
   3075.79   .142125
   3076.24   .142290
   3076.70   .142245
   3077.16   .142102
   3077.61   .142130
   3078.07   .142176
   3078.53   .142113
   3078.98   .142213
   3079.44   .142309
   3079.90   .142216
   3080.35   .142211
   3080.81   .142324
   3081.27   .142421
   3081.73   .142354
   3082.19   .142300
   3082.64   .142366
   3083.10   .142435
   3083.56   .142558
   3084.02   .142502
   3084.48   .142466
   3084.94   .142555
   3085.40   .142543
   3085.85   .142483
   3086.31   .142594
   3086.77   .142621
   3087.23   .142634
   3087.69   .142695
   3088.15   .142727
   3088.61   .142751
   3089.07   .142700
   3089.53   .142675
   3089.99   .142725
   3090.45   .142706
   3090.91   .142853
   3091.37   .142878
   3091.83   .142892
   3092.30   .142828
   3092.76   .142812
   3093.22   .142885
   3093.68   .142860
   3094.14   .142946
   3094.60   .143095
   3095.06   .143141
   3095.53   .143000
   3095.99   .142929
   3096.45   .142989
   3096.91   .142955
   3097.38   .142950
   3097.84   .143075
   3098.30   .143162
   3098.76   .143255
   3099.23   .143273
   3099.69   .143134
   3100.15   .143096
   3100.62   .143251
   3101.08   .143327
   3101.54   .143299
   3102.01   .143300
   3102.47   .143307
   3102.94   .143280
   3103.40   .143283
   3103.87   .143325
   3104.33   .143390
   3104.80   .143488
   3105.26   .143557
   3105.73   .143545
   3106.19   .143470
   3106.66   .143400
   3107.12   .143409
   3107.59   .143480
   3108.05   .143511
   3108.52   .143484
   3108.98   .143580
   3109.45   .143692
   3109.92   .143661
   3110.38   .143643
   3110.85   .143856
   3111.32   .144009
   3111.78   .143911
   3112.25   .143826
   3112.72   .143844
   3113.19   .143950
   3113.65   .143941
   3114.12   .143876
   3114.59   .143839
   3115.06   .143864
   3115.52   .143839
   3115.99   .143876
   3116.46   .143866
   3116.93   .143916
   3117.40   .144031
   3117.86   .144062
   3118.33   .144098
   3118.80   .144039
   3119.27   .144038
   3119.74   .144154
   3120.21   .144077
   3120.68   .144121
   3121.15   .144257
   3121.62   .144458
   3122.09   .144524
   3122.56   .144490
   3123.03   .144390
   3123.50   .144288
   3123.97   .144381
   3124.44   .144477
   3124.91   .144502
   3125.38   .144538
   3125.85   .144438
   3126.32   .144485
   3126.80   .144598
   3127.27   .144547
   3127.74   .144600
   3128.21   .144682
   3128.68   .144645
   3129.16   .144481
   3129.63   .144521
   3130.10   .144588
   3130.57   .144660
   3131.04   .144714
   3131.52   .144830
   3131.99   .144906
   3132.46   .144898
   3132.94   .144837
   3133.41   .144736
   3133.88   .144741
   3134.36   .144830
   3134.83   .144914
   3135.30   .145010
   3135.78   .145078
   3136.25   .144977
   3136.73   .144968
   3137.20   .145024
   3137.68   .145026
   3138.15   .145171
   3138.63   .145162
   3139.10   .145083
   3139.58   .145120
   3140.05   .145153
   3140.53   .145220
   3141.00   .145203
   3141.48   .145207
   3141.95   .145339
   3142.43   .145423
   3142.91   .145327
   3143.38   .145393
   3143.86   .145569
   3144.34   .145514
   3144.81   .145445
   3145.29   .145581
   3145.77   .145693
   3146.24   .145707
   3146.72   .145663
   3147.20   .145615
   3147.68   .145590
   3148.15   .145753
   3148.63   .145843
   3149.11   .145766
   3149.59   .145704
   3150.07   .145700
   3150.55   .145758
   3151.02   .145785
   3151.50   .145700
   3151.98   .145751
   3152.46   .145879
   3152.94   .145872
   3153.42   .145813
   3153.90   .145880
   3154.38   .145928
   3154.86   .145883
   3155.34   .145914
   3155.82   .145986
   3156.30   .146032
   3156.78   .146079
   3157.26   .146110
   3157.74   .146164
   3158.22   .146134
   3158.70   .146101
   3159.19   .146174
   3159.67   .146192
   3160.15   .146203
   3160.63   .146274
   3161.11   .146312
   3161.59   .146353
   3162.07   .146361
   3162.56   .146520
   3163.04   .146502
   3163.52   .146288
   3164.00   .146241
   3164.49   .146440
   3164.97   .146540
   3165.45   .146665
   3165.94   .146674
   3166.42   .146557
   3166.90   .146604
   3167.39   .146620
   3167.87   .146673
   3168.35   .146792
   3168.84   .146803
   3169.32   .146795
   3169.81   .146847
   3170.29   .146954
   3170.78   .146967
   3171.26   .146965
   3171.75   .146939
   3172.23   .146975
   3172.72   .146989
   3173.20   .146945
   3173.69   .146941
   3174.17   .147074
   3174.66   .147015
   3175.15   .146900
   3175.63   .147009
   3176.12   .147056
   3176.60   .147040
   3177.09   .147072
   3177.58   .147133
   3178.06   .147225
   3178.55   .147237
   3179.04   .147292
   3179.53   .147335
   3180.01   .147347
   3180.50   .147450
   3180.99   .147540
   3181.48   .147572
   3181.97   .147546
   3182.45   .147539
   3182.94   .147571
   3183.43   .147554
   3183.92   .147566
   3184.41   .147545
   3184.90   .147478
   3185.39   .147505
   3185.88   .147543
   3186.37   .147574
   3186.85   .147681
   3187.34   .147610
   3187.83   .147632
   3188.32   .147826
   3188.81   .147858
   3189.31   .147823
   3189.80   .147809
   3190.29   .147753
   3190.78   .147706
   3191.27   .147781
   3191.76   .147897
   3192.25   .148025
   3192.74   .148041
   3193.23   .148052
   3193.73   .148015
   3194.22   .148054
   3194.71   .148071
   3195.20   .148078
   3195.69   .148069
   3196.19   .148163
   3196.68   .148229
   3197.17   .148217
   3197.66   .148170
   3198.16   .148142
   3198.65   .148194
   3199.15   .148316
   3199.64   .148427
   3200.13   .148445
   3200.63   .148391
   3201.12   .148244
   3201.61   .148172
   3202.11   .148194
   3202.60   .148226
   3203.10   .148436
   3203.59   .148588
   3204.09   .148730
   3204.58   .148773
   3205.08   .148674
   3205.57   .148601
   3206.07   .148721
   3206.56   .148853
   3207.06   .148818
   3207.56   .148781
   3208.05   .148803
   3208.55   .148857
   3209.05   .148819
   3209.54   .148757
   3210.04   .148686
   3210.54   .148751
   3211.03   .148967
   3211.53   .149005
   3212.03   .148910
   3212.53   .148870
   3213.02   .148879
   3213.52   .149061
   3214.02   .149124
   3214.52   .149079
   3215.02   .149143
   3215.51   .149133
   3216.01   .149045
   3216.51   .148978
   3217.01   .149085
   3217.51   .149232
   3218.01   .149160
   3218.51   .149167
   3219.01   .149298
   3219.51   .149375
   3220.01   .149371
   3220.51   .149368
   3221.01   .149425
   3221.51   .149360
   3222.01   .149290
   3222.51   .149283
   3223.01   .149283
   3223.51   .149319
   3224.01   .149423
   3224.51   .149510
   3225.01   .149534
   3225.52   .149616
   3226.02   .149621
   3226.52   .149628
   3227.02   .149611
   3227.52   .149570
   3228.03   .149588
   3228.53   .149662
   3229.03   .149675
   3229.53   .149752
   3230.04   .149813
   3230.54   .149853
   3231.04   .149859
   3231.55   .149768
   3232.05   .149792
   3232.55   .149833
   3233.06   .149836
   3233.56   .149831
   3234.07   .149862
   3234.57   .149978
   3235.07   .149927
   3235.58   .149986
   3236.08   .150015
   3236.59   .149901
   3237.09   .149993
   3237.60   .150258
   3238.11   .150285
   3238.61   .150250
   3239.12   .150365
   3239.62   .150330
   3240.13   .150209
   3240.64   .150197
   3241.14   .150244
   3241.65   .150303
   3242.15   .150342
   3242.66   .150320
   3243.17   .150115
   3243.68   .150176
   3244.18   .150354
   3244.69   .150408
   3245.20   .150448
   3245.71   .150519
   3246.22   .150565
   3246.72   .150612
   3247.23   .150609
   3247.74   .150536
   3248.25   .150645
   3248.76   .150705
   3249.27   .150599
   3249.78   .150588
   3250.29   .150599
   3250.79   .150766
   3251.30   .150790
   3251.81   .150793
   3252.32   .150772
   3252.83   .150694
   3253.34   .150723
   3253.86   .150877
   3254.37   .150929
   3254.88   .150929
   3255.39   .150909
   3255.90   .150864
   3256.41   .150882
   3256.92   .150903
   3257.43   .150917
   3257.94   .150984
   3258.46   .150991
   3258.97   .151034
   3259.48   .151114
   3259.99   .151174
   3260.51   .151070
   3261.02   .151069
   3261.53   .151211
   3262.04   .151318
   3262.56   .151329
   3263.07   .151227
   3263.58   .151180
   3264.10   .151271
   3264.61   .151291
   3265.13   .151246
   3265.64   .151329
   3266.15   .151418
   3266.67   .151428
   3267.18   .151437
   3267.70   .151527
   3268.21   .151584
   3268.73   .151561
   3269.24   .151549
   3269.76   .151491
   3270.27   .151509
   3270.79   .151594
   3271.31   .151605
   3271.82   .151673
   3272.34   .151776
   3272.85   .151794
   3273.37   .151825
   3273.89   .151830
   3274.40   .151674
   3274.92   .151678
   3275.44   .151951
   3275.96   .152043
   3276.47   .152000
   3276.99   .151932
   3277.51   .151906
   3278.03   .152009
   3278.54   .152010
   3279.06   .151946
   3279.58   .151960
   3280.10   .152006
   3280.62   .152041
   3281.14   .152071
   3281.66   .152064
   3282.18   .152125
   3282.70   .152253
   3283.22   .152228
   3283.74   .152195
   3284.26   .152190
   3284.78   .152258
   3285.30   .152349
   3285.82   .152373
   3286.34   .152261
   3286.86   .152183
   3287.38   .152353
   3287.90   .152422
   3288.42   .152480
   3288.94   .152619
   3289.47   .152571
   3289.99   .152516
   3290.51   .152526
   3291.03   .152476
   3291.55   .152601
   3292.08   .152705
   3292.60   .152688
   3293.12   .152674
   3293.65   .152683
   3294.17   .152752
   3294.69   .152800
   3295.22   .152768
   3295.74   .152768
   3296.26   .152786
   3296.79   .152902
   3297.31   .152967
   3297.84   .152881
   3298.36   .152863
   3298.88   .152842
   3299.41   .152812
   3299.93   .152922
   3300.46   .153061
   3300.98   .153150
   3301.51   .153197
   3302.04   .153210
   3302.56   .153214
   3303.09   .153208
   3303.61   .153198
   3304.14   .153106
   3304.67   .153134
   3305.19   .153300
   3305.72   .153305
   3306.25   .153243
   3306.77   .153222
   3307.30   .153194
   3307.83   .153221
   3308.36   .153292
   3308.88   .153276
   3309.41   .153209
   3309.94   .153242
   3310.47   .153302
   3311.00   .153436
   3311.53   .153552
   3312.05   .153571
   3312.58   .153548
   3313.11   .153556
   3313.64   .153535
   3314.17   .153654
   3314.70   .153665
   3315.23   .153538
   3315.76   .153598
   3316.29   .153652
   3316.82   .153725
   3317.35   .153762
   3317.88   .153785
   3318.41   .153778
   3318.95   .153795
   3319.48   .153866
   3320.01   .153883
   3320.54   .153855
   3321.07   .153903
   3321.60   .153979
   3322.13   .154014
   3322.67   .153979
   3323.20   .153977
   3323.73   .153999
   3324.26   .154076
   3324.80   .154148
   3325.33   .154097
   3325.86   .153966
   3326.40   .153971
   3326.93   .154104
   3327.46   .154129
   3328.00   .154047
   3328.53   .154157
   3329.07   .154161
   3329.60   .154103
   3330.14   .154208
   3330.67   .154208
   3331.21   .154231
   3331.74   .154313
   3332.28   .154374
   3332.81   .154398
   3333.35   .154524
   3333.88   .154666
   3334.42   .154643
   3334.96   .154534
   3335.49   .154418
   3336.03   .154436
   3336.57   .154466
   3337.10   .154461
   3337.64   .154499
   3338.18   .154559
   3338.71   .154503
   3339.25   .154463
   3339.79   .154560
   3340.33   .154604
   3340.87   .154561
   3341.40   .154654
   3341.94   .154868
   3342.48   .154830
   3343.02   .154721
   3343.56   .154707
   3344.10   .154752
   3344.64   .154675
   3345.18   .154726
   3345.72   .154840
   3346.26   .154860
   3346.80   .154762
   3347.34   .154681
   3347.88   .154738
   3348.42   .154799
   3348.96   .154798
   3349.50   .154863
   3350.04   .154914
   3350.58   .154926
   3351.12   .154914
   3351.66   .154841
   3352.21   .154801
   3352.75   .154845
   3353.29   .154915
   3353.83   .154916
   3354.37   .154848
   3354.92   .154816
   3355.46   .154892
   3356.00   .154900
   3356.55   .154906
   3357.09   .154854
   3357.63   .154732
   3358.18   .154688
   3358.72   .154654
   3359.26   .154608
   3359.81   .154574
   3360.35   .154503
   3360.90   .154512
   3361.44   .154602
   3361.99   .154589
   3362.53   .154559
   3363.08   .154581
   3363.62   .154495
   3364.17   .154441
   3364.71   .154299
   3365.26   .154217
   3365.81   .154168
   3366.35   .154080
   3366.90   .154054
   3367.45   .154003
   3367.99   .153835
   3368.54   .153776
   3369.09   .153704
   3369.63   .153601
   3370.18   .153540
   3370.73   .153336
   3371.28   .153260
   3371.83   .153370
   3372.37   .153425
   3372.92   .153374
   3373.47   .153386
   3374.02   .153357
   3374.57   .153347
   3375.12   .153318
   3375.67   .153326
   3376.22   .153385
   3376.77   .153439
   3377.32   .153453
   3377.87   .153258
   3378.42   .153243
   3378.97   .153373
   3379.52   .153409
   3380.07   .153407
   3380.62   .153457
   3381.17   .153524
   3381.72   .153550
   3382.27   .153647
   3382.83   .153690
   3383.38   .153792
   3383.93   .153866
   3384.48   .153909
   3385.03   .153981
   3385.59   .153990
   3386.14   .154019
   3386.69   .154118
   3387.25   .154211
   3387.80   .154287
   3388.35   .154313
   3388.91   .154296
   3389.46   .154305
   3390.01   .154313
   3390.57   .154405
   3391.12   .154460
   3391.68   .154420
   3392.23   .154431
   3392.79   .154405
   3393.34   .154261
   3393.90   .154185
   3394.45   .154112
   3395.01   .154077
   3395.56   .154040
   3396.12   .153948
   3396.68   .153915
   3397.23   .153885
   3397.79   .153812
   3398.35   .153728
   3398.90   .153590
   3399.46   .153495
   3400.02   .153394
   3400.58   .153211
   3401.13   .153185
   3401.69   .153136
   3402.25   .152919
   3402.81   .152754
   3403.37   .152625
   3403.92   .152462
   3404.48   .152343
   3405.04   .152258
   3405.60   .152112
   3406.16   .152036
   3406.72   .151961
   3407.28   .151817
   3407.84   .151666
   3408.40   .151460
   3408.96   .151212
   3409.52   .151059
   3410.08   .150918
   3410.64   .150771
   3411.20   .150775
   3411.76   .150700
   3412.32   .150423
   3412.89   .150167
   3413.45   .150096
   3414.01   .149962
   3414.57   .149822
   3415.13   .149696
   3415.70   .149554
   3416.26   .149523
   3416.82   .149544
   3417.39   .149515
   3417.95   .149435
   3418.51   .149333
   3419.08   .149346
   3419.64   .149409
   3420.20   .149581
   3420.77   .149793
   3421.33   .149907
   3421.90   .150072
   3422.46   .150274
   3423.03   .150377
   3423.59   .150568
   3424.16   .150802
   3424.72   .150957
   3425.29   .151195
   3425.85   .151564
   3426.42   .151828
   3426.99   .152002
   3427.55   .152133
   3428.12   .152317
   3428.68   .152549
   3429.25   .152806
   3429.82   .152934
   3430.39   .153161
   3430.95   .153339
   3431.52   .153447
   3432.09   .153742
   3432.66   .153961
   3433.23   .154024
   3433.79   .154236
   3434.36   .154504
   3434.93   .154624
   3435.50   .154738
   3436.07   .154873
   3436.64   .155022
   3437.21   .155106
   3437.78   .155095
   3438.35   .155210
   3438.92   .155389
   3439.49   .155389
   3440.06   .155453
   3440.63   .155572
   3441.20   .155606
   3441.77   .155663
   3442.34   .155768
   3442.92   .155960
   3443.49   .156068
   3444.06   .156137
   3444.63   .156265
   3445.20   .156345
   3445.78   .156337
   3446.35   .156336
   3446.92   .156427
   3447.49   .156573
   3448.07   .156698
   3448.64   .156794
   3449.21   .156785
   3449.79   .156803
   3450.36   .156874
   3450.94   .156982
   3451.51   .157064
   3452.08   .157139
   3452.66   .157168
   3453.23   .157216
   3453.81   .157410
   3454.38   .157565
   3454.96   .157614
   3455.54   .157699
   3456.11   .157671
   3456.69   .157662
   3457.26   .157694
   3457.84   .157768
   3458.42   .157834
   3458.99   .157764
   3459.57   .157899
   3460.15   .158039
   3460.72   .158102
   3461.30   .158142
   3461.88   .158072
   3462.46   .158131
   3463.04   .158353
   3463.61   .158394
   3464.19   .158346
   3464.77   .158346
   3465.35   .158403
   3465.93   .158431
   3466.51   .158399
   3467.09   .158333
   3467.67   .158379
   3468.25   .158448
   3468.83   .158523
   3469.41   .158588
   3469.99   .158583
   3470.57   .158529
   3471.15   .158578
   3471.73   .158637
   3472.31   .158649
   3472.89   .158659
   3473.48   .158647
   3474.06   .158551
   3474.64   .158400
   3475.22   .158447
   3475.80   .158576
   3476.39   .158670
   3476.97   .158774
   3477.55   .158739
   3478.14   .158711
   3478.72   .158656
   3479.30   .158573
   3479.89   .158531
   3480.47   .158543
   3481.06   .158649
   3481.64   .158697
   3482.22   .158769
   3482.81   .158814
   3483.39   .158757
   3483.98   .158740
   3484.56   .158733
   3485.15   .158741
   3485.74   .158753
   3486.32   .158704
   3486.91   .158673
   3487.49   .158717
   3488.08   .158663
   3488.67   .158570
   3489.25   .158558
   3489.84   .158526
   3490.43   .158368
   3491.02   .158285
   3491.60   .158240
   3492.19   .158137
   3492.78   .158102
   3493.37   .158159
   3493.96   .158142
   3494.55   .157955
   3495.14   .157736
   3495.72   .157608
   3496.31   .157554
   3496.90   .157504
   3497.49   .157395
   3498.08   .157202
   3498.67   .157080
   3499.26   .156937
   3499.85   .156858
   3500.44   .156861
   3501.04   .156809
   3501.63   .156705
   3502.22   .156655
   3502.81   .156584
   3503.40   .156698
   3503.99   .156775
   3504.59   .156851
   3505.18   .157017
   3505.77   .157114
   3506.36   .157228
   3506.96   .157371
   3507.55   .157497
   3508.14   .157755
   3508.74   .157876
   3509.33   .158000
   3509.92   .158328
   3510.52   .158643
   3511.11   .158915
   3511.71   .159111
   3512.30   .159262
   3512.90   .159439
   3513.49   .159606
   3514.09   .159734
   3514.68   .159892
   3515.28   .160022
   3515.87   .160252
   3516.47   .160470
   3517.07   .160603
   3517.66   .160640
   3518.26   .160736
   3518.86   .160881
   3519.45   .161061
   3520.05   .161139
   3520.65   .161169
   3521.25   .161189
   3521.84   .161256
   3522.44   .161470
   3523.04   .161541
   3523.64   .161461
   3524.24   .161442
   3524.84   .161580
   3525.44   .161792
   3526.04   .161880
   3526.63   .161829
   3527.23   .161893
   3527.83   .162025
   3528.43   .162041
   3529.04   .162081
   3529.64   .162073
   3530.24   .161978
   3530.84   .162042
   3531.44   .162176
   3532.04   .162294
   3532.64   .162389
   3533.24   .162389
   3533.85   .162333
   3534.45   .162362
   3535.05   .162471
   3535.65   .162493
   3536.26   .162464
   3536.86   .162460
   3537.46   .162495
   3538.07   .162563
   3538.67   .162625
   3539.27   .162561
   3539.88   .162541
   3540.48   .162619
   3541.09   .162654
   3541.69   .162717
   3542.30   .162818
   3542.90   .162903
   3543.51   .162957
   3544.11   .162933
   3544.72   .162920
   3545.32   .163031
   3545.93   .163057
   3546.54   .163048
   3547.14   .163101
   3547.75   .163083
   3548.36   .163061
   3548.96   .163042
   3549.57   .163098
   3550.18   .163143
   3550.79   .163133
   3551.40   .163222
   3552.00   .163303
   3552.61   .163344
   3553.22   .163435
   3553.83   .163402
   3554.44   .163411
   3555.05   .163455
   3555.66   .163426
   3556.27   .163448
   3556.88   .163355
   3557.49   .163384
   3558.10   .163522
   3558.71   .163538
   3559.32   .163491
   3559.93   .163498
   3560.54   .163580
   3561.15   .163662
   3561.76   .163743
   3562.38   .163815
   3562.99   .163733
   3563.60   .163782
   3564.21   .163886
   3564.82   .163895
   3565.44   .163843
   3566.05   .163747
   3566.66   .163836
   3567.28   .163893
   3567.89   .163903
   3568.51   .164005
   3569.12   .164066
   3569.73   .164008
   3570.35   .164009
   3570.96   .164096
   3571.58   .164154
   3572.19   .164093
   3572.81   .164087
   3573.42   .164190
   3574.04   .164244
   3574.66   .164243
   3575.27   .164171
   3575.89   .164183
   3576.51   .164304
   3577.12   .164273
   3577.74   .164300
   3578.36   .164376
   3578.97   .164326
   3579.59   .164275
   3580.21   .164319
   3580.83   .164371
   3581.45   .164422
   3582.06   .164574
   3582.68   .164702
   3583.30   .164702
   3583.92   .164693
   3584.54   .164745
   3585.16   .164791
   3585.78   .164743
   3586.40   .164717
   3587.02   .164716
   3587.64   .164687
   3588.26   .164776
   3588.88   .164831
   3589.50   .164799
   3590.13   .164841
   3590.75   .164889
   3591.37   .164900
   3591.99   .164933
   3592.61   .164983
   3593.24   .164943
   3593.86   .164909
   3594.48   .165056
   3595.10   .165163
   3595.73   .165149
   3596.35   .165162
   3596.97   .165128
   3597.60   .165080
   3598.22   .165158
   3598.85   .165225
   3599.47   .165204
   3600.10   .165191
   3600.72   .165203
   3601.35   .165256
   3601.97   .165311
   3602.60   .165318
   3603.23   .165387
   3603.85   .165443
   3604.48   .165449
   3605.10   .165465
   3605.73   .165521
   3606.36   .165522
   3606.99   .165495
   3607.61   .165546
   3608.24   .165602
   3608.87   .165588
   3609.50   .165626
   3610.12   .165732
   3610.75   .165725
   3611.38   .165701
   3612.01   .165790
   3612.64   .165758
   3613.27   .165705
   3613.90   .165726
   3614.53   .165751
   3615.16   .165720
   3615.79   .165805
   3616.42   .165923
   3617.05   .165965
   3617.68   .165962
   3618.31   .165932
   3618.94   .165964
   3619.58   .166073
   3620.21   .166098
   3620.84   .166072
   3621.47   .166080
   3622.10   .166110
   3622.74   .166064
   3623.37   .166057
   3624.00   .166185
   3624.64   .166173
   3625.27   .166155
   3625.90   .166213
   3626.54   .166109
   3627.17   .166098
   3627.81   .166213
   3628.44   .166297
   3629.08   .166347
   3629.71   .166469
   3630.35   .166540
   3630.98   .166540
   3631.62   .166554
   3632.25   .166600
   3632.89   .166585
   3633.53   .166601
   3634.16   .166595
   3634.80   .166597
   3635.44   .166591
   3636.07   .166613
   3636.71   .166623
   3637.35   .166591
   3637.99   .166668
   3638.63   .166823
   3639.26   .166830
   3639.90   .166815
   3640.54   .166828
   3641.18   .166748
   3641.82   .166807
   3642.46   .166960
   3643.10   .166930
   3643.74   .166914
   3644.38   .166978
   3645.02   .166981
   3645.66   .166967
   3646.30   .167035
   3646.94   .167067
   3647.59   .166994
   3648.23   .166924
   3648.87   .167007
   3649.51   .167134
   3650.15   .167128
   3650.80   .167110
   3651.44   .167131
   3652.08   .167141
   3652.72   .167101
   3653.37   .167149
   3654.01   .167224
   3654.66   .167261
   3655.30   .167239
   3655.94   .167205
   3656.59   .167267
   3657.23   .167358
   3657.88   .167309
   3658.52   .167300
   3659.17   .167367
   3659.82   .167435
   3660.46   .167464
   3661.11   .167521
   3661.75   .167578
   3662.40   .167641
   3663.05   .167660
   3663.70   .167659
   3664.34   .167573
   3664.99   .167593
   3665.64   .167608
   3666.29   .167622
   3666.93   .167654
   3667.58   .167776
   3668.23   .167826
   3668.88   .167812
   3669.53   .167810
   3670.18   .167797
   3670.83   .167865
   3671.48   .167858
   3672.13   .167801
   3672.78   .167844
   3673.43   .167925
   3674.08   .167934
   3674.73   .167994
   3675.38   .168031
   3676.03   .168042
   3676.69   .168016
   3677.34   .167973
   3677.99   .167999
   3678.64   .168045
   3679.29   .168069
   3679.95   .168126
   3680.60   .168152
   3681.25   .168193
   3681.91   .168266
   3682.56   .168294
   3683.21   .168310
   3683.87   .168373
   3684.52   .168265
   3685.18   .168255
   3685.83   .168369
   3686.49   .168402
   3687.14   .168437
   3687.80   .168456
   3688.45   .168481
   3689.11   .168504
   3689.77   .168507
   3690.42   .168514
   3691.08   .168538
   3691.74   .168516
   3692.40   .168526
   3693.05   .168594
   3693.71   .168544
   3694.37   .168515
   3695.03   .168499
   3695.68   .168565
   3696.34   .168625
   3697.00   .168638
   3697.66   .168657
   3698.32   .168753
   3698.98   .168778
   3699.64   .168763
   3700.30   .168818
   3700.96   .168884
   3701.62   .168948
   3702.28   .168946
   3702.94   .168957
   3703.60   .168998
   3704.27   .168927
   3704.93   .168956
   3705.59   .169038
   3706.25   .169010
   3706.91   .168984
   3707.58   .169083
   3708.24   .169236
   3708.90   .169211
   3709.57   .169034
   3710.23   .168957
   3710.89   .169002
   3711.56   .169015
   3712.22   .169061
   3712.89   .169181
   3713.55   .169335
   3714.22   .169388
   3714.88   .169359
   3715.55   .169345
   3716.21   .169354
   3716.88   .169267
   3717.55   .169240
   3718.21   .169368
   3718.88   .169423
   3719.55   .169428
   3720.21   .169474
   3720.88   .169505
   3721.55   .169487
   3722.22   .169378
   3722.89   .169365
   3723.55   .169448
   3724.22   .169437
   3724.89   .169443
   3725.56   .169560
   3726.23   .169606
   3726.90   .169625
   3727.57   .169721
   3728.24   .169780
   3728.91   .169747
   3729.58   .169723
   3730.25   .169717
   3730.92   .169725
   3731.59   .169670
   3732.26   .169612
   3732.94   .169691
   3733.61   .169794
   3734.28   .169860
   3734.95   .169846
   3735.63   .169905
   3736.30   .169929
   3736.97   .169919
   3737.65   .169945
   3738.32   .169994
   3738.99   .170085
   3739.67   .170019
   3740.34   .169955
   3741.02   .170066
   3741.69   .170090
   3742.37   .170089
   3743.04   .170138
   3743.72   .170125
   3744.39   .170113
   3745.07   .170156
   3745.75   .170178
   3746.42   .170178
   3747.10   .170220
   3747.78   .170230
   3748.45   .170201
   3749.13   .170235
   3749.81   .170342
   3750.49   .170370
   3751.17   .170277
   3751.84   .170266
   3752.52   .170328
   3753.20   .170324
   3753.88   .170416
   3754.56   .170538
   3755.24   .170534
   3755.92   .170514
   3756.60   .170527
   3757.28   .170508
   3757.96   .170516
   3758.64   .170563
   3759.33   .170622
   3760.01   .170632
   3760.69   .170605
   3761.37   .170618
   3762.05   .170657
   3762.74   .170655
   3763.42   .170752
   3764.10   .170799
   3764.78   .170790
   3765.47   .170781
   3766.15   .170840
   3766.84   .170923
   3767.52   .170859
   3768.21   .170866
   3768.89   .170890
   3769.57   .170893
   3770.26   .170948
   3770.95   .170995
   3771.63   .170978
   3772.32   .170975
   3773.00   .170957
   3773.69   .170946
   3774.38   .170976
   3775.06   .171067
   3775.75   .171196
   3776.44   .171198
   3777.13   .171147
   3777.81   .171084
   3778.50   .171128
   3779.19   .171190
   3779.88   .171218
   3780.57   .171170
   3781.26   .171154
   3781.95   .171223
   3782.64   .171253
   3783.33   .171353
   3784.02   .171389
   3784.71   .171376
   3785.40   .171343
   3786.09   .171309
   3786.78   .171328
   3787.47   .171413
   3788.17   .171424
   3788.86   .171374
   3789.55   .171421
   3790.24   .171457
   3790.94   .171470
   3791.63   .171543
   3792.32   .171536
   3793.02   .171595
   3793.71   .171598
   3794.40   .171531
   3795.10   .171519
   3795.79   .171535
   3796.49   .171563
   3797.18   .171659
   3797.88   .171719
   3798.57   .171671
   3799.27   .171689
   3799.97   .171700
   3800.66   .171649
   3801.36   .171724
   3802.06   .171709
   3802.75   .171620
   3803.45   .171651
   3804.15   .171743
   3804.85   .171807
   3805.54   .171861
   3806.24   .171873
   3806.94   .171889
   3807.64   .171933
   3808.34   .171917
   3809.04   .171982
   3809.74   .172038
   3810.44   .171971
   3811.14   .171937
   3811.84   .172002
   3812.54   .172034
   3813.24   .172033
   3813.94   .172080
   3814.64   .172043
   3815.34   .172032
   3816.05   .172039
   3816.75   .172032
   3817.45   .172055
   3818.15   .172056
   3818.86   .172120
   3819.56   .172155
   3820.26   .172210
   3820.97   .172210
   3821.67   .172247
   3822.38   .172220
   3823.08   .172162
   3823.79   .172171
   3824.49   .172274
   3825.20   .172347
   3825.90   .172331
   3826.61   .172400
   3827.31   .172428
   3828.02   .172374
   3828.73   .172327
   3829.43   .172282
   3830.14   .172241
   3830.85   .172329
   3831.56   .172488
   3832.26   .172464
   3832.97   .172380
   3833.68   .172465
   3834.39   .172548
   3835.10   .172567
   3835.81   .172534
   3836.52   .172535
   3837.23   .172588
   3837.94   .172646
   3838.65   .172590
   3839.36   .172600
   3840.07   .172661
   3840.78   .172744
   3841.49   .172671
   3842.21   .172636
   3842.92   .172660
   3843.63   .172672
   3844.34   .172749
   3845.05   .172790
   3845.77   .172732
   3846.48   .172705
   3847.19   .172714
   3847.91   .172794
   3848.62   .172868
   3849.34   .172846
   3850.05   .172765
   3850.77   .172749
   3851.48   .172860
   3852.20   .172933
   3852.91   .172941
   3853.63   .172919
   3854.34   .172966
   3855.06   .173075
   3855.78   .173003
   3856.49   .172888
   3857.21   .172904
   3857.93   .172909
   3858.65   .172926
   3859.36   .172993
   3860.08   .173058
   3860.80   .173071
   3861.52   .173053
   3862.24   .173051
   3862.96   .172990
   3863.68   .172962
   3864.40   .173070
   3865.12   .173136
   3865.84   .173171
   3866.56   .173236
   3867.28   .173191
   3868.00   .173173
   3868.72   .173280
   3869.45   .173250
   3870.17   .173219
   3870.89   .173329
   3871.61   .173387
   3872.34   .173323
   3873.06   .173294
   3873.78   .173295
   3874.51   .173342
   3875.23   .173302
   3875.95   .173349
   3876.68   .173405
   3877.40   .173431
   3878.13   .173420
   3878.85   .173466
   3879.58   .173433
   3880.31   .173415
   3881.03   .173418
   3881.76   .173457
   3882.48   .173450
   3883.21   .173439
   3883.94   .173501
   3884.67   .173535
   3885.39   .173603
   3886.12   .173644
   3886.85   .173576
   3887.58   .173543
   3888.31   .173563
   3889.04   .173593
   3889.77   .173639
   3890.50   .173679
   3891.23   .173692
   3891.96   .173635
   3892.69   .173653
   3893.42   .173719
   3894.15   .173701
   3894.88   .173681
   3895.61   .173785
   3896.34   .173743
   3897.07   .173659
   3897.81   .173696
   3898.54   .173747
   3899.27   .173744
   3900.01   .173819
   3900.74   .173794
   3901.47   .173842
   3902.21   .173892
   3902.94   .173842
   3903.68   .173902
   3904.41   .173896
   3905.15   .173912
   3905.88   .173888
   3906.62   .173854
   3907.36   .173920
   3908.09   .173930
   3908.83   .173904
   3909.56   .173899
   3910.30   .173948
   3911.04   .173990
   3911.78   .173957
   3912.52   .173992
   3913.25   .174039
   3913.99   .174007
   3914.73   .173998
   3915.47   .173991
   3916.21   .173977
   3916.95   .174053
   3917.69   .174137
   3918.43   .174161
   3919.17   .174127
   3919.91   .174132
   3920.65   .174179
   3921.39   .174184
   3922.13   .174117
   3922.88   .174098
   3923.62   .174100
   3924.36   .174103
   3925.10   .174171
   3925.85   .174300
   3926.59   .174278
   3927.33   .174262
   3928.08   .174312
   3928.82   .174244
   3929.57   .174173
   3930.31   .174146
   3931.05   .174153
   3931.80   .174179
   3932.55   .174239
   3933.29   .174278
   3934.04   .174310
   3934.78   .174396
   3935.53   .174401
   3936.28   .174333
   3937.02   .174309
   3937.77   .174348
   3938.52   .174374
   3939.27   .174346
   3940.02   .174378
   3940.76   .174431
   3941.51   .174457
   3942.26   .174431
   3943.01   .174468
   3943.76   .174553
   3944.51   .174481
   3945.26   .174420
   3946.01   .174480
   3946.76   .174422
   3947.52   .174354
   3948.27   .174441
   3949.02   .174531
   3949.77   .174599
   3950.52   .174680
   3951.28   .174661
   3952.03   .174650
   3952.78   .174716
   3953.54   .174679
   3954.29   .174633
   3955.04   .174571
   3955.80   .174561
   3956.55   .174582
   3957.31   .174585
   3958.06   .174567
   3958.82   .174581
   3959.57   .174707
   3960.33   .174693
   3961.09   .174693
   3961.84   .174729
   3962.60   .174729
   3963.36   .174731
   3964.11   .174698
   3964.87   .174652
   3965.63   .174734
   3966.39   .174741
   3967.15   .174703
   3967.91   .174701
   3968.67   .174669
   3969.43   .174723
   3970.19   .174794
   3970.95   .174769
   3971.71   .174728
   3972.47   .174728
   3973.23   .174772
   3973.99   .174815
   3974.75   .174798
   3975.51   .174834
   3976.28   .174923
   3977.04   .174929
   3977.80   .174841
   3978.57   .174833
   3979.33   .174849
   3980.09   .174849
   3980.86   .174894
   3981.62   .174946
   3982.39   .174958
   3983.15   .175015
   3983.91   .174993
   3984.68   .174900
   3985.45   .174935
   3986.21   .174921
   3986.98   .174919
   3987.74   .174997
   3988.51   .174986
   3989.28   .174971
   3990.05   .174992
   3990.81   .175013
   3991.58   .175040
   3992.35   .175075
   3993.12   .175058
   3993.89   .175029
   3994.66   .175024
   3995.43   .175023
   3996.20   .175038
   3996.97   .175047
   3997.74   .175019
   3998.51   .175090
   3999.28   .175133
   4000.05   .175072
   4000.82   .175096
   4001.59   .175212
   4002.37   .175182
   4003.14   .175143
   4003.91   .175155
   4004.68   .175192
   4005.46   .175127
   4006.23   .175070
   4007.01   .175161
   4007.78   .175201
   4008.55   .175181
   4009.33   .175174
   4010.11   .175190
   4010.88   .175209
   4011.66   .175249
   4012.43   .175284
   4013.21   .175328
   4013.99   .175314
   4014.76   .175293
   4015.54   .175263
   4016.32   .175247
   4017.10   .175219
   4017.87   .175300
   4018.65   .175330
   4019.43   .175344
   4020.21   .175319
   4020.99   .175298
   4021.77   .175222
   4022.55   .175191
   4023.33   .175239
   4024.11   .175369
   4024.89   .175412
   4025.67   .175378
   4026.45   .175390
   4027.24   .175426
   4028.02   .175476
   4028.80   .175507
   4029.58   .175491
   4030.37   .175387
   4031.15   .175355
   4031.93   .175412
   4032.72   .175442
   4033.50   .175438
   4034.29   .175382
   4035.07   .175412
   4035.86   .175534
   4036.64   .175594
   4037.43   .175540
   4038.21   .175470
   4039.00   .175508
   4039.79   .175473
   4040.57   .175457
   4041.36   .175485
   4042.15   .175532
   4042.94   .175589
   4043.73   .175550
   4044.52   .175584
   4045.30   .175613
   4046.09   .175606
   4046.88   .175643
   4047.67   .175613
   4048.46   .175562
   4049.25   .175585
   4050.04   .175530
   4050.84   .175499
   4051.63   .175566
   4052.42   .175595
   4053.21   .175653
   4054.00   .175733
   4054.80   .175746
   4055.59   .175762
   4056.38   .175744
   4057.17   .175732
   4057.97   .175650
   4058.76   .175588
   4059.56   .175567
   4060.35   .175611
   4061.15   .175647
   4061.94   .175718
   4062.74   .175748
   4063.53   .175710
   4064.33   .175706
   4065.13   .175766
   4065.92   .175841
   4066.72   .175868
   4067.52   .175836
   4068.32   .175741
   4069.12   .175754
   4069.91   .175775
   4070.71   .175797
   4071.51   .175842
   4072.31   .175882
   4073.11   .175831
   4073.91   .175772
   4074.71   .175809
   4075.51   .175867
   4076.31   .175856
   4077.11   .175788
   4077.92   .175753
   4078.72   .175850
   4079.52   .175930
   4080.32   .175960
   4081.13   .175888
   4081.93   .175919
   4082.73   .175929
   4083.54   .175903
   4084.34   .175950
   4085.15   .175983
   4085.95   .175964
   4086.76   .175956
   4087.56   .175967
   4088.37   .176027
   4089.17   .175982
   4089.98   .175988
   4090.79   .176025
   4091.59   .176035
   4092.40   .176081
   4093.21   .176108
   4094.02   .176097
   4094.82   .176024
   4095.63   .175999
   4096.44   .175998
   4097.25   .175975
   4098.06   .175974
   4098.87   .176053
   4099.68   .176065
   4100.49   .175983
   4101.30   .175995
   4102.11   .176024
   4102.92   .175978
   4103.74   .175921
   4104.55   .175995
   4105.36   .176070
   4106.17   .176128
   4106.99   .176130
   4107.80   .176084
   4108.61   .176100
   4109.43   .176058
   4110.24   .176018
   4111.06   .176071
   4111.87   .176125
   4112.69   .176062
   4113.50   .176073
   4114.32   .176174
   4115.14   .176224
   4115.95   .176191
   4116.77   .176146
   4117.59   .176244
   4118.41   .176354
   4119.22   .176249
   4120.04   .176187
   4120.86   .176298
   4121.68   .176267
   4122.50   .176271
   4123.32   .176310
   4124.14   .176234
   4124.96   .176181
   4125.78   .176185
   4126.60   .176232
   4127.42   .176365
   4128.24   .176346
   4129.07   .176341
   4129.89   .176398
   4130.71   .176342
   4131.53   .176267
   4132.36   .176305
   4133.18   .176416
   4134.00   .176402
   4134.83   .176383
   4135.65   .176436
   4136.48   .176458
   4137.30   .176374
   4138.13   .176362
   4138.95   .176458
   4139.78   .176478
   4140.61   .176411
   4141.43   .176364
   4142.26   .176367
   4143.09   .176439
   4143.92   .176487
   4144.74   .176475
   4145.57   .176483
   4146.40   .176412
   4147.23   .176388
   4148.06   .176465
   4148.89   .176476
   4149.72   .176494
   4150.55   .176459
   4151.38   .176482
   4152.21   .176515
   4153.04   .176584
   4153.88   .176600
   4154.71   .176535
   4155.54   .176527
   4156.37   .176594
   4157.21   .176655
   4158.04   .176634
   4158.87   .176595
   4159.71   .176603
   4160.54   .176633
   4161.38   .176637
   4162.21   .176611
   4163.05   .176669
   4163.88   .176677
   4164.72   .176608
   4165.56   .176624
   4166.39   .176619
   4167.23   .176620
   4168.07   .176616
   4168.90   .176606
   4169.74   .176610
   4170.58   .176647
   4171.42   .176645
   4172.26   .176593
   4173.10   .176685
   4173.94   .176710
   4174.78   .176606
   4175.62   .176675
   4176.46   .176716
   4177.30   .176717
   4178.14   .176698
   4178.99   .176788
   4179.83   .176902
   4180.67   .176907
   4181.51   .176881
   4182.36   .176836
   4183.20   .176754
   4184.04   .176690
   4184.89   .176734
   4185.73   .176781
   4186.58   .176774
   4187.42   .176797
   4188.27   .176805
   4189.11   .176825
   4189.96   .176952
   4190.81   .176992
   4191.66   .176894
   4192.50   .176792
   4193.35   .176733
   4194.20   .176817
   4195.05   .176888
   4195.90   .176925
   4196.75   .176911
   4197.59   .176927
   4198.44   .176981
   4199.29   .176907
   4200.15   .176926
   4201.00   .176982
   4201.85   .176926
   4202.70   .176903
   4203.55   .176910
   4204.40   .176908
   4205.25   .176963
   4206.11   .176979
   4206.96   .176913
   4207.81   .176889
   4208.67   .176920
   4209.52   .176938
   4210.38   .177003
   4211.23   .177013
   4212.09   .177043
   4212.94   .177131
   4213.80   .177189
   4214.66   .177153
   4215.51   .177061
   4216.37   .176958
   4217.23   .176962
   4218.08   .177012
   4218.94   .177003
   4219.80   .177010
   4220.66   .177013
   4221.52   .176945
   4222.38   .176932
   4223.24   .176995
   4224.10   .177118
   4224.96   .177094
   4225.82   .177001
   4226.68   .176954
   4227.54   .177015
   4228.40   .177013
   4229.27   .176949
   4230.13   .177030
   4230.99   .177048
   4231.85   .177041
   4232.72   .177062
   4233.58   .177088
   4234.45   .177061
   4235.31   .177055
   4236.18   .177014
   4237.04   .177034
   4237.91   .177029
   4238.77   .176999
   4239.64   .177060
   4240.51   .177086
   4241.38   .177043
   4242.24   .177014
   4243.11   .176990
   4243.98   .176974
   4244.85   .177029
   4245.72   .177098
   4246.58   .177167
   4247.46   .177207
   4248.33   .177202
   4249.20   .177131
   4250.07   .177054
   4250.94   .177054
   4251.81   .177037
   4252.68   .177030
   4253.55   .177049
   4254.43   .177056
   4255.30   .177123
   4256.17   .177176
   4257.05   .177126
   4257.92   .177014
   4258.79   .176972
   4259.67   .176999
   4260.54   .177015
   4261.42   .176985
   4262.29   .177051
   4263.17   .177107
   4264.05   .177046
   4264.92   .176965
   4265.80   .176860
   4266.68   .176932
   4267.56   .176974
   4268.44   .176994
   4269.32   .177039
   4270.19   .177089
   4271.07   .176987
   4271.95   .176916
   4272.83   .176940
   4273.71   .176950
   4274.60   .176956
   4275.48   .177004
   4276.36   .177052
   4277.24   .176975
   4278.12   .176885
   4279.00   .176985
   4279.89   .177035
   4280.77   .176921
   4281.65   .176885
   4282.54   .176952
   4283.42   .176989
   4284.31   .177011
   4285.19   .177009
   4286.08   .177012
   4286.96   .177051
   4287.85   .177059
   4288.74   .177006
   4289.63   .176948
   4290.51   .176880
   4291.40   .176883
   4292.29   .176918
   4293.18   .176961
   4294.07   .177010
   4294.96   .177071
   4295.84   .176961
   4296.73   .176823
   4297.63   .176788
   4298.52   .176866
   4299.41   .176864
   4300.30   .176801
   4301.19   .176730
   4302.08   .176738
   4302.97   .176801
   4303.87   .176806
   4304.76   .176848
   4305.65   .176918
   4306.55   .176901
   4307.44   .176825
   4308.34   .176816
   4309.23   .176765
   4310.13   .176771
   4311.02   .176825
   4311.92   .176797
   4312.82   .176812
   4313.71   .176821
   4314.61   .176794
   4315.51   .176724
   4316.41   .176707
   4317.31   .176784
   4318.21   .176809
   4319.10   .176769
   4320.00   .176791
   4320.90   .176736
   4321.81   .176672
   4322.71   .176689
   4323.61   .176722
   4324.51   .176702
   4325.41   .176691
   4326.31   .176728
   4327.22   .176739
   4328.12   .176746
   4329.02   .176771
   4329.93   .176715
   4330.83   .176661
   4331.73   .176624
   4332.64   .176553
   4333.54   .176462
   4334.45   .176458
   4335.36   .176536
   4336.26   .176572
   4337.17   .176596
   4338.08   .176599
   4338.98   .176506
   4339.89   .176432
   4340.80   .176545
   4341.71   .176581
   4342.62   .176514
   4343.53   .176475
   4344.44   .176464
   4345.35   .176556
   4346.26   .176593
   4347.17   .176518
   4348.08   .176414
   4348.99   .176415
   4349.90   .176436
   4350.82   .176431
   4351.73   .176449
   4352.64   .176449
   4353.56   .176456
   4354.47   .176470
   4355.39   .176426
   4356.30   .176333
   4357.22   .176334
   4358.13   .176351
   4359.05   .176340
   4359.97   .176392
   4360.88   .176442
   4361.80   .176374
   4362.72   .176325
   4363.64   .176307
   4364.55   .176239
   4365.47   .176266
   4366.39   .176280
   4367.31   .176275
   4368.23   .176213
   4369.15   .176215
   4370.07   .176231
   4370.99   .176269
   4371.91   .176276
   4372.84   .176309
   4373.76   .176303
   4374.68   .176256
   4375.60   .176244
   4376.53   .176177
   4377.45   .176151
   4378.37   .176184
   4379.30   .176243
   4380.22   .176205
   4381.15   .176128
   4382.08   .176036
   4383.00   .176041
   4383.93   .176072
   4384.85   .176009
   4385.78   .176021
   4386.71   .175992
   4387.64   .175967
   4388.57   .175952
   4389.49   .175915
   4390.42   .175922
   4391.35   .175896
   4392.28   .175916
   4393.21   .175934
   4394.14   .175967
   4395.08   .175925
   4396.01   .175881
   4396.94   .175890
   4397.87   .175977
   4398.80   .176016
   4399.74   .175963
   4400.67   .175890
   4401.60   .175782
   4402.54   .175796
   4403.47   .175908
   4404.41   .175880
   4405.34   .175813
   4406.28   .175778
   4407.22   .175806
   4408.15   .175848
   4409.09   .175775
   4410.03   .175720
   4410.97   .175696
   4411.90   .175658
   4412.84   .175636
   4413.78   .175588
   4414.72   .175587
   4415.66   .175712
   4416.60   .175754
   4417.54   .175721
   4418.48   .175718
   4419.43   .175666
   4420.37   .175615
   4421.31   .175654
   4422.25   .175704
   4423.20   .175680
   4424.14   .175642
   4425.08   .175669
   4426.03   .175569
   4426.97   .175496
   4427.92   .175521
   4428.86   .175518
   4429.81   .175567
   4430.76   .175534
   4431.70   .175534
   4432.65   .175559
   4433.60   .175529
   4434.54   .175476
   4435.49   .175373
   4436.44   .175391
   4437.39   .175430
   4438.34   .175487
   4439.29   .175482
   4440.24   .175307
   4441.19   .175315
   4442.15   .175364
   4443.10   .175341
   4444.05   .175364
   4445.00   .175362
   4445.96   .175342
   4446.91   .175306
   4447.86   .175293
   4448.82   .175271
   4449.77   .175245
   4450.73   .175197
   4451.68   .175201
   4452.64   .175212
   4453.59   .175225
   4454.55   .175190
   4455.51   .175159
   4456.46   .175211
   4457.42   .175220
   4458.38   .175184
   4459.34   .175138
   4460.30   .175073
   4461.26   .175051
   4462.22   .175087
   4463.18   .175101
   4464.14   .175086
   4465.10   .175090
   4466.06   .174981
   4467.02   .174864
   4467.98   .174935
   4468.95   .174986
   4469.91   .174944
   4470.87   .174980
   4471.84   .174967
   4472.80   .174883
   4473.77   .174810
   4474.73   .174830
   4475.70   .174838
   4476.66   .174846
   4477.63   .174856
   4478.60   .174839
   4479.56   .174776
   4480.53   .174701
   4481.50   .174740
   4482.47   .174731
   4483.44   .174729
   4484.41   .174667
   4485.38   .174714
   4486.35   .174806
   4487.32   .174717
   4488.29   .174653
   4489.26   .174642
   4490.23   .174613
   4491.21   .174555
   4492.18   .174542
   4493.15   .174540
   4494.12   .174498
   4495.10   .174450
   4496.07   .174442
   4497.05   .174503
   4498.02   .174620
   4499.00   .174580
   4499.98   .174420
   4500.95   .174307
   4501.93   .174282
   4502.91   .174248
   4503.88   .174229
   4504.86   .174226
   4505.84   .174218
   4506.82   .174170
   4507.80   .174118
   4508.78   .174102
   4509.76   .174095
   4510.74   .174159
   4511.72   .174178
   4512.70   .174065
   4513.69   .173991
   4514.67   .174016
   4515.65   .174074
   4516.64   .174010
   4517.62   .173853
   4518.60   .173873
   4519.59   .173965
   4520.57   .174001
   4521.56   .173967
   4522.54   .173834
   4523.53   .173748
   4524.52   .173799
   4525.51   .173819
   4526.50   .173772
   4527.48   .173681
   4528.47   .173599
   4529.46   .173583
   4530.45   .173579
   4531.44   .173511
   4532.43   .173451
   4533.42   .173467
   4534.41   .173494
   4535.40   .173462
   4536.40   .173387
   4537.39   .173398
   4538.38   .173339
   4539.37   .173205
   4540.37   .173216
   4541.36   .173220
   4542.36   .173072
   4543.35   .173079
   4544.35   .173166
   4545.34   .173099
   4546.34   .173005
   4547.34   .172925
   4548.33   .172897
   4549.33   .172834
   4550.33   .172746
   4551.33   .172719
   4552.33   .172754
   4553.33   .172731
   4554.33   .172689
   4555.33   .172584
   4556.33   .172489
   4557.33   .172452
   4558.33   .172518
   4559.33   .172495
   4560.33   .172370
   4561.34   .172283
   4562.34   .172277
   4563.35   .172206
   4564.35   .172190
   4565.35   .172143
   4566.36   .172041
   4567.37   .171993
   4568.37   .171977
   4569.38   .171977
   4570.38   .171859
   4571.39   .171882
   4572.40   .171918
   4573.41   .171822
   4574.42   .171712
   4575.43   .171696
   4576.44   .171697
   4577.45   .171635
   4578.46   .171534
   4579.47   .171470
   4580.48   .171451
   4581.49   .171374
   4582.50   .171335
   4583.52   .171249
   4584.53   .171187
   4585.54   .171224
   4586.56   .171201
   4587.57   .171135
   4588.59   .171109
   4589.60   .170949
   4590.62   .170800
   4591.63   .170807
   4592.65   .170784
   4593.67   .170678
   4594.69   .170612
   4595.70   .170606
   4596.72   .170597
   4597.74   .170569
   4598.76   .170501
   4599.78   .170483
   4600.80   .170440
   4601.82   .170338
   4602.84   .170189
   4603.87   .170113
   4604.89   .170079
   4605.91   .170046
   4606.93   .169965
   4607.96   .169921
   4608.98   .169838
   4610.00   .169721
   4611.03   .169705
   4612.06   .169640
   4613.08   .169505
   4614.11   .169406
   4615.13   .169327
   4616.16   .169277
   4617.19   .169185
   4618.22   .169172
   4619.25   .169159
   4620.28   .169131
   4621.31   .169064
   4622.34   .168855
   4623.37   .168812
   4624.40   .168809
   4625.43   .168709
   4626.46   .168624
   4627.49   .168574
   4628.53   .168497
   4629.56   .168390
   4630.59   .168345
   4631.63   .168294
   4632.66   .168170
   4633.70   .168061
   4634.73   .168000
   4635.77   .167922
   4636.80   .167884
   4637.84   .167863
   4638.88   .167767
   4639.92   .167690
   4640.96   .167553
   4641.99   .167459
   4643.03   .167508
   4644.07   .167459
   4645.11   .167247
   4646.15   .167146
   4647.19   .167089
   4648.24   .166941
   4649.28   .166841
   4650.32   .166811
   4651.36   .166798
   4652.41   .166733
   4653.45   .166653
   4654.49   .166566
   4655.54   .166507
   4656.58   .166419
   4657.63   .166297
   4658.68   .166192
   4659.72   .166152
   4660.77   .166066
   4661.82   .165952
   4662.87   .165874
   4663.92   .165773
   4664.96   .165699
   4666.01   .165666
   4667.06   .165587
   4668.11   .165561
   4669.17   .165463
   4670.22   .165276
   4671.27   .165185
   4672.32   .165139
   4673.37   .165077
   4674.43   .164966
   4675.48   .164847
   4676.53   .164705
   4677.59   .164628
   4678.64   .164588
   4679.70   .164600
   4680.76   .164514
   4681.81   .164370
   4682.87   .164301
   4683.93   .164230
   4684.99   .164144
   4686.04   .164083
   4687.10   .163995
   4688.16   .163836
   4689.22   .163691
   4690.28   .163704
   4691.34   .163696
   4692.41   .163648
   4693.47   .163522
   4694.53   .163374
   4695.59   .163278
   4696.66   .163279
   4697.72   .163220
   4698.78   .163047
   4699.85   .162923
   4700.91   .162848
   4701.98   .162793
   4703.05   .162702
   4704.11   .162622
   4705.18   .162643
   4706.25   .162534
   4707.32   .162384
   4708.39   .162304
   4709.45   .162234
   4710.52   .162153
   4711.60   .162035
   4712.67   .161917
   4713.74   .161835
   4714.81   .161812
   4715.88   .161743
   4716.95   .161639
   4718.03   .161542
   4719.10   .161458
   4720.18   .161461
   4721.25   .161383
   4722.32   .161266
   4723.40   .161144
   4724.48   .161055
   4725.55   .160989
   4726.63   .160915
   4727.71   .160892
   4728.78   .160748
   4729.86   .160609
   4730.94   .160488
   4732.02   .160394
   4733.10   .160409
   4734.18   .160345
   4735.26   .160237
   4736.34   .160206
   4737.43   .160161
   4738.51   .160013
   4739.59   .159929
   4740.67   .159815
   4741.76   .159728
   4742.84   .159655
   4743.93   .159586
   4745.01   .159504
   4746.10   .159434
   4747.19   .159368
   4748.27   .159305
   4749.36   .159162
   4750.45   .159016
   4751.54   .158972
   4752.62   .158943
   4753.71   .158833
   4754.80   .158769
   4755.89   .158752
   4756.98   .158638
   4758.08   .158507
   4759.17   .158465
   4760.26   .158476
   4761.35   .158334
   4762.45   .158221
   4763.54   .158190
   4764.64   .158080
   4765.73   .158023
   4766.83   .157997
   4767.92   .157933
   4769.02   .157842
   4770.11   .157732
   4771.21   .157707
   4772.31   .157660
   4773.41   .157552
   4774.51   .157422
   4775.61   .157239
   4776.71   .157082
   4777.81   .157131
   4778.91   .157099
   4780.01   .156927
   4781.11   .156942
   4782.21   .156926
   4783.32   .156767
   4784.42   .156654
   4785.52   .156567
   4786.63   .156491
   4787.73   .156433
   4788.84   .156317
   4789.94   .156204
   4791.05   .156084
   4792.16   .156016
   4793.27   .156061
   4794.37   .155991
   4795.48   .155816
   4796.59   .155709
   4797.70   .155669
   4798.81   .155653
   4799.92   .155624
   4801.03   .155425
   4802.14   .155237
   4803.26   .155173
   4804.37   .155104
   4805.48   .154991
   4806.60   .154886
   4807.71   .154822
   4808.83   .154728
   4809.94   .154553
   4811.06   .154468
   4812.17   .154412
   4813.29   .154283
   4814.41   .154197
   4815.53   .154145
   4816.65   .154011
   4817.76   .153914
   4818.88   .153815
   4820.00   .153730
   4821.12   .153731
   4822.25   .153640
   4823.37   .153475
   4824.49   .153393
   4825.61   .153248
   4826.73   .153107
   4827.86   .153060
   4828.98   .152983
   4830.11   .152924
   4831.23   .152866
   4832.36   .152704
   4833.48   .152586
   4834.61   .152572
   4835.74   .152529
   4836.87   .152346
   4837.99   .152233
   4839.12   .152161
   4840.25   .151993
   4841.38   .151869
   4842.51   .151782
   4843.64   .151711
   4844.77   .151598
   4845.91   .151500
   4847.04   .151435
   4848.17   .151363
   4849.31   .151254
   4850.44   .151231
   4851.57   .151082
   4852.71   .150958
   4853.84   .150975
   4854.98   .150835
   4856.12   .150727
   4857.26   .150623
   4858.39   .150493
   4859.53   .150419
   4860.67   .150323
   4861.81   .150229
   4862.95   .150117
   4864.09   .150059
   4865.23   .150079
   4866.37   .149983
   4867.52   .149826
   4868.66   .149696
   4869.80   .149583
   4870.94   .149480
   4872.09   .149440
   4873.23   .149345
   4874.38   .149261
   4875.52   .149188
   4876.67   .149071
   4877.82   .148942
   4878.97   .148842
   4880.11   .148757
   4881.26   .148627
   4882.41   .148480
   4883.56   .148487
   4884.71   .148483
   4885.86   .148393
   4887.01   .148247
   4888.17   .148110
   4889.32   .148000
   4890.47   .147949
   4891.62   .147819
   4892.78   .147700
   4893.93   .147619
   4895.09   .147534
   4896.24   .147470
   4897.40   .147362
   4898.56   .147288
   4899.71   .147287
   4900.87   .147176
   4902.03   .147086
   4903.19   .146967
   4904.35   .146853
   4905.51   .146732
   4906.67   .146543
   4907.83   .146448
   4908.99   .146412
   4910.15   .146387
   4911.32   .146245
   4912.48   .146047
   4913.65   .145937
   4914.81   .145874
   4915.98   .145828
   4917.14   .145691
   4918.31   .145576
   4919.47   .145479
   4920.64   .145376
   4921.81   .145239
   4922.98   .145116
   4924.15   .144972
   4925.31   .144899
   4926.48   .144829
   4927.66   .144737
   4928.83   .144650
   4930.00   .144540
   4931.17   .144441
   4932.34   .144346
   4933.52   .144188
   4934.69   .144118
   4935.86   .144079
   4937.04   .143933
   4938.21   .143787
   4939.39   .143703
   4940.57   .143593
   4941.75   .143490
   4942.92   .143428
   4944.10   .143339
   4945.28   .143210
   4946.46   .143093
   4947.64   .143048
   4948.82   .142919
   4950.00   .142793
   4951.18   .142651
   4952.37   .142547
   4953.55   .142515
   4954.73   .142465
   4955.92   .142316
   4957.10   .142092
   4958.29   .141968
   4959.47   .141939
   4960.66   .141816
   4961.84   .141625
   4963.03   .141542
   4964.22   .141546
   4965.41   .141412
   4966.60   .141229
   4967.79   .141068
   4968.98   .141031
   4970.17   .141015
   4971.36   .140865
   4972.55   .140723
   4973.74   .140641
   4974.94   .140463
   4976.13   .140309
   4977.32   .140253
   4978.52   .140204
   4979.71   .140065
   4980.91   .139948
   4982.11   .139845
   4983.30   .139760
   4984.50   .139719
   4985.70   .139551
   4986.90   .139404
   4988.10   .139371
   4989.30   .139334
   4990.50   .139197
   4991.70   .139075
   4992.90   .139003
   4994.10   .138877
   4995.31   .138748
   4996.51   .138646
   4997.71   .138491
   4998.92   .138312
   5000.12   .138274
   5001.33   .138195
   5002.54   .138048
   5003.74   .137930
   5004.95   .137867
   5006.16   .137746
   5007.37   .137632
   5008.58   .137615
   5009.79   .137561
   5011.00   .137367
   5012.21   .137198
   5013.42   .137113
   5014.63   .137077
   5015.84   .137066
   5017.06   .136899
   5018.27   .136728
   5019.49   .136647
   5020.70   .136524
   5021.92   .136418
   5023.14   .136316
   5024.35   .136216
   5025.57   .136148
   5026.79   .136116
   5028.01   .136006
   5029.23   .135896
   5030.45   .135825
   5031.67   .135736
   5032.89   .135592
   5034.11   .135480
   5035.33   .135308
   5036.55   .135157
   5037.78   .135026
   5039.00   .134983
   5040.23   .134937
   5041.45   .134800
   5042.68   .134725
   5043.90   .134667
   5045.13   .134646
   5046.36   .134458
   5047.59   .134334
   5048.81   .134293
   5050.04   .134195
   5051.27   .134035
   5052.50   .133876
   5053.74   .133842
   5054.97   .133811
   5056.20   .133660
   5057.43   .133439
   5058.67   .133286
   5059.90   .133221
   5061.14   .133163
   5062.37   .133029
   5063.61   .132875
   5064.84   .132804
   5066.08   .132766
   5067.32   .132662
   5068.56   .132458
   5069.80   .132308
   5071.04   .132299
   5072.28   .132218
   5073.52   .132095
   5074.76   .132033
   5076.00   .131813
   5077.24   .131614
   5078.49   .131575
   5079.73   .131506
   5080.97   .131353
   5082.22   .131177
   5083.46   .131106
   5084.71   .131134
   5085.96   .130984
   5087.21   .130802
   5088.45   .130770
   5089.70   .130694
   5090.95   .130551
   5092.20   .130473
   5093.45   .130363
   5094.70   .130206
   5095.96   .130060
   5097.21   .129918
   5098.46   .129847
   5099.71   .129792
   5100.97   .129649
   5102.22   .129501
   5103.48   .129382
   5104.74   .129335
   5105.99   .129265
   5107.25   .129141
   5108.51   .128948
   5109.77   .128746
   5111.03   .128595
   5112.29   .128511
   5113.55   .128502
   5114.81   .128381
   5116.07   .128179
   5117.33   .128106
   5118.59   .128016
   5119.86   .127897
   5121.12   .127803
   5122.39   .127681
   5123.65   .127655
   5124.92   .127518
   5126.18   .127305
   5127.45   .127177
   5128.72   .127065
   5129.99   .126929
   5131.26   .126788
   5132.53   .126702
   5133.80   .126592
   5135.07   .126440
   5136.34   .126335
   5137.62   .126266
   5138.89   .126174
   5140.16   .126024
   5141.44   .125844
   5142.71   .125763
   5143.99   .125588
   5145.26   .125384
   5146.54   .125406
   5147.82   .125363
   5149.10   .125195
   5150.37   .125126
   5151.65   .125002
   5152.93   .124809
   5154.21   .124675
   5155.50   .124608
   5156.78   .124513
   5158.06   .124361
   5159.34   .124279
   5160.63   .124187
   5161.91   .124071
   5163.20   .123983
   5164.48   .123882
   5165.77   .123780
   5167.06   .123625
   5168.34   .123521
   5169.63   .123479
   5170.92   .123367
   5172.21   .123188
   5173.50   .123172
   5174.79   .123115
   5176.08   .122990
   5177.37   .122924
   5178.67   .122926
   5179.96   .122844
   5181.25   .122631
   5182.55   .122521
   5183.85   .122445
   5185.14   .122365
   5186.44   .122283
   5187.73   .122208
   5189.03   .122149
   5190.33   .122055
   5191.63   .121945
   5192.93   .121831
   5194.23   .121785
   5195.53   .121744
   5196.83   .121720
   5198.14   .121603
   5199.44   .121559
   5200.74   .121580
   5202.05   .121492
   5203.35   .121375
   5204.66   .121290
   5205.97   .121207
   5207.27   .121148
   5208.58   .121060
   5209.89   .121007
   5211.20   .121024
   5212.51   .120925
   5213.82   .120817
   5215.13   .120833
   5216.44   .120784
   5217.75   .120756
   5219.07   .120686
   5220.38   .120591
   5221.69   .120559
   5223.01   .120564
   5224.32   .120566
   5225.64   .120466
   5226.96   .120310
   5228.28   .120251
   5229.59   .120242
   5230.91   .120215
   5232.23   .120201
   5233.55   .120161
   5234.87   .120115
   5236.20   .120007
   5237.52   .120004
   5238.84   .119993
   5240.17   .119913
   5241.49   .119866
   5242.81   .119802
   5244.14   .119723
   5245.47   .119669
   5246.79   .119595
   5248.12   .119563
   5249.45   .119515
   5250.78   .119451
   5252.11   .119449
   5253.44   .119390
   5254.77   .119349
   5256.10   .119362
   5257.44   .119265
   5258.77   .119185
   5260.10   .119177
   5261.44   .119139
   5262.77   .119087
   5264.11   .119068
   5265.45   .119047
   5266.78   .119081
   5268.12   .119009
   5269.46   .118955
   5270.80   .118962
   5272.14   .118859
   5273.48   .118794
   5274.82   .118805
   5276.16   .118847
   5277.50   .118812
   5278.85   .118604
   5280.19   .118516
   5281.54   .118535
   5282.88   .118523
   5284.23   .118545
   5285.57   .118575
   5286.92   .118533
   5288.27   .118472
   5289.62   .118397
   5290.97   .118437
   5292.32   .118389
   5293.67   .118322
   5295.02   .118349
   5296.37   .118372
   5297.73   .118362
   5299.08   .118304
   5300.43   .118235
   5301.79   .118229
   5303.14   .118247
   5304.50   .118271
   5305.86   .118292
   5307.21   .118279
   5308.57   .118275
   5309.93   .118294
   5311.29   .118272
   5312.65   .118216
   5314.01   .118161
   5315.38   .118184
   5316.74   .118264
   5318.10   .118139
   5319.47   .118107
   5320.83   .118149
   5322.20   .118135
   5323.56   .118128
   5324.93   .118130
   5326.30   .118059
   5327.66   .118049
   5329.03   .118075
   5330.40   .118037
   5331.77   .117997
   5333.14   .117997
   5334.52   .117990
   5335.89   .117985
   5337.26   .118024
   5338.64   .117962
   5340.01   .117902
   5341.39   .117945
   5342.76   .117925
   5344.14   .117852
   5345.52   .117883
   5346.89   .117891
   5348.27   .117858
   5349.65   .117798
   5351.03   .117772
   5352.41   .117730
   5353.80   .117662
   5355.18   .117692
   5356.56   .117721
   5357.94   .117729
   5359.33   .117703
   5360.71   .117612
   5362.10   .117596
   5363.49   .117581
   5364.87   .117552
   5366.26   .117566
   5367.65   .117574
   5369.04   .117511
   5370.43   .117432
   5371.83   .117469
   5373.22   .117505
   5374.61   .117433
   5376.00   .117390
   5377.40   .117373
   5378.79   .117292
   5380.19   .117230
   5381.58   .117234
   5382.98   .117208
   5384.38   .117214
   5385.77   .117188
   5387.17   .117028
   5388.57   .117035
   5389.97   .117041
   5391.38   .116967
   5392.78   .116925
   5394.18   .116883
   5395.58   .116893
   5396.99   .116828
   5398.39   .116810
   5399.80   .116881
   5401.20   .116849
   5402.61   .116775
   5404.02   .116665
   5405.43   .116576
   5406.84   .116602
   5408.25   .116558
   5409.66   .116448
   5411.07   .116419
   5412.48   .116427
   5413.89   .116439
   5415.31   .116396
   5416.72   .116384
   5418.14   .116403
   5419.55   .116354
   5420.97   .116252
   5422.39   .116131
   5423.80   .116157
   5425.22   .116183
   5426.64   .116162
   5428.06   .116161
   5429.48   .116126
   5430.91   .116141
   5432.33   .116134
   5433.75   .116098
   5435.17   .116039
   5436.60   .115977
   5438.03   .116005
   5439.45   .116060
   5440.88   .116004
   5442.31   .115934
   5443.73   .115935
   5445.16   .115872
   5446.59   .115751
   5448.02   .115685
   5449.46   .115683
   5450.89   .115798
   5452.32   .115829
   5453.76   .115725
   5455.19   .115720
   5456.62   .115786
   5458.06   .115806
   5459.50   .115807
   5460.94   .115682
   5462.37   .115587
   5463.81   .115604
   5465.25   .115654
   5466.69   .115620
   5468.13   .115646
   5469.58   .115681
   5471.02   .115662
   5472.46   .115621
   5473.91   .115647
   5475.35   .115681
   5476.80   .115639
   5478.24   .115547
   5479.69   .115568
   5481.14   .115570
   5482.59   .115495
   5484.04   .115556
   5485.49   .115564
   5486.94   .115597
   5488.39   .115642
   5489.85   .115653
   5491.30   .115603
   5492.75   .115580
   5494.21   .115607
   5495.66   .115595
   5497.12   .115540
   5498.58   .115558
   5500.04   .115556
   5501.50   .115513
   5502.96   .115527
   5504.42   .115567
   5505.88   .115564
   5507.34   .115517
   5508.80   .115537
   5510.27   .115528
   5511.73   .115440
   5513.20   .115458
   5514.66   .115445
   5516.13   .115459
   5517.60   .115408
   5519.07   .115321
   5520.54   .115405
   5522.01   .115458
   5523.48   .115394
   5524.95   .115393
   5526.42   .115382
   5527.89   .115331
   5529.37   .115351
   5530.84   .115342
   5532.32   .115335
   5533.79   .115375
   5535.27   .115373
   5536.75   .115315
   5538.23   .115265
   5539.71   .115215
   5541.19   .115185
   5542.67   .115121
   5544.15   .115076
   5545.63   .115084
   5547.11   .115010
   5548.60   .114956
   5550.08   .114991
   5551.57   .115007
   5553.05   .115006
   5554.54   .114955
   5556.03   .114834
   5557.52   .114803
   5559.01   .114698
   5560.50   .114598
   5561.99   .114589
   5563.48   .114590
   5564.97   .114603
   5566.47   .114492
   5567.96   .114356
   5569.46   .114318
   5570.95   .114308
   5572.45   .114276
   5573.95   .114225
   5575.45   .114174
   5576.95   .114047
   5578.45   .113912
   5579.95   .113880
   5581.45   .113804
   5582.95   .113720
   5584.45   .113712
   5585.96   .113694
   5587.46   .113559
   5588.97   .113530
   5590.48   .113539
   5591.98   .113417
   5593.49   .113209
   5595.00   .113141
   5596.51   .113125
   5598.02   .113054
   5599.53   .113038
   5601.04   .112912
   5602.56   .112721
   5604.07   .112701
   5605.59   .112669
   5607.10   .112597
   5608.62   .112566
   5610.13   .112494
   5611.65   .112422
   5613.17   .112328
   5614.69   .112216
   5616.21   .112187
   5617.73   .112168
   5619.25   .112039
   5620.78   .111981
   5622.30   .111971
   5623.83   .111884
   5625.35   .111753
   5626.88   .111685
   5628.40   .111667
   5629.93   .111582
   5631.46   .111473
   5632.99   .111405
   5634.52   .111348
   5636.06   .111325
   5637.59   .111302
   5639.12   .111192
   5640.65   .111021
   5642.19   .110985
   5643.72   .111042
   5645.26   .111001
   5646.80   .111000
   5648.33   .111020
   5649.87   .110928
   5651.41   .110854
   5652.95   .110777
   5654.50   .110651
   5656.04   .110622
   5657.58   .110648
   5659.12   .110672
   5660.67   .110720
   5662.21   .110644
   5663.76   .110535
   5665.31   .110546
   5666.85   .110468
   5668.40   .110381
   5669.95   .110399
   5671.50   .110402
   5673.06   .110346
   5674.61   .110222
   5676.16   .110139
   5677.71   .110241
   5679.27   .110269
   5680.82   .110194
   5682.38   .110078
   5683.94   .110088
   5685.50   .110075
   5687.06   .110062
   5688.62   .110140
   5690.18   .110108
   5691.74   .109947
   5693.30   .109850
   5694.86   .109875
   5696.43   .109955
   5697.99   .109962
   5699.56   .109881
   5701.13   .109810
   5702.69   .109820
   5704.26   .109763
   5705.83   .109715
   5707.40   .109775
   5708.97   .109675
   5710.54   .109507
   5712.12   .109462
   5713.69   .109522
   5715.27   .109560
   5716.84   .109509
   5718.42   .109510
   5719.99   .109558
   5721.57   .109447
   5723.15   .109314
   5724.73   .109337
   5726.31   .109345
   5727.89   .109330
   5729.48   .109262
   5731.06   .109148
   5732.64   .109095
   5734.23   .109124
   5735.81   .109087
   5737.40   .109068
   5738.99   .109048
   5740.58   .108982
   5742.17   .108888
   5743.76   .108766
   5745.35   .108683
   5746.94   .108632
   5748.53   .108553
   5750.13   .108489
   5751.72   .108483
   5753.32   .108465
   5754.91   .108451
   5756.51   .108454
   5758.11   .108387
   5759.71   .108310
   5761.31   .108249
   5762.91   .108163
   5764.51   .107981
   5766.11   .107912
   5767.72   .107832
   5769.32   .107732
   5770.93   .107722
   5772.53   .107680
   5774.14   .107610
   5775.75   .107536
   5777.36   .107473
   5778.97   .107455
   5780.58   .107372
   5782.19   .107292
   5783.80   .107199
   5785.42   .107099
   5787.03   .106999
   5788.65   .106889
   5790.26   .106787
   5791.88   .106722
   5793.50   .106736
   5795.12   .106665
   5796.74   .106509
   5798.36   .106425
   5799.98   .106369
   5801.60   .106295
   5803.22   .106237
   5804.85   .106135
   5806.47   .106065
   5808.10   .106002
   5809.73   .105943
   5811.35   .105939
   5812.98   .105843
   5814.61   .105650
   5816.24   .105496
   5817.88   .105408
   5819.51   .105351
   5821.14   .105150
   5822.78   .104936
   5824.41   .104981
   5826.05   .104994
   5827.68   .104963
   5829.32   .104874
   5830.96   .104767
   5832.60   .104703
   5834.24   .104684
   5835.88   .104616
   5837.53   .104506
   5839.17   .104430
   5840.81   .104323
   5842.46   .104173
   5844.11   .104063
   5845.75   .103942
   5847.40   .103821
   5849.05   .103742
   5850.70   .103727
   5852.35   .103690
   5854.00   .103573
   5855.66   .103441
   5857.31   .103326
   5858.96   .103210
   5860.62   .103124
   5862.28   .103040
   5863.93   .102983
   5865.59   .102834
   5867.25   .102711
   5868.91   .102667
   5870.57   .102550
   5872.24   .102423
   5873.90   .102269
   5875.56   .102145
   5877.23   .101973
   5878.89   .101747
   5880.56   .101650
   5882.23   .101560
   5883.90   .101519
   5885.57   .101537
   5887.24   .101431
   5888.91   .101295
   5890.58   .101172
   5892.26   .100990
   5893.93   .100830
   5895.61   .100539
   5897.28   .100418
   5898.96   .100437
   5900.64   .100372
   5902.32   .100328
   5904.00   .100209
   5905.68   .100054
   5907.36   .099879
   5909.05   .099741
   5910.73   .099644
   5912.42   .099491
   5914.10   .099279
   5915.79   .099142
   5917.48   .099109
   5919.17   .099013
   5920.85   .098827
   5922.55   .098730
   5924.24   .098633
   5925.93   .098374
   5927.62   .098204
   5929.32   .098148
   5931.01   .098071
   5932.71   .097864
   5934.41   .097446
   5936.11   .097289
   5937.81   .097400
   5939.51   .097304
   5941.21   .097193
   5942.91   .097174
   5944.61   .097051
   5946.32   .096766
   5948.02   .096580
   5949.73   .096475
   5951.44   .096326
   5953.15   .096293
   5954.86   .096154
   5956.57   .095952
   5958.28   .095842
   5959.99   .095746
   5961.70   .095600
   5963.42   .095447
   5965.13   .095356
   5966.85   .095182
   5968.57   .094926
   5970.28   .094801
   5972.00   .094814
   5973.72   .094793
   5975.44   .094708
   5977.17   .094542
   5978.89   .094352
   5980.61   .094203
   5982.34   .094108
   5984.06   .094042
   5985.79   .094011
   5987.52   .094017
   5989.25   .093855
   5990.98   .093617
   5992.71   .093507
   5994.44   .093405
   5996.17   .093342
   5997.91   .093320
   5999.65   .093214
   6001.38   .093195
   6003.12   .093218
   6004.86   .093107
   6006.60   .092921
   6008.34   .092836
   6010.08   .092787
   6011.82   .092631
   6013.56   .092505
   6015.31   .092496
   6017.05   .092534
   6018.80   .092490
   6020.55   .092419
   6022.29   .092411
   6024.04   .092359
   6025.79   .092208
   6027.54   .092212
   6029.30   .092200
   6031.05   .092127
   6032.80   .092049
   6034.56   .091961
   6036.31   .092021
   6038.07   .092118
   6039.83   .092056
   6041.59   .091891
   6043.35   .091741
   6045.11   .091788
   6046.87   .091768
   6048.64   .091578
   6050.40   .091567
   6052.17   .091661
   6053.93   .091790
   6055.70   .091801
   6057.47   .091762
   6059.24   .091735
   6061.01   .091762
   6062.79   .091763
   6064.56   .091745
   6066.33   .091714
   6068.11   .091742
   6069.88   .091747
   6071.66   .091708
   6073.44   .091650
   6075.22   .091508
   6077.00   .091519
   6078.78   .091643
   6080.56   .091612
   6082.34   .091601
   6084.13   .091632
   6085.91   .091615
   6087.70   .091530
   6089.49   .091521
   6091.27   .091523
   6093.06   .091556
   6094.86   .091456
   6096.65   .091334
   6098.44   .091297
   6100.23   .091306
   6102.03   .091336
   6103.82   .091324
   6105.62   .091261
   6107.42   .091259
   6109.22   .091271
   6111.02   .091153
   6112.82   .091044
   6114.62   .091033
   6116.43   .091091
   6118.23   .091088
   6120.04   .091058
   6121.84   .090999
   6123.65   .090902
   6125.46   .090852
   6127.27   .090869
   6129.08   .090790
   6130.89   .090731
   6132.70   .090747
   6134.52   .090738
   6136.33   .090683
   6138.15   .090630
   6139.97   .090537
   6141.78   .090524
   6143.60   .090461
   6145.42   .090354
   6147.24   .090368
   6149.07   .090297
   6150.89   .090180
   6152.72   .090225
   6154.54   .090251
   6156.37   .090184
   6158.20   .090053
   6160.03   .089945
   6161.86   .089921
   6163.69   .089896
   6165.52   .089851
   6167.36   .089882
   6169.19   .089857
   6171.03   .089726
   6172.86   .089670
   6174.70   .089663
   6176.54   .089638
   6178.38   .089589
   6180.22   .089522
   6182.06   .089542
   6183.91   .089424
   6185.75   .089343
   6187.59   .089411
   6189.44   .089376
   6191.29   .089282
   6193.14   .089253
   6194.99   .089315
   6196.84   .089275
   6198.69   .089241
   6200.54   .089193
   6202.40   .089119
   6204.25   .089078
   6206.11   .089068
   6207.97   .089098
   6209.83   .089063
   6211.69   .088960
   6213.55   .088940
   6215.41   .088988
   6217.28   .088985
   6219.14   .088896
   6221.01   .088779
   6222.87   .088807
   6224.74   .088901
   6226.61   .088884
   6228.48   .088824
   6230.35   .088779
   6232.22   .088841
   6234.09   .088915
   6235.97   .088848
   6237.84   .088811
   6239.72   .088792
   6241.60   .088760
   6243.48   .088802
   6245.36   .088849
   6247.24   .088839
   6249.12   .088769
   6251.00   .088657
   6252.89   .088635
   6254.77   .088708
   6256.66   .088730
   6258.55   .088669
   6260.44   .088685
   6262.33   .088702
   6264.22   .088665
   6266.12   .088683
   6268.01   .088765
   6269.90   .088827
   6271.80   .088801
   6273.70   .088748
   6275.60   .088677
   6277.50   .088722
   6279.40   .088826
   6281.30   .088860
   6283.20   .088837
   6285.10   .088851
   6287.01   .088832
   6288.92   .088845
   6290.82   .088859
   6292.73   .088792
   6294.64   .088734
   6296.55   .088773
   6298.47   .088845
   6300.38   .088882
   6302.29   .088925
   6304.21   .088982
   6306.13   .088956
   6308.04   .088933
   6309.96   .088940
   6311.88   .088938
   6313.80   .088966
   6315.73   .088990
   6317.65   .088982
   6319.58   .088977
   6321.51   .089003
   6323.43   .089084
   6325.36   .089142
   6327.29   .089110
   6329.22   .089107
   6331.15   .089191
   6333.09   .089292
   6335.02   .089300
   6336.96   .089392
   6338.89   .089372
   6340.83   .089237
   6342.77   .089112
   6344.71   .089048
   6346.65   .089188
   6348.59   .089386
   6350.54   .089533
   6352.48   .089551
   6354.43   .089548
   6356.38   .089540
   6358.33   .089517
   6360.28   .089603
   6362.23   .089806
   6364.18   .089785
   6366.13   .089718
   6368.09   .089684
   6370.04   .089632
   6372.00   .089689
   6373.96   .089801
   6375.92   .089876
   6377.88   .089944
   6379.84   .090002
   6381.81   .090048
   6383.77   .090024
   6385.74   .089988
   6387.70   .089953
   6389.67   .089861
   6391.64   .089932
   6393.61   .090083
   6395.58   .090153
   6397.56   .090137
   6399.53   .090119
   6401.50   .090109
   6403.48   .090084
   6405.46   .090113
   6407.44   .090113
   6409.42   .090065
   6411.40   .090133
   6413.38   .090189
   6415.36   .090154
   6417.35   .090095
   6419.34   .090112
   6421.32   .090191
   6423.31   .090293
   6425.30   .090344
   6427.30   .090338
   6429.29   .090323
   6431.28   .090216
   6433.28   .090116
   6435.27   .090213
   6437.27   .090336
   6439.27   .090376
   6441.27   .090407
   6443.27   .090402
   6445.27   .090384
   6447.28   .090358
   6449.28   .090301
   6451.29   .090270
   6453.29   .090287
   6455.30   .090333
   6457.31   .090404
   6459.32   .090392
   6461.34   .090387
   6463.35   .090415
   6465.36   .090331
   6467.38   .090276
   6469.40   .090306
   6471.42   .090258
   6473.44   .090288
   6475.46   .090301
   6477.48   .090252
   6479.50   .090281
   6481.53   .090287
   6483.56   .090125
   6485.59   .090055
   6487.61   .090151
   6489.64   .090153
   6491.68   .090050
   6493.71   .090023
   6495.74   .090006
   6497.78   .089935
   6499.81   .089998
   6501.85   .090013
   6503.89   .089999
   6505.93   .090056
   6507.97   .090099
   6510.01   .090060
   6512.06   .089982
   6514.10   .089989
   6516.15   .090034
   6518.20   .089957
   6520.25   .089860
   6522.30   .089835
   6524.35   .089853
   6526.40   .089810
   6528.46   .089782
   6530.51   .089768
   6532.57   .089807
   6534.63   .089841
   6536.69   .089810
   6538.75   .089794
   6540.81   .089819
   6542.88   .089753
   6544.94   .089711
   6547.01   .089678
   6549.07   .089643
   6551.14   .089644
   6553.21   .089626
   6555.28   .089545
   6557.36   .089464
   6559.43   .089489
   6561.51   .089608
   6563.58   .089645
   6565.66   .089540
   6567.74   .089506
   6569.82   .089478
   6571.90   .089339
   6573.98   .089342
   6576.07   .089484
   6578.15   .089413
   6580.24   .089369
   6582.33   .089434
   6584.42   .089392
   6586.51   .089361
   6588.60   .089285
   6590.70   .089187
   6592.79   .089245
   6594.89   .089339
   6596.98   .089373
   6599.08   .089279
   6601.18   .089175
   6603.29   .089197
   6605.39   .089289
   6607.49   .089344
   6609.60   .089245
   6611.71   .089124
   6613.82   .089109
   6615.93   .089172
   6618.04   .089210
   6620.15   .089240
   6622.27   .089229
   6624.38   .089192
   6626.50   .089234
   6628.61   .089216
   6630.73   .089240
   6632.85   .089174
   6634.98   .089041
   6637.10   .089130
   6639.22   .089254
   6641.35   .089133
   6643.48   .089117
   6645.60   .089153
   6647.74   .089131
   6649.87   .089235
   6652.00   .089433
   6654.13   .089479
   6656.27   .089417
   6658.41   .089337
   6660.54   .089360
   6662.68   .089400
   6664.82   .089327
   6666.97   .089257
   6669.11   .089201
   6671.26   .089201
   6673.41   .089256
   6675.55   .089337
   6677.70   .089363
   6679.85   .089369
   6682.01   .089163
   6684.16   .089058
   6686.32   .089204
   6688.47   .089231
   6690.63   .089195
   6692.79   .089180
   6694.95   .089207
   6697.11   .089282
   6699.27   .089292
   6701.44   .089291
   6703.60   .089252
   6705.77   .089139
   6707.94   .089042
   6710.11   .089076
   6712.28   .089067
   6714.45   .089076
   6716.63   .089119
   6718.80   .089125
   6720.98   .089075
   6723.16   .088978
   6725.34   .088950
   6727.52   .088995
   6729.71   .088954
   6731.89   .088862
   6734.08   .088832
   6736.27   .088865
   6738.46   .088791
   6740.65   .088752
   6742.84   .088771
   6745.03   .088711
   6747.22   .088692
   6749.42   .088693
   6751.62   .088632
   6753.81   .088564
   6756.02   .088407
   6758.22   .088283
   6760.42   .088234
   6762.62   .088211
   6764.83   .088185
   6767.04   .088095
   6769.24   .088008
   6771.46   .087883
   6773.67   .087768
   6775.88   .087781
   6778.09   .087738
   6780.31   .087768
   6782.53   .087670
   6784.75   .087504
   6786.97   .087417
   6789.19   .087316
   6791.41   .087183
   6793.64   .087064
   6795.86   .087027
   6798.09   .086953
   6800.32   .086749
   6802.55   .086672
   6804.78   .086709
   6807.02   .086697
   6809.25   .086605
   6811.49   .086463
   6813.73   .086355
   6815.96   .086220
   6818.21   .086147
   6820.45   .086072
   6822.69   .085892
   6824.94   .085853
   6827.18   .085878
   6829.43   .085910
   6831.68   .085879
   6833.93   .085805
   6836.18   .085735
   6838.44   .085730
   6840.69   .085709
   6842.95   .085637
   6845.21   .085543
   6847.47   .085499
   6849.73   .085477
   6851.99   .085396
   6854.26   .085341
   6856.52   .085270
   6858.79   .085291
   6861.06   .085242
   6863.33   .084946
   6865.61   .084854
   6867.88   .084966
   6870.16   .084966
   6872.43   .084889
   6874.71   .084793
   6876.99   .084776
   6879.27   .084779
   6881.55   .084699
   6883.84   .084622
   6886.12   .084518
   6888.41   .084453
   6890.70   .084501
   6892.99   .084404
   6895.28   .084230
   6897.57   .084227
   6899.87   .084193
   6902.16   .084043
   6904.46   .084011
   6906.76   .084018
   6909.06   .084012
   6911.36   .083915
   6913.67   .083874
   6915.97   .083842
   6918.28   .083765
   6920.59   .083662
   6922.90   .083565
   6925.21   .083437
   6927.53   .083311
   6929.84   .083276
   6932.16   .083218
   6934.48   .083119
   6936.79   .082951
   6939.11   .082909
   6941.44   .082968
   6943.76   .082958
   6946.09   .082915
   6948.41   .082854
   6950.74   .082787
   6953.07   .082623
   6955.40   .082505
   6957.74   .082451
   6960.07   .082250
   6962.41   .082144
   6964.75   .082130
   6967.09   .082074
   6969.43   .082002
   6971.77   .082007
   6974.11   .081968
   6976.46   .081837
   6978.81   .081750
   6981.16   .081680
   6983.51   .081598
   6985.86   .081511
   6988.22   .081403
   6990.57   .081251
   6992.93   .081161
   6995.29   .081170
   6997.65   .081085
   7000.01   .080878
   7002.37   .080771
   7004.74   .080798
   7007.10   .080700
   7009.47   .080570
   7011.84   .080529
   7014.21   .080417
   7016.59   .080326
   7018.96   .080244
   7021.34   .080105
   7023.72   .080037
   7026.09   .079978
   7028.48   .079813
   7030.86   .079750
   7033.24   .079706
   7035.63   .079615
   7038.02   .079486
   7040.40   .079365
   7042.80   .079258
   7045.19   .079196
   7047.58   .079128
   7049.98   .079047
   7052.38   .078878
   7054.78   .078777
   7057.18   .078734
   7059.58   .078642
   7061.98   .078486
   7064.39   .078373
   7066.80   .078310
   7069.21   .078145
   7071.62   .078042
   7074.03   .078057
   7076.44   .077930
   7078.86   .077760
   7081.27   .077659
   7083.69   .077539
   7086.11   .077456
   7088.53   .077340
   7090.96   .077209
   7093.38   .077207
   7095.81   .077167
   7098.24   .077047
   7100.67   .076968
   7103.10   .076824
   7105.53   .076731
   7107.97   .076710
   7110.40   .076628
   7112.84   .076434
   7115.28   .076353
   7117.73   .076248
   7120.17   .076160
   7122.62   .076124
   7125.07   .076134
   7127.51   .076007
   7129.96   .075756
   7132.42   .075561
   7134.87   .075515
   7137.33   .075463
   7139.78   .075397
   7142.24   .075370
   7144.70   .075178
   7147.16   .074979
   7149.63   .074964
   7152.09   .074937
   7154.56   .074804
   7157.03   .074736
   7159.50   .074618
   7161.97   .074409
   7164.45   .074298
   7166.92   .074314
   7169.40   .074252
   7171.88   .074056
   7174.36   .073944
   7176.84   .073793
   7179.32   .073620
   7181.81   .073503
   7184.30   .073509
   7186.79   .073417
   7189.28   .073256
   7191.78   .073122
   7194.27   .073041
   7196.77   .072892
   7199.27   .072760
   7201.77   .072661
   7204.27   .072520
   7206.77   .072308
   7209.27   .072208
   7211.78   .072124
   7214.29   .071968
   7216.80   .071848
   7219.31   .071729
   7221.83   .071595
   7224.34   .071434
   7226.86   .071339
   7229.38   .071318
   7231.90   .071169
   7234.42   .071025
   7236.95   .070827
   7239.47   .070666
   7242.00   .070534
   7244.53   .070376
   7247.06   .070247
   7249.59   .070133
   7252.13   .070027
   7254.67   .069840
   7257.20   .069655
   7259.74   .069561
   7262.29   .069513
   7264.83   .069393
   7267.38   .069184
   7269.93   .069023
   7272.48   .068927
   7275.03   .068741
   7277.58   .068580
   7280.13   .068521
   7282.69   .068434
   7285.25   .068293
   7287.81   .068055
   7290.37   .067915
   7292.93   .067810
   7295.50   .067611
   7298.07   .067425
   7300.63   .067328
   7303.21   .067202
   7305.78   .066977
   7308.35   .066790
   7310.93   .066640
   7313.51   .066545
   7316.09   .066478
   7318.67   .066308
   7321.25   .066155
   7323.84   .066034
   7326.42   .065888
   7329.01   .065689
   7331.60   .065523
   7334.20   .065358
   7336.79   .065205
   7339.39   .065040
   7341.98   .064889
   7344.58   .064733
   7347.19   .064568
   7349.79   .064343
   7352.40   .064114
   7355.01   .064002
   7357.62   .063891
   7360.23   .063673
   7362.84   .063480
   7365.46   .063260
   7368.07   .063097
   7370.69   .062959
   7373.31   .062773
   7375.93   .062625
   7378.56   .062478
   7381.18   .062277
   7383.81   .062148
   7386.44   .062084
   7389.07   .061946
   7391.70   .061786
   7394.34   .061568
   7396.98   .061396
   7399.62   .061205
   7402.26   .060913
   7404.90   .060819
   7407.54   .060724
   7410.19   .060505
   7412.84   .060266
   7415.49   .060077
   7418.14   .059956
   7420.80   .059767
   7423.45   .059535
   7426.12   .059405
   7428.77   .059266
   7431.44   .059007
   7434.10   .058861
   7436.77   .058718
   7439.43   .058518
   7442.10   .058258
   7444.77   .058002
   7447.45   .057780
   7450.12   .057565
   7452.80   .057435
   7455.48   .057343
   7458.16   .057181
   7460.84   .056992
   7463.53   .056833
   7466.21   .056567
   7468.90   .056365
   7471.59   .056175
   7474.29   .056038
   7476.98   .055911
   7479.68   .055738
   7482.37   .055537
   7485.08   .055246
   7487.78   .054919
   7490.48   .054730
   7493.19   .054656
   7495.90   .054502
   7498.61   .054363
   7501.32   .054180
   7504.04   .053860
   7506.75   .053602
   7509.47   .053490
   7512.19   .053325
   7514.91   .053027
   7517.64   .052780
   7520.36   .052732
   7523.09   .052593
   7525.82   .052320
   7528.55   .052074
   7531.29   .051792
   7534.02   .051605
   7536.76   .051491
   7539.50   .051387
   7542.24   .051173
   7544.98   .050962
   7547.73   .050775
   7550.48   .050545
   7553.23   .050310
   7555.98   .050053
   7558.73   .049802
   7561.49   .049598
   7564.25   .049445
   7567.01   .049328
   7569.77   .049141
   7572.53   .048846
   7575.30   .048613
   7578.07   .048426
   7580.84   .048257
   7583.61   .048011
   7586.39   .047729
   7589.16   .047521
   7591.94   .047395
   7594.72   .047228
   7597.50   .046975
   7600.29   .046638
   7603.07   .046439
   7605.86   .046325
   7608.65   .046204
   7611.44   .046009
   7614.24   .045672
   7617.03   .045393
   7619.83   .045237
   7622.63   .045231
   7625.44   .045109
   7628.24   .044777
   7631.05   .044408
   7633.86   .044181
   7636.67   .044020
   7639.48   .043816
   7642.29   .043632
   7645.11   .043376
   7647.93   .043062
   7650.75   .042854
   7653.57   .042745
   7656.40   .042571
   7659.23   .042356
   7662.06   .042081
   7664.89   .041827
   7667.73   .041652
   7670.56   .041529
   7673.40   .041279
   7676.24   .040979
   7679.08   .040629
   7681.93   .040481
   7684.77   .040343
   7687.62   .040083
   7690.47   .039778
   7693.33   .039499
   7696.18   .039362
   7699.04   .039153
   7701.90   .038874
   7704.76   .038669
   7707.62   .038496
   7710.49   .038264
   7713.35   .038043
   7716.22   .037782
   7719.09   .037432
   7721.97   .037121
   7724.84   .037012
   7727.72   .036917
   7730.60   .036633
   7733.49   .036341
   7736.37   .036139
   7739.26   .035834
   7742.15   .035537
   7745.04   .035342
   7747.94   .035113
   7750.83   .034872
   7753.73   .034617
   7756.63   .034350
   7759.53   .034023
   7762.43   .033746
   7765.34   .033574
   7768.25   .033310
   7771.16   .033091
   7774.07   .032914
   7776.99   .032627
   7779.90   .032390
   7782.82   .032089
   7785.75   .031802
   7788.67   .031634
   7791.60   .031397
   7794.52   .031138
   7797.45   .030902
   7800.39   .030745
   7803.32   .030509
   7806.26   .030162
   7809.20   .029880
   7812.14   .029678
   7815.08   .029470
   7818.03   .029203
   7820.98   .028921
   7823.93   .028732
   7826.88   .028523
   7829.84   .028233
   7832.80   .027938
   7835.76   .027553
   7838.72   .027346
   7841.68   .027159
   7844.65   .026895
   7847.61   .026711
   7850.58   .026490
   7853.56   .026221
   7856.53   .026013
   7859.51   .025772
   7862.49   .025475
   7865.47   .025248
   7868.45   .025001
   7871.44   .024703
   7874.43   .024453
   7877.42   .024139
   7880.41   .023837
   7883.41   .023706
   7886.41   .023530
   7889.41   .023307
   7892.41   .023146
   7895.41   .022871
   7898.42   .022522
   7901.43   .022233
   7904.45   .022097
   7907.46   .021900
   7910.48   .021566
   7913.49   .021320
   7916.51   .021134
   7919.54   .020908
   7922.56   .020723
   7925.59   .020528
   7928.62   .020257
   7931.65   .019993
   7934.69   .019748
   7937.72   .019560
   7940.76   .019275
   7943.80   .019002
   7946.85   .018685
   7949.89   .018450
   7952.94   .018314
   7955.99   .018111
   7959.04   .017877
   7962.10   .017636
   7965.16   .017412
   7968.22   .017228
   7971.28   .017017
   7974.35   .016897
   7977.41   .016668
   7980.48   .016383
   7983.55   .016127
   7986.63   .015944
   7989.71   .015805
   7992.79   .015597
   7995.87   .015357
   7998.95   .015055
   8002.04   .014873
   8005.13   .014761
   8008.22   .014589
   8011.31   .014351
   8014.41   .014192
   8017.51   .014059
   8020.61   .013900
   8023.71   .013760
   8026.82   .013577
   8029.92   .013433
   8033.03   .013266
   8036.15   .013029
   8039.26   .012848
   8042.38   .012640
   8045.50   .012557
   8048.62   .012478
   8051.74   .012343
   8054.87   .012168
   8058.00   .011931
   8061.13   .011783
   8064.27   .011621
   8067.40   .011465
   8070.54   .011352
   8073.69   .011265
   8076.83   .011199
   8079.98   .011058
   8083.13   .010898
   8086.28   .010806
   8089.44   .010647
   8092.59   .010498
   8095.75   .010475
   8098.91   .010369
   8102.08   .010229
   8105.24   .010104
   8108.41   .009918
   8111.58   .009807
   8114.76   .009719
   8117.93   .009676
   8121.11   .009656
   8124.29   .009483
   8127.47   .009426
   8130.66   .009401
   8133.85   .009326
   8137.04   .009182
   8140.23   .009075
   8143.43   .008992
   8146.63   .008965
   8149.83   .008958
   8153.04   .008896
   8156.24   .008844
   8159.45   .008796
   8162.66   .008752
   8165.88   .008644
   8169.09   .008648
   8172.31   .008609
   8175.53   .008432
   8178.76   .008383
   8181.98   .008365
   8185.21   .008272
   8188.44   .008219
   8191.68   .008223
   8194.91   .008136
   8198.15   .008151
   8201.39   .008264
   8204.64   .008254
   8207.89   .008154
   8211.13   .008028
   8214.39   .008030
   8217.64   .008105
   8220.90   .008142
   8224.16   .008127
   8227.43   .008082
   8230.69   .008034
   8233.96   .008089
   8237.23   .008157
   8240.50   .008172
   8243.78   .008165
   8247.05   .008067
   8250.33   .007988
   8253.62   .008027
   8256.90   .008099
   8260.19   .008163
   8263.48   .008160
   8266.78   .008178
   8270.07   .008182
   8273.38   .008185
   8276.68   .008237
   8279.98   .008289
   8283.29   .008221
   8286.60   .008195
   8289.91   .008290
   8293.23   .008401
   8296.54   .008433
   8299.86   .008337
   8303.19   .008340
   8306.51   .008445
   8309.84   .008504
   8313.17   .008593
   8316.50   .008779
   8319.84   .008866
   8323.18   .008801
   8326.53   .008740
   8329.87   .008818
   8333.22   .008812
   8336.57   .008762
   8339.92   .008888
   8343.27   .009002
   8346.63   .009023
   8349.99   .009003
   8353.35   .008923
   8356.72   .008957
   8360.09   .009092
   8363.46   .009138
   8366.83   .009224
   8370.21   .009337
   8373.59   .009409
   8376.97   .009492
   8380.35   .009510
   8383.74   .009589
   8387.13   .009576
   8390.52   .009560
   8393.92   .009689
   8397.32   .009815
   8400.72   .009875
   8404.12   .009830
   8407.54   .009808
   8410.95   .009875
   8414.36   .010013
   8417.77   .010020
   8421.19   .010078
   8424.61   .010159
   8428.04   .010218
   8431.46   .010277
   8434.89   .010265
   8438.32   .010266
   8441.76   .010162
   8445.19   .010237
   8448.63   .010501
   8452.08   .010623
   8455.52   .010649
   8458.97   .010646
   8462.42   .010712
   8465.88   .010812
   8469.33   .010765
   8472.79   .010694
   8476.26   .010716
   8479.72   .010845
   8483.19   .011014
   8486.66   .011112
   8490.14   .011168
   8493.61   .011163
   8497.09   .011247
   8500.58   .011388
   8504.07   .011465
   8507.55   .011511
   8511.05   .011479
   8514.54   .011441
   8518.04   .011440
   8521.54   .011579
   8525.04   .011732
   8528.54   .011736
   8532.05   .011815
   8535.56   .011883
   8539.08   .011792
   8542.60   .011805
   8546.12   .011969
   8549.64   .011999
   8553.16   .012102
   8556.69   .012234
   8560.22   .012262
   8563.76   .012205
   8567.30   .012110
   8570.84   .012096
   8574.38   .012282
   8577.92   .012373
   8581.47   .012358
   8585.03   .012358
   8588.58   .012463
   8592.14   .012700
   8595.70   .012783
   8599.27   .012670
   8602.84   .012701
   8606.41   .012821
   8609.98   .012894
   8613.56   .012964
   8617.14   .012990
   8620.72   .013070
   8624.30   .013177
   8627.89   .013191
   8631.48   .013220
   8635.07   .013276
   8638.67   .013374
   8642.27   .013455
   8645.87   .013544
   8649.48   .013528
   8653.09   .013551
   8656.70   .013656
   8660.31   .013769
   8663.93   .013885
   8667.55   .014047
   8671.17   .014127
   8674.80   .014090
   8678.43   .014164
   8682.06   .014234
   8685.70   .014283
   8689.34   .014382
   8692.98   .014526
   8696.63   .014615
   8700.27   .014615
   8703.93   .014543
   8707.59   .014690
   8711.24   .014802
   8714.90   .014777
   8718.57   .014859
   8722.24   .014996
   8725.91   .015082
   8729.58   .015168
   8733.25   .015159
   8736.93   .015102
   8740.61   .015238
   8744.30   .015388
   8747.99   .015516
   8751.68   .015623
   8755.37   .015533
   8759.07   .015606
   8762.77   .015851
   8766.47   .015967
   8770.18   .016006
   8773.89   .016029
   8777.60   .016008
   8781.32   .016072
   8785.04   .016187
   8788.76   .016282
   8792.49   .016258
   8796.22   .016153
   8799.95   .016218
   8803.69   .016511
   8807.43   .016608
   8811.17   .016597
   8814.92   .016715
   8818.67   .016837
   8822.42   .016835
   8826.17   .016930
   8829.93   .017031
   8833.69   .017080
   8837.45   .017124
   8841.22   .017228
   8844.99   .017322
   8848.76   .017273
   8852.54   .017399
   8856.32   .017610
   8860.10   .017670
   8863.89   .017694
   8867.68   .017686
   8871.47   .017746
   8875.27   .017981
   8879.07   .018094
   8882.87   .018015
   8886.68   .018073
   8890.49   .018214
   8894.30   .018403
   8898.12   .018497
   8901.93   .018487
   8905.76   .018625
   8909.58   .018732
   8913.42   .018752
   8917.25   .018758
   8921.09   .018739
   8924.93   .018855
   8928.77   .018929
   8932.61   .019027
   8936.46   .019160
   8940.31   .019184
   8944.17   .019304
   8948.03   .019380
   8951.89   .019334
   8955.76   .019454
   8959.63   .019692
   8963.50   .019863
   8967.37   .019873
   8971.25   .019875
   8975.13   .019917
   8979.02   .019856
   8982.91   .020030
   8986.80   .020199
   8990.70   .020192
   8994.59   .020232
   8998.50   .020270
   9002.40   .020350
   9006.31   .020382
   9010.22   .020458
   9014.14   .020688
   9018.06   .020796
   9021.99   .020744
   9025.92   .020819
   9029.84   .020955
   9033.78   .020974
   9037.71   .021039
   9041.66   .021036
   9045.60   .021079
   9049.54   .021201
   9053.49   .021279
   9057.45   .021416
   9061.41   .021467
   9065.37   .021424
   9069.33   .021381
   9073.30   .021390
   9077.27   .021487
   9081.24   .021535
   9085.22   .021639
   9089.20   .021823
   9093.19   .021830
   9097.18   .021790
   9101.17   .021806
   9105.16   .021752
   9109.16   .021847
   9113.16   .022002
   9117.17   .022062
   9121.18   .021986
   9125.19   .021919
   9129.21   .022051
   9133.23   .022142
   9137.25   .022234
   9141.28   .022214
   9145.31   .022198
   9149.35   .022250
   9153.38   .022352
   9157.42   .022244
   9161.48   .022112
   9165.53   .022195
   9169.58   .022321
   9173.63   .022419
   9177.69   .022513
   9181.76   .022505
   9185.82   .022476
   9189.89   .022586
   9193.97   .022608
   9198.04   .022610
   9202.13   .022656
   9206.21   .022583
   9210.30   .022615
   9214.39   .022714
   9218.48   .022753
   9222.58   .022771
   9226.69   .022826
   9230.79   .022846
   9234.90   .022899
   9239.02   .023048
   9243.13   .023104
   9247.25   .023025
   9251.38   .022867
   9255.51   .022909
   9259.64   .023006
   9263.78   .023059
   9267.92   .023114
   9272.06   .023111
   9276.21   .023258
   9280.36   .023342
   9284.52   .023310
   9288.68   .023356
   9292.84   .023324
   9297.00   .023275
   9301.17   .023384
   9305.35   .023398
   9309.52   .023439
   9313.70   .023530
   9317.89   .023641
   9322.08   .023610
   9326.27   .023616
   9330.46   .023635
   9334.66   .023589
   9338.87   .023828
   9343.07   .023906
   9347.28   .023732
   9351.50   .023762
   9355.72   .023914
   9359.94   .023934
   9364.16   .024015
   9368.39   .024005
   9372.63   .024043
   9376.86   .024251
   9381.11   .024274
   9385.35   .024191
   9389.60   .024172
   9393.86   .024261
   9398.12   .024205
   9402.38   .024144
   9406.64   .024224
   9410.91   .024417
   9415.18   .024458
   9419.46   .024448
   9423.74   .024432
   9428.02   .024432
   9432.31   .024474
   9436.60   .024442
   9440.90   .024537
   9445.20   .024785
   9449.50   .024826
   9453.81   .024733
   9458.12   .024667
   9462.43   .024598
   9466.75   .024504
   9471.08   .024683
   9475.40   .024820
   9479.73   .024861
   9484.07   .024879
   9488.41   .024912
   9492.75   .024992
   9497.10   .025067
   9501.45   .025136
   9505.80   .025137
   9510.16   .025009
   9514.53   .025009
   9518.90   .024997
   9523.27   .024979
   9527.64   .024965
   9532.02   .024972
   9536.41   .025101
   9540.79   .025225
   9545.18   .025179
   9549.58   .025274
   9553.98   .025340
   9558.38   .025396
   9562.79   .025481
   9567.20   .025356
   9571.61   .025277
   9576.03   .025269
   9580.45   .025426
   9584.88   .025434
   9589.31   .025290
   9593.75   .025418
   9598.19   .025541
   9602.63   .025505
   9607.08   .025477
   9611.53   .025370
   9615.99   .025356
   9620.45   .025304
   9624.91   .025198
   9629.38   .025172
   9633.86   .025235
   9638.34   .025241
   9642.82   .025173
   9647.31   .025181
   9651.80   .025254
   9656.29   .025292
   9660.79   .025379
   9665.29   .025400
   9669.79   .025339
   9674.31   .025348
   9678.82   .025421
   9683.34   .025331
   9687.86   .025272
   9692.39   .025219
   9696.92   .025052
   9701.46   .025122
   9706.00   .025218
   9710.54   .025231
   9715.09   .025320
   9719.64   .025304
   9724.20   .025225
   9728.76   .025235
   9733.33   .025367
   9737.90   .025442
   9742.47   .025275
   9747.05   .025194
   9751.63   .025202
   9756.22   .025166
   9760.81   .025266
   9765.41   .025393
   9770.01   .025386
   9774.61   .025271
   9779.22   .025305
   9783.83   .025168
   9788.45   .024967
   9793.07   .025075
   9797.70   .025069
   9802.33   .025062
   9806.96   .025419
   9811.60   .025363
   9816.25   .025097
   9820.90   .025167
   9825.55   .025164
   9830.21   .025130
   9834.87   .025081
   9839.53   .024957
   9844.20   .024967
   9848.88   .025037
   9853.56   .024902
   9858.24   .024977
   9862.93   .025068
   9867.62   .025050
   9872.32   .025041
   9877.02   .024967
   9881.72   .024929
   9886.43   .024913
   9891.15   .024966
   9895.87   .025085
   9900.59   .025052
   9905.32   .024981
   9910.05   .025012
   9914.79   .025105
   9919.53   .025053
   9924.28   .024862
   9929.02   .024903
   9933.78   .024982
   9938.54   .024984
   9943.30   .024897
   9948.07   .024848
   9952.84   .024925
   9957.62   .025054
   9962.41   .025149
   9967.19   .025169
   9971.98   .025104
   9976.78   .024918
   9981.58   .024956
   9986.39   .025146
   9991.20   .025276
   9996.01   .025330
  10000.83   .025328
  10005.66   .025367
  10010.49   .025417
  10015.32   .025427
  10020.16   .025406
  10025.00   .025436
  10029.85   .025575
  10034.70   .025540
  10039.56   .025465
  10044.42   .025349
  10049.29   .025226
  10054.16   .025292
  10059.04   .025382
  10063.92   .025538
  10068.80   .025670
  10073.69   .025615
  10078.59   .025632
  10083.49   .025696
  10088.39   .025703
  10093.30   .025669
  10098.21   .025746
  10103.13   .025843
  10108.05   .025925
  10112.98   .025768
  10117.91   .025782
  10122.85   .025945
  10127.79   .025901
  10132.74   .025862
  10137.69   .025800
  10142.65   .025876
  10147.61   .025932
  10152.58   .025970
  10157.55   .026015
  10162.53   .025919
  10167.51   .025864
  10172.50   .026035
  10177.49   .026170
  10182.49   .026272
  10187.49   .026382
  10192.49   .026301
  10197.50   .026165
  10202.52   .026179
  10207.54   .026164
  10212.57   .026205
  10217.60   .026338
  10222.64   .026374
  10227.68   .026403
  10232.72   .026513
  10237.78   .026490
  10242.83   .026533
  10247.89   .026715
  10252.96   .026696
  10258.03   .026703
  10263.10   .026892
  10268.18   .026814
  10273.26   .026817
  10278.35   .026956
  10283.45   .026920
  10288.55   .026863
  10293.66   .026957
  10298.77   .027163
  10303.88   .027332
  10309.00   .027300
  10314.13   .027362
  10319.26   .027391
  10324.40   .027280
  10329.54   .027286
  10334.69   .027504
  10339.84   .027710
  10345.00   .027740
  10350.16   .027732
  10355.33   .027717
  10360.50   .027707
  10365.68   .027739
  10370.86   .027656
  10376.05   .027610
  10381.24   .027594
  10386.44   .027699
  10391.65   .027829
  10396.85   .027858
  10402.07   .027950
  10407.29   .028021
  10412.51   .028011
  10417.74   .028065
  10422.98   .028056
  10428.22   .027983
  10433.46   .028094
  10438.72   .028126
  10443.97   .028147
  10449.23   .028220
  10454.50   .028203
  10459.77   .028142
  10465.05   .028131
  10470.33   .028252
  10475.62   .028309
  10480.92   .028438
  10486.21   .028444
  10491.51   .028293
  10496.82   .028327
  10502.13   .028381
  10507.45   .028287
  10512.78   .028331
  10518.11   .028392
  10523.45   .028482
  10528.79   .028731
  10534.14   .028860
  10539.49   .028880
  10544.85   .028968
  10550.21   .028947
  10555.58   .028702
  10560.96   .028691
  10566.34   .028781
  10571.72   .028741
  10577.11   .028806
  10582.51   .028815
  10587.91   .028940
  10593.32   .029033
  10598.73   .029052
  10604.15   .029005
  10609.58   .029042
  10615.01   .029136
  10620.44   .029184
  10625.88   .029269
  10631.33   .029250
  10636.78   .029060
  10642.24   .029145
  10647.71   .029257
  10653.17   .029174
  10658.65   .029145
  10664.13   .029189
  10669.61   .029304
  10675.10   .029369
  10680.59   .029304
  10686.09   .029251
  10691.60   .029403
  10697.12   .029502
  10702.64   .029485
  10708.16   .029221
  10713.69   .029079
  10719.23   .029129
  10724.77   .029404
  10730.32   .029480
  10735.88   .029193
  10741.44   .028907
  10747.00   .029038
  10752.57   .029192
  10758.15   .029203
  10763.73   .029233
  10769.32   .029393
  10774.92   .029492
  10780.52   .029471
  10786.12   .029319
  10791.74   .029197
  10797.36   .029140
  10802.98   .028964
  10808.61   .028892
  10814.24   .028857
  10819.88   .028756
  10825.53   .028873
  10831.18   .029158
  10836.85   .029047
  10842.51   .028889
  10848.18   .028902
  10853.86   .028801
  10859.54   .028767
  10865.23   .028670
  10870.92   .028693
  10876.63   .028584
  10882.33   .028394
  10888.05   .028303
  10893.76   .028221
  10899.49   .028130
  10905.22   .028151
  10910.96   .028042
  10916.69   .028082
  10922.44   .028155
  10928.19   .028082
  10933.95   .028097
  10939.72   .028207
  10945.49   .027993
  10951.27   .027683
  10957.06   .027705
  10962.85   .027635
  10968.65   .027395
  10974.45   .027369
  10980.26   .027624
  10986.08   .027694
  10991.90   .027696
  10997.73   .027602
  11003.56   .027339
  11009.40   .027253
  11015.25   .027362
  11021.10   .027455
  11026.96   .027402
  11032.83   .027428
  11038.70   .027284
  11044.58   .026910
  11050.46   .026697
  11056.35   .026915
  11062.25   .027056
  11068.15   .027030
  11074.06   .027135
  11079.98   .026883
  11085.90   .026763
  11091.83   .026675
  11097.76   .026497
  11103.71   .026499
  11109.65   .026598
  11115.61   .026756
  11121.56   .026793
  11127.52   .026834
  11133.50   .026845
  11139.47   .026748
  11145.46   .026563
  11151.45   .026515
  11157.45   .026867
  11163.46   .027008
  11169.47   .026766
  11175.49   .026777
  11181.51   .026877
  11187.54   .026940
  11193.58   .026840
  11199.63   .026826
  11205.68   .026932
  11211.74   .027103
  11217.80   .026991
  11223.87   .026642
  11229.95   .026648
  11236.03   .026944
  11242.12   .026975
  11248.22   .026780
  11254.32   .026688
  11260.43   .026620
  11266.55   .026643
  11272.67   .026721
  11278.80   .026856
  11284.94   .026603
  11291.08   .026329
  11297.23   .026346
  11303.39   .026251
  11309.55   .026249
  11315.72   .026427
  11321.90   .026533
  11328.08   .026438
  11334.27   .026278
  11340.47   .026275
  11346.67   .026337
  11352.88   .026177
  11359.10   .025948
  11365.33   .025928
  11371.56   .025956
  11377.79   .025795
  11384.03   .025548
  11390.28   .025693
  11396.54   .025810
  11402.80   .026026
  11409.08   .026039
  11415.36   .025618
  11421.64   .025435
  11427.94   .025443
  11434.24   .025362
  11440.54   .025294
  11446.86   .025416
  11453.18   .025412
  11459.51   .025369
  11465.84   .025024
  11472.18   .024808
  11478.53   .024724
  11484.89   .024857
  11491.25   .025117
  11497.62   .024846
  11504.00   .024361
  11510.38   .024321
  11516.78   .024590
  11523.17   .024659
  11529.58   .024368
  11535.99   .024263
  11542.41   .024209
  11548.84   .024205
  11555.27   .023893
  11561.71   .023782
  11568.16   .023891
  11574.62   .023866
  11581.08   .023830
  11587.55   .023722
  11594.03   .023336
  11600.50   .023144
  11606.99   .023171
  11613.49   .023203
  11620.00   .023015
  11626.51   .022796
  11633.03   .022741
  11639.56   .022655
  11646.10   .022634
  11652.64   .022615
  11659.19   .022620
  11665.75   .022630
  11672.31   .022681
  11678.89   .022576
  11685.46   .022474
  11692.05   .022439
  11698.65   .022332
  11705.25   .022243
  11711.86   .022131
  11718.48   .022083
  11725.10   .022004
  11731.73   .021769
  11738.38   .021760
  11745.02   .021929
  11751.68   .021642
  11758.34   .021390
  11765.01   .021474
  11771.68   .021587
  11778.37   .021651
  11785.06   .021555
  11791.76   .021381
  11798.47   .021231
  11805.19   .020965
  11811.91   .020701
  11818.64   .020795
  11825.38   .020992
  11832.13   .020860
  11838.88   .020695
  11845.64   .020634
  11852.41   .020558
  11859.19   .020448
  11865.97   .020359
  11872.76   .020561
  11879.55   .020469
  11886.36   .020307
  11893.17   .020237
  11900.00   .020096
  11906.83   .020230
  11913.67   .020432
  11920.51   .020622
  11927.37   .020502
  11934.23   .020285
  11941.10   .020285
  11947.98   .020244
  11954.87   .019993
  11961.76   .019925
  11968.67   .020082
  11975.58   .020184
  11982.50   .020189
  11989.42   .020055
  11996.36   .019930
  12003.30   .019979
  12010.25   .020007
  12017.21   .020001
  12024.18   .020056
  12031.15   .019999
  12038.13   .019970
  12045.13   .019934
  12052.12   .019743
  12059.13   .019496
  12066.15   .019556
  12073.17   .019619
  12080.20   .019556
  12087.24   .019488
  12094.29   .019582
  12101.35   .019452
  12108.41   .019413
  12115.48   .019472
  12122.55   .019365
  12129.64   .019353
  12136.74   .019454
  12143.85   .019529
  12150.96   .019573
  12158.08   .019185
  12165.21   .018972
  12172.36   .018906
  12179.50   .018872
  12186.66   .019053
  12193.82   .019079
  12201.00   .018904
  12208.18   .018974
  12215.37   .019078
  12222.57   .019136
  12229.77   .019217
  12236.99   .018932
  12244.21   .018702
  12251.45   .018772
  12258.69   .018839
  12265.94   .018932
  12273.20   .019007
  12280.46   .018866
  12287.74   .018719
  12295.02   .018704
  12302.31   .018569
  12309.62   .018314
  12316.92   .018282
  12324.25   .018322
  12331.57   .018348
  12338.91   .018338
  12346.25   .018360
  12353.61   .018492
  12360.97   .018556
  12368.34   .018425
  12375.72   .018241
  12383.11   .018122
  12390.51   .018042
  12397.91   .017916
  12405.33   .017800
  12412.75   .017850
  12420.18   .017961
  12427.61   .017638
  12435.06   .017646
  12442.52   .017801
  12449.99   .017808
  12457.47   .017753
  12464.96   .017652
  12472.45   .017448
  12479.96   .017520
  12487.47   .017661
  12494.99   .017690
  12502.53   .017586
  12510.07   .017445
  12517.62   .017323
  12525.17   .017051
  12532.75   .016896
  12540.32   .016922
  12547.91   .016906
  12555.50   .016703
  12563.11   .016715
  12570.72   .016694
  12578.35   .016573
  12585.98   .016611
  12593.62   .016617
  12601.28   .016434
  12608.94   .016434
  12616.60   .016440
  12624.28   .016454
  12631.97   .016501
  12639.67   .016161
  12647.38   .015906
  12655.10   .016097
  12662.82   .016235
  12670.56   .016132
  12678.30   .015958
  12686.06   .015748
  12693.81   .015759
  12701.58   .015838
  12709.36   .015939
  12717.16   .016088
  12724.96   .016131
  12732.77   .016083
  12740.59   .015939
  12748.42   .015932
  12756.26   .015705
  12764.11   .015523
  12771.97   .015551
  12779.84   .015516
  12787.72   .015638
  12795.61   .015767
  12803.51   .015706
  12811.42   .015489
  12819.34   .015390
  12827.27   .015194
  12835.20   .015036
  12843.15   .015233
  12851.11   .015397
  12859.08   .015347
  12867.06   .015119
  12875.04   .014784
  12883.04   .014649
  12891.05   .014951
  12899.06   .015065
  12907.09   .015160
  12915.13   .015029
  12923.18   .014851
  12931.23   .014674
  12939.30   .014726
  12947.38   .014891
  12955.46   .015045
  12963.56   .015115
  12971.67   .015324
  12979.79   .015276
  12987.92   .015016
  12996.05   .015054
  13004.20   .015104
  13012.36   .014840
  13020.53   .014695
  13028.69   .014805
  13036.88   .014845
  13045.08   .014761
  13053.29   .014848
  13061.51   .014850
  13069.74   .014883
  13077.98   .014824
  13086.24   .014949
  13094.50   .014978
  13102.77   .014739
  13111.05   .014694
  13119.34   .014771
  13127.65   .014598
  13135.96   .014305
  13144.29   .014251
  13152.62   .014395
  13160.97   .014678
  13169.33   .014750
  13177.69   .014698
  13186.07   .014520
  13194.46   .014215
  13202.86   .014179
  13211.27   .014520
  13219.69   .014603
  13228.12   .014481
  13236.56   .014566
  13245.01   .014516
  13253.48   .014436
  13261.95   .014564
  13270.44   .014498
  13278.93   .014526
  13287.44   .014384
  13295.96   .014351
  13304.49   .014499
  13313.03   .014616
  13321.56   .014667
  13330.12   .014544
  13338.70   .014294
  13347.28   .014269
  13355.87   .014391
  13364.48   .014255
  13373.10   .014282
  13381.73   .014318
  13390.37   .014478
  13399.02   .014599
  13407.68   .014390
  13416.35   .014179
  13425.03   .014077
  13433.73   .013939
  13442.44   .013853
  13451.15   .014013
  13459.88   .014143
  13468.62   .014091
  13477.38   .014206
  13486.14   .014341
  13494.91   .014286
  13503.70   .014210
  13512.50   .014015
  13521.31   .013790
  13530.13   .013660
  13538.96   .013726
  13547.80   .013639
  13556.66   .013852
  13565.53   .014172
  13574.40   .014026
  13583.29   .013758
  13592.19   .013836
  13601.11   .014128
  13610.03   .014205
  13618.97   .014084
  13627.90   .013902
  13636.86   .013938
  13645.83   .013954
  13654.82   .013963
  13663.81   .014056
  13672.82   .013975
  13681.84   .013744
  13690.87   .013753
  13699.91   .013915
  13708.97   .014042
  13718.04   .013981
  13727.11   .013876
  13736.21   .013880
  13745.31   .014117
  13754.43   .014241
  13763.55   .014247
  13772.69   .014098
  13781.84   .013966
  13791.01   .013999
  13800.18   .014401
  13809.37   .014538
  13818.57   .014196
  13827.79   .014067
  13837.01   .014153
  13846.25   .014158
  13855.50   .014082
  13864.76   .014109
  13874.03   .014101
  13883.32   .014271
  13892.62   .014290
  13901.93   .014128
  13911.26   .014189
  13920.59   .014063
  13929.94   .013967
  13939.30   .014033
  13948.68   .014058
  13958.07   .014049
  13967.47   .014017
  13976.88   .014392
  13986.30   .014459
  13995.74   .014324
  14005.19   .014128
  14014.64   .014191
  14024.11   .014263
  14033.60   .014032
  14043.10   .014090
  14052.62   .013931
  14062.14   .013613
  14071.68   .013698
  14081.24   .013867
  14090.81   .013859
  14100.39   .013690
  14109.98   .013884
  14119.58   .013734
  14129.20   .013484
  14138.83   .013556
  14148.48   .013649
  14158.14   .013767
  14167.81   .013764
  14177.49   .013449
  14187.19   .013572
  14196.90   .013741
  14206.63   .013604
  14216.37   .013619
  14226.12   .013929
  14235.88   .013842
  14245.66   .013516
  14255.45   .013344
  14265.25   .013137
  14275.07   .013185
  14284.90   .013520
  14294.75   .013778
  14304.61   .013475
  14314.48   .013127
  14324.37   .013353
  14334.26   .013486
  14344.18   .013192
  14354.09   .013421
  14364.03   .013523
  14373.98   .013270
  14383.95   .013095
  14393.93   .012838
  14403.93   .013051
  14413.94   .013450
  14423.96   .013388
  14434.00   .013016
  14444.05   .012900
  14454.12   .013121
  14464.20   .013233
  14474.29   .012867
  14484.40   .012740
  14494.52   .012940
  14504.66   .013131
  14514.81   .013400
  14524.97   .013412
  14535.15   .013241
  14545.35   .013074
  14555.55   .012801
  14565.78   .012728
  14576.01   .012839
  14586.26   .012812
  14596.53   .012763
  14606.81   .012970
  14617.10   .013160
  14627.41   .013079
  14637.74   .013163
  14648.07   .013209
  14658.43   .013086
  14668.79   .013089
  14679.17   .013240
  14689.57   .012796
  14699.98   .012300
  14710.41   .012533
  14720.85   .012624
  14731.31   .012724
  14741.78   .012733
  14752.26   .012671
  14762.76   .012665
  14773.27   .012929
  14783.79   .013076
  14794.33   .012876
  14804.89   .012671
  14815.47   .013000
  14826.06   .012850
  14836.66   .012524
  14847.28   .012610
  14857.92   .012669
  14868.57   .012446
  14879.24   .012117
  14889.92   .012182
  14900.62   .012579
  14911.33   .012836
  14922.05   .012912
  14932.80   .012787
  14943.56   .012703
  14954.33   .012430
  14965.12   .012308
  14975.93   .012374
  14986.75   .012000
  14997.59   .011958
  15008.44   .012431
  15019.31   .012576
  15030.19   .012798
  15041.09   .012769
  15052.01   .012407
  15062.94   .012434
  15073.88   .012465
  15084.85   .012426
  15095.83   .012585
  15106.83   .012668
  15117.84   .012502
  15128.86   .012235
  15139.91   .012423
  15150.96   .012349
  15162.02   .012232
  15173.11   .012077
  15184.22   .011816
  15195.34   .011831
  15206.48   .012271
  15217.64   .012476
  15228.81   .012258
  15240.01   .012280
  15251.21   .012094
  15262.43   .011979
  15273.67   .012255
  15284.93   .012749
  15296.20   .012539
  15307.49   .012124
  15318.80   .011778
  15330.12   .011954
  15341.46   .012271
  15352.81   .012116
  15364.19   .011981
  15375.58   .012052
  15386.98   .012254
  15398.41   .012231
  15409.85   .012065
  15421.31   .012095
  15432.78   .012320
  15444.27   .012475
  15455.78   .012356
  15467.31   .012545
  15478.85   .012632
  15490.41   .012429
  15501.99   .012701
  15513.58   .012806
  15525.20   .012751
  15536.83   .012764
  15548.47   .012959
  15560.14   .012745
  15571.82   .012782
  15583.52   .012907
  15595.24   .013027
  15606.97   .013308
  15618.72   .013408
  15630.49   .013342
  15642.26   .013484
  15654.07   .013404
  15665.89   .013533
  15677.73   .013712
  15689.59   .013674
  15701.47   .013749
  15713.36   .013682
  15725.28   .013574
  15737.21   .013866
  15749.16   .014379
  15761.13   .014248
  15773.11   .013976
  15785.12   .014173
  15797.14   .014507
  15809.18   .014331
  15821.24   .014233
  15833.32   .014130
  15845.42   .014297
  15857.53   .014625
  15869.66   .015056
  15881.81   .014742
  15893.99   .014454
  15906.18   .014563
  15918.38   .014561
  15930.61   .014551
  15942.85   .014472
  15955.12   .014669
  15967.40   .015010
  15979.71   .014996
  15992.03   .015151
  16004.37   .015515
  16016.73   .015316
  16029.10   .014918
  16041.50   .015053
  16053.92   .015605
  16066.33   .015621
  16078.78   .014989
  16091.26   .014595
  16103.75   .014595
  16116.26   .014574
  16128.80   .014571
  16141.35   .015050
  16153.92   .015180
  16166.51   .015275
  16179.12   .015223
  16191.75   .015101
  16204.40   .015110
  16217.07   .015040
  16229.76   .015142
  16242.48   .015479
  16255.21   .015841
  16267.95   .015963
  16280.72   .015760
  16293.51   .015580
  16306.32   .015566
  16319.15   .015703
  16332.01   .015800
  16344.88   .015739
  16357.77   .015661
  16370.68   .015820
  16383.61   .016069
  16396.56   .016260
  16409.53   .016232
  16422.53   .016419
  16435.54   .016730
  16448.57   .016842
  16461.63   .016660
  16474.70   .016455
  16487.80   .016399
  16500.92   .016617
  16514.06   .016959
  16527.22   .016867
  16540.40   .016764
  16553.60   .017019
  16566.82   .016942
  16580.06   .016865
  16593.32   .016811
  16606.59   .016942
  16619.89   .017117
  16633.22   .017565
  16646.57   .017555
  16659.94   .017360
  16673.33   .017415
  16686.75   .017485
  16700.19   .017550
  16713.64   .017882
  16727.12   .017876
  16740.62   .017812
  16754.14   .018327
  16767.69   .018466
  16781.25   .018308
  16794.85   .018383
  16808.46   .018515
  16822.09   .018653
  16835.74   .018574
  16849.42   .018655
  16863.12   .018607
  16876.84   .018567
  16890.59   .018466
  16904.35   .018545
  16918.14   .018543
  16931.95   .018424
  16945.79   .018729
  16959.64   .018950
  16973.52   .019062
  16987.43   .019029
  17001.35   .018905
  17015.30   .019239
  17029.27   .019157
  17043.26   .018953
  17057.28   .018964
  17071.31   .019009
  17085.35   .019436
  17099.44   .019660
  17113.54   .018934
  17127.68   .018746
  17141.83   .018953
  17156.01   .019293
  17170.21   .019564
  17184.44   .019301
  17198.69   .019198
  17212.96   .019217
  17227.26   .019273
  17241.58   .019664
  17255.92   .019967
  17270.29   .020140
  17284.69   .020056
  17299.11   .019890
  17313.54   .019765
  17328.01   .019663
  17342.50   .019448
  17357.01   .019444
  17371.55   .019866
  17386.11   .020051
  17400.70   .020044
  17415.31   .019966
  17429.94   .020129
  17444.60   .020473
  17459.29   .020630
  17473.99   .020458
  17488.73   .020138
  17503.49   .020009
  17518.28   .019742
  17533.08   .019373
  17547.92   .020179
  17562.78   .021529
  17577.66   .021481
  17592.57   .020944
  17607.51   .020755
  17622.47   .020706
  17637.45   .020660
  17652.46   .021211
  17667.50   .021307
  17682.56   .021150
  17697.62   .021666
  17712.73   .021949
  17727.87   .021419
  17743.04   .021159
  17758.23   .021467
  17773.45   .021677
  17788.69   .021262
  17803.96   .021388
  17819.26   .022275
  17834.58   .021993
  17849.93   .021537
  17865.30   .021407
  17880.70   .021070
  17896.13   .020922
  17911.59   .021205
  17927.07   .021862
  17942.58   .022132
  17958.11   .021567
  17973.67   .021763
  17989.26   .022350
  18004.88   .022307
  18020.53   .022205
  18036.20   .021857
  18051.89   .021754
  18067.62   .022323
  18083.37   .022478
  18099.15   .022429
  18114.96   .021896
  18130.80   .021674
  18146.66   .022305
  18162.55   .022532
  18178.47   .022289
  18194.41   .022360
  18210.39   .022492
  18226.39   .022400
  18242.39   .022548
  18258.45   .022926
  18274.54   .023340
  18290.65   .023761
  18306.79   .023874
  18322.97   .024198
  18339.17   .024245
  18355.40   .024593
  18371.66   .024172
  18387.95   .023585
  18404.26   .023764
  18420.61   .024349
  18436.98   .024878
  18453.38   .025441
  18469.82   .025613
  18486.29   .024748
  18502.78   .024226
  18519.29   .024570
  18535.85   .024987
  18552.42   .025158
  18569.03   .025456
  18585.68   .025458
  18602.35   .024889
  18619.04   .024800
  18635.77   .025306
  18652.53   .025117
  18669.32   .024791
  18686.14   .025305
  18703.00   .025372
  18719.88   .025146
  18736.79   .024615
  18753.73   .024258
  18770.70   .024526
  18787.70   .024779
  18804.73   .024969
  18821.80   .025072
  18838.90   .025212
  18856.03   .025384
  18873.18   .024846
  18890.37   .024344
  18907.59   .024675
  18924.84   .025030
  18942.10   .024871
  18959.41   .024686
  18976.76   .024853
  18994.13   .024827
  19011.54   .024094
  19028.98   .024199
  19046.46   .024315
  19063.97   .024677
  19081.51   .024986
  19099.08   .024951
  19116.68   .024998
  19134.32   .025030
  19151.98   .025357
  19169.69   .025482
  19187.42   .025125
  19205.19   .025126
  19222.99   .025774
  19240.82   .026061
  19258.69   .025768
  19276.58   .025799
  19294.52   .026169
  19312.49   .026218
  19330.49   .026156
  19348.52   .026320
  19366.58   .026460
  19384.68   .027082
  19402.82   .027540
  19420.98   .027316
  19439.19   .026268
  19457.42   .025836
  19475.70   .026305
  19494.00   .026816
  19512.34   .027157
  19530.71   .026234
  19549.12   .025743
  19567.53   .026038
  19586.01   .026330
  19604.52   .026283
  19623.07   .026208
  19641.65   .026797
  19660.27   .027266
  19678.92   .027052
  19697.62   .027618
  19716.34   .028056
  19735.10   .027226
  19753.89   .026267
  19772.72   .026266
  19791.59   .026822
  19810.49   .026990
  19829.44   .027411
  19848.41   .027545
  19867.43   .027253
  19886.47   .027960
  19905.56   .027824
  19924.68   .027492
  19943.84   .026928
  19963.04   .026435
  19982.27   .027061
  20001.54   .028037
  20020.85   .028258
  20040.19   .028101
  20059.57   .028188
  20078.99   .028058
  20098.46   .027528
  20117.95   .027425
  20137.48   .027508
  20157.05   .027161
  20176.66   .027341
  20196.30   .027190
  20215.99   .026844
  20235.68   .027247
  20255.44   .027477
  20275.24   .027178
  20295.08   .026536
  20314.95   .026261
  20334.87   .026674
  20354.83   .027024
  20374.83   .027056
  20394.86   .026964
  20414.94   .027453
  20435.05   .028022
  20455.20   .027682
  20475.39   .027394
  20495.63   .027623
  20515.91   .027883
  20536.22   .028209
  20556.57   .027622
  20576.96   .026736
  20597.40   .026341
  20617.87   .026550
  20638.39   .027753
  20658.95   .028180
  20679.55   .027465
  20700.19   .027288
  20720.87   .027179
  20741.59   .027351
  20762.35   .027728
  20783.15   .027506
  20804.00   .027092
  20824.89   .028059
  20845.82   .027724
  20866.79   .027010
  20887.81   .026935
  20908.86   .026645
  20929.96   .026935
  20951.11   .027033
  20972.29   .026320
  20993.52   .025821
  21014.79   .026064
  21036.10   .026018
  21057.46   .026002
  21078.86   .026579
  21100.27   .026634
  21121.75   .027205
  21143.28   .027526
  21164.86   .026431
  21186.47   .025950
  21208.14   .026179
  21229.85   .025610
  21251.61   .025188
  21273.40   .026006
  21295.24   .026929
  21317.13   .027230
  21339.06   .026816
  21361.04   .025431
  21383.06   .025961
  21405.13   .027091
  21427.24   .027273
  21449.40   .027000
  21471.61   .026629
  21493.86   .027222
  21516.15   .027429
  21538.49   .026864
  21560.89   .026984
  21583.33   .026896
  21605.81   .027105
  21628.34   .027183
  21650.92   .027523
  21673.54   .026768
  21696.21   .026399
  21718.94   .026716
  21741.70   .025830
  21764.52   .025752
  21787.38   .026414
  21810.29   .026164
  21833.24   .025093
  21856.25   .024911
  21879.27   .025347
  21902.37   .025253
  21925.52   .025698
  21948.72   .026351
  21971.97   .026198
  21995.27   .025953
  22018.62   .025701
  22042.03   .025553
  22065.48   .025465
  22088.98   .025525
  22112.53   .025115
  22136.13   .025569
  22159.78   .027293
  22183.47   .027614
  22207.23   .025786
  22231.04   .024085
  22254.89   .023752
  22278.79   .023916
  22302.75   .025050
  22326.75   .025546
  22350.81   .025419
  22374.93   .024949
  22399.10   .024993
  22423.31   .024866
  22447.58   .025388
  22471.90   .025289
  22496.27   .025205
  22520.70   .026575
  22545.18   .027012
  22569.72   .026912
  22594.30   .025555
  22618.94   .024529
  22643.63   .025211
  22668.38   .025746
  22693.18   .025932
  22718.04   .025159
  22742.96   .024415
  22767.92   .024686
  22792.94   .026057
  22818.01   .027468
  22843.14   .026781
  22868.33   .026653
  22893.53   .026561
  22918.82   .026441
  22944.18   .026340
  22969.58   .025585
  22995.05   .024694
  23020.57   .025983
  23046.15   .027937
  23071.79   .026884
  23097.48   .026645
  23123.23   .028266
  23149.04   .026772
  23174.91   .024812
  23200.83   .023975
  23226.81   .025374
  23252.86   .027057
  23278.95   .027622
  23305.11   .027738
  23331.32   .027681
  23357.60   .027183
  23383.93   .026694
  23410.32   .026403
  23436.79   .025245
  23463.30   .024263
  23489.87   .026141
  23516.50   .026661
  23543.19   .026779
  23569.95   .027406
  23596.76   .025520
  23623.65   .027122
  23650.58   .028703
  23677.58   .027905
  23704.64   .028557
  23731.76   .030735
  23758.95   .031534
  23786.19   .028363
  23813.45   .025236
  23840.82   .024953
  23868.26   .025648
  23895.76   .027153
  23923.32   .028121
  23950.94   .027804
  23978.63   .026260
  24006.39   .026920
  24034.21   .029807
  24062.09   .029347
  24090.04   .026493
  24118.05   .026847
  24146.13   .028362
  24174.27   .028396
  24202.49   .025334
  24230.76   .024776
  24259.10   .025363
  24287.51   .027415
  24315.98   .028833
  24344.52   .028161
  24373.12   .024393
  24401.81   .024135
  24430.55   .028517
  24459.36   .029316
  24488.24   .028134
  24517.18   .028525
  24546.20   .028047
  24575.28   .026800
  24604.44   .024360
  24633.66   .026162
  24662.95   .031409
  24692.31   .032754
  24721.74   .030390
  24751.24   .029954
  24780.81   .030167
  24810.47   .027279
  24840.18   .027661
  24869.96   .032394
  24899.82   .030799
  24929.75   .025649
  24959.75   .026946
  24989.82   .031863



 A22C06CK001.ASC 

 LR-CMP-086                                                                     
 14259,632 20-45 um                                                             
                                                                                
 Source Ang: 30.00   Detect Ang: -30.00  Volt: 1.777                            
 Date: 06-DEC-22   Time: 10:08:45                                               
