   9542
   1999.97   .089447
   2000.16   .089700
   2000.35   .089724
   2000.54   .089532
   2000.74   .089848
   2000.93   .089951
   2001.12   .089823
   2001.32   .089460
   2001.51   .089312
   2001.70   .089468
   2001.90   .089636
   2002.09   .089677
   2002.28   .089670
   2002.48   .089507
   2002.67   .089251
   2002.86   .089070
   2003.06   .089210
   2003.25   .089292
   2003.44   .089280
   2003.64   .089763
   2003.83   .089807
   2004.02   .089588
   2004.22   .089555
   2004.41   .089355
   2004.60   .089257
   2004.80   .089312
   2004.99   .089475
   2005.18   .089644
   2005.38   .089224
   2005.57   .089187
   2005.77   .089810
   2005.96   .090127
   2006.15   .090227
   2006.35   .089607
   2006.54   .089380
   2006.74   .089564
   2006.93   .089665
   2007.12   .089492
   2007.32   .089583
   2007.51   .089788
   2007.71   .089589
   2007.90   .089324
   2008.10   .089585
   2008.29   .089907
   2008.48   .089492
   2008.68   .089465
   2008.87   .090079
   2009.07   .089737
   2009.26   .089456
   2009.46   .089740
   2009.65   .089879
   2009.85   .089343
   2010.04   .089516
   2010.24   .090214
   2010.43   .089973
   2010.62   .089542
   2010.82   .089676
   2011.01   .089830
   2011.21   .089690
   2011.40   .089610
   2011.60   .089658
   2011.79   .089777
   2011.99   .089955
   2012.18   .090071
   2012.38   .090110
   2012.58   .090171
   2012.77   .090314
   2012.97   .089883
   2013.16   .089422
   2013.36   .089634
   2013.55   .089717
   2013.75   .089942
   2013.94   .090226
   2014.14   .090016
   2014.33   .090127
   2014.53   .090251
   2014.72   .090316
   2014.92   .090561
   2015.12   .090428
   2015.31   .090424
   2015.51   .089796
   2015.70   .089404
   2015.90   .089953
   2016.09   .090278
   2016.29   .090181
   2016.49   .089939
   2016.68   .089755
   2016.88   .089700
   2017.07   .090068
   2017.27   .090274
   2017.47   .090346
   2017.66   .090310
   2017.86   .090448
   2018.06   .090581
   2018.25   .090406
   2018.45   .090531
   2018.64   .090308
   2018.84   .089983
   2019.04   .089978
   2019.23   .090142
   2019.43   .090393
   2019.63   .090521
   2019.82   .090400
   2020.02   .090163
   2020.22   .090001
   2020.41   .090408
   2020.61   .090877
   2020.81   .090741
   2021.00   .090758
   2021.20   .090763
   2021.40   .090427
   2021.59   .090341
   2021.79   .090589
   2021.99   .090693
   2022.19   .090478
   2022.38   .090247
   2022.58   .090263
   2022.78   .090349
   2022.97   .090163
   2023.17   .090019
   2023.37   .089922
   2023.57   .089985
   2023.76   .090398
   2023.96   .090487
   2024.16   .090567
   2024.36   .090488
   2024.55   .090779
   2024.75   .091128
   2024.95   .090944
   2025.15   .090587
   2025.34   .090662
   2025.54   .090960
   2025.74   .090741
   2025.94   .090747
   2026.14   .090394
   2026.33   .090267
   2026.53   .090625
   2026.73   .090781
   2026.93   .090077
   2027.12   .089985
   2027.32   .090754
   2027.52   .090758
   2027.72   .090547
   2027.92   .090966
   2028.12   .090618
   2028.31   .090223
   2028.51   .090593
   2028.71   .090865
   2028.91   .090871
   2029.11   .090584
   2029.31   .090741
   2029.50   .090919
   2029.70   .090806
   2029.90   .090791
   2030.10   .090591
   2030.30   .090513
   2030.50   .090736
   2030.70   .090461
   2030.89   .090460
   2031.09   .090547
   2031.29   .090512
   2031.49   .090876
   2031.69   .091147
   2031.89   .090923
   2032.09   .091004
   2032.29   .091243
   2032.49   .091078
   2032.68   .090442
   2032.88   .089989
   2033.08   .090454
   2033.28   .090954
   2033.48   .091280
   2033.68   .091493
   2033.88   .091355
   2034.08   .091336
   2034.28   .091264
   2034.48   .091146
   2034.68   .090844
   2034.88   .090605
   2035.08   .090856
   2035.28   .091325
   2035.48   .091079
   2035.68   .090552
   2035.88   .090542
   2036.08   .090965
   2036.28   .090598
   2036.48   .090285
   2036.68   .090790
   2036.88   .091137
   2037.08   .091068
   2037.28   .091224
   2037.48   .091728
   2037.68   .091983
   2037.88   .091518
   2038.08   .091264
   2038.28   .091332
   2038.48   .091530
   2038.68   .091775
   2038.88   .091275
   2039.08   .090603
   2039.28   .090483
   2039.48   .090744
   2039.68   .090650
   2039.88   .090687
   2040.08   .090976
   2040.28   .091174
   2040.48   .091130
   2040.68   .090939
   2040.88   .090981
   2041.08   .091097
   2041.28   .091294
   2041.48   .091424
   2041.69   .091685
   2041.89   .091869
   2042.09   .091776
   2042.29   .091521
   2042.49   .091211
   2042.69   .090993
   2042.89   .090855
   2043.09   .090486
   2043.29   .090770
   2043.50   .091190
   2043.70   .091489
   2043.90   .091504
   2044.10   .091459
   2044.30   .091395
   2044.50   .091421
   2044.70   .091369
   2044.90   .091776
   2045.11   .092048
   2045.31   .091930
   2045.51   .091933
   2045.71   .091712
   2045.91   .091655
   2046.11   .091702
   2046.32   .091205
   2046.52   .091193
   2046.72   .091571
   2046.92   .091784
   2047.12   .091968
   2047.33   .091856
   2047.53   .091340
   2047.73   .091135
   2047.93   .091247
   2048.13   .091289
   2048.34   .091467
   2048.54   .091584
   2048.74   .091324
   2048.94   .091403
   2049.15   .091638
   2049.35   .091566
   2049.55   .091698
   2049.75   .091654
   2049.96   .091301
   2050.16   .091130
   2050.36   .091464
   2050.56   .091653
   2050.77   .091564
   2050.97   .091603
   2051.17   .091768
   2051.37   .091932
   2051.58   .091723
   2051.78   .091743
   2051.98   .091718
   2052.19   .091472
   2052.39   .091453
   2052.59   .091482
   2052.79   .091456
   2053.00   .091773
   2053.20   .092351
   2053.40   .092446
   2053.61   .092117
   2053.81   .091887
   2054.01   .091973
   2054.22   .091984
   2054.42   .091725
   2054.62   .091789
   2054.83   .091615
   2055.03   .091709
   2055.23   .091672
   2055.44   .091545
   2055.64   .091911
   2055.85   .091996
   2056.05   .091697
   2056.25   .091900
   2056.46   .091852
   2056.66   .091859
   2056.86   .091962
   2057.07   .092105
   2057.27   .092370
   2057.48   .092535
   2057.68   .092619
   2057.88   .092181
   2058.09   .092241
   2058.29   .092300
   2058.50   .092264
   2058.70   .092173
   2058.91   .092078
   2059.11   .091974
   2059.31   .091544
   2059.52   .091399
   2059.72   .091820
   2059.93   .092055
   2060.13   .092193
   2060.34   .092060
   2060.54   .092448
   2060.75   .092770
   2060.95   .092418
   2061.16   .092243
   2061.36   .092523
   2061.56   .092624
   2061.77   .092210
   2061.97   .092567
   2062.18   .092511
   2062.38   .091964
   2062.59   .091869
   2062.79   .091768
   2063.00   .091938
   2063.20   .092494
   2063.41   .092601
   2063.61   .092599
   2063.82   .092457
   2064.03   .092640
   2064.23   .092425
   2064.44   .092093
   2064.64   .092005
   2064.85   .092327
   2065.05   .092546
   2065.26   .092346
   2065.46   .092011
   2065.67   .092121
   2065.87   .092611
   2066.08   .092598
   2066.29   .092275
   2066.49   .092267
   2066.70   .092234
   2066.90   .092202
   2067.11   .092239
   2067.32   .092239
   2067.52   .092013
   2067.73   .092034
   2067.93   .092423
   2068.14   .092749
   2068.35   .092394
   2068.55   .092136
   2068.76   .092533
   2068.96   .092695
   2069.17   .092545
   2069.38   .092599
   2069.58   .092556
   2069.79   .092056
   2070.00   .091992
   2070.20   .092539
   2070.41   .093089
   2070.62   .093165
   2070.82   .093356
   2071.03   .093798
   2071.24   .093357
   2071.44   .092597
   2071.65   .092362
   2071.86   .092304
   2072.06   .092347
   2072.27   .092347
   2072.48   .092194
   2072.68   .092228
   2072.89   .092135
   2073.10   .092565
   2073.31   .093058
   2073.51   .092850
   2073.72   .092668
   2073.93   .092368
   2074.14   .092307
   2074.34   .092719
   2074.55   .093310
   2074.76   .093252
   2074.96   .092735
   2075.17   .092407
   2075.38   .092636
   2075.59   .092909
   2075.79   .092675
   2076.00   .092985
   2076.21   .093183
   2076.42   .092854
   2076.63   .092882
   2076.83   .092853
   2077.04   .092654
   2077.25   .092632
   2077.46   .092858
   2077.67   .092915
   2077.87   .092811
   2078.08   .093099
   2078.29   .093142
   2078.50   .093068
   2078.71   .092877
   2078.91   .092769
   2079.12   .092986
   2079.33   .093305
   2079.54   .093413
   2079.75   .093247
   2079.96   .092971
   2080.17   .092834
   2080.37   .093152
   2080.58   .093208
   2080.79   .092719
   2081.00   .092643
   2081.21   .093110
   2081.42   .092873
   2081.63   .092781
   2081.83   .092615
   2082.04   .092681
   2082.25   .093327
   2082.46   .093281
   2082.67   .092788
   2082.88   .092884
   2083.09   .093530
   2083.30   .093547
   2083.51   .092938
   2083.72   .092820
   2083.93   .093217
   2084.14   .093195
   2084.34   .093114
   2084.55   .093215
   2084.76   .093336
   2084.97   .093405
   2085.18   .093348
   2085.39   .093516
   2085.60   .093649
   2085.81   .093592
   2086.02   .093558
   2086.23   .093691
   2086.44   .093734
   2086.65   .093531
   2086.86   .093080
   2087.07   .093160
   2087.28   .093418
   2087.49   .093354
   2087.70   .093419
   2087.91   .093387
   2088.12   .092886
   2088.33   .093127
   2088.54   .094009
   2088.75   .094149
   2088.96   .093695
   2089.17   .093106
   2089.38   .093224
   2089.59   .093470
   2089.80   .093435
   2090.01   .093262
   2090.22   .093368
   2090.43   .093637
   2090.64   .093798
   2090.85   .094015
   2091.07   .093870
   2091.28   .093170
   2091.49   .093050
   2091.70   .093320
   2091.91   .093190
   2092.12   .093427
   2092.33   .093765
   2092.54   .093795
   2092.75   .093740
   2092.96   .093567
   2093.18   .093758
   2093.39   .094077
   2093.60   .094258
   2093.81   .094194
   2094.02   .093779
   2094.23   .093525
   2094.44   .093508
   2094.65   .093698
   2094.87   .093936
   2095.08   .094046
   2095.29   .094090
   2095.50   .093814
   2095.71   .093581
   2095.92   .093574
   2096.14   .093574
   2096.35   .093670
   2096.56   .093881
   2096.77   .093813
   2096.98   .093821
   2097.19   .093683
   2097.41   .093755
   2097.62   .093909
   2097.83   .094262
   2098.04   .094279
   2098.26   .094097
   2098.47   .094386
   2098.68   .094044
   2098.89   .093877
   2099.10   .094314
   2099.32   .094710
   2099.53   .094273
   2099.74   .093837
   2099.95   .094555
   2100.17   .094505
   2100.38   .094248
   2100.59   .094571
   2100.80   .094526
   2101.02   .094046
   2101.23   .093818
   2101.44   .094009
   2101.66   .094401
   2101.87   .094887
   2102.08   .094859
   2102.29   .094368
   2102.51   .093972
   2102.72   .093858
   2102.93   .093853
   2103.15   .094128
   2103.36   .094475
   2103.57   .094471
   2103.79   .094310
   2104.00   .093982
   2104.21   .094004
   2104.43   .094314
   2104.64   .094419
   2104.85   .094406
   2105.07   .094462
   2105.28   .094380
   2105.49   .094710
   2105.71   .094552
   2105.92   .093819
   2106.14   .094107
   2106.35   .094849
   2106.56   .094608
   2106.78   .094345
   2106.99   .094520
   2107.20   .094329
   2107.42   .094379
   2107.63   .094849
   2107.85   .094785
   2108.06   .094569
   2108.28   .094734
   2108.49   .094612
   2108.70   .094268
   2108.92   .094207
   2109.13   .094479
   2109.35   .094978
   2109.56   .094828
   2109.78   .094298
   2109.99   .094712
   2110.20   .095103
   2110.42   .094777
   2110.63   .094559
   2110.85   .094755
   2111.06   .094686
   2111.28   .094165
   2111.49   .094143
   2111.71   .094622
   2111.92   .094876
   2112.14   .095224
   2112.35   .095141
   2112.57   .094787
   2112.78   .094991
   2113.00   .094889
   2113.21   .094674
   2113.43   .094854
   2113.64   .095089
   2113.86   .094998
   2114.07   .094977
   2114.29   .094781
   2114.51   .094729
   2114.72   .094790
   2114.94   .095127
   2115.15   .095452
   2115.37   .095126
   2115.58   .094769
   2115.80   .094780
   2116.01   .094788
   2116.23   .095311
   2116.45   .095384
   2116.66   .095248
   2116.88   .095453
   2117.09   .095430
   2117.31   .094866
   2117.53   .094706
   2117.74   .095125
   2117.96   .094883
   2118.18   .094774
   2118.39   .095158
   2118.61   .095098
   2118.82   .094588
   2119.04   .094427
   2119.26   .094946
   2119.47   .095093
   2119.69   .095150
   2119.91   .095093
   2120.12   .094861
   2120.34   .095061
   2120.56   .095179
   2120.77   .095181
   2120.99   .095270
   2121.21   .095430
   2121.42   .095230
   2121.64   .094976
   2121.86   .095608
   2122.07   .095739
   2122.29   .095343
   2122.51   .095357
   2122.73   .095418
   2122.94   .095308
   2123.16   .094906
   2123.38   .094885
   2123.59   .095177
   2123.81   .095450
   2124.03   .095082
   2124.25   .094705
   2124.46   .094955
   2124.68   .095148
   2124.90   .095452
   2125.12   .095429
   2125.33   .095235
   2125.55   .095270
   2125.77   .095239
   2125.99   .095284
   2126.21   .095312
   2126.42   .095282
   2126.64   .095374
   2126.86   .095602
   2127.08   .095912
   2127.30   .096003
   2127.51   .095704
   2127.73   .095618
   2127.95   .095649
   2128.17   .095448
   2128.39   .095469
   2128.61   .095598
   2128.82   .095973
   2129.04   .095871
   2129.26   .095762
   2129.48   .095833
   2129.70   .095752
   2129.92   .095690
   2130.13   .095743
   2130.35   .095686
   2130.57   .095513
   2130.79   .095551
   2131.01   .095302
   2131.23   .095375
   2131.45   .095875
   2131.67   .095983
   2131.89   .095465
   2132.10   .095327
   2132.32   .095727
   2132.54   .096140
   2132.76   .096197
   2132.98   .095980
   2133.20   .095717
   2133.42   .095643
   2133.64   .095831
   2133.86   .095708
   2134.08   .095824
   2134.30   .095876
   2134.52   .095993
   2134.74   .096410
   2134.96   .096457
   2135.18   .096227
   2135.40   .096149
   2135.62   .096260
   2135.84   .096312
   2136.06   .096531
   2136.28   .096706
   2136.50   .096328
   2136.72   .096167
   2136.94   .096362
   2137.16   .096353
   2137.38   .096346
   2137.60   .096501
   2137.82   .096300
   2138.04   .095871
   2138.26   .095955
   2138.48   .095995
   2138.70   .095799
   2138.92   .095836
   2139.14   .096231
   2139.36   .096426
   2139.58   .096190
   2139.80   .096420
   2140.02   .096416
   2140.24   .096185
   2140.46   .095842
   2140.68   .095812
   2140.90   .096027
   2141.13   .096345
   2141.35   .096448
   2141.57   .096564
   2141.79   .096599
   2142.01   .096377
   2142.23   .096232
   2142.45   .096283
   2142.67   .096444
   2142.89   .096725
   2143.12   .096657
   2143.34   .096395
   2143.56   .096292
   2143.78   .096019
   2144.00   .095860
   2144.22   .096233
   2144.44   .096778
   2144.67   .097061
   2144.89   .096788
   2145.11   .096341
   2145.33   .096356
   2145.55   .096644
   2145.78   .096308
   2146.00   .096361
   2146.22   .096712
   2146.44   .096739
   2146.66   .096698
   2146.88   .096790
   2147.11   .096850
   2147.33   .096735
   2147.55   .096882
   2147.77   .096987
   2148.00   .096977
   2148.22   .097103
   2148.44   .096774
   2148.66   .096495
   2148.89   .096765
   2149.11   .096965
   2149.33   .097229
   2149.55   .096940
   2149.78   .096448
   2150.00   .096693
   2150.22   .097106
   2150.44   .097101
   2150.67   .097009
   2150.89   .096851
   2151.11   .096856
   2151.34   .097057
   2151.56   .097061
   2151.78   .096956
   2152.01   .096725
   2152.23   .096797
   2152.45   .096883
   2152.68   .096936
   2152.90   .097279
   2153.12   .097253
   2153.35   .097002
   2153.57   .097057
   2153.79   .096982
   2154.02   .097300
   2154.24   .097172
   2154.46   .096887
   2154.69   .097022
   2154.91   .097413
   2155.14   .097315
   2155.36   .097151
   2155.58   .097103
   2155.81   .097267
   2156.03   .097300
   2156.25   .097317
   2156.48   .097189
   2156.70   .097137
   2156.93   .097200
   2157.15   .096879
   2157.38   .097037
   2157.60   .097059
   2157.82   .097011
   2158.05   .097474
   2158.27   .097432
   2158.50   .097461
   2158.72   .097499
   2158.95   .097426
   2159.17   .097300
   2159.40   .097304
   2159.62   .097364
   2159.85   .097418
   2160.07   .097638
   2160.30   .097853
   2160.52   .097957
   2160.75   .097529
   2160.97   .097064
   2161.20   .097333
   2161.42   .097718
   2161.65   .097605
   2161.87   .097520
   2162.10   .097823
   2162.32   .098012
   2162.55   .097974
   2162.77   .097776
   2163.00   .097543
   2163.22   .097803
   2163.45   .097929
   2163.67   .097725
   2163.90   .097963
   2164.13   .097776
   2164.35   .097377
   2164.58   .097185
   2164.80   .097787
   2165.03   .097961
   2165.26   .097678
   2165.48   .097404
   2165.71   .097550
   2165.93   .097939
   2166.16   .098276
   2166.39   .098235
   2166.61   .097875
   2166.84   .097824
   2167.06   .097708
   2167.29   .097245
   2167.52   .097228
   2167.74   .097874
   2167.97   .097976
   2168.20   .097985
   2168.42   .097819
   2168.65   .097690
   2168.88   .097841
   2169.10   .097950
   2169.33   .098015
   2169.56   .098393
   2169.78   .098470
   2170.01   .098426
   2170.24   .097957
   2170.46   .097574
   2170.69   .098156
   2170.92   .098408
   2171.15   .098112
   2171.37   .098110
   2171.60   .098322
   2171.83   .098059
   2172.06   .097920
   2172.28   .097888
   2172.51   .097932
   2172.74   .098230
   2172.97   .098557
   2173.19   .098367
   2173.42   .098130
   2173.65   .098203
   2173.88   .098502
   2174.10   .098555
   2174.33   .098623
   2174.56   .098544
   2174.79   .098450
   2175.01   .098588
   2175.24   .098423
   2175.47   .098313
   2175.70   .098429
   2175.93   .098499
   2176.16   .098529
   2176.38   .098513
   2176.61   .098539
   2176.84   .098551
   2177.07   .098704
   2177.30   .098729
   2177.53   .098664
   2177.75   .098662
   2177.98   .098237
   2178.21   .098279
   2178.44   .098696
   2178.67   .098864
   2178.90   .099071
   2179.13   .098993
   2179.36   .098676
   2179.58   .098710
   2179.81   .098849
   2180.04   .098588
   2180.27   .098872
   2180.50   .099144
   2180.73   .098906
   2180.96   .099100
   2181.19   .099371
   2181.42   .099355
   2181.65   .099041
   2181.88   .098958
   2182.11   .099141
   2182.33   .098777
   2182.56   .098199
   2182.79   .098386
   2183.02   .098830
   2183.25   .098820
   2183.48   .099118
   2183.71   .099155
   2183.94   .098933
   2184.17   .098819
   2184.40   .098720
   2184.63   .098970
   2184.86   .099073
   2185.09   .098999
   2185.32   .099141
   2185.55   .099201
   2185.78   .098932
   2186.01   .098627
   2186.24   .098924
   2186.47   .099312
   2186.70   .098942
   2186.93   .099112
   2187.17   .099339
   2187.40   .098869
   2187.63   .098882
   2187.86   .099210
   2188.09   .099145
   2188.32   .099213
   2188.55   .099083
   2188.78   .099006
   2189.01   .099525
   2189.24   .099805
   2189.47   .099566
   2189.70   .099531
   2189.94   .099481
   2190.17   .099009
   2190.40   .098673
   2190.63   .099011
   2190.86   .099166
   2191.09   .099160
   2191.32   .099170
   2191.55   .099152
   2191.79   .098948
   2192.02   .098789
   2192.25   .099044
   2192.48   .099294
   2192.71   .099668
   2192.94   .099523
   2193.18   .099406
   2193.41   .099453
   2193.64   .099330
   2193.87   .099354
   2194.10   .099548
   2194.34   .099779
   2194.57   .099965
   2194.80   .100157
   2195.03   .099800
   2195.26   .099576
   2195.50   .099698
   2195.73   .099682
   2195.96   .099494
   2196.19   .099540
   2196.43   .099586
   2196.66   .099499
   2196.89   .099506
   2197.12   .099519
   2197.36   .099474
   2197.59   .099795
   2197.82   .099998
   2198.06   .099913
   2198.29   .099976
   2198.52   .100006
   2198.75   .099951
   2198.99   .100181
   2199.22   .099978
   2199.45   .099836
   2199.69   .100051
   2199.92   .100320
   2200.15   .100151
   2200.39   .099641
   2200.62   .099558
   2200.85   .099800
   2201.09   .099934
   2201.32   .099879
   2201.55   .099777
   2201.79   .099700
   2202.02   .100080
   2202.25   .100084
   2202.49   .100138
   2202.72   .100502
   2202.96   .100189
   2203.19   .099921
   2203.42   .099714
   2203.66   .099263
   2203.89   .099406
   2204.13   .099959
   2204.36   .099884
   2204.59   .099886
   2204.83   .100362
   2205.06   .100457
   2205.30   .100506
   2205.53   .100531
   2205.77   .100522
   2206.00   .100359
   2206.23   .099958
   2206.47   .099762
   2206.70   .100240
   2206.94   .100436
   2207.17   .100275
   2207.41   .100466
   2207.64   .100668
   2207.88   .100198
   2208.11   .100261
   2208.35   .100613
   2208.58   .100384
   2208.82   .100308
   2209.05   .100405
   2209.29   .100355
   2209.52   .100299
   2209.76   .100210
   2209.99   .100093
   2210.23   .100600
   2210.47   .100830
   2210.70   .100729
   2210.94   .100604
   2211.17   .100591
   2211.41   .100741
   2211.64   .100648
   2211.88   .100705
   2212.11   .100761
   2212.35   .100809
   2212.59   .100705
   2212.82   .100527
   2213.06   .100593
   2213.29   .100867
   2213.53   .100853
   2213.77   .100727
   2214.00   .100829
   2214.24   .100859
   2214.48   .100810
   2214.71   .100686
   2214.95   .100726
   2215.19   .100786
   2215.42   .100756
   2215.66   .100807
   2215.89   .101061
   2216.13   .101154
   2216.37   .100762
   2216.60   .100330
   2216.84   .100612
   2217.08   .101026
   2217.32   .101109
   2217.55   .101150
   2217.79   .101320
   2218.03   .101423
   2218.26   .101334
   2218.50   .101173
   2218.74   .100923
   2218.98   .100944
   2219.21   .100978
   2219.45   .101011
   2219.69   .101050
   2219.93   .100960
   2220.16   .101178
   2220.40   .101224
   2220.64   .101258
   2220.88   .101200
   2221.11   .101112
   2221.35   .101208
   2221.59   .101197
   2221.83   .101021
   2222.06   .101065
   2222.30   .101395
   2222.54   .101591
   2222.78   .101363
   2223.02   .101305
   2223.25   .101397
   2223.49   .101248
   2223.73   .101237
   2223.97   .101461
   2224.21   .101572
   2224.45   .101691
   2224.69   .101578
   2224.92   .101274
   2225.16   .101444
   2225.40   .101778
   2225.64   .101889
   2225.88   .101654
   2226.12   .101493
   2226.36   .101125
   2226.59   .100938
   2226.83   .101371
   2227.07   .101710
   2227.31   .101568
   2227.55   .101471
   2227.79   .101500
   2228.03   .101427
   2228.27   .101585
   2228.51   .101651
   2228.75   .101616
   2228.99   .101589
   2229.23   .101296
   2229.47   .101460
   2229.71   .102006
   2229.95   .101774
   2230.18   .101645
   2230.42   .101692
   2230.66   .101585
   2230.90   .101619
   2231.14   .101610
   2231.38   .101571
   2231.62   .101521
   2231.86   .101502
   2232.10   .101718
   2232.34   .101713
   2232.58   .101518
   2232.82   .101748
   2233.06   .101847
   2233.30   .101845
   2233.55   .101905
   2233.79   .101844
   2234.03   .102218
   2234.27   .102584
   2234.51   .102139
   2234.75   .101886
   2234.99   .102152
   2235.23   .102339
   2235.47   .102159
   2235.71   .102179
   2235.95   .102348
   2236.19   .102310
   2236.43   .102119
   2236.68   .102111
   2236.92   .102280
   2237.16   .102363
   2237.40   .102028
   2237.64   .101736
   2237.88   .101686
   2238.12   .102178
   2238.36   .102360
   2238.61   .102094
   2238.85   .101913
   2239.09   .102414
   2239.33   .102249
   2239.57   .102075
   2239.81   .102135
   2240.06   .102193
   2240.30   .102318
   2240.54   .102431
   2240.78   .102375
   2241.02   .102542
   2241.27   .102719
   2241.51   .102388
   2241.75   .102221
   2241.99   .102123
   2242.23   .102214
   2242.48   .102424
   2242.72   .102612
   2242.96   .102801
   2243.20   .102656
   2243.45   .102588
   2243.69   .102620
   2243.93   .102520
   2244.17   .102960
   2244.42   .103051
   2244.66   .102702
   2244.90   .102585
   2245.15   .102790
   2245.39   .102688
   2245.63   .102413
   2245.87   .102324
   2246.12   .102507
   2246.36   .102446
   2246.60   .102473
   2246.85   .102547
   2247.09   .102452
   2247.33   .102660
   2247.58   .102996
   2247.82   .102922
   2248.06   .102747
   2248.31   .102858
   2248.55   .102940
   2248.80   .103018
   2249.04   .103203
   2249.28   .102960
   2249.53   .102762
   2249.77   .102726
   2250.01   .103016
   2250.26   .103170
   2250.50   .102811
   2250.75   .102535
   2250.99   .102914
   2251.24   .102944
   2251.48   .102763
   2251.72   .103082
   2251.97   .103258
   2252.21   .103065
   2252.46   .103084
   2252.70   .103260
   2252.95   .103464
   2253.19   .103365
   2253.44   .103045
   2253.68   .103017
   2253.93   .102979
   2254.17   .103026
   2254.42   .103173
   2254.66   .103340
   2254.90   .103449
   2255.15   .103112
   2255.40   .102968
   2255.64   .103268
   2255.89   .103591
   2256.13   .103768
   2256.38   .103600
   2256.62   .103428
   2256.87   .103407
   2257.11   .103374
   2257.36   .103400
   2257.60   .102889
   2257.85   .103090
   2258.10   .103523
   2258.34   .103252
   2258.59   .103102
   2258.83   .103409
   2259.08   .103449
   2259.32   .103677
   2259.57   .103734
   2259.82   .103490
   2260.06   .103378
   2260.31   .103616
   2260.56   .103878
   2260.80   .103466
   2261.05   .103137
   2261.29   .103561
   2261.54   .103877
   2261.79   .103866
   2262.03   .104037
   2262.28   .104132
   2262.53   .104133
   2262.77   .103950
   2263.02   .103836
   2263.27   .103753
   2263.51   .103717
   2263.76   .103932
   2264.01   .103950
   2264.26   .103879
   2264.50   .103902
   2264.75   .103835
   2265.00   .103693
   2265.24   .103654
   2265.49   .103814
   2265.74   .103977
   2265.99   .103856
   2266.23   .103699
   2266.48   .103933
   2266.73   .104207
   2266.98   .104173
   2267.22   .103872
   2267.47   .103743
   2267.72   .103905
   2267.97   .104160
   2268.22   .104199
   2268.46   .104464
   2268.71   .104460
   2268.96   .104168
   2269.21   .104090
   2269.46   .104071
   2269.70   .103738
   2269.95   .103767
   2270.20   .104060
   2270.45   .104082
   2270.70   .103984
   2270.95   .104219
   2271.19   .104335
   2271.44   .104333
   2271.69   .104324
   2271.94   .104411
   2272.19   .104234
   2272.44   .104054
   2272.69   .104081
   2272.94   .104316
   2273.19   .104476
   2273.43   .104206
   2273.68   .104019
   2273.93   .104277
   2274.18   .104461
   2274.43   .104669
   2274.68   .104572
   2274.93   .104450
   2275.18   .104504
   2275.43   .104239
   2275.68   .104271
   2275.93   .104888
   2276.18   .104603
   2276.43   .103985
   2276.68   .104073
   2276.93   .104273
   2277.18   .104510
   2277.43   .104887
   2277.68   .104851
   2277.93   .104515
   2278.18   .104507
   2278.43   .104671
   2278.68   .104867
   2278.93   .104526
   2279.18   .104267
   2279.43   .104398
   2279.68   .104611
   2279.93   .104888
   2280.18   .105051
   2280.43   .105063
   2280.68   .104938
   2280.93   .104832
   2281.18   .104661
   2281.43   .104840
   2281.68   .104980
   2281.94   .104934
   2282.19   .105135
   2282.44   .105155
   2282.69   .104953
   2282.94   .105270
   2283.19   .105331
   2283.44   .104854
   2283.69   .104790
   2283.94   .104798
   2284.20   .104871
   2284.45   .104861
   2284.70   .104811
   2284.95   .104836
   2285.20   .105077
   2285.45   .105016
   2285.71   .104873
   2285.96   .105059
   2286.21   .105250
   2286.46   .105419
   2286.71   .105347
   2286.97   .105157
   2287.22   .105146
   2287.47   .105131
   2287.72   .105053
   2287.97   .105287
   2288.23   .105238
   2288.48   .104994
   2288.73   .105089
   2288.98   .105154
   2289.24   .105048
   2289.49   .105265
   2289.74   .105482
   2289.99   .105600
   2290.25   .105328
   2290.50   .105078
   2290.75   .105190
   2291.01   .105517
   2291.26   .105822
   2291.51   .105880
   2291.76   .105579
   2292.02   .105450
   2292.27   .105672
   2292.52   .105712
   2292.78   .105478
   2293.03   .105291
   2293.28   .105200
   2293.54   .105245
   2293.79   .105487
   2294.04   .105384
   2294.30   .105355
   2294.55   .105676
   2294.81   .105437
   2295.06   .105249
   2295.31   .105375
   2295.57   .105523
   2295.82   .105871
   2296.08   .105969
   2296.33   .105953
   2296.58   .105990
   2296.84   .105751
   2297.09   .105496
   2297.35   .105497
   2297.60   .105618
   2297.86   .106030
   2298.11   .106199
   2298.36   .105930
   2298.62   .105829
   2298.87   .105697
   2299.13   .105792
   2299.38   .105794
   2299.64   .105531
   2299.89   .105743
   2300.15   .106053
   2300.40   .106209
   2300.66   .106346
   2300.91   .106228
   2301.17   .105956
   2301.42   .105975
   2301.68   .105966
   2301.93   .105865
   2302.19   .106301
   2302.45   .106551
   2302.70   .106234
   2302.96   .105860
   2303.21   .106014
   2303.47   .106244
   2303.72   .106181
   2303.98   .106172
   2304.23   .106036
   2304.49   .105845
   2304.75   .105655
   2305.00   .105991
   2305.26   .106511
   2305.51   .106736
   2305.77   .106789
   2306.03   .106719
   2306.28   .106617
   2306.54   .106360
   2306.80   .106007
   2307.05   .106449
   2307.31   .106806
   2307.57   .106953
   2307.82   .106642
   2308.08   .106221
   2308.34   .106133
   2308.59   .106422
   2308.85   .106443
   2309.11   .106498
   2309.36   .106375
   2309.62   .106192
   2309.88   .106538
   2310.14   .106595
   2310.39   .106718
   2310.65   .106663
   2310.91   .106695
   2311.16   .106935
   2311.42   .106759
   2311.68   .106458
   2311.94   .106548
   2312.19   .106647
   2312.45   .106897
   2312.71   .106870
   2312.97   .106557
   2313.23   .106812
   2313.48   .107192
   2313.74   .107098
   2314.00   .106851
   2314.26   .106561
   2314.52   .106374
   2314.77   .106739
   2315.03   .107070
   2315.29   .107190
   2315.55   .107120
   2315.81   .107034
   2316.07   .107016
   2316.32   .107015
   2316.58   .106895
   2316.84   .106940
   2317.10   .107029
   2317.36   .107125
   2317.62   .106902
   2317.88   .106668
   2318.14   .106894
   2318.40   .107087
   2318.65   .107089
   2318.91   .106854
   2319.17   .106950
   2319.43   .107065
   2319.69   .107161
   2319.95   .107174
   2320.21   .107320
   2320.47   .107288
   2320.73   .107243
   2320.99   .107257
   2321.25   .106996
   2321.51   .106767
   2321.77   .106969
   2322.03   .107187
   2322.29   .107181
   2322.55   .107041
   2322.81   .107014
   2323.07   .107343
   2323.33   .107588
   2323.59   .107785
   2323.85   .107620
   2324.11   .107384
   2324.37   .107304
   2324.63   .107426
   2324.89   .107584
   2325.15   .107404
   2325.41   .107244
   2325.67   .107347
   2325.93   .107652
   2326.19   .107795
   2326.45   .107575
   2326.71   .107187
   2326.98   .107262
   2327.24   .107408
   2327.50   .107368
   2327.76   .107423
   2328.02   .107769
   2328.28   .107866
   2328.54   .107813
   2328.80   .107877
   2329.06   .107949
   2329.33   .108045
   2329.59   .107627
   2329.85   .107250
   2330.11   .107549
   2330.37   .107837
   2330.63   .107818
   2330.90   .107941
   2331.16   .108383
   2331.42   .108327
   2331.68   .107794
   2331.94   .107474
   2332.21   .107320
   2332.47   .107496
   2332.73   .107910
   2332.99   .108016
   2333.25   .107613
   2333.52   .107373
   2333.78   .107551
   2334.04   .107807
   2334.30   .107781
   2334.57   .107696
   2334.83   .107997
   2335.09   .108331
   2335.36   .108183
   2335.62   .107904
   2335.88   .107962
   2336.14   .108085
   2336.41   .107809
   2336.67   .107855
   2336.93   .108006
   2337.20   .108271
   2337.46   .108229
   2337.72   .108197
   2337.99   .108417
   2338.25   .108411
   2338.51   .108327
   2338.78   .108289
   2339.04   .108073
   2339.30   .108083
   2339.57   .108054
   2339.83   .108052
   2340.10   .107992
   2340.36   .108266
   2340.62   .108556
   2340.89   .108470
   2341.15   .108149
   2341.42   .108461
   2341.68   .108811
   2341.95   .108755
   2342.21   .108578
   2342.47   .108275
   2342.74   .108309
   2343.00   .108417
   2343.27   .108396
   2343.53   .108379
   2343.80   .108318
   2344.06   .108522
   2344.33   .108716
   2344.59   .108719
   2344.86   .108472
   2345.12   .108455
   2345.39   .108474
   2345.65   .108312
   2345.92   .108367
   2346.18   .108819
   2346.45   .108700
   2346.71   .108392
   2346.98   .108149
   2347.24   .108410
   2347.51   .108729
   2347.77   .108896
   2348.04   .108763
   2348.31   .108703
   2348.57   .109118
   2348.84   .109256
   2349.10   .108943
   2349.37   .108769
   2349.64   .108894
   2349.90   .108884
   2350.17   .108856
   2350.43   .108832
   2350.70   .108852
   2350.97   .109057
   2351.23   .109045
   2351.50   .108888
   2351.77   .108915
   2352.03   .108959
   2352.30   .109029
   2352.57   .109172
   2352.83   .109071
   2353.10   .109053
   2353.37   .109272
   2353.63   .109382
   2353.90   .109362
   2354.17   .109193
   2354.43   .109113
   2354.70   .109284
   2354.97   .109319
   2355.24   .109262
   2355.50   .109087
   2355.77   .109138
   2356.04   .109358
   2356.31   .109497
   2356.57   .109557
   2356.84   .109491
   2357.11   .109392
   2357.38   .109368
   2357.65   .109752
   2357.91   .109992
   2358.18   .109765
   2358.45   .109308
   2358.72   .109148
   2358.99   .109439
   2359.25   .109785
   2359.52   .109564
   2359.79   .109302
   2360.06   .109291
   2360.33   .109324
   2360.59   .109319
   2360.86   .109429
   2361.13   .109679
   2361.40   .109770
   2361.67   .109579
   2361.94   .109596
   2362.21   .109854
   2362.48   .109746
   2362.75   .109487
   2363.01   .109492
   2363.28   .109637
   2363.55   .109610
   2363.82   .109599
   2364.09   .109741
   2364.36   .109788
   2364.63   .109784
   2364.90   .109651
   2365.17   .109535
   2365.44   .109669
   2365.71   .109778
   2365.98   .109547
   2366.25   .109757
   2366.52   .110180
   2366.79   .110299
   2367.06   .110324
   2367.33   .110273
   2367.60   .109914
   2367.87   .110016
   2368.14   .110029
   2368.41   .109732
   2368.68   .109825
   2368.95   .110235
   2369.22   .110170
   2369.49   .110080
   2369.76   .110408
   2370.03   .110130
   2370.30   .109892
   2370.57   .110209
   2370.84   .110261
   2371.12   .110120
   2371.39   .110185
   2371.66   .110126
   2371.93   .110065
   2372.20   .110218
   2372.47   .110196
   2372.74   .110182
   2373.01   .110337
   2373.29   .110229
   2373.56   .110174
   2373.83   .110260
   2374.10   .110256
   2374.37   .110475
   2374.64   .110800
   2374.92   .110604
   2375.19   .110227
   2375.46   .110311
   2375.73   .110688
   2376.00   .110876
   2376.27   .110891
   2376.55   .110730
   2376.82   .110604
   2377.09   .110356
   2377.36   .110309
   2377.64   .110497
   2377.91   .110595
   2378.18   .110608
   2378.45   .110676
   2378.73   .110779
   2379.00   .110661
   2379.27   .110375
   2379.54   .110427
   2379.82   .110519
   2380.09   .110573
   2380.36   .110645
   2380.64   .110639
   2380.91   .110828
   2381.18   .110906
   2381.46   .110909
   2381.73   .110980
   2382.00   .110927
   2382.28   .110845
   2382.55   .110914
   2382.82   .110835
   2383.10   .110951
   2383.37   .110976
   2383.64   .110775
   2383.92   .110824
   2384.19   .110739
   2384.47   .110871
   2384.74   .110819
   2385.01   .110587
   2385.29   .110709
   2385.56   .110911
   2385.84   .110682
   2386.11   .110849
   2386.39   .111030
   2386.66   .110765
   2386.94   .110872
   2387.21   .111146
   2387.48   .111173
   2387.76   .111065
   2388.03   .110677
   2388.31   .110568
   2388.58   .110970
   2388.86   .111247
   2389.13   .111119
   2389.41   .111103
   2389.68   .111244
   2389.96   .111215
   2390.24   .111174
   2390.51   .111469
   2390.79   .111503
   2391.06   .111120
   2391.34   .111080
   2391.61   .111175
   2391.89   .111391
   2392.16   .111364
   2392.44   .111293
   2392.72   .111498
   2392.99   .111612
   2393.27   .111493
   2393.54   .111356
   2393.82   .111171
   2394.10   .111373
   2394.37   .111570
   2394.65   .111356
   2394.93   .111072
   2395.20   .111121
   2395.48   .111340
   2395.75   .111717
   2396.03   .111865
   2396.31   .111887
   2396.58   .111996
   2396.86   .111973
   2397.14   .111723
   2397.42   .111551
   2397.69   .111478
   2397.97   .111324
   2398.25   .111654
   2398.52   .111934
   2398.80   .111741
   2399.08   .111592
   2399.36   .111808
   2399.63   .111867
   2399.91   .111805
   2400.19   .111825
   2400.47   .111782
   2400.74   .112041
   2401.02   .112295
   2401.30   .112123
   2401.58   .111911
   2401.86   .111922
   2402.13   .112118
   2402.41   .111956
   2402.69   .111834
   2402.97   .111865
   2403.25   .111952
   2403.53   .112180
   2403.80   .112194
   2404.08   .112165
   2404.36   .111889
   2404.64   .112036
   2404.92   .112310
   2405.20   .112266
   2405.48   .112265
   2405.75   .112326
   2406.03   .112441
   2406.31   .112460
   2406.59   .112470
   2406.87   .112221
   2407.15   .112195
   2407.43   .112397
   2407.71   .112220
   2407.99   .111976
   2408.27   .112000
   2408.55   .112095
   2408.83   .112201
   2409.11   .112033
   2409.39   .112204
   2409.67   .112709
   2409.95   .112663
   2410.23   .112444
   2410.51   .112396
   2410.79   .112396
   2411.07   .112373
   2411.35   .112372
   2411.63   .112609
   2411.91   .112553
   2412.19   .112412
   2412.47   .112251
   2412.75   .112176
   2413.03   .112395
   2413.31   .112695
   2413.59   .112722
   2413.87   .112460
   2414.15   .112451
   2414.43   .112459
   2414.71   .112586
   2414.99   .112653
   2415.28   .112602
   2415.56   .112706
   2415.84   .112863
   2416.12   .112684
   2416.40   .112392
   2416.68   .112724
   2416.96   .112799
   2417.24   .112558
   2417.53   .112817
   2417.81   .112870
   2418.09   .112674
   2418.37   .112811
   2418.65   .113112
   2418.94   .113213
   2419.22   .113326
   2419.50   .113328
   2419.78   .113192
   2420.06   .112844
   2420.35   .112993
   2420.63   .113075
   2420.91   .113017
   2421.19   .112917
   2421.48   .112862
   2421.76   .112838
   2422.04   .112850
   2422.32   .112856
   2422.61   .113027
   2422.89   .113327
   2423.17   .113326
   2423.46   .113261
   2423.74   .113304
   2424.02   .113280
   2424.31   .113234
   2424.59   .113117
   2424.87   .113174
   2425.16   .113109
   2425.44   .113099
   2425.72   .113306
   2426.01   .113384
   2426.29   .113297
   2426.57   .113358
   2426.86   .113440
   2427.14   .113352
   2427.43   .113487
   2427.71   .113733
   2427.99   .113621
   2428.28   .113301
   2428.56   .113265
   2428.85   .113337
   2429.13   .113304
   2429.41   .113433
   2429.70   .113860
   2429.98   .113902
   2430.27   .113714
   2430.55   .113615
   2430.84   .113504
   2431.12   .113446
   2431.41   .113487
   2431.69   .113683
   2431.98   .113613
   2432.26   .113637
   2432.55   .113878
   2432.83   .113905
   2433.12   .113922
   2433.40   .113976
   2433.69   .113878
   2433.97   .113908
   2434.26   .113995
   2434.54   .114031
   2434.83   .113941
   2435.12   .113844
   2435.40   .113817
   2435.69   .113809
   2435.97   .113507
   2436.26   .113549
   2436.55   .113858
   2436.83   .114035
   2437.12   .114159
   2437.41   .114200
   2437.69   .114106
   2437.98   .114187
   2438.26   .114417
   2438.55   .114226
   2438.84   .114001
   2439.12   .113861
   2439.41   .114030
   2439.70   .114461
   2439.98   .114379
   2440.27   .114164
   2440.56   .114038
   2440.85   .114040
   2441.13   .113995
   2441.42   .114015
   2441.71   .114085
   2442.00   .114253
   2442.28   .114643
   2442.57   .114419
   2442.86   .113923
   2443.15   .114156
   2443.43   .114263
   2443.72   .114165
   2444.01   .114287
   2444.30   .114197
   2444.59   .114166
   2444.87   .114251
   2445.16   .114518
   2445.45   .114512
   2445.74   .114686
   2446.03   .114759
   2446.32   .114542
   2446.60   .114594
   2446.89   .114633
   2447.18   .114408
   2447.47   .114366
   2447.76   .114675
   2448.05   .114827
   2448.34   .114812
   2448.63   .115132
   2448.92   .114980
   2449.20   .114798
   2449.49   .114648
   2449.78   .114500
   2450.07   .114486
   2450.36   .114325
   2450.65   .114595
   2450.94   .115047
   2451.23   .114866
   2451.52   .114651
   2451.81   .114776
   2452.10   .115011
   2452.39   .115013
   2452.68   .115077
   2452.97   .115107
   2453.26   .114966
   2453.55   .114855
   2453.84   .114903
   2454.13   .115058
   2454.42   .115194
   2454.71   .115053
   2455.00   .115049
   2455.29   .115069
   2455.58   .114859
   2455.88   .114945
   2456.17   .115379
   2456.46   .115345
   2456.75   .114993
   2457.04   .114985
   2457.33   .115102
   2457.62   .115179
   2457.91   .115384
   2458.20   .115338
   2458.50   .115082
   2458.79   .115143
   2459.08   .115357
   2459.37   .115301
   2459.66   .115213
   2459.95   .115409
   2460.25   .115536
   2460.54   .115188
   2460.83   .114904
   2461.12   .114983
   2461.41   .115065
   2461.71   .115098
   2462.00   .115394
   2462.29   .115468
   2462.58   .115160
   2462.88   .115158
   2463.17   .115328
   2463.46   .115358
   2463.75   .115270
   2464.05   .115425
   2464.34   .115562
   2464.63   .115560
   2464.92   .115725
   2465.22   .115636
   2465.51   .115540
   2465.80   .115590
   2466.10   .115623
   2466.39   .115648
   2466.68   .115968
   2466.98   .116002
   2467.27   .115565
   2467.56   .115539
   2467.86   .115661
   2468.15   .115635
   2468.44   .115633
   2468.74   .115728
   2469.03   .115736
   2469.33   .115555
   2469.62   .115781
   2469.91   .115916
   2470.21   .115856
   2470.50   .115874
   2470.80   .116016
   2471.09   .116015
   2471.39   .116028
   2471.68   .116117
   2471.98   .116106
   2472.27   .115911
   2472.56   .116004
   2472.86   .115951
   2473.15   .115896
   2473.45   .116012
   2473.74   .116100
   2474.04   .115920
   2474.33   .115853
   2474.63   .115973
   2474.93   .115789
   2475.22   .115584
   2475.52   .115782
   2475.81   .116064
   2476.11   .116355
   2476.40   .116298
   2476.70   .116378
   2476.99   .116428
   2477.29   .116181
   2477.59   .116084
   2477.88   .116030
   2478.18   .116129
   2478.47   .116301
   2478.77   .116321
   2479.07   .116393
   2479.36   .116496
   2479.66   .116667
   2479.96   .116420
   2480.25   .116247
   2480.55   .116366
   2480.85   .116452
   2481.14   .116542
   2481.44   .116399
   2481.74   .116446
   2482.03   .116639
   2482.33   .116565
   2482.63   .116602
   2482.93   .116511
   2483.22   .116379
   2483.52   .116239
   2483.82   .116282
   2484.11   .116309
   2484.41   .116543
   2484.71   .116687
   2485.01   .116633
   2485.31   .116689
   2485.60   .116536
   2485.90   .116693
   2486.20   .116861
   2486.50   .116871
   2486.80   .116874
   2487.09   .116678
   2487.39   .116649
   2487.69   .117045
   2487.99   .117064
   2488.29   .116768
   2488.59   .116777
   2488.89   .116704
   2489.18   .116603
   2489.48   .116728
   2489.78   .116740
   2490.08   .116830
   2490.38   .116996
   2490.68   .116888
   2490.98   .116810
   2491.28   .116957
   2491.58   .117023
   2491.88   .117102
   2492.17   .117160
   2492.47   .117064
   2492.77   .116930
   2493.07   .116980
   2493.37   .116898
   2493.67   .116957
   2493.97   .117214
   2494.27   .117137
   2494.57   .116948
   2494.87   .117022
   2495.17   .117055
   2495.47   .117189
   2495.77   .117281
   2496.07   .117094
   2496.37   .117073
   2496.68   .117121
   2496.98   .117309
   2497.28   .117418
   2497.58   .117193
   2497.88   .117283
   2498.18   .117443
   2498.48   .117422
   2498.78   .117558
   2499.08   .117396
   2499.38   .117193
   2499.68   .117423
   2499.99   .117573
   2500.29   .117397
   2500.59   .117366
   2500.89   .117422
   2501.19   .117397
   2501.49   .117315
   2501.79   .117244
   2502.10   .117459
   2502.40   .117653
   2502.70   .117464
   2503.00   .117433
   2503.30   .117772
   2503.61   .118036
   2503.91   .117910
   2504.21   .117699
   2504.51   .117702
   2504.82   .117472
   2505.12   .117431
   2505.42   .117560
   2505.72   .117629
   2506.03   .117759
   2506.33   .117890
   2506.63   .117690
   2506.94   .117439
   2507.24   .117837
   2507.54   .118047
   2507.85   .117938
   2508.15   .117868
   2508.45   .118054
   2508.76   .118111
   2509.06   .118007
   2509.36   .117804
   2509.67   .117754
   2509.97   .117840
   2510.27   .117764
   2510.58   .117803
   2510.88   .117993
   2511.19   .118083
   2511.49   .117992
   2511.79   .117960
   2512.10   .117966
   2512.40   .117974
   2512.71   .117939
   2513.01   .118022
   2513.32   .118248
   2513.62   .118371
   2513.92   .118200
   2514.23   .118143
   2514.53   .118107
   2514.84   .118087
   2515.14   .118159
   2515.45   .118308
   2515.76   .118332
   2516.06   .118308
   2516.37   .118110
   2516.67   .118175
   2516.98   .118296
   2517.28   .118299
   2517.59   .118138
   2517.89   .118357
   2518.20   .118344
   2518.50   .118200
   2518.81   .118160
   2519.12   .118051
   2519.42   .118148
   2519.73   .118235
   2520.03   .118516
   2520.34   .118602
   2520.65   .118617
   2520.95   .118596
   2521.26   .118482
   2521.57   .118518
   2521.87   .118755
   2522.18   .118484
   2522.49   .118329
   2522.79   .118477
   2523.10   .118646
   2523.41   .118724
   2523.71   .118460
   2524.02   .118444
   2524.33   .118671
   2524.64   .118729
   2524.94   .118609
   2525.25   .118654
   2525.56   .118688
   2525.87   .118777
   2526.17   .118895
   2526.48   .118782
   2526.79   .118678
   2527.10   .118620
   2527.41   .118700
   2527.71   .118858
   2528.02   .119005
   2528.33   .119080
   2528.64   .119030
   2528.95   .119006
   2529.25   .118910
   2529.56   .119031
   2529.87   .119140
   2530.18   .118891
   2530.49   .118706
   2530.80   .118865
   2531.11   .119136
   2531.42   .118998
   2531.72   .118865
   2532.03   .118940
   2532.34   .118958
   2532.65   .118894
   2532.96   .118999
   2533.27   .119132
   2533.58   .119188
   2533.89   .119188
   2534.20   .119025
   2534.51   .119198
   2534.82   .119545
   2535.13   .119341
   2535.44   .119273
   2535.75   .119536
   2536.06   .119533
   2536.37   .119352
   2536.68   .119300
   2536.99   .119411
   2537.30   .119423
   2537.61   .119342
   2537.92   .119369
   2538.23   .119600
   2538.54   .119707
   2538.85   .119627
   2539.16   .119499
   2539.47   .119427
   2539.79   .119494
   2540.10   .119544
   2540.41   .119455
   2540.72   .119312
   2541.03   .119364
   2541.34   .119482
   2541.65   .119486
   2541.96   .119543
   2542.28   .119452
   2542.59   .119400
   2542.90   .119650
   2543.21   .119775
   2543.52   .119749
   2543.84   .119664
   2544.15   .119679
   2544.46   .119836
   2544.77   .119712
   2545.08   .119786
   2545.40   .119861
   2545.71   .119635
   2546.02   .119590
   2546.33   .119844
   2546.65   .120105
   2546.96   .120063
   2547.27   .119980
   2547.59   .119848
   2547.90   .119834
   2548.21   .119828
   2548.52   .119911
   2548.84   .119951
   2549.15   .119965
   2549.46   .120149
   2549.78   .120168
   2550.09   .119929
   2550.40   .119615
   2550.72   .119592
   2551.03   .119826
   2551.35   .119949
   2551.66   .119823
   2551.97   .119957
   2552.29   .120152
   2552.60   .120113
   2552.92   .120179
   2553.23   .120121
   2553.55   .120059
   2553.86   .120086
   2554.17   .120018
   2554.49   .119815
   2554.80   .119826
   2555.12   .120096
   2555.43   .120307
   2555.75   .120341
   2556.06   .120524
   2556.38   .120510
   2556.69   .120257
   2557.01   .120101
   2557.32   .120166
   2557.64   .120235
   2557.95   .120353
   2558.27   .120413
   2558.59   .120435
   2558.90   .120352
   2559.22   .120151
   2559.53   .120112
   2559.85   .120479
   2560.16   .120618
   2560.48   .120384
   2560.80   .120296
   2561.11   .120376
   2561.43   .120633
   2561.75   .120541
   2562.06   .120387
   2562.38   .120534
   2562.70   .120586
   2563.01   .120525
   2563.33   .120651
   2563.65   .120939
   2563.96   .120951
   2564.28   .120591
   2564.60   .120336
   2564.91   .120559
   2565.23   .120583
   2565.55   .120670
   2565.87   .120848
   2566.18   .120800
   2566.50   .120620
   2566.82   .120709
   2567.14   .120892
   2567.45   .120911
   2567.77   .120812
   2568.09   .120609
   2568.41   .120661
   2568.73   .120811
   2569.04   .120894
   2569.36   .120987
   2569.68   .120961
   2570.00   .120873
   2570.32   .120830
   2570.64   .120768
   2570.96   .120920
   2571.27   .121131
   2571.59   .120980
   2571.91   .120926
   2572.23   .120968
   2572.55   .121006
   2572.87   .120926
   2573.19   .120838
   2573.51   .121014
   2573.83   .121064
   2574.15   .121184
   2574.47   .121226
   2574.79   .121092
   2575.11   .121094
   2575.43   .120985
   2575.75   .120973
   2576.06   .121233
   2576.39   .121349
   2576.71   .121230
   2577.03   .121100
   2577.35   .121151
   2577.67   .121296
   2577.99   .121309
   2578.31   .121353
   2578.63   .121305
   2578.95   .121197
   2579.27   .121506
   2579.59   .121434
   2579.91   .121146
   2580.23   .121332
   2580.55   .121559
   2580.87   .121548
   2581.19   .121397
   2581.52   .121477
   2581.84   .121564
   2582.16   .121625
   2582.48   .121631
   2582.80   .121473
   2583.12   .121440
   2583.45   .121560
   2583.77   .121578
   2584.09   .121501
   2584.41   .121435
   2584.73   .121574
   2585.06   .121867
   2585.38   .122024
   2585.70   .122155
   2586.02   .122027
   2586.34   .121761
   2586.67   .121651
   2586.99   .121610
   2587.31   .121757
   2587.64   .121797
   2587.96   .121696
   2588.28   .121911
   2588.60   .122079
   2588.93   .122075
   2589.25   .121997
   2589.57   .121996
   2589.90   .121937
   2590.22   .121859
   2590.54   .121958
   2590.87   .122219
   2591.19   .122189
   2591.52   .122081
   2591.84   .122202
   2592.16   .122198
   2592.49   .122153
   2592.81   .122184
   2593.14   .122084
   2593.46   .121943
   2593.78   .122048
   2594.11   .122015
   2594.43   .121862
   2594.76   .121882
   2595.08   .121902
   2595.41   .121993
   2595.73   .122208
   2596.06   .122279
   2596.38   .122404
   2596.71   .122398
   2597.03   .122197
   2597.36   .122102
   2597.68   .122183
   2598.01   .122256
   2598.33   .122594
   2598.66   .122625
   2598.99   .122422
   2599.31   .122473
   2599.64   .122564
   2599.96   .122703
   2600.29   .122745
   2600.62   .122363
   2600.94   .122289
   2601.27   .122577
   2601.59   .122659
   2601.92   .122655
   2602.25   .122745
   2602.57   .122653
   2602.90   .122523
   2603.23   .122565
   2603.55   .122591
   2603.88   .122658
   2604.21   .122518
   2604.53   .122407
   2604.86   .122445
   2605.19   .122537
   2605.52   .122579
   2605.84   .122603
   2606.17   .122667
   2606.50   .122569
   2606.83   .122516
   2607.15   .122566
   2607.48   .122707
   2607.81   .122794
   2608.14   .122643
   2608.47   .122765
   2608.79   .122957
   2609.12   .122796
   2609.45   .122820
   2609.78   .122864
   2610.11   .122885
   2610.44   .122796
   2610.76   .122864
   2611.09   .122924
   2611.42   .122907
   2611.75   .123015
   2612.08   .123027
   2612.41   .122965
   2612.74   .122944
   2613.07   .122816
   2613.40   .122855
   2613.72   .122910
   2614.05   .122909
   2614.38   .123149
   2614.71   .123297
   2615.04   .123032
   2615.37   .122982
   2615.70   .122949
   2616.03   .122933
   2616.36   .122981
   2616.69   .123055
   2617.02   .123120
   2617.35   .123272
   2617.68   .123209
   2618.01   .123202
   2618.34   .123672
   2618.68   .123565
   2619.01   .123260
   2619.34   .123265
   2619.67   .123251
   2620.00   .123314
   2620.33   .123534
   2620.66   .123516
   2620.99   .123209
   2621.32   .123213
   2621.65   .123488
   2621.99   .123539
   2622.32   .123482
   2622.65   .123394
   2622.98   .123301
   2623.31   .123385
   2623.64   .123405
   2623.98   .123527
   2624.31   .123430
   2624.64   .123331
   2624.97   .123537
   2625.30   .123646
   2625.64   .123673
   2625.97   .123626
   2626.30   .123426
   2626.63   .123437
   2626.97   .123690
   2627.30   .123787
   2627.63   .123544
   2627.97   .123390
   2628.30   .123606
   2628.63   .123719
   2628.97   .123642
   2629.30   .123721
   2629.63   .123665
   2629.97   .123739
   2630.30   .123836
   2630.63   .123666
   2630.97   .123659
   2631.30   .123650
   2631.63   .123616
   2631.97   .123634
   2632.30   .123753
   2632.64   .123864
   2632.97   .123964
   2633.31   .123902
   2633.64   .123657
   2633.97   .123650
   2634.31   .123780
   2634.64   .123755
   2634.98   .123763
   2635.31   .123981
   2635.65   .124192
   2635.98   .124095
   2636.32   .123994
   2636.65   .124077
   2636.99   .124152
   2637.32   .124087
   2637.66   .124016
   2637.99   .123981
   2638.33   .123913
   2638.67   .123782
   2639.00   .123840
   2639.34   .123897
   2639.67   .123913
   2640.01   .124087
   2640.35   .124003
   2640.68   .123832
   2641.02   .123971
   2641.35   .124235
   2641.69   .124225
   2642.03   .124233
   2642.36   .124209
   2642.70   .124098
   2643.04   .124283
   2643.37   .124416
   2643.71   .124174
   2644.05   .124097
   2644.39   .124266
   2644.72   .124278
   2645.06   .124160
   2645.40   .124093
   2645.73   .124188
   2646.07   .124223
   2646.41   .124171
   2646.75   .124205
   2647.09   .124433
   2647.42   .124448
   2647.76   .124272
   2648.10   .124210
   2648.44   .124297
   2648.78   .124391
   2649.11   .124334
   2649.45   .124389
   2649.79   .124567
   2650.13   .124720
   2650.47   .124760
   2650.81   .124590
   2651.15   .124516
   2651.49   .124607
   2651.82   .124502
   2652.16   .124462
   2652.50   .124341
   2652.84   .124225
   2653.18   .124322
   2653.52   .124560
   2653.86   .124687
   2654.20   .124593
   2654.54   .124659
   2654.88   .124649
   2655.22   .124581
   2655.56   .124568
   2655.90   .124446
   2656.24   .124539
   2656.58   .124562
   2656.92   .124683
   2657.26   .124634
   2657.60   .124589
   2657.94   .124799
   2658.28   .124832
   2658.62   .124760
   2658.96   .124808
   2659.30   .124786
   2659.65   .124694
   2659.99   .124689
   2660.33   .124702
   2660.67   .124607
   2661.01   .124555
   2661.35   .124586
   2661.69   .124663
   2662.04   .124783
   2662.38   .124787
   2662.72   .124863
   2663.06   .125004
   2663.40   .124825
   2663.75   .124963
   2664.09   .124902
   2664.43   .124851
   2664.77   .124797
   2665.11   .124788
   2665.46   .124789
   2665.80   .124852
   2666.14   .124975
   2666.49   .124964
   2666.83   .124959
   2667.17   .125069
   2667.51   .125025
   2667.86   .125040
   2668.20   .124996
   2668.54   .124849
   2668.89   .124928
   2669.23   .125110
   2669.57   .125116
   2669.92   .125178
   2670.26   .124964
   2670.61   .124742
   2670.95   .124932
   2671.29   .125066
   2671.64   .125058
   2671.98   .124884
   2672.33   .124776
   2672.67   .124836
   2673.01   .124925
   2673.36   .125108
   2673.70   .125213
   2674.05   .125337
   2674.39   .125153
   2674.74   .125159
   2675.08   .125369
   2675.43   .125119
   2675.77   .124900
   2676.12   .125053
   2676.46   .125024
   2676.81   .124929
   2677.16   .124912
   2677.50   .124998
   2677.85   .125180
   2678.19   .125226
   2678.54   .125427
   2678.88   .125400
   2679.23   .125059
   2679.58   .125087
   2679.92   .125257
   2680.27   .125315
   2680.62   .125363
   2680.96   .125325
   2681.31   .125448
   2681.66   .125403
   2682.00   .125068
   2682.35   .125028
   2682.70   .125022
   2683.04   .125251
   2683.39   .125372
   2683.74   .125307
   2684.08   .125312
   2684.43   .125375
   2684.78   .125332
   2685.13   .125247
   2685.48   .125092
   2685.82   .125133
   2686.17   .125293
   2686.52   .125215
   2686.87   .124976
   2687.21   .125015
   2687.56   .125172
   2687.91   .125232
   2688.26   .125215
   2688.61   .125252
   2688.96   .125205
   2689.31   .125072
   2689.65   .125142
   2690.00   .125251
   2690.35   .125203
   2690.70   .125201
   2691.05   .125153
   2691.40   .124897
   2691.75   .125027
   2692.10   .125028
   2692.45   .124940
   2692.80   .125111
   2693.15   .125175
   2693.50   .125071
   2693.85   .124904
   2694.20   .125018
   2694.55   .125277
   2694.90   .125329
   2695.25   .125196
   2695.60   .124997
   2695.95   .124942
   2696.30   .125073
   2696.65   .125230
   2697.00   .125028
   2697.35   .124954
   2697.70   .125197
   2698.05   .125192
   2698.40   .125079
   2698.75   .125060
   2699.11   .125104
   2699.46   .125207
   2699.81   .125159
   2700.16   .125047
   2700.51   .125012
   2700.86   .124963
   2701.22   .125047
   2701.57   .125042
   2701.92   .124844
   2702.27   .124725
   2702.62   .125018
   2702.98   .125261
   2703.33   .125040
   2703.68   .124838
   2704.03   .124771
   2704.39   .124787
   2704.74   .124918
   2705.09   .124989
   2705.44   .125028
   2705.80   .124920
   2706.15   .124849
   2706.50   .124757
   2706.86   .124728
   2707.21   .124784
   2707.56   .124791
   2707.92   .124717
   2708.27   .124551
   2708.62   .124583
   2708.98   .124720
   2709.33   .124735
   2709.69   .124688
   2710.04   .124671
   2710.39   .124665
   2710.75   .124466
   2711.10   .124230
   2711.46   .124371
   2711.81   .124328
   2712.17   .123998
   2712.52   .124040
   2712.88   .124210
   2713.23   .124336
   2713.59   .124488
   2713.94   .124509
   2714.30   .124319
   2714.65   .124073
   2715.01   .124249
   2715.36   .124417
   2715.72   .124318
   2716.07   .124062
   2716.43   .124029
   2716.78   .124003
   2717.14   .124079
   2717.50   .124175
   2717.85   .124105
   2718.21   .124160
   2718.57   .124143
   2718.92   .124104
   2719.28   .124253
   2719.63   .124273
   2719.99   .124008
   2720.35   .123941
   2720.70   .124069
   2721.06   .124076
   2721.42   .123855
   2721.78   .123680
   2722.13   .123716
   2722.49   .123599
   2722.85   .123485
   2723.21   .123529
   2723.56   .123687
   2723.92   .123591
   2724.28   .123454
   2724.64   .123568
   2724.99   .123522
   2725.35   .123444
   2725.71   .123301
   2726.07   .123159
   2726.43   .123190
   2726.79   .123260
   2727.15   .123302
   2727.50   .123418
   2727.86   .123256
   2728.22   .123257
   2728.58   .123294
   2728.94   .123294
   2729.30   .123354
   2729.66   .123244
   2730.02   .123117
   2730.38   .122891
   2730.74   .122867
   2731.10   .122935
   2731.46   .122658
   2731.81   .122527
   2732.17   .122853
   2732.53   .122839
   2732.89   .122857
   2733.26   .122853
   2733.62   .122682
   2733.98   .122610
   2734.34   .122749
   2734.70   .122735
   2735.06   .122606
   2735.42   .122599
   2735.78   .122507
   2736.14   .122378
   2736.50   .122285
   2736.86   .122357
   2737.22   .122285
   2737.58   .122283
   2737.95   .122276
   2738.31   .122122
   2738.67   .122054
   2739.03   .122122
   2739.39   .122414
   2739.75   .122324
   2740.12   .122024
   2740.48   .122005
   2740.84   .122047
   2741.20   .121982
   2741.57   .121857
   2741.93   .121743
   2742.29   .121725
   2742.65   .121806
   2743.02   .121725
   2743.38   .121668
   2743.74   .121587
   2744.10   .121455
   2744.47   .121497
   2744.83   .121572
   2745.19   .121535
   2745.56   .121504
   2745.92   .121405
   2746.28   .121323
   2746.65   .121116
   2747.01   .121144
   2747.38   .121258
   2747.74   .121207
   2748.10   .121221
   2748.47   .121289
   2748.83   .121271
   2749.20   .121094
   2749.56   .120981
   2749.93   .120870
   2750.29   .120647
   2750.66   .120473
   2751.02   .120525
   2751.39   .120577
   2751.75   .120538
   2752.12   .120511
   2752.48   .120558
   2752.85   .120670
   2753.21   .120410
   2753.58   .120293
   2753.94   .120438
   2754.31   .120204
   2754.67   .119873
   2755.04   .119757
   2755.41   .119825
   2755.77   .119930
   2756.14   .119899
   2756.50   .119988
   2756.87   .119997
   2757.24   .120060
   2757.60   .119965
   2757.97   .119985
   2758.34   .119903
   2758.71   .119767
   2759.07   .119718
   2759.44   .119580
   2759.81   .119327
   2760.17   .119173
   2760.54   .119399
   2760.91   .119432
   2761.28   .119255
   2761.64   .119473
   2762.01   .119479
   2762.38   .119319
   2762.75   .119188
   2763.12   .119166
   2763.48   .119228
   2763.85   .119113
   2764.22   .119090
   2764.59   .119132
   2764.96   .119222
   2765.33   .119077
   2765.70   .118907
   2766.06   .118782
   2766.43   .118654
   2766.80   .118526
   2767.17   .118425
   2767.54   .118456
   2767.91   .118497
   2768.28   .118354
   2768.65   .118295
   2769.02   .118489
   2769.39   .118607
   2769.76   .118615
   2770.13   .118517
   2770.50   .118278
   2770.87   .118183
   2771.24   .118077
   2771.61   .118037
   2771.98   .118287
   2772.35   .118294
   2772.72   .118202
   2773.09   .118248
   2773.46   .117985
   2773.83   .117965
   2774.20   .117974
   2774.57   .117803
   2774.95   .117787
   2775.32   .117737
   2775.69   .117831
   2776.06   .117696
   2776.43   .117523
   2776.80   .117474
   2777.18   .117540
   2777.55   .117621
   2777.92   .117597
   2778.29   .117600
   2778.66   .117570
   2779.04   .117291
   2779.41   .117263
   2779.78   .117431
   2780.15   .117468
   2780.53   .117331
   2780.90   .117303
   2781.27   .117199
   2781.65   .116965
   2782.02   .116987
   2782.39   .117033
   2782.77   .117043
   2783.14   .116984
   2783.51   .116916
   2783.89   .116852
   2784.26   .116864
   2784.63   .116796
   2785.01   .116777
   2785.38   .116834
   2785.76   .116659
   2786.13   .116604
   2786.50   .116535
   2786.88   .116563
   2787.25   .116596
   2787.63   .116599
   2788.00   .116531
   2788.38   .116369
   2788.75   .116286
   2789.13   .116376
   2789.50   .116478
   2789.88   .116405
   2790.25   .116413
   2790.63   .116299
   2791.00   .116271
   2791.38   .116293
   2791.76   .116179
   2792.13   .116189
   2792.51   .116178
   2792.88   .116150
   2793.26   .116035
   2793.64   .115902
   2794.01   .115803
   2794.39   .115859
   2794.77   .116026
   2795.14   .116015
   2795.52   .115903
   2795.90   .115938
   2796.27   .116001
   2796.65   .116134
   2797.03   .116127
   2797.40   .115962
   2797.78   .115904
   2798.16   .115764
   2798.54   .115776
   2798.91   .115745
   2799.29   .115869
   2799.67   .115900
   2800.05   .115579
   2800.43   .115585
   2800.80   .115594
   2801.18   .115453
   2801.56   .115569
   2801.94   .115729
   2802.32   .115518
   2802.70   .115300
   2803.08   .115312
   2803.45   .115415
   2803.83   .115390
   2804.21   .115224
   2804.59   .115156
   2804.97   .115216
   2805.35   .115177
   2805.73   .115115
   2806.11   .115313
   2806.49   .115377
   2806.87   .115330
   2807.25   .115370
   2807.63   .115334
   2808.01   .115089
   2808.39   .114984
   2808.77   .115202
   2809.15   .115342
   2809.53   .115288
   2809.91   .115183
   2810.29   .114910
   2810.67   .114924
   2811.05   .115153
   2811.44   .115254
   2811.82   .115304
   2812.20   .115262
   2812.58   .115204
   2812.96   .115139
   2813.34   .115009
   2813.72   .114973
   2814.11   .114872
   2814.49   .114794
   2814.87   .114845
   2815.25   .114897
   2815.63   .114884
   2816.02   .114802
   2816.40   .114948
   2816.78   .114996
   2817.16   .114893
   2817.55   .114806
   2817.93   .114735
   2818.31   .114770
   2818.70   .114854
   2819.08   .114786
   2819.46   .114744
   2819.84   .114728
   2820.23   .114731
   2820.61   .114672
   2821.00   .114772
   2821.38   .114833
   2821.76   .114841
   2822.15   .114771
   2822.53   .114832
   2822.92   .114707
   2823.30   .114504
   2823.68   .114486
   2824.07   .114415
   2824.45   .114599
   2824.84   .114735
   2825.22   .114560
   2825.61   .114476
   2825.99   .114506
   2826.38   .114523
   2826.76   .114537
   2827.15   .114508
   2827.53   .114421
   2827.92   .114458
   2828.31   .114451
   2828.69   .114422
   2829.08   .114291
   2829.46   .114251
   2829.85   .114332
   2830.24   .114371
   2830.62   .114397
   2831.01   .114259
   2831.39   .114130
   2831.78   .114260
   2832.17   .114203
   2832.55   .114107
   2832.94   .114343
   2833.33   .114491
   2833.72   .114410
   2834.10   .114296
   2834.49   .114292
   2834.88   .114285
   2835.27   .114218
   2835.65   .114266
   2836.04   .114402
   2836.43   .114581
   2836.82   .114587
   2837.20   .114520
   2837.59   .114507
   2837.98   .114480
   2838.37   .114374
   2838.76   .114299
   2839.15   .114156
   2839.54   .114298
   2839.92   .114464
   2840.31   .114333
   2840.70   .114229
   2841.09   .114180
   2841.48   .114273
   2841.87   .114313
   2842.26   .114251
   2842.65   .114288
   2843.04   .114204
   2843.43   .114128
   2843.82   .114187
   2844.21   .114336
   2844.60   .114277
   2844.99   .114040
   2845.38   .114056
   2845.77   .114176
   2846.16   .114051
   2846.55   .114027
   2846.94   .114151
   2847.33   .114163
   2847.72   .114116
   2848.11   .114070
   2848.51   .114018
   2848.90   .114084
   2849.29   .114226
   2849.68   .114189
   2850.07   .114116
   2850.46   .114193
   2850.85   .114135
   2851.25   .114072
   2851.64   .114175
   2852.03   .114184
   2852.42   .113971
   2852.82   .113942
   2853.21   .114035
   2853.60   .114016
   2853.99   .113979
   2854.39   .114133
   2854.78   .114174
   2855.17   .113995
   2855.56   .113906
   2855.96   .113980
   2856.35   .113984
   2856.74   .113955
   2857.14   .114027
   2857.53   .114054
   2857.93   .113843
   2858.32   .113965
   2858.71   .114089
   2859.11   .113983
   2859.50   .113954
   2859.90   .114054
   2860.29   .114088
   2860.69   .114048
   2861.08   .113920
   2861.48   .113952
   2861.87   .113992
   2862.27   .114003
   2862.66   .113966
   2863.06   .114077
   2863.45   .114120
   2863.85   .114015
   2864.24   .113935
   2864.64   .113866
   2865.03   .113917
   2865.43   .114023
   2865.82   .114123
   2866.22   .114033
   2866.62   .113990
   2867.01   .114014
   2867.41   .113938
   2867.81   .113960
   2868.20   .114014
   2868.60   .113994
   2869.00   .113897
   2869.39   .113985
   2869.79   .114090
   2870.19   .113970
   2870.58   .113787
   2870.98   .113896
   2871.38   .113999
   2871.78   .113849
   2872.17   .113794
   2872.57   .113882
   2872.97   .113918
   2873.37   .113884
   2873.77   .113973
   2874.17   .113916
   2874.56   .113717
   2874.96   .113800
   2875.36   .114041
   2875.76   .114055
   2876.16   .113954
   2876.56   .113860
   2876.96   .113864
   2877.35   .113820
   2877.75   .113783
   2878.15   .113813
   2878.55   .113884
   2878.95   .113849
   2879.35   .113848
   2879.75   .114076
   2880.15   .114017
   2880.55   .113930
   2880.95   .114041
   2881.35   .113981
   2881.75   .113848
   2882.15   .113833
   2882.55   .113828
   2882.95   .113862
   2883.36   .113962
   2883.76   .114029
   2884.16   .113983
   2884.56   .113842
   2884.96   .113754
   2885.36   .113888
   2885.76   .113829
   2886.16   .113738
   2886.57   .113756
   2886.97   .113817
   2887.37   .113817
   2887.77   .113736
   2888.17   .113786
   2888.58   .113864
   2888.98   .113820
   2889.38   .113974
   2889.78   .113993
   2890.19   .113843
   2890.59   .113812
   2890.99   .113783
   2891.40   .113691
   2891.80   .113607
   2892.20   .113791
   2892.60   .113866
   2893.01   .113835
   2893.41   .114056
   2893.82   .114122
   2894.22   .113903
   2894.62   .113835
   2895.03   .113847
   2895.43   .113821
   2895.84   .113882
   2896.24   .113735
   2896.64   .113675
   2897.05   .113858
   2897.46   .113860
   2897.86   .113798
   2898.26   .113814
   2898.67   .113851
   2899.08   .114016
   2899.48   .114043
   2899.89   .113930
   2900.29   .113923
   2900.70   .113954
   2901.10   .113841
   2901.51   .113777
   2901.91   .113883
   2902.32   .113950
   2902.73   .114003
   2903.13   .114147
   2903.54   .114300
   2903.95   .114080
   2904.35   .113833
   2904.76   .113724
   2905.17   .113801
   2905.57   .113841
   2905.98   .113904
   2906.39   .113889
   2906.80   .113807
   2907.20   .113891
   2907.61   .113993
   2908.02   .114001
   2908.43   .113902
   2908.83   .113967
   2909.24   .114105
   2909.65   .114112
   2910.06   .114193
   2910.47   .114189
   2910.88   .114162
   2911.28   .114044
   2911.69   .113993
   2912.10   .114148
   2912.51   .114185
   2912.92   .114121
   2913.33   .114131
   2913.74   .114043
   2914.15   .113970
   2914.56   .114099
   2914.97   .113974
   2915.38   .113949
   2915.79   .114070
   2916.20   .114105
   2916.61   .114083
   2917.02   .114052
   2917.43   .113832
   2917.84   .113697
   2918.25   .113813
   2918.66   .114061
   2919.07   .114180
   2919.48   .114153
   2919.89   .114017
   2920.30   .114102
   2920.71   .114138
   2921.12   .114115
   2921.54   .114065
   2921.95   .114082
   2922.36   .114240
   2922.77   .114196
   2923.18   .114037
   2923.60   .114171
   2924.01   .114298
   2924.42   .114252
   2924.83   .114204
   2925.24   .114212
   2925.66   .114223
   2926.07   .114239
   2926.48   .114414
   2926.90   .114482
   2927.31   .114456
   2927.72   .114351
   2928.14   .114338
   2928.55   .114322
   2928.96   .114199
   2929.38   .114117
   2929.79   .114108
   2930.20   .114107
   2930.62   .114302
   2931.03   .114262
   2931.45   .114224
   2931.86   .114336
   2932.28   .114249
   2932.69   .114157
   2933.10   .114177
   2933.52   .114308
   2933.94   .114268
   2934.35   .114190
   2934.77   .114142
   2935.18   .114219
   2935.60   .114392
   2936.01   .114310
   2936.43   .114295
   2936.84   .114273
   2937.26   .114237
   2937.68   .114339
   2938.09   .114569
   2938.51   .114467
   2938.92   .114211
   2939.34   .114220
   2939.76   .114470
   2940.17   .114637
   2940.59   .114579
   2941.01   .114402
   2941.43   .114400
   2941.84   .114429
   2942.26   .114375
   2942.68   .114391
   2943.10   .114364
   2943.51   .114317
   2943.93   .114409
   2944.35   .114454
   2944.77   .114422
   2945.19   .114363
   2945.60   .114392
   2946.02   .114540
   2946.44   .114325
   2946.86   .114280
   2947.28   .114552
   2947.70   .114673
   2948.12   .114618
   2948.53   .114522
   2948.95   .114532
   2949.37   .114555
   2949.79   .114619
   2950.21   .114674
   2950.63   .114708
   2951.05   .114800
   2951.47   .114755
   2951.89   .114545
   2952.31   .114531
   2952.73   .114655
   2953.15   .114618
   2953.57   .114507
   2953.99   .114453
   2954.42   .114487
   2954.84   .114557
   2955.26   .114634
   2955.68   .114655
   2956.10   .114671
   2956.52   .114561
   2956.94   .114591
   2957.36   .114744
   2957.79   .114683
   2958.21   .114691
   2958.63   .114781
   2959.05   .114878
   2959.47   .114755
   2959.90   .114661
   2960.32   .114769
   2960.74   .114888
   2961.16   .114872
   2961.59   .114891
   2962.01   .114771
   2962.43   .114637
   2962.86   .114649
   2963.28   .114783
   2963.70   .114844
   2964.13   .114870
   2964.55   .114877
   2964.97   .114772
   2965.40   .114613
   2965.82   .114670
   2966.25   .114732
   2966.67   .114909
   2967.09   .115026
   2967.52   .114849
   2967.94   .114692
   2968.37   .114692
   2968.79   .114669
   2969.22   .114696
   2969.64   .114837
   2970.07   .114956
   2970.49   .114905
   2970.92   .114764
   2971.35   .114941
   2971.77   .115110
   2972.20   .114854
   2972.62   .114810
   2973.05   .114958
   2973.48   .115050
   2973.90   .115113
   2974.33   .115056
   2974.76   .114970
   2975.18   .115029
   2975.61   .115062
   2976.04   .115093
   2976.46   .114994
   2976.89   .114861
   2977.32   .114892
   2977.75   .114969
   2978.17   .114975
   2978.60   .114902
   2979.03   .115081
   2979.46   .115230
   2979.89   .115204
   2980.31   .115132
   2980.74   .115049
   2981.17   .115059
   2981.60   .115184
   2982.03   .115298
   2982.46   .115226
   2982.89   .115103
   2983.31   .115116
   2983.74   .115110
   2984.17   .115140
   2984.60   .115216
   2985.03   .115371
   2985.46   .115369
   2985.89   .115150
   2986.32   .115043
   2986.75   .115067
   2987.18   .115167
   2987.61   .115360
   2988.04   .115463
   2988.47   .115445
   2988.90   .115315
   2989.33   .115285
   2989.77   .115378
   2990.20   .115413
   2990.63   .115293
   2991.06   .115308
   2991.49   .115401
   2991.92   .115426
   2992.35   .115574
   2992.79   .115733
   2993.22   .115649
   2993.65   .115480
   2994.08   .115451
   2994.51   .115567
   2994.95   .115646
   2995.38   .115520
   2995.81   .115486
   2996.24   .115497
   2996.68   .115407
   2997.11   .115432
   2997.54   .115625
   2997.98   .115722
   2998.41   .115650
   2998.84   .115575
   2999.28   .115556
   2999.71   .115705
   3000.15   .115887
   3000.58   .115583
   3001.01   .115527
   3001.45   .115810
   3001.88   .115771
   3002.32   .115660
   3002.75   .115732
   3003.19   .115877
   3003.62   .115870
   3004.06   .115944
   3004.49   .116047
   3004.93   .116018
   3005.36   .115887
   3005.80   .115737
   3006.23   .115813
   3006.67   .115901
   3007.11   .115883
   3007.54   .115906
   3007.98   .115900
   3008.41   .115968
   3008.85   .116049
   3009.29   .116108
   3009.72   .116117
   3010.16   .116025
   3010.60   .116000
   3011.04   .116215
   3011.47   .116377
   3011.91   .116186
   3012.35   .116169
   3012.79   .116246
   3013.22   .116157
   3013.66   .116019
   3014.10   .115914
   3014.54   .115943
   3014.98   .116056
   3015.41   .116100
   3015.85   .116119
   3016.29   .116287
   3016.73   .116437
   3017.17   .116357
   3017.61   .116246
   3018.05   .116236
   3018.49   .116293
   3018.92   .116268
   3019.36   .116197
   3019.80   .116217
   3020.24   .116235
   3020.68   .116454
   3021.12   .116675
   3021.56   .116598
   3022.00   .116478
   3022.44   .116488
   3022.89   .116504
   3023.33   .116403
   3023.77   .116297
   3024.21   .116400
   3024.65   .116558
   3025.09   .116576
   3025.53   .116564
   3025.97   .116655
   3026.41   .116553
   3026.86   .116483
   3027.30   .116580
   3027.74   .116500
   3028.18   .116473
   3028.62   .116516
   3029.07   .116634
   3029.51   .116636
   3029.95   .116535
   3030.39   .116567
   3030.84   .116743
   3031.28   .116615
   3031.72   .116484
   3032.17   .116587
   3032.61   .116649
   3033.05   .116723
   3033.50   .116559
   3033.94   .116564
   3034.38   .116754
   3034.83   .116765
   3035.27   .116816
   3035.72   .116825
   3036.16   .116929
   3036.61   .116921
   3037.05   .116858
   3037.49   .116755
   3037.94   .116724
   3038.38   .116877
   3038.83   .116901
   3039.28   .116858
   3039.72   .116941
   3040.17   .117009
   3040.61   .116998
   3041.06   .116979
   3041.50   .117070
   3041.95   .117126
   3042.40   .117125
   3042.84   .117038
   3043.29   .116907
   3043.74   .116923
   3044.18   .117011
   3044.63   .117052
   3045.08   .117026
   3045.52   .117050
   3045.97   .117018
   3046.42   .117062
   3046.87   .117005
   3047.31   .117008
   3047.76   .117119
   3048.21   .117125
   3048.66   .117118
   3049.11   .117086
   3049.55   .117039
   3050.00   .117174
   3050.45   .117259
   3050.90   .117320
   3051.35   .117313
   3051.80   .117347
   3052.25   .117406
   3052.70   .117412
   3053.15   .117440
   3053.60   .117407
   3054.05   .117399
   3054.50   .117335
   3054.95   .117233
   3055.40   .117263
   3055.85   .117363
   3056.30   .117408
   3056.75   .117431
   3057.20   .117379
   3057.65   .117303
   3058.10   .117273
   3058.55   .117333
   3059.00   .117330
   3059.45   .117314
   3059.90   .117415
   3060.35   .117373
   3060.81   .117305
   3061.26   .117348
   3061.71   .117443
   3062.16   .117462
   3062.61   .117540
   3063.07   .117653
   3063.52   .117611
   3063.97   .117480
   3064.42   .117491
   3064.88   .117652
   3065.33   .117662
   3065.78   .117632
   3066.24   .117644
   3066.69   .117661
   3067.14   .117586
   3067.60   .117630
   3068.05   .117754
   3068.50   .117714
   3068.96   .117685
   3069.41   .117745
   3069.87   .117734
   3070.32   .117621
   3070.78   .117712
   3071.23   .117719
   3071.69   .117654
   3072.14   .117674
   3072.60   .117841
   3073.05   .117880
   3073.51   .117886
   3073.96   .117794
   3074.42   .117688
   3074.87   .117824
   3075.33   .117911
   3075.79   .117940
   3076.24   .117966
   3076.70   .117931
   3077.16   .117940
   3077.61   .118111
   3078.07   .118285
   3078.53   .118171
   3078.98   .118093
   3079.44   .117966
   3079.90   .117939
   3080.35   .118131
   3080.81   .118111
   3081.27   .117886
   3081.73   .117868
   3082.19   .117946
   3082.64   .118083
   3083.10   .118215
   3083.56   .118199
   3084.02   .118046
   3084.48   .118078
   3084.94   .118247
   3085.40   .118413
   3085.85   .118403
   3086.31   .118148
   3086.77   .118135
   3087.23   .118294
   3087.69   .118315
   3088.15   .118248
   3088.61   .118257
   3089.07   .118338
   3089.53   .118376
   3089.99   .118252
   3090.45   .118199
   3090.91   .118421
   3091.37   .118601
   3091.84   .118550
   3092.30   .118580
   3092.76   .118585
   3093.22   .118463
   3093.68   .118495
   3094.14   .118450
   3094.60   .118472
   3095.07   .118685
   3095.53   .118640
   3095.99   .118376
   3096.45   .118308
   3096.91   .118558
   3097.38   .118870
   3097.84   .118764
   3098.30   .118574
   3098.76   .118641
   3099.23   .118690
   3099.69   .118732
   3100.15   .118759
   3100.62   .118852
   3101.08   .118855
   3101.55   .118871
   3102.01   .118839
   3102.47   .118815
   3102.94   .118833
   3103.40   .118859
   3103.87   .118817
   3104.33   .118857
   3104.80   .119011
   3105.26   .119012
   3105.73   .118824
   3106.19   .118927
   3106.66   .119029
   3107.12   .118922
   3107.59   .118865
   3108.05   .118918
   3108.52   .118982
   3108.98   .119064
   3109.45   .119119
   3109.92   .119059
   3110.38   .119053
   3110.85   .119002
   3111.32   .119092
   3111.78   .119231
   3112.25   .119248
   3112.72   .119113
   3113.18   .119037
   3113.65   .119096
   3114.12   .119167
   3114.59   .119258
   3115.05   .119355
   3115.52   .119346
   3115.99   .119336
   3116.46   .119385
   3116.93   .119410
   3117.40   .119466
   3117.86   .119527
   3118.33   .119576
   3118.80   .119490
   3119.27   .119472
   3119.74   .119495
   3120.21   .119476
   3120.68   .119523
   3121.15   .119511
   3121.62   .119478
   3122.09   .119606
   3122.56   .119699
   3123.03   .119772
   3123.50   .119777
   3123.97   .119757
   3124.44   .119654
   3124.91   .119561
   3125.38   .119505
   3125.85   .119494
   3126.32   .119570
   3126.80   .119745
   3127.27   .119753
   3127.74   .119729
   3128.21   .119818
   3128.68   .119813
   3129.15   .119819
   3129.63   .119988
   3130.10   .119980
   3130.57   .119843
   3131.04   .119811
   3131.52   .120028
   3131.99   .120007
   3132.46   .119922
   3132.94   .120041
   3133.41   .120126
   3133.88   .120110
   3134.36   .120127
   3134.83   .120149
   3135.31   .120121
   3135.78   .120124
   3136.25   .120143
   3136.73   .120242
   3137.20   .120332
   3137.68   .120254
   3138.15   .120128
   3138.63   .120212
   3139.10   .120230
   3139.58   .120263
   3140.05   .120303
   3140.53   .120274
   3141.00   .120315
   3141.48   .120387
   3141.95   .120456
   3142.43   .120540
   3142.91   .120541
   3143.38   .120534
   3143.86   .120510
   3144.34   .120363
   3144.81   .120357
   3145.29   .120548
   3145.77   .120609
   3146.24   .120639
   3146.72   .120623
   3147.20   .120547
   3147.68   .120542
   3148.16   .120709
   3148.63   .120831
   3149.11   .120789
   3149.59   .120833
   3150.07   .120831
   3150.55   .120767
   3151.02   .120731
   3151.50   .120746
   3151.98   .120908
   3152.46   .120947
   3152.94   .120925
   3153.42   .121028
   3153.90   .121089
   3154.38   .120994
   3154.86   .120884
   3155.34   .120869
   3155.82   .121021
   3156.30   .121120
   3156.78   .121206
   3157.26   .121184
   3157.74   .120944
   3158.22   .120928
   3158.70   .121094
   3159.18   .121181
   3159.67   .121304
   3160.15   .121283
   3160.63   .121249
   3161.11   .121294
   3161.59   .121210
   3162.07   .121325
   3162.56   .121407
   3163.04   .121360
   3163.52   .121388
   3164.00   .121416
   3164.49   .121349
   3164.97   .121366
   3165.45   .121509
   3165.94   .121463
   3166.42   .121388
   3166.90   .121414
   3167.39   .121619
   3167.87   .121694
   3168.35   .121657
   3168.84   .121684
   3169.32   .121722
   3169.81   .121674
   3170.29   .121609
   3170.78   .121637
   3171.26   .121654
   3171.75   .121642
   3172.23   .121733
   3172.72   .121772
   3173.20   .121758
   3173.69   .121812
   3174.17   .121866
   3174.66   .121787
   3175.15   .121868
   3175.63   .122006
   3176.12   .121953
   3176.60   .121937
   3177.09   .122016
   3177.58   .121946
   3178.07   .121865
   3178.55   .121970
   3179.04   .122083
   3179.53   .122038
   3180.01   .121973
   3180.50   .121985
   3180.99   .121993
   3181.48   .122126
   3181.97   .122232
   3182.45   .122204
   3182.94   .122243
   3183.43   .122236
   3183.92   .122201
   3184.41   .122322
   3184.90   .122391
   3185.39   .122377
   3185.88   .122359
   3186.37   .122429
   3186.86   .122500
   3187.35   .122615
   3187.84   .122637
   3188.33   .122516
   3188.82   .122429
   3189.31   .122425
   3189.80   .122501
   3190.29   .122520
   3190.78   .122486
   3191.27   .122519
   3191.76   .122585
   3192.25   .122523
   3192.74   .122539
   3193.23   .122675
   3193.73   .122672
   3194.22   .122566
   3194.71   .122696
   3195.20   .122740
   3195.69   .122740
   3196.19   .122760
   3196.68   .122747
   3197.17   .122851
   3197.67   .122920
   3198.16   .122903
   3198.65   .122846
   3199.15   .122837
   3199.64   .123012
   3200.13   .123058
   3200.63   .123037
   3201.12   .123064
   3201.61   .122967
   3202.11   .122925
   3202.60   .122992
   3203.10   .123034
   3203.59   .123086
   3204.09   .123141
   3204.58   .123104
   3205.08   .123155
   3205.57   .123250
   3206.07   .123235
   3206.56   .123370
   3207.06   .123386
   3207.56   .123317
   3208.05   .123402
   3208.55   .123445
   3209.04   .123423
   3209.54   .123451
   3210.04   .123486
   3210.54   .123392
   3211.03   .123345
   3211.53   .123405
   3212.03   .123492
   3212.52   .123447
   3213.02   .123396
   3213.52   .123462
   3214.02   .123492
   3214.52   .123465
   3215.01   .123481
   3215.51   .123569
   3216.01   .123666
   3216.51   .123711
   3217.01   .123640
   3217.51   .123627
   3218.01   .123721
   3218.51   .123677
   3219.01   .123691
   3219.51   .123821
   3220.01   .123855
   3220.51   .123806
   3221.01   .123899
   3221.51   .123878
   3222.01   .123744
   3222.51   .123749
   3223.01   .123794
   3223.51   .123871
   3224.01   .124046
   3224.51   .124137
   3225.01   .124090
   3225.52   .124104
   3226.02   .124071
   3226.52   .124108
   3227.02   .124056
   3227.52   .124069
   3228.03   .124014
   3228.53   .123935
   3229.03   .124015
   3229.53   .124122
   3230.04   .124193
   3230.54   .124129
   3231.04   .124118
   3231.55   .124319
   3232.05   .124503
   3232.55   .124437
   3233.06   .124377
   3233.56   .124374
   3234.07   .124367
   3234.57   .124420
   3235.08   .124363
   3235.58   .124289
   3236.08   .124265
   3236.59   .124359
   3237.09   .124409
   3237.60   .124429
   3238.11   .124586
   3238.61   .124668
   3239.12   .124632
   3239.62   .124702
   3240.13   .124731
   3240.64   .124646
   3241.14   .124654
   3241.65   .124580
   3242.16   .124540
   3242.66   .124601
   3243.17   .124710
   3243.68   .124676
   3244.18   .124739
   3244.69   .124809
   3245.20   .124704
   3245.71   .124697
   3246.22   .124777
   3246.72   .124752
   3247.23   .124756
   3247.74   .124681
   3248.25   .124767
   3248.76   .124993
   3249.27   .125006
   3249.78   .124930
   3250.29   .124827
   3250.79   .124816
   3251.30   .124829
   3251.81   .124812
   3252.32   .124889
   3252.83   .124961
   3253.34   .125025
   3253.85   .124994
   3254.37   .125073
   3254.88   .125244
   3255.39   .125276
   3255.90   .125182
   3256.41   .125200
   3256.92   .125226
   3257.43   .125226
   3257.94   .125323
   3258.46   .125369
   3258.97   .125345
   3259.48   .125299
   3259.99   .125294
   3260.50   .125293
   3261.02   .125445
   3261.53   .125397
   3262.04   .125302
   3262.56   .125388
   3263.07   .125472
   3263.58   .125476
   3264.10   .125406
   3264.61   .125352
   3265.12   .125403
   3265.64   .125543
   3266.15   .125589
   3266.67   .125590
   3267.18   .125511
   3267.70   .125472
   3268.21   .125568
   3268.73   .125703
   3269.24   .125751
   3269.76   .125753
   3270.27   .125731
   3270.79   .125694
   3271.31   .125776
   3271.82   .125784
   3272.34   .125753
   3272.85   .125870
   3273.37   .125978
   3273.89   .125920
   3274.40   .125891
   3274.92   .125986
   3275.44   .126033
   3275.96   .125992
   3276.47   .126028
   3276.99   .126063
   3277.51   .125876
   3278.03   .125803
   3278.55   .125980
   3279.06   .126000
   3279.58   .125929
   3280.10   .126059
   3280.62   .126173
   3281.14   .126102
   3281.66   .126085
   3282.18   .126158
   3282.70   .126156
   3283.22   .126135
   3283.74   .126178
   3284.26   .126218
   3284.78   .126326
   3285.30   .126429
   3285.82   .126526
   3286.34   .126515
   3286.86   .126476
   3287.38   .126540
   3287.90   .126478
   3288.42   .126427
   3288.94   .126421
   3289.47   .126427
   3289.99   .126561
   3290.51   .126542
   3291.03   .126527
   3291.55   .126587
   3292.08   .126523
   3292.60   .126551
   3293.12   .126571
   3293.64   .126616
   3294.17   .126654
   3294.69   .126553
   3295.21   .126532
   3295.74   .126690
   3296.26   .126761
   3296.79   .126739
   3297.31   .126700
   3297.83   .126729
   3298.36   .126782
   3298.88   .126724
   3299.41   .126793
   3299.93   .126845
   3300.46   .126807
   3300.98   .126969
   3301.51   .127031
   3302.03   .126849
   3302.56   .126880
   3303.09   .126970
   3303.61   .127065
   3304.14   .127092
   3304.67   .127016
   3305.19   .127041
   3305.72   .127057
   3306.25   .126917
   3306.77   .126895
   3307.30   .127068
   3307.83   .127194
   3308.36   .127200
   3308.88   .127242
   3309.41   .127234
   3309.94   .127169
   3310.47   .127101
   3311.00   .127118
   3311.53   .127132
   3312.05   .127233
   3312.58   .127303
   3313.11   .127371
   3313.64   .127327
   3314.17   .127349
   3314.70   .127432
   3315.23   .127400
   3315.76   .127344
   3316.29   .127367
   3316.82   .127373
   3317.35   .127398
   3317.88   .127448
   3318.41   .127361
   3318.95   .127354
   3319.48   .127400
   3320.01   .127417
   3320.54   .127428
   3321.07   .127507
   3321.60   .127453
   3322.14   .127397
   3322.67   .127466
   3323.20   .127464
   3323.73   .127460
   3324.27   .127479
   3324.80   .127525
   3325.33   .127548
   3325.86   .127579
   3326.40   .127587
   3326.93   .127570
   3327.47   .127716
   3328.00   .127777
   3328.53   .127757
   3329.07   .127742
   3329.60   .127782
   3330.14   .127869
   3330.67   .127915
   3331.21   .127892
   3331.74   .127816
   3332.28   .127835
   3332.81   .127946
   3333.35   .127927
   3333.88   .127904
   3334.42   .127901
   3334.96   .127979
   3335.49   .128037
   3336.03   .128012
   3336.57   .128116
   3337.10   .128161
   3337.64   .128123
   3338.18   .128222
   3338.71   .128301
   3339.25   .128221
   3339.79   .128140
   3340.33   .128168
   3340.87   .128165
   3341.40   .128159
   3341.94   .128097
   3342.48   .128141
   3343.02   .128269
   3343.56   .128247
   3344.10   .128238
   3344.64   .128363
   3345.18   .128306
   3345.72   .128242
   3346.26   .128276
   3346.80   .128280
   3347.34   .128247
   3347.88   .128344
   3348.42   .128422
   3348.96   .128418
   3349.50   .128377
   3350.04   .128385
   3350.58   .128310
   3351.12   .128258
   3351.66   .128307
   3352.21   .128257
   3352.75   .128226
   3353.29   .128240
   3353.83   .128229
   3354.37   .128275
   3354.92   .128263
   3355.46   .128195
   3356.00   .128205
   3356.55   .128290
   3357.09   .128352
   3357.63   .128238
   3358.18   .128248
   3358.72   .128333
   3359.26   .128252
   3359.81   .128045
   3360.35   .127960
   3360.90   .127956
   3361.44   .127947
   3361.99   .127920
   3362.53   .128017
   3363.08   .128094
   3363.62   .127969
   3364.17   .127777
   3364.71   .127648
   3365.26   .127522
   3365.81   .127374
   3366.35   .127322
   3366.90   .127276
   3367.45   .127169
   3367.99   .127141
   3368.54   .127040
   3369.09   .126939
   3369.64   .126723
   3370.18   .126586
   3370.73   .126588
   3371.28   .126538
   3371.83   .126436
   3372.37   .126373
   3372.92   .126462
   3373.47   .126580
   3374.02   .126519
   3374.57   .126466
   3375.12   .126477
   3375.67   .126503
   3376.22   .126455
   3376.77   .126264
   3377.32   .126337
   3377.87   .126444
   3378.42   .126389
   3378.97   .126279
   3379.52   .126396
   3380.07   .126437
   3380.62   .126518
   3381.17   .126621
   3381.72   .126584
   3382.27   .126636
   3382.83   .126740
   3383.38   .126874
   3383.93   .126870
   3384.48   .126780
   3385.03   .126839
   3385.59   .127025
   3386.14   .127091
   3386.69   .127120
   3387.25   .127199
   3387.80   .127237
   3388.35   .127282
   3388.91   .127328
   3389.46   .127370
   3390.01   .127382
   3390.57   .127413
   3391.12   .127390
   3391.68   .127287
   3392.23   .127271
   3392.79   .127274
   3393.34   .127173
   3393.90   .127072
   3394.45   .127002
   3395.01   .126988
   3395.56   .126910
   3396.12   .126853
   3396.68   .126789
   3397.23   .126684
   3397.79   .126547
   3398.35   .126426
   3398.90   .126290
   3399.46   .126176
   3400.02   .126158
   3400.57   .126047
   3401.13   .125829
   3401.69   .125713
   3402.25   .125513
   3402.81   .125364
   3403.37   .125285
   3403.92   .125032
   3404.48   .124831
   3405.04   .124734
   3405.60   .124556
   3406.16   .124354
   3406.72   .124171
   3407.28   .124034
   3407.84   .123987
   3408.40   .123846
   3408.96   .123549
   3409.52   .123439
   3410.08   .123314
   3410.64   .123194
   3411.20   .122915
   3411.76   .122676
   3412.32   .122580
   3412.89   .122400
   3413.45   .122108
   3414.01   .121904
   3414.57   .121829
   3415.14   .121719
   3415.70   .121589
   3416.26   .121555
   3416.82   .121448
   3417.39   .121307
   3417.95   .121156
   3418.51   .121020
   3419.08   .121006
   3419.64   .121134
   3420.20   .121166
   3420.77   .121209
   3421.33   .121258
   3421.90   .121430
   3422.46   .121740
   3423.03   .121834
   3423.59   .121952
   3424.16   .122231
   3424.72   .122454
   3425.29   .122575
   3425.85   .122729
   3426.42   .122985
   3426.99   .123373
   3427.55   .123703
   3428.12   .123971
   3428.69   .124074
   3429.25   .124214
   3429.82   .124537
   3430.39   .124898
   3430.95   .125239
   3431.52   .125462
   3432.09   .125603
   3432.66   .125786
   3433.23   .125923
   3433.79   .126082
   3434.36   .126277
   3434.93   .126448
   3435.50   .126622
   3436.07   .126783
   3436.64   .126857
   3437.21   .127025
   3437.78   .127254
   3438.35   .127328
   3438.92   .127367
   3439.49   .127570
   3440.06   .127654
   3440.63   .127713
   3441.20   .127846
   3441.77   .127960
   3442.34   .128014
   3442.91   .127974
   3443.49   .128021
   3444.06   .128215
   3444.63   .128376
   3445.20   .128415
   3445.77   .128452
   3446.35   .128479
   3446.92   .128658
   3447.49   .128753
   3448.07   .128709
   3448.64   .128751
   3449.21   .128758
   3449.79   .128886
   3450.36   .129027
   3450.94   .129090
   3451.51   .129081
   3452.08   .129224
   3452.66   .129497
   3453.23   .129559
   3453.81   .129636
   3454.38   .129670
   3454.96   .129699
   3455.53   .129763
   3456.11   .129838
   3456.69   .129860
   3457.26   .129787
   3457.84   .129816
   3458.42   .129936
   3458.99   .130065
   3459.57   .130131
   3460.15   .130159
   3460.72   .130220
   3461.30   .130333
   3461.88   .130378
   3462.46   .130433
   3463.04   .130498
   3463.61   .130523
   3464.19   .130514
   3464.77   .130476
   3465.35   .130502
   3465.93   .130539
   3466.51   .130566
   3467.09   .130579
   3467.67   .130615
   3468.25   .130663
   3468.83   .130636
   3469.41   .130617
   3469.99   .130750
   3470.57   .130757
   3471.15   .130651
   3471.73   .130596
   3472.31   .130673
   3472.90   .130727
   3473.48   .130687
   3474.06   .130759
   3474.64   .130715
   3475.22   .130657
   3475.81   .130700
   3476.39   .130749
   3476.97   .130820
   3477.55   .130843
   3478.14   .130783
   3478.72   .130785
   3479.30   .130823
   3479.89   .130889
   3480.47   .130815
   3481.06   .130706
   3481.64   .130749
   3482.22   .130845
   3482.81   .130894
   3483.39   .130836
   3483.98   .130778
   3484.56   .130788
   3485.15   .130815
   3485.74   .130798
   3486.32   .130765
   3486.91   .130643
   3487.49   .130576
   3488.08   .130592
   3488.67   .130562
   3489.25   .130469
   3489.84   .130417
   3490.43   .130285
   3491.02   .130193
   3491.60   .130135
   3492.19   .130068
   3492.78   .129981
   3493.37   .129897
   3493.96   .129714
   3494.55   .129641
   3495.14   .129571
   3495.72   .129322
   3496.31   .129181
   3496.90   .129144
   3497.49   .128937
   3498.08   .128721
   3498.67   .128567
   3499.26   .128499
   3499.85   .128368
   3500.44   .128218
   3501.04   .128063
   3501.63   .127956
   3502.22   .127917
   3502.81   .127898
   3503.40   .127817
   3503.99   .127715
   3504.58   .127784
   3505.18   .127948
   3505.77   .128038
   3506.36   .128149
   3506.96   .128291
   3507.55   .128452
   3508.14   .128688
   3508.74   .128852
   3509.33   .129138
   3509.92   .129416
   3510.52   .129631
   3511.11   .129933
   3511.71   .130233
   3512.30   .130479
   3512.90   .130708
   3513.49   .130931
   3514.09   .131131
   3514.68   .131421
   3515.28   .131622
   3515.87   .131725
   3516.47   .131920
   3517.07   .132061
   3517.66   .132181
   3518.26   .132400
   3518.86   .132634
   3519.45   .132733
   3520.05   .132710
   3520.65   .132754
   3521.25   .132867
   3521.84   .132952
   3522.44   .133008
   3523.04   .133134
   3523.64   .133215
   3524.24   .133263
   3524.84   .133354
   3525.44   .133422
   3526.04   .133479
   3526.64   .133545
   3527.24   .133538
   3527.84   .133559
   3528.44   .133603
   3529.04   .133701
   3529.64   .133777
   3530.24   .133758
   3530.84   .133721
   3531.44   .133789
   3532.04   .133939
   3532.64   .134044
   3533.24   .134063
   3533.85   .134121
   3534.45   .134144
   3535.05   .134150
   3535.65   .134247
   3536.26   .134259
   3536.86   .134221
   3537.46   .134262
   3538.07   .134201
   3538.67   .134231
   3539.27   .134336
   3539.88   .134359
   3540.48   .134309
   3541.09   .134307
   3541.69   .134385
   3542.30   .134425
   3542.90   .134434
   3543.51   .134397
   3544.11   .134449
   3544.72   .134549
   3545.32   .134525
   3545.93   .134520
   3546.54   .134631
   3547.14   .134692
   3547.75   .134727
   3548.36   .134751
   3548.96   .134756
   3549.57   .134805
   3550.18   .134845
   3550.79   .134879
   3551.40   .134840
   3552.00   .134823
   3552.61   .134899
   3553.22   .134884
   3553.83   .134823
   3554.44   .134891
   3555.05   .134952
   3555.66   .134952
   3556.27   .134953
   3556.88   .135044
   3557.49   .135063
   3558.10   .135002
   3558.71   .135022
   3559.32   .135115
   3559.93   .135180
   3560.54   .135152
   3561.15   .135058
   3561.76   .135116
   3562.38   .135180
   3562.99   .135261
   3563.60   .135324
   3564.21   .135274
   3564.82   .135233
   3565.44   .135250
   3566.05   .135399
   3566.66   .135516
   3567.28   .135469
   3567.89   .135446
   3568.50   .135464
   3569.12   .135482
   3569.73   .135391
   3570.35   .135431
   3570.96   .135520
   3571.58   .135519
   3572.19   .135559
   3572.81   .135666
   3573.42   .135689
   3574.04   .135630
   3574.66   .135553
   3575.27   .135548
   3575.89   .135640
   3576.51   .135789
   3577.12   .135743
   3577.74   .135691
   3578.36   .135750
   3578.97   .135850
   3579.59   .135876
   3580.21   .135863
   3580.83   .135856
   3581.45   .135829
   3582.06   .135893
   3582.68   .135954
   3583.30   .135978
   3583.92   .136024
   3584.54   .136019
   3585.16   .136034
   3585.78   .136010
   3586.40   .136029
   3587.02   .136131
   3587.64   .136202
   3588.26   .136240
   3588.88   .136266
   3589.50   .136199
   3590.13   .136076
   3590.75   .136115
   3591.37   .136300
   3591.99   .136347
   3592.61   .136344
   3593.24   .136332
   3593.86   .136392
   3594.48   .136403
   3595.10   .136326
   3595.73   .136378
   3596.35   .136451
   3596.98   .136398
   3597.60   .136363
   3598.22   .136439
   3598.85   .136477
   3599.47   .136466
   3600.10   .136497
   3600.72   .136548
   3601.35   .136586
   3601.97   .136664
   3602.60   .136736
   3603.22   .136700
   3603.85   .136711
   3604.48   .136760
   3605.10   .136708
   3605.73   .136617
   3606.36   .136624
   3606.98   .136709
   3607.61   .136841
   3608.24   .136941
   3608.87   .136880
   3609.50   .136827
   3610.12   .136827
   3610.75   .136838
   3611.38   .136810
   3612.01   .136753
   3612.64   .136863
   3613.27   .137005
   3613.90   .136972
   3614.53   .136946
   3615.16   .136992
   3615.79   .137071
   3616.42   .137086
   3617.05   .137030
   3617.68   .137089
   3618.31   .137137
   3618.94   .137140
   3619.57   .137170
   3620.21   .137222
   3620.84   .137266
   3621.47   .137255
   3622.10   .137218
   3622.74   .137183
   3623.37   .137180
   3624.00   .137276
   3624.64   .137333
   3625.27   .137333
   3625.90   .137398
   3626.54   .137418
   3627.17   .137495
   3627.81   .137445
   3628.44   .137351
   3629.07   .137405
   3629.71   .137546
   3630.35   .137548
   3630.98   .137533
   3631.62   .137555
   3632.25   .137559
   3632.89   .137524
   3633.53   .137547
   3634.16   .137572
   3634.80   .137589
   3635.44   .137588
   3636.07   .137621
   3636.71   .137731
   3637.35   .137744
   3637.99   .137766
   3638.63   .137787
   3639.26   .137789
   3639.90   .137790
   3640.54   .137758
   3641.18   .137645
   3641.82   .137586
   3642.46   .137656
   3643.10   .137743
   3643.74   .137788
   3644.38   .137873
   3645.02   .137947
   3645.66   .138041
   3646.30   .138082
   3646.94   .137996
   3647.59   .137978
   3648.23   .138015
   3648.87   .137992
   3649.51   .138006
   3650.15   .138103
   3650.80   .138186
   3651.44   .138132
   3652.08   .138159
   3652.73   .138262
   3653.37   .138183
   3654.01   .138149
   3654.66   .138184
   3655.30   .138210
   3655.94   .138171
   3656.59   .138200
   3657.23   .138306
   3657.88   .138266
   3658.52   .138163
   3659.17   .138223
   3659.82   .138241
   3660.46   .138311
   3661.11   .138350
   3661.75   .138290
   3662.40   .138248
   3663.05   .138277
   3663.69   .138411
   3664.34   .138460
   3664.99   .138413
   3665.64   .138352
   3666.28   .138410
   3666.93   .138575
   3667.58   .138581
   3668.23   .138588
   3668.88   .138616
   3669.53   .138618
   3670.18   .138490
   3670.83   .138434
   3671.48   .138609
   3672.13   .138740
   3672.78   .138701
   3673.43   .138664
   3674.08   .138767
   3674.73   .138761
   3675.38   .138610
   3676.03   .138640
   3676.68   .138706
   3677.34   .138777
   3677.99   .138769
   3678.64   .138841
   3679.29   .138950
   3679.95   .138945
   3680.60   .138816
   3681.25   .138749
   3681.91   .138745
   3682.56   .138735
   3683.21   .138769
   3683.87   .138900
   3684.52   .139076
   3685.18   .139162
   3685.83   .139083
   3686.49   .139015
   3687.14   .139053
   3687.80   .139052
   3688.46   .139085
   3689.11   .139057
   3689.77   .139098
   3690.42   .139202
   3691.08   .139181
   3691.74   .139127
   3692.40   .139142
   3693.05   .139136
   3693.71   .139176
   3694.37   .139192
   3695.03   .139182
   3695.69   .139253
   3696.34   .139286
   3697.00   .139272
   3697.66   .139333
   3698.32   .139377
   3698.98   .139372
   3699.64   .139350
   3700.30   .139385
   3700.96   .139396
   3701.62   .139364
   3702.28   .139313
   3702.94   .139269
   3703.60   .139317
   3704.27   .139404
   3704.93   .139516
   3705.59   .139513
   3706.25   .139414
   3706.91   .139490
   3707.58   .139573
   3708.24   .139587
   3708.90   .139553
   3709.57   .139542
   3710.23   .139644
   3710.89   .139714
   3711.56   .139628
   3712.22   .139603
   3712.89   .139662
   3713.55   .139680
   3714.22   .139655
   3714.88   .139654
   3715.55   .139752
   3716.21   .139796
   3716.88   .139774
   3717.55   .139686
   3718.21   .139679
   3718.88   .139713
   3719.55   .139714
   3720.21   .139762
   3720.88   .139790
   3721.55   .139865
   3722.22   .139815
   3722.88   .139789
   3723.55   .139834
   3724.22   .139872
   3724.89   .139867
   3725.56   .139909
   3726.23   .139954
   3726.90   .139891
   3727.57   .139901
   3728.24   .139936
   3728.91   .140038
   3729.58   .140038
   3730.25   .139976
   3730.92   .140056
   3731.59   .140126
   3732.26   .140103
   3732.94   .140126
   3733.61   .140142
   3734.28   .140107
   3734.95   .140141
   3735.63   .140193
   3736.30   .140239
   3736.97   .140242
   3737.65   .140230
   3738.32   .140207
   3738.99   .140266
   3739.67   .140287
   3740.34   .140306
   3741.02   .140296
   3741.69   .140293
   3742.37   .140229
   3743.04   .140261
   3743.72   .140347
   3744.39   .140323
   3745.07   .140257
   3745.75   .140352
   3746.42   .140455
   3747.10   .140516
   3747.78   .140511
   3748.45   .140524
   3749.13   .140588
   3749.81   .140609
   3750.49   .140569
   3751.17   .140452
   3751.85   .140379
   3752.52   .140408
   3753.20   .140526
   3753.88   .140592
   3754.56   .140620
   3755.24   .140653
   3755.92   .140666
   3756.60   .140675
   3757.28   .140717
   3757.96   .140706
   3758.64   .140676
   3759.33   .140722
   3760.01   .140761
   3760.69   .140743
   3761.37   .140754
   3762.05   .140739
   3762.74   .140696
   3763.42   .140787
   3764.10   .140841
   3764.79   .140863
   3765.47   .140814
   3766.15   .140780
   3766.84   .140831
   3767.52   .140912
   3768.21   .140922
   3768.89   .140923
   3769.58   .140941
   3770.26   .141026
   3770.95   .140980
   3771.63   .140977
   3772.32   .141018
   3773.00   .140974
   3773.69   .141000
   3774.38   .141104
   3775.06   .141102
   3775.75   .141022
   3776.44   .141037
   3777.13   .141078
   3777.81   .141054
   3778.50   .141068
   3779.19   .141184
   3779.88   .141193
   3780.57   .141189
   3781.26   .141195
   3781.95   .141198
   3782.64   .141268
   3783.33   .141266
   3784.02   .141237
   3784.71   .141243
   3785.40   .141246
   3786.09   .141225
   3786.78   .141217
   3787.47   .141222
   3788.17   .141237
   3788.86   .141318
   3789.55   .141420
   3790.24   .141467
   3790.94   .141442
   3791.63   .141407
   3792.32   .141406
   3793.02   .141467
   3793.71   .141525
   3794.40   .141451
   3795.10   .141477
   3795.79   .141475
   3796.49   .141385
   3797.18   .141453
   3797.88   .141502
   3798.57   .141420
   3799.27   .141390
   3799.96   .141471
   3800.66   .141568
   3801.36   .141612
   3802.05   .141650
   3802.75   .141761
   3803.45   .141765
   3804.15   .141606
   3804.84   .141602
   3805.54   .141650
   3806.24   .141606
   3806.94   .141674
   3807.64   .141665
   3808.34   .141682
   3809.04   .141698
   3809.74   .141734
   3810.44   .141858
   3811.14   .141868
   3811.84   .141747
   3812.54   .141755
   3813.24   .141855
   3813.94   .141831
   3814.64   .141818
   3815.35   .141907
   3816.05   .141923
   3816.75   .141884
   3817.45   .141865
   3818.16   .141776
   3818.86   .141798
   3819.56   .141889
   3820.26   .141924
   3820.97   .141913
   3821.67   .141881
   3822.38   .141837
   3823.08   .141876
   3823.79   .141936
   3824.49   .141944
   3825.20   .141944
   3825.90   .141968
   3826.61   .142016
   3827.31   .142099
   3828.02   .142076
   3828.73   .142072
   3829.44   .142078
   3830.14   .141996
   3830.85   .141878
   3831.56   .141927
   3832.27   .142075
   3832.97   .142142
   3833.68   .142132
   3834.39   .142067
   3835.10   .142069
   3835.81   .142140
   3836.52   .142093
   3837.23   .142152
   3837.94   .142176
   3838.65   .142117
   3839.36   .142151
   3840.07   .142159
   3840.78   .142209
   3841.49   .142259
   3842.20   .142269
   3842.92   .142212
   3843.63   .142137
   3844.34   .142215
   3845.05   .142317
   3845.77   .142304
   3846.48   .142289
   3847.19   .142285
   3847.91   .142344
   3848.62   .142415
   3849.34   .142338
   3850.05   .142299
   3850.77   .142311
   3851.48   .142317
   3852.20   .142431
   3852.91   .142465
   3853.63   .142457
   3854.34   .142510
   3855.06   .142556
   3855.78   .142482
   3856.49   .142437
   3857.21   .142529
   3857.93   .142478
   3858.65   .142440
   3859.36   .142417
   3860.08   .142412
   3860.80   .142458
   3861.52   .142503
   3862.24   .142441
   3862.96   .142430
   3863.68   .142497
   3864.40   .142557
   3865.12   .142609
   3865.84   .142670
   3866.56   .142566
   3867.28   .142521
   3868.00   .142516
   3868.72   .142499
   3869.44   .142539
   3870.17   .142470
   3870.89   .142478
   3871.61   .142504
   3872.33   .142552
   3873.06   .142618
   3873.78   .142684
   3874.51   .142696
   3875.23   .142706
   3875.95   .142672
   3876.68   .142623
   3877.40   .142631
   3878.13   .142660
   3878.85   .142760
   3879.58   .142760
   3880.31   .142732
   3881.03   .142808
   3881.76   .142853
   3882.49   .142819
   3883.21   .142789
   3883.94   .142708
   3884.67   .142796
   3885.39   .142922
   3886.12   .142872
   3886.85   .142777
   3887.58   .142810
   3888.31   .142858
   3889.04   .142836
   3889.77   .142785
   3890.50   .142785
   3891.23   .142851
   3891.96   .142872
   3892.69   .142939
   3893.42   .142946
   3894.15   .142892
   3894.88   .142946
   3895.61   .142973
   3896.34   .143000
   3897.08   .142999
   3897.81   .142939
   3898.54   .142932
   3899.27   .142993
   3900.01   .143058
   3900.74   .143029
   3901.47   .143026
   3902.21   .143073
   3902.94   .143014
   3903.68   .142919
   3904.41   .142945
   3905.15   .142999
   3905.88   .143045
   3906.62   .143022
   3907.35   .142986
   3908.09   .143065
   3908.83   .143125
   3909.56   .143051
   3910.30   .143037
   3911.04   .143043
   3911.78   .143068
   3912.51   .143185
   3913.25   .143233
   3913.99   .143150
   3914.73   .143109
   3915.47   .143138
   3916.21   .143150
   3916.95   .143168
   3917.69   .143204
   3918.43   .143274
   3919.17   .143300
   3919.91   .143216
   3920.65   .143191
   3921.39   .143210
   3922.13   .143211
   3922.88   .143178
   3923.62   .143129
   3924.36   .143158
   3925.10   .143225
   3925.85   .143243
   3926.59   .143305
   3927.33   .143281
   3928.08   .143268
   3928.82   .143326
   3929.56   .143309
   3930.31   .143280
   3931.05   .143245
   3931.80   .143186
   3932.54   .143237
   3933.29   .143237
   3934.04   .143331
   3934.78   .143381
   3935.53   .143277
   3936.28   .143268
   3937.02   .143339
   3937.77   .143325
   3938.52   .143359
   3939.27   .143356
   3940.02   .143349
   3940.77   .143412
   3941.51   .143460
   3942.26   .143445
   3943.01   .143327
   3943.76   .143314
   3944.51   .143371
   3945.26   .143376
   3946.01   .143358
   3946.77   .143340
   3947.52   .143404
   3948.27   .143353
   3949.02   .143397
   3949.77   .143466
   3950.52   .143486
   3951.28   .143477
   3952.03   .143440
   3952.78   .143440
   3953.54   .143453
   3954.29   .143425
   3955.04   .143372
   3955.80   .143467
   3956.55   .143493
   3957.31   .143451
   3958.06   .143509
   3958.82   .143539
   3959.57   .143529
   3960.33   .143533
   3961.09   .143465
   3961.84   .143495
   3962.60   .143557
   3963.36   .143585
   3964.12   .143491
   3964.87   .143454
   3965.63   .143523
   3966.39   .143493
   3967.15   .143487
   3967.91   .143546
   3968.67   .143543
   3969.43   .143604
   3970.19   .143633
   3970.95   .143526
   3971.71   .143474
   3972.47   .143620
   3973.23   .143697
   3973.99   .143625
   3974.75   .143646
   3975.51   .143640
   3976.28   .143549
   3977.04   .143495
   3977.80   .143515
   3978.56   .143580
   3979.33   .143644
   3980.09   .143642
   3980.86   .143586
   3981.62   .143521
   3982.38   .143540
   3983.15   .143563
   3983.91   .143619
   3984.68   .143621
   3985.45   .143584
   3986.21   .143534
   3986.98   .143539
   3987.74   .143534
   3988.51   .143661
   3989.28   .143742
   3990.05   .143726
   3990.81   .143684
   3991.58   .143675
   3992.35   .143726
   3993.12   .143710
   3993.89   .143650
   3994.66   .143564
   3995.43   .143571
   3996.20   .143616
   3996.97   .143605
   3997.74   .143601
   3998.51   .143683
   3999.28   .143665
   4000.05   .143605
   4000.82   .143647
   4001.59   .143699
   4002.37   .143743
   4003.14   .143758
   4003.91   .143757
   4004.68   .143656
   4005.46   .143647
   4006.23   .143707
   4007.01   .143801
   4007.78   .143837
   4008.55   .143780
   4009.33   .143746
   4010.11   .143749
   4010.88   .143707
   4011.66   .143646
   4012.43   .143725
   4013.21   .143772
   4013.99   .143756
   4014.76   .143681
   4015.54   .143594
   4016.32   .143677
   4017.10   .143747
   4017.87   .143683
   4018.65   .143700
   4019.43   .143777
   4020.21   .143804
   4020.99   .143786
   4021.77   .143829
   4022.55   .143871
   4023.33   .143846
   4024.11   .143813
   4024.89   .143763
   4025.67   .143729
   4026.46   .143739
   4027.24   .143722
   4028.02   .143782
   4028.80   .143898
   4029.58   .143925
   4030.37   .143875
   4031.15   .143852
   4031.93   .143794
   4032.72   .143710
   4033.50   .143734
   4034.29   .143858
   4035.07   .143938
   4035.86   .143962
   4036.64   .143947
   4037.43   .143857
   4038.21   .143860
   4039.00   .143881
   4039.79   .143823
   4040.57   .143771
   4041.36   .143815
   4042.15   .143819
   4042.94   .143779
   4043.73   .143804
   4044.51   .143885
   4045.30   .143899
   4046.09   .143869
   4046.88   .143862
   4047.67   .143851
   4048.46   .143859
   4049.25   .143874
   4050.04   .143889
   4050.83   .143907
   4051.63   .143898
   4052.42   .143865
   4053.21   .143898
   4054.00   .143936
   4054.79   .143870
   4055.59   .143817
   4056.38   .143854
   4057.17   .143875
   4057.97   .143949
   4058.76   .144043
   4059.56   .143970
   4060.35   .143905
   4061.15   .143937
   4061.94   .143929
   4062.74   .143863
   4063.53   .143827
   4064.33   .143796
   4065.13   .143838
   4065.92   .143912
   4066.72   .143927
   4067.52   .143977
   4068.32   .143993
   4069.11   .143962
   4069.91   .143960
   4070.71   .143943
   4071.51   .143991
   4072.31   .144030
   4073.11   .144006
   4073.91   .143989
   4074.71   .144053
   4075.51   .144082
   4076.31   .144039
   4077.11   .143990
   4077.92   .143938
   4078.72   .143931
   4079.52   .143975
   4080.32   .144012
   4081.13   .144023
   4081.93   .144001
   4082.73   .144032
   4083.54   .144061
   4084.34   .144035
   4085.15   .144103
   4085.95   .144066
   4086.76   .143988
   4087.56   .143970
   4088.37   .143943
   4089.17   .143973
   4089.98   .143977
   4090.79   .143961
   4091.59   .144035
   4092.40   .144121
   4093.21   .144086
   4094.02   .144025
   4094.82   .144025
   4095.63   .144075
   4096.44   .144062
   4097.25   .144096
   4098.06   .144105
   4098.87   .144129
   4099.68   .144104
   4100.49   .144089
   4101.30   .144193
   4102.11   .144198
   4102.93   .144112
   4103.74   .144023
   4104.55   .144084
   4105.36   .144114
   4106.18   .144122
   4106.99   .144099
   4107.80   .144110
   4108.62   .144211
   4109.43   .144275
   4110.24   .144164
   4111.06   .144103
   4111.87   .144126
   4112.69   .144141
   4113.50   .144191
   4114.32   .144237
   4115.14   .144237
   4115.95   .144217
   4116.77   .144157
   4117.59   .144143
   4118.41   .144120
   4119.22   .144093
   4120.04   .144136
   4120.86   .144178
   4121.68   .144222
   4122.50   .144203
   4123.32   .144192
   4124.14   .144230
   4124.96   .144221
   4125.78   .144237
   4126.60   .144195
   4127.42   .144166
   4128.24   .144170
   4129.06   .144181
   4129.89   .144218
   4130.71   .144250
   4131.53   .144218
   4132.36   .144238
   4133.18   .144218
   4134.00   .144208
   4134.83   .144190
   4135.65   .144168
   4136.48   .144160
   4137.30   .144179
   4138.13   .144214
   4138.95   .144191
   4139.78   .144208
   4140.61   .144283
   4141.43   .144346
   4142.26   .144332
   4143.09   .144218
   4143.92   .144175
   4144.74   .144185
   4145.57   .144170
   4146.40   .144199
   4147.23   .144206
   4148.06   .144228
   4148.89   .144241
   4149.72   .144236
   4150.55   .144181
   4151.38   .144150
   4152.21   .144206
   4153.04   .144209
   4153.88   .144248
   4154.71   .144307
   4155.54   .144273
   4156.37   .144191
   4157.21   .144188
   4158.04   .144275
   4158.87   .144322
   4159.71   .144226
   4160.54   .144164
   4161.38   .144211
   4162.21   .144276
   4163.05   .144252
   4163.88   .144322
   4164.72   .144351
   4165.56   .144320
   4166.39   .144291
   4167.23   .144219
   4168.07   .144228
   4168.91   .144216
   4169.74   .144178
   4170.58   .144201
   4171.42   .144183
   4172.26   .144207
   4173.10   .144262
   4173.94   .144312
   4174.78   .144359
   4175.62   .144259
   4176.46   .144173
   4177.30   .144224
   4178.14   .144255
   4178.99   .144288
   4179.83   .144252
   4180.67   .144184
   4181.51   .144192
   4182.36   .144256
   4183.20   .144309
   4184.04   .144319
   4184.89   .144306
   4185.73   .144204
   4186.58   .144206
   4187.42   .144321
   4188.27   .144312
   4189.12   .144303
   4189.96   .144284
   4190.81   .144250
   4191.66   .144251
   4192.50   .144329
   4193.35   .144446
   4194.20   .144415
   4195.05   .144281
   4195.90   .144276
   4196.74   .144308
   4197.59   .144317
   4198.44   .144310
   4199.29   .144297
   4200.14   .144223
   4201.00   .144193
   4201.85   .144306
   4202.70   .144304
   4203.55   .144165
   4204.40   .144154
   4205.25   .144199
   4206.11   .144219
   4206.96   .144240
   4207.81   .144277
   4208.67   .144222
   4209.52   .144140
   4210.38   .144185
   4211.23   .144263
   4212.09   .144233
   4212.94   .144182
   4213.80   .144245
   4214.65   .144302
   4215.51   .144274
   4216.37   .144203
   4217.23   .144175
   4218.08   .144183
   4218.94   .144172
   4219.80   .144204
   4220.66   .144161
   4221.52   .144117
   4222.38   .144192
   4223.24   .144238
   4224.10   .144206
   4224.96   .144184
   4225.82   .144140
   4226.68   .144180
   4227.54   .144206
   4228.40   .144133
   4229.27   .144133
   4230.13   .144164
   4230.99   .144137
   4231.86   .144174
   4232.72   .144174
   4233.58   .144127
   4234.45   .144053
   4235.31   .144103
   4236.18   .144194
   4237.04   .144109
   4237.91   .144048
   4238.77   .144097
   4239.64   .144174
   4240.51   .144099
   4241.38   .144017
   4242.24   .144095
   4243.11   .144184
   4243.98   .144201
   4244.85   .144217
   4245.72   .144160
   4246.59   .144148
   4247.46   .144089
   4248.33   .144008
   4249.20   .143940
   4250.07   .143911
   4250.94   .143930
   4251.81   .144047
   4252.68   .144064
   4253.55   .144012
   4254.43   .143978
   4255.30   .143959
   4256.17   .143984
   4257.05   .144035
   4257.92   .143994
   4258.79   .143974
   4259.67   .143975
   4260.54   .143945
   4261.42   .143922
   4262.29   .143986
   4263.17   .143983
   4264.05   .143969
   4264.92   .143986
   4265.80   .143943
   4266.68   .143909
   4267.56   .143928
   4268.44   .143948
   4269.31   .143965
   4270.19   .143922
   4271.07   .143838
   4271.95   .143870
   4272.83   .143875
   4273.71   .143858
   4274.59   .143875
   4275.48   .143905
   4276.36   .143918
   4277.24   .143916
   4278.12   .143787
   4279.00   .143797
   4279.89   .143969
   4280.77   .143963
   4281.65   .143873
   4282.54   .143881
   4283.42   .143893
   4284.31   .143956
   4285.19   .143904
   4286.08   .143858
   4286.96   .143865
   4287.85   .143831
   4288.74   .143718
   4289.62   .143670
   4290.51   .143740
   4291.40   .143806
   4292.29   .143743
   4293.18   .143671
   4294.06   .143695
   4294.95   .143767
   4295.84   .143728
   4296.73   .143587
   4297.62   .143522
   4298.51   .143617
   4299.41   .143708
   4300.30   .143669
   4301.19   .143642
   4302.08   .143651
   4302.97   .143643
   4303.87   .143620
   4304.76   .143537
   4305.65   .143577
   4306.55   .143536
   4307.44   .143454
   4308.34   .143428
   4309.23   .143450
   4310.13   .143560
   4311.02   .143587
   4311.92   .143561
   4312.82   .143583
   4313.71   .143628
   4314.61   .143606
   4315.51   .143476
   4316.41   .143344
   4317.31   .143376
   4318.21   .143415
   4319.11   .143401
   4320.01   .143351
   4320.91   .143376
   4321.81   .143406
   4322.71   .143348
   4323.61   .143348
   4324.51   .143420
   4325.41   .143395
   4326.31   .143281
   4327.22   .143276
   4328.12   .143210
   4329.02   .143148
   4329.93   .143220
   4330.83   .143202
   4331.74   .143187
   4332.64   .143189
   4333.55   .143176
   4334.45   .143208
   4335.36   .143238
   4336.26   .143265
   4337.17   .143161
   4338.08   .143131
   4338.99   .143175
   4339.89   .143178
   4340.80   .143167
   4341.71   .143103
   4342.62   .143052
   4343.53   .143078
   4344.44   .143015
   4345.35   .143003
   4346.26   .143068
   4347.17   .143092
   4348.08   .143088
   4348.99   .143075
   4349.91   .142987
   4350.82   .142945
   4351.73   .143039
   4352.64   .143094
   4353.56   .143049
   4354.47   .142981
   4355.39   .142942
   4356.30   .142976
   4357.22   .143001
   4358.13   .142980
   4359.05   .142959
   4359.96   .142929
   4360.88   .142845
   4361.80   .142787
   4362.72   .142816
   4363.63   .142782
   4364.55   .142708
   4365.47   .142766
   4366.39   .142861
   4367.31   .142823
   4368.23   .142772
   4369.15   .142707
   4370.07   .142684
   4370.99   .142704
   4371.91   .142638
   4372.83   .142654
   4373.76   .142685
   4374.68   .142662
   4375.60   .142605
   4376.53   .142598
   4377.45   .142558
   4378.37   .142565
   4379.30   .142567
   4380.22   .142496
   4381.15   .142462
   4382.07   .142461
   4383.00   .142449
   4383.93   .142504
   4384.85   .142549
   4385.78   .142452
   4386.71   .142452
   4387.64   .142467
   4388.56   .142446
   4389.49   .142463
   4390.42   .142511
   4391.35   .142483
   4392.28   .142439
   4393.21   .142382
   4394.14   .142364
   4395.07   .142330
   4396.01   .142321
   4396.94   .142347
   4397.87   .142287
   4398.81   .142237
   4399.74   .142269
   4400.67   .142287
   4401.61   .142264
   4402.54   .142272
   4403.48   .142213
   4404.41   .142185
   4405.35   .142244
   4406.28   .142204
   4407.22   .142170
   4408.15   .142196
   4409.09   .142193
   4410.03   .142187
   4410.97   .142149
   4411.91   .142134
   4412.84   .142108
   4413.78   .142006
   4414.72   .141953
   4415.66   .141966
   4416.60   .141968
   4417.54   .141987
   4418.49   .141994
   4419.43   .141990
   4420.37   .142051
   4421.31   .142064
   4422.25   .142017
   4423.20   .142025
   4424.14   .141986
   4425.08   .141927
   4426.03   .141855
   4426.97   .141768
   4427.92   .141742
   4428.86   .141851
   4429.81   .141931
   4430.76   .141929
   4431.70   .141920
   4432.65   .141902
   4433.60   .141830
   4434.55   .141797
   4435.49   .141763
   4436.44   .141724
   4437.39   .141788
   4438.34   .141796
   4439.29   .141624
   4440.24   .141580
   4441.19   .141653
   4442.15   .141660
   4443.10   .141637
   4444.05   .141618
   4445.00   .141627
   4445.95   .141602
   4446.91   .141640
   4447.86   .141685
   4448.81   .141613
   4449.77   .141539
   4450.72   .141521
   4451.68   .141460
   4452.64   .141485
   4453.59   .141539
   4454.55   .141574
   4455.50   .141523
   4456.46   .141453
   4457.42   .141440
   4458.38   .141406
   4459.34   .141364
   4460.30   .141381
   4461.26   .141412
   4462.22   .141385
   4463.18   .141283
   4464.14   .141228
   4465.10   .141226
   4466.06   .141246
   4467.02   .141315
   4467.98   .141339
   4468.95   .141231
   4469.91   .141144
   4470.87   .141141
   4471.84   .141195
   4472.80   .141164
   4473.77   .141088
   4474.73   .141031
   4475.70   .141030
   4476.66   .141075
   4477.63   .141099
   4478.60   .141067
   4479.56   .141040
   4480.53   .141052
   4481.50   .141036
   4482.47   .140939
   4483.44   .140921
   4484.41   .140900
   4485.38   .140920
   4486.35   .140936
   4487.32   .140871
   4488.29   .140757
   4489.26   .140785
   4490.23   .140851
   4491.21   .140822
   4492.18   .140692
   4493.15   .140667
   4494.13   .140686
   4495.10   .140629
   4496.07   .140670
   4497.05   .140761
   4498.02   .140703
   4499.00   .140575
   4499.98   .140541
   4500.95   .140546
   4501.93   .140507
   4502.91   .140556
   4503.89   .140471
   4504.86   .140365
   4505.84   .140415
   4506.82   .140398
   4507.80   .140371
   4508.78   .140300
   4509.76   .140292
   4510.74   .140365
   4511.72   .140367
   4512.71   .140276
   4513.69   .140201
   4514.67   .140185
   4515.65   .140098
   4516.64   .140006
   4517.62   .140037
   4518.60   .140066
   4519.59   .140010
   4520.57   .139968
   4521.56   .139941
   4522.55   .139934
   4523.53   .139934
   4524.52   .139921
   4525.51   .139856
   4526.49   .139833
   4527.48   .139788
   4528.47   .139725
   4529.46   .139763
   4530.45   .139794
   4531.44   .139681
   4532.43   .139600
   4533.42   .139622
   4534.41   .139608
   4535.40   .139487
   4536.39   .139474
   4537.39   .139479
   4538.38   .139361
   4539.37   .139328
   4540.37   .139339
   4541.36   .139288
   4542.36   .139293
   4543.35   .139215
   4544.35   .139155
   4545.34   .139249
   4546.34   .139141
   4547.34   .138983
   4548.33   .138965
   4549.33   .138930
   4550.33   .138935
   4551.33   .138926
   4552.33   .138897
   4553.33   .138869
   4554.33   .138875
   4555.33   .138770
   4556.33   .138649
   4557.33   .138714
   4558.33   .138720
   4559.33   .138662
   4560.33   .138600
   4561.34   .138518
   4562.34   .138488
   4563.34   .138491
   4564.35   .138413
   4565.35   .138322
   4566.36   .138309
   4567.36   .138249
   4568.37   .138231
   4569.38   .138163
   4570.38   .138124
   4571.39   .138096
   4572.40   .138088
   4573.41   .138054
   4574.42   .137990
   4575.43   .137955
   4576.44   .137940
   4577.45   .137885
   4578.46   .137839
   4579.47   .137780
   4580.48   .137677
   4581.49   .137630
   4582.50   .137636
   4583.52   .137581
   4584.53   .137456
   4585.54   .137351
   4586.56   .137239
   4587.57   .137112
   4588.59   .137138
   4589.60   .137205
   4590.62   .137122
   4591.63   .137020
   4592.65   .136901
   4593.67   .136856
   4594.69   .136890
   4595.70   .136927
   4596.72   .136829
   4597.74   .136675
   4598.76   .136624
   4599.78   .136604
   4600.80   .136605
   4601.82   .136562
   4602.84   .136433
   4603.87   .136320
   4604.89   .136300
   4605.91   .136237
   4606.93   .136127
   4607.96   .136066
   4608.98   .136043
   4610.01   .135962
   4611.03   .135925
   4612.06   .135944
   4613.08   .135869
   4614.11   .135755
   4615.14   .135613
   4616.16   .135574
   4617.19   .135580
   4618.22   .135571
   4619.25   .135469
   4620.28   .135341
   4621.31   .135291
   4622.34   .135239
   4623.37   .135164
   4624.40   .135069
   4625.43   .135027
   4626.46   .134976
   4627.49   .134856
   4628.52   .134774
   4629.56   .134742
   4630.59   .134623
   4631.63   .134490
   4632.66   .134522
   4633.70   .134537
   4634.73   .134483
   4635.77   .134389
   4636.80   .134263
   4637.84   .134189
   4638.88   .134134
   4639.92   .134024
   4640.95   .133961
   4641.99   .133878
   4643.03   .133790
   4644.07   .133713
   4645.11   .133685
   4646.15   .133612
   4647.19   .133443
   4648.23   .133288
   4649.28   .133212
   4650.32   .133232
   4651.36   .133252
   4652.41   .133195
   4653.45   .133087
   4654.49   .132947
   4655.54   .132840
   4656.58   .132801
   4657.63   .132762
   4658.68   .132665
   4659.72   .132671
   4660.77   .132637
   4661.82   .132454
   4662.87   .132305
   4663.92   .132310
   4664.97   .132270
   4666.01   .132112
   4667.06   .131975
   4668.12   .131940
   4669.17   .131955
   4670.22   .131895
   4671.27   .131783
   4672.32   .131669
   4673.38   .131593
   4674.43   .131565
   4675.48   .131590
   4676.54   .131483
   4677.59   .131323
   4678.65   .131227
   4679.70   .131160
   4680.76   .131076
   4681.81   .131029
   4682.87   .130945
   4683.93   .130837
   4684.99   .130782
   4686.05   .130716
   4687.10   .130638
   4688.16   .130620
   4689.22   .130559
   4690.28   .130452
   4691.35   .130329
   4692.41   .130259
   4693.47   .130154
   4694.53   .130076
   4695.59   .130056
   4696.66   .129940
   4697.72   .129852
   4698.79   .129808
   4699.85   .129667
   4700.92   .129457
   4701.98   .129413
   4703.05   .129379
   4704.11   .129260
   4705.18   .129256
   4706.25   .129225
   4707.32   .129145
   4708.39   .128981
   4709.46   .128890
   4710.53   .128898
   4711.60   .128810
   4712.67   .128716
   4713.74   .128724
   4714.81   .128664
   4715.88   .128543
   4716.95   .128380
   4718.03   .128214
   4719.10   .128181
   4720.17   .128119
   4721.25   .128064
   4722.32   .128052
   4723.40   .128034
   4724.47   .127976
   4725.55   .127864
   4726.63   .127729
   4727.71   .127712
   4728.78   .127654
   4729.86   .127530
   4730.94   .127490
   4732.02   .127491
   4733.10   .127425
   4734.18   .127304
   4735.26   .127225
   4736.34   .127144
   4737.43   .127074
   4738.51   .126957
   4739.59   .126847
   4740.67   .126789
   4741.76   .126653
   4742.84   .126552
   4743.93   .126529
   4745.01   .126551
   4746.10   .126506
   4747.18   .126378
   4748.27   .126239
   4749.36   .126076
   4750.45   .126067
   4751.53   .126108
   4752.62   .126058
   4753.71   .125993
   4754.80   .125923
   4755.89   .125880
   4756.98   .125798
   4758.08   .125721
   4759.17   .125636
   4760.26   .125620
   4761.35   .125534
   4762.45   .125390
   4763.54   .125234
   4764.64   .125174
   4765.73   .125129
   4766.83   .125032
   4767.92   .125080
   4769.02   .125053
   4770.12   .124930
   4771.21   .124912
   4772.31   .124785
   4773.41   .124601
   4774.51   .124553
   4775.61   .124617
   4776.71   .124581
   4777.81   .124505
   4778.91   .124438
   4780.01   .124214
   4781.11   .124061
   4782.21   .124105
   4783.32   .124138
   4784.42   .124045
   4785.52   .123888
   4786.63   .123682
   4787.73   .123587
   4788.84   .123601
   4789.95   .123568
   4791.05   .123462
   4792.16   .123384
   4793.27   .123394
   4794.37   .123284
   4795.48   .123136
   4796.59   .123151
   4797.70   .123138
   4798.81   .122960
   4799.92   .122830
   4801.03   .122777
   4802.15   .122696
   4803.26   .122583
   4804.37   .122521
   4805.48   .122446
   4806.60   .122364
   4807.71   .122275
   4808.83   .122184
   4809.94   .122114
   4811.06   .121997
   4812.17   .121892
   4813.29   .121834
   4814.41   .121830
   4815.53   .121774
   4816.64   .121667
   4817.76   .121597
   4818.88   .121565
   4820.00   .121434
   4821.12   .121322
   4822.24   .121249
   4823.36   .121149
   4824.49   .121007
   4825.61   .120956
   4826.73   .120893
   4827.86   .120765
   4828.98   .120665
   4830.10   .120568
   4831.23   .120509
   4832.36   .120410
   4833.48   .120375
   4834.61   .120325
   4835.74   .120218
   4836.86   .120160
   4837.99   .120068
   4839.12   .119920
   4840.25   .119834
   4841.38   .119735
   4842.51   .119636
   4843.64   .119506
   4844.77   .119460
   4845.91   .119495
   4847.04   .119428
   4848.17   .119253
   4849.30   .119190
   4850.44   .119123
   4851.57   .118954
   4852.71   .118879
   4853.84   .118795
   4854.98   .118716
   4856.12   .118673
   4857.25   .118626
   4858.39   .118562
   4859.53   .118481
   4860.67   .118364
   4861.81   .118249
   4862.95   .118144
   4864.09   .118032
   4865.23   .118023
   4866.37   .117976
   4867.52   .117885
   4868.66   .117791
   4869.80   .117668
   4870.95   .117624
   4872.09   .117648
   4873.24   .117478
   4874.38   .117298
   4875.53   .117254
   4876.67   .117242
   4877.82   .117158
   4878.97   .116979
   4880.11   .116851
   4881.26   .116864
   4882.41   .116847
   4883.56   .116741
   4884.71   .116636
   4885.86   .116521
   4887.01   .116481
   4888.17   .116387
   4889.32   .116288
   4890.47   .116287
   4891.63   .116271
   4892.78   .116092
   4893.93   .115921
   4895.09   .115880
   4896.24   .115860
   4897.40   .115840
   4898.56   .115715
   4899.71   .115581
   4900.87   .115533
   4902.03   .115454
   4903.19   .115344
   4904.35   .115238
   4905.51   .115128
   4906.67   .115125
   4907.83   .115099
   4908.99   .114903
   4910.15   .114771
   4911.32   .114679
   4912.48   .114613
   4913.64   .114563
   4914.81   .114513
   4915.97   .114430
   4917.14   .114303
   4918.31   .114122
   4919.47   .114012
   4920.64   .114001
   4921.81   .114018
   4922.98   .113936
   4924.14   .113810
   4925.31   .113666
   4926.48   .113519
   4927.65   .113451
   4928.83   .113486
   4930.00   .113457
   4931.17   .113310
   4932.34   .113209
   4933.52   .113108
   4934.69   .113007
   4935.86   .112957
   4937.04   .112791
   4938.21   .112662
   4939.39   .112594
   4940.57   .112477
   4941.74   .112405
   4942.92   .112274
   4944.10   .112117
   4945.28   .112034
   4946.46   .112026
   4947.64   .111989
   4948.82   .111876
   4950.00   .111739
   4951.18   .111652
   4952.36   .111561
   4953.55   .111492
   4954.73   .111390
   4955.91   .111272
   4957.10   .111189
   4958.28   .111117
   4959.47   .111067
   4960.66   .111017
   4961.84   .110888
   4963.03   .110758
   4964.22   .110598
   4965.41   .110489
   4966.60   .110423
   4967.79   .110327
   4968.98   .110261
   4970.17   .110176
   4971.36   .110028
   4972.55   .109906
   4973.74   .109790
   4974.94   .109725
   4976.13   .109692
   4977.33   .109581
   4978.52   .109472
   4979.72   .109408
   4980.91   .109325
   4982.11   .109214
   4983.31   .109106
   4984.50   .109034
   4985.70   .108931
   4986.90   .108880
   4988.10   .108818
   4989.30   .108768
   4990.50   .108703
   4991.70   .108551
   4992.90   .108409
   4994.10   .108316
   4995.31   .108280
   4996.51   .108157
   4997.72   .107989
   4998.92   .107899
   5000.13   .107781
   5001.33   .107722
   5002.54   .107629
   5003.74   .107552
   5004.95   .107490
   5006.16   .107378
   5007.37   .107336
   5008.58   .107311
   5009.79   .107210
   5011.00   .107121
   5012.21   .106999
   5013.42   .106908
   5014.63   .106774
   5015.85   .106597
   5017.06   .106536
   5018.27   .106483
   5019.49   .106394
   5020.70   .106354
   5021.92   .106251
   5023.13   .106178
   5024.35   .106116
   5025.57   .105930
   5026.79   .105837
   5028.01   .105894
   5029.22   .105831
   5030.44   .105697
   5031.67   .105579
   5032.89   .105524
   5034.11   .105466
   5035.33   .105469
   5036.55   .105336
   5037.78   .105207
   5039.00   .105069
   5040.22   .104894
   5041.45   .104854
   5042.68   .104848
   5043.90   .104793
   5045.13   .104706
   5046.36   .104527
   5047.58   .104327
   5048.81   .104200
   5050.04   .104159
   5051.27   .104139
   5052.50   .104082
   5053.73   .103914
   5054.97   .103793
   5056.20   .103762
   5057.43   .103689
   5058.67   .103607
   5059.90   .103502
   5061.13   .103387
   5062.37   .103302
   5063.61   .103187
   5064.84   .103113
   5066.08   .103095
   5067.32   .102871
   5068.56   .102686
   5069.79   .102646
   5071.03   .102582
   5072.27   .102558
   5073.52   .102538
   5074.76   .102409
   5076.00   .102259
   5077.24   .102175
   5078.49   .102066
   5079.73   .101932
   5080.98   .101833
   5082.22   .101735
   5083.47   .101678
   5084.71   .101580
   5085.96   .101561
   5087.21   .101450
   5088.46   .101302
   5089.70   .101217
   5090.95   .101101
   5092.20   .101005
   5093.45   .100920
   5094.71   .100816
   5095.96   .100674
   5097.21   .100543
   5098.46   .100464
   5099.72   .100428
   5100.97   .100331
   5102.23   .100214
   5103.48   .100124
   5104.74   .100057
   5105.99   .099951
   5107.25   .099852
   5108.51   .099713
   5109.77   .099570
   5111.03   .099568
   5112.29   .099563
   5113.55   .099423
   5114.81   .099299
   5116.07   .099250
   5117.33   .099102
   5118.59   .098989
   5119.86   .098917
   5121.12   .098802
   5122.39   .098670
   5123.65   .098549
   5124.92   .098504
   5126.18   .098502
   5127.45   .098360
   5128.72   .098156
   5129.99   .098040
   5131.26   .098054
   5132.53   .097972
   5133.80   .097852
   5135.07   .097719
   5136.34   .097571
   5137.62   .097524
   5138.89   .097407
   5140.16   .097267
   5141.44   .097179
   5142.71   .097086
   5143.99   .096938
   5145.26   .096847
   5146.54   .096800
   5147.82   .096626
   5149.09   .096494
   5150.37   .096436
   5151.65   .096361
   5152.93   .096291
   5154.21   .096228
   5155.49   .096067
   5156.78   .095994
   5158.06   .095990
   5159.34   .095962
   5160.63   .095864
   5161.91   .095656
   5163.19   .095529
   5164.48   .095538
   5165.77   .095510
   5167.06   .095454
   5168.34   .095316
   5169.63   .095198
   5170.92   .095075
   5172.21   .095005
   5173.50   .094963
   5174.79   .094871
   5176.08   .094701
   5177.37   .094577
   5178.67   .094546
   5179.96   .094534
   5181.25   .094514
   5182.55   .094404
   5183.85   .094232
   5185.14   .094116
   5186.44   .094116
   5187.73   .094043
   5189.03   .093869
   5190.33   .093837
   5191.63   .093873
   5192.93   .093837
   5194.23   .093730
   5195.53   .093709
   5196.83   .093643
   5198.14   .093512
   5199.44   .093500
   5200.74   .093519
   5202.05   .093420
   5203.35   .093339
   5204.66   .093259
   5205.97   .093263
   5207.27   .093267
   5208.58   .093162
   5209.89   .093047
   5211.20   .092982
   5212.51   .092902
   5213.82   .092851
   5215.13   .092810
   5216.44   .092787
   5217.75   .092743
   5219.07   .092705
   5220.38   .092660
   5221.69   .092567
   5223.01   .092589
   5224.33   .092588
   5225.64   .092501
   5226.96   .092410
   5228.28   .092347
   5229.60   .092316
   5230.91   .092335
   5232.23   .092292
   5233.55   .092195
   5234.87   .092141
   5236.20   .092105
   5237.52   .092056
   5238.84   .091978
   5240.17   .091950
   5241.49   .091947
   5242.82   .091915
   5244.14   .091900
   5245.47   .091801
   5246.80   .091704
   5248.12   .091666
   5249.45   .091620
   5250.78   .091656
   5252.11   .091634
   5253.44   .091575
   5254.77   .091506
   5256.10   .091418
   5257.44   .091362
   5258.77   .091306
   5260.10   .091246
   5261.44   .091201
   5262.77   .091191
   5264.11   .091186
   5265.44   .091162
   5266.78   .091183
   5268.12   .091076
   5269.46   .091013
   5270.80   .090952
   5272.14   .090906
   5273.48   .090920
   5274.82   .090883
   5276.16   .090873
   5277.50   .090904
   5278.85   .090850
   5280.19   .090843
   5281.54   .090791
   5282.88   .090703
   5284.23   .090692
   5285.57   .090719
   5286.92   .090694
   5288.27   .090568
   5289.62   .090536
   5290.97   .090495
   5292.32   .090493
   5293.67   .090561
   5295.02   .090581
   5296.37   .090510
   5297.72   .090456
   5299.08   .090466
   5300.43   .090416
   5301.79   .090437
   5303.14   .090480
   5304.50   .090447
   5305.86   .090398
   5307.21   .090368
   5308.57   .090410
   5309.93   .090475
   5311.29   .090436
   5312.65   .090356
   5314.01   .090333
   5315.38   .090333
   5316.74   .090279
   5318.10   .090231
   5319.47   .090247
   5320.83   .090302
   5322.20   .090254
   5323.56   .090177
   5324.93   .090229
   5326.30   .090292
   5327.67   .090299
   5329.03   .090272
   5330.40   .090168
   5331.77   .090194
   5333.15   .090226
   5334.52   .090166
   5335.89   .090076
   5337.26   .089967
   5338.64   .089946
   5340.01   .090020
   5341.39   .090039
   5342.76   .089927
   5344.14   .089917
   5345.52   .089954
   5346.89   .089897
   5348.27   .089919
   5349.65   .089937
   5351.03   .089893
   5352.41   .089909
   5353.80   .089922
   5355.18   .089888
   5356.56   .089831
   5357.95   .089718
   5359.33   .089653
   5360.72   .089642
   5362.10   .089611
   5363.49   .089614
   5364.88   .089612
   5366.26   .089608
   5367.65   .089618
   5369.04   .089522
   5370.43   .089430
   5371.82   .089374
   5373.22   .089371
   5374.61   .089427
   5376.00   .089409
   5377.40   .089357
   5378.79   .089376
   5380.19   .089369
   5381.58   .089366
   5382.98   .089366
   5384.38   .089351
   5385.77   .089263
   5387.17   .089154
   5388.57   .089143
   5389.97   .089081
   5391.37   .089088
   5392.78   .089064
   5394.18   .089039
   5395.58   .089082
   5396.99   .089107
   5398.39   .089014
   5399.80   .088917
   5401.20   .088879
   5402.61   .088928
   5404.02   .088876
   5405.43   .088764
   5406.84   .088708
   5408.25   .088614
   5409.66   .088630
   5411.07   .088705
   5412.48   .088710
   5413.89   .088641
   5415.31   .088585
   5416.72   .088629
   5418.14   .088559
   5419.55   .088440
   5420.97   .088457
   5422.38   .088528
   5423.80   .088523
   5425.22   .088448
   5426.64   .088455
   5428.06   .088468
   5429.48   .088430
   5430.90   .088323
   5432.33   .088288
   5433.75   .088295
   5435.18   .088262
   5436.60   .088250
   5438.03   .088222
   5439.45   .088248
   5440.88   .088244
   5442.31   .088087
   5443.74   .088029
   5445.17   .088059
   5446.59   .088054
   5448.03   .088064
   5449.46   .088105
   5450.89   .088063
   5452.32   .088018
   5453.76   .088028
   5455.19   .088034
   5456.63   .087969
   5458.06   .087950
   5459.50   .087962
   5460.94   .087944
   5462.37   .087894
   5463.81   .087937
   5465.25   .087938
   5466.69   .087891
   5468.13   .087892
   5469.58   .087895
   5471.02   .087899
   5472.46   .087862
   5473.91   .087808
   5475.35   .087821
   5476.80   .087806
   5478.24   .087786
   5479.69   .087788
   5481.14   .087712
   5482.59   .087737
   5484.04   .087781
   5485.49   .087759
   5486.94   .087781
   5488.40   .087782
   5489.85   .087813
   5491.30   .087805
   5492.75   .087721
   5494.21   .087694
   5495.67   .087688
   5497.12   .087698
   5498.58   .087689
   5500.04   .087664
   5501.50   .087755
   5502.96   .087805
   5504.42   .087739
   5505.88   .087697
   5507.34   .087620
   5508.80   .087585
   5510.27   .087661
   5511.73   .087654
   5513.20   .087633
   5514.66   .087610
   5516.13   .087592
   5517.60   .087637
   5519.06   .087598
   5520.53   .087551
   5522.00   .087519
   5523.48   .087508
   5524.95   .087521
   5526.42   .087477
   5527.89   .087390
   5529.37   .087446
   5530.84   .087533
   5532.32   .087479
   5533.79   .087440
   5535.27   .087414
   5536.75   .087398
   5538.23   .087450
   5539.70   .087379
   5541.18   .087244
   5542.67   .087252
   5544.15   .087217
   5545.63   .087215
   5547.11   .087163
   5548.60   .087114
   5550.08   .087163
   5551.57   .087170
   5553.05   .087087
   5554.54   .087024
   5556.03   .087011
   5557.52   .086953
   5559.01   .086877
   5560.50   .086902
   5561.99   .086843
   5563.48   .086758
   5564.98   .086664
   5566.47   .086569
   5567.96   .086568
   5569.46   .086549
   5570.96   .086560
   5572.45   .086535
   5573.95   .086464
   5575.45   .086452
   5576.95   .086457
   5578.45   .086352
   5579.95   .086258
   5581.45   .086228
   5582.95   .086214
   5584.46   .086061
   5585.96   .085903
   5587.46   .085836
   5588.97   .085804
   5590.48   .085751
   5591.98   .085674
   5593.49   .085644
   5595.00   .085576
   5596.51   .085501
   5598.02   .085471
   5599.53   .085377
   5601.04   .085279
   5602.56   .085231
   5604.07   .085149
   5605.59   .085102
   5607.10   .085036
   5608.62   .084998
   5610.14   .084984
   5611.65   .084907
   5613.17   .084841
   5614.69   .084816
   5616.21   .084748
   5617.73   .084634
   5619.26   .084582
   5620.78   .084540
   5622.30   .084511
   5623.83   .084505
   5625.35   .084496
   5626.88   .084375
   5628.41   .084321
   5629.93   .084314
   5631.46   .084256
   5632.99   .084144
   5634.52   .084070
   5636.05   .083998
   5637.59   .083895
   5639.12   .083879
   5640.65   .083886
   5642.19   .083796
   5643.72   .083743
   5645.26   .083739
   5646.79   .083699
   5648.33   .083554
   5649.87   .083533
   5651.41   .083579
   5652.95   .083581
   5654.50   .083539
   5656.04   .083441
   5657.58   .083352
   5659.12   .083342
   5660.67   .083310
   5662.21   .083314
   5663.76   .083307
   5665.31   .083302
   5666.85   .083222
   5668.40   .083135
   5669.95   .083115
   5671.50   .083104
   5673.05   .083125
   5674.61   .083092
   5676.16   .083015
   5677.71   .082980
   5679.27   .082971
   5680.82   .082898
   5682.38   .082842
   5683.94   .082904
   5685.50   .082872
   5687.05   .082840
   5688.61   .082853
   5690.18   .082805
   5691.74   .082704
   5693.30   .082674
   5694.86   .082680
   5696.43   .082658
   5697.99   .082631
   5699.56   .082649
   5701.13   .082631
   5702.69   .082562
   5704.26   .082590
   5705.83   .082536
   5707.40   .082416
   5708.97   .082385
   5710.54   .082447
   5712.12   .082422
   5713.69   .082375
   5715.27   .082373
   5716.84   .082388
   5718.42   .082348
   5719.99   .082337
   5721.57   .082224
   5723.15   .082175
   5724.73   .082303
   5726.31   .082297
   5727.89   .082196
   5729.47   .082110
   5731.06   .082047
   5732.64   .081987
   5734.23   .081933
   5735.81   .081947
   5737.40   .081914
   5738.99   .081906
   5740.58   .081883
   5742.17   .081860
   5743.76   .081873
   5745.35   .081800
   5746.94   .081698
   5748.53   .081602
   5750.13   .081509
   5751.72   .081542
   5753.32   .081564
   5754.91   .081490
   5756.51   .081472
   5758.11   .081417
   5759.71   .081364
   5761.31   .081349
   5762.91   .081300
   5764.51   .081168
   5766.11   .081108
   5767.72   .081080
   5769.32   .081017
   5770.93   .081033
   5772.53   .081045
   5774.14   .080965
   5775.75   .080843
   5777.36   .080774
   5778.97   .080659
   5780.58   .080609
   5782.19   .080581
   5783.80   .080478
   5785.42   .080356
   5787.03   .080285
   5788.65   .080288
   5790.26   .080267
   5791.88   .080168
   5793.50   .080064
   5795.12   .079978
   5796.74   .079953
   5798.36   .079940
   5799.98   .079886
   5801.60   .079896
   5803.22   .079835
   5804.85   .079727
   5806.47   .079631
   5808.10   .079532
   5809.73   .079445
   5811.35   .079344
   5812.98   .079330
   5814.61   .079250
   5816.24   .079146
   5817.87   .079104
   5819.51   .079096
   5821.14   .078967
   5822.77   .078846
   5824.41   .078840
   5826.05   .078841
   5827.69   .078757
   5829.32   .078658
   5830.96   .078582
   5832.60   .078552
   5834.24   .078458
   5835.89   .078339
   5837.53   .078261
   5839.17   .078191
   5840.81   .078204
   5842.46   .078204
   5844.11   .078112
   5845.75   .077989
   5847.40   .077807
   5849.05   .077651
   5850.70   .077620
   5852.35   .077590
   5854.00   .077522
   5855.66   .077408
   5857.31   .077321
   5858.96   .077272
   5860.62   .077157
   5862.28   .077074
   5863.93   .077003
   5865.59   .076953
   5867.25   .076941
   5868.91   .076853
   5870.57   .076644
   5872.24   .076525
   5873.90   .076515
   5875.57   .076435
   5877.23   .076320
   5878.90   .076200
   5880.56   .076096
   5882.23   .075992
   5883.90   .075920
   5885.57   .075847
   5887.24   .075790
   5888.91   .075712
   5890.58   .075483
   5892.26   .075335
   5893.93   .075289
   5895.61   .075162
   5897.28   .075048
   5898.96   .075047
   5900.64   .074950
   5902.32   .074852
   5904.00   .074691
   5905.68   .074581
   5907.36   .074422
   5909.04   .074332
   5910.73   .074297
   5912.41   .074211
   5914.10   .074111
   5915.79   .073940
   5917.47   .073814
   5919.16   .073719
   5920.86   .073620
   5922.55   .073442
   5924.24   .073294
   5925.93   .073282
   5927.63   .073259
   5929.32   .073017
   5931.02   .072829
   5932.71   .072832
   5934.41   .072669
   5936.11   .072561
   5937.81   .072491
   5939.51   .072342
   5941.21   .072204
   5942.91   .072068
   5944.61   .071911
   5946.32   .071815
   5948.02   .071748
   5949.73   .071636
   5951.44   .071545
   5953.15   .071513
   5954.85   .071443
   5956.56   .071233
   5958.28   .071052
   5959.99   .070984
   5961.70   .070921
   5963.42   .070744
   5965.13   .070609
   5966.85   .070516
   5968.56   .070415
   5970.28   .070334
   5972.00   .070255
   5973.72   .070077
   5975.44   .069992
   5977.16   .069924
   5978.89   .069794
   5980.61   .069697
   5982.34   .069666
   5984.07   .069648
   5985.79   .069527
   5987.52   .069381
   5989.25   .069253
   5990.98   .069188
   5992.71   .069155
   5994.44   .069116
   5996.18   .069154
   5997.91   .068960
   5999.64   .068776
   6001.38   .068778
   6003.12   .068764
   6004.85   .068650
   6006.59   .068620
   6008.33   .068546
   6010.08   .068405
   6011.82   .068361
   6013.56   .068294
   6015.31   .068258
   6017.05   .068249
   6018.80   .068193
   6020.54   .068038
   6022.29   .067915
   6024.04   .068014
   6025.79   .068076
   6027.54   .067981
   6029.30   .067937
   6031.05   .067916
   6032.80   .067859
   6034.56   .067791
   6036.32   .067691
   6038.07   .067656
   6039.83   .067771
   6041.59   .067754
   6043.35   .067712
   6045.11   .067654
   6046.88   .067579
   6048.64   .067561
   6050.40   .067618
   6052.17   .067625
   6053.94   .067549
   6055.70   .067485
   6057.47   .067481
   6059.24   .067481
   6061.01   .067507
   6062.78   .067520
   6064.56   .067422
   6066.33   .067415
   6068.10   .067406
   6069.88   .067371
   6071.66   .067363
   6073.44   .067330
   6075.22   .067241
   6077.00   .067291
   6078.78   .067409
   6080.56   .067458
   6082.35   .067410
   6084.13   .067337
   6085.92   .067277
   6087.70   .067220
   6089.49   .067258
   6091.28   .067344
   6093.07   .067355
   6094.86   .067220
   6096.65   .067148
   6098.44   .067181
   6100.23   .067214
   6102.03   .067243
   6103.82   .067198
   6105.62   .067139
   6107.42   .067008
   6109.22   .066940
   6111.02   .066852
   6112.82   .066780
   6114.62   .066925
   6116.42   .067032
   6118.23   .066985
   6120.03   .066920
   6121.84   .066852
   6123.65   .066757
   6125.46   .066678
   6127.27   .066701
   6129.08   .066690
   6130.89   .066632
   6132.71   .066603
   6134.52   .066548
   6136.33   .066535
   6138.15   .066526
   6139.97   .066438
   6141.79   .066378
   6143.60   .066331
   6145.43   .066279
   6147.25   .066269
   6149.07   .066254
   6150.89   .066187
   6152.72   .066195
   6154.54   .066100
   6156.37   .066068
   6158.20   .066106
   6160.03   .066042
   6161.86   .065959
   6163.69   .065998
   6165.52   .065927
   6167.35   .065786
   6169.19   .065693
   6171.02   .065716
   6172.86   .065730
   6174.70   .065758
   6176.54   .065706
   6178.38   .065597
   6180.22   .065543
   6182.06   .065525
   6183.91   .065474
   6185.75   .065423
   6187.60   .065425
   6189.44   .065450
   6191.29   .065450
   6193.14   .065385
   6194.99   .065283
   6196.84   .065315
   6198.69   .065312
   6200.55   .065296
   6202.40   .065296
   6204.26   .065233
   6206.11   .065233
   6207.97   .065185
   6209.83   .065125
   6211.69   .065093
   6213.55   .065068
   6215.41   .065090
   6217.27   .065121
   6219.14   .065073
   6221.00   .065018
   6222.87   .065013
   6224.74   .064998
   6226.61   .064949
   6228.48   .064964
   6230.35   .065012
   6232.22   .064982
   6234.10   .064975
   6235.97   .065006
   6237.85   .064991
   6239.72   .064882
   6241.60   .064828
   6243.48   .064848
   6245.36   .064861
   6247.24   .064975
   6249.12   .065058
   6251.01   .064980
   6252.89   .064891
   6254.78   .064962
   6256.66   .065037
   6258.55   .064998
   6260.44   .064992
   6262.33   .065029
   6264.22   .064935
   6266.11   .064938
   6268.01   .065012
   6269.90   .064973
   6271.80   .064898
   6273.70   .064961
   6275.59   .065044
   6277.49   .065036
   6279.39   .065079
   6281.30   .065028
   6283.20   .064952
   6285.11   .064989
   6287.01   .065048
   6288.92   .065096
   6290.83   .065029
   6292.73   .064989
   6294.64   .064978
   6296.56   .064971
   6298.47   .065025
   6300.38   .065034
   6302.29   .065063
   6304.21   .065115
   6306.13   .065122
   6308.04   .065034
   6309.96   .065014
   6311.88   .065141
   6313.81   .065190
   6315.73   .065214
   6317.65   .065244
   6319.58   .065219
   6321.50   .065243
   6323.43   .065335
   6325.36   .065319
   6327.29   .065312
   6329.22   .065377
   6331.15   .065404
   6333.08   .065362
   6335.02   .065384
   6336.95   .065419
   6338.90   .065373
   6340.83   .065276
   6342.77   .065330
   6344.71   .065398
   6346.65   .065504
   6348.60   .065679
   6350.54   .065723
   6352.49   .065565
   6354.43   .065489
   6356.38   .065557
   6358.33   .065560
   6360.28   .065577
   6362.23   .065679
   6364.18   .065822
   6366.13   .065859
   6368.09   .065763
   6370.04   .065724
   6372.00   .065734
   6373.96   .065874
   6375.92   .065926
   6377.88   .065911
   6379.84   .065971
   6381.80   .065967
   6383.77   .065978
   6385.73   .066042
   6387.70   .066120
   6389.67   .066086
   6391.64   .066012
   6393.61   .066000
   6395.58   .066044
   6397.56   .066114
   6399.53   .066181
   6401.51   .066178
   6403.48   .066162
   6405.46   .066229
   6407.44   .066254
   6409.42   .066192
   6411.40   .066136
   6413.38   .066216
   6415.37   .066256
   6417.35   .066266
   6419.34   .066357
   6421.32   .066434
   6423.31   .066444
   6425.30   .066423
   6427.29   .066410
   6429.29   .066327
   6431.28   .066302
   6433.28   .066325
   6435.27   .066356
   6437.27   .066364
   6439.27   .066401
   6441.27   .066403
   6443.27   .066459
   6445.27   .066532
   6447.27   .066422
   6449.28   .066417
   6451.29   .066419
   6453.30   .066318
   6455.30   .066311
   6457.31   .066387
   6459.33   .066390
   6461.34   .066317
   6463.35   .066308
   6465.37   .066296
   6467.38   .066358
   6469.40   .066400
   6471.42   .066359
   6473.44   .066361
   6475.46   .066283
   6477.48   .066326
   6479.50   .066380
   6481.53   .066334
   6483.56   .066312
   6485.58   .066330
   6487.61   .066266
   6489.64   .066209
   6491.67   .066211
   6493.71   .066246
   6495.74   .066228
   6497.77   .066198
   6499.81   .066264
   6501.85   .066394
   6503.89   .066324
   6505.93   .066258
   6507.97   .066232
   6510.01   .066186
   6512.06   .066221
   6514.10   .066189
   6516.15   .066145
   6518.20   .066132
   6520.25   .066133
   6522.30   .066113
   6524.35   .066122
   6526.40   .066101
   6528.46   .066075
   6530.51   .066102
   6532.57   .066109
   6534.63   .066115
   6536.69   .066117
   6538.75   .066112
   6540.81   .066013
   6542.87   .065987
   6544.94   .065986
   6547.00   .065911
   6549.07   .065899
   6551.14   .065878
   6553.21   .065869
   6555.28   .065944
   6557.35   .065914
   6559.43   .065888
   6561.50   .065879
   6563.58   .065888
   6565.66   .065840
   6567.74   .065806
   6569.82   .065842
   6571.90   .065902
   6573.98   .065878
   6576.07   .065855
   6578.15   .065808
   6580.24   .065741
   6582.33   .065713
   6584.42   .065670
   6586.51   .065680
   6588.60   .065682
   6590.70   .065635
   6592.79   .065588
   6594.89   .065535
   6596.99   .065543
   6599.08   .065595
   6601.19   .065603
   6603.29   .065629
   6605.39   .065618
   6607.49   .065508
   6609.60   .065531
   6611.71   .065570
   6613.82   .065571
   6615.93   .065552
   6618.04   .065526
   6620.15   .065451
   6622.26   .065418
   6624.38   .065466
   6626.49   .065513
   6628.61   .065535
   6630.73   .065562
   6632.85   .065507
   6634.97   .065463
   6637.10   .065424
   6639.23   .065477
   6641.35   .065495
   6643.48   .065432
   6645.61   .065387
   6647.74   .065425
   6649.87   .065484
   6652.00   .065442
   6654.14   .065360
   6656.27   .065286
   6658.41   .065255
   6660.55   .065296
   6662.69   .065471
   6664.83   .065472
   6666.97   .065350
   6669.11   .065330
   6671.26   .065375
   6673.40   .065360
   6675.55   .065367
   6677.70   .065346
   6679.85   .065324
   6682.00   .065275
   6684.16   .065289
   6686.31   .065336
   6688.47   .065353
   6690.63   .065282
   6692.79   .065251
   6694.95   .065167
   6697.11   .065096
   6699.27   .065169
   6701.44   .065221
   6703.61   .065231
   6705.77   .065233
   6707.94   .065147
   6710.11   .065059
   6712.28   .065064
   6714.46   .065085
   6716.63   .065072
   6718.81   .065083
   6720.98   .065028
   6723.16   .064957
   6725.34   .064948
   6727.52   .064856
   6729.71   .064791
   6731.89   .064787
   6734.08   .064798
   6736.26   .064775
   6738.45   .064749
   6740.64   .064699
   6742.83   .064673
   6745.03   .064713
   6747.22   .064645
   6749.42   .064502
   6751.61   .064440
   6753.81   .064401
   6756.01   .064348
   6758.22   .064314
   6760.42   .064188
   6762.63   .064072
   6764.83   .064098
   6767.04   .064099
   6769.25   .064008
   6771.46   .063933
   6773.67   .063870
   6775.88   .063765
   6778.10   .063765
   6780.31   .063782
   6782.53   .063677
   6784.75   .063647
   6786.97   .063513
   6789.19   .063287
   6791.41   .063218
   6793.64   .063216
   6795.86   .063116
   6798.09   .063026
   6800.32   .062878
   6802.55   .062731
   6804.78   .062716
   6807.01   .062683
   6809.25   .062615
   6811.49   .062484
   6813.72   .062423
   6815.96   .062364
   6818.20   .062306
   6820.45   .062282
   6822.69   .062320
   6824.94   .062286
   6827.19   .062171
   6829.43   .062210
   6831.68   .062148
   6833.93   .062068
   6836.19   .062064
   6838.44   .061947
   6840.70   .061915
   6842.95   .061921
   6845.21   .061837
   6847.47   .061839
   6849.73   .061872
   6851.99   .061826
   6854.26   .061762
   6856.52   .061742
   6858.79   .061642
   6861.06   .061601
   6863.33   .061579
   6865.60   .061515
   6867.88   .061414
   6870.15   .061422
   6872.43   .061447
   6874.71   .061416
   6876.99   .061353
   6879.27   .061295
   6881.55   .061223
   6883.84   .061173
   6886.12   .061177
   6888.41   .061174
   6890.70   .061065
   6892.99   .060992
   6895.28   .060927
   6897.57   .060863
   6899.87   .060853
   6902.16   .060873
   6904.46   .060781
   6906.76   .060684
   6909.06   .060621
   6911.36   .060522
   6913.67   .060460
   6915.97   .060418
   6918.28   .060375
   6920.59   .060372
   6922.90   .060353
   6925.21   .060269
   6927.52   .060168
   6929.84   .060140
   6932.15   .060083
   6934.47   .060006
   6936.79   .059927
   6939.11   .059810
   6941.43   .059770
   6943.76   .059804
   6946.08   .059808
   6948.42   .059710
   6950.74   .059584
   6953.07   .059522
   6955.41   .059516
   6957.74   .059444
   6960.07   .059347
   6962.41   .059290
   6964.75   .059192
   6967.09   .059074
   6969.43   .059037
   6971.77   .058959
   6974.12   .058878
   6976.46   .058813
   6978.81   .058836
   6981.16   .058827
   6983.51   .058726
   6985.86   .058675
   6988.21   .058581
   6990.57   .058485
   6992.93   .058422
   6995.29   .058353
   6997.65   .058247
   7000.01   .058166
   7002.37   .058149
   7004.74   .058025
   7007.10   .057903
   7009.47   .057914
   7011.84   .057849
   7014.22   .057705
   7016.59   .057594
   7018.96   .057549
   7021.34   .057525
   7023.72   .057474
   7026.10   .057314
   7028.48   .057212
   7030.86   .057180
   7033.24   .057182
   7035.63   .057199
   7038.02   .057109
   7040.41   .056946
   7042.80   .056818
   7045.19   .056745
   7047.58   .056705
   7049.98   .056582
   7052.38   .056486
   7054.78   .056451
   7057.18   .056346
   7059.58   .056253
   7061.98   .056135
   7064.39   .056054
   7066.79   .056004
   7069.20   .055885
   7071.61   .055798
   7074.03   .055669
   7076.44   .055596
   7078.85   .055569
   7081.27   .055514
   7083.69   .055459
   7086.11   .055368
   7088.54   .055271
   7090.96   .055212
   7093.39   .055157
   7095.81   .055058
   7098.24   .055078
   7100.67   .055054
   7103.10   .054838
   7105.54   .054709
   7107.97   .054729
   7110.41   .054649
   7112.85   .054451
   7115.29   .054346
   7117.73   .054301
   7120.17   .054326
   7122.62   .054302
   7125.06   .054216
   7127.51   .054123
   7129.96   .054003
   7132.41   .053879
   7134.87   .053757
   7137.32   .053695
   7139.78   .053590
   7142.24   .053532
   7144.70   .053548
   7147.16   .053423
   7149.63   .053322
   7152.09   .053276
   7154.56   .053186
   7157.03   .053153
   7159.50   .053022
   7161.97   .052914
   7164.45   .052766
   7166.92   .052667
   7169.40   .052657
   7171.88   .052616
   7174.36   .052475
   7176.84   .052433
   7179.33   .052317
   7181.81   .052180
   7184.30   .052140
   7186.79   .052066
   7189.28   .051975
   7191.77   .051942
   7194.27   .051805
   7196.77   .051619
   7199.26   .051512
   7201.76   .051372
   7204.26   .051224
   7206.77   .051160
   7209.27   .051153
   7211.78   .051114
   7214.29   .051052
   7216.80   .050879
   7219.31   .050758
   7221.82   .050693
   7224.34   .050536
   7226.86   .050431
   7229.38   .050367
   7231.90   .050306
   7234.42   .050212
   7236.95   .050065
   7239.47   .049924
   7242.00   .049782
   7244.53   .049611
   7247.06   .049482
   7249.60   .049394
   7252.13   .049308
   7254.67   .049256
   7257.21   .049098
   7259.75   .048920
   7262.29   .048875
   7264.83   .048776
   7267.38   .048660
   7269.92   .048602
   7272.47   .048509
   7275.02   .048412
   7277.58   .048300
   7280.13   .048268
   7282.69   .048152
   7285.25   .047975
   7287.81   .047912
   7290.37   .047781
   7292.93   .047608
   7295.50   .047523
   7298.06   .047337
   7300.63   .047151
   7303.20   .047107
   7305.78   .047062
   7308.35   .046965
   7310.93   .046862
   7313.51   .046762
   7316.09   .046590
   7318.67   .046389
   7321.25   .046257
   7323.84   .046167
   7326.43   .046067
   7329.01   .045951
   7331.61   .045762
   7334.20   .045654
   7336.79   .045634
   7339.39   .045457
   7341.99   .045189
   7344.59   .045046
   7347.19   .045014
   7349.79   .044981
   7352.40   .044854
   7355.00   .044703
   7357.61   .044504
   7360.23   .044379
   7362.84   .044376
   7365.45   .044261
   7368.07   .044134
   7370.69   .043947
   7373.31   .043809
   7375.93   .043695
   7378.55   .043483
   7381.19   .043285
   7383.81   .043171
   7386.44   .043087
   7389.07   .042993
   7391.71   .042845
   7394.34   .042733
   7396.98   .042469
   7399.62   .042301
   7402.26   .042209
   7404.90   .042088
   7407.55   .041986
   7410.19   .041847
   7412.84   .041666
   7415.49   .041470
   7418.14   .041357
   7420.80   .041250
   7423.46   .041147
   7426.11   .040995
   7428.77   .040770
   7431.44   .040522
   7434.10   .040349
   7436.76   .040287
   7439.43   .040283
   7442.10   .040198
   7444.77   .039947
   7447.45   .039742
   7450.12   .039661
   7452.80   .039531
   7455.48   .039287
   7458.16   .039150
   7460.85   .039112
   7463.53   .038976
   7466.22   .038809
   7468.91   .038640
   7471.60   .038449
   7474.29   .038388
   7476.98   .038271
   7479.68   .038109
   7482.38   .038050
   7485.08   .037949
   7487.78   .037770
   7490.49   .037631
   7493.19   .037544
   7495.90   .037312
   7498.61   .037094
   7501.32   .036907
   7504.04   .036717
   7506.75   .036583
   7509.47   .036427
   7512.19   .036256
   7514.91   .036115
   7517.63   .036016
   7520.36   .035900
   7523.09   .035714
   7525.82   .035537
   7528.55   .035311
   7531.29   .035222
   7534.02   .035152
   7536.76   .034953
   7539.50   .034816
   7542.24   .034689
   7544.99   .034609
   7547.73   .034482
   7550.48   .034196
   7553.23   .034033
   7555.98   .033958
   7558.74   .033776
   7561.49   .033586
   7564.25   .033415
   7567.01   .033272
   7569.77   .033125
   7572.53   .033046
   7575.30   .032818
   7578.07   .032700
   7580.84   .032550
   7583.61   .032336
   7586.38   .032226
   7589.16   .032130
   7591.94   .031976
   7594.72   .031760
   7597.50   .031579
   7600.28   .031416
   7603.07   .031283
   7605.86   .031152
   7608.65   .030982
   7611.45   .030813
   7614.24   .030643
   7617.04   .030480
   7619.83   .030407
   7622.64   .030256
   7625.44   .030065
   7628.24   .029919
   7631.05   .029799
   7633.86   .029671
   7636.67   .029457
   7639.48   .029197
   7642.30   .028997
   7645.11   .028920
   7647.93   .028792
   7650.75   .028577
   7653.58   .028374
   7656.40   .028259
   7659.23   .028112
   7662.06   .027913
   7664.89   .027780
   7667.72   .027655
   7670.56   .027455
   7673.40   .027319
   7676.24   .027121
   7679.08   .026903
   7681.92   .026773
   7684.77   .026700
   7687.62   .026557
   7690.47   .026346
   7693.33   .026093
   7696.18   .025965
   7699.04   .025820
   7701.90   .025611
   7704.76   .025437
   7707.62   .025271
   7710.49   .025064
   7713.35   .024888
   7716.22   .024765
   7719.10   .024588
   7721.97   .024401
   7724.85   .024343
   7727.72   .024184
   7730.60   .023959
   7733.49   .023732
   7736.37   .023613
   7739.26   .023494
   7742.15   .023355
   7745.04   .023213
   7747.93   .023012
   7750.83   .022803
   7753.72   .022538
   7756.62   .022430
   7759.53   .022289
   7762.43   .021992
   7765.34   .021803
   7768.25   .021722
   7771.16   .021594
   7774.08   .021416
   7776.99   .021260
   7779.91   .021127
   7782.83   .020956
   7785.75   .020775
   7788.67   .020527
   7791.60   .020292
   7794.53   .020138
   7797.46   .020010
   7800.39   .019831
   7803.32   .019656
   7806.26   .019454
   7809.20   .019332
   7812.14   .019211
   7815.08   .019028
   7818.03   .018842
   7820.98   .018740
   7823.93   .018576
   7826.88   .018336
   7829.84   .018076
   7832.79   .017886
   7835.75   .017754
   7838.71   .017568
   7841.68   .017569
   7844.64   .017408
   7847.61   .017201
   7850.59   .017013
   7853.56   .016872
   7856.54   .016578
   7859.51   .016371
   7862.49   .016259
   7865.47   .016113
   7868.46   .015934
   7871.44   .015708
   7874.43   .015593
   7877.42   .015557
   7880.42   .015413
   7883.41   .015107
   7886.41   .014808
   7889.41   .014703
   7892.41   .014688
   7895.42   .014533
   7898.42   .014300
   7901.43   .014115
   7904.44   .014044
   7907.46   .013814
   7910.47   .013608
   7913.49   .013473
   7916.51   .013284
   7919.53   .013217
   7922.56   .013201
   7925.59   .013036
   7928.62   .012809
   7931.65   .012605
   7934.69   .012512
   7937.72   .012446
   7940.76   .012179
   7943.81   .012017
   7946.85   .011867
   7949.90   .011670
   7952.94   .011585
   7955.99   .011453
   7959.05   .011259
   7962.10   .011185
   7965.16   .011074
   7968.22   .010925
   7971.28   .010798
   7974.35   .010657
   7977.41   .010487
   7980.48   .010378
   7983.56   .010282
   7986.63   .010066
   7989.71   .009889
   7992.79   .009872
   7995.87   .009782
   7998.95   .009524
   8002.04   .009386
   8005.12   .009383
   8008.22   .009405
   8011.31   .009321
   8014.40   .009017
   8017.50   .008859
   8020.60   .008886
   8023.71   .008761
   8026.82   .008545
   8029.92   .008458
   8033.03   .008306
   8036.15   .008118
   8039.26   .008096
   8042.38   .008053
   8045.50   .007914
   8048.62   .007819
   8051.74   .007849
   8054.87   .007766
   8058.00   .007517
   8061.13   .007325
   8064.27   .007321
   8067.40   .007317
   8070.54   .007212
   8073.69   .007133
   8076.83   .007175
   8079.98   .007134
   8083.13   .007027
   8086.28   .006834
   8089.44   .006745
   8092.59   .006807
   8095.75   .006767
   8098.91   .006647
   8102.07   .006497
   8105.24   .006419
   8108.41   .006236
   8111.58   .006144
   8114.75   .006253
   8117.93   .006178
   8121.11   .006065
   8124.29   .006023
   8127.48   .006024
   8130.66   .006066
   8133.85   .006082
   8137.04   .005987
   8140.24   .005798
   8143.43   .005772
   8146.63   .005755
   8149.83   .005638
   8153.04   .005582
   8156.24   .005602
   8159.45   .005625
   8162.66   .005660
   8165.88   .005631
   8169.09   .005487
   8172.31   .005383
   8175.53   .005386
   8178.75   .005403
   8181.98   .005421
   8185.21   .005383
   8188.44   .005288
   8191.68   .005248
   8194.91   .005222
   8198.15   .005163
   8201.40   .005138
   8204.64   .005263
   8207.89   .005359
   8211.14   .005246
   8214.39   .005199
   8217.65   .005213
   8220.90   .005265
   8224.17   .005330
   8227.42   .005327
   8230.69   .005202
   8233.96   .005104
   8237.23   .005138
   8240.50   .005234
   8243.78   .005224
   8247.05   .005040
   8250.33   .004977
   8253.62   .005135
   8256.91   .005237
   8260.20   .005337
   8263.49   .005375
   8266.78   .005287
   8270.08   .005186
   8273.38   .005254
   8276.68   .005295
   8279.98   .005282
   8283.29   .005350
   8286.60   .005400
   8289.91   .005497
   8293.22   .005551
   8296.54   .005543
   8299.86   .005525
   8303.19   .005416
   8306.51   .005405
   8309.84   .005586
   8313.17   .005677
   8316.50   .005693
   8319.84   .005720
   8323.18   .005740
   8326.52   .005743
   8329.86   .005731
   8333.21   .005735
   8336.56   .005763
   8339.92   .005697
   8343.27   .005724
   8346.63   .005814
   8349.99   .005878
   8353.35   .005854
   8356.72   .005995
   8360.08   .006021
   8363.46   .005997
   8366.83   .006059
   8370.21   .006078
   8373.58   .006105
   8376.97   .006079
   8380.35   .006181
   8383.74   .006282
   8387.13   .006317
   8390.53   .006256
   8393.92   .006222
   8397.32   .006373
   8400.72   .006460
   8404.13   .006377
   8407.54   .006329
   8410.95   .006426
   8414.36   .006482
   8417.77   .006539
   8421.19   .006523
   8424.61   .006533
   8428.03   .006729
   8431.46   .006883
   8434.89   .006917
   8438.32   .006904
   8441.76   .006893
   8445.20   .006824
   8448.64   .006880
   8452.08   .007044
   8455.53   .007107
   8458.97   .007145
   8462.43   .007185
   8465.88   .007171
   8469.33   .007137
   8472.79   .007194
   8476.26   .007322
   8479.72   .007358
   8483.19   .007388
   8486.66   .007448
   8490.14   .007487
   8493.62   .007525
   8497.09   .007555
   8500.57   .007566
   8504.06   .007595
   8507.55   .007698
   8511.04   .007711
   8514.53   .007622
   8518.03   .007669
   8521.53   .007799
   8525.04   .007791
   8528.54   .007847
   8532.05   .008001
   8535.56   .008048
   8539.08   .008059
   8542.60   .008109
   8546.12   .008156
   8549.64   .008105
   8553.16   .008075
   8556.69   .008248
   8560.22   .008363
   8563.76   .008300
   8567.30   .008238
   8570.84   .008346
   8574.38   .008453
   8577.93   .008506
   8581.48   .008506
   8585.03   .008470
   8588.59   .008627
   8592.14   .008700
   8595.71   .008755
   8599.27   .008752
   8602.84   .008710
   8606.41   .008752
   8609.98   .008894
   8613.55   .008946
   8617.13   .008980
   8620.71   .009065
   8624.30   .009148
   8627.89   .009038
   8631.48   .008942
   8635.07   .009155
   8638.67   .009230
   8642.27   .009248
   8645.88   .009296
   8649.48   .009301
   8653.09   .009416
   8656.70   .009574
   8660.32   .009657
   8663.93   .009648
   8667.55   .009561
   8671.18   .009604
   8674.80   .009600
   8678.43   .009610
   8682.07   .009692
   8685.70   .009839
   8689.34   .009918
   8692.98   .009870
   8696.63   .009916
   8700.28   .009997
   8703.93   .010049
   8707.58   .010084
   8711.24   .010057
   8714.90   .010171
   8718.56   .010368
   8722.23   .010358
   8725.90   .010239
   8729.57   .010252
   8733.25   .010363
   8736.93   .010474
   8740.61   .010451
   8744.29   .010458
   8747.99   .010547
   8751.68   .010584
   8755.37   .010688
   8759.07   .010869
   8762.77   .010910
   8766.48   .010899
   8770.18   .010988
   8773.89   .011035
   8777.60   .011103
   8781.32   .011118
   8785.04   .011100
   8788.76   .011170
   8792.49   .011226
   8796.22   .011330
   8799.95   .011422
   8803.69   .011341
   8807.42   .011260
   8811.17   .011411
   8814.91   .011667
   8818.66   .011641
   8822.41   .011503
   8826.16   .011501
   8829.92   .011524
   8833.68   .011792
   8837.45   .012013
   8841.21   .011995
   8844.98   .011884
   8848.76   .011942
   8852.54   .012185
   8856.32   .012289
   8860.11   .012347
   8863.89   .012488
   8867.68   .012536
   8871.48   .012578
   8875.27   .012775
   8879.07   .012955
   8882.87   .013006
   8886.68   .012929
   8890.49   .012890
   8894.30   .012919
   8898.12   .013038
   8901.94   .013174
   8905.76   .013145
   8909.58   .013048
   8913.41   .013227
   8917.25   .013484
   8921.08   .013488
   8924.92   .013497
   8928.76   .013626
   8932.61   .013636
   8936.46   .013824
   8940.31   .014041
   8944.16   .014104
   8948.02   .014029
   8951.89   .014020
   8955.75   .014105
   8959.63   .014208
   8963.50   .014287
   8967.37   .014368
   8971.25   .014325
   8975.14   .014307
   8979.02   .014553
   8982.91   .014712
   8986.80   .014748
   8990.70   .014855
   8994.60   .015000
   8998.50   .015101
   9002.40   .015091
   9006.31   .015072
   9010.23   .015134
   9014.14   .015241
   9018.06   .015230
   9021.98   .015196
   9025.91   .015243
   9029.84   .015312
   9033.77   .015520
   9037.71   .015573
   9041.65   .015602
   9045.59   .015596
   9049.54   .015530
   9053.49   .015498
   9057.44   .015627
   9061.40   .015735
   9065.36   .015758
   9069.33   .015834
   9073.30   .015893
   9077.27   .016021
   9081.25   .016056
   9085.22   .015984
   9089.21   .015978
   9093.19   .016198
   9097.18   .016138
   9101.17   .016001
   9105.17   .016170
   9109.16   .016194
   9113.17   .016113
   9117.17   .016151
   9121.18   .016266
   9125.19   .016255
   9129.21   .016227
   9133.23   .016306
   9137.26   .016337
   9141.28   .016359
   9145.31   .016420
   9149.35   .016321
   9153.38   .016339
   9157.43   .016428
   9161.47   .016424
   9165.52   .016491
   9169.57   .016566
   9173.63   .016660
   9177.69   .016600
   9181.76   .016650
   9185.82   .016646
   9189.89   .016694
   9193.97   .016805
   9198.05   .016642
   9202.13   .016590
   9206.21   .016695
   9210.30   .016648
   9214.39   .016723
   9218.49   .016735
   9222.59   .016795
   9226.69   .016852
   9230.80   .016865
   9234.91   .016718
   9239.02   .016776
   9243.14   .016987
   9247.26   .016904
   9251.38   .016859
   9255.51   .016953
   9259.64   .017013
   9263.78   .016887
   9267.92   .016904
   9272.06   .016926
   9276.21   .017009
   9280.36   .017264
   9284.51   .017261
   9288.67   .017094
   9292.83   .017089
   9297.01   .017178
   9301.18   .017073
   9305.35   .017087
   9309.53   .017240
   9313.71   .017174
   9317.89   .017101
   9322.08   .017163
   9326.27   .017291
   9330.46   .017384
   9334.67   .017316
   9338.87   .017157
   9343.08   .017089
   9347.29   .017111
   9351.50   .017201
   9355.72   .017359
   9359.94   .017452
   9364.17   .017377
   9368.40   .017367
   9372.63   .017486
   9376.87   .017417
   9381.11   .017508
   9385.35   .017623
   9389.60   .017548
   9393.85   .017478
   9398.11   .017510
   9402.37   .017464
   9406.64   .017545
   9410.91   .017692
   9415.19   .017749
   9419.46   .017710
   9423.74   .017692
   9428.03   .017652
   9432.31   .017659
   9436.61   .017647
   9440.90   .017633
   9445.20   .017657
   9449.50   .017865
   9453.81   .017946
   9458.12   .017698
   9462.44   .017691
   9466.76   .017750
   9471.08   .017813
   9475.40   .017974
   9479.73   .017944
   9484.07   .017928
   9488.41   .017964
   9492.75   .017894
   9497.10   .017927
   9501.45   .017961
   9505.80   .017867
   9510.16   .017972
   9514.52   .018072
   9518.89   .018041
   9523.26   .018004
   9527.64   .017905
   9532.02   .017896
   9536.41   .017995
   9540.79   .018187
   9545.18   .018164
   9549.58   .017904
   9553.98   .017881
   9558.38   .017966
   9562.79   .018082
   9567.20   .018129
   9571.61   .018052
   9576.03   .018178
   9580.46   .018192
   9584.88   .018163
   9589.32   .018023
   9593.75   .018072
   9598.19   .018244
   9602.63   .018221
   9607.08   .018047
   9611.54   .018120
   9615.99   .018098
   9620.45   .018012
   9624.92   .018025
   9629.38   .018145
   9633.86   .018120
   9638.33   .018090
   9642.82   .018023
   9647.30   .018002
   9651.79   .018094
   9656.29   .018177
   9660.79   .018117
   9665.29   .018144
   9669.80   .018212
   9674.31   .018123
   9678.82   .017975
   9683.34   .018008
   9687.87   .018084
   9692.39   .018125
   9696.92   .018193
   9701.46   .018140
   9706.00   .018109
   9710.54   .018140
   9715.09   .018014
   9719.65   .017971
   9724.20   .018026
   9728.76   .018297
   9733.33   .018411
   9737.90   .018167
   9742.47   .017990
   9747.05   .017899
   9751.64   .017946
   9756.22   .018151
   9760.81   .018300
   9765.41   .018259
   9770.01   .018107
   9774.61   .018078
   9779.22   .018217
   9783.84   .018431
   9788.46   .018377
   9793.08   .018203
   9797.70   .018107
   9802.33   .018029
   9806.97   .018136
   9811.61   .018273
   9816.25   .018271
   9820.90   .018167
   9825.55   .018089
   9830.21   .018028
   9834.87   .018009
   9839.53   .018040
   9844.20   .017961
   9848.88   .018035
   9853.55   .018228
   9858.23   .018123
   9862.92   .018035
   9867.61   .017954
   9872.31   .017860
   9877.01   .017921
   9881.72   .018081
   9886.43   .018167
   9891.14   .018130
   9895.86   .018019
   9900.58   .018063
   9905.31   .018152
   9910.05   .018150
   9914.78   .018044
   9919.53   .018095
   9924.27   .018059
   9929.02   .018102
   9933.78   .018101
   9938.54   .018009
   9943.30   .018079
   9948.07   .018153
   9952.85   .018050
   9957.63   .018020
   9962.41   .018138
   9967.19   .018115
   9971.99   .018148
   9976.78   .018170
   9981.58   .018160
   9986.39   .018216
   9991.20   .018316
   9996.02   .018221
  10000.84   .018171
  10005.66   .018259
  10010.49   .018276
  10015.32   .018152
  10020.16   .018220
  10025.01   .018329
  10029.85   .018333
  10034.71   .018406
  10039.56   .018417
  10044.43   .018415
  10049.29   .018425
  10054.15   .018471
  10059.03   .018461
  10063.91   .018363
  10068.80   .018435
  10073.69   .018656
  10078.58   .018545
  10083.48   .018408
  10088.39   .018380
  10093.30   .018551
  10098.21   .018591
  10103.13   .018534
  10108.05   .018516
  10112.98   .018513
  10117.91   .018569
  10122.85   .018595
  10127.80   .018567
  10132.74   .018548
  10137.70   .018646
  10142.65   .018577
  10147.62   .018605
  10152.58   .018620
  10157.56   .018583
  10162.53   .018746
  10167.52   .018891
  10172.50   .018770
  10177.49   .018631
  10182.49   .018548
  10187.49   .018635
  10192.50   .018795
  10197.51   .018916
  10202.53   .019033
  10207.55   .018855
  10212.57   .018874
  10217.60   .018988
  10222.64   .019002
  10227.67   .018970
  10232.72   .018959
  10237.77   .019012
  10242.82   .019110
  10247.88   .019235
  10252.95   .019134
  10258.02   .019159
  10263.10   .019263
  10268.18   .019295
  10273.26   .019432
  10278.35   .019490
  10283.45   .019517
  10288.55   .019584
  10293.66   .019568
  10298.77   .019711
  10303.89   .019837
  10309.01   .019861
  10314.13   .019978
  10319.27   .020037
  10324.40   .020029
  10329.54   .020040
  10334.69   .020055
  10339.84   .020009
  10345.00   .019948
  10350.16   .020043
  10355.33   .020171
  10360.50   .020261
  10365.68   .020124
  10370.87   .020027
  10376.05   .020224
  10381.25   .020346
  10386.45   .020315
  10391.65   .020329
  10396.86   .020566
  10402.07   .020609
  10407.29   .020609
  10412.52   .020620
  10417.75   .020617
  10422.98   .020662
  10428.22   .020533
  10433.47   .020555
  10438.72   .020803
  10443.97   .020855
  10449.23   .020878
  10454.49   .020836
  10459.77   .020711
  10465.04   .020810
  10470.33   .020791
  10475.61   .020871
  10480.91   .020921
  10486.21   .020781
  10491.51   .020872
  10496.82   .020993
  10502.14   .020931
  10507.46   .020797
  10512.78   .020870
  10518.11   .020985
  10523.45   .020846
  10528.79   .020798
  10534.14   .021021
  10539.49   .021153
  10544.85   .021098
  10550.21   .021111
  10555.59   .021219
  10560.96   .021251
  10566.34   .021270
  10571.73   .021293
  10577.12   .021223
  10582.51   .021189
  10587.92   .021409
  10593.32   .021543
  10598.74   .021536
  10604.16   .021570
  10609.58   .021477
  10615.01   .021482
  10620.45   .021529
  10625.89   .021496
  10631.32   .021540
  10636.78   .021545
  10642.23   .021582
  10647.70   .021492
  10653.16   .021477
  10658.64   .021488
  10664.12   .021626
  10669.61   .021699
  10675.10   .021544
  10680.59   .021621
  10686.10   .021714
  10691.61   .021663
  10697.12   .021659
  10702.64   .021742
  10708.17   .021722
  10713.70   .021530
  10719.23   .021553
  10724.78   .021732
  10730.33   .021650
  10735.88   .021621
  10741.44   .021711
  10747.01   .021795
  10752.58   .021755
  10758.15   .021597
  10763.74   .021583
  10769.33   .021754
  10774.92   .021744
  10780.52   .021605
  10786.13   .021448
  10791.74   .021270
  10797.36   .021323
  10802.98   .021462
  10808.61   .021535
  10814.25   .021471
  10819.89   .021483
  10825.54   .021420
  10831.19   .021218
  10836.85   .021214
  10842.51   .021367
  10848.18   .021323
  10853.86   .021212
  10859.54   .021155
  10865.22   .021162
  10870.92   .021233
  10876.62   .021125
  10882.32   .020884
  10888.04   .020842
  10893.75   .020956
  10899.48   .020973
  10905.21   .020913
  10910.95   .020717
  10916.69   .020730
  10922.44   .020699
  10928.20   .020628
  10933.96   .020699
  10939.72   .020665
  10945.50   .020423
  10951.28   .020316
  10957.06   .020164
  10962.85   .020266
  10968.65   .020319
  10974.45   .020095
  10980.26   .020006
  10986.08   .019961
  10991.90   .020107
  10997.73   .020320
  11003.57   .020113
  11009.41   .019823
  11015.25   .019850
  11021.11   .019925
  11026.97   .019900
  11032.83   .019812
  11038.70   .019725
  11044.58   .019608
  11050.47   .019581
  11056.36   .019740
  11062.25   .019536
  11068.15   .019300
  11074.05   .019219
  11079.97   .019326
  11085.89   .019536
  11091.82   .019591
  11097.75   .019384
  11103.70   .019250
  11109.65   .019464
  11115.60   .019431
  11121.56   .019347
  11127.53   .019243
  11133.50   .019270
  11139.48   .019497
  11145.46   .019616
  11151.46   .019371
  11157.46   .019378
  11163.46   .019605
  11169.47   .019570
  11175.49   .019503
  11181.52   .019492
  11187.55   .019373
  11193.59   .019347
  11199.63   .019368
  11205.68   .019463
  11211.74   .019490
  11217.80   .019489
  11223.87   .019492
  11229.95   .019331
  11236.03   .019111
  11242.12   .019034
  11248.22   .019148
  11254.32   .019095
  11260.43   .019145
  11266.55   .019112
  11272.67   .018971
  11278.79   .019014
  11284.93   .019039
  11291.07   .019026
  11297.22   .018957
  11303.38   .018919
  11309.54   .018763
  11315.71   .018768
  11321.89   .018949
  11328.07   .018933
  11334.26   .018716
  11340.46   .018634
  11346.67   .018669
  11352.88   .018666
  11359.09   .018827
  11365.32   .018890
  11371.55   .018864
  11377.79   .018764
  11384.03   .018677
  11390.28   .018427
  11396.54   .018264
  11402.81   .018244
  11409.08   .018102
  11415.36   .017987
  11421.65   .018177
  11427.94   .018132
  11434.24   .017952
  11440.55   .017883
  11446.86   .017961
  11453.18   .017958
  11459.51   .017839
  11465.85   .017813
  11472.19   .017812
  11478.54   .017704
  11484.89   .017533
  11491.25   .017388
  11497.63   .017478
  11504.00   .017652
  11510.39   .017622
  11516.78   .017316
  11523.18   .017120
  11529.58   .017152
  11536.00   .017189
  11542.40   .017193
  11548.83   .016939
  11555.26   .016967
  11561.70   .016998
  11568.15   .016797
  11574.61   .016688
  11581.07   .016704
  11587.54   .016568
  11594.02   .016495
  11600.50   .016496
  11607.00   .016273
  11613.49   .016159
  11620.00   .016277
  11626.51   .016316
  11633.04   .016093
  11639.57   .016067
  11646.10   .016026
  11652.64   .015831
  11659.19   .015792
  11665.75   .015840
  11672.32   .015887
  11678.89   .015910
  11685.47   .016000
  11692.06   .015942
  11698.65   .015739
  11705.25   .015528
  11711.86   .015510
  11718.48   .015612
  11725.11   .015639
  11731.74   .015492
  11738.38   .015313
  11745.02   .015225
  11751.68   .015182
  11758.34   .015003
  11765.01   .014749
  11771.68   .014782
  11778.36   .014893
  11785.05   .014926
  11791.75   .014787
  11798.46   .014681
  11805.17   .014774
  11811.90   .014717
  11818.63   .014624
  11825.37   .014594
  11832.11   .014430
  11838.87   .014446
  11845.63   .014582
  11852.40   .014423
  11859.17   .014279
  11865.96   .014391
  11872.75   .014186
  11879.55   .014019
  11886.36   .014109
  11893.18   .014000
  11900.00   .013977
  11906.83   .013875
  11913.67   .013980
  11920.52   .014185
  11927.38   .014127
  11934.24   .013902
  11941.11   .013935
  11947.99   .013980
  11954.87   .013773
  11961.77   .013806
  11968.67   .014016
  11975.58   .014222
  11982.50   .014174
  11989.43   .013798
  11996.36   .013647
  12003.30   .013623
  12010.26   .013655
  12017.21   .013715
  12024.18   .013652
  12031.16   .013683
  12038.14   .013624
  12045.13   .013495
  12052.13   .013568
  12059.12   .013679
  12066.14   .013424
  12073.16   .013255
  12080.19   .013469
  12087.23   .013617
  12094.28   .013410
  12101.34   .013248
  12108.40   .013424
  12115.48   .013381
  12122.56   .013070
  12129.65   .013113
  12136.74   .013161
  12143.85   .013066
  12150.96   .012936
  12158.09   .013045
  12165.22   .013096
  12172.36   .013146
  12179.51   .013332
  12186.66   .013351
  12193.83   .013340
  12201.00   .013271
  12208.18   .013198
  12215.37   .012930
  12222.57   .012694
  12229.78   .012841
  12236.99   .012915
  12244.22   .012948
  12251.45   .013018
  12258.69   .013056
  12265.94   .012973
  12273.20   .013042
  12280.47   .012850
  12287.74   .012804
  12295.03   .013026
  12302.32   .013034
  12309.61   .012723
  12316.92   .012633
  12324.23   .012642
  12331.56   .012472
  12338.90   .012477
  12346.24   .012426
  12353.59   .012378
  12360.96   .012415
  12368.33   .012454
  12375.71   .012427
  12383.10   .012312
  12390.50   .012380
  12397.90   .012444
  12405.32   .012290
  12412.74   .012151
  12420.18   .012413
  12427.62   .012310
  12435.07   .011872
  12442.53   .011592
  12450.00   .011633
  12457.47   .011804
  12464.96   .011740
  12472.46   .011780
  12479.96   .011938
  12487.48   .011860
  12495.00   .011645
  12502.53   .011620
  12510.07   .011876
  12517.62   .012022
  12525.18   .011575
  12532.75   .011062
  12540.33   .011002
  12547.91   .011340
  12555.51   .011445
  12563.11   .011227
  12570.73   .011162
  12578.35   .011050
  12585.99   .010990
  12593.63   .010968
  12601.28   .011046
  12608.94   .010953
  12616.61   .010886
  12624.28   .011105
  12631.96   .011106
  12639.66   .011143
  12647.37   .011296
  12655.08   .011116
  12662.81   .010770
  12670.55   .010744
  12678.29   .010884
  12686.05   .010839
  12693.81   .010731
  12701.58   .010647
  12709.37   .010402
  12717.16   .010181
  12724.96   .010198
  12732.78   .010232
  12740.60   .010318
  12748.43   .010237
  12756.27   .010048
  12764.12   .010033
  12771.98   .009990
  12779.85   .009890
  12787.73   .010070
  12795.62   .010047
  12803.51   .009940
  12811.42   .009924
  12819.34   .009926
  12827.27   .009802
  12835.21   .009924
  12843.15   .010197
  12851.11   .010291
  12859.08   .010204
  12867.06   .010074
  12875.04   .010160
  12883.04   .010009
  12891.05   .009860
  12899.06   .009887
  12907.09   .010039
  12915.13   .010029
  12923.18   .009965
  12931.23   .009897
  12939.30   .009690
  12947.38   .009368
  12955.46   .009286
  12963.56   .009731
  12971.67   .009898
  12979.79   .009914
  12987.91   .010083
  12996.05   .009873
  13004.20   .009524
  13012.36   .009677
  13020.53   .009955
  13028.71   .010004
  13036.89   .009902
  13045.09   .009798
  13053.30   .009532
  13061.52   .009487
  13069.75   .009577
  13077.99   .009558
  13086.25   .009365
  13094.51   .009328
  13102.76   .009580
  13111.04   .009817
  13119.34   .009632
  13127.64   .009495
  13135.96   .009579
  13144.28   .009730
  13152.61   .009654
  13160.96   .009454
  13169.32   .009205
  13177.68   .009087
  13186.06   .009381
  13194.45   .009548
  13202.85   .009538
  13211.26   .009599
  13219.68   .009558
  13228.11   .009439
  13236.55   .009400
  13245.00   .009381
  13253.47   .009413
  13261.94   .009462
  13270.42   .009753
  13278.92   .009728
  13287.43   .009294
  13295.95   .009323
  13304.47   .009555
  13313.01   .009536
  13321.56   .009523
  13330.13   .009308
  13338.70   .009121
  13347.28   .009216
  13355.88   .009171
  13364.48   .009140
  13373.10   .009312
  13381.73   .009357
  13390.37   .009138
  13399.02   .008959
  13407.68   .009006
  13416.35   .009048
  13425.03   .008993
  13433.73   .009011
  13442.43   .009158
  13451.15   .009070
  13459.88   .008921
  13468.62   .008899
  13477.37   .009092
  13486.14   .009146
  13494.91   .009029
  13503.70   .009053
  13512.49   .008968
  13521.30   .008763
  13530.12   .008747
  13538.95   .008931
  13547.80   .008932
  13556.65   .008947
  13565.52   .008907
  13574.40   .009024
  13583.29   .009146
  13592.19   .008960
  13601.10   .008944
  13610.03   .009078
  13618.96   .009119
  13627.91   .009019
  13636.87   .009003
  13645.84   .008897
  13654.83   .008956
  13663.82   .008930
  13672.83   .008764
  13681.85   .008941
  13690.88   .009016
  13699.92   .008688
  13708.98   .008515
  13718.04   .008727
  13727.12   .008840
  13736.21   .008706
  13745.32   .008792
  13754.43   .008916
  13763.56   .009122
  13772.70   .009219
  13781.85   .008858
  13791.01   .008927
  13800.19   .009168
  13809.38   .009081
  13818.58   .008853
  13827.79   .008760
  13837.01   .008957
  13846.25   .009358
  13855.50   .009519
  13864.76   .009259
  13874.04   .009260
  13883.32   .009302
  13892.62   .009107
  13901.93   .008924
  13911.26   .008869
  13920.59   .009080
  13929.94   .009193
  13939.30   .008956
  13948.68   .008992
  13958.06   .009032
  13967.46   .008914
  13976.88   .008742
  13986.30   .008872
  13995.74   .009029
  14005.19   .009058
  14014.65   .009129
  14024.13   .008991
  14033.62   .008764
  14043.12   .008705
  14052.63   .008674
  14062.16   .008881
  14071.70   .009173
  14081.25   .008957
  14090.82   .008765
  14100.40   .008768
  14109.99   .008757
  14119.60   .008717
  14129.21   .008740
  14138.84   .008886
  14148.49   .008634
  14158.15   .008350
  14167.82   .008420
  14177.48   .008617
  14187.18   .008637
  14196.89   .008505
  14206.61   .008620
  14216.35   .008544
  14226.10   .008234
  14235.87   .008429
  14245.64   .008397
  14255.44   .008423
  14265.24   .008488
  14275.06   .008523
  14284.89   .008657
  14294.73   .008513
  14304.59   .008295
  14314.46   .008449
  14324.35   .008796
  14334.25   .008934
  14344.16   .008807
  14354.09   .008650
  14364.03   .008543
  14373.98   .008362
  14383.95   .008319
  14393.93   .008346
  14403.93   .008338
  14413.94   .008211
  14423.96   .008342
  14434.00   .008344
  14444.05   .008219
  14454.12   .007899
  14464.20   .007909
  14474.29   .008014
  14484.40   .008243
  14494.52   .008400
  14504.66   .008389
  14514.81   .008316
  14524.97   .008040
  14535.15   .007852
  14545.34   .008003
  14555.55   .008164
  14565.77   .008129
  14576.01   .008042
  14586.26   .007934
  14596.52   .008193
  14606.80   .008342
  14617.10   .008161
  14627.41   .008038
  14637.73   .007826
  14648.07   .007652
  14658.42   .007831
  14668.79   .008004
  14679.17   .008088
  14689.56   .007913
  14699.97   .008044
  14710.40   .007952
  14720.84   .007703
  14731.29   .007979
  14741.77   .007796
  14752.25   .007734
  14762.75   .007936
  14773.26   .008123
  14783.79   .008275
  14794.34   .008026
  14804.90   .008078
  14815.47   .008433
  14826.07   .008439
  14836.67   .008258
  14847.29   .007886
  14857.93   .007645
  14868.58   .007648
  14879.24   .007578
  14889.92   .007386
  14900.62   .007614
  14911.33   .007906
  14922.06   .007878
  14932.80   .007928
  14943.56   .007945
  14954.34   .007680
  14965.13   .007509
  14975.93   .007966
  14986.75   .008105
  14997.59   .007883
  15008.44   .007846
  15019.31   .007873
  15030.19   .007862
  15041.09   .007919
  15052.01   .007820
  15062.94   .007581
  15073.88   .007484
  15084.85   .007524
  15095.83   .007600
  15106.82   .007644
  15117.83   .007794
  15128.86   .008020
  15139.90   .007882
  15150.96   .007567
  15162.04   .007610
  15173.13   .007721
  15184.24   .007422
  15195.36   .007447
  15206.50   .007686
  15217.66   .007659
  15228.83   .007463
  15240.02   .007495
  15251.23   .007458
  15262.45   .007756
  15273.69   .007978
  15284.94   .007588
  15296.22   .007243
  15307.50   .007743
  15318.81   .008097
  15330.13   .007882
  15341.47   .007506
  15352.83   .007225
  15364.20   .007362
  15375.59   .007310
  15387.00   .007416
  15398.42   .007679
  15409.86   .007852
  15421.32   .007721
  15432.79   .007444
  15444.26   .007752
  15455.77   .008054
  15467.29   .008005
  15478.83   .007682
  15490.39   .007634
  15501.97   .008044
  15513.57   .008006
  15525.18   .008025
  15536.81   .008453
  15548.46   .008633
  15560.12   .008365
  15571.80   .008023
  15583.50   .008225
  15595.22   .008351
  15606.95   .008268
  15618.70   .008214
  15630.48   .008439
  15642.26   .008767
  15654.07   .008565
  15665.89   .008569
  15677.73   .008744
  15689.59   .008663
  15701.47   .008399
  15713.36   .008558
  15725.28   .008672
  15737.21   .008903
  15749.16   .008756
  15761.13   .008601
  15773.11   .008806
  15785.11   .008953
  15797.14   .009110
  15809.18   .009350
  15821.24   .009176
  15833.31   .008881
  15845.41   .008898
  15857.52   .009072
  15869.66   .008988
  15881.81   .008850
  15893.98   .009147
  15906.17   .009362
  15918.38   .008958
  15930.60   .008825
  15942.85   .009237
  15955.11   .009468
  15967.39   .009474
  15979.69   .009297
  15992.01   .009349
  16004.35   .009473
  16016.71   .009590
  16029.09   .009493
  16041.49   .009624
  16053.90   .009791
  16066.34   .009863
  16078.79   .010061
  16091.27   .010154
  16103.76   .010082
  16116.27   .009844
  16128.81   .009359
  16141.36   .009261
  16153.93   .009371
  16166.52   .009484
  16179.13   .009719
  16191.76   .009500
  16204.41   .009832
  16217.08   .010194
  16229.77   .009935
  16242.48   .009580
  16255.21   .009655
  16267.96   .009919
  16280.73   .010194
  16293.52   .010591
  16306.33   .010317
  16319.16   .009876
  16332.01   .009521
  16344.88   .009631
  16357.77   .009998
  16370.68   .010094
  16383.61   .010208
  16396.56   .010168
  16409.53   .010028
  16422.53   .010228
  16435.54   .010492
  16448.57   .010311
  16461.63   .009853
  16474.70   .009871
  16487.80   .010341
  16500.92   .010835
  16514.06   .011036
  16527.22   .010790
  16540.40   .010744
  16553.60   .010986
  16566.82   .010845
  16580.06   .011033
  16593.32   .011440
  16606.59   .011594
  16619.89   .011436
  16633.22   .011445
  16646.57   .011280
  16659.94   .011050
  16673.33   .011332
  16686.75   .011976
  16700.19   .012168
  16713.64   .012055
  16727.12   .012003
  16740.62   .011559
  16754.14   .011392
  16767.69   .011936
  16781.25   .012032
  16794.85   .012093
  16808.46   .012137
  16822.09   .012127
  16835.74   .012324
  16849.42   .012718
  16863.12   .012823
  16876.84   .012747
  16890.59   .012597
  16904.35   .012251
  16918.14   .012476
  16931.95   .013146
  16945.79   .013317
  16959.64   .013022
  16973.52   .012831
  16987.43   .012904
  17001.35   .012261
  17015.30   .012212
  17029.27   .012725
  17043.26   .012770
  17057.28   .012376
  17071.31   .012702
  17085.35   .012792
  17099.44   .012661
  17113.54   .012835
  17127.68   .013101
  17141.83   .013284
  17156.01   .013364
  17170.21   .013044
  17184.44   .013104
  17198.69   .013303
  17212.96   .013285
  17227.26   .013163
  17241.58   .013128
  17255.92   .013403
  17270.29   .013664
  17284.69   .013285
  17299.11   .013036
  17313.54   .013303
  17328.01   .013544
  17342.50   .013711
  17357.01   .013693
  17371.55   .013667
  17386.11   .014161
  17400.70   .014196
  17415.31   .013627
  17429.94   .013345
  17444.60   .013568
  17459.29   .013745
  17473.99   .013347
  17488.73   .013177
  17503.49   .013482
  17518.28   .013986
  17533.08   .013900
  17547.92   .013962
  17562.78   .014020
  17577.66   .013678
  17592.57   .014255
  17607.51   .014311
  17622.47   .013796
  17637.45   .014212
  17652.46   .014528
  17667.50   .014213
  17682.56   .014531
  17697.62   .014236
  17712.73   .013625
  17727.87   .014055
  17743.04   .014514
  17758.23   .014209
  17773.45   .014269
  17788.69   .014492
  17803.96   .014404
  17819.26   .014473
  17834.58   .014524
  17849.93   .014261
  17865.30   .014270
  17880.70   .014257
  17896.13   .014643
  17911.59   .014900
  17927.07   .013951
  17942.58   .013470
  17958.11   .014151
  17973.67   .014511
  17989.26   .014207
  18004.88   .013860
  18020.53   .013851
  18036.20   .013359
  18051.89   .013576
  18067.62   .013744
  18083.37   .013425
  18099.15   .013639
  18114.96   .014180
  18130.80   .014489
  18146.66   .014596
  18162.55   .014399
  18178.47   .014315
  18194.41   .014571
  18210.39   .015102
  18226.39   .015512
  18242.39   .015581
  18258.45   .015303
  18274.54   .015842
  18290.65   .016133
  18306.79   .015477
  18322.97   .014904
  18339.17   .015288
  18355.40   .016357
  18371.66   .016884
  18387.95   .016140
  18404.26   .015435
  18420.61   .015915
  18436.98   .016122
  18453.38   .015960
  18469.82   .016220
  18486.29   .016299
  18502.78   .016382
  18519.29   .016703
  18535.85   .016954
  18552.42   .016846
  18569.03   .016532
  18585.68   .016795
  18602.35   .016846
  18619.04   .016450
  18635.77   .015981
  18652.53   .015957
  18669.32   .015419
  18686.14   .015806
  18703.00   .016488
  18719.88   .016233
  18736.79   .016193
  18753.73   .016080
  18770.70   .016709
  18787.70   .017418
  18804.73   .017048
  18821.80   .016529
  18838.90   .016178
  18856.03   .016118
  18873.18   .016027
  18890.37   .016246
  18907.59   .016417
  18924.84   .016043
  18942.10   .016218
  18959.41   .016099
  18976.76   .016091
  18994.13   .016338
  19011.54   .016533
  19028.98   .016494
  19046.46   .016544
  19063.97   .016902
  19081.51   .016519
  19099.08   .016166
  19116.68   .016471
  19134.32   .016305
  19151.98   .016635
  19169.69   .016772
  19187.42   .016276
  19205.19   .016007
  19222.99   .015977
  19240.82   .015928
  19258.69   .016466
  19276.58   .017125
  19294.52   .017992
  19312.49   .017998
  19330.49   .017123
  19348.52   .017473
  19366.58   .017844
  19384.68   .017487
  19402.82   .017778
  19420.98   .017565
  19439.19   .017644
  19457.42   .018379
  19475.70   .017852
  19494.00   .017435
  19512.34   .017764
  19530.71   .018207
  19549.12   .018465
  19567.53   .017882
  19586.01   .018143
  19604.52   .018671
  19623.07   .018300
  19641.65   .018355
  19660.27   .018390
  19678.92   .018126
  19697.62   .017010
  19716.34   .016972
  19735.10   .017704
  19753.89   .017938
  19772.72   .017956
  19791.59   .018062
  19810.49   .017777
  19829.44   .018507
  19848.41   .019062
  19867.43   .018550
  19886.47   .018181
  19905.56   .017876
  19924.68   .018082
  19943.84   .017982
  19963.04   .017885
  19982.27   .018251
  20001.54   .018266
  20020.85   .018060
  20040.19   .018427
  20059.57   .018125
  20078.99   .017845
  20098.46   .018049
  20117.95   .017739
  20137.48   .017851
  20157.05   .018098
  20176.66   .018139
  20196.30   .018149
  20215.99   .017526
  20235.68   .017273
  20255.44   .017678
  20275.24   .017959
  20295.08   .018004
  20314.95   .017508
  20334.87   .017510
  20354.83   .018049
  20374.83   .018188
  20394.86   .017730
  20414.94   .017356
  20435.05   .017793
  20455.20   .018340
  20475.39   .018218
  20495.63   .017874
  20515.91   .017850
  20536.22   .017899
  20556.57   .018121
  20576.96   .018478
  20597.40   .018324
  20617.87   .018076
  20638.39   .018289
  20658.95   .018831
  20679.55   .017896
  20700.19   .016775
  20720.87   .016829
  20741.59   .017634
  20762.35   .018464
  20783.15   .018203
  20804.00   .017955
  20824.89   .017718
  20845.82   .017196
  20866.79   .017751
  20887.81   .018315
  20908.86   .018506
  20929.96   .017499
  20951.11   .016590
  20972.29   .017500
  20993.52   .018594
  21014.79   .019034
  21036.10   .018961
  21057.46   .017108
  21078.86   .016445
  21100.27   .016914
  21121.75   .017118
  21143.28   .017855
  21164.86   .017214
  21186.47   .016720
  21208.14   .017280
  21229.85   .017972
  21251.61   .018580
  21273.40   .017889
  21295.24   .017347
  21317.13   .017262
  21339.06   .018112
  21361.04   .018404
  21383.06   .017674
  21405.13   .017769
  21427.24   .017483
  21449.40   .017040
  21471.61   .015929
  21493.86   .015729
  21516.15   .016152
  21538.49   .017226
  21560.89   .017882
  21583.33   .017696
  21605.81   .017389
  21628.34   .017868
  21650.92   .018263
  21673.54   .017724
  21696.21   .016332
  21718.94   .016348
  21741.70   .017499
  21764.52   .017692
  21787.38   .016646
  21810.29   .015736
  21833.24   .015633
  21856.25   .015930
  21879.27   .016092
  21902.37   .016077
  21925.52   .016711
  21948.72   .017198
  21971.97   .016408
  21995.27   .016435
  22018.62   .017529
  22042.03   .017762
  22065.48   .017123
  22088.98   .016955
  22112.53   .017812
  22136.13   .017412
  22159.78   .015784
  22183.47   .015340
  22207.23   .015805
  22231.04   .017136
  22254.89   .017360
  22278.79   .016537
  22302.75   .014697
  22326.75   .014248
  22350.81   .014787
  22374.93   .015501
  22399.10   .016512
  22423.31   .015855
  22447.58   .015965
  22471.90   .016711
  22496.27   .016748
  22520.70   .015958
  22545.18   .016216
  22569.72   .017242
  22594.30   .017262
  22618.94   .016373
  22643.63   .015262
  22668.38   .015051
  22693.18   .015669
  22718.04   .015597
  22742.96   .016358
  22767.92   .016644
  22792.94   .015882
  22818.01   .016004
  22843.14   .016603
  22868.33   .017871
  22893.53   .017462
  22918.82   .016359
  22944.18   .017529
  22969.58   .017352
  22995.05   .016289
  23020.57   .015693
  23046.15   .016364
  23071.79   .018193
  23097.48   .016075
  23123.23   .015529
  23149.04   .017687
  23174.91   .017353
  23200.83   .016955
  23226.81   .017356
  23252.86   .017596
  23278.95   .017934
  23305.11   .017555
  23331.32   .016414
  23357.60   .016406
  23383.93   .018077
  23410.32   .017455
  23436.79   .016383
  23463.30   .017791
  23489.87   .019188
  23516.50   .017392
  23543.19   .017646
  23569.95   .018063
  23596.76   .018188
  23623.65   .017247
  23650.58   .016677
  23677.58   .016076
  23704.64   .016990
  23731.76   .017454
  23758.95   .016832
  23786.19   .016101
  23813.45   .017588
  23840.82   .019636
  23868.26   .018112
  23895.76   .015125
  23923.32   .014957
  23950.94   .017587
  23978.63   .017819
  24006.39   .014391
  24034.21   .014563
  24062.09   .014797
  24090.04   .015023
  24118.05   .017878
  24146.13   .019798
  24174.27   .018223
  24202.49   .015858
  24230.76   .015794
  24259.10   .017367
  24287.51   .017222
  24315.98   .016961
  24344.52   .015995
  24373.12   .015337
  24401.81   .016248
  24430.55   .018084
  24459.36   .021193
  24488.24   .019756
  24517.18   .016355
  24546.20   .016081
  24575.28   .016448
  24604.44   .015356
  24633.66   .014657
  24662.95   .018326
  24692.31   .018475
  24721.74   .019056
  24751.24   .020094
  24780.81   .018647
  24810.47   .017525
  24840.18   .017452
  24869.96   .017655
  24899.82   .016531
  24929.75   .015717
  24959.75   .016825
  24989.82   .016773



 A22C06CK003.ASC 

 LR-CMP-090                                                                     
 14163,892 20-45 um                                                             
                                                                                
 Source Ang: 30.00   Detect Ang: -30.00  Volt: 1.777                            
 Date: 06-DEC-22   Time: 11:53:30                                               
