  3424
   1428.4   0.22264   0.00229
   1428.8   0.22304   0.00205
   1429.2   0.22360   0.00157
   1429.6   0.22386   0.00189
   1430.0   0.22398   0.00321
   1430.4   0.22377   0.00306
   1430.8   0.22399   0.00278
   1431.2   0.22433   0.00250
   1431.6   0.22402   0.00263
   1432.0   0.22363   0.00298
   1432.4   0.22398   0.00340
   1432.8   0.22368   0.00363
   1433.2   0.22326   0.00358
   1433.6   0.22314   0.00362
   1433.9   0.22369   0.00282
   1434.3   0.22380   0.00259
   1434.8   0.22364   0.00289
   1435.1   0.22408   0.00260
   1435.5   0.22414   0.00244
   1435.9   0.22392   0.00275
   1436.3   0.22343   0.00259
   1436.7   0.22283   0.00237
   1437.1   0.22372   0.00298
   1437.5   0.22425   0.00345
   1437.9   0.22406   0.00296
   1438.3   0.22386   0.00251
   1438.7   0.22377   0.00208
   1439.1   0.22440   0.00181
   1439.5   0.22425   0.00215
   1439.9   0.22382   0.00243
   1440.3   0.22351   0.00297
   1440.7   0.22333   0.00339
   1441.1   0.22332   0.00298
   1441.5   0.22376   0.00233
   1441.9   0.22433   0.00219
   1442.3   0.22401   0.00239
   1442.7   0.22363   0.00202
   1443.1   0.22357   0.00230
   1443.5   0.22344   0.00244
   1443.9   0.22308   0.00286
   1444.3   0.22309   0.00274
   1444.7   0.22320   0.00183
   1445.1   0.22329   0.00181
   1445.6   0.22352   0.00211
   1445.9   0.22362   0.00245
   1446.3   0.22372   0.00247
   1446.8   0.22357   0.00219
   1447.2   0.22393   0.00230
   1447.6   0.22398   0.00226
   1448.0   0.22379   0.00196
   1448.4   0.22382   0.00216
   1448.8   0.22359   0.00235
   1449.2   0.22369   0.00234
   1449.6   0.22422   0.00175
   1450.0   0.22408   0.00221
   1450.4   0.22374   0.00301
   1450.8   0.22366   0.00255
   1451.2   0.22386   0.00258
   1451.6   0.22396   0.00303
   1452.0   0.22392   0.00314
   1452.4   0.22405   0.00286
   1452.8   0.22435   0.00276
   1453.3   0.22399   0.00253
   1453.7   0.22366   0.00206
   1454.1   0.22391   0.00203
   1454.5   0.22406   0.00235
   1454.9   0.22383   0.00245
   1455.3   0.22382   0.00233
   1455.7   0.22430   0.00238
   1456.1   0.22435   0.00249
   1456.5   0.22414   0.00227
   1456.9   0.22418   0.00238
   1457.3   0.22399   0.00291
   1457.7   0.22399   0.00327
   1458.2   0.22390   0.00348
   1458.6   0.22387   0.00296
   1459.0   0.22380   0.00246
   1459.4   0.22350   0.00233
   1459.8   0.22354   0.00229
   1460.2   0.22445   0.00266
   1460.6   0.22442   0.00276
   1461.0   0.22388   0.00291
   1461.4   0.22410   0.00323
   1461.8   0.22465   0.00298
   1462.3   0.22449   0.00229
   1462.7   0.22428   0.00215
   1463.1   0.22440   0.00255
   1463.5   0.22445   0.00321
   1463.9   0.22424   0.00317
   1464.3   0.22419   0.00279
   1464.7   0.22459   0.00221
   1465.2   0.22470   0.00180
   1465.6   0.22441   0.00249
   1466.0   0.22434   0.00312
   1466.4   0.22427   0.00245
   1466.8   0.22435   0.00244
   1467.2   0.22436   0.00228
   1467.6   0.22415   0.00193
   1468.1   0.22426   0.00257
   1468.5   0.22424   0.00308
   1468.9   0.22419   0.00267
   1469.3   0.22452   0.00223
   1469.7   0.22465   0.00203
   1470.1   0.22467   0.00216
   1470.6   0.22462   0.00277
   1471.0   0.22429   0.00266
   1471.4   0.22447   0.00202
   1471.8   0.22423   0.00201
   1472.2   0.22413   0.00176
   1472.7   0.22450   0.00148
   1473.1   0.22452   0.00186
   1473.5   0.22433   0.00244
   1473.9   0.22455   0.00326
   1474.3   0.22473   0.00323
   1474.7   0.22457   0.00287
   1475.2   0.22444   0.00274
   1475.6   0.22470   0.00318
   1476.0   0.22499   0.00340
   1476.4   0.22495   0.00263
   1476.8   0.22476   0.00211
   1477.3   0.22451   0.00195
   1477.7   0.22447   0.00185
   1478.1   0.22462   0.00255
   1478.5   0.22486   0.00262
   1478.9   0.22487   0.00241
   1479.4   0.22509   0.00229
   1479.8   0.22522   0.00243
   1480.2   0.22494   0.00231
   1480.6   0.22456   0.00208
   1481.1   0.22478   0.00219
   1481.5   0.22480   0.00279
   1481.9   0.22478   0.00298
   1482.3   0.22472   0.00245
   1482.8   0.22474   0.00199
   1483.2   0.22505   0.00181
   1483.6   0.22500   0.00198
   1484.0   0.22453   0.00215
   1484.4   0.22468   0.00235
   1484.9   0.22487   0.00221
   1485.3   0.22475   0.00193
   1485.7   0.22486   0.00228
   1486.2   0.22456   0.00251
   1486.6   0.22429   0.00194
   1487.0   0.22474   0.00199
   1487.4   0.22509   0.00234
   1487.9   0.22508   0.00212
   1488.3   0.22492   0.00199
   1488.7   0.22490   0.00212
   1489.1   0.22486   0.00251
   1489.6   0.22480   0.00235
   1490.0   0.22480   0.00251
   1490.4   0.22493   0.00224
   1490.8   0.22499   0.00221
   1491.3   0.22500   0.00267
   1491.7   0.22475   0.00253
   1492.1   0.22482   0.00213
   1492.6   0.22481   0.00149
   1493.0   0.22491   0.00155
   1493.4   0.22528   0.00246
   1493.9   0.22517   0.00289
   1494.3   0.22464   0.00263
   1494.7   0.22462   0.00232
   1495.2   0.22504   0.00218
   1495.6   0.22561   0.00229
   1496.0   0.22553   0.00195
   1496.4   0.22521   0.00128
   1496.9   0.22519   0.00110
   1497.3   0.22507   0.00143
   1497.8   0.22499   0.00120
   1498.2   0.22513   0.00155
   1498.6   0.22529   0.00233
   1499.0   0.22524   0.00243
   1499.5   0.22540   0.00256
   1499.9   0.22534   0.00266
   1500.3   0.22553   0.00271
   1500.8   0.22553   0.00280
   1501.2   0.22535   0.00243
   1501.7   0.22536   0.00199
   1502.1   0.22539   0.00239
   1502.5   0.22538   0.00253
   1502.9   0.22542   0.00258
   1503.4   0.22556   0.00250
   1503.8   0.22527   0.00245
   1504.3   0.22516   0.00228
   1504.7   0.22527   0.00223
   1505.1   0.22558   0.00230
   1505.6   0.22581   0.00205
   1506.0   0.22568   0.00203
   1506.4   0.22540   0.00201
   1506.9   0.22517   0.00236
   1507.3   0.22559   0.00251
   1507.8   0.22598   0.00254
   1508.2   0.22573   0.00229
   1508.6   0.22560   0.00191
   1509.1   0.22594   0.00137
   1509.5   0.22593   0.00165
   1510.0   0.22577   0.00205
   1510.4   0.22565   0.00189
   1510.8   0.22569   0.00204
   1511.3   0.22571   0.00235
   1511.7   0.22594   0.00246
   1512.2   0.22588   0.00213
   1512.6   0.22598   0.00210
   1513.0   0.22624   0.00279
   1513.5   0.22607   0.00269
   1513.9   0.22574   0.00231
   1514.4   0.22571   0.00241
   1514.8   0.22565   0.00221
   1515.3   0.22539   0.00218
   1515.7   0.22552   0.00183
   1516.1   0.22586   0.00155
   1516.6   0.22602   0.00210
   1517.0   0.22610   0.00242
   1517.5   0.22587   0.00236
   1517.9   0.22561   0.00202
   1518.4   0.22558   0.00197
   1518.8   0.22575   0.00182
   1519.3   0.22588   0.00195
   1519.7   0.22570   0.00188
   1520.1   0.22587   0.00180
   1520.6   0.22610   0.00223
   1521.0   0.22591   0.00239
   1521.5   0.22598   0.00242
   1521.9   0.22617   0.00267
   1522.4   0.22621   0.00280
   1522.8   0.22636   0.00243
   1523.3   0.22631   0.00265
   1523.7   0.22597   0.00288
   1524.2   0.22593   0.00235
   1524.6   0.22601   0.00203
   1525.1   0.22602   0.00182
   1525.5   0.22620   0.00197
   1526.0   0.22626   0.00241
   1526.4   0.22629   0.00227
   1526.9   0.22612   0.00212
   1527.3   0.22617   0.00183
   1527.8   0.22608   0.00175
   1528.2   0.22586   0.00171
   1528.7   0.22597   0.00163
   1529.1   0.22591   0.00142
   1529.6   0.22607   0.00185
   1530.0   0.22605   0.00207
   1530.5   0.22592   0.00182
   1530.9   0.22622   0.00171
   1531.4   0.22618   0.00139
   1531.8   0.22603   0.00100
   1532.3   0.22598   0.00164
   1532.7   0.22609   0.00232
   1533.2   0.22611   0.00197
   1533.6   0.22606   0.00163
   1534.1   0.22618   0.00183
   1534.5   0.22642   0.00187
   1535.0   0.22666   0.00167
   1535.4   0.22664   0.00161
   1535.9   0.22650   0.00169
   1536.4   0.22618   0.00187
   1536.8   0.22580   0.00193
   1537.3   0.22567   0.00181
   1537.7   0.22569   0.00174
   1538.2   0.22591   0.00162
   1538.6   0.22612   0.00184
   1539.1   0.22621   0.00185
   1539.6   0.22620   0.00175
   1540.0   0.22612   0.00186
   1540.5   0.22590   0.00190
   1540.9   0.22600   0.00167
   1541.4   0.22623   0.00164
   1541.8   0.22625   0.00200
   1542.3   0.22629   0.00220
   1542.8   0.22643   0.00232
   1543.2   0.22650   0.00208
   1543.7   0.22616   0.00153
   1544.1   0.22592   0.00181
   1544.6   0.22602   0.00196
   1545.1   0.22638   0.00202
   1545.5   0.22680   0.00230
   1546.0   0.22675   0.00211
   1546.4   0.22629   0.00181
   1546.9   0.22611   0.00195
   1547.4   0.22615   0.00181
   1547.8   0.22618   0.00170
   1548.3   0.22626   0.00204
   1548.8   0.22645   0.00222
   1549.2   0.22658   0.00190
   1549.7   0.22663   0.00150
   1550.1   0.22674   0.00149
   1550.6   0.22646   0.00162
   1551.1   0.22622   0.00151
   1551.5   0.22621   0.00154
   1552.0   0.22633   0.00184
   1552.5   0.22636   0.00173
   1552.9   0.22639   0.00160
   1553.4   0.22623   0.00160
   1553.8   0.22613   0.00157
   1554.3   0.22640   0.00145
   1554.8   0.22668   0.00160
   1555.3   0.22647   0.00166
   1555.7   0.22642   0.00178
   1556.2   0.22646   0.00197
   1556.7   0.22663   0.00177
   1557.1   0.22696   0.00135
   1557.6   0.22696   0.00117
   1558.1   0.22689   0.00147
   1558.5   0.22699   0.00214
   1559.0   0.22693   0.00213
   1559.5   0.22649   0.00176
   1559.9   0.22641   0.00166
   1560.4   0.22655   0.00179
   1560.9   0.22663   0.00173
   1561.3   0.22665   0.00157
   1561.8   0.22641   0.00151
   1562.3   0.22634   0.00152
   1562.8   0.22661   0.00172
   1563.2   0.22648   0.00190
   1563.7   0.22636   0.00171
   1564.2   0.22646   0.00138
   1564.6   0.22630   0.00148
   1565.1   0.22640   0.00162
   1565.6   0.22668   0.00167
   1566.1   0.22666   0.00178
   1566.5   0.22683   0.00167
   1567.0   0.22681   0.00141
   1567.5   0.22674   0.00138
   1567.9   0.22663   0.00150
   1568.4   0.22649   0.00159
   1568.9   0.22652   0.00129
   1569.4   0.22652   0.00156
   1569.8   0.22662   0.00146
   1570.3   0.22662   0.00122
   1570.8   0.22663   0.00169
   1571.3   0.22664   0.00211
   1571.8   0.22667   0.00179
   1572.2   0.22692   0.00175
   1572.7   0.22703   0.00173
   1573.2   0.22704   0.00170
   1573.7   0.22697   0.00178
   1574.1   0.22685   0.00136
   1574.6   0.22699   0.00147
   1575.1   0.22701   0.00175
   1575.6   0.22696   0.00174
   1576.1   0.22708   0.00169
   1576.5   0.22709   0.00189
   1577.0   0.22700   0.00215
   1577.5   0.22704   0.00176
   1578.0   0.22717   0.00152
   1578.4   0.22695   0.00165
   1578.9   0.22673   0.00141
   1579.4   0.22680   0.00122
   1579.9   0.22703   0.00144
   1580.4   0.22707   0.00146
   1580.9   0.22694   0.00133
   1581.3   0.22689   0.00114
   1581.8   0.22698   0.00120
   1582.3   0.22698   0.00136
   1582.8   0.22691   0.00141
   1583.3   0.22683   0.00142
   1583.8   0.22702   0.00136
   1584.2   0.22715   0.00123
   1584.7   0.22706   0.00113
   1585.2   0.22710   0.00090
   1585.7   0.22712   0.00089
   1586.2   0.22698   0.00115
   1586.7   0.22705   0.00132
   1587.2   0.22699   0.00152
   1587.6   0.22704   0.00155
   1588.1   0.22730   0.00128
   1588.6   0.22721   0.00114
   1589.1   0.22684   0.00125
   1589.6   0.22680   0.00123
   1590.1   0.22708   0.00117
   1590.6   0.22712   0.00122
   1591.1   0.22724   0.00150
   1591.5   0.22740   0.00174
   1592.0   0.22746   0.00178
   1592.5   0.22731   0.00158
   1593.0   0.22711   0.00125
   1593.5   0.22690   0.00157
   1594.0   0.22671   0.00166
   1594.5   0.22680   0.00163
   1595.0   0.22704   0.00148
   1595.4   0.22700   0.00141
   1595.9   0.22681   0.00153
   1596.4   0.22699   0.00156
   1596.9   0.22725   0.00155
   1597.4   0.22732   0.00124
   1597.9   0.22710   0.00105
   1598.4   0.22710   0.00106
   1598.9   0.22707   0.00125
   1599.4   0.22699   0.00121
   1599.9   0.22696   0.00118
   1600.4   0.22722   0.00120
   1600.9   0.22725   0.00106
   1601.4   0.22723   0.00094
   1601.9   0.22730   0.00106
   1602.3   0.22721   0.00134
   1602.8   0.22726   0.00130
   1603.3   0.22738   0.00121
   1603.8   0.22742   0.00146
   1604.3   0.22731   0.00150
   1604.8   0.22747   0.00117
   1605.3   0.22772   0.00090
   1605.8   0.22726   0.00121
   1606.3   0.22714   0.00158
   1606.8   0.22744   0.00170
   1607.3   0.22740   0.00157
   1607.8   0.22722   0.00152
   1608.3   0.22723   0.00132
   1608.8   0.22740   0.00127
   1609.3   0.22755   0.00121
   1609.8   0.22743   0.00099
   1610.3   0.22740   0.00119
   1610.8   0.22750   0.00128
   1611.3   0.22744   0.00121
   1611.8   0.22757   0.00117
   1612.3   0.22758   0.00120
   1612.8   0.22742   0.00121
   1613.3   0.22727   0.00141
   1613.8   0.22724   0.00151
   1614.3   0.22757   0.00133
   1614.8   0.22771   0.00149
   1615.3   0.22758   0.00147
   1615.8   0.22753   0.00147
   1616.3   0.22747   0.00152
   1616.8   0.22728   0.00158
   1617.3   0.22738   0.00167
   1617.8   0.22751   0.00142
   1618.4   0.22747   0.00131
   1618.9   0.22754   0.00114
   1619.4   0.22745   0.00102
   1619.9   0.22745   0.00096
   1620.4   0.22768   0.00115
   1620.9   0.22773   0.00123
   1621.4   0.22760   0.00130
   1621.9   0.22766   0.00126
   1622.4   0.22775   0.00138
   1622.9   0.22770   0.00162
   1623.4   0.22753   0.00143
   1623.9   0.22749   0.00137
   1624.4   0.22747   0.00147
   1624.9   0.22749   0.00154
   1625.5   0.22752   0.00149
   1626.0   0.22775   0.00125
   1626.5   0.22780   0.00118
   1627.0   0.22765   0.00118
   1627.5   0.22757   0.00113
   1628.0   0.22749   0.00120
   1628.5   0.22745   0.00138
   1629.0   0.22747   0.00122
   1629.6   0.22760   0.00132
   1630.1   0.22776   0.00130
   1630.6   0.22776   0.00094
   1631.1   0.22764   0.00117
   1631.6   0.22762   0.00138
   1632.1   0.22757   0.00139
   1632.6   0.22759   0.00150
   1633.1   0.22767   0.00118
   1633.7   0.22773   0.00075
   1634.2   0.22763   0.00097
   1634.7   0.22778   0.00119
   1635.2   0.22791   0.00103
   1635.7   0.22771   0.00099
   1636.2   0.22744   0.00104
   1636.8   0.22738   0.00112
   1637.3   0.22735   0.00102
   1637.8   0.22744   0.00096
   1638.3   0.22754   0.00110
   1638.8   0.22768   0.00122
   1639.3   0.22767   0.00115
   1639.9   0.22756   0.00122
   1640.4   0.22761   0.00123
   1640.9   0.22769   0.00098
   1641.4   0.22773   0.00095
   1641.9   0.22782   0.00087
   1642.4   0.22780   0.00097
   1643.0   0.22767   0.00144
   1643.5   0.22779   0.00152
   1644.0   0.22794   0.00108
   1644.5   0.22786   0.00077
   1645.1   0.22765   0.00096
   1645.6   0.22745   0.00108
   1646.1   0.22741   0.00107
   1646.6   0.22759   0.00120
   1647.2   0.22769   0.00136
   1647.7   0.22769   0.00126
   1648.2   0.22765   0.00102
   1648.7   0.22755   0.00081
   1649.3   0.22753   0.00087
   1649.8   0.22767   0.00110
   1650.3   0.22772   0.00122
   1650.8   0.22764   0.00106
   1651.3   0.22772   0.00104
   1651.9   0.22772   0.00098
   1652.4   0.22778   0.00082
   1652.9   0.22777   0.00088
   1653.4   0.22793   0.00098
   1654.0   0.22785   0.00098
   1654.5   0.22755   0.00098
   1655.0   0.22757   0.00103
   1655.6   0.22771   0.00114
   1656.1   0.22776   0.00107
   1656.6   0.22778   0.00089
   1657.2   0.22775   0.00076
   1657.7   0.22778   0.00103
   1658.2   0.22767   0.00114
   1658.7   0.22773   0.00109
   1659.3   0.22798   0.00121
   1659.8   0.22795   0.00129
   1660.3   0.22775   0.00106
   1660.9   0.22765   0.00092
   1661.4   0.22774   0.00111
   1661.9   0.22777   0.00101
   1662.5   0.22768   0.00066
   1663.0   0.22765   0.00057
   1663.5   0.22754   0.00087
   1664.1   0.22740   0.00112
   1664.6   0.22757   0.00116
   1665.1   0.22786   0.00124
   1665.7   0.22782   0.00109
   1666.2   0.22780   0.00090
   1666.7   0.22781   0.00084
   1667.3   0.22778   0.00097
   1667.8   0.22783   0.00106
   1668.3   0.22766   0.00112
   1668.9   0.22762   0.00128
   1669.4   0.22790   0.00115
   1670.0   0.22806   0.00098
   1670.5   0.22798   0.00090
   1671.0   0.22796   0.00093
   1671.6   0.22797   0.00106
   1672.1   0.22795   0.00102
   1672.7   0.22774   0.00089
   1673.2   0.22756   0.00090
   1673.7   0.22756   0.00078
   1674.3   0.22760   0.00082
   1674.8   0.22773   0.00078
   1675.4   0.22776   0.00080
   1675.9   0.22785   0.00077
   1676.4   0.22798   0.00087
   1677.0   0.22808   0.00090
   1677.5   0.22799   0.00082
   1678.1   0.22778   0.00077
   1678.6   0.22776   0.00089
   1679.2   0.22765   0.00086
   1679.7   0.22763   0.00084
   1680.3   0.22775   0.00081
   1680.8   0.22775   0.00082
   1681.3   0.22768   0.00085
   1681.9   0.22766   0.00086
   1682.4   0.22776   0.00094
   1683.0   0.22776   0.00093
   1683.5   0.22765   0.00098
   1684.1   0.22762   0.00084
   1684.6   0.22749   0.00069
   1685.2   0.22755   0.00077
   1685.7   0.22764   0.00094
   1686.3   0.22750   0.00101
   1686.8   0.22734   0.00093
   1687.3   0.22742   0.00079
   1687.9   0.22756   0.00076
   1688.4   0.22762   0.00076
   1689.0   0.22761   0.00081
   1689.6   0.22773   0.00084
   1690.1   0.22781   0.00092
   1690.7   0.22774   0.00090
   1691.2   0.22778   0.00066
   1691.8   0.22785   0.00062
   1692.3   0.22772   0.00066
   1692.9   0.22766   0.00088
   1693.4   0.22766   0.00099
   1694.0   0.22777   0.00093
   1694.5   0.22786   0.00094
   1695.1   0.22779   0.00103
   1695.6   0.22785   0.00107
   1696.2   0.22793   0.00112
   1696.7   0.22785   0.00099
   1697.3   0.22779   0.00099
   1697.8   0.22785   0.00091
   1698.4   0.22774   0.00093
   1699.0   0.22774   0.00088
   1699.5   0.22783   0.00081
   1700.1   0.22788   0.00099
   1700.6   0.22784   0.00094
   1701.2   0.22769   0.00075
   1701.8   0.22753   0.00085
   1702.3   0.22759   0.00099
   1702.9   0.22762   0.00090
   1703.4   0.22770   0.00107
   1704.0   0.22775   0.00120
   1704.6   0.22765   0.00085
   1705.1   0.22753   0.00053
   1705.7   0.22747   0.00050
   1706.2   0.22736   0.00059
   1706.8   0.22739   0.00072
   1707.4   0.22749   0.00091
   1707.9   0.22763   0.00087
   1708.5   0.22776   0.00067
   1709.1   0.22767   0.00065
   1709.6   0.22760   0.00063
   1710.2   0.22762   0.00071
   1710.7   0.22763   0.00079
   1711.3   0.22751   0.00073
   1711.9   0.22745   0.00069
   1712.4   0.22757   0.00100
   1713.0   0.22760   0.00091
   1713.6   0.22757   0.00071
   1714.1   0.22753   0.00081
   1714.7   0.22755   0.00083
   1715.3   0.22755   0.00070
   1715.8   0.22761   0.00064
   1716.4   0.22768   0.00084
   1717.0   0.22771   0.00089
   1717.5   0.22762   0.00098
   1718.1   0.22753   0.00080
   1718.7   0.22763   0.00049
   1719.3   0.22784   0.00041
   1719.8   0.22781   0.00055
   1720.4   0.22765   0.00050
   1721.0   0.22752   0.00051
   1721.5   0.22764   0.00071
   1722.1   0.22773   0.00065
   1722.7   0.22790   0.00055
   1723.3   0.22793   0.00070
   1723.8   0.22782   0.00073
   1724.4   0.22780   0.00079
   1725.0   0.22782   0.00082
   1725.5   0.22778   0.00059
   1726.1   0.22774   0.00049
   1726.7   0.22781   0.00049
   1727.3   0.22789   0.00050
   1727.8   0.22786   0.00060
   1728.4   0.22779   0.00070
   1729.0   0.22768   0.00060
   1729.6   0.22771   0.00063
   1730.2   0.22787   0.00089
   1730.7   0.22782   0.00088
   1731.3   0.22749   0.00063
   1731.9   0.22752   0.00053
   1732.5   0.22779   0.00070
   1733.0   0.22784   0.00073
   1733.6   0.22783   0.00049
   1734.2   0.22785   0.00038
   1734.8   0.22778   0.00046
   1735.4   0.22775   0.00038
   1735.9   0.22781   0.00039
   1736.5   0.22795   0.00048
   1737.1   0.22791   0.00044
   1737.7   0.22788   0.00066
   1738.3   0.22786   0.00082
   1738.8   0.22790   0.00059
   1739.4   0.22788   0.00055
   1740.0   0.22784   0.00053
   1740.6   0.22780   0.00042
   1741.2   0.22781   0.00039
   1741.8   0.22784   0.00052
   1742.4   0.22780   0.00076
   1742.9   0.22785   0.00084
   1743.5   0.22796   0.00065
   1744.1   0.22785   0.00043
   1744.7   0.22772   0.00022
   1745.3   0.22784   0.00027
   1745.9   0.22794   0.00042
   1746.5   0.22782   0.00053
   1747.1   0.22777   0.00050
   1747.6   0.22768   0.00035
   1748.2   0.22768   0.00050
   1748.8   0.22773   0.00067
   1749.4   0.22773   0.00069
   1750.0   0.22780   0.00073
   1750.6   0.22787   0.00061
   1751.2   0.22779   0.00040
   1751.8   0.22768   0.00034
   1752.4   0.22766   0.00048
   1753.0   0.22768   0.00063
   1753.6   0.22765   0.00054
   1754.2   0.22769   0.00039
   1754.7   0.22768   0.00038
   1755.3   0.22772   0.00049
   1755.9   0.22784   0.00076
   1756.5   0.22796   0.00073
   1757.1   0.22806   0.00061
   1757.7   0.22798   0.00046
   1758.3   0.22787   0.00037
   1758.9   0.22795   0.00039
   1759.5   0.22803   0.00053
   1760.1   0.22800   0.00053
   1760.7   0.22786   0.00057
   1761.3   0.22792   0.00061
   1761.9   0.22796   0.00061
   1762.5   0.22787   0.00063
   1763.1   0.22781   0.00044
   1763.7   0.22785   0.00049
   1764.3   0.22796   0.00051
   1764.9   0.22805   0.00047
   1765.5   0.22798   0.00051
   1766.1   0.22795   0.00054
   1766.7   0.22794   0.00053
   1767.3   0.22793   0.00045
   1767.9   0.22790   0.00046
   1768.5   0.22791   0.00065
   1769.1   0.22790   0.00065
   1769.7   0.22797   0.00037
   1770.3   0.22806   0.00033
   1770.9   0.22808   0.00063
   1771.5   0.22805   0.00061
   1772.1   0.22812   0.00041
   1772.7   0.22810   0.00020
   1773.3   0.22809   0.00016
   1773.9   0.22820   0.00028
   1774.6   0.22828   0.00028
   1775.2   0.22822   0.00026
   1775.8   0.22815   0.00035
   1776.4   0.22801   0.00035
   1777.0   0.22808   0.00033
   1777.6   0.22814   0.00044
   1778.2   0.22815   0.00043
   1778.8   0.22819   0.00045
   1779.4   0.22821   0.00063
   1780.0   0.22813   0.00070
   1780.7   0.22804   0.00037
   1781.3   0.22804   0.00023
   1781.9   0.22803   0.00027
   1782.5   0.22807   0.00035
   1783.1   0.22809   0.00028
   1783.7   0.22820   0.00027
   1784.3   0.22825   0.00033
   1784.9   0.22814   0.00028
   1785.6   0.22817   0.00038
   1786.2   0.22810   0.00048
   1786.8   0.22804   0.00042
   1787.4   0.22821   0.00052
   1788.0   0.22827   0.00050
   1788.6   0.22817   0.00030
   1789.3   0.22816   0.00039
   1789.9   0.22824   0.00036
   1790.5   0.22826   0.00024
   1791.1   0.22819   0.00036
   1791.7   0.22815   0.00050
   1792.3   0.22819   0.00033
   1793.0   0.22818   0.00020
   1793.6   0.22817   0.00026
   1794.2   0.22822   0.00024
   1794.8   0.22822   0.00007
   1795.4   0.22816   0.00005
   1796.1   0.22811   0.00018
   1796.7   0.22812   0.00036
   1797.3   0.22819   0.00032
   1797.9   0.22817   0.00026
   1798.6   0.22815   0.00016
   1799.2   0.22832   0.00018
   1799.8   0.22837   0.00038
   1800.4   0.22827   0.00037
   1801.1   0.22821   0.00027
   1801.7   0.22819   0.00020
   1802.3   0.22823   0.00025
   1802.9   0.22822   0.00045
   1803.6   0.22816   0.00032
   1804.2   0.22821   0.00004
   1804.8   0.22821   0.00023
   1805.5   0.22825   0.00037
   1806.1   0.22818   0.00029
   1806.7   0.22812   0.00033
   1807.3   0.22819   0.00035
   1808.0   0.22825   0.00040
   1808.6   0.22825   0.00042
   1809.2   0.22827   0.00037
   1809.9   0.22830   0.00036
   1810.5   0.22830   0.00049
   1811.1   0.22832   0.00046
   1811.8   0.22831   0.00025
   1812.4   0.22817   0.00027
   1813.0   0.22820   0.00024
   1813.7   0.22826   0.00025
   1814.3   0.22828   0.00027
   1814.9   0.22837   0.00021
   1815.6   0.22841   0.00022
   1816.2   0.22840   0.00020
   1816.8   0.22847   0.00011
   1817.5   0.22841   0.00001
   1818.1   0.22832   0.00009
   1818.8   0.22833   0.00027
   1819.4   0.22847   0.00019
   1820.0   0.22843   0.00014
   1820.7   0.22841   0.00013
   1821.3   0.22840   0.00009
   1821.9   0.22832   0.00010
   1822.6   0.22829   0.00001
   1823.2   0.22834   0.00003
   1823.9   0.22836   0.00011
   1824.5   0.22844   0.00012
   1825.2   0.22850   0.00003
   1825.8   0.22851   0.00001
   1826.4   0.22847   0.00001
   1827.1   0.22847   0.00003
   1827.7   0.22845   0.00013
   1828.4   0.22854   0.00015
   1829.0   0.22852   0.00003
   1829.7   0.22846   0.00007
   1830.3   0.22851   0.00005
   1831.0   0.22856   0.00011
   1831.6   0.22860   0.00000
   1832.3   0.22859   0.00015
   1832.9   0.22862   0.00005
   1833.6   0.22866   0.00016
   1834.2   0.22862   0.00013
   1834.8   0.22860   0.00010
   1835.5   0.22856   0.00018
   1836.2   0.22845   0.00001
   1836.8   0.22840   0.00028
   1837.4   0.22851   0.00019
   1838.1   0.22868   0.00001
   1838.8   0.22875   0.00008
   1839.4   0.22865   0.00007
   1840.1   0.22858   0.00006
   1840.7   0.22859   0.00003
   1841.4   0.22867   0.00009
   1842.0   0.22873   0.00023
   1842.7   0.22874   0.00005
   1843.3   0.22871   0.00010
   1844.0   0.22865   0.00002
   1844.6   0.22856   0.00000
   1845.3   0.22859   0.00011
   1845.9   0.22872   0.00009
   1846.6   0.22878   0.00004
   1847.3   0.22879   0.00013
   1847.9   0.22883   0.00021
   1848.6   0.22884   0.00013
   1849.3   0.22875   0.00006
   1849.9   0.22869   0.00013
   1850.6   0.22868   0.00009
   1851.2   0.22861   0.00010
   1851.9   0.22868   0.00003
   1852.6   0.22883   0.00001
   1853.2   0.22885   0.00009
   1853.9   0.22873   0.00001
   1854.5   0.22876   0.00001
   1855.2   0.22885   0.00011
   1855.9   0.22882   0.00005
   1856.5   0.22877   0.00003
   1857.2   0.22876   0.00010
   1857.9   0.22875   0.00012
   1858.5   0.22881   0.00002
   1859.2   0.22884   0.00004
   1859.9   0.22885   0.00004
   1860.5   0.22888   0.00001
   1861.2   0.22887   0.00022
   1861.9   0.22885   0.00026
   1862.5   0.22890   0.00021
   1863.2   0.22882   0.00017
   1863.9   0.22876   0.00008
   1864.5   0.22883   0.00008
   1865.2   0.22894   0.00003
   1865.9   0.22902   0.00025
   1866.6   0.22901   0.00024
   1867.2   0.22891   0.00022
   1867.9   0.22891   0.00024
   1868.6   0.22894   0.00010
   1869.3   0.22896   0.00006
   1869.9   0.22896   0.00002
   1870.6   0.22897   0.00023
   1871.3   0.22906   0.00027
   1871.9   0.22913   0.00027
   1872.6   0.22910   0.00021
   1873.3   0.22920   0.00021
   1874.0   0.22923   0.00020
   1874.7   0.22913   0.00031
   1875.3   0.22915   0.00020
   1876.0   0.22915   0.00010
   1876.7   0.22910   0.00026
   1877.4   0.22912   0.00021
   1878.1   0.22908   0.00015
   1878.7   0.22907   0.00021
   1879.4   0.22915   0.00019
   1880.1   0.22919   0.00019
   1880.8   0.22915   0.00018
   1881.5   0.22917   0.00018
   1882.1   0.22918   0.00028
   1882.8   0.22909   0.00043
   1883.5   0.22916   0.00050
   1884.2   0.22925   0.00047
   1884.9   0.22923   0.00030
   1885.6   0.22927   0.00005
   1886.3   0.22926   0.00003
   1886.9   0.22928   0.00010
   1887.6   0.22927   0.00033
   1888.3   0.22935   0.00035
   1889.0   0.22941   0.00037
   1889.7   0.22936   0.00028
   1890.4   0.22927   0.00036
   1891.1   0.22931   0.00037
   1891.8   0.22942   0.00032
   1892.4   0.22942   0.00037
   1893.1   0.22936   0.00023
   1893.8   0.22936   0.00022
   1894.5   0.22935   0.00026
   1895.2   0.22938   0.00032
   1895.9   0.22936   0.00031
   1896.6   0.22947   0.00029
   1897.3   0.22956   0.00034
   1898.0   0.22953   0.00042
   1898.7   0.22944   0.00039
   1899.4   0.22936   0.00035
   1900.1   0.22947   0.00048
   1900.8   0.22953   0.00055
   1901.5   0.22954   0.00047
   1902.2   0.22958   0.00040
   1902.9   0.22957   0.00039
   1903.6   0.22966   0.00034
   1904.3   0.22965   0.00037
   1905.0   0.22965   0.00040
   1905.7   0.22976   0.00046
   1906.4   0.22969   0.00056
   1907.1   0.22959   0.00053
   1907.8   0.22972   0.00043
   1908.5   0.22974   0.00033
   1909.2   0.22974   0.00036
   1909.9   0.22973   0.00039
   1910.6   0.22975   0.00040
   1911.3   0.22975   0.00042
   1912.0   0.22983   0.00035
   1912.7   0.22987   0.00036
   1913.4   0.22982   0.00047
   1914.1   0.22983   0.00051
   1914.8   0.22985   0.00046
   1915.5   0.22996   0.00034
   1916.2   0.22994   0.00039
   1916.9   0.22976   0.00047
   1917.6   0.22974   0.00044
   1918.3   0.22983   0.00047
   1919.1   0.22996   0.00039
   1919.8   0.23002   0.00033
   1920.5   0.22993   0.00050
   1921.2   0.22994   0.00063
   1921.9   0.23005   0.00054
   1922.6   0.23004   0.00040
   1923.3   0.23003   0.00049
   1924.1   0.23010   0.00056
   1924.8   0.23021   0.00066
   1925.5   0.23020   0.00065
   1926.2   0.23018   0.00049
   1926.9   0.23021   0.00040
   1927.6   0.23023   0.00038
   1928.3   0.23020   0.00055
   1929.1   0.23026   0.00068
   1929.8   0.23030   0.00058
   1930.5   0.23028   0.00040
   1931.2   0.23026   0.00034
   1931.9   0.23031   0.00045
   1932.7   0.23025   0.00041
   1933.4   0.23024   0.00049
   1934.1   0.23035   0.00051
   1934.8   0.23049   0.00044
   1935.5   0.23051   0.00042
   1936.3   0.23049   0.00041
   1937.0   0.23046   0.00061
   1937.7   0.23045   0.00064
   1938.4   0.23045   0.00055
   1939.2   0.23043   0.00043
   1939.9   0.23048   0.00041
   1940.6   0.23055   0.00055
   1941.3   0.23060   0.00069
   1942.1   0.23066   0.00061
   1942.8   0.23065   0.00042
   1943.5   0.23066   0.00041
   1944.3   0.23075   0.00050
   1945.0   0.23077   0.00048
   1945.7   0.23074   0.00049
   1946.4   0.23082   0.00055
   1947.2   0.23079   0.00062
   1947.9   0.23076   0.00062
   1948.6   0.23085   0.00060
   1949.4   0.23086   0.00062
   1950.1   0.23084   0.00068
   1950.8   0.23089   0.00068
   1951.6   0.23090   0.00074
   1952.3   0.23095   0.00069
   1953.0   0.23100   0.00060
   1953.8   0.23106   0.00053
   1954.5   0.23106   0.00053
   1955.3   0.23102   0.00063
   1956.0   0.23100   0.00070
   1956.7   0.23108   0.00076
   1957.5   0.23116   0.00066
   1958.2   0.23114   0.00057
   1958.9   0.23112   0.00061
   1959.7   0.23121   0.00066
   1960.4   0.23129   0.00068
   1961.2   0.23125   0.00078
   1961.9   0.23121   0.00088
   1962.7   0.23122   0.00089
   1963.4   0.23128   0.00073
   1964.1   0.23133   0.00067
   1964.9   0.23125   0.00072
   1965.6   0.23122   0.00067
   1966.4   0.23129   0.00069
   1967.1   0.23131   0.00068
   1967.9   0.23139   0.00077
   1968.6   0.23146   0.00077
   1969.4   0.23149   0.00060
   1970.1   0.23146   0.00046
   1970.8   0.23140   0.00053
   1971.6   0.23152   0.00072
   1972.3   0.23155   0.00075
   1973.1   0.23156   0.00075
   1973.8   0.23166   0.00083
   1974.6   0.23172   0.00081
   1975.4   0.23175   0.00079
   1976.1   0.23175   0.00077
   1976.9   0.23173   0.00071
   1977.6   0.23180   0.00069
   1978.4   0.23182   0.00079
   1979.1   0.23192   0.00084
   1979.9   0.23193   0.00084
   1980.6   0.23191   0.00079
   1981.4   0.23188   0.00071
   1982.2   0.23193   0.00073
   1982.9   0.23204   0.00080
   1983.7   0.23210   0.00089
   1984.4   0.23205   0.00093
   1985.2   0.23202   0.00095
   1985.9   0.23211   0.00096
   1986.7   0.23224   0.00086
   1987.5   0.23224   0.00074
   1988.2   0.23221   0.00078
   1989.0   0.23219   0.00083
   1989.8   0.23222   0.00077
   1990.5   0.23223   0.00072
   1991.3   0.23225   0.00074
   1992.1   0.23222   0.00075
   1992.8   0.23221   0.00081
   1993.6   0.23230   0.00078
   1994.3   0.23239   0.00083
   1995.1   0.23238   0.00078
   1995.9   0.23235   0.00078
   1996.7   0.23238   0.00087
   1997.4   0.23250   0.00085
   1998.2   0.23250   0.00084
   1999.0   0.23251   0.00087
   1999.7   0.23255   0.00087
   2000.5   0.23260   0.00086
   2001.3   0.23260   0.00080
   2002.1   0.23268   0.00082
   2002.8   0.23276   0.00090
   2003.6   0.23273   0.00088
   2004.4   0.23271   0.00078
   2005.2   0.23274   0.00075
   2005.9   0.23277   0.00080
   2006.7   0.23284   0.00087
   2007.5   0.23290   0.00093
   2008.3   0.23294   0.00083
   2009.0   0.23294   0.00072
   2009.8   0.23298   0.00079
   2010.6   0.23306   0.00094
   2011.4   0.23312   0.00093
   2012.2   0.23315   0.00090
   2012.9   0.23319   0.00093
   2013.7   0.23320   0.00091
   2014.5   0.23323   0.00088
   2015.3   0.23322   0.00088
   2016.1   0.23324   0.00092
   2016.8   0.23325   0.00103
   2017.6   0.23326   0.00106
   2018.4   0.23325   0.00094
   2019.2   0.23335   0.00087
   2020.0   0.23344   0.00096
   2020.8   0.23344   0.00094
   2021.6   0.23338   0.00089
   2022.4   0.23344   0.00083
   2023.2   0.23357   0.00080
   2023.9   0.23363   0.00101
   2024.7   0.23360   0.00103
   2025.5   0.23355   0.00095
   2026.3   0.23360   0.00107
   2027.1   0.23372   0.00112
   2027.9   0.23368   0.00106
   2028.7   0.23363   0.00095
   2029.5   0.23367   0.00105
   2030.3   0.23376   0.00111
   2031.1   0.23383   0.00113
   2031.9   0.23389   0.00126
   2032.7   0.23388   0.00122
   2033.5   0.23393   0.00107
   2034.3   0.23397   0.00105
   2035.1   0.23405   0.00101
   2035.9   0.23407   0.00097
   2036.7   0.23405   0.00106
   2037.5   0.23406   0.00117
   2038.3   0.23417   0.00106
   2039.1   0.23417   0.00103
   2039.9   0.23418   0.00110
   2040.7   0.23422   0.00108
   2041.5   0.23421   0.00104
   2042.3   0.23427   0.00097
   2043.1   0.23441   0.00100
   2043.9   0.23447   0.00108
   2044.7   0.23444   0.00106
   2045.5   0.23445   0.00108
   2046.3   0.23449   0.00113
   2047.1   0.23450   0.00113
   2047.9   0.23454   0.00110
   2048.7   0.23456   0.00117
   2049.5   0.23463   0.00125
   2050.4   0.23461   0.00114
   2051.2   0.23466   0.00099
   2052.0   0.23476   0.00101
   2052.8   0.23483   0.00112
   2053.6   0.23486   0.00106
   2054.4   0.23494   0.00100
   2055.2   0.23496   0.00107
   2056.0   0.23497   0.00107
   2056.9   0.23495   0.00113
   2057.7   0.23495   0.00115
   2058.5   0.23498   0.00111
   2059.3   0.23504   0.00106
   2060.1   0.23509   0.00106
   2060.9   0.23513   0.00113
   2061.8   0.23510   0.00112
   2062.6   0.23515   0.00108
   2063.4   0.23522   0.00108
   2064.2   0.23519   0.00110
   2065.1   0.23525   0.00123
   2065.9   0.23540   0.00119
   2066.7   0.23540   0.00110
   2067.5   0.23537   0.00113
   2068.3   0.23541   0.00118
   2069.2   0.23549   0.00117
   2070.0   0.23551   0.00118
   2070.8   0.23554   0.00117
   2071.6   0.23553   0.00111
   2072.5   0.23553   0.00112
   2073.3   0.23559   0.00118
   2074.1   0.23560   0.00118
   2075.0   0.23560   0.00120
   2075.8   0.23573   0.00129
   2076.6   0.23582   0.00125
   2077.5   0.23582   0.00120
   2078.3   0.23583   0.00123
   2079.1   0.23591   0.00124
   2080.0   0.23596   0.00114
   2080.8   0.23605   0.00114
   2081.6   0.23608   0.00119
   2082.5   0.23609   0.00121
   2083.3   0.23613   0.00121
   2084.1   0.23615   0.00120
   2085.0   0.23613   0.00118
   2085.8   0.23620   0.00115
   2086.7   0.23622   0.00112
   2087.5   0.23628   0.00118
   2088.3   0.23635   0.00122
   2089.2   0.23639   0.00120
   2090.0   0.23641   0.00114
   2090.9   0.23648   0.00114
   2091.7   0.23649   0.00117
   2092.6   0.23651   0.00118
   2093.4   0.23659   0.00124
   2094.2   0.23667   0.00125
   2095.1   0.23669   0.00125
   2095.9   0.23669   0.00120
   2096.8   0.23668   0.00120
   2097.6   0.23672   0.00118
   2098.5   0.23683   0.00112
   2099.3   0.23685   0.00118
   2100.2   0.23684   0.00125
   2101.0   0.23685   0.00128
   2101.9   0.23688   0.00128
   2102.7   0.23699   0.00128
   2103.6   0.23699   0.00124
   2104.4   0.23701   0.00136
   2105.3   0.23704   0.00144
   2106.1   0.23709   0.00126
   2107.0   0.23711   0.00113
   2107.9   0.23720   0.00128
   2108.7   0.23729   0.00137
   2109.6   0.23734   0.00130
   2110.4   0.23736   0.00128
   2111.3   0.23740   0.00126
   2112.2   0.23739   0.00125
   2113.0   0.23749   0.00135
   2113.9   0.23749   0.00135
   2114.7   0.23746   0.00127
   2115.6   0.23743   0.00129
   2116.5   0.23751   0.00129
   2117.3   0.23759   0.00124
   2118.2   0.23766   0.00122
   2119.1   0.23766   0.00129
   2119.9   0.23764   0.00129
   2120.8   0.23767   0.00128
   2121.7   0.23780   0.00133
   2122.5   0.23783   0.00128
   2123.4   0.23791   0.00127
   2124.3   0.23799   0.00129
   2125.1   0.23800   0.00125
   2126.0   0.23798   0.00118
   2126.9   0.23804   0.00128
   2127.8   0.23809   0.00128
   2128.6   0.23816   0.00122
   2129.5   0.23826   0.00127
   2130.4   0.23831   0.00135
   2131.3   0.23832   0.00132
   2132.1   0.23838   0.00132
   2133.0   0.23843   0.00136
   2133.9   0.23844   0.00130
   2134.8   0.23848   0.00123
   2135.6   0.23852   0.00123
   2136.5   0.23856   0.00130
   2137.4   0.23863   0.00141
   2138.3   0.23867   0.00143
   2139.2   0.23866   0.00146
   2140.1   0.23862   0.00140
   2140.9   0.23871   0.00135
   2141.8   0.23881   0.00135
   2142.7   0.23886   0.00133
   2143.6   0.23887   0.00142
   2144.5   0.23890   0.00148
   2145.4   0.23895   0.00143
   2146.3   0.23904   0.00140
   2147.1   0.23905   0.00141
   2148.0   0.23902   0.00139
   2148.9   0.23905   0.00134
   2149.8   0.23917   0.00134
   2150.7   0.23919   0.00122
   2151.6   0.23921   0.00122
   2152.5   0.23928   0.00138
   2153.4   0.23937   0.00141
   2154.3   0.23939   0.00138
   2155.2   0.23943   0.00138
   2156.1   0.23945   0.00140
   2157.0   0.23955   0.00137
   2157.9   0.23959   0.00140
   2158.8   0.23964   0.00138
   2159.7   0.23969   0.00141
   2160.6   0.23972   0.00144
   2161.5   0.23976   0.00149
   2162.4   0.23980   0.00151
   2163.3   0.23985   0.00147
   2164.2   0.23992   0.00150
   2165.1   0.23991   0.00156
   2166.0   0.23995   0.00155
   2166.9   0.24002   0.00152
   2167.8   0.24011   0.00150
   2168.7   0.24014   0.00146
   2169.6   0.24020   0.00140
   2170.5   0.24025   0.00144
   2171.4   0.24027   0.00150
   2172.3   0.24028   0.00156
   2173.3   0.24031   0.00154
   2174.2   0.24038   0.00154
   2175.1   0.24048   0.00156
   2176.0   0.24048   0.00159
   2176.9   0.24048   0.00151
   2177.8   0.24051   0.00143
   2178.7   0.24057   0.00147
   2179.6   0.24062   0.00154
   2180.6   0.24066   0.00154
   2181.5   0.24069   0.00152
   2182.4   0.24079   0.00154
   2183.3   0.24080   0.00155
   2184.2   0.24080   0.00155
   2185.1   0.24081   0.00154
   2186.1   0.24082   0.00149
   2187.0   0.24088   0.00152
   2187.9   0.24096   0.00150
   2188.8   0.24099   0.00148
   2189.8   0.24102   0.00154
   2190.7   0.24103   0.00159
   2191.6   0.24110   0.00161
   2192.6   0.24124   0.00156
   2193.5   0.24130   0.00157
   2194.4   0.24131   0.00158
   2195.3   0.24127   0.00152
   2196.3   0.24124   0.00153
   2197.2   0.24131   0.00157
   2198.1   0.24139   0.00160
   2199.1   0.24148   0.00161
   2200.0   0.24154   0.00159
   2200.9   0.24154   0.00161
   2201.9   0.24154   0.00166
   2202.8   0.24161   0.00162
   2203.7   0.24159   0.00161
   2204.7   0.24164   0.00163
   2205.6   0.24178   0.00159
   2206.5   0.24178   0.00166
   2207.5   0.24179   0.00172
   2208.4   0.24189   0.00174
   2209.4   0.24197   0.00176
   2210.3   0.24205   0.00167
   2211.3   0.24204   0.00161
   2212.2   0.24201   0.00164
   2213.1   0.24201   0.00171
   2214.1   0.24207   0.00172
   2215.0   0.24216   0.00160
   2216.0   0.24225   0.00159
   2216.9   0.24229   0.00168
   2217.9   0.24235   0.00166
   2218.8   0.24238   0.00164
   2219.8   0.24244   0.00163
   2220.7   0.24250   0.00163
   2221.7   0.24252   0.00163
   2222.6   0.24254   0.00162
   2223.6   0.24263   0.00165
   2224.5   0.24274   0.00170
   2225.5   0.24281   0.00171
   2226.4   0.24282   0.00166
   2227.4   0.24283   0.00166
   2228.4   0.24288   0.00173
   2229.3   0.24295   0.00172
   2230.3   0.24297   0.00170
   2231.2   0.24302   0.00169
   2232.2   0.24306   0.00160
   2233.1   0.24311   0.00163
   2234.1   0.24319   0.00166
   2235.1   0.24322   0.00174
   2236.0   0.24329   0.00178
   2237.0   0.24332   0.00166
   2238.0   0.24331   0.00160
   2238.9   0.24336   0.00166
   2239.9   0.24341   0.00169
   2240.9   0.24347   0.00171
   2241.8   0.24353   0.00176
   2242.8   0.24360   0.00178
   2243.8   0.24361   0.00171
   2244.8   0.24366   0.00167
   2245.7   0.24376   0.00159
   2246.7   0.24383   0.00163
   2247.7   0.24385   0.00169
   2248.6   0.24390   0.00163
   2249.6   0.24388   0.00168
   2250.6   0.24391   0.00175
   2251.6   0.24399   0.00174
   2252.6   0.24404   0.00182
   2253.5   0.24407   0.00180
   2254.5   0.24415   0.00177
   2255.5   0.24419   0.00175
   2256.5   0.24419   0.00172
   2257.5   0.24422   0.00173
   2258.4   0.24429   0.00175
   2259.4   0.24434   0.00176
   2260.4   0.24442   0.00170
   2261.4   0.24448   0.00173
   2262.4   0.24450   0.00182
   2263.4   0.24457   0.00176
   2264.4   0.24464   0.00169
   2265.4   0.24468   0.00167
   2266.3   0.24476   0.00169
   2267.3   0.24486   0.00179
   2268.3   0.24492   0.00182
   2269.3   0.24493   0.00182
   2270.3   0.24493   0.00182
   2271.3   0.24497   0.00178
   2272.3   0.24508   0.00180
   2273.3   0.24513   0.00185
   2274.3   0.24512   0.00184
   2275.3   0.24512   0.00176
   2276.3   0.24516   0.00171
   2277.3   0.24519   0.00176
   2278.3   0.24525   0.00179
   2279.3   0.24534   0.00182
   2280.3   0.24540   0.00184
   2281.3   0.24550   0.00181
   2282.3   0.24557   0.00178
   2283.3   0.24556   0.00181
   2284.3   0.24562   0.00182
   2285.3   0.24572   0.00186
   2286.3   0.24581   0.00187
   2287.3   0.24583   0.00184
   2288.4   0.24583   0.00185
   2289.4   0.24582   0.00187
   2290.4   0.24588   0.00180
   2291.4   0.24596   0.00176
   2292.4   0.24599   0.00178
   2293.4   0.24603   0.00182
   2294.4   0.24610   0.00181
   2295.4   0.24614   0.00179
   2296.5   0.24617   0.00185
   2297.5   0.24614   0.00185
   2298.5   0.24618   0.00184
   2299.5   0.24628   0.00184
   2300.5   0.24635   0.00182
   2301.6   0.24641   0.00180
   2302.6   0.24646   0.00186
   2303.6   0.24652   0.00190
   2304.6   0.24666   0.00187
   2305.6   0.24670   0.00184
   2306.7   0.24667   0.00180
   2307.7   0.24668   0.00176
   2308.7   0.24673   0.00181
   2309.8   0.24684   0.00187
   2310.8   0.24691   0.00192
   2311.8   0.24692   0.00193
   2312.9   0.24692   0.00182
   2313.9   0.24690   0.00177
   2314.9   0.24699   0.00187
   2315.9   0.24711   0.00191
   2317.0   0.24718   0.00184
   2318.0   0.24723   0.00186
   2319.1   0.24728   0.00190
   2320.1   0.24728   0.00185
   2321.1   0.24730   0.00183
   2322.2   0.24736   0.00184
   2323.2   0.24744   0.00185
   2324.3   0.24750   0.00190
   2325.3   0.24754   0.00189
   2326.3   0.24759   0.00185
   2327.4   0.24762   0.00184
   2328.4   0.24761   0.00188
   2329.5   0.24766   0.00196
   2330.5   0.24776   0.00199
   2331.6   0.24786   0.00197
   2332.6   0.24786   0.00197
   2333.7   0.24788   0.00197
   2334.7   0.24801   0.00194
   2335.8   0.24809   0.00192
   2336.8   0.24807   0.00189
   2337.9   0.24810   0.00190
   2338.9   0.24815   0.00192
   2340.0   0.24822   0.00191
   2341.0   0.24828   0.00188
   2342.1   0.24834   0.00183
   2343.2   0.24837   0.00184
   2344.2   0.24846   0.00185
   2345.3   0.24849   0.00186
   2346.3   0.24851   0.00188
   2347.4   0.24856   0.00189
   2348.5   0.24866   0.00199
   2349.5   0.24868   0.00199
   2350.6   0.24874   0.00189
   2351.7   0.24878   0.00184
   2352.7   0.24885   0.00184
   2353.8   0.24892   0.00180
   2354.9   0.24898   0.00181
   2355.9   0.24903   0.00189
   2357.0   0.24907   0.00192
   2358.1   0.24908   0.00190
   2359.1   0.24912   0.00194
   2360.2   0.24925   0.00199
   2361.3   0.24936   0.00201
   2362.4   0.24936   0.00199
   2363.4   0.24933   0.00189
   2364.5   0.24938   0.00185
   2365.6   0.24948   0.00190
   2366.7   0.24956   0.00194
   2367.8   0.24962   0.00192
   2368.9   0.24965   0.00188
   2369.9   0.24965   0.00190
   2371.0   0.24969   0.00195
   2372.1   0.24981   0.00194
   2373.2   0.24992   0.00196
   2374.3   0.24997   0.00197
   2375.4   0.25000   0.00194
   2376.4   0.25006   0.00198
   2377.5   0.25013   0.00191
   2378.6   0.25016   0.00190
   2379.7   0.25014   0.00196
   2380.8   0.25016   0.00192
   2381.9   0.25022   0.00190
   2383.0   0.25031   0.00199
   2384.1   0.25039   0.00202
   2385.2   0.25046   0.00202
   2386.3   0.25047   0.00201
   2387.4   0.25052   0.00196
   2388.5   0.25060   0.00199
   2389.6   0.25065   0.00205
   2390.7   0.25066   0.00204
   2391.8   0.25073   0.00202
   2392.9   0.25075   0.00207
   2394.0   0.25081   0.00208
   2395.1   0.25091   0.00206
   2396.2   0.25096   0.00202
   2397.3   0.25095   0.00199
   2398.4   0.25101   0.00195
   2399.6   0.25108   0.00195
   2400.7   0.25114   0.00195
   2401.8   0.25121   0.00197
   2402.9   0.25127   0.00200
   2404.0   0.25133   0.00199
   2405.1   0.25138   0.00203
   2406.2   0.25142   0.00206
   2407.4   0.25148   0.00203
   2408.5   0.25154   0.00199
   2409.6   0.25160   0.00194
   2410.7   0.25164   0.00197
   2411.8   0.25172   0.00202
   2412.9   0.25176   0.00201
   2414.1   0.25181   0.00199
   2415.2   0.25190   0.00201
   2416.3   0.25196   0.00203
   2417.4   0.25196   0.00206
   2418.6   0.25201   0.00200
   2419.7   0.25209   0.00200
   2420.8   0.25214   0.00211
   2422.0   0.25218   0.00214
   2423.1   0.25225   0.00203
   2424.2   0.25230   0.00200
   2425.4   0.25237   0.00201
   2426.5   0.25244   0.00197
   2427.6   0.25250   0.00196
   2428.8   0.25257   0.00199
   2429.9   0.25265   0.00204
   2431.1   0.25266   0.00202
   2432.2   0.25271   0.00198
   2433.3   0.25273   0.00202
   2434.5   0.25276   0.00208
   2435.6   0.25282   0.00205
   2436.8   0.25290   0.00202
   2437.9   0.25296   0.00209
   2439.1   0.25306   0.00214
   2440.2   0.25312   0.00206
   2441.4   0.25316   0.00202
   2442.5   0.25322   0.00202
   2443.6   0.25328   0.00200
   2444.8   0.25333   0.00200
   2446.0   0.25341   0.00201
   2447.1   0.25347   0.00208
   2448.3   0.25356   0.00208
   2449.4   0.25356   0.00206
   2450.6   0.25360   0.00202
   2451.7   0.25367   0.00198
   2452.9   0.25370   0.00203
   2454.1   0.25373   0.00206
   2455.2   0.25376   0.00208
   2456.4   0.25384   0.00206
   2457.6   0.25389   0.00201
   2458.7   0.25397   0.00204
   2459.9   0.25408   0.00209
   2461.1   0.25414   0.00211
   2462.2   0.25420   0.00210
   2463.4   0.25429   0.00209
   2464.6   0.25436   0.00210
   2465.7   0.25436   0.00208
   2466.9   0.25438   0.00206
   2468.1   0.25444   0.00211
   2469.3   0.25453   0.00215
   2470.4   0.25458   0.00211
   2471.6   0.25465   0.00206
   2472.8   0.25473   0.00206
   2474.0   0.25478   0.00208
   2475.1   0.25481   0.00211
   2476.3   0.25484   0.00212
   2477.5   0.25488   0.00212
   2478.7   0.25495   0.00210
   2479.9   0.25501   0.00207
   2481.1   0.25506   0.00207
   2482.3   0.25508   0.00206
   2483.4   0.25515   0.00204
   2484.6   0.25524   0.00209
   2485.8   0.25531   0.00217
   2487.0   0.25535   0.00217
   2488.2   0.25541   0.00217
   2489.4   0.25544   0.00214
   2490.6   0.25549   0.00212
   2491.8   0.25556   0.00209
   2493.0   0.25564   0.00211
   2494.2   0.25566   0.00211
   2495.4   0.25569   0.00211
   2496.6   0.25575   0.00209
   2497.8   0.25583   0.00212
   2499.0   0.25587   0.00219
   2500.2   0.25591   0.00219
   2501.4   0.25600   0.00218
   2502.6   0.25611   0.00217
   2503.8   0.25617   0.00214
   2505.0   0.25623   0.00214
   2506.3   0.25626   0.00217
   2507.5   0.25631   0.00227
   2508.7   0.25633   0.00226
   2509.9   0.25639   0.00216
   2511.1   0.25645   0.00218
   2512.3   0.25654   0.00219
   2513.5   0.25661   0.00215
   2514.8   0.25662   0.00214
   2516.0   0.25667   0.00218
   2517.2   0.25675   0.00217
   2518.4   0.25680   0.00219
   2519.6   0.25686   0.00223
   2520.9   0.25691   0.00226
   2522.1   0.25699   0.00221
   2523.3   0.25708   0.00218
   2524.6   0.25712   0.00218
   2525.8   0.25715   0.00219
   2527.0   0.25721   0.00221
   2528.3   0.25724   0.00214
   2529.5   0.25729   0.00211
   2530.7   0.25733   0.00214
   2531.9   0.25739   0.00219
   2533.2   0.25749   0.00221
   2534.4   0.25754   0.00218
   2535.7   0.25756   0.00215
   2536.9   0.25764   0.00214
   2538.1   0.25770   0.00215
   2539.4   0.25774   0.00216
   2540.6   0.25779   0.00218
   2541.9   0.25785   0.00225
   2543.1   0.25794   0.00227
   2544.4   0.25802   0.00222
   2545.6   0.25803   0.00216
   2546.9   0.25805   0.00211
   2548.1   0.25812   0.00213
   2549.4   0.25820   0.00219
   2550.6   0.25824   0.00221
   2551.9   0.25833   0.00222
   2553.1   0.25839   0.00217
   2554.4   0.25841   0.00211
   2555.7   0.25843   0.00215
   2556.9   0.25849   0.00209
   2558.2   0.25855   0.00203
   2559.4   0.25862   0.00211
   2560.7   0.25872   0.00221
   2562.0   0.25889   0.00224
   2563.2   0.25895   0.00228
   2564.5   0.25900   0.00227
   2565.8   0.25900   0.00215
   2567.1   0.25897   0.00208
   2568.3   0.25903   0.00213
   2569.6   0.25914   0.00217
   2570.9   0.25918   0.00218
   2572.1   0.25912   0.00225
   2573.4   0.25929   0.00231
   2574.7   0.25940   0.00219
   2576.0   0.25933   0.00216
   2577.3   0.25947   0.00220
   2578.5   0.25951   0.00218
   2579.8   0.25948   0.00221
   2581.1   0.25960   0.00231
   2582.4   0.25968   0.00235
   2583.7   0.25979   0.00238
   2585.0   0.25996   0.00233
   2586.3   0.25981   0.00225
   2587.5   0.25991   0.00226
   2588.8   0.25996   0.00225
   2590.1   0.25996   0.00221
   2591.4   0.25998   0.00217
   2592.7   0.26001   0.00222
   2594.0   0.26022   0.00239
   2595.3   0.26068   0.00251
   2596.6   0.26061   0.00237
   2597.9   0.26036   0.00225
   2599.2   0.26028   0.00221
   2600.5   0.26039   0.00219
   2601.8   0.26045   0.00220
   2603.1   0.26047   0.00222
   2604.4   0.26050   0.00231
   2605.7   0.26075   0.00242
   2607.1   0.26078   0.00232
   2608.4   0.26068   0.00225
   2609.7   0.26076   0.00221
   2611.0   0.26081   0.00216
   2612.3   0.26079   0.00211
   2613.6   0.26086   0.00214
   2614.9   0.26086   0.00221
   2616.3   0.26098   0.00225
   2617.6   0.26121   0.00223
   2618.9   0.26112   0.00221
   2620.2   0.26121   0.00230
   2621.6   0.26138   0.00227
   2622.9   0.26124   0.00219
   2624.2   0.26121   0.00219
   2625.5   0.26125   0.00222
   2626.9   0.26152   0.00223
   2628.2   0.26154   0.00217
   2629.5   0.26151   0.00230
   2630.9   0.26179   0.00238
   2632.2   0.26177   0.00227
   2633.5   0.26166   0.00223
   2634.9   0.26170   0.00217
   2636.2   0.26166   0.00215
   2637.6   0.26168   0.00218
   2638.9   0.26172   0.00217
   2640.2   0.26177   0.00215
   2641.6   0.26180   0.00220
   2642.9   0.26186   0.00224
   2644.3   0.26187   0.00221
   2645.6   0.26194   0.00216
   2647.0   0.26199   0.00213
   2648.3   0.26201   0.00216
   2649.7   0.26206   0.00220
   2651.0   0.26212   0.00223
   2652.4   0.26221   0.00224
   2653.8   0.26228   0.00226
   2655.1   0.26228   0.00232
   2656.5   0.26234   0.00230
   2657.8   0.26230   0.00228
   2659.2   0.26238   0.00227
   2660.6   0.26242   0.00225
   2661.9   0.26240   0.00230
   2663.3   0.26239   0.00232
   2664.7   0.26256   0.00246
   2666.0   0.26277   0.00257
   2667.4   0.26281   0.00252
   2668.8   0.26263   0.00248
   2670.1   0.26270   0.00266
   2671.5   0.26291   0.00261
   2672.9   0.26259   0.00244
   2674.3   0.26244   0.00245
   2675.7   0.26250   0.00260
   2677.0   0.26265   0.00266
   2678.4   0.26265   0.00261
   2679.8   0.26268   0.00255
   2681.2   0.26256   0.00246
   2682.6   0.26244   0.00250
   2684.0   0.26245   0.00249
   2685.4   0.26237   0.00246
   2686.8   0.26233   0.00250
   2688.1   0.26231   0.00247
   2689.5   0.26229   0.00239
   2690.9   0.26223   0.00237
   2692.3   0.26215   0.00238
   2693.7   0.26222   0.00241
   2695.1   0.26223   0.00243
   2696.5   0.26207   0.00242
   2697.9   0.26191   0.00234
   2699.3   0.26182   0.00230
   2700.8   0.26181   0.00235
   2702.1   0.26176   0.00235
   2703.6   0.26161   0.00232
   2705.0   0.26145   0.00233
   2706.4   0.26133   0.00231
   2707.8   0.26124   0.00234
   2709.2   0.26121   0.00240
   2710.6   0.26118   0.00241
   2712.1   0.26109   0.00232
   2713.5   0.26078   0.00222
   2714.9   0.26057   0.00223
   2716.3   0.26040   0.00228
   2717.7   0.26038   0.00231
   2719.2   0.26053   0.00234
   2720.6   0.26064   0.00244
   2722.0   0.26022   0.00235
   2723.4   0.25973   0.00235
   2724.9   0.25961   0.00240
   2726.3   0.25932   0.00231
   2727.7   0.25890   0.00228
   2729.2   0.25860   0.00232
   2730.6   0.25839   0.00231
   2732.1   0.25821   0.00226
   2733.5   0.25799   0.00228
   2734.9   0.25780   0.00236
   2736.4   0.25749   0.00232
   2737.8   0.25714   0.00230
   2739.3   0.25698   0.00240
   2740.7   0.25684   0.00242
   2742.2   0.25649   0.00234
   2743.6   0.25601   0.00223
   2745.1   0.25566   0.00225
   2746.5   0.25537   0.00228
   2748.0   0.25503   0.00228
   2749.4   0.25472   0.00226
   2750.9   0.25440   0.00222
   2752.4   0.25411   0.00224
   2753.8   0.25375   0.00231
   2755.3   0.25359   0.00244
   2756.7   0.25337   0.00242
   2758.2   0.25287   0.00233
   2759.7   0.25247   0.00232
   2761.1   0.25211   0.00234
   2762.6   0.25185   0.00237
   2764.1   0.25157   0.00234
   2765.6   0.25114   0.00236
   2767.0   0.25078   0.00240
   2768.5   0.25050   0.00241
   2770.0   0.25022   0.00246
   2771.5   0.24997   0.00244
   2773.0   0.24963   0.00236
   2774.4   0.24931   0.00236
   2775.9   0.24900   0.00236
   2777.4   0.24866   0.00233
   2778.9   0.24837   0.00233
   2780.4   0.24811   0.00240
   2781.9   0.24789   0.00238
   2783.4   0.24766   0.00232
   2784.9   0.24738   0.00233
   2786.4   0.24717   0.00241
   2787.9   0.24700   0.00239
   2789.4   0.24672   0.00231
   2790.9   0.24645   0.00232
   2792.4   0.24625   0.00234
   2793.9   0.24604   0.00235
   2795.4   0.24581   0.00234
   2796.9   0.24563   0.00234
   2798.4   0.24544   0.00233
   2799.9   0.24524   0.00235
   2801.4   0.24510   0.00239
   2802.9   0.24507   0.00245
   2804.4   0.24495   0.00241
   2806.0   0.24473   0.00234
   2807.5   0.24456   0.00235
   2809.0   0.24446   0.00236
   2810.5   0.24432   0.00237
   2812.1   0.24419   0.00239
   2813.6   0.24410   0.00240
   2815.1   0.24403   0.00239
   2816.6   0.24393   0.00239
   2818.2   0.24384   0.00242
   2819.7   0.24379   0.00244
   2821.2   0.24374   0.00243
   2822.8   0.24368   0.00242
   2824.3   0.24361   0.00243
   2825.9   0.24354   0.00241
   2827.4   0.24346   0.00240
   2828.9   0.24344   0.00242
   2830.5   0.24341   0.00248
   2832.0   0.24338   0.00250
   2833.6   0.24336   0.00245
   2835.1   0.24335   0.00243
   2836.7   0.24332   0.00248
   2838.2   0.24328   0.00252
   2839.8   0.24329   0.00252
   2841.3   0.24327   0.00249
   2842.9   0.24324   0.00245
   2844.4   0.24321   0.00248
   2846.0   0.24320   0.00251
   2847.6   0.24320   0.00248
   2849.1   0.24323   0.00248
   2850.7   0.24322   0.00253
   2852.3   0.24319   0.00254
   2853.8   0.24318   0.00255
   2855.4   0.24317   0.00260
   2857.0   0.24317   0.00262
   2858.6   0.24317   0.00262
   2860.1   0.24316   0.00260
   2861.7   0.24317   0.00263
   2863.3   0.24317   0.00266
   2864.9   0.24320   0.00265
   2866.5   0.24324   0.00264
   2868.1   0.24325   0.00265
   2869.6   0.24324   0.00264
   2871.2   0.24322   0.00262
   2872.8   0.24317   0.00261
   2874.4   0.24318   0.00258
   2876.0   0.24321   0.00261
   2877.6   0.24326   0.00265
   2879.2   0.24329   0.00264
   2880.8   0.24328   0.00261
   2882.4   0.24325   0.00261
   2884.0   0.24323   0.00265
   2885.6   0.24329   0.00266
   2887.2   0.24333   0.00264
   2888.8   0.24334   0.00267
   2890.4   0.24338   0.00271
   2892.0   0.24341   0.00270
   2893.7   0.24343   0.00267
   2895.3   0.24343   0.00267
   2896.9   0.24344   0.00273
   2898.5   0.24343   0.00270
   2900.1   0.24347   0.00268
   2901.8   0.24351   0.00270
   2903.4   0.24354   0.00273
   2905.0   0.24359   0.00275
   2906.6   0.24360   0.00273
   2908.3   0.24356   0.00273
   2909.9   0.24357   0.00277
   2911.5   0.24358   0.00276
   2913.2   0.24363   0.00274
   2914.8   0.24366   0.00276
   2916.4   0.24369   0.00275
   2918.1   0.24372   0.00276
   2919.7   0.24371   0.00279
   2921.4   0.24372   0.00283
   2923.0   0.24375   0.00280
   2924.7   0.24377   0.00277
   2926.3   0.24378   0.00277
   2928.0   0.24379   0.00274
   2929.6   0.24380   0.00270
   2931.3   0.24378   0.00272
   2932.9   0.24377   0.00276
   2934.6   0.24379   0.00280
   2936.3   0.24382   0.00279
   2937.9   0.24384   0.00275
   2939.6   0.24384   0.00276
   2941.3   0.24384   0.00276
   2942.9   0.24394   0.00276
   2944.6   0.24402   0.00280
   2946.3   0.24406   0.00281
   2947.9   0.24407   0.00278
   2949.6   0.24413   0.00278
   2951.3   0.24422   0.00279
   2953.0   0.24429   0.00278
   2954.7   0.24437   0.00278
   2956.3   0.24448   0.00279
   2958.0   0.24454   0.00280
   2959.7   0.24461   0.00280
   2961.4   0.24469   0.00282
   2963.1   0.24476   0.00287
   2964.8   0.24484   0.00289
   2966.5   0.24488   0.00285
   2968.2   0.24493   0.00281
   2969.9   0.24506   0.00281
   2971.6   0.24515   0.00285
   2973.3   0.24523   0.00287
   2975.0   0.24532   0.00285
   2976.7   0.24541   0.00286
   2978.4   0.24549   0.00283
   2980.1   0.24555   0.00284
   2981.8   0.24564   0.00288
   2983.6   0.24573   0.00291
   2985.3   0.24581   0.00290
   2987.0   0.24595   0.00288
   2988.7   0.24604   0.00286
   2990.4   0.24611   0.00288
   2992.2   0.24619   0.00286
   2993.9   0.24627   0.00285
   2995.6   0.24635   0.00285
   2997.4   0.24646   0.00286
   2999.1   0.24657   0.00288
   3000.8   0.24667   0.00288
   3002.6   0.24673   0.00288
   3004.3   0.24682   0.00287
   3006.0   0.24693   0.00287
   3007.8   0.24700   0.00289
   3009.5   0.24710   0.00290
   3011.3   0.24718   0.00291
   3013.0   0.24726   0.00290
   3014.8   0.24737   0.00288
   3016.5   0.24749   0.00287
   3018.3   0.24759   0.00286
   3020.1   0.24766   0.00286
   3021.8   0.24772   0.00290
   3023.6   0.24776   0.00290
   3025.3   0.24781   0.00289
   3027.1   0.24794   0.00289
   3028.9   0.24808   0.00286
   3030.6   0.24817   0.00286
   3032.4   0.24824   0.00288
   3034.2   0.24830   0.00287
   3036.0   0.24836   0.00285
   3037.7   0.24841   0.00287
   3039.5   0.24850   0.00287
   3041.3   0.24858   0.00285
   3043.1   0.24867   0.00286
   3044.9   0.24873   0.00287
   3046.7   0.24878   0.00286
   3048.5   0.24885   0.00284
   3050.3   0.24891   0.00284
   3052.1   0.24895   0.00287
   3053.8   0.24901   0.00289
   3055.6   0.24903   0.00284
   3057.4   0.24904   0.00283
   3059.3   0.24911   0.00286
   3061.1   0.24919   0.00285
   3062.9   0.24922   0.00283
   3064.7   0.24924   0.00281
   3066.5   0.24927   0.00281
   3068.3   0.24933   0.00285
   3070.1   0.24937   0.00288
   3071.9   0.24942   0.00285
   3073.8   0.24947   0.00282
   3075.6   0.24951   0.00279
   3077.4   0.24955   0.00277
   3079.2   0.24957   0.00276
   3081.1   0.24961   0.00275
   3082.9   0.24971   0.00276
   3084.7   0.24975   0.00276
   3086.6   0.24979   0.00275
   3088.4   0.24986   0.00275
   3090.2   0.24994   0.00277
   3092.1   0.24996   0.00277
   3093.9   0.25002   0.00277
   3095.8   0.25012   0.00275
   3097.6   0.25024   0.00275
   3099.5   0.25031   0.00275
   3101.3   0.25040   0.00273
   3103.2   0.25051   0.00273
   3105.1   0.25063   0.00271
   3106.9   0.25070   0.00272
   3108.8   0.25076   0.00275
   3110.6   0.25086   0.00276
   3112.5   0.25096   0.00276
   3114.4   0.25105   0.00274
   3116.2   0.25116   0.00273
   3118.1   0.25123   0.00273
   3120.0   0.25134   0.00271
   3121.9   0.25144   0.00270
   3123.8   0.25153   0.00272
   3125.6   0.25163   0.00272
   3127.5   0.25174   0.00272
   3129.4   0.25184   0.00272
   3131.3   0.25195   0.00271
   3133.2   0.25203   0.00271
   3135.1   0.25213   0.00270
   3137.0   0.25223   0.00271
   3138.9   0.25232   0.00273
   3140.8   0.25242   0.00270
   3142.7   0.25249   0.00266
   3144.6   0.25258   0.00265
   3146.5   0.25271   0.00266
   3148.4   0.25280   0.00264
   3150.3   0.25291   0.00266
   3152.2   0.25301   0.00269
   3154.1   0.25309   0.00271
   3156.1   0.25319   0.00270
   3158.0   0.25331   0.00268
   3159.9   0.25341   0.00267
   3161.9   0.25351   0.00266
   3163.8   0.25361   0.00264
   3165.7   0.25371   0.00264
   3167.6   0.25381   0.00263
   3169.6   0.25391   0.00264
   3171.5   0.25397   0.00263
   3173.4   0.25409   0.00262
   3175.4   0.25424   0.00264
   3177.3   0.25436   0.00265
   3179.3   0.25446   0.00263
   3181.2   0.25457   0.00264
   3183.2   0.25464   0.00265
   3185.1   0.25472   0.00263
   3187.1   0.25485   0.00264
   3189.1   0.25500   0.00267
   3191.0   0.25511   0.00268
   3193.0   0.25521   0.00268
   3195.0   0.25531   0.00266
   3196.9   0.25542   0.00264
   3198.9   0.25552   0.00262
   3200.9   0.25562   0.00262
   3202.9   0.25572   0.00263
   3204.8   0.25580   0.00264
   3206.8   0.25590   0.00263
   3208.8   0.25601   0.00264
   3210.8   0.25615   0.00264
   3212.8   0.25629   0.00262
   3214.8   0.25639   0.00263
   3216.8   0.25651   0.00263
   3218.8   0.25663   0.00259
   3220.8   0.25675   0.00259
   3222.8   0.25686   0.00263
   3224.8   0.25696   0.00263
   3226.8   0.25707   0.00262
   3228.8   0.25720   0.00260
   3230.8   0.25731   0.00260
   3232.8   0.25742   0.00262
   3234.8   0.25751   0.00261
   3236.8   0.25761   0.00261
   3238.9   0.25776   0.00261
   3240.9   0.25788   0.00261
   3242.9   0.25798   0.00262
   3244.9   0.25810   0.00263
   3247.0   0.25819   0.00264
   3249.0   0.25828   0.00264
   3251.1   0.25842   0.00262
   3253.1   0.25856   0.00262
   3255.1   0.25865   0.00261
   3257.2   0.25873   0.00260
   3259.2   0.25881   0.00261
   3261.3   0.25893   0.00264
   3263.3   0.25906   0.00265
   3265.4   0.25917   0.00264
   3267.4   0.25928   0.00260
   3269.5   0.25937   0.00258
   3271.6   0.25946   0.00260
   3273.6   0.25958   0.00260
   3275.7   0.25970   0.00260
   3277.8   0.25979   0.00260
   3279.8   0.25989   0.00258
   3281.9   0.26000   0.00255
   3284.0   0.26009   0.00255
   3286.1   0.26015   0.00258
   3288.2   0.26023   0.00258
   3290.2   0.26035   0.00256
   3292.3   0.26044   0.00257
   3294.4   0.26053   0.00256
   3296.5   0.26060   0.00257
   3298.6   0.26070   0.00260
   3300.7   0.26081   0.00259
   3302.8   0.26089   0.00259
   3304.9   0.26095   0.00259
   3307.0   0.26104   0.00259
   3309.1   0.26114   0.00258
   3311.3   0.26122   0.00255
   3313.4   0.26127   0.00255
   3315.5   0.26132   0.00256
   3317.6   0.26138   0.00258
   3319.7   0.26146   0.00259
   3321.9   0.26154   0.00258
   3324.0   0.26165   0.00257
   3326.1   0.26172   0.00258
   3328.3   0.26178   0.00255
   3330.4   0.26185   0.00255
   3332.5   0.26192   0.00255
   3334.7   0.26197   0.00256
   3336.8   0.26202   0.00258
   3339.0   0.26206   0.00258
   3341.1   0.26207   0.00260
   3343.3   0.26207   0.00262
   3345.4   0.26212   0.00263
   3347.6   0.26211   0.00262
   3349.8   0.26208   0.00259
   3351.9   0.26202   0.00261
   3354.1   0.26192   0.00265
   3356.3   0.26179   0.00266
   3358.4   0.26166   0.00266
   3360.6   0.26141   0.00269
   3362.8   0.26108   0.00271
   3365.0   0.26065   0.00271
   3367.2   0.26019   0.00271
   3369.4   0.25980   0.00273
   3371.5   0.25956   0.00275
   3373.7   0.25951   0.00274
   3375.9   0.25962   0.00274
   3378.1   0.25988   0.00274
   3380.3   0.26032   0.00275
   3382.5   0.26083   0.00275
   3384.7   0.26129   0.00272
   3386.9   0.26164   0.00274
   3389.2   0.26188   0.00277
   3391.4   0.26191   0.00278
   3393.6   0.26175   0.00275
   3395.8   0.26145   0.00276
   3398.1   0.26107   0.00280
   3400.3   0.26064   0.00282
   3402.5   0.26019   0.00282
   3404.7   0.25977   0.00282
   3407.0   0.25939   0.00283
   3409.2   0.25902   0.00285
   3411.5   0.25870   0.00287
   3413.7   0.25852   0.00288
   3416.0   0.25857   0.00285
   3418.2   0.25883   0.00282
   3420.5   0.25933   0.00282
   3422.7   0.25999   0.00281
   3425.0   0.26071   0.00280
   3427.3   0.26139   0.00283
   3429.5   0.26195   0.00285
   3431.8   0.26236   0.00282
   3434.1   0.26277   0.00278
   3436.3   0.26316   0.00277
   3438.6   0.26351   0.00276
   3440.9   0.26381   0.00275
   3443.2   0.26409   0.00275
   3445.5   0.26434   0.00276
   3447.8   0.26460   0.00275
   3450.1   0.26485   0.00274
   3452.4   0.26506   0.00276
   3454.6   0.26527   0.00276
   3456.9   0.26550   0.00276
   3459.3   0.26568   0.00274
   3461.6   0.26578   0.00272
   3463.9   0.26582   0.00272
   3466.2   0.26580   0.00273
   3468.5   0.26576   0.00273
   3470.8   0.26573   0.00271
   3473.2   0.26571   0.00271
   3475.5   0.26575   0.00270
   3477.8   0.26583   0.00269
   3480.1   0.26589   0.00270
   3482.5   0.26599   0.00273
   3484.8   0.26606   0.00273
   3487.2   0.26601   0.00273
   3489.5   0.26589   0.00272
   3491.9   0.26570   0.00272
   3494.2   0.26550   0.00270
   3496.6   0.26532   0.00268
   3498.9   0.26527   0.00271
   3501.3   0.26544   0.00275
   3503.7   0.26584   0.00272
   3506.0   0.26641   0.00268
   3508.4   0.26704   0.00267
   3510.8   0.26757   0.00268
   3513.2   0.26801   0.00269
   3515.5   0.26838   0.00267
   3517.9   0.26869   0.00266
   3520.3   0.26893   0.00265
   3522.7   0.26913   0.00265
   3525.1   0.26933   0.00265
   3527.5   0.26950   0.00263
   3529.9   0.26961   0.00261
   3532.3   0.26973   0.00259
   3534.7   0.26985   0.00257
   3537.1   0.26996   0.00260
   3539.5   0.27006   0.00261
   3541.9   0.27018   0.00258
   3544.4   0.27028   0.00257
   3546.8   0.27038   0.00259
   3549.2   0.27047   0.00259
   3551.7   0.27055   0.00259
   3554.1   0.27064   0.00259
   3556.5   0.27074   0.00259
   3559.0   0.27082   0.00257
   3561.4   0.27089   0.00258
   3563.9   0.27096   0.00259
   3566.3   0.27105   0.00259
   3568.8   0.27112   0.00259
   3571.2   0.27121   0.00260
   3573.7   0.27129   0.00259
   3576.1   0.27137   0.00259
   3578.6   0.27144   0.00258
   3581.1   0.27150   0.00256
   3583.6   0.27158   0.00259
   3586.0   0.27166   0.00262
   3588.5   0.27175   0.00262
   3591.0   0.27185   0.00258
   3593.5   0.27193   0.00256
   3596.0   0.27201   0.00258
   3598.5   0.27209   0.00258
   3601.0   0.27216   0.00260
   3603.5   0.27220   0.00259
   3606.0   0.27227   0.00256
   3608.5   0.27235   0.00257
   3611.0   0.27243   0.00258
   3613.5   0.27249   0.00255
   3616.1   0.27258   0.00256
   3618.6   0.27265   0.00256
   3621.1   0.27271   0.00257
   3623.6   0.27279   0.00258
   3626.2   0.27288   0.00257
   3628.7   0.27293   0.00258
   3631.3   0.27301   0.00258
   3633.8   0.27310   0.00257
   3636.3   0.27318   0.00256
   3638.9   0.27324   0.00258
   3641.4   0.27330   0.00261
   3644.0   0.27337   0.00263
   3646.6   0.27345   0.00260
   3649.1   0.27350   0.00258
   3651.7   0.27357   0.00257
   3654.3   0.27363   0.00257
   3656.9   0.27369   0.00258
   3659.4   0.27376   0.00260
   3662.0   0.27383   0.00262
   3664.6   0.27389   0.00261
   3667.2   0.27394   0.00259
   3669.8   0.27399   0.00257
   3672.4   0.27408   0.00258
   3675.0   0.27414   0.00258
   3677.6   0.27421   0.00257
   3680.2   0.27428   0.00258
   3682.8   0.27436   0.00260
   3685.4   0.27441   0.00259
   3688.1   0.27447   0.00259
   3690.7   0.27453   0.00259
   3693.3   0.27461   0.00262
   3695.9   0.27466   0.00262
   3698.6   0.27473   0.00259
   3701.2   0.27480   0.00261
   3703.9   0.27485   0.00259
   3706.5   0.27489   0.00258
   3709.2   0.27495   0.00261
   3711.8   0.27502   0.00262
   3714.5   0.27509   0.00261
   3717.1   0.27514   0.00258
   3719.8   0.27520   0.00260
   3722.5   0.27525   0.00261
   3725.2   0.27531   0.00262
   3727.8   0.27536   0.00262
   3730.5   0.27542   0.00261
   3733.2   0.27549   0.00260
   3735.9   0.27556   0.00260
   3738.6   0.27562   0.00261
   3741.3   0.27568   0.00263
   3744.0   0.27576   0.00264
   3746.7   0.27582   0.00262
   3749.4   0.27588   0.00260
   3752.1   0.27594   0.00259
   3754.8   0.27600   0.00261
   3757.6   0.27605   0.00261
   3760.3   0.27609   0.00260
   3763.0   0.27614   0.00262
   3765.7   0.27619   0.00264
   3768.5   0.27626   0.00264
   3771.2   0.27629   0.00264
   3774.0   0.27632   0.00264
   3776.7   0.27635   0.00263
   3779.5   0.27640   0.00263
   3782.2   0.27646   0.00263
   3785.0   0.27651   0.00262
   3787.7   0.27653   0.00260
   3790.5   0.27655   0.00261
   3793.3   0.27657   0.00264
   3796.1   0.27662   0.00263
   3798.8   0.27666   0.00263
   3801.6   0.27670   0.00263
   3804.4   0.27672   0.00263
   3807.2   0.27677   0.00264
   3810.0   0.27681   0.00264
   3812.8   0.27686   0.00262
   3815.6   0.27689   0.00262
   3818.4   0.27693   0.00263
   3821.2   0.27693   0.00263
   3824.1   0.27695   0.00264
   3826.9   0.27699   0.00263
   3829.7   0.27703   0.00264
   3832.5   0.27704   0.00264
   3835.4   0.27706   0.00264
   3838.2   0.27708   0.00262
   3841.1   0.27712   0.00261
   3843.9   0.27714   0.00263
   3846.8   0.27717   0.00264
   3849.6   0.27719   0.00265
   3852.5   0.27719   0.00265
   3855.3   0.27720   0.00264
   3858.2   0.27726   0.00262
   3861.1   0.27728   0.00260
   3863.9   0.27728   0.00261
   3866.8   0.27728   0.00263
   3869.7   0.27732   0.00266
   3872.6   0.27732   0.00263
   3875.5   0.27733   0.00261
   3878.4   0.27734   0.00260
   3881.3   0.27737   0.00261
   3884.2   0.27739   0.00264
   3887.1   0.27740   0.00264
   3890.0   0.27740   0.00263
   3893.0   0.27742   0.00264
   3895.9   0.27742   0.00265
   3898.8   0.27744   0.00263
   3901.7   0.27745   0.00263
   3904.7   0.27745   0.00264
   3907.6   0.27745   0.00263
   3910.6   0.27747   0.00263
   3913.5   0.27747   0.00263
   3916.5   0.27746   0.00262
   3919.4   0.27743   0.00261
   3922.4   0.27744   0.00260
   3925.4   0.27744   0.00262
   3928.4   0.27744   0.00262
   3931.3   0.27743   0.00262
   3934.3   0.27743   0.00262
   3937.3   0.27742   0.00262
   3940.3   0.27743   0.00264
   3943.3   0.27744   0.00264
   3946.3   0.27745   0.00262
   3949.3   0.27744   0.00262
   3952.3   0.27745   0.00263
   3955.3   0.27743   0.00264
   3958.3   0.27742   0.00264
   3961.4   0.27741   0.00262
   3964.4   0.27740   0.00261
   3967.4   0.27738   0.00261
   3970.5   0.27737   0.00261
   3973.5   0.27733   0.00262
   3976.6   0.27730   0.00264
   3979.6   0.27727   0.00263
   3982.6   0.27727   0.00265
   3985.7   0.27724   0.00264
   3988.8   0.27720   0.00262
   3991.9   0.27718   0.00263
   3994.9   0.27716   0.00263
   3998.0   0.27712   0.00261
   4001.1   0.27711   0.00261
   4004.2   0.27709   0.00263
   4007.3   0.27707   0.00264
   4010.4   0.27704   0.00264
   4013.5   0.27702   0.00263
   4016.6   0.27698   0.00264
   4019.7   0.27694   0.00265
   4022.8   0.27690   0.00264
   4025.9   0.27688   0.00260
   4029.1   0.27684   0.00261
   4032.2   0.27682   0.00263
   4035.3   0.27678   0.00261
   4038.5   0.27676   0.00261
   4041.6   0.27675   0.00260
   4044.8   0.27670   0.00259
   4047.9   0.27665   0.00260
   4051.1   0.27663   0.00262
   4054.3   0.27657   0.00262
   4057.4   0.27654   0.00261
   4060.6   0.27652   0.00259
   4063.8   0.27651   0.00257
   4067.0   0.27646   0.00258
   4070.2   0.27642   0.00256
   4073.4   0.27639   0.00256
   4076.6   0.27637   0.00257
   4079.8   0.27634   0.00256
   4083.0   0.27631   0.00256
   4086.2   0.27626   0.00258
   4089.4   0.27623   0.00258
   4092.7   0.27618   0.00257
   4095.9   0.27613   0.00257
   4099.1   0.27607   0.00257
   4102.4   0.27603   0.00257
   4105.6   0.27598   0.00256
   4108.9   0.27596   0.00256
   4112.1   0.27591   0.00256
   4115.4   0.27586   0.00257
   4118.7   0.27581   0.00258
   4122.0   0.27576   0.00257
   4125.2   0.27570   0.00256
   4128.5   0.27566   0.00258
   4131.8   0.27561   0.00257
   4135.1   0.27556   0.00257
   4138.4   0.27551   0.00257
   4141.7   0.27546   0.00257
   4145.0   0.27540   0.00256
   4148.3   0.27537   0.00256
   4151.6   0.27531   0.00259
   4155.0   0.27527   0.00261
   4158.3   0.27522   0.00259
   4161.6   0.27519   0.00256
   4165.0   0.27511   0.00254
   4168.3   0.27505   0.00254
   4171.7   0.27499   0.00255
   4175.0   0.27493   0.00256
   4178.4   0.27485   0.00257
   4181.8   0.27480   0.00257
   4185.2   0.27473   0.00254
   4188.5   0.27466   0.00255
   4191.9   0.27458   0.00257
   4195.3   0.27451   0.00258
   4198.7   0.27443   0.00257
   4202.1   0.27434   0.00256
   4205.5   0.27422   0.00257
   4208.9   0.27412   0.00257
   4212.4   0.27401   0.00257
   4215.8   0.27392   0.00261
   4219.2   0.27380   0.00265
   4222.6   0.27368   0.00266
   4226.1   0.27354   0.00265
   4229.5   0.27341   0.00266
   4233.0   0.27329   0.00271
   4236.5   0.27318   0.00270
   4239.9   0.27304   0.00268
   4243.4   0.27294   0.00269
   4246.9   0.27282   0.00264
   4250.3   0.27272   0.00259
   4253.8   0.27258   0.00258
   4257.3   0.27245   0.00256
   4260.8   0.27225   0.00258
   4264.3   0.27201   0.00260
   4267.8   0.27178   0.00263
   4271.4   0.27159   0.00264
   4274.9   0.27139   0.00262
   4278.4   0.27119   0.00262
   4281.9   0.27093   0.00262
   4285.5   0.27067   0.00262
   4289.0   0.27041   0.00263
   4292.6   0.27016   0.00262
   4296.1   0.26989   0.00261
   4299.7   0.26966   0.00259
   4303.3   0.26939   0.00256
   4306.8   0.26912   0.00254
   4310.4   0.26884   0.00253
   4314.0   0.26858   0.00251
   4317.6   0.26831   0.00250
   4321.2   0.26806   0.00249
   4324.8   0.26781   0.00249
   4328.4   0.26757   0.00249
   4332.0   0.26733   0.00247
   4335.6   0.26711   0.00246
   4339.3   0.26686   0.00247
   4342.9   0.26664   0.00248
   4346.5   0.26640   0.00249
   4350.2   0.26619   0.00248
   4353.8   0.26595   0.00248
   4357.5   0.26574   0.00247
   4361.1   0.26551   0.00245
   4364.8   0.26530   0.00244
   4368.5   0.26507   0.00243
   4372.2   0.26486   0.00242
   4375.9   0.26465   0.00242
   4379.6   0.26443   0.00241
   4383.3   0.26421   0.00241
   4387.0   0.26401   0.00243
   4390.7   0.26380   0.00243
   4394.4   0.26363   0.00242
   4398.1   0.26345   0.00239
   4401.9   0.26331   0.00240
   4405.6   0.26316   0.00241
   4409.4   0.26301   0.00241
   4413.1   0.26286   0.00242
   4416.9   0.26276   0.00242
   4420.6   0.26265   0.00241
   4424.4   0.26257   0.00240
   4428.2   0.26246   0.00239
   4432.0   0.26237   0.00239
   4435.8   0.26228   0.00239
   4439.6   0.26220   0.00238
   4443.4   0.26209   0.00239
   4447.2   0.26198   0.00240
   4451.0   0.26186   0.00237
   4454.8   0.26175   0.00236
   4458.6   0.26161   0.00237
   4462.5   0.26147   0.00237
   4466.3   0.26130   0.00238
   4470.2   0.26114   0.00238
   4474.0   0.26096   0.00239
   4477.9   0.26079   0.00238
   4481.8   0.26059   0.00238
   4485.6   0.26040   0.00237
   4489.5   0.26020   0.00236
   4493.4   0.25998   0.00236
   4497.3   0.25971   0.00239
   4501.2   0.25945   0.00237
   4505.1   0.25917   0.00236
   4509.0   0.25890   0.00236
   4513.0   0.25860   0.00235
   4516.9   0.25831   0.00235
   4520.8   0.25801   0.00235
   4524.8   0.25771   0.00233
   4528.7   0.25736   0.00232
   4532.7   0.25701   0.00230
   4536.7   0.25663   0.00229
   4540.6   0.25626   0.00229
   4544.6   0.25587   0.00230
   4548.6   0.25549   0.00232
   4552.6   0.25507   0.00231
   4556.6   0.25465   0.00227
   4560.6   0.25422   0.00226
   4564.6   0.25378   0.00227
   4568.6   0.25332   0.00228
   4572.7   0.25288   0.00227
   4576.7   0.25238   0.00225
   4580.8   0.25189   0.00225
   4584.8   0.25141   0.00226
   4588.9   0.25091   0.00225
   4592.9   0.25036   0.00226
   4597.0   0.24981   0.00225
   4601.1   0.24925   0.00223
   4605.2   0.24869   0.00222
   4609.3   0.24806   0.00221
   4613.4   0.24746   0.00220
   4617.5   0.24683   0.00220
   4621.6   0.24620   0.00220
   4625.7   0.24555   0.00221
   4629.8   0.24492   0.00220
   4634.0   0.24430   0.00217
   4638.1   0.24369   0.00216
   4642.3   0.24308   0.00216
   4646.4   0.24253   0.00217
   4650.6   0.24198   0.00218
   4654.8   0.24147   0.00217
   4659.0   0.24095   0.00217
   4663.1   0.24046   0.00216
   4667.3   0.23998   0.00215
   4671.5   0.23951   0.00215
   4675.8   0.23902   0.00215
   4680.0   0.23856   0.00216
   4684.2   0.23805   0.00215
   4688.4   0.23755   0.00214
   4692.7   0.23702   0.00213
   4696.9   0.23648   0.00213
   4701.2   0.23594   0.00215
   4705.5   0.23542   0.00214
   4709.7   0.23488   0.00211
   4714.0   0.23435   0.00212
   4718.3   0.23379   0.00214
   4722.6   0.23324   0.00211
   4726.9   0.23268   0.00210
   4731.2   0.23214   0.00209
   4735.5   0.23158   0.00213
   4739.9   0.23107   0.00213
   4744.2   0.23053   0.00211
   4748.5   0.23001   0.00210
   4752.9   0.22950   0.00209
   4757.3   0.22902   0.00209
   4761.6   0.22853   0.00207
   4766.0   0.22808   0.00207
   4770.4   0.22763   0.00207
   4774.8   0.22719   0.00206
   4779.2   0.22675   0.00207
   4783.6   0.22633   0.00207
   4788.0   0.22589   0.00206
   4792.4   0.22548   0.00205
   4796.9   0.22504   0.00203
   4801.3   0.22458   0.00203
   4805.8   0.22409   0.00206
   4810.2   0.22362   0.00205
   4814.7   0.22312   0.00203
   4819.1   0.22263   0.00203
   4823.6   0.22213   0.00203
   4828.1   0.22161   0.00202
   4832.6   0.22108   0.00200
   4837.1   0.22055   0.00199
   4841.6   0.22000   0.00197
   4846.2   0.21946   0.00194
   4850.7   0.21889   0.00195
   4855.3   0.21833   0.00197
   4859.8   0.21776   0.00197
   4864.4   0.21719   0.00198
   4868.9   0.21663   0.00196
   4873.5   0.21608   0.00193
   4878.1   0.21551   0.00193
   4882.7   0.21495   0.00193
   4887.3   0.21437   0.00191
   4891.9   0.21381   0.00193
   4896.5   0.21323   0.00193
   4901.1   0.21265   0.00192
   4905.8   0.21203   0.00192
   4910.4   0.21143   0.00192
   4915.1   0.21080   0.00192
   4919.7   0.21020   0.00190
   4924.4   0.20959   0.00189
   4929.1   0.20899   0.00189
   4933.8   0.20837   0.00188
   4938.5   0.20777   0.00191
   4943.2   0.20716   0.00191
   4947.9   0.20654   0.00190
   4952.6   0.20590   0.00190
   4957.4   0.20528   0.00189
   4962.1   0.20465   0.00187
   4966.9   0.20403   0.00187
   4971.6   0.20339   0.00187
   4976.4   0.20276   0.00186
   4981.2   0.20211   0.00186
   4986.0   0.20146   0.00185
   4990.8   0.20082   0.00185
   4995.6   0.20019   0.00183
   5000.4   0.19950   0.00183
   5005.2   0.19884   0.00184
   5010.0   0.19817   0.00183
   5014.9   0.19750   0.00182
   5019.8   0.19682   0.00183
   5024.6   0.19617   0.00183
   5029.5   0.19550   0.00180
   5034.4   0.19485   0.00177
   5039.3   0.19418   0.00177
   5044.2   0.19354   0.00177
   5049.1   0.19290   0.00177
   5054.0   0.19229   0.00177
   5058.9   0.19165   0.00176
   5063.9   0.19103   0.00176
   5068.8   0.19043   0.00177
   5073.8   0.18986   0.00175
   5078.8   0.18928   0.00175
   5083.7   0.18874   0.00176
   5088.7   0.18817   0.00174
   5093.7   0.18761   0.00173
   5098.7   0.18703   0.00173
   5103.7   0.18644   0.00171
   5108.8   0.18583   0.00172
   5113.8   0.18520   0.00172
   5118.9   0.18454   0.00170
   5123.9   0.18390   0.00169
   5129.0   0.18319   0.00167
   5134.1   0.18248   0.00167
   5139.1   0.18175   0.00169
   5144.3   0.18106   0.00170
   5149.4   0.18036   0.00169
   5154.5   0.17963   0.00167
   5159.6   0.17893   0.00167
   5164.7   0.17826   0.00164
   5169.9   0.17761   0.00163
   5175.0   0.17700   0.00164
   5180.2   0.17638   0.00163
   5185.4   0.17579   0.00161
   5190.6   0.17521   0.00163
   5195.8   0.17466   0.00162
   5201.0   0.17410   0.00160
   5206.2   0.17356   0.00161
   5211.5   0.17303   0.00162
   5216.7   0.17253   0.00162
   5222.0   0.17197   0.00159
   5227.2   0.17144   0.00159
   5232.5   0.17092   0.00161
   5237.8   0.17041   0.00160
   5243.1   0.16986   0.00159
   5248.4   0.16929   0.00159
   5253.7   0.16870   0.00156
   5259.0   0.16814   0.00155
   5264.4   0.16755   0.00153
   5269.7   0.16695   0.00153
   5275.1   0.16636   0.00156
   5280.5   0.16580   0.00157
   5285.8   0.16524   0.00157
   5291.2   0.16474   0.00156
   5296.6   0.16422   0.00154
   5302.0   0.16374   0.00153
   5307.5   0.16328   0.00150
   5312.9   0.16284   0.00151
   5318.4   0.16243   0.00152
   5323.8   0.16206   0.00152
   5329.3   0.16167   0.00152
   5334.8   0.16128   0.00152
   5340.3   0.16084   0.00152
   5345.8   0.16043   0.00153
   5351.3   0.15997   0.00152
   5356.8   0.15943   0.00150
   5362.4   0.15887   0.00149
   5367.9   0.15831   0.00147
   5373.5   0.15772   0.00148
   5379.0   0.15713   0.00147
   5384.6   0.15652   0.00145
   5390.2   0.15594   0.00146
   5395.8   0.15535   0.00143
   5401.5   0.15476   0.00141
   5407.1   0.15420   0.00142
   5412.7   0.15370   0.00141
   5418.4   0.15326   0.00145
   5424.1   0.15286   0.00147
   5429.7   0.15239   0.00142
   5435.4   0.15202   0.00139
   5441.1   0.15169   0.00137
   5446.9   0.15139   0.00136
   5452.6   0.15114   0.00138
   5458.3   0.15096   0.00140
   5464.1   0.15084   0.00141
   5469.8   0.15073   0.00139
   5475.6   0.15063   0.00138
   5481.4   0.15062   0.00135
   5487.2   0.15060   0.00133
   5493.0   0.15061   0.00135
   5498.8   0.15062   0.00135
   5504.7   0.15067   0.00133
   5510.5   0.15070   0.00131
   5516.4   0.15078   0.00131
   5522.3   0.15086   0.00133
   5528.1   0.15091   0.00135
   5534.0   0.15092   0.00133
   5540.0   0.15098   0.00132
   5545.9   0.15101   0.00132
   5551.8   0.15100   0.00132
   5557.8   0.15094   0.00130
   5563.7   0.15084   0.00128
   5569.7   0.15068   0.00128
   5575.7   0.15056   0.00132
   5581.7   0.15033   0.00133
   5587.7   0.15001   0.00129
   5593.7   0.14967   0.00127
   5599.8   0.14934   0.00127
   5605.8   0.14894   0.00127
   5611.9   0.14854   0.00127
   5618.0   0.14810   0.00128
   5624.1   0.14766   0.00125
   5630.2   0.14718   0.00124
   5636.3   0.14676   0.00128
   5642.4   0.14636   0.00130
   5648.6   0.14588   0.00125
   5654.7   0.14541   0.00125
   5660.9   0.14499   0.00124
   5667.1   0.14457   0.00122
   5673.3   0.14426   0.00124
   5679.5   0.14394   0.00123
   5685.7   0.14363   0.00121
   5692.0   0.14336   0.00124
   5698.2   0.14309   0.00123
   5704.5   0.14282   0.00123
   5710.8   0.14261   0.00126
   5717.1   0.14226   0.00128
   5723.4   0.14189   0.00128
   5729.7   0.14147   0.00124
   5736.0   0.14107   0.00122
   5742.4   0.14061   0.00124
   5748.8   0.14009   0.00126
   5755.1   0.13946   0.00122
   5761.5   0.13892   0.00128
   5768.0   0.13833   0.00133
   5774.4   0.13757   0.00125
   5780.8   0.13678   0.00118
   5787.3   0.13603   0.00117
   5793.7   0.13525   0.00119
   5800.2   0.13449   0.00119
   5806.7   0.13369   0.00120
   5813.2   0.13295   0.00120
   5819.8   0.13223   0.00125
   5826.3   0.13145   0.00127
   5832.8   0.13053   0.00121
   5839.4   0.12968   0.00115
   5846.0   0.12884   0.00116
   5852.6   0.12804   0.00119
   5859.2   0.12723   0.00120
   5865.8   0.12645   0.00122
   5872.5   0.12564   0.00123
   5879.1   0.12502   0.00129
   5885.8   0.12421   0.00128
   5892.5   0.12341   0.00129
   5899.2   0.12262   0.00127
   5905.9   0.12171   0.00118
   5912.6   0.12090   0.00116
   5919.4   0.12014   0.00118
   5926.2   0.11937   0.00119
   5932.9   0.11872   0.00129
   5939.7   0.11795   0.00131
   5946.5   0.11706   0.00122
   5953.4   0.11623   0.00120
   5960.2   0.11545   0.00120
   5967.1   0.11469   0.00123
   5974.0   0.11390   0.00122
   5980.8   0.11312   0.00123
   5987.8   0.11248   0.00125
   5994.7   0.11178   0.00122
   6001.6   0.11111   0.00117
   6008.6   0.11055   0.00118
   6015.5   0.11004   0.00121
   6022.5   0.10953   0.00118
   6029.5   0.10911   0.00118
   6036.5   0.10875   0.00119
   6043.6   0.10859   0.00128
   6050.6   0.10848   0.00134
   6057.7   0.10810   0.00121
   6064.8   0.10779   0.00118
   6071.9   0.10767   0.00122
   6079.0   0.10745   0.00119
   6086.1   0.10720   0.00112
   6093.3   0.10697   0.00108
   6100.5   0.10675   0.00110
   6107.6   0.10656   0.00116
   6114.8   0.10639   0.00119
   6122.1   0.10605   0.00112
   6129.3   0.10570   0.00107
   6136.5   0.10540   0.00108
   6143.8   0.10512   0.00105
   6151.1   0.10482   0.00104
   6158.4   0.10458   0.00104
   6165.7   0.10430   0.00102
   6173.1   0.10405   0.00101
   6180.4   0.10391   0.00104
   6187.8   0.10379   0.00105
   6195.2   0.10352   0.00100
   6202.6   0.10332   0.00099
   6210.0   0.10314   0.00099
   6217.5   0.10300   0.00097
   6225.0   0.10286   0.00093
   6232.4   0.10272   0.00095
   6239.9   0.10256   0.00095
   6247.5   0.10242   0.00093
   6255.0   0.10226   0.00092
   6262.5   0.10211   0.00091
   6270.1   0.10193   0.00090
   6277.7   0.10177   0.00089
   6285.3   0.10159   0.00088
   6293.0   0.10144   0.00089
   6300.6   0.10129   0.00088
   6308.3   0.10117   0.00085
   6315.9   0.10107   0.00084
   6323.6   0.10100   0.00084
   6331.4   0.10097   0.00084
   6339.1   0.10104   0.00088
   6346.9   0.10110   0.00089
   6354.6   0.10106   0.00085
   6362.4   0.10108   0.00084
   6370.3   0.10121   0.00085
   6378.1   0.10126   0.00083
   6385.9   0.10130   0.00083
   6393.8   0.10136   0.00082
   6401.7   0.10141   0.00083
   6409.6   0.10155   0.00091
   6417.5   0.10158   0.00095
   6425.5   0.10136   0.00090
   6433.5   0.10118   0.00086
   6441.5   0.10098   0.00080
   6449.5   0.10073   0.00080
   6457.5   0.10048   0.00079
   6465.6   0.10025   0.00078
   6473.6   0.10003   0.00081
   6481.7   0.09983   0.00084
   6489.8   0.09966   0.00089
   6498.0   0.09940   0.00087
   6506.1   0.09903   0.00080
   6514.3   0.09877   0.00077
   6522.5   0.09853   0.00078
   6530.7   0.09824   0.00077
   6539.0   0.09796   0.00078
   6547.2   0.09771   0.00079
   6555.5   0.09744   0.00077
   6563.8   0.09715   0.00076
   6572.1   0.09689   0.00079
   6580.4   0.09657   0.00078
   6588.8   0.09621   0.00075
   6597.2   0.09588   0.00075
   6605.6   0.09551   0.00074
   6614.0   0.09522   0.00071
   6622.5   0.09494   0.00071
   6630.9   0.09476   0.00077
   6639.4   0.09457   0.00079
   6647.9   0.09424   0.00070
   6656.5   0.09394   0.00063
   6665.0   0.09375   0.00062
   6673.6   0.09359   0.00066
   6682.2   0.09346   0.00067
   6690.8   0.09326   0.00061
   6699.5   0.09306   0.00058
   6708.1   0.09292   0.00059
   6716.8   0.09272   0.00059
   6725.5   0.09246   0.00057
   6734.3   0.09219   0.00053
   6743.0   0.09189   0.00053
   6751.8   0.09160   0.00055
   6760.6   0.09127   0.00054
   6769.4   0.09097   0.00055
   6778.3   0.09064   0.00055
   6787.1   0.09033   0.00059
   6796.0   0.08993   0.00060
   6805.0   0.08950   0.00056
   6813.9   0.08911   0.00053
   6822.9   0.08881   0.00053
   6831.9   0.08848   0.00052
   6840.9   0.08816   0.00052
   6849.9   0.08789   0.00051
   6859.0   0.08770   0.00054
   6868.0   0.08746   0.00055
   6877.2   0.08712   0.00049
   6886.3   0.08680   0.00048
   6895.5   0.08650   0.00045
   6904.6   0.08620   0.00047
   6913.8   0.08587   0.00048
   6923.1   0.08551   0.00047
   6932.3   0.08515   0.00046
   6941.6   0.08477   0.00047
   6950.9   0.08440   0.00049
   6960.2   0.08397   0.00049
   6969.6   0.08349   0.00045
   6979.0   0.08299   0.00043
   6988.4   0.08251   0.00044
   6997.8   0.08198   0.00046
   7007.3   0.08145   0.00046
   7016.8   0.08095   0.00045
   7026.3   0.08046   0.00044
   7035.8   0.07996   0.00043
   7045.4   0.07951   0.00043
   7054.9   0.07896   0.00041
   7064.5   0.07841   0.00039
   7074.2   0.07787   0.00037
   7083.9   0.07734   0.00036
   7093.5   0.07682   0.00037
   7103.3   0.07631   0.00037
   7113.0   0.07577   0.00039
   7122.8   0.07525   0.00037
   7132.6   0.07471   0.00034
   7142.4   0.07416   0.00036
   7152.2   0.07356   0.00037
   7162.1   0.07297   0.00036
   7172.0   0.07237   0.00035
   7182.0   0.07173   0.00032
   7191.9   0.07107   0.00032
   7201.9   0.07043   0.00034
   7211.9   0.06975   0.00032
   7222.0   0.06905   0.00029
   7232.0   0.06836   0.00029
   7242.1   0.06768   0.00030
   7252.3   0.06700   0.00029
   7262.4   0.06634   0.00028
   7272.6   0.06568   0.00029
   7282.8   0.06502   0.00029
   7293.1   0.06432   0.00029
   7303.3   0.06365   0.00029
   7313.6   0.06294   0.00026
   7324.0   0.06223   0.00024
   7334.3   0.06150   0.00025
   7344.7   0.06077   0.00025
   7355.1   0.06001   0.00025
   7365.6   0.05924   0.00023
   7376.1   0.05845   0.00023
   7386.6   0.05768   0.00023
   7397.1   0.05689   0.00023
   7407.7   0.05608   0.00021
   7418.3   0.05525   0.00021
   7428.9   0.05446   0.00023
   7439.6   0.05364   0.00022
   7450.2   0.05283   0.00019
   7461.0   0.05201   0.00020
   7471.7   0.05120   0.00022
   7482.5   0.05036   0.00023
   7493.3   0.04954   0.00019
   7504.1   0.04872   0.00018
   7515.0   0.04794   0.00020
   7525.9   0.04710   0.00019
   7536.9   0.04630   0.00019
   7547.9   0.04548   0.00019
   7558.9   0.04466   0.00018
   7569.9   0.04383   0.00018
   7581.0   0.04304   0.00020
   7592.0   0.04224   0.00020
   7603.2   0.04146   0.00018
   7614.4   0.04061   0.00017
   7625.5   0.03979   0.00017
   7636.8   0.03894   0.00018
   7648.0   0.03812   0.00019
   7659.3   0.03725   0.00018
   7670.7   0.03638   0.00018
   7682.0   0.03549   0.00018
   7693.4   0.03465   0.00018
   7704.9   0.03376   0.00018
   7716.3   0.03288   0.00018
   7727.8   0.03198   0.00019
   7739.4   0.03109   0.00019
   7750.9   0.03019   0.00017
   7762.5   0.02933   0.00017
   7774.2   0.02844   0.00019
   7785.8   0.02759   0.00020
   7797.5   0.02672   0.00021
   7809.3   0.02588   0.00021
   7821.1   0.02500   0.00023
   7832.9   0.02416   0.00022
   7844.7   0.02330   0.00022
   7856.6   0.02249   0.00020
   7868.5   0.02168   0.00019
   7880.5   0.02088   0.00021
   7892.5   0.02008   0.00023
   7904.5   0.01931   0.00019
   7916.6   0.01852   0.00017
   7928.7   0.01779   0.00020
   7940.8   0.01704   0.00022
   7953.0   0.01634   0.00022
   7965.2   0.01566   0.00021
   7977.5   0.01502   0.00021
   7989.8   0.01437   0.00022
   8002.1   0.01379   0.00023
   8014.5   0.01322   0.00022
   8026.9   0.01271   0.00021
   8039.3   0.01221   0.00022
   8051.8   0.01177   0.00023
   8064.3   0.01134   0.00022
   8076.9   0.01097   0.00020
   8089.5   0.01064   0.00021
   8102.1   0.01040   0.00022
   8114.8   0.01019   0.00022
   8127.5   0.01005   0.00023
   8140.3   0.00992   0.00023
   8153.1   0.00988   0.00022
   8165.9   0.00987   0.00024
   8178.8   0.00997   0.00025
   8191.7   0.01014   0.00025
   8204.7   0.01039   0.00024
   8217.7   0.01071   0.00026
   8230.7   0.01115   0.00031
   8243.8   0.01162   0.00033
   8257.0   0.01216   0.00035
   8270.1   0.01278   0.00037
   8283.3   0.01350   0.00037
   8296.6   0.01422   0.00037
   8309.9   0.01499   0.00041
   8323.2   0.01577   0.00046
   8336.6   0.01654   0.00047
   8350.0   0.01726   0.00049
   8363.5   0.01799   0.00052
   8377.0   0.01864   0.00052
   8390.5   0.01930   0.00054
   8404.2   0.01992   0.00056
   8417.8   0.02055   0.00060
   8431.5   0.02116   0.00062
   8445.2   0.02177   0.00060
   8459.0   0.02227   0.00060
   8472.8   0.02270   0.00063
   8486.7   0.02302   0.00065
   8500.6   0.02331   0.00064
   8514.5   0.02353   0.00062
   8528.5   0.02376   0.00065
   8542.6   0.02397   0.00066
   8556.7   0.02419   0.00064
   8570.8   0.02437   0.00064
   8585.0   0.02454   0.00064
   8599.3   0.02466   0.00063
   8613.5   0.02474   0.00064
   8627.9   0.02477   0.00064
   8642.3   0.02481   0.00064
   8656.7   0.02481   0.00064
   8671.2   0.02482   0.00064
   8685.7   0.02484   0.00063
   8700.3   0.02491   0.00061
   8714.9   0.02492   0.00061
   8729.5   0.02495   0.00059
   8744.3   0.02493   0.00059
   8759.0   0.02491   0.00059
   8773.9   0.02483   0.00058
   8788.7   0.02474   0.00057
   8803.7   0.02464   0.00058
   8818.6   0.02457   0.00056
   8833.7   0.02447   0.00055
   8848.7   0.02443   0.00055
   8863.8   0.02442   0.00052
   8879.0   0.02444   0.00053
   8894.3   0.02445   0.00055
   8909.5   0.02448   0.00051
   8924.9   0.02447   0.00051
   8940.3   0.02448   0.00050
   8955.7   0.02447   0.00048
   8971.2   0.02449   0.00046
   8986.8   0.02447   0.00045
   9002.3   0.02446   0.00047
   9018.0   0.02444   0.00047
   9033.7   0.02443   0.00046
   9049.5   0.02439   0.00047
   9065.3   0.02430   0.00045
   9081.2   0.02411   0.00042
   9097.1   0.02393   0.00040
   9113.1   0.02370   0.00038
   9129.1   0.02346   0.00037
   9145.2   0.02315   0.00036
   9161.4   0.02285   0.00036
   9177.6   0.02255   0.00035
   9193.9   0.02231   0.00035
   9210.2   0.02212   0.00034
   9226.6   0.02203   0.00034
   9243.0   0.02199   0.00035
   9259.5   0.02193   0.00037
   9276.1   0.02183   0.00035
   9292.7   0.02176   0.00033
   9309.4   0.02167   0.00035
   9326.2   0.02161   0.00036
   9343.0   0.02155   0.00040
   9359.8   0.02154   0.00042
   9376.8   0.02151   0.00042
   9393.8   0.02153   0.00039
   9410.8   0.02158   0.00035
   9427.9   0.02167   0.00039
   9445.1   0.02177   0.00044
   9462.3   0.02198   0.00046
   9479.6   0.02222   0.00047
   9497.0   0.02251   0.00044
   9514.4   0.02281   0.00045
   9531.9   0.02320   0.00047
   9549.4   0.02361   0.00047
   9567.0   0.02397   0.00048
   9584.7   0.02430   0.00052
   9602.5   0.02466   0.00052
   9620.3   0.02497   0.00053
   9638.2   0.02524   0.00054
   9656.1   0.02548   0.00055
   9674.2   0.02573   0.00060
   9692.2   0.02591   0.00061
   9710.4   0.02607   0.00056
   9728.6   0.02621   0.00051
   9746.9   0.02635   0.00053
   9765.2   0.02646   0.00055
   9783.7   0.02654   0.00055
   9802.2   0.02653   0.00056
   9820.7   0.02646   0.00058
   9839.4   0.02636   0.00056
   9858.1   0.02631   0.00052
   9876.8   0.02623   0.00051
   9895.7   0.02617   0.00052
   9914.6   0.02614   0.00051
   9933.6   0.02617   0.00054
   9952.7   0.02626   0.00055
   9971.8   0.02642   0.00051
   9991.0   0.02657   0.00051
  10010.3   0.02678   0.00052
  10029.7   0.02695   0.00052
  10049.1   0.02712   0.00052
  10068.6   0.02732   0.00056
  10088.2   0.02756   0.00057
  10107.9   0.02775   0.00057
  10127.6   0.02793   0.00056
  10147.5   0.02807   0.00057
  10167.3   0.02816   0.00058
  10187.3   0.02822   0.00058
  10207.4   0.02836   0.00060
  10227.5   0.02860   0.00064
  10247.7   0.02900   0.00063
  10268.0   0.02952   0.00059
  10288.4   0.03017   0.00061
  10308.8   0.03083   0.00065
  10329.4   0.03146   0.00066
  10350.0   0.03199   0.00064
  10370.7   0.03256   0.00062
  10391.5   0.03313   0.00060
  10412.3   0.03368   0.00058
  10433.3   0.03414   0.00063
  10454.3   0.03453   0.00066
  10475.4   0.03483   0.00064
  10496.7   0.03511   0.00065
  10517.9   0.03537   0.00064
  10539.3   0.03564   0.00061
  10560.8   0.03585   0.00065
  10582.3   0.03605   0.00062
  10604.0   0.03626   0.00060
  10625.7   0.03650   0.00067
  10647.5   0.03667   0.00067
  10669.4   0.03679   0.00065
  10691.4   0.03695   0.00066
  10713.5   0.03719   0.00064
  10735.7   0.03741   0.00064
  10758.0   0.03760   0.00061
  10780.3   0.03771   0.00057
  10802.8   0.03773   0.00060
  10825.4   0.03762   0.00065
  10848.0   0.03746   0.00063
  10870.8   0.03725   0.00062
  10893.6   0.03702   0.00064
  10916.5   0.03679   0.00067
  10939.5   0.03665   0.00065
  10962.7   0.03652   0.00065
  10985.9   0.03636   0.00069
  11009.2   0.03620   0.00064
  11032.7   0.03620   0.00060
  11056.2   0.03618   0.00060
  11079.8   0.03616   0.00061
  11103.5   0.03614   0.00061
  11127.4   0.03609   0.00062
  11151.3   0.03602   0.00060
  11175.3   0.03599   0.00056
  11199.5   0.03592   0.00054
  11223.7   0.03591   0.00057
  11248.0   0.03587   0.00058
  11272.5   0.03583   0.00052
  11297.1   0.03579   0.00053
  11321.7   0.03581   0.00060
  11346.5   0.03582   0.00061
  11371.4   0.03589   0.00056
  11396.4   0.03593   0.00053
  11421.5   0.03598   0.00056
  11446.7   0.03603   0.00056
  11472.0   0.03607   0.00054
  11497.5   0.03607   0.00051
  11523.0   0.03606   0.00051
  11548.7   0.03602   0.00050
  11574.4   0.03600   0.00050
  11600.3   0.03600   0.00050
  11626.3   0.03602   0.00050
  11652.5   0.03601   0.00051
  11678.7   0.03603   0.00055
  11705.1   0.03605   0.00054
  11731.6   0.03612   0.00053
  11758.2   0.03618   0.00054
  11784.9   0.03625   0.00056
  11811.7   0.03631   0.00054
  11838.7   0.03640   0.00052
  11865.8   0.03647   0.00049
  11893.0   0.03657   0.00047
  11920.3   0.03668   0.00050
  11947.8   0.03679   0.00049
  11975.4   0.03695   0.00049
  12003.1   0.03722   0.00047
  12031.0   0.03750   0.00039
  12059.0   0.03777   0.00040
  12087.1   0.03805   0.00043
  12115.3   0.03830   0.00038
  12143.7   0.03848   0.00040
  12172.2   0.03864   0.00046
  12200.8   0.03868   0.00040
  12229.6   0.03868   0.00035
  12258.5   0.03858   0.00039
  12287.6   0.03840   0.00038
  12316.8   0.03809   0.00033
  12346.1   0.03775   0.00031
  12375.5   0.03731   0.00037
  12405.2   0.03676   0.00041
  12434.9   0.03616   0.00032
  12464.8   0.03547   0.00028
  12494.8   0.03464   0.00028
  12525.0   0.03378   0.00027
  12555.3   0.03291   0.00029
  12585.8   0.03206   0.00029
  12616.4   0.03115   0.00025
  12647.2   0.03021   0.00026
  12678.1   0.02918   0.00025
  12709.2   0.02809   0.00028
  12740.4   0.02693   0.00039
  12771.8   0.02578   0.00035
  12803.3   0.02471   0.00028
  12835.0   0.02383   0.00026
  12866.9   0.02319   0.00026
  12898.9   0.02278   0.00027
  12931.1   0.02248   0.00032
  12963.4   0.02232   0.00032
  12995.9   0.02217   0.00028
  13028.5   0.02197   0.00030
  13061.3   0.02173   0.00032
  13094.3   0.02162   0.00034
  13127.5   0.02162   0.00034
  13160.8   0.02177   0.00033
  13194.3   0.02195   0.00033
  13228.0   0.02212   0.00032
  13261.8   0.02222   0.00033
  13295.8   0.02229   0.00026
  13330.0   0.02227   0.00025
  13364.3   0.02217   0.00029
  13398.8   0.02194   0.00031
  13433.6   0.02160   0.00027
  13468.5   0.02118   0.00023
  13503.5   0.02079   0.00024
  13538.8   0.02041   0.00031
  13574.2   0.02010   0.00031
  13609.9   0.01993   0.00028
  13645.7   0.01998   0.00029
  13681.7   0.02015   0.00034
  13717.9   0.02042   0.00041
  13754.3   0.02071   0.00037
  13790.8   0.02101   0.00031
  13827.6   0.02122   0.00034
  13864.6   0.02139   0.00034
  13901.8   0.02149   0.00035
  13939.2   0.02142   0.00041
  13976.7   0.02121   0.00045
  14014.5   0.02100   0.00039
  14052.5   0.02065   0.00026
  14090.7   0.02020   0.00022
  14129.0   0.01966   0.00033
  14167.6   0.01916   0.00033
  14206.5   0.01867   0.00032
  14245.5   0.01829   0.00035
  14284.7   0.01798   0.00030
  14324.2   0.01775   0.00025
  14363.9   0.01750   0.00029
  14403.8   0.01724   0.00025
  14443.9   0.01705   0.00015
  14484.3   0.01701   0.00015
  14524.8   0.01697   0.00027
  14565.6   0.01695   0.00037
  14606.7   0.01692   0.00041
  14647.9   0.01685   0.00039
  14689.4   0.01675   0.00027
  14731.2   0.01661   0.00020
  14773.1   0.01645   0.00024
  14815.3   0.01650   0.00031
  14857.8   0.01662   0.00034
  14900.5   0.01688   0.00026
  14943.4   0.01722   0.00026
  14986.6   0.01753   0.00028
  15030.0   0.01795   0.00025
  15073.7   0.01834   0.00033
  15117.7   0.01862   0.00041
  15161.9   0.01887   0.00030
  15206.3   0.01904   0.00022
  15251.1   0.01919   0.00032
  15296.1   0.01945   0.00042
  15341.3   0.01981   0.00048
  15386.8   0.02031   0.00047
  15432.6   0.02116   0.00045
  15478.7   0.02200   0.00046
  15525.0   0.02272   0.00048
  15571.7   0.02328   0.00048
  15618.6   0.02369   0.00048
  15665.8   0.02405   0.00053
  15713.2   0.02455   0.00049
  15761.0   0.02490   0.00045
  15809.0   0.02511   0.00047
  15857.4   0.02537   0.00056
  15906.0   0.02572   0.00066
  15955.0   0.02587   0.00062
  16004.2   0.02603   0.00046
  16053.8   0.02613   0.00037
  16103.6   0.02598   0.00037
  16153.8   0.02560   0.00047
  16204.3   0.02514   0.00051
  16255.1   0.02467   0.00055
  16306.2   0.02445   0.00051
  16357.6   0.02450   0.00054
  16409.4   0.02483   0.00064
  16461.5   0.02536   0.00055
  16513.9   0.02597   0.00053
  16566.7   0.02649   0.00065
  16619.8   0.02687   0.00065
  16673.2   0.02707   0.00070
  16727.0   0.02738   0.00071
  16781.1   0.02783   0.00065
  16835.6   0.02853   0.00064
  16890.5   0.02926   0.00076
  16945.7   0.02996   0.00072
  17001.2   0.03042   0.00067
  17057.2   0.03066   0.00071
  17113.4   0.03065   0.00067
  17170.1   0.03051   0.00056
  17227.2   0.03023   0.00056
  17284.6   0.02993   0.00059
  17342.4   0.02953   0.00065
  17400.6   0.02936   0.00063
  17459.2   0.02947   0.00058
  17518.2   0.02978   0.00049
  17577.5   0.03016   0.00042
  17637.3   0.03065   0.00059
  17697.5   0.03089   0.00066
  17758.1   0.03092   0.00072
  17819.2   0.03050   0.00076
  17880.6   0.03005   0.00070
  17942.5   0.02970   0.00057
  18004.8   0.02962   0.00049
  18067.5   0.02967   0.00070
  18130.7   0.02975   0.00077
  18194.3   0.03003   0.00043
  18258.4   0.03078   0.00056
  18322.9   0.03173   0.00082
  18387.9   0.03284   0.00073
  18453.3   0.03372   0.00064
  18519.2   0.03437   0.00063
  18585.6   0.03471   0.00067
  18652.4   0.03484   0.00062
  18719.8   0.03471   0.00040
  18787.6   0.03424   0.00032
  18855.9   0.03378   0.00038
  18924.7   0.03345   0.00056
  18994.1   0.03301   0.00064
  19063.9   0.03282   0.00057
  19134.2   0.03261   0.00054
  19205.1   0.03262   0.00048
  19276.5   0.03259   0.00035
  19348.4   0.03245   0.00045
  19420.9   0.03234   0.00054
  19493.9   0.03230   0.00051
  19567.5   0.03240   0.00049
  19641.6   0.03256   0.00061
  19716.3   0.03247   0.00063
  19791.5   0.03196   0.00057
  19867.3   0.03134   0.00064
  19943.8   0.03092   0.00081
  20020.8   0.03040   0.00084
  20098.4   0.02988   0.00069
  20176.6   0.02929   0.00068
  20255.4   0.02877   0.00059
  20334.8   0.02816   0.00057
  20414.9   0.02775   0.00043
  20495.6   0.02780   0.00047
  20576.9   0.02830   0.00063
  20658.9   0.02867   0.00065
  20741.5   0.02869   0.00072
  20824.8   0.02866   0.00067
  20908.8   0.02857   0.00042
  20993.4   0.02830   0.00051
  21078.8   0.02827   0.00086
  21164.8   0.02834   0.00091
  21251.6   0.02843   0.00097
  21339.0   0.02840   0.00122
  21427.2   0.02860   0.00105
  21516.1   0.02839   0.00088
  21605.8   0.02823   0.00098
  21696.2   0.02793   0.00092
  21787.3   0.02776   0.00073
  21879.3   0.02743   0.00067
  21972.0   0.02684   0.00103
  22065.5   0.02646   0.00095
  22159.7   0.02627   0.00072
  22254.8   0.02578   0.00102
  22350.8   0.02549   0.00099
  22447.5   0.02500   0.00088
  22545.1   0.02440   0.00101
  22643.6   0.02452   0.00141
  22742.9   0.02500   0.00166
  22843.1   0.02514   0.00113
  22944.2   0.02595   0.00077
  23046.2   0.02684   0.00088
  23149.0   0.02787   0.00141
  23252.8   0.02811   0.00162
  23357.6   0.02887   0.00135
  23463.3   0.02919   0.00181
  23569.9   0.02964   0.00169
  23677.5   0.03001   0.00136
  23786.1   0.03076   0.00137
  23895.8   0.03125   0.00140
  24006.4   0.03061   0.00067
  24118.0   0.03043   0.00002
  24230.7   0.03107   0.00123
  24344.5   0.03126   0.00185
  24459.4   0.03097   0.00155
  24575.3   0.03086   0.00255
  24692.3   0.03188   0.00235
  24810.4   0.03309   0.00210
  24929.7   0.03378   0.00221
  25050.2   0.03496   0.00235



 BMR1LS102           .ASC                        

 LS-M1O-102                                                              
 63501,148 bulk <1 mm                                                    

 Source Ang: 30.00   Detect Ang:  0.00  Volt: 1.777
 Date: 28-MAR-07   Time: 17:08:07
