  7230
   1000.1   0.15055
   1000.3   0.15071
   1000.5   0.15094
   1000.7   0.15115
   1000.9   0.15132
   1001.1   0.15130
   1001.3   0.15098
   1001.5   0.15075
   1001.7   0.15064
   1001.9   0.15062
   1002.1   0.15056
   1002.3   0.15060
   1002.5   0.15088
   1002.7   0.15146
   1002.9   0.15197
   1003.1   0.15233
   1003.2   0.15250
   1003.4   0.15249
   1003.6   0.15234
   1003.8   0.15213
   1004.0   0.15196
   1004.2   0.15191
   1004.4   0.15201
   1004.6   0.15224
   1004.8   0.15237
   1005.0   0.15240
   1005.2   0.15218
   1005.4   0.15207
   1005.6   0.15223
   1005.8   0.15267
   1006.0   0.15322
   1006.2   0.15354
   1006.4   0.15366
   1006.6   0.15361
   1006.8   0.15360
   1006.9   0.15375
   1007.1   0.15403
   1007.3   0.15428
   1007.5   0.15427
   1007.7   0.15392
   1007.9   0.15337
   1008.1   0.15318
   1008.3   0.15338
   1008.5   0.15382
   1008.7   0.15420
   1008.9   0.15451
   1009.1   0.15464
   1009.3   0.15484
   1009.5   0.15521
   1009.7   0.15572
   1009.9   0.15614
   1010.1   0.15625
   1010.3   0.15606
   1010.5   0.15584
   1010.7   0.15588
   1010.9   0.15613
   1011.1   0.15643
   1011.3   0.15657
   1011.5   0.15639
   1011.7   0.15613
   1011.9   0.15603
   1012.1   0.15619
   1012.3   0.15635
   1012.5   0.15623
   1012.7   0.15591
   1012.8   0.15579
   1013.0   0.15585
   1013.2   0.15619
   1013.4   0.15656
   1013.6   0.15683
   1013.8   0.15705
   1014.0   0.15720
   1014.2   0.15734
   1014.4   0.15749
   1014.6   0.15766
   1014.8   0.15786
   1015.0   0.15807
   1015.2   0.15844
   1015.4   0.15878
   1015.6   0.15899
   1015.8   0.15895
   1016.0   0.15880
   1016.2   0.15869
   1016.4   0.15857
   1016.6   0.15856
   1016.8   0.15864
   1017.0   0.15891
   1017.2   0.15920
   1017.4   0.15925
   1017.6   0.15893
   1017.8   0.15857
   1018.0   0.15850
   1018.2   0.15893
   1018.4   0.15948
   1018.6   0.15970
   1018.8   0.15963
   1019.0   0.15970
   1019.2   0.16001
   1019.4   0.16033
   1019.6   0.16036
   1019.8   0.16024
   1020.0   0.16011
   1020.2   0.16007
   1020.4   0.16011
   1020.6   0.16005
   1020.8   0.15995
   1021.0   0.16002
   1021.2   0.16030
   1021.4   0.16060
   1021.6   0.16082
   1021.8   0.16103
   1022.0   0.16116
   1022.2   0.16140
   1022.4   0.16154
   1022.6   0.16150
   1022.8   0.16135
   1023.0   0.16145
   1023.2   0.16172
   1023.4   0.16218
   1023.6   0.16263
   1023.8   0.16285
   1024.1   0.16285
   1024.3   0.16252
   1024.5   0.16229
   1024.7   0.16224
   1024.9   0.16235
   1025.1   0.16247
   1025.3   0.16263
   1025.5   0.16290
   1025.7   0.16346
   1025.9   0.16398
   1026.1   0.16427
   1026.3   0.16432
   1026.5   0.16419
   1026.7   0.16415
   1026.9   0.16417
   1027.1   0.16436
   1027.3   0.16451
   1027.5   0.16453
   1027.7   0.16443
   1027.9   0.16446
   1028.1   0.16465
   1028.3   0.16497
   1028.5   0.16515
   1028.7   0.16521
   1028.9   0.16520
   1029.1   0.16520
   1029.3   0.16536
   1029.5   0.16559
   1029.7   0.16582
   1029.9   0.16603
   1030.2   0.16613
   1030.4   0.16601
   1030.6   0.16585
   1030.8   0.16572
   1031.0   0.16577
   1031.2   0.16607
   1031.4   0.16655
   1031.6   0.16694
   1031.8   0.16710
   1032.0   0.16695
   1032.2   0.16682
   1032.4   0.16680
   1032.6   0.16705
   1032.8   0.16721
   1033.0   0.16721
   1033.2   0.16721
   1033.4   0.16730
   1033.6   0.16751
   1033.9   0.16771
   1034.1   0.16787
   1034.3   0.16812
   1034.5   0.16849
   1034.7   0.16884
   1034.9   0.16889
   1035.1   0.16864
   1035.3   0.16817
   1035.5   0.16788
   1035.7   0.16783
   1035.9   0.16795
   1036.1   0.16818
   1036.3   0.16858
   1036.5   0.16910
   1036.7   0.16958
   1037.0   0.16986
   1037.2   0.16988
   1037.4   0.16965
   1037.6   0.16936
   1037.8   0.16936
   1038.0   0.16959
   1038.2   0.16996
   1038.4   0.17010
   1038.6   0.17002
   1038.8   0.16994
   1039.0   0.17013
   1039.2   0.17058
   1039.4   0.17109
   1039.7   0.17131
   1039.9   0.17120
   1040.1   0.17099
   1040.3   0.17083
   1040.5   0.17085
   1040.7   0.17110
   1040.9   0.17128
   1041.1   0.17149
   1041.3   0.17164
   1041.5   0.17171
   1041.7   0.17162
   1042.0   0.17148
   1042.2   0.17149
   1042.4   0.17174
   1042.6   0.17213
   1042.8   0.17242
   1043.0   0.17252
   1043.2   0.17263
   1043.4   0.17284
   1043.6   0.17302
   1043.8   0.17309
   1044.1   0.17312
   1044.3   0.17322
   1044.5   0.17339
   1044.7   0.17356
   1044.9   0.17379
   1045.1   0.17391
   1045.3   0.17401
   1045.5   0.17406
   1045.7   0.17418
   1045.9   0.17447
   1046.2   0.17465
   1046.4   0.17467
   1046.6   0.17453
   1046.8   0.17424
   1047.0   0.17404
   1047.2   0.17405
   1047.4   0.17432
   1047.6   0.17483
   1047.9   0.17521
   1048.1   0.17535
   1048.3   0.17523
   1048.5   0.17513
   1048.7   0.17525
   1048.9   0.17555
   1049.1   0.17580
   1049.3   0.17595
   1049.5   0.17593
   1049.8   0.17582
   1050.0   0.17568
   1050.2   0.17559
   1050.4   0.17572
   1050.6   0.17598
   1050.8   0.17649
   1051.0   0.17703
   1051.3   0.17732
   1051.5   0.17732
   1051.7   0.17715
   1051.9   0.17721
   1052.1   0.17755
   1052.3   0.17793
   1052.5   0.17809
   1052.7   0.17794
   1053.0   0.17773
   1053.2   0.17760
   1053.4   0.17761
   1053.6   0.17779
   1053.8   0.17814
   1054.0   0.17839
   1054.2   0.17843
   1054.5   0.17837
   1054.7   0.17842
   1054.9   0.17852
   1055.1   0.17865
   1055.3   0.17872
   1055.5   0.17889
   1055.7   0.17917
   1056.0   0.17940
   1056.2   0.17944
   1056.4   0.17949
   1056.6   0.17965
   1056.8   0.17991
   1057.0   0.18021
   1057.3   0.18038
   1057.5   0.18052
   1057.7   0.18070
   1057.9   0.18086
   1058.1   0.18099
   1058.3   0.18122
   1058.5   0.18138
   1058.8   0.18149
   1059.0   0.18154
   1059.2   0.18154
   1059.4   0.18151
   1059.6   0.18143
   1059.8   0.18139
   1060.1   0.18148
   1060.3   0.18165
   1060.5   0.18178
   1060.7   0.18186
   1060.9   0.18199
   1061.1   0.18234
   1061.4   0.18276
   1061.6   0.18299
   1061.8   0.18303
   1062.0   0.18310
   1062.2   0.18325
   1062.5   0.18337
   1062.7   0.18343
   1062.9   0.18350
   1063.1   0.18366
   1063.3   0.18377
   1063.5   0.18383
   1063.8   0.18384
   1064.0   0.18388
   1064.2   0.18382
   1064.4   0.18365
   1064.6   0.18359
   1064.9   0.18375
   1065.1   0.18409
   1065.3   0.18443
   1065.5   0.18471
   1065.7   0.18497
   1065.9   0.18532
   1066.2   0.18569
   1066.4   0.18589
   1066.6   0.18586
   1066.8   0.18567
   1067.0   0.18558
   1067.3   0.18564
   1067.5   0.18576
   1067.7   0.18583
   1067.9   0.18580
   1068.1   0.18587
   1068.4   0.18607
   1068.6   0.18642
   1068.8   0.18678
   1069.0   0.18701
   1069.2   0.18718
   1069.5   0.18716
   1069.7   0.18703
   1069.9   0.18687
   1070.1   0.18680
   1070.3   0.18676
   1070.6   0.18689
   1070.8   0.18724
   1071.0   0.18776
   1071.2   0.18820
   1071.5   0.18839
   1071.7   0.18835
   1071.9   0.18829
   1072.1   0.18830
   1072.3   0.18830
   1072.6   0.18837
   1072.8   0.18851
   1073.0   0.18862
   1073.2   0.18867
   1073.5   0.18856
   1073.7   0.18855
   1073.9   0.18876
   1074.1   0.18915
   1074.3   0.18951
   1074.6   0.18975
   1074.8   0.18997
   1075.0   0.19029
   1075.2   0.19065
   1075.5   0.19087
   1075.7   0.19079
   1075.9   0.19059
   1076.1   0.19051
   1076.3   0.19067
   1076.6   0.19091
   1076.8   0.19121
   1077.0   0.19138
   1077.2   0.19155
   1077.5   0.19165
   1077.7   0.19170
   1077.9   0.19173
   1078.1   0.19174
   1078.4   0.19178
   1078.6   0.19187
   1078.8   0.19191
   1079.0   0.19198
   1079.3   0.19207
   1079.5   0.19221
   1079.7   0.19228
   1079.9   0.19241
   1080.2   0.19260
   1080.4   0.19270
   1080.6   0.19282
   1080.8   0.19291
   1081.1   0.19302
   1081.3   0.19307
   1081.5   0.19309
   1081.7   0.19331
   1082.0   0.19368
   1082.2   0.19402
   1082.4   0.19414
   1082.6   0.19404
   1082.9   0.19388
   1083.1   0.19381
   1083.3   0.19393
   1083.5   0.19408
   1083.8   0.19422
   1084.0   0.19431
   1084.2   0.19438
   1084.5   0.19460
   1084.7   0.19493
   1084.9   0.19516
   1085.1   0.19522
   1085.4   0.19515
   1085.6   0.19509
   1085.8   0.19514
   1086.0   0.19540
   1086.3   0.19573
   1086.5   0.19600
   1086.7   0.19604
   1087.0   0.19591
   1087.2   0.19574
   1087.4   0.19569
   1087.6   0.19575
   1087.9   0.19585
   1088.1   0.19600
   1088.3   0.19624
   1088.6   0.19665
   1088.8   0.19702
   1089.0   0.19723
   1089.2   0.19739
   1089.5   0.19754
   1089.7   0.19768
   1089.9   0.19771
   1090.2   0.19769
   1090.4   0.19771
   1090.6   0.19774
   1090.8   0.19771
   1091.1   0.19770
   1091.3   0.19780
   1091.5   0.19803
   1091.8   0.19832
   1092.0   0.19852
   1092.2   0.19863
   1092.5   0.19878
   1092.7   0.19898
   1092.9   0.19919
   1093.1   0.19927
   1093.4   0.19917
   1093.6   0.19910
   1093.8   0.19910
   1094.1   0.19930
   1094.3   0.19961
   1094.5   0.19993
   1094.8   0.20020
   1095.0   0.20038
   1095.2   0.20051
   1095.5   0.20055
   1095.7   0.20056
   1095.9   0.20058
   1096.1   0.20059
   1096.4   0.20061
   1096.6   0.20060
   1096.8   0.20062
   1097.1   0.20067
   1097.3   0.20075
   1097.5   0.20073
   1097.8   0.20074
   1098.0   0.20080
   1098.2   0.20094
   1098.5   0.20107
   1098.7   0.20119
   1098.9   0.20143
   1099.2   0.20189
   1099.4   0.20231
   1099.6   0.20246
   1099.9   0.20244
   1100.1   0.20238
   1100.3   0.20245
   1100.6   0.20264
   1100.8   0.20280
   1101.0   0.20296
   1101.3   0.20317
   1101.5   0.20335
   1101.7   0.20342
   1102.0   0.20340
   1102.2   0.20346
   1102.4   0.20363
   1102.7   0.20378
   1102.9   0.20386
   1103.1   0.20387
   1103.4   0.20388
   1103.6   0.20392
   1103.8   0.20397
   1104.1   0.20405
   1104.3   0.20415
   1104.6   0.20429
   1104.8   0.20448
   1105.0   0.20469
   1105.3   0.20488
   1105.5   0.20496
   1105.7   0.20511
   1106.0   0.20526
   1106.2   0.20540
   1106.4   0.20549
   1106.7   0.20552
   1106.9   0.20550
   1107.1   0.20556
   1107.4   0.20574
   1107.6   0.20599
   1107.9   0.20621
   1108.1   0.20635
   1108.3   0.20642
   1108.6   0.20651
   1108.8   0.20658
   1109.0   0.20668
   1109.3   0.20672
   1109.5   0.20670
   1109.8   0.20666
   1110.0   0.20660
   1110.2   0.20667
   1110.5   0.20687
   1110.7   0.20715
   1110.9   0.20743
   1111.2   0.20768
   1111.4   0.20793
   1111.7   0.20813
   1111.9   0.20816
   1112.1   0.20810
   1112.4   0.20801
   1112.6   0.20808
   1112.9   0.20830
   1113.1   0.20852
   1113.3   0.20872
   1113.6   0.20886
   1113.8   0.20894
   1114.0   0.20896
   1114.3   0.20907
   1114.5   0.20928
   1114.8   0.20952
   1115.0   0.20954
   1115.2   0.20935
   1115.5   0.20918
   1115.7   0.20914
   1116.0   0.20919
   1116.2   0.20927
   1116.4   0.20940
   1116.7   0.20947
   1116.9   0.20956
   1117.2   0.20972
   1117.4   0.20992
   1117.6   0.21008
   1117.9   0.21022
   1118.1   0.21033
   1118.4   0.21043
   1118.6   0.21055
   1118.9   0.21071
   1119.1   0.21089
   1119.3   0.21119
   1119.6   0.21149
   1119.8   0.21161
   1120.1   0.21154
   1120.3   0.21144
   1120.5   0.21135
   1120.8   0.21125
   1121.0   0.21120
   1121.3   0.21130
   1121.5   0.21151
   1121.8   0.21177
   1122.0   0.21191
   1122.2   0.21200
   1122.5   0.21217
   1122.7   0.21235
   1123.0   0.21247
   1123.2   0.21256
   1123.5   0.21255
   1123.7   0.21253
   1123.9   0.21261
   1124.2   0.21278
   1124.4   0.21302
   1124.7   0.21316
   1124.9   0.21323
   1125.2   0.21329
   1125.4   0.21337
   1125.7   0.21357
   1125.9   0.21381
   1126.1   0.21399
   1126.4   0.21399
   1126.6   0.21383
   1126.9   0.21362
   1127.1   0.21352
   1127.4   0.21357
   1127.6   0.21372
   1127.9   0.21392
   1128.1   0.21410
   1128.4   0.21425
   1128.6   0.21428
   1128.8   0.21423
   1129.1   0.21429
   1129.3   0.21447
   1129.6   0.21470
   1129.8   0.21482
   1130.1   0.21484
   1130.3   0.21486
   1130.6   0.21498
   1130.8   0.21513
   1131.1   0.21520
   1131.3   0.21518
   1131.6   0.21526
   1131.8   0.21538
   1132.0   0.21556
   1132.3   0.21569
   1132.5   0.21580
   1132.8   0.21589
   1133.0   0.21596
   1133.3   0.21604
   1133.5   0.21618
   1133.8   0.21645
   1134.0   0.21670
   1134.3   0.21690
   1134.5   0.21694
   1134.8   0.21697
   1135.0   0.21698
   1135.3   0.21698
   1135.5   0.21693
   1135.8   0.21687
   1136.0   0.21690
   1136.3   0.21709
   1136.5   0.21733
   1136.8   0.21754
   1137.0   0.21775
   1137.3   0.21787
   1137.5   0.21783
   1137.8   0.21775
   1138.0   0.21762
   1138.3   0.21759
   1138.5   0.21776
   1138.8   0.21795
   1139.0   0.21823
   1139.3   0.21836
   1139.5   0.21837
   1139.8   0.21837
   1140.0   0.21839
   1140.3   0.21852
   1140.5   0.21864
   1140.8   0.21859
   1141.0   0.21853
   1141.3   0.21850
   1141.5   0.21858
   1141.8   0.21871
   1142.0   0.21888
   1142.3   0.21904
   1142.5   0.21924
   1142.8   0.21947
   1143.0   0.21968
   1143.3   0.21982
   1143.5   0.21987
   1143.8   0.21983
   1144.0   0.21977
   1144.3   0.21975
   1144.5   0.21977
   1144.8   0.21981
   1145.0   0.21986
   1145.3   0.22002
   1145.6   0.22020
   1145.8   0.22037
   1146.1   0.22047
   1146.3   0.22051
   1146.6   0.22050
   1146.8   0.22054
   1147.1   0.22055
   1147.3   0.22071
   1147.6   0.22089
   1147.8   0.22107
   1148.1   0.22125
   1148.3   0.22135
   1148.6   0.22145
   1148.9   0.22147
   1149.1   0.22137
   1149.4   0.22126
   1149.6   0.22114
   1149.9   0.22108
   1150.1   0.22110
   1150.4   0.22114
   1150.6   0.22125
   1150.9   0.22143
   1151.1   0.22165
   1151.4   0.22187
   1151.7   0.22204
   1151.9   0.22214
   1152.2   0.22218
   1152.4   0.22218
   1152.7   0.22218
   1152.9   0.22216
   1153.2   0.22214
   1153.5   0.22216
   1153.7   0.22217
   1154.0   0.22220
   1154.2   0.22230
   1154.5   0.22258
   1154.7   0.22286
   1155.0   0.22298
   1155.3   0.22301
   1155.5   0.22293
   1155.8   0.22298
   1156.0   0.22311
   1156.3   0.22327
   1156.5   0.22336
   1156.8   0.22350
   1157.1   0.22362
   1157.3   0.22375
   1157.6   0.22376
   1157.8   0.22366
   1158.1   0.22352
   1158.3   0.22355
   1158.6   0.22371
   1158.9   0.22399
   1159.1   0.22416
   1159.4   0.22425
   1159.6   0.22424
   1159.9   0.22424
   1160.2   0.22427
   1160.4   0.22431
   1160.7   0.22440
   1160.9   0.22453
   1161.2   0.22463
   1161.5   0.22472
   1161.7   0.22483
   1162.0   0.22493
   1162.2   0.22504
   1162.5   0.22511
   1162.8   0.22511
   1163.0   0.22513
   1163.3   0.22520
   1163.5   0.22530
   1163.8   0.22541
   1164.1   0.22549
   1164.3   0.22557
   1164.6   0.22562
   1164.9   0.22557
   1165.1   0.22550
   1165.4   0.22550
   1165.6   0.22555
   1165.9   0.22560
   1166.2   0.22561
   1166.4   0.22565
   1166.7   0.22571
   1167.0   0.22593
   1167.2   0.22619
   1167.5   0.22637
   1167.7   0.22639
   1168.0   0.22628
   1168.3   0.22615
   1168.5   0.22607
   1168.8   0.22605
   1169.1   0.22607
   1169.3   0.22615
   1169.6   0.22630
   1169.8   0.22645
   1170.1   0.22648
   1170.4   0.22644
   1170.6   0.22645
   1170.9   0.22658
   1171.2   0.22674
   1171.4   0.22686
   1171.7   0.22697
   1172.0   0.22706
   1172.2   0.22716
   1172.5   0.22728
   1172.8   0.22736
   1173.0   0.22742
   1173.3   0.22745
   1173.6   0.22751
   1173.8   0.22760
   1174.1   0.22774
   1174.4   0.22775
   1174.6   0.22768
   1174.9   0.22756
   1175.2   0.22753
   1175.4   0.22751
   1175.7   0.22747
   1176.0   0.22747
   1176.2   0.22760
   1176.5   0.22785
   1176.8   0.22810
   1177.0   0.22819
   1177.3   0.22815
   1177.6   0.22812
   1177.8   0.22812
   1178.1   0.22822
   1178.4   0.22841
   1178.6   0.22861
   1178.9   0.22876
   1179.2   0.22878
   1179.4   0.22880
   1179.7   0.22881
   1180.0   0.22879
   1180.2   0.22875
   1180.5   0.22870
   1180.8   0.22876
   1181.0   0.22886
   1181.3   0.22899
   1181.6   0.22899
   1181.8   0.22898
   1182.1   0.22896
   1182.4   0.22902
   1182.7   0.22912
   1182.9   0.22914
   1183.2   0.22911
   1183.5   0.22901
   1183.7   0.22901
   1184.0   0.22918
   1184.3   0.22931
   1184.5   0.22936
   1184.8   0.22931
   1185.1   0.22937
   1185.4   0.22949
   1185.6   0.22965
   1185.9   0.22984
   1186.2   0.22997
   1186.4   0.23004
   1186.7   0.23002
   1187.0   0.22998
   1187.3   0.22995
   1187.5   0.22994
   1187.8   0.22998
   1188.1   0.22998
   1188.3   0.22999
   1188.6   0.23001
   1188.9   0.23001
   1189.2   0.23001
   1189.4   0.23000
   1189.7   0.23008
   1190.0   0.23025
   1190.3   0.23041
   1190.5   0.23050
   1190.8   0.23046
   1191.1   0.23036
   1191.4   0.23031
   1191.6   0.23039
   1191.9   0.23052
   1192.2   0.23059
   1192.4   0.23067
   1192.7   0.23075
   1193.0   0.23093
   1193.3   0.23113
   1193.5   0.23123
   1193.8   0.23129
   1194.1   0.23131
   1194.4   0.23133
   1194.6   0.23128
   1194.9   0.23118
   1195.2   0.23112
   1195.5   0.23118
   1195.7   0.23133
   1196.0   0.23148
   1196.3   0.23161
   1196.6   0.23167
   1196.9   0.23171
   1197.1   0.23168
   1197.4   0.23164
   1197.7   0.23162
   1198.0   0.23163
   1198.2   0.23167
   1198.5   0.23174
   1198.8   0.23179
   1199.1   0.23182
   1199.3   0.23180
   1199.6   0.23170
   1199.9   0.23160
   1200.2   0.23167
   1200.5   0.23183
   1200.7   0.23206
   1201.0   0.23225
   1201.3   0.23242
   1201.6   0.23251
   1201.8   0.23253
   1202.1   0.23256
   1202.4   0.23260
   1202.7   0.23267
   1203.0   0.23272
   1203.2   0.23276
   1203.5   0.23281
   1203.8   0.23290
   1204.1   0.23305
   1204.4   0.23319
   1204.6   0.23331
   1204.9   0.23333
   1205.2   0.23326
   1205.5   0.23320
   1205.8   0.23324
   1206.0   0.23329
   1206.3   0.23329
   1206.6   0.23320
   1206.9   0.23308
   1207.2   0.23314
   1207.4   0.23322
   1207.7   0.23325
   1208.0   0.23322
   1208.3   0.23322
   1208.6   0.23329
   1208.9   0.23345
   1209.1   0.23360
   1209.4   0.23374
   1209.7   0.23384
   1210.0   0.23388
   1210.3   0.23393
   1210.5   0.23391
   1210.8   0.23389
   1211.1   0.23389
   1211.4   0.23402
   1211.7   0.23419
   1212.0   0.23434
   1212.2   0.23438
   1212.5   0.23438
   1212.8   0.23442
   1213.1   0.23448
   1213.4   0.23451
   1213.7   0.23453
   1213.9   0.23463
   1214.2   0.23470
   1214.5   0.23475
   1214.8   0.23474
   1215.1   0.23473
   1215.4   0.23476
   1215.7   0.23475
   1215.9   0.23477
   1216.2   0.23483
   1216.5   0.23498
   1216.8   0.23514
   1217.1   0.23522
   1217.4   0.23519
   1217.7   0.23510
   1217.9   0.23502
   1218.2   0.23500
   1218.5   0.23510
   1218.8   0.23522
   1219.1   0.23532
   1219.4   0.23534
   1219.7   0.23536
   1219.9   0.23536
   1220.2   0.23542
   1220.5   0.23549
   1220.8   0.23551
   1221.1   0.23551
   1221.4   0.23549
   1221.7   0.23556
   1222.0   0.23573
   1222.2   0.23590
   1222.5   0.23603
   1222.8   0.23612
   1223.1   0.23619
   1223.4   0.23629
   1223.7   0.23631
   1224.0   0.23629
   1224.3   0.23631
   1224.6   0.23638
   1224.8   0.23638
   1225.1   0.23629
   1225.4   0.23618
   1225.7   0.23615
   1226.0   0.23616
   1226.3   0.23617
   1226.6   0.23620
   1226.9   0.23624
   1227.2   0.23632
   1227.5   0.23641
   1227.7   0.23651
   1228.0   0.23662
   1228.3   0.23676
   1228.6   0.23688
   1228.9   0.23703
   1229.2   0.23716
   1229.5   0.23728
   1229.8   0.23731
   1230.1   0.23730
   1230.4   0.23736
   1230.7   0.23742
   1231.0   0.23743
   1231.2   0.23733
   1231.5   0.23726
   1231.8   0.23726
   1232.1   0.23737
   1232.4   0.23753
   1232.7   0.23760
   1233.0   0.23756
   1233.3   0.23745
   1233.6   0.23735
   1233.9   0.23739
   1234.2   0.23753
   1234.5   0.23767
   1234.8   0.23771
   1235.1   0.23759
   1235.4   0.23752
   1235.6   0.23754
   1235.9   0.23767
   1236.2   0.23789
   1236.5   0.23799
   1236.8   0.23806
   1237.1   0.23809
   1237.4   0.23813
   1237.7   0.23822
   1238.0   0.23830
   1238.3   0.23831
   1238.6   0.23837
   1238.9   0.23841
   1239.2   0.23847
   1239.5   0.23848
   1239.8   0.23848
   1240.1   0.23847
   1240.4   0.23852
   1240.7   0.23859
   1241.0   0.23861
   1241.3   0.23854
   1241.6   0.23853
   1241.9   0.23858
   1242.2   0.23873
   1242.5   0.23885
   1242.8   0.23893
   1243.1   0.23894
   1243.3   0.23899
   1243.6   0.23909
   1243.9   0.23913
   1244.2   0.23909
   1244.5   0.23904
   1244.8   0.23905
   1245.1   0.23914
   1245.4   0.23922
   1245.7   0.23922
   1246.0   0.23915
   1246.3   0.23908
   1246.6   0.23902
   1246.9   0.23901
   1247.2   0.23911
   1247.5   0.23929
   1247.8   0.23953
   1248.1   0.23970
   1248.4   0.23977
   1248.7   0.23983
   1249.0   0.23997
   1249.3   0.24010
   1249.6   0.24017
   1249.9   0.24020
   1250.2   0.24016
   1250.5   0.24014
   1250.8   0.24010
   1251.2   0.24004
   1251.5   0.23998
   1251.8   0.23995
   1252.1   0.23998
   1252.4   0.24003
   1252.7   0.24005
   1253.0   0.24012
   1253.3   0.24014
   1253.6   0.24012
   1253.9   0.24010
   1254.2   0.24013
   1254.5   0.24019
   1254.8   0.24028
   1255.1   0.24032
   1255.4   0.24036
   1255.7   0.24040
   1256.0   0.24050
   1256.3   0.24056
   1256.6   0.24062
   1256.9   0.24071
   1257.2   0.24078
   1257.5   0.24084
   1257.8   0.24083
   1258.1   0.24083
   1258.4   0.24085
   1258.7   0.24093
   1259.1   0.24096
   1259.4   0.24105
   1259.7   0.24116
   1260.0   0.24131
   1260.3   0.24144
   1260.6   0.24143
   1260.9   0.24139
   1261.2   0.24133
   1261.5   0.24124
   1261.8   0.24125
   1262.1   0.24133
   1262.4   0.24145
   1262.7   0.24154
   1263.0   0.24157
   1263.3   0.24157
   1263.7   0.24160
   1264.0   0.24165
   1264.3   0.24170
   1264.6   0.24175
   1264.9   0.24181
   1265.2   0.24185
   1265.5   0.24191
   1265.8   0.24195
   1266.1   0.24200
   1266.4   0.24204
   1266.7   0.24205
   1267.0   0.24209
   1267.4   0.24219
   1267.7   0.24231
   1268.0   0.24239
   1268.3   0.24243
   1268.6   0.24245
   1268.9   0.24240
   1269.2   0.24230
   1269.5   0.24219
   1269.8   0.24214
   1270.2   0.24220
   1270.5   0.24238
   1270.8   0.24262
   1271.1   0.24281
   1271.4   0.24292
   1271.7   0.24291
   1272.0   0.24284
   1272.3   0.24280
   1272.6   0.24282
   1273.0   0.24293
   1273.3   0.24302
   1273.6   0.24305
   1273.9   0.24304
   1274.2   0.24301
   1274.5   0.24302
   1274.8   0.24309
   1275.2   0.24315
   1275.5   0.24320
   1275.8   0.24319
   1276.1   0.24322
   1276.4   0.24325
   1276.7   0.24328
   1277.0   0.24329
   1277.4   0.24324
   1277.7   0.24326
   1278.0   0.24330
   1278.3   0.24338
   1278.6   0.24346
   1278.9   0.24356
   1279.2   0.24366
   1279.6   0.24369
   1279.9   0.24369
   1280.2   0.24370
   1280.5   0.24378
   1280.8   0.24385
   1281.1   0.24390
   1281.5   0.24390
   1281.8   0.24397
   1282.1   0.24409
   1282.4   0.24422
   1282.7   0.24429
   1283.0   0.24430
   1283.4   0.24428
   1283.7   0.24427
   1284.0   0.24432
   1284.3   0.24442
   1284.6   0.24457
   1284.9   0.24471
   1285.3   0.24477
   1285.6   0.24473
   1285.9   0.24474
   1286.2   0.24478
   1286.5   0.24484
   1286.9   0.24485
   1287.2   0.24480
   1287.5   0.24476
   1287.8   0.24472
   1288.1   0.24472
   1288.5   0.24479
   1288.8   0.24488
   1289.1   0.24494
   1289.4   0.24500
   1289.7   0.24503
   1290.1   0.24509
   1290.4   0.24516
   1290.7   0.24525
   1291.0   0.24531
   1291.3   0.24542
   1291.7   0.24550
   1292.0   0.24554
   1292.3   0.24557
   1292.6   0.24563
   1293.0   0.24571
   1293.3   0.24579
   1293.6   0.24577
   1293.9   0.24575
   1294.3   0.24576
   1294.6   0.24581
   1294.9   0.24584
   1295.2   0.24587
   1295.5   0.24593
   1295.9   0.24606
   1296.2   0.24623
   1296.5   0.24640
   1296.8   0.24645
   1297.2   0.24638
   1297.5   0.24630
   1297.8   0.24631
   1298.1   0.24641
   1298.5   0.24653
   1298.8   0.24659
   1299.1   0.24658
   1299.4   0.24657
   1299.8   0.24659
   1300.1   0.24669
   1300.4   0.24675
   1300.7   0.24678
   1301.1   0.24672
   1301.4   0.24663
   1301.7   0.24656
   1302.1   0.24660
   1302.4   0.24675
   1302.7   0.24696
   1303.0   0.24703
   1303.4   0.24708
   1303.7   0.24708
   1304.0   0.24714
   1304.3   0.24725
   1304.7   0.24728
   1305.0   0.24728
   1305.3   0.24728
   1305.7   0.24734
   1306.0   0.24747
   1306.3   0.24764
   1306.6   0.24782
   1307.0   0.24796
   1307.3   0.24804
   1307.6   0.24807
   1308.0   0.24807
   1308.3   0.24807
   1308.6   0.24807
   1309.0   0.24802
   1309.3   0.24802
   1309.6   0.24802
   1309.9   0.24798
   1310.3   0.24795
   1310.6   0.24795
   1310.9   0.24806
   1311.3   0.24817
   1311.6   0.24822
   1311.9   0.24827
   1312.3   0.24837
   1312.6   0.24843
   1312.9   0.24842
   1313.3   0.24836
   1313.6   0.24834
   1313.9   0.24839
   1314.3   0.24858
   1314.6   0.24878
   1314.9   0.24896
   1315.3   0.24903
   1315.6   0.24896
   1315.9   0.24888
   1316.3   0.24887
   1316.6   0.24895
   1316.9   0.24903
   1317.3   0.24911
   1317.6   0.24917
   1317.9   0.24922
   1318.3   0.24922
   1318.6   0.24916
   1318.9   0.24912
   1319.3   0.24914
   1319.6   0.24921
   1320.0   0.24928
   1320.3   0.24930
   1320.6   0.24935
   1321.0   0.24945
   1321.3   0.24953
   1321.6   0.24960
   1322.0   0.24963
   1322.3   0.24969
   1322.6   0.24981
   1323.0   0.24994
   1323.3   0.25006
   1323.7   0.25008
   1324.0   0.25008
   1324.3   0.25008
   1324.7   0.25008
   1325.0   0.25007
   1325.3   0.25011
   1325.7   0.25021
   1326.0   0.25036
   1326.4   0.25048
   1326.7   0.25053
   1327.0   0.25054
   1327.4   0.25055
   1327.7   0.25060
   1328.1   0.25071
   1328.4   0.25081
   1328.7   0.25087
   1329.1   0.25092
   1329.4   0.25095
   1329.8   0.25097
   1330.1   0.25093
   1330.5   0.25088
   1330.8   0.25084
   1331.1   0.25085
   1331.5   0.25090
   1331.8   0.25097
   1332.2   0.25105
   1332.5   0.25109
   1332.8   0.25113
   1333.2   0.25122
   1333.5   0.25137
   1333.9   0.25153
   1334.2   0.25162
   1334.6   0.25162
   1334.9   0.25160
   1335.2   0.25162
   1335.6   0.25167
   1335.9   0.25171
   1336.3   0.25175
   1336.6   0.25180
   1337.0   0.25185
   1337.3   0.25192
   1337.7   0.25198
   1338.0   0.25203
   1338.4   0.25208
   1338.7   0.25216
   1339.0   0.25222
   1339.4   0.25223
   1339.7   0.25224
   1340.1   0.25225
   1340.4   0.25237
   1340.8   0.25253
   1341.1   0.25267
   1341.5   0.25270
   1341.8   0.25269
   1342.2   0.25270
   1342.5   0.25270
   1342.9   0.25272
   1343.2   0.25272
   1343.6   0.25278
   1343.9   0.25289
   1344.2   0.25300
   1344.6   0.25309
   1344.9   0.25315
   1345.3   0.25319
   1345.6   0.25321
   1346.0   0.25324
   1346.3   0.25327
   1346.7   0.25330
   1347.0   0.25332
   1347.4   0.25338
   1347.7   0.25339
   1348.1   0.25342
   1348.4   0.25343
   1348.8   0.25347
   1349.1   0.25358
   1349.5   0.25372
   1349.8   0.25380
   1350.2   0.25386
   1350.6   0.25389
   1350.9   0.25390
   1351.3   0.25388
   1351.6   0.25384
   1352.0   0.25385
   1352.3   0.25390
   1352.7   0.25398
   1353.0   0.25403
   1353.4   0.25411
   1353.7   0.25420
   1354.1   0.25432
   1354.4   0.25441
   1354.8   0.25445
   1355.1   0.25443
   1355.5   0.25438
   1355.8   0.25434
   1356.2   0.25434
   1356.6   0.25437
   1356.9   0.25441
   1357.3   0.25449
   1357.6   0.25466
   1358.0   0.25485
   1358.3   0.25496
   1358.7   0.25498
   1359.0   0.25492
   1359.4   0.25486
   1359.8   0.25484
   1360.1   0.25485
   1360.5   0.25492
   1360.8   0.25497
   1361.2   0.25501
   1361.5   0.25505
   1361.9   0.25513
   1362.3   0.25527
   1362.6   0.25534
   1363.0   0.25534
   1363.3   0.25530
   1363.7   0.25534
   1364.1   0.25549
   1364.4   0.25574
   1364.8   0.25596
   1365.1   0.25607
   1365.5   0.25606
   1365.9   0.25598
   1366.2   0.25597
   1366.6   0.25606
   1366.9   0.25620
   1367.3   0.25630
   1367.7   0.25640
   1368.0   0.25644
   1368.4   0.25642
   1368.7   0.25633
   1369.1   0.25626
   1369.5   0.25627
   1369.8   0.25635
   1370.2   0.25645
   1370.5   0.25656
   1370.9   0.25668
   1371.3   0.25685
   1371.6   0.25701
   1372.0   0.25713
   1372.4   0.25723
   1372.7   0.25721
   1373.1   0.25711
   1373.4   0.25704
   1373.8   0.25704
   1374.2   0.25712
   1374.5   0.25718
   1374.9   0.25726
   1375.3   0.25743
   1375.6   0.25764
   1376.0   0.25779
   1376.4   0.25787
   1376.7   0.25795
   1377.1   0.25802
   1377.5   0.25809
   1377.8   0.25811
   1378.2   0.25809
   1378.6   0.25813
   1378.9   0.25816
   1379.3   0.25819
   1379.7   0.25821
   1380.0   0.25815
   1380.4   0.25804
   1380.8   0.25790
   1381.1   0.25781
   1381.5   0.25784
   1381.9   0.25790
   1382.2   0.25798
   1382.6   0.25806
   1383.0   0.25812
   1383.3   0.25809
   1383.7   0.25795
   1384.1   0.25787
   1384.5   0.25787
   1384.8   0.25798
   1385.2   0.25800
   1385.6   0.25796
   1385.9   0.25793
   1386.3   0.25792
   1386.7   0.25792
   1387.0   0.25782
   1387.4   0.25771
   1387.8   0.25767
   1388.2   0.25777
   1388.5   0.25793
   1388.9   0.25808
   1389.3   0.25819
   1389.6   0.25822
   1390.0   0.25825
   1390.4   0.25835
   1390.8   0.25845
   1391.1   0.25849
   1391.5   0.25842
   1391.9   0.25837
   1392.3   0.25832
   1392.6   0.25834
   1393.0   0.25839
   1393.4   0.25850
   1393.8   0.25869
   1394.1   0.25890
   1394.5   0.25901
   1394.9   0.25905
   1395.3   0.25901
   1395.6   0.25900
   1396.0   0.25901
   1396.4   0.25904
   1396.8   0.25911
   1397.1   0.25921
   1397.5   0.25932
   1397.9   0.25945
   1398.3   0.25951
   1398.6   0.25960
   1399.0   0.25965
   1399.4   0.25971
   1399.8   0.25977
   1400.2   0.25980
   1400.5   0.25983
   1400.9   0.25991
   1401.3   0.26007
   1401.7   0.26020
   1402.0   0.26027
   1402.4   0.26033
   1402.8   0.26033
   1403.2   0.26035
   1403.6   0.26032
   1403.9   0.26029
   1404.3   0.26034
   1404.7   0.26047
   1405.1   0.26064
   1405.5   0.26078
   1405.8   0.26083
   1406.2   0.26088
   1406.6   0.26092
   1407.0   0.26099
   1407.4   0.26109
   1407.8   0.26120
   1408.1   0.26127
   1408.5   0.26136
   1408.9   0.26146
   1409.3   0.26164
   1409.7   0.26182
   1410.1   0.26191
   1410.4   0.26184
   1410.8   0.26170
   1411.2   0.26158
   1411.6   0.26153
   1412.0   0.26153
   1412.4   0.26155
   1412.7   0.26162
   1413.1   0.26170
   1413.5   0.26176
   1413.9   0.26178
   1414.3   0.26185
   1414.7   0.26197
   1415.1   0.26208
   1415.4   0.26208
   1415.8   0.26206
   1416.2   0.26202
   1416.6   0.26207
   1417.0   0.26219
   1417.4   0.26229
   1417.8   0.26229
   1418.2   0.26230
   1418.5   0.26235
   1418.9   0.26244
   1419.3   0.26251
   1419.7   0.26251
   1420.1   0.26253
   1420.5   0.26260
   1420.9   0.26273
   1421.3   0.26282
   1421.7   0.26288
   1422.0   0.26289
   1422.4   0.26287
   1422.8   0.26289
   1423.2   0.26293
   1423.6   0.26299
   1424.0   0.26300
   1424.4   0.26297
   1424.8   0.26296
   1425.2   0.26304
   1425.6   0.26319
   1426.0   0.26333
   1426.3   0.26335
   1426.7   0.26328
   1427.1   0.26321
   1427.5   0.26325
   1427.9   0.26338
   1428.3   0.26354
   1428.7   0.26368
   1429.1   0.26376
   1429.5   0.26373
   1429.9   0.26369
   1430.3   0.26367
   1430.7   0.26373
   1431.1   0.26382
   1431.5   0.26385
   1431.9   0.26390
   1432.3   0.26396
   1432.7   0.26405
   1433.0   0.26412
   1433.4   0.26413
   1433.8   0.26405
   1434.2   0.26403
   1434.6   0.26410
   1435.0   0.26421
   1435.4   0.26434
   1435.8   0.26442
   1436.2   0.26453
   1436.6   0.26461
   1437.0   0.26466
   1437.4   0.26467
   1437.8   0.26464
   1438.2   0.26461
   1438.6   0.26459
   1439.0   0.26465
   1439.4   0.26478
   1439.8   0.26497
   1440.2   0.26518
   1440.6   0.26531
   1441.0   0.26535
   1441.4   0.26533
   1441.8   0.26524
   1442.2   0.26513
   1442.6   0.26505
   1443.0   0.26505
   1443.4   0.26512
   1443.8   0.26524
   1444.2   0.26536
   1444.6   0.26547
   1445.0   0.26555
   1445.4   0.26559
   1445.8   0.26557
   1446.2   0.26554
   1446.6   0.26555
   1447.0   0.26563
   1447.5   0.26572
   1447.9   0.26580
   1448.3   0.26583
   1448.7   0.26587
   1449.1   0.26589
   1449.5   0.26592
   1449.9   0.26596
   1450.3   0.26600
   1450.7   0.26610
   1451.1   0.26622
   1451.5   0.26630
   1451.9   0.26631
   1452.3   0.26629
   1452.7   0.26632
   1453.1   0.26643
   1453.5   0.26655
   1453.9   0.26661
   1454.4   0.26661
   1454.8   0.26660
   1455.2   0.26663
   1455.6   0.26664
   1456.0   0.26667
   1456.4   0.26666
   1456.8   0.26670
   1457.2   0.26677
   1457.6   0.26684
   1458.0   0.26690
   1458.4   0.26695
   1458.9   0.26701
   1459.3   0.26711
   1459.7   0.26722
   1460.1   0.26730
   1460.5   0.26733
   1460.9   0.26733
   1461.3   0.26734
   1461.7   0.26736
   1462.1   0.26739
   1462.6   0.26742
   1463.0   0.26745
   1463.4   0.26750
   1463.8   0.26753
   1464.2   0.26755
   1464.6   0.26757
   1465.0   0.26759
   1465.5   0.26765
   1465.9   0.26768
   1466.3   0.26774
   1466.7   0.26778
   1467.1   0.26780
   1467.5   0.26780
   1467.9   0.26782
   1468.4   0.26783
   1468.8   0.26786
   1469.2   0.26792
   1469.6   0.26801
   1470.0   0.26816
   1470.4   0.26831
   1470.9   0.26838
   1471.3   0.26838
   1471.7   0.26839
   1472.1   0.26845
   1472.5   0.26856
   1472.9   0.26865
   1473.4   0.26872
   1473.8   0.26876
   1474.2   0.26876
   1474.6   0.26872
   1475.0   0.26865
   1475.5   0.26853
   1475.9   0.26849
   1476.3   0.26848
   1476.7   0.26852
   1477.1   0.26860
   1477.6   0.26869
   1478.0   0.26882
   1478.4   0.26895
   1478.8   0.26903
   1479.2   0.26908
   1479.7   0.26906
   1480.1   0.26907
   1480.5   0.26910
   1480.9   0.26916
   1481.4   0.26926
   1481.8   0.26936
   1482.2   0.26946
   1482.6   0.26957
   1483.1   0.26965
   1483.5   0.26963
   1483.9   0.26957
   1484.3   0.26950
   1484.8   0.26947
   1485.2   0.26949
   1485.6   0.26954
   1486.0   0.26960
   1486.5   0.26966
   1486.9   0.26971
   1487.3   0.26973
   1487.7   0.26970
   1488.2   0.26972
   1488.6   0.26977
   1489.0   0.26985
   1489.4   0.26997
   1489.9   0.27007
   1490.3   0.27015
   1490.7   0.27023
   1491.2   0.27025
   1491.6   0.27024
   1492.0   0.27024
   1492.4   0.27026
   1492.9   0.27034
   1493.3   0.27042
   1493.7   0.27049
   1494.2   0.27052
   1494.6   0.27049
   1495.0   0.27046
   1495.5   0.27041
   1495.9   0.27043
   1496.3   0.27054
   1496.8   0.27070
   1497.2   0.27078
   1497.6   0.27079
   1498.1   0.27080
   1498.5   0.27084
   1498.9   0.27087
   1499.4   0.27090
   1499.8   0.27093
   1500.2   0.27096
   1500.7   0.27101
   1501.1   0.27104
   1501.5   0.27103
   1502.0   0.27105
   1502.4   0.27113
   1502.8   0.27124
   1503.3   0.27132
   1503.7   0.27134
   1504.1   0.27128
   1504.6   0.27123
   1505.0   0.27123
   1505.4   0.27129
   1505.9   0.27134
   1506.3   0.27135
   1506.8   0.27138
   1507.2   0.27143
   1507.6   0.27154
   1508.1   0.27161
   1508.5   0.27162
   1509.0   0.27158
   1509.4   0.27157
   1509.8   0.27154
   1510.3   0.27151
   1510.7   0.27150
   1511.2   0.27157
   1511.6   0.27161
   1512.0   0.27161
   1512.5   0.27160
   1512.9   0.27160
   1513.4   0.27165
   1513.8   0.27175
   1514.2   0.27188
   1514.7   0.27199
   1515.1   0.27207
   1515.6   0.27212
   1516.0   0.27211
   1516.5   0.27216
   1516.9   0.27223
   1517.3   0.27225
   1517.8   0.27224
   1518.2   0.27224
   1518.7   0.27225
   1519.1   0.27229
   1519.6   0.27233
   1520.0   0.27232
   1520.5   0.27231
   1520.9   0.27230
   1521.4   0.27236
   1521.8   0.27245
   1522.2   0.27256
   1522.7   0.27268
   1523.1   0.27279
   1523.6   0.27287
   1524.0   0.27289
   1524.5   0.27287
   1524.9   0.27283
   1525.4   0.27285
   1525.8   0.27290
   1526.3   0.27292
   1526.7   0.27287
   1527.2   0.27280
   1527.6   0.27278
   1528.1   0.27277
   1528.5   0.27278
   1529.0   0.27277
   1529.4   0.27275
   1529.9   0.27276
   1530.3   0.27278
   1530.8   0.27280
   1531.2   0.27279
   1531.7   0.27279
   1532.1   0.27279
   1532.6   0.27279
   1533.0   0.27283
   1533.5   0.27284
   1534.0   0.27290
   1534.4   0.27297
   1534.9   0.27304
   1535.3   0.27305
   1535.8   0.27302
   1536.2   0.27300
   1536.7   0.27303
   1537.1   0.27308
   1537.6   0.27319
   1538.1   0.27329
   1538.5   0.27338
   1539.0   0.27344
   1539.4   0.27347
   1539.9   0.27350
   1540.3   0.27355
   1540.8   0.27355
   1541.3   0.27349
   1541.7   0.27340
   1542.2   0.27337
   1542.6   0.27342
   1543.1   0.27348
   1543.5   0.27356
   1544.0   0.27363
   1544.5   0.27369
   1544.9   0.27368
   1545.4   0.27367
   1545.8   0.27366
   1546.3   0.27367
   1546.8   0.27367
   1547.2   0.27364
   1547.7   0.27360
   1548.2   0.27361
   1548.6   0.27367
   1549.1   0.27370
   1549.5   0.27370
   1550.0   0.27371
   1550.5   0.27372
   1550.9   0.27377
   1551.4   0.27382
   1551.9   0.27388
   1552.3   0.27386
   1552.8   0.27381
   1553.3   0.27376
   1553.7   0.27374
   1554.2   0.27375
   1554.7   0.27382
   1555.1   0.27388
   1555.6   0.27394
   1556.1   0.27396
   1556.5   0.27393
   1557.0   0.27390
   1557.5   0.27386
   1557.9   0.27383
   1558.4   0.27380
   1558.9   0.27378
   1559.3   0.27378
   1559.8   0.27384
   1560.3   0.27391
   1560.7   0.27392
   1561.2   0.27390
   1561.7   0.27391
   1562.1   0.27395
   1562.6   0.27405
   1563.1   0.27413
   1563.6   0.27413
   1564.0   0.27407
   1564.5   0.27400
   1565.0   0.27401
   1565.4   0.27406
   1565.9   0.27409
   1566.4   0.27412
   1566.9   0.27414
   1567.3   0.27421
   1567.8   0.27428
   1568.3   0.27427
   1568.8   0.27421
   1569.2   0.27412
   1569.7   0.27410
   1570.2   0.27418
   1570.7   0.27427
   1571.1   0.27429
   1571.6   0.27425
   1572.1   0.27417
   1572.6   0.27410
   1573.0   0.27410
   1573.5   0.27416
   1574.0   0.27426
   1574.5   0.27439
   1575.0   0.27444
   1575.4   0.27444
   1575.9   0.27440
   1576.4   0.27436
   1576.9   0.27436
   1577.4   0.27438
   1577.8   0.27437
   1578.3   0.27433
   1578.8   0.27431
   1579.3   0.27436
   1579.8   0.27442
   1580.2   0.27444
   1580.7   0.27441
   1581.2   0.27436
   1581.7   0.27434
   1582.2   0.27437
   1582.7   0.27442
   1583.1   0.27448
   1583.6   0.27449
   1584.1   0.27445
   1584.6   0.27433
   1585.1   0.27426
   1585.6   0.27428
   1586.0   0.27435
   1586.5   0.27435
   1587.0   0.27429
   1587.5   0.27424
   1588.0   0.27427
   1588.5   0.27430
   1589.0   0.27433
   1589.4   0.27432
   1589.9   0.27436
   1590.4   0.27443
   1590.9   0.27452
   1591.4   0.27456
   1591.9   0.27456
   1592.4   0.27455
   1592.9   0.27454
   1593.4   0.27452
   1593.8   0.27451
   1594.3   0.27450
   1594.8   0.27447
   1595.3   0.27443
   1595.8   0.27442
   1596.3   0.27445
   1596.8   0.27452
   1597.3   0.27455
   1597.8   0.27455
   1598.3   0.27454
   1598.8   0.27452
   1599.2   0.27449
   1599.7   0.27446
   1600.2   0.27443
   1600.7   0.27439
   1601.2   0.27432
   1601.7   0.27429
   1602.2   0.27431
   1602.7   0.27439
   1603.2   0.27442
   1603.7   0.27440
   1604.2   0.27435
   1604.7   0.27433
   1605.2   0.27437
   1605.7   0.27440
   1606.2   0.27443
   1606.7   0.27446
   1607.2   0.27447
   1607.7   0.27447
   1608.2   0.27442
   1608.7   0.27438
   1609.2   0.27441
   1609.7   0.27443
   1610.2   0.27443
   1610.7   0.27438
   1611.2   0.27434
   1611.7   0.27432
   1612.2   0.27429
   1612.7   0.27427
   1613.2   0.27426
   1613.7   0.27427
   1614.2   0.27424
   1614.7   0.27420
   1615.2   0.27419
   1615.7   0.27422
   1616.2   0.27420
   1616.7   0.27413
   1617.2   0.27404
   1617.7   0.27406
   1618.2   0.27414
   1618.7   0.27423
   1619.2   0.27424
   1619.7   0.27426
   1620.2   0.27433
   1620.7   0.27436
   1621.3   0.27433
   1621.8   0.27429
   1622.3   0.27422
   1622.8   0.27415
   1623.3   0.27409
   1623.8   0.27401
   1624.3   0.27395
   1624.8   0.27394
   1625.3   0.27395
   1625.8   0.27398
   1626.3   0.27402
   1626.8   0.27402
   1627.4   0.27400
   1627.9   0.27401
   1628.4   0.27402
   1628.9   0.27404
   1629.4   0.27404
   1629.9   0.27404
   1630.4   0.27401
   1630.9   0.27397
   1631.5   0.27389
   1632.0   0.27382
   1632.5   0.27379
   1633.0   0.27380
   1633.5   0.27380
   1634.0   0.27376
   1634.5   0.27373
   1635.1   0.27371
   1635.6   0.27372
   1636.1   0.27370
   1636.6   0.27368
   1637.1   0.27366
   1637.6   0.27367
   1638.2   0.27366
   1638.7   0.27363
   1639.2   0.27357
   1639.7   0.27354
   1640.2   0.27354
   1640.7   0.27353
   1641.3   0.27351
   1641.8   0.27351
   1642.3   0.27359
   1642.8   0.27369
   1643.3   0.27375
   1643.9   0.27374
   1644.4   0.27369
   1644.9   0.27364
   1645.4   0.27358
   1646.0   0.27355
   1646.5   0.27352
   1647.0   0.27350
   1647.5   0.27346
   1648.1   0.27342
   1648.6   0.27344
   1649.1   0.27346
   1649.6   0.27343
   1650.1   0.27335
   1650.7   0.27324
   1651.2   0.27319
   1651.7   0.27320
   1652.3   0.27322
   1652.8   0.27322
   1653.3   0.27319
   1653.8   0.27316
   1654.4   0.27316
   1654.9   0.27316
   1655.4   0.27320
   1655.9   0.27322
   1656.5   0.27318
   1657.0   0.27311
   1657.5   0.27300
   1658.1   0.27293
   1658.6   0.27291
   1659.1   0.27293
   1659.7   0.27287
   1660.2   0.27275
   1660.7   0.27264
   1661.3   0.27258
   1661.8   0.27256
   1662.3   0.27255
   1662.9   0.27250
   1663.4   0.27241
   1663.9   0.27236
   1664.5   0.27234
   1665.0   0.27235
   1665.5   0.27233
   1666.1   0.27226
   1666.6   0.27219
   1667.1   0.27214
   1667.7   0.27212
   1668.2   0.27214
   1668.7   0.27213
   1669.3   0.27210
   1669.8   0.27201
   1670.4   0.27189
   1670.9   0.27179
   1671.4   0.27175
   1672.0   0.27174
   1672.5   0.27169
   1673.0   0.27163
   1673.6   0.27154
   1674.1   0.27147
   1674.7   0.27144
   1675.2   0.27143
   1675.7   0.27138
   1676.3   0.27129
   1676.8   0.27117
   1677.4   0.27112
   1677.9   0.27113
   1678.5   0.27116
   1679.0   0.27115
   1679.5   0.27110
   1680.1   0.27099
   1680.6   0.27088
   1681.2   0.27079
   1681.7   0.27069
   1682.3   0.27064
   1682.8   0.27059
   1683.4   0.27054
   1683.9   0.27050
   1684.5   0.27045
   1685.0   0.27038
   1685.6   0.27029
   1686.1   0.27014
   1686.7   0.26995
   1687.2   0.26980
   1687.8   0.26969
   1688.3   0.26961
   1688.8   0.26957
   1689.4   0.26953
   1690.0   0.26950
   1690.5   0.26946
   1691.1   0.26942
   1691.6   0.26937
   1692.2   0.26934
   1692.7   0.26930
   1693.3   0.26926
   1693.8   0.26922
   1694.4   0.26917
   1694.9   0.26909
   1695.5   0.26900
   1696.0   0.26893
   1696.6   0.26887
   1697.1   0.26882
   1697.7   0.26876
   1698.3   0.26871
   1698.8   0.26863
   1699.4   0.26849
   1699.9   0.26831
   1700.5   0.26816
   1701.0   0.26808
   1701.6   0.26802
   1702.2   0.26798
   1702.7   0.26793
   1703.3   0.26793
   1703.8   0.26790
   1704.4   0.26787
   1705.0   0.26787
   1705.5   0.26788
   1706.1   0.26787
   1706.6   0.26784
   1707.2   0.26776
   1707.8   0.26771
   1708.3   0.26771
   1708.9   0.26773
   1709.5   0.26777
   1710.0   0.26782
   1710.6   0.26787
   1711.1   0.26786
   1711.7   0.26780
   1712.3   0.26775
   1712.8   0.26772
   1713.4   0.26772
   1714.0   0.26774
   1714.5   0.26773
   1715.1   0.26770
   1715.7   0.26769
   1716.2   0.26773
   1716.8   0.26779
   1717.4   0.26780
   1717.9   0.26775
   1718.5   0.26769
   1719.1   0.26769
   1719.7   0.26777
   1720.2   0.26785
   1720.8   0.26787
   1721.4   0.26781
   1721.9   0.26775
   1722.5   0.26775
   1723.1   0.26773
   1723.7   0.26767
   1724.2   0.26755
   1724.8   0.26747
   1725.4   0.26749
   1726.0   0.26752
   1726.5   0.26754
   1727.1   0.26750
   1727.7   0.26749
   1728.3   0.26750
   1728.8   0.26749
   1729.4   0.26746
   1730.0   0.26737
   1730.6   0.26729
   1731.1   0.26720
   1731.7   0.26713
   1732.3   0.26711
   1732.9   0.26710
   1733.5   0.26706
   1734.0   0.26699
   1734.6   0.26687
   1735.2   0.26680
   1735.8   0.26675
   1736.4   0.26674
   1736.9   0.26675
   1737.5   0.26672
   1738.1   0.26664
   1738.7   0.26648
   1739.3   0.26630
   1739.9   0.26619
   1740.4   0.26614
   1741.0   0.26614
   1741.6   0.26614
   1742.2   0.26619
   1742.8   0.26624
   1743.4   0.26624
   1744.0   0.26620
   1744.5   0.26615
   1745.1   0.26610
   1745.7   0.26607
   1746.3   0.26600
   1746.9   0.26590
   1747.5   0.26581
   1748.1   0.26570
   1748.7   0.26561
   1749.2   0.26556
   1749.8   0.26555
   1750.4   0.26553
   1751.0   0.26547
   1751.6   0.26543
   1752.2   0.26544
   1752.8   0.26547
   1753.4   0.26545
   1754.0   0.26538
   1754.6   0.26528
   1755.2   0.26521
   1755.8   0.26524
   1756.4   0.26532
   1757.0   0.26543
   1757.5   0.26552
   1758.1   0.26558
   1758.7   0.26556
   1759.3   0.26552
   1759.9   0.26546
   1760.5   0.26546
   1761.1   0.26549
   1761.7   0.26551
   1762.3   0.26548
   1762.9   0.26537
   1763.5   0.26525
   1764.1   0.26519
   1764.7   0.26522
   1765.3   0.26531
   1765.9   0.26532
   1766.5   0.26527
   1767.1   0.26519
   1767.7   0.26515
   1768.3   0.26512
   1768.9   0.26510
   1769.5   0.26505
   1770.1   0.26499
   1770.8   0.26495
   1771.4   0.26491
   1772.0   0.26489
   1772.6   0.26487
   1773.2   0.26488
   1773.8   0.26489
   1774.4   0.26490
   1775.0   0.26490
   1775.6   0.26487
   1776.2   0.26488
   1776.8   0.26489
   1777.4   0.26489
   1778.0   0.26488
   1778.7   0.26485
   1779.3   0.26481
   1779.9   0.26477
   1780.5   0.26477
   1781.1   0.26480
   1781.7   0.26485
   1782.3   0.26487
   1782.9   0.26489
   1783.5   0.26491
   1784.2   0.26485
   1784.8   0.26476
   1785.4   0.26468
   1786.0   0.26466
   1786.6   0.26466
   1787.2   0.26463
   1787.9   0.26457
   1788.5   0.26454
   1789.1   0.26452
   1789.7   0.26447
   1790.3   0.26441
   1790.9   0.26436
   1791.6   0.26430
   1792.2   0.26423
   1792.8   0.26417
   1793.4   0.26415
   1794.0   0.26419
   1794.7   0.26421
   1795.3   0.26423
   1795.9   0.26421
   1796.5   0.26419
   1797.1   0.26418
   1797.8   0.26416
   1798.4   0.26413
   1799.0   0.26411
   1799.6   0.26410
   1800.3   0.26411
   1800.9   0.26409
   1801.5   0.26403
   1802.1   0.26394
   1802.8   0.26382
   1803.4   0.26373
   1804.0   0.26367
   1804.7   0.26361
   1805.3   0.26361
   1805.9   0.26368
   1806.5   0.26378
   1807.2   0.26381
   1807.8   0.26375
   1808.4   0.26365
   1809.1   0.26358
   1809.7   0.26353
   1810.3   0.26343
   1811.0   0.26336
   1811.6   0.26336
   1812.2   0.26336
   1812.9   0.26330
   1813.5   0.26319
   1814.1   0.26312
   1814.8   0.26312
   1815.4   0.26312
   1816.0   0.26309
   1816.7   0.26302
   1817.3   0.26296
   1817.9   0.26291
   1818.6   0.26288
   1819.2   0.26283
   1819.9   0.26277
   1820.5   0.26271
   1821.1   0.26268
   1821.8   0.26267
   1822.4   0.26267
   1823.1   0.26261
   1823.7   0.26247
   1824.3   0.26234
   1825.0   0.26229
   1825.6   0.26234
   1826.3   0.26241
   1826.9   0.26244
   1827.6   0.26240
   1828.2   0.26233
   1828.8   0.26224
   1829.5   0.26214
   1830.1   0.26206
   1830.8   0.26200
   1831.4   0.26197
   1832.1   0.26195
   1832.7   0.26193
   1833.4   0.26193
   1834.0   0.26195
   1834.7   0.26197
   1835.3   0.26197
   1836.0   0.26190
   1836.6   0.26182
   1837.3   0.26176
   1837.9   0.26173
   1838.6   0.26169
   1839.2   0.26164
   1839.9   0.26158
   1840.5   0.26154
   1841.2   0.26151
   1841.8   0.26149
   1842.5   0.26145
   1843.1   0.26141
   1843.8   0.26135
   1844.5   0.26126
   1845.1   0.26117
   1845.8   0.26113
   1846.4   0.26111
   1847.1   0.26112
   1847.7   0.26110
   1848.4   0.26103
   1849.1   0.26092
   1849.7   0.26085
   1850.4   0.26086
   1851.0   0.26091
   1851.7   0.26091
   1852.4   0.26085
   1853.0   0.26073
   1853.7   0.26063
   1854.4   0.26056
   1855.0   0.26056
   1855.7   0.26055
   1856.3   0.26055
   1857.0   0.26055
   1857.7   0.26058
   1858.3   0.26062
   1859.0   0.26064
   1859.7   0.26063
   1860.3   0.26053
   1861.0   0.26039
   1861.7   0.26027
   1862.3   0.26016
   1863.0   0.26006
   1863.7   0.26001
   1864.4   0.25999
   1865.0   0.25995
   1865.7   0.25990
   1866.4   0.25989
   1867.0   0.25992
   1867.7   0.25996
   1868.4   0.25997
   1869.1   0.25992
   1869.7   0.25992
   1870.4   0.25992
   1871.1   0.25989
   1871.8   0.25976
   1872.4   0.25960
   1873.1   0.25949
   1873.8   0.25945
   1874.5   0.25943
   1875.1   0.25947
   1875.8   0.25953
   1876.5   0.25958
   1877.2   0.25957
   1877.9   0.25950
   1878.5   0.25942
   1879.2   0.25937
   1879.9   0.25931
   1880.6   0.25922
   1881.3   0.25913
   1881.9   0.25910
   1882.6   0.25912
   1883.3   0.25917
   1884.0   0.25917
   1884.7   0.25916
   1885.4   0.25914
   1886.1   0.25909
   1886.7   0.25904
   1887.4   0.25897
   1888.1   0.25890
   1888.8   0.25884
   1889.5   0.25875
   1890.2   0.25861
   1890.9   0.25845
   1891.6   0.25831
   1892.3   0.25822
   1892.9   0.25818
   1893.6   0.25815
   1894.3   0.25814
   1895.0   0.25811
   1895.7   0.25808
   1896.4   0.25803
   1897.1   0.25799
   1897.8   0.25801
   1898.5   0.25807
   1899.2   0.25813
   1899.9   0.25811
   1900.6   0.25805
   1901.3   0.25798
   1902.0   0.25794
   1902.7   0.25792
   1903.4   0.25792
   1904.1   0.25790
   1904.8   0.25787
   1905.5   0.25782
   1906.2   0.25771
   1906.9   0.25754
   1907.6   0.25737
   1908.3   0.25724
   1909.0   0.25715
   1909.7   0.25711
   1910.4   0.25709
   1911.1   0.25709
   1911.8   0.25711
   1912.5   0.25712
   1913.2   0.25710
   1913.9   0.25702
   1914.6   0.25691
   1915.3   0.25678
   1916.0   0.25668
   1916.7   0.25666
   1917.4   0.25664
   1918.2   0.25664
   1918.9   0.25664
   1919.6   0.25665
   1920.3   0.25668
   1921.0   0.25664
   1921.7   0.25652
   1922.4   0.25640
   1923.1   0.25633
   1923.8   0.25633
   1924.6   0.25632
   1925.3   0.25627
   1926.0   0.25619
   1926.7   0.25611
   1927.4   0.25606
   1928.1   0.25602
   1928.9   0.25599
   1929.6   0.25594
   1930.3   0.25593
   1931.0   0.25596
   1931.7   0.25601
   1932.5   0.25605
   1933.2   0.25601
   1933.9   0.25592
   1934.6   0.25587
   1935.3   0.25588
   1936.1   0.25592
   1936.8   0.25593
   1937.5   0.25587
   1938.2   0.25580
   1939.0   0.25576
   1939.7   0.25576
   1940.4   0.25578
   1941.1   0.25575
   1941.9   0.25568
   1942.6   0.25559
   1943.3   0.25554
   1944.0   0.25554
   1944.8   0.25557
   1945.5   0.25559
   1946.2   0.25556
   1947.0   0.25548
   1947.7   0.25539
   1948.4   0.25532
   1949.2   0.25530
   1949.9   0.25530
   1950.6   0.25533
   1951.4   0.25530
   1952.1   0.25525
   1952.8   0.25518
   1953.6   0.25517
   1954.3   0.25525
   1955.0   0.25534
   1955.8   0.25534
   1956.5   0.25523
   1957.3   0.25512
   1958.0   0.25507
   1958.7   0.25508
   1959.5   0.25513
   1960.2   0.25516
   1961.0   0.25515
   1961.7   0.25511
   1962.4   0.25504
   1963.2   0.25496
   1963.9   0.25489
   1964.7   0.25486
   1965.4   0.25484
   1966.2   0.25485
   1966.9   0.25482
   1967.7   0.25483
   1968.4   0.25482
   1969.1   0.25483
   1969.9   0.25482
   1970.6   0.25475
   1971.4   0.25466
   1972.1   0.25461
   1972.9   0.25460
   1973.6   0.25464
   1974.4   0.25467
   1975.1   0.25467
   1975.9   0.25469
   1976.7   0.25464
   1977.4   0.25456
   1978.2   0.25446
   1978.9   0.25441
   1979.7   0.25441
   1980.4   0.25440
   1981.2   0.25443
   1981.9   0.25446
   1982.7   0.25452
   1983.5   0.25456
   1984.2   0.25455
   1985.0   0.25448
   1985.7   0.25442
   1986.5   0.25437
   1987.3   0.25435
   1988.0   0.25436
   1988.8   0.25435
   1989.6   0.25433
   1990.3   0.25428
   1991.1   0.25425
   1991.8   0.25423
   1992.6   0.25418
   1993.4   0.25411
   1994.1   0.25407
   1994.9   0.25407
   1995.7   0.25409
   1996.4   0.25410
   1997.2   0.25412
   1998.0   0.25415
   1998.8   0.25418
   1999.5   0.25418
   2000.3   0.25410
   2001.1   0.25401
   2001.8   0.25392
   2002.6   0.25387
   2003.4   0.25386
   2004.2   0.25388
   2004.9   0.25395
   2005.7   0.25401
   2006.5   0.25402
   2007.3   0.25392
   2008.0   0.25374
   2008.8   0.25356
   2009.6   0.25346
   2010.4   0.25343
   2011.2   0.25347
   2011.9   0.25350
   2012.7   0.25348
   2013.5   0.25342
   2014.3   0.25334
   2015.1   0.25332
   2015.9   0.25338
   2016.6   0.25348
   2017.4   0.25352
   2018.2   0.25346
   2019.0   0.25334
   2019.8   0.25324
   2020.6   0.25318
   2021.4   0.25315
   2022.1   0.25311
   2022.9   0.25303
   2023.7   0.25296
   2024.5   0.25289
   2025.3   0.25286
   2026.1   0.25287
   2026.9   0.25291
   2027.7   0.25297
   2028.5   0.25302
   2029.3   0.25304
   2030.1   0.25305
   2030.9   0.25302
   2031.6   0.25297
   2032.4   0.25289
   2033.2   0.25286
   2034.0   0.25287
   2034.8   0.25292
   2035.6   0.25294
   2036.4   0.25296
   2037.2   0.25292
   2038.0   0.25288
   2038.8   0.25282
   2039.6   0.25277
   2040.4   0.25273
   2041.2   0.25273
   2042.1   0.25273
   2042.9   0.25271
   2043.7   0.25266
   2044.5   0.25260
   2045.3   0.25256
   2046.1   0.25251
   2046.9   0.25250
   2047.7   0.25252
   2048.5   0.25254
   2049.3   0.25251
   2050.1   0.25244
   2050.9   0.25235
   2051.7   0.25234
   2052.6   0.25237
   2053.4   0.25241
   2054.2   0.25241
   2055.0   0.25234
   2055.8   0.25227
   2056.6   0.25220
   2057.4   0.25216
   2058.3   0.25216
   2059.1   0.25217
   2059.9   0.25216
   2060.7   0.25214
   2061.5   0.25211
   2062.4   0.25213
   2063.2   0.25215
   2064.0   0.25214
   2064.8   0.25208
   2065.6   0.25201
   2066.5   0.25199
   2067.3   0.25203
   2068.1   0.25210
   2068.9   0.25213
   2069.8   0.25207
   2070.6   0.25198
   2071.4   0.25190
   2072.2   0.25189
   2073.1   0.25191
   2073.9   0.25193
   2074.7   0.25196
   2075.6   0.25194
   2076.4   0.25189
   2077.2   0.25184
   2078.1   0.25183
   2078.9   0.25183
   2079.7   0.25186
   2080.6   0.25188
   2081.4   0.25189
   2082.2   0.25190
   2083.1   0.25191
   2083.9   0.25190
   2084.7   0.25184
   2085.6   0.25175
   2086.4   0.25164
   2087.3   0.25160
   2088.1   0.25161
   2088.9   0.25170
   2089.8   0.25181
   2090.6   0.25190
   2091.5   0.25192
   2092.3   0.25188
   2093.2   0.25181
   2094.0   0.25175
   2094.9   0.25172
   2095.7   0.25169
   2096.6   0.25167
   2097.4   0.25163
   2098.2   0.25161
   2099.1   0.25159
   2099.9   0.25161
   2100.8   0.25164
   2101.6   0.25167
   2102.5   0.25172
   2103.4   0.25178
   2104.2   0.25183
   2105.1   0.25184
   2105.9   0.25184
   2106.8   0.25187
   2107.6   0.25194
   2108.5   0.25200
   2109.3   0.25201
   2110.2   0.25199
   2111.1   0.25196
   2111.9   0.25189
   2112.8   0.25180
   2113.6   0.25171
   2114.5   0.25168
   2115.4   0.25172
   2116.2   0.25177
   2117.1   0.25179
   2118.0   0.25179
   2118.8   0.25178
   2119.7   0.25176
   2120.6   0.25173
   2121.4   0.25170
   2121.9   0.25150
   2122.3   0.25122
   2122.7   0.25115
   2123.2   0.25146
   2123.6   0.25157
   2124.0   0.25160
   2124.5   0.25164
   2124.9   0.25190
   2125.3   0.25208
   2125.8   0.25181
   2126.2   0.25128
   2126.6   0.25102
   2127.1   0.25086
   2127.5   0.25071
   2128.0   0.25086
   2128.4   0.25083
   2128.8   0.25108
   2129.3   0.25106
   2129.7   0.25081
   2130.1   0.25063
   2130.6   0.25037
   2131.0   0.25030
   2131.5   0.25035
   2131.9   0.25064
   2132.3   0.25105
   2132.8   0.25114
   2133.2   0.25098
   2133.6   0.25083
   2134.1   0.25090
   2134.5   0.25105
   2135.0   0.25140
   2135.4   0.25154
   2135.8   0.25148
   2136.3   0.25134
   2136.7   0.25112
   2137.2   0.25120
   2137.6   0.25119
   2138.0   0.25096
   2138.5   0.25054
   2138.9   0.25021
   2139.4   0.25018
   2139.8   0.25043
   2140.3   0.25097
   2140.7   0.25127
   2141.1   0.25149
   2141.6   0.25145
   2142.0   0.25123
   2142.5   0.25130
   2142.9   0.25110
   2143.4   0.25113
   2143.8   0.25109
   2144.2   0.25131
   2144.7   0.25157
   2145.1   0.25169
   2145.6   0.25172
   2146.0   0.25149
   2146.5   0.25122
   2146.9   0.25112
   2147.3   0.25117
   2147.8   0.25128
   2148.2   0.25143
   2148.7   0.25128
   2149.1   0.25136
   2149.6   0.25136
   2150.0   0.25115
   2150.5   0.25091
   2150.9   0.25094
   2151.4   0.25097
   2151.8   0.25082
   2152.2   0.25066
   2152.7   0.25046
   2153.1   0.25056
   2153.6   0.25049
   2154.0   0.25025
   2154.5   0.25021
   2154.9   0.25061
   2155.4   0.25102
   2155.8   0.25113
   2156.3   0.25078
   2156.7   0.25063
   2157.2   0.25050
   2157.6   0.25051
   2158.1   0.25051
   2158.5   0.25055
   2159.0   0.25061
   2159.4   0.25053
   2159.9   0.25024
   2160.3   0.25028
   2160.8   0.25029
   2161.2   0.25048
   2161.7   0.25061
   2162.1   0.25077
   2162.6   0.25072
   2163.0   0.25082
   2163.5   0.25071
   2163.9   0.25055
   2164.4   0.25061
   2164.8   0.25070
   2165.3   0.25086
   2165.7   0.25122
   2166.2   0.25140
   2166.6   0.25135
   2167.1   0.25117
   2167.5   0.25091
   2168.0   0.25095
   2168.5   0.25125
   2168.9   0.25146
   2169.4   0.25160
   2169.8   0.25156
   2170.3   0.25163
   2170.7   0.25139
   2171.2   0.25095
   2171.6   0.25065
   2172.1   0.25045
   2172.5   0.25053
   2173.0   0.25042
   2173.5   0.25022
   2173.9   0.24999
   2174.4   0.24995
   2174.8   0.25012
   2175.3   0.25025
   2175.7   0.25030
   2176.2   0.25033
   2176.6   0.25022
   2177.1   0.25010
   2177.6   0.25008
   2178.0   0.25025
   2178.5   0.25062
   2178.9   0.25088
   2179.4   0.25102
   2179.8   0.25108
   2180.3   0.25097
   2180.8   0.25082
   2181.2   0.25076
   2181.7   0.25102
   2182.1   0.25106
   2182.6   0.25104
   2183.1   0.25072
   2183.5   0.25098
   2184.0   0.25115
   2184.4   0.25138
   2184.9   0.25136
   2185.4   0.25113
   2185.8   0.25076
   2186.3   0.25033
   2186.7   0.24991
   2187.2   0.24965
   2187.7   0.24954
   2188.1   0.24943
   2188.6   0.24945
   2189.1   0.24990
   2189.5   0.25028
   2190.0   0.25071
   2190.4   0.25073
   2190.9   0.25076
   2191.4   0.25094
   2191.8   0.25096
   2192.3   0.25093
   2192.8   0.25086
   2193.2   0.25104
   2193.7   0.25092
   2194.1   0.25077
   2194.6   0.25062
   2195.1   0.25084
   2195.5   0.25109
   2196.0   0.25096
   2196.5   0.25068
   2196.9   0.25069
   2197.4   0.25076
   2197.9   0.25078
   2198.3   0.25070
   2198.8   0.25047
   2199.3   0.25070
   2199.7   0.25088
   2200.2   0.25106
   2200.7   0.25130
   2201.1   0.25122
   2201.6   0.25096
   2202.1   0.25080
   2202.5   0.25047
   2203.0   0.25067
   2203.5   0.25108
   2203.9   0.25119
   2204.4   0.25122
   2204.9   0.25111
   2205.3   0.25109
   2205.8   0.25108
   2206.3   0.25097
   2206.8   0.25062
   2207.2   0.25036
   2207.7   0.25028
   2208.2   0.25039
   2208.6   0.25066
   2209.1   0.25103
   2209.6   0.25118
   2210.0   0.25125
   2210.5   0.25108
   2211.0   0.25103
   2211.5   0.25084
   2211.9   0.25081
   2212.4   0.25084
   2212.9   0.25079
   2213.3   0.25078
   2213.8   0.25063
   2214.3   0.25076
   2214.8   0.25082
   2215.2   0.25081
   2215.7   0.25079
   2216.2   0.25060
   2216.7   0.25050
   2217.1   0.25047
   2217.6   0.25053
   2218.1   0.25062
   2218.6   0.25059
   2219.0   0.25060
   2219.5   0.25048
   2220.0   0.25062
   2220.5   0.25072
   2220.9   0.25072
   2221.4   0.25074
   2221.9   0.25060
   2222.4   0.25066
   2222.8   0.25079
   2223.3   0.25112
   2223.8   0.25123
   2224.3   0.25126
   2224.7   0.25096
   2225.2   0.25046
   2225.7   0.25017
   2226.2   0.25018
   2226.7   0.25067
   2227.1   0.25104
   2227.6   0.25102
   2228.1   0.25098
   2228.6   0.25087
   2229.0   0.25075
   2229.5   0.25056
   2230.0   0.25057
   2230.5   0.25086
   2231.0   0.25120
   2231.4   0.25106
   2231.9   0.25091
   2232.4   0.25078
   2232.9   0.25090
   2233.4   0.25090
   2233.9   0.25077
   2234.3   0.25075
   2234.8   0.25089
   2235.3   0.25099
   2235.8   0.25098
   2236.3   0.25125
   2236.7   0.25146
   2237.2   0.25151
   2237.7   0.25139
   2238.2   0.25130
   2238.7   0.25111
   2239.2   0.25096
   2239.6   0.25095
   2240.1   0.25092
   2240.6   0.25089
   2241.1   0.25094
   2241.6   0.25085
   2242.1   0.25107
   2242.5   0.25102
   2243.0   0.25102
   2243.5   0.25087
   2244.0   0.25098
   2244.5   0.25102
   2245.0   0.25092
   2245.5   0.25048
   2245.9   0.25014
   2246.4   0.25011
   2246.9   0.25044
   2247.4   0.25078
   2247.9   0.25095
   2248.4   0.25091
   2248.9   0.25095
   2249.4   0.25095
   2249.8   0.25124
   2250.3   0.25159
   2250.8   0.25192
   2251.3   0.25210
   2251.8   0.25221
   2252.3   0.25235
   2252.8   0.25231
   2253.3   0.25231
   2253.8   0.25205
   2254.2   0.25202
   2254.7   0.25199
   2255.2   0.25190
   2255.7   0.25172
   2256.2   0.25147
   2256.7   0.25117
   2257.2   0.25119
   2257.7   0.25136
   2258.2   0.25168
   2258.7   0.25184
   2259.2   0.25179
   2259.7   0.25177
   2260.1   0.25202
   2260.6   0.25242
   2261.1   0.25270
   2261.6   0.25287
   2262.1   0.25272
   2262.6   0.25236
   2263.1   0.25205
   2263.6   0.25206
   2264.1   0.25220
   2264.6   0.25216
   2265.1   0.25233
   2265.6   0.25245
   2266.1   0.25248
   2266.6   0.25225
   2267.1   0.25189
   2267.6   0.25175
   2268.1   0.25191
   2268.5   0.25205
   2269.0   0.25232
   2269.5   0.25241
   2270.0   0.25257
   2270.5   0.25245
   2271.0   0.25221
   2271.5   0.25195
   2272.0   0.25193
   2272.5   0.25190
   2273.0   0.25206
   2273.5   0.25230
   2274.0   0.25273
   2274.5   0.25293
   2275.0   0.25299
   2275.5   0.25291
   2276.0   0.25280
   2276.5   0.25252
   2277.0   0.25236
   2277.5   0.25239
   2278.0   0.25279
   2278.5   0.25314
   2279.0   0.25315
   2279.5   0.25277
   2280.0   0.25250
   2280.5   0.25239
   2281.0   0.25244
   2281.5   0.25243
   2282.0   0.25255
   2282.5   0.25276
   2283.0   0.25301
   2283.5   0.25325
   2284.0   0.25333
   2284.5   0.25322
   2285.0   0.25320
   2285.5   0.25315
   2286.1   0.25316
   2286.6   0.25303
   2287.1   0.25280
   2287.6   0.25255
   2288.1   0.25246
   2288.6   0.25238
   2289.1   0.25253
   2289.6   0.25261
   2290.1   0.25276
   2290.6   0.25284
   2291.1   0.25291
   2291.6   0.25302
   2292.1   0.25318
   2292.6   0.25307
   2293.1   0.25300
   2293.6   0.25283
   2294.1   0.25297
   2294.7   0.25321
   2295.2   0.25337
   2295.7   0.25340
   2296.2   0.25358
   2296.7   0.25335
   2297.2   0.25304
   2297.7   0.25289
   2298.2   0.25280
   2298.7   0.25270
   2299.2   0.25241
   2299.7   0.25241
   2300.3   0.25247
   2300.8   0.25247
   2301.3   0.25253
   2301.8   0.25281
   2302.3   0.25305
   2302.8   0.25317
   2303.3   0.25325
   2303.8   0.25331
   2304.3   0.25348
   2304.9   0.25357
   2305.4   0.25342
   2305.9   0.25360
   2306.4   0.25366
   2306.9   0.25390
   2307.4   0.25392
   2307.9   0.25377
   2308.4   0.25352
   2309.0   0.25332
   2309.5   0.25303
   2310.0   0.25268
   2310.5   0.25255
   2311.0   0.25268
   2311.5   0.25319
   2312.0   0.25398
   2312.6   0.25442
   2313.1   0.25449
   2313.6   0.25426
   2314.1   0.25413
   2314.6   0.25422
   2315.1   0.25426
   2315.7   0.25423
   2316.2   0.25440
   2316.7   0.25439
   2317.2   0.25416
   2317.7   0.25374
   2318.3   0.25314
   2318.8   0.25313
   2319.3   0.25310
   2319.8   0.25306
   2320.3   0.25314
   2320.8   0.25332
   2321.4   0.25368
   2321.9   0.25384
   2322.4   0.25392
   2322.9   0.25380
   2323.4   0.25379
   2324.0   0.25399
   2324.5   0.25426
   2325.0   0.25468
   2325.5   0.25476
   2326.1   0.25458
   2326.6   0.25432
   2327.1   0.25405
   2327.6   0.25407
   2328.1   0.25410
   2328.7   0.25414
   2329.2   0.25429
   2329.7   0.25469
   2330.2   0.25502
   2330.8   0.25536
   2331.3   0.25552
   2331.8   0.25546
   2332.3   0.25529
   2332.9   0.25517
   2333.4   0.25515
   2333.9   0.25496
   2334.4   0.25483
   2335.0   0.25499
   2335.5   0.25527
   2336.0   0.25536
   2336.5   0.25518
   2337.1   0.25514
   2337.6   0.25513
   2338.1   0.25535
   2338.6   0.25540
   2339.2   0.25536
   2339.7   0.25507
   2340.2   0.25507
   2340.8   0.25509
   2341.3   0.25520
   2341.8   0.25519
   2342.3   0.25528
   2342.9   0.25534
   2343.4   0.25533
   2343.9   0.25537
   2344.5   0.25525
   2345.0   0.25522
   2345.5   0.25533
   2346.0   0.25555
   2346.6   0.25565
   2347.1   0.25576
   2347.6   0.25577
   2348.2   0.25562
   2348.7   0.25540
   2349.2   0.25533
   2349.8   0.25526
   2350.3   0.25526
   2350.8   0.25521
   2351.4   0.25498
   2351.9   0.25500
   2352.4   0.25527
   2353.0   0.25549
   2353.5   0.25559
   2354.0   0.25553
   2354.6   0.25547
   2355.1   0.25551
   2355.6   0.25552
   2356.2   0.25547
   2356.7   0.25553
   2357.2   0.25578
   2357.8   0.25609
   2358.3   0.25647
   2358.9   0.25662
   2359.4   0.25648
   2359.9   0.25634
   2360.5   0.25656
   2361.0   0.25669
   2361.5   0.25674
   2362.1   0.25635
   2362.6   0.25615
   2363.2   0.25613
   2363.7   0.25617
   2364.2   0.25630
   2364.8   0.25645
   2365.3   0.25676
   2365.9   0.25710
   2366.4   0.25728
   2366.9   0.25708
   2367.5   0.25692
   2368.0   0.25669
   2368.6   0.25644
   2369.1   0.25638
   2369.6   0.25646
   2370.2   0.25649
   2370.7   0.25651
   2371.3   0.25668
   2371.8   0.25689
   2372.3   0.25721
   2372.9   0.25742
   2373.4   0.25757
   2374.0   0.25766
   2374.5   0.25735
   2375.1   0.25692
   2375.6   0.25680
   2376.2   0.25697
   2376.7   0.25720
   2377.2   0.25727
   2377.8   0.25699
   2378.3   0.25698
   2378.9   0.25705
   2379.4   0.25712
   2380.0   0.25716
   2380.5   0.25730
   2381.1   0.25743
   2381.6   0.25739
   2382.2   0.25732
   2382.7   0.25744
   2383.3   0.25747
   2383.8   0.25751
   2384.3   0.25765
   2384.9   0.25798
   2385.4   0.25818
   2386.0   0.25799
   2386.5   0.25767
   2387.1   0.25757
   2387.6   0.25781
   2388.2   0.25813
   2388.7   0.25831
   2389.3   0.25830
   2389.8   0.25820
   2390.4   0.25805
   2390.9   0.25795
   2391.5   0.25814
   2392.1   0.25827
   2392.6   0.25862
   2393.2   0.25863
   2393.7   0.25862
   2394.3   0.25850
   2394.8   0.25837
   2395.4   0.25841
   2395.9   0.25873
   2396.5   0.25889
   2397.0   0.25889
   2397.6   0.25861
   2398.1   0.25841
   2398.7   0.25843
   2399.2   0.25860
   2399.8   0.25873
   2400.4   0.25894
   2400.9   0.25905
   2401.5   0.25913
   2402.0   0.25928
   2402.6   0.25953
   2403.1   0.25977
   2403.7   0.25986
   2404.3   0.25978
   2404.8   0.25966
   2405.4   0.25947
   2405.9   0.25939
   2406.5   0.25950
   2407.0   0.25957
   2407.6   0.25970
   2408.2   0.25976
   2408.7   0.25977
   2409.3   0.25969
   2409.8   0.25958
   2410.4   0.25947
   2411.0   0.25965
   2411.5   0.25992
   2412.1   0.26001
   2412.6   0.25997
   2413.2   0.25997
   2413.8   0.25998
   2414.3   0.25994
   2414.9   0.25994
   2415.5   0.26003
   2416.0   0.26032
   2416.6   0.26053
   2417.1   0.26049
   2417.7   0.26041
   2418.3   0.26041
   2418.8   0.26052
   2419.4   0.26044
   2420.0   0.26033
   2420.5   0.26027
   2421.1   0.26022
   2421.7   0.26010
   2422.2   0.26004
   2422.8   0.26025
   2423.4   0.26057
   2423.9   0.26056
   2424.5   0.26048
   2425.1   0.26028
   2425.6   0.26028
   2426.2   0.26040
   2426.8   0.26077
   2427.3   0.26110
   2427.9   0.26111
   2428.5   0.26093
   2429.0   0.26088
   2429.6   0.26111
   2430.2   0.26134
   2430.7   0.26121
   2431.3   0.26107
   2431.9   0.26106
   2432.5   0.26112
   2433.0   0.26137
   2433.6   0.26159
   2434.2   0.26171
   2434.7   0.26158
   2435.3   0.26152
   2435.9   0.26159
   2436.5   0.26185
   2437.0   0.26200
   2437.6   0.26197
   2438.2   0.26184
   2438.7   0.26182
   2439.3   0.26210
   2439.9   0.26238
   2440.5   0.26223
   2441.0   0.26195
   2441.6   0.26170
   2442.2   0.26165
   2442.8   0.26187
   2443.3   0.26228
   2443.9   0.26260
   2444.5   0.26248
   2445.1   0.26219
   2445.6   0.26193
   2446.2   0.26174
   2446.8   0.26178
   2447.4   0.26201
   2448.0   0.26238
   2448.5   0.26267
   2449.1   0.26270
   2449.7   0.26261
   2450.3   0.26267
   2450.8   0.26268
   2451.4   0.26276
   2452.0   0.26315
   2452.6   0.26356
   2453.2   0.26377
   2453.7   0.26371
   2454.3   0.26359
   2454.9   0.26352
   2455.5   0.26331
   2456.1   0.26323
   2456.7   0.26323
   2457.2   0.26339
   2457.8   0.26367
   2458.4   0.26393
   2459.0   0.26384
   2459.6   0.26372
   2460.2   0.26371
   2460.7   0.26373
   2461.3   0.26391
   2461.9   0.26410
   2462.5   0.26419
   2463.1   0.26417
   2463.7   0.26435
   2464.2   0.26468
   2464.8   0.26496
   2465.4   0.26482
   2466.0   0.26446
   2466.6   0.26436
   2467.2   0.26438
   2467.8   0.26440
   2468.3   0.26443
   2468.9   0.26437
   2469.5   0.26450
   2470.1   0.26464
   2470.7   0.26486
   2471.3   0.26513
   2471.9   0.26519
   2472.5   0.26531
   2473.1   0.26530
   2473.6   0.26515
   2474.2   0.26502
   2474.8   0.26491
   2475.4   0.26489
   2476.0   0.26508
   2476.6   0.26534
   2477.2   0.26545
   2477.8   0.26540
   2478.4   0.26552
   2479.0   0.26543
   2479.6   0.26542
   2480.2   0.26535
   2480.8   0.26550
   2481.3   0.26552
   2481.9   0.26547
   2482.5   0.26531
   2483.1   0.26538
   2483.7   0.26547
   2484.3   0.26568
   2484.9   0.26590
   2485.5   0.26618
   2486.1   0.26630
   2486.7   0.26622
   2487.3   0.26617
   2487.9   0.26628
   2488.5   0.26643
   2489.1   0.26650
   2489.7   0.26649
   2490.3   0.26654
   2490.9   0.26658
   2491.5   0.26668
   2492.1   0.26681
   2492.7   0.26714
   2493.3   0.26724
   2493.9   0.26723
   2494.5   0.26692
   2495.1   0.26678
   2495.7   0.26684
   2496.3   0.26701
   2496.9   0.26713
   2497.5   0.26709
   2498.1   0.26696
   2498.7   0.26668
   2499.3   0.26668
   2499.9   0.26699
   2500.5   0.26733
   2501.1   0.26739
   2501.7   0.26739
   2502.3   0.26736
   2502.9   0.26750
   2503.5   0.26778
   2504.1   0.26804
   2504.7   0.26823
   2505.3   0.26824
   2505.9   0.26798
   2506.5   0.26787
   2507.1   0.26786
   2507.7   0.26797
   2508.4   0.26791
   2509.0   0.26801
   2509.6   0.26838
   2510.2   0.26867
   2510.8   0.26892
   2511.4   0.26875
   2512.0   0.26855
   2512.6   0.26854
   2513.2   0.26852
   2513.8   0.26856
   2514.4   0.26880
   2515.0   0.26885
   2515.7   0.26889
   2516.3   0.26889
   2516.9   0.26905
   2517.5   0.26918
   2518.1   0.26910
   2518.7   0.26901
   2519.3   0.26892
   2519.9   0.26899
   2520.5   0.26916
   2521.2   0.26929
   2521.8   0.26948
   2522.4   0.26966
   2523.0   0.26974
   2523.6   0.26972
   2524.2   0.26976
   2524.8   0.26971
   2525.5   0.26967
   2526.1   0.26966
   2526.7   0.26973
   2527.3   0.26979
   2527.9   0.26978
   2528.5   0.26971
   2529.2   0.26968
   2529.8   0.26974
   2530.4   0.26972
   2531.0   0.26965
   2531.6   0.26953
   2532.2   0.26954
   2532.9   0.26973
   2533.5   0.26994
   2534.1   0.27017
   2534.7   0.27024
   2535.3   0.27048
   2536.0   0.27067
   2536.6   0.27090
   2537.2   0.27096
   2537.8   0.27082
   2538.4   0.27062
   2539.1   0.27059
   2539.7   0.27075
   2540.3   0.27086
   2540.9   0.27092
   2541.6   0.27108
   2542.2   0.27114
   2542.8   0.27117
   2543.4   0.27123
   2544.0   0.27137
   2544.7   0.27152
   2545.3   0.27160
   2545.9   0.27158
   2546.5   0.27163
   2547.2   0.27167
   2547.8   0.27172
   2548.4   0.27176
   2549.1   0.27175
   2549.7   0.27194
   2550.3   0.27208
   2550.9   0.27215
   2551.6   0.27212
   2552.2   0.27195
   2552.8   0.27175
   2553.4   0.27178
   2554.1   0.27190
   2554.7   0.27201
   2555.3   0.27212
   2556.0   0.27215
   2556.6   0.27234
   2557.2   0.27246
   2557.9   0.27242
   2558.5   0.27239
   2559.1   0.27234
   2559.7   0.27246
   2560.4   0.27266
   2561.0   0.27283
   2561.6   0.27299
   2562.3   0.27305
   2562.9   0.27302
   2563.5   0.27285
   2564.2   0.27273
   2564.8   0.27266
   2565.4   0.27256
   2566.1   0.27262
   2566.7   0.27286
   2567.4   0.27321
   2568.0   0.27342
   2568.6   0.27358
   2569.3   0.27372
   2569.9   0.27369
   2570.5   0.27328
   2571.2   0.27313
   2571.8   0.27318
   2572.4   0.27346
   2573.1   0.27374
   2573.7   0.27381
   2574.4   0.27370
   2575.0   0.27355
   2575.6   0.27363
   2576.3   0.27386
   2576.9   0.27396
   2577.6   0.27407
   2578.2   0.27399
   2578.8   0.27405
   2579.5   0.27417
   2580.1   0.27414
   2580.8   0.27399
   2581.4   0.27389
   2582.1   0.27386
   2582.7   0.27397
   2583.3   0.27432
   2584.0   0.27463
   2584.6   0.27459
   2585.3   0.27434
   2585.9   0.27422
   2586.6   0.27439
   2587.2   0.27464
   2587.9   0.27455
   2588.5   0.27420
   2589.1   0.27406
   2589.8   0.27412
   2590.4   0.27420
   2591.1   0.27415
   2591.7   0.27435
   2592.4   0.27467
   2593.0   0.27525
   2593.7   0.27596
   2594.3   0.27645
   2595.0   0.27644
   2595.6   0.27569
   2596.3   0.27463
   2596.9   0.27404
   2597.6   0.27416
   2598.2   0.27441
   2598.9   0.27461
   2599.5   0.27477
   2600.2   0.27510
   2600.8   0.27549
   2601.5   0.27571
   2602.1   0.27578
   2602.8   0.27593
   2603.4   0.27604
   2604.1   0.27611
   2604.8   0.27639
   2605.4   0.27659
   2606.1   0.27659
   2606.7   0.27602
   2607.4   0.27550
   2608.0   0.27535
   2608.7   0.27555
   2609.3   0.27580
   2610.0   0.27578
   2610.7   0.27568
   2611.3   0.27578
   2612.0   0.27590
   2612.6   0.27622
   2613.3   0.27656
   2613.9   0.27662
   2614.6   0.27660
   2615.3   0.27667
   2615.9   0.27704
   2616.6   0.27740
   2617.2   0.27733
   2617.9   0.27684
   2618.6   0.27643
   2619.2   0.27658
   2619.9   0.27693
   2620.6   0.27714
   2621.2   0.27688
   2621.9   0.27645
   2622.5   0.27617
   2623.2   0.27643
   2623.9   0.27698
   2624.5   0.27731
   2625.2   0.27751
   2625.9   0.27764
   2626.5   0.27797
   2627.2   0.27798
   2627.9   0.27764
   2628.5   0.27752
   2629.2   0.27784
   2629.9   0.27844
   2630.5   0.27857
   2631.2   0.27799
   2631.9   0.27718
   2632.5   0.27688
   2633.2   0.27683
   2633.9   0.27718
   2634.5   0.27746
   2635.2   0.27752
   2635.9   0.27764
   2636.5   0.27793
   2637.2   0.27835
   2637.9   0.27853
   2638.6   0.27855
   2639.2   0.27850
   2639.9   0.27864
   2640.6   0.27869
   2641.2   0.27875
   2641.9   0.27870
   2642.6   0.27883
   2643.3   0.27880
   2643.9   0.27879
   2644.6   0.27904
   2645.3   0.27916
   2646.0   0.27926
   2646.6   0.27893
   2647.3   0.27868
   2648.0   0.27875
   2648.7   0.27914
   2649.3   0.27948
   2650.0   0.27958
   2650.7   0.27952
   2651.4   0.27950
   2652.1   0.27952
   2652.7   0.27938
   2653.4   0.27905
   2654.1   0.27886
   2654.8   0.27884
   2655.5   0.27931
   2656.1   0.27970
   2656.8   0.27972
   2657.5   0.27957
   2658.2   0.27964
   2658.9   0.28006
   2659.5   0.28020
   2660.2   0.28011
   2660.9   0.28017
   2661.6   0.28017
   2662.3   0.28005
   2663.0   0.27995
   2663.6   0.28018
   2664.3   0.28078
   2665.0   0.28116
   2665.7   0.28112
   2666.4   0.28070
   2667.1   0.28028
   2667.7   0.27998
   2668.4   0.27965
   2669.1   0.27998
   2669.8   0.28099
   2670.5   0.28174
   2671.2   0.28157
   2671.9   0.28065
   2672.6   0.28010
   2673.2   0.28014
   2673.9   0.28033
   2674.6   0.28047
   2675.3   0.28067
   2676.0   0.28076
   2676.7   0.28081
   2677.4   0.28061
   2678.1   0.28022
   2678.8   0.28013
   2679.5   0.28017
   2680.2   0.28006
   2680.9   0.28003
   2681.5   0.28001
   2682.2   0.28006
   2682.9   0.28015
   2683.6   0.28023
   2684.3   0.28014
   2685.0   0.27996
   2685.7   0.27985
   2686.4   0.27992
   2687.1   0.28003
   2687.8   0.28006
   2688.5   0.28011
   2689.2   0.28023
   2689.9   0.28030
   2690.6   0.28017
   2691.3   0.28002
   2692.0   0.28015
   2692.7   0.28032
   2693.4   0.28033
   2694.1   0.28018
   2694.8   0.28000
   2695.5   0.27994
   2696.2   0.28005
   2696.9   0.28014
   2697.6   0.28021
   2698.3   0.28021
   2699.0   0.28017
   2699.7   0.28018
   2700.4   0.28036
   2701.1   0.28049
   2701.8   0.28053
   2702.5   0.28039
   2703.2   0.28024
   2703.9   0.28010
   2704.6   0.28000
   2705.3   0.28000
   2706.0   0.28000
   2706.7   0.28007
   2707.5   0.28021
   2708.2   0.28042
   2708.9   0.28041
   2709.6   0.28022
   2710.3   0.27995
   2711.0   0.27985
   2711.7   0.27973
   2712.4   0.27944
   2713.1   0.27911
   2713.8   0.27899
   2714.5   0.27920
   2715.2   0.27934
   2716.0   0.27930
   2716.7   0.27921
   2717.4   0.27911
   2718.1   0.27911
   2718.8   0.27904
   2719.5   0.27920
   2720.2   0.27940
   2720.9   0.27925
   2721.7   0.27857
   2722.4   0.27812
   2723.1   0.27831
   2723.8   0.27875
   2724.5   0.27890
   2725.2   0.27851
   2726.0   0.27786
   2726.7   0.27746
   2727.4   0.27725
   2728.1   0.27730
   2728.8   0.27735
   2729.5   0.27750
   2730.3   0.27742
   2731.0   0.27738
   2731.7   0.27729
   2732.4   0.27712
   2733.1   0.27712
   2733.9   0.27723
   2734.6   0.27739
   2735.3   0.27732
   2736.0   0.27695
   2736.7   0.27672
   2737.5   0.27685
   2738.2   0.27713
   2738.9   0.27725
   2739.6   0.27712
   2740.4   0.27698
   2741.1   0.27690
   2741.8   0.27669
   2742.5   0.27641
   2743.3   0.27611
   2744.0   0.27593
   2744.7   0.27583
   2745.4   0.27587
   2746.2   0.27584
   2746.9   0.27584
   2747.6   0.27572
   2748.4   0.27562
   2749.1   0.27544
   2749.8   0.27535
   2750.5   0.27525
   2751.3   0.27511
   2752.0   0.27499
   2752.7   0.27493
   2753.5   0.27487
   2754.2   0.27486
   2754.9   0.27500
   2755.7   0.27491
   2756.4   0.27440
   2757.1   0.27391
   2757.9   0.27382
   2758.6   0.27395
   2759.3   0.27402
   2760.1   0.27397
   2760.8   0.27394
   2761.5   0.27408
   2762.3   0.27406
   2763.0   0.27396
   2763.7   0.27366
   2764.5   0.27323
   2765.2   0.27291
   2765.9   0.27292
   2766.7   0.27316
   2767.4   0.27332
   2768.2   0.27315
   2768.9   0.27290
   2769.6   0.27282
   2770.4   0.27281
   2771.1   0.27264
   2771.9   0.27238
   2772.6   0.27217
   2773.3   0.27212
   2774.1   0.27208
   2774.8   0.27192
   2775.6   0.27196
   2776.3   0.27205
   2777.1   0.27202
   2777.8   0.27186
   2778.5   0.27172
   2779.3   0.27167
   2780.0   0.27150
   2780.8   0.27132
   2781.5   0.27117
   2782.3   0.27108
   2783.0   0.27101
   2783.8   0.27099
   2784.5   0.27096
   2785.3   0.27109
   2786.0   0.27111
   2786.8   0.27117
   2787.5   0.27107
   2788.3   0.27086
   2789.0   0.27047
   2789.8   0.27029
   2790.5   0.27033
   2791.3   0.27036
   2792.0   0.27037
   2792.8   0.27031
   2793.5   0.27031
   2794.3   0.27030
   2795.0   0.27011
   2795.8   0.26999
   2796.5   0.26990
   2797.3   0.26983
   2798.0   0.26976
   2798.8   0.26972
   2799.6   0.26980
   2800.3   0.26981
   2801.1   0.26977
   2801.8   0.26975
   2802.6   0.26977
   2803.3   0.26980
   2804.1   0.26957
   2804.9   0.26918
   2805.6   0.26876
   2806.4   0.26862
   2807.1   0.26866
   2807.9   0.26881
   2808.7   0.26898
   2809.4   0.26898
   2810.2   0.26885
   2810.9   0.26873
   2811.7   0.26886
   2812.5   0.26900
   2813.2   0.26908
   2814.0   0.26897
   2814.7   0.26890
   2815.5   0.26879
   2816.3   0.26868
   2817.0   0.26861
   2817.8   0.26861
   2818.6   0.26866
   2819.3   0.26854
   2820.1   0.26832
   2820.9   0.26826
   2821.6   0.26803
   2822.4   0.26798
   2823.2   0.26796
   2823.9   0.26800
   2824.7   0.26794
   2825.5   0.26787
   2826.3   0.26780
   2827.0   0.26783
   2827.8   0.26778
   2828.6   0.26769
   2829.3   0.26759
   2830.1   0.26775
   2830.9   0.26786
   2831.7   0.26772
   2832.4   0.26756
   2833.2   0.26759
   2834.0   0.26773
   2834.8   0.26776
   2835.5   0.26768
   2836.3   0.26771
   2837.1   0.26781
   2837.9   0.26779
   2838.6   0.26766
   2839.4   0.26747
   2840.2   0.26733
   2841.0   0.26717
   2841.7   0.26705
   2842.5   0.26712
   2843.3   0.26723
   2844.1   0.26737
   2844.9   0.26746
   2845.6   0.26750
   2846.4   0.26764
   2847.2   0.26770
   2848.0   0.26775
   2848.8   0.26772
   2849.6   0.26743
   2850.3   0.26712
   2851.1   0.26688
   2851.9   0.26684
   2852.7   0.26687
   2853.5   0.26677
   2854.3   0.26659
   2855.0   0.26658
   2855.8   0.26644
   2856.6   0.26632
   2857.4   0.26630
   2858.2   0.26651
   2859.0   0.26676
   2859.8   0.26689
   2860.6   0.26679
   2861.4   0.26675
   2862.1   0.26676
   2862.9   0.26681
   2863.7   0.26679
   2864.5   0.26680
   2865.3   0.26679
   2866.1   0.26673
   2866.9   0.26661
   2867.7   0.26649
   2868.5   0.26632
   2869.3   0.26609
   2870.1   0.26600
   2870.9   0.26610
   2871.7   0.26637
   2872.4   0.26662
   2873.2   0.26672
   2874.0   0.26667
   2874.8   0.26645
   2875.6   0.26622
   2876.4   0.26620
   2877.2   0.26636
   2878.0   0.26646
   2878.8   0.26643
   2879.6   0.26635
   2880.4   0.26634
   2881.2   0.26634
   2882.0   0.26635
   2882.8   0.26630
   2883.6   0.26639
   2884.4   0.26644
   2885.2   0.26644
   2886.0   0.26648
   2886.8   0.26649
   2887.6   0.26642
   2888.5   0.26626
   2889.3   0.26614
   2890.1   0.26599
   2890.9   0.26592
   2891.7   0.26589
   2892.5   0.26599
   2893.3   0.26626
   2894.1   0.26652
   2894.9   0.26661
   2895.7   0.26668
   2896.5   0.26674
   2897.3   0.26673
   2898.1   0.26664
   2898.9   0.26652
   2899.8   0.26655
   2900.6   0.26669
   2901.4   0.26667
   2902.2   0.26665
   2903.0   0.26661
   2903.8   0.26657
   2904.6   0.26649
   2905.4   0.26649
   2906.3   0.26657
   2907.1   0.26656
   2907.9   0.26635
   2908.7   0.26624
   2909.5   0.26624
   2910.3   0.26629
   2911.2   0.26632
   2912.0   0.26633
   2912.8   0.26633
   2913.6   0.26633
   2914.4   0.26644
   2915.2   0.26664
   2916.1   0.26678
   2916.9   0.26679
   2917.7   0.26672
   2918.5   0.26679
   2919.4   0.26707
   2920.2   0.26723
   2921.0   0.26720
   2921.8   0.26707
   2922.6   0.26702
   2923.5   0.26694
   2924.3   0.26688
   2925.1   0.26690
   2925.9   0.26711
   2926.8   0.26723
   2927.6   0.26722
   2928.4   0.26718
   2929.2   0.26726
   2930.1   0.26739
   2930.9   0.26741
   2931.7   0.26744
   2932.6   0.26736
   2933.4   0.26729
   2934.2   0.26712
   2935.1   0.26695
   2935.9   0.26699
   2936.7   0.26712
   2937.5   0.26702
   2938.4   0.26689
   2939.2   0.26684
   2940.0   0.26692
   2940.9   0.26702
   2941.7   0.26702
   2942.5   0.26709
   2943.4   0.26719
   2944.2   0.26723
   2945.1   0.26722
   2945.9   0.26722
   2946.7   0.26725
   2947.6   0.26727
   2948.4   0.26727
   2949.2   0.26718
   2950.1   0.26721
   2950.9   0.26724
   2951.8   0.26732
   2952.6   0.26733
   2953.4   0.26730
   2954.3   0.26733
   2955.1   0.26744
   2956.0   0.26765
   2956.8   0.26772
   2957.7   0.26770
   2958.5   0.26754
   2959.3   0.26752
   2960.2   0.26748
   2961.0   0.26745
   2961.9   0.26737
   2962.7   0.26726
   2963.6   0.26723
   2964.4   0.26721
   2965.3   0.26739
   2966.1   0.26756
   2967.0   0.26762
   2967.8   0.26759
   2968.7   0.26754
   2969.5   0.26756
   2970.4   0.26750
   2971.2   0.26735
   2972.1   0.26720
   2972.9   0.26718
   2973.8   0.26728
   2974.6   0.26742
   2975.5   0.26745
   2976.3   0.26753
   2977.2   0.26757
   2978.0   0.26746
   2978.9   0.26738
   2979.8   0.26740
   2980.6   0.26754
   2981.5   0.26761
   2982.3   0.26765
   2983.2   0.26770
   2984.0   0.26768
   2984.9   0.26756
   2985.8   0.26750
   2986.6   0.26746
   2987.5   0.26752
   2988.3   0.26751
   2989.2   0.26750
   2990.1   0.26750
   2990.9   0.26750
   2991.8   0.26737
   2992.7   0.26728
   2993.5   0.26724
   2994.4   0.26729
   2995.2   0.26735
   2996.1   0.26745
   2997.0   0.26763
   2997.8   0.26766
   2998.7   0.26756
   2999.6   0.26739
   3000.4   0.26737
   3001.3   0.26745
   3002.2   0.26745
   3003.1   0.26744
   3003.9   0.26742
   3004.8   0.26747
   3005.7   0.26743
   3006.5   0.26729
   3007.4   0.26719
   3008.3   0.26712
   3009.2   0.26717
   3010.0   0.26725
   3010.9   0.26741
   3011.8   0.26751
   3012.6   0.26754
   3013.5   0.26760
   3014.4   0.26761
   3015.3   0.26762
   3016.2   0.26754
   3017.0   0.26748
   3017.9   0.26750
   3018.8   0.26750
   3019.7   0.26748
   3020.5   0.26751
   3021.4   0.26760
   3022.3   0.26757
   3023.2   0.26751
   3024.1   0.26750
   3025.0   0.26756
   3025.8   0.26755
   3026.7   0.26744
   3027.6   0.26740
   3028.5   0.26741
   3029.4   0.26753
   3030.3   0.26756
   3031.1   0.26757
   3032.0   0.26764
   3032.9   0.26772
   3033.8   0.26777
   3034.7   0.26784
   3035.6   0.26794
   3036.5   0.26808
   3037.4   0.26815
   3038.2   0.26818
   3039.1   0.26825
   3040.0   0.26832
   3040.9   0.26833
   3041.8   0.26831
   3042.7   0.26824
   3043.6   0.26816
   3044.5   0.26810
   3045.4   0.26812
   3046.3   0.26820
   3047.2   0.26824
   3048.1   0.26813
   3049.0   0.26811
   3049.9   0.26822
   3050.8   0.26839
   3051.7   0.26851
   3052.6   0.26857
   3053.5   0.26858
   3054.4   0.26856
   3055.3   0.26849
   3056.2   0.26837
   3057.1   0.26844
   3058.0   0.26841
   3058.9   0.26837
   3059.8   0.26836
   3060.7   0.26839
   3061.6   0.26844
   3062.5   0.26844
   3063.4   0.26846
   3064.3   0.26858
   3065.2   0.26866
   3066.1   0.26863
   3067.0   0.26863
   3067.9   0.26864
   3068.8   0.26873
   3069.7   0.26869
   3070.6   0.26863
   3071.5   0.26863
   3072.5   0.26873
   3073.4   0.26880
   3074.3   0.26883
   3075.2   0.26884
   3076.1   0.26880
   3077.0   0.26869
   3077.9   0.26880
   3078.8   0.26893
   3079.8   0.26909
   3080.7   0.26905
   3081.6   0.26893
   3082.5   0.26893
   3083.4   0.26892
   3084.3   0.26892
   3085.3   0.26892
   3086.2   0.26895
   3087.1   0.26900
   3088.0   0.26901
   3088.9   0.26898
   3089.8   0.26910
   3090.8   0.26920
   3091.7   0.26917
   3092.6   0.26910
   3093.5   0.26899
   3094.5   0.26899
   3095.4   0.26901
   3096.3   0.26902
   3097.2   0.26910
   3098.2   0.26915
   3099.1   0.26916
   3100.0   0.26920
   3100.9   0.26931
   3101.9   0.26952
   3102.8   0.26967
   3103.7   0.26974
   3104.7   0.26968
   3105.6   0.26957
   3106.5   0.26951
   3107.4   0.26951
   3108.4   0.26948
   3109.3   0.26938
   3110.2   0.26932
   3111.2   0.26928
   3112.1   0.26943
   3113.0   0.26958
   3114.0   0.26967
   3114.9   0.26979
   3115.8   0.26988
   3116.8   0.26991
   3117.7   0.26985
   3118.7   0.26982
   3119.6   0.26984
   3120.5   0.26984
   3121.5   0.26979
   3122.4   0.26981
   3123.4   0.26989
   3124.3   0.27000
   3125.2   0.27006
   3126.2   0.27018
   3127.1   0.27029
   3128.1   0.27028
   3129.0   0.27010
   3130.0   0.26989
   3130.9   0.26978
   3131.8   0.26981
   3132.8   0.26987
   3133.7   0.26990
   3134.7   0.26995
   3135.6   0.26998
   3136.6   0.26995
   3137.5   0.26988
   3138.5   0.26981
   3139.4   0.26982
   3140.4   0.26987
   3141.3   0.26996
   3142.3   0.27013
   3143.2   0.27022
   3144.2   0.27016
   3145.1   0.27013
   3146.1   0.27015
   3147.1   0.27019
   3148.0   0.27021
   3149.0   0.27025
   3149.9   0.27036
   3150.9   0.27036
   3151.8   0.27023
   3152.8   0.27020
   3153.8   0.27022
   3154.7   0.27039
   3155.7   0.27055
   3156.6   0.27064
   3157.6   0.27075
   3158.6   0.27080
   3159.5   0.27071
   3160.5   0.27058
   3161.4   0.27051
   3162.4   0.27048
   3163.4   0.27040
   3164.3   0.27038
   3165.3   0.27050
   3166.3   0.27053
   3167.2   0.27046
   3168.2   0.27034
   3169.2   0.27031
   3170.1   0.27041
   3171.1   0.27043
   3172.1   0.27047
   3173.1   0.27047
   3174.0   0.27053
   3175.0   0.27059
   3176.0   0.27072
   3176.9   0.27091
   3177.9   0.27103
   3178.9   0.27103
   3179.9   0.27094
   3180.8   0.27092
   3181.8   0.27087
   3182.8   0.27080
   3183.8   0.27076
   3184.7   0.27074
   3185.7   0.27076
   3186.7   0.27073
   3187.7   0.27066
   3188.7   0.27070
   3189.6   0.27084
   3190.6   0.27095
   3191.6   0.27109
   3192.6   0.27120
   3193.6   0.27123
   3194.6   0.27118
   3195.5   0.27115
   3196.5   0.27112
   3197.5   0.27109
   3198.5   0.27101
   3199.5   0.27094
   3200.5   0.27102
   3201.5   0.27111
   3202.5   0.27107
   3203.4   0.27096
   3204.4   0.27098
   3205.4   0.27095
   3206.4   0.27095
   3207.4   0.27088
   3208.4   0.27082
   3209.4   0.27080
   3210.4   0.27081
   3211.4   0.27084
   3212.4   0.27098
   3213.4   0.27109
   3214.4   0.27120
   3215.4   0.27122
   3216.4   0.27127
   3217.4   0.27128
   3218.4   0.27126
   3219.4   0.27116
   3220.4   0.27118
   3221.4   0.27117
   3222.4   0.27116
   3223.4   0.27118
   3224.4   0.27123
   3225.4   0.27129
   3226.4   0.27136
   3227.4   0.27131
   3228.4   0.27135
   3229.4   0.27139
   3230.4   0.27137
   3231.4   0.27134
   3232.4   0.27130
   3233.4   0.27124
   3234.4   0.27116
   3235.4   0.27111
   3236.4   0.27112
   3237.4   0.27121
   3238.5   0.27122
   3239.5   0.27127
   3240.5   0.27135
   3241.5   0.27128
   3242.5   0.27115
   3243.5   0.27098
   3244.5   0.27102
   3245.6   0.27113
   3246.6   0.27121
   3247.6   0.27130
   3248.6   0.27133
   3249.6   0.27130
   3250.6   0.27113
   3251.7   0.27104
   3252.7   0.27103
   3253.7   0.27110
   3254.7   0.27117
   3255.7   0.27129
   3256.8   0.27140
   3257.8   0.27144
   3258.8   0.27141
   3259.8   0.27131
   3260.9   0.27132
   3261.9   0.27137
   3262.9   0.27144
   3263.9   0.27149
   3265.0   0.27157
   3266.0   0.27163
   3267.0   0.27153
   3268.1   0.27144
   3269.1   0.27139
   3270.1   0.27140
   3271.1   0.27137
   3272.2   0.27138
   3273.2   0.27149
   3274.2   0.27159
   3275.3   0.27155
   3276.3   0.27146
   3277.4   0.27138
   3278.4   0.27139
   3279.4   0.27138
   3280.5   0.27133
   3281.5   0.27133
   3282.5   0.27135
   3283.6   0.27137
   3284.6   0.27133
   3285.7   0.27135
   3286.7   0.27135
   3287.7   0.27134
   3288.8   0.27134
   3289.8   0.27143
   3290.9   0.27156
   3291.9   0.27163
   3293.0   0.27170
   3294.0   0.27169
   3295.1   0.27168
   3296.1   0.27162
   3297.1   0.27160
   3298.2   0.27158
   3299.2   0.27160
   3300.3   0.27160
   3301.3   0.27161
   3302.4   0.27170
   3303.5   0.27172
   3304.5   0.27170
   3305.6   0.27166
   3306.6   0.27164
   3307.7   0.27163
   3308.7   0.27161
   3309.8   0.27157
   3310.8   0.27164
   3311.9   0.27165
   3313.0   0.27165
   3314.0   0.27160
   3315.1   0.27167
   3316.1   0.27175
   3317.2   0.27177
   3318.3   0.27169
   3319.3   0.27153
   3320.4   0.27137
   3321.4   0.27124
   3322.5   0.27126
   3323.6   0.27142
   3324.6   0.27149
   3325.7   0.27150
   3326.8   0.27144
   3327.8   0.27142
   3328.9   0.27142
   3330.0   0.27140
   3331.0   0.27135
   3332.1   0.27130
   3333.2   0.27130
   3334.3   0.27124
   3335.3   0.27117
   3336.4   0.27119
   3337.5   0.27122
   3338.5   0.27123
   3339.6   0.27121
   3340.7   0.27119
   3341.8   0.27112
   3342.9   0.27107
   3343.9   0.27111
   3345.0   0.27121
   3346.1   0.27127
   3347.2   0.27125
   3348.3   0.27116
   3349.3   0.27109
   3350.4   0.27099
   3351.5   0.27078
   3352.6   0.27063
   3353.7   0.27047
   3354.8   0.27042
   3355.8   0.27037
   3356.9   0.27041
   3358.0   0.27050
   3359.1   0.27044
   3360.2   0.27023
   3361.3   0.27001
   3362.4   0.26995
   3363.5   0.26993
   3364.5   0.26998
   3365.6   0.27002
   3366.7   0.27013
   3367.8   0.27020
   3368.9   0.27017
   3370.0   0.27002
   3371.1   0.26999
   3372.2   0.27006
   3373.3   0.27014
   3374.4   0.27023
   3375.5   0.27035
   3376.6   0.27043
   3377.7   0.27043
   3378.8   0.27042
   3379.9   0.27043
   3381.0   0.27044
   3382.1   0.27052
   3383.2   0.27068
   3384.3   0.27088
   3385.4   0.27107
   3386.5   0.27111
   3387.6   0.27113
   3388.7   0.27120
   3389.8   0.27123
   3391.0   0.27117
   3392.1   0.27100
   3393.2   0.27091
   3394.3   0.27071
   3395.4   0.27053
   3396.5   0.27040
   3397.6   0.27033
   3398.7   0.27031
   3399.8   0.27027
   3401.0   0.27019
   3402.1   0.27020
   3403.2   0.27023
   3404.3   0.27019
   3405.4   0.27019
   3406.5   0.27027
   3407.7   0.27035
   3408.8   0.27029
   3409.9   0.27019
   3411.0   0.27020
   3412.2   0.27029
   3413.3   0.27040
   3414.4   0.27054
   3415.5   0.27062
   3416.7   0.27070
   3417.8   0.27073
   3418.9   0.27079
   3420.0   0.27092
   3421.2   0.27103
   3422.3   0.27115
   3423.4   0.27130
   3424.5   0.27157
   3425.7   0.27186
   3426.8   0.27208
   3427.9   0.27220
   3429.1   0.27227
   3430.2   0.27223
   3431.3   0.27209
   3432.5   0.27191
   3433.6   0.27174
   3434.8   0.27172
   3435.9   0.27173
   3437.0   0.27187
   3438.2   0.27204
   3439.3   0.27215
   3440.5   0.27217
   3441.6   0.27222
   3442.7   0.27227
   3443.9   0.27229
   3445.0   0.27215
   3446.2   0.27200
   3447.3   0.27204
   3448.5   0.27216
   3449.6   0.27233
   3450.8   0.27252
   3451.9   0.27262
   3453.1   0.27267
   3454.2   0.27264
   3455.4   0.27255
   3456.5   0.27251
   3457.7   0.27251
   3458.8   0.27249
   3460.0   0.27253
   3461.1   0.27254
   3462.3   0.27258
   3463.4   0.27261
   3464.6   0.27266
   3465.8   0.27271
   3466.9   0.27269
   3468.1   0.27257
   3469.2   0.27246
   3470.4   0.27246
   3471.6   0.27249
   3472.7   0.27250
   3473.9   0.27254
   3475.0   0.27264
   3476.2   0.27268
   3477.4   0.27265
   3478.5   0.27256
   3479.7   0.27248
   3480.9   0.27239
   3482.0   0.27231
   3483.2   0.27235
   3484.4   0.27243
   3485.6   0.27244
   3486.7   0.27232
   3487.9   0.27221
   3489.1   0.27225
   3490.3   0.27227
   3491.4   0.27231
   3492.6   0.27240
   3493.8   0.27243
   3495.0   0.27238
   3496.1   0.27224
   3497.3   0.27210
   3498.5   0.27205
   3499.7   0.27206
   3500.9   0.27200
   3502.0   0.27200
   3503.2   0.27209
   3504.4   0.27224
   3505.6   0.27231
   3506.8   0.27229
   3508.0   0.27223
   3509.1   0.27215
   3510.3   0.27209
   3511.5   0.27209
   3512.7   0.27220
   3513.9   0.27223
   3515.1   0.27216
   3516.3   0.27201
   3517.5   0.27190
   3518.7   0.27176
   3519.9   0.27170
   3521.1   0.27168
   3522.3   0.27171
   3523.5   0.27169
   3524.7   0.27160
   3525.9   0.27151
   3527.1   0.27153
   3528.3   0.27162
   3529.5   0.27167
   3530.7   0.27173
   3531.9   0.27176
   3533.1   0.27178
   3534.3   0.27170
   3535.5   0.27157
   3536.7   0.27158
   3537.9   0.27167
   3539.1   0.27179
   3540.3   0.27188
   3541.5   0.27197
   3542.7   0.27194
   3543.9   0.27183
   3545.1   0.27167
   3546.4   0.27161
   3547.6   0.27161
   3548.8   0.27163
   3550.0   0.27165
   3551.2   0.27167
   3552.4   0.27170
   3553.6   0.27167
   3554.9   0.27163
   3556.1   0.27165
   3557.3   0.27175
   3558.5   0.27181
   3559.7   0.27182
   3561.0   0.27181
   3562.2   0.27171
   3563.4   0.27157
   3564.6   0.27143
   3565.9   0.27140
   3567.1   0.27138
   3568.3   0.27141
   3569.5   0.27149
   3570.8   0.27162
   3572.0   0.27173
   3573.2   0.27170
   3574.5   0.27161
   3575.7   0.27157
   3576.9   0.27158
   3578.2   0.27157
   3579.4   0.27161
   3580.6   0.27176
   3581.9   0.27177
   3583.1   0.27171
   3584.4   0.27165
   3585.6   0.27158
   3586.8   0.27156
   3588.1   0.27147
   3589.3   0.27141
   3590.6   0.27147
   3591.8   0.27154
   3593.0   0.27154
   3594.3   0.27158
   3595.5   0.27159
   3596.8   0.27157
   3598.0   0.27144
   3599.3   0.27126
   3600.5   0.27119
   3601.8   0.27117
   3603.0   0.27116
   3604.3   0.27118
   3605.5   0.27132
   3606.8   0.27145
   3608.1   0.27142
   3609.3   0.27139
   3610.6   0.27137
   3611.8   0.27136
   3613.1   0.27138
   3614.3   0.27140
   3615.6   0.27143
   3616.9   0.27144
   3618.1   0.27141
   3619.4   0.27143
   3620.6   0.27152
   3621.9   0.27156
   3623.2   0.27151
   3624.4   0.27144
   3625.7   0.27151
   3627.0   0.27157
   3628.2   0.27160
   3629.5   0.27152
   3630.8   0.27157
   3632.1   0.27162
   3633.3   0.27170
   3634.6   0.27169
   3635.9   0.27166
   3637.2   0.27157
   3638.4   0.27149
   3639.7   0.27137
   3641.0   0.27133
   3642.3   0.27129
   3643.5   0.27125
   3644.8   0.27125
   3646.1   0.27131
   3647.4   0.27136
   3648.7   0.27131
   3650.0   0.27123
   3651.2   0.27115
   3652.5   0.27105
   3653.8   0.27102
   3655.1   0.27106
   3656.4   0.27122
   3657.7   0.27138
   3659.0   0.27150
   3660.3   0.27155
   3661.6   0.27159
   3662.9   0.27156
   3664.1   0.27141
   3665.4   0.27128
   3666.7   0.27124
   3668.0   0.27133
   3669.3   0.27139
   3670.6   0.27143
   3671.9   0.27143
   3673.2   0.27140
   3674.5   0.27135
   3675.8   0.27130
   3677.1   0.27127
   3678.4   0.27130
   3679.8   0.27130
   3681.1   0.27133
   3682.4   0.27140
   3683.7   0.27143
   3685.0   0.27142
   3686.3   0.27137
   3687.6   0.27138
   3688.9   0.27137
   3690.2   0.27137
   3691.5   0.27131
   3692.9   0.27136
   3694.2   0.27142
   3695.5   0.27145
   3696.8   0.27142
   3698.1   0.27143
   3699.4   0.27139
   3700.8   0.27139
   3702.1   0.27143
   3703.4   0.27151
   3704.7   0.27155
   3706.1   0.27152
   3707.4   0.27148
   3708.7   0.27147
   3710.0   0.27146
   3711.4   0.27144
   3712.7   0.27144
   3714.0   0.27143
   3715.3   0.27143
   3716.7   0.27135
   3718.0   0.27132
   3719.3   0.27138
   3720.7   0.27144
   3722.0   0.27147
   3723.4   0.27146
   3724.7   0.27145
   3726.0   0.27138
   3727.4   0.27133
   3728.7   0.27129
   3730.0   0.27135
   3731.4   0.27138
   3732.7   0.27127
   3734.1   0.27112
   3735.4   0.27109
   3736.8   0.27107
   3738.1   0.27107
   3739.5   0.27107
   3740.8   0.27112
   3742.2   0.27120
   3743.5   0.27119
   3744.9   0.27121
   3746.2   0.27121
   3747.6   0.27124
   3748.9   0.27120
   3750.3   0.27119
   3751.6   0.27122
   3753.0   0.27125
   3754.4   0.27116
   3755.7   0.27108
   3757.1   0.27107
   3758.4   0.27109
   3759.8   0.27110
   3761.2   0.27109
   3762.5   0.27104
   3763.9   0.27098
   3765.3   0.27083
   3766.6   0.27075
   3768.0   0.27079
   3769.4   0.27089
   3770.7   0.27096
   3772.1   0.27094
   3773.5   0.27094
   3774.9   0.27090
   3776.2   0.27083
   3777.6   0.27074
   3779.0   0.27071
   3780.4   0.27065
   3781.7   0.27055
   3783.1   0.27050
   3784.5   0.27055
   3785.9   0.27068
   3787.3   0.27074
   3788.7   0.27077
   3790.0   0.27079
   3791.4   0.27070
   3792.8   0.27058
   3794.2   0.27047
   3795.6   0.27047
   3797.0   0.27062
   3798.4   0.27067
   3799.8   0.27063
   3801.1   0.27052
   3802.5   0.27042
   3803.9   0.27036
   3805.3   0.27038
   3806.7   0.27046
   3808.1   0.27048
   3809.5   0.27045
   3810.9   0.27044
   3812.3   0.27045
   3813.7   0.27043
   3815.1   0.27033
   3816.5   0.27023
   3817.9   0.27024
   3819.4   0.27027
   3820.8   0.27027
   3822.2   0.27026
   3823.6   0.27026
   3825.0   0.27027
   3826.4   0.27022
   3827.8   0.27020
   3829.2   0.27015
   3830.6   0.27019
   3832.1   0.27019
   3833.5   0.27014
   3834.9   0.27007
   3836.3   0.27005
   3837.7   0.26997
   3839.1   0.26990
   3840.6   0.26988
   3842.0   0.26992
   3843.4   0.26991
   3844.8   0.26992
   3846.3   0.26995
   3847.7   0.26999
   3849.1   0.26999
   3850.6   0.26994
   3852.0   0.26995
   3853.4   0.27003
   3854.8   0.27012
   3856.3   0.27010
   3857.7   0.27002
   3859.2   0.26991
   3860.6   0.26984
   3862.0   0.26978
   3863.5   0.26979
   3864.9   0.26978
   3866.3   0.26982
   3867.8   0.26985
   3869.2   0.26987
   3870.7   0.26989
   3872.1   0.26979
   3873.6   0.26974
   3875.0   0.26971
   3876.5   0.26972
   3877.9   0.26969
   3879.4   0.26971
   3880.8   0.26981
   3882.3   0.26985
   3883.7   0.26983
   3885.2   0.26974
   3886.6   0.26970
   3888.1   0.26969
   3889.5   0.26969
   3891.0   0.26968
   3892.5   0.26963
   3893.9   0.26965
   3895.4   0.26958
   3896.9   0.26951
   3898.3   0.26948
   3899.8   0.26945
   3901.3   0.26938
   3902.7   0.26938
   3904.2   0.26944
   3905.7   0.26953
   3907.1   0.26959
   3908.6   0.26964
   3910.1   0.26963
   3911.6   0.26950
   3913.0   0.26938
   3914.5   0.26935
   3916.0   0.26947
   3917.5   0.26959
   3918.9   0.26962
   3920.4   0.26959
   3921.9   0.26959
   3923.4   0.26956
   3924.9   0.26955
   3926.4   0.26956
   3927.9   0.26963
   3929.3   0.26960
   3930.8   0.26956
   3932.3   0.26948
   3933.8   0.26949
   3935.3   0.26956
   3936.8   0.26951
   3938.3   0.26946
   3939.8   0.26948
   3941.3   0.26955
   3942.8   0.26958
   3944.3   0.26961
   3945.8   0.26966
   3947.3   0.26967
   3948.8   0.26964
   3950.3   0.26956
   3951.8   0.26950
   3953.3   0.26947
   3954.8   0.26943
   3956.3   0.26941
   3957.8   0.26948
   3959.3   0.26957
   3960.9   0.26959
   3962.4   0.26954
   3963.9   0.26949
   3965.4   0.26947
   3966.9   0.26944
   3968.4   0.26935
   3970.0   0.26936
   3971.5   0.26940
   3973.0   0.26945
   3974.5   0.26945
   3976.0   0.26946
   3977.6   0.26943
   3979.1   0.26935
   3980.6   0.26921
   3982.2   0.26913
   3983.7   0.26916
   3985.2   0.26921
   3986.8   0.26914
   3988.3   0.26910
   3989.8   0.26902
   3991.4   0.26898
   3992.9   0.26897
   3994.4   0.26896
   3996.0   0.26896
   3997.5   0.26890
   3999.0   0.26886
   4000.6   0.26878
   4002.1   0.26871
   4003.7   0.26863
   4005.2   0.26865
   4006.8   0.26873
   4008.3   0.26883
   4009.9   0.26886
   4011.4   0.26887
   4013.0   0.26883
   4014.5   0.26874
   4016.1   0.26861
   4017.6   0.26853
   4019.2   0.26855
   4020.8   0.26854
   4022.3   0.26849
   4023.9   0.26843
   4025.4   0.26845
   4027.0   0.26840
   4028.6   0.26835
   4030.1   0.26828
   4031.7   0.26826
   4033.3   0.26822
   4034.8   0.26811
   4036.4   0.26804
   4038.0   0.26804
   4039.6   0.26812
   4041.1   0.26818
   4042.7   0.26820
   4044.3   0.26820
   4045.9   0.26814
   4047.4   0.26807
   4049.0   0.26802
   4050.6   0.26804
   4052.2   0.26810
   4053.8   0.26810
   4055.4   0.26800
   4056.9   0.26789
   4058.5   0.26777
   4060.1   0.26773
   4061.7   0.26769
   4063.3   0.26772
   4064.9   0.26774
   4066.5   0.26772
   4068.1   0.26776
   4069.7   0.26779
   4071.3   0.26783
   4072.9   0.26783
   4074.5   0.26780
   4076.1   0.26773
   4077.7   0.26767
   4079.3   0.26760
   4080.9   0.26759
   4082.5   0.26762
   4084.1   0.26764
   4085.7   0.26765
   4087.3   0.26766
   4088.9   0.26768
   4090.5   0.26771
   4092.2   0.26772
   4093.8   0.26769
   4095.4   0.26767
   4097.0   0.26766
   4098.6   0.26765
   4100.3   0.26771
   4101.9   0.26780
   4103.5   0.26783
   4105.1   0.26776
   4106.7   0.26767
   4108.4   0.26758
   4110.0   0.26757
   4111.6   0.26754
   4113.3   0.26754
   4114.9   0.26761
   4116.5   0.26768
   4118.2   0.26769
   4119.8   0.26766
   4121.4   0.26759
   4123.1   0.26748
   4124.7   0.26738
   4126.4   0.26732
   4128.0   0.26736
   4129.6   0.26736
   4131.3   0.26734
   4132.9   0.26731
   4134.6   0.26738
   4136.2   0.26744
   4137.9   0.26748
   4139.5   0.26749
   4141.2   0.26748
   4142.8   0.26739
   4144.5   0.26729
   4146.2   0.26724
   4147.8   0.26726
   4149.5   0.26725
   4151.1   0.26721
   4152.8   0.26720
   4154.5   0.26723
   4156.1   0.26725
   4157.8   0.26720
   4159.5   0.26713
   4161.1   0.26710
   4162.8   0.26712
   4164.5   0.26711
   4166.1   0.26707
   4167.8   0.26704
   4169.5   0.26696
   4171.2   0.26687
   4172.9   0.26682
   4174.5   0.26685
   4176.2   0.26686
   4177.9   0.26679
   4179.6   0.26671
   4181.3   0.26669
   4183.0   0.26666
   4184.6   0.26661
   4186.3   0.26655
   4188.0   0.26653
   4189.7   0.26655
   4191.4   0.26655
   4193.1   0.26653
   4194.8   0.26651
   4196.5   0.26639
   4198.2   0.26621
   4199.9   0.26602
   4201.6   0.26593
   4203.3   0.26588
   4205.0   0.26581
   4206.7   0.26579
   4208.4   0.26575
   4210.1   0.26564
   4211.8   0.26549
   4213.5   0.26533
   4215.3   0.26527
   4217.0   0.26521
   4218.7   0.26502
   4220.4   0.26470
   4222.1   0.26443
   4223.8   0.26424
   4225.6   0.26413
   4227.3   0.26404
   4229.0   0.26394
   4230.7   0.26376
   4232.5   0.26351
   4234.2   0.26328
   4235.9   0.26313
   4237.7   0.26300
   4239.4   0.26289
   4241.1   0.26287
   4242.9   0.26291
   4244.6   0.26293
   4246.3   0.26291
   4248.1   0.26294
   4249.8   0.26307
   4251.6   0.26324
   4253.3   0.26346
   4255.0   0.26367
   4256.8   0.26402
   4258.5   0.26432
   4260.3   0.26447
   4262.0   0.26447
   4263.8   0.26431
   4265.5   0.26409
   4267.3   0.26384
   4269.1   0.26358
   4270.8   0.26337
   4272.6   0.26318
   4274.3   0.26299
   4276.1   0.26286
   4277.9   0.26276
   4279.6   0.26269
   4281.4   0.26260
   4283.2   0.26256
   4284.9   0.26264
   4286.7   0.26267
   4288.5   0.26262
   4290.3   0.26252
   4292.0   0.26251
   4293.8   0.26248
   4295.6   0.26238
   4297.4   0.26229
   4299.1   0.26231
   4300.9   0.26238
   4302.7   0.26245
   4304.5   0.26245
   4306.3   0.26246
   4308.1   0.26245
   4309.9   0.26245
   4311.7   0.26250
   4313.5   0.26254
   4315.2   0.26257
   4317.0   0.26257
   4318.8   0.26255
   4320.6   0.26257
   4322.4   0.26258
   4324.2   0.26255
   4326.0   0.26253
   4327.9   0.26261
   4329.7   0.26273
   4331.5   0.26281
   4333.3   0.26284
   4335.1   0.26285
   4336.9   0.26286
   4338.7   0.26283
   4340.5   0.26279
   4342.4   0.26278
   4344.2   0.26270
   4346.0   0.26257
   4347.8   0.26244
   4349.6   0.26242
   4351.5   0.26242
   4353.3   0.26242
   4355.1   0.26238
   4356.9   0.26236
   4358.8   0.26237
   4360.6   0.26239
   4362.4   0.26231
   4364.3   0.26219
   4366.1   0.26207
   4368.0   0.26195
   4369.8   0.26186
   4371.6   0.26183
   4373.5   0.26182
   4375.3   0.26183
   4377.2   0.26183
   4379.0   0.26185
   4380.9   0.26188
   4382.7   0.26188
   4384.6   0.26185
   4386.4   0.26175
   4388.3   0.26162
   4390.2   0.26146
   4392.0   0.26135
   4393.9   0.26132
   4395.7   0.26134
   4397.6   0.26129
   4399.5   0.26124
   4401.3   0.26120
   4403.2   0.26116
   4405.1   0.26112
   4406.9   0.26105
   4408.8   0.26104
   4410.7   0.26100
   4412.6   0.26093
   4414.4   0.26084
   4416.3   0.26081
   4418.2   0.26077
   4420.1   0.26071
   4422.0   0.26066
   4423.9   0.26065
   4425.8   0.26062
   4427.6   0.26054
   4429.5   0.26046
   4431.4   0.26045
   4433.3   0.26043
   4435.2   0.26038
   4437.1   0.26035
   4439.0   0.26030
   4440.9   0.26024
   4442.8   0.26017
   4444.7   0.26014
   4446.6   0.26016
   4448.5   0.26016
   4450.4   0.26008
   4452.4   0.25993
   4454.3   0.25980
   4456.2   0.25968
   4458.1   0.25963
   4460.0   0.25965
   4461.9   0.25972
   4463.9   0.25973
   4465.8   0.25967
   4467.7   0.25959
   4469.6   0.25952
   4471.6   0.25947
   4473.5   0.25943
   4475.4   0.25943
   4477.3   0.25949
   4479.3   0.25950
   4481.2   0.25942
   4483.2   0.25930
   4485.1   0.25917
   4487.0   0.25907
   4489.0   0.25897
   4490.9   0.25889
   4492.9   0.25890
   4494.8   0.25891
   4496.8   0.25889
   4498.7   0.25884
   4500.7   0.25883
   4502.6   0.25878
   4504.6   0.25864
   4506.5   0.25845
   4508.5   0.25830
   4510.5   0.25822
   4512.4   0.25812
   4514.4   0.25799
   4516.3   0.25785
   4518.3   0.25775
   4520.3   0.25770
   4522.3   0.25769
   4524.2   0.25769
   4526.2   0.25766
   4528.2   0.25757
   4530.2   0.25745
   4532.1   0.25736
   4534.1   0.25730
   4536.1   0.25723
   4538.1   0.25718
   4540.1   0.25714
   4542.1   0.25706
   4544.1   0.25693
   4546.0   0.25682
   4548.0   0.25671
   4550.0   0.25664
   4552.0   0.25657
   4554.0   0.25652
   4556.0   0.25651
   4558.0   0.25643
   4560.0   0.25629
   4562.0   0.25615
   4564.1   0.25603
   4566.1   0.25594
   4568.1   0.25582
   4570.1   0.25566
   4572.1   0.25549
   4574.1   0.25532
   4576.1   0.25518
   4578.2   0.25507
   4580.2   0.25501
   4582.2   0.25495
   4584.2   0.25481
   4586.3   0.25465
   4588.3   0.25455
   4590.3   0.25448
   4592.4   0.25440
   4594.4   0.25430
   4596.4   0.25420
   4598.5   0.25400
   4600.5   0.25376
   4602.5   0.25354
   4604.6   0.25342
   4606.6   0.25341
   4608.7   0.25342
   4610.7   0.25343
   4612.8   0.25336
   4614.8   0.25310
   4616.9   0.25283
   4618.9   0.25259
   4621.0   0.25247
   4623.1   0.25235
   4625.1   0.25213
   4627.2   0.25190
   4629.3   0.25174
   4631.3   0.25159
   4633.4   0.25144
   4635.5   0.25134
   4637.5   0.25127
   4639.6   0.25110
   4641.7   0.25087
   4643.8   0.25071
   4645.8   0.25057
   4647.9   0.25042
   4650.0   0.25017
   4652.1   0.24992
   4654.2   0.24978
   4656.3   0.24966
   4658.4   0.24946
   4660.5   0.24921
   4662.6   0.24900
   4664.7   0.24882
   4666.8   0.24868
   4668.9   0.24860
   4671.0   0.24855
   4673.1   0.24842
   4675.2   0.24818
   4677.3   0.24794
   4679.4   0.24777
   4681.5   0.24761
   4683.6   0.24739
   4685.7   0.24713
   4687.9   0.24688
   4690.0   0.24664
   4692.1   0.24642
   4694.2   0.24623
   4696.3   0.24614
   4698.5   0.24604
   4700.6   0.24583
   4702.7   0.24556
   4704.9   0.24530
   4707.0   0.24510
   4709.1   0.24491
   4711.3   0.24464
   4713.4   0.24435
   4715.6   0.24409
   4717.7   0.24385
   4719.9   0.24368
   4722.0   0.24351
   4724.2   0.24331
   4726.3   0.24305
   4728.5   0.24278
   4730.6   0.24257
   4732.8   0.24240
   4734.9   0.24222
   4737.1   0.24200
   4739.3   0.24180
   4741.4   0.24154
   4743.6   0.24126
   4745.8   0.24102
   4748.0   0.24084
   4750.1   0.24067
   4752.3   0.24048
   4754.5   0.24029
   4756.7   0.24015
   4758.9   0.23999
   4761.0   0.23972
   4763.2   0.23944
   4765.4   0.23916
   4767.6   0.23898
   4769.8   0.23883
   4772.0   0.23864
   4774.2   0.23845
   4776.4   0.23825
   4778.6   0.23806
   4780.8   0.23794
   4783.0   0.23780
   4785.2   0.23763
   4787.4   0.23741
   4789.6   0.23719
   4791.8   0.23702
   4794.1   0.23687
   4796.3   0.23667
   4798.5   0.23648
   4800.7   0.23632
   4802.9   0.23622
   4805.2   0.23608
   4807.4   0.23590
   4809.6   0.23565
   4811.8   0.23538
   4814.1   0.23507
   4816.3   0.23484
   4818.6   0.23467
   4820.8   0.23456
   4823.0   0.23442
   4825.3   0.23427
   4827.5   0.23408
   4829.8   0.23393
   4832.0   0.23373
   4834.3   0.23350
   4836.5   0.23329
   4838.8   0.23310
   4841.1   0.23289
   4843.3   0.23270
   4845.6   0.23254
   4847.8   0.23236
   4850.1   0.23216
   4852.4   0.23197
   4854.7   0.23178
   4856.9   0.23157
   4859.2   0.23133
   4861.5   0.23115
   4863.8   0.23099
   4866.0   0.23080
   4868.3   0.23053
   4870.6   0.23026
   4872.9   0.23008
   4875.2   0.22992
   4877.5   0.22971
   4879.8   0.22946
   4882.1   0.22927
   4884.4   0.22909
   4886.7   0.22889
   4889.0   0.22862
   4891.3   0.22840
   4893.6   0.22823
   4895.9   0.22808
   4898.2   0.22797
   4900.5   0.22785
   4902.9   0.22771
   4905.2   0.22746
   4907.5   0.22722
   4909.8   0.22697
   4912.1   0.22676
   4914.5   0.22650
   4916.8   0.22620
   4919.1   0.22597
   4921.5   0.22579
   4923.8   0.22563
   4926.1   0.22549
   4928.5   0.22533
   4930.8   0.22513
   4933.2   0.22483
   4935.5   0.22451
   4937.9   0.22419
   4940.2   0.22394
   4942.6   0.22370
   4944.9   0.22347
   4947.3   0.22327
   4949.7   0.22304
   4952.0   0.22279
   4954.4   0.22254
   4956.8   0.22228
   4959.1   0.22205
   4961.5   0.22181
   4963.9   0.22157
   4966.3   0.22138
   4968.6   0.22116
   4971.0   0.22090
   4973.4   0.22070
   4975.8   0.22055
   4978.2   0.22042
   4980.6   0.22021
   4983.0   0.21996
   4985.4   0.21967
   4987.8   0.21935
   4990.2   0.21902
   4992.6   0.21872
   4995.0   0.21852
   4997.4   0.21835
   4999.8   0.21814
   5002.2   0.21791
   5004.6   0.21766
   5007.0   0.21737
   5009.4   0.21703
   5011.9   0.21666
   5014.3   0.21636
   5016.7   0.21612
   5019.1   0.21590
   5021.6   0.21570
   5024.0   0.21549
   5026.4   0.21526
   5028.9   0.21492
   5031.3   0.21459
   5033.8   0.21432
   5036.2   0.21410
   5038.6   0.21390
   5041.1   0.21368
   5043.5   0.21348
   5046.0   0.21324
   5048.5   0.21295
   5050.9   0.21264
   5053.4   0.21240
   5055.8   0.21222
   5058.3   0.21206
   5060.8   0.21187
   5063.3   0.21167
   5065.7   0.21147
   5068.2   0.21126
   5070.7   0.21102
   5073.2   0.21081
   5075.6   0.21065
   5078.1   0.21052
   5080.6   0.21039
   5083.1   0.21024
   5085.6   0.21006
   5088.1   0.20986
   5090.6   0.20969
   5093.1   0.20952
   5095.6   0.20939
   5098.1   0.20924
   5100.6   0.20909
   5103.1   0.20896
   5105.6   0.20880
   5108.1   0.20859
   5110.7   0.20838
   5113.2   0.20817
   5115.7   0.20796
   5118.2   0.20776
   5120.8   0.20759
   5123.3   0.20748
   5125.8   0.20739
   5128.4   0.20726
   5130.9   0.20709
   5133.4   0.20693
   5136.0   0.20674
   5138.5   0.20653
   5141.1   0.20632
   5143.6   0.20616
   5146.2   0.20603
   5148.7   0.20587
   5151.3   0.20572
   5153.8   0.20558
   5156.4   0.20539
   5159.0   0.20516
   5161.5   0.20491
   5164.1   0.20469
   5166.7   0.20456
   5169.3   0.20445
   5171.8   0.20430
   5174.4   0.20410
   5177.0   0.20387
   5179.6   0.20363
   5182.2   0.20340
   5184.8   0.20323
   5187.4   0.20305
   5190.0   0.20286
   5192.6   0.20269
   5195.2   0.20256
   5197.8   0.20247
   5200.4   0.20233
   5203.0   0.20217
   5205.6   0.20196
   5208.2   0.20180
   5210.8   0.20164
   5213.4   0.20150
   5216.1   0.20132
   5218.7   0.20110
   5221.3   0.20090
   5223.9   0.20077
   5226.6   0.20072
   5229.2   0.20066
   5231.9   0.20053
   5234.5   0.20038
   5237.1   0.20025
   5239.8   0.20008
   5242.4   0.19994
   5245.1   0.19984
   5247.7   0.19976
   5250.4   0.19969
   5253.1   0.19955
   5255.7   0.19933
   5258.4   0.19912
   5261.1   0.19895
   5263.7   0.19883
   5266.4   0.19878
   5269.1   0.19873
   5271.8   0.19867
   5274.4   0.19858
   5277.1   0.19851
   5279.8   0.19848
   5282.5   0.19845
   5285.2   0.19841
   5287.9   0.19838
   5290.6   0.19837
   5293.3   0.19830
   5296.0   0.19818
   5298.7   0.19811
   5301.4   0.19811
   5304.1   0.19812
   5306.8   0.19813
   5309.5   0.19811
   5312.3   0.19814
   5315.0   0.19818
   5317.7   0.19822
   5320.4   0.19827
   5323.2   0.19833
   5325.9   0.19839
   5328.6   0.19843
   5331.4   0.19850
   5334.1   0.19859
   5336.9   0.19865
   5339.6   0.19871
   5342.4   0.19879
   5345.1   0.19888
   5347.9   0.19896
   5350.6   0.19899
   5353.4   0.19903
   5356.2   0.19915
   5358.9   0.19928
   5361.7   0.19938
   5364.5   0.19943
   5367.3   0.19951
   5370.0   0.19959
   5372.8   0.19960
   5375.6   0.19960
   5378.4   0.19960
   5381.2   0.19967
   5384.0   0.19980
   5386.8   0.19993
   5389.6   0.20005
   5392.4   0.20010
   5395.2   0.20012
   5398.0   0.20017
   5400.8   0.20024
   5403.6   0.20029
   5406.4   0.20036
   5409.3   0.20043
   5412.1   0.20057
   5414.9   0.20068
   5417.7   0.20078
   5420.6   0.20079
   5423.4   0.20082
   5426.2   0.20075
   5429.1   0.20072
   5431.9   0.20072
   5434.8   0.20078
   5437.6   0.20084
   5440.5   0.20084
   5443.3   0.20084
   5446.2   0.20087
   5449.0   0.20097
   5451.9   0.20106
   5454.8   0.20117
   5457.7   0.20126
   5460.5   0.20135
   5463.4   0.20134
   5466.3   0.20124
   5469.2   0.20111
   5472.1   0.20103
   5474.9   0.20105
   5477.8   0.20112
   5480.7   0.20119
   5483.6   0.20121
   5486.5   0.20119
   5489.4   0.20121
   5492.3   0.20128
   5495.2   0.20132
   5498.2   0.20127
   5501.1   0.20119
   5504.0   0.20111
   5506.9   0.20106
   5509.8   0.20100
   5512.8   0.20097
   5515.7   0.20100
   5518.6   0.20103
   5521.6   0.20104
   5524.5   0.20100
   5527.5   0.20098
   5530.4   0.20090
   5533.4   0.20079
   5536.3   0.20070
   5539.3   0.20065
   5542.2   0.20060
   5545.2   0.20052
   5548.2   0.20048
   5551.1   0.20048
   5554.1   0.20043
   5557.1   0.20029
   5560.1   0.20009
   5563.1   0.19990
   5566.0   0.19969
   5569.0   0.19951
   5572.0   0.19939
   5575.0   0.19939
   5578.0   0.19933
   5581.0   0.19911
   5584.0   0.19874
   5587.0   0.19839
   5590.0   0.19819
   5593.1   0.19807
   5596.1   0.19800
   5599.1   0.19787
   5602.1   0.19767
   5605.2   0.19740
   5608.2   0.19713
   5611.2   0.19694
   5614.3   0.19680
   5617.3   0.19660
   5620.3   0.19631
   5623.4   0.19600
   5626.4   0.19573
   5629.5   0.19550
   5632.6   0.19535
   5635.6   0.19528
   5638.7   0.19519
   5641.7   0.19494
   5644.8   0.19453
   5647.9   0.19415
   5651.0   0.19391
   5654.1   0.19379
   5657.1   0.19360
   5660.2   0.19328
   5663.3   0.19295
   5666.4   0.19275
   5669.5   0.19265
   5672.6   0.19264
   5675.7   0.19254
   5678.8   0.19234
   5681.9   0.19210
   5685.1   0.19189
   5688.2   0.19171
   5691.3   0.19155
   5694.4   0.19142
   5697.5   0.19131
   5700.7   0.19126
   5703.8   0.19131
   5707.0   0.19139
   5710.1   0.19140
   5713.2   0.19123
   5716.4   0.19103
   5719.5   0.19087
   5722.7   0.19081
   5725.9   0.19081
   5729.0   0.19080
   5732.2   0.19081
   5735.4   0.19084
   5738.5   0.19083
   5741.7   0.19074
   5744.9   0.19064
   5748.1   0.19051
   5751.3   0.19035
   5754.5   0.19018
   5757.7   0.19018
   5760.9   0.19042
   5764.1   0.19069
   5767.3   0.19069
   5770.5   0.19033
   5773.7   0.18989
   5776.9   0.18959
   5780.1   0.18948
   5783.3   0.18941
   5786.6   0.18930
   5789.8   0.18910
   5793.0   0.18887
   5796.3   0.18867
   5799.5   0.18849
   5802.8   0.18825
   5806.0   0.18797
   5809.3   0.18771
   5812.5   0.18758
   5815.8   0.18751
   5819.0   0.18740
   5822.3   0.18710
   5825.6   0.18658
   5828.9   0.18596
   5832.1   0.18546
   5835.4   0.18513
   5838.7   0.18489
   5842.0   0.18461
   5845.3   0.18429
   5848.6   0.18405
   5851.9   0.18389
   5855.2   0.18369
   5858.5   0.18344
   5861.8   0.18316
   5865.1   0.18281
   5868.4   0.18237
   5871.8   0.18195
   5875.1   0.18179
   5878.4   0.18180
   5881.8   0.18158
   5885.1   0.18096
   5888.4   0.18031
   5891.8   0.18005
   5895.1   0.18005
   5898.5   0.17982
   5901.8   0.17920
   5905.2   0.17850
   5908.6   0.17803
   5911.9   0.17780
   5915.3   0.17760
   5918.7   0.17731
   5922.1   0.17695
   5925.4   0.17658
   5928.8   0.17634
   5932.2   0.17628
   5935.6   0.17617
   5939.0   0.17571
   5942.4   0.17494
   5945.8   0.17429
   5949.2   0.17393
   5952.7   0.17372
   5956.1   0.17346
   5959.5   0.17315
   5962.9   0.17294
   5966.4   0.17279
   5969.8   0.17246
   5973.2   0.17197
   5976.7   0.17153
   5980.1   0.17130
   5983.6   0.17118
   5987.0   0.17103
   5990.5   0.17071
   5994.0   0.17031
   5997.4   0.16992
   6000.9   0.16962
   6004.4   0.16941
   6007.8   0.16928
   6011.3   0.16914
   6014.8   0.16892
   6018.3   0.16861
   6021.8   0.16826
   6025.3   0.16795
   6028.8   0.16773
   6032.3   0.16748
   6035.8   0.16721
   6039.3   0.16705
   6042.9   0.16708
   6046.4   0.16719
   6049.9   0.16702
   6053.4   0.16640
   6057.0   0.16565
   6060.5   0.16523
   6064.1   0.16520
   6067.6   0.16529
   6071.2   0.16531
   6074.7   0.16516
   6078.3   0.16487
   6081.8   0.16454
   6085.4   0.16428
   6089.0   0.16414
   6092.6   0.16410
   6096.1   0.16407
   6099.7   0.16397
   6103.3   0.16386
   6106.9   0.16379
   6110.5   0.16371
   6114.1   0.16348
   6117.7   0.16312
   6121.3   0.16273
   6124.9   0.16249
   6128.6   0.16244
   6132.2   0.16242
   6135.8   0.16239
   6139.5   0.16227
   6143.1   0.16211
   6146.7   0.16190
   6150.4   0.16174
   6154.0   0.16167
   6157.7   0.16164
   6161.3   0.16150
   6165.0   0.16119
   6168.7   0.16081
   6172.3   0.16057
   6176.0   0.16051
   6179.7   0.16052
   6183.4   0.16047
   6187.1   0.16024
   6190.8   0.15987
   6194.5   0.15956
   6198.2   0.15937
   6201.9   0.15930
   6205.6   0.15927
   6209.3   0.15919
   6213.0   0.15904
   6216.7   0.15890
   6220.5   0.15879
   6224.2   0.15867
   6227.9   0.15859
   6231.7   0.15853
   6235.4   0.15847
   6239.2   0.15840
   6242.9   0.15826
   6246.7   0.15813
   6250.5   0.15803
   6254.2   0.15799
   6258.0   0.15802
   6261.8   0.15810
   6265.6   0.15814
   6269.4   0.15814
   6273.2   0.15810
   6277.0   0.15805
   6280.8   0.15801
   6284.6   0.15799
   6288.4   0.15798
   6292.2   0.15795
   6296.0   0.15796
   6299.8   0.15803
   6303.7   0.15814
   6307.5   0.15825
   6311.3   0.15829
   6315.2   0.15827
   6319.0   0.15831
   6322.9   0.15837
   6326.7   0.15845
   6330.6   0.15852
   6334.5   0.15868
   6338.3   0.15893
   6342.2   0.15916
   6346.1   0.15923
   6350.0   0.15909
   6353.9   0.15895
   6357.8   0.15896
   6361.7   0.15914
   6365.6   0.15936
   6369.5   0.15953
   6373.4   0.15959
   6377.3   0.15957
   6381.3   0.15961
   6385.2   0.15971
   6389.1   0.15982
   6393.1   0.15989
   6397.0   0.15992
   6400.9   0.16008
   6404.9   0.16038
   6408.9   0.16072
   6412.8   0.16084
   6416.8   0.16060
   6420.8   0.16019
   6424.7   0.15996
   6428.7   0.16006
   6432.7   0.16028
   6436.7   0.16045
   6440.7   0.16044
   6444.7   0.16039
   6448.7   0.16040
   6452.7   0.16041
   6456.7   0.16037
   6460.8   0.16033
   6464.8   0.16038
   6468.8   0.16049
   6472.9   0.16058
   6476.9   0.16063
   6481.0   0.16068
   6485.0   0.16078
   6489.1   0.16085
   6493.1   0.16079
   6497.2   0.16051
   6501.3   0.16014
   6505.4   0.15984
   6509.4   0.15977
   6513.5   0.15993
   6517.6   0.16017
   6521.7   0.16028
   6525.8   0.16022
   6529.9   0.16009
   6534.0   0.16004
   6538.2   0.16005
   6542.3   0.16003
   6546.4   0.16004
   6550.6   0.16004
   6554.7   0.16007
   6558.8   0.16007
   6563.0   0.16014
   6567.2   0.16026
   6571.3   0.16032
   6575.5   0.16016
   6579.7   0.15983
   6583.8   0.15955
   6588.0   0.15950
   6592.2   0.15962
   6596.4   0.15967
   6600.6   0.15959
   6604.8   0.15947
   6609.0   0.15948
   6613.2   0.15963
   6617.4   0.15981
   6621.7   0.15996
   6625.9   0.16012
   6630.1   0.16029
   6634.4   0.16039
   6638.6   0.16033
   6642.9   0.16003
   6647.1   0.15969
   6651.4   0.15952
   6655.7   0.15959
   6659.9   0.15976
   6664.2   0.15994
   6668.5   0.16006
   6672.8   0.16016
   6677.1   0.16028
   6681.4   0.16037
   6685.7   0.16034
   6690.0   0.16023
   6694.3   0.16017
   6698.7   0.16025
   6703.0   0.16044
   6707.3   0.16062
   6711.7   0.16072
   6716.0   0.16077
   6720.4   0.16078
   6724.7   0.16075
   6729.1   0.16067
   6733.5   0.16059
   6737.8   0.16056
   6742.2   0.16059
   6746.6   0.16066
   6751.0   0.16072
   6755.4   0.16073
   6759.8   0.16068
   6764.2   0.16062
   6768.6   0.16058
   6773.0   0.16053
   6777.5   0.16047
   6781.9   0.16045
   6786.3   0.16043
   6790.8   0.16035
   6795.2   0.16012
   6799.7   0.15986
   6804.2   0.15961
   6808.6   0.15945
   6813.1   0.15933
   6817.6   0.15926
   6822.1   0.15916
   6826.6   0.15901
   6831.1   0.15878
   6835.6   0.15850
   6840.1   0.15826
   6844.6   0.15812
   6849.1   0.15805
   6853.6   0.15802
   6858.2   0.15801
   6862.7   0.15787
   6867.2   0.15747
   6871.8   0.15693
   6876.4   0.15651
   6880.9   0.15635
   6885.5   0.15631
   6890.1   0.15619
   6894.6   0.15594
   6899.2   0.15568
   6903.8   0.15548
   6908.4   0.15532
   6913.0   0.15514
   6917.6   0.15499
   6922.3   0.15488
   6926.9   0.15475
   6931.5   0.15456
   6936.1   0.15433
   6940.8   0.15408
   6945.4   0.15384
   6950.1   0.15362
   6954.8   0.15343
   6959.4   0.15322
   6964.1   0.15291
   6968.8   0.15251
   6973.5   0.15217
   6978.2   0.15198
   6982.9   0.15182
   6987.6   0.15159
   6992.3   0.15127
   6997.0   0.15097
   7001.7   0.15070
   7006.4   0.15044
   7011.2   0.15022
   7015.9   0.15003
   7020.7   0.14984
   7025.4   0.14958
   7030.2   0.14924
   7035.0   0.14892
   7039.7   0.14869
   7044.5   0.14847
   7049.3   0.14820
   7054.1   0.14785
   7058.9   0.14752
   7063.7   0.14724
   7068.5   0.14703
   7073.4   0.14681
   7078.2   0.14658
   7083.0   0.14632
   7087.9   0.14610
   7092.7   0.14587
   7097.6   0.14564
   7102.4   0.14539
   7107.3   0.14513
   7112.2   0.14492
   7117.0   0.14476
   7121.9   0.14465
   7126.8   0.14447
   7131.7   0.14423
   7136.6   0.14399
   7141.6   0.14374
   7146.5   0.14345
   7151.4   0.14311
   7156.3   0.14279
   7161.3   0.14253
   7166.2   0.14234
   7171.2   0.14211
   7176.1   0.14183
   7181.1   0.14154
   7186.1   0.14127
   7191.1   0.14105
   7196.1   0.14081
   7201.1   0.14058
   7206.1   0.14033
   7211.1   0.14007
   7216.1   0.13986
   7221.1   0.13968
   7226.2   0.13955
   7231.2   0.13935
   7236.2   0.13902
   7241.3   0.13855
   7246.4   0.13809
   7251.4   0.13771
   7256.5   0.13741
   7261.6   0.13710
   7266.7   0.13678
   7271.8   0.13644
   7276.9   0.13615
   7282.0   0.13589
   7287.1   0.13563
   7292.2   0.13536
   7297.4   0.13505
   7302.5   0.13471
   7307.6   0.13437
   7312.8   0.13405
   7318.0   0.13372
   7323.1   0.13340
   7328.3   0.13307
   7333.5   0.13274
   7338.7   0.13240
   7343.9   0.13207
   7349.1   0.13176
   7354.3   0.13145
   7359.5   0.13110
   7364.7   0.13075
   7370.0   0.13041
   7375.2   0.13009
   7380.5   0.12978
   7385.7   0.12944
   7391.0   0.12909
   7396.2   0.12873
   7401.5   0.12834
   7406.8   0.12788
   7412.1   0.12736
   7417.4   0.12684
   7422.7   0.12636
   7428.0   0.12593
   7433.4   0.12552
   7438.7   0.12518
   7444.0   0.12486
   7449.4   0.12451
   7454.7   0.12409
   7460.1   0.12365
   7465.5   0.12324
   7470.8   0.12285
   7476.2   0.12247
   7481.6   0.12203
   7487.0   0.12154
   7492.4   0.12099
   7497.9   0.12048
   7503.3   0.12003
   7508.7   0.11959
   7514.2   0.11919
   7519.6   0.11875
   7525.1   0.11834
   7530.5   0.11792
   7536.0   0.11748
   7541.5   0.11704
   7547.0   0.11660
   7552.5   0.11619
   7558.0   0.11575
   7563.5   0.11533
   7569.0   0.11488
   7574.5   0.11442
   7580.1   0.11399
   7585.6   0.11356
   7591.2   0.11317
   7596.7   0.11276
   7602.3   0.11230
   7607.9   0.11181
   7613.5   0.11135
   7619.1   0.11096
   7624.7   0.11062
   7630.3   0.11029
   7635.9   0.10993
   7641.5   0.10952
   7647.2   0.10908
   7652.8   0.10858
   7658.4   0.10804
   7664.1   0.10754
   7669.8   0.10712
   7675.5   0.10677
   7681.1   0.10643
   7686.8   0.10601
   7692.5   0.10552
   7698.2   0.10500
   7704.0   0.10453
   7709.7   0.10409
   7715.4   0.10369
   7721.2   0.10329
   7726.9   0.10288
   7732.7   0.10242
   7738.5   0.10193
   7744.2   0.10143
   7750.0   0.10096
   7755.8   0.10049
   7761.6   0.09999
   7767.4   0.09948
   7773.3   0.09898
   7779.1   0.09847
   7784.9   0.09794
   7790.8   0.09740
   7796.6   0.09688
   7802.5   0.09640
   7808.4   0.09590
   7814.3   0.09534
   7820.2   0.09475
   7826.1   0.09420
   7832.0   0.09373
   7837.9   0.09328
   7843.8   0.09280
   7849.8   0.09225
   7855.7   0.09167
   7861.7   0.09108
   7867.6   0.09052
   7873.6   0.08997
   7879.6   0.08943
   7885.6   0.08887
   7891.6   0.08832
   7897.6   0.08776
   7903.6   0.08720
   7909.6   0.08663
   7915.7   0.08604
   7921.7   0.08543
   7927.8   0.08478
   7933.8   0.08406
   7939.9   0.08333
   7946.0   0.08264
   7952.1   0.08206
   7958.2   0.08154
   7964.3   0.08101
   7970.4   0.08041
   7976.6   0.07978
   7982.7   0.07913
   7988.9   0.07845
   7995.0   0.07780
   8001.2   0.07719
   8007.4   0.07661
   8013.6   0.07603
   8019.7   0.07542
   8026.0   0.07476
   8032.2   0.07411
   8038.4   0.07347
   8044.6   0.07284
   8050.9   0.07218
   8057.1   0.07151
   8063.4   0.07084
   8069.7   0.07018
   8076.0   0.06953
   8082.3   0.06893
   8088.6   0.06838
   8094.9   0.06783
   8101.2   0.06726
   8107.5   0.06661
   8113.9   0.06588
   8120.2   0.06519
   8126.6   0.06460
   8133.0   0.06409
   8139.4   0.06358
   8145.7   0.06298
   8152.2   0.06234
   8158.6   0.06172
   8165.0   0.06114
   8171.4   0.06051
   8177.9   0.05989
   8184.3   0.05931
   8190.8   0.05884
   8197.3   0.05839
   8203.7   0.05787
   8210.2   0.05727
   8216.7   0.05662
   8223.3   0.05598
   8229.8   0.05533
   8236.3   0.05467
   8242.9   0.05402
   8249.4   0.05338
   8256.0   0.05279
   8262.6   0.05225
   8269.2   0.05169
   8275.8   0.05107
   8282.4   0.05041
   8289.0   0.04974
   8295.6   0.04907
   8302.3   0.04843
   8308.9   0.04781
   8315.6   0.04721
   8322.3   0.04664
   8328.9   0.04605
   8335.6   0.04547
   8342.3   0.04492
   8349.1   0.04439
   8355.8   0.04385
   8362.5   0.04328
   8369.3   0.04271
   8376.0   0.04217
   8382.8   0.04167
   8389.6   0.04120
   8396.4   0.04073
   8403.2   0.04027
   8410.0   0.03986
   8416.8   0.03952
   8423.7   0.03925
   8430.5   0.03897
   8437.4   0.03866
   8444.2   0.03833
   8451.1   0.03799
   8458.0   0.03763
   8464.9   0.03725
   8471.8   0.03689
   8478.8   0.03661
   8485.7   0.03635
   8492.7   0.03604
   8499.6   0.03568
   8506.6   0.03531
   8513.6   0.03496
   8520.6   0.03464
   8527.6   0.03437
   8534.6   0.03410
   8541.6   0.03385
   8548.7   0.03359
   8555.7   0.03331
   8562.8   0.03307
   8569.9   0.03290
   8577.0   0.03276
   8584.1   0.03262
   8591.2   0.03248
   8598.3   0.03233
   8605.4   0.03222
   8612.6   0.03215
   8619.7   0.03209
   8626.9   0.03201
   8634.1   0.03192
   8641.3   0.03185
   8648.5   0.03184
   8655.7   0.03186
   8662.9   0.03190
   8670.2   0.03195
   8677.4   0.03203
   8684.7   0.03213
   8692.0   0.03218
   8699.3   0.03216
   8706.6   0.03215
   8713.9   0.03224
   8721.2   0.03243
   8728.6   0.03262
   8735.9   0.03277
   8743.3   0.03290
   8750.7   0.03303
   8758.1   0.03316
   8765.5   0.03335
   8772.9   0.03360
   8780.3   0.03392
   8787.7   0.03425
   8795.2   0.03458
   8802.7   0.03485
   8810.1   0.03509
   8817.6   0.03532
   8825.1   0.03554
   8832.7   0.03579
   8840.2   0.03606
   8847.7   0.03631
   8855.3   0.03650
   8862.9   0.03668
   8870.4   0.03686
   8878.0   0.03701
   8885.6   0.03711
   8893.3   0.03723
   8900.9   0.03742
   8908.5   0.03769
   8916.2   0.03800
   8923.9   0.03829
   8931.6   0.03855
   8939.3   0.03878
   8947.0   0.03898
   8954.7   0.03912
   8962.4   0.03925
   8970.2   0.03939
   8978.0   0.03952
   8985.7   0.03961
   8993.5   0.03967
   9001.3   0.03976
   9009.2   0.03991
   9017.0   0.04005
   9024.8   0.04013
   9032.7   0.04012
   9040.6   0.04016
   9048.5   0.04029
   9056.4   0.04047
   9064.3   0.04056
   9072.2   0.04049
   9080.2   0.04028
   9088.1   0.04002
   9096.1   0.03983
   9104.1   0.03974
   9112.1   0.03973
   9120.1   0.03972
   9128.1   0.03963
   9136.2   0.03952
   9144.2   0.03939
   9152.3   0.03926
   9160.4   0.03909
   9168.5   0.03888
   9176.6   0.03867
   9184.7   0.03846
   9192.9   0.03828
   9201.0   0.03812
   9209.2   0.03796
   9217.4   0.03774
   9225.6   0.03748
   9233.8   0.03725
   9242.0   0.03713
   9250.3   0.03707
   9258.5   0.03702
   9266.8   0.03690
   9275.1   0.03667
   9283.4   0.03644
   9291.7   0.03629
   9300.0   0.03626
   9308.4   0.03624
   9316.7   0.03613
   9325.1   0.03594
   9333.5   0.03577
   9341.9   0.03573
   9350.3   0.03573
   9358.8   0.03573
   9367.2   0.03571
   9375.7   0.03574
   9384.2   0.03575
   9392.7   0.03567
   9401.2   0.03545
   9409.7   0.03517
   9418.3   0.03492
   9426.9   0.03472
   9435.4   0.03461
   9444.0   0.03457
   9452.6   0.03458
   9461.3   0.03466
   9469.9   0.03478
   9478.6   0.03488
   9487.2   0.03493
   9495.9   0.03489
   9504.6   0.03484
   9513.3   0.03486
   9522.1   0.03497
   9530.8   0.03508
   9539.6   0.03517
   9548.4   0.03518
   9557.2   0.03517
   9566.0   0.03520
   9574.8   0.03529
   9583.7   0.03536
   9592.5   0.03535
   9601.4   0.03521
   9610.3   0.03499
   9619.2   0.03478
   9628.2   0.03465
   9637.1   0.03467
   9646.1   0.03483
   9655.1   0.03506
   9664.1   0.03520
   9673.1   0.03525
   9682.1   0.03522
   9691.2   0.03521
   9700.2   0.03520
   9709.3   0.03518
   9718.4   0.03518
   9727.5   0.03529
   9736.7   0.03540
   9745.8   0.03540
   9755.0   0.03533
   9764.2   0.03525
   9773.4   0.03522
   9782.6   0.03522
   9791.8   0.03525
   9801.1   0.03532
   9810.3   0.03536
   9819.6   0.03535
   9828.9   0.03528
   9838.3   0.03521
   9847.6   0.03516
   9857.0   0.03507
   9866.4   0.03497
   9875.7   0.03489
   9885.2   0.03486
   9894.6   0.03483
   9904.0   0.03475
   9913.5   0.03467
   9923.0   0.03461
   9932.5   0.03458
   9942.0   0.03456
   9951.6   0.03452
   9961.1   0.03450
   9970.7   0.03454
   9980.3   0.03459
   9989.9   0.03463
   9999.6   0.03465
  10009.2   0.03459
  10018.9   0.03449
  10028.6   0.03434
  10038.3   0.03417
  10048.0   0.03396
  10057.7   0.03381
  10067.5   0.03373
  10077.3   0.03368
  10087.1   0.03364
  10096.9   0.03362
  10106.8   0.03359
  10116.6   0.03353
  10126.5   0.03337
  10136.4   0.03315
  10146.3   0.03296
  10156.3   0.03283
  10166.2   0.03282
  10176.2   0.03292
  10186.2   0.03308
  10196.2   0.03320
  10206.2   0.03318
  10216.3   0.03306
  10226.4   0.03291
  10236.5   0.03278
  10246.6   0.03271
  10256.7   0.03272
  10266.9   0.03283
  10277.0   0.03296
  10287.2   0.03307
  10297.5   0.03315
  10307.7   0.03326
  10317.9   0.03343
  10328.2   0.03362
  10338.5   0.03383
  10348.8   0.03405
  10359.2   0.03426
  10369.5   0.03444
  10379.9   0.03456
  10390.3   0.03460
  10400.7   0.03459
  10411.2   0.03454
  10421.6   0.03452
  10432.1   0.03460
  10442.6   0.03475
  10453.2   0.03494
  10463.7   0.03508
  10474.3   0.03514
  10484.9   0.03508
  10495.5   0.03499
  10506.1   0.03497
  10516.8   0.03500
  10527.4   0.03500
  10538.1   0.03496
  10548.9   0.03493
  10559.6   0.03496
  10570.4   0.03505
  10581.2   0.03517
  10592.0   0.03531
  10602.8   0.03546
  10613.7   0.03560
  10624.5   0.03572
  10635.4   0.03589
  10646.3   0.03617
  10657.3   0.03650
  10668.2   0.03683
  10679.2   0.03707
  10690.2   0.03722
  10701.3   0.03728
  10712.3   0.03731
  10723.4   0.03738
  10734.5   0.03753
  10745.6   0.03766
  10756.8   0.03768
  10768.0   0.03770
  10779.1   0.03779
  10790.4   0.03789
  10801.6   0.03795
  10812.9   0.03795
  10824.2   0.03793
  10835.5   0.03791
  10846.8   0.03785
  10858.2   0.03774
  10869.5   0.03761
  10880.9   0.03748
  10892.4   0.03737
  10903.8   0.03733
  10915.3   0.03740
  10926.8   0.03749
  10938.3   0.03753
  10949.9   0.03754
  10961.5   0.03755
  10973.1   0.03757
  10984.7   0.03757
  10996.3   0.03762
  11008.0   0.03773
  11019.7   0.03781
  11031.4   0.03781
  11043.2   0.03773
  11054.9   0.03767
  11066.7   0.03766
  11078.6   0.03770
  11090.4   0.03787
  11102.3   0.03816
  11114.2   0.03847
  11126.1   0.03865
  11138.1   0.03874
  11150.0   0.03877
  11162.0   0.03878
  11174.1   0.03875
  11186.1   0.03878
  11198.2   0.03889
  11210.3   0.03904
  11222.4   0.03918
  11234.6   0.03931
  11246.8   0.03947
  11259.0   0.03963
  11271.2   0.03977
  11283.5   0.03995
  11295.8   0.04019
  11308.1   0.04040
  11320.5   0.04047
  11332.8   0.04049
  11345.2   0.04054
  11357.7   0.04067
  11370.1   0.04074
  11382.6   0.04074
  11395.1   0.04080
  11407.6   0.04091
  11420.2   0.04101
  11432.8   0.04104
  11445.4   0.04101
  11458.1   0.04095
  11470.7   0.04093
  11483.4   0.04099
  11496.2   0.04112
  11508.9   0.04120
  11521.7   0.04109
  11534.5   0.04097
  11547.4   0.04095
  11560.2   0.04098
  11573.1   0.04096
  11586.1   0.04091
  11599.0   0.04088
  11612.0   0.04090
  11625.0   0.04095
  11638.1   0.04103
  11651.2   0.04115
  11664.3   0.04124
  11677.4   0.04125
  11690.6   0.04125
  11703.8   0.04135
  11717.0   0.04149
  11730.2   0.04164
  11743.5   0.04180
  11756.8   0.04200
  11770.2   0.04219
  11783.6   0.04226
  11797.0   0.04232
  11810.4   0.04247
  11823.9   0.04267
  11837.4   0.04281
  11850.9   0.04294
  11864.5   0.04312
  11878.0   0.04332
  11891.7   0.04346
  11905.3   0.04357
  11919.0   0.04373
  11932.7   0.04395
  11946.5   0.04416
  11960.2   0.04434
  11974.1   0.04452
  11987.9   0.04466
  12001.8   0.04477
  12015.7   0.04497
  12029.6   0.04537
  12043.6   0.04591
  12057.6   0.04642
  12071.6   0.04687
  12085.7   0.04735
  12099.8   0.04787
  12113.9   0.04842
  12128.1   0.04896
  12142.3   0.04949
  12156.5   0.04999
  12170.8   0.05042
  12185.1   0.05089
  12199.5   0.05143
  12213.8   0.05197
  12228.2   0.05237
  12242.7   0.05271
  12257.1   0.05308
  12271.6   0.05348
  12286.2   0.05380
  12300.8   0.05403
  12315.4   0.05425
  12330.0   0.05441
  12344.7   0.05449
  12359.4   0.05462
  12374.1   0.05492
  12388.9   0.05532
  12403.8   0.05562
  12418.6   0.05575
  12433.5   0.05581
  12448.4   0.05575
  12463.4   0.05555
  12478.4   0.05525
  12493.4   0.05511
  12508.5   0.05512
  12523.6   0.05514
  12538.7   0.05504
  12553.9   0.05483
  12569.1   0.05459
  12584.4   0.05440
  12599.7   0.05434
  12615.0   0.05441
  12630.4   0.05449
  12645.8   0.05448
  12661.2   0.05437
  12676.7   0.05421
  12692.2   0.05396
  12707.8   0.05367
  12723.4   0.05345
  12739.0   0.05328
  12754.7   0.05307
  12770.4   0.05269
  12786.1   0.05221
  12801.9   0.05178
  12817.7   0.05139
  12833.6   0.05099
  12849.5   0.05060
  12865.4   0.05034
  12881.4   0.05017
  12897.4   0.05002
  12913.5   0.04988
  12929.6   0.04973
  12945.7   0.04943
  12961.9   0.04893
  12978.1   0.04844
  12994.4   0.04813
  13010.7   0.04794
  13027.1   0.04772
  13043.4   0.04745
  13059.9   0.04722
  13076.3   0.04703
  13092.8   0.04678
  13109.4   0.04650
  13126.0   0.04625
  13142.6   0.04598
  13159.3   0.04570
  13176.0   0.04544
  13192.8   0.04525
  13209.6   0.04510
  13226.4   0.04484
  13243.3   0.04456
  13260.3   0.04435
  13277.3   0.04418
  13294.3   0.04401
  13311.3   0.04382
  13328.5   0.04366
  13345.6   0.04353
  13362.8   0.04340
  13380.0   0.04333
  13397.3   0.04330
  13414.7   0.04316
  13432.0   0.04284
  13449.5   0.04245
  13466.9   0.04211
  13484.4   0.04172
  13502.0   0.04122
  13519.6   0.04077
  13537.3   0.04048
  13554.9   0.04021
  13572.7   0.03979
  13590.5   0.03928
  13608.3   0.03882
  13626.2   0.03835
  13644.1   0.03785
  13662.1   0.03752
  13680.1   0.03743
  13698.2   0.03742
  13716.3   0.03736
  13734.5   0.03729
  13752.7   0.03731
  13771.0   0.03735
  13789.3   0.03733
  13807.6   0.03737
  13826.0   0.03763
  13844.5   0.03802
  13863.0   0.03834
  13881.6   0.03859
  13900.2   0.03881
  13918.8   0.03896
  13937.5   0.03899
  13956.3   0.03904
  13975.1   0.03919
  13994.0   0.03932
  14012.9   0.03930
  14031.8   0.03927
  14050.9   0.03943
  14069.9   0.03967
  14089.0   0.03977
  14108.2   0.03974
  14127.4   0.03969
  14146.7   0.03954
  14166.0   0.03910
  14185.4   0.03850
  14204.8   0.03804
  14224.3   0.03784
  14243.9   0.03775
  14263.5   0.03772
  14283.1   0.03770
  14302.8   0.03762
  14322.6   0.03727
  14342.4   0.03682
  14362.2   0.03634
  14382.2   0.03587
  14402.1   0.03532
  14422.2   0.03484
  14442.3   0.03456
  14462.4   0.03437
  14482.6   0.03403
  14502.8   0.03365
  14523.2   0.03337
  14543.5   0.03314
  14564.0   0.03279
  14584.4   0.03230
  14605.0   0.03177
  14625.6   0.03123
  14646.2   0.03068
  14667.0   0.03029
  14687.7   0.03010
  14708.6   0.02997
  14729.5   0.02975
  14750.4   0.02944
  14771.4   0.02912
  14792.5   0.02871
  14813.6   0.02824
  14834.8   0.02790
  14856.1   0.02782
  14877.4   0.02786
  14898.8   0.02780
  14920.2   0.02777
  14941.7   0.02790
  14963.3   0.02804
  14984.9   0.02794
  15006.6   0.02774
  15028.3   0.02778
  15050.1   0.02803
  15072.0   0.02827
  15093.9   0.02838
  15115.9   0.02843
  15138.0   0.02840
  15160.1   0.02831
  15182.3   0.02827
  15204.6   0.02829
  15226.9   0.02821
  15249.3   0.02796
  15271.8   0.02770
  15294.3   0.02764
  15316.9   0.02762
  15339.5   0.02748
  15362.3   0.02723
  15385.1   0.02709
  15407.9   0.02700
  15430.9   0.02680
  15453.9   0.02658
  15476.9   0.02653
  15500.1   0.02660
  15523.3   0.02661
  15546.5   0.02658
  15569.9   0.02661
  15593.3   0.02662
  15616.8   0.02657
  15640.3   0.02660
  15664.0   0.02678
  15687.6   0.02696
  15711.4   0.02694
  15735.3   0.02686
  15759.2   0.02688
  15783.2   0.02692
  15807.2   0.02678
  15831.4   0.02660
  15855.6   0.02654
  15879.8   0.02658
  15904.2   0.02665
  15928.6   0.02687
  15953.1   0.02724
  15977.7   0.02754
  16002.4   0.02753
  16027.1   0.02751
  16051.9   0.02781
  16076.8   0.02824
  16101.8   0.02850
  16126.8   0.02860
  16151.9   0.02884
  16177.1   0.02921
  16202.4   0.02950
  16227.8   0.02964
  16253.2   0.02975
  16278.7   0.02985
  16304.3   0.02991
  16330.0   0.03005
  16355.7   0.03035
  16381.6   0.03054
  16407.5   0.03050
  16433.5   0.03049
  16459.6   0.03084
  16485.7   0.03140
  16512.0   0.03185
  16538.3   0.03212
  16564.8   0.03236
  16591.3   0.03244
  16617.8   0.03217
  16644.5   0.03183
  16671.3   0.03176
  16698.1   0.03187
  16725.1   0.03191
  16752.1   0.03198
  16779.2   0.03232
  16806.4   0.03285
  16833.7   0.03322
  16861.0   0.03343
  16888.5   0.03365
  16916.0   0.03374
  16943.7   0.03354
  16971.4   0.03331
  16999.2   0.03347
  17027.2   0.03401
  17055.2   0.03442
  17083.3   0.03452
  17111.4   0.03451
  17139.7   0.03448
  17168.1   0.03449
  17196.6   0.03462
  17225.1   0.03493
  17253.8   0.03511
  17282.6   0.03498
  17311.4   0.03470
  17340.4   0.03469
  17369.4   0.03494
  17398.6   0.03516
  17427.8   0.03535
  17457.1   0.03559
  17486.6   0.03582
  17516.1   0.03590
  17545.7   0.03591
  17575.5   0.03609
  17605.3   0.03635
  17635.3   0.03655
  17665.3   0.03673
  17695.5   0.03699
  17725.7   0.03716
  17756.1   0.03710
  17786.5   0.03705
  17817.1   0.03736
  17847.7   0.03778
  17878.5   0.03793
  17909.4   0.03782
  17940.4   0.03784
  17971.5   0.03806
  18002.7   0.03833
  18034.0   0.03857
  18065.4   0.03878
  18096.9   0.03880
  18128.6   0.03850
  18160.3   0.03821
  18192.2   0.03829
  18224.1   0.03853
  18256.2   0.03850
  18288.4   0.03809
  18320.7   0.03777
  18353.2   0.03770
  18385.7   0.03781
  18418.4   0.03807
  18451.1   0.03850
  18484.0   0.03883
  18517.0   0.03907
  18550.2   0.03942
  18583.4   0.03992
  18616.8   0.04014
  18650.2   0.03984
  18683.8   0.03948
  18717.6   0.03956
  18751.4   0.03990
  18785.4   0.04001
  18819.5   0.04016
  18853.7   0.04053
  18888.0   0.04095
  18922.5   0.04105
  18957.1   0.04104
  18991.8   0.04126
  19026.7   0.04158
  19061.6   0.04168
  19096.8   0.04171
  19132.0   0.04205
  19167.3   0.04247
  19202.8   0.04257
  19238.5   0.04238
  19274.2   0.04232
  19310.1   0.04244
  19346.1   0.04245
  19382.3   0.04249
  19418.6   0.04279
  19455.0   0.04309
  19491.6   0.04298
  19528.3   0.04273
  19565.2   0.04270
  19602.1   0.04274
  19639.3   0.04250
  19676.5   0.04224
  19713.9   0.04231
  19751.5   0.04242
  19789.2   0.04226
  19827.0   0.04226
  19865.0   0.04280
  19903.1   0.04331
  19941.4   0.04304
  19979.8   0.04223
  20018.4   0.04174
  20057.1   0.04186
  20096.0   0.04209
  20135.0   0.04224
  20174.2   0.04250
  20213.5   0.04270
  20253.0   0.04243
  20292.6   0.04197
  20332.4   0.04185
  20372.4   0.04209
  20412.5   0.04220
  20452.7   0.04227
  20493.2   0.04244
  20533.7   0.04232
  20574.5   0.04158
  20615.4   0.04078
  20656.4   0.04072
  20697.7   0.04113
  20739.1   0.04140
  20780.6   0.04151
  20822.4   0.04175
  20864.3   0.04168
  20906.3   0.04114
  20948.6   0.04079
  20991.0   0.04131
  21033.5   0.04195
  21076.3   0.04174
  21119.2   0.04097
  21162.3   0.04063
  21205.6   0.04058
  21249.0   0.04002
  21292.7   0.03917
  21336.5   0.03901
  21380.5   0.03967
  21424.7   0.04040
  21469.0   0.04098
  21513.6   0.04141
  21558.3   0.04129
  21603.2   0.04041
  21648.3   0.03944
  21693.6   0.03930
  21739.1   0.03984
  21784.7   0.04029
  21830.6   0.04068
  21876.7   0.04129
  21922.9   0.04160
  21969.4   0.04101
  22016.0   0.04023
  22062.8   0.04004
  22109.9   0.04001
  22157.1   0.03965
  22204.6   0.03942
  22252.2   0.04006
  22300.1   0.04102
  22348.1   0.04124
  22396.4   0.04094
  22444.9   0.04059
  22493.6   0.03971
  22542.5   0.03819
  22591.6   0.03713
  22640.9   0.03759
  22690.5   0.03845
  22740.2   0.03828
  22790.2   0.03767
  22840.4   0.03766
  22890.8   0.03780
  22941.5   0.03729
  22992.3   0.03678
  23043.4   0.03726
  23094.7   0.03761
  23146.3   0.03663
  23198.1   0.03531
  23250.1   0.03543
  23302.3   0.03649
  23354.8   0.03673
  23407.5   0.03630
  23460.5   0.03657
  23513.7   0.03713
  23567.1   0.03713
  23620.8   0.03738
  23674.7   0.03906
  23728.9   0.04096
  23783.3   0.04096
  23838.0   0.04011
  23892.9   0.04028
  23948.1   0.04120
  24003.6   0.04094
  24059.2   0.04053
  24115.2   0.04164
  24171.4   0.04318
  24227.9   0.04290
  24284.6   0.04150
  24341.6   0.04109
  24398.9   0.04135
  24456.5   0.04040
  24514.3   0.03904
  24572.4   0.03937
  24630.7   0.04039
  24689.4   0.03987
  24748.3   0.03967
  24807.5   0.04271
  24867.0   0.04728
  24926.8   0.04896
  24986.8   0.04758
  25047.2   0.04644
  25107.8   0.04547
  25168.8   0.04286
  25230.0   0.04012
  25291.6   0.04084
  25353.4   0.04348
  25415.5   0.04463
  25478.0   0.04524
  25540.7   0.04780
  25603.8   0.04948
  25667.2   0.04608
  25730.9   0.04067
  25794.9   0.03927
  25859.2   0.04085
  25923.8   0.04034
  25988.8   0.03796



 N1LS02      .ASC                        

 LS-CMP-002                                                              
 15555,799 SAW FINES FORM APOLLO 15 BASALT   AVG 2 RUNS ON NIC           
 MERGED AT 2121.4  SCALING VALUE OF .2517 FROM RELAB DATA                

 Source Ang: 30.00   Detect Ang: 30.00  Volt: 1.222
 Date: 27-MAR-92   Time: 13:27:04
