atlas_sample_id,mission,detail_url,detail_sha256,detail_checked_utc,discovery_status,link_text,pdf_url,document_kind,error
10000,Apollo 11,https://www.lpi.usra.edu/lunar/samples/atlas/detail/?mission=Apollo%2011&sample=10000,9a2b677d1220518679a2196cff83f8c14c2eae51ee42b6efaeddaa7e9ca6d210,2026-10-04T09:03:24.478737+00:00,downloaded_no_pdf,,,,
10002,Apollo 11,https://www.lpi.usra.edu/lunar/samples/atlas/detail/?mission=Apollo%2011&sample=10002,c10712d35d3c9a6b4a3bdafab3e265b33e85f2fb4bda24d830215c013f69ea68,2026-10-04T09:03:24.828763+00:00,downloaded,"Lunar Sample Compendium, 10002.pdf",https://www.lpi.usra.edu/lunar/samples/atlas/compendium/10002.pdf,compendium,
10003,Apollo 11,https://www.lpi.usra.edu/lunar/samples/atlas/detail/?mission=Apollo%2011&sample=10003,8eea80cd267a44c6c0277ba452cdc00ece47d63aeaa715643ddea41b55d76e03,2026-10-04T09:03:25.655291+00:00,downloaded,"Lunar Sample Compendium, 10003.pdf",https://www.lpi.usra.edu/lunar/samples/atlas/compendium/10003.pdf,compendium,
10004,Apollo 11,https://www.lpi.usra.edu/lunar/samples/atlas/detail/?mission=Apollo%2011&sample=10004,27950270a27fc5688292284255ed8399383cac017360d3f1102784365ba3ab70,2026-10-04T09:03:26.498540+00:00,downloaded,"Lunar Sample Compendium, 10004.pdf",https://www.lpi.usra.edu/lunar/samples/atlas/compendium/10004.pdf,compendium,
10005,Apollo 11,https://www.lpi.usra.edu/lunar/samples/atlas/detail/?mission=Apollo%2011&sample=10005,021c60d8b4eb873ef52522827bee299af473fdbf3bbca728de5af3f3839ef928,2026-10-04T09:03:27.194433+00:00,downloaded,"Lunar Sample Compendium, 10005.pdf",https://www.lpi.usra.edu/lunar/samples/atlas/compendium/10005.pdf,compendium,
10009,Apollo 11,https://www.lpi.usra.edu/lunar/samples/atlas/detail/?mission=Apollo%2011&sample=10009,35127f738a4425b7995d0c4bd5949634c8b0cfd3d1541f17d43c9356833c2c8f,2026-10-04T09:03:28.016738+00:00,downloaded,"Lunar Sample Compendium, 10009.pdf",https://www.lpi.usra.edu/lunar/samples/atlas/compendium/10009.pdf,compendium,
10010,Apollo 11,https://www.lpi.usra.edu/lunar/samples/atlas/detail/?mission=Apollo%2011&sample=10010,0e265276755831645efb467ba991e3093b1f7d912492407265af15dcd9ad167b,2026-10-04T09:03:28.833249+00:00,downloaded,"Lunar Sample Compendium, 10010.pdf",https://www.lpi.usra.edu/lunar/samples/atlas/compendium/10010.pdf,compendium,
10015,Apollo 11,https://www.lpi.usra.edu/lunar/samples/atlas/detail/?mission=Apollo%2011&sample=10015,f6d3cf94bd69302813094b75580285a2304cd5bba330909974aa99bcd7d16ac2,2026-10-04T09:03:29.500142+00:00,downloaded_no_pdf,,,,
10017,Apollo 11,https://www.lpi.usra.edu/lunar/samples/atlas/detail/?mission=Apollo%2011&sample=10017,cc3bdcf3a27c0cfe2ffbc0650d041fcaa273c70ca80273a30642a44833467a08,2026-10-04T09:03:30.288860+00:00,downloaded,"Lunar Sample Compendium, 10017.pdf",https://www.lpi.usra.edu/lunar/samples/atlas/compendium/10017.pdf,compendium,
10017,Apollo 11,https://www.lpi.usra.edu/lunar/samples/atlas/detail/?mission=Apollo%2011&sample=10017,cc3bdcf3a27c0cfe2ffbc0650d041fcaa273c70ca80273a30642a44833467a08,2026-10-04T09:03:30.288860+00:00,downloaded,Lunar Sample Catalog 10017 Description,http://curator.jsc.nasa.gov/lunar/catalogs/apollo11/10017.pdf,catalog,
10018,Apollo 11,https://www.lpi.usra.edu/lunar/samples/atlas/detail/?mission=Apollo%2011&sample=10018,092ee4676006a5f7deeedbe8dda4a0f2bc8a19aa9547fa7b4a6671545186b15c,2026-10-04T09:03:31.002737+00:00,downloaded,"Lunar Sample Compendium, 10018.pdf",https://www.lpi.usra.edu/lunar/samples/atlas/compendium/10018.pdf,compendium,
10019,Apollo 11,https://www.lpi.usra.edu/lunar/samples/atlas/detail/?mission=Apollo%2011&sample=10019,fd6df7ccba4384136b29b12330591324a193890c091096aa7d549d60546553a2,2026-10-04T09:03:31.710428+00:00,downloaded,"Lunar Sample Compendium, 10019.pdf",https://www.lpi.usra.edu/lunar/samples/atlas/compendium/10019.pdf,compendium,
10020,Apollo 11,https://www.lpi.usra.edu/lunar/samples/atlas/detail/?mission=Apollo%2011&sample=10020,6335149364ca748541433bd405d67801f2b5068504ccfbcd3db7628b1bd80434,2026-10-04T09:03:32.420472+00:00,downloaded,"Lunar Sample Compendium, 10020.pdf",https://www.lpi.usra.edu/lunar/samples/atlas/compendium/10020.pdf,compendium,
10020,Apollo 11,https://www.lpi.usra.edu/lunar/samples/atlas/detail/?mission=Apollo%2011&sample=10020,6335149364ca748541433bd405d67801f2b5068504ccfbcd3db7628b1bd80434,2026-10-04T09:03:32.420472+00:00,downloaded,Lunar Sample Catalog 10020 Description,http://curator.jsc.nasa.gov/lunar/catalogs/apollo11/10020.pdf,catalog,
10021,Apollo 11,https://www.lpi.usra.edu/lunar/samples/atlas/detail/?mission=Apollo%2011&sample=10021,bf576d7ee37aa7fe0c7039fc2a348e658ac76b671b8e5061819fb60cf986a624,2026-10-04T09:03:33.117911+00:00,downloaded,"Lunar Sample Compendium, 10021.pdf",https://www.lpi.usra.edu/lunar/samples/atlas/compendium/10021.pdf,compendium,
10022,Apollo 11,https://www.lpi.usra.edu/lunar/samples/atlas/detail/?mission=Apollo%2011&sample=10022,7c5c43afe71f667177dc405820cba252c4029ee9d54ae18f5d0f38a86e456ae7,2026-10-04T09:03:33.816582+00:00,downloaded,"Lunar Sample Compendium, 10022.pdf",https://www.lpi.usra.edu/lunar/samples/atlas/compendium/10022.pdf,compendium,
10022,Apollo 11,https://www.lpi.usra.edu/lunar/samples/atlas/detail/?mission=Apollo%2011&sample=10022,7c5c43afe71f667177dc405820cba252c4029ee9d54ae18f5d0f38a86e456ae7,2026-10-04T09:03:33.816582+00:00,downloaded,Lunar Sample Catalog 10022 Description,http://curator.jsc.nasa.gov/lunar/catalogs/apollo11/10022.pdf,catalog,
10023,Apollo 11,https://www.lpi.usra.edu/lunar/samples/atlas/detail/?mission=Apollo%2011&sample=10023,41d8f2426bb311c38979e3c1f68d17e96897a10ac6633f6668a0aa908ee298dd,2026-10-04T09:03:34.510733+00:00,downloaded,"Lunar Sample Compendium, 10023.pdf",https://www.lpi.usra.edu/lunar/samples/atlas/compendium/10023.pdf,compendium,
10024,Apollo 11,https://www.lpi.usra.edu/lunar/samples/atlas/detail/?mission=Apollo%2011&sample=10024,55b3062d9c119194eac097bcd8b116d0fbf2ea95d665bf380260d61b6d6f2163,2026-10-04T09:03:35.204976+00:00,downloaded,"Lunar Sample Compendium, 10024.pdf",https://www.lpi.usra.edu/lunar/samples/atlas/compendium/10024.pdf,compendium,
10024,Apollo 11,https://www.lpi.usra.edu/lunar/samples/atlas/detail/?mission=Apollo%2011&sample=10024,55b3062d9c119194eac097bcd8b116d0fbf2ea95d665bf380260d61b6d6f2163,2026-10-04T09:03:35.204976+00:00,downloaded,Lunar Sample Catalog 10024 Description,http://curator.jsc.nasa.gov/lunar/catalogs/apollo11/10024.pdf,catalog,
10025,Apollo 11,https://www.lpi.usra.edu/lunar/samples/atlas/detail/?mission=Apollo%2011&sample=10025,5228ab8bbe6f7abd2f220cbf83b584c04d7b9a39598101facc184b79085c911a,2026-10-04T09:03:36.031717+00:00,downloaded,"Lunar Sample Compendium, 10025.pdf",https://www.lpi.usra.edu/lunar/samples/atlas/compendium/10025.pdf,compendium,
10026,Apollo 11,https://www.lpi.usra.edu/lunar/samples/atlas/detail/?mission=Apollo%2011&sample=10026,e8a103e844a2fdf499315a72dcb5d59ba4f74fcfc4ae5bd41044c57f0bb7f607,2026-10-04T09:03:36.680625+00:00,downloaded,"Lunar Sample Compendium, 10026.pdf",https://www.lpi.usra.edu/lunar/samples/atlas/compendium/10026.pdf,compendium,
10027,Apollo 11,https://www.lpi.usra.edu/lunar/samples/atlas/detail/?mission=Apollo%2011&sample=10027,7b046320d9917ff4298235a3ada6b29045b969b95688118a328d3c07745b102d,2026-10-04T09:03:37.337478+00:00,downloaded,"Lunar Sample Compendium, 10026.pdf",https://www.lpi.usra.edu/lunar/samples/atlas/compendium/10026.pdf,compendium,
10028,Apollo 11,https://www.lpi.usra.edu/lunar/samples/atlas/detail/?mission=Apollo%2011&sample=10028,b116f089b24c1e50bac6fecb9e0947e982a0286a7cd6606651fd1d6008c120ad,2026-10-04T09:03:38.126550+00:00,downloaded,"Lunar Sample Compendium, 10026.pdf",https://www.lpi.usra.edu/lunar/samples/atlas/compendium/10026.pdf,compendium,
10029,Apollo 11,https://www.lpi.usra.edu/lunar/samples/atlas/detail/?mission=Apollo%2011&sample=10029,ad0b58985a4a9ac2bcab31e03df62b4c77fb94667498b48672cc38a47ffe38ce,2026-10-04T09:03:38.909347+00:00,downloaded,"Lunar Sample Compendium, 10029.pdf",https://www.lpi.usra.edu/lunar/samples/atlas/compendium/10029.pdf,compendium,
10029,Apollo 11,https://www.lpi.usra.edu/lunar/samples/atlas/detail/?mission=Apollo%2011&sample=10029,ad0b58985a4a9ac2bcab31e03df62b4c77fb94667498b48672cc38a47ffe38ce,2026-10-04T09:03:38.909347+00:00,downloaded,Lunar Sample Catalog 10029 Description,http://curator.jsc.nasa.gov/lunar/catalogs/apollo11/10029.pdf,catalog,
10030,Apollo 11,https://www.lpi.usra.edu/lunar/samples/atlas/detail/?mission=Apollo%2011&sample=10030,92ce986c1f316592d6bbd29d216b7dd0ef850dab9f493e17edd2e16d2081eef5,2026-10-04T09:03:39.562555+00:00,downloaded_no_pdf,,,,
10031,Apollo 11,https://www.lpi.usra.edu/lunar/samples/atlas/detail/?mission=Apollo%2011&sample=10031,76c03f9285443939540fc12a68bf18d7e0de18f69cf71a927f7a5d7ced6d89b4,2026-10-04T09:03:40.345368+00:00,downloaded,"Lunar Sample Compendium, 10031.pdf",https://www.lpi.usra.edu/lunar/samples/atlas/compendium/10031.pdf,compendium,
10031,Apollo 11,https://www.lpi.usra.edu/lunar/samples/atlas/detail/?mission=Apollo%2011&sample=10031,76c03f9285443939540fc12a68bf18d7e0de18f69cf71a927f7a5d7ced6d89b4,2026-10-04T09:03:40.345368+00:00,downloaded,Lunar Sample Catalog 10031 Description,http://curator.jsc.nasa.gov/lunar/catalogs/apollo11/10031.pdf,catalog,
10032,Apollo 11,https://www.lpi.usra.edu/lunar/samples/atlas/detail/?mission=Apollo%2011&sample=10032,cd94c5e5c72124c1152f4a76334a15a20ba696490933f3711fe2fe59cf6ef512,2026-10-04T09:03:41.128643+00:00,downloaded,"Lunar Sample Compendium, 10032.pdf",https://www.lpi.usra.edu/lunar/samples/atlas/compendium/10032.pdf,compendium,
10032,Apollo 11,https://www.lpi.usra.edu/lunar/samples/atlas/detail/?mission=Apollo%2011&sample=10032,cd94c5e5c72124c1152f4a76334a15a20ba696490933f3711fe2fe59cf6ef512,2026-10-04T09:03:41.128643+00:00,downloaded,Lunar Sample Catalog 10032 Description,http://curator.jsc.nasa.gov/lunar/catalogs/apollo11/10032.pdf,catalog,
10044,Apollo 11,https://www.lpi.usra.edu/lunar/samples/atlas/detail/?mission=Apollo%2011&sample=10044,ad58fc38e28645152824ae98a5b6306cccb4b690b267b2fcb5abe9a9ff8afe5e,2026-10-04T09:03:41.934073+00:00,downloaded,"Lunar Sample Compendium, 10044.pdf",https://www.lpi.usra.edu/lunar/samples/atlas/compendium/10044.pdf,compendium,
10044,Apollo 11,https://www.lpi.usra.edu/lunar/samples/atlas/detail/?mission=Apollo%2011&sample=10044,ad58fc38e28645152824ae98a5b6306cccb4b690b267b2fcb5abe9a9ff8afe5e,2026-10-04T09:03:41.934073+00:00,downloaded,Lunar Sample Catalog 10044 Description,http://curator.jsc.nasa.gov/lunar/catalogs/apollo11/10044.pdf,catalog,
10045,Apollo 11,https://www.lpi.usra.edu/lunar/samples/atlas/detail/?mission=Apollo%2011&sample=10045,3d16046cd9c345ac770b0ecb4b1e65f927df688a434cf575d1c099b62044a153,2026-10-04T09:03:42.773097+00:00,downloaded,"Lunar Sample Compendium, 10045.pdf",https://www.lpi.usra.edu/lunar/samples/atlas/compendium/10045.pdf,compendium,
10045,Apollo 11,https://www.lpi.usra.edu/lunar/samples/atlas/detail/?mission=Apollo%2011&sample=10045,3d16046cd9c345ac770b0ecb4b1e65f927df688a434cf575d1c099b62044a153,2026-10-04T09:03:42.773097+00:00,downloaded,Lunar Sample Catalog 10045 Description,http://curator.jsc.nasa.gov/lunar/catalogs/apollo11/10045.pdf,catalog,
10046,Apollo 11,https://www.lpi.usra.edu/lunar/samples/atlas/detail/?mission=Apollo%2011&sample=10046,4266a0c6f789b3ff4d63289bc32bff55fe0d097c76de29d1f69e0b4a86cf2b0d,2026-10-04T09:03:43.603531+00:00,downloaded,"Lunar Sample Compendium, 10046.pdf",https://www.lpi.usra.edu/lunar/samples/atlas/compendium/10046.pdf,compendium,
10046,Apollo 11,https://www.lpi.usra.edu/lunar/samples/atlas/detail/?mission=Apollo%2011&sample=10046,4266a0c6f789b3ff4d63289bc32bff55fe0d097c76de29d1f69e0b4a86cf2b0d,2026-10-04T09:03:43.603531+00:00,downloaded,Lunar Sample Catalog 10046 Description,http://curator.jsc.nasa.gov/lunar/catalogs/apollo11/10046.pdf,catalog,
10047,Apollo 11,https://www.lpi.usra.edu/lunar/samples/atlas/detail/?mission=Apollo%2011&sample=10047,7fb8069bf2181d05025f59199f02e9db4d9c8ca1f7f9d04916ed0cfb6743cfed,2026-10-04T09:03:44.434688+00:00,downloaded,"Lunar Sample Compendium, 10047.pdf",https://www.lpi.usra.edu/lunar/samples/atlas/compendium/10047.pdf,compendium,
10047,Apollo 11,https://www.lpi.usra.edu/lunar/samples/atlas/detail/?mission=Apollo%2011&sample=10047,7fb8069bf2181d05025f59199f02e9db4d9c8ca1f7f9d04916ed0cfb6743cfed,2026-10-04T09:03:44.434688+00:00,downloaded,Lunar Sample Catalog 10047 Description,http://curator.jsc.nasa.gov/lunar/catalogs/apollo11/10047.pdf,catalog,
10048,Apollo 11,https://www.lpi.usra.edu/lunar/samples/atlas/detail/?mission=Apollo%2011&sample=10048,f131a895cbb4ce357115c9836440acb206b41ac727f9fb67157b32539c9b8cf8,2026-10-04T09:03:45.135499+00:00,downloaded,"Lunar Sample Compendium, 10048.pdf",https://www.lpi.usra.edu/lunar/samples/atlas/compendium/10048.pdf,compendium,
10049,Apollo 11,https://www.lpi.usra.edu/lunar/samples/atlas/detail/?mission=Apollo%2011&sample=10049,dd35a6c841540928d4b0f71fa44adc5683861eb96f3d07161643fb9e8e440a25,2026-10-04T09:03:45.836013+00:00,downloaded,"Lunar Sample Compendium, 10049.pdf",https://www.lpi.usra.edu/lunar/samples/atlas/compendium/10049.pdf,compendium,
10049,Apollo 11,https://www.lpi.usra.edu/lunar/samples/atlas/detail/?mission=Apollo%2011&sample=10049,dd35a6c841540928d4b0f71fa44adc5683861eb96f3d07161643fb9e8e440a25,2026-10-04T09:03:45.836013+00:00,downloaded,Lunar Sample Catalog 10049 Description,http://curator.jsc.nasa.gov/lunar/catalogs/apollo11/10049.pdf,catalog,
10050,Apollo 11,https://www.lpi.usra.edu/lunar/samples/atlas/detail/?mission=Apollo%2011&sample=10050,385adb0f8a3a37cf1bcac7e2da456df72da742f42c1d82a1ed887249b18bf3c5,2026-10-04T09:03:46.669223+00:00,downloaded,"Lunar Sample Compendium, 10050.pdf",https://www.lpi.usra.edu/lunar/samples/atlas/compendium/10050.pdf,compendium,
10050,Apollo 11,https://www.lpi.usra.edu/lunar/samples/atlas/detail/?mission=Apollo%2011&sample=10050,385adb0f8a3a37cf1bcac7e2da456df72da742f42c1d82a1ed887249b18bf3c5,2026-10-04T09:03:46.669223+00:00,downloaded,Lunar Sample Catalog 10050 Description,http://curator.jsc.nasa.gov/lunar/catalogs/apollo11/10050.pdf,catalog,
10056,Apollo 11,https://www.lpi.usra.edu/lunar/samples/atlas/detail/?mission=Apollo%2011&sample=10056,8fac4e807a947c4f297a25cfa724c12c5291ac0db028a1fa08ef7cd68f41ae45,2026-10-04T09:03:47.481472+00:00,downloaded,"Lunar Sample Compendium, 10056.pdf",https://www.lpi.usra.edu/lunar/samples/atlas/compendium/10056.pdf,compendium,
10057,Apollo 11,https://www.lpi.usra.edu/lunar/samples/atlas/detail/?mission=Apollo%2011&sample=10057,6f5a003328ee8f790e31260f8484062ce5d1614e0f6a9417a9773d7069db1cd5,2026-10-04T09:03:48.178145+00:00,downloaded,"Lunar Sample Compendium, 10057.pdf",https://www.lpi.usra.edu/lunar/samples/atlas/compendium/10057.pdf,compendium,
10057,Apollo 11,https://www.lpi.usra.edu/lunar/samples/atlas/detail/?mission=Apollo%2011&sample=10057,6f5a003328ee8f790e31260f8484062ce5d1614e0f6a9417a9773d7069db1cd5,2026-10-04T09:03:48.178145+00:00,downloaded,Lunar Sample Catalog 10057 Description,http://curator.jsc.nasa.gov/lunar/catalogs/apollo11/10057.pdf,catalog,
10058,Apollo 11,https://www.lpi.usra.edu/lunar/samples/atlas/detail/?mission=Apollo%2011&sample=10058,47002ff679b252b0779fda7e99ffa17121ed08558bba8308130491cbe366fcbd,2026-10-04T09:03:48.880161+00:00,downloaded,"Lunar Sample Compendium, 10058.pdf",https://www.lpi.usra.edu/lunar/samples/atlas/compendium/10058.pdf,compendium,
10058,Apollo 11,https://www.lpi.usra.edu/lunar/samples/atlas/detail/?mission=Apollo%2011&sample=10058,47002ff679b252b0779fda7e99ffa17121ed08558bba8308130491cbe366fcbd,2026-10-04T09:03:48.880161+00:00,downloaded,Lunar Sample Catalog 10058 Description,http://curator.jsc.nasa.gov/lunar/catalogs/apollo11/10058.pdf,catalog,
10059,Apollo 11,https://www.lpi.usra.edu/lunar/samples/atlas/detail/?mission=Apollo%2011&sample=10059,445e1c39b3c323cd898809f2f6df74e44b6d7b75a9e52f9a164f6993b5fac2b8,2026-10-04T09:03:49.587919+00:00,downloaded,"Lunar Sample Compendium, 10059.pdf",https://www.lpi.usra.edu/lunar/samples/atlas/compendium/10059.pdf,compendium,
10060,Apollo 11,https://www.lpi.usra.edu/lunar/samples/atlas/detail/?mission=Apollo%2011&sample=10060,b47959d96136d62297d9d84afe50a5dd8ecac8dfa1f863d25d1995ffc8b8ddb7,2026-10-04T09:03:50.294616+00:00,downloaded,"Lunar Sample Compendium, 10060.pdf",https://www.lpi.usra.edu/lunar/samples/atlas/compendium/10060.pdf,compendium,
10060,Apollo 11,https://www.lpi.usra.edu/lunar/samples/atlas/detail/?mission=Apollo%2011&sample=10060,b47959d96136d62297d9d84afe50a5dd8ecac8dfa1f863d25d1995ffc8b8ddb7,2026-10-04T09:03:50.294616+00:00,downloaded,Lunar Sample Catalog 10060 Description,http://curator.jsc.nasa.gov/lunar/catalogs/apollo11/10060.pdf,catalog,
10061,Apollo 11,https://www.lpi.usra.edu/lunar/samples/atlas/detail/?mission=Apollo%2011&sample=10061,363a19360129edcbc714dcd191460cbcae33595036b93c4f71749f67e0aab6be,2026-10-04T09:03:51.116655+00:00,downloaded,"Lunar Sample Compendium, 10061.pdf",https://www.lpi.usra.edu/lunar/samples/atlas/compendium/10061.pdf,compendium,
10062,Apollo 11,https://www.lpi.usra.edu/lunar/samples/atlas/detail/?mission=Apollo%2011&sample=10062,1653cbd31e1cbefeef81e06ea012ad86fae64c3ba86955466d18850813c88f69,2026-10-04T09:03:51.809673+00:00,downloaded,"Lunar Sample Compendium, 10062.pdf",https://www.lpi.usra.edu/lunar/samples/atlas/compendium/10062.pdf,compendium,
10062,Apollo 11,https://www.lpi.usra.edu/lunar/samples/atlas/detail/?mission=Apollo%2011&sample=10062,1653cbd31e1cbefeef81e06ea012ad86fae64c3ba86955466d18850813c88f69,2026-10-04T09:03:51.809673+00:00,downloaded,Lunar Sample Catalog 10062 Description,http://curator.jsc.nasa.gov/lunar/catalogs/apollo11/10062.pdf,catalog,
10063,Apollo 11,https://www.lpi.usra.edu/lunar/samples/atlas/detail/?mission=Apollo%2011&sample=10063,a0fcc1b7ffe782d8e8d0269d45f36f5e8ae7dc514d7bffd26686b93a82458d44,2026-10-04T09:03:52.619652+00:00,downloaded,"Lunar Sample Compendium, 10063.pdf",https://www.lpi.usra.edu/lunar/samples/atlas/compendium/10063.pdf,compendium,
10064,Apollo 11,https://www.lpi.usra.edu/lunar/samples/atlas/detail/?mission=Apollo%2011&sample=10064,ad0ea22cb9b47b702658bf2d8b9f8921ef7ad9014859f56acc9a024bb5b31afa,2026-10-04T09:03:53.317797+00:00,downloaded,"Lunar Sample Compendium, 10064.pdf",https://www.lpi.usra.edu/lunar/samples/atlas/compendium/10064.pdf,compendium,
10065,Apollo 11,https://www.lpi.usra.edu/lunar/samples/atlas/detail/?mission=Apollo%2011&sample=10065,c4ea7bab571443345e56f102bdcd4ec051c710d3abdfc39dd70edc7f3cd217cd,2026-10-04T09:03:54.135350+00:00,downloaded,"Lunar Sample Compendium, 10065.pdf",https://www.lpi.usra.edu/lunar/samples/atlas/compendium/10065.pdf,compendium,
10065,Apollo 11,https://www.lpi.usra.edu/lunar/samples/atlas/detail/?mission=Apollo%2011&sample=10065,c4ea7bab571443345e56f102bdcd4ec051c710d3abdfc39dd70edc7f3cd217cd,2026-10-04T09:03:54.135350+00:00,downloaded,Lunar Sample Catalog 10065 Description,http://curator.jsc.nasa.gov/lunar/catalogs/apollo11/10065.pdf,catalog,
10066,Apollo 11,https://www.lpi.usra.edu/lunar/samples/atlas/detail/?mission=Apollo%2011&sample=10066,b3e66a6389d4027144613c620c3899cb9961ba408ed33a9017dc4115b72c057a,2026-10-04T09:03:54.835715+00:00,downloaded,"Lunar Sample Compendium, 10019.pdf",https://www.lpi.usra.edu/lunar/samples/atlas/compendium/10019.pdf,compendium,
10067,Apollo 11,https://www.lpi.usra.edu/lunar/samples/atlas/detail/?mission=Apollo%2011&sample=10067,4a713e29a77b3c22ef40e3160e26b57a0e12093b3bd2a5008cbc299ec7a5ae19,2026-10-04T09:03:55.647513+00:00,downloaded,"Lunar Sample Compendium, 10067.pdf",https://www.lpi.usra.edu/lunar/samples/atlas/compendium/10067.pdf,compendium,
10068,Apollo 11,https://www.lpi.usra.edu/lunar/samples/atlas/detail/?mission=Apollo%2011&sample=10068,9379e7664fc180610552096cdc968fb31987b1a57b73040bd79a1e4af3984d93,2026-10-04T09:03:56.486901+00:00,downloaded,"Lunar Sample Compendium, 10068.pdf",https://www.lpi.usra.edu/lunar/samples/atlas/compendium/10068.pdf,compendium,
10068,Apollo 11,https://www.lpi.usra.edu/lunar/samples/atlas/detail/?mission=Apollo%2011&sample=10068,9379e7664fc180610552096cdc968fb31987b1a57b73040bd79a1e4af3984d93,2026-10-04T09:03:56.486901+00:00,downloaded,Lunar Sample Catalog 10068 Description,http://curator.jsc.nasa.gov/lunar/catalogs/apollo11/10068.pdf,catalog,
10069,Apollo 11,https://www.lpi.usra.edu/lunar/samples/atlas/detail/?mission=Apollo%2011&sample=10069,b170b3565d0d92dcb484ab6a763411c81e380deb7d18c1ed729da7ed4d1be0b4,2026-10-04T09:03:57.172309+00:00,downloaded,"Lunar Sample Compendium, 10069.pdf",https://www.lpi.usra.edu/lunar/samples/atlas/compendium/10069.pdf,compendium,
10069,Apollo 11,https://www.lpi.usra.edu/lunar/samples/atlas/detail/?mission=Apollo%2011&sample=10069,b170b3565d0d92dcb484ab6a763411c81e380deb7d18c1ed729da7ed4d1be0b4,2026-10-04T09:03:57.172309+00:00,downloaded,Lunar Sample Catalog 10069 Description,http://curator.jsc.nasa.gov/lunar/catalogs/apollo11/10069.pdf,catalog,
10070,Apollo 11,https://www.lpi.usra.edu/lunar/samples/atlas/detail/?mission=Apollo%2011&sample=10070,2ed33f4a902efb4542024d3f02e2fa244378534684fa5b5a8f7d8b2dc2164e7c,2026-10-04T09:03:57.860054+00:00,downloaded,"Lunar Sample Compendium, 10070.pdf",https://www.lpi.usra.edu/lunar/samples/atlas/compendium/10070.pdf,compendium,
10071,Apollo 11,https://www.lpi.usra.edu/lunar/samples/atlas/detail/?mission=Apollo%2011&sample=10071,e2195c4de3e2fa7a672efe0af99ce131fdd72555dc1fd2cc6ed015cdca02002a,2026-10-04T09:03:58.692788+00:00,downloaded,"Lunar Sample Compendium, 10071.pdf",https://www.lpi.usra.edu/lunar/samples/atlas/compendium/10071.pdf,compendium,
10071,Apollo 11,https://www.lpi.usra.edu/lunar/samples/atlas/detail/?mission=Apollo%2011&sample=10071,e2195c4de3e2fa7a672efe0af99ce131fdd72555dc1fd2cc6ed015cdca02002a,2026-10-04T09:03:58.692788+00:00,downloaded,Lunar Sample Catalog 10071 Description,http://curator.jsc.nasa.gov/lunar/catalogs/apollo11/10071.pdf,catalog,
10072,Apollo 11,https://www.lpi.usra.edu/lunar/samples/atlas/detail/?mission=Apollo%2011&sample=10072,e93af4c58b49686833fcd5eeb6bee14f35fc46e039e3cd934a90b84dd0fb4c92,2026-10-04T09:03:59.417377+00:00,downloaded,"Lunar Sample Compendium, 10072.pdf",https://www.lpi.usra.edu/lunar/samples/atlas/compendium/10072.pdf,compendium,
10072,Apollo 11,https://www.lpi.usra.edu/lunar/samples/atlas/detail/?mission=Apollo%2011&sample=10072,e93af4c58b49686833fcd5eeb6bee14f35fc46e039e3cd934a90b84dd0fb4c92,2026-10-04T09:03:59.417377+00:00,downloaded,Lunar Sample Catalog 10072 Description,http://curator.jsc.nasa.gov/lunar/catalogs/apollo11/10072.pdf,catalog,
10072A,Apollo 11,https://www.lpi.usra.edu/lunar/samples/atlas/detail/?mission=Apollo%2011&sample=10072A,467968adcb5e0d403a2ab8d8fcb974d181af4e56cf05fd2735a861a2cb665304,2026-10-04T09:04:00.111822+00:00,downloaded_no_pdf,,,,
10072D,Apollo 11,https://www.lpi.usra.edu/lunar/samples/atlas/detail/?mission=Apollo%2011&sample=10072D,6e3df0163c50a11478cae6b4b3468577b828ff4fda5f9edd814b305d8f94424b,2026-10-04T09:04:00.893287+00:00,downloaded_no_pdf,,,,
10073,Apollo 11,https://www.lpi.usra.edu/lunar/samples/atlas/detail/?mission=Apollo%2011&sample=10073,c6dd528eb78916502227d6b20c65e964d6ee208dec35c552295c8270fc6b2475,2026-10-04T09:04:01.547626+00:00,downloaded,"Lunar Sample Compendium, 10073.pdf",https://www.lpi.usra.edu/lunar/samples/atlas/compendium/10073.pdf,compendium,
10074,Apollo 11,https://www.lpi.usra.edu/lunar/samples/atlas/detail/?mission=Apollo%2011&sample=10074,e0eb2614c78e50235cb125b4050612fe52fa9396dee4d7d439d75f94442515f6,2026-10-04T09:04:02.399120+00:00,downloaded,"Lunar Sample Compendium, 10074.pdf",https://www.lpi.usra.edu/lunar/samples/atlas/compendium/10074.pdf,compendium,
10075,Apollo 11,https://www.lpi.usra.edu/lunar/samples/atlas/detail/?mission=Apollo%2011&sample=10075,24fa0f0308a7c95a8f85e037432b1a41d7a7b1297edfde8ee58fdc0c42c12bf0,2026-10-04T09:04:03.225985+00:00,downloaded,"Lunar Sample Compendium, 10075.pdf",https://www.lpi.usra.edu/lunar/samples/atlas/compendium/10075.pdf,compendium,
10082,Apollo 11,https://www.lpi.usra.edu/lunar/samples/atlas/detail/?mission=Apollo%2011&sample=10082,fc5d2d03f779b30c5b5c9368acd4099e242a1d26c95f918c4824cf792e7b45d5,2026-10-04T09:04:03.948188+00:00,downloaded,"Lunar Sample Compendium, 10082.pdf",https://www.lpi.usra.edu/lunar/samples/atlas/compendium/10082.pdf,compendium,
10084,Apollo 11,https://www.lpi.usra.edu/lunar/samples/atlas/detail/?mission=Apollo%2011&sample=10084,718db6552008eda1d5b7729c463e0275505a01833cf45d73b4ba6ab151525ead,2026-10-04T09:04:04.646546+00:00,downloaded,"Lunar Sample Compendium, 10084.pdf",https://www.lpi.usra.edu/lunar/samples/atlas/compendium/10084.pdf,compendium,
10084,Apollo 11,https://www.lpi.usra.edu/lunar/samples/atlas/detail/?mission=Apollo%2011&sample=10084,718db6552008eda1d5b7729c463e0275505a01833cf45d73b4ba6ab151525ead,2026-10-04T09:04:04.646546+00:00,downloaded,Lunar Sample Catalog 10084 Description,http://curator.jsc.nasa.gov/lunar/catalogs/apollo11/10084.pdf,catalog,
10085,Apollo 11,https://www.lpi.usra.edu/lunar/samples/atlas/detail/?mission=Apollo%2011&sample=10085,5a00449b9fac14088759fdd76357a6044b8593812de0b963eae2029152c3f8b4,2026-10-04T09:04:05.309995+00:00,downloaded,"Lunar Sample Compendium, 10085.pdf",https://www.lpi.usra.edu/lunar/samples/atlas/compendium/10085.pdf,compendium,
10092,Apollo 11,https://www.lpi.usra.edu/lunar/samples/atlas/detail/?mission=Apollo%2011&sample=10092,73eabd78bdd195936f95ee81c3bb9d711a379c5dafd5d8c87bfbe6b623a769c4,2026-10-04T09:04:06.019812+00:00,downloaded,"Lunar Sample Compendium, 10092.pdf",https://www.lpi.usra.edu/lunar/samples/atlas/compendium/10092.pdf,compendium,
10092,Apollo 11,https://www.lpi.usra.edu/lunar/samples/atlas/detail/?mission=Apollo%2011&sample=10092,73eabd78bdd195936f95ee81c3bb9d711a379c5dafd5d8c87bfbe6b623a769c4,2026-10-04T09:04:06.019812+00:00,downloaded,Lunar Sample Catalog 10092 Description,http://curator.jsc.nasa.gov/lunar/catalogs/apollo11/10092.pdf,catalog,
10093,Apollo 11,https://www.lpi.usra.edu/lunar/samples/atlas/detail/?mission=Apollo%2011&sample=10093,13b6519298d65da6862028af5d89b05744028d2a373757b8b4766a053e893d66,2026-10-04T09:04:06.842394+00:00,downloaded,"Lunar Sample Compendium, 10093.pdf",https://www.lpi.usra.edu/lunar/samples/atlas/compendium/10093.pdf,compendium,
10094,Apollo 11,https://www.lpi.usra.edu/lunar/samples/atlas/detail/?mission=Apollo%2011&sample=10094,bbeda14c16f931a0f2c3197112af36ff608349cb099d4d27d73833b0ad8f75b4,2026-10-04T09:04:07.526712+00:00,downloaded,"Lunar Sample Compendium, 10094.pdf",https://www.lpi.usra.edu/lunar/samples/atlas/compendium/10094.pdf,compendium,
10119,Apollo 11,https://www.lpi.usra.edu/lunar/samples/atlas/detail/?mission=Apollo%2011&sample=10119,36eb9dcc29c6e04d5f37c3b375714236e21fd25509f64d9083607ec4c06b4e6f,2026-10-04T09:04:08.337776+00:00,downloaded_no_pdf,,,,
12001,Apollo 12,https://www.lpi.usra.edu/lunar/samples/atlas/detail/?mission=Apollo%2012&sample=12001,8b135b4085fbe9b8dbbcb6bf57674adf7534e8c8b2f34b03cb4b504dd5da0b9c,2026-10-04T09:04:09.139248+00:00,downloaded,"Lunar Sample Compendium, 12001.pdf",https://www.lpi.usra.edu/lunar/samples/atlas/compendium/12001.pdf,compendium,
12002,Apollo 12,https://www.lpi.usra.edu/lunar/samples/atlas/detail/?mission=Apollo%2012&sample=12002,aab4abed8fc405ce0dc88a55d9920f86895cc5f4d74e6d2c6f5b8d0437368123,2026-10-04T09:04:09.795074+00:00,downloaded,"Lunar Sample Compendium, 12002.pdf",https://www.lpi.usra.edu/lunar/samples/atlas/compendium/12002.pdf,compendium,
12003,Apollo 12,https://www.lpi.usra.edu/lunar/samples/atlas/detail/?mission=Apollo%2012&sample=12003,c09819eec4a84b01a6579b87c50cf0b00c5f82ed4f750d798e79c8b9cb548c10,2026-10-04T09:04:10.486850+00:00,downloaded,"Lunar Sample Compendium, 12001.pdf",https://www.lpi.usra.edu/lunar/samples/atlas/compendium/12001.pdf,compendium,
12004,Apollo 12,https://www.lpi.usra.edu/lunar/samples/atlas/detail/?mission=Apollo%2012&sample=12004,6d360c8c9232beb10d19ef1b43ea5b5a85d466c78abfaa6b2d5be3c9d4ef326b,2026-10-04T09:04:11.277722+00:00,downloaded,"Lunar Sample Compendium, 12004.pdf",https://www.lpi.usra.edu/lunar/samples/atlas/compendium/12004.pdf,compendium,
12005,Apollo 12,https://www.lpi.usra.edu/lunar/samples/atlas/detail/?mission=Apollo%2012&sample=12005,f0ce29a8f0da549979b97dd00b9e8ca9f6ca28c643a6a00023d36ef514926d3e,2026-10-04T09:04:11.934650+00:00,downloaded,"Lunar Sample Compendium, 12005.pdf",https://www.lpi.usra.edu/lunar/samples/atlas/compendium/12005.pdf,compendium,
12006,Apollo 12,https://www.lpi.usra.edu/lunar/samples/atlas/detail/?mission=Apollo%2012&sample=12006,7ab80c3de16efc8864fb04473a5ac963d8a9886088f81ace76d2cca2f74e3b26,2026-10-04T09:04:12.626488+00:00,downloaded,"Lunar Sample Compendium, 12006.pdf",https://www.lpi.usra.edu/lunar/samples/atlas/compendium/12006.pdf,compendium,
12007,Apollo 12,https://www.lpi.usra.edu/lunar/samples/atlas/detail/?mission=Apollo%2012&sample=12007,4cdec2073457c879ddc2082c0dae1bc6746e2d213d8ead99daf321725d3f0fa3,2026-10-04T09:04:13.295160+00:00,downloaded,"Lunar Sample Compendium, 12007.pdf",https://www.lpi.usra.edu/lunar/samples/atlas/compendium/12007.pdf,compendium,
12008,Apollo 12,https://www.lpi.usra.edu/lunar/samples/atlas/detail/?mission=Apollo%2012&sample=12008,b4143b8ee7c31e32e898adf286c59f101faef4317968482bcce5785e383571be,2026-10-04T09:04:13.953559+00:00,downloaded,"Lunar Sample Compendium, 12008.pdf",https://www.lpi.usra.edu/lunar/samples/atlas/compendium/12008.pdf,compendium,
12009,Apollo 12,https://www.lpi.usra.edu/lunar/samples/atlas/detail/?mission=Apollo%2012&sample=12009,ebcc365de8355199a674596c83062052332c9adf231ad0d60daf4335a23dbbb5,2026-10-04T09:04:14.725463+00:00,downloaded,"Lunar Sample Compendium, 12009.pdf",https://www.lpi.usra.edu/lunar/samples/atlas/compendium/12009.pdf,compendium,
12010,Apollo 12,https://www.lpi.usra.edu/lunar/samples/atlas/detail/?mission=Apollo%2012&sample=12010,d333dd0bc7afd42de20d62cfe79eb7581662197ee0b56c4081690b1ee55b115c,2026-10-04T09:04:15.413776+00:00,downloaded,"Lunar Sample Compendium, 12010.pdf",https://www.lpi.usra.edu/lunar/samples/atlas/compendium/12010.pdf,compendium,
12011,Apollo 12,https://www.lpi.usra.edu/lunar/samples/atlas/detail/?mission=Apollo%2012&sample=12011,dc23641fb1db90d3f987f1c074da565eac2ac027fd9592dca8c0d830b79f6602,2026-10-04T09:04:16.070897+00:00,downloaded,"Lunar Sample Compendium, 12011.pdf",https://www.lpi.usra.edu/lunar/samples/atlas/compendium/12011.pdf,compendium,
12012,Apollo 12,https://www.lpi.usra.edu/lunar/samples/atlas/detail/?mission=Apollo%2012&sample=12012,57ae7751004997f271588c149b47e7c2879fcf94e1f8da5cf45e31a04dd675a1,2026-10-04T09:04:16.716292+00:00,downloaded,"Lunar Sample Compendium, 12012.pdf",https://www.lpi.usra.edu/lunar/samples/atlas/compendium/12012.pdf,compendium,
12014,Apollo 12,https://www.lpi.usra.edu/lunar/samples/atlas/detail/?mission=Apollo%2012&sample=12014,93c80823bef6c8b3f0daf9d7368fa10e599138664fae1850429c071195aa877a,2026-10-04T09:04:17.510630+00:00,downloaded,"Lunar Sample Compendium, 12014.pdf",https://www.lpi.usra.edu/lunar/samples/atlas/compendium/12014.pdf,compendium,
12015,Apollo 12,https://www.lpi.usra.edu/lunar/samples/atlas/detail/?mission=Apollo%2012&sample=12015,ad4a6c9bbd1328160b212b6a2f25b2b0eca511ed79d451f1c9f97c73f81f7ff5,2026-10-04T09:04:18.178167+00:00,downloaded,"Lunar Sample Compendium, 12015.pdf",https://www.lpi.usra.edu/lunar/samples/atlas/compendium/12015.pdf,compendium,
12016,Apollo 12,https://www.lpi.usra.edu/lunar/samples/atlas/detail/?mission=Apollo%2012&sample=12016,7a8001738877c0eb7a341d101610502b2fc9862c915f6b1ec9c8d4a7efe65c94,2026-10-04T09:04:18.858814+00:00,downloaded,"Lunar Sample Compendium, 12016.pdf",https://www.lpi.usra.edu/lunar/samples/atlas/compendium/12016.pdf,compendium,
12017,Apollo 12,https://www.lpi.usra.edu/lunar/samples/atlas/detail/?mission=Apollo%2012&sample=12017,12bf3b8219100c4b9dd90c79cdf976a9e0e317ef7c1f6747cbff404e45ce0425,2026-10-04T09:04:19.682034+00:00,downloaded,"Lunar Sample Compendium, 12017.pdf",https://www.lpi.usra.edu/lunar/samples/atlas/compendium/12017.pdf,compendium,
12018,Apollo 12,https://www.lpi.usra.edu/lunar/samples/atlas/detail/?mission=Apollo%2012&sample=12018,16e4748edd6097b6f965da18e04bff412d6fcbd71d787aac63e7b142df64097c,2026-10-04T09:04:20.363355+00:00,downloaded,"Lunar Sample Compendium, 12018.pdf",https://www.lpi.usra.edu/lunar/samples/atlas/compendium/12018.pdf,compendium,
12019,Apollo 12,https://www.lpi.usra.edu/lunar/samples/atlas/detail/?mission=Apollo%2012&sample=12019,4eb5365a12652dbd6ab7c4bb40ce73ded2c213e047b19075bbd90da72a589ec4,2026-10-04T09:04:21.180342+00:00,downloaded,"Lunar Sample Compendium, 12019.pdf",https://www.lpi.usra.edu/lunar/samples/atlas/compendium/12019.pdf,compendium,
12020,Apollo 12,https://www.lpi.usra.edu/lunar/samples/atlas/detail/?mission=Apollo%2012&sample=12020,5434cf749d119e5484f5237af8c7ac84ad9ba49b8f9b22ffea7c9e5cc0aa1fc2,2026-10-04T09:04:21.831974+00:00,downloaded,"Lunar Sample Compendium, 12020.pdf",https://www.lpi.usra.edu/lunar/samples/atlas/compendium/12020.pdf,compendium,
12021,Apollo 12,https://www.lpi.usra.edu/lunar/samples/atlas/detail/?mission=Apollo%2012&sample=12021,355379d6a5fc461c2aa648318c8890499791198fe71e95a366e7ca7a46d7bddb,2026-10-04T09:04:22.491805+00:00,downloaded,"Lunar Sample Compendium, 12021.pdf",https://www.lpi.usra.edu/lunar/samples/atlas/compendium/12021.pdf,compendium,
12022,Apollo 12,https://www.lpi.usra.edu/lunar/samples/atlas/detail/?mission=Apollo%2012&sample=12022,f3eac53b662034b5d4097599b178693e6f9d0b58c7847ae42c149e101f92ca0f,2026-10-04T09:04:23.183769+00:00,downloaded,"Lunar Sample Compendium, 12022.pdf",https://www.lpi.usra.edu/lunar/samples/atlas/compendium/12022.pdf,compendium,
12023,Apollo 12,https://www.lpi.usra.edu/lunar/samples/atlas/detail/?mission=Apollo%2012&sample=12023,3e3c816a038593d4363e3f50a510e2505439cbf122d2a084ed8a90c484cc970a,2026-10-04T09:04:23.968292+00:00,downloaded,"Lunar Sample Compendium, 12023.pdf",https://www.lpi.usra.edu/lunar/samples/atlas/compendium/12023.pdf,compendium,
12024,Apollo 12,https://www.lpi.usra.edu/lunar/samples/atlas/detail/?mission=Apollo%2012&sample=12024,326acd53e41dff226c7ab09cdf1a2dbea3f46623b607c1ad4f228f787f767def,2026-10-04T09:04:24.630246+00:00,downloaded,"Lunar Sample Compendium, 12023.pdf",https://www.lpi.usra.edu/lunar/samples/atlas/compendium/12023.pdf,compendium,
12025,Apollo 12,https://www.lpi.usra.edu/lunar/samples/atlas/detail/?mission=Apollo%2012&sample=12025,f6505b766ce79076df06894bb2335a2937667a3b732c4f875d6e2fe52d94ff83,2026-10-04T09:04:25.426374+00:00,downloaded,"Lunar Sample Compendium, 12028.pdf",https://www.lpi.usra.edu/lunar/samples/atlas/compendium/12028.pdf,compendium,
12027,Apollo 12,https://www.lpi.usra.edu/lunar/samples/atlas/detail/?mission=Apollo%2012&sample=12027,0c20ae96da990fc177983b1126efdca988552ac72975d198d118fe6675a1151d,2026-10-04T09:04:26.086369+00:00,downloaded,"Lunar Sample Compendium, 12027a.pdf",https://www.lpi.usra.edu/lunar/samples/atlas/compendium/12027a.pdf,compendium,
12028,Apollo 12,https://www.lpi.usra.edu/lunar/samples/atlas/detail/?mission=Apollo%2012&sample=12028,7c99dc9f8b2044a1c8de217857e2f082fd6e1050926317bf35c6fdf75c5e14e0,2026-10-04T09:04:26.741973+00:00,downloaded,"Lunar Sample Compendium, 12028.pdf",https://www.lpi.usra.edu/lunar/samples/atlas/compendium/12028.pdf,compendium,
12030,Apollo 12,https://www.lpi.usra.edu/lunar/samples/atlas/detail/?mission=Apollo%2012&sample=12030,aa3628a8c8e93d78379c81d48b211091e42902b0e8755499926fc3ec48087c4f,2026-10-04T09:04:27.533709+00:00,downloaded,"Lunar Sample Compendium, 12030.pdf",https://www.lpi.usra.edu/lunar/samples/atlas/compendium/12030.pdf,compendium,
12031,Apollo 12,https://www.lpi.usra.edu/lunar/samples/atlas/detail/?mission=Apollo%2012&sample=12031,eeb88abf95543272f60aa585f12e930a8f8ab0c48db645fdc1a0eff14a5773b7,2026-10-04T09:04:28.237089+00:00,downloaded,"Lunar Sample Compendium, 12031.pdf",https://www.lpi.usra.edu/lunar/samples/atlas/compendium/12031.pdf,compendium,
12032,Apollo 12,https://www.lpi.usra.edu/lunar/samples/atlas/detail/?mission=Apollo%2012&sample=12032,218202c710bffa6d5b93d97668f60b8195f452a7e1609562fd96c57603c32da3,2026-10-04T09:04:28.891600+00:00,downloaded,"Lunar Sample Compendium, 12032.pdf",https://www.lpi.usra.edu/lunar/samples/atlas/compendium/12032.pdf,compendium,
12033,Apollo 12,https://www.lpi.usra.edu/lunar/samples/atlas/detail/?mission=Apollo%2012&sample=12033,0b96f160236923b43de19c8ea07fa2f5cc6d741156e511eb27b183b1d4e12600,2026-10-04T09:04:29.671517+00:00,downloaded,"Lunar Sample Compendium, 12033.pdf",https://www.lpi.usra.edu/lunar/samples/atlas/compendium/12033.pdf,compendium,
12034,Apollo 12,https://www.lpi.usra.edu/lunar/samples/atlas/detail/?mission=Apollo%2012&sample=12034,833ada69fe148b34615d89e0ea6047e48ad0cec9061aa6c5cd465d939ac66aff,2026-10-04T09:04:30.451909+00:00,downloaded,"Lunar Sample Compendium, 12034.pdf",https://www.lpi.usra.edu/lunar/samples/atlas/compendium/12034.pdf,compendium,
12035,Apollo 12,https://www.lpi.usra.edu/lunar/samples/atlas/detail/?mission=Apollo%2012&sample=12035,23f7fc8575a49d88491488617057b7553828fa9b8bf198969e598861247b90a4,2026-10-04T09:04:31.266188+00:00,downloaded,"Lunar Sample Compendium, 12035.pdf",https://www.lpi.usra.edu/lunar/samples/atlas/compendium/12035.pdf,compendium,
12036,Apollo 12,https://www.lpi.usra.edu/lunar/samples/atlas/detail/?mission=Apollo%2012&sample=12036,5810b0419d2e6bd5487c2ba07ec2bb55713a4a8c4316feec8678030a9ad0d074,2026-10-04T09:04:31.956722+00:00,downloaded,"Lunar Sample Compendium, 12036.pdf",https://www.lpi.usra.edu/lunar/samples/atlas/compendium/12036.pdf,compendium,
12037,Apollo 12,https://www.lpi.usra.edu/lunar/samples/atlas/detail/?mission=Apollo%2012&sample=12037,8c3fac0703143eeed93f76a3ebc4769b42688383b9f909a68ad8612c8eb520bb,2026-10-04T09:04:32.662364+00:00,downloaded,"Lunar Sample Compendium, 12037.pdf",https://www.lpi.usra.edu/lunar/samples/atlas/compendium/12037.pdf,compendium,
12038,Apollo 12,https://www.lpi.usra.edu/lunar/samples/atlas/detail/?mission=Apollo%2012&sample=12038,dd20fa0e9e4ba2342881b1bd9419c99d63b6fa3375764f6c9208be8c10f98765,2026-10-04T09:04:33.324859+00:00,downloaded,"Lunar Sample Compendium, 12038.pdf",https://www.lpi.usra.edu/lunar/samples/atlas/compendium/12038.pdf,compendium,
12039,Apollo 12,https://www.lpi.usra.edu/lunar/samples/atlas/detail/?mission=Apollo%2012&sample=12039,16b8985ab90374ff4730acb60c7740523fb99a0b89295a35f791748ff8c46a7e,2026-10-04T09:04:34.018283+00:00,downloaded,"Lunar Sample Compendium, 12039.pdf",https://www.lpi.usra.edu/lunar/samples/atlas/compendium/12039.pdf,compendium,
12040,Apollo 12,https://www.lpi.usra.edu/lunar/samples/atlas/detail/?mission=Apollo%2012&sample=12040,0ee33dd93f4b392e73e815364781d3ccefa694a70a38f433ca2b307d120ffe72,2026-10-04T09:04:34.674576+00:00,downloaded,"Lunar Sample Compendium, 12040.pdf",https://www.lpi.usra.edu/lunar/samples/atlas/compendium/12040.pdf,compendium,
12041,Apollo 12,https://www.lpi.usra.edu/lunar/samples/atlas/detail/?mission=Apollo%2012&sample=12041,8d3b45f4aae9479bc013dde4352d5ec82077570d7c06a22c722688995112047f,2026-10-04T09:04:35.463284+00:00,downloaded,"Lunar Sample Compendium, 12041.pdf",https://www.lpi.usra.edu/lunar/samples/atlas/compendium/12041.pdf,compendium,
12042,Apollo 12,https://www.lpi.usra.edu/lunar/samples/atlas/detail/?mission=Apollo%2012&sample=12042,a16cc5b144ed037844e141304bb04689265d09fea06a534eda5e09ebe41692c3,2026-10-04T09:04:36.256202+00:00,downloaded,"Lunar Sample Compendium, 12042.pdf",https://www.lpi.usra.edu/lunar/samples/atlas/compendium/12042.pdf,compendium,
12043,Apollo 12,https://www.lpi.usra.edu/lunar/samples/atlas/detail/?mission=Apollo%2012&sample=12043,92fc0829b4f5599d16db9e07b32b0ccb765d1f20f2763e0bc566c0bbe2153474,2026-10-04T09:04:36.911494+00:00,downloaded,"Lunar Sample Compendium, 12043.pdf",https://www.lpi.usra.edu/lunar/samples/atlas/compendium/12043.pdf,compendium,
12044,Apollo 12,https://www.lpi.usra.edu/lunar/samples/atlas/detail/?mission=Apollo%2012&sample=12044,adf074cdbf5b2350ab31ad649776a2ad126c76bf991b0f1b91b0ed2cd16d3699,2026-10-04T09:04:37.578240+00:00,downloaded,"Lunar Sample Compendium, 12044.pdf",https://www.lpi.usra.edu/lunar/samples/atlas/compendium/12044.pdf,compendium,
12045,Apollo 12,https://www.lpi.usra.edu/lunar/samples/atlas/detail/?mission=Apollo%2012&sample=12045,494f85736cde693b6ceadbf34e6ae8d94c3241a81a1962a2d1853143e99d0292,2026-10-04T09:04:38.231468+00:00,downloaded,"Lunar Sample Compendium, 12045.pdf",https://www.lpi.usra.edu/lunar/samples/atlas/compendium/12045.pdf,compendium,
12046,Apollo 12,https://www.lpi.usra.edu/lunar/samples/atlas/detail/?mission=Apollo%2012&sample=12046,241f46a24103303b4302a494ab6b3f4ddd954e1950590d4d71ae4b824ab96022,2026-10-04T09:04:39.051969+00:00,downloaded,"Lunar Sample Compendium, 12046.pdf",https://www.lpi.usra.edu/lunar/samples/atlas/compendium/12046.pdf,compendium,
12047,Apollo 12,https://www.lpi.usra.edu/lunar/samples/atlas/detail/?mission=Apollo%2012&sample=12047,daafe76fdc6db65334383bf0f3d2c17c125e4665ee50af53b7f209b25af53e1d,2026-10-04T09:04:39.833423+00:00,downloaded,"Lunar Sample Compendium, 12047.pdf",https://www.lpi.usra.edu/lunar/samples/atlas/compendium/12047.pdf,compendium,
12051,Apollo 12,https://www.lpi.usra.edu/lunar/samples/atlas/detail/?mission=Apollo%2012&sample=12051,792a68cc63e0d052aa3cf3a5415ba796eb8ee4cbf0cbb221fedbb9ab84dbb699,2026-10-04T09:04:40.501060+00:00,downloaded,"Lunar Sample Compendium, 12051.pdf",https://www.lpi.usra.edu/lunar/samples/atlas/compendium/12051.pdf,compendium,
12052,Apollo 12,https://www.lpi.usra.edu/lunar/samples/atlas/detail/?mission=Apollo%2012&sample=12052,6fa18c57d2c586ae46e06f6c898676e914c2c962a8e687d9aa9950f7eefa2530,2026-10-04T09:04:41.300076+00:00,downloaded,"Lunar Sample Compendium, 12052.pdf",https://www.lpi.usra.edu/lunar/samples/atlas/compendium/12052.pdf,compendium,
12053,Apollo 12,https://www.lpi.usra.edu/lunar/samples/atlas/detail/?mission=Apollo%2012&sample=12053,49ed592e4eed62fe7c86049b57f4d7271241a8f19d54d491f32c32e7d9287248,2026-10-04T09:04:41.991679+00:00,downloaded,"Lunar Sample Compendium, 12053.pdf",https://www.lpi.usra.edu/lunar/samples/atlas/compendium/12053.pdf,compendium,
12054,Apollo 12,https://www.lpi.usra.edu/lunar/samples/atlas/detail/?mission=Apollo%2012&sample=12054,92c2d344c373e00567421d0b094430a65db94bce58b6029915a374e5c43bd750,2026-10-04T09:04:42.744007+00:00,downloaded,"Lunar Sample Compendium, 12054.pdf",https://www.lpi.usra.edu/lunar/samples/atlas/compendium/12054.pdf,compendium,
12055,Apollo 12,https://www.lpi.usra.edu/lunar/samples/atlas/detail/?mission=Apollo%2012&sample=12055,42032e8efadab6c812baeb542dc37b2615ee97692f380c3a978cb941c0ba8ae1,2026-10-04T09:04:43.604584+00:00,downloaded,"Lunar Sample Compendium, 12055.pdf",https://www.lpi.usra.edu/lunar/samples/atlas/compendium/12055.pdf,compendium,
12056,Apollo 12,https://www.lpi.usra.edu/lunar/samples/atlas/detail/?mission=Apollo%2012&sample=12056,4efec362a2bf62133d61adfeb43b98ea9be51b107fcb73c4a275d5e350cc77cb,2026-10-04T09:04:44.301172+00:00,downloaded,"Lunar Sample Compendium, 12056.pdf",https://www.lpi.usra.edu/lunar/samples/atlas/compendium/12056.pdf,compendium,
12062,Apollo 12,https://www.lpi.usra.edu/lunar/samples/atlas/detail/?mission=Apollo%2012&sample=12062,cab53fe07ddb70736912b5077f08158caaa4dc64960998f548e1736af839e935,2026-10-04T09:04:45.119662+00:00,downloaded,"Lunar Sample Compendium, 12062.pdf",https://www.lpi.usra.edu/lunar/samples/atlas/compendium/12062.pdf,compendium,
12063,Apollo 12,https://www.lpi.usra.edu/lunar/samples/atlas/detail/?mission=Apollo%2012&sample=12063,dbab87a9d40f926c496d93457f857d2000683b559d89614d0f3539ed0723daae,2026-10-04T09:04:45.815675+00:00,downloaded,"Lunar Sample Compendium, 12063.pdf",https://www.lpi.usra.edu/lunar/samples/atlas/compendium/12063.pdf,compendium,
12064,Apollo 12,https://www.lpi.usra.edu/lunar/samples/atlas/detail/?mission=Apollo%2012&sample=12064,c8dc79d08d8900f5979a188794a148e6d5d69cf29f81efe6fbe5eb85b675566d,2026-10-04T09:04:46.634825+00:00,downloaded,"Lunar Sample Compendium, 12064.pdf",https://www.lpi.usra.edu/lunar/samples/atlas/compendium/12064.pdf,compendium,
12065,Apollo 12,https://www.lpi.usra.edu/lunar/samples/atlas/detail/?mission=Apollo%2012&sample=12065,0688e862873f5303655ce2195aed7cf5238cb289581969baf56a1ce386dac412,2026-10-04T09:04:47.459788+00:00,downloaded,"Lunar Sample Compendium, 12065.pdf",https://www.lpi.usra.edu/lunar/samples/atlas/compendium/12065.pdf,compendium,
12070,Apollo 12,https://www.lpi.usra.edu/lunar/samples/atlas/detail/?mission=Apollo%2012&sample=12070,d1ad6b0d394b5259f6dc6676d0fd2ac30d6768af28fa25aebc927a837158def2,2026-10-04T09:04:48.148947+00:00,downloaded,"Lunar Sample Compendium, 12070.pdf",https://www.lpi.usra.edu/lunar/samples/atlas/compendium/12070.pdf,compendium,
12072,Apollo 12,https://www.lpi.usra.edu/lunar/samples/atlas/detail/?mission=Apollo%2012&sample=12072,2035a7f72d129728f7634389d900764d9c8d44e8cdd2e9c295fb4e3878bb7391,2026-10-04T09:04:48.804825+00:00,downloaded,"Lunar Sample Compendium, 12072.pdf",https://www.lpi.usra.edu/lunar/samples/atlas/compendium/12072.pdf,compendium,
12073,Apollo 12,https://www.lpi.usra.edu/lunar/samples/atlas/detail/?mission=Apollo%2012&sample=12073,de3caf74c582df8c3895c4e5a81afc635c16a6e91c689bab00b1907a97b92729,2026-10-04T09:04:49.458042+00:00,downloaded,"Lunar Sample Compendium, 12073.pdf",https://www.lpi.usra.edu/lunar/samples/atlas/compendium/12073.pdf,compendium,
12075,Apollo 12,https://www.lpi.usra.edu/lunar/samples/atlas/detail/?mission=Apollo%2012&sample=12075,17dad97fea67f10f1889f9038fcbe6611c95a45c159484abf7ec45fd78911ff1,2026-10-04T09:04:50.286686+00:00,downloaded,"Lunar Sample Compendium, 12075.pdf",https://www.lpi.usra.edu/lunar/samples/atlas/compendium/12075.pdf,compendium,
12076,Apollo 12,https://www.lpi.usra.edu/lunar/samples/atlas/detail/?mission=Apollo%2012&sample=12076,27f3ab73b07f3be848a3d5f5b63cf450717fc5ac0f6f719e36204ecfbd2b9e50,2026-10-04T09:04:51.102081+00:00,downloaded,"Lunar Sample Compendium, 12076.pdf",https://www.lpi.usra.edu/lunar/samples/atlas/compendium/12076.pdf,compendium,
12077,Apollo 12,https://www.lpi.usra.edu/lunar/samples/atlas/detail/?mission=Apollo%2012&sample=12077,b339bc9d0d30275fe0768d19afc1a6bb3a4143f6a69e3d8994018fe0e88c611f,2026-10-04T09:04:51.766475+00:00,downloaded,"Lunar Sample Compendium, 12077.pdf",https://www.lpi.usra.edu/lunar/samples/atlas/compendium/12077.pdf,compendium,
14006,Apollo 14,https://www.lpi.usra.edu/lunar/samples/atlas/detail/?mission=Apollo%2014&sample=14006,99fdcc01603cc51d4c82278b2fc6401aaa0a9082c3022420e23145a8372edf2e,2026-10-04T09:04:52.457860+00:00,downloaded,"Lunar Sample Compendium, 14006.pdf",https://www.lpi.usra.edu/lunar/samples/atlas/compendium/14006.pdf,compendium,
14008,Apollo 14,https://www.lpi.usra.edu/lunar/samples/atlas/detail/?mission=Apollo%2014&sample=14008,23f4ffcaa0009821882ac67aa9ca6e572b1d0e13bab4c03d1b66f2c84d67dc54,2026-10-04T09:04:53.145498+00:00,downloaded_no_pdf,,,,
14035,Apollo 14,https://www.lpi.usra.edu/lunar/samples/atlas/detail/?mission=Apollo%2014&sample=14035,6cb3b2d652ddd0f7226c03ba41845b419fcfaf2bdaf3444f2bee0c90764bbe06,2026-10-04T09:04:53.799959+00:00,downloaded_no_pdf,,,,
14041,Apollo 14,https://www.lpi.usra.edu/lunar/samples/atlas/detail/?mission=Apollo%2014&sample=14041,aac513bcbcaca160f903d6fd22deb2ba6deefc08f96799f8cc5c196e5a98dc0b,2026-10-04T09:04:54.445935+00:00,downloaded,"Lunar Sample Compendium, 14042.pdf",https://www.lpi.usra.edu/lunar/samples/atlas/compendium/14042.pdf,compendium,
14042,Apollo 14,https://www.lpi.usra.edu/lunar/samples/atlas/detail/?mission=Apollo%2014&sample=14042,70a640132d766eab13596f29135f5cdd3c90a26caf8cf5a133611331cd5a5d5f,2026-10-04T09:04:55.143281+00:00,downloaded,"Lunar Sample Compendium, 14042.pdf",https://www.lpi.usra.edu/lunar/samples/atlas/compendium/14042.pdf,compendium,
14045,Apollo 14,https://www.lpi.usra.edu/lunar/samples/atlas/detail/?mission=Apollo%2014&sample=14045,ba89bebbcc6e59e632b24a65a0642f9f268bde3e06c9ad8518fb4063726797f1,2026-10-04T09:04:55.865156+00:00,downloaded,"Lunar Sample Compendium, 14042.pdf",https://www.lpi.usra.edu/lunar/samples/atlas/compendium/14042.pdf,compendium,
14046,Apollo 14,https://www.lpi.usra.edu/lunar/samples/atlas/detail/?mission=Apollo%2014&sample=14046,ae9996944403ce6c424a9945d2808aa3579add5058c06c32470a13d9e9c8cebe,2026-10-04T09:04:56.557562+00:00,downloaded_no_pdf,,,,
14047,Apollo 14,https://www.lpi.usra.edu/lunar/samples/atlas/detail/?mission=Apollo%2014&sample=14047,ea120a4d85932bc67fa7fd93142a6305bdbde85cd5c17b8138d02576788922db,2026-10-04T09:04:57.249293+00:00,downloaded,"Lunar Sample Compendium, 14047.pdf",https://www.lpi.usra.edu/lunar/samples/atlas/compendium/14047.pdf,compendium,
14048,Apollo 14,https://www.lpi.usra.edu/lunar/samples/atlas/detail/?mission=Apollo%2014&sample=14048,006e2932dc0bce84e142601dec9fae0535047c32a05016b929162b7006cf8d78,2026-10-04T09:04:57.955881+00:00,downloaded_no_pdf,,,,
14049,Apollo 14,https://www.lpi.usra.edu/lunar/samples/atlas/detail/?mission=Apollo%2014&sample=14049,e6d13ac83091b9065c358f2f27946950dad27098a9805e17096387bbc9cdd528,2026-10-04T09:04:58.757605+00:00,downloaded,"Lunar Sample Compendium, 14049.pdf",https://www.lpi.usra.edu/lunar/samples/atlas/compendium/14049.pdf,compendium,
14051,Apollo 14,https://www.lpi.usra.edu/lunar/samples/atlas/detail/?mission=Apollo%2014&sample=14051,2108f21bd6b10c032d1bb017f295b4e6e0b9dc7f6c6bac9f3f5cd9c256a4e30b,2026-10-04T09:04:59.469824+00:00,downloaded,"Lunar Sample Compendium, 14051.pdf",https://www.lpi.usra.edu/lunar/samples/atlas/compendium/14051.pdf,compendium,
14052,Apollo 14,https://www.lpi.usra.edu/lunar/samples/atlas/detail/?mission=Apollo%2014&sample=14052,ebd595bc5abf3746ce30855de05190128ca6977fe85cda74f1ceecefdba654fb,2026-10-04T09:05:00.299712+00:00,downloaded_no_pdf,,,,
14053,Apollo 14,https://www.lpi.usra.edu/lunar/samples/atlas/detail/?mission=Apollo%2014&sample=14053,4191d37ef75e4f05ecf3f902e91962bb977b047552f1f30d0729b46832124733,2026-10-04T09:05:01.074192+00:00,downloaded,"Lunar Sample Compendium, 14053.pdf",https://www.lpi.usra.edu/lunar/samples/atlas/compendium/14053.pdf,compendium,
14054,Apollo 14,https://www.lpi.usra.edu/lunar/samples/atlas/detail/?mission=Apollo%2014&sample=14054,5cfd031cc58e8a47a4efffaeffdd17192bcf816a6d21fa89c54989008543da84,2026-10-04T09:05:01.772916+00:00,downloaded_no_pdf,,,,
14055,Apollo 14,https://www.lpi.usra.edu/lunar/samples/atlas/detail/?mission=Apollo%2014&sample=14055,0c2f07fdd5dc7a9bbe01da371aede5278043bcf35b0093720d85f651c3784071,2026-10-04T09:05:02.440289+00:00,downloaded,"Lunar Sample Compendium, 14055.pdf",https://www.lpi.usra.edu/lunar/samples/atlas/compendium/14055.pdf,compendium,
14056,Apollo 14,https://www.lpi.usra.edu/lunar/samples/atlas/detail/?mission=Apollo%2014&sample=14056,88874419dc8f441eac0d7dd5d3833ce9c3436c087917373d6da0f7872f161dc4,2026-10-04T09:05:03.277389+00:00,downloaded,"Lunar Sample Compendium, 14056.pdf",https://www.lpi.usra.edu/lunar/samples/atlas/compendium/14056.pdf,compendium,
14057,Apollo 14,https://www.lpi.usra.edu/lunar/samples/atlas/detail/?mission=Apollo%2014&sample=14057,f7a9fde0149cfc66cbab505a1419efd542a455aa283182addd1b6d7c42b4eb6c,2026-10-04T09:05:04.063968+00:00,downloaded,"Lunar Sample Compendium, 14056.pdf",https://www.lpi.usra.edu/lunar/samples/atlas/compendium/14056.pdf,compendium,
14058,Apollo 14,https://www.lpi.usra.edu/lunar/samples/atlas/detail/?mission=Apollo%2014&sample=14058,b538cbef2211aaa09b2375aa22d843460af14c6fb1f98990fb6e116665f23b2a,2026-10-04T09:05:04.849893+00:00,downloaded_no_pdf,,,,
14059,Apollo 14,https://www.lpi.usra.edu/lunar/samples/atlas/detail/?mission=Apollo%2014&sample=14059,9e1ca2bd6dfeec0f518378a1500aca0d4adb69d32d24b4fb18a1a4f7dc81f393,2026-10-04T09:05:05.498612+00:00,downloaded,"Lunar Sample Compendium, 14056.pdf",https://www.lpi.usra.edu/lunar/samples/atlas/compendium/14056.pdf,compendium,
14060,Apollo 14,https://www.lpi.usra.edu/lunar/samples/atlas/detail/?mission=Apollo%2014&sample=14060,32eb41b62ce556727cdee5d1772a3f0325930a79594316d21b9ec120d31652f1,2026-10-04T09:05:06.331416+00:00,downloaded,"Lunar Sample Compendium, 14056.pdf",https://www.lpi.usra.edu/lunar/samples/atlas/compendium/14056.pdf,compendium,
14061,Apollo 14,https://www.lpi.usra.edu/lunar/samples/atlas/detail/?mission=Apollo%2014&sample=14061,25a0cecc288b4ffc21602e6c58395f273422de4c8aa2bb9907c9cd5f531c17ab,2026-10-04T09:05:06.983788+00:00,downloaded,"Lunar Sample Compendium, 14056.pdf",https://www.lpi.usra.edu/lunar/samples/atlas/compendium/14056.pdf,compendium,
14063,Apollo 14,https://www.lpi.usra.edu/lunar/samples/atlas/detail/?mission=Apollo%2014&sample=14063,754a6baf5fb9e3f24aecfb5906ed39019cab46f36c2aedd7e9b04ddc493cc0bf,2026-10-04T09:05:07.768501+00:00,downloaded,"Lunar Sample Compendium, 14063.pdf",https://www.lpi.usra.edu/lunar/samples/atlas/compendium/14063.pdf,compendium,
14064,Apollo 14,https://www.lpi.usra.edu/lunar/samples/atlas/detail/?mission=Apollo%2014&sample=14064,2f820d2ef0c1568f4f61b4496e646db21545cc4c580d56de7d3382d8a84296a0,2026-10-04T09:05:08.465743+00:00,downloaded,"Lunar Sample Compendium, 14063.pdf",https://www.lpi.usra.edu/lunar/samples/atlas/compendium/14063.pdf,compendium,
14066,Apollo 14,https://www.lpi.usra.edu/lunar/samples/atlas/detail/?mission=Apollo%2014&sample=14066,0002dd844d63b68822b183f4c1702c111e2453e80be24ed0399765518bb77481,2026-10-04T09:05:09.307716+00:00,downloaded,"Lunar Sample Compendium, 14066.pdf",https://www.lpi.usra.edu/lunar/samples/atlas/compendium/14066.pdf,compendium,
14067,Apollo 14,https://www.lpi.usra.edu/lunar/samples/atlas/detail/?mission=Apollo%2014&sample=14067,71266cec948f75c281fb85c8a0a38b5fb5a560f9686e85f967a62addb54c8688,2026-10-04T09:05:10.141694+00:00,downloaded_no_pdf,,,,
14068,Apollo 14,https://www.lpi.usra.edu/lunar/samples/atlas/detail/?mission=Apollo%2014&sample=14068,c5e67aa3608b86499cf0b5efb02543259514eed80b12f71062a6565de8a9aaee,2026-10-04T09:05:10.938788+00:00,downloaded,"Lunar Sample Compendium, 14068.pdf",https://www.lpi.usra.edu/lunar/samples/atlas/compendium/14068.pdf,compendium,
14069,Apollo 14,https://www.lpi.usra.edu/lunar/samples/atlas/detail/?mission=Apollo%2014&sample=14069,b71ebc7dba587896eb3b677806820265b32ebc1ad072720fd69213a1bb340cb4,2026-10-04T09:05:11.648439+00:00,downloaded,"Lunar Sample Compendium, 14070.pdf",https://www.lpi.usra.edu/lunar/samples/atlas/compendium/14070.pdf,compendium,
14070,Apollo 14,https://www.lpi.usra.edu/lunar/samples/atlas/detail/?mission=Apollo%2014&sample=14070,bf57f88f7410d9b8eb5e9ff45281efd142ee67c4d80cd5eeab84c43f568b8431,2026-10-04T09:05:12.484787+00:00,downloaded,"Lunar Sample Compendium, 14070.pdf",https://www.lpi.usra.edu/lunar/samples/atlas/compendium/14070.pdf,compendium,
14071,Apollo 14,https://www.lpi.usra.edu/lunar/samples/atlas/detail/?mission=Apollo%2014&sample=14071,28003ac7ba7a603b2a2c76d3df0b513f5172099152c8e9d9379c2e4ec6953b56,2026-10-04T09:05:13.189951+00:00,downloaded,"Lunar Sample Compendium, 14071.pdf",https://www.lpi.usra.edu/lunar/samples/atlas/compendium/14071.pdf,compendium,
14072,Apollo 14,https://www.lpi.usra.edu/lunar/samples/atlas/detail/?mission=Apollo%2014&sample=14072,6c914296b620056e84bbecce743f39e2da2e5df6dbc10da703d6f4e34ae9cbde,2026-10-04T09:05:14.005799+00:00,downloaded,"Lunar Sample Compendium, 14072.pdf",https://www.lpi.usra.edu/lunar/samples/atlas/compendium/14072.pdf,compendium,
14073,Apollo 14,https://www.lpi.usra.edu/lunar/samples/atlas/detail/?mission=Apollo%2014&sample=14073,6da742f6ca0881dd2cca356e4c5dab538e01001b4d7847528e4d38bae2efbea6,2026-10-04T09:05:14.699736+00:00,downloaded,"Lunar Sample Compendium, 14073.pdf",https://www.lpi.usra.edu/lunar/samples/atlas/compendium/14073.pdf,compendium,
14074,Apollo 14,https://www.lpi.usra.edu/lunar/samples/atlas/detail/?mission=Apollo%2014&sample=14074,c22d5f808e3abb4aa85610dfaf696296c68d304a2a5e7d718528c00e318e5218,2026-10-04T09:05:15.392613+00:00,downloaded,"Lunar Sample Compendium, 14078.pdf",https://www.lpi.usra.edu/lunar/samples/atlas/compendium/14078.pdf,compendium,
14075,Apollo 14,https://www.lpi.usra.edu/lunar/samples/atlas/detail/?mission=Apollo%2014&sample=14075,43b1fffe98dc5f1a0b55257b392a757a52d2efc30dae41eea8d67bde5ecdd4ee,2026-10-04T09:05:16.198055+00:00,downloaded_no_pdf,,,,
14076,Apollo 14,https://www.lpi.usra.edu/lunar/samples/atlas/detail/?mission=Apollo%2014&sample=14076,a2a9ec4c7e0d8cd048904ad3ab7c4b689d2ee568a514336f42907103eb3e4ba3,2026-10-04T09:05:16.992178+00:00,downloaded,"Lunar Sample Compendium, 14076.pdf",https://www.lpi.usra.edu/lunar/samples/atlas/compendium/14076.pdf,compendium,
14077,Apollo 14,https://www.lpi.usra.edu/lunar/samples/atlas/detail/?mission=Apollo%2014&sample=14077,6f30584383b9d726bb716d93023b00511d5936dbc418c33f4061e5262f92fb1f,2026-10-04T09:05:17.787827+00:00,downloaded,"Lunar Sample Compendium, 14078.pdf",https://www.lpi.usra.edu/lunar/samples/atlas/compendium/14078.pdf,compendium,
14078,Apollo 14,https://www.lpi.usra.edu/lunar/samples/atlas/detail/?mission=Apollo%2014&sample=14078,6f489618832c33e1047d1d7810003efc6368e263b98e27be860485d753072a8f,2026-10-04T09:05:18.446386+00:00,downloaded,"Lunar Sample Compendium, 14078.pdf",https://www.lpi.usra.edu/lunar/samples/atlas/compendium/14078.pdf,compendium,
14079,Apollo 14,https://www.lpi.usra.edu/lunar/samples/atlas/detail/?mission=Apollo%2014&sample=14079,912d44087021ad0b76d48c06bddfe7862f2a93b84e63690dbddb4b9b941c52a2,2026-10-04T09:05:19.223967+00:00,downloaded,"Lunar Sample Compendium, 14078.pdf",https://www.lpi.usra.edu/lunar/samples/atlas/compendium/14078.pdf,compendium,
14080,Apollo 14,https://www.lpi.usra.edu/lunar/samples/atlas/detail/?mission=Apollo%2014&sample=14080,ecd4dd3163ea923020d9457ead46b242f84a0e7ba3f540103c6c9a3a8b17ff10,2026-10-04T09:05:20.035542+00:00,downloaded_no_pdf,,,,
14081,Apollo 14,https://www.lpi.usra.edu/lunar/samples/atlas/detail/?mission=Apollo%2014&sample=14081,12d1ffdbab913fb4d8a8d1934b76e6602e7cf021f3fd3365bfc5b4fa8ebbb199,2026-10-04T09:05:20.712093+00:00,downloaded_no_pdf,,,,
14082,Apollo 14,https://www.lpi.usra.edu/lunar/samples/atlas/detail/?mission=Apollo%2014&sample=14082,afbd5c5e1457cac4c8f962033cb34907f7be629f7507edd2f8569ee5dec0d33a,2026-10-04T09:05:21.589724+00:00,downloaded,"Lunar Sample Compendium, 14082.pdf",https://www.lpi.usra.edu/lunar/samples/atlas/compendium/14082.pdf,compendium,
14083,Apollo 14,https://www.lpi.usra.edu/lunar/samples/atlas/detail/?mission=Apollo%2014&sample=14083,af00cef62c4fc872e373e86f23f98b6fd9e3cc24826fbd9e94f6c726136db242,2026-10-04T09:05:22.419186+00:00,downloaded,"Lunar Sample Compendium, 14082.pdf",https://www.lpi.usra.edu/lunar/samples/atlas/compendium/14082.pdf,compendium,
14084,Apollo 14,https://www.lpi.usra.edu/lunar/samples/atlas/detail/?mission=Apollo%2014&sample=14084,275767d4ab4214ea6a5906930686bd5b2d10ed48c9022adb93b66a5fabf25b0d,2026-10-04T09:05:23.213709+00:00,downloaded_no_pdf,,,,
14140,Apollo 14,https://www.lpi.usra.edu/lunar/samples/atlas/detail/?mission=Apollo%2014&sample=14140,56d86dc41794ee1f7d57197660be53f06b3f1fff636817058bd7a6d040ad022b,2026-10-04T09:05:23.989672+00:00,downloaded_no_pdf,,,,
14141,Apollo 14,https://www.lpi.usra.edu/lunar/samples/atlas/detail/?mission=Apollo%2014&sample=14141,6366f273325a221bd0e9b9560b27f1fc1f152b7491de21afdc8606c5a7bdc24c,2026-10-04T09:05:24.637945+00:00,downloaded,"Lunar Sample Compendium, 14141.pdf",https://www.lpi.usra.edu/lunar/samples/atlas/compendium/14141.pdf,compendium,
14142,Apollo 14,https://www.lpi.usra.edu/lunar/samples/atlas/detail/?mission=Apollo%2014&sample=14142,56b930a30c3c629dce9c1b946beb96e7c3adfc50f233413cfee842e2714cb7cb,2026-10-04T09:05:25.416415+00:00,downloaded_no_pdf,,,,
14143,Apollo 14,https://www.lpi.usra.edu/lunar/samples/atlas/detail/?mission=Apollo%2014&sample=14143,b93b4d4bcf73232e01c8f177e11be217ac10ca344b38ccfbc16864bad0c4e56a,2026-10-04T09:05:26.066853+00:00,downloaded_no_pdf,,,,
14144,Apollo 14,https://www.lpi.usra.edu/lunar/samples/atlas/detail/?mission=Apollo%2014&sample=14144,75fb5c1b23069accbd454b54fc9171075350f25a641d46b47d18abb5eddd33d5,2026-10-04T09:05:26.719430+00:00,downloaded_no_pdf,,,,
14148,Apollo 14,https://www.lpi.usra.edu/lunar/samples/atlas/detail/?mission=Apollo%2014&sample=14148,a4acf0e0d80337f1b0aa04d5aa37b6d03099bc0d55cc2b2372735a63197f67cc,2026-10-04T09:05:27.371419+00:00,downloaded,"Lunar Sample Compendium, 14149.pdf",https://www.lpi.usra.edu/lunar/samples/atlas/compendium/14149.pdf,compendium,
14149,Apollo 14,https://www.lpi.usra.edu/lunar/samples/atlas/detail/?mission=Apollo%2014&sample=14149,9a66c9a484041610141d8ce40abb456650b4b627126f704014e81f651186997f,2026-10-04T09:05:28.143322+00:00,downloaded,"Lunar Sample Compendium, 14149.pdf",https://www.lpi.usra.edu/lunar/samples/atlas/compendium/14149.pdf,compendium,
14156,Apollo 14,https://www.lpi.usra.edu/lunar/samples/atlas/detail/?mission=Apollo%2014&sample=14156,5e7c05c7d83f81d67c0ebba895941bb1b81d59966b702ed18e883a0c4ba8656c,2026-10-04T09:05:28.915981+00:00,downloaded,"Lunar Sample Compendium, 14149.pdf",https://www.lpi.usra.edu/lunar/samples/atlas/compendium/14149.pdf,compendium,
14163,Apollo 14,https://www.lpi.usra.edu/lunar/samples/atlas/detail/?mission=Apollo%2014&sample=14163,ca32b2e8a0f2bd08d4713e0caca2332d46cb30543a73db47e4de65f403e40bf0,2026-10-04T09:05:29.566127+00:00,downloaded,"Lunar Sample Compendium, 14163.pdf",https://www.lpi.usra.edu/lunar/samples/atlas/compendium/14163.pdf,compendium,
14165,Apollo 14,https://www.lpi.usra.edu/lunar/samples/atlas/detail/?mission=Apollo%2014&sample=14165,a6e9f8b918073d4147a6fbae96f2207864ad605514ba4717072704065a95a5bf,2026-10-04T09:05:30.215846+00:00,downloaded_no_pdf,,,,
14166,Apollo 14,https://www.lpi.usra.edu/lunar/samples/atlas/detail/?mission=Apollo%2014&sample=14166,5fa93a6f406df253d8b92afe42b8d53ec570ba05cd813670816627fe0442c886,2026-10-04T09:05:30.999519+00:00,downloaded_no_pdf,,,,
14167,Apollo 14,https://www.lpi.usra.edu/lunar/samples/atlas/detail/?mission=Apollo%2014&sample=14167,d237ea59bea419b19345cba39c63b3b4ad1f9dea2784bb43b135f35a277cd6ea,2026-10-04T09:05:31.658202+00:00,downloaded_no_pdf,,,,
14168,Apollo 14,https://www.lpi.usra.edu/lunar/samples/atlas/detail/?mission=Apollo%2014&sample=14168,0b440f190f5a9210229bee0d5041ff2bdb08232ab1f1e266a2d630ec4916c52d,2026-10-04T09:05:32.306941+00:00,downloaded,"Lunar Sample Compendium, 14168.pdf",https://www.lpi.usra.edu/lunar/samples/atlas/compendium/14168.pdf,compendium,
14169,Apollo 14,https://www.lpi.usra.edu/lunar/samples/atlas/detail/?mission=Apollo%2014&sample=14169,a70ffe2546b781ce9e55d7225af5de9bfb449eebb38abbc13df7bd623244a5b2,2026-10-04T09:05:33.083925+00:00,downloaded,"Lunar Sample Compendium, 14169.pdf",https://www.lpi.usra.edu/lunar/samples/atlas/compendium/14169.pdf,compendium,
14170,Apollo 14,https://www.lpi.usra.edu/lunar/samples/atlas/detail/?mission=Apollo%2014&sample=14170,377282028051e76cf7a1c9816d9c4244dfe8474f43bbe2cf0db717054d04b3ea,2026-10-04T09:05:33.895188+00:00,downloaded,"Lunar Sample Compendium, 14169.pdf",https://www.lpi.usra.edu/lunar/samples/atlas/compendium/14169.pdf,compendium,
14171,Apollo 14,https://www.lpi.usra.edu/lunar/samples/atlas/detail/?mission=Apollo%2014&sample=14171,addf3aea703be69ee49c1a1516276a3b0ca549bb3ef6bc1c28ae9014557b2cff,2026-10-04T09:05:34.575678+00:00,downloaded,"Lunar Sample Compendium, 14169.pdf",https://www.lpi.usra.edu/lunar/samples/atlas/compendium/14169.pdf,compendium,
14172,Apollo 14,https://www.lpi.usra.edu/lunar/samples/atlas/detail/?mission=Apollo%2014&sample=14172,b197313f3131c00b858d8f5176fadb3fd714a13ef6949628afa1d06b03bb29bd,2026-10-04T09:05:35.414591+00:00,downloaded,"Lunar Sample Compendium, 14169.pdf",https://www.lpi.usra.edu/lunar/samples/atlas/compendium/14169.pdf,compendium,
14173,Apollo 14,https://www.lpi.usra.edu/lunar/samples/atlas/detail/?mission=Apollo%2014&sample=14173,3c4546b19fc91f424ed79b7629689656d80af8f6669116972988ef15ddf6c07f,2026-10-04T09:05:36.539185+00:00,downloaded,"Lunar Sample Compendium, 14169.pdf",https://www.lpi.usra.edu/lunar/samples/atlas/compendium/14169.pdf,compendium,
14174,Apollo 14,https://www.lpi.usra.edu/lunar/samples/atlas/detail/?mission=Apollo%2014&sample=14174,b5bb2c398bf1c036f03c591637f598f729095453d02a06517c9a6510d4d162c5,2026-10-04T09:05:37.354248+00:00,downloaded,"Lunar Sample Compendium, 14169.pdf",https://www.lpi.usra.edu/lunar/samples/atlas/compendium/14169.pdf,compendium,
14175,Apollo 14,https://www.lpi.usra.edu/lunar/samples/atlas/detail/?mission=Apollo%2014&sample=14175,7198210e4f1c2f61a5fb40f968df1a5e364f40ae4c18b2a514a2095cb4a02d24,2026-10-04T09:05:38.193428+00:00,downloaded,"Lunar Sample Compendium, 14169.pdf",https://www.lpi.usra.edu/lunar/samples/atlas/compendium/14169.pdf,compendium,
14176,Apollo 14,https://www.lpi.usra.edu/lunar/samples/atlas/detail/?mission=Apollo%2014&sample=14176,a3c7ca02630283c2cde3dabd5451f104e3930cb25166ebff3dece1d1dbe36257,2026-10-04T09:05:39.431028+00:00,downloaded_no_pdf,,,,
14177,Apollo 14,https://www.lpi.usra.edu/lunar/samples/atlas/detail/?mission=Apollo%2014&sample=14177,3279f1fc2c274417ee688cce51440c3b7d5466a79cd68cad6cc6afa29979ef81,2026-10-04T09:05:40.521004+00:00,downloaded_no_pdf,,,,
14178,Apollo 14,https://www.lpi.usra.edu/lunar/samples/atlas/detail/?mission=Apollo%2014&sample=14178,3be2487a3d10ba8c543a1ddd3b35113b70fc91f8d0fccebdcaf14d5ea769fbf4,2026-10-04T09:05:41.719120+00:00,downloaded_no_pdf,,,,
14179,Apollo 14,https://www.lpi.usra.edu/lunar/samples/atlas/detail/?mission=Apollo%2014&sample=14179,e030eb29c9791d97cfaf1c316bde064172d64b19ce33e224a3cd2f71a7a4c06a,2026-10-04T09:05:42.939904+00:00,downloaded,"Lunar Sample Compendium, 14179.pdf",https://www.lpi.usra.edu/lunar/samples/atlas/compendium/14179.pdf,compendium,
14180,Apollo 14,https://www.lpi.usra.edu/lunar/samples/atlas/detail/?mission=Apollo%2014&sample=14180,704e76e83bf2519c7b0ad7dfb87271a6bc705a68732d586a4d426398c95b1aa6,2026-10-04T09:05:44.161279+00:00,downloaded_no_pdf,,,,
14181,Apollo 14,https://www.lpi.usra.edu/lunar/samples/atlas/detail/?mission=Apollo%2014&sample=14181,379fa4e706600671d08c95e6d1d168b49342c1494912180a46e8bdfb449fb0f8,2026-10-04T09:05:45.013834+00:00,downloaded,"Lunar Sample Compendium, 14181.pdf",https://www.lpi.usra.edu/lunar/samples/atlas/compendium/14181.pdf,compendium,
14182,Apollo 14,https://www.lpi.usra.edu/lunar/samples/atlas/detail/?mission=Apollo%2014&sample=14182,4203b293cf863e59bf5b653a7259509c252a547b88d44d8c6581e842afb9a270,2026-10-04T09:05:45.662890+00:00,downloaded_no_pdf,,,,
14183,Apollo 14,https://www.lpi.usra.edu/lunar/samples/atlas/detail/?mission=Apollo%2014&sample=14183,66b6d9a9dec653106b665fd7e94676c277fb7c419131188ec4acfdc9da7cea9f,2026-10-04T09:05:46.485400+00:00,downloaded_no_pdf,,,,
14184,Apollo 14,https://www.lpi.usra.edu/lunar/samples/atlas/detail/?mission=Apollo%2014&sample=14184,9224ab894de300a347222bad587b424d58f953696ed4cd4a3f246511b3e01496,2026-10-04T09:05:47.288156+00:00,downloaded_no_pdf,,,,
14185,Apollo 14,https://www.lpi.usra.edu/lunar/samples/atlas/detail/?mission=Apollo%2014&sample=14185,1ca3e804cfd70c0c115dbcc2a4c166b9940bf1111f2e0acedb113e2f5d3c75ca,2026-10-04T09:05:48.080229+00:00,downloaded_no_pdf,,,,
14186,Apollo 14,https://www.lpi.usra.edu/lunar/samples/atlas/detail/?mission=Apollo%2014&sample=14186,1f7e7075500d8843cf2a027cf0e2068c7a217a5b4149e7d0a26064b18c7190b9,2026-10-04T09:05:48.733992+00:00,downloaded_no_pdf,,,,
14187,Apollo 14,https://www.lpi.usra.edu/lunar/samples/atlas/detail/?mission=Apollo%2014&sample=14187,c3faccb3419048a69352a7b02d7cae5f0075ea229182f18bd7489d29af672c00,2026-10-04T09:05:49.505879+00:00,downloaded_no_pdf,,,,
14188,Apollo 14,https://www.lpi.usra.edu/lunar/samples/atlas/detail/?mission=Apollo%2014&sample=14188,027524927c7b2b11226c5a36803ec34650c06d765cbfd8f90a1eddc5acdf9565,2026-10-04T09:05:50.296828+00:00,downloaded_no_pdf,,,,
14189,Apollo 14,https://www.lpi.usra.edu/lunar/samples/atlas/detail/?mission=Apollo%2014&sample=14189,1b94b458252984849b8842f10dcaacc865d02f4a3f12f66aead46dbf78573555,2026-10-04T09:05:50.948759+00:00,downloaded_no_pdf,,,,
14194,Apollo 14,https://www.lpi.usra.edu/lunar/samples/atlas/detail/?mission=Apollo%2014&sample=14194,2b1bde1d3f02dce62924e4739db9a21bf2f3093c38e016248b3d9dba32cf967b,2026-10-04T09:05:51.732329+00:00,downloaded_no_pdf,,,,
14195,Apollo 14,https://www.lpi.usra.edu/lunar/samples/atlas/detail/?mission=Apollo%2014&sample=14195,5a238d19798d718042f263b697c7ba517aed5bd0c5a7706d030af32fd0e6743a,2026-10-04T09:05:52.384427+00:00,downloaded_no_pdf,,,,
14196,Apollo 14,https://www.lpi.usra.edu/lunar/samples/atlas/detail/?mission=Apollo%2014&sample=14196,9df5f863d5747ec41e2b32983f57f8044a6a92e8223a6cc399f80a8f0cc16ae4,2026-10-04T09:05:53.058124+00:00,downloaded_no_pdf,,,,
14197,Apollo 14,https://www.lpi.usra.edu/lunar/samples/atlas/detail/?mission=Apollo%2014&sample=14197,c17cd4cc6fb7e36f80bdf10b4d3ffaf8c9edc3d07eb3bd53ab12ed36d379ec2e,2026-10-04T09:05:53.729585+00:00,downloaded_no_pdf,,,,
14198,Apollo 14,https://www.lpi.usra.edu/lunar/samples/atlas/detail/?mission=Apollo%2014&sample=14198,f79405a5672148754d1cf148c806e4c117ffbab7e6afef6e6d6c12bfbe21d016,2026-10-04T09:05:54.522406+00:00,downloaded_no_pdf,,,,
14199,Apollo 14,https://www.lpi.usra.edu/lunar/samples/atlas/detail/?mission=Apollo%2014&sample=14199,3212ee523a331fc33324a0b9f0f020915e4b3a5dd48ee65f5773797d2e6303dd,2026-10-04T09:05:55.290101+00:00,downloaded_no_pdf,,,,
14200,Apollo 14,https://www.lpi.usra.edu/lunar/samples/atlas/detail/?mission=Apollo%2014&sample=14200,6d44f78909c88fb45945a82d97af7b40f32c38ebd43646dad079bdbb87e94c20,2026-10-04T09:05:56.090117+00:00,downloaded_no_pdf,,,,
14201,Apollo 14,https://www.lpi.usra.edu/lunar/samples/atlas/detail/?mission=Apollo%2014&sample=14201,969ab5deeb7887e6994cad44bf6bf9de792b400c3728dfe1221ce4cba986976c,2026-10-04T09:05:56.876458+00:00,downloaded_no_pdf,,,,
14210,Apollo 14,https://www.lpi.usra.edu/lunar/samples/atlas/detail/?mission=Apollo%2014&sample=14210,35772759ad2bca5902f6d0383a4c5e76ac0364fb28866b08b100332e5ce1c204,2026-10-04T09:05:57.535345+00:00,downloaded,"Lunar Sample Compendium, 14211.pdf",https://www.lpi.usra.edu/lunar/samples/atlas/compendium/14211.pdf,compendium,
14211,Apollo 14,https://www.lpi.usra.edu/lunar/samples/atlas/detail/?mission=Apollo%2014&sample=14211,06bead280cf15baab1ab76958e99f64844b010b0fcce94f1fc7b52e906175cfb,2026-10-04T09:05:58.324707+00:00,downloaded,"Lunar Sample Compendium, 14211.pdf",https://www.lpi.usra.edu/lunar/samples/atlas/compendium/14211.pdf,compendium,
14220,Apollo 14,https://www.lpi.usra.edu/lunar/samples/atlas/detail/?mission=Apollo%2014&sample=14220,08e5ce45fc39f12b49bcd5718d011b0de56bc4a18fa6018821cbb7301ec7aaae,2026-10-04T09:05:59.112246+00:00,downloaded,"Lunar Sample Compendium, 14220.pdf",https://www.lpi.usra.edu/lunar/samples/atlas/compendium/14220.pdf,compendium,
14230,Apollo 14,https://www.lpi.usra.edu/lunar/samples/atlas/detail/?mission=Apollo%2014&sample=14230,82f21552b69d00b3d0924388c290df9262c3775f78aef45573696d09cd046857,2026-10-04T09:05:59.892605+00:00,downloaded,"Lunar Sample Compendium, 14230.pdf",https://www.lpi.usra.edu/lunar/samples/atlas/compendium/14230.pdf,compendium,
14240,Apollo 14,https://www.lpi.usra.edu/lunar/samples/atlas/detail/?mission=Apollo%2014&sample=14240,9ef7ea63f1c81505b36676253ef9e120b0a1adb271bb519cf6314a8c26f86ff1,2026-10-04T09:06:02.829909+00:00,downloaded,"Lunar Sample Compendium, 14240.pdf",https://www.lpi.usra.edu/lunar/samples/atlas/compendium/14240.pdf,compendium,
14250,Apollo 14,https://www.lpi.usra.edu/lunar/samples/atlas/detail/?mission=Apollo%2014&sample=14250,2415700fd1d686bd0e710da0ea65f30c9370aa739c68f85b9d74d1b7f1ce1737,2026-10-04T09:06:03.600168+00:00,downloaded_no_pdf,,,,
14251,Apollo 14,https://www.lpi.usra.edu/lunar/samples/atlas/detail/?mission=Apollo%2014&sample=14251,ddb629231a7ace8578f70d200e7c93bb8bfaaae4d78a43288e0333422d1e9d9d,2026-10-04T09:06:04.425734+00:00,downloaded_no_pdf,,,,
14252,Apollo 14,https://www.lpi.usra.edu/lunar/samples/atlas/detail/?mission=Apollo%2014&sample=14252,15521c30689074aae5a215bca8b482d9d013cf774f4b9213248276c00f1ebd09,2026-10-04T09:06:05.080003+00:00,downloaded_no_pdf,,,,
14253,Apollo 14,https://www.lpi.usra.edu/lunar/samples/atlas/detail/?mission=Apollo%2014&sample=14253,d3795ba1aec9c8093773420a6fa2965f2ddc7c23547805e112a45340d6219484,2026-10-04T09:06:05.868613+00:00,downloaded_no_pdf,,,,
14254,Apollo 14,https://www.lpi.usra.edu/lunar/samples/atlas/detail/?mission=Apollo%2014&sample=14254,db0ce83c12987bf3ef3a68f987b37b3e2f45912ce19cd724105dcc94acae4e49,2026-10-04T09:06:06.664512+00:00,downloaded_no_pdf,,,,
14255,Apollo 14,https://www.lpi.usra.edu/lunar/samples/atlas/detail/?mission=Apollo%2014&sample=14255,2373970704e12c8deb87fdba0e9b4d111048b2a2ea2dad36989639763e6e3025,2026-10-04T09:06:07.490307+00:00,downloaded,"Lunar Sample Compendium, 14255.pdf",https://www.lpi.usra.edu/lunar/samples/atlas/compendium/14255.pdf,compendium,
14256,Apollo 14,https://www.lpi.usra.edu/lunar/samples/atlas/detail/?mission=Apollo%2014&sample=14256,5b914b3b4707b2f02d2fbc79e11c6b8950ec1bf8269a54cde53b56dfd0145e0b,2026-10-04T09:06:08.296633+00:00,downloaded_no_pdf,,,,
14257,Apollo 14,https://www.lpi.usra.edu/lunar/samples/atlas/detail/?mission=Apollo%2014&sample=14257,09c673accde06c6d53604923f417218a370a8203b7f45baed93765c074eb4718,2026-10-04T09:06:09.076819+00:00,downloaded_no_pdf,,,,
14258,Apollo 14,https://www.lpi.usra.edu/lunar/samples/atlas/detail/?mission=Apollo%2014&sample=14258,8bb345e4bc14e10f9e0c9c6be527e335773907079e86b61bd17438a90f3cb886,2026-10-04T09:06:09.863248+00:00,downloaded_no_pdf,,,,
14259,Apollo 14,https://www.lpi.usra.edu/lunar/samples/atlas/detail/?mission=Apollo%2014&sample=14259,81eabd75aa49ad0c7f23cddb827ce9389ca201e1a73c426dcebba4db3a729c54,2026-10-04T09:06:10.515564+00:00,downloaded,"Lunar Sample Compendium, 14259.pdf",https://www.lpi.usra.edu/lunar/samples/atlas/compendium/14259.pdf,compendium,
14260,Apollo 14,https://www.lpi.usra.edu/lunar/samples/atlas/detail/?mission=Apollo%2014&sample=14260,6fad7649c9bdc42a2080b7343180d827924842c037c91a284fa10ea71a208e3d,2026-10-04T09:06:11.320857+00:00,downloaded,"Lunar Sample Compendium, 14260.pdf",https://www.lpi.usra.edu/lunar/samples/atlas/compendium/14260.pdf,compendium,
14261,Apollo 14,https://www.lpi.usra.edu/lunar/samples/atlas/detail/?mission=Apollo%2014&sample=14261,99764f370217f27fa5af0dac84482ccd0a42131818fa5aca56b3e6537aa0579e,2026-10-04T09:06:12.025791+00:00,downloaded_no_pdf,,,,
14263,Apollo 14,https://www.lpi.usra.edu/lunar/samples/atlas/detail/?mission=Apollo%2014&sample=14263,266db780661944ce224d8d58ce14cbf191381f8ca8d3d0aae47360d6a9293b92,2026-10-04T09:06:12.673863+00:00,downloaded_no_pdf,,,,
14264,Apollo 14,https://www.lpi.usra.edu/lunar/samples/atlas/detail/?mission=Apollo%2014&sample=14264,a3045de5cbda1d6906421870f410e5c07fe3b35a145c43c7023b6724a5a1e4c7,2026-10-04T09:06:13.497768+00:00,downloaded,"Lunar Sample Compendium, 14264.pdf",https://www.lpi.usra.edu/lunar/samples/atlas/compendium/14264.pdf,compendium,
14265,Apollo 14,https://www.lpi.usra.edu/lunar/samples/atlas/detail/?mission=Apollo%2014&sample=14265,637936275a48da5c0a55ea7e84f3344fe0334f2580d11e706d08323e623f5066,2026-10-04T09:06:14.202808+00:00,downloaded,"Lunar Sample Compendium, 14265.pdf",https://www.lpi.usra.edu/lunar/samples/atlas/compendium/14265.pdf,compendium,
14266,Apollo 14,https://www.lpi.usra.edu/lunar/samples/atlas/detail/?mission=Apollo%2014&sample=14266,96d931db9fc9d54f9819b1a30d1eec302166f52d752d73b19b9d9f856e506d81,2026-10-04T09:06:15.050445+00:00,downloaded_no_pdf,,,,
14267,Apollo 14,https://www.lpi.usra.edu/lunar/samples/atlas/detail/?mission=Apollo%2014&sample=14267,1c28b6aef0f0785b5bfa5a00b0fb47ecd6a5ef4bc9c5c98efafec75c056232d9,2026-10-04T09:06:15.715791+00:00,downloaded,"Lunar Sample Compendium, 14267.pdf",https://www.lpi.usra.edu/lunar/samples/atlas/compendium/14267.pdf,compendium,
14268,Apollo 14,https://www.lpi.usra.edu/lunar/samples/atlas/detail/?mission=Apollo%2014&sample=14268,05f21c2cab080b7f1104fdf5d755b35bb3d4bee847d6aa17fdeeedeaebb97b24,2026-10-04T09:06:16.402492+00:00,downloaded,"Lunar Sample Compendium, 14271.pdf",https://www.lpi.usra.edu/lunar/samples/atlas/compendium/14271.pdf,compendium,
14269,Apollo 14,https://www.lpi.usra.edu/lunar/samples/atlas/detail/?mission=Apollo%2014&sample=14269,03519498189ddab70524e69d1881c279fb45219523e843b0ec3f438ca3fd2611,2026-10-04T09:06:17.097467+00:00,downloaded,"Lunar Sample Compendium, 14271.pdf",https://www.lpi.usra.edu/lunar/samples/atlas/compendium/14271.pdf,compendium,
14270,Apollo 14,https://www.lpi.usra.edu/lunar/samples/atlas/detail/?mission=Apollo%2014&sample=14270,0b8dbec8088a31adba0192c13e7d5dccf9739391cda4e0ec0d1c2b57e1082eeb,2026-10-04T09:06:17.785534+00:00,downloaded,"Lunar Sample Compendium, 14270.pdf",https://www.lpi.usra.edu/lunar/samples/atlas/compendium/14270.pdf,compendium,
14271,Apollo 14,https://www.lpi.usra.edu/lunar/samples/atlas/detail/?mission=Apollo%2014&sample=14271,539818d00fbc6de2959e36410de93575084a89db8634d08806a53ef1a4154d9c,2026-10-04T09:06:18.580341+00:00,downloaded,"Lunar Sample Compendium, 14271.pdf",https://www.lpi.usra.edu/lunar/samples/atlas/compendium/14271.pdf,compendium,
14272,Apollo 14,https://www.lpi.usra.edu/lunar/samples/atlas/detail/?mission=Apollo%2014&sample=14272,0e60b7902d01687f8a42a4071a8e74c1968275c96969570d854f6159483c3fc1,2026-10-04T09:06:19.396760+00:00,downloaded,"Lunar Sample Compendium, 14271.pdf",https://www.lpi.usra.edu/lunar/samples/atlas/compendium/14271.pdf,compendium,
14273,Apollo 14,https://www.lpi.usra.edu/lunar/samples/atlas/detail/?mission=Apollo%2014&sample=14273,8c3b5619eac760e138150da9c98f9e895c76aa0a964a89c0bf2ef8aa9326ddf3,2026-10-04T09:06:20.223129+00:00,downloaded,"Lunar Sample Compendium, 14271.pdf",https://www.lpi.usra.edu/lunar/samples/atlas/compendium/14271.pdf,compendium,
14274,Apollo 14,https://www.lpi.usra.edu/lunar/samples/atlas/detail/?mission=Apollo%2014&sample=14274,a3f5d1b9ed5aeb70567b4fc7eafb939372ff0ef1c6f05ce37081e3be2ef64436,2026-10-04T09:06:21.019465+00:00,downloaded,"Lunar Sample Compendium, 14274.pdf",https://www.lpi.usra.edu/lunar/samples/atlas/compendium/14274.pdf,compendium,
14275,Apollo 14,https://www.lpi.usra.edu/lunar/samples/atlas/detail/?mission=Apollo%2014&sample=14275,f8828906a96b8f3f35afce32dceea12cb1ec77ae9352bdce2a2f18fa3bbc560a,2026-10-04T09:06:21.679023+00:00,downloaded,"Lunar Sample Compendium, 14271.pdf",https://www.lpi.usra.edu/lunar/samples/atlas/compendium/14271.pdf,compendium,
14276,Apollo 14,https://www.lpi.usra.edu/lunar/samples/atlas/detail/?mission=Apollo%2014&sample=14276,783cd3c936e25c456909c68749721829023127ee2f52deaaecefcc24e62c575f,2026-10-04T09:06:22.477381+00:00,downloaded,"Lunar Sample Compendium, 14276.pdf",https://www.lpi.usra.edu/lunar/samples/atlas/compendium/14276.pdf,compendium,
14277,Apollo 14,https://www.lpi.usra.edu/lunar/samples/atlas/detail/?mission=Apollo%2014&sample=14277,2a8560d0fe6873a579d369007a5c7b42bc0b6afb1a0cf96ac9c15d1909cd6502,2026-10-04T09:06:23.297831+00:00,downloaded,"Lunar Sample Compendium, 14271.pdf",https://www.lpi.usra.edu/lunar/samples/atlas/compendium/14271.pdf,compendium,
14278,Apollo 14,https://www.lpi.usra.edu/lunar/samples/atlas/detail/?mission=Apollo%2014&sample=14278,e4f47019db29e63b100465dd55ea16eb5a2a70b652f4e2391954c6fade0ae5fb,2026-10-04T09:06:24.082737+00:00,downloaded,"Lunar Sample Compendium, 14271.pdf",https://www.lpi.usra.edu/lunar/samples/atlas/compendium/14271.pdf,compendium,
14279,Apollo 14,https://www.lpi.usra.edu/lunar/samples/atlas/detail/?mission=Apollo%2014&sample=14279,c8c4c1586f0a2dc391712bf5e724dd736f36581bbf8e8c2a728eb642b353175c,2026-10-04T09:06:24.751559+00:00,downloaded_no_pdf,,,,
14280,Apollo 14,https://www.lpi.usra.edu/lunar/samples/atlas/detail/?mission=Apollo%2014&sample=14280,941b5ca8f08ca999d1d6ad7d34d6b4c3dafa9bc09d9e4803ff044ced6d14fe35,2026-10-04T09:06:25.537806+00:00,downloaded,"Lunar Sample Compendium, 14271.pdf",https://www.lpi.usra.edu/lunar/samples/atlas/compendium/14271.pdf,compendium,
14281,Apollo 14,https://www.lpi.usra.edu/lunar/samples/atlas/detail/?mission=Apollo%2014&sample=14281,987142202423824c3f87455012cd2c56e8e9edafa49c87c5ef717e0046261949,2026-10-04T09:06:26.188253+00:00,downloaded,"Lunar Sample Compendium, 14271.pdf",https://www.lpi.usra.edu/lunar/samples/atlas/compendium/14271.pdf,compendium,
14282,Apollo 14,https://www.lpi.usra.edu/lunar/samples/atlas/detail/?mission=Apollo%2014&sample=14282,5ba4734713fc35316a067e1ccca54f412cc81759d91d0157317022e255e82ba5,2026-10-04T09:06:27.011660+00:00,downloaded_no_pdf,,,,
14283,Apollo 14,https://www.lpi.usra.edu/lunar/samples/atlas/detail/?mission=Apollo%2014&sample=14283,8dfce0df2c092b9b3003c950fcab08413319dd08aa75b4eca80e07f3a9313ae1,2026-10-04T09:06:27.666853+00:00,downloaded_no_pdf,,,,
14284,Apollo 14,https://www.lpi.usra.edu/lunar/samples/atlas/detail/?mission=Apollo%2014&sample=14284,bb477a06e64b4446d5d08de1c29f3f18ec9b2b0d31fbf2d0fe853399cbd02633,2026-10-04T09:06:28.462667+00:00,downloaded_no_pdf,,,,
14285,Apollo 14,https://www.lpi.usra.edu/lunar/samples/atlas/detail/?mission=Apollo%2014&sample=14285,400fee9026c845213ad71a418472ff8a429788d687178d36fe11eb69da2d2468,2026-10-04T09:06:29.124382+00:00,downloaded_no_pdf,,,,
14286,Apollo 14,https://www.lpi.usra.edu/lunar/samples/atlas/detail/?mission=Apollo%2014&sample=14286,3548f12579b0e38c86bd0358f90ddc61b87fc6303b4655cee084742e29ee3505,2026-10-04T09:06:29.906262+00:00,downloaded_no_pdf,,,,
14287,Apollo 14,https://www.lpi.usra.edu/lunar/samples/atlas/detail/?mission=Apollo%2014&sample=14287,0a51c7ac4b5ab6771d5d75eb89909d7e06a29bb6e39887f41ada778f4b43ad85,2026-10-04T09:06:30.700882+00:00,downloaded_no_pdf,,,,
14288,Apollo 14,https://www.lpi.usra.edu/lunar/samples/atlas/detail/?mission=Apollo%2014&sample=14288,5f7faa28373862289a3eec8621b9fc332614ef4eeb38a3c2f74188ae9fc8f1c8,2026-10-04T09:06:31.530321+00:00,downloaded_no_pdf,,,,
14289,Apollo 14,https://www.lpi.usra.edu/lunar/samples/atlas/detail/?mission=Apollo%2014&sample=14289,aa1398ad869dd439b4d77951ed6371c931b76cf5f7b7ba8443a25db7b21429d6,2026-10-04T09:06:32.218310+00:00,downloaded_no_pdf,,,,
14290,Apollo 14,https://www.lpi.usra.edu/lunar/samples/atlas/detail/?mission=Apollo%2014&sample=14290,e6bc6727558f2b7d82655a08db5515f876fd419d7c20e66e616d0e9141490ade,2026-10-04T09:06:32.874012+00:00,downloaded_no_pdf,,,,
14291,Apollo 14,https://www.lpi.usra.edu/lunar/samples/atlas/detail/?mission=Apollo%2014&sample=14291,a6d2856a05e0bf6d5f7f60bb534b89cb8073a8485dd6efca5216d8be306e931f,2026-10-04T09:06:33.557515+00:00,downloaded_no_pdf,,,,
14292,Apollo 14,https://www.lpi.usra.edu/lunar/samples/atlas/detail/?mission=Apollo%2014&sample=14292,a3a00dfc7133354a03f6193158a85bab00d7847472d579683ee5cdc9fd5d0708,2026-10-04T09:06:34.383357+00:00,downloaded_no_pdf,,,,
14293,Apollo 14,https://www.lpi.usra.edu/lunar/samples/atlas/detail/?mission=Apollo%2014&sample=14293,6e9ec013e79768211aa4aef7eb7e5ab61f1f2102f33a98522a1ced8fe2638101,2026-10-04T09:06:35.073180+00:00,downloaded_no_pdf,,,,
14294,Apollo 14,https://www.lpi.usra.edu/lunar/samples/atlas/detail/?mission=Apollo%2014&sample=14294,0704b7e53ae51a6d39bb45245941e12f4902a5f3fc54f833addd3f2368c23520,2026-10-04T09:06:35.762627+00:00,downloaded_no_pdf,,,,
14295,Apollo 14,https://www.lpi.usra.edu/lunar/samples/atlas/detail/?mission=Apollo%2014&sample=14295,66263d031f57b3b312cb2947d4ca75abc17dc2d7f9c3c4053d7340f75be156fe,2026-10-04T09:06:36.577866+00:00,downloaded_no_pdf,,,,
14296,Apollo 14,https://www.lpi.usra.edu/lunar/samples/atlas/detail/?mission=Apollo%2014&sample=14296,37847b5cca736acf55e895c70395ee4b6c54602c90cb19ad3e41652388851739,2026-10-04T09:06:37.271291+00:00,downloaded_no_pdf,,,,
14297,Apollo 14,https://www.lpi.usra.edu/lunar/samples/atlas/detail/?mission=Apollo%2014&sample=14297,a25164cf5369057314525a55d5e8f3331bec91100bb547f1b6e5dac9fd49beb5,2026-10-04T09:06:37.964424+00:00,downloaded_no_pdf,,,,
14298,Apollo 14,https://www.lpi.usra.edu/lunar/samples/atlas/detail/?mission=Apollo%2014&sample=14298,67dcadf5028ffc56fc74e5ace850fd1d49551bc1a3b7587d5da3bd4fc4189fcd,2026-10-04T09:06:38.861674+00:00,downloaded_no_pdf,,,,
14299,Apollo 14,https://www.lpi.usra.edu/lunar/samples/atlas/detail/?mission=Apollo%2014&sample=14299,c2ea8e30a164953ce9190cbaa13d444e6e5bbd800b261a519ffe51b1130c5747,2026-10-04T09:06:39.646481+00:00,downloaded_no_pdf,,,,
14300,Apollo 14,https://www.lpi.usra.edu/lunar/samples/atlas/detail/?mission=Apollo%2014&sample=14300,a6908557656f3060fe0d45852894304f69d5fec467f75edb5c77aee7b8bbdf3a,2026-10-04T09:06:40.293690+00:00,downloaded_no_pdf,,,,
14301,Apollo 14,https://www.lpi.usra.edu/lunar/samples/atlas/detail/?mission=Apollo%2014&sample=14301,c60c4556a395dea77de9eb0962e3c9b3b29053e01f2a34f121ab6d48403a6da6,2026-10-04T09:06:40.943574+00:00,downloaded,"Lunar Sample Compendium, 14301.pdf",https://www.lpi.usra.edu/lunar/samples/atlas/compendium/14301.pdf,compendium,
14302,Apollo 14,https://www.lpi.usra.edu/lunar/samples/atlas/detail/?mission=Apollo%2014&sample=14302,d7044114083605e7d91101e78d99318f109b2285ede081edd2e44727217cbf02,2026-10-04T09:06:41.761666+00:00,downloaded_no_pdf,,,,
14303,Apollo 14,https://www.lpi.usra.edu/lunar/samples/atlas/detail/?mission=Apollo%2014&sample=14303,3827018931dd4cefae63c4116bd52cbdaf891fbc7d7da5dfa31d43520d2cf52b,2026-10-04T09:06:42.654380+00:00,downloaded,"Lunar Sample Compendium, 14303.pdf",https://www.lpi.usra.edu/lunar/samples/atlas/compendium/14303.pdf,compendium,
14304,Apollo 14,https://www.lpi.usra.edu/lunar/samples/atlas/detail/?mission=Apollo%2014&sample=14304,cdb5f2bc1df43600b0a6ad5f9958b8b223d049d4fa12b9fc93410039ad7f3bb8,2026-10-04T09:06:43.480138+00:00,downloaded,"Lunar Sample Compendium, 14304.pdf",https://www.lpi.usra.edu/lunar/samples/atlas/compendium/14304.pdf,compendium,
14305,Apollo 14,https://www.lpi.usra.edu/lunar/samples/atlas/detail/?mission=Apollo%2014&sample=14305,9c520e4c2532a55cfb79ad126f743dfc0413d6d5410f29b56230018e628ef582,2026-10-04T09:06:44.178703+00:00,downloaded,"Lunar Sample Compendium, 14305.pdf",https://www.lpi.usra.edu/lunar/samples/atlas/compendium/14305.pdf,compendium,
14306,Apollo 14,https://www.lpi.usra.edu/lunar/samples/atlas/detail/?mission=Apollo%2014&sample=14306,82de331c81d0d81b0c3afd76ef9282d6ffa31d1fdbe9ffc04726d9f68c05190e,2026-10-04T09:06:44.998524+00:00,downloaded,"Lunar Sample Compendium, 14306.pdf",https://www.lpi.usra.edu/lunar/samples/atlas/compendium/14306.pdf,compendium,
14307,Apollo 14,https://www.lpi.usra.edu/lunar/samples/atlas/detail/?mission=Apollo%2014&sample=14307,214a48970f861cb5829f3f0a4aadd0a90fac83408b3d3643d82f10d07196149e,2026-10-04T09:06:45.834193+00:00,downloaded,"Lunar Sample Compendium, 14307.pdf",https://www.lpi.usra.edu/lunar/samples/atlas/compendium/14307.pdf,compendium,
14308,Apollo 14,https://www.lpi.usra.edu/lunar/samples/atlas/detail/?mission=Apollo%2014&sample=14308,7ff82495e55949fea331c73d6b3c83f5b980c1d77a262ee6571b35c5e86ed3b0,2026-10-04T09:06:46.669453+00:00,downloaded_no_pdf,,,,
14309,Apollo 14,https://www.lpi.usra.edu/lunar/samples/atlas/detail/?mission=Apollo%2014&sample=14309,c8c5e90d6821e83b691a4feea3f2269baeb40dd91e462d215a1add51fc68335c,2026-10-04T09:06:47.366079+00:00,downloaded,"Lunar Sample Compendium, 14309.pdf",https://www.lpi.usra.edu/lunar/samples/atlas/compendium/14309.pdf,compendium,
14310,Apollo 14,https://www.lpi.usra.edu/lunar/samples/atlas/detail/?mission=Apollo%2014&sample=14310,fdf196c768c7b0f5c411f3e6e7038d78f81bea692dff1eb172df2dced8dae04e,2026-10-04T09:06:48.057528+00:00,downloaded,"Lunar Sample Compendium, 14310.pdf",https://www.lpi.usra.edu/lunar/samples/atlas/compendium/14310.pdf,compendium,
14311,Apollo 14,https://www.lpi.usra.edu/lunar/samples/atlas/detail/?mission=Apollo%2014&sample=14311,5628cdefbd97db61922725b358c329f2f93c579568bc0f4bbaf2fc61e8e18aa3,2026-10-04T09:06:48.759821+00:00,downloaded,"Lunar Sample Compendium, 14311.pdf",https://www.lpi.usra.edu/lunar/samples/atlas/compendium/14311.pdf,compendium,
14312,Apollo 14,https://www.lpi.usra.edu/lunar/samples/atlas/detail/?mission=Apollo%2014&sample=14312,a97cd2623f9a28791edf55d22230306667d6b55321e5aedd08a19b9a2657b7d4,2026-10-04T09:06:49.469866+00:00,downloaded,"Lunar Sample Compendium, 14312.pdf",https://www.lpi.usra.edu/lunar/samples/atlas/compendium/14312.pdf,compendium,
14313,Apollo 14,https://www.lpi.usra.edu/lunar/samples/atlas/detail/?mission=Apollo%2014&sample=14313,c337519b256a1c8eb59d502908a9c0d6da61fb537f9670c92c9312c118a0a4a3,2026-10-04T09:06:50.300933+00:00,downloaded,"Lunar Sample Compendium, 14313.pdf",https://www.lpi.usra.edu/lunar/samples/atlas/compendium/14313.pdf,compendium,
14314,Apollo 14,https://www.lpi.usra.edu/lunar/samples/atlas/detail/?mission=Apollo%2014&sample=14314,3b88b1b1b3a6b4e8a2e6fe3e4a6745c1292f976eab39524f9a6ececc57240c56,2026-10-04T09:06:51.113403+00:00,downloaded,"Lunar Sample Compendium, 14314.pdf",https://www.lpi.usra.edu/lunar/samples/atlas/compendium/14314.pdf,compendium,
14315,Apollo 14,https://www.lpi.usra.edu/lunar/samples/atlas/detail/?mission=Apollo%2014&sample=14315,36767fa730f9b8bb11d587cc73a943ccf34b81c117c6aef0a805dfeac72fb05c,2026-10-04T09:06:51.820188+00:00,downloaded,"Lunar Sample Compendium, 14315.pdf",https://www.lpi.usra.edu/lunar/samples/atlas/compendium/14315.pdf,compendium,
14316,Apollo 14,https://www.lpi.usra.edu/lunar/samples/atlas/detail/?mission=Apollo%2014&sample=14316,deb15c1cd5d6330cf677df3f5e173caabdb6fdfab049a7f6da2a1ea1dc078c32,2026-10-04T09:06:52.522957+00:00,downloaded,"Lunar Sample Compendium, 14316.pdf",https://www.lpi.usra.edu/lunar/samples/atlas/compendium/14316.pdf,compendium,
14317,Apollo 14,https://www.lpi.usra.edu/lunar/samples/atlas/detail/?mission=Apollo%2014&sample=14317,4dc3a400ea252d054e7d8448b0bc5db07681a5d8b7659e251d8f8710f5957dde,2026-10-04T09:06:53.344439+00:00,downloaded,"Lunar Sample Compendium, 14317.pdf",https://www.lpi.usra.edu/lunar/samples/atlas/compendium/14317.pdf,compendium,
14318,Apollo 14,https://www.lpi.usra.edu/lunar/samples/atlas/detail/?mission=Apollo%2014&sample=14318,160eeb95608b8a150779a782337796c6e37e1904a013ee9990979d92ea0666cf,2026-10-04T09:06:54.176227+00:00,downloaded,"Lunar Sample Compendium, 14318.pdf",https://www.lpi.usra.edu/lunar/samples/atlas/compendium/14318.pdf,compendium,
14319,Apollo 14,https://www.lpi.usra.edu/lunar/samples/atlas/detail/?mission=Apollo%2014&sample=14319,65a9260673a8e81ef15dae5a3b34c7a07b5f306daf38820795ec7726260af842,2026-10-04T09:06:54.878763+00:00,downloaded,"Lunar Sample Compendium, 14319.pdf",https://www.lpi.usra.edu/lunar/samples/atlas/compendium/14319.pdf,compendium,
14320,Apollo 14,https://www.lpi.usra.edu/lunar/samples/atlas/detail/?mission=Apollo%2014&sample=14320,bc01115aae131398560f7439e2f8cc6642e0eefb4c3ef021b36fb5636b7da309,2026-10-04T09:06:55.713549+00:00,downloaded,"Lunar Sample Compendium, 14320.pdf",https://www.lpi.usra.edu/lunar/samples/atlas/compendium/14320.pdf,compendium,
14321,Apollo 14,https://www.lpi.usra.edu/lunar/samples/atlas/detail/?mission=Apollo%2014&sample=14321,364bb2916948ad19d176698cf4713f0049a2ff40aedbb70ffd6b06aedfcb35d1,2026-10-04T09:06:56.541122+00:00,downloaded,"Lunar Sample Compendium, 14321.pdf",https://www.lpi.usra.edu/lunar/samples/atlas/compendium/14321.pdf,compendium,
14411,Apollo 14,https://www.lpi.usra.edu/lunar/samples/atlas/detail/?mission=Apollo%2014&sample=14411,347ffbf3ef69db03e3d73bbfb04090cae7ac624c8c29f212cd56ff5576eaae81,2026-10-04T09:06:57.315783+00:00,downloaded_no_pdf,,,,
14414,Apollo 14,https://www.lpi.usra.edu/lunar/samples/atlas/detail/?mission=Apollo%2014&sample=14414,e5369dc05618e7e6096dad2e35d2ef37c1905a0148e8e0031d11fe2a3fad54ea,2026-10-04T09:06:57.981709+00:00,downloaded_no_pdf,,,,
14421,Apollo 14,https://www.lpi.usra.edu/lunar/samples/atlas/detail/?mission=Apollo%2014&sample=14421,0c187382f4a442a229b1f8956da18aef90b12a02b5800bdaf7fa139774878ba2,2026-10-04T09:06:58.644163+00:00,downloaded_no_pdf,,,,
14426,Apollo 14,https://www.lpi.usra.edu/lunar/samples/atlas/detail/?mission=Apollo%2014&sample=14426,067b3075cf2949a1f1c4fb1b38f0bb314cdcdac1eab5a6e48605a0f6d4fb9452,2026-10-04T09:06:59.419562+00:00,downloaded_no_pdf,,,,
14427,Apollo 14,https://www.lpi.usra.edu/lunar/samples/atlas/detail/?mission=Apollo%2014&sample=14427,d1fe150e146ed4dafa4023c7f915b04342f09f631444977a94ae18659b0b3a65,2026-10-04T09:07:00.228137+00:00,downloaded_no_pdf,,,,
14428,Apollo 14,https://www.lpi.usra.edu/lunar/samples/atlas/detail/?mission=Apollo%2014&sample=14428,7c71d91ef990ab865eaacee2c4947944586ab93cd8d6720999e8023ec6f8962e,2026-10-04T09:07:01.020628+00:00,downloaded_no_pdf,,,,
14429,Apollo 14,https://www.lpi.usra.edu/lunar/samples/atlas/detail/?mission=Apollo%2014&sample=14429,0197a7accc80383c11ddff1331afa299520b84b214a3f847be054119a7776cab,2026-10-04T09:07:01.668413+00:00,downloaded_no_pdf,,,,
14430,Apollo 14,https://www.lpi.usra.edu/lunar/samples/atlas/detail/?mission=Apollo%2014&sample=14430,d4e29bf2d80882902749c964e676624d2e27f6d2d7baa61b8b9348f0c5d848f9,2026-10-04T09:07:02.336778+00:00,downloaded_no_pdf,,,,
14431,Apollo 14,https://www.lpi.usra.edu/lunar/samples/atlas/detail/?mission=Apollo%2014&sample=14431,3c69c29bab758aa52429c9b0bcf9a7e1f53529e9c675acc7e33e8c540f735bdd,2026-10-04T09:07:03.006311+00:00,downloaded_no_pdf,,,,
14434,Apollo 14,https://www.lpi.usra.edu/lunar/samples/atlas/detail/?mission=Apollo%2014&sample=14434,bef3df300cfe34c73abd254b9ae4f8044299be723958df4a33b97e16ef81d6be,2026-10-04T09:07:03.800693+00:00,downloaded_no_pdf,,,,
14435,Apollo 14,https://www.lpi.usra.edu/lunar/samples/atlas/detail/?mission=Apollo%2014&sample=14435,1a7b648af318af5fb652295fc34e42e0ea20dc70c95e64312ba5f491e91559dc,2026-10-04T09:07:04.620488+00:00,downloaded_no_pdf,,,,
14436,Apollo 14,https://www.lpi.usra.edu/lunar/samples/atlas/detail/?mission=Apollo%2014&sample=14436,902385f7d355511d68e20ad83707112ea5b9aa0f13649a22646de366d108d804,2026-10-04T09:07:05.427182+00:00,downloaded_no_pdf,,,,
14437,Apollo 14,https://www.lpi.usra.edu/lunar/samples/atlas/detail/?mission=Apollo%2014&sample=14437,1e1a71764286f43086fdd6a8dc7dd06218dd72541d765e01fca09ac6d72d693d,2026-10-04T09:07:06.209456+00:00,downloaded_no_pdf,,,,
14438,Apollo 14,https://www.lpi.usra.edu/lunar/samples/atlas/detail/?mission=Apollo%2014&sample=14438,86808efc712be06e0dd80d54c7bc687df2c45bd0d28e18e939697913b0da2090,2026-10-04T09:07:06.855312+00:00,downloaded_no_pdf,,,,
14439,Apollo 14,https://www.lpi.usra.edu/lunar/samples/atlas/detail/?mission=Apollo%2014&sample=14439,3794cf3d88409777b6c5f6370d3aa0d781e4bf5999fcf708442cf3fd65eb8cb2,2026-10-04T09:07:07.514463+00:00,downloaded_no_pdf,,,,
14440,Apollo 14,https://www.lpi.usra.edu/lunar/samples/atlas/detail/?mission=Apollo%2014&sample=14440,0a325ebcf99f7080028848b5cccb8524a7716ec26c51d47603cc5a3b3359efdb,2026-10-04T09:07:08.281576+00:00,downloaded_no_pdf,,,,
14441,Apollo 14,https://www.lpi.usra.edu/lunar/samples/atlas/detail/?mission=Apollo%2014&sample=14441,e92108064e24a6562370c72d0d029cce110a4f13c7d1b87a05c704cd7978ec9c,2026-10-04T09:07:09.069276+00:00,downloaded_no_pdf,,,,
14442,Apollo 14,https://www.lpi.usra.edu/lunar/samples/atlas/detail/?mission=Apollo%2014&sample=14442,04d71cfc59987a2d2239e6aba4408f27f7d70d75048ff873a7fc28fd36a04cbb,2026-10-04T09:07:09.722010+00:00,downloaded_no_pdf,,,,
14443,Apollo 14,https://www.lpi.usra.edu/lunar/samples/atlas/detail/?mission=Apollo%2014&sample=14443,92ef80541fe2d1846e282227dcbcc784cbdf81d18a667b91850aa9a66eb9f08f,2026-10-04T09:07:10.377629+00:00,downloaded_no_pdf,,,,
14444,Apollo 14,https://www.lpi.usra.edu/lunar/samples/atlas/detail/?mission=Apollo%2014&sample=14444,c5003d3ee0519edaafad219cffddc67ac296d0d85792c32c1f08b3311ae68e7c,2026-10-04T09:07:11.022380+00:00,downloaded_no_pdf,,,,
14445,Apollo 14,https://www.lpi.usra.edu/lunar/samples/atlas/detail/?mission=Apollo%2014&sample=14445,df49d3be07b7671066d3cf095ceccbec4767e9882353934f1da43732fb90b7de,2026-10-04T09:07:11.701857+00:00,downloaded_no_pdf,,,,
14446,Apollo 14,https://www.lpi.usra.edu/lunar/samples/atlas/detail/?mission=Apollo%2014&sample=14446,0e3bad47905d0d1caadd3b8f8e93271ad4144c23cdb09e36ed7ae51d5c0f676c,2026-10-04T09:07:12.360211+00:00,downloaded_no_pdf,,,,
14447,Apollo 14,https://www.lpi.usra.edu/lunar/samples/atlas/detail/?mission=Apollo%2014&sample=14447,5b8cd6bcd93d618f38bf3d5bcee4989de42da9413a5289cd950d689c6b5c82ca,2026-10-04T09:07:13.008495+00:00,downloaded_no_pdf,,,,
14448,Apollo 14,https://www.lpi.usra.edu/lunar/samples/atlas/detail/?mission=Apollo%2014&sample=14448,f3156af520dc7337ae7237a03665a80805f84e926ce804b39165dc2f1fd1f916,2026-10-04T09:07:13.660509+00:00,downloaded_no_pdf,,,,
14449,Apollo 14,https://www.lpi.usra.edu/lunar/samples/atlas/detail/?mission=Apollo%2014&sample=14449,b8a8f4241a164c06e59c22242119f54893446cc9b3efee1da0a087b3e2364f88,2026-10-04T09:07:14.483045+00:00,downloaded_no_pdf,,,,
14450,Apollo 14,https://www.lpi.usra.edu/lunar/samples/atlas/detail/?mission=Apollo%2014&sample=14450,261d2a0df207feaf1400f40046484e6d473287fb2144f4366cad611f2d70c5e2,2026-10-04T09:07:15.135517+00:00,downloaded_no_pdf,,,,
14451,Apollo 14,https://www.lpi.usra.edu/lunar/samples/atlas/detail/?mission=Apollo%2014&sample=14451,fae4a963fd0c6bfca9ab5aeaf925a70eda7c4e74980056f2e1820101712e35f3,2026-10-04T09:07:15.920362+00:00,downloaded_no_pdf,,,,
14452,Apollo 14,https://www.lpi.usra.edu/lunar/samples/atlas/detail/?mission=Apollo%2014&sample=14452,8718a532f2e57d2f18e06f3e7023b59329b3dda1a884ecf7fd621c08cd43a036,2026-10-04T09:07:16.709717+00:00,downloaded_no_pdf,,,,
14453,Apollo 14,https://www.lpi.usra.edu/lunar/samples/atlas/detail/?mission=Apollo%2014&sample=14453,d9221a0fd59b738f098cbf7afbb2b997cc8206e90cdb02f02e4107a9b79d447a,2026-10-04T09:07:17.389925+00:00,downloaded_no_pdf,,,,
15000,Apollo 15,https://www.lpi.usra.edu/lunar/samples/atlas/detail/?mission=Apollo%2015&sample=15000,dc842f52686cc847203a2d0ca46f754c3acc0683a6cc30672c78f4c21c0ac07b,2026-10-04T09:07:18.068837+00:00,downloaded_no_pdf,,,,
15001,Apollo 15,https://www.lpi.usra.edu/lunar/samples/atlas/detail/?mission=Apollo%2015&sample=15001,1dacb2d902daefc68595ab925a1b5cb1ba9ea664fffdd2ad6be87072fe9f3a6a,2026-10-04T09:07:18.738593+00:00,downloaded,"Lunar Sample Compendium, A15drill.pdf",https://www.lpi.usra.edu/lunar/samples/atlas/compendium/A15drill.pdf,compendium,
15002,Apollo 15,https://www.lpi.usra.edu/lunar/samples/atlas/detail/?mission=Apollo%2015&sample=15002,3f4eb41579408dac08fb10be89f3cb44460f500e73f99ccf9a3a703bc7f12d13,2026-10-04T09:07:19.551599+00:00,downloaded,"Lunar Sample Compendium, A15drill.pdf",https://www.lpi.usra.edu/lunar/samples/atlas/compendium/A15drill.pdf,compendium,
15003,Apollo 15,https://www.lpi.usra.edu/lunar/samples/atlas/detail/?mission=Apollo%2015&sample=15003,0c25b1ac516700c3d8bfdb311622f95ebebcd988f61bebbb812a504df2fea3d4,2026-10-04T09:07:20.360604+00:00,downloaded,"Lunar Sample Compendium, A15drill.pdf",https://www.lpi.usra.edu/lunar/samples/atlas/compendium/A15drill.pdf,compendium,
15004,Apollo 15,https://www.lpi.usra.edu/lunar/samples/atlas/detail/?mission=Apollo%2015&sample=15004,a8d36583cc63576aea4cf8fc8d93bf6a71bb08ecdaf51102d79cbf75e8eddb0d,2026-10-04T09:07:21.060759+00:00,downloaded,"Lunar Sample Compendium, A15drill.pdf",https://www.lpi.usra.edu/lunar/samples/atlas/compendium/A15drill.pdf,compendium,
15005,Apollo 15,https://www.lpi.usra.edu/lunar/samples/atlas/detail/?mission=Apollo%2015&sample=15005,e1795690c18315e8a97334882b4af5f52fd269094bf71c05b63d9731cdadde53,2026-10-04T09:07:21.745287+00:00,downloaded,"Lunar Sample Compendium, A15drill.pdf",https://www.lpi.usra.edu/lunar/samples/atlas/compendium/A15drill.pdf,compendium,
15006,Apollo 15,https://www.lpi.usra.edu/lunar/samples/atlas/detail/?mission=Apollo%2015&sample=15006,ad33bd3b3f9cdb65502d7eb532994925d2669ccc92757bab8a3b936990d38fec,2026-10-04T09:07:22.401504+00:00,downloaded,"Lunar Sample Compendium, A15drill.pdf",https://www.lpi.usra.edu/lunar/samples/atlas/compendium/A15drill.pdf,compendium,
15007,Apollo 15,https://www.lpi.usra.edu/lunar/samples/atlas/detail/?mission=Apollo%2015&sample=15007,655aab9f063dd476c2163619dd2b9c281bdad37f097e83e36fb84ddc520a2d38,2026-10-04T09:07:23.087169+00:00,downloaded,"Lunar Sample Compendium, 15007.pdf",https://www.lpi.usra.edu/lunar/samples/atlas/compendium/15007.pdf,compendium,
15008,Apollo 15,https://www.lpi.usra.edu/lunar/samples/atlas/detail/?mission=Apollo%2015&sample=15008,8cc8769d07c7e132f6c8d74eea2e09d82fd6843f1f7af136bffeda4e5d8a2a8a,2026-10-04T09:07:23.737093+00:00,downloaded,"Lunar Sample Compendium, 15007.pdf",https://www.lpi.usra.edu/lunar/samples/atlas/compendium/15007.pdf,compendium,
15009,Apollo 15,https://www.lpi.usra.edu/lunar/samples/atlas/detail/?mission=Apollo%2015&sample=15009,7a700e818add0360070faf99ff49be357936386d70eae625719390ad81c939b5,2026-10-04T09:07:24.560886+00:00,downloaded,"Lunar Sample Compendium, 15009.pdf",https://www.lpi.usra.edu/lunar/samples/atlas/compendium/15009.pdf,compendium,
15010,Apollo 15,https://www.lpi.usra.edu/lunar/samples/atlas/detail/?mission=Apollo%2015&sample=15010,a33f285fc2ca042bacc20c369ff3210b3e832e8c81600c99c0823b007c3fb3ce,2026-10-04T09:07:25.214570+00:00,downloaded,"Lunar Sample Compendium, 15010.pdf",https://www.lpi.usra.edu/lunar/samples/atlas/compendium/15010.pdf,compendium,
15011,Apollo 15,https://www.lpi.usra.edu/lunar/samples/atlas/detail/?mission=Apollo%2015&sample=15011,af5091f9ee86c0625cfabbd0ced9f8c76ae2996201b58b51d2bc0d57eb07802d,2026-10-04T09:07:26.119566+00:00,downloaded,"Lunar Sample Compendium, 15010.pdf",https://www.lpi.usra.edu/lunar/samples/atlas/compendium/15010.pdf,compendium,
15012,Apollo 15,https://www.lpi.usra.edu/lunar/samples/atlas/detail/?mission=Apollo%2015&sample=15012,4ef1b00aaa56295312927153aacb706330653c6fdc03b97d01c9d9c491de8772,2026-10-04T09:07:26.973807+00:00,downloaded,"Lunar Sample Compendium, 15012.pdf",https://www.lpi.usra.edu/lunar/samples/atlas/compendium/15012.pdf,compendium,
15013,Apollo 15,https://www.lpi.usra.edu/lunar/samples/atlas/detail/?mission=Apollo%2015&sample=15013,45a7f49c281a04aaec417ff08e563a4e6ab2ca314cfbc5789df265dac70aea54,2026-10-04T09:07:27.626952+00:00,downloaded,"Lunar Sample Compendium, 15013.pdf",https://www.lpi.usra.edu/lunar/samples/atlas/compendium/15013.pdf,compendium,
15014,Apollo 15,https://www.lpi.usra.edu/lunar/samples/atlas/detail/?mission=Apollo%2015&sample=15014,c6c0cdb248a5d485e31ea87b65a62299462d70c86b519ae6fe3805d5deaab73e,2026-10-04T09:07:28.308414+00:00,downloaded,"Lunar Sample Compendium, 15014.pdf",https://www.lpi.usra.edu/lunar/samples/atlas/compendium/15014.pdf,compendium,
15015,Apollo 15,https://www.lpi.usra.edu/lunar/samples/atlas/detail/?mission=Apollo%2015&sample=15015,3daa76d20a64c3523431ba2f67facc66ba31a04315d4f1836dde4dd3765c79fd,2026-10-04T09:07:28.991872+00:00,downloaded,"Lunar Sample Compendium, 15015.pdf",https://www.lpi.usra.edu/lunar/samples/atlas/compendium/15015.pdf,compendium,
15016,Apollo 15,https://www.lpi.usra.edu/lunar/samples/atlas/detail/?mission=Apollo%2015&sample=15016,c2bfa3211ff1282e4b83b6a763c8e49d91bdd0387ce468abf49fc31eefd5a14e,2026-10-04T09:07:29.710801+00:00,downloaded,"Lunar Sample Compendium, 15016r.pdf",https://www.lpi.usra.edu/lunar/samples/atlas/compendium/15016r.pdf,compendium,
15016,Apollo 15,https://www.lpi.usra.edu/lunar/samples/atlas/detail/?mission=Apollo%2015&sample=15016,c2bfa3211ff1282e4b83b6a763c8e49d91bdd0387ce468abf49fc31eefd5a14e,2026-10-04T09:07:29.710801+00:00,downloaded,Lunar Sample Catalog 15016 Description,http://curator.jsc.nasa.gov/lunar/catalogs/apollo15/part1/15016.pdf,catalog,
15017,Apollo 15,https://www.lpi.usra.edu/lunar/samples/atlas/detail/?mission=Apollo%2015&sample=15017,0af081cf0b3aad0b2e036ab9984ca2a020802146bf5418cb9b4940565ed3746f,2026-10-04T09:07:30.418184+00:00,downloaded,"Lunar Sample Compendium, 15017.pdf",https://www.lpi.usra.edu/lunar/samples/atlas/compendium/15017.pdf,compendium,
15018,Apollo 15,https://www.lpi.usra.edu/lunar/samples/atlas/detail/?mission=Apollo%2015&sample=15018,c095291813b393b181bbf72225e2ca18a3948dcc880ce5d5f6d5e315c99b1919,2026-10-04T09:07:31.103458+00:00,downloaded_no_pdf,,,,
15019,Apollo 15,https://www.lpi.usra.edu/lunar/samples/atlas/detail/?mission=Apollo%2015&sample=15019,631c1efd8037256f9bcf97b9536501880856adb7c5dc86da031d47b20466089e,2026-10-04T09:07:31.755648+00:00,downloaded_no_pdf,,,,
15020,Apollo 15,https://www.lpi.usra.edu/lunar/samples/atlas/detail/?mission=Apollo%2015&sample=15020,b6a85ab7010e81aa843bb6cd3dfbc259fb6df9c382d96e0779c43baa7a3bb774,2026-10-04T09:07:32.562286+00:00,downloaded_no_pdf,,,,
15021,Apollo 15,https://www.lpi.usra.edu/lunar/samples/atlas/detail/?mission=Apollo%2015&sample=15021,0991b75a955845233f73f972e7b19818c5e8c44dd5a70b971cbb1701dd14bb45,2026-10-04T09:07:33.214443+00:00,downloaded,"Lunar Sample Compendium, 15021.pdf",https://www.lpi.usra.edu/lunar/samples/atlas/compendium/15021.pdf,compendium,
15024,Apollo 15,https://www.lpi.usra.edu/lunar/samples/atlas/detail/?mission=Apollo%2015&sample=15024,cad2eeae6b4ac2d38288c8e8da7f867c9ff8c18c67951c2c5e3b7f723f4a3ed5,2026-10-04T09:07:33.870714+00:00,downloaded_no_pdf,,,,
15025,Apollo 15,https://www.lpi.usra.edu/lunar/samples/atlas/detail/?mission=Apollo%2015&sample=15025,bedd313f36c91d802604d626497bf534da76d64851ebd738b9b5fb2317ba00fa,2026-10-04T09:07:34.542482+00:00,downloaded,"Lunar Sample Compendium, 15025.pdf",https://www.lpi.usra.edu/lunar/samples/atlas/compendium/15025.pdf,compendium,
15026,Apollo 15,https://www.lpi.usra.edu/lunar/samples/atlas/detail/?mission=Apollo%2015&sample=15026,889324d687da5eabb9b1755eb352f8ea8e79fbb9e4fd052258b95974805ce9ff,2026-10-04T09:07:35.241834+00:00,downloaded_no_pdf,,,,
15027,Apollo 15,https://www.lpi.usra.edu/lunar/samples/atlas/detail/?mission=Apollo%2015&sample=15027,d42084b1e53c57fed79505190d1eb219ac36fd8e786c615cbef6d346ea25d11e,2026-10-04T09:07:35.910395+00:00,downloaded,"Lunar Sample Compendium, 15028.pdf",https://www.lpi.usra.edu/lunar/samples/atlas/compendium/15028.pdf,compendium,
15028,Apollo 15,https://www.lpi.usra.edu/lunar/samples/atlas/detail/?mission=Apollo%2015&sample=15028,14e208f5dce8b704ad430baa88b54159de8f9695e6d31d4bfc0b8fc85a45fecb,2026-10-04T09:07:36.613643+00:00,downloaded,"Lunar Sample Compendium, 15028.pdf",https://www.lpi.usra.edu/lunar/samples/atlas/compendium/15028.pdf,compendium,
15030,Apollo 15,https://www.lpi.usra.edu/lunar/samples/atlas/detail/?mission=Apollo%2015&sample=15030,254f286eb0c2b02acdde1a63f417833693d31b88be9f1e304a0cb40b219a4707,2026-10-04T09:07:37.304393+00:00,downloaded,"Lunar Sample Compendium, 15030.pdf",https://www.lpi.usra.edu/lunar/samples/atlas/compendium/15030.pdf,compendium,
15031,Apollo 15,https://www.lpi.usra.edu/lunar/samples/atlas/detail/?mission=Apollo%2015&sample=15031,9e46caae718fc70ba909c68c000bcbf125cf73b9ab59c3981ac6275d61be5814,2026-10-04T09:07:38.103195+00:00,downloaded_no_pdf,,,,
15032,Apollo 15,https://www.lpi.usra.edu/lunar/samples/atlas/detail/?mission=Apollo%2015&sample=15032,20aff6cac049e4f3538e9a09fe3a98ada0b9e6b415eefb6921432ac7a5e75bce,2026-10-04T09:07:38.874107+00:00,downloaded_no_pdf,,,,
15033,Apollo 15,https://www.lpi.usra.edu/lunar/samples/atlas/detail/?mission=Apollo%2015&sample=15033,c1554ed9fedb8188a2d301e9c48af471749c477efc72ca043c8e919c5c79b59b,2026-10-04T09:07:39.527965+00:00,downloaded_no_pdf,,,,
15034,Apollo 15,https://www.lpi.usra.edu/lunar/samples/atlas/detail/?mission=Apollo%2015&sample=15034,af3d0f8ae1a37ec37fdd588e56a8f089d516c63391d84a358fe9a04874268538,2026-10-04T09:07:40.184785+00:00,downloaded_no_pdf,,,,
15040,Apollo 15,https://www.lpi.usra.edu/lunar/samples/atlas/detail/?mission=Apollo%2015&sample=15040,f26f5e979806e0bb3b00cb13d1ff3b4ef6a31874a325025bb406e9f4bb20fec0,2026-10-04T09:07:41.003850+00:00,downloaded,"Lunar Sample Compendium, 15030.pdf",https://www.lpi.usra.edu/lunar/samples/atlas/compendium/15030.pdf,compendium,
15041,Apollo 15,https://www.lpi.usra.edu/lunar/samples/atlas/detail/?mission=Apollo%2015&sample=15041,81a5ed6cec4f59c56551240fadf5d2c6f976a8b8b279c0c74dd21d4ff80c9280,2026-10-04T09:07:41.680973+00:00,downloaded_no_pdf,,,,
15042,Apollo 15,https://www.lpi.usra.edu/lunar/samples/atlas/detail/?mission=Apollo%2015&sample=15042,fe723ca43e9626b27b74057a268a62646a1fe1b02803cf9a5cd016b76333cc3a,2026-10-04T09:07:42.461689+00:00,downloaded_no_pdf,,,,
15043,Apollo 15,https://www.lpi.usra.edu/lunar/samples/atlas/detail/?mission=Apollo%2015&sample=15043,9adfc0bb007519de96bd8b1c4fe13bcc50de6d594c6846940db08dc6a10fd5f4,2026-10-04T09:07:43.253604+00:00,downloaded_no_pdf,,,,
15044,Apollo 15,https://www.lpi.usra.edu/lunar/samples/atlas/detail/?mission=Apollo%2015&sample=15044,5f4936b853c9aa7c77a1a1337f38d446c44903818e1cc79ea46aa0bcf450d0a2,2026-10-04T09:07:44.043317+00:00,downloaded_no_pdf,,,,
15058,Apollo 15,https://www.lpi.usra.edu/lunar/samples/atlas/detail/?mission=Apollo%2015&sample=15058,43bad38f654ee156a0f3a58fb473836373b31836229ecce0f8c4ad6101a86873,2026-10-04T09:07:44.711138+00:00,downloaded,"Lunar Sample Compendium, 15058c.pdf",https://www.lpi.usra.edu/lunar/samples/atlas/compendium/15058c.pdf,compendium,
15059,Apollo 15,https://www.lpi.usra.edu/lunar/samples/atlas/detail/?mission=Apollo%2015&sample=15059,0b6c6668e6b7e3b69b4b40b418b148d5b04790f4d54a1719737f11cde500e765,2026-10-04T09:07:45.545145+00:00,downloaded,"Lunar Sample Compendium, 15059.pdf",https://www.lpi.usra.edu/lunar/samples/atlas/compendium/15059.pdf,compendium,
15059,Apollo 15,https://www.lpi.usra.edu/lunar/samples/atlas/detail/?mission=Apollo%2015&sample=15059,0b6c6668e6b7e3b69b4b40b418b148d5b04790f4d54a1719737f11cde500e765,2026-10-04T09:07:45.545145+00:00,downloaded,Lunar Sample Catalog 15059 Description,http://curator.jsc.nasa.gov/lunar/catalogs/apollo15/part1/15059.pdf,catalog,
15065,Apollo 15,https://www.lpi.usra.edu/lunar/samples/atlas/detail/?mission=Apollo%2015&sample=15065,3573f0b8f522686007139bb9135eadd83e1571daf936d223e82e87ee22f71231,2026-10-04T09:07:46.376264+00:00,downloaded,"Lunar Sample Compendium, 15065r.pdf",https://www.lpi.usra.edu/lunar/samples/atlas/compendium/15065r.pdf,compendium,
15070,Apollo 15,https://www.lpi.usra.edu/lunar/samples/atlas/detail/?mission=Apollo%2015&sample=15070,c68d7f7e96f13781fb076d3c77392145abbe379abfb43d4ece0cbc3a13dd677d,2026-10-04T09:07:47.079043+00:00,downloaded_no_pdf,,,,
15071,Apollo 15,https://www.lpi.usra.edu/lunar/samples/atlas/detail/?mission=Apollo%2015&sample=15071,2ee95346d5f17966a50f1d0c0abeeee3a837e65c17519963e7e53f00e9e18ee1,2026-10-04T09:07:47.736991+00:00,downloaded,"Lunar Sample Compendium, 15071.pdf",https://www.lpi.usra.edu/lunar/samples/atlas/compendium/15071.pdf,compendium,
15072,Apollo 15,https://www.lpi.usra.edu/lunar/samples/atlas/detail/?mission=Apollo%2015&sample=15072,8a0637738adacf7925046c4ada01a43eccba9f8ba32bf9b98e594cfaf5af7350,2026-10-04T09:07:48.524850+00:00,downloaded_no_pdf,,,,
15073,Apollo 15,https://www.lpi.usra.edu/lunar/samples/atlas/detail/?mission=Apollo%2015&sample=15073,04b11acf6d0a0638bb923cf42b060b6239b20ab974edcbd12839026a5781cf4c,2026-10-04T09:07:49.188916+00:00,downloaded_no_pdf,,,,
15074,Apollo 15,https://www.lpi.usra.edu/lunar/samples/atlas/detail/?mission=Apollo%2015&sample=15074,5009c802f9167f379da7b74fc18bb7ed7043dc7e9ee4ea33ff00bc53ab117b41,2026-10-04T09:07:49.978384+00:00,downloaded_no_pdf,,,,
15075,Apollo 15,https://www.lpi.usra.edu/lunar/samples/atlas/detail/?mission=Apollo%2015&sample=15075,98caf508c84b92e5370af1c01bc2a81fc8ab119db94a7b961df3b237751d9794,2026-10-04T09:07:50.634853+00:00,downloaded,"Lunar Sample Compendium, 15075r.pdf",https://www.lpi.usra.edu/lunar/samples/atlas/compendium/15075r.pdf,compendium,
15076,Apollo 15,https://www.lpi.usra.edu/lunar/samples/atlas/detail/?mission=Apollo%2015&sample=15076,55fda340737b2955a4654bf4a3c4119fb3df5445af66fb57c5a709f3df7a8086,2026-10-04T09:07:51.326910+00:00,downloaded,"Lunar Sample Compendium, 15076r.pdf",https://www.lpi.usra.edu/lunar/samples/atlas/compendium/15076r.pdf,compendium,
15080,Apollo 15,https://www.lpi.usra.edu/lunar/samples/atlas/detail/?mission=Apollo%2015&sample=15080,0cfe224670c0ae3cb71afc7e55e123f3fad67e25f79ae2005f49cc118a32d16e,2026-10-04T09:07:52.144290+00:00,downloaded_no_pdf,,,,
15081,Apollo 15,https://www.lpi.usra.edu/lunar/samples/atlas/detail/?mission=Apollo%2015&sample=15081,6c7ea6e58cb02164a183eb022364ad8e00fff4614f27a390e63496a756c5957f,2026-10-04T09:07:52.917294+00:00,downloaded,"Lunar Sample Compendium, 15071.pdf",https://www.lpi.usra.edu/lunar/samples/atlas/compendium/15071.pdf,compendium,
15082,Apollo 15,https://www.lpi.usra.edu/lunar/samples/atlas/detail/?mission=Apollo%2015&sample=15082,21dc31c0cc1df3cd05750ab03975501e84b7336cc6071622ec24af9b1021b0bd,2026-10-04T09:07:53.711674+00:00,downloaded_no_pdf,,,,
15083,Apollo 15,https://www.lpi.usra.edu/lunar/samples/atlas/detail/?mission=Apollo%2015&sample=15083,176d5587105578eb934760a0f1a11ae65ac26495c3255848f5b8bf8e4ed3a88a,2026-10-04T09:07:54.368719+00:00,downloaded_no_pdf,,,,
15084,Apollo 15,https://www.lpi.usra.edu/lunar/samples/atlas/detail/?mission=Apollo%2015&sample=15084,dc2a11b431242e7f2f103b191987081694a007adbf7ac78d639994cad6f87980,2026-10-04T09:07:55.039767+00:00,downloaded_no_pdf,,,,
15085,Apollo 15,https://www.lpi.usra.edu/lunar/samples/atlas/detail/?mission=Apollo%2015&sample=15085,733f9f39d6d1354e0d0c3d9e2d2dc2a8c4f0e6f9878dd72104e2dcc5ed85d552,2026-10-04T09:07:55.696567+00:00,downloaded,"Lunar Sample Compendium, 15085r.pdf",https://www.lpi.usra.edu/lunar/samples/atlas/compendium/15085r.pdf,compendium,
15086,Apollo 15,https://www.lpi.usra.edu/lunar/samples/atlas/detail/?mission=Apollo%2015&sample=15086,f25c4d7b53086c5caee2d0228d122edae7f2d0e568b1520bd174d1446eb0f597,2026-10-04T09:07:56.523326+00:00,downloaded,"Lunar Sample Compendium, 15086.pdf",https://www.lpi.usra.edu/lunar/samples/atlas/compendium/15086.pdf,compendium,
15086,Apollo 15,https://www.lpi.usra.edu/lunar/samples/atlas/detail/?mission=Apollo%2015&sample=15086,f25c4d7b53086c5caee2d0228d122edae7f2d0e568b1520bd174d1446eb0f597,2026-10-04T09:07:56.523326+00:00,downloaded,Lunar Sample Catalog 15086 Description,http://curator.jsc.nasa.gov/lunar/catalogs/apollo15/part1/15086.pdf,catalog,
15087,Apollo 15,https://www.lpi.usra.edu/lunar/samples/atlas/detail/?mission=Apollo%2015&sample=15087,113e9c88e08bfb2c330913339e9bf44fe904eadc25f674e4c463e10fa64d02a9,2026-10-04T09:07:57.184495+00:00,downloaded_no_pdf,,,,
15088,Apollo 15,https://www.lpi.usra.edu/lunar/samples/atlas/detail/?mission=Apollo%2015&sample=15088,2f83daf299c58cd3225fb570731ba0550414382aee9b2209f7e4d2566a31a0d0,2026-10-04T09:07:57.836825+00:00,downloaded_no_pdf,,,,
15090,Apollo 15,https://www.lpi.usra.edu/lunar/samples/atlas/detail/?mission=Apollo%2015&sample=15090,7a26790d98c16dbe0edfbbf7ece62f400def9e089f7ed8f6cabb885e4a837167,2026-10-04T09:07:58.615550+00:00,downloaded_no_pdf,,,,
15091,Apollo 15,https://www.lpi.usra.edu/lunar/samples/atlas/detail/?mission=Apollo%2015&sample=15091,a34c542b053fea4ed1ea77b41213c2cae6c9eb6331afc2bcf5bb73401d8fd11a,2026-10-04T09:07:59.284975+00:00,downloaded,"Lunar Sample Compendium, 15091.pdf",https://www.lpi.usra.edu/lunar/samples/atlas/compendium/15091.pdf,compendium,
15092,Apollo 15,https://www.lpi.usra.edu/lunar/samples/atlas/detail/?mission=Apollo%2015&sample=15092,b6ecd168249b7a84001de1d424775c6486e0810b07dad505cdd0adb98a64531c,2026-10-04T09:08:00.068881+00:00,downloaded_no_pdf,,,,
15093,Apollo 15,https://www.lpi.usra.edu/lunar/samples/atlas/detail/?mission=Apollo%2015&sample=15093,c18eda0c24a9c3351c8a1c3907f792438942bea3e0c0aa2b357f6412c93b368f,2026-10-04T09:08:00.859912+00:00,downloaded_no_pdf,,,,
15095,Apollo 15,https://www.lpi.usra.edu/lunar/samples/atlas/detail/?mission=Apollo%2015&sample=15095,abe4f6b7b067ad516261cc29af53a58e2399a9c44fd55b1aebe96af4304ee07f,2026-10-04T09:08:01.514657+00:00,downloaded,"Lunar Sample Compendium, 15095.pdf",https://www.lpi.usra.edu/lunar/samples/atlas/compendium/15095.pdf,compendium,
15100,Apollo 15,https://www.lpi.usra.edu/lunar/samples/atlas/detail/?mission=Apollo%2015&sample=15100,290c4738486c01d47f8ba364f741459581c5a7eb1008ab60553d69b527ee35a1,2026-10-04T09:08:02.218737+00:00,downloaded,"Lunar Sample Compendium, 15100.pdf",https://www.lpi.usra.edu/lunar/samples/atlas/compendium/15100.pdf,compendium,
15101,Apollo 15,https://www.lpi.usra.edu/lunar/samples/atlas/detail/?mission=Apollo%2015&sample=15101,2e873c3fc52580b20e2c80f94a38e77e97cffc7e53472a4cd94c004d75e0e03e,2026-10-04T09:08:02.887566+00:00,downloaded_no_pdf,,,,
15102,Apollo 15,https://www.lpi.usra.edu/lunar/samples/atlas/detail/?mission=Apollo%2015&sample=15102,ef426883bf6b74de2ce280e2c6f4e2e31ab7c370725dc1040f09af6f398dbe4b,2026-10-04T09:08:03.676655+00:00,downloaded_no_pdf,,,,
15103,Apollo 15,https://www.lpi.usra.edu/lunar/samples/atlas/detail/?mission=Apollo%2015&sample=15103,8699ddd3379ce8757fc0b7e521d5f16a478a95495b6c7f736dbcd14831c0bce7,2026-10-04T09:08:04.330117+00:00,downloaded_no_pdf,,,,
15104,Apollo 15,https://www.lpi.usra.edu/lunar/samples/atlas/detail/?mission=Apollo%2015&sample=15104,b5dc2e462df967526fa77d4d803147684ff045567fc278bf377114c33264e3a1,2026-10-04T09:08:05.117588+00:00,downloaded_no_pdf,,,,
15105,Apollo 15,https://www.lpi.usra.edu/lunar/samples/atlas/detail/?mission=Apollo%2015&sample=15105,18f2093f5f40b590b436eb71ad95dd717a2ea790f037f2e3a1af69d485490bef,2026-10-04T09:08:05.924665+00:00,downloaded,"Lunar Sample Compendium, 15105r.pdf",https://www.lpi.usra.edu/lunar/samples/atlas/compendium/15105r.pdf,compendium,
15115,Apollo 15,https://www.lpi.usra.edu/lunar/samples/atlas/detail/?mission=Apollo%2015&sample=15115,8c5984cec14a45aee000c126f771f3343fbc0c93e3f09ad0f0271811a20519dd,2026-10-04T09:08:06.708670+00:00,downloaded,"Lunar Sample Compendium, 15115.pdf",https://www.lpi.usra.edu/lunar/samples/atlas/compendium/15115.pdf,compendium,
15116,Apollo 15,https://www.lpi.usra.edu/lunar/samples/atlas/detail/?mission=Apollo%2015&sample=15116,cbe16efa769dea032143c02fbdcf6cad87ae72a0504791d03a0ec947d5db71d2,2026-10-04T09:08:07.360099+00:00,downloaded,"Lunar Sample Compendium, 15116r.pdf",https://www.lpi.usra.edu/lunar/samples/atlas/compendium/15116r.pdf,compendium,
15117,Apollo 15,https://www.lpi.usra.edu/lunar/samples/atlas/detail/?mission=Apollo%2015&sample=15117,61e4d226e307e018ab5becd37d3ae7b644cb4b1ebbb800d0739525a8fa409fb5,2026-10-04T09:08:08.148365+00:00,downloaded,"Lunar Sample Compendium, 15117r.pdf",https://www.lpi.usra.edu/lunar/samples/atlas/compendium/15117r.pdf,compendium,
15118,Apollo 15,https://www.lpi.usra.edu/lunar/samples/atlas/detail/?mission=Apollo%2015&sample=15118,93fbbd075db3d1e44813127b6f81d2e4f85cccf5900255092c5456088e5cf526,2026-10-04T09:08:08.838105+00:00,downloaded,"Lunar Sample Compendium, 15118r.pdf",https://www.lpi.usra.edu/lunar/samples/atlas/compendium/15118r.pdf,compendium,
15119,Apollo 15,https://www.lpi.usra.edu/lunar/samples/atlas/detail/?mission=Apollo%2015&sample=15119,68e1de3344b10bd491bbfb834ca7a1df3ce8b1fbb2b06beba632531c26854135,2026-10-04T09:08:09.658884+00:00,downloaded,"Lunar Sample Compendium, 15119r.pdf",https://www.lpi.usra.edu/lunar/samples/atlas/compendium/15119r.pdf,compendium,
15119,Apollo 15,https://www.lpi.usra.edu/lunar/samples/atlas/detail/?mission=Apollo%2015&sample=15119,68e1de3344b10bd491bbfb834ca7a1df3ce8b1fbb2b06beba632531c26854135,2026-10-04T09:08:09.658884+00:00,downloaded,Lunar Sample Catalog 15119 Description,http://curator.jsc.nasa.gov/lunar/catalogs/apollo15/part1/15119.pdf,catalog,
15124,Apollo 15,https://www.lpi.usra.edu/lunar/samples/atlas/detail/?mission=Apollo%2015&sample=15124,eebf2897b2fa27b335f3d0e6048b086171c30d1bfb0432f126bcc224b7cdca24,2026-10-04T09:08:10.481133+00:00,downloaded_no_pdf,,,,
15125,Apollo 15,https://www.lpi.usra.edu/lunar/samples/atlas/detail/?mission=Apollo%2015&sample=15125,4bc15b0485d9becaad194862c8b3d51b47bfbf9515cc336ebd4b610df324ff01,2026-10-04T09:08:11.141321+00:00,downloaded,"Lunar Sample Compendium, 15125r.pdf",https://www.lpi.usra.edu/lunar/samples/atlas/compendium/15125r.pdf,compendium,
15135,Apollo 15,https://www.lpi.usra.edu/lunar/samples/atlas/detail/?mission=Apollo%2015&sample=15135,3c90ac479adb3aee52063511b068fe9d978af3e74339d0a293b0b9c0d9a7538a,2026-10-04T09:08:11.919230+00:00,downloaded_no_pdf,,,,
15145,Apollo 15,https://www.lpi.usra.edu/lunar/samples/atlas/detail/?mission=Apollo%2015&sample=15145,bcf022b5202e5781e513eba1a1dd238456cf774c054a9dd576bd715983530655,2026-10-04T09:08:12.698028+00:00,downloaded_no_pdf,,,,
15146,Apollo 15,https://www.lpi.usra.edu/lunar/samples/atlas/detail/?mission=Apollo%2015&sample=15146,e255f5fb0568558a4cc59a32ac8f0dcd5ab50010b75949c1a9c58269e21e3350,2026-10-04T09:08:13.384154+00:00,downloaded_no_pdf,,,,
15147,Apollo 15,https://www.lpi.usra.edu/lunar/samples/atlas/detail/?mission=Apollo%2015&sample=15147,5cae0f98f22a4fff419a104f53d78641514da59f4de267ff0b423d0715a249fb,2026-10-04T09:08:14.171651+00:00,downloaded_no_pdf,,,,
15148,Apollo 15,https://www.lpi.usra.edu/lunar/samples/atlas/detail/?mission=Apollo%2015&sample=15148,b530a2e03eea8fceffc25e6e134cdd09183495fb9e98c30bc9a79facf9bf2945,2026-10-04T09:08:14.855342+00:00,downloaded_no_pdf,,,,
15200,Apollo 15,https://www.lpi.usra.edu/lunar/samples/atlas/detail/?mission=Apollo%2015&sample=15200,13607f7154a755fb96cb9f89100995a202e28fd243702ce4dd2f1f8f5e024da7,2026-10-04T09:08:15.504931+00:00,downloaded_no_pdf,,,,
15201,Apollo 15,https://www.lpi.usra.edu/lunar/samples/atlas/detail/?mission=Apollo%2015&sample=15201,504bccf4e5b87a643afb6c154ec370dd354ad0e5d54f9a0bd6f9a11f9e5e753a,2026-10-04T09:08:16.161010+00:00,downloaded,"Lunar Sample Compendium, 15211.pdf",https://www.lpi.usra.edu/lunar/samples/atlas/compendium/15211.pdf,compendium,
15202,Apollo 15,https://www.lpi.usra.edu/lunar/samples/atlas/detail/?mission=Apollo%2015&sample=15202,f644d8b7a2ac02f5742bae33e2946067bd0e52596cf2e8cd7c862524b392f2a8,2026-10-04T09:08:16.815195+00:00,downloaded_no_pdf,,,,
15203,Apollo 15,https://www.lpi.usra.edu/lunar/samples/atlas/detail/?mission=Apollo%2015&sample=15203,ccd9b2cd85f88409888d3c63a44f751647cecff9baeeb2c6ec9344ecb8f8dca6,2026-10-04T09:08:17.467022+00:00,downloaded_no_pdf,,,,
15204,Apollo 15,https://www.lpi.usra.edu/lunar/samples/atlas/detail/?mission=Apollo%2015&sample=15204,3eb8bab44b2849daf1cb8ba56c1ef5f642b821ed5f9a3d75e9d534c8b51e22cd,2026-10-04T09:08:18.239675+00:00,downloaded_no_pdf,,,,
15205,Apollo 15,https://www.lpi.usra.edu/lunar/samples/atlas/detail/?mission=Apollo%2015&sample=15205,82734809f2f906ccb5cf81adabe4a78edb37dade39162ef157c5eec8d4456162,2026-10-04T09:08:19.064985+00:00,downloaded,"Lunar Sample Compendium, 15205.pdf",https://www.lpi.usra.edu/lunar/samples/atlas/compendium/15205.pdf,compendium,
15206,Apollo 15,https://www.lpi.usra.edu/lunar/samples/atlas/detail/?mission=Apollo%2015&sample=15206,19e3fc944b42741de78c6f0d5923cd5237073c79fdfa183f512abfbf3eb31d83,2026-10-04T09:08:19.907611+00:00,downloaded,"Lunar Sample Compendium, 15206.pdf",https://www.lpi.usra.edu/lunar/samples/atlas/compendium/15206.pdf,compendium,
15208,Apollo 15,https://www.lpi.usra.edu/lunar/samples/atlas/detail/?mission=Apollo%2015&sample=15208,7a8743f3297ec014f89984f2699290304c2fcb5233e6c20def3bdf8ce2df38cc,2026-10-04T09:08:20.731242+00:00,downloaded_no_pdf,,,,
15210,Apollo 15,https://www.lpi.usra.edu/lunar/samples/atlas/detail/?mission=Apollo%2015&sample=15210,e76438aa68088621dec5fac27e8a17df70b087a5e4f94f363ff2d6c9620cc5f3,2026-10-04T09:08:21.516496+00:00,downloaded_no_pdf,,,,
15211,Apollo 15,https://www.lpi.usra.edu/lunar/samples/atlas/detail/?mission=Apollo%2015&sample=15211,984ab8ac78f53867a59690ed80934dc988eadaffee5250b22f0a003397235662,2026-10-04T09:08:22.170673+00:00,downloaded,"Lunar Sample Compendium, 15211.pdf",https://www.lpi.usra.edu/lunar/samples/atlas/compendium/15211.pdf,compendium,
15212,Apollo 15,https://www.lpi.usra.edu/lunar/samples/atlas/detail/?mission=Apollo%2015&sample=15212,674ab95172435851ffd82416ba5aeee3df6e66b27024c5e82aa9e11dfb5a1244,2026-10-04T09:08:22.982300+00:00,downloaded_no_pdf,,,,
15213,Apollo 15,https://www.lpi.usra.edu/lunar/samples/atlas/detail/?mission=Apollo%2015&sample=15213,fad5aa948844830574cb5b8eb07f3c52c1d1eee732cfa785a56989af8744e158,2026-10-04T09:08:23.625129+00:00,downloaded_no_pdf,,,,
15214,Apollo 15,https://www.lpi.usra.edu/lunar/samples/atlas/detail/?mission=Apollo%2015&sample=15214,6b6e2f7b8f84ddd54f20761c942243deda6d90d296936adbe852c94e86afeea4,2026-10-04T09:08:24.413743+00:00,downloaded_no_pdf,,,,
15220,Apollo 15,https://www.lpi.usra.edu/lunar/samples/atlas/detail/?mission=Apollo%2015&sample=15220,b7434bf5df2dbbd93bc2b78b648ea200c974bf8baa78c150af7969849c7cff72,2026-10-04T09:08:25.238066+00:00,downloaded,"Lunar Sample Compendium, 15221.pdf",https://www.lpi.usra.edu/lunar/samples/atlas/compendium/15221.pdf,compendium,
15221,Apollo 15,https://www.lpi.usra.edu/lunar/samples/atlas/detail/?mission=Apollo%2015&sample=15221,cbda78da5203d7c60b49471a83bcac63b38dae6bdb3a5075b6b09db3674dcade,2026-10-04T09:08:25.885645+00:00,downloaded_no_pdf,,,,
15222,Apollo 15,https://www.lpi.usra.edu/lunar/samples/atlas/detail/?mission=Apollo%2015&sample=15222,e57805ed92c95d72fa2b3ca254af2a4e10d53089cb09103a17569cb321257d4c,2026-10-04T09:08:26.659832+00:00,downloaded_no_pdf,,,,
15223,Apollo 15,https://www.lpi.usra.edu/lunar/samples/atlas/detail/?mission=Apollo%2015&sample=15223,bf64367f838c934b51142f7dc095f450a529d13064aff91467848800c5b63c92,2026-10-04T09:08:27.429037+00:00,downloaded_no_pdf,,,,
15224,Apollo 15,https://www.lpi.usra.edu/lunar/samples/atlas/detail/?mission=Apollo%2015&sample=15224,4c7e7183b6281b3c4c7f0ccaebef66a3b0d486b28dc20f94cd520c357077a060,2026-10-04T09:08:28.076041+00:00,downloaded_no_pdf,,,,
15230,Apollo 15,https://www.lpi.usra.edu/lunar/samples/atlas/detail/?mission=Apollo%2015&sample=15230,73a5de124ff883519d4111b3a8e7bf252e42d1eb5515b0d9985a1fe295a19b75,2026-10-04T09:08:28.854395+00:00,downloaded_no_pdf,,,,
15231,Apollo 15,https://www.lpi.usra.edu/lunar/samples/atlas/detail/?mission=Apollo%2015&sample=15231,93ab278d05a0f9c85a4b7ff815750ae80d789ef8820efc1e11ae82fb2e19d616,2026-10-04T09:08:29.511438+00:00,downloaded,"Lunar Sample Compendium, 15231.pdf",https://www.lpi.usra.edu/lunar/samples/atlas/compendium/15231.pdf,compendium,
15232,Apollo 15,https://www.lpi.usra.edu/lunar/samples/atlas/detail/?mission=Apollo%2015&sample=15232,7053e50abe8a04ad224c729a11d882d0492450832058ff7b0ab6b7613c13ea98,2026-10-04T09:08:30.187189+00:00,downloaded_no_pdf,,,,
15233,Apollo 15,https://www.lpi.usra.edu/lunar/samples/atlas/detail/?mission=Apollo%2015&sample=15233,5a8e106fb04e502eda3ebafd206cbf7747bbc0a21097b63768989cf9f669c8c5,2026-10-04T09:08:30.999632+00:00,downloaded_no_pdf,,,,
15234,Apollo 15,https://www.lpi.usra.edu/lunar/samples/atlas/detail/?mission=Apollo%2015&sample=15234,4addc8a1543b575dfa28e3533d56b984474f60b853e7519497b422cc11c34b41,2026-10-04T09:08:31.652433+00:00,downloaded_no_pdf,,,,
15240,Apollo 15,https://www.lpi.usra.edu/lunar/samples/atlas/detail/?mission=Apollo%2015&sample=15240,6d537039cc70fe8c69cabe7afe8fd9f35dc2fb541badfca6a75cea41f410104b,2026-10-04T09:08:32.300238+00:00,downloaded_no_pdf,,,,
15241,Apollo 15,https://www.lpi.usra.edu/lunar/samples/atlas/detail/?mission=Apollo%2015&sample=15241,91abe3073d6dc8935c5181543895bd145c0e3104630971c88bd7de5b6e116296,2026-10-04T09:08:33.078183+00:00,downloaded,"Lunar Sample Compendium, 15241.pdf",https://www.lpi.usra.edu/lunar/samples/atlas/compendium/15241.pdf,compendium,
15242,Apollo 15,https://www.lpi.usra.edu/lunar/samples/atlas/detail/?mission=Apollo%2015&sample=15242,81841191731adb2b5800f2e8a31041711deb75ab9235f0b5601ca5bb41e163d9,2026-10-04T09:08:33.737488+00:00,downloaded_no_pdf,,,,
15243,Apollo 15,https://www.lpi.usra.edu/lunar/samples/atlas/detail/?mission=Apollo%2015&sample=15243,ff4007c61b055c8dd5b0932c0ac0cfa13c60f06a065f5e1525e51007a5c8adb0,2026-10-04T09:08:34.407081+00:00,downloaded_no_pdf,,,,
15244,Apollo 15,https://www.lpi.usra.edu/lunar/samples/atlas/detail/?mission=Apollo%2015&sample=15244,c8e02bc7cca6bd62aded8147d73bce66454d644b7f302b751a00692c4d2de1f2,2026-10-04T09:08:35.194008+00:00,downloaded_no_pdf,,,,
15245,Apollo 15,https://www.lpi.usra.edu/lunar/samples/atlas/detail/?mission=Apollo%2015&sample=15245,a5b40774e1a5ed3102a532ab23bad1cc41551e2e94615ca481dc1f374677fb8f,2026-10-04T09:08:36.018608+00:00,downloaded,"Lunar Sample Compendium, 15245.pdf",https://www.lpi.usra.edu/lunar/samples/atlas/compendium/15245.pdf,compendium,
15250,Apollo 15,https://www.lpi.usra.edu/lunar/samples/atlas/detail/?mission=Apollo%2015&sample=15250,dc0c5c7f2bbd11243cfe39207cf359d34127c123a61d3c9e9d444aeb15161246,2026-10-04T09:08:36.712597+00:00,downloaded_no_pdf,,,,
15251,Apollo 15,https://www.lpi.usra.edu/lunar/samples/atlas/detail/?mission=Apollo%2015&sample=15251,41e7e27d10a9cb00b63dd304d4fc0907a915466fa3f77fe6357566b94ea7a9f7,2026-10-04T09:08:37.507118+00:00,downloaded,"Lunar Sample Compendium, 15241.pdf",https://www.lpi.usra.edu/lunar/samples/atlas/compendium/15241.pdf,compendium,
15252,Apollo 15,https://www.lpi.usra.edu/lunar/samples/atlas/detail/?mission=Apollo%2015&sample=15252,e5f37e514612d4175c1cdda4ba09edb09cf02fd91dde3a99c0021d67fe8fa409,2026-10-04T09:08:38.342187+00:00,downloaded_no_pdf,,,,
15253,Apollo 15,https://www.lpi.usra.edu/lunar/samples/atlas/detail/?mission=Apollo%2015&sample=15253,487626b9ab71d3a6bd37f9b131987d76481faa6431b53c31f266d6a943f74049,2026-10-04T09:08:39.135263+00:00,downloaded_no_pdf,,,,
15254,Apollo 15,https://www.lpi.usra.edu/lunar/samples/atlas/detail/?mission=Apollo%2015&sample=15254,eb4f87b32f2dfe278711b4e1b5276dd15d4848b7cf05492eb9a994d16281b644,2026-10-04T09:08:39.801832+00:00,downloaded_no_pdf,,,,
15255,Apollo 15,https://www.lpi.usra.edu/lunar/samples/atlas/detail/?mission=Apollo%2015&sample=15255,0ae09c12534e97d5c192dbf5c3abb4d0b5dc2c9d5f1fc801164be8aa562ed58c,2026-10-04T09:08:40.455703+00:00,downloaded,"Lunar Sample Compendium, 15255.pdf",https://www.lpi.usra.edu/lunar/samples/atlas/compendium/15255.pdf,compendium,
15256,Apollo 15,https://www.lpi.usra.edu/lunar/samples/atlas/detail/?mission=Apollo%2015&sample=15256,5b2a57b91398dffaa251fa7e722bda3a02cbf3ce30f1184226fa3d62087d6cd3,2026-10-04T09:08:41.268582+00:00,downloaded,"Lunar Sample Compendium, 15256r.pdf",https://www.lpi.usra.edu/lunar/samples/atlas/compendium/15256r.pdf,compendium,
15257,Apollo 15,https://www.lpi.usra.edu/lunar/samples/atlas/detail/?mission=Apollo%2015&sample=15257,c9c890678ba04b09de4d5aaf637f87eb62378d39750d9d85dc458b23ba0de87c,2026-10-04T09:08:42.094779+00:00,downloaded,"Lunar Sample Compendium, 15255.pdf",https://www.lpi.usra.edu/lunar/samples/atlas/compendium/15255.pdf,compendium,
15258,Apollo 15,https://www.lpi.usra.edu/lunar/samples/atlas/detail/?mission=Apollo%2015&sample=15258,5296a483f794b749c332d8aacda11171f9c8253df5437fd46f6157be240a7fe9,2026-10-04T09:08:42.791543+00:00,downloaded_no_pdf,,,,
15259,Apollo 15,https://www.lpi.usra.edu/lunar/samples/atlas/detail/?mission=Apollo%2015&sample=15259,73d98f4e2013ca3578075bc6bf9fba7ab153c2db04e044ce5e5b14ebb816bb11,2026-10-04T09:08:43.448791+00:00,downloaded_no_pdf,,,,
15260,Apollo 15,https://www.lpi.usra.edu/lunar/samples/atlas/detail/?mission=Apollo%2015&sample=15260,7ea21ea4af82a598c93488868b159a6ed209ddb1fa663e3a90f3f5e1220ba39a,2026-10-04T09:08:44.104090+00:00,downloaded,"Lunar Sample Compendium, 15261.pdf",https://www.lpi.usra.edu/lunar/samples/atlas/compendium/15261.pdf,compendium,
15261,Apollo 15,https://www.lpi.usra.edu/lunar/samples/atlas/detail/?mission=Apollo%2015&sample=15261,76d08d7354073af729fb50c5af02b42c6cc399a86189d38b0171a600c5648773,2026-10-04T09:08:44.773248+00:00,downloaded_no_pdf,,,,
15262,Apollo 15,https://www.lpi.usra.edu/lunar/samples/atlas/detail/?mission=Apollo%2015&sample=15262,0b9ec43fe0276daaa7809b582600537e2b1aa2ceeb6bcb7e0dd43d6d690b7a1c,2026-10-04T09:08:45.456652+00:00,downloaded_no_pdf,,,,
15263,Apollo 15,https://www.lpi.usra.edu/lunar/samples/atlas/detail/?mission=Apollo%2015&sample=15263,5d6fdec7c653aa8d4362e294f1d1a1ca6d51586687c3078bfc9f95ae2e37c4d1,2026-10-04T09:08:46.137368+00:00,downloaded_no_pdf,,,,
15264,Apollo 15,https://www.lpi.usra.edu/lunar/samples/atlas/detail/?mission=Apollo%2015&sample=15264,b169c970f04252bc288a990ff7f514a1fa1e5589cd5b0a8bff6aaa804a1410a1,2026-10-04T09:08:46.922708+00:00,downloaded_no_pdf,,,,
15265,Apollo 15,https://www.lpi.usra.edu/lunar/samples/atlas/detail/?mission=Apollo%2015&sample=15265,db98dad0d0cd23dae095b7fefd1a0cee68652506fb6443ef1c5198610d4b4505,2026-10-04T09:08:47.626129+00:00,downloaded,"Lunar Sample Compendium, 15265.pdf",https://www.lpi.usra.edu/lunar/samples/atlas/compendium/15265.pdf,compendium,
15265,Apollo 15,https://www.lpi.usra.edu/lunar/samples/atlas/detail/?mission=Apollo%2015&sample=15265,db98dad0d0cd23dae095b7fefd1a0cee68652506fb6443ef1c5198610d4b4505,2026-10-04T09:08:47.626129+00:00,downloaded,Lunar Sample Catalog 15265 Description,http://curator.jsc.nasa.gov/lunar/catalogs/apollo15/part1/15265.pdf,catalog,
15266,Apollo 15,https://www.lpi.usra.edu/lunar/samples/atlas/detail/?mission=Apollo%2015&sample=15266,b3ec7aef6f4de92d127ceaec1d46bc32555c2fefbe960d4260c67e3e509f8a1d,2026-10-04T09:08:48.452685+00:00,downloaded,"Lunar Sample Compendium, 15265.pdf",https://www.lpi.usra.edu/lunar/samples/atlas/compendium/15265.pdf,compendium,
15267,Apollo 15,https://www.lpi.usra.edu/lunar/samples/atlas/detail/?mission=Apollo%2015&sample=15267,4c151cd200c2cafce740d7de80614ff14aa1586daa1cb76ca9f734a6203b8bf6,2026-10-04T09:08:49.160016+00:00,downloaded,"Lunar Sample Compendium, 15265.pdf",https://www.lpi.usra.edu/lunar/samples/atlas/compendium/15265.pdf,compendium,
15268,Apollo 15,https://www.lpi.usra.edu/lunar/samples/atlas/detail/?mission=Apollo%2015&sample=15268,716f641ded1465e06bc6e25dd55fd8283fdcabfd4401ed1b8246d593e0a1382e,2026-10-04T09:08:49.830461+00:00,downloaded_no_pdf,,,,
15269,Apollo 15,https://www.lpi.usra.edu/lunar/samples/atlas/detail/?mission=Apollo%2015&sample=15269,afd21e09f5443e17f3e1d6f5b66841f463c3252b542fd0f56da7af59ad5f3cc6,2026-10-04T09:08:50.638578+00:00,downloaded_no_pdf,,,,
15270,Apollo 15,https://www.lpi.usra.edu/lunar/samples/atlas/detail/?mission=Apollo%2015&sample=15270,f6b6bca7fefc4ca6b3d3521be6763f5df63a6e92a805e410fc30566ed811dd00,2026-10-04T09:08:51.423178+00:00,downloaded_no_pdf,,,,
15271,Apollo 15,https://www.lpi.usra.edu/lunar/samples/atlas/detail/?mission=Apollo%2015&sample=15271,2e04bd67c65924c80897acef20ea56a671b2e87e353450540d28e27fa5d603aa,2026-10-04T09:08:52.075443+00:00,downloaded,"Lunar Sample Compendium, 15271.pdf",https://www.lpi.usra.edu/lunar/samples/atlas/compendium/15271.pdf,compendium,
15272,Apollo 15,https://www.lpi.usra.edu/lunar/samples/atlas/detail/?mission=Apollo%2015&sample=15272,0b066f1d582c89055df890cfd73a9f54df4c7fb5aaac9646bff23c611efbce98,2026-10-04T09:08:52.915973+00:00,downloaded_no_pdf,,,,
15273,Apollo 15,https://www.lpi.usra.edu/lunar/samples/atlas/detail/?mission=Apollo%2015&sample=15273,cc7ca78bfd35f274350423a414fc276aa9138766961a5a806cb9b137251b1455,2026-10-04T09:08:53.715303+00:00,downloaded_no_pdf,,,,
15274,Apollo 15,https://www.lpi.usra.edu/lunar/samples/atlas/detail/?mission=Apollo%2015&sample=15274,18dc2d43867521d62a699be3146ecba1a6c77a22c3998103678e6efb9852a070,2026-10-04T09:08:54.371217+00:00,downloaded_no_pdf,,,,
15281,Apollo 15,https://www.lpi.usra.edu/lunar/samples/atlas/detail/?mission=Apollo%2015&sample=15281,1827df596cd0b3c884069899a71606da7581f774127451094a95400c111d27db,2026-10-04T09:08:55.027074+00:00,downloaded_no_pdf,,,,
15282,Apollo 15,https://www.lpi.usra.edu/lunar/samples/atlas/detail/?mission=Apollo%2015&sample=15282,89d2bb6529fa8279bd3fa4f1624cb9222e8e610911f40d3f91537248ce443ea8,2026-10-04T09:08:55.681279+00:00,downloaded_no_pdf,,,,
15283,Apollo 15,https://www.lpi.usra.edu/lunar/samples/atlas/detail/?mission=Apollo%2015&sample=15283,7b0db5029bd66f22941b7d94afb23ebf02768544dabe383c7c79848182e2e3e9,2026-10-04T09:08:56.335363+00:00,downloaded_no_pdf,,,,
15284,Apollo 15,https://www.lpi.usra.edu/lunar/samples/atlas/detail/?mission=Apollo%2015&sample=15284,9286760be92600cb26b6f3de916ad711551bfadc6bcf8c0268c94013044c05c4,2026-10-04T09:08:57.109681+00:00,downloaded_no_pdf,,,,
15285,Apollo 15,https://www.lpi.usra.edu/lunar/samples/atlas/detail/?mission=Apollo%2015&sample=15285,c04f4a53b76e6474ae97b47272ea2b0deeb87b97b0ffbdc39bf2e32775f0f740,2026-10-04T09:08:57.768386+00:00,downloaded,"Lunar Sample Compendium, 15285.pdf",https://www.lpi.usra.edu/lunar/samples/atlas/compendium/15285.pdf,compendium,
15286,Apollo 15,https://www.lpi.usra.edu/lunar/samples/atlas/detail/?mission=Apollo%2015&sample=15286,1f62160b14a6084a60716ec9da84198f45438010192dee31a8be539441cb01a7,2026-10-04T09:08:58.592910+00:00,downloaded,"Lunar Sample Compendium, 15286.pdf",https://www.lpi.usra.edu/lunar/samples/atlas/compendium/15286.pdf,compendium,
15287,Apollo 15,https://www.lpi.usra.edu/lunar/samples/atlas/detail/?mission=Apollo%2015&sample=15287,059bceaf8cf660a85c26abf6169981763beee708531f661bce3039d5041baaab,2026-10-04T09:08:59.283548+00:00,downloaded,"Lunar Sample Compendium, 15287.pdf",https://www.lpi.usra.edu/lunar/samples/atlas/compendium/15287.pdf,compendium,
15288,Apollo 15,https://www.lpi.usra.edu/lunar/samples/atlas/detail/?mission=Apollo%2015&sample=15288,58e0714fe75f6493fa96b8715e5d97eb936e92b67f37ca3cb45bc87baadead06,2026-10-04T09:09:00.106013+00:00,downloaded,"Lunar Sample Compendium, 15288.pdf",https://www.lpi.usra.edu/lunar/samples/atlas/compendium/15288.pdf,compendium,
15289,Apollo 15,https://www.lpi.usra.edu/lunar/samples/atlas/detail/?mission=Apollo%2015&sample=15289,8a262f2a3ee007efcd38cc1878a2803c213e63fb3d761c45b4a385bf4dc12b22,2026-10-04T09:09:00.819842+00:00,downloaded,"Lunar Sample Compendium, 15288.pdf",https://www.lpi.usra.edu/lunar/samples/atlas/compendium/15288.pdf,compendium,
15290,Apollo 15,https://www.lpi.usra.edu/lunar/samples/atlas/detail/?mission=Apollo%2015&sample=15290,c5689de7917c868c714f7495d082def425451ce321471a4b050061b3aece689a,2026-10-04T09:09:01.512096+00:00,downloaded_no_pdf,,,,
15291,Apollo 15,https://www.lpi.usra.edu/lunar/samples/atlas/detail/?mission=Apollo%2015&sample=15291,e8ecd8e8ff17c8ce36a1d050d7582717db0dd58ca545ba80ed345efeb1b77411,2026-10-04T09:09:02.187294+00:00,downloaded,"Lunar Sample Compendium, 15291.pdf",https://www.lpi.usra.edu/lunar/samples/atlas/compendium/15291.pdf,compendium,
15292,Apollo 15,https://www.lpi.usra.edu/lunar/samples/atlas/detail/?mission=Apollo%2015&sample=15292,7153d187893d16c1b37c61278f1158cdc3afbae545638df24fed5df267c92777,2026-10-04T09:09:02.848409+00:00,downloaded_no_pdf,,,,
15293,Apollo 15,https://www.lpi.usra.edu/lunar/samples/atlas/detail/?mission=Apollo%2015&sample=15293,803a47572f34ead0b676bb68cccb93ae22b98a66f32c73571be0853ed7798f42,2026-10-04T09:09:03.651773+00:00,downloaded_no_pdf,,,,
15294,Apollo 15,https://www.lpi.usra.edu/lunar/samples/atlas/detail/?mission=Apollo%2015&sample=15294,043f5449291ab0e3f23d4c5a26165964780379bbd4c9187ade764eb275ca8d33,2026-10-04T09:09:04.439538+00:00,downloaded_no_pdf,,,,
15295,Apollo 15,https://www.lpi.usra.edu/lunar/samples/atlas/detail/?mission=Apollo%2015&sample=15295,52542fda16365fa527fb0c8c0f855dd321032215c84fd29932b3984ef786fd5d,2026-10-04T09:09:05.095839+00:00,downloaded,"Lunar Sample Compendium, 15295.pdf",https://www.lpi.usra.edu/lunar/samples/atlas/compendium/15295.pdf,compendium,
15295,Apollo 15,https://www.lpi.usra.edu/lunar/samples/atlas/detail/?mission=Apollo%2015&sample=15295,52542fda16365fa527fb0c8c0f855dd321032215c84fd29932b3984ef786fd5d,2026-10-04T09:09:05.095839+00:00,downloaded,Lunar Sample Catalog 15295 Description,http://curator.jsc.nasa.gov/lunar/catalogs/apollo15/part1/15295.pdf,catalog,
15297,Apollo 15,https://www.lpi.usra.edu/lunar/samples/atlas/detail/?mission=Apollo%2015&sample=15297,0e4df8d064767afbcb321621f00b56982cb17ca8dbf4895754afc8641532089a,2026-10-04T09:09:05.931838+00:00,downloaded,"Lunar Sample Compendium, 15297.pdf",https://www.lpi.usra.edu/lunar/samples/atlas/compendium/15297.pdf,compendium,
15298,Apollo 15,https://www.lpi.usra.edu/lunar/samples/atlas/detail/?mission=Apollo%2015&sample=15298,a7b36d0b505f8f78e7a386c7e83a8ac33d9208f26e933302efe056e052dff512,2026-10-04T09:09:06.797851+00:00,downloaded,"Lunar Sample Compendium, 15298.pdf",https://www.lpi.usra.edu/lunar/samples/atlas/compendium/15298.pdf,compendium,
15298,Apollo 15,https://www.lpi.usra.edu/lunar/samples/atlas/detail/?mission=Apollo%2015&sample=15298,a7b36d0b505f8f78e7a386c7e83a8ac33d9208f26e933302efe056e052dff512,2026-10-04T09:09:06.797851+00:00,downloaded,Lunar Sample Catalog 15298 Description,http://curator.jsc.nasa.gov/lunar/catalogs/apollo15/part1/15298.pdf,catalog,
15299,Apollo 15,https://www.lpi.usra.edu/lunar/samples/atlas/detail/?mission=Apollo%2015&sample=15299,ee59b9fa85b812cb737e06579936a7b684c691776345f649265bf2683e756508,2026-10-04T09:09:07.496882+00:00,downloaded,"Lunar Sample Compendium, 15299.pdf",https://www.lpi.usra.edu/lunar/samples/atlas/compendium/15299.pdf,compendium,
15299,Apollo 15,https://www.lpi.usra.edu/lunar/samples/atlas/detail/?mission=Apollo%2015&sample=15299,ee59b9fa85b812cb737e06579936a7b684c691776345f649265bf2683e756508,2026-10-04T09:09:07.496882+00:00,downloaded,Lunar Sample Catalog 15299 Description,http://curator.jsc.nasa.gov/lunar/catalogs/apollo15/part1/15299.pdf,catalog,
15300,Apollo 15,https://www.lpi.usra.edu/lunar/samples/atlas/detail/?mission=Apollo%2015&sample=15300,2d3c9ca056ecc5d6f06fb9788a3d88158a2ec653bf2e2976ce174346cfd3bbcc,2026-10-04T09:09:08.327088+00:00,downloaded_no_pdf,,,,
15301,Apollo 15,https://www.lpi.usra.edu/lunar/samples/atlas/detail/?mission=Apollo%2015&sample=15301,a57c914b9d4827434a721a8149346406008fca11aba50d85e2491a19b7c5eaed,2026-10-04T09:09:09.122028+00:00,downloaded,"Lunar Sample Compendium, 15301.pdf",https://www.lpi.usra.edu/lunar/samples/atlas/compendium/15301.pdf,compendium,
15302,Apollo 15,https://www.lpi.usra.edu/lunar/samples/atlas/detail/?mission=Apollo%2015&sample=15302,fcc3b5f718d3cf42ac8d034aa61c0f06787681e4c3445845b8d7b252f85f33a5,2026-10-04T09:09:09.808146+00:00,downloaded_no_pdf,,,,
15303,Apollo 15,https://www.lpi.usra.edu/lunar/samples/atlas/detail/?mission=Apollo%2015&sample=15303,fef0659f1f69bb916a07621274fa3e7754b6b138c1dc3a20b12f0d533d6f03b0,2026-10-04T09:09:10.594543+00:00,downloaded_no_pdf,,,,
15304,Apollo 15,https://www.lpi.usra.edu/lunar/samples/atlas/detail/?mission=Apollo%2015&sample=15304,01e884adff361235dcdb2007d5beeea7b8c3804b6a5d003c062dbcec7ab8ef7e,2026-10-04T09:09:11.259589+00:00,downloaded_no_pdf,,,,
15305,Apollo 15,https://www.lpi.usra.edu/lunar/samples/atlas/detail/?mission=Apollo%2015&sample=15305,9d7f72e3f616ad2aed80a4913108cfbe1fa32712f491cbe70f7264860e654e2b,2026-10-04T09:09:12.038937+00:00,downloaded_no_pdf,,,,
15306,Apollo 15,https://www.lpi.usra.edu/lunar/samples/atlas/detail/?mission=Apollo%2015&sample=15306,aa514506d6bbd508ff75e2926086ea46c4c9628d2f6fcd8d72cfcfdac1237cc4,2026-10-04T09:09:12.815903+00:00,downloaded,"Lunar Sample Compendium, 15306.pdf",https://www.lpi.usra.edu/lunar/samples/atlas/compendium/15306.pdf,compendium,
15307,Apollo 15,https://www.lpi.usra.edu/lunar/samples/atlas/detail/?mission=Apollo%2015&sample=15307,b8fe5f2e4c770face7a75a0264ed57b7425d49fd311290c37de0ce4b5c5d7c45,2026-10-04T09:09:13.511664+00:00,downloaded,"Lunar Sample Compendium, 15307.pdf",https://www.lpi.usra.edu/lunar/samples/atlas/compendium/15307.pdf,compendium,
15307,Apollo 15,https://www.lpi.usra.edu/lunar/samples/atlas/detail/?mission=Apollo%2015&sample=15307,b8fe5f2e4c770face7a75a0264ed57b7425d49fd311290c37de0ce4b5c5d7c45,2026-10-04T09:09:13.511664+00:00,downloaded,Lunar Sample Catalog 15307 Description,http://curator.jsc.nasa.gov/lunar/catalogs/apollo15/part2/15307.pdf,catalog,
15308,Apollo 15,https://www.lpi.usra.edu/lunar/samples/atlas/detail/?mission=Apollo%2015&sample=15308,031a28903f063f0bac21add5525a36f0fa74b3f78485d50ff7fd5f3dbe39cd2e,2026-10-04T09:09:14.157621+00:00,downloaded,"Lunar Sample Compendium, 15308.pdf",https://www.lpi.usra.edu/lunar/samples/atlas/compendium/15308.pdf,compendium,
15310,Apollo 15,https://www.lpi.usra.edu/lunar/samples/atlas/detail/?mission=Apollo%2015&sample=15310,e3200012e5f3e2b239ee0a7c84f030c2b863bc52d7c5473ca752dc38f4ace17a,2026-10-04T09:09:14.964197+00:00,downloaded_no_pdf,,,,
15311,Apollo 15,https://www.lpi.usra.edu/lunar/samples/atlas/detail/?mission=Apollo%2015&sample=15311,26eb392e61c91602c78a25e18bacb47300404727c251cdc3f29b5b36d400e6f0,2026-10-04T09:09:15.762812+00:00,downloaded,"Lunar Sample Compendium, 15311.pdf",https://www.lpi.usra.edu/lunar/samples/atlas/compendium/15311.pdf,compendium,
15312,Apollo 15,https://www.lpi.usra.edu/lunar/samples/atlas/detail/?mission=Apollo%2015&sample=15312,312998c176d3b6fd5b7088026124f05d9bbf4216a4ffc636fb416355b0743f54,2026-10-04T09:09:16.557676+00:00,downloaded_no_pdf,,,,
15313,Apollo 15,https://www.lpi.usra.edu/lunar/samples/atlas/detail/?mission=Apollo%2015&sample=15313,5cf97aabacad5eff37449e60a6073afc6b503a58bf22a5c65a95316edf7db551,2026-10-04T09:09:17.339617+00:00,downloaded_no_pdf,,,,
15314,Apollo 15,https://www.lpi.usra.edu/lunar/samples/atlas/detail/?mission=Apollo%2015&sample=15314,a62c28b1f6d9fa1d553e44c35d1306015187571c017c15e9d43c6bd0c7d689f0,2026-10-04T09:09:18.123936+00:00,downloaded_no_pdf,,,,
15315,Apollo 15,https://www.lpi.usra.edu/lunar/samples/atlas/detail/?mission=Apollo%2015&sample=15315,12f2385011535ae8bad36ad3b7f9d2d70afeefb32c1c49dbffc07fc956d68a8e,2026-10-04T09:09:18.835267+00:00,downloaded,"Lunar Sample Compendium, 15306.pdf",https://www.lpi.usra.edu/lunar/samples/atlas/compendium/15306.pdf,compendium,
15316,Apollo 15,https://www.lpi.usra.edu/lunar/samples/atlas/detail/?mission=Apollo%2015&sample=15316,07f3e30b9e0329881ca59c70fc16555e1e7c0218737ea2ceb621b3b14514b707,2026-10-04T09:09:19.680702+00:00,downloaded_no_pdf,,,,
15317,Apollo 15,https://www.lpi.usra.edu/lunar/samples/atlas/detail/?mission=Apollo%2015&sample=15317,14d16835a0a1002ec6cccaa86dc9c91a2a2fc47c2866d25dc8064a579191aa18,2026-10-04T09:09:20.506092+00:00,downloaded_no_pdf,,,,
15318,Apollo 15,https://www.lpi.usra.edu/lunar/samples/atlas/detail/?mission=Apollo%2015&sample=15318,1bcaf91acf221b145b9f6189a6391d643d7a8244c2d7c58c18350d0a6322888c,2026-10-04T09:09:21.286133+00:00,downloaded_no_pdf,,,,
15319,Apollo 15,https://www.lpi.usra.edu/lunar/samples/atlas/detail/?mission=Apollo%2015&sample=15319,cca339d01103b95a81cb6c9b95e103f89ed8f5d68c98dd4c3749fbcd81178939,2026-10-04T09:09:21.938181+00:00,downloaded_no_pdf,,,,
15320,Apollo 15,https://www.lpi.usra.edu/lunar/samples/atlas/detail/?mission=Apollo%2015&sample=15320,adc12e7aa72d88abcee1e939f109211242c6f4bed4bf4141c71ace590ce7b33b,2026-10-04T09:09:22.713220+00:00,downloaded_no_pdf,,,,
15321,Apollo 15,https://www.lpi.usra.edu/lunar/samples/atlas/detail/?mission=Apollo%2015&sample=15321,d4644f88cfa5b6e67672742971b0c35783a67752370c4b6561bf4ced30f42191,2026-10-04T09:09:23.503843+00:00,downloaded_no_pdf,,,,
15322,Apollo 15,https://www.lpi.usra.edu/lunar/samples/atlas/detail/?mission=Apollo%2015&sample=15322,af1e27661becd43f8efe8f39c098837dc1fef95915a0532c344140b5e0259ef3,2026-10-04T09:09:24.290513+00:00,downloaded_no_pdf,,,,
15323,Apollo 15,https://www.lpi.usra.edu/lunar/samples/atlas/detail/?mission=Apollo%2015&sample=15323,99cd899b19220b1a7cfc0db6539ac918f48832e9d403a30addaf70d14e2400e1,2026-10-04T09:09:25.071267+00:00,downloaded_no_pdf,,,,
15324,Apollo 15,https://www.lpi.usra.edu/lunar/samples/atlas/detail/?mission=Apollo%2015&sample=15324,2db3bbfe3f72ee2bb4743d1441103bfe7dd446d957f3de498b35266a1ccf5ae2,2026-10-04T09:09:25.719694+00:00,downloaded,"Lunar Sample Compendium, 15306.pdf",https://www.lpi.usra.edu/lunar/samples/atlas/compendium/15306.pdf,compendium,
15325,Apollo 15,https://www.lpi.usra.edu/lunar/samples/atlas/detail/?mission=Apollo%2015&sample=15325,138238815ca890e5d474dde81f4e663750500c9fa3b91d488f9d478860000611,2026-10-04T09:09:26.542956+00:00,downloaded,"Lunar Sample Compendium, 15306.pdf",https://www.lpi.usra.edu/lunar/samples/atlas/compendium/15306.pdf,compendium,
15326,Apollo 15,https://www.lpi.usra.edu/lunar/samples/atlas/detail/?mission=Apollo%2015&sample=15326,6a51befa9c4bd32a808ebf56d94b5a2f0fa156fb70c957eea96ca586c4253cb8,2026-10-04T09:09:27.378588+00:00,downloaded_no_pdf,,,,
15327,Apollo 15,https://www.lpi.usra.edu/lunar/samples/atlas/detail/?mission=Apollo%2015&sample=15327,b6e4be8d9a427819b4c07027f5254c5c64cd91e272f65f6d5a075992b220fcae,2026-10-04T09:09:28.036546+00:00,downloaded_no_pdf,,,,
15328,Apollo 15,https://www.lpi.usra.edu/lunar/samples/atlas/detail/?mission=Apollo%2015&sample=15328,c2b77b71ffa769bb4397ffb48645d39c1a9593f213b171a556cfde7b0bc71b31,2026-10-04T09:09:28.860990+00:00,downloaded_no_pdf,,,,
15329,Apollo 15,https://www.lpi.usra.edu/lunar/samples/atlas/detail/?mission=Apollo%2015&sample=15329,7e74fd20bff02bc8cdf7178ad07f37dad61e517f51458e8721b95194a46f6c5d,2026-10-04T09:09:29.643044+00:00,downloaded_no_pdf,,,,
15330,Apollo 15,https://www.lpi.usra.edu/lunar/samples/atlas/detail/?mission=Apollo%2015&sample=15330,94330ecbc24ee30941d4dd70faf295d63ed54b09cb2d312b4548db6e4ca15f5a,2026-10-04T09:09:30.450483+00:00,downloaded,"Lunar Sample Compendium, 15306.pdf",https://www.lpi.usra.edu/lunar/samples/atlas/compendium/15306.pdf,compendium,
15331,Apollo 15,https://www.lpi.usra.edu/lunar/samples/atlas/detail/?mission=Apollo%2015&sample=15331,49ca4f1ec9fd3c5a6588ff04fd8859737337f7aabef85cf68b21d86100bee703,2026-10-04T09:09:31.277228+00:00,downloaded_no_pdf,,,,
15332,Apollo 15,https://www.lpi.usra.edu/lunar/samples/atlas/detail/?mission=Apollo%2015&sample=15332,14de4240e767df98750a792eb2a76458510e7ff0d482cec1724ed784fdd3822b,2026-10-04T09:09:31.932448+00:00,downloaded_no_pdf,,,,
15333,Apollo 15,https://www.lpi.usra.edu/lunar/samples/atlas/detail/?mission=Apollo%2015&sample=15333,18799d8720483df419a6f862becd8434a5c464280d158af00dd2e43728005b57,2026-10-04T09:09:32.716614+00:00,downloaded_no_pdf,,,,
15334,Apollo 15,https://www.lpi.usra.edu/lunar/samples/atlas/detail/?mission=Apollo%2015&sample=15334,8c4158e626372f12b49efec36bd81edadfe5aec81b48559e49c3db9167ce5ec3,2026-10-04T09:09:33.368587+00:00,downloaded_no_pdf,,,,
15335,Apollo 15,https://www.lpi.usra.edu/lunar/samples/atlas/detail/?mission=Apollo%2015&sample=15335,69f5aa7baff0794e9dc32c4d38f1de79b3a61f170c7e61662c887a78459d88a2,2026-10-04T09:09:34.153713+00:00,downloaded_no_pdf,,,,
15336,Apollo 15,https://www.lpi.usra.edu/lunar/samples/atlas/detail/?mission=Apollo%2015&sample=15336,39d4be77d951d2c52173ed61ae0f0661902f8c0964d32e460b42f0b35b3b3ef2,2026-10-04T09:09:34.822562+00:00,downloaded_no_pdf,,,,
15337,Apollo 15,https://www.lpi.usra.edu/lunar/samples/atlas/detail/?mission=Apollo%2015&sample=15337,76a55178001a63530c4f7e37c7f7af05dbc4e45ea3c6f1cacea56c72bf03782b,2026-10-04T09:09:35.620294+00:00,downloaded_no_pdf,,,,
15338,Apollo 15,https://www.lpi.usra.edu/lunar/samples/atlas/detail/?mission=Apollo%2015&sample=15338,2660cf6cd3adc78cd57b7a99e61b4e52a6ed68b7e402c51393371c91580d3ca1,2026-10-04T09:09:36.412376+00:00,downloaded_no_pdf,,,,
15339,Apollo 15,https://www.lpi.usra.edu/lunar/samples/atlas/detail/?mission=Apollo%2015&sample=15339,31a61bdf260623a392817b19406fee74606f23b3ed0a20678c2adab3b3526095,2026-10-04T09:09:37.067654+00:00,downloaded_no_pdf,,,,
15340,Apollo 15,https://www.lpi.usra.edu/lunar/samples/atlas/detail/?mission=Apollo%2015&sample=15340,3f6de9dbc07731abe4a2ef8c25d0a42b30a0a5c80d189dbfb3661a3baf61a159,2026-10-04T09:09:37.723196+00:00,downloaded_no_pdf,,,,
15341,Apollo 15,https://www.lpi.usra.edu/lunar/samples/atlas/detail/?mission=Apollo%2015&sample=15341,dfb1e871e282367c941d235e108fb86b62fc46820fb9a7dc3852369fe3b51a0a,2026-10-04T09:09:38.512087+00:00,downloaded_no_pdf,,,,
15342,Apollo 15,https://www.lpi.usra.edu/lunar/samples/atlas/detail/?mission=Apollo%2015&sample=15342,79fbf4bbed81020f429dbc55f79912818ba1d58bbd12cfb327b10a8c3b31386f,2026-10-04T09:09:39.183376+00:00,downloaded_no_pdf,,,,
15343,Apollo 15,https://www.lpi.usra.edu/lunar/samples/atlas/detail/?mission=Apollo%2015&sample=15343,cd763f30834e40fbe61507d3899821862983930eba979b3dcfbc65fda2da6215,2026-10-04T09:09:40.002725+00:00,downloaded_no_pdf,,,,
15344,Apollo 15,https://www.lpi.usra.edu/lunar/samples/atlas/detail/?mission=Apollo%2015&sample=15344,397d5b5f70d2590d9c67601f7205a082ed74f6b2359db097b8f2abc7320495ff,2026-10-04T09:09:40.672316+00:00,downloaded_no_pdf,,,,
15345,Apollo 15,https://www.lpi.usra.edu/lunar/samples/atlas/detail/?mission=Apollo%2015&sample=15345,2faa5e3b1049519ade09042131aa8ec8719722d1d90dbb6249eb8f5f6fbd0ef0,2026-10-04T09:09:41.331629+00:00,downloaded_no_pdf,,,,
15346,Apollo 15,https://www.lpi.usra.edu/lunar/samples/atlas/detail/?mission=Apollo%2015&sample=15346,94de411d7519cdee52186ae2526f28fb0a1e2f6bd8602f9a1b079c298219693f,2026-10-04T09:09:42.022328+00:00,downloaded_no_pdf,,,,
15347,Apollo 15,https://www.lpi.usra.edu/lunar/samples/atlas/detail/?mission=Apollo%2015&sample=15347,124f17aff92b3febb4647d2c3b796ec67b3aa8a02f080165ae2b9323695c2719,2026-10-04T09:09:42.689421+00:00,downloaded_no_pdf,,,,
15348,Apollo 15,https://www.lpi.usra.edu/lunar/samples/atlas/detail/?mission=Apollo%2015&sample=15348,81b65dfb351df2dce57419d5d69220a14d6521f7631dabad48a67a2456422e22,2026-10-04T09:09:43.347040+00:00,downloaded_no_pdf,,,,
15349,Apollo 15,https://www.lpi.usra.edu/lunar/samples/atlas/detail/?mission=Apollo%2015&sample=15349,51b58a253ab0ec9b39e711e5b835e9dd05f4aa2dc9ed880f2061872bff38703c,2026-10-04T09:09:44.001106+00:00,downloaded_no_pdf,,,,
15350,Apollo 15,https://www.lpi.usra.edu/lunar/samples/atlas/detail/?mission=Apollo%2015&sample=15350,7c295a31adb2ecf21ab54389768174c9038517c8a3f5903895ccc71f4deeec1f,2026-10-04T09:09:44.657941+00:00,downloaded_no_pdf,,,,
15351,Apollo 15,https://www.lpi.usra.edu/lunar/samples/atlas/detail/?mission=Apollo%2015&sample=15351,d4c597a4611725dccb64828bc73abc032ec56d9d1cffa2bb5193e08cd0034e9d,2026-10-04T09:09:45.302332+00:00,downloaded_no_pdf,,,,
15352,Apollo 15,https://www.lpi.usra.edu/lunar/samples/atlas/detail/?mission=Apollo%2015&sample=15352,c6b3833de55cdd467ed82e48e66428fb924cebd068ab8b009b6d8f5d521af395,2026-10-04T09:09:45.956288+00:00,downloaded_no_pdf,,,,
15353,Apollo 15,https://www.lpi.usra.edu/lunar/samples/atlas/detail/?mission=Apollo%2015&sample=15353,cd398c8f35237bc8271cb14c157b56ce3d3d1215fb2e6f20f130dd89340ec4f9,2026-10-04T09:09:46.608281+00:00,downloaded_no_pdf,,,,
15354,Apollo 15,https://www.lpi.usra.edu/lunar/samples/atlas/detail/?mission=Apollo%2015&sample=15354,40a4da929723baed55cdc516657196c02202315626209b289d26aa3a87f33668,2026-10-04T09:09:47.424362+00:00,downloaded_no_pdf,,,,
15355,Apollo 15,https://www.lpi.usra.edu/lunar/samples/atlas/detail/?mission=Apollo%2015&sample=15355,a8ca212ce602eb151bfedd8369ea133b018c10f7ee9e700f4b1dfde3cdb71936,2026-10-04T09:09:48.081275+00:00,downloaded_no_pdf,,,,
15356,Apollo 15,https://www.lpi.usra.edu/lunar/samples/atlas/detail/?mission=Apollo%2015&sample=15356,8a5602142d7c4276eee5bdd51dea77da4f5908e1171a3180f23c62412f0c18bf,2026-10-04T09:09:48.731947+00:00,downloaded,"Lunar Sample Compendium, 15356.pdf",https://www.lpi.usra.edu/lunar/samples/atlas/compendium/15356.pdf,compendium,
15357,Apollo 15,https://www.lpi.usra.edu/lunar/samples/atlas/detail/?mission=Apollo%2015&sample=15357,fdf05b385e20e483e6bbff79892f525d24997340c3116bd502ead7249e660af9,2026-10-04T09:09:49.375273+00:00,downloaded_no_pdf,,,,
15358,Apollo 15,https://www.lpi.usra.edu/lunar/samples/atlas/detail/?mission=Apollo%2015&sample=15358,b88a3b53b8de0f391368096363a1866b0bfc3160d09efdbce5781fbb06ec6377,2026-10-04T09:09:50.062390+00:00,downloaded_no_pdf,,,,
15359,Apollo 15,https://www.lpi.usra.edu/lunar/samples/atlas/detail/?mission=Apollo%2015&sample=15359,9a7f48f50988f00858ee8ff82111fbe4fb97f78684a1c497870827150cdbb733,2026-10-04T09:09:50.871374+00:00,downloaded_no_pdf,,,,
15360,Apollo 15,https://www.lpi.usra.edu/lunar/samples/atlas/detail/?mission=Apollo%2015&sample=15360,d6d2d5b168b7bd08febcba0b6097e46d889812cfa699c5195c977b21a5d842ed,2026-10-04T09:09:51.670812+00:00,downloaded_no_pdf,,,,
15361,Apollo 15,https://www.lpi.usra.edu/lunar/samples/atlas/detail/?mission=Apollo%2015&sample=15361,ce977723b63a3bef148c0b316f929cb8ba8086bb0d85c731a1166be842aca3dd,2026-10-04T09:09:52.338082+00:00,downloaded_no_pdf,,,,
15362,Apollo 15,https://www.lpi.usra.edu/lunar/samples/atlas/detail/?mission=Apollo%2015&sample=15362,c86cfd3fa82db604c2c7cac95a3bdd786ba268fd6deb1e41f968792a252ba0d7,2026-10-04T09:09:53.111734+00:00,downloaded_no_pdf,,,,
15363,Apollo 15,https://www.lpi.usra.edu/lunar/samples/atlas/detail/?mission=Apollo%2015&sample=15363,6dc1043c211446e6d8fc00d2e713b39c2c10af93806ddd2eeebe294b52d685e4,2026-10-04T09:09:53.765162+00:00,downloaded_no_pdf,,,,
15364,Apollo 15,https://www.lpi.usra.edu/lunar/samples/atlas/detail/?mission=Apollo%2015&sample=15364,2e30dcbbf9c08132f9456185cb2ba27b5dd0db5cff03e84747bd9e4e36ea6b55,2026-10-04T09:09:54.573542+00:00,downloaded_no_pdf,,,,
15365,Apollo 15,https://www.lpi.usra.edu/lunar/samples/atlas/detail/?mission=Apollo%2015&sample=15365,d6e381b6c98f891be5b7be32fb104369ba628cb0e1aa2d8d7c83d73a5e1da363,2026-10-04T09:09:55.360316+00:00,downloaded,"Lunar Sample Compendium, 15425.pdf",https://www.lpi.usra.edu/lunar/samples/atlas/compendium/15425.pdf,compendium,
15366,Apollo 15,https://www.lpi.usra.edu/lunar/samples/atlas/detail/?mission=Apollo%2015&sample=15366,a780f615d8523394fdb20ef44033d11880f7d01737c6b8566cb0aac789b82cf6,2026-10-04T09:09:56.036839+00:00,downloaded,"Lunar Sample Compendium, 15425.pdf",https://www.lpi.usra.edu/lunar/samples/atlas/compendium/15425.pdf,compendium,
15367,Apollo 15,https://www.lpi.usra.edu/lunar/samples/atlas/detail/?mission=Apollo%2015&sample=15367,25bff79af2981329eed5d00932239c491009c9d13dea5746eed3a37ab7f0e4c1,2026-10-04T09:09:56.816554+00:00,downloaded,"Lunar Sample Compendium, 15425.pdf",https://www.lpi.usra.edu/lunar/samples/atlas/compendium/15425.pdf,compendium,
15368,Apollo 15,https://www.lpi.usra.edu/lunar/samples/atlas/detail/?mission=Apollo%2015&sample=15368,b931cac50d7359485e432f87cabdcdbd707898a182611f29d74f8abfe8c5a6c2,2026-10-04T09:09:57.476416+00:00,downloaded,"Lunar Sample Compendium, 15425.pdf",https://www.lpi.usra.edu/lunar/samples/atlas/compendium/15425.pdf,compendium,
15369,Apollo 15,https://www.lpi.usra.edu/lunar/samples/atlas/detail/?mission=Apollo%2015&sample=15369,73ddec1c2290ce0485111c09a4a22b14824abb99c2b6f2bb63d7a584a0d05eda,2026-10-04T09:09:58.124251+00:00,downloaded,"Lunar Sample Compendium, 15425.pdf",https://www.lpi.usra.edu/lunar/samples/atlas/compendium/15425.pdf,compendium,
15370,Apollo 15,https://www.lpi.usra.edu/lunar/samples/atlas/detail/?mission=Apollo%2015&sample=15370,63425c800bafb774d451a47a821ff1e456e3a4c2edaef2661dbe4d0f269987e5,2026-10-04T09:09:58.774759+00:00,downloaded,"Lunar Sample Compendium, 15425.pdf",https://www.lpi.usra.edu/lunar/samples/atlas/compendium/15425.pdf,compendium,
15371,Apollo 15,https://www.lpi.usra.edu/lunar/samples/atlas/detail/?mission=Apollo%2015&sample=15371,dc3ee82ca3514fa1a850fdc099c48f5fa806f8cc9a51db691b868d522f4f8df5,2026-10-04T09:09:59.544046+00:00,downloaded,"Lunar Sample Compendium, 15425.pdf",https://www.lpi.usra.edu/lunar/samples/atlas/compendium/15425.pdf,compendium,
15372,Apollo 15,https://www.lpi.usra.edu/lunar/samples/atlas/detail/?mission=Apollo%2015&sample=15372,cdb36558a718e2db327fba49090b0b65be69bdf508226ae175f4e97c6cbbecb0,2026-10-04T09:10:00.206802+00:00,downloaded,"Lunar Sample Compendium, 15425.pdf",https://www.lpi.usra.edu/lunar/samples/atlas/compendium/15425.pdf,compendium,
15373,Apollo 15,https://www.lpi.usra.edu/lunar/samples/atlas/detail/?mission=Apollo%2015&sample=15373,93c5d334386aaf3f5dbae20db2d5423fdad1e37a22e2e03b0c77a828a24b20e9,2026-10-04T09:10:00.884480+00:00,downloaded,"Lunar Sample Compendium, 15425.pdf",https://www.lpi.usra.edu/lunar/samples/atlas/compendium/15425.pdf,compendium,
15374,Apollo 15,https://www.lpi.usra.edu/lunar/samples/atlas/detail/?mission=Apollo%2015&sample=15374,7e17a37207ecc4de83e4633bfb2ebf6982e59cf605f2b49fba1ed96e9ad93c75,2026-10-04T09:10:01.667179+00:00,downloaded,"Lunar Sample Compendium, 15425.pdf",https://www.lpi.usra.edu/lunar/samples/atlas/compendium/15425.pdf,compendium,
15375,Apollo 15,https://www.lpi.usra.edu/lunar/samples/atlas/detail/?mission=Apollo%2015&sample=15375,ecb6ae061ae721a7eb6ce671f6c248158875de6e0d10a75b85b1a8258c53ddaf,2026-10-04T09:10:02.331508+00:00,downloaded,"Lunar Sample Compendium, 15425.pdf",https://www.lpi.usra.edu/lunar/samples/atlas/compendium/15425.pdf,compendium,
15376,Apollo 15,https://www.lpi.usra.edu/lunar/samples/atlas/detail/?mission=Apollo%2015&sample=15376,d2a8914618d6a7044daa0a58f1181a0fe0eee259446a04e1eb710b6e5b1b80ac,2026-10-04T09:10:03.132674+00:00,downloaded,"Lunar Sample Compendium, 15425.pdf",https://www.lpi.usra.edu/lunar/samples/atlas/compendium/15425.pdf,compendium,
15377,Apollo 15,https://www.lpi.usra.edu/lunar/samples/atlas/detail/?mission=Apollo%2015&sample=15377,f3a95c55d095aaa7ac594cc5ce1faeb093631a92681be69262e74b3d79742fa7,2026-10-04T09:10:03.800257+00:00,downloaded,"Lunar Sample Compendium, 15425.pdf",https://www.lpi.usra.edu/lunar/samples/atlas/compendium/15425.pdf,compendium,
15378,Apollo 15,https://www.lpi.usra.edu/lunar/samples/atlas/detail/?mission=Apollo%2015&sample=15378,f0d345fb28f91798493a11038d88d79bd0f4240a1337f9773adaa0ad7c260bfe,2026-10-04T09:10:04.470453+00:00,downloaded_no_pdf,,,,
15379,Apollo 15,https://www.lpi.usra.edu/lunar/samples/atlas/detail/?mission=Apollo%2015&sample=15379,eabc2f254c319f8fd215efaa4b5fb26a5fbdf1db652ab51f34de6f85fefb09e8,2026-10-04T09:10:05.144540+00:00,downloaded_no_pdf,,,,
15380,Apollo 15,https://www.lpi.usra.edu/lunar/samples/atlas/detail/?mission=Apollo%2015&sample=15380,b15403dac1e29cf6d5fd56e71691a47a0b1978bee094249baf846206e54b7c3d,2026-10-04T09:10:05.829051+00:00,downloaded_no_pdf,,,,
15381,Apollo 15,https://www.lpi.usra.edu/lunar/samples/atlas/detail/?mission=Apollo%2015&sample=15381,6451417c8051d673daeee8771bad90c2a666b918b0deb5061c99731fc020c007,2026-10-04T09:10:06.489397+00:00,downloaded_no_pdf,,,,
15382,Apollo 15,https://www.lpi.usra.edu/lunar/samples/atlas/detail/?mission=Apollo%2015&sample=15382,e2cdd73273366979b63d87c1d379bd439f318aa420853d3f409b0522c00f500b,2026-10-04T09:10:07.275227+00:00,downloaded,"Lunar Sample Compendium, 15382.pdf",https://www.lpi.usra.edu/lunar/samples/atlas/compendium/15382.pdf,compendium,
15383,Apollo 15,https://www.lpi.usra.edu/lunar/samples/atlas/detail/?mission=Apollo%2015&sample=15383,04e24683318b1962abe97e882e5c51467e1c717560c0934893c0ecb9abfdad3c,2026-10-04T09:10:07.963647+00:00,downloaded_no_pdf,,,,
15384,Apollo 15,https://www.lpi.usra.edu/lunar/samples/atlas/detail/?mission=Apollo%2015&sample=15384,da276720fb01cb3eb843925c98087a74cb9eff3f2983491d1e1c76fc2c015dc7,2026-10-04T09:10:08.614496+00:00,downloaded_no_pdf,,,,
15385,Apollo 15,https://www.lpi.usra.edu/lunar/samples/atlas/detail/?mission=Apollo%2015&sample=15385,61a29d11e73ed40606b46e4eb3b4faee556a7d40aed68c03191ae4aad829ce22,2026-10-04T09:10:09.289789+00:00,downloaded,"Lunar Sample Compendium, 15385.pdf",https://www.lpi.usra.edu/lunar/samples/atlas/compendium/15385.pdf,compendium,
15386,Apollo 15,https://www.lpi.usra.edu/lunar/samples/atlas/detail/?mission=Apollo%2015&sample=15386,811a2e9dbc04b08037f81a787a87bc5731ef6f1ef2871c44dce34abdb6966bd9,2026-10-04T09:10:10.095071+00:00,downloaded,"Lunar Sample Compendium, 15386.pdf",https://www.lpi.usra.edu/lunar/samples/atlas/compendium/15386.pdf,compendium,
15387,Apollo 15,https://www.lpi.usra.edu/lunar/samples/atlas/detail/?mission=Apollo%2015&sample=15387,e94cd459e7137b1f3baa4d2f276f34dea1b31d84c6307c687321caac3bd84f17,2026-10-04T09:10:10.770699+00:00,downloaded,"Lunar Sample Compendium, 15385.pdf",https://www.lpi.usra.edu/lunar/samples/atlas/compendium/15385.pdf,compendium,
15388,Apollo 15,https://www.lpi.usra.edu/lunar/samples/atlas/detail/?mission=Apollo%2015&sample=15388,22645dff50d25ade96f0444b4c7a6407c17c41eec1a933a958c9931053afb6fc,2026-10-04T09:10:11.556899+00:00,downloaded,"Lunar Sample Compendium, 15388.pdf",https://www.lpi.usra.edu/lunar/samples/atlas/compendium/15388.pdf,compendium,
15389,Apollo 15,https://www.lpi.usra.edu/lunar/samples/atlas/detail/?mission=Apollo%2015&sample=15389,73b1b5c3c5d06b86bbae5b2917ab24dd686b4eb32dfdb3c68637ad490f206d93,2026-10-04T09:10:12.372230+00:00,downloaded_no_pdf,,,,
15390,Apollo 15,https://www.lpi.usra.edu/lunar/samples/atlas/detail/?mission=Apollo%2015&sample=15390,4fe12882854f032a5dc1c48d331c69f33434816ea42ad37c896791393214c881,2026-10-04T09:10:13.025659+00:00,downloaded_no_pdf,,,,
15391,Apollo 15,https://www.lpi.usra.edu/lunar/samples/atlas/detail/?mission=Apollo%2015&sample=15391,edc800001aebc8ee6598609247e4077801fca34e36160f8c7d50b20447e5b286,2026-10-04T09:10:13.827614+00:00,downloaded_no_pdf,,,,
15392,Apollo 15,https://www.lpi.usra.edu/lunar/samples/atlas/detail/?mission=Apollo%2015&sample=15392,c2eb5280508924bba1ed0eb3e292d8a44b1be3cd581d1d7d0b08471b91d0a507,2026-10-04T09:10:14.493448+00:00,downloaded_no_pdf,,,,
15400,Apollo 15,https://www.lpi.usra.edu/lunar/samples/atlas/detail/?mission=Apollo%2015&sample=15400,f1597ea87ed693aba877588f1f22cd13ff443f5f530e1ea070d703313783a242,2026-10-04T09:10:15.148950+00:00,downloaded_no_pdf,,,,
15401,Apollo 15,https://www.lpi.usra.edu/lunar/samples/atlas/detail/?mission=Apollo%2015&sample=15401,d3022011ef1b853d07b1f51e053529bece4ce1a3c645e5a7490d614ff7adf609,2026-10-04T09:10:15.923048+00:00,downloaded,"Lunar Sample Compendium, 15401.pdf",https://www.lpi.usra.edu/lunar/samples/atlas/compendium/15401.pdf,compendium,
15402,Apollo 15,https://www.lpi.usra.edu/lunar/samples/atlas/detail/?mission=Apollo%2015&sample=15402,a3f474dff813780c9d954ed87c013a27d75078a85607df78e6a7ad37a1de4a0c,2026-10-04T09:10:16.578569+00:00,downloaded_no_pdf,,,,
15403,Apollo 15,https://www.lpi.usra.edu/lunar/samples/atlas/detail/?mission=Apollo%2015&sample=15403,7190371babf8f748a0986015013be486bba9325a2ea21f5b6c3938ee695c9c96,2026-10-04T09:10:17.342891+00:00,downloaded_no_pdf,,,,
15404,Apollo 15,https://www.lpi.usra.edu/lunar/samples/atlas/detail/?mission=Apollo%2015&sample=15404,7be442c4c2134d1ee328296b5ec41c74ec64d4e416b7f9760aa00955cd509185,2026-10-04T09:10:18.018131+00:00,downloaded_no_pdf,,,,
15405,Apollo 15,https://www.lpi.usra.edu/lunar/samples/atlas/detail/?mission=Apollo%2015&sample=15405,3a731eb50a37e245046499d66530e8b9e30420a76eaf42d26fc8d29ee29ec549,2026-10-04T09:10:18.704720+00:00,downloaded,"Lunar Sample Compendium, 15405.pdf",https://www.lpi.usra.edu/lunar/samples/atlas/compendium/15405.pdf,compendium,
15410,Apollo 15,https://www.lpi.usra.edu/lunar/samples/atlas/detail/?mission=Apollo%2015&sample=15410,4f57feb43823de0bd2e7c93b01609ebbf30a3ecb8bbbab9ac06e30f6d512a4c2,2026-10-04T09:10:19.528889+00:00,downloaded,"Lunar Sample Compendium, 15410.pdf",https://www.lpi.usra.edu/lunar/samples/atlas/compendium/15410.pdf,compendium,
15411,Apollo 15,https://www.lpi.usra.edu/lunar/samples/atlas/detail/?mission=Apollo%2015&sample=15411,0ec51cc214582deeae6f7e4234879bb167a530541776216b27cab5bc319c649e,2026-10-04T09:10:20.181039+00:00,downloaded_no_pdf,,,,
15412,Apollo 15,https://www.lpi.usra.edu/lunar/samples/atlas/detail/?mission=Apollo%2015&sample=15412,439880da82f9e8e1d0dbf695ec00bf00ade9d6e0bd5976cd248f464a64cb38f4,2026-10-04T09:10:20.963780+00:00,downloaded_no_pdf,,,,
15413,Apollo 15,https://www.lpi.usra.edu/lunar/samples/atlas/detail/?mission=Apollo%2015&sample=15413,aa2752fa50a4465b45cbccc306d3a1c0941851dc0a50f7d48a46120c943a54c8,2026-10-04T09:10:21.749080+00:00,downloaded_no_pdf,,,,
15414,Apollo 15,https://www.lpi.usra.edu/lunar/samples/atlas/detail/?mission=Apollo%2015&sample=15414,9112840eadab51e534e457d261ca4fc55186aba5188574f83c95bbdc98a812be,2026-10-04T09:10:22.407467+00:00,downloaded_no_pdf,,,,
15415,Apollo 15,https://www.lpi.usra.edu/lunar/samples/atlas/detail/?mission=Apollo%2015&sample=15415,01f32335d44a0749ef24bf5228ad55db0c5fe2b10eb05c20a07d0f3a4d17da75,2026-10-04T09:10:23.216352+00:00,downloaded,"Lunar Sample Compendium, 15415.pdf",https://www.lpi.usra.edu/lunar/samples/atlas/compendium/15415.pdf,compendium,
15416,Apollo 15,https://www.lpi.usra.edu/lunar/samples/atlas/detail/?mission=Apollo%2015&sample=15416,f1b752c6dc58a79c97cd3de881b5d02ec93429b11c5af67c87b6aeecfc51bf7a,2026-10-04T09:10:24.068162+00:00,downloaded_no_pdf,,,,
15417,Apollo 15,https://www.lpi.usra.edu/lunar/samples/atlas/detail/?mission=Apollo%2015&sample=15417,6848873c63bc5e57317acfdfdc56e0d31bd845b0385e914406cb2229d478edc8,2026-10-04T09:10:24.722549+00:00,downloaded_no_pdf,,,,
15418,Apollo 15,https://www.lpi.usra.edu/lunar/samples/atlas/detail/?mission=Apollo%2015&sample=15418,07999cfee357e0d64021d2013fbab53e7186b07ee11476f95e9f3a39a269adb6,2026-10-04T09:10:25.372123+00:00,downloaded,"Lunar Sample Compendium, 15418.pdf",https://www.lpi.usra.edu/lunar/samples/atlas/compendium/15418.pdf,compendium,
15419,Apollo 15,https://www.lpi.usra.edu/lunar/samples/atlas/detail/?mission=Apollo%2015&sample=15419,8b405a4309305eb87e4f64009bfb827bf08734b95e7d3b5ada4c8bbd93c7b94e,2026-10-04T09:10:26.206619+00:00,downloaded_no_pdf,,,,
15421,Apollo 15,https://www.lpi.usra.edu/lunar/samples/atlas/detail/?mission=Apollo%2015&sample=15421,50990731c986377d55222332a1abebd6fa42707b36fa06a77b4f3b373fea0ce3,2026-10-04T09:10:26.988959+00:00,downloaded_no_pdf,,,,
15422,Apollo 15,https://www.lpi.usra.edu/lunar/samples/atlas/detail/?mission=Apollo%2015&sample=15422,b28087865c04a1a4c0d71bc11ad1397591fe46677d1d68ffa4699ba962480ea6,2026-10-04T09:10:27.648271+00:00,downloaded_no_pdf,,,,
15423,Apollo 15,https://www.lpi.usra.edu/lunar/samples/atlas/detail/?mission=Apollo%2015&sample=15423,65ce2fca98814e0c11abca1c8a10413cd2aa0d3c601fe00c34018cf1de1f4afd,2026-10-04T09:10:28.306864+00:00,downloaded_no_pdf,,,,
15424,Apollo 15,https://www.lpi.usra.edu/lunar/samples/atlas/detail/?mission=Apollo%2015&sample=15424,728f95c019d5bc2388b3cf63f8b5c90c3b1b23c984bd38ca18778aeae7c3772c,2026-10-04T09:10:28.966238+00:00,downloaded_no_pdf,,,,
15425,Apollo 15,https://www.lpi.usra.edu/lunar/samples/atlas/detail/?mission=Apollo%2015&sample=15425,78ad00bc85560507c77d846823ba7e64a175e34a16159dee202a1e82df54aef9,2026-10-04T09:10:29.619223+00:00,downloaded,"Lunar Sample Compendium, 15425.pdf",https://www.lpi.usra.edu/lunar/samples/atlas/compendium/15425.pdf,compendium,
15426,Apollo 15,https://www.lpi.usra.edu/lunar/samples/atlas/detail/?mission=Apollo%2015&sample=15426,4465a4671a849a8ccc08f14b0cfc7846b91749f5d2f28cf5adfad4c24e44e44b,2026-10-04T09:10:30.438139+00:00,downloaded,"Lunar Sample Compendium, 15425.pdf",https://www.lpi.usra.edu/lunar/samples/atlas/compendium/15425.pdf,compendium,
15427,Apollo 15,https://www.lpi.usra.edu/lunar/samples/atlas/detail/?mission=Apollo%2015&sample=15427,ed38bf0f8ccccd4364ae9669574e4ff401a1cc98e1a7c4887c34ccd1d4bd4fba,2026-10-04T09:10:31.132882+00:00,downloaded,"Lunar Sample Compendium, 15425.pdf",https://www.lpi.usra.edu/lunar/samples/atlas/compendium/15425.pdf,compendium,
15430,Apollo 15,https://www.lpi.usra.edu/lunar/samples/atlas/detail/?mission=Apollo%2015&sample=15430,54759c3476861247133a29fbaa86e00f72bdd44ae399ea50516a5c7f2f2ba303,2026-10-04T09:10:31.900515+00:00,downloaded_no_pdf,,,,
15431,Apollo 15,https://www.lpi.usra.edu/lunar/samples/atlas/detail/?mission=Apollo%2015&sample=15431,746f5d8c549bc9c56491cc8544e0001f9d25099979139ff34b03726b56717d59,2026-10-04T09:10:32.741023+00:00,downloaded,"Lunar Sample Compendium, 15431.pdf",https://www.lpi.usra.edu/lunar/samples/atlas/compendium/15431.pdf,compendium,
15432,Apollo 15,https://www.lpi.usra.edu/lunar/samples/atlas/detail/?mission=Apollo%2015&sample=15432,c7dc9205b1afffb4a807de5ebc195c9000f108a9bbb3031e59b21933f9cdbef6,2026-10-04T09:10:33.900894+00:00,downloaded_no_pdf,,,,
15433,Apollo 15,https://www.lpi.usra.edu/lunar/samples/atlas/detail/?mission=Apollo%2015&sample=15433,df770c3fce3ffd68777dba0745973c4b6a3cfd60ccd5919323937ced357829cb,2026-10-04T09:10:35.120467+00:00,downloaded_no_pdf,,,,
15434,Apollo 15,https://www.lpi.usra.edu/lunar/samples/atlas/detail/?mission=Apollo%2015&sample=15434,d8f0db6b18e02e1f99e2769043a5844d73a0342d29cb5426ac224c5d2a139219,2026-10-04T09:10:35.953152+00:00,downloaded_no_pdf,,,,
15435,Apollo 15,https://www.lpi.usra.edu/lunar/samples/atlas/detail/?mission=Apollo%2015&sample=15435,46ba376581f49e07b6b8838f13ee40e205a885da9d1eee88d142c1c291db0f72,2026-10-04T09:10:36.803721+00:00,downloaded,"Lunar Sample Compendium, 15435.pdf",https://www.lpi.usra.edu/lunar/samples/atlas/compendium/15435.pdf,compendium,
15436,Apollo 15,https://www.lpi.usra.edu/lunar/samples/atlas/detail/?mission=Apollo%2015&sample=15436,d102b6167467ef17522ec1a6d59cfba726a44a5d157eba26b3a545053aa230a6,2026-10-04T09:10:38.085325+00:00,downloaded,"Lunar Sample Compendium, 15436.pdf",https://www.lpi.usra.edu/lunar/samples/atlas/compendium/15436.pdf,compendium,
15437,Apollo 15,https://www.lpi.usra.edu/lunar/samples/atlas/detail/?mission=Apollo%2015&sample=15437,36e1c1a1f3b38783aa920441a2ef121b76c97a25780ffb6246c2d791656126d2,2026-10-04T09:10:39.269708+00:00,downloaded_no_pdf,,,,
15445,Apollo 15,https://www.lpi.usra.edu/lunar/samples/atlas/detail/?mission=Apollo%2015&sample=15445,fad3bf2d5bc2dd95986cdb0bba3cb5b5eb41be77907dfd1efc514f1765bb1f44,2026-10-04T09:10:40.085430+00:00,downloaded,"Lunar Sample Compendium, 15445.pdf",https://www.lpi.usra.edu/lunar/samples/atlas/compendium/15445.pdf,compendium,
15455,Apollo 15,https://www.lpi.usra.edu/lunar/samples/atlas/detail/?mission=Apollo%2015&sample=15455,c9ea7faa8d5c6f1ebe17026c2b0c394cd1ee46404abf9d9a1b19a24b4a4e2d11,2026-10-04T09:10:41.463197+00:00,downloaded,"Lunar Sample Compendium, 15455.pdf",https://www.lpi.usra.edu/lunar/samples/atlas/compendium/15455.pdf,compendium,
15459,Apollo 15,https://www.lpi.usra.edu/lunar/samples/atlas/detail/?mission=Apollo%2015&sample=15459,b21c111a9ae1a58d14df205b9f9468936caa912ef8248bdd8aa1ef9c63cea2de,2026-10-04T09:10:42.831463+00:00,downloaded,"Lunar Sample Compendium, 15459.pdf",https://www.lpi.usra.edu/lunar/samples/atlas/compendium/15459.pdf,compendium,
15465,Apollo 15,https://www.lpi.usra.edu/lunar/samples/atlas/detail/?mission=Apollo%2015&sample=15465,0fe4a6d022d219cdf0d8093c91e3cae3edbf19c1467552fb6001bd31f9e76cec,2026-10-04T09:10:44.148542+00:00,downloaded,"Lunar Sample Compendium, 15465.pdf",https://www.lpi.usra.edu/lunar/samples/atlas/compendium/15465.pdf,compendium,
15466,Apollo 15,https://www.lpi.usra.edu/lunar/samples/atlas/detail/?mission=Apollo%2015&sample=15466,865831b0e5ecafe3f6c470499693c863a92cb2ed9dd5aa6e5d2da8d6f4b63d0f,2026-10-04T09:10:45.074489+00:00,downloaded,"Lunar Sample Compendium, 15465.pdf",https://www.lpi.usra.edu/lunar/samples/atlas/compendium/15465.pdf,compendium,
15467,Apollo 15,https://www.lpi.usra.edu/lunar/samples/atlas/detail/?mission=Apollo%2015&sample=15467,945196b6b1568d54d418a63e9fee9bc8d80f799381cb1aca72b3436876f90b50,2026-10-04T09:10:46.388896+00:00,downloaded,"Lunar Sample Compendium, 15465.pdf",https://www.lpi.usra.edu/lunar/samples/atlas/compendium/15465.pdf,compendium,
15468,Apollo 15,https://www.lpi.usra.edu/lunar/samples/atlas/detail/?mission=Apollo%2015&sample=15468,1b4276cffb4c52f9e07c5640fe0d52a138a6c61d145694ec00ac44ab3cda0452,2026-10-04T09:10:47.212545+00:00,downloaded,"Lunar Sample Compendium, 15465.pdf",https://www.lpi.usra.edu/lunar/samples/atlas/compendium/15465.pdf,compendium,
15469,Apollo 15,https://www.lpi.usra.edu/lunar/samples/atlas/detail/?mission=Apollo%2015&sample=15469,a2a930d34dae711d5804880974e4fbe8dbf26994ba4a22427413c0794ab89be1,2026-10-04T09:10:48.421270+00:00,downloaded_no_pdf,,,,
15470,Apollo 15,https://www.lpi.usra.edu/lunar/samples/atlas/detail/?mission=Apollo%2015&sample=15470,437fb7fbadfba698288bd12c675da39bd6377cf94404f93224906a042e90be38,2026-10-04T09:10:49.257217+00:00,downloaded_no_pdf,,,,
15471,Apollo 15,https://www.lpi.usra.edu/lunar/samples/atlas/detail/?mission=Apollo%2015&sample=15471,758445640c4e1abb15daaa0a96675bf82a03e4f47ac8069b3a9794a445623641,2026-10-04T09:10:50.084413+00:00,downloaded,"Lunar Sample Compendium, 15471.pdf",https://www.lpi.usra.edu/lunar/samples/atlas/compendium/15471.pdf,compendium,
15472,Apollo 15,https://www.lpi.usra.edu/lunar/samples/atlas/detail/?mission=Apollo%2015&sample=15472,c8e8edc69f8d49e4843327f31054b7449039e0fb5b2c023c0fda54933a4c6838,2026-10-04T09:10:50.893497+00:00,downloaded_no_pdf,,,,
15473,Apollo 15,https://www.lpi.usra.edu/lunar/samples/atlas/detail/?mission=Apollo%2015&sample=15473,48c966c21f20f68e9307daeb1b1e4a592566810fc79b575f5456acf4fbe8fd85,2026-10-04T09:10:51.707171+00:00,downloaded_no_pdf,,,,
15474,Apollo 15,https://www.lpi.usra.edu/lunar/samples/atlas/detail/?mission=Apollo%2015&sample=15474,896cbdb885078d82828c62b3bd3853f4aa595324695d769a49e647c94ec18b03,2026-10-04T09:10:52.914590+00:00,downloaded_no_pdf,,,,
15475,Apollo 15,https://www.lpi.usra.edu/lunar/samples/atlas/detail/?mission=Apollo%2015&sample=15475,263e5d4ba4bfdcb37123db6fae2ff8f9416197a7fce983c3db3c32105cdb901a,2026-10-04T09:10:53.787607+00:00,downloaded,"Lunar Sample Compendium, 15475.pdf",https://www.lpi.usra.edu/lunar/samples/atlas/compendium/15475.pdf,compendium,
15476,Apollo 15,https://www.lpi.usra.edu/lunar/samples/atlas/detail/?mission=Apollo%2015&sample=15476,5eb8c06a609ee25eb9d546569c90a1f2a4adcc02ec303293cce2a83337b426ce,2026-10-04T09:10:55.138549+00:00,downloaded,"Lunar Sample Compendium, 15476.pdf",https://www.lpi.usra.edu/lunar/samples/atlas/compendium/15476.pdf,compendium,
15477,Apollo 15,https://www.lpi.usra.edu/lunar/samples/atlas/detail/?mission=Apollo%2015&sample=15477,3118b453cca97f53f5b68c00f5467b709e467eb19fdd2a3c18f6bafc2ccc1e84,2026-10-04T09:10:56.101638+00:00,downloaded_no_pdf,,,,
15478,Apollo 15,https://www.lpi.usra.edu/lunar/samples/atlas/detail/?mission=Apollo%2015&sample=15478,2ad1e2e467cf4ddcfd48f29fe000a24e3aaefb558e7abebc38a414108cb71573,2026-10-04T09:10:57.336783+00:00,downloaded_no_pdf,,,,
15485,Apollo 15,https://www.lpi.usra.edu/lunar/samples/atlas/detail/?mission=Apollo%2015&sample=15485,33da51cb762d718f6215e6f37134f64b9c9d1c7d360e47b10925a7c584e2e39d,2026-10-04T09:10:58.644179+00:00,downloaded,"Lunar Sample Compendium, 15486.pdf",https://www.lpi.usra.edu/lunar/samples/atlas/compendium/15486.pdf,compendium,
15486,Apollo 15,https://www.lpi.usra.edu/lunar/samples/atlas/detail/?mission=Apollo%2015&sample=15486,8d05a9e2da1b20ce214924e4e60719ce1d3a1a2d80b2e063a3246c1d9837aaa6,2026-10-04T09:11:00.001614+00:00,downloaded,"Lunar Sample Compendium, 15486.pdf",https://www.lpi.usra.edu/lunar/samples/atlas/compendium/15486.pdf,compendium,
15487,Apollo 15,https://www.lpi.usra.edu/lunar/samples/atlas/detail/?mission=Apollo%2015&sample=15487,527a74ca24c8c1d55d8dfa3233ca1b57b28c1c49f72df576212ccd4e01c9d4bf,2026-10-04T09:11:01.327095+00:00,downloaded_no_pdf,,,,
15495,Apollo 15,https://www.lpi.usra.edu/lunar/samples/atlas/detail/?mission=Apollo%2015&sample=15495,4e27679c6c727bc1834a066f669b922310257fd23feda298d8bf89a8d0e7f84d,2026-10-04T09:11:02.510929+00:00,downloaded,"Lunar Sample Compendium, 15495.pdf",https://www.lpi.usra.edu/lunar/samples/atlas/compendium/15495.pdf,compendium,
15498,Apollo 15,https://www.lpi.usra.edu/lunar/samples/atlas/detail/?mission=Apollo%2015&sample=15498,6de94390a769276a2e0d947d0c0c3de58e3c1f1b5eb128034bd84fde92790cbc,2026-10-04T09:11:03.850118+00:00,downloaded,"Lunar Sample Compendium, 15498.pdf",https://www.lpi.usra.edu/lunar/samples/atlas/compendium/15498.pdf,compendium,
15499,Apollo 15,https://www.lpi.usra.edu/lunar/samples/atlas/detail/?mission=Apollo%2015&sample=15499,d7b9938640c4f0c48bdde542a09aed3584c9df267863bd0d7c35029745f291c1,2026-10-04T09:11:05.163604+00:00,downloaded,"Lunar Sample Compendium, 15499.pdf",https://www.lpi.usra.edu/lunar/samples/atlas/compendium/15499.pdf,compendium,
15500,Apollo 15,https://www.lpi.usra.edu/lunar/samples/atlas/detail/?mission=Apollo%2015&sample=15500,98eb5ada26d4a7a512581df11ca4ff753be7dc3ee6b884f1d3aeb6a0866b9199,2026-10-04T09:11:06.129096+00:00,downloaded_no_pdf,,,,
15501,Apollo 15,https://www.lpi.usra.edu/lunar/samples/atlas/detail/?mission=Apollo%2015&sample=15501,c02f1d4f3cf5b562b6ceaef0b3bf29064e7fea08252b1eb6ca1375b71d4cacfd,2026-10-04T09:11:07.288644+00:00,downloaded,"Lunar Sample Compendium, 15501.pdf",https://www.lpi.usra.edu/lunar/samples/atlas/compendium/15501.pdf,compendium,
15502,Apollo 15,https://www.lpi.usra.edu/lunar/samples/atlas/detail/?mission=Apollo%2015&sample=15502,7a6b9cbfdc86f7d086b0dcfd490f2c8a237b80543a8f1a014a74a5c3b59fe5e9,2026-10-04T09:11:08.133267+00:00,downloaded_no_pdf,,,,
15503,Apollo 15,https://www.lpi.usra.edu/lunar/samples/atlas/detail/?mission=Apollo%2015&sample=15503,815c66bf32849a9a651fcb8c4824872bab7b66d6458f60977824d498f8b041a2,2026-10-04T09:11:09.359731+00:00,downloaded_no_pdf,,,,
15504,Apollo 15,https://www.lpi.usra.edu/lunar/samples/atlas/detail/?mission=Apollo%2015&sample=15504,d4fbe473846e05a328c1d238f6adacf94261ca6bd39268396a1c2b1a5fe38194,2026-10-04T09:11:10.159858+00:00,downloaded_no_pdf,,,,
15505,Apollo 15,https://www.lpi.usra.edu/lunar/samples/atlas/detail/?mission=Apollo%2015&sample=15505,2050b0df3862f4ca0f28b014988d8c160b22780078c8f57d50e85e47004181c6,2026-10-04T09:11:10.970098+00:00,downloaded,"Lunar Sample Compendium, 15505.pdf",https://www.lpi.usra.edu/lunar/samples/atlas/compendium/15505.pdf,compendium,
15506,Apollo 15,https://www.lpi.usra.edu/lunar/samples/atlas/detail/?mission=Apollo%2015&sample=15506,56c19589303c5a6615b9baea0eb900b4b7c0d4f5710843a9f58620fdfe8c5579,2026-10-04T09:11:12.284162+00:00,downloaded,"Lunar Sample Compendium, 15506.pdf",https://www.lpi.usra.edu/lunar/samples/atlas/compendium/15506.pdf,compendium,
15507,Apollo 15,https://www.lpi.usra.edu/lunar/samples/atlas/detail/?mission=Apollo%2015&sample=15507,bf376f7340109dfb711004a1da720d6516dc8ea495a43661ae6a799d229ccc81,2026-10-04T09:11:13.102879+00:00,downloaded,"Lunar Sample Compendium, 15507.pdf",https://www.lpi.usra.edu/lunar/samples/atlas/compendium/15507.pdf,compendium,
15508,Apollo 15,https://www.lpi.usra.edu/lunar/samples/atlas/detail/?mission=Apollo%2015&sample=15508,9104329767a2154a1e2de69ae22a7434d729aef1dc7408042aa6c8be32f72b60,2026-10-04T09:11:14.353769+00:00,downloaded,"Lunar Sample Compendium, 15506.pdf",https://www.lpi.usra.edu/lunar/samples/atlas/compendium/15506.pdf,compendium,
15514,Apollo 15,https://www.lpi.usra.edu/lunar/samples/atlas/detail/?mission=Apollo%2015&sample=15514,b7e48f64ee36b21d1e114e3031cdde089b7ccebdbcacd145fae0a293e17a2ac2,2026-10-04T09:11:15.145035+00:00,downloaded_no_pdf,,,,
15515,Apollo 15,https://www.lpi.usra.edu/lunar/samples/atlas/detail/?mission=Apollo%2015&sample=15515,e06c468415376cdb118807624a6906e6f12d265681ab2c9ac4d6e994b7aa0edf,2026-10-04T09:11:16.346118+00:00,downloaded,"Lunar Sample Compendium, 15515.pdf",https://www.lpi.usra.edu/lunar/samples/atlas/compendium/15515.pdf,compendium,
15528,Apollo 15,https://www.lpi.usra.edu/lunar/samples/atlas/detail/?mission=Apollo%2015&sample=15528,5be01afce19a0de80edcee83e5971fd1653645449b65ff09fc77b5c9d750bc31,2026-10-04T09:11:17.560618+00:00,downloaded_no_pdf,,,,
15529,Apollo 15,https://www.lpi.usra.edu/lunar/samples/atlas/detail/?mission=Apollo%2015&sample=15529,22522443de5bf430ddf3badb73a587357be24833668b9a7594db052a9a9e66fb,2026-10-04T09:11:18.460707+00:00,downloaded,"Lunar Sample Compendium, 15529.pdf",https://www.lpi.usra.edu/lunar/samples/atlas/compendium/15529.pdf,compendium,
15529,Apollo 15,https://www.lpi.usra.edu/lunar/samples/atlas/detail/?mission=Apollo%2015&sample=15529,22522443de5bf430ddf3badb73a587357be24833668b9a7594db052a9a9e66fb,2026-10-04T09:11:18.460707+00:00,downloaded,Lunar Sample Catalog 15529 Description,http://curator.jsc.nasa.gov/lunar/catalogs/apollo15/part3/15529.pdf,catalog,
15530,Apollo 15,https://www.lpi.usra.edu/lunar/samples/atlas/detail/?mission=Apollo%2015&sample=15530,48a04c9c74ffdef2ee7de99d5de0e76be12f9b5877804b6bdcbcb42b5a1adaa7,2026-10-04T09:11:19.416916+00:00,downloaded_no_pdf,,,,
15531,Apollo 15,https://www.lpi.usra.edu/lunar/samples/atlas/detail/?mission=Apollo%2015&sample=15531,6f26c82aa2a9b42b9d546c308f598ed743c2a04c043ae0d0dc95fe7290c1fc9d,2026-10-04T09:11:20.228896+00:00,downloaded,"Lunar Sample Compendium, 15501.pdf",https://www.lpi.usra.edu/lunar/samples/atlas/compendium/15501.pdf,compendium,
15532,Apollo 15,https://www.lpi.usra.edu/lunar/samples/atlas/detail/?mission=Apollo%2015&sample=15532,cb6091691bf41b89939ae2d38aa3543b3aeef02ab947382337070b8450b1baab,2026-10-04T09:11:21.572656+00:00,downloaded_no_pdf,,,,
15533,Apollo 15,https://www.lpi.usra.edu/lunar/samples/atlas/detail/?mission=Apollo%2015&sample=15533,f51c52168c224783100da85b22551d756c5e4cf2ded75479c3e4e6bb28c82b9d,2026-10-04T09:11:22.422105+00:00,downloaded_no_pdf,,,,
15534,Apollo 15,https://www.lpi.usra.edu/lunar/samples/atlas/detail/?mission=Apollo%2015&sample=15534,51b58a487f2f970634132d32631bba1d87affdeaccaa2974985e604ab817c74b,2026-10-04T09:11:23.586501+00:00,downloaded_no_pdf,,,,
15535,Apollo 15,https://www.lpi.usra.edu/lunar/samples/atlas/detail/?mission=Apollo%2015&sample=15535,39d4840ced0afb529e9f97e31a8878b01d7cb6291eb6980a3218c65f3df9a73b,2026-10-04T09:11:24.745226+00:00,downloaded,"Lunar Sample Compendium, 15535.pdf",https://www.lpi.usra.edu/lunar/samples/atlas/compendium/15535.pdf,compendium,
15535,Apollo 15,https://www.lpi.usra.edu/lunar/samples/atlas/detail/?mission=Apollo%2015&sample=15535,39d4840ced0afb529e9f97e31a8878b01d7cb6291eb6980a3218c65f3df9a73b,2026-10-04T09:11:24.745226+00:00,downloaded,Lunar Sample Catalog 15535 Description,http://curator.jsc.nasa.gov/lunar/catalogs/apollo15/part3/15535.pdf,catalog,
15536,Apollo 15,https://www.lpi.usra.edu/lunar/samples/atlas/detail/?mission=Apollo%2015&sample=15536,f2fb99b8b9936e8c1d37755097ba9970b9e6f40e51bac3006bbfa68b1427e926,2026-10-04T09:11:26.084424+00:00,downloaded,"Lunar Sample Compendium, 15535.pdf",https://www.lpi.usra.edu/lunar/samples/atlas/compendium/15535.pdf,compendium,
15537,Apollo 15,https://www.lpi.usra.edu/lunar/samples/atlas/detail/?mission=Apollo%2015&sample=15537,7219d8f322896ca47cddf8b44deb1377a89f4796e61847837b785bef6a0be480,2026-10-04T09:11:27.401941+00:00,downloaded_no_pdf,,,,
15538,Apollo 15,https://www.lpi.usra.edu/lunar/samples/atlas/detail/?mission=Apollo%2015&sample=15538,1ebf1308477eb46140555991f7d9041735454feee0c4f01ff7925e60689f95fc,2026-10-04T09:11:28.604138+00:00,downloaded_no_pdf,,,,
15545,Apollo 15,https://www.lpi.usra.edu/lunar/samples/atlas/detail/?mission=Apollo%2015&sample=15545,8a79262ac5938f6f05b483339b204a3970f75767075b11882d59fac6ebb186a3,2026-10-04T09:11:29.834849+00:00,downloaded,"Lunar Sample Compendium, 15545.pdf",https://www.lpi.usra.edu/lunar/samples/atlas/compendium/15545.pdf,compendium,
15545,Apollo 15,https://www.lpi.usra.edu/lunar/samples/atlas/detail/?mission=Apollo%2015&sample=15545,8a79262ac5938f6f05b483339b204a3970f75767075b11882d59fac6ebb186a3,2026-10-04T09:11:29.834849+00:00,downloaded,Lunar Sample Catalog 15545 Description,http://curator.jsc.nasa.gov/lunar/catalogs/apollo15/part3/15545.pdf,catalog,
15546,Apollo 15,https://www.lpi.usra.edu/lunar/samples/atlas/detail/?mission=Apollo%2015&sample=15546,4878c6627ef397ce6ed71af2436a5e6ef7679ca23ed76c33249d098d2e66e90c,2026-10-04T09:11:30.802342+00:00,downloaded,"Lunar Sample Compendium, 15546r.pdf",https://www.lpi.usra.edu/lunar/samples/atlas/compendium/15546r.pdf,compendium,
15547,Apollo 15,https://www.lpi.usra.edu/lunar/samples/atlas/detail/?mission=Apollo%2015&sample=15547,3aba324d804cdb04be3847811d7d7816b69e7794e0c17cab094a262873c6dc94,2026-10-04T09:11:31.912931+00:00,downloaded,"Lunar Sample Compendium, 15546r.pdf",https://www.lpi.usra.edu/lunar/samples/atlas/compendium/15546r.pdf,compendium,
15548,Apollo 15,https://www.lpi.usra.edu/lunar/samples/atlas/detail/?mission=Apollo%2015&sample=15548,4be59527af6b0e90aa55891dcfb7c8bc92449083bb526b22705dac6f6cc64bde,2026-10-04T09:11:32.730038+00:00,downloaded_no_pdf,,,,
15555,Apollo 15,https://www.lpi.usra.edu/lunar/samples/atlas/detail/?mission=Apollo%2015&sample=15555,15ea44be54843df494e73524524f85429de66adb79bf68600e60da228f871de2,2026-10-04T09:11:33.545379+00:00,downloaded,"Lunar Sample Compendium, 15555r.pdf",https://www.lpi.usra.edu/lunar/samples/atlas/compendium/15555r.pdf,compendium,
15555,Apollo 15,https://www.lpi.usra.edu/lunar/samples/atlas/detail/?mission=Apollo%2015&sample=15555,15ea44be54843df494e73524524f85429de66adb79bf68600e60da228f871de2,2026-10-04T09:11:33.545379+00:00,downloaded,Lunar Sample Catalog 15555 Description,http://curator.jsc.nasa.gov/lunar/catalogs/apollo15/part3/15555.pdf,catalog,
15556,Apollo 15,https://www.lpi.usra.edu/lunar/samples/atlas/detail/?mission=Apollo%2015&sample=15556,2e266fd6fc0d41edeb0ad72c7da52526bcebe390273c4986b1b8b62589eefe10,2026-10-04T09:11:34.381844+00:00,downloaded,"Lunar Sample Compendium, 15556r.pdf",https://www.lpi.usra.edu/lunar/samples/atlas/compendium/15556r.pdf,compendium,
15556,Apollo 15,https://www.lpi.usra.edu/lunar/samples/atlas/detail/?mission=Apollo%2015&sample=15556,2e266fd6fc0d41edeb0ad72c7da52526bcebe390273c4986b1b8b62589eefe10,2026-10-04T09:11:34.381844+00:00,downloaded,Lunar Sample Catalog 15556 Description,http://curator.jsc.nasa.gov/lunar/catalogs/apollo15/part3/15556.pdf,catalog,
15557,Apollo 15,https://www.lpi.usra.edu/lunar/samples/atlas/detail/?mission=Apollo%2015&sample=15557,9145bc98eb93989ace49c092a0340c672b05406ce5cf22c5193d934193a8581c,2026-10-04T09:11:35.080201+00:00,downloaded,"Lunar Sample Compendium, 15557.pdf",https://www.lpi.usra.edu/lunar/samples/atlas/compendium/15557.pdf,compendium,
15558,Apollo 15,https://www.lpi.usra.edu/lunar/samples/atlas/detail/?mission=Apollo%2015&sample=15558,569069935ddfd25703b43a3a6680df78de5fabe11e4fb62a6d4b2a8cdcc86b5f,2026-10-04T09:11:35.767813+00:00,downloaded,"Lunar Sample Compendium, 15558.pdf",https://www.lpi.usra.edu/lunar/samples/atlas/compendium/15558.pdf,compendium,
15560,Apollo 15,https://www.lpi.usra.edu/lunar/samples/atlas/detail/?mission=Apollo%2015&sample=15560,0e3216b4f05a959f15697c8657057b3a42b9e118dc860de907ed42deb1b58294,2026-10-04T09:11:36.604579+00:00,downloaded_no_pdf,,,,
15564,Apollo 15,https://www.lpi.usra.edu/lunar/samples/atlas/detail/?mission=Apollo%2015&sample=15564,ae3fa11bc51d4b2d16af7c3e9eda940f7ff9a66418be2e620391cb4daee07a8b,2026-10-04T09:11:37.388493+00:00,downloaded_no_pdf,,,,
15565,Apollo 15,https://www.lpi.usra.edu/lunar/samples/atlas/detail/?mission=Apollo%2015&sample=15565,88fdbd832df953f2bab9ca069cc4fd082bc51a65dc1f22f68784c50f53d15dab,2026-10-04T09:11:38.193898+00:00,downloaded,"Lunar Sample Compendium, 15565.pdf",https://www.lpi.usra.edu/lunar/samples/atlas/compendium/15565.pdf,compendium,
15577,Apollo 15,https://www.lpi.usra.edu/lunar/samples/atlas/detail/?mission=Apollo%2015&sample=15577,ca0c022c091ad0cf2ee6577f12b18fb00aafef8b98def76937f198cf5f97552e,2026-10-04T09:11:38.893195+00:00,downloaded_no_pdf,,,,
15595,Apollo 15,https://www.lpi.usra.edu/lunar/samples/atlas/detail/?mission=Apollo%2015&sample=15595,beab2c3c558b488a67f9c39cb8b6351b034a2bc67ec86e650673ae2507d6d3bd,2026-10-04T09:11:39.541911+00:00,downloaded,"Lunar Sample Compendium, 15595.pdf",https://www.lpi.usra.edu/lunar/samples/atlas/compendium/15595.pdf,compendium,
15596,Apollo 15,https://www.lpi.usra.edu/lunar/samples/atlas/detail/?mission=Apollo%2015&sample=15596,970f3fb19c0b6abee9b9ed4395b6aeb2ad0972e9804c33fbb32bceba69141e1d,2026-10-04T09:11:40.369825+00:00,downloaded,"Lunar Sample Compendium, 15595.pdf",https://www.lpi.usra.edu/lunar/samples/atlas/compendium/15595.pdf,compendium,
15597,Apollo 15,https://www.lpi.usra.edu/lunar/samples/atlas/detail/?mission=Apollo%2015&sample=15597,ab69600c2dc0b34a3200c1d83dee0ebcd33a39d7d5672ce66b8ca4fe952d4785,2026-10-04T09:11:41.187868+00:00,downloaded,"Lunar Sample Compendium, 15597.pdf",https://www.lpi.usra.edu/lunar/samples/atlas/compendium/15597.pdf,compendium,
15598,Apollo 15,https://www.lpi.usra.edu/lunar/samples/atlas/detail/?mission=Apollo%2015&sample=15598,4aae0a35769605ccb7008a03352ded212c6f5a3db8709b320f2d329675cb4fb2,2026-10-04T09:11:42.022272+00:00,downloaded,"Lunar Sample Compendium, 15598.pdf",https://www.lpi.usra.edu/lunar/samples/atlas/compendium/15598.pdf,compendium,
15600,Apollo 15,https://www.lpi.usra.edu/lunar/samples/atlas/detail/?mission=Apollo%2015&sample=15600,89548f020e22ed52d25b1c1dd61798917c8c76808b82b175e10e89da3ddcf30b,2026-10-04T09:11:42.725166+00:00,downloaded_no_pdf,,,,
15601,Apollo 15,https://www.lpi.usra.edu/lunar/samples/atlas/detail/?mission=Apollo%2015&sample=15601,243e5741a32d3237addb41bd345f07b6c9a2ab770eec3f259f2599159247b75b,2026-10-04T09:11:43.680559+00:00,downloaded,"Lunar Sample Compendium, 15601.pdf",https://www.lpi.usra.edu/lunar/samples/atlas/compendium/15601.pdf,compendium,
15602,Apollo 15,https://www.lpi.usra.edu/lunar/samples/atlas/detail/?mission=Apollo%2015&sample=15602,6296b1fe949d71f3f4efe991a6d40b110974017a9c960411247bd9e0437134a7,2026-10-04T09:11:44.876153+00:00,downloaded_no_pdf,,,,
15603,Apollo 15,https://www.lpi.usra.edu/lunar/samples/atlas/detail/?mission=Apollo%2015&sample=15603,510db8508ca0fbb8cb4551488c006ea31be16a6802dbebcdf5eeb9fa947408be,2026-10-04T09:11:45.677722+00:00,downloaded_no_pdf,,,,
15604,Apollo 15,https://www.lpi.usra.edu/lunar/samples/atlas/detail/?mission=Apollo%2015&sample=15604,dc30dff048e0ef9c826e959c0de458ff52ed1732912127b42a8dbd6e2837443c,2026-10-04T09:11:46.500499+00:00,downloaded_no_pdf,,,,
15605,Apollo 15,https://www.lpi.usra.edu/lunar/samples/atlas/detail/?mission=Apollo%2015&sample=15605,0e8b53493edd3d6f24125b28594120f4d6228145df1bef5c8e08ef56cdb5ff66,2026-10-04T09:11:47.726093+00:00,downloaded,"Lunar Sample Compendium, 15605.pdf",https://www.lpi.usra.edu/lunar/samples/atlas/compendium/15605.pdf,compendium,
15606,Apollo 15,https://www.lpi.usra.edu/lunar/samples/atlas/detail/?mission=Apollo%2015&sample=15606,53a0c6493d3aaa037d1ca65107039e5fc44f20f07dd4b0e458279b72e0546856,2026-10-04T09:11:48.572163+00:00,downloaded,"Lunar Sample Compendium, 15605.pdf",https://www.lpi.usra.edu/lunar/samples/atlas/compendium/15605.pdf,compendium,
15607,Apollo 15,https://www.lpi.usra.edu/lunar/samples/atlas/detail/?mission=Apollo%2015&sample=15607,91b75dc24cc039886ebafabf520155cdd10541d707d1fc2191b1c2ded0a574d1,2026-10-04T09:11:49.515020+00:00,downloaded,"Lunar Sample Compendium, 15605.pdf",https://www.lpi.usra.edu/lunar/samples/atlas/compendium/15605.pdf,compendium,
15608,Apollo 15,https://www.lpi.usra.edu/lunar/samples/atlas/detail/?mission=Apollo%2015&sample=15608,5c5b0a4a03b8827c2f49879b23988bd029a78372bd73d368ded3caccd681efe0,2026-10-04T09:11:50.892329+00:00,downloaded,"Lunar Sample Compendium, 15608.pdf",https://www.lpi.usra.edu/lunar/samples/atlas/compendium/15608.pdf,compendium,
15609,Apollo 15,https://www.lpi.usra.edu/lunar/samples/atlas/detail/?mission=Apollo%2015&sample=15609,bff153eaf95c394b39492fb54256bf47d7086c95797dfbb3f6e611727e0723c4,2026-10-04T09:11:51.704288+00:00,downloaded_no_pdf,,,,
15610,Apollo 15,https://www.lpi.usra.edu/lunar/samples/atlas/detail/?mission=Apollo%2015&sample=15610,961ce3cc87771ba2960e13064eb84dee4e8f572ff685f41c4cf242a8a7945dce,2026-10-04T09:11:53.025633+00:00,downloaded,"Lunar Sample Compendium, 15633.pdf",https://www.lpi.usra.edu/lunar/samples/atlas/compendium/15633.pdf,compendium,
15611,Apollo 15,https://www.lpi.usra.edu/lunar/samples/atlas/detail/?mission=Apollo%2015&sample=15611,1d38d3671c8ceb08153e8b7db28d7e19a5f183fe6c0e152dec0c7a97b8c988a6,2026-10-04T09:11:53.872215+00:00,downloaded_no_pdf,,,,
15612,Apollo 15,https://www.lpi.usra.edu/lunar/samples/atlas/detail/?mission=Apollo%2015&sample=15612,9eb6bfb7271b374773181ba3fbf124aeadabed51a08fc09115a36b1aeff08002,2026-10-04T09:11:55.089050+00:00,downloaded_no_pdf,,,,
15613,Apollo 15,https://www.lpi.usra.edu/lunar/samples/atlas/detail/?mission=Apollo%2015&sample=15613,5b73f613e0d8326449a6e905e085ad5c1c7c540147183fbb2c7a0e95506a8627,2026-10-04T09:11:55.909855+00:00,downloaded_no_pdf,,,,
15614,Apollo 15,https://www.lpi.usra.edu/lunar/samples/atlas/detail/?mission=Apollo%2015&sample=15614,59377c4663c39657c6a3cb3edbb538d018418fef1725d5af6103e111dfc091df,2026-10-04T09:11:57.154583+00:00,downloaded,"Lunar Sample Compendium, 15614.pdf",https://www.lpi.usra.edu/lunar/samples/atlas/compendium/15614.pdf,compendium,
15615,Apollo 15,https://www.lpi.usra.edu/lunar/samples/atlas/detail/?mission=Apollo%2015&sample=15615,f5d28927ac6fb19d70c0b80e046e8401e91fa152814b2df54d056bc9fa3530d2,2026-10-04T09:11:57.952354+00:00,downloaded_no_pdf,,,,
15616,Apollo 15,https://www.lpi.usra.edu/lunar/samples/atlas/detail/?mission=Apollo%2015&sample=15616,0e6bc47b476212fd1f70e7bfc415e1b7f09278a6149da17aba0ef116dd1cd505,2026-10-04T09:11:59.178661+00:00,downloaded,"Lunar Sample Compendium, 15614.pdf",https://www.lpi.usra.edu/lunar/samples/atlas/compendium/15614.pdf,compendium,
15617,Apollo 15,https://www.lpi.usra.edu/lunar/samples/atlas/detail/?mission=Apollo%2015&sample=15617,62ee97a2c8ee30958ba9bdf77be68784fc404ef85516f6fd5380b40e294d1a5e,2026-10-04T09:12:00.003221+00:00,downloaded_no_pdf,,,,
15618,Apollo 15,https://www.lpi.usra.edu/lunar/samples/atlas/detail/?mission=Apollo%2015&sample=15618,7c5a006968c57e195013cd52a3172e62241668fed33573e3ef0b5d11cf5b75e3,2026-10-04T09:12:00.782942+00:00,downloaded_no_pdf,,,,
15619,Apollo 15,https://www.lpi.usra.edu/lunar/samples/atlas/detail/?mission=Apollo%2015&sample=15619,4a678af43ef99bcea2d599aa4464b5c37a0b604ce312a72da1cde33105c52059,2026-10-04T09:12:01.559439+00:00,downloaded_no_pdf,,,,
15620,Apollo 15,https://www.lpi.usra.edu/lunar/samples/atlas/detail/?mission=Apollo%2015&sample=15620,4b21d2789616f3ea0a55a588fe4e6ba76aea6cbc85cbdc10655772ddce241c1c,2026-10-04T09:12:02.217981+00:00,downloaded,"Lunar Sample Compendium, 15614.pdf",https://www.lpi.usra.edu/lunar/samples/atlas/compendium/15614.pdf,compendium,
15621,Apollo 15,https://www.lpi.usra.edu/lunar/samples/atlas/detail/?mission=Apollo%2015&sample=15621,9ae599a244e5fe9d232c66ac7baef9fdabe98490e9f8d7190361c05f0b0c76a9,2026-10-04T09:12:03.013534+00:00,downloaded_no_pdf,,,,
15622,Apollo 15,https://www.lpi.usra.edu/lunar/samples/atlas/detail/?mission=Apollo%2015&sample=15622,ae1acf323c34386ad1210f4eef74eb305823391bba5c8e9d8c961528876170bc,2026-10-04T09:12:03.826724+00:00,downloaded,"Lunar Sample Compendium, 15614.pdf",https://www.lpi.usra.edu/lunar/samples/atlas/compendium/15614.pdf,compendium,
15623,Apollo 15,https://www.lpi.usra.edu/lunar/samples/atlas/detail/?mission=Apollo%2015&sample=15623,e18fad8949a47cc8f9b8d047badc08093541aad99a5e02501c37bddf4d86bee3,2026-10-04T09:12:04.513095+00:00,downloaded,"Lunar Sample Compendium, 15614.pdf",https://www.lpi.usra.edu/lunar/samples/atlas/compendium/15614.pdf,compendium,
15624,Apollo 15,https://www.lpi.usra.edu/lunar/samples/atlas/detail/?mission=Apollo%2015&sample=15624,f9f4dc21a6c430d046b5be879f090be9a39dc997f1288d9a18d98a8547ad5ea5,2026-10-04T09:12:05.228281+00:00,downloaded_no_pdf,,,,
15625,Apollo 15,https://www.lpi.usra.edu/lunar/samples/atlas/detail/?mission=Apollo%2015&sample=15625,e258c487cfe0d0bab8cb6ffd5a636353f088529e224b8fed8a1b56421edf29db,2026-10-04T09:12:05.875277+00:00,downloaded_no_pdf,,,,
15626,Apollo 15,https://www.lpi.usra.edu/lunar/samples/atlas/detail/?mission=Apollo%2015&sample=15626,4504145ee870f1a624f8732bbf2659ffe5ed1d872113bfd7538b22a4ef65e150,2026-10-04T09:12:06.650254+00:00,downloaded_no_pdf,,,,
15627,Apollo 15,https://www.lpi.usra.edu/lunar/samples/atlas/detail/?mission=Apollo%2015&sample=15627,cd838bd2f85c2f263c07b9dab6d4e0e9e391c5274b610ad5156bf4538848a5da,2026-10-04T09:12:07.319302+00:00,downloaded_no_pdf,,,,
15628,Apollo 15,https://www.lpi.usra.edu/lunar/samples/atlas/detail/?mission=Apollo%2015&sample=15628,de05d5e4333223a6b4f91f40b542ca58bd401fa0342c1a4cc351d04a9daff06a,2026-10-04T09:12:08.108039+00:00,downloaded_no_pdf,,,,
15629,Apollo 15,https://www.lpi.usra.edu/lunar/samples/atlas/detail/?mission=Apollo%2015&sample=15629,d7a76c0f5fe8586f99b5307b4bc81db0f394a2cd1e1892b8bdc4ab711d66fb91,2026-10-04T09:12:08.761182+00:00,downloaded_no_pdf,,,,
15630,Apollo 15,https://www.lpi.usra.edu/lunar/samples/atlas/detail/?mission=Apollo%2015&sample=15630,865abed6fabbde85ab620eb4d57f6b4333f3e8f491eaf4b66cca98de2a537736,2026-10-04T09:12:09.407937+00:00,downloaded,"Lunar Sample Compendium, 15614.pdf",https://www.lpi.usra.edu/lunar/samples/atlas/compendium/15614.pdf,compendium,
15631,Apollo 15,https://www.lpi.usra.edu/lunar/samples/atlas/detail/?mission=Apollo%2015&sample=15631,23c2e11fcd3b62eb3ab4672e6e707f9e66348da54833012cd8c9430198a028bc,2026-10-04T09:12:10.249612+00:00,downloaded_no_pdf,,,,
15632,Apollo 15,https://www.lpi.usra.edu/lunar/samples/atlas/detail/?mission=Apollo%2015&sample=15632,4f5edc0c30f456914be008eb4794d0ccf169482db4bbdc6e676dbc79d52c2305,2026-10-04T09:12:11.033099+00:00,downloaded_no_pdf,,,,
15633,Apollo 15,https://www.lpi.usra.edu/lunar/samples/atlas/detail/?mission=Apollo%2015&sample=15633,51d79e2bb0a892beb62043afd862191c17dea806043fba15b45b5df732a59f4f,2026-10-04T09:12:11.811367+00:00,downloaded,"Lunar Sample Compendium, 15633.pdf",https://www.lpi.usra.edu/lunar/samples/atlas/compendium/15633.pdf,compendium,
15634,Apollo 15,https://www.lpi.usra.edu/lunar/samples/atlas/detail/?mission=Apollo%2015&sample=15634,867af2851fffb704383c9650faffa048f98259d1b9f4b4d600eeba4d9964b350,2026-10-04T09:12:12.596549+00:00,downloaded,"Lunar Sample Compendium, 15634.pdf",https://www.lpi.usra.edu/lunar/samples/atlas/compendium/15634.pdf,compendium,
15635,Apollo 15,https://www.lpi.usra.edu/lunar/samples/atlas/detail/?mission=Apollo%2015&sample=15635,acfe8ef80d7db460171d616148763d2a4cddf7eac003d6f7cd38c579dae9e730,2026-10-04T09:12:13.384520+00:00,downloaded_no_pdf,,,,
15636,Apollo 15,https://www.lpi.usra.edu/lunar/samples/atlas/detail/?mission=Apollo%2015&sample=15636,3b423847e97f302d4d83831dc9db56d9bc0fa8fe26739ec2d7c5c269e3186db7,2026-10-04T09:12:14.039646+00:00,downloaded,"Lunar Sample Compendium, 15636.pdf",https://www.lpi.usra.edu/lunar/samples/atlas/compendium/15636.pdf,compendium,
15637,Apollo 15,https://www.lpi.usra.edu/lunar/samples/atlas/detail/?mission=Apollo%2015&sample=15637,30ed5d784f393f82e5eb92569619ca15bfc917bf5c9f860832ae7236d6d06ce7,2026-10-04T09:12:14.733051+00:00,downloaded_no_pdf,,,,
15638,Apollo 15,https://www.lpi.usra.edu/lunar/samples/atlas/detail/?mission=Apollo%2015&sample=15638,3e9d8671cbdc05455d4f1f4fa4256b79c9311389d246dd4c3c1ecfc6debe056e,2026-10-04T09:12:15.389587+00:00,downloaded_no_pdf,,,,
15639,Apollo 15,https://www.lpi.usra.edu/lunar/samples/atlas/detail/?mission=Apollo%2015&sample=15639,4d5a64af61d37fe385737184517600ec0a267191ba01c92ba96bdc43007376f6,2026-10-04T09:12:16.044709+00:00,downloaded,"Lunar Sample Compendium, 15634.pdf",https://www.lpi.usra.edu/lunar/samples/atlas/compendium/15634.pdf,compendium,
15640,Apollo 15,https://www.lpi.usra.edu/lunar/samples/atlas/detail/?mission=Apollo%2015&sample=15640,b90593d1f8af2ea36821718b37c95e05dd3b6a5b509505b717e27e718eba6edc,2026-10-04T09:12:16.713328+00:00,downloaded_no_pdf,,,,
15641,Apollo 15,https://www.lpi.usra.edu/lunar/samples/atlas/detail/?mission=Apollo%2015&sample=15641,eebc0dbf26d22f53fe797a17451b16013eb42cac2ea037864088411ac07e600d,2026-10-04T09:12:17.490770+00:00,downloaded,"Lunar Sample Compendium, 15633.pdf",https://www.lpi.usra.edu/lunar/samples/atlas/compendium/15633.pdf,compendium,
15642,Apollo 15,https://www.lpi.usra.edu/lunar/samples/atlas/detail/?mission=Apollo%2015&sample=15642,89e242acd23217e5149ead254c62cb063a0987edbd37ce8d7727dc5f86fea096,2026-10-04T09:12:18.138269+00:00,downloaded_no_pdf,,,,
15643,Apollo 15,https://www.lpi.usra.edu/lunar/samples/atlas/detail/?mission=Apollo%2015&sample=15643,c5c02e9544a56bf00972287f0a9633100083a05aea834bb138cc4f36ea24ad6c,2026-10-04T09:12:18.914544+00:00,downloaded,"Lunar Sample Compendium, 15633.pdf",https://www.lpi.usra.edu/lunar/samples/atlas/compendium/15633.pdf,compendium,
15644,Apollo 15,https://www.lpi.usra.edu/lunar/samples/atlas/detail/?mission=Apollo%2015&sample=15644,efdc0b69b6c5aa43d4614384c344f43ad8bf67a865254ec0cba5ea5b094ae83e,2026-10-04T09:12:19.603523+00:00,downloaded_no_pdf,,,,
15645,Apollo 15,https://www.lpi.usra.edu/lunar/samples/atlas/detail/?mission=Apollo%2015&sample=15645,0fb93e39e5eb5f3f296a62f68914b45adb78d6c0c42fdb488637f37310f11d5e,2026-10-04T09:12:20.385559+00:00,downloaded_no_pdf,,,,
15646,Apollo 15,https://www.lpi.usra.edu/lunar/samples/atlas/detail/?mission=Apollo%2015&sample=15646,fbb4e1c4532e76cf97784bbca300816b3edbfeb70488142237d5e1cad6abae23,2026-10-04T09:12:21.177673+00:00,downloaded_no_pdf,,,,
15647,Apollo 15,https://www.lpi.usra.edu/lunar/samples/atlas/detail/?mission=Apollo%2015&sample=15647,276607404bd413a39565c6c912f9477c9009e567259d0be6f69a3c98333a3522,2026-10-04T09:12:21.828130+00:00,downloaded,"Lunar Sample Compendium, 15647r.pdf",https://www.lpi.usra.edu/lunar/samples/atlas/compendium/15647r.pdf,compendium,
15648,Apollo 15,https://www.lpi.usra.edu/lunar/samples/atlas/detail/?mission=Apollo%2015&sample=15648,a947d0431e3c46597e9593a920c0a7ebea091c2700832439e449812c59877e85,2026-10-04T09:12:22.645639+00:00,downloaded,"Lunar Sample Compendium, 15648.pdf",https://www.lpi.usra.edu/lunar/samples/atlas/compendium/15648.pdf,compendium,
15649,Apollo 15,https://www.lpi.usra.edu/lunar/samples/atlas/detail/?mission=Apollo%2015&sample=15649,5a3e09aeb3f2375a73c9b64dd2b2a24407a32987afa85ab74ad3f47fcf4e3a60,2026-10-04T09:12:23.304054+00:00,downloaded,"Lunar Sample Compendium, 15648.pdf",https://www.lpi.usra.edu/lunar/samples/atlas/compendium/15648.pdf,compendium,
15650,Apollo 15,https://www.lpi.usra.edu/lunar/samples/atlas/detail/?mission=Apollo%2015&sample=15650,1b492dc447a65876d30e4beb0b649a783693224f190b3ae563c6ea8018fab71c,2026-10-04T09:12:24.079533+00:00,downloaded_no_pdf,,,,
15651,Apollo 15,https://www.lpi.usra.edu/lunar/samples/atlas/detail/?mission=Apollo%2015&sample=15651,8cd92d2f84a370db56d6c6f9e92628277fe27ff7c1997897b4c060085b2ee7f5,2026-10-04T09:12:24.857649+00:00,downloaded,"Lunar Sample Compendium, 15651.pdf",https://www.lpi.usra.edu/lunar/samples/atlas/compendium/15651.pdf,compendium,
15652,Apollo 15,https://www.lpi.usra.edu/lunar/samples/atlas/detail/?mission=Apollo%2015&sample=15652,3edc621958252c825dafb92784a900a6d15d9328b91dc7ff04f302cedbb6e115,2026-10-04T09:12:25.513751+00:00,downloaded_no_pdf,,,,
15653,Apollo 15,https://www.lpi.usra.edu/lunar/samples/atlas/detail/?mission=Apollo%2015&sample=15653,e51c45f6c72fb0896a5230a0785248973292b76953680dcd40a58dbefb50afcc,2026-10-04T09:12:26.160342+00:00,downloaded_no_pdf,,,,
15654,Apollo 15,https://www.lpi.usra.edu/lunar/samples/atlas/detail/?mission=Apollo%2015&sample=15654,dff0f944aff9806e7cb6ba8d45187d735805061e5c1af2aab34223d909aa0847,2026-10-04T09:12:26.815663+00:00,downloaded_no_pdf,,,,
15655,Apollo 15,https://www.lpi.usra.edu/lunar/samples/atlas/detail/?mission=Apollo%2015&sample=15655,0669a9a126cd1822e82e917ee739753b0eff444b8c8f6b6e4372d9ccd79cc21d,2026-10-04T09:12:27.485178+00:00,downloaded_no_pdf,,,,
15656,Apollo 15,https://www.lpi.usra.edu/lunar/samples/atlas/detail/?mission=Apollo%2015&sample=15656,98dfeb091b9a09f6f76026ec23166ca358fc7606047a38010ec5c4f8986c110e,2026-10-04T09:12:28.150996+00:00,downloaded_no_pdf,,,,
15657,Apollo 15,https://www.lpi.usra.edu/lunar/samples/atlas/detail/?mission=Apollo%2015&sample=15657,0579983fb400288d820374c4634a0ca6dc161de27faa935ce323a3e6184101f0,2026-10-04T09:12:28.814769+00:00,downloaded_no_pdf,,,,
15658,Apollo 15,https://www.lpi.usra.edu/lunar/samples/atlas/detail/?mission=Apollo%2015&sample=15658,d7efb9e7dfc3e71947982825c885e8ac5979e9b33c81bfe05a0a9120c2b122f4,2026-10-04T09:12:29.465555+00:00,downloaded,"Lunar Sample Compendium, 15658.pdf",https://www.lpi.usra.edu/lunar/samples/atlas/compendium/15658.pdf,compendium,
15659,Apollo 15,https://www.lpi.usra.edu/lunar/samples/atlas/detail/?mission=Apollo%2015&sample=15659,2bc446441eb10d1593d783eb86ea2b9328c3e91932774e64c9f10119b7b93b70,2026-10-04T09:12:30.155490+00:00,downloaded,"Lunar Sample Compendium, 15659.pdf",https://www.lpi.usra.edu/lunar/samples/atlas/compendium/15659.pdf,compendium,
15660,Apollo 15,https://www.lpi.usra.edu/lunar/samples/atlas/detail/?mission=Apollo%2015&sample=15660,42acf099fbb329af37a0e98a5e5c5478e04bf3fb213e5c7196a000df4b251cfd,2026-10-04T09:12:30.982664+00:00,downloaded_no_pdf,,,,
15661,Apollo 15,https://www.lpi.usra.edu/lunar/samples/atlas/detail/?mission=Apollo%2015&sample=15661,5432884c8720e4ef08b6d1697b4de35aa7d761351a3f12f05fcc03855fcc5c89,2026-10-04T09:12:31.755527+00:00,downloaded,"Lunar Sample Compendium, 15661.pdf",https://www.lpi.usra.edu/lunar/samples/atlas/compendium/15661.pdf,compendium,
15662,Apollo 15,https://www.lpi.usra.edu/lunar/samples/atlas/detail/?mission=Apollo%2015&sample=15662,31cab17c77103890e7c66d5cbf36797223656e6dfa638016781d4ea4ea300527,2026-10-04T09:12:32.419012+00:00,downloaded,"Lunar Sample Compendium, 15662.pdf",https://www.lpi.usra.edu/lunar/samples/atlas/compendium/15662.pdf,compendium,
15663,Apollo 15,https://www.lpi.usra.edu/lunar/samples/atlas/detail/?mission=Apollo%2015&sample=15663,9c6f16d8c9bb34e1c43b7e7e1c8d7b80d9e6dbad508aacb2b3588bd8937c6574,2026-10-04T09:12:33.208857+00:00,downloaded,"Lunar Sample Compendium, 15633.pdf",https://www.lpi.usra.edu/lunar/samples/atlas/compendium/15633.pdf,compendium,
15663,Apollo 15,https://www.lpi.usra.edu/lunar/samples/atlas/detail/?mission=Apollo%2015&sample=15663,9c6f16d8c9bb34e1c43b7e7e1c8d7b80d9e6dbad508aacb2b3588bd8937c6574,2026-10-04T09:12:33.208857+00:00,downloaded,"Lunar Sample Compendium, 15659.pdf",https://www.lpi.usra.edu/lunar/samples/atlas/compendium/15659.pdf,compendium,
15664,Apollo 15,https://www.lpi.usra.edu/lunar/samples/atlas/detail/?mission=Apollo%2015&sample=15664,9e38bb545301fdbaa3621067d8a3cdb7aa81c4d9cf9aa0df0cc1501817bfd09a,2026-10-04T09:12:33.900148+00:00,downloaded_no_pdf,,,,
15665,Apollo 15,https://www.lpi.usra.edu/lunar/samples/atlas/detail/?mission=Apollo%2015&sample=15665,7133a2bd40e3d1ea025e9c1e130f64d24f04f3f181ce10e07f2bd41844b999a2,2026-10-04T09:12:34.545889+00:00,downloaded,"Lunar Sample Compendium, 15665.pdf",https://www.lpi.usra.edu/lunar/samples/atlas/compendium/15665.pdf,compendium,
15666,Apollo 15,https://www.lpi.usra.edu/lunar/samples/atlas/detail/?mission=Apollo%2015&sample=15666,abd5cab3dc3e1a00247877866b68db97fb3b3cb38feb16a020ef9cf6042ff3dc,2026-10-04T09:12:35.367943+00:00,downloaded,"Lunar Sample Compendium, 15666.pdf",https://www.lpi.usra.edu/lunar/samples/atlas/compendium/15666.pdf,compendium,
15667,Apollo 15,https://www.lpi.usra.edu/lunar/samples/atlas/detail/?mission=Apollo%2015&sample=15667,0b0859e7eee2be1143ccaf068aa371ff10a03b266f2a012ea455dacb9fd573db,2026-10-04T09:12:36.172406+00:00,downloaded_no_pdf,,,,
15668,Apollo 15,https://www.lpi.usra.edu/lunar/samples/atlas/detail/?mission=Apollo%2015&sample=15668,a26e6e742b6897b88a76f52b40142739a5d062b494099bc8d61db7d3ad6fe249,2026-10-04T09:12:36.821213+00:00,downloaded_no_pdf,,,,
15669,Apollo 15,https://www.lpi.usra.edu/lunar/samples/atlas/detail/?mission=Apollo%2015&sample=15669,7542bb2d1b629848a0e74a999882ace1f1e30b77db63c1825357e63a174530e1,2026-10-04T09:12:37.513462+00:00,downloaded,"Lunar Sample Compendium, 15665.pdf",https://www.lpi.usra.edu/lunar/samples/atlas/compendium/15665.pdf,compendium,
15670,Apollo 15,https://www.lpi.usra.edu/lunar/samples/atlas/detail/?mission=Apollo%2015&sample=15670,c67033ab8c6e2fa6b13f6868f042bbb976c9b38f4aa6e4a0ae849596db90e1d3,2026-10-04T09:12:38.168864+00:00,downloaded_no_pdf,,,,
15671,Apollo 15,https://www.lpi.usra.edu/lunar/samples/atlas/detail/?mission=Apollo%2015&sample=15671,72f9c939b455ae7d9dbd6715edb3527240979979071e37ea87047a0c9bf4b8f9,2026-10-04T09:12:38.835838+00:00,downloaded_no_pdf,,,,
15672,Apollo 15,https://www.lpi.usra.edu/lunar/samples/atlas/detail/?mission=Apollo%2015&sample=15672,76d788abae05a65499adc884515545d959d006b566bb296ec52c63887827aeb7,2026-10-04T09:12:39.635888+00:00,downloaded,"Lunar Sample Compendium, 15659.pdf",https://www.lpi.usra.edu/lunar/samples/atlas/compendium/15659.pdf,compendium,
15673,Apollo 15,https://www.lpi.usra.edu/lunar/samples/atlas/detail/?mission=Apollo%2015&sample=15673,c722b1268b5feb85d88cf5472896b490b410492b302824fed5630c1450270f1c,2026-10-04T09:12:40.453681+00:00,downloaded_no_pdf,,,,
15674,Apollo 15,https://www.lpi.usra.edu/lunar/samples/atlas/detail/?mission=Apollo%2015&sample=15674,a68ad329e29032ad18a872b6b127c7bf372638388f252fdd5ae40995236188d1,2026-10-04T09:12:41.240285+00:00,downloaded,"Lunar Sample Compendium, 15674.pdf",https://www.lpi.usra.edu/lunar/samples/atlas/compendium/15674.pdf,compendium,
15675,Apollo 15,https://www.lpi.usra.edu/lunar/samples/atlas/detail/?mission=Apollo%2015&sample=15675,0f42a54f009bd8de60daf5a389457828c911142921114bbf097e3775e2ddb829,2026-10-04T09:12:42.034683+00:00,downloaded,"Lunar Sample Compendium, 15674.pdf",https://www.lpi.usra.edu/lunar/samples/atlas/compendium/15674.pdf,compendium,
15676,Apollo 15,https://www.lpi.usra.edu/lunar/samples/atlas/detail/?mission=Apollo%2015&sample=15676,0606373cbd2fcf096461471f24acb470fe806a392368971b302bb23920b2b384,2026-10-04T09:12:42.716489+00:00,downloaded,"Lunar Sample Compendium, 15674.pdf",https://www.lpi.usra.edu/lunar/samples/atlas/compendium/15674.pdf,compendium,
15677,Apollo 15,https://www.lpi.usra.edu/lunar/samples/atlas/detail/?mission=Apollo%2015&sample=15677,0413d009eebbc3385a671253e0048a934f7ba1defeb8a28e3de178b983c0fdbd,2026-10-04T09:12:43.542536+00:00,downloaded_no_pdf,,,,
15678,Apollo 15,https://www.lpi.usra.edu/lunar/samples/atlas/detail/?mission=Apollo%2015&sample=15678,8dc3368bc8153767bb67b8f1bb23791eae7d92064eea750328c8b5d1fcea95c9,2026-10-04T09:12:44.375978+00:00,downloaded,"Lunar Sample Compendium, 15674.pdf",https://www.lpi.usra.edu/lunar/samples/atlas/compendium/15674.pdf,compendium,
15679,Apollo 15,https://www.lpi.usra.edu/lunar/samples/atlas/detail/?mission=Apollo%2015&sample=15679,eee1c12bc6b3fd63fa5ff961cf31eff590ea33d322f6cafc50df16ac828ee56c,2026-10-04T09:12:45.032922+00:00,downloaded_no_pdf,,,,
15680,Apollo 15,https://www.lpi.usra.edu/lunar/samples/atlas/detail/?mission=Apollo%2015&sample=15680,963f8afc85aeaeb27f3aeb1c27e4b94e470edf4772b3d7baebbbe8443bcd6237,2026-10-04T09:12:45.683780+00:00,downloaded_no_pdf,,,,
15681,Apollo 15,https://www.lpi.usra.edu/lunar/samples/atlas/detail/?mission=Apollo%2015&sample=15681,eba0a908018219034fca546fb1059d84990e17214f1698b681a685a08fde88e0,2026-10-04T09:12:46.462491+00:00,downloaded_no_pdf,,,,
15682,Apollo 15,https://www.lpi.usra.edu/lunar/samples/atlas/detail/?mission=Apollo%2015&sample=15682,793293d45efdd97efeebec6077cb61ebda2561c0d463c06b34dfaaa16127a959,2026-10-04T09:12:47.200201+00:00,downloaded,"Lunar Sample Compendium, 15682.pdf",https://www.lpi.usra.edu/lunar/samples/atlas/compendium/15682.pdf,compendium,
15683,Apollo 15,https://www.lpi.usra.edu/lunar/samples/atlas/detail/?mission=Apollo%2015&sample=15683,bbd3fe2f52655bc71ddab807987929ade2a003f8831321d1828faf5d20489c80,2026-10-04T09:12:47.894294+00:00,downloaded,"Lunar Sample Compendium, 15674.pdf",https://www.lpi.usra.edu/lunar/samples/atlas/compendium/15674.pdf,compendium,
15684,Apollo 15,https://www.lpi.usra.edu/lunar/samples/atlas/detail/?mission=Apollo%2015&sample=15684,71a437e10300f675a13687bb9370781fecc1953a202971004e4da21942891f60,2026-10-04T09:12:48.581773+00:00,downloaded_no_pdf,,,,
15685,Apollo 15,https://www.lpi.usra.edu/lunar/samples/atlas/detail/?mission=Apollo%2015&sample=15685,cf3ceecb77fd96932af0dff2d990299d99611056a265d99c6a2a1fc42a3f3057,2026-10-04T09:12:49.398818+00:00,downloaded_no_pdf,,,,
15686,Apollo 15,https://www.lpi.usra.edu/lunar/samples/atlas/detail/?mission=Apollo%2015&sample=15686,6608ad897b4ac78715973cf8e206c55f80b23f900ec085defa3cd8679b927b7b,2026-10-04T09:12:50.048419+00:00,downloaded_no_pdf,,,,
15687,Apollo 15,https://www.lpi.usra.edu/lunar/samples/atlas/detail/?mission=Apollo%2015&sample=15687,275b61fedafb750ebea60eae675d8f3258a8a211ada288b0e32c1c6cc3358755,2026-10-04T09:12:50.827244+00:00,downloaded_no_pdf,,,,
15688,Apollo 15,https://www.lpi.usra.edu/lunar/samples/atlas/detail/?mission=Apollo%2015&sample=15688,b25bdda29b97310f8a608662bc420e4176e1e5e53b2d88dfef0cd890d9330d69,2026-10-04T09:12:51.516962+00:00,downloaded_no_pdf,,,,
15689,Apollo 15,https://www.lpi.usra.edu/lunar/samples/atlas/detail/?mission=Apollo%2015&sample=15689,d9e8833dba6d0b259c16577df74936d539f76a994524b2472bfde465c647b75b,2026-10-04T09:12:52.321955+00:00,downloaded_no_pdf,,,,
15695,Apollo 15,https://www.lpi.usra.edu/lunar/samples/atlas/detail/?mission=Apollo%2015&sample=15695,b84f0ab68c45e227785a038032520de5bc58a33280f10897232ef25bd841d03c,2026-10-04T09:12:52.976459+00:00,downloaded,"Lunar Sample Compendium, 15695.pdf",https://www.lpi.usra.edu/lunar/samples/atlas/compendium/15695.pdf,compendium,
15696,Apollo 15,https://www.lpi.usra.edu/lunar/samples/atlas/detail/?mission=Apollo%2015&sample=15696,79652032056014b3eb83353df6953739a4aa6fe239d6231baffccb3fd9b155c1,2026-10-04T09:12:53.771230+00:00,downloaded,"Lunar Sample Compendium, 15695.pdf",https://www.lpi.usra.edu/lunar/samples/atlas/compendium/15695.pdf,compendium,
15697,Apollo 15,https://www.lpi.usra.edu/lunar/samples/atlas/detail/?mission=Apollo%2015&sample=15697,3f79b7435c8a8e1fd1c2ae2f61fdf924d2207f0377636249c65c5935e123b436,2026-10-04T09:12:54.561337+00:00,downloaded,"Lunar Sample Compendium, 15695.pdf",https://www.lpi.usra.edu/lunar/samples/atlas/compendium/15695.pdf,compendium,
15698,Apollo 15,https://www.lpi.usra.edu/lunar/samples/atlas/detail/?mission=Apollo%2015&sample=15698,7a4453e94431bbc59b5528bde3f2bdf771553d306eb847a9932a14befc380bd4,2026-10-04T09:12:55.213242+00:00,downloaded,"Lunar Sample Compendium, 15698.pdf",https://www.lpi.usra.edu/lunar/samples/atlas/compendium/15698.pdf,compendium,
15933,Apollo 15,https://www.lpi.usra.edu/lunar/samples/atlas/detail/?mission=Apollo%2015&sample=15933,87411544780ca899a4ffd734ed7b5c291dffd1f713b0f8ddfdbdb69342e0af13,2026-10-04T09:12:55.862250+00:00,downloaded_no_pdf,,,,
15952,Apollo 15,https://www.lpi.usra.edu/lunar/samples/atlas/detail/?mission=Apollo%2015&sample=15952,64510e95a504f0f494ed63dc6abd8fdc0c4539f7bbd8a1762a5d9ab257c94376,2026-10-04T09:12:56.512382+00:00,downloaded_no_pdf,,,,
17508,,https://www.lpi.usra.edu/lunar/samples/atlas/detail/?mission=Apollo%2017&sample=17508,63b30a6407061a3c67c69536d23fa21f55b38dcf6c7ef3bfae5077bd063ea45e,2026-10-04T09:12:57.295715+00:00,downloaded_no_pdf,,,,
60001,Apollo 16,https://www.lpi.usra.edu/lunar/samples/atlas/detail/?mission=Apollo%2016&sample=60001,3e665e694a3907f73adf4b82645908e038e73fe1f560668126d93500e70c6bf7,2026-10-04T09:12:57.943791+00:00,downloaded,"Lunar Sample Compendium, A16drill.pdf",https://www.lpi.usra.edu/lunar/samples/atlas/compendium/A16drill.pdf,compendium,
60002,Apollo 16,https://www.lpi.usra.edu/lunar/samples/atlas/detail/?mission=Apollo%2016&sample=60002,ca39a5e0cf7699ed25b7029ee2cbcfe533233a966ddb0b31b5b2110d1d745a82,2026-10-04T09:12:58.632663+00:00,downloaded,"Lunar Sample Compendium, A16drill.pdf",https://www.lpi.usra.edu/lunar/samples/atlas/compendium/A16drill.pdf,compendium,
60003,Apollo 16,https://www.lpi.usra.edu/lunar/samples/atlas/detail/?mission=Apollo%2016&sample=60003,81973024df78165405bdb17566495ba79c1987c6b6c170c596529e66f71783e1,2026-10-04T09:12:59.403371+00:00,downloaded,"Lunar Sample Compendium, A16drill.pdf",https://www.lpi.usra.edu/lunar/samples/atlas/compendium/A16drill.pdf,compendium,
60004,Apollo 16,https://www.lpi.usra.edu/lunar/samples/atlas/detail/?mission=Apollo%2016&sample=60004,78a52859b601305aa3909615ca39e405000b9c0864b5e507cb7980e9f39a9a99,2026-10-04T09:13:00.181105+00:00,downloaded,"Lunar Sample Compendium, A16drill.pdf",https://www.lpi.usra.edu/lunar/samples/atlas/compendium/A16drill.pdf,compendium,
60005,Apollo 16,https://www.lpi.usra.edu/lunar/samples/atlas/detail/?mission=Apollo%2016&sample=60005,d742f08f2a55d27e3d7049b899433526b35fef893b91d78002f0a60081531f49,2026-10-04T09:13:00.831308+00:00,downloaded,"Lunar Sample Compendium, A16drill.pdf",https://www.lpi.usra.edu/lunar/samples/atlas/compendium/A16drill.pdf,compendium,
60006,Apollo 16,https://www.lpi.usra.edu/lunar/samples/atlas/detail/?mission=Apollo%2016&sample=60006,211cde75657f3c75f6982983dc746b5d675bd18eb09a81fcc8882fb52f2acc16,2026-10-04T09:13:01.485126+00:00,downloaded,"Lunar Sample Compendium, A16drill.pdf",https://www.lpi.usra.edu/lunar/samples/atlas/compendium/A16drill.pdf,compendium,
60007,Apollo 16,https://www.lpi.usra.edu/lunar/samples/atlas/detail/?mission=Apollo%2016&sample=60007,e08f8bd2886dd1566ac81277698cda2bb6827c8837fe27c666be9389ecd782d3,2026-10-04T09:13:02.139888+00:00,downloaded,"Lunar Sample Compendium, A16drill.pdf",https://www.lpi.usra.edu/lunar/samples/atlas/compendium/A16drill.pdf,compendium,
60009,Apollo 16,https://www.lpi.usra.edu/lunar/samples/atlas/detail/?mission=Apollo%2016&sample=60009,090b688be52f36732b9a7d2855da4774fd7f1cd579c641598f497a0eba4d166a,2026-10-04T09:13:02.789782+00:00,downloaded,"Lunar Sample Compendium, 60010.pdf",https://www.lpi.usra.edu/lunar/samples/atlas/compendium/60010.pdf,compendium,
60010,Apollo 16,https://www.lpi.usra.edu/lunar/samples/atlas/detail/?mission=Apollo%2016&sample=60010,8fa5b2d99d9cfc287984d4a26b68ea04a8ecfcd6e9bace096831b315364bb306,2026-10-04T09:13:03.582981+00:00,downloaded,"Lunar Sample Compendium, 60010.pdf",https://www.lpi.usra.edu/lunar/samples/atlas/compendium/60010.pdf,compendium,
60013,Apollo 16,https://www.lpi.usra.edu/lunar/samples/atlas/detail/?mission=Apollo%2016&sample=60013,f2b3a01519a57ded72548f8dfea81207923bb508861e571bba53a07966314853,2026-10-04T09:13:04.242961+00:00,downloaded,"Lunar Sample Compendium, 60014.pdf",https://www.lpi.usra.edu/lunar/samples/atlas/compendium/60014.pdf,compendium,
60014,Apollo 16,https://www.lpi.usra.edu/lunar/samples/atlas/detail/?mission=Apollo%2016&sample=60014,43575030a6484abbaff1559d04a3dd31010562d8e3120ea88ca73dddfd744091,2026-10-04T09:13:04.894598+00:00,downloaded,"Lunar Sample Compendium, 60014.pdf",https://www.lpi.usra.edu/lunar/samples/atlas/compendium/60014.pdf,compendium,
60015,Apollo 16,https://www.lpi.usra.edu/lunar/samples/atlas/detail/?mission=Apollo%2016&sample=60015,5f96f07dae93ebf93c97e79557db6ee7add773ec40b20487d9a44c6964164667,2026-10-04T09:13:05.676234+00:00,downloaded,"Lunar Sample Compendium, 60015.pdf",https://www.lpi.usra.edu/lunar/samples/atlas/compendium/60015.pdf,compendium,
60016,Apollo 16,https://www.lpi.usra.edu/lunar/samples/atlas/detail/?mission=Apollo%2016&sample=60016,369f0b038511492f1218fd18bc7687c018798510cf1cfb3d3cadfb0bebd19e30,2026-10-04T09:13:06.377166+00:00,downloaded,"Lunar Sample Compendium, 60016.pdf",https://www.lpi.usra.edu/lunar/samples/atlas/compendium/60016.pdf,compendium,
60016,Apollo 16,https://www.lpi.usra.edu/lunar/samples/atlas/detail/?mission=Apollo%2016&sample=60016,369f0b038511492f1218fd18bc7687c018798510cf1cfb3d3cadfb0bebd19e30,2026-10-04T09:13:06.377166+00:00,downloaded,Lunar Sample Catalog 60016 Description,http://curator.jsc.nasa.gov/lunar/catalogs/apollo16/part1/60016.pdf,catalog,
60017,Apollo 16,https://www.lpi.usra.edu/lunar/samples/atlas/detail/?mission=Apollo%2016&sample=60017,7673f022434a2e7ab912656c954bc0e1a51cc54d450c5de71a932f1cb576a6ae,2026-10-04T09:13:07.088225+00:00,downloaded,"Lunar Sample Compendium, 60017.pdf",https://www.lpi.usra.edu/lunar/samples/atlas/compendium/60017.pdf,compendium,
60018,Apollo 16,https://www.lpi.usra.edu/lunar/samples/atlas/detail/?mission=Apollo%2016&sample=60018,2fdb6e95bd9e0f736068ba03a4e2a330de2b3adfc0fccbd1d88c238dcc8ea24b,2026-10-04T09:13:07.913361+00:00,downloaded,"Lunar Sample Compendium, 60018.pdf",https://www.lpi.usra.edu/lunar/samples/atlas/compendium/60018.pdf,compendium,
60019,Apollo 16,https://www.lpi.usra.edu/lunar/samples/atlas/detail/?mission=Apollo%2016&sample=60019,ea8dcbf4580e6ee2f99bf9782a0e0e5a7bdc87ded2999385b4280ea3869aa303,2026-10-04T09:13:08.606532+00:00,downloaded,"Lunar Sample Compendium, 60019.pdf",https://www.lpi.usra.edu/lunar/samples/atlas/compendium/60019.pdf,compendium,
60019,Apollo 16,https://www.lpi.usra.edu/lunar/samples/atlas/detail/?mission=Apollo%2016&sample=60019,ea8dcbf4580e6ee2f99bf9782a0e0e5a7bdc87ded2999385b4280ea3869aa303,2026-10-04T09:13:08.606532+00:00,downloaded,Lunar Sample Catalog 60019 Description,http://curator.jsc.nasa.gov/lunar/catalogs/apollo16/part1/60019.pdf,catalog,
60025,Apollo 16,https://www.lpi.usra.edu/lunar/samples/atlas/detail/?mission=Apollo%2016&sample=60025,d19ef561fc2e47f70fd9fb5128785f1bc632bb6cc6338441e6bc808cc63580b7,2026-10-04T09:13:09.437258+00:00,downloaded,"Lunar Sample Compendium, 60025.pdf",https://www.lpi.usra.edu/lunar/samples/atlas/compendium/60025.pdf,compendium,
60025,Apollo 16,https://www.lpi.usra.edu/lunar/samples/atlas/detail/?mission=Apollo%2016&sample=60025,d19ef561fc2e47f70fd9fb5128785f1bc632bb6cc6338441e6bc808cc63580b7,2026-10-04T09:13:09.437258+00:00,downloaded,Lunar Sample Catalog 60025 Description,http://curator.jsc.nasa.gov/lunar/catalogs/apollo16/part1/60025.pdf,catalog,
60030,Apollo 16,https://www.lpi.usra.edu/lunar/samples/atlas/detail/?mission=Apollo%2016&sample=60030,90c6618c2ae77da869c748ad866cef05ce0812dc1dee1f7560bd50c5ab6301d4,2026-10-04T09:13:10.321591+00:00,downloaded_no_pdf,,,,
60031,Apollo 16,https://www.lpi.usra.edu/lunar/samples/atlas/detail/?mission=Apollo%2016&sample=60031,ec9de09e5ef94129013f1ac81fb3992a9b5140a9ddf62ae024ba10b997f63abc,2026-10-04T09:13:10.965773+00:00,downloaded_no_pdf,,,,
60032,Apollo 16,https://www.lpi.usra.edu/lunar/samples/atlas/detail/?mission=Apollo%2016&sample=60032,a228e5c1a6bda121b253fdda812c284313b5cd4889fdf6accc1c570dd83039af,2026-10-04T09:13:11.755392+00:00,downloaded_no_pdf,,,,
60033,Apollo 16,https://www.lpi.usra.edu/lunar/samples/atlas/detail/?mission=Apollo%2016&sample=60033,981e1acce6f754b302b2e29d395f9ebf013c991e89a328b5265777d0d71546d0,2026-10-04T09:13:12.536975+00:00,downloaded_no_pdf,,,,
60034,Apollo 16,https://www.lpi.usra.edu/lunar/samples/atlas/detail/?mission=Apollo%2016&sample=60034,b3e9bb5d3bd757345e07ea045708092bf8ff3fbd45bdb09f2cc9557cefd74c6b,2026-10-04T09:13:13.310024+00:00,downloaded_no_pdf,,,,
60035,Apollo 16,https://www.lpi.usra.edu/lunar/samples/atlas/detail/?mission=Apollo%2016&sample=60035,dc118894c929d6ac3ebd13c62d53bc7d82f343260f4dfbdd0de4bc5c2ffa4b0b,2026-10-04T09:13:13.961271+00:00,downloaded,"Lunar Sample Compendium, 60035.pdf",https://www.lpi.usra.edu/lunar/samples/atlas/compendium/60035.pdf,compendium,
60050,Apollo 16,https://www.lpi.usra.edu/lunar/samples/atlas/detail/?mission=Apollo%2016&sample=60050,e649e1e2fffff3fdbbfd237474cf4339570841edc18dc87ec92956e7a5aff259,2026-10-04T09:13:14.664945+00:00,downloaded,"Lunar Sample Compendium, 60050.pdf",https://www.lpi.usra.edu/lunar/samples/atlas/compendium/60050.pdf,compendium,
60051,Apollo 16,https://www.lpi.usra.edu/lunar/samples/atlas/detail/?mission=Apollo%2016&sample=60051,856e1e428e2875ab9f3409f5f4a8c25feb6603f4723af9de2a7b8f6164b2261b,2026-10-04T09:13:15.307689+00:00,downloaded_no_pdf,,,,
60052,Apollo 16,https://www.lpi.usra.edu/lunar/samples/atlas/detail/?mission=Apollo%2016&sample=60052,101a792e995090d8671dc1510a79c6123ddcf491081b84127cb8e550733a76df,2026-10-04T09:13:15.950167+00:00,downloaded_no_pdf,,,,
60053,Apollo 16,https://www.lpi.usra.edu/lunar/samples/atlas/detail/?mission=Apollo%2016&sample=60053,fcfadb90effa572acc9f59aa5ddf3447a814bd6da624cb0aaa40b02c40813287,2026-10-04T09:13:16.628757+00:00,downloaded_no_pdf,,,,
60054,Apollo 16,https://www.lpi.usra.edu/lunar/samples/atlas/detail/?mission=Apollo%2016&sample=60054,c2ba7a35da5f5b769696686db3ada08187fbea80400fa43b0155cf0cd6e80136,2026-10-04T09:13:17.423361+00:00,downloaded_no_pdf,,,,
60055,Apollo 16,https://www.lpi.usra.edu/lunar/samples/atlas/detail/?mission=Apollo%2016&sample=60055,ed20d78fba131be0a068563e0fffad232f84d9e09fa5a2eb0420ec6da42ceadb,2026-10-04T09:13:18.196043+00:00,downloaded,"Lunar Sample Compendium, 60055.pdf",https://www.lpi.usra.edu/lunar/samples/atlas/compendium/60055.pdf,compendium,
60056,Apollo 16,https://www.lpi.usra.edu/lunar/samples/atlas/detail/?mission=Apollo%2016&sample=60056,360a91de11ab27286c6c2796033c0bd1fd24d63d5c441606f0fcdb6895863a47,2026-10-04T09:13:19.032132+00:00,downloaded,"Lunar Sample Compendium, 60055.pdf",https://www.lpi.usra.edu/lunar/samples/atlas/compendium/60055.pdf,compendium,
60057,Apollo 16,https://www.lpi.usra.edu/lunar/samples/atlas/detail/?mission=Apollo%2016&sample=60057,ea67b3bbcf9695ed88a987036a7cdb4b0af927826bd715d7bcf11f1008452d70,2026-10-04T09:13:19.726811+00:00,downloaded,"Lunar Sample Compendium, 60055.pdf",https://www.lpi.usra.edu/lunar/samples/atlas/compendium/60055.pdf,compendium,
60058,Apollo 16,https://www.lpi.usra.edu/lunar/samples/atlas/detail/?mission=Apollo%2016&sample=60058,7f78ac8692f8192e8f08f95b771b4d0e474b2470f1b3efcbaee06f9fac3c2efc,2026-10-04T09:13:20.373954+00:00,downloaded,"Lunar Sample Compendium, 60055.pdf",https://www.lpi.usra.edu/lunar/samples/atlas/compendium/60055.pdf,compendium,
60059,Apollo 16,https://www.lpi.usra.edu/lunar/samples/atlas/detail/?mission=Apollo%2016&sample=60059,08ca8f85dc80d8e6391a04e65e3b9f81adee0949f5b90d5bfa2e46aa2cee4615,2026-10-04T09:13:21.156323+00:00,downloaded,"Lunar Sample Compendium, 60055.pdf",https://www.lpi.usra.edu/lunar/samples/atlas/compendium/60055.pdf,compendium,
60070,Apollo 16,https://www.lpi.usra.edu/lunar/samples/atlas/detail/?mission=Apollo%2016&sample=60070,df8f920297195e209f3b824492bff1ff9cee4eb43795b9c01aee82c0d532c312,2026-10-04T09:13:21.815905+00:00,downloaded_no_pdf,,,,
60075,Apollo 16,https://www.lpi.usra.edu/lunar/samples/atlas/detail/?mission=Apollo%2016&sample=60075,7188c25424cf33f497e8304868218e92a9ed6fffe59c74a49627c18248c6ef5a,2026-10-04T09:13:22.484547+00:00,downloaded,"Lunar Sample Compendium, 60075.pdf",https://www.lpi.usra.edu/lunar/samples/atlas/compendium/60075.pdf,compendium,
60095,Apollo 16,https://www.lpi.usra.edu/lunar/samples/atlas/detail/?mission=Apollo%2016&sample=60095,515187e4a61879cb59cb1045e90ce79666188d3bebe32e5ac2e86b8c631b7468,2026-10-04T09:13:23.305153+00:00,downloaded,"Lunar Sample Compendium, 60095.pdf",https://www.lpi.usra.edu/lunar/samples/atlas/compendium/60095.pdf,compendium,
60110,Apollo 16,https://www.lpi.usra.edu/lunar/samples/atlas/detail/?mission=Apollo%2016&sample=60110,2e41cf6423cb5af83cc82302f5a7a2c340df1a45640e8f171179fdcc44a5241c,2026-10-04T09:13:23.999311+00:00,downloaded_no_pdf,,,,
60115,Apollo 16,https://www.lpi.usra.edu/lunar/samples/atlas/detail/?mission=Apollo%2016&sample=60115,147238856a5b17b4ded686acf5d7cf5cd787b62647827feceea9370db1a6b40d,2026-10-04T09:13:24.786047+00:00,downloaded,"Lunar Sample Compendium, 60115.pdf",https://www.lpi.usra.edu/lunar/samples/atlas/compendium/60115.pdf,compendium,
60130,Apollo 16,https://www.lpi.usra.edu/lunar/samples/atlas/detail/?mission=Apollo%2016&sample=60130,3b8dc4688d0299f325f314be211fdc00381f0daf29f98d7443831b637b56e9af,2026-10-04T09:13:25.646364+00:00,downloaded_no_pdf,,,,
60135,Apollo 16,https://www.lpi.usra.edu/lunar/samples/atlas/detail/?mission=Apollo%2016&sample=60135,70e6beecaed3c6fdf7b0f02a8000c3e58a06e7fcf28d9e1080f8ce54a6c4d152,2026-10-04T09:13:26.302987+00:00,downloaded,"Lunar Sample Compendium, 60135.pdf",https://www.lpi.usra.edu/lunar/samples/atlas/compendium/60135.pdf,compendium,
60210,Apollo 16,https://www.lpi.usra.edu/lunar/samples/atlas/detail/?mission=Apollo%2016&sample=60210,e5d6b05c9e2a499216675443f28838971ee10929a02179b86c4d49bd3bbdd109,2026-10-04T09:13:27.008052+00:00,downloaded_no_pdf,,,,
60215,Apollo 16,https://www.lpi.usra.edu/lunar/samples/atlas/detail/?mission=Apollo%2016&sample=60215,9afe87ec37f4d7552b74231d5f44044aff58b23c820105952b0c906b48c1b3ba,2026-10-04T09:13:27.657309+00:00,downloaded,"Lunar Sample Compendium, 60215.pdf",https://www.lpi.usra.edu/lunar/samples/atlas/compendium/60215.pdf,compendium,
60230,Apollo 16,https://www.lpi.usra.edu/lunar/samples/atlas/detail/?mission=Apollo%2016&sample=60230,df3190cbd46b4bded89219fdf92103ae1d22b0f68a7f5f7f667f39bd5a67f1ed,2026-10-04T09:13:28.362593+00:00,downloaded_no_pdf,,,,
60235,Apollo 16,https://www.lpi.usra.edu/lunar/samples/atlas/detail/?mission=Apollo%2016&sample=60235,4269123405e07ab22f924c1f94d155a6519b6410565e80e62419ddcd40cf7b32,2026-10-04T09:13:29.010674+00:00,downloaded,"Lunar Sample Compendium, 60235.pdf",https://www.lpi.usra.edu/lunar/samples/atlas/compendium/60235.pdf,compendium,
60250,Apollo 16,https://www.lpi.usra.edu/lunar/samples/atlas/detail/?mission=Apollo%2016&sample=60250,fc2e45dea248b2b8f9d15e0be9e1111501cff81544aa2c62195bb88192db8ae0,2026-10-04T09:13:29.826255+00:00,downloaded_no_pdf,,,,
60255,Apollo 16,https://www.lpi.usra.edu/lunar/samples/atlas/detail/?mission=Apollo%2016&sample=60255,887dc9279b956af188d2861c2538883dc48cf5d19dc982724698b7a0ba0e5d4c,2026-10-04T09:13:30.470240+00:00,downloaded,"Lunar Sample Compendium, 60255.pdf",https://www.lpi.usra.edu/lunar/samples/atlas/compendium/60255.pdf,compendium,
60270,Apollo 16,https://www.lpi.usra.edu/lunar/samples/atlas/detail/?mission=Apollo%2016&sample=60270,421dc86b58e9486977bed552268dd82ea96af58964bbecd3ae7241f38cc22c75,2026-10-04T09:13:31.297528+00:00,downloaded_no_pdf,,,,
60275,Apollo 16,https://www.lpi.usra.edu/lunar/samples/atlas/detail/?mission=Apollo%2016&sample=60275,7b81a66248a9d40b7d0fc2c1292ed9d25bcdfa1660f46eac6a00bedeed526f5c,2026-10-04T09:13:31.956243+00:00,downloaded,"Lunar Sample Compendium, 60275.pdf",https://www.lpi.usra.edu/lunar/samples/atlas/compendium/60275.pdf,compendium,
60310,Apollo 16,https://www.lpi.usra.edu/lunar/samples/atlas/detail/?mission=Apollo%2016&sample=60310,3f19d63ba3750a4a405d12ba76be865900fe094f332b29efd6217785bf2ce27e,2026-10-04T09:13:32.643636+00:00,downloaded_no_pdf,,,,
60315,Apollo 16,https://www.lpi.usra.edu/lunar/samples/atlas/detail/?mission=Apollo%2016&sample=60315,b35976e5229217a18b8b7e68b64cf037ee2fd84912adfe53f36c432e94a4770e,2026-10-04T09:13:33.445244+00:00,downloaded,"Lunar Sample Compendium, 60315.pdf",https://www.lpi.usra.edu/lunar/samples/atlas/compendium/60315.pdf,compendium,
60330,Apollo 16,https://www.lpi.usra.edu/lunar/samples/atlas/detail/?mission=Apollo%2016&sample=60330,fa3dd278b19cc10be7678ea456b8b148d4900ff5008476dbf06bf05ff5b0a43b,2026-10-04T09:13:34.282982+00:00,downloaded_no_pdf,,,,
60335,Apollo 16,https://www.lpi.usra.edu/lunar/samples/atlas/detail/?mission=Apollo%2016&sample=60335,2c8ac9a2c5abad9c1e946f9c31cae4fb74024494a8b0e0befb13050dcbd2a6d0,2026-10-04T09:13:35.062536+00:00,downloaded,"Lunar Sample Compendium, 60335.pdf",https://www.lpi.usra.edu/lunar/samples/atlas/compendium/60335.pdf,compendium,
60500,Apollo 16,https://www.lpi.usra.edu/lunar/samples/atlas/detail/?mission=Apollo%2016&sample=60500,f5e0db2fd4e43e8fe32703013fed75069aa877ac78bb7620b96b0d95b20c23f0,2026-10-04T09:13:35.870176+00:00,downloaded,"Lunar Sample Compendium, 60500.pdf",https://www.lpi.usra.edu/lunar/samples/atlas/compendium/60500.pdf,compendium,
60501,Apollo 16,https://www.lpi.usra.edu/lunar/samples/atlas/detail/?mission=Apollo%2016&sample=60501,f004052ecd63a0ac9407e67d5995bdff834593b6ab7f3fa5377653e8b472b42a,2026-10-04T09:13:36.535922+00:00,downloaded_no_pdf,,,,
60502,Apollo 16,https://www.lpi.usra.edu/lunar/samples/atlas/detail/?mission=Apollo%2016&sample=60502,36bbcfd8e2c717823233ae877edd84dfe326cb897a8649e061e0599349c7cd34,2026-10-04T09:13:37.325792+00:00,downloaded_no_pdf,,,,
60503,Apollo 16,https://www.lpi.usra.edu/lunar/samples/atlas/detail/?mission=Apollo%2016&sample=60503,4b0cca7a518cd0ca53408084d268a71a6ba407a2b951082da0b33ef333f85d62,2026-10-04T09:13:38.109812+00:00,downloaded_no_pdf,,,,
60504,Apollo 16,https://www.lpi.usra.edu/lunar/samples/atlas/detail/?mission=Apollo%2016&sample=60504,09e47aa585ecf2bf55cfb714dbcbb6b6798814925c5b873c3ba60d2e1ab1f122,2026-10-04T09:13:38.878953+00:00,downloaded_no_pdf,,,,
60510,Apollo 16,https://www.lpi.usra.edu/lunar/samples/atlas/detail/?mission=Apollo%2016&sample=60510,d15f71e6fc937c21b16fc600ad6bfd1182b63f61d54d2d724821cde2aea5ae16,2026-10-04T09:13:39.524015+00:00,downloaded,"Lunar Sample Compendium, 60500.pdf",https://www.lpi.usra.edu/lunar/samples/atlas/compendium/60500.pdf,compendium,
60511,Apollo 16,https://www.lpi.usra.edu/lunar/samples/atlas/detail/?mission=Apollo%2016&sample=60511,d0e07ec6811fb23ca72bb7b9aa95fd1f5189814d89ee61eab2656cce5e2970eb,2026-10-04T09:13:40.168958+00:00,downloaded_no_pdf,,,,
60512,Apollo 16,https://www.lpi.usra.edu/lunar/samples/atlas/detail/?mission=Apollo%2016&sample=60512,0892029fb7a275f3ac815bba9db633c981812c315d68fefd4e7aa8429f866656,2026-10-04T09:13:40.854845+00:00,downloaded_no_pdf,,,,
60513,Apollo 16,https://www.lpi.usra.edu/lunar/samples/atlas/detail/?mission=Apollo%2016&sample=60513,5ec099360500dff40dd8f575611917548f5ff3cc59a0d12adb5c01eb30c4c526,2026-10-04T09:13:41.500504+00:00,downloaded_no_pdf,,,,
60514,Apollo 16,https://www.lpi.usra.edu/lunar/samples/atlas/detail/?mission=Apollo%2016&sample=60514,d24cd62d8e0a5d00ae2f52f0a718013fe48407b604cc38732c07c822d645e66a,2026-10-04T09:13:42.165045+00:00,downloaded_no_pdf,,,,
60515,Apollo 16,https://www.lpi.usra.edu/lunar/samples/atlas/detail/?mission=Apollo%2016&sample=60515,74b082e9733a8d4ae1c583eafb2b6ff9a1987762cc206c7b188824ef04b6ce70,2026-10-04T09:13:42.807506+00:00,downloaded,"Lunar Sample Compendium, 60515.pdf",https://www.lpi.usra.edu/lunar/samples/atlas/compendium/60515.pdf,compendium,
60516,Apollo 16,https://www.lpi.usra.edu/lunar/samples/atlas/detail/?mission=Apollo%2016&sample=60516,5204d141d780cfbef73f7f4cb24de17c724a6340263e4c21ab1ea7c40bfa2ab8,2026-10-04T09:13:43.457218+00:00,downloaded,"Lunar Sample Compendium, 60515.pdf",https://www.lpi.usra.edu/lunar/samples/atlas/compendium/60515.pdf,compendium,
60517,Apollo 16,https://www.lpi.usra.edu/lunar/samples/atlas/detail/?mission=Apollo%2016&sample=60517,dc53cc207ab79bd3b2dd887e8cc5fc26ab211902ae2047c203d3861946a7fe04,2026-10-04T09:13:44.097623+00:00,downloaded,"Lunar Sample Compendium, 60515.pdf",https://www.lpi.usra.edu/lunar/samples/atlas/compendium/60515.pdf,compendium,
60518,Apollo 16,https://www.lpi.usra.edu/lunar/samples/atlas/detail/?mission=Apollo%2016&sample=60518,e826acf664c394221b375e8322f079d3e8ac0eb00dcc30039043951005bb6761,2026-10-04T09:13:44.920528+00:00,downloaded,"Lunar Sample Compendium, 60515.pdf",https://www.lpi.usra.edu/lunar/samples/atlas/compendium/60515.pdf,compendium,
60519,Apollo 16,https://www.lpi.usra.edu/lunar/samples/atlas/detail/?mission=Apollo%2016&sample=60519,32a72736f6ef93071daed260a2d78309598587f2c298496f9c5954906b4bdaca,2026-10-04T09:13:45.570927+00:00,downloaded,"Lunar Sample Compendium, 60515.pdf",https://www.lpi.usra.edu/lunar/samples/atlas/compendium/60515.pdf,compendium,
60520,Apollo 16,https://www.lpi.usra.edu/lunar/samples/atlas/detail/?mission=Apollo%2016&sample=60520,6f4749688bab7c387ae256131af6964b1b1f5658b7012e885b78fe66b11ca48c,2026-10-04T09:13:46.343142+00:00,downloaded_no_pdf,,,,
60521,Apollo 16,https://www.lpi.usra.edu/lunar/samples/atlas/detail/?mission=Apollo%2016&sample=60521,8b986c222744a0b6ad1e5164b12fdb3db676a40c2848a87e83246db52c62ba3b,2026-10-04T09:13:47.121617+00:00,downloaded_no_pdf,,,,
60522,Apollo 16,https://www.lpi.usra.edu/lunar/samples/atlas/detail/?mission=Apollo%2016&sample=60522,6649ab6f03c82789005d52e051ffae2ae59ae87296d2355fef70b1920589bb67,2026-10-04T09:13:47.774513+00:00,downloaded_no_pdf,,,,
60523,Apollo 16,https://www.lpi.usra.edu/lunar/samples/atlas/detail/?mission=Apollo%2016&sample=60523,322b84276f84b6e72d0f72d03e029872d7519bee241b14da4f4237ecc8c4828e,2026-10-04T09:13:48.430597+00:00,downloaded_no_pdf,,,,
60524,Apollo 16,https://www.lpi.usra.edu/lunar/samples/atlas/detail/?mission=Apollo%2016&sample=60524,d5fdc5b9d37283d1d29c165dc761df0d990bf2c310cf1a49d81405f6b987fd78,2026-10-04T09:13:49.220335+00:00,downloaded_no_pdf,,,,
60525,Apollo 16,https://www.lpi.usra.edu/lunar/samples/atlas/detail/?mission=Apollo%2016&sample=60525,a7f71d3fb844e39a7b99bc3f9915203bf82e24327d58e5de439cf21710a17a0a,2026-10-04T09:13:49.893022+00:00,downloaded,"Lunar Sample Compendium, 60525.pdf",https://www.lpi.usra.edu/lunar/samples/atlas/compendium/60525.pdf,compendium,
60526,Apollo 16,https://www.lpi.usra.edu/lunar/samples/atlas/detail/?mission=Apollo%2016&sample=60526,bd0eb8e807af405455a1b12cf5b63b91a8682b71deabcf8d75beeaa394d8ae2a,2026-10-04T09:13:50.698968+00:00,downloaded,"Lunar Sample Compendium, 60526.pdf",https://www.lpi.usra.edu/lunar/samples/atlas/compendium/60526.pdf,compendium,
60527,Apollo 16,https://www.lpi.usra.edu/lunar/samples/atlas/detail/?mission=Apollo%2016&sample=60527,daf31f2935830f66adb0190349cfb851c56970b5c52ecacbe2d32252114886ce,2026-10-04T09:13:51.492972+00:00,downloaded_no_pdf,,,,
60528,Apollo 16,https://www.lpi.usra.edu/lunar/samples/atlas/detail/?mission=Apollo%2016&sample=60528,5adfc0aa2965163d74c5741fd2e8f9d191fe7304f5eed814c63f6284bba23a64,2026-10-04T09:13:52.150483+00:00,downloaded_no_pdf,,,,
60529,Apollo 16,https://www.lpi.usra.edu/lunar/samples/atlas/detail/?mission=Apollo%2016&sample=60529,ea75532c5cf5578c7f1c772865f1acfa98f0183af04230028914acc85063a03e,2026-10-04T09:13:52.921938+00:00,downloaded_no_pdf,,,,
60530,Apollo 16,https://www.lpi.usra.edu/lunar/samples/atlas/detail/?mission=Apollo%2016&sample=60530,d2bd7ce955736ec3517b38073266d9530e72e0f53e7b21490c7429cd552f6c00,2026-10-04T09:13:53.701000+00:00,downloaded_no_pdf,,,,
60531,Apollo 16,https://www.lpi.usra.edu/lunar/samples/atlas/detail/?mission=Apollo%2016&sample=60531,1471f2ca9a2c66832bec0897156a93c3d48478c7fa3c4de45058be1608e587d4,2026-10-04T09:13:54.496444+00:00,downloaded_no_pdf,,,,
60532,Apollo 16,https://www.lpi.usra.edu/lunar/samples/atlas/detail/?mission=Apollo%2016&sample=60532,1c6ce938f327a46af3668ca3b118c7ccb79fd72f1b72030e9a1b1c131eea5977,2026-10-04T09:13:55.164991+00:00,downloaded_no_pdf,,,,
60533,Apollo 16,https://www.lpi.usra.edu/lunar/samples/atlas/detail/?mission=Apollo%2016&sample=60533,f153ea63a3aec8fd439e603ff137bed2491e1dec9ccf0788b74f750097e63b70,2026-10-04T09:13:55.948929+00:00,downloaded_no_pdf,,,,
60534,Apollo 16,https://www.lpi.usra.edu/lunar/samples/atlas/detail/?mission=Apollo%2016&sample=60534,74b726129bf39fd4211addb51c4381e98c1d2c963a861d62048a00cc82175c48,2026-10-04T09:13:56.732059+00:00,downloaded_no_pdf,,,,
60535,Apollo 16,https://www.lpi.usra.edu/lunar/samples/atlas/detail/?mission=Apollo%2016&sample=60535,c83056b6c4e21a36362fa5af8b2fee075c7451db0af6a15208863ff99eaaabad,2026-10-04T09:13:57.385159+00:00,downloaded,"Lunar Sample Compendium, 60535.pdf",https://www.lpi.usra.edu/lunar/samples/atlas/compendium/60535.pdf,compendium,
60600,Apollo 16,https://www.lpi.usra.edu/lunar/samples/atlas/detail/?mission=Apollo%2016&sample=60600,337dd5381e0ba4616e503ba3e49366e002f95b42bacd43f11f7ed06526db5c31,2026-10-04T09:13:58.180049+00:00,downloaded,"Lunar Sample Compendium, 60600.pdf",https://www.lpi.usra.edu/lunar/samples/atlas/compendium/60600.pdf,compendium,
60601,Apollo 16,https://www.lpi.usra.edu/lunar/samples/atlas/detail/?mission=Apollo%2016&sample=60601,794da8ec67e8f1d72ece519b28b134ab0a34f7098576fd1455adeb2c31106175,2026-10-04T09:13:58.964127+00:00,downloaded_no_pdf,,,,
60602,Apollo 16,https://www.lpi.usra.edu/lunar/samples/atlas/detail/?mission=Apollo%2016&sample=60602,6b272e6febab3b271718668b75a135fa1d5f1fbaab1a167441ba0f0173aa9f0d,2026-10-04T09:13:59.616216+00:00,downloaded_no_pdf,,,,
60603,Apollo 16,https://www.lpi.usra.edu/lunar/samples/atlas/detail/?mission=Apollo%2016&sample=60603,767eb67f27189192a02fd0b3acc10d8bc5cd16136c078f306702fa07eddd0d57,2026-10-04T09:14:00.269865+00:00,downloaded_no_pdf,,,,
60604,Apollo 16,https://www.lpi.usra.edu/lunar/samples/atlas/detail/?mission=Apollo%2016&sample=60604,334d44e92c6b53dd12d2f58d10d114748a0298f6570d2f76899e9d47fbe46ef8,2026-10-04T09:14:00.921965+00:00,downloaded_no_pdf,,,,
60610,Apollo 16,https://www.lpi.usra.edu/lunar/samples/atlas/detail/?mission=Apollo%2016&sample=60610,d6c25843ad8882a355eab9d036df6a2272e55e232d8f309eef6391472d9c9b3f,2026-10-04T09:14:01.575076+00:00,downloaded,"Lunar Sample Compendium, 60600.pdf",https://www.lpi.usra.edu/lunar/samples/atlas/compendium/60600.pdf,compendium,
60611,Apollo 16,https://www.lpi.usra.edu/lunar/samples/atlas/detail/?mission=Apollo%2016&sample=60611,7a96dd564045b7b7678635481dbaad8033379bb81dade745ef50c2b72dfadb56,2026-10-04T09:14:02.230643+00:00,downloaded_no_pdf,,,,
60612,Apollo 16,https://www.lpi.usra.edu/lunar/samples/atlas/detail/?mission=Apollo%2016&sample=60612,a8ecc7c775d9c5fda0a9d6424a2edb30c6f5b915b5a76ebf1eb809f9f36f2d36,2026-10-04T09:14:02.880198+00:00,downloaded_no_pdf,,,,
60613,Apollo 16,https://www.lpi.usra.edu/lunar/samples/atlas/detail/?mission=Apollo%2016&sample=60613,77db6ddb2b56690e0054c499323d8f59d79db822c72ba76f90362a2dc783f712,2026-10-04T09:14:03.664085+00:00,downloaded_no_pdf,,,,
60614,Apollo 16,https://www.lpi.usra.edu/lunar/samples/atlas/detail/?mission=Apollo%2016&sample=60614,8be3d157993dc085d16b58db15fc494b8fa004075ba3c348b34a96f3a9140008,2026-10-04T09:14:04.446521+00:00,downloaded_no_pdf,,,,
60615,Apollo 16,https://www.lpi.usra.edu/lunar/samples/atlas/detail/?mission=Apollo%2016&sample=60615,d6ef33fe60d80b4918e87acb3f8df155bcaf5bc1ea2b9ec692594c943a37b5e0,2026-10-04T09:14:05.094093+00:00,downloaded,"Lunar Sample Compendium, 60615.pdf",https://www.lpi.usra.edu/lunar/samples/atlas/compendium/60615.pdf,compendium,
60616,Apollo 16,https://www.lpi.usra.edu/lunar/samples/atlas/detail/?mission=Apollo%2016&sample=60616,348f30b8adcdf443d4a7b09b845473b1aab9576256ac3cc4a238283430f62856,2026-10-04T09:14:05.914787+00:00,downloaded_no_pdf,,,,
60617,Apollo 16,https://www.lpi.usra.edu/lunar/samples/atlas/detail/?mission=Apollo%2016&sample=60617,f8c87eff36591d035222d66942c8fe3bf13b63e7d9321d85df5ced1896faf651,2026-10-04T09:14:06.562615+00:00,downloaded_no_pdf,,,,
60618,Apollo 16,https://www.lpi.usra.edu/lunar/samples/atlas/detail/?mission=Apollo%2016&sample=60618,2f6630624ceb7c86537e16d73342be7a10a762e46a65ce404b730692af4b3d8c,2026-10-04T09:14:07.217403+00:00,downloaded,"Lunar Sample Compendium, 60618.pdf",https://www.lpi.usra.edu/lunar/samples/atlas/compendium/60618.pdf,compendium,
60618,Apollo 16,https://www.lpi.usra.edu/lunar/samples/atlas/detail/?mission=Apollo%2016&sample=60618,2f6630624ceb7c86537e16d73342be7a10a762e46a65ce404b730692af4b3d8c,2026-10-04T09:14:07.217403+00:00,downloaded,Lunar Sample Catalog 60618 Description,http://curator.jsc.nasa.gov/lunar/catalogs/apollo16/part1/60618.pdf,catalog,
60619,Apollo 16,https://www.lpi.usra.edu/lunar/samples/atlas/detail/?mission=Apollo%2016&sample=60619,34e9719b90ee4f479f71726cbc7d38d72a64851110fd361021349dfc2f90a119,2026-10-04T09:14:08.051012+00:00,downloaded,"Lunar Sample Compendium, 60619.pdf",https://www.lpi.usra.edu/lunar/samples/atlas/compendium/60619.pdf,compendium,
60619,Apollo 16,https://www.lpi.usra.edu/lunar/samples/atlas/detail/?mission=Apollo%2016&sample=60619,34e9719b90ee4f479f71726cbc7d38d72a64851110fd361021349dfc2f90a119,2026-10-04T09:14:08.051012+00:00,downloaded,Lunar Sample Catalog 60619 Description,http://curator.jsc.nasa.gov/lunar/catalogs/apollo16/part1/60619.pdf,catalog,
60620,Apollo 16,https://www.lpi.usra.edu/lunar/samples/atlas/detail/?mission=Apollo%2016&sample=60620,2e57676f47550ca65f5fe11741b81c353ccbf07f285ac8853a12b3efd6a2e8f8,2026-10-04T09:14:08.879260+00:00,downloaded_no_pdf,,,,
60621,Apollo 16,https://www.lpi.usra.edu/lunar/samples/atlas/detail/?mission=Apollo%2016&sample=60621,9701b0cacc347576da526112e7d68cdcf500d95cbb7c8a5c0bdcce90d119b230,2026-10-04T09:14:09.531828+00:00,downloaded_no_pdf,,,,
60622,Apollo 16,https://www.lpi.usra.edu/lunar/samples/atlas/detail/?mission=Apollo%2016&sample=60622,66d27a648c97cf99cdc6901551dcce7d174f42f406ff1411d012c2cf4b7a3dba,2026-10-04T09:14:10.371749+00:00,downloaded_no_pdf,,,,
60623,Apollo 16,https://www.lpi.usra.edu/lunar/samples/atlas/detail/?mission=Apollo%2016&sample=60623,b894b290bdcfae6494ffd768c1e8adf42bc63c7af99305eb54c77e3b6c875f36,2026-10-04T09:14:11.233558+00:00,downloaded_no_pdf,,,,
60624,Apollo 16,https://www.lpi.usra.edu/lunar/samples/atlas/detail/?mission=Apollo%2016&sample=60624,08dfd8fae50bbb4b71505e73c6959aa4178b66217d88ada46a244a66d970fdd1,2026-10-04T09:14:11.901847+00:00,downloaded_no_pdf,,,,
60625,Apollo 16,https://www.lpi.usra.edu/lunar/samples/atlas/detail/?mission=Apollo%2016&sample=60625,825c4dc17984c15eea894e6e11322c6e2068e017f024a10cdfac345d9d4c6cbc,2026-10-04T09:14:12.562067+00:00,downloaded,"Lunar Sample Compendium, 60625.pdf",https://www.lpi.usra.edu/lunar/samples/atlas/compendium/60625.pdf,compendium,
60625,Apollo 16,https://www.lpi.usra.edu/lunar/samples/atlas/detail/?mission=Apollo%2016&sample=60625,825c4dc17984c15eea894e6e11322c6e2068e017f024a10cdfac345d9d4c6cbc,2026-10-04T09:14:12.562067+00:00,downloaded,Lunar Sample Catalog 60625 Description,http://curator.jsc.nasa.gov/lunar/catalogs/apollo16/part1/60625.pdf,catalog,
60626,Apollo 16,https://www.lpi.usra.edu/lunar/samples/atlas/detail/?mission=Apollo%2016&sample=60626,2756975dcea05280cd098cd379689a67055a7f4700a49fb17af421c76f5534a7,2026-10-04T09:14:13.430729+00:00,downloaded,"Lunar Sample Compendium, 60626.pdf",https://www.lpi.usra.edu/lunar/samples/atlas/compendium/60626.pdf,compendium,
60627,Apollo 16,https://www.lpi.usra.edu/lunar/samples/atlas/detail/?mission=Apollo%2016&sample=60627,2acab3d57e73e0f693086eb7c80a3d096b7f2ebe688d77f46bad6001e03d88d6,2026-10-04T09:14:14.172694+00:00,downloaded,"Lunar Sample Compendium, 60627.pdf",https://www.lpi.usra.edu/lunar/samples/atlas/compendium/60627.pdf,compendium,
60628,Apollo 16,https://www.lpi.usra.edu/lunar/samples/atlas/detail/?mission=Apollo%2016&sample=60628,f33e3c8e10736cbb92d51987fbc425e2505930658f08f94274a0dd42f1e14be6,2026-10-04T09:14:15.050929+00:00,downloaded_no_pdf,,,,
60629,Apollo 16,https://www.lpi.usra.edu/lunar/samples/atlas/detail/?mission=Apollo%2016&sample=60629,15eadf29980f2c3682907cc7d4411311fd06323ec2e8a9bd39a38f1edae7cf1c,2026-10-04T09:14:15.745366+00:00,downloaded,"Lunar Sample Compendium, 60629.pdf",https://www.lpi.usra.edu/lunar/samples/atlas/compendium/60629.pdf,compendium,
60630,Apollo 16,https://www.lpi.usra.edu/lunar/samples/atlas/detail/?mission=Apollo%2016&sample=60630,cdee9c24bb1355ba8932e6d79c912d30c3109bdb98fd4e76315f3e008a451faf,2026-10-04T09:14:16.442187+00:00,downloaded_no_pdf,,,,
60631,Apollo 16,https://www.lpi.usra.edu/lunar/samples/atlas/detail/?mission=Apollo%2016&sample=60631,fd4b5d606965a4b25980daf89d6fc377c7e5b309ac7dfd29dd691f2fe0221d04,2026-10-04T09:14:17.423618+00:00,downloaded_no_pdf,,,,
60632,Apollo 16,https://www.lpi.usra.edu/lunar/samples/atlas/detail/?mission=Apollo%2016&sample=60632,dd25ff1a511c8d05746b9f14d1ecca1b6115bf8874e4130334f25c3a99c1cff6,2026-10-04T09:14:18.425925+00:00,downloaded_no_pdf,,,,
60633,Apollo 16,https://www.lpi.usra.edu/lunar/samples/atlas/detail/?mission=Apollo%2016&sample=60633,752d10aaa17082d14922d25048072f52eba2d8ff03e18d263bcaec11ec6237de,2026-10-04T09:14:19.200581+00:00,downloaded_no_pdf,,,,
60634,Apollo 16,https://www.lpi.usra.edu/lunar/samples/atlas/detail/?mission=Apollo%2016&sample=60634,7bab8bb6b46a6c434b5f7bed961f323b992f97a1acdcd9f7a830821a4aa98601,2026-10-04T09:14:20.037575+00:00,downloaded_no_pdf,,,,
60635,Apollo 16,https://www.lpi.usra.edu/lunar/samples/atlas/detail/?mission=Apollo%2016&sample=60635,5f8a7306d041040ae97d613edf2144e0b13564a623f890de41c77b5f1b7a642c,2026-10-04T09:14:20.853013+00:00,downloaded,"Lunar Sample Compendium, 60635.pdf",https://www.lpi.usra.edu/lunar/samples/atlas/compendium/60635.pdf,compendium,
60636,Apollo 16,https://www.lpi.usra.edu/lunar/samples/atlas/detail/?mission=Apollo%2016&sample=60636,07077356419d54ee2836f581f61a4927b63636e2dde352a85be5199556d5a4ee,2026-10-04T09:14:22.139441+00:00,downloaded,"Lunar Sample Compendium, 60636.pdf",https://www.lpi.usra.edu/lunar/samples/atlas/compendium/60636.pdf,compendium,
60637,Apollo 16,https://www.lpi.usra.edu/lunar/samples/atlas/detail/?mission=Apollo%2016&sample=60637,a231eddbcaec949bcdc6f6c2a0dcb85133605e88b96daa354e3c54a35db2fbba,2026-10-04T09:14:23.391909+00:00,downloaded,"Lunar Sample Compendium, 60535.pdf",https://www.lpi.usra.edu/lunar/samples/atlas/compendium/60535.pdf,compendium,
60638,Apollo 16,https://www.lpi.usra.edu/lunar/samples/atlas/detail/?mission=Apollo%2016&sample=60638,98738ce64fd847f5a3010d9041a854300f7183d400b7327c7689b83afc7d98cc,2026-10-04T09:14:24.220029+00:00,downloaded_no_pdf,,,,
60639,Apollo 16,https://www.lpi.usra.edu/lunar/samples/atlas/detail/?mission=Apollo%2016&sample=60639,d46fd8b36f19297369397d301796af1cd7c26b23fd6d863ce59ed236c48f4927,2026-10-04T09:14:25.349602+00:00,downloaded,"Lunar Sample Compendium, 60639.pdf",https://www.lpi.usra.edu/lunar/samples/atlas/compendium/60639.pdf,compendium,
60639,Apollo 16,https://www.lpi.usra.edu/lunar/samples/atlas/detail/?mission=Apollo%2016&sample=60639,d46fd8b36f19297369397d301796af1cd7c26b23fd6d863ce59ed236c48f4927,2026-10-04T09:14:25.349602+00:00,downloaded,Lunar Sample Catalog 60639 Description,http://curator.jsc.nasa.gov/lunar/catalogs/apollo16/part1/60639.pdf,catalog,
60640,Apollo 16,https://www.lpi.usra.edu/lunar/samples/atlas/detail/?mission=Apollo%2016&sample=60640,de030f6d20a1fec2022019ca6db1315b9be376d6751c4b0fda08a7d0b93b1b73,2026-10-04T09:14:26.427141+00:00,downloaded_no_pdf,,,,
60641,Apollo 16,https://www.lpi.usra.edu/lunar/samples/atlas/detail/?mission=Apollo%2016&sample=60641,bae50398a6c21a654ee9e70bef997786c6e032041cecf1a8fdacd775f46b1abf,2026-10-04T09:14:27.515547+00:00,downloaded_no_pdf,,,,
60642,Apollo 16,https://www.lpi.usra.edu/lunar/samples/atlas/detail/?mission=Apollo%2016&sample=60642,43ff7b4e573763da6944645772ed6cdac483cadedaaa43d34d1695a36980722b,2026-10-04T09:14:28.621998+00:00,downloaded_no_pdf,,,,
60643,Apollo 16,https://www.lpi.usra.edu/lunar/samples/atlas/detail/?mission=Apollo%2016&sample=60643,7dbc917b187e2c171be0d379ff850f73a104b6796fc163f1ee5db7921e23addf,2026-10-04T09:14:29.766784+00:00,downloaded_no_pdf,,,,
60644,Apollo 16,https://www.lpi.usra.edu/lunar/samples/atlas/detail/?mission=Apollo%2016&sample=60644,8a649556128b3f14f0d054954c0933315906c6e4feb72ed09d3750cd52e17876,2026-10-04T09:14:30.565712+00:00,downloaded_no_pdf,,,,
60645,Apollo 16,https://www.lpi.usra.edu/lunar/samples/atlas/detail/?mission=Apollo%2016&sample=60645,d6b45eb6a327a2a3e94fada71c24954d1195abe1343a791eaf89475ce0b4f806,2026-10-04T09:14:31.386358+00:00,downloaded,"Lunar Sample Compendium, 60645.pdf",https://www.lpi.usra.edu/lunar/samples/atlas/compendium/60645.pdf,compendium,
60646,Apollo 16,https://www.lpi.usra.edu/lunar/samples/atlas/detail/?mission=Apollo%2016&sample=60646,1bee5057a1ddfc2a92bcd0f2239e61304bdd38e0d57a7dd83adddf90e19b3f3f,2026-10-04T09:14:32.678423+00:00,downloaded_no_pdf,,,,
60647,Apollo 16,https://www.lpi.usra.edu/lunar/samples/atlas/detail/?mission=Apollo%2016&sample=60647,5586809ee97a25c7a7cd592c34e62eb4eea4fda8f5fee24f660f60b5cb56eb8f,2026-10-04T09:14:33.325625+00:00,downloaded_no_pdf,,,,
60648,Apollo 16,https://www.lpi.usra.edu/lunar/samples/atlas/detail/?mission=Apollo%2016&sample=60648,90daa9e4ea6da6ddb04a853fd6640b34c99570a93d3e2b8b7534161b9bac3230,2026-10-04T09:14:33.978681+00:00,downloaded_no_pdf,,,,
60649,Apollo 16,https://www.lpi.usra.edu/lunar/samples/atlas/detail/?mission=Apollo%2016&sample=60649,95b4fc23e44e35533b41d653dac6359c074c3656221c1162374c906614551c44,2026-10-04T09:14:34.768493+00:00,downloaded_no_pdf,,,,
60650,Apollo 16,https://www.lpi.usra.edu/lunar/samples/atlas/detail/?mission=Apollo%2016&sample=60650,97c869cf3a3af4a2a0895925d12fa0b5e3ad3f9140d451b638d83ad506ea4346,2026-10-04T09:14:35.554635+00:00,downloaded_no_pdf,,,,
60651,Apollo 16,https://www.lpi.usra.edu/lunar/samples/atlas/detail/?mission=Apollo%2016&sample=60651,9d3ec94d2bff0cdffc6ade0d3d99b415d8c38a53e745478770f5920eecadb4c1,2026-10-04T09:14:36.212392+00:00,downloaded_no_pdf,,,,
60652,Apollo 16,https://www.lpi.usra.edu/lunar/samples/atlas/detail/?mission=Apollo%2016&sample=60652,233ee8fb0d1cd9812661b0f737d440b3e102e897429756247f413da39dfffa2b,2026-10-04T09:14:36.988658+00:00,downloaded_no_pdf,,,,
60653,Apollo 16,https://www.lpi.usra.edu/lunar/samples/atlas/detail/?mission=Apollo%2016&sample=60653,f0a821cee398f94d8da64e1c1b3aa7bd01c360c8ea6a9f1bd3dd2d9c65cc97c0,2026-10-04T09:14:37.636384+00:00,downloaded_no_pdf,,,,
60654,Apollo 16,https://www.lpi.usra.edu/lunar/samples/atlas/detail/?mission=Apollo%2016&sample=60654,fc8b5544fec5b101fc6fbcff82f482e8b8fd5d8a32b378896b62aca93ce3131e,2026-10-04T09:14:38.424766+00:00,downloaded_no_pdf,,,,
60655,Apollo 16,https://www.lpi.usra.edu/lunar/samples/atlas/detail/?mission=Apollo%2016&sample=60655,6740b03a0c01c0b7d7000118635e8ae95604920a247349c1165541331f694974,2026-10-04T09:14:39.071308+00:00,downloaded_no_pdf,,,,
60656,Apollo 16,https://www.lpi.usra.edu/lunar/samples/atlas/detail/?mission=Apollo%2016&sample=60656,512b8b133a7fb5e48283f856b61d216750a2f28ba2ef107f8734554c7af208c9,2026-10-04T09:14:39.891704+00:00,downloaded_no_pdf,,,,
60657,Apollo 16,https://www.lpi.usra.edu/lunar/samples/atlas/detail/?mission=Apollo%2016&sample=60657,a24feea979dfa7d10f09e683c73989740d4043856309e2bb85aa9a3c79524a0b,2026-10-04T09:14:40.541130+00:00,downloaded_no_pdf,,,,
60658,Apollo 16,https://www.lpi.usra.edu/lunar/samples/atlas/detail/?mission=Apollo%2016&sample=60658,5f6d6f967f661993fcfe08558e3eab16fe9d1aedf57391989b9f8b86152a71c8,2026-10-04T09:14:41.194447+00:00,downloaded_no_pdf,,,,
60659,Apollo 16,https://www.lpi.usra.edu/lunar/samples/atlas/detail/?mission=Apollo%2016&sample=60659,df85974340fd4adb5bdd4be0dcd202190356cbd1ebee3e0f363b83587a53d978,2026-10-04T09:14:41.856681+00:00,downloaded,"Lunar Sample Compendium, 60659.pdf",https://www.lpi.usra.edu/lunar/samples/atlas/compendium/60659.pdf,compendium,
60660,Apollo 16,https://www.lpi.usra.edu/lunar/samples/atlas/detail/?mission=Apollo%2016&sample=60660,114406fe6a15f1c8c437c6afd9ee594c3c572c95ad1159a6bc818894cb5afb4b,2026-10-04T09:14:42.508345+00:00,downloaded_no_pdf,,,,
60661,Apollo 16,https://www.lpi.usra.edu/lunar/samples/atlas/detail/?mission=Apollo%2016&sample=60661,24900d6eca3daee9e09b19b4d26671c1aed12937a9298b9a71755df5eb48b832,2026-10-04T09:14:43.176304+00:00,downloaded_no_pdf,,,,
60662,Apollo 16,https://www.lpi.usra.edu/lunar/samples/atlas/detail/?mission=Apollo%2016&sample=60662,5b681be33b61fa5bb8a1c534e6d84ec86fb64e3b20c32763721241747ba6f85d,2026-10-04T09:14:43.828671+00:00,downloaded_no_pdf,,,,
60663,Apollo 16,https://www.lpi.usra.edu/lunar/samples/atlas/detail/?mission=Apollo%2016&sample=60663,0465c38e6fe2c0323a1f23c2f4e935b12aae002cd4374f8e6d8be9fcf81555cb,2026-10-04T09:14:44.604498+00:00,downloaded_no_pdf,,,,
60664,Apollo 16,https://www.lpi.usra.edu/lunar/samples/atlas/detail/?mission=Apollo%2016&sample=60664,2782e9f05f77afc90348d6a1067af7f70fb027d7c0b858f0dc1cc171ffcd0148,2026-10-04T09:14:45.252461+00:00,downloaded_no_pdf,,,,
60665,Apollo 16,https://www.lpi.usra.edu/lunar/samples/atlas/detail/?mission=Apollo%2016&sample=60665,8bf1ed84f7157a481cf8ab0309dc634e61f3de36852ed1e727f00de2db32a3c6,2026-10-04T09:14:46.053396+00:00,downloaded,"Lunar Sample Compendium, 60665.pdf",https://www.lpi.usra.edu/lunar/samples/atlas/compendium/60665.pdf,compendium,
60665,Apollo 16,https://www.lpi.usra.edu/lunar/samples/atlas/detail/?mission=Apollo%2016&sample=60665,8bf1ed84f7157a481cf8ab0309dc634e61f3de36852ed1e727f00de2db32a3c6,2026-10-04T09:14:46.053396+00:00,downloaded,Lunar Sample Catalog 60665 Description,http://curator.jsc.nasa.gov/lunar/catalogs/apollo16/part1/60665.pdf,catalog,
60666,Apollo 16,https://www.lpi.usra.edu/lunar/samples/atlas/detail/?mission=Apollo%2016&sample=60666,b679347d67051c48fa95e59cac7a674e8626481c8caec50bb33fa7a47991d533,2026-10-04T09:14:46.747681+00:00,downloaded,"Lunar Sample Compendium, 60666.pdf",https://www.lpi.usra.edu/lunar/samples/atlas/compendium/60666.pdf,compendium,
60667,Apollo 16,https://www.lpi.usra.edu/lunar/samples/atlas/detail/?mission=Apollo%2016&sample=60667,b60a0105d483b42623f4b28509c5fed7d5c31294910ba62d4710ac7a103646b3,2026-10-04T09:14:47.559219+00:00,downloaded_no_pdf,,,,
60668,Apollo 16,https://www.lpi.usra.edu/lunar/samples/atlas/detail/?mission=Apollo%2016&sample=60668,bfde602f05fdccbd8a48ba867dd057480f41d8aeeb3177e2656cbd24e0e5089f,2026-10-04T09:14:48.342780+00:00,downloaded_no_pdf,,,,
60669,Apollo 16,https://www.lpi.usra.edu/lunar/samples/atlas/detail/?mission=Apollo%2016&sample=60669,177dd0b340371276261fc4bc27aba32a1d00a1825e75a7278c06edf8d4c0cd85,2026-10-04T09:14:48.986429+00:00,downloaded_no_pdf,,,,
60670,Apollo 16,https://www.lpi.usra.edu/lunar/samples/atlas/detail/?mission=Apollo%2016&sample=60670,d56967dbea00f622921afcb69f954d3f0728660090fe41889c7b03031defb20d,2026-10-04T09:14:49.633470+00:00,downloaded_no_pdf,,,,
60671,Apollo 16,https://www.lpi.usra.edu/lunar/samples/atlas/detail/?mission=Apollo%2016&sample=60671,3af844d4d199c6b178d6d29017bb9fd7e68ef9d7878786cb1abcdf515cfc5f94,2026-10-04T09:14:50.459365+00:00,downloaded_no_pdf,,,,
60672,Apollo 16,https://www.lpi.usra.edu/lunar/samples/atlas/detail/?mission=Apollo%2016&sample=60672,155f30b9a10f3734a5fb870baed9e0921f87dd210215f347d2b472d4726474ee,2026-10-04T09:14:51.269536+00:00,downloaded_no_pdf,,,,
60673,Apollo 16,https://www.lpi.usra.edu/lunar/samples/atlas/detail/?mission=Apollo%2016&sample=60673,43517d7092a0ccc2e7b40d65f41d4435c59dbf453525bcdc6831a19e0759f5af,2026-10-04T09:14:52.048475+00:00,downloaded_no_pdf,,,,
60674,Apollo 16,https://www.lpi.usra.edu/lunar/samples/atlas/detail/?mission=Apollo%2016&sample=60674,d132bd715c0eb000eaae06a03113b5340ee299d63c59359cd53fd57a21b4908a,2026-10-04T09:14:52.843374+00:00,downloaded_no_pdf,,,,
60675,Apollo 16,https://www.lpi.usra.edu/lunar/samples/atlas/detail/?mission=Apollo%2016&sample=60675,cc3823a8d6c4360f41b740d827649fd14b83c6ae3066a89ed8fa4a79d5c5dcf8,2026-10-04T09:14:53.629560+00:00,downloaded_no_pdf,,,,
60676,Apollo 16,https://www.lpi.usra.edu/lunar/samples/atlas/detail/?mission=Apollo%2016&sample=60676,1b05c3251e2fbe7d2f4ee20304979e7bbb2c522021fc719530e8a20d0d40e5cd,2026-10-04T09:14:54.281405+00:00,downloaded_no_pdf,,,,
60677,Apollo 16,https://www.lpi.usra.edu/lunar/samples/atlas/detail/?mission=Apollo%2016&sample=60677,eb0b0720deb8f4e0f25f687a8fc7243fee250820e5b12b39f4018e4ee21880f2,2026-10-04T09:14:55.061355+00:00,downloaded,"Lunar Sample Compendium, 60677.pdf",https://www.lpi.usra.edu/lunar/samples/atlas/compendium/60677.pdf,compendium,
60678,Apollo 16,https://www.lpi.usra.edu/lunar/samples/atlas/detail/?mission=Apollo%2016&sample=60678,665f8df32893d7c2fcd0888c4dee3e3b7baa75c519b9e260dade6d1ede7d1674,2026-10-04T09:14:55.713313+00:00,downloaded_no_pdf,,,,
60679,Apollo 16,https://www.lpi.usra.edu/lunar/samples/atlas/detail/?mission=Apollo%2016&sample=60679,ef6a23e7eccd8b19e5f2396689b139259fde42466e7f94206744c824d6cd2a3d,2026-10-04T09:14:56.366946+00:00,downloaded_no_pdf,,,,
61015,Apollo 16,https://www.lpi.usra.edu/lunar/samples/atlas/detail/?mission=Apollo%2016&sample=61015,379e10ae7b56c50bd78221fc6d0d850264e6f26d936882a4e4f101ece59e93d5,2026-10-04T09:14:57.156020+00:00,downloaded,"Lunar Sample Compendium, 61015.pdf",https://www.lpi.usra.edu/lunar/samples/atlas/compendium/61015.pdf,compendium,
61015,Apollo 16,https://www.lpi.usra.edu/lunar/samples/atlas/detail/?mission=Apollo%2016&sample=61015,379e10ae7b56c50bd78221fc6d0d850264e6f26d936882a4e4f101ece59e93d5,2026-10-04T09:14:57.156020+00:00,downloaded,Lunar Sample Catalog 61015 Description,http://curator.jsc.nasa.gov/lunar/catalogs/apollo16/part1/61015.pdf,catalog,
61016,Apollo 16,https://www.lpi.usra.edu/lunar/samples/atlas/detail/?mission=Apollo%2016&sample=61016,27c156e74882d56f333b7a307797e71419cd04f9a4b50ae1b0113a37ff515fbf,2026-10-04T09:14:57.851441+00:00,downloaded,"Lunar Sample Compendium, 61016.pdf",https://www.lpi.usra.edu/lunar/samples/atlas/compendium/61016.pdf,compendium,
61016,Apollo 16,https://www.lpi.usra.edu/lunar/samples/atlas/detail/?mission=Apollo%2016&sample=61016,27c156e74882d56f333b7a307797e71419cd04f9a4b50ae1b0113a37ff515fbf,2026-10-04T09:14:57.851441+00:00,downloaded,Lunar Sample Catalog 61016 Description,http://curator.jsc.nasa.gov/lunar/catalogs/apollo16/part1/61016.pdf,catalog,
61130,Apollo 16,https://www.lpi.usra.edu/lunar/samples/atlas/detail/?mission=Apollo%2016&sample=61130,a67c0cc69436549618a3f378caaad3362f5f96a7d8b85e28800383cbddf995b4,2026-10-04T09:14:58.553362+00:00,downloaded_no_pdf,,,,
61135,Apollo 16,https://www.lpi.usra.edu/lunar/samples/atlas/detail/?mission=Apollo%2016&sample=61135,5647b505588766ab4d0ca6bf451dcf26f261720e2947e18ee70b04fd9ef8f0d6,2026-10-04T09:14:59.195755+00:00,downloaded,"Lunar Sample Compendium, 61135.pdf",https://www.lpi.usra.edu/lunar/samples/atlas/compendium/61135.pdf,compendium,
61140,Apollo 16,https://www.lpi.usra.edu/lunar/samples/atlas/detail/?mission=Apollo%2016&sample=61140,765b22c25085ba390e39b0f4fd726791c124a2d6727f10fca741a1a6785e02b1,2026-10-04T09:15:00.006019+00:00,downloaded,"Lunar Sample Compendium, 61181.pdf",https://www.lpi.usra.edu/lunar/samples/atlas/compendium/61181.pdf,compendium,
61141,Apollo 16,https://www.lpi.usra.edu/lunar/samples/atlas/detail/?mission=Apollo%2016&sample=61141,4f2742495f4b6613f366a5630095668529109127140444e413cb469934a25752,2026-10-04T09:15:00.788620+00:00,downloaded_no_pdf,,,,
61142,Apollo 16,https://www.lpi.usra.edu/lunar/samples/atlas/detail/?mission=Apollo%2016&sample=61142,17d6fbeeea219585bdd39ff7d8d31d4aa5cf7075b6cf5a353f485dde3c164c5f,2026-10-04T09:15:01.572338+00:00,downloaded_no_pdf,,,,
61143,Apollo 16,https://www.lpi.usra.edu/lunar/samples/atlas/detail/?mission=Apollo%2016&sample=61143,873a048740548e7f09c6173f3ceb279e230461677d0098e4a2d53d438578d956,2026-10-04T09:15:02.395628+00:00,downloaded_no_pdf,,,,
61144,Apollo 16,https://www.lpi.usra.edu/lunar/samples/atlas/detail/?mission=Apollo%2016&sample=61144,25ff49175871a56baa596a38c72fc6251e7db5bc2e70bae8ddcc40abf29098de,2026-10-04T09:15:03.050521+00:00,downloaded_no_pdf,,,,
61150,Apollo 16,https://www.lpi.usra.edu/lunar/samples/atlas/detail/?mission=Apollo%2016&sample=61150,a65a2e955c522cb1d96e19990adad4e3f9ea6acdbd94d1aa2df9ccdb1bb3f399,2026-10-04T09:15:03.886341+00:00,downloaded_no_pdf,,,,
61155,Apollo 16,https://www.lpi.usra.edu/lunar/samples/atlas/detail/?mission=Apollo%2016&sample=61155,f3cde9624a4d1422cc130e5b6a46ee521950a1353d74c34e5e41e8531a5a607e,2026-10-04T09:15:04.539025+00:00,downloaded,"Lunar Sample Compendium, 61155.pdf",https://www.lpi.usra.edu/lunar/samples/atlas/compendium/61155.pdf,compendium,
61156,Apollo 16,https://www.lpi.usra.edu/lunar/samples/atlas/detail/?mission=Apollo%2016&sample=61156,97a4fb1484f95087abea018ce238900a1f0ef88508cc6ca9b8c753f2a33e7175,2026-10-04T09:15:05.229469+00:00,downloaded,"Lunar Sample Compendium, 61156.pdf",https://www.lpi.usra.edu/lunar/samples/atlas/compendium/61156.pdf,compendium,
61160,Apollo 16,https://www.lpi.usra.edu/lunar/samples/atlas/detail/?mission=Apollo%2016&sample=61160,c088343c5101c127f73ec033c6afd688876a7de24629f1a0e2958c628266738a,2026-10-04T09:15:05.913994+00:00,downloaded,"Lunar Sample Compendium, 61181.pdf",https://www.lpi.usra.edu/lunar/samples/atlas/compendium/61181.pdf,compendium,
61161,Apollo 16,https://www.lpi.usra.edu/lunar/samples/atlas/detail/?mission=Apollo%2016&sample=61161,8ffa9d5f706891f2c752c0737e3a6936d8dd3d709e7352476ae4491935d064d3,2026-10-04T09:15:06.579611+00:00,downloaded_no_pdf,,,,
61162,Apollo 16,https://www.lpi.usra.edu/lunar/samples/atlas/detail/?mission=Apollo%2016&sample=61162,48a18bc7fb2e483c70d3cc777ee4d88c6caf886bcb4226a73ea6f266797f09b0,2026-10-04T09:15:07.367083+00:00,downloaded_no_pdf,,,,
61163,Apollo 16,https://www.lpi.usra.edu/lunar/samples/atlas/detail/?mission=Apollo%2016&sample=61163,3a4baca1d415265beda60ceb9d450c7118dd0723b7868dfad1e60053bc70e48c,2026-10-04T09:15:08.154678+00:00,downloaded_no_pdf,,,,
61164,Apollo 16,https://www.lpi.usra.edu/lunar/samples/atlas/detail/?mission=Apollo%2016&sample=61164,0c02547240ff18e0e35911eaec4ebcfb1e4a4d83b7c4325d294cf63239fd176c,2026-10-04T09:15:08.808973+00:00,downloaded_no_pdf,,,,
61170,Apollo 16,https://www.lpi.usra.edu/lunar/samples/atlas/detail/?mission=Apollo%2016&sample=61170,37fc09ea2778edddd04ebeaa0499daf993e686b04c9e119c2674792f5cbc375c,2026-10-04T09:15:09.474035+00:00,downloaded_no_pdf,,,,
61175,Apollo 16,https://www.lpi.usra.edu/lunar/samples/atlas/detail/?mission=Apollo%2016&sample=61175,f037afd6367f96a223025600917a30fadec380ec896d0c2869fe721ea341ffde,2026-10-04T09:15:10.131562+00:00,downloaded,"Lunar Sample Compendium, 61175.pdf",https://www.lpi.usra.edu/lunar/samples/atlas/compendium/61175.pdf,compendium,
61175,Apollo 16,https://www.lpi.usra.edu/lunar/samples/atlas/detail/?mission=Apollo%2016&sample=61175,f037afd6367f96a223025600917a30fadec380ec896d0c2869fe721ea341ffde,2026-10-04T09:15:10.131562+00:00,downloaded,Lunar Sample Catalog 61175 Description,http://curator.jsc.nasa.gov/lunar/catalogs/apollo16/part1/61175.pdf,catalog,
61180,Apollo 16,https://www.lpi.usra.edu/lunar/samples/atlas/detail/?mission=Apollo%2016&sample=61180,41f97724b4cf4feabd9422c6682de90180454c7fc2b835daaf3882b3c2f6e158,2026-10-04T09:15:10.840006+00:00,downloaded,"Lunar Sample Compendium, 61181.pdf",https://www.lpi.usra.edu/lunar/samples/atlas/compendium/61181.pdf,compendium,
61181,Apollo 16,https://www.lpi.usra.edu/lunar/samples/atlas/detail/?mission=Apollo%2016&sample=61181,b8fef4c6a47f76c1dfe021ed9223d9f1efe9937820981eeaf1147104f0411f24,2026-10-04T09:15:11.612373+00:00,downloaded_no_pdf,,,,
61182,Apollo 16,https://www.lpi.usra.edu/lunar/samples/atlas/detail/?mission=Apollo%2016&sample=61182,3160b032c592120f1f178398f25fe3d9bae1f8ab11c0e4e0c58c1980404451d6,2026-10-04T09:15:12.396212+00:00,downloaded_no_pdf,,,,
61183,Apollo 16,https://www.lpi.usra.edu/lunar/samples/atlas/detail/?mission=Apollo%2016&sample=61183,22c8359d679e8460480a5b3383b640a315887ed958a45d74abc163209b9c2097,2026-10-04T09:15:13.173518+00:00,downloaded_no_pdf,,,,
61184,Apollo 16,https://www.lpi.usra.edu/lunar/samples/atlas/detail/?mission=Apollo%2016&sample=61184,827353c46c44e9de53b4991b97fdbe03d38b9971631c57c483fa3ac750ba6826,2026-10-04T09:15:13.832536+00:00,downloaded_no_pdf,,,,
61190,Apollo 16,https://www.lpi.usra.edu/lunar/samples/atlas/detail/?mission=Apollo%2016&sample=61190,c0e10ed0f6f413c494b8b8d90bc1ad7d670a224221f0297f3e5ebd52e0ac6c2f,2026-10-04T09:15:14.479958+00:00,downloaded_no_pdf,,,,
61195,Apollo 16,https://www.lpi.usra.edu/lunar/samples/atlas/detail/?mission=Apollo%2016&sample=61195,dffc607e259785ea90e579785ed628f0c2f69ef6bfd59e8f9f6576492f7f2dbb,2026-10-04T09:15:15.252800+00:00,downloaded,"Lunar Sample Compendium, 61195.pdf",https://www.lpi.usra.edu/lunar/samples/atlas/compendium/61195.pdf,compendium,
61220,Apollo 16,https://www.lpi.usra.edu/lunar/samples/atlas/detail/?mission=Apollo%2016&sample=61220,c2dbe5c0d866c77128e362ed432a033c6c37291a128ea2883dfd3ba84d41f84f,2026-10-04T09:15:16.066370+00:00,downloaded,"Lunar Sample Compendium, 61221.pdf",https://www.lpi.usra.edu/lunar/samples/atlas/compendium/61221.pdf,compendium,
61221,Apollo 16,https://www.lpi.usra.edu/lunar/samples/atlas/detail/?mission=Apollo%2016&sample=61221,8de474b134fab78db7b4b7b6afbcd3d0361310fa761ab12dbeb4c6a3f9a776ad,2026-10-04T09:15:16.840574+00:00,downloaded_no_pdf,,,,
61222,Apollo 16,https://www.lpi.usra.edu/lunar/samples/atlas/detail/?mission=Apollo%2016&sample=61222,aa5a1ef14b116aaaa62ccb3966eddf4dafa8b0d4b10619b710ca7e2a7cbbbc62,2026-10-04T09:15:17.509387+00:00,downloaded_no_pdf,,,,
61223,Apollo 16,https://www.lpi.usra.edu/lunar/samples/atlas/detail/?mission=Apollo%2016&sample=61223,c40720100943bd9a6e537c171ceef756b708c708e413f00c953bf91b79a2cfcd,2026-10-04T09:15:18.296840+00:00,downloaded_no_pdf,,,,
61224,Apollo 16,https://www.lpi.usra.edu/lunar/samples/atlas/detail/?mission=Apollo%2016&sample=61224,5e834c1f076e20d8d24e9da6db94fd0065996d705232f2a21235fe85cc750bf2,2026-10-04T09:15:18.952791+00:00,downloaded,"Lunar Sample Compendium, 61224.pdf",https://www.lpi.usra.edu/lunar/samples/atlas/compendium/61224.pdf,compendium,
61225,Apollo 16,https://www.lpi.usra.edu/lunar/samples/atlas/detail/?mission=Apollo%2016&sample=61225,cb908bf554009979afca139f25a07e094ff6fec0cb2444e3bc6f151e521cf828,2026-10-04T09:15:19.774088+00:00,downloaded,"Lunar Sample Compendium, 61225.pdf",https://www.lpi.usra.edu/lunar/samples/atlas/compendium/61225.pdf,compendium,
61226,Apollo 16,https://www.lpi.usra.edu/lunar/samples/atlas/detail/?mission=Apollo%2016&sample=61226,c36718259a0bbd656949b608fea67ea19847021644d87c0767e82551c66c9bbc,2026-10-04T09:15:20.431441+00:00,downloaded_no_pdf,,,,
61240,Apollo 16,https://www.lpi.usra.edu/lunar/samples/atlas/detail/?mission=Apollo%2016&sample=61240,773691c9ed028e685592792ecc1e1c6588b9fcde9011123019ddfa57bd77ead9,2026-10-04T09:15:21.225737+00:00,downloaded,"Lunar Sample Compendium, 61221.pdf",https://www.lpi.usra.edu/lunar/samples/atlas/compendium/61221.pdf,compendium,
61241,Apollo 16,https://www.lpi.usra.edu/lunar/samples/atlas/detail/?mission=Apollo%2016&sample=61241,5fbc35e815ea4a1c81f6a97740867c84165c993a68042558276294f3cd2e9a9a,2026-10-04T09:15:21.873737+00:00,downloaded_no_pdf,,,,
61242,Apollo 16,https://www.lpi.usra.edu/lunar/samples/atlas/detail/?mission=Apollo%2016&sample=61242,f47fb24c96e4ca8f60c167b3c883b1b8715b42a599c5d22f2c3b366b313b9f58,2026-10-04T09:15:22.532865+00:00,downloaded_no_pdf,,,,
61243,Apollo 16,https://www.lpi.usra.edu/lunar/samples/atlas/detail/?mission=Apollo%2016&sample=61243,19d0d2cfbade3b6e39ea38967b1a6463bd7846d9ff75943d4e75912719b5b6ad,2026-10-04T09:15:23.327224+00:00,downloaded_no_pdf,,,,
61244,Apollo 16,https://www.lpi.usra.edu/lunar/samples/atlas/detail/?mission=Apollo%2016&sample=61244,9f5f40039e62c9bd2c37e2a83020a1788e4b8b74b36850255528df25ce48567f,2026-10-04T09:15:24.107021+00:00,downloaded_no_pdf,,,,
61245,Apollo 16,https://www.lpi.usra.edu/lunar/samples/atlas/detail/?mission=Apollo%2016&sample=61245,177a98ee94f9d0c39612418cf45971f1336f00ad5fd3c7012787290633b346ff,2026-10-04T09:15:24.759238+00:00,downloaded_no_pdf,,,,
61246,Apollo 16,https://www.lpi.usra.edu/lunar/samples/atlas/detail/?mission=Apollo%2016&sample=61246,affed8d0d42b7a0483884d955f199f7d9ee7a04b5ef110501593a151aabf3585,2026-10-04T09:15:25.411456+00:00,downloaded_no_pdf,,,,
61247,Apollo 16,https://www.lpi.usra.edu/lunar/samples/atlas/detail/?mission=Apollo%2016&sample=61247,537c98b80dbbfbc0980385cbcf3a3d880f0818b257e5fc9cd36564eb6025abca,2026-10-04T09:15:26.197029+00:00,downloaded_no_pdf,,,,
61248,Apollo 16,https://www.lpi.usra.edu/lunar/samples/atlas/detail/?mission=Apollo%2016&sample=61248,434b64f3b57fb8fde3c3b101e57c2fda0a1505fdcaec4f7026ee152385cbeb3a,2026-10-04T09:15:26.978733+00:00,downloaded_no_pdf,,,,
61249,Apollo 16,https://www.lpi.usra.edu/lunar/samples/atlas/detail/?mission=Apollo%2016&sample=61249,2953a96ecae61985ec3518f246a8f40538d05773335af00441d2fb6db43c6ceb,2026-10-04T09:15:27.783527+00:00,downloaded_no_pdf,,,,
61255,Apollo 16,https://www.lpi.usra.edu/lunar/samples/atlas/detail/?mission=Apollo%2016&sample=61255,3ca7f5e5e40d9fe7b71323c2483242b7889131c6178094a2d752cc5de13e4db6,2026-10-04T09:15:28.456965+00:00,downloaded_no_pdf,,,,
61280,Apollo 16,https://www.lpi.usra.edu/lunar/samples/atlas/detail/?mission=Apollo%2016&sample=61280,986a34849b32aff229782c3651a0c0e5cda61c85cfdb06087b8fc66611f63a81,2026-10-04T09:15:29.245949+00:00,downloaded_no_pdf,,,,
61281,Apollo 16,https://www.lpi.usra.edu/lunar/samples/atlas/detail/?mission=Apollo%2016&sample=61281,a9ddcfc1c6f2f2063f2cc7192b2fc411602406f3f7293f19b20e47ac137e39f7,2026-10-04T09:15:29.899548+00:00,downloaded,"Lunar Sample Compendium, 61281.pdf",https://www.lpi.usra.edu/lunar/samples/atlas/compendium/61281.pdf,compendium,
61282,Apollo 16,https://www.lpi.usra.edu/lunar/samples/atlas/detail/?mission=Apollo%2016&sample=61282,db7e1c6b5a3cf989f724e8ba0d9e6c2a140d2873f1ec79221ae55cd543f795c4,2026-10-04T09:15:30.553431+00:00,downloaded_no_pdf,,,,
61283,Apollo 16,https://www.lpi.usra.edu/lunar/samples/atlas/detail/?mission=Apollo%2016&sample=61283,c44c32f0c804f98c3a0d8ce3269cf1c32f94ee8b26a4461fa665ee0368bec28e,2026-10-04T09:15:31.341371+00:00,downloaded_no_pdf,,,,
61284,Apollo 16,https://www.lpi.usra.edu/lunar/samples/atlas/detail/?mission=Apollo%2016&sample=61284,669182c93795f4efecd01ecf923527423313d3a6a6649628ac57c281c97aeabb,2026-10-04T09:15:31.987971+00:00,downloaded_no_pdf,,,,
61290,Apollo 16,https://www.lpi.usra.edu/lunar/samples/atlas/detail/?mission=Apollo%2016&sample=61290,d2651bfd90409b8fb42477934762c420bac8a1c8808ceb5e13e38953e364a256,2026-10-04T09:15:32.640441+00:00,downloaded_no_pdf,,,,
61295,Apollo 16,https://www.lpi.usra.edu/lunar/samples/atlas/detail/?mission=Apollo%2016&sample=61295,5969451d373da21706841573188e1fb1b42729d1a97fe18db2686c283914cb65,2026-10-04T09:15:33.320214+00:00,downloaded,"Lunar Sample Compendium, 61295.pdf",https://www.lpi.usra.edu/lunar/samples/atlas/compendium/61295.pdf,compendium,
61500,Apollo 16,https://www.lpi.usra.edu/lunar/samples/atlas/detail/?mission=Apollo%2016&sample=61500,aadaccc7fe5527a92fbd62ede45d349635b1a4c596321d6ba3d982cf9ef3d92a,2026-10-04T09:15:34.148936+00:00,downloaded,"Lunar Sample Compendium, 61500.pdf",https://www.lpi.usra.edu/lunar/samples/atlas/compendium/61500.pdf,compendium,
61501,Apollo 16,https://www.lpi.usra.edu/lunar/samples/atlas/detail/?mission=Apollo%2016&sample=61501,88ae29db8045bcdf29de3ad390c773918b3a2c7ed177350973757301b5f0de12,2026-10-04T09:15:34.937324+00:00,downloaded_no_pdf,,,,
61502,Apollo 16,https://www.lpi.usra.edu/lunar/samples/atlas/detail/?mission=Apollo%2016&sample=61502,0df0622767078b521a56356dea1b276985525176a3e31996e2ff882e6205bc15,2026-10-04T09:15:35.589887+00:00,downloaded_no_pdf,,,,
61503,Apollo 16,https://www.lpi.usra.edu/lunar/samples/atlas/detail/?mission=Apollo%2016&sample=61503,3ad3e0cef65a9ca21ea9db778b76544e9d4cc58fd58fdaefe060ea2d148eab93,2026-10-04T09:15:36.238778+00:00,downloaded_no_pdf,,,,
61504,Apollo 16,https://www.lpi.usra.edu/lunar/samples/atlas/detail/?mission=Apollo%2016&sample=61504,5e5412d0abb05e339a92b319caf07d17de66f82d90cdb6caa737959dcb2ca4c0,2026-10-04T09:15:36.889934+00:00,downloaded_no_pdf,,,,
61505,Apollo 16,https://www.lpi.usra.edu/lunar/samples/atlas/detail/?mission=Apollo%2016&sample=61505,475ae85fa5759343cadf8409ba9753a9fa67aa1fd5a71b355f25184072cc1848,2026-10-04T09:15:37.676945+00:00,downloaded_no_pdf,,,,
61510,Apollo 16,https://www.lpi.usra.edu/lunar/samples/atlas/detail/?mission=Apollo%2016&sample=61510,fff0a413af5390b7bcc739eb2dfa1119135ceb692127b4a83afe2ff800832b47,2026-10-04T09:15:38.327154+00:00,downloaded,"Lunar Sample Compendium, 61500.pdf",https://www.lpi.usra.edu/lunar/samples/atlas/compendium/61500.pdf,compendium,
61515,Apollo 16,https://www.lpi.usra.edu/lunar/samples/atlas/detail/?mission=Apollo%2016&sample=61515,2a9a46004755752cbbb8b3644a0f0bed1115c718933935e2a6d75dbda4123f43,2026-10-04T09:15:39.100187+00:00,downloaded,"Lunar Sample Compendium, 61516.pdf",https://www.lpi.usra.edu/lunar/samples/atlas/compendium/61516.pdf,compendium,
61516,Apollo 16,https://www.lpi.usra.edu/lunar/samples/atlas/detail/?mission=Apollo%2016&sample=61516,82e00cdf67b86a8b0f33c22c1b24f304bbb81e2b134cc29046911cadc1f47e33,2026-10-04T09:15:39.873818+00:00,downloaded,"Lunar Sample Compendium, 61516.pdf",https://www.lpi.usra.edu/lunar/samples/atlas/compendium/61516.pdf,compendium,
61517,Apollo 16,https://www.lpi.usra.edu/lunar/samples/atlas/detail/?mission=Apollo%2016&sample=61517,3da604fc5a5889d8bbcbf88e23c3eff99ddf68b188c29363613394d4018d4d53,2026-10-04T09:15:40.527577+00:00,downloaded,"Lunar Sample Compendium, 61516.pdf",https://www.lpi.usra.edu/lunar/samples/atlas/compendium/61516.pdf,compendium,
61518,Apollo 16,https://www.lpi.usra.edu/lunar/samples/atlas/detail/?mission=Apollo%2016&sample=61518,c9ffa5b40f7f8667f4822382c696ab981a1fad6f13286a65c30d72510c5ac486,2026-10-04T09:15:41.316262+00:00,downloaded,"Lunar Sample Compendium, 61516.pdf",https://www.lpi.usra.edu/lunar/samples/atlas/compendium/61516.pdf,compendium,
61519,Apollo 16,https://www.lpi.usra.edu/lunar/samples/atlas/detail/?mission=Apollo%2016&sample=61519,2640c34592877e40781e1aba8a239cb16b9a544d78129f1ef3f45a4c7ed62762,2026-10-04T09:15:42.104391+00:00,downloaded,"Lunar Sample Compendium, 61516.pdf",https://www.lpi.usra.edu/lunar/samples/atlas/compendium/61516.pdf,compendium,
61525,Apollo 16,https://www.lpi.usra.edu/lunar/samples/atlas/detail/?mission=Apollo%2016&sample=61525,aeaf957b5ec7a2428397ed07746fce4e0bb37b5c4c59e6942c759d6e04d43224,2026-10-04T09:15:42.757958+00:00,downloaded,"Lunar Sample Compendium, 61525.pdf",https://www.lpi.usra.edu/lunar/samples/atlas/compendium/61525.pdf,compendium,
61526,Apollo 16,https://www.lpi.usra.edu/lunar/samples/atlas/detail/?mission=Apollo%2016&sample=61526,e0fbd041023a8a6417721fbb2530cd1e8bda63aa2837a64c72e98866e42d4d66,2026-10-04T09:15:43.444674+00:00,downloaded,"Lunar Sample Compendium, 61525.pdf",https://www.lpi.usra.edu/lunar/samples/atlas/compendium/61525.pdf,compendium,
61527,Apollo 16,https://www.lpi.usra.edu/lunar/samples/atlas/detail/?mission=Apollo%2016&sample=61527,f5a46e146d025e613710689d4d9c17c581a0c6e9be1e8b2a945b30413bbd4180,2026-10-04T09:15:44.110343+00:00,downloaded,"Lunar Sample Compendium, 61525.pdf",https://www.lpi.usra.edu/lunar/samples/atlas/compendium/61525.pdf,compendium,
61528,Apollo 16,https://www.lpi.usra.edu/lunar/samples/atlas/detail/?mission=Apollo%2016&sample=61528,c12a4eaadfd4f9afe0f3461ca2c99bf419462d2e1e399af57864e8f8e9adf351,2026-10-04T09:15:44.879055+00:00,downloaded,"Lunar Sample Compendium, 61525.pdf",https://www.lpi.usra.edu/lunar/samples/atlas/compendium/61525.pdf,compendium,
61529,Apollo 16,https://www.lpi.usra.edu/lunar/samples/atlas/detail/?mission=Apollo%2016&sample=61529,75a49e4e7523cdaa9b2c0a9ba854401a3f62dfb8fc880f1aa22ade5945dc408b,2026-10-04T09:15:45.531976+00:00,downloaded,"Lunar Sample Compendium, 61525.pdf",https://www.lpi.usra.edu/lunar/samples/atlas/compendium/61525.pdf,compendium,
61535,Apollo 16,https://www.lpi.usra.edu/lunar/samples/atlas/detail/?mission=Apollo%2016&sample=61535,f68eddeeec4ec50fa73ce4e9f38d5a002a20277535311039d8a932532db01f9d,2026-10-04T09:15:46.201044+00:00,downloaded_no_pdf,,,,
61536,Apollo 16,https://www.lpi.usra.edu/lunar/samples/atlas/detail/?mission=Apollo%2016&sample=61536,9943ad3c366a257f8ddc8753d3023cac9e6f8369ba236468d3a2146f5a284cdc,2026-10-04T09:15:46.985523+00:00,downloaded,"Lunar Sample Compendium, 61536.pdf",https://www.lpi.usra.edu/lunar/samples/atlas/compendium/61536.pdf,compendium,
61537,Apollo 16,https://www.lpi.usra.edu/lunar/samples/atlas/detail/?mission=Apollo%2016&sample=61537,dda43da9b5194eb974f80514df51a28492ff3f432c9fa6280c816e953e22d829,2026-10-04T09:15:47.806664+00:00,downloaded_no_pdf,,,,
61538,Apollo 16,https://www.lpi.usra.edu/lunar/samples/atlas/detail/?mission=Apollo%2016&sample=61538,d9895170ecb53d0888d47355a5140b9aa438b2ce478690b402fa4f4a9dda23c6,2026-10-04T09:15:48.457669+00:00,downloaded_no_pdf,,,,
61539,Apollo 16,https://www.lpi.usra.edu/lunar/samples/atlas/detail/?mission=Apollo%2016&sample=61539,7b1e7ec7049bc8dc42ba13535d4b1dca0be5d2f48646678664cf4a0da76f861c,2026-10-04T09:15:49.243395+00:00,downloaded_no_pdf,,,,
61545,Apollo 16,https://www.lpi.usra.edu/lunar/samples/atlas/detail/?mission=Apollo%2016&sample=61545,36fd55f5cc1df63aee149d7f6050b9aa3bfa6fba7424019118a2221f3b3dc17f,2026-10-04T09:15:50.036633+00:00,downloaded_no_pdf,,,,
61546,Apollo 16,https://www.lpi.usra.edu/lunar/samples/atlas/detail/?mission=Apollo%2016&sample=61546,660dac63f0a1b54306d729c2f1d3492278d267f318698fdf206f03ab4fbbfa47,2026-10-04T09:15:50.817995+00:00,downloaded,"Lunar Sample Compendium, 61546.pdf",https://www.lpi.usra.edu/lunar/samples/atlas/compendium/61546.pdf,compendium,
61547,Apollo 16,https://www.lpi.usra.edu/lunar/samples/atlas/detail/?mission=Apollo%2016&sample=61547,460fa1ff586cc84ee13f6d1d8f42c44378dbc51749e9d625bf480ec1460a2eb0,2026-10-04T09:15:51.516310+00:00,downloaded,"Lunar Sample Compendium, 61547.pdf",https://www.lpi.usra.edu/lunar/samples/atlas/compendium/61547.pdf,compendium,
61548,Apollo 16,https://www.lpi.usra.edu/lunar/samples/atlas/detail/?mission=Apollo%2016&sample=61548,dd75478069e68a751369741ae3a04fe4a19f7128514ce0b9cbaf33111df82973,2026-10-04T09:15:52.206246+00:00,downloaded,"Lunar Sample Compendium, 61547.pdf",https://www.lpi.usra.edu/lunar/samples/atlas/compendium/61547.pdf,compendium,
61549,Apollo 16,https://www.lpi.usra.edu/lunar/samples/atlas/detail/?mission=Apollo%2016&sample=61549,60111a8bb126eb8e6391150ca89ca2fefc3e613c78d36362538114de2f5675ec,2026-10-04T09:15:53.035427+00:00,downloaded,"Lunar Sample Compendium, 61549.pdf",https://www.lpi.usra.edu/lunar/samples/atlas/compendium/61549.pdf,compendium,
61555,Apollo 16,https://www.lpi.usra.edu/lunar/samples/atlas/detail/?mission=Apollo%2016&sample=61555,47ec2bf6b9ec9f08605851a3b5c8d117ce1e4185db01601765a36ea6bb949767,2026-10-04T09:15:53.685555+00:00,downloaded_no_pdf,,,,
61556,Apollo 16,https://www.lpi.usra.edu/lunar/samples/atlas/detail/?mission=Apollo%2016&sample=61556,7efafaefe846e41c5f57eb13a709001ca56d4ac4350bfe1b38f6c6f32bae55f5,2026-10-04T09:15:54.481697+00:00,downloaded_no_pdf,,,,
61557,Apollo 16,https://www.lpi.usra.edu/lunar/samples/atlas/detail/?mission=Apollo%2016&sample=61557,0046a28d7c8b2bfad29d60e433fd2de6bc3f3698400d99a6904bcb8b6fa74d9e,2026-10-04T09:15:55.293127+00:00,downloaded_no_pdf,,,,
61558,Apollo 16,https://www.lpi.usra.edu/lunar/samples/atlas/detail/?mission=Apollo%2016&sample=61558,5ef0bbc20d3c651e4a7293d5051a976b046b989c35f7e7b6feea0a48fa78c1d7,2026-10-04T09:15:56.086981+00:00,downloaded_no_pdf,,,,
61559,Apollo 16,https://www.lpi.usra.edu/lunar/samples/atlas/detail/?mission=Apollo%2016&sample=61559,f219d2af2dcbb8d080ca4de6d4dfd63a4ac29e81a4b5ab82eb5273d14fff5b52,2026-10-04T09:15:56.776800+00:00,downloaded_no_pdf,,,,
61565,Apollo 16,https://www.lpi.usra.edu/lunar/samples/atlas/detail/?mission=Apollo%2016&sample=61565,af3eda510371feefd88b54716470ebcd6a4aba965ab14a1c4e35661c058cfe90,2026-10-04T09:15:57.553609+00:00,downloaded_no_pdf,,,,
61566,Apollo 16,https://www.lpi.usra.edu/lunar/samples/atlas/detail/?mission=Apollo%2016&sample=61566,097f5932cfcc2f6b24c3779707556a5da17431f1a5e398ddf0480cc908879b30,2026-10-04T09:15:58.214862+00:00,downloaded_no_pdf,,,,
61567,Apollo 16,https://www.lpi.usra.edu/lunar/samples/atlas/detail/?mission=Apollo%2016&sample=61567,34d64768d2cac35fbd0718df6e1bc504565f9116fc5c8901e3eba94ecc8eca35,2026-10-04T09:15:58.864672+00:00,downloaded_no_pdf,,,,
61568,Apollo 16,https://www.lpi.usra.edu/lunar/samples/atlas/detail/?mission=Apollo%2016&sample=61568,8771560c021ac4fc5931cd0fe38e46ac981804181aea28327d44a28f0d270fc9,2026-10-04T09:15:59.687006+00:00,downloaded,"Lunar Sample Compendium, 61568.pdf",https://www.lpi.usra.edu/lunar/samples/atlas/compendium/61568.pdf,compendium,
61569,Apollo 16,https://www.lpi.usra.edu/lunar/samples/atlas/detail/?mission=Apollo%2016&sample=61569,d27a5c2afad58b32a764048025f21ad30ff61ef75f1a6cb3a78df6befd05ed64,2026-10-04T09:16:00.492105+00:00,downloaded,"Lunar Sample Compendium, 61569.pdf",https://www.lpi.usra.edu/lunar/samples/atlas/compendium/61569.pdf,compendium,
61575,Apollo 16,https://www.lpi.usra.edu/lunar/samples/atlas/detail/?mission=Apollo%2016&sample=61575,67dd57fdbec5667a998550317af4a12322190c2de86f248b721afa2673a1dbb2,2026-10-04T09:16:01.314036+00:00,downloaded_no_pdf,,,,
61576,Apollo 16,https://www.lpi.usra.edu/lunar/samples/atlas/detail/?mission=Apollo%2016&sample=61576,5730c9db82519ccc360599f94e54ac14808058c639b39a1c7abea8e7c272a1bd,2026-10-04T09:16:01.985250+00:00,downloaded_no_pdf,,,,
61577,Apollo 16,https://www.lpi.usra.edu/lunar/samples/atlas/detail/?mission=Apollo%2016&sample=61577,b36969e29c11979cd78abff6ef82a071828996e99a253ad6ff514189dc0b9d43,2026-10-04T09:16:02.664312+00:00,downloaded_no_pdf,,,,
62230,Apollo 16,https://www.lpi.usra.edu/lunar/samples/atlas/detail/?mission=Apollo%2016&sample=62230,bfcd1a5ad519d6a32b21ce80afbd3a37eb59b05a65a71a70221c266790f84b80,2026-10-04T09:16:03.327240+00:00,downloaded_no_pdf,,,,
62231,Apollo 16,https://www.lpi.usra.edu/lunar/samples/atlas/detail/?mission=Apollo%2016&sample=62231,d5e15815b55d8a7002a91801c5d9004acae3eec48132e95bfb828abaeeb5d0aa,2026-10-04T09:16:04.101944+00:00,downloaded,"Lunar Sample Compendium, 62231.pdf",https://www.lpi.usra.edu/lunar/samples/atlas/compendium/62231.pdf,compendium,
62232,Apollo 16,https://www.lpi.usra.edu/lunar/samples/atlas/detail/?mission=Apollo%2016&sample=62232,e5f1c06cd9b95fba888517e2b0dcce270fb747a995091a368a6ed47ed0eb6258,2026-10-04T09:16:04.756923+00:00,downloaded_no_pdf,,,,
62233,Apollo 16,https://www.lpi.usra.edu/lunar/samples/atlas/detail/?mission=Apollo%2016&sample=62233,678aaa990df3e02ed75f4b0fa6702657d9c96ea72617b2b062b3516245e24fc4,2026-10-04T09:16:05.537515+00:00,downloaded_no_pdf,,,,
62234,Apollo 16,https://www.lpi.usra.edu/lunar/samples/atlas/detail/?mission=Apollo%2016&sample=62234,97b0f2caeb5dc4398d37c5115d6de60a5ea76cb30ed6739be55a08ffc234e043,2026-10-04T09:16:06.186760+00:00,downloaded_no_pdf,,,,
62235,Apollo 16,https://www.lpi.usra.edu/lunar/samples/atlas/detail/?mission=Apollo%2016&sample=62235,489157d9a58ef620715416c2d5ebe02c850bceee9a873bc397a03fa329344065,2026-10-04T09:16:06.833358+00:00,downloaded,"Lunar Sample Compendium, 62235.pdf",https://www.lpi.usra.edu/lunar/samples/atlas/compendium/62235.pdf,compendium,
62236,Apollo 16,https://www.lpi.usra.edu/lunar/samples/atlas/detail/?mission=Apollo%2016&sample=62236,a1732ff6986bb43863906504413d5234823c25d132dcdfdac2a6ea1f14130c96,2026-10-04T09:16:07.650599+00:00,downloaded,"Lunar Sample Compendium, 62236.pdf",https://www.lpi.usra.edu/lunar/samples/atlas/compendium/62236.pdf,compendium,
62236,Apollo 16,https://www.lpi.usra.edu/lunar/samples/atlas/detail/?mission=Apollo%2016&sample=62236,a1732ff6986bb43863906504413d5234823c25d132dcdfdac2a6ea1f14130c96,2026-10-04T09:16:07.650599+00:00,downloaded,Lunar Sample Catalog 62236 Description,http://curator.jsc.nasa.gov/lunar/catalogs/apollo16/part1/62236.pdf,catalog,
62237,Apollo 16,https://www.lpi.usra.edu/lunar/samples/atlas/detail/?mission=Apollo%2016&sample=62237,b3e0c0de5b82ca37a61ce9142471451ea49c2449a2df7cd0affbfc2722ced07f,2026-10-04T09:16:08.301269+00:00,downloaded,"Lunar Sample Compendium, 62237.pdf",https://www.lpi.usra.edu/lunar/samples/atlas/compendium/62237.pdf,compendium,
62237,Apollo 16,https://www.lpi.usra.edu/lunar/samples/atlas/detail/?mission=Apollo%2016&sample=62237,b3e0c0de5b82ca37a61ce9142471451ea49c2449a2df7cd0affbfc2722ced07f,2026-10-04T09:16:08.301269+00:00,downloaded,Lunar Sample Catalog 62237 Description,http://curator.jsc.nasa.gov/lunar/catalogs/apollo16/part1/62237.pdf,catalog,
62238,Apollo 16,https://www.lpi.usra.edu/lunar/samples/atlas/detail/?mission=Apollo%2016&sample=62238,ed5da7b2447db958a1e0df6ff9edfd6a5227235601f8c829a27f7fe6b6110181,2026-10-04T09:16:08.991335+00:00,downloaded_no_pdf,,,,
62240,Apollo 16,https://www.lpi.usra.edu/lunar/samples/atlas/detail/?mission=Apollo%2016&sample=62240,6fffaaad5f4cda45793a733678c157710a308b973a3f315096d7bf5cb06f0009,2026-10-04T09:16:09.641382+00:00,downloaded_no_pdf,,,,
62241,Apollo 16,https://www.lpi.usra.edu/lunar/samples/atlas/detail/?mission=Apollo%2016&sample=62241,e5fae3203ae5a693f7ee7bcd4f9bec6b8d00b1c4e91dfde18e6b4ec5bb34e99e,2026-10-04T09:16:10.443960+00:00,downloaded,"Lunar Sample Compendium, 62231.pdf",https://www.lpi.usra.edu/lunar/samples/atlas/compendium/62231.pdf,compendium,
62242,Apollo 16,https://www.lpi.usra.edu/lunar/samples/atlas/detail/?mission=Apollo%2016&sample=62242,91927458009b02b7ad351d6d899ac736bf3a710f24b73715098e81e4059df35b,2026-10-04T09:16:11.097447+00:00,downloaded_no_pdf,,,,
62243,Apollo 16,https://www.lpi.usra.edu/lunar/samples/atlas/detail/?mission=Apollo%2016&sample=62243,6f40f1c702abe7a331ccc67ca6c229a2e92077e75f7b655487df2d2f4e0500e8,2026-10-04T09:16:11.752188+00:00,downloaded_no_pdf,,,,
62244,Apollo 16,https://www.lpi.usra.edu/lunar/samples/atlas/detail/?mission=Apollo%2016&sample=62244,fae8fb209d7768b54bc2600fed4497491c09dee6cf2c7cfc61827b12d7cf427a,2026-10-04T09:16:12.401653+00:00,downloaded_no_pdf,,,,
62245,Apollo 16,https://www.lpi.usra.edu/lunar/samples/atlas/detail/?mission=Apollo%2016&sample=62245,5d31b4d894103eaf33cbda20da7d029589bb980b569440fe0c2448d82cc4955f,2026-10-04T09:16:13.186680+00:00,downloaded_no_pdf,,,,
62246,Apollo 16,https://www.lpi.usra.edu/lunar/samples/atlas/detail/?mission=Apollo%2016&sample=62246,9f0a0e5ba3e597c7bf97348033920114873f171aebfaa641eb8b044f745fff04,2026-10-04T09:16:13.981896+00:00,downloaded_no_pdf,,,,
62247,Apollo 16,https://www.lpi.usra.edu/lunar/samples/atlas/detail/?mission=Apollo%2016&sample=62247,4596ce9496bc568c2c8fd0678fd4b5b7d89f035a41d4fa10576b9177918385cc,2026-10-04T09:16:14.629301+00:00,downloaded_no_pdf,,,,
62248,Apollo 16,https://www.lpi.usra.edu/lunar/samples/atlas/detail/?mission=Apollo%2016&sample=62248,0d5188b5c5395a90347d077f569fd21dcccb96a55eebc8650349c4a6713fedf5,2026-10-04T09:16:15.415483+00:00,downloaded_no_pdf,,,,
62249,Apollo 16,https://www.lpi.usra.edu/lunar/samples/atlas/detail/?mission=Apollo%2016&sample=62249,e7f3b32c6df9a4b2c768ab135c2511a65d06a45cec44f3290921196152c22803,2026-10-04T09:16:16.069189+00:00,downloaded_no_pdf,,,,
62250,Apollo 16,https://www.lpi.usra.edu/lunar/samples/atlas/detail/?mission=Apollo%2016&sample=62250,efa5e298395ce9afaff816088dd8d439d7ea9a464dc701634528eeb28db1fa70,2026-10-04T09:16:16.717786+00:00,downloaded_no_pdf,,,,
62255,Apollo 16,https://www.lpi.usra.edu/lunar/samples/atlas/detail/?mission=Apollo%2016&sample=62255,1eb449286a62e0d936f85123e48824e437c83efc6108d5d7ed7dda9fcdb40567,2026-10-04T09:16:17.507414+00:00,downloaded,"Lunar Sample Compendium, 62255.pdf",https://www.lpi.usra.edu/lunar/samples/atlas/compendium/62255.pdf,compendium,
62255,Apollo 16,https://www.lpi.usra.edu/lunar/samples/atlas/detail/?mission=Apollo%2016&sample=62255,1eb449286a62e0d936f85123e48824e437c83efc6108d5d7ed7dda9fcdb40567,2026-10-04T09:16:17.507414+00:00,downloaded,Lunar Sample Catalog 62255 Description,http://curator.jsc.nasa.gov/lunar/catalogs/apollo16/part1/62255.pdf,catalog,
62270,Apollo 16,https://www.lpi.usra.edu/lunar/samples/atlas/detail/?mission=Apollo%2016&sample=62270,6cacf0d9253aa4bc00a3a8bfc845ae7d0a1676e66e0be03618972ea01612198f,2026-10-04T09:16:18.199051+00:00,downloaded_no_pdf,,,,
62275,Apollo 16,https://www.lpi.usra.edu/lunar/samples/atlas/detail/?mission=Apollo%2016&sample=62275,fadf04a48af1d9dd495726c36345e34f763edaf12888627e4ee7899222c751db,2026-10-04T09:16:18.843946+00:00,downloaded,"Lunar Sample Compendium, 62275.pdf",https://www.lpi.usra.edu/lunar/samples/atlas/compendium/62275.pdf,compendium,
62275,Apollo 16,https://www.lpi.usra.edu/lunar/samples/atlas/detail/?mission=Apollo%2016&sample=62275,fadf04a48af1d9dd495726c36345e34f763edaf12888627e4ee7899222c751db,2026-10-04T09:16:18.843946+00:00,downloaded,Lunar Sample Catalog 62275 Description,http://curator.jsc.nasa.gov/lunar/catalogs/apollo16/part1/62275.pdf,catalog,
62280,Apollo 16,https://www.lpi.usra.edu/lunar/samples/atlas/detail/?mission=Apollo%2016&sample=62280,054cdc7414e0a54310f51cc09dbaf7c2b22187358947fd2f67bb972ece78bc30,2026-10-04T09:16:19.670846+00:00,downloaded_no_pdf,,,,
62281,Apollo 16,https://www.lpi.usra.edu/lunar/samples/atlas/detail/?mission=Apollo%2016&sample=62281,7c8c953243b2deb024a8638d527ed50129cb105358802bdd2b5768666de23c36,2026-10-04T09:16:20.317742+00:00,downloaded,"Lunar Sample Compendium, 62281.pdf",https://www.lpi.usra.edu/lunar/samples/atlas/compendium/62281.pdf,compendium,
62282,Apollo 16,https://www.lpi.usra.edu/lunar/samples/atlas/detail/?mission=Apollo%2016&sample=62282,a81d97f8f9d8f5eef9b5c30a90572262b2c59c4cf818ef810008c66bb6a9a9db,2026-10-04T09:16:21.110552+00:00,downloaded_no_pdf,,,,
62283,Apollo 16,https://www.lpi.usra.edu/lunar/samples/atlas/detail/?mission=Apollo%2016&sample=62283,8866b65b6ea1afc18bea29e4eddc03745d3502b9557fe12b55f24b641a9258e0,2026-10-04T09:16:21.884538+00:00,downloaded_no_pdf,,,,
62284,Apollo 16,https://www.lpi.usra.edu/lunar/samples/atlas/detail/?mission=Apollo%2016&sample=62284,3110a0bec42ca3835ce489b33e7289609c97d89e77a3cef8ce8fbdd4324b5a71,2026-10-04T09:16:22.662020+00:00,downloaded_no_pdf,,,,
62285,Apollo 16,https://www.lpi.usra.edu/lunar/samples/atlas/detail/?mission=Apollo%2016&sample=62285,c95389e76f7fa52cb7fbd4c1870261d54e8bccc7da8dfa10e95982a815cccc11,2026-10-04T09:16:23.331871+00:00,downloaded_no_pdf,,,,
62286,Apollo 16,https://www.lpi.usra.edu/lunar/samples/atlas/detail/?mission=Apollo%2016&sample=62286,92bd49b47a4fe95b670e7d88c83b28b26e1dab4830b35287bce06234a6d5b8d5,2026-10-04T09:16:24.001842+00:00,downloaded_no_pdf,,,,
62287,Apollo 16,https://www.lpi.usra.edu/lunar/samples/atlas/detail/?mission=Apollo%2016&sample=62287,9e4a3abfc3aa37e6c02caac2f10462c0ff1c6fc4ca037779c580bd79faef1fee,2026-10-04T09:16:24.655821+00:00,downloaded_no_pdf,,,,
62288,Apollo 16,https://www.lpi.usra.edu/lunar/samples/atlas/detail/?mission=Apollo%2016&sample=62288,f22b858e1c7413e377587ceee8047e1f4d7b2be4418586d1ab28466bbceb70a3,2026-10-04T09:16:25.303114+00:00,downloaded_no_pdf,,,,
62289,Apollo 16,https://www.lpi.usra.edu/lunar/samples/atlas/detail/?mission=Apollo%2016&sample=62289,e4c8d8f0f52bfad0042acfe74d4ef106490fd0345c79f3184e33510aeb90401d,2026-10-04T09:16:26.077612+00:00,downloaded_no_pdf,,,,
62290,Apollo 16,https://www.lpi.usra.edu/lunar/samples/atlas/detail/?mission=Apollo%2016&sample=62290,c3386878c99fcb4bc9d1ded07f64e1327d0b875469d63dc8b04b750962b1c35c,2026-10-04T09:16:26.872284+00:00,downloaded,"Lunar Sample Compendium, 62281.pdf",https://www.lpi.usra.edu/lunar/samples/atlas/compendium/62281.pdf,compendium,
62295,Apollo 16,https://www.lpi.usra.edu/lunar/samples/atlas/detail/?mission=Apollo%2016&sample=62295,ac8adb089b5aa1918ceffd537468a5631f8c16cf13dee65ec8d96f953866700d,2026-10-04T09:16:27.648058+00:00,downloaded,"Lunar Sample Compendium, 62295.pdf",https://www.lpi.usra.edu/lunar/samples/atlas/compendium/62295.pdf,compendium,
62305,Apollo 16,https://www.lpi.usra.edu/lunar/samples/atlas/detail/?mission=Apollo%2016&sample=62305,d6100070681922e9002bcfb5ede39dfe706600918ee34d1314215956ba5afaac,2026-10-04T09:16:28.403037+00:00,downloaded_no_pdf,,,,
62315,Apollo 16,https://www.lpi.usra.edu/lunar/samples/atlas/detail/?mission=Apollo%2016&sample=62315,b0c7cf07bceab5bdca772591fe9f04ae055d6cc0f872d6502ef449bd936f36e4,2026-10-04T09:16:29.055221+00:00,downloaded_no_pdf,,,,
62566,Apollo 16,https://www.lpi.usra.edu/lunar/samples/atlas/detail/?mission=Apollo%2016&sample=62566,a865952c5846e31b102e62b5aa1830ee47b019fc1893990a64415cd8dc6fa305,2026-10-04T09:16:29.857147+00:00,downloaded_no_pdf,,,,
62567,Apollo 16,https://www.lpi.usra.edu/lunar/samples/atlas/detail/?mission=Apollo%2016&sample=62567,2492c558d6e1e011448b5fa082b25475fc9bd53a9846cd447df97b083dc0ed67,2026-10-04T09:16:30.511649+00:00,downloaded_no_pdf,,,,
63235,Apollo 16,https://www.lpi.usra.edu/lunar/samples/atlas/detail/?mission=Apollo%2016&sample=63235,a7f79e48b53edcdb8144615c3b6b5ed4fa8f849911d818a1a0b78500df27164f,2026-10-04T09:16:31.168980+00:00,downloaded_no_pdf,,,,
63320,Apollo 16,https://www.lpi.usra.edu/lunar/samples/atlas/detail/?mission=Apollo%2016&sample=63320,756abb16b393af963da8db576482afd4d2441012c0d1070bf09e4947454614eb,2026-10-04T09:16:31.857035+00:00,downloaded,"Lunar Sample Compendium, 63320.pdf",https://www.lpi.usra.edu/lunar/samples/atlas/compendium/63320.pdf,compendium,
63321,Apollo 16,https://www.lpi.usra.edu/lunar/samples/atlas/detail/?mission=Apollo%2016&sample=63321,c9bd8f59d2d60b8e2db00583ae07cc4c224b19a0cd79019e0cce5f895d48a4f1,2026-10-04T09:16:32.506925+00:00,downloaded_no_pdf,,,,
63322,Apollo 16,https://www.lpi.usra.edu/lunar/samples/atlas/detail/?mission=Apollo%2016&sample=63322,eeb2a610684bf400c220f18ce9938d840cf127523c9eb373a2d7b4c1e2afaba0,2026-10-04T09:16:33.285739+00:00,downloaded_no_pdf,,,,
63323,Apollo 16,https://www.lpi.usra.edu/lunar/samples/atlas/detail/?mission=Apollo%2016&sample=63323,d2204c6385f7ab8e1192a630197af8c522cc271948a0e1af167dde2ea7c47a35,2026-10-04T09:16:34.071898+00:00,downloaded_no_pdf,,,,
63324,Apollo 16,https://www.lpi.usra.edu/lunar/samples/atlas/detail/?mission=Apollo%2016&sample=63324,e483d4c67a0a4e1423534b8ea9236b050aef59089ed110d6b8d2eb1981308562,2026-10-04T09:16:34.727809+00:00,downloaded_no_pdf,,,,
63335,Apollo 16,https://www.lpi.usra.edu/lunar/samples/atlas/detail/?mission=Apollo%2016&sample=63335,49240bbe9df08338fd10af3a726519ebff2298f886c9d28a5054b1d83d18eb43,2026-10-04T09:16:35.379834+00:00,downloaded,"Lunar Sample Compendium, 63335.pdf",https://www.lpi.usra.edu/lunar/samples/atlas/compendium/63335.pdf,compendium,
63340,Apollo 16,https://www.lpi.usra.edu/lunar/samples/atlas/detail/?mission=Apollo%2016&sample=63340,10d37ff9199bd812744d853e91b231ff4ceb60e399756816fec50320806135c1,2026-10-04T09:16:36.070107+00:00,downloaded,"Lunar Sample Compendium, 63320.pdf",https://www.lpi.usra.edu/lunar/samples/atlas/compendium/63320.pdf,compendium,
63341,Apollo 16,https://www.lpi.usra.edu/lunar/samples/atlas/detail/?mission=Apollo%2016&sample=63341,c79c0d8e11db447e98cb06c317a584b5a551d534874ba2a870d5f0a77e56f0ba,2026-10-04T09:16:36.846863+00:00,downloaded_no_pdf,,,,
63342,Apollo 16,https://www.lpi.usra.edu/lunar/samples/atlas/detail/?mission=Apollo%2016&sample=63342,e49d9b8ba071d6dce1ccf0ddd4c4cf78e9180cbbaa3dd6b01eff62bb19e90653,2026-10-04T09:16:37.623209+00:00,downloaded_no_pdf,,,,
63343,Apollo 16,https://www.lpi.usra.edu/lunar/samples/atlas/detail/?mission=Apollo%2016&sample=63343,0dd59434f635a61b5cbfa6b41a29fbba7b6a19b75ea0bba03c00712386d0e7d4,2026-10-04T09:16:38.395303+00:00,downloaded_no_pdf,,,,
63344,Apollo 16,https://www.lpi.usra.edu/lunar/samples/atlas/detail/?mission=Apollo%2016&sample=63344,08c90ef6aec95e93196d1d5739b527830e12348189133896e510eb4c8768bcc1,2026-10-04T09:16:39.052865+00:00,downloaded_no_pdf,,,,
63355,Apollo 16,https://www.lpi.usra.edu/lunar/samples/atlas/detail/?mission=Apollo%2016&sample=63355,a3aefe7b1c4d91b206300402715bc09ef9de976abcd52eda9b8be9001ad968fc,2026-10-04T09:16:39.699442+00:00,downloaded,"Lunar Sample Compendium, 63355.pdf",https://www.lpi.usra.edu/lunar/samples/atlas/compendium/63355.pdf,compendium,
63500,Apollo 16,https://www.lpi.usra.edu/lunar/samples/atlas/detail/?mission=Apollo%2016&sample=63500,1adaa7315d9395d72df50e13bd7c192d34d6fbec0a30fe3acd3d64aec1ba6acb,2026-10-04T09:16:40.358432+00:00,downloaded,"Lunar Sample Compendium, 63501.pdf",https://www.lpi.usra.edu/lunar/samples/atlas/compendium/63501.pdf,compendium,
63501,Apollo 16,https://www.lpi.usra.edu/lunar/samples/atlas/detail/?mission=Apollo%2016&sample=63501,8c930b3ff9dc6a4911ac425abbc254c66e4c217a48a895d520ebbb33c28243c8,2026-10-04T09:16:41.133662+00:00,downloaded_no_pdf,,,,
63502,Apollo 16,https://www.lpi.usra.edu/lunar/samples/atlas/detail/?mission=Apollo%2016&sample=63502,6587705953441d6433f0e1831c645564c464fafdd6d6d0e2bca00ac7e412cb63,2026-10-04T09:16:41.919457+00:00,downloaded_no_pdf,,,,
63503,Apollo 16,https://www.lpi.usra.edu/lunar/samples/atlas/detail/?mission=Apollo%2016&sample=63503,a37585b5f30add034c1744f3626972e919485cbaf824624dae30dc5aa08715ee,2026-10-04T09:16:42.564668+00:00,downloaded_no_pdf,,,,
63504,Apollo 16,https://www.lpi.usra.edu/lunar/samples/atlas/detail/?mission=Apollo%2016&sample=63504,4a8981d0288f067c14a2b383ba1b89783a846d416c2ac6847c1135ad139099f8,2026-10-04T09:16:43.230887+00:00,downloaded_no_pdf,,,,
63505,Apollo 16,https://www.lpi.usra.edu/lunar/samples/atlas/detail/?mission=Apollo%2016&sample=63505,4be67ecbe6ffbd39edd64e5a351fa71da3f99a369018a4a54a97bd88a2d9f9c9,2026-10-04T09:16:43.890275+00:00,downloaded_no_pdf,,,,
63506,Apollo 16,https://www.lpi.usra.edu/lunar/samples/atlas/detail/?mission=Apollo%2016&sample=63506,b5d0cee84388412221660a73a56fe2c715ae9e0580f102cc766989ea6e226c9b,2026-10-04T09:16:44.558342+00:00,downloaded,"Lunar Sample Compendium, 63506.pdf",https://www.lpi.usra.edu/lunar/samples/atlas/compendium/63506.pdf,compendium,
63507,Apollo 16,https://www.lpi.usra.edu/lunar/samples/atlas/detail/?mission=Apollo%2016&sample=63507,67fb4a04146c5548aac8518bb1160e1834c305c8c7c5d1bf89123a4be3d307f2,2026-10-04T09:16:45.236381+00:00,downloaded,"Lunar Sample Compendium, 63507.pdf",https://www.lpi.usra.edu/lunar/samples/atlas/compendium/63507.pdf,compendium,
63508,Apollo 16,https://www.lpi.usra.edu/lunar/samples/atlas/detail/?mission=Apollo%2016&sample=63508,829f295b976ae9ac7711c8fc223271926443e9eafb056002003978c77da6566e,2026-10-04T09:16:46.015514+00:00,downloaded_no_pdf,,,,
63509,Apollo 16,https://www.lpi.usra.edu/lunar/samples/atlas/detail/?mission=Apollo%2016&sample=63509,11eec6a4d316e8ce2324894167970b1a73edb1454867be7449ef126ad2d66f5e,2026-10-04T09:16:46.789847+00:00,downloaded_no_pdf,,,,
63515,Apollo 16,https://www.lpi.usra.edu/lunar/samples/atlas/detail/?mission=Apollo%2016&sample=63515,7cbd0ae45961c723b4720d75bdebf9b4f10e99354916b1b00ef4744d8ccf545b,2026-10-04T09:16:47.594720+00:00,downloaded_no_pdf,,,,
63520,Apollo 16,https://www.lpi.usra.edu/lunar/samples/atlas/detail/?mission=Apollo%2016&sample=63520,b2b1699812585f4a5f7b4a1e3b1aa07d29fa6099b5a537d1d68cf517e07b64b6,2026-10-04T09:16:48.243745+00:00,downloaded,"Lunar Sample Compendium, 63501.pdf",https://www.lpi.usra.edu/lunar/samples/atlas/compendium/63501.pdf,compendium,
63521,Apollo 16,https://www.lpi.usra.edu/lunar/samples/atlas/detail/?mission=Apollo%2016&sample=63521,d4e4767a07e62bdbdce000ac1ca8051d0ed99d9efd634b7835200c24fbbc357b,2026-10-04T09:16:49.106398+00:00,downloaded_no_pdf,,,,
63522,Apollo 16,https://www.lpi.usra.edu/lunar/samples/atlas/detail/?mission=Apollo%2016&sample=63522,93d90eca2156b0c6eba2de0123ed428d4de4a47b485a426eb5f1e648e9d201e7,2026-10-04T09:16:49.773322+00:00,downloaded_no_pdf,,,,
63523,Apollo 16,https://www.lpi.usra.edu/lunar/samples/atlas/detail/?mission=Apollo%2016&sample=63523,378d365527c8c37a337534c7a9e1687f23bf976589ffe14c334b75bd54f46c2e,2026-10-04T09:16:50.552834+00:00,downloaded_no_pdf,,,,
63524,Apollo 16,https://www.lpi.usra.edu/lunar/samples/atlas/detail/?mission=Apollo%2016&sample=63524,1200f07999437e55dc7c64a6e5c21ac6d18b2788fad8f46ffb70f0155109839f,2026-10-04T09:16:51.213958+00:00,downloaded_no_pdf,,,,
63525,Apollo 16,https://www.lpi.usra.edu/lunar/samples/atlas/detail/?mission=Apollo%2016&sample=63525,4642efb9ad0ad673238d65c8b8c0ae7a888e3f05399a52f65bced76fa08c1663,2026-10-04T09:16:51.867374+00:00,downloaded,"Lunar Sample Compendium, 63525.pdf",https://www.lpi.usra.edu/lunar/samples/atlas/compendium/63525.pdf,compendium,
63526,Apollo 16,https://www.lpi.usra.edu/lunar/samples/atlas/detail/?mission=Apollo%2016&sample=63526,c99deb77886c2a5c37c3163fefd5f487cff113ef3ee160ce6212104912fe5af4,2026-10-04T09:16:52.515881+00:00,downloaded,"Lunar Sample Compendium, 63525.pdf",https://www.lpi.usra.edu/lunar/samples/atlas/compendium/63525.pdf,compendium,
63527,Apollo 16,https://www.lpi.usra.edu/lunar/samples/atlas/detail/?mission=Apollo%2016&sample=63527,36a8baa621289aedbd1851838c35b11a82bfda639ca8b7909504a03083aa62a4,2026-10-04T09:16:53.321242+00:00,downloaded_no_pdf,,,,
63528,Apollo 16,https://www.lpi.usra.edu/lunar/samples/atlas/detail/?mission=Apollo%2016&sample=63528,cb172ea4c55a284ac0c6848694d5d14ec7968411cde52513f2bf670a13e84678,2026-10-04T09:16:53.979625+00:00,downloaded,"Lunar Sample Compendium, 63525.pdf",https://www.lpi.usra.edu/lunar/samples/atlas/compendium/63525.pdf,compendium,
63529,Apollo 16,https://www.lpi.usra.edu/lunar/samples/atlas/detail/?mission=Apollo%2016&sample=63529,fa7e7eea2bf81980c800080ca5478e03c06593851f700f21a28f72baf094ab7f,2026-10-04T09:16:54.621495+00:00,downloaded,"Lunar Sample Compendium, 63529.pdf",https://www.lpi.usra.edu/lunar/samples/atlas/compendium/63529.pdf,compendium,
63530,Apollo 16,https://www.lpi.usra.edu/lunar/samples/atlas/detail/?mission=Apollo%2016&sample=63530,62dbda2c908bfdb93d10ab23bcd8660b027e254a105e27cc2d365d6116215260,2026-10-04T09:16:55.437196+00:00,downloaded_no_pdf,,,,
63531,Apollo 16,https://www.lpi.usra.edu/lunar/samples/atlas/detail/?mission=Apollo%2016&sample=63531,e1f0ea8350f2d504968fa2639502d77ef5906fc35799fcb73af5219668b6ba72,2026-10-04T09:16:56.212354+00:00,downloaded_no_pdf,,,,
63532,Apollo 16,https://www.lpi.usra.edu/lunar/samples/atlas/detail/?mission=Apollo%2016&sample=63532,68d9bca01b84a7e45a24854e63c74d9491994224274cadfd0b65b12c769d6732,2026-10-04T09:16:56.987228+00:00,downloaded_no_pdf,,,,
63533,Apollo 16,https://www.lpi.usra.edu/lunar/samples/atlas/detail/?mission=Apollo%2016&sample=63533,aa6ea493a732d1e1a80ff876b76b2145bcb26383a4638af4b5eace21df4538ce,2026-10-04T09:16:57.633127+00:00,downloaded_no_pdf,,,,
63534,Apollo 16,https://www.lpi.usra.edu/lunar/samples/atlas/detail/?mission=Apollo%2016&sample=63534,91b0d4309bdd4d744a0d9f1541b4f9b0290541bb3b763b3b75385ec4f94adea4,2026-10-04T09:16:58.290681+00:00,downloaded_no_pdf,,,,
63535,Apollo 16,https://www.lpi.usra.edu/lunar/samples/atlas/detail/?mission=Apollo%2016&sample=63535,eead878aa111cb31a6ff0bdb3cfe6338f89e34b88db86c62ce085fe5401f0faf,2026-10-04T09:16:58.935083+00:00,downloaded,"Lunar Sample Compendium, 63535.pdf",https://www.lpi.usra.edu/lunar/samples/atlas/compendium/63535.pdf,compendium,
63536,Apollo 16,https://www.lpi.usra.edu/lunar/samples/atlas/detail/?mission=Apollo%2016&sample=63536,a3fbe57d3293745289392c1d47e02bdb6b3051f51236e20f1f0c1e8eac8e124d,2026-10-04T09:16:59.592685+00:00,downloaded,"Lunar Sample Compendium, 63535.pdf",https://www.lpi.usra.edu/lunar/samples/atlas/compendium/63535.pdf,compendium,
63537,Apollo 16,https://www.lpi.usra.edu/lunar/samples/atlas/detail/?mission=Apollo%2016&sample=63537,76609fc5b615767de8539ef6600d22dce98feb293ed5fa2c8d6c5016eb917c17,2026-10-04T09:17:00.427342+00:00,downloaded,"Lunar Sample Compendium, 63535.pdf",https://www.lpi.usra.edu/lunar/samples/atlas/compendium/63535.pdf,compendium,
63538,Apollo 16,https://www.lpi.usra.edu/lunar/samples/atlas/detail/?mission=Apollo%2016&sample=63538,20ed3af660374f82fd02691374ccf2aa86fdf39cd38677fb3a80f2c9dfe9eeed,2026-10-04T09:17:01.076331+00:00,downloaded,"Lunar Sample Compendium, 63538.pdf",https://www.lpi.usra.edu/lunar/samples/atlas/compendium/63538.pdf,compendium,
63539,Apollo 16,https://www.lpi.usra.edu/lunar/samples/atlas/detail/?mission=Apollo%2016&sample=63539,8081f6ea88e10a279425fab3a8ef2419ffcaa9f6422bbd754a388f334d3f62b2,2026-10-04T09:17:01.894981+00:00,downloaded,"Lunar Sample Compendium, 63548.pdf",https://www.lpi.usra.edu/lunar/samples/atlas/compendium/63548.pdf,compendium,
63540,Apollo 16,https://www.lpi.usra.edu/lunar/samples/atlas/detail/?mission=Apollo%2016&sample=63540,59ac60b98795445f4be7e7fdd6d945f42fbe06b2f976277bcb96885cd6baa81d,2026-10-04T09:17:02.704100+00:00,downloaded_no_pdf,,,,
63541,Apollo 16,https://www.lpi.usra.edu/lunar/samples/atlas/detail/?mission=Apollo%2016&sample=63541,495d7e962ab39c011415d4f48908c5b4ccc81b52695cdce02e61c6133575763c,2026-10-04T09:17:03.482927+00:00,downloaded_no_pdf,,,,
63542,Apollo 16,https://www.lpi.usra.edu/lunar/samples/atlas/detail/?mission=Apollo%2016&sample=63542,f220eb8224342c4d447140a3952ab44bb98d9104dd7a427690221a8b820c5758,2026-10-04T09:17:04.143261+00:00,downloaded_no_pdf,,,,
63543,Apollo 16,https://www.lpi.usra.edu/lunar/samples/atlas/detail/?mission=Apollo%2016&sample=63543,b74052170d692342b9c958b5fd000c7a75ccba891f0598ab619a3689112f993e,2026-10-04T09:17:04.795948+00:00,downloaded_no_pdf,,,,
63544,Apollo 16,https://www.lpi.usra.edu/lunar/samples/atlas/detail/?mission=Apollo%2016&sample=63544,3399495826e9970b85f2d490fd69d37f73032230e24dcbc277d2a645acc008cf,2026-10-04T09:17:05.447249+00:00,downloaded_no_pdf,,,,
63545,Apollo 16,https://www.lpi.usra.edu/lunar/samples/atlas/detail/?mission=Apollo%2016&sample=63545,fff66f2d8ad8259d7344684d8e47b37abb4876bb874549cc8e6e5fcc4e79c10e,2026-10-04T09:17:06.102214+00:00,downloaded,"Lunar Sample Compendium, 63545.pdf",https://www.lpi.usra.edu/lunar/samples/atlas/compendium/63545.pdf,compendium,
63546,Apollo 16,https://www.lpi.usra.edu/lunar/samples/atlas/detail/?mission=Apollo%2016&sample=63546,bffdd19c3c1a0f278bf91bf253ed940c56ab9b3dc9cbaa1b007999e380fcd838,2026-10-04T09:17:06.924640+00:00,downloaded_no_pdf,,,,
63547,Apollo 16,https://www.lpi.usra.edu/lunar/samples/atlas/detail/?mission=Apollo%2016&sample=63547,9dbd345a70664488d8092d145ff19562b3a20b915185c42768be8be221e2527c,2026-10-04T09:17:07.708889+00:00,downloaded_no_pdf,,,,
63548,Apollo 16,https://www.lpi.usra.edu/lunar/samples/atlas/detail/?mission=Apollo%2016&sample=63548,832d9024c3182db89c4a586c9736f2373a14af2d8263bb7dfccfffa82d398739,2026-10-04T09:17:08.495824+00:00,downloaded,"Lunar Sample Compendium, 63548.pdf",https://www.lpi.usra.edu/lunar/samples/atlas/compendium/63548.pdf,compendium,
63549,Apollo 16,https://www.lpi.usra.edu/lunar/samples/atlas/detail/?mission=Apollo%2016&sample=63549,6dde68b273142c99ef3032ae3685b6f38b3cb34849a18967f9ce6bc748c5c131,2026-10-04T09:17:09.154230+00:00,downloaded,"Lunar Sample Compendium, 63549.pdf",https://www.lpi.usra.edu/lunar/samples/atlas/compendium/63549.pdf,compendium,
63550,Apollo 16,https://www.lpi.usra.edu/lunar/samples/atlas/detail/?mission=Apollo%2016&sample=63550,174b1974ef50240e15068fe99b79446a20a4eff34b8db222d62a269f44656745,2026-10-04T09:17:09.858166+00:00,downloaded_no_pdf,,,,
63551,Apollo 16,https://www.lpi.usra.edu/lunar/samples/atlas/detail/?mission=Apollo%2016&sample=63551,ac7416ccadb24e39e60d7793b3abe2f3d4607cd01cb2e0e1f86a0c6372d6cd8a,2026-10-04T09:17:10.502672+00:00,downloaded_no_pdf,,,,
63552,Apollo 16,https://www.lpi.usra.edu/lunar/samples/atlas/detail/?mission=Apollo%2016&sample=63552,b799b5f0581b18e707a9dbe438d78afb23fbf7eb9f01222c095f8c3c849a5b4a,2026-10-04T09:17:11.151543+00:00,downloaded_no_pdf,,,,
63553,Apollo 16,https://www.lpi.usra.edu/lunar/samples/atlas/detail/?mission=Apollo%2016&sample=63553,1893bae54808995143a50614f8af2b013d832eb4f611d126324d49892dd7d97d,2026-10-04T09:17:11.806170+00:00,downloaded_no_pdf,,,,
63554,Apollo 16,https://www.lpi.usra.edu/lunar/samples/atlas/detail/?mission=Apollo%2016&sample=63554,b9662a2d64dde5d422655013465cbe20e78e389813ef6c3307dcf3c17f4a95bd,2026-10-04T09:17:12.589535+00:00,downloaded_no_pdf,,,,
63555,Apollo 16,https://www.lpi.usra.edu/lunar/samples/atlas/detail/?mission=Apollo%2016&sample=63555,94d1ea6bab962b971fdd5618348970b44c2609b3fa89674f2308f987e1d154d4,2026-10-04T09:17:13.254218+00:00,downloaded,"Lunar Sample Compendium, 63525.pdf",https://www.lpi.usra.edu/lunar/samples/atlas/compendium/63525.pdf,compendium,
63556,Apollo 16,https://www.lpi.usra.edu/lunar/samples/atlas/detail/?mission=Apollo%2016&sample=63556,d0e34ee6d41e4e531b5dbf3221e2603512085633afc326ae3aa610617b28b2f2,2026-10-04T09:17:14.035186+00:00,downloaded,"Lunar Sample Compendium, 63556.pdf",https://www.lpi.usra.edu/lunar/samples/atlas/compendium/63556.pdf,compendium,
63557,Apollo 16,https://www.lpi.usra.edu/lunar/samples/atlas/detail/?mission=Apollo%2016&sample=63557,1aa2f4ceb4ce014c57cc5ef49880230558eec7c0c02cb1b3ba85f81b848f38ed,2026-10-04T09:17:14.697091+00:00,downloaded,"Lunar Sample Compendium, 63529.pdf",https://www.lpi.usra.edu/lunar/samples/atlas/compendium/63529.pdf,compendium,
63558,Apollo 16,https://www.lpi.usra.edu/lunar/samples/atlas/detail/?mission=Apollo%2016&sample=63558,62b3d9d5467452fc8814e69d30bafe908fc9ab4cb8937e810f62d45b37631a5e,2026-10-04T09:17:15.396375+00:00,downloaded_no_pdf,,,,
63559,Apollo 16,https://www.lpi.usra.edu/lunar/samples/atlas/detail/?mission=Apollo%2016&sample=63559,fb6cfb01a49fac50a9a7e7b2eb0f32fa9cb6751152823526dbf36bdb48d5d22f,2026-10-04T09:17:16.065454+00:00,downloaded,"Lunar Sample Compendium, 63559.pdf",https://www.lpi.usra.edu/lunar/samples/atlas/compendium/63559.pdf,compendium,
63560,Apollo 16,https://www.lpi.usra.edu/lunar/samples/atlas/detail/?mission=Apollo%2016&sample=63560,be94a8faf1e524348e0d778cbe41b41f19c8dd2bfc3217878b90610ececb6469,2026-10-04T09:17:16.719112+00:00,downloaded_no_pdf,,,,
63561,Apollo 16,https://www.lpi.usra.edu/lunar/samples/atlas/detail/?mission=Apollo%2016&sample=63561,90fc48d846b896b77bcd81406366eba759eccf64d810dcc1d5ab50260ff52cf4,2026-10-04T09:17:17.394726+00:00,downloaded_no_pdf,,,,
63562,Apollo 16,https://www.lpi.usra.edu/lunar/samples/atlas/detail/?mission=Apollo%2016&sample=63562,bc0ff289126944dba1cf02c4b40996c049f607e2f47c6fd7575c506cbf533013,2026-10-04T09:17:18.053424+00:00,downloaded_no_pdf,,,,
63563,Apollo 16,https://www.lpi.usra.edu/lunar/samples/atlas/detail/?mission=Apollo%2016&sample=63563,2dec5cb09a6a44c4cd355a992f6e5197eb7face012d86da5da402bb251946731,2026-10-04T09:17:18.724436+00:00,downloaded_no_pdf,,,,
63564,Apollo 16,https://www.lpi.usra.edu/lunar/samples/atlas/detail/?mission=Apollo%2016&sample=63564,df0e7092c11e983d0520550f0029bd0e132974bd9909b4b094d222babd45daf6,2026-10-04T09:17:19.384470+00:00,downloaded_no_pdf,,,,
63565,Apollo 16,https://www.lpi.usra.edu/lunar/samples/atlas/detail/?mission=Apollo%2016&sample=63565,be563e7a1f220491bd12449c95664825584d78d63f17a4b00ce6a1d62c21bfea,2026-10-04T09:17:20.171060+00:00,downloaded,"Lunar Sample Compendium, 63559.pdf",https://www.lpi.usra.edu/lunar/samples/atlas/compendium/63559.pdf,compendium,
63566,Apollo 16,https://www.lpi.usra.edu/lunar/samples/atlas/detail/?mission=Apollo%2016&sample=63566,929eedbe94e7705833d0f045863f3744ed071d1e51cae3d55a78735f34d8f0c9,2026-10-04T09:17:20.975439+00:00,downloaded,"Lunar Sample Compendium, 63566.pdf",https://www.lpi.usra.edu/lunar/samples/atlas/compendium/63566.pdf,compendium,
63567,Apollo 16,https://www.lpi.usra.edu/lunar/samples/atlas/detail/?mission=Apollo%2016&sample=63567,4908498ef3934ad6baba12ddb7ec3edd450194858681bc339f1656a511bd6f7c,2026-10-04T09:17:21.759324+00:00,downloaded,"Lunar Sample Compendium, 63559.pdf",https://www.lpi.usra.edu/lunar/samples/atlas/compendium/63559.pdf,compendium,
63568,Apollo 16,https://www.lpi.usra.edu/lunar/samples/atlas/detail/?mission=Apollo%2016&sample=63568,6f39925838ca591ee2ba6242e6bf13e75fbffcc1120accd7da51ef00e20eadcb,2026-10-04T09:17:22.414120+00:00,downloaded,"Lunar Sample Compendium, 63559.pdf",https://www.lpi.usra.edu/lunar/samples/atlas/compendium/63559.pdf,compendium,
63569,Apollo 16,https://www.lpi.usra.edu/lunar/samples/atlas/detail/?mission=Apollo%2016&sample=63569,4a5fa99bf78151fb4fd8747325981714718863a04fe19074877ba6c65a1d451d,2026-10-04T09:17:23.096554+00:00,downloaded_no_pdf,,,,
63570,Apollo 16,https://www.lpi.usra.edu/lunar/samples/atlas/detail/?mission=Apollo%2016&sample=63570,3fd583c1ede865407cef927850569b4e5cb1bfc2fd02f32fb51fc898c2f14508,2026-10-04T09:17:23.774083+00:00,downloaded_no_pdf,,,,
63571,Apollo 16,https://www.lpi.usra.edu/lunar/samples/atlas/detail/?mission=Apollo%2016&sample=63571,8345328f2330f01b9cb38d73ae5f8325cc19b6a95e05d2a8f21c602712b1dc39,2026-10-04T09:17:24.419065+00:00,downloaded_no_pdf,,,,
63572,Apollo 16,https://www.lpi.usra.edu/lunar/samples/atlas/detail/?mission=Apollo%2016&sample=63572,70beeb01b5c66a784b527713e3df2ce42b63081ad7bcdd5b45cf79aeae59fb51,2026-10-04T09:17:25.070087+00:00,downloaded_no_pdf,,,,
63573,Apollo 16,https://www.lpi.usra.edu/lunar/samples/atlas/detail/?mission=Apollo%2016&sample=63573,f7f996bbb743a3a02ab6410712cae20c357ccfbeda1e64584f638ea0958d1c4d,2026-10-04T09:17:25.854517+00:00,downloaded_no_pdf,,,,
63574,Apollo 16,https://www.lpi.usra.edu/lunar/samples/atlas/detail/?mission=Apollo%2016&sample=63574,76e9788fc46b9b389f8274ac1b7f017c2dd73f007e6444e8eb55482e40c0c6fa,2026-10-04T09:17:26.511098+00:00,downloaded_no_pdf,,,,
63575,Apollo 16,https://www.lpi.usra.edu/lunar/samples/atlas/detail/?mission=Apollo%2016&sample=63575,16920a5d2e38b6b6b8cb0dd2f66788d56022eb96e74957d37e7423862fc81f25,2026-10-04T09:17:27.298037+00:00,downloaded,"Lunar Sample Compendium, 63566.pdf",https://www.lpi.usra.edu/lunar/samples/atlas/compendium/63566.pdf,compendium,
63576,Apollo 16,https://www.lpi.usra.edu/lunar/samples/atlas/detail/?mission=Apollo%2016&sample=63576,d13c69fa6e22fa179b0121b3aa598959df946148db9973a473d24ed5752f8808,2026-10-04T09:17:28.086810+00:00,downloaded,"Lunar Sample Compendium, 63559.pdf",https://www.lpi.usra.edu/lunar/samples/atlas/compendium/63559.pdf,compendium,
63577,Apollo 16,https://www.lpi.usra.edu/lunar/samples/atlas/detail/?mission=Apollo%2016&sample=63577,efd2f30bc29aafa94e2573b8d9c0417dd064b78e44a30db693765950bd942f97,2026-10-04T09:17:28.734283+00:00,downloaded_no_pdf,,,,
63578,Apollo 16,https://www.lpi.usra.edu/lunar/samples/atlas/detail/?mission=Apollo%2016&sample=63578,2c78538dbc7ce0e872c2f8093cd6a5c3e9f9ab5513bef9f31493430f4d9b566f,2026-10-04T09:17:29.550743+00:00,downloaded,"Lunar Sample Compendium, 63578.pdf",https://www.lpi.usra.edu/lunar/samples/atlas/compendium/63578.pdf,compendium,
63579,Apollo 16,https://www.lpi.usra.edu/lunar/samples/atlas/detail/?mission=Apollo%2016&sample=63579,c9f4b72930f586df05a6c7ca94f4fb43c05237e8902195ad881d3e25391a9e54,2026-10-04T09:17:30.204551+00:00,downloaded_no_pdf,,,,
63580,Apollo 16,https://www.lpi.usra.edu/lunar/samples/atlas/detail/?mission=Apollo%2016&sample=63580,331183f442ae52b14870974ab5119c5e2436a0ae351abc3167481fedad3860f4,2026-10-04T09:17:30.899482+00:00,downloaded_no_pdf,,,,
63581,Apollo 16,https://www.lpi.usra.edu/lunar/samples/atlas/detail/?mission=Apollo%2016&sample=63581,00908cd11fa7dda279350fb70e7703c6c8bf7b2546fec16dc86497fa56417b4b,2026-10-04T09:17:31.549219+00:00,downloaded_no_pdf,,,,
63582,Apollo 16,https://www.lpi.usra.edu/lunar/samples/atlas/detail/?mission=Apollo%2016&sample=63582,4a4214e729bbef09787a719b9b21d4ada3457fbef86d72fb87f4a5794833ca25,2026-10-04T09:17:32.198624+00:00,downloaded_no_pdf,,,,
63583,Apollo 16,https://www.lpi.usra.edu/lunar/samples/atlas/detail/?mission=Apollo%2016&sample=63583,9cc6babc341d1add2a5f7dcf42bf4a042898a70fba63159191f710897622b5fe,2026-10-04T09:17:32.850029+00:00,downloaded_no_pdf,,,,
63584,Apollo 16,https://www.lpi.usra.edu/lunar/samples/atlas/detail/?mission=Apollo%2016&sample=63584,bcebf6074d2e99bc368e6b919379083489abf135236c20ce345d1478b35a6e0c,2026-10-04T09:17:33.499782+00:00,downloaded_no_pdf,,,,
63585,Apollo 16,https://www.lpi.usra.edu/lunar/samples/atlas/detail/?mission=Apollo%2016&sample=63585,a180acccc1d7987f0ad402d195b8c9d0715595a4562653dde9952e7e879edf22,2026-10-04T09:17:34.151216+00:00,downloaded,"Lunar Sample Compendium, 63585.pdf",https://www.lpi.usra.edu/lunar/samples/atlas/compendium/63585.pdf,compendium,
63586,Apollo 16,https://www.lpi.usra.edu/lunar/samples/atlas/detail/?mission=Apollo%2016&sample=63586,16e7c134298ee5e99e54445479c6e05b1a180d03dfd873e222d57791420de250,2026-10-04T09:17:34.837664+00:00,downloaded,"Lunar Sample Compendium, 63548.pdf",https://www.lpi.usra.edu/lunar/samples/atlas/compendium/63548.pdf,compendium,
63587,Apollo 16,https://www.lpi.usra.edu/lunar/samples/atlas/detail/?mission=Apollo%2016&sample=63587,66ece997921b7b84ccc02a7965175bb48911f2ed2192a1b1c1834bdecee40078,2026-10-04T09:17:35.487744+00:00,downloaded,"Lunar Sample Compendium, 63587.pdf",https://www.lpi.usra.edu/lunar/samples/atlas/compendium/63587.pdf,compendium,
63588,Apollo 16,https://www.lpi.usra.edu/lunar/samples/atlas/detail/?mission=Apollo%2016&sample=63588,7608fcb9ad1dfac475ff66e79d07b86e2b4d1d2f42aa2dd1a2a63e3426dfa8de,2026-10-04T09:17:36.311020+00:00,downloaded,"Lunar Sample Compendium, 63595.pdf",https://www.lpi.usra.edu/lunar/samples/atlas/compendium/63595.pdf,compendium,
63589,Apollo 16,https://www.lpi.usra.edu/lunar/samples/atlas/detail/?mission=Apollo%2016&sample=63589,634a051e0532b2736f4a0413c856a948daca45dd3a02194eb4a8a460df4f9582,2026-10-04T09:17:36.973961+00:00,downloaded_no_pdf,,,,
63590,Apollo 16,https://www.lpi.usra.edu/lunar/samples/atlas/detail/?mission=Apollo%2016&sample=63590,a78ec616d893b9244cec2dec113e8af196c75e6fd8232049186a6e8ff0516707,2026-10-04T09:17:37.662167+00:00,downloaded_no_pdf,,,,
63591,Apollo 16,https://www.lpi.usra.edu/lunar/samples/atlas/detail/?mission=Apollo%2016&sample=63591,e5270f9bbc95620aa1d9ef318fc7ca13f0a0a70614346bfcb5cdfd9bdcc04b42,2026-10-04T09:17:38.327388+00:00,downloaded_no_pdf,,,,
63592,Apollo 16,https://www.lpi.usra.edu/lunar/samples/atlas/detail/?mission=Apollo%2016&sample=63592,83cdfb9f4dcac5f87396d06f54e5b215cd3b6734dc861e8748bc9e0622686a6e,2026-10-04T09:17:38.993680+00:00,downloaded_no_pdf,,,,
63593,Apollo 16,https://www.lpi.usra.edu/lunar/samples/atlas/detail/?mission=Apollo%2016&sample=63593,9ad02f7892c9520c7b65174c4da31197cee03f28cc8b8db8a2c3f7744a62e676,2026-10-04T09:17:39.639996+00:00,downloaded_no_pdf,,,,
63594,Apollo 16,https://www.lpi.usra.edu/lunar/samples/atlas/detail/?mission=Apollo%2016&sample=63594,bc53c09856d56b8d08ab8b154fa3523981ead741e37710d774208fb75340ab5c,2026-10-04T09:17:40.442876+00:00,downloaded_no_pdf,,,,
63595,Apollo 16,https://www.lpi.usra.edu/lunar/samples/atlas/detail/?mission=Apollo%2016&sample=63595,6a717fa1601aa8528e961a78db791f91e56419a0f17d51b12ce4a2e2e9fbcb66,2026-10-04T09:17:41.210163+00:00,downloaded,"Lunar Sample Compendium, 63595.pdf",https://www.lpi.usra.edu/lunar/samples/atlas/compendium/63595.pdf,compendium,
63596,Apollo 16,https://www.lpi.usra.edu/lunar/samples/atlas/detail/?mission=Apollo%2016&sample=63596,6d2ee4d71da7311dca99c4a67bd35e50c306d1638feb919873b6a32e254b0654,2026-10-04T09:17:41.890129+00:00,downloaded,"Lunar Sample Compendium, 63596.pdf",https://www.lpi.usra.edu/lunar/samples/atlas/compendium/63596.pdf,compendium,
63597,Apollo 16,https://www.lpi.usra.edu/lunar/samples/atlas/detail/?mission=Apollo%2016&sample=63597,bcd802cd1f70b4d39c0dea4f3fbf66e0758fe7c9796e4a5bcad4ce0e1bc1bb12,2026-10-04T09:17:42.534819+00:00,downloaded,"Lunar Sample Compendium, 63598.pdf",https://www.lpi.usra.edu/lunar/samples/atlas/compendium/63598.pdf,compendium,
63598,Apollo 16,https://www.lpi.usra.edu/lunar/samples/atlas/detail/?mission=Apollo%2016&sample=63598,df970bb63cca5ec15dafb2fff2f809f8cedde76cd10b052a01ed43f0a821c980,2026-10-04T09:17:43.319341+00:00,downloaded,"Lunar Sample Compendium, 63598.pdf",https://www.lpi.usra.edu/lunar/samples/atlas/compendium/63598.pdf,compendium,
64001,Apollo 16,https://www.lpi.usra.edu/lunar/samples/atlas/detail/?mission=Apollo%2016&sample=64001,bf382d86cfac9f591c868a33669d932c7bc6c11e2e7688655a9ed57eda071c0e,2026-10-04T09:17:44.132399+00:00,downloaded,"Lunar Sample Compendium, 64002.pdf",https://www.lpi.usra.edu/lunar/samples/atlas/compendium/64002.pdf,compendium,
64002,Apollo 16,https://www.lpi.usra.edu/lunar/samples/atlas/detail/?mission=Apollo%2016&sample=64002,a70987781ea3432e1bc0051a6a3d1ada74094efb3a275f676ed41c5f49582d5e,2026-10-04T09:17:44.917170+00:00,downloaded,"Lunar Sample Compendium, 64002.pdf",https://www.lpi.usra.edu/lunar/samples/atlas/compendium/64002.pdf,compendium,
64420,Apollo 16,https://www.lpi.usra.edu/lunar/samples/atlas/detail/?mission=Apollo%2016&sample=64420,c5397cd3241a5b66d264c880fb95d97d2ef4a95050701bbca860d5ab36683ed5,2026-10-04T09:17:45.683065+00:00,downloaded,"Lunar Sample Compendium, 64420.pdf",https://www.lpi.usra.edu/lunar/samples/atlas/compendium/64420.pdf,compendium,
64421,Apollo 16,https://www.lpi.usra.edu/lunar/samples/atlas/detail/?mission=Apollo%2016&sample=64421,15561642443a73a1cc78845fc0f39c29b5ca2dc2f6168e925e3b5b5e0fe1aee2,2026-10-04T09:17:46.350189+00:00,downloaded_no_pdf,,,,
64422,Apollo 16,https://www.lpi.usra.edu/lunar/samples/atlas/detail/?mission=Apollo%2016&sample=64422,53ca177561ece416244db7cc50fc10b8c5befe5cd9da2937fd6e94e97335fc30,2026-10-04T09:17:46.995294+00:00,downloaded_no_pdf,,,,
64423,Apollo 16,https://www.lpi.usra.edu/lunar/samples/atlas/detail/?mission=Apollo%2016&sample=64423,1aadb1a89ea4fb178db2eae64902ad0fc563d672e947ec5c6a93ecf888d726ea,2026-10-04T09:17:47.671458+00:00,downloaded_no_pdf,,,,
64424,Apollo 16,https://www.lpi.usra.edu/lunar/samples/atlas/detail/?mission=Apollo%2016&sample=64424,20f9b8eec39fbbf7a8f87c7f30e1cbd33b68abf214d683759e81cd43639ed6cb,2026-10-04T09:17:48.470129+00:00,downloaded_no_pdf,,,,
64425,Apollo 16,https://www.lpi.usra.edu/lunar/samples/atlas/detail/?mission=Apollo%2016&sample=64425,cd30a8b3717c1a26b6e106a19ddeca5e22f81addd349334be8c4ddaf645ca432,2026-10-04T09:17:49.127632+00:00,downloaded,"Lunar Sample Compendium, 64425.pdf",https://www.lpi.usra.edu/lunar/samples/atlas/compendium/64425.pdf,compendium,
64425,Apollo 16,https://www.lpi.usra.edu/lunar/samples/atlas/detail/?mission=Apollo%2016&sample=64425,cd30a8b3717c1a26b6e106a19ddeca5e22f81addd349334be8c4ddaf645ca432,2026-10-04T09:17:49.127632+00:00,downloaded,Lunar Sample Catalog 64425 Description,http://curator.jsc.nasa.gov/lunar/catalogs/apollo16/part2/64425.pdf,catalog,
64430,Apollo 16,https://www.lpi.usra.edu/lunar/samples/atlas/detail/?mission=Apollo%2016&sample=64430,6d30351b2f45d40307122abb9c2e1b96dad93f44b384d5f332a422d4bb08574d,2026-10-04T09:17:49.809372+00:00,downloaded_no_pdf,,,,
64435,Apollo 16,https://www.lpi.usra.edu/lunar/samples/atlas/detail/?mission=Apollo%2016&sample=64435,c0ebaf9825a5e3bc644c9ed1e47072dbd59c41b062ace48549138196b239e779,2026-10-04T09:17:50.463777+00:00,downloaded,"Lunar Sample Compendium, 64435.pdf",https://www.lpi.usra.edu/lunar/samples/atlas/compendium/64435.pdf,compendium,
64435,Apollo 16,https://www.lpi.usra.edu/lunar/samples/atlas/detail/?mission=Apollo%2016&sample=64435,c0ebaf9825a5e3bc644c9ed1e47072dbd59c41b062ace48549138196b239e779,2026-10-04T09:17:50.463777+00:00,downloaded,Lunar Sample Catalog 64435 Description,http://curator.jsc.nasa.gov/lunar/catalogs/apollo16/part2/64435.pdf,catalog,
64450,Apollo 16,https://www.lpi.usra.edu/lunar/samples/atlas/detail/?mission=Apollo%2016&sample=64450,f6e7b84df28d83a303c770906896fd8c5546cbf8a8a750c593e728f183729526,2026-10-04T09:17:51.278566+00:00,downloaded_no_pdf,,,,
64455,Apollo 16,https://www.lpi.usra.edu/lunar/samples/atlas/detail/?mission=Apollo%2016&sample=64455,5494557a35f71e6cdb5c1b18a30067829d3d6afdaf7641c16045a5a07258ae33,2026-10-04T09:17:51.938846+00:00,downloaded,"Lunar Sample Compendium, 64455.pdf",https://www.lpi.usra.edu/lunar/samples/atlas/compendium/64455.pdf,compendium,
64455,Apollo 16,https://www.lpi.usra.edu/lunar/samples/atlas/detail/?mission=Apollo%2016&sample=64455,5494557a35f71e6cdb5c1b18a30067829d3d6afdaf7641c16045a5a07258ae33,2026-10-04T09:17:51.938846+00:00,downloaded,Lunar Sample Catalog 64455 Description,http://curator.jsc.nasa.gov/lunar/catalogs/apollo16/part2/64455.pdf,catalog,
64470,Apollo 16,https://www.lpi.usra.edu/lunar/samples/atlas/detail/?mission=Apollo%2016&sample=64470,d26d1c3ca921a25e75d1eba592ab1d2e365b8be0be80db54233bab585b8ad034,2026-10-04T09:17:52.635386+00:00,downloaded_no_pdf,,,,
64475,Apollo 16,https://www.lpi.usra.edu/lunar/samples/atlas/detail/?mission=Apollo%2016&sample=64475,7e3ff7bea853f65f2e56d90e8e9b218c49a96bbd17cb5c80c596b33486f7f02e,2026-10-04T09:17:53.278019+00:00,downloaded,"Lunar Sample Compendium, 64475.pdf",https://www.lpi.usra.edu/lunar/samples/atlas/compendium/64475.pdf,compendium,
64475,Apollo 16,https://www.lpi.usra.edu/lunar/samples/atlas/detail/?mission=Apollo%2016&sample=64475,7e3ff7bea853f65f2e56d90e8e9b218c49a96bbd17cb5c80c596b33486f7f02e,2026-10-04T09:17:53.278019+00:00,downloaded,Lunar Sample Catalog 64475 Description,http://curator.jsc.nasa.gov/lunar/catalogs/apollo16/part2/64475.pdf,catalog,
64476,Apollo 16,https://www.lpi.usra.edu/lunar/samples/atlas/detail/?mission=Apollo%2016&sample=64476,4472a8b74b2c5c5bd60766e8ffcbd7c0ef1094e235ebfe4806566e116a99b3e7,2026-10-04T09:17:53.970474+00:00,downloaded,"Lunar Sample Compendium, 64475.pdf",https://www.lpi.usra.edu/lunar/samples/atlas/compendium/64475.pdf,compendium,
64477,Apollo 16,https://www.lpi.usra.edu/lunar/samples/atlas/detail/?mission=Apollo%2016&sample=64477,b46a1f1daedd92095e0af04cdb58066c835dd1f9ce13411ae8aba76e4ed46177,2026-10-04T09:17:54.663348+00:00,downloaded,"Lunar Sample Compendium, 64477.pdf",https://www.lpi.usra.edu/lunar/samples/atlas/compendium/64477.pdf,compendium,
64478,Apollo 16,https://www.lpi.usra.edu/lunar/samples/atlas/detail/?mission=Apollo%2016&sample=64478,9e730c7e46b4f35103b274a851e44b67a4530b89894ef9e7fb963980a10edff9,2026-10-04T09:17:55.491366+00:00,downloaded,"Lunar Sample Compendium, 64478.pdf",https://www.lpi.usra.edu/lunar/samples/atlas/compendium/64478.pdf,compendium,
64500,Apollo 16,https://www.lpi.usra.edu/lunar/samples/atlas/detail/?mission=Apollo%2016&sample=64500,52f1629d806df724a8b219ced592709498e4ca129450d9cd9fead4037eda33d9,2026-10-04T09:17:56.184562+00:00,downloaded_no_pdf,,,,
64501,Apollo 16,https://www.lpi.usra.edu/lunar/samples/atlas/detail/?mission=Apollo%2016&sample=64501,a3f06299a764b8027782c3c92fbf749d423909bda29014709288e9fad864a3a4,2026-10-04T09:17:56.982535+00:00,downloaded,"Lunar Sample Compendium, 64501.pdf",https://www.lpi.usra.edu/lunar/samples/atlas/compendium/64501.pdf,compendium,
64502,Apollo 16,https://www.lpi.usra.edu/lunar/samples/atlas/detail/?mission=Apollo%2016&sample=64502,eedbc93af196eb0ae0faba415f9d9b9cacdf4b7fb84ac568179684662793bfd9,2026-10-04T09:17:57.657211+00:00,downloaded_no_pdf,,,,
64503,Apollo 16,https://www.lpi.usra.edu/lunar/samples/atlas/detail/?mission=Apollo%2016&sample=64503,2de2bb7316c8c5e3b10cac85f96203b8e01a9a1925eac2c843736d93c163fe44,2026-10-04T09:17:58.325440+00:00,downloaded_no_pdf,,,,
64504,Apollo 16,https://www.lpi.usra.edu/lunar/samples/atlas/detail/?mission=Apollo%2016&sample=64504,8e39537935538c9554bf07a212198586b059761e3008399333dc2e7c8d6301c6,2026-10-04T09:17:58.941715+00:00,downloaded_no_pdf,,,,
64505,Apollo 16,https://www.lpi.usra.edu/lunar/samples/atlas/detail/?mission=Apollo%2016&sample=64505,28c301b46a7a1ed37f86cf8c2ad492d62ccfd8460d0c4c886a2c2762bfa9d68f,2026-10-04T09:17:59.592117+00:00,downloaded_no_pdf,,,,
64506,Apollo 16,https://www.lpi.usra.edu/lunar/samples/atlas/detail/?mission=Apollo%2016&sample=64506,a6c3b26ea4c4a5ed2fd17abff1c4e6142272b11199a34c933220b2496e313813,2026-10-04T09:18:00.237845+00:00,downloaded_no_pdf,,,,
64507,Apollo 16,https://www.lpi.usra.edu/lunar/samples/atlas/detail/?mission=Apollo%2016&sample=64507,402a678b46df629c59c33e0022886eb4b7cda0ae60fcd1b79fe4694beff721bb,2026-10-04T09:18:00.888686+00:00,downloaded_no_pdf,,,,
64508,Apollo 16,https://www.lpi.usra.edu/lunar/samples/atlas/detail/?mission=Apollo%2016&sample=64508,76010278be82a2842759426fecbe357f16960cba6d757f018e9be63779c8ae73,2026-10-04T09:18:01.544341+00:00,downloaded_no_pdf,,,,
64509,Apollo 16,https://www.lpi.usra.edu/lunar/samples/atlas/detail/?mission=Apollo%2016&sample=64509,97e47da9f6bce93d000b23454673a66b20a33a9075153a4c894aa8f388344897,2026-10-04T09:18:02.222795+00:00,downloaded_no_pdf,,,,
64510,Apollo 16,https://www.lpi.usra.edu/lunar/samples/atlas/detail/?mission=Apollo%2016&sample=64510,e3e15405cb0f16dcb1505d795c7c2cd94ce3a8ad2a047462e74cd999560401f0,2026-10-04T09:18:03.021343+00:00,downloaded_no_pdf,,,,
64511,Apollo 16,https://www.lpi.usra.edu/lunar/samples/atlas/detail/?mission=Apollo%2016&sample=64511,2714e6fd13e4264f6905d9320b055eae6cd18275a1d35a94cc3db9f37cbf25b2,2026-10-04T09:18:03.662655+00:00,downloaded_no_pdf,,,,
64512,Apollo 16,https://www.lpi.usra.edu/lunar/samples/atlas/detail/?mission=Apollo%2016&sample=64512,6406161ef36200903a8afb1db84faae1abd2cbb8d0e5cecb348876144eac78fb,2026-10-04T09:18:04.334940+00:00,downloaded_no_pdf,,,,
64513,Apollo 16,https://www.lpi.usra.edu/lunar/samples/atlas/detail/?mission=Apollo%2016&sample=64513,55980157ae81240336c262f3a7512f08391e7f9afdb32e9f000751ebab7bbe7a,2026-10-04T09:18:05.129614+00:00,downloaded_no_pdf,,,,
64514,Apollo 16,https://www.lpi.usra.edu/lunar/samples/atlas/detail/?mission=Apollo%2016&sample=64514,efeb39d0e8b6efcbaaf8d496cb19ac58b6ba07187c1ba27d361d21dbc2d8c78f,2026-10-04T09:18:05.780782+00:00,downloaded_no_pdf,,,,
64515,Apollo 16,https://www.lpi.usra.edu/lunar/samples/atlas/detail/?mission=Apollo%2016&sample=64515,c6e5096086800a23a2f6aedffe28d8ffe1ad83fa6880251ca0598c9364746c1d,2026-10-04T09:18:06.604334+00:00,downloaded_no_pdf,,,,
64516,Apollo 16,https://www.lpi.usra.edu/lunar/samples/atlas/detail/?mission=Apollo%2016&sample=64516,200ae209266ba35ba4e292931cef4171ce4609b3f0cd4ba06c576d877098f6ac,2026-10-04T09:18:07.380683+00:00,downloaded_no_pdf,,,,
64517,Apollo 16,https://www.lpi.usra.edu/lunar/samples/atlas/detail/?mission=Apollo%2016&sample=64517,61aea66f9309021754008d433c631f3ed57773aef368ed8d25d21e16fcff3abe,2026-10-04T09:18:08.034595+00:00,downloaded_no_pdf,,,,
64518,Apollo 16,https://www.lpi.usra.edu/lunar/samples/atlas/detail/?mission=Apollo%2016&sample=64518,2215fd8d871054ae2e664854ebb3c4a99b8d59353c3cc2da4a202c54bbdcf219,2026-10-04T09:18:08.863443+00:00,downloaded_no_pdf,,,,
64519,Apollo 16,https://www.lpi.usra.edu/lunar/samples/atlas/detail/?mission=Apollo%2016&sample=64519,6b48768b2c0535506c538784a18b43096ee62f78a3ca9940f620003f7d4d083d,2026-10-04T09:18:09.693454+00:00,downloaded_no_pdf,,,,
64520,Apollo 16,https://www.lpi.usra.edu/lunar/samples/atlas/detail/?mission=Apollo%2016&sample=64520,0af1e67cb7077c5f2a7b5c163df83fbb1c1645ec81691883027300049e6b1f46,2026-10-04T09:18:10.500358+00:00,downloaded_no_pdf,,,,
64521,Apollo 16,https://www.lpi.usra.edu/lunar/samples/atlas/detail/?mission=Apollo%2016&sample=64521,a545ce2812549d21fa642816899623ce40a5894fcd050f422575b6c565eda8b6,2026-10-04T09:18:11.274641+00:00,downloaded_no_pdf,,,,
64522,Apollo 16,https://www.lpi.usra.edu/lunar/samples/atlas/detail/?mission=Apollo%2016&sample=64522,c014b0470bb5a7ce4b6c56238c8093bf06aeadb767d8294f02fb63a4b0758e44,2026-10-04T09:18:12.053346+00:00,downloaded_no_pdf,,,,
64523,Apollo 16,https://www.lpi.usra.edu/lunar/samples/atlas/detail/?mission=Apollo%2016&sample=64523,9002438285a32094e1368587ffc0d21673f3ed9de04be51a96c2deddab14d6d1,2026-10-04T09:18:12.704581+00:00,downloaded_no_pdf,,,,
64525,Apollo 16,https://www.lpi.usra.edu/lunar/samples/atlas/detail/?mission=Apollo%2016&sample=64525,a1b7c4372db58476f889879babe463af890d0c1d6b4f9aec644e8a3c629d7266,2026-10-04T09:18:13.355533+00:00,downloaded_no_pdf,,,,
64530,Apollo 16,https://www.lpi.usra.edu/lunar/samples/atlas/detail/?mission=Apollo%2016&sample=64530,1d822c3cce72889e62ea3c5af52522894333ed8b53f84ba53e487479f6ae5742,2026-10-04T09:18:14.004636+00:00,downloaded,"Lunar Sample Compendium, 64501.pdf",https://www.lpi.usra.edu/lunar/samples/atlas/compendium/64501.pdf,compendium,
64531,Apollo 16,https://www.lpi.usra.edu/lunar/samples/atlas/detail/?mission=Apollo%2016&sample=64531,cb2f35ef7d81d2c23e642365516dfe88710811ced68bc593fdfc5979888dca6e,2026-10-04T09:18:14.666580+00:00,downloaded_no_pdf,,,,
64532,Apollo 16,https://www.lpi.usra.edu/lunar/samples/atlas/detail/?mission=Apollo%2016&sample=64532,aebd25be4a9ee62a9f04d956754a0a09c6ee4c5c7c1ebf5de27acd97b9c24797,2026-10-04T09:18:15.318780+00:00,downloaded_no_pdf,,,,
64533,Apollo 16,https://www.lpi.usra.edu/lunar/samples/atlas/detail/?mission=Apollo%2016&sample=64533,bca67c961c169add288e1364e31874a6d5dcbd0e651aea3ece61d9a57dc9e31b,2026-10-04T09:18:15.971728+00:00,downloaded_no_pdf,,,,
64534,Apollo 16,https://www.lpi.usra.edu/lunar/samples/atlas/detail/?mission=Apollo%2016&sample=64534,0db8cff098d5c3228761638045a022b519faac01099495f631bf8d91b56ce7aa,2026-10-04T09:18:16.748180+00:00,downloaded_no_pdf,,,,
64535,Apollo 16,https://www.lpi.usra.edu/lunar/samples/atlas/detail/?mission=Apollo%2016&sample=64535,1c0ca5879af15f259a2af0b281c61af0582818bd0c5b40e478849591623641a6,2026-10-04T09:18:17.403241+00:00,downloaded,"Lunar Sample Compendium, 64535.pdf",https://www.lpi.usra.edu/lunar/samples/atlas/compendium/64535.pdf,compendium,
64535,Apollo 16,https://www.lpi.usra.edu/lunar/samples/atlas/detail/?mission=Apollo%2016&sample=64535,1c0ca5879af15f259a2af0b281c61af0582818bd0c5b40e478849591623641a6,2026-10-04T09:18:17.403241+00:00,downloaded,Lunar Sample Catalog 64535 Description,http://curator.jsc.nasa.gov/lunar/catalogs/apollo16/part2/64535.pdf,catalog,
64536,Apollo 16,https://www.lpi.usra.edu/lunar/samples/atlas/detail/?mission=Apollo%2016&sample=64536,5a4baa0aaa8d7f955023a88f56425ed25751316ba6e56541e809b5ec74c765da,2026-10-04T09:18:18.213417+00:00,downloaded,"Lunar Sample Compendium, 64535.pdf",https://www.lpi.usra.edu/lunar/samples/atlas/compendium/64535.pdf,compendium,
64537,Apollo 16,https://www.lpi.usra.edu/lunar/samples/atlas/detail/?mission=Apollo%2016&sample=64537,3086c6b16b4053299c1831ec061fdbb97a83df1e3b789ae126953d51d70bd22e,2026-10-04T09:18:18.861026+00:00,downloaded,"Lunar Sample Compendium, 64535.pdf",https://www.lpi.usra.edu/lunar/samples/atlas/compendium/64535.pdf,compendium,
64538,Apollo 16,https://www.lpi.usra.edu/lunar/samples/atlas/detail/?mission=Apollo%2016&sample=64538,fe7b16a38b26e1d792e6dd7b0da705f57d827681dba755a68d640d4a9f7f9051,2026-10-04T09:18:19.552313+00:00,downloaded,"Lunar Sample Compendium, 64538.pdf",https://www.lpi.usra.edu/lunar/samples/atlas/compendium/64538.pdf,compendium,
64539,Apollo 16,https://www.lpi.usra.edu/lunar/samples/atlas/detail/?mission=Apollo%2016&sample=64539,afc5e263de93a10d364ab1e21c95e93cfa29f20dc9920439e77b382c45f3d7db,2026-10-04T09:18:20.204084+00:00,downloaded,"Lunar Sample Compendium, 64539.pdf",https://www.lpi.usra.edu/lunar/samples/atlas/compendium/64539.pdf,compendium,
64540,Apollo 16,https://www.lpi.usra.edu/lunar/samples/atlas/detail/?mission=Apollo%2016&sample=64540,9d3673e8926a18c747180bfcb7ea22b00b58d9cc4142503bb2ef6869f890a94c,2026-10-04T09:18:20.912589+00:00,downloaded_no_pdf,,,,
64541,Apollo 16,https://www.lpi.usra.edu/lunar/samples/atlas/detail/?mission=Apollo%2016&sample=64541,e3cbb706de7113a5b599885933a1e20e549655dab323cccdbda595c9b09334b1,2026-10-04T09:18:21.565895+00:00,downloaded_no_pdf,,,,
64542,Apollo 16,https://www.lpi.usra.edu/lunar/samples/atlas/detail/?mission=Apollo%2016&sample=64542,6d58cfb2777adf9c08f590bb0b001b98892141dac63ac278c7e73ab484e7baf4,2026-10-04T09:18:22.345768+00:00,downloaded_no_pdf,,,,
64543,Apollo 16,https://www.lpi.usra.edu/lunar/samples/atlas/detail/?mission=Apollo%2016&sample=64543,62b11851fee7825610e9cef9d006a83d86e0bea68d821c2b38627df18164d30e,2026-10-04T09:18:22.997510+00:00,downloaded_no_pdf,,,,
64544,Apollo 16,https://www.lpi.usra.edu/lunar/samples/atlas/detail/?mission=Apollo%2016&sample=64544,c23ce77990854209f6f1608bee62a5e3a37ac3d648190e3a9307ca120e8988a7,2026-10-04T09:18:23.776864+00:00,downloaded_no_pdf,,,,
64545,Apollo 16,https://www.lpi.usra.edu/lunar/samples/atlas/detail/?mission=Apollo%2016&sample=64545,9f2c72d8c5185f023ff333bbe505ca59f4d9bd7d09972d9fe18770d313e27904,2026-10-04T09:18:24.575718+00:00,downloaded,"Lunar Sample Compendium, 64539.pdf",https://www.lpi.usra.edu/lunar/samples/atlas/compendium/64539.pdf,compendium,
64546,Apollo 16,https://www.lpi.usra.edu/lunar/samples/atlas/detail/?mission=Apollo%2016&sample=64546,601508c8cec5e65d6302d8c20ef43a1cfa5a76b944c4257cd703297b00017ea4,2026-10-04T09:18:25.265916+00:00,downloaded,"Lunar Sample Compendium, 64539.pdf",https://www.lpi.usra.edu/lunar/samples/atlas/compendium/64539.pdf,compendium,
64547,Apollo 16,https://www.lpi.usra.edu/lunar/samples/atlas/detail/?mission=Apollo%2016&sample=64547,048e09463b9c544d6e86a5df6b0ce45efb79ddaca5b04a5ca6e0b81c03ef3a66,2026-10-04T09:18:26.013563+00:00,downloaded,"Lunar Sample Compendium, 64539.pdf",https://www.lpi.usra.edu/lunar/samples/atlas/compendium/64539.pdf,compendium,
64548,Apollo 16,https://www.lpi.usra.edu/lunar/samples/atlas/detail/?mission=Apollo%2016&sample=64548,08bbf179f343bb5ca1a0c3bf1c07e21ebdf3cf13e14c5053dd70fc4eaff27223,2026-10-04T09:18:26.671825+00:00,downloaded,"Lunar Sample Compendium, 64548.pdf",https://www.lpi.usra.edu/lunar/samples/atlas/compendium/64548.pdf,compendium,
64549,Apollo 16,https://www.lpi.usra.edu/lunar/samples/atlas/detail/?mission=Apollo%2016&sample=64549,9041b6e73f3e3bf49698d03a102461841ab8f4f98390c64f110f9b927374065d,2026-10-04T09:18:27.339235+00:00,downloaded,"Lunar Sample Compendium, 64539.pdf",https://www.lpi.usra.edu/lunar/samples/atlas/compendium/64539.pdf,compendium,
64550,Apollo 16,https://www.lpi.usra.edu/lunar/samples/atlas/detail/?mission=Apollo%2016&sample=64550,21504196dd479b67326457b9d9bd17950225be7d2efa141de95ba0c5ac32e6db,2026-10-04T09:18:28.148605+00:00,downloaded_no_pdf,,,,
64551,Apollo 16,https://www.lpi.usra.edu/lunar/samples/atlas/detail/?mission=Apollo%2016&sample=64551,ff40c91f56a4dc5d61ad8c540f318c8fad682337ae0838047c01dfbb0104a74b,2026-10-04T09:18:28.935625+00:00,downloaded_no_pdf,,,,
64552,Apollo 16,https://www.lpi.usra.edu/lunar/samples/atlas/detail/?mission=Apollo%2016&sample=64552,54db9d39c2d1c5fdcb4e5a8e16422be61946cbf42bc1453b47959c4cc5fb6a3c,2026-10-04T09:18:29.715947+00:00,downloaded_no_pdf,,,,
64553,Apollo 16,https://www.lpi.usra.edu/lunar/samples/atlas/detail/?mission=Apollo%2016&sample=64553,a2b41a31c0b64995d76afed3a04f778b02343ffb21601a6c362ed060082de55f,2026-10-04T09:18:30.366885+00:00,downloaded_no_pdf,,,,
64554,Apollo 16,https://www.lpi.usra.edu/lunar/samples/atlas/detail/?mission=Apollo%2016&sample=64554,ef0ab78a117c73835e1a88bdfff952816cb733b656ecbc6551644d4aaaeb8474,2026-10-04T09:18:31.019137+00:00,downloaded_no_pdf,,,,
64555,Apollo 16,https://www.lpi.usra.edu/lunar/samples/atlas/detail/?mission=Apollo%2016&sample=64555,a0013b28a4b8de2d791d089a2cd72c454d81783e2197b741fdd8133822cc2173,2026-10-04T09:18:31.664363+00:00,downloaded,"Lunar Sample Compendium, 64539.pdf",https://www.lpi.usra.edu/lunar/samples/atlas/compendium/64539.pdf,compendium,
64556,Apollo 16,https://www.lpi.usra.edu/lunar/samples/atlas/detail/?mission=Apollo%2016&sample=64556,78cd5b2c3c58944c7e4edb658e299980ffe8ff6cfb59baef7999d76f5dde84ad,2026-10-04T09:18:32.334838+00:00,downloaded,"Lunar Sample Compendium, 64539.pdf",https://www.lpi.usra.edu/lunar/samples/atlas/compendium/64539.pdf,compendium,
64557,Apollo 16,https://www.lpi.usra.edu/lunar/samples/atlas/detail/?mission=Apollo%2016&sample=64557,c009f23b0c10667b2e5736dd6687075333983dc805e6ea328555087dd646f9bf,2026-10-04T09:18:32.989395+00:00,downloaded,"Lunar Sample Compendium, 64539.pdf",https://www.lpi.usra.edu/lunar/samples/atlas/compendium/64539.pdf,compendium,
64558,Apollo 16,https://www.lpi.usra.edu/lunar/samples/atlas/detail/?mission=Apollo%2016&sample=64558,d19c97e02be2853e05dc275783ec4994afa64a496fcc6b5ef19123ba354a7c61,2026-10-04T09:18:33.762568+00:00,downloaded,"Lunar Sample Compendium, 64539.pdf",https://www.lpi.usra.edu/lunar/samples/atlas/compendium/64539.pdf,compendium,
64559,Apollo 16,https://www.lpi.usra.edu/lunar/samples/atlas/detail/?mission=Apollo%2016&sample=64559,0f28a01dfeaee4f1c2687a9c7d7d03b90338b473e40543869bc0e4080465665d,2026-10-04T09:18:34.560368+00:00,downloaded,"Lunar Sample Compendium, 64559.pdf",https://www.lpi.usra.edu/lunar/samples/atlas/compendium/64559.pdf,compendium,
64560,Apollo 16,https://www.lpi.usra.edu/lunar/samples/atlas/detail/?mission=Apollo%2016&sample=64560,029076959298b0a2ccb9ca179f0b65d1c7867f5a6965ca141e5f1da091921a86,2026-10-04T09:18:35.220352+00:00,downloaded_no_pdf,,,,
64561,Apollo 16,https://www.lpi.usra.edu/lunar/samples/atlas/detail/?mission=Apollo%2016&sample=64561,9fa77cae75944cfb912efad7f5be80ab04dbca903f267e30f4270a7fb3a6bb5a,2026-10-04T09:18:35.878778+00:00,downloaded_no_pdf,,,,
64562,Apollo 16,https://www.lpi.usra.edu/lunar/samples/atlas/detail/?mission=Apollo%2016&sample=64562,0a208b21b6c927dadd9fd0efb3a6ef822fd6a10431a906807182cca26b607cae,2026-10-04T09:18:36.537738+00:00,downloaded_no_pdf,,,,
64563,Apollo 16,https://www.lpi.usra.edu/lunar/samples/atlas/detail/?mission=Apollo%2016&sample=64563,caa374db71b35e54c522647c0b67b5a68ddd1c144f566ed3b0ee59b0ba7d9d7e,2026-10-04T09:18:37.208443+00:00,downloaded_no_pdf,,,,
64564,Apollo 16,https://www.lpi.usra.edu/lunar/samples/atlas/detail/?mission=Apollo%2016&sample=64564,f2ee1ce987e6ec169abff542556751db8c7842bf3b40b7db67cef0a8a03994ac,2026-10-04T09:18:37.986819+00:00,downloaded_no_pdf,,,,
64565,Apollo 16,https://www.lpi.usra.edu/lunar/samples/atlas/detail/?mission=Apollo%2016&sample=64565,b6d4846e214fb176ebe02fc756f6e7fb56665f6c69b4068efa52762b2463e91a,2026-10-04T09:18:38.636972+00:00,downloaded_no_pdf,,,,
64566,Apollo 16,https://www.lpi.usra.edu/lunar/samples/atlas/detail/?mission=Apollo%2016&sample=64566,621dd7dc0717fc2450aafe29e13390755da642088c1d1d17c9e1e1ac34cc00b8,2026-10-04T09:18:39.326343+00:00,downloaded,"Lunar Sample Compendium, 64566.pdf",https://www.lpi.usra.edu/lunar/samples/atlas/compendium/64566.pdf,compendium,
64567,Apollo 16,https://www.lpi.usra.edu/lunar/samples/atlas/detail/?mission=Apollo%2016&sample=64567,340352ee9b75ace70b79e872518c9730a6a4b3996176218c7f9b1110b247eee5,2026-10-04T09:18:39.988266+00:00,downloaded,"Lunar Sample Compendium, 64567.pdf",https://www.lpi.usra.edu/lunar/samples/atlas/compendium/64567.pdf,compendium,
64568,Apollo 16,https://www.lpi.usra.edu/lunar/samples/atlas/detail/?mission=Apollo%2016&sample=64568,d3556da77310995228438ae1c6bf60e6114f6f5f0bbc3bdec4cb39f79dfa22d7,2026-10-04T09:18:40.682196+00:00,downloaded,"Lunar Sample Compendium, 64568.pdf",https://www.lpi.usra.edu/lunar/samples/atlas/compendium/64568.pdf,compendium,
64569,Apollo 16,https://www.lpi.usra.edu/lunar/samples/atlas/detail/?mission=Apollo%2016&sample=64569,4914bfbed43af04f660c93ba1f20a1feded0d9d7c11dc6382820a2cb6cf514bc,2026-10-04T09:18:41.508290+00:00,downloaded,"Lunar Sample Compendium, 64567.pdf",https://www.lpi.usra.edu/lunar/samples/atlas/compendium/64567.pdf,compendium,
64570,Apollo 16,https://www.lpi.usra.edu/lunar/samples/atlas/detail/?mission=Apollo%2016&sample=64570,fbbe5e102c65c61e255c4fcfbe7a9ac9c7509552161373ab0f4cb901ea4cb639,2026-10-04T09:18:42.195718+00:00,downloaded_no_pdf,,,,
64571,Apollo 16,https://www.lpi.usra.edu/lunar/samples/atlas/detail/?mission=Apollo%2016&sample=64571,ad242415d1903fdd636a580dcb1563b2087291dcb07b98560b34556368cba0f0,2026-10-04T09:18:42.965931+00:00,downloaded_no_pdf,,,,
64572,Apollo 16,https://www.lpi.usra.edu/lunar/samples/atlas/detail/?mission=Apollo%2016&sample=64572,21e49151321b38e3d99faa11cc92dd96f9692896ab550058bbf1ad594d2ac5d8,2026-10-04T09:18:43.735690+00:00,downloaded_no_pdf,,,,
64573,Apollo 16,https://www.lpi.usra.edu/lunar/samples/atlas/detail/?mission=Apollo%2016&sample=64573,d006d723f6e5db009fbc7a16dd5dd7a1f87da29264216ac7687a4db443edc550,2026-10-04T09:18:44.396330+00:00,downloaded_no_pdf,,,,
64574,Apollo 16,https://www.lpi.usra.edu/lunar/samples/atlas/detail/?mission=Apollo%2016&sample=64574,56e6e9c241830b281f75ce1afc9204d57c71241e214ee4bc3671ff9eaa1d1d15,2026-10-04T09:18:45.174608+00:00,downloaded_no_pdf,,,,
64575,Apollo 16,https://www.lpi.usra.edu/lunar/samples/atlas/detail/?mission=Apollo%2016&sample=64575,c01b079d8f343da2be3f8418bcc2d6f205f16c9ceaec9d5ac342abe668449394,2026-10-04T09:18:45.957025+00:00,downloaded_no_pdf,,,,
64576,Apollo 16,https://www.lpi.usra.edu/lunar/samples/atlas/detail/?mission=Apollo%2016&sample=64576,82de6f69a7652c06046b6c0c460000398fa548ea58d8da890a44cdef84552c72,2026-10-04T09:18:46.729517+00:00,downloaded,"Lunar Sample Compendium, 64576.pdf",https://www.lpi.usra.edu/lunar/samples/atlas/compendium/64576.pdf,compendium,
64577,Apollo 16,https://www.lpi.usra.edu/lunar/samples/atlas/detail/?mission=Apollo%2016&sample=64577,2db8d84c6aaacf93115987f2199ed353e4c44c511d56911b38773e80a1c7c55a,2026-10-04T09:18:47.398517+00:00,downloaded_no_pdf,,,,
64578,Apollo 16,https://www.lpi.usra.edu/lunar/samples/atlas/detail/?mission=Apollo%2016&sample=64578,f5e2a203d485741a91f5db4183da6693e7b45c6f82943ce4f5c8ac98f47f01da,2026-10-04T09:18:48.068385+00:00,downloaded_no_pdf,,,,
64579,Apollo 16,https://www.lpi.usra.edu/lunar/samples/atlas/detail/?mission=Apollo%2016&sample=64579,993d80ede3e7fccde0c83c7f6558e5ef40ceb8df307daf350dddd10ab8e253ae,2026-10-04T09:18:48.737262+00:00,downloaded_no_pdf,,,,
64580,Apollo 16,https://www.lpi.usra.edu/lunar/samples/atlas/detail/?mission=Apollo%2016&sample=64580,26bb7a3ee1169ad24b228cb1034619101777850f4359654523c17778a26816c9,2026-10-04T09:18:49.395886+00:00,downloaded_no_pdf,,,,
64581,Apollo 16,https://www.lpi.usra.edu/lunar/samples/atlas/detail/?mission=Apollo%2016&sample=64581,809883901664af2f3a789558e4bc4ac0790f6c8d97614cd9b1ba79a6d763b00b,2026-10-04T09:18:50.178994+00:00,downloaded_no_pdf,,,,
64582,Apollo 16,https://www.lpi.usra.edu/lunar/samples/atlas/detail/?mission=Apollo%2016&sample=64582,79fa827380cc5b77f400f7ccb0b1a7bcd18f91fb1b801e2a67788a3e1f5ed63c,2026-10-04T09:18:50.829733+00:00,downloaded_no_pdf,,,,
64583,Apollo 16,https://www.lpi.usra.edu/lunar/samples/atlas/detail/?mission=Apollo%2016&sample=64583,90df5735b3942476a3426d76577e725ce3c9e8fe8146aab99ab1c5ac9f78f0af,2026-10-04T09:18:51.477789+00:00,downloaded_no_pdf,,,,
64584,Apollo 16,https://www.lpi.usra.edu/lunar/samples/atlas/detail/?mission=Apollo%2016&sample=64584,c2e7e8b2db9f18c80ae779119d0f602eb3807e2aec0afffa93405865e4e595a2,2026-10-04T09:18:52.123383+00:00,downloaded_no_pdf,,,,
64585,Apollo 16,https://www.lpi.usra.edu/lunar/samples/atlas/detail/?mission=Apollo%2016&sample=64585,5821eba6a6c1cd647781a31e98d469d2e4fac27fbae771cfbad5b767e1a70f2b,2026-10-04T09:18:52.754924+00:00,downloaded,"Lunar Sample Compendium, 64585.pdf",https://www.lpi.usra.edu/lunar/samples/atlas/compendium/64585.pdf,compendium,
64586,Apollo 16,https://www.lpi.usra.edu/lunar/samples/atlas/detail/?mission=Apollo%2016&sample=64586,9e44c96a9c91fd208dd6fb893029747005d2f483f4890a7472540e9689cb76d4,2026-10-04T09:18:53.410208+00:00,downloaded_no_pdf,,,,
64587,Apollo 16,https://www.lpi.usra.edu/lunar/samples/atlas/detail/?mission=Apollo%2016&sample=64587,bbc4882ac0d6abbc542b26b1d62add95c8c15a28f437d72b34bb097d746bc9f4,2026-10-04T09:18:54.061033+00:00,downloaded_no_pdf,,,,
64588,Apollo 16,https://www.lpi.usra.edu/lunar/samples/atlas/detail/?mission=Apollo%2016&sample=64588,7e86cea8d9b79f6f3b5aaa1ee5080f7b243ac06e22df0d86c82072bde878b471,2026-10-04T09:18:54.716219+00:00,downloaded_no_pdf,,,,
64589,Apollo 16,https://www.lpi.usra.edu/lunar/samples/atlas/detail/?mission=Apollo%2016&sample=64589,1dab8b2fb7d95fba9ad89e763bb47bc20d88e7f6097e7d4bb0ca5b12b4c4cf6e,2026-10-04T09:18:55.373694+00:00,downloaded_no_pdf,,,,
64800,Apollo 16,https://www.lpi.usra.edu/lunar/samples/atlas/detail/?mission=Apollo%2016&sample=64800,7dae88f9a94c8a8d5641132ae010e454699bf13f99b67843552bd276e4497871,2026-10-04T09:18:56.155134+00:00,downloaded_no_pdf,,,,
64801,Apollo 16,https://www.lpi.usra.edu/lunar/samples/atlas/detail/?mission=Apollo%2016&sample=64801,4e134edfd8e4d4679df05f6f0c9b9086482a13884e4ba6afc486087a0999d826,2026-10-04T09:18:56.807548+00:00,downloaded,"Lunar Sample Compendium, 64801.pdf",https://www.lpi.usra.edu/lunar/samples/atlas/compendium/64801.pdf,compendium,
64802,Apollo 16,https://www.lpi.usra.edu/lunar/samples/atlas/detail/?mission=Apollo%2016&sample=64802,7f5580365007ce67e532cd1f3e6b97012ab7826e130639b34a457254c5f2380c,2026-10-04T09:18:57.455861+00:00,downloaded_no_pdf,,,,
64803,Apollo 16,https://www.lpi.usra.edu/lunar/samples/atlas/detail/?mission=Apollo%2016&sample=64803,520521fbfefecf45fb7140a20a647bd5963c42e2ddf274b3ce38d13fec997818,2026-10-04T09:18:58.239473+00:00,downloaded_no_pdf,,,,
64804,Apollo 16,https://www.lpi.usra.edu/lunar/samples/atlas/detail/?mission=Apollo%2016&sample=64804,bee6e72b3f43466ac4f9ea46f222ffdceb7942b13c3308eed88a98f636bbff13,2026-10-04T09:18:59.075213+00:00,downloaded_no_pdf,,,,
64810,Apollo 16,https://www.lpi.usra.edu/lunar/samples/atlas/detail/?mission=Apollo%2016&sample=64810,f77e42acf121a5643c376217016666e4bd80996e0855d15091b14fb30cb95aad,2026-10-04T09:18:59.853801+00:00,downloaded,"Lunar Sample Compendium, 64801.pdf",https://www.lpi.usra.edu/lunar/samples/atlas/compendium/64801.pdf,compendium,
64811,Apollo 16,https://www.lpi.usra.edu/lunar/samples/atlas/detail/?mission=Apollo%2016&sample=64811,4e94da840bc275bf90fcb0f90232f683fd754f036365f643ff42cf0ecc5252a8,2026-10-04T09:19:00.681066+00:00,downloaded_no_pdf,,,,
64812,Apollo 16,https://www.lpi.usra.edu/lunar/samples/atlas/detail/?mission=Apollo%2016&sample=64812,040d55a828625a3a7ae726f8b1abb6b1399d23f7f3fe6b0440de60a3272b14ae,2026-10-04T09:19:01.480618+00:00,downloaded_no_pdf,,,,
64813,Apollo 16,https://www.lpi.usra.edu/lunar/samples/atlas/detail/?mission=Apollo%2016&sample=64813,3d699c714cf638df0e981f908fb2033fad7d7ba33f81264a1439fac732ebe75c,2026-10-04T09:19:02.147183+00:00,downloaded_no_pdf,,,,
64814,Apollo 16,https://www.lpi.usra.edu/lunar/samples/atlas/detail/?mission=Apollo%2016&sample=64814,0c9bddcf2c45d1ca0a88b23ea5f6c07aaa4c7bac76b6ecfa76dd78226ca603cf,2026-10-04T09:19:02.808757+00:00,downloaded_no_pdf,,,,
64815,Apollo 16,https://www.lpi.usra.edu/lunar/samples/atlas/detail/?mission=Apollo%2016&sample=64815,2499b5ec9ed2131802b9f5cdef1b993ecdd7231b0613d7dac5a0f4e05cb7ccf9,2026-10-04T09:19:03.604151+00:00,downloaded,"Lunar Sample Compendium, 64815.pdf",https://www.lpi.usra.edu/lunar/samples/atlas/compendium/64815.pdf,compendium,
64816,Apollo 16,https://www.lpi.usra.edu/lunar/samples/atlas/detail/?mission=Apollo%2016&sample=64816,51e6c8670649c8c01c4ada3ad00e201124096315e0ae0781b60d03607c0ad95e,2026-10-04T09:19:04.297094+00:00,downloaded,"Lunar Sample Compendium, 64816.pdf",https://www.lpi.usra.edu/lunar/samples/atlas/compendium/64816.pdf,compendium,
64817,Apollo 16,https://www.lpi.usra.edu/lunar/samples/atlas/detail/?mission=Apollo%2016&sample=64817,4aac7e0a0641b1e263da993f63714e6e5057df0c58a41f6e2bf6280fd8d4def4,2026-10-04T09:19:05.084609+00:00,downloaded,"Lunar Sample Compendium, 64817.pdf",https://www.lpi.usra.edu/lunar/samples/atlas/compendium/64817.pdf,compendium,
64818,Apollo 16,https://www.lpi.usra.edu/lunar/samples/atlas/detail/?mission=Apollo%2016&sample=64818,580251f13e805cbcc3fb0ed1aeb9b3a0af6bbc749b8dfa9f1a25530c672c56db,2026-10-04T09:19:05.775172+00:00,downloaded,"Lunar Sample Compendium, 64818.pdf",https://www.lpi.usra.edu/lunar/samples/atlas/compendium/64818.pdf,compendium,
64819,Apollo 16,https://www.lpi.usra.edu/lunar/samples/atlas/detail/?mission=Apollo%2016&sample=64819,68498de1a094f1c25cb7432e538ff416f36f15f1e9e881ff0bf381f89d32597a,2026-10-04T09:19:06.450545+00:00,downloaded_no_pdf,,,,
64820,Apollo 16,https://www.lpi.usra.edu/lunar/samples/atlas/detail/?mission=Apollo%2016&sample=64820,edff042bdd657800038c843d03e4b6015e5814ceb850ec3d47ac8e092c1091af,2026-10-04T09:19:07.148046+00:00,downloaded_no_pdf,,,,
64821,Apollo 16,https://www.lpi.usra.edu/lunar/samples/atlas/detail/?mission=Apollo%2016&sample=64821,7324a03d68305a661879177ba4163a85e379f62931c0e6d5bdb2608cf50ad2d0,2026-10-04T09:19:07.807626+00:00,downloaded_no_pdf,,,,
64822,Apollo 16,https://www.lpi.usra.edu/lunar/samples/atlas/detail/?mission=Apollo%2016&sample=64822,6242031cce9e716403f4296cebbec1af3e7155577f72d27970bb79c140ad2a56,2026-10-04T09:19:08.452462+00:00,downloaded_no_pdf,,,,
64823,Apollo 16,https://www.lpi.usra.edu/lunar/samples/atlas/detail/?mission=Apollo%2016&sample=64823,473b6f9fff636f68fd5b50343a45c683e77e5f5c687ef16576ee0f19c73fa6d6,2026-10-04T09:19:09.225944+00:00,downloaded_no_pdf,,,,
64824,Apollo 16,https://www.lpi.usra.edu/lunar/samples/atlas/detail/?mission=Apollo%2016&sample=64824,7456f11393693c67fe16dcfc72054bc2fc77740fadac6d6094cf72823a9fb465,2026-10-04T09:19:10.008674+00:00,downloaded_no_pdf,,,,
64825,Apollo 16,https://www.lpi.usra.edu/lunar/samples/atlas/detail/?mission=Apollo%2016&sample=64825,1085ee6cad8533df42ae053c0c4c47bfa1108ba67034ee8385d92ee28b9d68df,2026-10-04T09:19:10.656106+00:00,downloaded,"Lunar Sample Compendium, 64825.pdf",https://www.lpi.usra.edu/lunar/samples/atlas/compendium/64825.pdf,compendium,
64826,Apollo 16,https://www.lpi.usra.edu/lunar/samples/atlas/detail/?mission=Apollo%2016&sample=64826,bad707d78a336dbb3599778a0efd970761f4853b4faf37128a36eb0cf9f2ba7a,2026-10-04T09:19:11.324947+00:00,downloaded,"Lunar Sample Compendium, 64825.pdf",https://www.lpi.usra.edu/lunar/samples/atlas/compendium/64825.pdf,compendium,
64827,Apollo 16,https://www.lpi.usra.edu/lunar/samples/atlas/detail/?mission=Apollo%2016&sample=64827,4e027c760bc7aebc3129106ef90a55dc07fe1057ad81b7681655e3ae9dc5bb09,2026-10-04T09:19:12.135555+00:00,downloaded,"Lunar Sample Compendium, 64825.pdf",https://www.lpi.usra.edu/lunar/samples/atlas/compendium/64825.pdf,compendium,
64828,Apollo 16,https://www.lpi.usra.edu/lunar/samples/atlas/detail/?mission=Apollo%2016&sample=64828,cb3a320f96e8300556950e6709654e922a4e0b766e9936cbc6e7b70e231733f5,2026-10-04T09:19:12.800943+00:00,downloaded,"Lunar Sample Compendium, 64825.pdf",https://www.lpi.usra.edu/lunar/samples/atlas/compendium/64825.pdf,compendium,
64829,Apollo 16,https://www.lpi.usra.edu/lunar/samples/atlas/detail/?mission=Apollo%2016&sample=64829,5b5def48d9d864ed74458178758932c7a8241ce0d919ab77819b94ccf5d6420c,2026-10-04T09:19:13.443594+00:00,downloaded,"Lunar Sample Compendium, 64825.pdf",https://www.lpi.usra.edu/lunar/samples/atlas/compendium/64825.pdf,compendium,
64830,Apollo 16,https://www.lpi.usra.edu/lunar/samples/atlas/detail/?mission=Apollo%2016&sample=64830,fa78f0fea90b92fa337f867b74c7ab58db450912933688e2e8869134fc8b499e,2026-10-04T09:19:14.113267+00:00,downloaded_no_pdf,,,,
64831,Apollo 16,https://www.lpi.usra.edu/lunar/samples/atlas/detail/?mission=Apollo%2016&sample=64831,0952619b141868628421335574fd4c1faba4cd1ab54977d068cbcd3062230f26,2026-10-04T09:19:14.796698+00:00,downloaded_no_pdf,,,,
64832,Apollo 16,https://www.lpi.usra.edu/lunar/samples/atlas/detail/?mission=Apollo%2016&sample=64832,88001735f6d8b84d0369ca7f34639429a242e4dd0f4e867fdb450a11027af3b9,2026-10-04T09:19:15.478526+00:00,downloaded_no_pdf,,,,
64833,Apollo 16,https://www.lpi.usra.edu/lunar/samples/atlas/detail/?mission=Apollo%2016&sample=64833,873b27f5abb4353f372218c7554475561b7008a31c798ca6d73b74d95af9b2f2,2026-10-04T09:19:16.246002+00:00,downloaded_no_pdf,,,,
64834,Apollo 16,https://www.lpi.usra.edu/lunar/samples/atlas/detail/?mission=Apollo%2016&sample=64834,6e995bb8bfce5dbe745609eaf1d7a51f6bad883dc1d14cd8cba1ab9fd19865a8,2026-10-04T09:19:16.915951+00:00,downloaded_no_pdf,,,,
64835,Apollo 16,https://www.lpi.usra.edu/lunar/samples/atlas/detail/?mission=Apollo%2016&sample=64835,bf9c4e160422be4f3e924f6a892328ddeb70e288f63b3907c2502669659137da,2026-10-04T09:19:17.719591+00:00,downloaded,"Lunar Sample Compendium, 64825.pdf",https://www.lpi.usra.edu/lunar/samples/atlas/compendium/64825.pdf,compendium,
64836,Apollo 16,https://www.lpi.usra.edu/lunar/samples/atlas/detail/?mission=Apollo%2016&sample=64836,066a11ec8e76a376b63cd5d422f6614c9fb223f9fcd73fe12e1930f072d181bd,2026-10-04T09:19:18.383962+00:00,downloaded,"Lunar Sample Compendium, 64825.pdf",https://www.lpi.usra.edu/lunar/samples/atlas/compendium/64825.pdf,compendium,
64837,Apollo 16,https://www.lpi.usra.edu/lunar/samples/atlas/detail/?mission=Apollo%2016&sample=64837,806ed13a5b5365aa19e4cf08c64605220ed8f8568c3b657fe44967d5c601b6ad,2026-10-04T09:19:19.046617+00:00,downloaded,"Lunar Sample Compendium, 64825.pdf",https://www.lpi.usra.edu/lunar/samples/atlas/compendium/64825.pdf,compendium,
65015,Apollo 16,https://www.lpi.usra.edu/lunar/samples/atlas/detail/?mission=Apollo%2016&sample=65015,821e5a93187641203a2c65958c007c22283b534152b352d9d832856ca44dfc93,2026-10-04T09:19:19.699951+00:00,downloaded,"Lunar Sample Compendium, 65015.pdf",https://www.lpi.usra.edu/lunar/samples/atlas/compendium/65015.pdf,compendium,
65015,Apollo 16,https://www.lpi.usra.edu/lunar/samples/atlas/detail/?mission=Apollo%2016&sample=65015,821e5a93187641203a2c65958c007c22283b534152b352d9d832856ca44dfc93,2026-10-04T09:19:19.699951+00:00,downloaded,Lunar Sample Catalog 65015 Description,http://curator.jsc.nasa.gov/lunar/catalogs/apollo16/part2/65015.pdf,catalog,
65016,Apollo 16,https://www.lpi.usra.edu/lunar/samples/atlas/detail/?mission=Apollo%2016&sample=65016,5830c468b5b97550349c709964ba413d340d1b51f4249d0dbb91670504735943,2026-10-04T09:19:20.590858+00:00,downloaded,"Lunar Sample Compendium, 65016.pdf",https://www.lpi.usra.edu/lunar/samples/atlas/compendium/65016.pdf,compendium,
65016,Apollo 16,https://www.lpi.usra.edu/lunar/samples/atlas/detail/?mission=Apollo%2016&sample=65016,5830c468b5b97550349c709964ba413d340d1b51f4249d0dbb91670504735943,2026-10-04T09:19:20.590858+00:00,downloaded,Lunar Sample Catalog 65016 Description,http://curator.jsc.nasa.gov/lunar/catalogs/apollo16/part2/65016.pdf,catalog,
65030,Apollo 16,https://www.lpi.usra.edu/lunar/samples/atlas/detail/?mission=Apollo%2016&sample=65030,8775dc9d26365115121f29aae4559c501c9bdda269a17b6f86c44296d1d4e74b,2026-10-04T09:19:21.282323+00:00,downloaded_no_pdf,,,,
65035,Apollo 16,https://www.lpi.usra.edu/lunar/samples/atlas/detail/?mission=Apollo%2016&sample=65035,3a07b1dfc52126105668b4cd884d74438802d44f4a2c580d677b10d15af95c6f,2026-10-04T09:19:21.935310+00:00,downloaded,"Lunar Sample Compendium, 65035.pdf",https://www.lpi.usra.edu/lunar/samples/atlas/compendium/65035.pdf,compendium,
65035,Apollo 16,https://www.lpi.usra.edu/lunar/samples/atlas/detail/?mission=Apollo%2016&sample=65035,3a07b1dfc52126105668b4cd884d74438802d44f4a2c580d677b10d15af95c6f,2026-10-04T09:19:21.935310+00:00,downloaded,Lunar Sample Catalog 65035 Description,http://curator.jsc.nasa.gov/lunar/catalogs/apollo16/part2/65035.pdf,catalog,
65050,Apollo 16,https://www.lpi.usra.edu/lunar/samples/atlas/detail/?mission=Apollo%2016&sample=65050,8a33024f3572bc9d613f0eb81ca98b6936ecf8cf5d221eb2de1e6b2381e5ab69,2026-10-04T09:19:22.764350+00:00,downloaded_no_pdf,,,,
65055,Apollo 16,https://www.lpi.usra.edu/lunar/samples/atlas/detail/?mission=Apollo%2016&sample=65055,8c27a9d4b4e7034eca6896e55e975f61aa2d0d3714978460b329b0285f16248c,2026-10-04T09:19:23.408287+00:00,downloaded,"Lunar Sample Compendium, 65055.pdf",https://www.lpi.usra.edu/lunar/samples/atlas/compendium/65055.pdf,compendium,
65056,Apollo 16,https://www.lpi.usra.edu/lunar/samples/atlas/detail/?mission=Apollo%2016&sample=65056,1b1aec0bdc10f1a7ee8f632d1d59953cbbb638ff12fda80e28a8eb4c4ffe562a,2026-10-04T09:19:24.153422+00:00,downloaded,"Lunar Sample Compendium, 65056.pdf",https://www.lpi.usra.edu/lunar/samples/atlas/compendium/65056.pdf,compendium,
65070,Apollo 16,https://www.lpi.usra.edu/lunar/samples/atlas/detail/?mission=Apollo%2016&sample=65070,eda5ffbec15656fe50c3cbd83733c502873f9d50ada1c1d05dcbf009fe0b989c,2026-10-04T09:19:24.804100+00:00,downloaded_no_pdf,,,,
65075,Apollo 16,https://www.lpi.usra.edu/lunar/samples/atlas/detail/?mission=Apollo%2016&sample=65075,2f35377eb6f2db97013769f9348f44e484dfd84dcaeb2d1d930a4db09b7f254b,2026-10-04T09:19:25.466228+00:00,downloaded,"Lunar Sample Compendium, 65075.pdf",https://www.lpi.usra.edu/lunar/samples/atlas/compendium/65075.pdf,compendium,
65090,Apollo 16,https://www.lpi.usra.edu/lunar/samples/atlas/detail/?mission=Apollo%2016&sample=65090,8d241f6f5a927139f62e45588e2d360e1b974f9f588cda3e37132101fdbe39cb,2026-10-04T09:19:26.281348+00:00,downloaded_no_pdf,,,,
65095,Apollo 16,https://www.lpi.usra.edu/lunar/samples/atlas/detail/?mission=Apollo%2016&sample=65095,e401c7e631152dc0acdfd02ac6e1afaeba261a4bc33d313c0a2003bbc155e392,2026-10-04T09:19:27.059756+00:00,downloaded,"Lunar Sample Compendium, 65095.pdf",https://www.lpi.usra.edu/lunar/samples/atlas/compendium/65095.pdf,compendium,
65310,Apollo 16,https://www.lpi.usra.edu/lunar/samples/atlas/detail/?mission=Apollo%2016&sample=65310,48f1360f4cee292da86b03e39c6daf7eabc0d3e3efbb634ab0e6a749e6d85699,2026-10-04T09:19:27.889673+00:00,downloaded_no_pdf,,,,
65315,Apollo 16,https://www.lpi.usra.edu/lunar/samples/atlas/detail/?mission=Apollo%2016&sample=65315,d0fe00470dffe050957bda168463155261e89d13dccf230e87ddeda4ad44f006,2026-10-04T09:19:28.539744+00:00,downloaded,"Lunar Sample Compendium, 65315.pdf",https://www.lpi.usra.edu/lunar/samples/atlas/compendium/65315.pdf,compendium,
65315,Apollo 16,https://www.lpi.usra.edu/lunar/samples/atlas/detail/?mission=Apollo%2016&sample=65315,d0fe00470dffe050957bda168463155261e89d13dccf230e87ddeda4ad44f006,2026-10-04T09:19:28.539744+00:00,downloaded,Lunar Sample Catalog 65315 Description,http://curator.jsc.nasa.gov/lunar/catalogs/apollo16/part2/65315.pdf,catalog,
65325,Apollo 16,https://www.lpi.usra.edu/lunar/samples/atlas/detail/?mission=Apollo%2016&sample=65325,4f35d820fef066d129ab1f39983007f78411b1bdd108b653f019bd00ac2ec60c,2026-10-04T09:19:29.368916+00:00,downloaded,"Lunar Sample Compendium, 65325.pdf",https://www.lpi.usra.edu/lunar/samples/atlas/compendium/65325.pdf,compendium,
65325,Apollo 16,https://www.lpi.usra.edu/lunar/samples/atlas/detail/?mission=Apollo%2016&sample=65325,4f35d820fef066d129ab1f39983007f78411b1bdd108b653f019bd00ac2ec60c,2026-10-04T09:19:29.368916+00:00,downloaded,Lunar Sample Catalog 65325 Description,http://curator.jsc.nasa.gov/lunar/catalogs/apollo16/part2/65325.pdf,catalog,
65326,Apollo 16,https://www.lpi.usra.edu/lunar/samples/atlas/detail/?mission=Apollo%2016&sample=65326,beaf2c8f8a59942840d3211f8d576549d5625b80f5124f430745ca6ee927465e,2026-10-04T09:19:30.162045+00:00,downloaded,"Lunar Sample Compendium, 65326.pdf",https://www.lpi.usra.edu/lunar/samples/atlas/compendium/65326.pdf,compendium,
65327,Apollo 16,https://www.lpi.usra.edu/lunar/samples/atlas/detail/?mission=Apollo%2016&sample=65327,a7bf07390ac039cb9b96fb17caab89cbf701dac72912c854dfde159e5903d0cf,2026-10-04T09:19:30.849518+00:00,downloaded,"Lunar Sample Compendium, 65325.pdf",https://www.lpi.usra.edu/lunar/samples/atlas/compendium/65325.pdf,compendium,
65328,Apollo 16,https://www.lpi.usra.edu/lunar/samples/atlas/detail/?mission=Apollo%2016&sample=65328,de6a6a7830afa4b518d8718408e5eb6adbbd8202e0e77a2c74bc998e4fd47fa3,2026-10-04T09:19:31.640827+00:00,downloaded_no_pdf,,,,
65329,Apollo 16,https://www.lpi.usra.edu/lunar/samples/atlas/detail/?mission=Apollo%2016&sample=65329,a2383b11f5581b0361caf16add5668d4a3c944d26b04386001886b34d884eed7,2026-10-04T09:19:32.292557+00:00,downloaded_no_pdf,,,,
65335,Apollo 16,https://www.lpi.usra.edu/lunar/samples/atlas/detail/?mission=Apollo%2016&sample=65335,0f6b15bacb0c7b677235817bbaf45122ef7a5a4f6a554b02c9bafe1348f3a4d1,2026-10-04T09:19:32.943903+00:00,downloaded_no_pdf,,,,
65336,Apollo 16,https://www.lpi.usra.edu/lunar/samples/atlas/detail/?mission=Apollo%2016&sample=65336,181d12992ac613c71ffc2bd6752e87ec13c61a21aa918f32ee2b333118ff28e6,2026-10-04T09:19:33.724043+00:00,downloaded_no_pdf,,,,
65337,Apollo 16,https://www.lpi.usra.edu/lunar/samples/atlas/detail/?mission=Apollo%2016&sample=65337,c003689301c277cc5a11c9c2da6a85da33f2318a3a38765d595998bcfe323112,2026-10-04T09:19:34.618486+00:00,downloaded_no_pdf,,,,
65338,Apollo 16,https://www.lpi.usra.edu/lunar/samples/atlas/detail/?mission=Apollo%2016&sample=65338,496f9aba32b604b7dde750f7cd5b5e76870736007588cf91ce78b4e798e73c6d,2026-10-04T09:19:35.417336+00:00,downloaded_no_pdf,,,,
65339,Apollo 16,https://www.lpi.usra.edu/lunar/samples/atlas/detail/?mission=Apollo%2016&sample=65339,a5485b02229fcb82a327f4f006ea3c310fa5444e3350ed3e328e503c0e385e97,2026-10-04T09:19:36.258879+00:00,downloaded_no_pdf,,,,
65345,Apollo 16,https://www.lpi.usra.edu/lunar/samples/atlas/detail/?mission=Apollo%2016&sample=65345,a94ab0db79acc88f7ba37fc87cc669bd4cf53863e210309f1ed01084199dd2bd,2026-10-04T09:19:37.475653+00:00,downloaded_no_pdf,,,,
65346,Apollo 16,https://www.lpi.usra.edu/lunar/samples/atlas/detail/?mission=Apollo%2016&sample=65346,659b461bfd0e313861da1041043b31216da630a8dba677a640986fa4b1e93f50,2026-10-04T09:19:38.693039+00:00,downloaded_no_pdf,,,,
65347,Apollo 16,https://www.lpi.usra.edu/lunar/samples/atlas/detail/?mission=Apollo%2016&sample=65347,aef46bfec7fb2af7315fd15e0a30d45373f463ff0ec607cbe36d4592ad7a8004,2026-10-04T09:19:39.927209+00:00,downloaded_no_pdf,,,,
65348,Apollo 16,https://www.lpi.usra.edu/lunar/samples/atlas/detail/?mission=Apollo%2016&sample=65348,7f7b0ca9ea847b9cf6723f01cb6b35391d2c14c548eef9888c86c835427b99c9,2026-10-04T09:19:41.116379+00:00,downloaded_no_pdf,,,,
65349,Apollo 16,https://www.lpi.usra.edu/lunar/samples/atlas/detail/?mission=Apollo%2016&sample=65349,b13fbcc7d868c5ec33e3591cd697b4b7e268771cb3ca0032d9dd58286fff7dd0,2026-10-04T09:19:42.348941+00:00,downloaded_no_pdf,,,,
65355,Apollo 16,https://www.lpi.usra.edu/lunar/samples/atlas/detail/?mission=Apollo%2016&sample=65355,4c6ae696ec938ba93ae0320e200b6a974fecde7a4b8b4a7fbbf73d2330d60177,2026-10-04T09:19:43.506406+00:00,downloaded_no_pdf,,,,
65356,Apollo 16,https://www.lpi.usra.edu/lunar/samples/atlas/detail/?mission=Apollo%2016&sample=65356,0b609638c05357c7e32cbf231291c9d633335fba99f4bddf5f9ca131ab3321a3,2026-10-04T09:19:44.332460+00:00,downloaded_no_pdf,,,,
65357,Apollo 16,https://www.lpi.usra.edu/lunar/samples/atlas/detail/?mission=Apollo%2016&sample=65357,ce72e546018bd3fec652d90e3920d9c04337c8c99db5bce837ac1918e8084883,2026-10-04T09:19:45.532967+00:00,downloaded,"Lunar Sample Compendium, 65357.pdf",https://www.lpi.usra.edu/lunar/samples/atlas/compendium/65357.pdf,compendium,
65358,Apollo 16,https://www.lpi.usra.edu/lunar/samples/atlas/detail/?mission=Apollo%2016&sample=65358,9ad4241e2723be7d973e8371d988fee84f1edb7775b1eeda4f1ea7d8e8340270,2026-10-04T09:19:46.335821+00:00,downloaded,"Lunar Sample Compendium, 65357.pdf",https://www.lpi.usra.edu/lunar/samples/atlas/compendium/65357.pdf,compendium,
65359,Apollo 16,https://www.lpi.usra.edu/lunar/samples/atlas/detail/?mission=Apollo%2016&sample=65359,e51219e3c6ce1e145cd54c6b5136200fb64dc4e1ad66c0291f0ae5c9dd104dc3,2026-10-04T09:19:47.646494+00:00,downloaded_no_pdf,,,,
65365,Apollo 16,https://www.lpi.usra.edu/lunar/samples/atlas/detail/?mission=Apollo%2016&sample=65365,adbdb5ff9d3524ebb5b30c218c4ad09886df5146bb61618ce0f2e83105fb97c1,2026-10-04T09:19:48.485449+00:00,downloaded_no_pdf,,,,
65366,Apollo 16,https://www.lpi.usra.edu/lunar/samples/atlas/detail/?mission=Apollo%2016&sample=65366,69b1de300a3285d6d33f4f3b4220ea34d65ee50a82c08ed154c49c18c29ccc78,2026-10-04T09:19:49.693470+00:00,downloaded_no_pdf,,,,
65500,Apollo 16,https://www.lpi.usra.edu/lunar/samples/atlas/detail/?mission=Apollo%2016&sample=65500,5bb85966388aa5633b933ab301370ed7a9e90c907ddce9c74a0f47b132cb4d96,2026-10-04T09:19:50.514163+00:00,downloaded_no_pdf,,,,
65501,Apollo 16,https://www.lpi.usra.edu/lunar/samples/atlas/detail/?mission=Apollo%2016&sample=65501,b00ccfbe2a6667f924bd1002a89ec90b03ef389541ef2cf4cd4eb6f503e7d932,2026-10-04T09:19:51.690040+00:00,downloaded,"Lunar Sample Compendium, 65501.pdf",https://www.lpi.usra.edu/lunar/samples/atlas/compendium/65501.pdf,compendium,
65502,Apollo 16,https://www.lpi.usra.edu/lunar/samples/atlas/detail/?mission=Apollo%2016&sample=65502,6ea445ca9b2eec13ccb664cbb174b50d343fa1b28b058611f13839ce82b16c9e,2026-10-04T09:19:52.888897+00:00,downloaded_no_pdf,,,,
65503,Apollo 16,https://www.lpi.usra.edu/lunar/samples/atlas/detail/?mission=Apollo%2016&sample=65503,82ef7adbec376abc8ea1db582f7be0ed4d1b842fd309336c48be73788a751d14,2026-10-04T09:19:54.115199+00:00,downloaded_no_pdf,,,,
65504,Apollo 16,https://www.lpi.usra.edu/lunar/samples/atlas/detail/?mission=Apollo%2016&sample=65504,aae4ae04697af9831de24019ac3922c3c8748d433761bef4c172f51942e79dfa,2026-10-04T09:19:54.922149+00:00,downloaded_no_pdf,,,,
65510,Apollo 16,https://www.lpi.usra.edu/lunar/samples/atlas/detail/?mission=Apollo%2016&sample=65510,c4dc49fe75b7673fb991dd04a743c6548644e1dbac9c6090287cc0ec95046d62,2026-10-04T09:19:55.732014+00:00,downloaded,"Lunar Sample Compendium, 65501.pdf",https://www.lpi.usra.edu/lunar/samples/atlas/compendium/65501.pdf,compendium,
65511,Apollo 16,https://www.lpi.usra.edu/lunar/samples/atlas/detail/?mission=Apollo%2016&sample=65511,70ad29ef755201c0134b3cc232827a88daa13e6b579adc69ed158ac20d675a88,2026-10-04T09:19:56.561922+00:00,downloaded_no_pdf,,,,
65512,Apollo 16,https://www.lpi.usra.edu/lunar/samples/atlas/detail/?mission=Apollo%2016&sample=65512,3082686eeca7d718e9eac29633a1bdf2c1cc5d606dd50c1074507220a0407e20,2026-10-04T09:19:57.395503+00:00,downloaded_no_pdf,,,,
65513,Apollo 16,https://www.lpi.usra.edu/lunar/samples/atlas/detail/?mission=Apollo%2016&sample=65513,d28084b1f82a8f21598eda317782f4004ef9bd0fe84c865dae6760e7a7429c94,2026-10-04T09:19:58.225215+00:00,downloaded_no_pdf,,,,
65514,Apollo 16,https://www.lpi.usra.edu/lunar/samples/atlas/detail/?mission=Apollo%2016&sample=65514,e61c7ad9cb815ea6b905ac0f8613379856f294ecd8d72bc0a16b2b7c35806bda,2026-10-04T09:19:59.449220+00:00,downloaded_no_pdf,,,,
65515,Apollo 16,https://www.lpi.usra.edu/lunar/samples/atlas/detail/?mission=Apollo%2016&sample=65515,e969f2efca36864b3e55405ed88a39808a33516e764817e08bfdc4c719ec373b,2026-10-04T09:20:00.277589+00:00,downloaded,"Lunar Sample Compendium, 65515.pdf",https://www.lpi.usra.edu/lunar/samples/atlas/compendium/65515.pdf,compendium,
65516,Apollo 16,https://www.lpi.usra.edu/lunar/samples/atlas/detail/?mission=Apollo%2016&sample=65516,5d7ea57b3fce314fef4b4a2db72987591e7da9e89db3124dd0eec211ff15fbc7,2026-10-04T09:20:01.510293+00:00,downloaded,"Lunar Sample Compendium, 65515.pdf",https://www.lpi.usra.edu/lunar/samples/atlas/compendium/65515.pdf,compendium,
65517,Apollo 16,https://www.lpi.usra.edu/lunar/samples/atlas/detail/?mission=Apollo%2016&sample=65517,cb69df9fea6a7fb54598aa211553b6ce34a51e4e7f0e374794f9559da82ab2c3,2026-10-04T09:20:02.744809+00:00,downloaded,"Lunar Sample Compendium, 65515.pdf",https://www.lpi.usra.edu/lunar/samples/atlas/compendium/65515.pdf,compendium,
65518,Apollo 16,https://www.lpi.usra.edu/lunar/samples/atlas/detail/?mission=Apollo%2016&sample=65518,ae12e93bacaa931a72ef7c2ffb7dcc729b04d063903a57f774dc7a1a90b79277,2026-10-04T09:20:03.892626+00:00,downloaded,"Lunar Sample Compendium, 65515.pdf",https://www.lpi.usra.edu/lunar/samples/atlas/compendium/65515.pdf,compendium,
65519,Apollo 16,https://www.lpi.usra.edu/lunar/samples/atlas/detail/?mission=Apollo%2016&sample=65519,5bf05c5604df7e51441ff908e1fd5edd09bac985ff3e7cfa0a9a442c0cf05178,2026-10-04T09:20:05.105858+00:00,downloaded,"Lunar Sample Compendium, 65515.pdf",https://www.lpi.usra.edu/lunar/samples/atlas/compendium/65515.pdf,compendium,
65520,Apollo 16,https://www.lpi.usra.edu/lunar/samples/atlas/detail/?mission=Apollo%2016&sample=65520,0d4b2a7077485e45ab33f83b5ca5999ba2000d541933cc865d9055b912285997,2026-10-04T09:20:06.286746+00:00,downloaded_no_pdf,,,,
65521,Apollo 16,https://www.lpi.usra.edu/lunar/samples/atlas/detail/?mission=Apollo%2016&sample=65521,d2c2836977c9bc6e00ebb4ea18db4f0635427ce954b3fa626707c5ef7cb6d6ff,2026-10-04T09:20:07.084180+00:00,downloaded_no_pdf,,,,
65522,Apollo 16,https://www.lpi.usra.edu/lunar/samples/atlas/detail/?mission=Apollo%2016&sample=65522,51c3aeb051925d1f202264e8f1539665a4fad9f83519ce2823d528820a4a62e0,2026-10-04T09:20:08.085514+00:00,downloaded_no_pdf,,,,
65523,Apollo 16,https://www.lpi.usra.edu/lunar/samples/atlas/detail/?mission=Apollo%2016&sample=65523,ae3bafe0fa45d062e428f7985c0e7a2ce21ca990df30e2b446481908ce694566,2026-10-04T09:20:09.061407+00:00,downloaded_no_pdf,,,,
65524,Apollo 16,https://www.lpi.usra.edu/lunar/samples/atlas/detail/?mission=Apollo%2016&sample=65524,5a8de6e74897eea8a06f0d37b0c6669157080db24452b00452a631645466258b,2026-10-04T09:20:09.800676+00:00,downloaded_no_pdf,,,,
65525,Apollo 16,https://www.lpi.usra.edu/lunar/samples/atlas/detail/?mission=Apollo%2016&sample=65525,7d2082945293cc464dc99666336e8d7c53178b9f7980b8351762626ffd6b4b94,2026-10-04T09:20:10.542349+00:00,downloaded,"Lunar Sample Compendium, 65515.pdf",https://www.lpi.usra.edu/lunar/samples/atlas/compendium/65515.pdf,compendium,
65526,Apollo 16,https://www.lpi.usra.edu/lunar/samples/atlas/detail/?mission=Apollo%2016&sample=65526,7128904c3426d97ee2381635a8726ee2a17d5f5a3f5c8d70f8ccbc87b627ac93,2026-10-04T09:20:11.533146+00:00,downloaded_no_pdf,,,,
65527,Apollo 16,https://www.lpi.usra.edu/lunar/samples/atlas/detail/?mission=Apollo%2016&sample=65527,e783033990836e2980c89e962f93001f3e9431791eb51da499eea277bf9ef083,2026-10-04T09:20:12.272429+00:00,downloaded_no_pdf,,,,
65528,Apollo 16,https://www.lpi.usra.edu/lunar/samples/atlas/detail/?mission=Apollo%2016&sample=65528,ae9b51bca127201cdfebfc9f8f23a868c37a62130c66d640db280ea4b3894632,2026-10-04T09:20:13.292482+00:00,downloaded_no_pdf,,,,
65529,Apollo 16,https://www.lpi.usra.edu/lunar/samples/atlas/detail/?mission=Apollo%2016&sample=65529,127b8d2173b064d0b84e16bb01a77518134b9d3c57bf80ec6c374ddd2fc4c2cb,2026-10-04T09:20:14.032965+00:00,downloaded_no_pdf,,,,
65530,Apollo 16,https://www.lpi.usra.edu/lunar/samples/atlas/detail/?mission=Apollo%2016&sample=65530,6ed95f7bec9f9d62a6b2b45cd4d49fcf93e1f0751d162890fed9cf365ce2d65c,2026-10-04T09:20:14.774231+00:00,downloaded_no_pdf,,,,
65531,Apollo 16,https://www.lpi.usra.edu/lunar/samples/atlas/detail/?mission=Apollo%2016&sample=65531,26f56215271cecad27c6affca20c4f1bcd26a19c239676ba7d1f3f60224b8ec3,2026-10-04T09:20:15.802562+00:00,downloaded_no_pdf,,,,
65532,Apollo 16,https://www.lpi.usra.edu/lunar/samples/atlas/detail/?mission=Apollo%2016&sample=65532,705e2d182c96007c157dcebed5ee37309e76748f826af6f95373372d0a4e1032,2026-10-04T09:20:16.850215+00:00,downloaded_no_pdf,,,,
65533,Apollo 16,https://www.lpi.usra.edu/lunar/samples/atlas/detail/?mission=Apollo%2016&sample=65533,b9e7f14034bc6b1320932ab31a81dac5ecc3fbdd5467ef4b6ff6eb5b81173940,2026-10-04T09:20:17.635800+00:00,downloaded_no_pdf,,,,
65534,Apollo 16,https://www.lpi.usra.edu/lunar/samples/atlas/detail/?mission=Apollo%2016&sample=65534,d6694b2eaa6210a17ada380ac80b609def92a94c9e9c31ec78d13b59ef9889bc,2026-10-04T09:20:18.848894+00:00,downloaded_no_pdf,,,,
65535,Apollo 16,https://www.lpi.usra.edu/lunar/samples/atlas/detail/?mission=Apollo%2016&sample=65535,23dbbb492a1e73d1bd2e7c0345b320629fa13adc0060455ca2d7dcf6cda16391,2026-10-04T09:20:19.655350+00:00,downloaded_no_pdf,,,,
65536,Apollo 16,https://www.lpi.usra.edu/lunar/samples/atlas/detail/?mission=Apollo%2016&sample=65536,529f891b85be628c9432fccb5987aeaffae206b78101050df91752c4264058a7,2026-10-04T09:20:20.857244+00:00,downloaded_no_pdf,,,,
65537,Apollo 16,https://www.lpi.usra.edu/lunar/samples/atlas/detail/?mission=Apollo%2016&sample=65537,f5d509cb39bb34dd5c1ebac65f447b5df9168169b0b1b9625bca5fa9e00d852f,2026-10-04T09:20:22.345843+00:00,downloaded_no_pdf,,,,
65538,Apollo 16,https://www.lpi.usra.edu/lunar/samples/atlas/detail/?mission=Apollo%2016&sample=65538,1a1302b6921435b96cf7360990e2119a2b9ef2ff9c60179a248019c0e4117012,2026-10-04T09:20:23.184693+00:00,downloaded_no_pdf,,,,
65539,Apollo 16,https://www.lpi.usra.edu/lunar/samples/atlas/detail/?mission=Apollo%2016&sample=65539,be2bbc77579457708cd186e4004fd1dcad274b084c23843b80bd2a8bb44d77f4,2026-10-04T09:20:24.365983+00:00,downloaded_no_pdf,,,,
65540,Apollo 16,https://www.lpi.usra.edu/lunar/samples/atlas/detail/?mission=Apollo%2016&sample=65540,32a9a30eccc0d804bcb4fbf5d034ba3ae03508a1bca9a302f3628da1d7e179c4,2026-10-04T09:20:25.586602+00:00,downloaded_no_pdf,,,,
65541,Apollo 16,https://www.lpi.usra.edu/lunar/samples/atlas/detail/?mission=Apollo%2016&sample=65541,0fcb07a5583b4e9f47454cc861beb0aa9526e37ffdaaa68f8e650aeb8fdd0d67,2026-10-04T09:20:26.434447+00:00,downloaded_no_pdf,,,,
65542,Apollo 16,https://www.lpi.usra.edu/lunar/samples/atlas/detail/?mission=Apollo%2016&sample=65542,1465badd7b00ca5df5e65c3da4cf93e336452eba7b3015a17298dfe70f85fd54,2026-10-04T09:20:27.685172+00:00,downloaded_no_pdf,,,,
65543,Apollo 16,https://www.lpi.usra.edu/lunar/samples/atlas/detail/?mission=Apollo%2016&sample=65543,c67cd4c325a7c35633b73694c398f3946137215affe1f7e8f7a3286826271c69,2026-10-04T09:20:28.494088+00:00,downloaded_no_pdf,,,,
65544,Apollo 16,https://www.lpi.usra.edu/lunar/samples/atlas/detail/?mission=Apollo%2016&sample=65544,8760418b56e567fbf5cd85281341a4eec2bdd7efe67b4306cca3a0bd633cb2c3,2026-10-04T09:20:29.305739+00:00,downloaded_no_pdf,,,,
65545,Apollo 16,https://www.lpi.usra.edu/lunar/samples/atlas/detail/?mission=Apollo%2016&sample=65545,6ba46491a199fa79acf775f5ba514a1df4ca7214593f787d0611309dcd8364c2,2026-10-04T09:20:30.124488+00:00,downloaded_no_pdf,,,,
65546,Apollo 16,https://www.lpi.usra.edu/lunar/samples/atlas/detail/?mission=Apollo%2016&sample=65546,e0a07758d88249564f15027cc8716d2d2774980ee059218141ded6f636e48132,2026-10-04T09:20:30.967187+00:00,downloaded_no_pdf,,,,
65547,Apollo 16,https://www.lpi.usra.edu/lunar/samples/atlas/detail/?mission=Apollo%2016&sample=65547,8bdacdc17ed957aac048bdbd0bb7028056e78ec4b25a1b6ec4db569228fb12e9,2026-10-04T09:20:32.205030+00:00,downloaded_no_pdf,,,,
65548,Apollo 16,https://www.lpi.usra.edu/lunar/samples/atlas/detail/?mission=Apollo%2016&sample=65548,8b071bae7df4f3fee3fc4f98e76e4a49c7152d0319a42955296eb0550c8ef29a,2026-10-04T09:20:33.463391+00:00,downloaded_no_pdf,,,,
65549,Apollo 16,https://www.lpi.usra.edu/lunar/samples/atlas/detail/?mission=Apollo%2016&sample=65549,52e590ca44acdf519b46af3bf88b7033337585d2558e2ec7b15c4bd52d63ac8f,2026-10-04T09:20:34.596005+00:00,downloaded_no_pdf,,,,
65550,Apollo 16,https://www.lpi.usra.edu/lunar/samples/atlas/detail/?mission=Apollo%2016&sample=65550,b67a6730ca59774924476dcb23857dbc94c1ba297c18566adf518b981b2ee171,2026-10-04T09:20:35.765186+00:00,downloaded_no_pdf,,,,
65551,Apollo 16,https://www.lpi.usra.edu/lunar/samples/atlas/detail/?mission=Apollo%2016&sample=65551,93c18237a7ef9659eb1a19da87feb89840b506467eb55917d552cc2b66cbcdf1,2026-10-04T09:20:36.981687+00:00,downloaded_no_pdf,,,,
65552,Apollo 16,https://www.lpi.usra.edu/lunar/samples/atlas/detail/?mission=Apollo%2016&sample=65552,57a7585f32f1d4b0f45ec29c16bf8157f4b2c693eb4ed049cdf53a5f444ecec8,2026-10-04T09:20:38.225431+00:00,downloaded_no_pdf,,,,
65553,Apollo 16,https://www.lpi.usra.edu/lunar/samples/atlas/detail/?mission=Apollo%2016&sample=65553,a0f41545ec97f01cc7b55488482888369fa76181ef010a9e9fbefc5d83bdfeb6,2026-10-04T09:20:39.428330+00:00,downloaded_no_pdf,,,,
65554,Apollo 16,https://www.lpi.usra.edu/lunar/samples/atlas/detail/?mission=Apollo%2016&sample=65554,9c46e7e0033f63af2e91045223814f8f8a45182658bc625ea32d9dfd402781d9,2026-10-04T09:20:40.343083+00:00,downloaded_no_pdf,,,,
65555,Apollo 16,https://www.lpi.usra.edu/lunar/samples/atlas/detail/?mission=Apollo%2016&sample=65555,24d0ae0a901c9cb664cc50aa2d2b732ffa19bdb3862e357efed0b3856bc3fab7,2026-10-04T09:20:41.140450+00:00,downloaded_no_pdf,,,,
65556,Apollo 16,https://www.lpi.usra.edu/lunar/samples/atlas/detail/?mission=Apollo%2016&sample=65556,8e80b72d3c6f321d531ee418eaa4c9d39afac9f6828ca72844c7ac30360e68c2,2026-10-04T09:20:41.785051+00:00,downloaded_no_pdf,,,,
65557,Apollo 16,https://www.lpi.usra.edu/lunar/samples/atlas/detail/?mission=Apollo%2016&sample=65557,2b870eaa3e6845188b9d4488a1708beaaca58d42b5755ef899c774f1b926a21e,2026-10-04T09:20:42.452395+00:00,downloaded_no_pdf,,,,
65558,Apollo 16,https://www.lpi.usra.edu/lunar/samples/atlas/detail/?mission=Apollo%2016&sample=65558,ebb8e9eb2034e34835de6d414d851748bb41ce257bb3be6c3f445b801eefcdcd,2026-10-04T09:20:43.108927+00:00,downloaded_no_pdf,,,,
65559,Apollo 16,https://www.lpi.usra.edu/lunar/samples/atlas/detail/?mission=Apollo%2016&sample=65559,0ea49d4532d6c2ee0cbf7bbc210b788854c6f3cdef28efb43c7aa392a7e2f418,2026-10-04T09:20:43.885380+00:00,downloaded_no_pdf,,,,
65560,Apollo 16,https://www.lpi.usra.edu/lunar/samples/atlas/detail/?mission=Apollo%2016&sample=65560,256c239c5be468cf2ecc42cccd716f9c9b80dc3d447dc294da1fbbc23fe1bb08,2026-10-04T09:20:44.533444+00:00,downloaded_no_pdf,,,,
65561,Apollo 16,https://www.lpi.usra.edu/lunar/samples/atlas/detail/?mission=Apollo%2016&sample=65561,742337e51dc1e2049c41aa8b1cd9748e8303a7e088901a07a36eaf5a2bad7cfc,2026-10-04T09:20:45.184662+00:00,downloaded_no_pdf,,,,
65562,Apollo 16,https://www.lpi.usra.edu/lunar/samples/atlas/detail/?mission=Apollo%2016&sample=65562,eb87530ef82a4775fbf6073a9c94d538abda1d060135a868a4314de6e6d8452e,2026-10-04T09:20:45.832193+00:00,downloaded_no_pdf,,,,
65563,Apollo 16,https://www.lpi.usra.edu/lunar/samples/atlas/detail/?mission=Apollo%2016&sample=65563,404f164677642570c80fc30fda9d2b5ccde5ced293f18f30772af391bccb0612,2026-10-04T09:20:46.483879+00:00,downloaded_no_pdf,,,,
65564,Apollo 16,https://www.lpi.usra.edu/lunar/samples/atlas/detail/?mission=Apollo%2016&sample=65564,dcd25b3c02cfed9bd6de9d1658856171c66097cbb01bd7ca9d5a838b43b7234e,2026-10-04T09:20:47.135059+00:00,downloaded_no_pdf,,,,
65565,Apollo 16,https://www.lpi.usra.edu/lunar/samples/atlas/detail/?mission=Apollo%2016&sample=65565,aed344a44108b44b3e67a6f7114fb1aba2c82a841eb0412b9f4bff02b2ba278d,2026-10-04T09:20:47.937804+00:00,downloaded_no_pdf,,,,
65566,Apollo 16,https://www.lpi.usra.edu/lunar/samples/atlas/detail/?mission=Apollo%2016&sample=65566,458a92d56a833372ce19fc6ba1a30e2fecb806835090f3ffc2c921d5fc2e9fda,2026-10-04T09:20:48.595036+00:00,downloaded_no_pdf,,,,
65567,Apollo 16,https://www.lpi.usra.edu/lunar/samples/atlas/detail/?mission=Apollo%2016&sample=65567,17cb26c6534937251ca1087526cc4f19d31329e023dd32d2025ece612d9a4456,2026-10-04T09:20:49.258249+00:00,downloaded_no_pdf,,,,
65568,Apollo 16,https://www.lpi.usra.edu/lunar/samples/atlas/detail/?mission=Apollo%2016&sample=65568,7c35b720fe048a03ffc5c92904ddaf7148338541126ab3ebc55d4b24983ed7fb,2026-10-04T09:20:49.916750+00:00,downloaded_no_pdf,,,,
65569,Apollo 16,https://www.lpi.usra.edu/lunar/samples/atlas/detail/?mission=Apollo%2016&sample=65569,92b3c1d72230e15beee817f0087448e92ad8dd94a7bceeda440359d4f42ea9dd,2026-10-04T09:20:50.694065+00:00,downloaded_no_pdf,,,,
65570,Apollo 16,https://www.lpi.usra.edu/lunar/samples/atlas/detail/?mission=Apollo%2016&sample=65570,e021f5a9a03a7d4ba329ca543e71b023b35725ca57771d4eb2b2a8e96ae8c094,2026-10-04T09:20:51.349815+00:00,downloaded_no_pdf,,,,
65571,Apollo 16,https://www.lpi.usra.edu/lunar/samples/atlas/detail/?mission=Apollo%2016&sample=65571,1f146f433e307ca3519fe79ae2e95e4603289058c50fc2c72d33e76439cc5feb,2026-10-04T09:20:52.130812+00:00,downloaded_no_pdf,,,,
65572,Apollo 16,https://www.lpi.usra.edu/lunar/samples/atlas/detail/?mission=Apollo%2016&sample=65572,9890cdca442632ac2bdb52cca406fd9c2b4f6600e69f7d1268e04f2e92cf2f3c,2026-10-04T09:20:52.779594+00:00,downloaded_no_pdf,,,,
65573,Apollo 16,https://www.lpi.usra.edu/lunar/samples/atlas/detail/?mission=Apollo%2016&sample=65573,bd0be82009dc04380bbf9522817a004f0e0072c649e20e436fb65d21aded1e93,2026-10-04T09:20:53.460493+00:00,downloaded_no_pdf,,,,
65574,Apollo 16,https://www.lpi.usra.edu/lunar/samples/atlas/detail/?mission=Apollo%2016&sample=65574,97dc1fe21b8e816d60a46aeb3fc6943e0d6ec39808f3c928b1961935e66ad6e6,2026-10-04T09:20:54.254907+00:00,downloaded_no_pdf,,,,
65575,Apollo 16,https://www.lpi.usra.edu/lunar/samples/atlas/detail/?mission=Apollo%2016&sample=65575,b531650fe38cf5b546e464457431bc1ff3ad136502f7c1204a0f6c453b88407d,2026-10-04T09:20:54.900430+00:00,downloaded_no_pdf,,,,
65576,Apollo 16,https://www.lpi.usra.edu/lunar/samples/atlas/detail/?mission=Apollo%2016&sample=65576,771fe7dd212d760e1f5a63841ff1d49540ad93c88daf2b1604e0566c1d2f2d22,2026-10-04T09:20:55.683190+00:00,downloaded_no_pdf,,,,
65577,Apollo 16,https://www.lpi.usra.edu/lunar/samples/atlas/detail/?mission=Apollo%2016&sample=65577,fa0419aafe7ba93b7c0e3e76cc2f55b27c030715631fcf59a086462ae3ffb4e7,2026-10-04T09:20:56.340836+00:00,downloaded_no_pdf,,,,
65578,Apollo 16,https://www.lpi.usra.edu/lunar/samples/atlas/detail/?mission=Apollo%2016&sample=65578,6f7853efa6e1ec6ad495de3a52474cb0bbaf011f5f8ed858ff1ee56d20cf0077,2026-10-04T09:20:56.995559+00:00,downloaded_no_pdf,,,,
65579,Apollo 16,https://www.lpi.usra.edu/lunar/samples/atlas/detail/?mission=Apollo%2016&sample=65579,862de6512ce16cc57886b08ace3f57fd8c5155adcafb3584250d3fc28dbc8685,2026-10-04T09:20:57.651893+00:00,downloaded_no_pdf,,,,
65580,Apollo 16,https://www.lpi.usra.edu/lunar/samples/atlas/detail/?mission=Apollo%2016&sample=65580,dcddcccf981f3572808201ead8e634a52101ccfb53c1a5e63bacf47df3d6abbf,2026-10-04T09:20:58.322057+00:00,downloaded_no_pdf,,,,
65581,Apollo 16,https://www.lpi.usra.edu/lunar/samples/atlas/detail/?mission=Apollo%2016&sample=65581,91adb31465827cc8800dd4a8360faa61407a28c535217ff567645b41578e06aa,2026-10-04T09:20:58.976706+00:00,downloaded_no_pdf,,,,
65582,Apollo 16,https://www.lpi.usra.edu/lunar/samples/atlas/detail/?mission=Apollo%2016&sample=65582,248670cc8391d4e01ce670832a131b5894ef30b52fca6c9b247020bea71d9955,2026-10-04T09:20:59.628469+00:00,downloaded_no_pdf,,,,
65583,Apollo 16,https://www.lpi.usra.edu/lunar/samples/atlas/detail/?mission=Apollo%2016&sample=65583,fef5e6a8e859434abd6e379679d7367dcb68fc76efa89b9954d10a1cb10b3cc4,2026-10-04T09:21:00.290508+00:00,downloaded_no_pdf,,,,
65584,Apollo 16,https://www.lpi.usra.edu/lunar/samples/atlas/detail/?mission=Apollo%2016&sample=65584,cae088f37afa02970e48b9a2e703b6ba8191a9a84d7bf1029fb9a8a4d81b11cd,2026-10-04T09:21:01.058483+00:00,downloaded_no_pdf,,,,
65585,Apollo 16,https://www.lpi.usra.edu/lunar/samples/atlas/detail/?mission=Apollo%2016&sample=65585,088a2ae668703abac4e5f0261fb3e3ac5ce6f0883236e1132008be976feef777,2026-10-04T09:21:01.716776+00:00,downloaded_no_pdf,,,,
65586,Apollo 16,https://www.lpi.usra.edu/lunar/samples/atlas/detail/?mission=Apollo%2016&sample=65586,474fa0a90c8556e68572c0ddf07076b3732009c3c1174369a1d1abf201c11455,2026-10-04T09:21:02.367606+00:00,downloaded_no_pdf,,,,
65587,Apollo 16,https://www.lpi.usra.edu/lunar/samples/atlas/detail/?mission=Apollo%2016&sample=65587,2eade486e4b6b7ef12a2f7899e014212ac747c45bd328ac2ad5b32fcf52ea750,2026-10-04T09:21:03.152310+00:00,downloaded_no_pdf,,,,
65588,Apollo 16,https://www.lpi.usra.edu/lunar/samples/atlas/detail/?mission=Apollo%2016&sample=65588,437978bd954e5a9d7f8591c17843ad4c690c8d6b3d722ba2b9ae67ee22e68611,2026-10-04T09:21:03.816266+00:00,downloaded_no_pdf,,,,
65700,Apollo 16,https://www.lpi.usra.edu/lunar/samples/atlas/detail/?mission=Apollo%2016&sample=65700,71ba52b451fc77492ef18078a65f5cdc242b2b817b2908dafb5db9d4234ac20c,2026-10-04T09:21:04.608055+00:00,downloaded_no_pdf,,,,
65702,Apollo 16,https://www.lpi.usra.edu/lunar/samples/atlas/detail/?mission=Apollo%2016&sample=65702,2b8aba97f8d41d219d17022919568f1dd6e2d03fd2cbcc6cb6e42158754ea2d6,2026-10-04T09:21:05.393381+00:00,downloaded_no_pdf,,,,
65703,Apollo 16,https://www.lpi.usra.edu/lunar/samples/atlas/detail/?mission=Apollo%2016&sample=65703,44463c856242d4bb93f8bdf3e0320acfc696de7abfc0fbd66a9966fce06da988,2026-10-04T09:21:06.048729+00:00,downloaded_no_pdf,,,,
65704,Apollo 16,https://www.lpi.usra.edu/lunar/samples/atlas/detail/?mission=Apollo%2016&sample=65704,db80fb3b66e656aedb5b1b2963321d1a637725baf6ae6cfc9e7f9ce6e124bb05,2026-10-04T09:21:06.872798+00:00,downloaded_no_pdf,,,,
65710,Apollo 16,https://www.lpi.usra.edu/lunar/samples/atlas/detail/?mission=Apollo%2016&sample=65710,3562f14b71e13dd231341d01aae0fd7bf5636dca542f98559aa8df9478d5045e,2026-10-04T09:21:07.656784+00:00,downloaded,"Lunar Sample Compendium, 65701.pdf",https://www.lpi.usra.edu/lunar/samples/atlas/compendium/65701.pdf,compendium,
65711,Apollo 16,https://www.lpi.usra.edu/lunar/samples/atlas/detail/?mission=Apollo%2016&sample=65711,d076b703fd043a595329a08e6a510dc26b2e4dbc3db00dde551bd311ddd025a4,2026-10-04T09:21:08.314197+00:00,downloaded_no_pdf,,,,
65712,Apollo 16,https://www.lpi.usra.edu/lunar/samples/atlas/detail/?mission=Apollo%2016&sample=65712,e4981457f9f053b2d8a831efcb8c0b26c4de60efb567e0ed33e92c9e796f3b68,2026-10-04T09:21:09.082234+00:00,downloaded_no_pdf,,,,
65713,Apollo 16,https://www.lpi.usra.edu/lunar/samples/atlas/detail/?mission=Apollo%2016&sample=65713,57ebf816bb5777154505959a61708b0aad302d6c47df82dd4ee1f1fe9c5ae279,2026-10-04T09:21:09.856144+00:00,downloaded_no_pdf,,,,
65714,Apollo 16,https://www.lpi.usra.edu/lunar/samples/atlas/detail/?mission=Apollo%2016&sample=65714,df60f999f958fbe3aa0d107c9aebc0f039668d1336216f8d8c73cab38b8139b9,2026-10-04T09:21:10.505378+00:00,downloaded_no_pdf,,,,
65715,Apollo 16,https://www.lpi.usra.edu/lunar/samples/atlas/detail/?mission=Apollo%2016&sample=65715,25b35eacf73daf0987c59087b1714a8c1c5cdccf42c629e8642b47c46d8fb453,2026-10-04T09:21:11.172649+00:00,downloaded,"Lunar Sample Compendium, 65715.pdf",https://www.lpi.usra.edu/lunar/samples/atlas/compendium/65715.pdf,compendium,
65716,Apollo 16,https://www.lpi.usra.edu/lunar/samples/atlas/detail/?mission=Apollo%2016&sample=65716,295cd49e9dc269cc56df646691f2f456d7e12a3f79f71281419fc33375a52074,2026-10-04T09:21:12.006571+00:00,downloaded_no_pdf,,,,
65717,Apollo 16,https://www.lpi.usra.edu/lunar/samples/atlas/detail/?mission=Apollo%2016&sample=65717,2ac53929bb506f4de65931dc30902af20ae931cd8af928d173969d964a620470,2026-10-04T09:21:12.692576+00:00,downloaded_no_pdf,,,,
65718,Apollo 16,https://www.lpi.usra.edu/lunar/samples/atlas/detail/?mission=Apollo%2016&sample=65718,503ad8b49574023dc05eae70b2dba509e6c97cd6721e87bdc6e6404108ea3656,2026-10-04T09:21:13.475396+00:00,downloaded_no_pdf,,,,
65719,Apollo 16,https://www.lpi.usra.edu/lunar/samples/atlas/detail/?mission=Apollo%2016&sample=65719,c8b446a6d9c6ceaa3ec7e623d7ade19a24e2e7d85c1e1b72d49ed4288b867906,2026-10-04T09:21:14.116655+00:00,downloaded_no_pdf,,,,
65720,Apollo 16,https://www.lpi.usra.edu/lunar/samples/atlas/detail/?mission=Apollo%2016&sample=65720,8cd6efa0dc385290006ed894ef85cdf9d16e4d610c984037d78fbd7f728c2786,2026-10-04T09:21:14.777877+00:00,downloaded_no_pdf,,,,
65721,Apollo 16,https://www.lpi.usra.edu/lunar/samples/atlas/detail/?mission=Apollo%2016&sample=65721,fe753651112b4c474ec3a7915eccc79c7f5c6a505d9e5fc72f880f60e43c5362,2026-10-04T09:21:15.429498+00:00,downloaded_no_pdf,,,,
65722,Apollo 16,https://www.lpi.usra.edu/lunar/samples/atlas/detail/?mission=Apollo%2016&sample=65722,caf038e6ff3b5c4fb64a5dcd434bd7de7825ad3390aa35ca3277f7655234da9a,2026-10-04T09:21:16.212212+00:00,downloaded_no_pdf,,,,
65723,Apollo 16,https://www.lpi.usra.edu/lunar/samples/atlas/detail/?mission=Apollo%2016&sample=65723,d5e92bcb3b4b30b26c55f919b83b3f9076268212820e8c085543d13df1c914b0,2026-10-04T09:21:16.856910+00:00,downloaded_no_pdf,,,,
65724,Apollo 16,https://www.lpi.usra.edu/lunar/samples/atlas/detail/?mission=Apollo%2016&sample=65724,50317d9c8f9645b4fae2cf290a3fdae62a74e9b2b23740adaa7dc3fe27c36cdb,2026-10-04T09:21:17.502195+00:00,downloaded_no_pdf,,,,
65725,Apollo 16,https://www.lpi.usra.edu/lunar/samples/atlas/detail/?mission=Apollo%2016&sample=65725,4bc3cc46ba4d55c2d7f44eaaa2cd6a3bc02316dde8016c3d7736eafc32b9bc17,2026-10-04T09:21:18.294131+00:00,downloaded_no_pdf,,,,
65726,Apollo 16,https://www.lpi.usra.edu/lunar/samples/atlas/detail/?mission=Apollo%2016&sample=65726,547b2ea80dfe3611bfdf07a20d0a5fc06cd5f082d9fe38c6a10ec435b7dc6fc6,2026-10-04T09:21:18.948367+00:00,downloaded_no_pdf,,,,
65727,Apollo 16,https://www.lpi.usra.edu/lunar/samples/atlas/detail/?mission=Apollo%2016&sample=65727,6d7b4b354bfa0e2421486ae01f1f6b6004087697ad403acba3208bcb2c08e109,2026-10-04T09:21:19.721656+00:00,downloaded_no_pdf,,,,
65728,Apollo 16,https://www.lpi.usra.edu/lunar/samples/atlas/detail/?mission=Apollo%2016&sample=65728,f4d895e4f4e6eb263cc63dd7510f9c367ec2b8e569d749e1758567aa8e7d1473,2026-10-04T09:21:20.492674+00:00,downloaded_no_pdf,,,,
65729,Apollo 16,https://www.lpi.usra.edu/lunar/samples/atlas/detail/?mission=Apollo%2016&sample=65729,58fa776da30477aa761c36f27af76bde438dd4260fa18eff39096f7432babd62,2026-10-04T09:21:21.138201+00:00,downloaded_no_pdf,,,,
65730,Apollo 16,https://www.lpi.usra.edu/lunar/samples/atlas/detail/?mission=Apollo%2016&sample=65730,caf87b6a58d0265ee107cf67ba38b8519c28fccc177a392c5afd57cb851adb28,2026-10-04T09:21:21.933723+00:00,downloaded_no_pdf,,,,
65731,Apollo 16,https://www.lpi.usra.edu/lunar/samples/atlas/detail/?mission=Apollo%2016&sample=65731,ee14f42352a49df05271124b34597ff6b0fb48a09873e2242de534c3515a27b4,2026-10-04T09:21:22.586576+00:00,downloaded_no_pdf,,,,
65732,Apollo 16,https://www.lpi.usra.edu/lunar/samples/atlas/detail/?mission=Apollo%2016&sample=65732,2c6400b0eec7df18966ad540c6943f005f640e23ada2e0cc55b236384df193e9,2026-10-04T09:21:23.385106+00:00,downloaded_no_pdf,,,,
65733,Apollo 16,https://www.lpi.usra.edu/lunar/samples/atlas/detail/?mission=Apollo%2016&sample=65733,2acf45e0ddbf6a627066633987f074f00776f4f31376ea48dbcb55cc88f563d2,2026-10-04T09:21:24.167441+00:00,downloaded_no_pdf,,,,
65734,Apollo 16,https://www.lpi.usra.edu/lunar/samples/atlas/detail/?mission=Apollo%2016&sample=65734,99943b1b9cb637ae00145e0d32e3b222b5070203ad676ffda9d66aa6a027a6ba,2026-10-04T09:21:24.956500+00:00,downloaded_no_pdf,,,,
65735,Apollo 16,https://www.lpi.usra.edu/lunar/samples/atlas/detail/?mission=Apollo%2016&sample=65735,4d371c39d00416f00eb7ff9414a5ef1f4cb02564e079e4da6365b2d3f3f6d6b9,2026-10-04T09:21:25.620210+00:00,downloaded_no_pdf,,,,
65736,Apollo 16,https://www.lpi.usra.edu/lunar/samples/atlas/detail/?mission=Apollo%2016&sample=65736,1ae58375013dd86350041b68e3971ac82cf3f34ec0386ca20b4a541f71758aca,2026-10-04T09:21:26.276717+00:00,downloaded_no_pdf,,,,
65737,Apollo 16,https://www.lpi.usra.edu/lunar/samples/atlas/detail/?mission=Apollo%2016&sample=65737,e490d7f5112e58efecd98b61f94d210c4d662565308b07b2e58795225ea2e785,2026-10-04T09:21:26.930985+00:00,downloaded_no_pdf,,,,
65738,Apollo 16,https://www.lpi.usra.edu/lunar/samples/atlas/detail/?mission=Apollo%2016&sample=65738,e9a570b5fd94db7b8b1dd49d2dfdc3f8b114668e9c3eac426704224d5f6f8c0e,2026-10-04T09:21:27.578840+00:00,downloaded_no_pdf,,,,
65739,Apollo 16,https://www.lpi.usra.edu/lunar/samples/atlas/detail/?mission=Apollo%2016&sample=65739,b782eb440bb6ef21d52d669cf52e9b496912034985de6f5658c3c6b2236fc7df,2026-10-04T09:21:28.236599+00:00,downloaded_no_pdf,,,,
65740,Apollo 16,https://www.lpi.usra.edu/lunar/samples/atlas/detail/?mission=Apollo%2016&sample=65740,efb086ec29ed16a78b6dcb16632e0a67ef6e8e5c8f90e3f8ee93f63a4cb9a230,2026-10-04T09:21:28.887749+00:00,downloaded_no_pdf,,,,
65741,Apollo 16,https://www.lpi.usra.edu/lunar/samples/atlas/detail/?mission=Apollo%2016&sample=65741,f07c28d4c2916b2c698133a9d3e0ade5bc7a8b5370eaf0e2daf97225ddd063be,2026-10-04T09:21:29.675705+00:00,downloaded_no_pdf,,,,
65742,Apollo 16,https://www.lpi.usra.edu/lunar/samples/atlas/detail/?mission=Apollo%2016&sample=65742,eca10d50fdc41dbcaeb7d0d4a241adcd6d45dcf3df602c4f4333c456255e3c1e,2026-10-04T09:21:30.330862+00:00,downloaded_no_pdf,,,,
65743,Apollo 16,https://www.lpi.usra.edu/lunar/samples/atlas/detail/?mission=Apollo%2016&sample=65743,8331ce99b25e9d2a6a397d649c72167a298baf63816920d0505c1fff14d87678,2026-10-04T09:21:30.975501+00:00,downloaded_no_pdf,,,,
65744,Apollo 16,https://www.lpi.usra.edu/lunar/samples/atlas/detail/?mission=Apollo%2016&sample=65744,61d98efdcb33312529a2d17ea7f7117a2c92f01ace482b3aedaa71d1c3897a3a,2026-10-04T09:21:31.769579+00:00,downloaded_no_pdf,,,,
65745,Apollo 16,https://www.lpi.usra.edu/lunar/samples/atlas/detail/?mission=Apollo%2016&sample=65745,59f92ffb9ea8eeb6b8e5f58ebea48f932376247714e8dfa885e4f78b2593a70b,2026-10-04T09:21:32.392523+00:00,downloaded,"Lunar Sample Compendium, 65745.pdf",https://www.lpi.usra.edu/lunar/samples/atlas/compendium/65745.pdf,compendium,
65746,Apollo 16,https://www.lpi.usra.edu/lunar/samples/atlas/detail/?mission=Apollo%2016&sample=65746,f8fbdd7582c8b3460415854e62adc67ecc1fb996e94012a0aed7f7420c5702db,2026-10-04T09:21:33.053575+00:00,downloaded,"Lunar Sample Compendium, 65745.pdf",https://www.lpi.usra.edu/lunar/samples/atlas/compendium/65745.pdf,compendium,
65747,Apollo 16,https://www.lpi.usra.edu/lunar/samples/atlas/detail/?mission=Apollo%2016&sample=65747,c040f5ab8b105957f756029c7842ae975a926330eff35556fb0689488798ffe1,2026-10-04T09:21:33.826830+00:00,downloaded,"Lunar Sample Compendium, 65745.pdf",https://www.lpi.usra.edu/lunar/samples/atlas/compendium/65745.pdf,compendium,
65748,Apollo 16,https://www.lpi.usra.edu/lunar/samples/atlas/detail/?mission=Apollo%2016&sample=65748,c0a874b59a71292c8d828a2dc481f4e420a464538d57efce6e345dc9f2d10a0f,2026-10-04T09:21:34.469123+00:00,downloaded,"Lunar Sample Compendium, 65745.pdf",https://www.lpi.usra.edu/lunar/samples/atlas/compendium/65745.pdf,compendium,
65749,Apollo 16,https://www.lpi.usra.edu/lunar/samples/atlas/detail/?mission=Apollo%2016&sample=65749,55672f488e85915aa4259e6c6934df8299441768017bd7c75adf792f4f8cbb28,2026-10-04T09:21:35.128003+00:00,downloaded,"Lunar Sample Compendium, 65745.pdf",https://www.lpi.usra.edu/lunar/samples/atlas/compendium/65745.pdf,compendium,
65750,Apollo 16,https://www.lpi.usra.edu/lunar/samples/atlas/detail/?mission=Apollo%2016&sample=65750,b56f642fc6149e39556c3767f01534fc75c62e7907ca772af8e47111e57d9571,2026-10-04T09:21:35.956471+00:00,downloaded_no_pdf,,,,
65751,Apollo 16,https://www.lpi.usra.edu/lunar/samples/atlas/detail/?mission=Apollo%2016&sample=65751,b8f5bc375d1d99e5850c6f210fbfd64de28451e5932e5fc4971abb78fdcfaa1c,2026-10-04T09:21:36.623761+00:00,downloaded_no_pdf,,,,
65752,Apollo 16,https://www.lpi.usra.edu/lunar/samples/atlas/detail/?mission=Apollo%2016&sample=65752,efc27da49fc0e1da36047113e4b2a28018f9139c7e65faa0d613601e9438fecb,2026-10-04T09:21:37.279234+00:00,downloaded_no_pdf,,,,
65753,Apollo 16,https://www.lpi.usra.edu/lunar/samples/atlas/detail/?mission=Apollo%2016&sample=65753,706678f97431bd9269781ad2555b21460bd5605f191f54329e866818e856a82f,2026-10-04T09:21:38.050833+00:00,downloaded_no_pdf,,,,
65754,Apollo 16,https://www.lpi.usra.edu/lunar/samples/atlas/detail/?mission=Apollo%2016&sample=65754,6ddb0eb9c79f5ca93ef2f1654abaa66809597dbb46a814b765ea2fe05e5dbdc1,2026-10-04T09:21:38.816577+00:00,downloaded_no_pdf,,,,
65755,Apollo 16,https://www.lpi.usra.edu/lunar/samples/atlas/detail/?mission=Apollo%2016&sample=65755,0b65866ec155715da35db93dd7f8db60ae42d4ac6dfdf074fd185682c1280c44,2026-10-04T09:21:39.459102+00:00,downloaded,"Lunar Sample Compendium, 65745.pdf",https://www.lpi.usra.edu/lunar/samples/atlas/compendium/65745.pdf,compendium,
65756,Apollo 16,https://www.lpi.usra.edu/lunar/samples/atlas/detail/?mission=Apollo%2016&sample=65756,6877db685b1b53dc9d68e661e7aa2044a7cb661202a511eca377c6bfed4036fd,2026-10-04T09:21:40.104046+00:00,downloaded,"Lunar Sample Compendium, 65745.pdf",https://www.lpi.usra.edu/lunar/samples/atlas/compendium/65745.pdf,compendium,
65757,Apollo 16,https://www.lpi.usra.edu/lunar/samples/atlas/detail/?mission=Apollo%2016&sample=65757,d2188bf43ad19336683458466caf7cbb4b4ea03f49c7a60a0f726ef26fa73f61,2026-10-04T09:21:40.762369+00:00,downloaded,"Lunar Sample Compendium, 65757.pdf",https://www.lpi.usra.edu/lunar/samples/atlas/compendium/65757.pdf,compendium,
65758,Apollo 16,https://www.lpi.usra.edu/lunar/samples/atlas/detail/?mission=Apollo%2016&sample=65758,3fb1d1b643bb474dac2af44972007028aac0e58650417748fa613c5a26a53090,2026-10-04T09:21:41.425084+00:00,downloaded_no_pdf,,,,
65759,Apollo 16,https://www.lpi.usra.edu/lunar/samples/atlas/detail/?mission=Apollo%2016&sample=65759,1cd403add6b8be5f72b0db0905359c8f3590913be2a31caaf2776354d92e1e3d,2026-10-04T09:21:42.080529+00:00,downloaded_no_pdf,,,,
65760,Apollo 16,https://www.lpi.usra.edu/lunar/samples/atlas/detail/?mission=Apollo%2016&sample=65760,ea63147016e5df8164223974cf4aca702cb602bf4a075e97721d3696ab8cc731,2026-10-04T09:21:42.859333+00:00,downloaded_no_pdf,,,,
65761,Apollo 16,https://www.lpi.usra.edu/lunar/samples/atlas/detail/?mission=Apollo%2016&sample=65761,d98e7ed07037f1551faa2b67f265fcdea828328d014233a3bbf11024b531883e,2026-10-04T09:21:43.646720+00:00,downloaded_no_pdf,,,,
65762,Apollo 16,https://www.lpi.usra.edu/lunar/samples/atlas/detail/?mission=Apollo%2016&sample=65762,6eefea45faa052907d00ef68c2f08e517fec2485971dcdf09fb0686431ec9cea,2026-10-04T09:21:44.302495+00:00,downloaded_no_pdf,,,,
65763,Apollo 16,https://www.lpi.usra.edu/lunar/samples/atlas/detail/?mission=Apollo%2016&sample=65763,bbc0523654808d450288f8ca8867bb48dcce88ebe287b3d6e8bf1e0c50980428,2026-10-04T09:21:45.072691+00:00,downloaded_no_pdf,,,,
65764,Apollo 16,https://www.lpi.usra.edu/lunar/samples/atlas/detail/?mission=Apollo%2016&sample=65764,12b5c1aa361653da04ad0be2ba029c8f2c08dc284b287eb3bbea052b1a3b7600,2026-10-04T09:21:45.732240+00:00,downloaded_no_pdf,,,,
65765,Apollo 16,https://www.lpi.usra.edu/lunar/samples/atlas/detail/?mission=Apollo%2016&sample=65765,fd7575ba3cd67540835c3c29a014abaf7c00799887954378a5d018e6bc805590,2026-10-04T09:21:46.539055+00:00,downloaded_no_pdf,,,,
65766,Apollo 16,https://www.lpi.usra.edu/lunar/samples/atlas/detail/?mission=Apollo%2016&sample=65766,91af366d9623110a0a17e3bd43d295dfc98e218ece2ba41e6e5f923be1344148,2026-10-04T09:21:47.217702+00:00,downloaded_no_pdf,,,,
65767,Apollo 16,https://www.lpi.usra.edu/lunar/samples/atlas/detail/?mission=Apollo%2016&sample=65767,8ff5dc8161832409389c00e63e9afaf04b3da5bb8d5cc4a46ae9ff82f7a3dad4,2026-10-04T09:21:47.878960+00:00,downloaded,"Lunar Sample Compendium, 65757.pdf",https://www.lpi.usra.edu/lunar/samples/atlas/compendium/65757.pdf,compendium,
65768,Apollo 16,https://www.lpi.usra.edu/lunar/samples/atlas/detail/?mission=Apollo%2016&sample=65768,134be181cfbe73a859af22de02f84864018d5baa4b147c99b5f33dd8f7be0281,2026-10-04T09:21:48.685802+00:00,downloaded_no_pdf,,,,
65769,Apollo 16,https://www.lpi.usra.edu/lunar/samples/atlas/detail/?mission=Apollo%2016&sample=65769,76050a504433f4c9b773f03c5921586560218ec17c0d34be919a2e3228bec3cd,2026-10-04T09:21:49.462295+00:00,downloaded_no_pdf,,,,
65770,Apollo 16,https://www.lpi.usra.edu/lunar/samples/atlas/detail/?mission=Apollo%2016&sample=65770,92d6ba2f11f64e3e518627126c1d9e394ccb72635415afbbcc4760f501ca6ac4,2026-10-04T09:21:50.116335+00:00,downloaded_no_pdf,,,,
65771,Apollo 16,https://www.lpi.usra.edu/lunar/samples/atlas/detail/?mission=Apollo%2016&sample=65771,7f0bd1886fd5c546d1720aef730599cd713aeabbbee77f66b88a835b38955ca4,2026-10-04T09:21:50.782306+00:00,downloaded_no_pdf,,,,
65772,Apollo 16,https://www.lpi.usra.edu/lunar/samples/atlas/detail/?mission=Apollo%2016&sample=65772,bdf06a0a9b858c5db2edeb147034fa76dc2a6b5ae010bb1192dbb5c28e1e84fb,2026-10-04T09:21:51.452290+00:00,downloaded_no_pdf,,,,
65773,Apollo 16,https://www.lpi.usra.edu/lunar/samples/atlas/detail/?mission=Apollo%2016&sample=65773,3eca24e8040469f36bf45b46674d0e31ff6cc69177e82b006661ddb51a3e9414,2026-10-04T09:21:52.239334+00:00,downloaded_no_pdf,,,,
65774,Apollo 16,https://www.lpi.usra.edu/lunar/samples/atlas/detail/?mission=Apollo%2016&sample=65774,03f5ec3b3c8ee51b01da283c533b03dd70043e13638a59c932d8f8004d0cde02,2026-10-04T09:21:52.900304+00:00,downloaded_no_pdf,,,,
65775,Apollo 16,https://www.lpi.usra.edu/lunar/samples/atlas/detail/?mission=Apollo%2016&sample=65775,5c26e0800520b64ffe2c43903860134fd6a0fc41c079cbcd393ebc4b0cabe104,2026-10-04T09:21:53.555617+00:00,downloaded_no_pdf,,,,
65776,Apollo 16,https://www.lpi.usra.edu/lunar/samples/atlas/detail/?mission=Apollo%2016&sample=65776,7b6e465a27652e9aaa8ca3cce435c99baab2a537d01bb84b61371d479fc0ae7c,2026-10-04T09:21:54.206511+00:00,downloaded_no_pdf,,,,
65777,Apollo 16,https://www.lpi.usra.edu/lunar/samples/atlas/detail/?mission=Apollo%2016&sample=65777,ee08d75ba9f2d8fedb2a0bf378f99f73156b265164da6a7a6486411a2a020dd1,2026-10-04T09:21:54.851862+00:00,downloaded,"Lunar Sample Compendium, 65777.pdf",https://www.lpi.usra.edu/lunar/samples/atlas/compendium/65777.pdf,compendium,
65778,Apollo 16,https://www.lpi.usra.edu/lunar/samples/atlas/detail/?mission=Apollo%2016&sample=65778,7de48d42028b511432e6e1b8648344296201fbe713b5c547e15fceff9a78fecb,2026-10-04T09:21:55.541754+00:00,downloaded,"Lunar Sample Compendium, 65777.pdf",https://www.lpi.usra.edu/lunar/samples/atlas/compendium/65777.pdf,compendium,
65779,Apollo 16,https://www.lpi.usra.edu/lunar/samples/atlas/detail/?mission=Apollo%2016&sample=65779,446c8bbc944a27d00f24985d79475a316ac2f1c757549aa7d318648592cd78e7,2026-10-04T09:21:56.200314+00:00,downloaded,"Lunar Sample Compendium, 65779.pdf",https://www.lpi.usra.edu/lunar/samples/atlas/compendium/65779.pdf,compendium,
65780,Apollo 16,https://www.lpi.usra.edu/lunar/samples/atlas/detail/?mission=Apollo%2016&sample=65780,c9bdd72809a9960846f4f100427f3cf0cdebd90a61fc652b3b8815b4b01670f0,2026-10-04T09:21:56.852396+00:00,downloaded_no_pdf,,,,
65781,Apollo 16,https://www.lpi.usra.edu/lunar/samples/atlas/detail/?mission=Apollo%2016&sample=65781,bd8221850d35a9fec3ed4c999690222a4df9874e4d40c1c905f9e277e7be336f,2026-10-04T09:21:57.506779+00:00,downloaded_no_pdf,,,,
65782,Apollo 16,https://www.lpi.usra.edu/lunar/samples/atlas/detail/?mission=Apollo%2016&sample=65782,d0d6834c450313be21f805f1544338b50f718ed3eb7e68640e348adb1fd86cb7,2026-10-04T09:21:58.289048+00:00,downloaded_no_pdf,,,,
65783,Apollo 16,https://www.lpi.usra.edu/lunar/samples/atlas/detail/?mission=Apollo%2016&sample=65783,3b8aaf8066534dc86c063102fc652690c436fb80c7c0cdcc932afec52b41cc18,2026-10-04T09:21:59.063685+00:00,downloaded_no_pdf,,,,
65784,Apollo 16,https://www.lpi.usra.edu/lunar/samples/atlas/detail/?mission=Apollo%2016&sample=65784,dce63bf9c3df407e3981c59261eff53a2a6ca29f85d04138d70226f2333bdbcc,2026-10-04T09:21:59.715905+00:00,downloaded_no_pdf,,,,
65785,Apollo 16,https://www.lpi.usra.edu/lunar/samples/atlas/detail/?mission=Apollo%2016&sample=65785,8197df0e04ba557f9ed4343c835795139b98900e8b7f749fa4e8e4dcd412e364,2026-10-04T09:22:00.383987+00:00,downloaded,"Lunar Sample Compendium, 65785.pdf",https://www.lpi.usra.edu/lunar/samples/atlas/compendium/65785.pdf,compendium,
65785,Apollo 16,https://www.lpi.usra.edu/lunar/samples/atlas/detail/?mission=Apollo%2016&sample=65785,8197df0e04ba557f9ed4343c835795139b98900e8b7f749fa4e8e4dcd412e364,2026-10-04T09:22:00.383987+00:00,downloaded,Lunar Sample Catalog 65785 Description,http://curator.jsc.nasa.gov/lunar/catalogs/apollo16/part2/65785.pdf,catalog,
65786,Apollo 16,https://www.lpi.usra.edu/lunar/samples/atlas/detail/?mission=Apollo%2016&sample=65786,f8c7a2ef849a4af942d32cf02fc4d4e5464b4cebd51f2bfc43aec17e34361f90,2026-10-04T09:22:01.052684+00:00,downloaded,"Lunar Sample Compendium, 65786.pdf",https://www.lpi.usra.edu/lunar/samples/atlas/compendium/65786.pdf,compendium,
65787,Apollo 16,https://www.lpi.usra.edu/lunar/samples/atlas/detail/?mission=Apollo%2016&sample=65787,88a77886a8c2e4e57d6fe841590a36267e71bea3f49372819dc927d90e48c99f,2026-10-04T09:22:01.881896+00:00,downloaded,"Lunar Sample Compendium, 65786.pdf",https://www.lpi.usra.edu/lunar/samples/atlas/compendium/65786.pdf,compendium,
65788,Apollo 16,https://www.lpi.usra.edu/lunar/samples/atlas/detail/?mission=Apollo%2016&sample=65788,6172a1827435c0fc2714046fc6e1a3a9d63a83396e1e1f2f81acb25138955461,2026-10-04T09:22:02.550321+00:00,downloaded_no_pdf,,,,
65789,Apollo 16,https://www.lpi.usra.edu/lunar/samples/atlas/detail/?mission=Apollo%2016&sample=65789,fc05e8fac1f57d0b9a0687963305a8cd58ec3021ccadb0d88121bc991ba17a9d,2026-10-04T09:22:03.356694+00:00,downloaded,"Lunar Sample Compendium, 65789.pdf",https://www.lpi.usra.edu/lunar/samples/atlas/compendium/65789.pdf,compendium,
65790,Apollo 16,https://www.lpi.usra.edu/lunar/samples/atlas/detail/?mission=Apollo%2016&sample=65790,0383fcd157fabdfc3777f61f2e28101c2a3f0ee96750ea3ed8dcb273b86e7877,2026-10-04T09:22:04.066727+00:00,downloaded_no_pdf,,,,
65791,Apollo 16,https://www.lpi.usra.edu/lunar/samples/atlas/detail/?mission=Apollo%2016&sample=65791,191bbf424a9b03c29041b731b461359eac2931b555d3286bddac55a2d11ec134,2026-10-04T09:22:04.724132+00:00,downloaded_no_pdf,,,,
65792,Apollo 16,https://www.lpi.usra.edu/lunar/samples/atlas/detail/?mission=Apollo%2016&sample=65792,5a2069cb22e7ebe25f7e19b45143e6dd70c715944023debd5a0eac06d8eef210,2026-10-04T09:22:05.379778+00:00,downloaded_no_pdf,,,,
65793,Apollo 16,https://www.lpi.usra.edu/lunar/samples/atlas/detail/?mission=Apollo%2016&sample=65793,11a341ee70541467d97029b8b284893156881db892a138fd9a8e647e93c1d353,2026-10-04T09:22:06.033463+00:00,downloaded_no_pdf,,,,
65794,Apollo 16,https://www.lpi.usra.edu/lunar/samples/atlas/detail/?mission=Apollo%2016&sample=65794,407e0934821903a408bc9699c4e0cabf3d761cdc5768693835b56149b5be67ae,2026-10-04T09:22:06.680646+00:00,downloaded_no_pdf,,,,
65795,Apollo 16,https://www.lpi.usra.edu/lunar/samples/atlas/detail/?mission=Apollo%2016&sample=65795,80a4b4167b0ff5b6a8d2a7be983b96d7cdf38fac67be991a1cd6dbcd4b95726a,2026-10-04T09:22:07.342618+00:00,downloaded,"Lunar Sample Compendium, 65795.pdf",https://www.lpi.usra.edu/lunar/samples/atlas/compendium/65795.pdf,compendium,
65900,Apollo 16,https://www.lpi.usra.edu/lunar/samples/atlas/detail/?mission=Apollo%2016&sample=65900,e9b32e6b336fbb9baa0d7e454380ea3a8c79a4f8e302ae7ae0e074ffcc3eb69c,2026-10-04T09:22:08.039256+00:00,downloaded_no_pdf,,,,
65901,Apollo 16,https://www.lpi.usra.edu/lunar/samples/atlas/detail/?mission=Apollo%2016&sample=65901,7ff6f16d8232136c58e198d79fdda30123376b24546089cbc729e6afcb3cc608,2026-10-04T09:22:08.688075+00:00,downloaded,"Lunar Sample Compendium, 65901.pdf",https://www.lpi.usra.edu/lunar/samples/atlas/compendium/65901.pdf,compendium,
65903,Apollo 16,https://www.lpi.usra.edu/lunar/samples/atlas/detail/?mission=Apollo%2016&sample=65903,1b575ef229454753cbc5028b04350f9ab1b35e8cd7d56b4b711f9f24dd6ced27,2026-10-04T09:22:09.344013+00:00,downloaded_no_pdf,,,,
65904,Apollo 16,https://www.lpi.usra.edu/lunar/samples/atlas/detail/?mission=Apollo%2016&sample=65904,d55edee946fb49109a3058b2d95f632944fbb9c1ea5902e26ae547f19e33b13a,2026-10-04T09:22:10.131721+00:00,downloaded_no_pdf,,,,
65905,Apollo 16,https://www.lpi.usra.edu/lunar/samples/atlas/detail/?mission=Apollo%2016&sample=65905,18a872e3951b3fe1b1f668222390d80c512ef62c7a66fdc08822e673bb59c158,2026-10-04T09:22:10.782868+00:00,downloaded,"Lunar Sample Compendium, 65905.pdf",https://www.lpi.usra.edu/lunar/samples/atlas/compendium/65905.pdf,compendium,
65906,Apollo 16,https://www.lpi.usra.edu/lunar/samples/atlas/detail/?mission=Apollo%2016&sample=65906,9e86c4bb92767d2a07c9d3839f2a9d71ae6e3dcbb8e86e39b80222f234f268e9,2026-10-04T09:22:11.553298+00:00,downloaded_no_pdf,,,,
65907,Apollo 16,https://www.lpi.usra.edu/lunar/samples/atlas/detail/?mission=Apollo%2016&sample=65907,c6abc5ca63585e23db7926163aa15f941849d20e44f61ee8059d5857891f3173,2026-10-04T09:22:12.333947+00:00,downloaded_no_pdf,,,,
65915,Apollo 16,https://www.lpi.usra.edu/lunar/samples/atlas/detail/?mission=Apollo%2016&sample=65915,4d588b604da790b881522a314d930be2ece26ce82fa675b6303fb622ccf14f28,2026-10-04T09:22:12.979883+00:00,downloaded_no_pdf,,,,
65916,Apollo 16,https://www.lpi.usra.edu/lunar/samples/atlas/detail/?mission=Apollo%2016&sample=65916,6986db8e1fd7c135afd60bc684bc1cdc1024f53ec24fa70f5757311fd9875e2b,2026-10-04T09:22:13.752373+00:00,downloaded_no_pdf,,,,
65920,Apollo 16,https://www.lpi.usra.edu/lunar/samples/atlas/detail/?mission=Apollo%2016&sample=65920,186f72f95718456b72f63684333c8fc916f17bb82961385190f6c4601c870e11,2026-10-04T09:22:14.537010+00:00,downloaded,"Lunar Sample Compendium, 65901.pdf",https://www.lpi.usra.edu/lunar/samples/atlas/compendium/65901.pdf,compendium,
65925,Apollo 16,https://www.lpi.usra.edu/lunar/samples/atlas/detail/?mission=Apollo%2016&sample=65925,1a6ca7ffb051f0d5a12c49e15ac3c0b156e3b7787716e74bc8b1d92b150285ee,2026-10-04T09:22:15.330793+00:00,downloaded,"Lunar Sample Compendium, 65925.pdf",https://www.lpi.usra.edu/lunar/samples/atlas/compendium/65925.pdf,compendium,
65926,Apollo 16,https://www.lpi.usra.edu/lunar/samples/atlas/detail/?mission=Apollo%2016&sample=65926,35ef173627a8252ccbedb99087bc7a05e8c4f2be0a04366afffc57ece15ac1af,2026-10-04T09:22:15.989185+00:00,downloaded,"Lunar Sample Compendium, 65925.pdf",https://www.lpi.usra.edu/lunar/samples/atlas/compendium/65925.pdf,compendium,
65927,Apollo 16,https://www.lpi.usra.edu/lunar/samples/atlas/detail/?mission=Apollo%2016&sample=65927,8f56c3b2e2b64ff420cb634a7a82b5b7e9c01fee274097165a7c78261f78cbea,2026-10-04T09:22:16.646641+00:00,downloaded,"Lunar Sample Compendium, 65925.pdf",https://www.lpi.usra.edu/lunar/samples/atlas/compendium/65925.pdf,compendium,
66030,Apollo 16,https://www.lpi.usra.edu/lunar/samples/atlas/detail/?mission=Apollo%2016&sample=66030,05cc1594e2fff061bdafa7e78db53add72aa780251b7157c8f2653c8f9d61c8c,2026-10-04T09:22:17.290022+00:00,downloaded_no_pdf,,,,
66031,Apollo 16,https://www.lpi.usra.edu/lunar/samples/atlas/detail/?mission=Apollo%2016&sample=66031,62d602f332b6f86c00f612527a1ac3ad9e1c81a323354e21ce091d2c9c8e1338,2026-10-04T09:22:18.067008+00:00,downloaded,"Lunar Sample Compendium, 66031.pdf",https://www.lpi.usra.edu/lunar/samples/atlas/compendium/66031.pdf,compendium,
66032,Apollo 16,https://www.lpi.usra.edu/lunar/samples/atlas/detail/?mission=Apollo%2016&sample=66032,69e3f69fc94bacac250630d90553e5fe78f450554e33e5bf7d78ff51e0032260,2026-10-04T09:22:18.718221+00:00,downloaded_no_pdf,,,,
66033,Apollo 16,https://www.lpi.usra.edu/lunar/samples/atlas/detail/?mission=Apollo%2016&sample=66033,24a3cf0604d3d3fdb3ae9ba48391850d6cb8618f7ac159c2147f7d0386667061,2026-10-04T09:22:19.365810+00:00,downloaded_no_pdf,,,,
66034,Apollo 16,https://www.lpi.usra.edu/lunar/samples/atlas/detail/?mission=Apollo%2016&sample=66034,81f78b80732e1198310b3bf4dcea4b88938d337a9a5c8552deda93c46131e9d0,2026-10-04T09:22:20.140772+00:00,downloaded_no_pdf,,,,
66035,Apollo 16,https://www.lpi.usra.edu/lunar/samples/atlas/detail/?mission=Apollo%2016&sample=66035,3aa7996696751c62d6c598becc201d92b06093ba79788d70afbc18c35f746bfd,2026-10-04T09:22:20.920985+00:00,downloaded,"Lunar Sample Compendium, 66035.pdf",https://www.lpi.usra.edu/lunar/samples/atlas/compendium/66035.pdf,compendium,
66036,Apollo 16,https://www.lpi.usra.edu/lunar/samples/atlas/detail/?mission=Apollo%2016&sample=66036,b6d28675b0e8a00253cb2f0399078609e878d4e9fb29f49f4c73cabe4de55539,2026-10-04T09:22:21.734657+00:00,downloaded,"Lunar Sample Compendium, 66035.pdf",https://www.lpi.usra.edu/lunar/samples/atlas/compendium/66035.pdf,compendium,
66037,Apollo 16,https://www.lpi.usra.edu/lunar/samples/atlas/detail/?mission=Apollo%2016&sample=66037,fb758dddeae4ce45c469962756ff8caab1c6c152524ae35e87cd8fbe381281d0,2026-10-04T09:22:22.426652+00:00,downloaded,"Lunar Sample Compendium, 66035.pdf",https://www.lpi.usra.edu/lunar/samples/atlas/compendium/66035.pdf,compendium,
66040,Apollo 16,https://www.lpi.usra.edu/lunar/samples/atlas/detail/?mission=Apollo%2016&sample=66040,6f528148b98cbf3e746f02acadf233c6f5c6fee04dd6eccc8fb5f30575890f1a,2026-10-04T09:22:23.092031+00:00,downloaded_no_pdf,,,,
66041,Apollo 16,https://www.lpi.usra.edu/lunar/samples/atlas/detail/?mission=Apollo%2016&sample=66041,e582f1e7a08c5fb421d5a5eca4e8f222e79c0735618090ae4e9f9aee4dcbb9a0,2026-10-04T09:22:23.868237+00:00,downloaded,"Lunar Sample Compendium, 66041.pdf",https://www.lpi.usra.edu/lunar/samples/atlas/compendium/66041.pdf,compendium,
66042,Apollo 16,https://www.lpi.usra.edu/lunar/samples/atlas/detail/?mission=Apollo%2016&sample=66042,73c3f646d602967e591a64a8ef31a6d21fb05ef8d9b3277f60551773ba4cca3e,2026-10-04T09:22:24.654315+00:00,downloaded_no_pdf,,,,
66043,Apollo 16,https://www.lpi.usra.edu/lunar/samples/atlas/detail/?mission=Apollo%2016&sample=66043,c322da237d4801bcfd963c3de56dc3934365310f317740b71d6511b54f11e90b,2026-10-04T09:22:25.327862+00:00,downloaded_no_pdf,,,,
66044,Apollo 16,https://www.lpi.usra.edu/lunar/samples/atlas/detail/?mission=Apollo%2016&sample=66044,220424f6033eca9b397ce9646cb5d5bbb476214883ca7c4baf672a5073ca1588,2026-10-04T09:22:26.121231+00:00,downloaded_no_pdf,,,,
66050,Apollo 16,https://www.lpi.usra.edu/lunar/samples/atlas/detail/?mission=Apollo%2016&sample=66050,f1b982cca71ecd5fb127a8df20698c85849a9c92d0fb54186e0ee49404f9c4e4,2026-10-04T09:22:26.917290+00:00,downloaded_no_pdf,,,,
66055,Apollo 16,https://www.lpi.usra.edu/lunar/samples/atlas/detail/?mission=Apollo%2016&sample=66055,82b85d5c4f299a529de28cc79fed5da7e4dab5d33460994efd669497c2025c87,2026-10-04T09:22:27.559561+00:00,downloaded,"Lunar Sample Compendium, 66055.pdf",https://www.lpi.usra.edu/lunar/samples/atlas/compendium/66055.pdf,compendium,
66070,Apollo 16,https://www.lpi.usra.edu/lunar/samples/atlas/detail/?mission=Apollo%2016&sample=66070,5966ae2c6baf41f2b7087628c2ec3d44bfd0bbc4d4a0e0eae3b2a3c1d380c979,2026-10-04T09:22:28.258814+00:00,downloaded_no_pdf,,,,
66075,Apollo 16,https://www.lpi.usra.edu/lunar/samples/atlas/detail/?mission=Apollo%2016&sample=66075,d46e3f27cad63503a21e2fb59f93bfc93977a37e27b7af0a96db22fd13409448,2026-10-04T09:22:28.914080+00:00,downloaded,"Lunar Sample Compendium, 66075.pdf",https://www.lpi.usra.edu/lunar/samples/atlas/compendium/66075.pdf,compendium,
66075,Apollo 16,https://www.lpi.usra.edu/lunar/samples/atlas/detail/?mission=Apollo%2016&sample=66075,d46e3f27cad63503a21e2fb59f93bfc93977a37e27b7af0a96db22fd13409448,2026-10-04T09:22:28.914080+00:00,downloaded,Lunar Sample Catalog 66075 Description,http://curator.jsc.nasa.gov/lunar/catalogs/apollo16/part2/65075.pdf,catalog,
66080,Apollo 16,https://www.lpi.usra.edu/lunar/samples/atlas/detail/?mission=Apollo%2016&sample=66080,8d2dae2f4a412521abc59e6e360ea04aa85b47c0eba673e5d8f15e8b7f38ffb8,2026-10-04T09:22:29.606054+00:00,downloaded_no_pdf,,,,
66081,Apollo 16,https://www.lpi.usra.edu/lunar/samples/atlas/detail/?mission=Apollo%2016&sample=66081,ce6e5607c6808402b70a63f96d5e4c326ccf3ecb9cdadcf782c70ef000331759,2026-10-04T09:22:30.247149+00:00,downloaded,"Lunar Sample Compendium, 66081.pdf",https://www.lpi.usra.edu/lunar/samples/atlas/compendium/66081.pdf,compendium,
66082,Apollo 16,https://www.lpi.usra.edu/lunar/samples/atlas/detail/?mission=Apollo%2016&sample=66082,f1b580d7b886e579b1847c679105714f64899401e4a59ee4ab431babc5db85c2,2026-10-04T09:22:31.043135+00:00,downloaded_no_pdf,,,,
66083,Apollo 16,https://www.lpi.usra.edu/lunar/samples/atlas/detail/?mission=Apollo%2016&sample=66083,67d4c0db3bc1a9a7233dada26055ef5fa38803d41c8fedc87caa17132fabb9a1,2026-10-04T09:22:31.703213+00:00,downloaded_no_pdf,,,,
66084,Apollo 16,https://www.lpi.usra.edu/lunar/samples/atlas/detail/?mission=Apollo%2016&sample=66084,e8910eb0e6004a3b172498436f8620e07852b3b9cdcc54de6cec9888c8a3a4ab,2026-10-04T09:22:32.518845+00:00,downloaded_no_pdf,,,,
66085,Apollo 16,https://www.lpi.usra.edu/lunar/samples/atlas/detail/?mission=Apollo%2016&sample=66085,9417e3905bdef32e8ff1da896da7d13774d54b57edb61c66b83ce5f72f17a380,2026-10-04T09:22:33.164629+00:00,downloaded_no_pdf,,,,
66086,Apollo 16,https://www.lpi.usra.edu/lunar/samples/atlas/detail/?mission=Apollo%2016&sample=66086,8c3816066bfbc03ce7796580207c505b3b09713a77698415a7c3e53358813c4e,2026-10-04T09:22:33.821449+00:00,downloaded_no_pdf,,,,
66090,Apollo 16,https://www.lpi.usra.edu/lunar/samples/atlas/detail/?mission=Apollo%2016&sample=66090,d7fce568bedf8a823848f72b9f26717869a1e8b1101368f08d840735012b5b40,2026-10-04T09:22:34.609671+00:00,downloaded_no_pdf,,,,
66095,Apollo 16,https://www.lpi.usra.edu/lunar/samples/atlas/detail/?mission=Apollo%2016&sample=66095,a5e7b9374558876078f1fa57d61cf789618cf2f38d4782b7e48bd21570d0ef70,2026-10-04T09:22:35.261674+00:00,downloaded,"Lunar Sample Compendium, 66095.pdf",https://www.lpi.usra.edu/lunar/samples/atlas/compendium/66095.pdf,compendium,
66095,Apollo 16,https://www.lpi.usra.edu/lunar/samples/atlas/detail/?mission=Apollo%2016&sample=66095,a5e7b9374558876078f1fa57d61cf789618cf2f38d4782b7e48bd21570d0ef70,2026-10-04T09:22:35.261674+00:00,downloaded,Lunar Sample Catalog 66095 Description,http://curator.jsc.nasa.gov/lunar/catalogs/apollo16/part2/65095.pdf,catalog,
66236,Apollo 16,https://www.lpi.usra.edu/lunar/samples/atlas/detail/?mission=Apollo%2016&sample=66236,d31bca783358645ae3a87a380ec4e1c2871c0764a99c5311aba9dc87e6166b38,2026-10-04T09:22:35.917038+00:00,downloaded_no_pdf,,,,
67015,Apollo 16,https://www.lpi.usra.edu/lunar/samples/atlas/detail/?mission=Apollo%2016&sample=67015,9dd8ad1a9502c221fe37b04cbcb72f9e7a1fa2a456a7b11fdbc7a7e175256af4,2026-10-04T09:22:36.704107+00:00,downloaded,"Lunar Sample Compendium, 67015.pdf",https://www.lpi.usra.edu/lunar/samples/atlas/compendium/67015.pdf,compendium,
67016,Apollo 16,https://www.lpi.usra.edu/lunar/samples/atlas/detail/?mission=Apollo%2016&sample=67016,670dfd2fa093e524e6ba76fb2240b139ff5eb1d2fb971284c706f436d7907e5b,2026-10-04T09:22:37.397282+00:00,downloaded,"Lunar Sample Compendium, 67016.pdf",https://www.lpi.usra.edu/lunar/samples/atlas/compendium/67016.pdf,compendium,
67020,Apollo 16,https://www.lpi.usra.edu/lunar/samples/atlas/detail/?mission=Apollo%2016&sample=67020,596693a752b4f1e832dfef6cfaec81bb966ab5fc297c09125f7791ec59486424,2026-10-04T09:22:38.096150+00:00,downloaded_no_pdf,,,,
67025,Apollo 16,https://www.lpi.usra.edu/lunar/samples/atlas/detail/?mission=Apollo%2016&sample=67025,2bce29e8f5cc6772e5dede195363cd7ce0b6d2706cea001a955d206020eb19e4,2026-10-04T09:22:38.764080+00:00,downloaded_no_pdf,,,,
67035,Apollo 16,https://www.lpi.usra.edu/lunar/samples/atlas/detail/?mission=Apollo%2016&sample=67035,76e4e71133f91d4fdcf6bb6cd312757d1161b4688fbccd155b4a9cb2d3a0d202,2026-10-04T09:22:39.451323+00:00,downloaded,"Lunar Sample Compendium, 67035.pdf",https://www.lpi.usra.edu/lunar/samples/atlas/compendium/67035.pdf,compendium,
67050,Apollo 16,https://www.lpi.usra.edu/lunar/samples/atlas/detail/?mission=Apollo%2016&sample=67050,39b24c074fdd2bc5dda89f17cfbc7342448e87a943f76f27dd05bd79f74ae922,2026-10-04T09:22:40.132124+00:00,downloaded_no_pdf,,,,
67055,Apollo 16,https://www.lpi.usra.edu/lunar/samples/atlas/detail/?mission=Apollo%2016&sample=67055,499103dd40d2bd48a301c7aa294f15964e39dc99acd20db8a355041b6a20ebed,2026-10-04T09:22:40.784702+00:00,downloaded,"Lunar Sample Compendium, 67055.pdf",https://www.lpi.usra.edu/lunar/samples/atlas/compendium/67055.pdf,compendium,
67070,Apollo 16,https://www.lpi.usra.edu/lunar/samples/atlas/detail/?mission=Apollo%2016&sample=67070,9e77b3028dcd8115b837b77dc449585b628f785b74520c969f3f201b875cee94,2026-10-04T09:22:41.479375+00:00,downloaded_no_pdf,,,,
67075,Apollo 16,https://www.lpi.usra.edu/lunar/samples/atlas/detail/?mission=Apollo%2016&sample=67075,abf4bad3ff61c3b8ad5a7879f243edb574e0bc5e2a96ae7d8c20265e83b367be,2026-10-04T09:22:42.125621+00:00,downloaded,"Lunar Sample Compendium, 67075.pdf",https://www.lpi.usra.edu/lunar/samples/atlas/compendium/67075.pdf,compendium,
67090,Apollo 16,https://www.lpi.usra.edu/lunar/samples/atlas/detail/?mission=Apollo%2016&sample=67090,49f8f8fa5f67e97aaca1178ca9710b142998a000d759b66e13bdf3f9a79bea15,2026-10-04T09:22:42.963503+00:00,downloaded_no_pdf,,,,
67095,Apollo 16,https://www.lpi.usra.edu/lunar/samples/atlas/detail/?mission=Apollo%2016&sample=67095,ea90305dd2a324d6ee63ef71dd604385c73586c535860dd186ad6c275515e473,2026-10-04T09:22:43.757356+00:00,downloaded,"Lunar Sample Compendium, 67095.pdf",https://www.lpi.usra.edu/lunar/samples/atlas/compendium/67095.pdf,compendium,
67110,Apollo 16,https://www.lpi.usra.edu/lunar/samples/atlas/detail/?mission=Apollo%2016&sample=67110,16708619a266dc8f9fce520ef968b6a9d36687757ac21a27ef10efef4c8b73af,2026-10-04T09:22:44.522488+00:00,downloaded_no_pdf,,,,
67115,Apollo 16,https://www.lpi.usra.edu/lunar/samples/atlas/detail/?mission=Apollo%2016&sample=67115,514fed37c7789d3e9a2da1232af1abed51c7a155e1be263ae170e9d52cc77d2d,2026-10-04T09:22:45.310567+00:00,downloaded,"Lunar Sample Compendium, 67115.pdf",https://www.lpi.usra.edu/lunar/samples/atlas/compendium/67115.pdf,compendium,
67215,Apollo 16,https://www.lpi.usra.edu/lunar/samples/atlas/detail/?mission=Apollo%2016&sample=67215,eac431810a4189004641cbfe04a9cb0252c7bcc84623a72f5c7bb67625e7ca88,2026-10-04T09:22:46.132767+00:00,downloaded,"Lunar Sample Compendium, 67215.pdf",https://www.lpi.usra.edu/lunar/samples/atlas/compendium/67215.pdf,compendium,
67235,Apollo 16,https://www.lpi.usra.edu/lunar/samples/atlas/detail/?mission=Apollo%2016&sample=67235,372b63f7b5d2fe9ee647108d4c76ba5a38f2aac9e852840fdd2cc1aa865eed03,2026-10-04T09:22:46.821394+00:00,downloaded,"Lunar Sample Compendium, 67235.pdf",https://www.lpi.usra.edu/lunar/samples/atlas/compendium/67235.pdf,compendium,
67410,Apollo 16,https://www.lpi.usra.edu/lunar/samples/atlas/detail/?mission=Apollo%2016&sample=67410,86fcff793cb0438713265ef912766afdb6522c30e6180ebf873ca11a6c70ca1c,2026-10-04T09:22:47.634382+00:00,downloaded_no_pdf,,,,
67415,Apollo 16,https://www.lpi.usra.edu/lunar/samples/atlas/detail/?mission=Apollo%2016&sample=67415,b8cf016d62654601c857c21ee1dd69202608b64d27bcd30ec31a05798d555970,2026-10-04T09:22:48.288215+00:00,downloaded,"Lunar Sample Compendium, 67415.pdf",https://www.lpi.usra.edu/lunar/samples/atlas/compendium/67415.pdf,compendium,
67430,Apollo 16,https://www.lpi.usra.edu/lunar/samples/atlas/detail/?mission=Apollo%2016&sample=67430,6351a9d152c4095dc00eff022d36f8aa0789ce3ebd0d1e90e011e89a4a810cbd,2026-10-04T09:22:49.109068+00:00,downloaded_no_pdf,,,,
67435,Apollo 16,https://www.lpi.usra.edu/lunar/samples/atlas/detail/?mission=Apollo%2016&sample=67435,d2bd7b1f554f3a6d714f097a1080e2e7f9535a859adcbb28c42f22362919c415,2026-10-04T09:22:49.756950+00:00,downloaded,"Lunar Sample Compendium, 67435.pdf",https://www.lpi.usra.edu/lunar/samples/atlas/compendium/67435.pdf,compendium,
67438,Apollo 16,https://www.lpi.usra.edu/lunar/samples/atlas/detail/?mission=Apollo%2016&sample=67438,86982995bacbdff40f29c63618aea59ef969d9822771843e097302479e45b49b,2026-10-04T09:22:50.456163+00:00,downloaded_no_pdf,,,,
67450,Apollo 16,https://www.lpi.usra.edu/lunar/samples/atlas/detail/?mission=Apollo%2016&sample=67450,786a52af8f662e701c4b77a0e66e84b4b7b1f6991ebc86d774b839a9e7cd6773,2026-10-04T09:22:51.106006+00:00,downloaded_no_pdf,,,,
67455,Apollo 16,https://www.lpi.usra.edu/lunar/samples/atlas/detail/?mission=Apollo%2016&sample=67455,f4292be2593468677b8a8961e86cd81b6298d2bdde61297d90ce9e79e5f25417,2026-10-04T09:22:51.898015+00:00,downloaded,"Lunar Sample Compendium, 67455.pdf",https://www.lpi.usra.edu/lunar/samples/atlas/compendium/67455.pdf,compendium,
67460,Apollo 16,https://www.lpi.usra.edu/lunar/samples/atlas/detail/?mission=Apollo%2016&sample=67460,dd624954f5bc9418f85f63930c387ba666e8b771cffb859bc247d67dec146bea,2026-10-04T09:22:52.741339+00:00,downloaded_no_pdf,,,,
67461,Apollo 16,https://www.lpi.usra.edu/lunar/samples/atlas/detail/?mission=Apollo%2016&sample=67461,6ba6b9c492670fab9f31b69a6041b8278e7ed8c6e3afe5ddaa4cf58d0ed328fa,2026-10-04T09:22:53.513375+00:00,downloaded,"Lunar Sample Compendium, 67461.pdf",https://www.lpi.usra.edu/lunar/samples/atlas/compendium/67461.pdf,compendium,
67462,Apollo 16,https://www.lpi.usra.edu/lunar/samples/atlas/detail/?mission=Apollo%2016&sample=67462,0c70f9f34f89a3769d625930b198e7a3aecc76211bff99f61d5b8d08026ab2db,2026-10-04T09:22:54.310722+00:00,downloaded_no_pdf,,,,
67463,Apollo 16,https://www.lpi.usra.edu/lunar/samples/atlas/detail/?mission=Apollo%2016&sample=67463,3214b1647e781dd28c4f8cf481d802814f12fc1d99aac7602637d0945cd180cf,2026-10-04T09:22:55.097222+00:00,downloaded_no_pdf,,,,
67464,Apollo 16,https://www.lpi.usra.edu/lunar/samples/atlas/detail/?mission=Apollo%2016&sample=67464,ee84a832bcb1fd9e3c30fb151e7c16c0cb06490ed75c771332ca04f434027878,2026-10-04T09:22:55.738465+00:00,downloaded_no_pdf,,,,
67475,Apollo 16,https://www.lpi.usra.edu/lunar/samples/atlas/detail/?mission=Apollo%2016&sample=67475,4dd03139bb43b4bdfe5e29917999261dc09fb1ea3ba4958aca2acd25c0ec4f02,2026-10-04T09:22:56.392992+00:00,downloaded,"Lunar Sample Compendium, 67475.pdf",https://www.lpi.usra.edu/lunar/samples/atlas/compendium/67475.pdf,compendium,
67480,Apollo 16,https://www.lpi.usra.edu/lunar/samples/atlas/detail/?mission=Apollo%2016&sample=67480,27c6726b84b39f23ac831560a3285e58a99fa7999c47741550232c6fd6cac970,2026-10-04T09:22:57.088816+00:00,downloaded_no_pdf,,,,
67481,Apollo 16,https://www.lpi.usra.edu/lunar/samples/atlas/detail/?mission=Apollo%2016&sample=67481,fd0c461c4b0ceba9e2d727035dfd101b4a08e93a302aec013fd6073fc9a31b52,2026-10-04T09:22:57.742401+00:00,downloaded,"Lunar Sample Compendium, 67481.pdf",https://www.lpi.usra.edu/lunar/samples/atlas/compendium/67481.pdf,compendium,
67482,Apollo 16,https://www.lpi.usra.edu/lunar/samples/atlas/detail/?mission=Apollo%2016&sample=67482,13c6c8be3dbac401bff713a45790ae3ad1083d7db97918729fa40d19cb7a1a1c,2026-10-04T09:22:58.400663+00:00,downloaded_no_pdf,,,,
67483,Apollo 16,https://www.lpi.usra.edu/lunar/samples/atlas/detail/?mission=Apollo%2016&sample=67483,08ece83f5f37aa7d3f40f90eb0ac18b3a152ba78e63bb5f4dddd6a19910e3810,2026-10-04T09:22:59.052626+00:00,downloaded_no_pdf,,,,
67484,Apollo 16,https://www.lpi.usra.edu/lunar/samples/atlas/detail/?mission=Apollo%2016&sample=67484,529f4d93c798fba254d23c6b8accf862503f0c0c6260bd66f31e2b977f1f9e79,2026-10-04T09:22:59.702760+00:00,downloaded_no_pdf,,,,
67485,Apollo 16,https://www.lpi.usra.edu/lunar/samples/atlas/detail/?mission=Apollo%2016&sample=67485,6be4aa188c709e901f06147d70a508db98edaee76e8d5b5fb478fb51af72f106,2026-10-04T09:23:00.359768+00:00,downloaded,"Lunar Sample Compendium, 67485.pdf",https://www.lpi.usra.edu/lunar/samples/atlas/compendium/67485.pdf,compendium,
67486,Apollo 16,https://www.lpi.usra.edu/lunar/samples/atlas/detail/?mission=Apollo%2016&sample=67486,3b198d341f6e5e8a2383c2521cc4cfa5bd0aa7abc7260fb9b332fcedb1a38013,2026-10-04T09:23:01.153499+00:00,downloaded_no_pdf,,,,
67487,Apollo 16,https://www.lpi.usra.edu/lunar/samples/atlas/detail/?mission=Apollo%2016&sample=67487,cd51b7d847c0f0278374bd64f6b01725f54f3b8e5fff425276d1a2b8bad48fd5,2026-10-04T09:23:01.806552+00:00,downloaded_no_pdf,,,,
67488,Apollo 16,https://www.lpi.usra.edu/lunar/samples/atlas/detail/?mission=Apollo%2016&sample=67488,b71c3fc6a537348c91ca007ac70d4100c0e7715669b3ca578bb0e0694b7b7064,2026-10-04T09:23:02.612109+00:00,downloaded,"Lunar Sample Compendium, 67485.pdf",https://www.lpi.usra.edu/lunar/samples/atlas/compendium/67485.pdf,compendium,
67489,Apollo 16,https://www.lpi.usra.edu/lunar/samples/atlas/detail/?mission=Apollo%2016&sample=67489,c32688df370c57519a68de0ff03675e03d0ee928f842d19eb19c481e632f83d3,2026-10-04T09:23:03.268754+00:00,downloaded_no_pdf,,,,
67495,Apollo 16,https://www.lpi.usra.edu/lunar/samples/atlas/detail/?mission=Apollo%2016&sample=67495,fd35042c2a8b7a04d5b3a57608756bed06a4bee92a06e9385edef28d0b50b0ef,2026-10-04T09:23:03.927539+00:00,downloaded_no_pdf,,,,
67510,Apollo 16,https://www.lpi.usra.edu/lunar/samples/atlas/detail/?mission=Apollo%2016&sample=67510,28dd0ab86a37cec6d8f55184cfebf5f6a7e9ab0b918803de3836b8cf3c8bf1f4,2026-10-04T09:23:04.586380+00:00,downloaded,"Lunar Sample Compendium, 67481.pdf",https://www.lpi.usra.edu/lunar/samples/atlas/compendium/67481.pdf,compendium,
67511,Apollo 16,https://www.lpi.usra.edu/lunar/samples/atlas/detail/?mission=Apollo%2016&sample=67511,655ebeb54be63561e3b7b336fffd8bfb24f19432749c9cc9f74dcdf85cd8b604,2026-10-04T09:23:05.249205+00:00,downloaded_no_pdf,,,,
67512,Apollo 16,https://www.lpi.usra.edu/lunar/samples/atlas/detail/?mission=Apollo%2016&sample=67512,e195fbe04f3ddccf6a5239fcb3f26b9fad80dcb196cc6f3842b79c8c74795b45,2026-10-04T09:23:06.157751+00:00,downloaded_no_pdf,,,,
67513,Apollo 16,https://www.lpi.usra.edu/lunar/samples/atlas/detail/?mission=Apollo%2016&sample=67513,f38a66cf79a3bae912bf6c85954200d861c321354510e5d228715462dc873783,2026-10-04T09:23:06.811735+00:00,downloaded_no_pdf,,,,
67514,Apollo 16,https://www.lpi.usra.edu/lunar/samples/atlas/detail/?mission=Apollo%2016&sample=67514,fb9b205d507ecdd14d779cd21fc7c4e03c4c6692a54e90d2c4ba8de3538ad9a9,2026-10-04T09:23:07.590566+00:00,downloaded_no_pdf,,,,
67515,Apollo 16,https://www.lpi.usra.edu/lunar/samples/atlas/detail/?mission=Apollo%2016&sample=67515,0a681d5ee102a66f2ad8cfcfe12d0c4d459dcc8edf83d2ba092df6e03f3470fb,2026-10-04T09:23:08.239643+00:00,downloaded,"Lunar Sample Compendium, 67515.pdf",https://www.lpi.usra.edu/lunar/samples/atlas/compendium/67515.pdf,compendium,
67516,Apollo 16,https://www.lpi.usra.edu/lunar/samples/atlas/detail/?mission=Apollo%2016&sample=67516,e5c7e273a0e79d76956a99689e1b83eaf567bdde9eaf9b8181714962a8a06424,2026-10-04T09:23:08.886560+00:00,downloaded,"Lunar Sample Compendium, 67515.pdf",https://www.lpi.usra.edu/lunar/samples/atlas/compendium/67515.pdf,compendium,
67517,Apollo 16,https://www.lpi.usra.edu/lunar/samples/atlas/detail/?mission=Apollo%2016&sample=67517,19994bbc1c919be15d8a512e5c5d844d58a724ea686aba166ba227646968c573,2026-10-04T09:23:09.580311+00:00,downloaded,"Lunar Sample Compendium, 67515.pdf",https://www.lpi.usra.edu/lunar/samples/atlas/compendium/67515.pdf,compendium,
67518,Apollo 16,https://www.lpi.usra.edu/lunar/samples/atlas/detail/?mission=Apollo%2016&sample=67518,0bd164fc97c2bf943db9c87f78dfbbf877ec2111c01a84f9892a4eb7f6ae5fbd,2026-10-04T09:23:10.255623+00:00,downloaded,"Lunar Sample Compendium, 67515.pdf",https://www.lpi.usra.edu/lunar/samples/atlas/compendium/67515.pdf,compendium,
67519,Apollo 16,https://www.lpi.usra.edu/lunar/samples/atlas/detail/?mission=Apollo%2016&sample=67519,3c8355e1411d04499b83d67dd441fd3b37741594152f2e268f797ce9c2c99c98,2026-10-04T09:23:11.049868+00:00,downloaded,"Lunar Sample Compendium, 67515.pdf",https://www.lpi.usra.edu/lunar/samples/atlas/compendium/67515.pdf,compendium,
67520,Apollo 16,https://www.lpi.usra.edu/lunar/samples/atlas/detail/?mission=Apollo%2016&sample=67520,d8f88f16e8542bfc7b5511a7ca59c6586493cb5b897e1d5c78676c3a2eb3172a,2026-10-04T09:23:11.837714+00:00,downloaded_no_pdf,,,,
67521,Apollo 16,https://www.lpi.usra.edu/lunar/samples/atlas/detail/?mission=Apollo%2016&sample=67521,f3c1d545120e495519b08ff0bc8f493b1977807f1dfba6cf016747ad56367da1,2026-10-04T09:23:12.491904+00:00,downloaded_no_pdf,,,,
67522,Apollo 16,https://www.lpi.usra.edu/lunar/samples/atlas/detail/?mission=Apollo%2016&sample=67522,ba7627dfc2dceff4fcc794f41516e243fdc82aa79b4ba992ee3faa9fe12955ab,2026-10-04T09:23:13.147534+00:00,downloaded_no_pdf,,,,
67523,Apollo 16,https://www.lpi.usra.edu/lunar/samples/atlas/detail/?mission=Apollo%2016&sample=67523,85fd55ce977c1605ab7809cb73d91dd130d93905627a6814effbe644ed517de1,2026-10-04T09:23:13.801169+00:00,downloaded_no_pdf,,,,
67524,Apollo 16,https://www.lpi.usra.edu/lunar/samples/atlas/detail/?mission=Apollo%2016&sample=67524,7e7e76e050910cc52f441b4c0574223791252d2f92298c0ffc3af9e933d3132c,2026-10-04T09:23:14.589617+00:00,downloaded_no_pdf,,,,
67525,Apollo 16,https://www.lpi.usra.edu/lunar/samples/atlas/detail/?mission=Apollo%2016&sample=67525,bcae3272a7fef8187e6f4ce4e4be838b839d44ace8b52777aa8dfcff32a6686b,2026-10-04T09:23:15.248995+00:00,downloaded_no_pdf,,,,
67526,Apollo 16,https://www.lpi.usra.edu/lunar/samples/atlas/detail/?mission=Apollo%2016&sample=67526,349315ca04410af1fd965a37bd2cd9c77081b12324ff58c2eddc9b49d17986b4,2026-10-04T09:23:15.909353+00:00,downloaded_no_pdf,,,,
67527,Apollo 16,https://www.lpi.usra.edu/lunar/samples/atlas/detail/?mission=Apollo%2016&sample=67527,1dcb07b6fb376ba9d8284113bc923022be62309b5bf35c4d873a7392024d2039,2026-10-04T09:23:16.557428+00:00,downloaded_no_pdf,,,,
67528,Apollo 16,https://www.lpi.usra.edu/lunar/samples/atlas/detail/?mission=Apollo%2016&sample=67528,e2be970ce34ea2d4ca03a68ffeebc34b49721434fecb7581ab4d5a5bfc73e1cb,2026-10-04T09:23:17.208725+00:00,downloaded_no_pdf,,,,
67529,Apollo 16,https://www.lpi.usra.edu/lunar/samples/atlas/detail/?mission=Apollo%2016&sample=67529,35cdf8bf70bc85c1301c7f4f8ebd33a3d11ef0d990add52e2e75224ab9c686d8,2026-10-04T09:23:17.862104+00:00,downloaded,"Lunar Sample Compendium, 67529.pdf",https://www.lpi.usra.edu/lunar/samples/atlas/compendium/67529.pdf,compendium,
67530,Apollo 16,https://www.lpi.usra.edu/lunar/samples/atlas/detail/?mission=Apollo%2016&sample=67530,e520e94672bae94756f9202fbd3dcc574320451a14bcea474936574825578d13,2026-10-04T09:23:18.654080+00:00,downloaded_no_pdf,,,,
67531,Apollo 16,https://www.lpi.usra.edu/lunar/samples/atlas/detail/?mission=Apollo%2016&sample=67531,b2a3efedce01beaecac7bba8c0ab40d0fd22515109fa0bd8883621731525cefb,2026-10-04T09:23:19.305731+00:00,downloaded_no_pdf,,,,
67532,Apollo 16,https://www.lpi.usra.edu/lunar/samples/atlas/detail/?mission=Apollo%2016&sample=67532,ceb5d814a1f9ef3bf200ab2de1283709fd64d0eecb8797fb0e43799752c67328,2026-10-04T09:23:20.086310+00:00,downloaded_no_pdf,,,,
67533,Apollo 16,https://www.lpi.usra.edu/lunar/samples/atlas/detail/?mission=Apollo%2016&sample=67533,06c21ef4cf0ae6f6244fd7ba1f2b469f3b3cc93974073505e5cc319e9f312910,2026-10-04T09:23:20.751256+00:00,downloaded_no_pdf,,,,
67534,Apollo 16,https://www.lpi.usra.edu/lunar/samples/atlas/detail/?mission=Apollo%2016&sample=67534,a77a4162137fd741bfb2a8803c04871462a1a9f39de4bf66e21fd2aed5da7dfd,2026-10-04T09:23:21.531604+00:00,downloaded_no_pdf,,,,
67535,Apollo 16,https://www.lpi.usra.edu/lunar/samples/atlas/detail/?mission=Apollo%2016&sample=67535,1811c4b2d6fbe6235e8ddf0c9b36bab38898f6b7c6144fc5e93e1caded55fd89,2026-10-04T09:23:22.308961+00:00,downloaded_no_pdf,,,,
67536,Apollo 16,https://www.lpi.usra.edu/lunar/samples/atlas/detail/?mission=Apollo%2016&sample=67536,e08a3b2e0e31820a30bbc5c88e1c92007a65318b357a2cf5994fc833a581cd02,2026-10-04T09:23:22.993069+00:00,downloaded_no_pdf,,,,
67537,Apollo 16,https://www.lpi.usra.edu/lunar/samples/atlas/detail/?mission=Apollo%2016&sample=67537,9d0333a3804eb1f2cf01fea8dfd2fbc63903195f8d729d5440c1fa9840ff7978,2026-10-04T09:23:23.657629+00:00,downloaded_no_pdf,,,,
67538,Apollo 16,https://www.lpi.usra.edu/lunar/samples/atlas/detail/?mission=Apollo%2016&sample=67538,a1057db5e7bf63154003de27c18d4a592f99d35418a8498dc8f131904562a4b4,2026-10-04T09:23:24.448957+00:00,downloaded_no_pdf,,,,
67539,Apollo 16,https://www.lpi.usra.edu/lunar/samples/atlas/detail/?mission=Apollo%2016&sample=67539,a9ebe44cf990e5072791b6dfffdf90abbd28cf391e237bab4c2f0761d6abe683,2026-10-04T09:23:25.120876+00:00,downloaded_no_pdf,,,,
67540,Apollo 16,https://www.lpi.usra.edu/lunar/samples/atlas/detail/?mission=Apollo%2016&sample=67540,ac8119c7a527db048bc5b7be85e6019a7322bb5f52b36c343250b12ae32763cf,2026-10-04T09:23:25.910127+00:00,downloaded_no_pdf,,,,
67541,Apollo 16,https://www.lpi.usra.edu/lunar/samples/atlas/detail/?mission=Apollo%2016&sample=67541,e0e3cb899619a0e58d5b7079d2b8cfe9c913279c279848599b6af2f30634a2ef,2026-10-04T09:23:26.597038+00:00,downloaded_no_pdf,,,,
67542,Apollo 16,https://www.lpi.usra.edu/lunar/samples/atlas/detail/?mission=Apollo%2016&sample=67542,5bfda8fdad3ea2ab29c917a3d6c832cad255c01d8a1728b57079423a3b7ad328,2026-10-04T09:23:27.376047+00:00,downloaded_no_pdf,,,,
67543,Apollo 16,https://www.lpi.usra.edu/lunar/samples/atlas/detail/?mission=Apollo%2016&sample=67543,d44a12fdf93b50ef0b07aee859871fce9b18028b97fd53e5c029e2f86fd0340f,2026-10-04T09:23:28.161175+00:00,downloaded_no_pdf,,,,
67544,Apollo 16,https://www.lpi.usra.edu/lunar/samples/atlas/detail/?mission=Apollo%2016&sample=67544,c8d6e5d26f2bd74a5fb0b6c196e038fcca5be46c2f1056009121f3104bf13bed,2026-10-04T09:23:28.933379+00:00,downloaded_no_pdf,,,,
67545,Apollo 16,https://www.lpi.usra.edu/lunar/samples/atlas/detail/?mission=Apollo%2016&sample=67545,eef22a6c35d0d5ad0679627d68a7a47e79fd511da5e1e5e976531c561ae6813d,2026-10-04T09:23:29.599695+00:00,downloaded_no_pdf,,,,
67546,Apollo 16,https://www.lpi.usra.edu/lunar/samples/atlas/detail/?mission=Apollo%2016&sample=67546,21d80a17fcc9a20f6dcaf77ca6842c2b817de6516745094623985fda00de3ff5,2026-10-04T09:23:30.385511+00:00,downloaded,"Lunar Sample Compendium, 67549.pdf",https://www.lpi.usra.edu/lunar/samples/atlas/compendium/67549.pdf,compendium,
67547,Apollo 16,https://www.lpi.usra.edu/lunar/samples/atlas/detail/?mission=Apollo%2016&sample=67547,62f9e40141c93bf4961f63d956b650ca3c53335344fc71d6960ad60d0057a739,2026-10-04T09:23:31.046184+00:00,downloaded_no_pdf,,,,
67548,Apollo 16,https://www.lpi.usra.edu/lunar/samples/atlas/detail/?mission=Apollo%2016&sample=67548,b9fcb57ff9a1215170c4ace4a0d18c3d668172fb6f8f39b6ec5d1fdbf85d83d6,2026-10-04T09:23:31.836438+00:00,downloaded_no_pdf,,,,
67549,Apollo 16,https://www.lpi.usra.edu/lunar/samples/atlas/detail/?mission=Apollo%2016&sample=67549,3ab5258cee8fa46befd8edd760b4c45254775c069dcf7929a1ab7710ef0a9cc9,2026-10-04T09:23:32.631110+00:00,downloaded,"Lunar Sample Compendium, 67549.pdf",https://www.lpi.usra.edu/lunar/samples/atlas/compendium/67549.pdf,compendium,
67550,Apollo 16,https://www.lpi.usra.edu/lunar/samples/atlas/detail/?mission=Apollo%2016&sample=67550,126d3a4d7d38a7356976771641f3b113826e0dbcb3fc711dfed0dd1f3bd2ebf6,2026-10-04T09:23:33.446264+00:00,downloaded_no_pdf,,,,
67551,Apollo 16,https://www.lpi.usra.edu/lunar/samples/atlas/detail/?mission=Apollo%2016&sample=67551,1a41936e3f5e984c97b017c4b6bffae49f80ad0531d660f6ce7c911fabe15f16,2026-10-04T09:23:34.110241+00:00,downloaded_no_pdf,,,,
67552,Apollo 16,https://www.lpi.usra.edu/lunar/samples/atlas/detail/?mission=Apollo%2016&sample=67552,c1d5b8f7cef1f7749f642883021c3baa7436e1f5dcff3c3a4be12392b121d37a,2026-10-04T09:23:34.763279+00:00,downloaded_no_pdf,,,,
67553,Apollo 16,https://www.lpi.usra.edu/lunar/samples/atlas/detail/?mission=Apollo%2016&sample=67553,db3ade6eb499ed406ba09671e9d1c49d57e288e303fe60756f3019282ed73aac,2026-10-04T09:23:35.413297+00:00,downloaded_no_pdf,,,,
67554,Apollo 16,https://www.lpi.usra.edu/lunar/samples/atlas/detail/?mission=Apollo%2016&sample=67554,5115350f29eabcad396fbb32d4a39345cc7a15e5b180978ee8a3a6d439d2c23b,2026-10-04T09:23:36.193483+00:00,downloaded_no_pdf,,,,
67555,Apollo 16,https://www.lpi.usra.edu/lunar/samples/atlas/detail/?mission=Apollo%2016&sample=67555,deb488f27092e29fbdc3c9d599fa15257df785b47006c9c22a0a926b694cd2cc,2026-10-04T09:23:36.876381+00:00,downloaded_no_pdf,,,,
67556,Apollo 16,https://www.lpi.usra.edu/lunar/samples/atlas/detail/?mission=Apollo%2016&sample=67556,9baaf8cb68879cbcab0b803c3c3919496fcabfaf3a6d014ae303e92d85c4506e,2026-10-04T09:23:37.530008+00:00,downloaded,"Lunar Sample Compendium, 67556.pdf",https://www.lpi.usra.edu/lunar/samples/atlas/compendium/67556.pdf,compendium,
67557,Apollo 16,https://www.lpi.usra.edu/lunar/samples/atlas/detail/?mission=Apollo%2016&sample=67557,6a964ebd60633b525278c11e3256181ddc33589ae4b66f7d246ce2b0c793f1b3,2026-10-04T09:23:38.350721+00:00,downloaded_no_pdf,,,,
67558,Apollo 16,https://www.lpi.usra.edu/lunar/samples/atlas/detail/?mission=Apollo%2016&sample=67558,55815383fa652ba06f1751a1eca82226d24dc93753ce2f3a30b33e719999cc93,2026-10-04T09:23:39.119135+00:00,downloaded_no_pdf,,,,
67559,Apollo 16,https://www.lpi.usra.edu/lunar/samples/atlas/detail/?mission=Apollo%2016&sample=67559,6e9c03b9f62440d94725c209ae624797ed3bc75866676453a6acd08125d16618,2026-10-04T09:23:39.763762+00:00,downloaded,"Lunar Sample Compendium, 67559.pdf",https://www.lpi.usra.edu/lunar/samples/atlas/compendium/67559.pdf,compendium,
67560,Apollo 16,https://www.lpi.usra.edu/lunar/samples/atlas/detail/?mission=Apollo%2016&sample=67560,675cfa83e05c1fe7756e8f23101b0ac051ddbe109508bcd809bf6be89c68be01,2026-10-04T09:23:40.595500+00:00,downloaded_no_pdf,,,,
67561,Apollo 16,https://www.lpi.usra.edu/lunar/samples/atlas/detail/?mission=Apollo%2016&sample=67561,5706cc873e72126fb01dabd8bfc0cac46379732615ec65071219102227837216,2026-10-04T09:23:41.243256+00:00,downloaded_no_pdf,,,,
67562,Apollo 16,https://www.lpi.usra.edu/lunar/samples/atlas/detail/?mission=Apollo%2016&sample=67562,9dc5909ebdd8715966260bb637601cf9fe8a4fe1b1c0d7ee4bda9014b4c11222,2026-10-04T09:23:41.893511+00:00,downloaded_no_pdf,,,,
67563,Apollo 16,https://www.lpi.usra.edu/lunar/samples/atlas/detail/?mission=Apollo%2016&sample=67563,ee7020619006c3cbfb19e8fa8aacf7dbde56d7fd2c3aa30121614d14ade6c835,2026-10-04T09:23:42.712050+00:00,downloaded_no_pdf,,,,
67564,Apollo 16,https://www.lpi.usra.edu/lunar/samples/atlas/detail/?mission=Apollo%2016&sample=67564,b6f706cf95da16373b4442f99f0b7f65ac6803b8b5d8e04753b533f0633be39f,2026-10-04T09:23:43.487568+00:00,downloaded_no_pdf,,,,
67565,Apollo 16,https://www.lpi.usra.edu/lunar/samples/atlas/detail/?mission=Apollo%2016&sample=67565,a3eb884b0f4168d001ec18fd7046cc2183c7ab8f2d0c057aa6af364d0fed8484,2026-10-04T09:23:44.140365+00:00,downloaded,"Lunar Sample Compendium, 67565.pdf",https://www.lpi.usra.edu/lunar/samples/atlas/compendium/67565.pdf,compendium,
67566,Apollo 16,https://www.lpi.usra.edu/lunar/samples/atlas/detail/?mission=Apollo%2016&sample=67566,4d9bd79b8891d9a25c77e2e0936e6701e2cea8c8802e4fa079e74a6e9f85ad0d,2026-10-04T09:23:44.967436+00:00,downloaded_no_pdf,,,,
67567,Apollo 16,https://www.lpi.usra.edu/lunar/samples/atlas/detail/?mission=Apollo%2016&sample=67567,5eb72c051c1b62741b2f8810d3d891708e4a888f7315dfe12b23902a031694fc,2026-10-04T09:23:45.613703+00:00,downloaded,"Lunar Sample Compendium, 67567.pdf",https://www.lpi.usra.edu/lunar/samples/atlas/compendium/67567.pdf,compendium,
67568,Apollo 16,https://www.lpi.usra.edu/lunar/samples/atlas/detail/?mission=Apollo%2016&sample=67568,cb28fc6afe7ea4008f4bbd763c2a8d1565d49d7acc4efe6415ed8928826d8c89,2026-10-04T09:23:46.283913+00:00,downloaded,"Lunar Sample Compendium, 67567.pdf",https://www.lpi.usra.edu/lunar/samples/atlas/compendium/67567.pdf,compendium,
67569,Apollo 16,https://www.lpi.usra.edu/lunar/samples/atlas/detail/?mission=Apollo%2016&sample=67569,7125345c18a29822d825822865b206b07091f0383095fa89c55acadc406a6540,2026-10-04T09:23:46.937908+00:00,downloaded,"Lunar Sample Compendium, 67567.pdf",https://www.lpi.usra.edu/lunar/samples/atlas/compendium/67567.pdf,compendium,
67570,Apollo 16,https://www.lpi.usra.edu/lunar/samples/atlas/detail/?mission=Apollo%2016&sample=67570,dee43351d3f8a525091fc7bb2d989f1c3f2d3cf03617788f0fb2cf1dcc1fad24,2026-10-04T09:23:47.585906+00:00,downloaded_no_pdf,,,,
67571,Apollo 16,https://www.lpi.usra.edu/lunar/samples/atlas/detail/?mission=Apollo%2016&sample=67571,263f0262720326166bbede86be6c4e5abd617fde32cd087eeb8fee61e14ac5b3,2026-10-04T09:23:48.376512+00:00,downloaded_no_pdf,,,,
67572,Apollo 16,https://www.lpi.usra.edu/lunar/samples/atlas/detail/?mission=Apollo%2016&sample=67572,40ce4f69af09a670b180c00d80f76a136e451d392d68f8e9145e2ec130539edb,2026-10-04T09:23:49.042169+00:00,downloaded_no_pdf,,,,
67573,Apollo 16,https://www.lpi.usra.edu/lunar/samples/atlas/detail/?mission=Apollo%2016&sample=67573,99a6ab773e044744a3d83c8c0ce97b1202bd85c2841c4914c95b101a0e0b240a,2026-10-04T09:23:49.692319+00:00,downloaded_no_pdf,,,,
67574,Apollo 16,https://www.lpi.usra.edu/lunar/samples/atlas/detail/?mission=Apollo%2016&sample=67574,4277d60fae5c1746462df3aba0b37c1c20233fc5795f71b884f606d1782b8418,2026-10-04T09:23:50.466522+00:00,downloaded_no_pdf,,,,
67575,Apollo 16,https://www.lpi.usra.edu/lunar/samples/atlas/detail/?mission=Apollo%2016&sample=67575,994da5720459af0ee6104d74ed09c8343dfd651b8a95091e6a0a2ca9a25f02e6,2026-10-04T09:23:51.251007+00:00,downloaded_no_pdf,,,,
67576,Apollo 16,https://www.lpi.usra.edu/lunar/samples/atlas/detail/?mission=Apollo%2016&sample=67576,a54ba2b804f9c8b637cc039296ffca82f28acd33320054f2c75a682b796bac7b,2026-10-04T09:23:51.905155+00:00,downloaded_no_pdf,,,,
67600,Apollo 16,https://www.lpi.usra.edu/lunar/samples/atlas/detail/?mission=Apollo%2016&sample=67600,50cddf1eadf763a774bc456b81d950bdc1c5913039860026c01165346a584cfd,2026-10-04T09:23:52.684210+00:00,downloaded_no_pdf,,,,
67601,Apollo 16,https://www.lpi.usra.edu/lunar/samples/atlas/detail/?mission=Apollo%2016&sample=67601,e18a5f9d3624956c22c714fc15d1f02b229e72d8fa5a56ec7a5a27319078eeb2,2026-10-04T09:23:53.342273+00:00,downloaded,"Lunar Sample Compendium, 67601.pdf",https://www.lpi.usra.edu/lunar/samples/atlas/compendium/67601.pdf,compendium,
67602,Apollo 16,https://www.lpi.usra.edu/lunar/samples/atlas/detail/?mission=Apollo%2016&sample=67602,80743934096987c1a128da6252786d6c1f3e179ca5a8a5d263803ea12b128a46,2026-10-04T09:23:53.993403+00:00,downloaded_no_pdf,,,,
67603,Apollo 16,https://www.lpi.usra.edu/lunar/samples/atlas/detail/?mission=Apollo%2016&sample=67603,14b5e3e8116032280d7d6c5fb6f7a81f6a28c9142a57bff55b6268ed543a3e3d,2026-10-04T09:23:54.801499+00:00,downloaded_no_pdf,,,,
67604,Apollo 16,https://www.lpi.usra.edu/lunar/samples/atlas/detail/?mission=Apollo%2016&sample=67604,1a2244b4d3aa8fd1d5afdb9af01c8424684ea6c2ae6790a6f6d6fc55c1bc6f5f,2026-10-04T09:23:55.601887+00:00,downloaded_no_pdf,,,,
67605,Apollo 16,https://www.lpi.usra.edu/lunar/samples/atlas/detail/?mission=Apollo%2016&sample=67605,d69f1729794fa5c8394f6c192d199c64eedf6112ae708bca9c4467b9c9ca9bdb,2026-10-04T09:23:56.251541+00:00,downloaded,"Lunar Sample Compendium, 67605.pdf",https://www.lpi.usra.edu/lunar/samples/atlas/compendium/67605.pdf,compendium,
67610,Apollo 16,https://www.lpi.usra.edu/lunar/samples/atlas/detail/?mission=Apollo%2016&sample=67610,6ede586c16b6bfab86eb1c178984d2d49d54f2039b88d39fabe28bff9c778f1a,2026-10-04T09:23:56.938102+00:00,downloaded,"Lunar Sample Compendium, 67601.pdf",https://www.lpi.usra.edu/lunar/samples/atlas/compendium/67601.pdf,compendium,
67611,Apollo 16,https://www.lpi.usra.edu/lunar/samples/atlas/detail/?mission=Apollo%2016&sample=67611,3de636d65e7c56e78b801b9875171afe25f05c1e9a460e9023c0c5aeccce2730,2026-10-04T09:23:57.719563+00:00,downloaded_no_pdf,,,,
67612,Apollo 16,https://www.lpi.usra.edu/lunar/samples/atlas/detail/?mission=Apollo%2016&sample=67612,7fe095d9b474945af839434c2d096141c08a6ec6ae8ec49d11f2dc4c3181fe7a,2026-10-04T09:23:58.374706+00:00,downloaded_no_pdf,,,,
67613,Apollo 16,https://www.lpi.usra.edu/lunar/samples/atlas/detail/?mission=Apollo%2016&sample=67613,7b7dde579e39d7266c05baf29f946402f5d619f0a714bd903f2718407800ffac,2026-10-04T09:23:59.030042+00:00,downloaded_no_pdf,,,,
67614,Apollo 16,https://www.lpi.usra.edu/lunar/samples/atlas/detail/?mission=Apollo%2016&sample=67614,e4d8fa19909ca783dea10a7c579cc8a727d596d663ea93d525aa3e608b58af3f,2026-10-04T09:23:59.682479+00:00,downloaded_no_pdf,,,,
67615,Apollo 16,https://www.lpi.usra.edu/lunar/samples/atlas/detail/?mission=Apollo%2016&sample=67615,1c027a53fe4e6109cfab01492134c38962129ec75ea0c1fe1cd06cca9da6e25c,2026-10-04T09:24:00.479700+00:00,downloaded,"Lunar Sample Compendium, 67615.pdf",https://www.lpi.usra.edu/lunar/samples/atlas/compendium/67615.pdf,compendium,
67616,Apollo 16,https://www.lpi.usra.edu/lunar/samples/atlas/detail/?mission=Apollo%2016&sample=67616,72025f22f5eac44f0adbd98137f37cfe795ac65c5a6f8a28bab9aec026637d98,2026-10-04T09:24:01.255432+00:00,downloaded_no_pdf,,,,
67617,Apollo 16,https://www.lpi.usra.edu/lunar/samples/atlas/detail/?mission=Apollo%2016&sample=67617,8159a3e8eeb92e10895a49c6e237b6e7cf8c6a5b1c7bee3db7ca263eaba2de51,2026-10-04T09:24:02.037743+00:00,downloaded,"Lunar Sample Compendium, 67617.pdf",https://www.lpi.usra.edu/lunar/samples/atlas/compendium/67617.pdf,compendium,
67618,Apollo 16,https://www.lpi.usra.edu/lunar/samples/atlas/detail/?mission=Apollo%2016&sample=67618,b25512e15735f33dcb5833fc4175c763c9f8b7d4cd0c694d40d4e5bab48c66d4,2026-10-04T09:24:02.716970+00:00,downloaded_no_pdf,,,,
67619,Apollo 16,https://www.lpi.usra.edu/lunar/samples/atlas/detail/?mission=Apollo%2016&sample=67619,30168aaeff55e4cf01110aedae67c148c513f130160647b70601fcadc55155a4,2026-10-04T09:24:03.504127+00:00,downloaded_no_pdf,,,,
67620,Apollo 16,https://www.lpi.usra.edu/lunar/samples/atlas/detail/?mission=Apollo%2016&sample=67620,899c4ed259df8bd55bb7685adf31a2918a744afb9b072d36a7dfa05ecf821b6f,2026-10-04T09:24:04.282712+00:00,downloaded_no_pdf,,,,
67621,Apollo 16,https://www.lpi.usra.edu/lunar/samples/atlas/detail/?mission=Apollo%2016&sample=67621,81ff6e50b3d8c373b28ed71039a0b653b340915098ada467b40ae2ab94d9d61c,2026-10-04T09:24:05.070572+00:00,downloaded_no_pdf,,,,
67622,Apollo 16,https://www.lpi.usra.edu/lunar/samples/atlas/detail/?mission=Apollo%2016&sample=67622,7a7cfc3eee452841916d8fd17cec463136a53887902b2070d6feda4807eb4c85,2026-10-04T09:24:05.728850+00:00,downloaded_no_pdf,,,,
67623,Apollo 16,https://www.lpi.usra.edu/lunar/samples/atlas/detail/?mission=Apollo%2016&sample=67623,1c289ea00884e36d6808344d9ecdc01383b7740496dccf41673f478ff5e31d0f,2026-10-04T09:24:06.384233+00:00,downloaded_no_pdf,,,,
67624,Apollo 16,https://www.lpi.usra.edu/lunar/samples/atlas/detail/?mission=Apollo%2016&sample=67624,b510fbc6e9d74b2f0cad332429d898abd68907883b4cdd8f6f04f84d4f74321f,2026-10-04T09:24:07.035549+00:00,downloaded_no_pdf,,,,
67625,Apollo 16,https://www.lpi.usra.edu/lunar/samples/atlas/detail/?mission=Apollo%2016&sample=67625,9d0740b18e53c93292121756a92a64372dafcaf6635ef37e992961bcf9bb3e0e,2026-10-04T09:24:07.688839+00:00,downloaded_no_pdf,,,,
67626,Apollo 16,https://www.lpi.usra.edu/lunar/samples/atlas/detail/?mission=Apollo%2016&sample=67626,3188e2343b41090fddae833568946c808b99c4f374e23c06b4485b5878192d3d,2026-10-04T09:24:08.475563+00:00,downloaded,"Lunar Sample Compendium, 67626.pdf",https://www.lpi.usra.edu/lunar/samples/atlas/compendium/67626.pdf,compendium,
67627,Apollo 16,https://www.lpi.usra.edu/lunar/samples/atlas/detail/?mission=Apollo%2016&sample=67627,317c70230f5f2ba148bbf8af697e4df435081ec5dd8ec952f267066607965343,2026-10-04T09:24:09.263773+00:00,downloaded,"Lunar Sample Compendium, 67627.pdf",https://www.lpi.usra.edu/lunar/samples/atlas/compendium/67627.pdf,compendium,
67628,Apollo 16,https://www.lpi.usra.edu/lunar/samples/atlas/detail/?mission=Apollo%2016&sample=67628,263c90e6fbed9149f4a806437de47903f3040aaa2a12ae5f9bafd8dcd91338f3,2026-10-04T09:24:09.950216+00:00,downloaded,"Lunar Sample Compendium, 67628.pdf",https://www.lpi.usra.edu/lunar/samples/atlas/compendium/67628.pdf,compendium,
67629,Apollo 16,https://www.lpi.usra.edu/lunar/samples/atlas/detail/?mission=Apollo%2016&sample=67629,33362304a6daab1f11a506777320ad19bb9047fc50b408b1be52323d5fcaf025,2026-10-04T09:24:10.604604+00:00,downloaded,"Lunar Sample Compendium, 67627.pdf",https://www.lpi.usra.edu/lunar/samples/atlas/compendium/67627.pdf,compendium,
67630,Apollo 16,https://www.lpi.usra.edu/lunar/samples/atlas/detail/?mission=Apollo%2016&sample=67630,9806a1d2de7caf830494a1dec626a134aa551f47f437035846d0f29c401e1ad3,2026-10-04T09:24:11.390181+00:00,downloaded_no_pdf,,,,
67631,Apollo 16,https://www.lpi.usra.edu/lunar/samples/atlas/detail/?mission=Apollo%2016&sample=67631,98c544cbbe659a5ce825a3c841d8b7a3c02182bc4f496b9129ea0f38c7467a3b,2026-10-04T09:24:12.036867+00:00,downloaded_no_pdf,,,,
67632,Apollo 16,https://www.lpi.usra.edu/lunar/samples/atlas/detail/?mission=Apollo%2016&sample=67632,603551013df097133f0de45cb995736aa779e0a4a59c60cdbb397b4ab20eb9d2,2026-10-04T09:24:12.703186+00:00,downloaded_no_pdf,,,,
67633,Apollo 16,https://www.lpi.usra.edu/lunar/samples/atlas/detail/?mission=Apollo%2016&sample=67633,0da4af673cc8ecead9948b49d6ee4dfd105f0bb8c5a9d488099e72808a08b6a8,2026-10-04T09:24:13.483656+00:00,downloaded_no_pdf,,,,
67634,Apollo 16,https://www.lpi.usra.edu/lunar/samples/atlas/detail/?mission=Apollo%2016&sample=67634,2d24e6c9c93be3b4e7607f6d735878f2385ea00f4cd28c3f25cb41080ac962de,2026-10-04T09:24:14.135259+00:00,downloaded_no_pdf,,,,
67635,Apollo 16,https://www.lpi.usra.edu/lunar/samples/atlas/detail/?mission=Apollo%2016&sample=67635,419ba4e22f561697194f6f8653be90a895aa860b73a9036e644f71007a6106b7,2026-10-04T09:24:14.782394+00:00,downloaded,"Lunar Sample Compendium, 67635.pdf",https://www.lpi.usra.edu/lunar/samples/atlas/compendium/67635.pdf,compendium,
67636,Apollo 16,https://www.lpi.usra.edu/lunar/samples/atlas/detail/?mission=Apollo%2016&sample=67636,fc18a52d04d2ccff146a6e8494933e477bc1727a1bb67ab86f1fe430622b2351,2026-10-04T09:24:15.430747+00:00,downloaded,"Lunar Sample Compendium, 67635.pdf",https://www.lpi.usra.edu/lunar/samples/atlas/compendium/67635.pdf,compendium,
67636,Apollo 16,https://www.lpi.usra.edu/lunar/samples/atlas/detail/?mission=Apollo%2016&sample=67636,fc18a52d04d2ccff146a6e8494933e477bc1727a1bb67ab86f1fe430622b2351,2026-10-04T09:24:15.430747+00:00,downloaded,"Lunar Sample Compendium, 67636.pdf",https://www.lpi.usra.edu/lunar/samples/atlas/compendium/67636.pdf,compendium,
67637,Apollo 16,https://www.lpi.usra.edu/lunar/samples/atlas/detail/?mission=Apollo%2016&sample=67637,6bac381520aa9b9b915eaec2e3e12ab9f7162a5bd04d82c4b98ae2be95273739,2026-10-04T09:24:16.217326+00:00,downloaded,"Lunar Sample Compendium, 67635.pdf",https://www.lpi.usra.edu/lunar/samples/atlas/compendium/67635.pdf,compendium,
67637,Apollo 16,https://www.lpi.usra.edu/lunar/samples/atlas/detail/?mission=Apollo%2016&sample=67637,6bac381520aa9b9b915eaec2e3e12ab9f7162a5bd04d82c4b98ae2be95273739,2026-10-04T09:24:16.217326+00:00,downloaded,"Lunar Sample Compendium, 67637.pdf",https://www.lpi.usra.edu/lunar/samples/atlas/compendium/67637.pdf,compendium,
67638,Apollo 16,https://www.lpi.usra.edu/lunar/samples/atlas/detail/?mission=Apollo%2016&sample=67638,4829cf4ad369136704e8c3b0742ae0f72dda6a526762d9b905d9973ba7a25617,2026-10-04T09:24:16.997185+00:00,downloaded_no_pdf,,,,
67639,Apollo 16,https://www.lpi.usra.edu/lunar/samples/atlas/detail/?mission=Apollo%2016&sample=67639,df3b4b069fbd602e5ca648fa7a039d59995f64474091922a5e7f068cbd4d614b,2026-10-04T09:24:17.647763+00:00,downloaded_no_pdf,,,,
67640,Apollo 16,https://www.lpi.usra.edu/lunar/samples/atlas/detail/?mission=Apollo%2016&sample=67640,3b506b9b15ebaccf72545b5e1350666fa1434cf4c4aa5ae8e00fd9025835a4ac,2026-10-04T09:24:18.301101+00:00,downloaded_no_pdf,,,,
67641,Apollo 16,https://www.lpi.usra.edu/lunar/samples/atlas/detail/?mission=Apollo%2016&sample=67641,af60da7be801618e0f71c83bb5be88ac2cdfe4ae7f2a2d08a96ecf890bf0cdd0,2026-10-04T09:24:19.091445+00:00,downloaded_no_pdf,,,,
67642,Apollo 16,https://www.lpi.usra.edu/lunar/samples/atlas/detail/?mission=Apollo%2016&sample=67642,7ee15ca2a475fa0a33ee10ef21adc508d8d45353f0e7b4812adfdeb0b29b68ae,2026-10-04T09:24:19.745306+00:00,downloaded_no_pdf,,,,
67643,Apollo 16,https://www.lpi.usra.edu/lunar/samples/atlas/detail/?mission=Apollo%2016&sample=67643,3c5d2a36cf4b932d404abe97ba7734dc7720bdafa20fddee8850024d2a67da93,2026-10-04T09:24:20.395905+00:00,downloaded_no_pdf,,,,
67644,Apollo 16,https://www.lpi.usra.edu/lunar/samples/atlas/detail/?mission=Apollo%2016&sample=67644,56556f495e55eedd7891695a2361b083f0ab83e8f33a29a94c83cec8e4989995,2026-10-04T09:24:21.043826+00:00,downloaded_no_pdf,,,,
67645,Apollo 16,https://www.lpi.usra.edu/lunar/samples/atlas/detail/?mission=Apollo%2016&sample=67645,e3fdc7e2ca7aac532acbba6d08c7b2572a3917da201b7d637f5c495029e41912,2026-10-04T09:24:21.700282+00:00,downloaded_no_pdf,,,,
67646,Apollo 16,https://www.lpi.usra.edu/lunar/samples/atlas/detail/?mission=Apollo%2016&sample=67646,aab09b1e070ae93e112ba55200d15d37912f58cfe6951cf7c5766f027930fc96,2026-10-04T09:24:22.497060+00:00,downloaded_no_pdf,,,,
67647,Apollo 16,https://www.lpi.usra.edu/lunar/samples/atlas/detail/?mission=Apollo%2016&sample=67647,4bfc10359451a6bfd6007c49084fae84db903cf33a931d716ba41d9d4fbced75,2026-10-04T09:24:23.275538+00:00,downloaded,"Lunar Sample Compendium, 67647.pdf",https://www.lpi.usra.edu/lunar/samples/atlas/compendium/67647.pdf,compendium,
67648,Apollo 16,https://www.lpi.usra.edu/lunar/samples/atlas/detail/?mission=Apollo%2016&sample=67648,bfb4180343a270f522e53422f32e687bc431a10b7d12807610e1d073155c8d2f,2026-10-04T09:24:24.109596+00:00,downloaded_no_pdf,,,,
67649,Apollo 16,https://www.lpi.usra.edu/lunar/samples/atlas/detail/?mission=Apollo%2016&sample=67649,464eaa6c4e56d2282fc0cf8d722d50aac74d10683074fe3f5ff1656955ac43be,2026-10-04T09:24:24.927054+00:00,downloaded_no_pdf,,,,
67650,Apollo 16,https://www.lpi.usra.edu/lunar/samples/atlas/detail/?mission=Apollo%2016&sample=67650,c07cfc60befa3929162097a103550d6824b8986fc10d222f1548979a1949bcf1,2026-10-04T09:24:25.585428+00:00,downloaded_no_pdf,,,,
67651,Apollo 16,https://www.lpi.usra.edu/lunar/samples/atlas/detail/?mission=Apollo%2016&sample=67651,8569a3a9dbe2950f913ae78d8361334dd5929d744ef1063b5c2c74f3c50bd77b,2026-10-04T09:24:26.239040+00:00,downloaded_no_pdf,,,,
67652,Apollo 16,https://www.lpi.usra.edu/lunar/samples/atlas/detail/?mission=Apollo%2016&sample=67652,732b9a3725ea95868cae82e032f4fa5bf45ad5b573904de455b2f4606bd806f9,2026-10-04T09:24:26.891438+00:00,downloaded_no_pdf,,,,
67653,Apollo 16,https://www.lpi.usra.edu/lunar/samples/atlas/detail/?mission=Apollo%2016&sample=67653,97efd502f8a41a998a58765a72235148075b850e32ec5470d06403de77c9a331,2026-10-04T09:24:27.548584+00:00,downloaded_no_pdf,,,,
67654,Apollo 16,https://www.lpi.usra.edu/lunar/samples/atlas/detail/?mission=Apollo%2016&sample=67654,16f9c214687459c7df0a21e03d5e85bb6d01b657de387f922cb6711fcc480dfd,2026-10-04T09:24:28.205786+00:00,downloaded_no_pdf,,,,
67655,Apollo 16,https://www.lpi.usra.edu/lunar/samples/atlas/detail/?mission=Apollo%2016&sample=67655,6a66709356ea452712faaf983fa8bf331bec7104195791adc674deaa57db52b3,2026-10-04T09:24:28.851338+00:00,downloaded_no_pdf,,,,
67656,Apollo 16,https://www.lpi.usra.edu/lunar/samples/atlas/detail/?mission=Apollo%2016&sample=67656,4c03fc7a5f8b49995c6c3e350198beeac4239ddcfdaa385e7add260a7630728e,2026-10-04T09:24:29.500594+00:00,downloaded_no_pdf,,,,
67657,Apollo 16,https://www.lpi.usra.edu/lunar/samples/atlas/detail/?mission=Apollo%2016&sample=67657,4d9e85a93b6e60361a7697da936f47e9d6cd9d7517548b32bb8b2b1769dc5788,2026-10-04T09:24:30.289158+00:00,downloaded_no_pdf,,,,
67658,Apollo 16,https://www.lpi.usra.edu/lunar/samples/atlas/detail/?mission=Apollo%2016&sample=67658,7cb1de20fcf0cc4fc3a6de8779b8708e01ffb5b1e8f28c8c9093aab656ec561a,2026-10-04T09:24:30.945384+00:00,downloaded_no_pdf,,,,
67659,Apollo 16,https://www.lpi.usra.edu/lunar/samples/atlas/detail/?mission=Apollo%2016&sample=67659,2ac4316c01181b243869da825c30c41d273eea284a575902575f575d5f330a23,2026-10-04T09:24:31.599374+00:00,downloaded_no_pdf,,,,
67660,Apollo 16,https://www.lpi.usra.edu/lunar/samples/atlas/detail/?mission=Apollo%2016&sample=67660,823cf45ed88ed006e2ae4037e9507b7d44f7949130686b11d7dd3c3a80beeec4,2026-10-04T09:24:32.374127+00:00,downloaded_no_pdf,,,,
67661,Apollo 16,https://www.lpi.usra.edu/lunar/samples/atlas/detail/?mission=Apollo%2016&sample=67661,f5263ca5762099ea108e6702d2d701e4ecb3cb5a95db45ddd69b9c1321085359,2026-10-04T09:24:33.022637+00:00,downloaded_no_pdf,,,,
67662,Apollo 16,https://www.lpi.usra.edu/lunar/samples/atlas/detail/?mission=Apollo%2016&sample=67662,56760a5ff4746ff767edd0fdf149198eef04ac408ae4bc4061cc547bbf9fb447,2026-10-04T09:24:33.666049+00:00,downloaded_no_pdf,,,,
67663,Apollo 16,https://www.lpi.usra.edu/lunar/samples/atlas/detail/?mission=Apollo%2016&sample=67663,a6ad4087c1bec3acaee0af585c14e8193f3b1a023420cf67d704627ba7dffef9,2026-10-04T09:24:34.476899+00:00,downloaded_no_pdf,,,,
67664,Apollo 16,https://www.lpi.usra.edu/lunar/samples/atlas/detail/?mission=Apollo%2016&sample=67664,5497cfe1e5b34b42046492b4bb85bcc76d270794e834c99869272ae001e7c73d,2026-10-04T09:24:35.248866+00:00,downloaded_no_pdf,,,,
67665,Apollo 16,https://www.lpi.usra.edu/lunar/samples/atlas/detail/?mission=Apollo%2016&sample=67665,f2b5ade29d3ad9ab87d94207b943fb590d5baa8367af9fda9e3fe9cdba90d3be,2026-10-04T09:24:36.034045+00:00,downloaded_no_pdf,,,,
67666,Apollo 16,https://www.lpi.usra.edu/lunar/samples/atlas/detail/?mission=Apollo%2016&sample=67666,a53f349982182c77c91624aeeebe19e85504b29b40e69cb124c079a4259784cd,2026-10-04T09:24:36.814667+00:00,downloaded_no_pdf,,,,
67667,Apollo 16,https://www.lpi.usra.edu/lunar/samples/atlas/detail/?mission=Apollo%2016&sample=67667,31ebacb8e293fed96eef9fe7c63433042bf28ef222e53692c41a8af3b109c2a6,2026-10-04T09:24:37.481131+00:00,downloaded,"Lunar Sample Compendium, 67667.pdf",https://www.lpi.usra.edu/lunar/samples/atlas/compendium/67667.pdf,compendium,
67668,Apollo 16,https://www.lpi.usra.edu/lunar/samples/atlas/detail/?mission=Apollo%2016&sample=67668,94067b6e3509aa4420b84b72372ea2aa2c88fcbedaaa35527bf51aee16b193ff,2026-10-04T09:24:38.128666+00:00,downloaded,"Lunar Sample Compendium, 67565.pdf",https://www.lpi.usra.edu/lunar/samples/atlas/compendium/67565.pdf,compendium,
67669,Apollo 16,https://www.lpi.usra.edu/lunar/samples/atlas/detail/?mission=Apollo%2016&sample=67669,137ab3bc5f114824e9ceb32bd8c8a858d915541ce24154ed27c25ebaa711949c,2026-10-04T09:24:38.902816+00:00,downloaded_no_pdf,,,,
67670,Apollo 16,https://www.lpi.usra.edu/lunar/samples/atlas/detail/?mission=Apollo%2016&sample=67670,ffdc0aa97f63e4c5975317e1883ee29175d1f4424bb48f958971b34d895b8fb1,2026-10-04T09:24:39.688605+00:00,downloaded_no_pdf,,,,
67671,Apollo 16,https://www.lpi.usra.edu/lunar/samples/atlas/detail/?mission=Apollo%2016&sample=67671,071dab1fd3981aba9f1674bd111a60d9f527afd9125e3b8a15255c876d035552,2026-10-04T09:24:40.332226+00:00,downloaded_no_pdf,,,,
67672,Apollo 16,https://www.lpi.usra.edu/lunar/samples/atlas/detail/?mission=Apollo%2016&sample=67672,59ddfe16424a0831e24d2ffbca1ce7bc49f0419575b4c491e7c9670e0eef7264,2026-10-04T09:24:41.120128+00:00,downloaded_no_pdf,,,,
67673,Apollo 16,https://www.lpi.usra.edu/lunar/samples/atlas/detail/?mission=Apollo%2016&sample=67673,cb0ecadca35fcadf3b40b5f1108da2043124ba5c7005490e2853bf69ed7a7999,2026-10-04T09:24:41.902706+00:00,downloaded_no_pdf,,,,
67674,Apollo 16,https://www.lpi.usra.edu/lunar/samples/atlas/detail/?mission=Apollo%2016&sample=67674,17e56c991b4cd77bd9a8d352a043545b4f728ac3280cbdd5493f888e376b17f9,2026-10-04T09:24:42.551656+00:00,downloaded_no_pdf,,,,
67675,Apollo 16,https://www.lpi.usra.edu/lunar/samples/atlas/detail/?mission=Apollo%2016&sample=67675,20c5aafb54e475dcf7b1b7ce0758c88e8e6e59f2a39533fc110f74c0adb6447e,2026-10-04T09:24:43.213987+00:00,downloaded_no_pdf,,,,
67676,Apollo 16,https://www.lpi.usra.edu/lunar/samples/atlas/detail/?mission=Apollo%2016&sample=67676,fd177b2d65f138b92213e586323537b9916252ec76620558e105594c7fc5e9fb,2026-10-04T09:24:43.882871+00:00,downloaded_no_pdf,,,,
67685,Apollo 16,https://www.lpi.usra.edu/lunar/samples/atlas/detail/?mission=Apollo%2016&sample=67685,4672ff7c4c99c8949a6b97dbb877346b71ebf1a9837ddbf1a35647fac00439f6,2026-10-04T09:24:44.539540+00:00,downloaded,"Lunar Sample Compendium, 67628.pdf",https://www.lpi.usra.edu/lunar/samples/atlas/compendium/67628.pdf,compendium,
67686,Apollo 16,https://www.lpi.usra.edu/lunar/samples/atlas/detail/?mission=Apollo%2016&sample=67686,118258ea46858be810d7fe5582c8c95434f2f440dfce520d8377cc88c123a6b8,2026-10-04T09:24:45.191524+00:00,downloaded,"Lunar Sample Compendium, 67628.pdf",https://www.lpi.usra.edu/lunar/samples/atlas/compendium/67628.pdf,compendium,
67687,Apollo 16,https://www.lpi.usra.edu/lunar/samples/atlas/detail/?mission=Apollo%2016&sample=67687,bb97176ee83cf7607c97869aa1c2337045a1ab8f691a4020275fc05109238caa,2026-10-04T09:24:45.837410+00:00,downloaded,"Lunar Sample Compendium, 67628.pdf",https://www.lpi.usra.edu/lunar/samples/atlas/compendium/67628.pdf,compendium,
67688,Apollo 16,https://www.lpi.usra.edu/lunar/samples/atlas/detail/?mission=Apollo%2016&sample=67688,1fcd61e81c75a7d55779e514f501ce377b49ece1fa078420ba3f932972ef1704,2026-10-04T09:24:46.487048+00:00,downloaded,"Lunar Sample Compendium, 67628.pdf",https://www.lpi.usra.edu/lunar/samples/atlas/compendium/67628.pdf,compendium,
67695,Apollo 16,https://www.lpi.usra.edu/lunar/samples/atlas/detail/?mission=Apollo%2016&sample=67695,31dd7b0a3002d14b8b51b7aef87b5050bc48808df3637ee812fd6332b1bbf3de,2026-10-04T09:24:47.269150+00:00,downloaded,"Lunar Sample Compendium, 67627.pdf",https://www.lpi.usra.edu/lunar/samples/atlas/compendium/67627.pdf,compendium,
67696,Apollo 16,https://www.lpi.usra.edu/lunar/samples/atlas/detail/?mission=Apollo%2016&sample=67696,10f7f3516fe5b485194c4a4214f009d88209b0b89fa3e49859f510ede5c662c6,2026-10-04T09:24:47.946181+00:00,downloaded,"Lunar Sample Compendium, 67627.pdf",https://www.lpi.usra.edu/lunar/samples/atlas/compendium/67627.pdf,compendium,
67697,Apollo 16,https://www.lpi.usra.edu/lunar/samples/atlas/detail/?mission=Apollo%2016&sample=67697,30feb151b3bd4cbe8d8d07fa183ce7b9a879be4bcbcf70d4a4cce662d8b20b63,2026-10-04T09:24:48.595478+00:00,downloaded,"Lunar Sample Compendium, 67627.pdf",https://www.lpi.usra.edu/lunar/samples/atlas/compendium/67627.pdf,compendium,
67700,Apollo 16,https://www.lpi.usra.edu/lunar/samples/atlas/detail/?mission=Apollo%2016&sample=67700,608b1c8bb9695b049028d0769ad744ca469d035341cbb16bf3ef1a12f044bdb5,2026-10-04T09:24:49.247410+00:00,downloaded_no_pdf,,,,
67701,Apollo 16,https://www.lpi.usra.edu/lunar/samples/atlas/detail/?mission=Apollo%2016&sample=67701,615486117c7fe5ec27ad6fe1c0d3834adbc3acb07fae3a6464edba3dc49a520c,2026-10-04T09:24:50.024117+00:00,downloaded,"Lunar Sample Compendium, 67701.pdf",https://www.lpi.usra.edu/lunar/samples/atlas/compendium/67701.pdf,compendium,
67702,Apollo 16,https://www.lpi.usra.edu/lunar/samples/atlas/detail/?mission=Apollo%2016&sample=67702,122346776094dd26ac0e2e2a16c453e387bb12a6694f14476cac5e09dff472a7,2026-10-04T09:24:50.689299+00:00,downloaded_no_pdf,,,,
67703,Apollo 16,https://www.lpi.usra.edu/lunar/samples/atlas/detail/?mission=Apollo%2016&sample=67703,4533ad3155949f2667c118baa096b561b7f714fa81ce96b86fc953ed9e90d62a,2026-10-04T09:24:51.499038+00:00,downloaded_no_pdf,,,,
67704,Apollo 16,https://www.lpi.usra.edu/lunar/samples/atlas/detail/?mission=Apollo%2016&sample=67704,97f16886433cbdb4883523d241f062c8225c3b8bcc0eb67f5cb1105d1d2b60a4,2026-10-04T09:24:52.149897+00:00,downloaded_no_pdf,,,,
67705,Apollo 16,https://www.lpi.usra.edu/lunar/samples/atlas/detail/?mission=Apollo%2016&sample=67705,c94a0a261bd0a7125cff6b74882191adb2976bb8aeccf7e4dd935eee09d80438,2026-10-04T09:24:52.950913+00:00,downloaded_no_pdf,,,,
67706,Apollo 16,https://www.lpi.usra.edu/lunar/samples/atlas/detail/?mission=Apollo%2016&sample=67706,6e3e6926998f95bf6f687d478c7ac44c75f022b9a46fcf1e90d1c05e29749665,2026-10-04T09:24:53.606015+00:00,downloaded_no_pdf,,,,
67707,Apollo 16,https://www.lpi.usra.edu/lunar/samples/atlas/detail/?mission=Apollo%2016&sample=67707,bbf6e2faf158fad32c211545a3a484908d369f9fd9d40db0f41bca494a6bcfdb,2026-10-04T09:24:54.400297+00:00,downloaded_no_pdf,,,,
67708,Apollo 16,https://www.lpi.usra.edu/lunar/samples/atlas/detail/?mission=Apollo%2016&sample=67708,84ba017fe2aa4b8da9fe5af703b55cfc1cac90572a722a6597cfee223f0d83fa,2026-10-04T09:24:55.067617+00:00,downloaded_no_pdf,,,,
67710,Apollo 16,https://www.lpi.usra.edu/lunar/samples/atlas/detail/?mission=Apollo%2016&sample=67710,7f48cc6c41d88a608e6b52f8bc2d0c082a077a644aecc0169808fefef4ceac97,2026-10-04T09:24:55.720685+00:00,downloaded,"Lunar Sample Compendium, 67701.pdf",https://www.lpi.usra.edu/lunar/samples/atlas/compendium/67701.pdf,compendium,
67711,Apollo 16,https://www.lpi.usra.edu/lunar/samples/atlas/detail/?mission=Apollo%2016&sample=67711,2b447475b119b62214815401e9e7a537068ecf72fd5cba03af9e3137b6ec10c9,2026-10-04T09:24:56.500175+00:00,downloaded_no_pdf,,,,
67712,Apollo 16,https://www.lpi.usra.edu/lunar/samples/atlas/detail/?mission=Apollo%2016&sample=67712,3722e6679b7fc05a2bca1a1822f5fcaea66285be938b749705905cc195929032,2026-10-04T09:24:57.150833+00:00,downloaded_no_pdf,,,,
67713,Apollo 16,https://www.lpi.usra.edu/lunar/samples/atlas/detail/?mission=Apollo%2016&sample=67713,a92094c3dc5413143089a2cd335f38c4be7d4372c6c4fccf89471b3475c880cc,2026-10-04T09:24:57.921736+00:00,downloaded_no_pdf,,,,
67714,Apollo 16,https://www.lpi.usra.edu/lunar/samples/atlas/detail/?mission=Apollo%2016&sample=67714,d4c3088fe5834c4b4b1d2334087b071c14310e7e5904faa5340944c03a1fc80e,2026-10-04T09:24:58.589530+00:00,downloaded_no_pdf,,,,
67715,Apollo 16,https://www.lpi.usra.edu/lunar/samples/atlas/detail/?mission=Apollo%2016&sample=67715,14ef58ff02daaf4a17f0f5582cbdf004e9e391cbe21e4e587fa8ffa3c60974fb,2026-10-04T09:24:59.360869+00:00,downloaded,"Lunar Sample Compendium, 67715.pdf",https://www.lpi.usra.edu/lunar/samples/atlas/compendium/67715.pdf,compendium,
67716,Apollo 16,https://www.lpi.usra.edu/lunar/samples/atlas/detail/?mission=Apollo%2016&sample=67716,29774ef2f282a7c48c92f9f9c31c3cdad8cca4fbd85ef75be92135c8cc222bb5,2026-10-04T09:25:00.189811+00:00,downloaded,"Lunar Sample Compendium, 67715.pdf",https://www.lpi.usra.edu/lunar/samples/atlas/compendium/67715.pdf,compendium,
67717,Apollo 16,https://www.lpi.usra.edu/lunar/samples/atlas/detail/?mission=Apollo%2016&sample=67717,bcf50199a8e991509bc7a3e88e435a7a7de3e28422b840afdeac8c3de7afaa46,2026-10-04T09:25:00.860785+00:00,downloaded_no_pdf,,,,
67718,Apollo 16,https://www.lpi.usra.edu/lunar/samples/atlas/detail/?mission=Apollo%2016&sample=67718,2429df30024882415fa210c198d5e203a1c9e42e872ebdba2079afdf1df21965,2026-10-04T09:25:01.648695+00:00,downloaded,"Lunar Sample Compendium, 67718.pdf",https://www.lpi.usra.edu/lunar/samples/atlas/compendium/67718.pdf,compendium,
67719,Apollo 16,https://www.lpi.usra.edu/lunar/samples/atlas/detail/?mission=Apollo%2016&sample=67719,8271e1042be8df29a4a88c66d4dd724f350c4807a0db155855b45cbe117924a7,2026-10-04T09:25:02.302246+00:00,downloaded,"Lunar Sample Compendium, 67718.pdf",https://www.lpi.usra.edu/lunar/samples/atlas/compendium/67718.pdf,compendium,
67720,Apollo 16,https://www.lpi.usra.edu/lunar/samples/atlas/detail/?mission=Apollo%2016&sample=67720,d8e42663fa2df79c5ee9f01c595158fc53fc8adf2f223852c9e5fef3cf9bdba3,2026-10-04T09:25:02.957527+00:00,downloaded_no_pdf,,,,
67721,Apollo 16,https://www.lpi.usra.edu/lunar/samples/atlas/detail/?mission=Apollo%2016&sample=67721,e739d7fee9dca2efd4840b09c14971485e29257c32fdd1badcd909f5efb9b17c,2026-10-04T09:25:03.781616+00:00,downloaded_no_pdf,,,,
67722,Apollo 16,https://www.lpi.usra.edu/lunar/samples/atlas/detail/?mission=Apollo%2016&sample=67722,e8414f685224663b6b1494551d7c01b4e3d358ecf4a6ec830797db115482e9de,2026-10-04T09:25:04.562042+00:00,downloaded_no_pdf,,,,
67723,Apollo 16,https://www.lpi.usra.edu/lunar/samples/atlas/detail/?mission=Apollo%2016&sample=67723,04fa128e755419c7c21c8012ebfcc3445304ddafe1d7acb7acf86c372ff11be9,2026-10-04T09:25:05.218461+00:00,downloaded_no_pdf,,,,
67724,Apollo 16,https://www.lpi.usra.edu/lunar/samples/atlas/detail/?mission=Apollo%2016&sample=67724,f511784b5d8af42f20d172f55a8d3c8aabf1fed90fd5759e02341d6ca7fa6a67,2026-10-04T09:25:05.880243+00:00,downloaded_no_pdf,,,,
67725,Apollo 16,https://www.lpi.usra.edu/lunar/samples/atlas/detail/?mission=Apollo%2016&sample=67725,aef53b56e3907b73d375856797461dcd579343e5fd98090e91fb7d7c7f6d42eb,2026-10-04T09:25:06.558427+00:00,downloaded_no_pdf,,,,
67726,Apollo 16,https://www.lpi.usra.edu/lunar/samples/atlas/detail/?mission=Apollo%2016&sample=67726,3618b9a6c70b0572927a351e8caf9b57c795a7b718cd3119865d3128b68809f9,2026-10-04T09:25:07.220256+00:00,downloaded_no_pdf,,,,
67727,Apollo 16,https://www.lpi.usra.edu/lunar/samples/atlas/detail/?mission=Apollo%2016&sample=67727,c97c367d28a78a391528de7eb8ea826edb7f36855f587e4b51ebeb6d422983ef,2026-10-04T09:25:07.871163+00:00,downloaded_no_pdf,,,,
67728,Apollo 16,https://www.lpi.usra.edu/lunar/samples/atlas/detail/?mission=Apollo%2016&sample=67728,407899d78395be1a7b8bf177ef0a18bd7b7f4c366aa2b71736fe9bc94da19224,2026-10-04T09:25:08.531347+00:00,downloaded,"Lunar Sample Compendium, 67728.pdf",https://www.lpi.usra.edu/lunar/samples/atlas/compendium/67728.pdf,compendium,
67729,Apollo 16,https://www.lpi.usra.edu/lunar/samples/atlas/detail/?mission=Apollo%2016&sample=67729,07fee4dd26e3e2f7f6252f61087387e8fbb0eac7d9e825ef88e909b3b173d14c,2026-10-04T09:25:09.325938+00:00,downloaded,"Lunar Sample Compendium, 67729.pdf",https://www.lpi.usra.edu/lunar/samples/atlas/compendium/67729.pdf,compendium,
67730,Apollo 16,https://www.lpi.usra.edu/lunar/samples/atlas/detail/?mission=Apollo%2016&sample=67730,d590c707742df98d73cc7295628e71741b60f6a7cb3e2984731c3b722d891de2,2026-10-04T09:25:10.021927+00:00,downloaded_no_pdf,,,,
67731,Apollo 16,https://www.lpi.usra.edu/lunar/samples/atlas/detail/?mission=Apollo%2016&sample=67731,3cd85a61c928cfef4788d35b1859dc9ac3c1022402aa03d6f887f68720d961e2,2026-10-04T09:25:10.809812+00:00,downloaded_no_pdf,,,,
67732,Apollo 16,https://www.lpi.usra.edu/lunar/samples/atlas/detail/?mission=Apollo%2016&sample=67732,ba3ae74467aa53b607ad35777df8cdff1bd77ab46abd5d9fa8edccdbdcf63cd0,2026-10-04T09:25:11.462175+00:00,downloaded_no_pdf,,,,
67733,Apollo 16,https://www.lpi.usra.edu/lunar/samples/atlas/detail/?mission=Apollo%2016&sample=67733,3556d0e34e2befba9663f4411aae0413aaf1a391531f1136e63aa0d185867c99,2026-10-04T09:25:12.229412+00:00,downloaded_no_pdf,,,,
67734,Apollo 16,https://www.lpi.usra.edu/lunar/samples/atlas/detail/?mission=Apollo%2016&sample=67734,f2a53b38aa7ecd009066345038bffe646b18ac2fba4a1a3ec2d4bc29342ff8b3,2026-10-04T09:25:12.883085+00:00,downloaded_no_pdf,,,,
67735,Apollo 16,https://www.lpi.usra.edu/lunar/samples/atlas/detail/?mission=Apollo%2016&sample=67735,a7e39bced96c91a21eccdded5a8a6222447fa544db5f8392439e3356d2084dc8,2026-10-04T09:25:13.684808+00:00,downloaded_no_pdf,,,,
67736,Apollo 16,https://www.lpi.usra.edu/lunar/samples/atlas/detail/?mission=Apollo%2016&sample=67736,26810b00ddc117bf65fb149de4d1c45eba2be5a3d07afde89f06d78ac600c5b8,2026-10-04T09:25:14.793764+00:00,downloaded,"Lunar Sample Compendium, 67736.pdf",https://www.lpi.usra.edu/lunar/samples/atlas/compendium/67736.pdf,compendium,
67737,Apollo 16,https://www.lpi.usra.edu/lunar/samples/atlas/detail/?mission=Apollo%2016&sample=67737,84a27a497e8fc481476a5b30c616e7f5699723a430937d398f03d10a6e7ccc60,2026-10-04T09:25:15.640733+00:00,downloaded_no_pdf,,,,
67738,Apollo 16,https://www.lpi.usra.edu/lunar/samples/atlas/detail/?mission=Apollo%2016&sample=67738,e57565cd692ebeba13f5279908495f410fc74e833fff4a68b27740991dfb3a73,2026-10-04T09:25:16.850971+00:00,downloaded_no_pdf,,,,
67739,Apollo 16,https://www.lpi.usra.edu/lunar/samples/atlas/detail/?mission=Apollo%2016&sample=67739,fb08f9aa03b02726f8824ec6541a64a1303f1cdb788282b8f6e17718271ee1e8,2026-10-04T09:25:18.014741+00:00,downloaded,"Lunar Sample Compendium, 67739.pdf",https://www.lpi.usra.edu/lunar/samples/atlas/compendium/67739.pdf,compendium,
67740,Apollo 16,https://www.lpi.usra.edu/lunar/samples/atlas/detail/?mission=Apollo%2016&sample=67740,b0c1382a27be7951f1fbd27dfe795dea05158ad41c08a24f4fe0b8658473e872,2026-10-04T09:25:19.211223+00:00,downloaded_no_pdf,,,,
67741,Apollo 16,https://www.lpi.usra.edu/lunar/samples/atlas/detail/?mission=Apollo%2016&sample=67741,c1f40a722c3caacad4a45b69ab57a04d1c0288cdcdc5c27a6ac2233dbf131a38,2026-10-04T09:25:20.403020+00:00,downloaded_no_pdf,,,,
67742,Apollo 16,https://www.lpi.usra.edu/lunar/samples/atlas/detail/?mission=Apollo%2016&sample=67742,1e07bd1c54085b54f47ef01ee12b7b21c95050a64d9b60863f037f05db41a696,2026-10-04T09:25:21.240101+00:00,downloaded_no_pdf,,,,
67743,Apollo 16,https://www.lpi.usra.edu/lunar/samples/atlas/detail/?mission=Apollo%2016&sample=67743,ebbda0ba19ad2f5b1039ec02d33d37a222ea4a48f7559e850d2365a17cd90e21,2026-10-04T09:25:22.474542+00:00,downloaded_no_pdf,,,,
67744,Apollo 16,https://www.lpi.usra.edu/lunar/samples/atlas/detail/?mission=Apollo%2016&sample=67744,43d53be152dc29eaedc99cfcf93ad92724e7fa3132bce68928e6726fa4a23364,2026-10-04T09:25:23.563375+00:00,downloaded_no_pdf,,,,
67745,Apollo 16,https://www.lpi.usra.edu/lunar/samples/atlas/detail/?mission=Apollo%2016&sample=67745,ac05ccffcb9f9c00caa0e96edb584ee1bd6cd108d2e798ae6415fcd1c376cb36,2026-10-04T09:25:24.727631+00:00,downloaded_no_pdf,,,,
67746,Apollo 16,https://www.lpi.usra.edu/lunar/samples/atlas/detail/?mission=Apollo%2016&sample=67746,3e1fc58df6047be371edca36637375312154fa1a99ec51e70b631375bcbb6273,2026-10-04T09:25:25.918638+00:00,downloaded,"Lunar Sample Compendium, 67746.pdf",https://www.lpi.usra.edu/lunar/samples/atlas/compendium/67746.pdf,compendium,
67747,Apollo 16,https://www.lpi.usra.edu/lunar/samples/atlas/detail/?mission=Apollo%2016&sample=67747,031a3f0c641f2b8e4b75f59ea018d6b0c4c5d98bd5db93514fd1b07199965155,2026-10-04T09:25:27.127710+00:00,downloaded,"Lunar Sample Compendium, 67747.pdf",https://www.lpi.usra.edu/lunar/samples/atlas/compendium/67747.pdf,compendium,
67748,Apollo 16,https://www.lpi.usra.edu/lunar/samples/atlas/detail/?mission=Apollo%2016&sample=67748,0883b6aef026882d91d412a1ee7b8a2459baca663aad02871301db49c0000456,2026-10-04T09:25:28.478089+00:00,downloaded_no_pdf,,,,
67749,Apollo 16,https://www.lpi.usra.edu/lunar/samples/atlas/detail/?mission=Apollo%2016&sample=67749,e933694fc72ebb691dbacf75960b48486558dc78b5c112f46fd2eb0a275e6962,2026-10-04T09:25:29.158743+00:00,downloaded,"Lunar Sample Compendium, 67749.pdf",https://www.lpi.usra.edu/lunar/samples/atlas/compendium/67749.pdf,compendium,
67750,Apollo 16,https://www.lpi.usra.edu/lunar/samples/atlas/detail/?mission=Apollo%2016&sample=67750,e866b757d3f7a40fe6de6080fb6a5e1cd124905613b9c43c56833932053bf34e,2026-10-04T09:25:29.835010+00:00,downloaded_no_pdf,,,,
67751,Apollo 16,https://www.lpi.usra.edu/lunar/samples/atlas/detail/?mission=Apollo%2016&sample=67751,59233100a70eae5a2fd5a7fead74156af077425a9ddbbcd6f4c8ca98b7714819,2026-10-04T09:25:30.492849+00:00,downloaded_no_pdf,,,,
67752,Apollo 16,https://www.lpi.usra.edu/lunar/samples/atlas/detail/?mission=Apollo%2016&sample=67752,360eb9fea1bb5864e938c2f5816014861581775889b196368bd4f17085c93a94,2026-10-04T09:25:31.267287+00:00,downloaded_no_pdf,,,,
67753,Apollo 16,https://www.lpi.usra.edu/lunar/samples/atlas/detail/?mission=Apollo%2016&sample=67753,2f3194d66201596da3223fa84f76fee307bcba3467b5e616ce2b79c866ed80ab,2026-10-04T09:25:31.922098+00:00,downloaded_no_pdf,,,,
67754,Apollo 16,https://www.lpi.usra.edu/lunar/samples/atlas/detail/?mission=Apollo%2016&sample=67754,7a209917dfaed69b9af8279f72080a0ff29c655323a2f089500722e3de530220,2026-10-04T09:25:32.689433+00:00,downloaded_no_pdf,,,,
67755,Apollo 16,https://www.lpi.usra.edu/lunar/samples/atlas/detail/?mission=Apollo%2016&sample=67755,c345d69bc46d0caa88ba32f58e14bce768cef21c3373476456556fc25d3ba56a,2026-10-04T09:25:33.344483+00:00,downloaded_no_pdf,,,,
67756,Apollo 16,https://www.lpi.usra.edu/lunar/samples/atlas/detail/?mission=Apollo%2016&sample=67756,5d8002dcbc79f98bead4fab52ca58737a3190df54d6b5989bd9624d236bf17bd,2026-10-04T09:25:33.995342+00:00,downloaded,"Lunar Sample Compendium, 67756.pdf",https://www.lpi.usra.edu/lunar/samples/atlas/compendium/67756.pdf,compendium,
67757,Apollo 16,https://www.lpi.usra.edu/lunar/samples/atlas/detail/?mission=Apollo%2016&sample=67757,fe216b7c9146f9ca918c4c9ef94e3b62fdbc3af42e0f4ddec9540a433f8fabd6,2026-10-04T09:25:34.647874+00:00,downloaded,"Lunar Sample Compendium, 67757.pdf",https://www.lpi.usra.edu/lunar/samples/atlas/compendium/67757.pdf,compendium,
67758,Apollo 16,https://www.lpi.usra.edu/lunar/samples/atlas/detail/?mission=Apollo%2016&sample=67758,650a76347160875e194726976a872bb23a031c64236a3ef1b26c9b5a87ead6e7,2026-10-04T09:25:35.420356+00:00,downloaded_no_pdf,,,,
67759,Apollo 16,https://www.lpi.usra.edu/lunar/samples/atlas/detail/?mission=Apollo%2016&sample=67759,2479d5f88aa4d03cfb75f436d9b9ec5bc0997e6bc6bb9b11f86df56c2c253c0b,2026-10-04T09:25:36.074525+00:00,downloaded,"Lunar Sample Compendium, 67757.pdf",https://www.lpi.usra.edu/lunar/samples/atlas/compendium/67757.pdf,compendium,
67760,Apollo 16,https://www.lpi.usra.edu/lunar/samples/atlas/detail/?mission=Apollo%2016&sample=67760,7c5ab6e3e8e14a95db04de3edf9f17e804d447b4c9cf070000f0f5f7f57719aa,2026-10-04T09:25:36.885379+00:00,downloaded_no_pdf,,,,
67761,Apollo 16,https://www.lpi.usra.edu/lunar/samples/atlas/detail/?mission=Apollo%2016&sample=67761,8ef19f74ff6e10a08b97f3f13abd6f514b7c5d14650636b50f7659c316b75e4c,2026-10-04T09:25:37.703110+00:00,downloaded_no_pdf,,,,
67762,Apollo 16,https://www.lpi.usra.edu/lunar/samples/atlas/detail/?mission=Apollo%2016&sample=67762,f9da9b43ccafbae88cbc1c6d114386389efebe25127fcc4fda7653354fd21d8f,2026-10-04T09:25:38.358733+00:00,downloaded_no_pdf,,,,
67763,Apollo 16,https://www.lpi.usra.edu/lunar/samples/atlas/detail/?mission=Apollo%2016&sample=67763,5cd1627e9785b19f90264e1a9672652eea350462f49594a435923ad3f9ae6cbd,2026-10-04T09:25:39.013584+00:00,downloaded_no_pdf,,,,
67764,Apollo 16,https://www.lpi.usra.edu/lunar/samples/atlas/detail/?mission=Apollo%2016&sample=67764,9171f4490ddf0bc821f368b4966b107d205089b09078c716dc51e52ef93ecd18,2026-10-04T09:25:39.809909+00:00,downloaded_no_pdf,,,,
67765,Apollo 16,https://www.lpi.usra.edu/lunar/samples/atlas/detail/?mission=Apollo%2016&sample=67765,322ed39650b8e7d6103aa98ef853c3197ecf4418f17049a9a40e6e32a310cb04,2026-10-04T09:25:40.462385+00:00,downloaded_no_pdf,,,,
67766,Apollo 16,https://www.lpi.usra.edu/lunar/samples/atlas/detail/?mission=Apollo%2016&sample=67766,835199a734a3b166362edae466e8095714b0baf72bd724631881c778e6f474fe,2026-10-04T09:25:41.250149+00:00,downloaded,"Lunar Sample Compendium, 67766.pdf",https://www.lpi.usra.edu/lunar/samples/atlas/compendium/67766.pdf,compendium,
67767,Apollo 16,https://www.lpi.usra.edu/lunar/samples/atlas/detail/?mission=Apollo%2016&sample=67767,b28476dbdb6248d986007a299addc2d7d1599d838bf6b0a511625a46f95d93c4,2026-10-04T09:25:41.901189+00:00,downloaded_no_pdf,,,,
67768,Apollo 16,https://www.lpi.usra.edu/lunar/samples/atlas/detail/?mission=Apollo%2016&sample=67768,7548c11d986734eece2272359a975a5b4e686921fd64d75c371ff15808ef7cf3,2026-10-04T09:25:42.683356+00:00,downloaded_no_pdf,,,,
67769,Apollo 16,https://www.lpi.usra.edu/lunar/samples/atlas/detail/?mission=Apollo%2016&sample=67769,161e728dbc21c9bdd6100bb7d9012e94c2fd59cae3c27a3f384c02855f9d8b6c,2026-10-04T09:25:43.331235+00:00,downloaded,"Lunar Sample Compendium, 67769.pdf",https://www.lpi.usra.edu/lunar/samples/atlas/compendium/67769.pdf,compendium,
67770,Apollo 16,https://www.lpi.usra.edu/lunar/samples/atlas/detail/?mission=Apollo%2016&sample=67770,c9b8b88fdfc9117106347746d4973779730b4b3ebdccc07c985c2380184deffd,2026-10-04T09:25:43.980509+00:00,downloaded_no_pdf,,,,
67771,Apollo 16,https://www.lpi.usra.edu/lunar/samples/atlas/detail/?mission=Apollo%2016&sample=67771,0f66d76c9278de22b75ac56283ce98a149a0e2a246d72ba2bed44fb8ff2f1e86,2026-10-04T09:25:44.753330+00:00,downloaded_no_pdf,,,,
67772,Apollo 16,https://www.lpi.usra.edu/lunar/samples/atlas/detail/?mission=Apollo%2016&sample=67772,8b4e3a90e650d972cf1510a85145730283f94cc6b0ef7fa9b6101680d4e011f9,2026-10-04T09:25:45.539940+00:00,downloaded_no_pdf,,,,
67773,Apollo 16,https://www.lpi.usra.edu/lunar/samples/atlas/detail/?mission=Apollo%2016&sample=67773,06685514a8facdc2832336d86a3e3da0a115c1f84e915ef373266b2f22192f08,2026-10-04T09:25:46.200894+00:00,downloaded_no_pdf,,,,
67774,Apollo 16,https://www.lpi.usra.edu/lunar/samples/atlas/detail/?mission=Apollo%2016&sample=67774,5ad84216788da0b71d8a3e23c6885a95d690c34657e3b50f96aaaa308b0d11cc,2026-10-04T09:25:46.867064+00:00,downloaded_no_pdf,,,,
67775,Apollo 16,https://www.lpi.usra.edu/lunar/samples/atlas/detail/?mission=Apollo%2016&sample=67775,bbea23fdc93a83962917b2e3d0cb4415404cd0611315e1155390a6051218d5fe,2026-10-04T09:25:47.638631+00:00,downloaded,"Lunar Sample Compendium, 67775.pdf",https://www.lpi.usra.edu/lunar/samples/atlas/compendium/67775.pdf,compendium,
67776,Apollo 16,https://www.lpi.usra.edu/lunar/samples/atlas/detail/?mission=Apollo%2016&sample=67776,c22cb1c7cb0953f454c9d0efd688985dafac94a54ba6222bbe278382fcf2a185,2026-10-04T09:25:48.294089+00:00,downloaded_no_pdf,,,,
67910,Apollo 16,https://www.lpi.usra.edu/lunar/samples/atlas/detail/?mission=Apollo%2016&sample=67910,cbf105a7062f5b743cd1296719c9fe99ec27d029afc2a21e60767812e31fa46d,2026-10-04T09:25:48.939906+00:00,downloaded_no_pdf,,,,
67915,Apollo 16,https://www.lpi.usra.edu/lunar/samples/atlas/detail/?mission=Apollo%2016&sample=67915,604d682ff2c065fdfe039e1e48bcc11c2d939ae348643546ca3dbada4111f161,2026-10-04T09:25:49.715225+00:00,downloaded,"Lunar Sample Compendium, 67915.pdf",https://www.lpi.usra.edu/lunar/samples/atlas/compendium/67915.pdf,compendium,
67930,Apollo 16,https://www.lpi.usra.edu/lunar/samples/atlas/detail/?mission=Apollo%2016&sample=67930,41acb4046f24a532f0e4c437aa95e4071830e0de771a012fd8c0e898f39b98a4,2026-10-04T09:25:50.418446+00:00,downloaded_no_pdf,,,,
67935,Apollo 16,https://www.lpi.usra.edu/lunar/samples/atlas/detail/?mission=Apollo%2016&sample=67935,60654c789ae66787c226c2c3722f2bc5e33e0339962bba5407b2572a31b15596,2026-10-04T09:25:51.188778+00:00,downloaded,"Lunar Sample Compendium, 67935.pdf",https://www.lpi.usra.edu/lunar/samples/atlas/compendium/67935.pdf,compendium,
67936,Apollo 16,https://www.lpi.usra.edu/lunar/samples/atlas/detail/?mission=Apollo%2016&sample=67936,6c06e0608c184076ca6d4e6313dde277975cd628e2afc6389e8f7bcd65a1e0ec,2026-10-04T09:25:51.875025+00:00,downloaded,"Lunar Sample Compendium, 67935.pdf",https://www.lpi.usra.edu/lunar/samples/atlas/compendium/67935.pdf,compendium,
67937,Apollo 16,https://www.lpi.usra.edu/lunar/samples/atlas/detail/?mission=Apollo%2016&sample=67937,c33d6f88d9d2291e04ab5ffc25c3f794b4d891ec11e3c79cbad6c43b2ebb8200,2026-10-04T09:25:52.566544+00:00,downloaded,"Lunar Sample Compendium, 67935.pdf",https://www.lpi.usra.edu/lunar/samples/atlas/compendium/67935.pdf,compendium,
67940,Apollo 16,https://www.lpi.usra.edu/lunar/samples/atlas/detail/?mission=Apollo%2016&sample=67940,d188385b9a891dbfd8184430df7e8540a30a6bf880a70c5adc2b84601e861e87,2026-10-04T09:25:53.270665+00:00,downloaded_no_pdf,,,,
67941,Apollo 16,https://www.lpi.usra.edu/lunar/samples/atlas/detail/?mission=Apollo%2016&sample=67941,7a862ebba4a51d72c5cd5eaa39a7f6810986e02dc9a02d0d8058b06319f4654b,2026-10-04T09:25:53.924631+00:00,downloaded,"Lunar Sample Compendium, 67941rev.pdf",https://www.lpi.usra.edu/lunar/samples/atlas/compendium/67941rev.pdf,compendium,
67942,Apollo 16,https://www.lpi.usra.edu/lunar/samples/atlas/detail/?mission=Apollo%2016&sample=67942,a516b6f944519cd7caea1d79c1cfa7d8bd737588e15c39fc3e225b597d75b1ab,2026-10-04T09:25:54.577778+00:00,downloaded_no_pdf,,,,
67943,Apollo 16,https://www.lpi.usra.edu/lunar/samples/atlas/detail/?mission=Apollo%2016&sample=67943,b6e94b3915f3b243a481d8556f37d5a7ef8ab4cfdfd3d72d921e786111a05e04,2026-10-04T09:25:55.228555+00:00,downloaded_no_pdf,,,,
67944,Apollo 16,https://www.lpi.usra.edu/lunar/samples/atlas/detail/?mission=Apollo%2016&sample=67944,5d2253bec5724e9f3c17d007112b3dbfe23d5f1dd3fa5c3cde729874b557b27f,2026-10-04T09:25:55.907178+00:00,downloaded_no_pdf,,,,
67945,Apollo 16,https://www.lpi.usra.edu/lunar/samples/atlas/detail/?mission=Apollo%2016&sample=67945,7d6d50ff34e3d93a57a0d5a7d5e2b893ddca062c77d2b1ff50d89e9990a60cc1,2026-10-04T09:25:56.555062+00:00,downloaded,"Lunar Sample Compendium, 67945.pdf",https://www.lpi.usra.edu/lunar/samples/atlas/compendium/67945.pdf,compendium,
67946,Apollo 16,https://www.lpi.usra.edu/lunar/samples/atlas/detail/?mission=Apollo%2016&sample=67946,73d17c894963ce983a43925ae71d63a125037226a8ec0aa6e6ebc10df192f6c3,2026-10-04T09:25:57.203533+00:00,downloaded,"Lunar Sample Compendium, 67728.pdf",https://www.lpi.usra.edu/lunar/samples/atlas/compendium/67728.pdf,compendium,
67947,Apollo 16,https://www.lpi.usra.edu/lunar/samples/atlas/detail/?mission=Apollo%2016&sample=67947,10d582b91fee5c976293eacd69a3af51735d03909cb3d16b1249e1636249811c,2026-10-04T09:25:57.852785+00:00,downloaded,"Lunar Sample Compendium, 67947.pdf",https://www.lpi.usra.edu/lunar/samples/atlas/compendium/67947.pdf,compendium,
67948,Apollo 16,https://www.lpi.usra.edu/lunar/samples/atlas/detail/?mission=Apollo%2016&sample=67948,6451635a930f831f35701b839a9eea4bc1a60e3f69629dfbe998a2d19820def3,2026-10-04T09:25:58.506125+00:00,downloaded,"Lunar Sample Compendium, 67948.pdf",https://www.lpi.usra.edu/lunar/samples/atlas/compendium/67948.pdf,compendium,
67950,Apollo 16,https://www.lpi.usra.edu/lunar/samples/atlas/detail/?mission=Apollo%2016&sample=67950,332a068b145f7db6c904f7d3cc0f84e965bded304cc8b6ee3ceb5d5e56d42877,2026-10-04T09:25:59.332672+00:00,downloaded_no_pdf,,,,
67955,Apollo 16,https://www.lpi.usra.edu/lunar/samples/atlas/detail/?mission=Apollo%2016&sample=67955,bff8abb0f3bcc667597a8403ca847abc4872626cf9a4749390591998743e610e,2026-10-04T09:25:59.980483+00:00,downloaded,"Lunar Sample Compendium, 67955b.pdf",https://www.lpi.usra.edu/lunar/samples/atlas/compendium/67955b.pdf,compendium,
67956,Apollo 16,https://www.lpi.usra.edu/lunar/samples/atlas/detail/?mission=Apollo%2016&sample=67956,726ba5cfdb55cc5c9f6ddefb25b5073761b79ce69eea41dec278f8e757935a12,2026-10-04T09:26:00.667925+00:00,downloaded_no_pdf,,,,
67957,Apollo 16,https://www.lpi.usra.edu/lunar/samples/atlas/detail/?mission=Apollo%2016&sample=67957,0a554869368cc66f0d727d50ad9e8c8222220b313a16b11ec0010b323207c31f,2026-10-04T09:26:01.480243+00:00,downloaded_no_pdf,,,,
67960,Apollo 16,https://www.lpi.usra.edu/lunar/samples/atlas/detail/?mission=Apollo%2016&sample=67960,da73b694c273449de34a6e2655bfae6544b13330dfae2a484320e65690dea9f0,2026-10-04T09:26:02.140292+00:00,downloaded,"Lunar Sample Compendium, 67941rev.pdf",https://www.lpi.usra.edu/lunar/samples/atlas/compendium/67941rev.pdf,compendium,
67975,Apollo 16,https://www.lpi.usra.edu/lunar/samples/atlas/detail/?mission=Apollo%2016&sample=67975,1e5f223f3be9525dde096b108d3b71be41b02f42fc66f0be2c4b3349e0233629,2026-10-04T09:26:02.794739+00:00,downloaded,"Lunar Sample Compendium, 67975.pdf",https://www.lpi.usra.edu/lunar/samples/atlas/compendium/67975.pdf,compendium,
67976,Apollo 16,https://www.lpi.usra.edu/lunar/samples/atlas/detail/?mission=Apollo%2016&sample=67976,57ff6d3f1c948dc9283a94ed4be887a3bccb5501c2753be2b54c3c909bc4604c,2026-10-04T09:26:03.620473+00:00,downloaded_no_pdf,,,,
68001,Apollo 16,https://www.lpi.usra.edu/lunar/samples/atlas/detail/?mission=Apollo%2016&sample=68001,4e623ba40bd29d7b9e35fb54cc5083840e6109140100e12e72358dfbb5c56e6f,2026-10-04T09:26:04.287613+00:00,downloaded,"Lunar Sample Compendium, 68001.pdf",https://www.lpi.usra.edu/lunar/samples/atlas/compendium/68001.pdf,compendium,
68001,Apollo 16,https://www.lpi.usra.edu/lunar/samples/atlas/detail/?mission=Apollo%2016&sample=68001,4e623ba40bd29d7b9e35fb54cc5083840e6109140100e12e72358dfbb5c56e6f,2026-10-04T09:26:04.287613+00:00,downloaded,"Lunar Sample Compendium, 68002.pdf",https://www.lpi.usra.edu/lunar/samples/atlas/compendium/68002.pdf,compendium,
68002,Apollo 16,https://www.lpi.usra.edu/lunar/samples/atlas/detail/?mission=Apollo%2016&sample=68002,23c15b93ad7bd3a67cc867bc43ed34c09d2d1fc1c3800ec38d590d3054bf1159,2026-10-04T09:26:04.941955+00:00,downloaded,"Lunar Sample Compendium, 68001.pdf",https://www.lpi.usra.edu/lunar/samples/atlas/compendium/68001.pdf,compendium,
68002,Apollo 16,https://www.lpi.usra.edu/lunar/samples/atlas/detail/?mission=Apollo%2016&sample=68002,23c15b93ad7bd3a67cc867bc43ed34c09d2d1fc1c3800ec38d590d3054bf1159,2026-10-04T09:26:04.941955+00:00,downloaded,"Lunar Sample Compendium, 68002.pdf",https://www.lpi.usra.edu/lunar/samples/atlas/compendium/68002.pdf,compendium,
68030,Apollo 16,https://www.lpi.usra.edu/lunar/samples/atlas/detail/?mission=Apollo%2016&sample=68030,0d93df9fa985d6e775febf86a1acbbdf589d6125057adc54e3bbde6fbdcbbbf9,2026-10-04T09:26:05.589619+00:00,downloaded_no_pdf,,,,
68035,Apollo 16,https://www.lpi.usra.edu/lunar/samples/atlas/detail/?mission=Apollo%2016&sample=68035,0ba34e39665b9d45607d377f157bd772e5fe8b9e163db39aee69a1c9aa0e3ebc,2026-10-04T09:26:06.373464+00:00,downloaded,"Lunar Sample Compendium, 68035.pdf",https://www.lpi.usra.edu/lunar/samples/atlas/compendium/68035.pdf,compendium,
68110,Apollo 16,https://www.lpi.usra.edu/lunar/samples/atlas/detail/?mission=Apollo%2016&sample=68110,81cf75ed984e6c40a46584da49ce78bd9281395ba5b24fbbb5fac5a1a06129c3,2026-10-04T09:26:07.055110+00:00,downloaded_no_pdf,,,,
68115,Apollo 16,https://www.lpi.usra.edu/lunar/samples/atlas/detail/?mission=Apollo%2016&sample=68115,aed7a976d45fd836f865bd021d191d6fcf5d4cfc2642f5e150752908eebc6c47,2026-10-04T09:26:07.707345+00:00,downloaded,"Lunar Sample Compendium, 68115.pdf",https://www.lpi.usra.edu/lunar/samples/atlas/compendium/68115.pdf,compendium,
68120,Apollo 16,https://www.lpi.usra.edu/lunar/samples/atlas/detail/?mission=Apollo%2016&sample=68120,7a97f9918e3d66e9504c2db71a71d89d6ecfbcb356c0dfc78224e14c890c2528,2026-10-04T09:26:08.534354+00:00,downloaded_no_pdf,,,,
68121,Apollo 16,https://www.lpi.usra.edu/lunar/samples/atlas/detail/?mission=Apollo%2016&sample=68121,39ba2460324d68a4e7d7ecdd4a16939960d1bee410b7333a65cd2d37c63bed2a,2026-10-04T09:26:09.317819+00:00,downloaded,"Lunar Sample Compendium, 68121.pdf",https://www.lpi.usra.edu/lunar/samples/atlas/compendium/68121.pdf,compendium,
68122,Apollo 16,https://www.lpi.usra.edu/lunar/samples/atlas/detail/?mission=Apollo%2016&sample=68122,c955855981bc0f35437099e844594eabf52d7a3a50f7a5a4a4ec183371efc8ad,2026-10-04T09:26:09.964875+00:00,downloaded_no_pdf,,,,
68123,Apollo 16,https://www.lpi.usra.edu/lunar/samples/atlas/detail/?mission=Apollo%2016&sample=68123,1d123db543c6ac042ed59d5b8ca383c5b201a241dc67a5d3c97c537774462e5c,2026-10-04T09:26:10.629266+00:00,downloaded_no_pdf,,,,
68124,Apollo 16,https://www.lpi.usra.edu/lunar/samples/atlas/detail/?mission=Apollo%2016&sample=68124,96cdb956165b0db19d958107e012e7b6f1fc8890fc7a3c17c9f50d9da0cae9be,2026-10-04T09:26:11.415683+00:00,downloaded_no_pdf,,,,
68410,Apollo 16,https://www.lpi.usra.edu/lunar/samples/atlas/detail/?mission=Apollo%2016&sample=68410,2a8ea2e8b3c4b340dacec55fa75e6774af166533ea04d1d0942325df36394517,2026-10-04T09:26:12.080530+00:00,downloaded_no_pdf,,,,
68415,Apollo 16,https://www.lpi.usra.edu/lunar/samples/atlas/detail/?mission=Apollo%2016&sample=68415,f45d63b889a07897ae5e3bb5124bf99db06e09de81729efa8732c3b891057b46,2026-10-04T09:26:12.893822+00:00,downloaded,"Lunar Sample Compendium, 68415.pdf",https://www.lpi.usra.edu/lunar/samples/atlas/compendium/68415.pdf,compendium,
68416,Apollo 16,https://www.lpi.usra.edu/lunar/samples/atlas/detail/?mission=Apollo%2016&sample=68416,99d03e6de81a69fbdb7a85168baaabbf028473f2ed24f3212bc4bc47f30df2cd,2026-10-04T09:26:13.704630+00:00,downloaded,"Lunar Sample Compendium, 68415.pdf",https://www.lpi.usra.edu/lunar/samples/atlas/compendium/68415.pdf,compendium,
68500,Apollo 16,https://www.lpi.usra.edu/lunar/samples/atlas/detail/?mission=Apollo%2016&sample=68500,1c41d354ebef20349500ac145f33d7596012561f443e7bf548a8905e17065eb1,2026-10-04T09:26:14.606015+00:00,downloaded_no_pdf,,,,
68501,Apollo 16,https://www.lpi.usra.edu/lunar/samples/atlas/detail/?mission=Apollo%2016&sample=68501,d67d42891948c7483794ac741781d171719ec20fc734edef5aea66cf29cef72d,2026-10-04T09:26:15.251728+00:00,downloaded,"Lunar Sample Compendium, 68501.pdf",https://www.lpi.usra.edu/lunar/samples/atlas/compendium/68501.pdf,compendium,
68502,Apollo 16,https://www.lpi.usra.edu/lunar/samples/atlas/detail/?mission=Apollo%2016&sample=68502,60ecf1a5a4ca167d52fc5fb0200c6c4ad2c536905724e561cd915fa862d38633,2026-10-04T09:26:16.034125+00:00,downloaded_no_pdf,,,,
68503,Apollo 16,https://www.lpi.usra.edu/lunar/samples/atlas/detail/?mission=Apollo%2016&sample=68503,ca94634b72e6ad95b184783e6d92690834877fd1b339d02fc9597bfa9e62a696,2026-10-04T09:26:16.830296+00:00,downloaded_no_pdf,,,,
68504,Apollo 16,https://www.lpi.usra.edu/lunar/samples/atlas/detail/?mission=Apollo%2016&sample=68504,9f1d2867811f8d5b8e80f7f858c618288e2cf26028e0e9807e253d0fbb4a7d9c,2026-10-04T09:26:17.486150+00:00,downloaded_no_pdf,,,,
68505,Apollo 16,https://www.lpi.usra.edu/lunar/samples/atlas/detail/?mission=Apollo%2016&sample=68505,e3967d9df54dcef55832dae6db29cc5948d9ff0bef17506c40371b6f11ba499a,2026-10-04T09:26:18.286827+00:00,downloaded_no_pdf,,,,
68510,Apollo 16,https://www.lpi.usra.edu/lunar/samples/atlas/detail/?mission=Apollo%2016&sample=68510,ac78de61892e3d00777e33ac3673be4d4664fc5f503aabdf8ecfd13f6363c127,2026-10-04T09:26:19.068480+00:00,downloaded,"Lunar Sample Compendium, 68501.pdf",https://www.lpi.usra.edu/lunar/samples/atlas/compendium/68501.pdf,compendium,
68511,Apollo 16,https://www.lpi.usra.edu/lunar/samples/atlas/detail/?mission=Apollo%2016&sample=68511,ca4a615581503dec39a06507e41a360c56d6b60ea0347ac3fc713e8f801566b9,2026-10-04T09:26:19.879741+00:00,downloaded_no_pdf,,,,
68512,Apollo 16,https://www.lpi.usra.edu/lunar/samples/atlas/detail/?mission=Apollo%2016&sample=68512,4e86280aa49004b51494d61b700ae7ee02f0db69639fcaafd7938573e513ca96,2026-10-04T09:26:20.528596+00:00,downloaded_no_pdf,,,,
68513,Apollo 16,https://www.lpi.usra.edu/lunar/samples/atlas/detail/?mission=Apollo%2016&sample=68513,f5b4d0549b68d7e9b1604f9f276ca0bdbf717906e6982955eb5ff2502ed09478,2026-10-04T09:26:21.179318+00:00,downloaded_no_pdf,,,,
68514,Apollo 16,https://www.lpi.usra.edu/lunar/samples/atlas/detail/?mission=Apollo%2016&sample=68514,fae1a86def9868ca4993d40c58f78d75cdee6ef92468c3a4d9dcdcc15d1abd9a,2026-10-04T09:26:21.841634+00:00,downloaded_no_pdf,,,,
68515,Apollo 16,https://www.lpi.usra.edu/lunar/samples/atlas/detail/?mission=Apollo%2016&sample=68515,333f9673f70f5d14f7033a9f72f0319c8bd885ba1a559545fe55840938cf8167,2026-10-04T09:26:22.651640+00:00,downloaded_no_pdf,,,,
68516,Apollo 16,https://www.lpi.usra.edu/lunar/samples/atlas/detail/?mission=Apollo%2016&sample=68516,4587c372efbc830e258856e8bcb99eeb542da604c7f734eba17976a56f811a49,2026-10-04T09:26:23.472316+00:00,downloaded,"Lunar Sample Compendium, 68516.pdf",https://www.lpi.usra.edu/lunar/samples/atlas/compendium/68516.pdf,compendium,
68517,Apollo 16,https://www.lpi.usra.edu/lunar/samples/atlas/detail/?mission=Apollo%2016&sample=68517,56d384e4b4586640c380004436bf39ff5ecd355481949e3245b096ee0b26554e,2026-10-04T09:26:24.279795+00:00,downloaded_no_pdf,,,,
68518,Apollo 16,https://www.lpi.usra.edu/lunar/samples/atlas/detail/?mission=Apollo%2016&sample=68518,3726613aa6c5842c1fb18af03a4f908dff289e82c34cbe1d741befc86dd3529d,2026-10-04T09:26:25.073364+00:00,downloaded,"Lunar Sample Compendium, 68518.pdf",https://www.lpi.usra.edu/lunar/samples/atlas/compendium/68518.pdf,compendium,
68519,Apollo 16,https://www.lpi.usra.edu/lunar/samples/atlas/detail/?mission=Apollo%2016&sample=68519,3cc5752f348218984b0e294b98bcdaac5ef0c76e9331f5b66d92ac76830188ff,2026-10-04T09:26:25.723072+00:00,downloaded,"Lunar Sample Compendium, 68519.pdf",https://www.lpi.usra.edu/lunar/samples/atlas/compendium/68519.pdf,compendium,
68520,Apollo 16,https://www.lpi.usra.edu/lunar/samples/atlas/detail/?mission=Apollo%2016&sample=68520,3669155e339e2ceb87e43990a6b9a487f4410132868b8ee1b8a1ee76779ecfa6,2026-10-04T09:26:26.510521+00:00,downloaded_no_pdf,,,,
68521,Apollo 16,https://www.lpi.usra.edu/lunar/samples/atlas/detail/?mission=Apollo%2016&sample=68521,5adc6f890b746bfbd9ee64a94798547df74bebcf287e02e1b5611b3b3f9ec8f9,2026-10-04T09:26:27.181350+00:00,downloaded_no_pdf,,,,
68522,Apollo 16,https://www.lpi.usra.edu/lunar/samples/atlas/detail/?mission=Apollo%2016&sample=68522,0d6bb34b8ed5a584ccc0a947489e267334e4c716f6d8601e9c8db7fff325713d,2026-10-04T09:26:27.969010+00:00,downloaded_no_pdf,,,,
68523,Apollo 16,https://www.lpi.usra.edu/lunar/samples/atlas/detail/?mission=Apollo%2016&sample=68523,f067b147a8225eb06333e277233e668545e5d84d08ef9beda4228f914dfde213,2026-10-04T09:26:28.748118+00:00,downloaded_no_pdf,,,,
68524,Apollo 16,https://www.lpi.usra.edu/lunar/samples/atlas/detail/?mission=Apollo%2016&sample=68524,8e77898104e7a79ba077ba2c5a70de7feb5a0521e9eebd21a5c18d58bd3ad9b3,2026-10-04T09:26:29.414450+00:00,downloaded_no_pdf,,,,
68525,Apollo 16,https://www.lpi.usra.edu/lunar/samples/atlas/detail/?mission=Apollo%2016&sample=68525,8e268209050ff078a2b3d05fcbe370d4d290ea94356bf0849f893c07fe18f64b,2026-10-04T09:26:30.202944+00:00,downloaded,"Lunar Sample Compendium, 68525.pdf",https://www.lpi.usra.edu/lunar/samples/atlas/compendium/68525.pdf,compendium,
68526,Apollo 16,https://www.lpi.usra.edu/lunar/samples/atlas/detail/?mission=Apollo%2016&sample=68526,55bbe1b9987361c1b89b5eb9e4c5f47dfb08a6c9e17ca40fecd0496d41316d3b,2026-10-04T09:26:30.885078+00:00,downloaded,"Lunar Sample Compendium, 68525.pdf",https://www.lpi.usra.edu/lunar/samples/atlas/compendium/68525.pdf,compendium,
68527,Apollo 16,https://www.lpi.usra.edu/lunar/samples/atlas/detail/?mission=Apollo%2016&sample=68527,103d753abd4dc92f85d7bcc46d7fde204abe321257803f8bfd05c4b83c340eab,2026-10-04T09:26:31.537081+00:00,downloaded,"Lunar Sample Compendium, 68525.pdf",https://www.lpi.usra.edu/lunar/samples/atlas/compendium/68525.pdf,compendium,
68528,Apollo 16,https://www.lpi.usra.edu/lunar/samples/atlas/detail/?mission=Apollo%2016&sample=68528,2bcc335d1491f1c0a359af1cefdaf1f049ff6c366e3744c072b1da08922176b1,2026-10-04T09:26:32.317040+00:00,downloaded_no_pdf,,,,
68529,Apollo 16,https://www.lpi.usra.edu/lunar/samples/atlas/detail/?mission=Apollo%2016&sample=68529,6b95b3db9c2b92f86f827b592f3084b4dfd72c41b6b7440bc847f02ffa9d718f,2026-10-04T09:26:32.978404+00:00,downloaded_no_pdf,,,,
68530,Apollo 16,https://www.lpi.usra.edu/lunar/samples/atlas/detail/?mission=Apollo%2016&sample=68530,0878cd8aa5e224333833bdbf8ae42cee232748922e7ccd7f7407c773810fb9d7,2026-10-04T09:26:33.777975+00:00,downloaded_no_pdf,,,,
68531,Apollo 16,https://www.lpi.usra.edu/lunar/samples/atlas/detail/?mission=Apollo%2016&sample=68531,baabb43fcb6bb725210136aaf403ec82e4ded61921db0d65bd1c4b54cf6d4905,2026-10-04T09:26:34.433469+00:00,downloaded_no_pdf,,,,
68532,Apollo 16,https://www.lpi.usra.edu/lunar/samples/atlas/detail/?mission=Apollo%2016&sample=68532,1a5850113810a42cb2a780397a70500ccaff2a24f96005a406d79a7b157fdb98,2026-10-04T09:26:35.202915+00:00,downloaded_no_pdf,,,,
68533,Apollo 16,https://www.lpi.usra.edu/lunar/samples/atlas/detail/?mission=Apollo%2016&sample=68533,eb19769152629da2e540f0355348b2e7670263c79843266ba3d1a33240c6d273,2026-10-04T09:26:35.855660+00:00,downloaded_no_pdf,,,,
68534,Apollo 16,https://www.lpi.usra.edu/lunar/samples/atlas/detail/?mission=Apollo%2016&sample=68534,e00f2effec161bbe3e80ee4b69410d1d6e375f8181115022940fc11c1074af20,2026-10-04T09:26:36.640562+00:00,downloaded_no_pdf,,,,
68535,Apollo 16,https://www.lpi.usra.edu/lunar/samples/atlas/detail/?mission=Apollo%2016&sample=68535,734b8d11c436aad2c69ccd3de7451ce421b843315fec74a25f8efba02b2eb273,2026-10-04T09:26:37.429929+00:00,downloaded,"Lunar Sample Compendium, 68535.pdf",https://www.lpi.usra.edu/lunar/samples/atlas/compendium/68535.pdf,compendium,
68536,Apollo 16,https://www.lpi.usra.edu/lunar/samples/atlas/detail/?mission=Apollo%2016&sample=68536,8adb180bf61e51ce90273d4139f4d492436aa1fff78cfaaee054be46281204d0,2026-10-04T09:26:38.225059+00:00,downloaded,"Lunar Sample Compendium, 68535.pdf",https://www.lpi.usra.edu/lunar/samples/atlas/compendium/68535.pdf,compendium,
68537,Apollo 16,https://www.lpi.usra.edu/lunar/samples/atlas/detail/?mission=Apollo%2016&sample=68537,67f7a59496c7f41fe85be027cea8b4b64ad3dc309cdb16e5f2c37bbfc5bb8892,2026-10-04T09:26:38.885695+00:00,downloaded_no_pdf,,,,
68815,Apollo 16,https://www.lpi.usra.edu/lunar/samples/atlas/detail/?mission=Apollo%2016&sample=68815,730c00328b81f988f1f740ea2e1de9c2a84de6f8b650b3e6f8de31cd9fcbd75e,2026-10-04T09:26:39.549266+00:00,downloaded,"Lunar Sample Compendium, 68815.pdf",https://www.lpi.usra.edu/lunar/samples/atlas/compendium/68815.pdf,compendium,
68820,Apollo 16,https://www.lpi.usra.edu/lunar/samples/atlas/detail/?mission=Apollo%2016&sample=68820,26960ce362a8ae5cc028288c8392d9bed2947e246c5a348827560b6bb427809e,2026-10-04T09:26:40.398425+00:00,downloaded_no_pdf,,,,
68821,Apollo 16,https://www.lpi.usra.edu/lunar/samples/atlas/detail/?mission=Apollo%2016&sample=68821,2cd72fa0abaef62789638d773794abe009823da001272d19d7c6cd20153542ba,2026-10-04T09:26:41.142804+00:00,downloaded,"Lunar Sample Compendium, 68821.pdf",https://www.lpi.usra.edu/lunar/samples/atlas/compendium/68821.pdf,compendium,
68822,Apollo 16,https://www.lpi.usra.edu/lunar/samples/atlas/detail/?mission=Apollo%2016&sample=68822,d33cce7c96b9aa32d0f6a18eb298bc573134a833312e9229e1d62c3584b9f7a8,2026-10-04T09:26:41.964773+00:00,downloaded_no_pdf,,,,
68823,Apollo 16,https://www.lpi.usra.edu/lunar/samples/atlas/detail/?mission=Apollo%2016&sample=68823,0fd1bf28977ca6638595a77705a1deffe01b1839525efc5a4d766447421c78c3,2026-10-04T09:26:43.170454+00:00,downloaded_no_pdf,,,,
68824,Apollo 16,https://www.lpi.usra.edu/lunar/samples/atlas/detail/?mission=Apollo%2016&sample=68824,efe91010f93ab2fa5ceff5130be8db06892e2d090c02d031c9869f5067c0be8f,2026-10-04T09:26:44.302523+00:00,downloaded_no_pdf,,,,
68825,Apollo 16,https://www.lpi.usra.edu/lunar/samples/atlas/detail/?mission=Apollo%2016&sample=68825,4f5a371aef598e3353146ff0014369ed239c8a55e2177876f731aa5c834f6f1c,2026-10-04T09:26:45.506243+00:00,downloaded_no_pdf,,,,
68840,Apollo 16,https://www.lpi.usra.edu/lunar/samples/atlas/detail/?mission=Apollo%2016&sample=68840,67c173c6bfc063e521470b7c04d098d8b0f301f471c8e1d9ed21c724187a1c5e,2026-10-04T09:26:46.720604+00:00,downloaded_no_pdf,,,,
68841,Apollo 16,https://www.lpi.usra.edu/lunar/samples/atlas/detail/?mission=Apollo%2016&sample=68841,67e124f873aff2ceef38355f615aa4ea59bd810432187c8d702144685e0bc0b5,2026-10-04T09:26:47.519563+00:00,downloaded,"Lunar Sample Compendium, 68841.pdf",https://www.lpi.usra.edu/lunar/samples/atlas/compendium/68841.pdf,compendium,
68842,Apollo 16,https://www.lpi.usra.edu/lunar/samples/atlas/detail/?mission=Apollo%2016&sample=68842,53d06f5aacb5cd29254b8a1cd827319c1e38785991cb815c65523827d2618e1c,2026-10-04T09:26:48.722687+00:00,downloaded_no_pdf,,,,
68843,Apollo 16,https://www.lpi.usra.edu/lunar/samples/atlas/detail/?mission=Apollo%2016&sample=68843,9d97a5899c212e7fb841afbc4e78a3b10b5c8c3ee342b1634865976f656c16a7,2026-10-04T09:26:49.558976+00:00,downloaded_no_pdf,,,,
68844,Apollo 16,https://www.lpi.usra.edu/lunar/samples/atlas/detail/?mission=Apollo%2016&sample=68844,776e321125ac4e5a07d2dbb5fbd57765d15f6416387a62d1c99a69304114f6e6,2026-10-04T09:26:50.716872+00:00,downloaded_no_pdf,,,,
68845,Apollo 16,https://www.lpi.usra.edu/lunar/samples/atlas/detail/?mission=Apollo%2016&sample=68845,c70279e865080c52df09e3c223a6b301f18417cd79a610cc2e1a3fb192e07eef,2026-10-04T09:26:51.883158+00:00,downloaded,"Lunar Sample Compendium, 68845.pdf",https://www.lpi.usra.edu/lunar/samples/atlas/compendium/68845.pdf,compendium,
68846,Apollo 16,https://www.lpi.usra.edu/lunar/samples/atlas/detail/?mission=Apollo%2016&sample=68846,feea1d3f99349d98a09d8c43810e8ac2511cb646d416608aa5eb7053adbd7201,2026-10-04T09:26:52.697814+00:00,downloaded,"Lunar Sample Compendium, 68845.pdf",https://www.lpi.usra.edu/lunar/samples/atlas/compendium/68845.pdf,compendium,
68847,Apollo 16,https://www.lpi.usra.edu/lunar/samples/atlas/detail/?mission=Apollo%2016&sample=68847,45234df517e6b6ba9a420a80ae5f8380aa9d05fcc4f297b7a84aa488a6742462,2026-10-04T09:26:53.538050+00:00,downloaded,"Lunar Sample Compendium, 68845.pdf",https://www.lpi.usra.edu/lunar/samples/atlas/compendium/68845.pdf,compendium,
68848,Apollo 16,https://www.lpi.usra.edu/lunar/samples/atlas/detail/?mission=Apollo%2016&sample=68848,b6a000c5b910a7e277a188ea6e6b76f7ad4d065bed94e1fc6490644001fd1c9c,2026-10-04T09:26:54.330451+00:00,downloaded_no_pdf,,,,
69001,Apollo 16,https://www.lpi.usra.edu/lunar/samples/atlas/detail/?mission=Apollo%2016&sample=69001,9e102cab4d1700e1a653e3bc24781bf088ab2521f367ad9c8e25abeb8a3cae97,2026-10-04T09:26:55.113181+00:00,downloaded,"Lunar Sample Compendium, 69001.pdf",https://www.lpi.usra.edu/lunar/samples/atlas/compendium/69001.pdf,compendium,
69003,Apollo 16,https://www.lpi.usra.edu/lunar/samples/atlas/detail/?mission=Apollo%2016&sample=69003,63ebbe6db49fa5bf5b61aa981dd8f672fc399637b0b441d2734a63416dc24327,2026-10-04T09:26:56.314270+00:00,downloaded_no_pdf,,,,
69004,Apollo 16,https://www.lpi.usra.edu/lunar/samples/atlas/detail/?mission=Apollo%2016&sample=69004,f248cc30318c3db6d88ec7c3ea496ebc7b65a1e39dd90c2ff13c39a2e14a371c,2026-10-04T09:26:57.137922+00:00,downloaded_no_pdf,,,,
69920,Apollo 16,https://www.lpi.usra.edu/lunar/samples/atlas/detail/?mission=Apollo%2016&sample=69920,2d9167ea70fe0a1907e5a408117d91a2af348fbc40b2f93647ab7b0e0ec11880,2026-10-04T09:26:57.971791+00:00,downloaded,"Lunar Sample Compendium, 69921.pdf",https://www.lpi.usra.edu/lunar/samples/atlas/compendium/69921.pdf,compendium,
69921,Apollo 16,https://www.lpi.usra.edu/lunar/samples/atlas/detail/?mission=Apollo%2016&sample=69921,38edaa3a27d4f5a942740df1bd2894e4af34780f2ae49b02774d20174adf8d2d,2026-10-04T09:26:59.140102+00:00,downloaded_no_pdf,,,,
69922,Apollo 16,https://www.lpi.usra.edu/lunar/samples/atlas/detail/?mission=Apollo%2016&sample=69922,10fe8094342979219ff136b4fddc04074adf31d489d1137ccba464728c289c4f,2026-10-04T09:27:00.285649+00:00,downloaded_no_pdf,,,,
69923,Apollo 16,https://www.lpi.usra.edu/lunar/samples/atlas/detail/?mission=Apollo%2016&sample=69923,9869431dcbad150ceebc18cc2646f591492dac03f5bdd7ea4197f2f84a1b7854,2026-10-04T09:27:01.089631+00:00,downloaded_no_pdf,,,,
69924,Apollo 16,https://www.lpi.usra.edu/lunar/samples/atlas/detail/?mission=Apollo%2016&sample=69924,a83c21a8c6884d5591b3bde7106c67f30d9a42e4667084ce1eaebb40c9b01ddb,2026-10-04T09:27:01.897326+00:00,downloaded_no_pdf,,,,
69930,Apollo 16,https://www.lpi.usra.edu/lunar/samples/atlas/detail/?mission=Apollo%2016&sample=69930,a4a23e53ce58d7f7c1acef8e6c9f80403b4e3e6f6d6927ef7bba1b8ed81f7e1d,2026-10-04T09:27:03.127310+00:00,downloaded_no_pdf,,,,
69935,Apollo 16,https://www.lpi.usra.edu/lunar/samples/atlas/detail/?mission=Apollo%2016&sample=69935,b064be454e87fa45b4c46daf5d9aa32502051b2eec7a56b12afaf2a6ecaa868e,2026-10-04T09:27:04.368579+00:00,downloaded,"Lunar Sample Compendium, 69935.pdf",https://www.lpi.usra.edu/lunar/samples/atlas/compendium/69935.pdf,compendium,
69940,Apollo 16,https://www.lpi.usra.edu/lunar/samples/atlas/detail/?mission=Apollo%2016&sample=69940,0c9fe2cfc994833b33844ec3067c49cbea561107091c25d453d94a270948d16d,2026-10-04T09:27:05.641972+00:00,downloaded,"Lunar Sample Compendium, 69921.pdf",https://www.lpi.usra.edu/lunar/samples/atlas/compendium/69921.pdf,compendium,
69941,Apollo 16,https://www.lpi.usra.edu/lunar/samples/atlas/detail/?mission=Apollo%2016&sample=69941,cb334c94445cc316a9351418fdc0bbaeee6ed37d08042c5faf4ed289f11d3f75,2026-10-04T09:27:06.458718+00:00,downloaded_no_pdf,,,,
69942,Apollo 16,https://www.lpi.usra.edu/lunar/samples/atlas/detail/?mission=Apollo%2016&sample=69942,06047fa41cd46d4fd72eb7ac3bbf7926fa1ff7be6c28e3dd9846e2c2d1b814ea,2026-10-04T09:27:07.295304+00:00,downloaded_no_pdf,,,,
69943,Apollo 16,https://www.lpi.usra.edu/lunar/samples/atlas/detail/?mission=Apollo%2016&sample=69943,a12525e1dca0f3b1959b3e52885aa268517c3a32ea2affde113f97c9de07e3b2,2026-10-04T09:27:08.615749+00:00,downloaded_no_pdf,,,,
69944,Apollo 16,https://www.lpi.usra.edu/lunar/samples/atlas/detail/?mission=Apollo%2016&sample=69944,2c7bc11c62e17c912cdfc4cfd512b5733ab69327eb3fa3184b2d029493e3c854,2026-10-04T09:27:09.745391+00:00,downloaded_no_pdf,,,,
69945,Apollo 16,https://www.lpi.usra.edu/lunar/samples/atlas/detail/?mission=Apollo%2016&sample=69945,1432e80423ba40824b410a60550ed6645101f12daa2a72af5ee5d9f8f4d764bd,2026-10-04T09:27:10.564351+00:00,downloaded,"Lunar Sample Compendium, 69945.pdf",https://www.lpi.usra.edu/lunar/samples/atlas/compendium/69945.pdf,compendium,
69950,Apollo 16,https://www.lpi.usra.edu/lunar/samples/atlas/detail/?mission=Apollo%2016&sample=69950,3762c1f2576995bdfa77700ab43e1fd5c65cd3a82469bd05ba488c3e65e5a81f,2026-10-04T09:27:11.519103+00:00,downloaded_no_pdf,,,,
69955,Apollo 16,https://www.lpi.usra.edu/lunar/samples/atlas/detail/?mission=Apollo%2016&sample=69955,b037e58131ff6a0f13c9379d62a66769ab9a95c4f28443cb5754c1f9314ad4de,2026-10-04T09:27:12.363138+00:00,downloaded,"Lunar Sample Compendium, 69955.pdf",https://www.lpi.usra.edu/lunar/samples/atlas/compendium/69955.pdf,compendium,
69960,Apollo 16,https://www.lpi.usra.edu/lunar/samples/atlas/detail/?mission=Apollo%2016&sample=69960,6f2deb5a74ea30b6458f0d8eaf4adc152d79f46f58a5de545a5701384cd494bb,2026-10-04T09:27:13.314800+00:00,downloaded,"Lunar Sample Compendium, 69921.pdf",https://www.lpi.usra.edu/lunar/samples/atlas/compendium/69921.pdf,compendium,
69961,Apollo 16,https://www.lpi.usra.edu/lunar/samples/atlas/detail/?mission=Apollo%2016&sample=69961,586fd281f24338bff9604b57d746e390fa01765a47bc2f1189487149b7a9fc96,2026-10-04T09:27:14.578697+00:00,downloaded_no_pdf,,,,
69962,Apollo 16,https://www.lpi.usra.edu/lunar/samples/atlas/detail/?mission=Apollo%2016&sample=69962,65a4cb9f5e9d612dcdaf206d500c962c47f25f59e680e748825a48c78ec4657c,2026-10-04T09:27:15.802808+00:00,downloaded_no_pdf,,,,
69963,Apollo 16,https://www.lpi.usra.edu/lunar/samples/atlas/detail/?mission=Apollo%2016&sample=69963,4b3addb9f00377ec20016e3b18dd495a3ebfd3dab7d184bebf86e89c2bed0b6d,2026-10-04T09:27:16.637115+00:00,downloaded_no_pdf,,,,
69964,Apollo 16,https://www.lpi.usra.edu/lunar/samples/atlas/detail/?mission=Apollo%2016&sample=69964,db14796fa4947b9a7fefbde9d6a38856b6464b1a653708fded385d0cc7a2125a,2026-10-04T09:27:17.842137+00:00,downloaded_no_pdf,,,,
69965,Apollo 16,https://www.lpi.usra.edu/lunar/samples/atlas/detail/?mission=Apollo%2016&sample=69965,fea8b97ec3aa503ca41653ac2fada600320005ab5c4e3bd8a9f026a3216feade,2026-10-04T09:27:19.062757+00:00,downloaded_no_pdf,,,,
70001,Apollo 17,https://www.lpi.usra.edu/lunar/samples/atlas/detail/?mission=Apollo%2017&sample=70001,e9743c8c6561af65ac6ef10c0269aa5e66bda3a9abedf06a9bfe081f2dc331fc,2026-10-04T09:27:20.543780+00:00,downloaded,"Lunar Sample Compendium, 70009.pdf",https://www.lpi.usra.edu/lunar/samples/atlas/compendium/70009.pdf,compendium,
70001,Apollo 17,https://www.lpi.usra.edu/lunar/samples/atlas/detail/?mission=Apollo%2017&sample=70001,e9743c8c6561af65ac6ef10c0269aa5e66bda3a9abedf06a9bfe081f2dc331fc,2026-10-04T09:27:20.543780+00:00,downloaded,"Lunar Sample Compendium, A17drill.pdf",https://www.lpi.usra.edu/lunar/samples/atlas/compendium/A17drill.pdf,compendium,
70002,Apollo 17,https://www.lpi.usra.edu/lunar/samples/atlas/detail/?mission=Apollo%2017&sample=70002,07c3ca87b810540e5e6e914ee9935b98502cc86491912d5e7fa79701f184fee6,2026-10-04T09:27:21.809075+00:00,downloaded,"Lunar Sample Compendium, 70009.pdf",https://www.lpi.usra.edu/lunar/samples/atlas/compendium/70009.pdf,compendium,
70002,Apollo 17,https://www.lpi.usra.edu/lunar/samples/atlas/detail/?mission=Apollo%2017&sample=70002,07c3ca87b810540e5e6e914ee9935b98502cc86491912d5e7fa79701f184fee6,2026-10-04T09:27:21.809075+00:00,downloaded,"Lunar Sample Compendium, A17drill.pdf",https://www.lpi.usra.edu/lunar/samples/atlas/compendium/A17drill.pdf,compendium,
70003,Apollo 17,https://www.lpi.usra.edu/lunar/samples/atlas/detail/?mission=Apollo%2017&sample=70003,fe1cc6570c95e4223166703f1c7bc25e501d823da160a74f5043bab7ef4e8043,2026-10-04T09:27:22.760751+00:00,downloaded,"Lunar Sample Compendium, 70009.pdf",https://www.lpi.usra.edu/lunar/samples/atlas/compendium/70009.pdf,compendium,
70003,Apollo 17,https://www.lpi.usra.edu/lunar/samples/atlas/detail/?mission=Apollo%2017&sample=70003,fe1cc6570c95e4223166703f1c7bc25e501d823da160a74f5043bab7ef4e8043,2026-10-04T09:27:22.760751+00:00,downloaded,"Lunar Sample Compendium, A17drill.pdf",https://www.lpi.usra.edu/lunar/samples/atlas/compendium/A17drill.pdf,compendium,
70004,Apollo 17,https://www.lpi.usra.edu/lunar/samples/atlas/detail/?mission=Apollo%2017&sample=70004,a71e4d7d591afe9a269c82db8a31ba473b23f3b8e404c7036908e3fc3ba913f4,2026-10-04T09:27:24.092404+00:00,downloaded,"Lunar Sample Compendium, 70009.pdf",https://www.lpi.usra.edu/lunar/samples/atlas/compendium/70009.pdf,compendium,
70004,Apollo 17,https://www.lpi.usra.edu/lunar/samples/atlas/detail/?mission=Apollo%2017&sample=70004,a71e4d7d591afe9a269c82db8a31ba473b23f3b8e404c7036908e3fc3ba913f4,2026-10-04T09:27:24.092404+00:00,downloaded,"Lunar Sample Compendium, A17drill.pdf",https://www.lpi.usra.edu/lunar/samples/atlas/compendium/A17drill.pdf,compendium,
70005,Apollo 17,https://www.lpi.usra.edu/lunar/samples/atlas/detail/?mission=Apollo%2017&sample=70005,53b456a5dadc8c47acbd59c1b9e2a8a7fe36672357be1e4af3d38b50911332ac,2026-10-04T09:27:25.355848+00:00,downloaded,"Lunar Sample Compendium, 70009.pdf",https://www.lpi.usra.edu/lunar/samples/atlas/compendium/70009.pdf,compendium,
70005,Apollo 17,https://www.lpi.usra.edu/lunar/samples/atlas/detail/?mission=Apollo%2017&sample=70005,53b456a5dadc8c47acbd59c1b9e2a8a7fe36672357be1e4af3d38b50911332ac,2026-10-04T09:27:25.355848+00:00,downloaded,"Lunar Sample Compendium, A17drill.pdf",https://www.lpi.usra.edu/lunar/samples/atlas/compendium/A17drill.pdf,compendium,
70006,Apollo 17,https://www.lpi.usra.edu/lunar/samples/atlas/detail/?mission=Apollo%2017&sample=70006,c416484fdac3659d928fd3556227005f62d87a59177811b337ef06324415cd34,2026-10-04T09:27:26.617984+00:00,downloaded,"Lunar Sample Compendium, 70009.pdf",https://www.lpi.usra.edu/lunar/samples/atlas/compendium/70009.pdf,compendium,
70006,Apollo 17,https://www.lpi.usra.edu/lunar/samples/atlas/detail/?mission=Apollo%2017&sample=70006,c416484fdac3659d928fd3556227005f62d87a59177811b337ef06324415cd34,2026-10-04T09:27:26.617984+00:00,downloaded,"Lunar Sample Compendium, A17drill.pdf",https://www.lpi.usra.edu/lunar/samples/atlas/compendium/A17drill.pdf,compendium,
70007,Apollo 17,https://www.lpi.usra.edu/lunar/samples/atlas/detail/?mission=Apollo%2017&sample=70007,b0c7fc629f83c24084bd3cacba389d060892df90883536aaa22fe95cda850c3d,2026-10-04T09:27:27.428404+00:00,downloaded,"Lunar Sample Compendium, 70009.pdf",https://www.lpi.usra.edu/lunar/samples/atlas/compendium/70009.pdf,compendium,
70008,Apollo 17,https://www.lpi.usra.edu/lunar/samples/atlas/detail/?mission=Apollo%2017&sample=70008,03f19a5937082f1df4bfa4af71c6fcc2cd30e1cdfe8862415c4548af418985dd,2026-10-04T09:27:28.639732+00:00,downloaded,"Lunar Sample Compendium, 70009.pdf",https://www.lpi.usra.edu/lunar/samples/atlas/compendium/70009.pdf,compendium,
70009,Apollo 17,https://www.lpi.usra.edu/lunar/samples/atlas/detail/?mission=Apollo%2017&sample=70009,e5a3473a30860f45ae4567393289b157a2e09b32a47d994f355b0da898bf7caa,2026-10-04T09:27:29.440087+00:00,downloaded,"Lunar Sample Compendium, 70009.pdf",https://www.lpi.usra.edu/lunar/samples/atlas/compendium/70009.pdf,compendium,
70017,Apollo 17,https://www.lpi.usra.edu/lunar/samples/atlas/detail/?mission=Apollo%2017&sample=70017,d243d7f537b1dc1b0f8dfb8d6e42b42da014cb7b80185c7ccf8a47581afbf309,2026-10-04T09:27:30.673355+00:00,downloaded,"Lunar Sample Compendium, 70017.pdf",https://www.lpi.usra.edu/lunar/samples/atlas/compendium/70017.pdf,compendium,
70017,Apollo 17,https://www.lpi.usra.edu/lunar/samples/atlas/detail/?mission=Apollo%2017&sample=70017,d243d7f537b1dc1b0f8dfb8d6e42b42da014cb7b80185c7ccf8a47581afbf309,2026-10-04T09:27:30.673355+00:00,downloaded,Lunar Sample Catalog 70017 Description,http://curator.jsc.nasa.gov/lunar/catalogs/apollo17/v2/70017.pdf,catalog,
70018,Apollo 17,https://www.lpi.usra.edu/lunar/samples/atlas/detail/?mission=Apollo%2017&sample=70018,db321e83ead51ae9da61937df5d841d0f22929125390aae031464e22912d5529,2026-10-04T09:27:31.986455+00:00,downloaded,"Lunar Sample Compendium, 70018.pdf",https://www.lpi.usra.edu/lunar/samples/atlas/compendium/70018.pdf,compendium,
70018,Apollo 17,https://www.lpi.usra.edu/lunar/samples/atlas/detail/?mission=Apollo%2017&sample=70018,db321e83ead51ae9da61937df5d841d0f22929125390aae031464e22912d5529,2026-10-04T09:27:31.986455+00:00,downloaded,Lunar Sample Catalog 70018 Description,http://curator.jsc.nasa.gov/lunar/catalogs/apollo17/v2/70018.pdf,catalog,
70019,Apollo 17,https://www.lpi.usra.edu/lunar/samples/atlas/detail/?mission=Apollo%2017&sample=70019,b029af33da952b081a1162b6ae987894c9aa8b047d06738f79b1f6f77b349e84,2026-10-04T09:27:32.796817+00:00,downloaded,"Lunar Sample Compendium, 70019.pdf",https://www.lpi.usra.edu/lunar/samples/atlas/compendium/70019.pdf,compendium,
70019,Apollo 17,https://www.lpi.usra.edu/lunar/samples/atlas/detail/?mission=Apollo%2017&sample=70019,b029af33da952b081a1162b6ae987894c9aa8b047d06738f79b1f6f77b349e84,2026-10-04T09:27:32.796817+00:00,downloaded,Lunar Sample Catalog 70019 Description,http://curator.jsc.nasa.gov/lunar/catalogs/apollo17/v2/70019.pdf,catalog,
70035,Apollo 17,https://www.lpi.usra.edu/lunar/samples/atlas/detail/?mission=Apollo%2017&sample=70035,e1302c90903c30987a761554945b44328308a4b47917d601a861dc6c642222f2,2026-10-04T09:27:33.751871+00:00,downloaded,"Lunar Sample Compendium, 70035.pdf",https://www.lpi.usra.edu/lunar/samples/atlas/compendium/70035.pdf,compendium,
70035,Apollo 17,https://www.lpi.usra.edu/lunar/samples/atlas/detail/?mission=Apollo%2017&sample=70035,e1302c90903c30987a761554945b44328308a4b47917d601a861dc6c642222f2,2026-10-04T09:27:33.751871+00:00,downloaded,Lunar Sample Catalog 70035 Description,http://curator.jsc.nasa.gov/lunar/catalogs/apollo17/v2/70035.pdf,catalog,
70075,Apollo 17,https://www.lpi.usra.edu/lunar/samples/atlas/detail/?mission=Apollo%2017&sample=70075,b20eee72188119e270f95dc9a94ed1a60fc5dba541526c73467b8747621e7a12,2026-10-04T09:27:35.107127+00:00,downloaded,"Lunar Sample Compendium, 70075.pdf",https://www.lpi.usra.edu/lunar/samples/atlas/compendium/70075.pdf,compendium,
70075,Apollo 17,https://www.lpi.usra.edu/lunar/samples/atlas/detail/?mission=Apollo%2017&sample=70075,b20eee72188119e270f95dc9a94ed1a60fc5dba541526c73467b8747621e7a12,2026-10-04T09:27:35.107127+00:00,downloaded,Lunar Sample Catalog 70075 Description,http://curator.jsc.nasa.gov/lunar/catalogs/apollo17/v2/70075.pdf,catalog,
70130,Apollo 17,https://www.lpi.usra.edu/lunar/samples/atlas/detail/?mission=Apollo%2017&sample=70130,e4026e65a801c1944f965e71a91bc2deef31d2d98eeb13e5c9b19f6aa43a42bf,2026-10-04T09:27:36.333170+00:00,downloaded_no_pdf,,,,
70131,Apollo 17,https://www.lpi.usra.edu/lunar/samples/atlas/detail/?mission=Apollo%2017&sample=70131,03503d981ddda48bc5024201f4c452917dec3336ca01afe3dd183877a95ec7b5,2026-10-04T09:27:37.559625+00:00,downloaded_no_pdf,,,,
70132,Apollo 17,https://www.lpi.usra.edu/lunar/samples/atlas/detail/?mission=Apollo%2017&sample=70132,8f789595e2496a50b87bbaa06829a5d3bdc10e3d9601f8d8e4d08c20e57ce6a0,2026-10-04T09:27:38.804398+00:00,downloaded_no_pdf,,,,
70133,Apollo 17,https://www.lpi.usra.edu/lunar/samples/atlas/detail/?mission=Apollo%2017&sample=70133,76e2b839d87ce2b32b79b83ad3f53ae0dd2a0513f796359d8e0aa54c597d8032,2026-10-04T09:27:39.615705+00:00,downloaded_no_pdf,,,,
70134,Apollo 17,https://www.lpi.usra.edu/lunar/samples/atlas/detail/?mission=Apollo%2017&sample=70134,9f45d2411bf73b771b71716647fc2185e0693a61fecb04aad89dbd2706d1c18b,2026-10-04T09:27:40.804517+00:00,downloaded_no_pdf,,,,
70135,Apollo 17,https://www.lpi.usra.edu/lunar/samples/atlas/detail/?mission=Apollo%2017&sample=70135,d3c49ace0cd54a77204b564e3a13673fc37c5940c68cff038817099b829ea4ac,2026-10-04T09:27:41.644366+00:00,downloaded,"Lunar Sample Compendium, 70135.pdf",https://www.lpi.usra.edu/lunar/samples/atlas/compendium/70135.pdf,compendium,
70135,Apollo 17,https://www.lpi.usra.edu/lunar/samples/atlas/detail/?mission=Apollo%2017&sample=70135,d3c49ace0cd54a77204b564e3a13673fc37c5940c68cff038817099b829ea4ac,2026-10-04T09:27:41.644366+00:00,downloaded,Lunar Sample Catalog 70135 Description,http://curator.jsc.nasa.gov/lunar/catalogs/apollo17/v2/70135.pdf,catalog,
70136,Apollo 17,https://www.lpi.usra.edu/lunar/samples/atlas/detail/?mission=Apollo%2017&sample=70136,b2dcc5443d65e907c1c443502ede5f7af43eb80b6b2c960fc40b23c621e51d0a,2026-10-04T09:27:42.988884+00:00,downloaded,Lunar Sample Catalog 70136 Description,http://curator.jsc.nasa.gov/lunar/catalogs/apollo17/v2/70136.pdf,catalog,
70137,Apollo 17,https://www.lpi.usra.edu/lunar/samples/atlas/detail/?mission=Apollo%2017&sample=70137,8ebdfd98b6e0eb3a625a3cb06684962875aac7cd929d44093f18695fafd3ff0e,2026-10-04T09:27:43.794375+00:00,downloaded,Lunar Sample Catalog 70137 Description,http://curator.jsc.nasa.gov/lunar/catalogs/apollo17/v2/70137.pdf,catalog,
70138,Apollo 17,https://www.lpi.usra.edu/lunar/samples/atlas/detail/?mission=Apollo%2017&sample=70138,47755e12c7c3ac83f00ee393464ee4c90e40533d9b30631c168bdd8b6f81e628,2026-10-04T09:27:44.985077+00:00,downloaded,Lunar Sample Catalog 70138 Description,http://curator.jsc.nasa.gov/lunar/catalogs/apollo17/v2/70138.pdf,catalog,
70139,Apollo 17,https://www.lpi.usra.edu/lunar/samples/atlas/detail/?mission=Apollo%2017&sample=70139,9dc2d37bbe5dfc351c0d4fe033f8a7be557f3ce8e1aeff2eb846fc64c55dab2d,2026-10-04T09:27:46.211782+00:00,downloaded,"Lunar Sample Compendium, 70139.pdf",https://www.lpi.usra.edu/lunar/samples/atlas/compendium/70139.pdf,compendium,
70139,Apollo 17,https://www.lpi.usra.edu/lunar/samples/atlas/detail/?mission=Apollo%2017&sample=70139,9dc2d37bbe5dfc351c0d4fe033f8a7be557f3ce8e1aeff2eb846fc64c55dab2d,2026-10-04T09:27:46.211782+00:00,downloaded,Lunar Sample Catalog 70139 Description,http://curator.jsc.nasa.gov/lunar/catalogs/apollo17/v2/70139.pdf,catalog,
70140,Apollo 17,https://www.lpi.usra.edu/lunar/samples/atlas/detail/?mission=Apollo%2017&sample=70140,fb124823ecb119d574ea2b1194648518ef730fe8d01b63699f2951abb36fd6e9,2026-10-04T09:27:47.023956+00:00,downloaded_no_pdf,,,,
70141,Apollo 17,https://www.lpi.usra.edu/lunar/samples/atlas/detail/?mission=Apollo%2017&sample=70141,6e02dfccfac11346a294eb0854e43831f378021a067f49ddd3da64457cac00b1,2026-10-04T09:27:47.827290+00:00,downloaded_no_pdf,,,,
70142,Apollo 17,https://www.lpi.usra.edu/lunar/samples/atlas/detail/?mission=Apollo%2017&sample=70142,c64d89a2d16dcb74fdf141c76abfd27304ceafbfe3991bddab086274633cd8f9,2026-10-04T09:27:48.640241+00:00,downloaded_no_pdf,,,,
70143,Apollo 17,https://www.lpi.usra.edu/lunar/samples/atlas/detail/?mission=Apollo%2017&sample=70143,af5ae952086f9d8edc711da054f84cce309e1bddf7fb55142ea121d1c2bdc9f4,2026-10-04T09:27:49.293735+00:00,downloaded_no_pdf,,,,
70144,Apollo 17,https://www.lpi.usra.edu/lunar/samples/atlas/detail/?mission=Apollo%2017&sample=70144,06af59b490b265ccbeb2b619b928c2d81f7833a67d28ac06b541c0fc8d64e486,2026-10-04T09:27:50.073657+00:00,downloaded_no_pdf,,,,
70145,Apollo 17,https://www.lpi.usra.edu/lunar/samples/atlas/detail/?mission=Apollo%2017&sample=70145,9d6368ef35c82a24028585ffcb3fb05a2a0064b387a765d7b2f131f4a92ed1c8,2026-10-04T09:27:50.840568+00:00,downloaded,Lunar Sample Catalog 70145 Description,http://curator.jsc.nasa.gov/lunar/catalogs/apollo17/v2/70145.pdf,catalog,
70146,Apollo 17,https://www.lpi.usra.edu/lunar/samples/atlas/detail/?mission=Apollo%2017&sample=70146,7764f35c267d1b59b06258f55d7933d042d13a6faf0afb49b42bcdd2bdd92fcd,2026-10-04T09:27:51.630518+00:00,downloaded,Lunar Sample Catalog 70146 Description,http://curator.jsc.nasa.gov/lunar/catalogs/apollo17/v2/70146.pdf,catalog,
70147,Apollo 17,https://www.lpi.usra.edu/lunar/samples/atlas/detail/?mission=Apollo%2017&sample=70147,ed658c310796e8ccf171f1a9168d4a506d33c6c75d2111b8e6a61ba1ef3b6e93,2026-10-04T09:27:52.297077+00:00,downloaded,"Lunar Sample Compendium, 70147.pdf",https://www.lpi.usra.edu/lunar/samples/atlas/compendium/70147.pdf,compendium,
70147,Apollo 17,https://www.lpi.usra.edu/lunar/samples/atlas/detail/?mission=Apollo%2017&sample=70147,ed658c310796e8ccf171f1a9168d4a506d33c6c75d2111b8e6a61ba1ef3b6e93,2026-10-04T09:27:52.297077+00:00,downloaded,Lunar Sample Catalog 70147 Description,http://curator.jsc.nasa.gov/lunar/catalogs/apollo17/v2/70147.pdf,catalog,
70148,Apollo 17,https://www.lpi.usra.edu/lunar/samples/atlas/detail/?mission=Apollo%2017&sample=70148,bc760a534f4e74636b2cba80734e2ee4eaeff3aab66df2fbcc92d73e3e790307,2026-10-04T09:27:53.101606+00:00,downloaded,Lunar Sample Catalog 70148 Description,http://curator.jsc.nasa.gov/lunar/catalogs/apollo17/v2/70148.pdf,catalog,
70149,Apollo 17,https://www.lpi.usra.edu/lunar/samples/atlas/detail/?mission=Apollo%2017&sample=70149,80dfe4bb413add2bbceeab523371a11bc976806d73a6686c89d6d08ca730e04f,2026-10-04T09:27:53.785022+00:00,downloaded,Lunar Sample Catalog 70149 Description,http://curator.jsc.nasa.gov/lunar/catalogs/apollo17/v2/70149.pdf,catalog,
70150,Apollo 17,https://www.lpi.usra.edu/lunar/samples/atlas/detail/?mission=Apollo%2017&sample=70150,ca7a756132cf63ddbbde8a79d05bbd2f74caa154f36bbea5bc0d1f6c062a109f,2026-10-04T09:27:54.442513+00:00,downloaded_no_pdf,,,,
70151,Apollo 17,https://www.lpi.usra.edu/lunar/samples/atlas/detail/?mission=Apollo%2017&sample=70151,2cdab1769520386f888446bceda405881df1abaa2d18cb2a2017a103b724f08d,2026-10-04T09:27:55.089076+00:00,downloaded_no_pdf,,,,
70152,Apollo 17,https://www.lpi.usra.edu/lunar/samples/atlas/detail/?mission=Apollo%2017&sample=70152,991b1c04dfb75a079268d6470a58131a0a72acc2f3e8af931a3a2823380845b2,2026-10-04T09:27:55.738973+00:00,downloaded_no_pdf,,,,
70153,Apollo 17,https://www.lpi.usra.edu/lunar/samples/atlas/detail/?mission=Apollo%2017&sample=70153,b28f0379c4a2a7f7b9a2f00c89422e722d75aad774b263cdcfc3d83f38193ddf,2026-10-04T09:27:56.528046+00:00,downloaded_no_pdf,,,,
70154,Apollo 17,https://www.lpi.usra.edu/lunar/samples/atlas/detail/?mission=Apollo%2017&sample=70154,2002871ceee764d8ad2d531abcfad091b6a13e90fcfe8262c3b0bbb993dedf43,2026-10-04T09:27:57.176227+00:00,downloaded_no_pdf,,,,
70155,Apollo 17,https://www.lpi.usra.edu/lunar/samples/atlas/detail/?mission=Apollo%2017&sample=70155,951217ff2c386d9a129af2a190ceebf0d820fd1eb345503dd813fcf3e7bdf9fa,2026-10-04T09:27:57.962556+00:00,downloaded,Lunar Sample Catalog 70155 Description,http://curator.jsc.nasa.gov/lunar/catalogs/apollo17/v2/70155.pdf,catalog,
70156,Apollo 17,https://www.lpi.usra.edu/lunar/samples/atlas/detail/?mission=Apollo%2017&sample=70156,ecd714c791b51201c358ba1e40dcc6233763cedb6896cb9eb4efe8f13f5fa954,2026-10-04T09:27:58.613632+00:00,downloaded,Lunar Sample Catalog 70156 Description,http://curator.jsc.nasa.gov/lunar/catalogs/apollo17/v2/70156.pdf,catalog,
70157,Apollo 17,https://www.lpi.usra.edu/lunar/samples/atlas/detail/?mission=Apollo%2017&sample=70157,840cec32a395eeb3dbc02c0fc28157dea2b74736bbf05e53cff66278cdb2fc24,2026-10-04T09:27:59.271098+00:00,downloaded,Lunar Sample Catalog 70157 Description,http://curator.jsc.nasa.gov/lunar/catalogs/apollo17/v2/70157.pdf,catalog,
70160,Apollo 17,https://www.lpi.usra.edu/lunar/samples/atlas/detail/?mission=Apollo%2017&sample=70160,23bf69eed7eff6c827ff0a208dc4c07fa919f00f46c2e12aaf80da231198bccd,2026-10-04T09:28:00.069290+00:00,downloaded_no_pdf,,,,
70161,Apollo 17,https://www.lpi.usra.edu/lunar/samples/atlas/detail/?mission=Apollo%2017&sample=70161,c5a6840e7629684118b820e1e883c34457bdef67d9c42e37ae0594a79f231674,2026-10-04T09:28:00.720493+00:00,downloaded,"Lunar Sample Compendium, 70161.pdf",https://www.lpi.usra.edu/lunar/samples/atlas/compendium/70161.pdf,compendium,
70165,Apollo 17,https://www.lpi.usra.edu/lunar/samples/atlas/detail/?mission=Apollo%2017&sample=70165,29470d27ac4ecb5b335b5292bcda031bb570df87fd287a1f66f68de8120b49ea,2026-10-04T09:28:01.507307+00:00,downloaded,Lunar Sample Catalog 70165 Description,http://curator.jsc.nasa.gov/lunar/catalogs/apollo17/v2/70165.pdf,catalog,
70170,Apollo 17,https://www.lpi.usra.edu/lunar/samples/atlas/detail/?mission=Apollo%2017&sample=70170,01cc6d7dca5db63aa8657b84a7b768fdaabe3ae437474b1f56d20b393838c3e4,2026-10-04T09:28:02.175187+00:00,downloaded,"Lunar Sample Compendium, 70170.pdf",https://www.lpi.usra.edu/lunar/samples/atlas/compendium/70170.pdf,compendium,
70175,Apollo 17,https://www.lpi.usra.edu/lunar/samples/atlas/detail/?mission=Apollo%2017&sample=70175,93f7538be5d07c41bd0a03e546e090fadac7e59aa86ed2b99ff166b159367281,2026-10-04T09:28:02.832168+00:00,downloaded,"Lunar Sample Compendium, 70175.pdf",https://www.lpi.usra.edu/lunar/samples/atlas/compendium/70175.pdf,compendium,
70175,Apollo 17,https://www.lpi.usra.edu/lunar/samples/atlas/detail/?mission=Apollo%2017&sample=70175,93f7538be5d07c41bd0a03e546e090fadac7e59aa86ed2b99ff166b159367281,2026-10-04T09:28:02.832168+00:00,downloaded,Lunar Sample Catalog 70175 Description,http://curator.jsc.nasa.gov/lunar/catalogs/apollo17/v2/70175.pdf,catalog,
70180,Apollo 17,https://www.lpi.usra.edu/lunar/samples/atlas/detail/?mission=Apollo%2017&sample=70180,c0b293f8acf5c43e170ff198387736325d373c5030e8371eb799c6668fb3acc1,2026-10-04T09:28:03.522694+00:00,downloaded,"Lunar Sample Compendium, 70180.pdf",https://www.lpi.usra.edu/lunar/samples/atlas/compendium/70180.pdf,compendium,
70181,Apollo 17,https://www.lpi.usra.edu/lunar/samples/atlas/detail/?mission=Apollo%2017&sample=70181,2fa77a6e8f7cc169a0883d54d1e29a536626ab7c2fc43dde9380411d4d897f2d,2026-10-04T09:28:04.173396+00:00,downloaded,"Lunar Sample Compendium, 70181.pdf",https://www.lpi.usra.edu/lunar/samples/atlas/compendium/70181.pdf,compendium,
70182,Apollo 17,https://www.lpi.usra.edu/lunar/samples/atlas/detail/?mission=Apollo%2017&sample=70182,6573e3a322b0cbe93b09c5b0232fbb32d871e42c849618f71d7ffca181924d14,2026-10-04T09:28:04.979891+00:00,downloaded_no_pdf,,,,
70183,Apollo 17,https://www.lpi.usra.edu/lunar/samples/atlas/detail/?mission=Apollo%2017&sample=70183,004c8e6b2fab950d12b887adcdc6df3cb00e45578aa09b4fc3ea1d0c868ffa70,2026-10-04T09:28:05.768989+00:00,downloaded_no_pdf,,,,
70184,Apollo 17,https://www.lpi.usra.edu/lunar/samples/atlas/detail/?mission=Apollo%2017&sample=70184,367fb973ea24413a396cf374c6465669435dc81d54886d618e33a1c304f480e0,2026-10-04T09:28:06.427385+00:00,downloaded_no_pdf,,,,
70185,Apollo 17,https://www.lpi.usra.edu/lunar/samples/atlas/detail/?mission=Apollo%2017&sample=70185,f00ef13fbbbefd7c3b25ec0b5534c6a60a23aa783f1e6dbe6360f42201832b8c,2026-10-04T09:28:07.209652+00:00,downloaded,"Lunar Sample Compendium, 70185.pdf",https://www.lpi.usra.edu/lunar/samples/atlas/compendium/70185.pdf,compendium,
70185,Apollo 17,https://www.lpi.usra.edu/lunar/samples/atlas/detail/?mission=Apollo%2017&sample=70185,f00ef13fbbbefd7c3b25ec0b5534c6a60a23aa783f1e6dbe6360f42201832b8c,2026-10-04T09:28:07.209652+00:00,downloaded,Lunar Sample Catalog 70185 Description,http://curator.jsc.nasa.gov/lunar/catalogs/apollo17/v2/70185.pdf,catalog,
70215,Apollo 17,https://www.lpi.usra.edu/lunar/samples/atlas/detail/?mission=Apollo%2017&sample=70215,5703554aa8545833854135dc31b052385ed3e489c96316880579ff11c5aec34e,2026-10-04T09:28:07.908502+00:00,downloaded,"Lunar Sample Compendium, 70215.pdf",https://www.lpi.usra.edu/lunar/samples/atlas/compendium/70215.pdf,compendium,
70215,Apollo 17,https://www.lpi.usra.edu/lunar/samples/atlas/detail/?mission=Apollo%2017&sample=70215,5703554aa8545833854135dc31b052385ed3e489c96316880579ff11c5aec34e,2026-10-04T09:28:07.908502+00:00,downloaded,Lunar Sample Catalog 70215 Description,http://curator.jsc.nasa.gov/lunar/catalogs/apollo17/v2/70215.pdf,catalog,
70250,Apollo 17,https://www.lpi.usra.edu/lunar/samples/atlas/detail/?mission=Apollo%2017&sample=70250,13cc24b7f59ee0749885a334331038679efd9cd22abcccac06c1944021dbcacc,2026-10-04T09:28:08.615077+00:00,downloaded,"Lunar Sample Compendium, 70271.pdf",https://www.lpi.usra.edu/lunar/samples/atlas/compendium/70271.pdf,compendium,
70255,Apollo 17,https://www.lpi.usra.edu/lunar/samples/atlas/detail/?mission=Apollo%2017&sample=70255,e3435a377c1b26c77bf257e93ebb639d1dc4e62c60ed4ad34d746950c2d6b194,2026-10-04T09:28:09.272328+00:00,downloaded,"Lunar Sample Compendium, 70255.pdf",https://www.lpi.usra.edu/lunar/samples/atlas/compendium/70255.pdf,compendium,
70255,Apollo 17,https://www.lpi.usra.edu/lunar/samples/atlas/detail/?mission=Apollo%2017&sample=70255,e3435a377c1b26c77bf257e93ebb639d1dc4e62c60ed4ad34d746950c2d6b194,2026-10-04T09:28:09.272328+00:00,downloaded,Lunar Sample Catalog 70255 Description,http://curator.jsc.nasa.gov/lunar/catalogs/apollo17/v2/70255.pdf,catalog,
70270,Apollo 17,https://www.lpi.usra.edu/lunar/samples/atlas/detail/?mission=Apollo%2017&sample=70270,5dc52df91e709ae419fbea3283be8d21838bad7c24e196fd64efe4615fca9828,2026-10-04T09:28:09.967950+00:00,downloaded,"Lunar Sample Compendium, 70271.pdf",https://www.lpi.usra.edu/lunar/samples/atlas/compendium/70271.pdf,compendium,
70275,Apollo 17,https://www.lpi.usra.edu/lunar/samples/atlas/detail/?mission=Apollo%2017&sample=70275,7f88305bda2b827eee862b81bc012e24b825bf931fa3e901fde35836eb7de96a,2026-10-04T09:28:10.758983+00:00,downloaded,"Lunar Sample Compendium, 70275.pdf",https://www.lpi.usra.edu/lunar/samples/atlas/compendium/70275.pdf,compendium,
70275,Apollo 17,https://www.lpi.usra.edu/lunar/samples/atlas/detail/?mission=Apollo%2017&sample=70275,7f88305bda2b827eee862b81bc012e24b825bf931fa3e901fde35836eb7de96a,2026-10-04T09:28:10.758983+00:00,downloaded,Lunar Sample Catalog 70275 Description,http://curator.jsc.nasa.gov/lunar/catalogs/apollo17/v2/70275.pdf,catalog,
70295,Apollo 17,https://www.lpi.usra.edu/lunar/samples/atlas/detail/?mission=Apollo%2017&sample=70295,2a3fbc6b245a047187c0e04f34198483b91bd0c03d6670b133fa0e2e3be2578e,2026-10-04T09:28:11.651739+00:00,downloaded,"Lunar Sample Compendium, 70295.pdf",https://www.lpi.usra.edu/lunar/samples/atlas/compendium/70295.pdf,compendium,
70295,Apollo 17,https://www.lpi.usra.edu/lunar/samples/atlas/detail/?mission=Apollo%2017&sample=70295,2a3fbc6b245a047187c0e04f34198483b91bd0c03d6670b133fa0e2e3be2578e,2026-10-04T09:28:11.651739+00:00,downloaded,Lunar Sample Catalog 70295 Description,http://curator.jsc.nasa.gov/lunar/catalogs/apollo17/v2/70295.pdf,catalog,
70310,Apollo 17,https://www.lpi.usra.edu/lunar/samples/atlas/detail/?mission=Apollo%2017&sample=70310,52137480cfcbc66dcf1fd62dd6561b9886ca0639c5c10134c20b2214c3e37c6b,2026-10-04T09:28:12.336128+00:00,downloaded_no_pdf,,,,
70311,Apollo 17,https://www.lpi.usra.edu/lunar/samples/atlas/detail/?mission=Apollo%2017&sample=70311,842718bbb4c2dbd3ab3b35994c74dfc4a14a584fd8a0cf75edf12f6aa7de7e5b,2026-10-04T09:28:13.128612+00:00,downloaded,"Lunar Sample Compendium, 70311.pdf",https://www.lpi.usra.edu/lunar/samples/atlas/compendium/70311.pdf,compendium,
70312,Apollo 17,https://www.lpi.usra.edu/lunar/samples/atlas/detail/?mission=Apollo%2017&sample=70312,4d02ce6be8d9e626ba05720d9b49edb379911357efd1f3097f8db304f3ecc809,2026-10-04T09:28:13.904007+00:00,downloaded_no_pdf,,,,
70313,Apollo 17,https://www.lpi.usra.edu/lunar/samples/atlas/detail/?mission=Apollo%2017&sample=70313,e86a54ad241cf8fc06d7775cba0f8feca8834bf594aac9f827b5a0bf72b4ee4b,2026-10-04T09:28:14.567966+00:00,downloaded_no_pdf,,,,
70314,Apollo 17,https://www.lpi.usra.edu/lunar/samples/atlas/detail/?mission=Apollo%2017&sample=70314,bf68b2dbbbbed7525433acb0bef4609e8116e85271eafd769d5b1874a7b43fc5,2026-10-04T09:28:15.212563+00:00,downloaded_no_pdf,,,,
70315,Apollo 17,https://www.lpi.usra.edu/lunar/samples/atlas/detail/?mission=Apollo%2017&sample=70315,7bacd64f5a6ace46e641e148d5c1134325cd4fbc078138fc467b08b87a6648cb,2026-10-04T09:28:15.997994+00:00,downloaded,"Lunar Sample Compendium, 70315.pdf",https://www.lpi.usra.edu/lunar/samples/atlas/compendium/70315.pdf,compendium,
70315,Apollo 17,https://www.lpi.usra.edu/lunar/samples/atlas/detail/?mission=Apollo%2017&sample=70315,7bacd64f5a6ace46e641e148d5c1134325cd4fbc078138fc467b08b87a6648cb,2026-10-04T09:28:15.997994+00:00,downloaded,Lunar Sample Catalog 70315 Description,http://curator.jsc.nasa.gov/lunar/catalogs/apollo17/v2/70315.pdf,catalog,
70320,Apollo 17,https://www.lpi.usra.edu/lunar/samples/atlas/detail/?mission=Apollo%2017&sample=70320,170d8a921a32b35d0791bc0e6d52529e0485f8681ed1a3875c1469891f26da1c,2026-10-04T09:28:16.823762+00:00,downloaded_no_pdf,,,,
70321,Apollo 17,https://www.lpi.usra.edu/lunar/samples/atlas/detail/?mission=Apollo%2017&sample=70321,1b8f39d6831cbef939cba11cb2a3361a57d5f475817719145b0bfc094195b052,2026-10-04T09:28:17.471354+00:00,downloaded,"Lunar Sample Compendium, 70311.pdf",https://www.lpi.usra.edu/lunar/samples/atlas/compendium/70311.pdf,compendium,
70322,Apollo 17,https://www.lpi.usra.edu/lunar/samples/atlas/detail/?mission=Apollo%2017&sample=70322,3f9de271d187113aede5fcc36f494abd430edfc63794e7d9eb77c5d6248b6683,2026-10-04T09:28:18.136107+00:00,downloaded_no_pdf,,,,
70323,Apollo 17,https://www.lpi.usra.edu/lunar/samples/atlas/detail/?mission=Apollo%2017&sample=70323,aebe0e325418171a2ebfa9ad624218014fc2d1df7701944558fd6489cd475091,2026-10-04T09:28:18.924111+00:00,downloaded_no_pdf,,,,
70324,Apollo 17,https://www.lpi.usra.edu/lunar/samples/atlas/detail/?mission=Apollo%2017&sample=70324,fb39c7d79e427e64b917ebe3866164f1e088df3aa3c4d1cbfa94d7e6211aee0a,2026-10-04T09:28:19.711343+00:00,downloaded_no_pdf,,,,
71030,Apollo 17,https://www.lpi.usra.edu/lunar/samples/atlas/detail/?mission=Apollo%2017&sample=71030,4c6c8cfc7f318052876c1b1e8983170c916b2161ed9598df7c71dfdab82949d9,2026-10-04T09:28:20.494922+00:00,downloaded_no_pdf,,,,
71031,Apollo 17,https://www.lpi.usra.edu/lunar/samples/atlas/detail/?mission=Apollo%2017&sample=71031,b293bf2d341c0458b8a4943e9f0fc56dd7a841a4275f21feb6529f8e0d2d4da1,2026-10-04T09:28:21.153766+00:00,downloaded_no_pdf,,,,
71032,Apollo 17,https://www.lpi.usra.edu/lunar/samples/atlas/detail/?mission=Apollo%2017&sample=71032,8b0de9c298387941a07f46fd76b9c7a82a918c6b209e1022ef284a57ea822ac6,2026-10-04T09:28:21.762592+00:00,downloaded_no_pdf,,,,
71033,Apollo 17,https://www.lpi.usra.edu/lunar/samples/atlas/detail/?mission=Apollo%2017&sample=71033,f21e87322631c8366ab7a21f7e947426df4d0193bb2d391e27fe3d22d54d864a,2026-10-04T09:28:22.416587+00:00,downloaded_no_pdf,,,,
71034,Apollo 17,https://www.lpi.usra.edu/lunar/samples/atlas/detail/?mission=Apollo%2017&sample=71034,1f5f0a207030dfece0061bd445bb70ddf53c8468cad19ee9af1fc56583429c1f,2026-10-04T09:28:23.062596+00:00,downloaded_no_pdf,,,,
71035,Apollo 17,https://www.lpi.usra.edu/lunar/samples/atlas/detail/?mission=Apollo%2017&sample=71035,5d4a05159eccafe573fae6f205f32f0cd45e3644b65d8f433adeec3e058dfa6c,2026-10-04T09:28:23.842658+00:00,downloaded,"Lunar Sample Compendium, 71035.pdf",https://www.lpi.usra.edu/lunar/samples/atlas/compendium/71035.pdf,compendium,
71035,Apollo 17,https://www.lpi.usra.edu/lunar/samples/atlas/detail/?mission=Apollo%2017&sample=71035,5d4a05159eccafe573fae6f205f32f0cd45e3644b65d8f433adeec3e058dfa6c,2026-10-04T09:28:23.842658+00:00,downloaded,Lunar Sample Catalog 71035 Description,http://curator.jsc.nasa.gov/lunar/catalogs/apollo17/v2/71035.pdf,catalog,
71036,Apollo 17,https://www.lpi.usra.edu/lunar/samples/atlas/detail/?mission=Apollo%2017&sample=71036,bcb2ab18a21eaff939458513b399126f1f5fa230128ca8ea64ecd057af41cbf4,2026-10-04T09:28:24.542397+00:00,downloaded,"Lunar Sample Compendium, 71035.pdf",https://www.lpi.usra.edu/lunar/samples/atlas/compendium/71035.pdf,compendium,
71036,Apollo 17,https://www.lpi.usra.edu/lunar/samples/atlas/detail/?mission=Apollo%2017&sample=71036,bcb2ab18a21eaff939458513b399126f1f5fa230128ca8ea64ecd057af41cbf4,2026-10-04T09:28:24.542397+00:00,downloaded,Lunar Sample Catalog 71036 Description,http://curator.jsc.nasa.gov/lunar/catalogs/apollo17/v2/71036.pdf,catalog,
71037,Apollo 17,https://www.lpi.usra.edu/lunar/samples/atlas/detail/?mission=Apollo%2017&sample=71037,329d1918e2c79256187c0c89bef63bb6d93e00d433aea4f0c0df1ca1bc7448d8,2026-10-04T09:28:25.228123+00:00,downloaded,"Lunar Sample Compendium, 71035.pdf",https://www.lpi.usra.edu/lunar/samples/atlas/compendium/71035.pdf,compendium,
71037,Apollo 17,https://www.lpi.usra.edu/lunar/samples/atlas/detail/?mission=Apollo%2017&sample=71037,329d1918e2c79256187c0c89bef63bb6d93e00d433aea4f0c0df1ca1bc7448d8,2026-10-04T09:28:25.228123+00:00,downloaded,Lunar Sample Catalog 71037 Description,http://curator.jsc.nasa.gov/lunar/catalogs/apollo17/v2/71037.pdf,catalog,
71040,Apollo 17,https://www.lpi.usra.edu/lunar/samples/atlas/detail/?mission=Apollo%2017&sample=71040,9f50ae914b363901387114ea2065098f29d24705f7181e483614643dd639873d,2026-10-04T09:28:26.053478+00:00,downloaded_no_pdf,,,,
71041,Apollo 17,https://www.lpi.usra.edu/lunar/samples/atlas/detail/?mission=Apollo%2017&sample=71041,8178146adc686b01299147c9f0c131bd413da6205a8cfcc6834896960a8e2f99,2026-10-04T09:28:26.736323+00:00,downloaded,"Lunar Sample Compendium, 71041.pdf",https://www.lpi.usra.edu/lunar/samples/atlas/compendium/71041.pdf,compendium,
71042,Apollo 17,https://www.lpi.usra.edu/lunar/samples/atlas/detail/?mission=Apollo%2017&sample=71042,d4000d1dda5ffb11bb475d26e4b2cc1a4f8fdfd083fbaafcebf57ac80eb166df,2026-10-04T09:28:27.390867+00:00,downloaded_no_pdf,,,,
71043,Apollo 17,https://www.lpi.usra.edu/lunar/samples/atlas/detail/?mission=Apollo%2017&sample=71043,3e81103513b33236de5edf63e7fcffdfb04540b6d78c5263b73016ede34cd34b,2026-10-04T09:28:28.033655+00:00,downloaded_no_pdf,,,,
71044,Apollo 17,https://www.lpi.usra.edu/lunar/samples/atlas/detail/?mission=Apollo%2017&sample=71044,b80c63b64fc8502996f7c3b64eaada2ef2331ccb835e11d4aa7e4cef10a75405,2026-10-04T09:28:28.818972+00:00,downloaded_no_pdf,,,,
71045,Apollo 17,https://www.lpi.usra.edu/lunar/samples/atlas/detail/?mission=Apollo%2017&sample=71045,219c22ceff0cb8809f8213e51a9dfd0fba80fd4e2fe7a1448c3e1f420e7c81a5,2026-10-04T09:28:29.616214+00:00,downloaded,Lunar Sample Catalog 71045 Description,http://curator.jsc.nasa.gov/lunar/catalogs/apollo17/v2/71045.pdf,catalog,
71046,Apollo 17,https://www.lpi.usra.edu/lunar/samples/atlas/detail/?mission=Apollo%2017&sample=71046,da8b9b428b486e171f424ef4033390e6049313d164ef8f1c572d53b39deccffc,2026-10-04T09:28:30.420842+00:00,downloaded,Lunar Sample Catalog 71046 Description,http://curator.jsc.nasa.gov/lunar/catalogs/apollo17/v2/71046.pdf,catalog,
71047,Apollo 17,https://www.lpi.usra.edu/lunar/samples/atlas/detail/?mission=Apollo%2017&sample=71047,9cb3d8835a6787c99b3efbea6c9608908aa9562a6f70301112bbd7ac3c798a15,2026-10-04T09:28:31.067927+00:00,downloaded,Lunar Sample Catalog 71047 Description,http://curator.jsc.nasa.gov/lunar/catalogs/apollo17/v2/71047.pdf,catalog,
71048,Apollo 17,https://www.lpi.usra.edu/lunar/samples/atlas/detail/?mission=Apollo%2017&sample=71048,56263ad187b7622cffddbbe7d1df00d4e064c6fe36b7c3005857ce75d5ae8850,2026-10-04T09:28:31.719371+00:00,downloaded,Lunar Sample Catalog 71048 Description,http://curator.jsc.nasa.gov/lunar/catalogs/apollo17/v2/71048.pdf,catalog,
71049,Apollo 17,https://www.lpi.usra.edu/lunar/samples/atlas/detail/?mission=Apollo%2017&sample=71049,d4feee25f09443fe35ecef62710c04d97c26da0d392cc2898b98835f620907f8,2026-10-04T09:28:32.423299+00:00,downloaded,Lunar Sample Catalog 71049 Description,http://curator.jsc.nasa.gov/lunar/catalogs/apollo17/v2/71049.pdf,catalog,
71050,Apollo 17,https://www.lpi.usra.edu/lunar/samples/atlas/detail/?mission=Apollo%2017&sample=71050,1b1ecbb8386f6a03635aad07c41fed180c1a1c99727d7afa3d3deb80a11fa706,2026-10-04T09:28:33.079491+00:00,downloaded_no_pdf,,,,
71055,Apollo 17,https://www.lpi.usra.edu/lunar/samples/atlas/detail/?mission=Apollo%2017&sample=71055,536cb1166f3ee2e4394a5a6040be5b42bad3b4c46be5900b430d523735a4a561,2026-10-04T09:28:33.859186+00:00,downloaded,"Lunar Sample Compendium, 71035.pdf",https://www.lpi.usra.edu/lunar/samples/atlas/compendium/71035.pdf,compendium,
71055,Apollo 17,https://www.lpi.usra.edu/lunar/samples/atlas/detail/?mission=Apollo%2017&sample=71055,536cb1166f3ee2e4394a5a6040be5b42bad3b4c46be5900b430d523735a4a561,2026-10-04T09:28:33.859186+00:00,downloaded,Lunar Sample Catalog 71055 Description,http://curator.jsc.nasa.gov/lunar/catalogs/apollo17/v2/71055.pdf,catalog,
71060,Apollo 17,https://www.lpi.usra.edu/lunar/samples/atlas/detail/?mission=Apollo%2017&sample=71060,11383468e0b01b46fee4f984df89ea863e9a5baa39a959a8a2b655edea53dea1,2026-10-04T09:28:34.549377+00:00,downloaded_no_pdf,,,,
71061,Apollo 17,https://www.lpi.usra.edu/lunar/samples/atlas/detail/?mission=Apollo%2017&sample=71061,cc35720d211fbe976d989a35622727643468c39038329eca57de858b05026a25,2026-10-04T09:28:35.203863+00:00,downloaded,"Lunar Sample Compendium, 71041.pdf",https://www.lpi.usra.edu/lunar/samples/atlas/compendium/71041.pdf,compendium,
71062,Apollo 17,https://www.lpi.usra.edu/lunar/samples/atlas/detail/?mission=Apollo%2017&sample=71062,feb45f866a3eec75652d2a709c56f636393d989c6e7ef0eecfff6dffa59b00f9,2026-10-04T09:28:35.895882+00:00,downloaded_no_pdf,,,,
71063,Apollo 17,https://www.lpi.usra.edu/lunar/samples/atlas/detail/?mission=Apollo%2017&sample=71063,2f2aae5136f1eb8301ebf23078de3c0982795cb085af2e67ee7d994f02fb24e5,2026-10-04T09:28:36.559067+00:00,downloaded_no_pdf,,,,
71064,Apollo 17,https://www.lpi.usra.edu/lunar/samples/atlas/detail/?mission=Apollo%2017&sample=71064,a2072f2d2010ded3ad6b3d68f454f3710e161c49bda2dab32fc117c6e45e2c79,2026-10-04T09:28:37.347952+00:00,downloaded_no_pdf,,,,
71065,Apollo 17,https://www.lpi.usra.edu/lunar/samples/atlas/detail/?mission=Apollo%2017&sample=71065,a952cee68d877993c3f1686e2be4c7e9be3e03a4a38b56d4b1adde5059a392d3,2026-10-04T09:28:38.147638+00:00,downloaded,"Lunar Sample Compendium, 71065.pdf",https://www.lpi.usra.edu/lunar/samples/atlas/compendium/71065.pdf,compendium,
71065,Apollo 17,https://www.lpi.usra.edu/lunar/samples/atlas/detail/?mission=Apollo%2017&sample=71065,a952cee68d877993c3f1686e2be4c7e9be3e03a4a38b56d4b1adde5059a392d3,2026-10-04T09:28:38.147638+00:00,downloaded,Lunar Sample Catalog 71065 Description,http://curator.jsc.nasa.gov/lunar/catalogs/apollo17/v2/71065.pdf,catalog,
71066,Apollo 17,https://www.lpi.usra.edu/lunar/samples/atlas/detail/?mission=Apollo%2017&sample=71066,55c6cccd85212a8fe65d45ca9cc7ab0d3aeb2370864b618ff8037414f99d6ff6,2026-10-04T09:28:38.836551+00:00,downloaded,"Lunar Sample Compendium, 71065.pdf",https://www.lpi.usra.edu/lunar/samples/atlas/compendium/71065.pdf,compendium,
71066,Apollo 17,https://www.lpi.usra.edu/lunar/samples/atlas/detail/?mission=Apollo%2017&sample=71066,55c6cccd85212a8fe65d45ca9cc7ab0d3aeb2370864b618ff8037414f99d6ff6,2026-10-04T09:28:38.836551+00:00,downloaded,Lunar Sample Catalog 71066 Description,http://curator.jsc.nasa.gov/lunar/catalogs/apollo17/v2/71066.pdf,catalog,
71067,Apollo 17,https://www.lpi.usra.edu/lunar/samples/atlas/detail/?mission=Apollo%2017&sample=71067,a5f94776b6c39af7c623c502c960522e277868a8d26e9d4cfa6413d7d7f8cf9b,2026-10-04T09:28:39.534247+00:00,downloaded,Lunar Sample Catalog 71067 Description,http://curator.jsc.nasa.gov/lunar/catalogs/apollo17/v2/71067.pdf,catalog,
71068,Apollo 17,https://www.lpi.usra.edu/lunar/samples/atlas/detail/?mission=Apollo%2017&sample=71068,d167031d4dc06903981a47c06727a9d5ae017ba395d79111b06cd5dc402f264e,2026-10-04T09:28:40.306559+00:00,downloaded,Lunar Sample Catalog 71068 Description,http://curator.jsc.nasa.gov/lunar/catalogs/apollo17/v2/71068.pdf,catalog,
71069,Apollo 17,https://www.lpi.usra.edu/lunar/samples/atlas/detail/?mission=Apollo%2017&sample=71069,0de79870c226d9ff44ff2504261651ee6079cb58fea6d34ec37917819a027044,2026-10-04T09:28:40.954366+00:00,downloaded,"Lunar Sample Compendium, 71065.pdf",https://www.lpi.usra.edu/lunar/samples/atlas/compendium/71065.pdf,compendium,
71069,Apollo 17,https://www.lpi.usra.edu/lunar/samples/atlas/detail/?mission=Apollo%2017&sample=71069,0de79870c226d9ff44ff2504261651ee6079cb58fea6d34ec37917819a027044,2026-10-04T09:28:40.954366+00:00,downloaded,Lunar Sample Catalog 71069 Description,http://curator.jsc.nasa.gov/lunar/catalogs/apollo17/v2/71069.pdf,catalog,
71075,Apollo 17,https://www.lpi.usra.edu/lunar/samples/atlas/detail/?mission=Apollo%2017&sample=71075,075c0d3be048e681c45f450fcd274b2acf41b47bedc360396bd1f228791380bb,2026-10-04T09:28:41.607517+00:00,downloaded,Lunar Sample Catalog 71075 Description,http://curator.jsc.nasa.gov/lunar/catalogs/apollo17/v2/71075.pdf,catalog,
71085,Apollo 17,https://www.lpi.usra.edu/lunar/samples/atlas/detail/?mission=Apollo%2017&sample=71085,622f0a5dcf7bb02fce33f992c65ba16a1afbbcd290d7221a6a18305cbc43c09e,2026-10-04T09:28:42.264019+00:00,downloaded,Lunar Sample Catalog 71085 Description,http://curator.jsc.nasa.gov/lunar/catalogs/apollo17/v2/71085.pdf,catalog,
71086,Apollo 17,https://www.lpi.usra.edu/lunar/samples/atlas/detail/?mission=Apollo%2017&sample=71086,79c4fa82d02ad7ff5c46a0e0aec3fed5cf6841652270d618a4edfb70cc45cb24,2026-10-04T09:28:42.914063+00:00,downloaded,Lunar Sample Catalog 71086 Description,http://curator.jsc.nasa.gov/lunar/catalogs/apollo17/v2/71086.pdf,catalog,
71087,Apollo 17,https://www.lpi.usra.edu/lunar/samples/atlas/detail/?mission=Apollo%2017&sample=71087,474605ddbfa135bf74038ea94b728fd910c1aa90db75334969e97ae21ca15acc,2026-10-04T09:28:43.706993+00:00,downloaded,Lunar Sample Catalog 71087 Description,http://curator.jsc.nasa.gov/lunar/catalogs/apollo17/v2/71087.pdf,catalog,
71088,Apollo 17,https://www.lpi.usra.edu/lunar/samples/atlas/detail/?mission=Apollo%2017&sample=71088,fe6a20b30552cf382030b6c7202bde01d7d9037e79c8d296a13b5296347e2070,2026-10-04T09:28:44.389888+00:00,downloaded,Lunar Sample Catalog 71088 Description,http://curator.jsc.nasa.gov/lunar/catalogs/apollo17/v2/71088.pdf,catalog,
71089,Apollo 17,https://www.lpi.usra.edu/lunar/samples/atlas/detail/?mission=Apollo%2017&sample=71089,b3e05349351d8d644cce7b51a2a58d653092aec3febfb2b9daa2687d84c3ce5b,2026-10-04T09:28:45.190708+00:00,downloaded,Lunar Sample Catalog 71089 Description,http://curator.jsc.nasa.gov/lunar/catalogs/apollo17/v2/71089.pdf,catalog,
71090,Apollo 17,https://www.lpi.usra.edu/lunar/samples/atlas/detail/?mission=Apollo%2017&sample=71090,6f9320332c64b55caee49ff4d6d6a3d7dcf8e32dfefa9f16b55375cbb1d4a77f,2026-10-04T09:28:45.836345+00:00,downloaded_no_pdf,,,,
71091,Apollo 17,https://www.lpi.usra.edu/lunar/samples/atlas/detail/?mission=Apollo%2017&sample=71091,f6100b814fc637cfe8814b7de6e5482e132a901d35b4889b007ed00f7e8b585a,2026-10-04T09:28:46.609466+00:00,downloaded_no_pdf,,,,
71092,Apollo 17,https://www.lpi.usra.edu/lunar/samples/atlas/detail/?mission=Apollo%2017&sample=71092,efe3f8ae1bb82c2539b17473dd88e99f16f19bc933dee430daf2e9d93fd5a1dc,2026-10-04T09:28:47.252608+00:00,downloaded_no_pdf,,,,
71093,Apollo 17,https://www.lpi.usra.edu/lunar/samples/atlas/detail/?mission=Apollo%2017&sample=71093,afe8e0a5aadf69145233b00a69460289efab1ece01c534be5fe7bb7f3814fd90,2026-10-04T09:28:47.903448+00:00,downloaded_no_pdf,,,,
71094,Apollo 17,https://www.lpi.usra.edu/lunar/samples/atlas/detail/?mission=Apollo%2017&sample=71094,9a01cd454837e9a9cd9746e080be028df2e25e6a172375eef1d08239e2f12a76,2026-10-04T09:28:48.562765+00:00,downloaded_no_pdf,,,,
71095,Apollo 17,https://www.lpi.usra.edu/lunar/samples/atlas/detail/?mission=Apollo%2017&sample=71095,d26db4a8548163ca29b088e169dcf197825165dbc27fd106752d7ddcd4438eb4,2026-10-04T09:28:49.347858+00:00,downloaded,Lunar Sample Catalog 71095 Description,http://curator.jsc.nasa.gov/lunar/catalogs/apollo17/v2/71095.pdf,catalog,
71096,Apollo 17,https://www.lpi.usra.edu/lunar/samples/atlas/detail/?mission=Apollo%2017&sample=71096,4be01d35fa8a965b1099ab98deb4f8df8c392e0f27576690726c54e2b297f04b,2026-10-04T09:28:50.150783+00:00,downloaded,Lunar Sample Catalog 71096 Description,http://curator.jsc.nasa.gov/lunar/catalogs/apollo17/v2/71096.pdf,catalog,
71097,Apollo 17,https://www.lpi.usra.edu/lunar/samples/atlas/detail/?mission=Apollo%2017&sample=71097,73e914c4aa2808c93961cab2a6d65fa38ea13826e1988839346eccfc8cefb612,2026-10-04T09:28:50.942007+00:00,downloaded,Lunar Sample Catalog 71097 Description,http://curator.jsc.nasa.gov/lunar/catalogs/apollo17/v2/71097.pdf,catalog,
71130,Apollo 17,https://www.lpi.usra.edu/lunar/samples/atlas/detail/?mission=Apollo%2017&sample=71130,28793fdebee3ac07845f10bf2aca6cd14153fe17eb13fc5356909beb53129ca4,2026-10-04T09:28:51.584241+00:00,downloaded_no_pdf,,,,
71131,Apollo 17,https://www.lpi.usra.edu/lunar/samples/atlas/detail/?mission=Apollo%2017&sample=71131,80e8d92bb3eedf9d5cab0cbe1079f5e4216acb7bb1abd1900d168219eb91a18a,2026-10-04T09:28:52.361087+00:00,downloaded,"Lunar Sample Compendium, 71131.pdf",https://www.lpi.usra.edu/lunar/samples/atlas/compendium/71131.pdf,compendium,
71135,Apollo 17,https://www.lpi.usra.edu/lunar/samples/atlas/detail/?mission=Apollo%2017&sample=71135,f97d1fc808a040ca1cdbf3f69deca43a9456af8e3042cfaeae5cf577ca88b28b,2026-10-04T09:28:53.014093+00:00,downloaded,"Lunar Sample Compendium, 71135.pdf",https://www.lpi.usra.edu/lunar/samples/atlas/compendium/71135.pdf,compendium,
71135,Apollo 17,https://www.lpi.usra.edu/lunar/samples/atlas/detail/?mission=Apollo%2017&sample=71135,f97d1fc808a040ca1cdbf3f69deca43a9456af8e3042cfaeae5cf577ca88b28b,2026-10-04T09:28:53.014093+00:00,downloaded,Lunar Sample Catalog 71135 Description,http://curator.jsc.nasa.gov/lunar/catalogs/apollo17/v2/71135.pdf,catalog,
71136,Apollo 17,https://www.lpi.usra.edu/lunar/samples/atlas/detail/?mission=Apollo%2017&sample=71136,170834f638bd2ae848b2cb7f162707e3d84094ad1ba969cc565ce3c1cf47ab71,2026-10-04T09:28:53.709844+00:00,downloaded,"Lunar Sample Compendium, 71135.pdf",https://www.lpi.usra.edu/lunar/samples/atlas/compendium/71135.pdf,compendium,
71136,Apollo 17,https://www.lpi.usra.edu/lunar/samples/atlas/detail/?mission=Apollo%2017&sample=71136,170834f638bd2ae848b2cb7f162707e3d84094ad1ba969cc565ce3c1cf47ab71,2026-10-04T09:28:53.709844+00:00,downloaded,Lunar Sample Catalog 71136 Description,http://curator.jsc.nasa.gov/lunar/catalogs/apollo17/v2/71136.pdf,catalog,
71150,Apollo 17,https://www.lpi.usra.edu/lunar/samples/atlas/detail/?mission=Apollo%2017&sample=71150,ff62710bb66d37552688652fc945a8b68708899b73967c8ada11b6ad7cec223f,2026-10-04T09:28:54.531892+00:00,downloaded_no_pdf,,,,
71155,Apollo 17,https://www.lpi.usra.edu/lunar/samples/atlas/detail/?mission=Apollo%2017&sample=71155,a3322fd670bf1ab9e407e4fbd7dbb86f25e7e093920a4ab7f6b1db0bcd77623f,2026-10-04T09:28:55.196386+00:00,downloaded,"Lunar Sample Compendium, 71155.pdf",https://www.lpi.usra.edu/lunar/samples/atlas/compendium/71155.pdf,compendium,
71155,Apollo 17,https://www.lpi.usra.edu/lunar/samples/atlas/detail/?mission=Apollo%2017&sample=71155,a3322fd670bf1ab9e407e4fbd7dbb86f25e7e093920a4ab7f6b1db0bcd77623f,2026-10-04T09:28:55.196386+00:00,downloaded,Lunar Sample Catalog 71155 Description,http://curator.jsc.nasa.gov/lunar/catalogs/apollo17/v2/71155.pdf,catalog,
71156,Apollo 17,https://www.lpi.usra.edu/lunar/samples/atlas/detail/?mission=Apollo%2017&sample=71156,86e3f5029ddd773efb6fa60c85f8d1fb704a452d056891aa357fd982f885e1ab,2026-10-04T09:28:56.006058+00:00,downloaded,Lunar Sample Catalog 71156 Description,http://curator.jsc.nasa.gov/lunar/catalogs/apollo17/v2/71156.pdf,catalog,
71157,Apollo 17,https://www.lpi.usra.edu/lunar/samples/atlas/detail/?mission=Apollo%2017&sample=71157,b59b226489436ed5acfa6f71399e9fea09505ac3c5a79a1ad7c07518d2b0948f,2026-10-04T09:28:56.831180+00:00,downloaded,Lunar Sample Catalog 71157 Description,http://curator.jsc.nasa.gov/lunar/catalogs/apollo17/v2/71157.pdf,catalog,
71170,Apollo 17,https://www.lpi.usra.edu/lunar/samples/atlas/detail/?mission=Apollo%2017&sample=71170,3077964ba6664c3ff5647a4a4967c621025d3ded986982595c9ed3b2921e2696,2026-10-04T09:28:57.489986+00:00,downloaded_no_pdf,,,,
71175,Apollo 17,https://www.lpi.usra.edu/lunar/samples/atlas/detail/?mission=Apollo%2017&sample=71175,91e78230d8b1ba563b33daaaafa18f9492c4ba63d4bca190f35b00019a10fbdd,2026-10-04T09:28:58.166848+00:00,downloaded,"Lunar Sample Compendium, 71175.pdf",https://www.lpi.usra.edu/lunar/samples/atlas/compendium/71175.pdf,compendium,
71500,Apollo 17,https://www.lpi.usra.edu/lunar/samples/atlas/detail/?mission=Apollo%2017&sample=71500,b08b3f9b8df1449c836ce590f134bc23ad8dd811003c2f9fa630d6dcdbce4005,2026-10-04T09:28:58.856485+00:00,downloaded_no_pdf,,,,
71501,Apollo 17,https://www.lpi.usra.edu/lunar/samples/atlas/detail/?mission=Apollo%2017&sample=71501,d2bdadc1bcfc6d16c929c7b778eec7602194222d26c43b0f58089647ed8138ce,2026-10-04T09:28:59.624556+00:00,downloaded,"Lunar Sample Compendium, 71500.pdf",https://www.lpi.usra.edu/lunar/samples/atlas/compendium/71500.pdf,compendium,
71502,Apollo 17,https://www.lpi.usra.edu/lunar/samples/atlas/detail/?mission=Apollo%2017&sample=71502,c3933abc0caedb988fc41f35b7c66409062f09750548ed19d68aa9f3caeeaf2d,2026-10-04T09:29:00.307341+00:00,downloaded_no_pdf,,,,
71503,Apollo 17,https://www.lpi.usra.edu/lunar/samples/atlas/detail/?mission=Apollo%2017&sample=71503,653468048ab227f9764567cafb83b5b433352b77c14f1285e21eba0fbb75aadd,2026-10-04T09:29:00.968047+00:00,downloaded_no_pdf,,,,
71504,Apollo 17,https://www.lpi.usra.edu/lunar/samples/atlas/detail/?mission=Apollo%2017&sample=71504,6385fd86af299cef6264ad5cc57c8cf8b2782f0e3b746717fa8490994cd1a1ec,2026-10-04T09:29:01.762798+00:00,downloaded_no_pdf,,,,
71505,Apollo 17,https://www.lpi.usra.edu/lunar/samples/atlas/detail/?mission=Apollo%2017&sample=71505,5c6324f2d90ec94a60fdb877bca13e8cf5faba6f8119a5ba3ebe84139d7981b1,2026-10-04T09:29:02.551492+00:00,downloaded,"Lunar Sample Compendium, 71505.pdf",https://www.lpi.usra.edu/lunar/samples/atlas/compendium/71505.pdf,compendium,
71505,Apollo 17,https://www.lpi.usra.edu/lunar/samples/atlas/detail/?mission=Apollo%2017&sample=71505,5c6324f2d90ec94a60fdb877bca13e8cf5faba6f8119a5ba3ebe84139d7981b1,2026-10-04T09:29:02.551492+00:00,downloaded,Lunar Sample Catalog 71505 Description,http://curator.jsc.nasa.gov/lunar/catalogs/apollo17/v2/71505.pdf,catalog,
71506,Apollo 17,https://www.lpi.usra.edu/lunar/samples/atlas/detail/?mission=Apollo%2017&sample=71506,cbf6fe3fd8fa985eb1a681775b45248a4d41c5684ddaa4646fcbc27c46a501a8,2026-10-04T09:29:03.388464+00:00,downloaded,Lunar Sample Catalog 71506 Description,http://curator.jsc.nasa.gov/lunar/catalogs/apollo17/v2/71506.pdf,catalog,
71507,Apollo 17,https://www.lpi.usra.edu/lunar/samples/atlas/detail/?mission=Apollo%2017&sample=71507,39e7255fc782a9c48d8543f737347961244e129fc376d6955884eed33bccce86,2026-10-04T09:29:04.076919+00:00,downloaded,Lunar Sample Catalog 71507 Description,http://curator.jsc.nasa.gov/lunar/catalogs/apollo17/v2/71507.pdf,catalog,
71508,Apollo 17,https://www.lpi.usra.edu/lunar/samples/atlas/detail/?mission=Apollo%2017&sample=71508,fd7e4833d2973809ec3aff7aa4a68ce6d086b09122524889185ddd28b33d382b,2026-10-04T09:29:04.762925+00:00,downloaded,Lunar Sample Catalog 71508 Description,http://curator.jsc.nasa.gov/lunar/catalogs/apollo17/v2/71508.pdf,catalog,
71509,Apollo 17,https://www.lpi.usra.edu/lunar/samples/atlas/detail/?mission=Apollo%2017&sample=71509,5ae1640482fbe50a041f41251ea7eaa6db0e67a74a2e7a766ad630fe5c0a1e90,2026-10-04T09:29:05.389085+00:00,downloaded,"Lunar Sample Compendium, 71556.pdf",https://www.lpi.usra.edu/lunar/samples/atlas/compendium/71556.pdf,compendium,
71509,Apollo 17,https://www.lpi.usra.edu/lunar/samples/atlas/detail/?mission=Apollo%2017&sample=71509,5ae1640482fbe50a041f41251ea7eaa6db0e67a74a2e7a766ad630fe5c0a1e90,2026-10-04T09:29:05.389085+00:00,downloaded,"Lunar Sample Compendium, 71566.pdf",https://www.lpi.usra.edu/lunar/samples/atlas/compendium/71566.pdf,compendium,
71509,Apollo 17,https://www.lpi.usra.edu/lunar/samples/atlas/detail/?mission=Apollo%2017&sample=71509,5ae1640482fbe50a041f41251ea7eaa6db0e67a74a2e7a766ad630fe5c0a1e90,2026-10-04T09:29:05.389085+00:00,downloaded,Lunar Sample Catalog 71509 Description,http://curator.jsc.nasa.gov/lunar/catalogs/apollo17/v2/71509.pdf,catalog,
71515,Apollo 17,https://www.lpi.usra.edu/lunar/samples/atlas/detail/?mission=Apollo%2017&sample=71515,8601f7a37afb6a04433af5a5b5c2c7df5eb7191a100a92f00010bbfcf345c5b3,2026-10-04T09:29:06.090787+00:00,downloaded,Lunar Sample Catalog 71515 Description,http://curator.jsc.nasa.gov/lunar/catalogs/apollo17/v2/71515.pdf,catalog,
71520,Apollo 17,https://www.lpi.usra.edu/lunar/samples/atlas/detail/?mission=Apollo%2017&sample=71520,e460aa7209a50038cd537499fc2ffdf29b59dd5555d3cd4031c8614aead98959,2026-10-04T09:29:06.784511+00:00,downloaded,"Lunar Sample Compendium, 71500.pdf",https://www.lpi.usra.edu/lunar/samples/atlas/compendium/71500.pdf,compendium,
71521,Apollo 17,https://www.lpi.usra.edu/lunar/samples/atlas/detail/?mission=Apollo%2017&sample=71521,23303f430ddbecee99621fe9d1d3e30a59c988647bafe0f8c3db14ffd41af84b,2026-10-04T09:29:07.435438+00:00,downloaded_no_pdf,,,,
71522,Apollo 17,https://www.lpi.usra.edu/lunar/samples/atlas/detail/?mission=Apollo%2017&sample=71522,cd479eed70762e8eb6dead4dc6e6bade821890fa923bcba73fa7b4a3b51b3d2b,2026-10-04T09:29:08.091261+00:00,downloaded_no_pdf,,,,
71523,Apollo 17,https://www.lpi.usra.edu/lunar/samples/atlas/detail/?mission=Apollo%2017&sample=71523,f28f11e8fe0388f8e5385e4cf78064dd4fea6e020a62d23b0931b0086ea63dfc,2026-10-04T09:29:08.860306+00:00,downloaded_no_pdf,,,,
71524,Apollo 17,https://www.lpi.usra.edu/lunar/samples/atlas/detail/?mission=Apollo%2017&sample=71524,4dc061de5907a4e74f17891370b30d9d3c7619dd5d9e84131185eaa932aeec91,2026-10-04T09:29:09.511782+00:00,downloaded_no_pdf,,,,
71525,Apollo 17,https://www.lpi.usra.edu/lunar/samples/atlas/detail/?mission=Apollo%2017&sample=71525,1e6ffe7ff92ff71faf52ffed09c54bf44fb8621de121e1c503e28f0f6e1c260a,2026-10-04T09:29:10.183255+00:00,downloaded,"Lunar Sample Compendium, 71587.pdf",https://www.lpi.usra.edu/lunar/samples/atlas/compendium/71587.pdf,compendium,
71525,Apollo 17,https://www.lpi.usra.edu/lunar/samples/atlas/detail/?mission=Apollo%2017&sample=71525,1e6ffe7ff92ff71faf52ffed09c54bf44fb8621de121e1c503e28f0f6e1c260a,2026-10-04T09:29:10.183255+00:00,downloaded,Lunar Sample Catalog 71525 Description,http://curator.jsc.nasa.gov/lunar/catalogs/apollo17/v2/71525.pdf,catalog,
71526,Apollo 17,https://www.lpi.usra.edu/lunar/samples/atlas/detail/?mission=Apollo%2017&sample=71526,76c7572e04c411cbc5e24e46452c56beffe3e1f46aa1d4657c6ce8b64190669d,2026-10-04T09:29:10.861022+00:00,downloaded,Lunar Sample Catalog 71526 Description,http://curator.jsc.nasa.gov/lunar/catalogs/apollo17/v2/71526.pdf,catalog,
71527,Apollo 17,https://www.lpi.usra.edu/lunar/samples/atlas/detail/?mission=Apollo%2017&sample=71527,db432c25b655f35658c6bba1ffdcfe183aa63742233f0d233323238006f064f9,2026-10-04T09:29:11.649767+00:00,downloaded,"Lunar Sample Compendium, 78599.pdf",https://www.lpi.usra.edu/lunar/samples/atlas/compendium/78599.pdf,compendium,
71527,Apollo 17,https://www.lpi.usra.edu/lunar/samples/atlas/detail/?mission=Apollo%2017&sample=71527,db432c25b655f35658c6bba1ffdcfe183aa63742233f0d233323238006f064f9,2026-10-04T09:29:11.649767+00:00,downloaded,Lunar Sample Catalog 71527 Description,http://curator.jsc.nasa.gov/lunar/catalogs/apollo17/v2/71527.pdf,catalog,
71528,Apollo 17,https://www.lpi.usra.edu/lunar/samples/atlas/detail/?mission=Apollo%2017&sample=71528,149ca505c50ba5dbec18cdc40abecbce7a00f1fa62d0de176c44efd30905abd8,2026-10-04T09:29:12.457455+00:00,downloaded,Lunar Sample Catalog 71528 Description,http://curator.jsc.nasa.gov/lunar/catalogs/apollo17/v2/71528.pdf,catalog,
71529,Apollo 17,https://www.lpi.usra.edu/lunar/samples/atlas/detail/?mission=Apollo%2017&sample=71529,dba34a08d2ca95c3aee7762e4800424c7d846e2f46fd627280ada5ac74aea86b,2026-10-04T09:29:13.128828+00:00,downloaded,Lunar Sample Catalog 71529 Description,http://curator.jsc.nasa.gov/lunar/catalogs/apollo17/v2/71529.pdf,catalog,
71530,Apollo 17,https://www.lpi.usra.edu/lunar/samples/atlas/detail/?mission=Apollo%2017&sample=71530,94778449d0e21a02dd3c686d35085f47f1e40a33bf123f58b0ba60da20ff93a4,2026-10-04T09:29:13.787316+00:00,downloaded_no_pdf,,,,
71531,Apollo 17,https://www.lpi.usra.edu/lunar/samples/atlas/detail/?mission=Apollo%2017&sample=71531,ed1a4edd7ca450f0fcd01516f8738b250df3905d761d6583c7918b8bbcdac658,2026-10-04T09:29:14.446387+00:00,downloaded_no_pdf,,,,
71532,Apollo 17,https://www.lpi.usra.edu/lunar/samples/atlas/detail/?mission=Apollo%2017&sample=71532,f94732e7665dfae60d9d72d3ba478c8e4826b877170b45122f5967777d6ef851,2026-10-04T09:29:15.232127+00:00,downloaded_no_pdf,,,,
71533,Apollo 17,https://www.lpi.usra.edu/lunar/samples/atlas/detail/?mission=Apollo%2017&sample=71533,fb386987fff1389f9627782e72a42dea6dbec3113d4db3f9aba6a91786bc756c,2026-10-04T09:29:16.026456+00:00,downloaded_no_pdf,,,,
71534,Apollo 17,https://www.lpi.usra.edu/lunar/samples/atlas/detail/?mission=Apollo%2017&sample=71534,d68ce23959d9cd3ae84e56feb72e12ced21a7dd042ca5785ba1e7c23d9a35930,2026-10-04T09:29:16.679010+00:00,downloaded_no_pdf,,,,
71535,Apollo 17,https://www.lpi.usra.edu/lunar/samples/atlas/detail/?mission=Apollo%2017&sample=71535,f15de7cb53ed007d20244ff1c4c624dcba64c381d0843de2c29d05655776165c,2026-10-04T09:29:17.330843+00:00,downloaded,"Lunar Sample Compendium, 71548.pdf",https://www.lpi.usra.edu/lunar/samples/atlas/compendium/71548.pdf,compendium,
71535,Apollo 17,https://www.lpi.usra.edu/lunar/samples/atlas/detail/?mission=Apollo%2017&sample=71535,f15de7cb53ed007d20244ff1c4c624dcba64c381d0843de2c29d05655776165c,2026-10-04T09:29:17.330843+00:00,downloaded,Lunar Sample Catalog 71535 Description,http://curator.jsc.nasa.gov/lunar/catalogs/apollo17/v2/71535.pdf,catalog,
71536,Apollo 17,https://www.lpi.usra.edu/lunar/samples/atlas/detail/?mission=Apollo%2017&sample=71536,f4269717b40f9b651b9919c3f8a5cc575717fe14c63312f15d6de76af78cebb0,2026-10-04T09:29:18.040053+00:00,downloaded,"Lunar Sample Compendium, 71559.pdf",https://www.lpi.usra.edu/lunar/samples/atlas/compendium/71559.pdf,compendium,
71536,Apollo 17,https://www.lpi.usra.edu/lunar/samples/atlas/detail/?mission=Apollo%2017&sample=71536,f4269717b40f9b651b9919c3f8a5cc575717fe14c63312f15d6de76af78cebb0,2026-10-04T09:29:18.040053+00:00,downloaded,Lunar Sample Catalog 71536 Description,http://curator.jsc.nasa.gov/lunar/catalogs/apollo17/v2/71536.pdf,catalog,
71537,Apollo 17,https://www.lpi.usra.edu/lunar/samples/atlas/detail/?mission=Apollo%2017&sample=71537,8e9dfef6bdf4586890a774a2847c9375a37f1afb61eb3fe93415399002243313,2026-10-04T09:29:18.696944+00:00,downloaded,"Lunar Sample Compendium, 71586.pdf",https://www.lpi.usra.edu/lunar/samples/atlas/compendium/71586.pdf,compendium,
71537,Apollo 17,https://www.lpi.usra.edu/lunar/samples/atlas/detail/?mission=Apollo%2017&sample=71537,8e9dfef6bdf4586890a774a2847c9375a37f1afb61eb3fe93415399002243313,2026-10-04T09:29:18.696944+00:00,downloaded,"Lunar Sample Compendium, 71596.pdf",https://www.lpi.usra.edu/lunar/samples/atlas/compendium/71596.pdf,compendium,
71537,Apollo 17,https://www.lpi.usra.edu/lunar/samples/atlas/detail/?mission=Apollo%2017&sample=71537,8e9dfef6bdf4586890a774a2847c9375a37f1afb61eb3fe93415399002243313,2026-10-04T09:29:18.696944+00:00,downloaded,Lunar Sample Catalog 71537 Description,http://curator.jsc.nasa.gov/lunar/catalogs/apollo17/v2/71537.pdf,catalog,
71538,Apollo 17,https://www.lpi.usra.edu/lunar/samples/atlas/detail/?mission=Apollo%2017&sample=71538,d345d46d6cc86fdfc3bf7bf5da2d76759bf41d0154695f7f36ae143916391e7c,2026-10-04T09:29:19.383488+00:00,downloaded,Lunar Sample Catalog 71538 Description,http://curator.jsc.nasa.gov/lunar/catalogs/apollo17/v2/71538.pdf,catalog,
71539,Apollo 17,https://www.lpi.usra.edu/lunar/samples/atlas/detail/?mission=Apollo%2017&sample=71539,d108a0b34c272d92380986baa4de3418bd131c37d9cbc81f45f889fc2ee30ae2,2026-10-04T09:29:20.038842+00:00,downloaded,"Lunar Sample Compendium, 71559.pdf",https://www.lpi.usra.edu/lunar/samples/atlas/compendium/71559.pdf,compendium,
71539,Apollo 17,https://www.lpi.usra.edu/lunar/samples/atlas/detail/?mission=Apollo%2017&sample=71539,d108a0b34c272d92380986baa4de3418bd131c37d9cbc81f45f889fc2ee30ae2,2026-10-04T09:29:20.038842+00:00,downloaded,Lunar Sample Catalog 71539 Description,http://curator.jsc.nasa.gov/lunar/catalogs/apollo17/v2/71539.pdf,catalog,
71540,Apollo 17,https://www.lpi.usra.edu/lunar/samples/atlas/detail/?mission=Apollo%2017&sample=71540,9710ec7fa655568253d13636e541a9647edc71b71590f1924f5167e890de90cd,2026-10-04T09:29:20.838651+00:00,downloaded_no_pdf,,,,
71541,Apollo 17,https://www.lpi.usra.edu/lunar/samples/atlas/detail/?mission=Apollo%2017&sample=71541,999b92a90ff64ef15e34094a5e0a1ae81ebf8129b142cc6442be91a7c7003d08,2026-10-04T09:29:21.658031+00:00,downloaded_no_pdf,,,,
71542,Apollo 17,https://www.lpi.usra.edu/lunar/samples/atlas/detail/?mission=Apollo%2017&sample=71542,1ce8b1590ee554b26b68ed0eabaafe956d39865812a82f0fedbc79d4c3678609,2026-10-04T09:29:22.310514+00:00,downloaded_no_pdf,,,,
71543,Apollo 17,https://www.lpi.usra.edu/lunar/samples/atlas/detail/?mission=Apollo%2017&sample=71543,a9408095f599acd9562133bc5d1dd19a66edd42420691315a2bbd336dd2d2ca9,2026-10-04T09:29:23.100720+00:00,downloaded_no_pdf,,,,
71544,Apollo 17,https://www.lpi.usra.edu/lunar/samples/atlas/detail/?mission=Apollo%2017&sample=71544,3282a032b97f64b8303b991c75aa70ceabcb286dbdd3a0db003056263b3a84ae,2026-10-04T09:29:23.900058+00:00,downloaded_no_pdf,,,,
71545,Apollo 17,https://www.lpi.usra.edu/lunar/samples/atlas/detail/?mission=Apollo%2017&sample=71545,deea2f3e00e053a8d30a1e97d2f24f14382b519675b7946748eefffcf2cf81ad,2026-10-04T09:29:24.688109+00:00,downloaded,Lunar Sample Catalog 71545 Description,http://curator.jsc.nasa.gov/lunar/catalogs/apollo17/v2/71545.pdf,catalog,
71546,Apollo 17,https://www.lpi.usra.edu/lunar/samples/atlas/detail/?mission=Apollo%2017&sample=71546,2b424a89cfa2edf179e6d4569730771fc472a0849e01feb8d227d837191e4d82,2026-10-04T09:29:25.379211+00:00,downloaded,"Lunar Sample Compendium, 71546.pdf",https://www.lpi.usra.edu/lunar/samples/atlas/compendium/71546.pdf,compendium,
71546,Apollo 17,https://www.lpi.usra.edu/lunar/samples/atlas/detail/?mission=Apollo%2017&sample=71546,2b424a89cfa2edf179e6d4569730771fc472a0849e01feb8d227d837191e4d82,2026-10-04T09:29:25.379211+00:00,downloaded,Lunar Sample Catalog 71546 Description,http://curator.jsc.nasa.gov/lunar/catalogs/apollo17/v2/71546.pdf,catalog,
71547,Apollo 17,https://www.lpi.usra.edu/lunar/samples/atlas/detail/?mission=Apollo%2017&sample=71547,295bcd311426e12bde1223feadc713ff5dc1d2c1002c25501dab8a94314ea536,2026-10-04T09:29:26.099291+00:00,downloaded,Lunar Sample Catalog 71547 Description,http://curator.jsc.nasa.gov/lunar/catalogs/apollo17/v2/71547.pdf,catalog,
71548,Apollo 17,https://www.lpi.usra.edu/lunar/samples/atlas/detail/?mission=Apollo%2017&sample=71548,38d2a3dd8e4033e0808f11cd2a161253fa4efb968afa0c765df30f5c1de54095,2026-10-04T09:29:26.905395+00:00,downloaded,"Lunar Sample Compendium, 71548.pdf",https://www.lpi.usra.edu/lunar/samples/atlas/compendium/71548.pdf,compendium,
71548,Apollo 17,https://www.lpi.usra.edu/lunar/samples/atlas/detail/?mission=Apollo%2017&sample=71548,38d2a3dd8e4033e0808f11cd2a161253fa4efb968afa0c765df30f5c1de54095,2026-10-04T09:29:26.905395+00:00,downloaded,Lunar Sample Catalog 71548 Description,http://curator.jsc.nasa.gov/lunar/catalogs/apollo17/v2/71548.pdf,catalog,
71549,Apollo 17,https://www.lpi.usra.edu/lunar/samples/atlas/detail/?mission=Apollo%2017&sample=71549,c239711bfa0b996a9376b52ac19cc9a3b3d014e59ada1e7ff3d8d23c1632b172,2026-10-04T09:29:27.721337+00:00,downloaded,"Lunar Sample Compendium, 71556.pdf",https://www.lpi.usra.edu/lunar/samples/atlas/compendium/71556.pdf,compendium,
71549,Apollo 17,https://www.lpi.usra.edu/lunar/samples/atlas/detail/?mission=Apollo%2017&sample=71549,c239711bfa0b996a9376b52ac19cc9a3b3d014e59ada1e7ff3d8d23c1632b172,2026-10-04T09:29:27.721337+00:00,downloaded,Lunar Sample Catalog 71549 Description,http://curator.jsc.nasa.gov/lunar/catalogs/apollo17/v2/71549.pdf,catalog,
71550,Apollo 17,https://www.lpi.usra.edu/lunar/samples/atlas/detail/?mission=Apollo%2017&sample=71550,5c1e9396de2532d1dfe33d9105e2e391c5adb42e3ea6ad37b425ee3e317ea7f0,2026-10-04T09:29:28.371901+00:00,downloaded_no_pdf,,,,
71551,Apollo 17,https://www.lpi.usra.edu/lunar/samples/atlas/detail/?mission=Apollo%2017&sample=71551,44cb92fe6c4d290621c4d26a8493f8eb4bbdbd632091cfa8a80c12778429864d,2026-10-04T09:29:29.033491+00:00,downloaded_no_pdf,,,,
71552,Apollo 17,https://www.lpi.usra.edu/lunar/samples/atlas/detail/?mission=Apollo%2017&sample=71552,d98c8a04fbc0a386533fefe93b2d309e5f585b3f8dc3c482e5a370aba041fab1,2026-10-04T09:29:29.823016+00:00,downloaded_no_pdf,,,,
71553,Apollo 17,https://www.lpi.usra.edu/lunar/samples/atlas/detail/?mission=Apollo%2017&sample=71553,8cdc0ee3a85feb649b4fc6c4de349fedda1b380fc37768cf4e778ff4791f519a,2026-10-04T09:29:30.468526+00:00,downloaded_no_pdf,,,,
71554,Apollo 17,https://www.lpi.usra.edu/lunar/samples/atlas/detail/?mission=Apollo%2017&sample=71554,28f0cd38564c85b3f6f988f35810562a88da6e852e46e68ccdc69edaa230f25e,2026-10-04T09:29:31.252186+00:00,downloaded_no_pdf,,,,
71555,Apollo 17,https://www.lpi.usra.edu/lunar/samples/atlas/detail/?mission=Apollo%2017&sample=71555,465dcbbd5e6e92cd13d74224d6e739fd8854e3d8ee807f00c81c744624b81d26,2026-10-04T09:29:31.898303+00:00,downloaded,"Lunar Sample Compendium, 71546.pdf",https://www.lpi.usra.edu/lunar/samples/atlas/compendium/71546.pdf,compendium,
71555,Apollo 17,https://www.lpi.usra.edu/lunar/samples/atlas/detail/?mission=Apollo%2017&sample=71555,465dcbbd5e6e92cd13d74224d6e739fd8854e3d8ee807f00c81c744624b81d26,2026-10-04T09:29:31.898303+00:00,downloaded,Lunar Sample Catalog 71555 Description,http://curator.jsc.nasa.gov/lunar/catalogs/apollo17/v2/71555.pdf,catalog,
71556,Apollo 17,https://www.lpi.usra.edu/lunar/samples/atlas/detail/?mission=Apollo%2017&sample=71556,e3c729e2ba68d318368cbf25358efea4f33873c1bc64963b073ac44f88d0d052,2026-10-04T09:29:32.573488+00:00,downloaded,"Lunar Sample Compendium, 71556.pdf",https://www.lpi.usra.edu/lunar/samples/atlas/compendium/71556.pdf,compendium,
71556,Apollo 17,https://www.lpi.usra.edu/lunar/samples/atlas/detail/?mission=Apollo%2017&sample=71556,e3c729e2ba68d318368cbf25358efea4f33873c1bc64963b073ac44f88d0d052,2026-10-04T09:29:32.573488+00:00,downloaded,Lunar Sample Catalog 71556 Description,http://curator.jsc.nasa.gov/lunar/catalogs/apollo17/v2/71556.pdf,catalog,
71557,Apollo 17,https://www.lpi.usra.edu/lunar/samples/atlas/detail/?mission=Apollo%2017&sample=71557,410d33bf732cb1ddc05893ffeb052abd665bf19308473c50f3f49703cdb4cff8,2026-10-04T09:29:33.285257+00:00,downloaded,"Lunar Sample Compendium, 71556.pdf",https://www.lpi.usra.edu/lunar/samples/atlas/compendium/71556.pdf,compendium,
71557,Apollo 17,https://www.lpi.usra.edu/lunar/samples/atlas/detail/?mission=Apollo%2017&sample=71557,410d33bf732cb1ddc05893ffeb052abd665bf19308473c50f3f49703cdb4cff8,2026-10-04T09:29:33.285257+00:00,downloaded,Lunar Sample Catalog 71557 Description,http://curator.jsc.nasa.gov/lunar/catalogs/apollo17/v2/71557.pdf,catalog,
71558,Apollo 17,https://www.lpi.usra.edu/lunar/samples/atlas/detail/?mission=Apollo%2017&sample=71558,e59b9930b1aa988418a11e1cd8a9f9038ac24cde47e094b8e553c7592193982b,2026-10-04T09:29:33.989396+00:00,downloaded,Lunar Sample Catalog 71558 Description,http://curator.jsc.nasa.gov/lunar/catalogs/apollo17/v2/71558.pdf,catalog,
71559,Apollo 17,https://www.lpi.usra.edu/lunar/samples/atlas/detail/?mission=Apollo%2017&sample=71559,534118e8d73240e95b762ba37a077a6483033ebb3c7161d683b6f28cc6c2a2e3,2026-10-04T09:29:34.812063+00:00,downloaded,"Lunar Sample Compendium, 71559.pdf",https://www.lpi.usra.edu/lunar/samples/atlas/compendium/71559.pdf,compendium,
71559,Apollo 17,https://www.lpi.usra.edu/lunar/samples/atlas/detail/?mission=Apollo%2017&sample=71559,534118e8d73240e95b762ba37a077a6483033ebb3c7161d683b6f28cc6c2a2e3,2026-10-04T09:29:34.812063+00:00,downloaded,Lunar Sample Catalog 71559 Description,http://curator.jsc.nasa.gov/lunar/catalogs/apollo17/v2/71559.pdf,catalog,
71560,Apollo 17,https://www.lpi.usra.edu/lunar/samples/atlas/detail/?mission=Apollo%2017&sample=71560,37b951f70b5bde12dcadc2fa4e08b58ccf263241cfe7f8c8e72476715f6e080b,2026-10-04T09:29:35.501393+00:00,downloaded_no_pdf,,,,
71561,Apollo 17,https://www.lpi.usra.edu/lunar/samples/atlas/detail/?mission=Apollo%2017&sample=71561,3a9a023de4bc5198edf30c2d4124b0b89d21531b7343651d720f45cb6ebcbfe6,2026-10-04T09:29:36.168551+00:00,downloaded_no_pdf,,,,
71562,Apollo 17,https://www.lpi.usra.edu/lunar/samples/atlas/detail/?mission=Apollo%2017&sample=71562,b6af51a1145127ca123041665b42d96a969e0fcffc30620a1b078d74e1eb4827,2026-10-04T09:29:36.837128+00:00,downloaded_no_pdf,,,,
71563,Apollo 17,https://www.lpi.usra.edu/lunar/samples/atlas/detail/?mission=Apollo%2017&sample=71563,ee969fe2b5da5e6877ccef7539d0e54924521bf23a94b8d8c24f897b5a79ef1c,2026-10-04T09:29:37.622803+00:00,downloaded_no_pdf,,,,
71564,Apollo 17,https://www.lpi.usra.edu/lunar/samples/atlas/detail/?mission=Apollo%2017&sample=71564,6723f4fcb3c5052871cec24e32b87b28c336c23a5fc394326cc00980c0709d5b,2026-10-04T09:29:38.293084+00:00,downloaded_no_pdf,,,,
71565,Apollo 17,https://www.lpi.usra.edu/lunar/samples/atlas/detail/?mission=Apollo%2017&sample=71565,428994192a9bbdf7c373e72c0a72d4933c9f9aa2ebde59c2cd5855acb40aea2c,2026-10-04T09:29:39.095620+00:00,downloaded,"Lunar Sample Compendium, 71566.pdf",https://www.lpi.usra.edu/lunar/samples/atlas/compendium/71566.pdf,compendium,
71565,Apollo 17,https://www.lpi.usra.edu/lunar/samples/atlas/detail/?mission=Apollo%2017&sample=71565,428994192a9bbdf7c373e72c0a72d4933c9f9aa2ebde59c2cd5855acb40aea2c,2026-10-04T09:29:39.095620+00:00,downloaded,Lunar Sample Catalog 71565 Description,http://curator.jsc.nasa.gov/lunar/catalogs/apollo17/v2/71565.pdf,catalog,
71566,Apollo 17,https://www.lpi.usra.edu/lunar/samples/atlas/detail/?mission=Apollo%2017&sample=71566,6e62b6e99c5d74787edf62a43373d92c935f91be9156da48e63e95fd79f81635,2026-10-04T09:29:39.909944+00:00,downloaded,"Lunar Sample Compendium, 71566.pdf",https://www.lpi.usra.edu/lunar/samples/atlas/compendium/71566.pdf,compendium,
71566,Apollo 17,https://www.lpi.usra.edu/lunar/samples/atlas/detail/?mission=Apollo%2017&sample=71566,6e62b6e99c5d74787edf62a43373d92c935f91be9156da48e63e95fd79f81635,2026-10-04T09:29:39.909944+00:00,downloaded,Lunar Sample Catalog 71566 Description,http://curator.jsc.nasa.gov/lunar/catalogs/apollo17/v2/71566.pdf,catalog,
71567,Apollo 17,https://www.lpi.usra.edu/lunar/samples/atlas/detail/?mission=Apollo%2017&sample=71567,134d41cacc1f2208eac9998aa7ed916f29d8f1904778ed137c80d9a00d69a9d5,2026-10-04T09:29:40.603729+00:00,downloaded,"Lunar Sample Compendium, 71566.pdf",https://www.lpi.usra.edu/lunar/samples/atlas/compendium/71566.pdf,compendium,
71567,Apollo 17,https://www.lpi.usra.edu/lunar/samples/atlas/detail/?mission=Apollo%2017&sample=71567,134d41cacc1f2208eac9998aa7ed916f29d8f1904778ed137c80d9a00d69a9d5,2026-10-04T09:29:40.603729+00:00,downloaded,Lunar Sample Catalog 71567 Description,http://curator.jsc.nasa.gov/lunar/catalogs/apollo17/v2/71567.pdf,catalog,
71568,Apollo 17,https://www.lpi.usra.edu/lunar/samples/atlas/detail/?mission=Apollo%2017&sample=71568,15b81f48d44c03b1160597fffbdc2423e93e7d2c6a39c0fee64520fb5ee72cf6,2026-10-04T09:29:41.429728+00:00,downloaded,"Lunar Sample Compendium, 71559.pdf",https://www.lpi.usra.edu/lunar/samples/atlas/compendium/71559.pdf,compendium,
71568,Apollo 17,https://www.lpi.usra.edu/lunar/samples/atlas/detail/?mission=Apollo%2017&sample=71568,15b81f48d44c03b1160597fffbdc2423e93e7d2c6a39c0fee64520fb5ee72cf6,2026-10-04T09:29:41.429728+00:00,downloaded,Lunar Sample Catalog 71568 Description,http://curator.jsc.nasa.gov/lunar/catalogs/apollo17/v2/71568.pdf,catalog,
71569,Apollo 17,https://www.lpi.usra.edu/lunar/samples/atlas/detail/?mission=Apollo%2017&sample=71569,b836faa8a470514a5ef2cde87215944e90d308d4251d3085afc31f834e1e25ee,2026-10-04T09:29:42.113338+00:00,downloaded,"Lunar Sample Compendium, 71569.pdf",https://www.lpi.usra.edu/lunar/samples/atlas/compendium/71569.pdf,compendium,
71569,Apollo 17,https://www.lpi.usra.edu/lunar/samples/atlas/detail/?mission=Apollo%2017&sample=71569,b836faa8a470514a5ef2cde87215944e90d308d4251d3085afc31f834e1e25ee,2026-10-04T09:29:42.113338+00:00,downloaded,Lunar Sample Catalog 71569 Description,http://curator.jsc.nasa.gov/lunar/catalogs/apollo17/v2/71569.pdf,catalog,
71570,Apollo 17,https://www.lpi.usra.edu/lunar/samples/atlas/detail/?mission=Apollo%2017&sample=71570,84090e616136cff915445784fa2e3e7850913352bae57abb4a865135a71fb728,2026-10-04T09:29:42.927068+00:00,downloaded_no_pdf,,,,
71571,Apollo 17,https://www.lpi.usra.edu/lunar/samples/atlas/detail/?mission=Apollo%2017&sample=71571,cea2688615f686aa69deb0957954ceae31292e914660cfb8db8bf8bdb8093720,2026-10-04T09:29:43.577458+00:00,downloaded_no_pdf,,,,
71572,Apollo 17,https://www.lpi.usra.edu/lunar/samples/atlas/detail/?mission=Apollo%2017&sample=71572,d976e787b34a1c26811c8806aecb3702e4e8ff2c0658d484c78bd86ef1b5ebd7,2026-10-04T09:29:44.369465+00:00,downloaded_no_pdf,,,,
71573,Apollo 17,https://www.lpi.usra.edu/lunar/samples/atlas/detail/?mission=Apollo%2017&sample=71573,8d366e84c3b8c2f70e0e2c1ea1f6d9131ab62a042e35912c64b546b880f1775b,2026-10-04T09:29:45.031771+00:00,downloaded_no_pdf,,,,
71574,Apollo 17,https://www.lpi.usra.edu/lunar/samples/atlas/detail/?mission=Apollo%2017&sample=71574,491bbef5323f761b1acef23d627ad688e8e9717b6a314be386c1adbec91506da,2026-10-04T09:29:45.804860+00:00,downloaded_no_pdf,,,,
71575,Apollo 17,https://www.lpi.usra.edu/lunar/samples/atlas/detail/?mission=Apollo%2017&sample=71575,24f093f0eb71a2b9b13ade78d4b9250cbce403e34866171da73faed7def6dbc8,2026-10-04T09:29:46.465564+00:00,downloaded,Lunar Sample Catalog 71575 Description,http://curator.jsc.nasa.gov/lunar/catalogs/apollo17/v2/71575.pdf,catalog,
71576,Apollo 17,https://www.lpi.usra.edu/lunar/samples/atlas/detail/?mission=Apollo%2017&sample=71576,49517c260457723365edfb8edb258fa86825f50f7b5dc769dce99c8917d96513,2026-10-04T09:29:47.245981+00:00,downloaded,"Lunar Sample Compendium, 71595.pdf",https://www.lpi.usra.edu/lunar/samples/atlas/compendium/71595.pdf,compendium,
71576,Apollo 17,https://www.lpi.usra.edu/lunar/samples/atlas/detail/?mission=Apollo%2017&sample=71576,49517c260457723365edfb8edb258fa86825f50f7b5dc769dce99c8917d96513,2026-10-04T09:29:47.245981+00:00,downloaded,Lunar Sample Catalog 71576 Description,http://curator.jsc.nasa.gov/lunar/catalogs/apollo17/v2/71576.pdf,catalog,
71577,Apollo 17,https://www.lpi.usra.edu/lunar/samples/atlas/detail/?mission=Apollo%2017&sample=71577,22c8ec192e2e7f4f167d68c54a89703f452ae596000fb0d7c8cc4a37b43b6f80,2026-10-04T09:29:48.074712+00:00,downloaded,"Lunar Sample Compendium, 71577.pdf",https://www.lpi.usra.edu/lunar/samples/atlas/compendium/71577.pdf,compendium,
71577,Apollo 17,https://www.lpi.usra.edu/lunar/samples/atlas/detail/?mission=Apollo%2017&sample=71577,22c8ec192e2e7f4f167d68c54a89703f452ae596000fb0d7c8cc4a37b43b6f80,2026-10-04T09:29:48.074712+00:00,downloaded,Lunar Sample Catalog 71577 Description,http://curator.jsc.nasa.gov/lunar/catalogs/apollo17/v2/71577.pdf,catalog,
71578,Apollo 17,https://www.lpi.usra.edu/lunar/samples/atlas/detail/?mission=Apollo%2017&sample=71578,3b6d212cb3be98bbbd1187ff9752539f6328fac5df3117587af8e9d48ea7fe18,2026-10-04T09:29:48.774801+00:00,downloaded,"Lunar Sample Compendium, 71577.pdf",https://www.lpi.usra.edu/lunar/samples/atlas/compendium/71577.pdf,compendium,
71578,Apollo 17,https://www.lpi.usra.edu/lunar/samples/atlas/detail/?mission=Apollo%2017&sample=71578,3b6d212cb3be98bbbd1187ff9752539f6328fac5df3117587af8e9d48ea7fe18,2026-10-04T09:29:48.774801+00:00,downloaded,Lunar Sample Catalog 71578 Description,http://curator.jsc.nasa.gov/lunar/catalogs/apollo17/v2/71578.pdf,catalog,
71579,Apollo 17,https://www.lpi.usra.edu/lunar/samples/atlas/detail/?mission=Apollo%2017&sample=71579,fe973d926a1728bd13612bae9804cff82b15c2800915cd6204553a87d56503c6,2026-10-04T09:29:49.584945+00:00,downloaded,Lunar Sample Catalog 71579 Description,http://curator.jsc.nasa.gov/lunar/catalogs/apollo17/v2/71579.pdf,catalog,
71580,Apollo 17,https://www.lpi.usra.edu/lunar/samples/atlas/detail/?mission=Apollo%2017&sample=71580,1816fa8c6363b80fa3220452bfe29838f32fe91af10a836c35592985e906632a,2026-10-04T09:29:50.353786+00:00,downloaded_no_pdf,,,,
71581,Apollo 17,https://www.lpi.usra.edu/lunar/samples/atlas/detail/?mission=Apollo%2017&sample=71581,52bba08fe35b879e2fde89643fa67f2434760c84e08cb13d6c89cb63bcc6678b,2026-10-04T09:29:51.048840+00:00,downloaded_no_pdf,,,,
71582,Apollo 17,https://www.lpi.usra.edu/lunar/samples/atlas/detail/?mission=Apollo%2017&sample=71582,dcce6d35b34f7e6ee99982e995b12fb16d9734aae856be014685fa89b22225ac,2026-10-04T09:29:51.695193+00:00,downloaded_no_pdf,,,,
71583,Apollo 17,https://www.lpi.usra.edu/lunar/samples/atlas/detail/?mission=Apollo%2017&sample=71583,898f3fc0e1acbf58c80d659d9c53d24bc3709d62b80d5f2f229e693c3f8929a8,2026-10-04T09:29:52.495324+00:00,downloaded_no_pdf,,,,
71584,Apollo 17,https://www.lpi.usra.edu/lunar/samples/atlas/detail/?mission=Apollo%2017&sample=71584,f935807a58ca6e93f11a3f59f54c8b418172c8fe5544b0cf7174458bcd28f87f,2026-10-04T09:29:53.143547+00:00,downloaded_no_pdf,,,,
71585,Apollo 17,https://www.lpi.usra.edu/lunar/samples/atlas/detail/?mission=Apollo%2017&sample=71585,ce39fb2ca2f82ce092f7292fd27f81e97d952bd3156ca7c70f94e3ec0e752143,2026-10-04T09:29:53.938344+00:00,downloaded,Lunar Sample Catalog 71585 Description,http://curator.jsc.nasa.gov/lunar/catalogs/apollo17/v2/71585.pdf,catalog,
71586,Apollo 17,https://www.lpi.usra.edu/lunar/samples/atlas/detail/?mission=Apollo%2017&sample=71586,37aca6d86accc2f7d24b5f04cecf44430ac18610480306e6a53450d350cbd79b,2026-10-04T09:29:54.742195+00:00,downloaded,"Lunar Sample Compendium, 71586.pdf",https://www.lpi.usra.edu/lunar/samples/atlas/compendium/71586.pdf,compendium,
71586,Apollo 17,https://www.lpi.usra.edu/lunar/samples/atlas/detail/?mission=Apollo%2017&sample=71586,37aca6d86accc2f7d24b5f04cecf44430ac18610480306e6a53450d350cbd79b,2026-10-04T09:29:54.742195+00:00,downloaded,Lunar Sample Catalog 71586 Description,http://curator.jsc.nasa.gov/lunar/catalogs/apollo17/v2/71586.pdf,catalog,
71587,Apollo 17,https://www.lpi.usra.edu/lunar/samples/atlas/detail/?mission=Apollo%2017&sample=71587,11e87e23e54b5f87001a9ea44ce7ae6e2b913ffee293af8aae9a60fc59d7b292,2026-10-04T09:29:55.574281+00:00,downloaded,"Lunar Sample Compendium, 71587.pdf",https://www.lpi.usra.edu/lunar/samples/atlas/compendium/71587.pdf,compendium,
71587,Apollo 17,https://www.lpi.usra.edu/lunar/samples/atlas/detail/?mission=Apollo%2017&sample=71587,11e87e23e54b5f87001a9ea44ce7ae6e2b913ffee293af8aae9a60fc59d7b292,2026-10-04T09:29:55.574281+00:00,downloaded,Lunar Sample Catalog 71587 Description,http://curator.jsc.nasa.gov/lunar/catalogs/apollo17/v2/71587.pdf,catalog,
71588,Apollo 17,https://www.lpi.usra.edu/lunar/samples/atlas/detail/?mission=Apollo%2017&sample=71588,fcaf26fa3e7982aa68036cde191180e3f178c45e20abc0daebd5d1123f486b84,2026-10-04T09:29:56.264899+00:00,downloaded,"Lunar Sample Compendium, 71588.pdf",https://www.lpi.usra.edu/lunar/samples/atlas/compendium/71588.pdf,compendium,
71588,Apollo 17,https://www.lpi.usra.edu/lunar/samples/atlas/detail/?mission=Apollo%2017&sample=71588,fcaf26fa3e7982aa68036cde191180e3f178c45e20abc0daebd5d1123f486b84,2026-10-04T09:29:56.264899+00:00,downloaded,Lunar Sample Catalog 71588 Description,http://curator.jsc.nasa.gov/lunar/catalogs/apollo17/v2/71588.pdf,catalog,
71589,Apollo 17,https://www.lpi.usra.edu/lunar/samples/atlas/detail/?mission=Apollo%2017&sample=71589,768660f366a25f9d23d5033eac0d61c992b9ecab363e4a1e6caf9c20646ab69d,2026-10-04T09:29:56.975691+00:00,downloaded,Lunar Sample Catalog 71589 Description,http://curator.jsc.nasa.gov/lunar/catalogs/apollo17/v2/71589.pdf,catalog,
71590,Apollo 17,https://www.lpi.usra.edu/lunar/samples/atlas/detail/?mission=Apollo%2017&sample=71590,1365339f9cfecc9898d143c80a11902c06704a69e296c72e7fad059330b3dad1,2026-10-04T09:29:57.627245+00:00,downloaded_no_pdf,,,,
71591,Apollo 17,https://www.lpi.usra.edu/lunar/samples/atlas/detail/?mission=Apollo%2017&sample=71591,81b658bb111a7f03b4649648fb55a220e8622d85654365fcc0170ebd611ec7de,2026-10-04T09:29:58.284240+00:00,downloaded_no_pdf,,,,
71592,Apollo 17,https://www.lpi.usra.edu/lunar/samples/atlas/detail/?mission=Apollo%2017&sample=71592,b9cabd2c1179a80eed03fe55efdd787266adb5d1175c6bc9613a6628a45a3744,2026-10-04T09:29:58.936993+00:00,downloaded_no_pdf,,,,
71593,Apollo 17,https://www.lpi.usra.edu/lunar/samples/atlas/detail/?mission=Apollo%2017&sample=71593,85b4093f699c457913d6d4116df9847e01b900c2de47c03051ef9551057ffea3,2026-10-04T09:29:59.583917+00:00,downloaded_no_pdf,,,,
71594,Apollo 17,https://www.lpi.usra.edu/lunar/samples/atlas/detail/?mission=Apollo%2017&sample=71594,ce35123d767a6121616e4eaefef4be1da3c90c146eb85f551b0bdcd365602492,2026-10-04T09:30:00.384673+00:00,downloaded_no_pdf,,,,
71595,Apollo 17,https://www.lpi.usra.edu/lunar/samples/atlas/detail/?mission=Apollo%2017&sample=71595,b480caebcba989019592c4046c83254d136478d48bfd6a4938da1230a806cd08,2026-10-04T09:30:01.165782+00:00,downloaded,"Lunar Sample Compendium, 71595.pdf",https://www.lpi.usra.edu/lunar/samples/atlas/compendium/71595.pdf,compendium,
71595,Apollo 17,https://www.lpi.usra.edu/lunar/samples/atlas/detail/?mission=Apollo%2017&sample=71595,b480caebcba989019592c4046c83254d136478d48bfd6a4938da1230a806cd08,2026-10-04T09:30:01.165782+00:00,downloaded,Lunar Sample Catalog 71595 Description,http://curator.jsc.nasa.gov/lunar/catalogs/apollo17/v2/71595.pdf,catalog,
71596,Apollo 17,https://www.lpi.usra.edu/lunar/samples/atlas/detail/?mission=Apollo%2017&sample=71596,8744e263e2e4775a858d53c474c9e605b500aa58ba4ae695a7061c34f41c847c,2026-10-04T09:30:01.984954+00:00,downloaded,"Lunar Sample Compendium, 71596.pdf",https://www.lpi.usra.edu/lunar/samples/atlas/compendium/71596.pdf,compendium,
71597,Apollo 17,https://www.lpi.usra.edu/lunar/samples/atlas/detail/?mission=Apollo%2017&sample=71597,564c340a41f31c771bc21730530a4dd1dd15ba758623de698afba55326eee1d6,2026-10-04T09:30:02.872813+00:00,downloaded,Lunar Sample Catalog 71597 Description,http://curator.jsc.nasa.gov/lunar/catalogs/apollo17/v2/71597.pdf,catalog,
72130,Apollo 17,https://www.lpi.usra.edu/lunar/samples/atlas/detail/?mission=Apollo%2017&sample=72130,ba4b15d14aa0303137f183adabd84336bb4090dcc1b2e879ffd6647c0982f9f5,2026-10-04T09:30:03.562469+00:00,downloaded_no_pdf,,,,
72131,Apollo 17,https://www.lpi.usra.edu/lunar/samples/atlas/detail/?mission=Apollo%2017&sample=72131,63a25c4a97d242ad45fd38b872879f24f625edff0200c179f12586539d192a34,2026-10-04T09:30:04.213851+00:00,downloaded,"Lunar Sample Compendium, 72131.pdf",https://www.lpi.usra.edu/lunar/samples/atlas/compendium/72131.pdf,compendium,
72132,Apollo 17,https://www.lpi.usra.edu/lunar/samples/atlas/detail/?mission=Apollo%2017&sample=72132,862d076961795d85d5d47304a58daa72174a1b97c558892885052f85066c26cd,2026-10-04T09:30:04.864715+00:00,downloaded_no_pdf,,,,
72133,Apollo 17,https://www.lpi.usra.edu/lunar/samples/atlas/detail/?mission=Apollo%2017&sample=72133,e5cf17834c7d79dcbd539885946833b63cdfcdc0ceacd9d3779bf613a44334e2,2026-10-04T09:30:05.512360+00:00,downloaded_no_pdf,,,,
72134,Apollo 17,https://www.lpi.usra.edu/lunar/samples/atlas/detail/?mission=Apollo%2017&sample=72134,3e0aec4ac33456efac14eb46d4280ea5c3a38c08573d95f6b72ac06a4a52611b,2026-10-04T09:30:06.196936+00:00,downloaded_no_pdf,,,,
72135,Apollo 17,https://www.lpi.usra.edu/lunar/samples/atlas/detail/?mission=Apollo%2017&sample=72135,7b915b7ac362e82898856cf674d5e792cb37a1c2e20966c98470cbd0e7907866,2026-10-04T09:30:06.842055+00:00,downloaded,"Lunar Sample Compendium, 72135.pdf",https://www.lpi.usra.edu/lunar/samples/atlas/compendium/72135.pdf,compendium,
72135,Apollo 17,https://www.lpi.usra.edu/lunar/samples/atlas/detail/?mission=Apollo%2017&sample=72135,7b915b7ac362e82898856cf674d5e792cb37a1c2e20966c98470cbd0e7907866,2026-10-04T09:30:06.842055+00:00,downloaded,Lunar Sample Catalog 72135 Description,http://curator.jsc.nasa.gov/lunar/catalogs/apollo17/v3/72135.pdf,catalog,
72140,Apollo 17,https://www.lpi.usra.edu/lunar/samples/atlas/detail/?mission=Apollo%2017&sample=72140,d2b10f31d4830d0c9fe606fac9c2b953f5e9ecf5364be5c1980413ed933c9897,2026-10-04T09:30:07.533449+00:00,downloaded_no_pdf,,,,
72141,Apollo 17,https://www.lpi.usra.edu/lunar/samples/atlas/detail/?mission=Apollo%2017&sample=72141,b2fc1de30e8d01fbc4b64e70d353921b1e4d8688aa517b21bd015e4d1bd78003,2026-10-04T09:30:08.187277+00:00,downloaded,"Lunar Sample Compendium, 72141.pdf",https://www.lpi.usra.edu/lunar/samples/atlas/compendium/72141.pdf,compendium,
72145,Apollo 17,https://www.lpi.usra.edu/lunar/samples/atlas/detail/?mission=Apollo%2017&sample=72145,9d872c4bc13205afbb2a84a724500c58510a08bc51b2df77a0dcd2036d2d1453,2026-10-04T09:30:08.856623+00:00,downloaded,Lunar Sample Catalog 72145 Description,http://curator.jsc.nasa.gov/lunar/catalogs/apollo17/v3/72145.pdf,catalog,
72150,Apollo 17,https://www.lpi.usra.edu/lunar/samples/atlas/detail/?mission=Apollo%2017&sample=72150,50a6c4d31e63efe3f70badb7a8d64843eabc62c5cced0c6851bba21f4e7cc5d4,2026-10-04T09:30:09.535768+00:00,downloaded,"Lunar Sample Compendium, 72150.pdf",https://www.lpi.usra.edu/lunar/samples/atlas/compendium/72150.pdf,compendium,
72155,Apollo 17,https://www.lpi.usra.edu/lunar/samples/atlas/detail/?mission=Apollo%2017&sample=72155,e911121e733264e2c27a65e705aac741d4993c4874c7c9a7431c33c9443959e7,2026-10-04T09:30:10.208593+00:00,downloaded,"Lunar Sample Compendium, 72155.pdf",https://www.lpi.usra.edu/lunar/samples/atlas/compendium/72155.pdf,compendium,
72155,Apollo 17,https://www.lpi.usra.edu/lunar/samples/atlas/detail/?mission=Apollo%2017&sample=72155,e911121e733264e2c27a65e705aac741d4993c4874c7c9a7431c33c9443959e7,2026-10-04T09:30:10.208593+00:00,downloaded,Lunar Sample Catalog 72155 Description,http://curator.jsc.nasa.gov/lunar/catalogs/apollo17/v3/72155.pdf,catalog,
72160,Apollo 17,https://www.lpi.usra.edu/lunar/samples/atlas/detail/?mission=Apollo%2017&sample=72160,18bb8a64cecfd6fe36f878738438f153565c4eb9f74302ffc9b9e50c8854a7ba,2026-10-04T09:30:11.039340+00:00,downloaded_no_pdf,,,,
72161,Apollo 17,https://www.lpi.usra.edu/lunar/samples/atlas/detail/?mission=Apollo%2017&sample=72161,139df7140f3d14470ebeadcc43ad8f92af36c60d36889ef4dfb3917e39e5f564,2026-10-04T09:30:11.702358+00:00,downloaded,"Lunar Sample Compendium, 72161.pdf",https://www.lpi.usra.edu/lunar/samples/atlas/compendium/72161.pdf,compendium,
72162,Apollo 17,https://www.lpi.usra.edu/lunar/samples/atlas/detail/?mission=Apollo%2017&sample=72162,61d99fcfe170c6dd9c6c3dc093258dd7c7b18b076c3f015186dac1a142417532,2026-10-04T09:30:12.482678+00:00,downloaded_no_pdf,,,,
72163,Apollo 17,https://www.lpi.usra.edu/lunar/samples/atlas/detail/?mission=Apollo%2017&sample=72163,8877949137cb61c38d677367c45658ce7c884a34c6934536a205c623ece66dd9,2026-10-04T09:30:13.132606+00:00,downloaded_no_pdf,,,,
72164,Apollo 17,https://www.lpi.usra.edu/lunar/samples/atlas/detail/?mission=Apollo%2017&sample=72164,fd614674febd2a4377eef30dd9e2e2b8bdbe626ed30aa94cd09744c7e9ba44e8,2026-10-04T09:30:13.907696+00:00,downloaded_no_pdf,,,,
72210,Apollo 17,https://www.lpi.usra.edu/lunar/samples/atlas/detail/?mission=Apollo%2017&sample=72210,ef08c8de20ca04f170becb8cb45a18d525d2827aeb761a211ac96ce2e900717a,2026-10-04T09:30:14.686268+00:00,downloaded,"Lunar Sample Compendium, 72270.pdf",https://www.lpi.usra.edu/lunar/samples/atlas/compendium/72270.pdf,compendium,
72215,Apollo 17,https://www.lpi.usra.edu/lunar/samples/atlas/detail/?mission=Apollo%2017&sample=72215,db414c4a769ab8a544ea18eda05dfc166296fe3a4ea984a95c8a79147f3ccbb7,2026-10-04T09:30:15.475126+00:00,downloaded,"Lunar Sample Compendium, 72215.pdf",https://www.lpi.usra.edu/lunar/samples/atlas/compendium/72215.pdf,compendium,
72215,Apollo 17,https://www.lpi.usra.edu/lunar/samples/atlas/detail/?mission=Apollo%2017&sample=72215,db414c4a769ab8a544ea18eda05dfc166296fe3a4ea984a95c8a79147f3ccbb7,2026-10-04T09:30:15.475126+00:00,downloaded,Lunar Sample Catalog 72215 Description,http://curator.jsc.nasa.gov/lunar/catalogs/apollo17/v1/72215.pdf,catalog,
72220,Apollo 17,https://www.lpi.usra.edu/lunar/samples/atlas/detail/?mission=Apollo%2017&sample=72220,ceee05c0382ee01b0e4e00ce2b894b160a1502835a60343f7f6239572c02f422,2026-10-04T09:30:16.321222+00:00,downloaded_no_pdf,,,,
72221,Apollo 17,https://www.lpi.usra.edu/lunar/samples/atlas/detail/?mission=Apollo%2017&sample=72221,e544a651baad1e059386c69b8598c1aa5783b6b34bb068fd37bea2f587e985d5,2026-10-04T09:30:16.975175+00:00,downloaded,"Lunar Sample Compendium, 72221.pdf",https://www.lpi.usra.edu/lunar/samples/atlas/compendium/72221.pdf,compendium,
72222,Apollo 17,https://www.lpi.usra.edu/lunar/samples/atlas/detail/?mission=Apollo%2017&sample=72222,0eccd47a8a26b5fb51bee3ff8e9f3f64e68adc4dbf895374bec954bc1897344c,2026-10-04T09:30:17.802248+00:00,downloaded_no_pdf,,,,
72223,Apollo 17,https://www.lpi.usra.edu/lunar/samples/atlas/detail/?mission=Apollo%2017&sample=72223,940aad86bd9677bd8d1d948df1165f2fad1ead8625fdae2ff09a9b6d36ff0659,2026-10-04T09:30:18.605435+00:00,downloaded_no_pdf,,,,
72224,Apollo 17,https://www.lpi.usra.edu/lunar/samples/atlas/detail/?mission=Apollo%2017&sample=72224,d6d5e8863b7fc4ea5abf53fc7ec07c93023f0be341b1a8c42588dd9a12b6d256,2026-10-04T09:30:19.425725+00:00,downloaded_no_pdf,,,,
72230,Apollo 17,https://www.lpi.usra.edu/lunar/samples/atlas/detail/?mission=Apollo%2017&sample=72230,38d9c135b4fa4a249a741a9de0fc3ae80acc7e6d6f059e961fd26013f96c83d9,2026-10-04T09:30:20.248126+00:00,downloaded,"Lunar Sample Compendium, 72270.pdf",https://www.lpi.usra.edu/lunar/samples/atlas/compendium/72270.pdf,compendium,
72235,Apollo 17,https://www.lpi.usra.edu/lunar/samples/atlas/detail/?mission=Apollo%2017&sample=72235,1711c079c68033c3a442a0a59ab0b2eedd86a2cc275dc9d648c6aa41c8469835,2026-10-04T09:30:20.933443+00:00,downloaded,"Lunar Sample Compendium, 72235.pdf",https://www.lpi.usra.edu/lunar/samples/atlas/compendium/72235.pdf,compendium,
72235,Apollo 17,https://www.lpi.usra.edu/lunar/samples/atlas/detail/?mission=Apollo%2017&sample=72235,1711c079c68033c3a442a0a59ab0b2eedd86a2cc275dc9d648c6aa41c8469835,2026-10-04T09:30:20.933443+00:00,downloaded,Lunar Sample Catalog 72235 Description,http://curator.jsc.nasa.gov/lunar/catalogs/apollo17/v1/72235.pdf,catalog,
72240,Apollo 17,https://www.lpi.usra.edu/lunar/samples/atlas/detail/?mission=Apollo%2017&sample=72240,3be533a1d31f3e8ba4866c9b5ecbc41549ec0022e05b82fa0c8a62e9d9bd4075,2026-10-04T09:30:21.624544+00:00,downloaded_no_pdf,,,,
72241,Apollo 17,https://www.lpi.usra.edu/lunar/samples/atlas/detail/?mission=Apollo%2017&sample=72241,76ab8044d18309c856c78b53b2da9fee1021318b811b521b3cc545ed47f02727,2026-10-04T09:30:22.316659+00:00,downloaded,"Lunar Sample Compendium, 72221.pdf",https://www.lpi.usra.edu/lunar/samples/atlas/compendium/72221.pdf,compendium,
72242,Apollo 17,https://www.lpi.usra.edu/lunar/samples/atlas/detail/?mission=Apollo%2017&sample=72242,4849896aa57235a6396b413e540bf6d1799db43b1d722f73b53b4b7bc8ef1532,2026-10-04T09:30:23.103535+00:00,downloaded_no_pdf,,,,
72243,Apollo 17,https://www.lpi.usra.edu/lunar/samples/atlas/detail/?mission=Apollo%2017&sample=72243,912f08c11589f5bbb86ce24465d6b4b04e61c0d343e5a96893c6e1875d2d0fb5,2026-10-04T09:30:23.910747+00:00,downloaded_no_pdf,,,,
72244,Apollo 17,https://www.lpi.usra.edu/lunar/samples/atlas/detail/?mission=Apollo%2017&sample=72244,9b2b9f97d7ab2ae646f86334275902b602fc4435f3f0ed943daaf6e458a5e896,2026-10-04T09:30:24.733157+00:00,downloaded_no_pdf,,,,
72250,Apollo 17,https://www.lpi.usra.edu/lunar/samples/atlas/detail/?mission=Apollo%2017&sample=72250,5f07490b795b5820650614e36d3a16f1d5c151d9655ab76c0c785097b2c0192b,2026-10-04T09:30:25.416927+00:00,downloaded,"Lunar Sample Compendium, 72270.pdf",https://www.lpi.usra.edu/lunar/samples/atlas/compendium/72270.pdf,compendium,
72255,Apollo 17,https://www.lpi.usra.edu/lunar/samples/atlas/detail/?mission=Apollo%2017&sample=72255,27281008e7364d851d03c2a9ab10571f0ab3ed0c86dffd8e274b32ddddd08c3a,2026-10-04T09:30:26.075826+00:00,downloaded,"Lunar Sample Compendium, 72255.pdf",https://www.lpi.usra.edu/lunar/samples/atlas/compendium/72255.pdf,compendium,
72255,Apollo 17,https://www.lpi.usra.edu/lunar/samples/atlas/detail/?mission=Apollo%2017&sample=72255,27281008e7364d851d03c2a9ab10571f0ab3ed0c86dffd8e274b32ddddd08c3a,2026-10-04T09:30:26.075826+00:00,downloaded,Lunar Sample Catalog 72255 Description,http://curator.jsc.nasa.gov/lunar/catalogs/apollo17/v1/72255.pdf,catalog,
72260,Apollo 17,https://www.lpi.usra.edu/lunar/samples/atlas/detail/?mission=Apollo%2017&sample=72260,a78f606a0f70fd55257e2eec3abd1828edef241effb48e19b548d162bd6c5544,2026-10-04T09:30:26.765401+00:00,downloaded_no_pdf,,,,
72261,Apollo 17,https://www.lpi.usra.edu/lunar/samples/atlas/detail/?mission=Apollo%2017&sample=72261,0edb7f6f4c8199b5aeb0543f305097604ab280518f3ea9c13488b41868d9c306,2026-10-04T09:30:27.417129+00:00,downloaded,"Lunar Sample Compendium, 72221.pdf",https://www.lpi.usra.edu/lunar/samples/atlas/compendium/72221.pdf,compendium,
72262,Apollo 17,https://www.lpi.usra.edu/lunar/samples/atlas/detail/?mission=Apollo%2017&sample=72262,229f27d96e39daf6d29a9cfdb906b2a3bb8125ff4f11a691889c38fb12ced3f6,2026-10-04T09:30:28.084331+00:00,downloaded_no_pdf,,,,
72263,Apollo 17,https://www.lpi.usra.edu/lunar/samples/atlas/detail/?mission=Apollo%2017&sample=72263,02b02b821f468a1af268fc2677b110ec541bdd0f30a58ce54a144544296e44bf,2026-10-04T09:30:28.737337+00:00,downloaded_no_pdf,,,,
72264,Apollo 17,https://www.lpi.usra.edu/lunar/samples/atlas/detail/?mission=Apollo%2017&sample=72264,11d971ad15735f5760d0b9dc9b6232caf38780fbbb25f79eade70116ff3282f8,2026-10-04T09:30:29.562047+00:00,downloaded_no_pdf,,,,
72270,Apollo 17,https://www.lpi.usra.edu/lunar/samples/atlas/detail/?mission=Apollo%2017&sample=72270,b9a43e36bc6118f1e5fd62365820bd0955c60871e088bb7456b21056946b00ad,2026-10-04T09:30:30.248036+00:00,downloaded,"Lunar Sample Compendium, 72270.pdf",https://www.lpi.usra.edu/lunar/samples/atlas/compendium/72270.pdf,compendium,
72275,Apollo 17,https://www.lpi.usra.edu/lunar/samples/atlas/detail/?mission=Apollo%2017&sample=72275,3e4ea87c357cb941a14f72111f5e821c135a530bb14d15630301d61a17256a81,2026-10-04T09:30:31.028909+00:00,downloaded,"Lunar Sample Compendium, 72275.pdf",https://www.lpi.usra.edu/lunar/samples/atlas/compendium/72275.pdf,compendium,
72275,Apollo 17,https://www.lpi.usra.edu/lunar/samples/atlas/detail/?mission=Apollo%2017&sample=72275,3e4ea87c357cb941a14f72111f5e821c135a530bb14d15630301d61a17256a81,2026-10-04T09:30:31.028909+00:00,downloaded,Lunar Sample Catalog 72275 Description,http://curator.jsc.nasa.gov/lunar/catalogs/apollo17/v1/72275.pdf,catalog,
72310,Apollo 17,https://www.lpi.usra.edu/lunar/samples/atlas/detail/?mission=Apollo%2017&sample=72310,dc33005840a037ed7418d1921113587a678c0d69cf31f6d0799113ab81d95e46,2026-10-04T09:30:31.901453+00:00,downloaded_no_pdf,,,,
72315,Apollo 17,https://www.lpi.usra.edu/lunar/samples/atlas/detail/?mission=Apollo%2017&sample=72315,4620fc711f3ebe4785e14d415fad87355a2679f17a6964ff56692bbb9be40db0,2026-10-04T09:30:32.551045+00:00,downloaded,"Lunar Sample Compendium, 72315.pdf",https://www.lpi.usra.edu/lunar/samples/atlas/compendium/72315.pdf,compendium,
72315,Apollo 17,https://www.lpi.usra.edu/lunar/samples/atlas/detail/?mission=Apollo%2017&sample=72315,4620fc711f3ebe4785e14d415fad87355a2679f17a6964ff56692bbb9be40db0,2026-10-04T09:30:32.551045+00:00,downloaded,Lunar Sample Catalog 72315 Description,http://curator.jsc.nasa.gov/lunar/catalogs/apollo17/v1/72315.pdf,catalog,
72320,Apollo 17,https://www.lpi.usra.edu/lunar/samples/atlas/detail/?mission=Apollo%2017&sample=72320,d8c6c1a02d09493db4be6c0226be4e8934df4787fd5de7f57d372b9d8190d36f,2026-10-04T09:30:33.241730+00:00,downloaded,"Lunar Sample Compendium, 72320.pdf",https://www.lpi.usra.edu/lunar/samples/atlas/compendium/72320.pdf,compendium,
72321,Apollo 17,https://www.lpi.usra.edu/lunar/samples/atlas/detail/?mission=Apollo%2017&sample=72321,836b323d0890c80fec77798744c158e2610f3606abf65f926d96fbf14fc7ad31,2026-10-04T09:30:33.926534+00:00,downloaded_no_pdf,,,,
72322,Apollo 17,https://www.lpi.usra.edu/lunar/samples/atlas/detail/?mission=Apollo%2017&sample=72322,23b9d1fc4fd0d6abfdd87181ad8218a04c6a4affacd7e828257d05bc581b493e,2026-10-04T09:30:34.611256+00:00,downloaded_no_pdf,,,,
72323,Apollo 17,https://www.lpi.usra.edu/lunar/samples/atlas/detail/?mission=Apollo%2017&sample=72323,3204829df5af13529bcfab852c7ba2ee344df56ce9ddcf2965c36af69d394868,2026-10-04T09:30:35.405776+00:00,downloaded_no_pdf,,,,
72324,Apollo 17,https://www.lpi.usra.edu/lunar/samples/atlas/detail/?mission=Apollo%2017&sample=72324,07ae97e52ededafd894a7c621a4b1f806a6e29ae2d4fcb5b6006f9044d4345f1,2026-10-04T09:30:36.094340+00:00,downloaded_no_pdf,,,,
72330,Apollo 17,https://www.lpi.usra.edu/lunar/samples/atlas/detail/?mission=Apollo%2017&sample=72330,2f01f32bb4a46d2eed0f370c3441c5c2cc15ba203a9fd75e52271e0ebc6f417c,2026-10-04T09:30:36.761617+00:00,downloaded_no_pdf,,,,
72335,Apollo 17,https://www.lpi.usra.edu/lunar/samples/atlas/detail/?mission=Apollo%2017&sample=72335,813197b0928074342426438dd2d242ad09c3532aa89ef7933727b4cd68f321ac,2026-10-04T09:30:37.597535+00:00,downloaded,"Lunar Sample Compendium, 72335.pdf",https://www.lpi.usra.edu/lunar/samples/atlas/compendium/72335.pdf,compendium,
72335,Apollo 17,https://www.lpi.usra.edu/lunar/samples/atlas/detail/?mission=Apollo%2017&sample=72335,813197b0928074342426438dd2d242ad09c3532aa89ef7933727b4cd68f321ac,2026-10-04T09:30:37.597535+00:00,downloaded,Lunar Sample Catalog 72335 Description,http://curator.jsc.nasa.gov/lunar/catalogs/apollo17/v1/72335.pdf,catalog,
72350,Apollo 17,https://www.lpi.usra.edu/lunar/samples/atlas/detail/?mission=Apollo%2017&sample=72350,fc7a57a0cfdb1b5e2d1f862ca3c88c48b5e47494b0292a00d03a6bc4e1dd63d1,2026-10-04T09:30:38.308565+00:00,downloaded_no_pdf,,,,
72355,Apollo 17,https://www.lpi.usra.edu/lunar/samples/atlas/detail/?mission=Apollo%2017&sample=72355,14e970f0377c22542ee4aac32e7c7bd9112f6e8ef7eb257b2780e4ea861ac386,2026-10-04T09:30:39.105765+00:00,downloaded,"Lunar Sample Compendium, 72355.pdf",https://www.lpi.usra.edu/lunar/samples/atlas/compendium/72355.pdf,compendium,
72355,Apollo 17,https://www.lpi.usra.edu/lunar/samples/atlas/detail/?mission=Apollo%2017&sample=72355,14e970f0377c22542ee4aac32e7c7bd9112f6e8ef7eb257b2780e4ea861ac386,2026-10-04T09:30:39.105765+00:00,downloaded,Lunar Sample Catalog 72355 Description,http://curator.jsc.nasa.gov/lunar/catalogs/apollo17/v1/72355.pdf,catalog,
72370,Apollo 17,https://www.lpi.usra.edu/lunar/samples/atlas/detail/?mission=Apollo%2017&sample=72370,186493110eb51c32db88d73d1f8eb6f4f7b59cd22569680bbc07cb858aa8d6f0,2026-10-04T09:30:39.802460+00:00,downloaded_no_pdf,,,,
72375,Apollo 17,https://www.lpi.usra.edu/lunar/samples/atlas/detail/?mission=Apollo%2017&sample=72375,1181840ee3cdde663eaa5515fd8b9291b52e6fcb438296a4be9d89aed3d993ce,2026-10-04T09:30:40.457921+00:00,downloaded,"Lunar Sample Compendium, 72375.pdf",https://www.lpi.usra.edu/lunar/samples/atlas/compendium/72375.pdf,compendium,
72375,Apollo 17,https://www.lpi.usra.edu/lunar/samples/atlas/detail/?mission=Apollo%2017&sample=72375,1181840ee3cdde663eaa5515fd8b9291b52e6fcb438296a4be9d89aed3d993ce,2026-10-04T09:30:40.457921+00:00,downloaded,Lunar Sample Catalog 72375 Description,http://curator.jsc.nasa.gov/lunar/catalogs/apollo17/v1/72375.pdf,catalog,
72390,Apollo 17,https://www.lpi.usra.edu/lunar/samples/atlas/detail/?mission=Apollo%2017&sample=72390,707041cc0566b3d3e855cd505947adebec47588f597d84dc00fd4f1020bb3196,2026-10-04T09:30:41.155360+00:00,downloaded_no_pdf,,,,
72395,Apollo 17,https://www.lpi.usra.edu/lunar/samples/atlas/detail/?mission=Apollo%2017&sample=72395,e4534f50ddb6d72497912cd9c0f26ad0972fd4e3737a772d162a5dca29b80ccf,2026-10-04T09:30:41.960409+00:00,downloaded,"Lunar Sample Compendium, 72395.pdf",https://www.lpi.usra.edu/lunar/samples/atlas/compendium/72395.pdf,compendium,
72395,Apollo 17,https://www.lpi.usra.edu/lunar/samples/atlas/detail/?mission=Apollo%2017&sample=72395,e4534f50ddb6d72497912cd9c0f26ad0972fd4e3737a772d162a5dca29b80ccf,2026-10-04T09:30:41.960409+00:00,downloaded,Lunar Sample Catalog 72395 Description,http://curator.jsc.nasa.gov/lunar/catalogs/apollo17/v1/72395.pdf,catalog,
72410,Apollo 17,https://www.lpi.usra.edu/lunar/samples/atlas/detail/?mission=Apollo%2017&sample=72410,553762c77b029cc2ddcf9a1156940a8e545edb5f01d0dce0d10b3e1b235af8fd,2026-10-04T09:30:42.780123+00:00,downloaded_no_pdf,,,,
72415,Apollo 17,https://www.lpi.usra.edu/lunar/samples/atlas/detail/?mission=Apollo%2017&sample=72415,43bcd20572529baaff06487b22fc51413871bdb36738a1b55a9d49ff878a53e7,2026-10-04T09:30:43.567688+00:00,downloaded,"Lunar Sample Compendium, 72415.pdf",https://www.lpi.usra.edu/lunar/samples/atlas/compendium/72415.pdf,compendium,
72415,Apollo 17,https://www.lpi.usra.edu/lunar/samples/atlas/detail/?mission=Apollo%2017&sample=72415,43bcd20572529baaff06487b22fc51413871bdb36738a1b55a9d49ff878a53e7,2026-10-04T09:30:43.567688+00:00,downloaded,Lunar Sample Catalog 72415 Description,http://curator.jsc.nasa.gov/lunar/catalogs/apollo17/v1/72415.pdf,catalog,
72416,Apollo 17,https://www.lpi.usra.edu/lunar/samples/atlas/detail/?mission=Apollo%2017&sample=72416,e44f5a4970bef7672f595b2cb402df0c0e745ec5fb441d0a345cad68fa86db41,2026-10-04T09:30:44.401299+00:00,downloaded,"Lunar Sample Compendium, 72415.pdf",https://www.lpi.usra.edu/lunar/samples/atlas/compendium/72415.pdf,compendium,
72416,Apollo 17,https://www.lpi.usra.edu/lunar/samples/atlas/detail/?mission=Apollo%2017&sample=72416,e44f5a4970bef7672f595b2cb402df0c0e745ec5fb441d0a345cad68fa86db41,2026-10-04T09:30:44.401299+00:00,downloaded,Lunar Sample Catalog 72416 Description,http://curator.jsc.nasa.gov/lunar/catalogs/apollo17/v1/72416.pdf,catalog,
72417,Apollo 17,https://www.lpi.usra.edu/lunar/samples/atlas/detail/?mission=Apollo%2017&sample=72417,641fdf8700c933e37edea418765b47c28db14f6788bc4fd6889fe7d7c39f9a3f,2026-10-04T09:30:45.057235+00:00,downloaded,"Lunar Sample Compendium, 72415.pdf",https://www.lpi.usra.edu/lunar/samples/atlas/compendium/72415.pdf,compendium,
72417,Apollo 17,https://www.lpi.usra.edu/lunar/samples/atlas/detail/?mission=Apollo%2017&sample=72417,641fdf8700c933e37edea418765b47c28db14f6788bc4fd6889fe7d7c39f9a3f,2026-10-04T09:30:45.057235+00:00,downloaded,Lunar Sample Catalog 72417 Description,http://curator.jsc.nasa.gov/lunar/catalogs/apollo17/v1/72417.pdf,catalog,
72418,Apollo 17,https://www.lpi.usra.edu/lunar/samples/atlas/detail/?mission=Apollo%2017&sample=72418,aab3e2bf254f7b820d29920023e0e89ab3bd05c038306b1212d0677912220137,2026-10-04T09:30:45.747463+00:00,downloaded,"Lunar Sample Compendium, 72415.pdf",https://www.lpi.usra.edu/lunar/samples/atlas/compendium/72415.pdf,compendium,
72418,Apollo 17,https://www.lpi.usra.edu/lunar/samples/atlas/detail/?mission=Apollo%2017&sample=72418,aab3e2bf254f7b820d29920023e0e89ab3bd05c038306b1212d0677912220137,2026-10-04T09:30:45.747463+00:00,downloaded,Lunar Sample Catalog 72418 Description,http://curator.jsc.nasa.gov/lunar/catalogs/apollo17/v1/72418.pdf,catalog,
72430,Apollo 17,https://www.lpi.usra.edu/lunar/samples/atlas/detail/?mission=Apollo%2017&sample=72430,6afbf73662b1aeb99f1d0901964c7c5213e77906e977436fa34d576900f30902,2026-10-04T09:30:46.401635+00:00,downloaded_no_pdf,,,,
72431,Apollo 17,https://www.lpi.usra.edu/lunar/samples/atlas/detail/?mission=Apollo%2017&sample=72431,023613727e17cf018be2e5220303bf169517275e7872b8e2c6b9252d19036ae4,2026-10-04T09:30:47.064325+00:00,downloaded,"Lunar Sample Compendium, 72431.pdf",https://www.lpi.usra.edu/lunar/samples/atlas/compendium/72431.pdf,compendium,
72432,Apollo 17,https://www.lpi.usra.edu/lunar/samples/atlas/detail/?mission=Apollo%2017&sample=72432,b4bc4b64a89bbf62bff3b10547788e73d8eff7017dd607b6d470b6c7000178bd,2026-10-04T09:30:47.715811+00:00,downloaded_no_pdf,,,,
72433,Apollo 17,https://www.lpi.usra.edu/lunar/samples/atlas/detail/?mission=Apollo%2017&sample=72433,8218dc5dfc435909cc63dfc12c608eb549ac5fc54caef6df388ba12c78130f51,2026-10-04T09:30:48.370278+00:00,downloaded_no_pdf,,,,
72434,Apollo 17,https://www.lpi.usra.edu/lunar/samples/atlas/detail/?mission=Apollo%2017&sample=72434,31be89077d3ba970fe1481edb0acc7c725382cbcaae8253a5653027f9e33ecd2,2026-10-04T09:30:49.040892+00:00,downloaded_no_pdf,,,,
72435,Apollo 17,https://www.lpi.usra.edu/lunar/samples/atlas/detail/?mission=Apollo%2017&sample=72435,5d3d3a754fd0a74b5956573d2c33de21c26b9aaa965f5cb8d55e44a3dca9491d,2026-10-04T09:30:49.835947+00:00,downloaded,"Lunar Sample Compendium, 72435.pdf",https://www.lpi.usra.edu/lunar/samples/atlas/compendium/72435.pdf,compendium,
72435,Apollo 17,https://www.lpi.usra.edu/lunar/samples/atlas/detail/?mission=Apollo%2017&sample=72435,5d3d3a754fd0a74b5956573d2c33de21c26b9aaa965f5cb8d55e44a3dca9491d,2026-10-04T09:30:49.835947+00:00,downloaded,Lunar Sample Catalog 72435 Description,http://curator.jsc.nasa.gov/lunar/catalogs/apollo17/v1/72435.pdf,catalog,
72440,Apollo 17,https://www.lpi.usra.edu/lunar/samples/atlas/detail/?mission=Apollo%2017&sample=72440,3be6cd5298a96220d4506fd11bd5a08f69e8a600a0d8eecb7a4d130783ad1590,2026-10-04T09:30:50.553000+00:00,downloaded_no_pdf,,,,
72441,Apollo 17,https://www.lpi.usra.edu/lunar/samples/atlas/detail/?mission=Apollo%2017&sample=72441,e4dc770efc359be88235cbb8fa8d9f5047bca02dd942c0073ba3e7e3c07c3555,2026-10-04T09:30:51.317798+00:00,downloaded,"Lunar Sample Compendium, 72441.pdf",https://www.lpi.usra.edu/lunar/samples/atlas/compendium/72441.pdf,compendium,
72442,Apollo 17,https://www.lpi.usra.edu/lunar/samples/atlas/detail/?mission=Apollo%2017&sample=72442,e665b2c14de3ee8eb3e029a32267e70ec7981123af032fb3de728a0c07e001bd,2026-10-04T09:30:51.973392+00:00,downloaded_no_pdf,,,,
72443,Apollo 17,https://www.lpi.usra.edu/lunar/samples/atlas/detail/?mission=Apollo%2017&sample=72443,018bcf6e1ad2ff9765dbc013385a57e106f7f76a4b480880f8367c3812474a73,2026-10-04T09:30:52.756305+00:00,downloaded_no_pdf,,,,
72444,Apollo 17,https://www.lpi.usra.edu/lunar/samples/atlas/detail/?mission=Apollo%2017&sample=72444,3a159355ed51438ff6c9e5c88e7d28e61ff4abce4c9d0012e441f6e51b8d9bd3,2026-10-04T09:30:53.403025+00:00,downloaded_no_pdf,,,,
72460,Apollo 17,https://www.lpi.usra.edu/lunar/samples/atlas/detail/?mission=Apollo%2017&sample=72460,b0f1e9e0adc0336db965c401914df2aad7cd3dc570a5f8dea1be146e2c3ed12e,2026-10-04T09:30:54.190281+00:00,downloaded_no_pdf,,,,
72461,Apollo 17,https://www.lpi.usra.edu/lunar/samples/atlas/detail/?mission=Apollo%2017&sample=72461,c9f8182dc194dea6a29ab9ab07bafe3222dd02a13c6ac067e75b005038e705df,2026-10-04T09:30:54.844822+00:00,downloaded,"Lunar Sample Compendium, 72441.pdf",https://www.lpi.usra.edu/lunar/samples/atlas/compendium/72441.pdf,compendium,
72462,Apollo 17,https://www.lpi.usra.edu/lunar/samples/atlas/detail/?mission=Apollo%2017&sample=72462,10af04dc512ac93478e0f88fa17cdf3e42acda53af49d5705567235d3fe252b0,2026-10-04T09:30:55.532457+00:00,downloaded_no_pdf,,,,
72463,Apollo 17,https://www.lpi.usra.edu/lunar/samples/atlas/detail/?mission=Apollo%2017&sample=72463,95878397e5e9f90e7cf89e90c4c52340b22fb6e129fe3c50bbc98c776f39a854,2026-10-04T09:30:56.177583+00:00,downloaded_no_pdf,,,,
72464,Apollo 17,https://www.lpi.usra.edu/lunar/samples/atlas/detail/?mission=Apollo%2017&sample=72464,5b9ea5042af5aa6d36ce778281d5138bb53cf9166a350c51265a1b6d79077c8b,2026-10-04T09:30:57.015668+00:00,downloaded_no_pdf,,,,
72500,Apollo 17,https://www.lpi.usra.edu/lunar/samples/atlas/detail/?mission=Apollo%2017&sample=72500,b7e720166d3a615ba5e1777fe285cb3afe0de5f00def78f13c90077c2d1b1172,2026-10-04T09:30:57.674411+00:00,downloaded_no_pdf,,,,
72501,Apollo 17,https://www.lpi.usra.edu/lunar/samples/atlas/detail/?mission=Apollo%2017&sample=72501,80794aaad123d1763fa2bcce6d0c114c5e8d52d9df6100c7fc3ab0da4945a5da,2026-10-04T09:30:58.333056+00:00,downloaded,"Lunar Sample Compendium, 72501.pdf",https://www.lpi.usra.edu/lunar/samples/atlas/compendium/72501.pdf,compendium,
72502,Apollo 17,https://www.lpi.usra.edu/lunar/samples/atlas/detail/?mission=Apollo%2017&sample=72502,46677143cabdc6f5f5ff1005def5840c708df241fb559dfbd02c2f5a849fdf70,2026-10-04T09:30:59.119388+00:00,downloaded_no_pdf,,,,
72503,Apollo 17,https://www.lpi.usra.edu/lunar/samples/atlas/detail/?mission=Apollo%2017&sample=72503,0e30cc466bdaf494ee7837790f028bbd3e73b9c15c3bf552e1db3e43330174fd,2026-10-04T09:30:59.779919+00:00,downloaded_no_pdf,,,,
72504,Apollo 17,https://www.lpi.usra.edu/lunar/samples/atlas/detail/?mission=Apollo%2017&sample=72504,00e588db84141e7e74ff7a5bf4990d16c4ec9ab7364076d28d94b41758cb58d7,2026-10-04T09:31:00.425199+00:00,downloaded_no_pdf,,,,
72505,Apollo 17,https://www.lpi.usra.edu/lunar/samples/atlas/detail/?mission=Apollo%2017&sample=72505,8bb147493a09bde62d19b606278bb1ee33f166a798ce1c4b1360f697220312cf,2026-10-04T09:31:01.093378+00:00,downloaded,Lunar Sample Catalog 72505 Description,http://curator.jsc.nasa.gov/lunar/catalogs/apollo17/v1/72505.pdf,catalog,
72530,Apollo 17,https://www.lpi.usra.edu/lunar/samples/atlas/detail/?mission=Apollo%2017&sample=72530,7c548dae8e246ad369ee1ed170683a79652c558dfb41a14eccc1a407de3c5869,2026-10-04T09:31:01.898436+00:00,downloaded,"Lunar Sample Compendium, 72501.pdf",https://www.lpi.usra.edu/lunar/samples/atlas/compendium/72501.pdf,compendium,
72531,Apollo 17,https://www.lpi.usra.edu/lunar/samples/atlas/detail/?mission=Apollo%2017&sample=72531,bd4cf4c97e0974a5b699e4ecc35aebe297d1dd6133ecbc808f81628ab7bd0520,2026-10-04T09:31:02.680941+00:00,downloaded_no_pdf,,,,
72532,Apollo 17,https://www.lpi.usra.edu/lunar/samples/atlas/detail/?mission=Apollo%2017&sample=72532,2b894258d7e54655f0b00334fa0385342ca0bc702199d6747fa3ebafd929d7dd,2026-10-04T09:31:03.329357+00:00,downloaded_no_pdf,,,,
72533,Apollo 17,https://www.lpi.usra.edu/lunar/samples/atlas/detail/?mission=Apollo%2017&sample=72533,06a96739bb0edddbe427064b22b2a00385ce3376c04de05fa3d35d3bcf657947,2026-10-04T09:31:03.978163+00:00,downloaded_no_pdf,,,,
72534,Apollo 17,https://www.lpi.usra.edu/lunar/samples/atlas/detail/?mission=Apollo%2017&sample=72534,8e629e1f515e8c769ee507085776342b3e461a85f508f4c58fc7f1483a8e7c08,2026-10-04T09:31:04.752615+00:00,downloaded_no_pdf,,,,
72535,Apollo 17,https://www.lpi.usra.edu/lunar/samples/atlas/detail/?mission=Apollo%2017&sample=72535,501d98e6ebe2b76c4e1afe6d224080cda583c005ba27edcbfc0c9683f9d67741,2026-10-04T09:31:05.406893+00:00,downloaded,"Lunar Sample Compendium, 72535.pdf",https://www.lpi.usra.edu/lunar/samples/atlas/compendium/72535.pdf,compendium,
72535,Apollo 17,https://www.lpi.usra.edu/lunar/samples/atlas/detail/?mission=Apollo%2017&sample=72535,501d98e6ebe2b76c4e1afe6d224080cda583c005ba27edcbfc0c9683f9d67741,2026-10-04T09:31:05.406893+00:00,downloaded,Lunar Sample Catalog 72535 Description,http://curator.jsc.nasa.gov/lunar/catalogs/apollo17/v1/72535.pdf,catalog,
72536,Apollo 17,https://www.lpi.usra.edu/lunar/samples/atlas/detail/?mission=Apollo%2017&sample=72536,7be5364dc21e5a2433cdd35de90dea81c41a0907cdbaa0bf4cbb02aaa79513e9,2026-10-04T09:31:06.099308+00:00,downloaded,"Lunar Sample Compendium, 72535.pdf",https://www.lpi.usra.edu/lunar/samples/atlas/compendium/72535.pdf,compendium,
72536,Apollo 17,https://www.lpi.usra.edu/lunar/samples/atlas/detail/?mission=Apollo%2017&sample=72536,7be5364dc21e5a2433cdd35de90dea81c41a0907cdbaa0bf4cbb02aaa79513e9,2026-10-04T09:31:06.099308+00:00,downloaded,Lunar Sample Catalog 72536 Description,http://curator.jsc.nasa.gov/lunar/catalogs/apollo17/v1/72536.pdf,catalog,
72537,Apollo 17,https://www.lpi.usra.edu/lunar/samples/atlas/detail/?mission=Apollo%2017&sample=72537,bdc9faddbf918acbe44eaf4884b63998cb2757771bf5cdd60036de131d920ada,2026-10-04T09:31:06.914068+00:00,downloaded,Lunar Sample Catalog 72537 Description,http://curator.jsc.nasa.gov/lunar/catalogs/apollo17/v1/72537.pdf,catalog,
72538,Apollo 17,https://www.lpi.usra.edu/lunar/samples/atlas/detail/?mission=Apollo%2017&sample=72538,8762bfbbaa2f4372db43298ddf80fdebff8153892315f7c81947338ab91da4c7,2026-10-04T09:31:07.691888+00:00,downloaded,Lunar Sample Catalog 72538 Description,http://curator.jsc.nasa.gov/lunar/catalogs/apollo17/v1/72538.pdf,catalog,
72539,Apollo 17,https://www.lpi.usra.edu/lunar/samples/atlas/detail/?mission=Apollo%2017&sample=72539,8d69b4737c0f4d8ec6c3f8e8197fdfa7b50abb072f5a0f43ece7fdbfdafd232d,2026-10-04T09:31:08.479535+00:00,downloaded,"Lunar Sample Compendium, 72539.pdf",https://www.lpi.usra.edu/lunar/samples/atlas/compendium/72539.pdf,compendium,
72539,Apollo 17,https://www.lpi.usra.edu/lunar/samples/atlas/detail/?mission=Apollo%2017&sample=72539,8d69b4737c0f4d8ec6c3f8e8197fdfa7b50abb072f5a0f43ece7fdbfdafd232d,2026-10-04T09:31:08.479535+00:00,downloaded,Lunar Sample Catalog 72539 Description,http://curator.jsc.nasa.gov/lunar/catalogs/apollo17/v1/72539.pdf,catalog,
72540,Apollo 17,https://www.lpi.usra.edu/lunar/samples/atlas/detail/?mission=Apollo%2017&sample=72540,ebd7cd80c1f31390d44d587f0c17eb33af3a057068268e63f90207b9ad07c658,2026-10-04T09:31:09.272284+00:00,downloaded_no_pdf,,,,
72541,Apollo 17,https://www.lpi.usra.edu/lunar/samples/atlas/detail/?mission=Apollo%2017&sample=72541,79455a35ad18d7bb48f845f92e5670657a1de1c01c8fa2c3da365061ef379947,2026-10-04T09:31:09.929166+00:00,downloaded_no_pdf,,,,
72542,Apollo 17,https://www.lpi.usra.edu/lunar/samples/atlas/detail/?mission=Apollo%2017&sample=72542,be13c72e20309e419b6c74ee25a3beba55e6dcc83185c21863db5e9a58442183,2026-10-04T09:31:10.581834+00:00,downloaded_no_pdf,,,,
72543,Apollo 17,https://www.lpi.usra.edu/lunar/samples/atlas/detail/?mission=Apollo%2017&sample=72543,cec05cee428981508249f507627b4ffa4cc28c54ecee0f0830e8498b449a1cc4,2026-10-04T09:31:11.369058+00:00,downloaded_no_pdf,,,,
72544,Apollo 17,https://www.lpi.usra.edu/lunar/samples/atlas/detail/?mission=Apollo%2017&sample=72544,856be33055c6866516dfe79c90fd35daf7ff73f2d531ac0d9fc24ee1ab97a1d5,2026-10-04T09:31:12.016440+00:00,downloaded_no_pdf,,,,
72545,Apollo 17,https://www.lpi.usra.edu/lunar/samples/atlas/detail/?mission=Apollo%2017&sample=72545,0d41473e37f1f73d598b2ecf23564dd11fe223f2447877b9323c9a70d8b78b38,2026-10-04T09:31:12.660907+00:00,downloaded,Lunar Sample Catalog 72545 Description,http://curator.jsc.nasa.gov/lunar/catalogs/apollo17/v1/72545.pdf,catalog,
72546,Apollo 17,https://www.lpi.usra.edu/lunar/samples/atlas/detail/?mission=Apollo%2017&sample=72546,b2eacacaf4d3cb0479af056f70cd36fc57d051ee31447e1f2808f75b8b1b5884,2026-10-04T09:31:13.439916+00:00,downloaded,Lunar Sample Catalog 72546 Description,http://curator.jsc.nasa.gov/lunar/catalogs/apollo17/v1/72546.pdf,catalog,
72547,Apollo 17,https://www.lpi.usra.edu/lunar/samples/atlas/detail/?mission=Apollo%2017&sample=72547,6e9b5c313db7841ec8205641ba50b7bc6467a894be7f8aa4eb8e0376fc9ab7eb,2026-10-04T09:31:14.092418+00:00,downloaded,Lunar Sample Catalog 72547 Description,http://curator.jsc.nasa.gov/lunar/catalogs/apollo17/v1/72547.pdf,catalog,
72548,Apollo 17,https://www.lpi.usra.edu/lunar/samples/atlas/detail/?mission=Apollo%2017&sample=72548,929b54a6146e20aa8d23b31124924c36f2d827098024582606f128f77df269de,2026-10-04T09:31:14.761153+00:00,downloaded,"Lunar Sample Compendium, 72548.pdf",https://www.lpi.usra.edu/lunar/samples/atlas/compendium/72548.pdf,compendium,
72548,Apollo 17,https://www.lpi.usra.edu/lunar/samples/atlas/detail/?mission=Apollo%2017&sample=72548,929b54a6146e20aa8d23b31124924c36f2d827098024582606f128f77df269de,2026-10-04T09:31:14.761153+00:00,downloaded,Lunar Sample Catalog 72548 Description,http://curator.jsc.nasa.gov/lunar/catalogs/apollo17/v1/72548.pdf,catalog,
72549,Apollo 17,https://www.lpi.usra.edu/lunar/samples/atlas/detail/?mission=Apollo%2017&sample=72549,2e43e6b33a2223ced327d8574d912066ec0d9bf130ba99f2876781b57ff21245,2026-10-04T09:31:15.465988+00:00,downloaded,"Lunar Sample Compendium, 72548.pdf",https://www.lpi.usra.edu/lunar/samples/atlas/compendium/72548.pdf,compendium,
72549,Apollo 17,https://www.lpi.usra.edu/lunar/samples/atlas/detail/?mission=Apollo%2017&sample=72549,2e43e6b33a2223ced327d8574d912066ec0d9bf130ba99f2876781b57ff21245,2026-10-04T09:31:15.465988+00:00,downloaded,Lunar Sample Catalog 72549 Description,http://curator.jsc.nasa.gov/lunar/catalogs/apollo17/v1/72549.pdf,catalog,
72550,Apollo 17,https://www.lpi.usra.edu/lunar/samples/atlas/detail/?mission=Apollo%2017&sample=72550,a7833477222df7c907d9c2b47cea8cf068de8ae134bbd9b55df11d928c36edf7,2026-10-04T09:31:16.278774+00:00,downloaded_no_pdf,,,,
72551,Apollo 17,https://www.lpi.usra.edu/lunar/samples/atlas/detail/?mission=Apollo%2017&sample=72551,e64d8cd81adb2ae970989fc216f82008eba51a75c15440b6a5fb958716932d80,2026-10-04T09:31:16.924239+00:00,downloaded_no_pdf,,,,
72552,Apollo 17,https://www.lpi.usra.edu/lunar/samples/atlas/detail/?mission=Apollo%2017&sample=72552,85445ea505e744fe5a92ce61478d846c3a2ddec12707b6fb2539aef0195a9a52,2026-10-04T09:31:17.593101+00:00,downloaded_no_pdf,,,,
72553,Apollo 17,https://www.lpi.usra.edu/lunar/samples/atlas/detail/?mission=Apollo%2017&sample=72553,d38ff165b792f0c8f20da4f1ec6f2b29e6e6068108b905a2f51f8926787a2b76,2026-10-04T09:31:18.373714+00:00,downloaded_no_pdf,,,,
72554,Apollo 17,https://www.lpi.usra.edu/lunar/samples/atlas/detail/?mission=Apollo%2017&sample=72554,f15d5b382c59a2f456006bc80405c8598b4f016919a5108d2ad62542a320f562,2026-10-04T09:31:19.032446+00:00,downloaded_no_pdf,,,,
72555,Apollo 17,https://www.lpi.usra.edu/lunar/samples/atlas/detail/?mission=Apollo%2017&sample=72555,34ca829f8d7872b221d2111dda3f413b347feedbbbe857d3f907a20686595d4e,2026-10-04T09:31:19.837656+00:00,downloaded,"Lunar Sample Compendium, 72555.pdf",https://www.lpi.usra.edu/lunar/samples/atlas/compendium/72555.pdf,compendium,
72555,Apollo 17,https://www.lpi.usra.edu/lunar/samples/atlas/detail/?mission=Apollo%2017&sample=72555,34ca829f8d7872b221d2111dda3f413b347feedbbbe857d3f907a20686595d4e,2026-10-04T09:31:19.837656+00:00,downloaded,Lunar Sample Catalog 72555 Description,http://curator.jsc.nasa.gov/lunar/catalogs/apollo17/v1/72555.pdf,catalog,
72556,Apollo 17,https://www.lpi.usra.edu/lunar/samples/atlas/detail/?mission=Apollo%2017&sample=72556,bca58c43e4048ba332e3622acabec720e912c0a9b7089993a8767ef3cefe42e1,2026-10-04T09:31:20.491482+00:00,downloaded,"Lunar Sample Compendium, 72555.pdf",https://www.lpi.usra.edu/lunar/samples/atlas/compendium/72555.pdf,compendium,
72556,Apollo 17,https://www.lpi.usra.edu/lunar/samples/atlas/detail/?mission=Apollo%2017&sample=72556,bca58c43e4048ba332e3622acabec720e912c0a9b7089993a8767ef3cefe42e1,2026-10-04T09:31:20.491482+00:00,downloaded,Lunar Sample Catalog 72556 Description,http://curator.jsc.nasa.gov/lunar/catalogs/apollo17/v1/72556.pdf,catalog,
72557,Apollo 17,https://www.lpi.usra.edu/lunar/samples/atlas/detail/?mission=Apollo%2017&sample=72557,8020cd1a5f1dac159735b07c5f55110b0dc5d4067f40cea41dfc4627cfcd1525,2026-10-04T09:31:21.273588+00:00,downloaded,"Lunar Sample Compendium, 72555.pdf",https://www.lpi.usra.edu/lunar/samples/atlas/compendium/72555.pdf,compendium,
72557,Apollo 17,https://www.lpi.usra.edu/lunar/samples/atlas/detail/?mission=Apollo%2017&sample=72557,8020cd1a5f1dac159735b07c5f55110b0dc5d4067f40cea41dfc4627cfcd1525,2026-10-04T09:31:21.273588+00:00,downloaded,Lunar Sample Catalog 72557 Description,http://curator.jsc.nasa.gov/lunar/catalogs/apollo17/v1/72557.pdf,catalog,
72558,Apollo 17,https://www.lpi.usra.edu/lunar/samples/atlas/detail/?mission=Apollo%2017&sample=72558,46dbc91ca33ee6ee40a7010fbb24caf05c5dbf0933fd9106a1a497df5a630438,2026-10-04T09:31:21.920588+00:00,downloaded,"Lunar Sample Compendium, 72558.pdf",https://www.lpi.usra.edu/lunar/samples/atlas/compendium/72558.pdf,compendium,
72558,Apollo 17,https://www.lpi.usra.edu/lunar/samples/atlas/detail/?mission=Apollo%2017&sample=72558,46dbc91ca33ee6ee40a7010fbb24caf05c5dbf0933fd9106a1a497df5a630438,2026-10-04T09:31:21.920588+00:00,downloaded,Lunar Sample Catalog 72558 Description,http://curator.jsc.nasa.gov/lunar/catalogs/apollo17/v1/72558.pdf,catalog,
72559,Apollo 17,https://www.lpi.usra.edu/lunar/samples/atlas/detail/?mission=Apollo%2017&sample=72559,978c9b452b96ff2391ffe65de511e9cf741d20239793af7c029fae0b21f956c7,2026-10-04T09:31:22.568209+00:00,downloaded,"Lunar Sample Compendium, 72559.pdf",https://www.lpi.usra.edu/lunar/samples/atlas/compendium/72559.pdf,compendium,
72559,Apollo 17,https://www.lpi.usra.edu/lunar/samples/atlas/detail/?mission=Apollo%2017&sample=72559,978c9b452b96ff2391ffe65de511e9cf741d20239793af7c029fae0b21f956c7,2026-10-04T09:31:22.568209+00:00,downloaded,Lunar Sample Catalog 72559 Description,http://curator.jsc.nasa.gov/lunar/catalogs/apollo17/v1/72559.pdf,catalog,
72700,Apollo 17,https://www.lpi.usra.edu/lunar/samples/atlas/detail/?mission=Apollo%2017&sample=72700,664efda1b29e8f598f85e636568fe5dc2edaa13b9c3157b83f248e06057ed189,2026-10-04T09:31:23.399291+00:00,downloaded_no_pdf,,,,
72701,Apollo 17,https://www.lpi.usra.edu/lunar/samples/atlas/detail/?mission=Apollo%2017&sample=72701,101d9476b687d7fd30dd9909677e8256798e560dd8b3c8db01f5296437be03c1,2026-10-04T09:31:25.321469+00:00,downloaded,"Lunar Sample Compendium, 72701.pdf",https://www.lpi.usra.edu/lunar/samples/atlas/compendium/72701.pdf,compendium,
72702,Apollo 17,https://www.lpi.usra.edu/lunar/samples/atlas/detail/?mission=Apollo%2017&sample=72702,ee5d664cd7f4ce91f5e4edae4ab9703ebdef1a7746a1eceb134b6e5d2ba6b79f,2026-10-04T09:31:25.973953+00:00,downloaded_no_pdf,,,,
72703,Apollo 17,https://www.lpi.usra.edu/lunar/samples/atlas/detail/?mission=Apollo%2017&sample=72703,abdd400692d2e00c303875ebd4f370c78cd6bfd1cd613ee1d3d214a5e7112c42,2026-10-04T09:31:26.624305+00:00,downloaded_no_pdf,,,,
72704,Apollo 17,https://www.lpi.usra.edu/lunar/samples/atlas/detail/?mission=Apollo%2017&sample=72704,72eea20bf85a0fe793c6fbe08363ca5606aeea0154e1ab26ce929056bfa515d8,2026-10-04T09:31:27.276360+00:00,downloaded_no_pdf,,,,
72705,Apollo 17,https://www.lpi.usra.edu/lunar/samples/atlas/detail/?mission=Apollo%2017&sample=72705,1b4153c0ea5165ae34fd12ba01700bb56cfd5df7cfa32d38d60bfe1459a0b857,2026-10-04T09:31:28.051394+00:00,downloaded,Lunar Sample Catalog 72705 Description,http://curator.jsc.nasa.gov/lunar/catalogs/apollo17/v1/72705.pdf,catalog,
72730,Apollo 17,https://www.lpi.usra.edu/lunar/samples/atlas/detail/?mission=Apollo%2017&sample=72730,e863a1e4de756873d454794254e7fd66080f26cccb88cd489ce63d7fbd532bdc,2026-10-04T09:31:28.845010+00:00,downloaded,"Lunar Sample Compendium, 72701.pdf",https://www.lpi.usra.edu/lunar/samples/atlas/compendium/72701.pdf,compendium,
72735,Apollo 17,https://www.lpi.usra.edu/lunar/samples/atlas/detail/?mission=Apollo%2017&sample=72735,6be0404be9e97407d947993db65377214788d0ea648f38e1f3ee38a79a893045,2026-10-04T09:31:29.492241+00:00,downloaded,"Lunar Sample Compendium, 72735.pdf",https://www.lpi.usra.edu/lunar/samples/atlas/compendium/72735.pdf,compendium,
72735,Apollo 17,https://www.lpi.usra.edu/lunar/samples/atlas/detail/?mission=Apollo%2017&sample=72735,6be0404be9e97407d947993db65377214788d0ea648f38e1f3ee38a79a893045,2026-10-04T09:31:29.492241+00:00,downloaded,Lunar Sample Catalog 72735 Description,http://curator.jsc.nasa.gov/lunar/catalogs/apollo17/v1/72735.pdf,catalog,
72736,Apollo 17,https://www.lpi.usra.edu/lunar/samples/atlas/detail/?mission=Apollo%2017&sample=72736,6f98ff6b5568f1325d4260dec1d896a1fd45eb641c2e566c73219fddce7f72de,2026-10-04T09:31:30.179742+00:00,downloaded,"Lunar Sample Compendium, 72736.pdf",https://www.lpi.usra.edu/lunar/samples/atlas/compendium/72736.pdf,compendium,
72736,Apollo 17,https://www.lpi.usra.edu/lunar/samples/atlas/detail/?mission=Apollo%2017&sample=72736,6f98ff6b5568f1325d4260dec1d896a1fd45eb641c2e566c73219fddce7f72de,2026-10-04T09:31:30.179742+00:00,downloaded,Lunar Sample Catalog 72736 Description,http://curator.jsc.nasa.gov/lunar/catalogs/apollo17/v1/72736.pdf,catalog,
72737,Apollo 17,https://www.lpi.usra.edu/lunar/samples/atlas/detail/?mission=Apollo%2017&sample=72737,7ca98313e7b9448e9cd468c9e698515c9a4982e0c544de1f6706189718a0e2b3,2026-10-04T09:31:30.873274+00:00,downloaded,Lunar Sample Catalog 72737 Description,http://curator.jsc.nasa.gov/lunar/catalogs/apollo17/v1/72737.pdf,catalog,
72738,Apollo 17,https://www.lpi.usra.edu/lunar/samples/atlas/detail/?mission=Apollo%2017&sample=72738,3f06c85559fd58834bbb93c78859a1b49ec716c85d2a865f428b5867831909c8,2026-10-04T09:31:31.654300+00:00,downloaded,"Lunar Sample Compendium, 72738.pdf",https://www.lpi.usra.edu/lunar/samples/atlas/compendium/72738.pdf,compendium,
72738,Apollo 17,https://www.lpi.usra.edu/lunar/samples/atlas/detail/?mission=Apollo%2017&sample=72738,3f06c85559fd58834bbb93c78859a1b49ec716c85d2a865f428b5867831909c8,2026-10-04T09:31:31.654300+00:00,downloaded,Lunar Sample Catalog 72738 Description,http://curator.jsc.nasa.gov/lunar/catalogs/apollo17/v1/72738.pdf,catalog,
73001,Apollo 17,https://www.lpi.usra.edu/lunar/samples/atlas/detail/?mission=Apollo%2017&sample=73001,7a82880d2eece698673d113f2d33a914f2eda1ff93e5b172dec9450f26661ef3,2026-10-04T09:31:32.344683+00:00,downloaded,"Lunar Sample Compendium, 73001.pdf",https://www.lpi.usra.edu/lunar/samples/atlas/compendium/73001.pdf,compendium,
73002,Apollo 17,https://www.lpi.usra.edu/lunar/samples/atlas/detail/?mission=Apollo%2017&sample=73002,9b4969900bfa684a4a873aececea1f88762a07c92ac638030031430a5443c091,2026-10-04T09:31:32.998043+00:00,downloaded,"Lunar Sample Compendium, 73001.pdf",https://www.lpi.usra.edu/lunar/samples/atlas/compendium/73001.pdf,compendium,
73120,Apollo 17,https://www.lpi.usra.edu/lunar/samples/atlas/detail/?mission=Apollo%2017&sample=73120,d642c90bed816c2f4fbbc5a7d97aa0acdcae4718025a29fa19a962a78ca042c8,2026-10-04T09:31:33.659223+00:00,downloaded_no_pdf,,,,
73124,Apollo 17,https://www.lpi.usra.edu/lunar/samples/atlas/detail/?mission=Apollo%2017&sample=73124,0ecd82f4c7ef29d5832d208d3646d7385581d93167a157fdc1e10461710ba504,2026-10-04T09:31:34.429149+00:00,downloaded_no_pdf,,,,
73130,Apollo 17,https://www.lpi.usra.edu/lunar/samples/atlas/detail/?mission=Apollo%2017&sample=73130,ec0b2bcdd8d3495d2469aa37623daf043f8bc55a88558f632540f07d2f6d6dc7,2026-10-04T09:31:35.212998+00:00,downloaded_no_pdf,,,,
73131,Apollo 17,https://www.lpi.usra.edu/lunar/samples/atlas/detail/?mission=Apollo%2017&sample=73131,427276b012db51fcc4dfdf1fe01d4804702b3705482c3bd1479bd10d15452e98,2026-10-04T09:31:35.862232+00:00,downloaded,"Lunar Sample Compendium, 73131.pdf",https://www.lpi.usra.edu/lunar/samples/atlas/compendium/73131.pdf,compendium,
73132,Apollo 17,https://www.lpi.usra.edu/lunar/samples/atlas/detail/?mission=Apollo%2017&sample=73132,856e2cd4a9eeb8b4ee4b54c28cea7c61ec973bc0760975c88b9a7440f24831a8,2026-10-04T09:31:36.507684+00:00,downloaded_no_pdf,,,,
73134,Apollo 17,https://www.lpi.usra.edu/lunar/samples/atlas/detail/?mission=Apollo%2017&sample=73134,dc32491f0cf919801888dc30fafc3dd27b18a4439b6b0f6f4f5024dd09a31bc6,2026-10-04T09:31:37.335771+00:00,downloaded_no_pdf,,,,
73140,Apollo 17,https://www.lpi.usra.edu/lunar/samples/atlas/detail/?mission=Apollo%2017&sample=73140,4352baa5e41a3622588b269afd6a05c400ac7be9892dee3dafa53b02faf7d5a7,2026-10-04T09:31:37.985621+00:00,downloaded_no_pdf,,,,
73141,Apollo 17,https://www.lpi.usra.edu/lunar/samples/atlas/detail/?mission=Apollo%2017&sample=73141,1c008839682081f78569e1cb9f74d4a8631782ccdd0dc1f1a206a2c6a0aafb26,2026-10-04T09:31:38.639783+00:00,downloaded,"Lunar Sample Compendium, 73121.pdf",https://www.lpi.usra.edu/lunar/samples/atlas/compendium/73121.pdf,compendium,
73142,Apollo 17,https://www.lpi.usra.edu/lunar/samples/atlas/detail/?mission=Apollo%2017&sample=73142,57fc5414374694088da7c7feffd5dab3dc670b024f7bc032181db25be68d7b81,2026-10-04T09:31:39.439176+00:00,downloaded_no_pdf,,,,
73143,Apollo 17,https://www.lpi.usra.edu/lunar/samples/atlas/detail/?mission=Apollo%2017&sample=73143,6ebf2b553e8449bdd3f4abf7dab5e649f2572b6f15b3233a8e463d32f3ff1ed6,2026-10-04T09:31:40.214289+00:00,downloaded_no_pdf,,,,
73144,Apollo 17,https://www.lpi.usra.edu/lunar/samples/atlas/detail/?mission=Apollo%2017&sample=73144,864702fad023eae6f25fb0592779d9a0eccd89d6892d4955aaad0678de111799,2026-10-04T09:31:40.996347+00:00,downloaded_no_pdf,,,,
73145,Apollo 17,https://www.lpi.usra.edu/lunar/samples/atlas/detail/?mission=Apollo%2017&sample=73145,c50ff7e72982054c6dcee50700ca552a079431a35436114e35a23e31a07c4a6d,2026-10-04T09:31:41.657808+00:00,downloaded,Lunar Sample Catalog 73145 Description,http://curator.jsc.nasa.gov/lunar/catalogs/apollo17/v1/73145.pdf,catalog,
73146,Apollo 17,https://www.lpi.usra.edu/lunar/samples/atlas/detail/?mission=Apollo%2017&sample=73146,f5752a198ad4ac7a32925576633b089d763d08a2a0dde1caa7f4587ece986599,2026-10-04T09:31:42.444911+00:00,downloaded,Lunar Sample Catalog 73146 Description,http://curator.jsc.nasa.gov/lunar/catalogs/apollo17/v1/73146.pdf,catalog,
73150,Apollo 17,https://www.lpi.usra.edu/lunar/samples/atlas/detail/?mission=Apollo%2017&sample=73150,6d6649b42c1a911343adca04d4a6a3d8c57aa09039dc8277edbee5e90f32688c,2026-10-04T09:31:43.267946+00:00,downloaded_no_pdf,,,,
73151,Apollo 17,https://www.lpi.usra.edu/lunar/samples/atlas/detail/?mission=Apollo%2017&sample=73151,23d4d88743f915ba02632708805d09ab312c10646ff4ccff0c51f77d230ba5cc,2026-10-04T09:31:44.036596+00:00,downloaded,"Lunar Sample Compendium, 73151.pdf",https://www.lpi.usra.edu/lunar/samples/atlas/compendium/73151.pdf,compendium,
73153,Apollo 17,https://www.lpi.usra.edu/lunar/samples/atlas/detail/?mission=Apollo%2017&sample=73153,565e2265e3d2e58c257a73a6e1a57a830593cae4f5bbfdf78b83cf8448d34326,2026-10-04T09:31:44.682369+00:00,downloaded_no_pdf,,,,
73154,Apollo 17,https://www.lpi.usra.edu/lunar/samples/atlas/detail/?mission=Apollo%2017&sample=73154,052f8eea205fcb9225cff92a0e15dd37fc07c7d13435e2f8f1e3a72e16f5ef00,2026-10-04T09:31:45.466650+00:00,downloaded_no_pdf,,,,
73155,Apollo 17,https://www.lpi.usra.edu/lunar/samples/atlas/detail/?mission=Apollo%2017&sample=73155,57dd8c72f188592dbc9f3de6d1d64d43307ed2e4a1b4e44d62da7cad726a1f86,2026-10-04T09:31:46.122404+00:00,downloaded,"Lunar Sample Compendium, 73155.pdf",https://www.lpi.usra.edu/lunar/samples/atlas/compendium/73155.pdf,compendium,
73155,Apollo 17,https://www.lpi.usra.edu/lunar/samples/atlas/detail/?mission=Apollo%2017&sample=73155,57dd8c72f188592dbc9f3de6d1d64d43307ed2e4a1b4e44d62da7cad726a1f86,2026-10-04T09:31:46.122404+00:00,downloaded,Lunar Sample Catalog 73155 Description,http://curator.jsc.nasa.gov/lunar/catalogs/apollo17/v1/73155.pdf,catalog,
73156,Apollo 17,https://www.lpi.usra.edu/lunar/samples/atlas/detail/?mission=Apollo%2017&sample=73156,532a61efe6dbe57d8e815151d519c480c81ec9a3dca56f4acba0b0dea9782b77,2026-10-04T09:31:46.947062+00:00,downloaded,Lunar Sample Catalog 73156 Description,http://curator.jsc.nasa.gov/lunar/catalogs/apollo17/v1/73156.pdf,catalog,
73210,Apollo 17,https://www.lpi.usra.edu/lunar/samples/atlas/detail/?mission=Apollo%2017&sample=73210,25dffc0e1525439553be76702b709dda0d4590431fecb3288f750b30fcdd5d2f,2026-10-04T09:31:47.732677+00:00,downloaded_no_pdf,,,,
73211,Apollo 17,https://www.lpi.usra.edu/lunar/samples/atlas/detail/?mission=Apollo%2017&sample=73211,fcb37869369d2cfe9a3dfabc55df3127858640843e90bcac671ea018568998aa,2026-10-04T09:31:48.403320+00:00,downloaded,"Lunar Sample Compendium, 73211.pdf",https://www.lpi.usra.edu/lunar/samples/atlas/compendium/73211.pdf,compendium,
73212,Apollo 17,https://www.lpi.usra.edu/lunar/samples/atlas/detail/?mission=Apollo%2017&sample=73212,9ff5fdb4b09e7f43786c9c3ab0a8106e671aa35f681119fbfcb599b7959d9d19,2026-10-04T09:31:49.076953+00:00,downloaded_no_pdf,,,,
73213,Apollo 17,https://www.lpi.usra.edu/lunar/samples/atlas/detail/?mission=Apollo%2017&sample=73213,0f29a9a85964249c18cb9ec4c8159de5ba99bd4be15a4fb01ebf29271516d681,2026-10-04T09:31:49.729846+00:00,downloaded_no_pdf,,,,
73214,Apollo 17,https://www.lpi.usra.edu/lunar/samples/atlas/detail/?mission=Apollo%2017&sample=73214,090c2eccc49f709cbbfa3a91b76811a2e23cf3b97dfe25bdb4041a77b0287bf7,2026-10-04T09:31:50.403511+00:00,downloaded_no_pdf,,,,
73215,Apollo 17,https://www.lpi.usra.edu/lunar/samples/atlas/detail/?mission=Apollo%2017&sample=73215,9caf802eb13acc69fd9e9ab5a7f9441b59033398a6c7bb05d8081871778da733,2026-10-04T09:31:51.178617+00:00,downloaded,"Lunar Sample Compendium, 73215.pdf",https://www.lpi.usra.edu/lunar/samples/atlas/compendium/73215.pdf,compendium,
73215,Apollo 17,https://www.lpi.usra.edu/lunar/samples/atlas/detail/?mission=Apollo%2017&sample=73215,9caf802eb13acc69fd9e9ab5a7f9441b59033398a6c7bb05d8081871778da733,2026-10-04T09:31:51.178617+00:00,downloaded,Lunar Sample Catalog 73215 Description,http://curator.jsc.nasa.gov/lunar/catalogs/apollo17/v1/73215.pdf,catalog,
73216,Apollo 17,https://www.lpi.usra.edu/lunar/samples/atlas/detail/?mission=Apollo%2017&sample=73216,c254f25b0d8c50200719b1cc899a4ea1de167059ef6370d3c2cbfc30a12bed82,2026-10-04T09:31:52.024637+00:00,downloaded,"Lunar Sample Compendium, 73216.pdf",https://www.lpi.usra.edu/lunar/samples/atlas/compendium/73216.pdf,compendium,
73216,Apollo 17,https://www.lpi.usra.edu/lunar/samples/atlas/detail/?mission=Apollo%2017&sample=73216,c254f25b0d8c50200719b1cc899a4ea1de167059ef6370d3c2cbfc30a12bed82,2026-10-04T09:31:52.024637+00:00,downloaded,Lunar Sample Catalog 73216 Description,http://curator.jsc.nasa.gov/lunar/catalogs/apollo17/v1/73216.pdf,catalog,
73217,Apollo 17,https://www.lpi.usra.edu/lunar/samples/atlas/detail/?mission=Apollo%2017&sample=73217,259c5aeff211c9754005ee559fb2f4db4c5a9fc8b9faf7ead7baa5d83af8c24e,2026-10-04T09:31:52.862185+00:00,downloaded,"Lunar Sample Compendium, 73217.pdf",https://www.lpi.usra.edu/lunar/samples/atlas/compendium/73217.pdf,compendium,
73217,Apollo 17,https://www.lpi.usra.edu/lunar/samples/atlas/detail/?mission=Apollo%2017&sample=73217,259c5aeff211c9754005ee559fb2f4db4c5a9fc8b9faf7ead7baa5d83af8c24e,2026-10-04T09:31:52.862185+00:00,downloaded,Lunar Sample Catalog 73217 Description,http://curator.jsc.nasa.gov/lunar/catalogs/apollo17/v1/73217.pdf,catalog,
73218,Apollo 17,https://www.lpi.usra.edu/lunar/samples/atlas/detail/?mission=Apollo%2017&sample=73218,ae5ccf35583b9a09ab5ebd74be8c453ba235f67937d655407ee7513e9da3c07f,2026-10-04T09:31:53.571979+00:00,downloaded,"Lunar Sample Compendium, 73218.pdf",https://www.lpi.usra.edu/lunar/samples/atlas/compendium/73218.pdf,compendium,
73218,Apollo 17,https://www.lpi.usra.edu/lunar/samples/atlas/detail/?mission=Apollo%2017&sample=73218,ae5ccf35583b9a09ab5ebd74be8c453ba235f67937d655407ee7513e9da3c07f,2026-10-04T09:31:53.571979+00:00,downloaded,Lunar Sample Catalog 73218 Description,http://curator.jsc.nasa.gov/lunar/catalogs/apollo17/v1/73218.pdf,catalog,
73219,Apollo 17,https://www.lpi.usra.edu/lunar/samples/atlas/detail/?mission=Apollo%2017&sample=73219,ad86e028cdce668cd5e8a202bc9c000483fda03dc24c3b368127e31119d75c45,2026-10-04T09:31:54.399499+00:00,downloaded,Lunar Sample Catalog 73219 Description,http://curator.jsc.nasa.gov/lunar/catalogs/apollo17/v1/73219.pdf,catalog,
73220,Apollo 17,https://www.lpi.usra.edu/lunar/samples/atlas/detail/?mission=Apollo%2017&sample=73220,0d42fe45e1e7bf4d9e82fda313dcb92d4d915b83d0254484eba193e7cf270df0,2026-10-04T09:31:55.088918+00:00,downloaded_no_pdf,,,,
73221,Apollo 17,https://www.lpi.usra.edu/lunar/samples/atlas/detail/?mission=Apollo%2017&sample=73221,8b6eceecbc4b2cc4a97330f0e0d7f6f304b58ea379fb027fdce0ae8c201bdd61,2026-10-04T09:31:55.864882+00:00,downloaded,"Lunar Sample Compendium, 73221.pdf",https://www.lpi.usra.edu/lunar/samples/atlas/compendium/73221.pdf,compendium,
73222,Apollo 17,https://www.lpi.usra.edu/lunar/samples/atlas/detail/?mission=Apollo%2017&sample=73222,8aad10c5f3cabac5aba0f53fba91d61a242a1a5b0d3cdea3482c20ffeece24e8,2026-10-04T09:31:56.642396+00:00,downloaded_no_pdf,,,,
73223,Apollo 17,https://www.lpi.usra.edu/lunar/samples/atlas/detail/?mission=Apollo%2017&sample=73223,9cf06d37bccda79b6181a73c9c4371aa0cf3e7f52a61ef74522a865faafa42e1,2026-10-04T09:31:57.300077+00:00,downloaded_no_pdf,,,,
73224,Apollo 17,https://www.lpi.usra.edu/lunar/samples/atlas/detail/?mission=Apollo%2017&sample=73224,de9f412f53ebd153ea0bf6c5e83c9b796ec89dd1365d30bf8c9ee1a6753172f0,2026-10-04T09:31:57.948309+00:00,downloaded_no_pdf,,,,
73225,Apollo 17,https://www.lpi.usra.edu/lunar/samples/atlas/detail/?mission=Apollo%2017&sample=73225,bc4a57978a069aad88454e8540bd97edab30a174704df26b400a896642c99c40,2026-10-04T09:31:58.593724+00:00,downloaded,Lunar Sample Catalog 73225 Description,http://curator.jsc.nasa.gov/lunar/catalogs/apollo17/v1/73225.pdf,catalog,
73230,Apollo 17,https://www.lpi.usra.edu/lunar/samples/atlas/detail/?mission=Apollo%2017&sample=73230,609b70602dfda561689ae5b187f84d1158c536544556822118fc31197473ef6b,2026-10-04T09:31:59.369145+00:00,downloaded_no_pdf,,,,
73235,Apollo 17,https://www.lpi.usra.edu/lunar/samples/atlas/detail/?mission=Apollo%2017&sample=73235,aa3c82368a15cf8afeecefaa847fbddeac9ea543a4e0f7593266458b9f9d4733,2026-10-04T09:32:00.156871+00:00,downloaded,"Lunar Sample Compendium, 73235.pdf",https://www.lpi.usra.edu/lunar/samples/atlas/compendium/73235.pdf,compendium,
73235,Apollo 17,https://www.lpi.usra.edu/lunar/samples/atlas/detail/?mission=Apollo%2017&sample=73235,aa3c82368a15cf8afeecefaa847fbddeac9ea543a4e0f7593266458b9f9d4733,2026-10-04T09:32:00.156871+00:00,downloaded,Lunar Sample Catalog 73235 Description,http://curator.jsc.nasa.gov/lunar/catalogs/apollo17/v1/73235.pdf,catalog,
73240,Apollo 17,https://www.lpi.usra.edu/lunar/samples/atlas/detail/?mission=Apollo%2017&sample=73240,8bee4b18cd2107f2f3be62a4b3035c85ad1220cf797f57bd3a0a42c598bbcd57,2026-10-04T09:32:00.849314+00:00,downloaded_no_pdf,,,,
73241,Apollo 17,https://www.lpi.usra.edu/lunar/samples/atlas/detail/?mission=Apollo%2017&sample=73241,064619afa6450f3f94910e98f0eaf3dd41265fa75fc7f05f457fe8e1721ccf78,2026-10-04T09:32:01.632295+00:00,downloaded,"Lunar Sample Compendium, 73221.pdf",https://www.lpi.usra.edu/lunar/samples/atlas/compendium/73221.pdf,compendium,
73242,Apollo 17,https://www.lpi.usra.edu/lunar/samples/atlas/detail/?mission=Apollo%2017&sample=73242,c1f5fa12b4702ea758f3afb35094552c7330d8108f8b847aaf6bae8d8a0b4c67,2026-10-04T09:32:02.285636+00:00,downloaded_no_pdf,,,,
73243,Apollo 17,https://www.lpi.usra.edu/lunar/samples/atlas/detail/?mission=Apollo%2017&sample=73243,64ddbe902cd02ac95a324fafe1fe9590aa63e1340dbd607b240d7c2b6de2643d,2026-10-04T09:32:02.939801+00:00,downloaded_no_pdf,,,,
73244,Apollo 17,https://www.lpi.usra.edu/lunar/samples/atlas/detail/?mission=Apollo%2017&sample=73244,b9f679a058bc73cd7e4804953a9653a4175232ace11ebe21027bea498e4845d4,2026-10-04T09:32:03.708058+00:00,downloaded_no_pdf,,,,
73245,Apollo 17,https://www.lpi.usra.edu/lunar/samples/atlas/detail/?mission=Apollo%2017&sample=73245,b0bcef404c769741eeca10680edcfcd5a849df74ae07a62ea7bd2bc87c4cbf70,2026-10-04T09:32:04.362857+00:00,downloaded,Lunar Sample Catalog 73245 Description,http://curator.jsc.nasa.gov/lunar/catalogs/apollo17/v1/73245.pdf,catalog,
73250,Apollo 17,https://www.lpi.usra.edu/lunar/samples/atlas/detail/?mission=Apollo%2017&sample=73250,deb861a10611fc21bf1c9ce1719464e1635a8cb1f498e36dc32ee67e273a92d1,2026-10-04T09:32:05.150395+00:00,downloaded_no_pdf,,,,
73255,Apollo 17,https://www.lpi.usra.edu/lunar/samples/atlas/detail/?mission=Apollo%2017&sample=73255,42421ae6a4993bfd99240957035a0b0537f3c045f23b259e1ecede9d3dee33e6,2026-10-04T09:32:05.828039+00:00,downloaded,"Lunar Sample Compendium, 73255.pdf",https://www.lpi.usra.edu/lunar/samples/atlas/compendium/73255.pdf,compendium,
73255,Apollo 17,https://www.lpi.usra.edu/lunar/samples/atlas/detail/?mission=Apollo%2017&sample=73255,42421ae6a4993bfd99240957035a0b0537f3c045f23b259e1ecede9d3dee33e6,2026-10-04T09:32:05.828039+00:00,downloaded,Lunar Sample Catalog 73255 Description,http://curator.jsc.nasa.gov/lunar/catalogs/apollo17/v1/73255.pdf,catalog,
73260,Apollo 17,https://www.lpi.usra.edu/lunar/samples/atlas/detail/?mission=Apollo%2017&sample=73260,6952bea346443b7e2ac43ac5d0da8d49824961acd759087aa1617d95101c2ada,2026-10-04T09:32:06.641619+00:00,downloaded_no_pdf,,,,
73261,Apollo 17,https://www.lpi.usra.edu/lunar/samples/atlas/detail/?mission=Apollo%2017&sample=73261,9582c40429c011b7ed751ecfde339c6b66b017551f7a73a3e5beb0449555eb93,2026-10-04T09:32:07.288090+00:00,downloaded,"Lunar Sample Compendium, 73221.pdf",https://www.lpi.usra.edu/lunar/samples/atlas/compendium/73221.pdf,compendium,
73262,Apollo 17,https://www.lpi.usra.edu/lunar/samples/atlas/detail/?mission=Apollo%2017&sample=73262,41d1088f98db0a0dbc5e80489d499f30c33ddc96d92112db182eab7c31534efe,2026-10-04T09:32:08.073523+00:00,downloaded_no_pdf,,,,
73263,Apollo 17,https://www.lpi.usra.edu/lunar/samples/atlas/detail/?mission=Apollo%2017&sample=73263,0533ccbc0d60d7e36ec330b907c001dea17b1f111bb9311908dbc7b4026bb5cf,2026-10-04T09:32:08.736175+00:00,downloaded_no_pdf,,,,
73264,Apollo 17,https://www.lpi.usra.edu/lunar/samples/atlas/detail/?mission=Apollo%2017&sample=73264,d96b8b6359ff29f568e63ca422f31266afd824088b48ee0b36bcbf332f03b0b3,2026-10-04T09:32:09.392435+00:00,downloaded_no_pdf,,,,
73270,Apollo 17,https://www.lpi.usra.edu/lunar/samples/atlas/detail/?mission=Apollo%2017&sample=73270,c39a530e7afe0f1bc46eb63c6a11ffdd17d04e924a5008a69112c24c61c3a5b3,2026-10-04T09:32:10.080318+00:00,downloaded_no_pdf,,,,
73275,Apollo 17,https://www.lpi.usra.edu/lunar/samples/atlas/detail/?mission=Apollo%2017&sample=73275,6a9f248b0865bec46c1ec28c7230c9de244ac921c700e90a3cba08da06a5c781,2026-10-04T09:32:10.858901+00:00,downloaded,"Lunar Sample Compendium, 73275.pdf",https://www.lpi.usra.edu/lunar/samples/atlas/compendium/73275.pdf,compendium,
73275,Apollo 17,https://www.lpi.usra.edu/lunar/samples/atlas/detail/?mission=Apollo%2017&sample=73275,6a9f248b0865bec46c1ec28c7230c9de244ac921c700e90a3cba08da06a5c781,2026-10-04T09:32:10.858901+00:00,downloaded,Lunar Sample Catalog 73275 Description,http://curator.jsc.nasa.gov/lunar/catalogs/apollo17/v1/73275.pdf,catalog,
73280,Apollo 17,https://www.lpi.usra.edu/lunar/samples/atlas/detail/?mission=Apollo%2017&sample=73280,da248973bdbd0468180b95667072147149cf4aeebe7c60fbf0a800ddf8c50be8,2026-10-04T09:32:11.543010+00:00,downloaded_no_pdf,,,,
73281,Apollo 17,https://www.lpi.usra.edu/lunar/samples/atlas/detail/?mission=Apollo%2017&sample=73281,45cd4e6ce7d91202c2c6b3ca8b852821ab407a4d229327beb5f558bcf256f1cf,2026-10-04T09:32:12.204829+00:00,downloaded,"Lunar Sample Compendium, 73221.pdf",https://www.lpi.usra.edu/lunar/samples/atlas/compendium/73221.pdf,compendium,
73282,Apollo 17,https://www.lpi.usra.edu/lunar/samples/atlas/detail/?mission=Apollo%2017&sample=73282,6eb66d6948021d37ab41df23832ef21dc527154dcda38363c1b5eff7a6594346,2026-10-04T09:32:13.023725+00:00,downloaded_no_pdf,,,,
73283,Apollo 17,https://www.lpi.usra.edu/lunar/samples/atlas/detail/?mission=Apollo%2017&sample=73283,8e50504fd42c41c079f2bc99300d28edbb311c431fed515c94a1163d37bb6518,2026-10-04T09:32:13.799819+00:00,downloaded_no_pdf,,,,
73284,Apollo 17,https://www.lpi.usra.edu/lunar/samples/atlas/detail/?mission=Apollo%2017&sample=73284,fcb0b83f61b04459cf3596d47587b95bcead9178892c575afb7171ed1b926c05,2026-10-04T09:32:14.598313+00:00,downloaded_no_pdf,,,,
73285,Apollo 17,https://www.lpi.usra.edu/lunar/samples/atlas/detail/?mission=Apollo%2017&sample=73285,c3b5b0404189131edbae8a1d6487b5886350d5c92658449433a3e2752d23de61,2026-10-04T09:32:15.241764+00:00,downloaded,Lunar Sample Catalog 73285 Description,http://curator.jsc.nasa.gov/lunar/catalogs/apollo17/v1/73285.pdf,catalog,
74001,Apollo 17,https://www.lpi.usra.edu/lunar/samples/atlas/detail/?mission=Apollo%2017&sample=74001,d1dde4abc3cdae276fbcf3659bc38aa39358b46cac82fffce8709edc959d4706,2026-10-04T09:32:15.893016+00:00,downloaded,"Lunar Sample Compendium, 74002.pdf",https://www.lpi.usra.edu/lunar/samples/atlas/compendium/74002.pdf,compendium,
74002,Apollo 17,https://www.lpi.usra.edu/lunar/samples/atlas/detail/?mission=Apollo%2017&sample=74002,5e50e020e02e25f716bf3dc45e48c2491d251b0f54645c8f452098b756cdcd35,2026-10-04T09:32:16.687903+00:00,downloaded,"Lunar Sample Compendium, 74002.pdf",https://www.lpi.usra.edu/lunar/samples/atlas/compendium/74002.pdf,compendium,
74110,Apollo 17,https://www.lpi.usra.edu/lunar/samples/atlas/detail/?mission=Apollo%2017&sample=74110,b17ae74730ea5dd32794c64154b3c5063bfa4fe59cfcb56dcffa994561437384,2026-10-04T09:32:17.476195+00:00,downloaded_no_pdf,,,,
74111,Apollo 17,https://www.lpi.usra.edu/lunar/samples/atlas/detail/?mission=Apollo%2017&sample=74111,e19320841da1835e6bde8962f83effc230486dd1fbe008bf571a42e4d50b5d53,2026-10-04T09:32:18.123263+00:00,downloaded,"Lunar Sample Compendium, 74111.pdf",https://www.lpi.usra.edu/lunar/samples/atlas/compendium/74111.pdf,compendium,
74112,Apollo 17,https://www.lpi.usra.edu/lunar/samples/atlas/detail/?mission=Apollo%2017&sample=74112,2b646c7b50c6dcf9c75362f94f8288db776620b80db8b57caae26912de27379b,2026-10-04T09:32:18.796670+00:00,downloaded_no_pdf,,,,
74113,Apollo 17,https://www.lpi.usra.edu/lunar/samples/atlas/detail/?mission=Apollo%2017&sample=74113,5b5e6dd1dde656535a36015134ec494883f3a0df4b951488bf5e0d12950c8fe9,2026-10-04T09:32:19.577059+00:00,downloaded_no_pdf,,,,
74114,Apollo 17,https://www.lpi.usra.edu/lunar/samples/atlas/detail/?mission=Apollo%2017&sample=74114,8e43b1fe95ad3d0b1db33905119b3a1340e8cde46e756687fd5c49368237d8ce,2026-10-04T09:32:20.359662+00:00,downloaded_no_pdf,,,,
74115,Apollo 17,https://www.lpi.usra.edu/lunar/samples/atlas/detail/?mission=Apollo%2017&sample=74115,160c1a2f95fce3d9562eaea0eb4297b0d5d57f9a4370c460862b7ee32c482ca0,2026-10-04T09:32:21.129214+00:00,downloaded,"Lunar Sample Compendium, 74115.pdf",https://www.lpi.usra.edu/lunar/samples/atlas/compendium/74115.pdf,compendium,
74115,Apollo 17,https://www.lpi.usra.edu/lunar/samples/atlas/detail/?mission=Apollo%2017&sample=74115,160c1a2f95fce3d9562eaea0eb4297b0d5d57f9a4370c460862b7ee32c482ca0,2026-10-04T09:32:21.129214+00:00,downloaded,Lunar Sample Catalog 74115 Description,http://curator.jsc.nasa.gov/lunar/catalogs/apollo17/v1/74115.pdf,catalog,
74116,Apollo 17,https://www.lpi.usra.edu/lunar/samples/atlas/detail/?mission=Apollo%2017&sample=74116,fb3ebfc34f972d1821d3b19da478d941e6c40906cc461958e0805c67ef236180,2026-10-04T09:32:21.822154+00:00,downloaded,"Lunar Sample Compendium, 74115.pdf",https://www.lpi.usra.edu/lunar/samples/atlas/compendium/74115.pdf,compendium,
74116,Apollo 17,https://www.lpi.usra.edu/lunar/samples/atlas/detail/?mission=Apollo%2017&sample=74116,fb3ebfc34f972d1821d3b19da478d941e6c40906cc461958e0805c67ef236180,2026-10-04T09:32:21.822154+00:00,downloaded,Lunar Sample Catalog 74116 Description,http://curator.jsc.nasa.gov/lunar/catalogs/apollo17/v1/74116.pdf,catalog,
74117,Apollo 17,https://www.lpi.usra.edu/lunar/samples/atlas/detail/?mission=Apollo%2017&sample=74117,973a6b42a6c770c8969df5359969c2209018779ad36bd1c3baa7f29f9976d5c8,2026-10-04T09:32:22.473256+00:00,downloaded,"Lunar Sample Compendium, 74115.pdf",https://www.lpi.usra.edu/lunar/samples/atlas/compendium/74115.pdf,compendium,
74117,Apollo 17,https://www.lpi.usra.edu/lunar/samples/atlas/detail/?mission=Apollo%2017&sample=74117,973a6b42a6c770c8969df5359969c2209018779ad36bd1c3baa7f29f9976d5c8,2026-10-04T09:32:22.473256+00:00,downloaded,Lunar Sample Catalog 74117 Description,http://curator.jsc.nasa.gov/lunar/catalogs/apollo17/v1/74117.pdf,catalog,
74118,Apollo 17,https://www.lpi.usra.edu/lunar/samples/atlas/detail/?mission=Apollo%2017&sample=74118,5efa4865dd13d374f7d317817f9102eae08247eeff9e00e501f0497079242bde,2026-10-04T09:32:23.128921+00:00,downloaded,"Lunar Sample Compendium, 74115.pdf",https://www.lpi.usra.edu/lunar/samples/atlas/compendium/74115.pdf,compendium,
74118,Apollo 17,https://www.lpi.usra.edu/lunar/samples/atlas/detail/?mission=Apollo%2017&sample=74118,5efa4865dd13d374f7d317817f9102eae08247eeff9e00e501f0497079242bde,2026-10-04T09:32:23.128921+00:00,downloaded,Lunar Sample Catalog 74118 Description,http://curator.jsc.nasa.gov/lunar/catalogs/apollo17/v1/74118.pdf,catalog,
74119,Apollo 17,https://www.lpi.usra.edu/lunar/samples/atlas/detail/?mission=Apollo%2017&sample=74119,859d7ef110e96bc07a35e56537e482ab158ea90fde9ff4a271729f611c450c62,2026-10-04T09:32:23.786012+00:00,downloaded,"Lunar Sample Compendium, 74115.pdf",https://www.lpi.usra.edu/lunar/samples/atlas/compendium/74115.pdf,compendium,
74119,Apollo 17,https://www.lpi.usra.edu/lunar/samples/atlas/detail/?mission=Apollo%2017&sample=74119,859d7ef110e96bc07a35e56537e482ab158ea90fde9ff4a271729f611c450c62,2026-10-04T09:32:23.786012+00:00,downloaded,Lunar Sample Catalog 74119 Description,http://curator.jsc.nasa.gov/lunar/catalogs/apollo17/v1/74119.pdf,catalog,
74120,Apollo 17,https://www.lpi.usra.edu/lunar/samples/atlas/detail/?mission=Apollo%2017&sample=74120,894f73bc19021209ff482d11e688da1dfcfa94162892f23464b3a287c55efc9b,2026-10-04T09:32:24.565755+00:00,downloaded_no_pdf,,,,
74124,Apollo 17,https://www.lpi.usra.edu/lunar/samples/atlas/detail/?mission=Apollo%2017&sample=74124,0e17017df4eda503532e5c67bf6c426c5974201c718259b6304e2156b19d40cb,2026-10-04T09:32:25.219741+00:00,downloaded_no_pdf,,,,
74220,Apollo 17,https://www.lpi.usra.edu/lunar/samples/atlas/detail/?mission=Apollo%2017&sample=74220,2283606de84fdfc026cb9d0c5bd26e594ed08367f3777c33b1f86549d985495b,2026-10-04T09:32:25.869312+00:00,downloaded,"Lunar Sample Compendium, 74220.pdf",https://www.lpi.usra.edu/lunar/samples/atlas/compendium/74220.pdf,compendium,
74221,Apollo 17,https://www.lpi.usra.edu/lunar/samples/atlas/detail/?mission=Apollo%2017&sample=74221,5939898df50d52a52ba7786a89c47d20f061b51b4ac304a3df899d64715c56fe,2026-10-04T09:32:26.703587+00:00,downloaded_no_pdf,,,,
74222,Apollo 17,https://www.lpi.usra.edu/lunar/samples/atlas/detail/?mission=Apollo%2017&sample=74222,15a0f402dc233f2648a4f8dece0d5de32f2d1413fc97a9c1781d0e560ce7e8c9,2026-10-04T09:32:27.353657+00:00,downloaded_no_pdf,,,,
74223,Apollo 17,https://www.lpi.usra.edu/lunar/samples/atlas/detail/?mission=Apollo%2017&sample=74223,67c37696c7fa230cd65178899882b1f40e40678c9b943f44cfd2729bc941906f,2026-10-04T09:32:28.021938+00:00,downloaded_no_pdf,,,,
74224,Apollo 17,https://www.lpi.usra.edu/lunar/samples/atlas/detail/?mission=Apollo%2017&sample=74224,2c0beb2c4499fcd3bdd94978385132955a5b4837d139935c12e2e47f4bd552bc,2026-10-04T09:32:28.805876+00:00,downloaded_no_pdf,,,,
74235,Apollo 17,https://www.lpi.usra.edu/lunar/samples/atlas/detail/?mission=Apollo%2017&sample=74235,6aebe39d44e2aabda7fede4fa2ce0622447ec927f2d3cf70142c232e56b872f8,2026-10-04T09:32:29.448788+00:00,downloaded,"Lunar Sample Compendium, 74235.pdf",https://www.lpi.usra.edu/lunar/samples/atlas/compendium/74235.pdf,compendium,
74235,Apollo 17,https://www.lpi.usra.edu/lunar/samples/atlas/detail/?mission=Apollo%2017&sample=74235,6aebe39d44e2aabda7fede4fa2ce0622447ec927f2d3cf70142c232e56b872f8,2026-10-04T09:32:29.448788+00:00,downloaded,Lunar Sample Catalog 74235 Description,http://curator.jsc.nasa.gov/lunar/catalogs/apollo17/v3/74235.pdf,catalog,
74240,Apollo 17,https://www.lpi.usra.edu/lunar/samples/atlas/detail/?mission=Apollo%2017&sample=74240,00e1e242adf22886309068fccce1b1eaeb5760eb0580f73d99d940c4ac73848b,2026-10-04T09:32:30.264769+00:00,downloaded_no_pdf,,,,
74245,Apollo 17,https://www.lpi.usra.edu/lunar/samples/atlas/detail/?mission=Apollo%2017&sample=74245,cc4168368e0661b9e0e10ddd79e6b6494e66fadd002169853587770427a5f1d7,2026-10-04T09:32:31.033829+00:00,downloaded,"Lunar Sample Compendium, 74245.pdf",https://www.lpi.usra.edu/lunar/samples/atlas/compendium/74245.pdf,compendium,
74245,Apollo 17,https://www.lpi.usra.edu/lunar/samples/atlas/detail/?mission=Apollo%2017&sample=74245,cc4168368e0661b9e0e10ddd79e6b6494e66fadd002169853587770427a5f1d7,2026-10-04T09:32:31.033829+00:00,downloaded,Lunar Sample Catalog 74245 Description,http://curator.jsc.nasa.gov/lunar/catalogs/apollo17/v3/74245.pdf,catalog,
74246,Apollo 17,https://www.lpi.usra.edu/lunar/samples/atlas/detail/?mission=Apollo%2017&sample=74246,2e5c4e5ea18f4f8e7428f831b7dc60fb8c3812da9d7b55dfb44ce76ca87a1d6e,2026-10-04T09:32:31.716152+00:00,downloaded,"Lunar Sample Compendium, 74246.pdf",https://www.lpi.usra.edu/lunar/samples/atlas/compendium/74246.pdf,compendium,
74246,Apollo 17,https://www.lpi.usra.edu/lunar/samples/atlas/detail/?mission=Apollo%2017&sample=74246,2e5c4e5ea18f4f8e7428f831b7dc60fb8c3812da9d7b55dfb44ce76ca87a1d6e,2026-10-04T09:32:31.716152+00:00,downloaded,Lunar Sample Catalog 74246 Description,http://curator.jsc.nasa.gov/lunar/catalogs/apollo17/v3/74246.pdf,catalog,
74247,Apollo 17,https://www.lpi.usra.edu/lunar/samples/atlas/detail/?mission=Apollo%2017&sample=74247,f0556c5d40b3d096378e1b26c9d5430bb109c9f9785b80e22b89177203f46246,2026-10-04T09:32:32.413182+00:00,downloaded,Lunar Sample Catalog 74247 Description,http://curator.jsc.nasa.gov/lunar/catalogs/apollo17/v3/74247.pdf,catalog,
74248,Apollo 17,https://www.lpi.usra.edu/lunar/samples/atlas/detail/?mission=Apollo%2017&sample=74248,f3effd90852254b6f4a300b344c22b970a414734d7a5cea5f847922344778cd3,2026-10-04T09:32:33.210566+00:00,downloaded,Lunar Sample Catalog 74248 Description,http://curator.jsc.nasa.gov/lunar/catalogs/apollo17/v3/74248.pdf,catalog,
74249,Apollo 17,https://www.lpi.usra.edu/lunar/samples/atlas/detail/?mission=Apollo%2017&sample=74249,9374141b81488886bc947f19a2e30e1dd6b967ad8e292cdde4d8dc82ebdabd96,2026-10-04T09:32:33.873632+00:00,downloaded,Lunar Sample Catalog 74249 Description,http://curator.jsc.nasa.gov/lunar/catalogs/apollo17/v3/74249.pdf,catalog,
74250,Apollo 17,https://www.lpi.usra.edu/lunar/samples/atlas/detail/?mission=Apollo%2017&sample=74250,6e0fa509be627032e04c30b86212255cceb3f3678d0f1fbd2350ca3cf0f51962,2026-10-04T09:32:34.659410+00:00,downloaded,"Lunar Sample Compendium, 74250.pdf",https://www.lpi.usra.edu/lunar/samples/atlas/compendium/74250.pdf,compendium,
74255,Apollo 17,https://www.lpi.usra.edu/lunar/samples/atlas/detail/?mission=Apollo%2017&sample=74255,002a5a232450c06fae139499c2e9393093872cc5554857f4c2ffcc4b45cf2df2,2026-10-04T09:32:35.345138+00:00,downloaded,"Lunar Sample Compendium, 74255.pdf",https://www.lpi.usra.edu/lunar/samples/atlas/compendium/74255.pdf,compendium,
74255,Apollo 17,https://www.lpi.usra.edu/lunar/samples/atlas/detail/?mission=Apollo%2017&sample=74255,002a5a232450c06fae139499c2e9393093872cc5554857f4c2ffcc4b45cf2df2,2026-10-04T09:32:35.345138+00:00,downloaded,Lunar Sample Catalog 74255 Description,http://curator.jsc.nasa.gov/lunar/catalogs/apollo17/v3/74255.pdf,catalog,
74260,Apollo 17,https://www.lpi.usra.edu/lunar/samples/atlas/detail/?mission=Apollo%2017&sample=74260,205e7fb8e255b7e671c96d06fb65cbda5d2570a65ad847c5ee4f5686f294c823,2026-10-04T09:32:36.076820+00:00,downloaded_no_pdf,,,,
74275,Apollo 17,https://www.lpi.usra.edu/lunar/samples/atlas/detail/?mission=Apollo%2017&sample=74275,e0e8a6b11ad43a0db5a1a6342268e9c323d7f4a078cb03aaa14ee0ec24f45175,2026-10-04T09:32:36.735081+00:00,downloaded,"Lunar Sample Compendium, 74275.pdf",https://www.lpi.usra.edu/lunar/samples/atlas/compendium/74275.pdf,compendium,
74275,Apollo 17,https://www.lpi.usra.edu/lunar/samples/atlas/detail/?mission=Apollo%2017&sample=74275,e0e8a6b11ad43a0db5a1a6342268e9c323d7f4a078cb03aaa14ee0ec24f45175,2026-10-04T09:32:36.735081+00:00,downloaded,Lunar Sample Catalog 74275 Description,http://curator.jsc.nasa.gov/lunar/catalogs/apollo17/v3/74275.pdf,catalog,
74285,Apollo 17,https://www.lpi.usra.edu/lunar/samples/atlas/detail/?mission=Apollo%2017&sample=74285,09efe022446a35239b6c2923183333c7e3474d9b63be7b161aee2a400816cbc2,2026-10-04T09:32:37.486799+00:00,downloaded,Lunar Sample Catalog 74285 Description,http://curator.jsc.nasa.gov/lunar/catalogs/apollo17/v3/74285.pdf,catalog,
74286,Apollo 17,https://www.lpi.usra.edu/lunar/samples/atlas/detail/?mission=Apollo%2017&sample=74286,648dbc6ea67aa2976b1fbeefb73c065253b9e1045ef1cf6b31fce927e299ecef,2026-10-04T09:32:38.270789+00:00,downloaded,Lunar Sample Catalog 74286 Description,http://curator.jsc.nasa.gov/lunar/catalogs/apollo17/v3/74286.pdf,catalog,
74287,Apollo 17,https://www.lpi.usra.edu/lunar/samples/atlas/detail/?mission=Apollo%2017&sample=74287,ed294eeba63af56b39f25d6a93d830e8ef94154a8dbafb3f06d801cbfa8e95cf,2026-10-04T09:32:39.094549+00:00,downloaded,Lunar Sample Catalog 74287 Description,http://curator.jsc.nasa.gov/lunar/catalogs/apollo17/v3/74287.pdf,catalog,
75010,Apollo 17,https://www.lpi.usra.edu/lunar/samples/atlas/detail/?mission=Apollo%2017&sample=75010,915afd217e7f7aa0bafe7578e9118051966309342e3abd448ae8d7097e92703d,2026-10-04T09:32:39.803205+00:00,downloaded_no_pdf,,,,
75015,Apollo 17,https://www.lpi.usra.edu/lunar/samples/atlas/detail/?mission=Apollo%2017&sample=75015,d6cf063447fea2652dfaf9a36ad969292706f9d2046c5c141038c58c7dca8c0c,2026-10-04T09:32:40.455029+00:00,downloaded,"Lunar Sample Compendium, 75015.pdf",https://www.lpi.usra.edu/lunar/samples/atlas/compendium/75015.pdf,compendium,
75015,Apollo 17,https://www.lpi.usra.edu/lunar/samples/atlas/detail/?mission=Apollo%2017&sample=75015,d6cf063447fea2652dfaf9a36ad969292706f9d2046c5c141038c58c7dca8c0c,2026-10-04T09:32:40.455029+00:00,downloaded,Lunar Sample Catalog 75015 Description,http://curator.jsc.nasa.gov/lunar/catalogs/apollo17/v3/75015.pdf,catalog,
75030,Apollo 17,https://www.lpi.usra.edu/lunar/samples/atlas/detail/?mission=Apollo%2017&sample=75030,44e0589ae61a5acf063f6944ad603abd27de242e340bd5a2e2d1558b45444a5b,2026-10-04T09:32:41.326544+00:00,downloaded_no_pdf,,,,
75035,Apollo 17,https://www.lpi.usra.edu/lunar/samples/atlas/detail/?mission=Apollo%2017&sample=75035,b6e2151edfbfa2e699574c467079c515ce099a9d480fab74fcce9b5c59c81f65,2026-10-04T09:32:42.097426+00:00,downloaded,"Lunar Sample Compendium, 75035.pdf",https://www.lpi.usra.edu/lunar/samples/atlas/compendium/75035.pdf,compendium,
75035,Apollo 17,https://www.lpi.usra.edu/lunar/samples/atlas/detail/?mission=Apollo%2017&sample=75035,b6e2151edfbfa2e699574c467079c515ce099a9d480fab74fcce9b5c59c81f65,2026-10-04T09:32:42.097426+00:00,downloaded,Lunar Sample Catalog 75035 Description,http://curator.jsc.nasa.gov/lunar/catalogs/apollo17/v3/75035.pdf,catalog,
75050,Apollo 17,https://www.lpi.usra.edu/lunar/samples/atlas/detail/?mission=Apollo%2017&sample=75050,7b6284af9939a125327d01ba92d8f025f440af2a391dc6b203a721f1fe92595d,2026-10-04T09:32:42.911938+00:00,downloaded_no_pdf,,,,
75055,Apollo 17,https://www.lpi.usra.edu/lunar/samples/atlas/detail/?mission=Apollo%2017&sample=75055,1cc4458640004ffba3b722ae7bd6d98deaebde7ec83cad2d4bafd3322028c277,2026-10-04T09:32:43.587242+00:00,downloaded,"Lunar Sample Compendium, 75055.pdf",https://www.lpi.usra.edu/lunar/samples/atlas/compendium/75055.pdf,compendium,
75055,Apollo 17,https://www.lpi.usra.edu/lunar/samples/atlas/detail/?mission=Apollo%2017&sample=75055,1cc4458640004ffba3b722ae7bd6d98deaebde7ec83cad2d4bafd3322028c277,2026-10-04T09:32:43.587242+00:00,downloaded,Lunar Sample Catalog 75055 Description,http://curator.jsc.nasa.gov/lunar/catalogs/apollo17/v3/75055.pdf,catalog,
75060,Apollo 17,https://www.lpi.usra.edu/lunar/samples/atlas/detail/?mission=Apollo%2017&sample=75060,030f9f06df128706d27573c04ca4f403168a5364f0e8a8de9533f99880140669,2026-10-04T09:32:44.270078+00:00,downloaded_no_pdf,,,,
75061,Apollo 17,https://www.lpi.usra.edu/lunar/samples/atlas/detail/?mission=Apollo%2017&sample=75061,47d5cc4a963083afc06ee99427ac11007a67e7f27b1906588ad349c1566ca5fa,2026-10-04T09:32:45.054032+00:00,downloaded,"Lunar Sample Compendium, 75061.pdf",https://www.lpi.usra.edu/lunar/samples/atlas/compendium/75061.pdf,compendium,
75062,Apollo 17,https://www.lpi.usra.edu/lunar/samples/atlas/detail/?mission=Apollo%2017&sample=75062,2d047846879d19529038d82d5458af06fe4b3efe69aea63528bed8716797e7fd,2026-10-04T09:32:45.696541+00:00,downloaded_no_pdf,,,,
75063,Apollo 17,https://www.lpi.usra.edu/lunar/samples/atlas/detail/?mission=Apollo%2017&sample=75063,c223c08dbe3501b350a9796b9f1ce41dbd2bd03372a2162042dca6e5b50acb3f,2026-10-04T09:32:46.497464+00:00,downloaded_no_pdf,,,,
75064,Apollo 17,https://www.lpi.usra.edu/lunar/samples/atlas/detail/?mission=Apollo%2017&sample=75064,1c2e8c8a29da6c5a116a4464ae51def4aa1055ba37226815e678453f162c29c6,2026-10-04T09:32:47.282815+00:00,downloaded_no_pdf,,,,
75065,Apollo 17,https://www.lpi.usra.edu/lunar/samples/atlas/detail/?mission=Apollo%2017&sample=75065,af3dfb983036f3e5f9a733e834ef5060096ce2e434bd48ab89b9b17a9be4bf0d,2026-10-04T09:32:47.938076+00:00,downloaded,Lunar Sample Catalog 75065 Description,http://curator.jsc.nasa.gov/lunar/catalogs/apollo17/v3/75065.pdf,catalog,
75066,Apollo 17,https://www.lpi.usra.edu/lunar/samples/atlas/detail/?mission=Apollo%2017&sample=75066,5e8a741d390bbdda4d4b486ca574333803e54b5b4c6908c24ea195025d5f9222,2026-10-04T09:32:48.728684+00:00,downloaded,Lunar Sample Catalog 75066 Description,http://curator.jsc.nasa.gov/lunar/catalogs/apollo17/v3/75066.pdf,catalog,
75070,Apollo 17,https://www.lpi.usra.edu/lunar/samples/atlas/detail/?mission=Apollo%2017&sample=75070,4bab8c26fb0e2d54388b4b645eb000489e001e8486cc8bfcefeabafe723163dc,2026-10-04T09:32:49.554471+00:00,downloaded_no_pdf,,,,
75075,Apollo 17,https://www.lpi.usra.edu/lunar/samples/atlas/detail/?mission=Apollo%2017&sample=75075,0ee3b4edafa4614b166ec94f76a870ad4edebb36a7d6e33b2c81706878802823,2026-10-04T09:32:50.214595+00:00,downloaded,"Lunar Sample Compendium, 75075.pdf",https://www.lpi.usra.edu/lunar/samples/atlas/compendium/75075.pdf,compendium,
75075,Apollo 17,https://www.lpi.usra.edu/lunar/samples/atlas/detail/?mission=Apollo%2017&sample=75075,0ee3b4edafa4614b166ec94f76a870ad4edebb36a7d6e33b2c81706878802823,2026-10-04T09:32:50.214595+00:00,downloaded,Lunar Sample Catalog 75075 Description,http://curator.jsc.nasa.gov/lunar/catalogs/apollo17/v3/75075.pdf,catalog,
75080,Apollo 17,https://www.lpi.usra.edu/lunar/samples/atlas/detail/?mission=Apollo%2017&sample=75080,f21dc0d66c65636ccf701ac6059d648283307f4905b16c0a85952a6af1c26a67,2026-10-04T09:32:51.091158+00:00,downloaded_no_pdf,,,,
75081,Apollo 17,https://www.lpi.usra.edu/lunar/samples/atlas/detail/?mission=Apollo%2017&sample=75081,947488bdd7124d6962343b419076092ea6c371b0fc752babbb59b581feae9f81,2026-10-04T09:32:51.872772+00:00,downloaded,"Lunar Sample Compendium, 75081.pdf",https://www.lpi.usra.edu/lunar/samples/atlas/compendium/75081.pdf,compendium,
75082,Apollo 17,https://www.lpi.usra.edu/lunar/samples/atlas/detail/?mission=Apollo%2017&sample=75082,0007e7201c6e4be4ee58850e235b694b20d8cd068eef48dc97510ca8b6f482d0,2026-10-04T09:32:52.537654+00:00,downloaded_no_pdf,,,,
75083,Apollo 17,https://www.lpi.usra.edu/lunar/samples/atlas/detail/?mission=Apollo%2017&sample=75083,54f836e79432d0575ca021274b2fa8d195fa46829ba2292f6c6e1f642e9c551c,2026-10-04T09:32:53.325141+00:00,downloaded_no_pdf,,,,
75084,Apollo 17,https://www.lpi.usra.edu/lunar/samples/atlas/detail/?mission=Apollo%2017&sample=75084,90260b67092b3386dead7903817efff844ebc89bf48f4f666a64a63520f0ea96,2026-10-04T09:32:53.966198+00:00,downloaded_no_pdf,,,,
75085,Apollo 17,https://www.lpi.usra.edu/lunar/samples/atlas/detail/?mission=Apollo%2017&sample=75085,06b7e1229be806e7f43154a33dbd4c407b2e977b099e75fa28c8137fa1f9ae23,2026-10-04T09:32:54.790408+00:00,downloaded,"Lunar Sample Compendium, 75085.pdf",https://www.lpi.usra.edu/lunar/samples/atlas/compendium/75085.pdf,compendium,
75085,Apollo 17,https://www.lpi.usra.edu/lunar/samples/atlas/detail/?mission=Apollo%2017&sample=75085,06b7e1229be806e7f43154a33dbd4c407b2e977b099e75fa28c8137fa1f9ae23,2026-10-04T09:32:54.790408+00:00,downloaded,Lunar Sample Catalog 75085 Description,http://curator.jsc.nasa.gov/lunar/catalogs/apollo17/v3/75085.pdf,catalog,
75086,Apollo 17,https://www.lpi.usra.edu/lunar/samples/atlas/detail/?mission=Apollo%2017&sample=75086,047422db7f6300d63230e2d75227648bed5e5b2f881fb849612c2f759ce518b9,2026-10-04T09:32:55.583617+00:00,downloaded,"Lunar Sample Compendium, 75085.pdf",https://www.lpi.usra.edu/lunar/samples/atlas/compendium/75085.pdf,compendium,
75086,Apollo 17,https://www.lpi.usra.edu/lunar/samples/atlas/detail/?mission=Apollo%2017&sample=75086,047422db7f6300d63230e2d75227648bed5e5b2f881fb849612c2f759ce518b9,2026-10-04T09:32:55.583617+00:00,downloaded,Lunar Sample Catalog 75086 Description,http://curator.jsc.nasa.gov/lunar/catalogs/apollo17/v3/75086.pdf,catalog,
75087,Apollo 17,https://www.lpi.usra.edu/lunar/samples/atlas/detail/?mission=Apollo%2017&sample=75087,2a0bf926cd332ad3e2e6f2f61bbf603da974b6f6d8d7d04026feca50cde4d4c3,2026-10-04T09:32:56.396407+00:00,downloaded,"Lunar Sample Compendium, 75085.pdf",https://www.lpi.usra.edu/lunar/samples/atlas/compendium/75085.pdf,compendium,
75087,Apollo 17,https://www.lpi.usra.edu/lunar/samples/atlas/detail/?mission=Apollo%2017&sample=75087,2a0bf926cd332ad3e2e6f2f61bbf603da974b6f6d8d7d04026feca50cde4d4c3,2026-10-04T09:32:56.396407+00:00,downloaded,Lunar Sample Catalog 75087 Description,http://curator.jsc.nasa.gov/lunar/catalogs/apollo17/v3/75087.pdf,catalog,
75088,Apollo 17,https://www.lpi.usra.edu/lunar/samples/atlas/detail/?mission=Apollo%2017&sample=75088,541bd5ab7c3dffbde53e2b0c0a1ac61e8fe1db94e94167fd447731b2feecb782,2026-10-04T09:32:57.075425+00:00,downloaded,"Lunar Sample Compendium, 75085.pdf",https://www.lpi.usra.edu/lunar/samples/atlas/compendium/75085.pdf,compendium,
75088,Apollo 17,https://www.lpi.usra.edu/lunar/samples/atlas/detail/?mission=Apollo%2017&sample=75088,541bd5ab7c3dffbde53e2b0c0a1ac61e8fe1db94e94167fd447731b2feecb782,2026-10-04T09:32:57.075425+00:00,downloaded,Lunar Sample Catalog 75088 Description,http://curator.jsc.nasa.gov/lunar/catalogs/apollo17/v3/75088.pdf,catalog,
75089,Apollo 17,https://www.lpi.usra.edu/lunar/samples/atlas/detail/?mission=Apollo%2017&sample=75089,b2c6b28aeeeb3bce7801a02b7ea35c3c25975c41fc362cd10ff9e6a765be9ace,2026-10-04T09:32:57.879962+00:00,downloaded,"Lunar Sample Compendium, 75085.pdf",https://www.lpi.usra.edu/lunar/samples/atlas/compendium/75085.pdf,compendium,
75089,Apollo 17,https://www.lpi.usra.edu/lunar/samples/atlas/detail/?mission=Apollo%2017&sample=75089,b2c6b28aeeeb3bce7801a02b7ea35c3c25975c41fc362cd10ff9e6a765be9ace,2026-10-04T09:32:57.879962+00:00,downloaded,Lunar Sample Catalog 75089 Description,http://curator.jsc.nasa.gov/lunar/catalogs/apollo17/v3/75089.pdf,catalog,
75110,Apollo 17,https://www.lpi.usra.edu/lunar/samples/atlas/detail/?mission=Apollo%2017&sample=75110,f2fa0cb208ab0687dbdd529a26a48967f0c2b544b2b7010231aed8fe799f389c,2026-10-04T09:32:58.702436+00:00,downloaded_no_pdf,,,,
75111,Apollo 17,https://www.lpi.usra.edu/lunar/samples/atlas/detail/?mission=Apollo%2017&sample=75111,fe6f4a5470a86a507a92b90ace8b0a7e23adbeb615d009f54df164f067e7f879,2026-10-04T09:32:59.473876+00:00,downloaded,"Lunar Sample Compendium, 75111.pdf",https://www.lpi.usra.edu/lunar/samples/atlas/compendium/75111.pdf,compendium,
75112,Apollo 17,https://www.lpi.usra.edu/lunar/samples/atlas/detail/?mission=Apollo%2017&sample=75112,a77d85c0b94964ffde62e6bede6be84d384e8d01d71cf0e4b193675cf8fe5db5,2026-10-04T09:33:00.126515+00:00,downloaded_no_pdf,,,,
75113,Apollo 17,https://www.lpi.usra.edu/lunar/samples/atlas/detail/?mission=Apollo%2017&sample=75113,feed6ceaa548084cf96444b3f18f8ce4579bf68ae678d1bca2371562c824e216,2026-10-04T09:33:00.779967+00:00,downloaded_no_pdf,,,,
75114,Apollo 17,https://www.lpi.usra.edu/lunar/samples/atlas/detail/?mission=Apollo%2017&sample=75114,b0c834cebc72831113c36cde5cb2ae22c0f604b7912d84d4e7a38fa50b8138c2,2026-10-04T09:33:01.580513+00:00,downloaded_no_pdf,,,,
75115,Apollo 17,https://www.lpi.usra.edu/lunar/samples/atlas/detail/?mission=Apollo%2017&sample=75115,f8baca000c737e40d69b18ab1392e5a88a742ef61751de37bc6e3b4081254972,2026-10-04T09:33:02.365334+00:00,downloaded_no_pdf,,,,
75120,Apollo 17,https://www.lpi.usra.edu/lunar/samples/atlas/detail/?mission=Apollo%2017&sample=75120,79f9956f3d281b2b33c6f2316ce2a9269aa5b42da08bd2b3c077cb142dbf0d40,2026-10-04T09:33:03.082113+00:00,downloaded_no_pdf,,,,
75121,Apollo 17,https://www.lpi.usra.edu/lunar/samples/atlas/detail/?mission=Apollo%2017&sample=75121,0ddd0a73d3837bd102fa8ae65a5f98193f21d82069a4c0767da307f855551f51,2026-10-04T09:33:03.726350+00:00,downloaded,"Lunar Sample Compendium, 75121.pdf",https://www.lpi.usra.edu/lunar/samples/atlas/compendium/75121.pdf,compendium,
75122,Apollo 17,https://www.lpi.usra.edu/lunar/samples/atlas/detail/?mission=Apollo%2017&sample=75122,6488bdec1746d62bfc9ba20bbefaab9d5c1883996c32399afece1b225ca39221,2026-10-04T09:33:04.378681+00:00,downloaded_no_pdf,,,,
75123,Apollo 17,https://www.lpi.usra.edu/lunar/samples/atlas/detail/?mission=Apollo%2017&sample=75123,eb8d2a0ff13fe87176f295bab4907d38f344f757f0cdfd00af276be6a7187a20,2026-10-04T09:33:05.171938+00:00,downloaded_no_pdf,,,,
75196,Apollo 17,https://www.lpi.usra.edu/lunar/samples/atlas/detail/?mission=Apollo%2017&sample=75196,173c03f05256ff0f66a50dbdc845ffd79f7b9cd92d89c9fcdcac2d58556aded0,2026-10-04T09:33:05.828733+00:00,downloaded_no_pdf,,,,
75210,Apollo 17,https://www.lpi.usra.edu/lunar/samples/atlas/detail/?mission=Apollo%2017&sample=75210,856ebe37f56e3fce460675284df24b71308d7072a4197a5dc49e298f49526012,2026-10-04T09:33:06.477645+00:00,downloaded_no_pdf,,,,
75224,Apollo 17,https://www.lpi.usra.edu/lunar/samples/atlas/detail/?mission=Apollo%2017&sample=75224,7308be20a717601b4fa761e055ab1c9bd711a15d208ec1876f907fc99a13144c,2026-10-04T09:33:07.141847+00:00,downloaded_no_pdf,,,,
75701,Apollo 17,https://www.lpi.usra.edu/lunar/samples/atlas/detail/?mission=Apollo%2017&sample=75701,39e1ea473a737785095faa6f219787189b3ffab8d5d4f2edf4cf78a88719c355,2026-10-04T09:33:07.936430+00:00,downloaded_no_pdf,,,,
76001,Apollo 17,https://www.lpi.usra.edu/lunar/samples/atlas/detail/?mission=Apollo%2017&sample=76001,7edb531fd2967e619117d8892735f5be6e1125e7de39b660ef4a80a7482a56f2,2026-10-04T09:33:08.726488+00:00,downloaded,"Lunar Sample Compendium, 76001.pdf",https://www.lpi.usra.edu/lunar/samples/atlas/compendium/76001.pdf,compendium,
76015,Apollo 17,https://www.lpi.usra.edu/lunar/samples/atlas/detail/?mission=Apollo%2017&sample=76015,ce69c3180d67f73d69cbdbbdf78bdf7c3e5e3644e1153fb406c1454fe5c4bf93,2026-10-04T09:33:09.534980+00:00,downloaded,"Lunar Sample Compendium, 76015.pdf",https://www.lpi.usra.edu/lunar/samples/atlas/compendium/76015.pdf,compendium,
76015,Apollo 17,https://www.lpi.usra.edu/lunar/samples/atlas/detail/?mission=Apollo%2017&sample=76015,ce69c3180d67f73d69cbdbbdf78bdf7c3e5e3644e1153fb406c1454fe5c4bf93,2026-10-04T09:33:09.534980+00:00,downloaded,Lunar Sample Catalog 76015 Description,http://curator.jsc.nasa.gov/lunar/catalogs/apollo17/v4/76015.pdf,catalog,
76035,Apollo 17,https://www.lpi.usra.edu/lunar/samples/atlas/detail/?mission=Apollo%2017&sample=76035,691bb4f36ec02696a19698fa7a5f590fa9a5e5890dcad0bf0e7f459a7abd52c1,2026-10-04T09:33:10.243365+00:00,downloaded,"Lunar Sample Compendium, 76035.pdf",https://www.lpi.usra.edu/lunar/samples/atlas/compendium/76035.pdf,compendium,
76035,Apollo 17,https://www.lpi.usra.edu/lunar/samples/atlas/detail/?mission=Apollo%2017&sample=76035,691bb4f36ec02696a19698fa7a5f590fa9a5e5890dcad0bf0e7f459a7abd52c1,2026-10-04T09:33:10.243365+00:00,downloaded,Lunar Sample Catalog 76035 Description,http://curator.jsc.nasa.gov/lunar/catalogs/apollo17/v4/76035.pdf,catalog,
76036,Apollo 17,https://www.lpi.usra.edu/lunar/samples/atlas/detail/?mission=Apollo%2017&sample=76036,2cfc6ad8a0e124c7ee9bcd98b31566fb9eb7346b7e3037db04a5f10c73856b8a,2026-10-04T09:33:10.957267+00:00,downloaded,Lunar Sample Catalog 76036 Description,http://curator.jsc.nasa.gov/lunar/catalogs/apollo17/v4/76036.pdf,catalog,
76037,Apollo 17,https://www.lpi.usra.edu/lunar/samples/atlas/detail/?mission=Apollo%2017&sample=76037,ddcd7be05dd8f396c3f4516438ae2976f41e879e00be6d384089e367f077519e,2026-10-04T09:33:11.613561+00:00,downloaded,Lunar Sample Catalog 76037 Description,http://curator.jsc.nasa.gov/lunar/catalogs/apollo17/v4/76037.pdf,catalog,
76055,Apollo 17,https://www.lpi.usra.edu/lunar/samples/atlas/detail/?mission=Apollo%2017&sample=76055,5f1fd3431b3e3cebf8e01f67d4e9b60f75210511d35b05a722393071f3f62889,2026-10-04T09:33:12.399234+00:00,downloaded,"Lunar Sample Compendium, 76055.pdf",https://www.lpi.usra.edu/lunar/samples/atlas/compendium/76055.pdf,compendium,
76055,Apollo 17,https://www.lpi.usra.edu/lunar/samples/atlas/detail/?mission=Apollo%2017&sample=76055,5f1fd3431b3e3cebf8e01f67d4e9b60f75210511d35b05a722393071f3f62889,2026-10-04T09:33:12.399234+00:00,downloaded,Lunar Sample Catalog 76055 Description,http://curator.jsc.nasa.gov/lunar/catalogs/apollo17/v4/76055.pdf,catalog,
76120,Apollo 17,https://www.lpi.usra.edu/lunar/samples/atlas/detail/?mission=Apollo%2017&sample=76120,c94941a0377070e8888a8bdcf0144c5f25a172a0e758a7e9583b051dfad9eba3,2026-10-04T09:33:13.104221+00:00,downloaded_no_pdf,,,,
76121,Apollo 17,https://www.lpi.usra.edu/lunar/samples/atlas/detail/?mission=Apollo%2017&sample=76121,eba0c839d27195230da6220479f2ae24c975be2f341d6bb6b9bddd70329b277f,2026-10-04T09:33:13.748736+00:00,downloaded,"Lunar Sample Compendium, 76121.pdf",https://www.lpi.usra.edu/lunar/samples/atlas/compendium/76121.pdf,compendium,
76122,Apollo 17,https://www.lpi.usra.edu/lunar/samples/atlas/detail/?mission=Apollo%2017&sample=76122,42b1573a1a35a3f4e1fd3b53e81ce0106bd2e3d8f11c810922464771bb6f6214,2026-10-04T09:33:14.539538+00:00,downloaded_no_pdf,,,,
76123,Apollo 17,https://www.lpi.usra.edu/lunar/samples/atlas/detail/?mission=Apollo%2017&sample=76123,d7401c524121736a15d13746e7ec62a13809a1879dd291aa0ca2c516eac5683b,2026-10-04T09:33:15.189036+00:00,downloaded_no_pdf,,,,
76124,Apollo 17,https://www.lpi.usra.edu/lunar/samples/atlas/detail/?mission=Apollo%2017&sample=76124,f9ccac51a7ec86c91918141089fceecf324a79270e052ac9cc6d0aef4784cb73,2026-10-04T09:33:15.873399+00:00,downloaded_no_pdf,,,,
76130,Apollo 17,https://www.lpi.usra.edu/lunar/samples/atlas/detail/?mission=Apollo%2017&sample=76130,14f59d3d29ca7ab4875cf3250982f9bd140f09a84914b783ecb5b2194a9c5e68,2026-10-04T09:33:16.526817+00:00,downloaded_no_pdf,,,,
76131,Apollo 17,https://www.lpi.usra.edu/lunar/samples/atlas/detail/?mission=Apollo%2017&sample=76131,62bf4e1f8c6868461c12569cfbfb7968fe9121e129b0de10ef73c6b5e8e1d387,2026-10-04T09:33:17.308927+00:00,downloaded,"Lunar Sample Compendium, 76131.pdf",https://www.lpi.usra.edu/lunar/samples/atlas/compendium/76131.pdf,compendium,
76132,Apollo 17,https://www.lpi.usra.edu/lunar/samples/atlas/detail/?mission=Apollo%2017&sample=76132,ad6f1c4efcf5782efa6c7bed7f070053970114acff62a3479511dcbf1f1a3bb3,2026-10-04T09:33:17.957488+00:00,downloaded_no_pdf,,,,
76133,Apollo 17,https://www.lpi.usra.edu/lunar/samples/atlas/detail/?mission=Apollo%2017&sample=76133,4a82bcd4a8b90b99340ed0fd97b5e4b55c836339393c02fec666068ed9da2cd1,2026-10-04T09:33:18.758959+00:00,downloaded_no_pdf,,,,
76134,Apollo 17,https://www.lpi.usra.edu/lunar/samples/atlas/detail/?mission=Apollo%2017&sample=76134,f7e79c966e2b23847451369dcfe5a0c715eddc4fa5bbfd4585f78ba76fc3251b,2026-10-04T09:33:19.548941+00:00,downloaded_no_pdf,,,,
76135,Apollo 17,https://www.lpi.usra.edu/lunar/samples/atlas/detail/?mission=Apollo%2017&sample=76135,16539653fd0e13d8122b89c75d9ad3db3489a48f8ea7721d39f99c2487e2ff66,2026-10-04T09:33:20.198151+00:00,downloaded,"Lunar Sample Compendium, 76135.pdf",https://www.lpi.usra.edu/lunar/samples/atlas/compendium/76135.pdf,compendium,
76135,Apollo 17,https://www.lpi.usra.edu/lunar/samples/atlas/detail/?mission=Apollo%2017&sample=76135,16539653fd0e13d8122b89c75d9ad3db3489a48f8ea7721d39f99c2487e2ff66,2026-10-04T09:33:20.198151+00:00,downloaded,Lunar Sample Catalog 76135 Description,http://curator.jsc.nasa.gov/lunar/catalogs/apollo17/v4/76135.pdf,catalog,
76136,Apollo 17,https://www.lpi.usra.edu/lunar/samples/atlas/detail/?mission=Apollo%2017&sample=76136,035c2d2d1b7aa65342bc298b42c8b20b3def626b2d85c268b57b26f84931f639,2026-10-04T09:33:20.894153+00:00,downloaded,"Lunar Sample Compendium, 76136.pdf",https://www.lpi.usra.edu/lunar/samples/atlas/compendium/76136.pdf,compendium,
76136,Apollo 17,https://www.lpi.usra.edu/lunar/samples/atlas/detail/?mission=Apollo%2017&sample=76136,035c2d2d1b7aa65342bc298b42c8b20b3def626b2d85c268b57b26f84931f639,2026-10-04T09:33:20.894153+00:00,downloaded,Lunar Sample Catalog 76136 Description,http://curator.jsc.nasa.gov/lunar/catalogs/apollo17/v4/76136.pdf,catalog,
76137,Apollo 17,https://www.lpi.usra.edu/lunar/samples/atlas/detail/?mission=Apollo%2017&sample=76137,b9a44fc6a3e488d6ac491886b048ebc93e09027f6271d0e595a2ddebd3f00403,2026-10-04T09:33:21.584732+00:00,downloaded,Lunar Sample Catalog 76137 Description,http://curator.jsc.nasa.gov/lunar/catalogs/apollo17/v4/76137.pdf,catalog,
76210,Apollo 17,https://www.lpi.usra.edu/lunar/samples/atlas/detail/?mission=Apollo%2017&sample=76210,6c659177e43958c2c15d67d928c54654b6dea0764c854fe67b44e82a477b792e,2026-10-04T09:33:22.281014+00:00,downloaded_no_pdf,,,,
76215,Apollo 17,https://www.lpi.usra.edu/lunar/samples/atlas/detail/?mission=Apollo%2017&sample=76215,de51c7960d068d12f566fa634830f161a4151b76166c55a6cdfbf1101d13b9b7,2026-10-04T09:33:23.067514+00:00,downloaded,"Lunar Sample Compendium, 76215.pdf",https://www.lpi.usra.edu/lunar/samples/atlas/compendium/76215.pdf,compendium,
76215,Apollo 17,https://www.lpi.usra.edu/lunar/samples/atlas/detail/?mission=Apollo%2017&sample=76215,de51c7960d068d12f566fa634830f161a4151b76166c55a6cdfbf1101d13b9b7,2026-10-04T09:33:23.067514+00:00,downloaded,Lunar Sample Catalog 76215 Description,http://curator.jsc.nasa.gov/lunar/catalogs/apollo17/v4/76215.pdf,catalog,
76230,Apollo 17,https://www.lpi.usra.edu/lunar/samples/atlas/detail/?mission=Apollo%2017&sample=76230,7e9d288db76bd2bb7cf0d3dbfeb9217fe0fa3f927415ea5e4707399f7084af07,2026-10-04T09:33:23.902328+00:00,downloaded,"Lunar Sample Compendium, 76235.pdf",https://www.lpi.usra.edu/lunar/samples/atlas/compendium/76235.pdf,compendium,
76235,Apollo 17,https://www.lpi.usra.edu/lunar/samples/atlas/detail/?mission=Apollo%2017&sample=76235,085c1a5b71bd9d6824d5216ca9b280b4eff1549d82bd939586b049bcea24cb62,2026-10-04T09:33:24.552332+00:00,downloaded,"Lunar Sample Compendium, 76235.pdf",https://www.lpi.usra.edu/lunar/samples/atlas/compendium/76235.pdf,compendium,
76235,Apollo 17,https://www.lpi.usra.edu/lunar/samples/atlas/detail/?mission=Apollo%2017&sample=76235,085c1a5b71bd9d6824d5216ca9b280b4eff1549d82bd939586b049bcea24cb62,2026-10-04T09:33:24.552332+00:00,downloaded,Lunar Sample Catalog 76235 Description,http://curator.jsc.nasa.gov/lunar/catalogs/apollo17/v4/76235.pdf,catalog,
76236,Apollo 17,https://www.lpi.usra.edu/lunar/samples/atlas/detail/?mission=Apollo%2017&sample=76236,5db56cf49d668af8ae10e37dc095b9871519ecca6ceef6be5e508fd40d5b053a,2026-10-04T09:33:25.378739+00:00,downloaded,"Lunar Sample Compendium, 76235.pdf",https://www.lpi.usra.edu/lunar/samples/atlas/compendium/76235.pdf,compendium,
76236,Apollo 17,https://www.lpi.usra.edu/lunar/samples/atlas/detail/?mission=Apollo%2017&sample=76236,5db56cf49d668af8ae10e37dc095b9871519ecca6ceef6be5e508fd40d5b053a,2026-10-04T09:33:25.378739+00:00,downloaded,Lunar Sample Catalog 76236 Description,http://curator.jsc.nasa.gov/lunar/catalogs/apollo17/v4/76236.pdf,catalog,
76237,Apollo 17,https://www.lpi.usra.edu/lunar/samples/atlas/detail/?mission=Apollo%2017&sample=76237,93d612ba93fa25ca372bcf6b6a7f9a2337f16bd0ddd7b54699afe37ad3e456ad,2026-10-04T09:33:26.194154+00:00,downloaded,"Lunar Sample Compendium, 76235.pdf",https://www.lpi.usra.edu/lunar/samples/atlas/compendium/76235.pdf,compendium,
76237,Apollo 17,https://www.lpi.usra.edu/lunar/samples/atlas/detail/?mission=Apollo%2017&sample=76237,93d612ba93fa25ca372bcf6b6a7f9a2337f16bd0ddd7b54699afe37ad3e456ad,2026-10-04T09:33:26.194154+00:00,downloaded,Lunar Sample Catalog 76237 Description,http://curator.jsc.nasa.gov/lunar/catalogs/apollo17/v4/76237.pdf,catalog,
76238,Apollo 17,https://www.lpi.usra.edu/lunar/samples/atlas/detail/?mission=Apollo%2017&sample=76238,656978b3dc1680f500e7842a9986d74ce71eff85246a22b9ffe5aab93d79cc6a,2026-10-04T09:33:26.911922+00:00,downloaded,"Lunar Sample Compendium, 76235.pdf",https://www.lpi.usra.edu/lunar/samples/atlas/compendium/76235.pdf,compendium,
76238,Apollo 17,https://www.lpi.usra.edu/lunar/samples/atlas/detail/?mission=Apollo%2017&sample=76238,656978b3dc1680f500e7842a9986d74ce71eff85246a22b9ffe5aab93d79cc6a,2026-10-04T09:33:26.911922+00:00,downloaded,Lunar Sample Catalog 76238 Description,http://curator.jsc.nasa.gov/lunar/catalogs/apollo17/v4/76238.pdf,catalog,
76239,Apollo 17,https://www.lpi.usra.edu/lunar/samples/atlas/detail/?mission=Apollo%2017&sample=76239,06672fe00dc194f8088905e44b6c9994f629cefc709e595a0135717816841c0d,2026-10-04T09:33:27.723325+00:00,downloaded,"Lunar Sample Compendium, 76235.pdf",https://www.lpi.usra.edu/lunar/samples/atlas/compendium/76235.pdf,compendium,
76239,Apollo 17,https://www.lpi.usra.edu/lunar/samples/atlas/detail/?mission=Apollo%2017&sample=76239,06672fe00dc194f8088905e44b6c9994f629cefc709e595a0135717816841c0d,2026-10-04T09:33:27.723325+00:00,downloaded,Lunar Sample Catalog 76239 Description,http://curator.jsc.nasa.gov/lunar/catalogs/apollo17/v4/76239.pdf,catalog,
76240,Apollo 17,https://www.lpi.usra.edu/lunar/samples/atlas/detail/?mission=Apollo%2017&sample=76240,790788b01e83ada7bcc92c458ecdfe9aa5b48c7850c97ff9db0e4836425e550c,2026-10-04T09:33:28.541228+00:00,downloaded,"Lunar Sample Compendium, 76240.pdf",https://www.lpi.usra.edu/lunar/samples/atlas/compendium/76240.pdf,compendium,
76241,Apollo 17,https://www.lpi.usra.edu/lunar/samples/atlas/detail/?mission=Apollo%2017&sample=76241,b173b859a52e9387bfb663914d23c39f151fab04f670ef3e78ea8e9c02d86156,2026-10-04T09:33:29.188054+00:00,downloaded_no_pdf,,,,
76242,Apollo 17,https://www.lpi.usra.edu/lunar/samples/atlas/detail/?mission=Apollo%2017&sample=76242,806342e2087af05b4f4c8883b2ad06e912cbe944d4df4d806df28ff7d256f8cc,2026-10-04T09:33:29.861785+00:00,downloaded_no_pdf,,,,
76243,Apollo 17,https://www.lpi.usra.edu/lunar/samples/atlas/detail/?mission=Apollo%2017&sample=76243,e6b71d7bd3aa49d3dc6a57d9597e7d1fb167576f0fecc3cc93f7e49cf3a36a41,2026-10-04T09:33:30.684481+00:00,downloaded_no_pdf,,,,
76244,Apollo 17,https://www.lpi.usra.edu/lunar/samples/atlas/detail/?mission=Apollo%2017&sample=76244,98c1656cbd3a39ec6eb5cebc2d06941913835dda5194a4aebd0b394b6b747606,2026-10-04T09:33:31.380763+00:00,downloaded_no_pdf,,,,
76245,Apollo 17,https://www.lpi.usra.edu/lunar/samples/atlas/detail/?mission=Apollo%2017&sample=76245,891b33134868033ca39e0e6c0a8488d28b1eea2a66993b325b9de0b0261114cf,2026-10-04T09:33:32.195218+00:00,downloaded,"Lunar Sample Compendium, 76245.pdf",https://www.lpi.usra.edu/lunar/samples/atlas/compendium/76245.pdf,compendium,
76245,Apollo 17,https://www.lpi.usra.edu/lunar/samples/atlas/detail/?mission=Apollo%2017&sample=76245,891b33134868033ca39e0e6c0a8488d28b1eea2a66993b325b9de0b0261114cf,2026-10-04T09:33:32.195218+00:00,downloaded,Lunar Sample Catalog 76245 Description,http://curator.jsc.nasa.gov/lunar/catalogs/apollo17/v4/76245.pdf,catalog,
76246,Apollo 17,https://www.lpi.usra.edu/lunar/samples/atlas/detail/?mission=Apollo%2017&sample=76246,1e7d53c5fe62654652e0a3fe00efc231375b7afee391f0ac58e96b6047363019,2026-10-04T09:33:33.011076+00:00,downloaded,"Lunar Sample Compendium, 76245.pdf",https://www.lpi.usra.edu/lunar/samples/atlas/compendium/76245.pdf,compendium,
76246,Apollo 17,https://www.lpi.usra.edu/lunar/samples/atlas/detail/?mission=Apollo%2017&sample=76246,1e7d53c5fe62654652e0a3fe00efc231375b7afee391f0ac58e96b6047363019,2026-10-04T09:33:33.011076+00:00,downloaded,Lunar Sample Catalog 76246 Description,http://curator.jsc.nasa.gov/lunar/catalogs/apollo17/v4/76246.pdf,catalog,
76250,Apollo 17,https://www.lpi.usra.edu/lunar/samples/atlas/detail/?mission=Apollo%2017&sample=76250,c6dcd4dbf790587316cb5053ccdd6370ed9c2341b6f35931871ae64ce1ecd906,2026-10-04T09:33:33.837326+00:00,downloaded_no_pdf,,,,
76255,Apollo 17,https://www.lpi.usra.edu/lunar/samples/atlas/detail/?mission=Apollo%2017&sample=76255,755878d2b8b1e174d64373f93976076e05287016a09212e5cb0ad86e0545e31e,2026-10-04T09:33:34.486498+00:00,downloaded,"Lunar Sample Compendium, 76255.pdf",https://www.lpi.usra.edu/lunar/samples/atlas/compendium/76255.pdf,compendium,
76255,Apollo 17,https://www.lpi.usra.edu/lunar/samples/atlas/detail/?mission=Apollo%2017&sample=76255,755878d2b8b1e174d64373f93976076e05287016a09212e5cb0ad86e0545e31e,2026-10-04T09:33:34.486498+00:00,downloaded,Lunar Sample Catalog 76255 Description,http://curator.jsc.nasa.gov/lunar/catalogs/apollo17/v4/76255.pdf,catalog,
76260,Apollo 17,https://www.lpi.usra.edu/lunar/samples/atlas/detail/?mission=Apollo%2017&sample=76260,8caba03ebdcbbad54b8db252845c0f0188d9f02532655fa06d7c6582ba3b4af9,2026-10-04T09:33:35.320254+00:00,downloaded,"Lunar Sample Compendium, 76240.pdf",https://www.lpi.usra.edu/lunar/samples/atlas/compendium/76240.pdf,compendium,
76261,Apollo 17,https://www.lpi.usra.edu/lunar/samples/atlas/detail/?mission=Apollo%2017&sample=76261,ea84c02dd67d1adada581505cf0d7c283ceb5ef883d696bc1af5e26e555519c3,2026-10-04T09:33:36.109519+00:00,downloaded_no_pdf,,,,
76262,Apollo 17,https://www.lpi.usra.edu/lunar/samples/atlas/detail/?mission=Apollo%2017&sample=76262,d63426eb6df368f09b162722782a3fbea45c9937f96a749da6c7a07c796d54ad,2026-10-04T09:33:36.930694+00:00,downloaded_no_pdf,,,,
76263,Apollo 17,https://www.lpi.usra.edu/lunar/samples/atlas/detail/?mission=Apollo%2017&sample=76263,47020152e8bbbcd83c4c212b5d5096c19b7095c671542492f2355aa6e613c9dd,2026-10-04T09:33:37.702516+00:00,downloaded_no_pdf,,,,
76264,Apollo 17,https://www.lpi.usra.edu/lunar/samples/atlas/detail/?mission=Apollo%2017&sample=76264,7e92b82d58f9ec4027aec0c61cd9d58a9983cc12324389c047bebe18280af92e,2026-10-04T09:33:38.476495+00:00,downloaded_no_pdf,,,,
76265,Apollo 17,https://www.lpi.usra.edu/lunar/samples/atlas/detail/?mission=Apollo%2017&sample=76265,856b6909cdfb28f7c0d3ec48f87212d522cf303f670a9eef51e1bd8a5e6f5e13,2026-10-04T09:33:39.131303+00:00,downloaded,Lunar Sample Catalog 76265 Description,http://curator.jsc.nasa.gov/lunar/catalogs/apollo17/v4/76265.pdf,catalog,
76270,Apollo 17,https://www.lpi.usra.edu/lunar/samples/atlas/detail/?mission=Apollo%2017&sample=76270,72b23cf776ac2f9c47b5537d77bacabd1dd506a9fd32125b5578a078b72ba024,2026-10-04T09:33:39.826784+00:00,downloaded_no_pdf,,,,
76275,Apollo 17,https://www.lpi.usra.edu/lunar/samples/atlas/detail/?mission=Apollo%2017&sample=76275,9903fd046e1ce8545a1f1953dcffa3679d0694477e59d5bcc8ad134e4b044903,2026-10-04T09:33:40.476122+00:00,downloaded,"Lunar Sample Compendium, 76275.pdf",https://www.lpi.usra.edu/lunar/samples/atlas/compendium/76275.pdf,compendium,
76275,Apollo 17,https://www.lpi.usra.edu/lunar/samples/atlas/detail/?mission=Apollo%2017&sample=76275,9903fd046e1ce8545a1f1953dcffa3679d0694477e59d5bcc8ad134e4b044903,2026-10-04T09:33:40.476122+00:00,downloaded,Lunar Sample Catalog 76275 Description,http://curator.jsc.nasa.gov/lunar/catalogs/apollo17/v4/76275.pdf,catalog,
76280,Apollo 17,https://www.lpi.usra.edu/lunar/samples/atlas/detail/?mission=Apollo%2017&sample=76280,dc8be65ef41c4ad2421b17e911249b3692761af6e1beb28f2ffd1cfb56478dd9,2026-10-04T09:33:41.103211+00:00,downloaded,"Lunar Sample Compendium, 76240.pdf",https://www.lpi.usra.edu/lunar/samples/atlas/compendium/76240.pdf,compendium,
76281,Apollo 17,https://www.lpi.usra.edu/lunar/samples/atlas/detail/?mission=Apollo%2017&sample=76281,ba3dcebd7209e41227cae674fc2f8156718d9c4853fde5496029698b4d8b8c5b,2026-10-04T09:33:41.937711+00:00,downloaded_no_pdf,,,,
76282,Apollo 17,https://www.lpi.usra.edu/lunar/samples/atlas/detail/?mission=Apollo%2017&sample=76282,b3b6e34365f6e7b900ecae9b30d6f1e6bd06ee2f824acec300906c7a4b91eb2c,2026-10-04T09:33:42.726101+00:00,downloaded_no_pdf,,,,
76283,Apollo 17,https://www.lpi.usra.edu/lunar/samples/atlas/detail/?mission=Apollo%2017&sample=76283,176a773a5c07c61a5efe06108a106126ac533a2e89cda56af26d465eae14542a,2026-10-04T09:33:43.389203+00:00,downloaded_no_pdf,,,,
76284,Apollo 17,https://www.lpi.usra.edu/lunar/samples/atlas/detail/?mission=Apollo%2017&sample=76284,c52982e340eb834bf82149308cc4f62f1e47a8e1695e164f34d213c3280add97,2026-10-04T09:33:44.044676+00:00,downloaded_no_pdf,,,,
76285,Apollo 17,https://www.lpi.usra.edu/lunar/samples/atlas/detail/?mission=Apollo%2017&sample=76285,af2e6a760a72c87b85ee42f385f1c3c62708d0a673cd6814d4562136f7e02e0b,2026-10-04T09:33:44.824671+00:00,downloaded,Lunar Sample Catalog 76285 Description,http://curator.jsc.nasa.gov/lunar/catalogs/apollo17/v4/76285.pdf,catalog,
76286,Apollo 17,https://www.lpi.usra.edu/lunar/samples/atlas/detail/?mission=Apollo%2017&sample=76286,7a811ced82ee137b9768cc25401d295da03e6b7f968a6a36262e7ce9c83a22cd,2026-10-04T09:33:45.524345+00:00,downloaded,Lunar Sample Catalog 76286 Description,http://curator.jsc.nasa.gov/lunar/catalogs/apollo17/v4/76286.pdf,catalog,
76290,Apollo 17,https://www.lpi.usra.edu/lunar/samples/atlas/detail/?mission=Apollo%2017&sample=76290,afa50707f14402f0b3262c188b793df08e7eb07aabcba7b8733449352affef5b,2026-10-04T09:33:46.211500+00:00,downloaded_no_pdf,,,,
76295,Apollo 17,https://www.lpi.usra.edu/lunar/samples/atlas/detail/?mission=Apollo%2017&sample=76295,a27929042c8d23af1476701f45d64b46d07bb4a3c0bfd9f90fa50a0dbe703261,2026-10-04T09:33:46.878244+00:00,downloaded,"Lunar Sample Compendium, 76295.pdf",https://www.lpi.usra.edu/lunar/samples/atlas/compendium/76295.pdf,compendium,
76295,Apollo 17,https://www.lpi.usra.edu/lunar/samples/atlas/detail/?mission=Apollo%2017&sample=76295,a27929042c8d23af1476701f45d64b46d07bb4a3c0bfd9f90fa50a0dbe703261,2026-10-04T09:33:46.878244+00:00,downloaded,Lunar Sample Catalog 76295 Description,http://curator.jsc.nasa.gov/lunar/catalogs/apollo17/v4/76295.pdf,catalog,
76305,Apollo 17,https://www.lpi.usra.edu/lunar/samples/atlas/detail/?mission=Apollo%2017&sample=76305,5738d8be5fb08dfc2ac2248d2e6d570f8f37b68e3242577b412a917a34972093,2026-10-04T09:33:47.700328+00:00,downloaded,"Lunar Sample Compendium, 76235.pdf",https://www.lpi.usra.edu/lunar/samples/atlas/compendium/76235.pdf,compendium,
76305,Apollo 17,https://www.lpi.usra.edu/lunar/samples/atlas/detail/?mission=Apollo%2017&sample=76305,5738d8be5fb08dfc2ac2248d2e6d570f8f37b68e3242577b412a917a34972093,2026-10-04T09:33:47.700328+00:00,downloaded,Lunar Sample Catalog 76305 Description,http://curator.jsc.nasa.gov/lunar/catalogs/apollo17/v4/76305_76307doc.pdf,catalog,
76306,Apollo 17,https://www.lpi.usra.edu/lunar/samples/atlas/detail/?mission=Apollo%2017&sample=76306,e0d8f5e9cc668c156f2f8e992351023ddf2971cbcd5d37296cf0d935e55f1a53,2026-10-04T09:33:48.535141+00:00,downloaded,"Lunar Sample Compendium, 76235.pdf",https://www.lpi.usra.edu/lunar/samples/atlas/compendium/76235.pdf,compendium,
76306,Apollo 17,https://www.lpi.usra.edu/lunar/samples/atlas/detail/?mission=Apollo%2017&sample=76306,e0d8f5e9cc668c156f2f8e992351023ddf2971cbcd5d37296cf0d935e55f1a53,2026-10-04T09:33:48.535141+00:00,downloaded,Lunar Sample Catalog 76306 Description,http://curator.jsc.nasa.gov/lunar/catalogs/apollo17/v4/76305_76307doc.pdf,catalog,
76307,Apollo 17,https://www.lpi.usra.edu/lunar/samples/atlas/detail/?mission=Apollo%2017&sample=76307,d9910a920d221c8a5106a124b3852703ba59f7d8afcafe10e4ace158afe531b6,2026-10-04T09:33:49.187457+00:00,downloaded,"Lunar Sample Compendium, 76235.pdf",https://www.lpi.usra.edu/lunar/samples/atlas/compendium/76235.pdf,compendium,
76307,Apollo 17,https://www.lpi.usra.edu/lunar/samples/atlas/detail/?mission=Apollo%2017&sample=76307,d9910a920d221c8a5106a124b3852703ba59f7d8afcafe10e4ace158afe531b6,2026-10-04T09:33:49.187457+00:00,downloaded,Lunar Sample Catalog 76307 Description,http://curator.jsc.nasa.gov/lunar/catalogs/apollo17/v4/76305_76307doc.pdf,catalog,
76310,Apollo 17,https://www.lpi.usra.edu/lunar/samples/atlas/detail/?mission=Apollo%2017&sample=76310,2a562ce214f9c73d13007561c909a6727899e12c48164301f71388e2b334580b,2026-10-04T09:33:49.845542+00:00,downloaded_no_pdf,,,,
76315,Apollo 17,https://www.lpi.usra.edu/lunar/samples/atlas/detail/?mission=Apollo%2017&sample=76315,10a6d03782fe1518f2393e07874f33a0f6b41f1e56dd21dd0614c676c41cfd6d,2026-10-04T09:33:50.672191+00:00,downloaded,"Lunar Sample Compendium, 76315.pdf",https://www.lpi.usra.edu/lunar/samples/atlas/compendium/76315.pdf,compendium,
76315,Apollo 17,https://www.lpi.usra.edu/lunar/samples/atlas/detail/?mission=Apollo%2017&sample=76315,10a6d03782fe1518f2393e07874f33a0f6b41f1e56dd21dd0614c676c41cfd6d,2026-10-04T09:33:50.672191+00:00,downloaded,Lunar Sample Catalog 76315 Description,http://curator.jsc.nasa.gov/lunar/catalogs/apollo17/v4/76315.pdf,catalog,
76320,Apollo 17,https://www.lpi.usra.edu/lunar/samples/atlas/detail/?mission=Apollo%2017&sample=76320,2ad7a29fa95e450a11d81ebe7df1c23323245fc44c0da8aa3ca70e5eccb986a8,2026-10-04T09:33:51.497576+00:00,downloaded_no_pdf,,,,
76335,Apollo 17,https://www.lpi.usra.edu/lunar/samples/atlas/detail/?mission=Apollo%2017&sample=76335,5266d05f85946423d4544f1c3af29df0d64b22e9f6ae6549f1b8078246885cc5,2026-10-04T09:33:52.274367+00:00,downloaded,"Lunar Sample Compendium, 76335.pdf",https://www.lpi.usra.edu/lunar/samples/atlas/compendium/76335.pdf,compendium,
76335,Apollo 17,https://www.lpi.usra.edu/lunar/samples/atlas/detail/?mission=Apollo%2017&sample=76335,5266d05f85946423d4544f1c3af29df0d64b22e9f6ae6549f1b8078246885cc5,2026-10-04T09:33:52.274367+00:00,downloaded,Lunar Sample Catalog 76335 Description,http://curator.jsc.nasa.gov/lunar/catalogs/apollo17/v4/76335.pdf,catalog,
76500,Apollo 17,https://www.lpi.usra.edu/lunar/samples/atlas/detail/?mission=Apollo%2017&sample=76500,5c80b8f5398b2e26274021edc9efc07e6c3e2c429ff1657f90f6f01d5ba2d8e1,2026-10-04T09:33:52.961645+00:00,downloaded_no_pdf,,,,
76501,Apollo 17,https://www.lpi.usra.edu/lunar/samples/atlas/detail/?mission=Apollo%2017&sample=76501,5cf54de74b936d2d03884fe3bc5daefb03d91096296bc1ea76a24937b64f24b3,2026-10-04T09:33:53.614496+00:00,downloaded,"Lunar Sample Compendium, 76501.pdf",https://www.lpi.usra.edu/lunar/samples/atlas/compendium/76501.pdf,compendium,
76502,Apollo 17,https://www.lpi.usra.edu/lunar/samples/atlas/detail/?mission=Apollo%2017&sample=76502,59f549afee7333fb83aef37abfc4a26978e866c6809feaba037fb5baa3f30b9a,2026-10-04T09:33:54.275264+00:00,downloaded_no_pdf,,,,
76503,Apollo 17,https://www.lpi.usra.edu/lunar/samples/atlas/detail/?mission=Apollo%2017&sample=76503,149b42b8d9fabdd6326f7e4f9af586872cb50623e031c21413cb8428cf85ec4a,2026-10-04T09:33:55.060783+00:00,downloaded_no_pdf,,,,
76504,Apollo 17,https://www.lpi.usra.edu/lunar/samples/atlas/detail/?mission=Apollo%2017&sample=76504,a1bcd5151d484c740cfc61f3dad550781a91c8af75afdef64cad543c86e08e97,2026-10-04T09:33:55.704588+00:00,downloaded_no_pdf,,,,
76505,Apollo 17,https://www.lpi.usra.edu/lunar/samples/atlas/detail/?mission=Apollo%2017&sample=76505,05a38281b5a66bcc466bf8a1ae3599469f8f8725d70ac60cf314ea1e7a410900,2026-10-04T09:33:56.390400+00:00,downloaded,Lunar Sample Catalog 76505 Description,http://curator.jsc.nasa.gov/lunar/catalogs/apollo17/v4/76505.pdf,catalog,
76506,Apollo 17,https://www.lpi.usra.edu/lunar/samples/atlas/detail/?mission=Apollo%2017&sample=76506,a186944e9ecbada47837a35a2713b2ef2df5de6e925c71a00cfce498ee417541,2026-10-04T09:33:57.092661+00:00,downloaded,Lunar Sample Catalog 76506 Description,http://curator.jsc.nasa.gov/lunar/catalogs/apollo17/v4/76506.pdf,catalog,
76530,Apollo 17,https://www.lpi.usra.edu/lunar/samples/atlas/detail/?mission=Apollo%2017&sample=76530,9e66df6fa26fd91c7a133fe5065a1c3541d267853f56dc0f65cd2a1c0e764372,2026-10-04T09:33:57.919144+00:00,downloaded,"Lunar Sample Compendium, 76501.pdf",https://www.lpi.usra.edu/lunar/samples/atlas/compendium/76501.pdf,compendium,
76535,Apollo 17,https://www.lpi.usra.edu/lunar/samples/atlas/detail/?mission=Apollo%2017&sample=76535,73dd833000f69d6beff3d022e2f0c2f5049a9f5cebad45b27fc0a23b00cad2c4,2026-10-04T09:33:58.609938+00:00,downloaded,"Lunar Sample Compendium, 76535.pdf",https://www.lpi.usra.edu/lunar/samples/atlas/compendium/76535.pdf,compendium,
76535,Apollo 17,https://www.lpi.usra.edu/lunar/samples/atlas/detail/?mission=Apollo%2017&sample=76535,73dd833000f69d6beff3d022e2f0c2f5049a9f5cebad45b27fc0a23b00cad2c4,2026-10-04T09:33:58.609938+00:00,downloaded,Lunar Sample Catalog 76535 Description,http://curator.jsc.nasa.gov/lunar/catalogs/apollo17/v4/76535.pdf,catalog,
76536,Apollo 17,https://www.lpi.usra.edu/lunar/samples/atlas/detail/?mission=Apollo%2017&sample=76536,612f92502bb912d2b91f83d84b848476e60659de6746f344cd797aafe000225f,2026-10-04T09:33:59.307682+00:00,downloaded,"Lunar Sample Compendium, 76536.pdf",https://www.lpi.usra.edu/lunar/samples/atlas/compendium/76536.pdf,compendium,
76536,Apollo 17,https://www.lpi.usra.edu/lunar/samples/atlas/detail/?mission=Apollo%2017&sample=76536,612f92502bb912d2b91f83d84b848476e60659de6746f344cd797aafe000225f,2026-10-04T09:33:59.307682+00:00,downloaded,Lunar Sample Catalog 76536 Description,http://curator.jsc.nasa.gov/lunar/catalogs/apollo17/v4/76536.pdf,catalog,
76537,Apollo 17,https://www.lpi.usra.edu/lunar/samples/atlas/detail/?mission=Apollo%2017&sample=76537,599f5cf82729a6616896e9ccd87963eb1fd889764e560fe12870a137c9587237,2026-10-04T09:34:00.027300+00:00,downloaded,"Lunar Sample Compendium, 76537.pdf",https://www.lpi.usra.edu/lunar/samples/atlas/compendium/76537.pdf,compendium,
76537,Apollo 17,https://www.lpi.usra.edu/lunar/samples/atlas/detail/?mission=Apollo%2017&sample=76537,599f5cf82729a6616896e9ccd87963eb1fd889764e560fe12870a137c9587237,2026-10-04T09:34:00.027300+00:00,downloaded,Lunar Sample Catalog 76537 Description,http://curator.jsc.nasa.gov/lunar/catalogs/apollo17/v4/76537.pdf,catalog,
76538,Apollo 17,https://www.lpi.usra.edu/lunar/samples/atlas/detail/?mission=Apollo%2017&sample=76538,5d7b2ec8052d4fda3e0926917eccb46298bf7e457c8c27bd674f33db23cfb789,2026-10-04T09:34:00.857254+00:00,downloaded,Lunar Sample Catalog 76538 Description,http://curator.jsc.nasa.gov/lunar/catalogs/apollo17/v4/76538.pdf,catalog,
76539,Apollo 17,https://www.lpi.usra.edu/lunar/samples/atlas/detail/?mission=Apollo%2017&sample=76539,ddd2060a9c5a223a5c18001925051f7ee03d890644171d175f23cda5b869b77d,2026-10-04T09:34:01.690401+00:00,downloaded,"Lunar Sample Compendium, 76539.pdf",https://www.lpi.usra.edu/lunar/samples/atlas/compendium/76539.pdf,compendium,
76539,Apollo 17,https://www.lpi.usra.edu/lunar/samples/atlas/detail/?mission=Apollo%2017&sample=76539,ddd2060a9c5a223a5c18001925051f7ee03d890644171d175f23cda5b869b77d,2026-10-04T09:34:01.690401+00:00,downloaded,Lunar Sample Catalog 76539 Description,http://curator.jsc.nasa.gov/lunar/catalogs/apollo17/v4/76539.pdf,catalog,
76540,Apollo 17,https://www.lpi.usra.edu/lunar/samples/atlas/detail/?mission=Apollo%2017&sample=76540,ee5e8e8bf8119284661d4748d898ee77808aee5562551f2e4025ad018b64c023,2026-10-04T09:34:02.382540+00:00,downloaded_no_pdf,,,,
76541,Apollo 17,https://www.lpi.usra.edu/lunar/samples/atlas/detail/?mission=Apollo%2017&sample=76541,5f890d140f745578df4f55bd6848be5dfb4bb8b2b383bd8fbb2b773fac499619,2026-10-04T09:34:03.210429+00:00,downloaded_no_pdf,,,,
76542,Apollo 17,https://www.lpi.usra.edu/lunar/samples/atlas/detail/?mission=Apollo%2017&sample=76542,04d658512c55a4d772653734acd2325742f63006cd17b8d09a6c3cc16d5da288,2026-10-04T09:34:03.907959+00:00,downloaded_no_pdf,,,,
76543,Apollo 17,https://www.lpi.usra.edu/lunar/samples/atlas/detail/?mission=Apollo%2017&sample=76543,5c3a753b5c991cf5354f28ecf740771faa2b38f7e1a3c14ded5384f7b0b89f2e,2026-10-04T09:34:04.618579+00:00,downloaded_no_pdf,,,,
76544,Apollo 17,https://www.lpi.usra.edu/lunar/samples/atlas/detail/?mission=Apollo%2017&sample=76544,c0fe4c48463c580f86bd90c1809f5fdecff56fe5d2c9d9eda380fa4f0d750a3f,2026-10-04T09:34:05.437121+00:00,downloaded_no_pdf,,,,
76545,Apollo 17,https://www.lpi.usra.edu/lunar/samples/atlas/detail/?mission=Apollo%2017&sample=76545,77547e37831dc3cb160a993215363b4ded172e58086da20a183a46fcd385b7bb,2026-10-04T09:34:06.251865+00:00,downloaded,"Lunar Sample Compendium, 76545.pdf",https://www.lpi.usra.edu/lunar/samples/atlas/compendium/76545.pdf,compendium,
76545,Apollo 17,https://www.lpi.usra.edu/lunar/samples/atlas/detail/?mission=Apollo%2017&sample=76545,77547e37831dc3cb160a993215363b4ded172e58086da20a183a46fcd385b7bb,2026-10-04T09:34:06.251865+00:00,downloaded,Lunar Sample Catalog 76545 Description,http://curator.jsc.nasa.gov/lunar/catalogs/apollo17/v4/76545.pdf,catalog,
76546,Apollo 17,https://www.lpi.usra.edu/lunar/samples/atlas/detail/?mission=Apollo%2017&sample=76546,93491efe2dae5466607c18c41a90badd4ca8e7a9f4c846d9621d93910d82b2fd,2026-10-04T09:34:07.061857+00:00,downloaded,"Lunar Sample Compendium, 76545.pdf",https://www.lpi.usra.edu/lunar/samples/atlas/compendium/76545.pdf,compendium,
76547,Apollo 17,https://www.lpi.usra.edu/lunar/samples/atlas/detail/?mission=Apollo%2017&sample=76547,09d97051ee1040bdf2bf519874c49b016b7f6da510a8927f3afb9a06781955e6,2026-10-04T09:34:07.741953+00:00,downloaded,"Lunar Sample Compendium, 76545.pdf",https://www.lpi.usra.edu/lunar/samples/atlas/compendium/76545.pdf,compendium,
76548,Apollo 17,https://www.lpi.usra.edu/lunar/samples/atlas/detail/?mission=Apollo%2017&sample=76548,590a5eae2c2d6ce50b4b34d2b5cc09fb7027638245b701d4afc353e7fb2ced67,2026-10-04T09:34:08.545150+00:00,downloaded,"Lunar Sample Compendium, 76545.pdf",https://www.lpi.usra.edu/lunar/samples/atlas/compendium/76545.pdf,compendium,
76548,Apollo 17,https://www.lpi.usra.edu/lunar/samples/atlas/detail/?mission=Apollo%2017&sample=76548,590a5eae2c2d6ce50b4b34d2b5cc09fb7027638245b701d4afc353e7fb2ced67,2026-10-04T09:34:08.545150+00:00,downloaded,Lunar Sample Catalog 76548 Description,http://curator.jsc.nasa.gov/lunar/catalogs/apollo17/v4/76548.pdf,catalog,
76549,Apollo 17,https://www.lpi.usra.edu/lunar/samples/atlas/detail/?mission=Apollo%2017&sample=76549,b7186c74c60be9e421f439d2d86caac6e19b840478b0a8f0f0cfa33f814febba,2026-10-04T09:34:09.235814+00:00,downloaded,"Lunar Sample Compendium, 76545.pdf",https://www.lpi.usra.edu/lunar/samples/atlas/compendium/76545.pdf,compendium,
76550,Apollo 17,https://www.lpi.usra.edu/lunar/samples/atlas/detail/?mission=Apollo%2017&sample=76550,0a82c8dab6c430709da935da7d6c38cbb9c466779c91a430a358c06f40b6e60b,2026-10-04T09:34:10.053634+00:00,downloaded_no_pdf,,,,
76551,Apollo 17,https://www.lpi.usra.edu/lunar/samples/atlas/detail/?mission=Apollo%2017&sample=76551,0974dbc85d3a2061a21fa3c7ee757474b8bc02a5f18d053ce8c14756d212b6b4,2026-10-04T09:34:10.865730+00:00,downloaded_no_pdf,,,,
76552,Apollo 17,https://www.lpi.usra.edu/lunar/samples/atlas/detail/?mission=Apollo%2017&sample=76552,e0ff3ca89c24a231a2f74380093f1fc15a9d40a0b1849bb32de917fdfe01f959,2026-10-04T09:34:11.559042+00:00,downloaded_no_pdf,,,,
76553,Apollo 17,https://www.lpi.usra.edu/lunar/samples/atlas/detail/?mission=Apollo%2017&sample=76553,606c885c846337cdf89ea9865e1c84e459cc5bab0237a075979a980039d9a861,2026-10-04T09:34:12.242027+00:00,downloaded_no_pdf,,,,
76554,Apollo 17,https://www.lpi.usra.edu/lunar/samples/atlas/detail/?mission=Apollo%2017&sample=76554,1e02620a21a300e831f8c72e468d5c51c4771f126f150259851e3e1444f1fd30,2026-10-04T09:34:12.929256+00:00,downloaded_no_pdf,,,,
76555,Apollo 17,https://www.lpi.usra.edu/lunar/samples/atlas/detail/?mission=Apollo%2017&sample=76555,aa834ecd7cbdfcf99c3a6e93fbdce2d348cb9000e0a625ba891447056cd73143,2026-10-04T09:34:13.624819+00:00,downloaded,Lunar Sample Catalog 76555 Description,http://curator.jsc.nasa.gov/lunar/catalogs/apollo17/v4/76555.pdf,catalog,
76556,Apollo 17,https://www.lpi.usra.edu/lunar/samples/atlas/detail/?mission=Apollo%2017&sample=76556,c697238635e1cf3f33432f1b44a227eedaa22d928023f8c7af84f08847a984a8,2026-10-04T09:34:14.452450+00:00,downloaded,Lunar Sample Catalog 76556 Description,http://curator.jsc.nasa.gov/lunar/catalogs/apollo17/v4/76556.pdf,catalog,
76557,Apollo 17,https://www.lpi.usra.edu/lunar/samples/atlas/detail/?mission=Apollo%2017&sample=76557,0c42a5f7f7e0d25621a06b74d1f8ce7dfaf5022e40856718913f89060c0d9172,2026-10-04T09:34:15.145375+00:00,downloaded,Lunar Sample Catalog 76557 Description,http://curator.jsc.nasa.gov/lunar/catalogs/apollo17/v4/76557.pdf,catalog,
76558,Apollo 17,https://www.lpi.usra.edu/lunar/samples/atlas/detail/?mission=Apollo%2017&sample=76558,1ca4636a210f4dc3ef4512bac388815cd3490228bf7904360016253ac295f3fe,2026-10-04T09:34:15.958740+00:00,downloaded,Lunar Sample Catalog 76558 Description,http://curator.jsc.nasa.gov/lunar/catalogs/apollo17/v4/76558.pdf,catalog,
76559,Apollo 17,https://www.lpi.usra.edu/lunar/samples/atlas/detail/?mission=Apollo%2017&sample=76559,73083a9483de219b35fe51c1768921851b4e8e044692eacf2d1443890e4c2dab,2026-10-04T09:34:16.650766+00:00,downloaded,Lunar Sample Catalog 76559 Description,http://curator.jsc.nasa.gov/lunar/catalogs/apollo17/v4/76559.pdf,catalog,
76560,Apollo 17,https://www.lpi.usra.edu/lunar/samples/atlas/detail/?mission=Apollo%2017&sample=76560,fe57e1c29c6b1a2d0870272d8baedec784c9343be5029e5839e677e509eed199,2026-10-04T09:34:17.469356+00:00,downloaded_no_pdf,,,,
76561,Apollo 17,https://www.lpi.usra.edu/lunar/samples/atlas/detail/?mission=Apollo%2017&sample=76561,48208624c626c7fd7c03da40ba24e1d1e90977c20c6481332dd2fc6bcf2fc90c,2026-10-04T09:34:18.161810+00:00,downloaded_no_pdf,,,,
76562,Apollo 17,https://www.lpi.usra.edu/lunar/samples/atlas/detail/?mission=Apollo%2017&sample=76562,66d95cfe4b5a1eb4ffa7b2f4e6b1a005ee822f27e7aa7746cc5f7a398eb78c47,2026-10-04T09:34:18.880894+00:00,downloaded_no_pdf,,,,
76563,Apollo 17,https://www.lpi.usra.edu/lunar/samples/atlas/detail/?mission=Apollo%2017&sample=76563,f7f1670641ce46646788e382c5ed387d379c40b81c9aaa8a567827924dc5fb38,2026-10-04T09:34:19.566973+00:00,downloaded_no_pdf,,,,
76564,Apollo 17,https://www.lpi.usra.edu/lunar/samples/atlas/detail/?mission=Apollo%2017&sample=76564,8fc420d4578cd3d904901978d7c771ce7448bd1ff51d7dd9e6a1fec5f2c67caa,2026-10-04T09:34:20.382230+00:00,downloaded_no_pdf,,,,
76565,Apollo 17,https://www.lpi.usra.edu/lunar/samples/atlas/detail/?mission=Apollo%2017&sample=76565,46433c0d527b5397a8d94c69216169741f7a3328cb4f38bdbe04d93547090a14,2026-10-04T09:34:21.194815+00:00,downloaded,"Lunar Sample Compendium, 76565.pdf",https://www.lpi.usra.edu/lunar/samples/atlas/compendium/76565.pdf,compendium,
76565,Apollo 17,https://www.lpi.usra.edu/lunar/samples/atlas/detail/?mission=Apollo%2017&sample=76565,46433c0d527b5397a8d94c69216169741f7a3328cb4f38bdbe04d93547090a14,2026-10-04T09:34:21.194815+00:00,downloaded,Lunar Sample Catalog 76565 Description,http://curator.jsc.nasa.gov/lunar/catalogs/apollo17/v4/76565.pdf,catalog,
76566,Apollo 17,https://www.lpi.usra.edu/lunar/samples/atlas/detail/?mission=Apollo%2017&sample=76566,b4ee3111789c65e103ca2f7513fc844a9f09b9a7deb793c15e0243bc3d0bd3bc,2026-10-04T09:34:21.891829+00:00,downloaded,"Lunar Sample Compendium, 76565.pdf",https://www.lpi.usra.edu/lunar/samples/atlas/compendium/76565.pdf,compendium,
76566,Apollo 17,https://www.lpi.usra.edu/lunar/samples/atlas/detail/?mission=Apollo%2017&sample=76566,b4ee3111789c65e103ca2f7513fc844a9f09b9a7deb793c15e0243bc3d0bd3bc,2026-10-04T09:34:21.891829+00:00,downloaded,Lunar Sample Catalog 76566 Description,http://curator.jsc.nasa.gov/lunar/catalogs/apollo17/v4/76566.pdf,catalog,
76567,Apollo 17,https://www.lpi.usra.edu/lunar/samples/atlas/detail/?mission=Apollo%2017&sample=76567,b19618e61d0153a19733280b247c60dc6f83c0e33e9b04ed0e1828b9b8ef2098,2026-10-04T09:34:22.712663+00:00,downloaded,Lunar Sample Catalog 76567 Description,http://curator.jsc.nasa.gov/lunar/catalogs/apollo17/v4/76567.pdf,catalog,
76568,Apollo 17,https://www.lpi.usra.edu/lunar/samples/atlas/detail/?mission=Apollo%2017&sample=76568,d288d9abd37d8592715ea0affe467cfee295ba88dce8a1148eaebc8c9d77fde0,2026-10-04T09:34:23.547349+00:00,downloaded,Lunar Sample Catalog 76568 Description,http://curator.jsc.nasa.gov/lunar/catalogs/apollo17/v4/76568.pdf,catalog,
76569,Apollo 17,https://www.lpi.usra.edu/lunar/samples/atlas/detail/?mission=Apollo%2017&sample=76569,c8fe1cbfa89cb73f687e8c1319cb37b7f8f4a12aab2aea4389a60a1a08c8fc24,2026-10-04T09:34:24.236398+00:00,downloaded,Lunar Sample Catalog 76569 Description,http://curator.jsc.nasa.gov/lunar/catalogs/apollo17/v4/76569.pdf,catalog,
76570,Apollo 17,https://www.lpi.usra.edu/lunar/samples/atlas/detail/?mission=Apollo%2017&sample=76570,297cb78db3e57ad615149de4df0b76adec4b2a2325b055ac4b7d406518966462,2026-10-04T09:34:24.929480+00:00,downloaded_no_pdf,,,,
76571,Apollo 17,https://www.lpi.usra.edu/lunar/samples/atlas/detail/?mission=Apollo%2017&sample=76571,f56dd450da0d5b17fe2481b88808c9b22f39f3779d0a9ee31ae3e7d1a5a5dff3,2026-10-04T09:34:25.747943+00:00,downloaded_no_pdf,,,,
76572,Apollo 17,https://www.lpi.usra.edu/lunar/samples/atlas/detail/?mission=Apollo%2017&sample=76572,9bd30a573f9f8bb5cbe9f5ceccbab0f952aa0a9600739ec32b0a971da39c5ded,2026-10-04T09:34:26.576058+00:00,downloaded_no_pdf,,,,
76573,Apollo 17,https://www.lpi.usra.edu/lunar/samples/atlas/detail/?mission=Apollo%2017&sample=76573,d48c12b931f9f0f845bd1a6706de498f3bb7f12c6b9386e34ee2b2f5d80a6455,2026-10-04T09:34:27.396296+00:00,downloaded_no_pdf,,,,
76574,Apollo 17,https://www.lpi.usra.edu/lunar/samples/atlas/detail/?mission=Apollo%2017&sample=76574,eb253626419d4283752f0000a37693de30d392c18265c07f6489323664526d6b,2026-10-04T09:34:28.096925+00:00,downloaded_no_pdf,,,,
76575,Apollo 17,https://www.lpi.usra.edu/lunar/samples/atlas/detail/?mission=Apollo%2017&sample=76575,f18a26a25b1c09cebcbe864a04bd8d788187190db69e34208e18d9b7341f3f2e,2026-10-04T09:34:28.785285+00:00,downloaded,"Lunar Sample Compendium, 76575.pdf",https://www.lpi.usra.edu/lunar/samples/atlas/compendium/76575.pdf,compendium,
76575,Apollo 17,https://www.lpi.usra.edu/lunar/samples/atlas/detail/?mission=Apollo%2017&sample=76575,f18a26a25b1c09cebcbe864a04bd8d788187190db69e34208e18d9b7341f3f2e,2026-10-04T09:34:28.785285+00:00,downloaded,Lunar Sample Catalog 76575 Description,http://curator.jsc.nasa.gov/lunar/catalogs/apollo17/v4/76575.pdf,catalog,
76576,Apollo 17,https://www.lpi.usra.edu/lunar/samples/atlas/detail/?mission=Apollo%2017&sample=76576,6b16268fafd860d15705fd7fd67d50014e95523665837f5cc7649b9744374805,2026-10-04T09:34:29.476061+00:00,downloaded,Lunar Sample Catalog 76576 Description,http://curator.jsc.nasa.gov/lunar/catalogs/apollo17/v4/76576.pdf,catalog,
76577,Apollo 17,https://www.lpi.usra.edu/lunar/samples/atlas/detail/?mission=Apollo%2017&sample=76577,d9c130eb8b021d5206d705db8b2c484c6bcc3cf01da007701765620aecf9010a,2026-10-04T09:34:30.168911+00:00,downloaded,"Lunar Sample Compendium, 76577.pdf",https://www.lpi.usra.edu/lunar/samples/atlas/compendium/76577.pdf,compendium,
76577,Apollo 17,https://www.lpi.usra.edu/lunar/samples/atlas/detail/?mission=Apollo%2017&sample=76577,d9c130eb8b021d5206d705db8b2c484c6bcc3cf01da007701765620aecf9010a,2026-10-04T09:34:30.168911+00:00,downloaded,Lunar Sample Catalog 76577 Description,http://curator.jsc.nasa.gov/lunar/catalogs/apollo17/v4/76577.pdf,catalog,
77017,Apollo 17,https://www.lpi.usra.edu/lunar/samples/atlas/detail/?mission=Apollo%2017&sample=77017,4fb5110f531ee27e716f3d11c5ffadebc68de4f9cb2904a3336292a96d48307c,2026-10-04T09:34:31.009301+00:00,downloaded,"Lunar Sample Compendium, 77017.pdf",https://www.lpi.usra.edu/lunar/samples/atlas/compendium/77017.pdf,compendium,
77017,Apollo 17,https://www.lpi.usra.edu/lunar/samples/atlas/detail/?mission=Apollo%2017&sample=77017,4fb5110f531ee27e716f3d11c5ffadebc68de4f9cb2904a3336292a96d48307c,2026-10-04T09:34:31.009301+00:00,downloaded,Lunar Sample Catalog 77017 Description,http://curator.jsc.nasa.gov/lunar/catalogs/apollo17/v4/77017.pdf,catalog,
77035,Apollo 17,https://www.lpi.usra.edu/lunar/samples/atlas/detail/?mission=Apollo%2017&sample=77035,276d82e9b86f25aeac59da1183ca4d3ad043749294c65ce4b66d3b0309ab9014,2026-10-04T09:34:31.823703+00:00,downloaded,"Lunar Sample Compendium, 77035.pdf",https://www.lpi.usra.edu/lunar/samples/atlas/compendium/77035.pdf,compendium,
77035,Apollo 17,https://www.lpi.usra.edu/lunar/samples/atlas/detail/?mission=Apollo%2017&sample=77035,276d82e9b86f25aeac59da1183ca4d3ad043749294c65ce4b66d3b0309ab9014,2026-10-04T09:34:31.823703+00:00,downloaded,Lunar Sample Catalog 77035 Description,http://curator.jsc.nasa.gov/lunar/catalogs/apollo17/v4/77035.pdf,catalog,
77070,Apollo 17,https://www.lpi.usra.edu/lunar/samples/atlas/detail/?mission=Apollo%2017&sample=77070,93391e0ae1527cbaea3f8beb29e2d08c94ad8c879e2296307f4a980d8b88bbab,2026-10-04T09:34:32.517721+00:00,downloaded,"Lunar Sample Compendium, 77210.pdf",https://www.lpi.usra.edu/lunar/samples/atlas/compendium/77210.pdf,compendium,
77075,Apollo 17,https://www.lpi.usra.edu/lunar/samples/atlas/detail/?mission=Apollo%2017&sample=77075,1ffc1950a0a846669821761b1279a6fbf12550932c3673fd6fcccd3bb1861c29,2026-10-04T09:34:33.174498+00:00,downloaded,"Lunar Sample Compendium, 77075.pdf",https://www.lpi.usra.edu/lunar/samples/atlas/compendium/77075.pdf,compendium,
77075,Apollo 17,https://www.lpi.usra.edu/lunar/samples/atlas/detail/?mission=Apollo%2017&sample=77075,1ffc1950a0a846669821761b1279a6fbf12550932c3673fd6fcccd3bb1861c29,2026-10-04T09:34:33.174498+00:00,downloaded,Lunar Sample Catalog 77075 Description,http://curator.jsc.nasa.gov/lunar/catalogs/apollo17/v4/77075.pdf,catalog,
77076,Apollo 17,https://www.lpi.usra.edu/lunar/samples/atlas/detail/?mission=Apollo%2017&sample=77076,21674f5a64dc43cc05bfb9cf142ad8e366a4eeaf2b88c98f1db7a3dc8dc07f64,2026-10-04T09:34:34.011897+00:00,downloaded,"Lunar Sample Compendium, 77075.pdf",https://www.lpi.usra.edu/lunar/samples/atlas/compendium/77075.pdf,compendium,
77076,Apollo 17,https://www.lpi.usra.edu/lunar/samples/atlas/detail/?mission=Apollo%2017&sample=77076,21674f5a64dc43cc05bfb9cf142ad8e366a4eeaf2b88c98f1db7a3dc8dc07f64,2026-10-04T09:34:34.011897+00:00,downloaded,Lunar Sample Catalog 77076 Description,http://curator.jsc.nasa.gov/lunar/catalogs/apollo17/v4/77076.pdf,catalog,
77077,Apollo 17,https://www.lpi.usra.edu/lunar/samples/atlas/detail/?mission=Apollo%2017&sample=77077,ac2155203c38ae231d1d4b605e8e0a48a0e68ffa3b4fb8af141ce3c22005dd06,2026-10-04T09:34:34.674796+00:00,downloaded,"Lunar Sample Compendium, 77075.pdf",https://www.lpi.usra.edu/lunar/samples/atlas/compendium/77075.pdf,compendium,
77077,Apollo 17,https://www.lpi.usra.edu/lunar/samples/atlas/detail/?mission=Apollo%2017&sample=77077,ac2155203c38ae231d1d4b605e8e0a48a0e68ffa3b4fb8af141ce3c22005dd06,2026-10-04T09:34:34.674796+00:00,downloaded,Lunar Sample Catalog 77077 Description,http://curator.jsc.nasa.gov/lunar/catalogs/apollo17/v4/77077.pdf,catalog,
77110,Apollo 17,https://www.lpi.usra.edu/lunar/samples/atlas/detail/?mission=Apollo%2017&sample=77110,5cb6d9a6bf1d2e9f654f45a9287a2f93cbbf936d1a9226ef8a55d9d0930549dd,2026-10-04T09:34:35.489461+00:00,downloaded_no_pdf,,,,
77115,Apollo 17,https://www.lpi.usra.edu/lunar/samples/atlas/detail/?mission=Apollo%2017&sample=77115,014b6680a0f99fc37b3772aafd1f1c372c706f3747e2015d7b94fea9927d4a1c,2026-10-04T09:34:36.144032+00:00,downloaded,"Lunar Sample Compendium, 77115.pdf",https://www.lpi.usra.edu/lunar/samples/atlas/compendium/77115.pdf,compendium,
77115,Apollo 17,https://www.lpi.usra.edu/lunar/samples/atlas/detail/?mission=Apollo%2017&sample=77115,014b6680a0f99fc37b3772aafd1f1c372c706f3747e2015d7b94fea9927d4a1c,2026-10-04T09:34:36.144032+00:00,downloaded,Lunar Sample Catalog 77115 Description,http://curator.jsc.nasa.gov/lunar/catalogs/apollo17/v4/77115.pdf,catalog,
77130,Apollo 17,https://www.lpi.usra.edu/lunar/samples/atlas/detail/?mission=Apollo%2017&sample=77130,a2ccb521387e9f996a1644a914041445f0b347b4d26e4987a34deae8044d29d9,2026-10-04T09:34:36.972143+00:00,downloaded,"Lunar Sample Compendium, 77210.pdf",https://www.lpi.usra.edu/lunar/samples/atlas/compendium/77210.pdf,compendium,
77135,Apollo 17,https://www.lpi.usra.edu/lunar/samples/atlas/detail/?mission=Apollo%2017&sample=77135,54ef845ac232975153d04ce6e4e4cd189e287ddefa4a7e6bbdd5d961ec076be6,2026-10-04T09:34:37.648897+00:00,downloaded,"Lunar Sample Compendium, 77135.pdf",https://www.lpi.usra.edu/lunar/samples/atlas/compendium/77135.pdf,compendium,
77135,Apollo 17,https://www.lpi.usra.edu/lunar/samples/atlas/detail/?mission=Apollo%2017&sample=77135,54ef845ac232975153d04ce6e4e4cd189e287ddefa4a7e6bbdd5d961ec076be6,2026-10-04T09:34:37.648897+00:00,downloaded,Lunar Sample Catalog 77135 Description,http://curator.jsc.nasa.gov/lunar/catalogs/apollo17/v4/77135.pdf,catalog,
77215,Apollo 17,https://www.lpi.usra.edu/lunar/samples/atlas/detail/?mission=Apollo%2017&sample=77215,1be770157fce37348116837f344ad0aa4ea90dd95a722b86b821a109d9af6650,2026-10-04T09:34:38.467081+00:00,downloaded,"Lunar Sample Compendium, 77215.pdf",https://www.lpi.usra.edu/lunar/samples/atlas/compendium/77215.pdf,compendium,
77215,Apollo 17,https://www.lpi.usra.edu/lunar/samples/atlas/detail/?mission=Apollo%2017&sample=77215,1be770157fce37348116837f344ad0aa4ea90dd95a722b86b821a109d9af6650,2026-10-04T09:34:38.467081+00:00,downloaded,Lunar Sample Catalog 77215 Description,http://curator.jsc.nasa.gov/lunar/catalogs/apollo17/v4/77215.pdf,catalog,
77510,Apollo 17,https://www.lpi.usra.edu/lunar/samples/atlas/detail/?mission=Apollo%2017&sample=77510,aac1406416a8095a2a5fb1ac39ecd46340ff96565161cfcf514242be81aae34f,2026-10-04T09:34:39.160304+00:00,downloaded_no_pdf,,,,
77511,Apollo 17,https://www.lpi.usra.edu/lunar/samples/atlas/detail/?mission=Apollo%2017&sample=77511,c667026e82356e138ddda19600e6be6ecda3ca14068c0c4e1a1f896ab5891d99,2026-10-04T09:34:39.802752+00:00,downloaded,"Lunar Sample Compendium, 77531.pdf",https://www.lpi.usra.edu/lunar/samples/atlas/compendium/77531.pdf,compendium,
77512,Apollo 17,https://www.lpi.usra.edu/lunar/samples/atlas/detail/?mission=Apollo%2017&sample=77512,34c284468c8ae291eae8a43e5809b22b4ada19a4507c0a42feb769861e87a506,2026-10-04T09:34:40.591161+00:00,downloaded_no_pdf,,,,
77513,Apollo 17,https://www.lpi.usra.edu/lunar/samples/atlas/detail/?mission=Apollo%2017&sample=77513,363d2b31c28c3a04fdb4686e4d0526b67e0c905a6d8deeab307a8402235326fc,2026-10-04T09:34:41.244210+00:00,downloaded_no_pdf,,,,
77514,Apollo 17,https://www.lpi.usra.edu/lunar/samples/atlas/detail/?mission=Apollo%2017&sample=77514,147344b5ecf5d75b6ff086a006a91f1913772cda189834f2fc519d937a5146bf,2026-10-04T09:34:41.909693+00:00,downloaded_no_pdf,,,,
77515,Apollo 17,https://www.lpi.usra.edu/lunar/samples/atlas/detail/?mission=Apollo%2017&sample=77515,0b60f578413ba1eb8a99d2cb5f3e3645defae07526720ebdf54a82b3eed2d738,2026-10-04T09:34:42.691989+00:00,downloaded,"Lunar Sample Compendium, 77515.pdf",https://www.lpi.usra.edu/lunar/samples/atlas/compendium/77515.pdf,compendium,
77515,Apollo 17,https://www.lpi.usra.edu/lunar/samples/atlas/detail/?mission=Apollo%2017&sample=77515,0b60f578413ba1eb8a99d2cb5f3e3645defae07526720ebdf54a82b3eed2d738,2026-10-04T09:34:42.691989+00:00,downloaded,Lunar Sample Catalog 77515 Description,http://curator.jsc.nasa.gov/lunar/catalogs/apollo17/v4/77515.pdf,catalog,
77516,Apollo 17,https://www.lpi.usra.edu/lunar/samples/atlas/detail/?mission=Apollo%2017&sample=77516,31408b8fdd04a9a5458f347808d8ecbcaf8cf2151d82e6fbeccdbf6f769c36df,2026-10-04T09:34:43.399858+00:00,downloaded,"Lunar Sample Compendium, 77516.pdf",https://www.lpi.usra.edu/lunar/samples/atlas/compendium/77516.pdf,compendium,
77516,Apollo 17,https://www.lpi.usra.edu/lunar/samples/atlas/detail/?mission=Apollo%2017&sample=77516,31408b8fdd04a9a5458f347808d8ecbcaf8cf2151d82e6fbeccdbf6f769c36df,2026-10-04T09:34:43.399858+00:00,downloaded,Lunar Sample Catalog 77516 Description,http://curator.jsc.nasa.gov/lunar/catalogs/apollo17/v4/77516.pdf,catalog,
77517,Apollo 17,https://www.lpi.usra.edu/lunar/samples/atlas/detail/?mission=Apollo%2017&sample=77517,666d500b88185f8482739afecc8ce222cf27338037bf6e4b69f921234f2b42bc,2026-10-04T09:34:44.243612+00:00,downloaded,"Lunar Sample Compendium, 77517.pdf",https://www.lpi.usra.edu/lunar/samples/atlas/compendium/77517.pdf,compendium,
77517,Apollo 17,https://www.lpi.usra.edu/lunar/samples/atlas/detail/?mission=Apollo%2017&sample=77517,666d500b88185f8482739afecc8ce222cf27338037bf6e4b69f921234f2b42bc,2026-10-04T09:34:44.243612+00:00,downloaded,Lunar Sample Catalog 77517 Description,http://curator.jsc.nasa.gov/lunar/catalogs/apollo17/v4/77517.pdf,catalog,
77518,Apollo 17,https://www.lpi.usra.edu/lunar/samples/atlas/detail/?mission=Apollo%2017&sample=77518,683d5ea19a811e2a78e6bc9da713d265746e8bf2d20e47f89c8531115bd89194,2026-10-04T09:34:44.938277+00:00,downloaded,"Lunar Sample Compendium, 77518.pdf",https://www.lpi.usra.edu/lunar/samples/atlas/compendium/77518.pdf,compendium,
77518,Apollo 17,https://www.lpi.usra.edu/lunar/samples/atlas/detail/?mission=Apollo%2017&sample=77518,683d5ea19a811e2a78e6bc9da713d265746e8bf2d20e47f89c8531115bd89194,2026-10-04T09:34:44.938277+00:00,downloaded,Lunar Sample Catalog 77518 Description,http://curator.jsc.nasa.gov/lunar/catalogs/apollo17/v4/77518.pdf,catalog,
77519,Apollo 17,https://www.lpi.usra.edu/lunar/samples/atlas/detail/?mission=Apollo%2017&sample=77519,86c3ac1cdc3d5c09b1c46030dad20d36415389ae72d228e35a0c8b7e1be56e58,2026-10-04T09:34:45.630742+00:00,downloaded,"Lunar Sample Compendium, 77518.pdf",https://www.lpi.usra.edu/lunar/samples/atlas/compendium/77518.pdf,compendium,
77519,Apollo 17,https://www.lpi.usra.edu/lunar/samples/atlas/detail/?mission=Apollo%2017&sample=77519,86c3ac1cdc3d5c09b1c46030dad20d36415389ae72d228e35a0c8b7e1be56e58,2026-10-04T09:34:45.630742+00:00,downloaded,Lunar Sample Catalog 77519 Description,http://curator.jsc.nasa.gov/lunar/catalogs/apollo17/v4/77519.pdf,catalog,
77525,Apollo 17,https://www.lpi.usra.edu/lunar/samples/atlas/detail/?mission=Apollo%2017&sample=77525,6f538ac4cdfb177902a54e5989ea4b4c7043176bb58228d3947c037bbc03d938,2026-10-04T09:34:46.315209+00:00,downloaded,Lunar Sample Catalog 77525 Description,http://curator.jsc.nasa.gov/lunar/catalogs/apollo17/v4/77525.pdf,catalog,
77526,Apollo 17,https://www.lpi.usra.edu/lunar/samples/atlas/detail/?mission=Apollo%2017&sample=77526,afe8a8b6775ab38ca5813724d3635257fca46af7ddd446db4bd873fad0174444,2026-10-04T09:34:47.085751+00:00,downloaded,Lunar Sample Catalog 77526 Description,http://curator.jsc.nasa.gov/lunar/catalogs/apollo17/v4/77526.pdf,catalog,
77535,Apollo 17,https://www.lpi.usra.edu/lunar/samples/atlas/detail/?mission=Apollo%2017&sample=77535,49c2e8d199d464ac8a322e8b91015b424edc66d7dc168e06a60b29c246c992e6,2026-10-04T09:34:47.866546+00:00,downloaded,"Lunar Sample Compendium, 77535.pdf",https://www.lpi.usra.edu/lunar/samples/atlas/compendium/77535.pdf,compendium,
77535,Apollo 17,https://www.lpi.usra.edu/lunar/samples/atlas/detail/?mission=Apollo%2017&sample=77535,49c2e8d199d464ac8a322e8b91015b424edc66d7dc168e06a60b29c246c992e6,2026-10-04T09:34:47.866546+00:00,downloaded,Lunar Sample Catalog 77535 Description,http://curator.jsc.nasa.gov/lunar/catalogs/apollo17/v4/77535.pdf,catalog,
77536,Apollo 17,https://www.lpi.usra.edu/lunar/samples/atlas/detail/?mission=Apollo%2017&sample=77536,5177a7dd5d9b81a8b32aadb85e5044c45a8d76caab08e762f49d52ba1bd48d75,2026-10-04T09:34:48.558495+00:00,downloaded,"Lunar Sample Compendium, 77535.pdf",https://www.lpi.usra.edu/lunar/samples/atlas/compendium/77535.pdf,compendium,
77536,Apollo 17,https://www.lpi.usra.edu/lunar/samples/atlas/detail/?mission=Apollo%2017&sample=77536,5177a7dd5d9b81a8b32aadb85e5044c45a8d76caab08e762f49d52ba1bd48d75,2026-10-04T09:34:48.558495+00:00,downloaded,Lunar Sample Catalog 77536 Description,http://curator.jsc.nasa.gov/lunar/catalogs/apollo17/v4/77536.pdf,catalog,
77537,Apollo 17,https://www.lpi.usra.edu/lunar/samples/atlas/detail/?mission=Apollo%2017&sample=77537,597ec7375a18dcbebbbd025e2636827256ea79bdf11163d4419a30e780bdd9b1,2026-10-04T09:34:49.378058+00:00,downloaded,"Lunar Sample Compendium, 77537.pdf",https://www.lpi.usra.edu/lunar/samples/atlas/compendium/77537.pdf,compendium,
77537,Apollo 17,https://www.lpi.usra.edu/lunar/samples/atlas/detail/?mission=Apollo%2017&sample=77537,597ec7375a18dcbebbbd025e2636827256ea79bdf11163d4419a30e780bdd9b1,2026-10-04T09:34:49.378058+00:00,downloaded,Lunar Sample Catalog 77537 Description,http://curator.jsc.nasa.gov/lunar/catalogs/apollo17/v4/77537.pdf,catalog,
77538,Apollo 17,https://www.lpi.usra.edu/lunar/samples/atlas/detail/?mission=Apollo%2017&sample=77538,4488121291b80bbee3020f0a360760a40fff2809e4e4d9cbcc327f7483fd1cb6,2026-10-04T09:34:50.198168+00:00,downloaded,"Lunar Sample Compendium, 77538.pdf",https://www.lpi.usra.edu/lunar/samples/atlas/compendium/77538.pdf,compendium,
77538,Apollo 17,https://www.lpi.usra.edu/lunar/samples/atlas/detail/?mission=Apollo%2017&sample=77538,4488121291b80bbee3020f0a360760a40fff2809e4e4d9cbcc327f7483fd1cb6,2026-10-04T09:34:50.198168+00:00,downloaded,Lunar Sample Catalog 77538 Description,http://curator.jsc.nasa.gov/lunar/catalogs/apollo17/v4/77538.pdf,catalog,
77539,Apollo 17,https://www.lpi.usra.edu/lunar/samples/atlas/detail/?mission=Apollo%2017&sample=77539,52254d9665de9ce5f4ad1ed30dbab2c5b7fe7d60adabb9e0ce9a9e6d285b127b,2026-10-04T09:34:51.017431+00:00,downloaded,"Lunar Sample Compendium, 77539.pdf",https://www.lpi.usra.edu/lunar/samples/atlas/compendium/77539.pdf,compendium,
77539,Apollo 17,https://www.lpi.usra.edu/lunar/samples/atlas/detail/?mission=Apollo%2017&sample=77539,52254d9665de9ce5f4ad1ed30dbab2c5b7fe7d60adabb9e0ce9a9e6d285b127b,2026-10-04T09:34:51.017431+00:00,downloaded,Lunar Sample Catalog 77539 Description,http://curator.jsc.nasa.gov/lunar/catalogs/apollo17/v4/77539.pdf,catalog,
77545,Apollo 17,https://www.lpi.usra.edu/lunar/samples/atlas/detail/?mission=Apollo%2017&sample=77545,d333c7690b7d0a923f104dbbdb01c94fdcd023e8508b614cbe173d1038830c52,2026-10-04T09:34:51.714937+00:00,downloaded,"Lunar Sample Compendium, 77545.pdf",https://www.lpi.usra.edu/lunar/samples/atlas/compendium/77545.pdf,compendium,
77545,Apollo 17,https://www.lpi.usra.edu/lunar/samples/atlas/detail/?mission=Apollo%2017&sample=77545,d333c7690b7d0a923f104dbbdb01c94fdcd023e8508b614cbe173d1038830c52,2026-10-04T09:34:51.714937+00:00,downloaded,Lunar Sample Catalog 77545 Description,http://curator.jsc.nasa.gov/lunar/catalogs/apollo17/v4/77545.pdf,catalog,
78120,Apollo 17,https://www.lpi.usra.edu/lunar/samples/atlas/detail/?mission=Apollo%2017&sample=78120,6b99b791a01b435c5c2c8ec925cd38ba3edacc71340b18050785aec6aba79ed3,2026-10-04T09:34:52.394195+00:00,downloaded_no_pdf,,,,
78121,Apollo 17,https://www.lpi.usra.edu/lunar/samples/atlas/detail/?mission=Apollo%2017&sample=78121,296997507d1f304c3498cdb15daa79567ae3d91fc46ecc0a73add9dbedeaee36,2026-10-04T09:34:53.053728+00:00,downloaded,"Lunar Sample Compendium, 78121.pdf",https://www.lpi.usra.edu/lunar/samples/atlas/compendium/78121.pdf,compendium,
78122,Apollo 17,https://www.lpi.usra.edu/lunar/samples/atlas/detail/?mission=Apollo%2017&sample=78122,73c743ef31b841a321b4764a78ecb71cebece49dd5193ae27df6c5cc6597e8ff,2026-10-04T09:34:53.701318+00:00,downloaded_no_pdf,,,,
78123,Apollo 17,https://www.lpi.usra.edu/lunar/samples/atlas/detail/?mission=Apollo%2017&sample=78123,bae6be08893a4af385a03aa2a91add0df53445ef3ad25292107aaccd5b8ebef0,2026-10-04T09:34:54.349847+00:00,downloaded_no_pdf,,,,
78124,Apollo 17,https://www.lpi.usra.edu/lunar/samples/atlas/detail/?mission=Apollo%2017&sample=78124,5365fb6ad73db26a615aa51747b275f3a0b186a486a8d0a93c90b7e7d2c847cf,2026-10-04T09:34:55.127558+00:00,downloaded_no_pdf,,,,
78130,Apollo 17,https://www.lpi.usra.edu/lunar/samples/atlas/detail/?mission=Apollo%2017&sample=78130,5b9ab3805c14309cbe377d64726579b0827ea3bf24c1a30b7fcb3781435c0475,2026-10-04T09:34:55.998602+00:00,downloaded_no_pdf,,,,
78135,Apollo 17,https://www.lpi.usra.edu/lunar/samples/atlas/detail/?mission=Apollo%2017&sample=78135,5cec3c8f2ed3e3f6900f5217dcbe421efcc5a14912508af746e904f3eb6d53cc,2026-10-04T09:34:56.776213+00:00,downloaded,"Lunar Sample Compendium, 78135.pdf",https://www.lpi.usra.edu/lunar/samples/atlas/compendium/78135.pdf,compendium,
78135,Apollo 17,https://www.lpi.usra.edu/lunar/samples/atlas/detail/?mission=Apollo%2017&sample=78135,5cec3c8f2ed3e3f6900f5217dcbe421efcc5a14912508af746e904f3eb6d53cc,2026-10-04T09:34:56.776213+00:00,downloaded,Lunar Sample Catalog 78135 Description,http://curator.jsc.nasa.gov/lunar/catalogs/apollo17/v4/78135.pdf,catalog,
78150,Apollo 17,https://www.lpi.usra.edu/lunar/samples/atlas/detail/?mission=Apollo%2017&sample=78150,ea0c6eece027d40aaaa91759cdb73982193feab12ed437b4a19443af6da81f22,2026-10-04T09:34:57.458969+00:00,downloaded_no_pdf,,,,
78155,Apollo 17,https://www.lpi.usra.edu/lunar/samples/atlas/detail/?mission=Apollo%2017&sample=78155,7bd3da4921025c8c27d7392d093394123d82473dec6f352722d4a1cd24156fa1,2026-10-04T09:34:58.108889+00:00,downloaded,"Lunar Sample Compendium, 78155.pdf",https://www.lpi.usra.edu/lunar/samples/atlas/compendium/78155.pdf,compendium,
78155,Apollo 17,https://www.lpi.usra.edu/lunar/samples/atlas/detail/?mission=Apollo%2017&sample=78155,7bd3da4921025c8c27d7392d093394123d82473dec6f352722d4a1cd24156fa1,2026-10-04T09:34:58.108889+00:00,downloaded,Lunar Sample Catalog 78155 Description,http://curator.jsc.nasa.gov/lunar/catalogs/apollo17/v4/78155.pdf,catalog,
78220,Apollo 17,https://www.lpi.usra.edu/lunar/samples/atlas/detail/?mission=Apollo%2017&sample=78220,2ba319936f7454329039f8b1daa75b7b69f1aed5cac2992950824bc6c6740c2d,2026-10-04T09:34:58.795382+00:00,downloaded_no_pdf,,,,
78221,Apollo 17,https://www.lpi.usra.edu/lunar/samples/atlas/detail/?mission=Apollo%2017&sample=78221,ff7c5d498250bb8384bd3249622cca4990d996e16087745557614829303e4f36,2026-10-04T09:34:59.451165+00:00,downloaded,"Lunar Sample Compendium, 78221.pdf",https://www.lpi.usra.edu/lunar/samples/atlas/compendium/78221.pdf,compendium,
78222,Apollo 17,https://www.lpi.usra.edu/lunar/samples/atlas/detail/?mission=Apollo%2017&sample=78222,475d5c64ba037299c3eb68178769ba8b02b6f354ed2b1426929d56cb4409c849,2026-10-04T09:35:00.116244+00:00,downloaded_no_pdf,,,,
78223,Apollo 17,https://www.lpi.usra.edu/lunar/samples/atlas/detail/?mission=Apollo%2017&sample=78223,b5ca2c421b013796143cdf093368f294e597d709942d7ede5d44baff8de1823d,2026-10-04T09:35:00.768557+00:00,downloaded_no_pdf,,,,
78224,Apollo 17,https://www.lpi.usra.edu/lunar/samples/atlas/detail/?mission=Apollo%2017&sample=78224,528d92dba61489e93df30dac22bd100eccb16b5abe4368cc616dddc41e5a0805,2026-10-04T09:35:01.552878+00:00,downloaded_no_pdf,,,,
78230,Apollo 17,https://www.lpi.usra.edu/lunar/samples/atlas/detail/?mission=Apollo%2017&sample=78230,24922bceace38d09289bf104b5a1b971ad362614c72574bb58d9898688ae405b,2026-10-04T09:35:02.357035+00:00,downloaded_no_pdf,,,,
78231,Apollo 17,https://www.lpi.usra.edu/lunar/samples/atlas/detail/?mission=Apollo%2017&sample=78231,575e19b3e4eb96e3feeec727188cd590f7b21b152f96be8054fb3b3a39d1e77c,2026-10-04T09:35:03.012861+00:00,downloaded,"Lunar Sample Compendium, 78231.pdf",https://www.lpi.usra.edu/lunar/samples/atlas/compendium/78231.pdf,compendium,
78232,Apollo 17,https://www.lpi.usra.edu/lunar/samples/atlas/detail/?mission=Apollo%2017&sample=78232,d60c56e9d4e45bf728aae647d523e8f93479c4d7d69df7b7c5cf9b5ffc4065ef,2026-10-04T09:35:03.783190+00:00,downloaded_no_pdf,,,,
78233,Apollo 17,https://www.lpi.usra.edu/lunar/samples/atlas/detail/?mission=Apollo%2017&sample=78233,caa8ce939169ed6ff86a425e53ec3ea713f14474cf128ca49af11a2923bc7532,2026-10-04T09:35:04.429864+00:00,downloaded_no_pdf,,,,
78234,Apollo 17,https://www.lpi.usra.edu/lunar/samples/atlas/detail/?mission=Apollo%2017&sample=78234,dc953fac8ebcd669a1f80bef2beeb6e18ee9037f5aef0cee5110dff1f5025ded,2026-10-04T09:35:05.099165+00:00,downloaded_no_pdf,,,,
78235,Apollo 17,https://www.lpi.usra.edu/lunar/samples/atlas/detail/?mission=Apollo%2017&sample=78235,5d195215ee9bf97a9ff3657633c03895612dcc5deb6fa9c6a840d0f8c4ffc846,2026-10-04T09:35:05.894156+00:00,downloaded,"Lunar Sample Compendium, 78235.pdf",https://www.lpi.usra.edu/lunar/samples/atlas/compendium/78235.pdf,compendium,
78235,Apollo 17,https://www.lpi.usra.edu/lunar/samples/atlas/detail/?mission=Apollo%2017&sample=78235,5d195215ee9bf97a9ff3657633c03895612dcc5deb6fa9c6a840d0f8c4ffc846,2026-10-04T09:35:05.894156+00:00,downloaded,Lunar Sample Catalog 78235 Description,http://curator.jsc.nasa.gov/lunar/catalogs/apollo17/v4/78235.pdf,catalog,
78236,Apollo 17,https://www.lpi.usra.edu/lunar/samples/atlas/detail/?mission=Apollo%2017&sample=78236,ccdebe43da4e91ba82a2ee5c2f29f8adc3b5d9e0abdbf437b72830ea90f4e190,2026-10-04T09:35:06.598125+00:00,downloaded,"Lunar Sample Compendium, 78235.pdf",https://www.lpi.usra.edu/lunar/samples/atlas/compendium/78235.pdf,compendium,
78236,Apollo 17,https://www.lpi.usra.edu/lunar/samples/atlas/detail/?mission=Apollo%2017&sample=78236,ccdebe43da4e91ba82a2ee5c2f29f8adc3b5d9e0abdbf437b72830ea90f4e190,2026-10-04T09:35:06.598125+00:00,downloaded,Lunar Sample Catalog 78236 Description,http://curator.jsc.nasa.gov/lunar/catalogs/apollo17/v4/78236.pdf,catalog,
78237,Apollo 17,https://www.lpi.usra.edu/lunar/samples/atlas/detail/?mission=Apollo%2017&sample=78237,9441ebede44e81cfc6e1310d64cb07e8029dddc72d99be3c5451d124d31d18b4,2026-10-04T09:35:07.423774+00:00,downloaded_no_pdf,,,,
78238,Apollo 17,https://www.lpi.usra.edu/lunar/samples/atlas/detail/?mission=Apollo%2017&sample=78238,5e753bb4e7c0b37b670d1e1d78ce2b5072fcd432c082bb71a178fba0521e5973,2026-10-04T09:35:08.218136+00:00,downloaded,"Lunar Sample Compendium, 78235.pdf",https://www.lpi.usra.edu/lunar/samples/atlas/compendium/78235.pdf,compendium,
78238,Apollo 17,https://www.lpi.usra.edu/lunar/samples/atlas/detail/?mission=Apollo%2017&sample=78238,5e753bb4e7c0b37b670d1e1d78ce2b5072fcd432c082bb71a178fba0521e5973,2026-10-04T09:35:08.218136+00:00,downloaded,Lunar Sample Catalog 78238 Description,http://curator.jsc.nasa.gov/lunar/catalogs/apollo17/v4/78238.pdf,catalog,
78250,Apollo 17,https://www.lpi.usra.edu/lunar/samples/atlas/detail/?mission=Apollo%2017&sample=78250,13ef2de08e223d910875400b092b83bf2a691b8c62fe175a84a40290bb78e36a,2026-10-04T09:35:09.043970+00:00,downloaded,"Lunar Sample Compendium, 78231.pdf",https://www.lpi.usra.edu/lunar/samples/atlas/compendium/78231.pdf,compendium,
78255,Apollo 17,https://www.lpi.usra.edu/lunar/samples/atlas/detail/?mission=Apollo%2017&sample=78255,288501dc9a4e07024ca7c34ab752425728a08afabe59788c790ffe42af527440,2026-10-04T09:35:09.824441+00:00,downloaded,"Lunar Sample Compendium, 78255.pdf",https://www.lpi.usra.edu/lunar/samples/atlas/compendium/78255.pdf,compendium,
78255,Apollo 17,https://www.lpi.usra.edu/lunar/samples/atlas/detail/?mission=Apollo%2017&sample=78255,288501dc9a4e07024ca7c34ab752425728a08afabe59788c790ffe42af527440,2026-10-04T09:35:09.824441+00:00,downloaded,Lunar Sample Catalog 78255 Description,http://curator.jsc.nasa.gov/lunar/catalogs/apollo17/v4/78255.pdf,catalog,
78420,Apollo 17,https://www.lpi.usra.edu/lunar/samples/atlas/detail/?mission=Apollo%2017&sample=78420,46fd31c87809b7b8876bcfe1f88667ffb03db83ce8e21333ebfe582fe4835e94,2026-10-04T09:35:10.516779+00:00,downloaded,"Lunar Sample Compendium, 78421.pdf",https://www.lpi.usra.edu/lunar/samples/atlas/compendium/78421.pdf,compendium,
78421,Apollo 17,https://www.lpi.usra.edu/lunar/samples/atlas/detail/?mission=Apollo%2017&sample=78421,ae64579936cacc08a6c3a79d8668b43058f204a3e53c53df508b692c1f5b0b50,2026-10-04T09:35:11.171628+00:00,downloaded_no_pdf,,,,
78422,Apollo 17,https://www.lpi.usra.edu/lunar/samples/atlas/detail/?mission=Apollo%2017&sample=78422,495fc146d617cdee3f329844c7b081825c965983728979c01410024c4e0e864c,2026-10-04T09:35:11.821547+00:00,downloaded_no_pdf,,,,
78423,Apollo 17,https://www.lpi.usra.edu/lunar/samples/atlas/detail/?mission=Apollo%2017&sample=78423,9b5e7907a7f1e2c8c3b2c45fd8fdb317fe2ba084f5ae7c669fa48b66b22d8c4e,2026-10-04T09:35:12.491663+00:00,downloaded_no_pdf,,,,
78424,Apollo 17,https://www.lpi.usra.edu/lunar/samples/atlas/detail/?mission=Apollo%2017&sample=78424,3dac148d9f96a6149708a4a8da016313d164a2b23694c9937067c8d762773ef3,2026-10-04T09:35:13.141740+00:00,downloaded_no_pdf,,,,
78440,Apollo 17,https://www.lpi.usra.edu/lunar/samples/atlas/detail/?mission=Apollo%2017&sample=78440,d4974159c65bbc8c61eea3403ef6f25acffb3a8d880cd82d074fe070dbda5dbd,2026-10-04T09:35:13.816214+00:00,downloaded,"Lunar Sample Compendium, 78421.pdf",https://www.lpi.usra.edu/lunar/samples/atlas/compendium/78421.pdf,compendium,
78441,Apollo 17,https://www.lpi.usra.edu/lunar/samples/atlas/detail/?mission=Apollo%2017&sample=78441,c26eaeadc80e557c98623fba51754c9cbd47a50000d7f170baed4d986281311e,2026-10-04T09:35:14.468118+00:00,downloaded_no_pdf,,,,
78442,Apollo 17,https://www.lpi.usra.edu/lunar/samples/atlas/detail/?mission=Apollo%2017&sample=78442,11be93937282601fdfbc3922460af5e65b09cb20db1d8eb92f7dabc1c57b307e,2026-10-04T09:35:15.237119+00:00,downloaded_no_pdf,,,,
78443,Apollo 17,https://www.lpi.usra.edu/lunar/samples/atlas/detail/?mission=Apollo%2017&sample=78443,ba3f6263fabfd3b9609ca3866b682afad5b4c2e2d5afdc4a549c3c6d70b85f57,2026-10-04T09:35:15.885036+00:00,downloaded_no_pdf,,,,
78444,Apollo 17,https://www.lpi.usra.edu/lunar/samples/atlas/detail/?mission=Apollo%2017&sample=78444,1b34dabc4412c11d9b57f18dc2f623a0f8f7f813aef48fa161d9c03e93e5363b,2026-10-04T09:35:16.538954+00:00,downloaded_no_pdf,,,,
78460,Apollo 17,https://www.lpi.usra.edu/lunar/samples/atlas/detail/?mission=Apollo%2017&sample=78460,f65eb6a30dc30f5025e8bf4f4f69116a7b2440fcdc4c9dbf773926078191bb0e,2026-10-04T09:35:17.188108+00:00,downloaded,"Lunar Sample Compendium, 78421.pdf",https://www.lpi.usra.edu/lunar/samples/atlas/compendium/78421.pdf,compendium,
78461,Apollo 17,https://www.lpi.usra.edu/lunar/samples/atlas/detail/?mission=Apollo%2017&sample=78461,240feb5c370145cc8fb083f72ea3b2e9710d49c31562db81471f7141aad8fe4d,2026-10-04T09:35:17.843022+00:00,downloaded_no_pdf,,,,
78462,Apollo 17,https://www.lpi.usra.edu/lunar/samples/atlas/detail/?mission=Apollo%2017&sample=78462,be02d50c7de7ab0abc51adcf1837c1e82d94e2c18a6f1f78634950a37883427d,2026-10-04T09:35:18.497754+00:00,downloaded_no_pdf,,,,
78463,Apollo 17,https://www.lpi.usra.edu/lunar/samples/atlas/detail/?mission=Apollo%2017&sample=78463,8c54afef85de2febb76ac3b6b9c08299e92b17921b5f069d227dc1bf9a90497b,2026-10-04T09:35:19.151379+00:00,downloaded_no_pdf,,,,
78464,Apollo 17,https://www.lpi.usra.edu/lunar/samples/atlas/detail/?mission=Apollo%2017&sample=78464,9e848cdb0d6c0c5c1e162992c7bb70b77b9f8a4b424e894dc628f68dc517c3ce,2026-10-04T09:35:19.806470+00:00,downloaded_no_pdf,,,,
78465,Apollo 17,https://www.lpi.usra.edu/lunar/samples/atlas/detail/?mission=Apollo%2017&sample=78465,9f71450df81a5207fb2244ef5aa5f382ab233a651e6959a6908f0460dbe092f9,2026-10-04T09:35:20.601193+00:00,downloaded,Lunar Sample Catalog 78465 Description,http://curator.jsc.nasa.gov/lunar/catalogs/apollo17/v4/78465.pdf,catalog,
78480,Apollo 17,https://www.lpi.usra.edu/lunar/samples/atlas/detail/?mission=Apollo%2017&sample=78480,3050fea5129c6d7984df15082e68903d8b1f71f6b3e29bb374d78093c608a294,2026-10-04T09:35:21.394727+00:00,downloaded,"Lunar Sample Compendium, 78421.pdf",https://www.lpi.usra.edu/lunar/samples/atlas/compendium/78421.pdf,compendium,
78481,Apollo 17,https://www.lpi.usra.edu/lunar/samples/atlas/detail/?mission=Apollo%2017&sample=78481,c3343541ee1b59d3f143fac849921ea312c0c1ad658996624735abcf1eb6b972,2026-10-04T09:35:22.050157+00:00,downloaded_no_pdf,,,,
78482,Apollo 17,https://www.lpi.usra.edu/lunar/samples/atlas/detail/?mission=Apollo%2017&sample=78482,6d5e1fb83f26abc5ab39728151fd4f3aab136d525288e016d89e296f4e28c7bc,2026-10-04T09:35:22.692318+00:00,downloaded_no_pdf,,,,
78483,Apollo 17,https://www.lpi.usra.edu/lunar/samples/atlas/detail/?mission=Apollo%2017&sample=78483,5afacee6859ab753876728a060b40a848b0b2c6e96000c54105d56c8aa8472e0,2026-10-04T09:35:23.336054+00:00,downloaded_no_pdf,,,,
78484,Apollo 17,https://www.lpi.usra.edu/lunar/samples/atlas/detail/?mission=Apollo%2017&sample=78484,ce851f537985969da178b219c6d53bb5c62fe67d2d1ba1ab73b5c932f0f2d0e0,2026-10-04T09:35:24.005727+00:00,downloaded_no_pdf,,,,
78500,Apollo 17,https://www.lpi.usra.edu/lunar/samples/atlas/detail/?mission=Apollo%2017&sample=78500,1b00c9aa76c4fa1c68ba7b1d0b1ca32518a199e857a54160f90ad0236556b941,2026-10-04T09:35:24.658111+00:00,downloaded_no_pdf,,,,
78501,Apollo 17,https://www.lpi.usra.edu/lunar/samples/atlas/detail/?mission=Apollo%2017&sample=78501,dd141229f450ffcff46978e2ca6d957bb119b3bb5a4684a4db0ccde91754ff88,2026-10-04T09:35:25.453711+00:00,downloaded,"Lunar Sample Compendium, 78501.pdf",https://www.lpi.usra.edu/lunar/samples/atlas/compendium/78501.pdf,compendium,
78502,Apollo 17,https://www.lpi.usra.edu/lunar/samples/atlas/detail/?mission=Apollo%2017&sample=78502,fdffc4eff862b7757ae1c11819184482e847bee0732f0f095bbadf7d3a5976d7,2026-10-04T09:35:26.240079+00:00,downloaded_no_pdf,,,,
78503,Apollo 17,https://www.lpi.usra.edu/lunar/samples/atlas/detail/?mission=Apollo%2017&sample=78503,56f6971d28a7b59be864790a6a7a6861cba6c103a34c8000010f84e654b0d0b6,2026-10-04T09:35:26.926856+00:00,downloaded_no_pdf,,,,
78504,Apollo 17,https://www.lpi.usra.edu/lunar/samples/atlas/detail/?mission=Apollo%2017&sample=78504,9d474dc50be5df420812d6ea3338dd96ccb54d518743b2e82b19cc4f95ec3b0d,2026-10-04T09:35:27.713376+00:00,downloaded_no_pdf,,,,
78505,Apollo 17,https://www.lpi.usra.edu/lunar/samples/atlas/detail/?mission=Apollo%2017&sample=78505,b32502747b59608a93f533ddea92f077438fd991a6dc28c2d7e9fed11cf6c696,2026-10-04T09:35:28.396415+00:00,downloaded,"Lunar Sample Compendium, 78505.pdf",https://www.lpi.usra.edu/lunar/samples/atlas/compendium/78505.pdf,compendium,
78505,Apollo 17,https://www.lpi.usra.edu/lunar/samples/atlas/detail/?mission=Apollo%2017&sample=78505,b32502747b59608a93f533ddea92f077438fd991a6dc28c2d7e9fed11cf6c696,2026-10-04T09:35:28.396415+00:00,downloaded,Lunar Sample Catalog 78505 Description,http://curator.jsc.nasa.gov/lunar/catalogs/apollo17/v4/78505.pdf,catalog,
78506,Apollo 17,https://www.lpi.usra.edu/lunar/samples/atlas/detail/?mission=Apollo%2017&sample=78506,028f6e61a260551a4ff792590e62fc2e655a7491bf7b6e9ce0da8207943a8385,2026-10-04T09:35:29.096813+00:00,downloaded,"Lunar Sample Compendium, 78505.pdf",https://www.lpi.usra.edu/lunar/samples/atlas/compendium/78505.pdf,compendium,
78506,Apollo 17,https://www.lpi.usra.edu/lunar/samples/atlas/detail/?mission=Apollo%2017&sample=78506,028f6e61a260551a4ff792590e62fc2e655a7491bf7b6e9ce0da8207943a8385,2026-10-04T09:35:29.096813+00:00,downloaded,Lunar Sample Catalog 78506 Description,http://curator.jsc.nasa.gov/lunar/catalogs/apollo17/v4/78506.pdf,catalog,
78507,Apollo 17,https://www.lpi.usra.edu/lunar/samples/atlas/detail/?mission=Apollo%2017&sample=78507,7f71456e6778a3c205fe6948434ca27c3941e7b6e619a28420002e3ee4b9fd2b,2026-10-04T09:35:29.789845+00:00,downloaded,"Lunar Sample Compendium, 78505.pdf",https://www.lpi.usra.edu/lunar/samples/atlas/compendium/78505.pdf,compendium,
78507,Apollo 17,https://www.lpi.usra.edu/lunar/samples/atlas/detail/?mission=Apollo%2017&sample=78507,7f71456e6778a3c205fe6948434ca27c3941e7b6e619a28420002e3ee4b9fd2b,2026-10-04T09:35:29.789845+00:00,downloaded,Lunar Sample Catalog 78507 Description,http://curator.jsc.nasa.gov/lunar/catalogs/apollo17/v4/78507.pdf,catalog,
78508,Apollo 17,https://www.lpi.usra.edu/lunar/samples/atlas/detail/?mission=Apollo%2017&sample=78508,c2394f89f2d81e33dd6dc1453d5d501999fac00076f9e0fb9a25b48b88a96d88,2026-10-04T09:35:30.478579+00:00,downloaded,Lunar Sample Catalog 78508 Description,http://curator.jsc.nasa.gov/lunar/catalogs/apollo17/v4/78508.pdf,catalog,
78509,Apollo 17,https://www.lpi.usra.edu/lunar/samples/atlas/detail/?mission=Apollo%2017&sample=78509,3d214fe1b2ad6ab645394905b7eb20f459a454a874b4e417b50fe01d8bacb8f7,2026-10-04T09:35:31.166877+00:00,downloaded,"Lunar Sample Compendium, 78505.pdf",https://www.lpi.usra.edu/lunar/samples/atlas/compendium/78505.pdf,compendium,
78509,Apollo 17,https://www.lpi.usra.edu/lunar/samples/atlas/detail/?mission=Apollo%2017&sample=78509,3d214fe1b2ad6ab645394905b7eb20f459a454a874b4e417b50fe01d8bacb8f7,2026-10-04T09:35:31.166877+00:00,downloaded,Lunar Sample Catalog 78509 Description,http://curator.jsc.nasa.gov/lunar/catalogs/apollo17/v4/78509.pdf,catalog,
78510,Apollo 17,https://www.lpi.usra.edu/lunar/samples/atlas/detail/?mission=Apollo%2017&sample=78510,48c605a50169732c8863b92847c60ba7927ed7a4c5acb7a63d872d9a68f6e8c9,2026-10-04T09:35:31.981029+00:00,downloaded_no_pdf,,,,
78511,Apollo 17,https://www.lpi.usra.edu/lunar/samples/atlas/detail/?mission=Apollo%2017&sample=78511,2f57ae1ac9cdc27c57225880c6eeaa0af58a6b76a4196c4035afbbaf97df947c,2026-10-04T09:35:32.814751+00:00,downloaded_no_pdf,,,,
78512,Apollo 17,https://www.lpi.usra.edu/lunar/samples/atlas/detail/?mission=Apollo%2017&sample=78512,626169ca3f193614ce4dbead9b5afdda192964f17b0b5436fe7195d436dfd3a8,2026-10-04T09:35:33.637001+00:00,downloaded_no_pdf,,,,
78513,Apollo 17,https://www.lpi.usra.edu/lunar/samples/atlas/detail/?mission=Apollo%2017&sample=78513,0981b778b1c7f35984b084f523645523487c28d6c83d52f1126b40aa7a2e156b,2026-10-04T09:35:34.289822+00:00,downloaded_no_pdf,,,,
78514,Apollo 17,https://www.lpi.usra.edu/lunar/samples/atlas/detail/?mission=Apollo%2017&sample=78514,65a1f420d0ccb0cc7d7708c69b3dff9d7f3c7a20cb3199fbeba2f3d706258e71,2026-10-04T09:35:34.952357+00:00,downloaded_no_pdf,,,,
78515,Apollo 17,https://www.lpi.usra.edu/lunar/samples/atlas/detail/?mission=Apollo%2017&sample=78515,c498cbb6a531442f4f8ce15c582bcc07d9c7308a0e984765be1cd6bb57f32214,2026-10-04T09:35:35.786055+00:00,downloaded,Lunar Sample Catalog 78515 Description,http://curator.jsc.nasa.gov/lunar/catalogs/apollo17/v4/78515.pdf,catalog,
78516,Apollo 17,https://www.lpi.usra.edu/lunar/samples/atlas/detail/?mission=Apollo%2017&sample=78516,a52502335baabb0108263e7076a96d6d50750ca138f7351e8ffc3958c1183614,2026-10-04T09:35:36.605073+00:00,downloaded,Lunar Sample Catalog 78516 Description,http://curator.jsc.nasa.gov/lunar/catalogs/apollo17/v4/78516.pdf,catalog,
78517,Apollo 17,https://www.lpi.usra.edu/lunar/samples/atlas/detail/?mission=Apollo%2017&sample=78517,96d922132cc46d50cc5d267ea4028eba3cf8a02d4f398ddec873cefad035271b,2026-10-04T09:35:37.426321+00:00,downloaded,Lunar Sample Catalog 78517 Description,http://curator.jsc.nasa.gov/lunar/catalogs/apollo17/v4/78517.pdf,catalog,
78518,Apollo 17,https://www.lpi.usra.edu/lunar/samples/atlas/detail/?mission=Apollo%2017&sample=78518,a9f198416ccfe7a8988aa3f563fcb9adecebb7358137abed2939426d3f670f8e,2026-10-04T09:35:38.114262+00:00,downloaded,Lunar Sample Catalog 78518 Description,http://curator.jsc.nasa.gov/lunar/catalogs/apollo17/v4/78518.pdf,catalog,
78525,Apollo 17,https://www.lpi.usra.edu/lunar/samples/atlas/detail/?mission=Apollo%2017&sample=78525,e84aefdf7a12329f7149e2d00c38c861ce37327e45097dc736ed536f8abb8891,2026-10-04T09:35:38.805294+00:00,downloaded,Lunar Sample Catalog 78525 Description,http://curator.jsc.nasa.gov/lunar/catalogs/apollo17/v4/78525.pdf,catalog,
78526,Apollo 17,https://www.lpi.usra.edu/lunar/samples/atlas/detail/?mission=Apollo%2017&sample=78526,4383451a191cb5bc416a5c77b9db1a303f3b7c3ff13c2f6ea2d213b01e9b22df,2026-10-04T09:35:39.588888+00:00,downloaded,"Lunar Sample Compendium, 78526.pdf",https://www.lpi.usra.edu/lunar/samples/atlas/compendium/78526.pdf,compendium,
78526,Apollo 17,https://www.lpi.usra.edu/lunar/samples/atlas/detail/?mission=Apollo%2017&sample=78526,4383451a191cb5bc416a5c77b9db1a303f3b7c3ff13c2f6ea2d213b01e9b22df,2026-10-04T09:35:39.588888+00:00,downloaded,Lunar Sample Catalog 78526 Description,http://curator.jsc.nasa.gov/lunar/catalogs/apollo17/v4/78526.pdf,catalog,
78527,Apollo 17,https://www.lpi.usra.edu/lunar/samples/atlas/detail/?mission=Apollo%2017&sample=78527,b410e75a75ec8a82c4f6aab123f56879d254f22f6df42a7bb43ea19a91d5e38c,2026-10-04T09:35:40.280884+00:00,downloaded,"Lunar Sample Compendium, 78527.pdf",https://www.lpi.usra.edu/lunar/samples/atlas/compendium/78527.pdf,compendium,
78527,Apollo 17,https://www.lpi.usra.edu/lunar/samples/atlas/detail/?mission=Apollo%2017&sample=78527,b410e75a75ec8a82c4f6aab123f56879d254f22f6df42a7bb43ea19a91d5e38c,2026-10-04T09:35:40.280884+00:00,downloaded,Lunar Sample Catalog 78527 Description,http://curator.jsc.nasa.gov/lunar/catalogs/apollo17/v4/78527.pdf,catalog,
78528,Apollo 17,https://www.lpi.usra.edu/lunar/samples/atlas/detail/?mission=Apollo%2017&sample=78528,2d131cf45f42be8116a0e7b4f1d8184ac65038c301767431c67a910197e63265,2026-10-04T09:35:40.937229+00:00,downloaded,Lunar Sample Catalog 78528 Description,http://curator.jsc.nasa.gov/lunar/catalogs/apollo17/v4/78528.pdf,catalog,
78530,Apollo 17,https://www.lpi.usra.edu/lunar/samples/atlas/detail/?mission=Apollo%2017&sample=78530,a702924780bfb7ae4db46ab80d2268f7e112d50ba2bc3af60f943d3a8bc837b0,2026-10-04T09:35:41.617689+00:00,downloaded,"Lunar Sample Compendium, 78501.pdf",https://www.lpi.usra.edu/lunar/samples/atlas/compendium/78501.pdf,compendium,
78535,Apollo 17,https://www.lpi.usra.edu/lunar/samples/atlas/detail/?mission=Apollo%2017&sample=78535,13b3ddce614022aaa7d2d3b751ddab3b9c85800c522e74576d03711e6f839814,2026-10-04T09:35:42.392222+00:00,downloaded,"Lunar Sample Compendium, 78535.pdf",https://www.lpi.usra.edu/lunar/samples/atlas/compendium/78535.pdf,compendium,
78535,Apollo 17,https://www.lpi.usra.edu/lunar/samples/atlas/detail/?mission=Apollo%2017&sample=78535,13b3ddce614022aaa7d2d3b751ddab3b9c85800c522e74576d03711e6f839814,2026-10-04T09:35:42.392222+00:00,downloaded,Lunar Sample Catalog 78535 Description,http://curator.jsc.nasa.gov/lunar/catalogs/apollo17/v4/78535.pdf,catalog,
78536,Apollo 17,https://www.lpi.usra.edu/lunar/samples/atlas/detail/?mission=Apollo%2017&sample=78536,f41965b22209e794eb4d99746b4df803395b70de9aeece0d5f9b118b9745daae,2026-10-04T09:35:43.083608+00:00,downloaded,"Lunar Sample Compendium, 78535.pdf",https://www.lpi.usra.edu/lunar/samples/atlas/compendium/78535.pdf,compendium,
78536,Apollo 17,https://www.lpi.usra.edu/lunar/samples/atlas/detail/?mission=Apollo%2017&sample=78536,f41965b22209e794eb4d99746b4df803395b70de9aeece0d5f9b118b9745daae,2026-10-04T09:35:43.083608+00:00,downloaded,Lunar Sample Catalog 78536 Description,http://curator.jsc.nasa.gov/lunar/catalogs/apollo17/v4/78536.pdf,catalog,
78537,Apollo 17,https://www.lpi.usra.edu/lunar/samples/atlas/detail/?mission=Apollo%2017&sample=78537,2cdfc75666e1acb20b89a72069f401e38847b3abc3986448002cdbc60d9ed7cb,2026-10-04T09:35:43.777238+00:00,downloaded,"Lunar Sample Compendium, 78535.pdf",https://www.lpi.usra.edu/lunar/samples/atlas/compendium/78535.pdf,compendium,
78537,Apollo 17,https://www.lpi.usra.edu/lunar/samples/atlas/detail/?mission=Apollo%2017&sample=78537,2cdfc75666e1acb20b89a72069f401e38847b3abc3986448002cdbc60d9ed7cb,2026-10-04T09:35:43.777238+00:00,downloaded,Lunar Sample Catalog 78537 Description,http://curator.jsc.nasa.gov/lunar/catalogs/apollo17/v4/78537.pdf,catalog,
78538,Apollo 17,https://www.lpi.usra.edu/lunar/samples/atlas/detail/?mission=Apollo%2017&sample=78538,175cc0e556e0ed3982f37feb5a232f18619c867a637f5996ce6d312cc2b44cc6,2026-10-04T09:35:44.602161+00:00,downloaded,"Lunar Sample Compendium, 78535.pdf",https://www.lpi.usra.edu/lunar/samples/atlas/compendium/78535.pdf,compendium,
78538,Apollo 17,https://www.lpi.usra.edu/lunar/samples/atlas/detail/?mission=Apollo%2017&sample=78538,175cc0e556e0ed3982f37feb5a232f18619c867a637f5996ce6d312cc2b44cc6,2026-10-04T09:35:44.602161+00:00,downloaded,Lunar Sample Catalog 78538 Description,http://curator.jsc.nasa.gov/lunar/catalogs/apollo17/v4/78538.pdf,catalog,
78539,Apollo 17,https://www.lpi.usra.edu/lunar/samples/atlas/detail/?mission=Apollo%2017&sample=78539,e3cd2f23c39beb2a93fe947e114aadb36dfed11de0b708da123729ed4cd403a9,2026-10-04T09:35:45.424466+00:00,downloaded,"Lunar Sample Compendium, 78535.pdf",https://www.lpi.usra.edu/lunar/samples/atlas/compendium/78535.pdf,compendium,
78539,Apollo 17,https://www.lpi.usra.edu/lunar/samples/atlas/detail/?mission=Apollo%2017&sample=78539,e3cd2f23c39beb2a93fe947e114aadb36dfed11de0b708da123729ed4cd403a9,2026-10-04T09:35:45.424466+00:00,downloaded,Lunar Sample Catalog 78539 Description,http://curator.jsc.nasa.gov/lunar/catalogs/apollo17/v4/78539.pdf,catalog,
78540,Apollo 17,https://www.lpi.usra.edu/lunar/samples/atlas/detail/?mission=Apollo%2017&sample=78540,fb435bcbfad53095c14b853ce8142c5e2a31d79cd09ece2a046c1f97fa5132d6,2026-10-04T09:35:46.112890+00:00,downloaded_no_pdf,,,,
78541,Apollo 17,https://www.lpi.usra.edu/lunar/samples/atlas/detail/?mission=Apollo%2017&sample=78541,8571011c17aa0df3da9ab421f7df7aa6552f8035cc4ed90e6b9ec703747759df,2026-10-04T09:35:46.895942+00:00,downloaded_no_pdf,,,,
78542,Apollo 17,https://www.lpi.usra.edu/lunar/samples/atlas/detail/?mission=Apollo%2017&sample=78542,7cded7614daa98b2022f1abcfc73536a01dd191780a8729740bf25050d692ba6,2026-10-04T09:35:47.693275+00:00,downloaded_no_pdf,,,,
78543,Apollo 17,https://www.lpi.usra.edu/lunar/samples/atlas/detail/?mission=Apollo%2017&sample=78543,2f14e7fa8d070cef300d106fe9dd3e214486539e7542ce0a9a4af694c7c737cb,2026-10-04T09:35:48.505292+00:00,downloaded_no_pdf,,,,
78544,Apollo 17,https://www.lpi.usra.edu/lunar/samples/atlas/detail/?mission=Apollo%2017&sample=78544,62c6b1c9f6c53ad72159450ec5e1b9dfba83417c7afe0e2b6763e53694d51151,2026-10-04T09:35:49.325690+00:00,downloaded_no_pdf,,,,
78545,Apollo 17,https://www.lpi.usra.edu/lunar/samples/atlas/detail/?mission=Apollo%2017&sample=78545,7c6c9b997b95f812f1305105ab9722a559d5e35dadf9eba9fdbd3b94fb43f7de,2026-10-04T09:35:50.130454+00:00,downloaded,"Lunar Sample Compendium, 78535.pdf",https://www.lpi.usra.edu/lunar/samples/atlas/compendium/78535.pdf,compendium,
78545,Apollo 17,https://www.lpi.usra.edu/lunar/samples/atlas/detail/?mission=Apollo%2017&sample=78545,7c6c9b997b95f812f1305105ab9722a559d5e35dadf9eba9fdbd3b94fb43f7de,2026-10-04T09:35:50.130454+00:00,downloaded,Lunar Sample Catalog 78545 Description,http://curator.jsc.nasa.gov/lunar/catalogs/apollo17/v4/78545.pdf,catalog,
78546,Apollo 17,https://www.lpi.usra.edu/lunar/samples/atlas/detail/?mission=Apollo%2017&sample=78546,b292e45a0982098e4162b278fbf69b7e6851307fd895f5aed8a405f314e33eab,2026-10-04T09:35:50.823015+00:00,downloaded,"Lunar Sample Compendium, 78546.pdf",https://www.lpi.usra.edu/lunar/samples/atlas/compendium/78546.pdf,compendium,
78546,Apollo 17,https://www.lpi.usra.edu/lunar/samples/atlas/detail/?mission=Apollo%2017&sample=78546,b292e45a0982098e4162b278fbf69b7e6851307fd895f5aed8a405f314e33eab,2026-10-04T09:35:50.823015+00:00,downloaded,Lunar Sample Catalog 78546 Description,http://curator.jsc.nasa.gov/lunar/catalogs/apollo17/v4/78546.pdf,catalog,
78547,Apollo 17,https://www.lpi.usra.edu/lunar/samples/atlas/detail/?mission=Apollo%2017&sample=78547,464175b83968c9118dc18464c220e998ed9b36f2e41e3fb9c0f60e49220afb01,2026-10-04T09:35:51.655453+00:00,downloaded,"Lunar Sample Compendium, 78546.pdf",https://www.lpi.usra.edu/lunar/samples/atlas/compendium/78546.pdf,compendium,
78547,Apollo 17,https://www.lpi.usra.edu/lunar/samples/atlas/detail/?mission=Apollo%2017&sample=78547,464175b83968c9118dc18464c220e998ed9b36f2e41e3fb9c0f60e49220afb01,2026-10-04T09:35:51.655453+00:00,downloaded,Lunar Sample Catalog 78547 Description,http://curator.jsc.nasa.gov/lunar/catalogs/apollo17/v4/78547.pdf,catalog,
78548,Apollo 17,https://www.lpi.usra.edu/lunar/samples/atlas/detail/?mission=Apollo%2017&sample=78548,9ad072448be895f7b6a336de1f3d20b836a33b1a73fa41fad9ce6bb639f69acb,2026-10-04T09:35:52.464760+00:00,downloaded,"Lunar Sample Compendium, 78548.pdf",https://www.lpi.usra.edu/lunar/samples/atlas/compendium/78548.pdf,compendium,
78548,Apollo 17,https://www.lpi.usra.edu/lunar/samples/atlas/detail/?mission=Apollo%2017&sample=78548,9ad072448be895f7b6a336de1f3d20b836a33b1a73fa41fad9ce6bb639f69acb,2026-10-04T09:35:52.464760+00:00,downloaded,Lunar Sample Catalog 78548 Description,http://curator.jsc.nasa.gov/lunar/catalogs/apollo17/v4/78548.pdf,catalog,
78549,Apollo 17,https://www.lpi.usra.edu/lunar/samples/atlas/detail/?mission=Apollo%2017&sample=78549,9a7b2a6f345201bee251e6c0d9c22bc8d78871dcb124df847f4d5bcfb89deb0a,2026-10-04T09:35:53.145476+00:00,downloaded,"Lunar Sample Compendium, 78548.pdf",https://www.lpi.usra.edu/lunar/samples/atlas/compendium/78548.pdf,compendium,
78549,Apollo 17,https://www.lpi.usra.edu/lunar/samples/atlas/detail/?mission=Apollo%2017&sample=78549,9a7b2a6f345201bee251e6c0d9c22bc8d78871dcb124df847f4d5bcfb89deb0a,2026-10-04T09:35:53.145476+00:00,downloaded,Lunar Sample Catalog 78549 Description,http://curator.jsc.nasa.gov/lunar/catalogs/apollo17/v4/78549.pdf,catalog,
78550,Apollo 17,https://www.lpi.usra.edu/lunar/samples/atlas/detail/?mission=Apollo%2017&sample=78550,2adb9e375fa28192545543021adbcd703154ca2655b83151ee94fb775d0da512,2026-10-04T09:35:53.969986+00:00,downloaded_no_pdf,,,,
78551,Apollo 17,https://www.lpi.usra.edu/lunar/samples/atlas/detail/?mission=Apollo%2017&sample=78551,2f4b308d37ea24f6171f4872206d39afc94097fa7c35205ac09c7b0ed9ff8633,2026-10-04T09:35:54.746782+00:00,downloaded_no_pdf,,,,
78552,Apollo 17,https://www.lpi.usra.edu/lunar/samples/atlas/detail/?mission=Apollo%2017&sample=78552,9f604f04b98eb89335f2af388587a85af0effba7ef6440b74f5003ad9c81f3f8,2026-10-04T09:35:55.398332+00:00,downloaded_no_pdf,,,,
78553,Apollo 17,https://www.lpi.usra.edu/lunar/samples/atlas/detail/?mission=Apollo%2017&sample=78553,003c907355a174ae241923af288680581b59c2096df519d67038ffd3765e9fee,2026-10-04T09:35:56.047550+00:00,downloaded_no_pdf,,,,
78554,Apollo 17,https://www.lpi.usra.edu/lunar/samples/atlas/detail/?mission=Apollo%2017&sample=78554,e881b0f543b035b00d758ab0dcb763f50a4064ec155a59fac86f773addc2368c,2026-10-04T09:35:56.734970+00:00,downloaded_no_pdf,,,,
78555,Apollo 17,https://www.lpi.usra.edu/lunar/samples/atlas/detail/?mission=Apollo%2017&sample=78555,0e13434cdaad72943a4fee5c0f02d59a7b3f9e0b0d51c32c5c646215ba374244,2026-10-04T09:35:57.515555+00:00,downloaded,"Lunar Sample Compendium, 78555.pdf",https://www.lpi.usra.edu/lunar/samples/atlas/compendium/78555.pdf,compendium,
78555,Apollo 17,https://www.lpi.usra.edu/lunar/samples/atlas/detail/?mission=Apollo%2017&sample=78555,0e13434cdaad72943a4fee5c0f02d59a7b3f9e0b0d51c32c5c646215ba374244,2026-10-04T09:35:57.515555+00:00,downloaded,Lunar Sample Catalog 78555 Description,http://curator.jsc.nasa.gov/lunar/catalogs/apollo17/v4/78555.pdf,catalog,
78556,Apollo 17,https://www.lpi.usra.edu/lunar/samples/atlas/detail/?mission=Apollo%2017&sample=78556,7cb5fa68da170d97711e3b98dbc1023e7667ffaef99aba587c9b234fa193d6a4,2026-10-04T09:35:58.336575+00:00,downloaded,"Lunar Sample Compendium, 78555.pdf",https://www.lpi.usra.edu/lunar/samples/atlas/compendium/78555.pdf,compendium,
78556,Apollo 17,https://www.lpi.usra.edu/lunar/samples/atlas/detail/?mission=Apollo%2017&sample=78556,7cb5fa68da170d97711e3b98dbc1023e7667ffaef99aba587c9b234fa193d6a4,2026-10-04T09:35:58.336575+00:00,downloaded,Lunar Sample Catalog 78556 Description,http://curator.jsc.nasa.gov/lunar/catalogs/apollo17/v4/78556.pdf,catalog,
78557,Apollo 17,https://www.lpi.usra.edu/lunar/samples/atlas/detail/?mission=Apollo%2017&sample=78557,82679b051277604c20646b266ee61aec9d5b80555e5cf7b00bbb83e86c6ea9fc,2026-10-04T09:35:59.146629+00:00,downloaded,"Lunar Sample Compendium, 78555.pdf",https://www.lpi.usra.edu/lunar/samples/atlas/compendium/78555.pdf,compendium,
78557,Apollo 17,https://www.lpi.usra.edu/lunar/samples/atlas/detail/?mission=Apollo%2017&sample=78557,82679b051277604c20646b266ee61aec9d5b80555e5cf7b00bbb83e86c6ea9fc,2026-10-04T09:35:59.146629+00:00,downloaded,Lunar Sample Catalog 78557 Description,http://curator.jsc.nasa.gov/lunar/catalogs/apollo17/v4/78557.pdf,catalog,
78558,Apollo 17,https://www.lpi.usra.edu/lunar/samples/atlas/detail/?mission=Apollo%2017&sample=78558,539c5d2611c9ae9a0a25a7555351357e150b7a1a3884bcd8e3cbf970a6323250,2026-10-04T09:35:59.834440+00:00,downloaded,"Lunar Sample Compendium, 78555.pdf",https://www.lpi.usra.edu/lunar/samples/atlas/compendium/78555.pdf,compendium,
78558,Apollo 17,https://www.lpi.usra.edu/lunar/samples/atlas/detail/?mission=Apollo%2017&sample=78558,539c5d2611c9ae9a0a25a7555351357e150b7a1a3884bcd8e3cbf970a6323250,2026-10-04T09:35:59.834440+00:00,downloaded,Lunar Sample Catalog 78558 Description,http://curator.jsc.nasa.gov/lunar/catalogs/apollo17/v4/78558.pdf,catalog,
78559,Apollo 17,https://www.lpi.usra.edu/lunar/samples/atlas/detail/?mission=Apollo%2017&sample=78559,6c1f32fd3b10fa91b4db20cc29788514ba5a8cff838d34b4a925038c0e4b548b,2026-10-04T09:36:00.526046+00:00,downloaded,"Lunar Sample Compendium, 78555.pdf",https://www.lpi.usra.edu/lunar/samples/atlas/compendium/78555.pdf,compendium,
78559,Apollo 17,https://www.lpi.usra.edu/lunar/samples/atlas/detail/?mission=Apollo%2017&sample=78559,6c1f32fd3b10fa91b4db20cc29788514ba5a8cff838d34b4a925038c0e4b548b,2026-10-04T09:36:00.526046+00:00,downloaded,Lunar Sample Catalog 78559 Description,http://curator.jsc.nasa.gov/lunar/catalogs/apollo17/v4/78559.pdf,catalog,
78560,Apollo 17,https://www.lpi.usra.edu/lunar/samples/atlas/detail/?mission=Apollo%2017&sample=78560,d957fd8db28875a5207f02c5e75003a9a686b32128b3c802328517bae251fe44,2026-10-04T09:36:01.211719+00:00,downloaded_no_pdf,,,,
78561,Apollo 17,https://www.lpi.usra.edu/lunar/samples/atlas/detail/?mission=Apollo%2017&sample=78561,5974ef175b77af242de74b38db565bea04654c555680e75db3f79434a837c6a7,2026-10-04T09:36:02.008370+00:00,downloaded_no_pdf,,,,
78563,Apollo 17,https://www.lpi.usra.edu/lunar/samples/atlas/detail/?mission=Apollo%2017&sample=78563,3996b89d2fc054790512191ddf13912e8f781d58bd05a248fe616e55ebcc1987,2026-10-04T09:36:02.722604+00:00,downloaded_no_pdf,,,,
78564,Apollo 17,https://www.lpi.usra.edu/lunar/samples/atlas/detail/?mission=Apollo%2017&sample=78564,3e723abb0d9efd1c18966949d9a952b7b5102b6dc828d2151a371c3b546c21c5,2026-10-04T09:36:03.424098+00:00,downloaded_no_pdf,,,,
78565,Apollo 17,https://www.lpi.usra.edu/lunar/samples/atlas/detail/?mission=Apollo%2017&sample=78565,7334ed736c35d5ef7eadc1ac89cab768c36481f4fccad96f93d5587aec94a818,2026-10-04T09:36:04.210969+00:00,downloaded,"Lunar Sample Compendium, 78555.pdf",https://www.lpi.usra.edu/lunar/samples/atlas/compendium/78555.pdf,compendium,
78565,Apollo 17,https://www.lpi.usra.edu/lunar/samples/atlas/detail/?mission=Apollo%2017&sample=78565,7334ed736c35d5ef7eadc1ac89cab768c36481f4fccad96f93d5587aec94a818,2026-10-04T09:36:04.210969+00:00,downloaded,Lunar Sample Catalog 78565 Description,http://curator.jsc.nasa.gov/lunar/catalogs/apollo17/v4/78565.pdf,catalog,
78566,Apollo 17,https://www.lpi.usra.edu/lunar/samples/atlas/detail/?mission=Apollo%2017&sample=78566,93b4beba54faf091025d187e619a67e31775769e5171dd4a67f08c35d50e63e8,2026-10-04T09:36:04.896640+00:00,downloaded,"Lunar Sample Compendium, 78555.pdf",https://www.lpi.usra.edu/lunar/samples/atlas/compendium/78555.pdf,compendium,
78566,Apollo 17,https://www.lpi.usra.edu/lunar/samples/atlas/detail/?mission=Apollo%2017&sample=78566,93b4beba54faf091025d187e619a67e31775769e5171dd4a67f08c35d50e63e8,2026-10-04T09:36:04.896640+00:00,downloaded,Lunar Sample Catalog 78566 Description,http://curator.jsc.nasa.gov/lunar/catalogs/apollo17/v4/78566.pdf,catalog,
78567,Apollo 17,https://www.lpi.usra.edu/lunar/samples/atlas/detail/?mission=Apollo%2017&sample=78567,f84e82a6309ca316cb2595d9b9f89113ef71f8e4f35fbb65dea0a2a531fc992f,2026-10-04T09:36:05.595559+00:00,downloaded,Lunar Sample Catalog 78567 Description,http://curator.jsc.nasa.gov/lunar/catalogs/apollo17/v4/78567.pdf,catalog,
78568,Apollo 17,https://www.lpi.usra.edu/lunar/samples/atlas/detail/?mission=Apollo%2017&sample=78568,b1399e37074d05a4d2917c1bb4ae964f43e6b2456ea140ce3f1228e250c7ecbd,2026-10-04T09:36:06.407605+00:00,downloaded,"Lunar Sample Compendium, 78535.pdf",https://www.lpi.usra.edu/lunar/samples/atlas/compendium/78535.pdf,compendium,
78568,Apollo 17,https://www.lpi.usra.edu/lunar/samples/atlas/detail/?mission=Apollo%2017&sample=78568,b1399e37074d05a4d2917c1bb4ae964f43e6b2456ea140ce3f1228e250c7ecbd,2026-10-04T09:36:06.407605+00:00,downloaded,Lunar Sample Catalog 78568 Description,http://curator.jsc.nasa.gov/lunar/catalogs/apollo17/v4/78568.pdf,catalog,
78569,Apollo 17,https://www.lpi.usra.edu/lunar/samples/atlas/detail/?mission=Apollo%2017&sample=78569,e2cab5894328141a5638725a2283c1a6d92168a895743c4b5468809277ae3ffe,2026-10-04T09:36:07.231492+00:00,downloaded,Lunar Sample Catalog 78569 Description,http://curator.jsc.nasa.gov/lunar/catalogs/apollo17/v4/78569.pdf,catalog,
78570,Apollo 17,https://www.lpi.usra.edu/lunar/samples/atlas/detail/?mission=Apollo%2017&sample=78570,a1003e1c38e4d21924435f1e754f4946dfc682dcaf356a5f74a15223da1118f5,2026-10-04T09:36:07.928294+00:00,downloaded_no_pdf,,,,
78571,Apollo 17,https://www.lpi.usra.edu/lunar/samples/atlas/detail/?mission=Apollo%2017&sample=78571,687dc29e453e1899028941300e8ed78825e98bdac2c969f0105c330c790713c6,2026-10-04T09:36:08.725211+00:00,downloaded_no_pdf,,,,
78572,Apollo 17,https://www.lpi.usra.edu/lunar/samples/atlas/detail/?mission=Apollo%2017&sample=78572,0d40116ac7946b394a203fec9067f9155d75261d766cf5c71fcc248ccb8e4929,2026-10-04T09:36:09.382234+00:00,downloaded_no_pdf,,,,
78573,Apollo 17,https://www.lpi.usra.edu/lunar/samples/atlas/detail/?mission=Apollo%2017&sample=78573,83bb1d0dd82ee3d90173d167477f35e44bc80be6426e07d375916c00c36d8da2,2026-10-04T09:36:10.033763+00:00,downloaded_no_pdf,,,,
78574,Apollo 17,https://www.lpi.usra.edu/lunar/samples/atlas/detail/?mission=Apollo%2017&sample=78574,5798651152453d3fe98023e8e11a3f2884348c18034faeda91c9fb8f2d58ef38,2026-10-04T09:36:10.686604+00:00,downloaded_no_pdf,,,,
78575,Apollo 17,https://www.lpi.usra.edu/lunar/samples/atlas/detail/?mission=Apollo%2017&sample=78575,07fce7d6d804b2368fe4e785c5e35df2b34c7626455c882609993f4e148ee390,2026-10-04T09:36:11.373538+00:00,downloaded,"Lunar Sample Compendium, 78575.pdf",https://www.lpi.usra.edu/lunar/samples/atlas/compendium/78575.pdf,compendium,
78575,Apollo 17,https://www.lpi.usra.edu/lunar/samples/atlas/detail/?mission=Apollo%2017&sample=78575,07fce7d6d804b2368fe4e785c5e35df2b34c7626455c882609993f4e148ee390,2026-10-04T09:36:11.373538+00:00,downloaded,Lunar Sample Catalog 78575 Description,http://curator.jsc.nasa.gov/lunar/catalogs/apollo17/v4/78575.pdf,catalog,
78576,Apollo 17,https://www.lpi.usra.edu/lunar/samples/atlas/detail/?mission=Apollo%2017&sample=78576,e5d09fa809680abd377c142f6ec2ccc737fb0a7688cab78a6669a1891ea7f867,2026-10-04T09:36:12.237624+00:00,downloaded,Lunar Sample Catalog 78576 Description,http://curator.jsc.nasa.gov/lunar/catalogs/apollo17/v4/78576.pdf,catalog,
78577,Apollo 17,https://www.lpi.usra.edu/lunar/samples/atlas/detail/?mission=Apollo%2017&sample=78577,072b4819cec65930c33a31a4bd2928ba5bd9e4c010126a951a8f11e2730c6e93,2026-10-04T09:36:13.055280+00:00,downloaded,Lunar Sample Catalog 78577 Description,http://curator.jsc.nasa.gov/lunar/catalogs/apollo17/v4/78577.pdf,catalog,
78578,Apollo 17,https://www.lpi.usra.edu/lunar/samples/atlas/detail/?mission=Apollo%2017&sample=78578,630e4c40941fba60e71aa3e6b1b052cf2a1412c7b5a534f6a6175c1448da0f41,2026-10-04T09:36:13.709196+00:00,downloaded,"Lunar Sample Compendium, 78578.pdf",https://www.lpi.usra.edu/lunar/samples/atlas/compendium/78578.pdf,compendium,
78578,Apollo 17,https://www.lpi.usra.edu/lunar/samples/atlas/detail/?mission=Apollo%2017&sample=78578,630e4c40941fba60e71aa3e6b1b052cf2a1412c7b5a534f6a6175c1448da0f41,2026-10-04T09:36:13.709196+00:00,downloaded,Lunar Sample Catalog 78578 Description,http://curator.jsc.nasa.gov/lunar/catalogs/apollo17/v4/78578.pdf,catalog,
78579,Apollo 17,https://www.lpi.usra.edu/lunar/samples/atlas/detail/?mission=Apollo%2017&sample=78579,d16cd45ae2d10172b7eeab5016804932bebbfbc7ad712f119d4d62eeefda8f3a,2026-10-04T09:36:14.515164+00:00,downloaded,Lunar Sample Catalog 78579 Description,http://curator.jsc.nasa.gov/lunar/catalogs/apollo17/v4/78579.pdf,catalog,
78580,Apollo 17,https://www.lpi.usra.edu/lunar/samples/atlas/detail/?mission=Apollo%2017&sample=78580,9e502012e2c55d8aa10efea3d148c7c059827ae23ac36a3e5a1c0931542dea4c,2026-10-04T09:36:15.166474+00:00,downloaded_no_pdf,,,,
78581,Apollo 17,https://www.lpi.usra.edu/lunar/samples/atlas/detail/?mission=Apollo%2017&sample=78581,633a05f9c71200cd3b8afab32741b11c1d052b906cf63d1d5cb01c1f53df5cde,2026-10-04T09:36:15.822979+00:00,downloaded_no_pdf,,,,
78582,Apollo 17,https://www.lpi.usra.edu/lunar/samples/atlas/detail/?mission=Apollo%2017&sample=78582,31d3c0adfffd886d8733937621f0fd94d37b3026d296cf73da1d7e65e01c6ee1,2026-10-04T09:36:16.636288+00:00,downloaded_no_pdf,,,,
78583,Apollo 17,https://www.lpi.usra.edu/lunar/samples/atlas/detail/?mission=Apollo%2017&sample=78583,cbf9dcd29cd67a84e6a7fd0837874fb140c6ccee99d870259389034d5e7d8356,2026-10-04T09:36:17.442841+00:00,downloaded_no_pdf,,,,
78584,Apollo 17,https://www.lpi.usra.edu/lunar/samples/atlas/detail/?mission=Apollo%2017&sample=78584,8cede47cf15f595125bba9b5c2f5d6fcaeafdc1821e75b5bf371127540dfd447,2026-10-04T09:36:18.276135+00:00,downloaded_no_pdf,,,,
78585,Apollo 17,https://www.lpi.usra.edu/lunar/samples/atlas/detail/?mission=Apollo%2017&sample=78585,28f149e454fd737d339e5a2fb65b785a2a1f77b36dc4d79fdb166f9fb975ec2a,2026-10-04T09:36:18.958505+00:00,downloaded,"Lunar Sample Compendium, 78585.pdf",https://www.lpi.usra.edu/lunar/samples/atlas/compendium/78585.pdf,compendium,
78585,Apollo 17,https://www.lpi.usra.edu/lunar/samples/atlas/detail/?mission=Apollo%2017&sample=78585,28f149e454fd737d339e5a2fb65b785a2a1f77b36dc4d79fdb166f9fb975ec2a,2026-10-04T09:36:18.958505+00:00,downloaded,Lunar Sample Catalog 78585 Description,http://curator.jsc.nasa.gov/lunar/catalogs/apollo17/v4/78585.pdf,catalog,
78586,Apollo 17,https://www.lpi.usra.edu/lunar/samples/atlas/detail/?mission=Apollo%2017&sample=78586,134d366a9bd070a75f612e4714d944e7326f2971b806372a1a0ad6b96c06d1c0,2026-10-04T09:36:19.673534+00:00,downloaded,Lunar Sample Catalog 78586 Description,http://curator.jsc.nasa.gov/lunar/catalogs/apollo17/v4/78586.pdf,catalog,
78587,Apollo 17,https://www.lpi.usra.edu/lunar/samples/atlas/detail/?mission=Apollo%2017&sample=78587,05d5a20d5ebd1cc160c1e52379e72eaf9720eb53365a9b4cbc295066a8874f89,2026-10-04T09:36:20.460130+00:00,downloaded,"Lunar Sample Compendium, 78587.pdf",https://www.lpi.usra.edu/lunar/samples/atlas/compendium/78587.pdf,compendium,
78587,Apollo 17,https://www.lpi.usra.edu/lunar/samples/atlas/detail/?mission=Apollo%2017&sample=78587,05d5a20d5ebd1cc160c1e52379e72eaf9720eb53365a9b4cbc295066a8874f89,2026-10-04T09:36:20.460130+00:00,downloaded,Lunar Sample Catalog 78587 Description,http://curator.jsc.nasa.gov/lunar/catalogs/apollo17/v4/78587.pdf,catalog,
78588,Apollo 17,https://www.lpi.usra.edu/lunar/samples/atlas/detail/?mission=Apollo%2017&sample=78588,7f096f16ac9ec61dd224e96bf5f1d223423561e5f82e9f320040906f3b8301fe,2026-10-04T09:36:21.188619+00:00,downloaded,Lunar Sample Catalog 78588 Description,http://curator.jsc.nasa.gov/lunar/catalogs/apollo17/v4/78588.pdf,catalog,
78589,Apollo 17,https://www.lpi.usra.edu/lunar/samples/atlas/detail/?mission=Apollo%2017&sample=78589,888a3a97dd5f85dbc5e712f204e3b639a96403f086e6f1f4dde0a94e7f82f722,2026-10-04T09:36:22.194142+00:00,downloaded,Lunar Sample Catalog 78589 Description,http://curator.jsc.nasa.gov/lunar/catalogs/apollo17/v4/78589.pdf,catalog,
78590,Apollo 17,https://www.lpi.usra.edu/lunar/samples/atlas/detail/?mission=Apollo%2017&sample=78590,9421a7a8a75c4a05c6a8d3353a6cd67e060718a52d97cdf26380a061204a0fa8,2026-10-04T09:36:22.932713+00:00,downloaded_no_pdf,,,,
78591,Apollo 17,https://www.lpi.usra.edu/lunar/samples/atlas/detail/?mission=Apollo%2017&sample=78591,792bc913b53b5c1ede796a456c295c949aeb34e2e0b4653b753911cd2546ceb5,2026-10-04T09:36:23.985219+00:00,downloaded_no_pdf,,,,
78592,Apollo 17,https://www.lpi.usra.edu/lunar/samples/atlas/detail/?mission=Apollo%2017&sample=78592,444d2222f99b7e95e71e7d3c1e71b48d1761ef8101438622f822149d54cfd341,2026-10-04T09:36:24.772745+00:00,downloaded_no_pdf,,,,
78593,Apollo 17,https://www.lpi.usra.edu/lunar/samples/atlas/detail/?mission=Apollo%2017&sample=78593,cde72248e280e0ef82cd140b3cd0a61a065ea41b06f98e6775677f9e6ecbc005,2026-10-04T09:36:25.918474+00:00,downloaded_no_pdf,,,,
78594,Apollo 17,https://www.lpi.usra.edu/lunar/samples/atlas/detail/?mission=Apollo%2017&sample=78594,75a43d48039036e8f339dba251df7822c24b8d717c8e5909eed0341726629f44,2026-10-04T09:36:26.690695+00:00,downloaded_no_pdf,,,,
78595,Apollo 17,https://www.lpi.usra.edu/lunar/samples/atlas/detail/?mission=Apollo%2017&sample=78595,a03ca9ed25577ed4353b69ebd0900ca1ecd22c233f093759a23e31b5e633ae83,2026-10-04T09:36:27.367355+00:00,downloaded,"Lunar Sample Compendium, 78599.pdf",https://www.lpi.usra.edu/lunar/samples/atlas/compendium/78599.pdf,compendium,
78595,Apollo 17,https://www.lpi.usra.edu/lunar/samples/atlas/detail/?mission=Apollo%2017&sample=78595,a03ca9ed25577ed4353b69ebd0900ca1ecd22c233f093759a23e31b5e633ae83,2026-10-04T09:36:27.367355+00:00,downloaded,Lunar Sample Catalog 78595 Description,http://curator.jsc.nasa.gov/lunar/catalogs/apollo17/v4/78595.pdf,catalog,
78596,Apollo 17,https://www.lpi.usra.edu/lunar/samples/atlas/detail/?mission=Apollo%2017&sample=78596,0671ff64bb5566441fa1560a85a32bb82bb0f8793e4209d61f1853eea316967e,2026-10-04T09:36:28.208664+00:00,downloaded,Lunar Sample Catalog 78596 Description,http://curator.jsc.nasa.gov/lunar/catalogs/apollo17/v4/78596.pdf,catalog,
78597,Apollo 17,https://www.lpi.usra.edu/lunar/samples/atlas/detail/?mission=Apollo%2017&sample=78597,d7a296c59601ca09ea5708ef1656543395ab7d0c2aa204197e7ebcecf65e9a97,2026-10-04T09:36:28.871303+00:00,downloaded,"Lunar Sample Compendium, 78597.pdf",https://www.lpi.usra.edu/lunar/samples/atlas/compendium/78597.pdf,compendium,
78597,Apollo 17,https://www.lpi.usra.edu/lunar/samples/atlas/detail/?mission=Apollo%2017&sample=78597,d7a296c59601ca09ea5708ef1656543395ab7d0c2aa204197e7ebcecf65e9a97,2026-10-04T09:36:28.871303+00:00,downloaded,Lunar Sample Catalog 78597 Description,http://curator.jsc.nasa.gov/lunar/catalogs/apollo17/v4/78597.pdf,catalog,
78598,Apollo 17,https://www.lpi.usra.edu/lunar/samples/atlas/detail/?mission=Apollo%2017&sample=78598,0c781b326e852c2bbd75345b1a21bfa466e32eade8201181bb8c56f377751868,2026-10-04T09:36:29.563054+00:00,downloaded,"Lunar Sample Compendium, 78598.pdf",https://www.lpi.usra.edu/lunar/samples/atlas/compendium/78598.pdf,compendium,
78598,Apollo 17,https://www.lpi.usra.edu/lunar/samples/atlas/detail/?mission=Apollo%2017&sample=78598,0c781b326e852c2bbd75345b1a21bfa466e32eade8201181bb8c56f377751868,2026-10-04T09:36:29.563054+00:00,downloaded,Lunar Sample Catalog 78598 Description,http://curator.jsc.nasa.gov/lunar/catalogs/apollo17/v4/78598.pdf,catalog,
78599,Apollo 17,https://www.lpi.usra.edu/lunar/samples/atlas/detail/?mission=Apollo%2017&sample=78599,acf0c0d45dc3f3c4158e5c1c650ac021a564b43758bfca7b75e4d83e34bba42f,2026-10-04T09:36:30.380052+00:00,downloaded,"Lunar Sample Compendium, 78599.pdf",https://www.lpi.usra.edu/lunar/samples/atlas/compendium/78599.pdf,compendium,
78599,Apollo 17,https://www.lpi.usra.edu/lunar/samples/atlas/detail/?mission=Apollo%2017&sample=78599,acf0c0d45dc3f3c4158e5c1c650ac021a564b43758bfca7b75e4d83e34bba42f,2026-10-04T09:36:30.380052+00:00,downloaded,Lunar Sample Catalog 78599 Description,http://curator.jsc.nasa.gov/lunar/catalogs/apollo17/v4/78599.pdf,catalog,
79001,Apollo 17,https://www.lpi.usra.edu/lunar/samples/atlas/detail/?mission=Apollo%2017&sample=79001,d783a44b0cf722cc2626df6884b19fcb875cca0f70fa2b89a3e9a0405d53c136,2026-10-04T09:36:31.205095+00:00,downloaded,"Lunar Sample Compendium, 79002.pdf",https://www.lpi.usra.edu/lunar/samples/atlas/compendium/79002.pdf,compendium,
79002,Apollo 17,https://www.lpi.usra.edu/lunar/samples/atlas/detail/?mission=Apollo%2017&sample=79002,96e7f4f9ecadf882bae6235e579d5ae0ad1988bd611561ff2bc676159a858fa7,2026-10-04T09:36:31.910000+00:00,downloaded,"Lunar Sample Compendium, 79002.pdf",https://www.lpi.usra.edu/lunar/samples/atlas/compendium/79002.pdf,compendium,
79035,Apollo 17,https://www.lpi.usra.edu/lunar/samples/atlas/detail/?mission=Apollo%2017&sample=79035,d9e51c27fb5139b07f77e42bc816008be2fc4d49fbf3d98445cdc1834f6c3fad,2026-10-04T09:36:32.585791+00:00,downloaded,"Lunar Sample Compendium, 79035.pdf",https://www.lpi.usra.edu/lunar/samples/atlas/compendium/79035.pdf,compendium,
79035,Apollo 17,https://www.lpi.usra.edu/lunar/samples/atlas/detail/?mission=Apollo%2017&sample=79035,d9e51c27fb5139b07f77e42bc816008be2fc4d49fbf3d98445cdc1834f6c3fad,2026-10-04T09:36:32.585791+00:00,downloaded,Lunar Sample Catalog 79035 Description,http://curator.jsc.nasa.gov/lunar/catalogs/apollo17/v3/79035.pdf,catalog,
79110,Apollo 17,https://www.lpi.usra.edu/lunar/samples/atlas/detail/?mission=Apollo%2017&sample=79110,9ed555e76c09d7ec092a6098cc6010893f554c160a2524ecb5663f5d4065d975,2026-10-04T09:36:33.271799+00:00,downloaded,"Lunar Sample Compendium, 79170.pdf",https://www.lpi.usra.edu/lunar/samples/atlas/compendium/79170.pdf,compendium,
79115,Apollo 17,https://www.lpi.usra.edu/lunar/samples/atlas/detail/?mission=Apollo%2017&sample=79115,f394fc279218faeb95edcf9c87bc9ebe692ee727e603a48b2e7784ceff87ea28,2026-10-04T09:36:33.921084+00:00,downloaded,"Lunar Sample Compendium, 79135.pdf",https://www.lpi.usra.edu/lunar/samples/atlas/compendium/79135.pdf,compendium,
79115,Apollo 17,https://www.lpi.usra.edu/lunar/samples/atlas/detail/?mission=Apollo%2017&sample=79115,f394fc279218faeb95edcf9c87bc9ebe692ee727e603a48b2e7784ceff87ea28,2026-10-04T09:36:33.921084+00:00,downloaded,Lunar Sample Catalog 79115 Description,http://curator.jsc.nasa.gov/lunar/catalogs/apollo17/v3/79115.pdf,catalog,
79120,Apollo 17,https://www.lpi.usra.edu/lunar/samples/atlas/detail/?mission=Apollo%2017&sample=79120,f79a41a8ddfe85e3c6f7dfda482be97274acaf20e64c1becbb082240c4fa2711,2026-10-04T09:36:34.616736+00:00,downloaded_no_pdf,,,,
79121,Apollo 17,https://www.lpi.usra.edu/lunar/samples/atlas/detail/?mission=Apollo%2017&sample=79121,657887543ebac7f490b3a98a855e448d80a9b5be918f2d0b881e4928c129e299,2026-10-04T09:36:35.288143+00:00,downloaded,"Lunar Sample Compendium, 79121.pdf",https://www.lpi.usra.edu/lunar/samples/atlas/compendium/79121.pdf,compendium,
79122,Apollo 17,https://www.lpi.usra.edu/lunar/samples/atlas/detail/?mission=Apollo%2017&sample=79122,a2170625963732bcc0cdf08cd8b01318130754315f729581009ade5efab99345,2026-10-04T09:36:35.945400+00:00,downloaded_no_pdf,,,,
79123,Apollo 17,https://www.lpi.usra.edu/lunar/samples/atlas/detail/?mission=Apollo%2017&sample=79123,ee84fe6273a863a7d95c619821b87b60a3fb877923ffd95ed4b0d1636bf09b7b,2026-10-04T09:36:36.593760+00:00,downloaded_no_pdf,,,,
79124,Apollo 17,https://www.lpi.usra.edu/lunar/samples/atlas/detail/?mission=Apollo%2017&sample=79124,be00887bb8cba34f6c1bb38b2f3c6749d9891570c14068b3a9dea0c6e1dd8f7a,2026-10-04T09:36:37.240795+00:00,downloaded_no_pdf,,,,
79125,Apollo 17,https://www.lpi.usra.edu/lunar/samples/atlas/detail/?mission=Apollo%2017&sample=79125,29b9a2995a073b97e0d722e5d817ea2fc4614fd5be5f2d00edbf364e4df36869,2026-10-04T09:36:38.025452+00:00,downloaded,Lunar Sample Catalog 79125 Description,http://curator.jsc.nasa.gov/lunar/catalogs/apollo17/v3/79125.pdf,catalog,
79130,Apollo 17,https://www.lpi.usra.edu/lunar/samples/atlas/detail/?mission=Apollo%2017&sample=79130,e7f113ddb045d40e1f9cb9e9ad56555576e1459881fd892b04360e3786d79769,2026-10-04T09:36:38.804589+00:00,downloaded,"Lunar Sample Compendium, 79170.pdf",https://www.lpi.usra.edu/lunar/samples/atlas/compendium/79170.pdf,compendium,
79135,Apollo 17,https://www.lpi.usra.edu/lunar/samples/atlas/detail/?mission=Apollo%2017&sample=79135,136ac654dd153c0b5f8566f3fa8c9263e89ccd65a81f9a8fc86ecb6fe33d014d,2026-10-04T09:36:39.467306+00:00,downloaded,"Lunar Sample Compendium, 79135.pdf",https://www.lpi.usra.edu/lunar/samples/atlas/compendium/79135.pdf,compendium,
79135,Apollo 17,https://www.lpi.usra.edu/lunar/samples/atlas/detail/?mission=Apollo%2017&sample=79135,136ac654dd153c0b5f8566f3fa8c9263e89ccd65a81f9a8fc86ecb6fe33d014d,2026-10-04T09:36:39.467306+00:00,downloaded,Lunar Sample Catalog 79135 Description,http://curator.jsc.nasa.gov/lunar/catalogs/apollo17/v3/79135.pdf,catalog,
79155,Apollo 17,https://www.lpi.usra.edu/lunar/samples/atlas/detail/?mission=Apollo%2017&sample=79155,ba5cb48c8889e7d11148ab639cecb348f5fb8fe5b5e9824d6d2470047da2331a,2026-10-04T09:36:40.303953+00:00,downloaded,"Lunar Sample Compendium, 79155.pdf",https://www.lpi.usra.edu/lunar/samples/atlas/compendium/79155.pdf,compendium,
79155,Apollo 17,https://www.lpi.usra.edu/lunar/samples/atlas/detail/?mission=Apollo%2017&sample=79155,ba5cb48c8889e7d11148ab639cecb348f5fb8fe5b5e9824d6d2470047da2331a,2026-10-04T09:36:40.303953+00:00,downloaded,Lunar Sample Catalog 79155 Description,http://curator.jsc.nasa.gov/lunar/catalogs/apollo17/v3/79155.pdf,catalog,
79170,Apollo 17,https://www.lpi.usra.edu/lunar/samples/atlas/detail/?mission=Apollo%2017&sample=79170,225830d01cd1acf588549c7a07c6673c271c4bb9572a835bdab0c2d42da1d898,2026-10-04T09:36:41.120843+00:00,downloaded,"Lunar Sample Compendium, 79170.pdf",https://www.lpi.usra.edu/lunar/samples/atlas/compendium/79170.pdf,compendium,
79175,Apollo 17,https://www.lpi.usra.edu/lunar/samples/atlas/detail/?mission=Apollo%2017&sample=79175,5a46bb5c1e8f529f808973a1382cbd6a93019a6d61e226ca06268ebc9ec80985,2026-10-04T09:36:41.787346+00:00,downloaded,"Lunar Sample Compendium, 79175.pdf",https://www.lpi.usra.edu/lunar/samples/atlas/compendium/79175.pdf,compendium,
79175,Apollo 17,https://www.lpi.usra.edu/lunar/samples/atlas/detail/?mission=Apollo%2017&sample=79175,5a46bb5c1e8f529f808973a1382cbd6a93019a6d61e226ca06268ebc9ec80985,2026-10-04T09:36:41.787346+00:00,downloaded,Lunar Sample Catalog 79175 Description,http://curator.jsc.nasa.gov/lunar/catalogs/apollo17/v3/79175.pdf,catalog,
79190,Apollo 17,https://www.lpi.usra.edu/lunar/samples/atlas/detail/?mission=Apollo%2017&sample=79190,2cf9a912b049b664cdc0bf94bd6a0c324e57fed1275b4de3300cabd7f2d6aee1,2026-10-04T09:36:42.484615+00:00,downloaded,"Lunar Sample Compendium, 79170.pdf",https://www.lpi.usra.edu/lunar/samples/atlas/compendium/79170.pdf,compendium,
79195,Apollo 17,https://www.lpi.usra.edu/lunar/samples/atlas/detail/?mission=Apollo%2017&sample=79195,1d4717ad9a60b9ae67ea568f23058c1202eb2c5146e5882e129dd179a0fe6454,2026-10-04T09:36:43.139503+00:00,downloaded,"Lunar Sample Compendium, 79195.pdf",https://www.lpi.usra.edu/lunar/samples/atlas/compendium/79195.pdf,compendium,
79195,Apollo 17,https://www.lpi.usra.edu/lunar/samples/atlas/detail/?mission=Apollo%2017&sample=79195,1d4717ad9a60b9ae67ea568f23058c1202eb2c5146e5882e129dd179a0fe6454,2026-10-04T09:36:43.139503+00:00,downloaded,Lunar Sample Catalog 79195 Description,http://curator.jsc.nasa.gov/lunar/catalogs/apollo17/v3/79195.pdf,catalog,
79215,Apollo 17,https://www.lpi.usra.edu/lunar/samples/atlas/detail/?mission=Apollo%2017&sample=79215,479c8f133340721519b9cc4deb71d1a719a20427816c3d86ff4202d7f7dad147,2026-10-04T09:36:43.831543+00:00,downloaded,"Lunar Sample Compendium, 79215.pdf",https://www.lpi.usra.edu/lunar/samples/atlas/compendium/79215.pdf,compendium,
79220,Apollo 17,https://www.lpi.usra.edu/lunar/samples/atlas/detail/?mission=Apollo%2017&sample=79220,67b8e46d8bc9c0ba9c3ae14a4038425aa5ec8bbaa4e46743b4160453e5d03ca0,2026-10-04T09:36:44.516549+00:00,downloaded_no_pdf,,,,
79221,Apollo 17,https://www.lpi.usra.edu/lunar/samples/atlas/detail/?mission=Apollo%2017&sample=79221,48b0528d5efda36c5b23699b4d92146bb8111f7ba809998870ef59789084c688,2026-10-04T09:36:45.167384+00:00,downloaded,"Lunar Sample Compendium, 79221.pdf",https://www.lpi.usra.edu/lunar/samples/atlas/compendium/79221.pdf,compendium,
79222,Apollo 17,https://www.lpi.usra.edu/lunar/samples/atlas/detail/?mission=Apollo%2017&sample=79222,26f3a15f6fad636c949489bbe1ae3a3ddc048ee20f601d341d540c9853b913b5,2026-10-04T09:36:45.969441+00:00,downloaded_no_pdf,,,,
79223,Apollo 17,https://www.lpi.usra.edu/lunar/samples/atlas/detail/?mission=Apollo%2017&sample=79223,d8534ac506a985830e5f982df9d1486f108a701d5ca56c5c520d361dbc33f5b6,2026-10-04T09:36:46.630543+00:00,downloaded_no_pdf,,,,
79224,Apollo 17,https://www.lpi.usra.edu/lunar/samples/atlas/detail/?mission=Apollo%2017&sample=79224,d468ecef509e2b5541c7b00014de5bcd67a752006de3312685711a4d8b97f433,2026-10-04T09:36:47.280610+00:00,downloaded_no_pdf,,,,
79225,Apollo 17,https://www.lpi.usra.edu/lunar/samples/atlas/detail/?mission=Apollo%2017&sample=79225,022eb2b51fe71a972b44f757063df1cb1a3804fb48bcec1b2fdfeeb9ec5e5159,2026-10-04T09:36:47.931707+00:00,downloaded,Lunar Sample Catalog 79225 Description,http://curator.jsc.nasa.gov/lunar/catalogs/apollo17/v3/79225.pdf,catalog,
79226,Apollo 17,https://www.lpi.usra.edu/lunar/samples/atlas/detail/?mission=Apollo%2017&sample=79226,6ecfd7b1e43b5288a7c6968aeca835438caa474c4a86231d97792945b2d3d5ad,2026-10-04T09:36:48.605960+00:00,downloaded,Lunar Sample Catalog 79226 Description,http://curator.jsc.nasa.gov/lunar/catalogs/apollo17/v3/79226.pdf,catalog,
79227,Apollo 17,https://www.lpi.usra.edu/lunar/samples/atlas/detail/?mission=Apollo%2017&sample=79227,0df524328fd92365b9fed7c72be42848fe0812a518d2a340439eff624d40d2da,2026-10-04T09:36:49.424813+00:00,downloaded,Lunar Sample Catalog 79227 Description,http://curator.jsc.nasa.gov/lunar/catalogs/apollo17/v3/79227_79228.pdf,catalog,
79228,Apollo 17,https://www.lpi.usra.edu/lunar/samples/atlas/detail/?mission=Apollo%2017&sample=79228,66b8b12170e066c5ff749521761b1cf4b8c47f7d0d4410abce1496681dfef395,2026-10-04T09:36:50.077258+00:00,downloaded,Lunar Sample Catalog 79228 Description,http://curator.jsc.nasa.gov/lunar/catalogs/apollo17/v3/79227_79228.pdf,catalog,
79240,Apollo 17,https://www.lpi.usra.edu/lunar/samples/atlas/detail/?mission=Apollo%2017&sample=79240,a218491e6dc8f0c0bc3bd04feac4fbb3a1537ac3fc7fe8c4708bbdfd291ea857,2026-10-04T09:36:50.743877+00:00,downloaded_no_pdf,,,,
79241,Apollo 17,https://www.lpi.usra.edu/lunar/samples/atlas/detail/?mission=Apollo%2017&sample=79241,1e530bfa4608f89cf3a6428df1f7b124e4fab2e5d6212ccbbfb08c94fec7bc1e,2026-10-04T09:36:51.387323+00:00,downloaded,"Lunar Sample Compendium, 79221.pdf",https://www.lpi.usra.edu/lunar/samples/atlas/compendium/79221.pdf,compendium,
79242,Apollo 17,https://www.lpi.usra.edu/lunar/samples/atlas/detail/?mission=Apollo%2017&sample=79242,a13f3430684b7a47897efa61b5d2c1f8a0ddc46832c02e90021d1336505d20fd,2026-10-04T09:36:52.039711+00:00,downloaded_no_pdf,,,,
79243,Apollo 17,https://www.lpi.usra.edu/lunar/samples/atlas/detail/?mission=Apollo%2017&sample=79243,6b0081e6ab6e43437a91025aa8fc7f0717b21c99a99ba1ff857e8b43fd166f6e,2026-10-04T09:36:52.827122+00:00,downloaded_no_pdf,,,,
79244,Apollo 17,https://www.lpi.usra.edu/lunar/samples/atlas/detail/?mission=Apollo%2017&sample=79244,f9ba15040b787c5a99269e5ccd43c453812f15e0dbe72fe023d94cc65ca62ea7,2026-10-04T09:36:53.475844+00:00,downloaded_no_pdf,,,,
79245,Apollo 17,https://www.lpi.usra.edu/lunar/samples/atlas/detail/?mission=Apollo%2017&sample=79245,e97669826f7a0cb54671a5dde5a94c29e4acbe15356b71ea67aa4b280c4944cc,2026-10-04T09:36:54.155855+00:00,downloaded,Lunar Sample Catalog 79245 Description,http://curator.jsc.nasa.gov/lunar/catalogs/apollo17/v3/79245.pdf,catalog,
79260,Apollo 17,https://www.lpi.usra.edu/lunar/samples/atlas/detail/?mission=Apollo%2017&sample=79260,44bdbf7a635d94bf781ac946b86fb0edcc237e2fa51fe990f3bbf841fa5b4e05,2026-10-04T09:36:54.985361+00:00,downloaded_no_pdf,,,,
79261,Apollo 17,https://www.lpi.usra.edu/lunar/samples/atlas/detail/?mission=Apollo%2017&sample=79261,a0f9f73dc681be116f67862181f31d62a921ce9173e0da93f53c847a279f7a19,2026-10-04T09:36:55.630904+00:00,downloaded,"Lunar Sample Compendium, 79221.pdf",https://www.lpi.usra.edu/lunar/samples/atlas/compendium/79221.pdf,compendium,
79262,Apollo 17,https://www.lpi.usra.edu/lunar/samples/atlas/detail/?mission=Apollo%2017&sample=79262,429e4e16ad6cc6c904c881400edaa3e4ef16444f0e5f2ba6371a87f6c2e42f9a,2026-10-04T09:36:56.276045+00:00,downloaded_no_pdf,,,,
79263,Apollo 17,https://www.lpi.usra.edu/lunar/samples/atlas/detail/?mission=Apollo%2017&sample=79263,4bfaff292f3365258bfd86e35ffcdf0094e2301f585a6a536cf26e9c85af5f2f,2026-10-04T09:36:56.928246+00:00,downloaded_no_pdf,,,,
79264,Apollo 17,https://www.lpi.usra.edu/lunar/samples/atlas/detail/?mission=Apollo%2017&sample=79264,43f3e1a6e7d2440ea1ca99b404dc2194149980ffc29a7bdd44e503f4edc34d79,2026-10-04T09:36:57.588445+00:00,downloaded_no_pdf,,,,
79265,Apollo 17,https://www.lpi.usra.edu/lunar/samples/atlas/detail/?mission=Apollo%2017&sample=79265,2fadc6088e7c56eaa21060da86c7426c0d4a16adbeaa46b71e99a83e0feefd43,2026-10-04T09:36:58.232415+00:00,downloaded,Lunar Sample Catalog 79265 Description,http://curator.jsc.nasa.gov/lunar/catalogs/apollo17/v3/79265.pdf,catalog,
79510,Apollo 17,https://www.lpi.usra.edu/lunar/samples/atlas/detail/?mission=Apollo%2017&sample=79510,f857366a09a742b320cfd5bc64f5fe3638e9d41e1283483a4ff2d408dfe398db,2026-10-04T09:36:59.021500+00:00,downloaded_no_pdf,,,,
79511,Apollo 17,https://www.lpi.usra.edu/lunar/samples/atlas/detail/?mission=Apollo%2017&sample=79511,29117ed253688c3275220519bf37b4c09583642aabf4e570f1ca8c933a027e67,2026-10-04T09:36:59.697759+00:00,downloaded_no_pdf,,,,
79512,Apollo 17,https://www.lpi.usra.edu/lunar/samples/atlas/detail/?mission=Apollo%2017&sample=79512,1511b1c880ae8646b47875d944c02d80b791c774f3ceb963f1ae5a3ff75f4ff6,2026-10-04T09:37:00.484237+00:00,downloaded_no_pdf,,,,
79513,Apollo 17,https://www.lpi.usra.edu/lunar/samples/atlas/detail/?mission=Apollo%2017&sample=79513,6bbe0bcbea19146e2bcb29c475ab4064b1930c1f16176eade4775eb110e2cb01,2026-10-04T09:37:01.135699+00:00,downloaded_no_pdf,,,,
79514,Apollo 17,https://www.lpi.usra.edu/lunar/samples/atlas/detail/?mission=Apollo%2017&sample=79514,055ec4dd451ab0ea0285b6101c477ec00780008605363799727e8aa2298db984,2026-10-04T09:37:01.792385+00:00,downloaded_no_pdf,,,,
79515,Apollo 17,https://www.lpi.usra.edu/lunar/samples/atlas/detail/?mission=Apollo%2017&sample=79515,ae65efe6fdb5f6321ccaf05bac9bfb0a55207f9e87666d4e0ae74fd7f8312806,2026-10-04T09:37:02.465742+00:00,downloaded,"Lunar Sample Compendium, 79515.pdf",https://www.lpi.usra.edu/lunar/samples/atlas/compendium/79515.pdf,compendium,
79515,Apollo 17,https://www.lpi.usra.edu/lunar/samples/atlas/detail/?mission=Apollo%2017&sample=79515,ae65efe6fdb5f6321ccaf05bac9bfb0a55207f9e87666d4e0ae74fd7f8312806,2026-10-04T09:37:02.465742+00:00,downloaded,Lunar Sample Catalog 79515 Description,http://curator.jsc.nasa.gov/lunar/catalogs/apollo17/v3/79515.pdf,catalog,
79516,Apollo 17,https://www.lpi.usra.edu/lunar/samples/atlas/detail/?mission=Apollo%2017&sample=79516,9977369b67a0ab7f7679e6a647ed33b00cc56ffb9ffad3a5fbc8dfa7a8407e68,2026-10-04T09:37:03.180615+00:00,downloaded,"Lunar Sample Compendium, 79516.pdf",https://www.lpi.usra.edu/lunar/samples/atlas/compendium/79516.pdf,compendium,
79516,Apollo 17,https://www.lpi.usra.edu/lunar/samples/atlas/detail/?mission=Apollo%2017&sample=79516,9977369b67a0ab7f7679e6a647ed33b00cc56ffb9ffad3a5fbc8dfa7a8407e68,2026-10-04T09:37:03.180615+00:00,downloaded,Lunar Sample Catalog 79516 Description,http://curator.jsc.nasa.gov/lunar/catalogs/apollo17/v3/79516.pdf,catalog,
79517,Apollo 17,https://www.lpi.usra.edu/lunar/samples/atlas/detail/?mission=Apollo%2017&sample=79517,d5a69512331c35b9684e31c730aea4306c7ca1fbab1778fe33fb227d7dffb205,2026-10-04T09:37:03.870350+00:00,downloaded,Lunar Sample Catalog 79517 Description,http://curator.jsc.nasa.gov/lunar/catalogs/apollo17/v3/79517.pdf,catalog,
79518,Apollo 17,https://www.lpi.usra.edu/lunar/samples/atlas/detail/?mission=Apollo%2017&sample=79518,bf00bae5d5c50eb3ce0c6e97d63a6f29190d5a727bbd93598d1f0592972c6d3e,2026-10-04T09:37:04.481888+00:00,downloaded,Lunar Sample Catalog 79518 Description,http://curator.jsc.nasa.gov/lunar/catalogs/apollo17/v3/79518.pdf,catalog,
79519,Apollo 17,https://www.lpi.usra.edu/lunar/samples/atlas/detail/?mission=Apollo%2017&sample=79519,e413a37f0df62bd7ac75fb10559a10136334bf3e687245c5932dec7a15653c4a,2026-10-04T09:37:05.165002+00:00,downloaded,Lunar Sample Catalog 79519 Description,http://curator.jsc.nasa.gov/lunar/catalogs/apollo17/v3/79519.pdf,catalog,
79520,Apollo 17,https://www.lpi.usra.edu/lunar/samples/atlas/detail/?mission=Apollo%2017&sample=79520,8cf3ce79f30dc172858c09d78f3af48b2a405c1952607123ab3000461907d943,2026-10-04T09:37:05.846328+00:00,downloaded_no_pdf,,,,
79521,Apollo 17,https://www.lpi.usra.edu/lunar/samples/atlas/detail/?mission=Apollo%2017&sample=79521,aa65bccdb6d0b3462e3efaec94c028c670d84b52117452e436dbd2eda1ec2bf6,2026-10-04T09:37:06.639958+00:00,downloaded_no_pdf,,,,
79522,Apollo 17,https://www.lpi.usra.edu/lunar/samples/atlas/detail/?mission=Apollo%2017&sample=79522,12396f5de52462236d1e68c9259e63f7865c99944bf06dd487cffc89fec9ef60,2026-10-04T09:37:07.298556+00:00,downloaded_no_pdf,,,,
79523,Apollo 17,https://www.lpi.usra.edu/lunar/samples/atlas/detail/?mission=Apollo%2017&sample=79523,b39d062cfd1a4349ea6326c8049116f09a52b0ffc08b40f4d30d2df1f62150be,2026-10-04T09:37:08.115832+00:00,downloaded_no_pdf,,,,
79524,Apollo 17,https://www.lpi.usra.edu/lunar/samples/atlas/detail/?mission=Apollo%2017&sample=79524,ca538fb63287bafd87c620e4b2e776170a8dd34ce00dab63a8fb18aab2f3b86e,2026-10-04T09:37:08.898057+00:00,downloaded_no_pdf,,,,
79525,Apollo 17,https://www.lpi.usra.edu/lunar/samples/atlas/detail/?mission=Apollo%2017&sample=79525,c1ccd9ce5b2b98e0ca2029c3078e22d3254e39b517246256b6f84203e70e59ca,2026-10-04T09:37:09.691252+00:00,downloaded,Lunar Sample Catalog 79525 Description,http://curator.jsc.nasa.gov/lunar/catalogs/apollo17/v3/79525.pdf,catalog,
79526,Apollo 17,https://www.lpi.usra.edu/lunar/samples/atlas/detail/?mission=Apollo%2017&sample=79526,55e3c93a7054c58d31c3c11d5be2feb020f5aba25188f59146e917c3191d0c24,2026-10-04T09:37:10.370923+00:00,downloaded,Lunar Sample Catalog 79526 Description,http://curator.jsc.nasa.gov/lunar/catalogs/apollo17/v3/79526.pdf,catalog,
79527,Apollo 17,https://www.lpi.usra.edu/lunar/samples/atlas/detail/?mission=Apollo%2017&sample=79527,898f2ec7e325967b1116154d56a125b0ab7df2943436e37381a98858a9016fb9,2026-10-04T09:37:11.023329+00:00,downloaded,Lunar Sample Catalog 79527 Description,http://curator.jsc.nasa.gov/lunar/catalogs/apollo17/v3/79527.pdf,catalog,
79528,Apollo 17,https://www.lpi.usra.edu/lunar/samples/atlas/detail/?mission=Apollo%2017&sample=79528,0fb2f2c99ebdaf106040c6e22aa2071e579fa8ca1fd9f8ef5bb26b9f6f9db3f1,2026-10-04T09:37:11.689435+00:00,downloaded,Lunar Sample Catalog 79528 Description,http://curator.jsc.nasa.gov/lunar/catalogs/apollo17/v3/79528.pdf,catalog,
79529,Apollo 17,https://www.lpi.usra.edu/lunar/samples/atlas/detail/?mission=Apollo%2017&sample=79529,56d0e2ad8bcd548fd1cb775b9d579f0e11421f1c4c3b7b0ce36130c1721b56b8,2026-10-04T09:37:12.479599+00:00,downloaded,Lunar Sample Catalog 79529 Description,http://curator.jsc.nasa.gov/lunar/catalogs/apollo17/v3/79529.pdf,catalog,
79530,Apollo 17,https://www.lpi.usra.edu/lunar/samples/atlas/detail/?mission=Apollo%2017&sample=79530,03871fc0ccccb17aa58bee3b9ae21f29124758c3ec88d186baaad1bd172ad589,2026-10-04T09:37:13.134400+00:00,downloaded_no_pdf,,,,
79531,Apollo 17,https://www.lpi.usra.edu/lunar/samples/atlas/detail/?mission=Apollo%2017&sample=79531,1e2a2b62a8157980f6779971230f77406e49a4aeb41b0b312f282878d9000599,2026-10-04T09:37:13.780299+00:00,downloaded_no_pdf,,,,
79532,Apollo 17,https://www.lpi.usra.edu/lunar/samples/atlas/detail/?mission=Apollo%2017&sample=79532,5d1e0fb2a7ea6db92115303f5e04f8e7c0c25750e0f2affa74b16393acc8878a,2026-10-04T09:37:14.584289+00:00,downloaded_no_pdf,,,,
79533,Apollo 17,https://www.lpi.usra.edu/lunar/samples/atlas/detail/?mission=Apollo%2017&sample=79533,ec01143eefcdc9c3888df9922c8e0ef19a321e3158e8726839623882a69e3221,2026-10-04T09:37:15.364420+00:00,downloaded_no_pdf,,,,
79534,Apollo 17,https://www.lpi.usra.edu/lunar/samples/atlas/detail/?mission=Apollo%2017&sample=79534,5c3fc348802a7da93716bbdde2df7e20566080869e73d5c1aec71fc3341e6efe,2026-10-04T09:37:16.154483+00:00,downloaded_no_pdf,,,,
79535,Apollo 17,https://www.lpi.usra.edu/lunar/samples/atlas/detail/?mission=Apollo%2017&sample=79535,4fc6d67c1139a5f49d2bb944f2658609f634fc1f236f07f036541f060b1a94d5,2026-10-04T09:37:16.924195+00:00,downloaded,Lunar Sample Catalog 79535 Description,http://curator.jsc.nasa.gov/lunar/catalogs/apollo17/v3/79535.pdf,catalog,
79536,Apollo 17,https://www.lpi.usra.edu/lunar/samples/atlas/detail/?mission=Apollo%2017&sample=79536,a859cd9124b86363c070c33e7fba96e0d4571cf0261bddf80239c60797184471,2026-10-04T09:37:17.574870+00:00,downloaded,Lunar Sample Catalog 79536 Description,http://curator.jsc.nasa.gov/lunar/catalogs/apollo17/v3/79536.pdf,catalog,
79537,Apollo 17,https://www.lpi.usra.edu/lunar/samples/atlas/detail/?mission=Apollo%2017&sample=79537,d16e103e03ba7fc5e169e357e8e7da1675d6ee6f33023a3b3481924dff5828eb,2026-10-04T09:37:18.348920+00:00,downloaded,Lunar Sample Catalog 79537 Description,http://curator.jsc.nasa.gov/lunar/catalogs/apollo17/v3/79537.pdf,catalog,
